timestamp,open,low,high,close,volume
2021-11-01 09:00:00,745,740,745,740,0
2021-11-01 09:01:00,745,740,745,740,0
2021-11-01 09:02:00,740,740,745,745,18800
2021-11-01 09:03:00,745,735,745,735,26100
2021-11-01 09:04:00,745,735,745,735,0
2021-11-01 09:05:00,735,735,735,735,23500
2021-11-01 09:06:00,735,735,735,735,1600
2021-11-01 09:07:00,735,735,735,735,0
2021-11-01 09:08:00,735,735,735,735,3100
2021-11-01 09:09:00,735,735,735,735,700
2021-11-01 09:10:00,735,735,735,735,0
2021-11-01 09:11:00,735,735,735,735,0
2021-11-01 09:12:00,735,735,735,735,0
2021-11-01 09:13:00,735,735,735,735,200
2021-11-01 09:14:00,735,735,735,735,0
2021-11-01 09:15:00,735,735,735,735,18400
2021-11-01 09:16:00,740,735,740,740,7900
2021-11-01 09:17:00,740,735,740,740,0
2021-11-01 09:18:00,735,730,735,730,42000
2021-11-01 09:19:00,735,735,735,735,7500
2021-11-01 09:20:00,735,735,735,735,0
2021-11-01 09:21:00,735,735,735,735,1500
2021-11-01 09:22:00,735,735,735,735,271200
2021-11-01 09:23:00,735,735,735,735,170600
2021-11-01 09:24:00,735,735,735,735,0
2021-11-01 09:25:00,735,735,735,735,0
2021-11-01 09:26:00,740,740,740,740,104100
2021-11-01 09:27:00,740,740,745,740,202400
2021-11-01 09:28:00,740,740,745,740,0
2021-11-01 09:29:00,740,740,745,740,0
2021-11-01 09:30:00,740,740,740,740,7000
2021-11-01 09:31:00,740,740,740,740,100
2021-11-01 09:32:00,740,740,740,740,0
2021-11-01 09:33:00,740,740,740,740,0
2021-11-01 09:34:00,740,740,740,740,0
2021-11-01 09:35:00,740,740,740,740,0
2021-11-01 09:36:00,740,740,740,740,0
2021-11-01 09:37:00,740,740,740,740,500
2021-11-01 09:38:00,740,740,740,740,0
2021-11-01 09:39:00,740,740,740,740,0
2021-11-01 09:40:00,740,740,740,740,0
2021-11-01 09:41:00,740,740,740,740,0
2021-11-01 09:42:00,740,740,740,740,10200
2021-11-01 09:43:00,740,740,740,740,0
2021-11-01 09:44:00,740,740,740,740,0
2021-11-01 09:45:00,740,740,740,740,0
2021-11-01 09:46:00,740,740,740,740,3400
2021-11-01 09:47:00,740,740,740,740,0
2021-11-01 09:48:00,740,740,740,740,0
2021-11-01 09:49:00,740,740,740,740,16500
2021-11-01 09:50:00,740,740,740,740,0
2021-11-01 09:51:00,740,740,740,740,0
2021-11-01 09:52:00,740,740,740,740,0
2021-11-01 09:53:00,740,740,740,740,21500
2021-11-01 09:54:00,740,740,740,740,0
2021-11-01 09:55:00,740,740,740,740,0
2021-11-01 09:56:00,740,740,740,740,0
2021-11-01 09:57:00,740,740,740,740,0
2021-11-01 09:58:00,740,740,740,740,1000
2021-11-01 09:59:00,740,740,740,740,0
2021-11-01 10:00:00,740,740,740,740,12300
2021-11-01 10:01:00,740,740,740,740,0
2021-11-01 10:02:00,740,740,740,740,0
2021-11-01 10:03:00,740,740,740,740,0
2021-11-01 10:04:00,740,740,740,740,500
2021-11-01 10:05:00,740,740,740,740,0
2021-11-01 10:06:00,740,740,740,740,300
2021-11-01 10:07:00,740,740,740,740,0
2021-11-01 10:08:00,740,740,740,740,100
2021-11-01 10:09:00,740,740,740,740,0
2021-11-01 10:10:00,740,740,740,740,0
2021-11-01 10:11:00,740,740,740,740,0
2021-11-01 10:12:00,735,735,735,735,700
2021-11-01 10:13:00,735,735,735,735,0
2021-11-01 10:14:00,735,735,735,735,11900
2021-11-01 10:15:00,735,735,735,735,1000
2021-11-01 10:16:00,735,735,735,735,0
2021-11-01 10:17:00,735,735,735,735,15000
2021-11-01 10:18:00,735,735,735,735,15800
2021-11-01 10:19:00,735,735,735,735,0
2021-11-01 10:20:00,740,740,740,740,100
2021-11-01 10:21:00,740,740,740,740,0
2021-11-01 10:22:00,740,740,740,740,0
2021-11-01 10:23:00,740,740,740,740,0
2021-11-01 10:24:00,730,730,730,730,84000
2021-11-01 10:25:00,740,740,740,740,1000
2021-11-01 10:26:00,740,740,740,740,0
2021-11-01 10:27:00,740,740,740,740,0
2021-11-01 10:28:00,740,740,740,740,0
2021-11-01 10:29:00,740,740,740,740,0
2021-11-01 10:30:00,740,740,740,740,0
2021-11-01 10:31:00,740,740,740,740,0
2021-11-01 10:32:00,740,740,740,740,0
2021-11-01 10:33:00,740,740,740,740,0
2021-11-01 10:34:00,740,740,740,740,0
2021-11-01 10:35:00,740,740,740,740,0
2021-11-01 10:36:00,740,740,740,740,0
2021-11-01 10:37:00,740,740,740,740,0
2021-11-01 10:38:00,740,740,740,740,0
2021-11-01 10:39:00,740,740,740,740,0
2021-11-01 10:40:00,740,740,740,740,0
2021-11-01 10:41:00,740,740,740,740,0
2021-11-01 10:42:00,740,740,740,740,0
2021-11-01 10:43:00,740,740,740,740,0
2021-11-01 10:44:00,740,740,740,740,0
2021-11-01 10:45:00,740,740,740,740,0
2021-11-01 10:46:00,740,740,740,740,0
2021-11-01 10:47:00,740,740,740,740,0
2021-11-01 10:48:00,740,740,740,740,0
2021-11-01 10:49:00,740,740,740,740,0
2021-11-01 10:50:00,740,740,740,740,0
2021-11-01 10:51:00,740,740,740,740,0
2021-11-01 10:52:00,740,740,740,740,0
2021-11-01 10:53:00,740,740,740,740,0
2021-11-01 10:54:00,740,740,740,740,0
2021-11-01 10:55:00,740,740,740,740,0
2021-11-01 10:56:00,740,740,740,740,0
2021-11-01 10:57:00,740,740,740,740,100
2021-11-01 10:58:00,740,740,740,740,0
2021-11-01 10:59:00,740,740,740,740,0
2021-11-01 11:00:00,740,740,740,740,0
2021-11-01 11:01:00,740,740,740,740,0
2021-11-01 11:02:00,740,740,740,740,0
2021-11-01 11:03:00,740,740,740,740,0
2021-11-01 11:04:00,740,740,740,740,0
2021-11-01 11:05:00,740,740,740,740,0
2021-11-01 11:06:00,740,740,740,740,0
2021-11-01 11:07:00,740,740,740,740,0
2021-11-01 11:08:00,740,740,740,740,0
2021-11-01 11:09:00,740,740,740,740,8200
2021-11-01 11:10:00,740,740,740,740,0
2021-11-01 11:11:00,740,740,740,740,0
2021-11-01 11:12:00,740,740,740,740,0
2021-11-01 11:13:00,740,740,740,740,0
2021-11-01 11:14:00,740,740,740,740,0
2021-11-01 11:15:00,740,740,740,740,0
2021-11-01 11:16:00,740,740,740,740,0
2021-11-01 11:17:00,740,740,740,740,0
2021-11-01 11:18:00,740,740,740,740,0
2021-11-01 11:19:00,740,740,740,740,0
2021-11-01 11:20:00,740,740,740,740,0
2021-11-01 11:21:00,740,740,740,740,0
2021-11-01 11:22:00,740,740,740,740,0
2021-11-01 11:23:00,740,740,740,740,0
2021-11-01 11:24:00,740,740,740,740,0
2021-11-01 11:25:00,740,740,740,740,0
2021-11-01 11:26:00,740,740,740,740,0
2021-11-01 11:27:00,740,740,740,740,1000
2021-11-01 11:28:00,740,740,740,740,0
2021-11-01 11:29:00,740,740,740,740,0
2021-11-01 11:30:00,740,740,740,740,0
2021-11-01 11:31:00,740,740,740,740,0
2021-11-01 11:32:00,740,740,740,740,0
2021-11-01 11:33:00,740,740,740,740,0
2021-11-01 11:34:00,740,740,740,740,0
2021-11-01 11:35:00,740,740,740,740,0
2021-11-01 11:36:00,740,740,740,740,0
2021-11-01 11:37:00,740,740,740,740,0
2021-11-01 11:38:00,740,740,740,740,0
2021-11-01 11:39:00,740,740,740,740,0
2021-11-01 11:40:00,740,740,740,740,0
2021-11-01 11:41:00,740,740,740,740,0
2021-11-01 11:42:00,740,740,740,740,0
2021-11-01 11:43:00,740,740,740,740,0
2021-11-01 11:44:00,740,740,740,740,0
2021-11-01 11:45:00,740,740,740,740,0
2021-11-01 11:46:00,740,740,740,740,0
2021-11-01 11:47:00,740,740,740,740,0
2021-11-01 11:48:00,740,740,740,740,0
2021-11-01 11:49:00,740,740,740,740,0
2021-11-01 11:50:00,740,740,740,740,0
2021-11-01 11:51:00,740,740,740,740,0
2021-11-01 11:52:00,740,740,740,740,0
2021-11-01 11:53:00,740,740,740,740,0
2021-11-01 11:54:00,740,740,740,740,0
2021-11-01 11:55:00,740,740,740,740,0
2021-11-01 11:56:00,740,740,740,740,0
2021-11-01 11:57:00,740,740,740,740,0
2021-11-01 11:58:00,740,740,740,740,0
2021-11-01 11:59:00,740,740,740,740,0
2021-11-01 12:00:00,740,740,740,740,0
2021-11-01 12:01:00,740,740,740,740,0
2021-11-01 12:02:00,740,740,740,740,0
2021-11-01 12:03:00,740,740,740,740,0
2021-11-01 12:04:00,740,740,740,740,0
2021-11-01 12:05:00,740,740,740,740,0
2021-11-01 12:06:00,740,740,740,740,0
2021-11-01 12:07:00,740,740,740,740,0
2021-11-01 12:08:00,740,740,740,740,0
2021-11-01 12:09:00,740,740,740,740,0
2021-11-01 12:10:00,740,740,740,740,0
2021-11-01 12:11:00,740,740,740,740,0
2021-11-01 12:12:00,740,740,740,740,0
2021-11-01 12:13:00,740,740,740,740,0
2021-11-01 12:14:00,740,740,740,740,0
2021-11-01 12:15:00,740,740,740,740,0
2021-11-01 12:16:00,740,740,740,740,0
2021-11-01 12:17:00,740,740,740,740,0
2021-11-01 12:18:00,740,740,740,740,0
2021-11-01 12:19:00,740,740,740,740,0
2021-11-01 12:20:00,740,740,740,740,0
2021-11-01 12:21:00,740,740,740,740,0
2021-11-01 12:22:00,740,740,740,740,0
2021-11-01 12:23:00,740,740,740,740,0
2021-11-01 12:24:00,740,740,740,740,0
2021-11-01 12:25:00,740,740,740,740,0
2021-11-01 12:26:00,740,740,740,740,0
2021-11-01 12:27:00,740,740,740,740,0
2021-11-01 12:28:00,740,740,740,740,0
2021-11-01 12:29:00,740,740,740,740,0
2021-11-01 12:30:00,740,740,740,740,0
2021-11-01 12:31:00,740,740,740,740,0
2021-11-01 12:32:00,740,740,740,740,0
2021-11-01 12:33:00,740,740,740,740,0
2021-11-01 12:34:00,740,740,740,740,0
2021-11-01 12:35:00,740,740,740,740,0
2021-11-01 12:36:00,740,740,740,740,0
2021-11-01 12:37:00,740,740,740,740,0
2021-11-01 12:38:00,740,740,740,740,0
2021-11-01 12:39:00,740,740,740,740,0
2021-11-01 12:40:00,740,740,740,740,0
2021-11-01 12:41:00,740,740,740,740,0
2021-11-01 12:42:00,740,740,740,740,0
2021-11-01 12:43:00,740,740,740,740,0
2021-11-01 12:44:00,740,740,740,740,0
2021-11-01 12:45:00,740,740,740,740,0
2021-11-01 12:46:00,740,740,740,740,0
2021-11-01 12:47:00,740,740,740,740,0
2021-11-01 12:48:00,740,740,740,740,0
2021-11-01 12:49:00,740,740,740,740,0
2021-11-01 12:50:00,740,740,740,740,0
2021-11-01 12:51:00,740,740,740,740,0
2021-11-01 12:52:00,740,740,740,740,0
2021-11-01 12:53:00,740,740,740,740,0
2021-11-01 12:54:00,740,740,740,740,0
2021-11-01 12:55:00,740,740,740,740,0
2021-11-01 12:56:00,740,740,740,740,0
2021-11-01 12:57:00,740,740,740,740,0
2021-11-01 12:58:00,740,740,740,740,0
2021-11-01 12:59:00,740,740,740,740,0
2021-11-01 13:00:00,740,740,740,740,0
2021-11-01 13:01:00,740,740,740,740,0
2021-11-01 13:02:00,740,740,740,740,0
2021-11-01 13:03:00,740,740,740,740,0
2021-11-01 13:04:00,740,740,740,740,0
2021-11-01 13:05:00,740,740,740,740,0
2021-11-01 13:06:00,740,740,740,740,0
2021-11-01 13:07:00,740,740,740,740,0
2021-11-01 13:08:00,740,740,740,740,0
2021-11-01 13:09:00,740,740,740,740,0
2021-11-01 13:10:00,740,740,740,740,0
2021-11-01 13:11:00,740,740,740,740,0
2021-11-01 13:12:00,740,740,740,740,0
2021-11-01 13:13:00,740,740,740,740,0
2021-11-01 13:14:00,740,740,740,740,0
2021-11-01 13:15:00,740,740,740,740,0
2021-11-01 13:16:00,740,740,740,740,0
2021-11-01 13:17:00,740,740,740,740,0
2021-11-01 13:18:00,740,740,740,740,0
2021-11-01 13:19:00,740,740,740,740,0
2021-11-01 13:20:00,740,740,740,740,0
2021-11-01 13:21:00,740,740,740,740,0
2021-11-01 13:22:00,740,740,740,740,0
2021-11-01 13:23:00,740,740,740,740,0
2021-11-01 13:24:00,740,740,740,740,0
2021-11-01 13:25:00,740,740,740,740,0
2021-11-01 13:26:00,740,740,740,740,0
2021-11-01 13:27:00,740,740,740,740,0
2021-11-01 13:28:00,740,740,740,740,0
2021-11-01 13:29:00,740,740,740,740,0
2021-11-01 13:30:00,740,740,740,740,0
2021-11-01 13:31:00,740,740,740,740,0
2021-11-01 13:32:00,740,740,740,740,0
2021-11-01 13:33:00,740,740,745,745,773100
2021-11-01 13:34:00,745,745,745,745,390700
2021-11-01 13:35:00,745,745,750,750,224600
2021-11-01 13:36:00,750,750,750,750,327900
2021-11-01 13:37:00,755,755,755,755,513400
2021-11-01 13:38:00,755,755,755,755,170000
2021-11-01 13:39:00,750,745,750,745,69100
2021-11-01 13:40:00,750,745,750,745,0
2021-11-01 13:41:00,750,745,750,745,0
2021-11-01 13:42:00,750,745,750,745,0
2021-11-01 13:43:00,750,750,750,750,400
2021-11-01 13:44:00,750,750,750,750,0
2021-11-01 13:45:00,745,745,745,745,300
2021-11-01 13:46:00,745,745,745,745,0
2021-11-01 13:47:00,745,745,745,745,6000
2021-11-01 13:48:00,745,745,745,745,0
2021-11-01 13:49:00,745,745,745,745,0
2021-11-01 13:50:00,745,745,745,745,0
2021-11-01 13:51:00,745,745,745,745,0
2021-11-01 13:52:00,745,745,745,745,0
2021-11-01 13:53:00,745,745,745,745,0
2021-11-01 13:54:00,745,745,745,745,0
2021-11-01 13:55:00,745,745,745,745,0
2021-11-01 13:56:00,745,745,745,745,0
2021-11-01 13:57:00,745,745,745,745,0
2021-11-01 13:58:00,745,745,745,745,0
2021-11-01 13:59:00,745,745,745,745,2000
2021-11-01 14:00:00,745,745,745,745,0
2021-11-01 14:01:00,745,745,745,745,0
2021-11-01 14:02:00,745,745,745,745,0
2021-11-01 14:03:00,750,750,750,750,400
2021-11-01 14:04:00,750,750,750,750,2000
2021-11-01 14:05:00,750,750,750,750,0
2021-11-01 14:06:00,750,750,750,750,0
2021-11-01 14:07:00,750,750,750,750,0
2021-11-01 14:08:00,750,750,750,750,3200
2021-11-01 14:09:00,750,750,750,750,4000
2021-11-01 14:10:00,750,750,750,750,500
2021-11-01 14:11:00,750,750,750,750,0
2021-11-01 14:12:00,750,750,750,750,0
2021-11-01 14:13:00,750,750,750,750,0
2021-11-01 14:14:00,750,750,750,750,0
2021-11-01 14:15:00,750,750,750,750,0
2021-11-01 14:16:00,750,750,750,750,30000
2021-11-01 14:17:00,750,750,750,750,23300
2021-11-01 14:18:00,750,750,750,750,0
2021-11-01 14:19:00,750,750,750,750,0
2021-11-01 14:20:00,750,750,750,750,0
2021-11-01 14:21:00,745,745,745,745,10000
2021-11-01 14:22:00,745,745,745,745,1400
2021-11-01 14:23:00,745,745,745,745,0
2021-11-01 14:24:00,745,745,745,745,0
2021-11-01 14:25:00,745,745,745,745,0
2021-11-01 14:26:00,745,745,745,745,0
2021-11-01 14:27:00,745,745,745,745,0
2021-11-01 14:28:00,745,745,745,745,0
2021-11-01 14:29:00,745,745,745,745,0
2021-11-01 14:30:00,745,745,745,745,0
2021-11-01 14:31:00,745,745,745,745,0
2021-11-01 14:32:00,745,745,745,745,0
2021-11-01 14:33:00,745,745,745,745,0
2021-11-01 14:34:00,745,745,745,745,0
2021-11-01 14:35:00,745,745,745,745,0
2021-11-01 14:36:00,745,745,745,745,3000
2021-11-01 14:37:00,745,745,745,745,0
2021-11-01 14:38:00,745,745,745,745,0
2021-11-01 14:39:00,745,745,745,745,0
2021-11-01 14:40:00,745,745,745,745,0
2021-11-01 14:41:00,745,745,745,745,0
2021-11-01 14:42:00,745,745,745,745,47600
2021-11-01 14:43:00,745,745,745,745,0
2021-11-01 14:44:00,745,745,745,745,0
2021-11-01 14:45:00,745,745,745,745,0
2021-11-01 14:46:00,745,745,745,745,0
2021-11-01 14:47:00,745,745,745,745,1000
2021-11-01 14:48:00,740,740,750,750,52900
2021-11-01 14:49:00,755,755,755,755,4100
2021-11-01 14:50:00,755,755,755,755,0
2021-11-01 14:51:00,755,755,755,755,0
2021-11-01 14:52:00,755,755,755,755,0
2021-11-01 14:53:00,755,755,755,755,0
2021-11-01 14:54:00,755,755,755,755,0
2021-11-01 14:55:00,755,755,755,755,0
2021-11-01 14:56:00,755,755,755,755,0
2021-11-01 14:57:00,755,755,755,755,0
2021-11-01 14:58:00,755,755,755,755,0
2021-11-01 14:59:00,755,755,755,755,0
2021-11-01 15:00:00,755,755,755,755,29500
2021-11-01 15:01:00,755,755,755,755,0
2021-11-01 15:02:00,755,755,755,755,0
2021-11-01 15:03:00,755,755,755,755,0
2021-11-01 15:04:00,755,755,755,755,0
2021-11-01 15:05:00,755,755,755,755,5000
2021-11-01 15:06:00,755,755,755,755,0
2021-11-01 15:07:00,755,755,755,755,0
2021-11-01 15:08:00,755,755,755,755,0
2021-11-01 15:09:00,755,755,755,755,100
2021-11-01 15:10:00,755,755,755,755,0
2021-11-01 15:11:00,755,755,755,755,0
2021-11-01 15:12:00,755,755,755,755,0
2021-11-01 15:13:00,755,755,755,755,0
2021-11-01 15:14:00,755,755,755,755,0
2021-11-01 15:15:00,755,755,755,755,0
2021-11-01 15:16:00,755,755,755,755,0
2021-11-01 15:17:00,755,755,755,755,0
2021-11-01 15:18:00,755,755,755,755,0
2021-11-01 15:19:00,755,755,755,755,0
2021-11-01 15:20:00,755,755,755,755,0
2021-11-01 15:21:00,755,755,755,755,0
2021-11-01 15:22:00,755,755,755,755,0
2021-11-01 15:23:00,755,755,755,755,0
2021-11-01 15:24:00,755,755,755,755,0
2021-11-01 15:25:00,755,755,755,755,0
2021-11-01 15:26:00,755,755,755,755,0
2021-11-01 15:27:00,755,755,755,755,0
2021-11-01 15:28:00,755,755,755,755,0
2021-11-01 15:29:00,755,755,755,755,0
2021-11-01 15:30:00,755,755,755,755,0
2021-11-01 15:31:00,755,755,755,755,0
2021-11-01 15:32:00,755,755,755,755,0
2021-11-01 15:33:00,755,755,755,755,0
2021-11-01 15:34:00,755,755,755,755,0
2021-11-01 15:35:00,755,755,755,755,0
2021-11-01 15:36:00,755,755,755,755,0
2021-11-01 15:37:00,755,755,755,755,0
2021-11-01 15:38:00,755,755,755,755,0
2021-11-01 15:39:00,755,755,755,755,0
2021-11-01 15:40:00,755,755,755,755,0
2021-11-01 15:41:00,755,755,755,755,0
2021-11-01 15:42:00,755,755,755,755,0
2021-11-01 15:43:00,755,755,755,755,0
2021-11-01 15:44:00,755,755,755,755,0
2021-11-01 15:45:00,755,755,755,755,0
2021-11-01 15:46:00,755,755,755,755,0
2021-11-01 15:47:00,755,755,755,755,0
2021-11-01 15:48:00,755,755,755,755,0
2021-11-01 15:49:00,755,755,755,755,0
2021-11-01 15:50:00,755,755,755,755,0
2021-11-01 15:51:00,755,755,755,755,0
2021-11-01 15:52:00,755,755,755,755,0
2021-11-01 15:53:00,755,755,755,755,0
2021-11-01 15:54:00,755,755,755,755,0
2021-11-01 15:55:00,755,755,755,755,0
2021-11-01 15:56:00,755,755,755,755,0
2021-11-01 15:57:00,755,755,755,755,0
2021-11-01 15:58:00,755,755,755,755,0
2021-11-01 15:59:00,755,755,755,755,0
2021-11-02 09:00:00,755,755,755,755,0
2021-11-02 09:01:00,755,750,755,750,400
2021-11-02 09:02:00,750,750,750,750,30800
2021-11-02 09:03:00,750,750,750,750,600
2021-11-02 09:04:00,755,755,755,755,200000
2021-11-02 09:05:00,755,755,760,760,311900
2021-11-02 09:06:00,760,760,760,760,238500
2021-11-02 09:07:00,760,760,760,760,143300
2021-11-02 09:08:00,765,765,765,765,218700
2021-11-02 09:09:00,765,760,765,760,263100
2021-11-02 09:10:00,760,755,765,755,175700
2021-11-02 09:11:00,760,760,760,760,1000
2021-11-02 09:12:00,760,760,760,760,3300
2021-11-02 09:13:00,760,760,760,760,2200
2021-11-02 09:14:00,760,760,760,760,500
2021-11-02 09:15:00,755,755,755,755,2000
2021-11-02 09:16:00,760,760,760,760,10200
2021-11-02 09:17:00,755,755,755,755,15300
2021-11-02 09:18:00,755,755,755,755,0
2021-11-02 09:19:00,755,755,755,755,5000
2021-11-02 09:20:00,755,755,755,755,2300
2021-11-02 09:21:00,755,755,755,755,100
2021-11-02 09:22:00,755,755,755,755,0
2021-11-02 09:23:00,755,755,755,755,0
2021-11-02 09:24:00,755,755,755,755,0
2021-11-02 09:25:00,755,755,755,755,16400
2021-11-02 09:26:00,755,755,755,755,1000
2021-11-02 09:27:00,760,760,760,760,200
2021-11-02 09:28:00,760,760,760,760,0
2021-11-02 09:29:00,760,760,760,760,0
2021-11-02 09:30:00,760,760,760,760,0
2021-11-02 09:31:00,760,760,760,760,0
2021-11-02 09:32:00,760,760,760,760,0
2021-11-02 09:33:00,760,760,760,760,0
2021-11-02 09:34:00,760,760,760,760,1100
2021-11-02 09:35:00,760,760,760,760,0
2021-11-02 09:36:00,760,760,760,760,500
2021-11-02 09:37:00,760,760,760,760,0
2021-11-02 09:38:00,760,760,760,760,0
2021-11-02 09:39:00,760,760,760,760,0
2021-11-02 09:40:00,760,760,760,760,0
2021-11-02 09:41:00,760,760,760,760,0
2021-11-02 09:42:00,760,760,760,760,0
2021-11-02 09:43:00,760,760,760,760,0
2021-11-02 09:44:00,760,760,760,760,0
2021-11-02 09:45:00,760,760,760,760,3000
2021-11-02 09:46:00,755,755,755,755,34800
2021-11-02 09:47:00,755,755,755,755,0
2021-11-02 09:48:00,755,755,755,755,0
2021-11-02 09:49:00,755,755,755,755,0
2021-11-02 09:50:00,755,755,755,755,0
2021-11-02 09:51:00,755,755,755,755,0
2021-11-02 09:52:00,750,750,750,750,72000
2021-11-02 09:53:00,750,750,750,750,200
2021-11-02 09:54:00,750,745,750,745,1400
2021-11-02 09:55:00,745,745,745,745,10100
2021-11-02 09:56:00,745,745,745,745,0
2021-11-02 09:57:00,745,745,745,745,0
2021-11-02 09:58:00,745,745,745,745,10700
2021-11-02 09:59:00,745,745,745,745,3000
2021-11-02 10:00:00,745,745,745,745,11700
2021-11-02 10:01:00,745,745,745,745,1000
2021-11-02 10:02:00,745,745,745,745,0
2021-11-02 10:03:00,745,745,745,745,0
2021-11-02 10:04:00,745,745,745,745,0
2021-11-02 10:05:00,745,745,745,745,0
2021-11-02 10:06:00,745,745,745,745,0
2021-11-02 10:07:00,745,745,745,745,27400
2021-11-02 10:08:00,745,745,745,745,0
2021-11-02 10:09:00,745,745,745,745,4000
2021-11-02 10:10:00,745,745,745,745,0
2021-11-02 10:11:00,745,745,745,745,0
2021-11-02 10:12:00,745,745,745,745,0
2021-11-02 10:13:00,745,745,745,745,0
2021-11-02 10:14:00,745,745,745,745,0
2021-11-02 10:15:00,745,745,745,745,700
2021-11-02 10:16:00,745,745,745,745,0
2021-11-02 10:17:00,745,745,745,745,600
2021-11-02 10:18:00,745,745,745,745,0
2021-11-02 10:19:00,745,745,745,745,10000
2021-11-02 10:20:00,745,745,745,745,0
2021-11-02 10:21:00,745,745,745,745,0
2021-11-02 10:22:00,745,745,745,745,12100
2021-11-02 10:23:00,745,745,745,745,0
2021-11-02 10:24:00,745,745,745,745,600
2021-11-02 10:25:00,745,745,745,745,500
2021-11-02 10:26:00,745,745,745,745,100
2021-11-02 10:27:00,740,740,745,745,4900
2021-11-02 10:28:00,740,740,745,745,0
2021-11-02 10:29:00,740,740,745,745,0
2021-11-02 10:30:00,750,750,750,750,100
2021-11-02 10:31:00,750,750,750,750,0
2021-11-02 10:32:00,750,750,750,750,0
2021-11-02 10:33:00,750,750,750,750,0
2021-11-02 10:34:00,750,750,750,750,0
2021-11-02 10:35:00,750,750,750,750,0
2021-11-02 10:36:00,750,750,750,750,0
2021-11-02 10:37:00,750,750,750,750,0
2021-11-02 10:38:00,750,750,750,750,0
2021-11-02 10:39:00,745,745,745,745,6100
2021-11-02 10:40:00,745,745,745,745,0
2021-11-02 10:41:00,745,745,745,745,0
2021-11-02 10:42:00,745,745,745,745,2000
2021-11-02 10:43:00,745,745,745,745,0
2021-11-02 10:44:00,745,745,745,745,0
2021-11-02 10:45:00,740,740,740,740,600
2021-11-02 10:46:00,740,740,740,740,0
2021-11-02 10:47:00,740,740,740,740,4000
2021-11-02 10:48:00,740,740,740,740,5200
2021-11-02 10:49:00,745,745,745,745,12400
2021-11-02 10:50:00,745,745,745,745,0
2021-11-02 10:51:00,745,745,745,745,100
2021-11-02 10:52:00,745,745,745,745,0
2021-11-02 10:53:00,745,740,745,740,2800
2021-11-02 10:54:00,745,740,745,740,0
2021-11-02 10:55:00,745,740,745,740,0
2021-11-02 10:56:00,745,740,745,740,0
2021-11-02 10:57:00,745,740,745,740,0
2021-11-02 10:58:00,745,740,745,740,0
2021-11-02 10:59:00,745,740,745,740,0
2021-11-02 11:00:00,745,745,745,745,9900
2021-11-02 11:01:00,745,745,745,745,0
2021-11-02 11:02:00,745,745,745,745,0
2021-11-02 11:03:00,750,750,750,750,100
2021-11-02 11:04:00,750,750,750,750,0
2021-11-02 11:05:00,750,750,750,750,1500
2021-11-02 11:06:00,750,750,750,750,0
2021-11-02 11:07:00,750,750,750,750,0
2021-11-02 11:08:00,750,750,750,750,0
2021-11-02 11:09:00,750,750,750,750,0
2021-11-02 11:10:00,750,750,750,750,0
2021-11-02 11:11:00,750,750,750,750,0
2021-11-02 11:12:00,750,750,750,750,0
2021-11-02 11:13:00,750,750,750,750,0
2021-11-02 11:14:00,750,750,750,750,0
2021-11-02 11:15:00,750,750,750,750,0
2021-11-02 11:16:00,750,750,750,750,0
2021-11-02 11:17:00,750,750,750,750,0
2021-11-02 11:18:00,750,750,750,750,0
2021-11-02 11:19:00,750,750,750,750,0
2021-11-02 11:20:00,750,750,750,750,0
2021-11-02 11:21:00,750,750,750,750,0
2021-11-02 11:22:00,750,750,750,750,0
2021-11-02 11:23:00,750,750,750,750,0
2021-11-02 11:24:00,750,750,750,750,0
2021-11-02 11:25:00,750,750,750,750,0
2021-11-02 11:26:00,750,750,750,750,0
2021-11-02 11:27:00,750,750,750,750,100
2021-11-02 11:28:00,750,750,750,750,0
2021-11-02 11:29:00,750,750,750,750,400
2021-11-02 11:30:00,750,750,750,750,0
2021-11-02 11:31:00,750,750,750,750,0
2021-11-02 11:32:00,750,750,750,750,0
2021-11-02 11:33:00,750,750,750,750,0
2021-11-02 11:34:00,750,750,750,750,0
2021-11-02 11:35:00,750,750,750,750,0
2021-11-02 11:36:00,750,750,750,750,0
2021-11-02 11:37:00,750,750,750,750,0
2021-11-02 11:38:00,750,750,750,750,0
2021-11-02 11:39:00,750,750,750,750,0
2021-11-02 11:40:00,750,750,750,750,0
2021-11-02 11:41:00,750,750,750,750,0
2021-11-02 11:42:00,750,750,750,750,0
2021-11-02 11:43:00,750,750,750,750,0
2021-11-02 11:44:00,750,750,750,750,0
2021-11-02 11:45:00,750,750,750,750,0
2021-11-02 11:46:00,750,750,750,750,0
2021-11-02 11:47:00,750,750,750,750,0
2021-11-02 11:48:00,750,750,750,750,0
2021-11-02 11:49:00,750,750,750,750,0
2021-11-02 11:50:00,750,750,750,750,0
2021-11-02 11:51:00,750,750,750,750,0
2021-11-02 11:52:00,750,750,750,750,0
2021-11-02 11:53:00,750,750,750,750,0
2021-11-02 11:54:00,750,750,750,750,0
2021-11-02 11:55:00,750,750,750,750,0
2021-11-02 11:56:00,750,750,750,750,0
2021-11-02 11:57:00,750,750,750,750,0
2021-11-02 11:58:00,750,750,750,750,0
2021-11-02 11:59:00,750,750,750,750,0
2021-11-02 12:00:00,750,750,750,750,0
2021-11-02 12:01:00,750,750,750,750,0
2021-11-02 12:02:00,750,750,750,750,0
2021-11-02 12:03:00,750,750,750,750,0
2021-11-02 12:04:00,750,750,750,750,0
2021-11-02 12:05:00,750,750,750,750,0
2021-11-02 12:06:00,750,750,750,750,0
2021-11-02 12:07:00,750,750,750,750,0
2021-11-02 12:08:00,750,750,750,750,0
2021-11-02 12:09:00,750,750,750,750,0
2021-11-02 12:10:00,750,750,750,750,0
2021-11-02 12:11:00,750,750,750,750,0
2021-11-02 12:12:00,750,750,750,750,0
2021-11-02 12:13:00,750,750,750,750,0
2021-11-02 12:14:00,750,750,750,750,0
2021-11-02 12:15:00,750,750,750,750,0
2021-11-02 12:16:00,750,750,750,750,0
2021-11-02 12:17:00,750,750,750,750,0
2021-11-02 12:18:00,750,750,750,750,0
2021-11-02 12:19:00,750,750,750,750,0
2021-11-02 12:20:00,750,750,750,750,0
2021-11-02 12:21:00,750,750,750,750,0
2021-11-02 12:22:00,750,750,750,750,0
2021-11-02 12:23:00,750,750,750,750,0
2021-11-02 12:24:00,750,750,750,750,0
2021-11-02 12:25:00,750,750,750,750,0
2021-11-02 12:26:00,750,750,750,750,0
2021-11-02 12:27:00,750,750,750,750,0
2021-11-02 12:28:00,750,750,750,750,0
2021-11-02 12:29:00,750,750,750,750,0
2021-11-02 12:30:00,750,750,750,750,0
2021-11-02 12:31:00,750,750,750,750,0
2021-11-02 12:32:00,750,750,750,750,0
2021-11-02 12:33:00,750,750,750,750,0
2021-11-02 12:34:00,750,750,750,750,0
2021-11-02 12:35:00,750,750,750,750,0
2021-11-02 12:36:00,750,750,750,750,0
2021-11-02 12:37:00,750,750,750,750,0
2021-11-02 12:38:00,750,750,750,750,0
2021-11-02 12:39:00,750,750,750,750,0
2021-11-02 12:40:00,750,750,750,750,0
2021-11-02 12:41:00,750,750,750,750,0
2021-11-02 12:42:00,750,750,750,750,0
2021-11-02 12:43:00,750,750,750,750,0
2021-11-02 12:44:00,750,750,750,750,0
2021-11-02 12:45:00,750,750,750,750,0
2021-11-02 12:46:00,750,750,750,750,0
2021-11-02 12:47:00,750,750,750,750,0
2021-11-02 12:48:00,750,750,750,750,0
2021-11-02 12:49:00,750,750,750,750,0
2021-11-02 12:50:00,750,750,750,750,0
2021-11-02 12:51:00,750,750,750,750,0
2021-11-02 12:52:00,750,750,750,750,0
2021-11-02 12:53:00,750,750,750,750,0
2021-11-02 12:54:00,750,750,750,750,0
2021-11-02 12:55:00,750,750,750,750,0
2021-11-02 12:56:00,750,750,750,750,0
2021-11-02 12:57:00,750,750,750,750,0
2021-11-02 12:58:00,750,750,750,750,0
2021-11-02 12:59:00,750,750,750,750,0
2021-11-02 13:00:00,750,750,750,750,0
2021-11-02 13:01:00,750,750,750,750,0
2021-11-02 13:02:00,750,750,750,750,0
2021-11-02 13:03:00,750,750,750,750,0
2021-11-02 13:04:00,750,750,750,750,0
2021-11-02 13:05:00,750,750,750,750,0
2021-11-02 13:06:00,750,750,750,750,0
2021-11-02 13:07:00,750,750,750,750,0
2021-11-02 13:08:00,750,750,750,750,0
2021-11-02 13:09:00,750,750,750,750,0
2021-11-02 13:10:00,750,750,750,750,0
2021-11-02 13:11:00,750,750,750,750,0
2021-11-02 13:12:00,750,750,750,750,0
2021-11-02 13:13:00,750,750,750,750,0
2021-11-02 13:14:00,750,750,750,750,0
2021-11-02 13:15:00,750,750,750,750,0
2021-11-02 13:16:00,750,750,750,750,0
2021-11-02 13:17:00,750,750,750,750,0
2021-11-02 13:18:00,750,750,750,750,0
2021-11-02 13:19:00,750,750,750,750,0
2021-11-02 13:20:00,750,750,750,750,0
2021-11-02 13:21:00,750,750,750,750,0
2021-11-02 13:22:00,750,750,750,750,0
2021-11-02 13:23:00,750,750,750,750,0
2021-11-02 13:24:00,750,750,750,750,0
2021-11-02 13:25:00,750,750,750,750,0
2021-11-02 13:26:00,750,750,750,750,0
2021-11-02 13:27:00,750,750,750,750,0
2021-11-02 13:28:00,750,750,750,750,0
2021-11-02 13:29:00,750,750,750,750,0
2021-11-02 13:30:00,750,750,750,750,0
2021-11-02 13:31:00,750,750,750,750,0
2021-11-02 13:32:00,750,745,750,745,402800
2021-11-02 13:33:00,745,745,745,745,3000
2021-11-02 13:34:00,745,745,745,745,0
2021-11-02 13:35:00,745,745,745,745,0
2021-11-02 13:36:00,745,745,745,745,0
2021-11-02 13:37:00,745,745,745,745,0
2021-11-02 13:38:00,745,745,745,745,0
2021-11-02 13:39:00,745,745,745,745,0
2021-11-02 13:40:00,745,745,745,745,0
2021-11-02 13:41:00,745,745,745,745,500
2021-11-02 13:42:00,745,745,745,745,0
2021-11-02 13:43:00,745,745,745,745,0
2021-11-02 13:44:00,745,745,745,745,1000
2021-11-02 13:45:00,745,745,745,745,1100
2021-11-02 13:46:00,745,745,745,745,10000
2021-11-02 13:47:00,745,745,745,745,0
2021-11-02 13:48:00,745,745,745,745,10000
2021-11-02 13:49:00,745,745,745,745,10000
2021-11-02 13:50:00,745,745,745,745,0
2021-11-02 13:51:00,745,745,745,745,0
2021-11-02 13:52:00,745,745,745,745,1500
2021-11-02 13:53:00,745,745,745,745,0
2021-11-02 13:54:00,740,740,740,740,500
2021-11-02 13:55:00,740,740,740,740,0
2021-11-02 13:56:00,740,740,740,740,0
2021-11-02 13:57:00,740,740,740,740,0
2021-11-02 13:58:00,740,740,740,740,0
2021-11-02 13:59:00,740,740,740,740,10800
2021-11-02 14:00:00,740,740,740,740,0
2021-11-02 14:01:00,740,740,740,740,0
2021-11-02 14:02:00,740,740,740,740,0
2021-11-02 14:03:00,740,740,740,740,0
2021-11-02 14:04:00,740,740,740,740,12600
2021-11-02 14:05:00,740,740,740,740,300
2021-11-02 14:06:00,740,740,740,740,0
2021-11-02 14:07:00,740,740,740,740,0
2021-11-02 14:08:00,740,740,740,740,0
2021-11-02 14:09:00,740,740,740,740,1500
2021-11-02 14:10:00,745,745,745,745,100
2021-11-02 14:11:00,740,740,740,740,1300
2021-11-02 14:12:00,740,740,740,740,0
2021-11-02 14:13:00,740,740,740,740,0
2021-11-02 14:14:00,740,740,740,740,0
2021-11-02 14:15:00,740,740,740,740,0
2021-11-02 14:16:00,740,740,740,740,0
2021-11-02 14:17:00,740,740,740,740,1000
2021-11-02 14:18:00,740,740,740,740,0
2021-11-02 14:19:00,740,740,740,740,0
2021-11-02 14:20:00,740,740,740,740,5700
2021-11-02 14:21:00,740,740,740,740,0
2021-11-02 14:22:00,740,740,740,740,0
2021-11-02 14:23:00,740,740,740,740,0
2021-11-02 14:24:00,745,745,745,745,10000
2021-11-02 14:25:00,745,745,745,745,0
2021-11-02 14:26:00,745,745,745,745,0
2021-11-02 14:27:00,745,745,745,745,0
2021-11-02 14:28:00,745,745,745,745,0
2021-11-02 14:29:00,745,745,745,745,0
2021-11-02 14:30:00,745,745,745,745,0
2021-11-02 14:31:00,740,740,740,740,10800
2021-11-02 14:32:00,740,740,740,740,0
2021-11-02 14:33:00,740,740,740,740,0
2021-11-02 14:34:00,740,740,740,740,0
2021-11-02 14:35:00,740,740,740,740,0
2021-11-02 14:36:00,740,740,740,740,14300
2021-11-02 14:37:00,740,740,740,740,0
2021-11-02 14:38:00,740,740,740,740,8100
2021-11-02 14:39:00,740,740,740,740,0
2021-11-02 14:40:00,740,740,740,740,0
2021-11-02 14:41:00,740,740,740,740,2600
2021-11-02 14:42:00,735,735,735,735,11800
2021-11-02 14:43:00,735,735,740,740,10500
2021-11-02 14:44:00,735,735,740,740,0
2021-11-02 14:45:00,735,735,740,740,0
2021-11-02 14:46:00,735,735,740,740,0
2021-11-02 14:47:00,740,740,740,740,1700
2021-11-02 14:48:00,740,740,740,740,2500
2021-11-02 14:49:00,740,740,740,740,1000
2021-11-02 14:50:00,740,740,740,740,0
2021-11-02 14:51:00,740,740,740,740,0
2021-11-02 14:52:00,740,740,740,740,0
2021-11-02 14:53:00,740,740,740,740,0
2021-11-02 14:54:00,740,740,740,740,0
2021-11-02 14:55:00,740,740,740,740,0
2021-11-02 14:56:00,740,740,740,740,0
2021-11-02 14:57:00,740,740,740,740,0
2021-11-02 14:58:00,740,740,740,740,0
2021-11-02 14:59:00,740,740,740,740,0
2021-11-02 15:00:00,755,755,755,755,50000
2021-11-02 15:01:00,755,755,755,755,0
2021-11-02 15:02:00,755,755,755,755,0
2021-11-02 15:03:00,755,755,755,755,0
2021-11-02 15:04:00,755,755,755,755,0
2021-11-02 15:05:00,755,755,755,755,0
2021-11-02 15:06:00,755,755,755,755,0
2021-11-02 15:07:00,755,755,755,755,0
2021-11-02 15:08:00,755,755,755,755,0
2021-11-02 15:09:00,755,755,755,755,0
2021-11-02 15:10:00,755,755,755,755,200
2021-11-02 15:11:00,755,755,755,755,500
2021-11-02 15:12:00,755,755,755,755,0
2021-11-02 15:13:00,755,755,755,755,0
2021-11-02 15:14:00,755,755,755,755,0
2021-11-02 15:15:00,755,755,755,755,0
2021-11-02 15:16:00,755,755,755,755,0
2021-11-02 15:17:00,755,755,755,755,0
2021-11-02 15:18:00,755,755,755,755,0
2021-11-02 15:19:00,755,755,755,755,0
2021-11-02 15:20:00,755,755,755,755,0
2021-11-02 15:21:00,755,755,755,755,0
2021-11-02 15:22:00,755,755,755,755,0
2021-11-02 15:23:00,755,755,755,755,0
2021-11-02 15:24:00,755,755,755,755,0
2021-11-02 15:25:00,755,755,755,755,0
2021-11-02 15:26:00,755,755,755,755,0
2021-11-02 15:27:00,755,755,755,755,0
2021-11-02 15:28:00,755,755,755,755,0
2021-11-02 15:29:00,755,755,755,755,0
2021-11-02 15:30:00,755,755,755,755,0
2021-11-02 15:31:00,755,755,755,755,0
2021-11-02 15:32:00,755,755,755,755,0
2021-11-02 15:33:00,755,755,755,755,0
2021-11-02 15:34:00,755,755,755,755,0
2021-11-02 15:35:00,755,755,755,755,0
2021-11-02 15:36:00,755,755,755,755,0
2021-11-02 15:37:00,755,755,755,755,0
2021-11-02 15:38:00,755,755,755,755,0
2021-11-02 15:39:00,755,755,755,755,0
2021-11-02 15:40:00,755,755,755,755,0
2021-11-02 15:41:00,755,755,755,755,0
2021-11-02 15:42:00,755,755,755,755,0
2021-11-02 15:43:00,755,755,755,755,0
2021-11-02 15:44:00,755,755,755,755,0
2021-11-02 15:45:00,755,755,755,755,0
2021-11-02 15:46:00,755,755,755,755,0
2021-11-02 15:47:00,755,755,755,755,0
2021-11-02 15:48:00,755,755,755,755,0
2021-11-02 15:49:00,755,755,755,755,0
2021-11-02 15:50:00,755,755,755,755,0
2021-11-02 15:51:00,755,755,755,755,0
2021-11-02 15:52:00,755,755,755,755,0
2021-11-02 15:53:00,755,755,755,755,0
2021-11-02 15:54:00,755,755,755,755,0
2021-11-02 15:55:00,755,755,755,755,0
2021-11-02 15:56:00,755,755,755,755,0
2021-11-02 15:57:00,755,755,755,755,0
2021-11-02 15:58:00,755,755,755,755,0
2021-11-02 15:59:00,755,755,755,755,0
2021-11-03 09:00:00,755,755,755,755,0
2021-11-03 09:01:00,755,755,755,755,0
2021-11-03 09:02:00,750,750,750,750,0
2021-11-03 09:03:00,750,750,750,750,7300
2021-11-03 09:04:00,750,750,750,750,9400
2021-11-03 09:05:00,750,745,750,745,600
2021-11-03 09:06:00,750,750,750,750,100
2021-11-03 09:07:00,750,750,750,750,0
2021-11-03 09:08:00,750,750,750,750,0
2021-11-03 09:09:00,750,750,750,750,0
2021-11-03 09:10:00,750,750,750,750,0
2021-11-03 09:11:00,750,745,750,750,518700
2021-11-03 09:12:00,740,740,740,740,200
2021-11-03 09:13:00,740,740,740,740,0
2021-11-03 09:14:00,740,740,740,740,200
2021-11-03 09:15:00,740,740,740,740,0
2021-11-03 09:16:00,740,740,740,740,0
2021-11-03 09:17:00,740,740,740,740,1000
2021-11-03 09:18:00,740,740,740,740,0
2021-11-03 09:19:00,740,740,740,740,0
2021-11-03 09:20:00,740,740,740,740,0
2021-11-03 09:21:00,745,745,745,745,1000
2021-11-03 09:22:00,745,745,745,745,100
2021-11-03 09:23:00,745,745,745,745,0
2021-11-03 09:24:00,745,745,745,745,0
2021-11-03 09:25:00,745,745,745,745,0
2021-11-03 09:26:00,745,745,745,745,0
2021-11-03 09:27:00,745,745,745,745,0
2021-11-03 09:28:00,740,740,740,740,5000
2021-11-03 09:29:00,740,740,740,740,100
2021-11-03 09:30:00,740,740,740,740,0
2021-11-03 09:31:00,740,740,740,740,0
2021-11-03 09:32:00,740,740,740,740,3000
2021-11-03 09:33:00,740,740,740,740,0
2021-11-03 09:34:00,740,740,740,740,200
2021-11-03 09:35:00,740,740,740,740,0
2021-11-03 09:36:00,740,740,740,740,0
2021-11-03 09:37:00,740,740,740,740,0
2021-11-03 09:38:00,740,740,740,740,200
2021-11-03 09:39:00,740,740,740,740,5000
2021-11-03 09:40:00,740,740,740,740,0
2021-11-03 09:41:00,740,740,740,740,0
2021-11-03 09:42:00,740,740,740,740,0
2021-11-03 09:43:00,740,740,740,740,0
2021-11-03 09:44:00,740,740,740,740,0
2021-11-03 09:45:00,745,745,745,745,1000
2021-11-03 09:46:00,745,745,745,745,2000
2021-11-03 09:47:00,745,745,745,745,20000
2021-11-03 09:48:00,745,745,745,745,0
2021-11-03 09:49:00,745,745,745,745,9900
2021-11-03 09:50:00,745,745,745,745,0
2021-11-03 09:51:00,745,745,745,745,0
2021-11-03 09:52:00,745,745,745,745,0
2021-11-03 09:53:00,745,745,745,745,200
2021-11-03 09:54:00,745,745,745,745,0
2021-11-03 09:55:00,745,745,745,745,0
2021-11-03 09:56:00,745,745,745,745,0
2021-11-03 09:57:00,745,745,745,745,0
2021-11-03 09:58:00,745,745,745,745,0
2021-11-03 09:59:00,745,745,745,745,0
2021-11-03 10:00:00,745,745,745,745,0
2021-11-03 10:01:00,745,745,745,745,0
2021-11-03 10:02:00,745,745,745,745,0
2021-11-03 10:03:00,745,745,745,745,0
2021-11-03 10:04:00,745,745,745,745,100
2021-11-03 10:05:00,745,745,745,745,0
2021-11-03 10:06:00,745,745,745,745,0
2021-11-03 10:07:00,745,745,745,745,0
2021-11-03 10:08:00,745,745,745,745,0
2021-11-03 10:09:00,745,745,745,745,539700
2021-11-03 10:10:00,745,745,745,745,0
2021-11-03 10:11:00,745,745,745,745,10300
2021-11-03 10:12:00,745,745,745,745,0
2021-11-03 10:13:00,745,745,745,745,0
2021-11-03 10:14:00,745,745,745,745,0
2021-11-03 10:15:00,745,745,745,745,25000
2021-11-03 10:16:00,745,745,745,745,0
2021-11-03 10:17:00,745,745,745,745,0
2021-11-03 10:18:00,745,745,745,745,0
2021-11-03 10:19:00,745,745,745,745,0
2021-11-03 10:20:00,745,745,745,745,0
2021-11-03 10:21:00,745,745,745,745,0
2021-11-03 10:22:00,745,745,745,745,8000
2021-11-03 10:23:00,745,745,745,745,2000
2021-11-03 10:24:00,745,745,745,745,1100
2021-11-03 10:25:00,745,745,745,745,0
2021-11-03 10:26:00,745,745,745,745,0
2021-11-03 10:27:00,745,745,745,745,0
2021-11-03 10:28:00,745,745,745,745,0
2021-11-03 10:29:00,745,745,745,745,0
2021-11-03 10:30:00,745,745,745,745,0
2021-11-03 10:31:00,745,745,745,745,0
2021-11-03 10:32:00,745,745,745,745,0
2021-11-03 10:33:00,745,745,745,745,1600
2021-11-03 10:34:00,745,745,745,745,0
2021-11-03 10:35:00,745,745,745,745,0
2021-11-03 10:36:00,745,745,745,745,4000
2021-11-03 10:37:00,745,745,745,745,0
2021-11-03 10:38:00,745,745,745,745,0
2021-11-03 10:39:00,745,745,745,745,0
2021-11-03 10:40:00,745,745,745,745,0
2021-11-03 10:41:00,745,745,745,745,0
2021-11-03 10:42:00,745,745,745,745,0
2021-11-03 10:43:00,745,745,745,745,0
2021-11-03 10:44:00,745,745,745,745,0
2021-11-03 10:45:00,745,745,745,745,0
2021-11-03 10:46:00,745,745,745,745,100
2021-11-03 10:47:00,745,745,745,745,0
2021-11-03 10:48:00,745,745,745,745,0
2021-11-03 10:49:00,745,745,745,745,0
2021-11-03 10:50:00,745,745,745,745,0
2021-11-03 10:51:00,745,745,745,745,0
2021-11-03 10:52:00,745,745,745,745,0
2021-11-03 10:53:00,745,745,745,745,0
2021-11-03 10:54:00,745,745,745,745,0
2021-11-03 10:55:00,745,745,745,745,0
2021-11-03 10:56:00,745,745,745,745,0
2021-11-03 10:57:00,745,745,745,745,0
2021-11-03 10:58:00,745,745,745,745,0
2021-11-03 10:59:00,745,745,745,745,0
2021-11-03 11:00:00,745,745,745,745,0
2021-11-03 11:01:00,745,745,745,745,0
2021-11-03 11:02:00,745,745,745,745,0
2021-11-03 11:03:00,745,745,745,745,500
2021-11-03 11:04:00,745,745,745,745,0
2021-11-03 11:05:00,745,745,745,745,0
2021-11-03 11:06:00,745,745,745,745,0
2021-11-03 11:07:00,745,745,745,745,0
2021-11-03 11:08:00,745,745,745,745,0
2021-11-03 11:09:00,745,745,745,745,0
2021-11-03 11:10:00,745,745,745,745,0
2021-11-03 11:11:00,745,745,745,745,0
2021-11-03 11:12:00,745,745,745,745,0
2021-11-03 11:13:00,745,745,745,745,0
2021-11-03 11:14:00,750,750,750,750,200
2021-11-03 11:15:00,750,750,750,750,0
2021-11-03 11:16:00,750,750,750,750,0
2021-11-03 11:17:00,750,750,750,750,0
2021-11-03 11:18:00,750,750,750,750,0
2021-11-03 11:19:00,750,750,750,750,0
2021-11-03 11:20:00,750,750,750,750,1000
2021-11-03 11:21:00,750,750,750,750,0
2021-11-03 11:22:00,750,750,750,750,0
2021-11-03 11:23:00,750,750,750,750,0
2021-11-03 11:24:00,750,750,750,750,0
2021-11-03 11:25:00,750,750,750,750,0
2021-11-03 11:26:00,750,750,750,750,0
2021-11-03 11:27:00,750,750,750,750,0
2021-11-03 11:28:00,750,750,750,750,0
2021-11-03 11:29:00,750,750,750,750,0
2021-11-03 11:30:00,750,750,750,750,0
2021-11-03 11:31:00,750,750,750,750,0
2021-11-03 11:32:00,750,750,750,750,0
2021-11-03 11:33:00,750,750,750,750,0
2021-11-03 11:34:00,750,750,750,750,0
2021-11-03 11:35:00,750,750,750,750,0
2021-11-03 11:36:00,750,750,750,750,0
2021-11-03 11:37:00,750,750,750,750,0
2021-11-03 11:38:00,750,750,750,750,0
2021-11-03 11:39:00,750,750,750,750,0
2021-11-03 11:40:00,750,750,750,750,0
2021-11-03 11:41:00,750,750,750,750,0
2021-11-03 11:42:00,750,750,750,750,0
2021-11-03 11:43:00,750,750,750,750,0
2021-11-03 11:44:00,750,750,750,750,0
2021-11-03 11:45:00,750,750,750,750,0
2021-11-03 11:46:00,750,750,750,750,0
2021-11-03 11:47:00,750,750,750,750,0
2021-11-03 11:48:00,750,750,750,750,0
2021-11-03 11:49:00,750,750,750,750,0
2021-11-03 11:50:00,750,750,750,750,0
2021-11-03 11:51:00,750,750,750,750,0
2021-11-03 11:52:00,750,750,750,750,0
2021-11-03 11:53:00,750,750,750,750,0
2021-11-03 11:54:00,750,750,750,750,0
2021-11-03 11:55:00,750,750,750,750,0
2021-11-03 11:56:00,750,750,750,750,0
2021-11-03 11:57:00,750,750,750,750,0
2021-11-03 11:58:00,750,750,750,750,0
2021-11-03 11:59:00,750,750,750,750,0
2021-11-03 12:00:00,750,750,750,750,0
2021-11-03 12:01:00,750,750,750,750,0
2021-11-03 12:02:00,750,750,750,750,0
2021-11-03 12:03:00,750,750,750,750,0
2021-11-03 12:04:00,750,750,750,750,0
2021-11-03 12:05:00,750,750,750,750,0
2021-11-03 12:06:00,750,750,750,750,0
2021-11-03 12:07:00,750,750,750,750,0
2021-11-03 12:08:00,750,750,750,750,0
2021-11-03 12:09:00,750,750,750,750,0
2021-11-03 12:10:00,750,750,750,750,0
2021-11-03 12:11:00,750,750,750,750,0
2021-11-03 12:12:00,750,750,750,750,0
2021-11-03 12:13:00,750,750,750,750,0
2021-11-03 12:14:00,750,750,750,750,0
2021-11-03 12:15:00,750,750,750,750,0
2021-11-03 12:16:00,750,750,750,750,0
2021-11-03 12:17:00,750,750,750,750,0
2021-11-03 12:18:00,750,750,750,750,0
2021-11-03 12:19:00,750,750,750,750,0
2021-11-03 12:20:00,750,750,750,750,0
2021-11-03 12:21:00,750,750,750,750,0
2021-11-03 12:22:00,750,750,750,750,0
2021-11-03 12:23:00,750,750,750,750,0
2021-11-03 12:24:00,750,750,750,750,0
2021-11-03 12:25:00,750,750,750,750,0
2021-11-03 12:26:00,750,750,750,750,0
2021-11-03 12:27:00,750,750,750,750,0
2021-11-03 12:28:00,750,750,750,750,0
2021-11-03 12:29:00,750,750,750,750,0
2021-11-03 12:30:00,750,750,750,750,0
2021-11-03 12:31:00,750,750,750,750,0
2021-11-03 12:32:00,750,750,750,750,0
2021-11-03 12:33:00,750,750,750,750,0
2021-11-03 12:34:00,750,750,750,750,0
2021-11-03 12:35:00,750,750,750,750,0
2021-11-03 12:36:00,750,750,750,750,0
2021-11-03 12:37:00,750,750,750,750,0
2021-11-03 12:38:00,750,750,750,750,0
2021-11-03 12:39:00,750,750,750,750,0
2021-11-03 12:40:00,750,750,750,750,0
2021-11-03 12:41:00,750,750,750,750,0
2021-11-03 12:42:00,750,750,750,750,0
2021-11-03 12:43:00,750,750,750,750,0
2021-11-03 12:44:00,750,750,750,750,0
2021-11-03 12:45:00,750,750,750,750,0
2021-11-03 12:46:00,750,750,750,750,0
2021-11-03 12:47:00,750,750,750,750,0
2021-11-03 12:48:00,750,750,750,750,0
2021-11-03 12:49:00,750,750,750,750,0
2021-11-03 12:50:00,750,750,750,750,0
2021-11-03 12:51:00,750,750,750,750,0
2021-11-03 12:52:00,750,750,750,750,0
2021-11-03 12:53:00,750,750,750,750,0
2021-11-03 12:54:00,750,750,750,750,0
2021-11-03 12:55:00,750,750,750,750,0
2021-11-03 12:56:00,750,750,750,750,0
2021-11-03 12:57:00,750,750,750,750,0
2021-11-03 12:58:00,750,750,750,750,0
2021-11-03 12:59:00,750,750,750,750,0
2021-11-03 13:00:00,750,750,750,750,0
2021-11-03 13:01:00,750,750,750,750,0
2021-11-03 13:02:00,750,750,750,750,0
2021-11-03 13:03:00,750,750,750,750,0
2021-11-03 13:04:00,750,750,750,750,0
2021-11-03 13:05:00,750,750,750,750,0
2021-11-03 13:06:00,750,750,750,750,0
2021-11-03 13:07:00,750,750,750,750,0
2021-11-03 13:08:00,750,750,750,750,0
2021-11-03 13:09:00,750,750,750,750,0
2021-11-03 13:10:00,750,750,750,750,0
2021-11-03 13:11:00,750,750,750,750,0
2021-11-03 13:12:00,750,750,750,750,0
2021-11-03 13:13:00,750,750,750,750,0
2021-11-03 13:14:00,750,750,750,750,0
2021-11-03 13:15:00,750,750,750,750,0
2021-11-03 13:16:00,750,750,750,750,0
2021-11-03 13:17:00,750,750,750,750,0
2021-11-03 13:18:00,750,750,750,750,0
2021-11-03 13:19:00,750,750,750,750,0
2021-11-03 13:20:00,750,750,750,750,0
2021-11-03 13:21:00,750,750,750,750,0
2021-11-03 13:22:00,750,750,750,750,0
2021-11-03 13:23:00,750,750,750,750,0
2021-11-03 13:24:00,750,750,750,750,0
2021-11-03 13:25:00,750,750,750,750,0
2021-11-03 13:26:00,750,750,750,750,0
2021-11-03 13:27:00,750,750,750,750,0
2021-11-03 13:28:00,750,750,750,750,0
2021-11-03 13:29:00,750,750,750,750,0
2021-11-03 13:30:00,750,750,750,750,100
2021-11-03 13:31:00,750,750,750,750,100
2021-11-03 13:32:00,750,750,750,750,0
2021-11-03 13:33:00,750,750,750,750,800
2021-11-03 13:34:00,750,750,750,750,0
2021-11-03 13:35:00,750,750,750,750,0
2021-11-03 13:36:00,750,750,750,750,0
2021-11-03 13:37:00,745,745,745,745,1000
2021-11-03 13:38:00,745,745,745,745,1100
2021-11-03 13:39:00,745,745,745,745,0
2021-11-03 13:40:00,745,745,745,745,0
2021-11-03 13:41:00,745,745,745,745,0
2021-11-03 13:42:00,745,745,745,745,10300
2021-11-03 13:43:00,745,745,745,745,0
2021-11-03 13:44:00,745,745,745,745,0
2021-11-03 13:45:00,745,745,745,745,0
2021-11-03 13:46:00,745,745,745,745,31200
2021-11-03 13:47:00,740,740,740,740,440200
2021-11-03 13:48:00,740,740,745,740,153800
2021-11-03 13:49:00,740,740,740,740,336700
2021-11-03 13:50:00,740,740,740,740,20000
2021-11-03 13:51:00,745,745,750,750,147900
2021-11-03 13:52:00,750,750,750,750,20200
2021-11-03 13:53:00,745,745,750,745,496000
2021-11-03 13:54:00,745,745,745,745,2500
2021-11-03 13:55:00,745,745,745,745,0
2021-11-03 13:56:00,745,745,745,745,0
2021-11-03 13:57:00,745,745,745,745,0
2021-11-03 13:58:00,745,745,745,745,0
2021-11-03 13:59:00,745,745,745,745,0
2021-11-03 14:00:00,745,745,745,745,0
2021-11-03 14:01:00,745,745,745,745,0
2021-11-03 14:02:00,740,740,740,740,43600
2021-11-03 14:03:00,740,740,740,740,0
2021-11-03 14:04:00,740,740,740,740,0
2021-11-03 14:05:00,740,740,740,740,0
2021-11-03 14:06:00,745,745,745,745,28000
2021-11-03 14:07:00,745,745,745,745,800
2021-11-03 14:08:00,745,745,745,745,0
2021-11-03 14:09:00,745,745,745,745,0
2021-11-03 14:10:00,745,745,745,745,10000
2021-11-03 14:11:00,745,745,745,745,0
2021-11-03 14:12:00,745,745,745,745,0
2021-11-03 14:13:00,745,745,745,745,0
2021-11-03 14:14:00,745,745,745,745,0
2021-11-03 14:15:00,745,745,745,745,0
2021-11-03 14:16:00,745,745,745,745,0
2021-11-03 14:17:00,745,745,745,745,200
2021-11-03 14:18:00,745,745,745,745,0
2021-11-03 14:19:00,745,745,745,745,0
2021-11-03 14:20:00,745,745,745,745,0
2021-11-03 14:21:00,745,745,745,745,0
2021-11-03 14:22:00,745,745,745,745,100
2021-11-03 14:23:00,745,745,745,745,2000
2021-11-03 14:24:00,745,745,745,745,0
2021-11-03 14:25:00,745,745,745,745,0
2021-11-03 14:26:00,745,745,745,745,0
2021-11-03 14:27:00,745,745,745,745,0
2021-11-03 14:28:00,745,745,745,745,0
2021-11-03 14:29:00,745,745,745,745,0
2021-11-03 14:30:00,745,745,745,745,3500
2021-11-03 14:31:00,745,745,745,745,0
2021-11-03 14:32:00,745,745,745,745,110000
2021-11-03 14:33:00,745,745,745,745,80000
2021-11-03 14:34:00,745,745,745,745,0
2021-11-03 14:35:00,745,745,745,745,80000
2021-11-03 14:36:00,750,750,750,750,49300
2021-11-03 14:37:00,750,750,760,755,525200
2021-11-03 14:38:00,755,755,755,755,307500
2021-11-03 14:39:00,760,760,765,765,209300
2021-11-03 14:40:00,760,760,760,760,367200
2021-11-03 14:41:00,760,760,765,765,301700
2021-11-03 14:42:00,755,755,755,755,200
2021-11-03 14:43:00,755,755,755,755,6300
2021-11-03 14:44:00,755,755,755,755,0
2021-11-03 14:45:00,755,755,755,755,0
2021-11-03 14:46:00,755,755,755,755,0
2021-11-03 14:47:00,755,755,755,755,1700
2021-11-03 14:48:00,755,755,755,755,0
2021-11-03 14:49:00,755,755,755,755,300
2021-11-03 14:50:00,755,755,755,755,0
2021-11-03 14:51:00,755,755,755,755,0
2021-11-03 14:52:00,755,755,755,755,0
2021-11-03 14:53:00,755,755,755,755,0
2021-11-03 14:54:00,755,755,755,755,0
2021-11-03 14:55:00,755,755,755,755,0
2021-11-03 14:56:00,755,755,755,755,0
2021-11-03 14:57:00,755,755,755,755,0
2021-11-03 14:58:00,755,755,755,755,0
2021-11-03 14:59:00,755,755,755,755,0
2021-11-03 15:00:00,760,760,760,760,19700
2021-11-03 15:01:00,760,760,760,760,0
2021-11-03 15:02:00,760,760,760,760,0
2021-11-03 15:03:00,760,760,760,760,0
2021-11-03 15:04:00,760,760,760,760,0
2021-11-03 15:05:00,760,760,760,760,0
2021-11-03 15:06:00,760,760,760,760,0
2021-11-03 15:07:00,760,760,760,760,0
2021-11-03 15:08:00,760,760,760,760,0
2021-11-03 15:09:00,760,760,760,760,0
2021-11-03 15:10:00,760,760,760,760,0
2021-11-03 15:11:00,760,760,760,760,0
2021-11-03 15:12:00,760,760,760,760,0
2021-11-03 15:13:00,760,760,760,760,0
2021-11-03 15:14:00,760,760,760,760,0
2021-11-03 15:15:00,760,760,760,760,0
2021-11-03 15:16:00,760,760,760,760,0
2021-11-03 15:17:00,760,760,760,760,0
2021-11-03 15:18:00,760,760,760,760,0
2021-11-03 15:19:00,760,760,760,760,0
2021-11-03 15:20:00,760,760,760,760,0
2021-11-03 15:21:00,760,760,760,760,0
2021-11-03 15:22:00,760,760,760,760,0
2021-11-03 15:23:00,760,760,760,760,0
2021-11-03 15:24:00,760,760,760,760,0
2021-11-03 15:25:00,760,760,760,760,0
2021-11-03 15:26:00,760,760,760,760,0
2021-11-03 15:27:00,760,760,760,760,0
2021-11-03 15:28:00,760,760,760,760,0
2021-11-03 15:29:00,760,760,760,760,0
2021-11-03 15:30:00,760,760,760,760,0
2021-11-03 15:31:00,760,760,760,760,0
2021-11-03 15:32:00,760,760,760,760,0
2021-11-03 15:33:00,760,760,760,760,0
2021-11-03 15:34:00,760,760,760,760,0
2021-11-03 15:35:00,760,760,760,760,0
2021-11-03 15:36:00,760,760,760,760,0
2021-11-03 15:37:00,760,760,760,760,0
2021-11-03 15:38:00,760,760,760,760,0
2021-11-03 15:39:00,760,760,760,760,0
2021-11-03 15:40:00,760,760,760,760,0
2021-11-03 15:41:00,760,760,760,760,0
2021-11-03 15:42:00,760,760,760,760,0
2021-11-03 15:43:00,760,760,760,760,0
2021-11-03 15:44:00,760,760,760,760,0
2021-11-03 15:45:00,760,760,760,760,0
2021-11-03 15:46:00,760,760,760,760,0
2021-11-03 15:47:00,760,760,760,760,0
2021-11-03 15:48:00,760,760,760,760,0
2021-11-03 15:49:00,760,760,760,760,0
2021-11-03 15:50:00,760,760,760,760,0
2021-11-03 15:51:00,760,760,760,760,0
2021-11-03 15:52:00,760,760,760,760,0
2021-11-03 15:53:00,760,760,760,760,0
2021-11-03 15:54:00,760,760,760,760,0
2021-11-03 15:55:00,760,760,760,760,0
2021-11-03 15:56:00,760,760,760,760,0
2021-11-03 15:57:00,760,760,760,760,0
2021-11-03 15:58:00,760,760,760,760,0
2021-11-03 15:59:00,760,760,760,760,0
2021-11-04 09:00:00,760,760,760,760,0
2021-11-04 09:01:00,760,760,760,760,150800
2021-11-04 09:02:00,765,765,770,765,858600
2021-11-04 09:03:00,765,765,770,770,444600
2021-11-04 09:04:00,770,770,775,775,383000
2021-11-04 09:05:00,775,770,775,775,623800
2021-11-04 09:06:00,775,775,785,780,835600
2021-11-04 09:07:00,780,775,780,775,36900
2021-11-04 09:08:00,780,780,780,780,504900
2021-11-04 09:09:00,780,780,780,780,200400
2021-11-04 09:10:00,775,770,775,770,169300
2021-11-04 09:11:00,770,765,770,765,140200
2021-11-04 09:12:00,770,765,770,765,0
2021-11-04 09:13:00,770,765,770,765,0
2021-11-04 09:14:00,770,765,770,765,0
2021-11-04 09:15:00,765,765,765,765,3700
2021-11-04 09:16:00,765,765,765,765,900
2021-11-04 09:17:00,765,765,765,765,500
2021-11-04 09:18:00,765,765,765,765,0
2021-11-04 09:19:00,765,765,765,765,0
2021-11-04 09:20:00,765,765,765,765,0
2021-11-04 09:21:00,765,765,765,765,0
2021-11-04 09:22:00,760,760,765,765,31700
2021-11-04 09:23:00,765,765,765,765,1000
2021-11-04 09:24:00,765,765,765,765,0
2021-11-04 09:25:00,765,765,765,765,500
2021-11-04 09:26:00,765,765,765,765,0
2021-11-04 09:27:00,765,765,765,765,0
2021-11-04 09:28:00,765,765,765,765,0
2021-11-04 09:29:00,765,765,765,765,0
2021-11-04 09:30:00,765,765,765,765,1000
2021-11-04 09:31:00,765,765,765,765,0
2021-11-04 09:32:00,765,765,765,765,0
2021-11-04 09:33:00,765,765,765,765,0
2021-11-04 09:34:00,765,765,765,765,0
2021-11-04 09:35:00,765,765,765,765,0
2021-11-04 09:36:00,765,765,765,765,0
2021-11-04 09:37:00,765,765,765,765,0
2021-11-04 09:38:00,765,765,765,765,10800
2021-11-04 09:39:00,765,765,765,765,0
2021-11-04 09:40:00,765,765,765,765,400
2021-11-04 09:41:00,765,765,765,765,0
2021-11-04 09:42:00,765,765,765,765,0
2021-11-04 09:43:00,765,765,765,765,100
2021-11-04 09:44:00,765,765,765,765,0
2021-11-04 09:45:00,765,765,765,765,0
2021-11-04 09:46:00,765,765,765,765,0
2021-11-04 09:47:00,770,770,770,770,39500
2021-11-04 09:48:00,775,775,775,775,317300
2021-11-04 09:49:00,775,775,775,775,150800
2021-11-04 09:50:00,775,775,780,780,195900
2021-11-04 09:51:00,780,780,780,780,109600
2021-11-04 09:52:00,780,780,780,780,281300
2021-11-04 09:53:00,780,780,780,780,173600
2021-11-04 09:54:00,780,780,780,780,281400
2021-11-04 09:55:00,780,780,785,780,432700
2021-11-04 09:56:00,780,780,780,780,316000
2021-11-04 09:57:00,780,780,785,785,346200
2021-11-04 09:58:00,785,785,785,785,144200
2021-11-04 09:59:00,785,780,785,785,373100
2021-11-04 10:00:00,785,785,785,785,587300
2021-11-04 10:01:00,785,785,790,790,411300
2021-11-04 10:02:00,790,790,795,790,467400
2021-11-04 10:03:00,790,790,795,790,341200
2021-11-04 10:04:00,790,790,790,790,176700
2021-11-04 10:05:00,790,790,795,795,347100
2021-11-04 10:06:00,795,795,800,800,1651800
2021-11-04 10:07:00,800,800,800,800,505100
2021-11-04 10:08:00,805,795,810,795,1234300
2021-11-04 10:09:00,795,795,795,795,11100
2021-11-04 10:10:00,790,790,790,790,230500
2021-11-04 10:11:00,785,775,785,780,536900
2021-11-04 10:12:00,780,775,780,775,287000
2021-11-04 10:13:00,775,775,780,780,13700
2021-11-04 10:14:00,780,775,780,775,231800
2021-11-04 10:15:00,775,775,775,775,254800
2021-11-04 10:16:00,775,775,775,775,0
2021-11-04 10:17:00,775,775,775,775,0
2021-11-04 10:18:00,770,770,770,770,5900
2021-11-04 10:19:00,770,765,775,765,131700
2021-11-04 10:20:00,765,765,765,765,144100
2021-11-04 10:21:00,765,765,765,765,0
2021-11-04 10:22:00,765,765,765,765,15200
2021-11-04 10:23:00,765,765,765,765,100
2021-11-04 10:24:00,770,765,770,765,1400
2021-11-04 10:25:00,765,765,765,765,100
2021-11-04 10:26:00,765,765,765,765,0
2021-11-04 10:27:00,765,765,765,765,0
2021-11-04 10:28:00,765,765,765,765,0
2021-11-04 10:29:00,765,765,765,765,2500
2021-11-04 10:30:00,770,770,770,770,500
2021-11-04 10:31:00,770,770,770,770,11300
2021-11-04 10:32:00,770,770,770,770,2000
2021-11-04 10:33:00,770,770,770,770,500
2021-11-04 10:34:00,770,770,770,770,0
2021-11-04 10:35:00,770,770,770,770,0
2021-11-04 10:36:00,770,770,770,770,0
2021-11-04 10:37:00,770,770,770,770,10000
2021-11-04 10:38:00,770,770,770,770,0
2021-11-04 10:39:00,770,770,770,770,500
2021-11-04 10:40:00,770,770,770,770,800
2021-11-04 10:41:00,770,770,770,770,0
2021-11-04 10:42:00,770,770,770,770,500
2021-11-04 10:43:00,770,770,770,770,100
2021-11-04 10:44:00,770,770,770,770,5000
2021-11-04 10:45:00,770,770,770,770,0
2021-11-04 10:46:00,770,770,770,770,0
2021-11-04 10:47:00,770,770,770,770,0
2021-11-04 10:48:00,770,770,770,770,0
2021-11-04 10:49:00,770,770,770,770,30000
2021-11-04 10:50:00,770,770,770,770,0
2021-11-04 10:51:00,770,770,770,770,0
2021-11-04 10:52:00,770,770,770,770,0
2021-11-04 10:53:00,770,770,770,770,1300
2021-11-04 10:54:00,770,770,770,770,400
2021-11-04 10:55:00,770,770,770,770,500
2021-11-04 10:56:00,770,770,770,770,0
2021-11-04 10:57:00,770,770,770,770,0
2021-11-04 10:58:00,770,770,770,770,0
2021-11-04 10:59:00,770,770,770,770,100
2021-11-04 11:00:00,770,770,770,770,200
2021-11-04 11:01:00,770,770,770,770,0
2021-11-04 11:02:00,770,770,770,770,0
2021-11-04 11:03:00,770,770,770,770,100
2021-11-04 11:04:00,770,770,770,770,0
2021-11-04 11:05:00,765,765,765,765,17200
2021-11-04 11:06:00,765,765,765,765,0
2021-11-04 11:07:00,765,765,765,765,0
2021-11-04 11:08:00,765,765,765,765,61900
2021-11-04 11:09:00,765,765,765,765,10600
2021-11-04 11:10:00,765,765,765,765,0
2021-11-04 11:11:00,765,765,765,765,0
2021-11-04 11:12:00,765,765,765,765,23000
2021-11-04 11:13:00,760,760,765,765,1800
2021-11-04 11:14:00,760,760,765,765,0
2021-11-04 11:15:00,760,760,765,765,0
2021-11-04 11:16:00,760,760,765,765,0
2021-11-04 11:17:00,765,765,765,765,8000
2021-11-04 11:18:00,765,765,765,765,100
2021-11-04 11:19:00,765,765,765,765,0
2021-11-04 11:20:00,765,765,765,765,10600
2021-11-04 11:21:00,765,765,765,765,1800
2021-11-04 11:22:00,765,765,765,765,0
2021-11-04 11:23:00,765,765,765,765,0
2021-11-04 11:24:00,765,765,765,765,0
2021-11-04 11:25:00,765,765,765,765,0
2021-11-04 11:26:00,765,765,765,765,0
2021-11-04 11:27:00,765,765,765,765,0
2021-11-04 11:28:00,765,765,765,765,0
2021-11-04 11:29:00,765,765,765,765,0
2021-11-04 11:30:00,765,765,765,765,0
2021-11-04 11:31:00,765,765,765,765,0
2021-11-04 11:32:00,765,765,765,765,0
2021-11-04 11:33:00,765,765,765,765,0
2021-11-04 11:34:00,765,765,765,765,0
2021-11-04 11:35:00,765,765,765,765,0
2021-11-04 11:36:00,765,765,765,765,0
2021-11-04 11:37:00,765,765,765,765,0
2021-11-04 11:38:00,765,765,765,765,0
2021-11-04 11:39:00,765,765,765,765,0
2021-11-04 11:40:00,765,765,765,765,0
2021-11-04 11:41:00,765,765,765,765,0
2021-11-04 11:42:00,765,765,765,765,0
2021-11-04 11:43:00,765,765,765,765,0
2021-11-04 11:44:00,765,765,765,765,0
2021-11-04 11:45:00,765,765,765,765,0
2021-11-04 11:46:00,765,765,765,765,0
2021-11-04 11:47:00,765,765,765,765,0
2021-11-04 11:48:00,765,765,765,765,0
2021-11-04 11:49:00,765,765,765,765,0
2021-11-04 11:50:00,765,765,765,765,0
2021-11-04 11:51:00,765,765,765,765,0
2021-11-04 11:52:00,765,765,765,765,0
2021-11-04 11:53:00,765,765,765,765,0
2021-11-04 11:54:00,765,765,765,765,0
2021-11-04 11:55:00,765,765,765,765,0
2021-11-04 11:56:00,765,765,765,765,0
2021-11-04 11:57:00,765,765,765,765,0
2021-11-04 11:58:00,765,765,765,765,0
2021-11-04 11:59:00,765,765,765,765,0
2021-11-04 12:00:00,765,765,765,765,0
2021-11-04 12:01:00,765,765,765,765,0
2021-11-04 12:02:00,765,765,765,765,0
2021-11-04 12:03:00,765,765,765,765,0
2021-11-04 12:04:00,765,765,765,765,0
2021-11-04 12:05:00,765,765,765,765,0
2021-11-04 12:06:00,765,765,765,765,0
2021-11-04 12:07:00,765,765,765,765,0
2021-11-04 12:08:00,765,765,765,765,0
2021-11-04 12:09:00,765,765,765,765,0
2021-11-04 12:10:00,765,765,765,765,0
2021-11-04 12:11:00,765,765,765,765,0
2021-11-04 12:12:00,765,765,765,765,0
2021-11-04 12:13:00,765,765,765,765,0
2021-11-04 12:14:00,765,765,765,765,0
2021-11-04 12:15:00,765,765,765,765,0
2021-11-04 12:16:00,765,765,765,765,0
2021-11-04 12:17:00,765,765,765,765,0
2021-11-04 12:18:00,765,765,765,765,0
2021-11-04 12:19:00,765,765,765,765,0
2021-11-04 12:20:00,765,765,765,765,0
2021-11-04 12:21:00,765,765,765,765,0
2021-11-04 12:22:00,765,765,765,765,0
2021-11-04 12:23:00,765,765,765,765,0
2021-11-04 12:24:00,765,765,765,765,0
2021-11-04 12:25:00,765,765,765,765,0
2021-11-04 12:26:00,765,765,765,765,0
2021-11-04 12:27:00,765,765,765,765,0
2021-11-04 12:28:00,765,765,765,765,0
2021-11-04 12:29:00,765,765,765,765,0
2021-11-04 12:30:00,765,765,765,765,0
2021-11-04 12:31:00,765,765,765,765,0
2021-11-04 12:32:00,765,765,765,765,0
2021-11-04 12:33:00,765,765,765,765,0
2021-11-04 12:34:00,765,765,765,765,0
2021-11-04 12:35:00,765,765,765,765,0
2021-11-04 12:36:00,765,765,765,765,0
2021-11-04 12:37:00,765,765,765,765,0
2021-11-04 12:38:00,765,765,765,765,0
2021-11-04 12:39:00,765,765,765,765,0
2021-11-04 12:40:00,765,765,765,765,0
2021-11-04 12:41:00,765,765,765,765,0
2021-11-04 12:42:00,765,765,765,765,0
2021-11-04 12:43:00,765,765,765,765,0
2021-11-04 12:44:00,765,765,765,765,0
2021-11-04 12:45:00,765,765,765,765,0
2021-11-04 12:46:00,765,765,765,765,0
2021-11-04 12:47:00,765,765,765,765,0
2021-11-04 12:48:00,765,765,765,765,0
2021-11-04 12:49:00,765,765,765,765,0
2021-11-04 12:50:00,765,765,765,765,0
2021-11-04 12:51:00,765,765,765,765,0
2021-11-04 12:52:00,765,765,765,765,0
2021-11-04 12:53:00,765,765,765,765,0
2021-11-04 12:54:00,765,765,765,765,0
2021-11-04 12:55:00,765,765,765,765,0
2021-11-04 12:56:00,765,765,765,765,0
2021-11-04 12:57:00,765,765,765,765,0
2021-11-04 12:58:00,765,765,765,765,0
2021-11-04 12:59:00,765,765,765,765,0
2021-11-04 13:00:00,765,765,765,765,0
2021-11-04 13:01:00,765,765,765,765,0
2021-11-04 13:02:00,765,765,765,765,0
2021-11-04 13:03:00,765,765,765,765,0
2021-11-04 13:04:00,765,765,765,765,0
2021-11-04 13:05:00,765,765,765,765,0
2021-11-04 13:06:00,765,765,765,765,0
2021-11-04 13:07:00,765,765,765,765,0
2021-11-04 13:08:00,765,765,765,765,0
2021-11-04 13:09:00,765,765,765,765,0
2021-11-04 13:10:00,765,765,765,765,0
2021-11-04 13:11:00,765,765,765,765,0
2021-11-04 13:12:00,765,765,765,765,0
2021-11-04 13:13:00,765,765,765,765,0
2021-11-04 13:14:00,765,765,765,765,0
2021-11-04 13:15:00,765,765,765,765,0
2021-11-04 13:16:00,765,765,765,765,0
2021-11-04 13:17:00,765,765,765,765,0
2021-11-04 13:18:00,765,765,765,765,0
2021-11-04 13:19:00,765,765,765,765,0
2021-11-04 13:20:00,765,765,765,765,0
2021-11-04 13:21:00,765,765,765,765,0
2021-11-04 13:22:00,765,765,765,765,0
2021-11-04 13:23:00,765,765,765,765,0
2021-11-04 13:24:00,765,765,765,765,0
2021-11-04 13:25:00,765,765,765,765,0
2021-11-04 13:26:00,765,765,765,765,0
2021-11-04 13:27:00,765,765,765,765,0
2021-11-04 13:28:00,765,765,765,765,0
2021-11-04 13:29:00,765,765,765,765,0
2021-11-04 13:30:00,765,765,765,765,24500
2021-11-04 13:31:00,765,765,765,765,0
2021-11-04 13:32:00,765,765,765,765,0
2021-11-04 13:33:00,765,765,765,765,0
2021-11-04 13:34:00,765,765,765,765,5000
2021-11-04 13:35:00,765,765,765,765,500
2021-11-04 13:36:00,765,765,765,765,0
2021-11-04 13:37:00,765,765,765,765,5800
2021-11-04 13:38:00,765,765,765,765,100
2021-11-04 13:39:00,765,765,765,765,0
2021-11-04 13:40:00,765,765,765,765,0
2021-11-04 13:41:00,765,765,765,765,0
2021-11-04 13:42:00,765,765,765,765,0
2021-11-04 13:43:00,765,765,770,770,263300
2021-11-04 13:44:00,770,770,775,775,374000
2021-11-04 13:45:00,780,775,780,780,132800
2021-11-04 13:46:00,780,775,780,780,0
2021-11-04 13:47:00,775,775,775,775,6300
2021-11-04 13:48:00,775,775,775,775,700
2021-11-04 13:49:00,780,780,780,780,8000
2021-11-04 13:50:00,780,780,780,780,0
2021-11-04 13:51:00,780,780,780,780,0
2021-11-04 13:52:00,775,775,780,780,10900
2021-11-04 13:53:00,775,775,780,780,0
2021-11-04 13:54:00,780,775,780,775,2500
2021-11-04 13:55:00,780,775,780,775,0
2021-11-04 13:56:00,780,775,780,775,0
2021-11-04 13:57:00,780,780,780,780,100
2021-11-04 13:58:00,780,780,780,780,0
2021-11-04 13:59:00,780,780,780,780,0
2021-11-04 14:00:00,780,780,780,780,0
2021-11-04 14:01:00,780,780,780,780,0
2021-11-04 14:02:00,775,775,775,775,7200
2021-11-04 14:03:00,775,775,775,775,400
2021-11-04 14:04:00,775,775,775,775,0
2021-11-04 14:05:00,775,775,775,775,0
2021-11-04 14:06:00,775,775,775,775,0
2021-11-04 14:07:00,775,775,775,775,0
2021-11-04 14:08:00,775,775,775,775,0
2021-11-04 14:09:00,775,775,775,775,800
2021-11-04 14:10:00,775,775,775,775,1000
2021-11-04 14:11:00,775,775,775,775,0
2021-11-04 14:12:00,775,775,775,775,6700
2021-11-04 14:13:00,775,775,775,775,0
2021-11-04 14:14:00,775,775,775,775,0
2021-11-04 14:15:00,775,775,775,775,3000
2021-11-04 14:16:00,775,775,775,775,0
2021-11-04 14:17:00,775,775,775,775,0
2021-11-04 14:18:00,775,775,775,775,1000
2021-11-04 14:19:00,775,775,775,775,0
2021-11-04 14:20:00,775,775,775,775,5900
2021-11-04 14:21:00,775,775,775,775,0
2021-11-04 14:22:00,775,775,775,775,20000
2021-11-04 14:23:00,775,775,775,775,69700
2021-11-04 14:24:00,775,775,775,775,0
2021-11-04 14:25:00,775,775,775,775,5000
2021-11-04 14:26:00,775,775,775,775,0
2021-11-04 14:27:00,775,775,775,775,4000
2021-11-04 14:28:00,775,775,775,775,0
2021-11-04 14:29:00,775,775,775,775,0
2021-11-04 14:30:00,775,775,775,775,0
2021-11-04 14:31:00,775,775,775,775,0
2021-11-04 14:32:00,775,775,775,775,0
2021-11-04 14:33:00,775,775,775,775,0
2021-11-04 14:34:00,775,775,775,775,500
2021-11-04 14:35:00,775,775,775,775,0
2021-11-04 14:36:00,775,775,775,775,100
2021-11-04 14:37:00,770,770,775,775,46100
2021-11-04 14:38:00,770,770,770,770,100
2021-11-04 14:39:00,770,770,770,770,30000
2021-11-04 14:40:00,770,770,770,770,0
2021-11-04 14:41:00,770,770,770,770,0
2021-11-04 14:42:00,770,770,770,770,0
2021-11-04 14:43:00,770,770,770,770,0
2021-11-04 14:44:00,770,770,770,770,0
2021-11-04 14:45:00,770,770,770,770,200
2021-11-04 14:46:00,770,770,775,775,20300
2021-11-04 14:47:00,775,775,775,775,200
2021-11-04 14:48:00,770,770,770,770,6700
2021-11-04 14:49:00,770,770,770,770,0
2021-11-04 14:50:00,770,770,770,770,0
2021-11-04 14:51:00,770,770,770,770,0
2021-11-04 14:52:00,770,770,770,770,0
2021-11-04 14:53:00,770,770,770,770,0
2021-11-04 14:54:00,770,770,770,770,0
2021-11-04 14:55:00,770,770,770,770,0
2021-11-04 14:56:00,770,770,770,770,0
2021-11-04 14:57:00,770,770,770,770,0
2021-11-04 14:58:00,770,770,770,770,0
2021-11-04 14:59:00,770,770,770,770,0
2021-11-04 15:00:00,775,775,775,775,108800
2021-11-04 15:01:00,775,775,775,775,0
2021-11-04 15:02:00,775,775,775,775,0
2021-11-04 15:03:00,775,775,775,775,0
2021-11-04 15:04:00,775,775,775,775,0
2021-11-04 15:05:00,775,775,775,775,12000
2021-11-04 15:06:00,775,775,775,775,0
2021-11-04 15:07:00,775,775,775,775,0
2021-11-04 15:08:00,775,775,775,775,0
2021-11-04 15:09:00,775,775,775,775,0
2021-11-04 15:10:00,775,775,775,775,16609100
2021-11-04 15:11:00,775,775,775,775,300
2021-11-04 15:12:00,775,775,775,775,0
2021-11-04 15:13:00,775,775,775,775,7100
2021-11-04 15:14:00,775,775,775,775,0
2021-11-04 15:15:00,775,775,775,775,0
2021-11-04 15:16:00,775,775,775,775,0
2021-11-04 15:17:00,775,775,775,775,0
2021-11-04 15:18:00,775,775,775,775,0
2021-11-04 15:19:00,775,775,775,775,0
2021-11-04 15:20:00,775,775,775,775,0
2021-11-04 15:21:00,775,775,775,775,0
2021-11-04 15:22:00,775,775,775,775,0
2021-11-04 15:23:00,775,775,775,775,0
2021-11-04 15:24:00,775,775,775,775,0
2021-11-04 15:25:00,775,775,775,775,0
2021-11-04 15:26:00,775,775,775,775,0
2021-11-04 15:27:00,775,775,775,775,0
2021-11-04 15:28:00,775,775,775,775,0
2021-11-04 15:29:00,775,775,775,775,0
2021-11-04 15:30:00,775,775,775,775,0
2021-11-04 15:31:00,775,775,775,775,0
2021-11-04 15:32:00,775,775,775,775,0
2021-11-04 15:33:00,775,775,775,775,0
2021-11-04 15:34:00,775,775,775,775,0
2021-11-04 15:35:00,775,775,775,775,0
2021-11-04 15:36:00,775,775,775,775,0
2021-11-04 15:37:00,775,775,775,775,0
2021-11-04 15:38:00,775,775,775,775,0
2021-11-04 15:39:00,775,775,775,775,0
2021-11-04 15:40:00,775,775,775,775,0
2021-11-04 15:41:00,775,775,775,775,0
2021-11-04 15:42:00,775,775,775,775,0
2021-11-04 15:43:00,775,775,775,775,0
2021-11-04 15:44:00,775,775,775,775,0
2021-11-04 15:45:00,775,775,775,775,0
2021-11-04 15:46:00,775,775,775,775,0
2021-11-04 15:47:00,775,775,775,775,0
2021-11-04 15:48:00,775,775,775,775,0
2021-11-04 15:49:00,775,775,775,775,0
2021-11-04 15:50:00,775,775,775,775,0
2021-11-04 15:51:00,775,775,775,775,0
2021-11-04 15:52:00,775,775,775,775,0
2021-11-04 15:53:00,775,775,775,775,0
2021-11-04 15:54:00,775,775,775,775,0
2021-11-04 15:55:00,775,775,775,775,0
2021-11-04 15:56:00,775,775,775,775,0
2021-11-04 15:57:00,775,775,775,775,0
2021-11-04 15:58:00,775,775,775,775,0
2021-11-04 15:59:00,775,775,775,775,0
2021-11-05 09:00:00,775,770,775,775,0
2021-11-05 09:01:00,775,775,780,780,558700
2021-11-05 09:02:00,780,780,785,785,243900
2021-11-05 09:03:00,785,785,795,795,661500
2021-11-05 09:04:00,795,785,795,785,384000
2021-11-05 09:05:00,785,770,785,770,344700
2021-11-05 09:06:00,770,755,770,755,436500
2021-11-05 09:07:00,760,760,760,760,15600
2021-11-05 09:08:00,760,760,760,760,6200
2021-11-05 09:09:00,760,755,760,760,9100
2021-11-05 09:10:00,760,760,760,760,3900
2021-11-05 09:11:00,760,760,760,760,3500
2021-11-05 09:12:00,760,760,760,760,0
2021-11-05 09:13:00,760,760,760,760,0
2021-11-05 09:14:00,760,760,760,760,500
2021-11-05 09:15:00,760,760,760,760,3200
2021-11-05 09:16:00,760,760,760,760,1100
2021-11-05 09:17:00,760,760,760,760,600
2021-11-05 09:18:00,760,760,760,760,7500
2021-11-05 09:19:00,760,760,760,760,0
2021-11-05 09:20:00,760,760,760,760,0
2021-11-05 09:21:00,760,760,760,760,1200
2021-11-05 09:22:00,760,760,760,760,0
2021-11-05 09:23:00,760,760,760,760,0
2021-11-05 09:24:00,760,760,760,760,0
2021-11-05 09:25:00,760,755,760,760,19900
2021-11-05 09:26:00,760,755,760,755,12000
2021-11-05 09:27:00,760,755,760,760,2100
2021-11-05 09:28:00,760,760,760,760,44900
2021-11-05 09:29:00,760,760,760,760,300
2021-11-05 09:30:00,760,760,760,760,112800
2021-11-05 09:31:00,760,760,760,760,12700
2021-11-05 09:32:00,760,760,760,760,28800
2021-11-05 09:33:00,760,760,760,760,0
2021-11-05 09:34:00,760,760,760,760,0
2021-11-05 09:35:00,760,760,760,760,0
2021-11-05 09:36:00,760,755,760,755,4400
2021-11-05 09:37:00,760,755,760,755,0
2021-11-05 09:38:00,755,755,755,755,7200
2021-11-05 09:39:00,755,755,755,755,500
2021-11-05 09:40:00,755,755,755,755,6000
2021-11-05 09:41:00,760,760,760,760,100
2021-11-05 09:42:00,760,760,760,760,100
2021-11-05 09:43:00,760,760,760,760,0
2021-11-05 09:44:00,760,760,760,760,0
2021-11-05 09:45:00,760,760,760,760,2000
2021-11-05 09:46:00,760,760,760,760,20100
2021-11-05 09:47:00,755,755,755,755,1000
2021-11-05 09:48:00,760,760,760,760,2900
2021-11-05 09:49:00,760,760,760,760,1200
2021-11-05 09:50:00,760,760,760,760,3500
2021-11-05 09:51:00,760,760,760,760,2400
2021-11-05 09:52:00,760,760,760,760,0
2021-11-05 09:53:00,760,760,760,760,0
2021-11-05 09:54:00,760,760,760,760,0
2021-11-05 09:55:00,760,760,760,760,0
2021-11-05 09:56:00,760,760,760,760,0
2021-11-05 09:57:00,760,760,760,760,3500
2021-11-05 09:58:00,760,760,760,760,10000
2021-11-05 09:59:00,760,760,760,760,0
2021-11-05 10:00:00,755,755,755,755,900
2021-11-05 10:01:00,760,760,760,760,500
2021-11-05 10:02:00,755,755,760,760,3100
2021-11-05 10:03:00,755,755,755,755,20000
2021-11-05 10:04:00,760,760,760,760,1000
2021-11-05 10:05:00,760,760,760,760,1000
2021-11-05 10:06:00,760,760,760,760,0
2021-11-05 10:07:00,760,760,760,760,10400
2021-11-05 10:08:00,760,760,760,760,0
2021-11-05 10:09:00,755,755,755,755,500
2021-11-05 10:10:00,755,755,755,755,200
2021-11-05 10:11:00,755,755,755,755,500
2021-11-05 10:12:00,755,755,755,755,0
2021-11-05 10:13:00,760,760,760,760,7000
2021-11-05 10:14:00,760,760,760,760,6800
2021-11-05 10:15:00,760,760,760,760,0
2021-11-05 10:16:00,760,760,760,760,100
2021-11-05 10:17:00,760,760,760,760,0
2021-11-05 10:18:00,760,760,760,760,0
2021-11-05 10:19:00,760,760,760,760,0
2021-11-05 10:20:00,760,760,760,760,0
2021-11-05 10:21:00,760,760,760,760,0
2021-11-05 10:22:00,765,765,765,765,1500
2021-11-05 10:23:00,765,765,765,765,0
2021-11-05 10:24:00,765,765,765,765,4500
2021-11-05 10:25:00,765,765,765,765,0
2021-11-05 10:26:00,765,765,765,765,0
2021-11-05 10:27:00,765,765,765,765,4500
2021-11-05 10:28:00,765,765,765,765,0
2021-11-05 10:29:00,765,765,765,765,0
2021-11-05 10:30:00,765,765,765,765,1200
2021-11-05 10:31:00,760,760,760,760,17400
2021-11-05 10:32:00,760,760,760,760,0
2021-11-05 10:33:00,760,760,760,760,0
2021-11-05 10:34:00,760,760,760,760,0
2021-11-05 10:35:00,760,760,760,760,0
2021-11-05 10:36:00,760,760,760,760,0
2021-11-05 10:37:00,760,760,760,760,0
2021-11-05 10:38:00,760,760,760,760,0
2021-11-05 10:39:00,760,760,760,760,0
2021-11-05 10:40:00,760,760,760,760,0
2021-11-05 10:41:00,760,760,760,760,0
2021-11-05 10:42:00,760,760,760,760,0
2021-11-05 10:43:00,760,760,760,760,0
2021-11-05 10:44:00,760,760,760,760,0
2021-11-05 10:45:00,760,760,760,760,1700
2021-11-05 10:46:00,760,755,760,755,1800
2021-11-05 10:47:00,755,755,755,755,500
2021-11-05 10:48:00,755,755,755,755,6900
2021-11-05 10:49:00,755,755,755,755,2000
2021-11-05 10:50:00,760,760,760,760,200
2021-11-05 10:51:00,760,760,760,760,0
2021-11-05 10:52:00,760,760,760,760,0
2021-11-05 10:53:00,760,760,760,760,1900
2021-11-05 10:54:00,760,760,760,760,0
2021-11-05 10:55:00,760,760,760,760,0
2021-11-05 10:56:00,755,755,755,755,500
2021-11-05 10:57:00,755,755,755,755,400
2021-11-05 10:58:00,755,755,755,755,0
2021-11-05 10:59:00,755,755,755,755,5000
2021-11-05 11:00:00,755,755,755,755,2000
2021-11-05 11:01:00,755,755,755,755,0
2021-11-05 11:02:00,755,755,755,755,0
2021-11-05 11:03:00,755,755,755,755,0
2021-11-05 11:04:00,755,755,755,755,0
2021-11-05 11:05:00,755,755,755,755,0
2021-11-05 11:06:00,755,755,755,755,0
2021-11-05 11:07:00,755,755,755,755,0
2021-11-05 11:08:00,755,755,755,755,0
2021-11-05 11:09:00,755,755,755,755,0
2021-11-05 11:10:00,755,755,755,755,5000
2021-11-05 11:11:00,755,755,755,755,0
2021-11-05 11:12:00,755,755,755,755,0
2021-11-05 11:13:00,755,755,755,755,0
2021-11-05 11:14:00,755,755,755,755,0
2021-11-05 11:15:00,755,755,755,755,0
2021-11-05 11:16:00,755,755,755,755,0
2021-11-05 11:17:00,755,755,755,755,0
2021-11-05 11:18:00,755,755,755,755,0
2021-11-05 11:19:00,755,755,755,755,0
2021-11-05 11:20:00,760,760,760,760,2000
2021-11-05 11:21:00,760,760,760,760,1000
2021-11-05 11:22:00,760,760,760,760,0
2021-11-05 11:23:00,760,760,760,760,0
2021-11-05 11:24:00,760,760,760,760,0
2021-11-05 11:25:00,760,760,760,760,0
2021-11-05 11:26:00,760,760,760,760,0
2021-11-05 11:27:00,760,760,760,760,500
2021-11-05 11:28:00,760,760,760,760,0
2021-11-05 11:29:00,760,760,760,760,0
2021-11-05 11:30:00,760,760,760,760,0
2021-11-05 11:31:00,760,760,760,760,0
2021-11-05 11:32:00,760,760,760,760,0
2021-11-05 11:33:00,760,760,760,760,0
2021-11-05 11:34:00,760,760,760,760,0
2021-11-05 11:35:00,760,760,760,760,0
2021-11-05 11:36:00,760,760,760,760,0
2021-11-05 11:37:00,760,760,760,760,0
2021-11-05 11:38:00,760,760,760,760,0
2021-11-05 11:39:00,760,760,760,760,0
2021-11-05 11:40:00,760,760,760,760,0
2021-11-05 11:41:00,760,760,760,760,0
2021-11-05 11:42:00,760,760,760,760,0
2021-11-05 11:43:00,760,760,760,760,0
2021-11-05 11:44:00,760,760,760,760,0
2021-11-05 11:45:00,760,760,760,760,0
2021-11-05 11:46:00,760,760,760,760,0
2021-11-05 11:47:00,760,760,760,760,0
2021-11-05 11:48:00,760,760,760,760,0
2021-11-05 11:49:00,760,760,760,760,0
2021-11-05 11:50:00,760,760,760,760,0
2021-11-05 11:51:00,760,760,760,760,0
2021-11-05 11:52:00,760,760,760,760,0
2021-11-05 11:53:00,760,760,760,760,0
2021-11-05 11:54:00,760,760,760,760,0
2021-11-05 11:55:00,760,760,760,760,0
2021-11-05 11:56:00,760,760,760,760,0
2021-11-05 11:57:00,760,760,760,760,0
2021-11-05 11:58:00,760,760,760,760,0
2021-11-05 11:59:00,760,760,760,760,0
2021-11-05 12:00:00,760,760,760,760,0
2021-11-05 12:01:00,760,760,760,760,0
2021-11-05 12:02:00,760,760,760,760,0
2021-11-05 12:03:00,760,760,760,760,0
2021-11-05 12:04:00,760,760,760,760,0
2021-11-05 12:05:00,760,760,760,760,0
2021-11-05 12:06:00,760,760,760,760,0
2021-11-05 12:07:00,760,760,760,760,0
2021-11-05 12:08:00,760,760,760,760,0
2021-11-05 12:09:00,760,760,760,760,0
2021-11-05 12:10:00,760,760,760,760,0
2021-11-05 12:11:00,760,760,760,760,0
2021-11-05 12:12:00,760,760,760,760,0
2021-11-05 12:13:00,760,760,760,760,0
2021-11-05 12:14:00,760,760,760,760,0
2021-11-05 12:15:00,760,760,760,760,0
2021-11-05 12:16:00,760,760,760,760,0
2021-11-05 12:17:00,760,760,760,760,0
2021-11-05 12:18:00,760,760,760,760,0
2021-11-05 12:19:00,760,760,760,760,0
2021-11-05 12:20:00,760,760,760,760,0
2021-11-05 12:21:00,760,760,760,760,0
2021-11-05 12:22:00,760,760,760,760,0
2021-11-05 12:23:00,760,760,760,760,0
2021-11-05 12:24:00,760,760,760,760,0
2021-11-05 12:25:00,760,760,760,760,0
2021-11-05 12:26:00,760,760,760,760,0
2021-11-05 12:27:00,760,760,760,760,0
2021-11-05 12:28:00,760,760,760,760,0
2021-11-05 12:29:00,760,760,760,760,0
2021-11-05 12:30:00,760,760,760,760,0
2021-11-05 12:31:00,760,760,760,760,0
2021-11-05 12:32:00,760,760,760,760,0
2021-11-05 12:33:00,760,760,760,760,0
2021-11-05 12:34:00,760,760,760,760,0
2021-11-05 12:35:00,760,760,760,760,0
2021-11-05 12:36:00,760,760,760,760,0
2021-11-05 12:37:00,760,760,760,760,0
2021-11-05 12:38:00,760,760,760,760,0
2021-11-05 12:39:00,760,760,760,760,0
2021-11-05 12:40:00,760,760,760,760,0
2021-11-05 12:41:00,760,760,760,760,0
2021-11-05 12:42:00,760,760,760,760,0
2021-11-05 12:43:00,760,760,760,760,0
2021-11-05 12:44:00,760,760,760,760,0
2021-11-05 12:45:00,760,760,760,760,0
2021-11-05 12:46:00,760,760,760,760,0
2021-11-05 12:47:00,760,760,760,760,0
2021-11-05 12:48:00,760,760,760,760,0
2021-11-05 12:49:00,760,760,760,760,0
2021-11-05 12:50:00,760,760,760,760,0
2021-11-05 12:51:00,760,760,760,760,0
2021-11-05 12:52:00,760,760,760,760,0
2021-11-05 12:53:00,760,760,760,760,0
2021-11-05 12:54:00,760,760,760,760,0
2021-11-05 12:55:00,760,760,760,760,0
2021-11-05 12:56:00,760,760,760,760,0
2021-11-05 12:57:00,760,760,760,760,0
2021-11-05 12:58:00,760,760,760,760,0
2021-11-05 12:59:00,760,760,760,760,0
2021-11-05 13:00:00,760,760,760,760,0
2021-11-05 13:01:00,760,760,760,760,0
2021-11-05 13:02:00,760,760,760,760,0
2021-11-05 13:03:00,760,760,760,760,0
2021-11-05 13:04:00,760,760,760,760,0
2021-11-05 13:05:00,760,760,760,760,0
2021-11-05 13:06:00,760,760,760,760,0
2021-11-05 13:07:00,760,760,760,760,0
2021-11-05 13:08:00,760,760,760,760,0
2021-11-05 13:09:00,760,760,760,760,0
2021-11-05 13:10:00,760,760,760,760,0
2021-11-05 13:11:00,760,760,760,760,0
2021-11-05 13:12:00,760,760,760,760,0
2021-11-05 13:13:00,760,760,760,760,0
2021-11-05 13:14:00,760,760,760,760,0
2021-11-05 13:15:00,760,760,760,760,0
2021-11-05 13:16:00,760,760,760,760,0
2021-11-05 13:17:00,760,760,760,760,0
2021-11-05 13:18:00,760,760,760,760,0
2021-11-05 13:19:00,760,760,760,760,0
2021-11-05 13:20:00,760,760,760,760,0
2021-11-05 13:21:00,760,760,760,760,0
2021-11-05 13:22:00,760,760,760,760,0
2021-11-05 13:23:00,760,760,760,760,0
2021-11-05 13:24:00,760,760,760,760,0
2021-11-05 13:25:00,760,760,760,760,0
2021-11-05 13:26:00,760,760,760,760,0
2021-11-05 13:27:00,760,760,760,760,0
2021-11-05 13:28:00,760,760,760,760,0
2021-11-05 13:29:00,760,760,760,760,0
2021-11-05 13:30:00,760,760,760,760,101100
2021-11-05 13:31:00,760,760,760,760,3200
2021-11-05 13:32:00,760,760,760,760,0
2021-11-05 13:33:00,760,760,760,760,200
2021-11-05 13:34:00,760,760,760,760,2000
2021-11-05 13:35:00,760,760,760,760,10600
2021-11-05 13:36:00,760,760,760,760,0
2021-11-05 13:37:00,760,760,760,760,0
2021-11-05 13:38:00,760,760,760,760,0
2021-11-05 13:39:00,760,760,760,760,0
2021-11-05 13:40:00,760,760,760,760,40400
2021-11-05 13:41:00,760,760,760,760,0
2021-11-05 13:42:00,760,760,760,760,48800
2021-11-05 13:43:00,765,760,765,760,422500
2021-11-05 13:44:00,760,760,760,760,4900
2021-11-05 13:45:00,760,760,760,760,0
2021-11-05 13:46:00,760,760,760,760,0
2021-11-05 13:47:00,760,760,760,760,8800
2021-11-05 13:48:00,760,760,760,760,0
2021-11-05 13:49:00,760,760,760,760,0
2021-11-05 13:50:00,760,760,760,760,0
2021-11-05 13:51:00,760,760,760,760,0
2021-11-05 13:52:00,760,760,760,760,0
2021-11-05 13:53:00,760,760,760,760,5000
2021-11-05 13:54:00,760,760,760,760,3400
2021-11-05 13:55:00,760,760,760,760,0
2021-11-05 13:56:00,760,760,760,760,0
2021-11-05 13:57:00,760,760,760,760,0
2021-11-05 13:58:00,760,760,760,760,0
2021-11-05 13:59:00,760,760,760,760,0
2021-11-05 14:00:00,760,760,760,760,0
2021-11-05 14:01:00,760,760,760,760,0
2021-11-05 14:02:00,760,760,760,760,100
2021-11-05 14:03:00,760,760,760,760,0
2021-11-05 14:04:00,760,755,760,755,26900
2021-11-05 14:05:00,765,765,765,765,100
2021-11-05 14:06:00,765,765,765,765,0
2021-11-05 14:07:00,765,765,765,765,0
2021-11-05 14:08:00,765,765,765,765,300
2021-11-05 14:09:00,765,765,765,765,0
2021-11-05 14:10:00,765,765,765,765,100
2021-11-05 14:11:00,765,765,765,765,0
2021-11-05 14:12:00,765,765,765,765,0
2021-11-05 14:13:00,765,765,765,765,0
2021-11-05 14:14:00,765,765,765,765,0
2021-11-05 14:15:00,765,765,765,765,0
2021-11-05 14:16:00,765,765,765,765,0
2021-11-05 14:17:00,765,765,765,765,0
2021-11-05 14:18:00,765,765,765,765,0
2021-11-05 14:19:00,765,765,765,765,0
2021-11-05 14:20:00,765,765,765,765,200
2021-11-05 14:21:00,765,765,765,765,0
2021-11-05 14:22:00,765,765,765,765,0
2021-11-05 14:23:00,765,765,765,765,0
2021-11-05 14:24:00,765,765,765,765,0
2021-11-05 14:25:00,765,765,765,765,0
2021-11-05 14:26:00,765,765,765,765,0
2021-11-05 14:27:00,765,765,765,765,0
2021-11-05 14:28:00,765,765,765,765,0
2021-11-05 14:29:00,765,765,765,765,0
2021-11-05 14:30:00,765,765,765,765,0
2021-11-05 14:31:00,765,765,765,765,0
2021-11-05 14:32:00,765,765,765,765,0
2021-11-05 14:33:00,765,765,765,765,0
2021-11-05 14:34:00,760,760,760,760,100
2021-11-05 14:35:00,760,760,760,760,0
2021-11-05 14:36:00,760,760,760,760,8600
2021-11-05 14:37:00,760,760,760,760,0
2021-11-05 14:38:00,760,760,760,760,0
2021-11-05 14:39:00,760,760,760,760,3400
2021-11-05 14:40:00,760,760,760,760,0
2021-11-05 14:41:00,760,760,760,760,0
2021-11-05 14:42:00,760,760,760,760,0
2021-11-05 14:43:00,760,760,760,760,100
2021-11-05 14:44:00,755,755,755,755,2500
2021-11-05 14:45:00,755,755,755,755,2000
2021-11-05 14:46:00,755,755,755,755,0
2021-11-05 14:47:00,755,755,755,755,0
2021-11-05 14:48:00,760,755,760,755,10300
2021-11-05 14:49:00,760,755,760,755,0
2021-11-05 14:50:00,760,755,760,755,0
2021-11-05 14:51:00,760,755,760,755,0
2021-11-05 14:52:00,760,755,760,755,0
2021-11-05 14:53:00,760,755,760,755,0
2021-11-05 14:54:00,760,755,760,755,0
2021-11-05 14:55:00,760,755,760,755,0
2021-11-05 14:56:00,760,755,760,755,0
2021-11-05 14:57:00,760,755,760,755,0
2021-11-05 14:58:00,760,755,760,755,0
2021-11-05 14:59:00,760,755,760,755,0
2021-11-05 15:00:00,755,755,755,755,133100
2021-11-05 15:01:00,755,755,755,755,0
2021-11-05 15:02:00,755,755,755,755,0
2021-11-05 15:03:00,755,755,755,755,0
2021-11-05 15:04:00,755,755,755,755,0
2021-11-05 15:05:00,755,755,755,755,38900
2021-11-05 15:06:00,755,755,755,755,0
2021-11-05 15:07:00,755,755,755,755,0
2021-11-05 15:08:00,755,755,755,755,0
2021-11-05 15:09:00,755,755,755,755,0
2021-11-05 15:10:00,755,755,755,755,0
2021-11-05 15:11:00,755,755,755,755,100000
2021-11-05 15:12:00,755,755,755,755,0
2021-11-05 15:13:00,755,755,755,755,6500
2021-11-05 15:14:00,755,755,755,755,0
2021-11-05 15:15:00,755,755,755,755,0
2021-11-05 15:16:00,755,755,755,755,0
2021-11-05 15:17:00,755,755,755,755,0
2021-11-05 15:18:00,755,755,755,755,0
2021-11-05 15:19:00,755,755,755,755,0
2021-11-05 15:20:00,755,755,755,755,0
2021-11-05 15:21:00,755,755,755,755,0
2021-11-05 15:22:00,755,755,755,755,0
2021-11-05 15:23:00,755,755,755,755,0
2021-11-05 15:24:00,755,755,755,755,0
2021-11-05 15:25:00,755,755,755,755,0
2021-11-05 15:26:00,755,755,755,755,0
2021-11-05 15:27:00,755,755,755,755,0
2021-11-05 15:28:00,755,755,755,755,0
2021-11-05 15:29:00,755,755,755,755,0
2021-11-05 15:30:00,755,755,755,755,0
2021-11-05 15:31:00,755,755,755,755,0
2021-11-05 15:32:00,755,755,755,755,0
2021-11-05 15:33:00,755,755,755,755,0
2021-11-05 15:34:00,755,755,755,755,0
2021-11-05 15:35:00,755,755,755,755,0
2021-11-05 15:36:00,755,755,755,755,0
2021-11-05 15:37:00,755,755,755,755,0
2021-11-05 15:38:00,755,755,755,755,0
2021-11-05 15:39:00,755,755,755,755,0
2021-11-05 15:40:00,755,755,755,755,0
2021-11-05 15:41:00,755,755,755,755,0
2021-11-05 15:42:00,755,755,755,755,0
2021-11-05 15:43:00,755,755,755,755,0
2021-11-05 15:44:00,755,755,755,755,0
2021-11-05 15:45:00,755,755,755,755,0
2021-11-05 15:46:00,755,755,755,755,0
2021-11-05 15:47:00,755,755,755,755,0
2021-11-05 15:48:00,755,755,755,755,0
2021-11-05 15:49:00,755,755,755,755,0
2021-11-05 15:50:00,755,755,755,755,0
2021-11-05 15:51:00,755,755,755,755,0
2021-11-05 15:52:00,755,755,755,755,0
2021-11-05 15:53:00,755,755,755,755,0
2021-11-05 15:54:00,755,755,755,755,0
2021-11-05 15:55:00,755,755,755,755,0
2021-11-05 15:56:00,755,755,755,755,0
2021-11-05 15:57:00,755,755,755,755,0
2021-11-05 15:58:00,755,755,755,755,0
2021-11-05 15:59:00,755,755,755,755,0
2021-11-08 09:00:00,755,755,755,755,0
2021-11-08 09:01:00,755,755,755,755,202000
2021-11-08 09:02:00,750,750,760,760,312400
2021-11-08 09:03:00,760,760,760,760,90600
2021-11-08 09:04:00,760,760,760,760,10000
2021-11-08 09:05:00,760,760,760,760,500
2021-11-08 09:06:00,760,760,760,760,0
2021-11-08 09:07:00,760,760,765,765,73800
2021-11-08 09:08:00,760,760,765,765,0
2021-11-08 09:09:00,765,765,765,765,100
2021-11-08 09:10:00,765,765,765,765,0
2021-11-08 09:11:00,765,765,765,765,0
2021-11-08 09:12:00,765,765,765,765,0
2021-11-08 09:13:00,765,765,765,765,0
2021-11-08 09:14:00,765,765,765,765,0
2021-11-08 09:15:00,765,765,765,765,0
2021-11-08 09:16:00,755,755,760,760,113400
2021-11-08 09:17:00,760,755,760,760,205500
2021-11-08 09:18:00,760,760,760,760,7300
2021-11-08 09:19:00,760,760,760,760,200
2021-11-08 09:20:00,760,760,760,760,0
2021-11-08 09:21:00,760,760,760,760,0
2021-11-08 09:22:00,760,760,760,760,0
2021-11-08 09:23:00,760,760,760,760,0
2021-11-08 09:24:00,760,760,760,760,0
2021-11-08 09:25:00,760,760,760,760,0
2021-11-08 09:26:00,760,760,760,760,300
2021-11-08 09:27:00,760,760,760,760,900
2021-11-08 09:28:00,760,760,760,760,0
2021-11-08 09:29:00,760,760,760,760,0
2021-11-08 09:30:00,760,760,760,760,2000
2021-11-08 09:31:00,760,760,760,760,100
2021-11-08 09:32:00,760,760,760,760,0
2021-11-08 09:33:00,760,760,760,760,0
2021-11-08 09:34:00,760,760,760,760,0
2021-11-08 09:35:00,760,760,760,760,0
2021-11-08 09:36:00,760,760,760,760,0
2021-11-08 09:37:00,760,760,760,760,0
2021-11-08 09:38:00,760,760,760,760,0
2021-11-08 09:39:00,760,760,760,760,0
2021-11-08 09:40:00,760,760,760,760,0
2021-11-08 09:41:00,760,760,760,760,0
2021-11-08 09:42:00,760,760,760,760,0
2021-11-08 09:43:00,760,760,760,760,0
2021-11-08 09:44:00,760,760,760,760,0
2021-11-08 09:45:00,760,760,760,760,0
2021-11-08 09:46:00,760,760,760,760,0
2021-11-08 09:47:00,755,755,755,755,200
2021-11-08 09:48:00,755,755,755,755,0
2021-11-08 09:49:00,755,755,755,755,100000
2021-11-08 09:50:00,755,755,755,755,30000
2021-11-08 09:51:00,755,755,755,755,0
2021-11-08 09:52:00,755,755,755,755,0
2021-11-08 09:53:00,755,755,760,760,2400
2021-11-08 09:54:00,755,755,760,760,0
2021-11-08 09:55:00,755,755,760,760,0
2021-11-08 09:56:00,755,755,755,755,26100
2021-11-08 09:57:00,755,755,755,755,0
2021-11-08 09:58:00,755,755,755,755,0
2021-11-08 09:59:00,750,750,755,755,16500
2021-11-08 10:00:00,750,750,755,755,0
2021-11-08 10:01:00,760,760,760,760,139500
2021-11-08 10:02:00,765,765,770,770,520300
2021-11-08 10:03:00,770,770,775,775,270500
2021-11-08 10:04:00,775,775,775,775,23000
2021-11-08 10:05:00,770,770,770,770,200
2021-11-08 10:06:00,770,770,770,770,17000
2021-11-08 10:07:00,770,770,770,770,0
2021-11-08 10:08:00,770,765,770,765,72300
2021-11-08 10:09:00,770,765,770,765,0
2021-11-08 10:10:00,770,765,770,765,0
2021-11-08 10:11:00,770,765,770,765,0
2021-11-08 10:12:00,770,765,770,765,0
2021-11-08 10:13:00,770,765,770,765,0
2021-11-08 10:14:00,765,765,765,765,100
2021-11-08 10:15:00,765,765,765,765,0
2021-11-08 10:16:00,765,765,765,765,0
2021-11-08 10:17:00,765,765,765,765,0
2021-11-08 10:18:00,765,765,765,765,0
2021-11-08 10:19:00,760,760,760,760,8300
2021-11-08 10:20:00,760,760,760,760,0
2021-11-08 10:21:00,765,760,765,760,10000
2021-11-08 10:22:00,765,760,765,760,0
2021-11-08 10:23:00,765,760,765,760,0
2021-11-08 10:24:00,765,760,765,760,0
2021-11-08 10:25:00,765,760,765,760,0
2021-11-08 10:26:00,770,770,770,770,900
2021-11-08 10:27:00,770,770,770,770,0
2021-11-08 10:28:00,770,770,770,770,0
2021-11-08 10:29:00,770,770,770,770,0
2021-11-08 10:30:00,770,770,770,770,0
2021-11-08 10:31:00,770,770,770,770,0
2021-11-08 10:32:00,770,770,770,770,0
2021-11-08 10:33:00,770,770,770,770,0
2021-11-08 10:34:00,770,760,770,760,10100
2021-11-08 10:35:00,770,760,770,760,0
2021-11-08 10:36:00,770,760,770,760,0
2021-11-08 10:37:00,770,760,770,760,0
2021-11-08 10:38:00,770,760,770,760,0
2021-11-08 10:39:00,770,760,770,760,0
2021-11-08 10:40:00,770,760,770,760,0
2021-11-08 10:41:00,770,760,770,760,0
2021-11-08 10:42:00,770,760,770,760,0
2021-11-08 10:43:00,770,760,770,760,0
2021-11-08 10:44:00,770,760,770,760,0
2021-11-08 10:45:00,770,760,770,760,0
2021-11-08 10:46:00,770,760,770,760,0
2021-11-08 10:47:00,770,760,770,760,0
2021-11-08 10:48:00,770,760,770,760,0
2021-11-08 10:49:00,770,760,770,760,0
2021-11-08 10:50:00,770,760,770,760,0
2021-11-08 10:51:00,770,760,770,760,0
2021-11-08 10:52:00,760,760,760,760,3400
2021-11-08 10:53:00,760,760,760,760,0
2021-11-08 10:54:00,760,760,760,760,0
2021-11-08 10:55:00,760,760,760,760,0
2021-11-08 10:56:00,760,760,760,760,0
2021-11-08 10:57:00,760,760,760,760,0
2021-11-08 10:58:00,760,760,760,760,0
2021-11-08 10:59:00,760,760,760,760,0
2021-11-08 11:00:00,760,760,760,760,0
2021-11-08 11:01:00,760,760,760,760,0
2021-11-08 11:02:00,760,760,760,760,0
2021-11-08 11:03:00,760,760,760,760,0
2021-11-08 11:04:00,760,760,760,760,0
2021-11-08 11:05:00,760,760,760,760,0
2021-11-08 11:06:00,760,760,760,760,0
2021-11-08 11:07:00,760,760,760,760,0
2021-11-08 11:08:00,760,760,760,760,0
2021-11-08 11:09:00,760,760,760,760,0
2021-11-08 11:10:00,760,760,760,760,0
2021-11-08 11:11:00,760,760,760,760,0
2021-11-08 11:12:00,760,760,760,760,0
2021-11-08 11:13:00,760,760,760,760,0
2021-11-08 11:14:00,760,760,760,760,0
2021-11-08 11:15:00,760,760,760,760,0
2021-11-08 11:16:00,760,760,760,760,0
2021-11-08 11:17:00,765,765,765,765,10800
2021-11-08 11:18:00,765,765,765,765,0
2021-11-08 11:19:00,765,765,765,765,0
2021-11-08 11:20:00,765,765,765,765,0
2021-11-08 11:21:00,770,770,770,770,100
2021-11-08 11:22:00,765,765,765,765,110700
2021-11-08 11:23:00,765,765,765,765,0
2021-11-08 11:24:00,765,765,765,765,0
2021-11-08 11:25:00,765,765,765,765,0
2021-11-08 11:26:00,765,765,765,765,200
2021-11-08 11:27:00,765,765,765,765,0
2021-11-08 11:28:00,765,765,765,765,0
2021-11-08 11:29:00,765,765,765,765,0
2021-11-08 11:30:00,765,765,765,765,0
2021-11-08 11:31:00,765,765,765,765,0
2021-11-08 11:32:00,765,765,765,765,0
2021-11-08 11:33:00,765,765,765,765,0
2021-11-08 11:34:00,765,765,765,765,0
2021-11-08 11:35:00,765,765,765,765,0
2021-11-08 11:36:00,765,765,765,765,0
2021-11-08 11:37:00,765,765,765,765,0
2021-11-08 11:38:00,765,765,765,765,0
2021-11-08 11:39:00,765,765,765,765,0
2021-11-08 11:40:00,765,765,765,765,0
2021-11-08 11:41:00,765,765,765,765,0
2021-11-08 11:42:00,765,765,765,765,0
2021-11-08 11:43:00,765,765,765,765,0
2021-11-08 11:44:00,765,765,765,765,0
2021-11-08 11:45:00,765,765,765,765,0
2021-11-08 11:46:00,765,765,765,765,0
2021-11-08 11:47:00,765,765,765,765,0
2021-11-08 11:48:00,765,765,765,765,0
2021-11-08 11:49:00,765,765,765,765,0
2021-11-08 11:50:00,765,765,765,765,0
2021-11-08 11:51:00,765,765,765,765,0
2021-11-08 11:52:00,765,765,765,765,0
2021-11-08 11:53:00,765,765,765,765,0
2021-11-08 11:54:00,765,765,765,765,0
2021-11-08 11:55:00,765,765,765,765,0
2021-11-08 11:56:00,765,765,765,765,0
2021-11-08 11:57:00,765,765,765,765,0
2021-11-08 11:58:00,765,765,765,765,0
2021-11-08 11:59:00,765,765,765,765,0
2021-11-08 12:00:00,765,765,765,765,0
2021-11-08 12:01:00,765,765,765,765,0
2021-11-08 12:02:00,765,765,765,765,0
2021-11-08 12:03:00,765,765,765,765,0
2021-11-08 12:04:00,765,765,765,765,0
2021-11-08 12:05:00,765,765,765,765,0
2021-11-08 12:06:00,765,765,765,765,0
2021-11-08 12:07:00,765,765,765,765,0
2021-11-08 12:08:00,765,765,765,765,0
2021-11-08 12:09:00,765,765,765,765,0
2021-11-08 12:10:00,765,765,765,765,0
2021-11-08 12:11:00,765,765,765,765,0
2021-11-08 12:12:00,765,765,765,765,0
2021-11-08 12:13:00,765,765,765,765,0
2021-11-08 12:14:00,765,765,765,765,0
2021-11-08 12:15:00,765,765,765,765,0
2021-11-08 12:16:00,765,765,765,765,0
2021-11-08 12:17:00,765,765,765,765,0
2021-11-08 12:18:00,765,765,765,765,0
2021-11-08 12:19:00,765,765,765,765,0
2021-11-08 12:20:00,765,765,765,765,0
2021-11-08 12:21:00,765,765,765,765,0
2021-11-08 12:22:00,765,765,765,765,0
2021-11-08 12:23:00,765,765,765,765,0
2021-11-08 12:24:00,765,765,765,765,0
2021-11-08 12:25:00,765,765,765,765,0
2021-11-08 12:26:00,765,765,765,765,0
2021-11-08 12:27:00,765,765,765,765,0
2021-11-08 12:28:00,765,765,765,765,0
2021-11-08 12:29:00,765,765,765,765,0
2021-11-08 12:30:00,765,765,765,765,0
2021-11-08 12:31:00,765,765,765,765,0
2021-11-08 12:32:00,765,765,765,765,0
2021-11-08 12:33:00,765,765,765,765,0
2021-11-08 12:34:00,765,765,765,765,0
2021-11-08 12:35:00,765,765,765,765,0
2021-11-08 12:36:00,765,765,765,765,0
2021-11-08 12:37:00,765,765,765,765,0
2021-11-08 12:38:00,765,765,765,765,0
2021-11-08 12:39:00,765,765,765,765,0
2021-11-08 12:40:00,765,765,765,765,0
2021-11-08 12:41:00,765,765,765,765,0
2021-11-08 12:42:00,765,765,765,765,0
2021-11-08 12:43:00,765,765,765,765,0
2021-11-08 12:44:00,765,765,765,765,0
2021-11-08 12:45:00,765,765,765,765,0
2021-11-08 12:46:00,765,765,765,765,0
2021-11-08 12:47:00,765,765,765,765,0
2021-11-08 12:48:00,765,765,765,765,0
2021-11-08 12:49:00,765,765,765,765,0
2021-11-08 12:50:00,765,765,765,765,0
2021-11-08 12:51:00,765,765,765,765,0
2021-11-08 12:52:00,765,765,765,765,0
2021-11-08 12:53:00,765,765,765,765,0
2021-11-08 12:54:00,765,765,765,765,0
2021-11-08 12:55:00,765,765,765,765,0
2021-11-08 12:56:00,765,765,765,765,0
2021-11-08 12:57:00,765,765,765,765,0
2021-11-08 12:58:00,765,765,765,765,0
2021-11-08 12:59:00,765,765,765,765,0
2021-11-08 13:00:00,765,765,765,765,0
2021-11-08 13:01:00,765,765,765,765,0
2021-11-08 13:02:00,765,765,765,765,0
2021-11-08 13:03:00,765,765,765,765,0
2021-11-08 13:04:00,765,765,765,765,0
2021-11-08 13:05:00,765,765,765,765,0
2021-11-08 13:06:00,765,765,765,765,0
2021-11-08 13:07:00,765,765,765,765,0
2021-11-08 13:08:00,765,765,765,765,0
2021-11-08 13:09:00,765,765,765,765,0
2021-11-08 13:10:00,765,765,765,765,0
2021-11-08 13:11:00,765,765,765,765,0
2021-11-08 13:12:00,765,765,765,765,0
2021-11-08 13:13:00,765,765,765,765,0
2021-11-08 13:14:00,765,765,765,765,0
2021-11-08 13:15:00,765,765,765,765,0
2021-11-08 13:16:00,765,765,765,765,0
2021-11-08 13:17:00,765,765,765,765,0
2021-11-08 13:18:00,765,765,765,765,0
2021-11-08 13:19:00,765,765,765,765,0
2021-11-08 13:20:00,765,765,765,765,0
2021-11-08 13:21:00,765,765,765,765,0
2021-11-08 13:22:00,765,765,765,765,0
2021-11-08 13:23:00,765,765,765,765,0
2021-11-08 13:24:00,765,765,765,765,0
2021-11-08 13:25:00,765,765,765,765,0
2021-11-08 13:26:00,765,765,765,765,0
2021-11-08 13:27:00,765,765,765,765,0
2021-11-08 13:28:00,765,765,765,765,0
2021-11-08 13:29:00,765,765,765,765,0
2021-11-08 13:30:00,765,765,765,765,25000
2021-11-08 13:31:00,765,765,765,765,0
2021-11-08 13:32:00,765,765,765,765,10000
2021-11-08 13:33:00,765,765,765,765,0
2021-11-08 13:34:00,765,760,765,765,668300
2021-11-08 13:35:00,765,765,770,765,181200
2021-11-08 13:36:00,770,770,770,770,381900
2021-11-08 13:37:00,770,770,775,770,319100
2021-11-08 13:38:00,775,775,775,775,356600
2021-11-08 13:39:00,775,775,780,780,235800
2021-11-08 13:40:00,780,775,780,775,361500
2021-11-08 13:41:00,780,780,790,790,565300
2021-11-08 13:42:00,785,785,790,790,632900
2021-11-08 13:43:00,790,785,790,790,162100
2021-11-08 13:44:00,790,785,790,785,265100
2021-11-08 13:45:00,785,780,785,785,111800
2021-11-08 13:46:00,785,780,785,780,9400
2021-11-08 13:47:00,780,780,780,780,30800
2021-11-08 13:48:00,780,780,780,780,2700
2021-11-08 13:49:00,780,780,780,780,12800
2021-11-08 13:50:00,780,780,780,780,1500
2021-11-08 13:51:00,780,780,780,780,0
2021-11-08 13:52:00,780,780,780,780,10500
2021-11-08 13:53:00,780,780,780,780,0
2021-11-08 13:54:00,775,775,775,775,81500
2021-11-08 13:55:00,775,775,775,775,0
2021-11-08 13:56:00,770,770,770,770,5400
2021-11-08 13:57:00,775,775,775,775,1000
2021-11-08 13:58:00,775,775,775,775,0
2021-11-08 13:59:00,775,775,775,775,0
2021-11-08 14:00:00,775,775,775,775,0
2021-11-08 14:01:00,775,775,775,775,14900
2021-11-08 14:02:00,775,775,775,775,100
2021-11-08 14:03:00,775,775,775,775,0
2021-11-08 14:04:00,775,775,775,775,0
2021-11-08 14:05:00,775,775,775,775,0
2021-11-08 14:06:00,775,775,775,775,0
2021-11-08 14:07:00,775,775,775,775,3700
2021-11-08 14:08:00,775,775,775,775,325700
2021-11-08 14:09:00,775,770,780,770,86500
2021-11-08 14:10:00,775,770,780,770,79000
2021-11-08 14:11:00,775,775,775,775,10000
2021-11-08 14:12:00,780,780,780,780,4000
2021-11-08 14:13:00,780,780,780,780,57700
2021-11-08 14:14:00,780,780,780,780,260100
2021-11-08 14:15:00,780,780,780,780,39900
2021-11-08 14:16:00,785,785,790,785,419300
2021-11-08 14:17:00,785,785,785,785,295400
2021-11-08 14:18:00,785,785,785,785,5000
2021-11-08 14:19:00,785,785,785,785,7500
2021-11-08 14:20:00,785,785,785,785,0
2021-11-08 14:21:00,780,780,785,785,378700
2021-11-08 14:22:00,785,785,785,785,173400
2021-11-08 14:23:00,785,785,785,785,3100
2021-11-08 14:24:00,785,785,785,785,51000
2021-11-08 14:25:00,785,785,785,785,0
2021-11-08 14:26:00,790,790,790,790,100
2021-11-08 14:27:00,790,790,790,790,0
2021-11-08 14:28:00,785,785,785,785,210000
2021-11-08 14:29:00,785,785,785,785,148300
2021-11-08 14:30:00,785,785,790,790,114100
2021-11-08 14:31:00,785,785,785,785,110600
2021-11-08 14:32:00,785,785,785,785,53900
2021-11-08 14:33:00,790,790,790,790,1173500
2021-11-08 14:34:00,790,790,795,795,202400
2021-11-08 14:35:00,795,790,795,790,25400
2021-11-08 14:36:00,790,790,795,790,431000
2021-11-08 14:37:00,790,790,795,795,8100
2021-11-08 14:38:00,790,790,790,790,250100
2021-11-08 14:39:00,790,790,790,790,209300
2021-11-08 14:40:00,790,790,790,790,200000
2021-11-08 14:41:00,790,790,790,790,64200
2021-11-08 14:42:00,790,790,790,790,1000
2021-11-08 14:43:00,790,790,790,790,204700
2021-11-08 14:44:00,790,790,790,790,800
2021-11-08 14:45:00,790,790,795,795,202800
2021-11-08 14:46:00,795,790,795,790,301900
2021-11-08 14:47:00,795,790,795,790,0
2021-11-08 14:48:00,795,795,800,800,1118800
2021-11-08 14:49:00,800,795,800,795,356900
2021-11-08 14:50:00,800,800,800,800,3500
2021-11-08 14:51:00,800,800,800,800,0
2021-11-08 14:52:00,800,800,800,800,0
2021-11-08 14:53:00,800,800,800,800,0
2021-11-08 14:54:00,800,800,800,800,0
2021-11-08 14:55:00,800,800,800,800,0
2021-11-08 14:56:00,800,800,800,800,0
2021-11-08 14:57:00,800,800,800,800,0
2021-11-08 14:58:00,800,800,800,800,0
2021-11-08 14:59:00,800,800,800,800,0
2021-11-08 15:00:00,795,795,795,795,2028400
2021-11-08 15:01:00,795,795,795,795,0
2021-11-08 15:02:00,795,795,795,795,0
2021-11-08 15:03:00,795,795,795,795,0
2021-11-08 15:04:00,795,795,795,795,0
2021-11-08 15:05:00,795,795,795,795,308300
2021-11-08 15:06:00,795,795,795,795,13500
2021-11-08 15:07:00,795,795,795,795,0
2021-11-08 15:08:00,795,795,795,795,4500
2021-11-08 15:09:00,795,795,795,795,0
2021-11-08 15:10:00,795,795,795,795,3700
2021-11-08 15:11:00,795,795,795,795,1500
2021-11-08 15:12:00,795,795,795,795,10200
2021-11-08 15:13:00,795,795,795,795,0
2021-11-08 15:14:00,795,795,795,795,0
2021-11-08 15:15:00,795,795,795,795,0
2021-11-08 15:16:00,795,795,795,795,0
2021-11-08 15:17:00,795,795,795,795,0
2021-11-08 15:18:00,795,795,795,795,0
2021-11-08 15:19:00,795,795,795,795,0
2021-11-08 15:20:00,795,795,795,795,0
2021-11-08 15:21:00,795,795,795,795,0
2021-11-08 15:22:00,795,795,795,795,0
2021-11-08 15:23:00,795,795,795,795,0
2021-11-08 15:24:00,795,795,795,795,0
2021-11-08 15:25:00,795,795,795,795,0
2021-11-08 15:26:00,795,795,795,795,0
2021-11-08 15:27:00,795,795,795,795,0
2021-11-08 15:28:00,795,795,795,795,0
2021-11-08 15:29:00,795,795,795,795,0
2021-11-08 15:30:00,795,795,795,795,0
2021-11-08 15:31:00,795,795,795,795,0
2021-11-08 15:32:00,795,795,795,795,0
2021-11-08 15:33:00,795,795,795,795,0
2021-11-08 15:34:00,795,795,795,795,0
2021-11-08 15:35:00,795,795,795,795,0
2021-11-08 15:36:00,795,795,795,795,0
2021-11-08 15:37:00,795,795,795,795,0
2021-11-08 15:38:00,795,795,795,795,0
2021-11-08 15:39:00,795,795,795,795,0
2021-11-08 15:40:00,795,795,795,795,0
2021-11-08 15:41:00,795,795,795,795,0
2021-11-08 15:42:00,795,795,795,795,0
2021-11-08 15:43:00,795,795,795,795,0
2021-11-08 15:44:00,795,795,795,795,0
2021-11-08 15:45:00,795,795,795,795,0
2021-11-08 15:46:00,795,795,795,795,0
2021-11-08 15:47:00,795,795,795,795,0
2021-11-08 15:48:00,795,795,795,795,0
2021-11-08 15:49:00,795,795,795,795,0
2021-11-08 15:50:00,795,795,795,795,0
2021-11-08 15:51:00,795,795,795,795,0
2021-11-08 15:52:00,795,795,795,795,0
2021-11-08 15:53:00,795,795,795,795,0
2021-11-08 15:54:00,795,795,795,795,0
2021-11-08 15:55:00,795,795,795,795,0
2021-11-08 15:56:00,795,795,795,795,0
2021-11-08 15:57:00,795,795,795,795,0
2021-11-08 15:58:00,795,795,795,795,0
2021-11-08 15:59:00,795,795,795,795,0
2021-11-09 09:00:00,800,795,800,795,0
2021-11-09 09:01:00,790,790,795,790,41800
2021-11-09 09:02:00,795,795,800,800,60900
2021-11-09 09:03:00,800,800,805,805,640300
2021-11-09 09:04:00,800,800,805,800,283300
2021-11-09 09:05:00,795,795,795,795,137300
2021-11-09 09:06:00,795,790,795,790,112900
2021-11-09 09:07:00,790,790,790,790,30500
2021-11-09 09:08:00,790,790,790,790,0
2021-11-09 09:09:00,790,790,790,790,100
2021-11-09 09:10:00,790,790,790,790,200
2021-11-09 09:11:00,790,790,790,790,3000
2021-11-09 09:12:00,790,790,790,790,0
2021-11-09 09:13:00,790,790,790,790,0
2021-11-09 09:14:00,790,785,790,785,5000
2021-11-09 09:15:00,785,785,785,785,8500
2021-11-09 09:16:00,785,785,785,785,0
2021-11-09 09:17:00,785,785,785,785,0
2021-11-09 09:18:00,785,785,785,785,0
2021-11-09 09:19:00,785,785,785,785,0
2021-11-09 09:20:00,785,785,785,785,2800
2021-11-09 09:21:00,790,790,790,790,100
2021-11-09 09:22:00,790,790,790,790,2300
2021-11-09 09:23:00,790,790,790,790,0
2021-11-09 09:24:00,790,790,790,790,5000
2021-11-09 09:25:00,790,790,790,790,0
2021-11-09 09:26:00,790,790,790,790,1100
2021-11-09 09:27:00,790,785,790,785,31500
2021-11-09 09:28:00,785,785,785,785,300
2021-11-09 09:29:00,785,785,785,785,0
2021-11-09 09:30:00,785,785,785,785,0
2021-11-09 09:31:00,785,785,785,785,100
2021-11-09 09:32:00,785,785,785,785,10100
2021-11-09 09:33:00,785,785,785,785,0
2021-11-09 09:34:00,785,785,785,785,0
2021-11-09 09:35:00,785,785,785,785,0
2021-11-09 09:36:00,785,785,785,785,10400
2021-11-09 09:37:00,785,785,785,785,300
2021-11-09 09:38:00,785,785,785,785,0
2021-11-09 09:39:00,790,790,790,790,100000
2021-11-09 09:40:00,785,785,790,790,199800
2021-11-09 09:41:00,790,790,795,795,1900
2021-11-09 09:42:00,790,790,790,790,80600
2021-11-09 09:43:00,785,785,785,785,5000
2021-11-09 09:44:00,785,785,785,785,0
2021-11-09 09:45:00,785,785,785,785,0
2021-11-09 09:46:00,785,785,785,785,0
2021-11-09 09:47:00,790,790,790,790,99500
2021-11-09 09:48:00,795,795,795,795,100
2021-11-09 09:49:00,795,795,795,795,0
2021-11-09 09:50:00,795,795,795,795,0
2021-11-09 09:51:00,795,795,795,795,0
2021-11-09 09:52:00,795,795,795,795,0
2021-11-09 09:53:00,795,795,795,795,0
2021-11-09 09:54:00,795,795,795,795,0
2021-11-09 09:55:00,795,795,795,795,0
2021-11-09 09:56:00,795,795,795,795,1000
2021-11-09 09:57:00,790,790,790,790,100000
2021-11-09 09:58:00,790,790,790,790,0
2021-11-09 09:59:00,795,795,795,795,69800
2021-11-09 10:00:00,795,795,795,795,331700
2021-11-09 10:01:00,795,795,795,795,220100
2021-11-09 10:02:00,795,795,800,800,523200
2021-11-09 10:03:00,800,800,800,800,263800
2021-11-09 10:04:00,800,800,800,800,294800
2021-11-09 10:05:00,805,800,805,805,533900
2021-11-09 10:06:00,805,805,805,805,30400
2021-11-09 10:07:00,805,805,805,805,0
2021-11-09 10:08:00,800,795,800,795,223700
2021-11-09 10:09:00,795,795,800,800,6600
2021-11-09 10:10:00,795,795,800,800,0
2021-11-09 10:11:00,795,795,800,800,0
2021-11-09 10:12:00,795,795,800,800,0
2021-11-09 10:13:00,800,800,800,800,4200
2021-11-09 10:14:00,800,800,800,800,0
2021-11-09 10:15:00,800,800,800,800,0
2021-11-09 10:16:00,800,800,800,800,0
2021-11-09 10:17:00,800,800,800,800,2000
2021-11-09 10:18:00,800,800,800,800,100
2021-11-09 10:19:00,800,800,800,800,50000
2021-11-09 10:20:00,800,800,800,800,0
2021-11-09 10:21:00,800,800,800,800,3000
2021-11-09 10:22:00,800,800,800,800,0
2021-11-09 10:23:00,800,800,800,800,0
2021-11-09 10:24:00,800,800,800,800,0
2021-11-09 10:25:00,800,800,800,800,0
2021-11-09 10:26:00,800,800,800,800,0
2021-11-09 10:27:00,800,800,800,800,6200
2021-11-09 10:28:00,800,800,800,800,0
2021-11-09 10:29:00,800,800,800,800,32900
2021-11-09 10:30:00,800,800,800,800,400
2021-11-09 10:31:00,800,800,800,800,0
2021-11-09 10:32:00,800,800,800,800,0
2021-11-09 10:33:00,800,800,800,800,0
2021-11-09 10:34:00,800,800,800,800,200
2021-11-09 10:35:00,800,800,800,800,0
2021-11-09 10:36:00,800,800,800,800,0
2021-11-09 10:37:00,800,800,800,800,0
2021-11-09 10:38:00,800,800,800,800,0
2021-11-09 10:39:00,800,800,800,800,20000
2021-11-09 10:40:00,800,800,800,800,0
2021-11-09 10:41:00,800,800,800,800,3000
2021-11-09 10:42:00,800,800,800,800,0
2021-11-09 10:43:00,800,800,800,800,0
2021-11-09 10:44:00,800,800,800,800,0
2021-11-09 10:45:00,800,800,800,800,100
2021-11-09 10:46:00,800,800,800,800,0
2021-11-09 10:47:00,800,800,800,800,0
2021-11-09 10:48:00,800,800,800,800,0
2021-11-09 10:49:00,800,800,800,800,0
2021-11-09 10:50:00,800,800,800,800,0
2021-11-09 10:51:00,800,800,800,800,0
2021-11-09 10:52:00,800,800,800,800,0
2021-11-09 10:53:00,800,800,800,800,0
2021-11-09 10:54:00,800,800,800,800,0
2021-11-09 10:55:00,800,800,800,800,0
2021-11-09 10:56:00,800,800,800,800,0
2021-11-09 10:57:00,800,800,800,800,0
2021-11-09 10:58:00,800,800,800,800,7500
2021-11-09 10:59:00,800,800,800,800,0
2021-11-09 11:00:00,800,800,800,800,0
2021-11-09 11:01:00,800,800,800,800,0
2021-11-09 11:02:00,800,800,800,800,500
2021-11-09 11:03:00,800,800,800,800,0
2021-11-09 11:04:00,800,800,800,800,0
2021-11-09 11:05:00,800,800,800,800,50000
2021-11-09 11:06:00,800,800,800,800,0
2021-11-09 11:07:00,800,800,800,800,0
2021-11-09 11:08:00,800,800,800,800,35000
2021-11-09 11:09:00,800,800,800,800,0
2021-11-09 11:10:00,800,800,800,800,0
2021-11-09 11:11:00,800,800,800,800,0
2021-11-09 11:12:00,800,800,800,800,0
2021-11-09 11:13:00,800,800,800,800,0
2021-11-09 11:14:00,800,800,800,800,0
2021-11-09 11:15:00,800,800,800,800,0
2021-11-09 11:16:00,800,800,800,800,0
2021-11-09 11:17:00,800,800,800,800,0
2021-11-09 11:18:00,800,800,800,800,0
2021-11-09 11:19:00,800,800,800,800,0
2021-11-09 11:20:00,800,800,800,800,0
2021-11-09 11:21:00,800,800,800,800,0
2021-11-09 11:22:00,800,800,800,800,20000
2021-11-09 11:23:00,800,800,800,800,0
2021-11-09 11:24:00,800,800,800,800,0
2021-11-09 11:25:00,800,800,800,800,0
2021-11-09 11:26:00,800,800,800,800,0
2021-11-09 11:27:00,800,800,800,800,0
2021-11-09 11:28:00,800,800,800,800,0
2021-11-09 11:29:00,800,800,800,800,0
2021-11-09 11:30:00,800,800,800,800,0
2021-11-09 11:31:00,800,800,800,800,0
2021-11-09 11:32:00,800,800,800,800,0
2021-11-09 11:33:00,800,800,800,800,0
2021-11-09 11:34:00,800,800,800,800,0
2021-11-09 11:35:00,800,800,800,800,0
2021-11-09 11:36:00,800,800,800,800,0
2021-11-09 11:37:00,800,800,800,800,0
2021-11-09 11:38:00,800,800,800,800,0
2021-11-09 11:39:00,800,800,800,800,0
2021-11-09 11:40:00,800,800,800,800,0
2021-11-09 11:41:00,800,800,800,800,0
2021-11-09 11:42:00,800,800,800,800,0
2021-11-09 11:43:00,800,800,800,800,0
2021-11-09 11:44:00,800,800,800,800,0
2021-11-09 11:45:00,800,800,800,800,0
2021-11-09 11:46:00,800,800,800,800,0
2021-11-09 11:47:00,800,800,800,800,0
2021-11-09 11:48:00,800,800,800,800,0
2021-11-09 11:49:00,800,800,800,800,0
2021-11-09 11:50:00,800,800,800,800,0
2021-11-09 11:51:00,800,800,800,800,0
2021-11-09 11:52:00,800,800,800,800,0
2021-11-09 11:53:00,800,800,800,800,0
2021-11-09 11:54:00,800,800,800,800,0
2021-11-09 11:55:00,800,800,800,800,0
2021-11-09 11:56:00,800,800,800,800,0
2021-11-09 11:57:00,800,800,800,800,0
2021-11-09 11:58:00,800,800,800,800,0
2021-11-09 11:59:00,800,800,800,800,0
2021-11-09 12:00:00,800,800,800,800,0
2021-11-09 12:01:00,800,800,800,800,0
2021-11-09 12:02:00,800,800,800,800,0
2021-11-09 12:03:00,800,800,800,800,0
2021-11-09 12:04:00,800,800,800,800,0
2021-11-09 12:05:00,800,800,800,800,0
2021-11-09 12:06:00,800,800,800,800,0
2021-11-09 12:07:00,800,800,800,800,0
2021-11-09 12:08:00,800,800,800,800,0
2021-11-09 12:09:00,800,800,800,800,0
2021-11-09 12:10:00,800,800,800,800,0
2021-11-09 12:11:00,800,800,800,800,0
2021-11-09 12:12:00,800,800,800,800,0
2021-11-09 12:13:00,800,800,800,800,0
2021-11-09 12:14:00,800,800,800,800,0
2021-11-09 12:15:00,800,800,800,800,0
2021-11-09 12:16:00,800,800,800,800,0
2021-11-09 12:17:00,800,800,800,800,0
2021-11-09 12:18:00,800,800,800,800,0
2021-11-09 12:19:00,800,800,800,800,0
2021-11-09 12:20:00,800,800,800,800,0
2021-11-09 12:21:00,800,800,800,800,0
2021-11-09 12:22:00,800,800,800,800,0
2021-11-09 12:23:00,800,800,800,800,0
2021-11-09 12:24:00,800,800,800,800,0
2021-11-09 12:25:00,800,800,800,800,0
2021-11-09 12:26:00,800,800,800,800,0
2021-11-09 12:27:00,800,800,800,800,0
2021-11-09 12:28:00,800,800,800,800,0
2021-11-09 12:29:00,800,800,800,800,0
2021-11-09 12:30:00,800,800,800,800,0
2021-11-09 12:31:00,800,800,800,800,0
2021-11-09 12:32:00,800,800,800,800,0
2021-11-09 12:33:00,800,800,800,800,0
2021-11-09 12:34:00,800,800,800,800,0
2021-11-09 12:35:00,800,800,800,800,0
2021-11-09 12:36:00,800,800,800,800,0
2021-11-09 12:37:00,800,800,800,800,0
2021-11-09 12:38:00,800,800,800,800,0
2021-11-09 12:39:00,800,800,800,800,0
2021-11-09 12:40:00,800,800,800,800,0
2021-11-09 12:41:00,800,800,800,800,0
2021-11-09 12:42:00,800,800,800,800,0
2021-11-09 12:43:00,800,800,800,800,0
2021-11-09 12:44:00,800,800,800,800,0
2021-11-09 12:45:00,800,800,800,800,0
2021-11-09 12:46:00,800,800,800,800,0
2021-11-09 12:47:00,800,800,800,800,0
2021-11-09 12:48:00,800,800,800,800,0
2021-11-09 12:49:00,800,800,800,800,0
2021-11-09 12:50:00,800,800,800,800,0
2021-11-09 12:51:00,800,800,800,800,0
2021-11-09 12:52:00,800,800,800,800,0
2021-11-09 12:53:00,800,800,800,800,0
2021-11-09 12:54:00,800,800,800,800,0
2021-11-09 12:55:00,800,800,800,800,0
2021-11-09 12:56:00,800,800,800,800,0
2021-11-09 12:57:00,800,800,800,800,0
2021-11-09 12:58:00,800,800,800,800,0
2021-11-09 12:59:00,800,800,800,800,0
2021-11-09 13:00:00,800,800,800,800,0
2021-11-09 13:01:00,800,800,800,800,0
2021-11-09 13:02:00,800,800,800,800,0
2021-11-09 13:03:00,800,800,800,800,0
2021-11-09 13:04:00,800,800,800,800,0
2021-11-09 13:05:00,800,800,800,800,0
2021-11-09 13:06:00,800,800,800,800,0
2021-11-09 13:07:00,800,800,800,800,0
2021-11-09 13:08:00,800,800,800,800,0
2021-11-09 13:09:00,800,800,800,800,0
2021-11-09 13:10:00,800,800,800,800,0
2021-11-09 13:11:00,800,800,800,800,0
2021-11-09 13:12:00,800,800,800,800,0
2021-11-09 13:13:00,800,800,800,800,0
2021-11-09 13:14:00,800,800,800,800,0
2021-11-09 13:15:00,800,800,800,800,0
2021-11-09 13:16:00,800,800,800,800,0
2021-11-09 13:17:00,800,800,800,800,0
2021-11-09 13:18:00,800,800,800,800,0
2021-11-09 13:19:00,800,800,800,800,0
2021-11-09 13:20:00,800,800,800,800,0
2021-11-09 13:21:00,800,800,800,800,0
2021-11-09 13:22:00,800,800,800,800,0
2021-11-09 13:23:00,800,800,800,800,0
2021-11-09 13:24:00,800,800,800,800,0
2021-11-09 13:25:00,800,800,800,800,0
2021-11-09 13:26:00,800,800,800,800,0
2021-11-09 13:27:00,800,800,800,800,0
2021-11-09 13:28:00,800,800,800,800,0
2021-11-09 13:29:00,800,800,800,800,0
2021-11-09 13:30:00,800,795,800,800,51300
2021-11-09 13:31:00,800,795,800,800,0
2021-11-09 13:32:00,795,795,800,800,60900
2021-11-09 13:33:00,800,800,800,800,386000
2021-11-09 13:34:00,800,800,805,805,507000
2021-11-09 13:35:00,805,805,810,810,630500
2021-11-09 13:36:00,810,805,815,815,199800
2021-11-09 13:37:00,815,815,820,815,670900
2021-11-09 13:38:00,815,810,815,810,309200
2021-11-09 13:39:00,810,810,810,810,300
2021-11-09 13:40:00,810,800,810,800,206900
2021-11-09 13:41:00,800,800,800,800,63600
2021-11-09 13:42:00,805,805,805,805,2100
2021-11-09 13:43:00,805,805,805,805,4600
2021-11-09 13:44:00,805,805,805,805,0
2021-11-09 13:45:00,805,805,805,805,0
2021-11-09 13:46:00,805,800,805,800,222000
2021-11-09 13:47:00,805,800,805,800,0
2021-11-09 13:48:00,805,800,805,800,0
2021-11-09 13:49:00,800,800,800,800,100
2021-11-09 13:50:00,800,800,800,800,900
2021-11-09 13:51:00,800,800,800,800,19100
2021-11-09 13:52:00,805,800,805,800,131000
2021-11-09 13:53:00,800,800,800,800,78600
2021-11-09 13:54:00,800,800,800,800,121400
2021-11-09 13:55:00,800,800,800,800,170000
2021-11-09 13:56:00,800,800,800,800,51900
2021-11-09 13:57:00,800,800,800,800,200000
2021-11-09 13:58:00,805,800,810,805,473200
2021-11-09 13:59:00,805,800,805,800,255600
2021-11-09 14:00:00,805,800,805,800,43000
2021-11-09 14:01:00,805,800,805,800,0
2021-11-09 14:02:00,805,800,805,800,0
2021-11-09 14:03:00,805,800,805,800,0
2021-11-09 14:04:00,805,805,805,805,28100
2021-11-09 14:05:00,805,805,805,805,0
2021-11-09 14:06:00,805,805,805,805,0
2021-11-09 14:07:00,805,805,805,805,0
2021-11-09 14:08:00,805,805,805,805,5000
2021-11-09 14:09:00,805,805,805,805,0
2021-11-09 14:10:00,805,805,805,805,0
2021-11-09 14:11:00,805,805,805,805,26300
2021-11-09 14:12:00,805,805,805,805,100000
2021-11-09 14:13:00,805,805,805,805,106000
2021-11-09 14:14:00,805,805,805,805,100
2021-11-09 14:15:00,805,805,805,805,0
2021-11-09 14:16:00,800,800,800,800,200000
2021-11-09 14:17:00,800,800,800,800,500
2021-11-09 14:18:00,800,800,800,800,0
2021-11-09 14:19:00,800,800,800,800,0
2021-11-09 14:20:00,800,800,800,800,170000
2021-11-09 14:21:00,800,800,800,800,170000
2021-11-09 14:22:00,800,800,805,805,203400
2021-11-09 14:23:00,805,805,810,810,117800
2021-11-09 14:24:00,805,805,810,805,360300
2021-11-09 14:25:00,810,810,810,810,271900
2021-11-09 14:26:00,810,810,815,815,35600
2021-11-09 14:27:00,815,815,815,815,230700
2021-11-09 14:28:00,815,815,820,820,365100
2021-11-09 14:29:00,820,815,820,815,203000
2021-11-09 14:30:00,820,820,825,820,770800
2021-11-09 14:31:00,820,820,825,825,234000
2021-11-09 14:32:00,830,820,835,820,965700
2021-11-09 14:33:00,820,815,835,835,238000
2021-11-09 14:34:00,835,835,840,835,367700
2021-11-09 14:35:00,835,830,835,830,337900
2021-11-09 14:36:00,830,830,835,830,332800
2021-11-09 14:37:00,830,820,830,820,474000
2021-11-09 14:38:00,820,815,825,825,720700
2021-11-09 14:39:00,825,825,830,830,12500
2021-11-09 14:40:00,825,825,830,830,2400
2021-11-09 14:41:00,825,825,825,825,55400
2021-11-09 14:42:00,825,825,825,825,4900
2021-11-09 14:43:00,825,825,825,825,56300
2021-11-09 14:44:00,825,825,825,825,20700
2021-11-09 14:45:00,820,820,820,820,500
2021-11-09 14:46:00,825,825,825,825,1800
2021-11-09 14:47:00,825,825,825,825,15400
2021-11-09 14:48:00,825,825,825,825,3900
2021-11-09 14:49:00,820,820,835,835,104000
2021-11-09 14:50:00,820,820,835,835,0
2021-11-09 14:51:00,820,820,835,835,0
2021-11-09 14:52:00,820,820,835,835,0
2021-11-09 14:53:00,820,820,835,835,0
2021-11-09 14:54:00,820,820,835,835,0
2021-11-09 14:55:00,820,820,835,835,0
2021-11-09 14:56:00,820,820,835,835,0
2021-11-09 14:57:00,820,820,835,835,0
2021-11-09 14:58:00,820,820,835,835,0
2021-11-09 14:59:00,820,820,835,835,0
2021-11-09 15:00:00,835,835,835,835,406900
2021-11-09 15:01:00,835,835,835,835,0
2021-11-09 15:02:00,835,835,835,835,0
2021-11-09 15:03:00,835,835,835,835,0
2021-11-09 15:04:00,835,835,835,835,0
2021-11-09 15:05:00,835,835,835,835,224100
2021-11-09 15:06:00,835,835,835,835,0
2021-11-09 15:07:00,835,835,835,835,0
2021-11-09 15:08:00,835,835,835,835,0
2021-11-09 15:09:00,835,835,835,835,0
2021-11-09 15:10:00,835,835,835,835,0
2021-11-09 15:11:00,835,835,835,835,6000
2021-11-09 15:12:00,835,835,835,835,6100
2021-11-09 15:13:00,835,835,835,835,5000
2021-11-09 15:14:00,835,835,835,835,0
2021-11-09 15:15:00,835,835,835,835,0
2021-11-09 15:16:00,835,835,835,835,0
2021-11-09 15:17:00,835,835,835,835,0
2021-11-09 15:18:00,835,835,835,835,0
2021-11-09 15:19:00,835,835,835,835,0
2021-11-09 15:20:00,835,835,835,835,0
2021-11-09 15:21:00,835,835,835,835,0
2021-11-09 15:22:00,835,835,835,835,0
2021-11-09 15:23:00,835,835,835,835,0
2021-11-09 15:24:00,835,835,835,835,0
2021-11-09 15:25:00,835,835,835,835,0
2021-11-09 15:26:00,835,835,835,835,0
2021-11-09 15:27:00,835,835,835,835,0
2021-11-09 15:28:00,835,835,835,835,0
2021-11-09 15:29:00,835,835,835,835,0
2021-11-09 15:30:00,835,835,835,835,0
2021-11-09 15:31:00,835,835,835,835,0
2021-11-09 15:32:00,835,835,835,835,0
2021-11-09 15:33:00,835,835,835,835,0
2021-11-09 15:34:00,835,835,835,835,0
2021-11-09 15:35:00,835,835,835,835,0
2021-11-09 15:36:00,835,835,835,835,0
2021-11-09 15:37:00,835,835,835,835,0
2021-11-09 15:38:00,835,835,835,835,0
2021-11-09 15:39:00,835,835,835,835,0
2021-11-09 15:40:00,835,835,835,835,0
2021-11-09 15:41:00,835,835,835,835,0
2021-11-09 15:42:00,835,835,835,835,0
2021-11-09 15:43:00,835,835,835,835,0
2021-11-09 15:44:00,835,835,835,835,0
2021-11-09 15:45:00,835,835,835,835,0
2021-11-09 15:46:00,835,835,835,835,0
2021-11-09 15:47:00,835,835,835,835,0
2021-11-09 15:48:00,835,835,835,835,0
2021-11-09 15:49:00,835,835,835,835,0
2021-11-09 15:50:00,835,835,835,835,0
2021-11-09 15:51:00,835,835,835,835,0
2021-11-09 15:52:00,835,835,835,835,0
2021-11-09 15:53:00,835,835,835,835,0
2021-11-09 15:54:00,835,835,835,835,0
2021-11-09 15:55:00,835,835,835,835,0
2021-11-09 15:56:00,835,835,835,835,0
2021-11-09 15:57:00,835,835,835,835,0
2021-11-09 15:58:00,835,835,835,835,0
2021-11-09 15:59:00,835,835,835,835,0
2021-11-10 09:00:00,835,830,840,835,0
2021-11-10 09:01:00,835,835,835,835,76000
2021-11-10 09:02:00,835,835,845,845,474700
2021-11-10 09:03:00,845,840,850,845,644400
2021-11-10 09:04:00,845,845,845,845,316800
2021-11-10 09:05:00,845,840,845,845,585500
2021-11-10 09:06:00,845,845,850,850,129500
2021-11-10 09:07:00,850,845,865,850,1824000
2021-11-10 09:08:00,850,850,860,860,530300
2021-11-10 09:09:00,860,855,865,860,491100
2021-11-10 09:10:00,860,860,860,860,231400
2021-11-10 09:11:00,860,860,865,865,1055500
2021-11-10 09:12:00,865,865,865,865,218100
2021-11-10 09:13:00,865,850,865,850,1014400
2021-11-10 09:14:00,855,845,855,850,604600
2021-11-10 09:15:00,850,845,850,850,267600
2021-11-10 09:16:00,850,835,850,840,682600
2021-11-10 09:17:00,840,825,845,825,652400
2021-11-10 09:18:00,825,810,825,825,523800
2021-11-10 09:19:00,825,825,835,835,11900
2021-11-10 09:20:00,840,835,840,835,285700
2021-11-10 09:21:00,840,835,840,835,449300
2021-11-10 09:22:00,835,830,835,830,162200
2021-11-10 09:23:00,825,825,825,825,3200
2021-11-10 09:24:00,830,825,830,825,13300
2021-11-10 09:25:00,825,825,830,825,34700
2021-11-10 09:26:00,825,825,830,830,18500
2021-11-10 09:27:00,830,825,830,825,1700
2021-11-10 09:28:00,825,825,825,825,12600
2021-11-10 09:29:00,825,825,825,825,0
2021-11-10 09:30:00,825,825,830,830,4900
2021-11-10 09:31:00,830,830,830,830,21800
2021-11-10 09:32:00,830,830,830,830,30000
2021-11-10 09:33:00,830,830,830,830,1200
2021-11-10 09:34:00,830,830,830,830,0
2021-11-10 09:35:00,830,830,830,830,0
2021-11-10 09:36:00,830,830,830,830,0
2021-11-10 09:37:00,830,830,830,830,2000
2021-11-10 09:38:00,830,830,830,830,0
2021-11-10 09:39:00,830,830,830,830,0
2021-11-10 09:40:00,830,825,830,825,19800
2021-11-10 09:41:00,830,830,830,830,200
2021-11-10 09:42:00,830,830,830,830,0
2021-11-10 09:43:00,830,830,830,830,10200
2021-11-10 09:44:00,830,830,830,830,1400
2021-11-10 09:45:00,825,825,825,825,4000
2021-11-10 09:46:00,825,825,825,825,50000
2021-11-10 09:47:00,825,825,825,825,10100
2021-11-10 09:48:00,830,830,830,830,13500
2021-11-10 09:49:00,830,830,830,830,400
2021-11-10 09:50:00,830,830,830,830,0
2021-11-10 09:51:00,830,830,830,830,0
2021-11-10 09:52:00,825,825,830,830,1000
2021-11-10 09:53:00,830,830,830,830,100
2021-11-10 09:54:00,825,825,830,830,11300
2021-11-10 09:55:00,825,825,825,825,96400
2021-11-10 09:56:00,825,820,825,825,63600
2021-11-10 09:57:00,820,820,825,825,424600
2021-11-10 09:58:00,825,820,830,825,153300
2021-11-10 09:59:00,825,825,825,825,52600
2021-11-10 10:00:00,825,825,830,825,249800
2021-11-10 10:01:00,825,825,830,825,175300
2021-11-10 10:02:00,825,820,825,825,49700
2021-11-10 10:03:00,830,830,830,830,200000
2021-11-10 10:04:00,825,820,825,820,53000
2021-11-10 10:05:00,820,820,820,820,56400
2021-11-10 10:06:00,820,815,820,815,161700
2021-11-10 10:07:00,815,805,815,805,379700
2021-11-10 10:08:00,810,805,810,805,255900
2021-11-10 10:09:00,805,800,805,805,70000
2021-11-10 10:10:00,805,800,805,800,33900
2021-11-10 10:11:00,800,800,805,800,49400
2021-11-10 10:12:00,800,795,800,795,182400
2021-11-10 10:13:00,800,795,805,800,425200
2021-11-10 10:14:00,800,795,800,795,331000
2021-11-10 10:15:00,800,795,800,795,268400
2021-11-10 10:16:00,800,795,800,795,133300
2021-11-10 10:17:00,800,790,800,795,125700
2021-11-10 10:18:00,795,795,795,795,23000
2021-11-10 10:19:00,795,795,795,795,16000
2021-11-10 10:20:00,795,795,800,795,53500
2021-11-10 10:21:00,800,795,800,795,22400
2021-11-10 10:22:00,795,795,805,800,45100
2021-11-10 10:23:00,805,800,805,800,5000
2021-11-10 10:24:00,800,800,805,800,48300
2021-11-10 10:25:00,800,800,805,800,0
2021-11-10 10:26:00,800,795,800,795,28300
2021-11-10 10:27:00,800,795,800,795,0
2021-11-10 10:28:00,800,795,800,795,0
2021-11-10 10:29:00,800,800,800,800,100
2021-11-10 10:30:00,800,800,800,800,50000
2021-11-10 10:31:00,800,800,800,800,10000
2021-11-10 10:32:00,800,795,800,800,49000
2021-11-10 10:33:00,800,800,805,805,22800
2021-11-10 10:34:00,800,800,800,800,1000
2021-11-10 10:35:00,800,800,800,800,42100
2021-11-10 10:36:00,800,800,800,800,2600
2021-11-10 10:37:00,800,800,800,800,0
2021-11-10 10:38:00,795,795,795,795,20400
2021-11-10 10:39:00,800,800,800,800,500
2021-11-10 10:40:00,795,790,795,795,439900
2021-11-10 10:41:00,790,790,795,790,23000
2021-11-10 10:42:00,790,790,790,790,8800
2021-11-10 10:43:00,790,790,790,790,77000
2021-11-10 10:44:00,790,790,790,790,11700
2021-11-10 10:45:00,795,790,795,790,394400
2021-11-10 10:46:00,785,785,790,785,140000
2021-11-10 10:47:00,785,785,790,785,13600
2021-11-10 10:48:00,785,780,785,780,287900
2021-11-10 10:49:00,780,780,790,785,609700
2021-11-10 10:50:00,785,785,795,790,57000
2021-11-10 10:51:00,790,780,790,780,258400
2021-11-10 10:52:00,780,780,780,780,423600
2021-11-10 10:53:00,780,780,780,780,3000
2021-11-10 10:54:00,780,780,780,780,8600
2021-11-10 10:55:00,780,780,780,780,50000
2021-11-10 10:56:00,780,780,785,785,1423700
2021-11-10 10:57:00,785,785,795,795,113700
2021-11-10 10:58:00,785,785,795,795,0
2021-11-10 10:59:00,790,780,790,780,385500
2021-11-10 11:00:00,785,785,795,795,676000
2021-11-10 11:01:00,790,790,800,800,436000
2021-11-10 11:02:00,800,800,800,800,1000
2021-11-10 11:03:00,795,795,795,795,95100
2021-11-10 11:04:00,795,790,795,790,207600
2021-11-10 11:05:00,790,790,795,795,11400
2021-11-10 11:06:00,790,790,790,790,19800
2021-11-10 11:07:00,790,790,790,790,0
2021-11-10 11:08:00,790,790,790,790,100
2021-11-10 11:09:00,790,790,790,790,0
2021-11-10 11:10:00,790,790,790,790,0
2021-11-10 11:11:00,790,790,790,790,500
2021-11-10 11:12:00,790,790,790,790,0
2021-11-10 11:13:00,795,795,795,795,17600
2021-11-10 11:14:00,795,795,795,795,0
2021-11-10 11:15:00,795,795,795,795,18400
2021-11-10 11:16:00,795,795,795,795,2500
2021-11-10 11:17:00,795,795,795,795,52600
2021-11-10 11:18:00,795,795,795,795,0
2021-11-10 11:19:00,795,795,795,795,900
2021-11-10 11:20:00,795,795,795,795,0
2021-11-10 11:21:00,795,795,795,795,0
2021-11-10 11:22:00,795,795,795,795,0
2021-11-10 11:23:00,790,790,790,790,40000
2021-11-10 11:24:00,795,795,795,795,100
2021-11-10 11:25:00,795,795,795,795,100
2021-11-10 11:26:00,795,795,795,795,0
2021-11-10 11:27:00,795,795,795,795,0
2021-11-10 11:28:00,795,795,795,795,1000
2021-11-10 11:29:00,795,795,795,795,5300
2021-11-10 11:30:00,795,795,795,795,0
2021-11-10 11:31:00,795,795,795,795,0
2021-11-10 11:32:00,795,795,795,795,0
2021-11-10 11:33:00,795,795,795,795,0
2021-11-10 11:34:00,795,795,795,795,0
2021-11-10 11:35:00,795,795,795,795,0
2021-11-10 11:36:00,795,795,795,795,0
2021-11-10 11:37:00,795,795,795,795,0
2021-11-10 11:38:00,795,795,795,795,0
2021-11-10 11:39:00,795,795,795,795,0
2021-11-10 11:40:00,795,795,795,795,0
2021-11-10 11:41:00,795,795,795,795,0
2021-11-10 11:42:00,795,795,795,795,0
2021-11-10 11:43:00,795,795,795,795,0
2021-11-10 11:44:00,795,795,795,795,0
2021-11-10 11:45:00,795,795,795,795,0
2021-11-10 11:46:00,795,795,795,795,0
2021-11-10 11:47:00,795,795,795,795,0
2021-11-10 11:48:00,795,795,795,795,0
2021-11-10 11:49:00,795,795,795,795,0
2021-11-10 11:50:00,795,795,795,795,0
2021-11-10 11:51:00,795,795,795,795,0
2021-11-10 11:52:00,795,795,795,795,0
2021-11-10 11:53:00,795,795,795,795,0
2021-11-10 11:54:00,795,795,795,795,0
2021-11-10 11:55:00,795,795,795,795,0
2021-11-10 11:56:00,795,795,795,795,0
2021-11-10 11:57:00,795,795,795,795,0
2021-11-10 11:58:00,795,795,795,795,0
2021-11-10 11:59:00,795,795,795,795,0
2021-11-10 12:00:00,795,795,795,795,0
2021-11-10 12:01:00,795,795,795,795,0
2021-11-10 12:02:00,795,795,795,795,0
2021-11-10 12:03:00,795,795,795,795,0
2021-11-10 12:04:00,795,795,795,795,0
2021-11-10 12:05:00,795,795,795,795,0
2021-11-10 12:06:00,795,795,795,795,0
2021-11-10 12:07:00,795,795,795,795,0
2021-11-10 12:08:00,795,795,795,795,0
2021-11-10 12:09:00,795,795,795,795,0
2021-11-10 12:10:00,795,795,795,795,0
2021-11-10 12:11:00,795,795,795,795,0
2021-11-10 12:12:00,795,795,795,795,0
2021-11-10 12:13:00,795,795,795,795,0
2021-11-10 12:14:00,795,795,795,795,0
2021-11-10 12:15:00,795,795,795,795,0
2021-11-10 12:16:00,795,795,795,795,0
2021-11-10 12:17:00,795,795,795,795,0
2021-11-10 12:18:00,795,795,795,795,0
2021-11-10 12:19:00,795,795,795,795,0
2021-11-10 12:20:00,795,795,795,795,0
2021-11-10 12:21:00,795,795,795,795,0
2021-11-10 12:22:00,795,795,795,795,0
2021-11-10 12:23:00,795,795,795,795,0
2021-11-10 12:24:00,795,795,795,795,0
2021-11-10 12:25:00,795,795,795,795,0
2021-11-10 12:26:00,795,795,795,795,0
2021-11-10 12:27:00,795,795,795,795,0
2021-11-10 12:28:00,795,795,795,795,0
2021-11-10 12:29:00,795,795,795,795,0
2021-11-10 12:30:00,795,795,795,795,0
2021-11-10 12:31:00,795,795,795,795,0
2021-11-10 12:32:00,795,795,795,795,0
2021-11-10 12:33:00,795,795,795,795,0
2021-11-10 12:34:00,795,795,795,795,0
2021-11-10 12:35:00,795,795,795,795,0
2021-11-10 12:36:00,795,795,795,795,0
2021-11-10 12:37:00,795,795,795,795,0
2021-11-10 12:38:00,795,795,795,795,0
2021-11-10 12:39:00,795,795,795,795,0
2021-11-10 12:40:00,795,795,795,795,0
2021-11-10 12:41:00,795,795,795,795,0
2021-11-10 12:42:00,795,795,795,795,0
2021-11-10 12:43:00,795,795,795,795,0
2021-11-10 12:44:00,795,795,795,795,0
2021-11-10 12:45:00,795,795,795,795,0
2021-11-10 12:46:00,795,795,795,795,0
2021-11-10 12:47:00,795,795,795,795,0
2021-11-10 12:48:00,795,795,795,795,0
2021-11-10 12:49:00,795,795,795,795,0
2021-11-10 12:50:00,795,795,795,795,0
2021-11-10 12:51:00,795,795,795,795,0
2021-11-10 12:52:00,795,795,795,795,0
2021-11-10 12:53:00,795,795,795,795,0
2021-11-10 12:54:00,795,795,795,795,0
2021-11-10 12:55:00,795,795,795,795,0
2021-11-10 12:56:00,795,795,795,795,0
2021-11-10 12:57:00,795,795,795,795,0
2021-11-10 12:58:00,795,795,795,795,0
2021-11-10 12:59:00,795,795,795,795,0
2021-11-10 13:00:00,795,795,795,795,0
2021-11-10 13:01:00,795,795,795,795,0
2021-11-10 13:02:00,795,795,795,795,0
2021-11-10 13:03:00,795,795,795,795,0
2021-11-10 13:04:00,795,795,795,795,0
2021-11-10 13:05:00,795,795,795,795,0
2021-11-10 13:06:00,795,795,795,795,0
2021-11-10 13:07:00,795,795,795,795,0
2021-11-10 13:08:00,795,795,795,795,0
2021-11-10 13:09:00,795,795,795,795,0
2021-11-10 13:10:00,795,795,795,795,0
2021-11-10 13:11:00,795,795,795,795,0
2021-11-10 13:12:00,795,795,795,795,0
2021-11-10 13:13:00,795,795,795,795,0
2021-11-10 13:14:00,795,795,795,795,0
2021-11-10 13:15:00,795,795,795,795,0
2021-11-10 13:16:00,795,795,795,795,0
2021-11-10 13:17:00,795,795,795,795,0
2021-11-10 13:18:00,795,795,795,795,0
2021-11-10 13:19:00,795,795,795,795,0
2021-11-10 13:20:00,795,795,795,795,0
2021-11-10 13:21:00,795,795,795,795,0
2021-11-10 13:22:00,795,795,795,795,0
2021-11-10 13:23:00,795,795,795,795,0
2021-11-10 13:24:00,795,795,795,795,0
2021-11-10 13:25:00,795,795,795,795,0
2021-11-10 13:26:00,795,795,795,795,0
2021-11-10 13:27:00,795,795,795,795,0
2021-11-10 13:28:00,795,795,795,795,0
2021-11-10 13:29:00,795,795,795,795,0
2021-11-10 13:30:00,795,790,795,790,229800
2021-11-10 13:31:00,795,795,800,800,131100
2021-11-10 13:32:00,805,805,805,805,145400
2021-11-10 13:33:00,805,805,820,820,170800
2021-11-10 13:34:00,815,815,820,815,232100
2021-11-10 13:35:00,820,815,820,820,141100
2021-11-10 13:36:00,820,820,825,825,61700
2021-11-10 13:37:00,820,820,835,835,645600
2021-11-10 13:38:00,835,835,840,840,559400
2021-11-10 13:39:00,840,840,845,845,434100
2021-11-10 13:40:00,845,845,850,845,262100
2021-11-10 13:41:00,845,845,845,845,11600
2021-11-10 13:42:00,840,835,840,835,101200
2021-11-10 13:43:00,835,830,835,830,54600
2021-11-10 13:44:00,830,830,830,830,2100
2021-11-10 13:45:00,830,830,830,830,1000
2021-11-10 13:46:00,830,830,830,830,7500
2021-11-10 13:47:00,835,835,835,835,8600
2021-11-10 13:48:00,835,835,835,835,5000
2021-11-10 13:49:00,835,835,835,835,5600
2021-11-10 13:50:00,835,835,840,835,13100
2021-11-10 13:51:00,840,835,840,835,12500
2021-11-10 13:52:00,835,835,835,835,10500
2021-11-10 13:53:00,830,825,830,825,203200
2021-11-10 13:54:00,825,825,830,825,108800
2021-11-10 13:55:00,825,825,825,825,8300
2021-11-10 13:56:00,825,825,825,825,5000
2021-11-10 13:57:00,820,820,820,820,3600
2021-11-10 13:58:00,820,820,820,820,1000
2021-11-10 13:59:00,820,820,820,820,13700
2021-11-10 14:00:00,825,825,825,825,100
2021-11-10 14:01:00,825,825,830,830,4200
2021-11-10 14:02:00,825,825,830,830,0
2021-11-10 14:03:00,825,825,830,830,0
2021-11-10 14:04:00,830,830,830,830,100
2021-11-10 14:05:00,825,825,825,825,2300
2021-11-10 14:06:00,825,825,825,825,0
2021-11-10 14:07:00,825,820,825,820,24800
2021-11-10 14:08:00,825,825,830,830,200
2021-11-10 14:09:00,825,825,830,830,0
2021-11-10 14:10:00,825,825,830,830,0
2021-11-10 14:11:00,830,830,830,830,80800
2021-11-10 14:12:00,830,825,830,825,206000
2021-11-10 14:13:00,830,825,830,825,0
2021-11-10 14:14:00,830,830,830,830,100
2021-11-10 14:15:00,830,830,830,830,0
2021-11-10 14:16:00,830,830,830,830,0
2021-11-10 14:17:00,830,830,830,830,1200
2021-11-10 14:18:00,830,830,830,830,0
2021-11-10 14:19:00,830,830,830,830,7200
2021-11-10 14:20:00,830,830,830,830,0
2021-11-10 14:21:00,830,830,830,830,0
2021-11-10 14:22:00,830,830,830,830,6600
2021-11-10 14:23:00,830,830,830,830,0
2021-11-10 14:24:00,830,830,830,830,0
2021-11-10 14:25:00,830,830,830,830,0
2021-11-10 14:26:00,830,830,830,830,0
2021-11-10 14:27:00,825,820,825,820,20900
2021-11-10 14:28:00,825,825,825,825,100
2021-11-10 14:29:00,825,825,825,825,0
2021-11-10 14:30:00,825,825,825,825,0
2021-11-10 14:31:00,820,820,820,820,500
2021-11-10 14:32:00,825,825,825,825,100
2021-11-10 14:33:00,825,825,825,825,0
2021-11-10 14:34:00,825,825,825,825,0
2021-11-10 14:35:00,825,825,825,825,0
2021-11-10 14:36:00,820,820,830,830,67700
2021-11-10 14:37:00,825,825,825,825,3100
2021-11-10 14:38:00,825,825,825,825,0
2021-11-10 14:39:00,825,825,825,825,200
2021-11-10 14:40:00,825,825,825,825,0
2021-11-10 14:41:00,825,825,825,825,3100
2021-11-10 14:42:00,820,820,825,825,1300
2021-11-10 14:43:00,825,825,825,825,3100
2021-11-10 14:44:00,820,820,820,820,116300
2021-11-10 14:45:00,820,820,820,820,500
2021-11-10 14:46:00,820,820,820,820,0
2021-11-10 14:47:00,815,815,835,835,217300
2021-11-10 14:48:00,835,835,835,835,60400
2021-11-10 14:49:00,840,840,845,840,101200
2021-11-10 14:50:00,840,840,845,840,0
2021-11-10 14:51:00,840,840,845,840,0
2021-11-10 14:52:00,840,840,845,840,0
2021-11-10 14:53:00,840,840,845,840,0
2021-11-10 14:54:00,840,840,845,840,0
2021-11-10 14:55:00,840,840,845,840,0
2021-11-10 14:56:00,840,840,845,840,0
2021-11-10 14:57:00,840,840,845,840,0
2021-11-10 14:58:00,840,840,845,840,0
2021-11-10 14:59:00,840,840,845,840,0
2021-11-10 15:00:00,840,840,840,840,127900
2021-11-10 15:01:00,840,840,840,840,0
2021-11-10 15:02:00,840,840,840,840,0
2021-11-10 15:03:00,840,840,840,840,0
2021-11-10 15:04:00,840,840,840,840,0
2021-11-10 15:05:00,840,840,840,840,52300
2021-11-10 15:06:00,840,840,840,840,0
2021-11-10 15:07:00,840,840,840,840,0
2021-11-10 15:08:00,840,840,840,840,0
2021-11-10 15:09:00,840,840,840,840,0
2021-11-10 15:10:00,840,840,840,840,1000
2021-11-10 15:11:00,840,840,840,840,0
2021-11-10 15:12:00,840,840,840,840,0
2021-11-10 15:13:00,840,840,840,840,0
2021-11-10 15:14:00,840,840,840,840,0
2021-11-10 15:15:00,840,840,840,840,0
2021-11-10 15:16:00,840,840,840,840,0
2021-11-10 15:17:00,840,840,840,840,0
2021-11-10 15:18:00,840,840,840,840,0
2021-11-10 15:19:00,840,840,840,840,0
2021-11-10 15:20:00,840,840,840,840,0
2021-11-10 15:21:00,840,840,840,840,0
2021-11-10 15:22:00,840,840,840,840,0
2021-11-10 15:23:00,840,840,840,840,0
2021-11-10 15:24:00,840,840,840,840,0
2021-11-10 15:25:00,840,840,840,840,0
2021-11-10 15:26:00,840,840,840,840,0
2021-11-10 15:27:00,840,840,840,840,0
2021-11-10 15:28:00,840,840,840,840,0
2021-11-10 15:29:00,840,840,840,840,0
2021-11-10 15:30:00,840,840,840,840,0
2021-11-10 15:31:00,840,840,840,840,0
2021-11-10 15:32:00,840,840,840,840,0
2021-11-10 15:33:00,840,840,840,840,0
2021-11-10 15:34:00,840,840,840,840,0
2021-11-10 15:35:00,840,840,840,840,0
2021-11-10 15:36:00,840,840,840,840,0
2021-11-10 15:37:00,840,840,840,840,0
2021-11-10 15:38:00,840,840,840,840,0
2021-11-10 15:39:00,840,840,840,840,0
2021-11-10 15:40:00,840,840,840,840,0
2021-11-10 15:41:00,840,840,840,840,0
2021-11-10 15:42:00,840,840,840,840,0
2021-11-10 15:43:00,840,840,840,840,0
2021-11-10 15:44:00,840,840,840,840,0
2021-11-10 15:45:00,840,840,840,840,0
2021-11-10 15:46:00,840,840,840,840,0
2021-11-10 15:47:00,840,840,840,840,0
2021-11-10 15:48:00,840,840,840,840,0
2021-11-10 15:49:00,840,840,840,840,0
2021-11-10 15:50:00,840,840,840,840,0
2021-11-10 15:51:00,840,840,840,840,0
2021-11-10 15:52:00,840,840,840,840,0
2021-11-10 15:53:00,840,840,840,840,0
2021-11-10 15:54:00,840,840,840,840,0
2021-11-10 15:55:00,840,840,840,840,0
2021-11-10 15:56:00,840,840,840,840,0
2021-11-10 15:57:00,840,840,840,840,0
2021-11-10 15:58:00,840,840,840,840,0
2021-11-10 15:59:00,840,840,840,840,0
2021-11-11 09:00:00,840,835,840,840,0
2021-11-11 09:01:00,835,835,840,835,35900
2021-11-11 09:02:00,835,835,840,840,373900
2021-11-11 09:03:00,835,835,835,835,56400
2021-11-11 09:04:00,835,835,840,840,133700
2021-11-11 09:05:00,840,840,845,840,250400
2021-11-11 09:06:00,835,835,835,835,2500
2021-11-11 09:07:00,835,830,835,830,106400
2021-11-11 09:08:00,830,830,830,830,6700
2021-11-11 09:09:00,825,825,830,830,12500
2021-11-11 09:10:00,825,825,825,825,16400
2021-11-11 09:11:00,825,825,825,825,4800
2021-11-11 09:12:00,825,825,825,825,0
2021-11-11 09:13:00,825,825,825,825,4700
2021-11-11 09:14:00,825,825,825,825,0
2021-11-11 09:15:00,825,825,825,825,4700
2021-11-11 09:16:00,825,820,825,820,113100
2021-11-11 09:17:00,820,820,820,820,9700
2021-11-11 09:18:00,820,820,820,820,700
2021-11-11 09:19:00,820,820,820,820,119000
2021-11-11 09:20:00,820,820,820,820,1500
2021-11-11 09:21:00,820,820,820,820,100
2021-11-11 09:22:00,820,820,820,820,0
2021-11-11 09:23:00,820,820,820,820,200
2021-11-11 09:24:00,820,820,820,820,27200
2021-11-11 09:25:00,820,820,820,820,0
2021-11-11 09:26:00,825,825,825,825,1000
2021-11-11 09:27:00,825,825,825,825,2300
2021-11-11 09:28:00,825,820,825,820,600
2021-11-11 09:29:00,825,820,825,820,26700
2021-11-11 09:30:00,820,820,820,820,15900
2021-11-11 09:31:00,820,820,820,820,34800
2021-11-11 09:32:00,815,815,815,815,30200
2021-11-11 09:33:00,815,815,815,815,7300
2021-11-11 09:34:00,815,815,815,815,5000
2021-11-11 09:35:00,815,815,815,815,0
2021-11-11 09:36:00,815,815,815,815,0
2021-11-11 09:37:00,815,815,815,815,200
2021-11-11 09:38:00,815,815,815,815,0
2021-11-11 09:39:00,815,815,815,815,0
2021-11-11 09:40:00,815,815,815,815,300
2021-11-11 09:41:00,815,815,815,815,0
2021-11-11 09:42:00,815,815,815,815,56500
2021-11-11 09:43:00,815,815,815,815,0
2021-11-11 09:44:00,820,820,820,820,500
2021-11-11 09:45:00,820,815,820,815,5700
2021-11-11 09:46:00,815,815,815,815,31300
2021-11-11 09:47:00,815,815,815,815,10900
2021-11-11 09:48:00,815,815,815,815,2100
2021-11-11 09:49:00,815,815,815,815,5200
2021-11-11 09:50:00,815,815,815,815,0
2021-11-11 09:51:00,815,815,815,815,300
2021-11-11 09:52:00,815,815,815,815,0
2021-11-11 09:53:00,815,815,815,815,0
2021-11-11 09:54:00,815,815,815,815,500
2021-11-11 09:55:00,815,815,815,815,0
2021-11-11 09:56:00,815,815,815,815,0
2021-11-11 09:57:00,810,810,810,810,12900
2021-11-11 09:58:00,815,815,815,815,8600
2021-11-11 09:59:00,815,815,815,815,0
2021-11-11 10:00:00,820,820,820,820,12800
2021-11-11 10:01:00,815,815,815,815,600
2021-11-11 10:02:00,820,815,820,815,206000
2021-11-11 10:03:00,820,815,820,815,0
2021-11-11 10:04:00,815,815,815,815,7500
2021-11-11 10:05:00,815,815,815,815,0
2021-11-11 10:06:00,815,815,815,815,0
2021-11-11 10:07:00,815,815,815,815,2300
2021-11-11 10:08:00,815,815,815,815,100
2021-11-11 10:09:00,815,815,815,815,0
2021-11-11 10:10:00,815,815,815,815,0
2021-11-11 10:11:00,815,815,815,815,0
2021-11-11 10:12:00,815,815,815,815,0
2021-11-11 10:13:00,815,815,815,815,0
2021-11-11 10:14:00,815,815,815,815,0
2021-11-11 10:15:00,815,815,815,815,1000
2021-11-11 10:16:00,815,815,815,815,0
2021-11-11 10:17:00,815,815,815,815,0
2021-11-11 10:18:00,815,815,815,815,3200
2021-11-11 10:19:00,820,820,820,820,5000
2021-11-11 10:20:00,820,820,820,820,0
2021-11-11 10:21:00,820,820,820,820,0
2021-11-11 10:22:00,815,815,815,815,59600
2021-11-11 10:23:00,815,815,815,815,1300
2021-11-11 10:24:00,815,815,815,815,0
2021-11-11 10:25:00,815,815,815,815,0
2021-11-11 10:26:00,815,815,815,815,0
2021-11-11 10:27:00,815,815,815,815,19100
2021-11-11 10:28:00,820,820,820,820,500
2021-11-11 10:29:00,815,815,815,815,30900
2021-11-11 10:30:00,815,815,815,815,0
2021-11-11 10:31:00,815,815,815,815,0
2021-11-11 10:32:00,815,815,815,815,0
2021-11-11 10:33:00,815,815,815,815,0
2021-11-11 10:34:00,815,815,815,815,0
2021-11-11 10:35:00,815,815,815,815,0
2021-11-11 10:36:00,815,815,815,815,0
2021-11-11 10:37:00,815,815,815,815,0
2021-11-11 10:38:00,815,815,815,815,10000
2021-11-11 10:39:00,815,815,815,815,1000
2021-11-11 10:40:00,815,815,815,815,1000
2021-11-11 10:41:00,815,815,815,815,0
2021-11-11 10:42:00,815,815,815,815,0
2021-11-11 10:43:00,810,810,815,815,40400
2021-11-11 10:44:00,810,810,815,815,0
2021-11-11 10:45:00,810,810,810,810,100
2021-11-11 10:46:00,810,810,810,810,0
2021-11-11 10:47:00,810,810,810,810,0
2021-11-11 10:48:00,810,810,810,810,600
2021-11-11 10:49:00,810,810,815,810,400
2021-11-11 10:50:00,810,810,815,810,0
2021-11-11 10:51:00,810,810,815,810,0
2021-11-11 10:52:00,810,810,815,810,0
2021-11-11 10:53:00,810,810,815,810,0
2021-11-11 10:54:00,810,810,815,810,0
2021-11-11 10:55:00,810,810,815,810,0
2021-11-11 10:56:00,815,815,815,815,5000
2021-11-11 10:57:00,815,815,815,815,2500
2021-11-11 10:58:00,815,815,815,815,100
2021-11-11 10:59:00,815,815,815,815,0
2021-11-11 11:00:00,815,815,815,815,300
2021-11-11 11:01:00,815,815,815,815,0
2021-11-11 11:02:00,815,815,815,815,0
2021-11-11 11:03:00,815,815,815,815,0
2021-11-11 11:04:00,815,815,815,815,0
2021-11-11 11:05:00,815,815,815,815,0
2021-11-11 11:06:00,815,815,815,815,0
2021-11-11 11:07:00,815,815,815,815,0
2021-11-11 11:08:00,815,815,815,815,100
2021-11-11 11:09:00,815,815,815,815,0
2021-11-11 11:10:00,815,815,815,815,0
2021-11-11 11:11:00,815,815,815,815,0
2021-11-11 11:12:00,815,815,815,815,0
2021-11-11 11:13:00,815,815,815,815,0
2021-11-11 11:14:00,815,815,815,815,0
2021-11-11 11:15:00,815,815,815,815,0
2021-11-11 11:16:00,815,815,815,815,0
2021-11-11 11:17:00,815,815,815,815,0
2021-11-11 11:18:00,815,815,815,815,0
2021-11-11 11:19:00,815,815,815,815,0
2021-11-11 11:20:00,815,815,815,815,0
2021-11-11 11:21:00,815,815,815,815,0
2021-11-11 11:22:00,815,815,815,815,0
2021-11-11 11:23:00,815,815,815,815,0
2021-11-11 11:24:00,815,815,815,815,0
2021-11-11 11:25:00,815,815,815,815,0
2021-11-11 11:26:00,815,815,815,815,0
2021-11-11 11:27:00,815,815,815,815,0
2021-11-11 11:28:00,820,820,820,820,100
2021-11-11 11:29:00,815,815,815,815,4800
2021-11-11 11:30:00,815,815,815,815,0
2021-11-11 11:31:00,815,815,815,815,0
2021-11-11 11:32:00,815,815,815,815,0
2021-11-11 11:33:00,815,815,815,815,0
2021-11-11 11:34:00,815,815,815,815,0
2021-11-11 11:35:00,815,815,815,815,0
2021-11-11 11:36:00,815,815,815,815,0
2021-11-11 11:37:00,815,815,815,815,0
2021-11-11 11:38:00,815,815,815,815,0
2021-11-11 11:39:00,815,815,815,815,0
2021-11-11 11:40:00,815,815,815,815,0
2021-11-11 11:41:00,815,815,815,815,0
2021-11-11 11:42:00,815,815,815,815,0
2021-11-11 11:43:00,815,815,815,815,0
2021-11-11 11:44:00,815,815,815,815,0
2021-11-11 11:45:00,815,815,815,815,0
2021-11-11 11:46:00,815,815,815,815,0
2021-11-11 11:47:00,815,815,815,815,0
2021-11-11 11:48:00,815,815,815,815,0
2021-11-11 11:49:00,815,815,815,815,0
2021-11-11 11:50:00,815,815,815,815,0
2021-11-11 11:51:00,815,815,815,815,0
2021-11-11 11:52:00,815,815,815,815,0
2021-11-11 11:53:00,815,815,815,815,0
2021-11-11 11:54:00,815,815,815,815,0
2021-11-11 11:55:00,815,815,815,815,0
2021-11-11 11:56:00,815,815,815,815,0
2021-11-11 11:57:00,815,815,815,815,0
2021-11-11 11:58:00,815,815,815,815,0
2021-11-11 11:59:00,815,815,815,815,0
2021-11-11 12:00:00,815,815,815,815,0
2021-11-11 12:01:00,815,815,815,815,0
2021-11-11 12:02:00,815,815,815,815,0
2021-11-11 12:03:00,815,815,815,815,0
2021-11-11 12:04:00,815,815,815,815,0
2021-11-11 12:05:00,815,815,815,815,0
2021-11-11 12:06:00,815,815,815,815,0
2021-11-11 12:07:00,815,815,815,815,0
2021-11-11 12:08:00,815,815,815,815,0
2021-11-11 12:09:00,815,815,815,815,0
2021-11-11 12:10:00,815,815,815,815,0
2021-11-11 12:11:00,815,815,815,815,0
2021-11-11 12:12:00,815,815,815,815,0
2021-11-11 12:13:00,815,815,815,815,0
2021-11-11 12:14:00,815,815,815,815,0
2021-11-11 12:15:00,815,815,815,815,0
2021-11-11 12:16:00,815,815,815,815,0
2021-11-11 12:17:00,815,815,815,815,0
2021-11-11 12:18:00,815,815,815,815,0
2021-11-11 12:19:00,815,815,815,815,0
2021-11-11 12:20:00,815,815,815,815,0
2021-11-11 12:21:00,815,815,815,815,0
2021-11-11 12:22:00,815,815,815,815,0
2021-11-11 12:23:00,815,815,815,815,0
2021-11-11 12:24:00,815,815,815,815,0
2021-11-11 12:25:00,815,815,815,815,0
2021-11-11 12:26:00,815,815,815,815,0
2021-11-11 12:27:00,815,815,815,815,0
2021-11-11 12:28:00,815,815,815,815,0
2021-11-11 12:29:00,815,815,815,815,0
2021-11-11 12:30:00,815,815,815,815,0
2021-11-11 12:31:00,815,815,815,815,0
2021-11-11 12:32:00,815,815,815,815,0
2021-11-11 12:33:00,815,815,815,815,0
2021-11-11 12:34:00,815,815,815,815,0
2021-11-11 12:35:00,815,815,815,815,0
2021-11-11 12:36:00,815,815,815,815,0
2021-11-11 12:37:00,815,815,815,815,0
2021-11-11 12:38:00,815,815,815,815,0
2021-11-11 12:39:00,815,815,815,815,0
2021-11-11 12:40:00,815,815,815,815,0
2021-11-11 12:41:00,815,815,815,815,0
2021-11-11 12:42:00,815,815,815,815,0
2021-11-11 12:43:00,815,815,815,815,0
2021-11-11 12:44:00,815,815,815,815,0
2021-11-11 12:45:00,815,815,815,815,0
2021-11-11 12:46:00,815,815,815,815,0
2021-11-11 12:47:00,815,815,815,815,0
2021-11-11 12:48:00,815,815,815,815,0
2021-11-11 12:49:00,815,815,815,815,0
2021-11-11 12:50:00,815,815,815,815,0
2021-11-11 12:51:00,815,815,815,815,0
2021-11-11 12:52:00,815,815,815,815,0
2021-11-11 12:53:00,815,815,815,815,0
2021-11-11 12:54:00,815,815,815,815,0
2021-11-11 12:55:00,815,815,815,815,0
2021-11-11 12:56:00,815,815,815,815,0
2021-11-11 12:57:00,815,815,815,815,0
2021-11-11 12:58:00,815,815,815,815,0
2021-11-11 12:59:00,815,815,815,815,0
2021-11-11 13:00:00,815,815,815,815,0
2021-11-11 13:01:00,815,815,815,815,0
2021-11-11 13:02:00,815,815,815,815,0
2021-11-11 13:03:00,815,815,815,815,0
2021-11-11 13:04:00,815,815,815,815,0
2021-11-11 13:05:00,815,815,815,815,0
2021-11-11 13:06:00,815,815,815,815,0
2021-11-11 13:07:00,815,815,815,815,0
2021-11-11 13:08:00,815,815,815,815,0
2021-11-11 13:09:00,815,815,815,815,0
2021-11-11 13:10:00,815,815,815,815,0
2021-11-11 13:11:00,815,815,815,815,0
2021-11-11 13:12:00,815,815,815,815,0
2021-11-11 13:13:00,815,815,815,815,0
2021-11-11 13:14:00,815,815,815,815,0
2021-11-11 13:15:00,815,815,815,815,0
2021-11-11 13:16:00,815,815,815,815,0
2021-11-11 13:17:00,815,815,815,815,0
2021-11-11 13:18:00,815,815,815,815,0
2021-11-11 13:19:00,815,815,815,815,0
2021-11-11 13:20:00,815,815,815,815,0
2021-11-11 13:21:00,815,815,815,815,0
2021-11-11 13:22:00,815,815,815,815,0
2021-11-11 13:23:00,815,815,815,815,0
2021-11-11 13:24:00,815,815,815,815,0
2021-11-11 13:25:00,815,815,815,815,0
2021-11-11 13:26:00,815,815,815,815,0
2021-11-11 13:27:00,815,815,815,815,0
2021-11-11 13:28:00,815,815,815,815,0
2021-11-11 13:29:00,815,815,815,815,0
2021-11-11 13:30:00,820,815,820,820,25300
2021-11-11 13:31:00,820,815,820,820,0
2021-11-11 13:32:00,820,815,820,820,0
2021-11-11 13:33:00,820,820,820,820,21400
2021-11-11 13:34:00,825,825,825,825,100
2021-11-11 13:35:00,820,820,820,820,78700
2021-11-11 13:36:00,820,820,820,820,300
2021-11-11 13:37:00,820,820,820,820,40800
2021-11-11 13:38:00,820,820,820,820,1000
2021-11-11 13:39:00,820,820,820,820,0
2021-11-11 13:40:00,825,825,825,825,16000
2021-11-11 13:41:00,825,825,825,825,34000
2021-11-11 13:42:00,820,820,820,820,58300
2021-11-11 13:43:00,820,820,820,820,1100
2021-11-11 13:44:00,820,820,820,820,0
2021-11-11 13:45:00,820,820,820,820,1000
2021-11-11 13:46:00,820,820,820,820,0
2021-11-11 13:47:00,820,820,820,820,0
2021-11-11 13:48:00,820,820,820,820,0
2021-11-11 13:49:00,820,820,820,820,0
2021-11-11 13:50:00,820,820,820,820,0
2021-11-11 13:51:00,815,810,815,810,117300
2021-11-11 13:52:00,815,810,815,810,0
2021-11-11 13:53:00,815,815,815,815,8200
2021-11-11 13:54:00,815,815,815,815,0
2021-11-11 13:55:00,815,815,815,815,0
2021-11-11 13:56:00,815,815,815,815,0
2021-11-11 13:57:00,815,815,815,815,1300
2021-11-11 13:58:00,815,815,815,815,0
2021-11-11 13:59:00,815,815,815,815,0
2021-11-11 14:00:00,815,815,815,815,0
2021-11-11 14:01:00,815,815,815,815,0
2021-11-11 14:02:00,815,815,815,815,0
2021-11-11 14:03:00,815,815,815,815,4700
2021-11-11 14:04:00,815,815,815,815,5000
2021-11-11 14:05:00,815,815,815,815,0
2021-11-11 14:06:00,815,815,815,815,0
2021-11-11 14:07:00,815,815,815,815,3400
2021-11-11 14:08:00,815,815,815,815,0
2021-11-11 14:09:00,815,815,815,815,0
2021-11-11 14:10:00,815,810,815,810,4000
2021-11-11 14:11:00,810,810,810,810,2000
2021-11-11 14:12:00,810,810,815,815,27700
2021-11-11 14:13:00,815,815,815,815,6500
2021-11-11 14:14:00,815,815,815,815,21100
2021-11-11 14:15:00,815,815,815,815,0
2021-11-11 14:16:00,815,815,815,815,0
2021-11-11 14:17:00,815,815,815,815,0
2021-11-11 14:18:00,815,815,815,815,0
2021-11-11 14:19:00,815,815,815,815,0
2021-11-11 14:20:00,815,815,815,815,1000
2021-11-11 14:21:00,810,810,810,810,5500
2021-11-11 14:22:00,810,810,810,810,0
2021-11-11 14:23:00,810,810,810,810,0
2021-11-11 14:24:00,815,815,815,815,700
2021-11-11 14:25:00,810,810,810,810,400
2021-11-11 14:26:00,810,810,810,810,5100
2021-11-11 14:27:00,810,810,810,810,16200
2021-11-11 14:28:00,810,810,810,810,0
2021-11-11 14:29:00,810,810,810,810,3700
2021-11-11 14:30:00,810,810,810,810,3100
2021-11-11 14:31:00,810,810,815,815,2300
2021-11-11 14:32:00,810,810,810,810,24100
2021-11-11 14:33:00,810,810,810,810,0
2021-11-11 14:34:00,810,810,810,810,0
2021-11-11 14:35:00,815,810,815,815,5200
2021-11-11 14:36:00,815,810,815,815,0
2021-11-11 14:37:00,810,810,810,810,10300
2021-11-11 14:38:00,810,810,810,810,10000
2021-11-11 14:39:00,810,810,810,810,0
2021-11-11 14:40:00,810,800,810,800,523700
2021-11-11 14:41:00,800,800,805,805,163100
2021-11-11 14:42:00,805,805,805,805,56000
2021-11-11 14:43:00,805,805,805,805,800
2021-11-11 14:44:00,805,805,805,805,8800
2021-11-11 14:45:00,805,805,805,805,1100
2021-11-11 14:46:00,805,800,805,800,44000
2021-11-11 14:47:00,805,795,805,795,126800
2021-11-11 14:48:00,800,795,800,795,17200
2021-11-11 14:49:00,795,795,800,800,14100
2021-11-11 14:50:00,795,795,800,800,0
2021-11-11 14:51:00,795,795,800,800,0
2021-11-11 14:52:00,795,795,800,800,0
2021-11-11 14:53:00,795,795,800,800,0
2021-11-11 14:54:00,795,795,800,800,0
2021-11-11 14:55:00,795,795,800,800,0
2021-11-11 14:56:00,795,795,800,800,0
2021-11-11 14:57:00,795,795,800,800,0
2021-11-11 14:58:00,795,795,800,800,0
2021-11-11 14:59:00,795,795,800,800,0
2021-11-11 15:00:00,805,805,805,805,47400
2021-11-11 15:01:00,805,805,805,805,0
2021-11-11 15:02:00,805,805,805,805,0
2021-11-11 15:03:00,805,805,805,805,0
2021-11-11 15:04:00,805,805,805,805,0
2021-11-11 15:05:00,805,805,805,805,18800
2021-11-11 15:06:00,805,805,805,805,0
2021-11-11 15:07:00,805,805,805,805,0
2021-11-11 15:08:00,805,805,805,805,1300
2021-11-11 15:09:00,805,805,805,805,100
2021-11-11 15:10:00,805,805,805,805,2000
2021-11-11 15:11:00,805,805,805,805,3800
2021-11-11 15:12:00,805,805,805,805,4500
2021-11-11 15:13:00,805,805,805,805,8900
2021-11-11 15:14:00,805,805,805,805,6100
2021-11-11 15:15:00,805,805,805,805,0
2021-11-11 15:16:00,805,805,805,805,0
2021-11-11 15:17:00,805,805,805,805,0
2021-11-11 15:18:00,805,805,805,805,0
2021-11-11 15:19:00,805,805,805,805,0
2021-11-11 15:20:00,805,805,805,805,0
2021-11-11 15:21:00,805,805,805,805,0
2021-11-11 15:22:00,805,805,805,805,0
2021-11-11 15:23:00,805,805,805,805,0
2021-11-11 15:24:00,805,805,805,805,0
2021-11-11 15:25:00,805,805,805,805,0
2021-11-11 15:26:00,805,805,805,805,0
2021-11-11 15:27:00,805,805,805,805,0
2021-11-11 15:28:00,805,805,805,805,0
2021-11-11 15:29:00,805,805,805,805,0
2021-11-11 15:30:00,805,805,805,805,0
2021-11-11 15:31:00,805,805,805,805,0
2021-11-11 15:32:00,805,805,805,805,0
2021-11-11 15:33:00,805,805,805,805,0
2021-11-11 15:34:00,805,805,805,805,0
2021-11-11 15:35:00,805,805,805,805,0
2021-11-11 15:36:00,805,805,805,805,0
2021-11-11 15:37:00,805,805,805,805,0
2021-11-11 15:38:00,805,805,805,805,0
2021-11-11 15:39:00,805,805,805,805,0
2021-11-11 15:40:00,805,805,805,805,0
2021-11-11 15:41:00,805,805,805,805,0
2021-11-11 15:42:00,805,805,805,805,0
2021-11-11 15:43:00,805,805,805,805,0
2021-11-11 15:44:00,805,805,805,805,0
2021-11-11 15:45:00,805,805,805,805,0
2021-11-11 15:46:00,805,805,805,805,0
2021-11-11 15:47:00,805,805,805,805,0
2021-11-11 15:48:00,805,805,805,805,0
2021-11-11 15:49:00,805,805,805,805,0
2021-11-11 15:50:00,805,805,805,805,0
2021-11-11 15:51:00,805,805,805,805,0
2021-11-11 15:52:00,805,805,805,805,0
2021-11-11 15:53:00,805,805,805,805,0
2021-11-11 15:54:00,805,805,805,805,0
2021-11-11 15:55:00,805,805,805,805,0
2021-11-11 15:56:00,805,805,805,805,0
2021-11-11 15:57:00,805,805,805,805,0
2021-11-11 15:58:00,805,805,805,805,0
2021-11-11 15:59:00,805,805,805,805,0
2021-11-12 09:00:00,805,805,805,805,0
2021-11-12 09:01:00,805,805,805,805,216300
2021-11-12 09:02:00,805,790,805,790,129100
2021-11-12 09:03:00,795,785,795,785,159400
2021-11-12 09:04:00,785,775,785,775,231100
2021-11-12 09:05:00,780,775,785,785,357900
2021-11-12 09:06:00,785,780,790,790,349100
2021-11-12 09:07:00,785,785,785,785,279700
2021-11-12 09:08:00,785,785,785,785,43600
2021-11-12 09:09:00,785,780,785,780,135600
2021-11-12 09:10:00,780,775,780,780,520400
2021-11-12 09:11:00,780,780,785,780,117800
2021-11-12 09:12:00,780,780,780,780,1700
2021-11-12 09:13:00,780,780,780,780,56300
2021-11-12 09:14:00,780,780,780,780,0
2021-11-12 09:15:00,780,780,780,780,0
2021-11-12 09:16:00,785,780,785,780,10000
2021-11-12 09:17:00,780,780,780,780,100
2021-11-12 09:18:00,780,780,780,780,0
2021-11-12 09:19:00,780,780,780,780,0
2021-11-12 09:20:00,780,780,780,780,100
2021-11-12 09:21:00,780,780,780,780,1500
2021-11-12 09:22:00,780,780,780,780,7000
2021-11-12 09:23:00,780,780,780,780,65000
2021-11-12 09:24:00,780,780,780,780,38100
2021-11-12 09:25:00,780,780,780,780,1300
2021-11-12 09:26:00,780,775,780,780,4700
2021-11-12 09:27:00,780,775,780,780,10100
2021-11-12 09:28:00,780,780,780,780,1000
2021-11-12 09:29:00,775,775,780,780,7500
2021-11-12 09:30:00,780,780,780,780,128300
2021-11-12 09:31:00,780,780,780,780,13600
2021-11-12 09:32:00,780,780,780,780,2600
2021-11-12 09:33:00,780,780,780,780,0
2021-11-12 09:34:00,780,780,780,780,100
2021-11-12 09:35:00,780,780,780,780,0
2021-11-12 09:36:00,780,780,780,780,6500
2021-11-12 09:37:00,780,780,780,780,3200
2021-11-12 09:38:00,780,780,780,780,17300
2021-11-12 09:39:00,780,780,780,780,0
2021-11-12 09:40:00,780,780,780,780,1000
2021-11-12 09:41:00,780,780,780,780,0
2021-11-12 09:42:00,780,780,780,780,11900
2021-11-12 09:43:00,780,780,780,780,116200
2021-11-12 09:44:00,780,780,780,780,200
2021-11-12 09:45:00,780,780,780,780,0
2021-11-12 09:46:00,780,780,780,780,0
2021-11-12 09:47:00,780,780,780,780,400
2021-11-12 09:48:00,780,780,780,780,41700
2021-11-12 09:49:00,775,775,775,775,100
2021-11-12 09:50:00,775,775,775,775,0
2021-11-12 09:51:00,775,775,775,775,4800
2021-11-12 09:52:00,780,775,780,775,20200
2021-11-12 09:53:00,780,775,780,775,0
2021-11-12 09:54:00,775,775,775,775,800
2021-11-12 09:55:00,775,775,775,775,0
2021-11-12 09:56:00,775,775,775,775,800
2021-11-12 09:57:00,775,775,775,775,0
2021-11-12 09:58:00,775,775,775,775,0
2021-11-12 09:59:00,775,775,775,775,0
2021-11-12 10:00:00,780,775,780,775,12600
2021-11-12 10:01:00,780,775,780,775,0
2021-11-12 10:02:00,780,780,780,780,18300
2021-11-12 10:03:00,785,785,785,785,84400
2021-11-12 10:04:00,785,785,785,785,15600
2021-11-12 10:05:00,785,785,785,785,100
2021-11-12 10:06:00,785,785,785,785,0
2021-11-12 10:07:00,785,785,785,785,0
2021-11-12 10:08:00,780,780,780,780,30100
2021-11-12 10:09:00,780,780,780,780,0
2021-11-12 10:10:00,780,780,780,780,12700
2021-11-12 10:11:00,780,780,780,780,0
2021-11-12 10:12:00,780,780,780,780,5000
2021-11-12 10:13:00,780,780,780,780,3500
2021-11-12 10:14:00,785,785,785,785,93200
2021-11-12 10:15:00,785,785,785,785,6800
2021-11-12 10:16:00,785,785,785,785,101200
2021-11-12 10:17:00,785,785,785,785,4000
2021-11-12 10:18:00,785,785,785,785,0
2021-11-12 10:19:00,785,785,785,785,0
2021-11-12 10:20:00,785,785,785,785,0
2021-11-12 10:21:00,785,785,785,785,0
2021-11-12 10:22:00,785,785,785,785,0
2021-11-12 10:23:00,785,785,785,785,0
2021-11-12 10:24:00,785,785,785,785,0
2021-11-12 10:25:00,785,785,785,785,2500
2021-11-12 10:26:00,785,785,785,785,0
2021-11-12 10:27:00,780,780,780,780,600
2021-11-12 10:28:00,780,780,780,780,0
2021-11-12 10:29:00,780,780,780,780,0
2021-11-12 10:30:00,780,780,780,780,0
2021-11-12 10:31:00,780,780,780,780,0
2021-11-12 10:32:00,780,780,780,780,0
2021-11-12 10:33:00,780,780,780,780,0
2021-11-12 10:34:00,780,780,780,780,0
2021-11-12 10:35:00,780,780,780,780,0
2021-11-12 10:36:00,780,780,780,780,3200
2021-11-12 10:37:00,780,780,780,780,5000
2021-11-12 10:38:00,780,780,780,780,0
2021-11-12 10:39:00,780,780,780,780,0
2021-11-12 10:40:00,780,780,780,780,0
2021-11-12 10:41:00,780,780,780,780,0
2021-11-12 10:42:00,780,780,780,780,0
2021-11-12 10:43:00,780,780,780,780,0
2021-11-12 10:44:00,780,780,780,780,0
2021-11-12 10:45:00,780,780,780,780,0
2021-11-12 10:46:00,780,780,780,780,0
2021-11-12 10:47:00,780,780,780,780,0
2021-11-12 10:48:00,780,780,780,780,0
2021-11-12 10:49:00,780,780,780,780,0
2021-11-12 10:50:00,780,780,780,780,100
2021-11-12 10:51:00,780,780,780,780,0
2021-11-12 10:52:00,780,780,780,780,0
2021-11-12 10:53:00,785,785,785,785,2500
2021-11-12 10:54:00,785,785,785,785,92200
2021-11-12 10:55:00,785,785,785,785,7800
2021-11-12 10:56:00,785,785,785,785,0
2021-11-12 10:57:00,785,785,785,785,50500
2021-11-12 10:58:00,785,785,785,785,0
2021-11-12 10:59:00,785,785,785,785,0
2021-11-12 11:00:00,785,785,785,785,0
2021-11-12 11:01:00,785,785,785,785,0
2021-11-12 11:02:00,785,785,785,785,0
2021-11-12 11:03:00,785,785,785,785,0
2021-11-12 11:04:00,785,785,785,785,0
2021-11-12 11:05:00,785,785,785,785,0
2021-11-12 11:06:00,785,785,785,785,0
2021-11-12 11:07:00,785,785,785,785,600
2021-11-12 11:08:00,785,785,785,785,0
2021-11-12 11:09:00,785,785,785,785,0
2021-11-12 11:10:00,785,785,785,785,100
2021-11-12 11:11:00,785,785,785,785,100
2021-11-12 11:12:00,785,785,785,785,0
2021-11-12 11:13:00,785,785,785,785,0
2021-11-12 11:14:00,785,785,785,785,0
2021-11-12 11:15:00,785,785,785,785,0
2021-11-12 11:16:00,785,785,785,785,0
2021-11-12 11:17:00,785,785,785,785,0
2021-11-12 11:18:00,785,785,785,785,0
2021-11-12 11:19:00,785,785,785,785,3200
2021-11-12 11:20:00,785,785,785,785,0
2021-11-12 11:21:00,785,785,785,785,0
2021-11-12 11:22:00,780,780,780,780,2500
2021-11-12 11:23:00,780,780,780,780,0
2021-11-12 11:24:00,780,780,780,780,0
2021-11-12 11:25:00,780,780,780,780,0
2021-11-12 11:26:00,780,780,780,780,0
2021-11-12 11:27:00,780,780,780,780,0
2021-11-12 11:28:00,780,780,780,780,0
2021-11-12 11:29:00,780,780,780,780,0
2021-11-12 11:30:00,780,780,780,780,0
2021-11-12 11:31:00,780,780,780,780,0
2021-11-12 11:32:00,780,780,780,780,0
2021-11-12 11:33:00,780,780,780,780,0
2021-11-12 11:34:00,780,780,780,780,0
2021-11-12 11:35:00,780,780,780,780,0
2021-11-12 11:36:00,780,780,780,780,0
2021-11-12 11:37:00,780,780,780,780,0
2021-11-12 11:38:00,780,780,780,780,0
2021-11-12 11:39:00,780,780,780,780,0
2021-11-12 11:40:00,780,780,780,780,0
2021-11-12 11:41:00,780,780,780,780,0
2021-11-12 11:42:00,780,780,780,780,0
2021-11-12 11:43:00,780,780,780,780,0
2021-11-12 11:44:00,780,780,780,780,0
2021-11-12 11:45:00,780,780,780,780,0
2021-11-12 11:46:00,780,780,780,780,0
2021-11-12 11:47:00,780,780,780,780,0
2021-11-12 11:48:00,780,780,780,780,0
2021-11-12 11:49:00,780,780,780,780,0
2021-11-12 11:50:00,780,780,780,780,0
2021-11-12 11:51:00,780,780,780,780,0
2021-11-12 11:52:00,780,780,780,780,0
2021-11-12 11:53:00,780,780,780,780,0
2021-11-12 11:54:00,780,780,780,780,0
2021-11-12 11:55:00,780,780,780,780,0
2021-11-12 11:56:00,780,780,780,780,0
2021-11-12 11:57:00,780,780,780,780,0
2021-11-12 11:58:00,780,780,780,780,0
2021-11-12 11:59:00,780,780,780,780,0
2021-11-12 12:00:00,780,780,780,780,0
2021-11-12 12:01:00,780,780,780,780,0
2021-11-12 12:02:00,780,780,780,780,0
2021-11-12 12:03:00,780,780,780,780,0
2021-11-12 12:04:00,780,780,780,780,0
2021-11-12 12:05:00,780,780,780,780,0
2021-11-12 12:06:00,780,780,780,780,0
2021-11-12 12:07:00,780,780,780,780,0
2021-11-12 12:08:00,780,780,780,780,0
2021-11-12 12:09:00,780,780,780,780,0
2021-11-12 12:10:00,780,780,780,780,0
2021-11-12 12:11:00,780,780,780,780,0
2021-11-12 12:12:00,780,780,780,780,0
2021-11-12 12:13:00,780,780,780,780,0
2021-11-12 12:14:00,780,780,780,780,0
2021-11-12 12:15:00,780,780,780,780,0
2021-11-12 12:16:00,780,780,780,780,0
2021-11-12 12:17:00,780,780,780,780,0
2021-11-12 12:18:00,780,780,780,780,0
2021-11-12 12:19:00,780,780,780,780,0
2021-11-12 12:20:00,780,780,780,780,0
2021-11-12 12:21:00,780,780,780,780,0
2021-11-12 12:22:00,780,780,780,780,0
2021-11-12 12:23:00,780,780,780,780,0
2021-11-12 12:24:00,780,780,780,780,0
2021-11-12 12:25:00,780,780,780,780,0
2021-11-12 12:26:00,780,780,780,780,0
2021-11-12 12:27:00,780,780,780,780,0
2021-11-12 12:28:00,780,780,780,780,0
2021-11-12 12:29:00,780,780,780,780,0
2021-11-12 12:30:00,780,780,780,780,0
2021-11-12 12:31:00,780,780,780,780,0
2021-11-12 12:32:00,780,780,780,780,0
2021-11-12 12:33:00,780,780,780,780,0
2021-11-12 12:34:00,780,780,780,780,0
2021-11-12 12:35:00,780,780,780,780,0
2021-11-12 12:36:00,780,780,780,780,0
2021-11-12 12:37:00,780,780,780,780,0
2021-11-12 12:38:00,780,780,780,780,0
2021-11-12 12:39:00,780,780,780,780,0
2021-11-12 12:40:00,780,780,780,780,0
2021-11-12 12:41:00,780,780,780,780,0
2021-11-12 12:42:00,780,780,780,780,0
2021-11-12 12:43:00,780,780,780,780,0
2021-11-12 12:44:00,780,780,780,780,0
2021-11-12 12:45:00,780,780,780,780,0
2021-11-12 12:46:00,780,780,780,780,0
2021-11-12 12:47:00,780,780,780,780,0
2021-11-12 12:48:00,780,780,780,780,0
2021-11-12 12:49:00,780,780,780,780,0
2021-11-12 12:50:00,780,780,780,780,0
2021-11-12 12:51:00,780,780,780,780,0
2021-11-12 12:52:00,780,780,780,780,0
2021-11-12 12:53:00,780,780,780,780,0
2021-11-12 12:54:00,780,780,780,780,0
2021-11-12 12:55:00,780,780,780,780,0
2021-11-12 12:56:00,780,780,780,780,0
2021-11-12 12:57:00,780,780,780,780,0
2021-11-12 12:58:00,780,780,780,780,0
2021-11-12 12:59:00,780,780,780,780,0
2021-11-12 13:00:00,780,780,780,780,0
2021-11-12 13:01:00,780,780,780,780,0
2021-11-12 13:02:00,780,780,780,780,0
2021-11-12 13:03:00,780,780,780,780,0
2021-11-12 13:04:00,780,780,780,780,0
2021-11-12 13:05:00,780,780,780,780,0
2021-11-12 13:06:00,780,780,780,780,0
2021-11-12 13:07:00,780,780,780,780,0
2021-11-12 13:08:00,780,780,780,780,0
2021-11-12 13:09:00,780,780,780,780,0
2021-11-12 13:10:00,780,780,780,780,0
2021-11-12 13:11:00,780,780,780,780,0
2021-11-12 13:12:00,780,780,780,780,0
2021-11-12 13:13:00,780,780,780,780,0
2021-11-12 13:14:00,780,780,780,780,0
2021-11-12 13:15:00,780,780,780,780,0
2021-11-12 13:16:00,780,780,780,780,0
2021-11-12 13:17:00,780,780,780,780,0
2021-11-12 13:18:00,780,780,780,780,0
2021-11-12 13:19:00,780,780,780,780,0
2021-11-12 13:20:00,780,780,780,780,0
2021-11-12 13:21:00,780,780,780,780,0
2021-11-12 13:22:00,780,780,780,780,0
2021-11-12 13:23:00,780,780,780,780,0
2021-11-12 13:24:00,780,780,780,780,0
2021-11-12 13:25:00,780,780,780,780,0
2021-11-12 13:26:00,780,780,780,780,0
2021-11-12 13:27:00,780,780,780,780,0
2021-11-12 13:28:00,780,780,780,780,0
2021-11-12 13:29:00,780,780,780,780,0
2021-11-12 13:30:00,785,785,785,785,2500
2021-11-12 13:31:00,780,780,780,780,5000
2021-11-12 13:32:00,780,780,780,780,0
2021-11-12 13:33:00,780,780,780,780,0
2021-11-12 13:34:00,780,780,780,780,0
2021-11-12 13:35:00,780,780,780,780,0
2021-11-12 13:36:00,785,785,785,785,300
2021-11-12 13:37:00,785,785,785,785,0
2021-11-12 13:38:00,785,785,785,785,0
2021-11-12 13:39:00,785,785,785,785,0
2021-11-12 13:40:00,785,785,785,785,0
2021-11-12 13:41:00,780,780,780,780,10000
2021-11-12 13:42:00,780,780,780,780,0
2021-11-12 13:43:00,780,780,780,780,0
2021-11-12 13:44:00,780,780,780,780,0
2021-11-12 13:45:00,780,780,780,780,0
2021-11-12 13:46:00,780,780,780,780,1600
2021-11-12 13:47:00,785,785,785,785,300
2021-11-12 13:48:00,780,780,780,780,2500
2021-11-12 13:49:00,780,780,780,780,500
2021-11-12 13:50:00,785,785,785,785,1700
2021-11-12 13:51:00,780,775,780,775,182600
2021-11-12 13:52:00,780,775,780,775,0
2021-11-12 13:53:00,780,775,780,775,0
2021-11-12 13:54:00,780,775,780,775,0
2021-11-12 13:55:00,780,780,780,780,50000
2021-11-12 13:56:00,780,780,780,780,75000
2021-11-12 13:57:00,780,780,780,780,0
2021-11-12 13:58:00,780,780,780,780,0
2021-11-12 13:59:00,780,780,780,780,0
2021-11-12 14:00:00,780,780,780,780,30000
2021-11-12 14:01:00,780,780,780,780,1500
2021-11-12 14:02:00,775,775,775,775,5000
2021-11-12 14:03:00,780,780,780,780,20000
2021-11-12 14:04:00,780,780,780,780,0
2021-11-12 14:05:00,780,780,780,780,20000
2021-11-12 14:06:00,785,785,785,785,111400
2021-11-12 14:07:00,785,785,790,790,600
2021-11-12 14:08:00,785,785,790,790,0
2021-11-12 14:09:00,785,785,790,790,0
2021-11-12 14:10:00,785,785,790,790,0
2021-11-12 14:11:00,790,790,790,790,5000
2021-11-12 14:12:00,790,790,790,790,0
2021-11-12 14:13:00,790,790,790,790,0
2021-11-12 14:14:00,790,790,790,790,0
2021-11-12 14:15:00,790,790,790,790,0
2021-11-12 14:16:00,790,790,790,790,0
2021-11-12 14:17:00,790,790,790,790,0
2021-11-12 14:18:00,790,790,790,790,0
2021-11-12 14:19:00,785,785,785,785,700
2021-11-12 14:20:00,785,785,790,790,2600
2021-11-12 14:21:00,790,785,790,785,3200
2021-11-12 14:22:00,790,785,790,785,0
2021-11-12 14:23:00,790,790,790,790,1500
2021-11-12 14:24:00,785,785,790,785,9500
2021-11-12 14:25:00,785,785,790,785,0
2021-11-12 14:26:00,785,785,785,785,50100
2021-11-12 14:27:00,785,785,785,785,45000
2021-11-12 14:28:00,785,785,785,785,0
2021-11-12 14:29:00,785,785,785,785,1200
2021-11-12 14:30:00,785,785,785,785,42400
2021-11-12 14:31:00,785,785,785,785,300
2021-11-12 14:32:00,785,785,785,785,0
2021-11-12 14:33:00,785,785,785,785,400
2021-11-12 14:34:00,785,785,785,785,0
2021-11-12 14:35:00,785,785,785,785,0
2021-11-12 14:36:00,785,785,785,785,5500
2021-11-12 14:37:00,785,785,785,785,0
2021-11-12 14:38:00,785,785,785,785,5000
2021-11-12 14:39:00,785,785,785,785,800
2021-11-12 14:40:00,785,780,785,780,11000
2021-11-12 14:41:00,785,780,785,780,0
2021-11-12 14:42:00,785,780,785,780,0
2021-11-12 14:43:00,780,780,780,780,300
2021-11-12 14:44:00,780,780,780,780,600
2021-11-12 14:45:00,785,780,785,780,49300
2021-11-12 14:46:00,785,780,785,780,0
2021-11-12 14:47:00,785,780,785,780,0
2021-11-12 14:48:00,780,780,780,780,31700
2021-11-12 14:49:00,785,780,785,780,7000
2021-11-12 14:50:00,785,780,785,780,0
2021-11-12 14:51:00,785,780,785,780,0
2021-11-12 14:52:00,785,780,785,780,0
2021-11-12 14:53:00,785,780,785,780,0
2021-11-12 14:54:00,785,780,785,780,0
2021-11-12 14:55:00,785,780,785,780,0
2021-11-12 14:56:00,785,780,785,780,0
2021-11-12 14:57:00,785,780,785,780,0
2021-11-12 14:58:00,785,780,785,780,0
2021-11-12 14:59:00,785,780,785,780,0
2021-11-12 15:00:00,780,780,780,780,40000
2021-11-12 15:01:00,780,780,780,780,0
2021-11-12 15:02:00,780,780,780,780,0
2021-11-12 15:03:00,780,780,780,780,0
2021-11-12 15:04:00,780,780,780,780,0
2021-11-12 15:05:00,780,780,780,780,33100
2021-11-12 15:06:00,780,780,780,780,1000
2021-11-12 15:07:00,780,780,780,780,3500
2021-11-12 15:08:00,780,780,780,780,0
2021-11-12 15:09:00,780,780,780,780,0
2021-11-12 15:10:00,780,780,780,780,0
2021-11-12 15:11:00,780,780,780,780,0
2021-11-12 15:12:00,780,780,780,780,0
2021-11-12 15:13:00,780,780,780,780,5000
2021-11-12 15:14:00,780,780,780,780,0
2021-11-12 15:15:00,780,780,780,780,0
2021-11-12 15:16:00,780,780,780,780,0
2021-11-12 15:17:00,780,780,780,780,0
2021-11-12 15:18:00,780,780,780,780,0
2021-11-12 15:19:00,780,780,780,780,0
2021-11-12 15:20:00,780,780,780,780,0
2021-11-12 15:21:00,780,780,780,780,0
2021-11-12 15:22:00,780,780,780,780,0
2021-11-12 15:23:00,780,780,780,780,0
2021-11-12 15:24:00,780,780,780,780,0
2021-11-12 15:25:00,780,780,780,780,0
2021-11-12 15:26:00,780,780,780,780,0
2021-11-12 15:27:00,780,780,780,780,0
2021-11-12 15:28:00,780,780,780,780,0
2021-11-12 15:29:00,780,780,780,780,0
2021-11-12 15:30:00,780,780,780,780,0
2021-11-12 15:31:00,780,780,780,780,0
2021-11-12 15:32:00,780,780,780,780,0
2021-11-12 15:33:00,780,780,780,780,0
2021-11-12 15:34:00,780,780,780,780,0
2021-11-12 15:35:00,780,780,780,780,0
2021-11-12 15:36:00,780,780,780,780,0
2021-11-12 15:37:00,780,780,780,780,0
2021-11-12 15:38:00,780,780,780,780,0
2021-11-12 15:39:00,780,780,780,780,0
2021-11-12 15:40:00,780,780,780,780,0
2021-11-12 15:41:00,780,780,780,780,0
2021-11-12 15:42:00,780,780,780,780,0
2021-11-12 15:43:00,780,780,780,780,0
2021-11-12 15:44:00,780,780,780,780,0
2021-11-12 15:45:00,780,780,780,780,0
2021-11-12 15:46:00,780,780,780,780,0
2021-11-12 15:47:00,780,780,780,780,0
2021-11-12 15:48:00,780,780,780,780,0
2021-11-12 15:49:00,780,780,780,780,0
2021-11-12 15:50:00,780,780,780,780,0
2021-11-12 15:51:00,780,780,780,780,0
2021-11-12 15:52:00,780,780,780,780,0
2021-11-12 15:53:00,780,780,780,780,0
2021-11-12 15:54:00,780,780,780,780,0
2021-11-12 15:55:00,780,780,780,780,0
2021-11-12 15:56:00,780,780,780,780,0
2021-11-12 15:57:00,780,780,780,780,0
2021-11-12 15:58:00,780,780,780,780,0
2021-11-12 15:59:00,780,780,780,780,0
2021-11-15 09:00:00,780,775,780,780,0
2021-11-15 09:01:00,780,770,780,780,403000
2021-11-15 09:02:00,780,780,780,780,210000
2021-11-15 09:03:00,775,775,775,775,3100
2021-11-15 09:04:00,780,780,780,780,1000
2021-11-15 09:05:00,780,780,780,780,0
2021-11-15 09:06:00,780,780,780,780,0
2021-11-15 09:07:00,780,780,785,785,221300
2021-11-15 09:08:00,785,785,785,785,293000
2021-11-15 09:09:00,775,770,775,770,68400
2021-11-15 09:10:00,770,770,770,770,99600
2021-11-15 09:11:00,765,765,770,770,228900
2021-11-15 09:12:00,770,770,770,770,312400
2021-11-15 09:13:00,765,765,765,765,4500
2021-11-15 09:14:00,765,765,765,765,4100
2021-11-15 09:15:00,770,770,770,770,1100
2021-11-15 09:16:00,770,765,770,770,20400
2021-11-15 09:17:00,765,765,765,765,6000
2021-11-15 09:18:00,765,765,765,765,0
2021-11-15 09:19:00,770,770,770,770,19700
2021-11-15 09:20:00,770,770,770,770,5000
2021-11-15 09:21:00,770,770,770,770,5000
2021-11-15 09:22:00,775,770,775,770,2000
2021-11-15 09:23:00,775,770,775,770,0
2021-11-15 09:24:00,770,770,770,770,30800
2021-11-15 09:25:00,770,765,770,765,12400
2021-11-15 09:26:00,770,765,770,765,0
2021-11-15 09:27:00,765,765,765,765,5000
2021-11-15 09:28:00,765,765,765,765,0
2021-11-15 09:29:00,770,770,770,770,1500
2021-11-15 09:30:00,770,770,770,770,200
2021-11-15 09:31:00,770,770,770,770,8300
2021-11-15 09:32:00,770,770,770,770,1000
2021-11-15 09:33:00,770,770,770,770,0
2021-11-15 09:34:00,770,770,770,770,100
2021-11-15 09:35:00,775,775,775,775,12500
2021-11-15 09:36:00,775,775,775,775,0
2021-11-15 09:37:00,775,775,775,775,1000
2021-11-15 09:38:00,775,775,775,775,0
2021-11-15 09:39:00,775,775,775,775,0
2021-11-15 09:40:00,775,775,775,775,0
2021-11-15 09:41:00,775,775,775,775,0
2021-11-15 09:42:00,775,775,775,775,0
2021-11-15 09:43:00,770,770,770,770,45600
2021-11-15 09:44:00,770,770,770,770,0
2021-11-15 09:45:00,770,770,770,770,0
2021-11-15 09:46:00,770,765,770,765,300
2021-11-15 09:47:00,770,765,770,765,0
2021-11-15 09:48:00,770,765,770,765,0
2021-11-15 09:49:00,765,765,765,765,24000
2021-11-15 09:50:00,765,765,765,765,25800
2021-11-15 09:51:00,765,765,765,765,0
2021-11-15 09:52:00,770,770,770,770,8000
2021-11-15 09:53:00,770,770,770,770,0
2021-11-15 09:54:00,775,770,775,775,26600
2021-11-15 09:55:00,775,770,775,775,0
2021-11-15 09:56:00,775,770,775,775,0
2021-11-15 09:57:00,780,780,780,780,10000
2021-11-15 09:58:00,780,780,780,780,66500
2021-11-15 09:59:00,780,780,780,780,0
2021-11-15 10:00:00,785,785,790,790,300000
2021-11-15 10:01:00,790,790,795,795,626700
2021-11-15 10:02:00,790,790,800,800,565700
2021-11-15 10:03:00,800,795,805,805,787000
2021-11-15 10:04:00,805,795,805,795,602700
2021-11-15 10:05:00,795,790,800,795,826400
2021-11-15 10:06:00,800,795,800,800,410900
2021-11-15 10:07:00,800,800,805,805,179900
2021-11-15 10:08:00,805,805,805,805,23000
2021-11-15 10:09:00,810,800,810,800,534300
2021-11-15 10:10:00,800,800,800,800,600
2021-11-15 10:11:00,805,805,805,805,15400
2021-11-15 10:12:00,805,805,805,805,0
2021-11-15 10:13:00,800,800,800,800,1000
2021-11-15 10:14:00,800,800,800,800,16100
2021-11-15 10:15:00,800,800,800,800,8300
2021-11-15 10:16:00,800,800,800,800,61800
2021-11-15 10:17:00,800,800,800,800,400
2021-11-15 10:18:00,800,800,800,800,5000
2021-11-15 10:19:00,800,800,800,800,100
2021-11-15 10:20:00,800,800,800,800,0
2021-11-15 10:21:00,800,800,800,800,2500
2021-11-15 10:22:00,800,800,800,800,10700
2021-11-15 10:23:00,800,800,800,800,5200
2021-11-15 10:24:00,800,800,800,800,1800
2021-11-15 10:25:00,800,800,800,800,0
2021-11-15 10:26:00,800,800,800,800,5000
2021-11-15 10:27:00,800,800,800,800,0
2021-11-15 10:28:00,800,800,800,800,100
2021-11-15 10:29:00,800,800,800,800,0
2021-11-15 10:30:00,800,800,800,800,0
2021-11-15 10:31:00,800,800,800,800,0
2021-11-15 10:32:00,795,795,795,795,49700
2021-11-15 10:33:00,795,795,795,795,146500
2021-11-15 10:34:00,790,790,790,790,1300
2021-11-15 10:35:00,790,790,790,790,0
2021-11-15 10:36:00,790,790,790,790,100
2021-11-15 10:37:00,790,790,790,790,0
2021-11-15 10:38:00,790,790,795,795,1900
2021-11-15 10:39:00,790,790,795,795,0
2021-11-15 10:40:00,790,790,795,795,0
2021-11-15 10:41:00,790,790,790,790,1200
2021-11-15 10:42:00,790,790,790,790,21000
2021-11-15 10:43:00,790,790,790,790,6300
2021-11-15 10:44:00,790,790,790,790,100
2021-11-15 10:45:00,790,790,790,790,0
2021-11-15 10:46:00,790,790,790,790,800
2021-11-15 10:47:00,790,790,790,790,0
2021-11-15 10:48:00,790,790,790,790,1700
2021-11-15 10:49:00,790,790,790,790,10000
2021-11-15 10:50:00,790,790,790,790,31600
2021-11-15 10:51:00,790,790,790,790,500
2021-11-15 10:52:00,790,790,790,790,100
2021-11-15 10:53:00,790,790,790,790,0
2021-11-15 10:54:00,790,790,790,790,0
2021-11-15 10:55:00,790,790,790,790,0
2021-11-15 10:56:00,790,790,790,790,1400
2021-11-15 10:57:00,790,790,790,790,100
2021-11-15 10:58:00,790,790,790,790,2200
2021-11-15 10:59:00,790,790,790,790,0
2021-11-15 11:00:00,790,790,790,790,10200
2021-11-15 11:01:00,790,790,790,790,0
2021-11-15 11:02:00,790,790,790,790,0
2021-11-15 11:03:00,790,790,790,790,0
2021-11-15 11:04:00,790,790,790,790,0
2021-11-15 11:05:00,790,790,790,790,0
2021-11-15 11:06:00,790,790,790,790,0
2021-11-15 11:07:00,795,795,795,795,7600
2021-11-15 11:08:00,795,795,795,795,0
2021-11-15 11:09:00,795,795,795,795,0
2021-11-15 11:10:00,795,795,795,795,0
2021-11-15 11:11:00,795,795,795,795,0
2021-11-15 11:12:00,795,795,795,795,0
2021-11-15 11:13:00,795,795,795,795,0
2021-11-15 11:14:00,795,795,795,795,0
2021-11-15 11:15:00,795,795,795,795,0
2021-11-15 11:16:00,790,790,790,790,44900
2021-11-15 11:17:00,790,790,790,790,0
2021-11-15 11:18:00,790,790,790,790,0
2021-11-15 11:19:00,790,790,790,790,0
2021-11-15 11:20:00,795,795,795,795,1300
2021-11-15 11:21:00,795,795,795,795,0
2021-11-15 11:22:00,795,795,795,795,0
2021-11-15 11:23:00,795,795,795,795,0
2021-11-15 11:24:00,795,795,795,795,0
2021-11-15 11:25:00,795,795,795,795,0
2021-11-15 11:26:00,790,790,790,790,10000
2021-11-15 11:27:00,790,790,790,790,0
2021-11-15 11:28:00,790,790,790,790,0
2021-11-15 11:29:00,790,790,790,790,0
2021-11-15 11:30:00,790,790,790,790,0
2021-11-15 11:31:00,790,790,790,790,0
2021-11-15 11:32:00,790,790,790,790,0
2021-11-15 11:33:00,790,790,790,790,0
2021-11-15 11:34:00,790,790,790,790,0
2021-11-15 11:35:00,790,790,790,790,0
2021-11-15 11:36:00,790,790,790,790,0
2021-11-15 11:37:00,790,790,790,790,0
2021-11-15 11:38:00,790,790,790,790,0
2021-11-15 11:39:00,790,790,790,790,0
2021-11-15 11:40:00,790,790,790,790,0
2021-11-15 11:41:00,790,790,790,790,0
2021-11-15 11:42:00,790,790,790,790,0
2021-11-15 11:43:00,790,790,790,790,0
2021-11-15 11:44:00,790,790,790,790,0
2021-11-15 11:45:00,790,790,790,790,0
2021-11-15 11:46:00,790,790,790,790,0
2021-11-15 11:47:00,790,790,790,790,0
2021-11-15 11:48:00,790,790,790,790,0
2021-11-15 11:49:00,790,790,790,790,0
2021-11-15 11:50:00,790,790,790,790,0
2021-11-15 11:51:00,790,790,790,790,0
2021-11-15 11:52:00,790,790,790,790,0
2021-11-15 11:53:00,790,790,790,790,0
2021-11-15 11:54:00,790,790,790,790,0
2021-11-15 11:55:00,790,790,790,790,0
2021-11-15 11:56:00,790,790,790,790,0
2021-11-15 11:57:00,790,790,790,790,0
2021-11-15 11:58:00,790,790,790,790,0
2021-11-15 11:59:00,790,790,790,790,0
2021-11-15 12:00:00,790,790,790,790,0
2021-11-15 12:01:00,790,790,790,790,0
2021-11-15 12:02:00,790,790,790,790,0
2021-11-15 12:03:00,790,790,790,790,0
2021-11-15 12:04:00,790,790,790,790,0
2021-11-15 12:05:00,790,790,790,790,0
2021-11-15 12:06:00,790,790,790,790,0
2021-11-15 12:07:00,790,790,790,790,0
2021-11-15 12:08:00,790,790,790,790,0
2021-11-15 12:09:00,790,790,790,790,0
2021-11-15 12:10:00,790,790,790,790,0
2021-11-15 12:11:00,790,790,790,790,0
2021-11-15 12:12:00,790,790,790,790,0
2021-11-15 12:13:00,790,790,790,790,0
2021-11-15 12:14:00,790,790,790,790,0
2021-11-15 12:15:00,790,790,790,790,0
2021-11-15 12:16:00,790,790,790,790,0
2021-11-15 12:17:00,790,790,790,790,0
2021-11-15 12:18:00,790,790,790,790,0
2021-11-15 12:19:00,790,790,790,790,0
2021-11-15 12:20:00,790,790,790,790,0
2021-11-15 12:21:00,790,790,790,790,0
2021-11-15 12:22:00,790,790,790,790,0
2021-11-15 12:23:00,790,790,790,790,0
2021-11-15 12:24:00,790,790,790,790,0
2021-11-15 12:25:00,790,790,790,790,0
2021-11-15 12:26:00,790,790,790,790,0
2021-11-15 12:27:00,790,790,790,790,0
2021-11-15 12:28:00,790,790,790,790,0
2021-11-15 12:29:00,790,790,790,790,0
2021-11-15 12:30:00,790,790,790,790,0
2021-11-15 12:31:00,790,790,790,790,0
2021-11-15 12:32:00,790,790,790,790,0
2021-11-15 12:33:00,790,790,790,790,0
2021-11-15 12:34:00,790,790,790,790,0
2021-11-15 12:35:00,790,790,790,790,0
2021-11-15 12:36:00,790,790,790,790,0
2021-11-15 12:37:00,790,790,790,790,0
2021-11-15 12:38:00,790,790,790,790,0
2021-11-15 12:39:00,790,790,790,790,0
2021-11-15 12:40:00,790,790,790,790,0
2021-11-15 12:41:00,790,790,790,790,0
2021-11-15 12:42:00,790,790,790,790,0
2021-11-15 12:43:00,790,790,790,790,0
2021-11-15 12:44:00,790,790,790,790,0
2021-11-15 12:45:00,790,790,790,790,0
2021-11-15 12:46:00,790,790,790,790,0
2021-11-15 12:47:00,790,790,790,790,0
2021-11-15 12:48:00,790,790,790,790,0
2021-11-15 12:49:00,790,790,790,790,0
2021-11-15 12:50:00,790,790,790,790,0
2021-11-15 12:51:00,790,790,790,790,0
2021-11-15 12:52:00,790,790,790,790,0
2021-11-15 12:53:00,790,790,790,790,0
2021-11-15 12:54:00,790,790,790,790,0
2021-11-15 12:55:00,790,790,790,790,0
2021-11-15 12:56:00,790,790,790,790,0
2021-11-15 12:57:00,790,790,790,790,0
2021-11-15 12:58:00,790,790,790,790,0
2021-11-15 12:59:00,790,790,790,790,0
2021-11-15 13:00:00,790,790,790,790,0
2021-11-15 13:01:00,790,790,790,790,0
2021-11-15 13:02:00,790,790,790,790,0
2021-11-15 13:03:00,790,790,790,790,0
2021-11-15 13:04:00,790,790,790,790,0
2021-11-15 13:05:00,790,790,790,790,0
2021-11-15 13:06:00,790,790,790,790,0
2021-11-15 13:07:00,790,790,790,790,0
2021-11-15 13:08:00,790,790,790,790,0
2021-11-15 13:09:00,790,790,790,790,0
2021-11-15 13:10:00,790,790,790,790,0
2021-11-15 13:11:00,790,790,790,790,0
2021-11-15 13:12:00,790,790,790,790,0
2021-11-15 13:13:00,790,790,790,790,0
2021-11-15 13:14:00,790,790,790,790,0
2021-11-15 13:15:00,790,790,790,790,0
2021-11-15 13:16:00,790,790,790,790,0
2021-11-15 13:17:00,790,790,790,790,0
2021-11-15 13:18:00,790,790,790,790,0
2021-11-15 13:19:00,790,790,790,790,0
2021-11-15 13:20:00,790,790,790,790,0
2021-11-15 13:21:00,790,790,790,790,0
2021-11-15 13:22:00,790,790,790,790,0
2021-11-15 13:23:00,790,790,790,790,0
2021-11-15 13:24:00,790,790,790,790,0
2021-11-15 13:25:00,790,790,790,790,0
2021-11-15 13:26:00,790,790,790,790,0
2021-11-15 13:27:00,790,790,790,790,0
2021-11-15 13:28:00,790,790,790,790,0
2021-11-15 13:29:00,790,790,790,790,0
2021-11-15 13:30:00,790,790,790,790,1300
2021-11-15 13:31:00,790,790,790,790,0
2021-11-15 13:32:00,790,790,790,790,0
2021-11-15 13:33:00,790,790,790,790,0
2021-11-15 13:34:00,790,790,790,790,0
2021-11-15 13:35:00,790,790,790,790,0
2021-11-15 13:36:00,790,790,790,790,200
2021-11-15 13:37:00,790,790,790,790,0
2021-11-15 13:38:00,790,790,790,790,0
2021-11-15 13:39:00,790,790,790,790,500
2021-11-15 13:40:00,790,790,790,790,0
2021-11-15 13:41:00,790,790,790,790,0
2021-11-15 13:42:00,790,790,790,790,10200
2021-11-15 13:43:00,790,790,790,790,100
2021-11-15 13:44:00,790,790,790,790,0
2021-11-15 13:45:00,790,790,790,790,0
2021-11-15 13:46:00,790,790,790,790,0
2021-11-15 13:47:00,790,790,790,790,0
2021-11-15 13:48:00,790,790,790,790,0
2021-11-15 13:49:00,790,790,790,790,0
2021-11-15 13:50:00,790,790,790,790,1000
2021-11-15 13:51:00,790,790,790,790,0
2021-11-15 13:52:00,790,790,790,790,6500
2021-11-15 13:53:00,790,790,790,790,0
2021-11-15 13:54:00,790,790,790,790,0
2021-11-15 13:55:00,790,790,790,790,0
2021-11-15 13:56:00,790,790,790,790,0
2021-11-15 13:57:00,790,790,790,790,0
2021-11-15 13:58:00,790,790,790,790,0
2021-11-15 13:59:00,790,790,790,790,0
2021-11-15 14:00:00,790,790,790,790,0
2021-11-15 14:01:00,790,790,790,790,0
2021-11-15 14:02:00,795,795,795,795,2500
2021-11-15 14:03:00,790,790,790,790,15000
2021-11-15 14:04:00,790,790,790,790,12500
2021-11-15 14:05:00,790,790,790,790,0
2021-11-15 14:06:00,790,790,790,790,0
2021-11-15 14:07:00,790,790,790,790,0
2021-11-15 14:08:00,790,790,790,790,1500
2021-11-15 14:09:00,790,790,790,790,0
2021-11-15 14:10:00,790,790,790,790,0
2021-11-15 14:11:00,790,790,790,790,18900
2021-11-15 14:12:00,785,785,785,785,100000
2021-11-15 14:13:00,785,785,785,785,0
2021-11-15 14:14:00,785,785,795,795,158100
2021-11-15 14:15:00,800,800,800,800,520200
2021-11-15 14:16:00,805,805,805,805,519800
2021-11-15 14:17:00,805,805,805,805,0
2021-11-15 14:18:00,805,805,810,810,585800
2021-11-15 14:19:00,810,810,815,815,594700
2021-11-15 14:20:00,815,810,815,810,21000
2021-11-15 14:21:00,810,810,810,810,2400
2021-11-15 14:22:00,805,805,805,805,2700
2021-11-15 14:23:00,805,800,810,800,24800
2021-11-15 14:24:00,800,800,805,805,500
2021-11-15 14:25:00,800,800,800,800,9000
2021-11-15 14:26:00,800,800,800,800,23800
2021-11-15 14:27:00,800,800,800,800,0
2021-11-15 14:28:00,800,800,800,800,0
2021-11-15 14:29:00,800,800,800,800,0
2021-11-15 14:30:00,800,800,800,800,0
2021-11-15 14:31:00,800,800,800,800,0
2021-11-15 14:32:00,800,800,800,800,0
2021-11-15 14:33:00,800,800,800,800,800
2021-11-15 14:34:00,800,800,800,800,13000
2021-11-15 14:35:00,800,800,800,800,0
2021-11-15 14:36:00,800,800,800,800,2500
2021-11-15 14:37:00,800,800,800,800,0
2021-11-15 14:38:00,800,800,800,800,200
2021-11-15 14:39:00,800,800,800,800,0
2021-11-15 14:40:00,800,800,800,800,0
2021-11-15 14:41:00,800,800,800,800,0
2021-11-15 14:42:00,800,800,800,800,0
2021-11-15 14:43:00,795,795,795,795,31300
2021-11-15 14:44:00,795,795,795,795,6500
2021-11-15 14:45:00,795,795,795,795,0
2021-11-15 14:46:00,795,795,795,795,0
2021-11-15 14:47:00,795,795,795,795,1000
2021-11-15 14:48:00,800,800,800,800,5000
2021-11-15 14:49:00,800,795,800,800,45000
2021-11-15 14:50:00,800,795,800,800,0
2021-11-15 14:51:00,800,795,800,800,0
2021-11-15 14:52:00,800,795,800,800,0
2021-11-15 14:53:00,800,795,800,800,0
2021-11-15 14:54:00,800,795,800,800,0
2021-11-15 14:55:00,800,795,800,800,0
2021-11-15 14:56:00,800,795,800,800,0
2021-11-15 14:57:00,800,795,800,800,0
2021-11-15 14:58:00,800,795,800,800,0
2021-11-15 14:59:00,800,795,800,800,0
2021-11-15 15:00:00,795,795,795,795,61900
2021-11-15 15:01:00,795,795,795,795,0
2021-11-15 15:02:00,795,795,795,795,0
2021-11-15 15:03:00,795,795,795,795,0
2021-11-15 15:04:00,795,795,795,795,0
2021-11-15 15:05:00,795,795,795,795,68300
2021-11-15 15:06:00,795,795,795,795,0
2021-11-15 15:07:00,795,795,795,795,0
2021-11-15 15:08:00,795,795,795,795,0
2021-11-15 15:09:00,795,795,795,795,0
2021-11-15 15:10:00,795,795,795,795,0
2021-11-15 15:11:00,795,795,795,795,0
2021-11-15 15:12:00,795,795,795,795,0
2021-11-15 15:13:00,795,795,795,795,0
2021-11-15 15:14:00,795,795,795,795,0
2021-11-15 15:15:00,795,795,795,795,0
2021-11-15 15:16:00,795,795,795,795,0
2021-11-15 15:17:00,795,795,795,795,0
2021-11-15 15:18:00,795,795,795,795,0
2021-11-15 15:19:00,795,795,795,795,0
2021-11-15 15:20:00,795,795,795,795,0
2021-11-15 15:21:00,795,795,795,795,0
2021-11-15 15:22:00,795,795,795,795,0
2021-11-15 15:23:00,795,795,795,795,0
2021-11-15 15:24:00,795,795,795,795,0
2021-11-15 15:25:00,795,795,795,795,0
2021-11-15 15:26:00,795,795,795,795,0
2021-11-15 15:27:00,795,795,795,795,0
2021-11-15 15:28:00,795,795,795,795,0
2021-11-15 15:29:00,795,795,795,795,0
2021-11-15 15:30:00,795,795,795,795,0
2021-11-15 15:31:00,795,795,795,795,0
2021-11-15 15:32:00,795,795,795,795,0
2021-11-15 15:33:00,795,795,795,795,0
2021-11-15 15:34:00,795,795,795,795,0
2021-11-15 15:35:00,795,795,795,795,0
2021-11-15 15:36:00,795,795,795,795,0
2021-11-15 15:37:00,795,795,795,795,0
2021-11-15 15:38:00,795,795,795,795,0
2021-11-15 15:39:00,795,795,795,795,0
2021-11-15 15:40:00,795,795,795,795,0
2021-11-15 15:41:00,795,795,795,795,0
2021-11-15 15:42:00,795,795,795,795,0
2021-11-15 15:43:00,795,795,795,795,0
2021-11-15 15:44:00,795,795,795,795,0
2021-11-15 15:45:00,795,795,795,795,0
2021-11-15 15:46:00,795,795,795,795,0
2021-11-15 15:47:00,795,795,795,795,0
2021-11-15 15:48:00,795,795,795,795,0
2021-11-15 15:49:00,795,795,795,795,0
2021-11-15 15:50:00,795,795,795,795,0
2021-11-15 15:51:00,795,795,795,795,0
2021-11-15 15:52:00,795,795,795,795,0
2021-11-15 15:53:00,795,795,795,795,0
2021-11-15 15:54:00,795,795,795,795,0
2021-11-15 15:55:00,795,795,795,795,0
2021-11-15 15:56:00,795,795,795,795,0
2021-11-15 15:57:00,795,795,795,795,0
2021-11-15 15:58:00,795,795,795,795,0
2021-11-15 15:59:00,795,795,795,795,0
2021-11-16 09:00:00,795,795,795,795,0
2021-11-16 09:01:00,795,795,795,795,10000
2021-11-16 09:02:00,795,795,795,795,435200
2021-11-16 09:03:00,795,795,795,795,220500
2021-11-16 09:04:00,800,795,800,800,605000
2021-11-16 09:05:00,800,795,800,800,0
2021-11-16 09:06:00,800,795,800,800,0
2021-11-16 09:07:00,800,800,800,800,5000
2021-11-16 09:08:00,800,800,800,800,1700
2021-11-16 09:09:00,800,800,800,800,60500
2021-11-16 09:10:00,800,800,800,800,300
2021-11-16 09:11:00,800,800,800,800,2200
2021-11-16 09:12:00,800,800,800,800,200
2021-11-16 09:13:00,800,800,800,800,0
2021-11-16 09:14:00,800,800,800,800,0
2021-11-16 09:15:00,800,800,800,800,0
2021-11-16 09:16:00,800,800,800,800,0
2021-11-16 09:17:00,800,800,800,800,0
2021-11-16 09:18:00,800,800,800,800,0
2021-11-16 09:19:00,800,800,800,800,0
2021-11-16 09:20:00,800,800,800,800,0
2021-11-16 09:21:00,800,800,800,800,3000
2021-11-16 09:22:00,800,800,800,800,0
2021-11-16 09:23:00,800,800,800,800,0
2021-11-16 09:24:00,800,800,800,800,1200
2021-11-16 09:25:00,800,800,800,800,0
2021-11-16 09:26:00,800,800,800,800,0
2021-11-16 09:27:00,800,800,800,800,7000
2021-11-16 09:28:00,800,800,800,800,0
2021-11-16 09:29:00,800,795,800,800,200100
2021-11-16 09:30:00,800,800,800,800,44400
2021-11-16 09:31:00,800,800,800,800,100
2021-11-16 09:32:00,800,800,800,800,25000
2021-11-16 09:33:00,800,800,800,800,3000
2021-11-16 09:34:00,800,800,800,800,1000
2021-11-16 09:35:00,800,800,800,800,0
2021-11-16 09:36:00,800,800,800,800,200
2021-11-16 09:37:00,800,800,800,800,500
2021-11-16 09:38:00,800,800,800,800,0
2021-11-16 09:39:00,800,800,800,800,0
2021-11-16 09:40:00,800,800,800,800,0
2021-11-16 09:41:00,800,800,800,800,0
2021-11-16 09:42:00,800,800,800,800,300
2021-11-16 09:43:00,800,800,800,800,0
2021-11-16 09:44:00,800,800,800,800,0
2021-11-16 09:45:00,800,800,800,800,0
2021-11-16 09:46:00,800,800,800,800,0
2021-11-16 09:47:00,800,800,800,800,0
2021-11-16 09:48:00,800,800,800,800,0
2021-11-16 09:49:00,800,800,800,800,10000
2021-11-16 09:50:00,800,800,800,800,5000
2021-11-16 09:51:00,800,800,800,800,0
2021-11-16 09:52:00,800,800,805,805,145200
2021-11-16 09:53:00,805,805,810,810,443200
2021-11-16 09:54:00,810,810,820,815,864500
2021-11-16 09:55:00,815,815,820,815,494600
2021-11-16 09:56:00,815,815,820,820,210400
2021-11-16 09:57:00,820,815,820,815,60800
2021-11-16 09:58:00,820,820,825,825,1363900
2021-11-16 09:59:00,825,825,830,830,453100
2021-11-16 10:00:00,830,820,830,820,244300
2021-11-16 10:01:00,820,820,820,820,70700
2021-11-16 10:02:00,820,820,820,820,86200
2021-11-16 10:03:00,820,815,820,815,18200
2021-11-16 10:04:00,815,815,815,815,1000
2021-11-16 10:05:00,815,815,815,815,100
2021-11-16 10:06:00,815,815,820,820,400
2021-11-16 10:07:00,820,820,820,820,2800
2021-11-16 10:08:00,820,820,820,820,10000
2021-11-16 10:09:00,815,815,815,815,6900
2021-11-16 10:10:00,820,820,820,820,47700
2021-11-16 10:11:00,820,820,820,820,12200
2021-11-16 10:12:00,820,815,820,815,5600
2021-11-16 10:13:00,820,820,820,820,12400
2021-11-16 10:14:00,820,820,820,820,0
2021-11-16 10:15:00,820,820,820,820,600
2021-11-16 10:16:00,815,815,815,815,1000
2021-11-16 10:17:00,820,820,820,820,4600
2021-11-16 10:18:00,820,820,820,820,5300
2021-11-16 10:19:00,820,815,820,815,5100
2021-11-16 10:20:00,820,820,820,820,11000
2021-11-16 10:21:00,820,820,820,820,0
2021-11-16 10:22:00,820,820,820,820,0
2021-11-16 10:23:00,820,820,820,820,0
2021-11-16 10:24:00,820,820,820,820,0
2021-11-16 10:25:00,815,815,815,815,15000
2021-11-16 10:26:00,815,815,815,815,0
2021-11-16 10:27:00,815,815,815,815,71300
2021-11-16 10:28:00,815,815,815,815,6100
2021-11-16 10:29:00,815,815,815,815,0
2021-11-16 10:30:00,815,815,815,815,0
2021-11-16 10:31:00,815,815,815,815,0
2021-11-16 10:32:00,815,815,815,815,1500
2021-11-16 10:33:00,810,810,810,810,4000
2021-11-16 10:34:00,810,810,810,810,4500
2021-11-16 10:35:00,810,810,810,810,0
2021-11-16 10:36:00,810,810,810,810,1000
2021-11-16 10:37:00,810,810,810,810,0
2021-11-16 10:38:00,810,810,810,810,10000
2021-11-16 10:39:00,810,810,810,810,0
2021-11-16 10:40:00,810,810,810,810,17000
2021-11-16 10:41:00,810,810,810,810,1700
2021-11-16 10:42:00,810,810,810,810,500
2021-11-16 10:43:00,810,810,810,810,0
2021-11-16 10:44:00,810,810,810,810,0
2021-11-16 10:45:00,810,810,810,810,0
2021-11-16 10:46:00,810,810,810,810,14500
2021-11-16 10:47:00,810,810,810,810,1200
2021-11-16 10:48:00,810,810,810,810,0
2021-11-16 10:49:00,810,810,810,810,0
2021-11-16 10:50:00,810,810,810,810,0
2021-11-16 10:51:00,810,810,810,810,300
2021-11-16 10:52:00,810,810,810,810,0
2021-11-16 10:53:00,810,810,810,810,0
2021-11-16 10:54:00,810,810,810,810,0
2021-11-16 10:55:00,810,810,810,810,8000
2021-11-16 10:56:00,810,810,810,810,0
2021-11-16 10:57:00,810,810,810,810,0
2021-11-16 10:58:00,810,810,810,810,30000
2021-11-16 10:59:00,810,810,810,810,0
2021-11-16 11:00:00,810,810,810,810,0
2021-11-16 11:01:00,810,810,810,810,0
2021-11-16 11:02:00,810,810,810,810,50000
2021-11-16 11:03:00,810,810,810,810,0
2021-11-16 11:04:00,810,810,810,810,0
2021-11-16 11:05:00,810,810,810,810,10000
2021-11-16 11:06:00,810,810,810,810,200
2021-11-16 11:07:00,810,810,810,810,1400
2021-11-16 11:08:00,810,810,810,810,0
2021-11-16 11:09:00,810,810,810,810,0
2021-11-16 11:10:00,810,810,810,810,0
2021-11-16 11:11:00,810,810,810,810,0
2021-11-16 11:12:00,810,810,810,810,100
2021-11-16 11:13:00,810,810,810,810,0
2021-11-16 11:14:00,810,810,810,810,0
2021-11-16 11:15:00,810,810,810,810,10000
2021-11-16 11:16:00,810,810,810,810,0
2021-11-16 11:17:00,810,810,810,810,0
2021-11-16 11:18:00,810,810,810,810,0
2021-11-16 11:19:00,810,810,810,810,0
2021-11-16 11:20:00,805,805,805,805,100
2021-11-16 11:21:00,805,805,805,805,400
2021-11-16 11:22:00,805,805,805,805,0
2021-11-16 11:23:00,805,805,805,805,200
2021-11-16 11:24:00,805,805,805,805,0
2021-11-16 11:25:00,805,805,805,805,14900
2021-11-16 11:26:00,805,805,805,805,0
2021-11-16 11:27:00,805,805,805,805,0
2021-11-16 11:28:00,810,810,810,810,10000
2021-11-16 11:29:00,810,810,810,810,0
2021-11-16 11:30:00,810,810,810,810,0
2021-11-16 11:31:00,810,810,810,810,0
2021-11-16 11:32:00,810,810,810,810,0
2021-11-16 11:33:00,810,810,810,810,0
2021-11-16 11:34:00,810,810,810,810,0
2021-11-16 11:35:00,810,810,810,810,0
2021-11-16 11:36:00,810,810,810,810,0
2021-11-16 11:37:00,810,810,810,810,0
2021-11-16 11:38:00,810,810,810,810,0
2021-11-16 11:39:00,810,810,810,810,0
2021-11-16 11:40:00,810,810,810,810,0
2021-11-16 11:41:00,810,810,810,810,0
2021-11-16 11:42:00,810,810,810,810,0
2021-11-16 11:43:00,810,810,810,810,0
2021-11-16 11:44:00,810,810,810,810,0
2021-11-16 11:45:00,810,810,810,810,0
2021-11-16 11:46:00,810,810,810,810,0
2021-11-16 11:47:00,810,810,810,810,0
2021-11-16 11:48:00,810,810,810,810,0
2021-11-16 11:49:00,810,810,810,810,0
2021-11-16 11:50:00,810,810,810,810,0
2021-11-16 11:51:00,810,810,810,810,0
2021-11-16 11:52:00,810,810,810,810,0
2021-11-16 11:53:00,810,810,810,810,0
2021-11-16 11:54:00,810,810,810,810,0
2021-11-16 11:55:00,810,810,810,810,0
2021-11-16 11:56:00,810,810,810,810,0
2021-11-16 11:57:00,810,810,810,810,0
2021-11-16 11:58:00,810,810,810,810,0
2021-11-16 11:59:00,810,810,810,810,0
2021-11-16 12:00:00,810,810,810,810,0
2021-11-16 12:01:00,810,810,810,810,0
2021-11-16 12:02:00,810,810,810,810,0
2021-11-16 12:03:00,810,810,810,810,0
2021-11-16 12:04:00,810,810,810,810,0
2021-11-16 12:05:00,810,810,810,810,0
2021-11-16 12:06:00,810,810,810,810,0
2021-11-16 12:07:00,810,810,810,810,0
2021-11-16 12:08:00,810,810,810,810,0
2021-11-16 12:09:00,810,810,810,810,0
2021-11-16 12:10:00,810,810,810,810,0
2021-11-16 12:11:00,810,810,810,810,0
2021-11-16 12:12:00,810,810,810,810,0
2021-11-16 12:13:00,810,810,810,810,0
2021-11-16 12:14:00,810,810,810,810,0
2021-11-16 12:15:00,810,810,810,810,0
2021-11-16 12:16:00,810,810,810,810,0
2021-11-16 12:17:00,810,810,810,810,0
2021-11-16 12:18:00,810,810,810,810,0
2021-11-16 12:19:00,810,810,810,810,0
2021-11-16 12:20:00,810,810,810,810,0
2021-11-16 12:21:00,810,810,810,810,0
2021-11-16 12:22:00,810,810,810,810,0
2021-11-16 12:23:00,810,810,810,810,0
2021-11-16 12:24:00,810,810,810,810,0
2021-11-16 12:25:00,810,810,810,810,0
2021-11-16 12:26:00,810,810,810,810,0
2021-11-16 12:27:00,810,810,810,810,0
2021-11-16 12:28:00,810,810,810,810,0
2021-11-16 12:29:00,810,810,810,810,0
2021-11-16 12:30:00,810,810,810,810,0
2021-11-16 12:31:00,810,810,810,810,0
2021-11-16 12:32:00,810,810,810,810,0
2021-11-16 12:33:00,810,810,810,810,0
2021-11-16 12:34:00,810,810,810,810,0
2021-11-16 12:35:00,810,810,810,810,0
2021-11-16 12:36:00,810,810,810,810,0
2021-11-16 12:37:00,810,810,810,810,0
2021-11-16 12:38:00,810,810,810,810,0
2021-11-16 12:39:00,810,810,810,810,0
2021-11-16 12:40:00,810,810,810,810,0
2021-11-16 12:41:00,810,810,810,810,0
2021-11-16 12:42:00,810,810,810,810,0
2021-11-16 12:43:00,810,810,810,810,0
2021-11-16 12:44:00,810,810,810,810,0
2021-11-16 12:45:00,810,810,810,810,0
2021-11-16 12:46:00,810,810,810,810,0
2021-11-16 12:47:00,810,810,810,810,0
2021-11-16 12:48:00,810,810,810,810,0
2021-11-16 12:49:00,810,810,810,810,0
2021-11-16 12:50:00,810,810,810,810,0
2021-11-16 12:51:00,810,810,810,810,0
2021-11-16 12:52:00,810,810,810,810,0
2021-11-16 12:53:00,810,810,810,810,0
2021-11-16 12:54:00,810,810,810,810,0
2021-11-16 12:55:00,810,810,810,810,0
2021-11-16 12:56:00,810,810,810,810,0
2021-11-16 12:57:00,810,810,810,810,0
2021-11-16 12:58:00,810,810,810,810,0
2021-11-16 12:59:00,810,810,810,810,0
2021-11-16 13:00:00,810,810,810,810,0
2021-11-16 13:01:00,810,810,810,810,0
2021-11-16 13:02:00,810,810,810,810,0
2021-11-16 13:03:00,810,810,810,810,0
2021-11-16 13:04:00,810,810,810,810,0
2021-11-16 13:05:00,810,810,810,810,0
2021-11-16 13:06:00,810,810,810,810,0
2021-11-16 13:07:00,810,810,810,810,0
2021-11-16 13:08:00,810,810,810,810,0
2021-11-16 13:09:00,810,810,810,810,0
2021-11-16 13:10:00,810,810,810,810,0
2021-11-16 13:11:00,810,810,810,810,0
2021-11-16 13:12:00,810,810,810,810,0
2021-11-16 13:13:00,810,810,810,810,0
2021-11-16 13:14:00,810,810,810,810,0
2021-11-16 13:15:00,810,810,810,810,0
2021-11-16 13:16:00,810,810,810,810,0
2021-11-16 13:17:00,810,810,810,810,0
2021-11-16 13:18:00,810,810,810,810,0
2021-11-16 13:19:00,810,810,810,810,0
2021-11-16 13:20:00,810,810,810,810,0
2021-11-16 13:21:00,810,810,810,810,0
2021-11-16 13:22:00,810,810,810,810,0
2021-11-16 13:23:00,810,810,810,810,0
2021-11-16 13:24:00,810,810,810,810,0
2021-11-16 13:25:00,810,810,810,810,0
2021-11-16 13:26:00,810,810,810,810,0
2021-11-16 13:27:00,810,810,810,810,0
2021-11-16 13:28:00,810,810,810,810,0
2021-11-16 13:29:00,810,810,810,810,0
2021-11-16 13:30:00,810,810,810,810,2600
2021-11-16 13:31:00,805,805,805,805,109600
2021-11-16 13:32:00,805,805,805,805,106800
2021-11-16 13:33:00,805,805,805,805,133600
2021-11-16 13:34:00,805,805,805,805,120000
2021-11-16 13:35:00,805,805,805,805,120000
2021-11-16 13:36:00,805,805,805,805,120000
2021-11-16 13:37:00,805,805,805,805,171300
2021-11-16 13:38:00,805,805,805,805,8700
2021-11-16 13:39:00,805,805,805,805,0
2021-11-16 13:40:00,805,805,805,805,0
2021-11-16 13:41:00,805,805,805,805,0
2021-11-16 13:42:00,805,805,805,805,0
2021-11-16 13:43:00,805,805,805,805,0
2021-11-16 13:44:00,810,810,810,810,1200
2021-11-16 13:45:00,810,810,810,810,0
2021-11-16 13:46:00,810,810,810,810,0
2021-11-16 13:47:00,810,810,810,810,0
2021-11-16 13:48:00,810,810,810,810,0
2021-11-16 13:49:00,810,810,810,810,0
2021-11-16 13:50:00,805,805,805,805,50000
2021-11-16 13:51:00,805,805,805,805,8500
2021-11-16 13:52:00,805,805,805,805,200
2021-11-16 13:53:00,810,805,810,805,103200
2021-11-16 13:54:00,805,805,805,805,12000
2021-11-16 13:55:00,805,805,805,805,200
2021-11-16 13:56:00,805,805,810,810,17000
2021-11-16 13:57:00,810,810,810,810,12000
2021-11-16 13:58:00,810,810,810,810,8800
2021-11-16 13:59:00,810,810,810,810,12000
2021-11-16 14:00:00,805,805,805,805,15000
2021-11-16 14:01:00,805,805,805,805,3000
2021-11-16 14:02:00,805,805,805,805,12200
2021-11-16 14:03:00,805,805,810,810,17600
2021-11-16 14:04:00,805,805,805,805,300
2021-11-16 14:05:00,805,805,805,805,0
2021-11-16 14:06:00,805,805,805,805,28000
2021-11-16 14:07:00,805,805,805,805,0
2021-11-16 14:08:00,805,805,805,805,7100
2021-11-16 14:09:00,805,805,805,805,8400
2021-11-16 14:10:00,805,805,805,805,0
2021-11-16 14:11:00,805,805,805,805,2100
2021-11-16 14:12:00,805,805,805,805,0
2021-11-16 14:13:00,805,805,805,805,6000
2021-11-16 14:14:00,805,805,805,805,0
2021-11-16 14:15:00,805,805,805,805,0
2021-11-16 14:16:00,805,805,805,805,0
2021-11-16 14:17:00,805,805,805,805,0
2021-11-16 14:18:00,805,805,805,805,3500
2021-11-16 14:19:00,805,805,805,805,0
2021-11-16 14:20:00,805,800,805,800,42700
2021-11-16 14:21:00,800,800,800,800,6000
2021-11-16 14:22:00,805,805,805,805,1000
2021-11-16 14:23:00,805,805,805,805,0
2021-11-16 14:24:00,805,805,805,805,0
2021-11-16 14:25:00,805,805,805,805,0
2021-11-16 14:26:00,805,805,805,805,0
2021-11-16 14:27:00,800,800,800,800,100
2021-11-16 14:28:00,800,800,800,800,100
2021-11-16 14:29:00,800,800,800,800,0
2021-11-16 14:30:00,800,800,800,800,0
2021-11-16 14:31:00,800,780,800,780,510700
2021-11-16 14:32:00,780,775,780,780,873900
2021-11-16 14:33:00,780,775,780,780,446000
2021-11-16 14:34:00,780,780,780,780,6200
2021-11-16 14:35:00,780,780,790,790,80700
2021-11-16 14:36:00,780,780,780,780,107400
2021-11-16 14:37:00,775,775,780,780,3800
2021-11-16 14:38:00,775,775,780,780,0
2021-11-16 14:39:00,780,780,780,780,26700
2021-11-16 14:40:00,780,765,780,765,307500
2021-11-16 14:41:00,765,765,770,770,9000
2021-11-16 14:42:00,765,765,770,770,54600
2021-11-16 14:43:00,770,770,770,770,318700
2021-11-16 14:44:00,780,780,780,780,80000
2021-11-16 14:45:00,775,765,775,765,458300
2021-11-16 14:46:00,765,765,765,765,177000
2021-11-16 14:47:00,770,770,775,775,47100
2021-11-16 14:48:00,775,775,775,775,10600
2021-11-16 14:49:00,780,780,785,785,300800
2021-11-16 14:50:00,785,785,785,785,44500
2021-11-16 14:51:00,785,785,785,785,0
2021-11-16 14:52:00,785,785,785,785,0
2021-11-16 14:53:00,785,785,785,785,0
2021-11-16 14:54:00,785,785,785,785,0
2021-11-16 14:55:00,785,785,785,785,0
2021-11-16 14:56:00,785,785,785,785,0
2021-11-16 14:57:00,785,785,785,785,0
2021-11-16 14:58:00,785,785,785,785,0
2021-11-16 14:59:00,785,785,785,785,0
2021-11-16 15:00:00,785,785,785,785,275800
2021-11-16 15:01:00,785,785,785,785,0
2021-11-16 15:02:00,785,785,785,785,0
2021-11-16 15:03:00,785,785,785,785,0
2021-11-16 15:04:00,785,785,785,785,0
2021-11-16 15:05:00,785,785,785,785,100
2021-11-16 15:06:00,785,785,785,785,200
2021-11-16 15:07:00,785,785,785,785,0
2021-11-16 15:08:00,785,785,785,785,0
2021-11-16 15:09:00,785,785,785,785,1500
2021-11-16 15:10:00,785,785,785,785,1000
2021-11-16 15:11:00,785,785,785,785,0
2021-11-16 15:12:00,785,785,785,785,0
2021-11-16 15:13:00,785,785,785,785,0
2021-11-16 15:14:00,785,785,785,785,0
2021-11-16 15:15:00,785,785,785,785,0
2021-11-16 15:16:00,785,785,785,785,0
2021-11-16 15:17:00,785,785,785,785,0
2021-11-16 15:18:00,785,785,785,785,0
2021-11-16 15:19:00,785,785,785,785,0
2021-11-16 15:20:00,785,785,785,785,0
2021-11-16 15:21:00,785,785,785,785,0
2021-11-16 15:22:00,785,785,785,785,0
2021-11-16 15:23:00,785,785,785,785,0
2021-11-16 15:24:00,785,785,785,785,0
2021-11-16 15:25:00,785,785,785,785,0
2021-11-16 15:26:00,785,785,785,785,0
2021-11-16 15:27:00,785,785,785,785,0
2021-11-16 15:28:00,785,785,785,785,0
2021-11-16 15:29:00,785,785,785,785,0
2021-11-16 15:30:00,785,785,785,785,0
2021-11-16 15:31:00,785,785,785,785,0
2021-11-16 15:32:00,785,785,785,785,0
2021-11-16 15:33:00,785,785,785,785,0
2021-11-16 15:34:00,785,785,785,785,0
2021-11-16 15:35:00,785,785,785,785,0
2021-11-16 15:36:00,785,785,785,785,0
2021-11-16 15:37:00,785,785,785,785,0
2021-11-16 15:38:00,785,785,785,785,0
2021-11-16 15:39:00,785,785,785,785,0
2021-11-16 15:40:00,785,785,785,785,0
2021-11-16 15:41:00,785,785,785,785,0
2021-11-16 15:42:00,785,785,785,785,0
2021-11-16 15:43:00,785,785,785,785,0
2021-11-16 15:44:00,785,785,785,785,0
2021-11-16 15:45:00,785,785,785,785,0
2021-11-16 15:46:00,785,785,785,785,0
2021-11-16 15:47:00,785,785,785,785,0
2021-11-16 15:48:00,785,785,785,785,0
2021-11-16 15:49:00,785,785,785,785,0
2021-11-16 15:50:00,785,785,785,785,0
2021-11-16 15:51:00,785,785,785,785,0
2021-11-16 15:52:00,785,785,785,785,0
2021-11-16 15:53:00,785,785,785,785,0
2021-11-16 15:54:00,785,785,785,785,0
2021-11-16 15:55:00,785,785,785,785,0
2021-11-16 15:56:00,785,785,785,785,0
2021-11-16 15:57:00,785,785,785,785,0
2021-11-16 15:58:00,785,785,785,785,0
2021-11-16 15:59:00,785,785,785,785,0
2021-11-17 09:00:00,785,780,785,780,0
2021-11-17 09:01:00,780,780,785,785,180600
2021-11-17 09:02:00,780,780,785,785,0
2021-11-17 09:03:00,785,785,790,790,403400
2021-11-17 09:04:00,790,790,795,795,163900
2021-11-17 09:05:00,795,795,795,795,612800
2021-11-17 09:06:00,795,790,795,790,13700
2021-11-17 09:07:00,790,790,790,790,40900
2021-11-17 09:08:00,785,785,785,785,57500
2021-11-17 09:09:00,785,785,785,785,0
2021-11-17 09:10:00,785,785,785,785,0
2021-11-17 09:11:00,785,785,785,785,1000
2021-11-17 09:12:00,780,780,780,780,10000
2021-11-17 09:13:00,780,780,780,780,0
2021-11-17 09:14:00,780,780,780,780,0
2021-11-17 09:15:00,780,780,780,780,0
2021-11-17 09:16:00,780,780,780,780,900
2021-11-17 09:17:00,780,780,780,780,0
2021-11-17 09:18:00,785,785,785,785,10000
2021-11-17 09:19:00,785,785,785,785,0
2021-11-17 09:20:00,780,780,780,780,100
2021-11-17 09:21:00,780,780,780,780,12200
2021-11-17 09:22:00,780,780,780,780,0
2021-11-17 09:23:00,780,780,780,780,0
2021-11-17 09:24:00,780,780,780,780,20000
2021-11-17 09:25:00,780,780,780,780,7000
2021-11-17 09:26:00,780,780,780,780,5000
2021-11-17 09:27:00,785,785,795,795,102300
2021-11-17 09:28:00,795,795,800,800,24900
2021-11-17 09:29:00,800,800,800,800,235000
2021-11-17 09:30:00,800,800,800,800,3800
2021-11-17 09:31:00,800,800,800,800,12000
2021-11-17 09:32:00,795,795,795,795,74800
2021-11-17 09:33:00,795,795,795,795,6100
2021-11-17 09:34:00,795,795,795,795,1000
2021-11-17 09:35:00,795,795,795,795,700
2021-11-17 09:36:00,795,795,795,795,0
2021-11-17 09:37:00,795,795,795,795,0
2021-11-17 09:38:00,795,795,795,795,0
2021-11-17 09:39:00,795,795,795,795,100
2021-11-17 09:40:00,795,795,795,795,92600
2021-11-17 09:41:00,795,795,795,795,0
2021-11-17 09:42:00,795,795,795,795,0
2021-11-17 09:43:00,795,795,795,795,0
2021-11-17 09:44:00,795,795,795,795,8000
2021-11-17 09:45:00,795,795,795,795,0
2021-11-17 09:46:00,795,795,795,795,0
2021-11-17 09:47:00,795,795,795,795,0
2021-11-17 09:48:00,795,795,795,795,0
2021-11-17 09:49:00,795,795,795,795,0
2021-11-17 09:50:00,795,795,795,795,0
2021-11-17 09:51:00,790,790,790,790,70300
2021-11-17 09:52:00,790,790,790,790,0
2021-11-17 09:53:00,790,790,790,790,29700
2021-11-17 09:54:00,790,790,790,790,0
2021-11-17 09:55:00,785,785,785,785,1000
2021-11-17 09:56:00,785,785,785,785,0
2021-11-17 09:57:00,785,785,785,785,0
2021-11-17 09:58:00,785,785,785,785,0
2021-11-17 09:59:00,785,785,785,785,139400
2021-11-17 10:00:00,785,785,785,785,0
2021-11-17 10:01:00,785,785,785,785,0
2021-11-17 10:02:00,785,785,785,785,3800
2021-11-17 10:03:00,785,785,785,785,0
2021-11-17 10:04:00,785,785,785,785,0
2021-11-17 10:05:00,785,785,785,785,0
2021-11-17 10:06:00,785,785,785,785,0
2021-11-17 10:07:00,785,785,785,785,0
2021-11-17 10:08:00,785,785,785,785,700
2021-11-17 10:09:00,785,785,785,785,0
2021-11-17 10:10:00,785,785,785,785,500
2021-11-17 10:11:00,785,785,785,785,0
2021-11-17 10:12:00,785,785,785,785,200
2021-11-17 10:13:00,785,785,785,785,0
2021-11-17 10:14:00,785,785,785,785,700
2021-11-17 10:15:00,785,785,785,785,1000
2021-11-17 10:16:00,785,785,785,785,0
2021-11-17 10:17:00,785,785,785,785,10200
2021-11-17 10:18:00,785,785,785,785,0
2021-11-17 10:19:00,785,785,785,785,9300
2021-11-17 10:20:00,785,785,785,785,12700
2021-11-17 10:21:00,785,785,785,785,0
2021-11-17 10:22:00,785,785,785,785,17900
2021-11-17 10:23:00,785,785,785,785,0
2021-11-17 10:24:00,785,785,785,785,0
2021-11-17 10:25:00,785,785,785,785,0
2021-11-17 10:26:00,795,795,795,795,4600
2021-11-17 10:27:00,795,795,795,795,0
2021-11-17 10:28:00,795,795,795,795,0
2021-11-17 10:29:00,795,795,795,795,0
2021-11-17 10:30:00,795,795,795,795,0
2021-11-17 10:31:00,795,795,795,795,0
2021-11-17 10:32:00,795,795,795,795,5000
2021-11-17 10:33:00,795,795,795,795,0
2021-11-17 10:34:00,795,795,795,795,0
2021-11-17 10:35:00,795,795,795,795,0
2021-11-17 10:36:00,795,795,795,795,0
2021-11-17 10:37:00,795,795,795,795,0
2021-11-17 10:38:00,795,795,795,795,100
2021-11-17 10:39:00,795,795,795,795,0
2021-11-17 10:40:00,795,795,795,795,0
2021-11-17 10:41:00,790,790,790,790,100
2021-11-17 10:42:00,790,790,790,790,0
2021-11-17 10:43:00,795,795,795,795,5800
2021-11-17 10:44:00,795,795,795,795,0
2021-11-17 10:45:00,795,795,795,795,0
2021-11-17 10:46:00,795,795,795,795,0
2021-11-17 10:47:00,795,795,795,795,0
2021-11-17 10:48:00,795,795,795,795,0
2021-11-17 10:49:00,795,795,795,795,0
2021-11-17 10:50:00,795,795,795,795,100
2021-11-17 10:51:00,795,795,795,795,2000
2021-11-17 10:52:00,795,795,795,795,3000
2021-11-17 10:53:00,795,795,795,795,0
2021-11-17 10:54:00,795,795,795,795,100
2021-11-17 10:55:00,795,795,795,795,0
2021-11-17 10:56:00,795,795,795,795,0
2021-11-17 10:57:00,790,785,790,785,6400
2021-11-17 10:58:00,790,785,790,785,0
2021-11-17 10:59:00,790,785,790,785,0
2021-11-17 11:00:00,790,785,790,785,0
2021-11-17 11:01:00,790,785,790,785,0
2021-11-17 11:02:00,790,785,790,785,0
2021-11-17 11:03:00,790,790,790,790,10000
2021-11-17 11:04:00,790,790,790,790,0
2021-11-17 11:05:00,790,790,790,790,400
2021-11-17 11:06:00,790,790,790,790,0
2021-11-17 11:07:00,790,790,790,790,0
2021-11-17 11:08:00,790,790,790,790,0
2021-11-17 11:09:00,790,790,790,790,0
2021-11-17 11:10:00,790,790,790,790,0
2021-11-17 11:11:00,790,790,790,790,0
2021-11-17 11:12:00,790,790,790,790,0
2021-11-17 11:13:00,785,785,785,785,6100
2021-11-17 11:14:00,785,785,785,785,0
2021-11-17 11:15:00,785,785,785,785,0
2021-11-17 11:16:00,785,785,785,785,0
2021-11-17 11:17:00,785,785,785,785,0
2021-11-17 11:18:00,785,785,785,785,0
2021-11-17 11:19:00,785,785,785,785,0
2021-11-17 11:20:00,785,785,785,785,45000
2021-11-17 11:21:00,785,785,785,785,400
2021-11-17 11:22:00,785,785,785,785,0
2021-11-17 11:23:00,785,785,785,785,0
2021-11-17 11:24:00,785,785,785,785,0
2021-11-17 11:25:00,785,785,785,785,0
2021-11-17 11:26:00,785,785,785,785,0
2021-11-17 11:27:00,785,785,785,785,0
2021-11-17 11:28:00,785,785,785,785,0
2021-11-17 11:29:00,785,785,785,785,0
2021-11-17 11:30:00,785,785,785,785,0
2021-11-17 11:31:00,785,785,785,785,0
2021-11-17 11:32:00,785,785,785,785,0
2021-11-17 11:33:00,785,785,785,785,0
2021-11-17 11:34:00,785,785,785,785,0
2021-11-17 11:35:00,785,785,785,785,0
2021-11-17 11:36:00,785,785,785,785,0
2021-11-17 11:37:00,785,785,785,785,0
2021-11-17 11:38:00,785,785,785,785,0
2021-11-17 11:39:00,785,785,785,785,0
2021-11-17 11:40:00,785,785,785,785,0
2021-11-17 11:41:00,785,785,785,785,0
2021-11-17 11:42:00,785,785,785,785,0
2021-11-17 11:43:00,785,785,785,785,0
2021-11-17 11:44:00,785,785,785,785,0
2021-11-17 11:45:00,785,785,785,785,0
2021-11-17 11:46:00,785,785,785,785,0
2021-11-17 11:47:00,785,785,785,785,0
2021-11-17 11:48:00,785,785,785,785,0
2021-11-17 11:49:00,785,785,785,785,0
2021-11-17 11:50:00,785,785,785,785,0
2021-11-17 11:51:00,785,785,785,785,0
2021-11-17 11:52:00,785,785,785,785,0
2021-11-17 11:53:00,785,785,785,785,0
2021-11-17 11:54:00,785,785,785,785,0
2021-11-17 11:55:00,785,785,785,785,0
2021-11-17 11:56:00,785,785,785,785,0
2021-11-17 11:57:00,785,785,785,785,0
2021-11-17 11:58:00,785,785,785,785,0
2021-11-17 11:59:00,785,785,785,785,0
2021-11-17 12:00:00,785,785,785,785,0
2021-11-17 12:01:00,785,785,785,785,0
2021-11-17 12:02:00,785,785,785,785,0
2021-11-17 12:03:00,785,785,785,785,0
2021-11-17 12:04:00,785,785,785,785,0
2021-11-17 12:05:00,785,785,785,785,0
2021-11-17 12:06:00,785,785,785,785,0
2021-11-17 12:07:00,785,785,785,785,0
2021-11-17 12:08:00,785,785,785,785,0
2021-11-17 12:09:00,785,785,785,785,0
2021-11-17 12:10:00,785,785,785,785,0
2021-11-17 12:11:00,785,785,785,785,0
2021-11-17 12:12:00,785,785,785,785,0
2021-11-17 12:13:00,785,785,785,785,0
2021-11-17 12:14:00,785,785,785,785,0
2021-11-17 12:15:00,785,785,785,785,0
2021-11-17 12:16:00,785,785,785,785,0
2021-11-17 12:17:00,785,785,785,785,0
2021-11-17 12:18:00,785,785,785,785,0
2021-11-17 12:19:00,785,785,785,785,0
2021-11-17 12:20:00,785,785,785,785,0
2021-11-17 12:21:00,785,785,785,785,0
2021-11-17 12:22:00,785,785,785,785,0
2021-11-17 12:23:00,785,785,785,785,0
2021-11-17 12:24:00,785,785,785,785,0
2021-11-17 12:25:00,785,785,785,785,0
2021-11-17 12:26:00,785,785,785,785,0
2021-11-17 12:27:00,785,785,785,785,0
2021-11-17 12:28:00,785,785,785,785,0
2021-11-17 12:29:00,785,785,785,785,0
2021-11-17 12:30:00,785,785,785,785,0
2021-11-17 12:31:00,785,785,785,785,0
2021-11-17 12:32:00,785,785,785,785,0
2021-11-17 12:33:00,785,785,785,785,0
2021-11-17 12:34:00,785,785,785,785,0
2021-11-17 12:35:00,785,785,785,785,0
2021-11-17 12:36:00,785,785,785,785,0
2021-11-17 12:37:00,785,785,785,785,0
2021-11-17 12:38:00,785,785,785,785,0
2021-11-17 12:39:00,785,785,785,785,0
2021-11-17 12:40:00,785,785,785,785,0
2021-11-17 12:41:00,785,785,785,785,0
2021-11-17 12:42:00,785,785,785,785,0
2021-11-17 12:43:00,785,785,785,785,0
2021-11-17 12:44:00,785,785,785,785,0
2021-11-17 12:45:00,785,785,785,785,0
2021-11-17 12:46:00,785,785,785,785,0
2021-11-17 12:47:00,785,785,785,785,0
2021-11-17 12:48:00,785,785,785,785,0
2021-11-17 12:49:00,785,785,785,785,0
2021-11-17 12:50:00,785,785,785,785,0
2021-11-17 12:51:00,785,785,785,785,0
2021-11-17 12:52:00,785,785,785,785,0
2021-11-17 12:53:00,785,785,785,785,0
2021-11-17 12:54:00,785,785,785,785,0
2021-11-17 12:55:00,785,785,785,785,0
2021-11-17 12:56:00,785,785,785,785,0
2021-11-17 12:57:00,785,785,785,785,0
2021-11-17 12:58:00,785,785,785,785,0
2021-11-17 12:59:00,785,785,785,785,0
2021-11-17 13:00:00,785,785,785,785,0
2021-11-17 13:01:00,785,785,785,785,0
2021-11-17 13:02:00,785,785,785,785,0
2021-11-17 13:03:00,785,785,785,785,0
2021-11-17 13:04:00,785,785,785,785,0
2021-11-17 13:05:00,785,785,785,785,0
2021-11-17 13:06:00,785,785,785,785,0
2021-11-17 13:07:00,785,785,785,785,0
2021-11-17 13:08:00,785,785,785,785,0
2021-11-17 13:09:00,785,785,785,785,0
2021-11-17 13:10:00,785,785,785,785,0
2021-11-17 13:11:00,785,785,785,785,0
2021-11-17 13:12:00,785,785,785,785,0
2021-11-17 13:13:00,785,785,785,785,0
2021-11-17 13:14:00,785,785,785,785,0
2021-11-17 13:15:00,785,785,785,785,0
2021-11-17 13:16:00,785,785,785,785,0
2021-11-17 13:17:00,785,785,785,785,0
2021-11-17 13:18:00,785,785,785,785,0
2021-11-17 13:19:00,785,785,785,785,0
2021-11-17 13:20:00,785,785,785,785,0
2021-11-17 13:21:00,785,785,785,785,0
2021-11-17 13:22:00,785,785,785,785,0
2021-11-17 13:23:00,785,785,785,785,0
2021-11-17 13:24:00,785,785,785,785,0
2021-11-17 13:25:00,785,785,785,785,0
2021-11-17 13:26:00,785,785,785,785,0
2021-11-17 13:27:00,785,785,785,785,0
2021-11-17 13:28:00,785,785,785,785,0
2021-11-17 13:29:00,785,785,785,785,0
2021-11-17 13:30:00,780,780,785,785,2000
2021-11-17 13:31:00,780,780,780,780,1300
2021-11-17 13:32:00,780,780,780,780,0
2021-11-17 13:33:00,780,780,780,780,0
2021-11-17 13:34:00,780,780,780,780,0
2021-11-17 13:35:00,780,780,780,780,0
2021-11-17 13:36:00,780,780,780,780,0
2021-11-17 13:37:00,780,780,780,780,0
2021-11-17 13:38:00,780,780,780,780,0
2021-11-17 13:39:00,780,780,780,780,0
2021-11-17 13:40:00,780,780,780,780,0
2021-11-17 13:41:00,785,785,785,785,1000
2021-11-17 13:42:00,780,780,780,780,178400
2021-11-17 13:43:00,780,775,780,775,10100
2021-11-17 13:44:00,775,775,775,775,5000
2021-11-17 13:45:00,775,775,775,775,2500
2021-11-17 13:46:00,775,775,775,775,0
2021-11-17 13:47:00,775,775,775,775,0
2021-11-17 13:48:00,775,775,775,775,800
2021-11-17 13:49:00,775,775,775,775,0
2021-11-17 13:50:00,775,775,775,775,0
2021-11-17 13:51:00,775,775,775,775,0
2021-11-17 13:52:00,775,775,775,775,0
2021-11-17 13:53:00,775,775,775,775,200
2021-11-17 13:54:00,775,775,775,775,2500
2021-11-17 13:55:00,775,775,775,775,0
2021-11-17 13:56:00,775,775,775,775,0
2021-11-17 13:57:00,775,775,775,775,0
2021-11-17 13:58:00,775,775,775,775,0
2021-11-17 13:59:00,775,775,775,775,0
2021-11-17 14:00:00,775,775,775,775,0
2021-11-17 14:01:00,775,775,775,775,0
2021-11-17 14:02:00,775,775,775,775,0
2021-11-17 14:03:00,775,775,775,775,0
2021-11-17 14:04:00,775,775,775,775,0
2021-11-17 14:05:00,775,775,775,775,0
2021-11-17 14:06:00,775,775,775,775,0
2021-11-17 14:07:00,775,775,775,775,1000
2021-11-17 14:08:00,775,775,775,775,1500
2021-11-17 14:09:00,775,775,775,775,0
2021-11-17 14:10:00,775,775,775,775,0
2021-11-17 14:11:00,775,775,775,775,0
2021-11-17 14:12:00,775,775,775,775,0
2021-11-17 14:13:00,775,775,775,775,0
2021-11-17 14:14:00,775,775,775,775,0
2021-11-17 14:15:00,775,775,775,775,0
2021-11-17 14:16:00,775,775,775,775,3500
2021-11-17 14:17:00,775,775,775,775,0
2021-11-17 14:18:00,775,775,775,775,0
2021-11-17 14:19:00,775,775,775,775,0
2021-11-17 14:20:00,775,775,775,775,1000
2021-11-17 14:21:00,775,775,775,775,0
2021-11-17 14:22:00,775,775,775,775,700
2021-11-17 14:23:00,775,775,775,775,2000
2021-11-17 14:24:00,775,775,775,775,0
2021-11-17 14:25:00,775,775,775,775,100
2021-11-17 14:26:00,780,780,780,780,1000
2021-11-17 14:27:00,780,780,780,780,0
2021-11-17 14:28:00,780,780,780,780,1000
2021-11-17 14:29:00,780,780,780,780,0
2021-11-17 14:30:00,780,780,780,780,500
2021-11-17 14:31:00,780,780,780,780,0
2021-11-17 14:32:00,780,780,780,780,0
2021-11-17 14:33:00,775,775,775,775,700
2021-11-17 14:34:00,775,775,775,775,0
2021-11-17 14:35:00,775,775,775,775,0
2021-11-17 14:36:00,775,775,775,775,0
2021-11-17 14:37:00,775,775,775,775,0
2021-11-17 14:38:00,775,775,775,775,6000
2021-11-17 14:39:00,780,780,780,780,15000
2021-11-17 14:40:00,780,780,780,780,0
2021-11-17 14:41:00,780,780,780,780,0
2021-11-17 14:42:00,780,780,780,780,0
2021-11-17 14:43:00,780,780,780,780,0
2021-11-17 14:44:00,775,775,775,775,9000
2021-11-17 14:45:00,780,780,780,780,25000
2021-11-17 14:46:00,780,780,780,780,0
2021-11-17 14:47:00,780,780,780,780,0
2021-11-17 14:48:00,780,780,780,780,0
2021-11-17 14:49:00,775,775,775,775,12100
2021-11-17 14:50:00,775,775,775,775,0
2021-11-17 14:51:00,775,775,775,775,0
2021-11-17 14:52:00,775,775,775,775,0
2021-11-17 14:53:00,775,775,775,775,0
2021-11-17 14:54:00,775,775,775,775,0
2021-11-17 14:55:00,775,775,775,775,0
2021-11-17 14:56:00,775,775,775,775,0
2021-11-17 14:57:00,775,775,775,775,0
2021-11-17 14:58:00,775,775,775,775,0
2021-11-17 14:59:00,775,775,775,775,0
2021-11-17 15:00:00,775,775,775,775,142500
2021-11-17 15:01:00,775,775,775,775,0
2021-11-17 15:02:00,775,775,775,775,0
2021-11-17 15:03:00,775,775,775,775,0
2021-11-17 15:04:00,775,775,775,775,0
2021-11-17 15:05:00,775,775,775,775,2300
2021-11-17 15:06:00,775,775,775,775,500
2021-11-17 15:07:00,775,775,775,775,13500
2021-11-17 15:08:00,775,775,775,775,0
2021-11-17 15:09:00,775,775,775,775,0
2021-11-17 15:10:00,775,775,775,775,0
2021-11-17 15:11:00,775,775,775,775,0
2021-11-17 15:12:00,775,775,775,775,5000
2021-11-17 15:13:00,775,775,775,775,0
2021-11-17 15:14:00,775,775,775,775,0
2021-11-17 15:15:00,775,775,775,775,0
2021-11-17 15:16:00,775,775,775,775,0
2021-11-17 15:17:00,775,775,775,775,0
2021-11-17 15:18:00,775,775,775,775,0
2021-11-17 15:19:00,775,775,775,775,0
2021-11-17 15:20:00,775,775,775,775,0
2021-11-17 15:21:00,775,775,775,775,0
2021-11-17 15:22:00,775,775,775,775,0
2021-11-17 15:23:00,775,775,775,775,0
2021-11-17 15:24:00,775,775,775,775,0
2021-11-17 15:25:00,775,775,775,775,0
2021-11-17 15:26:00,775,775,775,775,0
2021-11-17 15:27:00,775,775,775,775,0
2021-11-17 15:28:00,775,775,775,775,0
2021-11-17 15:29:00,775,775,775,775,0
2021-11-17 15:30:00,775,775,775,775,0
2021-11-17 15:31:00,775,775,775,775,0
2021-11-17 15:32:00,775,775,775,775,0
2021-11-17 15:33:00,775,775,775,775,0
2021-11-17 15:34:00,775,775,775,775,0
2021-11-17 15:35:00,775,775,775,775,0
2021-11-17 15:36:00,775,775,775,775,0
2021-11-17 15:37:00,775,775,775,775,0
2021-11-17 15:38:00,775,775,775,775,0
2021-11-17 15:39:00,775,775,775,775,0
2021-11-17 15:40:00,775,775,775,775,0
2021-11-17 15:41:00,775,775,775,775,0
2021-11-17 15:42:00,775,775,775,775,0
2021-11-17 15:43:00,775,775,775,775,0
2021-11-17 15:44:00,775,775,775,775,0
2021-11-17 15:45:00,775,775,775,775,0
2021-11-17 15:46:00,775,775,775,775,0
2021-11-17 15:47:00,775,775,775,775,0
2021-11-17 15:48:00,775,775,775,775,0
2021-11-17 15:49:00,775,775,775,775,0
2021-11-17 15:50:00,775,775,775,775,0
2021-11-17 15:51:00,775,775,775,775,0
2021-11-17 15:52:00,775,775,775,775,0
2021-11-17 15:53:00,775,775,775,775,0
2021-11-17 15:54:00,775,775,775,775,0
2021-11-17 15:55:00,775,775,775,775,0
2021-11-17 15:56:00,775,775,775,775,0
2021-11-17 15:57:00,775,775,775,775,0
2021-11-17 15:58:00,775,775,775,775,0
2021-11-17 15:59:00,775,775,775,775,0
2021-11-18 09:00:00,775,775,775,775,0
2021-11-18 09:01:00,775,775,775,775,0
2021-11-18 09:02:00,775,775,775,775,7900
2021-11-18 09:03:00,775,775,775,775,26300
2021-11-18 09:04:00,775,775,775,775,0
2021-11-18 09:05:00,775,775,775,775,1100
2021-11-18 09:06:00,775,775,775,775,0
2021-11-18 09:07:00,770,770,770,770,6100
2021-11-18 09:08:00,770,765,770,765,49400
2021-11-18 09:09:00,765,765,770,765,42700
2021-11-18 09:10:00,765,765,765,765,10000
2021-11-18 09:11:00,765,765,765,765,500
2021-11-18 09:12:00,765,765,770,770,30300
2021-11-18 09:13:00,770,770,770,770,40000
2021-11-18 09:14:00,770,770,770,770,235500
2021-11-18 09:15:00,770,770,770,770,157600
2021-11-18 09:16:00,770,770,775,775,182400
2021-11-18 09:17:00,775,775,775,775,30300
2021-11-18 09:18:00,775,775,775,775,15000
2021-11-18 09:19:00,775,775,775,775,0
2021-11-18 09:20:00,775,775,775,775,0
2021-11-18 09:21:00,775,775,775,775,0
2021-11-18 09:22:00,775,775,775,775,1000
2021-11-18 09:23:00,775,775,775,775,0
2021-11-18 09:24:00,775,775,775,775,0
2021-11-18 09:25:00,775,775,775,775,1500
2021-11-18 09:26:00,775,775,775,775,0
2021-11-18 09:27:00,775,775,775,775,0
2021-11-18 09:28:00,775,775,775,775,147700
2021-11-18 09:29:00,780,780,785,785,461800
2021-11-18 09:30:00,790,790,790,790,609300
2021-11-18 09:31:00,795,795,795,795,554800
2021-11-18 09:32:00,795,795,795,795,394800
2021-11-18 09:33:00,795,795,795,795,88800
2021-11-18 09:34:00,795,795,795,795,4000
2021-11-18 09:35:00,800,800,800,800,795700
2021-11-18 09:36:00,800,800,800,800,1000
2021-11-18 09:37:00,800,800,805,805,207000
2021-11-18 09:38:00,800,795,800,795,256600
2021-11-18 09:39:00,800,795,800,795,0
2021-11-18 09:40:00,800,795,800,795,0
2021-11-18 09:41:00,795,795,795,795,20800
2021-11-18 09:42:00,795,795,795,795,10000
2021-11-18 09:43:00,795,795,795,795,3400
2021-11-18 09:44:00,795,795,795,795,46700
2021-11-18 09:45:00,795,795,795,795,0
2021-11-18 09:46:00,795,795,795,795,0
2021-11-18 09:47:00,795,795,795,795,0
2021-11-18 09:48:00,795,795,795,795,0
2021-11-18 09:49:00,795,795,795,795,300
2021-11-18 09:50:00,795,795,795,795,0
2021-11-18 09:51:00,795,795,795,795,5300
2021-11-18 09:52:00,795,795,795,795,0
2021-11-18 09:53:00,795,795,795,795,0
2021-11-18 09:54:00,795,795,795,795,0
2021-11-18 09:55:00,795,795,795,795,0
2021-11-18 09:56:00,795,795,795,795,0
2021-11-18 09:57:00,795,795,795,795,0
2021-11-18 09:58:00,790,790,790,790,3000
2021-11-18 09:59:00,790,790,790,790,0
2021-11-18 10:00:00,790,790,790,790,0
2021-11-18 10:01:00,790,790,790,790,0
2021-11-18 10:02:00,790,790,790,790,5300
2021-11-18 10:03:00,790,790,790,790,60000
2021-11-18 10:04:00,790,790,790,790,0
2021-11-18 10:05:00,790,790,790,790,77800
2021-11-18 10:06:00,790,790,790,790,0
2021-11-18 10:07:00,790,790,790,790,300
2021-11-18 10:08:00,790,790,790,790,23200
2021-11-18 10:09:00,790,790,790,790,6300
2021-11-18 10:10:00,790,790,790,790,100
2021-11-18 10:11:00,790,790,790,790,0
2021-11-18 10:12:00,790,790,790,790,0
2021-11-18 10:13:00,790,790,790,790,0
2021-11-18 10:14:00,790,790,790,790,0
2021-11-18 10:15:00,790,790,790,790,0
2021-11-18 10:16:00,790,790,790,790,0
2021-11-18 10:17:00,790,790,790,790,0
2021-11-18 10:18:00,785,785,785,785,7900
2021-11-18 10:19:00,785,785,785,785,2300
2021-11-18 10:20:00,785,785,785,785,2400
2021-11-18 10:21:00,785,785,785,785,7200
2021-11-18 10:22:00,785,785,785,785,0
2021-11-18 10:23:00,785,785,785,785,0
2021-11-18 10:24:00,785,785,785,785,100
2021-11-18 10:25:00,785,785,785,785,0
2021-11-18 10:26:00,785,785,785,785,0
2021-11-18 10:27:00,785,785,785,785,0
2021-11-18 10:28:00,785,785,785,785,0
2021-11-18 10:29:00,785,785,785,785,0
2021-11-18 10:30:00,785,785,785,785,0
2021-11-18 10:31:00,785,785,785,785,0
2021-11-18 10:32:00,785,785,785,785,0
2021-11-18 10:33:00,785,785,785,785,0
2021-11-18 10:34:00,785,785,785,785,0
2021-11-18 10:35:00,785,785,785,785,0
2021-11-18 10:36:00,785,785,785,785,0
2021-11-18 10:37:00,785,785,785,785,0
2021-11-18 10:38:00,785,785,785,785,0
2021-11-18 10:39:00,785,785,785,785,0
2021-11-18 10:40:00,785,785,785,785,0
2021-11-18 10:41:00,785,785,785,785,0
2021-11-18 10:42:00,785,785,785,785,0
2021-11-18 10:43:00,785,785,785,785,0
2021-11-18 10:44:00,785,785,785,785,2200
2021-11-18 10:45:00,790,790,790,790,100
2021-11-18 10:46:00,790,790,790,790,0
2021-11-18 10:47:00,790,790,790,790,0
2021-11-18 10:48:00,790,790,790,790,0
2021-11-18 10:49:00,790,790,790,790,0
2021-11-18 10:50:00,790,790,790,790,0
2021-11-18 10:51:00,785,785,785,785,10000
2021-11-18 10:52:00,785,785,785,785,0
2021-11-18 10:53:00,785,785,785,785,25100
2021-11-18 10:54:00,785,785,785,785,0
2021-11-18 10:55:00,785,785,785,785,0
2021-11-18 10:56:00,785,785,785,785,0
2021-11-18 10:57:00,785,785,785,785,0
2021-11-18 10:58:00,785,785,785,785,0
2021-11-18 10:59:00,785,785,785,785,0
2021-11-18 11:00:00,785,785,785,785,0
2021-11-18 11:01:00,785,785,785,785,0
2021-11-18 11:02:00,785,785,785,785,0
2021-11-18 11:03:00,785,785,785,785,0
2021-11-18 11:04:00,785,785,785,785,100
2021-11-18 11:05:00,785,785,790,790,1100
2021-11-18 11:06:00,785,785,790,790,0
2021-11-18 11:07:00,785,785,790,790,0
2021-11-18 11:08:00,785,785,790,790,0
2021-11-18 11:09:00,785,785,790,790,0
2021-11-18 11:10:00,785,785,790,790,0
2021-11-18 11:11:00,785,785,790,790,0
2021-11-18 11:12:00,790,790,790,790,4000
2021-11-18 11:13:00,790,790,790,790,0
2021-11-18 11:14:00,790,790,790,790,0
2021-11-18 11:15:00,790,790,790,790,18200
2021-11-18 11:16:00,790,790,790,790,0
2021-11-18 11:17:00,790,790,790,790,0
2021-11-18 11:18:00,790,790,790,790,0
2021-11-18 11:19:00,790,790,790,790,0
2021-11-18 11:20:00,790,790,790,790,0
2021-11-18 11:21:00,790,790,790,790,0
2021-11-18 11:22:00,790,790,790,790,0
2021-11-18 11:23:00,790,790,790,790,0
2021-11-18 11:24:00,790,790,790,790,0
2021-11-18 11:25:00,790,790,790,790,0
2021-11-18 11:26:00,790,790,790,790,30700
2021-11-18 11:27:00,790,790,790,790,0
2021-11-18 11:28:00,790,790,790,790,0
2021-11-18 11:29:00,790,790,790,790,0
2021-11-18 11:30:00,790,790,790,790,0
2021-11-18 11:31:00,790,790,790,790,0
2021-11-18 11:32:00,790,790,790,790,0
2021-11-18 11:33:00,790,790,790,790,0
2021-11-18 11:34:00,790,790,790,790,0
2021-11-18 11:35:00,790,790,790,790,0
2021-11-18 11:36:00,790,790,790,790,0
2021-11-18 11:37:00,790,790,790,790,0
2021-11-18 11:38:00,790,790,790,790,0
2021-11-18 11:39:00,790,790,790,790,0
2021-11-18 11:40:00,790,790,790,790,0
2021-11-18 11:41:00,790,790,790,790,0
2021-11-18 11:42:00,790,790,790,790,0
2021-11-18 11:43:00,790,790,790,790,0
2021-11-18 11:44:00,790,790,790,790,0
2021-11-18 11:45:00,790,790,790,790,0
2021-11-18 11:46:00,790,790,790,790,0
2021-11-18 11:47:00,790,790,790,790,0
2021-11-18 11:48:00,790,790,790,790,0
2021-11-18 11:49:00,790,790,790,790,0
2021-11-18 11:50:00,790,790,790,790,0
2021-11-18 11:51:00,790,790,790,790,0
2021-11-18 11:52:00,790,790,790,790,0
2021-11-18 11:53:00,790,790,790,790,0
2021-11-18 11:54:00,790,790,790,790,0
2021-11-18 11:55:00,790,790,790,790,0
2021-11-18 11:56:00,790,790,790,790,0
2021-11-18 11:57:00,790,790,790,790,0
2021-11-18 11:58:00,790,790,790,790,0
2021-11-18 11:59:00,790,790,790,790,0
2021-11-18 12:00:00,790,790,790,790,0
2021-11-18 12:01:00,790,790,790,790,0
2021-11-18 12:02:00,790,790,790,790,0
2021-11-18 12:03:00,790,790,790,790,0
2021-11-18 12:04:00,790,790,790,790,0
2021-11-18 12:05:00,790,790,790,790,0
2021-11-18 12:06:00,790,790,790,790,0
2021-11-18 12:07:00,790,790,790,790,0
2021-11-18 12:08:00,790,790,790,790,0
2021-11-18 12:09:00,790,790,790,790,0
2021-11-18 12:10:00,790,790,790,790,0
2021-11-18 12:11:00,790,790,790,790,0
2021-11-18 12:12:00,790,790,790,790,0
2021-11-18 12:13:00,790,790,790,790,0
2021-11-18 12:14:00,790,790,790,790,0
2021-11-18 12:15:00,790,790,790,790,0
2021-11-18 12:16:00,790,790,790,790,0
2021-11-18 12:17:00,790,790,790,790,0
2021-11-18 12:18:00,790,790,790,790,0
2021-11-18 12:19:00,790,790,790,790,0
2021-11-18 12:20:00,790,790,790,790,0
2021-11-18 12:21:00,790,790,790,790,0
2021-11-18 12:22:00,790,790,790,790,0
2021-11-18 12:23:00,790,790,790,790,0
2021-11-18 12:24:00,790,790,790,790,0
2021-11-18 12:25:00,790,790,790,790,0
2021-11-18 12:26:00,790,790,790,790,0
2021-11-18 12:27:00,790,790,790,790,0
2021-11-18 12:28:00,790,790,790,790,0
2021-11-18 12:29:00,790,790,790,790,0
2021-11-18 12:30:00,790,790,790,790,0
2021-11-18 12:31:00,790,790,790,790,0
2021-11-18 12:32:00,790,790,790,790,0
2021-11-18 12:33:00,790,790,790,790,0
2021-11-18 12:34:00,790,790,790,790,0
2021-11-18 12:35:00,790,790,790,790,0
2021-11-18 12:36:00,790,790,790,790,0
2021-11-18 12:37:00,790,790,790,790,0
2021-11-18 12:38:00,790,790,790,790,0
2021-11-18 12:39:00,790,790,790,790,0
2021-11-18 12:40:00,790,790,790,790,0
2021-11-18 12:41:00,790,790,790,790,0
2021-11-18 12:42:00,790,790,790,790,0
2021-11-18 12:43:00,790,790,790,790,0
2021-11-18 12:44:00,790,790,790,790,0
2021-11-18 12:45:00,790,790,790,790,0
2021-11-18 12:46:00,790,790,790,790,0
2021-11-18 12:47:00,790,790,790,790,0
2021-11-18 12:48:00,790,790,790,790,0
2021-11-18 12:49:00,790,790,790,790,0
2021-11-18 12:50:00,790,790,790,790,0
2021-11-18 12:51:00,790,790,790,790,0
2021-11-18 12:52:00,790,790,790,790,0
2021-11-18 12:53:00,790,790,790,790,0
2021-11-18 12:54:00,790,790,790,790,0
2021-11-18 12:55:00,790,790,790,790,0
2021-11-18 12:56:00,790,790,790,790,0
2021-11-18 12:57:00,790,790,790,790,0
2021-11-18 12:58:00,790,790,790,790,0
2021-11-18 12:59:00,790,790,790,790,0
2021-11-18 13:00:00,790,790,790,790,0
2021-11-18 13:01:00,790,790,790,790,0
2021-11-18 13:02:00,790,790,790,790,0
2021-11-18 13:03:00,790,790,790,790,0
2021-11-18 13:04:00,790,790,790,790,0
2021-11-18 13:05:00,790,790,790,790,0
2021-11-18 13:06:00,790,790,790,790,0
2021-11-18 13:07:00,790,790,790,790,0
2021-11-18 13:08:00,790,790,790,790,0
2021-11-18 13:09:00,790,790,790,790,0
2021-11-18 13:10:00,790,790,790,790,0
2021-11-18 13:11:00,790,790,790,790,0
2021-11-18 13:12:00,790,790,790,790,0
2021-11-18 13:13:00,790,790,790,790,0
2021-11-18 13:14:00,790,790,790,790,0
2021-11-18 13:15:00,790,790,790,790,0
2021-11-18 13:16:00,790,790,790,790,0
2021-11-18 13:17:00,790,790,790,790,0
2021-11-18 13:18:00,790,790,790,790,0
2021-11-18 13:19:00,790,790,790,790,0
2021-11-18 13:20:00,790,790,790,790,0
2021-11-18 13:21:00,790,790,790,790,0
2021-11-18 13:22:00,790,790,790,790,0
2021-11-18 13:23:00,790,790,790,790,0
2021-11-18 13:24:00,790,790,790,790,0
2021-11-18 13:25:00,790,790,790,790,0
2021-11-18 13:26:00,790,790,790,790,0
2021-11-18 13:27:00,790,790,790,790,0
2021-11-18 13:28:00,790,790,790,790,0
2021-11-18 13:29:00,790,790,790,790,0
2021-11-18 13:30:00,790,790,790,790,2300
2021-11-18 13:31:00,790,790,790,790,0
2021-11-18 13:32:00,790,790,790,790,0
2021-11-18 13:33:00,790,790,790,790,0
2021-11-18 13:34:00,790,790,790,790,0
2021-11-18 13:35:00,790,790,790,790,0
2021-11-18 13:36:00,790,790,790,790,0
2021-11-18 13:37:00,790,790,790,790,0
2021-11-18 13:38:00,790,790,790,790,0
2021-11-18 13:39:00,790,790,790,790,0
2021-11-18 13:40:00,790,790,790,790,0
2021-11-18 13:41:00,790,790,790,790,0
2021-11-18 13:42:00,790,790,790,790,0
2021-11-18 13:43:00,790,790,790,790,0
2021-11-18 13:44:00,790,790,790,790,0
2021-11-18 13:45:00,790,790,790,790,0
2021-11-18 13:46:00,785,785,785,785,38000
2021-11-18 13:47:00,785,785,785,785,0
2021-11-18 13:48:00,785,785,785,785,0
2021-11-18 13:49:00,785,785,785,785,0
2021-11-18 13:50:00,790,790,790,790,200
2021-11-18 13:51:00,790,790,790,790,0
2021-11-18 13:52:00,790,790,790,790,0
2021-11-18 13:53:00,790,790,790,790,0
2021-11-18 13:54:00,790,790,790,790,200
2021-11-18 13:55:00,790,790,790,790,0
2021-11-18 13:56:00,790,790,790,790,0
2021-11-18 13:57:00,790,790,790,790,0
2021-11-18 13:58:00,790,790,790,790,0
2021-11-18 13:59:00,790,790,790,790,0
2021-11-18 14:00:00,790,790,790,790,500
2021-11-18 14:01:00,790,790,790,790,0
2021-11-18 14:02:00,790,790,790,790,0
2021-11-18 14:03:00,790,790,790,790,0
2021-11-18 14:04:00,790,790,790,790,0
2021-11-18 14:05:00,790,790,790,790,0
2021-11-18 14:06:00,790,790,790,790,0
2021-11-18 14:07:00,790,790,790,790,0
2021-11-18 14:08:00,790,790,790,790,0
2021-11-18 14:09:00,790,790,790,790,0
2021-11-18 14:10:00,790,790,790,790,0
2021-11-18 14:11:00,790,790,790,790,0
2021-11-18 14:12:00,790,790,790,790,0
2021-11-18 14:13:00,790,790,790,790,0
2021-11-18 14:14:00,790,790,790,790,0
2021-11-18 14:15:00,790,790,790,790,0
2021-11-18 14:16:00,790,790,790,790,2000
2021-11-18 14:17:00,790,790,790,790,500
2021-11-18 14:18:00,790,790,790,790,0
2021-11-18 14:19:00,790,790,790,790,0
2021-11-18 14:20:00,790,790,790,790,0
2021-11-18 14:21:00,790,790,790,790,0
2021-11-18 14:22:00,790,790,790,790,0
2021-11-18 14:23:00,790,790,790,790,0
2021-11-18 14:24:00,790,790,790,790,0
2021-11-18 14:25:00,790,790,790,790,0
2021-11-18 14:26:00,790,790,790,790,300
2021-11-18 14:27:00,790,790,790,790,0
2021-11-18 14:28:00,790,790,790,790,0
2021-11-18 14:29:00,790,790,790,790,0
2021-11-18 14:30:00,790,790,790,790,1600
2021-11-18 14:31:00,790,790,790,790,0
2021-11-18 14:32:00,790,790,790,790,0
2021-11-18 14:33:00,785,785,785,785,2000
2021-11-18 14:34:00,785,785,785,785,0
2021-11-18 14:35:00,785,785,785,785,0
2021-11-18 14:36:00,785,785,785,785,0
2021-11-18 14:37:00,785,785,785,785,0
2021-11-18 14:38:00,785,785,785,785,0
2021-11-18 14:39:00,785,785,785,785,0
2021-11-18 14:40:00,785,785,785,785,200
2021-11-18 14:41:00,785,785,785,785,0
2021-11-18 14:42:00,785,785,785,785,0
2021-11-18 14:43:00,785,785,785,785,0
2021-11-18 14:44:00,785,785,785,785,3500
2021-11-18 14:45:00,785,785,785,785,1000
2021-11-18 14:46:00,785,785,790,790,46000
2021-11-18 14:47:00,785,785,790,790,20000
2021-11-18 14:48:00,790,785,790,790,2400
2021-11-18 14:49:00,790,790,790,790,2000
2021-11-18 14:50:00,790,790,790,790,0
2021-11-18 14:51:00,790,790,790,790,0
2021-11-18 14:52:00,790,790,790,790,0
2021-11-18 14:53:00,790,790,790,790,0
2021-11-18 14:54:00,790,790,790,790,0
2021-11-18 14:55:00,790,790,790,790,0
2021-11-18 14:56:00,790,790,790,790,0
2021-11-18 14:57:00,790,790,790,790,0
2021-11-18 14:58:00,790,790,790,790,0
2021-11-18 14:59:00,790,790,790,790,0
2021-11-18 15:00:00,785,785,785,785,69100
2021-11-18 15:01:00,785,785,785,785,0
2021-11-18 15:02:00,785,785,785,785,0
2021-11-18 15:03:00,785,785,785,785,0
2021-11-18 15:04:00,785,785,785,785,0
2021-11-18 15:05:00,785,785,785,785,37200
2021-11-18 15:06:00,785,785,785,785,0
2021-11-18 15:07:00,785,785,785,785,0
2021-11-18 15:08:00,785,785,785,785,0
2021-11-18 15:09:00,785,785,785,785,0
2021-11-18 15:10:00,785,785,785,785,0
2021-11-18 15:11:00,785,785,785,785,0
2021-11-18 15:12:00,785,785,785,785,0
2021-11-18 15:13:00,785,785,785,785,0
2021-11-18 15:14:00,785,785,785,785,0
2021-11-18 15:15:00,785,785,785,785,0
2021-11-18 15:16:00,785,785,785,785,0
2021-11-18 15:17:00,785,785,785,785,0
2021-11-18 15:18:00,785,785,785,785,0
2021-11-18 15:19:00,785,785,785,785,0
2021-11-18 15:20:00,785,785,785,785,0
2021-11-18 15:21:00,785,785,785,785,0
2021-11-18 15:22:00,785,785,785,785,0
2021-11-18 15:23:00,785,785,785,785,0
2021-11-18 15:24:00,785,785,785,785,0
2021-11-18 15:25:00,785,785,785,785,0
2021-11-18 15:26:00,785,785,785,785,0
2021-11-18 15:27:00,785,785,785,785,0
2021-11-18 15:28:00,785,785,785,785,0
2021-11-18 15:29:00,785,785,785,785,0
2021-11-18 15:30:00,785,785,785,785,0
2021-11-18 15:31:00,785,785,785,785,0
2021-11-18 15:32:00,785,785,785,785,0
2021-11-18 15:33:00,785,785,785,785,0
2021-11-18 15:34:00,785,785,785,785,0
2021-11-18 15:35:00,785,785,785,785,0
2021-11-18 15:36:00,785,785,785,785,0
2021-11-18 15:37:00,785,785,785,785,0
2021-11-18 15:38:00,785,785,785,785,0
2021-11-18 15:39:00,785,785,785,785,0
2021-11-18 15:40:00,785,785,785,785,0
2021-11-18 15:41:00,785,785,785,785,0
2021-11-18 15:42:00,785,785,785,785,0
2021-11-18 15:43:00,785,785,785,785,0
2021-11-18 15:44:00,785,785,785,785,0
2021-11-18 15:45:00,785,785,785,785,0
2021-11-18 15:46:00,785,785,785,785,0
2021-11-18 15:47:00,785,785,785,785,0
2021-11-18 15:48:00,785,785,785,785,0
2021-11-18 15:49:00,785,785,785,785,0
2021-11-18 15:50:00,785,785,785,785,0
2021-11-18 15:51:00,785,785,785,785,0
2021-11-18 15:52:00,785,785,785,785,0
2021-11-18 15:53:00,785,785,785,785,0
2021-11-18 15:54:00,785,785,785,785,0
2021-11-18 15:55:00,785,785,785,785,0
2021-11-18 15:56:00,785,785,785,785,0
2021-11-18 15:57:00,785,785,785,785,0
2021-11-18 15:58:00,785,785,785,785,0
2021-11-18 15:59:00,785,785,785,785,0
2021-11-19 09:00:00,790,790,790,790,0
2021-11-19 09:01:00,790,790,790,790,200
2021-11-19 09:02:00,790,790,790,790,1300
2021-11-19 09:03:00,790,790,790,790,0
2021-11-19 09:04:00,790,790,790,790,0
2021-11-19 09:05:00,790,790,790,790,0
2021-11-19 09:06:00,790,790,790,790,0
2021-11-19 09:07:00,785,785,785,785,700
2021-11-19 09:08:00,785,785,785,785,0
2021-11-19 09:09:00,785,785,785,785,0
2021-11-19 09:10:00,785,785,785,785,0
2021-11-19 09:11:00,785,785,785,785,0
2021-11-19 09:12:00,785,785,795,795,548800
2021-11-19 09:13:00,790,790,795,795,510000
2021-11-19 09:14:00,795,795,800,800,568900
2021-11-19 09:15:00,800,795,800,795,581000
2021-11-19 09:16:00,795,795,795,795,187000
2021-11-19 09:17:00,795,790,795,790,57100
2021-11-19 09:18:00,790,790,790,790,1000
2021-11-19 09:19:00,790,790,790,790,0
2021-11-19 09:20:00,790,790,790,790,0
2021-11-19 09:21:00,790,790,790,790,0
2021-11-19 09:22:00,790,790,790,790,0
2021-11-19 09:23:00,790,790,790,790,0
2021-11-19 09:24:00,790,790,790,790,0
2021-11-19 09:25:00,790,790,790,790,0
2021-11-19 09:26:00,790,790,790,790,0
2021-11-19 09:27:00,790,790,790,790,0
2021-11-19 09:28:00,790,790,790,790,0
2021-11-19 09:29:00,790,790,790,790,8000
2021-11-19 09:30:00,790,790,790,790,0
2021-11-19 09:31:00,790,790,790,790,0
2021-11-19 09:32:00,790,790,790,790,0
2021-11-19 09:33:00,790,790,790,790,0
2021-11-19 09:34:00,790,790,790,790,0
2021-11-19 09:35:00,790,790,790,790,0
2021-11-19 09:36:00,790,790,790,790,300
2021-11-19 09:37:00,790,790,790,790,0
2021-11-19 09:38:00,790,790,790,790,0
2021-11-19 09:39:00,790,790,790,790,0
2021-11-19 09:40:00,790,790,790,790,0
2021-11-19 09:41:00,790,790,790,790,0
2021-11-19 09:42:00,795,795,795,795,300
2021-11-19 09:43:00,795,795,795,795,0
2021-11-19 09:44:00,795,795,795,795,0
2021-11-19 09:45:00,795,795,795,795,0
2021-11-19 09:46:00,795,795,795,795,0
2021-11-19 09:47:00,790,790,790,790,500
2021-11-19 09:48:00,790,790,790,790,0
2021-11-19 09:49:00,790,790,790,790,0
2021-11-19 09:50:00,790,790,790,790,0
2021-11-19 09:51:00,790,790,790,790,0
2021-11-19 09:52:00,790,790,790,790,0
2021-11-19 09:53:00,790,790,790,790,0
2021-11-19 09:54:00,790,790,790,790,0
2021-11-19 09:55:00,790,790,790,790,0
2021-11-19 09:56:00,790,790,790,790,1200
2021-11-19 09:57:00,790,790,790,790,0
2021-11-19 09:58:00,790,790,790,790,0
2021-11-19 09:59:00,790,790,790,790,7000
2021-11-19 10:00:00,790,790,790,790,0
2021-11-19 10:01:00,790,790,790,790,0
2021-11-19 10:02:00,790,790,790,790,0
2021-11-19 10:03:00,790,790,790,790,0
2021-11-19 10:04:00,790,790,790,790,0
2021-11-19 10:05:00,790,790,790,790,0
2021-11-19 10:06:00,790,790,790,790,0
2021-11-19 10:07:00,790,790,790,790,0
2021-11-19 10:08:00,790,790,790,790,137000
2021-11-19 10:09:00,790,790,790,790,10000
2021-11-19 10:10:00,790,790,790,790,0
2021-11-19 10:11:00,790,790,790,790,0
2021-11-19 10:12:00,790,790,790,790,0
2021-11-19 10:13:00,790,790,790,790,0
2021-11-19 10:14:00,790,790,790,790,0
2021-11-19 10:15:00,790,790,790,790,0
2021-11-19 10:16:00,790,790,790,790,0
2021-11-19 10:17:00,790,790,790,790,22000
2021-11-19 10:18:00,790,790,790,790,0
2021-11-19 10:19:00,790,790,790,790,0
2021-11-19 10:20:00,790,790,790,790,0
2021-11-19 10:21:00,790,790,790,790,5000
2021-11-19 10:22:00,790,790,790,790,0
2021-11-19 10:23:00,790,790,790,790,0
2021-11-19 10:24:00,790,790,790,790,0
2021-11-19 10:25:00,790,790,790,790,0
2021-11-19 10:26:00,790,790,790,790,0
2021-11-19 10:27:00,790,790,790,790,0
2021-11-19 10:28:00,790,790,790,790,5000
2021-11-19 10:29:00,790,790,790,790,0
2021-11-19 10:30:00,790,790,790,790,0
2021-11-19 10:31:00,790,790,790,790,0
2021-11-19 10:32:00,790,790,790,790,0
2021-11-19 10:33:00,790,790,790,790,0
2021-11-19 10:34:00,785,785,785,785,51400
2021-11-19 10:35:00,785,785,785,785,0
2021-11-19 10:36:00,785,785,785,785,0
2021-11-19 10:37:00,785,785,785,785,0
2021-11-19 10:38:00,785,785,785,785,0
2021-11-19 10:39:00,785,785,785,785,0
2021-11-19 10:40:00,785,785,785,785,0
2021-11-19 10:41:00,785,785,785,785,0
2021-11-19 10:42:00,785,785,785,785,4000
2021-11-19 10:43:00,785,785,785,785,0
2021-11-19 10:44:00,785,785,785,785,0
2021-11-19 10:45:00,785,785,785,785,0
2021-11-19 10:46:00,785,785,785,785,600
2021-11-19 10:47:00,785,785,785,785,0
2021-11-19 10:48:00,785,785,785,785,0
2021-11-19 10:49:00,785,785,785,785,6100
2021-11-19 10:50:00,785,785,785,785,0
2021-11-19 10:51:00,785,785,785,785,0
2021-11-19 10:52:00,790,790,790,790,8900
2021-11-19 10:53:00,790,790,790,790,0
2021-11-19 10:54:00,790,790,790,790,0
2021-11-19 10:55:00,790,790,790,790,0
2021-11-19 10:56:00,790,790,790,790,0
2021-11-19 10:57:00,790,790,790,790,0
2021-11-19 10:58:00,785,785,785,785,200
2021-11-19 10:59:00,785,785,785,785,0
2021-11-19 11:00:00,785,785,785,785,0
2021-11-19 11:01:00,785,785,785,785,0
2021-11-19 11:02:00,785,785,785,785,0
2021-11-19 11:03:00,785,785,785,785,0
2021-11-19 11:04:00,790,790,790,790,100
2021-11-19 11:05:00,790,790,790,790,0
2021-11-19 11:06:00,790,790,790,790,0
2021-11-19 11:07:00,790,790,790,790,4500
2021-11-19 11:08:00,790,790,790,790,0
2021-11-19 11:09:00,790,790,790,790,0
2021-11-19 11:10:00,790,790,790,790,0
2021-11-19 11:11:00,790,790,790,790,0
2021-11-19 11:12:00,790,790,790,790,0
2021-11-19 11:13:00,790,790,790,790,0
2021-11-19 11:14:00,790,790,790,790,0
2021-11-19 11:15:00,790,790,790,790,0
2021-11-19 11:16:00,790,790,790,790,0
2021-11-19 11:17:00,790,790,790,790,0
2021-11-19 11:18:00,790,790,790,790,0
2021-11-19 11:19:00,790,790,790,790,100
2021-11-19 11:20:00,790,790,790,790,0
2021-11-19 11:21:00,790,790,790,790,0
2021-11-19 11:22:00,790,790,790,790,0
2021-11-19 11:23:00,790,790,790,790,0
2021-11-19 11:24:00,790,790,790,790,0
2021-11-19 11:25:00,790,790,790,790,500
2021-11-19 11:26:00,790,790,790,790,0
2021-11-19 11:27:00,790,790,790,790,0
2021-11-19 11:28:00,790,790,790,790,2600
2021-11-19 11:29:00,790,790,790,790,700
2021-11-19 11:30:00,790,790,790,790,0
2021-11-19 11:31:00,790,790,790,790,0
2021-11-19 11:32:00,790,790,790,790,0
2021-11-19 11:33:00,790,790,790,790,0
2021-11-19 11:34:00,790,790,790,790,0
2021-11-19 11:35:00,790,790,790,790,0
2021-11-19 11:36:00,790,790,790,790,0
2021-11-19 11:37:00,790,790,790,790,0
2021-11-19 11:38:00,790,790,790,790,0
2021-11-19 11:39:00,790,790,790,790,0
2021-11-19 11:40:00,790,790,790,790,0
2021-11-19 11:41:00,790,790,790,790,0
2021-11-19 11:42:00,790,790,790,790,0
2021-11-19 11:43:00,790,790,790,790,0
2021-11-19 11:44:00,790,790,790,790,0
2021-11-19 11:45:00,790,790,790,790,0
2021-11-19 11:46:00,790,790,790,790,0
2021-11-19 11:47:00,790,790,790,790,0
2021-11-19 11:48:00,790,790,790,790,0
2021-11-19 11:49:00,790,790,790,790,0
2021-11-19 11:50:00,790,790,790,790,0
2021-11-19 11:51:00,790,790,790,790,0
2021-11-19 11:52:00,790,790,790,790,0
2021-11-19 11:53:00,790,790,790,790,0
2021-11-19 11:54:00,790,790,790,790,0
2021-11-19 11:55:00,790,790,790,790,0
2021-11-19 11:56:00,790,790,790,790,0
2021-11-19 11:57:00,790,790,790,790,0
2021-11-19 11:58:00,790,790,790,790,0
2021-11-19 11:59:00,790,790,790,790,0
2021-11-19 12:00:00,790,790,790,790,0
2021-11-19 12:01:00,790,790,790,790,0
2021-11-19 12:02:00,790,790,790,790,0
2021-11-19 12:03:00,790,790,790,790,0
2021-11-19 12:04:00,790,790,790,790,0
2021-11-19 12:05:00,790,790,790,790,0
2021-11-19 12:06:00,790,790,790,790,0
2021-11-19 12:07:00,790,790,790,790,0
2021-11-19 12:08:00,790,790,790,790,0
2021-11-19 12:09:00,790,790,790,790,0
2021-11-19 12:10:00,790,790,790,790,0
2021-11-19 12:11:00,790,790,790,790,0
2021-11-19 12:12:00,790,790,790,790,0
2021-11-19 12:13:00,790,790,790,790,0
2021-11-19 12:14:00,790,790,790,790,0
2021-11-19 12:15:00,790,790,790,790,0
2021-11-19 12:16:00,790,790,790,790,0
2021-11-19 12:17:00,790,790,790,790,0
2021-11-19 12:18:00,790,790,790,790,0
2021-11-19 12:19:00,790,790,790,790,0
2021-11-19 12:20:00,790,790,790,790,0
2021-11-19 12:21:00,790,790,790,790,0
2021-11-19 12:22:00,790,790,790,790,0
2021-11-19 12:23:00,790,790,790,790,0
2021-11-19 12:24:00,790,790,790,790,0
2021-11-19 12:25:00,790,790,790,790,0
2021-11-19 12:26:00,790,790,790,790,0
2021-11-19 12:27:00,790,790,790,790,0
2021-11-19 12:28:00,790,790,790,790,0
2021-11-19 12:29:00,790,790,790,790,0
2021-11-19 12:30:00,790,790,790,790,0
2021-11-19 12:31:00,790,790,790,790,0
2021-11-19 12:32:00,790,790,790,790,0
2021-11-19 12:33:00,790,790,790,790,0
2021-11-19 12:34:00,790,790,790,790,0
2021-11-19 12:35:00,790,790,790,790,0
2021-11-19 12:36:00,790,790,790,790,0
2021-11-19 12:37:00,790,790,790,790,0
2021-11-19 12:38:00,790,790,790,790,0
2021-11-19 12:39:00,790,790,790,790,0
2021-11-19 12:40:00,790,790,790,790,0
2021-11-19 12:41:00,790,790,790,790,0
2021-11-19 12:42:00,790,790,790,790,0
2021-11-19 12:43:00,790,790,790,790,0
2021-11-19 12:44:00,790,790,790,790,0
2021-11-19 12:45:00,790,790,790,790,0
2021-11-19 12:46:00,790,790,790,790,0
2021-11-19 12:47:00,790,790,790,790,0
2021-11-19 12:48:00,790,790,790,790,0
2021-11-19 12:49:00,790,790,790,790,0
2021-11-19 12:50:00,790,790,790,790,0
2021-11-19 12:51:00,790,790,790,790,0
2021-11-19 12:52:00,790,790,790,790,0
2021-11-19 12:53:00,790,790,790,790,0
2021-11-19 12:54:00,790,790,790,790,0
2021-11-19 12:55:00,790,790,790,790,0
2021-11-19 12:56:00,790,790,790,790,0
2021-11-19 12:57:00,790,790,790,790,0
2021-11-19 12:58:00,790,790,790,790,0
2021-11-19 12:59:00,790,790,790,790,0
2021-11-19 13:00:00,790,790,790,790,0
2021-11-19 13:01:00,790,790,790,790,0
2021-11-19 13:02:00,790,790,790,790,0
2021-11-19 13:03:00,790,790,790,790,0
2021-11-19 13:04:00,790,790,790,790,0
2021-11-19 13:05:00,790,790,790,790,0
2021-11-19 13:06:00,790,790,790,790,0
2021-11-19 13:07:00,790,790,790,790,0
2021-11-19 13:08:00,790,790,790,790,0
2021-11-19 13:09:00,790,790,790,790,0
2021-11-19 13:10:00,790,790,790,790,0
2021-11-19 13:11:00,790,790,790,790,0
2021-11-19 13:12:00,790,790,790,790,0
2021-11-19 13:13:00,790,790,790,790,0
2021-11-19 13:14:00,790,790,790,790,0
2021-11-19 13:15:00,790,790,790,790,0
2021-11-19 13:16:00,790,790,790,790,0
2021-11-19 13:17:00,790,790,790,790,0
2021-11-19 13:18:00,790,790,790,790,0
2021-11-19 13:19:00,790,790,790,790,0
2021-11-19 13:20:00,790,790,790,790,0
2021-11-19 13:21:00,790,790,790,790,0
2021-11-19 13:22:00,790,790,790,790,0
2021-11-19 13:23:00,790,790,790,790,0
2021-11-19 13:24:00,790,790,790,790,0
2021-11-19 13:25:00,790,790,790,790,0
2021-11-19 13:26:00,790,790,790,790,0
2021-11-19 13:27:00,790,790,790,790,0
2021-11-19 13:28:00,790,790,790,790,0
2021-11-19 13:29:00,790,790,790,790,0
2021-11-19 13:30:00,790,790,790,790,500
2021-11-19 13:31:00,790,790,790,790,0
2021-11-19 13:32:00,790,790,790,790,0
2021-11-19 13:33:00,790,790,790,790,0
2021-11-19 13:34:00,790,790,790,790,2500
2021-11-19 13:35:00,790,790,790,790,0
2021-11-19 13:36:00,790,790,790,790,0
2021-11-19 13:37:00,790,790,790,790,0
2021-11-19 13:38:00,790,790,790,790,0
2021-11-19 13:39:00,790,790,790,790,300700
2021-11-19 13:40:00,790,790,790,790,4000
2021-11-19 13:41:00,795,795,795,795,563000
2021-11-19 13:42:00,795,795,795,795,181800
2021-11-19 13:43:00,795,790,795,790,900
2021-11-19 13:44:00,795,795,795,795,2000
2021-11-19 13:45:00,795,795,795,795,0
2021-11-19 13:46:00,795,795,795,795,0
2021-11-19 13:47:00,795,795,795,795,0
2021-11-19 13:48:00,795,795,795,795,0
2021-11-19 13:49:00,795,795,795,795,0
2021-11-19 13:50:00,795,795,795,795,0
2021-11-19 13:51:00,795,795,795,795,0
2021-11-19 13:52:00,795,795,795,795,1000
2021-11-19 13:53:00,795,795,795,795,0
2021-11-19 13:54:00,795,795,795,795,0
2021-11-19 13:55:00,795,795,795,795,0
2021-11-19 13:56:00,795,795,795,795,0
2021-11-19 13:57:00,795,795,795,795,0
2021-11-19 13:58:00,795,795,795,795,0
2021-11-19 13:59:00,795,795,795,795,0
2021-11-19 14:00:00,795,795,795,795,500
2021-11-19 14:01:00,795,795,795,795,0
2021-11-19 14:02:00,795,795,795,795,0
2021-11-19 14:03:00,795,795,795,795,0
2021-11-19 14:04:00,795,795,795,795,0
2021-11-19 14:05:00,795,795,795,795,0
2021-11-19 14:06:00,795,795,795,795,0
2021-11-19 14:07:00,795,795,795,795,0
2021-11-19 14:08:00,795,795,795,795,0
2021-11-19 14:09:00,795,795,795,795,0
2021-11-19 14:10:00,795,795,795,795,0
2021-11-19 14:11:00,795,795,795,795,0
2021-11-19 14:12:00,795,795,795,795,0
2021-11-19 14:13:00,795,795,795,795,0
2021-11-19 14:14:00,795,795,795,795,0
2021-11-19 14:15:00,795,795,795,795,0
2021-11-19 14:16:00,795,795,795,795,0
2021-11-19 14:17:00,795,795,795,795,0
2021-11-19 14:18:00,795,795,795,795,0
2021-11-19 14:19:00,790,790,790,790,400
2021-11-19 14:20:00,790,790,790,790,0
2021-11-19 14:21:00,790,790,790,790,1000
2021-11-19 14:22:00,790,790,790,790,0
2021-11-19 14:23:00,790,790,790,790,0
2021-11-19 14:24:00,790,790,790,790,0
2021-11-19 14:25:00,790,790,790,790,0
2021-11-19 14:26:00,790,790,790,790,0
2021-11-19 14:27:00,790,790,790,790,0
2021-11-19 14:28:00,790,790,790,790,0
2021-11-19 14:29:00,790,790,790,790,1000
2021-11-19 14:30:00,790,790,790,790,0
2021-11-19 14:31:00,790,790,790,790,0
2021-11-19 14:32:00,790,790,790,790,0
2021-11-19 14:33:00,795,795,795,795,6300
2021-11-19 14:34:00,795,795,805,805,349200
2021-11-19 14:35:00,805,805,810,810,617100
2021-11-19 14:36:00,810,805,810,805,300500
2021-11-19 14:37:00,805,805,805,805,101700
2021-11-19 14:38:00,805,805,805,805,285000
2021-11-19 14:39:00,805,805,810,805,214000
2021-11-19 14:40:00,805,805,810,810,253700
2021-11-19 14:41:00,815,810,815,815,565500
2021-11-19 14:42:00,815,815,815,815,430500
2021-11-19 14:43:00,815,815,820,820,341500
2021-11-19 14:44:00,820,820,825,820,101000
2021-11-19 14:45:00,820,820,820,820,400
2021-11-19 14:46:00,820,820,820,820,600
2021-11-19 14:47:00,820,820,820,820,10800
2021-11-19 14:48:00,820,820,820,820,50200
2021-11-19 14:49:00,815,815,820,820,7500
2021-11-19 14:50:00,815,815,820,820,0
2021-11-19 14:51:00,815,815,820,820,0
2021-11-19 14:52:00,815,815,820,820,0
2021-11-19 14:53:00,815,815,820,820,0
2021-11-19 14:54:00,815,815,820,820,0
2021-11-19 14:55:00,815,815,820,820,0
2021-11-19 14:56:00,815,815,820,820,0
2021-11-19 14:57:00,815,815,820,820,0
2021-11-19 14:58:00,815,815,820,820,0
2021-11-19 14:59:00,815,815,820,820,0
2021-11-19 15:00:00,820,820,820,820,255600
2021-11-19 15:01:00,820,820,820,820,0
2021-11-19 15:02:00,820,820,820,820,0
2021-11-19 15:03:00,820,820,820,820,0
2021-11-19 15:04:00,820,820,820,820,0
2021-11-19 15:05:00,820,820,820,820,27500
2021-11-19 15:06:00,820,820,820,820,30000
2021-11-19 15:07:00,820,820,820,820,12200
2021-11-19 15:08:00,820,820,820,820,0
2021-11-19 15:09:00,820,820,820,820,0
2021-11-19 15:10:00,820,820,820,820,0
2021-11-19 15:11:00,820,820,820,820,0
2021-11-19 15:12:00,820,820,820,820,0
2021-11-19 15:13:00,820,820,820,820,0
2021-11-19 15:14:00,820,820,820,820,5100
2021-11-19 15:15:00,820,820,820,820,0
2021-11-19 15:16:00,820,820,820,820,0
2021-11-19 15:17:00,820,820,820,820,0
2021-11-19 15:18:00,820,820,820,820,0
2021-11-19 15:19:00,820,820,820,820,0
2021-11-19 15:20:00,820,820,820,820,0
2021-11-19 15:21:00,820,820,820,820,0
2021-11-19 15:22:00,820,820,820,820,0
2021-11-19 15:23:00,820,820,820,820,0
2021-11-19 15:24:00,820,820,820,820,0
2021-11-19 15:25:00,820,820,820,820,0
2021-11-19 15:26:00,820,820,820,820,0
2021-11-19 15:27:00,820,820,820,820,0
2021-11-19 15:28:00,820,820,820,820,0
2021-11-19 15:29:00,820,820,820,820,0
2021-11-19 15:30:00,820,820,820,820,0
2021-11-19 15:31:00,820,820,820,820,0
2021-11-19 15:32:00,820,820,820,820,0
2021-11-19 15:33:00,820,820,820,820,0
2021-11-19 15:34:00,820,820,820,820,0
2021-11-19 15:35:00,820,820,820,820,0
2021-11-19 15:36:00,820,820,820,820,0
2021-11-19 15:37:00,820,820,820,820,0
2021-11-19 15:38:00,820,820,820,820,0
2021-11-19 15:39:00,820,820,820,820,0
2021-11-19 15:40:00,820,820,820,820,0
2021-11-19 15:41:00,820,820,820,820,0
2021-11-19 15:42:00,820,820,820,820,0
2021-11-19 15:43:00,820,820,820,820,0
2021-11-19 15:44:00,820,820,820,820,0
2021-11-19 15:45:00,820,820,820,820,0
2021-11-19 15:46:00,820,820,820,820,0
2021-11-19 15:47:00,820,820,820,820,0
2021-11-19 15:48:00,820,820,820,820,0
2021-11-19 15:49:00,820,820,820,820,0
2021-11-19 15:50:00,820,820,820,820,0
2021-11-19 15:51:00,820,820,820,820,0
2021-11-19 15:52:00,820,820,820,820,0
2021-11-19 15:53:00,820,820,820,820,0
2021-11-19 15:54:00,820,820,820,820,0
2021-11-19 15:55:00,820,820,820,820,0
2021-11-19 15:56:00,820,820,820,820,0
2021-11-19 15:57:00,820,820,820,820,0
2021-11-19 15:58:00,820,820,820,820,0
2021-11-19 15:59:00,820,820,820,820,0
2021-11-22 09:00:00,820,820,820,820,0
2021-11-22 09:01:00,820,820,820,820,2000
2021-11-22 09:02:00,820,820,820,820,0
2021-11-22 09:03:00,820,820,820,820,4200
2021-11-22 09:04:00,820,820,820,820,0
2021-11-22 09:05:00,820,815,820,815,4700
2021-11-22 09:06:00,815,815,815,815,56600
2021-11-22 09:07:00,815,815,815,815,100
2021-11-22 09:08:00,810,810,810,810,52900
2021-11-22 09:09:00,815,810,815,810,4800
2021-11-22 09:10:00,815,810,815,810,0
2021-11-22 09:11:00,810,810,810,810,30200
2021-11-22 09:12:00,810,810,810,810,100
2021-11-22 09:13:00,810,810,810,810,1500
2021-11-22 09:14:00,810,810,810,810,3800
2021-11-22 09:15:00,810,810,810,810,100
2021-11-22 09:16:00,810,810,810,810,20200
2021-11-22 09:17:00,815,815,815,815,59800
2021-11-22 09:18:00,815,815,815,815,0
2021-11-22 09:19:00,815,815,815,815,0
2021-11-22 09:20:00,815,815,815,815,0
2021-11-22 09:21:00,815,815,815,815,0
2021-11-22 09:22:00,815,815,815,815,0
2021-11-22 09:23:00,815,815,815,815,0
2021-11-22 09:24:00,810,810,810,810,16500
2021-11-22 09:25:00,810,810,810,810,12300
2021-11-22 09:26:00,810,810,810,810,0
2021-11-22 09:27:00,810,810,810,810,0
2021-11-22 09:28:00,810,810,810,810,0
2021-11-22 09:29:00,810,810,810,810,0
2021-11-22 09:30:00,810,810,815,815,131400
2021-11-22 09:31:00,820,820,830,830,511700
2021-11-22 09:32:00,830,830,835,835,702600
2021-11-22 09:33:00,835,830,835,835,797900
2021-11-22 09:34:00,835,830,835,830,295200
2021-11-22 09:35:00,830,825,835,835,439300
2021-11-22 09:36:00,840,835,840,840,608000
2021-11-22 09:37:00,835,835,840,835,212500
2021-11-22 09:38:00,835,835,835,835,357200
2021-11-22 09:39:00,835,830,835,830,273300
2021-11-22 09:40:00,830,825,830,825,201000
2021-11-22 09:41:00,830,825,830,825,140500
2021-11-22 09:42:00,820,800,820,800,629400
2021-11-22 09:43:00,805,805,815,815,174900
2021-11-22 09:44:00,815,815,815,815,1800
2021-11-22 09:45:00,815,815,815,815,6900
2021-11-22 09:46:00,815,810,815,810,4100
2021-11-22 09:47:00,815,810,815,810,0
2021-11-22 09:48:00,810,810,815,815,33500
2021-11-22 09:49:00,815,815,815,815,100
2021-11-22 09:50:00,815,815,815,815,0
2021-11-22 09:51:00,815,815,815,815,200
2021-11-22 09:52:00,815,815,815,815,44700
2021-11-22 09:53:00,815,815,815,815,0
2021-11-22 09:54:00,815,815,815,815,1000
2021-11-22 09:55:00,815,815,815,815,0
2021-11-22 09:56:00,815,815,815,815,100
2021-11-22 09:57:00,815,815,815,815,0
2021-11-22 09:58:00,810,810,815,815,33900
2021-11-22 09:59:00,815,815,815,815,5000
2021-11-22 10:00:00,815,815,815,815,8100
2021-11-22 10:01:00,815,815,815,815,0
2021-11-22 10:02:00,815,815,815,815,0
2021-11-22 10:03:00,815,815,815,815,0
2021-11-22 10:04:00,815,815,815,815,21900
2021-11-22 10:05:00,815,815,815,815,11400
2021-11-22 10:06:00,815,815,815,815,300
2021-11-22 10:07:00,815,815,815,815,0
2021-11-22 10:08:00,815,815,815,815,7600
2021-11-22 10:09:00,815,815,815,815,0
2021-11-22 10:10:00,815,815,815,815,0
2021-11-22 10:11:00,815,815,815,815,0
2021-11-22 10:12:00,815,815,815,815,0
2021-11-22 10:13:00,815,815,815,815,0
2021-11-22 10:14:00,815,815,815,815,0
2021-11-22 10:15:00,815,815,815,815,0
2021-11-22 10:16:00,815,815,815,815,0
2021-11-22 10:17:00,815,815,815,815,0
2021-11-22 10:18:00,815,815,815,815,0
2021-11-22 10:19:00,815,815,815,815,500
2021-11-22 10:20:00,815,815,815,815,13700
2021-11-22 10:21:00,815,815,815,815,0
2021-11-22 10:22:00,810,810,810,810,100
2021-11-22 10:23:00,810,810,810,810,0
2021-11-22 10:24:00,810,810,810,810,0
2021-11-22 10:25:00,810,810,810,810,0
2021-11-22 10:26:00,810,810,810,810,0
2021-11-22 10:27:00,810,810,810,810,0
2021-11-22 10:28:00,810,810,810,810,0
2021-11-22 10:29:00,810,810,810,810,100
2021-11-22 10:30:00,810,810,810,810,0
2021-11-22 10:31:00,810,810,810,810,0
2021-11-22 10:32:00,810,810,810,810,0
2021-11-22 10:33:00,810,810,810,810,0
2021-11-22 10:34:00,810,810,810,810,0
2021-11-22 10:35:00,810,810,810,810,0
2021-11-22 10:36:00,810,810,810,810,0
2021-11-22 10:37:00,810,810,810,810,0
2021-11-22 10:38:00,810,810,810,810,0
2021-11-22 10:39:00,810,810,810,810,0
2021-11-22 10:40:00,810,810,810,810,0
2021-11-22 10:41:00,810,810,810,810,0
2021-11-22 10:42:00,810,810,810,810,0
2021-11-22 10:43:00,810,810,810,810,1000
2021-11-22 10:44:00,810,810,810,810,0
2021-11-22 10:45:00,810,810,810,810,0
2021-11-22 10:46:00,810,810,810,810,35200
2021-11-22 10:47:00,810,810,810,810,100
2021-11-22 10:48:00,810,810,810,810,0
2021-11-22 10:49:00,810,810,810,810,82600
2021-11-22 10:50:00,810,810,810,810,0
2021-11-22 10:51:00,810,810,810,810,500
2021-11-22 10:52:00,810,810,810,810,100
2021-11-22 10:53:00,810,810,810,810,1300
2021-11-22 10:54:00,810,810,810,810,9400
2021-11-22 10:55:00,810,810,810,810,0
2021-11-22 10:56:00,810,810,810,810,100
2021-11-22 10:57:00,810,810,810,810,0
2021-11-22 10:58:00,810,810,810,810,0
2021-11-22 10:59:00,810,810,810,810,0
2021-11-22 11:00:00,810,810,810,810,0
2021-11-22 11:01:00,810,810,810,810,0
2021-11-22 11:02:00,810,810,810,810,4700
2021-11-22 11:03:00,810,810,810,810,0
2021-11-22 11:04:00,810,810,810,810,0
2021-11-22 11:05:00,810,810,810,810,0
2021-11-22 11:06:00,810,810,810,810,100
2021-11-22 11:07:00,810,810,810,810,0
2021-11-22 11:08:00,810,810,810,810,0
2021-11-22 11:09:00,810,810,810,810,100
2021-11-22 11:10:00,810,810,810,810,100
2021-11-22 11:11:00,810,810,810,810,0
2021-11-22 11:12:00,810,810,810,810,0
2021-11-22 11:13:00,810,810,810,810,0
2021-11-22 11:14:00,810,810,810,810,0
2021-11-22 11:15:00,810,810,810,810,0
2021-11-22 11:16:00,810,810,810,810,0
2021-11-22 11:17:00,810,810,810,810,0
2021-11-22 11:18:00,810,810,810,810,0
2021-11-22 11:19:00,810,810,810,810,0
2021-11-22 11:20:00,810,810,810,810,0
2021-11-22 11:21:00,810,810,810,810,0
2021-11-22 11:22:00,810,810,810,810,0
2021-11-22 11:23:00,810,810,810,810,0
2021-11-22 11:24:00,815,810,815,810,27000
2021-11-22 11:25:00,815,810,815,810,0
2021-11-22 11:26:00,815,810,815,810,0
2021-11-22 11:27:00,815,810,815,810,0
2021-11-22 11:28:00,815,810,815,810,0
2021-11-22 11:29:00,810,810,810,810,2500
2021-11-22 11:30:00,810,810,810,810,0
2021-11-22 11:31:00,810,810,810,810,0
2021-11-22 11:32:00,810,810,810,810,0
2021-11-22 11:33:00,810,810,810,810,0
2021-11-22 11:34:00,810,810,810,810,0
2021-11-22 11:35:00,810,810,810,810,0
2021-11-22 11:36:00,810,810,810,810,0
2021-11-22 11:37:00,810,810,810,810,0
2021-11-22 11:38:00,810,810,810,810,0
2021-11-22 11:39:00,810,810,810,810,0
2021-11-22 11:40:00,810,810,810,810,0
2021-11-22 11:41:00,810,810,810,810,0
2021-11-22 11:42:00,810,810,810,810,0
2021-11-22 11:43:00,810,810,810,810,0
2021-11-22 11:44:00,810,810,810,810,0
2021-11-22 11:45:00,810,810,810,810,0
2021-11-22 11:46:00,810,810,810,810,0
2021-11-22 11:47:00,810,810,810,810,0
2021-11-22 11:48:00,810,810,810,810,0
2021-11-22 11:49:00,810,810,810,810,0
2021-11-22 11:50:00,810,810,810,810,0
2021-11-22 11:51:00,810,810,810,810,0
2021-11-22 11:52:00,810,810,810,810,0
2021-11-22 11:53:00,810,810,810,810,0
2021-11-22 11:54:00,810,810,810,810,0
2021-11-22 11:55:00,810,810,810,810,0
2021-11-22 11:56:00,810,810,810,810,0
2021-11-22 11:57:00,810,810,810,810,0
2021-11-22 11:58:00,810,810,810,810,0
2021-11-22 11:59:00,810,810,810,810,0
2021-11-22 12:00:00,810,810,810,810,0
2021-11-22 12:01:00,810,810,810,810,0
2021-11-22 12:02:00,810,810,810,810,0
2021-11-22 12:03:00,810,810,810,810,0
2021-11-22 12:04:00,810,810,810,810,0
2021-11-22 12:05:00,810,810,810,810,0
2021-11-22 12:06:00,810,810,810,810,0
2021-11-22 12:07:00,810,810,810,810,0
2021-11-22 12:08:00,810,810,810,810,0
2021-11-22 12:09:00,810,810,810,810,0
2021-11-22 12:10:00,810,810,810,810,0
2021-11-22 12:11:00,810,810,810,810,0
2021-11-22 12:12:00,810,810,810,810,0
2021-11-22 12:13:00,810,810,810,810,0
2021-11-22 12:14:00,810,810,810,810,0
2021-11-22 12:15:00,810,810,810,810,0
2021-11-22 12:16:00,810,810,810,810,0
2021-11-22 12:17:00,810,810,810,810,0
2021-11-22 12:18:00,810,810,810,810,0
2021-11-22 12:19:00,810,810,810,810,0
2021-11-22 12:20:00,810,810,810,810,0
2021-11-22 12:21:00,810,810,810,810,0
2021-11-22 12:22:00,810,810,810,810,0
2021-11-22 12:23:00,810,810,810,810,0
2021-11-22 12:24:00,810,810,810,810,0
2021-11-22 12:25:00,810,810,810,810,0
2021-11-22 12:26:00,810,810,810,810,0
2021-11-22 12:27:00,810,810,810,810,0
2021-11-22 12:28:00,810,810,810,810,0
2021-11-22 12:29:00,810,810,810,810,0
2021-11-22 12:30:00,810,810,810,810,0
2021-11-22 12:31:00,810,810,810,810,0
2021-11-22 12:32:00,810,810,810,810,0
2021-11-22 12:33:00,810,810,810,810,0
2021-11-22 12:34:00,810,810,810,810,0
2021-11-22 12:35:00,810,810,810,810,0
2021-11-22 12:36:00,810,810,810,810,0
2021-11-22 12:37:00,810,810,810,810,0
2021-11-22 12:38:00,810,810,810,810,0
2021-11-22 12:39:00,810,810,810,810,0
2021-11-22 12:40:00,810,810,810,810,0
2021-11-22 12:41:00,810,810,810,810,0
2021-11-22 12:42:00,810,810,810,810,0
2021-11-22 12:43:00,810,810,810,810,0
2021-11-22 12:44:00,810,810,810,810,0
2021-11-22 12:45:00,810,810,810,810,0
2021-11-22 12:46:00,810,810,810,810,0
2021-11-22 12:47:00,810,810,810,810,0
2021-11-22 12:48:00,810,810,810,810,0
2021-11-22 12:49:00,810,810,810,810,0
2021-11-22 12:50:00,810,810,810,810,0
2021-11-22 12:51:00,810,810,810,810,0
2021-11-22 12:52:00,810,810,810,810,0
2021-11-22 12:53:00,810,810,810,810,0
2021-11-22 12:54:00,810,810,810,810,0
2021-11-22 12:55:00,810,810,810,810,0
2021-11-22 12:56:00,810,810,810,810,0
2021-11-22 12:57:00,810,810,810,810,0
2021-11-22 12:58:00,810,810,810,810,0
2021-11-22 12:59:00,810,810,810,810,0
2021-11-22 13:00:00,810,810,810,810,0
2021-11-22 13:01:00,810,810,810,810,0
2021-11-22 13:02:00,810,810,810,810,0
2021-11-22 13:03:00,810,810,810,810,0
2021-11-22 13:04:00,810,810,810,810,0
2021-11-22 13:05:00,810,810,810,810,0
2021-11-22 13:06:00,810,810,810,810,0
2021-11-22 13:07:00,810,810,810,810,0
2021-11-22 13:08:00,810,810,810,810,0
2021-11-22 13:09:00,810,810,810,810,0
2021-11-22 13:10:00,810,810,810,810,0
2021-11-22 13:11:00,810,810,810,810,0
2021-11-22 13:12:00,810,810,810,810,0
2021-11-22 13:13:00,810,810,810,810,0
2021-11-22 13:14:00,810,810,810,810,0
2021-11-22 13:15:00,810,810,810,810,0
2021-11-22 13:16:00,810,810,810,810,0
2021-11-22 13:17:00,810,810,810,810,0
2021-11-22 13:18:00,810,810,810,810,0
2021-11-22 13:19:00,810,810,810,810,0
2021-11-22 13:20:00,810,810,810,810,0
2021-11-22 13:21:00,810,810,810,810,0
2021-11-22 13:22:00,810,810,810,810,0
2021-11-22 13:23:00,810,810,810,810,0
2021-11-22 13:24:00,810,810,810,810,0
2021-11-22 13:25:00,810,810,810,810,0
2021-11-22 13:26:00,810,810,810,810,0
2021-11-22 13:27:00,810,810,810,810,0
2021-11-22 13:28:00,810,810,810,810,0
2021-11-22 13:29:00,810,810,810,810,0
2021-11-22 13:30:00,810,805,810,805,500
2021-11-22 13:31:00,810,805,810,805,0
2021-11-22 13:32:00,810,805,810,805,0
2021-11-22 13:33:00,805,805,805,805,1000
2021-11-22 13:34:00,805,805,805,805,500
2021-11-22 13:35:00,805,805,805,805,0
2021-11-22 13:36:00,805,805,805,805,100
2021-11-22 13:37:00,805,805,805,805,0
2021-11-22 13:38:00,810,810,810,810,1300
2021-11-22 13:39:00,810,810,810,810,0
2021-11-22 13:40:00,810,810,810,810,0
2021-11-22 13:41:00,810,810,810,810,0
2021-11-22 13:42:00,810,810,810,810,0
2021-11-22 13:43:00,810,810,810,810,4000
2021-11-22 13:44:00,810,810,810,810,5100
2021-11-22 13:45:00,810,810,810,810,400
2021-11-22 13:46:00,810,810,810,810,0
2021-11-22 13:47:00,810,810,810,810,0
2021-11-22 13:48:00,810,810,810,810,0
2021-11-22 13:49:00,805,805,805,805,132000
2021-11-22 13:50:00,805,805,805,805,0
2021-11-22 13:51:00,805,805,805,805,0
2021-11-22 13:52:00,810,810,810,810,100
2021-11-22 13:53:00,805,805,810,810,300
2021-11-22 13:54:00,810,810,810,810,20100
2021-11-22 13:55:00,810,810,810,810,0
2021-11-22 13:56:00,810,810,810,810,3000
2021-11-22 13:57:00,810,810,810,810,0
2021-11-22 13:58:00,810,810,810,810,0
2021-11-22 13:59:00,810,810,810,810,21700
2021-11-22 14:00:00,810,810,810,810,0
2021-11-22 14:01:00,805,805,805,805,65300
2021-11-22 14:02:00,805,805,805,805,0
2021-11-22 14:03:00,810,810,810,810,100
2021-11-22 14:04:00,810,810,810,810,0
2021-11-22 14:05:00,810,810,810,810,0
2021-11-22 14:06:00,810,810,810,810,0
2021-11-22 14:07:00,810,810,810,810,0
2021-11-22 14:08:00,810,810,810,810,0
2021-11-22 14:09:00,810,810,810,810,0
2021-11-22 14:10:00,810,810,810,810,0
2021-11-22 14:11:00,810,810,810,810,0
2021-11-22 14:12:00,810,810,810,810,0
2021-11-22 14:13:00,810,810,810,810,0
2021-11-22 14:14:00,810,810,810,810,0
2021-11-22 14:15:00,810,810,810,810,0
2021-11-22 14:16:00,810,810,810,810,0
2021-11-22 14:17:00,810,810,810,810,0
2021-11-22 14:18:00,810,810,810,810,0
2021-11-22 14:19:00,810,810,810,810,0
2021-11-22 14:20:00,810,810,810,810,0
2021-11-22 14:21:00,810,810,810,810,0
2021-11-22 14:22:00,810,810,810,810,24700
2021-11-22 14:23:00,810,810,810,810,0
2021-11-22 14:24:00,810,810,810,810,0
2021-11-22 14:25:00,810,810,810,810,0
2021-11-22 14:26:00,810,810,810,810,13400
2021-11-22 14:27:00,810,810,810,810,5000
2021-11-22 14:28:00,810,810,815,815,29900
2021-11-22 14:29:00,810,810,815,815,0
2021-11-22 14:30:00,815,815,815,815,10000
2021-11-22 14:31:00,815,815,815,815,0
2021-11-22 14:32:00,815,815,815,815,0
2021-11-22 14:33:00,815,815,815,815,0
2021-11-22 14:34:00,815,815,815,815,500
2021-11-22 14:35:00,815,815,815,815,0
2021-11-22 14:36:00,815,815,815,815,0
2021-11-22 14:37:00,815,815,815,815,0
2021-11-22 14:38:00,810,810,810,810,36200
2021-11-22 14:39:00,810,810,810,810,0
2021-11-22 14:40:00,810,810,810,810,0
2021-11-22 14:41:00,810,810,810,810,600
2021-11-22 14:42:00,805,805,810,810,5700
2021-11-22 14:43:00,805,805,810,810,0
2021-11-22 14:44:00,810,810,810,810,100
2021-11-22 14:45:00,810,810,810,810,0
2021-11-22 14:46:00,810,810,810,810,2600
2021-11-22 14:47:00,810,810,810,810,0
2021-11-22 14:48:00,810,810,810,810,29200
2021-11-22 14:49:00,810,810,810,810,1000
2021-11-22 14:50:00,810,810,810,810,0
2021-11-22 14:51:00,810,810,810,810,0
2021-11-22 14:52:00,810,810,810,810,0
2021-11-22 14:53:00,810,810,810,810,0
2021-11-22 14:54:00,810,810,810,810,0
2021-11-22 14:55:00,810,810,810,810,0
2021-11-22 14:56:00,810,810,810,810,0
2021-11-22 14:57:00,810,810,810,810,0
2021-11-22 14:58:00,810,810,810,810,0
2021-11-22 14:59:00,810,810,810,810,0
2021-11-22 15:00:00,810,810,810,810,31500
2021-11-22 15:01:00,810,810,810,810,0
2021-11-22 15:02:00,810,810,810,810,0
2021-11-22 15:03:00,810,810,810,810,0
2021-11-22 15:04:00,810,810,810,810,0
2021-11-22 15:05:00,810,810,810,810,7000
2021-11-22 15:06:00,810,810,810,810,5000
2021-11-22 15:07:00,810,810,810,810,0
2021-11-22 15:08:00,810,810,810,810,14000
2021-11-22 15:09:00,810,810,810,810,0
2021-11-22 15:10:00,810,810,810,810,0
2021-11-22 15:11:00,810,810,810,810,0
2021-11-22 15:12:00,810,810,810,810,1500
2021-11-22 15:13:00,810,810,810,810,0
2021-11-22 15:14:00,810,810,810,810,0
2021-11-22 15:15:00,810,810,810,810,0
2021-11-22 15:16:00,810,810,810,810,0
2021-11-22 15:17:00,810,810,810,810,0
2021-11-22 15:18:00,810,810,810,810,0
2021-11-22 15:19:00,810,810,810,810,0
2021-11-22 15:20:00,810,810,810,810,0
2021-11-22 15:21:00,810,810,810,810,0
2021-11-22 15:22:00,810,810,810,810,0
2021-11-22 15:23:00,810,810,810,810,0
2021-11-22 15:24:00,810,810,810,810,0
2021-11-22 15:25:00,810,810,810,810,0
2021-11-22 15:26:00,810,810,810,810,0
2021-11-22 15:27:00,810,810,810,810,0
2021-11-22 15:28:00,810,810,810,810,0
2021-11-22 15:29:00,810,810,810,810,0
2021-11-22 15:30:00,810,810,810,810,0
2021-11-22 15:31:00,810,810,810,810,0
2021-11-22 15:32:00,810,810,810,810,0
2021-11-22 15:33:00,810,810,810,810,0
2021-11-22 15:34:00,810,810,810,810,0
2021-11-22 15:35:00,810,810,810,810,0
2021-11-22 15:36:00,810,810,810,810,0
2021-11-22 15:37:00,810,810,810,810,0
2021-11-22 15:38:00,810,810,810,810,0
2021-11-22 15:39:00,810,810,810,810,0
2021-11-22 15:40:00,810,810,810,810,0
2021-11-22 15:41:00,810,810,810,810,0
2021-11-22 15:42:00,810,810,810,810,0
2021-11-22 15:43:00,810,810,810,810,0
2021-11-22 15:44:00,810,810,810,810,0
2021-11-22 15:45:00,810,810,810,810,0
2021-11-22 15:46:00,810,810,810,810,0
2021-11-22 15:47:00,810,810,810,810,0
2021-11-22 15:48:00,810,810,810,810,0
2021-11-22 15:49:00,810,810,810,810,0
2021-11-22 15:50:00,810,810,810,810,0
2021-11-22 15:51:00,810,810,810,810,0
2021-11-22 15:52:00,810,810,810,810,0
2021-11-22 15:53:00,810,810,810,810,0
2021-11-22 15:54:00,810,810,810,810,0
2021-11-22 15:55:00,810,810,810,810,0
2021-11-22 15:56:00,810,810,810,810,0
2021-11-22 15:57:00,810,810,810,810,0
2021-11-22 15:58:00,810,810,810,810,0
2021-11-22 15:59:00,810,810,810,810,0
2021-11-23 09:00:00,810,810,810,810,0
2021-11-23 09:01:00,810,810,810,810,500
2021-11-23 09:02:00,805,805,805,805,30000
2021-11-23 09:03:00,805,805,805,805,100
2021-11-23 09:04:00,805,805,805,805,0
2021-11-23 09:05:00,805,805,805,805,100
2021-11-23 09:06:00,805,805,805,805,76400
2021-11-23 09:07:00,800,800,800,800,1800
2021-11-23 09:08:00,800,800,800,800,0
2021-11-23 09:09:00,800,800,800,800,0
2021-11-23 09:10:00,800,800,800,800,1100
2021-11-23 09:11:00,800,800,800,800,29700
2021-11-23 09:12:00,805,805,805,805,300
2021-11-23 09:13:00,800,800,800,800,4000
2021-11-23 09:14:00,800,800,800,800,0
2021-11-23 09:15:00,800,795,800,800,105200
2021-11-23 09:16:00,800,800,800,800,3800
2021-11-23 09:17:00,800,800,800,800,0
2021-11-23 09:18:00,800,800,800,800,0
2021-11-23 09:19:00,800,800,800,800,0
2021-11-23 09:20:00,800,800,800,800,0
2021-11-23 09:21:00,800,795,800,795,363400
2021-11-23 09:22:00,795,795,805,805,147000
2021-11-23 09:23:00,810,805,810,805,377900
2021-11-23 09:24:00,810,810,815,815,176000
2021-11-23 09:25:00,815,810,815,815,232800
2021-11-23 09:26:00,815,815,815,815,8000
2021-11-23 09:27:00,815,815,815,815,0
2021-11-23 09:28:00,810,805,815,805,363500
2021-11-23 09:29:00,805,805,805,805,28400
2021-11-23 09:30:00,805,805,805,805,10100
2021-11-23 09:31:00,805,805,805,805,0
2021-11-23 09:32:00,805,805,805,805,1500
2021-11-23 09:33:00,805,805,805,805,0
2021-11-23 09:34:00,805,805,805,805,0
2021-11-23 09:35:00,805,805,805,805,0
2021-11-23 09:36:00,805,805,805,805,10000
2021-11-23 09:37:00,805,805,805,805,0
2021-11-23 09:38:00,805,805,805,805,100
2021-11-23 09:39:00,805,805,805,805,0
2021-11-23 09:40:00,805,805,805,805,0
2021-11-23 09:41:00,805,805,805,805,1000
2021-11-23 09:42:00,805,805,805,805,0
2021-11-23 09:43:00,805,805,805,805,15600
2021-11-23 09:44:00,800,795,800,800,350100
2021-11-23 09:45:00,795,795,795,795,12900
2021-11-23 09:46:00,795,795,795,795,111300
2021-11-23 09:47:00,795,795,795,795,16400
2021-11-23 09:48:00,795,785,795,785,129900
2021-11-23 09:49:00,790,790,790,790,38000
2021-11-23 09:50:00,790,790,790,790,0
2021-11-23 09:51:00,790,790,790,790,500
2021-11-23 09:52:00,795,795,795,795,700
2021-11-23 09:53:00,795,795,795,795,3600
2021-11-23 09:54:00,795,795,795,795,1500
2021-11-23 09:55:00,795,795,795,795,0
2021-11-23 09:56:00,790,790,790,790,5000
2021-11-23 09:57:00,790,790,790,790,0
2021-11-23 09:58:00,790,790,790,790,0
2021-11-23 09:59:00,790,790,790,790,0
2021-11-23 10:00:00,790,790,790,790,5100
2021-11-23 10:01:00,790,790,790,790,0
2021-11-23 10:02:00,790,790,790,790,100
2021-11-23 10:03:00,790,790,790,790,0
2021-11-23 10:04:00,790,790,790,790,0
2021-11-23 10:05:00,790,790,790,790,0
2021-11-23 10:06:00,790,790,790,790,0
2021-11-23 10:07:00,790,790,790,790,0
2021-11-23 10:08:00,790,790,790,790,5100
2021-11-23 10:09:00,790,790,795,795,5000
2021-11-23 10:10:00,790,790,795,795,26500
2021-11-23 10:11:00,790,790,795,795,0
2021-11-23 10:12:00,790,790,795,795,0
2021-11-23 10:13:00,790,790,795,795,0
2021-11-23 10:14:00,790,790,795,795,0
2021-11-23 10:15:00,790,790,795,795,0
2021-11-23 10:16:00,790,790,795,795,0
2021-11-23 10:17:00,790,790,795,795,0
2021-11-23 10:18:00,790,790,795,795,0
2021-11-23 10:19:00,790,790,795,795,0
2021-11-23 10:20:00,790,790,795,795,0
2021-11-23 10:21:00,790,790,795,795,0
2021-11-23 10:22:00,790,790,795,795,0
2021-11-23 10:23:00,790,790,795,795,0
2021-11-23 10:24:00,790,790,790,790,5700
2021-11-23 10:25:00,790,790,790,790,100
2021-11-23 10:26:00,795,795,795,795,300
2021-11-23 10:27:00,795,795,795,795,0
2021-11-23 10:28:00,795,795,795,795,0
2021-11-23 10:29:00,795,795,795,795,0
2021-11-23 10:30:00,795,795,795,795,0
2021-11-23 10:31:00,790,790,790,790,2700
2021-11-23 10:32:00,790,790,790,790,38000
2021-11-23 10:33:00,790,790,790,790,0
2021-11-23 10:34:00,790,790,795,795,10200
2021-11-23 10:35:00,790,790,795,795,0
2021-11-23 10:36:00,790,790,795,795,0
2021-11-23 10:37:00,790,790,795,795,0
2021-11-23 10:38:00,790,790,795,795,0
2021-11-23 10:39:00,790,790,795,795,0
2021-11-23 10:40:00,790,790,795,795,0
2021-11-23 10:41:00,790,790,795,795,0
2021-11-23 10:42:00,790,790,795,795,0
2021-11-23 10:43:00,790,790,795,795,0
2021-11-23 10:44:00,790,790,795,795,0
2021-11-23 10:45:00,790,790,795,795,0
2021-11-23 10:46:00,790,790,795,795,0
2021-11-23 10:47:00,790,790,795,795,0
2021-11-23 10:48:00,790,790,795,795,0
2021-11-23 10:49:00,790,790,795,795,0
2021-11-23 10:50:00,790,790,795,795,0
2021-11-23 10:51:00,790,790,795,795,0
2021-11-23 10:52:00,790,790,795,795,0
2021-11-23 10:53:00,790,790,795,795,0
2021-11-23 10:54:00,790,790,795,795,0
2021-11-23 10:55:00,790,790,795,795,0
2021-11-23 10:56:00,790,790,795,795,0
2021-11-23 10:57:00,790,790,795,795,0
2021-11-23 10:58:00,790,790,795,795,0
2021-11-23 10:59:00,790,790,795,795,0
2021-11-23 11:00:00,795,795,795,795,100
2021-11-23 11:01:00,795,795,795,795,0
2021-11-23 11:02:00,795,795,795,795,0
2021-11-23 11:03:00,795,795,795,795,0
2021-11-23 11:04:00,795,795,795,795,0
2021-11-23 11:05:00,795,795,795,795,0
2021-11-23 11:06:00,795,795,795,795,0
2021-11-23 11:07:00,795,795,795,795,0
2021-11-23 11:08:00,795,795,795,795,0
2021-11-23 11:09:00,790,790,790,790,12700
2021-11-23 11:10:00,790,790,790,790,0
2021-11-23 11:11:00,790,790,790,790,15000
2021-11-23 11:12:00,790,790,790,790,0
2021-11-23 11:13:00,790,790,790,790,0
2021-11-23 11:14:00,790,790,790,790,0
2021-11-23 11:15:00,790,790,790,790,0
2021-11-23 11:16:00,790,790,790,790,0
2021-11-23 11:17:00,790,790,790,790,0
2021-11-23 11:18:00,790,790,790,790,0
2021-11-23 11:19:00,790,790,790,790,0
2021-11-23 11:20:00,790,790,790,790,0
2021-11-23 11:21:00,795,795,795,795,100
2021-11-23 11:22:00,795,795,795,795,0
2021-11-23 11:23:00,795,795,795,795,0
2021-11-23 11:24:00,795,795,795,795,0
2021-11-23 11:25:00,795,795,795,795,0
2021-11-23 11:26:00,795,795,795,795,0
2021-11-23 11:27:00,795,795,795,795,0
2021-11-23 11:28:00,795,795,795,795,0
2021-11-23 11:29:00,795,795,795,795,0
2021-11-23 11:30:00,795,795,795,795,0
2021-11-23 11:31:00,795,795,795,795,0
2021-11-23 11:32:00,795,795,795,795,0
2021-11-23 11:33:00,795,795,795,795,0
2021-11-23 11:34:00,795,795,795,795,0
2021-11-23 11:35:00,795,795,795,795,0
2021-11-23 11:36:00,795,795,795,795,0
2021-11-23 11:37:00,795,795,795,795,0
2021-11-23 11:38:00,795,795,795,795,0
2021-11-23 11:39:00,795,795,795,795,0
2021-11-23 11:40:00,795,795,795,795,0
2021-11-23 11:41:00,795,795,795,795,0
2021-11-23 11:42:00,795,795,795,795,0
2021-11-23 11:43:00,795,795,795,795,0
2021-11-23 11:44:00,795,795,795,795,0
2021-11-23 11:45:00,795,795,795,795,0
2021-11-23 11:46:00,795,795,795,795,0
2021-11-23 11:47:00,795,795,795,795,0
2021-11-23 11:48:00,795,795,795,795,0
2021-11-23 11:49:00,795,795,795,795,0
2021-11-23 11:50:00,795,795,795,795,0
2021-11-23 11:51:00,795,795,795,795,0
2021-11-23 11:52:00,795,795,795,795,0
2021-11-23 11:53:00,795,795,795,795,0
2021-11-23 11:54:00,795,795,795,795,0
2021-11-23 11:55:00,795,795,795,795,0
2021-11-23 11:56:00,795,795,795,795,0
2021-11-23 11:57:00,795,795,795,795,0
2021-11-23 11:58:00,795,795,795,795,0
2021-11-23 11:59:00,795,795,795,795,0
2021-11-23 12:00:00,795,795,795,795,0
2021-11-23 12:01:00,795,795,795,795,0
2021-11-23 12:02:00,795,795,795,795,0
2021-11-23 12:03:00,795,795,795,795,0
2021-11-23 12:04:00,795,795,795,795,0
2021-11-23 12:05:00,795,795,795,795,0
2021-11-23 12:06:00,795,795,795,795,0
2021-11-23 12:07:00,795,795,795,795,0
2021-11-23 12:08:00,795,795,795,795,0
2021-11-23 12:09:00,795,795,795,795,0
2021-11-23 12:10:00,795,795,795,795,0
2021-11-23 12:11:00,795,795,795,795,0
2021-11-23 12:12:00,795,795,795,795,0
2021-11-23 12:13:00,795,795,795,795,0
2021-11-23 12:14:00,795,795,795,795,0
2021-11-23 12:15:00,795,795,795,795,0
2021-11-23 12:16:00,795,795,795,795,0
2021-11-23 12:17:00,795,795,795,795,0
2021-11-23 12:18:00,795,795,795,795,0
2021-11-23 12:19:00,795,795,795,795,0
2021-11-23 12:20:00,795,795,795,795,0
2021-11-23 12:21:00,795,795,795,795,0
2021-11-23 12:22:00,795,795,795,795,0
2021-11-23 12:23:00,795,795,795,795,0
2021-11-23 12:24:00,795,795,795,795,0
2021-11-23 12:25:00,795,795,795,795,0
2021-11-23 12:26:00,795,795,795,795,0
2021-11-23 12:27:00,795,795,795,795,0
2021-11-23 12:28:00,795,795,795,795,0
2021-11-23 12:29:00,795,795,795,795,0
2021-11-23 12:30:00,795,795,795,795,0
2021-11-23 12:31:00,795,795,795,795,0
2021-11-23 12:32:00,795,795,795,795,0
2021-11-23 12:33:00,795,795,795,795,0
2021-11-23 12:34:00,795,795,795,795,0
2021-11-23 12:35:00,795,795,795,795,0
2021-11-23 12:36:00,795,795,795,795,0
2021-11-23 12:37:00,795,795,795,795,0
2021-11-23 12:38:00,795,795,795,795,0
2021-11-23 12:39:00,795,795,795,795,0
2021-11-23 12:40:00,795,795,795,795,0
2021-11-23 12:41:00,795,795,795,795,0
2021-11-23 12:42:00,795,795,795,795,0
2021-11-23 12:43:00,795,795,795,795,0
2021-11-23 12:44:00,795,795,795,795,0
2021-11-23 12:45:00,795,795,795,795,0
2021-11-23 12:46:00,795,795,795,795,0
2021-11-23 12:47:00,795,795,795,795,0
2021-11-23 12:48:00,795,795,795,795,0
2021-11-23 12:49:00,795,795,795,795,0
2021-11-23 12:50:00,795,795,795,795,0
2021-11-23 12:51:00,795,795,795,795,0
2021-11-23 12:52:00,795,795,795,795,0
2021-11-23 12:53:00,795,795,795,795,0
2021-11-23 12:54:00,795,795,795,795,0
2021-11-23 12:55:00,795,795,795,795,0
2021-11-23 12:56:00,795,795,795,795,0
2021-11-23 12:57:00,795,795,795,795,0
2021-11-23 12:58:00,795,795,795,795,0
2021-11-23 12:59:00,795,795,795,795,0
2021-11-23 13:00:00,795,795,795,795,0
2021-11-23 13:01:00,795,795,795,795,0
2021-11-23 13:02:00,795,795,795,795,0
2021-11-23 13:03:00,795,795,795,795,0
2021-11-23 13:04:00,795,795,795,795,0
2021-11-23 13:05:00,795,795,795,795,0
2021-11-23 13:06:00,795,795,795,795,0
2021-11-23 13:07:00,795,795,795,795,0
2021-11-23 13:08:00,795,795,795,795,0
2021-11-23 13:09:00,795,795,795,795,0
2021-11-23 13:10:00,795,795,795,795,0
2021-11-23 13:11:00,795,795,795,795,0
2021-11-23 13:12:00,795,795,795,795,0
2021-11-23 13:13:00,795,795,795,795,0
2021-11-23 13:14:00,795,795,795,795,0
2021-11-23 13:15:00,795,795,795,795,0
2021-11-23 13:16:00,795,795,795,795,0
2021-11-23 13:17:00,795,795,795,795,0
2021-11-23 13:18:00,795,795,795,795,0
2021-11-23 13:19:00,795,795,795,795,0
2021-11-23 13:20:00,795,795,795,795,0
2021-11-23 13:21:00,795,795,795,795,0
2021-11-23 13:22:00,795,795,795,795,0
2021-11-23 13:23:00,795,795,795,795,0
2021-11-23 13:24:00,795,795,795,795,0
2021-11-23 13:25:00,795,795,795,795,0
2021-11-23 13:26:00,795,795,795,795,0
2021-11-23 13:27:00,795,795,795,795,0
2021-11-23 13:28:00,795,795,795,795,0
2021-11-23 13:29:00,795,795,795,795,0
2021-11-23 13:30:00,790,790,790,790,315800
2021-11-23 13:31:00,790,790,790,790,15000
2021-11-23 13:32:00,785,785,785,785,2500
2021-11-23 13:33:00,785,785,785,785,0
2021-11-23 13:34:00,790,790,790,790,500
2021-11-23 13:35:00,790,790,790,790,0
2021-11-23 13:36:00,790,790,790,790,0
2021-11-23 13:37:00,790,790,790,790,0
2021-11-23 13:38:00,790,790,790,790,0
2021-11-23 13:39:00,790,790,790,790,0
2021-11-23 13:40:00,790,790,790,790,0
2021-11-23 13:41:00,790,790,790,790,500
2021-11-23 13:42:00,790,790,790,790,0
2021-11-23 13:43:00,790,790,790,790,4100
2021-11-23 13:44:00,790,790,790,790,5000
2021-11-23 13:45:00,790,790,790,790,0
2021-11-23 13:46:00,790,790,790,790,0
2021-11-23 13:47:00,790,790,790,790,0
2021-11-23 13:48:00,790,790,790,790,0
2021-11-23 13:49:00,790,785,790,785,17900
2021-11-23 13:50:00,790,785,790,785,0
2021-11-23 13:51:00,790,785,790,785,0
2021-11-23 13:52:00,790,785,790,785,0
2021-11-23 13:53:00,790,785,790,785,0
2021-11-23 13:54:00,790,785,790,785,0
2021-11-23 13:55:00,790,785,790,785,0
2021-11-23 13:56:00,790,785,790,785,0
2021-11-23 13:57:00,790,785,790,785,0
2021-11-23 13:58:00,790,785,790,785,0
2021-11-23 13:59:00,795,795,795,795,100
2021-11-23 14:00:00,795,795,795,795,0
2021-11-23 14:01:00,795,795,795,795,0
2021-11-23 14:02:00,795,795,795,795,0
2021-11-23 14:03:00,795,795,795,795,0
2021-11-23 14:04:00,795,795,795,795,0
2021-11-23 14:05:00,795,795,795,795,0
2021-11-23 14:06:00,795,795,795,795,0
2021-11-23 14:07:00,795,795,795,795,0
2021-11-23 14:08:00,795,795,795,795,0
2021-11-23 14:09:00,790,790,790,790,5000
2021-11-23 14:10:00,790,790,790,790,0
2021-11-23 14:11:00,790,790,790,790,0
2021-11-23 14:12:00,790,790,790,790,0
2021-11-23 14:13:00,795,795,795,795,100
2021-11-23 14:14:00,795,795,795,795,0
2021-11-23 14:15:00,795,790,795,790,12600
2021-11-23 14:16:00,790,790,790,790,10000
2021-11-23 14:17:00,790,790,790,790,0
2021-11-23 14:18:00,790,790,790,790,6300
2021-11-23 14:19:00,795,795,795,795,200
2021-11-23 14:20:00,795,795,795,795,0
2021-11-23 14:21:00,795,795,795,795,100
2021-11-23 14:22:00,795,795,795,795,0
2021-11-23 14:23:00,795,795,795,795,0
2021-11-23 14:24:00,795,795,795,795,0
2021-11-23 14:25:00,795,795,795,795,0
2021-11-23 14:26:00,795,795,795,795,0
2021-11-23 14:27:00,795,795,795,795,0
2021-11-23 14:28:00,795,795,795,795,0
2021-11-23 14:29:00,795,795,795,795,0
2021-11-23 14:30:00,795,795,795,795,0
2021-11-23 14:31:00,795,795,795,795,0
2021-11-23 14:32:00,795,795,795,795,100
2021-11-23 14:33:00,795,795,795,795,0
2021-11-23 14:34:00,795,795,795,795,0
2021-11-23 14:35:00,795,795,795,795,400
2021-11-23 14:36:00,795,795,795,795,0
2021-11-23 14:37:00,795,795,795,795,0
2021-11-23 14:38:00,790,790,790,790,29700
2021-11-23 14:39:00,790,790,790,790,5000
2021-11-23 14:40:00,790,790,790,790,10000
2021-11-23 14:41:00,790,790,790,790,0
2021-11-23 14:42:00,790,790,790,790,0
2021-11-23 14:43:00,790,790,790,790,5200
2021-11-23 14:44:00,790,790,790,790,4300
2021-11-23 14:45:00,790,785,790,785,264900
2021-11-23 14:46:00,785,780,785,780,297700
2021-11-23 14:47:00,780,780,785,780,67100
2021-11-23 14:48:00,780,780,785,785,30700
2021-11-23 14:49:00,780,780,785,785,0
2021-11-23 14:50:00,780,780,785,785,0
2021-11-23 14:51:00,780,780,785,785,0
2021-11-23 14:52:00,780,780,785,785,0
2021-11-23 14:53:00,780,780,785,785,0
2021-11-23 14:54:00,780,780,785,785,0
2021-11-23 14:55:00,780,780,785,785,0
2021-11-23 14:56:00,780,780,785,785,0
2021-11-23 14:57:00,780,780,785,785,0
2021-11-23 14:58:00,780,780,785,785,0
2021-11-23 14:59:00,780,780,785,785,0
2021-11-23 15:00:00,780,780,780,780,62600
2021-11-23 15:01:00,780,780,780,780,0
2021-11-23 15:02:00,780,780,780,780,0
2021-11-23 15:03:00,780,780,780,780,0
2021-11-23 15:04:00,780,780,780,780,0
2021-11-23 15:05:00,780,780,780,780,24800
2021-11-23 15:06:00,780,780,780,780,9400
2021-11-23 15:07:00,780,780,780,780,8400
2021-11-23 15:08:00,780,780,780,780,10000
2021-11-23 15:09:00,780,780,780,780,0
2021-11-23 15:10:00,780,780,780,780,0
2021-11-23 15:11:00,780,780,780,780,0
2021-11-23 15:12:00,780,780,780,780,53000
2021-11-23 15:13:00,780,780,780,780,0
2021-11-23 15:14:00,780,780,780,780,0
2021-11-23 15:15:00,780,780,780,780,0
2021-11-23 15:16:00,780,780,780,780,0
2021-11-23 15:17:00,780,780,780,780,0
2021-11-23 15:18:00,780,780,780,780,0
2021-11-23 15:19:00,780,780,780,780,0
2021-11-23 15:20:00,780,780,780,780,0
2021-11-23 15:21:00,780,780,780,780,0
2021-11-23 15:22:00,780,780,780,780,0
2021-11-23 15:23:00,780,780,780,780,0
2021-11-23 15:24:00,780,780,780,780,0
2021-11-23 15:25:00,780,780,780,780,0
2021-11-23 15:26:00,780,780,780,780,0
2021-11-23 15:27:00,780,780,780,780,0
2021-11-23 15:28:00,780,780,780,780,0
2021-11-23 15:29:00,780,780,780,780,0
2021-11-23 15:30:00,780,780,780,780,0
2021-11-23 15:31:00,780,780,780,780,0
2021-11-23 15:32:00,780,780,780,780,0
2021-11-23 15:33:00,780,780,780,780,0
2021-11-23 15:34:00,780,780,780,780,0
2021-11-23 15:35:00,780,780,780,780,0
2021-11-23 15:36:00,780,780,780,780,0
2021-11-23 15:37:00,780,780,780,780,0
2021-11-23 15:38:00,780,780,780,780,0
2021-11-23 15:39:00,780,780,780,780,0
2021-11-23 15:40:00,780,780,780,780,0
2021-11-23 15:41:00,780,780,780,780,0
2021-11-23 15:42:00,780,780,780,780,0
2021-11-23 15:43:00,780,780,780,780,0
2021-11-23 15:44:00,780,780,780,780,0
2021-11-23 15:45:00,780,780,780,780,0
2021-11-23 15:46:00,780,780,780,780,0
2021-11-23 15:47:00,780,780,780,780,0
2021-11-23 15:48:00,780,780,780,780,0
2021-11-23 15:49:00,780,780,780,780,0
2021-11-23 15:50:00,780,780,780,780,0
2021-11-23 15:51:00,780,780,780,780,0
2021-11-23 15:52:00,780,780,780,780,0
2021-11-23 15:53:00,780,780,780,780,0
2021-11-23 15:54:00,780,780,780,780,0
2021-11-23 15:55:00,780,780,780,780,0
2021-11-23 15:56:00,780,780,780,780,0
2021-11-23 15:57:00,780,780,780,780,0
2021-11-23 15:58:00,780,780,780,780,0
2021-11-23 15:59:00,780,780,780,780,0
2021-11-24 09:00:00,785,780,785,780,0
2021-11-24 09:01:00,785,780,785,780,0
2021-11-24 09:02:00,785,780,785,780,0
2021-11-24 09:03:00,785,785,785,785,100
2021-11-24 09:04:00,785,785,785,785,0
2021-11-24 09:05:00,785,785,790,790,342000
2021-11-24 09:06:00,795,795,795,795,264000
2021-11-24 09:07:00,795,795,795,795,49100
2021-11-24 09:08:00,795,795,795,795,500
2021-11-24 09:09:00,800,795,805,805,538200
2021-11-24 09:10:00,805,805,805,805,5100
2021-11-24 09:11:00,800,800,800,800,115000
2021-11-24 09:12:00,800,800,800,800,37100
2021-11-24 09:13:00,800,800,800,800,0
2021-11-24 09:14:00,800,800,800,800,1000
2021-11-24 09:15:00,795,795,795,795,15000
2021-11-24 09:16:00,795,795,795,795,0
2021-11-24 09:17:00,795,795,795,795,100
2021-11-24 09:18:00,795,795,795,795,0
2021-11-24 09:19:00,795,795,795,795,21400
2021-11-24 09:20:00,795,795,795,795,0
2021-11-24 09:21:00,795,795,795,795,0
2021-11-24 09:22:00,795,795,795,795,30000
2021-11-24 09:23:00,795,795,795,795,45200
2021-11-24 09:24:00,795,795,795,795,100
2021-11-24 09:25:00,795,795,795,795,100
2021-11-24 09:26:00,795,795,795,795,0
2021-11-24 09:27:00,795,795,795,795,0
2021-11-24 09:28:00,795,795,795,795,0
2021-11-24 09:29:00,795,795,795,795,2000
2021-11-24 09:30:00,795,795,795,795,0
2021-11-24 09:31:00,795,795,795,795,0
2021-11-24 09:32:00,795,795,795,795,0
2021-11-24 09:33:00,790,790,790,790,500
2021-11-24 09:34:00,790,790,790,790,5200
2021-11-24 09:35:00,790,790,790,790,0
2021-11-24 09:36:00,790,790,790,790,0
2021-11-24 09:37:00,790,790,790,790,0
2021-11-24 09:38:00,790,790,790,790,0
2021-11-24 09:39:00,790,790,790,790,0
2021-11-24 09:40:00,795,795,795,795,100
2021-11-24 09:41:00,795,795,795,795,500
2021-11-24 09:42:00,795,795,795,795,0
2021-11-24 09:43:00,795,795,795,795,0
2021-11-24 09:44:00,795,795,795,795,0
2021-11-24 09:45:00,795,795,795,795,0
2021-11-24 09:46:00,795,795,795,795,0
2021-11-24 09:47:00,795,795,795,795,0
2021-11-24 09:48:00,795,795,795,795,0
2021-11-24 09:49:00,795,795,795,795,0
2021-11-24 09:50:00,795,795,795,795,2500
2021-11-24 09:51:00,795,795,795,795,20000
2021-11-24 09:52:00,795,795,795,795,22200
2021-11-24 09:53:00,800,800,805,800,543700
2021-11-24 09:54:00,800,800,805,805,384600
2021-11-24 09:55:00,805,805,805,805,146000
2021-11-24 09:56:00,805,805,810,810,408100
2021-11-24 09:57:00,810,810,810,810,181400
2021-11-24 09:58:00,815,810,815,815,404600
2021-11-24 09:59:00,810,810,810,810,424600
2021-11-24 10:00:00,805,805,810,810,8000
2021-11-24 10:01:00,805,805,805,805,112600
2021-11-24 10:02:00,805,805,805,805,6300
2021-11-24 10:03:00,805,805,805,805,0
2021-11-24 10:04:00,805,805,805,805,0
2021-11-24 10:05:00,800,795,800,795,167900
2021-11-24 10:06:00,800,795,800,795,0
2021-11-24 10:07:00,800,795,800,795,0
2021-11-24 10:08:00,795,795,795,795,300
2021-11-24 10:09:00,795,795,795,795,0
2021-11-24 10:10:00,795,795,795,795,0
2021-11-24 10:11:00,800,800,800,800,44200
2021-11-24 10:12:00,800,800,800,800,5000
2021-11-24 10:13:00,800,800,800,800,0
2021-11-24 10:14:00,800,800,800,800,7100
2021-11-24 10:15:00,800,800,800,800,23000
2021-11-24 10:16:00,800,800,800,800,0
2021-11-24 10:17:00,800,800,800,800,0
2021-11-24 10:18:00,800,800,800,800,0
2021-11-24 10:19:00,800,800,800,800,0
2021-11-24 10:20:00,800,800,800,800,100
2021-11-24 10:21:00,800,800,800,800,0
2021-11-24 10:22:00,800,800,800,800,0
2021-11-24 10:23:00,800,800,800,800,0
2021-11-24 10:24:00,800,800,800,800,0
2021-11-24 10:25:00,795,795,795,795,18500
2021-11-24 10:26:00,795,795,795,795,0
2021-11-24 10:27:00,795,795,795,795,60000
2021-11-24 10:28:00,795,795,795,795,0
2021-11-24 10:29:00,795,795,795,795,12200
2021-11-24 10:30:00,800,800,800,800,100
2021-11-24 10:31:00,800,800,800,800,0
2021-11-24 10:32:00,800,800,800,800,100
2021-11-24 10:33:00,800,800,800,800,0
2021-11-24 10:34:00,800,800,800,800,0
2021-11-24 10:35:00,800,800,800,800,0
2021-11-24 10:36:00,800,800,800,800,0
2021-11-24 10:37:00,800,800,800,800,0
2021-11-24 10:38:00,800,800,800,800,5000
2021-11-24 10:39:00,800,800,800,800,0
2021-11-24 10:40:00,800,800,800,800,1600
2021-11-24 10:41:00,800,800,800,800,0
2021-11-24 10:42:00,800,800,800,800,0
2021-11-24 10:43:00,800,800,800,800,0
2021-11-24 10:44:00,800,800,800,800,0
2021-11-24 10:45:00,800,800,800,800,0
2021-11-24 10:46:00,800,800,800,800,0
2021-11-24 10:47:00,800,800,800,800,0
2021-11-24 10:48:00,800,800,800,800,0
2021-11-24 10:49:00,800,800,800,800,18800
2021-11-24 10:50:00,800,800,800,800,2900
2021-11-24 10:51:00,800,800,800,800,0
2021-11-24 10:52:00,800,800,800,800,100
2021-11-24 10:53:00,800,800,800,800,0
2021-11-24 10:54:00,800,800,800,800,300
2021-11-24 10:55:00,800,800,800,800,0
2021-11-24 10:56:00,800,800,800,800,0
2021-11-24 10:57:00,800,800,800,800,0
2021-11-24 10:58:00,800,800,800,800,1400
2021-11-24 10:59:00,800,800,800,800,0
2021-11-24 11:00:00,800,800,800,800,0
2021-11-24 11:01:00,800,800,800,800,0
2021-11-24 11:02:00,800,800,800,800,0
2021-11-24 11:03:00,800,800,800,800,0
2021-11-24 11:04:00,800,800,800,800,0
2021-11-24 11:05:00,800,800,800,800,0
2021-11-24 11:06:00,800,800,800,800,0
2021-11-24 11:07:00,800,800,800,800,0
2021-11-24 11:08:00,800,800,800,800,0
2021-11-24 11:09:00,800,800,800,800,0
2021-11-24 11:10:00,800,800,800,800,0
2021-11-24 11:11:00,800,800,800,800,0
2021-11-24 11:12:00,800,800,800,800,0
2021-11-24 11:13:00,800,800,800,800,0
2021-11-24 11:14:00,800,800,800,800,0
2021-11-24 11:15:00,800,800,800,800,0
2021-11-24 11:16:00,800,800,800,800,0
2021-11-24 11:17:00,800,800,800,800,0
2021-11-24 11:18:00,800,800,800,800,0
2021-11-24 11:19:00,800,800,800,800,0
2021-11-24 11:20:00,800,800,800,800,0
2021-11-24 11:21:00,800,800,800,800,0
2021-11-24 11:22:00,800,800,800,800,0
2021-11-24 11:23:00,800,800,800,800,0
2021-11-24 11:24:00,800,800,800,800,0
2021-11-24 11:25:00,795,795,795,795,400
2021-11-24 11:26:00,795,795,795,795,0
2021-11-24 11:27:00,795,795,795,795,0
2021-11-24 11:28:00,795,795,795,795,0
2021-11-24 11:29:00,795,795,795,795,0
2021-11-24 11:30:00,795,795,795,795,0
2021-11-24 11:31:00,795,795,795,795,0
2021-11-24 11:32:00,795,795,795,795,0
2021-11-24 11:33:00,795,795,795,795,0
2021-11-24 11:34:00,795,795,795,795,0
2021-11-24 11:35:00,795,795,795,795,0
2021-11-24 11:36:00,795,795,795,795,0
2021-11-24 11:37:00,795,795,795,795,0
2021-11-24 11:38:00,795,795,795,795,0
2021-11-24 11:39:00,795,795,795,795,0
2021-11-24 11:40:00,795,795,795,795,0
2021-11-24 11:41:00,795,795,795,795,0
2021-11-24 11:42:00,795,795,795,795,0
2021-11-24 11:43:00,795,795,795,795,0
2021-11-24 11:44:00,795,795,795,795,0
2021-11-24 11:45:00,795,795,795,795,0
2021-11-24 11:46:00,795,795,795,795,0
2021-11-24 11:47:00,795,795,795,795,0
2021-11-24 11:48:00,795,795,795,795,0
2021-11-24 11:49:00,795,795,795,795,0
2021-11-24 11:50:00,795,795,795,795,0
2021-11-24 11:51:00,795,795,795,795,0
2021-11-24 11:52:00,795,795,795,795,0
2021-11-24 11:53:00,795,795,795,795,0
2021-11-24 11:54:00,795,795,795,795,0
2021-11-24 11:55:00,795,795,795,795,0
2021-11-24 11:56:00,795,795,795,795,0
2021-11-24 11:57:00,795,795,795,795,0
2021-11-24 11:58:00,795,795,795,795,0
2021-11-24 11:59:00,795,795,795,795,0
2021-11-24 12:00:00,795,795,795,795,0
2021-11-24 12:01:00,795,795,795,795,0
2021-11-24 12:02:00,795,795,795,795,0
2021-11-24 12:03:00,795,795,795,795,0
2021-11-24 12:04:00,795,795,795,795,0
2021-11-24 12:05:00,795,795,795,795,0
2021-11-24 12:06:00,795,795,795,795,0
2021-11-24 12:07:00,795,795,795,795,0
2021-11-24 12:08:00,795,795,795,795,0
2021-11-24 12:09:00,795,795,795,795,0
2021-11-24 12:10:00,795,795,795,795,0
2021-11-24 12:11:00,795,795,795,795,0
2021-11-24 12:12:00,795,795,795,795,0
2021-11-24 12:13:00,795,795,795,795,0
2021-11-24 12:14:00,795,795,795,795,0
2021-11-24 12:15:00,795,795,795,795,0
2021-11-24 12:16:00,795,795,795,795,0
2021-11-24 12:17:00,795,795,795,795,0
2021-11-24 12:18:00,795,795,795,795,0
2021-11-24 12:19:00,795,795,795,795,0
2021-11-24 12:20:00,795,795,795,795,0
2021-11-24 12:21:00,795,795,795,795,0
2021-11-24 12:22:00,795,795,795,795,0
2021-11-24 12:23:00,795,795,795,795,0
2021-11-24 12:24:00,795,795,795,795,0
2021-11-24 12:25:00,795,795,795,795,0
2021-11-24 12:26:00,795,795,795,795,0
2021-11-24 12:27:00,795,795,795,795,0
2021-11-24 12:28:00,795,795,795,795,0
2021-11-24 12:29:00,795,795,795,795,0
2021-11-24 12:30:00,795,795,795,795,0
2021-11-24 12:31:00,795,795,795,795,0
2021-11-24 12:32:00,795,795,795,795,0
2021-11-24 12:33:00,795,795,795,795,0
2021-11-24 12:34:00,795,795,795,795,0
2021-11-24 12:35:00,795,795,795,795,0
2021-11-24 12:36:00,795,795,795,795,0
2021-11-24 12:37:00,795,795,795,795,0
2021-11-24 12:38:00,795,795,795,795,0
2021-11-24 12:39:00,795,795,795,795,0
2021-11-24 12:40:00,795,795,795,795,0
2021-11-24 12:41:00,795,795,795,795,0
2021-11-24 12:42:00,795,795,795,795,0
2021-11-24 12:43:00,795,795,795,795,0
2021-11-24 12:44:00,795,795,795,795,0
2021-11-24 12:45:00,795,795,795,795,0
2021-11-24 12:46:00,795,795,795,795,0
2021-11-24 12:47:00,795,795,795,795,0
2021-11-24 12:48:00,795,795,795,795,0
2021-11-24 12:49:00,795,795,795,795,0
2021-11-24 12:50:00,795,795,795,795,0
2021-11-24 12:51:00,795,795,795,795,0
2021-11-24 12:52:00,795,795,795,795,0
2021-11-24 12:53:00,795,795,795,795,0
2021-11-24 12:54:00,795,795,795,795,0
2021-11-24 12:55:00,795,795,795,795,0
2021-11-24 12:56:00,795,795,795,795,0
2021-11-24 12:57:00,795,795,795,795,0
2021-11-24 12:58:00,795,795,795,795,0
2021-11-24 12:59:00,795,795,795,795,0
2021-11-24 13:00:00,795,795,795,795,0
2021-11-24 13:01:00,795,795,795,795,0
2021-11-24 13:02:00,795,795,795,795,0
2021-11-24 13:03:00,795,795,795,795,0
2021-11-24 13:04:00,795,795,795,795,0
2021-11-24 13:05:00,795,795,795,795,0
2021-11-24 13:06:00,795,795,795,795,0
2021-11-24 13:07:00,795,795,795,795,0
2021-11-24 13:08:00,795,795,795,795,0
2021-11-24 13:09:00,795,795,795,795,0
2021-11-24 13:10:00,795,795,795,795,0
2021-11-24 13:11:00,795,795,795,795,0
2021-11-24 13:12:00,795,795,795,795,0
2021-11-24 13:13:00,795,795,795,795,0
2021-11-24 13:14:00,795,795,795,795,0
2021-11-24 13:15:00,795,795,795,795,0
2021-11-24 13:16:00,795,795,795,795,0
2021-11-24 13:17:00,795,795,795,795,0
2021-11-24 13:18:00,795,795,795,795,0
2021-11-24 13:19:00,795,795,795,795,0
2021-11-24 13:20:00,795,795,795,795,0
2021-11-24 13:21:00,795,795,795,795,0
2021-11-24 13:22:00,795,795,795,795,0
2021-11-24 13:23:00,795,795,795,795,0
2021-11-24 13:24:00,795,795,795,795,0
2021-11-24 13:25:00,795,795,795,795,0
2021-11-24 13:26:00,795,795,795,795,0
2021-11-24 13:27:00,795,795,795,795,0
2021-11-24 13:28:00,795,795,795,795,0
2021-11-24 13:29:00,795,795,795,795,0
2021-11-24 13:30:00,800,800,800,800,11500
2021-11-24 13:31:00,805,805,805,805,37400
2021-11-24 13:32:00,805,805,805,805,200
2021-11-24 13:33:00,805,800,805,805,12800
2021-11-24 13:34:00,805,805,805,805,2500
2021-11-24 13:35:00,810,800,810,800,25000
2021-11-24 13:36:00,800,795,800,795,23600
2021-11-24 13:37:00,800,795,800,795,0
2021-11-24 13:38:00,800,800,800,800,6200
2021-11-24 13:39:00,800,800,800,800,12500
2021-11-24 13:40:00,800,800,800,800,0
2021-11-24 13:41:00,800,800,805,805,21600
2021-11-24 13:42:00,800,800,805,805,0
2021-11-24 13:43:00,805,805,805,805,7400
2021-11-24 13:44:00,805,805,805,805,0
2021-11-24 13:45:00,800,795,800,795,24500
2021-11-24 13:46:00,800,795,800,795,0
2021-11-24 13:47:00,800,795,800,795,0
2021-11-24 13:48:00,795,795,800,800,5200
2021-11-24 13:49:00,795,795,800,800,0
2021-11-24 13:50:00,795,795,800,800,0
2021-11-24 13:51:00,800,800,800,800,13000
2021-11-24 13:52:00,800,800,800,800,0
2021-11-24 13:53:00,800,800,800,800,9000
2021-11-24 13:54:00,800,800,800,800,0
2021-11-24 13:55:00,800,800,800,800,47600
2021-11-24 13:56:00,800,800,800,800,0
2021-11-24 13:57:00,800,800,800,800,0
2021-11-24 13:58:00,795,795,795,795,500
2021-11-24 13:59:00,800,800,800,800,1200
2021-11-24 14:00:00,800,800,800,800,0
2021-11-24 14:01:00,800,800,800,800,200
2021-11-24 14:02:00,800,800,800,800,0
2021-11-24 14:03:00,800,800,800,800,100
2021-11-24 14:04:00,800,800,800,800,0
2021-11-24 14:05:00,800,800,800,800,5300
2021-11-24 14:06:00,800,800,800,800,0
2021-11-24 14:07:00,800,800,800,800,0
2021-11-24 14:08:00,795,795,795,795,127200
2021-11-24 14:09:00,795,795,795,795,12500
2021-11-24 14:10:00,795,795,795,795,0
2021-11-24 14:11:00,795,795,795,795,100
2021-11-24 14:12:00,795,790,795,790,700
2021-11-24 14:13:00,795,790,795,790,0
2021-11-24 14:14:00,795,790,795,790,0
2021-11-24 14:15:00,795,790,795,790,0
2021-11-24 14:16:00,790,790,790,790,35400
2021-11-24 14:17:00,790,790,790,790,25000
2021-11-24 14:18:00,790,790,790,790,0
2021-11-24 14:19:00,795,795,795,795,1200
2021-11-24 14:20:00,795,795,795,795,300
2021-11-24 14:21:00,795,795,795,795,0
2021-11-24 14:22:00,795,795,795,795,0
2021-11-24 14:23:00,795,795,795,795,0
2021-11-24 14:24:00,795,795,795,795,0
2021-11-24 14:25:00,790,790,790,790,2100
2021-11-24 14:26:00,790,790,790,790,0
2021-11-24 14:27:00,790,790,790,790,200
2021-11-24 14:28:00,790,790,790,790,0
2021-11-24 14:29:00,790,790,790,790,0
2021-11-24 14:30:00,790,790,790,790,0
2021-11-24 14:31:00,790,790,790,790,0
2021-11-24 14:32:00,790,790,790,790,0
2021-11-24 14:33:00,790,790,790,790,0
2021-11-24 14:34:00,790,790,790,790,5000
2021-11-24 14:35:00,790,790,790,790,0
2021-11-24 14:36:00,790,790,790,790,10000
2021-11-24 14:37:00,790,790,790,790,0
2021-11-24 14:38:00,790,790,790,790,0
2021-11-24 14:39:00,790,790,790,790,0
2021-11-24 14:40:00,790,790,790,790,69200
2021-11-24 14:41:00,790,790,790,790,58900
2021-11-24 14:42:00,790,790,790,790,0
2021-11-24 14:43:00,790,790,790,790,14000
2021-11-24 14:44:00,790,790,790,790,1500
2021-11-24 14:45:00,790,790,790,790,0
2021-11-24 14:46:00,790,790,805,805,66800
2021-11-24 14:47:00,805,795,805,795,472700
2021-11-24 14:48:00,795,795,795,795,1800
2021-11-24 14:49:00,795,795,795,795,0
2021-11-24 14:50:00,795,795,795,795,0
2021-11-24 14:51:00,795,795,795,795,0
2021-11-24 14:52:00,795,795,795,795,0
2021-11-24 14:53:00,795,795,795,795,0
2021-11-24 14:54:00,795,795,795,795,0
2021-11-24 14:55:00,795,795,795,795,0
2021-11-24 14:56:00,795,795,795,795,0
2021-11-24 14:57:00,795,795,795,795,0
2021-11-24 14:58:00,795,795,795,795,0
2021-11-24 14:59:00,795,795,795,795,0
2021-11-24 15:00:00,795,795,795,795,113400
2021-11-24 15:01:00,795,795,795,795,0
2021-11-24 15:02:00,795,795,795,795,0
2021-11-24 15:03:00,795,795,795,795,0
2021-11-24 15:04:00,795,795,795,795,0
2021-11-24 15:05:00,795,795,795,795,61300
2021-11-24 15:06:00,795,795,795,795,0
2021-11-24 15:07:00,795,795,795,795,0
2021-11-24 15:08:00,795,795,795,795,200
2021-11-24 15:09:00,795,795,795,795,0
2021-11-24 15:10:00,795,795,795,795,0
2021-11-24 15:11:00,795,795,795,795,0
2021-11-24 15:12:00,795,795,795,795,0
2021-11-24 15:13:00,795,795,795,795,0
2021-11-24 15:14:00,795,795,795,795,0
2021-11-24 15:15:00,795,795,795,795,0
2021-11-24 15:16:00,795,795,795,795,0
2021-11-24 15:17:00,795,795,795,795,0
2021-11-24 15:18:00,795,795,795,795,0
2021-11-24 15:19:00,795,795,795,795,0
2021-11-24 15:20:00,795,795,795,795,0
2021-11-24 15:21:00,795,795,795,795,0
2021-11-24 15:22:00,795,795,795,795,0
2021-11-24 15:23:00,795,795,795,795,0
2021-11-24 15:24:00,795,795,795,795,0
2021-11-24 15:25:00,795,795,795,795,0
2021-11-24 15:26:00,795,795,795,795,0
2021-11-24 15:27:00,795,795,795,795,0
2021-11-24 15:28:00,795,795,795,795,0
2021-11-24 15:29:00,795,795,795,795,0
2021-11-24 15:30:00,795,795,795,795,0
2021-11-24 15:31:00,795,795,795,795,0
2021-11-24 15:32:00,795,795,795,795,0
2021-11-24 15:33:00,795,795,795,795,0
2021-11-24 15:34:00,795,795,795,795,0
2021-11-24 15:35:00,795,795,795,795,0
2021-11-24 15:36:00,795,795,795,795,0
2021-11-24 15:37:00,795,795,795,795,0
2021-11-24 15:38:00,795,795,795,795,0
2021-11-24 15:39:00,795,795,795,795,0
2021-11-24 15:40:00,795,795,795,795,0
2021-11-24 15:41:00,795,795,795,795,0
2021-11-24 15:42:00,795,795,795,795,0
2021-11-24 15:43:00,795,795,795,795,0
2021-11-24 15:44:00,795,795,795,795,0
2021-11-24 15:45:00,795,795,795,795,0
2021-11-24 15:46:00,795,795,795,795,0
2021-11-24 15:47:00,795,795,795,795,0
2021-11-24 15:48:00,795,795,795,795,0
2021-11-24 15:49:00,795,795,795,795,0
2021-11-24 15:50:00,795,795,795,795,0
2021-11-24 15:51:00,795,795,795,795,0
2021-11-24 15:52:00,795,795,795,795,0
2021-11-24 15:53:00,795,795,795,795,0
2021-11-24 15:54:00,795,795,795,795,0
2021-11-24 15:55:00,795,795,795,795,0
2021-11-24 15:56:00,795,795,795,795,0
2021-11-24 15:57:00,795,795,795,795,0
2021-11-24 15:58:00,795,795,795,795,0
2021-11-24 15:59:00,795,795,795,795,0
2021-11-25 09:00:00,795,795,795,795,0
2021-11-25 09:01:00,790,790,790,790,2000
2021-11-25 09:02:00,790,790,790,790,0
2021-11-25 09:03:00,795,795,795,795,13700
2021-11-25 09:04:00,795,795,795,795,10500
2021-11-25 09:05:00,795,795,795,795,0
2021-11-25 09:06:00,795,795,795,795,0
2021-11-25 09:07:00,795,795,795,795,0
2021-11-25 09:08:00,795,795,795,795,0
2021-11-25 09:09:00,790,790,790,790,10000
2021-11-25 09:10:00,790,790,790,790,100
2021-11-25 09:11:00,790,790,790,790,98800
2021-11-25 09:12:00,790,790,790,790,1000
2021-11-25 09:13:00,790,790,790,790,0
2021-11-25 09:14:00,790,790,790,790,10000
2021-11-25 09:15:00,790,790,790,790,0
2021-11-25 09:16:00,790,790,790,790,500
2021-11-25 09:17:00,790,790,790,790,3000
2021-11-25 09:18:00,790,790,790,790,0
2021-11-25 09:19:00,790,790,790,790,0
2021-11-25 09:20:00,790,790,790,790,300
2021-11-25 09:21:00,790,790,790,790,0
2021-11-25 09:22:00,790,790,790,790,0
2021-11-25 09:23:00,790,790,790,790,8100
2021-11-25 09:24:00,790,790,790,790,1000
2021-11-25 09:25:00,790,790,790,790,0
2021-11-25 09:26:00,790,790,790,790,0
2021-11-25 09:27:00,790,790,790,790,0
2021-11-25 09:28:00,795,795,795,795,8000
2021-11-25 09:29:00,795,795,795,795,100
2021-11-25 09:30:00,795,795,795,795,4800
2021-11-25 09:31:00,795,795,795,795,0
2021-11-25 09:32:00,795,795,795,795,0
2021-11-25 09:33:00,795,795,795,795,0
2021-11-25 09:34:00,790,790,800,800,331800
2021-11-25 09:35:00,800,800,800,800,317900
2021-11-25 09:36:00,800,800,805,805,187200
2021-11-25 09:37:00,805,805,805,805,154700
2021-11-25 09:38:00,805,805,805,805,200
2021-11-25 09:39:00,805,805,805,805,0
2021-11-25 09:40:00,805,805,805,805,0
2021-11-25 09:41:00,805,805,805,805,0
2021-11-25 09:42:00,805,805,805,805,0
2021-11-25 09:43:00,805,805,805,805,0
2021-11-25 09:44:00,805,805,805,805,500
2021-11-25 09:45:00,805,805,805,805,0
2021-11-25 09:46:00,805,805,805,805,0
2021-11-25 09:47:00,805,805,805,805,0
2021-11-25 09:48:00,805,805,805,805,0
2021-11-25 09:49:00,805,805,805,805,0
2021-11-25 09:50:00,805,805,805,805,0
2021-11-25 09:51:00,805,805,805,805,0
2021-11-25 09:52:00,805,805,805,805,0
2021-11-25 09:53:00,805,800,805,800,34700
2021-11-25 09:54:00,805,800,805,800,0
2021-11-25 09:55:00,805,800,805,800,0
2021-11-25 09:56:00,805,800,805,800,0
2021-11-25 09:57:00,805,800,805,800,0
2021-11-25 09:58:00,805,800,805,800,0
2021-11-25 09:59:00,805,800,805,800,0
2021-11-25 10:00:00,805,800,805,800,0
2021-11-25 10:01:00,800,800,800,800,15900
2021-11-25 10:02:00,800,800,800,800,0
2021-11-25 10:03:00,805,805,810,810,436800
2021-11-25 10:04:00,810,810,810,810,278300
2021-11-25 10:05:00,815,815,815,815,569600
2021-11-25 10:06:00,815,815,820,820,481700
2021-11-25 10:07:00,820,820,825,820,200300
2021-11-25 10:08:00,825,820,825,820,58700
2021-11-25 10:09:00,820,820,820,820,4700
2021-11-25 10:10:00,815,815,815,815,72200
2021-11-25 10:11:00,815,810,815,810,112700
2021-11-25 10:12:00,810,810,810,810,500
2021-11-25 10:13:00,810,810,810,810,0
2021-11-25 10:14:00,810,810,810,810,500
2021-11-25 10:15:00,810,810,810,810,6200
2021-11-25 10:16:00,810,810,810,810,11700
2021-11-25 10:17:00,810,810,810,810,0
2021-11-25 10:18:00,810,810,810,810,0
2021-11-25 10:19:00,810,810,810,810,0
2021-11-25 10:20:00,810,810,810,810,0
2021-11-25 10:21:00,810,810,810,810,0
2021-11-25 10:22:00,810,810,810,810,0
2021-11-25 10:23:00,810,810,810,810,0
2021-11-25 10:24:00,810,810,810,810,0
2021-11-25 10:25:00,810,810,810,810,500
2021-11-25 10:26:00,810,810,810,810,0
2021-11-25 10:27:00,805,805,805,805,5100
2021-11-25 10:28:00,810,810,810,810,200
2021-11-25 10:29:00,810,810,810,810,0
2021-11-25 10:30:00,810,810,810,810,0
2021-11-25 10:31:00,810,810,810,810,0
2021-11-25 10:32:00,810,810,810,810,0
2021-11-25 10:33:00,810,810,810,810,0
2021-11-25 10:34:00,810,810,810,810,0
2021-11-25 10:35:00,810,810,810,810,0
2021-11-25 10:36:00,810,810,810,810,0
2021-11-25 10:37:00,810,810,810,810,700
2021-11-25 10:38:00,805,805,805,805,200
2021-11-25 10:39:00,805,805,805,805,10100
2021-11-25 10:40:00,805,805,805,805,0
2021-11-25 10:41:00,810,810,810,810,7500
2021-11-25 10:42:00,810,810,810,810,100
2021-11-25 10:43:00,810,810,810,810,300
2021-11-25 10:44:00,810,810,810,810,100
2021-11-25 10:45:00,810,810,810,810,50100
2021-11-25 10:46:00,810,810,810,810,0
2021-11-25 10:47:00,810,810,810,810,0
2021-11-25 10:48:00,810,810,810,810,400
2021-11-25 10:49:00,810,810,810,810,0
2021-11-25 10:50:00,810,810,810,810,0
2021-11-25 10:51:00,810,810,810,810,0
2021-11-25 10:52:00,805,805,805,805,1000
2021-11-25 10:53:00,805,805,805,805,0
2021-11-25 10:54:00,805,805,805,805,14000
2021-11-25 10:55:00,805,805,805,805,0
2021-11-25 10:56:00,805,805,805,805,0
2021-11-25 10:57:00,805,805,805,805,0
2021-11-25 10:58:00,805,805,805,805,0
2021-11-25 10:59:00,805,805,805,805,1800
2021-11-25 11:00:00,805,805,805,805,0
2021-11-25 11:01:00,805,805,805,805,0
2021-11-25 11:02:00,805,805,805,805,0
2021-11-25 11:03:00,805,805,805,805,0
2021-11-25 11:04:00,805,805,805,805,0
2021-11-25 11:05:00,805,805,805,805,1000
2021-11-25 11:06:00,805,805,805,805,0
2021-11-25 11:07:00,810,810,810,810,500
2021-11-25 11:08:00,810,810,810,810,0
2021-11-25 11:09:00,810,810,810,810,0
2021-11-25 11:10:00,810,810,810,810,0
2021-11-25 11:11:00,810,810,810,810,0
2021-11-25 11:12:00,810,810,810,810,0
2021-11-25 11:13:00,810,810,810,810,0
2021-11-25 11:14:00,810,810,810,810,100
2021-11-25 11:15:00,810,810,810,810,0
2021-11-25 11:16:00,810,810,810,810,0
2021-11-25 11:17:00,810,810,810,810,0
2021-11-25 11:18:00,810,810,810,810,0
2021-11-25 11:19:00,810,810,810,810,0
2021-11-25 11:20:00,805,805,805,805,6000
2021-11-25 11:21:00,805,805,805,805,0
2021-11-25 11:22:00,805,805,805,805,3800
2021-11-25 11:23:00,805,805,805,805,0
2021-11-25 11:24:00,805,805,805,805,0
2021-11-25 11:25:00,805,805,805,805,0
2021-11-25 11:26:00,805,805,805,805,0
2021-11-25 11:27:00,805,805,805,805,0
2021-11-25 11:28:00,805,805,805,805,0
2021-11-25 11:29:00,810,810,810,810,1500
2021-11-25 11:30:00,810,810,810,810,0
2021-11-25 11:31:00,810,810,810,810,0
2021-11-25 11:32:00,810,810,810,810,0
2021-11-25 11:33:00,810,810,810,810,0
2021-11-25 11:34:00,810,810,810,810,0
2021-11-25 11:35:00,810,810,810,810,0
2021-11-25 11:36:00,810,810,810,810,0
2021-11-25 11:37:00,810,810,810,810,0
2021-11-25 11:38:00,810,810,810,810,0
2021-11-25 11:39:00,810,810,810,810,0
2021-11-25 11:40:00,810,810,810,810,0
2021-11-25 11:41:00,810,810,810,810,0
2021-11-25 11:42:00,810,810,810,810,0
2021-11-25 11:43:00,810,810,810,810,0
2021-11-25 11:44:00,810,810,810,810,0
2021-11-25 11:45:00,810,810,810,810,0
2021-11-25 11:46:00,810,810,810,810,0
2021-11-25 11:47:00,810,810,810,810,0
2021-11-25 11:48:00,810,810,810,810,0
2021-11-25 11:49:00,810,810,810,810,0
2021-11-25 11:50:00,810,810,810,810,0
2021-11-25 11:51:00,810,810,810,810,0
2021-11-25 11:52:00,810,810,810,810,0
2021-11-25 11:53:00,810,810,810,810,0
2021-11-25 11:54:00,810,810,810,810,0
2021-11-25 11:55:00,810,810,810,810,0
2021-11-25 11:56:00,810,810,810,810,0
2021-11-25 11:57:00,810,810,810,810,0
2021-11-25 11:58:00,810,810,810,810,0
2021-11-25 11:59:00,810,810,810,810,0
2021-11-25 12:00:00,810,810,810,810,0
2021-11-25 12:01:00,810,810,810,810,0
2021-11-25 12:02:00,810,810,810,810,0
2021-11-25 12:03:00,810,810,810,810,0
2021-11-25 12:04:00,810,810,810,810,0
2021-11-25 12:05:00,810,810,810,810,0
2021-11-25 12:06:00,810,810,810,810,0
2021-11-25 12:07:00,810,810,810,810,0
2021-11-25 12:08:00,810,810,810,810,0
2021-11-25 12:09:00,810,810,810,810,0
2021-11-25 12:10:00,810,810,810,810,0
2021-11-25 12:11:00,810,810,810,810,0
2021-11-25 12:12:00,810,810,810,810,0
2021-11-25 12:13:00,810,810,810,810,0
2021-11-25 12:14:00,810,810,810,810,0
2021-11-25 12:15:00,810,810,810,810,0
2021-11-25 12:16:00,810,810,810,810,0
2021-11-25 12:17:00,810,810,810,810,0
2021-11-25 12:18:00,810,810,810,810,0
2021-11-25 12:19:00,810,810,810,810,0
2021-11-25 12:20:00,810,810,810,810,0
2021-11-25 12:21:00,810,810,810,810,0
2021-11-25 12:22:00,810,810,810,810,0
2021-11-25 12:23:00,810,810,810,810,0
2021-11-25 12:24:00,810,810,810,810,0
2021-11-25 12:25:00,810,810,810,810,0
2021-11-25 12:26:00,810,810,810,810,0
2021-11-25 12:27:00,810,810,810,810,0
2021-11-25 12:28:00,810,810,810,810,0
2021-11-25 12:29:00,810,810,810,810,0
2021-11-25 12:30:00,810,810,810,810,0
2021-11-25 12:31:00,810,810,810,810,0
2021-11-25 12:32:00,810,810,810,810,0
2021-11-25 12:33:00,810,810,810,810,0
2021-11-25 12:34:00,810,810,810,810,0
2021-11-25 12:35:00,810,810,810,810,0
2021-11-25 12:36:00,810,810,810,810,0
2021-11-25 12:37:00,810,810,810,810,0
2021-11-25 12:38:00,810,810,810,810,0
2021-11-25 12:39:00,810,810,810,810,0
2021-11-25 12:40:00,810,810,810,810,0
2021-11-25 12:41:00,810,810,810,810,0
2021-11-25 12:42:00,810,810,810,810,0
2021-11-25 12:43:00,810,810,810,810,0
2021-11-25 12:44:00,810,810,810,810,0
2021-11-25 12:45:00,810,810,810,810,0
2021-11-25 12:46:00,810,810,810,810,0
2021-11-25 12:47:00,810,810,810,810,0
2021-11-25 12:48:00,810,810,810,810,0
2021-11-25 12:49:00,810,810,810,810,0
2021-11-25 12:50:00,810,810,810,810,0
2021-11-25 12:51:00,810,810,810,810,0
2021-11-25 12:52:00,810,810,810,810,0
2021-11-25 12:53:00,810,810,810,810,0
2021-11-25 12:54:00,810,810,810,810,0
2021-11-25 12:55:00,810,810,810,810,0
2021-11-25 12:56:00,810,810,810,810,0
2021-11-25 12:57:00,810,810,810,810,0
2021-11-25 12:58:00,810,810,810,810,0
2021-11-25 12:59:00,810,810,810,810,0
2021-11-25 13:00:00,810,810,810,810,0
2021-11-25 13:01:00,810,810,810,810,0
2021-11-25 13:02:00,810,810,810,810,0
2021-11-25 13:03:00,810,810,810,810,0
2021-11-25 13:04:00,810,810,810,810,0
2021-11-25 13:05:00,810,810,810,810,0
2021-11-25 13:06:00,810,810,810,810,0
2021-11-25 13:07:00,810,810,810,810,0
2021-11-25 13:08:00,810,810,810,810,0
2021-11-25 13:09:00,810,810,810,810,0
2021-11-25 13:10:00,810,810,810,810,0
2021-11-25 13:11:00,810,810,810,810,0
2021-11-25 13:12:00,810,810,810,810,0
2021-11-25 13:13:00,810,810,810,810,0
2021-11-25 13:14:00,810,810,810,810,0
2021-11-25 13:15:00,810,810,810,810,0
2021-11-25 13:16:00,810,810,810,810,0
2021-11-25 13:17:00,810,810,810,810,0
2021-11-25 13:18:00,810,810,810,810,0
2021-11-25 13:19:00,810,810,810,810,0
2021-11-25 13:20:00,810,810,810,810,0
2021-11-25 13:21:00,810,810,810,810,0
2021-11-25 13:22:00,810,810,810,810,0
2021-11-25 13:23:00,810,810,810,810,0
2021-11-25 13:24:00,810,810,810,810,0
2021-11-25 13:25:00,810,810,810,810,0
2021-11-25 13:26:00,810,810,810,810,0
2021-11-25 13:27:00,810,810,810,810,0
2021-11-25 13:28:00,810,810,810,810,0
2021-11-25 13:29:00,810,810,810,810,0
2021-11-25 13:30:00,810,810,810,810,26300
2021-11-25 13:31:00,810,810,810,810,0
2021-11-25 13:32:00,810,810,810,810,0
2021-11-25 13:33:00,810,810,810,810,5000
2021-11-25 13:34:00,810,810,810,810,6300
2021-11-25 13:35:00,810,805,810,805,344700
2021-11-25 13:36:00,805,805,810,805,464800
2021-11-25 13:37:00,805,805,810,810,619400
2021-11-25 13:38:00,805,805,810,810,465900
2021-11-25 13:39:00,810,810,815,815,413900
2021-11-25 13:40:00,815,815,820,815,115900
2021-11-25 13:41:00,815,815,815,815,20500
2021-11-25 13:42:00,815,815,815,815,0
2021-11-25 13:43:00,815,815,815,815,3300
2021-11-25 13:44:00,815,815,815,815,0
2021-11-25 13:45:00,815,815,815,815,1500
2021-11-25 13:46:00,815,815,815,815,7100
2021-11-25 13:47:00,815,815,815,815,0
2021-11-25 13:48:00,815,815,815,815,800
2021-11-25 13:49:00,815,815,815,815,2000
2021-11-25 13:50:00,815,815,815,815,0
2021-11-25 13:51:00,815,815,815,815,0
2021-11-25 13:52:00,815,815,815,815,0
2021-11-25 13:53:00,815,815,815,815,0
2021-11-25 13:54:00,810,810,810,810,61700
2021-11-25 13:55:00,815,815,815,815,100
2021-11-25 13:56:00,815,815,815,815,0
2021-11-25 13:57:00,815,815,815,815,0
2021-11-25 13:58:00,810,810,810,810,6000
2021-11-25 13:59:00,810,810,810,810,0
2021-11-25 14:00:00,810,810,810,810,0
2021-11-25 14:01:00,810,810,810,810,0
2021-11-25 14:02:00,810,810,810,810,1500
2021-11-25 14:03:00,810,810,810,810,0
2021-11-25 14:04:00,810,810,810,810,0
2021-11-25 14:05:00,810,810,810,810,0
2021-11-25 14:06:00,810,810,810,810,31200
2021-11-25 14:07:00,810,810,810,810,164700
2021-11-25 14:08:00,810,810,810,810,114900
2021-11-25 14:09:00,810,810,810,810,150000
2021-11-25 14:10:00,810,810,810,810,156700
2021-11-25 14:11:00,810,810,810,810,60000
2021-11-25 14:12:00,810,810,810,810,153400
2021-11-25 14:13:00,810,810,810,810,101300
2021-11-25 14:14:00,810,810,810,810,208700
2021-11-25 14:15:00,810,810,810,810,200000
2021-11-25 14:16:00,810,810,815,810,205100
2021-11-25 14:17:00,810,810,810,810,456300
2021-11-25 14:18:00,810,810,810,810,479500
2021-11-25 14:19:00,810,810,815,810,420500
2021-11-25 14:20:00,810,810,810,810,257600
2021-11-25 14:21:00,810,810,820,820,643100
2021-11-25 14:22:00,820,820,820,820,527700
2021-11-25 14:23:00,820,820,820,820,21100
2021-11-25 14:24:00,820,820,820,820,32200
2021-11-25 14:25:00,820,820,820,820,0
2021-11-25 14:26:00,820,820,820,820,12500
2021-11-25 14:27:00,820,820,820,820,4800
2021-11-25 14:28:00,820,820,820,820,3700
2021-11-25 14:29:00,820,820,820,820,10000
2021-11-25 14:30:00,820,820,820,820,20000
2021-11-25 14:31:00,820,820,820,820,0
2021-11-25 14:32:00,820,820,820,820,200
2021-11-25 14:33:00,820,815,820,815,337700
2021-11-25 14:34:00,815,815,815,815,288700
2021-11-25 14:35:00,815,815,820,815,253100
2021-11-25 14:36:00,815,815,815,815,101200
2021-11-25 14:37:00,815,815,815,815,0
2021-11-25 14:38:00,815,815,815,815,0
2021-11-25 14:39:00,815,815,815,815,0
2021-11-25 14:40:00,820,820,820,820,600
2021-11-25 14:41:00,820,820,820,820,0
2021-11-25 14:42:00,820,820,820,820,203600
2021-11-25 14:43:00,825,820,825,820,53000
2021-11-25 14:44:00,820,820,825,820,182700
2021-11-25 14:45:00,820,820,820,820,200000
2021-11-25 14:46:00,820,820,820,820,6400
2021-11-25 14:47:00,820,820,820,820,47800
2021-11-25 14:48:00,815,815,815,815,400
2021-11-25 14:49:00,820,820,820,820,16900
2021-11-25 14:50:00,820,820,820,820,300
2021-11-25 14:51:00,820,820,820,820,0
2021-11-25 14:52:00,820,820,820,820,0
2021-11-25 14:53:00,820,820,820,820,0
2021-11-25 14:54:00,820,820,820,820,0
2021-11-25 14:55:00,820,820,820,820,0
2021-11-25 14:56:00,820,820,820,820,0
2021-11-25 14:57:00,820,820,820,820,0
2021-11-25 14:58:00,820,820,820,820,0
2021-11-25 14:59:00,820,820,820,820,0
2021-11-25 15:00:00,825,825,825,825,293700
2021-11-25 15:01:00,825,825,825,825,0
2021-11-25 15:02:00,825,825,825,825,0
2021-11-25 15:03:00,825,825,825,825,0
2021-11-25 15:04:00,825,825,825,825,0
2021-11-25 15:05:00,825,825,825,825,37000
2021-11-25 15:06:00,825,825,825,825,197200
2021-11-25 15:07:00,825,825,825,825,183000
2021-11-25 15:08:00,825,825,825,825,18000
2021-11-25 15:09:00,825,825,825,825,28600
2021-11-25 15:10:00,825,825,825,825,55000
2021-11-25 15:11:00,825,825,825,825,0
2021-11-25 15:12:00,825,825,825,825,0
2021-11-25 15:13:00,825,825,825,825,20000
2021-11-25 15:14:00,825,825,825,825,18400
2021-11-25 15:15:00,825,825,825,825,0
2021-11-25 15:16:00,825,825,825,825,0
2021-11-25 15:17:00,825,825,825,825,0
2021-11-25 15:18:00,825,825,825,825,0
2021-11-25 15:19:00,825,825,825,825,0
2021-11-25 15:20:00,825,825,825,825,0
2021-11-25 15:21:00,825,825,825,825,0
2021-11-25 15:22:00,825,825,825,825,0
2021-11-25 15:23:00,825,825,825,825,0
2021-11-25 15:24:00,825,825,825,825,0
2021-11-25 15:25:00,825,825,825,825,0
2021-11-25 15:26:00,825,825,825,825,0
2021-11-25 15:27:00,825,825,825,825,0
2021-11-25 15:28:00,825,825,825,825,0
2021-11-25 15:29:00,825,825,825,825,0
2021-11-25 15:30:00,825,825,825,825,0
2021-11-25 15:31:00,825,825,825,825,0
2021-11-25 15:32:00,825,825,825,825,0
2021-11-25 15:33:00,825,825,825,825,0
2021-11-25 15:34:00,825,825,825,825,0
2021-11-25 15:35:00,825,825,825,825,0
2021-11-25 15:36:00,825,825,825,825,0
2021-11-25 15:37:00,825,825,825,825,0
2021-11-25 15:38:00,825,825,825,825,0
2021-11-25 15:39:00,825,825,825,825,0
2021-11-25 15:40:00,825,825,825,825,0
2021-11-25 15:41:00,825,825,825,825,0
2021-11-25 15:42:00,825,825,825,825,0
2021-11-25 15:43:00,825,825,825,825,0
2021-11-25 15:44:00,825,825,825,825,0
2021-11-25 15:45:00,825,825,825,825,0
2021-11-25 15:46:00,825,825,825,825,0
2021-11-25 15:47:00,825,825,825,825,0
2021-11-25 15:48:00,825,825,825,825,0
2021-11-25 15:49:00,825,825,825,825,0
2021-11-25 15:50:00,825,825,825,825,0
2021-11-25 15:51:00,825,825,825,825,0
2021-11-25 15:52:00,825,825,825,825,0
2021-11-25 15:53:00,825,825,825,825,0
2021-11-25 15:54:00,825,825,825,825,0
2021-11-25 15:55:00,825,825,825,825,0
2021-11-25 15:56:00,825,825,825,825,0
2021-11-25 15:57:00,825,825,825,825,0
2021-11-25 15:58:00,825,825,825,825,0
2021-11-25 15:59:00,825,825,825,825,0
2021-11-26 09:00:00,825,820,825,825,0
2021-11-26 09:01:00,825,825,825,825,300
2021-11-26 09:02:00,820,820,825,820,57800
2021-11-26 09:03:00,825,825,825,825,20000
2021-11-26 09:04:00,820,820,820,820,50400
2021-11-26 09:05:00,820,820,820,820,20200
2021-11-26 09:06:00,820,820,820,820,900
2021-11-26 09:07:00,820,820,820,820,0
2021-11-26 09:08:00,820,820,820,820,1500
2021-11-26 09:09:00,820,820,820,820,11200
2021-11-26 09:10:00,820,820,820,820,300
2021-11-26 09:11:00,825,825,825,825,600
2021-11-26 09:12:00,825,825,825,825,25200
2021-11-26 09:13:00,825,825,830,830,6500
2021-11-26 09:14:00,825,825,825,825,8000
2021-11-26 09:15:00,825,825,825,825,0
2021-11-26 09:16:00,825,825,825,825,0
2021-11-26 09:17:00,825,825,825,825,5000
2021-11-26 09:18:00,830,830,835,835,441700
2021-11-26 09:19:00,835,835,845,845,1035900
2021-11-26 09:20:00,850,840,850,845,262000
2021-11-26 09:21:00,845,840,845,845,641100
2021-11-26 09:22:00,845,845,860,855,891800
2021-11-26 09:23:00,855,855,865,860,1185500
2021-11-26 09:24:00,860,860,870,870,751300
2021-11-26 09:25:00,870,865,870,870,246500
2021-11-26 09:26:00,870,855,870,860,654000
2021-11-26 09:27:00,855,850,855,850,687300
2021-11-26 09:28:00,855,850,860,855,707000
2021-11-26 09:29:00,855,850,855,855,97300
2021-11-26 09:30:00,850,850,855,855,43500
2021-11-26 09:31:00,855,845,855,845,163300
2021-11-26 09:32:00,845,845,850,850,127000
2021-11-26 09:33:00,855,855,860,855,100500
2021-11-26 09:34:00,855,855,855,855,2500
2021-11-26 09:35:00,855,855,855,855,64000
2021-11-26 09:36:00,855,850,855,850,58500
2021-11-26 09:37:00,855,855,855,855,2700
2021-11-26 09:38:00,855,855,855,855,5000
2021-11-26 09:39:00,850,850,850,850,1400
2021-11-26 09:40:00,855,855,855,855,100000
2021-11-26 09:41:00,855,855,855,855,65800
2021-11-26 09:42:00,855,850,855,850,73800
2021-11-26 09:43:00,855,850,865,860,112000
2021-11-26 09:44:00,855,855,855,855,101600
2021-11-26 09:45:00,855,855,855,855,35000
2021-11-26 09:46:00,855,850,855,850,5300
2021-11-26 09:47:00,850,850,855,855,17000
2021-11-26 09:48:00,850,850,855,855,7500
2021-11-26 09:49:00,850,850,855,855,16300
2021-11-26 09:50:00,850,850,850,850,242000
2021-11-26 09:51:00,850,850,850,850,62400
2021-11-26 09:52:00,850,850,850,850,5000
2021-11-26 09:53:00,850,850,850,850,2000
2021-11-26 09:54:00,855,855,855,855,183000
2021-11-26 09:55:00,855,855,855,855,147200
2021-11-26 09:56:00,855,855,855,855,74700
2021-11-26 09:57:00,855,855,860,860,219900
2021-11-26 09:58:00,860,860,860,860,323500
2021-11-26 09:59:00,860,860,860,860,155900
2021-11-26 10:00:00,865,865,865,865,101600
2021-11-26 10:01:00,865,865,870,870,3100
2021-11-26 10:02:00,870,865,870,870,172200
2021-11-26 10:03:00,870,870,885,885,558100
2021-11-26 10:04:00,885,880,885,885,124600
2021-11-26 10:05:00,885,885,890,890,32900
2021-11-26 10:06:00,885,885,890,885,21700
2021-11-26 10:07:00,885,885,885,885,92000
2021-11-26 10:08:00,890,885,890,885,78800
2021-11-26 10:09:00,885,885,890,885,15800
2021-11-26 10:10:00,890,885,890,890,49800
2021-11-26 10:11:00,890,890,920,910,482500
2021-11-26 10:12:00,910,905,920,920,255800
2021-11-26 10:13:00,920,915,935,930,419000
2021-11-26 10:14:00,930,915,935,915,155100
2021-11-26 10:15:00,915,895,915,905,529000
2021-11-26 10:16:00,900,900,905,905,32700
2021-11-26 10:17:00,900,900,905,905,43100
2021-11-26 10:18:00,905,890,905,895,187700
2021-11-26 10:19:00,895,890,900,900,86400
2021-11-26 10:20:00,895,895,895,895,86400
2021-11-26 10:21:00,895,895,895,895,46300
2021-11-26 10:22:00,895,895,900,895,153500
2021-11-26 10:23:00,900,895,905,905,16100
2021-11-26 10:24:00,910,910,925,925,145700
2021-11-26 10:25:00,920,910,920,910,64900
2021-11-26 10:26:00,910,910,910,910,16500
2021-11-26 10:27:00,910,900,910,900,41600
2021-11-26 10:28:00,900,890,900,890,141900
2021-11-26 10:29:00,890,890,905,905,63700
2021-11-26 10:30:00,905,905,910,905,47700
2021-11-26 10:31:00,905,900,905,900,21100
2021-11-26 10:32:00,900,900,905,905,2100
2021-11-26 10:33:00,905,905,910,910,88600
2021-11-26 10:34:00,910,910,910,910,500
2021-11-26 10:35:00,905,905,905,905,5500
2021-11-26 10:36:00,910,905,910,910,2200
2021-11-26 10:37:00,910,905,910,905,44300
2021-11-26 10:38:00,905,905,905,905,2700
2021-11-26 10:39:00,905,905,905,905,20000
2021-11-26 10:40:00,900,900,905,905,7100
2021-11-26 10:41:00,900,900,905,905,7600
2021-11-26 10:42:00,905,905,905,905,12000
2021-11-26 10:43:00,905,900,905,905,68800
2021-11-26 10:44:00,900,895,905,905,37000
2021-11-26 10:45:00,900,895,905,895,19800
2021-11-26 10:46:00,895,890,895,890,32600
2021-11-26 10:47:00,890,890,890,890,65200
2021-11-26 10:48:00,890,890,890,890,4200
2021-11-26 10:49:00,895,895,900,900,600
2021-11-26 10:50:00,895,895,900,900,0
2021-11-26 10:51:00,900,900,900,900,7000
2021-11-26 10:52:00,900,900,905,905,12600
2021-11-26 10:53:00,905,905,910,905,6800
2021-11-26 10:54:00,905,905,905,905,1000
2021-11-26 10:55:00,905,905,910,905,17700
2021-11-26 10:56:00,905,905,905,905,3300
2021-11-26 10:57:00,905,905,905,905,35300
2021-11-26 10:58:00,905,905,910,910,14100
2021-11-26 10:59:00,905,905,910,910,0
2021-11-26 11:00:00,905,905,905,905,200
2021-11-26 11:01:00,905,905,905,905,6800
2021-11-26 11:02:00,900,900,900,900,2900
2021-11-26 11:03:00,900,900,900,900,10400
2021-11-26 11:04:00,900,900,900,900,39500
2021-11-26 11:05:00,900,900,900,900,2500
2021-11-26 11:06:00,895,895,895,895,700
2021-11-26 11:07:00,895,885,895,885,198500
2021-11-26 11:08:00,885,885,890,890,65600
2021-11-26 11:09:00,890,890,890,890,4500
2021-11-26 11:10:00,885,885,885,885,81500
2021-11-26 11:11:00,885,885,885,885,7500
2021-11-26 11:12:00,885,880,885,880,70100
2021-11-26 11:13:00,880,880,880,880,31600
2021-11-26 11:14:00,890,890,890,890,300
2021-11-26 11:15:00,890,890,895,890,13600
2021-11-26 11:16:00,895,890,895,890,23900
2021-11-26 11:17:00,890,890,890,890,1000
2021-11-26 11:18:00,890,890,890,890,3400
2021-11-26 11:19:00,890,890,890,890,1800
2021-11-26 11:20:00,890,885,890,885,40600
2021-11-26 11:21:00,880,880,880,880,118000
2021-11-26 11:22:00,880,880,885,880,93300
2021-11-26 11:23:00,880,875,880,880,17000
2021-11-26 11:24:00,885,880,885,880,32900
2021-11-26 11:25:00,875,875,875,875,5600
2021-11-26 11:26:00,875,875,880,880,11500
2021-11-26 11:27:00,880,880,880,880,11700
2021-11-26 11:28:00,880,880,880,880,4200
2021-11-26 11:29:00,880,880,880,880,27200
2021-11-26 11:30:00,880,880,880,880,0
2021-11-26 11:31:00,880,880,880,880,0
2021-11-26 11:32:00,880,880,880,880,0
2021-11-26 11:33:00,880,880,880,880,0
2021-11-26 11:34:00,880,880,880,880,0
2021-11-26 11:35:00,880,880,880,880,0
2021-11-26 11:36:00,880,880,880,880,0
2021-11-26 11:37:00,880,880,880,880,0
2021-11-26 11:38:00,880,880,880,880,0
2021-11-26 11:39:00,880,880,880,880,0
2021-11-26 11:40:00,880,880,880,880,0
2021-11-26 11:41:00,880,880,880,880,0
2021-11-26 11:42:00,880,880,880,880,0
2021-11-26 11:43:00,880,880,880,880,0
2021-11-26 11:44:00,880,880,880,880,0
2021-11-26 11:45:00,880,880,880,880,0
2021-11-26 11:46:00,880,880,880,880,0
2021-11-26 11:47:00,880,880,880,880,0
2021-11-26 11:48:00,880,880,880,880,0
2021-11-26 11:49:00,880,880,880,880,0
2021-11-26 11:50:00,880,880,880,880,0
2021-11-26 11:51:00,880,880,880,880,0
2021-11-26 11:52:00,880,880,880,880,0
2021-11-26 11:53:00,880,880,880,880,0
2021-11-26 11:54:00,880,880,880,880,0
2021-11-26 11:55:00,880,880,880,880,0
2021-11-26 11:56:00,880,880,880,880,0
2021-11-26 11:57:00,880,880,880,880,0
2021-11-26 11:58:00,880,880,880,880,0
2021-11-26 11:59:00,880,880,880,880,0
2021-11-26 12:00:00,880,880,880,880,0
2021-11-26 12:01:00,880,880,880,880,0
2021-11-26 12:02:00,880,880,880,880,0
2021-11-26 12:03:00,880,880,880,880,0
2021-11-26 12:04:00,880,880,880,880,0
2021-11-26 12:05:00,880,880,880,880,0
2021-11-26 12:06:00,880,880,880,880,0
2021-11-26 12:07:00,880,880,880,880,0
2021-11-26 12:08:00,880,880,880,880,0
2021-11-26 12:09:00,880,880,880,880,0
2021-11-26 12:10:00,880,880,880,880,0
2021-11-26 12:11:00,880,880,880,880,0
2021-11-26 12:12:00,880,880,880,880,0
2021-11-26 12:13:00,880,880,880,880,0
2021-11-26 12:14:00,880,880,880,880,0
2021-11-26 12:15:00,880,880,880,880,0
2021-11-26 12:16:00,880,880,880,880,0
2021-11-26 12:17:00,880,880,880,880,0
2021-11-26 12:18:00,880,880,880,880,0
2021-11-26 12:19:00,880,880,880,880,0
2021-11-26 12:20:00,880,880,880,880,0
2021-11-26 12:21:00,880,880,880,880,0
2021-11-26 12:22:00,880,880,880,880,0
2021-11-26 12:23:00,880,880,880,880,0
2021-11-26 12:24:00,880,880,880,880,0
2021-11-26 12:25:00,880,880,880,880,0
2021-11-26 12:26:00,880,880,880,880,0
2021-11-26 12:27:00,880,880,880,880,0
2021-11-26 12:28:00,880,880,880,880,0
2021-11-26 12:29:00,880,880,880,880,0
2021-11-26 12:30:00,880,880,880,880,0
2021-11-26 12:31:00,880,880,880,880,0
2021-11-26 12:32:00,880,880,880,880,0
2021-11-26 12:33:00,880,880,880,880,0
2021-11-26 12:34:00,880,880,880,880,0
2021-11-26 12:35:00,880,880,880,880,0
2021-11-26 12:36:00,880,880,880,880,0
2021-11-26 12:37:00,880,880,880,880,0
2021-11-26 12:38:00,880,880,880,880,0
2021-11-26 12:39:00,880,880,880,880,0
2021-11-26 12:40:00,880,880,880,880,0
2021-11-26 12:41:00,880,880,880,880,0
2021-11-26 12:42:00,880,880,880,880,0
2021-11-26 12:43:00,880,880,880,880,0
2021-11-26 12:44:00,880,880,880,880,0
2021-11-26 12:45:00,880,880,880,880,0
2021-11-26 12:46:00,880,880,880,880,0
2021-11-26 12:47:00,880,880,880,880,0
2021-11-26 12:48:00,880,880,880,880,0
2021-11-26 12:49:00,880,880,880,880,0
2021-11-26 12:50:00,880,880,880,880,0
2021-11-26 12:51:00,880,880,880,880,0
2021-11-26 12:52:00,880,880,880,880,0
2021-11-26 12:53:00,880,880,880,880,0
2021-11-26 12:54:00,880,880,880,880,0
2021-11-26 12:55:00,880,880,880,880,0
2021-11-26 12:56:00,880,880,880,880,0
2021-11-26 12:57:00,880,880,880,880,0
2021-11-26 12:58:00,880,880,880,880,0
2021-11-26 12:59:00,880,880,880,880,0
2021-11-26 13:00:00,880,880,880,880,0
2021-11-26 13:01:00,880,880,880,880,0
2021-11-26 13:02:00,880,880,880,880,0
2021-11-26 13:03:00,880,880,880,880,0
2021-11-26 13:04:00,880,880,880,880,0
2021-11-26 13:05:00,880,880,880,880,0
2021-11-26 13:06:00,880,880,880,880,0
2021-11-26 13:07:00,880,880,880,880,0
2021-11-26 13:08:00,880,880,880,880,0
2021-11-26 13:09:00,880,880,880,880,0
2021-11-26 13:10:00,880,880,880,880,0
2021-11-26 13:11:00,880,880,880,880,0
2021-11-26 13:12:00,880,880,880,880,0
2021-11-26 13:13:00,880,880,880,880,0
2021-11-26 13:14:00,880,880,880,880,0
2021-11-26 13:15:00,880,880,880,880,0
2021-11-26 13:16:00,880,880,880,880,0
2021-11-26 13:17:00,880,880,880,880,0
2021-11-26 13:18:00,880,880,880,880,0
2021-11-26 13:19:00,880,880,880,880,0
2021-11-26 13:20:00,880,880,880,880,0
2021-11-26 13:21:00,880,880,880,880,0
2021-11-26 13:22:00,880,880,880,880,0
2021-11-26 13:23:00,880,880,880,880,0
2021-11-26 13:24:00,880,880,880,880,0
2021-11-26 13:25:00,880,880,880,880,0
2021-11-26 13:26:00,880,880,880,880,0
2021-11-26 13:27:00,880,880,880,880,0
2021-11-26 13:28:00,880,880,880,880,0
2021-11-26 13:29:00,880,880,880,880,0
2021-11-26 13:30:00,875,875,885,885,47000
2021-11-26 13:31:00,885,880,885,885,19800
2021-11-26 13:32:00,885,885,890,890,7000
2021-11-26 13:33:00,885,885,890,890,0
2021-11-26 13:34:00,890,890,890,890,69300
2021-11-26 13:35:00,890,890,890,890,14900
2021-11-26 13:36:00,890,890,890,890,22100
2021-11-26 13:37:00,890,890,890,890,0
2021-11-26 13:38:00,890,885,890,885,22500
2021-11-26 13:39:00,885,885,885,885,51000
2021-11-26 13:40:00,885,885,885,885,27500
2021-11-26 13:41:00,890,890,890,890,30500
2021-11-26 13:42:00,890,890,890,890,0
2021-11-26 13:43:00,890,890,890,890,3700
2021-11-26 13:44:00,890,890,890,890,22000
2021-11-26 13:45:00,890,890,890,890,3300
2021-11-26 13:46:00,890,890,895,895,1800
2021-11-26 13:47:00,890,890,895,890,14100
2021-11-26 13:48:00,895,890,895,890,6200
2021-11-26 13:49:00,890,885,890,890,9500
2021-11-26 13:50:00,890,890,890,890,7300
2021-11-26 13:51:00,890,890,890,890,10800
2021-11-26 13:52:00,885,885,885,885,11100
2021-11-26 13:53:00,885,885,885,885,19400
2021-11-26 13:54:00,885,885,885,885,6600
2021-11-26 13:55:00,885,885,885,885,15000
2021-11-26 13:56:00,885,885,885,885,1300
2021-11-26 13:57:00,885,885,890,890,1800
2021-11-26 13:58:00,885,885,890,885,9500
2021-11-26 13:59:00,885,885,885,885,7400
2021-11-26 14:00:00,885,885,885,885,10000
2021-11-26 14:01:00,885,885,885,885,22100
2021-11-26 14:02:00,880,880,880,880,500
2021-11-26 14:03:00,880,880,880,880,1300
2021-11-26 14:04:00,880,880,880,880,1000
2021-11-26 14:05:00,880,880,880,880,1400
2021-11-26 14:06:00,880,880,885,885,7400
2021-11-26 14:07:00,885,885,885,885,4400
2021-11-26 14:08:00,885,885,885,885,1500
2021-11-26 14:09:00,885,885,890,890,400
2021-11-26 14:10:00,885,885,885,885,200
2021-11-26 14:11:00,885,885,885,885,1200
2021-11-26 14:12:00,885,885,885,885,0
2021-11-26 14:13:00,885,885,885,885,10700
2021-11-26 14:14:00,885,885,885,885,0
2021-11-26 14:15:00,885,885,885,885,0
2021-11-26 14:16:00,885,885,885,885,3100
2021-11-26 14:17:00,885,885,885,885,52500
2021-11-26 14:18:00,890,885,890,885,46200
2021-11-26 14:19:00,885,885,885,885,15000
2021-11-26 14:20:00,885,885,885,885,0
2021-11-26 14:21:00,885,885,885,885,8300
2021-11-26 14:22:00,885,880,885,880,60600
2021-11-26 14:23:00,880,880,885,885,8600
2021-11-26 14:24:00,885,885,885,885,100
2021-11-26 14:25:00,885,885,885,885,0
2021-11-26 14:26:00,885,885,885,885,0
2021-11-26 14:27:00,885,880,885,880,10600
2021-11-26 14:28:00,880,880,880,880,1800
2021-11-26 14:29:00,885,885,885,885,6500
2021-11-26 14:30:00,885,885,890,890,57300
2021-11-26 14:31:00,885,885,890,890,48300
2021-11-26 14:32:00,890,890,895,895,1200
2021-11-26 14:33:00,890,890,895,895,10100
2021-11-26 14:34:00,895,895,895,895,5000
2021-11-26 14:35:00,895,890,895,890,18300
2021-11-26 14:36:00,895,890,895,890,10300
2021-11-26 14:37:00,890,890,890,890,5200
2021-11-26 14:38:00,890,890,890,890,0
2021-11-26 14:39:00,890,890,890,890,1200
2021-11-26 14:40:00,890,885,890,885,111500
2021-11-26 14:41:00,885,885,885,885,4500
2021-11-26 14:42:00,885,885,895,895,56600
2021-11-26 14:43:00,890,890,895,890,34300
2021-11-26 14:44:00,895,890,895,895,13000
2021-11-26 14:45:00,895,895,900,900,47400
2021-11-26 14:46:00,900,895,900,900,16500
2021-11-26 14:47:00,900,900,900,900,15500
2021-11-26 14:48:00,900,900,905,905,132000
2021-11-26 14:49:00,905,905,910,910,115000
2021-11-26 14:50:00,910,910,910,910,1500
2021-11-26 14:51:00,910,910,910,910,0
2021-11-26 14:52:00,910,910,910,910,0
2021-11-26 14:53:00,910,910,910,910,0
2021-11-26 14:54:00,910,910,910,910,0
2021-11-26 14:55:00,910,910,910,910,0
2021-11-26 14:56:00,910,910,910,910,0
2021-11-26 14:57:00,910,910,910,910,0
2021-11-26 14:58:00,910,910,910,910,0
2021-11-26 14:59:00,910,910,910,910,0
2021-11-26 15:00:00,910,910,910,910,440000
2021-11-26 15:01:00,910,910,910,910,0
2021-11-26 15:02:00,910,910,910,910,0
2021-11-26 15:03:00,910,910,910,910,0
2021-11-26 15:04:00,910,910,910,910,0
2021-11-26 15:05:00,910,910,910,910,42300
2021-11-26 15:06:00,910,910,910,910,500
2021-11-26 15:07:00,910,910,910,910,800
2021-11-26 15:08:00,910,910,910,910,100
2021-11-26 15:09:00,910,910,910,910,200
2021-11-26 15:10:00,910,910,910,910,200
2021-11-26 15:11:00,910,910,910,910,0
2021-11-26 15:12:00,910,910,910,910,0
2021-11-26 15:13:00,910,910,910,910,65100
2021-11-26 15:14:00,910,910,910,910,0
2021-11-26 15:15:00,910,910,910,910,0
2021-11-26 15:16:00,910,910,910,910,0
2021-11-26 15:17:00,910,910,910,910,0
2021-11-26 15:18:00,910,910,910,910,0
2021-11-26 15:19:00,910,910,910,910,0
2021-11-26 15:20:00,910,910,910,910,0
2021-11-26 15:21:00,910,910,910,910,0
2021-11-26 15:22:00,910,910,910,910,0
2021-11-26 15:23:00,910,910,910,910,0
2021-11-26 15:24:00,910,910,910,910,0
2021-11-26 15:25:00,910,910,910,910,0
2021-11-26 15:26:00,910,910,910,910,0
2021-11-26 15:27:00,910,910,910,910,0
2021-11-26 15:28:00,910,910,910,910,0
2021-11-26 15:29:00,910,910,910,910,0
2021-11-26 15:30:00,910,910,910,910,0
2021-11-26 15:31:00,910,910,910,910,0
2021-11-26 15:32:00,910,910,910,910,0
2021-11-26 15:33:00,910,910,910,910,0
2021-11-26 15:34:00,910,910,910,910,0
2021-11-26 15:35:00,910,910,910,910,0
2021-11-26 15:36:00,910,910,910,910,0
2021-11-26 15:37:00,910,910,910,910,0
2021-11-26 15:38:00,910,910,910,910,0
2021-11-26 15:39:00,910,910,910,910,0
2021-11-26 15:40:00,910,910,910,910,0
2021-11-26 15:41:00,910,910,910,910,0
2021-11-26 15:42:00,910,910,910,910,0
2021-11-26 15:43:00,910,910,910,910,0
2021-11-26 15:44:00,910,910,910,910,0
2021-11-26 15:45:00,910,910,910,910,0
2021-11-26 15:46:00,910,910,910,910,0
2021-11-26 15:47:00,910,910,910,910,0
2021-11-26 15:48:00,910,910,910,910,0
2021-11-26 15:49:00,910,910,910,910,0
2021-11-26 15:50:00,910,910,910,910,0
2021-11-26 15:51:00,910,910,910,910,0
2021-11-26 15:52:00,910,910,910,910,0
2021-11-26 15:53:00,910,910,910,910,0
2021-11-26 15:54:00,910,910,910,910,0
2021-11-26 15:55:00,910,910,910,910,0
2021-11-26 15:56:00,910,910,910,910,0
2021-11-26 15:57:00,910,910,910,910,0
2021-11-26 15:58:00,910,910,910,910,0
2021-11-26 15:59:00,910,910,910,910,0
2021-11-29 09:00:00,920,915,925,920,0
2021-11-29 09:01:00,920,915,920,915,54800
2021-11-29 09:02:00,915,915,920,915,33700
2021-11-29 09:03:00,915,910,920,910,284500
2021-11-29 09:04:00,910,885,910,900,149200
2021-11-29 09:05:00,900,885,900,890,89100
2021-11-29 09:06:00,895,890,900,890,60200
2021-11-29 09:07:00,890,890,895,895,42700
2021-11-29 09:08:00,900,900,910,900,15300
2021-11-29 09:09:00,900,900,910,900,4000
2021-11-29 09:10:00,910,910,915,915,20500
2021-11-29 09:11:00,915,915,920,920,33500
2021-11-29 09:12:00,920,915,920,915,155100
2021-11-29 09:13:00,920,910,920,910,8500
2021-11-29 09:14:00,910,905,910,905,24200
2021-11-29 09:15:00,900,890,900,890,225700
2021-11-29 09:16:00,890,890,900,895,41100
2021-11-29 09:17:00,895,895,900,895,24200
2021-11-29 09:18:00,900,895,900,895,17900
2021-11-29 09:19:00,900,900,900,900,1100
2021-11-29 09:20:00,900,900,900,900,0
2021-11-29 09:21:00,900,900,915,915,36800
2021-11-29 09:22:00,915,915,920,915,2400
2021-11-29 09:23:00,915,915,915,915,4200
2021-11-29 09:24:00,910,910,915,915,5700
2021-11-29 09:25:00,915,915,920,915,1100
2021-11-29 09:26:00,915,915,915,915,2600
2021-11-29 09:27:00,915,910,915,910,700
2021-11-29 09:28:00,915,910,915,910,54900
2021-11-29 09:29:00,900,900,900,900,500
2021-11-29 09:30:00,900,900,900,900,15900
2021-11-29 09:31:00,900,895,900,900,9500
2021-11-29 09:32:00,900,895,900,900,0
2021-11-29 09:33:00,900,900,900,900,2300
2021-11-29 09:34:00,900,895,900,895,1400
2021-11-29 09:35:00,900,895,900,895,2300
2021-11-29 09:36:00,895,895,900,900,21700
2021-11-29 09:37:00,900,895,900,895,54000
2021-11-29 09:38:00,895,895,905,905,800
2021-11-29 09:39:00,905,905,905,905,1100
2021-11-29 09:40:00,905,905,905,905,100
2021-11-29 09:41:00,900,900,905,900,9500
2021-11-29 09:42:00,900,900,900,900,27100
2021-11-29 09:43:00,900,900,900,900,0
2021-11-29 09:44:00,900,895,900,900,1700
2021-11-29 09:45:00,900,900,900,900,13400
2021-11-29 09:46:00,905,905,905,905,1000
2021-11-29 09:47:00,905,900,905,900,600
2021-11-29 09:48:00,905,900,905,900,0
2021-11-29 09:49:00,905,900,905,900,0
2021-11-29 09:50:00,905,900,905,900,0
2021-11-29 09:51:00,900,900,900,900,500
2021-11-29 09:52:00,905,905,905,905,100
2021-11-29 09:53:00,905,905,905,905,500
2021-11-29 09:54:00,905,905,905,905,24200
2021-11-29 09:55:00,910,910,910,910,7200
2021-11-29 09:56:00,910,910,910,910,2500
2021-11-29 09:57:00,910,910,915,915,17400
2021-11-29 09:58:00,910,910,915,915,0
2021-11-29 09:59:00,910,910,915,915,0
2021-11-29 10:00:00,910,910,915,915,19700
2021-11-29 10:01:00,915,910,915,910,25100
2021-11-29 10:02:00,915,915,915,915,3000
2021-11-29 10:03:00,915,915,915,915,400
2021-11-29 10:04:00,915,910,915,915,21900
2021-11-29 10:05:00,910,910,910,910,13200
2021-11-29 10:06:00,910,905,910,905,29700
2021-11-29 10:07:00,900,900,900,900,6100
2021-11-29 10:08:00,905,900,905,900,2100
2021-11-29 10:09:00,900,900,900,900,100
2021-11-29 10:10:00,900,900,900,900,2900
2021-11-29 10:11:00,910,910,910,910,1300
2021-11-29 10:12:00,910,910,910,910,8800
2021-11-29 10:13:00,910,910,915,915,6900
2021-11-29 10:14:00,915,915,915,915,2500
2021-11-29 10:15:00,915,915,915,915,0
2021-11-29 10:16:00,915,915,915,915,1600
2021-11-29 10:17:00,915,915,915,915,3800
2021-11-29 10:18:00,915,915,915,915,3000
2021-11-29 10:19:00,915,915,915,915,100
2021-11-29 10:20:00,915,915,915,915,0
2021-11-29 10:21:00,915,915,915,915,0
2021-11-29 10:22:00,915,910,915,910,10600
2021-11-29 10:23:00,910,910,910,910,21500
2021-11-29 10:24:00,910,910,910,910,100
2021-11-29 10:25:00,910,910,910,910,0
2021-11-29 10:26:00,910,910,910,910,0
2021-11-29 10:27:00,910,910,910,910,0
2021-11-29 10:28:00,910,910,910,910,0
2021-11-29 10:29:00,910,910,910,910,0
2021-11-29 10:30:00,910,910,910,910,0
2021-11-29 10:31:00,905,905,905,905,3600
2021-11-29 10:32:00,905,905,905,905,0
2021-11-29 10:33:00,905,905,905,905,0
2021-11-29 10:34:00,905,905,905,905,4000
2021-11-29 10:35:00,905,905,905,905,0
2021-11-29 10:36:00,905,905,905,905,0
2021-11-29 10:37:00,900,900,900,900,300
2021-11-29 10:38:00,900,900,900,900,1400
2021-11-29 10:39:00,910,910,910,910,2400
2021-11-29 10:40:00,905,905,910,910,5700
2021-11-29 10:41:00,910,910,910,910,500
2021-11-29 10:42:00,910,910,910,910,0
2021-11-29 10:43:00,905,905,905,905,1000
2021-11-29 10:44:00,905,905,905,905,0
2021-11-29 10:45:00,905,905,905,905,2400
2021-11-29 10:46:00,905,905,905,905,10000
2021-11-29 10:47:00,905,905,905,905,0
2021-11-29 10:48:00,905,905,905,905,15400
2021-11-29 10:49:00,905,905,905,905,0
2021-11-29 10:50:00,905,905,905,905,20000
2021-11-29 10:51:00,905,905,905,905,1000
2021-11-29 10:52:00,905,905,905,905,0
2021-11-29 10:53:00,905,905,905,905,1700
2021-11-29 10:54:00,905,905,905,905,2000
2021-11-29 10:55:00,910,910,910,910,5000
2021-11-29 10:56:00,910,910,910,910,5200
2021-11-29 10:57:00,910,910,910,910,1200
2021-11-29 10:58:00,910,910,910,910,0
2021-11-29 10:59:00,910,910,910,910,0
2021-11-29 11:00:00,910,910,910,910,0
2021-11-29 11:01:00,910,910,910,910,0
2021-11-29 11:02:00,910,905,910,905,3600
2021-11-29 11:03:00,910,905,910,905,0
2021-11-29 11:04:00,905,905,905,905,100
2021-11-29 11:05:00,905,905,905,905,0
2021-11-29 11:06:00,905,905,905,905,1600
2021-11-29 11:07:00,900,900,900,900,4000
2021-11-29 11:08:00,900,900,900,900,0
2021-11-29 11:09:00,900,900,900,900,0
2021-11-29 11:10:00,900,900,900,900,0
2021-11-29 11:11:00,900,900,900,900,1800
2021-11-29 11:12:00,900,900,900,900,0
2021-11-29 11:13:00,900,900,900,900,300
2021-11-29 11:14:00,900,900,900,900,0
2021-11-29 11:15:00,900,900,900,900,0
2021-11-29 11:16:00,900,900,900,900,0
2021-11-29 11:17:00,900,900,900,900,500
2021-11-29 11:18:00,900,900,900,900,0
2021-11-29 11:19:00,900,900,900,900,1000
2021-11-29 11:20:00,900,900,905,905,6500
2021-11-29 11:21:00,900,900,905,905,0
2021-11-29 11:22:00,900,900,905,905,0
2021-11-29 11:23:00,900,900,905,905,0
2021-11-29 11:24:00,905,905,905,905,3500
2021-11-29 11:25:00,905,905,905,905,0
2021-11-29 11:26:00,905,905,905,905,0
2021-11-29 11:27:00,900,900,900,900,400
2021-11-29 11:28:00,905,900,905,900,400
2021-11-29 11:29:00,900,900,900,900,5100
2021-11-29 11:30:00,900,900,900,900,0
2021-11-29 11:31:00,900,900,900,900,0
2021-11-29 11:32:00,900,900,900,900,0
2021-11-29 11:33:00,900,900,900,900,0
2021-11-29 11:34:00,900,900,900,900,0
2021-11-29 11:35:00,900,900,900,900,0
2021-11-29 11:36:00,900,900,900,900,0
2021-11-29 11:37:00,900,900,900,900,0
2021-11-29 11:38:00,900,900,900,900,0
2021-11-29 11:39:00,900,900,900,900,0
2021-11-29 11:40:00,900,900,900,900,0
2021-11-29 11:41:00,900,900,900,900,0
2021-11-29 11:42:00,900,900,900,900,0
2021-11-29 11:43:00,900,900,900,900,0
2021-11-29 11:44:00,900,900,900,900,0
2021-11-29 11:45:00,900,900,900,900,0
2021-11-29 11:46:00,900,900,900,900,0
2021-11-29 11:47:00,900,900,900,900,0
2021-11-29 11:48:00,900,900,900,900,0
2021-11-29 11:49:00,900,900,900,900,0
2021-11-29 11:50:00,900,900,900,900,0
2021-11-29 11:51:00,900,900,900,900,0
2021-11-29 11:52:00,900,900,900,900,0
2021-11-29 11:53:00,900,900,900,900,0
2021-11-29 11:54:00,900,900,900,900,0
2021-11-29 11:55:00,900,900,900,900,0
2021-11-29 11:56:00,900,900,900,900,0
2021-11-29 11:57:00,900,900,900,900,0
2021-11-29 11:58:00,900,900,900,900,0
2021-11-29 11:59:00,900,900,900,900,0
2021-11-29 12:00:00,900,900,900,900,0
2021-11-29 12:01:00,900,900,900,900,0
2021-11-29 12:02:00,900,900,900,900,0
2021-11-29 12:03:00,900,900,900,900,0
2021-11-29 12:04:00,900,900,900,900,0
2021-11-29 12:05:00,900,900,900,900,0
2021-11-29 12:06:00,900,900,900,900,0
2021-11-29 12:07:00,900,900,900,900,0
2021-11-29 12:08:00,900,900,900,900,0
2021-11-29 12:09:00,900,900,900,900,0
2021-11-29 12:10:00,900,900,900,900,0
2021-11-29 12:11:00,900,900,900,900,0
2021-11-29 12:12:00,900,900,900,900,0
2021-11-29 12:13:00,900,900,900,900,0
2021-11-29 12:14:00,900,900,900,900,0
2021-11-29 12:15:00,900,900,900,900,0
2021-11-29 12:16:00,900,900,900,900,0
2021-11-29 12:17:00,900,900,900,900,0
2021-11-29 12:18:00,900,900,900,900,0
2021-11-29 12:19:00,900,900,900,900,0
2021-11-29 12:20:00,900,900,900,900,0
2021-11-29 12:21:00,900,900,900,900,0
2021-11-29 12:22:00,900,900,900,900,0
2021-11-29 12:23:00,900,900,900,900,0
2021-11-29 12:24:00,900,900,900,900,0
2021-11-29 12:25:00,900,900,900,900,0
2021-11-29 12:26:00,900,900,900,900,0
2021-11-29 12:27:00,900,900,900,900,0
2021-11-29 12:28:00,900,900,900,900,0
2021-11-29 12:29:00,900,900,900,900,0
2021-11-29 12:30:00,900,900,900,900,0
2021-11-29 12:31:00,900,900,900,900,0
2021-11-29 12:32:00,900,900,900,900,0
2021-11-29 12:33:00,900,900,900,900,0
2021-11-29 12:34:00,900,900,900,900,0
2021-11-29 12:35:00,900,900,900,900,0
2021-11-29 12:36:00,900,900,900,900,0
2021-11-29 12:37:00,900,900,900,900,0
2021-11-29 12:38:00,900,900,900,900,0
2021-11-29 12:39:00,900,900,900,900,0
2021-11-29 12:40:00,900,900,900,900,0
2021-11-29 12:41:00,900,900,900,900,0
2021-11-29 12:42:00,900,900,900,900,0
2021-11-29 12:43:00,900,900,900,900,0
2021-11-29 12:44:00,900,900,900,900,0
2021-11-29 12:45:00,900,900,900,900,0
2021-11-29 12:46:00,900,900,900,900,0
2021-11-29 12:47:00,900,900,900,900,0
2021-11-29 12:48:00,900,900,900,900,0
2021-11-29 12:49:00,900,900,900,900,0
2021-11-29 12:50:00,900,900,900,900,0
2021-11-29 12:51:00,900,900,900,900,0
2021-11-29 12:52:00,900,900,900,900,0
2021-11-29 12:53:00,900,900,900,900,0
2021-11-29 12:54:00,900,900,900,900,0
2021-11-29 12:55:00,900,900,900,900,0
2021-11-29 12:56:00,900,900,900,900,0
2021-11-29 12:57:00,900,900,900,900,0
2021-11-29 12:58:00,900,900,900,900,0
2021-11-29 12:59:00,900,900,900,900,0
2021-11-29 13:00:00,900,900,900,900,0
2021-11-29 13:01:00,900,900,900,900,0
2021-11-29 13:02:00,900,900,900,900,0
2021-11-29 13:03:00,900,900,900,900,0
2021-11-29 13:04:00,900,900,900,900,0
2021-11-29 13:05:00,900,900,900,900,0
2021-11-29 13:06:00,900,900,900,900,0
2021-11-29 13:07:00,900,900,900,900,0
2021-11-29 13:08:00,900,900,900,900,0
2021-11-29 13:09:00,900,900,900,900,0
2021-11-29 13:10:00,900,900,900,900,0
2021-11-29 13:11:00,900,900,900,900,0
2021-11-29 13:12:00,900,900,900,900,0
2021-11-29 13:13:00,900,900,900,900,0
2021-11-29 13:14:00,900,900,900,900,0
2021-11-29 13:15:00,900,900,900,900,0
2021-11-29 13:16:00,900,900,900,900,0
2021-11-29 13:17:00,900,900,900,900,0
2021-11-29 13:18:00,900,900,900,900,0
2021-11-29 13:19:00,900,900,900,900,0
2021-11-29 13:20:00,900,900,900,900,0
2021-11-29 13:21:00,900,900,900,900,0
2021-11-29 13:22:00,900,900,900,900,0
2021-11-29 13:23:00,900,900,900,900,0
2021-11-29 13:24:00,900,900,900,900,0
2021-11-29 13:25:00,900,900,900,900,0
2021-11-29 13:26:00,900,900,900,900,0
2021-11-29 13:27:00,900,900,900,900,0
2021-11-29 13:28:00,900,900,900,900,0
2021-11-29 13:29:00,900,900,900,900,0
2021-11-29 13:30:00,900,895,900,900,12100
2021-11-29 13:31:00,900,895,900,900,0
2021-11-29 13:32:00,900,895,900,900,0
2021-11-29 13:33:00,900,900,900,900,141700
2021-11-29 13:34:00,895,895,895,895,67700
2021-11-29 13:35:00,895,895,895,895,400
2021-11-29 13:36:00,895,895,895,895,0
2021-11-29 13:37:00,895,895,895,895,0
2021-11-29 13:38:00,895,895,895,895,1000
2021-11-29 13:39:00,895,895,895,895,0
2021-11-29 13:40:00,900,900,900,900,300
2021-11-29 13:41:00,900,900,900,900,0
2021-11-29 13:42:00,895,895,895,895,2900
2021-11-29 13:43:00,895,895,895,895,3600
2021-11-29 13:44:00,895,895,895,895,4000
2021-11-29 13:45:00,895,895,895,895,300
2021-11-29 13:46:00,895,895,895,895,0
2021-11-29 13:47:00,895,895,895,895,0
2021-11-29 13:48:00,895,895,895,895,0
2021-11-29 13:49:00,890,890,890,890,4100
2021-11-29 13:50:00,895,895,895,895,200
2021-11-29 13:51:00,895,895,895,895,0
2021-11-29 13:52:00,895,895,895,895,900
2021-11-29 13:53:00,895,895,895,895,0
2021-11-29 13:54:00,890,890,890,890,1000
2021-11-29 13:55:00,890,890,890,890,0
2021-11-29 13:56:00,890,890,895,890,2200
2021-11-29 13:57:00,890,890,895,890,0
2021-11-29 13:58:00,890,890,890,890,8400
2021-11-29 13:59:00,890,890,890,890,0
2021-11-29 14:00:00,890,890,890,890,10900
2021-11-29 14:01:00,890,890,890,890,10000
2021-11-29 14:02:00,890,890,890,890,0
2021-11-29 14:03:00,890,890,890,890,3000
2021-11-29 14:04:00,895,895,895,895,1200
2021-11-29 14:05:00,890,890,890,890,1500
2021-11-29 14:06:00,890,890,890,890,0
2021-11-29 14:07:00,890,890,890,890,0
2021-11-29 14:08:00,890,890,890,890,0
2021-11-29 14:09:00,890,890,890,890,0
2021-11-29 14:10:00,900,900,900,900,100
2021-11-29 14:11:00,900,890,900,890,2500
2021-11-29 14:12:00,900,900,900,900,50100
2021-11-29 14:13:00,900,900,900,900,39700
2021-11-29 14:14:00,900,900,900,900,0
2021-11-29 14:15:00,905,905,905,905,9100
2021-11-29 14:16:00,905,905,905,905,5000
2021-11-29 14:17:00,905,905,905,905,400
2021-11-29 14:18:00,900,900,910,910,25900
2021-11-29 14:19:00,910,910,910,910,15200
2021-11-29 14:20:00,905,905,905,905,300
2021-11-29 14:21:00,905,905,910,910,3000
2021-11-29 14:22:00,910,905,910,905,14700
2021-11-29 14:23:00,910,905,910,905,0
2021-11-29 14:24:00,910,910,910,910,10000
2021-11-29 14:25:00,905,905,910,910,3100
2021-11-29 14:26:00,905,905,905,905,400
2021-11-29 14:27:00,905,905,905,905,0
2021-11-29 14:28:00,905,905,910,910,300
2021-11-29 14:29:00,905,905,905,905,50000
2021-11-29 14:30:00,905,905,905,905,34200
2021-11-29 14:31:00,905,905,905,905,700
2021-11-29 14:32:00,900,900,900,900,100
2021-11-29 14:33:00,900,900,900,900,0
2021-11-29 14:34:00,900,900,900,900,900
2021-11-29 14:35:00,900,900,900,900,5400
2021-11-29 14:36:00,900,900,900,900,0
2021-11-29 14:37:00,905,905,905,905,13500
2021-11-29 14:38:00,900,900,900,900,500
2021-11-29 14:39:00,900,900,900,900,0
2021-11-29 14:40:00,900,900,900,900,0
2021-11-29 14:41:00,900,900,900,900,100
2021-11-29 14:42:00,900,900,900,900,1100
2021-11-29 14:43:00,900,900,900,900,69000
2021-11-29 14:44:00,900,900,900,900,7000
2021-11-29 14:45:00,900,895,900,895,10000
2021-11-29 14:46:00,900,900,900,900,5000
2021-11-29 14:47:00,900,900,900,900,4000
2021-11-29 14:48:00,900,900,900,900,2000
2021-11-29 14:49:00,900,900,905,905,3300
2021-11-29 14:50:00,900,900,905,905,0
2021-11-29 14:51:00,900,900,905,905,0
2021-11-29 14:52:00,900,900,905,905,0
2021-11-29 14:53:00,900,900,905,905,0
2021-11-29 14:54:00,900,900,905,905,0
2021-11-29 14:55:00,900,900,905,905,0
2021-11-29 14:56:00,900,900,905,905,0
2021-11-29 14:57:00,900,900,905,905,0
2021-11-29 14:58:00,900,900,905,905,0
2021-11-29 14:59:00,900,900,905,905,0
2021-11-29 15:00:00,905,905,905,905,209500
2021-11-29 15:01:00,905,905,905,905,0
2021-11-29 15:02:00,905,905,905,905,0
2021-11-29 15:03:00,905,905,905,905,0
2021-11-29 15:04:00,905,905,905,905,0
2021-11-29 15:05:00,905,905,905,905,0
2021-11-29 15:06:00,905,905,905,905,0
2021-11-29 15:07:00,905,905,905,905,0
2021-11-29 15:08:00,905,905,905,905,0
2021-11-29 15:09:00,905,905,905,905,0
2021-11-29 15:10:00,905,905,905,905,40000
2021-11-29 15:11:00,905,905,905,905,0
2021-11-29 15:12:00,905,905,905,905,0
2021-11-29 15:13:00,905,905,905,905,0
2021-11-29 15:14:00,905,905,905,905,0
2021-11-29 15:15:00,905,905,905,905,0
2021-11-29 15:16:00,905,905,905,905,0
2021-11-29 15:17:00,905,905,905,905,0
2021-11-29 15:18:00,905,905,905,905,0
2021-11-29 15:19:00,905,905,905,905,0
2021-11-29 15:20:00,905,905,905,905,0
2021-11-29 15:21:00,905,905,905,905,0
2021-11-29 15:22:00,905,905,905,905,0
2021-11-29 15:23:00,905,905,905,905,0
2021-11-29 15:24:00,905,905,905,905,0
2021-11-29 15:25:00,905,905,905,905,0
2021-11-29 15:26:00,905,905,905,905,0
2021-11-29 15:27:00,905,905,905,905,0
2021-11-29 15:28:00,905,905,905,905,0
2021-11-29 15:29:00,905,905,905,905,0
2021-11-29 15:30:00,905,905,905,905,0
2021-11-29 15:31:00,905,905,905,905,0
2021-11-29 15:32:00,905,905,905,905,0
2021-11-29 15:33:00,905,905,905,905,0
2021-11-29 15:34:00,905,905,905,905,0
2021-11-29 15:35:00,905,905,905,905,0
2021-11-29 15:36:00,905,905,905,905,0
2021-11-29 15:37:00,905,905,905,905,0
2021-11-29 15:38:00,905,905,905,905,0
2021-11-29 15:39:00,905,905,905,905,0
2021-11-29 15:40:00,905,905,905,905,0
2021-11-29 15:41:00,905,905,905,905,0
2021-11-29 15:42:00,905,905,905,905,0
2021-11-29 15:43:00,905,905,905,905,0
2021-11-29 15:44:00,905,905,905,905,0
2021-11-29 15:45:00,905,905,905,905,0
2021-11-29 15:46:00,905,905,905,905,0
2021-11-29 15:47:00,905,905,905,905,0
2021-11-29 15:48:00,905,905,905,905,0
2021-11-29 15:49:00,905,905,905,905,0
2021-11-29 15:50:00,905,905,905,905,0
2021-11-29 15:51:00,905,905,905,905,0
2021-11-29 15:52:00,905,905,905,905,0
2021-11-29 15:53:00,905,905,905,905,0
2021-11-29 15:54:00,905,905,905,905,0
2021-11-29 15:55:00,905,905,905,905,0
2021-11-29 15:56:00,905,905,905,905,0
2021-11-29 15:57:00,905,905,905,905,0
2021-11-29 15:58:00,905,905,905,905,0
2021-11-29 15:59:00,905,905,905,905,0
2021-11-30 09:00:00,905,905,915,910,0
2021-11-30 09:01:00,915,910,915,910,5900
2021-11-30 09:02:00,910,910,910,910,15000
2021-11-30 09:03:00,910,910,910,910,27600
2021-11-30 09:04:00,910,910,910,910,10100
2021-11-30 09:05:00,915,915,915,915,2000
2021-11-30 09:06:00,915,915,915,915,22400
2021-11-30 09:07:00,915,915,935,935,212500
2021-11-30 09:08:00,935,935,955,940,322700
2021-11-30 09:09:00,940,930,940,930,94900
2021-11-30 09:10:00,930,930,940,940,36800
2021-11-30 09:11:00,940,930,940,935,4900
2021-11-30 09:12:00,940,925,940,925,25700
2021-11-30 09:13:00,930,930,930,930,3000
2021-11-30 09:14:00,930,925,930,930,17000
2021-11-30 09:15:00,935,935,940,940,7200
2021-11-30 09:16:00,940,935,940,940,24500
2021-11-30 09:17:00,940,935,940,935,15300
2021-11-30 09:18:00,935,925,935,935,33400
2021-11-30 09:19:00,930,925,930,930,43300
2021-11-30 09:20:00,920,920,920,920,18000
2021-11-30 09:21:00,915,915,915,915,21200
2021-11-30 09:22:00,915,915,915,915,0
2021-11-30 09:23:00,915,915,915,915,68100
2021-11-30 09:24:00,915,915,920,920,6600
2021-11-30 09:25:00,920,920,925,925,13900
2021-11-30 09:26:00,930,930,930,930,9100
2021-11-30 09:27:00,930,925,930,925,6700
2021-11-30 09:28:00,925,925,925,925,40900
2021-11-30 09:29:00,925,925,925,925,0
2021-11-30 09:30:00,920,920,920,920,53300
2021-11-30 09:31:00,925,925,925,925,5300
2021-11-30 09:32:00,930,930,930,930,100
2021-11-30 09:33:00,925,925,925,925,2200
2021-11-30 09:34:00,925,925,925,925,0
2021-11-30 09:35:00,925,925,930,930,3100
2021-11-30 09:36:00,925,925,925,925,2600
2021-11-30 09:37:00,925,925,925,925,0
2021-11-30 09:38:00,925,925,925,925,1000
2021-11-30 09:39:00,925,925,925,925,0
2021-11-30 09:40:00,930,930,930,930,1200
2021-11-30 09:41:00,935,935,935,935,2700
2021-11-30 09:42:00,935,935,935,935,1300
2021-11-30 09:43:00,935,935,935,935,900
2021-11-30 09:44:00,935,935,935,935,16600
2021-11-30 09:45:00,930,930,930,930,500
2021-11-30 09:46:00,930,930,930,930,8300
2021-11-30 09:47:00,930,930,930,930,0
2021-11-30 09:48:00,930,925,930,930,3300
2021-11-30 09:49:00,930,925,930,930,0
2021-11-30 09:50:00,930,930,930,930,600
2021-11-30 09:51:00,930,930,930,930,0
2021-11-30 09:52:00,925,925,925,925,8900
2021-11-30 09:53:00,930,930,930,930,21500
2021-11-30 09:54:00,930,930,930,930,5800
2021-11-30 09:55:00,930,930,930,930,0
2021-11-30 09:56:00,930,930,930,930,1500
2021-11-30 09:57:00,935,935,935,935,1000
2021-11-30 09:58:00,935,935,935,935,100
2021-11-30 09:59:00,935,935,935,935,29600
2021-11-30 10:00:00,940,940,945,945,81500
2021-11-30 10:01:00,945,945,945,945,8200
2021-11-30 10:02:00,945,940,945,940,61800
2021-11-30 10:03:00,935,935,940,940,18500
2021-11-30 10:04:00,945,945,955,955,158900
2021-11-30 10:05:00,955,955,960,955,57200
2021-11-30 10:06:00,955,950,960,960,31700
2021-11-30 10:07:00,960,955,960,960,43300
2021-11-30 10:08:00,955,955,955,955,32200
2021-11-30 10:09:00,955,955,980,980,174800
2021-11-30 10:10:00,980,975,985,985,233400
2021-11-30 10:11:00,985,980,1020,1020,608600
2021-11-30 10:12:00,1020,975,1030,985,435300
2021-11-30 10:13:00,980,975,1000,990,274800
2021-11-30 10:14:00,990,985,995,985,141200
2021-11-30 10:15:00,985,980,985,985,209500
2021-11-30 10:16:00,990,985,995,995,182800
2021-11-30 10:17:00,1000,1000,1005,1000,125800
2021-11-30 10:18:00,1000,1000,1005,1000,50500
2021-11-30 10:19:00,1000,1000,1005,1005,51900
2021-11-30 10:20:00,1005,1005,1005,1005,42200
2021-11-30 10:21:00,1005,995,1005,1000,94900
2021-11-30 10:22:00,995,990,995,990,34300
2021-11-30 10:23:00,990,990,1000,1000,22700
2021-11-30 10:24:00,1005,995,1005,995,13200
2021-11-30 10:25:00,1000,995,1000,995,2800
2021-11-30 10:26:00,995,995,1000,1000,16000
2021-11-30 10:27:00,1000,995,1000,995,12100
2021-11-30 10:28:00,1000,1000,1010,1005,55800
2021-11-30 10:29:00,1005,1005,1010,1010,22200
2021-11-30 10:30:00,1005,1005,1020,1020,142100
2021-11-30 10:31:00,1015,1015,1040,1040,205500
2021-11-30 10:32:00,1040,1040,1050,1050,92900
2021-11-30 10:33:00,1050,1045,1060,1050,237800
2021-11-30 10:34:00,1050,1025,1050,1025,89900
2021-11-30 10:35:00,1025,1025,1035,1030,64400
2021-11-30 10:36:00,1030,1025,1035,1030,25900
2021-11-30 10:37:00,1035,1030,1040,1040,30100
2021-11-30 10:38:00,1040,1040,1040,1040,9100
2021-11-30 10:39:00,1040,1040,1040,1040,27000
2021-11-30 10:40:00,1040,1030,1040,1030,60200
2021-11-30 10:41:00,1030,1025,1030,1025,3200
2021-11-30 10:42:00,1025,1020,1025,1020,77600
2021-11-30 10:43:00,1020,995,1020,1005,261000
2021-11-30 10:44:00,1005,1000,1010,1010,168800
2021-11-30 10:45:00,1010,1010,1015,1015,63800
2021-11-30 10:46:00,1015,1015,1020,1015,33400
2021-11-30 10:47:00,1015,1015,1020,1015,29200
2021-11-30 10:48:00,1015,1015,1015,1015,22800
2021-11-30 10:49:00,1010,1000,1010,1010,102400
2021-11-30 10:50:00,1005,1005,1005,1005,3300
2021-11-30 10:51:00,1005,1005,1005,1005,0
2021-11-30 10:52:00,1010,1005,1010,1005,4600
2021-11-30 10:53:00,1010,1005,1010,1005,12300
2021-11-30 10:54:00,1010,1010,1010,1010,6200
2021-11-30 10:55:00,1010,1010,1015,1015,8000
2021-11-30 10:56:00,1020,1020,1020,1020,21500
2021-11-30 10:57:00,1020,1015,1020,1015,5000
2021-11-30 10:58:00,1020,1020,1020,1020,8000
2021-11-30 10:59:00,1020,1020,1020,1020,10800
2021-11-30 11:00:00,1025,1025,1035,1035,74100
2021-11-30 11:01:00,1030,1030,1035,1030,33300
2021-11-30 11:02:00,1035,1030,1035,1030,43800
2021-11-30 11:03:00,1030,1015,1030,1015,72000
2021-11-30 11:04:00,1020,1020,1020,1020,17200
2021-11-30 11:05:00,1020,1020,1020,1020,11000
2021-11-30 11:06:00,1020,1015,1020,1020,33300
2021-11-30 11:07:00,1020,1020,1020,1020,2600
2021-11-30 11:08:00,1020,1020,1020,1020,14300
2021-11-30 11:09:00,1020,1020,1020,1020,8300
2021-11-30 11:10:00,1020,1020,1020,1020,9000
2021-11-30 11:11:00,1020,1020,1020,1020,1300
2021-11-30 11:12:00,1020,1020,1020,1020,600
2021-11-30 11:13:00,1020,1020,1020,1020,15700
2021-11-30 11:14:00,1020,1015,1020,1015,10500
2021-11-30 11:15:00,1015,1015,1015,1015,9600
2021-11-30 11:16:00,1015,1015,1015,1015,500
2021-11-30 11:17:00,1015,1005,1015,1005,17000
2021-11-30 11:18:00,1005,1005,1005,1005,4400
2021-11-30 11:19:00,1005,1005,1015,1015,1400
2021-11-30 11:20:00,1015,1015,1015,1015,30200
2021-11-30 11:21:00,1015,1015,1015,1015,9900
2021-11-30 11:22:00,1010,1010,1010,1010,34700
2021-11-30 11:23:00,1005,1005,1005,1005,13700
2021-11-30 11:24:00,1005,1005,1005,1005,59500
2021-11-30 11:25:00,1005,1005,1005,1005,0
2021-11-30 11:26:00,1015,1010,1015,1010,9800
2021-11-30 11:27:00,1010,1010,1010,1010,2000
2021-11-30 11:28:00,1015,1015,1015,1015,1200
2021-11-30 11:29:00,1005,1005,1015,1010,13000
2021-11-30 11:30:00,1005,1005,1015,1010,0
2021-11-30 11:31:00,1005,1005,1015,1010,0
2021-11-30 11:32:00,1005,1005,1015,1010,0
2021-11-30 11:33:00,1005,1005,1015,1010,0
2021-11-30 11:34:00,1005,1005,1015,1010,0
2021-11-30 11:35:00,1005,1005,1015,1010,0
2021-11-30 11:36:00,1005,1005,1015,1010,0
2021-11-30 11:37:00,1005,1005,1015,1010,0
2021-11-30 11:38:00,1005,1005,1015,1010,0
2021-11-30 11:39:00,1005,1005,1015,1010,0
2021-11-30 11:40:00,1005,1005,1015,1010,0
2021-11-30 11:41:00,1005,1005,1015,1010,0
2021-11-30 11:42:00,1005,1005,1015,1010,0
2021-11-30 11:43:00,1005,1005,1015,1010,0
2021-11-30 11:44:00,1005,1005,1015,1010,0
2021-11-30 11:45:00,1005,1005,1015,1010,0
2021-11-30 11:46:00,1005,1005,1015,1010,0
2021-11-30 11:47:00,1005,1005,1015,1010,0
2021-11-30 11:48:00,1005,1005,1015,1010,0
2021-11-30 11:49:00,1005,1005,1015,1010,0
2021-11-30 11:50:00,1005,1005,1015,1010,0
2021-11-30 11:51:00,1005,1005,1015,1010,0
2021-11-30 11:52:00,1005,1005,1015,1010,0
2021-11-30 11:53:00,1005,1005,1015,1010,0
2021-11-30 11:54:00,1005,1005,1015,1010,0
2021-11-30 11:55:00,1005,1005,1015,1010,0
2021-11-30 11:56:00,1005,1005,1015,1010,0
2021-11-30 11:57:00,1005,1005,1015,1010,0
2021-11-30 11:58:00,1005,1005,1015,1010,0
2021-11-30 11:59:00,1005,1005,1015,1010,0
2021-11-30 12:00:00,1005,1005,1015,1010,0
2021-11-30 12:01:00,1005,1005,1015,1010,0
2021-11-30 12:02:00,1005,1005,1015,1010,0
2021-11-30 12:03:00,1005,1005,1015,1010,0
2021-11-30 12:04:00,1005,1005,1015,1010,0
2021-11-30 12:05:00,1005,1005,1015,1010,0
2021-11-30 12:06:00,1005,1005,1015,1010,0
2021-11-30 12:07:00,1005,1005,1015,1010,0
2021-11-30 12:08:00,1005,1005,1015,1010,0
2021-11-30 12:09:00,1005,1005,1015,1010,0
2021-11-30 12:10:00,1005,1005,1015,1010,0
2021-11-30 12:11:00,1005,1005,1015,1010,0
2021-11-30 12:12:00,1005,1005,1015,1010,0
2021-11-30 12:13:00,1005,1005,1015,1010,0
2021-11-30 12:14:00,1005,1005,1015,1010,0
2021-11-30 12:15:00,1005,1005,1015,1010,0
2021-11-30 12:16:00,1005,1005,1015,1010,0
2021-11-30 12:17:00,1005,1005,1015,1010,0
2021-11-30 12:18:00,1005,1005,1015,1010,0
2021-11-30 12:19:00,1005,1005,1015,1010,0
2021-11-30 12:20:00,1005,1005,1015,1010,0
2021-11-30 12:21:00,1005,1005,1015,1010,0
2021-11-30 12:22:00,1005,1005,1015,1010,0
2021-11-30 12:23:00,1005,1005,1015,1010,0
2021-11-30 12:24:00,1005,1005,1015,1010,0
2021-11-30 12:25:00,1005,1005,1015,1010,0
2021-11-30 12:26:00,1005,1005,1015,1010,0
2021-11-30 12:27:00,1005,1005,1015,1010,0
2021-11-30 12:28:00,1005,1005,1015,1010,0
2021-11-30 12:29:00,1005,1005,1015,1010,0
2021-11-30 12:30:00,1005,1005,1015,1010,0
2021-11-30 12:31:00,1005,1005,1015,1010,0
2021-11-30 12:32:00,1005,1005,1015,1010,0
2021-11-30 12:33:00,1005,1005,1015,1010,0
2021-11-30 12:34:00,1005,1005,1015,1010,0
2021-11-30 12:35:00,1005,1005,1015,1010,0
2021-11-30 12:36:00,1005,1005,1015,1010,0
2021-11-30 12:37:00,1005,1005,1015,1010,0
2021-11-30 12:38:00,1005,1005,1015,1010,0
2021-11-30 12:39:00,1005,1005,1015,1010,0
2021-11-30 12:40:00,1005,1005,1015,1010,0
2021-11-30 12:41:00,1005,1005,1015,1010,0
2021-11-30 12:42:00,1005,1005,1015,1010,0
2021-11-30 12:43:00,1005,1005,1015,1010,0
2021-11-30 12:44:00,1005,1005,1015,1010,0
2021-11-30 12:45:00,1005,1005,1015,1010,0
2021-11-30 12:46:00,1005,1005,1015,1010,0
2021-11-30 12:47:00,1005,1005,1015,1010,0
2021-11-30 12:48:00,1005,1005,1015,1010,0
2021-11-30 12:49:00,1005,1005,1015,1010,0
2021-11-30 12:50:00,1005,1005,1015,1010,0
2021-11-30 12:51:00,1005,1005,1015,1010,0
2021-11-30 12:52:00,1005,1005,1015,1010,0
2021-11-30 12:53:00,1005,1005,1015,1010,0
2021-11-30 12:54:00,1005,1005,1015,1010,0
2021-11-30 12:55:00,1005,1005,1015,1010,0
2021-11-30 12:56:00,1005,1005,1015,1010,0
2021-11-30 12:57:00,1005,1005,1015,1010,0
2021-11-30 12:58:00,1005,1005,1015,1010,0
2021-11-30 12:59:00,1005,1005,1015,1010,0
2021-11-30 13:00:00,1005,1005,1015,1010,0
2021-11-30 13:01:00,1005,1005,1015,1010,0
2021-11-30 13:02:00,1005,1005,1015,1010,0
2021-11-30 13:03:00,1005,1005,1015,1010,0
2021-11-30 13:04:00,1005,1005,1015,1010,0
2021-11-30 13:05:00,1005,1005,1015,1010,0
2021-11-30 13:06:00,1005,1005,1015,1010,0
2021-11-30 13:07:00,1005,1005,1015,1010,0
2021-11-30 13:08:00,1005,1005,1015,1010,0
2021-11-30 13:09:00,1005,1005,1015,1010,0
2021-11-30 13:10:00,1005,1005,1015,1010,0
2021-11-30 13:11:00,1005,1005,1015,1010,0
2021-11-30 13:12:00,1005,1005,1015,1010,0
2021-11-30 13:13:00,1005,1005,1015,1010,0
2021-11-30 13:14:00,1005,1005,1015,1010,0
2021-11-30 13:15:00,1005,1005,1015,1010,0
2021-11-30 13:16:00,1005,1005,1015,1010,0
2021-11-30 13:17:00,1005,1005,1015,1010,0
2021-11-30 13:18:00,1005,1005,1015,1010,0
2021-11-30 13:19:00,1005,1005,1015,1010,0
2021-11-30 13:20:00,1005,1005,1015,1010,0
2021-11-30 13:21:00,1005,1005,1015,1010,0
2021-11-30 13:22:00,1005,1005,1015,1010,0
2021-11-30 13:23:00,1005,1005,1015,1010,0
2021-11-30 13:24:00,1005,1005,1015,1010,0
2021-11-30 13:25:00,1005,1005,1015,1010,0
2021-11-30 13:26:00,1005,1005,1015,1010,0
2021-11-30 13:27:00,1005,1005,1015,1010,0
2021-11-30 13:28:00,1005,1005,1015,1010,0
2021-11-30 13:29:00,1005,1005,1015,1010,0
2021-11-30 13:30:00,1005,1000,1010,1000,92500
2021-11-30 13:31:00,1000,985,1000,985,184900
2021-11-30 13:32:00,985,985,990,990,95700
2021-11-30 13:33:00,980,980,985,985,26500
2021-11-30 13:34:00,980,980,985,985,13500
2021-11-30 13:35:00,985,985,1010,1010,6400
2021-11-30 13:36:00,1010,985,1010,985,21200
2021-11-30 13:37:00,1000,990,1000,995,6100
2021-11-30 13:38:00,995,995,995,995,3100
2021-11-30 13:39:00,995,995,995,995,20100
2021-11-30 13:40:00,995,995,1000,995,6600
2021-11-30 13:41:00,1000,995,1000,1000,2600
2021-11-30 13:42:00,995,995,995,995,31000
2021-11-30 13:43:00,995,995,995,995,5500
2021-11-30 13:44:00,1000,1000,1000,1000,2100
2021-11-30 13:45:00,1000,1000,1000,1000,13000
2021-11-30 13:46:00,1000,1000,1005,1005,12600
2021-11-30 13:47:00,1005,1005,1005,1005,6100
2021-11-30 13:48:00,1010,1010,1020,1010,47200
2021-11-30 13:49:00,1010,1010,1010,1010,600
2021-11-30 13:50:00,1010,1005,1010,1005,1900
2021-11-30 13:51:00,1005,1005,1005,1005,9200
2021-11-30 13:52:00,1005,1005,1005,1005,4000
2021-11-30 13:53:00,1010,1010,1015,1015,20400
2021-11-30 13:54:00,1015,1015,1020,1020,40700
2021-11-30 13:55:00,1020,1015,1020,1015,24000
2021-11-30 13:56:00,1020,1020,1020,1020,100
2021-11-30 13:57:00,1020,1015,1020,1015,55400
2021-11-30 13:58:00,1010,1010,1015,1015,9300
2021-11-30 13:59:00,1010,1010,1010,1010,23400
2021-11-30 14:00:00,1005,1000,1005,1000,18400
2021-11-30 14:01:00,1000,1000,1000,1000,1000
2021-11-30 14:02:00,1000,1000,1000,1000,2000
2021-11-30 14:03:00,995,995,1000,1000,1400
2021-11-30 14:04:00,1000,995,1000,995,24800
2021-11-30 14:05:00,990,990,995,995,5400
2021-11-30 14:06:00,995,995,1010,1010,30000
2021-11-30 14:07:00,1010,1010,1010,1010,100
2021-11-30 14:08:00,1010,1000,1010,1010,18500
2021-11-30 14:09:00,1005,1005,1005,1005,100
2021-11-30 14:10:00,1005,1005,1005,1005,3000
2021-11-30 14:11:00,1005,1005,1005,1005,4900
2021-11-30 14:12:00,1005,1005,1005,1005,6500
2021-11-30 14:13:00,1010,1010,1010,1010,300
2021-11-30 14:14:00,1010,1010,1010,1010,0
2021-11-30 14:15:00,1005,1005,1005,1005,4300
2021-11-30 14:16:00,1005,1005,1005,1005,1000
2021-11-30 14:17:00,1010,1005,1010,1005,400
2021-11-30 14:18:00,1005,1005,1005,1005,500
2021-11-30 14:19:00,1005,1005,1010,1005,10100
2021-11-30 14:20:00,1005,1005,1010,1005,0
2021-11-30 14:21:00,1005,1005,1005,1005,1600
2021-11-30 14:22:00,1005,1005,1005,1005,10000
2021-11-30 14:23:00,1005,1005,1005,1005,36600
2021-11-30 14:24:00,1005,1005,1005,1005,1100
2021-11-30 14:25:00,1005,1005,1005,1005,0
2021-11-30 14:26:00,1005,1005,1010,1005,17200
2021-11-30 14:27:00,1010,1010,1010,1010,300
2021-11-30 14:28:00,1010,1010,1010,1010,19900
2021-11-30 14:29:00,1005,1005,1005,1005,14300
2021-11-30 14:30:00,1005,1005,1005,1005,47400
2021-11-30 14:31:00,1010,1010,1010,1010,700
2021-11-30 14:32:00,1010,1010,1010,1010,500
2021-11-30 14:33:00,1010,1005,1010,1005,12100
2021-11-30 14:34:00,1010,1010,1010,1010,6800
2021-11-30 14:35:00,1010,1010,1010,1010,100
2021-11-30 14:36:00,1010,1010,1010,1010,0
2021-11-30 14:37:00,1015,1010,1015,1010,200
2021-11-30 14:38:00,1015,1015,1015,1015,39200
2021-11-30 14:39:00,1010,1010,1015,1015,12600
2021-11-30 14:40:00,1015,1015,1015,1015,1100
2021-11-30 14:41:00,1015,1010,1015,1015,14900
2021-11-30 14:42:00,1015,1015,1015,1015,11000
2021-11-30 14:43:00,1015,1015,1015,1015,0
2021-11-30 14:44:00,1010,1010,1010,1010,17900
2021-11-30 14:45:00,1010,1010,1010,1010,13100
2021-11-30 14:46:00,1010,1010,1010,1010,4600
2021-11-30 14:47:00,1010,1010,1015,1010,19200
2021-11-30 14:48:00,1010,1010,1015,1010,0
2021-11-30 14:49:00,1015,1010,1015,1015,41600
2021-11-30 14:50:00,1010,1010,1010,1010,200
2021-11-30 14:51:00,1010,1010,1010,1010,0
2021-11-30 14:52:00,1010,1010,1010,1010,0
2021-11-30 14:53:00,1010,1010,1010,1010,0
2021-11-30 14:54:00,1010,1010,1010,1010,0
2021-11-30 14:55:00,1010,1010,1010,1010,0
2021-11-30 14:56:00,1010,1010,1010,1010,0
2021-11-30 14:57:00,1010,1010,1010,1010,0
2021-11-30 14:58:00,1010,1010,1010,1010,0
2021-11-30 14:59:00,1010,1010,1010,1010,0
2021-11-30 15:00:00,1020,1020,1020,1020,175300
2021-11-30 15:01:00,1020,1020,1020,1020,0
2021-11-30 15:02:00,1020,1020,1020,1020,0
2021-11-30 15:03:00,1020,1020,1020,1020,0
2021-11-30 15:04:00,1020,1020,1020,1020,0
2021-11-30 15:05:00,1020,1020,1020,1020,43900
2021-11-30 15:06:00,1020,1020,1020,1020,48700
2021-11-30 15:07:00,1020,1020,1020,1020,0
2021-11-30 15:08:00,1020,1020,1020,1020,0
2021-11-30 15:09:00,1020,1020,1020,1020,4700
2021-11-30 15:10:00,1020,1020,1020,1020,7100
2021-11-30 15:11:00,1020,1020,1020,1020,300
2021-11-30 15:12:00,1020,1020,1020,1020,1000
2021-11-30 15:13:00,1020,1020,1020,1020,0
2021-11-30 15:14:00,1020,1020,1020,1020,400
2021-11-30 15:15:00,1020,1020,1020,1020,0
2021-11-30 15:16:00,1020,1020,1020,1020,0
2021-11-30 15:17:00,1020,1020,1020,1020,0
2021-11-30 15:18:00,1020,1020,1020,1020,0
2021-11-30 15:19:00,1020,1020,1020,1020,0
2021-11-30 15:20:00,1020,1020,1020,1020,0
2021-11-30 15:21:00,1020,1020,1020,1020,0
2021-11-30 15:22:00,1020,1020,1020,1020,0
2021-11-30 15:23:00,1020,1020,1020,1020,0
2021-11-30 15:24:00,1020,1020,1020,1020,0
2021-11-30 15:25:00,1020,1020,1020,1020,0
2021-11-30 15:26:00,1020,1020,1020,1020,0
2021-11-30 15:27:00,1020,1020,1020,1020,0
2021-11-30 15:28:00,1020,1020,1020,1020,0
2021-11-30 15:29:00,1020,1020,1020,1020,0
2021-11-30 15:30:00,1020,1020,1020,1020,0
2021-11-30 15:31:00,1020,1020,1020,1020,0
2021-11-30 15:32:00,1020,1020,1020,1020,0
2021-11-30 15:33:00,1020,1020,1020,1020,0
2021-11-30 15:34:00,1020,1020,1020,1020,0
2021-11-30 15:35:00,1020,1020,1020,1020,0
2021-11-30 15:36:00,1020,1020,1020,1020,0
2021-11-30 15:37:00,1020,1020,1020,1020,0
2021-11-30 15:38:00,1020,1020,1020,1020,0
2021-11-30 15:39:00,1020,1020,1020,1020,0
2021-11-30 15:40:00,1020,1020,1020,1020,0
2021-11-30 15:41:00,1020,1020,1020,1020,0
2021-11-30 15:42:00,1020,1020,1020,1020,0
2021-11-30 15:43:00,1020,1020,1020,1020,0
2021-11-30 15:44:00,1020,1020,1020,1020,0
2021-11-30 15:45:00,1020,1020,1020,1020,0
2021-11-30 15:46:00,1020,1020,1020,1020,0
2021-11-30 15:47:00,1020,1020,1020,1020,0
2021-11-30 15:48:00,1020,1020,1020,1020,0
2021-11-30 15:49:00,1020,1020,1020,1020,0
2021-11-30 15:50:00,1020,1020,1020,1020,0
2021-11-30 15:51:00,1020,1020,1020,1020,0
2021-11-30 15:52:00,1020,1020,1020,1020,0
2021-11-30 15:53:00,1020,1020,1020,1020,0
2021-11-30 15:54:00,1020,1020,1020,1020,0
2021-11-30 15:55:00,1020,1020,1020,1020,0
2021-11-30 15:56:00,1020,1020,1020,1020,0
2021-11-30 15:57:00,1020,1020,1020,1020,0
2021-11-30 15:58:00,1020,1020,1020,1020,0
2021-11-30 15:59:00,1020,1020,1020,1020,0
2021-12-01 09:00:00,1020,1020,1095,1055,0
2021-12-01 09:01:00,1040,1025,1055,1050,187400
2021-12-01 09:02:00,1050,1040,1075,1075,74400
2021-12-01 09:03:00,1075,1060,1075,1070,69300
2021-12-01 09:04:00,1070,1070,1090,1090,79800
2021-12-01 09:05:00,1090,1090,1140,1110,184700
2021-12-01 09:06:00,1110,1095,1120,1100,186100
2021-12-01 09:07:00,1100,1090,1115,1090,108800
2021-12-01 09:08:00,1090,1070,1095,1070,91300
2021-12-01 09:09:00,1065,1045,1065,1045,82300
2021-12-01 09:10:00,1045,1025,1045,1025,136900
2021-12-01 09:11:00,1025,1020,1040,1025,257200
2021-12-01 09:12:00,1025,1020,1025,1020,56000
2021-12-01 09:13:00,1020,1020,1025,1025,3200
2021-12-01 09:14:00,1035,1025,1050,1025,31800
2021-12-01 09:15:00,1025,1025,1040,1030,15000
2021-12-01 09:16:00,1030,1030,1040,1030,13600
2021-12-01 09:17:00,1030,1030,1030,1030,22500
2021-12-01 09:18:00,1025,1020,1025,1020,144400
2021-12-01 09:19:00,1030,1025,1030,1030,11200
2021-12-01 09:20:00,1030,1030,1030,1030,200
2021-12-01 09:21:00,1020,1020,1025,1020,15200
2021-12-01 09:22:00,1025,1025,1025,1025,1000
2021-12-01 09:23:00,1025,1005,1025,1005,216900
2021-12-01 09:24:00,1000,970,1000,970,247700
2021-12-01 09:25:00,970,960,980,960,113000
2021-12-01 09:26:00,965,965,970,965,31900
2021-12-01 09:27:00,965,965,985,985,15800
2021-12-01 09:28:00,995,995,1010,1000,33900
2021-12-01 09:29:00,1010,1000,1010,1000,32700
2021-12-01 09:30:00,995,995,1000,1000,17900
2021-12-01 09:31:00,995,995,995,995,14100
2021-12-01 09:32:00,985,980,985,985,10500
2021-12-01 09:33:00,1000,985,1000,995,19000
2021-12-01 09:34:00,1000,1000,1005,1000,14800
2021-12-01 09:35:00,1010,1010,1025,1015,14300
2021-12-01 09:36:00,1025,1025,1025,1025,5000
2021-12-01 09:37:00,1025,1020,1025,1025,24900
2021-12-01 09:38:00,1020,1020,1020,1020,46700
2021-12-01 09:39:00,1020,1020,1020,1020,0
2021-12-01 09:40:00,1015,1015,1020,1020,2000
2021-12-01 09:41:00,1015,1015,1020,1020,400
2021-12-01 09:42:00,1010,1010,1010,1010,300
2021-12-01 09:43:00,1015,1015,1020,1020,10700
2021-12-01 09:44:00,1020,1020,1020,1020,200
2021-12-01 09:45:00,1020,1010,1020,1010,5900
2021-12-01 09:46:00,1010,1000,1010,1000,18800
2021-12-01 09:47:00,1000,990,1000,990,8400
2021-12-01 09:48:00,985,985,1000,1000,8100
2021-12-01 09:49:00,1000,1000,1010,1000,7000
2021-12-01 09:50:00,1000,1000,1010,1010,1100
2021-12-01 09:51:00,1000,1000,1010,1010,0
2021-12-01 09:52:00,1010,1010,1010,1010,5000
2021-12-01 09:53:00,1010,1010,1010,1010,0
2021-12-01 09:54:00,1005,1005,1005,1005,800
2021-12-01 09:55:00,1005,1005,1005,1005,3300
2021-12-01 09:56:00,1005,1005,1005,1005,1000
2021-12-01 09:57:00,1000,1000,1000,1000,10700
2021-12-01 09:58:00,1000,1000,1000,1000,500
2021-12-01 09:59:00,1000,1000,1000,1000,0
2021-12-01 10:00:00,995,995,1005,1005,16600
2021-12-01 10:01:00,1005,1005,1005,1005,7400
2021-12-01 10:02:00,1000,1000,1000,1000,100
2021-12-01 10:03:00,1000,1000,1000,1000,0
2021-12-01 10:04:00,1000,1000,1000,1000,0
2021-12-01 10:05:00,1000,1000,1000,1000,10700
2021-12-01 10:06:00,1000,1000,1000,1000,6900
2021-12-01 10:07:00,1000,1000,1000,1000,0
2021-12-01 10:08:00,1000,1000,1000,1000,0
2021-12-01 10:09:00,1000,1000,1000,1000,100
2021-12-01 10:10:00,995,995,1000,995,6100
2021-12-01 10:11:00,1000,990,1000,990,40500
2021-12-01 10:12:00,985,985,985,985,21500
2021-12-01 10:13:00,990,990,990,990,13900
2021-12-01 10:14:00,985,985,985,985,100
2021-12-01 10:15:00,990,970,990,970,121300
2021-12-01 10:16:00,985,985,985,985,33700
2021-12-01 10:17:00,985,985,990,990,8200
2021-12-01 10:18:00,990,990,990,990,1600
2021-12-01 10:19:00,985,980,985,980,73100
2021-12-01 10:20:00,985,985,985,985,37500
2021-12-01 10:21:00,980,980,985,985,3100
2021-12-01 10:22:00,980,980,985,985,0
2021-12-01 10:23:00,980,980,985,985,5200
2021-12-01 10:24:00,985,985,990,990,7900
2021-12-01 10:25:00,990,990,990,990,17100
2021-12-01 10:26:00,990,990,990,990,0
2021-12-01 10:27:00,995,995,995,995,200
2021-12-01 10:28:00,990,990,990,990,12000
2021-12-01 10:29:00,990,990,1000,1000,1700
2021-12-01 10:30:00,1000,1000,1000,1000,500
2021-12-01 10:31:00,1000,1000,1000,1000,0
2021-12-01 10:32:00,1000,1000,1000,1000,5100
2021-12-01 10:33:00,1005,1005,1005,1005,100
2021-12-01 10:34:00,1005,1000,1005,1000,6000
2021-12-01 10:35:00,1000,1000,1000,1000,4000
2021-12-01 10:36:00,1000,1000,1000,1000,0
2021-12-01 10:37:00,1000,1000,1000,1000,0
2021-12-01 10:38:00,1000,1000,1000,1000,0
2021-12-01 10:39:00,1000,1000,1000,1000,4000
2021-12-01 10:40:00,1005,1000,1005,1005,31000
2021-12-01 10:41:00,1000,1000,1000,1000,900
2021-12-01 10:42:00,1005,1000,1005,1000,4300
2021-12-01 10:43:00,1005,1005,1005,1005,700
2021-12-01 10:44:00,1005,1005,1005,1005,400
2021-12-01 10:45:00,1000,995,1000,995,54500
2021-12-01 10:46:00,1000,1000,1005,1005,11000
2021-12-01 10:47:00,1005,1005,1005,1005,1000
2021-12-01 10:48:00,1005,1005,1005,1005,0
2021-12-01 10:49:00,1005,1005,1005,1005,100
2021-12-01 10:50:00,1005,1000,1005,1000,5800
2021-12-01 10:51:00,1005,1000,1005,1000,0
2021-12-01 10:52:00,1000,1000,1000,1000,1000
2021-12-01 10:53:00,1000,1000,1000,1000,0
2021-12-01 10:54:00,1000,1000,1000,1000,1000
2021-12-01 10:55:00,1005,1005,1005,1005,200
2021-12-01 10:56:00,1005,1005,1005,1005,0
2021-12-01 10:57:00,1005,1005,1005,1005,0
2021-12-01 10:58:00,1005,1005,1005,1005,0
2021-12-01 10:59:00,1005,1005,1005,1005,500
2021-12-01 11:00:00,1000,1000,1000,1000,17600
2021-12-01 11:01:00,1005,1005,1005,1005,1000
2021-12-01 11:02:00,1005,1005,1005,1005,0
2021-12-01 11:03:00,1005,1005,1005,1005,0
2021-12-01 11:04:00,1005,1005,1005,1005,0
2021-12-01 11:05:00,1000,995,1000,995,38200
2021-12-01 11:06:00,1000,995,1000,995,0
2021-12-01 11:07:00,1000,995,1000,995,0
2021-12-01 11:08:00,1000,1000,1000,1000,100
2021-12-01 11:09:00,1000,1000,1000,1000,0
2021-12-01 11:10:00,1000,1000,1000,1000,0
2021-12-01 11:11:00,995,995,1000,1000,2100
2021-12-01 11:12:00,1000,1000,1005,1005,16500
2021-12-01 11:13:00,1010,1010,1010,1010,15400
2021-12-01 11:14:00,1015,1015,1015,1015,2700
2021-12-01 11:15:00,1015,1015,1020,1020,19000
2021-12-01 11:16:00,1020,1015,1020,1020,3300
2021-12-01 11:17:00,1015,1015,1015,1015,2900
2021-12-01 11:18:00,1015,1015,1015,1015,15300
2021-12-01 11:19:00,1015,1015,1015,1015,0
2021-12-01 11:20:00,1015,1015,1015,1015,0
2021-12-01 11:21:00,1015,1015,1015,1015,0
2021-12-01 11:22:00,1010,1010,1010,1010,11900
2021-12-01 11:23:00,1010,1010,1010,1010,0
2021-12-01 11:24:00,1000,1000,1000,1000,5000
2021-12-01 11:25:00,1000,1000,1000,1000,0
2021-12-01 11:26:00,1000,1000,1000,1000,0
2021-12-01 11:27:00,1000,1000,1000,1000,1000
2021-12-01 11:28:00,1000,1000,1000,1000,1000
2021-12-01 11:29:00,1000,1000,1000,1000,5000
2021-12-01 11:30:00,1000,1000,1000,1000,0
2021-12-01 11:31:00,1000,1000,1000,1000,0
2021-12-01 11:32:00,1000,1000,1000,1000,0
2021-12-01 11:33:00,1000,1000,1000,1000,0
2021-12-01 11:34:00,1000,1000,1000,1000,0
2021-12-01 11:35:00,1000,1000,1000,1000,0
2021-12-01 11:36:00,1000,1000,1000,1000,0
2021-12-01 11:37:00,1000,1000,1000,1000,0
2021-12-01 11:38:00,1000,1000,1000,1000,0
2021-12-01 11:39:00,1000,1000,1000,1000,0
2021-12-01 11:40:00,1000,1000,1000,1000,0
2021-12-01 11:41:00,1000,1000,1000,1000,0
2021-12-01 11:42:00,1000,1000,1000,1000,0
2021-12-01 11:43:00,1000,1000,1000,1000,0
2021-12-01 11:44:00,1000,1000,1000,1000,0
2021-12-01 11:45:00,1000,1000,1000,1000,0
2021-12-01 11:46:00,1000,1000,1000,1000,0
2021-12-01 11:47:00,1000,1000,1000,1000,0
2021-12-01 11:48:00,1000,1000,1000,1000,0
2021-12-01 11:49:00,1000,1000,1000,1000,0
2021-12-01 11:50:00,1000,1000,1000,1000,0
2021-12-01 11:51:00,1000,1000,1000,1000,0
2021-12-01 11:52:00,1000,1000,1000,1000,0
2021-12-01 11:53:00,1000,1000,1000,1000,0
2021-12-01 11:54:00,1000,1000,1000,1000,0
2021-12-01 11:55:00,1000,1000,1000,1000,0
2021-12-01 11:56:00,1000,1000,1000,1000,0
2021-12-01 11:57:00,1000,1000,1000,1000,0
2021-12-01 11:58:00,1000,1000,1000,1000,0
2021-12-01 11:59:00,1000,1000,1000,1000,0
2021-12-01 12:00:00,1000,1000,1000,1000,0
2021-12-01 12:01:00,1000,1000,1000,1000,0
2021-12-01 12:02:00,1000,1000,1000,1000,0
2021-12-01 12:03:00,1000,1000,1000,1000,0
2021-12-01 12:04:00,1000,1000,1000,1000,0
2021-12-01 12:05:00,1000,1000,1000,1000,0
2021-12-01 12:06:00,1000,1000,1000,1000,0
2021-12-01 12:07:00,1000,1000,1000,1000,0
2021-12-01 12:08:00,1000,1000,1000,1000,0
2021-12-01 12:09:00,1000,1000,1000,1000,0
2021-12-01 12:10:00,1000,1000,1000,1000,0
2021-12-01 12:11:00,1000,1000,1000,1000,0
2021-12-01 12:12:00,1000,1000,1000,1000,0
2021-12-01 12:13:00,1000,1000,1000,1000,0
2021-12-01 12:14:00,1000,1000,1000,1000,0
2021-12-01 12:15:00,1000,1000,1000,1000,0
2021-12-01 12:16:00,1000,1000,1000,1000,0
2021-12-01 12:17:00,1000,1000,1000,1000,0
2021-12-01 12:18:00,1000,1000,1000,1000,0
2021-12-01 12:19:00,1000,1000,1000,1000,0
2021-12-01 12:20:00,1000,1000,1000,1000,0
2021-12-01 12:21:00,1000,1000,1000,1000,0
2021-12-01 12:22:00,1000,1000,1000,1000,0
2021-12-01 12:23:00,1000,1000,1000,1000,0
2021-12-01 12:24:00,1000,1000,1000,1000,0
2021-12-01 12:25:00,1000,1000,1000,1000,0
2021-12-01 12:26:00,1000,1000,1000,1000,0
2021-12-01 12:27:00,1000,1000,1000,1000,0
2021-12-01 12:28:00,1000,1000,1000,1000,0
2021-12-01 12:29:00,1000,1000,1000,1000,0
2021-12-01 12:30:00,1000,1000,1000,1000,0
2021-12-01 12:31:00,1000,1000,1000,1000,0
2021-12-01 12:32:00,1000,1000,1000,1000,0
2021-12-01 12:33:00,1000,1000,1000,1000,0
2021-12-01 12:34:00,1000,1000,1000,1000,0
2021-12-01 12:35:00,1000,1000,1000,1000,0
2021-12-01 12:36:00,1000,1000,1000,1000,0
2021-12-01 12:37:00,1000,1000,1000,1000,0
2021-12-01 12:38:00,1000,1000,1000,1000,0
2021-12-01 12:39:00,1000,1000,1000,1000,0
2021-12-01 12:40:00,1000,1000,1000,1000,0
2021-12-01 12:41:00,1000,1000,1000,1000,0
2021-12-01 12:42:00,1000,1000,1000,1000,0
2021-12-01 12:43:00,1000,1000,1000,1000,0
2021-12-01 12:44:00,1000,1000,1000,1000,0
2021-12-01 12:45:00,1000,1000,1000,1000,0
2021-12-01 12:46:00,1000,1000,1000,1000,0
2021-12-01 12:47:00,1000,1000,1000,1000,0
2021-12-01 12:48:00,1000,1000,1000,1000,0
2021-12-01 12:49:00,1000,1000,1000,1000,0
2021-12-01 12:50:00,1000,1000,1000,1000,0
2021-12-01 12:51:00,1000,1000,1000,1000,0
2021-12-01 12:52:00,1000,1000,1000,1000,0
2021-12-01 12:53:00,1000,1000,1000,1000,0
2021-12-01 12:54:00,1000,1000,1000,1000,0
2021-12-01 12:55:00,1000,1000,1000,1000,0
2021-12-01 12:56:00,1000,1000,1000,1000,0
2021-12-01 12:57:00,1000,1000,1000,1000,0
2021-12-01 12:58:00,1000,1000,1000,1000,0
2021-12-01 12:59:00,1000,1000,1000,1000,0
2021-12-01 13:00:00,1000,1000,1000,1000,0
2021-12-01 13:01:00,1000,1000,1000,1000,0
2021-12-01 13:02:00,1000,1000,1000,1000,0
2021-12-01 13:03:00,1000,1000,1000,1000,0
2021-12-01 13:04:00,1000,1000,1000,1000,0
2021-12-01 13:05:00,1000,1000,1000,1000,0
2021-12-01 13:06:00,1000,1000,1000,1000,0
2021-12-01 13:07:00,1000,1000,1000,1000,0
2021-12-01 13:08:00,1000,1000,1000,1000,0
2021-12-01 13:09:00,1000,1000,1000,1000,0
2021-12-01 13:10:00,1000,1000,1000,1000,0
2021-12-01 13:11:00,1000,1000,1000,1000,0
2021-12-01 13:12:00,1000,1000,1000,1000,0
2021-12-01 13:13:00,1000,1000,1000,1000,0
2021-12-01 13:14:00,1000,1000,1000,1000,0
2021-12-01 13:15:00,1000,1000,1000,1000,0
2021-12-01 13:16:00,1000,1000,1000,1000,0
2021-12-01 13:17:00,1000,1000,1000,1000,0
2021-12-01 13:18:00,1000,1000,1000,1000,0
2021-12-01 13:19:00,1000,1000,1000,1000,0
2021-12-01 13:20:00,1000,1000,1000,1000,0
2021-12-01 13:21:00,1000,1000,1000,1000,0
2021-12-01 13:22:00,1000,1000,1000,1000,0
2021-12-01 13:23:00,1000,1000,1000,1000,0
2021-12-01 13:24:00,1000,1000,1000,1000,0
2021-12-01 13:25:00,1000,1000,1000,1000,0
2021-12-01 13:26:00,1000,1000,1000,1000,0
2021-12-01 13:27:00,1000,1000,1000,1000,0
2021-12-01 13:28:00,1000,1000,1000,1000,0
2021-12-01 13:29:00,1000,1000,1000,1000,0
2021-12-01 13:30:00,1000,1000,1000,1000,600
2021-12-01 13:31:00,1010,1010,1010,1010,600
2021-12-01 13:32:00,1015,1015,1015,1015,100
2021-12-01 13:33:00,1015,1010,1015,1010,2400
2021-12-01 13:34:00,1010,1010,1015,1015,13000
2021-12-01 13:35:00,1015,1015,1015,1015,2400
2021-12-01 13:36:00,1015,1015,1015,1015,1000
2021-12-01 13:37:00,1020,1020,1020,1020,100
2021-12-01 13:38:00,1010,1010,1020,1020,5300
2021-12-01 13:39:00,1020,1010,1020,1015,4600
2021-12-01 13:40:00,1020,1010,1020,1015,0
2021-12-01 13:41:00,1010,1010,1010,1010,100
2021-12-01 13:42:00,1015,1015,1015,1015,3000
2021-12-01 13:43:00,1020,1020,1020,1020,16400
2021-12-01 13:44:00,1020,1020,1020,1020,17800
2021-12-01 13:45:00,1020,1020,1020,1020,0
2021-12-01 13:46:00,1025,1025,1025,1025,1800
2021-12-01 13:47:00,1025,1020,1025,1025,18200
2021-12-01 13:48:00,1025,1020,1025,1020,9400
2021-12-01 13:49:00,1025,1020,1025,1020,0
2021-12-01 13:50:00,1025,1025,1025,1025,500
2021-12-01 13:51:00,1025,1020,1025,1020,1100
2021-12-01 13:52:00,1025,1025,1025,1025,3900
2021-12-01 13:53:00,1030,1030,1040,1035,64200
2021-12-01 13:54:00,1035,1035,1040,1040,25900
2021-12-01 13:55:00,1040,1040,1045,1045,14300
2021-12-01 13:56:00,1045,1040,1045,1045,12900
2021-12-01 13:57:00,1050,1045,1050,1045,51700
2021-12-01 13:58:00,1050,1045,1050,1045,27500
2021-12-01 13:59:00,1040,1040,1040,1040,3100
2021-12-01 14:00:00,1035,1035,1040,1035,5100
2021-12-01 14:01:00,1035,1035,1035,1035,32700
2021-12-01 14:02:00,1035,1035,1035,1035,0
2021-12-01 14:03:00,1035,1035,1040,1040,4900
2021-12-01 14:04:00,1040,1040,1040,1040,6400
2021-12-01 14:05:00,1040,1035,1040,1040,54600
2021-12-01 14:06:00,1040,1040,1040,1040,20100
2021-12-01 14:07:00,1040,1040,1040,1040,4200
2021-12-01 14:08:00,1040,1040,1040,1040,4300
2021-12-01 14:09:00,1040,1040,1040,1040,0
2021-12-01 14:10:00,1035,1035,1035,1035,5000
2021-12-01 14:11:00,1035,1035,1035,1035,500
2021-12-01 14:12:00,1035,1035,1035,1035,0
2021-12-01 14:13:00,1035,1035,1035,1035,0
2021-12-01 14:14:00,1040,1035,1040,1035,4272300
2021-12-01 14:15:00,1040,1035,1040,1035,0
2021-12-01 14:16:00,1030,1030,1030,1030,2300
2021-12-01 14:17:00,1030,1030,1030,1030,1200
2021-12-01 14:18:00,1030,1030,1030,1030,4600
2021-12-01 14:19:00,1030,1030,1030,1030,0
2021-12-01 14:20:00,1030,1030,1030,1030,0
2021-12-01 14:21:00,1030,1030,1030,1030,3700
2021-12-01 14:22:00,1030,1030,1030,1030,0
2021-12-01 14:23:00,1035,1035,1035,1035,16000
2021-12-01 14:24:00,1035,1035,1035,1035,0
2021-12-01 14:25:00,1035,1035,1035,1035,0
2021-12-01 14:26:00,1030,1030,1030,1030,70000
2021-12-01 14:27:00,1035,1035,1035,1035,1000
2021-12-01 14:28:00,1030,1030,1035,1035,4100
2021-12-01 14:29:00,1030,1030,1035,1035,0
2021-12-01 14:30:00,1030,1030,1035,1035,0
2021-12-01 14:31:00,1030,1030,1035,1035,0
2021-12-01 14:32:00,1030,1030,1030,1030,800
2021-12-01 14:33:00,1035,1030,1035,1030,68700
2021-12-01 14:34:00,1030,1030,1030,1030,22600
2021-12-01 14:35:00,1035,1035,1035,1035,700
2021-12-01 14:36:00,1035,1035,1035,1035,100
2021-12-01 14:37:00,1035,1035,1035,1035,0
2021-12-01 14:38:00,1035,1035,1035,1035,0
2021-12-01 14:39:00,1035,1035,1035,1035,6900
2021-12-01 14:40:00,1035,1035,1035,1035,0
2021-12-01 14:41:00,1030,1030,1035,1035,4500
2021-12-01 14:42:00,1035,1035,1035,1035,500
2021-12-01 14:43:00,1035,1035,1035,1035,5000
2021-12-01 14:44:00,1035,1035,1035,1035,0
2021-12-01 14:45:00,1035,1035,1035,1035,100
2021-12-01 14:46:00,1035,1035,1035,1035,0
2021-12-01 14:47:00,1035,1035,1035,1035,0
2021-12-01 14:48:00,1030,1030,1035,1035,17400
2021-12-01 14:49:00,1030,1030,1030,1030,12000
2021-12-01 14:50:00,1030,1030,1030,1030,0
2021-12-01 14:51:00,1030,1030,1030,1030,0
2021-12-01 14:52:00,1030,1030,1030,1030,0
2021-12-01 14:53:00,1030,1030,1030,1030,0
2021-12-01 14:54:00,1030,1030,1030,1030,0
2021-12-01 14:55:00,1030,1030,1030,1030,0
2021-12-01 14:56:00,1030,1030,1030,1030,0
2021-12-01 14:57:00,1030,1030,1030,1030,0
2021-12-01 14:58:00,1030,1030,1030,1030,0
2021-12-01 14:59:00,1030,1030,1030,1030,0
2021-12-01 15:00:00,1040,1040,1040,1040,72200
2021-12-01 15:01:00,1040,1040,1040,1040,0
2021-12-01 15:02:00,1040,1040,1040,1040,0
2021-12-01 15:03:00,1040,1040,1040,1040,0
2021-12-01 15:04:00,1040,1040,1040,1040,0
2021-12-01 15:05:00,1040,1040,1040,1040,1900
2021-12-01 15:06:00,1040,1040,1040,1040,10500
2021-12-01 15:07:00,1040,1040,1040,1040,22500
2021-12-01 15:08:00,1040,1040,1040,1040,1600
2021-12-01 15:09:00,1040,1040,1040,1040,1000
2021-12-01 15:10:00,1040,1040,1040,1040,0
2021-12-01 15:11:00,1040,1040,1040,1040,0
2021-12-01 15:12:00,1040,1040,1040,1040,0
2021-12-01 15:13:00,1040,1040,1040,1040,0
2021-12-01 15:14:00,1040,1040,1040,1040,400
2021-12-01 15:15:00,1040,1040,1040,1040,0
2021-12-01 15:16:00,1040,1040,1040,1040,0
2021-12-01 15:17:00,1040,1040,1040,1040,0
2021-12-01 15:18:00,1040,1040,1040,1040,0
2021-12-01 15:19:00,1040,1040,1040,1040,0
2021-12-01 15:20:00,1040,1040,1040,1040,0
2021-12-01 15:21:00,1040,1040,1040,1040,0
2021-12-01 15:22:00,1040,1040,1040,1040,0
2021-12-01 15:23:00,1040,1040,1040,1040,0
2021-12-01 15:24:00,1040,1040,1040,1040,0
2021-12-01 15:25:00,1040,1040,1040,1040,0
2021-12-01 15:26:00,1040,1040,1040,1040,0
2021-12-01 15:27:00,1040,1040,1040,1040,0
2021-12-01 15:28:00,1040,1040,1040,1040,0
2021-12-01 15:29:00,1040,1040,1040,1040,0
2021-12-01 15:30:00,1040,1040,1040,1040,0
2021-12-01 15:31:00,1040,1040,1040,1040,0
2021-12-01 15:32:00,1040,1040,1040,1040,0
2021-12-01 15:33:00,1040,1040,1040,1040,0
2021-12-01 15:34:00,1040,1040,1040,1040,0
2021-12-01 15:35:00,1040,1040,1040,1040,0
2021-12-01 15:36:00,1040,1040,1040,1040,0
2021-12-01 15:37:00,1040,1040,1040,1040,0
2021-12-01 15:38:00,1040,1040,1040,1040,0
2021-12-01 15:39:00,1040,1040,1040,1040,0
2021-12-01 15:40:00,1040,1040,1040,1040,0
2021-12-01 15:41:00,1040,1040,1040,1040,0
2021-12-01 15:42:00,1040,1040,1040,1040,0
2021-12-01 15:43:00,1040,1040,1040,1040,0
2021-12-01 15:44:00,1040,1040,1040,1040,0
2021-12-01 15:45:00,1040,1040,1040,1040,0
2021-12-01 15:46:00,1040,1040,1040,1040,0
2021-12-01 15:47:00,1040,1040,1040,1040,0
2021-12-01 15:48:00,1040,1040,1040,1040,0
2021-12-01 15:49:00,1040,1040,1040,1040,0
2021-12-01 15:50:00,1040,1040,1040,1040,0
2021-12-01 15:51:00,1040,1040,1040,1040,0
2021-12-01 15:52:00,1040,1040,1040,1040,0
2021-12-01 15:53:00,1040,1040,1040,1040,0
2021-12-01 15:54:00,1040,1040,1040,1040,0
2021-12-01 15:55:00,1040,1040,1040,1040,0
2021-12-01 15:56:00,1040,1040,1040,1040,0
2021-12-01 15:57:00,1040,1040,1040,1040,0
2021-12-01 15:58:00,1040,1040,1040,1040,0
2021-12-01 15:59:00,1040,1040,1040,1040,0
2021-12-02 09:00:00,1050,1030,1050,1050,0
2021-12-02 09:01:00,1050,1045,1050,1045,20600
2021-12-02 09:02:00,1045,1045,1050,1050,2900
2021-12-02 09:03:00,1050,1050,1050,1050,700
2021-12-02 09:04:00,1050,1050,1050,1050,0
2021-12-02 09:05:00,1050,1045,1050,1045,14200
2021-12-02 09:06:00,1050,1050,1050,1050,26000
2021-12-02 09:07:00,1050,1050,1050,1050,38400
2021-12-02 09:08:00,1050,1050,1050,1050,13800
2021-12-02 09:09:00,1050,1045,1050,1045,10200
2021-12-02 09:10:00,1050,1045,1050,1045,0
2021-12-02 09:11:00,1045,1045,1045,1045,14000
2021-12-02 09:12:00,1050,1050,1050,1050,100
2021-12-02 09:13:00,1045,1045,1045,1045,16200
2021-12-02 09:14:00,1045,1045,1045,1045,6600
2021-12-02 09:15:00,1045,1045,1045,1045,7000
2021-12-02 09:16:00,1045,1045,1045,1045,2000
2021-12-02 09:17:00,1045,1045,1045,1045,1000
2021-12-02 09:18:00,1045,1045,1045,1045,10000
2021-12-02 09:19:00,1045,1045,1045,1045,0
2021-12-02 09:20:00,1045,1040,1045,1045,2300
2021-12-02 09:21:00,1045,1040,1045,1040,25000
2021-12-02 09:22:00,1040,1040,1040,1040,8000
2021-12-02 09:23:00,1040,1040,1045,1045,2000
2021-12-02 09:24:00,1045,1045,1045,1045,16600
2021-12-02 09:25:00,1045,1045,1045,1045,0
2021-12-02 09:26:00,1050,1050,1050,1050,32500
2021-12-02 09:27:00,1045,1045,1055,1050,64900
2021-12-02 09:28:00,1050,1050,1050,1050,1000
2021-12-02 09:29:00,1050,1050,1050,1050,0
2021-12-02 09:30:00,1050,1050,1050,1050,0
2021-12-02 09:31:00,1050,1050,1060,1060,40000
2021-12-02 09:32:00,1060,1060,1070,1070,68800
2021-12-02 09:33:00,1075,1070,1075,1075,39100
2021-12-02 09:34:00,1075,1075,1080,1080,52200
2021-12-02 09:35:00,1085,1080,1090,1085,118500
2021-12-02 09:36:00,1085,1085,1090,1090,64700
2021-12-02 09:37:00,1090,1085,1095,1095,160400
2021-12-02 09:38:00,1095,1090,1095,1090,107600
2021-12-02 09:39:00,1090,1085,1095,1085,132900
2021-12-02 09:40:00,1085,1080,1090,1085,20600
2021-12-02 09:41:00,1080,1075,1080,1075,3400
2021-12-02 09:42:00,1075,1075,1075,1075,4700
2021-12-02 09:43:00,1075,1065,1075,1070,21400
2021-12-02 09:44:00,1065,1065,1065,1065,26800
2021-12-02 09:45:00,1070,1070,1070,1070,3700
2021-12-02 09:46:00,1065,1065,1070,1070,11000
2021-12-02 09:47:00,1065,1065,1070,1070,0
2021-12-02 09:48:00,1070,1070,1070,1070,3200
2021-12-02 09:49:00,1070,1050,1080,1080,212500
2021-12-02 09:50:00,1080,1080,1080,1080,600
2021-12-02 09:51:00,1070,1070,1070,1070,18800
2021-12-02 09:52:00,1060,1060,1060,1060,39500
2021-12-02 09:53:00,1060,1060,1060,1060,17500
2021-12-02 09:54:00,1060,1060,1060,1060,6200
2021-12-02 09:55:00,1060,1060,1065,1065,800
2021-12-02 09:56:00,1065,1065,1070,1070,3000
2021-12-02 09:57:00,1070,1065,1070,1065,60000
2021-12-02 09:58:00,1070,1065,1070,1065,1000
2021-12-02 09:59:00,1070,1065,1070,1065,0
2021-12-02 10:00:00,1065,1065,1065,1065,1000
2021-12-02 10:01:00,1065,1065,1065,1065,0
2021-12-02 10:02:00,1065,1065,1065,1065,3400
2021-12-02 10:03:00,1065,1065,1065,1065,0
2021-12-02 10:04:00,1065,1065,1065,1065,500
2021-12-02 10:05:00,1065,1065,1065,1065,0
2021-12-02 10:06:00,1065,1065,1065,1065,1700
2021-12-02 10:07:00,1065,1060,1065,1060,17000
2021-12-02 10:08:00,1060,1050,1060,1050,177500
2021-12-02 10:09:00,1050,1050,1050,1050,7800
2021-12-02 10:10:00,1050,1050,1050,1050,0
2021-12-02 10:11:00,1055,1055,1055,1055,1600
2021-12-02 10:12:00,1055,1055,1055,1055,4100
2021-12-02 10:13:00,1055,1055,1055,1055,7300
2021-12-02 10:14:00,1055,1055,1055,1055,200
2021-12-02 10:15:00,1045,1045,1045,1045,500
2021-12-02 10:16:00,1050,1045,1050,1045,16900
2021-12-02 10:17:00,1050,1050,1050,1050,100
2021-12-02 10:18:00,1065,1065,1065,1065,1000
2021-12-02 10:19:00,1065,1065,1065,1065,0
2021-12-02 10:20:00,1065,1050,1065,1050,4700
2021-12-02 10:21:00,1065,1050,1065,1050,0
2021-12-02 10:22:00,1065,1050,1065,1050,0
2021-12-02 10:23:00,1050,1050,1050,1050,5800
2021-12-02 10:24:00,1050,1050,1050,1050,200
2021-12-02 10:25:00,1050,1050,1050,1050,0
2021-12-02 10:26:00,1055,1050,1055,1050,10400
2021-12-02 10:27:00,1060,1060,1060,1060,400
2021-12-02 10:28:00,1060,1060,1060,1060,0
2021-12-02 10:29:00,1060,1060,1060,1060,0
2021-12-02 10:30:00,1060,1060,1060,1060,600
2021-12-02 10:31:00,1060,1060,1060,1060,0
2021-12-02 10:32:00,1050,1050,1050,1050,10000
2021-12-02 10:33:00,1050,1050,1050,1050,100
2021-12-02 10:34:00,1050,1050,1050,1050,1000
2021-12-02 10:35:00,1050,1050,1050,1050,0
2021-12-02 10:36:00,1050,1050,1050,1050,0
2021-12-02 10:37:00,1050,1050,1060,1060,21000
2021-12-02 10:38:00,1050,1050,1060,1060,0
2021-12-02 10:39:00,1060,1060,1060,1060,4800
2021-12-02 10:40:00,1060,1060,1060,1060,1000
2021-12-02 10:41:00,1060,1060,1060,1060,0
2021-12-02 10:42:00,1060,1060,1060,1060,5000
2021-12-02 10:43:00,1060,1060,1060,1060,0
2021-12-02 10:44:00,1060,1060,1060,1060,0
2021-12-02 10:45:00,1055,1055,1055,1055,19200
2021-12-02 10:46:00,1055,1055,1055,1055,0
2021-12-02 10:47:00,1050,1050,1050,1050,5500
2021-12-02 10:48:00,1050,1050,1050,1050,0
2021-12-02 10:49:00,1050,1050,1050,1050,0
2021-12-02 10:50:00,1050,1050,1050,1050,0
2021-12-02 10:51:00,1050,1050,1050,1050,0
2021-12-02 10:52:00,1060,1060,1060,1060,1000
2021-12-02 10:53:00,1060,1060,1060,1060,0
2021-12-02 10:54:00,1050,1050,1050,1050,3700
2021-12-02 10:55:00,1050,1050,1050,1050,0
2021-12-02 10:56:00,1050,1050,1050,1050,0
2021-12-02 10:57:00,1050,1050,1050,1050,800
2021-12-02 10:58:00,1050,1050,1050,1050,0
2021-12-02 10:59:00,1050,1050,1050,1050,0
2021-12-02 11:00:00,1050,1050,1050,1050,700
2021-12-02 11:01:00,1050,1050,1050,1050,0
2021-12-02 11:02:00,1050,1050,1050,1050,0
2021-12-02 11:03:00,1050,1050,1050,1050,19600
2021-12-02 11:04:00,1050,1050,1050,1050,800
2021-12-02 11:05:00,1050,1050,1050,1050,0
2021-12-02 11:06:00,1050,1050,1050,1050,0
2021-12-02 11:07:00,1050,1050,1050,1050,0
2021-12-02 11:08:00,1050,1050,1050,1050,0
2021-12-02 11:09:00,1060,1060,1060,1060,2800
2021-12-02 11:10:00,1060,1060,1060,1060,11200
2021-12-02 11:11:00,1060,1060,1060,1060,0
2021-12-02 11:12:00,1060,1060,1060,1060,0
2021-12-02 11:13:00,1060,1060,1060,1060,500
2021-12-02 11:14:00,1060,1060,1060,1060,0
2021-12-02 11:15:00,1060,1060,1060,1060,0
2021-12-02 11:16:00,1060,1060,1060,1060,600
2021-12-02 11:17:00,1065,1065,1065,1065,15000
2021-12-02 11:18:00,1065,1065,1065,1065,0
2021-12-02 11:19:00,1065,1065,1065,1065,0
2021-12-02 11:20:00,1065,1065,1065,1065,4400
2021-12-02 11:21:00,1065,1065,1065,1065,1200
2021-12-02 11:22:00,1065,1065,1065,1065,0
2021-12-02 11:23:00,1065,1065,1065,1065,600
2021-12-02 11:24:00,1065,1065,1065,1065,0
2021-12-02 11:25:00,1070,1070,1075,1075,17300
2021-12-02 11:26:00,1075,1075,1075,1075,1300
2021-12-02 11:27:00,1075,1075,1075,1075,5400
2021-12-02 11:28:00,1075,1075,1075,1075,100
2021-12-02 11:29:00,1075,1075,1075,1075,0
2021-12-02 11:30:00,1075,1075,1075,1075,0
2021-12-02 11:31:00,1075,1075,1075,1075,0
2021-12-02 11:32:00,1075,1075,1075,1075,0
2021-12-02 11:33:00,1075,1075,1075,1075,0
2021-12-02 11:34:00,1075,1075,1075,1075,0
2021-12-02 11:35:00,1075,1075,1075,1075,0
2021-12-02 11:36:00,1075,1075,1075,1075,0
2021-12-02 11:37:00,1075,1075,1075,1075,0
2021-12-02 11:38:00,1075,1075,1075,1075,0
2021-12-02 11:39:00,1075,1075,1075,1075,0
2021-12-02 11:40:00,1075,1075,1075,1075,0
2021-12-02 11:41:00,1075,1075,1075,1075,0
2021-12-02 11:42:00,1075,1075,1075,1075,0
2021-12-02 11:43:00,1075,1075,1075,1075,0
2021-12-02 11:44:00,1075,1075,1075,1075,0
2021-12-02 11:45:00,1075,1075,1075,1075,0
2021-12-02 11:46:00,1075,1075,1075,1075,0
2021-12-02 11:47:00,1075,1075,1075,1075,0
2021-12-02 11:48:00,1075,1075,1075,1075,0
2021-12-02 11:49:00,1075,1075,1075,1075,0
2021-12-02 11:50:00,1075,1075,1075,1075,0
2021-12-02 11:51:00,1075,1075,1075,1075,0
2021-12-02 11:52:00,1075,1075,1075,1075,0
2021-12-02 11:53:00,1075,1075,1075,1075,0
2021-12-02 11:54:00,1075,1075,1075,1075,0
2021-12-02 11:55:00,1075,1075,1075,1075,0
2021-12-02 11:56:00,1075,1075,1075,1075,0
2021-12-02 11:57:00,1075,1075,1075,1075,0
2021-12-02 11:58:00,1075,1075,1075,1075,0
2021-12-02 11:59:00,1075,1075,1075,1075,0
2021-12-02 12:00:00,1075,1075,1075,1075,0
2021-12-02 12:01:00,1075,1075,1075,1075,0
2021-12-02 12:02:00,1075,1075,1075,1075,0
2021-12-02 12:03:00,1075,1075,1075,1075,0
2021-12-02 12:04:00,1075,1075,1075,1075,0
2021-12-02 12:05:00,1075,1075,1075,1075,0
2021-12-02 12:06:00,1075,1075,1075,1075,0
2021-12-02 12:07:00,1075,1075,1075,1075,0
2021-12-02 12:08:00,1075,1075,1075,1075,0
2021-12-02 12:09:00,1075,1075,1075,1075,0
2021-12-02 12:10:00,1075,1075,1075,1075,0
2021-12-02 12:11:00,1075,1075,1075,1075,0
2021-12-02 12:12:00,1075,1075,1075,1075,0
2021-12-02 12:13:00,1075,1075,1075,1075,0
2021-12-02 12:14:00,1075,1075,1075,1075,0
2021-12-02 12:15:00,1075,1075,1075,1075,0
2021-12-02 12:16:00,1075,1075,1075,1075,0
2021-12-02 12:17:00,1075,1075,1075,1075,0
2021-12-02 12:18:00,1075,1075,1075,1075,0
2021-12-02 12:19:00,1075,1075,1075,1075,0
2021-12-02 12:20:00,1075,1075,1075,1075,0
2021-12-02 12:21:00,1075,1075,1075,1075,0
2021-12-02 12:22:00,1075,1075,1075,1075,0
2021-12-02 12:23:00,1075,1075,1075,1075,0
2021-12-02 12:24:00,1075,1075,1075,1075,0
2021-12-02 12:25:00,1075,1075,1075,1075,0
2021-12-02 12:26:00,1075,1075,1075,1075,0
2021-12-02 12:27:00,1075,1075,1075,1075,0
2021-12-02 12:28:00,1075,1075,1075,1075,0
2021-12-02 12:29:00,1075,1075,1075,1075,0
2021-12-02 12:30:00,1075,1075,1075,1075,0
2021-12-02 12:31:00,1075,1075,1075,1075,0
2021-12-02 12:32:00,1075,1075,1075,1075,0
2021-12-02 12:33:00,1075,1075,1075,1075,0
2021-12-02 12:34:00,1075,1075,1075,1075,0
2021-12-02 12:35:00,1075,1075,1075,1075,0
2021-12-02 12:36:00,1075,1075,1075,1075,0
2021-12-02 12:37:00,1075,1075,1075,1075,0
2021-12-02 12:38:00,1075,1075,1075,1075,0
2021-12-02 12:39:00,1075,1075,1075,1075,0
2021-12-02 12:40:00,1075,1075,1075,1075,0
2021-12-02 12:41:00,1075,1075,1075,1075,0
2021-12-02 12:42:00,1075,1075,1075,1075,0
2021-12-02 12:43:00,1075,1075,1075,1075,0
2021-12-02 12:44:00,1075,1075,1075,1075,0
2021-12-02 12:45:00,1075,1075,1075,1075,0
2021-12-02 12:46:00,1075,1075,1075,1075,0
2021-12-02 12:47:00,1075,1075,1075,1075,0
2021-12-02 12:48:00,1075,1075,1075,1075,0
2021-12-02 12:49:00,1075,1075,1075,1075,0
2021-12-02 12:50:00,1075,1075,1075,1075,0
2021-12-02 12:51:00,1075,1075,1075,1075,0
2021-12-02 12:52:00,1075,1075,1075,1075,0
2021-12-02 12:53:00,1075,1075,1075,1075,0
2021-12-02 12:54:00,1075,1075,1075,1075,0
2021-12-02 12:55:00,1075,1075,1075,1075,0
2021-12-02 12:56:00,1075,1075,1075,1075,0
2021-12-02 12:57:00,1075,1075,1075,1075,0
2021-12-02 12:58:00,1075,1075,1075,1075,0
2021-12-02 12:59:00,1075,1075,1075,1075,0
2021-12-02 13:00:00,1075,1075,1075,1075,0
2021-12-02 13:01:00,1075,1075,1075,1075,0
2021-12-02 13:02:00,1075,1075,1075,1075,0
2021-12-02 13:03:00,1075,1075,1075,1075,0
2021-12-02 13:04:00,1075,1075,1075,1075,0
2021-12-02 13:05:00,1075,1075,1075,1075,0
2021-12-02 13:06:00,1075,1075,1075,1075,0
2021-12-02 13:07:00,1075,1075,1075,1075,0
2021-12-02 13:08:00,1075,1075,1075,1075,0
2021-12-02 13:09:00,1075,1075,1075,1075,0
2021-12-02 13:10:00,1075,1075,1075,1075,0
2021-12-02 13:11:00,1075,1075,1075,1075,0
2021-12-02 13:12:00,1075,1075,1075,1075,0
2021-12-02 13:13:00,1075,1075,1075,1075,0
2021-12-02 13:14:00,1075,1075,1075,1075,0
2021-12-02 13:15:00,1075,1075,1075,1075,0
2021-12-02 13:16:00,1075,1075,1075,1075,0
2021-12-02 13:17:00,1075,1075,1075,1075,0
2021-12-02 13:18:00,1075,1075,1075,1075,0
2021-12-02 13:19:00,1075,1075,1075,1075,0
2021-12-02 13:20:00,1075,1075,1075,1075,0
2021-12-02 13:21:00,1075,1075,1075,1075,0
2021-12-02 13:22:00,1075,1075,1075,1075,0
2021-12-02 13:23:00,1075,1075,1075,1075,0
2021-12-02 13:24:00,1075,1075,1075,1075,0
2021-12-02 13:25:00,1075,1075,1075,1075,0
2021-12-02 13:26:00,1075,1075,1075,1075,0
2021-12-02 13:27:00,1075,1075,1075,1075,0
2021-12-02 13:28:00,1075,1075,1075,1075,0
2021-12-02 13:29:00,1075,1075,1075,1075,0
2021-12-02 13:30:00,1075,1070,1075,1070,11100
2021-12-02 13:31:00,1075,1070,1075,1070,0
2021-12-02 13:32:00,1075,1070,1075,1070,0
2021-12-02 13:33:00,1070,1070,1070,1070,300
2021-12-02 13:34:00,1070,1070,1070,1070,1000
2021-12-02 13:35:00,1070,1070,1070,1070,0
2021-12-02 13:36:00,1070,1070,1070,1070,400
2021-12-02 13:37:00,1070,1070,1070,1070,0
2021-12-02 13:38:00,1070,1070,1070,1070,0
2021-12-02 13:39:00,1070,1070,1070,1070,0
2021-12-02 13:40:00,1070,1070,1070,1070,0
2021-12-02 13:41:00,1070,1070,1075,1075,1400
2021-12-02 13:42:00,1075,1075,1075,1075,45500
2021-12-02 13:43:00,1075,1075,1075,1075,5000
2021-12-02 13:44:00,1075,1075,1075,1075,0
2021-12-02 13:45:00,1075,1075,1075,1075,0
2021-12-02 13:46:00,1075,1075,1075,1075,500
2021-12-02 13:47:00,1075,1075,1075,1075,1000
2021-12-02 13:48:00,1075,1075,1075,1075,0
2021-12-02 13:49:00,1075,1075,1075,1075,0
2021-12-02 13:50:00,1075,1075,1075,1075,0
2021-12-02 13:51:00,1075,1075,1075,1075,0
2021-12-02 13:52:00,1075,1075,1075,1075,0
2021-12-02 13:53:00,1075,1075,1075,1075,10000
2021-12-02 13:54:00,1080,1080,1080,1080,5000
2021-12-02 13:55:00,1080,1080,1080,1080,2500
2021-12-02 13:56:00,1080,1080,1080,1080,0
2021-12-02 13:57:00,1075,1075,1075,1075,11800
2021-12-02 13:58:00,1075,1075,1075,1075,0
2021-12-02 13:59:00,1075,1075,1075,1075,0
2021-12-02 14:00:00,1075,1075,1075,1075,0
2021-12-02 14:01:00,1075,1075,1075,1075,0
2021-12-02 14:02:00,1075,1075,1075,1075,0
2021-12-02 14:03:00,1075,1075,1075,1075,0
2021-12-02 14:04:00,1075,1075,1075,1075,0
2021-12-02 14:05:00,1075,1075,1075,1075,0
2021-12-02 14:06:00,1070,1070,1070,1070,200
2021-12-02 14:07:00,1070,1070,1070,1070,22600
2021-12-02 14:08:00,1070,1070,1070,1070,0
2021-12-02 14:09:00,1070,1070,1070,1070,0
2021-12-02 14:10:00,1070,1070,1070,1070,0
2021-12-02 14:11:00,1065,1065,1065,1065,62500
2021-12-02 14:12:00,1065,1065,1065,1065,1000
2021-12-02 14:13:00,1065,1065,1065,1065,30000
2021-12-02 14:14:00,1065,1065,1065,1065,200
2021-12-02 14:15:00,1065,1065,1065,1065,1700
2021-12-02 14:16:00,1065,1065,1065,1065,1600
2021-12-02 14:17:00,1065,1065,1065,1065,0
2021-12-02 14:18:00,1065,1065,1065,1065,5000
2021-12-02 14:19:00,1065,1065,1065,1065,500
2021-12-02 14:20:00,1065,1065,1065,1065,0
2021-12-02 14:21:00,1065,1065,1065,1065,0
2021-12-02 14:22:00,1065,1065,1065,1065,5500
2021-12-02 14:23:00,1065,1065,1065,1065,0
2021-12-02 14:24:00,1065,1065,1065,1065,0
2021-12-02 14:25:00,1065,1065,1065,1065,0
2021-12-02 14:26:00,1065,1065,1065,1065,0
2021-12-02 14:27:00,1065,1065,1065,1065,0
2021-12-02 14:28:00,1060,1055,1060,1055,60000
2021-12-02 14:29:00,1050,1045,1050,1045,59600
2021-12-02 14:30:00,1050,1045,1050,1045,0
2021-12-02 14:31:00,1050,1045,1050,1045,0
2021-12-02 14:32:00,1050,1045,1050,1045,0
2021-12-02 14:33:00,1040,1040,1040,1040,28300
2021-12-02 14:34:00,1035,1035,1035,1035,7700
2021-12-02 14:35:00,1040,1035,1040,1040,13000
2021-12-02 14:36:00,1035,1035,1035,1035,10000
2021-12-02 14:37:00,1035,1035,1035,1035,100
2021-12-02 14:38:00,1035,1035,1035,1035,3000
2021-12-02 14:39:00,1040,1040,1040,1040,9000
2021-12-02 14:40:00,1045,1045,1045,1045,900
2021-12-02 14:41:00,1050,1050,1050,1050,2800
2021-12-02 14:42:00,1055,1055,1070,1055,1100
2021-12-02 14:43:00,1055,1055,1065,1065,1200
2021-12-02 14:44:00,1065,1065,1065,1065,2500
2021-12-02 14:45:00,1060,1060,1060,1060,1000
2021-12-02 14:46:00,1060,1060,1060,1060,0
2021-12-02 14:47:00,1060,1060,1060,1060,0
2021-12-02 14:48:00,1055,1055,1055,1055,4600
2021-12-02 14:49:00,1055,1055,1055,1055,0
2021-12-02 14:50:00,1055,1055,1055,1055,0
2021-12-02 14:51:00,1055,1055,1055,1055,0
2021-12-02 14:52:00,1055,1055,1055,1055,0
2021-12-02 14:53:00,1055,1055,1055,1055,0
2021-12-02 14:54:00,1055,1055,1055,1055,0
2021-12-02 14:55:00,1055,1055,1055,1055,0
2021-12-02 14:56:00,1055,1055,1055,1055,0
2021-12-02 14:57:00,1055,1055,1055,1055,0
2021-12-02 14:58:00,1055,1055,1055,1055,0
2021-12-02 14:59:00,1055,1055,1055,1055,0
2021-12-02 15:00:00,1075,1075,1075,1075,63000
2021-12-02 15:01:00,1075,1075,1075,1075,0
2021-12-02 15:02:00,1075,1075,1075,1075,0
2021-12-02 15:03:00,1075,1075,1075,1075,0
2021-12-02 15:04:00,1075,1075,1075,1075,0
2021-12-02 15:05:00,1075,1075,1075,1075,13800
2021-12-02 15:06:00,1075,1075,1075,1075,800
2021-12-02 15:07:00,1075,1075,1075,1075,0
2021-12-02 15:08:00,1075,1075,1075,1075,0
2021-12-02 15:09:00,1075,1075,1075,1075,0
2021-12-02 15:10:00,1075,1075,1075,1075,0
2021-12-02 15:11:00,1075,1075,1075,1075,0
2021-12-02 15:12:00,1075,1075,1075,1075,0
2021-12-02 15:13:00,1075,1075,1075,1075,0
2021-12-02 15:14:00,1075,1075,1075,1075,0
2021-12-02 15:15:00,1075,1075,1075,1075,0
2021-12-02 15:16:00,1075,1075,1075,1075,0
2021-12-02 15:17:00,1075,1075,1075,1075,0
2021-12-02 15:18:00,1075,1075,1075,1075,0
2021-12-02 15:19:00,1075,1075,1075,1075,0
2021-12-02 15:20:00,1075,1075,1075,1075,0
2021-12-02 15:21:00,1075,1075,1075,1075,0
2021-12-02 15:22:00,1075,1075,1075,1075,0
2021-12-02 15:23:00,1075,1075,1075,1075,0
2021-12-02 15:24:00,1075,1075,1075,1075,0
2021-12-02 15:25:00,1075,1075,1075,1075,0
2021-12-02 15:26:00,1075,1075,1075,1075,0
2021-12-02 15:27:00,1075,1075,1075,1075,0
2021-12-02 15:28:00,1075,1075,1075,1075,0
2021-12-02 15:29:00,1075,1075,1075,1075,0
2021-12-02 15:30:00,1075,1075,1075,1075,0
2021-12-02 15:31:00,1075,1075,1075,1075,0
2021-12-02 15:32:00,1075,1075,1075,1075,0
2021-12-02 15:33:00,1075,1075,1075,1075,0
2021-12-02 15:34:00,1075,1075,1075,1075,0
2021-12-02 15:35:00,1075,1075,1075,1075,0
2021-12-02 15:36:00,1075,1075,1075,1075,0
2021-12-02 15:37:00,1075,1075,1075,1075,0
2021-12-02 15:38:00,1075,1075,1075,1075,0
2021-12-02 15:39:00,1075,1075,1075,1075,0
2021-12-02 15:40:00,1075,1075,1075,1075,0
2021-12-02 15:41:00,1075,1075,1075,1075,0
2021-12-02 15:42:00,1075,1075,1075,1075,0
2021-12-02 15:43:00,1075,1075,1075,1075,0
2021-12-02 15:44:00,1075,1075,1075,1075,0
2021-12-02 15:45:00,1075,1075,1075,1075,0
2021-12-02 15:46:00,1075,1075,1075,1075,0
2021-12-02 15:47:00,1075,1075,1075,1075,0
2021-12-02 15:48:00,1075,1075,1075,1075,0
2021-12-02 15:49:00,1075,1075,1075,1075,0
2021-12-02 15:50:00,1075,1075,1075,1075,0
2021-12-02 15:51:00,1075,1075,1075,1075,0
2021-12-02 15:52:00,1075,1075,1075,1075,0
2021-12-02 15:53:00,1075,1075,1075,1075,0
2021-12-02 15:54:00,1075,1075,1075,1075,0
2021-12-02 15:55:00,1075,1075,1075,1075,0
2021-12-02 15:56:00,1075,1075,1075,1075,0
2021-12-02 15:57:00,1075,1075,1075,1075,0
2021-12-02 15:58:00,1075,1075,1075,1075,0
2021-12-02 15:59:00,1075,1075,1075,1075,0
2021-12-03 09:00:00,1075,1075,1080,1080,0
2021-12-03 09:01:00,1080,1075,1080,1080,11800
2021-12-03 09:02:00,1080,1080,1080,1080,22300
2021-12-03 09:03:00,1080,1075,1080,1075,8100
2021-12-03 09:04:00,1075,1075,1075,1075,53200
2021-12-03 09:05:00,1075,1075,1075,1075,0
2021-12-03 09:06:00,1075,1075,1075,1075,1600
2021-12-03 09:07:00,1075,1075,1075,1075,1500
2021-12-03 09:08:00,1075,1075,1075,1075,0
2021-12-03 09:09:00,1075,1075,1075,1075,20600
2021-12-03 09:10:00,1075,1075,1075,1075,10600
2021-12-03 09:11:00,1070,1070,1075,1070,14900
2021-12-03 09:12:00,1070,1070,1075,1075,28300
2021-12-03 09:13:00,1065,1050,1065,1055,100000
2021-12-03 09:14:00,1055,1055,1055,1055,1200
2021-12-03 09:15:00,1055,1055,1055,1055,6800
2021-12-03 09:16:00,1055,1050,1055,1050,25200
2021-12-03 09:17:00,1045,1045,1045,1045,6200
2021-12-03 09:18:00,1045,1000,1060,1060,126000
2021-12-03 09:19:00,1070,1065,1070,1065,9400
2021-12-03 09:20:00,1065,1065,1065,1065,8900
2021-12-03 09:21:00,1065,1065,1065,1065,10000
2021-12-03 09:22:00,1065,1065,1065,1065,1000
2021-12-03 09:23:00,1065,1065,1065,1065,2000
2021-12-03 09:24:00,1065,1065,1065,1065,0
2021-12-03 09:25:00,1070,1065,1070,1065,4000
2021-12-03 09:26:00,1070,1065,1070,1065,0
2021-12-03 09:27:00,1070,1065,1070,1065,0
2021-12-03 09:28:00,1070,1065,1070,1065,0
2021-12-03 09:29:00,1070,1065,1070,1065,0
2021-12-03 09:30:00,1065,1065,1065,1065,3700
2021-12-03 09:31:00,1070,1070,1070,1070,800
2021-12-03 09:32:00,1065,1065,1065,1065,15000
2021-12-03 09:33:00,1070,1070,1070,1070,1000
2021-12-03 09:34:00,1070,1070,1070,1070,0
2021-12-03 09:35:00,1060,1060,1065,1065,3600
2021-12-03 09:36:00,1060,1050,1060,1050,65100
2021-12-03 09:37:00,1060,1060,1060,1060,100
2021-12-03 09:38:00,1060,1060,1060,1060,0
2021-12-03 09:39:00,1060,1060,1060,1060,500
2021-12-03 09:40:00,1060,1060,1060,1060,0
2021-12-03 09:41:00,1065,1065,1065,1065,100
2021-12-03 09:42:00,1060,1060,1060,1060,10400
2021-12-03 09:43:00,1060,1060,1060,1060,8300
2021-12-03 09:44:00,1060,1060,1060,1060,0
2021-12-03 09:45:00,1060,1060,1060,1060,0
2021-12-03 09:46:00,1060,1060,1060,1060,0
2021-12-03 09:47:00,1050,1050,1050,1050,20000
2021-12-03 09:48:00,1045,1045,1050,1050,59300
2021-12-03 09:49:00,1045,1045,1045,1045,25000
2021-12-03 09:50:00,1045,1045,1045,1045,400
2021-12-03 09:51:00,1050,1050,1050,1050,27500
2021-12-03 09:52:00,1045,1045,1045,1045,100
2021-12-03 09:53:00,1050,1050,1050,1050,17600
2021-12-03 09:54:00,1050,1050,1050,1050,200
2021-12-03 09:55:00,1045,1045,1045,1045,1000
2021-12-03 09:56:00,1045,1045,1045,1045,0
2021-12-03 09:57:00,1045,1045,1045,1045,400
2021-12-03 09:58:00,1045,1045,1045,1045,0
2021-12-03 09:59:00,1045,1045,1045,1045,23900
2021-12-03 10:00:00,1045,1045,1045,1045,8600
2021-12-03 10:01:00,1045,1045,1045,1045,200
2021-12-03 10:02:00,1045,1045,1045,1045,1700
2021-12-03 10:03:00,1045,1045,1045,1045,2000
2021-12-03 10:04:00,1045,1045,1045,1045,0
2021-12-03 10:05:00,1045,1045,1045,1045,300
2021-12-03 10:06:00,1045,1045,1045,1045,0
2021-12-03 10:07:00,1045,1045,1045,1045,0
2021-12-03 10:08:00,1045,1045,1045,1045,0
2021-12-03 10:09:00,1045,1045,1050,1050,800
2021-12-03 10:10:00,1045,1040,1045,1040,5200
2021-12-03 10:11:00,1045,1040,1045,1040,0
2021-12-03 10:12:00,1045,1040,1045,1040,0
2021-12-03 10:13:00,1045,1040,1045,1040,0
2021-12-03 10:14:00,1040,1040,1040,1040,3800
2021-12-03 10:15:00,1040,1040,1040,1040,1000
2021-12-03 10:16:00,1040,1040,1040,1040,0
2021-12-03 10:17:00,1035,1035,1035,1035,15200
2021-12-03 10:18:00,1035,1030,1035,1035,30600
2021-12-03 10:19:00,1030,1025,1030,1025,17300
2021-12-03 10:20:00,1025,1025,1030,1025,8100
2021-12-03 10:21:00,1025,1025,1030,1025,46100
2021-12-03 10:22:00,1030,1025,1030,1025,1500
2021-12-03 10:23:00,1025,1020,1025,1025,75400
2021-12-03 10:24:00,1025,1025,1030,1030,16400
2021-12-03 10:25:00,1025,1025,1030,1030,0
2021-12-03 10:26:00,1035,1035,1035,1035,500
2021-12-03 10:27:00,1040,1040,1040,1040,7400
2021-12-03 10:28:00,1035,1035,1035,1035,112200
2021-12-03 10:29:00,1035,1035,1040,1040,1000
2021-12-03 10:30:00,1045,1045,1045,1045,3000
2021-12-03 10:31:00,1045,1045,1045,1045,9200
2021-12-03 10:32:00,1045,1045,1045,1045,0
2021-12-03 10:33:00,1050,1050,1050,1050,1000
2021-12-03 10:34:00,1050,1050,1050,1050,100
2021-12-03 10:35:00,1050,1050,1050,1050,0
2021-12-03 10:36:00,1050,1050,1050,1050,0
2021-12-03 10:37:00,1050,1050,1050,1050,1100
2021-12-03 10:38:00,1050,1050,1050,1050,0
2021-12-03 10:39:00,1050,1050,1050,1050,4000
2021-12-03 10:40:00,1050,1050,1050,1050,5000
2021-12-03 10:41:00,1045,1045,1050,1050,1000
2021-12-03 10:42:00,1045,1045,1050,1050,0
2021-12-03 10:43:00,1050,1050,1050,1050,3500
2021-12-03 10:44:00,1050,1050,1050,1050,0
2021-12-03 10:45:00,1050,1050,1050,1050,1500
2021-12-03 10:46:00,1050,1050,1050,1050,0
2021-12-03 10:47:00,1050,1050,1050,1050,1800
2021-12-03 10:48:00,1050,1050,1050,1050,5000
2021-12-03 10:49:00,1050,1050,1050,1050,0
2021-12-03 10:50:00,1040,1035,1040,1035,10100
2021-12-03 10:51:00,1040,1035,1040,1035,0
2021-12-03 10:52:00,1040,1040,1040,1040,1000
2021-12-03 10:53:00,1045,1045,1045,1045,100
2021-12-03 10:54:00,1040,1040,1045,1045,2800
2021-12-03 10:55:00,1040,1040,1045,1045,0
2021-12-03 10:56:00,1040,1040,1045,1045,0
2021-12-03 10:57:00,1040,1040,1045,1045,0
2021-12-03 10:58:00,1040,1040,1045,1045,0
2021-12-03 10:59:00,1040,1040,1045,1045,0
2021-12-03 11:00:00,1040,1040,1045,1045,0
2021-12-03 11:01:00,1045,1045,1045,1045,600
2021-12-03 11:02:00,1045,1045,1045,1045,0
2021-12-03 11:03:00,1045,1045,1045,1045,0
2021-12-03 11:04:00,1045,1045,1045,1045,0
2021-12-03 11:05:00,1045,1045,1045,1045,0
2021-12-03 11:06:00,1045,1040,1045,1040,13500
2021-12-03 11:07:00,1045,1040,1045,1040,0
2021-12-03 11:08:00,1045,1045,1045,1045,2500
2021-12-03 11:09:00,1045,1045,1045,1045,0
2021-12-03 11:10:00,1045,1045,1045,1045,0
2021-12-03 11:11:00,1045,1045,1045,1045,300
2021-12-03 11:12:00,1040,1040,1040,1040,3900
2021-12-03 11:13:00,1040,1040,1040,1040,200
2021-12-03 11:14:00,1040,1040,1040,1040,900
2021-12-03 11:15:00,1040,1040,1040,1040,0
2021-12-03 11:16:00,1040,1035,1040,1035,4200
2021-12-03 11:17:00,1040,1040,1040,1040,100
2021-12-03 11:18:00,1040,1035,1040,1035,1100
2021-12-03 11:19:00,1040,1035,1040,1035,0
2021-12-03 11:20:00,1035,1035,1040,1040,1000
2021-12-03 11:21:00,1040,1040,1040,1040,2000
2021-12-03 11:22:00,1040,1040,1040,1040,100
2021-12-03 11:23:00,1035,1035,1035,1035,500
2021-12-03 11:24:00,1035,1035,1035,1035,0
2021-12-03 11:25:00,1035,1035,1035,1035,0
2021-12-03 11:26:00,1045,1045,1045,1045,100
2021-12-03 11:27:00,1045,1045,1045,1045,4600
2021-12-03 11:28:00,1045,1045,1045,1045,0
2021-12-03 11:29:00,1045,1045,1045,1045,0
2021-12-03 11:30:00,1045,1045,1045,1045,0
2021-12-03 11:31:00,1045,1045,1045,1045,0
2021-12-03 11:32:00,1045,1045,1045,1045,0
2021-12-03 11:33:00,1045,1045,1045,1045,0
2021-12-03 11:34:00,1045,1045,1045,1045,0
2021-12-03 11:35:00,1045,1045,1045,1045,0
2021-12-03 11:36:00,1045,1045,1045,1045,0
2021-12-03 11:37:00,1045,1045,1045,1045,0
2021-12-03 11:38:00,1045,1045,1045,1045,0
2021-12-03 11:39:00,1045,1045,1045,1045,0
2021-12-03 11:40:00,1045,1045,1045,1045,0
2021-12-03 11:41:00,1045,1045,1045,1045,0
2021-12-03 11:42:00,1045,1045,1045,1045,0
2021-12-03 11:43:00,1045,1045,1045,1045,0
2021-12-03 11:44:00,1045,1045,1045,1045,0
2021-12-03 11:45:00,1045,1045,1045,1045,0
2021-12-03 11:46:00,1045,1045,1045,1045,0
2021-12-03 11:47:00,1045,1045,1045,1045,0
2021-12-03 11:48:00,1045,1045,1045,1045,0
2021-12-03 11:49:00,1045,1045,1045,1045,0
2021-12-03 11:50:00,1045,1045,1045,1045,0
2021-12-03 11:51:00,1045,1045,1045,1045,0
2021-12-03 11:52:00,1045,1045,1045,1045,0
2021-12-03 11:53:00,1045,1045,1045,1045,0
2021-12-03 11:54:00,1045,1045,1045,1045,0
2021-12-03 11:55:00,1045,1045,1045,1045,0
2021-12-03 11:56:00,1045,1045,1045,1045,0
2021-12-03 11:57:00,1045,1045,1045,1045,0
2021-12-03 11:58:00,1045,1045,1045,1045,0
2021-12-03 11:59:00,1045,1045,1045,1045,0
2021-12-03 12:00:00,1045,1045,1045,1045,0
2021-12-03 12:01:00,1045,1045,1045,1045,0
2021-12-03 12:02:00,1045,1045,1045,1045,0
2021-12-03 12:03:00,1045,1045,1045,1045,0
2021-12-03 12:04:00,1045,1045,1045,1045,0
2021-12-03 12:05:00,1045,1045,1045,1045,0
2021-12-03 12:06:00,1045,1045,1045,1045,0
2021-12-03 12:07:00,1045,1045,1045,1045,0
2021-12-03 12:08:00,1045,1045,1045,1045,0
2021-12-03 12:09:00,1045,1045,1045,1045,0
2021-12-03 12:10:00,1045,1045,1045,1045,0
2021-12-03 12:11:00,1045,1045,1045,1045,0
2021-12-03 12:12:00,1045,1045,1045,1045,0
2021-12-03 12:13:00,1045,1045,1045,1045,0
2021-12-03 12:14:00,1045,1045,1045,1045,0
2021-12-03 12:15:00,1045,1045,1045,1045,0
2021-12-03 12:16:00,1045,1045,1045,1045,0
2021-12-03 12:17:00,1045,1045,1045,1045,0
2021-12-03 12:18:00,1045,1045,1045,1045,0
2021-12-03 12:19:00,1045,1045,1045,1045,0
2021-12-03 12:20:00,1045,1045,1045,1045,0
2021-12-03 12:21:00,1045,1045,1045,1045,0
2021-12-03 12:22:00,1045,1045,1045,1045,0
2021-12-03 12:23:00,1045,1045,1045,1045,0
2021-12-03 12:24:00,1045,1045,1045,1045,0
2021-12-03 12:25:00,1045,1045,1045,1045,0
2021-12-03 12:26:00,1045,1045,1045,1045,0
2021-12-03 12:27:00,1045,1045,1045,1045,0
2021-12-03 12:28:00,1045,1045,1045,1045,0
2021-12-03 12:29:00,1045,1045,1045,1045,0
2021-12-03 12:30:00,1045,1045,1045,1045,0
2021-12-03 12:31:00,1045,1045,1045,1045,0
2021-12-03 12:32:00,1045,1045,1045,1045,0
2021-12-03 12:33:00,1045,1045,1045,1045,0
2021-12-03 12:34:00,1045,1045,1045,1045,0
2021-12-03 12:35:00,1045,1045,1045,1045,0
2021-12-03 12:36:00,1045,1045,1045,1045,0
2021-12-03 12:37:00,1045,1045,1045,1045,0
2021-12-03 12:38:00,1045,1045,1045,1045,0
2021-12-03 12:39:00,1045,1045,1045,1045,0
2021-12-03 12:40:00,1045,1045,1045,1045,0
2021-12-03 12:41:00,1045,1045,1045,1045,0
2021-12-03 12:42:00,1045,1045,1045,1045,0
2021-12-03 12:43:00,1045,1045,1045,1045,0
2021-12-03 12:44:00,1045,1045,1045,1045,0
2021-12-03 12:45:00,1045,1045,1045,1045,0
2021-12-03 12:46:00,1045,1045,1045,1045,0
2021-12-03 12:47:00,1045,1045,1045,1045,0
2021-12-03 12:48:00,1045,1045,1045,1045,0
2021-12-03 12:49:00,1045,1045,1045,1045,0
2021-12-03 12:50:00,1045,1045,1045,1045,0
2021-12-03 12:51:00,1045,1045,1045,1045,0
2021-12-03 12:52:00,1045,1045,1045,1045,0
2021-12-03 12:53:00,1045,1045,1045,1045,0
2021-12-03 12:54:00,1045,1045,1045,1045,0
2021-12-03 12:55:00,1045,1045,1045,1045,0
2021-12-03 12:56:00,1045,1045,1045,1045,0
2021-12-03 12:57:00,1045,1045,1045,1045,0
2021-12-03 12:58:00,1045,1045,1045,1045,0
2021-12-03 12:59:00,1045,1045,1045,1045,0
2021-12-03 13:00:00,1045,1045,1045,1045,0
2021-12-03 13:01:00,1045,1045,1045,1045,0
2021-12-03 13:02:00,1045,1045,1045,1045,0
2021-12-03 13:03:00,1045,1045,1045,1045,0
2021-12-03 13:04:00,1045,1045,1045,1045,0
2021-12-03 13:05:00,1045,1045,1045,1045,0
2021-12-03 13:06:00,1045,1045,1045,1045,0
2021-12-03 13:07:00,1045,1045,1045,1045,0
2021-12-03 13:08:00,1045,1045,1045,1045,0
2021-12-03 13:09:00,1045,1045,1045,1045,0
2021-12-03 13:10:00,1045,1045,1045,1045,0
2021-12-03 13:11:00,1045,1045,1045,1045,0
2021-12-03 13:12:00,1045,1045,1045,1045,0
2021-12-03 13:13:00,1045,1045,1045,1045,0
2021-12-03 13:14:00,1045,1045,1045,1045,0
2021-12-03 13:15:00,1045,1045,1045,1045,0
2021-12-03 13:16:00,1045,1045,1045,1045,0
2021-12-03 13:17:00,1045,1045,1045,1045,0
2021-12-03 13:18:00,1045,1045,1045,1045,0
2021-12-03 13:19:00,1045,1045,1045,1045,0
2021-12-03 13:20:00,1045,1045,1045,1045,0
2021-12-03 13:21:00,1045,1045,1045,1045,0
2021-12-03 13:22:00,1045,1045,1045,1045,0
2021-12-03 13:23:00,1045,1045,1045,1045,0
2021-12-03 13:24:00,1045,1045,1045,1045,0
2021-12-03 13:25:00,1045,1045,1045,1045,0
2021-12-03 13:26:00,1045,1045,1045,1045,0
2021-12-03 13:27:00,1045,1045,1045,1045,0
2021-12-03 13:28:00,1045,1045,1045,1045,0
2021-12-03 13:29:00,1045,1045,1045,1045,0
2021-12-03 13:30:00,1045,1040,1045,1040,13400
2021-12-03 13:31:00,1045,1040,1045,1040,0
2021-12-03 13:32:00,1040,1040,1040,1040,400
2021-12-03 13:33:00,1045,1045,1045,1045,700
2021-12-03 13:34:00,1045,1045,1050,1050,2400
2021-12-03 13:35:00,1045,1045,1050,1050,0
2021-12-03 13:36:00,1045,1045,1050,1050,0
2021-12-03 13:37:00,1045,1045,1050,1050,0
2021-12-03 13:38:00,1050,1050,1050,1050,300
2021-12-03 13:39:00,1050,1050,1050,1050,1100
2021-12-03 13:40:00,1050,1050,1050,1050,0
2021-12-03 13:41:00,1045,1045,1045,1045,2000
2021-12-03 13:42:00,1045,1045,1045,1045,55300
2021-12-03 13:43:00,1045,1045,1045,1045,0
2021-12-03 13:44:00,1040,1040,1040,1040,1000
2021-12-03 13:45:00,1040,1040,1040,1040,0
2021-12-03 13:46:00,1045,1045,1045,1045,2500
2021-12-03 13:47:00,1045,1040,1045,1040,3200
2021-12-03 13:48:00,1045,1040,1045,1045,26600
2021-12-03 13:49:00,1045,1040,1045,1045,0
2021-12-03 13:50:00,1045,1040,1045,1045,0
2021-12-03 13:51:00,1045,1040,1045,1045,0
2021-12-03 13:52:00,1045,1040,1045,1045,0
2021-12-03 13:53:00,1045,1040,1045,1045,0
2021-12-03 13:54:00,1045,1040,1045,1045,0
2021-12-03 13:55:00,1040,1040,1040,1040,100
2021-12-03 13:56:00,1040,1040,1040,1040,0
2021-12-03 13:57:00,1040,1040,1040,1040,0
2021-12-03 13:58:00,1040,1040,1040,1040,0
2021-12-03 13:59:00,1040,1040,1040,1040,0
2021-12-03 14:00:00,1040,1040,1040,1040,900
2021-12-03 14:01:00,1045,1045,1045,1045,12200
2021-12-03 14:02:00,1050,1050,1050,1050,12300
2021-12-03 14:03:00,1050,1050,1050,1050,0
2021-12-03 14:04:00,1050,1050,1050,1050,15000
2021-12-03 14:05:00,1050,1050,1050,1050,3000
2021-12-03 14:06:00,1050,1050,1050,1050,200
2021-12-03 14:07:00,1050,1050,1050,1050,0
2021-12-03 14:08:00,1050,1050,1050,1050,2000
2021-12-03 14:09:00,1055,1055,1055,1055,400
2021-12-03 14:10:00,1055,1055,1055,1055,0
2021-12-03 14:11:00,1055,1055,1055,1055,0
2021-12-03 14:12:00,1050,1050,1050,1050,16000
2021-12-03 14:13:00,1050,1050,1050,1050,0
2021-12-03 14:14:00,1050,1050,1050,1050,0
2021-12-03 14:15:00,1050,1050,1050,1050,13100
2021-12-03 14:16:00,1050,1050,1050,1050,2700
2021-12-03 14:17:00,1050,1050,1050,1050,0
2021-12-03 14:18:00,1050,1050,1050,1050,0
2021-12-03 14:19:00,1050,1050,1050,1050,1500
2021-12-03 14:20:00,1050,1050,1050,1050,0
2021-12-03 14:21:00,1050,1050,1050,1050,0
2021-12-03 14:22:00,1050,1050,1050,1050,1200
2021-12-03 14:23:00,1050,1050,1050,1050,5000
2021-12-03 14:24:00,1050,1050,1050,1050,0
2021-12-03 14:25:00,1040,1040,1040,1040,5000
2021-12-03 14:26:00,1040,1035,1040,1035,23100
2021-12-03 14:27:00,1040,1035,1040,1035,0
2021-12-03 14:28:00,1040,1035,1040,1035,0
2021-12-03 14:29:00,1040,1035,1040,1035,0
2021-12-03 14:30:00,1040,1040,1040,1040,4100
2021-12-03 14:31:00,1040,1040,1040,1040,3100
2021-12-03 14:32:00,1040,1040,1040,1040,0
2021-12-03 14:33:00,1040,1040,1040,1040,0
2021-12-03 14:34:00,1040,1040,1040,1040,0
2021-12-03 14:35:00,1040,1040,1040,1040,0
2021-12-03 14:36:00,1040,1040,1040,1040,0
2021-12-03 14:37:00,1040,1035,1040,1035,8900
2021-12-03 14:38:00,1040,1035,1040,1035,0
2021-12-03 14:39:00,1040,1035,1040,1035,0
2021-12-03 14:40:00,1040,1035,1040,1035,0
2021-12-03 14:41:00,1040,1035,1040,1035,0
2021-12-03 14:42:00,1040,1040,1040,1040,4000
2021-12-03 14:43:00,1040,1040,1040,1040,900
2021-12-03 14:44:00,1040,1040,1040,1040,0
2021-12-03 14:45:00,1035,1035,1035,1035,18700
2021-12-03 14:46:00,1040,1035,1040,1040,33900
2021-12-03 14:47:00,1035,1035,1035,1035,400
2021-12-03 14:48:00,1035,1035,1035,1035,0
2021-12-03 14:49:00,1040,1040,1040,1040,100
2021-12-03 14:50:00,1040,1040,1040,1040,0
2021-12-03 14:51:00,1040,1040,1040,1040,0
2021-12-03 14:52:00,1040,1040,1040,1040,0
2021-12-03 14:53:00,1040,1040,1040,1040,0
2021-12-03 14:54:00,1040,1040,1040,1040,0
2021-12-03 14:55:00,1040,1040,1040,1040,0
2021-12-03 14:56:00,1040,1040,1040,1040,0
2021-12-03 14:57:00,1040,1040,1040,1040,0
2021-12-03 14:58:00,1040,1040,1040,1040,0
2021-12-03 14:59:00,1040,1040,1040,1040,0
2021-12-03 15:00:00,1035,1035,1035,1035,103700
2021-12-03 15:01:00,1035,1035,1035,1035,0
2021-12-03 15:02:00,1035,1035,1035,1035,0
2021-12-03 15:03:00,1035,1035,1035,1035,0
2021-12-03 15:04:00,1035,1035,1035,1035,0
2021-12-03 15:05:00,1035,1035,1035,1035,11900
2021-12-03 15:06:00,1035,1035,1035,1035,0
2021-12-03 15:07:00,1035,1035,1035,1035,100
2021-12-03 15:08:00,1035,1035,1035,1035,0
2021-12-03 15:09:00,1035,1035,1035,1035,0
2021-12-03 15:10:00,1035,1035,1035,1035,0
2021-12-03 15:11:00,1035,1035,1035,1035,0
2021-12-03 15:12:00,1035,1035,1035,1035,0
2021-12-03 15:13:00,1035,1035,1035,1035,0
2021-12-03 15:14:00,1035,1035,1035,1035,100
2021-12-03 15:15:00,1035,1035,1035,1035,0
2021-12-03 15:16:00,1035,1035,1035,1035,0
2021-12-03 15:17:00,1035,1035,1035,1035,0
2021-12-03 15:18:00,1035,1035,1035,1035,0
2021-12-03 15:19:00,1035,1035,1035,1035,0
2021-12-03 15:20:00,1035,1035,1035,1035,0
2021-12-03 15:21:00,1035,1035,1035,1035,0
2021-12-03 15:22:00,1035,1035,1035,1035,0
2021-12-03 15:23:00,1035,1035,1035,1035,0
2021-12-03 15:24:00,1035,1035,1035,1035,0
2021-12-03 15:25:00,1035,1035,1035,1035,0
2021-12-03 15:26:00,1035,1035,1035,1035,0
2021-12-03 15:27:00,1035,1035,1035,1035,0
2021-12-03 15:28:00,1035,1035,1035,1035,0
2021-12-03 15:29:00,1035,1035,1035,1035,0
2021-12-03 15:30:00,1035,1035,1035,1035,0
2021-12-03 15:31:00,1035,1035,1035,1035,0
2021-12-03 15:32:00,1035,1035,1035,1035,0
2021-12-03 15:33:00,1035,1035,1035,1035,0
2021-12-03 15:34:00,1035,1035,1035,1035,0
2021-12-03 15:35:00,1035,1035,1035,1035,0
2021-12-03 15:36:00,1035,1035,1035,1035,0
2021-12-03 15:37:00,1035,1035,1035,1035,0
2021-12-03 15:38:00,1035,1035,1035,1035,0
2021-12-03 15:39:00,1035,1035,1035,1035,0
2021-12-03 15:40:00,1035,1035,1035,1035,0
2021-12-03 15:41:00,1035,1035,1035,1035,0
2021-12-03 15:42:00,1035,1035,1035,1035,0
2021-12-03 15:43:00,1035,1035,1035,1035,0
2021-12-03 15:44:00,1035,1035,1035,1035,0
2021-12-03 15:45:00,1035,1035,1035,1035,0
2021-12-03 15:46:00,1035,1035,1035,1035,0
2021-12-03 15:47:00,1035,1035,1035,1035,0
2021-12-03 15:48:00,1035,1035,1035,1035,0
2021-12-03 15:49:00,1035,1035,1035,1035,0
2021-12-03 15:50:00,1035,1035,1035,1035,0
2021-12-03 15:51:00,1035,1035,1035,1035,0
2021-12-03 15:52:00,1035,1035,1035,1035,0
2021-12-03 15:53:00,1035,1035,1035,1035,0
2021-12-03 15:54:00,1035,1035,1035,1035,0
2021-12-03 15:55:00,1035,1035,1035,1035,0
2021-12-03 15:56:00,1035,1035,1035,1035,0
2021-12-03 15:57:00,1035,1035,1035,1035,0
2021-12-03 15:58:00,1035,1035,1035,1035,0
2021-12-03 15:59:00,1035,1035,1035,1035,0
2021-12-06 09:00:00,1050,1000,1050,1000,0
2021-12-06 09:01:00,1000,1000,1000,1000,28100
2021-12-06 09:02:00,1000,1000,1000,1000,12500
2021-12-06 09:03:00,1000,1000,1010,1010,8300
2021-12-06 09:04:00,1000,1000,1010,1005,36300
2021-12-06 09:05:00,1005,1005,1010,1010,10000
2021-12-06 09:06:00,1010,1000,1010,1005,17400
2021-12-06 09:07:00,1000,990,1000,990,60000
2021-12-06 09:08:00,990,965,990,980,87300
2021-12-06 09:09:00,970,970,980,980,28200
2021-12-06 09:10:00,980,965,980,965,109200
2021-12-06 09:11:00,970,965,980,965,165700
2021-12-06 09:12:00,970,965,980,965,140500
2021-12-06 09:13:00,975,965,975,965,7300
2021-12-06 09:14:00,965,965,965,965,175800
2021-12-06 09:15:00,970,965,970,965,5500
2021-12-06 09:16:00,965,965,970,970,34600
2021-12-06 09:17:00,965,965,965,965,17300
2021-12-06 09:18:00,965,965,965,965,47900
2021-12-06 09:19:00,965,965,965,965,4100
2021-12-06 09:20:00,965,965,965,965,9200
2021-12-06 09:21:00,965,965,965,965,10200
2021-12-06 09:22:00,965,965,965,965,11100
2021-12-06 09:23:00,965,965,965,965,0
2021-12-06 09:24:00,965,965,965,965,0
2021-12-06 09:25:00,965,965,965,965,0
2021-12-06 09:26:00,965,965,965,965,0
2021-12-06 09:27:00,965,965,965,965,0
2021-12-06 09:28:00,965,965,965,965,2000
2021-12-06 09:29:00,965,965,965,965,0
2021-12-06 09:30:00,965,965,965,965,0
2021-12-06 09:31:00,965,965,965,965,1000
2021-12-06 09:32:00,965,965,965,965,1100
2021-12-06 09:33:00,965,965,965,965,700
2021-12-06 09:34:00,965,965,965,965,0
2021-12-06 09:35:00,965,965,965,965,600
2021-12-06 09:36:00,965,965,965,965,0
2021-12-06 09:37:00,965,965,965,965,100
2021-12-06 09:38:00,965,965,965,965,200
2021-12-06 09:39:00,965,965,965,965,4500
2021-12-06 09:40:00,965,965,965,965,10100
2021-12-06 09:41:00,965,965,965,965,0
2021-12-06 09:42:00,965,965,965,965,1100
2021-12-06 09:43:00,965,965,965,965,300
2021-12-06 09:44:00,965,965,965,965,1300
2021-12-06 09:45:00,965,965,965,965,1000
2021-12-06 09:46:00,965,965,965,965,0
2021-12-06 09:47:00,965,965,965,965,5000
2021-12-06 09:48:00,965,965,965,965,0
2021-12-06 09:49:00,965,965,965,965,3000
2021-12-06 09:50:00,965,965,965,965,0
2021-12-06 09:51:00,965,965,965,965,0
2021-12-06 09:52:00,965,965,965,965,2500
2021-12-06 09:53:00,965,965,965,965,0
2021-12-06 09:54:00,965,965,965,965,0
2021-12-06 09:55:00,965,965,965,965,0
2021-12-06 09:56:00,965,965,965,965,2000
2021-12-06 09:57:00,965,965,965,965,0
2021-12-06 09:58:00,965,965,965,965,0
2021-12-06 09:59:00,965,965,965,965,2300
2021-12-06 10:00:00,965,965,965,965,1000
2021-12-06 10:01:00,965,965,965,965,200
2021-12-06 10:02:00,965,965,965,965,300
2021-12-06 10:03:00,965,965,965,965,300
2021-12-06 10:04:00,965,965,965,965,0
2021-12-06 10:05:00,965,965,965,965,0
2021-12-06 10:06:00,965,965,965,965,0
2021-12-06 10:07:00,965,965,965,965,1500
2021-12-06 10:08:00,965,965,965,965,0
2021-12-06 10:09:00,965,965,965,965,0
2021-12-06 10:10:00,965,965,965,965,200
2021-12-06 10:11:00,965,965,965,965,1400
2021-12-06 10:12:00,965,965,965,965,0
2021-12-06 10:13:00,965,965,965,965,0
2021-12-06 10:14:00,965,965,965,965,0
2021-12-06 10:15:00,965,965,965,965,0
2021-12-06 10:16:00,965,965,965,965,800
2021-12-06 10:17:00,965,965,965,965,0
2021-12-06 10:18:00,965,965,965,965,5000
2021-12-06 10:19:00,965,965,965,965,0
2021-12-06 10:20:00,965,965,965,965,0
2021-12-06 10:21:00,965,965,965,965,4300
2021-12-06 10:22:00,965,965,965,965,0
2021-12-06 10:23:00,965,965,965,965,0
2021-12-06 10:24:00,965,965,965,965,0
2021-12-06 10:25:00,965,965,965,965,600
2021-12-06 10:26:00,965,965,965,965,0
2021-12-06 10:27:00,965,965,965,965,0
2021-12-06 10:28:00,965,965,965,965,0
2021-12-06 10:29:00,965,965,965,965,1500
2021-12-06 10:30:00,965,965,965,965,0
2021-12-06 10:31:00,965,965,965,965,0
2021-12-06 10:32:00,965,965,965,965,0
2021-12-06 10:33:00,965,965,965,965,0
2021-12-06 10:34:00,965,965,965,965,0
2021-12-06 10:35:00,965,965,965,965,0
2021-12-06 10:36:00,965,965,965,965,100
2021-12-06 10:37:00,965,965,965,965,0
2021-12-06 10:38:00,965,965,965,965,0
2021-12-06 10:39:00,965,965,965,965,500
2021-12-06 10:40:00,965,965,965,965,0
2021-12-06 10:41:00,965,965,965,965,200
2021-12-06 10:42:00,965,965,965,965,0
2021-12-06 10:43:00,965,965,965,965,0
2021-12-06 10:44:00,965,965,965,965,0
2021-12-06 10:45:00,965,965,965,965,0
2021-12-06 10:46:00,965,965,965,965,100
2021-12-06 10:47:00,965,965,965,965,0
2021-12-06 10:48:00,965,965,965,965,0
2021-12-06 10:49:00,965,965,965,965,100
2021-12-06 10:50:00,965,965,965,965,10200
2021-12-06 10:51:00,965,965,965,965,0
2021-12-06 10:52:00,965,965,965,965,0
2021-12-06 10:53:00,965,965,965,965,0
2021-12-06 10:54:00,965,965,965,965,100
2021-12-06 10:55:00,965,965,965,965,100
2021-12-06 10:56:00,965,965,965,965,0
2021-12-06 10:57:00,965,965,965,965,0
2021-12-06 10:58:00,965,965,965,965,0
2021-12-06 10:59:00,965,965,965,965,0
2021-12-06 11:00:00,965,965,965,965,13000
2021-12-06 11:01:00,965,965,965,965,600
2021-12-06 11:02:00,965,965,965,965,0
2021-12-06 11:03:00,965,965,965,965,0
2021-12-06 11:04:00,965,965,965,965,0
2021-12-06 11:05:00,965,965,965,965,900
2021-12-06 11:06:00,965,965,965,965,0
2021-12-06 11:07:00,965,965,965,965,0
2021-12-06 11:08:00,965,965,965,965,0
2021-12-06 11:09:00,965,965,965,965,100200
2021-12-06 11:10:00,965,965,965,965,0
2021-12-06 11:11:00,965,965,965,965,900
2021-12-06 11:12:00,965,965,965,965,5000
2021-12-06 11:13:00,965,965,965,965,0
2021-12-06 11:14:00,965,965,965,965,0
2021-12-06 11:15:00,965,965,965,965,0
2021-12-06 11:16:00,965,965,965,965,0
2021-12-06 11:17:00,965,965,965,965,0
2021-12-06 11:18:00,965,965,965,965,300
2021-12-06 11:19:00,965,965,965,965,0
2021-12-06 11:20:00,965,965,965,965,20200
2021-12-06 11:21:00,965,965,965,965,0
2021-12-06 11:22:00,965,965,965,965,0
2021-12-06 11:23:00,965,965,965,965,0
2021-12-06 11:24:00,965,965,965,965,0
2021-12-06 11:25:00,965,965,965,965,0
2021-12-06 11:26:00,965,965,965,965,0
2021-12-06 11:27:00,965,965,965,965,0
2021-12-06 11:28:00,965,965,965,965,0
2021-12-06 11:29:00,965,965,965,965,0
2021-12-06 11:30:00,965,965,965,965,0
2021-12-06 11:31:00,965,965,965,965,0
2021-12-06 11:32:00,965,965,965,965,0
2021-12-06 11:33:00,965,965,965,965,0
2021-12-06 11:34:00,965,965,965,965,0
2021-12-06 11:35:00,965,965,965,965,0
2021-12-06 11:36:00,965,965,965,965,0
2021-12-06 11:37:00,965,965,965,965,0
2021-12-06 11:38:00,965,965,965,965,0
2021-12-06 11:39:00,965,965,965,965,0
2021-12-06 11:40:00,965,965,965,965,0
2021-12-06 11:41:00,965,965,965,965,0
2021-12-06 11:42:00,965,965,965,965,0
2021-12-06 11:43:00,965,965,965,965,0
2021-12-06 11:44:00,965,965,965,965,0
2021-12-06 11:45:00,965,965,965,965,0
2021-12-06 11:46:00,965,965,965,965,0
2021-12-06 11:47:00,965,965,965,965,0
2021-12-06 11:48:00,965,965,965,965,0
2021-12-06 11:49:00,965,965,965,965,0
2021-12-06 11:50:00,965,965,965,965,0
2021-12-06 11:51:00,965,965,965,965,0
2021-12-06 11:52:00,965,965,965,965,0
2021-12-06 11:53:00,965,965,965,965,0
2021-12-06 11:54:00,965,965,965,965,0
2021-12-06 11:55:00,965,965,965,965,0
2021-12-06 11:56:00,965,965,965,965,0
2021-12-06 11:57:00,965,965,965,965,0
2021-12-06 11:58:00,965,965,965,965,0
2021-12-06 11:59:00,965,965,965,965,0
2021-12-06 12:00:00,965,965,965,965,0
2021-12-06 12:01:00,965,965,965,965,0
2021-12-06 12:02:00,965,965,965,965,0
2021-12-06 12:03:00,965,965,965,965,0
2021-12-06 12:04:00,965,965,965,965,0
2021-12-06 12:05:00,965,965,965,965,0
2021-12-06 12:06:00,965,965,965,965,0
2021-12-06 12:07:00,965,965,965,965,0
2021-12-06 12:08:00,965,965,965,965,0
2021-12-06 12:09:00,965,965,965,965,0
2021-12-06 12:10:00,965,965,965,965,0
2021-12-06 12:11:00,965,965,965,965,0
2021-12-06 12:12:00,965,965,965,965,0
2021-12-06 12:13:00,965,965,965,965,0
2021-12-06 12:14:00,965,965,965,965,0
2021-12-06 12:15:00,965,965,965,965,0
2021-12-06 12:16:00,965,965,965,965,0
2021-12-06 12:17:00,965,965,965,965,0
2021-12-06 12:18:00,965,965,965,965,0
2021-12-06 12:19:00,965,965,965,965,0
2021-12-06 12:20:00,965,965,965,965,0
2021-12-06 12:21:00,965,965,965,965,0
2021-12-06 12:22:00,965,965,965,965,0
2021-12-06 12:23:00,965,965,965,965,0
2021-12-06 12:24:00,965,965,965,965,0
2021-12-06 12:25:00,965,965,965,965,0
2021-12-06 12:26:00,965,965,965,965,0
2021-12-06 12:27:00,965,965,965,965,0
2021-12-06 12:28:00,965,965,965,965,0
2021-12-06 12:29:00,965,965,965,965,0
2021-12-06 12:30:00,965,965,965,965,0
2021-12-06 12:31:00,965,965,965,965,0
2021-12-06 12:32:00,965,965,965,965,0
2021-12-06 12:33:00,965,965,965,965,0
2021-12-06 12:34:00,965,965,965,965,0
2021-12-06 12:35:00,965,965,965,965,0
2021-12-06 12:36:00,965,965,965,965,0
2021-12-06 12:37:00,965,965,965,965,0
2021-12-06 12:38:00,965,965,965,965,0
2021-12-06 12:39:00,965,965,965,965,0
2021-12-06 12:40:00,965,965,965,965,0
2021-12-06 12:41:00,965,965,965,965,0
2021-12-06 12:42:00,965,965,965,965,0
2021-12-06 12:43:00,965,965,965,965,0
2021-12-06 12:44:00,965,965,965,965,0
2021-12-06 12:45:00,965,965,965,965,0
2021-12-06 12:46:00,965,965,965,965,0
2021-12-06 12:47:00,965,965,965,965,0
2021-12-06 12:48:00,965,965,965,965,0
2021-12-06 12:49:00,965,965,965,965,0
2021-12-06 12:50:00,965,965,965,965,0
2021-12-06 12:51:00,965,965,965,965,0
2021-12-06 12:52:00,965,965,965,965,0
2021-12-06 12:53:00,965,965,965,965,0
2021-12-06 12:54:00,965,965,965,965,0
2021-12-06 12:55:00,965,965,965,965,0
2021-12-06 12:56:00,965,965,965,965,0
2021-12-06 12:57:00,965,965,965,965,0
2021-12-06 12:58:00,965,965,965,965,0
2021-12-06 12:59:00,965,965,965,965,0
2021-12-06 13:00:00,965,965,965,965,0
2021-12-06 13:01:00,965,965,965,965,0
2021-12-06 13:02:00,965,965,965,965,0
2021-12-06 13:03:00,965,965,965,965,0
2021-12-06 13:04:00,965,965,965,965,0
2021-12-06 13:05:00,965,965,965,965,0
2021-12-06 13:06:00,965,965,965,965,0
2021-12-06 13:07:00,965,965,965,965,0
2021-12-06 13:08:00,965,965,965,965,0
2021-12-06 13:09:00,965,965,965,965,0
2021-12-06 13:10:00,965,965,965,965,0
2021-12-06 13:11:00,965,965,965,965,0
2021-12-06 13:12:00,965,965,965,965,0
2021-12-06 13:13:00,965,965,965,965,0
2021-12-06 13:14:00,965,965,965,965,0
2021-12-06 13:15:00,965,965,965,965,0
2021-12-06 13:16:00,965,965,965,965,0
2021-12-06 13:17:00,965,965,965,965,0
2021-12-06 13:18:00,965,965,965,965,0
2021-12-06 13:19:00,965,965,965,965,0
2021-12-06 13:20:00,965,965,965,965,0
2021-12-06 13:21:00,965,965,965,965,0
2021-12-06 13:22:00,965,965,965,965,0
2021-12-06 13:23:00,965,965,965,965,0
2021-12-06 13:24:00,965,965,965,965,0
2021-12-06 13:25:00,965,965,965,965,0
2021-12-06 13:26:00,965,965,965,965,0
2021-12-06 13:27:00,965,965,965,965,0
2021-12-06 13:28:00,965,965,965,965,0
2021-12-06 13:29:00,965,965,965,965,0
2021-12-06 13:30:00,965,965,965,965,166100
2021-12-06 13:31:00,965,965,965,965,0
2021-12-06 13:32:00,965,965,965,965,100
2021-12-06 13:33:00,965,965,965,965,1200
2021-12-06 13:34:00,965,965,965,965,200
2021-12-06 13:35:00,965,965,965,965,0
2021-12-06 13:36:00,965,965,965,965,0
2021-12-06 13:37:00,965,965,965,965,0
2021-12-06 13:38:00,965,965,965,965,0
2021-12-06 13:39:00,965,965,965,965,100
2021-12-06 13:40:00,965,965,965,965,100
2021-12-06 13:41:00,965,965,965,965,1000
2021-12-06 13:42:00,965,965,965,965,0
2021-12-06 13:43:00,965,965,965,965,0
2021-12-06 13:44:00,965,965,965,965,0
2021-12-06 13:45:00,965,965,965,965,0
2021-12-06 13:46:00,965,965,965,965,20000
2021-12-06 13:47:00,965,965,965,965,26500
2021-12-06 13:48:00,965,965,965,965,5000
2021-12-06 13:49:00,965,965,965,965,600
2021-12-06 13:50:00,965,965,965,965,100
2021-12-06 13:51:00,965,965,965,965,5000
2021-12-06 13:52:00,965,965,965,965,0
2021-12-06 13:53:00,965,965,965,965,3500
2021-12-06 13:54:00,965,965,965,965,100
2021-12-06 13:55:00,965,965,965,965,0
2021-12-06 13:56:00,965,965,965,965,0
2021-12-06 13:57:00,965,965,965,965,0
2021-12-06 13:58:00,965,965,965,965,0
2021-12-06 13:59:00,965,965,965,965,0
2021-12-06 14:00:00,965,965,965,965,100
2021-12-06 14:01:00,965,965,965,965,0
2021-12-06 14:02:00,965,965,965,965,0
2021-12-06 14:03:00,965,965,965,965,0
2021-12-06 14:04:00,965,965,965,965,0
2021-12-06 14:05:00,965,965,965,965,0
2021-12-06 14:06:00,965,965,965,965,0
2021-12-06 14:07:00,965,965,965,965,0
2021-12-06 14:08:00,965,965,965,965,2500
2021-12-06 14:09:00,965,965,965,965,0
2021-12-06 14:10:00,965,965,965,965,0
2021-12-06 14:11:00,965,965,965,965,0
2021-12-06 14:12:00,965,965,965,965,0
2021-12-06 14:13:00,965,965,965,965,0
2021-12-06 14:14:00,965,965,965,965,0
2021-12-06 14:15:00,965,965,965,965,0
2021-12-06 14:16:00,965,965,965,965,0
2021-12-06 14:17:00,965,965,965,965,10000
2021-12-06 14:18:00,965,965,965,965,0
2021-12-06 14:19:00,965,965,965,965,100
2021-12-06 14:20:00,965,965,965,965,0
2021-12-06 14:21:00,965,965,965,965,1300
2021-12-06 14:22:00,965,965,965,965,0
2021-12-06 14:23:00,965,965,965,965,0
2021-12-06 14:24:00,965,965,965,965,0
2021-12-06 14:25:00,965,965,965,965,0
2021-12-06 14:26:00,965,965,965,965,0
2021-12-06 14:27:00,965,965,965,965,0
2021-12-06 14:28:00,965,965,965,965,1500
2021-12-06 14:29:00,965,965,965,965,2000
2021-12-06 14:30:00,965,965,965,965,3000
2021-12-06 14:31:00,965,965,965,965,1500
2021-12-06 14:32:00,965,965,965,965,0
2021-12-06 14:33:00,965,965,965,965,0
2021-12-06 14:34:00,965,965,965,965,0
2021-12-06 14:35:00,965,965,965,965,0
2021-12-06 14:36:00,965,965,965,965,0
2021-12-06 14:37:00,965,965,965,965,0
2021-12-06 14:38:00,965,965,965,965,0
2021-12-06 14:39:00,965,965,965,965,0
2021-12-06 14:40:00,965,965,965,965,0
2021-12-06 14:41:00,965,965,965,965,100
2021-12-06 14:42:00,965,965,965,965,400
2021-12-06 14:43:00,965,965,965,965,300
2021-12-06 14:44:00,965,965,965,965,0
2021-12-06 14:45:00,965,965,965,965,0
2021-12-06 14:46:00,965,965,965,965,0
2021-12-06 14:47:00,965,965,965,965,0
2021-12-06 14:48:00,965,965,965,965,0
2021-12-06 14:49:00,965,965,965,965,200
2021-12-06 14:50:00,965,965,965,965,0
2021-12-06 14:51:00,965,965,965,965,0
2021-12-06 14:52:00,965,965,965,965,0
2021-12-06 14:53:00,965,965,965,965,0
2021-12-06 14:54:00,965,965,965,965,0
2021-12-06 14:55:00,965,965,965,965,0
2021-12-06 14:56:00,965,965,965,965,0
2021-12-06 14:57:00,965,965,965,965,0
2021-12-06 14:58:00,965,965,965,965,0
2021-12-06 14:59:00,965,965,965,965,0
2021-12-06 15:00:00,965,965,965,965,1551900
2021-12-06 15:01:00,965,965,965,965,0
2021-12-06 15:02:00,965,965,965,965,0
2021-12-06 15:03:00,965,965,965,965,0
2021-12-06 15:04:00,965,965,965,965,0
2021-12-06 15:05:00,965,965,965,965,0
2021-12-06 15:06:00,965,965,965,965,0
2021-12-06 15:07:00,965,965,965,965,0
2021-12-06 15:08:00,965,965,965,965,0
2021-12-06 15:09:00,965,965,965,965,0
2021-12-06 15:10:00,965,965,965,965,0
2021-12-06 15:11:00,965,965,965,965,0
2021-12-06 15:12:00,965,965,965,965,0
2021-12-06 15:13:00,965,965,965,965,0
2021-12-06 15:14:00,965,965,965,965,0
2021-12-06 15:15:00,965,965,965,965,0
2021-12-06 15:16:00,965,965,965,965,0
2021-12-06 15:17:00,965,965,965,965,0
2021-12-06 15:18:00,965,965,965,965,0
2021-12-06 15:19:00,965,965,965,965,0
2021-12-06 15:20:00,965,965,965,965,0
2021-12-06 15:21:00,965,965,965,965,0
2021-12-06 15:22:00,965,965,965,965,0
2021-12-06 15:23:00,965,965,965,965,0
2021-12-06 15:24:00,965,965,965,965,0
2021-12-06 15:25:00,965,965,965,965,0
2021-12-06 15:26:00,965,965,965,965,0
2021-12-06 15:27:00,965,965,965,965,0
2021-12-06 15:28:00,965,965,965,965,0
2021-12-06 15:29:00,965,965,965,965,0
2021-12-06 15:30:00,965,965,965,965,0
2021-12-06 15:31:00,965,965,965,965,0
2021-12-06 15:32:00,965,965,965,965,0
2021-12-06 15:33:00,965,965,965,965,0
2021-12-06 15:34:00,965,965,965,965,0
2021-12-06 15:35:00,965,965,965,965,0
2021-12-06 15:36:00,965,965,965,965,0
2021-12-06 15:37:00,965,965,965,965,0
2021-12-06 15:38:00,965,965,965,965,0
2021-12-06 15:39:00,965,965,965,965,0
2021-12-06 15:40:00,965,965,965,965,0
2021-12-06 15:41:00,965,965,965,965,0
2021-12-06 15:42:00,965,965,965,965,0
2021-12-06 15:43:00,965,965,965,965,0
2021-12-06 15:44:00,965,965,965,965,0
2021-12-06 15:45:00,965,965,965,965,0
2021-12-06 15:46:00,965,965,965,965,0
2021-12-06 15:47:00,965,965,965,965,0
2021-12-06 15:48:00,965,965,965,965,0
2021-12-06 15:49:00,965,965,965,965,0
2021-12-06 15:50:00,965,965,965,965,0
2021-12-06 15:51:00,965,965,965,965,0
2021-12-06 15:52:00,965,965,965,965,0
2021-12-06 15:53:00,965,965,965,965,0
2021-12-06 15:54:00,965,965,965,965,0
2021-12-06 15:55:00,965,965,965,965,0
2021-12-06 15:56:00,965,965,965,965,0
2021-12-06 15:57:00,965,965,965,965,0
2021-12-06 15:58:00,965,965,965,965,0
2021-12-06 15:59:00,965,965,965,965,0
2021-12-07 09:00:00,905,905,940,920,0
2021-12-07 09:01:00,940,930,940,930,55500
2021-12-07 09:02:00,930,925,930,925,35500
2021-12-07 09:03:00,925,925,940,940,6400
2021-12-07 09:04:00,935,930,935,930,8700
2021-12-07 09:05:00,930,910,930,925,234400
2021-12-07 09:06:00,925,920,925,920,39300
2021-12-07 09:07:00,925,920,925,920,39700
2021-12-07 09:08:00,920,920,920,920,1000
2021-12-07 09:09:00,920,920,925,925,5900
2021-12-07 09:10:00,925,920,925,920,24900
2021-12-07 09:11:00,925,910,925,910,81900
2021-12-07 09:12:00,910,900,910,905,479900
2021-12-07 09:13:00,900,900,900,900,106900
2021-12-07 09:14:00,900,900,900,900,10400
2021-12-07 09:15:00,900,900,900,900,4200
2021-12-07 09:16:00,900,900,900,900,10300
2021-12-07 09:17:00,900,900,900,900,3600
2021-12-07 09:18:00,900,900,900,900,3100
2021-12-07 09:19:00,900,900,900,900,3100
2021-12-07 09:20:00,900,900,900,900,200
2021-12-07 09:21:00,900,900,900,900,10000
2021-12-07 09:22:00,900,900,900,900,3900
2021-12-07 09:23:00,900,900,900,900,2000
2021-12-07 09:24:00,900,900,900,900,0
2021-12-07 09:25:00,900,900,900,900,100300
2021-12-07 09:26:00,900,900,900,900,800
2021-12-07 09:27:00,900,900,910,910,229100
2021-12-07 09:28:00,910,905,915,915,35800
2021-12-07 09:29:00,915,910,925,925,41100
2021-12-07 09:30:00,930,925,935,930,47700
2021-12-07 09:31:00,930,915,930,920,40400
2021-12-07 09:32:00,925,925,940,925,14600
2021-12-07 09:33:00,930,925,930,930,9300
2021-12-07 09:34:00,935,930,935,930,26000
2021-12-07 09:35:00,930,930,935,935,20300
2021-12-07 09:36:00,935,935,940,935,90400
2021-12-07 09:37:00,935,935,940,935,14700
2021-12-07 09:38:00,935,920,935,930,52300
2021-12-07 09:39:00,925,920,925,925,17500
2021-12-07 09:40:00,930,930,930,930,300
2021-12-07 09:41:00,925,925,930,925,6300
2021-12-07 09:42:00,925,925,925,925,3500
2021-12-07 09:43:00,925,925,925,925,8200
2021-12-07 09:44:00,920,920,925,920,17100
2021-12-07 09:45:00,920,900,920,900,305900
2021-12-07 09:46:00,900,900,900,900,86600
2021-12-07 09:47:00,905,900,905,900,122400
2021-12-07 09:48:00,900,900,900,900,95000
2021-12-07 09:49:00,910,910,910,910,11000
2021-12-07 09:50:00,915,915,915,915,5600
2021-12-07 09:51:00,915,915,915,915,0
2021-12-07 09:52:00,910,910,910,910,1200
2021-12-07 09:53:00,910,905,910,905,12700
2021-12-07 09:54:00,905,900,905,905,50700
2021-12-07 09:55:00,905,905,905,905,22900
2021-12-07 09:56:00,905,900,905,905,11600
2021-12-07 09:57:00,900,900,905,905,3900
2021-12-07 09:58:00,905,905,905,905,12400
2021-12-07 09:59:00,905,905,910,910,15500
2021-12-07 10:00:00,905,905,910,910,0
2021-12-07 10:01:00,910,905,910,905,9900
2021-12-07 10:02:00,910,910,910,910,12600
2021-12-07 10:03:00,910,910,915,915,21400
2021-12-07 10:04:00,915,915,920,920,2400
2021-12-07 10:05:00,915,915,915,915,6500
2021-12-07 10:06:00,915,915,915,915,0
2021-12-07 10:07:00,915,905,915,905,81200
2021-12-07 10:08:00,905,905,905,905,200
2021-12-07 10:09:00,905,900,905,900,53800
2021-12-07 10:10:00,900,900,900,900,2600
2021-12-07 10:11:00,900,900,900,900,4000
2021-12-07 10:12:00,900,900,910,910,7500
2021-12-07 10:13:00,910,910,910,910,9900
2021-12-07 10:14:00,910,910,915,910,11600
2021-12-07 10:15:00,905,900,905,900,162700
2021-12-07 10:16:00,900,900,900,900,32100
2021-12-07 10:17:00,900,900,900,900,29900
2021-12-07 10:18:00,900,900,900,900,0
2021-12-07 10:19:00,910,910,910,910,14500
2021-12-07 10:20:00,910,910,910,910,0
2021-12-07 10:21:00,910,910,910,910,0
2021-12-07 10:22:00,900,900,900,900,11400
2021-12-07 10:23:00,900,900,900,900,3700
2021-12-07 10:24:00,900,900,900,900,5500
2021-12-07 10:25:00,905,905,905,905,100
2021-12-07 10:26:00,905,905,905,905,500
2021-12-07 10:27:00,900,900,905,905,7500
2021-12-07 10:28:00,900,900,905,905,0
2021-12-07 10:29:00,900,900,900,900,5400
2021-12-07 10:30:00,900,900,900,900,53500
2021-12-07 10:31:00,900,900,900,900,23800
2021-12-07 10:32:00,900,900,900,900,500
2021-12-07 10:33:00,900,900,900,900,0
2021-12-07 10:34:00,900,900,900,900,3000
2021-12-07 10:35:00,900,900,900,900,1400
2021-12-07 10:36:00,900,900,900,900,0
2021-12-07 10:37:00,900,900,900,900,500
2021-12-07 10:38:00,900,900,900,900,0
2021-12-07 10:39:00,900,900,900,900,0
2021-12-07 10:40:00,900,900,900,900,400
2021-12-07 10:41:00,900,900,900,900,6700
2021-12-07 10:42:00,900,900,900,900,15000
2021-12-07 10:43:00,905,905,905,905,1100
2021-12-07 10:44:00,900,900,905,905,10300
2021-12-07 10:45:00,900,900,905,905,0
2021-12-07 10:46:00,900,900,905,905,0
2021-12-07 10:47:00,900,900,905,905,0
2021-12-07 10:48:00,900,900,905,905,0
2021-12-07 10:49:00,900,900,900,900,7900
2021-12-07 10:50:00,900,900,905,905,4300
2021-12-07 10:51:00,900,900,905,905,0
2021-12-07 10:52:00,900,900,900,900,2000
2021-12-07 10:53:00,900,900,900,900,13000
2021-12-07 10:54:00,900,900,900,900,0
2021-12-07 10:55:00,900,900,900,900,0
2021-12-07 10:56:00,900,900,900,900,55700
2021-12-07 10:57:00,900,900,900,900,1400
2021-12-07 10:58:00,900,900,900,900,1000
2021-12-07 10:59:00,900,900,900,900,10400
2021-12-07 11:00:00,900,900,900,900,900
2021-12-07 11:01:00,900,900,900,900,200
2021-12-07 11:02:00,900,900,900,900,1600
2021-12-07 11:03:00,900,900,900,900,600
2021-12-07 11:04:00,900,900,900,900,1300
2021-12-07 11:05:00,900,900,900,900,300
2021-12-07 11:06:00,900,900,900,900,1400
2021-12-07 11:07:00,900,900,900,900,400
2021-12-07 11:08:00,900,900,900,900,1100
2021-12-07 11:09:00,900,900,900,900,3300
2021-12-07 11:10:00,900,900,900,900,0
2021-12-07 11:11:00,900,900,900,900,1000
2021-12-07 11:12:00,900,900,900,900,3300
2021-12-07 11:13:00,900,900,900,900,0
2021-12-07 11:14:00,900,900,900,900,0
2021-12-07 11:15:00,900,900,900,900,1100
2021-12-07 11:16:00,900,900,900,900,0
2021-12-07 11:17:00,900,900,900,900,0
2021-12-07 11:18:00,900,900,900,900,0
2021-12-07 11:19:00,900,900,900,900,0
2021-12-07 11:20:00,900,900,900,900,0
2021-12-07 11:21:00,900,900,900,900,0
2021-12-07 11:22:00,900,900,900,900,0
2021-12-07 11:23:00,900,900,900,900,100
2021-12-07 11:24:00,900,900,900,900,100
2021-12-07 11:25:00,900,900,900,900,0
2021-12-07 11:26:00,900,900,900,900,200
2021-12-07 11:27:00,900,900,900,900,0
2021-12-07 11:28:00,900,900,900,900,0
2021-12-07 11:29:00,900,900,900,900,0
2021-12-07 11:30:00,900,900,900,900,0
2021-12-07 11:31:00,900,900,900,900,0
2021-12-07 11:32:00,900,900,900,900,0
2021-12-07 11:33:00,900,900,900,900,0
2021-12-07 11:34:00,900,900,900,900,0
2021-12-07 11:35:00,900,900,900,900,0
2021-12-07 11:36:00,900,900,900,900,0
2021-12-07 11:37:00,900,900,900,900,0
2021-12-07 11:38:00,900,900,900,900,0
2021-12-07 11:39:00,900,900,900,900,0
2021-12-07 11:40:00,900,900,900,900,0
2021-12-07 11:41:00,900,900,900,900,0
2021-12-07 11:42:00,900,900,900,900,0
2021-12-07 11:43:00,900,900,900,900,0
2021-12-07 11:44:00,900,900,900,900,0
2021-12-07 11:45:00,900,900,900,900,0
2021-12-07 11:46:00,900,900,900,900,0
2021-12-07 11:47:00,900,900,900,900,0
2021-12-07 11:48:00,900,900,900,900,0
2021-12-07 11:49:00,900,900,900,900,0
2021-12-07 11:50:00,900,900,900,900,0
2021-12-07 11:51:00,900,900,900,900,0
2021-12-07 11:52:00,900,900,900,900,0
2021-12-07 11:53:00,900,900,900,900,0
2021-12-07 11:54:00,900,900,900,900,0
2021-12-07 11:55:00,900,900,900,900,0
2021-12-07 11:56:00,900,900,900,900,0
2021-12-07 11:57:00,900,900,900,900,0
2021-12-07 11:58:00,900,900,900,900,0
2021-12-07 11:59:00,900,900,900,900,0
2021-12-07 12:00:00,900,900,900,900,0
2021-12-07 12:01:00,900,900,900,900,0
2021-12-07 12:02:00,900,900,900,900,0
2021-12-07 12:03:00,900,900,900,900,0
2021-12-07 12:04:00,900,900,900,900,0
2021-12-07 12:05:00,900,900,900,900,0
2021-12-07 12:06:00,900,900,900,900,0
2021-12-07 12:07:00,900,900,900,900,0
2021-12-07 12:08:00,900,900,900,900,0
2021-12-07 12:09:00,900,900,900,900,0
2021-12-07 12:10:00,900,900,900,900,0
2021-12-07 12:11:00,900,900,900,900,0
2021-12-07 12:12:00,900,900,900,900,0
2021-12-07 12:13:00,900,900,900,900,0
2021-12-07 12:14:00,900,900,900,900,0
2021-12-07 12:15:00,900,900,900,900,0
2021-12-07 12:16:00,900,900,900,900,0
2021-12-07 12:17:00,900,900,900,900,0
2021-12-07 12:18:00,900,900,900,900,0
2021-12-07 12:19:00,900,900,900,900,0
2021-12-07 12:20:00,900,900,900,900,0
2021-12-07 12:21:00,900,900,900,900,0
2021-12-07 12:22:00,900,900,900,900,0
2021-12-07 12:23:00,900,900,900,900,0
2021-12-07 12:24:00,900,900,900,900,0
2021-12-07 12:25:00,900,900,900,900,0
2021-12-07 12:26:00,900,900,900,900,0
2021-12-07 12:27:00,900,900,900,900,0
2021-12-07 12:28:00,900,900,900,900,0
2021-12-07 12:29:00,900,900,900,900,0
2021-12-07 12:30:00,900,900,900,900,0
2021-12-07 12:31:00,900,900,900,900,0
2021-12-07 12:32:00,900,900,900,900,0
2021-12-07 12:33:00,900,900,900,900,0
2021-12-07 12:34:00,900,900,900,900,0
2021-12-07 12:35:00,900,900,900,900,0
2021-12-07 12:36:00,900,900,900,900,0
2021-12-07 12:37:00,900,900,900,900,0
2021-12-07 12:38:00,900,900,900,900,0
2021-12-07 12:39:00,900,900,900,900,0
2021-12-07 12:40:00,900,900,900,900,0
2021-12-07 12:41:00,900,900,900,900,0
2021-12-07 12:42:00,900,900,900,900,0
2021-12-07 12:43:00,900,900,900,900,0
2021-12-07 12:44:00,900,900,900,900,0
2021-12-07 12:45:00,900,900,900,900,0
2021-12-07 12:46:00,900,900,900,900,0
2021-12-07 12:47:00,900,900,900,900,0
2021-12-07 12:48:00,900,900,900,900,0
2021-12-07 12:49:00,900,900,900,900,0
2021-12-07 12:50:00,900,900,900,900,0
2021-12-07 12:51:00,900,900,900,900,0
2021-12-07 12:52:00,900,900,900,900,0
2021-12-07 12:53:00,900,900,900,900,0
2021-12-07 12:54:00,900,900,900,900,0
2021-12-07 12:55:00,900,900,900,900,0
2021-12-07 12:56:00,900,900,900,900,0
2021-12-07 12:57:00,900,900,900,900,0
2021-12-07 12:58:00,900,900,900,900,0
2021-12-07 12:59:00,900,900,900,900,0
2021-12-07 13:00:00,900,900,900,900,0
2021-12-07 13:01:00,900,900,900,900,0
2021-12-07 13:02:00,900,900,900,900,0
2021-12-07 13:03:00,900,900,900,900,0
2021-12-07 13:04:00,900,900,900,900,0
2021-12-07 13:05:00,900,900,900,900,0
2021-12-07 13:06:00,900,900,900,900,0
2021-12-07 13:07:00,900,900,900,900,0
2021-12-07 13:08:00,900,900,900,900,0
2021-12-07 13:09:00,900,900,900,900,0
2021-12-07 13:10:00,900,900,900,900,0
2021-12-07 13:11:00,900,900,900,900,0
2021-12-07 13:12:00,900,900,900,900,0
2021-12-07 13:13:00,900,900,900,900,0
2021-12-07 13:14:00,900,900,900,900,0
2021-12-07 13:15:00,900,900,900,900,0
2021-12-07 13:16:00,900,900,900,900,0
2021-12-07 13:17:00,900,900,900,900,0
2021-12-07 13:18:00,900,900,900,900,0
2021-12-07 13:19:00,900,900,900,900,0
2021-12-07 13:20:00,900,900,900,900,0
2021-12-07 13:21:00,900,900,900,900,0
2021-12-07 13:22:00,900,900,900,900,0
2021-12-07 13:23:00,900,900,900,900,0
2021-12-07 13:24:00,900,900,900,900,0
2021-12-07 13:25:00,900,900,900,900,0
2021-12-07 13:26:00,900,900,900,900,0
2021-12-07 13:27:00,900,900,900,900,0
2021-12-07 13:28:00,900,900,900,900,0
2021-12-07 13:29:00,900,900,900,900,0
2021-12-07 13:30:00,900,900,900,900,6000
2021-12-07 13:31:00,900,900,900,900,8200
2021-12-07 13:32:00,900,900,900,900,16500
2021-12-07 13:33:00,900,900,900,900,0
2021-12-07 13:34:00,900,900,900,900,5000
2021-12-07 13:35:00,900,900,900,900,2500
2021-12-07 13:36:00,900,900,900,900,0
2021-12-07 13:37:00,900,900,900,900,0
2021-12-07 13:38:00,900,900,900,900,0
2021-12-07 13:39:00,900,900,900,900,15200
2021-12-07 13:40:00,900,900,900,900,0
2021-12-07 13:41:00,900,900,900,900,100
2021-12-07 13:42:00,900,900,900,900,0
2021-12-07 13:43:00,900,900,900,900,600
2021-12-07 13:44:00,900,900,900,900,3000
2021-12-07 13:45:00,900,900,900,900,0
2021-12-07 13:46:00,900,900,900,900,0
2021-12-07 13:47:00,900,900,900,900,0
2021-12-07 13:48:00,900,900,900,900,800
2021-12-07 13:49:00,900,900,900,900,0
2021-12-07 13:50:00,900,900,900,900,0
2021-12-07 13:51:00,900,900,900,900,100
2021-12-07 13:52:00,900,900,900,900,100
2021-12-07 13:53:00,900,900,900,900,200
2021-12-07 13:54:00,900,900,900,900,0
2021-12-07 13:55:00,900,900,900,900,0
2021-12-07 13:56:00,900,900,900,900,0
2021-12-07 13:57:00,900,900,900,900,0
2021-12-07 13:58:00,900,900,900,900,0
2021-12-07 13:59:00,900,900,900,900,0
2021-12-07 14:00:00,900,900,900,900,200
2021-12-07 14:01:00,900,900,900,900,0
2021-12-07 14:02:00,900,900,900,900,0
2021-12-07 14:03:00,900,900,900,900,100
2021-12-07 14:04:00,900,900,900,900,0
2021-12-07 14:05:00,900,900,900,900,500
2021-12-07 14:06:00,900,900,900,900,1000
2021-12-07 14:07:00,900,900,900,900,500
2021-12-07 14:08:00,900,900,900,900,0
2021-12-07 14:09:00,900,900,900,900,0
2021-12-07 14:10:00,900,900,900,900,100
2021-12-07 14:11:00,900,900,900,900,0
2021-12-07 14:12:00,900,900,900,900,0
2021-12-07 14:13:00,900,900,900,900,0
2021-12-07 14:14:00,900,900,900,900,0
2021-12-07 14:15:00,900,900,900,900,0
2021-12-07 14:16:00,900,900,900,900,18000
2021-12-07 14:17:00,900,900,900,900,0
2021-12-07 14:18:00,900,900,900,900,1700
2021-12-07 14:19:00,900,900,900,900,700
2021-12-07 14:20:00,900,900,900,900,1000
2021-12-07 14:21:00,900,900,900,900,3300
2021-12-07 14:22:00,900,900,900,900,0
2021-12-07 14:23:00,900,900,900,900,1500
2021-12-07 14:24:00,900,900,900,900,0
2021-12-07 14:25:00,900,900,900,900,0
2021-12-07 14:26:00,900,900,900,900,100
2021-12-07 14:27:00,900,900,900,900,0
2021-12-07 14:28:00,900,900,900,900,0
2021-12-07 14:29:00,900,900,900,900,0
2021-12-07 14:30:00,900,900,900,900,5000
2021-12-07 14:31:00,900,900,900,900,0
2021-12-07 14:32:00,900,900,900,900,0
2021-12-07 14:33:00,900,900,900,900,1000
2021-12-07 14:34:00,900,900,900,900,0
2021-12-07 14:35:00,900,900,900,900,0
2021-12-07 14:36:00,900,900,900,900,5000
2021-12-07 14:37:00,900,900,900,900,0
2021-12-07 14:38:00,900,900,900,900,500
2021-12-07 14:39:00,900,900,900,900,0
2021-12-07 14:40:00,900,900,900,900,0
2021-12-07 14:41:00,900,900,900,900,0
2021-12-07 14:42:00,900,900,900,900,100
2021-12-07 14:43:00,900,900,900,900,300
2021-12-07 14:44:00,900,900,900,900,0
2021-12-07 14:45:00,900,900,900,900,0
2021-12-07 14:46:00,900,900,900,900,0
2021-12-07 14:47:00,900,900,900,900,300
2021-12-07 14:48:00,900,900,900,900,1000
2021-12-07 14:49:00,900,900,900,900,0
2021-12-07 14:50:00,900,900,900,900,0
2021-12-07 14:51:00,900,900,900,900,0
2021-12-07 14:52:00,900,900,900,900,0
2021-12-07 14:53:00,900,900,900,900,0
2021-12-07 14:54:00,900,900,900,900,0
2021-12-07 14:55:00,900,900,900,900,0
2021-12-07 14:56:00,900,900,900,900,0
2021-12-07 14:57:00,900,900,900,900,0
2021-12-07 14:58:00,900,900,900,900,0
2021-12-07 14:59:00,900,900,900,900,0
2021-12-07 15:00:00,900,900,900,900,2400
2021-12-07 15:01:00,900,900,900,900,4900
2021-12-07 15:02:00,900,900,900,900,400
2021-12-07 15:03:00,900,900,900,900,0
2021-12-07 15:04:00,900,900,900,900,0
2021-12-07 15:05:00,900,900,900,900,800
2021-12-07 15:06:00,900,900,900,900,0
2021-12-07 15:07:00,900,900,900,900,0
2021-12-07 15:08:00,900,900,900,900,500
2021-12-07 15:09:00,900,900,900,900,1000
2021-12-07 15:10:00,900,900,900,900,3768100
2021-12-07 15:11:00,900,900,900,900,0
2021-12-07 15:12:00,900,900,900,900,0
2021-12-07 15:13:00,900,900,900,900,0
2021-12-07 15:14:00,900,900,900,900,0
2021-12-07 15:15:00,900,900,900,900,0
2021-12-07 15:16:00,900,900,900,900,0
2021-12-07 15:17:00,900,900,900,900,0
2021-12-07 15:18:00,900,900,900,900,0
2021-12-07 15:19:00,900,900,900,900,0
2021-12-07 15:20:00,900,900,900,900,0
2021-12-07 15:21:00,900,900,900,900,0
2021-12-07 15:22:00,900,900,900,900,0
2021-12-07 15:23:00,900,900,900,900,0
2021-12-07 15:24:00,900,900,900,900,0
2021-12-07 15:25:00,900,900,900,900,0
2021-12-07 15:26:00,900,900,900,900,0
2021-12-07 15:27:00,900,900,900,900,0
2021-12-07 15:28:00,900,900,900,900,0
2021-12-07 15:29:00,900,900,900,900,0
2021-12-07 15:30:00,900,900,900,900,0
2021-12-07 15:31:00,900,900,900,900,0
2021-12-07 15:32:00,900,900,900,900,0
2021-12-07 15:33:00,900,900,900,900,0
2021-12-07 15:34:00,900,900,900,900,0
2021-12-07 15:35:00,900,900,900,900,0
2021-12-07 15:36:00,900,900,900,900,0
2021-12-07 15:37:00,900,900,900,900,0
2021-12-07 15:38:00,900,900,900,900,0
2021-12-07 15:39:00,900,900,900,900,0
2021-12-07 15:40:00,900,900,900,900,0
2021-12-07 15:41:00,900,900,900,900,0
2021-12-07 15:42:00,900,900,900,900,0
2021-12-07 15:43:00,900,900,900,900,0
2021-12-07 15:44:00,900,900,900,900,0
2021-12-07 15:45:00,900,900,900,900,0
2021-12-07 15:46:00,900,900,900,900,0
2021-12-07 15:47:00,900,900,900,900,0
2021-12-07 15:48:00,900,900,900,900,0
2021-12-07 15:49:00,900,900,900,900,0
2021-12-07 15:50:00,900,900,900,900,0
2021-12-07 15:51:00,900,900,900,900,0
2021-12-07 15:52:00,900,900,900,900,0
2021-12-07 15:53:00,900,900,900,900,0
2021-12-07 15:54:00,900,900,900,900,0
2021-12-07 15:55:00,900,900,900,900,0
2021-12-07 15:56:00,900,900,900,900,0
2021-12-07 15:57:00,900,900,900,900,0
2021-12-07 15:58:00,900,900,900,900,0
2021-12-07 15:59:00,900,900,900,900,0
2021-12-08 09:00:00,900,855,900,855,0
2021-12-08 09:01:00,855,850,855,855,87200
2021-12-08 09:02:00,855,855,860,860,83800
2021-12-08 09:03:00,860,860,870,870,14300
2021-12-08 09:04:00,870,865,875,870,11400
2021-12-08 09:05:00,875,875,875,875,2600
2021-12-08 09:06:00,870,870,875,875,14500
2021-12-08 09:07:00,870,870,875,875,27000
2021-12-08 09:08:00,875,875,880,880,61100
2021-12-08 09:09:00,890,880,890,880,23000
2021-12-08 09:10:00,885,885,890,890,28300
2021-12-08 09:11:00,890,890,900,900,90200
2021-12-08 09:12:00,900,900,920,910,257200
2021-12-08 09:13:00,915,905,915,915,71300
2021-12-08 09:14:00,915,910,920,910,27400
2021-12-08 09:15:00,910,910,910,910,5500
2021-12-08 09:16:00,915,915,920,915,15000
2021-12-08 09:17:00,920,920,920,920,17700
2021-12-08 09:18:00,915,915,925,920,11500
2021-12-08 09:19:00,920,920,925,925,5900
2021-12-08 09:20:00,925,925,925,925,58600
2021-12-08 09:21:00,930,930,935,935,99200
2021-12-08 09:22:00,935,910,935,910,86500
2021-12-08 09:23:00,910,905,915,915,58900
2021-12-08 09:24:00,925,925,925,925,38800
2021-12-08 09:25:00,930,925,930,925,34800
2021-12-08 09:26:00,925,910,925,910,123300
2021-12-08 09:27:00,910,905,910,905,51900
2021-12-08 09:28:00,910,910,910,910,10100
2021-12-08 09:29:00,915,915,915,915,23000
2021-12-08 09:30:00,915,915,915,915,0
2021-12-08 09:31:00,915,915,915,915,6000
2021-12-08 09:32:00,915,910,915,915,18700
2021-12-08 09:33:00,915,915,915,915,2900
2021-12-08 09:34:00,915,915,920,920,6200
2021-12-08 09:35:00,920,920,920,920,1000
2021-12-08 09:36:00,915,915,915,915,7100
2021-12-08 09:37:00,915,915,915,915,5800
2021-12-08 09:38:00,915,915,915,915,500
2021-12-08 09:39:00,915,915,915,915,35700
2021-12-08 09:40:00,915,915,915,915,4200
2021-12-08 09:41:00,920,915,920,915,4000
2021-12-08 09:42:00,915,915,920,920,14500
2021-12-08 09:43:00,920,920,920,920,23400
2021-12-08 09:44:00,925,925,925,925,500
2021-12-08 09:45:00,925,925,925,925,15700
2021-12-08 09:46:00,925,920,925,920,22400
2021-12-08 09:47:00,920,920,925,920,33100
2021-12-08 09:48:00,920,920,925,925,23300
2021-12-08 09:49:00,925,925,925,925,18800
2021-12-08 09:50:00,925,925,925,925,0
2021-12-08 09:51:00,930,930,960,960,230400
2021-12-08 09:52:00,960,935,975,950,195800
2021-12-08 09:53:00,950,950,960,960,173800
2021-12-08 09:54:00,965,940,965,940,176600
2021-12-08 09:55:00,945,935,945,945,21900
2021-12-08 09:56:00,940,940,945,945,7500
2021-12-08 09:57:00,945,940,945,940,77300
2021-12-08 09:58:00,940,935,940,935,43400
2021-12-08 09:59:00,930,930,930,930,19200
2021-12-08 10:00:00,935,935,935,935,3500
2021-12-08 10:01:00,935,930,940,940,11600
2021-12-08 10:02:00,935,930,940,940,0
2021-12-08 10:03:00,935,935,935,935,7200
2021-12-08 10:04:00,935,930,935,930,29900
2021-12-08 10:05:00,930,930,930,930,16800
2021-12-08 10:06:00,930,930,930,930,0
2021-12-08 10:07:00,925,920,925,920,86500
2021-12-08 10:08:00,920,920,925,920,3100
2021-12-08 10:09:00,920,920,925,920,36600
2021-12-08 10:10:00,920,920,920,920,8100
2021-12-08 10:11:00,920,920,925,925,12600
2021-12-08 10:12:00,920,920,920,920,9500
2021-12-08 10:13:00,920,920,920,920,6800
2021-12-08 10:14:00,915,915,920,920,15400
2021-12-08 10:15:00,920,920,925,920,7400
2021-12-08 10:16:00,920,920,925,920,900
2021-12-08 10:17:00,925,920,925,925,3300
2021-12-08 10:18:00,925,925,925,925,300
2021-12-08 10:19:00,925,920,925,925,4300
2021-12-08 10:20:00,925,925,925,925,4300
2021-12-08 10:21:00,920,920,920,920,48300
2021-12-08 10:22:00,920,910,925,910,288800
2021-12-08 10:23:00,910,905,910,910,21500
2021-12-08 10:24:00,910,905,910,905,11400
2021-12-08 10:25:00,905,905,910,910,11200
2021-12-08 10:26:00,910,910,910,910,100
2021-12-08 10:27:00,910,910,910,910,0
2021-12-08 10:28:00,920,920,920,920,32200
2021-12-08 10:29:00,920,920,920,920,9300
2021-12-08 10:30:00,920,920,920,920,500
2021-12-08 10:31:00,915,915,915,915,18900
2021-12-08 10:32:00,920,920,920,920,3800
2021-12-08 10:33:00,915,915,920,920,2400
2021-12-08 10:34:00,915,915,915,915,15400
2021-12-08 10:35:00,910,910,915,910,40800
2021-12-08 10:36:00,910,910,915,910,0
2021-12-08 10:37:00,910,910,915,910,0
2021-12-08 10:38:00,910,910,910,910,100
2021-12-08 10:39:00,910,910,910,910,24300
2021-12-08 10:40:00,910,910,910,910,7000
2021-12-08 10:41:00,910,910,910,910,17300
2021-12-08 10:42:00,910,910,910,910,0
2021-12-08 10:43:00,915,915,915,915,1100
2021-12-08 10:44:00,915,915,915,915,0
2021-12-08 10:45:00,915,915,915,915,0
2021-12-08 10:46:00,915,915,915,915,3000
2021-12-08 10:47:00,915,915,915,915,500
2021-12-08 10:48:00,915,915,915,915,300
2021-12-08 10:49:00,915,915,915,915,0
2021-12-08 10:50:00,915,915,915,915,100
2021-12-08 10:51:00,915,910,915,910,13700
2021-12-08 10:52:00,915,910,915,910,0
2021-12-08 10:53:00,910,910,910,910,2500
2021-12-08 10:54:00,910,910,910,910,16800
2021-12-08 10:55:00,910,910,910,910,0
2021-12-08 10:56:00,915,915,915,915,1700
2021-12-08 10:57:00,915,915,915,915,0
2021-12-08 10:58:00,915,915,915,915,0
2021-12-08 10:59:00,915,915,915,915,1000
2021-12-08 11:00:00,910,910,910,910,9200
2021-12-08 11:01:00,910,910,910,910,0
2021-12-08 11:02:00,910,910,910,910,6700
2021-12-08 11:03:00,910,910,910,910,0
2021-12-08 11:04:00,910,910,910,910,0
2021-12-08 11:05:00,910,910,910,910,5000
2021-12-08 11:06:00,910,910,910,910,0
2021-12-08 11:07:00,915,915,915,915,20500
2021-12-08 11:08:00,915,915,915,915,0
2021-12-08 11:09:00,915,915,915,915,2500
2021-12-08 11:10:00,920,920,920,920,100
2021-12-08 11:11:00,920,920,920,920,1000
2021-12-08 11:12:00,920,920,920,920,0
2021-12-08 11:13:00,920,920,920,920,3000
2021-12-08 11:14:00,920,920,920,920,26000
2021-12-08 11:15:00,925,925,925,925,700
2021-12-08 11:16:00,925,925,925,925,16200
2021-12-08 11:17:00,925,925,925,925,31000
2021-12-08 11:18:00,930,930,930,930,5500
2021-12-08 11:19:00,930,930,930,930,0
2021-12-08 11:20:00,930,930,930,930,10700
2021-12-08 11:21:00,930,930,930,930,0
2021-12-08 11:22:00,930,930,930,930,0
2021-12-08 11:23:00,925,925,925,925,5700
2021-12-08 11:24:00,920,915,920,915,29300
2021-12-08 11:25:00,915,915,915,915,7200
2021-12-08 11:26:00,920,920,920,920,8000
2021-12-08 11:27:00,920,920,920,920,10500
2021-12-08 11:28:00,920,920,920,920,6200
2021-12-08 11:29:00,920,920,920,920,10000
2021-12-08 11:30:00,920,920,920,920,0
2021-12-08 11:31:00,920,920,920,920,0
2021-12-08 11:32:00,920,920,920,920,0
2021-12-08 11:33:00,920,920,920,920,0
2021-12-08 11:34:00,920,920,920,920,0
2021-12-08 11:35:00,920,920,920,920,0
2021-12-08 11:36:00,920,920,920,920,0
2021-12-08 11:37:00,920,920,920,920,0
2021-12-08 11:38:00,920,920,920,920,0
2021-12-08 11:39:00,920,920,920,920,0
2021-12-08 11:40:00,920,920,920,920,0
2021-12-08 11:41:00,920,920,920,920,0
2021-12-08 11:42:00,920,920,920,920,0
2021-12-08 11:43:00,920,920,920,920,0
2021-12-08 11:44:00,920,920,920,920,0
2021-12-08 11:45:00,920,920,920,920,0
2021-12-08 11:46:00,920,920,920,920,0
2021-12-08 11:47:00,920,920,920,920,0
2021-12-08 11:48:00,920,920,920,920,0
2021-12-08 11:49:00,920,920,920,920,0
2021-12-08 11:50:00,920,920,920,920,0
2021-12-08 11:51:00,920,920,920,920,0
2021-12-08 11:52:00,920,920,920,920,0
2021-12-08 11:53:00,920,920,920,920,0
2021-12-08 11:54:00,920,920,920,920,0
2021-12-08 11:55:00,920,920,920,920,0
2021-12-08 11:56:00,920,920,920,920,0
2021-12-08 11:57:00,920,920,920,920,0
2021-12-08 11:58:00,920,920,920,920,0
2021-12-08 11:59:00,920,920,920,920,0
2021-12-08 12:00:00,920,920,920,920,0
2021-12-08 12:01:00,920,920,920,920,0
2021-12-08 12:02:00,920,920,920,920,0
2021-12-08 12:03:00,920,920,920,920,0
2021-12-08 12:04:00,920,920,920,920,0
2021-12-08 12:05:00,920,920,920,920,0
2021-12-08 12:06:00,920,920,920,920,0
2021-12-08 12:07:00,920,920,920,920,0
2021-12-08 12:08:00,920,920,920,920,0
2021-12-08 12:09:00,920,920,920,920,0
2021-12-08 12:10:00,920,920,920,920,0
2021-12-08 12:11:00,920,920,920,920,0
2021-12-08 12:12:00,920,920,920,920,0
2021-12-08 12:13:00,920,920,920,920,0
2021-12-08 12:14:00,920,920,920,920,0
2021-12-08 12:15:00,920,920,920,920,0
2021-12-08 12:16:00,920,920,920,920,0
2021-12-08 12:17:00,920,920,920,920,0
2021-12-08 12:18:00,920,920,920,920,0
2021-12-08 12:19:00,920,920,920,920,0
2021-12-08 12:20:00,920,920,920,920,0
2021-12-08 12:21:00,920,920,920,920,0
2021-12-08 12:22:00,920,920,920,920,0
2021-12-08 12:23:00,920,920,920,920,0
2021-12-08 12:24:00,920,920,920,920,0
2021-12-08 12:25:00,920,920,920,920,0
2021-12-08 12:26:00,920,920,920,920,0
2021-12-08 12:27:00,920,920,920,920,0
2021-12-08 12:28:00,920,920,920,920,0
2021-12-08 12:29:00,920,920,920,920,0
2021-12-08 12:30:00,920,920,920,920,0
2021-12-08 12:31:00,920,920,920,920,0
2021-12-08 12:32:00,920,920,920,920,0
2021-12-08 12:33:00,920,920,920,920,0
2021-12-08 12:34:00,920,920,920,920,0
2021-12-08 12:35:00,920,920,920,920,0
2021-12-08 12:36:00,920,920,920,920,0
2021-12-08 12:37:00,920,920,920,920,0
2021-12-08 12:38:00,920,920,920,920,0
2021-12-08 12:39:00,920,920,920,920,0
2021-12-08 12:40:00,920,920,920,920,0
2021-12-08 12:41:00,920,920,920,920,0
2021-12-08 12:42:00,920,920,920,920,0
2021-12-08 12:43:00,920,920,920,920,0
2021-12-08 12:44:00,920,920,920,920,0
2021-12-08 12:45:00,920,920,920,920,0
2021-12-08 12:46:00,920,920,920,920,0
2021-12-08 12:47:00,920,920,920,920,0
2021-12-08 12:48:00,920,920,920,920,0
2021-12-08 12:49:00,920,920,920,920,0
2021-12-08 12:50:00,920,920,920,920,0
2021-12-08 12:51:00,920,920,920,920,0
2021-12-08 12:52:00,920,920,920,920,0
2021-12-08 12:53:00,920,920,920,920,0
2021-12-08 12:54:00,920,920,920,920,0
2021-12-08 12:55:00,920,920,920,920,0
2021-12-08 12:56:00,920,920,920,920,0
2021-12-08 12:57:00,920,920,920,920,0
2021-12-08 12:58:00,920,920,920,920,0
2021-12-08 12:59:00,920,920,920,920,0
2021-12-08 13:00:00,920,920,920,920,0
2021-12-08 13:01:00,920,920,920,920,0
2021-12-08 13:02:00,920,920,920,920,0
2021-12-08 13:03:00,920,920,920,920,0
2021-12-08 13:04:00,920,920,920,920,0
2021-12-08 13:05:00,920,920,920,920,0
2021-12-08 13:06:00,920,920,920,920,0
2021-12-08 13:07:00,920,920,920,920,0
2021-12-08 13:08:00,920,920,920,920,0
2021-12-08 13:09:00,920,920,920,920,0
2021-12-08 13:10:00,920,920,920,920,0
2021-12-08 13:11:00,920,920,920,920,0
2021-12-08 13:12:00,920,920,920,920,0
2021-12-08 13:13:00,920,920,920,920,0
2021-12-08 13:14:00,920,920,920,920,0
2021-12-08 13:15:00,920,920,920,920,0
2021-12-08 13:16:00,920,920,920,920,0
2021-12-08 13:17:00,920,920,920,920,0
2021-12-08 13:18:00,920,920,920,920,0
2021-12-08 13:19:00,920,920,920,920,0
2021-12-08 13:20:00,920,920,920,920,0
2021-12-08 13:21:00,920,920,920,920,0
2021-12-08 13:22:00,920,920,920,920,0
2021-12-08 13:23:00,920,920,920,920,0
2021-12-08 13:24:00,920,920,920,920,0
2021-12-08 13:25:00,920,920,920,920,0
2021-12-08 13:26:00,920,920,920,920,0
2021-12-08 13:27:00,920,920,920,920,0
2021-12-08 13:28:00,920,920,920,920,0
2021-12-08 13:29:00,920,920,920,920,0
2021-12-08 13:30:00,925,920,925,920,6900
2021-12-08 13:31:00,925,920,925,920,0
2021-12-08 13:32:00,930,930,930,930,20000
2021-12-08 13:33:00,925,925,925,925,500
2021-12-08 13:34:00,925,925,925,925,8900
2021-12-08 13:35:00,925,925,925,925,0
2021-12-08 13:36:00,925,920,925,920,18100
2021-12-08 13:37:00,925,925,925,925,3500
2021-12-08 13:38:00,925,925,925,925,100
2021-12-08 13:39:00,925,925,925,925,0
2021-12-08 13:40:00,925,920,925,920,1600
2021-12-08 13:41:00,925,925,925,925,10000
2021-12-08 13:42:00,925,925,925,925,500
2021-12-08 13:43:00,925,920,925,920,2100
2021-12-08 13:44:00,920,920,920,920,10000
2021-12-08 13:45:00,925,925,925,925,17300
2021-12-08 13:46:00,925,925,930,930,45000
2021-12-08 13:47:00,925,925,930,930,32500
2021-12-08 13:48:00,930,930,930,930,46000
2021-12-08 13:49:00,930,925,930,930,17100
2021-12-08 13:50:00,930,925,930,930,0
2021-12-08 13:51:00,930,925,930,930,0
2021-12-08 13:52:00,930,930,935,935,38600
2021-12-08 13:53:00,930,930,935,935,0
2021-12-08 13:54:00,930,930,930,930,1500
2021-12-08 13:55:00,935,935,935,935,2100
2021-12-08 13:56:00,935,935,935,935,2000
2021-12-08 13:57:00,935,935,935,935,500
2021-12-08 13:58:00,935,935,935,935,0
2021-12-08 13:59:00,935,930,935,935,23800
2021-12-08 14:00:00,935,935,935,935,1100
2021-12-08 14:01:00,935,935,935,935,12500
2021-12-08 14:02:00,935,935,935,935,5500
2021-12-08 14:03:00,935,935,935,935,0
2021-12-08 14:04:00,935,935,935,935,15000
2021-12-08 14:05:00,935,935,935,935,400
2021-12-08 14:06:00,935,935,935,935,2000
2021-12-08 14:07:00,935,935,935,935,100
2021-12-08 14:08:00,935,935,935,935,100
2021-12-08 14:09:00,930,930,935,935,8000
2021-12-08 14:10:00,930,930,930,930,6900
2021-12-08 14:11:00,935,935,940,940,72400
2021-12-08 14:12:00,940,935,940,940,3300
2021-12-08 14:13:00,935,935,940,940,26100
2021-12-08 14:14:00,940,930,940,930,24800
2021-12-08 14:15:00,940,930,940,930,0
2021-12-08 14:16:00,940,930,940,930,0
2021-12-08 14:17:00,930,930,930,930,25000
2021-12-08 14:18:00,930,930,930,930,100
2021-12-08 14:19:00,930,930,930,930,100
2021-12-08 14:20:00,930,930,930,930,0
2021-12-08 14:21:00,930,930,930,930,0
2021-12-08 14:22:00,930,930,930,930,13300
2021-12-08 14:23:00,930,930,930,930,14000
2021-12-08 14:24:00,930,930,930,930,0
2021-12-08 14:25:00,930,930,935,935,6900
2021-12-08 14:26:00,930,930,930,930,16300
2021-12-08 14:27:00,925,925,925,925,33200
2021-12-08 14:28:00,925,925,925,925,8500
2021-12-08 14:29:00,925,920,925,920,8400
2021-12-08 14:30:00,930,930,930,930,5900
2021-12-08 14:31:00,930,930,930,930,9500
2021-12-08 14:32:00,930,930,930,930,4000
2021-12-08 14:33:00,935,935,935,935,2500
2021-12-08 14:34:00,935,935,935,935,0
2021-12-08 14:35:00,935,935,935,935,0
2021-12-08 14:36:00,935,935,935,935,10000
2021-12-08 14:37:00,935,935,935,935,900
2021-12-08 14:38:00,935,935,935,935,1800
2021-12-08 14:39:00,935,935,935,935,0
2021-12-08 14:40:00,935,935,935,935,0
2021-12-08 14:41:00,935,935,935,935,0
2021-12-08 14:42:00,930,930,930,930,400
2021-12-08 14:43:00,930,925,935,925,60600
2021-12-08 14:44:00,925,925,930,930,24400
2021-12-08 14:45:00,925,925,935,935,40100
2021-12-08 14:46:00,935,935,935,935,29900
2021-12-08 14:47:00,940,940,940,940,1200
2021-12-08 14:48:00,940,940,940,940,10400
2021-12-08 14:49:00,940,940,945,940,33500
2021-12-08 14:50:00,940,940,945,940,0
2021-12-08 14:51:00,940,940,945,940,0
2021-12-08 14:52:00,940,940,945,940,0
2021-12-08 14:53:00,940,940,945,940,0
2021-12-08 14:54:00,940,940,945,940,0
2021-12-08 14:55:00,940,940,945,940,0
2021-12-08 14:56:00,940,940,945,940,0
2021-12-08 14:57:00,940,940,945,940,0
2021-12-08 14:58:00,940,940,945,940,0
2021-12-08 14:59:00,940,940,945,940,0
2021-12-08 15:00:00,960,960,960,960,264800
2021-12-08 15:01:00,960,960,960,960,40100
2021-12-08 15:02:00,960,960,960,960,0
2021-12-08 15:03:00,960,960,960,960,3500
2021-12-08 15:04:00,960,960,960,960,0
2021-12-08 15:05:00,960,960,960,960,200
2021-12-08 15:06:00,960,960,960,960,0
2021-12-08 15:07:00,960,960,960,960,500
2021-12-08 15:08:00,960,960,960,960,0
2021-12-08 15:09:00,960,960,960,960,500
2021-12-08 15:10:00,960,960,960,960,27800
2021-12-08 15:11:00,960,960,960,960,13900
2021-12-08 15:12:00,960,960,960,960,0
2021-12-08 15:13:00,960,960,960,960,6900
2021-12-08 15:14:00,960,960,960,960,0
2021-12-08 15:15:00,960,960,960,960,0
2021-12-08 15:16:00,960,960,960,960,0
2021-12-08 15:17:00,960,960,960,960,0
2021-12-08 15:18:00,960,960,960,960,0
2021-12-08 15:19:00,960,960,960,960,0
2021-12-08 15:20:00,960,960,960,960,0
2021-12-08 15:21:00,960,960,960,960,0
2021-12-08 15:22:00,960,960,960,960,0
2021-12-08 15:23:00,960,960,960,960,0
2021-12-08 15:24:00,960,960,960,960,0
2021-12-08 15:25:00,960,960,960,960,0
2021-12-08 15:26:00,960,960,960,960,0
2021-12-08 15:27:00,960,960,960,960,0
2021-12-08 15:28:00,960,960,960,960,0
2021-12-08 15:29:00,960,960,960,960,0
2021-12-08 15:30:00,960,960,960,960,0
2021-12-08 15:31:00,960,960,960,960,0
2021-12-08 15:32:00,960,960,960,960,0
2021-12-08 15:33:00,960,960,960,960,0
2021-12-08 15:34:00,960,960,960,960,0
2021-12-08 15:35:00,960,960,960,960,0
2021-12-08 15:36:00,960,960,960,960,0
2021-12-08 15:37:00,960,960,960,960,0
2021-12-08 15:38:00,960,960,960,960,0
2021-12-08 15:39:00,960,960,960,960,0
2021-12-08 15:40:00,960,960,960,960,0
2021-12-08 15:41:00,960,960,960,960,0
2021-12-08 15:42:00,960,960,960,960,0
2021-12-08 15:43:00,960,960,960,960,0
2021-12-08 15:44:00,960,960,960,960,0
2021-12-08 15:45:00,960,960,960,960,0
2021-12-08 15:46:00,960,960,960,960,0
2021-12-08 15:47:00,960,960,960,960,0
2021-12-08 15:48:00,960,960,960,960,0
2021-12-08 15:49:00,960,960,960,960,0
2021-12-08 15:50:00,960,960,960,960,0
2021-12-08 15:51:00,960,960,960,960,0
2021-12-08 15:52:00,960,960,960,960,0
2021-12-08 15:53:00,960,960,960,960,0
2021-12-08 15:54:00,960,960,960,960,0
2021-12-08 15:55:00,960,960,960,960,0
2021-12-08 15:56:00,960,960,960,960,0
2021-12-08 15:57:00,960,960,960,960,0
2021-12-08 15:58:00,960,960,960,960,0
2021-12-08 15:59:00,960,960,960,960,0
2021-12-09 09:00:00,935,905,935,905,0
2021-12-09 09:01:00,905,900,920,920,37300
2021-12-09 09:02:00,915,915,915,915,1600
2021-12-09 09:03:00,915,910,915,910,7100
2021-12-09 09:04:00,910,910,910,910,74900
2021-12-09 09:05:00,910,895,910,895,82400
2021-12-09 09:06:00,895,890,895,895,55900
2021-12-09 09:07:00,895,885,895,885,26000
2021-12-09 09:08:00,890,875,890,875,38600
2021-12-09 09:09:00,875,875,880,875,86500
2021-12-09 09:10:00,880,875,890,875,24300
2021-12-09 09:11:00,890,890,890,890,1500
2021-12-09 09:12:00,890,885,890,885,8200
2021-12-09 09:13:00,885,880,885,880,30200
2021-12-09 09:14:00,880,880,880,880,1300
2021-12-09 09:15:00,875,875,895,895,78800
2021-12-09 09:16:00,895,890,895,890,6000
2021-12-09 09:17:00,890,885,890,890,33500
2021-12-09 09:18:00,890,890,890,890,3200
2021-12-09 09:19:00,890,890,890,890,10300
2021-12-09 09:20:00,890,890,895,895,7200
2021-12-09 09:21:00,895,885,895,885,23100
2021-12-09 09:22:00,895,885,895,885,0
2021-12-09 09:23:00,885,885,885,885,3000
2021-12-09 09:24:00,885,885,885,885,6200
2021-12-09 09:25:00,885,885,885,885,700
2021-12-09 09:26:00,880,875,880,875,128200
2021-12-09 09:27:00,875,875,875,875,18600
2021-12-09 09:28:00,880,870,880,875,19900
2021-12-09 09:29:00,875,875,880,875,12500
2021-12-09 09:30:00,875,875,880,875,0
2021-12-09 09:31:00,875,870,875,875,82000
2021-12-09 09:32:00,875,865,875,865,85000
2021-12-09 09:33:00,865,865,870,870,24400
2021-12-09 09:34:00,870,865,870,870,6400
2021-12-09 09:35:00,870,870,870,870,1700
2021-12-09 09:36:00,870,870,870,870,11600
2021-12-09 09:37:00,870,865,870,865,40000
2021-12-09 09:38:00,865,865,865,865,90500
2021-12-09 09:39:00,870,870,870,870,8900
2021-12-09 09:40:00,870,865,870,865,24300
2021-12-09 09:41:00,865,865,865,865,1000
2021-12-09 09:42:00,875,875,875,875,1500
2021-12-09 09:43:00,875,875,875,875,6000
2021-12-09 09:44:00,875,875,875,875,9200
2021-12-09 09:45:00,870,865,870,870,28600
2021-12-09 09:46:00,865,865,865,865,2500
2021-12-09 09:47:00,870,870,870,870,10500
2021-12-09 09:48:00,875,875,875,875,20000
2021-12-09 09:49:00,870,870,870,870,11000
2021-12-09 09:50:00,870,870,870,870,0
2021-12-09 09:51:00,865,865,865,865,35900
2021-12-09 09:52:00,875,865,875,865,44000
2021-12-09 09:53:00,865,860,865,860,53800
2021-12-09 09:54:00,860,860,865,865,44900
2021-12-09 09:55:00,865,860,875,875,6300
2021-12-09 09:56:00,865,860,865,865,16500
2021-12-09 09:57:00,860,860,860,860,399200
2021-12-09 09:58:00,860,860,860,860,2600
2021-12-09 09:59:00,860,860,860,860,10600
2021-12-09 10:00:00,860,860,860,860,0
2021-12-09 10:01:00,860,860,860,860,2200
2021-12-09 10:02:00,860,860,860,860,500
2021-12-09 10:03:00,860,860,860,860,0
2021-12-09 10:04:00,860,860,860,860,1600
2021-12-09 10:05:00,860,860,860,860,2400
2021-12-09 10:06:00,860,860,860,860,200
2021-12-09 10:07:00,860,860,860,860,5100
2021-12-09 10:08:00,860,860,860,860,300
2021-12-09 10:09:00,860,860,860,860,0
2021-12-09 10:10:00,860,860,860,860,2900
2021-12-09 10:11:00,860,860,860,860,0
2021-12-09 10:12:00,860,860,860,860,1300
2021-12-09 10:13:00,860,860,860,860,100500
2021-12-09 10:14:00,860,860,860,860,0
2021-12-09 10:15:00,860,860,860,860,300
2021-12-09 10:16:00,860,860,860,860,100
2021-12-09 10:17:00,860,860,860,860,8500
2021-12-09 10:18:00,860,860,860,860,500
2021-12-09 10:19:00,860,860,860,860,0
2021-12-09 10:20:00,860,860,860,860,500
2021-12-09 10:21:00,860,860,860,860,4000
2021-12-09 10:22:00,860,860,860,860,2000
2021-12-09 10:23:00,860,860,860,860,2000
2021-12-09 10:24:00,860,860,860,860,3700
2021-12-09 10:25:00,860,860,860,860,0
2021-12-09 10:26:00,860,860,860,860,0
2021-12-09 10:27:00,860,860,860,860,0
2021-12-09 10:28:00,860,860,860,860,0
2021-12-09 10:29:00,860,860,860,860,500
2021-12-09 10:30:00,860,860,860,860,0
2021-12-09 10:31:00,860,860,860,860,100
2021-12-09 10:32:00,860,860,860,860,100
2021-12-09 10:33:00,860,860,860,860,600
2021-12-09 10:34:00,860,860,860,860,1900
2021-12-09 10:35:00,860,860,860,860,3800
2021-12-09 10:36:00,860,860,860,860,100
2021-12-09 10:37:00,860,860,860,860,500
2021-12-09 10:38:00,860,860,860,860,0
2021-12-09 10:39:00,860,860,860,860,500
2021-12-09 10:40:00,860,860,860,860,1100
2021-12-09 10:41:00,860,860,860,860,0
2021-12-09 10:42:00,860,860,860,860,0
2021-12-09 10:43:00,860,860,860,860,1500
2021-12-09 10:44:00,860,860,860,860,400
2021-12-09 10:45:00,860,860,860,860,0
2021-12-09 10:46:00,860,860,860,860,0
2021-12-09 10:47:00,860,860,860,860,0
2021-12-09 10:48:00,860,860,860,860,100
2021-12-09 10:49:00,860,860,860,860,0
2021-12-09 10:50:00,860,860,860,860,500
2021-12-09 10:51:00,860,860,860,860,0
2021-12-09 10:52:00,860,860,860,860,361000
2021-12-09 10:53:00,860,860,860,860,5800
2021-12-09 10:54:00,860,860,860,860,3700
2021-12-09 10:55:00,860,860,860,860,20500
2021-12-09 10:56:00,860,860,860,860,21000
2021-12-09 10:57:00,860,860,860,860,2100
2021-12-09 10:58:00,860,860,860,860,0
2021-12-09 10:59:00,860,860,860,860,500
2021-12-09 11:00:00,860,860,860,860,6400
2021-12-09 11:01:00,860,860,860,860,700
2021-12-09 11:02:00,860,860,860,860,1000
2021-12-09 11:03:00,860,860,860,860,0
2021-12-09 11:04:00,860,860,860,860,0
2021-12-09 11:05:00,860,860,860,860,1200
2021-12-09 11:06:00,860,860,860,860,0
2021-12-09 11:07:00,860,860,860,860,1200
2021-12-09 11:08:00,860,860,860,860,1000
2021-12-09 11:09:00,860,860,860,860,200
2021-12-09 11:10:00,860,860,860,860,2500
2021-12-09 11:11:00,860,860,860,860,0
2021-12-09 11:12:00,860,860,860,860,0
2021-12-09 11:13:00,860,860,860,860,0
2021-12-09 11:14:00,860,860,860,860,500
2021-12-09 11:15:00,860,860,860,860,0
2021-12-09 11:16:00,860,860,860,860,0
2021-12-09 11:17:00,860,860,860,860,0
2021-12-09 11:18:00,860,860,860,860,0
2021-12-09 11:19:00,860,860,860,860,0
2021-12-09 11:20:00,860,860,860,860,1000
2021-12-09 11:21:00,860,860,860,860,0
2021-12-09 11:22:00,860,860,860,860,600
2021-12-09 11:23:00,860,860,860,860,0
2021-12-09 11:24:00,860,860,860,860,0
2021-12-09 11:25:00,860,860,860,860,1000
2021-12-09 11:26:00,860,860,860,860,0
2021-12-09 11:27:00,860,860,860,860,100
2021-12-09 11:28:00,860,860,860,860,1000
2021-12-09 11:29:00,860,860,860,860,0
2021-12-09 11:30:00,860,860,860,860,0
2021-12-09 11:31:00,860,860,860,860,0
2021-12-09 11:32:00,860,860,860,860,0
2021-12-09 11:33:00,860,860,860,860,0
2021-12-09 11:34:00,860,860,860,860,0
2021-12-09 11:35:00,860,860,860,860,0
2021-12-09 11:36:00,860,860,860,860,0
2021-12-09 11:37:00,860,860,860,860,0
2021-12-09 11:38:00,860,860,860,860,0
2021-12-09 11:39:00,860,860,860,860,0
2021-12-09 11:40:00,860,860,860,860,0
2021-12-09 11:41:00,860,860,860,860,0
2021-12-09 11:42:00,860,860,860,860,0
2021-12-09 11:43:00,860,860,860,860,0
2021-12-09 11:44:00,860,860,860,860,0
2021-12-09 11:45:00,860,860,860,860,0
2021-12-09 11:46:00,860,860,860,860,0
2021-12-09 11:47:00,860,860,860,860,0
2021-12-09 11:48:00,860,860,860,860,0
2021-12-09 11:49:00,860,860,860,860,0
2021-12-09 11:50:00,860,860,860,860,0
2021-12-09 11:51:00,860,860,860,860,0
2021-12-09 11:52:00,860,860,860,860,0
2021-12-09 11:53:00,860,860,860,860,0
2021-12-09 11:54:00,860,860,860,860,0
2021-12-09 11:55:00,860,860,860,860,0
2021-12-09 11:56:00,860,860,860,860,0
2021-12-09 11:57:00,860,860,860,860,0
2021-12-09 11:58:00,860,860,860,860,0
2021-12-09 11:59:00,860,860,860,860,0
2021-12-09 12:00:00,860,860,860,860,0
2021-12-09 12:01:00,860,860,860,860,0
2021-12-09 12:02:00,860,860,860,860,0
2021-12-09 12:03:00,860,860,860,860,0
2021-12-09 12:04:00,860,860,860,860,0
2021-12-09 12:05:00,860,860,860,860,0
2021-12-09 12:06:00,860,860,860,860,0
2021-12-09 12:07:00,860,860,860,860,0
2021-12-09 12:08:00,860,860,860,860,0
2021-12-09 12:09:00,860,860,860,860,0
2021-12-09 12:10:00,860,860,860,860,0
2021-12-09 12:11:00,860,860,860,860,0
2021-12-09 12:12:00,860,860,860,860,0
2021-12-09 12:13:00,860,860,860,860,0
2021-12-09 12:14:00,860,860,860,860,0
2021-12-09 12:15:00,860,860,860,860,0
2021-12-09 12:16:00,860,860,860,860,0
2021-12-09 12:17:00,860,860,860,860,0
2021-12-09 12:18:00,860,860,860,860,0
2021-12-09 12:19:00,860,860,860,860,0
2021-12-09 12:20:00,860,860,860,860,0
2021-12-09 12:21:00,860,860,860,860,0
2021-12-09 12:22:00,860,860,860,860,0
2021-12-09 12:23:00,860,860,860,860,0
2021-12-09 12:24:00,860,860,860,860,0
2021-12-09 12:25:00,860,860,860,860,0
2021-12-09 12:26:00,860,860,860,860,0
2021-12-09 12:27:00,860,860,860,860,0
2021-12-09 12:28:00,860,860,860,860,0
2021-12-09 12:29:00,860,860,860,860,0
2021-12-09 12:30:00,860,860,860,860,0
2021-12-09 12:31:00,860,860,860,860,0
2021-12-09 12:32:00,860,860,860,860,0
2021-12-09 12:33:00,860,860,860,860,0
2021-12-09 12:34:00,860,860,860,860,0
2021-12-09 12:35:00,860,860,860,860,0
2021-12-09 12:36:00,860,860,860,860,0
2021-12-09 12:37:00,860,860,860,860,0
2021-12-09 12:38:00,860,860,860,860,0
2021-12-09 12:39:00,860,860,860,860,0
2021-12-09 12:40:00,860,860,860,860,0
2021-12-09 12:41:00,860,860,860,860,0
2021-12-09 12:42:00,860,860,860,860,0
2021-12-09 12:43:00,860,860,860,860,0
2021-12-09 12:44:00,860,860,860,860,0
2021-12-09 12:45:00,860,860,860,860,0
2021-12-09 12:46:00,860,860,860,860,0
2021-12-09 12:47:00,860,860,860,860,0
2021-12-09 12:48:00,860,860,860,860,0
2021-12-09 12:49:00,860,860,860,860,0
2021-12-09 12:50:00,860,860,860,860,0
2021-12-09 12:51:00,860,860,860,860,0
2021-12-09 12:52:00,860,860,860,860,0
2021-12-09 12:53:00,860,860,860,860,0
2021-12-09 12:54:00,860,860,860,860,0
2021-12-09 12:55:00,860,860,860,860,0
2021-12-09 12:56:00,860,860,860,860,0
2021-12-09 12:57:00,860,860,860,860,0
2021-12-09 12:58:00,860,860,860,860,0
2021-12-09 12:59:00,860,860,860,860,0
2021-12-09 13:00:00,860,860,860,860,0
2021-12-09 13:01:00,860,860,860,860,0
2021-12-09 13:02:00,860,860,860,860,0
2021-12-09 13:03:00,860,860,860,860,0
2021-12-09 13:04:00,860,860,860,860,0
2021-12-09 13:05:00,860,860,860,860,0
2021-12-09 13:06:00,860,860,860,860,0
2021-12-09 13:07:00,860,860,860,860,0
2021-12-09 13:08:00,860,860,860,860,0
2021-12-09 13:09:00,860,860,860,860,0
2021-12-09 13:10:00,860,860,860,860,0
2021-12-09 13:11:00,860,860,860,860,0
2021-12-09 13:12:00,860,860,860,860,0
2021-12-09 13:13:00,860,860,860,860,0
2021-12-09 13:14:00,860,860,860,860,0
2021-12-09 13:15:00,860,860,860,860,0
2021-12-09 13:16:00,860,860,860,860,0
2021-12-09 13:17:00,860,860,860,860,0
2021-12-09 13:18:00,860,860,860,860,0
2021-12-09 13:19:00,860,860,860,860,0
2021-12-09 13:20:00,860,860,860,860,0
2021-12-09 13:21:00,860,860,860,860,0
2021-12-09 13:22:00,860,860,860,860,0
2021-12-09 13:23:00,860,860,860,860,0
2021-12-09 13:24:00,860,860,860,860,0
2021-12-09 13:25:00,860,860,860,860,0
2021-12-09 13:26:00,860,860,860,860,0
2021-12-09 13:27:00,860,860,860,860,0
2021-12-09 13:28:00,860,860,860,860,0
2021-12-09 13:29:00,860,860,860,860,0
2021-12-09 13:30:00,860,860,860,860,218900
2021-12-09 13:31:00,865,865,870,870,61100
2021-12-09 13:32:00,870,870,870,870,8800
2021-12-09 13:33:00,865,865,870,870,4600
2021-12-09 13:34:00,865,865,865,865,15700
2021-12-09 13:35:00,865,865,865,865,3600
2021-12-09 13:36:00,860,860,865,865,20200
2021-12-09 13:37:00,860,860,865,865,0
2021-12-09 13:38:00,860,860,865,865,6600
2021-12-09 13:39:00,865,860,865,865,20200
2021-12-09 13:40:00,865,865,865,865,1200
2021-12-09 13:41:00,865,865,865,865,9800
2021-12-09 13:42:00,865,865,865,865,0
2021-12-09 13:43:00,865,865,865,865,0
2021-12-09 13:44:00,870,870,870,870,2000
2021-12-09 13:45:00,870,870,870,870,24500
2021-12-09 13:46:00,870,870,870,870,1100
2021-12-09 13:47:00,870,870,870,870,20000
2021-12-09 13:48:00,870,870,870,870,0
2021-12-09 13:49:00,870,870,870,870,6700
2021-12-09 13:50:00,870,870,870,870,13600
2021-12-09 13:51:00,870,870,870,870,200
2021-12-09 13:52:00,870,870,870,870,7900
2021-12-09 13:53:00,865,865,865,865,5700
2021-12-09 13:54:00,865,865,865,865,14300
2021-12-09 13:55:00,865,865,865,865,2300
2021-12-09 13:56:00,865,865,865,865,43300
2021-12-09 13:57:00,865,860,865,865,13600
2021-12-09 13:58:00,865,865,870,870,4200
2021-12-09 13:59:00,865,865,870,870,0
2021-12-09 14:00:00,870,870,870,870,700
2021-12-09 14:01:00,865,865,865,865,29000
2021-12-09 14:02:00,860,860,860,860,9000
2021-12-09 14:03:00,860,860,865,865,6400
2021-12-09 14:04:00,865,865,865,865,500
2021-12-09 14:05:00,865,865,865,865,0
2021-12-09 14:06:00,865,865,865,865,900
2021-12-09 14:07:00,865,865,865,865,0
2021-12-09 14:08:00,860,860,865,865,21400
2021-12-09 14:09:00,865,865,865,865,900
2021-12-09 14:10:00,865,865,865,865,0
2021-12-09 14:11:00,860,860,860,860,34100
2021-12-09 14:12:00,865,860,865,860,4300
2021-12-09 14:13:00,860,860,860,860,10000
2021-12-09 14:14:00,865,865,865,865,400
2021-12-09 14:15:00,865,865,865,865,0
2021-12-09 14:16:00,860,860,860,860,251400
2021-12-09 14:17:00,860,860,860,860,0
2021-12-09 14:18:00,860,860,860,860,0
2021-12-09 14:19:00,860,860,860,860,0
2021-12-09 14:20:00,860,860,860,860,0
2021-12-09 14:21:00,860,860,860,860,800
2021-12-09 14:22:00,860,860,860,860,500
2021-12-09 14:23:00,860,860,860,860,300
2021-12-09 14:24:00,860,860,860,860,1000
2021-12-09 14:25:00,860,860,860,860,6400
2021-12-09 14:26:00,860,860,860,860,0
2021-12-09 14:27:00,860,860,860,860,0
2021-12-09 14:28:00,860,860,860,860,300
2021-12-09 14:29:00,860,860,860,860,0
2021-12-09 14:30:00,860,860,860,860,500
2021-12-09 14:31:00,860,860,860,860,400
2021-12-09 14:32:00,860,860,860,860,0
2021-12-09 14:33:00,860,860,860,860,5100
2021-12-09 14:34:00,860,860,860,860,0
2021-12-09 14:35:00,860,860,860,860,900
2021-12-09 14:36:00,860,860,860,860,2600
2021-12-09 14:37:00,860,860,860,860,600
2021-12-09 14:38:00,860,860,860,860,200
2021-12-09 14:39:00,860,860,860,860,0
2021-12-09 14:40:00,860,860,860,860,0
2021-12-09 14:41:00,860,860,860,860,1500
2021-12-09 14:42:00,860,860,860,860,600
2021-12-09 14:43:00,860,860,860,860,0
2021-12-09 14:44:00,860,860,860,860,0
2021-12-09 14:45:00,860,860,860,860,0
2021-12-09 14:46:00,860,860,860,860,0
2021-12-09 14:47:00,860,860,860,860,1300
2021-12-09 14:48:00,860,860,860,860,0
2021-12-09 14:49:00,860,860,860,860,0
2021-12-09 14:50:00,860,860,860,860,0
2021-12-09 14:51:00,860,860,860,860,0
2021-12-09 14:52:00,860,860,860,860,0
2021-12-09 14:53:00,860,860,860,860,0
2021-12-09 14:54:00,860,860,860,860,0
2021-12-09 14:55:00,860,860,860,860,0
2021-12-09 14:56:00,860,860,860,860,0
2021-12-09 14:57:00,860,860,860,860,0
2021-12-09 14:58:00,860,860,860,860,0
2021-12-09 14:59:00,860,860,860,860,0
2021-12-09 15:00:00,860,860,860,860,3300
2021-12-09 15:01:00,860,860,860,860,200
2021-12-09 15:02:00,860,860,860,860,0
2021-12-09 15:03:00,860,860,860,860,0
2021-12-09 15:04:00,860,860,860,860,0
2021-12-09 15:05:00,860,860,860,860,0
2021-12-09 15:06:00,860,860,860,860,0
2021-12-09 15:07:00,860,860,860,860,0
2021-12-09 15:08:00,860,860,860,860,400
2021-12-09 15:09:00,860,860,860,860,0
2021-12-09 15:10:00,860,860,860,860,0
2021-12-09 15:11:00,860,860,860,860,0
2021-12-09 15:12:00,860,860,860,860,0
2021-12-09 15:13:00,860,860,860,860,0
2021-12-09 15:14:00,860,860,860,860,3519200
2021-12-09 15:15:00,860,860,860,860,0
2021-12-09 15:16:00,860,860,860,860,0
2021-12-09 15:17:00,860,860,860,860,0
2021-12-09 15:18:00,860,860,860,860,0
2021-12-09 15:19:00,860,860,860,860,0
2021-12-09 15:20:00,860,860,860,860,0
2021-12-09 15:21:00,860,860,860,860,0
2021-12-09 15:22:00,860,860,860,860,0
2021-12-09 15:23:00,860,860,860,860,0
2021-12-09 15:24:00,860,860,860,860,0
2021-12-09 15:25:00,860,860,860,860,0
2021-12-09 15:26:00,860,860,860,860,0
2021-12-09 15:27:00,860,860,860,860,0
2021-12-09 15:28:00,860,860,860,860,0
2021-12-09 15:29:00,860,860,860,860,0
2021-12-09 15:30:00,860,860,860,860,0
2021-12-09 15:31:00,860,860,860,860,0
2021-12-09 15:32:00,860,860,860,860,0
2021-12-09 15:33:00,860,860,860,860,0
2021-12-09 15:34:00,860,860,860,860,0
2021-12-09 15:35:00,860,860,860,860,0
2021-12-09 15:36:00,860,860,860,860,0
2021-12-09 15:37:00,860,860,860,860,0
2021-12-09 15:38:00,860,860,860,860,0
2021-12-09 15:39:00,860,860,860,860,0
2021-12-09 15:40:00,860,860,860,860,0
2021-12-09 15:41:00,860,860,860,860,0
2021-12-09 15:42:00,860,860,860,860,0
2021-12-09 15:43:00,860,860,860,860,0
2021-12-09 15:44:00,860,860,860,860,0
2021-12-09 15:45:00,860,860,860,860,0
2021-12-09 15:46:00,860,860,860,860,0
2021-12-09 15:47:00,860,860,860,860,0
2021-12-09 15:48:00,860,860,860,860,0
2021-12-09 15:49:00,860,860,860,860,0
2021-12-09 15:50:00,860,860,860,860,0
2021-12-09 15:51:00,860,860,860,860,0
2021-12-09 15:52:00,860,860,860,860,0
2021-12-09 15:53:00,860,860,860,860,0
2021-12-09 15:54:00,860,860,860,860,0
2021-12-09 15:55:00,860,860,860,860,0
2021-12-09 15:56:00,860,860,860,860,0
2021-12-09 15:57:00,860,860,860,860,0
2021-12-09 15:58:00,860,860,860,860,0
2021-12-09 15:59:00,860,860,860,860,0
2021-12-10 09:00:00,860,820,860,840,0
2021-12-10 09:01:00,835,820,840,820,14600
2021-12-10 09:02:00,820,820,825,820,28600
2021-12-10 09:03:00,825,825,825,825,19200
2021-12-10 09:04:00,825,825,840,840,32100
2021-12-10 09:05:00,840,840,840,840,15400
2021-12-10 09:06:00,840,835,840,840,19000
2021-12-10 09:07:00,840,840,840,840,3500
2021-12-10 09:08:00,835,835,835,835,500
2021-12-10 09:09:00,840,840,840,840,2000
2021-12-10 09:10:00,835,835,840,840,20400
2021-12-10 09:11:00,845,845,855,855,6100
2021-12-10 09:12:00,855,855,865,865,24800
2021-12-10 09:13:00,865,850,865,850,9400
2021-12-10 09:14:00,850,850,850,850,3800
2021-12-10 09:15:00,850,845,850,845,600
2021-12-10 09:16:00,845,840,850,840,15600
2021-12-10 09:17:00,840,840,840,840,6100
2021-12-10 09:18:00,840,825,840,825,49800
2021-12-10 09:19:00,835,830,835,835,11100
2021-12-10 09:20:00,840,835,840,840,1300
2021-12-10 09:21:00,840,840,840,840,3900
2021-12-10 09:22:00,840,840,840,840,500
2021-12-10 09:23:00,840,840,840,840,2500
2021-12-10 09:24:00,840,840,840,840,14400
2021-12-10 09:25:00,845,840,845,840,6500
2021-12-10 09:26:00,840,840,840,840,200
2021-12-10 09:27:00,840,840,840,840,0
2021-12-10 09:28:00,840,840,840,840,4300
2021-12-10 09:29:00,840,840,840,840,0
2021-12-10 09:30:00,840,840,840,840,0
2021-12-10 09:31:00,840,840,840,840,0
2021-12-10 09:32:00,835,835,835,835,7900
2021-12-10 09:33:00,835,835,835,835,5400
2021-12-10 09:34:00,830,825,830,825,77100
2021-12-10 09:35:00,825,825,830,830,41400
2021-12-10 09:36:00,830,825,830,825,16500
2021-12-10 09:37:00,830,825,830,825,55800
2021-12-10 09:38:00,830,825,830,825,0
2021-12-10 09:39:00,825,825,830,830,500
2021-12-10 09:40:00,825,825,830,830,0
2021-12-10 09:41:00,825,825,830,830,1300
2021-12-10 09:42:00,825,825,830,830,0
2021-12-10 09:43:00,825,825,830,830,3200
2021-12-10 09:44:00,825,825,830,830,0
2021-12-10 09:45:00,825,825,830,830,0
2021-12-10 09:46:00,825,825,830,830,0
2021-12-10 09:47:00,830,830,830,830,1800
2021-12-10 09:48:00,830,830,830,830,0
2021-12-10 09:49:00,830,830,830,830,0
2021-12-10 09:50:00,830,830,830,830,0
2021-12-10 09:51:00,830,825,830,825,6800
2021-12-10 09:52:00,830,825,830,825,55000
2021-12-10 09:53:00,825,825,830,830,200
2021-12-10 09:54:00,825,825,825,825,14800
2021-12-10 09:55:00,825,825,830,830,500
2021-12-10 09:56:00,830,830,830,830,5700
2021-12-10 09:57:00,830,830,830,830,27000
2021-12-10 09:58:00,830,830,835,835,30300
2021-12-10 09:59:00,840,840,840,840,10100
2021-12-10 10:00:00,840,840,840,840,1500
2021-12-10 10:01:00,840,840,840,840,0
2021-12-10 10:02:00,840,840,840,840,0
2021-12-10 10:03:00,840,840,840,840,0
2021-12-10 10:04:00,830,830,835,835,20700
2021-12-10 10:05:00,830,830,835,835,0
2021-12-10 10:06:00,835,835,840,840,2000
2021-12-10 10:07:00,840,835,840,840,8000
2021-12-10 10:08:00,840,835,840,840,0
2021-12-10 10:09:00,840,840,840,840,10000
2021-12-10 10:10:00,835,835,840,840,800
2021-12-10 10:11:00,840,840,840,840,1500
2021-12-10 10:12:00,840,835,840,840,14300
2021-12-10 10:13:00,835,835,840,840,200
2021-12-10 10:14:00,835,835,840,840,3300
2021-12-10 10:15:00,835,835,840,840,0
2021-12-10 10:16:00,840,835,840,840,1000
2021-12-10 10:17:00,840,840,840,840,20000
2021-12-10 10:18:00,840,840,845,845,28700
2021-12-10 10:19:00,840,840,845,845,600
2021-12-10 10:20:00,845,845,845,845,2000
2021-12-10 10:21:00,845,845,850,850,3300
2021-12-10 10:22:00,850,850,850,850,6000
2021-12-10 10:23:00,850,850,850,850,5300
2021-12-10 10:24:00,850,850,850,850,1000
2021-12-10 10:25:00,845,845,845,845,15000
2021-12-10 10:26:00,845,840,845,840,8200
2021-12-10 10:27:00,845,845,845,845,500
2021-12-10 10:28:00,840,840,840,840,200
2021-12-10 10:29:00,840,840,845,845,7500
2021-12-10 10:30:00,845,845,845,845,2000
2021-12-10 10:31:00,845,845,845,845,0
2021-12-10 10:32:00,845,845,845,845,13900
2021-12-10 10:33:00,845,845,845,845,600
2021-12-10 10:34:00,845,845,845,845,1100
2021-12-10 10:35:00,845,845,845,845,0
2021-12-10 10:36:00,845,845,845,845,0
2021-12-10 10:37:00,845,845,845,845,0
2021-12-10 10:38:00,845,845,845,845,2000
2021-12-10 10:39:00,840,830,840,830,175900
2021-12-10 10:40:00,830,830,835,835,4500
2021-12-10 10:41:00,835,835,835,835,4000
2021-12-10 10:42:00,835,835,835,835,0
2021-12-10 10:43:00,835,835,835,835,2000
2021-12-10 10:44:00,835,835,835,835,3000
2021-12-10 10:45:00,835,835,835,835,23000
2021-12-10 10:46:00,835,835,835,835,1100
2021-12-10 10:47:00,830,830,830,830,7800
2021-12-10 10:48:00,835,835,835,835,3300
2021-12-10 10:49:00,835,835,835,835,5800
2021-12-10 10:50:00,830,830,830,830,50000
2021-12-10 10:51:00,830,830,830,830,25500
2021-12-10 10:52:00,830,830,830,830,0
2021-12-10 10:53:00,830,830,830,830,0
2021-12-10 10:54:00,830,830,830,830,700
2021-12-10 10:55:00,835,835,835,835,1500
2021-12-10 10:56:00,840,840,840,840,200
2021-12-10 10:57:00,840,840,840,840,100
2021-12-10 10:58:00,840,830,840,830,54800
2021-12-10 10:59:00,830,830,830,830,3500
2021-12-10 11:00:00,825,825,830,830,10200
2021-12-10 11:01:00,825,825,830,830,0
2021-12-10 11:02:00,830,830,830,830,1100
2021-12-10 11:03:00,830,830,830,830,100
2021-12-10 11:04:00,835,835,835,835,31200
2021-12-10 11:05:00,835,835,835,835,0
2021-12-10 11:06:00,835,835,835,835,0
2021-12-10 11:07:00,835,830,835,830,37200
2021-12-10 11:08:00,830,830,830,830,7000
2021-12-10 11:09:00,830,830,830,830,0
2021-12-10 11:10:00,835,835,835,835,1000
2021-12-10 11:11:00,830,830,830,830,2200
2021-12-10 11:12:00,835,835,835,835,1900
2021-12-10 11:13:00,835,835,835,835,100
2021-12-10 11:14:00,835,835,835,835,0
2021-12-10 11:15:00,835,835,835,835,0
2021-12-10 11:16:00,835,835,835,835,100
2021-12-10 11:17:00,835,835,835,835,0
2021-12-10 11:18:00,835,835,835,835,0
2021-12-10 11:19:00,835,835,835,835,0
2021-12-10 11:20:00,840,840,840,840,200
2021-12-10 11:21:00,840,835,840,835,100
2021-12-10 11:22:00,840,835,840,835,0
2021-12-10 11:23:00,840,835,840,835,0
2021-12-10 11:24:00,840,835,840,835,0
2021-12-10 11:25:00,840,835,840,835,0
2021-12-10 11:26:00,835,835,835,835,900
2021-12-10 11:27:00,835,835,835,835,0
2021-12-10 11:28:00,835,835,835,835,0
2021-12-10 11:29:00,835,835,835,835,0
2021-12-10 11:30:00,835,835,835,835,0
2021-12-10 11:31:00,835,835,835,835,0
2021-12-10 11:32:00,835,835,835,835,0
2021-12-10 11:33:00,835,835,835,835,0
2021-12-10 11:34:00,835,835,835,835,0
2021-12-10 11:35:00,835,835,835,835,0
2021-12-10 11:36:00,835,835,835,835,0
2021-12-10 11:37:00,835,835,835,835,0
2021-12-10 11:38:00,835,835,835,835,0
2021-12-10 11:39:00,835,835,835,835,0
2021-12-10 11:40:00,835,835,835,835,0
2021-12-10 11:41:00,835,835,835,835,0
2021-12-10 11:42:00,835,835,835,835,0
2021-12-10 11:43:00,835,835,835,835,0
2021-12-10 11:44:00,835,835,835,835,0
2021-12-10 11:45:00,835,835,835,835,0
2021-12-10 11:46:00,835,835,835,835,0
2021-12-10 11:47:00,835,835,835,835,0
2021-12-10 11:48:00,835,835,835,835,0
2021-12-10 11:49:00,835,835,835,835,0
2021-12-10 11:50:00,835,835,835,835,0
2021-12-10 11:51:00,835,835,835,835,0
2021-12-10 11:52:00,835,835,835,835,0
2021-12-10 11:53:00,835,835,835,835,0
2021-12-10 11:54:00,835,835,835,835,0
2021-12-10 11:55:00,835,835,835,835,0
2021-12-10 11:56:00,835,835,835,835,0
2021-12-10 11:57:00,835,835,835,835,0
2021-12-10 11:58:00,835,835,835,835,0
2021-12-10 11:59:00,835,835,835,835,0
2021-12-10 12:00:00,835,835,835,835,0
2021-12-10 12:01:00,835,835,835,835,0
2021-12-10 12:02:00,835,835,835,835,0
2021-12-10 12:03:00,835,835,835,835,0
2021-12-10 12:04:00,835,835,835,835,0
2021-12-10 12:05:00,835,835,835,835,0
2021-12-10 12:06:00,835,835,835,835,0
2021-12-10 12:07:00,835,835,835,835,0
2021-12-10 12:08:00,835,835,835,835,0
2021-12-10 12:09:00,835,835,835,835,0
2021-12-10 12:10:00,835,835,835,835,0
2021-12-10 12:11:00,835,835,835,835,0
2021-12-10 12:12:00,835,835,835,835,0
2021-12-10 12:13:00,835,835,835,835,0
2021-12-10 12:14:00,835,835,835,835,0
2021-12-10 12:15:00,835,835,835,835,0
2021-12-10 12:16:00,835,835,835,835,0
2021-12-10 12:17:00,835,835,835,835,0
2021-12-10 12:18:00,835,835,835,835,0
2021-12-10 12:19:00,835,835,835,835,0
2021-12-10 12:20:00,835,835,835,835,0
2021-12-10 12:21:00,835,835,835,835,0
2021-12-10 12:22:00,835,835,835,835,0
2021-12-10 12:23:00,835,835,835,835,0
2021-12-10 12:24:00,835,835,835,835,0
2021-12-10 12:25:00,835,835,835,835,0
2021-12-10 12:26:00,835,835,835,835,0
2021-12-10 12:27:00,835,835,835,835,0
2021-12-10 12:28:00,835,835,835,835,0
2021-12-10 12:29:00,835,835,835,835,0
2021-12-10 12:30:00,835,835,835,835,0
2021-12-10 12:31:00,835,835,835,835,0
2021-12-10 12:32:00,835,835,835,835,0
2021-12-10 12:33:00,835,835,835,835,0
2021-12-10 12:34:00,835,835,835,835,0
2021-12-10 12:35:00,835,835,835,835,0
2021-12-10 12:36:00,835,835,835,835,0
2021-12-10 12:37:00,835,835,835,835,0
2021-12-10 12:38:00,835,835,835,835,0
2021-12-10 12:39:00,835,835,835,835,0
2021-12-10 12:40:00,835,835,835,835,0
2021-12-10 12:41:00,835,835,835,835,0
2021-12-10 12:42:00,835,835,835,835,0
2021-12-10 12:43:00,835,835,835,835,0
2021-12-10 12:44:00,835,835,835,835,0
2021-12-10 12:45:00,835,835,835,835,0
2021-12-10 12:46:00,835,835,835,835,0
2021-12-10 12:47:00,835,835,835,835,0
2021-12-10 12:48:00,835,835,835,835,0
2021-12-10 12:49:00,835,835,835,835,0
2021-12-10 12:50:00,835,835,835,835,0
2021-12-10 12:51:00,835,835,835,835,0
2021-12-10 12:52:00,835,835,835,835,0
2021-12-10 12:53:00,835,835,835,835,0
2021-12-10 12:54:00,835,835,835,835,0
2021-12-10 12:55:00,835,835,835,835,0
2021-12-10 12:56:00,835,835,835,835,0
2021-12-10 12:57:00,835,835,835,835,0
2021-12-10 12:58:00,835,835,835,835,0
2021-12-10 12:59:00,835,835,835,835,0
2021-12-10 13:00:00,835,835,835,835,0
2021-12-10 13:01:00,835,835,835,835,0
2021-12-10 13:02:00,835,835,835,835,0
2021-12-10 13:03:00,835,835,835,835,0
2021-12-10 13:04:00,835,835,835,835,0
2021-12-10 13:05:00,835,835,835,835,0
2021-12-10 13:06:00,835,835,835,835,0
2021-12-10 13:07:00,835,835,835,835,0
2021-12-10 13:08:00,835,835,835,835,0
2021-12-10 13:09:00,835,835,835,835,0
2021-12-10 13:10:00,835,835,835,835,0
2021-12-10 13:11:00,835,835,835,835,0
2021-12-10 13:12:00,835,835,835,835,0
2021-12-10 13:13:00,835,835,835,835,0
2021-12-10 13:14:00,835,835,835,835,0
2021-12-10 13:15:00,835,835,835,835,0
2021-12-10 13:16:00,835,835,835,835,0
2021-12-10 13:17:00,835,835,835,835,0
2021-12-10 13:18:00,835,835,835,835,0
2021-12-10 13:19:00,835,835,835,835,0
2021-12-10 13:20:00,835,835,835,835,0
2021-12-10 13:21:00,835,835,835,835,0
2021-12-10 13:22:00,835,835,835,835,0
2021-12-10 13:23:00,835,835,835,835,0
2021-12-10 13:24:00,835,835,835,835,0
2021-12-10 13:25:00,835,835,835,835,0
2021-12-10 13:26:00,835,835,835,835,0
2021-12-10 13:27:00,835,835,835,835,0
2021-12-10 13:28:00,835,835,835,835,0
2021-12-10 13:29:00,835,835,835,835,0
2021-12-10 13:30:00,840,835,840,840,18100
2021-12-10 13:31:00,835,835,835,835,200
2021-12-10 13:32:00,840,840,840,840,5400
2021-12-10 13:33:00,845,840,845,840,13900
2021-12-10 13:34:00,845,845,845,845,700
2021-12-10 13:35:00,840,840,840,840,10000
2021-12-10 13:36:00,845,845,845,845,100
2021-12-10 13:37:00,850,845,850,850,1900
2021-12-10 13:38:00,850,850,850,850,7200
2021-12-10 13:39:00,845,845,850,850,5000
2021-12-10 13:40:00,845,845,850,850,0
2021-12-10 13:41:00,850,845,850,845,23100
2021-12-10 13:42:00,845,845,845,845,1100
2021-12-10 13:43:00,845,845,845,845,2300
2021-12-10 13:44:00,845,845,845,845,0
2021-12-10 13:45:00,845,845,845,845,1100
2021-12-10 13:46:00,845,845,845,845,700
2021-12-10 13:47:00,845,845,845,845,3700
2021-12-10 13:48:00,845,845,845,845,9700
2021-12-10 13:49:00,845,845,845,845,19100
2021-12-10 13:50:00,850,845,850,850,800
2021-12-10 13:51:00,850,845,850,845,2700
2021-12-10 13:52:00,850,850,850,850,100
2021-12-10 13:53:00,850,850,850,850,200
2021-12-10 13:54:00,850,850,850,850,200
2021-12-10 13:55:00,850,850,850,850,200
2021-12-10 13:56:00,850,850,850,850,800
2021-12-10 13:57:00,850,850,850,850,3100
2021-12-10 13:58:00,850,845,850,845,2200
2021-12-10 13:59:00,850,845,850,845,0
2021-12-10 14:00:00,850,845,850,845,0
2021-12-10 14:01:00,845,845,845,845,10800
2021-12-10 14:02:00,845,845,845,845,3300
2021-12-10 14:03:00,845,845,845,845,4000
2021-12-10 14:04:00,845,845,845,845,0
2021-12-10 14:05:00,845,845,845,845,3400
2021-12-10 14:06:00,845,845,845,845,10000
2021-12-10 14:07:00,845,845,845,845,1500
2021-12-10 14:08:00,840,840,840,840,900
2021-12-10 14:09:00,840,840,840,840,15000
2021-12-10 14:10:00,840,840,845,845,700
2021-12-10 14:11:00,845,845,845,845,1000
2021-12-10 14:12:00,845,845,845,845,3800
2021-12-10 14:13:00,845,845,845,845,0
2021-12-10 14:14:00,845,845,845,845,0
2021-12-10 14:15:00,840,840,840,840,100
2021-12-10 14:16:00,840,840,845,845,9000
2021-12-10 14:17:00,845,845,845,845,1100
2021-12-10 14:18:00,845,845,845,845,0
2021-12-10 14:19:00,840,840,845,840,2300
2021-12-10 14:20:00,840,840,840,840,9400
2021-12-10 14:21:00,840,840,845,845,500
2021-12-10 14:22:00,845,840,845,845,5300
2021-12-10 14:23:00,840,840,845,845,1100
2021-12-10 14:24:00,840,840,845,845,0
2021-12-10 14:25:00,845,840,845,840,1700
2021-12-10 14:26:00,840,840,840,840,10000
2021-12-10 14:27:00,840,840,840,840,0
2021-12-10 14:28:00,845,845,845,845,3500
2021-12-10 14:29:00,845,840,845,840,5100
2021-12-10 14:30:00,840,840,845,845,3300
2021-12-10 14:31:00,845,845,845,845,100
2021-12-10 14:32:00,845,845,845,845,0
2021-12-10 14:33:00,845,845,845,845,0
2021-12-10 14:34:00,845,845,845,845,1500
2021-12-10 14:35:00,840,840,840,840,1000
2021-12-10 14:36:00,840,840,840,840,0
2021-12-10 14:37:00,840,840,840,840,7500
2021-12-10 14:38:00,845,840,845,840,2200
2021-12-10 14:39:00,845,840,845,840,9000
2021-12-10 14:40:00,840,840,840,840,5800
2021-12-10 14:41:00,840,840,840,840,0
2021-12-10 14:42:00,840,840,840,840,2500
2021-12-10 14:43:00,840,840,840,840,10000
2021-12-10 14:44:00,840,840,840,840,1500
2021-12-10 14:45:00,840,840,840,840,0
2021-12-10 14:46:00,845,845,845,845,5700
2021-12-10 14:47:00,845,840,845,845,37500
2021-12-10 14:48:00,845,845,845,845,1900
2021-12-10 14:49:00,840,840,845,845,45600
2021-12-10 14:50:00,840,840,845,845,0
2021-12-10 14:51:00,840,840,845,845,0
2021-12-10 14:52:00,840,840,845,845,0
2021-12-10 14:53:00,840,840,845,845,0
2021-12-10 14:54:00,840,840,845,845,0
2021-12-10 14:55:00,840,840,845,845,0
2021-12-10 14:56:00,840,840,845,845,0
2021-12-10 14:57:00,840,840,845,845,0
2021-12-10 14:58:00,840,840,845,845,0
2021-12-10 14:59:00,840,840,845,845,0
2021-12-10 15:00:00,845,845,845,845,46400
2021-12-10 15:01:00,845,845,845,845,1000
2021-12-10 15:02:00,845,845,845,845,0
2021-12-10 15:03:00,845,845,845,845,1000
2021-12-10 15:04:00,845,845,845,845,5000
2021-12-10 15:05:00,845,845,845,845,0
2021-12-10 15:06:00,845,845,845,845,8500
2021-12-10 15:07:00,845,845,845,845,500
2021-12-10 15:08:00,845,845,845,845,0
2021-12-10 15:09:00,845,845,845,845,1100
2021-12-10 15:10:00,845,845,845,845,100
2021-12-10 15:11:00,845,845,845,845,0
2021-12-10 15:12:00,845,845,845,845,100
2021-12-10 15:13:00,845,845,845,845,0
2021-12-10 15:14:00,845,845,845,845,0
2021-12-10 15:15:00,845,845,845,845,0
2021-12-10 15:16:00,845,845,845,845,0
2021-12-10 15:17:00,845,845,845,845,0
2021-12-10 15:18:00,845,845,845,845,0
2021-12-10 15:19:00,845,845,845,845,0
2021-12-10 15:20:00,845,845,845,845,0
2021-12-10 15:21:00,845,845,845,845,0
2021-12-10 15:22:00,845,845,845,845,0
2021-12-10 15:23:00,845,845,845,845,0
2021-12-10 15:24:00,845,845,845,845,0
2021-12-10 15:25:00,845,845,845,845,0
2021-12-10 15:26:00,845,845,845,845,0
2021-12-10 15:27:00,845,845,845,845,0
2021-12-10 15:28:00,845,845,845,845,0
2021-12-10 15:29:00,845,845,845,845,0
2021-12-10 15:30:00,845,845,845,845,0
2021-12-10 15:31:00,845,845,845,845,0
2021-12-10 15:32:00,845,845,845,845,0
2021-12-10 15:33:00,845,845,845,845,0
2021-12-10 15:34:00,845,845,845,845,0
2021-12-10 15:35:00,845,845,845,845,0
2021-12-10 15:36:00,845,845,845,845,0
2021-12-10 15:37:00,845,845,845,845,0
2021-12-10 15:38:00,845,845,845,845,0
2021-12-10 15:39:00,845,845,845,845,0
2021-12-10 15:40:00,845,845,845,845,0
2021-12-10 15:41:00,845,845,845,845,0
2021-12-10 15:42:00,845,845,845,845,0
2021-12-10 15:43:00,845,845,845,845,0
2021-12-10 15:44:00,845,845,845,845,0
2021-12-10 15:45:00,845,845,845,845,0
2021-12-10 15:46:00,845,845,845,845,0
2021-12-10 15:47:00,845,845,845,845,0
2021-12-10 15:48:00,845,845,845,845,0
2021-12-10 15:49:00,845,845,845,845,0
2021-12-10 15:50:00,845,845,845,845,0
2021-12-10 15:51:00,845,845,845,845,0
2021-12-10 15:52:00,845,845,845,845,0
2021-12-10 15:53:00,845,845,845,845,0
2021-12-10 15:54:00,845,845,845,845,0
2021-12-10 15:55:00,845,845,845,845,0
2021-12-10 15:56:00,845,845,845,845,0
2021-12-10 15:57:00,845,845,845,845,0
2021-12-10 15:58:00,845,845,845,845,0
2021-12-10 15:59:00,845,845,845,845,0
2021-12-13 09:00:00,850,835,855,835,0
2021-12-13 09:01:00,840,835,840,835,19700
2021-12-13 09:02:00,835,835,835,835,1500
2021-12-13 09:03:00,850,850,855,855,32100
2021-12-13 09:04:00,855,855,865,865,37800
2021-12-13 09:05:00,860,860,865,860,47000
2021-12-13 09:06:00,865,865,865,865,34500
2021-12-13 09:07:00,865,865,865,865,1100
2021-12-13 09:08:00,860,860,860,860,53100
2021-12-13 09:09:00,860,855,860,855,25200
2021-12-13 09:10:00,855,850,855,850,87900
2021-12-13 09:11:00,850,845,850,845,43000
2021-12-13 09:12:00,845,845,845,845,137000
2021-12-13 09:13:00,845,840,845,840,21300
2021-12-13 09:14:00,840,840,845,845,20800
2021-12-13 09:15:00,845,840,845,845,99300
2021-12-13 09:16:00,850,845,850,845,13100
2021-12-13 09:17:00,845,845,845,845,2500
2021-12-13 09:18:00,845,845,845,845,0
2021-12-13 09:19:00,845,845,845,845,0
2021-12-13 09:20:00,845,845,845,845,0
2021-12-13 09:21:00,845,845,845,845,0
2021-12-13 09:22:00,850,850,850,850,1000
2021-12-13 09:23:00,850,850,850,850,6000
2021-12-13 09:24:00,850,850,850,850,3000
2021-12-13 09:25:00,855,855,855,855,13500
2021-12-13 09:26:00,855,855,855,855,100
2021-12-13 09:27:00,855,855,855,855,0
2021-12-13 09:28:00,850,850,850,850,5000
2021-12-13 09:29:00,850,850,850,850,200
2021-12-13 09:30:00,855,855,855,855,6000
2021-12-13 09:31:00,855,855,855,855,0
2021-12-13 09:32:00,855,855,855,855,0
2021-12-13 09:33:00,855,850,855,850,3300
2021-12-13 09:34:00,855,850,855,850,0
2021-12-13 09:35:00,855,855,855,855,3000
2021-12-13 09:36:00,855,855,855,855,0
2021-12-13 09:37:00,850,850,850,850,24200
2021-12-13 09:38:00,850,850,850,850,0
2021-12-13 09:39:00,850,850,850,850,500
2021-12-13 09:40:00,850,850,850,850,0
2021-12-13 09:41:00,850,850,850,850,300
2021-12-13 09:42:00,850,850,850,850,2900
2021-12-13 09:43:00,850,850,850,850,100
2021-12-13 09:44:00,850,850,850,850,0
2021-12-13 09:45:00,850,850,850,850,0
2021-12-13 09:46:00,850,850,850,850,0
2021-12-13 09:47:00,850,850,850,850,0
2021-12-13 09:48:00,850,850,850,850,2000
2021-12-13 09:49:00,850,850,850,850,0
2021-12-13 09:50:00,850,850,850,850,10000
2021-12-13 09:51:00,850,850,850,850,8500
2021-12-13 09:52:00,850,850,850,850,0
2021-12-13 09:53:00,850,850,850,850,0
2021-12-13 09:54:00,850,850,850,850,0
2021-12-13 09:55:00,850,850,850,850,10000
2021-12-13 09:56:00,850,850,850,850,0
2021-12-13 09:57:00,855,855,855,855,500
2021-12-13 09:58:00,855,855,855,855,500
2021-12-13 09:59:00,855,855,855,855,0
2021-12-13 10:00:00,855,855,855,855,0
2021-12-13 10:01:00,855,855,855,855,5200
2021-12-13 10:02:00,855,855,855,855,1000
2021-12-13 10:03:00,855,855,855,855,300
2021-12-13 10:04:00,855,855,855,855,0
2021-12-13 10:05:00,855,855,855,855,500
2021-12-13 10:06:00,855,855,855,855,3100
2021-12-13 10:07:00,855,855,855,855,0
2021-12-13 10:08:00,855,855,855,855,4900
2021-12-13 10:09:00,855,855,855,855,0
2021-12-13 10:10:00,855,855,855,855,0
2021-12-13 10:11:00,855,855,855,855,0
2021-12-13 10:12:00,855,855,855,855,100
2021-12-13 10:13:00,855,855,855,855,1100
2021-12-13 10:14:00,855,855,855,855,0
2021-12-13 10:15:00,860,860,860,860,300
2021-12-13 10:16:00,855,855,855,855,15000
2021-12-13 10:17:00,855,855,855,855,500
2021-12-13 10:18:00,855,855,855,855,3900
2021-12-13 10:19:00,855,855,855,855,0
2021-12-13 10:20:00,860,860,860,860,800
2021-12-13 10:21:00,860,860,860,860,0
2021-12-13 10:22:00,860,855,860,855,600
2021-12-13 10:23:00,860,855,860,855,0
2021-12-13 10:24:00,860,855,860,855,0
2021-12-13 10:25:00,855,855,855,855,10900
2021-12-13 10:26:00,855,855,855,855,10000
2021-12-13 10:27:00,855,855,855,855,10000
2021-12-13 10:28:00,855,850,855,850,2000
2021-12-13 10:29:00,850,850,850,850,0
2021-12-13 10:30:00,850,850,850,850,25100
2021-12-13 10:31:00,845,845,850,850,55800
2021-12-13 10:32:00,845,845,850,850,0
2021-12-13 10:33:00,850,850,850,850,51100
2021-12-13 10:34:00,850,850,850,850,0
2021-12-13 10:35:00,850,850,850,850,0
2021-12-13 10:36:00,850,850,850,850,10000
2021-12-13 10:37:00,850,850,850,850,8700
2021-12-13 10:38:00,850,850,850,850,51300
2021-12-13 10:39:00,850,850,850,850,20000
2021-12-13 10:40:00,850,850,850,850,3500
2021-12-13 10:41:00,850,850,850,850,10000
2021-12-13 10:42:00,850,850,850,850,23900
2021-12-13 10:43:00,850,850,850,850,0
2021-12-13 10:44:00,850,850,850,850,0
2021-12-13 10:45:00,850,850,850,850,0
2021-12-13 10:46:00,850,850,850,850,20500
2021-12-13 10:47:00,850,850,850,850,0
2021-12-13 10:48:00,850,850,850,850,0
2021-12-13 10:49:00,845,845,845,845,17200
2021-12-13 10:50:00,845,845,845,845,0
2021-12-13 10:51:00,845,845,845,845,0
2021-12-13 10:52:00,845,845,845,845,100
2021-12-13 10:53:00,845,845,845,845,0
2021-12-13 10:54:00,850,850,850,850,2000
2021-12-13 10:55:00,850,850,850,850,0
2021-12-13 10:56:00,850,850,850,850,1000
2021-12-13 10:57:00,850,850,850,850,0
2021-12-13 10:58:00,850,850,850,850,0
2021-12-13 10:59:00,850,850,850,850,0
2021-12-13 11:00:00,850,850,850,850,100
2021-12-13 11:01:00,850,850,850,850,1200
2021-12-13 11:02:00,850,850,850,850,0
2021-12-13 11:03:00,850,850,850,850,0
2021-12-13 11:04:00,850,850,850,850,21000
2021-12-13 11:05:00,850,850,850,850,0
2021-12-13 11:06:00,850,850,850,850,200
2021-12-13 11:07:00,850,850,850,850,0
2021-12-13 11:08:00,850,850,850,850,0
2021-12-13 11:09:00,850,850,850,850,1400
2021-12-13 11:10:00,850,850,850,850,0
2021-12-13 11:11:00,850,850,850,850,30000
2021-12-13 11:12:00,850,850,850,850,0
2021-12-13 11:13:00,850,850,850,850,0
2021-12-13 11:14:00,850,850,850,850,0
2021-12-13 11:15:00,850,850,850,850,0
2021-12-13 11:16:00,850,850,850,850,0
2021-12-13 11:17:00,850,850,850,850,0
2021-12-13 11:18:00,850,850,850,850,0
2021-12-13 11:19:00,850,850,850,850,0
2021-12-13 11:20:00,850,850,850,850,20000
2021-12-13 11:21:00,850,850,850,850,9600
2021-12-13 11:22:00,850,850,850,850,20000
2021-12-13 11:23:00,855,855,855,855,200
2021-12-13 11:24:00,855,850,855,850,1100
2021-12-13 11:25:00,855,850,855,850,0
2021-12-13 11:26:00,850,850,850,850,300
2021-12-13 11:27:00,850,850,850,850,0
2021-12-13 11:28:00,850,850,850,850,0
2021-12-13 11:29:00,850,850,850,850,0
2021-12-13 11:30:00,850,850,850,850,0
2021-12-13 11:31:00,850,850,850,850,0
2021-12-13 11:32:00,850,850,850,850,0
2021-12-13 11:33:00,850,850,850,850,0
2021-12-13 11:34:00,850,850,850,850,0
2021-12-13 11:35:00,850,850,850,850,0
2021-12-13 11:36:00,850,850,850,850,0
2021-12-13 11:37:00,850,850,850,850,0
2021-12-13 11:38:00,850,850,850,850,0
2021-12-13 11:39:00,850,850,850,850,0
2021-12-13 11:40:00,850,850,850,850,0
2021-12-13 11:41:00,850,850,850,850,0
2021-12-13 11:42:00,850,850,850,850,0
2021-12-13 11:43:00,850,850,850,850,0
2021-12-13 11:44:00,850,850,850,850,0
2021-12-13 11:45:00,850,850,850,850,0
2021-12-13 11:46:00,850,850,850,850,0
2021-12-13 11:47:00,850,850,850,850,0
2021-12-13 11:48:00,850,850,850,850,0
2021-12-13 11:49:00,850,850,850,850,0
2021-12-13 11:50:00,850,850,850,850,0
2021-12-13 11:51:00,850,850,850,850,0
2021-12-13 11:52:00,850,850,850,850,0
2021-12-13 11:53:00,850,850,850,850,0
2021-12-13 11:54:00,850,850,850,850,0
2021-12-13 11:55:00,850,850,850,850,0
2021-12-13 11:56:00,850,850,850,850,0
2021-12-13 11:57:00,850,850,850,850,0
2021-12-13 11:58:00,850,850,850,850,0
2021-12-13 11:59:00,850,850,850,850,0
2021-12-13 12:00:00,850,850,850,850,0
2021-12-13 12:01:00,850,850,850,850,0
2021-12-13 12:02:00,850,850,850,850,0
2021-12-13 12:03:00,850,850,850,850,0
2021-12-13 12:04:00,850,850,850,850,0
2021-12-13 12:05:00,850,850,850,850,0
2021-12-13 12:06:00,850,850,850,850,0
2021-12-13 12:07:00,850,850,850,850,0
2021-12-13 12:08:00,850,850,850,850,0
2021-12-13 12:09:00,850,850,850,850,0
2021-12-13 12:10:00,850,850,850,850,0
2021-12-13 12:11:00,850,850,850,850,0
2021-12-13 12:12:00,850,850,850,850,0
2021-12-13 12:13:00,850,850,850,850,0
2021-12-13 12:14:00,850,850,850,850,0
2021-12-13 12:15:00,850,850,850,850,0
2021-12-13 12:16:00,850,850,850,850,0
2021-12-13 12:17:00,850,850,850,850,0
2021-12-13 12:18:00,850,850,850,850,0
2021-12-13 12:19:00,850,850,850,850,0
2021-12-13 12:20:00,850,850,850,850,0
2021-12-13 12:21:00,850,850,850,850,0
2021-12-13 12:22:00,850,850,850,850,0
2021-12-13 12:23:00,850,850,850,850,0
2021-12-13 12:24:00,850,850,850,850,0
2021-12-13 12:25:00,850,850,850,850,0
2021-12-13 12:26:00,850,850,850,850,0
2021-12-13 12:27:00,850,850,850,850,0
2021-12-13 12:28:00,850,850,850,850,0
2021-12-13 12:29:00,850,850,850,850,0
2021-12-13 12:30:00,850,850,850,850,0
2021-12-13 12:31:00,850,850,850,850,0
2021-12-13 12:32:00,850,850,850,850,0
2021-12-13 12:33:00,850,850,850,850,0
2021-12-13 12:34:00,850,850,850,850,0
2021-12-13 12:35:00,850,850,850,850,0
2021-12-13 12:36:00,850,850,850,850,0
2021-12-13 12:37:00,850,850,850,850,0
2021-12-13 12:38:00,850,850,850,850,0
2021-12-13 12:39:00,850,850,850,850,0
2021-12-13 12:40:00,850,850,850,850,0
2021-12-13 12:41:00,850,850,850,850,0
2021-12-13 12:42:00,850,850,850,850,0
2021-12-13 12:43:00,850,850,850,850,0
2021-12-13 12:44:00,850,850,850,850,0
2021-12-13 12:45:00,850,850,850,850,0
2021-12-13 12:46:00,850,850,850,850,0
2021-12-13 12:47:00,850,850,850,850,0
2021-12-13 12:48:00,850,850,850,850,0
2021-12-13 12:49:00,850,850,850,850,0
2021-12-13 12:50:00,850,850,850,850,0
2021-12-13 12:51:00,850,850,850,850,0
2021-12-13 12:52:00,850,850,850,850,0
2021-12-13 12:53:00,850,850,850,850,0
2021-12-13 12:54:00,850,850,850,850,0
2021-12-13 12:55:00,850,850,850,850,0
2021-12-13 12:56:00,850,850,850,850,0
2021-12-13 12:57:00,850,850,850,850,0
2021-12-13 12:58:00,850,850,850,850,0
2021-12-13 12:59:00,850,850,850,850,0
2021-12-13 13:00:00,850,850,850,850,0
2021-12-13 13:01:00,850,850,850,850,0
2021-12-13 13:02:00,850,850,850,850,0
2021-12-13 13:03:00,850,850,850,850,0
2021-12-13 13:04:00,850,850,850,850,0
2021-12-13 13:05:00,850,850,850,850,0
2021-12-13 13:06:00,850,850,850,850,0
2021-12-13 13:07:00,850,850,850,850,0
2021-12-13 13:08:00,850,850,850,850,0
2021-12-13 13:09:00,850,850,850,850,0
2021-12-13 13:10:00,850,850,850,850,0
2021-12-13 13:11:00,850,850,850,850,0
2021-12-13 13:12:00,850,850,850,850,0
2021-12-13 13:13:00,850,850,850,850,0
2021-12-13 13:14:00,850,850,850,850,0
2021-12-13 13:15:00,850,850,850,850,0
2021-12-13 13:16:00,850,850,850,850,0
2021-12-13 13:17:00,850,850,850,850,0
2021-12-13 13:18:00,850,850,850,850,0
2021-12-13 13:19:00,850,850,850,850,0
2021-12-13 13:20:00,850,850,850,850,0
2021-12-13 13:21:00,850,850,850,850,0
2021-12-13 13:22:00,850,850,850,850,0
2021-12-13 13:23:00,850,850,850,850,0
2021-12-13 13:24:00,850,850,850,850,0
2021-12-13 13:25:00,850,850,850,850,0
2021-12-13 13:26:00,850,850,850,850,0
2021-12-13 13:27:00,850,850,850,850,0
2021-12-13 13:28:00,850,850,850,850,0
2021-12-13 13:29:00,850,850,850,850,0
2021-12-13 13:30:00,850,845,850,850,18000
2021-12-13 13:31:00,850,845,850,850,0
2021-12-13 13:32:00,850,845,850,850,0
2021-12-13 13:33:00,850,845,850,850,0
2021-12-13 13:34:00,850,845,850,850,0
2021-12-13 13:35:00,850,850,850,850,4200
2021-12-13 13:36:00,850,850,850,850,0
2021-12-13 13:37:00,850,850,850,850,0
2021-12-13 13:38:00,850,845,850,845,12300
2021-12-13 13:39:00,850,845,850,845,0
2021-12-13 13:40:00,850,845,850,845,0
2021-12-13 13:41:00,850,850,850,850,100
2021-12-13 13:42:00,850,850,850,850,8300
2021-12-13 13:43:00,850,845,850,845,2700
2021-12-13 13:44:00,850,845,850,845,0
2021-12-13 13:45:00,850,845,850,845,0
2021-12-13 13:46:00,850,850,850,850,100
2021-12-13 13:47:00,850,850,850,850,0
2021-12-13 13:48:00,850,850,850,850,0
2021-12-13 13:49:00,850,850,850,850,0
2021-12-13 13:50:00,845,845,845,845,44200
2021-12-13 13:51:00,845,845,845,845,1700
2021-12-13 13:52:00,845,845,845,845,0
2021-12-13 13:53:00,845,845,845,845,100
2021-12-13 13:54:00,845,845,845,845,0
2021-12-13 13:55:00,845,845,850,850,2200
2021-12-13 13:56:00,845,845,850,850,0
2021-12-13 13:57:00,845,845,845,845,2300
2021-12-13 13:58:00,845,845,845,845,3900
2021-12-13 13:59:00,845,845,845,845,18500
2021-12-13 14:00:00,845,845,845,845,500
2021-12-13 14:01:00,845,845,845,845,0
2021-12-13 14:02:00,845,845,845,845,30000
2021-12-13 14:03:00,845,845,845,845,0
2021-12-13 14:04:00,845,845,845,845,10000
2021-12-13 14:05:00,845,845,845,845,11300
2021-12-13 14:06:00,845,845,845,845,0
2021-12-13 14:07:00,845,845,845,845,0
2021-12-13 14:08:00,845,845,845,845,0
2021-12-13 14:09:00,845,845,845,845,4200
2021-12-13 14:10:00,845,845,845,845,0
2021-12-13 14:11:00,840,840,840,840,5000
2021-12-13 14:12:00,840,840,845,840,24400
2021-12-13 14:13:00,840,840,845,840,0
2021-12-13 14:14:00,840,840,845,840,0
2021-12-13 14:15:00,840,840,845,840,0
2021-12-13 14:16:00,840,840,845,840,0
2021-12-13 14:17:00,840,840,845,840,0
2021-12-13 14:18:00,840,840,845,840,0
2021-12-13 14:19:00,840,840,845,840,0
2021-12-13 14:20:00,845,845,845,845,1600
2021-12-13 14:21:00,845,840,845,840,8000
2021-12-13 14:22:00,840,840,840,840,50000
2021-12-13 14:23:00,840,840,840,840,0
2021-12-13 14:24:00,840,840,840,840,68200
2021-12-13 14:25:00,840,840,840,840,2000
2021-12-13 14:26:00,840,840,840,840,0
2021-12-13 14:27:00,840,840,840,840,0
2021-12-13 14:28:00,840,840,840,840,0
2021-12-13 14:29:00,840,840,840,840,0
2021-12-13 14:30:00,840,840,840,840,2000
2021-12-13 14:31:00,840,835,840,840,43400
2021-12-13 14:32:00,840,835,840,840,0
2021-12-13 14:33:00,840,840,840,840,2600
2021-12-13 14:34:00,840,840,840,840,0
2021-12-13 14:35:00,840,840,840,840,400
2021-12-13 14:36:00,840,840,840,840,0
2021-12-13 14:37:00,840,840,840,840,0
2021-12-13 14:38:00,840,840,840,840,0
2021-12-13 14:39:00,840,840,840,840,0
2021-12-13 14:40:00,840,840,840,840,0
2021-12-13 14:41:00,840,840,840,840,200
2021-12-13 14:42:00,840,840,840,840,8100
2021-12-13 14:43:00,840,840,840,840,0
2021-12-13 14:44:00,840,840,840,840,2500
2021-12-13 14:45:00,840,840,840,840,0
2021-12-13 14:46:00,840,840,840,840,100
2021-12-13 14:47:00,840,840,840,840,0
2021-12-13 14:48:00,840,840,840,840,0
2021-12-13 14:49:00,840,840,840,840,3700
2021-12-13 14:50:00,840,840,840,840,0
2021-12-13 14:51:00,840,840,840,840,0
2021-12-13 14:52:00,840,840,840,840,0
2021-12-13 14:53:00,840,840,840,840,0
2021-12-13 14:54:00,840,840,840,840,0
2021-12-13 14:55:00,840,840,840,840,0
2021-12-13 14:56:00,840,840,840,840,0
2021-12-13 14:57:00,840,840,840,840,0
2021-12-13 14:58:00,840,840,840,840,0
2021-12-13 14:59:00,840,840,840,840,0
2021-12-13 15:00:00,835,835,835,835,35800
2021-12-13 15:01:00,835,835,835,835,15000
2021-12-13 15:02:00,835,835,835,835,0
2021-12-13 15:03:00,835,835,835,835,9500
2021-12-13 15:04:00,835,835,835,835,0
2021-12-13 15:05:00,835,835,835,835,0
2021-12-13 15:06:00,835,835,835,835,900
2021-12-13 15:07:00,835,835,835,835,5000
2021-12-13 15:08:00,835,835,835,835,0
2021-12-13 15:09:00,835,835,835,835,40000
2021-12-13 15:10:00,835,835,835,835,14200
2021-12-13 15:11:00,835,835,835,835,20000
2021-12-13 15:12:00,835,835,835,835,1881600
2021-12-13 15:13:00,835,835,835,835,0
2021-12-13 15:14:00,835,835,835,835,0
2021-12-13 15:15:00,835,835,835,835,0
2021-12-13 15:16:00,835,835,835,835,0
2021-12-13 15:17:00,835,835,835,835,0
2021-12-13 15:18:00,835,835,835,835,0
2021-12-13 15:19:00,835,835,835,835,0
2021-12-13 15:20:00,835,835,835,835,0
2021-12-13 15:21:00,835,835,835,835,0
2021-12-13 15:22:00,835,835,835,835,0
2021-12-13 15:23:00,835,835,835,835,0
2021-12-13 15:24:00,835,835,835,835,0
2021-12-13 15:25:00,835,835,835,835,0
2021-12-13 15:26:00,835,835,835,835,0
2021-12-13 15:27:00,835,835,835,835,0
2021-12-13 15:28:00,835,835,835,835,0
2021-12-13 15:29:00,835,835,835,835,0
2021-12-13 15:30:00,835,835,835,835,0
2021-12-13 15:31:00,835,835,835,835,0
2021-12-13 15:32:00,835,835,835,835,0
2021-12-13 15:33:00,835,835,835,835,0
2021-12-13 15:34:00,835,835,835,835,0
2021-12-13 15:35:00,835,835,835,835,0
2021-12-13 15:36:00,835,835,835,835,0
2021-12-13 15:37:00,835,835,835,835,0
2021-12-13 15:38:00,835,835,835,835,0
2021-12-13 15:39:00,835,835,835,835,0
2021-12-13 15:40:00,835,835,835,835,0
2021-12-13 15:41:00,835,835,835,835,0
2021-12-13 15:42:00,835,835,835,835,0
2021-12-13 15:43:00,835,835,835,835,0
2021-12-13 15:44:00,835,835,835,835,0
2021-12-13 15:45:00,835,835,835,835,0
2021-12-13 15:46:00,835,835,835,835,0
2021-12-13 15:47:00,835,835,835,835,0
2021-12-13 15:48:00,835,835,835,835,0
2021-12-13 15:49:00,835,835,835,835,0
2021-12-13 15:50:00,835,835,835,835,0
2021-12-13 15:51:00,835,835,835,835,0
2021-12-13 15:52:00,835,835,835,835,0
2021-12-13 15:53:00,835,835,835,835,0
2021-12-13 15:54:00,835,835,835,835,0
2021-12-13 15:55:00,835,835,835,835,0
2021-12-13 15:56:00,835,835,835,835,0
2021-12-13 15:57:00,835,835,835,835,0
2021-12-13 15:58:00,835,835,835,835,0
2021-12-13 15:59:00,835,835,835,835,0
2021-12-14 09:00:00,835,835,835,835,0
2021-12-14 09:01:00,835,835,835,835,0
2021-12-14 09:02:00,850,845,850,845,0
2021-12-14 09:03:00,845,840,845,840,1100
2021-12-14 09:04:00,840,835,840,835,17300
2021-12-14 09:05:00,830,830,835,830,7300
2021-12-14 09:06:00,830,830,835,835,79800
2021-12-14 09:07:00,835,835,835,835,11000
2021-12-14 09:08:00,845,830,845,830,71600
2021-12-14 09:09:00,830,830,830,830,5000
2021-12-14 09:10:00,830,830,845,835,15500
2021-12-14 09:11:00,835,830,835,830,65500
2021-12-14 09:12:00,835,825,835,825,8400
2021-12-14 09:13:00,830,830,830,830,2400
2021-12-14 09:14:00,835,835,835,835,1000
2021-12-14 09:15:00,830,830,830,830,100
2021-12-14 09:16:00,830,830,830,830,40200
2021-12-14 09:17:00,830,830,830,830,100
2021-12-14 09:18:00,830,825,830,825,21700
2021-12-14 09:19:00,825,825,830,830,11500
2021-12-14 09:20:00,825,825,830,830,27600
2021-12-14 09:21:00,830,825,830,825,1700
2021-12-14 09:22:00,830,825,830,825,0
2021-12-14 09:23:00,830,825,830,825,0
2021-12-14 09:24:00,825,820,825,820,55000
2021-12-14 09:25:00,820,820,820,820,500
2021-12-14 09:26:00,825,825,825,825,100
2021-12-14 09:27:00,825,825,830,830,5700
2021-12-14 09:28:00,830,830,830,830,2900
2021-12-14 09:29:00,830,825,830,825,11800
2021-12-14 09:30:00,825,825,825,825,16600
2021-12-14 09:31:00,830,830,830,830,2600
2021-12-14 09:32:00,830,830,830,830,2900
2021-12-14 09:33:00,830,830,830,830,500
2021-12-14 09:34:00,830,830,830,830,200
2021-12-14 09:35:00,830,830,830,830,0
2021-12-14 09:36:00,830,830,830,830,600
2021-12-14 09:37:00,825,825,825,825,12300
2021-12-14 09:38:00,825,825,825,825,900
2021-12-14 09:39:00,825,825,830,830,800
2021-12-14 09:40:00,830,830,830,830,300
2021-12-14 09:41:00,830,830,830,830,1000
2021-12-14 09:42:00,830,830,830,830,0
2021-12-14 09:43:00,825,825,825,825,1000
2021-12-14 09:44:00,825,825,825,825,20800
2021-12-14 09:45:00,825,825,825,825,0
2021-12-14 09:46:00,825,825,825,825,37400
2021-12-14 09:47:00,825,825,825,825,0
2021-12-14 09:48:00,825,825,825,825,0
2021-12-14 09:49:00,825,825,825,825,0
2021-12-14 09:50:00,825,825,825,825,2000
2021-12-14 09:51:00,825,825,825,825,0
2021-12-14 09:52:00,825,825,825,825,0
2021-12-14 09:53:00,830,830,830,830,200
2021-12-14 09:54:00,830,830,830,830,0
2021-12-14 09:55:00,830,830,830,830,0
2021-12-14 09:56:00,830,825,830,825,11500
2021-12-14 09:57:00,825,825,825,825,200
2021-12-14 09:58:00,825,825,825,825,0
2021-12-14 09:59:00,825,825,825,825,0
2021-12-14 10:00:00,825,825,825,825,5000
2021-12-14 10:01:00,825,825,825,825,100
2021-12-14 10:02:00,830,825,830,830,2500
2021-12-14 10:03:00,830,825,830,830,0
2021-12-14 10:04:00,830,830,830,830,1000
2021-12-14 10:05:00,825,825,830,825,70600
2021-12-14 10:06:00,825,825,830,825,0
2021-12-14 10:07:00,825,825,825,825,100
2021-12-14 10:08:00,825,825,825,825,5000
2021-12-14 10:09:00,825,825,825,825,0
2021-12-14 10:10:00,825,825,825,825,0
2021-12-14 10:11:00,825,825,825,825,0
2021-12-14 10:12:00,825,825,825,825,0
2021-12-14 10:13:00,825,825,825,825,0
2021-12-14 10:14:00,825,825,825,825,14800
2021-12-14 10:15:00,825,825,825,825,0
2021-12-14 10:16:00,830,830,835,835,42600
2021-12-14 10:17:00,840,840,840,840,100
2021-12-14 10:18:00,840,840,840,840,10000
2021-12-14 10:19:00,840,840,840,840,0
2021-12-14 10:20:00,840,840,840,840,300
2021-12-14 10:21:00,840,840,840,840,0
2021-12-14 10:22:00,840,840,840,840,15300
2021-12-14 10:23:00,840,840,840,840,0
2021-12-14 10:24:00,840,840,840,840,0
2021-12-14 10:25:00,840,840,840,840,0
2021-12-14 10:26:00,830,830,830,830,1000
2021-12-14 10:27:00,830,830,830,830,0
2021-12-14 10:28:00,830,830,830,830,0
2021-12-14 10:29:00,830,830,830,830,0
2021-12-14 10:30:00,830,830,830,830,0
2021-12-14 10:31:00,830,830,830,830,0
2021-12-14 10:32:00,830,830,830,830,0
2021-12-14 10:33:00,830,830,830,830,0
2021-12-14 10:34:00,830,830,830,830,0
2021-12-14 10:35:00,830,830,830,830,0
2021-12-14 10:36:00,830,830,830,830,0
2021-12-14 10:37:00,830,830,830,830,0
2021-12-14 10:38:00,830,830,830,830,0
2021-12-14 10:39:00,835,835,835,835,100
2021-12-14 10:40:00,835,835,835,835,0
2021-12-14 10:41:00,830,830,830,830,3900
2021-12-14 10:42:00,835,835,835,835,20000
2021-12-14 10:43:00,835,835,835,835,500
2021-12-14 10:44:00,830,830,830,830,6800
2021-12-14 10:45:00,830,830,830,830,0
2021-12-14 10:46:00,830,830,830,830,7400
2021-12-14 10:47:00,830,830,830,830,0
2021-12-14 10:48:00,830,830,830,830,0
2021-12-14 10:49:00,830,830,830,830,900
2021-12-14 10:50:00,830,830,830,830,0
2021-12-14 10:51:00,830,830,830,830,0
2021-12-14 10:52:00,830,830,830,830,5000
2021-12-14 10:53:00,830,830,835,835,25000
2021-12-14 10:54:00,830,830,835,835,0
2021-12-14 10:55:00,830,830,835,835,0
2021-12-14 10:56:00,835,835,835,835,35000
2021-12-14 10:57:00,825,825,835,835,8000
2021-12-14 10:58:00,835,835,840,840,40200
2021-12-14 10:59:00,835,835,840,840,0
2021-12-14 11:00:00,835,835,840,840,0
2021-12-14 11:01:00,835,835,840,840,0
2021-12-14 11:02:00,840,840,840,840,100
2021-12-14 11:03:00,840,840,840,840,0
2021-12-14 11:04:00,840,840,840,840,10000
2021-12-14 11:05:00,840,840,840,840,4000
2021-12-14 11:06:00,840,840,840,840,55000
2021-12-14 11:07:00,840,840,850,850,49800
2021-12-14 11:08:00,850,840,850,840,25000
2021-12-14 11:09:00,835,835,850,850,51000
2021-12-14 11:10:00,850,850,855,855,59800
2021-12-14 11:11:00,855,850,870,870,90000
2021-12-14 11:12:00,870,865,870,870,101600
2021-12-14 11:13:00,870,865,870,865,139500
2021-12-14 11:14:00,865,865,865,865,56300
2021-12-14 11:15:00,865,860,865,860,152100
2021-12-14 11:16:00,865,860,865,865,8600
2021-12-14 11:17:00,865,860,865,865,66600
2021-12-14 11:18:00,865,855,865,860,102500
2021-12-14 11:19:00,860,860,860,860,15000
2021-12-14 11:20:00,855,850,855,855,34700
2021-12-14 11:21:00,855,850,855,850,13900
2021-12-14 11:22:00,850,850,855,855,55800
2021-12-14 11:23:00,855,850,855,850,8500
2021-12-14 11:24:00,855,850,855,850,41000
2021-12-14 11:25:00,850,850,855,855,18300
2021-12-14 11:26:00,850,850,855,855,49600
2021-12-14 11:27:00,855,855,860,860,34400
2021-12-14 11:28:00,860,860,860,860,3500
2021-12-14 11:29:00,860,860,860,860,34300
2021-12-14 11:30:00,860,860,860,860,0
2021-12-14 11:31:00,860,860,860,860,0
2021-12-14 11:32:00,860,860,860,860,0
2021-12-14 11:33:00,860,860,860,860,0
2021-12-14 11:34:00,860,860,860,860,0
2021-12-14 11:35:00,860,860,860,860,0
2021-12-14 11:36:00,860,860,860,860,0
2021-12-14 11:37:00,860,860,860,860,0
2021-12-14 11:38:00,860,860,860,860,0
2021-12-14 11:39:00,860,860,860,860,0
2021-12-14 11:40:00,860,860,860,860,0
2021-12-14 11:41:00,860,860,860,860,0
2021-12-14 11:42:00,860,860,860,860,0
2021-12-14 11:43:00,860,860,860,860,0
2021-12-14 11:44:00,860,860,860,860,0
2021-12-14 11:45:00,860,860,860,860,0
2021-12-14 11:46:00,860,860,860,860,0
2021-12-14 11:47:00,860,860,860,860,0
2021-12-14 11:48:00,860,860,860,860,0
2021-12-14 11:49:00,860,860,860,860,0
2021-12-14 11:50:00,860,860,860,860,0
2021-12-14 11:51:00,860,860,860,860,0
2021-12-14 11:52:00,860,860,860,860,0
2021-12-14 11:53:00,860,860,860,860,0
2021-12-14 11:54:00,860,860,860,860,0
2021-12-14 11:55:00,860,860,860,860,0
2021-12-14 11:56:00,860,860,860,860,0
2021-12-14 11:57:00,860,860,860,860,0
2021-12-14 11:58:00,860,860,860,860,0
2021-12-14 11:59:00,860,860,860,860,0
2021-12-14 12:00:00,860,860,860,860,0
2021-12-14 12:01:00,860,860,860,860,0
2021-12-14 12:02:00,860,860,860,860,0
2021-12-14 12:03:00,860,860,860,860,0
2021-12-14 12:04:00,860,860,860,860,0
2021-12-14 12:05:00,860,860,860,860,0
2021-12-14 12:06:00,860,860,860,860,0
2021-12-14 12:07:00,860,860,860,860,0
2021-12-14 12:08:00,860,860,860,860,0
2021-12-14 12:09:00,860,860,860,860,0
2021-12-14 12:10:00,860,860,860,860,0
2021-12-14 12:11:00,860,860,860,860,0
2021-12-14 12:12:00,860,860,860,860,0
2021-12-14 12:13:00,860,860,860,860,0
2021-12-14 12:14:00,860,860,860,860,0
2021-12-14 12:15:00,860,860,860,860,0
2021-12-14 12:16:00,860,860,860,860,0
2021-12-14 12:17:00,860,860,860,860,0
2021-12-14 12:18:00,860,860,860,860,0
2021-12-14 12:19:00,860,860,860,860,0
2021-12-14 12:20:00,860,860,860,860,0
2021-12-14 12:21:00,860,860,860,860,0
2021-12-14 12:22:00,860,860,860,860,0
2021-12-14 12:23:00,860,860,860,860,0
2021-12-14 12:24:00,860,860,860,860,0
2021-12-14 12:25:00,860,860,860,860,0
2021-12-14 12:26:00,860,860,860,860,0
2021-12-14 12:27:00,860,860,860,860,0
2021-12-14 12:28:00,860,860,860,860,0
2021-12-14 12:29:00,860,860,860,860,0
2021-12-14 12:30:00,860,860,860,860,0
2021-12-14 12:31:00,860,860,860,860,0
2021-12-14 12:32:00,860,860,860,860,0
2021-12-14 12:33:00,860,860,860,860,0
2021-12-14 12:34:00,860,860,860,860,0
2021-12-14 12:35:00,860,860,860,860,0
2021-12-14 12:36:00,860,860,860,860,0
2021-12-14 12:37:00,860,860,860,860,0
2021-12-14 12:38:00,860,860,860,860,0
2021-12-14 12:39:00,860,860,860,860,0
2021-12-14 12:40:00,860,860,860,860,0
2021-12-14 12:41:00,860,860,860,860,0
2021-12-14 12:42:00,860,860,860,860,0
2021-12-14 12:43:00,860,860,860,860,0
2021-12-14 12:44:00,860,860,860,860,0
2021-12-14 12:45:00,860,860,860,860,0
2021-12-14 12:46:00,860,860,860,860,0
2021-12-14 12:47:00,860,860,860,860,0
2021-12-14 12:48:00,860,860,860,860,0
2021-12-14 12:49:00,860,860,860,860,0
2021-12-14 12:50:00,860,860,860,860,0
2021-12-14 12:51:00,860,860,860,860,0
2021-12-14 12:52:00,860,860,860,860,0
2021-12-14 12:53:00,860,860,860,860,0
2021-12-14 12:54:00,860,860,860,860,0
2021-12-14 12:55:00,860,860,860,860,0
2021-12-14 12:56:00,860,860,860,860,0
2021-12-14 12:57:00,860,860,860,860,0
2021-12-14 12:58:00,860,860,860,860,0
2021-12-14 12:59:00,860,860,860,860,0
2021-12-14 13:00:00,860,860,860,860,0
2021-12-14 13:01:00,860,860,860,860,0
2021-12-14 13:02:00,860,860,860,860,0
2021-12-14 13:03:00,860,860,860,860,0
2021-12-14 13:04:00,860,860,860,860,0
2021-12-14 13:05:00,860,860,860,860,0
2021-12-14 13:06:00,860,860,860,860,0
2021-12-14 13:07:00,860,860,860,860,0
2021-12-14 13:08:00,860,860,860,860,0
2021-12-14 13:09:00,860,860,860,860,0
2021-12-14 13:10:00,860,860,860,860,0
2021-12-14 13:11:00,860,860,860,860,0
2021-12-14 13:12:00,860,860,860,860,0
2021-12-14 13:13:00,860,860,860,860,0
2021-12-14 13:14:00,860,860,860,860,0
2021-12-14 13:15:00,860,860,860,860,0
2021-12-14 13:16:00,860,860,860,860,0
2021-12-14 13:17:00,860,860,860,860,0
2021-12-14 13:18:00,860,860,860,860,0
2021-12-14 13:19:00,860,860,860,860,0
2021-12-14 13:20:00,860,860,860,860,0
2021-12-14 13:21:00,860,860,860,860,0
2021-12-14 13:22:00,860,860,860,860,0
2021-12-14 13:23:00,860,860,860,860,0
2021-12-14 13:24:00,860,860,860,860,0
2021-12-14 13:25:00,860,860,860,860,0
2021-12-14 13:26:00,860,860,860,860,0
2021-12-14 13:27:00,860,860,860,860,0
2021-12-14 13:28:00,860,860,860,860,0
2021-12-14 13:29:00,860,860,860,860,0
2021-12-14 13:30:00,865,860,870,860,139400
2021-12-14 13:31:00,865,865,870,865,37900
2021-12-14 13:32:00,865,865,865,865,25500
2021-12-14 13:33:00,865,865,865,865,11500
2021-12-14 13:34:00,870,865,870,865,38400
2021-12-14 13:35:00,865,865,870,870,47400
2021-12-14 13:36:00,875,875,880,875,62800
2021-12-14 13:37:00,875,875,880,880,74700
2021-12-14 13:38:00,880,875,880,875,2600
2021-12-14 13:39:00,875,870,880,870,54400
2021-12-14 13:40:00,870,870,875,875,41600
2021-12-14 13:41:00,875,870,875,875,16200
2021-12-14 13:42:00,875,875,875,875,45300
2021-12-14 13:43:00,875,875,885,885,206200
2021-12-14 13:44:00,885,885,895,890,252900
2021-12-14 13:45:00,890,890,900,900,302500
2021-12-14 13:46:00,895,890,900,890,92700
2021-12-14 13:47:00,890,875,890,890,325300
2021-12-14 13:48:00,875,875,890,890,50200
2021-12-14 13:49:00,890,890,895,895,77500
2021-12-14 13:50:00,895,890,895,895,203400
2021-12-14 13:51:00,895,895,905,900,330500
2021-12-14 13:52:00,900,890,900,895,112700
2021-12-14 13:53:00,895,890,895,895,122300
2021-12-14 13:54:00,890,885,895,890,156000
2021-12-14 13:55:00,885,885,890,885,8100
2021-12-14 13:56:00,885,880,885,880,182700
2021-12-14 13:57:00,880,880,885,885,58800
2021-12-14 13:58:00,885,885,885,885,8400
2021-12-14 13:59:00,885,880,885,885,34700
2021-12-14 14:00:00,885,885,885,885,1200
2021-12-14 14:01:00,885,880,885,885,29600
2021-12-14 14:02:00,885,885,885,885,4000
2021-12-14 14:03:00,885,880,885,880,21600
2021-12-14 14:04:00,880,880,890,890,4100
2021-12-14 14:05:00,890,890,890,890,8000
2021-12-14 14:06:00,885,885,885,885,30700
2021-12-14 14:07:00,885,885,885,885,6700
2021-12-14 14:08:00,885,885,885,885,10300
2021-12-14 14:09:00,885,885,885,885,2500
2021-12-14 14:10:00,890,890,890,890,4700
2021-12-14 14:11:00,890,885,890,890,22900
2021-12-14 14:12:00,890,885,890,885,30700
2021-12-14 14:13:00,890,885,890,885,0
2021-12-14 14:14:00,890,885,890,885,0
2021-12-14 14:15:00,885,885,885,885,4400
2021-12-14 14:16:00,885,885,885,885,15800
2021-12-14 14:17:00,885,885,885,885,4000
2021-12-14 14:18:00,890,885,890,885,2300
2021-12-14 14:19:00,885,885,885,885,1500
2021-12-14 14:20:00,885,885,885,885,35100
2021-12-14 14:21:00,885,885,885,885,1400
2021-12-14 14:22:00,885,885,890,885,37900
2021-12-14 14:23:00,885,885,890,890,1400
2021-12-14 14:24:00,890,890,895,895,65400
2021-12-14 14:25:00,890,890,895,895,7200
2021-12-14 14:26:00,895,890,895,895,7800
2021-12-14 14:27:00,890,890,895,890,3000
2021-12-14 14:28:00,895,890,895,890,15300
2021-12-14 14:29:00,895,890,895,895,300
2021-12-14 14:30:00,895,895,895,895,300
2021-12-14 14:31:00,890,890,895,895,1700
2021-12-14 14:32:00,890,890,895,890,2800
2021-12-14 14:33:00,890,885,890,890,24600
2021-12-14 14:34:00,890,890,890,890,5000
2021-12-14 14:35:00,890,890,890,890,0
2021-12-14 14:36:00,895,890,895,890,16800
2021-12-14 14:37:00,890,890,890,890,34200
2021-12-14 14:38:00,895,895,895,895,44800
2021-12-14 14:39:00,900,900,900,900,19700
2021-12-14 14:40:00,900,900,900,900,6000
2021-12-14 14:41:00,900,900,900,900,2100
2021-12-14 14:42:00,900,900,900,900,4100
2021-12-14 14:43:00,900,900,900,900,3800
2021-12-14 14:44:00,900,900,905,905,20300
2021-12-14 14:45:00,905,905,905,905,6300
2021-12-14 14:46:00,905,900,905,900,41300
2021-12-14 14:47:00,900,895,900,895,21500
2021-12-14 14:48:00,895,895,900,895,23800
2021-12-14 14:49:00,900,895,900,895,102300
2021-12-14 14:50:00,900,895,900,895,0
2021-12-14 14:51:00,900,895,900,895,0
2021-12-14 14:52:00,900,895,900,895,0
2021-12-14 14:53:00,900,895,900,895,0
2021-12-14 14:54:00,900,895,900,895,0
2021-12-14 14:55:00,900,895,900,895,0
2021-12-14 14:56:00,900,895,900,895,0
2021-12-14 14:57:00,900,895,900,895,0
2021-12-14 14:58:00,900,895,900,895,0
2021-12-14 14:59:00,900,895,900,895,0
2021-12-14 15:00:00,910,910,910,910,230000
2021-12-14 15:01:00,910,910,910,910,17400
2021-12-14 15:02:00,910,910,910,910,800
2021-12-14 15:03:00,910,910,910,910,2000
2021-12-14 15:04:00,910,910,910,910,4100
2021-12-14 15:05:00,910,910,910,910,0
2021-12-14 15:06:00,910,910,910,910,0
2021-12-14 15:07:00,910,910,910,910,0
2021-12-14 15:08:00,910,910,910,910,0
2021-12-14 15:09:00,910,910,910,910,2500
2021-12-14 15:10:00,910,910,910,910,5000
2021-12-14 15:11:00,910,910,910,910,0
2021-12-14 15:12:00,910,910,910,910,6425100
2021-12-14 15:13:00,910,910,910,910,0
2021-12-14 15:14:00,910,910,910,910,0
2021-12-14 15:15:00,910,910,910,910,0
2021-12-14 15:16:00,910,910,910,910,0
2021-12-14 15:17:00,910,910,910,910,0
2021-12-14 15:18:00,910,910,910,910,0
2021-12-14 15:19:00,910,910,910,910,0
2021-12-14 15:20:00,910,910,910,910,0
2021-12-14 15:21:00,910,910,910,910,0
2021-12-14 15:22:00,910,910,910,910,0
2021-12-14 15:23:00,910,910,910,910,0
2021-12-14 15:24:00,910,910,910,910,0
2021-12-14 15:25:00,910,910,910,910,0
2021-12-14 15:26:00,910,910,910,910,0
2021-12-14 15:27:00,910,910,910,910,0
2021-12-14 15:28:00,910,910,910,910,0
2021-12-14 15:29:00,910,910,910,910,0
2021-12-14 15:30:00,910,910,910,910,0
2021-12-14 15:31:00,910,910,910,910,0
2021-12-14 15:32:00,910,910,910,910,0
2021-12-14 15:33:00,910,910,910,910,0
2021-12-14 15:34:00,910,910,910,910,0
2021-12-14 15:35:00,910,910,910,910,0
2021-12-14 15:36:00,910,910,910,910,0
2021-12-14 15:37:00,910,910,910,910,0
2021-12-14 15:38:00,910,910,910,910,0
2021-12-14 15:39:00,910,910,910,910,0
2021-12-14 15:40:00,910,910,910,910,0
2021-12-14 15:41:00,910,910,910,910,0
2021-12-14 15:42:00,910,910,910,910,0
2021-12-14 15:43:00,910,910,910,910,0
2021-12-14 15:44:00,910,910,910,910,0
2021-12-14 15:45:00,910,910,910,910,0
2021-12-14 15:46:00,910,910,910,910,0
2021-12-14 15:47:00,910,910,910,910,0
2021-12-14 15:48:00,910,910,910,910,0
2021-12-14 15:49:00,910,910,910,910,0
2021-12-14 15:50:00,910,910,910,910,0
2021-12-14 15:51:00,910,910,910,910,0
2021-12-14 15:52:00,910,910,910,910,0
2021-12-14 15:53:00,910,910,910,910,0
2021-12-14 15:54:00,910,910,910,910,0
2021-12-14 15:55:00,910,910,910,910,0
2021-12-14 15:56:00,910,910,910,910,0
2021-12-14 15:57:00,910,910,910,910,0
2021-12-14 15:58:00,910,910,910,910,0
2021-12-14 15:59:00,910,910,910,910,0
2021-12-15 09:00:00,925,910,930,930,0
2021-12-15 09:01:00,930,925,970,960,326100
2021-12-15 09:02:00,960,955,975,975,163300
2021-12-15 09:03:00,975,940,980,950,401100
2021-12-15 09:04:00,945,945,965,965,71700
2021-12-15 09:05:00,970,955,970,960,54500
2021-12-15 09:06:00,960,950,965,960,206200
2021-12-15 09:07:00,960,960,970,970,68100
2021-12-15 09:08:00,970,965,970,965,249800
2021-12-15 09:09:00,965,955,965,955,35100
2021-12-15 09:10:00,950,950,955,950,92800
2021-12-15 09:11:00,950,945,955,950,33700
2021-12-15 09:12:00,950,945,950,950,37200
2021-12-15 09:13:00,945,945,945,945,1300
2021-12-15 09:14:00,950,950,950,950,103600
2021-12-15 09:15:00,950,950,955,955,21700
2021-12-15 09:16:00,955,955,955,955,22200
2021-12-15 09:17:00,955,955,960,960,34100
2021-12-15 09:18:00,965,960,965,960,13300
2021-12-15 09:19:00,965,965,970,970,74600
2021-12-15 09:20:00,970,970,975,970,200100
2021-12-15 09:21:00,970,970,975,975,4900
2021-12-15 09:22:00,975,970,975,975,39100
2021-12-15 09:23:00,975,975,980,975,66600
2021-12-15 09:24:00,975,975,980,975,71200
2021-12-15 09:25:00,980,975,980,975,94800
2021-12-15 09:26:00,980,975,980,980,83900
2021-12-15 09:27:00,980,980,985,985,19200
2021-12-15 09:28:00,985,980,1010,1005,447300
2021-12-15 09:29:00,1010,1000,1020,1000,229000
2021-12-15 09:30:00,995,990,1000,990,123100
2021-12-15 09:31:00,990,990,1000,1000,206900
2021-12-15 09:32:00,1000,990,1000,1000,56700
2021-12-15 09:33:00,1000,1000,1005,1005,68100
2021-12-15 09:34:00,1005,1005,1010,1010,28000
2021-12-15 09:35:00,1005,1000,1010,1010,210500
2021-12-15 09:36:00,1000,1000,1005,1005,110700
2021-12-15 09:37:00,1005,1000,1005,1000,93300
2021-12-15 09:38:00,1000,995,1000,995,80200
2021-12-15 09:39:00,995,995,995,995,11300
2021-12-15 09:40:00,1000,995,1000,1000,41300
2021-12-15 09:41:00,1000,1000,1000,1000,14400
2021-12-15 09:42:00,1000,1000,1000,1000,4000
2021-12-15 09:43:00,995,990,995,990,80400
2021-12-15 09:44:00,990,990,995,995,5500
2021-12-15 09:45:00,1000,995,1000,995,18000
2021-12-15 09:46:00,990,985,990,985,179400
2021-12-15 09:47:00,985,985,990,990,26400
2021-12-15 09:48:00,990,990,1000,1000,56500
2021-12-15 09:49:00,1000,1000,1005,1000,6600
2021-12-15 09:50:00,1005,1000,1005,1005,38000
2021-12-15 09:51:00,1005,1005,1005,1005,15000
2021-12-15 09:52:00,1005,1005,1035,1025,350200
2021-12-15 09:53:00,1025,1010,1030,1010,77200
2021-12-15 09:54:00,1025,1025,1025,1025,12000
2021-12-15 09:55:00,1020,1020,1030,1030,33700
2021-12-15 09:56:00,1030,1030,1040,1040,149200
2021-12-15 09:57:00,1040,1040,1050,1050,410900
2021-12-15 09:58:00,1050,1035,1050,1035,71600
2021-12-15 09:59:00,1035,1035,1045,1045,67100
2021-12-15 10:00:00,1045,1040,1050,1045,66900
2021-12-15 10:01:00,1045,1035,1045,1040,115700
2021-12-15 10:02:00,1040,1030,1040,1030,140800
2021-12-15 10:03:00,1030,1025,1030,1030,48700
2021-12-15 10:04:00,1030,1030,1035,1030,15500
2021-12-15 10:05:00,1030,1030,1035,1030,59000
2021-12-15 10:06:00,1030,1025,1035,1025,16900
2021-12-15 10:07:00,1025,1025,1030,1025,27500
2021-12-15 10:08:00,1030,1025,1035,1030,35400
2021-12-15 10:09:00,1030,1030,1035,1030,16800
2021-12-15 10:10:00,1035,1030,1035,1030,31600
2021-12-15 10:11:00,1030,1030,1035,1035,5300
2021-12-15 10:12:00,1035,1030,1040,1040,46700
2021-12-15 10:13:00,1040,1040,1040,1040,48500
2021-12-15 10:14:00,1040,1035,1045,1045,54900
2021-12-15 10:15:00,1045,1045,1050,1045,122100
2021-12-15 10:16:00,1045,1045,1050,1045,80600
2021-12-15 10:17:00,1045,1040,1045,1040,28100
2021-12-15 10:18:00,1045,1045,1045,1045,62100
2021-12-15 10:19:00,1045,1040,1045,1045,5400
2021-12-15 10:20:00,1040,1040,1045,1045,21000
2021-12-15 10:21:00,1045,1045,1045,1045,29900
2021-12-15 10:22:00,1045,1045,1045,1045,100
2021-12-15 10:23:00,1040,1040,1040,1040,176200
2021-12-15 10:24:00,1035,1035,1035,1035,4200
2021-12-15 10:25:00,1035,1030,1035,1035,100700
2021-12-15 10:26:00,1040,1040,1040,1040,8000
2021-12-15 10:27:00,1040,1035,1040,1040,4100
2021-12-15 10:28:00,1035,1035,1040,1040,19100
2021-12-15 10:29:00,1045,1040,1045,1040,1900
2021-12-15 10:30:00,1040,1040,1045,1045,11100
2021-12-15 10:31:00,1045,1045,1045,1045,400
2021-12-15 10:32:00,1045,1045,1045,1045,0
2021-12-15 10:33:00,1045,1045,1045,1045,1500
2021-12-15 10:34:00,1040,1040,1040,1040,47500
2021-12-15 10:35:00,1040,1040,1040,1040,58300
2021-12-15 10:36:00,1040,1040,1040,1040,200
2021-12-15 10:37:00,1035,1035,1035,1035,71700
2021-12-15 10:38:00,1035,1030,1035,1030,52600
2021-12-15 10:39:00,1030,1030,1035,1035,800
2021-12-15 10:40:00,1035,1035,1035,1035,6600
2021-12-15 10:41:00,1035,1035,1045,1040,29900
2021-12-15 10:42:00,1040,1035,1040,1040,42600
2021-12-15 10:43:00,1040,1035,1040,1035,3100
2021-12-15 10:44:00,1035,1035,1040,1040,1200
2021-12-15 10:45:00,1040,1035,1040,1040,44200
2021-12-15 10:46:00,1040,1035,1040,1035,11100
2021-12-15 10:47:00,1035,1035,1035,1035,8600
2021-12-15 10:48:00,1040,1040,1045,1040,97900
2021-12-15 10:49:00,1045,1045,1045,1045,26700
2021-12-15 10:50:00,1045,1045,1060,1055,280200
2021-12-15 10:51:00,1060,1055,1060,1055,54000
2021-12-15 10:52:00,1050,1050,1055,1055,128100
2021-12-15 10:53:00,1055,1055,1065,1065,87800
2021-12-15 10:54:00,1065,1065,1075,1075,526900
2021-12-15 10:55:00,1075,1070,1075,1070,84400
2021-12-15 10:56:00,1075,1070,1080,1075,139600
2021-12-15 10:57:00,1080,1075,1080,1080,9100
2021-12-15 10:58:00,1075,1070,1075,1070,109700
2021-12-15 10:59:00,1070,1060,1070,1060,77000
2021-12-15 11:00:00,1065,1060,1065,1060,158400
2021-12-15 11:01:00,1055,1045,1055,1045,124900
2021-12-15 11:02:00,1050,1050,1060,1060,12100
2021-12-15 11:03:00,1065,1065,1065,1065,22600
2021-12-15 11:04:00,1060,1060,1065,1065,1000
2021-12-15 11:05:00,1065,1065,1075,1075,25600
2021-12-15 11:06:00,1070,1065,1070,1070,65700
2021-12-15 11:07:00,1070,1070,1070,1070,89500
2021-12-15 11:08:00,1070,1070,1070,1070,2500
2021-12-15 11:09:00,1070,1070,1070,1070,24300
2021-12-15 11:10:00,1070,1070,1080,1075,99900
2021-12-15 11:11:00,1070,1070,1080,1075,0
2021-12-15 11:12:00,1075,1075,1085,1085,150700
2021-12-15 11:13:00,1085,1085,1095,1090,146200
2021-12-15 11:14:00,1090,1090,1090,1090,131900
2021-12-15 11:15:00,1090,1085,1095,1095,78100
2021-12-15 11:16:00,1090,1085,1095,1085,26200
2021-12-15 11:17:00,1085,1085,1090,1085,9300
2021-12-15 11:18:00,1085,1080,1085,1085,17200
2021-12-15 11:19:00,1085,1085,1085,1085,44900
2021-12-15 11:20:00,1085,1085,1085,1085,23500
2021-12-15 11:21:00,1085,1085,1085,1085,100
2021-12-15 11:22:00,1085,1085,1085,1085,1200
2021-12-15 11:23:00,1080,1065,1080,1070,101400
2021-12-15 11:24:00,1065,1065,1070,1070,10500
2021-12-15 11:25:00,1065,1060,1065,1065,51700
2021-12-15 11:26:00,1065,1065,1070,1065,17100
2021-12-15 11:27:00,1065,1050,1065,1050,74800
2021-12-15 11:28:00,1050,1050,1060,1055,14200
2021-12-15 11:29:00,1055,1055,1070,1070,14700
2021-12-15 11:30:00,1055,1055,1070,1070,0
2021-12-15 11:31:00,1055,1055,1070,1070,0
2021-12-15 11:32:00,1055,1055,1070,1070,0
2021-12-15 11:33:00,1055,1055,1070,1070,0
2021-12-15 11:34:00,1055,1055,1070,1070,0
2021-12-15 11:35:00,1055,1055,1070,1070,0
2021-12-15 11:36:00,1055,1055,1070,1070,0
2021-12-15 11:37:00,1055,1055,1070,1070,0
2021-12-15 11:38:00,1055,1055,1070,1070,0
2021-12-15 11:39:00,1055,1055,1070,1070,0
2021-12-15 11:40:00,1055,1055,1070,1070,0
2021-12-15 11:41:00,1055,1055,1070,1070,0
2021-12-15 11:42:00,1055,1055,1070,1070,0
2021-12-15 11:43:00,1055,1055,1070,1070,0
2021-12-15 11:44:00,1055,1055,1070,1070,0
2021-12-15 11:45:00,1055,1055,1070,1070,0
2021-12-15 11:46:00,1055,1055,1070,1070,0
2021-12-15 11:47:00,1055,1055,1070,1070,0
2021-12-15 11:48:00,1055,1055,1070,1070,0
2021-12-15 11:49:00,1055,1055,1070,1070,0
2021-12-15 11:50:00,1055,1055,1070,1070,0
2021-12-15 11:51:00,1055,1055,1070,1070,0
2021-12-15 11:52:00,1055,1055,1070,1070,0
2021-12-15 11:53:00,1055,1055,1070,1070,0
2021-12-15 11:54:00,1055,1055,1070,1070,0
2021-12-15 11:55:00,1055,1055,1070,1070,0
2021-12-15 11:56:00,1055,1055,1070,1070,0
2021-12-15 11:57:00,1055,1055,1070,1070,0
2021-12-15 11:58:00,1055,1055,1070,1070,0
2021-12-15 11:59:00,1055,1055,1070,1070,0
2021-12-15 12:00:00,1055,1055,1070,1070,0
2021-12-15 12:01:00,1055,1055,1070,1070,0
2021-12-15 12:02:00,1055,1055,1070,1070,0
2021-12-15 12:03:00,1055,1055,1070,1070,0
2021-12-15 12:04:00,1055,1055,1070,1070,0
2021-12-15 12:05:00,1055,1055,1070,1070,0
2021-12-15 12:06:00,1055,1055,1070,1070,0
2021-12-15 12:07:00,1055,1055,1070,1070,0
2021-12-15 12:08:00,1055,1055,1070,1070,0
2021-12-15 12:09:00,1055,1055,1070,1070,0
2021-12-15 12:10:00,1055,1055,1070,1070,0
2021-12-15 12:11:00,1055,1055,1070,1070,0
2021-12-15 12:12:00,1055,1055,1070,1070,0
2021-12-15 12:13:00,1055,1055,1070,1070,0
2021-12-15 12:14:00,1055,1055,1070,1070,0
2021-12-15 12:15:00,1055,1055,1070,1070,0
2021-12-15 12:16:00,1055,1055,1070,1070,0
2021-12-15 12:17:00,1055,1055,1070,1070,0
2021-12-15 12:18:00,1055,1055,1070,1070,0
2021-12-15 12:19:00,1055,1055,1070,1070,0
2021-12-15 12:20:00,1055,1055,1070,1070,0
2021-12-15 12:21:00,1055,1055,1070,1070,0
2021-12-15 12:22:00,1055,1055,1070,1070,0
2021-12-15 12:23:00,1055,1055,1070,1070,0
2021-12-15 12:24:00,1055,1055,1070,1070,0
2021-12-15 12:25:00,1055,1055,1070,1070,0
2021-12-15 12:26:00,1055,1055,1070,1070,0
2021-12-15 12:27:00,1055,1055,1070,1070,0
2021-12-15 12:28:00,1055,1055,1070,1070,0
2021-12-15 12:29:00,1055,1055,1070,1070,0
2021-12-15 12:30:00,1055,1055,1070,1070,0
2021-12-15 12:31:00,1055,1055,1070,1070,0
2021-12-15 12:32:00,1055,1055,1070,1070,0
2021-12-15 12:33:00,1055,1055,1070,1070,0
2021-12-15 12:34:00,1055,1055,1070,1070,0
2021-12-15 12:35:00,1055,1055,1070,1070,0
2021-12-15 12:36:00,1055,1055,1070,1070,0
2021-12-15 12:37:00,1055,1055,1070,1070,0
2021-12-15 12:38:00,1055,1055,1070,1070,0
2021-12-15 12:39:00,1055,1055,1070,1070,0
2021-12-15 12:40:00,1055,1055,1070,1070,0
2021-12-15 12:41:00,1055,1055,1070,1070,0
2021-12-15 12:42:00,1055,1055,1070,1070,0
2021-12-15 12:43:00,1055,1055,1070,1070,0
2021-12-15 12:44:00,1055,1055,1070,1070,0
2021-12-15 12:45:00,1055,1055,1070,1070,0
2021-12-15 12:46:00,1055,1055,1070,1070,0
2021-12-15 12:47:00,1055,1055,1070,1070,0
2021-12-15 12:48:00,1055,1055,1070,1070,0
2021-12-15 12:49:00,1055,1055,1070,1070,0
2021-12-15 12:50:00,1055,1055,1070,1070,0
2021-12-15 12:51:00,1055,1055,1070,1070,0
2021-12-15 12:52:00,1055,1055,1070,1070,0
2021-12-15 12:53:00,1055,1055,1070,1070,0
2021-12-15 12:54:00,1055,1055,1070,1070,0
2021-12-15 12:55:00,1055,1055,1070,1070,0
2021-12-15 12:56:00,1055,1055,1070,1070,0
2021-12-15 12:57:00,1055,1055,1070,1070,0
2021-12-15 12:58:00,1055,1055,1070,1070,0
2021-12-15 12:59:00,1055,1055,1070,1070,0
2021-12-15 13:00:00,1055,1055,1070,1070,0
2021-12-15 13:01:00,1055,1055,1070,1070,0
2021-12-15 13:02:00,1055,1055,1070,1070,0
2021-12-15 13:03:00,1055,1055,1070,1070,0
2021-12-15 13:04:00,1055,1055,1070,1070,0
2021-12-15 13:05:00,1055,1055,1070,1070,0
2021-12-15 13:06:00,1055,1055,1070,1070,0
2021-12-15 13:07:00,1055,1055,1070,1070,0
2021-12-15 13:08:00,1055,1055,1070,1070,0
2021-12-15 13:09:00,1055,1055,1070,1070,0
2021-12-15 13:10:00,1055,1055,1070,1070,0
2021-12-15 13:11:00,1055,1055,1070,1070,0
2021-12-15 13:12:00,1055,1055,1070,1070,0
2021-12-15 13:13:00,1055,1055,1070,1070,0
2021-12-15 13:14:00,1055,1055,1070,1070,0
2021-12-15 13:15:00,1055,1055,1070,1070,0
2021-12-15 13:16:00,1055,1055,1070,1070,0
2021-12-15 13:17:00,1055,1055,1070,1070,0
2021-12-15 13:18:00,1055,1055,1070,1070,0
2021-12-15 13:19:00,1055,1055,1070,1070,0
2021-12-15 13:20:00,1055,1055,1070,1070,0
2021-12-15 13:21:00,1055,1055,1070,1070,0
2021-12-15 13:22:00,1055,1055,1070,1070,0
2021-12-15 13:23:00,1055,1055,1070,1070,0
2021-12-15 13:24:00,1055,1055,1070,1070,0
2021-12-15 13:25:00,1055,1055,1070,1070,0
2021-12-15 13:26:00,1055,1055,1070,1070,0
2021-12-15 13:27:00,1055,1055,1070,1070,0
2021-12-15 13:28:00,1055,1055,1070,1070,0
2021-12-15 13:29:00,1055,1055,1070,1070,0
2021-12-15 13:30:00,1070,1060,1070,1060,84900
2021-12-15 13:31:00,1065,1065,1065,1065,17100
2021-12-15 13:32:00,1070,1065,1070,1070,10600
2021-12-15 13:33:00,1070,1070,1070,1070,6500
2021-12-15 13:34:00,1070,1060,1070,1060,75000
2021-12-15 13:35:00,1060,1060,1065,1065,12300
2021-12-15 13:36:00,1060,1060,1065,1060,24500
2021-12-15 13:37:00,1065,1055,1065,1060,78800
2021-12-15 13:38:00,1060,1060,1060,1060,300
2021-12-15 13:39:00,1060,1050,1060,1050,95900
2021-12-15 13:40:00,1050,1045,1050,1050,61300
2021-12-15 13:41:00,1050,1050,1050,1050,11726900
2021-12-15 13:42:00,1055,1050,1060,1060,18400
2021-12-15 13:43:00,1055,1055,1055,1055,10000
2021-12-15 13:44:00,1055,1045,1055,1050,33000
2021-12-15 13:45:00,1050,1050,1055,1055,800
2021-12-15 13:46:00,1055,1055,1055,1055,700
2021-12-15 13:47:00,1050,1050,1050,1050,1000
2021-12-15 13:48:00,1055,1055,1060,1060,3700
2021-12-15 13:49:00,1055,1055,1065,1065,17900
2021-12-15 13:50:00,1065,1065,1070,1065,40900
2021-12-15 13:51:00,1065,1065,1065,1065,14000
2021-12-15 13:52:00,1065,1065,1065,1065,2900
2021-12-15 13:53:00,1065,1065,1070,1070,2700
2021-12-15 13:54:00,1065,1065,1065,1065,23400
2021-12-15 13:55:00,1065,1065,1065,1065,8100
2021-12-15 13:56:00,1065,1065,1065,1065,14600
2021-12-15 13:57:00,1065,1065,1065,1065,3200
2021-12-15 13:58:00,1065,1065,1065,1065,16800
2021-12-15 13:59:00,1065,1065,1065,1065,9300
2021-12-15 14:00:00,1060,1060,1065,1065,51600
2021-12-15 14:01:00,1065,1060,1065,1060,36100
2021-12-15 14:02:00,1055,1055,1065,1065,16500
2021-12-15 14:03:00,1055,1055,1065,1065,0
2021-12-15 14:04:00,1060,1060,1060,1060,2300
2021-12-15 14:05:00,1060,1060,1060,1060,0
2021-12-15 14:06:00,1060,1060,1060,1060,6300
2021-12-15 14:07:00,1060,1060,1060,1060,39300
2021-12-15 14:08:00,1060,1060,1065,1060,44000
2021-12-15 14:09:00,1060,1060,1060,1060,12000
2021-12-15 14:10:00,1065,1060,1065,1060,23000
2021-12-15 14:11:00,1060,1060,1060,1060,17400
2021-12-15 14:12:00,1065,1060,1065,1060,24100
2021-12-15 14:13:00,1065,1065,1065,1065,13400
2021-12-15 14:14:00,1070,1065,1075,1075,127900
2021-12-15 14:15:00,1075,1075,1090,1085,137300
2021-12-15 14:16:00,1090,1085,1090,1090,18800
2021-12-15 14:17:00,1090,1090,1095,1095,260800
2021-12-15 14:18:00,1095,1090,1095,1090,33500
2021-12-15 14:19:00,1090,1090,1095,1095,49000
2021-12-15 14:20:00,1090,1090,1095,1090,79700
2021-12-15 14:21:00,1090,1085,1090,1090,8300
2021-12-15 14:22:00,1085,1085,1085,1085,30100
2021-12-15 14:23:00,1085,1085,1085,1085,1400
2021-12-15 14:24:00,1085,1080,1085,1080,2700
2021-12-15 14:25:00,1085,1080,1085,1080,23400
2021-12-15 14:26:00,1080,1070,1080,1070,14100
2021-12-15 14:27:00,1075,1070,1075,1070,3400
2021-12-15 14:28:00,1070,1070,1075,1075,3600
2021-12-15 14:29:00,1075,1075,1080,1080,15200
2021-12-15 14:30:00,1085,1085,1095,1095,165900
2021-12-15 14:31:00,1095,1095,1100,1100,105500
2021-12-15 14:32:00,1100,1095,1100,1100,200500
2021-12-15 14:33:00,1100,1095,1100,1100,42300
2021-12-15 14:34:00,1100,1100,1100,1100,63800
2021-12-15 14:35:00,1100,1095,1100,1100,157100
2021-12-15 14:36:00,1100,1095,1100,1095,14800
2021-12-15 14:37:00,1100,1095,1100,1095,35700
2021-12-15 14:38:00,1095,1095,1100,1095,281900
2021-12-15 14:39:00,1100,1080,1100,1080,128600
2021-12-15 14:40:00,1075,1060,1080,1065,110700
2021-12-15 14:41:00,1065,1050,1065,1055,130600
2021-12-15 14:42:00,1055,1035,1055,1045,138400
2021-12-15 14:43:00,1045,1045,1065,1065,25500
2021-12-15 14:44:00,1065,1065,1075,1075,22400
2021-12-15 14:45:00,1080,1060,1080,1060,49400
2021-12-15 14:46:00,1055,1055,1075,1075,32900
2021-12-15 14:47:00,1075,1075,1080,1075,46500
2021-12-15 14:48:00,1075,1070,1080,1070,46100
2021-12-15 14:49:00,1070,1055,1075,1055,172900
2021-12-15 14:50:00,1070,1055,1075,1055,0
2021-12-15 14:51:00,1070,1055,1075,1055,0
2021-12-15 14:52:00,1070,1055,1075,1055,0
2021-12-15 14:53:00,1070,1055,1075,1055,0
2021-12-15 14:54:00,1070,1055,1075,1055,0
2021-12-15 14:55:00,1070,1055,1075,1055,0
2021-12-15 14:56:00,1070,1055,1075,1055,0
2021-12-15 14:57:00,1070,1055,1075,1055,0
2021-12-15 14:58:00,1070,1055,1075,1055,0
2021-12-15 14:59:00,1070,1055,1075,1055,0
2021-12-15 15:00:00,1075,1075,1075,1075,104900
2021-12-15 15:01:00,1075,1075,1075,1075,30200
2021-12-15 15:02:00,1075,1075,1075,1075,46200
2021-12-15 15:03:00,1075,1075,1075,1075,2400
2021-12-15 15:04:00,1075,1075,1075,1075,240200
2021-12-15 15:05:00,1075,1075,1075,1075,16200
2021-12-15 15:06:00,1075,1075,1075,1075,0
2021-12-15 15:07:00,1075,1075,1075,1075,0
2021-12-15 15:08:00,1075,1075,1075,1075,2100
2021-12-15 15:09:00,1075,1075,1075,1075,5000
2021-12-15 15:10:00,1075,1075,1075,1075,0
2021-12-15 15:11:00,1075,1075,1075,1075,1600
2021-12-15 15:12:00,1075,1075,1075,1075,200
2021-12-15 15:13:00,1075,1075,1075,1075,0
2021-12-15 15:14:00,1075,1075,1075,1075,15464500
2021-12-15 15:15:00,1075,1075,1075,1075,0
2021-12-15 15:16:00,1075,1075,1075,1075,0
2021-12-15 15:17:00,1075,1075,1075,1075,0
2021-12-15 15:18:00,1075,1075,1075,1075,0
2021-12-15 15:19:00,1075,1075,1075,1075,0
2021-12-15 15:20:00,1075,1075,1075,1075,0
2021-12-15 15:21:00,1075,1075,1075,1075,0
2021-12-15 15:22:00,1075,1075,1075,1075,0
2021-12-15 15:23:00,1075,1075,1075,1075,0
2021-12-15 15:24:00,1075,1075,1075,1075,0
2021-12-15 15:25:00,1075,1075,1075,1075,0
2021-12-15 15:26:00,1075,1075,1075,1075,0
2021-12-15 15:27:00,1075,1075,1075,1075,0
2021-12-15 15:28:00,1075,1075,1075,1075,0
2021-12-15 15:29:00,1075,1075,1075,1075,0
2021-12-15 15:30:00,1075,1075,1075,1075,0
2021-12-15 15:31:00,1075,1075,1075,1075,0
2021-12-15 15:32:00,1075,1075,1075,1075,0
2021-12-15 15:33:00,1075,1075,1075,1075,0
2021-12-15 15:34:00,1075,1075,1075,1075,0
2021-12-15 15:35:00,1075,1075,1075,1075,0
2021-12-15 15:36:00,1075,1075,1075,1075,0
2021-12-15 15:37:00,1075,1075,1075,1075,0
2021-12-15 15:38:00,1075,1075,1075,1075,0
2021-12-15 15:39:00,1075,1075,1075,1075,0
2021-12-15 15:40:00,1075,1075,1075,1075,0
2021-12-15 15:41:00,1075,1075,1075,1075,0
2021-12-15 15:42:00,1075,1075,1075,1075,0
2021-12-15 15:43:00,1075,1075,1075,1075,0
2021-12-15 15:44:00,1075,1075,1075,1075,0
2021-12-15 15:45:00,1075,1075,1075,1075,0
2021-12-15 15:46:00,1075,1075,1075,1075,0
2021-12-15 15:47:00,1075,1075,1075,1075,0
2021-12-15 15:48:00,1075,1075,1075,1075,0
2021-12-15 15:49:00,1075,1075,1075,1075,0
2021-12-15 15:50:00,1075,1075,1075,1075,0
2021-12-15 15:51:00,1075,1075,1075,1075,0
2021-12-15 15:52:00,1075,1075,1075,1075,0
2021-12-15 15:53:00,1075,1075,1075,1075,0
2021-12-15 15:54:00,1075,1075,1075,1075,0
2021-12-15 15:55:00,1075,1075,1075,1075,0
2021-12-15 15:56:00,1075,1075,1075,1075,0
2021-12-15 15:57:00,1075,1075,1075,1075,0
2021-12-15 15:58:00,1075,1075,1075,1075,0
2021-12-15 15:59:00,1075,1075,1075,1075,0
2021-12-16 09:00:00,1090,1080,1100,1080,0
2021-12-16 09:01:00,1080,1080,1095,1095,58700
2021-12-16 09:02:00,1095,1095,1150,1150,263700
2021-12-16 09:03:00,1145,1110,1160,1110,230100
2021-12-16 09:04:00,1115,1110,1145,1145,190700
2021-12-16 09:05:00,1145,1130,1160,1135,283600
2021-12-16 09:06:00,1135,1130,1145,1140,96900
2021-12-16 09:07:00,1140,1110,1140,1110,303500
2021-12-16 09:08:00,1105,1095,1110,1105,178500
2021-12-16 09:09:00,1105,1090,1105,1095,99400
2021-12-16 09:10:00,1090,1015,1095,1015,495900
2021-12-16 09:11:00,1020,1015,1075,1070,259500
2021-12-16 09:12:00,1075,1040,1075,1045,284100
2021-12-16 09:13:00,1050,1030,1050,1030,95500
2021-12-16 09:14:00,1035,1030,1040,1040,267600
2021-12-16 09:15:00,1040,1040,1055,1055,22800
2021-12-16 09:16:00,1055,1055,1060,1055,72300
2021-12-16 09:17:00,1055,1040,1055,1040,58000
2021-12-16 09:18:00,1035,1025,1035,1030,98600
2021-12-16 09:19:00,1035,1025,1050,1025,150200
2021-12-16 09:20:00,1040,1035,1040,1035,1200
2021-12-16 09:21:00,1035,1020,1040,1025,213600
2021-12-16 09:22:00,1020,1000,1030,1030,464500
2021-12-16 09:23:00,1035,1030,1040,1040,51300
2021-12-16 09:24:00,1035,1030,1055,1055,128200
2021-12-16 09:25:00,1055,1045,1055,1045,94500
2021-12-16 09:26:00,1045,1035,1045,1040,63100
2021-12-16 09:27:00,1040,1030,1040,1035,112400
2021-12-16 09:28:00,1035,1030,1040,1030,158500
2021-12-16 09:29:00,1035,1030,1035,1035,65200
2021-12-16 09:30:00,1035,1030,1035,1035,24200
2021-12-16 09:31:00,1030,1030,1035,1035,10500
2021-12-16 09:32:00,1035,1035,1035,1035,1100
2021-12-16 09:33:00,1030,1030,1035,1035,15500
2021-12-16 09:34:00,1035,1035,1050,1050,102700
2021-12-16 09:35:00,1040,1040,1045,1040,6900
2021-12-16 09:36:00,1040,1025,1045,1025,469800
2021-12-16 09:37:00,1045,1025,1045,1025,700
2021-12-16 09:38:00,1025,1025,1025,1025,13800
2021-12-16 09:39:00,1025,1025,1035,1035,400
2021-12-16 09:40:00,1030,1030,1035,1030,17900
2021-12-16 09:41:00,1035,1030,1035,1035,8700
2021-12-16 09:42:00,1035,1035,1035,1035,14400
2021-12-16 09:43:00,1035,1030,1035,1035,3000
2021-12-16 09:44:00,1035,1030,1035,1030,25300
2021-12-16 09:45:00,1035,1035,1035,1035,11000
2021-12-16 09:46:00,1035,1035,1035,1035,500
2021-12-16 09:47:00,1030,1030,1030,1030,11600
2021-12-16 09:48:00,1030,1025,1030,1030,18600
2021-12-16 09:49:00,1030,1025,1030,1030,33700
2021-12-16 09:50:00,1030,1025,1030,1030,23700
2021-12-16 09:51:00,1030,1025,1030,1030,13100
2021-12-16 09:52:00,1025,1025,1025,1025,14000
2021-12-16 09:53:00,1025,1025,1025,1025,12000
2021-12-16 09:54:00,1020,1010,1020,1015,119400
2021-12-16 09:55:00,1015,1010,1015,1015,23500
2021-12-16 09:56:00,1010,1010,1015,1010,8600
2021-12-16 09:57:00,1010,1010,1010,1010,45200
2021-12-16 09:58:00,1010,1000,1015,1015,164500
2021-12-16 09:59:00,1015,1010,1015,1010,23800
2021-12-16 10:00:00,1010,1005,1015,1005,9700
2021-12-16 10:01:00,1010,1005,1010,1010,39100
2021-12-16 10:02:00,1010,1010,1010,1010,700
2021-12-16 10:03:00,1015,1015,1015,1015,300
2021-12-16 10:04:00,1010,1010,1010,1010,10600
2021-12-16 10:05:00,1010,1010,1010,1010,4200
2021-12-16 10:06:00,1010,1010,1010,1010,0
2021-12-16 10:07:00,1010,1010,1010,1010,0
2021-12-16 10:08:00,1010,1010,1010,1010,100
2021-12-16 10:09:00,1010,1010,1010,1010,3400
2021-12-16 10:10:00,1010,1010,1010,1010,13200
2021-12-16 10:11:00,1015,1015,1015,1015,200
2021-12-16 10:12:00,1015,1015,1015,1015,28900
2021-12-16 10:13:00,1020,1020,1020,1020,18900
2021-12-16 10:14:00,1020,1015,1020,1015,8700
2021-12-16 10:15:00,1015,1015,1015,1015,2000
2021-12-16 10:16:00,1020,1020,1020,1020,2500
2021-12-16 10:17:00,1020,1020,1020,1020,4500
2021-12-16 10:18:00,1020,1020,1020,1020,0
2021-12-16 10:19:00,1020,1020,1020,1020,200
2021-12-16 10:20:00,1020,1020,1020,1020,15200
2021-12-16 10:21:00,1020,1020,1020,1020,0
2021-12-16 10:22:00,1020,1020,1020,1020,7900
2021-12-16 10:23:00,1020,1020,1020,1020,23100
2021-12-16 10:24:00,1020,1020,1020,1020,0
2021-12-16 10:25:00,1015,1015,1015,1015,200
2021-12-16 10:26:00,1015,1015,1015,1015,32100
2021-12-16 10:27:00,1015,1015,1015,1015,14100
2021-12-16 10:28:00,1015,1015,1015,1015,17500
2021-12-16 10:29:00,1015,1015,1015,1015,0
2021-12-16 10:30:00,1015,1015,1015,1015,100
2021-12-16 10:31:00,1015,1015,1015,1015,600
2021-12-16 10:32:00,1015,1015,1015,1015,100
2021-12-16 10:33:00,1015,1015,1015,1015,0
2021-12-16 10:34:00,1015,1015,1015,1015,0
2021-12-16 10:35:00,1020,1020,1020,1020,1000
2021-12-16 10:36:00,1020,1020,1020,1020,2100
2021-12-16 10:37:00,1020,1020,1020,1020,0
2021-12-16 10:38:00,1020,1020,1020,1020,0
2021-12-16 10:39:00,1020,1020,1020,1020,100
2021-12-16 10:40:00,1015,1015,1015,1015,4100
2021-12-16 10:41:00,1015,1015,1015,1015,500
2021-12-16 10:42:00,1015,1015,1015,1015,2500
2021-12-16 10:43:00,1015,1015,1015,1015,5000
2021-12-16 10:44:00,1015,1015,1015,1015,0
2021-12-16 10:45:00,1015,1015,1015,1015,0
2021-12-16 10:46:00,1020,1020,1020,1020,1800
2021-12-16 10:47:00,1015,1015,1020,1020,5200
2021-12-16 10:48:00,1020,1020,1020,1020,1500
2021-12-16 10:49:00,1015,1015,1015,1015,2400
2021-12-16 10:50:00,1015,1015,1015,1015,0
2021-12-16 10:51:00,1015,1015,1015,1015,0
2021-12-16 10:52:00,1015,1015,1015,1015,48400
2021-12-16 10:53:00,1010,1010,1010,1010,65500
2021-12-16 10:54:00,1010,1010,1010,1010,9600
2021-12-16 10:55:00,1010,1005,1010,1005,12200
2021-12-16 10:56:00,1005,1005,1005,1005,8800
2021-12-16 10:57:00,1005,1005,1010,1005,42800
2021-12-16 10:58:00,1010,1005,1010,1005,22000
2021-12-16 10:59:00,1005,1005,1005,1005,64000
2021-12-16 11:00:00,1005,1000,1005,1000,46000
2021-12-16 11:01:00,1000,1000,1000,1000,29700
2021-12-16 11:02:00,1000,1000,1000,1000,241700
2021-12-16 11:03:00,1000,1000,1000,1000,120000
2021-12-16 11:04:00,1000,1000,1010,1010,95000
2021-12-16 11:05:00,1005,1005,1005,1005,17300
2021-12-16 11:06:00,1005,1005,1005,1005,0
2021-12-16 11:07:00,1005,1005,1005,1005,1500
2021-12-16 11:08:00,1005,1000,1005,1000,72600
2021-12-16 11:09:00,1000,1000,1000,1000,2000
2021-12-16 11:10:00,1000,1000,1000,1000,5600
2021-12-16 11:11:00,1000,1000,1000,1000,0
2021-12-16 11:12:00,1000,1000,1000,1000,20200
2021-12-16 11:13:00,1000,1000,1000,1000,11000
2021-12-16 11:14:00,1000,1000,1000,1000,2000
2021-12-16 11:15:00,1000,1000,1000,1000,0
2021-12-16 11:16:00,1000,1000,1000,1000,0
2021-12-16 11:17:00,1000,1000,1000,1000,0
2021-12-16 11:18:00,1000,1000,1000,1000,100
2021-12-16 11:19:00,1000,1000,1000,1000,1000
2021-12-16 11:20:00,1000,1000,1000,1000,3200
2021-12-16 11:21:00,1000,1000,1000,1000,100
2021-12-16 11:22:00,1000,1000,1000,1000,0
2021-12-16 11:23:00,1000,1000,1000,1000,0
2021-12-16 11:24:00,1000,1000,1000,1000,500
2021-12-16 11:25:00,1000,1000,1000,1000,10000
2021-12-16 11:26:00,1000,1000,1000,1000,900
2021-12-16 11:27:00,1000,1000,1000,1000,2100
2021-12-16 11:28:00,1000,1000,1000,1000,0
2021-12-16 11:29:00,1000,1000,1000,1000,1000
2021-12-16 11:30:00,1000,1000,1000,1000,0
2021-12-16 11:31:00,1000,1000,1000,1000,0
2021-12-16 11:32:00,1000,1000,1000,1000,0
2021-12-16 11:33:00,1000,1000,1000,1000,0
2021-12-16 11:34:00,1000,1000,1000,1000,0
2021-12-16 11:35:00,1000,1000,1000,1000,0
2021-12-16 11:36:00,1000,1000,1000,1000,0
2021-12-16 11:37:00,1000,1000,1000,1000,0
2021-12-16 11:38:00,1000,1000,1000,1000,0
2021-12-16 11:39:00,1000,1000,1000,1000,0
2021-12-16 11:40:00,1000,1000,1000,1000,0
2021-12-16 11:41:00,1000,1000,1000,1000,0
2021-12-16 11:42:00,1000,1000,1000,1000,0
2021-12-16 11:43:00,1000,1000,1000,1000,0
2021-12-16 11:44:00,1000,1000,1000,1000,0
2021-12-16 11:45:00,1000,1000,1000,1000,0
2021-12-16 11:46:00,1000,1000,1000,1000,0
2021-12-16 11:47:00,1000,1000,1000,1000,0
2021-12-16 11:48:00,1000,1000,1000,1000,0
2021-12-16 11:49:00,1000,1000,1000,1000,0
2021-12-16 11:50:00,1000,1000,1000,1000,0
2021-12-16 11:51:00,1000,1000,1000,1000,0
2021-12-16 11:52:00,1000,1000,1000,1000,0
2021-12-16 11:53:00,1000,1000,1000,1000,0
2021-12-16 11:54:00,1000,1000,1000,1000,0
2021-12-16 11:55:00,1000,1000,1000,1000,0
2021-12-16 11:56:00,1000,1000,1000,1000,0
2021-12-16 11:57:00,1000,1000,1000,1000,0
2021-12-16 11:58:00,1000,1000,1000,1000,0
2021-12-16 11:59:00,1000,1000,1000,1000,0
2021-12-16 12:00:00,1000,1000,1000,1000,0
2021-12-16 12:01:00,1000,1000,1000,1000,0
2021-12-16 12:02:00,1000,1000,1000,1000,0
2021-12-16 12:03:00,1000,1000,1000,1000,0
2021-12-16 12:04:00,1000,1000,1000,1000,0
2021-12-16 12:05:00,1000,1000,1000,1000,0
2021-12-16 12:06:00,1000,1000,1000,1000,0
2021-12-16 12:07:00,1000,1000,1000,1000,0
2021-12-16 12:08:00,1000,1000,1000,1000,0
2021-12-16 12:09:00,1000,1000,1000,1000,0
2021-12-16 12:10:00,1000,1000,1000,1000,0
2021-12-16 12:11:00,1000,1000,1000,1000,0
2021-12-16 12:12:00,1000,1000,1000,1000,0
2021-12-16 12:13:00,1000,1000,1000,1000,0
2021-12-16 12:14:00,1000,1000,1000,1000,0
2021-12-16 12:15:00,1000,1000,1000,1000,0
2021-12-16 12:16:00,1000,1000,1000,1000,0
2021-12-16 12:17:00,1000,1000,1000,1000,0
2021-12-16 12:18:00,1000,1000,1000,1000,0
2021-12-16 12:19:00,1000,1000,1000,1000,0
2021-12-16 12:20:00,1000,1000,1000,1000,0
2021-12-16 12:21:00,1000,1000,1000,1000,0
2021-12-16 12:22:00,1000,1000,1000,1000,0
2021-12-16 12:23:00,1000,1000,1000,1000,0
2021-12-16 12:24:00,1000,1000,1000,1000,0
2021-12-16 12:25:00,1000,1000,1000,1000,0
2021-12-16 12:26:00,1000,1000,1000,1000,0
2021-12-16 12:27:00,1000,1000,1000,1000,0
2021-12-16 12:28:00,1000,1000,1000,1000,0
2021-12-16 12:29:00,1000,1000,1000,1000,0
2021-12-16 12:30:00,1000,1000,1000,1000,0
2021-12-16 12:31:00,1000,1000,1000,1000,0
2021-12-16 12:32:00,1000,1000,1000,1000,0
2021-12-16 12:33:00,1000,1000,1000,1000,0
2021-12-16 12:34:00,1000,1000,1000,1000,0
2021-12-16 12:35:00,1000,1000,1000,1000,0
2021-12-16 12:36:00,1000,1000,1000,1000,0
2021-12-16 12:37:00,1000,1000,1000,1000,0
2021-12-16 12:38:00,1000,1000,1000,1000,0
2021-12-16 12:39:00,1000,1000,1000,1000,0
2021-12-16 12:40:00,1000,1000,1000,1000,0
2021-12-16 12:41:00,1000,1000,1000,1000,0
2021-12-16 12:42:00,1000,1000,1000,1000,0
2021-12-16 12:43:00,1000,1000,1000,1000,0
2021-12-16 12:44:00,1000,1000,1000,1000,0
2021-12-16 12:45:00,1000,1000,1000,1000,0
2021-12-16 12:46:00,1000,1000,1000,1000,0
2021-12-16 12:47:00,1000,1000,1000,1000,0
2021-12-16 12:48:00,1000,1000,1000,1000,0
2021-12-16 12:49:00,1000,1000,1000,1000,0
2021-12-16 12:50:00,1000,1000,1000,1000,0
2021-12-16 12:51:00,1000,1000,1000,1000,0
2021-12-16 12:52:00,1000,1000,1000,1000,0
2021-12-16 12:53:00,1000,1000,1000,1000,0
2021-12-16 12:54:00,1000,1000,1000,1000,0
2021-12-16 12:55:00,1000,1000,1000,1000,0
2021-12-16 12:56:00,1000,1000,1000,1000,0
2021-12-16 12:57:00,1000,1000,1000,1000,0
2021-12-16 12:58:00,1000,1000,1000,1000,0
2021-12-16 12:59:00,1000,1000,1000,1000,0
2021-12-16 13:00:00,1000,1000,1000,1000,0
2021-12-16 13:01:00,1000,1000,1000,1000,0
2021-12-16 13:02:00,1000,1000,1000,1000,0
2021-12-16 13:03:00,1000,1000,1000,1000,0
2021-12-16 13:04:00,1000,1000,1000,1000,0
2021-12-16 13:05:00,1000,1000,1000,1000,0
2021-12-16 13:06:00,1000,1000,1000,1000,0
2021-12-16 13:07:00,1000,1000,1000,1000,0
2021-12-16 13:08:00,1000,1000,1000,1000,0
2021-12-16 13:09:00,1000,1000,1000,1000,0
2021-12-16 13:10:00,1000,1000,1000,1000,0
2021-12-16 13:11:00,1000,1000,1000,1000,0
2021-12-16 13:12:00,1000,1000,1000,1000,0
2021-12-16 13:13:00,1000,1000,1000,1000,0
2021-12-16 13:14:00,1000,1000,1000,1000,0
2021-12-16 13:15:00,1000,1000,1000,1000,0
2021-12-16 13:16:00,1000,1000,1000,1000,0
2021-12-16 13:17:00,1000,1000,1000,1000,0
2021-12-16 13:18:00,1000,1000,1000,1000,0
2021-12-16 13:19:00,1000,1000,1000,1000,0
2021-12-16 13:20:00,1000,1000,1000,1000,0
2021-12-16 13:21:00,1000,1000,1000,1000,0
2021-12-16 13:22:00,1000,1000,1000,1000,0
2021-12-16 13:23:00,1000,1000,1000,1000,0
2021-12-16 13:24:00,1000,1000,1000,1000,0
2021-12-16 13:25:00,1000,1000,1000,1000,0
2021-12-16 13:26:00,1000,1000,1000,1000,0
2021-12-16 13:27:00,1000,1000,1000,1000,0
2021-12-16 13:28:00,1000,1000,1000,1000,0
2021-12-16 13:29:00,1000,1000,1000,1000,0
2021-12-16 13:30:00,1000,1000,1000,1000,119900
2021-12-16 13:31:00,1000,1000,1000,1000,28000
2021-12-16 13:32:00,1000,1000,1000,1000,86900
2021-12-16 13:33:00,1000,1000,1010,1010,30000
2021-12-16 13:34:00,1010,1010,1020,1020,9700
2021-12-16 13:35:00,1020,1015,1020,1015,4700
2021-12-16 13:36:00,1020,1015,1020,1015,4600
2021-12-16 13:37:00,1015,1010,1015,1010,6200
2021-12-16 13:38:00,1010,1000,1010,1000,68000
2021-12-16 13:39:00,1000,1000,1005,1005,41700
2021-12-16 13:40:00,1000,1000,1000,1000,200
2021-12-16 13:41:00,1000,1000,1005,1000,11800
2021-12-16 13:42:00,1005,1000,1005,1000,15100
2021-12-16 13:43:00,1005,1005,1005,1005,100
2021-12-16 13:44:00,1000,1000,1005,1005,27100
2021-12-16 13:45:00,1000,1000,1000,1000,89800
2021-12-16 13:46:00,1000,1000,1000,1000,3200
2021-12-16 13:47:00,1000,1000,1000,1000,39800
2021-12-16 13:48:00,1000,1000,1000,1000,100
2021-12-16 13:49:00,1000,1000,1000,1000,5000
2021-12-16 13:50:00,1000,1000,1000,1000,100
2021-12-16 13:51:00,1000,1000,1000,1000,0
2021-12-16 13:52:00,1000,1000,1000,1000,100
2021-12-16 13:53:00,1000,1000,1000,1000,100
2021-12-16 13:54:00,1000,1000,1000,1000,300
2021-12-16 13:55:00,1000,1000,1000,1000,500
2021-12-16 13:56:00,1000,1000,1000,1000,2700
2021-12-16 13:57:00,1000,1000,1000,1000,0
2021-12-16 13:58:00,1000,1000,1000,1000,41000
2021-12-16 13:59:00,1000,1000,1000,1000,0
2021-12-16 14:00:00,1000,1000,1000,1000,0
2021-12-16 14:01:00,1000,1000,1000,1000,0
2021-12-16 14:02:00,1000,1000,1000,1000,0
2021-12-16 14:03:00,1000,1000,1000,1000,8094900
2021-12-16 14:04:00,1000,1000,1000,1000,9000
2021-12-16 14:05:00,1000,1000,1000,1000,10100
2021-12-16 14:06:00,1000,1000,1000,1000,51100
2021-12-16 14:07:00,1000,1000,1000,1000,30000
2021-12-16 14:08:00,1000,1000,1000,1000,11300
2021-12-16 14:09:00,1000,1000,1000,1000,4100
2021-12-16 14:10:00,1000,1000,1000,1000,1200
2021-12-16 14:11:00,1000,1000,1000,1000,0
2021-12-16 14:12:00,1000,1000,1000,1000,0
2021-12-16 14:13:00,1000,1000,1000,1000,200
2021-12-16 14:14:00,1000,1000,1000,1000,11000
2021-12-16 14:15:00,1000,1000,1005,1000,6100
2021-12-16 14:16:00,1000,1000,1000,1000,7300
2021-12-16 14:17:00,1000,1000,1000,1000,2300
2021-12-16 14:18:00,1000,1000,1000,1000,6300
2021-12-16 14:19:00,1000,1000,1000,1000,0
2021-12-16 14:20:00,1000,1000,1000,1000,0
2021-12-16 14:21:00,1000,1000,1000,1000,5000
2021-12-16 14:22:00,1000,1000,1000,1000,0
2021-12-16 14:23:00,1000,1000,1005,1005,1400
2021-12-16 14:24:00,1000,1000,1000,1000,3400
2021-12-16 14:25:00,1000,1000,1000,1000,3600
2021-12-16 14:26:00,1000,1000,1000,1000,19100
2021-12-16 14:27:00,1000,1000,1000,1000,1200
2021-12-16 14:28:00,1000,1000,1000,1000,9700
2021-12-16 14:29:00,1000,1000,1000,1000,1700
2021-12-16 14:30:00,1000,1000,1000,1000,0
2021-12-16 14:31:00,1000,1000,1000,1000,0
2021-12-16 14:32:00,1005,1005,1005,1005,2500
2021-12-16 14:33:00,1000,1000,1005,1005,11100
2021-12-16 14:34:00,1000,1000,1005,1000,15200
2021-12-16 14:35:00,1000,1000,1000,1000,36500
2021-12-16 14:36:00,1000,1000,1005,1005,5600
2021-12-16 14:37:00,1005,1005,1005,1005,2900
2021-12-16 14:38:00,1005,1005,1005,1005,3500
2021-12-16 14:39:00,1005,1005,1005,1005,0
2021-12-16 14:40:00,1000,1000,1005,1005,14600
2021-12-16 14:41:00,1005,1000,1005,1005,36100
2021-12-16 14:42:00,1005,1005,1005,1005,20600
2021-12-16 14:43:00,1005,1005,1005,1005,5900
2021-12-16 14:44:00,1005,1005,1005,1005,1200
2021-12-16 14:45:00,1005,1000,1005,1000,1300
2021-12-16 14:46:00,1005,1005,1005,1005,2500
2021-12-16 14:47:00,1005,1005,1005,1005,0
2021-12-16 14:48:00,1000,1000,1000,1000,6000
2021-12-16 14:49:00,1000,1000,1010,1010,53400
2021-12-16 14:50:00,1000,1000,1010,1010,0
2021-12-16 14:51:00,1000,1000,1010,1010,0
2021-12-16 14:52:00,1000,1000,1010,1010,0
2021-12-16 14:53:00,1000,1000,1010,1010,0
2021-12-16 14:54:00,1000,1000,1010,1010,0
2021-12-16 14:55:00,1000,1000,1010,1010,0
2021-12-16 14:56:00,1000,1000,1010,1010,0
2021-12-16 14:57:00,1000,1000,1010,1010,0
2021-12-16 14:58:00,1000,1000,1010,1010,0
2021-12-16 14:59:00,1000,1000,1010,1010,0
2021-12-16 15:00:00,1010,1010,1010,1010,47500
2021-12-16 15:01:00,1010,1010,1010,1010,35000
2021-12-16 15:02:00,1010,1010,1010,1010,5000
2021-12-16 15:03:00,1010,1010,1010,1010,10000
2021-12-16 15:04:00,1010,1010,1010,1010,6900
2021-12-16 15:05:00,1010,1010,1010,1010,46200
2021-12-16 15:06:00,1010,1010,1010,1010,0
2021-12-16 15:07:00,1010,1010,1010,1010,2000
2021-12-16 15:08:00,1010,1010,1010,1010,0
2021-12-16 15:09:00,1010,1010,1010,1010,25100
2021-12-16 15:10:00,1010,1010,1010,1010,0
2021-12-16 15:11:00,1010,1010,1010,1010,0
2021-12-16 15:12:00,1010,1010,1010,1010,100
2021-12-16 15:13:00,1010,1010,1010,1010,0
2021-12-16 15:14:00,1010,1010,1010,1010,8694900
2021-12-16 15:15:00,1010,1010,1010,1010,0
2021-12-16 15:16:00,1010,1010,1010,1010,0
2021-12-16 15:17:00,1010,1010,1010,1010,0
2021-12-16 15:18:00,1010,1010,1010,1010,0
2021-12-16 15:19:00,1010,1010,1010,1010,0
2021-12-16 15:20:00,1010,1010,1010,1010,0
2021-12-16 15:21:00,1010,1010,1010,1010,0
2021-12-16 15:22:00,1010,1010,1010,1010,0
2021-12-16 15:23:00,1010,1010,1010,1010,0
2021-12-16 15:24:00,1010,1010,1010,1010,0
2021-12-16 15:25:00,1010,1010,1010,1010,0
2021-12-16 15:26:00,1010,1010,1010,1010,0
2021-12-16 15:27:00,1010,1010,1010,1010,0
2021-12-16 15:28:00,1010,1010,1010,1010,0
2021-12-16 15:29:00,1010,1010,1010,1010,0
2021-12-16 15:30:00,1010,1010,1010,1010,0
2021-12-16 15:31:00,1010,1010,1010,1010,0
2021-12-16 15:32:00,1010,1010,1010,1010,0
2021-12-16 15:33:00,1010,1010,1010,1010,0
2021-12-16 15:34:00,1010,1010,1010,1010,0
2021-12-16 15:35:00,1010,1010,1010,1010,0
2021-12-16 15:36:00,1010,1010,1010,1010,0
2021-12-16 15:37:00,1010,1010,1010,1010,0
2021-12-16 15:38:00,1010,1010,1010,1010,0
2021-12-16 15:39:00,1010,1010,1010,1010,0
2021-12-16 15:40:00,1010,1010,1010,1010,0
2021-12-16 15:41:00,1010,1010,1010,1010,0
2021-12-16 15:42:00,1010,1010,1010,1010,0
2021-12-16 15:43:00,1010,1010,1010,1010,0
2021-12-16 15:44:00,1010,1010,1010,1010,0
2021-12-16 15:45:00,1010,1010,1010,1010,0
2021-12-16 15:46:00,1010,1010,1010,1010,0
2021-12-16 15:47:00,1010,1010,1010,1010,0
2021-12-16 15:48:00,1010,1010,1010,1010,0
2021-12-16 15:49:00,1010,1010,1010,1010,0
2021-12-16 15:50:00,1010,1010,1010,1010,0
2021-12-16 15:51:00,1010,1010,1010,1010,0
2021-12-16 15:52:00,1010,1010,1010,1010,0
2021-12-16 15:53:00,1010,1010,1010,1010,0
2021-12-16 15:54:00,1010,1010,1010,1010,0
2021-12-16 15:55:00,1010,1010,1010,1010,0
2021-12-16 15:56:00,1010,1010,1010,1010,0
2021-12-16 15:57:00,1010,1010,1010,1010,0
2021-12-16 15:58:00,1010,1010,1010,1010,0
2021-12-16 15:59:00,1010,1010,1010,1010,0
2021-12-17 09:00:00,1010,1010,1020,1020,0
2021-12-17 09:01:00,1015,1015,1020,1020,25400
2021-12-17 09:02:00,1020,1020,1020,1020,100
2021-12-17 09:03:00,1015,1015,1020,1020,24000
2021-12-17 09:04:00,1020,1015,1020,1015,2900
2021-12-17 09:05:00,1015,1015,1020,1015,22300
2021-12-17 09:06:00,1015,1010,1015,1010,21000
2021-12-17 09:07:00,1015,1010,1015,1010,17300
2021-12-17 09:08:00,1010,1010,1015,1015,13000
2021-12-17 09:09:00,1015,1015,1015,1015,3000
2021-12-17 09:10:00,1015,1015,1015,1015,0
2021-12-17 09:11:00,1010,1010,1010,1010,9700
2021-12-17 09:12:00,1010,1010,1010,1010,41600
2021-12-17 09:13:00,1010,1000,1010,1000,8900
2021-12-17 09:14:00,1000,1000,1000,1000,4900
2021-12-17 09:15:00,1005,990,1005,990,50200
2021-12-17 09:16:00,990,985,990,985,52900
2021-12-17 09:17:00,985,985,1000,995,60900
2021-12-17 09:18:00,995,995,995,995,17000
2021-12-17 09:19:00,990,990,995,990,31000
2021-12-17 09:20:00,995,990,995,995,27000
2021-12-17 09:21:00,995,995,995,995,18000
2021-12-17 09:22:00,1000,1000,1000,1000,200
2021-12-17 09:23:00,1000,995,1000,1000,6700
2021-12-17 09:24:00,1000,1000,1000,1000,2000
2021-12-17 09:25:00,1000,1000,1000,1000,0
2021-12-17 09:26:00,1000,990,1000,995,63000
2021-12-17 09:27:00,995,995,1015,1015,113700
2021-12-17 09:28:00,1020,1020,1025,1025,65200
2021-12-17 09:29:00,1030,1030,1030,1030,20000
2021-12-17 09:30:00,1025,1025,1030,1030,5100
2021-12-17 09:31:00,1025,1020,1030,1020,24700
2021-12-17 09:32:00,1020,1015,1020,1015,11300
2021-12-17 09:33:00,1010,1010,1010,1010,400
2021-12-17 09:34:00,1015,1015,1015,1015,100
2021-12-17 09:35:00,1020,1020,1025,1025,6200
2021-12-17 09:36:00,1025,1025,1025,1025,200
2021-12-17 09:37:00,1025,1025,1025,1025,10000
2021-12-17 09:38:00,1025,1020,1025,1025,6900
2021-12-17 09:39:00,1025,1025,1025,1025,1300
2021-12-17 09:40:00,1025,1025,1025,1025,4600
2021-12-17 09:41:00,1025,1025,1025,1025,0
2021-12-17 09:42:00,1020,1015,1020,1015,42100
2021-12-17 09:43:00,1010,995,1010,995,155300
2021-12-17 09:44:00,1000,1000,1000,1000,2300
2021-12-17 09:45:00,1000,1000,1000,1000,8200
2021-12-17 09:46:00,1000,1000,1010,1010,23000
2021-12-17 09:47:00,1010,1010,1010,1010,500
2021-12-17 09:48:00,1010,1010,1010,1010,500
2021-12-17 09:49:00,1010,1010,1010,1010,0
2021-12-17 09:50:00,1005,1005,1005,1005,800
2021-12-17 09:51:00,1010,1005,1010,1005,1500
2021-12-17 09:52:00,1010,1005,1010,1010,9700
2021-12-17 09:53:00,1010,1010,1010,1010,2700
2021-12-17 09:54:00,1010,1010,1010,1010,0
2021-12-17 09:55:00,1010,1010,1010,1010,500
2021-12-17 09:56:00,1010,1010,1010,1010,1700
2021-12-17 09:57:00,1010,1010,1010,1010,0
2021-12-17 09:58:00,1010,1010,1010,1010,0
2021-12-17 09:59:00,1010,1010,1010,1010,0
2021-12-17 10:00:00,1010,1010,1010,1010,0
2021-12-17 10:01:00,1010,1010,1010,1010,0
2021-12-17 10:02:00,1005,1005,1005,1005,100
2021-12-17 10:03:00,1010,1005,1010,1005,20100
2021-12-17 10:04:00,1005,1005,1005,1005,1300
2021-12-17 10:05:00,1005,1005,1005,1005,200
2021-12-17 10:06:00,1005,1005,1005,1005,0
2021-12-17 10:07:00,1005,1005,1005,1005,0
2021-12-17 10:08:00,1005,1005,1005,1005,0
2021-12-17 10:09:00,1005,1005,1005,1005,0
2021-12-17 10:10:00,1005,1005,1005,1005,0
2021-12-17 10:11:00,1005,1005,1005,1005,0
2021-12-17 10:12:00,1005,1005,1005,1005,3500
2021-12-17 10:13:00,1005,1005,1005,1005,27800
2021-12-17 10:14:00,1005,1005,1010,1010,11200
2021-12-17 10:15:00,1010,1010,1010,1010,200
2021-12-17 10:16:00,1010,1010,1010,1010,10900
2021-12-17 10:17:00,1010,1010,1010,1010,13200
2021-12-17 10:18:00,1010,1010,1010,1010,17100
2021-12-17 10:19:00,1010,1010,1010,1010,6500
2021-12-17 10:20:00,1010,1010,1015,1015,8500
2021-12-17 10:21:00,1010,1010,1015,1015,0
2021-12-17 10:22:00,1010,1010,1015,1015,0
2021-12-17 10:23:00,1015,1015,1015,1015,2100
2021-12-17 10:24:00,1015,1015,1015,1015,0
2021-12-17 10:25:00,1020,1020,1020,1020,3000
2021-12-17 10:26:00,1020,1020,1020,1020,0
2021-12-17 10:27:00,1020,1020,1020,1020,0
2021-12-17 10:28:00,1020,1020,1020,1020,0
2021-12-17 10:29:00,1025,1020,1025,1020,42800
2021-12-17 10:30:00,1015,1015,1015,1015,20500
2021-12-17 10:31:00,1015,1015,1015,1015,8700
2021-12-17 10:32:00,1015,1015,1015,1015,0
2021-12-17 10:33:00,1015,1015,1015,1015,0
2021-12-17 10:34:00,1010,1010,1015,1015,5200
2021-12-17 10:35:00,1015,1015,1015,1015,16400
2021-12-17 10:36:00,1010,1010,1010,1010,5000
2021-12-17 10:37:00,1010,1010,1010,1010,2000
2021-12-17 10:38:00,1010,1010,1020,1020,1600
2021-12-17 10:39:00,1010,1010,1020,1020,0
2021-12-17 10:40:00,1010,1010,1020,1020,0
2021-12-17 10:41:00,1010,1010,1020,1020,0
2021-12-17 10:42:00,1010,1010,1020,1020,0
2021-12-17 10:43:00,1010,1010,1020,1020,0
2021-12-17 10:44:00,1010,1010,1020,1020,0
2021-12-17 10:45:00,1010,1010,1020,1020,0
2021-12-17 10:46:00,1010,1010,1020,1020,0
2021-12-17 10:47:00,1010,1010,1020,1020,0
2021-12-17 10:48:00,1010,995,1010,995,105000
2021-12-17 10:49:00,1010,995,1010,995,0
2021-12-17 10:50:00,1000,1000,1000,1000,100
2021-12-17 10:51:00,1000,1000,1000,1000,0
2021-12-17 10:52:00,1000,1000,1000,1000,0
2021-12-17 10:53:00,1000,1000,1000,1000,2000
2021-12-17 10:54:00,1000,1000,1000,1000,0
2021-12-17 10:55:00,1000,1000,1000,1000,0
2021-12-17 10:56:00,1000,1000,1000,1000,0
2021-12-17 10:57:00,1000,1000,1000,1000,100
2021-12-17 10:58:00,1000,1000,1000,1000,0
2021-12-17 10:59:00,1000,1000,1000,1000,27700
2021-12-17 11:00:00,995,995,1010,1010,22800
2021-12-17 11:01:00,995,995,1010,1010,0
2021-12-17 11:02:00,1010,1010,1010,1010,1500
2021-12-17 11:03:00,1010,1010,1010,1010,0
2021-12-17 11:04:00,1010,1010,1010,1010,0
2021-12-17 11:05:00,1010,1010,1010,1010,0
2021-12-17 11:06:00,1010,1010,1010,1010,0
2021-12-17 11:07:00,1010,1010,1010,1010,0
2021-12-17 11:08:00,1010,1010,1010,1010,0
2021-12-17 11:09:00,1010,1010,1010,1010,0
2021-12-17 11:10:00,1010,1010,1010,1010,0
2021-12-17 11:11:00,1010,1010,1010,1010,0
2021-12-17 11:12:00,1010,1010,1010,1010,0
2021-12-17 11:13:00,1010,1010,1010,1010,0
2021-12-17 11:14:00,1010,1010,1010,1010,0
2021-12-17 11:15:00,1010,1010,1010,1010,0
2021-12-17 11:16:00,1010,1010,1010,1010,0
2021-12-17 11:17:00,1010,1010,1010,1010,0
2021-12-17 11:18:00,1010,1010,1010,1010,0
2021-12-17 11:19:00,1000,1000,1000,1000,10000
2021-12-17 11:20:00,1000,1000,1000,1000,5400
2021-12-17 11:21:00,1000,1000,1000,1000,0
2021-12-17 11:22:00,1000,1000,1000,1000,0
2021-12-17 11:23:00,1000,1000,1000,1000,0
2021-12-17 11:24:00,1000,1000,1000,1000,0
2021-12-17 11:25:00,1000,1000,1000,1000,0
2021-12-17 11:26:00,1000,1000,1000,1000,0
2021-12-17 11:27:00,1000,1000,1000,1000,0
2021-12-17 11:28:00,1000,1000,1000,1000,0
2021-12-17 11:29:00,1000,1000,1000,1000,6000
2021-12-17 11:30:00,1000,1000,1000,1000,0
2021-12-17 11:31:00,1000,1000,1000,1000,0
2021-12-17 11:32:00,1000,1000,1000,1000,0
2021-12-17 11:33:00,1000,1000,1000,1000,0
2021-12-17 11:34:00,1000,1000,1000,1000,0
2021-12-17 11:35:00,1000,1000,1000,1000,0
2021-12-17 11:36:00,1000,1000,1000,1000,0
2021-12-17 11:37:00,1000,1000,1000,1000,0
2021-12-17 11:38:00,1000,1000,1000,1000,0
2021-12-17 11:39:00,1000,1000,1000,1000,0
2021-12-17 11:40:00,1000,1000,1000,1000,0
2021-12-17 11:41:00,1000,1000,1000,1000,0
2021-12-17 11:42:00,1000,1000,1000,1000,0
2021-12-17 11:43:00,1000,1000,1000,1000,0
2021-12-17 11:44:00,1000,1000,1000,1000,0
2021-12-17 11:45:00,1000,1000,1000,1000,0
2021-12-17 11:46:00,1000,1000,1000,1000,0
2021-12-17 11:47:00,1000,1000,1000,1000,0
2021-12-17 11:48:00,1000,1000,1000,1000,0
2021-12-17 11:49:00,1000,1000,1000,1000,0
2021-12-17 11:50:00,1000,1000,1000,1000,0
2021-12-17 11:51:00,1000,1000,1000,1000,0
2021-12-17 11:52:00,1000,1000,1000,1000,0
2021-12-17 11:53:00,1000,1000,1000,1000,0
2021-12-17 11:54:00,1000,1000,1000,1000,0
2021-12-17 11:55:00,1000,1000,1000,1000,0
2021-12-17 11:56:00,1000,1000,1000,1000,0
2021-12-17 11:57:00,1000,1000,1000,1000,0
2021-12-17 11:58:00,1000,1000,1000,1000,0
2021-12-17 11:59:00,1000,1000,1000,1000,0
2021-12-17 12:00:00,1000,1000,1000,1000,0
2021-12-17 12:01:00,1000,1000,1000,1000,0
2021-12-17 12:02:00,1000,1000,1000,1000,0
2021-12-17 12:03:00,1000,1000,1000,1000,0
2021-12-17 12:04:00,1000,1000,1000,1000,0
2021-12-17 12:05:00,1000,1000,1000,1000,0
2021-12-17 12:06:00,1000,1000,1000,1000,0
2021-12-17 12:07:00,1000,1000,1000,1000,0
2021-12-17 12:08:00,1000,1000,1000,1000,0
2021-12-17 12:09:00,1000,1000,1000,1000,0
2021-12-17 12:10:00,1000,1000,1000,1000,0
2021-12-17 12:11:00,1000,1000,1000,1000,0
2021-12-17 12:12:00,1000,1000,1000,1000,0
2021-12-17 12:13:00,1000,1000,1000,1000,0
2021-12-17 12:14:00,1000,1000,1000,1000,0
2021-12-17 12:15:00,1000,1000,1000,1000,0
2021-12-17 12:16:00,1000,1000,1000,1000,0
2021-12-17 12:17:00,1000,1000,1000,1000,0
2021-12-17 12:18:00,1000,1000,1000,1000,0
2021-12-17 12:19:00,1000,1000,1000,1000,0
2021-12-17 12:20:00,1000,1000,1000,1000,0
2021-12-17 12:21:00,1000,1000,1000,1000,0
2021-12-17 12:22:00,1000,1000,1000,1000,0
2021-12-17 12:23:00,1000,1000,1000,1000,0
2021-12-17 12:24:00,1000,1000,1000,1000,0
2021-12-17 12:25:00,1000,1000,1000,1000,0
2021-12-17 12:26:00,1000,1000,1000,1000,0
2021-12-17 12:27:00,1000,1000,1000,1000,0
2021-12-17 12:28:00,1000,1000,1000,1000,0
2021-12-17 12:29:00,1000,1000,1000,1000,0
2021-12-17 12:30:00,1000,1000,1000,1000,0
2021-12-17 12:31:00,1000,1000,1000,1000,0
2021-12-17 12:32:00,1000,1000,1000,1000,0
2021-12-17 12:33:00,1000,1000,1000,1000,0
2021-12-17 12:34:00,1000,1000,1000,1000,0
2021-12-17 12:35:00,1000,1000,1000,1000,0
2021-12-17 12:36:00,1000,1000,1000,1000,0
2021-12-17 12:37:00,1000,1000,1000,1000,0
2021-12-17 12:38:00,1000,1000,1000,1000,0
2021-12-17 12:39:00,1000,1000,1000,1000,0
2021-12-17 12:40:00,1000,1000,1000,1000,0
2021-12-17 12:41:00,1000,1000,1000,1000,0
2021-12-17 12:42:00,1000,1000,1000,1000,0
2021-12-17 12:43:00,1000,1000,1000,1000,0
2021-12-17 12:44:00,1000,1000,1000,1000,0
2021-12-17 12:45:00,1000,1000,1000,1000,0
2021-12-17 12:46:00,1000,1000,1000,1000,0
2021-12-17 12:47:00,1000,1000,1000,1000,0
2021-12-17 12:48:00,1000,1000,1000,1000,0
2021-12-17 12:49:00,1000,1000,1000,1000,0
2021-12-17 12:50:00,1000,1000,1000,1000,0
2021-12-17 12:51:00,1000,1000,1000,1000,0
2021-12-17 12:52:00,1000,1000,1000,1000,0
2021-12-17 12:53:00,1000,1000,1000,1000,0
2021-12-17 12:54:00,1000,1000,1000,1000,0
2021-12-17 12:55:00,1000,1000,1000,1000,0
2021-12-17 12:56:00,1000,1000,1000,1000,0
2021-12-17 12:57:00,1000,1000,1000,1000,0
2021-12-17 12:58:00,1000,1000,1000,1000,0
2021-12-17 12:59:00,1000,1000,1000,1000,0
2021-12-17 13:00:00,1000,1000,1000,1000,0
2021-12-17 13:01:00,1000,1000,1000,1000,0
2021-12-17 13:02:00,1000,1000,1000,1000,0
2021-12-17 13:03:00,1000,1000,1000,1000,0
2021-12-17 13:04:00,1000,1000,1000,1000,0
2021-12-17 13:05:00,1000,1000,1000,1000,0
2021-12-17 13:06:00,1000,1000,1000,1000,0
2021-12-17 13:07:00,1000,1000,1000,1000,0
2021-12-17 13:08:00,1000,1000,1000,1000,0
2021-12-17 13:09:00,1000,1000,1000,1000,0
2021-12-17 13:10:00,1000,1000,1000,1000,0
2021-12-17 13:11:00,1000,1000,1000,1000,0
2021-12-17 13:12:00,1000,1000,1000,1000,0
2021-12-17 13:13:00,1000,1000,1000,1000,0
2021-12-17 13:14:00,1000,1000,1000,1000,0
2021-12-17 13:15:00,1000,1000,1000,1000,0
2021-12-17 13:16:00,1000,1000,1000,1000,0
2021-12-17 13:17:00,1000,1000,1000,1000,0
2021-12-17 13:18:00,1000,1000,1000,1000,0
2021-12-17 13:19:00,1000,1000,1000,1000,0
2021-12-17 13:20:00,1000,1000,1000,1000,0
2021-12-17 13:21:00,1000,1000,1000,1000,0
2021-12-17 13:22:00,1000,1000,1000,1000,0
2021-12-17 13:23:00,1000,1000,1000,1000,0
2021-12-17 13:24:00,1000,1000,1000,1000,0
2021-12-17 13:25:00,1000,1000,1000,1000,0
2021-12-17 13:26:00,1000,1000,1000,1000,0
2021-12-17 13:27:00,1000,1000,1000,1000,0
2021-12-17 13:28:00,1000,1000,1000,1000,0
2021-12-17 13:29:00,1000,1000,1000,1000,0
2021-12-17 13:30:00,1000,990,1000,990,184200
2021-12-17 13:31:00,990,990,995,990,43000
2021-12-17 13:32:00,990,990,990,990,3000
2021-12-17 13:33:00,995,995,995,995,60000
2021-12-17 13:34:00,995,995,1005,1005,9900
2021-12-17 13:35:00,1000,1000,1000,1000,5800
2021-12-17 13:36:00,1000,1000,1000,1000,0
2021-12-17 13:37:00,995,995,995,995,1100
2021-12-17 13:38:00,995,995,995,995,44000
2021-12-17 13:39:00,995,995,995,995,1900
2021-12-17 13:40:00,995,995,995,995,800
2021-12-17 13:41:00,995,995,995,995,0
2021-12-17 13:42:00,995,995,1005,1005,16800
2021-12-17 13:43:00,995,995,1005,1005,0
2021-12-17 13:44:00,995,995,1005,1005,0
2021-12-17 13:45:00,995,995,1005,1005,0
2021-12-17 13:46:00,995,995,1005,1005,0
2021-12-17 13:47:00,995,995,1005,1005,0
2021-12-17 13:48:00,995,995,1005,1005,0
2021-12-17 13:49:00,995,995,1005,1005,0
2021-12-17 13:50:00,1000,1000,1000,1000,2600
2021-12-17 13:51:00,1005,1005,1005,1005,22400
2021-12-17 13:52:00,1010,1010,1010,1010,100
2021-12-17 13:53:00,1005,1005,1005,1005,100
2021-12-17 13:54:00,1005,1005,1005,1005,0
2021-12-17 13:55:00,1005,1005,1005,1005,0
2021-12-17 13:56:00,1005,1005,1005,1005,0
2021-12-17 13:57:00,1010,1010,1010,1010,14300
2021-12-17 13:58:00,1005,1005,1005,1005,33900
2021-12-17 13:59:00,1005,1005,1005,1005,700
2021-12-17 14:00:00,1005,1005,1005,1005,6800
2021-12-17 14:01:00,1005,1005,1005,1005,0
2021-12-17 14:02:00,1005,1005,1005,1005,0
2021-12-17 14:03:00,1010,1010,1010,1010,300
2021-12-17 14:04:00,1010,1010,1010,1010,0
2021-12-17 14:05:00,1010,1010,1010,1010,0
2021-12-17 14:06:00,1010,1010,1010,1010,500
2021-12-17 14:07:00,1010,1010,1010,1010,12400
2021-12-17 14:08:00,1010,1010,1010,1010,0
2021-12-17 14:09:00,1005,1005,1005,1005,15000
2021-12-17 14:10:00,1005,1005,1005,1005,24500
2021-12-17 14:11:00,1005,1005,1005,1005,0
2021-12-17 14:12:00,1005,1000,1005,1000,52500
2021-12-17 14:13:00,1005,1000,1005,1000,0
2021-12-17 14:14:00,1000,1000,1000,1000,300
2021-12-17 14:15:00,1000,1000,1000,1000,5500
2021-12-17 14:16:00,1000,1000,1000,1000,0
2021-12-17 14:17:00,1000,1000,1000,1000,11100
2021-12-17 14:18:00,1000,1000,1000,1000,2000
2021-12-17 14:19:00,1000,1000,1000,1000,0
2021-12-17 14:20:00,1010,1010,1010,1010,100
2021-12-17 14:21:00,1010,1010,1010,1010,0
2021-12-17 14:22:00,1000,1000,1000,1000,100
2021-12-17 14:23:00,1000,1000,1000,1000,0
2021-12-17 14:24:00,1005,1005,1005,1005,15300
2021-12-17 14:25:00,1005,1005,1005,1005,0
2021-12-17 14:26:00,1000,1000,1000,1000,41700
2021-12-17 14:27:00,1000,1000,1000,1000,0
2021-12-17 14:28:00,1000,1000,1000,1000,0
2021-12-17 14:29:00,1000,1000,1000,1000,0
2021-12-17 14:30:00,1000,1000,1005,1005,8400
2021-12-17 14:31:00,1005,1000,1005,1000,92000
2021-12-17 14:32:00,1000,1000,1000,1000,900
2021-12-17 14:33:00,995,995,995,995,42500
2021-12-17 14:34:00,995,985,995,985,61400
2021-12-17 14:35:00,990,985,990,985,28000
2021-12-17 14:36:00,990,985,990,985,0
2021-12-17 14:37:00,990,990,990,990,500
2021-12-17 14:38:00,995,995,995,995,11000
2021-12-17 14:39:00,1000,1000,1000,1000,27800
2021-12-17 14:40:00,1000,995,1000,995,27500
2021-12-17 14:41:00,995,995,1000,1000,12400
2021-12-17 14:42:00,1000,1000,1000,1000,19900
2021-12-17 14:43:00,1000,1000,1000,1000,4100
2021-12-17 14:44:00,1000,1000,1000,1000,0
2021-12-17 14:45:00,1000,1000,1000,1000,1100
2021-12-17 14:46:00,1000,1000,1000,1000,0
2021-12-17 14:47:00,995,990,995,990,45600
2021-12-17 14:48:00,990,990,990,990,36200
2021-12-17 14:49:00,995,995,995,995,10000
2021-12-17 14:50:00,995,995,995,995,0
2021-12-17 14:51:00,995,995,995,995,0
2021-12-17 14:52:00,995,995,995,995,0
2021-12-17 14:53:00,995,995,995,995,0
2021-12-17 14:54:00,995,995,995,995,0
2021-12-17 14:55:00,995,995,995,995,0
2021-12-17 14:56:00,995,995,995,995,0
2021-12-17 14:57:00,995,995,995,995,0
2021-12-17 14:58:00,995,995,995,995,0
2021-12-17 14:59:00,995,995,995,995,0
2021-12-17 15:00:00,995,995,995,995,47000
2021-12-17 15:01:00,995,995,995,995,3000
2021-12-17 15:02:00,995,995,995,995,20000
2021-12-17 15:03:00,995,995,995,995,0
2021-12-17 15:04:00,995,995,995,995,0
2021-12-17 15:05:00,995,995,995,995,0
2021-12-17 15:06:00,995,995,995,995,0
2021-12-17 15:07:00,995,995,995,995,10000
2021-12-17 15:08:00,995,995,995,995,0
2021-12-17 15:09:00,995,995,995,995,1000
2021-12-17 15:10:00,995,995,995,995,0
2021-12-17 15:11:00,995,995,995,995,2000
2021-12-17 15:12:00,995,995,995,995,0
2021-12-17 15:13:00,995,995,995,995,20100
2021-12-17 15:14:00,995,995,995,995,0
2021-12-17 15:15:00,995,995,995,995,0
2021-12-17 15:16:00,995,995,995,995,0
2021-12-17 15:17:00,995,995,995,995,0
2021-12-17 15:18:00,995,995,995,995,0
2021-12-17 15:19:00,995,995,995,995,0
2021-12-17 15:20:00,995,995,995,995,0
2021-12-17 15:21:00,995,995,995,995,0
2021-12-17 15:22:00,995,995,995,995,0
2021-12-17 15:23:00,995,995,995,995,0
2021-12-17 15:24:00,995,995,995,995,0
2021-12-17 15:25:00,995,995,995,995,0
2021-12-17 15:26:00,995,995,995,995,0
2021-12-17 15:27:00,995,995,995,995,0
2021-12-17 15:28:00,995,995,995,995,0
2021-12-17 15:29:00,995,995,995,995,0
2021-12-17 15:30:00,995,995,995,995,0
2021-12-17 15:31:00,995,995,995,995,0
2021-12-17 15:32:00,995,995,995,995,0
2021-12-17 15:33:00,995,995,995,995,0
2021-12-17 15:34:00,995,995,995,995,0
2021-12-17 15:35:00,995,995,995,995,0
2021-12-17 15:36:00,995,995,995,995,0
2021-12-17 15:37:00,995,995,995,995,0
2021-12-17 15:38:00,995,995,995,995,0
2021-12-17 15:39:00,995,995,995,995,0
2021-12-17 15:40:00,995,995,995,995,0
2021-12-17 15:41:00,995,995,995,995,0
2021-12-17 15:42:00,995,995,995,995,0
2021-12-17 15:43:00,995,995,995,995,0
2021-12-17 15:44:00,995,995,995,995,0
2021-12-17 15:45:00,995,995,995,995,0
2021-12-17 15:46:00,995,995,995,995,0
2021-12-17 15:47:00,995,995,995,995,0
2021-12-17 15:48:00,995,995,995,995,0
2021-12-17 15:49:00,995,995,995,995,0
2021-12-17 15:50:00,995,995,995,995,0
2021-12-17 15:51:00,995,995,995,995,0
2021-12-17 15:52:00,995,995,995,995,0
2021-12-17 15:53:00,995,995,995,995,0
2021-12-17 15:54:00,995,995,995,995,0
2021-12-17 15:55:00,995,995,995,995,0
2021-12-17 15:56:00,995,995,995,995,0
2021-12-17 15:57:00,995,995,995,995,0
2021-12-17 15:58:00,995,995,995,995,0
2021-12-17 15:59:00,995,995,995,995,0
2021-12-20 09:00:00,995,995,995,995,0
2021-12-20 09:01:00,1005,1005,1005,1005,100
2021-12-20 09:02:00,1005,1005,1005,1005,100
2021-12-20 09:03:00,1000,995,1005,1005,37000
2021-12-20 09:04:00,1000,1000,1000,1000,700
2021-12-20 09:05:00,1000,1000,1000,1000,100
2021-12-20 09:06:00,1000,1000,1000,1000,7200
2021-12-20 09:07:00,1000,1000,1000,1000,21000
2021-12-20 09:08:00,1000,1000,1000,1000,0
2021-12-20 09:09:00,995,995,995,995,11000
2021-12-20 09:10:00,995,995,995,995,5200
2021-12-20 09:11:00,995,995,1000,1000,10100
2021-12-20 09:12:00,1000,1000,1010,1005,73800
2021-12-20 09:13:00,1005,1005,1010,1010,4200
2021-12-20 09:14:00,1010,1010,1020,1010,21600
2021-12-20 09:15:00,1020,1020,1020,1020,46000
2021-12-20 09:16:00,1025,1020,1025,1020,120400
2021-12-20 09:17:00,1020,1010,1025,1010,59400
2021-12-20 09:18:00,1015,1015,1015,1015,8800
2021-12-20 09:19:00,1015,1015,1015,1015,21600
2021-12-20 09:20:00,1015,1015,1015,1015,0
2021-12-20 09:21:00,1015,1015,1015,1015,17500
2021-12-20 09:22:00,1015,1010,1015,1010,29600
2021-12-20 09:23:00,1000,990,1000,990,52500
2021-12-20 09:24:00,990,975,990,975,17500
2021-12-20 09:25:00,975,945,975,960,252300
2021-12-20 09:26:00,960,960,980,980,21400
2021-12-20 09:27:00,985,985,990,990,18100
2021-12-20 09:28:00,985,985,990,990,0
2021-12-20 09:29:00,990,990,995,995,21700
2021-12-20 09:30:00,995,990,995,990,32200
2021-12-20 09:31:00,995,995,995,995,12800
2021-12-20 09:32:00,995,995,995,995,4400
2021-12-20 09:33:00,995,990,995,990,3600
2021-12-20 09:34:00,995,995,995,995,30000
2021-12-20 09:35:00,990,990,995,990,40100
2021-12-20 09:36:00,990,990,990,990,9900
2021-12-20 09:37:00,990,990,990,990,100
2021-12-20 09:38:00,990,990,995,995,4600
2021-12-20 09:39:00,995,995,1000,1000,19000
2021-12-20 09:40:00,1000,1000,1000,1000,3300
2021-12-20 09:41:00,1000,1000,1000,1000,0
2021-12-20 09:42:00,1000,1000,1005,1005,2400
2021-12-20 09:43:00,1005,1005,1005,1005,4900
2021-12-20 09:44:00,1005,1000,1010,1000,21900
2021-12-20 09:45:00,1015,1005,1015,1005,36500
2021-12-20 09:46:00,1010,1010,1015,1010,6800
2021-12-20 09:47:00,1010,1010,1010,1010,5100
2021-12-20 09:48:00,1010,1005,1010,1005,15000
2021-12-20 09:49:00,1005,1000,1005,1005,27000
2021-12-20 09:50:00,1000,1000,1000,1000,36200
2021-12-20 09:51:00,1000,1000,1000,1000,28100
2021-12-20 09:52:00,1000,1000,1000,1000,0
2021-12-20 09:53:00,1000,1000,1000,1000,0
2021-12-20 09:54:00,1000,1000,1000,1000,3900
2021-12-20 09:55:00,1000,1000,1005,1005,14900
2021-12-20 09:56:00,1005,1005,1005,1005,100
2021-12-20 09:57:00,1005,1005,1005,1005,1500
2021-12-20 09:58:00,1005,1005,1005,1005,300
2021-12-20 09:59:00,1005,1005,1005,1005,0
2021-12-20 10:00:00,1005,1005,1005,1005,0
2021-12-20 10:01:00,1005,1005,1005,1005,900
2021-12-20 10:02:00,1005,1005,1005,1005,0
2021-12-20 10:03:00,1005,1005,1005,1005,1600
2021-12-20 10:04:00,1005,1005,1005,1005,1500
2021-12-20 10:05:00,1010,1005,1010,1005,2900
2021-12-20 10:06:00,1005,1005,1005,1005,500
2021-12-20 10:07:00,1005,1005,1005,1005,500
2021-12-20 10:08:00,1005,1005,1005,1005,10600
2021-12-20 10:09:00,1005,1005,1005,1005,0
2021-12-20 10:10:00,1005,1005,1005,1005,0
2021-12-20 10:11:00,1005,1005,1005,1005,2000
2021-12-20 10:12:00,1005,1005,1005,1005,0
2021-12-20 10:13:00,1005,1005,1005,1005,0
2021-12-20 10:14:00,1005,1005,1005,1005,0
2021-12-20 10:15:00,1010,1010,1010,1010,26000
2021-12-20 10:16:00,1005,1005,1005,1005,100
2021-12-20 10:17:00,1005,1005,1005,1005,2700
2021-12-20 10:18:00,1005,1005,1005,1005,0
2021-12-20 10:19:00,1005,1005,1005,1005,0
2021-12-20 10:20:00,1005,1005,1005,1005,16500
2021-12-20 10:21:00,1005,1005,1005,1005,0
2021-12-20 10:22:00,1005,1005,1005,1005,0
2021-12-20 10:23:00,1005,1000,1005,1000,20000
2021-12-20 10:24:00,1000,1000,1000,1000,100
2021-12-20 10:25:00,1000,1000,1000,1000,1335400
2021-12-20 10:26:00,1000,1000,1000,1000,0
2021-12-20 10:27:00,1000,995,1000,995,35000
2021-12-20 10:28:00,995,995,995,995,5200
2021-12-20 10:29:00,995,995,995,995,0
2021-12-20 10:30:00,995,995,1000,1000,13000
2021-12-20 10:31:00,995,995,1000,1000,0
2021-12-20 10:32:00,995,995,1000,1000,0
2021-12-20 10:33:00,995,995,1000,1000,0
2021-12-20 10:34:00,995,995,1000,1000,0
2021-12-20 10:35:00,1000,1000,1005,1005,1100
2021-12-20 10:36:00,1000,1000,1005,1005,0
2021-12-20 10:37:00,1005,1005,1005,1005,8900
2021-12-20 10:38:00,1005,1005,1005,1005,0
2021-12-20 10:39:00,1005,1005,1005,1005,0
2021-12-20 10:40:00,1005,1005,1005,1005,10500
2021-12-20 10:41:00,1005,1005,1005,1005,0
2021-12-20 10:42:00,1005,1005,1005,1005,0
2021-12-20 10:43:00,1005,1005,1005,1005,0
2021-12-20 10:44:00,1005,1005,1005,1005,2000
2021-12-20 10:45:00,1005,1005,1005,1005,0
2021-12-20 10:46:00,1005,1005,1005,1005,0
2021-12-20 10:47:00,1005,1005,1005,1005,29200
2021-12-20 10:48:00,1005,1005,1005,1005,0
2021-12-20 10:49:00,1005,1005,1005,1005,0
2021-12-20 10:50:00,1010,1010,1010,1010,13100
2021-12-20 10:51:00,1010,1010,1010,1010,0
2021-12-20 10:52:00,1010,1010,1010,1010,2700
2021-12-20 10:53:00,1010,1010,1010,1010,13200
2021-12-20 10:54:00,1010,1010,1010,1010,22000
2021-12-20 10:55:00,1015,1015,1020,1020,46500
2021-12-20 10:56:00,1020,1020,1020,1020,12100
2021-12-20 10:57:00,1020,1020,1020,1020,13800
2021-12-20 10:58:00,1020,1020,1020,1020,100
2021-12-20 10:59:00,1020,1020,1025,1020,31200
2021-12-20 11:00:00,1020,1015,1020,1015,21000
2021-12-20 11:01:00,1020,1015,1020,1015,0
2021-12-20 11:02:00,1020,1020,1020,1020,15100
2021-12-20 11:03:00,1020,1020,1020,1020,19700
2021-12-20 11:04:00,1020,1020,1020,1020,2400
2021-12-20 11:05:00,1020,1020,1020,1020,24300
2021-12-20 11:06:00,1025,1025,1040,1040,137500
2021-12-20 11:07:00,1040,1030,1050,1045,171400
2021-12-20 11:08:00,1045,1035,1045,1035,53200
2021-12-20 11:09:00,1035,1030,1035,1035,65700
2021-12-20 11:10:00,1035,1025,1035,1025,27700
2021-12-20 11:11:00,1020,1020,1025,1020,11000
2021-12-20 11:12:00,1025,1020,1025,1020,10000
2021-12-20 11:13:00,1020,1015,1020,1015,79800
2021-12-20 11:14:00,1015,1015,1015,1015,8400
2021-12-20 11:15:00,1015,1015,1015,1015,500
2021-12-20 11:16:00,1015,1015,1015,1015,2200
2021-12-20 11:17:00,1015,1015,1015,1015,19200
2021-12-20 11:18:00,1010,1010,1010,1010,4600
2021-12-20 11:19:00,1010,1005,1010,1005,68500
2021-12-20 11:20:00,1010,1010,1015,1015,15900
2021-12-20 11:21:00,1020,1020,1030,1030,50000
2021-12-20 11:22:00,1030,1030,1035,1035,55000
2021-12-20 11:23:00,1030,1030,1030,1030,600
2021-12-20 11:24:00,1030,1030,1030,1030,14800
2021-12-20 11:25:00,1030,1030,1030,1030,8100
2021-12-20 11:26:00,1030,1030,1030,1030,100
2021-12-20 11:27:00,1030,1030,1030,1030,0
2021-12-20 11:28:00,1030,1030,1030,1030,0
2021-12-20 11:29:00,1020,1020,1020,1020,1000
2021-12-20 11:30:00,1020,1020,1020,1020,0
2021-12-20 11:31:00,1020,1020,1020,1020,0
2021-12-20 11:32:00,1020,1020,1020,1020,0
2021-12-20 11:33:00,1020,1020,1020,1020,0
2021-12-20 11:34:00,1020,1020,1020,1020,0
2021-12-20 11:35:00,1020,1020,1020,1020,0
2021-12-20 11:36:00,1020,1020,1020,1020,0
2021-12-20 11:37:00,1020,1020,1020,1020,0
2021-12-20 11:38:00,1020,1020,1020,1020,0
2021-12-20 11:39:00,1020,1020,1020,1020,0
2021-12-20 11:40:00,1020,1020,1020,1020,0
2021-12-20 11:41:00,1020,1020,1020,1020,0
2021-12-20 11:42:00,1020,1020,1020,1020,0
2021-12-20 11:43:00,1020,1020,1020,1020,0
2021-12-20 11:44:00,1020,1020,1020,1020,0
2021-12-20 11:45:00,1020,1020,1020,1020,0
2021-12-20 11:46:00,1020,1020,1020,1020,0
2021-12-20 11:47:00,1020,1020,1020,1020,0
2021-12-20 11:48:00,1020,1020,1020,1020,0
2021-12-20 11:49:00,1020,1020,1020,1020,0
2021-12-20 11:50:00,1020,1020,1020,1020,0
2021-12-20 11:51:00,1020,1020,1020,1020,0
2021-12-20 11:52:00,1020,1020,1020,1020,0
2021-12-20 11:53:00,1020,1020,1020,1020,0
2021-12-20 11:54:00,1020,1020,1020,1020,0
2021-12-20 11:55:00,1020,1020,1020,1020,0
2021-12-20 11:56:00,1020,1020,1020,1020,0
2021-12-20 11:57:00,1020,1020,1020,1020,0
2021-12-20 11:58:00,1020,1020,1020,1020,0
2021-12-20 11:59:00,1020,1020,1020,1020,0
2021-12-20 12:00:00,1020,1020,1020,1020,0
2021-12-20 12:01:00,1020,1020,1020,1020,0
2021-12-20 12:02:00,1020,1020,1020,1020,0
2021-12-20 12:03:00,1020,1020,1020,1020,0
2021-12-20 12:04:00,1020,1020,1020,1020,0
2021-12-20 12:05:00,1020,1020,1020,1020,0
2021-12-20 12:06:00,1020,1020,1020,1020,0
2021-12-20 12:07:00,1020,1020,1020,1020,0
2021-12-20 12:08:00,1020,1020,1020,1020,0
2021-12-20 12:09:00,1020,1020,1020,1020,0
2021-12-20 12:10:00,1020,1020,1020,1020,0
2021-12-20 12:11:00,1020,1020,1020,1020,0
2021-12-20 12:12:00,1020,1020,1020,1020,0
2021-12-20 12:13:00,1020,1020,1020,1020,0
2021-12-20 12:14:00,1020,1020,1020,1020,0
2021-12-20 12:15:00,1020,1020,1020,1020,0
2021-12-20 12:16:00,1020,1020,1020,1020,0
2021-12-20 12:17:00,1020,1020,1020,1020,0
2021-12-20 12:18:00,1020,1020,1020,1020,0
2021-12-20 12:19:00,1020,1020,1020,1020,0
2021-12-20 12:20:00,1020,1020,1020,1020,0
2021-12-20 12:21:00,1020,1020,1020,1020,0
2021-12-20 12:22:00,1020,1020,1020,1020,0
2021-12-20 12:23:00,1020,1020,1020,1020,0
2021-12-20 12:24:00,1020,1020,1020,1020,0
2021-12-20 12:25:00,1020,1020,1020,1020,0
2021-12-20 12:26:00,1020,1020,1020,1020,0
2021-12-20 12:27:00,1020,1020,1020,1020,0
2021-12-20 12:28:00,1020,1020,1020,1020,0
2021-12-20 12:29:00,1020,1020,1020,1020,0
2021-12-20 12:30:00,1020,1020,1020,1020,0
2021-12-20 12:31:00,1020,1020,1020,1020,0
2021-12-20 12:32:00,1020,1020,1020,1020,0
2021-12-20 12:33:00,1020,1020,1020,1020,0
2021-12-20 12:34:00,1020,1020,1020,1020,0
2021-12-20 12:35:00,1020,1020,1020,1020,0
2021-12-20 12:36:00,1020,1020,1020,1020,0
2021-12-20 12:37:00,1020,1020,1020,1020,0
2021-12-20 12:38:00,1020,1020,1020,1020,0
2021-12-20 12:39:00,1020,1020,1020,1020,0
2021-12-20 12:40:00,1020,1020,1020,1020,0
2021-12-20 12:41:00,1020,1020,1020,1020,0
2021-12-20 12:42:00,1020,1020,1020,1020,0
2021-12-20 12:43:00,1020,1020,1020,1020,0
2021-12-20 12:44:00,1020,1020,1020,1020,0
2021-12-20 12:45:00,1020,1020,1020,1020,0
2021-12-20 12:46:00,1020,1020,1020,1020,0
2021-12-20 12:47:00,1020,1020,1020,1020,0
2021-12-20 12:48:00,1020,1020,1020,1020,0
2021-12-20 12:49:00,1020,1020,1020,1020,0
2021-12-20 12:50:00,1020,1020,1020,1020,0
2021-12-20 12:51:00,1020,1020,1020,1020,0
2021-12-20 12:52:00,1020,1020,1020,1020,0
2021-12-20 12:53:00,1020,1020,1020,1020,0
2021-12-20 12:54:00,1020,1020,1020,1020,0
2021-12-20 12:55:00,1020,1020,1020,1020,0
2021-12-20 12:56:00,1020,1020,1020,1020,0
2021-12-20 12:57:00,1020,1020,1020,1020,0
2021-12-20 12:58:00,1020,1020,1020,1020,0
2021-12-20 12:59:00,1020,1020,1020,1020,0
2021-12-20 13:00:00,1020,1020,1020,1020,0
2021-12-20 13:01:00,1020,1020,1020,1020,0
2021-12-20 13:02:00,1020,1020,1020,1020,0
2021-12-20 13:03:00,1020,1020,1020,1020,0
2021-12-20 13:04:00,1020,1020,1020,1020,0
2021-12-20 13:05:00,1020,1020,1020,1020,0
2021-12-20 13:06:00,1020,1020,1020,1020,0
2021-12-20 13:07:00,1020,1020,1020,1020,0
2021-12-20 13:08:00,1020,1020,1020,1020,0
2021-12-20 13:09:00,1020,1020,1020,1020,0
2021-12-20 13:10:00,1020,1020,1020,1020,0
2021-12-20 13:11:00,1020,1020,1020,1020,0
2021-12-20 13:12:00,1020,1020,1020,1020,0
2021-12-20 13:13:00,1020,1020,1020,1020,0
2021-12-20 13:14:00,1020,1020,1020,1020,0
2021-12-20 13:15:00,1020,1020,1020,1020,0
2021-12-20 13:16:00,1020,1020,1020,1020,0
2021-12-20 13:17:00,1020,1020,1020,1020,0
2021-12-20 13:18:00,1020,1020,1020,1020,0
2021-12-20 13:19:00,1020,1020,1020,1020,0
2021-12-20 13:20:00,1020,1020,1020,1020,0
2021-12-20 13:21:00,1020,1020,1020,1020,0
2021-12-20 13:22:00,1020,1020,1020,1020,0
2021-12-20 13:23:00,1020,1020,1020,1020,0
2021-12-20 13:24:00,1020,1020,1020,1020,0
2021-12-20 13:25:00,1020,1020,1020,1020,0
2021-12-20 13:26:00,1020,1020,1020,1020,0
2021-12-20 13:27:00,1020,1020,1020,1020,0
2021-12-20 13:28:00,1020,1020,1020,1020,0
2021-12-20 13:29:00,1020,1020,1020,1020,0
2021-12-20 13:30:00,1020,1010,1030,1010,156900
2021-12-20 13:31:00,1020,1010,1030,1010,0
2021-12-20 13:32:00,1010,1005,1010,1005,60700
2021-12-20 13:33:00,1005,1000,1010,1005,62300
2021-12-20 13:34:00,1005,1000,1010,1005,0
2021-12-20 13:35:00,1005,1005,1005,1005,200
2021-12-20 13:36:00,1015,1015,1015,1015,100
2021-12-20 13:37:00,1015,1015,1015,1015,0
2021-12-20 13:38:00,1015,1015,1040,1040,126000
2021-12-20 13:39:00,1040,1040,1040,1040,4000
2021-12-20 13:40:00,1035,1035,1040,1035,18000
2021-12-20 13:41:00,1040,1035,1040,1035,12900
2021-12-20 13:42:00,1035,1015,1035,1015,72200
2021-12-20 13:43:00,1015,1015,1030,1030,15400
2021-12-20 13:44:00,1015,990,1015,995,215000
2021-12-20 13:45:00,1000,990,1000,990,166100
2021-12-20 13:46:00,990,990,995,995,32700
2021-12-20 13:47:00,995,995,995,995,7400
2021-12-20 13:48:00,995,995,995,995,0
2021-12-20 13:49:00,995,995,995,995,4000
2021-12-20 13:50:00,1005,1005,1010,1010,24000
2021-12-20 13:51:00,1000,1000,1000,1000,14400
2021-12-20 13:52:00,1010,1010,1010,1010,1000
2021-12-20 13:53:00,1010,1010,1010,1010,0
2021-12-20 13:54:00,1010,1010,1010,1010,100
2021-12-20 13:55:00,1010,1010,1010,1010,0
2021-12-20 13:56:00,1010,1010,1010,1010,1600
2021-12-20 13:57:00,1010,1010,1010,1010,0
2021-12-20 13:58:00,1010,1010,1010,1010,0
2021-12-20 13:59:00,1010,1010,1010,1010,0
2021-12-20 14:00:00,1010,1010,1010,1010,0
2021-12-20 14:01:00,1005,1000,1005,1000,20900
2021-12-20 14:02:00,1000,1000,1000,1000,1500
2021-12-20 14:03:00,1010,1010,1010,1010,100
2021-12-20 14:04:00,1010,1010,1010,1010,0
2021-12-20 14:05:00,1010,1010,1010,1010,200
2021-12-20 14:06:00,1010,1010,1010,1010,0
2021-12-20 14:07:00,1010,1010,1010,1010,0
2021-12-20 14:08:00,1010,1010,1010,1010,0
2021-12-20 14:09:00,1010,1010,1010,1010,0
2021-12-20 14:10:00,1010,1010,1010,1010,0
2021-12-20 14:11:00,1010,1010,1010,1010,0
2021-12-20 14:12:00,1010,1010,1010,1010,0
2021-12-20 14:13:00,1010,1010,1035,1035,80000
2021-12-20 14:14:00,1040,1040,1040,1040,100
2021-12-20 14:15:00,1030,1030,1040,1040,70000
2021-12-20 14:16:00,1030,1030,1040,1040,0
2021-12-20 14:17:00,1030,1030,1040,1040,0
2021-12-20 14:18:00,1035,1015,1035,1015,30100
2021-12-20 14:19:00,1015,1015,1015,1015,22600
2021-12-20 14:20:00,1030,1030,1030,1030,100
2021-12-20 14:21:00,1025,1025,1025,1025,100
2021-12-20 14:22:00,1020,1010,1020,1010,44300
2021-12-20 14:23:00,1010,1010,1010,1010,100
2021-12-20 14:24:00,1010,1010,1010,1010,0
2021-12-20 14:25:00,1010,1010,1010,1010,0
2021-12-20 14:26:00,1010,1010,1010,1010,0
2021-12-20 14:27:00,1010,1010,1010,1010,20000
2021-12-20 14:28:00,1010,1005,1010,1005,20000
2021-12-20 14:29:00,1005,1005,1005,1005,500
2021-12-20 14:30:00,1005,1005,1015,1015,5000
2021-12-20 14:31:00,1025,1025,1025,1025,7500
2021-12-20 14:32:00,1025,1025,1025,1025,0
2021-12-20 14:33:00,1020,1020,1020,1020,20000
2021-12-20 14:34:00,1015,1015,1015,1015,15800
2021-12-20 14:35:00,1020,1020,1025,1025,200
2021-12-20 14:36:00,1020,1020,1025,1025,0
2021-12-20 14:37:00,1015,1015,1015,1015,5900
2021-12-20 14:38:00,1015,1015,1015,1015,10000
2021-12-20 14:39:00,1015,1015,1015,1015,0
2021-12-20 14:40:00,1015,1015,1015,1015,0
2021-12-20 14:41:00,1025,1025,1025,1025,8900
2021-12-20 14:42:00,1030,1025,1030,1030,29400
2021-12-20 14:43:00,1025,1025,1045,1045,136900
2021-12-20 14:44:00,1045,1045,1050,1045,120600
2021-12-20 14:45:00,1050,1025,1050,1050,176600
2021-12-20 14:46:00,1045,1025,1045,1025,27100
2021-12-20 14:47:00,1045,1045,1045,1045,18200
2021-12-20 14:48:00,1030,1030,1045,1030,10600
2021-12-20 14:49:00,1045,1030,1045,1045,42600
2021-12-20 14:50:00,1045,1030,1045,1045,0
2021-12-20 14:51:00,1045,1030,1045,1045,0
2021-12-20 14:52:00,1045,1030,1045,1045,0
2021-12-20 14:53:00,1045,1030,1045,1045,0
2021-12-20 14:54:00,1045,1030,1045,1045,0
2021-12-20 14:55:00,1045,1030,1045,1045,0
2021-12-20 14:56:00,1045,1030,1045,1045,0
2021-12-20 14:57:00,1045,1030,1045,1045,0
2021-12-20 14:58:00,1045,1030,1045,1045,0
2021-12-20 14:59:00,1045,1030,1045,1045,0
2021-12-20 15:00:00,1045,1045,1045,1045,70400
2021-12-20 15:01:00,1045,1045,1045,1045,10000
2021-12-20 15:02:00,1045,1045,1045,1045,0
2021-12-20 15:03:00,1045,1045,1045,1045,32700
2021-12-20 15:04:00,1045,1045,1045,1045,5000
2021-12-20 15:05:00,1045,1045,1045,1045,25100
2021-12-20 15:06:00,1045,1045,1045,1045,0
2021-12-20 15:07:00,1045,1045,1045,1045,100
2021-12-20 15:08:00,1045,1045,1045,1045,0
2021-12-20 15:09:00,1045,1045,1045,1045,0
2021-12-20 15:10:00,1045,1045,1045,1045,2000
2021-12-20 15:11:00,1045,1045,1045,1045,800
2021-12-20 15:12:00,1045,1045,1045,1045,100
2021-12-20 15:13:00,1045,1045,1045,1045,0
2021-12-20 15:14:00,1045,1045,1045,1045,13000
2021-12-20 15:15:00,1045,1045,1045,1045,0
2021-12-20 15:16:00,1045,1045,1045,1045,0
2021-12-20 15:17:00,1045,1045,1045,1045,0
2021-12-20 15:18:00,1045,1045,1045,1045,0
2021-12-20 15:19:00,1045,1045,1045,1045,0
2021-12-20 15:20:00,1045,1045,1045,1045,0
2021-12-20 15:21:00,1045,1045,1045,1045,0
2021-12-20 15:22:00,1045,1045,1045,1045,0
2021-12-20 15:23:00,1045,1045,1045,1045,0
2021-12-20 15:24:00,1045,1045,1045,1045,0
2021-12-20 15:25:00,1045,1045,1045,1045,0
2021-12-20 15:26:00,1045,1045,1045,1045,0
2021-12-20 15:27:00,1045,1045,1045,1045,0
2021-12-20 15:28:00,1045,1045,1045,1045,0
2021-12-20 15:29:00,1045,1045,1045,1045,0
2021-12-20 15:30:00,1045,1045,1045,1045,0
2021-12-20 15:31:00,1045,1045,1045,1045,0
2021-12-20 15:32:00,1045,1045,1045,1045,0
2021-12-20 15:33:00,1045,1045,1045,1045,0
2021-12-20 15:34:00,1045,1045,1045,1045,0
2021-12-20 15:35:00,1045,1045,1045,1045,0
2021-12-20 15:36:00,1045,1045,1045,1045,0
2021-12-20 15:37:00,1045,1045,1045,1045,0
2021-12-20 15:38:00,1045,1045,1045,1045,0
2021-12-20 15:39:00,1045,1045,1045,1045,0
2021-12-20 15:40:00,1045,1045,1045,1045,0
2021-12-20 15:41:00,1045,1045,1045,1045,0
2021-12-20 15:42:00,1045,1045,1045,1045,0
2021-12-20 15:43:00,1045,1045,1045,1045,0
2021-12-20 15:44:00,1045,1045,1045,1045,0
2021-12-20 15:45:00,1045,1045,1045,1045,0
2021-12-20 15:46:00,1045,1045,1045,1045,0
2021-12-20 15:47:00,1045,1045,1045,1045,0
2021-12-20 15:48:00,1045,1045,1045,1045,0
2021-12-20 15:49:00,1045,1045,1045,1045,0
2021-12-20 15:50:00,1045,1045,1045,1045,0
2021-12-20 15:51:00,1045,1045,1045,1045,0
2021-12-20 15:52:00,1045,1045,1045,1045,0
2021-12-20 15:53:00,1045,1045,1045,1045,0
2021-12-20 15:54:00,1045,1045,1045,1045,0
2021-12-20 15:55:00,1045,1045,1045,1045,0
2021-12-20 15:56:00,1045,1045,1045,1045,0
2021-12-20 15:57:00,1045,1045,1045,1045,0
2021-12-20 15:58:00,1045,1045,1045,1045,0
2021-12-20 15:59:00,1045,1045,1045,1045,0
2021-12-21 09:00:00,1045,1045,1065,1065,0
2021-12-21 09:01:00,1060,1060,1080,1065,152300
2021-12-21 09:02:00,1070,1065,1080,1080,154700
2021-12-21 09:03:00,1075,1075,1085,1075,382900
2021-12-21 09:04:00,1075,1070,1080,1080,110200
2021-12-21 09:05:00,1080,1075,1085,1085,140900
2021-12-21 09:06:00,1090,1085,1090,1085,94500
2021-12-21 09:07:00,1080,1080,1090,1090,85500
2021-12-21 09:08:00,1090,1090,1105,1105,416400
2021-12-21 09:09:00,1105,1100,1120,1100,302000
2021-12-21 09:10:00,1100,1100,1115,1115,132600
2021-12-21 09:11:00,1115,1110,1125,1125,180000
2021-12-21 09:12:00,1125,1125,1150,1150,439200
2021-12-21 09:13:00,1150,1140,1195,1145,321800
2021-12-21 09:14:00,1145,1135,1170,1145,283200
2021-12-21 09:15:00,1145,1135,1165,1165,147700
2021-12-21 09:16:00,1165,1140,1165,1140,220100
2021-12-21 09:17:00,1145,1145,1165,1165,96500
2021-12-21 09:18:00,1155,1150,1165,1155,111500
2021-12-21 09:19:00,1155,1150,1155,1155,85400
2021-12-21 09:20:00,1155,1155,1165,1165,149300
2021-12-21 09:21:00,1165,1160,1175,1175,141300
2021-12-21 09:22:00,1170,1170,1190,1185,141300
2021-12-21 09:23:00,1185,1170,1190,1185,170700
2021-12-21 09:24:00,1185,1175,1190,1175,114200
2021-12-21 09:25:00,1175,1165,1175,1170,47500
2021-12-21 09:26:00,1170,1165,1180,1180,111600
2021-12-21 09:27:00,1180,1180,1185,1180,108600
2021-12-21 09:28:00,1180,1180,1200,1195,453200
2021-12-21 09:29:00,1190,1180,1215,1215,597200
2021-12-21 09:30:00,1215,1200,1230,1200,523600
2021-12-21 09:31:00,1200,1190,1200,1190,275800
2021-12-21 09:32:00,1190,1170,1195,1170,239400
2021-12-21 09:33:00,1170,1155,1180,1170,218400
2021-12-21 09:34:00,1170,1165,1175,1175,91200
2021-12-21 09:35:00,1175,1165,1180,1165,83600
2021-12-21 09:36:00,1170,1165,1175,1170,94500
2021-12-21 09:37:00,1170,1170,1185,1185,72000
2021-12-21 09:38:00,1185,1180,1190,1180,40200
2021-12-21 09:39:00,1180,1170,1180,1170,44700
2021-12-21 09:40:00,1170,1170,1170,1170,9300
2021-12-21 09:41:00,1170,1170,1175,1175,18900
2021-12-21 09:42:00,1175,1175,1180,1175,20000
2021-12-21 09:43:00,1175,1170,1175,1175,87800
2021-12-21 09:44:00,1175,1175,1175,1175,13100
2021-12-21 09:45:00,1170,1170,1175,1175,107800
2021-12-21 09:46:00,1170,1160,1170,1160,145700
2021-12-21 09:47:00,1160,1150,1160,1150,122300
2021-12-21 09:48:00,1150,1130,1150,1140,336900
2021-12-21 09:49:00,1145,1140,1160,1155,61400
2021-12-21 09:50:00,1160,1155,1165,1155,32100
2021-12-21 09:51:00,1155,1150,1155,1155,32300
2021-12-21 09:52:00,1155,1150,1155,1150,84300
2021-12-21 09:53:00,1150,1140,1150,1140,38700
2021-12-21 09:54:00,1140,1125,1140,1135,182800
2021-12-21 09:55:00,1135,1125,1135,1125,118400
2021-12-21 09:56:00,1125,1125,1135,1135,54800
2021-12-21 09:57:00,1140,1135,1140,1140,21000
2021-12-21 09:58:00,1140,1135,1145,1140,56500
2021-12-21 09:59:00,1140,1140,1150,1150,97400
2021-12-21 10:00:00,1150,1150,1150,1150,30900
2021-12-21 10:01:00,1150,1145,1150,1145,53500
2021-12-21 10:02:00,1145,1145,1150,1150,14400
2021-12-21 10:03:00,1150,1150,1150,1150,32300
2021-12-21 10:04:00,1150,1145,1150,1150,18100
2021-12-21 10:05:00,1145,1145,1150,1145,19100
2021-12-21 10:06:00,1145,1145,1145,1145,5700
2021-12-21 10:07:00,1145,1145,1145,1145,15000
2021-12-21 10:08:00,1145,1145,1145,1145,5000
2021-12-21 10:09:00,1145,1140,1150,1150,15600
2021-12-21 10:10:00,1145,1145,1145,1145,24000
2021-12-21 10:11:00,1150,1145,1150,1145,1300
2021-12-21 10:12:00,1150,1145,1155,1150,9700
2021-12-21 10:13:00,1155,1155,1155,1155,11200
2021-12-21 10:14:00,1155,1150,1155,1150,1800
2021-12-21 10:15:00,1150,1145,1150,1150,12700
2021-12-21 10:16:00,1150,1150,1150,1150,10200
2021-12-21 10:17:00,1150,1150,1150,1150,1900
2021-12-21 10:18:00,1150,1150,1150,1150,3800
2021-12-21 10:19:00,1150,1150,1150,1150,10800
2021-12-21 10:20:00,1150,1150,1150,1150,200
2021-12-21 10:21:00,1150,1150,1150,1150,5000
2021-12-21 10:22:00,1150,1150,1150,1150,2400
2021-12-21 10:23:00,1150,1150,1150,1150,14100
2021-12-21 10:24:00,1150,1150,1150,1150,3800
2021-12-21 10:25:00,1155,1155,1155,1155,16200
2021-12-21 10:26:00,1160,1150,1165,1160,120000
2021-12-21 10:27:00,1160,1160,1165,1165,21900
2021-12-21 10:28:00,1165,1160,1165,1160,35000
2021-12-21 10:29:00,1160,1160,1170,1170,16800
2021-12-21 10:30:00,1170,1170,1175,1175,43400
2021-12-21 10:31:00,1175,1170,1175,1170,43600
2021-12-21 10:32:00,1170,1170,1170,1170,18700
2021-12-21 10:33:00,1170,1170,1170,1170,1600
2021-12-21 10:34:00,1170,1170,1190,1180,251900
2021-12-21 10:35:00,1190,1185,1210,1195,376100
2021-12-21 10:36:00,1195,1195,1200,1195,32700
2021-12-21 10:37:00,1190,1180,1190,1180,100100
2021-12-21 10:38:00,1175,1175,1185,1185,36300
2021-12-21 10:39:00,1185,1185,1190,1190,11600
2021-12-21 10:40:00,1190,1185,1190,1185,72000
2021-12-21 10:41:00,1185,1175,1185,1180,24000
2021-12-21 10:42:00,1180,1180,1180,1180,15900
2021-12-21 10:43:00,1180,1180,1185,1185,15500
2021-12-21 10:44:00,1185,1180,1185,1180,15800
2021-12-21 10:45:00,1180,1180,1180,1180,100
2021-12-21 10:46:00,1180,1180,1185,1185,11200
2021-12-21 10:47:00,1185,1185,1195,1190,57700
2021-12-21 10:48:00,1190,1190,1195,1195,13700
2021-12-21 10:49:00,1190,1190,1210,1205,354500
2021-12-21 10:50:00,1210,1190,1220,1210,718500
2021-12-21 10:51:00,1210,1205,1215,1205,235400
2021-12-21 10:52:00,1205,1200,1210,1205,466900
2021-12-21 10:53:00,1205,1205,1220,1220,293900
2021-12-21 10:54:00,1225,1210,1225,1220,49800
2021-12-21 10:55:00,1220,1200,1220,1210,488100
2021-12-21 10:56:00,1205,1200,1205,1205,35100
2021-12-21 10:57:00,1205,1200,1210,1210,178600
2021-12-21 10:58:00,1205,1200,1210,1200,303400
2021-12-21 10:59:00,1200,1200,1200,1200,51600
2021-12-21 11:00:00,1200,1195,1200,1195,12000
2021-12-21 11:01:00,1195,1195,1195,1195,16200
2021-12-21 11:02:00,1195,1195,1195,1195,2000
2021-12-21 11:03:00,1195,1195,1195,1195,15300
2021-12-21 11:04:00,1195,1195,1195,1195,0
2021-12-21 11:05:00,1190,1175,1190,1175,47700
2021-12-21 11:06:00,1175,1165,1175,1170,107000
2021-12-21 11:07:00,1165,1165,1175,1170,35200
2021-12-21 11:08:00,1165,1165,1175,1175,135800
2021-12-21 11:09:00,1180,1170,1180,1170,58100
2021-12-21 11:10:00,1170,1170,1170,1170,31600
2021-12-21 11:11:00,1170,1170,1170,1170,100
2021-12-21 11:12:00,1170,1170,1170,1170,8000
2021-12-21 11:13:00,1170,1170,1175,1175,4300
2021-12-21 11:14:00,1175,1175,1180,1180,3700
2021-12-21 11:15:00,1180,1180,1180,1180,5000
2021-12-21 11:16:00,1175,1175,1175,1175,3300
2021-12-21 11:17:00,1175,1175,1175,1175,1200
2021-12-21 11:18:00,1175,1175,1175,1175,17200
2021-12-21 11:19:00,1175,1160,1175,1160,83600
2021-12-21 11:20:00,1160,1145,1165,1155,221300
2021-12-21 11:21:00,1155,1150,1155,1150,1900
2021-12-21 11:22:00,1150,1145,1165,1150,40000
2021-12-21 11:23:00,1160,1155,1160,1160,6900
2021-12-21 11:24:00,1160,1155,1160,1155,11000
2021-12-21 11:25:00,1155,1145,1155,1145,19500
2021-12-21 11:26:00,1145,1145,1150,1145,12400
2021-12-21 11:27:00,1145,1145,1155,1155,16800
2021-12-21 11:28:00,1155,1155,1155,1155,800
2021-12-21 11:29:00,1155,1155,1175,1160,27800
2021-12-21 11:30:00,1155,1155,1175,1160,0
2021-12-21 11:31:00,1155,1155,1175,1160,0
2021-12-21 11:32:00,1155,1155,1175,1160,0
2021-12-21 11:33:00,1155,1155,1175,1160,0
2021-12-21 11:34:00,1155,1155,1175,1160,0
2021-12-21 11:35:00,1155,1155,1175,1160,0
2021-12-21 11:36:00,1155,1155,1175,1160,0
2021-12-21 11:37:00,1155,1155,1175,1160,0
2021-12-21 11:38:00,1155,1155,1175,1160,0
2021-12-21 11:39:00,1155,1155,1175,1160,0
2021-12-21 11:40:00,1155,1155,1175,1160,0
2021-12-21 11:41:00,1155,1155,1175,1160,0
2021-12-21 11:42:00,1155,1155,1175,1160,0
2021-12-21 11:43:00,1155,1155,1175,1160,0
2021-12-21 11:44:00,1155,1155,1175,1160,0
2021-12-21 11:45:00,1155,1155,1175,1160,0
2021-12-21 11:46:00,1155,1155,1175,1160,0
2021-12-21 11:47:00,1155,1155,1175,1160,0
2021-12-21 11:48:00,1155,1155,1175,1160,0
2021-12-21 11:49:00,1155,1155,1175,1160,0
2021-12-21 11:50:00,1155,1155,1175,1160,0
2021-12-21 11:51:00,1155,1155,1175,1160,0
2021-12-21 11:52:00,1155,1155,1175,1160,0
2021-12-21 11:53:00,1155,1155,1175,1160,0
2021-12-21 11:54:00,1155,1155,1175,1160,0
2021-12-21 11:55:00,1155,1155,1175,1160,0
2021-12-21 11:56:00,1155,1155,1175,1160,0
2021-12-21 11:57:00,1155,1155,1175,1160,0
2021-12-21 11:58:00,1155,1155,1175,1160,0
2021-12-21 11:59:00,1155,1155,1175,1160,0
2021-12-21 12:00:00,1155,1155,1175,1160,0
2021-12-21 12:01:00,1155,1155,1175,1160,0
2021-12-21 12:02:00,1155,1155,1175,1160,0
2021-12-21 12:03:00,1155,1155,1175,1160,0
2021-12-21 12:04:00,1155,1155,1175,1160,0
2021-12-21 12:05:00,1155,1155,1175,1160,0
2021-12-21 12:06:00,1155,1155,1175,1160,0
2021-12-21 12:07:00,1155,1155,1175,1160,0
2021-12-21 12:08:00,1155,1155,1175,1160,0
2021-12-21 12:09:00,1155,1155,1175,1160,0
2021-12-21 12:10:00,1155,1155,1175,1160,0
2021-12-21 12:11:00,1155,1155,1175,1160,0
2021-12-21 12:12:00,1155,1155,1175,1160,0
2021-12-21 12:13:00,1155,1155,1175,1160,0
2021-12-21 12:14:00,1155,1155,1175,1160,0
2021-12-21 12:15:00,1155,1155,1175,1160,0
2021-12-21 12:16:00,1155,1155,1175,1160,0
2021-12-21 12:17:00,1155,1155,1175,1160,0
2021-12-21 12:18:00,1155,1155,1175,1160,0
2021-12-21 12:19:00,1155,1155,1175,1160,0
2021-12-21 12:20:00,1155,1155,1175,1160,0
2021-12-21 12:21:00,1155,1155,1175,1160,0
2021-12-21 12:22:00,1155,1155,1175,1160,0
2021-12-21 12:23:00,1155,1155,1175,1160,0
2021-12-21 12:24:00,1155,1155,1175,1160,0
2021-12-21 12:25:00,1155,1155,1175,1160,0
2021-12-21 12:26:00,1155,1155,1175,1160,0
2021-12-21 12:27:00,1155,1155,1175,1160,0
2021-12-21 12:28:00,1155,1155,1175,1160,0
2021-12-21 12:29:00,1155,1155,1175,1160,0
2021-12-21 12:30:00,1155,1155,1175,1160,0
2021-12-21 12:31:00,1155,1155,1175,1160,0
2021-12-21 12:32:00,1155,1155,1175,1160,0
2021-12-21 12:33:00,1155,1155,1175,1160,0
2021-12-21 12:34:00,1155,1155,1175,1160,0
2021-12-21 12:35:00,1155,1155,1175,1160,0
2021-12-21 12:36:00,1155,1155,1175,1160,0
2021-12-21 12:37:00,1155,1155,1175,1160,0
2021-12-21 12:38:00,1155,1155,1175,1160,0
2021-12-21 12:39:00,1155,1155,1175,1160,0
2021-12-21 12:40:00,1155,1155,1175,1160,0
2021-12-21 12:41:00,1155,1155,1175,1160,0
2021-12-21 12:42:00,1155,1155,1175,1160,0
2021-12-21 12:43:00,1155,1155,1175,1160,0
2021-12-21 12:44:00,1155,1155,1175,1160,0
2021-12-21 12:45:00,1155,1155,1175,1160,0
2021-12-21 12:46:00,1155,1155,1175,1160,0
2021-12-21 12:47:00,1155,1155,1175,1160,0
2021-12-21 12:48:00,1155,1155,1175,1160,0
2021-12-21 12:49:00,1155,1155,1175,1160,0
2021-12-21 12:50:00,1155,1155,1175,1160,0
2021-12-21 12:51:00,1155,1155,1175,1160,0
2021-12-21 12:52:00,1155,1155,1175,1160,0
2021-12-21 12:53:00,1155,1155,1175,1160,0
2021-12-21 12:54:00,1155,1155,1175,1160,0
2021-12-21 12:55:00,1155,1155,1175,1160,0
2021-12-21 12:56:00,1155,1155,1175,1160,0
2021-12-21 12:57:00,1155,1155,1175,1160,0
2021-12-21 12:58:00,1155,1155,1175,1160,0
2021-12-21 12:59:00,1155,1155,1175,1160,0
2021-12-21 13:00:00,1155,1155,1175,1160,0
2021-12-21 13:01:00,1155,1155,1175,1160,0
2021-12-21 13:02:00,1155,1155,1175,1160,0
2021-12-21 13:03:00,1155,1155,1175,1160,0
2021-12-21 13:04:00,1155,1155,1175,1160,0
2021-12-21 13:05:00,1155,1155,1175,1160,0
2021-12-21 13:06:00,1155,1155,1175,1160,0
2021-12-21 13:07:00,1155,1155,1175,1160,0
2021-12-21 13:08:00,1155,1155,1175,1160,0
2021-12-21 13:09:00,1155,1155,1175,1160,0
2021-12-21 13:10:00,1155,1155,1175,1160,0
2021-12-21 13:11:00,1155,1155,1175,1160,0
2021-12-21 13:12:00,1155,1155,1175,1160,0
2021-12-21 13:13:00,1155,1155,1175,1160,0
2021-12-21 13:14:00,1155,1155,1175,1160,0
2021-12-21 13:15:00,1155,1155,1175,1160,0
2021-12-21 13:16:00,1155,1155,1175,1160,0
2021-12-21 13:17:00,1155,1155,1175,1160,0
2021-12-21 13:18:00,1155,1155,1175,1160,0
2021-12-21 13:19:00,1155,1155,1175,1160,0
2021-12-21 13:20:00,1155,1155,1175,1160,0
2021-12-21 13:21:00,1155,1155,1175,1160,0
2021-12-21 13:22:00,1155,1155,1175,1160,0
2021-12-21 13:23:00,1155,1155,1175,1160,0
2021-12-21 13:24:00,1155,1155,1175,1160,0
2021-12-21 13:25:00,1155,1155,1175,1160,0
2021-12-21 13:26:00,1155,1155,1175,1160,0
2021-12-21 13:27:00,1155,1155,1175,1160,0
2021-12-21 13:28:00,1155,1155,1175,1160,0
2021-12-21 13:29:00,1155,1155,1175,1160,0
2021-12-21 13:30:00,1155,1140,1175,1150,173500
2021-12-21 13:31:00,1145,1140,1155,1140,19400
2021-12-21 13:32:00,1140,1140,1145,1145,38600
2021-12-21 13:33:00,1145,1145,1155,1150,36100
2021-12-21 13:34:00,1150,1145,1150,1145,7200
2021-12-21 13:35:00,1150,1145,1150,1145,3400
2021-12-21 13:36:00,1145,1145,1150,1150,8700
2021-12-21 13:37:00,1150,1145,1150,1145,40000
2021-12-21 13:38:00,1140,1140,1155,1145,34600
2021-12-21 13:39:00,1145,1145,1155,1145,23400
2021-12-21 13:40:00,1155,1155,1155,1155,300
2021-12-21 13:41:00,1155,1150,1155,1150,22200
2021-12-21 13:42:00,1155,1145,1155,1150,27000
2021-12-21 13:43:00,1150,1150,1155,1155,300
2021-12-21 13:44:00,1150,1150,1150,1150,30300
2021-12-21 13:45:00,1150,1150,1150,1150,2300
2021-12-21 13:46:00,1150,1150,1150,1150,0
2021-12-21 13:47:00,1160,1160,1165,1165,200
2021-12-21 13:48:00,1165,1160,1165,1160,12400
2021-12-21 13:49:00,1160,1160,1165,1160,61500
2021-12-21 13:50:00,1160,1155,1160,1155,24700
2021-12-21 13:51:00,1155,1150,1155,1150,13500
2021-12-21 13:52:00,1150,1150,1150,1150,10100
2021-12-21 13:53:00,1150,1150,1155,1150,8200
2021-12-21 13:54:00,1150,1150,1155,1155,5500
2021-12-21 13:55:00,1155,1155,1160,1160,5600
2021-12-21 13:56:00,1155,1155,1160,1160,400
2021-12-21 13:57:00,1160,1160,1160,1160,30500
2021-12-21 13:58:00,1165,1165,1170,1170,4100
2021-12-21 13:59:00,1170,1170,1175,1175,32700
2021-12-21 14:00:00,1175,1175,1180,1175,45900
2021-12-21 14:01:00,1170,1165,1170,1170,5500
2021-12-21 14:02:00,1170,1170,1170,1170,9800
2021-12-21 14:03:00,1170,1170,1170,1170,1200
2021-12-21 14:04:00,1170,1165,1170,1165,44500
2021-12-21 14:05:00,1165,1160,1165,1160,13000
2021-12-21 14:06:00,1160,1160,1160,1160,31100
2021-12-21 14:07:00,1160,1160,1165,1160,9200
2021-12-21 14:08:00,1165,1160,1165,1160,8800
2021-12-21 14:09:00,1160,1160,1165,1165,3000
2021-12-21 14:10:00,1160,1160,1165,1165,12600
2021-12-21 14:11:00,1165,1160,1165,1160,57300
2021-12-21 14:12:00,1160,1160,1160,1160,8000
2021-12-21 14:13:00,1155,1155,1160,1160,13700
2021-12-21 14:14:00,1155,1155,1160,1160,0
2021-12-21 14:15:00,1160,1160,1165,1160,25100
2021-12-21 14:16:00,1165,1160,1165,1160,22700
2021-12-21 14:17:00,1160,1160,1165,1160,11600
2021-12-21 14:18:00,1160,1160,1160,1160,26000
2021-12-21 14:19:00,1160,1160,1160,1160,43000
2021-12-21 14:20:00,1160,1160,1160,1160,23300
2021-12-21 14:21:00,1160,1160,1160,1160,40500
2021-12-21 14:22:00,1160,1160,1160,1160,0
2021-12-21 14:23:00,1160,1160,1160,1160,4000
2021-12-21 14:24:00,1155,1155,1165,1165,600
2021-12-21 14:25:00,1155,1155,1165,1165,0
2021-12-21 14:26:00,1165,1165,1165,1165,1500
2021-12-21 14:27:00,1160,1155,1165,1155,70100
2021-12-21 14:28:00,1160,1160,1170,1170,24100
2021-12-21 14:29:00,1160,1160,1170,1165,25200
2021-12-21 14:30:00,1170,1165,1170,1165,2100
2021-12-21 14:31:00,1165,1165,1170,1170,8900
2021-12-21 14:32:00,1175,1175,1185,1185,97100
2021-12-21 14:33:00,1180,1175,1180,1180,57200
2021-12-21 14:34:00,1180,1175,1185,1175,30900
2021-12-21 14:35:00,1175,1175,1180,1180,42900
2021-12-21 14:36:00,1180,1180,1180,1180,61900
2021-12-21 14:37:00,1180,1180,1180,1180,100
2021-12-21 14:38:00,1185,1185,1185,1185,37600
2021-12-21 14:39:00,1185,1185,1185,1185,58800
2021-12-21 14:40:00,1185,1185,1200,1195,206600
2021-12-21 14:41:00,1195,1195,1200,1200,86700
2021-12-21 14:42:00,1200,1200,1215,1205,488900
2021-12-21 14:43:00,1205,1190,1205,1195,76600
2021-12-21 14:44:00,1195,1190,1195,1190,171200
2021-12-21 14:45:00,1195,1185,1195,1185,135900
2021-12-21 14:46:00,1185,1180,1190,1185,80000
2021-12-21 14:47:00,1185,1180,1185,1180,59200
2021-12-21 14:48:00,1180,1180,1190,1190,58700
2021-12-21 14:49:00,1190,1180,1195,1190,297700
2021-12-21 14:50:00,1190,1180,1195,1190,0
2021-12-21 14:51:00,1190,1180,1195,1190,0
2021-12-21 14:52:00,1190,1180,1195,1190,0
2021-12-21 14:53:00,1190,1180,1195,1190,0
2021-12-21 14:54:00,1190,1180,1195,1190,0
2021-12-21 14:55:00,1190,1180,1195,1190,0
2021-12-21 14:56:00,1190,1180,1195,1190,0
2021-12-21 14:57:00,1190,1180,1195,1190,0
2021-12-21 14:58:00,1190,1180,1195,1190,0
2021-12-21 14:59:00,1190,1180,1195,1190,0
2021-12-21 15:00:00,1210,1210,1210,1210,327300
2021-12-21 15:01:00,1210,1210,1210,1210,232300
2021-12-21 15:02:00,1210,1210,1210,1210,23100
2021-12-21 15:03:00,1210,1210,1210,1210,18000
2021-12-21 15:04:00,1210,1210,1210,1210,9500
2021-12-21 15:05:00,1210,1210,1210,1210,51900
2021-12-21 15:06:00,1210,1210,1210,1210,1000
2021-12-21 15:07:00,1210,1210,1210,1210,6700
2021-12-21 15:08:00,1210,1210,1210,1210,0
2021-12-21 15:09:00,1210,1210,1210,1210,81900
2021-12-21 15:10:00,1210,1210,1210,1210,500
2021-12-21 15:11:00,1210,1210,1210,1210,0
2021-12-21 15:12:00,1210,1210,1210,1210,0
2021-12-21 15:13:00,1210,1210,1210,1210,2000
2021-12-21 15:14:00,1210,1210,1210,1210,0
2021-12-21 15:15:00,1210,1210,1210,1210,0
2021-12-21 15:16:00,1210,1210,1210,1210,0
2021-12-21 15:17:00,1210,1210,1210,1210,0
2021-12-21 15:18:00,1210,1210,1210,1210,0
2021-12-21 15:19:00,1210,1210,1210,1210,0
2021-12-21 15:20:00,1210,1210,1210,1210,0
2021-12-21 15:21:00,1210,1210,1210,1210,0
2021-12-21 15:22:00,1210,1210,1210,1210,0
2021-12-21 15:23:00,1210,1210,1210,1210,0
2021-12-21 15:24:00,1210,1210,1210,1210,0
2021-12-21 15:25:00,1210,1210,1210,1210,0
2021-12-21 15:26:00,1210,1210,1210,1210,0
2021-12-21 15:27:00,1210,1210,1210,1210,0
2021-12-21 15:28:00,1210,1210,1210,1210,0
2021-12-21 15:29:00,1210,1210,1210,1210,0
2021-12-21 15:30:00,1210,1210,1210,1210,0
2021-12-21 15:31:00,1210,1210,1210,1210,0
2021-12-21 15:32:00,1210,1210,1210,1210,0
2021-12-21 15:33:00,1210,1210,1210,1210,0
2021-12-21 15:34:00,1210,1210,1210,1210,0
2021-12-21 15:35:00,1210,1210,1210,1210,0
2021-12-21 15:36:00,1210,1210,1210,1210,0
2021-12-21 15:37:00,1210,1210,1210,1210,0
2021-12-21 15:38:00,1210,1210,1210,1210,0
2021-12-21 15:39:00,1210,1210,1210,1210,0
2021-12-21 15:40:00,1210,1210,1210,1210,0
2021-12-21 15:41:00,1210,1210,1210,1210,0
2021-12-21 15:42:00,1210,1210,1210,1210,0
2021-12-21 15:43:00,1210,1210,1210,1210,0
2021-12-21 15:44:00,1210,1210,1210,1210,0
2021-12-21 15:45:00,1210,1210,1210,1210,0
2021-12-21 15:46:00,1210,1210,1210,1210,0
2021-12-21 15:47:00,1210,1210,1210,1210,0
2021-12-21 15:48:00,1210,1210,1210,1210,0
2021-12-21 15:49:00,1210,1210,1210,1210,0
2021-12-21 15:50:00,1210,1210,1210,1210,0
2021-12-21 15:51:00,1210,1210,1210,1210,0
2021-12-21 15:52:00,1210,1210,1210,1210,0
2021-12-21 15:53:00,1210,1210,1210,1210,0
2021-12-21 15:54:00,1210,1210,1210,1210,0
2021-12-21 15:55:00,1210,1210,1210,1210,0
2021-12-21 15:56:00,1210,1210,1210,1210,0
2021-12-21 15:57:00,1210,1210,1210,1210,0
2021-12-21 15:58:00,1210,1210,1210,1210,0
2021-12-21 15:59:00,1210,1210,1210,1210,0
2021-12-22 09:00:00,1210,1200,1225,1215,0
2021-12-22 09:01:00,1210,1155,1215,1155,305200
2021-12-22 09:02:00,1155,1150,1180,1180,168400
2021-12-22 09:03:00,1180,1180,1190,1180,46700
2021-12-22 09:04:00,1185,1165,1185,1165,61600
2021-12-22 09:05:00,1165,1160,1170,1165,55500
2021-12-22 09:06:00,1165,1165,1185,1185,9900
2021-12-22 09:07:00,1180,1170,1180,1170,6900
2021-12-22 09:08:00,1170,1165,1170,1170,11900
2021-12-22 09:09:00,1170,1165,1170,1165,11600
2021-12-22 09:10:00,1165,1155,1165,1155,33700
2021-12-22 09:11:00,1155,1145,1155,1155,136100
2021-12-22 09:12:00,1155,1155,1170,1165,28200
2021-12-22 09:13:00,1165,1160,1165,1160,18200
2021-12-22 09:14:00,1155,1155,1160,1155,80100
2021-12-22 09:15:00,1155,1155,1160,1160,45100
2021-12-22 09:16:00,1160,1160,1165,1165,9000
2021-12-22 09:17:00,1170,1170,1190,1180,112300
2021-12-22 09:18:00,1180,1170,1180,1175,32600
2021-12-22 09:19:00,1180,1175,1185,1180,72800
2021-12-22 09:20:00,1180,1180,1180,1180,3600
2021-12-22 09:21:00,1180,1175,1180,1180,11400
2021-12-22 09:22:00,1180,1170,1180,1175,40000
2021-12-22 09:23:00,1175,1170,1175,1175,14100
2021-12-22 09:24:00,1175,1170,1175,1175,7400
2021-12-22 09:25:00,1180,1175,1180,1175,18700
2021-12-22 09:26:00,1175,1170,1175,1175,85100
2021-12-22 09:27:00,1170,1160,1180,1180,51300
2021-12-22 09:28:00,1170,1160,1180,1180,0
2021-12-22 09:29:00,1170,1160,1170,1160,73500
2021-12-22 09:30:00,1165,1165,1165,1165,9600
2021-12-22 09:31:00,1165,1165,1165,1165,2300
2021-12-22 09:32:00,1165,1165,1165,1165,13000
2021-12-22 09:33:00,1170,1165,1170,1165,10200
2021-12-22 09:34:00,1160,1160,1160,1160,6100
2021-12-22 09:35:00,1160,1160,1165,1165,27900
2021-12-22 09:36:00,1165,1165,1170,1170,11100
2021-12-22 09:37:00,1170,1170,1170,1170,8600
2021-12-22 09:38:00,1170,1170,1170,1170,100
2021-12-22 09:39:00,1175,1175,1175,1175,700
2021-12-22 09:40:00,1170,1170,1170,1170,2100
2021-12-22 09:41:00,1175,1175,1175,1175,200
2021-12-22 09:42:00,1175,1175,1175,1175,50000
2021-12-22 09:43:00,1175,1175,1175,1175,2000
2021-12-22 09:44:00,1175,1175,1175,1175,100
2021-12-22 09:45:00,1175,1175,1175,1175,1000
2021-12-22 09:46:00,1170,1170,1170,1170,1400
2021-12-22 09:47:00,1170,1170,1170,1170,100
2021-12-22 09:48:00,1175,1170,1175,1170,14000
2021-12-22 09:49:00,1175,1175,1175,1175,500
2021-12-22 09:50:00,1175,1175,1175,1175,2000
2021-12-22 09:51:00,1175,1175,1175,1175,0
2021-12-22 09:52:00,1175,1175,1175,1175,0
2021-12-22 09:53:00,1175,1175,1175,1175,1000
2021-12-22 09:54:00,1175,1170,1175,1170,1500
2021-12-22 09:55:00,1170,1170,1175,1170,5200
2021-12-22 09:56:00,1170,1170,1175,1170,12500
2021-12-22 09:57:00,1170,1170,1170,1170,1000
2021-12-22 09:58:00,1170,1170,1170,1170,7000
2021-12-22 09:59:00,1170,1170,1170,1170,38200
2021-12-22 10:00:00,1165,1165,1165,1165,47900
2021-12-22 10:01:00,1165,1165,1165,1165,70300
2021-12-22 10:02:00,1160,1160,1160,1160,64100
2021-12-22 10:03:00,1160,1160,1160,1160,27100
2021-12-22 10:04:00,1160,1160,1160,1160,20000
2021-12-22 10:05:00,1160,1155,1160,1155,31400
2021-12-22 10:06:00,1155,1155,1160,1160,10700
2021-12-22 10:07:00,1160,1155,1160,1155,3900
2021-12-22 10:08:00,1155,1155,1160,1160,1600
2021-12-22 10:09:00,1155,1155,1165,1165,6800
2021-12-22 10:10:00,1165,1165,1165,1165,1300
2021-12-22 10:11:00,1165,1165,1165,1165,500
2021-12-22 10:12:00,1165,1165,1165,1165,400
2021-12-22 10:13:00,1165,1165,1165,1165,400
2021-12-22 10:14:00,1165,1165,1165,1165,0
2021-12-22 10:15:00,1165,1165,1165,1165,300
2021-12-22 10:16:00,1165,1165,1165,1165,2200
2021-12-22 10:17:00,1165,1165,1165,1165,0
2021-12-22 10:18:00,1165,1165,1165,1165,0
2021-12-22 10:19:00,1165,1165,1165,1165,200
2021-12-22 10:20:00,1165,1165,1165,1165,0
2021-12-22 10:21:00,1165,1165,1165,1165,0
2021-12-22 10:22:00,1165,1165,1165,1165,1000
2021-12-22 10:23:00,1165,1165,1165,1165,100
2021-12-22 10:24:00,1165,1165,1165,1165,300
2021-12-22 10:25:00,1165,1165,1170,1165,18600
2021-12-22 10:26:00,1165,1165,1170,1165,0
2021-12-22 10:27:00,1165,1165,1165,1165,1000
2021-12-22 10:28:00,1170,1170,1170,1170,100
2021-12-22 10:29:00,1170,1170,1170,1170,200
2021-12-22 10:30:00,1170,1170,1170,1170,0
2021-12-22 10:31:00,1165,1165,1165,1165,100
2021-12-22 10:32:00,1165,1165,1165,1165,2800
2021-12-22 10:33:00,1165,1165,1165,1165,0
2021-12-22 10:34:00,1165,1165,1165,1165,0
2021-12-22 10:35:00,1165,1165,1165,1165,0
2021-12-22 10:36:00,1165,1165,1165,1165,0
2021-12-22 10:37:00,1165,1165,1165,1165,0
2021-12-22 10:38:00,1160,1160,1160,1160,22400
2021-12-22 10:39:00,1160,1160,1160,1160,0
2021-12-22 10:40:00,1160,1160,1160,1160,0
2021-12-22 10:41:00,1160,1160,1160,1160,0
2021-12-22 10:42:00,1160,1160,1160,1160,1400
2021-12-22 10:43:00,1160,1160,1160,1160,0
2021-12-22 10:44:00,1160,1160,1160,1160,400
2021-12-22 10:45:00,1165,1160,1165,1160,1600
2021-12-22 10:46:00,1160,1155,1160,1155,6000
2021-12-22 10:47:00,1155,1155,1155,1155,13000
2021-12-22 10:48:00,1155,1155,1155,1155,1000
2021-12-22 10:49:00,1155,1155,1155,1155,7900
2021-12-22 10:50:00,1155,1155,1155,1155,6900
2021-12-22 10:51:00,1155,1155,1155,1155,50000
2021-12-22 10:52:00,1155,1155,1155,1155,2500
2021-12-22 10:53:00,1155,1155,1155,1155,700
2021-12-22 10:54:00,1155,1155,1155,1155,100
2021-12-22 10:55:00,1155,1155,1155,1155,90000
2021-12-22 10:56:00,1155,1155,1160,1160,40000
2021-12-22 10:57:00,1160,1160,1160,1160,4300
2021-12-22 10:58:00,1160,1160,1160,1160,0
2021-12-22 10:59:00,1160,1160,1160,1160,0
2021-12-22 11:00:00,1155,1155,1155,1155,36600
2021-12-22 11:01:00,1155,1155,1155,1155,1000
2021-12-22 11:02:00,1155,1155,1155,1155,1400
2021-12-22 11:03:00,1155,1150,1155,1150,48300
2021-12-22 11:04:00,1155,1150,1155,1150,0
2021-12-22 11:05:00,1155,1155,1155,1155,500
2021-12-22 11:06:00,1155,1155,1155,1155,0
2021-12-22 11:07:00,1155,1155,1155,1155,100
2021-12-22 11:08:00,1155,1155,1155,1155,2000
2021-12-22 11:09:00,1155,1155,1155,1155,0
2021-12-22 11:10:00,1155,1155,1155,1155,0
2021-12-22 11:11:00,1155,1155,1155,1155,0
2021-12-22 11:12:00,1160,1160,1160,1160,6400
2021-12-22 11:13:00,1160,1160,1160,1160,0
2021-12-22 11:14:00,1160,1160,1160,1160,0
2021-12-22 11:15:00,1160,1160,1160,1160,6500
2021-12-22 11:16:00,1160,1160,1160,1160,100
2021-12-22 11:17:00,1165,1165,1165,1165,5000
2021-12-22 11:18:00,1165,1165,1165,1165,0
2021-12-22 11:19:00,1165,1165,1165,1165,0
2021-12-22 11:20:00,1165,1165,1165,1165,0
2021-12-22 11:21:00,1165,1165,1165,1165,100
2021-12-22 11:22:00,1165,1165,1165,1165,0
2021-12-22 11:23:00,1160,1160,1160,1160,5000
2021-12-22 11:24:00,1160,1160,1160,1160,700
2021-12-22 11:25:00,1160,1160,1160,1160,4500
2021-12-22 11:26:00,1160,1160,1160,1160,0
2021-12-22 11:27:00,1160,1160,1160,1160,0
2021-12-22 11:28:00,1160,1160,1160,1160,0
2021-12-22 11:29:00,1160,1160,1160,1160,0
2021-12-22 11:30:00,1160,1160,1160,1160,0
2021-12-22 11:31:00,1160,1160,1160,1160,0
2021-12-22 11:32:00,1160,1160,1160,1160,0
2021-12-22 11:33:00,1160,1160,1160,1160,0
2021-12-22 11:34:00,1160,1160,1160,1160,0
2021-12-22 11:35:00,1160,1160,1160,1160,0
2021-12-22 11:36:00,1160,1160,1160,1160,0
2021-12-22 11:37:00,1160,1160,1160,1160,0
2021-12-22 11:38:00,1160,1160,1160,1160,0
2021-12-22 11:39:00,1160,1160,1160,1160,0
2021-12-22 11:40:00,1160,1160,1160,1160,0
2021-12-22 11:41:00,1160,1160,1160,1160,0
2021-12-22 11:42:00,1160,1160,1160,1160,0
2021-12-22 11:43:00,1160,1160,1160,1160,0
2021-12-22 11:44:00,1160,1160,1160,1160,0
2021-12-22 11:45:00,1160,1160,1160,1160,0
2021-12-22 11:46:00,1160,1160,1160,1160,0
2021-12-22 11:47:00,1160,1160,1160,1160,0
2021-12-22 11:48:00,1160,1160,1160,1160,0
2021-12-22 11:49:00,1160,1160,1160,1160,0
2021-12-22 11:50:00,1160,1160,1160,1160,0
2021-12-22 11:51:00,1160,1160,1160,1160,0
2021-12-22 11:52:00,1160,1160,1160,1160,0
2021-12-22 11:53:00,1160,1160,1160,1160,0
2021-12-22 11:54:00,1160,1160,1160,1160,0
2021-12-22 11:55:00,1160,1160,1160,1160,0
2021-12-22 11:56:00,1160,1160,1160,1160,0
2021-12-22 11:57:00,1160,1160,1160,1160,0
2021-12-22 11:58:00,1160,1160,1160,1160,0
2021-12-22 11:59:00,1160,1160,1160,1160,0
2021-12-22 12:00:00,1160,1160,1160,1160,0
2021-12-22 12:01:00,1160,1160,1160,1160,0
2021-12-22 12:02:00,1160,1160,1160,1160,0
2021-12-22 12:03:00,1160,1160,1160,1160,0
2021-12-22 12:04:00,1160,1160,1160,1160,0
2021-12-22 12:05:00,1160,1160,1160,1160,0
2021-12-22 12:06:00,1160,1160,1160,1160,0
2021-12-22 12:07:00,1160,1160,1160,1160,0
2021-12-22 12:08:00,1160,1160,1160,1160,0
2021-12-22 12:09:00,1160,1160,1160,1160,0
2021-12-22 12:10:00,1160,1160,1160,1160,0
2021-12-22 12:11:00,1160,1160,1160,1160,0
2021-12-22 12:12:00,1160,1160,1160,1160,0
2021-12-22 12:13:00,1160,1160,1160,1160,0
2021-12-22 12:14:00,1160,1160,1160,1160,0
2021-12-22 12:15:00,1160,1160,1160,1160,0
2021-12-22 12:16:00,1160,1160,1160,1160,0
2021-12-22 12:17:00,1160,1160,1160,1160,0
2021-12-22 12:18:00,1160,1160,1160,1160,0
2021-12-22 12:19:00,1160,1160,1160,1160,0
2021-12-22 12:20:00,1160,1160,1160,1160,0
2021-12-22 12:21:00,1160,1160,1160,1160,0
2021-12-22 12:22:00,1160,1160,1160,1160,0
2021-12-22 12:23:00,1160,1160,1160,1160,0
2021-12-22 12:24:00,1160,1160,1160,1160,0
2021-12-22 12:25:00,1160,1160,1160,1160,0
2021-12-22 12:26:00,1160,1160,1160,1160,0
2021-12-22 12:27:00,1160,1160,1160,1160,0
2021-12-22 12:28:00,1160,1160,1160,1160,0
2021-12-22 12:29:00,1160,1160,1160,1160,0
2021-12-22 12:30:00,1160,1160,1160,1160,0
2021-12-22 12:31:00,1160,1160,1160,1160,0
2021-12-22 12:32:00,1160,1160,1160,1160,0
2021-12-22 12:33:00,1160,1160,1160,1160,0
2021-12-22 12:34:00,1160,1160,1160,1160,0
2021-12-22 12:35:00,1160,1160,1160,1160,0
2021-12-22 12:36:00,1160,1160,1160,1160,0
2021-12-22 12:37:00,1160,1160,1160,1160,0
2021-12-22 12:38:00,1160,1160,1160,1160,0
2021-12-22 12:39:00,1160,1160,1160,1160,0
2021-12-22 12:40:00,1160,1160,1160,1160,0
2021-12-22 12:41:00,1160,1160,1160,1160,0
2021-12-22 12:42:00,1160,1160,1160,1160,0
2021-12-22 12:43:00,1160,1160,1160,1160,0
2021-12-22 12:44:00,1160,1160,1160,1160,0
2021-12-22 12:45:00,1160,1160,1160,1160,0
2021-12-22 12:46:00,1160,1160,1160,1160,0
2021-12-22 12:47:00,1160,1160,1160,1160,0
2021-12-22 12:48:00,1160,1160,1160,1160,0
2021-12-22 12:49:00,1160,1160,1160,1160,0
2021-12-22 12:50:00,1160,1160,1160,1160,0
2021-12-22 12:51:00,1160,1160,1160,1160,0
2021-12-22 12:52:00,1160,1160,1160,1160,0
2021-12-22 12:53:00,1160,1160,1160,1160,0
2021-12-22 12:54:00,1160,1160,1160,1160,0
2021-12-22 12:55:00,1160,1160,1160,1160,0
2021-12-22 12:56:00,1160,1160,1160,1160,0
2021-12-22 12:57:00,1160,1160,1160,1160,0
2021-12-22 12:58:00,1160,1160,1160,1160,0
2021-12-22 12:59:00,1160,1160,1160,1160,0
2021-12-22 13:00:00,1160,1160,1160,1160,0
2021-12-22 13:01:00,1160,1160,1160,1160,0
2021-12-22 13:02:00,1160,1160,1160,1160,0
2021-12-22 13:03:00,1160,1160,1160,1160,0
2021-12-22 13:04:00,1160,1160,1160,1160,0
2021-12-22 13:05:00,1160,1160,1160,1160,0
2021-12-22 13:06:00,1160,1160,1160,1160,0
2021-12-22 13:07:00,1160,1160,1160,1160,0
2021-12-22 13:08:00,1160,1160,1160,1160,0
2021-12-22 13:09:00,1160,1160,1160,1160,0
2021-12-22 13:10:00,1160,1160,1160,1160,0
2021-12-22 13:11:00,1160,1160,1160,1160,0
2021-12-22 13:12:00,1160,1160,1160,1160,0
2021-12-22 13:13:00,1160,1160,1160,1160,0
2021-12-22 13:14:00,1160,1160,1160,1160,0
2021-12-22 13:15:00,1160,1160,1160,1160,0
2021-12-22 13:16:00,1160,1160,1160,1160,0
2021-12-22 13:17:00,1160,1160,1160,1160,0
2021-12-22 13:18:00,1160,1160,1160,1160,0
2021-12-22 13:19:00,1160,1160,1160,1160,0
2021-12-22 13:20:00,1160,1160,1160,1160,0
2021-12-22 13:21:00,1160,1160,1160,1160,0
2021-12-22 13:22:00,1160,1160,1160,1160,0
2021-12-22 13:23:00,1160,1160,1160,1160,0
2021-12-22 13:24:00,1160,1160,1160,1160,0
2021-12-22 13:25:00,1160,1160,1160,1160,0
2021-12-22 13:26:00,1160,1160,1160,1160,0
2021-12-22 13:27:00,1160,1160,1160,1160,0
2021-12-22 13:28:00,1160,1160,1160,1160,0
2021-12-22 13:29:00,1160,1160,1160,1160,0
2021-12-22 13:30:00,1160,1160,1160,1160,22300
2021-12-22 13:31:00,1155,1155,1160,1160,30000
2021-12-22 13:32:00,1160,1160,1160,1160,200
2021-12-22 13:33:00,1160,1160,1160,1160,16800
2021-12-22 13:34:00,1160,1155,1160,1155,98800
2021-12-22 13:35:00,1155,1155,1155,1155,200
2021-12-22 13:36:00,1155,1155,1155,1155,1300
2021-12-22 13:37:00,1155,1155,1155,1155,200
2021-12-22 13:38:00,1155,1155,1155,1155,5000
2021-12-22 13:39:00,1155,1155,1155,1155,1000
2021-12-22 13:40:00,1155,1155,1155,1155,0
2021-12-22 13:41:00,1155,1155,1155,1155,0
2021-12-22 13:42:00,1160,1160,1160,1160,100
2021-12-22 13:43:00,1160,1160,1160,1160,3000
2021-12-22 13:44:00,1160,1160,1160,1160,0
2021-12-22 13:45:00,1160,1160,1160,1160,900
2021-12-22 13:46:00,1160,1160,1160,1160,0
2021-12-22 13:47:00,1160,1160,1160,1160,0
2021-12-22 13:48:00,1160,1155,1160,1155,33500
2021-12-22 13:49:00,1160,1155,1160,1155,0
2021-12-22 13:50:00,1160,1155,1160,1155,0
2021-12-22 13:51:00,1160,1155,1160,1155,0
2021-12-22 13:52:00,1160,1155,1160,1155,0
2021-12-22 13:53:00,1165,1155,1165,1155,65500
2021-12-22 13:54:00,1155,1155,1160,1160,1100
2021-12-22 13:55:00,1160,1160,1160,1160,200
2021-12-22 13:56:00,1160,1160,1160,1160,0
2021-12-22 13:57:00,1155,1155,1155,1155,1600
2021-12-22 13:58:00,1155,1155,1155,1155,2400
2021-12-22 13:59:00,1155,1155,1155,1155,100
2021-12-22 14:00:00,1160,1160,1160,1160,100
2021-12-22 14:01:00,1160,1155,1160,1155,4600
2021-12-22 14:02:00,1155,1155,1155,1155,41400
2021-12-22 14:03:00,1155,1155,1155,1155,21400
2021-12-22 14:04:00,1155,1155,1155,1155,800
2021-12-22 14:05:00,1155,1155,1155,1155,27100
2021-12-22 14:06:00,1155,1155,1155,1155,2600
2021-12-22 14:07:00,1155,1155,1155,1155,0
2021-12-22 14:08:00,1155,1155,1155,1155,17900
2021-12-22 14:09:00,1150,1150,1150,1150,10000
2021-12-22 14:10:00,1155,1155,1155,1155,31200
2021-12-22 14:11:00,1160,1160,1160,1160,11000
2021-12-22 14:12:00,1160,1160,1160,1160,0
2021-12-22 14:13:00,1155,1155,1155,1155,33000
2021-12-22 14:14:00,1155,1155,1160,1160,21400
2021-12-22 14:15:00,1155,1155,1160,1160,0
2021-12-22 14:16:00,1155,1155,1160,1160,0
2021-12-22 14:17:00,1155,1155,1160,1160,0
2021-12-22 14:18:00,1155,1155,1155,1155,200
2021-12-22 14:19:00,1155,1155,1155,1155,8000
2021-12-22 14:20:00,1155,1155,1155,1155,7500
2021-12-22 14:21:00,1155,1155,1155,1155,5200
2021-12-22 14:22:00,1155,1155,1155,1155,15000
2021-12-22 14:23:00,1155,1155,1160,1155,18000
2021-12-22 14:24:00,1150,1150,1150,1150,100
2021-12-22 14:25:00,1150,1150,1155,1155,11400
2021-12-22 14:26:00,1155,1155,1155,1155,100
2021-12-22 14:27:00,1155,1155,1155,1155,0
2021-12-22 14:28:00,1155,1155,1155,1155,10000
2021-12-22 14:29:00,1155,1155,1155,1155,20000
2021-12-22 14:30:00,1155,1155,1155,1155,5100
2021-12-22 14:31:00,1150,1150,1150,1150,25000
2021-12-22 14:32:00,1150,1150,1150,1150,37600
2021-12-22 14:33:00,1150,1150,1150,1150,10700
2021-12-22 14:34:00,1155,1155,1155,1155,10000
2021-12-22 14:35:00,1155,1155,1155,1155,200
2021-12-22 14:36:00,1150,1150,1150,1150,500
2021-12-22 14:37:00,1150,1150,1150,1150,5000
2021-12-22 14:38:00,1150,1150,1150,1150,100
2021-12-22 14:39:00,1150,1150,1155,1155,2500
2021-12-22 14:40:00,1155,1155,1155,1155,19000
2021-12-22 14:41:00,1150,1150,1155,1155,25100
2021-12-22 14:42:00,1155,1150,1155,1150,1200
2021-12-22 14:43:00,1150,1150,1150,1150,1300
2021-12-22 14:44:00,1150,1150,1150,1150,11600
2021-12-22 14:45:00,1150,1150,1150,1150,7000
2021-12-22 14:46:00,1150,1150,1155,1155,8000
2021-12-22 14:47:00,1155,1150,1155,1150,48400
2021-12-22 14:48:00,1150,1150,1150,1150,65600
2021-12-22 14:49:00,1150,1145,1150,1150,17300
2021-12-22 14:50:00,1150,1145,1150,1150,0
2021-12-22 14:51:00,1150,1145,1150,1150,0
2021-12-22 14:52:00,1150,1145,1150,1150,0
2021-12-22 14:53:00,1150,1145,1150,1150,0
2021-12-22 14:54:00,1150,1145,1150,1150,0
2021-12-22 14:55:00,1150,1145,1150,1150,0
2021-12-22 14:56:00,1150,1145,1150,1150,0
2021-12-22 14:57:00,1150,1145,1150,1150,0
2021-12-22 14:58:00,1150,1145,1150,1150,0
2021-12-22 14:59:00,1150,1145,1150,1150,0
2021-12-22 15:00:00,1140,1140,1140,1140,161900
2021-12-22 15:01:00,1140,1140,1140,1140,37400
2021-12-22 15:02:00,1140,1140,1140,1140,35000
2021-12-22 15:03:00,1140,1140,1140,1140,1800
2021-12-22 15:04:00,1140,1140,1140,1140,200
2021-12-22 15:05:00,1140,1140,1140,1140,49900
2021-12-22 15:06:00,1140,1140,1140,1140,36800
2021-12-22 15:07:00,1140,1140,1140,1140,1000
2021-12-22 15:08:00,1140,1140,1140,1140,5600
2021-12-22 15:09:00,1140,1140,1140,1140,500
2021-12-22 15:10:00,1140,1140,1140,1140,2400
2021-12-22 15:11:00,1140,1140,1140,1140,2000
2021-12-22 15:12:00,1140,1140,1140,1140,200
2021-12-22 15:13:00,1140,1140,1140,1140,0
2021-12-22 15:14:00,1140,1140,1140,1140,0
2021-12-22 15:15:00,1140,1140,1140,1140,0
2021-12-22 15:16:00,1140,1140,1140,1140,0
2021-12-22 15:17:00,1140,1140,1140,1140,0
2021-12-22 15:18:00,1140,1140,1140,1140,0
2021-12-22 15:19:00,1140,1140,1140,1140,0
2021-12-22 15:20:00,1140,1140,1140,1140,0
2021-12-22 15:21:00,1140,1140,1140,1140,0
2021-12-22 15:22:00,1140,1140,1140,1140,0
2021-12-22 15:23:00,1140,1140,1140,1140,0
2021-12-22 15:24:00,1140,1140,1140,1140,0
2021-12-22 15:25:00,1140,1140,1140,1140,0
2021-12-22 15:26:00,1140,1140,1140,1140,0
2021-12-22 15:27:00,1140,1140,1140,1140,0
2021-12-22 15:28:00,1140,1140,1140,1140,0
2021-12-22 15:29:00,1140,1140,1140,1140,0
2021-12-22 15:30:00,1140,1140,1140,1140,0
2021-12-22 15:31:00,1140,1140,1140,1140,0
2021-12-22 15:32:00,1140,1140,1140,1140,0
2021-12-22 15:33:00,1140,1140,1140,1140,0
2021-12-22 15:34:00,1140,1140,1140,1140,0
2021-12-22 15:35:00,1140,1140,1140,1140,0
2021-12-22 15:36:00,1140,1140,1140,1140,0
2021-12-22 15:37:00,1140,1140,1140,1140,0
2021-12-22 15:38:00,1140,1140,1140,1140,0
2021-12-22 15:39:00,1140,1140,1140,1140,0
2021-12-22 15:40:00,1140,1140,1140,1140,0
2021-12-22 15:41:00,1140,1140,1140,1140,0
2021-12-22 15:42:00,1140,1140,1140,1140,0
2021-12-22 15:43:00,1140,1140,1140,1140,0
2021-12-22 15:44:00,1140,1140,1140,1140,0
2021-12-22 15:45:00,1140,1140,1140,1140,0
2021-12-22 15:46:00,1140,1140,1140,1140,0
2021-12-22 15:47:00,1140,1140,1140,1140,0
2021-12-22 15:48:00,1140,1140,1140,1140,0
2021-12-22 15:49:00,1140,1140,1140,1140,0
2021-12-22 15:50:00,1140,1140,1140,1140,0
2021-12-22 15:51:00,1140,1140,1140,1140,0
2021-12-22 15:52:00,1140,1140,1140,1140,0
2021-12-22 15:53:00,1140,1140,1140,1140,0
2021-12-22 15:54:00,1140,1140,1140,1140,0
2021-12-22 15:55:00,1140,1140,1140,1140,0
2021-12-22 15:56:00,1140,1140,1140,1140,0
2021-12-22 15:57:00,1140,1140,1140,1140,0
2021-12-22 15:58:00,1140,1140,1140,1140,0
2021-12-22 15:59:00,1140,1140,1140,1140,0
2021-12-23 09:00:00,1145,1140,1145,1140,0
2021-12-23 09:01:00,1145,1145,1145,1145,1700
2021-12-23 09:02:00,1140,1140,1140,1140,11600
2021-12-23 09:03:00,1130,1115,1130,1115,76100
2021-12-23 09:04:00,1115,1110,1120,1120,74400
2021-12-23 09:05:00,1120,1115,1120,1115,37000
2021-12-23 09:06:00,1120,1110,1120,1110,29200
2021-12-23 09:07:00,1110,1105,1110,1110,20000
2021-12-23 09:08:00,1110,1110,1115,1110,63000
2021-12-23 09:09:00,1115,1110,1115,1110,70900
2021-12-23 09:10:00,1110,1105,1110,1105,104800
2021-12-23 09:11:00,1105,1105,1110,1110,12300
2021-12-23 09:12:00,1115,1115,1130,1130,45700
2021-12-23 09:13:00,1130,1125,1130,1125,43100
2021-12-23 09:14:00,1125,1125,1130,1125,29800
2021-12-23 09:15:00,1125,1125,1125,1125,600
2021-12-23 09:16:00,1120,1120,1120,1120,200
2021-12-23 09:17:00,1125,1125,1125,1125,5100
2021-12-23 09:18:00,1120,1120,1120,1120,100
2021-12-23 09:19:00,1120,1120,1120,1120,100
2021-12-23 09:20:00,1120,1120,1120,1120,20800
2021-12-23 09:21:00,1125,1125,1125,1125,600
2021-12-23 09:22:00,1125,1125,1125,1125,6900
2021-12-23 09:23:00,1125,1125,1125,1125,2600
2021-12-23 09:24:00,1120,1120,1120,1120,10900
2021-12-23 09:25:00,1120,1115,1120,1115,17800
2021-12-23 09:26:00,1120,1120,1120,1120,100
2021-12-23 09:27:00,1120,1120,1120,1120,9700
2021-12-23 09:28:00,1120,1120,1120,1120,15000
2021-12-23 09:29:00,1120,1115,1120,1115,20200
2021-12-23 09:30:00,1110,1110,1110,1110,24400
2021-12-23 09:31:00,1110,1110,1110,1110,3800
2021-12-23 09:32:00,1110,1110,1110,1110,2000
2021-12-23 09:33:00,1120,1120,1125,1125,9600
2021-12-23 09:34:00,1125,1125,1135,1135,15300
2021-12-23 09:35:00,1135,1135,1135,1135,41400
2021-12-23 09:36:00,1140,1140,1140,1140,31500
2021-12-23 09:37:00,1140,1140,1150,1150,35000
2021-12-23 09:38:00,1150,1145,1160,1160,46500
2021-12-23 09:39:00,1160,1150,1160,1155,34300
2021-12-23 09:40:00,1155,1155,1155,1155,6400
2021-12-23 09:41:00,1155,1150,1155,1150,43300
2021-12-23 09:42:00,1145,1135,1145,1135,35800
2021-12-23 09:43:00,1130,1125,1130,1130,16600
2021-12-23 09:44:00,1130,1125,1130,1130,0
2021-12-23 09:45:00,1135,1135,1135,1135,12500
2021-12-23 09:46:00,1135,1135,1155,1155,6800
2021-12-23 09:47:00,1155,1155,1160,1155,23200
2021-12-23 09:48:00,1155,1155,1155,1155,4000
2021-12-23 09:49:00,1160,1160,1160,1160,28100
2021-12-23 09:50:00,1160,1160,1160,1160,11300
2021-12-23 09:51:00,1165,1155,1165,1155,36600
2021-12-23 09:52:00,1155,1155,1155,1155,300
2021-12-23 09:53:00,1155,1150,1155,1150,3400
2021-12-23 09:54:00,1150,1150,1150,1150,1900
2021-12-23 09:55:00,1150,1150,1150,1150,5000
2021-12-23 09:56:00,1145,1135,1145,1135,9900
2021-12-23 09:57:00,1135,1135,1140,1140,300
2021-12-23 09:58:00,1140,1140,1140,1140,23500
2021-12-23 09:59:00,1140,1140,1140,1140,0
2021-12-23 10:00:00,1140,1140,1140,1140,0
2021-12-23 10:01:00,1140,1135,1155,1135,242100
2021-12-23 10:02:00,1140,1130,1140,1140,77700
2021-12-23 10:03:00,1140,1130,1145,1130,240400
2021-12-23 10:04:00,1130,1125,1130,1125,2100
2021-12-23 10:05:00,1125,1120,1125,1120,47300
2021-12-23 10:06:00,1120,1115,1120,1115,26900
2021-12-23 10:07:00,1120,1120,1120,1120,45700
2021-12-23 10:08:00,1120,1120,1120,1120,0
2021-12-23 10:09:00,1120,1120,1135,1135,1500
2021-12-23 10:10:00,1135,1135,1135,1135,200
2021-12-23 10:11:00,1135,1135,1135,1135,5000
2021-12-23 10:12:00,1120,1120,1120,1120,23300
2021-12-23 10:13:00,1120,1120,1120,1120,800
2021-12-23 10:14:00,1120,1120,1120,1120,63000
2021-12-23 10:15:00,1120,1120,1120,1120,10100
2021-12-23 10:16:00,1120,1120,1120,1120,0
2021-12-23 10:17:00,1120,1120,1120,1120,0
2021-12-23 10:18:00,1120,1120,1120,1120,1900
2021-12-23 10:19:00,1135,1135,1135,1135,100
2021-12-23 10:20:00,1135,1135,1135,1135,0
2021-12-23 10:21:00,1135,1135,1135,1135,0
2021-12-23 10:22:00,1135,1135,1135,1135,0
2021-12-23 10:23:00,1135,1135,1135,1135,0
2021-12-23 10:24:00,1135,1135,1135,1135,0
2021-12-23 10:25:00,1135,1135,1135,1135,0
2021-12-23 10:26:00,1135,1135,1135,1135,0
2021-12-23 10:27:00,1135,1135,1135,1135,0
2021-12-23 10:28:00,1135,1135,1135,1135,0
2021-12-23 10:29:00,1135,1135,1135,1135,0
2021-12-23 10:30:00,1135,1135,1135,1135,0
2021-12-23 10:31:00,1125,1115,1125,1115,20100
2021-12-23 10:32:00,1115,1115,1115,1115,3500
2021-12-23 10:33:00,1115,1115,1115,1115,7300
2021-12-23 10:34:00,1115,1115,1115,1115,2100
2021-12-23 10:35:00,1115,1115,1115,1115,3100
2021-12-23 10:36:00,1115,1115,1115,1115,0
2021-12-23 10:37:00,1115,1115,1115,1115,700
2021-12-23 10:38:00,1115,1115,1115,1115,0
2021-12-23 10:39:00,1115,1115,1115,1115,0
2021-12-23 10:40:00,1120,1120,1120,1120,500
2021-12-23 10:41:00,1120,1120,1120,1120,2000
2021-12-23 10:42:00,1120,1120,1120,1120,0
2021-12-23 10:43:00,1120,1120,1120,1120,0
2021-12-23 10:44:00,1120,1120,1120,1120,8000
2021-12-23 10:45:00,1120,1120,1120,1120,0
2021-12-23 10:46:00,1120,1120,1120,1120,0
2021-12-23 10:47:00,1120,1120,1120,1120,0
2021-12-23 10:48:00,1120,1120,1120,1120,2500
2021-12-23 10:49:00,1120,1120,1120,1120,2500
2021-12-23 10:50:00,1120,1120,1120,1120,3500
2021-12-23 10:51:00,1120,1120,1120,1120,2000
2021-12-23 10:52:00,1120,1120,1120,1120,0
2021-12-23 10:53:00,1120,1120,1120,1120,0
2021-12-23 10:54:00,1120,1120,1120,1120,5300
2021-12-23 10:55:00,1125,1125,1125,1125,100
2021-12-23 10:56:00,1125,1125,1125,1125,0
2021-12-23 10:57:00,1115,1115,1115,1115,100
2021-12-23 10:58:00,1115,1115,1115,1115,0
2021-12-23 10:59:00,1115,1115,1115,1115,600
2021-12-23 11:00:00,1115,1115,1120,1120,28900
2021-12-23 11:01:00,1120,1120,1120,1120,400
2021-12-23 11:02:00,1120,1120,1120,1120,200
2021-12-23 11:03:00,1115,1115,1115,1115,300
2021-12-23 11:04:00,1115,1115,1115,1115,0
2021-12-23 11:05:00,1115,1115,1115,1115,0
2021-12-23 11:06:00,1115,1115,1115,1115,0
2021-12-23 11:07:00,1115,1115,1115,1115,4500
2021-12-23 11:08:00,1115,1110,1115,1110,11500
2021-12-23 11:09:00,1110,1110,1115,1115,13800
2021-12-23 11:10:00,1115,1115,1115,1115,1000
2021-12-23 11:11:00,1115,1115,1115,1115,0
2021-12-23 11:12:00,1115,1115,1115,1115,500
2021-12-23 11:13:00,1115,1115,1120,1120,4000
2021-12-23 11:14:00,1115,1115,1120,1120,0
2021-12-23 11:15:00,1115,1115,1120,1120,0
2021-12-23 11:16:00,1115,1115,1120,1120,0
2021-12-23 11:17:00,1115,1115,1120,1120,0
2021-12-23 11:18:00,1115,1115,1120,1120,0
2021-12-23 11:19:00,1120,1120,1120,1120,14000
2021-12-23 11:20:00,1120,1110,1120,1110,1300
2021-12-23 11:21:00,1120,1110,1120,1110,0
2021-12-23 11:22:00,1120,1110,1120,1110,0
2021-12-23 11:23:00,1115,1115,1115,1115,1000
2021-12-23 11:24:00,1115,1115,1115,1115,43800
2021-12-23 11:25:00,1115,1115,1115,1115,0
2021-12-23 11:26:00,1115,1115,1115,1115,0
2021-12-23 11:27:00,1115,1115,1115,1115,0
2021-12-23 11:28:00,1110,1110,1110,1110,500
2021-12-23 11:29:00,1110,1110,1110,1110,3000
2021-12-23 11:30:00,1110,1110,1110,1110,0
2021-12-23 11:31:00,1110,1110,1110,1110,0
2021-12-23 11:32:00,1110,1110,1110,1110,0
2021-12-23 11:33:00,1110,1110,1110,1110,0
2021-12-23 11:34:00,1110,1110,1110,1110,0
2021-12-23 11:35:00,1110,1110,1110,1110,0
2021-12-23 11:36:00,1110,1110,1110,1110,0
2021-12-23 11:37:00,1110,1110,1110,1110,0
2021-12-23 11:38:00,1110,1110,1110,1110,0
2021-12-23 11:39:00,1110,1110,1110,1110,0
2021-12-23 11:40:00,1110,1110,1110,1110,0
2021-12-23 11:41:00,1110,1110,1110,1110,0
2021-12-23 11:42:00,1110,1110,1110,1110,0
2021-12-23 11:43:00,1110,1110,1110,1110,0
2021-12-23 11:44:00,1110,1110,1110,1110,0
2021-12-23 11:45:00,1110,1110,1110,1110,0
2021-12-23 11:46:00,1110,1110,1110,1110,0
2021-12-23 11:47:00,1110,1110,1110,1110,0
2021-12-23 11:48:00,1110,1110,1110,1110,0
2021-12-23 11:49:00,1110,1110,1110,1110,0
2021-12-23 11:50:00,1110,1110,1110,1110,0
2021-12-23 11:51:00,1110,1110,1110,1110,0
2021-12-23 11:52:00,1110,1110,1110,1110,0
2021-12-23 11:53:00,1110,1110,1110,1110,0
2021-12-23 11:54:00,1110,1110,1110,1110,0
2021-12-23 11:55:00,1110,1110,1110,1110,0
2021-12-23 11:56:00,1110,1110,1110,1110,0
2021-12-23 11:57:00,1110,1110,1110,1110,0
2021-12-23 11:58:00,1110,1110,1110,1110,0
2021-12-23 11:59:00,1110,1110,1110,1110,0
2021-12-23 12:00:00,1110,1110,1110,1110,0
2021-12-23 12:01:00,1110,1110,1110,1110,0
2021-12-23 12:02:00,1110,1110,1110,1110,0
2021-12-23 12:03:00,1110,1110,1110,1110,0
2021-12-23 12:04:00,1110,1110,1110,1110,0
2021-12-23 12:05:00,1110,1110,1110,1110,0
2021-12-23 12:06:00,1110,1110,1110,1110,0
2021-12-23 12:07:00,1110,1110,1110,1110,0
2021-12-23 12:08:00,1110,1110,1110,1110,0
2021-12-23 12:09:00,1110,1110,1110,1110,0
2021-12-23 12:10:00,1110,1110,1110,1110,0
2021-12-23 12:11:00,1110,1110,1110,1110,0
2021-12-23 12:12:00,1110,1110,1110,1110,0
2021-12-23 12:13:00,1110,1110,1110,1110,0
2021-12-23 12:14:00,1110,1110,1110,1110,0
2021-12-23 12:15:00,1110,1110,1110,1110,0
2021-12-23 12:16:00,1110,1110,1110,1110,0
2021-12-23 12:17:00,1110,1110,1110,1110,0
2021-12-23 12:18:00,1110,1110,1110,1110,0
2021-12-23 12:19:00,1110,1110,1110,1110,0
2021-12-23 12:20:00,1110,1110,1110,1110,0
2021-12-23 12:21:00,1110,1110,1110,1110,0
2021-12-23 12:22:00,1110,1110,1110,1110,0
2021-12-23 12:23:00,1110,1110,1110,1110,0
2021-12-23 12:24:00,1110,1110,1110,1110,0
2021-12-23 12:25:00,1110,1110,1110,1110,0
2021-12-23 12:26:00,1110,1110,1110,1110,0
2021-12-23 12:27:00,1110,1110,1110,1110,0
2021-12-23 12:28:00,1110,1110,1110,1110,0
2021-12-23 12:29:00,1110,1110,1110,1110,0
2021-12-23 12:30:00,1110,1110,1110,1110,0
2021-12-23 12:31:00,1110,1110,1110,1110,0
2021-12-23 12:32:00,1110,1110,1110,1110,0
2021-12-23 12:33:00,1110,1110,1110,1110,0
2021-12-23 12:34:00,1110,1110,1110,1110,0
2021-12-23 12:35:00,1110,1110,1110,1110,0
2021-12-23 12:36:00,1110,1110,1110,1110,0
2021-12-23 12:37:00,1110,1110,1110,1110,0
2021-12-23 12:38:00,1110,1110,1110,1110,0
2021-12-23 12:39:00,1110,1110,1110,1110,0
2021-12-23 12:40:00,1110,1110,1110,1110,0
2021-12-23 12:41:00,1110,1110,1110,1110,0
2021-12-23 12:42:00,1110,1110,1110,1110,0
2021-12-23 12:43:00,1110,1110,1110,1110,0
2021-12-23 12:44:00,1110,1110,1110,1110,0
2021-12-23 12:45:00,1110,1110,1110,1110,0
2021-12-23 12:46:00,1110,1110,1110,1110,0
2021-12-23 12:47:00,1110,1110,1110,1110,0
2021-12-23 12:48:00,1110,1110,1110,1110,0
2021-12-23 12:49:00,1110,1110,1110,1110,0
2021-12-23 12:50:00,1110,1110,1110,1110,0
2021-12-23 12:51:00,1110,1110,1110,1110,0
2021-12-23 12:52:00,1110,1110,1110,1110,0
2021-12-23 12:53:00,1110,1110,1110,1110,0
2021-12-23 12:54:00,1110,1110,1110,1110,0
2021-12-23 12:55:00,1110,1110,1110,1110,0
2021-12-23 12:56:00,1110,1110,1110,1110,0
2021-12-23 12:57:00,1110,1110,1110,1110,0
2021-12-23 12:58:00,1110,1110,1110,1110,0
2021-12-23 12:59:00,1110,1110,1110,1110,0
2021-12-23 13:00:00,1110,1110,1110,1110,0
2021-12-23 13:01:00,1110,1110,1110,1110,0
2021-12-23 13:02:00,1110,1110,1110,1110,0
2021-12-23 13:03:00,1110,1110,1110,1110,0
2021-12-23 13:04:00,1110,1110,1110,1110,0
2021-12-23 13:05:00,1110,1110,1110,1110,0
2021-12-23 13:06:00,1110,1110,1110,1110,0
2021-12-23 13:07:00,1110,1110,1110,1110,0
2021-12-23 13:08:00,1110,1110,1110,1110,0
2021-12-23 13:09:00,1110,1110,1110,1110,0
2021-12-23 13:10:00,1110,1110,1110,1110,0
2021-12-23 13:11:00,1110,1110,1110,1110,0
2021-12-23 13:12:00,1110,1110,1110,1110,0
2021-12-23 13:13:00,1110,1110,1110,1110,0
2021-12-23 13:14:00,1110,1110,1110,1110,0
2021-12-23 13:15:00,1110,1110,1110,1110,0
2021-12-23 13:16:00,1110,1110,1110,1110,0
2021-12-23 13:17:00,1110,1110,1110,1110,0
2021-12-23 13:18:00,1110,1110,1110,1110,0
2021-12-23 13:19:00,1110,1110,1110,1110,0
2021-12-23 13:20:00,1110,1110,1110,1110,0
2021-12-23 13:21:00,1110,1110,1110,1110,0
2021-12-23 13:22:00,1110,1110,1110,1110,0
2021-12-23 13:23:00,1110,1110,1110,1110,0
2021-12-23 13:24:00,1110,1110,1110,1110,0
2021-12-23 13:25:00,1110,1110,1110,1110,0
2021-12-23 13:26:00,1110,1110,1110,1110,0
2021-12-23 13:27:00,1110,1110,1110,1110,0
2021-12-23 13:28:00,1110,1110,1110,1110,0
2021-12-23 13:29:00,1110,1110,1110,1110,0
2021-12-23 13:30:00,1115,1110,1115,1115,25300
2021-12-23 13:31:00,1115,1110,1115,1115,0
2021-12-23 13:32:00,1115,1115,1130,1130,7400
2021-12-23 13:33:00,1130,1130,1130,1130,500
2021-12-23 13:34:00,1115,1115,1115,1115,4600
2021-12-23 13:35:00,1115,1115,1115,1115,400
2021-12-23 13:36:00,1115,1115,1115,1115,1000
2021-12-23 13:37:00,1115,1115,1115,1115,0
2021-12-23 13:38:00,1115,1115,1115,1115,100
2021-12-23 13:39:00,1115,1115,1115,1115,0
2021-12-23 13:40:00,1115,1115,1115,1115,0
2021-12-23 13:41:00,1115,1115,1115,1115,2000
2021-12-23 13:42:00,1115,1115,1115,1115,500
2021-12-23 13:43:00,1115,1115,1115,1115,300
2021-12-23 13:44:00,1115,1110,1115,1110,11200
2021-12-23 13:45:00,1110,1110,1110,1110,4600
2021-12-23 13:46:00,1110,1110,1110,1110,500
2021-12-23 13:47:00,1110,1110,1110,1110,0
2021-12-23 13:48:00,1110,1110,1110,1110,0
2021-12-23 13:49:00,1110,1110,1110,1110,100
2021-12-23 13:50:00,1110,1110,1110,1110,100
2021-12-23 13:51:00,1110,1110,1110,1110,400
2021-12-23 13:52:00,1110,1110,1110,1110,0
2021-12-23 13:53:00,1115,1115,1115,1115,5200
2021-12-23 13:54:00,1115,1115,1125,1125,26600
2021-12-23 13:55:00,1115,1115,1125,1125,0
2021-12-23 13:56:00,1115,1115,1125,1125,0
2021-12-23 13:57:00,1125,1125,1125,1125,10000
2021-12-23 13:58:00,1125,1125,1125,1125,0
2021-12-23 13:59:00,1125,1125,1125,1125,0
2021-12-23 14:00:00,1125,1125,1125,1125,0
2021-12-23 14:01:00,1125,1125,1125,1125,0
2021-12-23 14:02:00,1115,1115,1115,1115,1100
2021-12-23 14:03:00,1115,1115,1115,1115,0
2021-12-23 14:04:00,1125,1125,1125,1125,100
2021-12-23 14:05:00,1120,1120,1120,1120,200
2021-12-23 14:06:00,1120,1120,1120,1120,400
2021-12-23 14:07:00,1120,1120,1120,1120,200
2021-12-23 14:08:00,1115,1115,1115,1115,40000
2021-12-23 14:09:00,1115,1115,1115,1115,0
2021-12-23 14:10:00,1115,1115,1115,1115,0
2021-12-23 14:11:00,1115,1115,1115,1115,0
2021-12-23 14:12:00,1115,1115,1115,1115,0
2021-12-23 14:13:00,1115,1115,1115,1115,0
2021-12-23 14:14:00,1115,1115,1115,1115,0
2021-12-23 14:15:00,1120,1115,1120,1115,800
2021-12-23 14:16:00,1120,1120,1120,1120,800
2021-12-23 14:17:00,1115,1115,1115,1115,1000
2021-12-23 14:18:00,1115,1115,1115,1115,0
2021-12-23 14:19:00,1115,1115,1115,1115,0
2021-12-23 14:20:00,1115,1115,1115,1115,0
2021-12-23 14:21:00,1115,1115,1115,1115,0
2021-12-23 14:22:00,1115,1115,1115,1115,0
2021-12-23 14:23:00,1115,1115,1115,1115,1000
2021-12-23 14:24:00,1115,1115,1115,1115,2600
2021-12-23 14:25:00,1115,1115,1115,1115,0
2021-12-23 14:26:00,1115,1115,1115,1115,0
2021-12-23 14:27:00,1115,1110,1115,1110,139300
2021-12-23 14:28:00,1110,1110,1110,1110,500
2021-12-23 14:29:00,1110,1110,1110,1110,400
2021-12-23 14:30:00,1110,1110,1110,1110,1000
2021-12-23 14:31:00,1110,1110,1110,1110,1000
2021-12-23 14:32:00,1110,1110,1110,1110,0
2021-12-23 14:33:00,1110,1110,1110,1110,2100
2021-12-23 14:34:00,1110,1110,1110,1110,0
2021-12-23 14:35:00,1110,1110,1110,1110,0
2021-12-23 14:36:00,1110,1110,1110,1110,0
2021-12-23 14:37:00,1110,1110,1110,1110,13200
2021-12-23 14:38:00,1110,1110,1115,1115,20300
2021-12-23 14:39:00,1120,1120,1120,1120,300
2021-12-23 14:40:00,1120,1120,1120,1120,0
2021-12-23 14:41:00,1120,1120,1120,1120,0
2021-12-23 14:42:00,1120,1120,1120,1120,0
2021-12-23 14:43:00,1120,1120,1120,1120,200
2021-12-23 14:44:00,1120,1120,1120,1120,0
2021-12-23 14:45:00,1115,1115,1115,1115,22600
2021-12-23 14:46:00,1115,1115,1115,1115,100
2021-12-23 14:47:00,1115,1115,1115,1115,700
2021-12-23 14:48:00,1115,1115,1115,1115,10100
2021-12-23 14:49:00,1115,1115,1115,1115,20100
2021-12-23 14:50:00,1115,1115,1115,1115,0
2021-12-23 14:51:00,1115,1115,1115,1115,0
2021-12-23 14:52:00,1115,1115,1115,1115,0
2021-12-23 14:53:00,1115,1115,1115,1115,0
2021-12-23 14:54:00,1115,1115,1115,1115,0
2021-12-23 14:55:00,1115,1115,1115,1115,0
2021-12-23 14:56:00,1115,1115,1115,1115,0
2021-12-23 14:57:00,1115,1115,1115,1115,0
2021-12-23 14:58:00,1115,1115,1115,1115,0
2021-12-23 14:59:00,1115,1115,1115,1115,0
2021-12-23 15:00:00,1115,1115,1115,1115,300
2021-12-23 15:01:00,1115,1115,1115,1115,0
2021-12-23 15:02:00,1115,1115,1115,1115,0
2021-12-23 15:03:00,1115,1115,1115,1115,0
2021-12-23 15:04:00,1115,1115,1115,1115,0
2021-12-23 15:05:00,1115,1115,1115,1115,4000
2021-12-23 15:06:00,1115,1115,1115,1115,2000
2021-12-23 15:07:00,1115,1115,1115,1115,0
2021-12-23 15:08:00,1115,1115,1115,1115,0
2021-12-23 15:09:00,1115,1115,1115,1115,0
2021-12-23 15:10:00,1115,1115,1115,1115,0
2021-12-23 15:11:00,1115,1115,1115,1115,7700
2021-12-23 15:12:00,1115,1115,1115,1115,0
2021-12-23 15:13:00,1115,1115,1115,1115,0
2021-12-23 15:14:00,1115,1115,1115,1115,0
2021-12-23 15:15:00,1115,1115,1115,1115,0
2021-12-23 15:16:00,1115,1115,1115,1115,0
2021-12-23 15:17:00,1115,1115,1115,1115,0
2021-12-23 15:18:00,1115,1115,1115,1115,0
2021-12-23 15:19:00,1115,1115,1115,1115,0
2021-12-23 15:20:00,1115,1115,1115,1115,0
2021-12-23 15:21:00,1115,1115,1115,1115,0
2021-12-23 15:22:00,1115,1115,1115,1115,0
2021-12-23 15:23:00,1115,1115,1115,1115,0
2021-12-23 15:24:00,1115,1115,1115,1115,0
2021-12-23 15:25:00,1115,1115,1115,1115,0
2021-12-23 15:26:00,1115,1115,1115,1115,0
2021-12-23 15:27:00,1115,1115,1115,1115,0
2021-12-23 15:28:00,1115,1115,1115,1115,0
2021-12-23 15:29:00,1115,1115,1115,1115,0
2021-12-23 15:30:00,1115,1115,1115,1115,0
2021-12-23 15:31:00,1115,1115,1115,1115,0
2021-12-23 15:32:00,1115,1115,1115,1115,0
2021-12-23 15:33:00,1115,1115,1115,1115,0
2021-12-23 15:34:00,1115,1115,1115,1115,0
2021-12-23 15:35:00,1115,1115,1115,1115,0
2021-12-23 15:36:00,1115,1115,1115,1115,0
2021-12-23 15:37:00,1115,1115,1115,1115,0
2021-12-23 15:38:00,1115,1115,1115,1115,0
2021-12-23 15:39:00,1115,1115,1115,1115,0
2021-12-23 15:40:00,1115,1115,1115,1115,0
2021-12-23 15:41:00,1115,1115,1115,1115,0
2021-12-23 15:42:00,1115,1115,1115,1115,0
2021-12-23 15:43:00,1115,1115,1115,1115,0
2021-12-23 15:44:00,1115,1115,1115,1115,0
2021-12-23 15:45:00,1115,1115,1115,1115,0
2021-12-23 15:46:00,1115,1115,1115,1115,0
2021-12-23 15:47:00,1115,1115,1115,1115,0
2021-12-23 15:48:00,1115,1115,1115,1115,0
2021-12-23 15:49:00,1115,1115,1115,1115,0
2021-12-23 15:50:00,1115,1115,1115,1115,0
2021-12-23 15:51:00,1115,1115,1115,1115,0
2021-12-23 15:52:00,1115,1115,1115,1115,0
2021-12-23 15:53:00,1115,1115,1115,1115,0
2021-12-23 15:54:00,1115,1115,1115,1115,0
2021-12-23 15:55:00,1115,1115,1115,1115,0
2021-12-23 15:56:00,1115,1115,1115,1115,0
2021-12-23 15:57:00,1115,1115,1115,1115,0
2021-12-23 15:58:00,1115,1115,1115,1115,0
2021-12-23 15:59:00,1115,1115,1115,1115,0
2021-12-24 09:00:00,1115,1115,1115,1115,0
2021-12-24 09:01:00,1105,1100,1110,1100,38700
2021-12-24 09:02:00,1100,1100,1100,1100,6400
2021-12-24 09:03:00,1100,1100,1100,1100,2100
2021-12-24 09:04:00,1100,1090,1100,1095,76200
2021-12-24 09:05:00,1095,1090,1095,1090,800
2021-12-24 09:06:00,1090,1090,1090,1090,21800
2021-12-24 09:07:00,1085,1080,1085,1085,45300
2021-12-24 09:08:00,1080,1080,1085,1080,33000
2021-12-24 09:09:00,1080,1075,1080,1075,27200
2021-12-24 09:10:00,1075,1075,1085,1085,25000
2021-12-24 09:11:00,1085,1085,1085,1085,1100
2021-12-24 09:12:00,1085,1085,1085,1085,6500
2021-12-24 09:13:00,1085,1085,1095,1095,14100
2021-12-24 09:14:00,1090,1090,1110,1110,50400
2021-12-24 09:15:00,1110,1110,1110,1110,6600
2021-12-24 09:16:00,1100,1100,1100,1100,800
2021-12-24 09:17:00,1110,1110,1110,1110,700
2021-12-24 09:18:00,1110,1110,1110,1110,0
2021-12-24 09:19:00,1100,1100,1105,1105,2600
2021-12-24 09:20:00,1105,1105,1105,1105,3400
2021-12-24 09:21:00,1105,1105,1105,1105,15900
2021-12-24 09:22:00,1105,1105,1105,1105,2000
2021-12-24 09:23:00,1100,1100,1105,1105,9500
2021-12-24 09:24:00,1100,1100,1105,1105,0
2021-12-24 09:25:00,1105,1105,1105,1105,100
2021-12-24 09:26:00,1100,1095,1100,1100,80200
2021-12-24 09:27:00,1100,1095,1100,1100,0
2021-12-24 09:28:00,1100,1095,1100,1100,0
2021-12-24 09:29:00,1100,1095,1100,1100,0
2021-12-24 09:30:00,1100,1100,1100,1100,10600
2021-12-24 09:31:00,1100,1100,1100,1100,0
2021-12-24 09:32:00,1100,1100,1100,1100,0
2021-12-24 09:33:00,1100,1100,1100,1100,0
2021-12-24 09:34:00,1100,1100,1100,1100,2500
2021-12-24 09:35:00,1100,1100,1100,1100,0
2021-12-24 09:36:00,1100,1100,1105,1105,7900
2021-12-24 09:37:00,1105,1105,1105,1105,300
2021-12-24 09:38:00,1105,1105,1105,1105,0
2021-12-24 09:39:00,1105,1105,1105,1105,0
2021-12-24 09:40:00,1105,1105,1105,1105,1000
2021-12-24 09:41:00,1105,1105,1105,1105,0
2021-12-24 09:42:00,1105,1105,1105,1105,0
2021-12-24 09:43:00,1105,1105,1105,1105,0
2021-12-24 09:44:00,1100,1100,1100,1100,12600
2021-12-24 09:45:00,1100,1100,1100,1100,200
2021-12-24 09:46:00,1100,1100,1100,1100,0
2021-12-24 09:47:00,1100,1100,1100,1100,0
2021-12-24 09:48:00,1100,1100,1100,1100,0
2021-12-24 09:49:00,1100,1100,1100,1100,0
2021-12-24 09:50:00,1100,1100,1100,1100,100
2021-12-24 09:51:00,1100,1100,1100,1100,5400
2021-12-24 09:52:00,1100,1100,1100,1100,0
2021-12-24 09:53:00,1100,1100,1100,1100,0
2021-12-24 09:54:00,1100,1100,1100,1100,0
2021-12-24 09:55:00,1100,1100,1100,1100,100
2021-12-24 09:56:00,1100,1100,1100,1100,0
2021-12-24 09:57:00,1100,1100,1100,1100,8100
2021-12-24 09:58:00,1100,1100,1100,1100,0
2021-12-24 09:59:00,1100,1100,1100,1100,0
2021-12-24 10:00:00,1100,1100,1100,1100,0
2021-12-24 10:01:00,1100,1100,1100,1100,0
2021-12-24 10:02:00,1100,1100,1100,1100,0
2021-12-24 10:03:00,1100,1100,1100,1100,0
2021-12-24 10:04:00,1100,1100,1100,1100,0
2021-12-24 10:05:00,1100,1100,1100,1100,0
2021-12-24 10:06:00,1100,1100,1100,1100,0
2021-12-24 10:07:00,1100,1100,1100,1100,0
2021-12-24 10:08:00,1100,1100,1100,1100,300
2021-12-24 10:09:00,1100,1100,1100,1100,0
2021-12-24 10:10:00,1100,1100,1100,1100,0
2021-12-24 10:11:00,1100,1100,1100,1100,0
2021-12-24 10:12:00,1105,1105,1105,1105,1000
2021-12-24 10:13:00,1105,1105,1105,1105,2000
2021-12-24 10:14:00,1105,1105,1105,1105,0
2021-12-24 10:15:00,1100,1100,1100,1100,7100
2021-12-24 10:16:00,1100,1100,1100,1100,0
2021-12-24 10:17:00,1100,1100,1100,1100,0
2021-12-24 10:18:00,1100,1100,1100,1100,0
2021-12-24 10:19:00,1100,1100,1100,1100,2100
2021-12-24 10:20:00,1095,1095,1100,1100,900
2021-12-24 10:21:00,1095,1095,1100,1100,0
2021-12-24 10:22:00,1095,1095,1095,1095,2100
2021-12-24 10:23:00,1100,1095,1100,1095,3500
2021-12-24 10:24:00,1100,1100,1100,1100,4100
2021-12-24 10:25:00,1100,1100,1100,1100,100
2021-12-24 10:26:00,1100,1100,1100,1100,8400
2021-12-24 10:27:00,1100,1100,1100,1100,0
2021-12-24 10:28:00,1095,1095,1095,1095,41600
2021-12-24 10:29:00,1095,1095,1095,1095,500
2021-12-24 10:30:00,1095,1090,1095,1090,15900
2021-12-24 10:31:00,1095,1095,1095,1095,10900
2021-12-24 10:32:00,1095,1095,1095,1095,500
2021-12-24 10:33:00,1095,1095,1095,1095,1000
2021-12-24 10:34:00,1095,1095,1105,1105,4000
2021-12-24 10:35:00,1095,1095,1105,1105,0
2021-12-24 10:36:00,1095,1095,1105,1105,0
2021-12-24 10:37:00,1100,1100,1100,1100,742100
2021-12-24 10:38:00,1100,1100,1100,1100,59000
2021-12-24 10:39:00,1100,1100,1100,1100,0
2021-12-24 10:40:00,1100,1100,1100,1100,0
2021-12-24 10:41:00,1100,1100,1100,1100,0
2021-12-24 10:42:00,1100,1100,1100,1100,0
2021-12-24 10:43:00,1095,1095,1095,1095,2900
2021-12-24 10:44:00,1095,1095,1095,1095,0
2021-12-24 10:45:00,1095,1095,1095,1095,0
2021-12-24 10:46:00,1100,1100,1105,1105,1100
2021-12-24 10:47:00,1100,1100,1105,1105,0
2021-12-24 10:48:00,1100,1100,1105,1105,0
2021-12-24 10:49:00,1100,1100,1105,1105,0
2021-12-24 10:50:00,1105,1105,1105,1105,100
2021-12-24 10:51:00,1105,1105,1105,1105,0
2021-12-24 10:52:00,1105,1105,1105,1105,0
2021-12-24 10:53:00,1105,1105,1105,1105,0
2021-12-24 10:54:00,1105,1105,1105,1105,0
2021-12-24 10:55:00,1100,1100,1100,1100,4200
2021-12-24 10:56:00,1100,1100,1100,1100,300
2021-12-24 10:57:00,1100,1100,1100,1100,0
2021-12-24 10:58:00,1100,1100,1100,1100,0
2021-12-24 10:59:00,1100,1100,1100,1100,0
2021-12-24 11:00:00,1100,1100,1100,1100,300
2021-12-24 11:01:00,1100,1100,1100,1100,0
2021-12-24 11:02:00,1100,1100,1100,1100,900
2021-12-24 11:03:00,1100,1100,1100,1100,0
2021-12-24 11:04:00,1100,1100,1100,1100,0
2021-12-24 11:05:00,1100,1100,1100,1100,0
2021-12-24 11:06:00,1100,1100,1100,1100,0
2021-12-24 11:07:00,1100,1100,1100,1100,0
2021-12-24 11:08:00,1100,1100,1100,1100,100
2021-12-24 11:09:00,1100,1100,1100,1100,0
2021-12-24 11:10:00,1100,1100,1100,1100,0
2021-12-24 11:11:00,1100,1100,1100,1100,0
2021-12-24 11:12:00,1100,1100,1100,1100,0
2021-12-24 11:13:00,1100,1100,1100,1100,0
2021-12-24 11:14:00,1100,1100,1100,1100,0
2021-12-24 11:15:00,1100,1095,1100,1095,7000
2021-12-24 11:16:00,1100,1095,1100,1095,0
2021-12-24 11:17:00,1100,1095,1100,1095,0
2021-12-24 11:18:00,1100,1095,1100,1095,0
2021-12-24 11:19:00,1095,1095,1095,1095,100
2021-12-24 11:20:00,1095,1095,1095,1095,200
2021-12-24 11:21:00,1095,1095,1095,1095,0
2021-12-24 11:22:00,1095,1095,1095,1095,0
2021-12-24 11:23:00,1095,1095,1095,1095,0
2021-12-24 11:24:00,1095,1095,1095,1095,1500
2021-12-24 11:25:00,1095,1095,1095,1095,0
2021-12-24 11:26:00,1095,1095,1095,1095,0
2021-12-24 11:27:00,1095,1095,1095,1095,0
2021-12-24 11:28:00,1095,1095,1095,1095,0
2021-12-24 11:29:00,1095,1095,1095,1095,0
2021-12-24 11:30:00,1095,1095,1095,1095,0
2021-12-24 11:31:00,1095,1095,1095,1095,0
2021-12-24 11:32:00,1095,1095,1095,1095,0
2021-12-24 11:33:00,1095,1095,1095,1095,0
2021-12-24 11:34:00,1095,1095,1095,1095,0
2021-12-24 11:35:00,1095,1095,1095,1095,0
2021-12-24 11:36:00,1095,1095,1095,1095,0
2021-12-24 11:37:00,1095,1095,1095,1095,0
2021-12-24 11:38:00,1095,1095,1095,1095,0
2021-12-24 11:39:00,1095,1095,1095,1095,0
2021-12-24 11:40:00,1095,1095,1095,1095,0
2021-12-24 11:41:00,1095,1095,1095,1095,0
2021-12-24 11:42:00,1095,1095,1095,1095,0
2021-12-24 11:43:00,1095,1095,1095,1095,0
2021-12-24 11:44:00,1095,1095,1095,1095,0
2021-12-24 11:45:00,1095,1095,1095,1095,0
2021-12-24 11:46:00,1095,1095,1095,1095,0
2021-12-24 11:47:00,1095,1095,1095,1095,0
2021-12-24 11:48:00,1095,1095,1095,1095,0
2021-12-24 11:49:00,1095,1095,1095,1095,0
2021-12-24 11:50:00,1095,1095,1095,1095,0
2021-12-24 11:51:00,1095,1095,1095,1095,0
2021-12-24 11:52:00,1095,1095,1095,1095,0
2021-12-24 11:53:00,1095,1095,1095,1095,0
2021-12-24 11:54:00,1095,1095,1095,1095,0
2021-12-24 11:55:00,1095,1095,1095,1095,0
2021-12-24 11:56:00,1095,1095,1095,1095,0
2021-12-24 11:57:00,1095,1095,1095,1095,0
2021-12-24 11:58:00,1095,1095,1095,1095,0
2021-12-24 11:59:00,1095,1095,1095,1095,0
2021-12-24 12:00:00,1095,1095,1095,1095,0
2021-12-24 12:01:00,1095,1095,1095,1095,0
2021-12-24 12:02:00,1095,1095,1095,1095,0
2021-12-24 12:03:00,1095,1095,1095,1095,0
2021-12-24 12:04:00,1095,1095,1095,1095,0
2021-12-24 12:05:00,1095,1095,1095,1095,0
2021-12-24 12:06:00,1095,1095,1095,1095,0
2021-12-24 12:07:00,1095,1095,1095,1095,0
2021-12-24 12:08:00,1095,1095,1095,1095,0
2021-12-24 12:09:00,1095,1095,1095,1095,0
2021-12-24 12:10:00,1095,1095,1095,1095,0
2021-12-24 12:11:00,1095,1095,1095,1095,0
2021-12-24 12:12:00,1095,1095,1095,1095,0
2021-12-24 12:13:00,1095,1095,1095,1095,0
2021-12-24 12:14:00,1095,1095,1095,1095,0
2021-12-24 12:15:00,1095,1095,1095,1095,0
2021-12-24 12:16:00,1095,1095,1095,1095,0
2021-12-24 12:17:00,1095,1095,1095,1095,0
2021-12-24 12:18:00,1095,1095,1095,1095,0
2021-12-24 12:19:00,1095,1095,1095,1095,0
2021-12-24 12:20:00,1095,1095,1095,1095,0
2021-12-24 12:21:00,1095,1095,1095,1095,0
2021-12-24 12:22:00,1095,1095,1095,1095,0
2021-12-24 12:23:00,1095,1095,1095,1095,0
2021-12-24 12:24:00,1095,1095,1095,1095,0
2021-12-24 12:25:00,1095,1095,1095,1095,0
2021-12-24 12:26:00,1095,1095,1095,1095,0
2021-12-24 12:27:00,1095,1095,1095,1095,0
2021-12-24 12:28:00,1095,1095,1095,1095,0
2021-12-24 12:29:00,1095,1095,1095,1095,0
2021-12-24 12:30:00,1095,1095,1095,1095,0
2021-12-24 12:31:00,1095,1095,1095,1095,0
2021-12-24 12:32:00,1095,1095,1095,1095,0
2021-12-24 12:33:00,1095,1095,1095,1095,0
2021-12-24 12:34:00,1095,1095,1095,1095,0
2021-12-24 12:35:00,1095,1095,1095,1095,0
2021-12-24 12:36:00,1095,1095,1095,1095,0
2021-12-24 12:37:00,1095,1095,1095,1095,0
2021-12-24 12:38:00,1095,1095,1095,1095,0
2021-12-24 12:39:00,1095,1095,1095,1095,0
2021-12-24 12:40:00,1095,1095,1095,1095,0
2021-12-24 12:41:00,1095,1095,1095,1095,0
2021-12-24 12:42:00,1095,1095,1095,1095,0
2021-12-24 12:43:00,1095,1095,1095,1095,0
2021-12-24 12:44:00,1095,1095,1095,1095,0
2021-12-24 12:45:00,1095,1095,1095,1095,0
2021-12-24 12:46:00,1095,1095,1095,1095,0
2021-12-24 12:47:00,1095,1095,1095,1095,0
2021-12-24 12:48:00,1095,1095,1095,1095,0
2021-12-24 12:49:00,1095,1095,1095,1095,0
2021-12-24 12:50:00,1095,1095,1095,1095,0
2021-12-24 12:51:00,1095,1095,1095,1095,0
2021-12-24 12:52:00,1095,1095,1095,1095,0
2021-12-24 12:53:00,1095,1095,1095,1095,0
2021-12-24 12:54:00,1095,1095,1095,1095,0
2021-12-24 12:55:00,1095,1095,1095,1095,0
2021-12-24 12:56:00,1095,1095,1095,1095,0
2021-12-24 12:57:00,1095,1095,1095,1095,0
2021-12-24 12:58:00,1095,1095,1095,1095,0
2021-12-24 12:59:00,1095,1095,1095,1095,0
2021-12-24 13:00:00,1095,1095,1095,1095,0
2021-12-24 13:01:00,1095,1095,1095,1095,0
2021-12-24 13:02:00,1095,1095,1095,1095,0
2021-12-24 13:03:00,1095,1095,1095,1095,0
2021-12-24 13:04:00,1095,1095,1095,1095,0
2021-12-24 13:05:00,1095,1095,1095,1095,0
2021-12-24 13:06:00,1095,1095,1095,1095,0
2021-12-24 13:07:00,1095,1095,1095,1095,0
2021-12-24 13:08:00,1095,1095,1095,1095,0
2021-12-24 13:09:00,1095,1095,1095,1095,0
2021-12-24 13:10:00,1095,1095,1095,1095,0
2021-12-24 13:11:00,1095,1095,1095,1095,0
2021-12-24 13:12:00,1095,1095,1095,1095,0
2021-12-24 13:13:00,1095,1095,1095,1095,0
2021-12-24 13:14:00,1095,1095,1095,1095,0
2021-12-24 13:15:00,1095,1095,1095,1095,0
2021-12-24 13:16:00,1095,1095,1095,1095,0
2021-12-24 13:17:00,1095,1095,1095,1095,0
2021-12-24 13:18:00,1095,1095,1095,1095,0
2021-12-24 13:19:00,1095,1095,1095,1095,0
2021-12-24 13:20:00,1095,1095,1095,1095,0
2021-12-24 13:21:00,1095,1095,1095,1095,0
2021-12-24 13:22:00,1095,1095,1095,1095,0
2021-12-24 13:23:00,1095,1095,1095,1095,0
2021-12-24 13:24:00,1095,1095,1095,1095,0
2021-12-24 13:25:00,1095,1095,1095,1095,0
2021-12-24 13:26:00,1095,1095,1095,1095,0
2021-12-24 13:27:00,1095,1095,1095,1095,0
2021-12-24 13:28:00,1095,1095,1095,1095,0
2021-12-24 13:29:00,1095,1095,1095,1095,0
2021-12-24 13:30:00,1095,1095,1105,1095,6600
2021-12-24 13:31:00,1095,1095,1095,1095,26000
2021-12-24 13:32:00,1095,1095,1095,1095,9000
2021-12-24 13:33:00,1095,1095,1095,1095,0
2021-12-24 13:34:00,1095,1095,1095,1095,400
2021-12-24 13:35:00,1095,1095,1095,1095,0
2021-12-24 13:36:00,1095,1095,1095,1095,500
2021-12-24 13:37:00,1095,1095,1100,1100,22000
2021-12-24 13:38:00,1095,1095,1100,1100,0
2021-12-24 13:39:00,1095,1095,1100,1100,0
2021-12-24 13:40:00,1095,1095,1100,1100,0
2021-12-24 13:41:00,1095,1095,1100,1100,0
2021-12-24 13:42:00,1095,1095,1100,1100,0
2021-12-24 13:43:00,1095,1095,1095,1095,9800
2021-12-24 13:44:00,1095,1095,1095,1095,0
2021-12-24 13:45:00,1095,1095,1095,1095,4600
2021-12-24 13:46:00,1095,1095,1100,1100,5200
2021-12-24 13:47:00,1095,1095,1100,1100,0
2021-12-24 13:48:00,1100,1100,1100,1100,43000
2021-12-24 13:49:00,1100,1100,1100,1100,0
2021-12-24 13:50:00,1105,1105,1105,1105,100
2021-12-24 13:51:00,1105,1105,1105,1105,0
2021-12-24 13:52:00,1105,1105,1105,1105,0
2021-12-24 13:53:00,1105,1105,1105,1105,0
2021-12-24 13:54:00,1105,1105,1105,1105,0
2021-12-24 13:55:00,1105,1105,1105,1105,0
2021-12-24 13:56:00,1105,1105,1105,1105,1000
2021-12-24 13:57:00,1105,1105,1105,1105,0
2021-12-24 13:58:00,1105,1105,1105,1105,0
2021-12-24 13:59:00,1105,1105,1105,1105,0
2021-12-24 14:00:00,1105,1105,1105,1105,0
2021-12-24 14:01:00,1105,1105,1105,1105,0
2021-12-24 14:02:00,1100,1100,1100,1100,2600
2021-12-24 14:03:00,1100,1100,1100,1100,8000
2021-12-24 14:04:00,1100,1100,1100,1100,0
2021-12-24 14:05:00,1100,1100,1100,1100,0
2021-12-24 14:06:00,1095,1095,1100,1100,1100
2021-12-24 14:07:00,1095,1095,1100,1100,0
2021-12-24 14:08:00,1100,1100,1100,1100,5000
2021-12-24 14:09:00,1095,1095,1095,1095,2100
2021-12-24 14:10:00,1095,1095,1095,1095,0
2021-12-24 14:11:00,1095,1095,1095,1095,0
2021-12-24 14:12:00,1100,1100,1100,1100,12000
2021-12-24 14:13:00,1100,1100,1100,1100,0
2021-12-24 14:14:00,1100,1100,1100,1100,0
2021-12-24 14:15:00,1100,1100,1100,1100,2900
2021-12-24 14:16:00,1100,1100,1100,1100,0
2021-12-24 14:17:00,1100,1100,1100,1100,0
2021-12-24 14:18:00,1105,1105,1105,1105,33000
2021-12-24 14:19:00,1115,1115,1115,1115,45200
2021-12-24 14:20:00,1120,1120,1125,1125,11200
2021-12-24 14:21:00,1130,1125,1130,1125,12600
2021-12-24 14:22:00,1125,1125,1125,1125,1700
2021-12-24 14:23:00,1125,1120,1125,1120,10600
2021-12-24 14:24:00,1115,1115,1115,1115,6200
2021-12-24 14:25:00,1110,1110,1110,1110,1900
2021-12-24 14:26:00,1110,1110,1110,1110,0
2021-12-24 14:27:00,1110,1110,1110,1110,0
2021-12-24 14:28:00,1110,1110,1110,1110,100
2021-12-24 14:29:00,1110,1110,1110,1110,6700
2021-12-24 14:30:00,1110,1110,1110,1110,0
2021-12-24 14:31:00,1110,1110,1110,1110,0
2021-12-24 14:32:00,1110,1095,1110,1095,49000
2021-12-24 14:33:00,1100,1090,1100,1090,131100
2021-12-24 14:34:00,1090,1090,1090,1090,43700
2021-12-24 14:35:00,1090,1090,1090,1090,13300
2021-12-24 14:36:00,1090,1090,1090,1090,0
2021-12-24 14:37:00,1090,1090,1090,1090,0
2021-12-24 14:38:00,1090,1090,1090,1090,4600
2021-12-24 14:39:00,1090,1090,1090,1090,3300
2021-12-24 14:40:00,1090,1090,1090,1090,15300
2021-12-24 14:41:00,1090,1090,1090,1090,0
2021-12-24 14:42:00,1090,1090,1090,1090,1600
2021-12-24 14:43:00,1090,1090,1090,1090,0
2021-12-24 14:44:00,1090,1090,1090,1090,0
2021-12-24 14:45:00,1090,1090,1090,1090,18100
2021-12-24 14:46:00,1090,1085,1090,1085,2000
2021-12-24 14:47:00,1090,1085,1110,1110,7100
2021-12-24 14:48:00,1090,1090,1090,1090,2000
2021-12-24 14:49:00,1105,1090,1115,1115,11200
2021-12-24 14:50:00,1105,1090,1115,1115,0
2021-12-24 14:51:00,1105,1090,1115,1115,0
2021-12-24 14:52:00,1105,1090,1115,1115,0
2021-12-24 14:53:00,1105,1090,1115,1115,0
2021-12-24 14:54:00,1105,1090,1115,1115,0
2021-12-24 14:55:00,1105,1090,1115,1115,0
2021-12-24 14:56:00,1105,1090,1115,1115,0
2021-12-24 14:57:00,1105,1090,1115,1115,0
2021-12-24 14:58:00,1105,1090,1115,1115,0
2021-12-24 14:59:00,1105,1090,1115,1115,0
2021-12-24 15:00:00,1130,1130,1130,1130,206600
2021-12-24 15:01:00,1130,1130,1130,1130,23900
2021-12-24 15:02:00,1130,1130,1130,1130,5200
2021-12-24 15:03:00,1130,1130,1130,1130,0
2021-12-24 15:04:00,1130,1130,1130,1130,0
2021-12-24 15:05:00,1130,1130,1130,1130,19000
2021-12-24 15:06:00,1130,1130,1130,1130,2100
2021-12-24 15:07:00,1130,1130,1130,1130,200
2021-12-24 15:08:00,1130,1130,1130,1130,0
2021-12-24 15:09:00,1130,1130,1130,1130,0
2021-12-24 15:10:00,1130,1130,1130,1130,30000
2021-12-24 15:11:00,1130,1130,1130,1130,300
2021-12-24 15:12:00,1130,1130,1130,1130,0
2021-12-24 15:13:00,1130,1130,1130,1130,600
2021-12-24 15:14:00,1130,1130,1130,1130,0
2021-12-24 15:15:00,1130,1130,1130,1130,0
2021-12-24 15:16:00,1130,1130,1130,1130,0
2021-12-24 15:17:00,1130,1130,1130,1130,0
2021-12-24 15:18:00,1130,1130,1130,1130,0
2021-12-24 15:19:00,1130,1130,1130,1130,0
2021-12-24 15:20:00,1130,1130,1130,1130,0
2021-12-24 15:21:00,1130,1130,1130,1130,0
2021-12-24 15:22:00,1130,1130,1130,1130,0
2021-12-24 15:23:00,1130,1130,1130,1130,0
2021-12-24 15:24:00,1130,1130,1130,1130,0
2021-12-24 15:25:00,1130,1130,1130,1130,0
2021-12-24 15:26:00,1130,1130,1130,1130,0
2021-12-24 15:27:00,1130,1130,1130,1130,0
2021-12-24 15:28:00,1130,1130,1130,1130,0
2021-12-24 15:29:00,1130,1130,1130,1130,0
2021-12-24 15:30:00,1130,1130,1130,1130,0
2021-12-24 15:31:00,1130,1130,1130,1130,0
2021-12-24 15:32:00,1130,1130,1130,1130,0
2021-12-24 15:33:00,1130,1130,1130,1130,0
2021-12-24 15:34:00,1130,1130,1130,1130,0
2021-12-24 15:35:00,1130,1130,1130,1130,0
2021-12-24 15:36:00,1130,1130,1130,1130,0
2021-12-24 15:37:00,1130,1130,1130,1130,0
2021-12-24 15:38:00,1130,1130,1130,1130,0
2021-12-24 15:39:00,1130,1130,1130,1130,0
2021-12-24 15:40:00,1130,1130,1130,1130,0
2021-12-24 15:41:00,1130,1130,1130,1130,0
2021-12-24 15:42:00,1130,1130,1130,1130,0
2021-12-24 15:43:00,1130,1130,1130,1130,0
2021-12-24 15:44:00,1130,1130,1130,1130,0
2021-12-24 15:45:00,1130,1130,1130,1130,0
2021-12-24 15:46:00,1130,1130,1130,1130,0
2021-12-24 15:47:00,1130,1130,1130,1130,0
2021-12-24 15:48:00,1130,1130,1130,1130,0
2021-12-24 15:49:00,1130,1130,1130,1130,0
2021-12-24 15:50:00,1130,1130,1130,1130,0
2021-12-24 15:51:00,1130,1130,1130,1130,0
2021-12-24 15:52:00,1130,1130,1130,1130,0
2021-12-24 15:53:00,1130,1130,1130,1130,0
2021-12-24 15:54:00,1130,1130,1130,1130,0
2021-12-24 15:55:00,1130,1130,1130,1130,0
2021-12-24 15:56:00,1130,1130,1130,1130,0
2021-12-24 15:57:00,1130,1130,1130,1130,0
2021-12-24 15:58:00,1130,1130,1130,1130,0
2021-12-24 15:59:00,1130,1130,1130,1130,0
2021-12-27 09:00:00,1130,1130,1150,1150,0
2021-12-27 09:01:00,1150,1150,1170,1170,131400
2021-12-27 09:02:00,1170,1150,1180,1150,150100
2021-12-27 09:03:00,1150,1150,1165,1160,115700
2021-12-27 09:04:00,1150,1125,1160,1125,287300
2021-12-27 09:05:00,1125,1125,1150,1140,25800
2021-12-27 09:06:00,1140,1140,1150,1145,45000
2021-12-27 09:07:00,1145,1140,1145,1145,71900
2021-12-27 09:08:00,1145,1125,1145,1125,39900
2021-12-27 09:09:00,1125,1120,1125,1120,46300
2021-12-27 09:10:00,1120,1105,1125,1115,120500
2021-12-27 09:11:00,1115,1110,1125,1125,8100
2021-12-27 09:12:00,1125,1125,1125,1125,8700
2021-12-27 09:13:00,1130,1130,1130,1130,3600
2021-12-27 09:14:00,1130,1130,1130,1130,0
2021-12-27 09:15:00,1125,1125,1130,1125,7300
2021-12-27 09:16:00,1130,1130,1130,1130,12500
2021-12-27 09:17:00,1125,1115,1125,1115,38400
2021-12-27 09:18:00,1115,1110,1115,1110,30900
2021-12-27 09:19:00,1110,1110,1115,1110,40100
2021-12-27 09:20:00,1110,1105,1110,1105,13700
2021-12-27 09:21:00,1105,1105,1110,1110,6300
2021-12-27 09:22:00,1110,1110,1110,1110,2100
2021-12-27 09:23:00,1110,1110,1110,1110,4400
2021-12-27 09:24:00,1110,1110,1110,1110,9800
2021-12-27 09:25:00,1110,1110,1110,1110,4400
2021-12-27 09:26:00,1110,1110,1110,1110,6500
2021-12-27 09:27:00,1110,1110,1110,1110,3400
2021-12-27 09:28:00,1110,1100,1110,1100,41400
2021-12-27 09:29:00,1100,1100,1100,1100,10000
2021-12-27 09:30:00,1100,1095,1100,1095,69600
2021-12-27 09:31:00,1095,1060,1095,1060,140500
2021-12-27 09:32:00,1060,1055,1090,1090,506200
2021-12-27 09:33:00,1085,1075,1085,1075,69800
2021-12-27 09:34:00,1080,1075,1080,1075,83900
2021-12-27 09:35:00,1075,1075,1080,1075,5600
2021-12-27 09:36:00,1080,1075,1090,1085,72400
2021-12-27 09:37:00,1090,1090,1090,1090,1200
2021-12-27 09:38:00,1090,1090,1095,1095,29900
2021-12-27 09:39:00,1100,1095,1100,1100,10600
2021-12-27 09:40:00,1095,1085,1095,1095,27900
2021-12-27 09:41:00,1095,1095,1095,1095,1000
2021-12-27 09:42:00,1095,1085,1095,1085,50000
2021-12-27 09:43:00,1085,1075,1085,1075,60400
2021-12-27 09:44:00,1075,1075,1080,1080,16400
2021-12-27 09:45:00,1075,1075,1080,1080,20600
2021-12-27 09:46:00,1075,1075,1080,1080,0
2021-12-27 09:47:00,1075,1070,1075,1070,17400
2021-12-27 09:48:00,1070,1070,1090,1090,60200
2021-12-27 09:49:00,1095,1090,1095,1090,6300
2021-12-27 09:50:00,1090,1090,1090,1090,1500
2021-12-27 09:51:00,1085,1080,1085,1080,2000
2021-12-27 09:52:00,1080,1080,1090,1090,2700
2021-12-27 09:53:00,1080,1080,1090,1090,0
2021-12-27 09:54:00,1080,1080,1080,1080,6800
2021-12-27 09:55:00,1080,1080,1090,1090,11300
2021-12-27 09:56:00,1085,1085,1085,1085,500
2021-12-27 09:57:00,1080,1080,1085,1080,3800
2021-12-27 09:58:00,1080,1080,1085,1080,7100
2021-12-27 09:59:00,1080,1080,1085,1085,600
2021-12-27 10:00:00,1080,1080,1080,1080,11100
2021-12-27 10:01:00,1080,1080,1080,1080,6200
2021-12-27 10:02:00,1075,1075,1080,1080,6400
2021-12-27 10:03:00,1075,1075,1080,1080,21700
2021-12-27 10:04:00,1080,1080,1080,1080,6500
2021-12-27 10:05:00,1080,1080,1080,1080,700
2021-12-27 10:06:00,1080,1075,1080,1075,37400
2021-12-27 10:07:00,1080,1075,1080,1080,3600
2021-12-27 10:08:00,1080,1080,1085,1085,9500
2021-12-27 10:09:00,1080,1080,1085,1085,0
2021-12-27 10:10:00,1080,1080,1085,1085,0
2021-12-27 10:11:00,1085,1085,1085,1085,8600
2021-12-27 10:12:00,1085,1085,1090,1085,712000
2021-12-27 10:13:00,1080,1080,1085,1080,488400
2021-12-27 10:14:00,1080,1075,1080,1080,19000
2021-12-27 10:15:00,1080,1075,1080,1080,0
2021-12-27 10:16:00,1080,1080,1080,1080,79500
2021-12-27 10:17:00,1080,1080,1085,1085,3000
2021-12-27 10:18:00,1075,1075,1075,1075,24000
2021-12-27 10:19:00,1070,1065,1070,1065,194700
2021-12-27 10:20:00,1065,1065,1070,1065,21500
2021-12-27 10:21:00,1065,1065,1065,1065,100
2021-12-27 10:22:00,1070,1065,1070,1065,1500
2021-12-27 10:23:00,1065,1065,1070,1065,50200
2021-12-27 10:24:00,1065,1065,1065,1065,10200
2021-12-27 10:25:00,1070,1070,1070,1070,100
2021-12-27 10:26:00,1070,1070,1070,1070,500
2021-12-27 10:27:00,1070,1070,1070,1070,0
2021-12-27 10:28:00,1070,1070,1070,1070,0
2021-12-27 10:29:00,1070,1070,1070,1070,2000
2021-12-27 10:30:00,1070,1065,1070,1070,6500
2021-12-27 10:31:00,1070,1065,1070,1065,53500
2021-12-27 10:32:00,1065,1060,1065,1060,19500
2021-12-27 10:33:00,1065,1060,1065,1065,172200
2021-12-27 10:34:00,1065,1055,1065,1060,254800
2021-12-27 10:35:00,1055,1055,1060,1055,111900
2021-12-27 10:36:00,1060,1060,1060,1060,1500
2021-12-27 10:37:00,1060,1055,1060,1055,7600
2021-12-27 10:38:00,1055,1055,1060,1055,33900
2021-12-27 10:39:00,1055,1055,1055,1055,1400
2021-12-27 10:40:00,1055,1055,1055,1055,10000
2021-12-27 10:41:00,1055,1055,1055,1055,259100
2021-12-27 10:42:00,1055,1055,1055,1055,210200
2021-12-27 10:43:00,1055,1055,1055,1055,37000
2021-12-27 10:44:00,1055,1055,1055,1055,1600
2021-12-27 10:45:00,1055,1055,1055,1055,68500
2021-12-27 10:46:00,1055,1055,1055,1055,51500
2021-12-27 10:47:00,1055,1055,1055,1055,6700
2021-12-27 10:48:00,1055,1055,1055,1055,11800
2021-12-27 10:49:00,1055,1055,1055,1055,16800
2021-12-27 10:50:00,1055,1055,1060,1055,21700
2021-12-27 10:51:00,1055,1055,1055,1055,24400
2021-12-27 10:52:00,1055,1055,1055,1055,2100
2021-12-27 10:53:00,1055,1055,1055,1055,1300
2021-12-27 10:54:00,1055,1055,1055,1055,1800
2021-12-27 10:55:00,1055,1055,1055,1055,13300
2021-12-27 10:56:00,1055,1055,1055,1055,7200
2021-12-27 10:57:00,1055,1055,1055,1055,1500
2021-12-27 10:58:00,1055,1055,1055,1055,1500
2021-12-27 10:59:00,1055,1055,1055,1055,5500
2021-12-27 11:00:00,1055,1055,1055,1055,15900
2021-12-27 11:01:00,1055,1055,1055,1055,31300
2021-12-27 11:02:00,1055,1055,1055,1055,11400
2021-12-27 11:03:00,1055,1055,1055,1055,10100
2021-12-27 11:04:00,1055,1055,1055,1055,100
2021-12-27 11:05:00,1055,1055,1055,1055,100
2021-12-27 11:06:00,1055,1055,1055,1055,1000
2021-12-27 11:07:00,1055,1055,1055,1055,5100
2021-12-27 11:08:00,1055,1055,1055,1055,11900
2021-12-27 11:09:00,1055,1055,1055,1055,700
2021-12-27 11:10:00,1055,1055,1055,1055,3300
2021-12-27 11:11:00,1055,1055,1055,1055,4400
2021-12-27 11:12:00,1055,1055,1055,1055,1500
2021-12-27 11:13:00,1055,1055,1055,1055,600
2021-12-27 11:14:00,1055,1055,1055,1055,5900
2021-12-27 11:15:00,1055,1055,1055,1055,3900
2021-12-27 11:16:00,1055,1055,1055,1055,7300
2021-12-27 11:17:00,1055,1055,1055,1055,0
2021-12-27 11:18:00,1055,1055,1055,1055,500
2021-12-27 11:19:00,1055,1055,1055,1055,2000
2021-12-27 11:20:00,1055,1055,1055,1055,1900
2021-12-27 11:21:00,1055,1055,1055,1055,600
2021-12-27 11:22:00,1055,1055,1055,1055,0
2021-12-27 11:23:00,1055,1055,1060,1060,1200
2021-12-27 11:24:00,1055,1055,1060,1060,0
2021-12-27 11:25:00,1060,1060,1060,1060,28400
2021-12-27 11:26:00,1065,1065,1065,1065,11600
2021-12-27 11:27:00,1065,1060,1065,1060,4600
2021-12-27 11:28:00,1060,1060,1060,1060,12800
2021-12-27 11:29:00,1055,1055,1060,1060,26900
2021-12-27 11:30:00,1055,1055,1060,1060,0
2021-12-27 11:31:00,1055,1055,1060,1060,0
2021-12-27 11:32:00,1055,1055,1060,1060,0
2021-12-27 11:33:00,1055,1055,1060,1060,0
2021-12-27 11:34:00,1055,1055,1060,1060,0
2021-12-27 11:35:00,1055,1055,1060,1060,0
2021-12-27 11:36:00,1055,1055,1060,1060,0
2021-12-27 11:37:00,1055,1055,1060,1060,0
2021-12-27 11:38:00,1055,1055,1060,1060,0
2021-12-27 11:39:00,1055,1055,1060,1060,0
2021-12-27 11:40:00,1055,1055,1060,1060,0
2021-12-27 11:41:00,1055,1055,1060,1060,0
2021-12-27 11:42:00,1055,1055,1060,1060,0
2021-12-27 11:43:00,1055,1055,1060,1060,0
2021-12-27 11:44:00,1055,1055,1060,1060,0
2021-12-27 11:45:00,1055,1055,1060,1060,0
2021-12-27 11:46:00,1055,1055,1060,1060,0
2021-12-27 11:47:00,1055,1055,1060,1060,0
2021-12-27 11:48:00,1055,1055,1060,1060,0
2021-12-27 11:49:00,1055,1055,1060,1060,0
2021-12-27 11:50:00,1055,1055,1060,1060,0
2021-12-27 11:51:00,1055,1055,1060,1060,0
2021-12-27 11:52:00,1055,1055,1060,1060,0
2021-12-27 11:53:00,1055,1055,1060,1060,0
2021-12-27 11:54:00,1055,1055,1060,1060,0
2021-12-27 11:55:00,1055,1055,1060,1060,0
2021-12-27 11:56:00,1055,1055,1060,1060,0
2021-12-27 11:57:00,1055,1055,1060,1060,0
2021-12-27 11:58:00,1055,1055,1060,1060,0
2021-12-27 11:59:00,1055,1055,1060,1060,0
2021-12-27 12:00:00,1055,1055,1060,1060,0
2021-12-27 12:01:00,1055,1055,1060,1060,0
2021-12-27 12:02:00,1055,1055,1060,1060,0
2021-12-27 12:03:00,1055,1055,1060,1060,0
2021-12-27 12:04:00,1055,1055,1060,1060,0
2021-12-27 12:05:00,1055,1055,1060,1060,0
2021-12-27 12:06:00,1055,1055,1060,1060,0
2021-12-27 12:07:00,1055,1055,1060,1060,0
2021-12-27 12:08:00,1055,1055,1060,1060,0
2021-12-27 12:09:00,1055,1055,1060,1060,0
2021-12-27 12:10:00,1055,1055,1060,1060,0
2021-12-27 12:11:00,1055,1055,1060,1060,0
2021-12-27 12:12:00,1055,1055,1060,1060,0
2021-12-27 12:13:00,1055,1055,1060,1060,0
2021-12-27 12:14:00,1055,1055,1060,1060,0
2021-12-27 12:15:00,1055,1055,1060,1060,0
2021-12-27 12:16:00,1055,1055,1060,1060,0
2021-12-27 12:17:00,1055,1055,1060,1060,0
2021-12-27 12:18:00,1055,1055,1060,1060,0
2021-12-27 12:19:00,1055,1055,1060,1060,0
2021-12-27 12:20:00,1055,1055,1060,1060,0
2021-12-27 12:21:00,1055,1055,1060,1060,0
2021-12-27 12:22:00,1055,1055,1060,1060,0
2021-12-27 12:23:00,1055,1055,1060,1060,0
2021-12-27 12:24:00,1055,1055,1060,1060,0
2021-12-27 12:25:00,1055,1055,1060,1060,0
2021-12-27 12:26:00,1055,1055,1060,1060,0
2021-12-27 12:27:00,1055,1055,1060,1060,0
2021-12-27 12:28:00,1055,1055,1060,1060,0
2021-12-27 12:29:00,1055,1055,1060,1060,0
2021-12-27 12:30:00,1055,1055,1060,1060,0
2021-12-27 12:31:00,1055,1055,1060,1060,0
2021-12-27 12:32:00,1055,1055,1060,1060,0
2021-12-27 12:33:00,1055,1055,1060,1060,0
2021-12-27 12:34:00,1055,1055,1060,1060,0
2021-12-27 12:35:00,1055,1055,1060,1060,0
2021-12-27 12:36:00,1055,1055,1060,1060,0
2021-12-27 12:37:00,1055,1055,1060,1060,0
2021-12-27 12:38:00,1055,1055,1060,1060,0
2021-12-27 12:39:00,1055,1055,1060,1060,0
2021-12-27 12:40:00,1055,1055,1060,1060,0
2021-12-27 12:41:00,1055,1055,1060,1060,0
2021-12-27 12:42:00,1055,1055,1060,1060,0
2021-12-27 12:43:00,1055,1055,1060,1060,0
2021-12-27 12:44:00,1055,1055,1060,1060,0
2021-12-27 12:45:00,1055,1055,1060,1060,0
2021-12-27 12:46:00,1055,1055,1060,1060,0
2021-12-27 12:47:00,1055,1055,1060,1060,0
2021-12-27 12:48:00,1055,1055,1060,1060,0
2021-12-27 12:49:00,1055,1055,1060,1060,0
2021-12-27 12:50:00,1055,1055,1060,1060,0
2021-12-27 12:51:00,1055,1055,1060,1060,0
2021-12-27 12:52:00,1055,1055,1060,1060,0
2021-12-27 12:53:00,1055,1055,1060,1060,0
2021-12-27 12:54:00,1055,1055,1060,1060,0
2021-12-27 12:55:00,1055,1055,1060,1060,0
2021-12-27 12:56:00,1055,1055,1060,1060,0
2021-12-27 12:57:00,1055,1055,1060,1060,0
2021-12-27 12:58:00,1055,1055,1060,1060,0
2021-12-27 12:59:00,1055,1055,1060,1060,0
2021-12-27 13:00:00,1055,1055,1060,1060,0
2021-12-27 13:01:00,1055,1055,1060,1060,0
2021-12-27 13:02:00,1055,1055,1060,1060,0
2021-12-27 13:03:00,1055,1055,1060,1060,0
2021-12-27 13:04:00,1055,1055,1060,1060,0
2021-12-27 13:05:00,1055,1055,1060,1060,0
2021-12-27 13:06:00,1055,1055,1060,1060,0
2021-12-27 13:07:00,1055,1055,1060,1060,0
2021-12-27 13:08:00,1055,1055,1060,1060,0
2021-12-27 13:09:00,1055,1055,1060,1060,0
2021-12-27 13:10:00,1055,1055,1060,1060,0
2021-12-27 13:11:00,1055,1055,1060,1060,0
2021-12-27 13:12:00,1055,1055,1060,1060,0
2021-12-27 13:13:00,1055,1055,1060,1060,0
2021-12-27 13:14:00,1055,1055,1060,1060,0
2021-12-27 13:15:00,1055,1055,1060,1060,0
2021-12-27 13:16:00,1055,1055,1060,1060,0
2021-12-27 13:17:00,1055,1055,1060,1060,0
2021-12-27 13:18:00,1055,1055,1060,1060,0
2021-12-27 13:19:00,1055,1055,1060,1060,0
2021-12-27 13:20:00,1055,1055,1060,1060,0
2021-12-27 13:21:00,1055,1055,1060,1060,0
2021-12-27 13:22:00,1055,1055,1060,1060,0
2021-12-27 13:23:00,1055,1055,1060,1060,0
2021-12-27 13:24:00,1055,1055,1060,1060,0
2021-12-27 13:25:00,1055,1055,1060,1060,0
2021-12-27 13:26:00,1055,1055,1060,1060,0
2021-12-27 13:27:00,1055,1055,1060,1060,0
2021-12-27 13:28:00,1055,1055,1060,1060,0
2021-12-27 13:29:00,1055,1055,1060,1060,0
2021-12-27 13:30:00,1060,1055,1065,1060,12100
2021-12-27 13:31:00,1060,1055,1060,1060,4500
2021-12-27 13:32:00,1060,1060,1060,1060,100
2021-12-27 13:33:00,1060,1060,1065,1060,22100
2021-12-27 13:34:00,1060,1060,1065,1065,12200
2021-12-27 13:35:00,1060,1060,1065,1065,0
2021-12-27 13:36:00,1065,1065,1065,1065,4900
2021-12-27 13:37:00,1065,1065,1065,1065,1000
2021-12-27 13:38:00,1065,1065,1065,1065,11000
2021-12-27 13:39:00,1065,1065,1065,1065,0
2021-12-27 13:40:00,1060,1060,1060,1060,21100
2021-12-27 13:41:00,1060,1060,1060,1060,4000
2021-12-27 13:42:00,1060,1060,1060,1060,0
2021-12-27 13:43:00,1060,1060,1060,1060,4000
2021-12-27 13:44:00,1065,1060,1065,1060,9600
2021-12-27 13:45:00,1060,1060,1060,1060,200
2021-12-27 13:46:00,1060,1060,1060,1060,0
2021-12-27 13:47:00,1060,1060,1060,1060,1800
2021-12-27 13:48:00,1060,1060,1060,1060,0
2021-12-27 13:49:00,1060,1060,1060,1060,1000
2021-12-27 13:50:00,1060,1060,1060,1060,0
2021-12-27 13:51:00,1060,1060,1060,1060,0
2021-12-27 13:52:00,1060,1060,1060,1060,0
2021-12-27 13:53:00,1060,1060,1060,1060,1000
2021-12-27 13:54:00,1055,1055,1055,1055,76300
2021-12-27 13:55:00,1055,1055,1060,1060,800
2021-12-27 13:56:00,1055,1055,1060,1060,3100
2021-12-27 13:57:00,1060,1060,1060,1060,500
2021-12-27 13:58:00,1055,1055,1055,1055,7200
2021-12-27 13:59:00,1055,1055,1055,1055,2000
2021-12-27 14:00:00,1055,1055,1055,1055,1300
2021-12-27 14:01:00,1055,1055,1055,1055,1000
2021-12-27 14:02:00,1055,1055,1055,1055,5500
2021-12-27 14:03:00,1055,1055,1055,1055,48400
2021-12-27 14:04:00,1055,1055,1055,1055,4600
2021-12-27 14:05:00,1055,1055,1055,1055,4300
2021-12-27 14:06:00,1060,1060,1060,1060,47900
2021-12-27 14:07:00,1060,1060,1060,1060,100
2021-12-27 14:08:00,1060,1060,1060,1060,2500
2021-12-27 14:09:00,1060,1060,1060,1060,0
2021-12-27 14:10:00,1055,1055,1055,1055,1800
2021-12-27 14:11:00,1055,1055,1055,1055,12300
2021-12-27 14:12:00,1055,1055,1055,1055,2000
2021-12-27 14:13:00,1055,1055,1055,1055,0
2021-12-27 14:14:00,1060,1060,1060,1060,500
2021-12-27 14:15:00,1060,1060,1060,1060,0
2021-12-27 14:16:00,1060,1060,1060,1060,0
2021-12-27 14:17:00,1060,1060,1060,1060,600
2021-12-27 14:18:00,1060,1055,1060,1055,5100
2021-12-27 14:19:00,1055,1055,1055,1055,3400
2021-12-27 14:20:00,1055,1055,1055,1055,200
2021-12-27 14:21:00,1055,1055,1060,1060,18400
2021-12-27 14:22:00,1060,1060,1060,1060,5100
2021-12-27 14:23:00,1055,1055,1055,1055,3500
2021-12-27 14:24:00,1060,1060,1060,1060,600
2021-12-27 14:25:00,1060,1060,1060,1060,0
2021-12-27 14:26:00,1055,1055,1055,1055,3000
2021-12-27 14:27:00,1055,1055,1055,1055,5400
2021-12-27 14:28:00,1060,1060,1060,1060,1500
2021-12-27 14:29:00,1060,1060,1060,1060,1100
2021-12-27 14:30:00,1055,1055,1055,1055,2000
2021-12-27 14:31:00,1055,1055,1055,1055,100
2021-12-27 14:32:00,1055,1055,1055,1055,1000
2021-12-27 14:33:00,1055,1055,1055,1055,19400
2021-12-27 14:34:00,1055,1055,1055,1055,0
2021-12-27 14:35:00,1055,1055,1055,1055,39100
2021-12-27 14:36:00,1055,1055,1055,1055,54300
2021-12-27 14:37:00,1055,1055,1055,1055,6400
2021-12-27 14:38:00,1055,1055,1055,1055,13200
2021-12-27 14:39:00,1055,1055,1055,1055,8400
2021-12-27 14:40:00,1055,1055,1055,1055,14800
2021-12-27 14:41:00,1055,1055,1055,1055,500
2021-12-27 14:42:00,1055,1055,1055,1055,12300
2021-12-27 14:43:00,1055,1055,1055,1055,0
2021-12-27 14:44:00,1055,1055,1055,1055,500
2021-12-27 14:45:00,1055,1055,1055,1055,0
2021-12-27 14:46:00,1055,1055,1055,1055,0
2021-12-27 14:47:00,1055,1055,1075,1075,141400
2021-12-27 14:48:00,1085,1085,1090,1090,174100
2021-12-27 14:49:00,1085,1075,1100,1100,231700
2021-12-27 14:50:00,1085,1075,1100,1100,0
2021-12-27 14:51:00,1085,1075,1100,1100,0
2021-12-27 14:52:00,1085,1075,1100,1100,0
2021-12-27 14:53:00,1085,1075,1100,1100,0
2021-12-27 14:54:00,1085,1075,1100,1100,0
2021-12-27 14:55:00,1085,1075,1100,1100,0
2021-12-27 14:56:00,1085,1075,1100,1100,0
2021-12-27 14:57:00,1085,1075,1100,1100,0
2021-12-27 14:58:00,1085,1075,1100,1100,0
2021-12-27 14:59:00,1085,1075,1100,1100,0
2021-12-27 15:00:00,1095,1095,1095,1095,82900
2021-12-27 15:01:00,1095,1095,1095,1095,300
2021-12-27 15:02:00,1095,1095,1095,1095,5000
2021-12-27 15:03:00,1095,1095,1095,1095,0
2021-12-27 15:04:00,1095,1095,1095,1095,10000
2021-12-27 15:05:00,1095,1095,1095,1095,0
2021-12-27 15:06:00,1095,1095,1095,1095,0
2021-12-27 15:07:00,1095,1095,1095,1095,100
2021-12-27 15:08:00,1095,1095,1095,1095,1000
2021-12-27 15:09:00,1095,1095,1095,1095,0
2021-12-27 15:10:00,1095,1095,1095,1095,1000
2021-12-27 15:11:00,1095,1095,1095,1095,0
2021-12-27 15:12:00,1095,1095,1095,1095,0
2021-12-27 15:13:00,1095,1095,1095,1095,100
2021-12-27 15:14:00,1095,1095,1095,1095,0
2021-12-27 15:15:00,1095,1095,1095,1095,0
2021-12-27 15:16:00,1095,1095,1095,1095,0
2021-12-27 15:17:00,1095,1095,1095,1095,0
2021-12-27 15:18:00,1095,1095,1095,1095,0
2021-12-27 15:19:00,1095,1095,1095,1095,0
2021-12-27 15:20:00,1095,1095,1095,1095,0
2021-12-27 15:21:00,1095,1095,1095,1095,0
2021-12-27 15:22:00,1095,1095,1095,1095,0
2021-12-27 15:23:00,1095,1095,1095,1095,0
2021-12-27 15:24:00,1095,1095,1095,1095,0
2021-12-27 15:25:00,1095,1095,1095,1095,0
2021-12-27 15:26:00,1095,1095,1095,1095,0
2021-12-27 15:27:00,1095,1095,1095,1095,0
2021-12-27 15:28:00,1095,1095,1095,1095,0
2021-12-27 15:29:00,1095,1095,1095,1095,0
2021-12-27 15:30:00,1095,1095,1095,1095,0
2021-12-27 15:31:00,1095,1095,1095,1095,0
2021-12-27 15:32:00,1095,1095,1095,1095,0
2021-12-27 15:33:00,1095,1095,1095,1095,0
2021-12-27 15:34:00,1095,1095,1095,1095,0
2021-12-27 15:35:00,1095,1095,1095,1095,0
2021-12-27 15:36:00,1095,1095,1095,1095,0
2021-12-27 15:37:00,1095,1095,1095,1095,0
2021-12-27 15:38:00,1095,1095,1095,1095,0
2021-12-27 15:39:00,1095,1095,1095,1095,0
2021-12-27 15:40:00,1095,1095,1095,1095,0
2021-12-27 15:41:00,1095,1095,1095,1095,0
2021-12-27 15:42:00,1095,1095,1095,1095,0
2021-12-27 15:43:00,1095,1095,1095,1095,0
2021-12-27 15:44:00,1095,1095,1095,1095,0
2021-12-27 15:45:00,1095,1095,1095,1095,0
2021-12-27 15:46:00,1095,1095,1095,1095,0
2021-12-27 15:47:00,1095,1095,1095,1095,0
2021-12-27 15:48:00,1095,1095,1095,1095,0
2021-12-27 15:49:00,1095,1095,1095,1095,0
2021-12-27 15:50:00,1095,1095,1095,1095,0
2021-12-27 15:51:00,1095,1095,1095,1095,0
2021-12-27 15:52:00,1095,1095,1095,1095,0
2021-12-27 15:53:00,1095,1095,1095,1095,0
2021-12-27 15:54:00,1095,1095,1095,1095,0
2021-12-27 15:55:00,1095,1095,1095,1095,0
2021-12-27 15:56:00,1095,1095,1095,1095,0
2021-12-27 15:57:00,1095,1095,1095,1095,0
2021-12-27 15:58:00,1095,1095,1095,1095,0
2021-12-27 15:59:00,1095,1095,1095,1095,0
2021-12-28 09:00:00,1095,1090,1095,1090,0
2021-12-28 09:01:00,1085,1075,1085,1075,50600
2021-12-28 09:02:00,1070,1070,1070,1070,10100
2021-12-28 09:03:00,1070,1070,1075,1070,70300
2021-12-28 09:04:00,1070,1070,1070,1070,6200
2021-12-28 09:05:00,1070,1060,1070,1070,30000
2021-12-28 09:06:00,1060,1060,1065,1065,10200
2021-12-28 09:07:00,1065,1065,1065,1065,500
2021-12-28 09:08:00,1065,1065,1065,1065,400
2021-12-28 09:09:00,1065,1065,1065,1065,3300
2021-12-28 09:10:00,1065,1065,1065,1065,0
2021-12-28 09:11:00,1065,1065,1065,1065,1600
2021-12-28 09:12:00,1065,1065,1065,1065,0
2021-12-28 09:13:00,1065,1065,1065,1065,800
2021-12-28 09:14:00,1065,1065,1065,1065,0
2021-12-28 09:15:00,1065,1065,1065,1065,0
2021-12-28 09:16:00,1065,1065,1065,1065,12200
2021-12-28 09:17:00,1065,1065,1065,1065,8600
2021-12-28 09:18:00,1065,1065,1065,1065,0
2021-12-28 09:19:00,1065,1065,1065,1065,400
2021-12-28 09:20:00,1060,1060,1060,1060,28000
2021-12-28 09:21:00,1060,1060,1060,1060,6600
2021-12-28 09:22:00,1060,1060,1060,1060,0
2021-12-28 09:23:00,1065,1065,1065,1065,100
2021-12-28 09:24:00,1065,1065,1065,1065,0
2021-12-28 09:25:00,1060,1060,1065,1065,16400
2021-12-28 09:26:00,1060,1060,1060,1060,1000
2021-12-28 09:27:00,1055,1055,1060,1060,9400
2021-12-28 09:28:00,1060,1060,1060,1060,200
2021-12-28 09:29:00,1055,1045,1055,1045,103700
2021-12-28 09:30:00,1040,1040,1045,1040,44100
2021-12-28 09:31:00,1040,1040,1045,1040,70100
2021-12-28 09:32:00,1040,1025,1040,1025,50900
2021-12-28 09:33:00,1035,1020,1035,1025,745200
2021-12-28 09:34:00,1025,1020,1030,1025,404800
2021-12-28 09:35:00,1035,1025,1035,1035,302500
2021-12-28 09:36:00,1030,1030,1050,1035,388700
2021-12-28 09:37:00,1045,1040,1045,1040,21300
2021-12-28 09:38:00,1040,1040,1050,1050,39900
2021-12-28 09:39:00,1045,1045,1050,1045,392200
2021-12-28 09:40:00,1045,1045,1060,1055,102100
2021-12-28 09:41:00,1060,1060,1065,1060,240100
2021-12-28 09:42:00,1065,1060,1065,1060,325700
2021-12-28 09:43:00,1060,1055,1070,1055,353500
2021-12-28 09:44:00,1055,1055,1055,1055,2500
2021-12-28 09:45:00,1055,1055,1065,1065,5300
2021-12-28 09:46:00,1055,1055,1060,1060,70500
2021-12-28 09:47:00,1060,1060,1060,1060,300
2021-12-28 09:48:00,1060,1060,1065,1065,1200
2021-12-28 09:49:00,1065,1060,1065,1060,8500
2021-12-28 09:50:00,1060,1060,1060,1060,500
2021-12-28 09:51:00,1060,1060,1060,1060,17100
2021-12-28 09:52:00,1060,1060,1060,1060,6300
2021-12-28 09:53:00,1055,1055,1055,1055,58200
2021-12-28 09:54:00,1055,1055,1055,1055,400
2021-12-28 09:55:00,1065,1065,1065,1065,400
2021-12-28 09:56:00,1055,1055,1055,1055,200
2021-12-28 09:57:00,1055,1055,1060,1060,2600
2021-12-28 09:58:00,1065,1065,1065,1065,1600
2021-12-28 09:59:00,1065,1065,1065,1065,0
2021-12-28 10:00:00,1070,1070,1085,1085,42300
2021-12-28 10:01:00,1085,1085,1085,1085,37300
2021-12-28 10:02:00,1085,1085,1085,1085,0
2021-12-28 10:03:00,1065,1065,1065,1065,200
2021-12-28 10:04:00,1085,1085,1085,1085,100
2021-12-28 10:05:00,1085,1085,1085,1085,1200
2021-12-28 10:06:00,1080,1080,1080,1080,10300
2021-12-28 10:07:00,1080,1080,1080,1080,0
2021-12-28 10:08:00,1080,1080,1080,1080,0
2021-12-28 10:09:00,1080,1080,1080,1080,3500
2021-12-28 10:10:00,1080,1080,1080,1080,0
2021-12-28 10:11:00,1080,1080,1080,1080,0
2021-12-28 10:12:00,1060,1060,1080,1080,100100
2021-12-28 10:13:00,1060,1060,1080,1080,0
2021-12-28 10:14:00,1060,1060,1080,1080,0
2021-12-28 10:15:00,1060,1060,1080,1080,0
2021-12-28 10:16:00,1060,1060,1080,1080,0
2021-12-28 10:17:00,1065,1065,1065,1065,40000
2021-12-28 10:18:00,1065,1060,1065,1060,60500
2021-12-28 10:19:00,1060,1060,1065,1065,12500
2021-12-28 10:20:00,1060,1060,1065,1065,0
2021-12-28 10:21:00,1065,1065,1065,1065,1000
2021-12-28 10:22:00,1065,1065,1065,1065,41000
2021-12-28 10:23:00,1075,1075,1075,1075,100
2021-12-28 10:24:00,1075,1075,1075,1075,0
2021-12-28 10:25:00,1065,1065,1065,1065,100
2021-12-28 10:26:00,1070,1070,1070,1070,100
2021-12-28 10:27:00,1070,1070,1070,1070,1000
2021-12-28 10:28:00,1070,1070,1070,1070,0
2021-12-28 10:29:00,1060,1060,1060,1060,500
2021-12-28 10:30:00,1060,1060,1060,1060,2000
2021-12-28 10:31:00,1060,1060,1060,1060,0
2021-12-28 10:32:00,1060,1060,1060,1060,0
2021-12-28 10:33:00,1060,1060,1060,1060,0
2021-12-28 10:34:00,1060,1060,1060,1060,0
2021-12-28 10:35:00,1060,1060,1060,1060,700
2021-12-28 10:36:00,1060,1060,1060,1060,0
2021-12-28 10:37:00,1060,1060,1060,1060,0
2021-12-28 10:38:00,1060,1060,1060,1060,4300
2021-12-28 10:39:00,1060,1060,1060,1060,0
2021-12-28 10:40:00,1060,1060,1060,1060,0
2021-12-28 10:41:00,1060,1060,1060,1060,0
2021-12-28 10:42:00,1060,1060,1060,1060,0
2021-12-28 10:43:00,1060,1060,1060,1060,0
2021-12-28 10:44:00,1060,1060,1060,1060,400
2021-12-28 10:45:00,1060,1060,1060,1060,0
2021-12-28 10:46:00,1060,1060,1060,1060,4600
2021-12-28 10:47:00,1060,1055,1060,1055,2800
2021-12-28 10:48:00,1055,1055,1055,1055,5000
2021-12-28 10:49:00,1055,1055,1055,1055,0
2021-12-28 10:50:00,1055,1055,1055,1055,0
2021-12-28 10:51:00,1055,1055,1055,1055,5500
2021-12-28 10:52:00,1055,1055,1055,1055,0
2021-12-28 10:53:00,1060,1060,1060,1060,100
2021-12-28 10:54:00,1060,1060,1060,1060,0
2021-12-28 10:55:00,1060,1060,1060,1060,0
2021-12-28 10:56:00,1060,1060,1060,1060,0
2021-12-28 10:57:00,1060,1060,1060,1060,0
2021-12-28 10:58:00,1060,1060,1060,1060,0
2021-12-28 10:59:00,1065,1065,1065,1065,500
2021-12-28 11:00:00,1065,1065,1065,1065,300
2021-12-28 11:01:00,1065,1065,1065,1065,0
2021-12-28 11:02:00,1065,1065,1065,1065,0
2021-12-28 11:03:00,1065,1065,1065,1065,0
2021-12-28 11:04:00,1065,1065,1065,1065,0
2021-12-28 11:05:00,1060,1060,1060,1060,300
2021-12-28 11:06:00,1060,1060,1060,1060,0
2021-12-28 11:07:00,1060,1060,1060,1060,0
2021-12-28 11:08:00,1060,1060,1060,1060,5500
2021-12-28 11:09:00,1060,1060,1060,1060,0
2021-12-28 11:10:00,1060,1060,1065,1065,6000
2021-12-28 11:11:00,1065,1065,1065,1065,1500
2021-12-28 11:12:00,1065,1065,1065,1065,0
2021-12-28 11:13:00,1065,1065,1065,1065,0
2021-12-28 11:14:00,1065,1065,1065,1065,0
2021-12-28 11:15:00,1065,1065,1065,1065,0
2021-12-28 11:16:00,1065,1065,1065,1065,0
2021-12-28 11:17:00,1065,1065,1065,1065,0
2021-12-28 11:18:00,1065,1065,1065,1065,0
2021-12-28 11:19:00,1065,1065,1065,1065,0
2021-12-28 11:20:00,1065,1065,1065,1065,0
2021-12-28 11:21:00,1065,1065,1065,1065,0
2021-12-28 11:22:00,1060,1060,1060,1060,200
2021-12-28 11:23:00,1060,1060,1060,1060,800
2021-12-28 11:24:00,1060,1060,1060,1060,0
2021-12-28 11:25:00,1060,1060,1060,1060,6700
2021-12-28 11:26:00,1060,1060,1060,1060,7000
2021-12-28 11:27:00,1060,1060,1060,1060,0
2021-12-28 11:28:00,1065,1065,1065,1065,7200
2021-12-28 11:29:00,1065,1065,1065,1065,6600
2021-12-28 11:30:00,1065,1065,1065,1065,0
2021-12-28 11:31:00,1065,1065,1065,1065,0
2021-12-28 11:32:00,1065,1065,1065,1065,0
2021-12-28 11:33:00,1065,1065,1065,1065,0
2021-12-28 11:34:00,1065,1065,1065,1065,0
2021-12-28 11:35:00,1065,1065,1065,1065,0
2021-12-28 11:36:00,1065,1065,1065,1065,0
2021-12-28 11:37:00,1065,1065,1065,1065,0
2021-12-28 11:38:00,1065,1065,1065,1065,0
2021-12-28 11:39:00,1065,1065,1065,1065,0
2021-12-28 11:40:00,1065,1065,1065,1065,0
2021-12-28 11:41:00,1065,1065,1065,1065,0
2021-12-28 11:42:00,1065,1065,1065,1065,0
2021-12-28 11:43:00,1065,1065,1065,1065,0
2021-12-28 11:44:00,1065,1065,1065,1065,0
2021-12-28 11:45:00,1065,1065,1065,1065,0
2021-12-28 11:46:00,1065,1065,1065,1065,0
2021-12-28 11:47:00,1065,1065,1065,1065,0
2021-12-28 11:48:00,1065,1065,1065,1065,0
2021-12-28 11:49:00,1065,1065,1065,1065,0
2021-12-28 11:50:00,1065,1065,1065,1065,0
2021-12-28 11:51:00,1065,1065,1065,1065,0
2021-12-28 11:52:00,1065,1065,1065,1065,0
2021-12-28 11:53:00,1065,1065,1065,1065,0
2021-12-28 11:54:00,1065,1065,1065,1065,0
2021-12-28 11:55:00,1065,1065,1065,1065,0
2021-12-28 11:56:00,1065,1065,1065,1065,0
2021-12-28 11:57:00,1065,1065,1065,1065,0
2021-12-28 11:58:00,1065,1065,1065,1065,0
2021-12-28 11:59:00,1065,1065,1065,1065,0
2021-12-28 12:00:00,1065,1065,1065,1065,0
2021-12-28 12:01:00,1065,1065,1065,1065,0
2021-12-28 12:02:00,1065,1065,1065,1065,0
2021-12-28 12:03:00,1065,1065,1065,1065,0
2021-12-28 12:04:00,1065,1065,1065,1065,0
2021-12-28 12:05:00,1065,1065,1065,1065,0
2021-12-28 12:06:00,1065,1065,1065,1065,0
2021-12-28 12:07:00,1065,1065,1065,1065,0
2021-12-28 12:08:00,1065,1065,1065,1065,0
2021-12-28 12:09:00,1065,1065,1065,1065,0
2021-12-28 12:10:00,1065,1065,1065,1065,0
2021-12-28 12:11:00,1065,1065,1065,1065,0
2021-12-28 12:12:00,1065,1065,1065,1065,0
2021-12-28 12:13:00,1065,1065,1065,1065,0
2021-12-28 12:14:00,1065,1065,1065,1065,0
2021-12-28 12:15:00,1065,1065,1065,1065,0
2021-12-28 12:16:00,1065,1065,1065,1065,0
2021-12-28 12:17:00,1065,1065,1065,1065,0
2021-12-28 12:18:00,1065,1065,1065,1065,0
2021-12-28 12:19:00,1065,1065,1065,1065,0
2021-12-28 12:20:00,1065,1065,1065,1065,0
2021-12-28 12:21:00,1065,1065,1065,1065,0
2021-12-28 12:22:00,1065,1065,1065,1065,0
2021-12-28 12:23:00,1065,1065,1065,1065,0
2021-12-28 12:24:00,1065,1065,1065,1065,0
2021-12-28 12:25:00,1065,1065,1065,1065,0
2021-12-28 12:26:00,1065,1065,1065,1065,0
2021-12-28 12:27:00,1065,1065,1065,1065,0
2021-12-28 12:28:00,1065,1065,1065,1065,0
2021-12-28 12:29:00,1065,1065,1065,1065,0
2021-12-28 12:30:00,1065,1065,1065,1065,0
2021-12-28 12:31:00,1065,1065,1065,1065,0
2021-12-28 12:32:00,1065,1065,1065,1065,0
2021-12-28 12:33:00,1065,1065,1065,1065,0
2021-12-28 12:34:00,1065,1065,1065,1065,0
2021-12-28 12:35:00,1065,1065,1065,1065,0
2021-12-28 12:36:00,1065,1065,1065,1065,0
2021-12-28 12:37:00,1065,1065,1065,1065,0
2021-12-28 12:38:00,1065,1065,1065,1065,0
2021-12-28 12:39:00,1065,1065,1065,1065,0
2021-12-28 12:40:00,1065,1065,1065,1065,0
2021-12-28 12:41:00,1065,1065,1065,1065,0
2021-12-28 12:42:00,1065,1065,1065,1065,0
2021-12-28 12:43:00,1065,1065,1065,1065,0
2021-12-28 12:44:00,1065,1065,1065,1065,0
2021-12-28 12:45:00,1065,1065,1065,1065,0
2021-12-28 12:46:00,1065,1065,1065,1065,0
2021-12-28 12:47:00,1065,1065,1065,1065,0
2021-12-28 12:48:00,1065,1065,1065,1065,0
2021-12-28 12:49:00,1065,1065,1065,1065,0
2021-12-28 12:50:00,1065,1065,1065,1065,0
2021-12-28 12:51:00,1065,1065,1065,1065,0
2021-12-28 12:52:00,1065,1065,1065,1065,0
2021-12-28 12:53:00,1065,1065,1065,1065,0
2021-12-28 12:54:00,1065,1065,1065,1065,0
2021-12-28 12:55:00,1065,1065,1065,1065,0
2021-12-28 12:56:00,1065,1065,1065,1065,0
2021-12-28 12:57:00,1065,1065,1065,1065,0
2021-12-28 12:58:00,1065,1065,1065,1065,0
2021-12-28 12:59:00,1065,1065,1065,1065,0
2021-12-28 13:00:00,1065,1065,1065,1065,0
2021-12-28 13:01:00,1065,1065,1065,1065,0
2021-12-28 13:02:00,1065,1065,1065,1065,0
2021-12-28 13:03:00,1065,1065,1065,1065,0
2021-12-28 13:04:00,1065,1065,1065,1065,0
2021-12-28 13:05:00,1065,1065,1065,1065,0
2021-12-28 13:06:00,1065,1065,1065,1065,0
2021-12-28 13:07:00,1065,1065,1065,1065,0
2021-12-28 13:08:00,1065,1065,1065,1065,0
2021-12-28 13:09:00,1065,1065,1065,1065,0
2021-12-28 13:10:00,1065,1065,1065,1065,0
2021-12-28 13:11:00,1065,1065,1065,1065,0
2021-12-28 13:12:00,1065,1065,1065,1065,0
2021-12-28 13:13:00,1065,1065,1065,1065,0
2021-12-28 13:14:00,1065,1065,1065,1065,0
2021-12-28 13:15:00,1065,1065,1065,1065,0
2021-12-28 13:16:00,1065,1065,1065,1065,0
2021-12-28 13:17:00,1065,1065,1065,1065,0
2021-12-28 13:18:00,1065,1065,1065,1065,0
2021-12-28 13:19:00,1065,1065,1065,1065,0
2021-12-28 13:20:00,1065,1065,1065,1065,0
2021-12-28 13:21:00,1065,1065,1065,1065,0
2021-12-28 13:22:00,1065,1065,1065,1065,0
2021-12-28 13:23:00,1065,1065,1065,1065,0
2021-12-28 13:24:00,1065,1065,1065,1065,0
2021-12-28 13:25:00,1065,1065,1065,1065,0
2021-12-28 13:26:00,1065,1065,1065,1065,0
2021-12-28 13:27:00,1065,1065,1065,1065,0
2021-12-28 13:28:00,1065,1065,1065,1065,0
2021-12-28 13:29:00,1065,1065,1065,1065,0
2021-12-28 13:30:00,1065,1065,1075,1075,21700
2021-12-28 13:31:00,1075,1075,1085,1085,213900
2021-12-28 13:32:00,1085,1085,1085,1085,410100
2021-12-28 13:33:00,1085,1085,1090,1085,264400
2021-12-28 13:34:00,1085,1085,1090,1085,234200
2021-12-28 13:35:00,1090,1090,1095,1095,159700
2021-12-28 13:36:00,1100,1090,1100,1090,250500
2021-12-28 13:37:00,1090,1080,1090,1080,266000
2021-12-28 13:38:00,1080,1075,1080,1075,5000
2021-12-28 13:39:00,1085,1085,1085,1085,100
2021-12-28 13:40:00,1085,1085,1085,1085,500
2021-12-28 13:41:00,1085,1085,1090,1090,39200
2021-12-28 13:42:00,1095,1095,1095,1095,3700
2021-12-28 13:43:00,1090,1090,1090,1090,12000
2021-12-28 13:44:00,1090,1090,1090,1090,10400
2021-12-28 13:45:00,1090,1090,1090,1090,500
2021-12-28 13:46:00,1090,1090,1090,1090,0
2021-12-28 13:47:00,1090,1090,1090,1090,0
2021-12-28 13:48:00,1090,1090,1090,1090,100
2021-12-28 13:49:00,1080,1080,1080,1080,300
2021-12-28 13:50:00,1080,1075,1080,1075,2100
2021-12-28 13:51:00,1075,1075,1075,1075,7000
2021-12-28 13:52:00,1075,1075,1075,1075,0
2021-12-28 13:53:00,1075,1075,1075,1075,4000
2021-12-28 13:54:00,1075,1075,1075,1075,0
2021-12-28 13:55:00,1075,1075,1075,1075,0
2021-12-28 13:56:00,1075,1075,1075,1075,18700
2021-12-28 13:57:00,1075,1075,1075,1075,0
2021-12-28 13:58:00,1075,1075,1075,1075,0
2021-12-28 13:59:00,1075,1075,1075,1075,0
2021-12-28 14:00:00,1075,1075,1075,1075,190500
2021-12-28 14:01:00,1075,1075,1075,1075,9600
2021-12-28 14:02:00,1075,1070,1075,1070,307600
2021-12-28 14:03:00,1070,1070,1075,1075,224700
2021-12-28 14:04:00,1075,1075,1075,1075,160000
2021-12-28 14:05:00,1075,1075,1075,1075,2500
2021-12-28 14:06:00,1075,1075,1075,1075,0
2021-12-28 14:07:00,1075,1075,1075,1075,0
2021-12-28 14:08:00,1075,1075,1075,1075,0
2021-12-28 14:09:00,1075,1075,1075,1075,0
2021-12-28 14:10:00,1070,1065,1070,1065,349400
2021-12-28 14:11:00,1065,1065,1065,1065,2000
2021-12-28 14:12:00,1065,1065,1065,1065,300
2021-12-28 14:13:00,1060,1055,1060,1055,312800
2021-12-28 14:14:00,1055,1055,1055,1055,13500
2021-12-28 14:15:00,1060,1060,1060,1060,3200
2021-12-28 14:16:00,1060,1060,1060,1060,6300
2021-12-28 14:17:00,1060,1060,1060,1060,700
2021-12-28 14:18:00,1060,1060,1060,1060,0
2021-12-28 14:19:00,1060,1060,1060,1060,200
2021-12-28 14:20:00,1060,1060,1060,1060,500
2021-12-28 14:21:00,1065,1065,1065,1065,3100
2021-12-28 14:22:00,1065,1065,1065,1065,0
2021-12-28 14:23:00,1065,1065,1065,1065,200
2021-12-28 14:24:00,1065,1065,1065,1065,300
2021-12-28 14:25:00,1060,1060,1060,1060,6000
2021-12-28 14:26:00,1060,1060,1060,1060,10000
2021-12-28 14:27:00,1060,1060,1060,1060,20000
2021-12-28 14:28:00,1060,1060,1060,1060,0
2021-12-28 14:29:00,1060,1060,1060,1060,0
2021-12-28 14:30:00,1060,1060,1060,1060,0
2021-12-28 14:31:00,1060,1060,1060,1060,0
2021-12-28 14:32:00,1060,1060,1060,1060,0
2021-12-28 14:33:00,1060,1060,1060,1060,1500
2021-12-28 14:34:00,1060,1060,1060,1060,1100
2021-12-28 14:35:00,1060,1060,1060,1060,0
2021-12-28 14:36:00,1060,1060,1060,1060,200
2021-12-28 14:37:00,1065,1065,1065,1065,2500
2021-12-28 14:38:00,1065,1065,1065,1065,900
2021-12-28 14:39:00,1060,1060,1060,1060,10000
2021-12-28 14:40:00,1060,1060,1065,1065,3300
2021-12-28 14:41:00,1060,1060,1065,1065,0
2021-12-28 14:42:00,1065,1065,1065,1065,100
2021-12-28 14:43:00,1065,1065,1065,1065,0
2021-12-28 14:44:00,1060,1060,1060,1060,6500
2021-12-28 14:45:00,1055,1055,1060,1060,1500
2021-12-28 14:46:00,1060,1060,1060,1060,2500
2021-12-28 14:47:00,1060,1060,1060,1060,0
2021-12-28 14:48:00,1060,1060,1060,1060,1600
2021-12-28 14:49:00,1060,1055,1060,1055,5000
2021-12-28 14:50:00,1060,1055,1060,1055,0
2021-12-28 14:51:00,1060,1055,1060,1055,0
2021-12-28 14:52:00,1060,1055,1060,1055,0
2021-12-28 14:53:00,1060,1055,1060,1055,0
2021-12-28 14:54:00,1060,1055,1060,1055,0
2021-12-28 14:55:00,1060,1055,1060,1055,0
2021-12-28 14:56:00,1060,1055,1060,1055,0
2021-12-28 14:57:00,1060,1055,1060,1055,0
2021-12-28 14:58:00,1060,1055,1060,1055,0
2021-12-28 14:59:00,1060,1055,1060,1055,0
2021-12-28 15:00:00,1060,1060,1060,1060,43700
2021-12-28 15:01:00,1060,1060,1060,1060,0
2021-12-28 15:02:00,1060,1060,1060,1060,0
2021-12-28 15:03:00,1060,1060,1060,1060,5100
2021-12-28 15:04:00,1060,1060,1060,1060,0
2021-12-28 15:05:00,1060,1060,1060,1060,9500
2021-12-28 15:06:00,1060,1060,1060,1060,500
2021-12-28 15:07:00,1060,1060,1060,1060,0
2021-12-28 15:08:00,1060,1060,1060,1060,0
2021-12-28 15:09:00,1060,1060,1060,1060,100
2021-12-28 15:10:00,1060,1060,1060,1060,0
2021-12-28 15:11:00,1060,1060,1060,1060,28300
2021-12-28 15:12:00,1060,1060,1060,1060,0
2021-12-28 15:13:00,1060,1060,1060,1060,0
2021-12-28 15:14:00,1060,1060,1060,1060,0
2021-12-28 15:15:00,1060,1060,1060,1060,0
2021-12-28 15:16:00,1060,1060,1060,1060,0
2021-12-28 15:17:00,1060,1060,1060,1060,0
2021-12-28 15:18:00,1060,1060,1060,1060,0
2021-12-28 15:19:00,1060,1060,1060,1060,0
2021-12-28 15:20:00,1060,1060,1060,1060,0
2021-12-28 15:21:00,1060,1060,1060,1060,0
2021-12-28 15:22:00,1060,1060,1060,1060,0
2021-12-28 15:23:00,1060,1060,1060,1060,0
2021-12-28 15:24:00,1060,1060,1060,1060,0
2021-12-28 15:25:00,1060,1060,1060,1060,0
2021-12-28 15:26:00,1060,1060,1060,1060,0
2021-12-28 15:27:00,1060,1060,1060,1060,0
2021-12-28 15:28:00,1060,1060,1060,1060,0
2021-12-28 15:29:00,1060,1060,1060,1060,0
2021-12-28 15:30:00,1060,1060,1060,1060,0
2021-12-28 15:31:00,1060,1060,1060,1060,0
2021-12-28 15:32:00,1060,1060,1060,1060,0
2021-12-28 15:33:00,1060,1060,1060,1060,0
2021-12-28 15:34:00,1060,1060,1060,1060,0
2021-12-28 15:35:00,1060,1060,1060,1060,0
2021-12-28 15:36:00,1060,1060,1060,1060,0
2021-12-28 15:37:00,1060,1060,1060,1060,0
2021-12-28 15:38:00,1060,1060,1060,1060,0
2021-12-28 15:39:00,1060,1060,1060,1060,0
2021-12-28 15:40:00,1060,1060,1060,1060,0
2021-12-28 15:41:00,1060,1060,1060,1060,0
2021-12-28 15:42:00,1060,1060,1060,1060,0
2021-12-28 15:43:00,1060,1060,1060,1060,0
2021-12-28 15:44:00,1060,1060,1060,1060,0
2021-12-28 15:45:00,1060,1060,1060,1060,0
2021-12-28 15:46:00,1060,1060,1060,1060,0
2021-12-28 15:47:00,1060,1060,1060,1060,0
2021-12-28 15:48:00,1060,1060,1060,1060,0
2021-12-28 15:49:00,1060,1060,1060,1060,0
2021-12-28 15:50:00,1060,1060,1060,1060,0
2021-12-28 15:51:00,1060,1060,1060,1060,0
2021-12-28 15:52:00,1060,1060,1060,1060,0
2021-12-28 15:53:00,1060,1060,1060,1060,0
2021-12-28 15:54:00,1060,1060,1060,1060,0
2021-12-28 15:55:00,1060,1060,1060,1060,0
2021-12-28 15:56:00,1060,1060,1060,1060,0
2021-12-28 15:57:00,1060,1060,1060,1060,0
2021-12-28 15:58:00,1060,1060,1060,1060,0
2021-12-28 15:59:00,1060,1060,1060,1060,0
2021-12-29 09:00:00,1045,1040,1045,1045,0
2021-12-29 09:01:00,1040,1040,1050,1050,72700
2021-12-29 09:02:00,1050,1045,1050,1050,14600
2021-12-29 09:03:00,1050,1050,1050,1050,3000
2021-12-29 09:04:00,1050,1050,1050,1050,35600
2021-12-29 09:05:00,1050,1050,1050,1050,4800
2021-12-29 09:06:00,1050,1045,1050,1045,6700
2021-12-29 09:07:00,1045,1045,1045,1045,900
2021-12-29 09:08:00,1045,1040,1045,1040,163900
2021-12-29 09:09:00,1035,1030,1035,1030,82600
2021-12-29 09:10:00,1030,1030,1030,1030,33800
2021-12-29 09:11:00,1030,1030,1060,1060,1067500
2021-12-29 09:12:00,1060,1055,1070,1055,162000
2021-12-29 09:13:00,1055,1055,1055,1055,201600
2021-12-29 09:14:00,1055,1050,1055,1050,26400
2021-12-29 09:15:00,1050,1050,1050,1050,14400
2021-12-29 09:16:00,1050,1050,1050,1050,200
2021-12-29 09:17:00,1050,1045,1050,1045,204400
2021-12-29 09:18:00,1045,1040,1045,1040,108800
2021-12-29 09:19:00,1040,1035,1045,1045,89100
2021-12-29 09:20:00,1040,1030,1040,1030,256300
2021-12-29 09:21:00,1040,1030,1040,1030,251000
2021-12-29 09:22:00,1030,1030,1030,1030,1000
2021-12-29 09:23:00,1040,1030,1040,1030,251000
2021-12-29 09:24:00,1030,1030,1045,1040,160700
2021-12-29 09:25:00,1040,1025,1040,1040,39000
2021-12-29 09:26:00,1030,1030,1030,1030,600
2021-12-29 09:27:00,1030,1030,1030,1030,4600
2021-12-29 09:28:00,1035,1030,1035,1030,1100
2021-12-29 09:29:00,1030,1030,1030,1030,100
2021-12-29 09:30:00,1035,1035,1035,1035,400
2021-12-29 09:31:00,1030,1030,1030,1030,200
2021-12-29 09:32:00,1030,1030,1030,1030,0
2021-12-29 09:33:00,1030,1030,1030,1030,19700
2021-12-29 09:34:00,1030,1030,1030,1030,400
2021-12-29 09:35:00,1030,1030,1030,1030,1300
2021-12-29 09:36:00,1030,1030,1030,1030,0
2021-12-29 09:37:00,1030,1030,1035,1035,7600
2021-12-29 09:38:00,1035,1035,1035,1035,400
2021-12-29 09:39:00,1035,1035,1035,1035,0
2021-12-29 09:40:00,1035,1035,1035,1035,0
2021-12-29 09:41:00,1035,1035,1035,1035,0
2021-12-29 09:42:00,1030,1030,1030,1030,1100
2021-12-29 09:43:00,1030,1030,1030,1030,500
2021-12-29 09:44:00,1030,1030,1030,1030,12000
2021-12-29 09:45:00,1030,1030,1030,1030,2000
2021-12-29 09:46:00,1035,1035,1035,1035,100
2021-12-29 09:47:00,1035,1035,1035,1035,3500
2021-12-29 09:48:00,1035,1035,1035,1035,3000
2021-12-29 09:49:00,1035,1035,1035,1035,1000
2021-12-29 09:50:00,1030,1030,1030,1030,300
2021-12-29 09:51:00,1035,1030,1035,1030,700
2021-12-29 09:52:00,1035,1035,1035,1035,100
2021-12-29 09:53:00,1035,1035,1035,1035,0
2021-12-29 09:54:00,1035,1035,1035,1035,20000
2021-12-29 09:55:00,1030,1030,1030,1030,10000
2021-12-29 09:56:00,1030,1025,1030,1025,112000
2021-12-29 09:57:00,1025,1015,1025,1015,204000
2021-12-29 09:58:00,1020,1015,1020,1015,48300
2021-12-29 09:59:00,1020,1015,1020,1015,41000
2021-12-29 10:00:00,1015,1015,1020,1020,30900
2021-12-29 10:01:00,1020,1015,1020,1015,23600
2021-12-29 10:02:00,1015,1015,1015,1015,6000
2021-12-29 10:03:00,1015,1015,1015,1015,0
2021-12-29 10:04:00,1020,1020,1020,1020,1500
2021-12-29 10:05:00,1020,1020,1020,1020,800
2021-12-29 10:06:00,1020,1020,1020,1020,0
2021-12-29 10:07:00,1020,1020,1020,1020,0
2021-12-29 10:08:00,1020,1020,1020,1020,0
2021-12-29 10:09:00,1020,1020,1020,1020,0
2021-12-29 10:10:00,1015,1010,1015,1010,83300
2021-12-29 10:11:00,1015,1015,1015,1015,8500
2021-12-29 10:12:00,1020,1020,1020,1020,100
2021-12-29 10:13:00,1015,1010,1015,1010,14200
2021-12-29 10:14:00,1010,1010,1015,1015,16600
2021-12-29 10:15:00,1010,1010,1010,1010,11100
2021-12-29 10:16:00,1010,1010,1010,1010,700
2021-12-29 10:17:00,1010,1010,1010,1010,5600
2021-12-29 10:18:00,1015,1015,1015,1015,5100
2021-12-29 10:19:00,1015,1015,1015,1015,1000
2021-12-29 10:20:00,1015,1015,1015,1015,5500
2021-12-29 10:21:00,1015,1015,1015,1015,6700
2021-12-29 10:22:00,1015,1015,1015,1015,3300
2021-12-29 10:23:00,1015,1015,1015,1015,500
2021-12-29 10:24:00,1015,1015,1015,1015,0
2021-12-29 10:25:00,1010,1010,1015,1015,2300
2021-12-29 10:26:00,1010,1010,1015,1015,0
2021-12-29 10:27:00,1015,1010,1015,1010,6400
2021-12-29 10:28:00,1015,1010,1015,1010,2900
2021-12-29 10:29:00,1010,1010,1010,1010,2000
2021-12-29 10:30:00,1010,1010,1010,1010,0
2021-12-29 10:31:00,1010,1010,1010,1010,0
2021-12-29 10:32:00,1020,1020,1020,1020,5200
2021-12-29 10:33:00,1015,1015,1015,1015,1000
2021-12-29 10:34:00,1015,1015,1015,1015,100
2021-12-29 10:35:00,1015,1015,1015,1015,0
2021-12-29 10:36:00,1015,1015,1015,1015,0
2021-12-29 10:37:00,1015,1015,1020,1020,5200
2021-12-29 10:38:00,1020,1015,1020,1015,700
2021-12-29 10:39:00,1020,1015,1020,1020,2200
2021-12-29 10:40:00,1020,1020,1020,1020,1500
2021-12-29 10:41:00,1020,1020,1020,1020,2000
2021-12-29 10:42:00,1015,1010,1015,1010,6400
2021-12-29 10:43:00,1010,1010,1010,1010,800
2021-12-29 10:44:00,1020,1020,1020,1020,100
2021-12-29 10:45:00,1020,1020,1020,1020,400
2021-12-29 10:46:00,1020,1015,1020,1015,300
2021-12-29 10:47:00,1020,1020,1020,1020,800
2021-12-29 10:48:00,1020,1020,1020,1020,600
2021-12-29 10:49:00,1020,1020,1020,1020,0
2021-12-29 10:50:00,1020,1020,1020,1020,0
2021-12-29 10:51:00,1020,1020,1020,1020,0
2021-12-29 10:52:00,1020,1020,1020,1020,0
2021-12-29 10:53:00,1015,1015,1015,1015,4200
2021-12-29 10:54:00,1015,1015,1015,1015,1200
2021-12-29 10:55:00,1015,1015,1015,1015,5200
2021-12-29 10:56:00,1015,1015,1015,1015,0
2021-12-29 10:57:00,1015,1015,1015,1015,0
2021-12-29 10:58:00,1020,1015,1020,1015,1300
2021-12-29 10:59:00,1015,1015,1015,1015,700
2021-12-29 11:00:00,1015,1015,1015,1015,500
2021-12-29 11:01:00,1015,1015,1015,1015,10000
2021-12-29 11:02:00,1020,1015,1020,1015,1700
2021-12-29 11:03:00,1015,1015,1015,1015,6900
2021-12-29 11:04:00,1020,1020,1020,1020,200
2021-12-29 11:05:00,1020,1020,1020,1020,0
2021-12-29 11:06:00,1020,1020,1020,1020,500
2021-12-29 11:07:00,1020,1015,1020,1015,2000
2021-12-29 11:08:00,1020,1020,1020,1020,200
2021-12-29 11:09:00,1020,1015,1020,1020,1800
2021-12-29 11:10:00,1020,1020,1020,1020,500
2021-12-29 11:11:00,1020,1020,1020,1020,0
2021-12-29 11:12:00,1020,1020,1020,1020,0
2021-12-29 11:13:00,1020,1020,1020,1020,0
2021-12-29 11:14:00,1015,1015,1015,1015,1000
2021-12-29 11:15:00,1015,1015,1015,1015,0
2021-12-29 11:16:00,1015,1015,1015,1015,2400
2021-12-29 11:17:00,1015,1015,1015,1015,0
2021-12-29 11:18:00,1015,1015,1015,1015,0
2021-12-29 11:19:00,1015,1015,1015,1015,5000
2021-12-29 11:20:00,1015,1015,1015,1015,3200
2021-12-29 11:21:00,1020,1020,1020,1020,100
2021-12-29 11:22:00,1020,1020,1020,1020,0
2021-12-29 11:23:00,1020,1020,1020,1020,400
2021-12-29 11:24:00,1015,1015,1015,1015,20300
2021-12-29 11:25:00,1015,1015,1015,1015,0
2021-12-29 11:26:00,1015,1015,1015,1015,0
2021-12-29 11:27:00,1015,1015,1015,1015,0
2021-12-29 11:28:00,1015,1015,1015,1015,2000
2021-12-29 11:29:00,1015,1015,1015,1015,0
2021-12-29 11:30:00,1015,1015,1015,1015,0
2021-12-29 11:31:00,1015,1015,1015,1015,0
2021-12-29 11:32:00,1015,1015,1015,1015,0
2021-12-29 11:33:00,1015,1015,1015,1015,0
2021-12-29 11:34:00,1015,1015,1015,1015,0
2021-12-29 11:35:00,1015,1015,1015,1015,0
2021-12-29 11:36:00,1015,1015,1015,1015,0
2021-12-29 11:37:00,1015,1015,1015,1015,0
2021-12-29 11:38:00,1015,1015,1015,1015,0
2021-12-29 11:39:00,1015,1015,1015,1015,0
2021-12-29 11:40:00,1015,1015,1015,1015,0
2021-12-29 11:41:00,1015,1015,1015,1015,0
2021-12-29 11:42:00,1015,1015,1015,1015,0
2021-12-29 11:43:00,1015,1015,1015,1015,0
2021-12-29 11:44:00,1015,1015,1015,1015,0
2021-12-29 11:45:00,1015,1015,1015,1015,0
2021-12-29 11:46:00,1015,1015,1015,1015,0
2021-12-29 11:47:00,1015,1015,1015,1015,0
2021-12-29 11:48:00,1015,1015,1015,1015,0
2021-12-29 11:49:00,1015,1015,1015,1015,0
2021-12-29 11:50:00,1015,1015,1015,1015,0
2021-12-29 11:51:00,1015,1015,1015,1015,0
2021-12-29 11:52:00,1015,1015,1015,1015,0
2021-12-29 11:53:00,1015,1015,1015,1015,0
2021-12-29 11:54:00,1015,1015,1015,1015,0
2021-12-29 11:55:00,1015,1015,1015,1015,0
2021-12-29 11:56:00,1015,1015,1015,1015,0
2021-12-29 11:57:00,1015,1015,1015,1015,0
2021-12-29 11:58:00,1015,1015,1015,1015,0
2021-12-29 11:59:00,1015,1015,1015,1015,0
2021-12-29 12:00:00,1015,1015,1015,1015,0
2021-12-29 12:01:00,1015,1015,1015,1015,0
2021-12-29 12:02:00,1015,1015,1015,1015,0
2021-12-29 12:03:00,1015,1015,1015,1015,0
2021-12-29 12:04:00,1015,1015,1015,1015,0
2021-12-29 12:05:00,1015,1015,1015,1015,0
2021-12-29 12:06:00,1015,1015,1015,1015,0
2021-12-29 12:07:00,1015,1015,1015,1015,0
2021-12-29 12:08:00,1015,1015,1015,1015,0
2021-12-29 12:09:00,1015,1015,1015,1015,0
2021-12-29 12:10:00,1015,1015,1015,1015,0
2021-12-29 12:11:00,1015,1015,1015,1015,0
2021-12-29 12:12:00,1015,1015,1015,1015,0
2021-12-29 12:13:00,1015,1015,1015,1015,0
2021-12-29 12:14:00,1015,1015,1015,1015,0
2021-12-29 12:15:00,1015,1015,1015,1015,0
2021-12-29 12:16:00,1015,1015,1015,1015,0
2021-12-29 12:17:00,1015,1015,1015,1015,0
2021-12-29 12:18:00,1015,1015,1015,1015,0
2021-12-29 12:19:00,1015,1015,1015,1015,0
2021-12-29 12:20:00,1015,1015,1015,1015,0
2021-12-29 12:21:00,1015,1015,1015,1015,0
2021-12-29 12:22:00,1015,1015,1015,1015,0
2021-12-29 12:23:00,1015,1015,1015,1015,0
2021-12-29 12:24:00,1015,1015,1015,1015,0
2021-12-29 12:25:00,1015,1015,1015,1015,0
2021-12-29 12:26:00,1015,1015,1015,1015,0
2021-12-29 12:27:00,1015,1015,1015,1015,0
2021-12-29 12:28:00,1015,1015,1015,1015,0
2021-12-29 12:29:00,1015,1015,1015,1015,0
2021-12-29 12:30:00,1015,1015,1015,1015,0
2021-12-29 12:31:00,1015,1015,1015,1015,0
2021-12-29 12:32:00,1015,1015,1015,1015,0
2021-12-29 12:33:00,1015,1015,1015,1015,0
2021-12-29 12:34:00,1015,1015,1015,1015,0
2021-12-29 12:35:00,1015,1015,1015,1015,0
2021-12-29 12:36:00,1015,1015,1015,1015,0
2021-12-29 12:37:00,1015,1015,1015,1015,0
2021-12-29 12:38:00,1015,1015,1015,1015,0
2021-12-29 12:39:00,1015,1015,1015,1015,0
2021-12-29 12:40:00,1015,1015,1015,1015,0
2021-12-29 12:41:00,1015,1015,1015,1015,0
2021-12-29 12:42:00,1015,1015,1015,1015,0
2021-12-29 12:43:00,1015,1015,1015,1015,0
2021-12-29 12:44:00,1015,1015,1015,1015,0
2021-12-29 12:45:00,1015,1015,1015,1015,0
2021-12-29 12:46:00,1015,1015,1015,1015,0
2021-12-29 12:47:00,1015,1015,1015,1015,0
2021-12-29 12:48:00,1015,1015,1015,1015,0
2021-12-29 12:49:00,1015,1015,1015,1015,0
2021-12-29 12:50:00,1015,1015,1015,1015,0
2021-12-29 12:51:00,1015,1015,1015,1015,0
2021-12-29 12:52:00,1015,1015,1015,1015,0
2021-12-29 12:53:00,1015,1015,1015,1015,0
2021-12-29 12:54:00,1015,1015,1015,1015,0
2021-12-29 12:55:00,1015,1015,1015,1015,0
2021-12-29 12:56:00,1015,1015,1015,1015,0
2021-12-29 12:57:00,1015,1015,1015,1015,0
2021-12-29 12:58:00,1015,1015,1015,1015,0
2021-12-29 12:59:00,1015,1015,1015,1015,0
2021-12-29 13:00:00,1015,1015,1015,1015,0
2021-12-29 13:01:00,1015,1015,1015,1015,0
2021-12-29 13:02:00,1015,1015,1015,1015,0
2021-12-29 13:03:00,1015,1015,1015,1015,0
2021-12-29 13:04:00,1015,1015,1015,1015,0
2021-12-29 13:05:00,1015,1015,1015,1015,0
2021-12-29 13:06:00,1015,1015,1015,1015,0
2021-12-29 13:07:00,1015,1015,1015,1015,0
2021-12-29 13:08:00,1015,1015,1015,1015,0
2021-12-29 13:09:00,1015,1015,1015,1015,0
2021-12-29 13:10:00,1015,1015,1015,1015,0
2021-12-29 13:11:00,1015,1015,1015,1015,0
2021-12-29 13:12:00,1015,1015,1015,1015,0
2021-12-29 13:13:00,1015,1015,1015,1015,0
2021-12-29 13:14:00,1015,1015,1015,1015,0
2021-12-29 13:15:00,1015,1015,1015,1015,0
2021-12-29 13:16:00,1015,1015,1015,1015,0
2021-12-29 13:17:00,1015,1015,1015,1015,0
2021-12-29 13:18:00,1015,1015,1015,1015,0
2021-12-29 13:19:00,1015,1015,1015,1015,0
2021-12-29 13:20:00,1015,1015,1015,1015,0
2021-12-29 13:21:00,1015,1015,1015,1015,0
2021-12-29 13:22:00,1015,1015,1015,1015,0
2021-12-29 13:23:00,1015,1015,1015,1015,0
2021-12-29 13:24:00,1015,1015,1015,1015,0
2021-12-29 13:25:00,1015,1015,1015,1015,0
2021-12-29 13:26:00,1015,1015,1015,1015,0
2021-12-29 13:27:00,1015,1015,1015,1015,0
2021-12-29 13:28:00,1015,1015,1015,1015,0
2021-12-29 13:29:00,1015,1015,1015,1015,0
2021-12-29 13:30:00,1015,1010,1015,1015,21600
2021-12-29 13:31:00,1010,1010,1010,1010,21000
2021-12-29 13:32:00,1010,1010,1010,1010,0
2021-12-29 13:33:00,1010,1010,1015,1015,27600
2021-12-29 13:34:00,1015,1015,1015,1015,500
2021-12-29 13:35:00,1015,1015,1015,1015,0
2021-12-29 13:36:00,1015,1015,1015,1015,0
2021-12-29 13:37:00,1015,1015,1015,1015,0
2021-12-29 13:38:00,1015,1015,1015,1015,0
2021-12-29 13:39:00,1015,1015,1015,1015,8000
2021-12-29 13:40:00,1010,1010,1010,1010,3000
2021-12-29 13:41:00,1020,1015,1020,1015,200
2021-12-29 13:42:00,1020,1015,1020,1015,0
2021-12-29 13:43:00,1020,1020,1020,1020,4000
2021-12-29 13:44:00,1020,1020,1020,1020,0
2021-12-29 13:45:00,1020,1020,1020,1020,0
2021-12-29 13:46:00,1015,1015,1015,1015,8000
2021-12-29 13:47:00,1015,1015,1015,1015,0
2021-12-29 13:48:00,1015,1015,1020,1015,18700
2021-12-29 13:49:00,1015,1015,1015,1015,1400
2021-12-29 13:50:00,1015,1015,1015,1015,0
2021-12-29 13:51:00,1015,1015,1015,1015,200
2021-12-29 13:52:00,1015,1015,1015,1015,0
2021-12-29 13:53:00,1010,1010,1010,1010,100
2021-12-29 13:54:00,1010,1010,1010,1010,0
2021-12-29 13:55:00,1010,1010,1010,1010,0
2021-12-29 13:56:00,1015,1010,1015,1010,1400
2021-12-29 13:57:00,1010,1010,1010,1010,7100
2021-12-29 13:58:00,1010,1010,1010,1010,8300
2021-12-29 13:59:00,1010,1010,1010,1010,0
2021-12-29 14:00:00,1010,1010,1010,1010,0
2021-12-29 14:01:00,1010,1010,1010,1010,0
2021-12-29 14:02:00,1010,1010,1010,1010,0
2021-12-29 14:03:00,1010,1010,1010,1010,0
2021-12-29 14:04:00,1010,1010,1010,1010,0
2021-12-29 14:05:00,1010,1010,1010,1010,13000
2021-12-29 14:06:00,1010,1005,1010,1010,33100
2021-12-29 14:07:00,1010,1005,1010,1010,0
2021-12-29 14:08:00,1010,1010,1010,1010,1500
2021-12-29 14:09:00,1010,1010,1010,1010,1600
2021-12-29 14:10:00,1005,1005,1005,1005,1100
2021-12-29 14:11:00,1005,1005,1005,1005,14100
2021-12-29 14:12:00,1005,1005,1005,1005,0
2021-12-29 14:13:00,1005,1005,1005,1005,8500
2021-12-29 14:14:00,1005,1000,1010,1000,158800
2021-12-29 14:15:00,1000,1000,1005,1000,29300
2021-12-29 14:16:00,1000,1000,1010,1010,600
2021-12-29 14:17:00,1005,1005,1005,1005,100
2021-12-29 14:18:00,1005,1005,1005,1005,100
2021-12-29 14:19:00,1005,1005,1005,1005,0
2021-12-29 14:20:00,1005,1000,1005,1000,111400
2021-12-29 14:21:00,1000,1000,1000,1000,39500
2021-12-29 14:22:00,1000,1000,1010,1005,5700
2021-12-29 14:23:00,1005,1005,1005,1005,700
2021-12-29 14:24:00,1005,1005,1005,1005,1300
2021-12-29 14:25:00,1005,1005,1005,1005,1200
2021-12-29 14:26:00,1005,1005,1005,1005,100
2021-12-29 14:27:00,1005,1005,1005,1005,1000
2021-12-29 14:28:00,1000,1000,1000,1000,13800
2021-12-29 14:29:00,1000,1000,1000,1000,1400
2021-12-29 14:30:00,1000,995,1000,1000,169900
2021-12-29 14:31:00,995,995,1000,1000,27400
2021-12-29 14:32:00,995,995,1000,995,74400
2021-12-29 14:33:00,1000,1000,1000,1000,500
2021-12-29 14:34:00,1000,995,1000,995,44300
2021-12-29 14:35:00,1000,995,1000,995,5700
2021-12-29 14:36:00,1000,1000,1000,1000,11000
2021-12-29 14:37:00,1000,1000,1000,1000,100000
2021-12-29 14:38:00,995,995,1005,1005,297800
2021-12-29 14:39:00,1000,1000,1000,1000,1000
2021-12-29 14:40:00,1000,1000,1000,1000,2000
2021-12-29 14:41:00,1000,1000,1000,1000,0
2021-12-29 14:42:00,1000,1000,1010,1010,40200
2021-12-29 14:43:00,1010,1010,1015,1010,90500
2021-12-29 14:44:00,1010,1010,1010,1010,2000
2021-12-29 14:45:00,1010,1010,1010,1010,100
2021-12-29 14:46:00,1010,1010,1010,1010,0
2021-12-29 14:47:00,1010,1010,1010,1010,0
2021-12-29 14:48:00,1010,1010,1010,1010,0
2021-12-29 14:49:00,1010,1000,1010,1010,273200
2021-12-29 14:50:00,1010,1000,1010,1010,0
2021-12-29 14:51:00,1010,1000,1010,1010,0
2021-12-29 14:52:00,1010,1000,1010,1010,0
2021-12-29 14:53:00,1010,1000,1010,1010,0
2021-12-29 14:54:00,1010,1000,1010,1010,0
2021-12-29 14:55:00,1010,1000,1010,1010,0
2021-12-29 14:56:00,1010,1000,1010,1010,0
2021-12-29 14:57:00,1010,1000,1010,1010,0
2021-12-29 14:58:00,1010,1000,1010,1010,0
2021-12-29 14:59:00,1010,1000,1010,1010,0
2021-12-29 15:00:00,1000,1000,1000,1000,163400
2021-12-29 15:01:00,1000,1000,1000,1000,57500
2021-12-29 15:02:00,1000,1000,1000,1000,20100
2021-12-29 15:03:00,1000,1000,1000,1000,12700
2021-12-29 15:04:00,1000,1000,1000,1000,33900
2021-12-29 15:05:00,1000,1000,1000,1000,0
2021-12-29 15:06:00,1000,1000,1000,1000,2000
2021-12-29 15:07:00,1000,1000,1000,1000,11500
2021-12-29 15:08:00,1000,1000,1000,1000,0
2021-12-29 15:09:00,1000,1000,1000,1000,0
2021-12-29 15:10:00,1000,1000,1000,1000,0
2021-12-29 15:11:00,1000,1000,1000,1000,0
2021-12-29 15:12:00,1000,1000,1000,1000,700
2021-12-29 15:13:00,1000,1000,1000,1000,0
2021-12-29 15:14:00,1000,1000,1000,1000,0
2021-12-29 15:15:00,1000,1000,1000,1000,0
2021-12-29 15:16:00,1000,1000,1000,1000,0
2021-12-29 15:17:00,1000,1000,1000,1000,0
2021-12-29 15:18:00,1000,1000,1000,1000,0
2021-12-29 15:19:00,1000,1000,1000,1000,0
2021-12-29 15:20:00,1000,1000,1000,1000,0
2021-12-29 15:21:00,1000,1000,1000,1000,0
2021-12-29 15:22:00,1000,1000,1000,1000,0
2021-12-29 15:23:00,1000,1000,1000,1000,0
2021-12-29 15:24:00,1000,1000,1000,1000,0
2021-12-29 15:25:00,1000,1000,1000,1000,0
2021-12-29 15:26:00,1000,1000,1000,1000,0
2021-12-29 15:27:00,1000,1000,1000,1000,0
2021-12-29 15:28:00,1000,1000,1000,1000,0
2021-12-29 15:29:00,1000,1000,1000,1000,0
2021-12-29 15:30:00,1000,1000,1000,1000,0
2021-12-29 15:31:00,1000,1000,1000,1000,0
2021-12-29 15:32:00,1000,1000,1000,1000,0
2021-12-29 15:33:00,1000,1000,1000,1000,0
2021-12-29 15:34:00,1000,1000,1000,1000,0
2021-12-29 15:35:00,1000,1000,1000,1000,0
2021-12-29 15:36:00,1000,1000,1000,1000,0
2021-12-29 15:37:00,1000,1000,1000,1000,0
2021-12-29 15:38:00,1000,1000,1000,1000,0
2021-12-29 15:39:00,1000,1000,1000,1000,0
2021-12-29 15:40:00,1000,1000,1000,1000,0
2021-12-29 15:41:00,1000,1000,1000,1000,0
2021-12-29 15:42:00,1000,1000,1000,1000,0
2021-12-29 15:43:00,1000,1000,1000,1000,0
2021-12-29 15:44:00,1000,1000,1000,1000,0
2021-12-29 15:45:00,1000,1000,1000,1000,0
2021-12-29 15:46:00,1000,1000,1000,1000,0
2021-12-29 15:47:00,1000,1000,1000,1000,0
2021-12-29 15:48:00,1000,1000,1000,1000,0
2021-12-29 15:49:00,1000,1000,1000,1000,0
2021-12-29 15:50:00,1000,1000,1000,1000,0
2021-12-29 15:51:00,1000,1000,1000,1000,0
2021-12-29 15:52:00,1000,1000,1000,1000,0
2021-12-29 15:53:00,1000,1000,1000,1000,0
2021-12-29 15:54:00,1000,1000,1000,1000,0
2021-12-29 15:55:00,1000,1000,1000,1000,0
2021-12-29 15:56:00,1000,1000,1000,1000,0
2021-12-29 15:57:00,1000,1000,1000,1000,0
2021-12-29 15:58:00,1000,1000,1000,1000,0
2021-12-29 15:59:00,1000,1000,1000,1000,0
2021-12-30 09:00:00,1000,995,1000,995,0
2021-12-30 09:01:00,995,995,995,995,10000
2021-12-30 09:02:00,1000,1000,1000,1000,10000
2021-12-30 09:03:00,1005,1005,1005,1005,6000
2021-12-30 09:04:00,1005,1005,1005,1005,0
2021-12-30 09:05:00,1005,1005,1005,1005,100
2021-12-30 09:06:00,1005,1005,1020,1020,384100
2021-12-30 09:07:00,1015,1015,1040,1040,161200
2021-12-30 09:08:00,1040,1035,1050,1035,83200
2021-12-30 09:09:00,1035,1015,1035,1015,141000
2021-12-30 09:10:00,1025,1020,1025,1020,1500
2021-12-30 09:11:00,1020,1020,1025,1025,9600
2021-12-30 09:12:00,1025,1020,1025,1020,61900
2021-12-30 09:13:00,1020,1015,1025,1015,167900
2021-12-30 09:14:00,1015,1015,1025,1015,33000
2021-12-30 09:15:00,1015,1015,1015,1015,800
2021-12-30 09:16:00,1015,1015,1015,1015,0
2021-12-30 09:17:00,1015,1015,1015,1015,0
2021-12-30 09:18:00,1020,1015,1020,1020,8000
2021-12-30 09:19:00,1020,1020,1020,1020,500
2021-12-30 09:20:00,1015,1015,1015,1015,100
2021-12-30 09:21:00,1015,1015,1015,1015,0
2021-12-30 09:22:00,1015,1015,1015,1015,0
2021-12-30 09:23:00,1015,1015,1015,1015,1100
2021-12-30 09:24:00,1020,1015,1025,1025,359300
2021-12-30 09:25:00,1015,1010,1015,1010,49500
2021-12-30 09:26:00,1010,1005,1010,1005,342300
2021-12-30 09:27:00,1005,990,1005,990,210500
2021-12-30 09:28:00,990,980,995,980,170500
2021-12-30 09:29:00,990,980,990,985,17600
2021-12-30 09:30:00,990,985,990,985,17600
2021-12-30 09:31:00,990,990,1000,1000,78700
2021-12-30 09:32:00,990,990,1000,1000,0
2021-12-30 09:33:00,1000,1000,1000,1000,2100
2021-12-30 09:34:00,1000,1000,1000,1000,0
2021-12-30 09:35:00,1000,1000,1000,1000,0
2021-12-30 09:36:00,995,995,995,995,5300
2021-12-30 09:37:00,995,995,995,995,4900
2021-12-30 09:38:00,995,995,995,995,1000
2021-12-30 09:39:00,990,990,990,990,600
2021-12-30 09:40:00,990,990,990,990,12400
2021-12-30 09:41:00,990,990,990,990,100
2021-12-30 09:42:00,995,990,995,990,400
2021-12-30 09:43:00,990,990,990,990,18500
2021-12-30 09:44:00,990,990,990,990,3600
2021-12-30 09:45:00,985,985,990,990,17900
2021-12-30 09:46:00,990,985,990,985,3000
2021-12-30 09:47:00,985,985,985,985,1100
2021-12-30 09:48:00,990,990,990,990,17900
2021-12-30 09:49:00,990,990,990,990,0
2021-12-30 09:50:00,990,990,995,995,3300
2021-12-30 09:51:00,990,990,990,990,11000
2021-12-30 09:52:00,990,990,995,990,7600
2021-12-30 09:53:00,990,990,995,990,0
2021-12-30 09:54:00,990,990,990,990,1700
2021-12-30 09:55:00,990,990,990,990,0
2021-12-30 09:56:00,995,995,995,995,5000
2021-12-30 09:57:00,995,995,995,995,0
2021-12-30 09:58:00,995,995,995,995,0
2021-12-30 09:59:00,995,995,995,995,3000
2021-12-30 10:00:00,990,990,995,995,12300
2021-12-30 10:01:00,990,990,990,990,2000
2021-12-30 10:02:00,990,990,990,990,0
2021-12-30 10:03:00,990,990,990,990,0
2021-12-30 10:04:00,990,990,990,990,2500
2021-12-30 10:05:00,990,990,990,990,2500
2021-12-30 10:06:00,990,990,990,990,0
2021-12-30 10:07:00,990,990,990,990,0
2021-12-30 10:08:00,990,990,990,990,0
2021-12-30 10:09:00,990,990,990,990,200
2021-12-30 10:10:00,995,995,995,995,500
2021-12-30 10:11:00,990,990,990,990,7100
2021-12-30 10:12:00,990,990,990,990,29900
2021-12-30 10:13:00,990,990,995,995,12200
2021-12-30 10:14:00,995,990,995,990,1800
2021-12-30 10:15:00,995,990,995,990,0
2021-12-30 10:16:00,995,990,995,990,0
2021-12-30 10:17:00,990,990,990,990,800
2021-12-30 10:18:00,990,990,990,990,0
2021-12-30 10:19:00,990,985,990,985,32300
2021-12-30 10:20:00,985,985,985,985,300
2021-12-30 10:21:00,985,985,985,985,0
2021-12-30 10:22:00,985,980,985,980,14500
2021-12-30 10:23:00,980,975,980,975,106800
2021-12-30 10:24:00,975,975,980,980,6400
2021-12-30 10:25:00,975,970,980,970,40300
2021-12-30 10:26:00,970,970,975,975,24400
2021-12-30 10:27:00,970,970,975,975,0
2021-12-30 10:28:00,970,965,970,965,65200
2021-12-30 10:29:00,965,965,965,965,38500
2021-12-30 10:30:00,965,965,975,975,20000
2021-12-30 10:31:00,975,975,975,975,1500
2021-12-30 10:32:00,975,975,975,975,1500
2021-12-30 10:33:00,965,965,965,965,2300
2021-12-30 10:34:00,965,965,970,970,7100
2021-12-30 10:35:00,975,975,975,975,6500
2021-12-30 10:36:00,990,990,1000,1000,56400
2021-12-30 10:37:00,990,990,1000,1000,0
2021-12-30 10:38:00,985,985,985,985,6500
2021-12-30 10:39:00,980,980,980,980,20000
2021-12-30 10:40:00,980,980,980,980,5100
2021-12-30 10:41:00,995,995,995,995,19900
2021-12-30 10:42:00,995,995,995,995,0
2021-12-30 10:43:00,995,995,995,995,0
2021-12-30 10:44:00,990,990,990,990,2500
2021-12-30 10:45:00,990,990,990,990,0
2021-12-30 10:46:00,990,990,990,990,0
2021-12-30 10:47:00,990,980,990,980,32700
2021-12-30 10:48:00,990,980,990,980,0
2021-12-30 10:49:00,980,980,980,980,300
2021-12-30 10:50:00,975,975,975,975,200
2021-12-30 10:51:00,975,975,975,975,0
2021-12-30 10:52:00,975,970,975,970,7300
2021-12-30 10:53:00,970,970,970,970,1400
2021-12-30 10:54:00,970,970,970,970,0
2021-12-30 10:55:00,970,970,975,975,6700
2021-12-30 10:56:00,975,975,975,975,7000
2021-12-30 10:57:00,975,975,975,975,200
2021-12-30 10:58:00,975,975,975,975,0
2021-12-30 10:59:00,975,975,980,980,12100
2021-12-30 11:00:00,975,975,980,980,0
2021-12-30 11:01:00,975,975,975,975,1600
2021-12-30 11:02:00,985,980,985,980,300
2021-12-30 11:03:00,985,980,985,980,0
2021-12-30 11:04:00,985,980,985,980,0
2021-12-30 11:05:00,980,975,980,975,34500
2021-12-30 11:06:00,980,975,980,975,181900
2021-12-30 11:07:00,975,975,975,975,100
2021-12-30 11:08:00,975,975,975,975,0
2021-12-30 11:09:00,975,975,975,975,0
2021-12-30 11:10:00,975,975,975,975,500
2021-12-30 11:11:00,980,980,980,980,29700
2021-12-30 11:12:00,980,980,980,980,27300
2021-12-30 11:13:00,975,975,975,975,5700
2021-12-30 11:14:00,975,975,975,975,0
2021-12-30 11:15:00,980,980,980,980,24000
2021-12-30 11:16:00,975,975,975,975,100
2021-12-30 11:17:00,975,975,975,975,1000
2021-12-30 11:18:00,975,975,975,975,0
2021-12-30 11:19:00,975,975,975,975,0
2021-12-30 11:20:00,975,975,975,975,0
2021-12-30 11:21:00,975,975,975,975,0
2021-12-30 11:22:00,975,975,975,975,1000
2021-12-30 11:23:00,975,975,975,975,0
2021-12-30 11:24:00,975,975,975,975,0
2021-12-30 11:25:00,975,975,975,975,0
2021-12-30 11:26:00,975,975,975,975,0
2021-12-30 11:27:00,975,975,975,975,600
2021-12-30 11:28:00,975,975,975,975,0
2021-12-30 11:29:00,980,980,980,980,1000
2021-12-30 11:30:00,980,980,980,980,0
2021-12-30 11:31:00,980,980,980,980,0
2021-12-30 11:32:00,980,980,980,980,0
2021-12-30 11:33:00,980,980,980,980,0
2021-12-30 11:34:00,980,980,980,980,0
2021-12-30 11:35:00,980,980,980,980,0
2021-12-30 11:36:00,980,980,980,980,0
2021-12-30 11:37:00,980,980,980,980,0
2021-12-30 11:38:00,980,980,980,980,0
2021-12-30 11:39:00,980,980,980,980,0
2021-12-30 11:40:00,980,980,980,980,0
2021-12-30 11:41:00,980,980,980,980,0
2021-12-30 11:42:00,980,980,980,980,0
2021-12-30 11:43:00,980,980,980,980,0
2021-12-30 11:44:00,980,980,980,980,0
2021-12-30 11:45:00,980,980,980,980,0
2021-12-30 11:46:00,980,980,980,980,0
2021-12-30 11:47:00,980,980,980,980,0
2021-12-30 11:48:00,980,980,980,980,0
2021-12-30 11:49:00,980,980,980,980,0
2021-12-30 11:50:00,980,980,980,980,0
2021-12-30 11:51:00,980,980,980,980,0
2021-12-30 11:52:00,980,980,980,980,0
2021-12-30 11:53:00,980,980,980,980,0
2021-12-30 11:54:00,980,980,980,980,0
2021-12-30 11:55:00,980,980,980,980,0
2021-12-30 11:56:00,980,980,980,980,0
2021-12-30 11:57:00,980,980,980,980,0
2021-12-30 11:58:00,980,980,980,980,0
2021-12-30 11:59:00,980,980,980,980,0
2021-12-30 12:00:00,980,980,980,980,0
2021-12-30 12:01:00,980,980,980,980,0
2021-12-30 12:02:00,980,980,980,980,0
2021-12-30 12:03:00,980,980,980,980,0
2021-12-30 12:04:00,980,980,980,980,0
2021-12-30 12:05:00,980,980,980,980,0
2021-12-30 12:06:00,980,980,980,980,0
2021-12-30 12:07:00,980,980,980,980,0
2021-12-30 12:08:00,980,980,980,980,0
2021-12-30 12:09:00,980,980,980,980,0
2021-12-30 12:10:00,980,980,980,980,0
2021-12-30 12:11:00,980,980,980,980,0
2021-12-30 12:12:00,980,980,980,980,0
2021-12-30 12:13:00,980,980,980,980,0
2021-12-30 12:14:00,980,980,980,980,0
2021-12-30 12:15:00,980,980,980,980,0
2021-12-30 12:16:00,980,980,980,980,0
2021-12-30 12:17:00,980,980,980,980,0
2021-12-30 12:18:00,980,980,980,980,0
2021-12-30 12:19:00,980,980,980,980,0
2021-12-30 12:20:00,980,980,980,980,0
2021-12-30 12:21:00,980,980,980,980,0
2021-12-30 12:22:00,980,980,980,980,0
2021-12-30 12:23:00,980,980,980,980,0
2021-12-30 12:24:00,980,980,980,980,0
2021-12-30 12:25:00,980,980,980,980,0
2021-12-30 12:26:00,980,980,980,980,0
2021-12-30 12:27:00,980,980,980,980,0
2021-12-30 12:28:00,980,980,980,980,0
2021-12-30 12:29:00,980,980,980,980,0
2021-12-30 12:30:00,980,980,980,980,0
2021-12-30 12:31:00,980,980,980,980,0
2021-12-30 12:32:00,980,980,980,980,0
2021-12-30 12:33:00,980,980,980,980,0
2021-12-30 12:34:00,980,980,980,980,0
2021-12-30 12:35:00,980,980,980,980,0
2021-12-30 12:36:00,980,980,980,980,0
2021-12-30 12:37:00,980,980,980,980,0
2021-12-30 12:38:00,980,980,980,980,0
2021-12-30 12:39:00,980,980,980,980,0
2021-12-30 12:40:00,980,980,980,980,0
2021-12-30 12:41:00,980,980,980,980,0
2021-12-30 12:42:00,980,980,980,980,0
2021-12-30 12:43:00,980,980,980,980,0
2021-12-30 12:44:00,980,980,980,980,0
2021-12-30 12:45:00,980,980,980,980,0
2021-12-30 12:46:00,980,980,980,980,0
2021-12-30 12:47:00,980,980,980,980,0
2021-12-30 12:48:00,980,980,980,980,0
2021-12-30 12:49:00,980,980,980,980,0
2021-12-30 12:50:00,980,980,980,980,0
2021-12-30 12:51:00,980,980,980,980,0
2021-12-30 12:52:00,980,980,980,980,0
2021-12-30 12:53:00,980,980,980,980,0
2021-12-30 12:54:00,980,980,980,980,0
2021-12-30 12:55:00,980,980,980,980,0
2021-12-30 12:56:00,980,980,980,980,0
2021-12-30 12:57:00,980,980,980,980,0
2021-12-30 12:58:00,980,980,980,980,0
2021-12-30 12:59:00,980,980,980,980,0
2021-12-30 13:00:00,980,980,980,980,0
2021-12-30 13:01:00,980,980,980,980,0
2021-12-30 13:02:00,980,980,980,980,0
2021-12-30 13:03:00,980,980,980,980,0
2021-12-30 13:04:00,980,980,980,980,0
2021-12-30 13:05:00,980,980,980,980,0
2021-12-30 13:06:00,980,980,980,980,0
2021-12-30 13:07:00,980,980,980,980,0
2021-12-30 13:08:00,980,980,980,980,0
2021-12-30 13:09:00,980,980,980,980,0
2021-12-30 13:10:00,980,980,980,980,0
2021-12-30 13:11:00,980,980,980,980,0
2021-12-30 13:12:00,980,980,980,980,0
2021-12-30 13:13:00,980,980,980,980,0
2021-12-30 13:14:00,980,980,980,980,0
2021-12-30 13:15:00,980,980,980,980,0
2021-12-30 13:16:00,980,980,980,980,0
2021-12-30 13:17:00,980,980,980,980,0
2021-12-30 13:18:00,980,980,980,980,0
2021-12-30 13:19:00,980,980,980,980,0
2021-12-30 13:20:00,980,980,980,980,0
2021-12-30 13:21:00,980,980,980,980,0
2021-12-30 13:22:00,980,980,980,980,0
2021-12-30 13:23:00,980,980,980,980,0
2021-12-30 13:24:00,980,980,980,980,0
2021-12-30 13:25:00,980,980,980,980,0
2021-12-30 13:26:00,980,980,980,980,0
2021-12-30 13:27:00,980,980,980,980,0
2021-12-30 13:28:00,980,980,980,980,0
2021-12-30 13:29:00,980,980,980,980,0
2021-12-30 13:30:00,980,980,980,980,20400
2021-12-30 13:31:00,980,980,980,980,0
2021-12-30 13:32:00,980,980,980,980,4100
2021-12-30 13:33:00,980,980,980,980,0
2021-12-30 13:34:00,980,980,980,980,0
2021-12-30 13:35:00,980,980,980,980,0
2021-12-30 13:36:00,980,980,980,980,5600
2021-12-30 13:37:00,980,980,980,980,2300
2021-12-30 13:38:00,980,980,980,980,0
2021-12-30 13:39:00,975,975,975,975,700
2021-12-30 13:40:00,975,975,975,975,6800
2021-12-30 13:41:00,975,975,975,975,20600
2021-12-30 13:42:00,975,975,975,975,3000
2021-12-30 13:43:00,970,970,975,975,2000
2021-12-30 13:44:00,970,970,975,975,0
2021-12-30 13:45:00,970,970,970,970,22200
2021-12-30 13:46:00,970,970,970,970,0
2021-12-30 13:47:00,970,970,970,970,45800
2021-12-30 13:48:00,970,970,970,970,700
2021-12-30 13:49:00,970,970,970,970,4100
2021-12-30 13:50:00,970,970,970,970,100
2021-12-30 13:51:00,970,970,970,970,200
2021-12-30 13:52:00,970,970,970,970,0
2021-12-30 13:53:00,965,965,965,965,5300
2021-12-30 13:54:00,965,965,965,965,10000
2021-12-30 13:55:00,970,965,970,965,800
2021-12-30 13:56:00,970,970,970,970,1000
2021-12-30 13:57:00,970,970,970,970,500
2021-12-30 13:58:00,970,965,970,970,10600
2021-12-30 13:59:00,965,965,965,965,33000
2021-12-30 14:00:00,965,965,965,965,3700
2021-12-30 14:01:00,965,965,965,965,0
2021-12-30 14:02:00,965,965,965,965,15000
2021-12-30 14:03:00,965,965,970,970,20800
2021-12-30 14:04:00,965,965,965,965,300
2021-12-30 14:05:00,965,965,965,965,25000
2021-12-30 14:06:00,965,965,970,970,20000
2021-12-30 14:07:00,970,970,970,970,5300
2021-12-30 14:08:00,970,970,970,970,2000
2021-12-30 14:09:00,970,970,970,970,500
2021-12-30 14:10:00,970,970,970,970,22100
2021-12-30 14:11:00,975,975,975,975,5700
2021-12-30 14:12:00,970,970,970,970,500
2021-12-30 14:13:00,970,970,970,970,0
2021-12-30 14:14:00,970,970,975,975,600
2021-12-30 14:15:00,970,970,975,975,0
2021-12-30 14:16:00,970,970,975,975,0
2021-12-30 14:17:00,970,970,975,975,0
2021-12-30 14:18:00,970,970,970,970,2100
2021-12-30 14:19:00,970,970,970,970,0
2021-12-30 14:20:00,970,970,975,975,9200
2021-12-30 14:21:00,975,970,975,970,8000
2021-12-30 14:22:00,975,970,975,970,500
2021-12-30 14:23:00,970,970,970,970,200
2021-12-30 14:24:00,975,975,980,980,123600
2021-12-30 14:25:00,980,980,980,980,99500
2021-12-30 14:26:00,980,980,980,980,0
2021-12-30 14:27:00,980,980,980,980,0
2021-12-30 14:28:00,980,980,980,980,0
2021-12-30 14:29:00,980,980,980,980,500
2021-12-30 14:30:00,980,980,980,980,0
2021-12-30 14:31:00,980,980,980,980,1500
2021-12-30 14:32:00,980,980,980,980,0
2021-12-30 14:33:00,975,975,975,975,49300
2021-12-30 14:34:00,970,965,970,970,39700
2021-12-30 14:35:00,970,970,970,970,6600
2021-12-30 14:36:00,970,965,970,965,26700
2021-12-30 14:37:00,965,965,970,970,5300
2021-12-30 14:38:00,970,970,970,970,11400
2021-12-30 14:39:00,970,970,970,970,200
2021-12-30 14:40:00,970,965,970,965,5100
2021-12-30 14:41:00,970,965,970,965,0
2021-12-30 14:42:00,965,965,965,965,10100
2021-12-30 14:43:00,970,970,970,970,1000
2021-12-30 14:44:00,970,965,970,965,700
2021-12-30 14:45:00,965,965,965,965,25700
2021-12-30 14:46:00,965,965,965,965,8700
2021-12-30 14:47:00,965,955,965,955,265700
2021-12-30 14:48:00,960,955,960,960,22400
2021-12-30 14:49:00,960,960,1015,1015,625600
2021-12-30 14:50:00,960,960,1015,1015,0
2021-12-30 14:51:00,960,960,1015,1015,0
2021-12-30 14:52:00,960,960,1015,1015,0
2021-12-30 14:53:00,960,960,1015,1015,0
2021-12-30 14:54:00,960,960,1015,1015,0
2021-12-30 14:55:00,960,960,1015,1015,0
2021-12-30 14:56:00,960,960,1015,1015,0
2021-12-30 14:57:00,960,960,1015,1015,0
2021-12-30 14:58:00,960,960,1015,1015,0
2021-12-30 14:59:00,960,960,1015,1015,0
2021-12-30 15:00:00,1000,1000,1000,1000,251500
2021-12-30 15:01:00,1000,1000,1000,1000,106100
2021-12-30 15:02:00,1000,1000,1000,1000,35000
2021-12-30 15:03:00,1000,1000,1000,1000,1800
2021-12-30 15:04:00,1000,1000,1000,1000,3500
2021-12-30 15:05:00,1000,1000,1000,1000,0
2021-12-30 15:06:00,1000,1000,1000,1000,0
2021-12-30 15:07:00,1000,1000,1000,1000,0
2021-12-30 15:08:00,1000,1000,1000,1000,0
2021-12-30 15:09:00,1000,1000,1000,1000,0
2021-12-30 15:10:00,1000,1000,1000,1000,0
2021-12-30 15:11:00,1000,1000,1000,1000,0
2021-12-30 15:12:00,1000,1000,1000,1000,20000
2021-12-30 15:13:00,1000,1000,1000,1000,0
2021-12-30 15:14:00,1000,1000,1000,1000,0
2021-12-30 15:15:00,1000,1000,1000,1000,0
2021-12-30 15:16:00,1000,1000,1000,1000,0
2021-12-30 15:17:00,1000,1000,1000,1000,0
2021-12-30 15:18:00,1000,1000,1000,1000,0
2021-12-30 15:19:00,1000,1000,1000,1000,0
2021-12-30 15:20:00,1000,1000,1000,1000,0
2021-12-30 15:21:00,1000,1000,1000,1000,0
2021-12-30 15:22:00,1000,1000,1000,1000,0
2021-12-30 15:23:00,1000,1000,1000,1000,0
2021-12-30 15:24:00,1000,1000,1000,1000,0
2021-12-30 15:25:00,1000,1000,1000,1000,0
2021-12-30 15:26:00,1000,1000,1000,1000,0
2021-12-30 15:27:00,1000,1000,1000,1000,0
2021-12-30 15:28:00,1000,1000,1000,1000,0
2021-12-30 15:29:00,1000,1000,1000,1000,0
2021-12-30 15:30:00,1000,1000,1000,1000,0
2021-12-30 15:31:00,1000,1000,1000,1000,0
2021-12-30 15:32:00,1000,1000,1000,1000,0
2021-12-30 15:33:00,1000,1000,1000,1000,0
2021-12-30 15:34:00,1000,1000,1000,1000,0
2021-12-30 15:35:00,1000,1000,1000,1000,0
2021-12-30 15:36:00,1000,1000,1000,1000,0
2021-12-30 15:37:00,1000,1000,1000,1000,0
2021-12-30 15:38:00,1000,1000,1000,1000,0
2021-12-30 15:39:00,1000,1000,1000,1000,0
2021-12-30 15:40:00,1000,1000,1000,1000,0
2021-12-30 15:41:00,1000,1000,1000,1000,0
2021-12-30 15:42:00,1000,1000,1000,1000,0
2021-12-30 15:43:00,1000,1000,1000,1000,0
2021-12-30 15:44:00,1000,1000,1000,1000,0
2021-12-30 15:45:00,1000,1000,1000,1000,0
2021-12-30 15:46:00,1000,1000,1000,1000,0
2021-12-30 15:47:00,1000,1000,1000,1000,0
2021-12-30 15:48:00,1000,1000,1000,1000,0
2021-12-30 15:49:00,1000,1000,1000,1000,0
2021-12-30 15:50:00,1000,1000,1000,1000,0
2021-12-30 15:51:00,1000,1000,1000,1000,0
2021-12-30 15:52:00,1000,1000,1000,1000,0
2021-12-30 15:53:00,1000,1000,1000,1000,0
2021-12-30 15:54:00,1000,1000,1000,1000,0
2021-12-30 15:55:00,1000,1000,1000,1000,0
2021-12-30 15:56:00,1000,1000,1000,1000,0
2021-12-30 15:57:00,1000,1000,1000,1000,0
2021-12-30 15:58:00,1000,1000,1000,1000,0
2021-12-30 15:59:00,1000,1000,1000,1000,0
2021-12-31 09:00:00,1000,1000,1000,1000,0
2021-12-31 09:01:00,1000,1000,1000,1000,0
2021-12-31 09:02:00,1000,1000,1000,1000,0
2021-12-31 09:03:00,1000,1000,1000,1000,0
2021-12-31 09:04:00,1000,1000,1000,1000,0
2021-12-31 09:05:00,1000,1000,1000,1000,0
2021-12-31 09:06:00,1000,1000,1000,1000,0
2021-12-31 09:07:00,1000,1000,1000,1000,0
2021-12-31 09:08:00,1000,1000,1000,1000,0
2021-12-31 09:09:00,1000,1000,1000,1000,0
2021-12-31 09:10:00,1000,1000,1000,1000,0
2021-12-31 09:11:00,1000,1000,1000,1000,0
2021-12-31 09:12:00,1000,1000,1000,1000,0
2021-12-31 09:13:00,1000,1000,1000,1000,0
2021-12-31 09:14:00,1000,1000,1000,1000,0
2021-12-31 09:15:00,1000,1000,1000,1000,0
2021-12-31 09:16:00,1000,1000,1000,1000,0
2021-12-31 09:17:00,1000,1000,1000,1000,0
2021-12-31 09:18:00,1000,1000,1000,1000,0
2021-12-31 09:19:00,1000,1000,1000,1000,0
2021-12-31 09:20:00,1000,1000,1000,1000,0
2021-12-31 09:21:00,1000,1000,1000,1000,0
2021-12-31 09:22:00,1000,1000,1000,1000,0
2021-12-31 09:23:00,1000,1000,1000,1000,0
2021-12-31 09:24:00,1000,1000,1000,1000,0
2021-12-31 09:25:00,1000,1000,1000,1000,0
2021-12-31 09:26:00,1000,1000,1000,1000,0
2021-12-31 09:27:00,1000,1000,1000,1000,0
2021-12-31 09:28:00,1000,1000,1000,1000,0
2021-12-31 09:29:00,1000,1000,1000,1000,0
2021-12-31 09:30:00,1000,1000,1000,1000,0
2021-12-31 09:31:00,1000,1000,1000,1000,0
2021-12-31 09:32:00,1000,1000,1000,1000,0
2021-12-31 09:33:00,1000,1000,1000,1000,0
2021-12-31 09:34:00,1000,1000,1000,1000,0
2021-12-31 09:35:00,1000,1000,1000,1000,0
2021-12-31 09:36:00,1000,1000,1000,1000,0
2021-12-31 09:37:00,1000,1000,1000,1000,0
2021-12-31 09:38:00,1000,1000,1000,1000,0
2021-12-31 09:39:00,1000,1000,1000,1000,0
2021-12-31 09:40:00,1000,1000,1000,1000,0
2021-12-31 09:41:00,1000,1000,1000,1000,0
2021-12-31 09:42:00,1000,1000,1000,1000,0
2021-12-31 09:43:00,1000,1000,1000,1000,0
2021-12-31 09:44:00,1000,1000,1000,1000,0
2021-12-31 09:45:00,1000,1000,1000,1000,0
2021-12-31 09:46:00,1000,1000,1000,1000,0
2021-12-31 09:47:00,1000,1000,1000,1000,0
2021-12-31 09:48:00,1000,1000,1000,1000,0
2021-12-31 09:49:00,1000,1000,1000,1000,0
2021-12-31 09:50:00,1000,1000,1000,1000,0
2021-12-31 09:51:00,1000,1000,1000,1000,0
2021-12-31 09:52:00,1000,1000,1000,1000,0
2021-12-31 09:53:00,1000,1000,1000,1000,0
2021-12-31 09:54:00,1000,1000,1000,1000,0
2021-12-31 09:55:00,1000,1000,1000,1000,0
2021-12-31 09:56:00,1000,1000,1000,1000,0
2021-12-31 09:57:00,1000,1000,1000,1000,0
2021-12-31 09:58:00,1000,1000,1000,1000,0
2021-12-31 09:59:00,1000,1000,1000,1000,0
2021-12-31 10:00:00,1000,1000,1000,1000,0
2021-12-31 10:01:00,1000,1000,1000,1000,0
2021-12-31 10:02:00,1000,1000,1000,1000,0
2021-12-31 10:03:00,1000,1000,1000,1000,0
2021-12-31 10:04:00,1000,1000,1000,1000,0
2021-12-31 10:05:00,1000,1000,1000,1000,0
2021-12-31 10:06:00,1000,1000,1000,1000,0
2021-12-31 10:07:00,1000,1000,1000,1000,0
2021-12-31 10:08:00,1000,1000,1000,1000,0
2021-12-31 10:09:00,1000,1000,1000,1000,0
2021-12-31 10:10:00,1000,1000,1000,1000,0
2021-12-31 10:11:00,1000,1000,1000,1000,0
2021-12-31 10:12:00,1000,1000,1000,1000,0
2021-12-31 10:13:00,1000,1000,1000,1000,0
2021-12-31 10:14:00,1000,1000,1000,1000,0
2021-12-31 10:15:00,1000,1000,1000,1000,0
2021-12-31 10:16:00,1000,1000,1000,1000,0
2021-12-31 10:17:00,1000,1000,1000,1000,0
2021-12-31 10:18:00,1000,1000,1000,1000,0
2021-12-31 10:19:00,1000,1000,1000,1000,0
2021-12-31 10:20:00,1000,1000,1000,1000,0
2021-12-31 10:21:00,1000,1000,1000,1000,0
2021-12-31 10:22:00,1000,1000,1000,1000,0
2021-12-31 10:23:00,1000,1000,1000,1000,0
2021-12-31 10:24:00,1000,1000,1000,1000,0
2021-12-31 10:25:00,1000,1000,1000,1000,0
2021-12-31 10:26:00,1000,1000,1000,1000,0
2021-12-31 10:27:00,1000,1000,1000,1000,0
2021-12-31 10:28:00,1000,1000,1000,1000,0
2021-12-31 10:29:00,1000,1000,1000,1000,0
2021-12-31 10:30:00,1000,1000,1000,1000,0
2021-12-31 10:31:00,1000,1000,1000,1000,0
2021-12-31 10:32:00,1000,1000,1000,1000,0
2021-12-31 10:33:00,1000,1000,1000,1000,0
2021-12-31 10:34:00,1000,1000,1000,1000,0
2021-12-31 10:35:00,1000,1000,1000,1000,0
2021-12-31 10:36:00,1000,1000,1000,1000,0
2021-12-31 10:37:00,1000,1000,1000,1000,0
2021-12-31 10:38:00,1000,1000,1000,1000,0
2021-12-31 10:39:00,1000,1000,1000,1000,0
2021-12-31 10:40:00,1000,1000,1000,1000,0
2021-12-31 10:41:00,1000,1000,1000,1000,0
2021-12-31 10:42:00,1000,1000,1000,1000,0
2021-12-31 10:43:00,1000,1000,1000,1000,0
2021-12-31 10:44:00,1000,1000,1000,1000,0
2021-12-31 10:45:00,1000,1000,1000,1000,0
2021-12-31 10:46:00,1000,1000,1000,1000,0
2021-12-31 10:47:00,1000,1000,1000,1000,0
2021-12-31 10:48:00,1000,1000,1000,1000,0
2021-12-31 10:49:00,1000,1000,1000,1000,0
2021-12-31 10:50:00,1000,1000,1000,1000,0
2021-12-31 10:51:00,1000,1000,1000,1000,0
2021-12-31 10:52:00,1000,1000,1000,1000,0
2021-12-31 10:53:00,1000,1000,1000,1000,0
2021-12-31 10:54:00,1000,1000,1000,1000,0
2021-12-31 10:55:00,1000,1000,1000,1000,0
2021-12-31 10:56:00,1000,1000,1000,1000,0
2021-12-31 10:57:00,1000,1000,1000,1000,0
2021-12-31 10:58:00,1000,1000,1000,1000,0
2021-12-31 10:59:00,1000,1000,1000,1000,0
2021-12-31 11:00:00,1000,1000,1000,1000,0
2021-12-31 11:01:00,1000,1000,1000,1000,0
2021-12-31 11:02:00,1000,1000,1000,1000,0
2021-12-31 11:03:00,1000,1000,1000,1000,0
2021-12-31 11:04:00,1000,1000,1000,1000,0
2021-12-31 11:05:00,1000,1000,1000,1000,0
2021-12-31 11:06:00,1000,1000,1000,1000,0
2021-12-31 11:07:00,1000,1000,1000,1000,0
2021-12-31 11:08:00,1000,1000,1000,1000,0
2021-12-31 11:09:00,1000,1000,1000,1000,0
2021-12-31 11:10:00,1000,1000,1000,1000,0
2021-12-31 11:11:00,1000,1000,1000,1000,0
2021-12-31 11:12:00,1000,1000,1000,1000,0
2021-12-31 11:13:00,1000,1000,1000,1000,0
2021-12-31 11:14:00,1000,1000,1000,1000,0
2021-12-31 11:15:00,1000,1000,1000,1000,0
2021-12-31 11:16:00,1000,1000,1000,1000,0
2021-12-31 11:17:00,1000,1000,1000,1000,0
2021-12-31 11:18:00,1000,1000,1000,1000,0
2021-12-31 11:19:00,1000,1000,1000,1000,0
2021-12-31 11:20:00,1000,1000,1000,1000,0
2021-12-31 11:21:00,1000,1000,1000,1000,0
2021-12-31 11:22:00,1000,1000,1000,1000,0
2021-12-31 11:23:00,1000,1000,1000,1000,0
2021-12-31 11:24:00,1000,1000,1000,1000,0
2021-12-31 11:25:00,1000,1000,1000,1000,0
2021-12-31 11:26:00,1000,1000,1000,1000,0
2021-12-31 11:27:00,1000,1000,1000,1000,0
2021-12-31 11:28:00,1000,1000,1000,1000,0
2021-12-31 11:29:00,1000,1000,1000,1000,0
2021-12-31 11:30:00,1000,1000,1000,1000,0
2021-12-31 11:31:00,1000,1000,1000,1000,0
2021-12-31 11:32:00,1000,1000,1000,1000,0
2021-12-31 11:33:00,1000,1000,1000,1000,0
2021-12-31 11:34:00,1000,1000,1000,1000,0
2021-12-31 11:35:00,1000,1000,1000,1000,0
2021-12-31 11:36:00,1000,1000,1000,1000,0
2021-12-31 11:37:00,1000,1000,1000,1000,0
2021-12-31 11:38:00,1000,1000,1000,1000,0
2021-12-31 11:39:00,1000,1000,1000,1000,0
2021-12-31 11:40:00,1000,1000,1000,1000,0
2021-12-31 11:41:00,1000,1000,1000,1000,0
2021-12-31 11:42:00,1000,1000,1000,1000,0
2021-12-31 11:43:00,1000,1000,1000,1000,0
2021-12-31 11:44:00,1000,1000,1000,1000,0
2021-12-31 11:45:00,1000,1000,1000,1000,0
2021-12-31 11:46:00,1000,1000,1000,1000,0
2021-12-31 11:47:00,1000,1000,1000,1000,0
2021-12-31 11:48:00,1000,1000,1000,1000,0
2021-12-31 11:49:00,1000,1000,1000,1000,0
2021-12-31 11:50:00,1000,1000,1000,1000,0
2021-12-31 11:51:00,1000,1000,1000,1000,0
2021-12-31 11:52:00,1000,1000,1000,1000,0
2021-12-31 11:53:00,1000,1000,1000,1000,0
2021-12-31 11:54:00,1000,1000,1000,1000,0
2021-12-31 11:55:00,1000,1000,1000,1000,0
2021-12-31 11:56:00,1000,1000,1000,1000,0
2021-12-31 11:57:00,1000,1000,1000,1000,0
2021-12-31 11:58:00,1000,1000,1000,1000,0
2021-12-31 11:59:00,1000,1000,1000,1000,0
2021-12-31 12:00:00,1000,1000,1000,1000,0
2021-12-31 12:01:00,1000,1000,1000,1000,0
2021-12-31 12:02:00,1000,1000,1000,1000,0
2021-12-31 12:03:00,1000,1000,1000,1000,0
2021-12-31 12:04:00,1000,1000,1000,1000,0
2021-12-31 12:05:00,1000,1000,1000,1000,0
2021-12-31 12:06:00,1000,1000,1000,1000,0
2021-12-31 12:07:00,1000,1000,1000,1000,0
2021-12-31 12:08:00,1000,1000,1000,1000,0
2021-12-31 12:09:00,1000,1000,1000,1000,0
2021-12-31 12:10:00,1000,1000,1000,1000,0
2021-12-31 12:11:00,1000,1000,1000,1000,0
2021-12-31 12:12:00,1000,1000,1000,1000,0
2021-12-31 12:13:00,1000,1000,1000,1000,0
2021-12-31 12:14:00,1000,1000,1000,1000,0
2021-12-31 12:15:00,1000,1000,1000,1000,0
2021-12-31 12:16:00,1000,1000,1000,1000,0
2021-12-31 12:17:00,1000,1000,1000,1000,0
2021-12-31 12:18:00,1000,1000,1000,1000,0
2021-12-31 12:19:00,1000,1000,1000,1000,0
2021-12-31 12:20:00,1000,1000,1000,1000,0
2021-12-31 12:21:00,1000,1000,1000,1000,0
2021-12-31 12:22:00,1000,1000,1000,1000,0
2021-12-31 12:23:00,1000,1000,1000,1000,0
2021-12-31 12:24:00,1000,1000,1000,1000,0
2021-12-31 12:25:00,1000,1000,1000,1000,0
2021-12-31 12:26:00,1000,1000,1000,1000,0
2021-12-31 12:27:00,1000,1000,1000,1000,0
2021-12-31 12:28:00,1000,1000,1000,1000,0
2021-12-31 12:29:00,1000,1000,1000,1000,0
2021-12-31 12:30:00,1000,1000,1000,1000,0
2021-12-31 12:31:00,1000,1000,1000,1000,0
2021-12-31 12:32:00,1000,1000,1000,1000,0
2021-12-31 12:33:00,1000,1000,1000,1000,0
2021-12-31 12:34:00,1000,1000,1000,1000,0
2021-12-31 12:35:00,1000,1000,1000,1000,0
2021-12-31 12:36:00,1000,1000,1000,1000,0
2021-12-31 12:37:00,1000,1000,1000,1000,0
2021-12-31 12:38:00,1000,1000,1000,1000,0
2021-12-31 12:39:00,1000,1000,1000,1000,0
2021-12-31 12:40:00,1000,1000,1000,1000,0
2021-12-31 12:41:00,1000,1000,1000,1000,0
2021-12-31 12:42:00,1000,1000,1000,1000,0
2021-12-31 12:43:00,1000,1000,1000,1000,0
2021-12-31 12:44:00,1000,1000,1000,1000,0
2021-12-31 12:45:00,1000,1000,1000,1000,0
2021-12-31 12:46:00,1000,1000,1000,1000,0
2021-12-31 12:47:00,1000,1000,1000,1000,0
2021-12-31 12:48:00,1000,1000,1000,1000,0
2021-12-31 12:49:00,1000,1000,1000,1000,0
2021-12-31 12:50:00,1000,1000,1000,1000,0
2021-12-31 12:51:00,1000,1000,1000,1000,0
2021-12-31 12:52:00,1000,1000,1000,1000,0
2021-12-31 12:53:00,1000,1000,1000,1000,0
2021-12-31 12:54:00,1000,1000,1000,1000,0
2021-12-31 12:55:00,1000,1000,1000,1000,0
2021-12-31 12:56:00,1000,1000,1000,1000,0
2021-12-31 12:57:00,1000,1000,1000,1000,0
2021-12-31 12:58:00,1000,1000,1000,1000,0
2021-12-31 12:59:00,1000,1000,1000,1000,0
2021-12-31 13:00:00,1000,1000,1000,1000,0
2021-12-31 13:01:00,1000,1000,1000,1000,0
2021-12-31 13:02:00,1000,1000,1000,1000,0
2021-12-31 13:03:00,1000,1000,1000,1000,0
2021-12-31 13:04:00,1000,1000,1000,1000,0
2021-12-31 13:05:00,1000,1000,1000,1000,0
2021-12-31 13:06:00,1000,1000,1000,1000,0
2021-12-31 13:07:00,1000,1000,1000,1000,0
2021-12-31 13:08:00,1000,1000,1000,1000,0
2021-12-31 13:09:00,1000,1000,1000,1000,0
2021-12-31 13:10:00,1000,1000,1000,1000,0
2021-12-31 13:11:00,1000,1000,1000,1000,0
2021-12-31 13:12:00,1000,1000,1000,1000,0
2021-12-31 13:13:00,1000,1000,1000,1000,0
2021-12-31 13:14:00,1000,1000,1000,1000,0
2021-12-31 13:15:00,1000,1000,1000,1000,0
2021-12-31 13:16:00,1000,1000,1000,1000,0
2021-12-31 13:17:00,1000,1000,1000,1000,0
2021-12-31 13:18:00,1000,1000,1000,1000,0
2021-12-31 13:19:00,1000,1000,1000,1000,0
2021-12-31 13:20:00,1000,1000,1000,1000,0
2021-12-31 13:21:00,1000,1000,1000,1000,0
2021-12-31 13:22:00,1000,1000,1000,1000,0
2021-12-31 13:23:00,1000,1000,1000,1000,0
2021-12-31 13:24:00,1000,1000,1000,1000,0
2021-12-31 13:25:00,1000,1000,1000,1000,0
2021-12-31 13:26:00,1000,1000,1000,1000,0
2021-12-31 13:27:00,1000,1000,1000,1000,0
2021-12-31 13:28:00,1000,1000,1000,1000,0
2021-12-31 13:29:00,1000,1000,1000,1000,0
2021-12-31 13:30:00,1000,1000,1000,1000,0
2021-12-31 13:31:00,1000,1000,1000,1000,0
2021-12-31 13:32:00,1000,1000,1000,1000,0
2021-12-31 13:33:00,1000,1000,1000,1000,0
2021-12-31 13:34:00,1000,1000,1000,1000,0
2021-12-31 13:35:00,1000,1000,1000,1000,0
2021-12-31 13:36:00,1000,1000,1000,1000,0
2021-12-31 13:37:00,1000,1000,1000,1000,0
2021-12-31 13:38:00,1000,1000,1000,1000,0
2021-12-31 13:39:00,1000,1000,1000,1000,0
2021-12-31 13:40:00,1000,1000,1000,1000,0
2021-12-31 13:41:00,1000,1000,1000,1000,0
2021-12-31 13:42:00,1000,1000,1000,1000,0
2021-12-31 13:43:00,1000,1000,1000,1000,0
2021-12-31 13:44:00,1000,1000,1000,1000,0
2021-12-31 13:45:00,1000,1000,1000,1000,0
2021-12-31 13:46:00,1000,1000,1000,1000,0
2021-12-31 13:47:00,1000,1000,1000,1000,0
2021-12-31 13:48:00,1000,1000,1000,1000,0
2021-12-31 13:49:00,1000,1000,1000,1000,0
2021-12-31 13:50:00,1000,1000,1000,1000,0
2021-12-31 13:51:00,1000,1000,1000,1000,0
2021-12-31 13:52:00,1000,1000,1000,1000,0
2021-12-31 13:53:00,1000,1000,1000,1000,0
2021-12-31 13:54:00,1000,1000,1000,1000,0
2021-12-31 13:55:00,1000,1000,1000,1000,0
2021-12-31 13:56:00,1000,1000,1000,1000,0
2021-12-31 13:57:00,1000,1000,1000,1000,0
2021-12-31 13:58:00,1000,1000,1000,1000,0
2021-12-31 13:59:00,1000,1000,1000,1000,0
2021-12-31 14:00:00,1000,1000,1000,1000,0
2021-12-31 14:01:00,1000,1000,1000,1000,0
2021-12-31 14:02:00,1000,1000,1000,1000,0
2021-12-31 14:03:00,1000,1000,1000,1000,0
2021-12-31 14:04:00,1000,1000,1000,1000,0
2021-12-31 14:05:00,1000,1000,1000,1000,0
2021-12-31 14:06:00,1000,1000,1000,1000,0
2021-12-31 14:07:00,1000,1000,1000,1000,0
2021-12-31 14:08:00,1000,1000,1000,1000,0
2021-12-31 14:09:00,1000,1000,1000,1000,0
2021-12-31 14:10:00,1000,1000,1000,1000,0
2021-12-31 14:11:00,1000,1000,1000,1000,0
2021-12-31 14:12:00,1000,1000,1000,1000,0
2021-12-31 14:13:00,1000,1000,1000,1000,0
2021-12-31 14:14:00,1000,1000,1000,1000,0
2021-12-31 14:15:00,1000,1000,1000,1000,0
2021-12-31 14:16:00,1000,1000,1000,1000,0
2021-12-31 14:17:00,1000,1000,1000,1000,0
2021-12-31 14:18:00,1000,1000,1000,1000,0
2021-12-31 14:19:00,1000,1000,1000,1000,0
2021-12-31 14:20:00,1000,1000,1000,1000,0
2021-12-31 14:21:00,1000,1000,1000,1000,0
2021-12-31 14:22:00,1000,1000,1000,1000,0
2021-12-31 14:23:00,1000,1000,1000,1000,0
2021-12-31 14:24:00,1000,1000,1000,1000,0
2021-12-31 14:25:00,1000,1000,1000,1000,0
2021-12-31 14:26:00,1000,1000,1000,1000,0
2021-12-31 14:27:00,1000,1000,1000,1000,0
2021-12-31 14:28:00,1000,1000,1000,1000,0
2021-12-31 14:29:00,1000,1000,1000,1000,0
2021-12-31 14:30:00,1000,1000,1000,1000,0
2021-12-31 14:31:00,1000,1000,1000,1000,0
2021-12-31 14:32:00,1000,1000,1000,1000,0
2021-12-31 14:33:00,1000,1000,1000,1000,0
2021-12-31 14:34:00,1000,1000,1000,1000,0
2021-12-31 14:35:00,1000,1000,1000,1000,0
2021-12-31 14:36:00,1000,1000,1000,1000,0
2021-12-31 14:37:00,1000,1000,1000,1000,0
2021-12-31 14:38:00,1000,1000,1000,1000,0
2021-12-31 14:39:00,1000,1000,1000,1000,0
2021-12-31 14:40:00,1000,1000,1000,1000,0
2021-12-31 14:41:00,1000,1000,1000,1000,0
2021-12-31 14:42:00,1000,1000,1000,1000,0
2021-12-31 14:43:00,1000,1000,1000,1000,0
2021-12-31 14:44:00,1000,1000,1000,1000,0
2021-12-31 14:45:00,1000,1000,1000,1000,0
2021-12-31 14:46:00,1000,1000,1000,1000,0
2021-12-31 14:47:00,1000,1000,1000,1000,0
2021-12-31 14:48:00,1000,1000,1000,1000,0
2021-12-31 14:49:00,1000,1000,1000,1000,0
2021-12-31 14:50:00,1000,1000,1000,1000,0
2021-12-31 14:51:00,1000,1000,1000,1000,0
2021-12-31 14:52:00,1000,1000,1000,1000,0
2021-12-31 14:53:00,1000,1000,1000,1000,0
2021-12-31 14:54:00,1000,1000,1000,1000,0
2021-12-31 14:55:00,1000,1000,1000,1000,0
2021-12-31 14:56:00,1000,1000,1000,1000,0
2021-12-31 14:57:00,1000,1000,1000,1000,0
2021-12-31 14:58:00,1000,1000,1000,1000,0
2021-12-31 14:59:00,1000,1000,1000,1000,0
2021-12-31 15:00:00,1000,1000,1000,1000,0
2021-12-31 15:01:00,1000,1000,1000,1000,0
2021-12-31 15:02:00,1000,1000,1000,1000,0
2021-12-31 15:03:00,1000,1000,1000,1000,0
2021-12-31 15:04:00,1000,1000,1000,1000,0
2021-12-31 15:05:00,1000,1000,1000,1000,0
2021-12-31 15:06:00,1000,1000,1000,1000,0
2021-12-31 15:07:00,1000,1000,1000,1000,0
2021-12-31 15:08:00,1000,1000,1000,1000,0
2021-12-31 15:09:00,1000,1000,1000,1000,0
2021-12-31 15:10:00,1000,1000,1000,1000,0
2021-12-31 15:11:00,1000,1000,1000,1000,0
2021-12-31 15:12:00,1000,1000,1000,1000,0
2021-12-31 15:13:00,1000,1000,1000,1000,0
2021-12-31 15:14:00,1000,1000,1000,1000,0
2021-12-31 15:15:00,1000,1000,1000,1000,0
2021-12-31 15:16:00,1000,1000,1000,1000,0
2021-12-31 15:17:00,1000,1000,1000,1000,0
2021-12-31 15:18:00,1000,1000,1000,1000,0
2021-12-31 15:19:00,1000,1000,1000,1000,0
2021-12-31 15:20:00,1000,1000,1000,1000,0
2021-12-31 15:21:00,1000,1000,1000,1000,0
2021-12-31 15:22:00,1000,1000,1000,1000,0
2021-12-31 15:23:00,1000,1000,1000,1000,0
2021-12-31 15:24:00,1000,1000,1000,1000,0
2021-12-31 15:25:00,1000,1000,1000,1000,0
2021-12-31 15:26:00,1000,1000,1000,1000,0
2021-12-31 15:27:00,1000,1000,1000,1000,0
2021-12-31 15:28:00,1000,1000,1000,1000,0
2021-12-31 15:29:00,1000,1000,1000,1000,0
2021-12-31 15:30:00,1000,1000,1000,1000,0
2021-12-31 15:31:00,1000,1000,1000,1000,0
2021-12-31 15:32:00,1000,1000,1000,1000,0
2021-12-31 15:33:00,1000,1000,1000,1000,0
2021-12-31 15:34:00,1000,1000,1000,1000,0
2021-12-31 15:35:00,1000,1000,1000,1000,0
2021-12-31 15:36:00,1000,1000,1000,1000,0
2021-12-31 15:37:00,1000,1000,1000,1000,0
2021-12-31 15:38:00,1000,1000,1000,1000,0
2021-12-31 15:39:00,1000,1000,1000,1000,0
2021-12-31 15:40:00,1000,1000,1000,1000,0
2021-12-31 15:41:00,1000,1000,1000,1000,0
2021-12-31 15:42:00,1000,1000,1000,1000,0
2021-12-31 15:43:00,1000,1000,1000,1000,0
2021-12-31 15:44:00,1000,1000,1000,1000,0
2021-12-31 15:45:00,1000,1000,1000,1000,0
2021-12-31 15:46:00,1000,1000,1000,1000,0
2021-12-31 15:47:00,1000,1000,1000,1000,0
2021-12-31 15:48:00,1000,1000,1000,1000,0
2021-12-31 15:49:00,1000,1000,1000,1000,0
2021-12-31 15:50:00,1000,1000,1000,1000,0
2021-12-31 15:51:00,1000,1000,1000,1000,0
2021-12-31 15:52:00,1000,1000,1000,1000,0
2021-12-31 15:53:00,1000,1000,1000,1000,0
2021-12-31 15:54:00,1000,1000,1000,1000,0
2021-12-31 15:55:00,1000,1000,1000,1000,0
2021-12-31 15:56:00,1000,1000,1000,1000,0
2021-12-31 15:57:00,1000,1000,1000,1000,0
2021-12-31 15:58:00,1000,1000,1000,1000,0
2021-12-31 15:59:00,1000,1000,1000,1000,0
2022-01-03 09:00:00,995,995,1005,1005,0
2022-01-03 09:01:00,1005,1005,1005,1005,19900
2022-01-03 09:02:00,1005,995,1005,1000,486700
2022-01-03 09:03:00,1000,1000,1000,1000,5800
2022-01-03 09:04:00,1000,990,1000,990,48000
2022-01-03 09:05:00,985,985,985,985,400
2022-01-03 09:06:00,985,985,985,985,21900
2022-01-03 09:07:00,990,985,990,985,28000
2022-01-03 09:08:00,990,985,990,985,0
2022-01-03 09:09:00,985,985,1005,1005,46600
2022-01-03 09:10:00,1005,1000,1005,1005,1400
2022-01-03 09:11:00,1000,1000,1000,1000,200
2022-01-03 09:12:00,1000,1000,1000,1000,0
2022-01-03 09:13:00,1000,1000,1000,1000,10000
2022-01-03 09:14:00,1000,1000,1000,1000,0
2022-01-03 09:15:00,1005,1000,1005,1000,5000
2022-01-03 09:16:00,1000,1000,1000,1000,6900
2022-01-03 09:17:00,1005,1005,1005,1005,7000
2022-01-03 09:18:00,1000,1000,1005,1005,46100
2022-01-03 09:19:00,1005,1005,1010,1010,3500
2022-01-03 09:20:00,1010,1000,1010,1000,196000
2022-01-03 09:21:00,995,995,1000,995,302100
2022-01-03 09:22:00,995,990,995,995,532800
2022-01-03 09:23:00,990,990,990,990,14100
2022-01-03 09:24:00,990,990,990,990,2700
2022-01-03 09:25:00,985,985,985,985,240100
2022-01-03 09:26:00,985,980,985,980,4500
2022-01-03 09:27:00,980,980,985,985,85900
2022-01-03 09:28:00,985,985,985,985,1800
2022-01-03 09:29:00,985,985,985,985,0
2022-01-03 09:30:00,985,985,985,985,15000
2022-01-03 09:31:00,985,985,985,985,2000
2022-01-03 09:32:00,985,985,985,985,2000
2022-01-03 09:33:00,985,985,985,985,0
2022-01-03 09:34:00,985,985,985,985,100
2022-01-03 09:35:00,985,985,985,985,600
2022-01-03 09:36:00,985,985,985,985,0
2022-01-03 09:37:00,985,985,985,985,1900
2022-01-03 09:38:00,985,985,985,985,7000
2022-01-03 09:39:00,985,985,985,985,0
2022-01-03 09:40:00,985,985,985,985,0
2022-01-03 09:41:00,985,985,985,985,0
2022-01-03 09:42:00,985,985,985,985,0
2022-01-03 09:43:00,985,985,985,985,0
2022-01-03 09:44:00,985,985,985,985,0
2022-01-03 09:45:00,985,985,985,985,11000
2022-01-03 09:46:00,985,980,985,980,521500
2022-01-03 09:47:00,985,985,985,985,86600
2022-01-03 09:48:00,985,980,985,980,792900
2022-01-03 09:49:00,985,985,985,985,72800
2022-01-03 09:50:00,990,990,995,995,130000
2022-01-03 09:51:00,990,990,995,995,0
2022-01-03 09:52:00,995,995,995,995,100
2022-01-03 09:53:00,995,995,995,995,0
2022-01-03 09:54:00,995,995,1000,1000,176000
2022-01-03 09:55:00,1000,1000,1000,1000,5100
2022-01-03 09:56:00,1000,1000,1000,1000,0
2022-01-03 09:57:00,1000,995,1000,995,11700
2022-01-03 09:58:00,1000,1000,1000,1000,200
2022-01-03 09:59:00,1000,1000,1000,1000,0
2022-01-03 10:00:00,1000,1000,1000,1000,0
2022-01-03 10:01:00,1000,1000,1000,1000,100
2022-01-03 10:02:00,1000,995,1000,995,5100
2022-01-03 10:03:00,1000,995,1000,995,0
2022-01-03 10:04:00,1000,995,1000,995,0
2022-01-03 10:05:00,1000,1000,1005,1000,726500
2022-01-03 10:06:00,1000,1000,1005,1000,723800
2022-01-03 10:07:00,1000,1000,1005,1000,278500
2022-01-03 10:08:00,1000,1000,1005,1000,930500
2022-01-03 10:09:00,1005,1005,1005,1005,273100
2022-01-03 10:10:00,1005,1005,1005,1005,37000
2022-01-03 10:11:00,1005,1005,1005,1005,19400
2022-01-03 10:12:00,1005,1005,1005,1005,35600
2022-01-03 10:13:00,1005,1005,1005,1005,5000
2022-01-03 10:14:00,1005,1005,1005,1005,3500
2022-01-03 10:15:00,1005,1005,1005,1005,7800
2022-01-03 10:16:00,1005,1005,1005,1005,0
2022-01-03 10:17:00,1005,1005,1005,1005,0
2022-01-03 10:18:00,1005,1005,1005,1005,10700
2022-01-03 10:19:00,1005,1005,1005,1005,0
2022-01-03 10:20:00,1005,1005,1005,1005,30000
2022-01-03 10:21:00,1005,1005,1005,1005,200
2022-01-03 10:22:00,1005,1005,1005,1005,0
2022-01-03 10:23:00,1005,1005,1005,1005,14400
2022-01-03 10:24:00,1005,1005,1005,1005,500
2022-01-03 10:25:00,1005,1005,1005,1005,9300
2022-01-03 10:26:00,1005,1005,1005,1005,0
2022-01-03 10:27:00,1005,1005,1005,1005,2500
2022-01-03 10:28:00,1005,1005,1005,1005,0
2022-01-03 10:29:00,1005,1005,1005,1005,100
2022-01-03 10:30:00,1005,1005,1005,1005,200
2022-01-03 10:31:00,1005,1005,1005,1005,0
2022-01-03 10:32:00,1005,1005,1005,1005,16500
2022-01-03 10:33:00,1000,1000,1005,1000,2000
2022-01-03 10:34:00,1000,1000,1005,1000,0
2022-01-03 10:35:00,1005,1005,1005,1005,7400
2022-01-03 10:36:00,1005,1005,1005,1005,200
2022-01-03 10:37:00,1005,1005,1010,1010,55600
2022-01-03 10:38:00,1010,1010,1015,1015,239200
2022-01-03 10:39:00,1015,1015,1020,1020,262400
2022-01-03 10:40:00,1020,1020,1020,1020,233700
2022-01-03 10:41:00,1025,1025,1035,1035,404600
2022-01-03 10:42:00,1035,1035,1045,1045,103500
2022-01-03 10:43:00,1045,1040,1055,1050,681300
2022-01-03 10:44:00,1055,1050,1065,1065,199800
2022-01-03 10:45:00,1065,1055,1065,1060,260800
2022-01-03 10:46:00,1060,1055,1060,1055,345900
2022-01-03 10:47:00,1055,1030,1055,1040,109300
2022-01-03 10:48:00,1040,1035,1040,1035,6900
2022-01-03 10:49:00,1035,1035,1035,1035,61900
2022-01-03 10:50:00,1040,1040,1045,1045,26500
2022-01-03 10:51:00,1050,1050,1050,1050,3200
2022-01-03 10:52:00,1050,1050,1050,1050,0
2022-01-03 10:53:00,1045,1045,1050,1050,7600
2022-01-03 10:54:00,1050,1045,1050,1045,31700
2022-01-03 10:55:00,1045,1035,1045,1035,5700
2022-01-03 10:56:00,1045,1045,1045,1045,3600
2022-01-03 10:57:00,1040,1040,1040,1040,1900
2022-01-03 10:58:00,1040,1040,1040,1040,700
2022-01-03 10:59:00,1035,1035,1045,1045,7200
2022-01-03 11:00:00,1045,1040,1045,1040,4100
2022-01-03 11:01:00,1040,1040,1040,1040,12600
2022-01-03 11:02:00,1040,1040,1040,1040,500
2022-01-03 11:03:00,1035,1035,1045,1035,26000
2022-01-03 11:04:00,1045,1045,1045,1045,100
2022-01-03 11:05:00,1045,1045,1045,1045,0
2022-01-03 11:06:00,1040,1040,1040,1040,20300
2022-01-03 11:07:00,1040,1040,1040,1040,0
2022-01-03 11:08:00,1035,1035,1035,1035,1900
2022-01-03 11:09:00,1035,1035,1035,1035,1000
2022-01-03 11:10:00,1035,1035,1035,1035,900
2022-01-03 11:11:00,1035,1035,1035,1035,10000
2022-01-03 11:12:00,1035,1035,1035,1035,0
2022-01-03 11:13:00,1035,1030,1035,1030,12100
2022-01-03 11:14:00,1030,1030,1030,1030,4500
2022-01-03 11:15:00,1030,1030,1030,1030,6600
2022-01-03 11:16:00,1030,1030,1030,1030,0
2022-01-03 11:17:00,1030,1025,1030,1025,9100
2022-01-03 11:18:00,1025,1025,1030,1030,3500
2022-01-03 11:19:00,1025,1025,1030,1030,0
2022-01-03 11:20:00,1030,1030,1030,1030,7500
2022-01-03 11:21:00,1030,1030,1030,1030,100
2022-01-03 11:22:00,1030,1030,1030,1030,0
2022-01-03 11:23:00,1030,1025,1030,1025,22400
2022-01-03 11:24:00,1030,1025,1030,1025,0
2022-01-03 11:25:00,1030,1030,1030,1030,5500
2022-01-03 11:26:00,1030,1030,1030,1030,100
2022-01-03 11:27:00,1030,1030,1030,1030,0
2022-01-03 11:28:00,1025,1025,1025,1025,800
2022-01-03 11:29:00,1025,1025,1025,1025,0
2022-01-03 11:30:00,1025,1025,1025,1025,0
2022-01-03 11:31:00,1025,1025,1025,1025,0
2022-01-03 11:32:00,1025,1025,1025,1025,0
2022-01-03 11:33:00,1025,1025,1025,1025,0
2022-01-03 11:34:00,1025,1025,1025,1025,0
2022-01-03 11:35:00,1025,1025,1025,1025,0
2022-01-03 11:36:00,1025,1025,1025,1025,0
2022-01-03 11:37:00,1025,1025,1025,1025,0
2022-01-03 11:38:00,1025,1025,1025,1025,0
2022-01-03 11:39:00,1025,1025,1025,1025,0
2022-01-03 11:40:00,1025,1025,1025,1025,0
2022-01-03 11:41:00,1025,1025,1025,1025,0
2022-01-03 11:42:00,1025,1025,1025,1025,0
2022-01-03 11:43:00,1025,1025,1025,1025,0
2022-01-03 11:44:00,1025,1025,1025,1025,0
2022-01-03 11:45:00,1025,1025,1025,1025,0
2022-01-03 11:46:00,1025,1025,1025,1025,0
2022-01-03 11:47:00,1025,1025,1025,1025,0
2022-01-03 11:48:00,1025,1025,1025,1025,0
2022-01-03 11:49:00,1025,1025,1025,1025,0
2022-01-03 11:50:00,1025,1025,1025,1025,0
2022-01-03 11:51:00,1025,1025,1025,1025,0
2022-01-03 11:52:00,1025,1025,1025,1025,0
2022-01-03 11:53:00,1025,1025,1025,1025,0
2022-01-03 11:54:00,1025,1025,1025,1025,0
2022-01-03 11:55:00,1025,1025,1025,1025,0
2022-01-03 11:56:00,1025,1025,1025,1025,0
2022-01-03 11:57:00,1025,1025,1025,1025,0
2022-01-03 11:58:00,1025,1025,1025,1025,0
2022-01-03 11:59:00,1025,1025,1025,1025,0
2022-01-03 12:00:00,1025,1025,1025,1025,0
2022-01-03 12:01:00,1025,1025,1025,1025,0
2022-01-03 12:02:00,1025,1025,1025,1025,0
2022-01-03 12:03:00,1025,1025,1025,1025,0
2022-01-03 12:04:00,1025,1025,1025,1025,0
2022-01-03 12:05:00,1025,1025,1025,1025,0
2022-01-03 12:06:00,1025,1025,1025,1025,0
2022-01-03 12:07:00,1025,1025,1025,1025,0
2022-01-03 12:08:00,1025,1025,1025,1025,0
2022-01-03 12:09:00,1025,1025,1025,1025,0
2022-01-03 12:10:00,1025,1025,1025,1025,0
2022-01-03 12:11:00,1025,1025,1025,1025,0
2022-01-03 12:12:00,1025,1025,1025,1025,0
2022-01-03 12:13:00,1025,1025,1025,1025,0
2022-01-03 12:14:00,1025,1025,1025,1025,0
2022-01-03 12:15:00,1025,1025,1025,1025,0
2022-01-03 12:16:00,1025,1025,1025,1025,0
2022-01-03 12:17:00,1025,1025,1025,1025,0
2022-01-03 12:18:00,1025,1025,1025,1025,0
2022-01-03 12:19:00,1025,1025,1025,1025,0
2022-01-03 12:20:00,1025,1025,1025,1025,0
2022-01-03 12:21:00,1025,1025,1025,1025,0
2022-01-03 12:22:00,1025,1025,1025,1025,0
2022-01-03 12:23:00,1025,1025,1025,1025,0
2022-01-03 12:24:00,1025,1025,1025,1025,0
2022-01-03 12:25:00,1025,1025,1025,1025,0
2022-01-03 12:26:00,1025,1025,1025,1025,0
2022-01-03 12:27:00,1025,1025,1025,1025,0
2022-01-03 12:28:00,1025,1025,1025,1025,0
2022-01-03 12:29:00,1025,1025,1025,1025,0
2022-01-03 12:30:00,1025,1025,1025,1025,0
2022-01-03 12:31:00,1025,1025,1025,1025,0
2022-01-03 12:32:00,1025,1025,1025,1025,0
2022-01-03 12:33:00,1025,1025,1025,1025,0
2022-01-03 12:34:00,1025,1025,1025,1025,0
2022-01-03 12:35:00,1025,1025,1025,1025,0
2022-01-03 12:36:00,1025,1025,1025,1025,0
2022-01-03 12:37:00,1025,1025,1025,1025,0
2022-01-03 12:38:00,1025,1025,1025,1025,0
2022-01-03 12:39:00,1025,1025,1025,1025,0
2022-01-03 12:40:00,1025,1025,1025,1025,0
2022-01-03 12:41:00,1025,1025,1025,1025,0
2022-01-03 12:42:00,1025,1025,1025,1025,0
2022-01-03 12:43:00,1025,1025,1025,1025,0
2022-01-03 12:44:00,1025,1025,1025,1025,0
2022-01-03 12:45:00,1025,1025,1025,1025,0
2022-01-03 12:46:00,1025,1025,1025,1025,0
2022-01-03 12:47:00,1025,1025,1025,1025,0
2022-01-03 12:48:00,1025,1025,1025,1025,0
2022-01-03 12:49:00,1025,1025,1025,1025,0
2022-01-03 12:50:00,1025,1025,1025,1025,0
2022-01-03 12:51:00,1025,1025,1025,1025,0
2022-01-03 12:52:00,1025,1025,1025,1025,0
2022-01-03 12:53:00,1025,1025,1025,1025,0
2022-01-03 12:54:00,1025,1025,1025,1025,0
2022-01-03 12:55:00,1025,1025,1025,1025,0
2022-01-03 12:56:00,1025,1025,1025,1025,0
2022-01-03 12:57:00,1025,1025,1025,1025,0
2022-01-03 12:58:00,1025,1025,1025,1025,0
2022-01-03 12:59:00,1025,1025,1025,1025,0
2022-01-03 13:00:00,1025,1025,1025,1025,0
2022-01-03 13:01:00,1025,1025,1025,1025,0
2022-01-03 13:02:00,1025,1025,1025,1025,0
2022-01-03 13:03:00,1025,1025,1025,1025,0
2022-01-03 13:04:00,1025,1025,1025,1025,0
2022-01-03 13:05:00,1025,1025,1025,1025,0
2022-01-03 13:06:00,1025,1025,1025,1025,0
2022-01-03 13:07:00,1025,1025,1025,1025,0
2022-01-03 13:08:00,1025,1025,1025,1025,0
2022-01-03 13:09:00,1025,1025,1025,1025,0
2022-01-03 13:10:00,1025,1025,1025,1025,0
2022-01-03 13:11:00,1025,1025,1025,1025,0
2022-01-03 13:12:00,1025,1025,1025,1025,0
2022-01-03 13:13:00,1025,1025,1025,1025,0
2022-01-03 13:14:00,1025,1025,1025,1025,0
2022-01-03 13:15:00,1025,1025,1025,1025,0
2022-01-03 13:16:00,1025,1025,1025,1025,0
2022-01-03 13:17:00,1025,1025,1025,1025,0
2022-01-03 13:18:00,1025,1025,1025,1025,0
2022-01-03 13:19:00,1025,1025,1025,1025,0
2022-01-03 13:20:00,1025,1025,1025,1025,0
2022-01-03 13:21:00,1025,1025,1025,1025,0
2022-01-03 13:22:00,1025,1025,1025,1025,0
2022-01-03 13:23:00,1025,1025,1025,1025,0
2022-01-03 13:24:00,1025,1025,1025,1025,0
2022-01-03 13:25:00,1025,1025,1025,1025,0
2022-01-03 13:26:00,1025,1025,1025,1025,0
2022-01-03 13:27:00,1025,1025,1025,1025,0
2022-01-03 13:28:00,1025,1025,1025,1025,0
2022-01-03 13:29:00,1025,1025,1025,1025,0
2022-01-03 13:30:00,1025,1025,1030,1030,50900
2022-01-03 13:31:00,1030,1030,1030,1030,1000
2022-01-03 13:32:00,1030,1030,1030,1030,0
2022-01-03 13:33:00,1030,1030,1030,1030,0
2022-01-03 13:34:00,1030,1030,1030,1030,20300
2022-01-03 13:35:00,1030,1030,1030,1030,0
2022-01-03 13:36:00,1030,1030,1030,1030,0
2022-01-03 13:37:00,1030,1030,1030,1030,15400
2022-01-03 13:38:00,1030,1030,1030,1030,0
2022-01-03 13:39:00,1025,1025,1025,1025,1000
2022-01-03 13:40:00,1025,1025,1025,1025,0
2022-01-03 13:41:00,1030,1030,1030,1030,20100
2022-01-03 13:42:00,1030,1030,1030,1030,1200
2022-01-03 13:43:00,1030,1030,1030,1030,10000
2022-01-03 13:44:00,1030,1030,1030,1030,13900
2022-01-03 13:45:00,1030,1030,1030,1030,0
2022-01-03 13:46:00,1030,1030,1030,1030,0
2022-01-03 13:47:00,1030,1030,1030,1030,0
2022-01-03 13:48:00,1030,1030,1030,1030,1000
2022-01-03 13:49:00,1030,1030,1030,1030,400
2022-01-03 13:50:00,1035,1035,1035,1035,3100
2022-01-03 13:51:00,1040,1035,1040,1035,700
2022-01-03 13:52:00,1035,1035,1040,1040,13600
2022-01-03 13:53:00,1035,1035,1035,1035,9800
2022-01-03 13:54:00,1035,1035,1035,1035,0
2022-01-03 13:55:00,1035,1035,1035,1035,0
2022-01-03 13:56:00,1035,1035,1035,1035,0
2022-01-03 13:57:00,1035,1035,1035,1035,0
2022-01-03 13:58:00,1030,1030,1035,1035,15200
2022-01-03 13:59:00,1030,1030,1035,1035,0
2022-01-03 14:00:00,1030,1030,1035,1035,0
2022-01-03 14:01:00,1035,1035,1035,1035,6500
2022-01-03 14:02:00,1035,1030,1035,1030,9500
2022-01-03 14:03:00,1035,1030,1035,1030,0
2022-01-03 14:04:00,1035,1030,1035,1030,0
2022-01-03 14:05:00,1035,1030,1035,1030,0
2022-01-03 14:06:00,1035,1035,1035,1035,31000
2022-01-03 14:07:00,1035,1035,1035,1035,0
2022-01-03 14:08:00,1035,1035,1035,1035,0
2022-01-03 14:09:00,1035,1035,1035,1035,0
2022-01-03 14:10:00,1035,1035,1035,1035,5000
2022-01-03 14:11:00,1040,1040,1040,1040,10000
2022-01-03 14:12:00,1035,1035,1040,1040,3000
2022-01-03 14:13:00,1035,1035,1040,1040,500
2022-01-03 14:14:00,1040,1040,1040,1040,9000
2022-01-03 14:15:00,1040,1040,1040,1040,0
2022-01-03 14:16:00,1040,1040,1040,1040,0
2022-01-03 14:17:00,1035,1035,1035,1035,400
2022-01-03 14:18:00,1035,1035,1035,1035,500
2022-01-03 14:19:00,1035,1035,1035,1035,0
2022-01-03 14:20:00,1035,1035,1035,1035,100
2022-01-03 14:21:00,1035,1035,1035,1035,100
2022-01-03 14:22:00,1035,1035,1035,1035,0
2022-01-03 14:23:00,1035,1035,1035,1035,1000
2022-01-03 14:24:00,1035,1035,1035,1035,500
2022-01-03 14:25:00,1035,1035,1035,1035,500
2022-01-03 14:26:00,1035,1035,1035,1035,0
2022-01-03 14:27:00,1040,1040,1045,1045,22100
2022-01-03 14:28:00,1045,1045,1045,1045,15500
2022-01-03 14:29:00,1045,1045,1045,1045,0
2022-01-03 14:30:00,1045,1045,1045,1045,0
2022-01-03 14:31:00,1040,1040,1040,1040,25300
2022-01-03 14:32:00,1045,1035,1045,1035,361300
2022-01-03 14:33:00,1045,1030,1045,1045,429500
2022-01-03 14:34:00,1045,1045,1045,1045,133300
2022-01-03 14:35:00,1050,1050,1050,1050,9700
2022-01-03 14:36:00,1050,1050,1050,1050,12000
2022-01-03 14:37:00,1050,1050,1050,1050,6200
2022-01-03 14:38:00,1050,1050,1050,1050,3900
2022-01-03 14:39:00,1050,1050,1050,1050,1100
2022-01-03 14:40:00,1050,1050,1050,1050,35500
2022-01-03 14:41:00,1050,1050,1050,1050,21500
2022-01-03 14:42:00,1045,1040,1045,1040,2000
2022-01-03 14:43:00,1040,1040,1040,1040,1800
2022-01-03 14:44:00,1040,1040,1045,1045,2000
2022-01-03 14:45:00,1045,1040,1045,1045,27000
2022-01-03 14:46:00,1045,1045,1050,1050,14300
2022-01-03 14:47:00,1050,1045,1050,1045,28100
2022-01-03 14:48:00,1045,1045,1050,1050,9900
2022-01-03 14:49:00,1050,1045,1050,1045,26800
2022-01-03 14:50:00,1050,1045,1050,1045,0
2022-01-03 14:51:00,1050,1045,1050,1045,0
2022-01-03 14:52:00,1050,1045,1050,1045,0
2022-01-03 14:53:00,1050,1045,1050,1045,0
2022-01-03 14:54:00,1050,1045,1050,1045,0
2022-01-03 14:55:00,1050,1045,1050,1045,0
2022-01-03 14:56:00,1050,1045,1050,1045,0
2022-01-03 14:57:00,1050,1045,1050,1045,0
2022-01-03 14:58:00,1050,1045,1050,1045,0
2022-01-03 14:59:00,1050,1045,1050,1045,0
2022-01-03 15:00:00,1055,1055,1055,1055,371000
2022-01-03 15:01:00,1055,1055,1055,1055,5700
2022-01-03 15:02:00,1055,1055,1055,1055,1000
2022-01-03 15:03:00,1055,1055,1055,1055,0
2022-01-03 15:04:00,1055,1055,1055,1055,11800
2022-01-03 15:05:00,1055,1055,1055,1055,0
2022-01-03 15:06:00,1055,1055,1055,1055,1100
2022-01-03 15:07:00,1055,1055,1055,1055,0
2022-01-03 15:08:00,1055,1055,1055,1055,0
2022-01-03 15:09:00,1055,1055,1055,1055,0
2022-01-03 15:10:00,1055,1055,1055,1055,0
2022-01-03 15:11:00,1055,1055,1055,1055,1200
2022-01-03 15:12:00,1055,1055,1055,1055,7700
2022-01-03 15:13:00,1055,1055,1055,1055,0
2022-01-03 15:14:00,1055,1055,1055,1055,0
2022-01-03 15:15:00,1055,1055,1055,1055,0
2022-01-03 15:16:00,1055,1055,1055,1055,0
2022-01-03 15:17:00,1055,1055,1055,1055,0
2022-01-03 15:18:00,1055,1055,1055,1055,0
2022-01-03 15:19:00,1055,1055,1055,1055,0
2022-01-03 15:20:00,1055,1055,1055,1055,0
2022-01-03 15:21:00,1055,1055,1055,1055,0
2022-01-03 15:22:00,1055,1055,1055,1055,0
2022-01-03 15:23:00,1055,1055,1055,1055,0
2022-01-03 15:24:00,1055,1055,1055,1055,0
2022-01-03 15:25:00,1055,1055,1055,1055,0
2022-01-03 15:26:00,1055,1055,1055,1055,0
2022-01-03 15:27:00,1055,1055,1055,1055,0
2022-01-03 15:28:00,1055,1055,1055,1055,0
2022-01-03 15:29:00,1055,1055,1055,1055,0
2022-01-03 15:30:00,1055,1055,1055,1055,0
2022-01-03 15:31:00,1055,1055,1055,1055,0
2022-01-03 15:32:00,1055,1055,1055,1055,0
2022-01-03 15:33:00,1055,1055,1055,1055,0
2022-01-03 15:34:00,1055,1055,1055,1055,0
2022-01-03 15:35:00,1055,1055,1055,1055,0
2022-01-03 15:36:00,1055,1055,1055,1055,0
2022-01-03 15:37:00,1055,1055,1055,1055,0
2022-01-03 15:38:00,1055,1055,1055,1055,0
2022-01-03 15:39:00,1055,1055,1055,1055,0
2022-01-03 15:40:00,1055,1055,1055,1055,0
2022-01-03 15:41:00,1055,1055,1055,1055,0
2022-01-03 15:42:00,1055,1055,1055,1055,0
2022-01-03 15:43:00,1055,1055,1055,1055,0
2022-01-03 15:44:00,1055,1055,1055,1055,0
2022-01-03 15:45:00,1055,1055,1055,1055,0
2022-01-03 15:46:00,1055,1055,1055,1055,0
2022-01-03 15:47:00,1055,1055,1055,1055,0
2022-01-03 15:48:00,1055,1055,1055,1055,0
2022-01-03 15:49:00,1055,1055,1055,1055,0
2022-01-03 15:50:00,1055,1055,1055,1055,0
2022-01-03 15:51:00,1055,1055,1055,1055,0
2022-01-03 15:52:00,1055,1055,1055,1055,0
2022-01-03 15:53:00,1055,1055,1055,1055,0
2022-01-03 15:54:00,1055,1055,1055,1055,0
2022-01-03 15:55:00,1055,1055,1055,1055,0
2022-01-03 15:56:00,1055,1055,1055,1055,0
2022-01-03 15:57:00,1055,1055,1055,1055,0
2022-01-03 15:58:00,1055,1055,1055,1055,0
2022-01-03 15:59:00,1055,1055,1055,1055,0
2022-01-04 09:00:00,1065,1055,1065,1060,0
2022-01-04 09:01:00,1065,1065,1080,1080,37500
2022-01-04 09:02:00,1080,1070,1080,1080,115800
2022-01-04 09:03:00,1080,1070,1080,1075,200600
2022-01-04 09:04:00,1080,1075,1085,1085,105300
2022-01-04 09:05:00,1085,1085,1095,1095,89000
2022-01-04 09:06:00,1090,1085,1095,1090,300600
2022-01-04 09:07:00,1090,1085,1095,1085,372500
2022-01-04 09:08:00,1085,1085,1090,1090,289600
2022-01-04 09:09:00,1090,1090,1095,1090,16700
2022-01-04 09:10:00,1090,1090,1095,1090,14800
2022-01-04 09:11:00,1090,1090,1090,1090,13400
2022-01-04 09:12:00,1085,1085,1100,1095,89600
2022-01-04 09:13:00,1095,1095,1100,1095,61100
2022-01-04 09:14:00,1095,1095,1095,1095,29400
2022-01-04 09:15:00,1095,1090,1095,1090,43700
2022-01-04 09:16:00,1090,1085,1090,1085,322100
2022-01-04 09:17:00,1080,1075,1080,1075,26700
2022-01-04 09:18:00,1075,1075,1080,1080,50800
2022-01-04 09:19:00,1080,1080,1080,1080,200
2022-01-04 09:20:00,1085,1085,1085,1085,5400
2022-01-04 09:21:00,1085,1080,1085,1080,7700
2022-01-04 09:22:00,1085,1080,1085,1080,83700
2022-01-04 09:23:00,1080,1075,1080,1075,7600
2022-01-04 09:24:00,1075,1075,1080,1080,35100
2022-01-04 09:25:00,1080,1080,1080,1080,25700
2022-01-04 09:26:00,1085,1080,1085,1080,15100
2022-01-04 09:27:00,1085,1080,1085,1080,0
2022-01-04 09:28:00,1090,1090,1095,1095,92200
2022-01-04 09:29:00,1095,1095,1100,1095,61300
2022-01-04 09:30:00,1095,1095,1100,1100,27600
2022-01-04 09:31:00,1100,1095,1100,1100,28400
2022-01-04 09:32:00,1095,1095,1100,1100,159400
2022-01-04 09:33:00,1100,1100,1110,1110,234500
2022-01-04 09:34:00,1110,1110,1115,1115,14100
2022-01-04 09:35:00,1115,1115,1115,1115,12600
2022-01-04 09:36:00,1115,1105,1115,1105,110400
2022-01-04 09:37:00,1105,1100,1105,1105,91400
2022-01-04 09:38:00,1100,1100,1100,1100,84700
2022-01-04 09:39:00,1100,1100,1100,1100,100
2022-01-04 09:40:00,1095,1095,1095,1095,20600
2022-01-04 09:41:00,1095,1095,1095,1095,2300
2022-01-04 09:42:00,1095,1095,1095,1095,0
2022-01-04 09:43:00,1095,1095,1095,1095,2700
2022-01-04 09:44:00,1095,1095,1095,1095,0
2022-01-04 09:45:00,1095,1095,1095,1095,0
2022-01-04 09:46:00,1095,1095,1095,1095,0
2022-01-04 09:47:00,1095,1095,1095,1095,0
2022-01-04 09:48:00,1095,1095,1100,1100,4800
2022-01-04 09:49:00,1100,1100,1100,1100,2100
2022-01-04 09:50:00,1100,1100,1100,1100,3700
2022-01-04 09:51:00,1100,1100,1100,1100,5000
2022-01-04 09:52:00,1100,1100,1110,1110,59600
2022-01-04 09:53:00,1105,1105,1105,1105,6700
2022-01-04 09:54:00,1105,1105,1105,1105,0
2022-01-04 09:55:00,1100,1100,1100,1100,100
2022-01-04 09:56:00,1100,1100,1100,1100,15000
2022-01-04 09:57:00,1100,1100,1100,1100,23300
2022-01-04 09:58:00,1100,1100,1100,1100,900
2022-01-04 09:59:00,1100,1100,1100,1100,100
2022-01-04 10:00:00,1100,1100,1100,1100,10100
2022-01-04 10:01:00,1095,1095,1095,1095,9000
2022-01-04 10:02:00,1095,1095,1095,1095,5400
2022-01-04 10:03:00,1095,1095,1095,1095,400
2022-01-04 10:04:00,1100,1100,1100,1100,500
2022-01-04 10:05:00,1095,1095,1095,1095,11700
2022-01-04 10:06:00,1095,1095,1095,1095,0
2022-01-04 10:07:00,1095,1095,1095,1095,6000
2022-01-04 10:08:00,1100,1100,1100,1100,2400
2022-01-04 10:09:00,1100,1100,1100,1100,6000
2022-01-04 10:10:00,1100,1100,1100,1100,200
2022-01-04 10:11:00,1100,1095,1100,1095,3500
2022-01-04 10:12:00,1100,1095,1100,1095,300
2022-01-04 10:13:00,1100,1100,1100,1100,3000
2022-01-04 10:14:00,1100,1100,1100,1100,0
2022-01-04 10:15:00,1095,1095,1095,1095,11000
2022-01-04 10:16:00,1095,1095,1095,1095,13500
2022-01-04 10:17:00,1095,1095,1095,1095,1900
2022-01-04 10:18:00,1095,1095,1095,1095,21700
2022-01-04 10:19:00,1095,1095,1095,1095,1100
2022-01-04 10:20:00,1095,1095,1095,1095,0
2022-01-04 10:21:00,1095,1095,1095,1095,0
2022-01-04 10:22:00,1095,1095,1095,1095,10500
2022-01-04 10:23:00,1095,1095,1095,1095,0
2022-01-04 10:24:00,1095,1095,1095,1095,16000
2022-01-04 10:25:00,1100,1095,1100,1095,13200
2022-01-04 10:26:00,1100,1100,1100,1100,4000
2022-01-04 10:27:00,1095,1095,1095,1095,2000
2022-01-04 10:28:00,1095,1095,1095,1095,2000
2022-01-04 10:29:00,1095,1095,1095,1095,0
2022-01-04 10:30:00,1095,1095,1095,1095,2000
2022-01-04 10:31:00,1095,1095,1095,1095,5000
2022-01-04 10:32:00,1095,1095,1095,1095,10000
2022-01-04 10:33:00,1095,1095,1095,1095,5100
2022-01-04 10:34:00,1095,1095,1095,1095,0
2022-01-04 10:35:00,1095,1090,1100,1100,100200
2022-01-04 10:36:00,1095,1095,1095,1095,21500
2022-01-04 10:37:00,1095,1095,1095,1095,0
2022-01-04 10:38:00,1095,1095,1095,1095,600
2022-01-04 10:39:00,1090,1090,1090,1090,1300
2022-01-04 10:40:00,1090,1090,1090,1090,500
2022-01-04 10:41:00,1090,1090,1090,1090,0
2022-01-04 10:42:00,1095,1095,1095,1095,400
2022-01-04 10:43:00,1095,1095,1095,1095,0
2022-01-04 10:44:00,1090,1090,1095,1095,19400
2022-01-04 10:45:00,1095,1095,1095,1095,10000
2022-01-04 10:46:00,1095,1095,1095,1095,2200
2022-01-04 10:47:00,1095,1095,1095,1095,0
2022-01-04 10:48:00,1090,1090,1095,1095,8200
2022-01-04 10:49:00,1095,1095,1095,1095,7300
2022-01-04 10:50:00,1095,1095,1095,1095,1700
2022-01-04 10:51:00,1095,1095,1095,1095,0
2022-01-04 10:52:00,1095,1095,1095,1095,0
2022-01-04 10:53:00,1095,1095,1095,1095,1500
2022-01-04 10:54:00,1095,1095,1095,1095,300
2022-01-04 10:55:00,1100,1100,1100,1100,11500
2022-01-04 10:56:00,1100,1100,1105,1105,66300
2022-01-04 10:57:00,1100,1100,1105,1105,0
2022-01-04 10:58:00,1100,1100,1105,1105,0
2022-01-04 10:59:00,1100,1100,1105,1105,0
2022-01-04 11:00:00,1105,1105,1105,1105,4000
2022-01-04 11:01:00,1105,1100,1105,1100,2400
2022-01-04 11:02:00,1105,1100,1105,1100,0
2022-01-04 11:03:00,1100,1100,1105,1105,17500
2022-01-04 11:04:00,1105,1105,1115,1110,129600
2022-01-04 11:05:00,1115,1115,1120,1120,69300
2022-01-04 11:06:00,1115,1110,1120,1110,14900
2022-01-04 11:07:00,1115,1115,1115,1115,7600
2022-01-04 11:08:00,1115,1110,1115,1110,3200
2022-01-04 11:09:00,1110,1110,1110,1110,1700
2022-01-04 11:10:00,1110,1110,1110,1110,0
2022-01-04 11:11:00,1115,1115,1120,1120,17200
2022-01-04 11:12:00,1115,1115,1120,1115,5400
2022-01-04 11:13:00,1115,1115,1115,1115,200
2022-01-04 11:14:00,1115,1115,1115,1115,500
2022-01-04 11:15:00,1115,1115,1115,1115,1400
2022-01-04 11:16:00,1115,1115,1115,1115,6000
2022-01-04 11:17:00,1115,1115,1115,1115,33400
2022-01-04 11:18:00,1120,1120,1120,1120,41800
2022-01-04 11:19:00,1120,1120,1120,1120,14600
2022-01-04 11:20:00,1120,1120,1125,1120,3300
2022-01-04 11:21:00,1120,1120,1120,1120,5000
2022-01-04 11:22:00,1120,1110,1120,1110,113500
2022-01-04 11:23:00,1110,1110,1110,1110,2200
2022-01-04 11:24:00,1110,1110,1110,1110,13300
2022-01-04 11:25:00,1110,1110,1110,1110,500
2022-01-04 11:26:00,1115,1110,1115,1110,3000
2022-01-04 11:27:00,1115,1115,1115,1115,2000
2022-01-04 11:28:00,1110,1110,1110,1110,10700
2022-01-04 11:29:00,1110,1110,1110,1110,17100
2022-01-04 11:30:00,1110,1110,1110,1110,0
2022-01-04 11:31:00,1110,1110,1110,1110,0
2022-01-04 11:32:00,1110,1110,1110,1110,0
2022-01-04 11:33:00,1110,1110,1110,1110,0
2022-01-04 11:34:00,1110,1110,1110,1110,0
2022-01-04 11:35:00,1110,1110,1110,1110,0
2022-01-04 11:36:00,1110,1110,1110,1110,0
2022-01-04 11:37:00,1110,1110,1110,1110,0
2022-01-04 11:38:00,1110,1110,1110,1110,0
2022-01-04 11:39:00,1110,1110,1110,1110,0
2022-01-04 11:40:00,1110,1110,1110,1110,0
2022-01-04 11:41:00,1110,1110,1110,1110,0
2022-01-04 11:42:00,1110,1110,1110,1110,0
2022-01-04 11:43:00,1110,1110,1110,1110,0
2022-01-04 11:44:00,1110,1110,1110,1110,0
2022-01-04 11:45:00,1110,1110,1110,1110,0
2022-01-04 11:46:00,1110,1110,1110,1110,0
2022-01-04 11:47:00,1110,1110,1110,1110,0
2022-01-04 11:48:00,1110,1110,1110,1110,0
2022-01-04 11:49:00,1110,1110,1110,1110,0
2022-01-04 11:50:00,1110,1110,1110,1110,0
2022-01-04 11:51:00,1110,1110,1110,1110,0
2022-01-04 11:52:00,1110,1110,1110,1110,0
2022-01-04 11:53:00,1110,1110,1110,1110,0
2022-01-04 11:54:00,1110,1110,1110,1110,0
2022-01-04 11:55:00,1110,1110,1110,1110,0
2022-01-04 11:56:00,1110,1110,1110,1110,0
2022-01-04 11:57:00,1110,1110,1110,1110,0
2022-01-04 11:58:00,1110,1110,1110,1110,0
2022-01-04 11:59:00,1110,1110,1110,1110,0
2022-01-04 12:00:00,1110,1110,1110,1110,0
2022-01-04 12:01:00,1110,1110,1110,1110,0
2022-01-04 12:02:00,1110,1110,1110,1110,0
2022-01-04 12:03:00,1110,1110,1110,1110,0
2022-01-04 12:04:00,1110,1110,1110,1110,0
2022-01-04 12:05:00,1110,1110,1110,1110,0
2022-01-04 12:06:00,1110,1110,1110,1110,0
2022-01-04 12:07:00,1110,1110,1110,1110,0
2022-01-04 12:08:00,1110,1110,1110,1110,0
2022-01-04 12:09:00,1110,1110,1110,1110,0
2022-01-04 12:10:00,1110,1110,1110,1110,0
2022-01-04 12:11:00,1110,1110,1110,1110,0
2022-01-04 12:12:00,1110,1110,1110,1110,0
2022-01-04 12:13:00,1110,1110,1110,1110,0
2022-01-04 12:14:00,1110,1110,1110,1110,0
2022-01-04 12:15:00,1110,1110,1110,1110,0
2022-01-04 12:16:00,1110,1110,1110,1110,0
2022-01-04 12:17:00,1110,1110,1110,1110,0
2022-01-04 12:18:00,1110,1110,1110,1110,0
2022-01-04 12:19:00,1110,1110,1110,1110,0
2022-01-04 12:20:00,1110,1110,1110,1110,0
2022-01-04 12:21:00,1110,1110,1110,1110,0
2022-01-04 12:22:00,1110,1110,1110,1110,0
2022-01-04 12:23:00,1110,1110,1110,1110,0
2022-01-04 12:24:00,1110,1110,1110,1110,0
2022-01-04 12:25:00,1110,1110,1110,1110,0
2022-01-04 12:26:00,1110,1110,1110,1110,0
2022-01-04 12:27:00,1110,1110,1110,1110,0
2022-01-04 12:28:00,1110,1110,1110,1110,0
2022-01-04 12:29:00,1110,1110,1110,1110,0
2022-01-04 12:30:00,1110,1110,1110,1110,0
2022-01-04 12:31:00,1110,1110,1110,1110,0
2022-01-04 12:32:00,1110,1110,1110,1110,0
2022-01-04 12:33:00,1110,1110,1110,1110,0
2022-01-04 12:34:00,1110,1110,1110,1110,0
2022-01-04 12:35:00,1110,1110,1110,1110,0
2022-01-04 12:36:00,1110,1110,1110,1110,0
2022-01-04 12:37:00,1110,1110,1110,1110,0
2022-01-04 12:38:00,1110,1110,1110,1110,0
2022-01-04 12:39:00,1110,1110,1110,1110,0
2022-01-04 12:40:00,1110,1110,1110,1110,0
2022-01-04 12:41:00,1110,1110,1110,1110,0
2022-01-04 12:42:00,1110,1110,1110,1110,0
2022-01-04 12:43:00,1110,1110,1110,1110,0
2022-01-04 12:44:00,1110,1110,1110,1110,0
2022-01-04 12:45:00,1110,1110,1110,1110,0
2022-01-04 12:46:00,1110,1110,1110,1110,0
2022-01-04 12:47:00,1110,1110,1110,1110,0
2022-01-04 12:48:00,1110,1110,1110,1110,0
2022-01-04 12:49:00,1110,1110,1110,1110,0
2022-01-04 12:50:00,1110,1110,1110,1110,0
2022-01-04 12:51:00,1110,1110,1110,1110,0
2022-01-04 12:52:00,1110,1110,1110,1110,0
2022-01-04 12:53:00,1110,1110,1110,1110,0
2022-01-04 12:54:00,1110,1110,1110,1110,0
2022-01-04 12:55:00,1110,1110,1110,1110,0
2022-01-04 12:56:00,1110,1110,1110,1110,0
2022-01-04 12:57:00,1110,1110,1110,1110,0
2022-01-04 12:58:00,1110,1110,1110,1110,0
2022-01-04 12:59:00,1110,1110,1110,1110,0
2022-01-04 13:00:00,1110,1110,1110,1110,0
2022-01-04 13:01:00,1110,1110,1110,1110,0
2022-01-04 13:02:00,1110,1110,1110,1110,0
2022-01-04 13:03:00,1110,1110,1110,1110,0
2022-01-04 13:04:00,1110,1110,1110,1110,0
2022-01-04 13:05:00,1110,1110,1110,1110,0
2022-01-04 13:06:00,1110,1110,1110,1110,0
2022-01-04 13:07:00,1110,1110,1110,1110,0
2022-01-04 13:08:00,1110,1110,1110,1110,0
2022-01-04 13:09:00,1110,1110,1110,1110,0
2022-01-04 13:10:00,1110,1110,1110,1110,0
2022-01-04 13:11:00,1110,1110,1110,1110,0
2022-01-04 13:12:00,1110,1110,1110,1110,0
2022-01-04 13:13:00,1110,1110,1110,1110,0
2022-01-04 13:14:00,1110,1110,1110,1110,0
2022-01-04 13:15:00,1110,1110,1110,1110,0
2022-01-04 13:16:00,1110,1110,1110,1110,0
2022-01-04 13:17:00,1110,1110,1110,1110,0
2022-01-04 13:18:00,1110,1110,1110,1110,0
2022-01-04 13:19:00,1110,1110,1110,1110,0
2022-01-04 13:20:00,1110,1110,1110,1110,0
2022-01-04 13:21:00,1110,1110,1110,1110,0
2022-01-04 13:22:00,1110,1110,1110,1110,0
2022-01-04 13:23:00,1110,1110,1110,1110,0
2022-01-04 13:24:00,1110,1110,1110,1110,0
2022-01-04 13:25:00,1110,1110,1110,1110,0
2022-01-04 13:26:00,1110,1110,1110,1110,0
2022-01-04 13:27:00,1110,1110,1110,1110,0
2022-01-04 13:28:00,1110,1110,1110,1110,0
2022-01-04 13:29:00,1110,1110,1110,1110,0
2022-01-04 13:30:00,1105,1105,1110,1105,54400
2022-01-04 13:31:00,1115,1115,1115,1115,1100
2022-01-04 13:32:00,1115,1115,1115,1115,0
2022-01-04 13:33:00,1115,1115,1115,1115,100
2022-01-04 13:34:00,1115,1115,1115,1115,0
2022-01-04 13:35:00,1115,1115,1115,1115,0
2022-01-04 13:36:00,1115,1115,1115,1115,2700
2022-01-04 13:37:00,1115,1115,1115,1115,10400
2022-01-04 13:38:00,1115,1115,1115,1115,48400
2022-01-04 13:39:00,1110,1110,1110,1110,58000
2022-01-04 13:40:00,1110,1110,1110,1110,500
2022-01-04 13:41:00,1105,1105,1105,1105,126600
2022-01-04 13:42:00,1105,1105,1105,1105,3500
2022-01-04 13:43:00,1105,1105,1105,1105,8100
2022-01-04 13:44:00,1105,1100,1105,1100,3900
2022-01-04 13:45:00,1100,1100,1100,1100,2500
2022-01-04 13:46:00,1105,1100,1105,1100,3500
2022-01-04 13:47:00,1100,1100,1100,1100,22000
2022-01-04 13:48:00,1105,1105,1105,1105,7500
2022-01-04 13:49:00,1105,1105,1105,1105,200
2022-01-04 13:50:00,1105,1105,1105,1105,0
2022-01-04 13:51:00,1105,1105,1105,1105,0
2022-01-04 13:52:00,1105,1105,1105,1105,33100
2022-01-04 13:53:00,1110,1105,1110,1105,28300
2022-01-04 13:54:00,1110,1105,1110,1105,0
2022-01-04 13:55:00,1105,1105,1105,1105,1000
2022-01-04 13:56:00,1105,1105,1105,1105,10100
2022-01-04 13:57:00,1105,1105,1105,1105,4000
2022-01-04 13:58:00,1105,1105,1105,1105,25000
2022-01-04 13:59:00,1100,1100,1105,1105,300
2022-01-04 14:00:00,1100,1100,1105,1105,0
2022-01-04 14:01:00,1100,1100,1100,1100,900
2022-01-04 14:02:00,1100,1100,1100,1100,20400
2022-01-04 14:03:00,1100,1100,1100,1100,11700
2022-01-04 14:04:00,1100,1100,1100,1100,1100
2022-01-04 14:05:00,1100,1100,1100,1100,100
2022-01-04 14:06:00,1100,1100,1105,1100,61900
2022-01-04 14:07:00,1100,1100,1100,1100,700
2022-01-04 14:08:00,1100,1100,1100,1100,0
2022-01-04 14:09:00,1100,1100,1105,1105,7900
2022-01-04 14:10:00,1105,1105,1105,1105,15400
2022-01-04 14:11:00,1105,1105,1105,1105,4100
2022-01-04 14:12:00,1105,1100,1105,1100,2300
2022-01-04 14:13:00,1105,1100,1105,1100,0
2022-01-04 14:14:00,1100,1100,1100,1100,2300
2022-01-04 14:15:00,1105,1105,1105,1105,11000
2022-01-04 14:16:00,1105,1105,1105,1105,100
2022-01-04 14:17:00,1100,1100,1105,1105,4000
2022-01-04 14:18:00,1100,1100,1105,1105,0
2022-01-04 14:19:00,1100,1100,1105,1105,0
2022-01-04 14:20:00,1105,1105,1105,1105,5800
2022-01-04 14:21:00,1110,1110,1110,1110,3000
2022-01-04 14:22:00,1110,1110,1110,1110,0
2022-01-04 14:23:00,1110,1110,1110,1110,500
2022-01-04 14:24:00,1110,1105,1110,1105,46200
2022-01-04 14:25:00,1110,1105,1110,1105,0
2022-01-04 14:26:00,1100,1100,1105,1105,5300
2022-01-04 14:27:00,1100,1100,1105,1105,0
2022-01-04 14:28:00,1100,1100,1105,1105,0
2022-01-04 14:29:00,1105,1100,1105,1105,26300
2022-01-04 14:30:00,1105,1100,1105,1105,0
2022-01-04 14:31:00,1105,1105,1105,1105,13600
2022-01-04 14:32:00,1105,1105,1105,1105,0
2022-01-04 14:33:00,1105,1105,1105,1105,400
2022-01-04 14:34:00,1105,1105,1105,1105,200
2022-01-04 14:35:00,1105,1105,1105,1105,10000
2022-01-04 14:36:00,1110,1110,1110,1110,300
2022-01-04 14:37:00,1110,1110,1110,1110,300
2022-01-04 14:38:00,1105,1105,1105,1105,4300
2022-01-04 14:39:00,1105,1105,1110,1110,26800
2022-01-04 14:40:00,1110,1110,1110,1110,10000
2022-01-04 14:41:00,1110,1110,1110,1110,56700
2022-01-04 14:42:00,1110,1110,1115,1115,61300
2022-01-04 14:43:00,1115,1115,1115,1115,33900
2022-01-04 14:44:00,1115,1110,1115,1115,23800
2022-01-04 14:45:00,1115,1115,1115,1115,100
2022-01-04 14:46:00,1115,1110,1120,1120,91000
2022-01-04 14:47:00,1120,1120,1120,1120,34400
2022-01-04 14:48:00,1115,1115,1115,1115,2500
2022-01-04 14:49:00,1120,1115,1120,1120,38200
2022-01-04 14:50:00,1120,1115,1120,1120,0
2022-01-04 14:51:00,1120,1115,1120,1120,0
2022-01-04 14:52:00,1120,1115,1120,1120,0
2022-01-04 14:53:00,1120,1115,1120,1120,0
2022-01-04 14:54:00,1120,1115,1120,1120,0
2022-01-04 14:55:00,1120,1115,1120,1120,0
2022-01-04 14:56:00,1120,1115,1120,1120,0
2022-01-04 14:57:00,1120,1115,1120,1120,0
2022-01-04 14:58:00,1120,1115,1120,1120,0
2022-01-04 14:59:00,1120,1115,1120,1120,0
2022-01-04 15:00:00,1125,1125,1125,1125,254000
2022-01-04 15:01:00,1125,1125,1125,1125,30100
2022-01-04 15:02:00,1125,1125,1125,1125,8300
2022-01-04 15:03:00,1125,1125,1125,1125,5200
2022-01-04 15:04:00,1125,1125,1125,1125,1000
2022-01-04 15:05:00,1125,1125,1125,1125,0
2022-01-04 15:06:00,1125,1125,1125,1125,0
2022-01-04 15:07:00,1125,1125,1125,1125,0
2022-01-04 15:08:00,1125,1125,1125,1125,700
2022-01-04 15:09:00,1125,1125,1125,1125,0
2022-01-04 15:10:00,1125,1125,1125,1125,50200
2022-01-04 15:11:00,1125,1125,1125,1125,0
2022-01-04 15:12:00,1125,1125,1125,1125,0
2022-01-04 15:13:00,1125,1125,1125,1125,24000
2022-01-04 15:14:00,1125,1125,1125,1125,21000
2022-01-04 15:15:00,1125,1125,1125,1125,0
2022-01-04 15:16:00,1125,1125,1125,1125,0
2022-01-04 15:17:00,1125,1125,1125,1125,0
2022-01-04 15:18:00,1125,1125,1125,1125,0
2022-01-04 15:19:00,1125,1125,1125,1125,0
2022-01-04 15:20:00,1125,1125,1125,1125,0
2022-01-04 15:21:00,1125,1125,1125,1125,0
2022-01-04 15:22:00,1125,1125,1125,1125,0
2022-01-04 15:23:00,1125,1125,1125,1125,0
2022-01-04 15:24:00,1125,1125,1125,1125,0
2022-01-04 15:25:00,1125,1125,1125,1125,0
2022-01-04 15:26:00,1125,1125,1125,1125,0
2022-01-04 15:27:00,1125,1125,1125,1125,0
2022-01-04 15:28:00,1125,1125,1125,1125,0
2022-01-04 15:29:00,1125,1125,1125,1125,0
2022-01-04 15:30:00,1125,1125,1125,1125,0
2022-01-04 15:31:00,1125,1125,1125,1125,0
2022-01-04 15:32:00,1125,1125,1125,1125,0
2022-01-04 15:33:00,1125,1125,1125,1125,0
2022-01-04 15:34:00,1125,1125,1125,1125,0
2022-01-04 15:35:00,1125,1125,1125,1125,0
2022-01-04 15:36:00,1125,1125,1125,1125,0
2022-01-04 15:37:00,1125,1125,1125,1125,0
2022-01-04 15:38:00,1125,1125,1125,1125,0
2022-01-04 15:39:00,1125,1125,1125,1125,0
2022-01-04 15:40:00,1125,1125,1125,1125,0
2022-01-04 15:41:00,1125,1125,1125,1125,0
2022-01-04 15:42:00,1125,1125,1125,1125,0
2022-01-04 15:43:00,1125,1125,1125,1125,0
2022-01-04 15:44:00,1125,1125,1125,1125,0
2022-01-04 15:45:00,1125,1125,1125,1125,0
2022-01-04 15:46:00,1125,1125,1125,1125,0
2022-01-04 15:47:00,1125,1125,1125,1125,0
2022-01-04 15:48:00,1125,1125,1125,1125,0
2022-01-04 15:49:00,1125,1125,1125,1125,0
2022-01-04 15:50:00,1125,1125,1125,1125,0
2022-01-04 15:51:00,1125,1125,1125,1125,0
2022-01-04 15:52:00,1125,1125,1125,1125,0
2022-01-04 15:53:00,1125,1125,1125,1125,0
2022-01-04 15:54:00,1125,1125,1125,1125,0
2022-01-04 15:55:00,1125,1125,1125,1125,0
2022-01-04 15:56:00,1125,1125,1125,1125,0
2022-01-04 15:57:00,1125,1125,1125,1125,0
2022-01-04 15:58:00,1125,1125,1125,1125,0
2022-01-04 15:59:00,1125,1125,1125,1125,0
2022-01-05 09:00:00,1135,1135,1140,1135,0
2022-01-05 09:01:00,1135,1130,1145,1140,117900
2022-01-05 09:02:00,1140,1140,1145,1140,43500
2022-01-05 09:03:00,1140,1135,1140,1135,46100
2022-01-05 09:04:00,1135,1135,1135,1135,4500
2022-01-05 09:05:00,1135,1130,1135,1135,50100
2022-01-05 09:06:00,1130,1130,1140,1140,41600
2022-01-05 09:07:00,1140,1140,1145,1145,22000
2022-01-05 09:08:00,1145,1140,1145,1140,3000
2022-01-05 09:09:00,1140,1140,1145,1145,4200
2022-01-05 09:10:00,1140,1140,1140,1140,1000
2022-01-05 09:11:00,1140,1140,1140,1140,1000
2022-01-05 09:12:00,1145,1145,1145,1145,40600
2022-01-05 09:13:00,1150,1145,1155,1150,84500
2022-01-05 09:14:00,1155,1150,1160,1160,54200
2022-01-05 09:15:00,1155,1150,1160,1160,561900
2022-01-05 09:16:00,1155,1150,1155,1150,134200
2022-01-05 09:17:00,1150,1145,1150,1150,50900
2022-01-05 09:18:00,1150,1145,1150,1145,1600
2022-01-05 09:19:00,1145,1145,1145,1145,7800
2022-01-05 09:20:00,1150,1150,1150,1150,3900
2022-01-05 09:21:00,1150,1150,1155,1155,16200
2022-01-05 09:22:00,1150,1150,1150,1150,100
2022-01-05 09:23:00,1155,1150,1155,1150,800
2022-01-05 09:24:00,1150,1145,1150,1150,19000
2022-01-05 09:25:00,1150,1150,1150,1150,10600
2022-01-05 09:26:00,1150,1150,1150,1150,300
2022-01-05 09:27:00,1150,1145,1150,1145,2400
2022-01-05 09:28:00,1145,1145,1145,1145,68400
2022-01-05 09:29:00,1145,1145,1145,1145,200
2022-01-05 09:30:00,1145,1145,1150,1150,9800
2022-01-05 09:31:00,1145,1145,1145,1145,87000
2022-01-05 09:32:00,1145,1145,1145,1145,12500
2022-01-05 09:33:00,1140,1140,1140,1140,9100
2022-01-05 09:34:00,1140,1140,1140,1140,400
2022-01-05 09:35:00,1140,1140,1145,1140,11000
2022-01-05 09:36:00,1140,1140,1140,1140,10900
2022-01-05 09:37:00,1140,1140,1140,1140,19500
2022-01-05 09:38:00,1140,1140,1140,1140,10000
2022-01-05 09:39:00,1140,1140,1140,1140,0
2022-01-05 09:40:00,1140,1140,1140,1140,1100
2022-01-05 09:41:00,1140,1140,1140,1140,10900
2022-01-05 09:42:00,1140,1140,1140,1140,100
2022-01-05 09:43:00,1140,1140,1140,1140,0
2022-01-05 09:44:00,1140,1140,1140,1140,5600
2022-01-05 09:45:00,1140,1140,1140,1140,2300
2022-01-05 09:46:00,1140,1140,1140,1140,4500
2022-01-05 09:47:00,1140,1140,1140,1140,7200
2022-01-05 09:48:00,1140,1140,1140,1140,13700
2022-01-05 09:49:00,1135,1135,1135,1135,14000
2022-01-05 09:50:00,1135,1135,1135,1135,96200
2022-01-05 09:51:00,1130,1130,1130,1130,19300
2022-01-05 09:52:00,1135,1130,1135,1135,600
2022-01-05 09:53:00,1135,1130,1135,1135,0
2022-01-05 09:54:00,1135,1130,1135,1135,0
2022-01-05 09:55:00,1135,1130,1135,1135,0
2022-01-05 09:56:00,1130,1130,1130,1130,1200
2022-01-05 09:57:00,1130,1130,1130,1130,66800
2022-01-05 09:58:00,1125,1120,1125,1120,55700
2022-01-05 09:59:00,1120,1105,1120,1105,66800
2022-01-05 10:00:00,1105,1105,1105,1105,22900
2022-01-05 10:01:00,1110,1105,1115,1105,48100
2022-01-05 10:02:00,1115,1115,1115,1115,4900
2022-01-05 10:03:00,1115,1115,1115,1115,1000
2022-01-05 10:04:00,1115,1115,1120,1120,11300
2022-01-05 10:05:00,1120,1120,1120,1120,1300
2022-01-05 10:06:00,1120,1120,1120,1120,0
2022-01-05 10:07:00,1115,1115,1115,1115,1100
2022-01-05 10:08:00,1115,1115,1115,1115,8500
2022-01-05 10:09:00,1115,1115,1120,1120,16000
2022-01-05 10:10:00,1115,1115,1120,1120,0
2022-01-05 10:11:00,1115,1115,1120,1120,0
2022-01-05 10:12:00,1120,1120,1120,1120,14600
2022-01-05 10:13:00,1120,1120,1120,1120,0
2022-01-05 10:14:00,1120,1120,1120,1120,0
2022-01-05 10:15:00,1125,1125,1125,1125,100
2022-01-05 10:16:00,1125,1125,1125,1125,0
2022-01-05 10:17:00,1125,1125,1125,1125,0
2022-01-05 10:18:00,1125,1125,1125,1125,300
2022-01-05 10:19:00,1125,1125,1125,1125,2000
2022-01-05 10:20:00,1120,1120,1120,1120,5500
2022-01-05 10:21:00,1120,1120,1120,1120,0
2022-01-05 10:22:00,1125,1125,1125,1125,1000
2022-01-05 10:23:00,1120,1120,1125,1125,7800
2022-01-05 10:24:00,1120,1120,1125,1125,0
2022-01-05 10:25:00,1125,1125,1125,1125,24300
2022-01-05 10:26:00,1125,1125,1125,1125,0
2022-01-05 10:27:00,1130,1130,1130,1130,4900
2022-01-05 10:28:00,1130,1130,1130,1130,5100
2022-01-05 10:29:00,1130,1130,1130,1130,4000
2022-01-05 10:30:00,1130,1130,1130,1130,0
2022-01-05 10:31:00,1130,1130,1130,1130,100
2022-01-05 10:32:00,1125,1125,1125,1125,42900
2022-01-05 10:33:00,1130,1125,1130,1125,15700
2022-01-05 10:34:00,1125,1120,1125,1120,3700
2022-01-05 10:35:00,1120,1120,1120,1120,6000
2022-01-05 10:36:00,1125,1125,1125,1125,100
2022-01-05 10:37:00,1125,1125,1125,1125,0
2022-01-05 10:38:00,1125,1125,1125,1125,2000
2022-01-05 10:39:00,1125,1125,1125,1125,0
2022-01-05 10:40:00,1120,1120,1120,1120,2500
2022-01-05 10:41:00,1120,1120,1120,1120,0
2022-01-05 10:42:00,1120,1120,1120,1120,0
2022-01-05 10:43:00,1120,1120,1120,1120,100
2022-01-05 10:44:00,1115,1115,1115,1115,2200
2022-01-05 10:45:00,1120,1120,1125,1125,28200
2022-01-05 10:46:00,1130,1130,1130,1130,25000
2022-01-05 10:47:00,1130,1130,1130,1130,1000
2022-01-05 10:48:00,1130,1130,1130,1130,500
2022-01-05 10:49:00,1130,1130,1130,1130,0
2022-01-05 10:50:00,1120,1120,1120,1120,800
2022-01-05 10:51:00,1120,1120,1120,1120,100
2022-01-05 10:52:00,1120,1120,1120,1120,0
2022-01-05 10:53:00,1120,1120,1120,1120,4600
2022-01-05 10:54:00,1120,1120,1120,1120,0
2022-01-05 10:55:00,1120,1120,1120,1120,0
2022-01-05 10:56:00,1120,1120,1120,1120,1300
2022-01-05 10:57:00,1120,1120,1120,1120,6500
2022-01-05 10:58:00,1120,1120,1120,1120,0
2022-01-05 10:59:00,1130,1130,1130,1130,100
2022-01-05 11:00:00,1130,1130,1130,1130,100
2022-01-05 11:01:00,1130,1130,1130,1130,0
2022-01-05 11:02:00,1130,1130,1130,1130,0
2022-01-05 11:03:00,1130,1130,1130,1130,0
2022-01-05 11:04:00,1130,1130,1130,1130,0
2022-01-05 11:05:00,1130,1130,1130,1130,0
2022-01-05 11:06:00,1130,1130,1130,1130,0
2022-01-05 11:07:00,1120,1120,1120,1120,1000
2022-01-05 11:08:00,1120,1120,1120,1120,500
2022-01-05 11:09:00,1120,1120,1120,1120,0
2022-01-05 11:10:00,1120,1120,1120,1120,0
2022-01-05 11:11:00,1120,1120,1120,1120,200
2022-01-05 11:12:00,1120,1120,1120,1120,0
2022-01-05 11:13:00,1120,1120,1120,1120,0
2022-01-05 11:14:00,1120,1120,1120,1120,100
2022-01-05 11:15:00,1120,1120,1120,1120,0
2022-01-05 11:16:00,1120,1120,1120,1120,0
2022-01-05 11:17:00,1120,1120,1120,1120,0
2022-01-05 11:18:00,1125,1125,1125,1125,2200
2022-01-05 11:19:00,1125,1125,1125,1125,200
2022-01-05 11:20:00,1125,1125,1125,1125,0
2022-01-05 11:21:00,1125,1125,1125,1125,0
2022-01-05 11:22:00,1125,1125,1125,1125,0
2022-01-05 11:23:00,1125,1120,1125,1120,6000
2022-01-05 11:24:00,1120,1120,1120,1120,900
2022-01-05 11:25:00,1120,1120,1120,1120,200
2022-01-05 11:26:00,1120,1120,1120,1120,1000
2022-01-05 11:27:00,1125,1125,1125,1125,200
2022-01-05 11:28:00,1125,1125,1125,1125,1200
2022-01-05 11:29:00,1125,1125,1125,1125,4400
2022-01-05 11:30:00,1125,1125,1125,1125,0
2022-01-05 11:31:00,1125,1125,1125,1125,0
2022-01-05 11:32:00,1125,1125,1125,1125,0
2022-01-05 11:33:00,1125,1125,1125,1125,0
2022-01-05 11:34:00,1125,1125,1125,1125,0
2022-01-05 11:35:00,1125,1125,1125,1125,0
2022-01-05 11:36:00,1125,1125,1125,1125,0
2022-01-05 11:37:00,1125,1125,1125,1125,0
2022-01-05 11:38:00,1125,1125,1125,1125,0
2022-01-05 11:39:00,1125,1125,1125,1125,0
2022-01-05 11:40:00,1125,1125,1125,1125,0
2022-01-05 11:41:00,1125,1125,1125,1125,0
2022-01-05 11:42:00,1125,1125,1125,1125,0
2022-01-05 11:43:00,1125,1125,1125,1125,0
2022-01-05 11:44:00,1125,1125,1125,1125,0
2022-01-05 11:45:00,1125,1125,1125,1125,0
2022-01-05 11:46:00,1125,1125,1125,1125,0
2022-01-05 11:47:00,1125,1125,1125,1125,0
2022-01-05 11:48:00,1125,1125,1125,1125,0
2022-01-05 11:49:00,1125,1125,1125,1125,0
2022-01-05 11:50:00,1125,1125,1125,1125,0
2022-01-05 11:51:00,1125,1125,1125,1125,0
2022-01-05 11:52:00,1125,1125,1125,1125,0
2022-01-05 11:53:00,1125,1125,1125,1125,0
2022-01-05 11:54:00,1125,1125,1125,1125,0
2022-01-05 11:55:00,1125,1125,1125,1125,0
2022-01-05 11:56:00,1125,1125,1125,1125,0
2022-01-05 11:57:00,1125,1125,1125,1125,0
2022-01-05 11:58:00,1125,1125,1125,1125,0
2022-01-05 11:59:00,1125,1125,1125,1125,0
2022-01-05 12:00:00,1125,1125,1125,1125,0
2022-01-05 12:01:00,1125,1125,1125,1125,0
2022-01-05 12:02:00,1125,1125,1125,1125,0
2022-01-05 12:03:00,1125,1125,1125,1125,0
2022-01-05 12:04:00,1125,1125,1125,1125,0
2022-01-05 12:05:00,1125,1125,1125,1125,0
2022-01-05 12:06:00,1125,1125,1125,1125,0
2022-01-05 12:07:00,1125,1125,1125,1125,0
2022-01-05 12:08:00,1125,1125,1125,1125,0
2022-01-05 12:09:00,1125,1125,1125,1125,0
2022-01-05 12:10:00,1125,1125,1125,1125,0
2022-01-05 12:11:00,1125,1125,1125,1125,0
2022-01-05 12:12:00,1125,1125,1125,1125,0
2022-01-05 12:13:00,1125,1125,1125,1125,0
2022-01-05 12:14:00,1125,1125,1125,1125,0
2022-01-05 12:15:00,1125,1125,1125,1125,0
2022-01-05 12:16:00,1125,1125,1125,1125,0
2022-01-05 12:17:00,1125,1125,1125,1125,0
2022-01-05 12:18:00,1125,1125,1125,1125,0
2022-01-05 12:19:00,1125,1125,1125,1125,0
2022-01-05 12:20:00,1125,1125,1125,1125,0
2022-01-05 12:21:00,1125,1125,1125,1125,0
2022-01-05 12:22:00,1125,1125,1125,1125,0
2022-01-05 12:23:00,1125,1125,1125,1125,0
2022-01-05 12:24:00,1125,1125,1125,1125,0
2022-01-05 12:25:00,1125,1125,1125,1125,0
2022-01-05 12:26:00,1125,1125,1125,1125,0
2022-01-05 12:27:00,1125,1125,1125,1125,0
2022-01-05 12:28:00,1125,1125,1125,1125,0
2022-01-05 12:29:00,1125,1125,1125,1125,0
2022-01-05 12:30:00,1125,1125,1125,1125,0
2022-01-05 12:31:00,1125,1125,1125,1125,0
2022-01-05 12:32:00,1125,1125,1125,1125,0
2022-01-05 12:33:00,1125,1125,1125,1125,0
2022-01-05 12:34:00,1125,1125,1125,1125,0
2022-01-05 12:35:00,1125,1125,1125,1125,0
2022-01-05 12:36:00,1125,1125,1125,1125,0
2022-01-05 12:37:00,1125,1125,1125,1125,0
2022-01-05 12:38:00,1125,1125,1125,1125,0
2022-01-05 12:39:00,1125,1125,1125,1125,0
2022-01-05 12:40:00,1125,1125,1125,1125,0
2022-01-05 12:41:00,1125,1125,1125,1125,0
2022-01-05 12:42:00,1125,1125,1125,1125,0
2022-01-05 12:43:00,1125,1125,1125,1125,0
2022-01-05 12:44:00,1125,1125,1125,1125,0
2022-01-05 12:45:00,1125,1125,1125,1125,0
2022-01-05 12:46:00,1125,1125,1125,1125,0
2022-01-05 12:47:00,1125,1125,1125,1125,0
2022-01-05 12:48:00,1125,1125,1125,1125,0
2022-01-05 12:49:00,1125,1125,1125,1125,0
2022-01-05 12:50:00,1125,1125,1125,1125,0
2022-01-05 12:51:00,1125,1125,1125,1125,0
2022-01-05 12:52:00,1125,1125,1125,1125,0
2022-01-05 12:53:00,1125,1125,1125,1125,0
2022-01-05 12:54:00,1125,1125,1125,1125,0
2022-01-05 12:55:00,1125,1125,1125,1125,0
2022-01-05 12:56:00,1125,1125,1125,1125,0
2022-01-05 12:57:00,1125,1125,1125,1125,0
2022-01-05 12:58:00,1125,1125,1125,1125,0
2022-01-05 12:59:00,1125,1125,1125,1125,0
2022-01-05 13:00:00,1125,1125,1125,1125,0
2022-01-05 13:01:00,1125,1125,1125,1125,0
2022-01-05 13:02:00,1125,1125,1125,1125,0
2022-01-05 13:03:00,1125,1125,1125,1125,0
2022-01-05 13:04:00,1125,1125,1125,1125,0
2022-01-05 13:05:00,1125,1125,1125,1125,0
2022-01-05 13:06:00,1125,1125,1125,1125,0
2022-01-05 13:07:00,1125,1125,1125,1125,0
2022-01-05 13:08:00,1125,1125,1125,1125,0
2022-01-05 13:09:00,1125,1125,1125,1125,0
2022-01-05 13:10:00,1125,1125,1125,1125,0
2022-01-05 13:11:00,1125,1125,1125,1125,0
2022-01-05 13:12:00,1125,1125,1125,1125,0
2022-01-05 13:13:00,1125,1125,1125,1125,0
2022-01-05 13:14:00,1125,1125,1125,1125,0
2022-01-05 13:15:00,1125,1125,1125,1125,0
2022-01-05 13:16:00,1125,1125,1125,1125,0
2022-01-05 13:17:00,1125,1125,1125,1125,0
2022-01-05 13:18:00,1125,1125,1125,1125,0
2022-01-05 13:19:00,1125,1125,1125,1125,0
2022-01-05 13:20:00,1125,1125,1125,1125,0
2022-01-05 13:21:00,1125,1125,1125,1125,0
2022-01-05 13:22:00,1125,1125,1125,1125,0
2022-01-05 13:23:00,1125,1125,1125,1125,0
2022-01-05 13:24:00,1125,1125,1125,1125,0
2022-01-05 13:25:00,1125,1125,1125,1125,0
2022-01-05 13:26:00,1125,1125,1125,1125,0
2022-01-05 13:27:00,1125,1125,1125,1125,0
2022-01-05 13:28:00,1125,1125,1125,1125,0
2022-01-05 13:29:00,1125,1125,1125,1125,0
2022-01-05 13:30:00,1120,1120,1125,1125,23300
2022-01-05 13:31:00,1125,1125,1125,1125,27800
2022-01-05 13:32:00,1130,1130,1130,1130,5600
2022-01-05 13:33:00,1130,1130,1130,1130,0
2022-01-05 13:34:00,1130,1130,1130,1130,0
2022-01-05 13:35:00,1130,1130,1130,1130,0
2022-01-05 13:36:00,1130,1130,1130,1130,0
2022-01-05 13:37:00,1130,1130,1130,1130,0
2022-01-05 13:38:00,1125,1125,1125,1125,100
2022-01-05 13:39:00,1125,1125,1125,1125,100
2022-01-05 13:40:00,1125,1120,1125,1120,7300
2022-01-05 13:41:00,1125,1120,1125,1120,0
2022-01-05 13:42:00,1120,1120,1120,1120,10200
2022-01-05 13:43:00,1120,1120,1120,1120,1800
2022-01-05 13:44:00,1120,1120,1120,1120,0
2022-01-05 13:45:00,1120,1120,1120,1120,100
2022-01-05 13:46:00,1120,1120,1120,1120,6300
2022-01-05 13:47:00,1120,1120,1120,1120,0
2022-01-05 13:48:00,1120,1120,1120,1120,15000
2022-01-05 13:49:00,1120,1120,1120,1120,2500
2022-01-05 13:50:00,1120,1120,1120,1120,0
2022-01-05 13:51:00,1120,1120,1120,1120,0
2022-01-05 13:52:00,1120,1120,1120,1120,0
2022-01-05 13:53:00,1120,1120,1120,1120,0
2022-01-05 13:54:00,1120,1120,1120,1120,4000
2022-01-05 13:55:00,1120,1120,1120,1120,0
2022-01-05 13:56:00,1120,1120,1120,1120,0
2022-01-05 13:57:00,1120,1120,1120,1120,1000
2022-01-05 13:58:00,1120,1115,1120,1115,1400
2022-01-05 13:59:00,1115,1115,1125,1125,85200
2022-01-05 14:00:00,1125,1125,1125,1125,18600
2022-01-05 14:01:00,1120,1120,1120,1120,700
2022-01-05 14:02:00,1120,1120,1120,1120,0
2022-01-05 14:03:00,1115,1115,1115,1115,8000
2022-01-05 14:04:00,1115,1115,1115,1115,15200
2022-01-05 14:05:00,1115,1115,1115,1115,0
2022-01-05 14:06:00,1115,1115,1115,1115,12000
2022-01-05 14:07:00,1115,1115,1115,1115,0
2022-01-05 14:08:00,1115,1115,1115,1115,0
2022-01-05 14:09:00,1120,1120,1120,1120,300
2022-01-05 14:10:00,1125,1125,1125,1125,100
2022-01-05 14:11:00,1115,1115,1115,1115,7100
2022-01-05 14:12:00,1115,1115,1115,1115,0
2022-01-05 14:13:00,1115,1115,1115,1115,0
2022-01-05 14:14:00,1115,1115,1115,1115,92300
2022-01-05 14:15:00,1115,1115,1115,1115,200
2022-01-05 14:16:00,1120,1120,1120,1120,4000
2022-01-05 14:17:00,1120,1120,1120,1120,0
2022-01-05 14:18:00,1125,1125,1125,1125,15000
2022-01-05 14:19:00,1125,1125,1125,1125,800
2022-01-05 14:20:00,1125,1125,1125,1125,200
2022-01-05 14:21:00,1125,1125,1125,1125,100
2022-01-05 14:22:00,1125,1125,1125,1125,0
2022-01-05 14:23:00,1125,1125,1125,1125,0
2022-01-05 14:24:00,1125,1125,1125,1125,0
2022-01-05 14:25:00,1125,1125,1125,1125,0
2022-01-05 14:26:00,1125,1125,1125,1125,0
2022-01-05 14:27:00,1125,1125,1125,1125,0
2022-01-05 14:28:00,1125,1125,1125,1125,0
2022-01-05 14:29:00,1125,1125,1125,1125,0
2022-01-05 14:30:00,1120,1120,1120,1120,0
2022-01-05 14:31:00,1120,1120,1120,1120,0
2022-01-05 14:32:00,1120,1120,1120,1120,0
2022-01-05 14:33:00,1125,1125,1125,1125,2747000
2022-01-05 14:34:00,1125,1125,1125,1125,0
2022-01-05 14:35:00,1125,1125,1125,1125,19600
2022-01-05 14:36:00,1125,1125,1125,1125,0
2022-01-05 14:37:00,1125,1125,1125,1125,0
2022-01-05 14:38:00,1125,1125,1125,1125,0
2022-01-05 14:39:00,1125,1125,1125,1125,0
2022-01-05 14:40:00,1120,1120,1120,1120,15000
2022-01-05 14:41:00,1120,1120,1120,1120,1100
2022-01-05 14:42:00,1120,1120,1120,1120,37600
2022-01-05 14:43:00,1120,1120,1120,1120,11800
2022-01-05 14:44:00,1120,1120,1120,1120,2200
2022-01-05 14:45:00,1120,1120,1120,1120,5000
2022-01-05 14:46:00,1120,1120,1120,1120,1100
2022-01-05 14:47:00,1120,1120,1120,1120,0
2022-01-05 14:48:00,1120,1120,1120,1120,13000
2022-01-05 14:49:00,1120,1120,1120,1120,0
2022-01-05 14:50:00,1120,1120,1120,1120,0
2022-01-05 14:51:00,1120,1120,1120,1120,0
2022-01-05 14:52:00,1120,1120,1120,1120,0
2022-01-05 14:53:00,1120,1120,1120,1120,0
2022-01-05 14:54:00,1120,1120,1120,1120,0
2022-01-05 14:55:00,1120,1120,1120,1120,0
2022-01-05 14:56:00,1120,1120,1120,1120,0
2022-01-05 14:57:00,1120,1120,1120,1120,0
2022-01-05 14:58:00,1120,1120,1120,1120,0
2022-01-05 14:59:00,1120,1120,1120,1120,0
2022-01-05 15:00:00,1120,1120,1120,1120,94500
2022-01-05 15:01:00,1120,1120,1120,1120,35500
2022-01-05 15:02:00,1120,1120,1120,1120,0
2022-01-05 15:03:00,1120,1120,1120,1120,0
2022-01-05 15:04:00,1120,1120,1120,1120,0
2022-01-05 15:05:00,1120,1120,1120,1120,1900
2022-01-05 15:06:00,1120,1120,1120,1120,0
2022-01-05 15:07:00,1120,1120,1120,1120,800
2022-01-05 15:08:00,1120,1120,1120,1120,0
2022-01-05 15:09:00,1120,1120,1120,1120,2987600
2022-01-05 15:10:00,1120,1120,1120,1120,0
2022-01-05 15:11:00,1120,1120,1120,1120,0
2022-01-05 15:12:00,1120,1120,1120,1120,0
2022-01-05 15:13:00,1120,1120,1120,1120,0
2022-01-05 15:14:00,1120,1120,1120,1120,0
2022-01-05 15:15:00,1120,1120,1120,1120,0
2022-01-05 15:16:00,1120,1120,1120,1120,0
2022-01-05 15:17:00,1120,1120,1120,1120,0
2022-01-05 15:18:00,1120,1120,1120,1120,0
2022-01-05 15:19:00,1120,1120,1120,1120,0
2022-01-05 15:20:00,1120,1120,1120,1120,0
2022-01-05 15:21:00,1120,1120,1120,1120,0
2022-01-05 15:22:00,1120,1120,1120,1120,0
2022-01-05 15:23:00,1120,1120,1120,1120,0
2022-01-05 15:24:00,1120,1120,1120,1120,0
2022-01-05 15:25:00,1120,1120,1120,1120,0
2022-01-05 15:26:00,1120,1120,1120,1120,0
2022-01-05 15:27:00,1120,1120,1120,1120,0
2022-01-05 15:28:00,1120,1120,1120,1120,0
2022-01-05 15:29:00,1120,1120,1120,1120,0
2022-01-05 15:30:00,1120,1120,1120,1120,0
2022-01-05 15:31:00,1120,1120,1120,1120,0
2022-01-05 15:32:00,1120,1120,1120,1120,0
2022-01-05 15:33:00,1120,1120,1120,1120,0
2022-01-05 15:34:00,1120,1120,1120,1120,0
2022-01-05 15:35:00,1120,1120,1120,1120,0
2022-01-05 15:36:00,1120,1120,1120,1120,0
2022-01-05 15:37:00,1120,1120,1120,1120,0
2022-01-05 15:38:00,1120,1120,1120,1120,0
2022-01-05 15:39:00,1120,1120,1120,1120,0
2022-01-05 15:40:00,1120,1120,1120,1120,0
2022-01-05 15:41:00,1120,1120,1120,1120,0
2022-01-05 15:42:00,1120,1120,1120,1120,0
2022-01-05 15:43:00,1120,1120,1120,1120,0
2022-01-05 15:44:00,1120,1120,1120,1120,0
2022-01-05 15:45:00,1120,1120,1120,1120,0
2022-01-05 15:46:00,1120,1120,1120,1120,0
2022-01-05 15:47:00,1120,1120,1120,1120,0
2022-01-05 15:48:00,1120,1120,1120,1120,0
2022-01-05 15:49:00,1120,1120,1120,1120,0
2022-01-05 15:50:00,1120,1120,1120,1120,0
2022-01-05 15:51:00,1120,1120,1120,1120,0
2022-01-05 15:52:00,1120,1120,1120,1120,0
2022-01-05 15:53:00,1120,1120,1120,1120,0
2022-01-05 15:54:00,1120,1120,1120,1120,0
2022-01-05 15:55:00,1120,1120,1120,1120,0
2022-01-05 15:56:00,1120,1120,1120,1120,0
2022-01-05 15:57:00,1120,1120,1120,1120,0
2022-01-05 15:58:00,1120,1120,1120,1120,0
2022-01-05 15:59:00,1120,1120,1120,1120,0
2022-01-06 09:00:00,1135,1120,1160,1120,0
2022-01-06 09:01:00,1120,1120,1120,1120,2600
2022-01-06 09:02:00,1120,1120,1130,1125,10300
2022-01-06 09:03:00,1145,1130,1145,1130,22200
2022-01-06 09:04:00,1130,1130,1130,1130,45700
2022-01-06 09:05:00,1130,1130,1130,1130,58200
2022-01-06 09:06:00,1130,1130,1130,1130,0
2022-01-06 09:07:00,1130,1130,1130,1130,5000
2022-01-06 09:08:00,1125,1125,1125,1125,1000
2022-01-06 09:09:00,1125,1125,1125,1125,2500
2022-01-06 09:10:00,1125,1125,1125,1125,200
2022-01-06 09:11:00,1125,1125,1125,1125,300
2022-01-06 09:12:00,1125,1125,1125,1125,2500
2022-01-06 09:13:00,1125,1125,1125,1125,0
2022-01-06 09:14:00,1130,1130,1130,1130,200
2022-01-06 09:15:00,1130,1125,1130,1125,15800
2022-01-06 09:16:00,1120,1120,1120,1120,7000
2022-01-06 09:17:00,1120,1120,1120,1120,0
2022-01-06 09:18:00,1125,1125,1125,1125,3000
2022-01-06 09:19:00,1125,1125,1125,1125,400
2022-01-06 09:20:00,1125,1125,1125,1125,800
2022-01-06 09:21:00,1125,1125,1125,1125,4000
2022-01-06 09:22:00,1125,1125,1125,1125,0
2022-01-06 09:23:00,1125,1125,1125,1125,200
2022-01-06 09:24:00,1125,1125,1125,1125,17700
2022-01-06 09:25:00,1125,1125,1125,1125,7200
2022-01-06 09:26:00,1125,1125,1130,1130,2000
2022-01-06 09:27:00,1125,1125,1130,1130,0
2022-01-06 09:28:00,1125,1125,1130,1130,0
2022-01-06 09:29:00,1130,1130,1130,1130,9000
2022-01-06 09:30:00,1130,1130,1130,1130,0
2022-01-06 09:31:00,1125,1125,1125,1125,20000
2022-01-06 09:32:00,1125,1125,1125,1125,9600
2022-01-06 09:33:00,1125,1125,1125,1125,0
2022-01-06 09:34:00,1125,1125,1125,1125,0
2022-01-06 09:35:00,1125,1125,1125,1125,33800
2022-01-06 09:36:00,1125,1125,1125,1125,0
2022-01-06 09:37:00,1125,1125,1125,1125,2900
2022-01-06 09:38:00,1120,1120,1120,1120,49000
2022-01-06 09:39:00,1120,1120,1120,1120,51400
2022-01-06 09:40:00,1120,1120,1120,1120,357900
2022-01-06 09:41:00,1120,1120,1140,1140,355300
2022-01-06 09:42:00,1140,1140,1155,1155,348300
2022-01-06 09:43:00,1155,1155,1165,1165,93300
2022-01-06 09:44:00,1165,1150,1165,1160,405800
2022-01-06 09:45:00,1160,1160,1165,1165,78300
2022-01-06 09:46:00,1160,1120,1160,1145,170200
2022-01-06 09:47:00,1135,1125,1135,1130,134200
2022-01-06 09:48:00,1130,1120,1135,1120,61800
2022-01-06 09:49:00,1120,1120,1130,1125,45300
2022-01-06 09:50:00,1130,1130,1140,1140,8000
2022-01-06 09:51:00,1135,1135,1135,1135,100
2022-01-06 09:52:00,1135,1135,1135,1135,27800
2022-01-06 09:53:00,1135,1130,1135,1130,12000
2022-01-06 09:54:00,1130,1125,1130,1125,3000
2022-01-06 09:55:00,1125,1125,1130,1130,64300
2022-01-06 09:56:00,1130,1130,1135,1130,12900
2022-01-06 09:57:00,1125,1125,1130,1130,22900
2022-01-06 09:58:00,1120,1120,1120,1120,200
2022-01-06 09:59:00,1120,1120,1125,1125,3200
2022-01-06 10:00:00,1125,1125,1125,1125,14000
2022-01-06 10:01:00,1120,1120,1120,1120,4800
2022-01-06 10:02:00,1120,1120,1120,1120,0
2022-01-06 10:03:00,1120,1120,1120,1120,500
2022-01-06 10:04:00,1125,1125,1125,1125,23600
2022-01-06 10:05:00,1125,1125,1125,1125,4500
2022-01-06 10:06:00,1125,1125,1125,1125,0
2022-01-06 10:07:00,1125,1125,1125,1125,0
2022-01-06 10:08:00,1125,1125,1125,1125,100
2022-01-06 10:09:00,1125,1125,1125,1125,0
2022-01-06 10:10:00,1125,1125,1125,1125,0
2022-01-06 10:11:00,1125,1125,1130,1130,22600
2022-01-06 10:12:00,1130,1130,1130,1130,6500
2022-01-06 10:13:00,1130,1130,1130,1130,5100
2022-01-06 10:14:00,1130,1130,1130,1130,100
2022-01-06 10:15:00,1135,1135,1135,1135,8800
2022-01-06 10:16:00,1135,1135,1135,1135,1000
2022-01-06 10:17:00,1130,1130,1135,1135,2600
2022-01-06 10:18:00,1135,1135,1135,1135,15600
2022-01-06 10:19:00,1135,1135,1135,1135,0
2022-01-06 10:20:00,1135,1135,1135,1135,10000
2022-01-06 10:21:00,1135,1135,1135,1135,10000
2022-01-06 10:22:00,1135,1135,1135,1135,0
2022-01-06 10:23:00,1135,1135,1135,1135,100
2022-01-06 10:24:00,1135,1135,1135,1135,0
2022-01-06 10:25:00,1130,1130,1130,1130,2700
2022-01-06 10:26:00,1130,1130,1130,1130,0
2022-01-06 10:27:00,1130,1130,1130,1130,100
2022-01-06 10:28:00,1130,1130,1130,1130,15000
2022-01-06 10:29:00,1130,1130,1130,1130,25000
2022-01-06 10:30:00,1130,1130,1130,1130,8900
2022-01-06 10:31:00,1125,1120,1125,1120,250000
2022-01-06 10:32:00,1120,1120,1120,1120,500
2022-01-06 10:33:00,1120,1105,1120,1105,66200
2022-01-06 10:34:00,1105,1105,1105,1105,31500
2022-01-06 10:35:00,1105,1105,1105,1105,0
2022-01-06 10:36:00,1105,1105,1105,1105,0
2022-01-06 10:37:00,1115,1100,1115,1105,108500
2022-01-06 10:38:00,1115,1115,1125,1125,1000
2022-01-06 10:39:00,1110,1110,1110,1110,300
2022-01-06 10:40:00,1110,1110,1110,1110,4700
2022-01-06 10:41:00,1110,1110,1110,1110,0
2022-01-06 10:42:00,1115,1115,1115,1115,1300
2022-01-06 10:43:00,1115,1115,1115,1115,1200
2022-01-06 10:44:00,1120,1120,1120,1120,100
2022-01-06 10:45:00,1120,1120,1120,1120,0
2022-01-06 10:46:00,1120,1120,1120,1120,0
2022-01-06 10:47:00,1120,1120,1120,1120,6500
2022-01-06 10:48:00,1120,1120,1125,1125,20700
2022-01-06 10:49:00,1125,1125,1125,1125,500
2022-01-06 10:50:00,1125,1125,1125,1125,0
2022-01-06 10:51:00,1125,1125,1125,1125,200
2022-01-06 10:52:00,1120,1120,1120,1120,14300
2022-01-06 10:53:00,1120,1120,1120,1120,0
2022-01-06 10:54:00,1120,1120,1120,1120,0
2022-01-06 10:55:00,1125,1125,1125,1125,300
2022-01-06 10:56:00,1120,1120,1125,1125,2300
2022-01-06 10:57:00,1120,1120,1125,1125,0
2022-01-06 10:58:00,1125,1125,1125,1125,2500
2022-01-06 10:59:00,1125,1125,1125,1125,900
2022-01-06 11:00:00,1125,1125,1125,1125,0
2022-01-06 11:01:00,1125,1125,1130,1130,2200
2022-01-06 11:02:00,1130,1125,1130,1125,7400
2022-01-06 11:03:00,1120,1120,1120,1120,33700
2022-01-06 11:04:00,1120,1120,1120,1120,6400
2022-01-06 11:05:00,1120,1120,1120,1120,0
2022-01-06 11:06:00,1120,1120,1120,1120,0
2022-01-06 11:07:00,1125,1125,1125,1125,200
2022-01-06 11:08:00,1125,1125,1125,1125,0
2022-01-06 11:09:00,1125,1125,1125,1125,0
2022-01-06 11:10:00,1125,1125,1125,1125,0
2022-01-06 11:11:00,1125,1125,1125,1125,0
2022-01-06 11:12:00,1125,1125,1125,1125,3500
2022-01-06 11:13:00,1125,1125,1125,1125,0
2022-01-06 11:14:00,1120,1120,1120,1120,13700
2022-01-06 11:15:00,1120,1120,1120,1120,6300
2022-01-06 11:16:00,1120,1120,1120,1120,0
2022-01-06 11:17:00,1120,1120,1120,1120,0
2022-01-06 11:18:00,1120,1120,1120,1120,0
2022-01-06 11:19:00,1120,1120,1120,1120,0
2022-01-06 11:20:00,1120,1120,1120,1120,0
2022-01-06 11:21:00,1120,1120,1120,1120,4400
2022-01-06 11:22:00,1120,1120,1120,1120,1200
2022-01-06 11:23:00,1120,1120,1120,1120,0
2022-01-06 11:24:00,1115,1115,1115,1115,200
2022-01-06 11:25:00,1115,1115,1115,1115,3600
2022-01-06 11:26:00,1120,1120,1120,1120,100
2022-01-06 11:27:00,1120,1115,1125,1125,20200
2022-01-06 11:28:00,1125,1125,1125,1125,2100
2022-01-06 11:29:00,1115,1115,1115,1115,20300
2022-01-06 11:30:00,1125,1125,1125,1125,100
2022-01-06 11:31:00,1125,1125,1125,1125,0
2022-01-06 11:32:00,1125,1125,1125,1125,0
2022-01-06 11:33:00,1125,1125,1125,1125,0
2022-01-06 11:34:00,1125,1125,1125,1125,0
2022-01-06 11:35:00,1125,1125,1125,1125,0
2022-01-06 11:36:00,1125,1125,1125,1125,0
2022-01-06 11:37:00,1125,1125,1125,1125,0
2022-01-06 11:38:00,1125,1125,1125,1125,0
2022-01-06 11:39:00,1125,1125,1125,1125,0
2022-01-06 11:40:00,1125,1125,1125,1125,0
2022-01-06 11:41:00,1125,1125,1125,1125,0
2022-01-06 11:42:00,1125,1125,1125,1125,0
2022-01-06 11:43:00,1125,1125,1125,1125,0
2022-01-06 11:44:00,1125,1125,1125,1125,0
2022-01-06 11:45:00,1125,1125,1125,1125,0
2022-01-06 11:46:00,1125,1125,1125,1125,0
2022-01-06 11:47:00,1125,1125,1125,1125,0
2022-01-06 11:48:00,1125,1125,1125,1125,0
2022-01-06 11:49:00,1125,1125,1125,1125,0
2022-01-06 11:50:00,1125,1125,1125,1125,0
2022-01-06 11:51:00,1125,1125,1125,1125,0
2022-01-06 11:52:00,1125,1125,1125,1125,0
2022-01-06 11:53:00,1125,1125,1125,1125,0
2022-01-06 11:54:00,1125,1125,1125,1125,0
2022-01-06 11:55:00,1125,1125,1125,1125,0
2022-01-06 11:56:00,1125,1125,1125,1125,0
2022-01-06 11:57:00,1125,1125,1125,1125,0
2022-01-06 11:58:00,1125,1125,1125,1125,0
2022-01-06 11:59:00,1125,1125,1125,1125,0
2022-01-06 12:00:00,1125,1125,1125,1125,0
2022-01-06 12:01:00,1125,1125,1125,1125,0
2022-01-06 12:02:00,1125,1125,1125,1125,0
2022-01-06 12:03:00,1125,1125,1125,1125,0
2022-01-06 12:04:00,1125,1125,1125,1125,0
2022-01-06 12:05:00,1125,1125,1125,1125,0
2022-01-06 12:06:00,1125,1125,1125,1125,0
2022-01-06 12:07:00,1125,1125,1125,1125,0
2022-01-06 12:08:00,1125,1125,1125,1125,0
2022-01-06 12:09:00,1125,1125,1125,1125,0
2022-01-06 12:10:00,1125,1125,1125,1125,0
2022-01-06 12:11:00,1125,1125,1125,1125,0
2022-01-06 12:12:00,1125,1125,1125,1125,0
2022-01-06 12:13:00,1125,1125,1125,1125,0
2022-01-06 12:14:00,1125,1125,1125,1125,0
2022-01-06 12:15:00,1125,1125,1125,1125,0
2022-01-06 12:16:00,1125,1125,1125,1125,0
2022-01-06 12:17:00,1125,1125,1125,1125,0
2022-01-06 12:18:00,1125,1125,1125,1125,0
2022-01-06 12:19:00,1125,1125,1125,1125,0
2022-01-06 12:20:00,1125,1125,1125,1125,0
2022-01-06 12:21:00,1125,1125,1125,1125,0
2022-01-06 12:22:00,1125,1125,1125,1125,0
2022-01-06 12:23:00,1125,1125,1125,1125,0
2022-01-06 12:24:00,1125,1125,1125,1125,0
2022-01-06 12:25:00,1125,1125,1125,1125,0
2022-01-06 12:26:00,1125,1125,1125,1125,0
2022-01-06 12:27:00,1125,1125,1125,1125,0
2022-01-06 12:28:00,1125,1125,1125,1125,0
2022-01-06 12:29:00,1125,1125,1125,1125,0
2022-01-06 12:30:00,1125,1125,1125,1125,0
2022-01-06 12:31:00,1125,1125,1125,1125,0
2022-01-06 12:32:00,1125,1125,1125,1125,0
2022-01-06 12:33:00,1125,1125,1125,1125,0
2022-01-06 12:34:00,1125,1125,1125,1125,0
2022-01-06 12:35:00,1125,1125,1125,1125,0
2022-01-06 12:36:00,1125,1125,1125,1125,0
2022-01-06 12:37:00,1125,1125,1125,1125,0
2022-01-06 12:38:00,1125,1125,1125,1125,0
2022-01-06 12:39:00,1125,1125,1125,1125,0
2022-01-06 12:40:00,1125,1125,1125,1125,0
2022-01-06 12:41:00,1125,1125,1125,1125,0
2022-01-06 12:42:00,1125,1125,1125,1125,0
2022-01-06 12:43:00,1125,1125,1125,1125,0
2022-01-06 12:44:00,1125,1125,1125,1125,0
2022-01-06 12:45:00,1125,1125,1125,1125,0
2022-01-06 12:46:00,1125,1125,1125,1125,0
2022-01-06 12:47:00,1125,1125,1125,1125,0
2022-01-06 12:48:00,1125,1125,1125,1125,0
2022-01-06 12:49:00,1125,1125,1125,1125,0
2022-01-06 12:50:00,1125,1125,1125,1125,0
2022-01-06 12:51:00,1125,1125,1125,1125,0
2022-01-06 12:52:00,1125,1125,1125,1125,0
2022-01-06 12:53:00,1125,1125,1125,1125,0
2022-01-06 12:54:00,1125,1125,1125,1125,0
2022-01-06 12:55:00,1125,1125,1125,1125,0
2022-01-06 12:56:00,1125,1125,1125,1125,0
2022-01-06 12:57:00,1125,1125,1125,1125,0
2022-01-06 12:58:00,1125,1125,1125,1125,0
2022-01-06 12:59:00,1125,1125,1125,1125,0
2022-01-06 13:00:00,1125,1125,1125,1125,0
2022-01-06 13:01:00,1125,1125,1125,1125,0
2022-01-06 13:02:00,1125,1125,1125,1125,0
2022-01-06 13:03:00,1125,1125,1125,1125,0
2022-01-06 13:04:00,1125,1125,1125,1125,0
2022-01-06 13:05:00,1125,1125,1125,1125,0
2022-01-06 13:06:00,1125,1125,1125,1125,0
2022-01-06 13:07:00,1125,1125,1125,1125,0
2022-01-06 13:08:00,1125,1125,1125,1125,0
2022-01-06 13:09:00,1125,1125,1125,1125,0
2022-01-06 13:10:00,1125,1125,1125,1125,0
2022-01-06 13:11:00,1125,1125,1125,1125,0
2022-01-06 13:12:00,1125,1125,1125,1125,0
2022-01-06 13:13:00,1125,1125,1125,1125,0
2022-01-06 13:14:00,1125,1125,1125,1125,0
2022-01-06 13:15:00,1125,1125,1125,1125,0
2022-01-06 13:16:00,1125,1125,1125,1125,0
2022-01-06 13:17:00,1125,1125,1125,1125,0
2022-01-06 13:18:00,1125,1125,1125,1125,0
2022-01-06 13:19:00,1125,1125,1125,1125,0
2022-01-06 13:20:00,1125,1125,1125,1125,0
2022-01-06 13:21:00,1125,1125,1125,1125,0
2022-01-06 13:22:00,1125,1125,1125,1125,0
2022-01-06 13:23:00,1125,1125,1125,1125,0
2022-01-06 13:24:00,1125,1125,1125,1125,0
2022-01-06 13:25:00,1125,1125,1125,1125,0
2022-01-06 13:26:00,1125,1125,1125,1125,0
2022-01-06 13:27:00,1125,1125,1125,1125,0
2022-01-06 13:28:00,1125,1125,1125,1125,0
2022-01-06 13:29:00,1125,1125,1125,1125,0
2022-01-06 13:30:00,1125,1105,1125,1125,326000
2022-01-06 13:31:00,1125,1125,1125,1125,100
2022-01-06 13:32:00,1125,1125,1125,1125,0
2022-01-06 13:33:00,1115,1115,1115,1115,200
2022-01-06 13:34:00,1115,1115,1115,1115,0
2022-01-06 13:35:00,1115,1115,1115,1115,7000
2022-01-06 13:36:00,1115,1115,1115,1115,100
2022-01-06 13:37:00,1115,1115,1115,1115,0
2022-01-06 13:38:00,1115,1115,1115,1115,0
2022-01-06 13:39:00,1115,1115,1115,1115,0
2022-01-06 13:40:00,1115,1115,1115,1115,0
2022-01-06 13:41:00,1115,1110,1115,1110,3760800
2022-01-06 13:42:00,1110,1110,1110,1110,700
2022-01-06 13:43:00,1110,1110,1115,1115,1400
2022-01-06 13:44:00,1115,1115,1115,1115,700
2022-01-06 13:45:00,1115,1115,1115,1115,0
2022-01-06 13:46:00,1115,1115,1115,1115,0
2022-01-06 13:47:00,1115,1115,1115,1115,9600
2022-01-06 13:48:00,1115,1115,1115,1115,0
2022-01-06 13:49:00,1115,1115,1115,1115,0
2022-01-06 13:50:00,1115,1115,1115,1115,0
2022-01-06 13:51:00,1115,1115,1115,1115,0
2022-01-06 13:52:00,1115,1115,1115,1115,0
2022-01-06 13:53:00,1115,1115,1115,1115,0
2022-01-06 13:54:00,1115,1115,1115,1115,0
2022-01-06 13:55:00,1120,1120,1120,1120,3000
2022-01-06 13:56:00,1125,1125,1125,1125,200
2022-01-06 13:57:00,1125,1125,1125,1125,1800
2022-01-06 13:58:00,1125,1125,1125,1125,0
2022-01-06 13:59:00,1125,1125,1125,1125,3800
2022-01-06 14:00:00,1125,1125,1125,1125,1000
2022-01-06 14:01:00,1125,1125,1125,1125,600
2022-01-06 14:02:00,1125,1125,1125,1125,0
2022-01-06 14:03:00,1125,1125,1125,1125,0
2022-01-06 14:04:00,1125,1125,1125,1125,100
2022-01-06 14:05:00,1125,1125,1125,1125,0
2022-01-06 14:06:00,1125,1125,1125,1125,2700
2022-01-06 14:07:00,1125,1125,1125,1125,1000
2022-01-06 14:08:00,1125,1125,1125,1125,0
2022-01-06 14:09:00,1125,1125,1125,1125,26900
2022-01-06 14:10:00,1130,1130,1135,1135,583300
2022-01-06 14:11:00,1135,1130,1135,1135,45700
2022-01-06 14:12:00,1135,1135,1135,1135,45800
2022-01-06 14:13:00,1140,1140,1140,1140,208400
2022-01-06 14:14:00,1140,1140,1145,1145,186100
2022-01-06 14:15:00,1145,1145,1150,1150,383500
2022-01-06 14:16:00,1150,1145,1155,1145,347200
2022-01-06 14:17:00,1150,1145,1150,1150,327900
2022-01-06 14:18:00,1150,1145,1150,1150,305000
2022-01-06 14:19:00,1150,1150,1150,1150,700
2022-01-06 14:20:00,1150,1150,1150,1150,7000
2022-01-06 14:21:00,1150,1145,1150,1145,38700
2022-01-06 14:22:00,1145,1145,1150,1145,16800
2022-01-06 14:23:00,1145,1145,1145,1145,18300
2022-01-06 14:24:00,1140,1140,1145,1145,18500
2022-01-06 14:25:00,1140,1140,1140,1140,26100
2022-01-06 14:26:00,1140,1140,1145,1145,57000
2022-01-06 14:27:00,1150,1150,1155,1150,29400
2022-01-06 14:28:00,1150,1150,1155,1150,0
2022-01-06 14:29:00,1145,1145,1145,1145,6600
2022-01-06 14:30:00,1145,1145,1145,1145,100
2022-01-06 14:31:00,1145,1145,1145,1145,2300
2022-01-06 14:32:00,1145,1145,1145,1145,3700
2022-01-06 14:33:00,1145,1145,1145,1145,1300
2022-01-06 14:34:00,1145,1145,1145,1145,800
2022-01-06 14:35:00,1145,1145,1145,1145,300
2022-01-06 14:36:00,1145,1145,1145,1145,0
2022-01-06 14:37:00,1140,1135,1140,1135,60000
2022-01-06 14:38:00,1135,1130,1135,1135,21800
2022-01-06 14:39:00,1135,1135,1145,1145,6100
2022-01-06 14:40:00,1140,1140,1140,1140,700
2022-01-06 14:41:00,1135,1135,1135,1135,4200
2022-01-06 14:42:00,1140,1140,1140,1140,2700
2022-01-06 14:43:00,1140,1140,1140,1140,0
2022-01-06 14:44:00,1140,1140,1140,1140,100
2022-01-06 14:45:00,1140,1140,1140,1140,5000
2022-01-06 14:46:00,1140,1140,1145,1145,4200
2022-01-06 14:47:00,1140,1140,1145,1145,20200
2022-01-06 14:48:00,1140,1135,1140,1140,13500
2022-01-06 14:49:00,1140,1140,1145,1145,14800
2022-01-06 14:50:00,1140,1140,1145,1145,0
2022-01-06 14:51:00,1140,1140,1145,1145,0
2022-01-06 14:52:00,1140,1140,1145,1145,0
2022-01-06 14:53:00,1140,1140,1145,1145,0
2022-01-06 14:54:00,1140,1140,1145,1145,0
2022-01-06 14:55:00,1140,1140,1145,1145,0
2022-01-06 14:56:00,1140,1140,1145,1145,0
2022-01-06 14:57:00,1140,1140,1145,1145,0
2022-01-06 14:58:00,1140,1140,1145,1145,0
2022-01-06 14:59:00,1140,1140,1145,1145,0
2022-01-06 15:00:00,1155,1155,1155,1155,98300
2022-01-06 15:01:00,1155,1155,1155,1155,14800
2022-01-06 15:02:00,1155,1155,1155,1155,2000
2022-01-06 15:03:00,1155,1155,1155,1155,14000
2022-01-06 15:04:00,1155,1155,1155,1155,6500
2022-01-06 15:05:00,1155,1155,1155,1155,4600
2022-01-06 15:06:00,1155,1155,1155,1155,700
2022-01-06 15:07:00,1155,1155,1155,1155,3600
2022-01-06 15:08:00,1155,1155,1155,1155,100
2022-01-06 15:09:00,1155,1155,1155,1155,0
2022-01-06 15:10:00,1155,1155,1155,1155,400
2022-01-06 15:11:00,1155,1155,1155,1155,0
2022-01-06 15:12:00,1155,1155,1155,1155,0
2022-01-06 15:13:00,1155,1155,1155,1155,0
2022-01-06 15:14:00,1155,1155,1155,1155,19000
2022-01-06 15:15:00,1155,1155,1155,1155,0
2022-01-06 15:16:00,1155,1155,1155,1155,0
2022-01-06 15:17:00,1155,1155,1155,1155,0
2022-01-06 15:18:00,1155,1155,1155,1155,0
2022-01-06 15:19:00,1155,1155,1155,1155,0
2022-01-06 15:20:00,1155,1155,1155,1155,0
2022-01-06 15:21:00,1155,1155,1155,1155,0
2022-01-06 15:22:00,1155,1155,1155,1155,0
2022-01-06 15:23:00,1155,1155,1155,1155,0
2022-01-06 15:24:00,1155,1155,1155,1155,0
2022-01-06 15:25:00,1155,1155,1155,1155,0
2022-01-06 15:26:00,1155,1155,1155,1155,0
2022-01-06 15:27:00,1155,1155,1155,1155,0
2022-01-06 15:28:00,1155,1155,1155,1155,0
2022-01-06 15:29:00,1155,1155,1155,1155,0
2022-01-06 15:30:00,1155,1155,1155,1155,0
2022-01-06 15:31:00,1155,1155,1155,1155,0
2022-01-06 15:32:00,1155,1155,1155,1155,0
2022-01-06 15:33:00,1155,1155,1155,1155,0
2022-01-06 15:34:00,1155,1155,1155,1155,0
2022-01-06 15:35:00,1155,1155,1155,1155,0
2022-01-06 15:36:00,1155,1155,1155,1155,0
2022-01-06 15:37:00,1155,1155,1155,1155,0
2022-01-06 15:38:00,1155,1155,1155,1155,0
2022-01-06 15:39:00,1155,1155,1155,1155,0
2022-01-06 15:40:00,1155,1155,1155,1155,0
2022-01-06 15:41:00,1155,1155,1155,1155,0
2022-01-06 15:42:00,1155,1155,1155,1155,0
2022-01-06 15:43:00,1155,1155,1155,1155,0
2022-01-06 15:44:00,1155,1155,1155,1155,0
2022-01-06 15:45:00,1155,1155,1155,1155,0
2022-01-06 15:46:00,1155,1155,1155,1155,0
2022-01-06 15:47:00,1155,1155,1155,1155,0
2022-01-06 15:48:00,1155,1155,1155,1155,0
2022-01-06 15:49:00,1155,1155,1155,1155,0
2022-01-06 15:50:00,1155,1155,1155,1155,0
2022-01-06 15:51:00,1155,1155,1155,1155,0
2022-01-06 15:52:00,1155,1155,1155,1155,0
2022-01-06 15:53:00,1155,1155,1155,1155,0
2022-01-06 15:54:00,1155,1155,1155,1155,0
2022-01-06 15:55:00,1155,1155,1155,1155,0
2022-01-06 15:56:00,1155,1155,1155,1155,0
2022-01-06 15:57:00,1155,1155,1155,1155,0
2022-01-06 15:58:00,1155,1155,1155,1155,0
2022-01-06 15:59:00,1155,1155,1155,1155,0
2022-01-07 09:00:00,1160,1155,1185,1175,0
2022-01-07 09:01:00,1175,1170,1180,1170,43500
2022-01-07 09:02:00,1175,1175,1175,1175,43900
2022-01-07 09:03:00,1170,1170,1175,1175,17000
2022-01-07 09:04:00,1175,1165,1175,1165,112400
2022-01-07 09:05:00,1165,1165,1165,1165,8200
2022-01-07 09:06:00,1165,1165,1165,1165,13600
2022-01-07 09:07:00,1165,1165,1165,1165,15000
2022-01-07 09:08:00,1165,1165,1165,1165,100
2022-01-07 09:09:00,1165,1165,1170,1170,8700
2022-01-07 09:10:00,1170,1170,1175,1175,34000
2022-01-07 09:11:00,1175,1175,1180,1180,39500
2022-01-07 09:12:00,1180,1175,1180,1175,22600
2022-01-07 09:13:00,1170,1170,1170,1170,10300
2022-01-07 09:14:00,1170,1170,1170,1170,0
2022-01-07 09:15:00,1170,1170,1170,1170,62700
2022-01-07 09:16:00,1170,1170,1175,1170,10300
2022-01-07 09:17:00,1165,1165,1165,1165,38100
2022-01-07 09:18:00,1165,1165,1165,1165,0
2022-01-07 09:19:00,1165,1165,1165,1165,32400
2022-01-07 09:20:00,1165,1165,1165,1165,0
2022-01-07 09:21:00,1165,1160,1165,1160,20000
2022-01-07 09:22:00,1165,1160,1165,1160,0
2022-01-07 09:23:00,1165,1160,1165,1160,0
2022-01-07 09:24:00,1160,1160,1160,1160,200
2022-01-07 09:25:00,1160,1160,1160,1160,100
2022-01-07 09:26:00,1165,1165,1165,1165,2000
2022-01-07 09:27:00,1165,1165,1165,1165,0
2022-01-07 09:28:00,1165,1165,1165,1165,0
2022-01-07 09:29:00,1165,1160,1165,1165,8700
2022-01-07 09:30:00,1165,1160,1165,1165,0
2022-01-07 09:31:00,1165,1160,1165,1165,0
2022-01-07 09:32:00,1165,1160,1165,1165,0
2022-01-07 09:33:00,1165,1165,1165,1165,1100
2022-01-07 09:34:00,1170,1170,1170,1170,400
2022-01-07 09:35:00,1170,1170,1170,1170,9100
2022-01-07 09:36:00,1170,1170,1170,1170,0
2022-01-07 09:37:00,1170,1170,1170,1170,10500
2022-01-07 09:38:00,1170,1170,1170,1170,0
2022-01-07 09:39:00,1175,1175,1175,1175,13300
2022-01-07 09:40:00,1175,1175,1175,1175,300
2022-01-07 09:41:00,1175,1175,1195,1195,462000
2022-01-07 09:42:00,1190,1185,1195,1185,530600
2022-01-07 09:43:00,1185,1180,1185,1180,47700
2022-01-07 09:44:00,1180,1180,1185,1185,14100
2022-01-07 09:45:00,1190,1185,1190,1190,300200
2022-01-07 09:46:00,1180,1180,1180,1180,3500
2022-01-07 09:47:00,1180,1180,1180,1180,100
2022-01-07 09:48:00,1180,1180,1180,1180,6100
2022-01-07 09:49:00,1180,1180,1185,1185,15000
2022-01-07 09:50:00,1185,1185,1185,1185,9000
2022-01-07 09:51:00,1185,1185,1185,1185,0
2022-01-07 09:52:00,1180,1175,1180,1175,34800
2022-01-07 09:53:00,1175,1175,1180,1175,36900
2022-01-07 09:54:00,1180,1175,1180,1175,9800
2022-01-07 09:55:00,1175,1175,1175,1175,4500
2022-01-07 09:56:00,1180,1180,1180,1180,1200
2022-01-07 09:57:00,1175,1175,1175,1175,1500
2022-01-07 09:58:00,1175,1175,1175,1175,1700
2022-01-07 09:59:00,1175,1175,1175,1175,0
2022-01-07 10:00:00,1175,1175,1175,1175,400
2022-01-07 10:01:00,1175,1175,1175,1175,0
2022-01-07 10:02:00,1175,1170,1175,1170,54200
2022-01-07 10:03:00,1170,1170,1170,1170,11500
2022-01-07 10:04:00,1165,1165,1170,1165,23000
2022-01-07 10:05:00,1165,1165,1170,1165,0
2022-01-07 10:06:00,1160,1160,1160,1160,11100
2022-01-07 10:07:00,1160,1160,1160,1160,13200
2022-01-07 10:08:00,1165,1165,1165,1165,300
2022-01-07 10:09:00,1165,1165,1165,1165,3500
2022-01-07 10:10:00,1165,1165,1165,1165,900
2022-01-07 10:11:00,1165,1165,1165,1165,0
2022-01-07 10:12:00,1165,1165,1165,1165,0
2022-01-07 10:13:00,1165,1165,1165,1165,0
2022-01-07 10:14:00,1165,1165,1165,1165,1000
2022-01-07 10:15:00,1165,1165,1165,1165,300
2022-01-07 10:16:00,1165,1165,1165,1165,1900
2022-01-07 10:17:00,1165,1165,1165,1165,0
2022-01-07 10:18:00,1165,1165,1165,1165,0
2022-01-07 10:19:00,1170,1170,1170,1170,500
2022-01-07 10:20:00,1170,1170,1170,1170,0
2022-01-07 10:21:00,1170,1170,1170,1170,0
2022-01-07 10:22:00,1170,1170,1170,1170,0
2022-01-07 10:23:00,1165,1160,1165,1160,91600
2022-01-07 10:24:00,1160,1160,1160,1160,1100
2022-01-07 10:25:00,1160,1160,1160,1160,1000
2022-01-07 10:26:00,1160,1160,1160,1160,0
2022-01-07 10:27:00,1160,1160,1160,1160,0
2022-01-07 10:28:00,1160,1160,1160,1160,1300
2022-01-07 10:29:00,1160,1160,1170,1170,700
2022-01-07 10:30:00,1165,1165,1165,1165,1800
2022-01-07 10:31:00,1165,1165,1165,1165,1600
2022-01-07 10:32:00,1165,1165,1165,1165,400
2022-01-07 10:33:00,1165,1165,1165,1165,2000
2022-01-07 10:34:00,1165,1165,1165,1165,0
2022-01-07 10:35:00,1165,1165,1170,1170,40100
2022-01-07 10:36:00,1165,1165,1170,1170,0
2022-01-07 10:37:00,1165,1165,1170,1170,0
2022-01-07 10:38:00,1165,1165,1170,1170,0
2022-01-07 10:39:00,1165,1165,1170,1170,0
2022-01-07 10:40:00,1170,1170,1170,1170,1600
2022-01-07 10:41:00,1170,1170,1170,1170,8200
2022-01-07 10:42:00,1170,1170,1170,1170,0
2022-01-07 10:43:00,1165,1165,1165,1165,2600
2022-01-07 10:44:00,1170,1170,1170,1170,100
2022-01-07 10:45:00,1165,1165,1165,1165,1800
2022-01-07 10:46:00,1165,1165,1165,1165,0
2022-01-07 10:47:00,1165,1165,1165,1165,0
2022-01-07 10:48:00,1165,1165,1165,1165,500
2022-01-07 10:49:00,1165,1165,1165,1165,0
2022-01-07 10:50:00,1165,1165,1165,1165,0
2022-01-07 10:51:00,1165,1165,1165,1165,400
2022-01-07 10:52:00,1165,1165,1165,1165,0
2022-01-07 10:53:00,1165,1165,1165,1165,0
2022-01-07 10:54:00,1165,1165,1165,1165,0
2022-01-07 10:55:00,1165,1165,1170,1170,9600
2022-01-07 10:56:00,1165,1165,1165,1165,3100
2022-01-07 10:57:00,1165,1165,1165,1165,0
2022-01-07 10:58:00,1165,1165,1165,1165,0
2022-01-07 10:59:00,1165,1165,1165,1165,0
2022-01-07 11:00:00,1165,1165,1165,1165,0
2022-01-07 11:01:00,1165,1165,1165,1165,0
2022-01-07 11:02:00,1165,1165,1165,1165,0
2022-01-07 11:03:00,1165,1165,1165,1165,0
2022-01-07 11:04:00,1165,1165,1165,1165,0
2022-01-07 11:05:00,1165,1165,1165,1165,0
2022-01-07 11:06:00,1165,1165,1170,1170,5700
2022-01-07 11:07:00,1165,1165,1170,1170,0
2022-01-07 11:08:00,1165,1165,1170,1170,0
2022-01-07 11:09:00,1165,1165,1170,1170,0
2022-01-07 11:10:00,1165,1165,1170,1170,0
2022-01-07 11:11:00,1165,1165,1170,1170,0
2022-01-07 11:12:00,1165,1165,1170,1170,0
2022-01-07 11:13:00,1165,1165,1170,1170,0
2022-01-07 11:14:00,1170,1170,1170,1170,8600
2022-01-07 11:15:00,1170,1170,1170,1170,0
2022-01-07 11:16:00,1170,1170,1170,1170,0
2022-01-07 11:17:00,1170,1170,1170,1170,24900
2022-01-07 11:18:00,1170,1170,1170,1170,0
2022-01-07 11:19:00,1170,1170,1170,1170,0
2022-01-07 11:20:00,1170,1170,1170,1170,3200
2022-01-07 11:21:00,1170,1170,1170,1170,1800
2022-01-07 11:22:00,1170,1170,1170,1170,0
2022-01-07 11:23:00,1170,1170,1170,1170,0
2022-01-07 11:24:00,1170,1165,1170,1165,5100
2022-01-07 11:25:00,1170,1165,1170,1165,0
2022-01-07 11:26:00,1165,1165,1165,1165,10000
2022-01-07 11:27:00,1165,1165,1165,1165,0
2022-01-07 11:28:00,1165,1165,1165,1165,0
2022-01-07 11:29:00,1165,1165,1165,1165,0
2022-01-07 11:30:00,1165,1165,1165,1165,0
2022-01-07 11:31:00,1165,1165,1165,1165,0
2022-01-07 11:32:00,1165,1165,1165,1165,0
2022-01-07 11:33:00,1165,1165,1165,1165,0
2022-01-07 11:34:00,1165,1165,1165,1165,0
2022-01-07 11:35:00,1165,1165,1165,1165,0
2022-01-07 11:36:00,1165,1165,1165,1165,0
2022-01-07 11:37:00,1165,1165,1165,1165,0
2022-01-07 11:38:00,1165,1165,1165,1165,0
2022-01-07 11:39:00,1165,1165,1165,1165,0
2022-01-07 11:40:00,1165,1165,1165,1165,0
2022-01-07 11:41:00,1165,1165,1165,1165,0
2022-01-07 11:42:00,1165,1165,1165,1165,0
2022-01-07 11:43:00,1165,1165,1165,1165,0
2022-01-07 11:44:00,1165,1165,1165,1165,0
2022-01-07 11:45:00,1165,1165,1165,1165,0
2022-01-07 11:46:00,1165,1165,1165,1165,0
2022-01-07 11:47:00,1165,1165,1165,1165,0
2022-01-07 11:48:00,1165,1165,1165,1165,0
2022-01-07 11:49:00,1165,1165,1165,1165,0
2022-01-07 11:50:00,1165,1165,1165,1165,0
2022-01-07 11:51:00,1165,1165,1165,1165,0
2022-01-07 11:52:00,1165,1165,1165,1165,0
2022-01-07 11:53:00,1165,1165,1165,1165,0
2022-01-07 11:54:00,1165,1165,1165,1165,0
2022-01-07 11:55:00,1165,1165,1165,1165,0
2022-01-07 11:56:00,1165,1165,1165,1165,0
2022-01-07 11:57:00,1165,1165,1165,1165,0
2022-01-07 11:58:00,1165,1165,1165,1165,0
2022-01-07 11:59:00,1165,1165,1165,1165,0
2022-01-07 12:00:00,1165,1165,1165,1165,0
2022-01-07 12:01:00,1165,1165,1165,1165,0
2022-01-07 12:02:00,1165,1165,1165,1165,0
2022-01-07 12:03:00,1165,1165,1165,1165,0
2022-01-07 12:04:00,1165,1165,1165,1165,0
2022-01-07 12:05:00,1165,1165,1165,1165,0
2022-01-07 12:06:00,1165,1165,1165,1165,0
2022-01-07 12:07:00,1165,1165,1165,1165,0
2022-01-07 12:08:00,1165,1165,1165,1165,0
2022-01-07 12:09:00,1165,1165,1165,1165,0
2022-01-07 12:10:00,1165,1165,1165,1165,0
2022-01-07 12:11:00,1165,1165,1165,1165,0
2022-01-07 12:12:00,1165,1165,1165,1165,0
2022-01-07 12:13:00,1165,1165,1165,1165,0
2022-01-07 12:14:00,1165,1165,1165,1165,0
2022-01-07 12:15:00,1165,1165,1165,1165,0
2022-01-07 12:16:00,1165,1165,1165,1165,0
2022-01-07 12:17:00,1165,1165,1165,1165,0
2022-01-07 12:18:00,1165,1165,1165,1165,0
2022-01-07 12:19:00,1165,1165,1165,1165,0
2022-01-07 12:20:00,1165,1165,1165,1165,0
2022-01-07 12:21:00,1165,1165,1165,1165,0
2022-01-07 12:22:00,1165,1165,1165,1165,0
2022-01-07 12:23:00,1165,1165,1165,1165,0
2022-01-07 12:24:00,1165,1165,1165,1165,0
2022-01-07 12:25:00,1165,1165,1165,1165,0
2022-01-07 12:26:00,1165,1165,1165,1165,0
2022-01-07 12:27:00,1165,1165,1165,1165,0
2022-01-07 12:28:00,1165,1165,1165,1165,0
2022-01-07 12:29:00,1165,1165,1165,1165,0
2022-01-07 12:30:00,1165,1165,1165,1165,0
2022-01-07 12:31:00,1165,1165,1165,1165,0
2022-01-07 12:32:00,1165,1165,1165,1165,0
2022-01-07 12:33:00,1165,1165,1165,1165,0
2022-01-07 12:34:00,1165,1165,1165,1165,0
2022-01-07 12:35:00,1165,1165,1165,1165,0
2022-01-07 12:36:00,1165,1165,1165,1165,0
2022-01-07 12:37:00,1165,1165,1165,1165,0
2022-01-07 12:38:00,1165,1165,1165,1165,0
2022-01-07 12:39:00,1165,1165,1165,1165,0
2022-01-07 12:40:00,1165,1165,1165,1165,0
2022-01-07 12:41:00,1165,1165,1165,1165,0
2022-01-07 12:42:00,1165,1165,1165,1165,0
2022-01-07 12:43:00,1165,1165,1165,1165,0
2022-01-07 12:44:00,1165,1165,1165,1165,0
2022-01-07 12:45:00,1165,1165,1165,1165,0
2022-01-07 12:46:00,1165,1165,1165,1165,0
2022-01-07 12:47:00,1165,1165,1165,1165,0
2022-01-07 12:48:00,1165,1165,1165,1165,0
2022-01-07 12:49:00,1165,1165,1165,1165,0
2022-01-07 12:50:00,1165,1165,1165,1165,0
2022-01-07 12:51:00,1165,1165,1165,1165,0
2022-01-07 12:52:00,1165,1165,1165,1165,0
2022-01-07 12:53:00,1165,1165,1165,1165,0
2022-01-07 12:54:00,1165,1165,1165,1165,0
2022-01-07 12:55:00,1165,1165,1165,1165,0
2022-01-07 12:56:00,1165,1165,1165,1165,0
2022-01-07 12:57:00,1165,1165,1165,1165,0
2022-01-07 12:58:00,1165,1165,1165,1165,0
2022-01-07 12:59:00,1165,1165,1165,1165,0
2022-01-07 13:00:00,1165,1165,1165,1165,0
2022-01-07 13:01:00,1165,1165,1165,1165,0
2022-01-07 13:02:00,1165,1165,1165,1165,0
2022-01-07 13:03:00,1165,1165,1165,1165,0
2022-01-07 13:04:00,1165,1165,1165,1165,0
2022-01-07 13:05:00,1165,1165,1165,1165,0
2022-01-07 13:06:00,1165,1165,1165,1165,0
2022-01-07 13:07:00,1165,1165,1165,1165,0
2022-01-07 13:08:00,1165,1165,1165,1165,0
2022-01-07 13:09:00,1165,1165,1165,1165,0
2022-01-07 13:10:00,1165,1165,1165,1165,0
2022-01-07 13:11:00,1165,1165,1165,1165,0
2022-01-07 13:12:00,1165,1165,1165,1165,0
2022-01-07 13:13:00,1165,1165,1165,1165,0
2022-01-07 13:14:00,1165,1165,1165,1165,0
2022-01-07 13:15:00,1165,1165,1165,1165,0
2022-01-07 13:16:00,1165,1165,1165,1165,0
2022-01-07 13:17:00,1165,1165,1165,1165,0
2022-01-07 13:18:00,1165,1165,1165,1165,0
2022-01-07 13:19:00,1165,1165,1165,1165,0
2022-01-07 13:20:00,1165,1165,1165,1165,0
2022-01-07 13:21:00,1165,1165,1165,1165,0
2022-01-07 13:22:00,1165,1165,1165,1165,0
2022-01-07 13:23:00,1165,1165,1165,1165,0
2022-01-07 13:24:00,1165,1165,1165,1165,0
2022-01-07 13:25:00,1165,1165,1165,1165,0
2022-01-07 13:26:00,1165,1165,1165,1165,0
2022-01-07 13:27:00,1165,1165,1165,1165,0
2022-01-07 13:28:00,1165,1165,1165,1165,0
2022-01-07 13:29:00,1165,1165,1165,1165,0
2022-01-07 13:30:00,1170,1165,1170,1165,2100
2022-01-07 13:31:00,1170,1165,1170,1165,0
2022-01-07 13:32:00,1170,1165,1170,1165,0
2022-01-07 13:33:00,1170,1165,1170,1165,0
2022-01-07 13:34:00,1170,1165,1170,1165,0
2022-01-07 13:35:00,1170,1170,1170,1170,1000
2022-01-07 13:36:00,1170,1170,1170,1170,1500
2022-01-07 13:37:00,1170,1170,1170,1170,5200
2022-01-07 13:38:00,1170,1170,1170,1170,0
2022-01-07 13:39:00,1170,1170,1170,1170,1000
2022-01-07 13:40:00,1170,1170,1170,1170,600
2022-01-07 13:41:00,1170,1170,1170,1170,100
2022-01-07 13:42:00,1170,1170,1170,1170,0
2022-01-07 13:43:00,1170,1170,1170,1170,0
2022-01-07 13:44:00,1170,1170,1170,1170,0
2022-01-07 13:45:00,1170,1170,1170,1170,1800
2022-01-07 13:46:00,1170,1170,1170,1170,0
2022-01-07 13:47:00,1170,1170,1170,1170,3500
2022-01-07 13:48:00,1170,1170,1170,1170,100
2022-01-07 13:49:00,1165,1155,1165,1155,104500
2022-01-07 13:50:00,1155,1155,1155,1155,11300
2022-01-07 13:51:00,1160,1160,1160,1160,1000
2022-01-07 13:52:00,1160,1155,1160,1155,26100
2022-01-07 13:53:00,1155,1155,1160,1160,10200
2022-01-07 13:54:00,1155,1155,1155,1155,1000
2022-01-07 13:55:00,1160,1160,1160,1160,100
2022-01-07 13:56:00,1160,1160,1160,1160,5100
2022-01-07 13:57:00,1160,1160,1160,1160,700
2022-01-07 13:58:00,1160,1160,1160,1160,3000
2022-01-07 13:59:00,1160,1160,1165,1165,2600
2022-01-07 14:00:00,1165,1165,1165,1165,1000
2022-01-07 14:01:00,1165,1165,1165,1165,0
2022-01-07 14:02:00,1160,1160,1160,1160,7100
2022-01-07 14:03:00,1160,1160,1160,1160,1100
2022-01-07 14:04:00,1160,1160,1160,1160,56400
2022-01-07 14:05:00,1160,1160,1160,1160,2800
2022-01-07 14:06:00,1155,1155,1155,1155,4100
2022-01-07 14:07:00,1155,1155,1155,1155,32000
2022-01-07 14:08:00,1155,1145,1155,1145,109500
2022-01-07 14:09:00,1145,1140,1145,1140,32700
2022-01-07 14:10:00,1140,1140,1140,1140,32500
2022-01-07 14:11:00,1140,1140,1140,1140,200
2022-01-07 14:12:00,1140,1140,1140,1140,0
2022-01-07 14:13:00,1140,1140,1140,1140,2700
2022-01-07 14:14:00,1140,1140,1140,1140,9700
2022-01-07 14:15:00,1135,1135,1145,1145,4600
2022-01-07 14:16:00,1150,1145,1150,1145,600
2022-01-07 14:17:00,1150,1150,1150,1150,500
2022-01-07 14:18:00,1150,1150,1150,1150,4300
2022-01-07 14:19:00,1160,1160,1160,1160,100
2022-01-07 14:20:00,1160,1160,1160,1160,19700
2022-01-07 14:21:00,1160,1160,1160,1160,400
2022-01-07 14:22:00,1160,1160,1160,1160,0
2022-01-07 14:23:00,1160,1155,1160,1155,2600
2022-01-07 14:24:00,1160,1160,1160,1160,1200
2022-01-07 14:25:00,1160,1160,1160,1160,0
2022-01-07 14:26:00,1160,1160,1160,1160,0
2022-01-07 14:27:00,1160,1160,1160,1160,10000
2022-01-07 14:28:00,1155,1155,1160,1160,2300
2022-01-07 14:29:00,1155,1155,1155,1155,20900
2022-01-07 14:30:00,1150,1145,1150,1145,4100
2022-01-07 14:31:00,1145,1145,1145,1145,2500
2022-01-07 14:32:00,1150,1150,1150,1150,100
2022-01-07 14:33:00,1150,1150,1150,1150,200
2022-01-07 14:34:00,1145,1145,1145,1145,1000
2022-01-07 14:35:00,1145,1145,1145,1145,1100
2022-01-07 14:36:00,1145,1145,1145,1145,400
2022-01-07 14:37:00,1145,1145,1145,1145,0
2022-01-07 14:38:00,1145,1145,1145,1145,1300
2022-01-07 14:39:00,1145,1145,1145,1145,0
2022-01-07 14:40:00,1145,1145,1145,1145,0
2022-01-07 14:41:00,1145,1145,1150,1150,12600
2022-01-07 14:42:00,1150,1150,1150,1150,27500
2022-01-07 14:43:00,1150,1150,1150,1150,100
2022-01-07 14:44:00,1150,1150,1150,1150,0
2022-01-07 14:45:00,1150,1150,1150,1150,0
2022-01-07 14:46:00,1150,1150,1150,1150,0
2022-01-07 14:47:00,1145,1145,1155,1155,57800
2022-01-07 14:48:00,1150,1150,1150,1150,20400
2022-01-07 14:49:00,1150,1145,1150,1145,11500
2022-01-07 14:50:00,1150,1145,1150,1145,0
2022-01-07 14:51:00,1150,1145,1150,1145,0
2022-01-07 14:52:00,1150,1145,1150,1145,0
2022-01-07 14:53:00,1150,1145,1150,1145,0
2022-01-07 14:54:00,1150,1145,1150,1145,0
2022-01-07 14:55:00,1150,1145,1150,1145,0
2022-01-07 14:56:00,1150,1145,1150,1145,0
2022-01-07 14:57:00,1150,1145,1150,1145,0
2022-01-07 14:58:00,1150,1145,1150,1145,0
2022-01-07 14:59:00,1150,1145,1150,1145,0
2022-01-07 15:00:00,1145,1145,1145,1145,42000
2022-01-07 15:01:00,1145,1145,1145,1145,500
2022-01-07 15:02:00,1145,1145,1145,1145,4500
2022-01-07 15:03:00,1145,1145,1145,1145,17500
2022-01-07 15:04:00,1145,1145,1145,1145,100
2022-01-07 15:05:00,1145,1145,1145,1145,9200
2022-01-07 15:06:00,1145,1145,1145,1145,1000
2022-01-07 15:07:00,1145,1145,1145,1145,400
2022-01-07 15:08:00,1145,1145,1145,1145,0
2022-01-07 15:09:00,1145,1145,1145,1145,1000
2022-01-07 15:10:00,1145,1145,1145,1145,2000
2022-01-07 15:11:00,1145,1145,1145,1145,2000
2022-01-07 15:12:00,1145,1145,1145,1145,100
2022-01-07 15:13:00,1145,1145,1145,1145,10000
2022-01-07 15:14:00,1145,1145,1145,1145,1000
2022-01-07 15:15:00,1145,1145,1145,1145,0
2022-01-07 15:16:00,1145,1145,1145,1145,0
2022-01-07 15:17:00,1145,1145,1145,1145,0
2022-01-07 15:18:00,1145,1145,1145,1145,0
2022-01-07 15:19:00,1145,1145,1145,1145,0
2022-01-07 15:20:00,1145,1145,1145,1145,0
2022-01-07 15:21:00,1145,1145,1145,1145,0
2022-01-07 15:22:00,1145,1145,1145,1145,0
2022-01-07 15:23:00,1145,1145,1145,1145,0
2022-01-07 15:24:00,1145,1145,1145,1145,0
2022-01-07 15:25:00,1145,1145,1145,1145,0
2022-01-07 15:26:00,1145,1145,1145,1145,0
2022-01-07 15:27:00,1145,1145,1145,1145,0
2022-01-07 15:28:00,1145,1145,1145,1145,0
2022-01-07 15:29:00,1145,1145,1145,1145,0
2022-01-07 15:30:00,1145,1145,1145,1145,0
2022-01-07 15:31:00,1145,1145,1145,1145,0
2022-01-07 15:32:00,1145,1145,1145,1145,0
2022-01-07 15:33:00,1145,1145,1145,1145,0
2022-01-07 15:34:00,1145,1145,1145,1145,0
2022-01-07 15:35:00,1145,1145,1145,1145,0
2022-01-07 15:36:00,1145,1145,1145,1145,0
2022-01-07 15:37:00,1145,1145,1145,1145,0
2022-01-07 15:38:00,1145,1145,1145,1145,0
2022-01-07 15:39:00,1145,1145,1145,1145,0
2022-01-07 15:40:00,1145,1145,1145,1145,0
2022-01-07 15:41:00,1145,1145,1145,1145,0
2022-01-07 15:42:00,1145,1145,1145,1145,0
2022-01-07 15:43:00,1145,1145,1145,1145,0
2022-01-07 15:44:00,1145,1145,1145,1145,0
2022-01-07 15:45:00,1145,1145,1145,1145,0
2022-01-07 15:46:00,1145,1145,1145,1145,0
2022-01-07 15:47:00,1145,1145,1145,1145,0
2022-01-07 15:48:00,1145,1145,1145,1145,0
2022-01-07 15:49:00,1145,1145,1145,1145,0
2022-01-07 15:50:00,1145,1145,1145,1145,0
2022-01-07 15:51:00,1145,1145,1145,1145,0
2022-01-07 15:52:00,1145,1145,1145,1145,0
2022-01-07 15:53:00,1145,1145,1145,1145,0
2022-01-07 15:54:00,1145,1145,1145,1145,0
2022-01-07 15:55:00,1145,1145,1145,1145,0
2022-01-07 15:56:00,1145,1145,1145,1145,0
2022-01-07 15:57:00,1145,1145,1145,1145,0
2022-01-07 15:58:00,1145,1145,1145,1145,0
2022-01-07 15:59:00,1145,1145,1145,1145,0
2022-01-10 09:00:00,1140,1140,1145,1145,0
2022-01-10 09:01:00,1145,1145,1145,1145,500
2022-01-10 09:02:00,1145,1145,1145,1145,6100
2022-01-10 09:03:00,1145,1145,1145,1145,0
2022-01-10 09:04:00,1145,1145,1145,1145,200
2022-01-10 09:05:00,1140,1140,1140,1140,2300
2022-01-10 09:06:00,1135,1135,1135,1135,1500
2022-01-10 09:07:00,1130,1120,1130,1120,39900
2022-01-10 09:08:00,1120,1080,1120,1095,242900
2022-01-10 09:09:00,1095,1090,1095,1090,45300
2022-01-10 09:10:00,1090,1090,1105,1095,388600
2022-01-10 09:11:00,1115,1095,1115,1095,322600
2022-01-10 09:12:00,1100,1100,1100,1100,18000
2022-01-10 09:13:00,1105,1105,1120,1120,310200
2022-01-10 09:14:00,1105,1105,1120,1120,287200
2022-01-10 09:15:00,1130,1130,1145,1145,79500
2022-01-10 09:16:00,1140,1140,1170,1170,206500
2022-01-10 09:17:00,1170,1165,1175,1165,53800
2022-01-10 09:18:00,1165,1155,1165,1155,201500
2022-01-10 09:19:00,1165,1160,1185,1185,220300
2022-01-10 09:20:00,1180,1180,1200,1195,340900
2022-01-10 09:21:00,1195,1180,1195,1180,210100
2022-01-10 09:22:00,1180,1160,1180,1160,293300
2022-01-10 09:23:00,1160,1160,1160,1160,1000
2022-01-10 09:24:00,1160,1155,1160,1160,279800
2022-01-10 09:25:00,1160,1160,1160,1160,68200
2022-01-10 09:26:00,1165,1155,1165,1155,20600
2022-01-10 09:27:00,1160,1160,1160,1160,1000
2022-01-10 09:28:00,1160,1160,1160,1160,36100
2022-01-10 09:29:00,1160,1160,1160,1160,0
2022-01-10 09:30:00,1160,1160,1160,1160,5000
2022-01-10 09:31:00,1160,1160,1160,1160,0
2022-01-10 09:32:00,1160,1160,1160,1160,2300
2022-01-10 09:33:00,1160,1160,1160,1160,0
2022-01-10 09:34:00,1160,1160,1160,1160,0
2022-01-10 09:35:00,1155,1155,1155,1155,85900
2022-01-10 09:36:00,1155,1155,1155,1155,0
2022-01-10 09:37:00,1155,1155,1155,1155,0
2022-01-10 09:38:00,1155,1155,1155,1155,0
2022-01-10 09:39:00,1160,1155,1160,1155,93400
2022-01-10 09:40:00,1155,1155,1155,1155,2600
2022-01-10 09:41:00,1160,1150,1160,1150,50300
2022-01-10 09:42:00,1160,1150,1160,1150,0
2022-01-10 09:43:00,1150,1150,1150,1150,2500
2022-01-10 09:44:00,1150,1150,1150,1150,12800
2022-01-10 09:45:00,1150,1145,1150,1145,72000
2022-01-10 09:46:00,1140,1140,1140,1140,90400
2022-01-10 09:47:00,1135,1135,1140,1135,53100
2022-01-10 09:48:00,1135,1135,1135,1135,39900
2022-01-10 09:49:00,1135,1135,1140,1140,258800
2022-01-10 09:50:00,1135,1135,1135,1135,14200
2022-01-10 09:51:00,1135,1135,1135,1135,5400
2022-01-10 09:52:00,1135,1135,1135,1135,0
2022-01-10 09:53:00,1135,1135,1135,1135,0
2022-01-10 09:54:00,1135,1130,1135,1130,3400
2022-01-10 09:55:00,1135,1135,1135,1135,100
2022-01-10 09:56:00,1135,1135,1135,1135,8700
2022-01-10 09:57:00,1140,1140,1140,1140,10000
2022-01-10 09:58:00,1140,1140,1140,1140,0
2022-01-10 09:59:00,1135,1135,1135,1135,2100
2022-01-10 10:00:00,1140,1140,1140,1140,300
2022-01-10 10:01:00,1140,1140,1140,1140,0
2022-01-10 10:02:00,1140,1140,1140,1140,0
2022-01-10 10:03:00,1135,1135,1135,1135,11500
2022-01-10 10:04:00,1140,1140,1140,1140,900
2022-01-10 10:05:00,1140,1140,1140,1140,0
2022-01-10 10:06:00,1135,1135,1135,1135,500
2022-01-10 10:07:00,1135,1135,1135,1135,500
2022-01-10 10:08:00,1135,1135,1135,1135,21200
2022-01-10 10:09:00,1135,1135,1135,1135,0
2022-01-10 10:10:00,1135,1135,1135,1135,0
2022-01-10 10:11:00,1135,1135,1135,1135,0
2022-01-10 10:12:00,1135,1135,1135,1135,0
2022-01-10 10:13:00,1135,1135,1135,1135,0
2022-01-10 10:14:00,1135,1135,1135,1135,0
2022-01-10 10:15:00,1135,1135,1135,1135,2500
2022-01-10 10:16:00,1135,1135,1135,1135,0
2022-01-10 10:17:00,1135,1135,1135,1135,0
2022-01-10 10:18:00,1135,1135,1135,1135,0
2022-01-10 10:19:00,1135,1135,1135,1135,3700
2022-01-10 10:20:00,1135,1135,1135,1135,0
2022-01-10 10:21:00,1135,1135,1135,1135,0
2022-01-10 10:22:00,1135,1135,1135,1135,0
2022-01-10 10:23:00,1135,1135,1135,1135,700
2022-01-10 10:24:00,1135,1135,1135,1135,0
2022-01-10 10:25:00,1135,1135,1135,1135,500
2022-01-10 10:26:00,1135,1135,1135,1135,0
2022-01-10 10:27:00,1135,1135,1135,1135,0
2022-01-10 10:28:00,1135,1135,1135,1135,5000
2022-01-10 10:29:00,1135,1135,1135,1135,0
2022-01-10 10:30:00,1135,1135,1135,1135,0
2022-01-10 10:31:00,1135,1135,1135,1135,2100
2022-01-10 10:32:00,1135,1135,1135,1135,3800
2022-01-10 10:33:00,1135,1135,1135,1135,200
2022-01-10 10:34:00,1135,1135,1135,1135,2200
2022-01-10 10:35:00,1135,1135,1135,1135,0
2022-01-10 10:36:00,1135,1135,1135,1135,0
2022-01-10 10:37:00,1135,1135,1135,1135,100
2022-01-10 10:38:00,1135,1135,1135,1135,8700
2022-01-10 10:39:00,1135,1135,1135,1135,0
2022-01-10 10:40:00,1135,1135,1135,1135,3500
2022-01-10 10:41:00,1135,1135,1135,1135,2800
2022-01-10 10:42:00,1135,1135,1135,1135,800
2022-01-10 10:43:00,1135,1135,1135,1135,0
2022-01-10 10:44:00,1135,1135,1135,1135,0
2022-01-10 10:45:00,1135,1135,1135,1135,5300
2022-01-10 10:46:00,1135,1135,1135,1135,0
2022-01-10 10:47:00,1135,1135,1135,1135,0
2022-01-10 10:48:00,1135,1135,1135,1135,4500
2022-01-10 10:49:00,1135,1135,1135,1135,0
2022-01-10 10:50:00,1135,1135,1135,1135,300
2022-01-10 10:51:00,1135,1135,1135,1135,0
2022-01-10 10:52:00,1135,1135,1135,1135,100
2022-01-10 10:53:00,1135,1135,1135,1135,0
2022-01-10 10:54:00,1135,1135,1135,1135,0
2022-01-10 10:55:00,1135,1135,1135,1135,900
2022-01-10 10:56:00,1135,1135,1135,1135,0
2022-01-10 10:57:00,1135,1135,1135,1135,0
2022-01-10 10:58:00,1135,1135,1135,1135,2000
2022-01-10 10:59:00,1135,1135,1135,1135,0
2022-01-10 11:00:00,1140,1140,1140,1140,400
2022-01-10 11:01:00,1140,1140,1140,1140,0
2022-01-10 11:02:00,1140,1140,1140,1140,0
2022-01-10 11:03:00,1140,1140,1140,1140,60000
2022-01-10 11:04:00,1140,1135,1140,1135,1200
2022-01-10 11:05:00,1140,1135,1140,1135,0
2022-01-10 11:06:00,1140,1135,1140,1135,0
2022-01-10 11:07:00,1140,1135,1140,1135,0
2022-01-10 11:08:00,1135,1135,1140,1140,1800
2022-01-10 11:09:00,1135,1135,1140,1140,0
2022-01-10 11:10:00,1140,1140,1140,1140,57300
2022-01-10 11:11:00,1135,1135,1135,1135,1000
2022-01-10 11:12:00,1140,1140,1140,1140,2600
2022-01-10 11:13:00,1140,1140,1140,1140,2000
2022-01-10 11:14:00,1140,1140,1140,1140,0
2022-01-10 11:15:00,1140,1140,1140,1140,0
2022-01-10 11:16:00,1140,1140,1140,1140,100
2022-01-10 11:17:00,1140,1140,1140,1140,0
2022-01-10 11:18:00,1140,1140,1140,1140,0
2022-01-10 11:19:00,1140,1140,1140,1140,0
2022-01-10 11:20:00,1140,1140,1140,1140,0
2022-01-10 11:21:00,1140,1140,1140,1140,0
2022-01-10 11:22:00,1140,1140,1140,1140,0
2022-01-10 11:23:00,1140,1140,1140,1140,0
2022-01-10 11:24:00,1140,1140,1140,1140,300
2022-01-10 11:25:00,1140,1140,1140,1140,0
2022-01-10 11:26:00,1140,1140,1140,1140,0
2022-01-10 11:27:00,1140,1140,1140,1140,0
2022-01-10 11:28:00,1135,1135,1135,1135,1000
2022-01-10 11:29:00,1135,1135,1135,1135,500
2022-01-10 11:30:00,1135,1135,1135,1135,0
2022-01-10 11:31:00,1135,1135,1135,1135,0
2022-01-10 11:32:00,1135,1135,1135,1135,0
2022-01-10 11:33:00,1135,1135,1135,1135,0
2022-01-10 11:34:00,1135,1135,1135,1135,0
2022-01-10 11:35:00,1135,1135,1135,1135,0
2022-01-10 11:36:00,1135,1135,1135,1135,0
2022-01-10 11:37:00,1135,1135,1135,1135,0
2022-01-10 11:38:00,1135,1135,1135,1135,0
2022-01-10 11:39:00,1135,1135,1135,1135,0
2022-01-10 11:40:00,1135,1135,1135,1135,0
2022-01-10 11:41:00,1135,1135,1135,1135,0
2022-01-10 11:42:00,1135,1135,1135,1135,0
2022-01-10 11:43:00,1135,1135,1135,1135,0
2022-01-10 11:44:00,1135,1135,1135,1135,0
2022-01-10 11:45:00,1135,1135,1135,1135,0
2022-01-10 11:46:00,1135,1135,1135,1135,0
2022-01-10 11:47:00,1135,1135,1135,1135,0
2022-01-10 11:48:00,1135,1135,1135,1135,0
2022-01-10 11:49:00,1135,1135,1135,1135,0
2022-01-10 11:50:00,1135,1135,1135,1135,0
2022-01-10 11:51:00,1135,1135,1135,1135,0
2022-01-10 11:52:00,1135,1135,1135,1135,0
2022-01-10 11:53:00,1135,1135,1135,1135,0
2022-01-10 11:54:00,1135,1135,1135,1135,0
2022-01-10 11:55:00,1135,1135,1135,1135,0
2022-01-10 11:56:00,1135,1135,1135,1135,0
2022-01-10 11:57:00,1135,1135,1135,1135,0
2022-01-10 11:58:00,1135,1135,1135,1135,0
2022-01-10 11:59:00,1135,1135,1135,1135,0
2022-01-10 12:00:00,1135,1135,1135,1135,0
2022-01-10 12:01:00,1135,1135,1135,1135,0
2022-01-10 12:02:00,1135,1135,1135,1135,0
2022-01-10 12:03:00,1135,1135,1135,1135,0
2022-01-10 12:04:00,1135,1135,1135,1135,0
2022-01-10 12:05:00,1135,1135,1135,1135,0
2022-01-10 12:06:00,1135,1135,1135,1135,0
2022-01-10 12:07:00,1135,1135,1135,1135,0
2022-01-10 12:08:00,1135,1135,1135,1135,0
2022-01-10 12:09:00,1135,1135,1135,1135,0
2022-01-10 12:10:00,1135,1135,1135,1135,0
2022-01-10 12:11:00,1135,1135,1135,1135,0
2022-01-10 12:12:00,1135,1135,1135,1135,0
2022-01-10 12:13:00,1135,1135,1135,1135,0
2022-01-10 12:14:00,1135,1135,1135,1135,0
2022-01-10 12:15:00,1135,1135,1135,1135,0
2022-01-10 12:16:00,1135,1135,1135,1135,0
2022-01-10 12:17:00,1135,1135,1135,1135,0
2022-01-10 12:18:00,1135,1135,1135,1135,0
2022-01-10 12:19:00,1135,1135,1135,1135,0
2022-01-10 12:20:00,1135,1135,1135,1135,0
2022-01-10 12:21:00,1135,1135,1135,1135,0
2022-01-10 12:22:00,1135,1135,1135,1135,0
2022-01-10 12:23:00,1135,1135,1135,1135,0
2022-01-10 12:24:00,1135,1135,1135,1135,0
2022-01-10 12:25:00,1135,1135,1135,1135,0
2022-01-10 12:26:00,1135,1135,1135,1135,0
2022-01-10 12:27:00,1135,1135,1135,1135,0
2022-01-10 12:28:00,1135,1135,1135,1135,0
2022-01-10 12:29:00,1135,1135,1135,1135,0
2022-01-10 12:30:00,1135,1135,1135,1135,0
2022-01-10 12:31:00,1135,1135,1135,1135,0
2022-01-10 12:32:00,1135,1135,1135,1135,0
2022-01-10 12:33:00,1135,1135,1135,1135,0
2022-01-10 12:34:00,1135,1135,1135,1135,0
2022-01-10 12:35:00,1135,1135,1135,1135,0
2022-01-10 12:36:00,1135,1135,1135,1135,0
2022-01-10 12:37:00,1135,1135,1135,1135,0
2022-01-10 12:38:00,1135,1135,1135,1135,0
2022-01-10 12:39:00,1135,1135,1135,1135,0
2022-01-10 12:40:00,1135,1135,1135,1135,0
2022-01-10 12:41:00,1135,1135,1135,1135,0
2022-01-10 12:42:00,1135,1135,1135,1135,0
2022-01-10 12:43:00,1135,1135,1135,1135,0
2022-01-10 12:44:00,1135,1135,1135,1135,0
2022-01-10 12:45:00,1135,1135,1135,1135,0
2022-01-10 12:46:00,1135,1135,1135,1135,0
2022-01-10 12:47:00,1135,1135,1135,1135,0
2022-01-10 12:48:00,1135,1135,1135,1135,0
2022-01-10 12:49:00,1135,1135,1135,1135,0
2022-01-10 12:50:00,1135,1135,1135,1135,0
2022-01-10 12:51:00,1135,1135,1135,1135,0
2022-01-10 12:52:00,1135,1135,1135,1135,0
2022-01-10 12:53:00,1135,1135,1135,1135,0
2022-01-10 12:54:00,1135,1135,1135,1135,0
2022-01-10 12:55:00,1135,1135,1135,1135,0
2022-01-10 12:56:00,1135,1135,1135,1135,0
2022-01-10 12:57:00,1135,1135,1135,1135,0
2022-01-10 12:58:00,1135,1135,1135,1135,0
2022-01-10 12:59:00,1135,1135,1135,1135,0
2022-01-10 13:00:00,1135,1135,1135,1135,0
2022-01-10 13:01:00,1135,1135,1135,1135,0
2022-01-10 13:02:00,1135,1135,1135,1135,0
2022-01-10 13:03:00,1135,1135,1135,1135,0
2022-01-10 13:04:00,1135,1135,1135,1135,0
2022-01-10 13:05:00,1135,1135,1135,1135,0
2022-01-10 13:06:00,1135,1135,1135,1135,0
2022-01-10 13:07:00,1135,1135,1135,1135,0
2022-01-10 13:08:00,1135,1135,1135,1135,0
2022-01-10 13:09:00,1135,1135,1135,1135,0
2022-01-10 13:10:00,1135,1135,1135,1135,0
2022-01-10 13:11:00,1135,1135,1135,1135,0
2022-01-10 13:12:00,1135,1135,1135,1135,0
2022-01-10 13:13:00,1135,1135,1135,1135,0
2022-01-10 13:14:00,1135,1135,1135,1135,0
2022-01-10 13:15:00,1135,1135,1135,1135,0
2022-01-10 13:16:00,1135,1135,1135,1135,0
2022-01-10 13:17:00,1135,1135,1135,1135,0
2022-01-10 13:18:00,1135,1135,1135,1135,0
2022-01-10 13:19:00,1135,1135,1135,1135,0
2022-01-10 13:20:00,1135,1135,1135,1135,0
2022-01-10 13:21:00,1135,1135,1135,1135,0
2022-01-10 13:22:00,1135,1135,1135,1135,0
2022-01-10 13:23:00,1135,1135,1135,1135,0
2022-01-10 13:24:00,1135,1135,1135,1135,0
2022-01-10 13:25:00,1135,1135,1135,1135,0
2022-01-10 13:26:00,1135,1135,1135,1135,0
2022-01-10 13:27:00,1135,1135,1135,1135,0
2022-01-10 13:28:00,1135,1135,1135,1135,0
2022-01-10 13:29:00,1135,1135,1135,1135,0
2022-01-10 13:30:00,1135,1135,1140,1140,9900
2022-01-10 13:31:00,1140,1140,1140,1140,100
2022-01-10 13:32:00,1140,1140,1140,1140,0
2022-01-10 13:33:00,1135,1135,1140,1140,1500
2022-01-10 13:34:00,1135,1135,1140,1140,0
2022-01-10 13:35:00,1135,1135,1140,1140,0
2022-01-10 13:36:00,1140,1140,1145,1145,47600
2022-01-10 13:37:00,1150,1150,1150,1150,4800
2022-01-10 13:38:00,1150,1150,1150,1150,0
2022-01-10 13:39:00,1150,1150,1150,1150,2300
2022-01-10 13:40:00,1150,1150,1150,1150,8700
2022-01-10 13:41:00,1150,1150,1150,1150,0
2022-01-10 13:42:00,1150,1150,1150,1150,0
2022-01-10 13:43:00,1150,1150,1150,1150,0
2022-01-10 13:44:00,1150,1150,1150,1150,0
2022-01-10 13:45:00,1150,1150,1150,1150,0
2022-01-10 13:46:00,1150,1150,1150,1150,0
2022-01-10 13:47:00,1150,1150,1150,1150,0
2022-01-10 13:48:00,1150,1150,1150,1150,0
2022-01-10 13:49:00,1145,1140,1145,1140,600
2022-01-10 13:50:00,1140,1140,1140,1140,5000
2022-01-10 13:51:00,1145,1145,1145,1145,5000
2022-01-10 13:52:00,1145,1145,1145,1145,0
2022-01-10 13:53:00,1145,1145,1145,1145,0
2022-01-10 13:54:00,1140,1140,1140,1140,1000
2022-01-10 13:55:00,1140,1140,1140,1140,0
2022-01-10 13:56:00,1140,1140,1140,1140,0
2022-01-10 13:57:00,1145,1145,1150,1150,5000
2022-01-10 13:58:00,1145,1145,1150,1150,0
2022-01-10 13:59:00,1145,1145,1150,1150,0
2022-01-10 14:00:00,1155,1150,1155,1150,10500
2022-01-10 14:01:00,1150,1150,1150,1150,3000
2022-01-10 14:02:00,1150,1150,1150,1150,0
2022-01-10 14:03:00,1150,1150,1150,1150,0
2022-01-10 14:04:00,1145,1145,1145,1145,3500
2022-01-10 14:05:00,1145,1145,1145,1145,0
2022-01-10 14:06:00,1145,1145,1145,1145,0
2022-01-10 14:07:00,1145,1145,1145,1145,300
2022-01-10 14:08:00,1145,1145,1145,1145,0
2022-01-10 14:09:00,1145,1145,1145,1145,0
2022-01-10 14:10:00,1145,1145,1145,1145,0
2022-01-10 14:11:00,1145,1145,1145,1145,0
2022-01-10 14:12:00,1145,1145,1145,1145,0
2022-01-10 14:13:00,1145,1145,1145,1145,0
2022-01-10 14:14:00,1145,1145,1145,1145,0
2022-01-10 14:15:00,1150,1150,1155,1150,41300
2022-01-10 14:16:00,1150,1150,1165,1165,314200
2022-01-10 14:17:00,1160,1155,1165,1160,457100
2022-01-10 14:18:00,1160,1160,1160,1160,31900
2022-01-10 14:19:00,1155,1155,1155,1155,28200
2022-01-10 14:20:00,1155,1155,1155,1155,2500
2022-01-10 14:21:00,1160,1160,1160,1160,100
2022-01-10 14:22:00,1160,1160,1160,1160,35800
2022-01-10 14:23:00,1160,1155,1160,1155,24100
2022-01-10 14:24:00,1160,1155,1160,1155,0
2022-01-10 14:25:00,1160,1155,1160,1155,0
2022-01-10 14:26:00,1160,1155,1160,1155,0
2022-01-10 14:27:00,1160,1155,1160,1155,0
2022-01-10 14:28:00,1160,1155,1160,1155,0
2022-01-10 14:29:00,1155,1155,1155,1155,2000
2022-01-10 14:30:00,1155,1155,1155,1155,100
2022-01-10 14:31:00,1150,1150,1150,1150,1500
2022-01-10 14:32:00,1150,1150,1150,1150,1500
2022-01-10 14:33:00,1150,1150,1150,1150,11700
2022-01-10 14:34:00,1150,1150,1150,1150,500
2022-01-10 14:35:00,1150,1150,1150,1150,10000
2022-01-10 14:36:00,1150,1150,1150,1150,2500
2022-01-10 14:37:00,1150,1150,1150,1150,16400
2022-01-10 14:38:00,1150,1150,1150,1150,2000
2022-01-10 14:39:00,1150,1150,1150,1150,0
2022-01-10 14:40:00,1150,1150,1150,1150,11000
2022-01-10 14:41:00,1150,1150,1150,1150,0
2022-01-10 14:42:00,1150,1150,1150,1150,0
2022-01-10 14:43:00,1150,1150,1150,1150,0
2022-01-10 14:44:00,1145,1145,1145,1145,1000
2022-01-10 14:45:00,1145,1145,1145,1145,0
2022-01-10 14:46:00,1145,1145,1145,1145,0
2022-01-10 14:47:00,1150,1150,1150,1150,10400
2022-01-10 14:48:00,1150,1150,1150,1150,8500
2022-01-10 14:49:00,1145,1145,1155,1155,4300
2022-01-10 14:50:00,1145,1145,1155,1155,0
2022-01-10 14:51:00,1145,1145,1155,1155,0
2022-01-10 14:52:00,1145,1145,1155,1155,0
2022-01-10 14:53:00,1145,1145,1155,1155,0
2022-01-10 14:54:00,1145,1145,1155,1155,0
2022-01-10 14:55:00,1145,1145,1155,1155,0
2022-01-10 14:56:00,1145,1145,1155,1155,0
2022-01-10 14:57:00,1145,1145,1155,1155,0
2022-01-10 14:58:00,1145,1145,1155,1155,0
2022-01-10 14:59:00,1145,1145,1155,1155,0
2022-01-10 15:00:00,1155,1155,1155,1155,29000
2022-01-10 15:01:00,1155,1155,1155,1155,0
2022-01-10 15:02:00,1155,1155,1155,1155,3100
2022-01-10 15:03:00,1155,1155,1155,1155,0
2022-01-10 15:04:00,1155,1155,1155,1155,0
2022-01-10 15:05:00,1155,1155,1155,1155,0
2022-01-10 15:06:00,1155,1155,1155,1155,0
2022-01-10 15:07:00,1155,1155,1155,1155,4300
2022-01-10 15:08:00,1155,1155,1155,1155,5000
2022-01-10 15:09:00,1155,1155,1155,1155,0
2022-01-10 15:10:00,1155,1155,1155,1155,1000
2022-01-10 15:11:00,1155,1155,1155,1155,0
2022-01-10 15:12:00,1155,1155,1155,1155,0
2022-01-10 15:13:00,1155,1155,1155,1155,0
2022-01-10 15:14:00,1155,1155,1155,1155,5000
2022-01-10 15:15:00,1155,1155,1155,1155,0
2022-01-10 15:16:00,1155,1155,1155,1155,0
2022-01-10 15:17:00,1155,1155,1155,1155,0
2022-01-10 15:18:00,1155,1155,1155,1155,0
2022-01-10 15:19:00,1155,1155,1155,1155,0
2022-01-10 15:20:00,1155,1155,1155,1155,0
2022-01-10 15:21:00,1155,1155,1155,1155,0
2022-01-10 15:22:00,1155,1155,1155,1155,0
2022-01-10 15:23:00,1155,1155,1155,1155,0
2022-01-10 15:24:00,1155,1155,1155,1155,0
2022-01-10 15:25:00,1155,1155,1155,1155,0
2022-01-10 15:26:00,1155,1155,1155,1155,0
2022-01-10 15:27:00,1155,1155,1155,1155,0
2022-01-10 15:28:00,1155,1155,1155,1155,0
2022-01-10 15:29:00,1155,1155,1155,1155,0
2022-01-10 15:30:00,1155,1155,1155,1155,0
2022-01-10 15:31:00,1155,1155,1155,1155,0
2022-01-10 15:32:00,1155,1155,1155,1155,0
2022-01-10 15:33:00,1155,1155,1155,1155,0
2022-01-10 15:34:00,1155,1155,1155,1155,0
2022-01-10 15:35:00,1155,1155,1155,1155,0
2022-01-10 15:36:00,1155,1155,1155,1155,0
2022-01-10 15:37:00,1155,1155,1155,1155,0
2022-01-10 15:38:00,1155,1155,1155,1155,0
2022-01-10 15:39:00,1155,1155,1155,1155,0
2022-01-10 15:40:00,1155,1155,1155,1155,0
2022-01-10 15:41:00,1155,1155,1155,1155,0
2022-01-10 15:42:00,1155,1155,1155,1155,0
2022-01-10 15:43:00,1155,1155,1155,1155,0
2022-01-10 15:44:00,1155,1155,1155,1155,0
2022-01-10 15:45:00,1155,1155,1155,1155,0
2022-01-10 15:46:00,1155,1155,1155,1155,0
2022-01-10 15:47:00,1155,1155,1155,1155,0
2022-01-10 15:48:00,1155,1155,1155,1155,0
2022-01-10 15:49:00,1155,1155,1155,1155,0
2022-01-10 15:50:00,1155,1155,1155,1155,0
2022-01-10 15:51:00,1155,1155,1155,1155,0
2022-01-10 15:52:00,1155,1155,1155,1155,0
2022-01-10 15:53:00,1155,1155,1155,1155,0
2022-01-10 15:54:00,1155,1155,1155,1155,0
2022-01-10 15:55:00,1155,1155,1155,1155,0
2022-01-10 15:56:00,1155,1155,1155,1155,0
2022-01-10 15:57:00,1155,1155,1155,1155,0
2022-01-10 15:58:00,1155,1155,1155,1155,0
2022-01-10 15:59:00,1155,1155,1155,1155,0
2022-01-11 09:00:00,1160,1155,1160,1155,0
2022-01-11 09:01:00,1160,1155,1160,1155,0
2022-01-11 09:02:00,1155,1155,1155,1155,7300
2022-01-11 09:03:00,1155,1155,1155,1155,1000
2022-01-11 09:04:00,1155,1155,1155,1155,0
2022-01-11 09:05:00,1155,1155,1155,1155,0
2022-01-11 09:06:00,1145,1140,1145,1140,1500
2022-01-11 09:07:00,1140,1140,1145,1145,1300
2022-01-11 09:08:00,1140,1140,1145,1145,0
2022-01-11 09:09:00,1145,1145,1145,1145,800
2022-01-11 09:10:00,1145,1145,1145,1145,20000
2022-01-11 09:11:00,1145,1145,1145,1145,0
2022-01-11 09:12:00,1135,1135,1135,1135,16900
2022-01-11 09:13:00,1135,1135,1135,1135,0
2022-01-11 09:14:00,1130,1130,1130,1130,600
2022-01-11 09:15:00,1130,1130,1130,1130,2100
2022-01-11 09:16:00,1130,1130,1130,1130,0
2022-01-11 09:17:00,1130,1130,1130,1130,4500
2022-01-11 09:18:00,1135,1135,1135,1135,1200
2022-01-11 09:19:00,1135,1135,1135,1135,19000
2022-01-11 09:20:00,1135,1135,1135,1135,0
2022-01-11 09:21:00,1135,1135,1135,1135,498900
2022-01-11 09:22:00,1140,1140,1145,1140,404500
2022-01-11 09:23:00,1140,1140,1155,1145,823000
2022-01-11 09:24:00,1145,1145,1155,1155,128200
2022-01-11 09:25:00,1150,1150,1155,1155,684000
2022-01-11 09:26:00,1155,1155,1155,1155,2000
2022-01-11 09:27:00,1155,1150,1160,1150,362900
2022-01-11 09:28:00,1155,1150,1160,1155,63700
2022-01-11 09:29:00,1160,1160,1165,1160,262200
2022-01-11 09:30:00,1160,1160,1165,1160,233100
2022-01-11 09:31:00,1160,1155,1160,1155,32200
2022-01-11 09:32:00,1155,1150,1155,1150,25900
2022-01-11 09:33:00,1155,1150,1155,1150,0
2022-01-11 09:34:00,1155,1150,1155,1150,0
2022-01-11 09:35:00,1145,1145,1150,1150,1200
2022-01-11 09:36:00,1150,1150,1150,1150,900
2022-01-11 09:37:00,1150,1150,1150,1150,0
2022-01-11 09:38:00,1150,1150,1150,1150,0
2022-01-11 09:39:00,1150,1150,1150,1150,0
2022-01-11 09:40:00,1150,1150,1150,1150,1000
2022-01-11 09:41:00,1150,1150,1150,1150,0
2022-01-11 09:42:00,1150,1150,1150,1150,0
2022-01-11 09:43:00,1150,1150,1150,1150,0
2022-01-11 09:44:00,1150,1150,1150,1150,0
2022-01-11 09:45:00,1150,1150,1150,1150,0
2022-01-11 09:46:00,1145,1145,1145,1145,300
2022-01-11 09:47:00,1145,1145,1145,1145,12000
2022-01-11 09:48:00,1145,1145,1145,1145,0
2022-01-11 09:49:00,1145,1145,1145,1145,0
2022-01-11 09:50:00,1145,1145,1145,1145,0
2022-01-11 09:51:00,1145,1145,1145,1145,300
2022-01-11 09:52:00,1150,1150,1150,1150,100
2022-01-11 09:53:00,1150,1150,1150,1150,0
2022-01-11 09:54:00,1150,1150,1150,1150,0
2022-01-11 09:55:00,1150,1150,1150,1150,0
2022-01-11 09:56:00,1150,1150,1150,1150,0
2022-01-11 09:57:00,1150,1150,1150,1150,0
2022-01-11 09:58:00,1150,1150,1150,1150,0
2022-01-11 09:59:00,1150,1150,1150,1150,0
2022-01-11 10:00:00,1145,1145,1145,1145,23300
2022-01-11 10:01:00,1145,1145,1145,1145,0
2022-01-11 10:02:00,1145,1145,1145,1145,0
2022-01-11 10:03:00,1145,1145,1145,1145,0
2022-01-11 10:04:00,1145,1145,1145,1145,0
2022-01-11 10:05:00,1140,1140,1140,1140,11400
2022-01-11 10:06:00,1140,1140,1140,1140,0
2022-01-11 10:07:00,1140,1140,1140,1140,0
2022-01-11 10:08:00,1140,1140,1140,1140,0
2022-01-11 10:09:00,1140,1140,1140,1140,5000
2022-01-11 10:10:00,1140,1140,1140,1140,0
2022-01-11 10:11:00,1140,1140,1140,1140,0
2022-01-11 10:12:00,1145,1145,1145,1145,1000
2022-01-11 10:13:00,1145,1145,1145,1145,0
2022-01-11 10:14:00,1145,1145,1145,1145,0
2022-01-11 10:15:00,1145,1145,1145,1145,600
2022-01-11 10:16:00,1140,1140,1145,1145,2000
2022-01-11 10:17:00,1140,1140,1145,1145,0
2022-01-11 10:18:00,1140,1140,1145,1145,0
2022-01-11 10:19:00,1140,1140,1145,1145,0
2022-01-11 10:20:00,1140,1140,1145,1145,0
2022-01-11 10:21:00,1140,1140,1145,1145,0
2022-01-11 10:22:00,1140,1140,1145,1145,0
2022-01-11 10:23:00,1140,1140,1145,1145,0
2022-01-11 10:24:00,1140,1140,1145,1145,0
2022-01-11 10:25:00,1140,1140,1145,1145,0
2022-01-11 10:26:00,1140,1140,1145,1145,0
2022-01-11 10:27:00,1140,1140,1145,1145,0
2022-01-11 10:28:00,1140,1140,1145,1145,0
2022-01-11 10:29:00,1140,1140,1145,1145,0
2022-01-11 10:30:00,1140,1140,1145,1145,0
2022-01-11 10:31:00,1140,1140,1140,1140,200
2022-01-11 10:32:00,1145,1145,1145,1145,10000
2022-01-11 10:33:00,1145,1145,1145,1145,0
2022-01-11 10:34:00,1145,1145,1145,1145,0
2022-01-11 10:35:00,1145,1145,1145,1145,0
2022-01-11 10:36:00,1145,1145,1145,1145,0
2022-01-11 10:37:00,1145,1145,1145,1145,0
2022-01-11 10:38:00,1145,1145,1145,1145,0
2022-01-11 10:39:00,1145,1145,1145,1145,0
2022-01-11 10:40:00,1140,1140,1140,1140,2000
2022-01-11 10:41:00,1140,1140,1140,1140,5000
2022-01-11 10:42:00,1145,1145,1145,1145,40000
2022-01-11 10:43:00,1140,1140,1140,1140,3900
2022-01-11 10:44:00,1140,1140,1140,1140,600
2022-01-11 10:45:00,1140,1140,1140,1140,0
2022-01-11 10:46:00,1140,1140,1140,1140,0
2022-01-11 10:47:00,1140,1140,1140,1140,0
2022-01-11 10:48:00,1145,1145,1145,1145,1000
2022-01-11 10:49:00,1145,1145,1145,1145,5000
2022-01-11 10:50:00,1145,1145,1145,1145,100
2022-01-11 10:51:00,1145,1145,1145,1145,0
2022-01-11 10:52:00,1145,1145,1145,1145,0
2022-01-11 10:53:00,1145,1145,1145,1145,0
2022-01-11 10:54:00,1145,1145,1145,1145,0
2022-01-11 10:55:00,1145,1145,1145,1145,17000
2022-01-11 10:56:00,1145,1145,1145,1145,100
2022-01-11 10:57:00,1145,1145,1145,1145,0
2022-01-11 10:58:00,1145,1145,1145,1145,0
2022-01-11 10:59:00,1145,1145,1145,1145,0
2022-01-11 11:00:00,1145,1145,1145,1145,0
2022-01-11 11:01:00,1145,1145,1145,1145,0
2022-01-11 11:02:00,1145,1145,1145,1145,0
2022-01-11 11:03:00,1145,1145,1145,1145,0
2022-01-11 11:04:00,1145,1145,1145,1145,0
2022-01-11 11:05:00,1145,1145,1145,1145,0
2022-01-11 11:06:00,1145,1145,1145,1145,0
2022-01-11 11:07:00,1145,1145,1145,1145,0
2022-01-11 11:08:00,1140,1140,1140,1140,4500
2022-01-11 11:09:00,1140,1140,1140,1140,0
2022-01-11 11:10:00,1140,1140,1140,1140,2000
2022-01-11 11:11:00,1140,1140,1140,1140,47300
2022-01-11 11:12:00,1140,1140,1140,1140,240600
2022-01-11 11:13:00,1145,1145,1145,1145,3100
2022-01-11 11:14:00,1145,1145,1145,1145,0
2022-01-11 11:15:00,1150,1150,1150,1150,2400
2022-01-11 11:16:00,1145,1145,1145,1145,5000
2022-01-11 11:17:00,1145,1145,1145,1145,0
2022-01-11 11:18:00,1145,1145,1145,1145,0
2022-01-11 11:19:00,1145,1145,1145,1145,0
2022-01-11 11:20:00,1145,1145,1145,1145,0
2022-01-11 11:21:00,1145,1145,1145,1145,100
2022-01-11 11:22:00,1145,1145,1145,1145,0
2022-01-11 11:23:00,1145,1145,1145,1145,0
2022-01-11 11:24:00,1145,1145,1145,1145,0
2022-01-11 11:25:00,1145,1145,1145,1145,0
2022-01-11 11:26:00,1145,1145,1145,1145,0
2022-01-11 11:27:00,1145,1145,1145,1145,100
2022-01-11 11:28:00,1150,1150,1150,1150,20100
2022-01-11 11:29:00,1160,1160,1160,1160,400
2022-01-11 11:30:00,1160,1160,1160,1160,0
2022-01-11 11:31:00,1160,1160,1160,1160,0
2022-01-11 11:32:00,1160,1160,1160,1160,0
2022-01-11 11:33:00,1160,1160,1160,1160,0
2022-01-11 11:34:00,1160,1160,1160,1160,0
2022-01-11 11:35:00,1160,1160,1160,1160,0
2022-01-11 11:36:00,1160,1160,1160,1160,0
2022-01-11 11:37:00,1160,1160,1160,1160,0
2022-01-11 11:38:00,1160,1160,1160,1160,0
2022-01-11 11:39:00,1160,1160,1160,1160,0
2022-01-11 11:40:00,1160,1160,1160,1160,0
2022-01-11 11:41:00,1160,1160,1160,1160,0
2022-01-11 11:42:00,1160,1160,1160,1160,0
2022-01-11 11:43:00,1160,1160,1160,1160,0
2022-01-11 11:44:00,1160,1160,1160,1160,0
2022-01-11 11:45:00,1160,1160,1160,1160,0
2022-01-11 11:46:00,1160,1160,1160,1160,0
2022-01-11 11:47:00,1160,1160,1160,1160,0
2022-01-11 11:48:00,1160,1160,1160,1160,0
2022-01-11 11:49:00,1160,1160,1160,1160,0
2022-01-11 11:50:00,1160,1160,1160,1160,0
2022-01-11 11:51:00,1160,1160,1160,1160,0
2022-01-11 11:52:00,1160,1160,1160,1160,0
2022-01-11 11:53:00,1160,1160,1160,1160,0
2022-01-11 11:54:00,1160,1160,1160,1160,0
2022-01-11 11:55:00,1160,1160,1160,1160,0
2022-01-11 11:56:00,1160,1160,1160,1160,0
2022-01-11 11:57:00,1160,1160,1160,1160,0
2022-01-11 11:58:00,1160,1160,1160,1160,0
2022-01-11 11:59:00,1160,1160,1160,1160,0
2022-01-11 12:00:00,1160,1160,1160,1160,0
2022-01-11 12:01:00,1160,1160,1160,1160,0
2022-01-11 12:02:00,1160,1160,1160,1160,0
2022-01-11 12:03:00,1160,1160,1160,1160,0
2022-01-11 12:04:00,1160,1160,1160,1160,0
2022-01-11 12:05:00,1160,1160,1160,1160,0
2022-01-11 12:06:00,1160,1160,1160,1160,0
2022-01-11 12:07:00,1160,1160,1160,1160,0
2022-01-11 12:08:00,1160,1160,1160,1160,0
2022-01-11 12:09:00,1160,1160,1160,1160,0
2022-01-11 12:10:00,1160,1160,1160,1160,0
2022-01-11 12:11:00,1160,1160,1160,1160,0
2022-01-11 12:12:00,1160,1160,1160,1160,0
2022-01-11 12:13:00,1160,1160,1160,1160,0
2022-01-11 12:14:00,1160,1160,1160,1160,0
2022-01-11 12:15:00,1160,1160,1160,1160,0
2022-01-11 12:16:00,1160,1160,1160,1160,0
2022-01-11 12:17:00,1160,1160,1160,1160,0
2022-01-11 12:18:00,1160,1160,1160,1160,0
2022-01-11 12:19:00,1160,1160,1160,1160,0
2022-01-11 12:20:00,1160,1160,1160,1160,0
2022-01-11 12:21:00,1160,1160,1160,1160,0
2022-01-11 12:22:00,1160,1160,1160,1160,0
2022-01-11 12:23:00,1160,1160,1160,1160,0
2022-01-11 12:24:00,1160,1160,1160,1160,0
2022-01-11 12:25:00,1160,1160,1160,1160,0
2022-01-11 12:26:00,1160,1160,1160,1160,0
2022-01-11 12:27:00,1160,1160,1160,1160,0
2022-01-11 12:28:00,1160,1160,1160,1160,0
2022-01-11 12:29:00,1160,1160,1160,1160,0
2022-01-11 12:30:00,1160,1160,1160,1160,0
2022-01-11 12:31:00,1160,1160,1160,1160,0
2022-01-11 12:32:00,1160,1160,1160,1160,0
2022-01-11 12:33:00,1160,1160,1160,1160,0
2022-01-11 12:34:00,1160,1160,1160,1160,0
2022-01-11 12:35:00,1160,1160,1160,1160,0
2022-01-11 12:36:00,1160,1160,1160,1160,0
2022-01-11 12:37:00,1160,1160,1160,1160,0
2022-01-11 12:38:00,1160,1160,1160,1160,0
2022-01-11 12:39:00,1160,1160,1160,1160,0
2022-01-11 12:40:00,1160,1160,1160,1160,0
2022-01-11 12:41:00,1160,1160,1160,1160,0
2022-01-11 12:42:00,1160,1160,1160,1160,0
2022-01-11 12:43:00,1160,1160,1160,1160,0
2022-01-11 12:44:00,1160,1160,1160,1160,0
2022-01-11 12:45:00,1160,1160,1160,1160,0
2022-01-11 12:46:00,1160,1160,1160,1160,0
2022-01-11 12:47:00,1160,1160,1160,1160,0
2022-01-11 12:48:00,1160,1160,1160,1160,0
2022-01-11 12:49:00,1160,1160,1160,1160,0
2022-01-11 12:50:00,1160,1160,1160,1160,0
2022-01-11 12:51:00,1160,1160,1160,1160,0
2022-01-11 12:52:00,1160,1160,1160,1160,0
2022-01-11 12:53:00,1160,1160,1160,1160,0
2022-01-11 12:54:00,1160,1160,1160,1160,0
2022-01-11 12:55:00,1160,1160,1160,1160,0
2022-01-11 12:56:00,1160,1160,1160,1160,0
2022-01-11 12:57:00,1160,1160,1160,1160,0
2022-01-11 12:58:00,1160,1160,1160,1160,0
2022-01-11 12:59:00,1160,1160,1160,1160,0
2022-01-11 13:00:00,1160,1160,1160,1160,0
2022-01-11 13:01:00,1160,1160,1160,1160,0
2022-01-11 13:02:00,1160,1160,1160,1160,0
2022-01-11 13:03:00,1160,1160,1160,1160,0
2022-01-11 13:04:00,1160,1160,1160,1160,0
2022-01-11 13:05:00,1160,1160,1160,1160,0
2022-01-11 13:06:00,1160,1160,1160,1160,0
2022-01-11 13:07:00,1160,1160,1160,1160,0
2022-01-11 13:08:00,1160,1160,1160,1160,0
2022-01-11 13:09:00,1160,1160,1160,1160,0
2022-01-11 13:10:00,1160,1160,1160,1160,0
2022-01-11 13:11:00,1160,1160,1160,1160,0
2022-01-11 13:12:00,1160,1160,1160,1160,0
2022-01-11 13:13:00,1160,1160,1160,1160,0
2022-01-11 13:14:00,1160,1160,1160,1160,0
2022-01-11 13:15:00,1160,1160,1160,1160,0
2022-01-11 13:16:00,1160,1160,1160,1160,0
2022-01-11 13:17:00,1160,1160,1160,1160,0
2022-01-11 13:18:00,1160,1160,1160,1160,0
2022-01-11 13:19:00,1160,1160,1160,1160,0
2022-01-11 13:20:00,1160,1160,1160,1160,0
2022-01-11 13:21:00,1160,1160,1160,1160,0
2022-01-11 13:22:00,1160,1160,1160,1160,0
2022-01-11 13:23:00,1160,1160,1160,1160,0
2022-01-11 13:24:00,1160,1160,1160,1160,0
2022-01-11 13:25:00,1160,1160,1160,1160,0
2022-01-11 13:26:00,1160,1160,1160,1160,0
2022-01-11 13:27:00,1160,1160,1160,1160,0
2022-01-11 13:28:00,1160,1160,1160,1160,0
2022-01-11 13:29:00,1160,1160,1160,1160,0
2022-01-11 13:30:00,1160,1155,1160,1155,11100
2022-01-11 13:31:00,1160,1160,1160,1160,300
2022-01-11 13:32:00,1160,1160,1160,1160,0
2022-01-11 13:33:00,1160,1160,1160,1160,0
2022-01-11 13:34:00,1160,1160,1160,1160,0
2022-01-11 13:35:00,1155,1155,1155,1155,4500
2022-01-11 13:36:00,1155,1155,1155,1155,2500
2022-01-11 13:37:00,1160,1155,1160,1155,86100
2022-01-11 13:38:00,1160,1155,1160,1155,0
2022-01-11 13:39:00,1160,1155,1160,1155,0
2022-01-11 13:40:00,1150,1150,1150,1150,1100
2022-01-11 13:41:00,1150,1150,1150,1150,1500
2022-01-11 13:42:00,1150,1150,1150,1150,0
2022-01-11 13:43:00,1150,1150,1150,1150,0
2022-01-11 13:44:00,1150,1150,1150,1150,0
2022-01-11 13:45:00,1150,1150,1150,1150,0
2022-01-11 13:46:00,1150,1150,1150,1150,0
2022-01-11 13:47:00,1155,1155,1155,1155,2500
2022-01-11 13:48:00,1155,1155,1155,1155,0
2022-01-11 13:49:00,1155,1155,1155,1155,1100
2022-01-11 13:50:00,1155,1155,1155,1155,0
2022-01-11 13:51:00,1155,1155,1155,1155,0
2022-01-11 13:52:00,1155,1155,1155,1155,0
2022-01-11 13:53:00,1155,1155,1155,1155,0
2022-01-11 13:54:00,1150,1150,1150,1150,500
2022-01-11 13:55:00,1150,1150,1150,1150,0
2022-01-11 13:56:00,1150,1150,1150,1150,0
2022-01-11 13:57:00,1150,1150,1150,1150,3100
2022-01-11 13:58:00,1150,1150,1150,1150,5000
2022-01-11 13:59:00,1150,1150,1150,1150,0
2022-01-11 14:00:00,1150,1150,1150,1150,0
2022-01-11 14:01:00,1150,1150,1150,1150,0
2022-01-11 14:02:00,1150,1150,1150,1150,1000
2022-01-11 14:03:00,1150,1150,1150,1150,0
2022-01-11 14:04:00,1150,1150,1150,1150,0
2022-01-11 14:05:00,1150,1150,1150,1150,0
2022-01-11 14:06:00,1150,1150,1150,1150,0
2022-01-11 14:07:00,1150,1150,1150,1150,0
2022-01-11 14:08:00,1150,1150,1150,1150,0
2022-01-11 14:09:00,1150,1150,1150,1150,0
2022-01-11 14:10:00,1150,1150,1150,1150,0
2022-01-11 14:11:00,1150,1150,1150,1150,0
2022-01-11 14:12:00,1150,1150,1150,1150,0
2022-01-11 14:13:00,1150,1150,1150,1150,18400
2022-01-11 14:14:00,1150,1150,1150,1150,16500
2022-01-11 14:15:00,1150,1150,1150,1150,0
2022-01-11 14:16:00,1150,1150,1150,1150,0
2022-01-11 14:17:00,1150,1150,1150,1150,0
2022-01-11 14:18:00,1150,1150,1150,1150,0
2022-01-11 14:19:00,1150,1150,1150,1150,0
2022-01-11 14:20:00,1150,1150,1150,1150,0
2022-01-11 14:21:00,1150,1150,1150,1150,0
2022-01-11 14:22:00,1150,1150,1150,1150,0
2022-01-11 14:23:00,1150,1150,1150,1150,0
2022-01-11 14:24:00,1150,1150,1150,1150,0
2022-01-11 14:25:00,1150,1150,1150,1150,0
2022-01-11 14:26:00,1150,1150,1150,1150,0
2022-01-11 14:27:00,1150,1150,1150,1150,0
2022-01-11 14:28:00,1150,1150,1150,1150,0
2022-01-11 14:29:00,1150,1150,1150,1150,0
2022-01-11 14:30:00,1150,1150,1150,1150,0
2022-01-11 14:31:00,1150,1150,1150,1150,1300
2022-01-11 14:32:00,1150,1150,1150,1150,0
2022-01-11 14:33:00,1150,1150,1150,1150,0
2022-01-11 14:34:00,1150,1150,1150,1150,0
2022-01-11 14:35:00,1150,1150,1150,1150,0
2022-01-11 14:36:00,1150,1150,1150,1150,0
2022-01-11 14:37:00,1145,1145,1145,1145,1000
2022-01-11 14:38:00,1145,1145,1145,1145,19000
2022-01-11 14:39:00,1145,1145,1150,1150,4400
2022-01-11 14:40:00,1145,1145,1150,1150,0
2022-01-11 14:41:00,1145,1145,1150,1150,0
2022-01-11 14:42:00,1150,1150,1150,1150,100
2022-01-11 14:43:00,1145,1145,1145,1145,3000
2022-01-11 14:44:00,1145,1145,1145,1145,300
2022-01-11 14:45:00,1145,1140,1145,1140,23500
2022-01-11 14:46:00,1140,1135,1140,1135,76400
2022-01-11 14:47:00,1135,1135,1135,1135,500
2022-01-11 14:48:00,1135,1135,1135,1135,25400
2022-01-11 14:49:00,1135,1135,1155,1155,14000
2022-01-11 14:50:00,1135,1135,1155,1155,0
2022-01-11 14:51:00,1135,1135,1155,1155,0
2022-01-11 14:52:00,1135,1135,1155,1155,0
2022-01-11 14:53:00,1135,1135,1155,1155,0
2022-01-11 14:54:00,1135,1135,1155,1155,0
2022-01-11 14:55:00,1135,1135,1155,1155,0
2022-01-11 14:56:00,1135,1135,1155,1155,0
2022-01-11 14:57:00,1135,1135,1155,1155,0
2022-01-11 14:58:00,1135,1135,1155,1155,0
2022-01-11 14:59:00,1135,1135,1155,1155,0
2022-01-11 15:00:00,1150,1150,1150,1150,23100
2022-01-11 15:01:00,1150,1150,1150,1150,0
2022-01-11 15:02:00,1150,1150,1150,1150,0
2022-01-11 15:03:00,1150,1150,1150,1150,0
2022-01-11 15:04:00,1150,1150,1150,1150,0
2022-01-11 15:05:00,1150,1150,1150,1150,0
2022-01-11 15:06:00,1150,1150,1150,1150,0
2022-01-11 15:07:00,1150,1150,1150,1150,0
2022-01-11 15:08:00,1150,1150,1150,1150,0
2022-01-11 15:09:00,1150,1150,1150,1150,4000
2022-01-11 15:10:00,1150,1150,1150,1150,200000
2022-01-11 15:11:00,1150,1150,1150,1150,0
2022-01-11 15:12:00,1150,1150,1150,1150,0
2022-01-11 15:13:00,1150,1150,1150,1150,0
2022-01-11 15:14:00,1150,1150,1150,1150,100
2022-01-11 15:15:00,1150,1150,1150,1150,0
2022-01-11 15:16:00,1150,1150,1150,1150,0
2022-01-11 15:17:00,1150,1150,1150,1150,0
2022-01-11 15:18:00,1150,1150,1150,1150,0
2022-01-11 15:19:00,1150,1150,1150,1150,0
2022-01-11 15:20:00,1150,1150,1150,1150,0
2022-01-11 15:21:00,1150,1150,1150,1150,0
2022-01-11 15:22:00,1150,1150,1150,1150,0
2022-01-11 15:23:00,1150,1150,1150,1150,0
2022-01-11 15:24:00,1150,1150,1150,1150,0
2022-01-11 15:25:00,1150,1150,1150,1150,0
2022-01-11 15:26:00,1150,1150,1150,1150,0
2022-01-11 15:27:00,1150,1150,1150,1150,0
2022-01-11 15:28:00,1150,1150,1150,1150,0
2022-01-11 15:29:00,1150,1150,1150,1150,0
2022-01-11 15:30:00,1150,1150,1150,1150,0
2022-01-11 15:31:00,1150,1150,1150,1150,0
2022-01-11 15:32:00,1150,1150,1150,1150,0
2022-01-11 15:33:00,1150,1150,1150,1150,0
2022-01-11 15:34:00,1150,1150,1150,1150,0
2022-01-11 15:35:00,1150,1150,1150,1150,0
2022-01-11 15:36:00,1150,1150,1150,1150,0
2022-01-11 15:37:00,1150,1150,1150,1150,0
2022-01-11 15:38:00,1150,1150,1150,1150,0
2022-01-11 15:39:00,1150,1150,1150,1150,0
2022-01-11 15:40:00,1150,1150,1150,1150,0
2022-01-11 15:41:00,1150,1150,1150,1150,0
2022-01-11 15:42:00,1150,1150,1150,1150,0
2022-01-11 15:43:00,1150,1150,1150,1150,0
2022-01-11 15:44:00,1150,1150,1150,1150,0
2022-01-11 15:45:00,1150,1150,1150,1150,0
2022-01-11 15:46:00,1150,1150,1150,1150,0
2022-01-11 15:47:00,1150,1150,1150,1150,0
2022-01-11 15:48:00,1150,1150,1150,1150,0
2022-01-11 15:49:00,1150,1150,1150,1150,0
2022-01-11 15:50:00,1150,1150,1150,1150,0
2022-01-11 15:51:00,1150,1150,1150,1150,0
2022-01-11 15:52:00,1150,1150,1150,1150,0
2022-01-11 15:53:00,1150,1150,1150,1150,0
2022-01-11 15:54:00,1150,1150,1150,1150,0
2022-01-11 15:55:00,1150,1150,1150,1150,0
2022-01-11 15:56:00,1150,1150,1150,1150,0
2022-01-11 15:57:00,1150,1150,1150,1150,0
2022-01-11 15:58:00,1150,1150,1150,1150,0
2022-01-11 15:59:00,1150,1150,1150,1150,0
2022-01-12 09:00:00,1180,1150,1180,1150,0
2022-01-12 09:01:00,1180,1150,1180,1150,0
2022-01-12 09:02:00,1150,1140,1150,1140,260300
2022-01-12 09:03:00,1150,1140,1150,1140,0
2022-01-12 09:04:00,1145,1140,1150,1140,11600
2022-01-12 09:05:00,1145,1140,1150,1140,0
2022-01-12 09:06:00,1145,1140,1150,1140,0
2022-01-12 09:07:00,1145,1140,1150,1140,0
2022-01-12 09:08:00,1150,1150,1150,1150,10200
2022-01-12 09:09:00,1150,1150,1150,1150,100
2022-01-12 09:10:00,1150,1150,1160,1160,200
2022-01-12 09:11:00,1150,1150,1160,1160,0
2022-01-12 09:12:00,1155,1155,1155,1155,2000
2022-01-12 09:13:00,1155,1140,1155,1140,45500
2022-01-12 09:14:00,1140,1140,1140,1140,30100
2022-01-12 09:15:00,1140,1140,1140,1140,200
2022-01-12 09:16:00,1140,1140,1140,1140,8700
2022-01-12 09:17:00,1140,1140,1145,1145,1100
2022-01-12 09:18:00,1150,1150,1165,1165,343700
2022-01-12 09:19:00,1170,1170,1185,1180,770200
2022-01-12 09:20:00,1180,1160,1180,1160,216800
2022-01-12 09:21:00,1165,1165,1165,1165,202500
2022-01-12 09:22:00,1165,1155,1165,1155,83800
2022-01-12 09:23:00,1150,1150,1150,1150,200
2022-01-12 09:24:00,1150,1145,1150,1145,51500
2022-01-12 09:25:00,1150,1145,1150,1145,0
2022-01-12 09:26:00,1150,1145,1150,1145,0
2022-01-12 09:27:00,1155,1140,1155,1140,10900
2022-01-12 09:28:00,1155,1140,1155,1140,0
2022-01-12 09:29:00,1140,1140,1140,1140,100
2022-01-12 09:30:00,1155,1155,1155,1155,100
2022-01-12 09:31:00,1155,1155,1155,1155,0
2022-01-12 09:32:00,1155,1155,1155,1155,0
2022-01-12 09:33:00,1155,1155,1155,1155,0
2022-01-12 09:34:00,1140,1140,1140,1140,110700
2022-01-12 09:35:00,1140,1140,1140,1140,10000
2022-01-12 09:36:00,1140,1140,1140,1140,10100
2022-01-12 09:37:00,1140,1140,1140,1140,200
2022-01-12 09:38:00,1140,1140,1140,1140,52400
2022-01-12 09:39:00,1140,1140,1140,1140,0
2022-01-12 09:40:00,1135,1135,1135,1135,1900
2022-01-12 09:41:00,1135,1135,1135,1135,0
2022-01-12 09:42:00,1135,1135,1135,1135,100
2022-01-12 09:43:00,1135,1135,1135,1135,0
2022-01-12 09:44:00,1135,1135,1135,1135,0
2022-01-12 09:45:00,1135,1135,1135,1135,20200
2022-01-12 09:46:00,1135,1135,1135,1135,0
2022-01-12 09:47:00,1135,1135,1135,1135,5000
2022-01-12 09:48:00,1130,1130,1135,1135,9100
2022-01-12 09:49:00,1130,1130,1130,1130,200
2022-01-12 09:50:00,1130,1130,1130,1130,200
2022-01-12 09:51:00,1130,1130,1130,1130,100
2022-01-12 09:52:00,1130,1130,1135,1135,700
2022-01-12 09:53:00,1135,1135,1135,1135,10000
2022-01-12 09:54:00,1135,1135,1135,1135,100
2022-01-12 09:55:00,1135,1135,1135,1135,0
2022-01-12 09:56:00,1135,1135,1135,1135,0
2022-01-12 09:57:00,1135,1135,1135,1135,0
2022-01-12 09:58:00,1135,1135,1135,1135,0
2022-01-12 09:59:00,1135,1135,1135,1135,0
2022-01-12 10:00:00,1135,1135,1135,1135,100
2022-01-12 10:01:00,1135,1135,1135,1135,10000
2022-01-12 10:02:00,1135,1135,1135,1135,100
2022-01-12 10:03:00,1135,1135,1135,1135,0
2022-01-12 10:04:00,1135,1135,1135,1135,0
2022-01-12 10:05:00,1135,1135,1135,1135,0
2022-01-12 10:06:00,1130,1130,1130,1130,200
2022-01-12 10:07:00,1130,1130,1135,1135,600
2022-01-12 10:08:00,1135,1135,1135,1135,1000
2022-01-12 10:09:00,1130,1130,1130,1130,500
2022-01-12 10:10:00,1130,1130,1130,1130,0
2022-01-12 10:11:00,1130,1130,1130,1130,1000
2022-01-12 10:12:00,1130,1130,1130,1130,5000
2022-01-12 10:13:00,1130,1130,1130,1130,0
2022-01-12 10:14:00,1135,1135,1135,1135,200
2022-01-12 10:15:00,1135,1135,1135,1135,0
2022-01-12 10:16:00,1130,1130,1130,1130,100
2022-01-12 10:17:00,1130,1130,1130,1130,20400
2022-01-12 10:18:00,1130,1130,1130,1130,14200
2022-01-12 10:19:00,1130,1130,1130,1130,0
2022-01-12 10:20:00,1125,1125,1125,1125,11700
2022-01-12 10:21:00,1125,1120,1125,1120,52500
2022-01-12 10:22:00,1125,1120,1125,1120,0
2022-01-12 10:23:00,1125,1120,1125,1120,0
2022-01-12 10:24:00,1125,1120,1125,1120,0
2022-01-12 10:25:00,1125,1125,1125,1125,1600
2022-01-12 10:26:00,1120,1120,1120,1120,1900
2022-01-12 10:27:00,1120,1120,1120,1120,0
2022-01-12 10:28:00,1120,1120,1120,1120,0
2022-01-12 10:29:00,1120,1120,1120,1120,0
2022-01-12 10:30:00,1125,1120,1125,1120,29900
2022-01-12 10:31:00,1125,1120,1125,1120,0
2022-01-12 10:32:00,1125,1120,1125,1120,0
2022-01-12 10:33:00,1125,1120,1125,1120,0
2022-01-12 10:34:00,1125,1120,1125,1120,0
2022-01-12 10:35:00,1125,1120,1125,1120,0
2022-01-12 10:36:00,1125,1125,1125,1125,2500
2022-01-12 10:37:00,1125,1125,1125,1125,100
2022-01-12 10:38:00,1125,1125,1125,1125,1000
2022-01-12 10:39:00,1125,1125,1125,1125,100
2022-01-12 10:40:00,1125,1120,1125,1120,9800
2022-01-12 10:41:00,1120,1120,1120,1120,2500
2022-01-12 10:42:00,1120,1120,1120,1120,5000
2022-01-12 10:43:00,1120,1120,1120,1120,0
2022-01-12 10:44:00,1120,1120,1120,1120,0
2022-01-12 10:45:00,1120,1120,1120,1120,600
2022-01-12 10:46:00,1120,1120,1120,1120,100
2022-01-12 10:47:00,1115,1115,1115,1115,200
2022-01-12 10:48:00,1115,1115,1115,1115,0
2022-01-12 10:49:00,1115,1115,1115,1115,0
2022-01-12 10:50:00,1115,1115,1115,1115,0
2022-01-12 10:51:00,1125,1125,1125,1125,2100
2022-01-12 10:52:00,1125,1125,1125,1125,5600
2022-01-12 10:53:00,1125,1125,1125,1125,1000
2022-01-12 10:54:00,1125,1125,1125,1125,0
2022-01-12 10:55:00,1125,1125,1125,1125,0
2022-01-12 10:56:00,1125,1125,1125,1125,0
2022-01-12 10:57:00,1125,1125,1125,1125,1300
2022-01-12 10:58:00,1125,1125,1125,1125,0
2022-01-12 10:59:00,1125,1125,1125,1125,0
2022-01-12 11:00:00,1125,1125,1125,1125,0
2022-01-12 11:01:00,1125,1125,1125,1125,0
2022-01-12 11:02:00,1125,1125,1125,1125,0
2022-01-12 11:03:00,1125,1125,1125,1125,0
2022-01-12 11:04:00,1125,1125,1125,1125,0
2022-01-12 11:05:00,1125,1125,1125,1125,0
2022-01-12 11:06:00,1125,1125,1125,1125,0
2022-01-12 11:07:00,1125,1125,1125,1125,0
2022-01-12 11:08:00,1130,1130,1130,1130,5100
2022-01-12 11:09:00,1130,1130,1130,1130,100
2022-01-12 11:10:00,1130,1130,1130,1130,0
2022-01-12 11:11:00,1125,1125,1125,1125,24300
2022-01-12 11:12:00,1125,1125,1125,1125,0
2022-01-12 11:13:00,1125,1125,1125,1125,0
2022-01-12 11:14:00,1125,1125,1125,1125,500
2022-01-12 11:15:00,1125,1125,1125,1125,0
2022-01-12 11:16:00,1125,1125,1125,1125,3000
2022-01-12 11:17:00,1125,1125,1125,1125,0
2022-01-12 11:18:00,1125,1120,1125,1120,1400
2022-01-12 11:19:00,1125,1120,1125,1120,0
2022-01-12 11:20:00,1125,1120,1125,1120,0
2022-01-12 11:21:00,1125,1120,1125,1120,0
2022-01-12 11:22:00,1125,1120,1125,1120,0
2022-01-12 11:23:00,1125,1120,1125,1120,0
2022-01-12 11:24:00,1125,1120,1125,1120,0
2022-01-12 11:25:00,1125,1120,1125,1120,0
2022-01-12 11:26:00,1125,1120,1125,1120,0
2022-01-12 11:27:00,1125,1120,1125,1120,0
2022-01-12 11:28:00,1120,1120,1120,1120,10900
2022-01-12 11:29:00,1115,1115,1115,1115,200
2022-01-12 11:30:00,1115,1115,1115,1115,0
2022-01-12 11:31:00,1115,1115,1115,1115,0
2022-01-12 11:32:00,1115,1115,1115,1115,0
2022-01-12 11:33:00,1115,1115,1115,1115,0
2022-01-12 11:34:00,1115,1115,1115,1115,0
2022-01-12 11:35:00,1115,1115,1115,1115,0
2022-01-12 11:36:00,1115,1115,1115,1115,0
2022-01-12 11:37:00,1115,1115,1115,1115,0
2022-01-12 11:38:00,1115,1115,1115,1115,0
2022-01-12 11:39:00,1115,1115,1115,1115,0
2022-01-12 11:40:00,1115,1115,1115,1115,0
2022-01-12 11:41:00,1115,1115,1115,1115,0
2022-01-12 11:42:00,1115,1115,1115,1115,0
2022-01-12 11:43:00,1115,1115,1115,1115,0
2022-01-12 11:44:00,1115,1115,1115,1115,0
2022-01-12 11:45:00,1115,1115,1115,1115,0
2022-01-12 11:46:00,1115,1115,1115,1115,0
2022-01-12 11:47:00,1115,1115,1115,1115,0
2022-01-12 11:48:00,1115,1115,1115,1115,0
2022-01-12 11:49:00,1115,1115,1115,1115,0
2022-01-12 11:50:00,1115,1115,1115,1115,0
2022-01-12 11:51:00,1115,1115,1115,1115,0
2022-01-12 11:52:00,1115,1115,1115,1115,0
2022-01-12 11:53:00,1115,1115,1115,1115,0
2022-01-12 11:54:00,1115,1115,1115,1115,0
2022-01-12 11:55:00,1115,1115,1115,1115,0
2022-01-12 11:56:00,1115,1115,1115,1115,0
2022-01-12 11:57:00,1115,1115,1115,1115,0
2022-01-12 11:58:00,1115,1115,1115,1115,0
2022-01-12 11:59:00,1115,1115,1115,1115,0
2022-01-12 12:00:00,1115,1115,1115,1115,0
2022-01-12 12:01:00,1115,1115,1115,1115,0
2022-01-12 12:02:00,1115,1115,1115,1115,0
2022-01-12 12:03:00,1115,1115,1115,1115,0
2022-01-12 12:04:00,1115,1115,1115,1115,0
2022-01-12 12:05:00,1115,1115,1115,1115,0
2022-01-12 12:06:00,1115,1115,1115,1115,0
2022-01-12 12:07:00,1115,1115,1115,1115,0
2022-01-12 12:08:00,1115,1115,1115,1115,0
2022-01-12 12:09:00,1115,1115,1115,1115,0
2022-01-12 12:10:00,1115,1115,1115,1115,0
2022-01-12 12:11:00,1115,1115,1115,1115,0
2022-01-12 12:12:00,1115,1115,1115,1115,0
2022-01-12 12:13:00,1115,1115,1115,1115,0
2022-01-12 12:14:00,1115,1115,1115,1115,0
2022-01-12 12:15:00,1115,1115,1115,1115,0
2022-01-12 12:16:00,1115,1115,1115,1115,0
2022-01-12 12:17:00,1115,1115,1115,1115,0
2022-01-12 12:18:00,1115,1115,1115,1115,0
2022-01-12 12:19:00,1115,1115,1115,1115,0
2022-01-12 12:20:00,1115,1115,1115,1115,0
2022-01-12 12:21:00,1115,1115,1115,1115,0
2022-01-12 12:22:00,1115,1115,1115,1115,0
2022-01-12 12:23:00,1115,1115,1115,1115,0
2022-01-12 12:24:00,1115,1115,1115,1115,0
2022-01-12 12:25:00,1115,1115,1115,1115,0
2022-01-12 12:26:00,1115,1115,1115,1115,0
2022-01-12 12:27:00,1115,1115,1115,1115,0
2022-01-12 12:28:00,1115,1115,1115,1115,0
2022-01-12 12:29:00,1115,1115,1115,1115,0
2022-01-12 12:30:00,1115,1115,1115,1115,0
2022-01-12 12:31:00,1115,1115,1115,1115,0
2022-01-12 12:32:00,1115,1115,1115,1115,0
2022-01-12 12:33:00,1115,1115,1115,1115,0
2022-01-12 12:34:00,1115,1115,1115,1115,0
2022-01-12 12:35:00,1115,1115,1115,1115,0
2022-01-12 12:36:00,1115,1115,1115,1115,0
2022-01-12 12:37:00,1115,1115,1115,1115,0
2022-01-12 12:38:00,1115,1115,1115,1115,0
2022-01-12 12:39:00,1115,1115,1115,1115,0
2022-01-12 12:40:00,1115,1115,1115,1115,0
2022-01-12 12:41:00,1115,1115,1115,1115,0
2022-01-12 12:42:00,1115,1115,1115,1115,0
2022-01-12 12:43:00,1115,1115,1115,1115,0
2022-01-12 12:44:00,1115,1115,1115,1115,0
2022-01-12 12:45:00,1115,1115,1115,1115,0
2022-01-12 12:46:00,1115,1115,1115,1115,0
2022-01-12 12:47:00,1115,1115,1115,1115,0
2022-01-12 12:48:00,1115,1115,1115,1115,0
2022-01-12 12:49:00,1115,1115,1115,1115,0
2022-01-12 12:50:00,1115,1115,1115,1115,0
2022-01-12 12:51:00,1115,1115,1115,1115,0
2022-01-12 12:52:00,1115,1115,1115,1115,0
2022-01-12 12:53:00,1115,1115,1115,1115,0
2022-01-12 12:54:00,1115,1115,1115,1115,0
2022-01-12 12:55:00,1115,1115,1115,1115,0
2022-01-12 12:56:00,1115,1115,1115,1115,0
2022-01-12 12:57:00,1115,1115,1115,1115,0
2022-01-12 12:58:00,1115,1115,1115,1115,0
2022-01-12 12:59:00,1115,1115,1115,1115,0
2022-01-12 13:00:00,1115,1115,1115,1115,0
2022-01-12 13:01:00,1115,1115,1115,1115,0
2022-01-12 13:02:00,1115,1115,1115,1115,0
2022-01-12 13:03:00,1115,1115,1115,1115,0
2022-01-12 13:04:00,1115,1115,1115,1115,0
2022-01-12 13:05:00,1115,1115,1115,1115,0
2022-01-12 13:06:00,1115,1115,1115,1115,0
2022-01-12 13:07:00,1115,1115,1115,1115,0
2022-01-12 13:08:00,1115,1115,1115,1115,0
2022-01-12 13:09:00,1115,1115,1115,1115,0
2022-01-12 13:10:00,1115,1115,1115,1115,0
2022-01-12 13:11:00,1115,1115,1115,1115,0
2022-01-12 13:12:00,1115,1115,1115,1115,0
2022-01-12 13:13:00,1115,1115,1115,1115,0
2022-01-12 13:14:00,1115,1115,1115,1115,0
2022-01-12 13:15:00,1115,1115,1115,1115,0
2022-01-12 13:16:00,1115,1115,1115,1115,0
2022-01-12 13:17:00,1115,1115,1115,1115,0
2022-01-12 13:18:00,1115,1115,1115,1115,0
2022-01-12 13:19:00,1115,1115,1115,1115,0
2022-01-12 13:20:00,1115,1115,1115,1115,0
2022-01-12 13:21:00,1115,1115,1115,1115,0
2022-01-12 13:22:00,1115,1115,1115,1115,0
2022-01-12 13:23:00,1115,1115,1115,1115,0
2022-01-12 13:24:00,1115,1115,1115,1115,0
2022-01-12 13:25:00,1115,1115,1115,1115,0
2022-01-12 13:26:00,1115,1115,1115,1115,0
2022-01-12 13:27:00,1115,1115,1115,1115,0
2022-01-12 13:28:00,1115,1115,1115,1115,0
2022-01-12 13:29:00,1115,1115,1115,1115,0
2022-01-12 13:30:00,1115,1115,1125,1125,19800
2022-01-12 13:31:00,1130,1130,1130,1130,6400
2022-01-12 13:32:00,1125,1125,1125,1125,92400
2022-01-12 13:33:00,1125,1125,1125,1125,0
2022-01-12 13:34:00,1125,1125,1125,1125,0
2022-01-12 13:35:00,1130,1130,1130,1130,105300
2022-01-12 13:36:00,1130,1130,1135,1135,20400
2022-01-12 13:37:00,1130,1130,1135,1135,85000
2022-01-12 13:38:00,1130,1125,1130,1125,44700
2022-01-12 13:39:00,1125,1120,1125,1120,4200
2022-01-12 13:40:00,1125,1120,1125,1120,0
2022-01-12 13:41:00,1120,1120,1120,1120,65600
2022-01-12 13:42:00,1120,1120,1120,1120,0
2022-01-12 13:43:00,1120,1120,1120,1120,0
2022-01-12 13:44:00,1120,1120,1120,1120,0
2022-01-12 13:45:00,1120,1120,1120,1120,0
2022-01-12 13:46:00,1120,1120,1120,1120,0
2022-01-12 13:47:00,1115,1115,1115,1115,137800
2022-01-12 13:48:00,1110,1110,1115,1115,26000
2022-01-12 13:49:00,1115,1115,1115,1115,1300
2022-01-12 13:50:00,1110,1105,1110,1110,17500
2022-01-12 13:51:00,1105,1105,1110,1105,11100
2022-01-12 13:52:00,1105,1105,1110,1105,0
2022-01-12 13:53:00,1110,1110,1110,1110,200
2022-01-12 13:54:00,1110,1110,1110,1110,0
2022-01-12 13:55:00,1110,1105,1110,1105,32100
2022-01-12 13:56:00,1110,1105,1110,1105,0
2022-01-12 13:57:00,1105,1105,1105,1105,3700
2022-01-12 13:58:00,1105,1105,1105,1105,0
2022-01-12 13:59:00,1105,1105,1105,1105,0
2022-01-12 14:00:00,1105,1105,1105,1105,0
2022-01-12 14:01:00,1105,1105,1105,1105,10000
2022-01-12 14:02:00,1105,1105,1105,1105,0
2022-01-12 14:03:00,1105,1105,1105,1105,4000
2022-01-12 14:04:00,1105,1105,1105,1105,0
2022-01-12 14:05:00,1105,1105,1105,1105,17800
2022-01-12 14:06:00,1105,1105,1105,1105,0
2022-01-12 14:07:00,1105,1105,1105,1105,0
2022-01-12 14:08:00,1105,1105,1105,1105,0
2022-01-12 14:09:00,1105,1105,1105,1105,30800
2022-01-12 14:10:00,1105,1105,1105,1105,300
2022-01-12 14:11:00,1105,1105,1105,1105,0
2022-01-12 14:12:00,1105,1105,1105,1105,1900
2022-01-12 14:13:00,1100,1100,1105,1105,36400
2022-01-12 14:14:00,1105,1105,1105,1105,15300
2022-01-12 14:15:00,1105,1105,1105,1105,0
2022-01-12 14:16:00,1100,1100,1100,1100,10200
2022-01-12 14:17:00,1100,1100,1100,1100,35000
2022-01-12 14:18:00,1100,1100,1100,1100,34500
2022-01-12 14:19:00,1100,1095,1100,1095,3800
2022-01-12 14:20:00,1095,1095,1100,1100,65200
2022-01-12 14:21:00,1095,1095,1095,1095,10800
2022-01-12 14:22:00,1100,1095,1100,1095,27500
2022-01-12 14:23:00,1095,1095,1095,1095,27600
2022-01-12 14:24:00,1095,1095,1095,1095,9700
2022-01-12 14:25:00,1095,1095,1095,1095,11300
2022-01-12 14:26:00,1095,1095,1095,1095,0
2022-01-12 14:27:00,1095,1095,1095,1095,0
2022-01-12 14:28:00,1095,1095,1095,1095,3700
2022-01-12 14:29:00,1095,1095,1095,1095,0
2022-01-12 14:30:00,1095,1095,1095,1095,0
2022-01-12 14:31:00,1090,1090,1090,1090,15000
2022-01-12 14:32:00,1090,1080,1090,1080,291400
2022-01-12 14:33:00,1080,1075,1080,1075,78700
2022-01-12 14:34:00,1075,1075,1075,1075,41900
2022-01-12 14:35:00,1080,1075,1080,1075,1100
2022-01-12 14:36:00,1080,1075,1080,1075,9300
2022-01-12 14:37:00,1075,1075,1075,1075,7900
2022-01-12 14:38:00,1080,1080,1080,1080,2100
2022-01-12 14:39:00,1095,1085,1095,1085,30700
2022-01-12 14:40:00,1095,1095,1120,1120,28700
2022-01-12 14:41:00,1120,1115,1120,1115,8200
2022-01-12 14:42:00,1115,1110,1120,1110,79700
2022-01-12 14:43:00,1105,1105,1105,1105,2000
2022-01-12 14:44:00,1100,1100,1100,1100,14800
2022-01-12 14:45:00,1115,1115,1115,1115,4500
2022-01-12 14:46:00,1120,1105,1120,1105,1500
2022-01-12 14:47:00,1120,1105,1120,1105,35200
2022-01-12 14:48:00,1105,1105,1115,1115,1900
2022-01-12 14:49:00,1120,1110,1120,1110,38700
2022-01-12 14:50:00,1120,1110,1120,1110,0
2022-01-12 14:51:00,1120,1110,1120,1110,0
2022-01-12 14:52:00,1120,1110,1120,1110,0
2022-01-12 14:53:00,1120,1110,1120,1110,0
2022-01-12 14:54:00,1120,1110,1120,1110,0
2022-01-12 14:55:00,1120,1110,1120,1110,0
2022-01-12 14:56:00,1120,1110,1120,1110,0
2022-01-12 14:57:00,1120,1110,1120,1110,0
2022-01-12 14:58:00,1120,1110,1120,1110,0
2022-01-12 14:59:00,1120,1110,1120,1110,0
2022-01-12 15:00:00,1090,1090,1090,1090,185000
2022-01-12 15:01:00,1090,1090,1090,1090,22200
2022-01-12 15:02:00,1090,1090,1090,1090,400
2022-01-12 15:03:00,1090,1090,1090,1090,50000
2022-01-12 15:04:00,1090,1090,1090,1090,52300
2022-01-12 15:05:00,1090,1090,1090,1090,200
2022-01-12 15:06:00,1090,1090,1090,1090,0
2022-01-12 15:07:00,1090,1090,1090,1090,100
2022-01-12 15:08:00,1090,1090,1090,1090,0
2022-01-12 15:09:00,1090,1090,1090,1090,5000
2022-01-12 15:10:00,1090,1090,1090,1090,500
2022-01-12 15:11:00,1090,1090,1090,1090,7600
2022-01-12 15:12:00,1090,1090,1090,1090,2400
2022-01-12 15:13:00,1090,1090,1090,1090,0
2022-01-12 15:14:00,1090,1090,1090,1090,0
2022-01-12 15:15:00,1090,1090,1090,1090,0
2022-01-12 15:16:00,1090,1090,1090,1090,0
2022-01-12 15:17:00,1090,1090,1090,1090,0
2022-01-12 15:18:00,1090,1090,1090,1090,0
2022-01-12 15:19:00,1090,1090,1090,1090,0
2022-01-12 15:20:00,1090,1090,1090,1090,0
2022-01-12 15:21:00,1090,1090,1090,1090,0
2022-01-12 15:22:00,1090,1090,1090,1090,0
2022-01-12 15:23:00,1090,1090,1090,1090,0
2022-01-12 15:24:00,1090,1090,1090,1090,0
2022-01-12 15:25:00,1090,1090,1090,1090,0
2022-01-12 15:26:00,1090,1090,1090,1090,0
2022-01-12 15:27:00,1090,1090,1090,1090,0
2022-01-12 15:28:00,1090,1090,1090,1090,0
2022-01-12 15:29:00,1090,1090,1090,1090,0
2022-01-12 15:30:00,1090,1090,1090,1090,0
2022-01-12 15:31:00,1090,1090,1090,1090,0
2022-01-12 15:32:00,1090,1090,1090,1090,0
2022-01-12 15:33:00,1090,1090,1090,1090,0
2022-01-12 15:34:00,1090,1090,1090,1090,0
2022-01-12 15:35:00,1090,1090,1090,1090,0
2022-01-12 15:36:00,1090,1090,1090,1090,0
2022-01-12 15:37:00,1090,1090,1090,1090,0
2022-01-12 15:38:00,1090,1090,1090,1090,0
2022-01-12 15:39:00,1090,1090,1090,1090,0
2022-01-12 15:40:00,1090,1090,1090,1090,0
2022-01-12 15:41:00,1090,1090,1090,1090,0
2022-01-12 15:42:00,1090,1090,1090,1090,0
2022-01-12 15:43:00,1090,1090,1090,1090,0
2022-01-12 15:44:00,1090,1090,1090,1090,0
2022-01-12 15:45:00,1090,1090,1090,1090,0
2022-01-12 15:46:00,1090,1090,1090,1090,0
2022-01-12 15:47:00,1090,1090,1090,1090,0
2022-01-12 15:48:00,1090,1090,1090,1090,0
2022-01-12 15:49:00,1090,1090,1090,1090,0
2022-01-12 15:50:00,1090,1090,1090,1090,0
2022-01-12 15:51:00,1090,1090,1090,1090,0
2022-01-12 15:52:00,1090,1090,1090,1090,0
2022-01-12 15:53:00,1090,1090,1090,1090,0
2022-01-12 15:54:00,1090,1090,1090,1090,0
2022-01-12 15:55:00,1090,1090,1090,1090,0
2022-01-12 15:56:00,1090,1090,1090,1090,0
2022-01-12 15:57:00,1090,1090,1090,1090,0
2022-01-12 15:58:00,1090,1090,1090,1090,0
2022-01-12 15:59:00,1090,1090,1090,1090,0
2022-01-13 09:00:00,1090,1090,1090,1090,0
2022-01-13 09:01:00,1100,1095,1100,1095,3700
2022-01-13 09:02:00,1110,1110,1110,1110,5000
2022-01-13 09:03:00,1110,1110,1110,1110,400
2022-01-13 09:04:00,1110,1110,1110,1110,20700
2022-01-13 09:05:00,1110,1110,1110,1110,1700
2022-01-13 09:06:00,1110,1110,1110,1110,20000
2022-01-13 09:07:00,1110,1110,1110,1110,0
2022-01-13 09:08:00,1110,1110,1110,1110,1100
2022-01-13 09:09:00,1105,1105,1105,1105,4000
2022-01-13 09:10:00,1105,1105,1105,1105,1900
2022-01-13 09:11:00,1105,1105,1105,1105,0
2022-01-13 09:12:00,1105,1105,1105,1105,0
2022-01-13 09:13:00,1105,1105,1105,1105,0
2022-01-13 09:14:00,1100,1100,1100,1100,12900
2022-01-13 09:15:00,1095,1095,1095,1095,14700
2022-01-13 09:16:00,1095,1095,1095,1095,1500
2022-01-13 09:17:00,1095,1095,1095,1095,0
2022-01-13 09:18:00,1095,1095,1095,1095,0
2022-01-13 09:19:00,1095,1095,1095,1095,0
2022-01-13 09:20:00,1095,1095,1095,1095,0
2022-01-13 09:21:00,1090,1090,1090,1090,7500
2022-01-13 09:22:00,1090,1090,1090,1090,20000
2022-01-13 09:23:00,1085,1085,1085,1085,20300
2022-01-13 09:24:00,1085,1085,1085,1085,10500
2022-01-13 09:25:00,1080,1075,1080,1080,56500
2022-01-13 09:26:00,1080,1080,1080,1080,7300
2022-01-13 09:27:00,1080,1080,1080,1080,0
2022-01-13 09:28:00,1090,1085,1095,1095,56400
2022-01-13 09:29:00,1090,1085,1095,1095,277900
2022-01-13 09:30:00,1085,1085,1085,1085,1800
2022-01-13 09:31:00,1095,1085,1095,1085,28800
2022-01-13 09:32:00,1085,1085,1090,1090,6300
2022-01-13 09:33:00,1085,1085,1090,1090,0
2022-01-13 09:34:00,1095,1090,1095,1090,3300
2022-01-13 09:35:00,1095,1095,1095,1095,2000
2022-01-13 09:36:00,1095,1095,1095,1095,6400
2022-01-13 09:37:00,1095,1095,1095,1095,0
2022-01-13 09:38:00,1095,1095,1095,1095,25600
2022-01-13 09:39:00,1095,1095,1095,1095,0
2022-01-13 09:40:00,1095,1095,1095,1095,0
2022-01-13 09:41:00,1095,1095,1095,1095,0
2022-01-13 09:42:00,1095,1095,1095,1095,0
2022-01-13 09:43:00,1095,1090,1095,1090,13200
2022-01-13 09:44:00,1095,1090,1095,1090,0
2022-01-13 09:45:00,1095,1090,1095,1090,0
2022-01-13 09:46:00,1095,1090,1095,1090,0
2022-01-13 09:47:00,1090,1090,1090,1090,100
2022-01-13 09:48:00,1090,1090,1090,1090,100
2022-01-13 09:49:00,1090,1090,1090,1090,0
2022-01-13 09:50:00,1090,1090,1090,1090,0
2022-01-13 09:51:00,1090,1090,1090,1090,0
2022-01-13 09:52:00,1085,1085,1085,1085,400
2022-01-13 09:53:00,1085,1085,1085,1085,0
2022-01-13 09:54:00,1085,1085,1085,1085,0
2022-01-13 09:55:00,1085,1085,1085,1085,0
2022-01-13 09:56:00,1085,1085,1085,1085,0
2022-01-13 09:57:00,1085,1085,1085,1085,0
2022-01-13 09:58:00,1085,1085,1085,1085,0
2022-01-13 09:59:00,1085,1085,1085,1085,33200
2022-01-13 10:00:00,1080,1080,1080,1080,6800
2022-01-13 10:01:00,1080,1080,1080,1080,5100
2022-01-13 10:02:00,1080,1080,1080,1080,3200
2022-01-13 10:03:00,1080,1080,1080,1080,0
2022-01-13 10:04:00,1080,1080,1080,1080,0
2022-01-13 10:05:00,1080,1080,1080,1080,14000
2022-01-13 10:06:00,1080,1080,1080,1080,0
2022-01-13 10:07:00,1080,1080,1080,1080,0
2022-01-13 10:08:00,1080,1080,1080,1080,0
2022-01-13 10:09:00,1080,1080,1080,1080,0
2022-01-13 10:10:00,1080,1080,1080,1080,0
2022-01-13 10:11:00,1085,1085,1100,1100,54700
2022-01-13 10:12:00,1085,1085,1100,1100,0
2022-01-13 10:13:00,1100,1100,1110,1110,20100
2022-01-13 10:14:00,1100,1100,1110,1110,0
2022-01-13 10:15:00,1110,1110,1110,1110,1000
2022-01-13 10:16:00,1110,1110,1110,1110,0
2022-01-13 10:17:00,1110,1110,1110,1110,0
2022-01-13 10:18:00,1105,1100,1105,1100,2500
2022-01-13 10:19:00,1105,1100,1105,1100,0
2022-01-13 10:20:00,1100,1100,1100,1100,11000
2022-01-13 10:21:00,1110,1110,1110,1110,1500
2022-01-13 10:22:00,1110,1110,1110,1110,500
2022-01-13 10:23:00,1110,1110,1110,1110,3800
2022-01-13 10:24:00,1115,1100,1115,1100,314400
2022-01-13 10:25:00,1105,1105,1105,1105,9300
2022-01-13 10:26:00,1105,1105,1105,1105,700
2022-01-13 10:27:00,1105,1105,1105,1105,300
2022-01-13 10:28:00,1105,1105,1105,1105,0
2022-01-13 10:29:00,1105,1105,1105,1105,0
2022-01-13 10:30:00,1105,1105,1105,1105,0
2022-01-13 10:31:00,1105,1105,1105,1105,0
2022-01-13 10:32:00,1105,1105,1105,1105,0
2022-01-13 10:33:00,1105,1105,1105,1105,0
2022-01-13 10:34:00,1105,1105,1105,1105,0
2022-01-13 10:35:00,1105,1105,1105,1105,0
2022-01-13 10:36:00,1105,1105,1105,1105,0
2022-01-13 10:37:00,1105,1100,1105,1100,20000
2022-01-13 10:38:00,1105,1100,1105,1100,0
2022-01-13 10:39:00,1105,1100,1105,1100,0
2022-01-13 10:40:00,1105,1100,1105,1100,0
2022-01-13 10:41:00,1105,1100,1105,1100,0
2022-01-13 10:42:00,1105,1100,1105,1100,0
2022-01-13 10:43:00,1105,1105,1105,1105,1000
2022-01-13 10:44:00,1105,1105,1105,1105,0
2022-01-13 10:45:00,1100,1100,1100,1100,2000
2022-01-13 10:46:00,1100,1100,1100,1100,0
2022-01-13 10:47:00,1100,1100,1100,1100,500
2022-01-13 10:48:00,1100,1100,1100,1100,0
2022-01-13 10:49:00,1100,1100,1100,1100,0
2022-01-13 10:50:00,1100,1100,1100,1100,0
2022-01-13 10:51:00,1100,1100,1100,1100,600
2022-01-13 10:52:00,1100,1100,1100,1100,0
2022-01-13 10:53:00,1100,1100,1100,1100,0
2022-01-13 10:54:00,1100,1100,1100,1100,0
2022-01-13 10:55:00,1100,1100,1100,1100,0
2022-01-13 10:56:00,1100,1100,1100,1100,0
2022-01-13 10:57:00,1100,1100,1100,1100,4300
2022-01-13 10:58:00,1105,1105,1105,1105,1000
2022-01-13 10:59:00,1105,1105,1105,1105,0
2022-01-13 11:00:00,1105,1105,1105,1105,0
2022-01-13 11:01:00,1105,1105,1105,1105,0
2022-01-13 11:02:00,1105,1105,1105,1105,0
2022-01-13 11:03:00,1105,1105,1105,1105,0
2022-01-13 11:04:00,1100,1100,1100,1100,20000
2022-01-13 11:05:00,1100,1100,1100,1100,1800
2022-01-13 11:06:00,1100,1100,1100,1100,0
2022-01-13 11:07:00,1100,1100,1100,1100,0
2022-01-13 11:08:00,1100,1100,1100,1100,4200
2022-01-13 11:09:00,1100,1100,1100,1100,0
2022-01-13 11:10:00,1100,1100,1100,1100,0
2022-01-13 11:11:00,1100,1100,1100,1100,0
2022-01-13 11:12:00,1100,1100,1100,1100,0
2022-01-13 11:13:00,1100,1100,1100,1100,0
2022-01-13 11:14:00,1100,1100,1100,1100,0
2022-01-13 11:15:00,1100,1100,1100,1100,0
2022-01-13 11:16:00,1100,1100,1100,1100,0
2022-01-13 11:17:00,1100,1100,1100,1100,0
2022-01-13 11:18:00,1100,1100,1100,1100,0
2022-01-13 11:19:00,1100,1100,1100,1100,20000
2022-01-13 11:20:00,1100,1100,1100,1100,0
2022-01-13 11:21:00,1100,1100,1100,1100,0
2022-01-13 11:22:00,1100,1100,1100,1100,0
2022-01-13 11:23:00,1100,1100,1100,1100,0
2022-01-13 11:24:00,1100,1100,1100,1100,0
2022-01-13 11:25:00,1100,1100,1100,1100,0
2022-01-13 11:26:00,1100,1100,1100,1100,0
2022-01-13 11:27:00,1100,1100,1100,1100,0
2022-01-13 11:28:00,1100,1100,1100,1100,0
2022-01-13 11:29:00,1100,1100,1100,1100,0
2022-01-13 11:30:00,1100,1100,1100,1100,0
2022-01-13 11:31:00,1100,1100,1100,1100,0
2022-01-13 11:32:00,1100,1100,1100,1100,0
2022-01-13 11:33:00,1100,1100,1100,1100,0
2022-01-13 11:34:00,1100,1100,1100,1100,0
2022-01-13 11:35:00,1100,1100,1100,1100,0
2022-01-13 11:36:00,1100,1100,1100,1100,0
2022-01-13 11:37:00,1100,1100,1100,1100,0
2022-01-13 11:38:00,1100,1100,1100,1100,0
2022-01-13 11:39:00,1100,1100,1100,1100,0
2022-01-13 11:40:00,1100,1100,1100,1100,0
2022-01-13 11:41:00,1100,1100,1100,1100,0
2022-01-13 11:42:00,1100,1100,1100,1100,0
2022-01-13 11:43:00,1100,1100,1100,1100,0
2022-01-13 11:44:00,1100,1100,1100,1100,0
2022-01-13 11:45:00,1100,1100,1100,1100,0
2022-01-13 11:46:00,1100,1100,1100,1100,0
2022-01-13 11:47:00,1100,1100,1100,1100,0
2022-01-13 11:48:00,1100,1100,1100,1100,0
2022-01-13 11:49:00,1100,1100,1100,1100,0
2022-01-13 11:50:00,1100,1100,1100,1100,0
2022-01-13 11:51:00,1100,1100,1100,1100,0
2022-01-13 11:52:00,1100,1100,1100,1100,0
2022-01-13 11:53:00,1100,1100,1100,1100,0
2022-01-13 11:54:00,1100,1100,1100,1100,0
2022-01-13 11:55:00,1100,1100,1100,1100,0
2022-01-13 11:56:00,1100,1100,1100,1100,0
2022-01-13 11:57:00,1100,1100,1100,1100,0
2022-01-13 11:58:00,1100,1100,1100,1100,0
2022-01-13 11:59:00,1100,1100,1100,1100,0
2022-01-13 12:00:00,1100,1100,1100,1100,0
2022-01-13 12:01:00,1100,1100,1100,1100,0
2022-01-13 12:02:00,1100,1100,1100,1100,0
2022-01-13 12:03:00,1100,1100,1100,1100,0
2022-01-13 12:04:00,1100,1100,1100,1100,0
2022-01-13 12:05:00,1100,1100,1100,1100,0
2022-01-13 12:06:00,1100,1100,1100,1100,0
2022-01-13 12:07:00,1100,1100,1100,1100,0
2022-01-13 12:08:00,1100,1100,1100,1100,0
2022-01-13 12:09:00,1100,1100,1100,1100,0
2022-01-13 12:10:00,1100,1100,1100,1100,0
2022-01-13 12:11:00,1100,1100,1100,1100,0
2022-01-13 12:12:00,1100,1100,1100,1100,0
2022-01-13 12:13:00,1100,1100,1100,1100,0
2022-01-13 12:14:00,1100,1100,1100,1100,0
2022-01-13 12:15:00,1100,1100,1100,1100,0
2022-01-13 12:16:00,1100,1100,1100,1100,0
2022-01-13 12:17:00,1100,1100,1100,1100,0
2022-01-13 12:18:00,1100,1100,1100,1100,0
2022-01-13 12:19:00,1100,1100,1100,1100,0
2022-01-13 12:20:00,1100,1100,1100,1100,0
2022-01-13 12:21:00,1100,1100,1100,1100,0
2022-01-13 12:22:00,1100,1100,1100,1100,0
2022-01-13 12:23:00,1100,1100,1100,1100,0
2022-01-13 12:24:00,1100,1100,1100,1100,0
2022-01-13 12:25:00,1100,1100,1100,1100,0
2022-01-13 12:26:00,1100,1100,1100,1100,0
2022-01-13 12:27:00,1100,1100,1100,1100,0
2022-01-13 12:28:00,1100,1100,1100,1100,0
2022-01-13 12:29:00,1100,1100,1100,1100,0
2022-01-13 12:30:00,1100,1100,1100,1100,0
2022-01-13 12:31:00,1100,1100,1100,1100,0
2022-01-13 12:32:00,1100,1100,1100,1100,0
2022-01-13 12:33:00,1100,1100,1100,1100,0
2022-01-13 12:34:00,1100,1100,1100,1100,0
2022-01-13 12:35:00,1100,1100,1100,1100,0
2022-01-13 12:36:00,1100,1100,1100,1100,0
2022-01-13 12:37:00,1100,1100,1100,1100,0
2022-01-13 12:38:00,1100,1100,1100,1100,0
2022-01-13 12:39:00,1100,1100,1100,1100,0
2022-01-13 12:40:00,1100,1100,1100,1100,0
2022-01-13 12:41:00,1100,1100,1100,1100,0
2022-01-13 12:42:00,1100,1100,1100,1100,0
2022-01-13 12:43:00,1100,1100,1100,1100,0
2022-01-13 12:44:00,1100,1100,1100,1100,0
2022-01-13 12:45:00,1100,1100,1100,1100,0
2022-01-13 12:46:00,1100,1100,1100,1100,0
2022-01-13 12:47:00,1100,1100,1100,1100,0
2022-01-13 12:48:00,1100,1100,1100,1100,0
2022-01-13 12:49:00,1100,1100,1100,1100,0
2022-01-13 12:50:00,1100,1100,1100,1100,0
2022-01-13 12:51:00,1100,1100,1100,1100,0
2022-01-13 12:52:00,1100,1100,1100,1100,0
2022-01-13 12:53:00,1100,1100,1100,1100,0
2022-01-13 12:54:00,1100,1100,1100,1100,0
2022-01-13 12:55:00,1100,1100,1100,1100,0
2022-01-13 12:56:00,1100,1100,1100,1100,0
2022-01-13 12:57:00,1100,1100,1100,1100,0
2022-01-13 12:58:00,1100,1100,1100,1100,0
2022-01-13 12:59:00,1100,1100,1100,1100,0
2022-01-13 13:00:00,1100,1100,1100,1100,0
2022-01-13 13:01:00,1100,1100,1100,1100,0
2022-01-13 13:02:00,1100,1100,1100,1100,0
2022-01-13 13:03:00,1100,1100,1100,1100,0
2022-01-13 13:04:00,1100,1100,1100,1100,0
2022-01-13 13:05:00,1100,1100,1100,1100,0
2022-01-13 13:06:00,1100,1100,1100,1100,0
2022-01-13 13:07:00,1100,1100,1100,1100,0
2022-01-13 13:08:00,1100,1100,1100,1100,0
2022-01-13 13:09:00,1100,1100,1100,1100,0
2022-01-13 13:10:00,1100,1100,1100,1100,0
2022-01-13 13:11:00,1100,1100,1100,1100,0
2022-01-13 13:12:00,1100,1100,1100,1100,0
2022-01-13 13:13:00,1100,1100,1100,1100,0
2022-01-13 13:14:00,1100,1100,1100,1100,0
2022-01-13 13:15:00,1100,1100,1100,1100,0
2022-01-13 13:16:00,1100,1100,1100,1100,0
2022-01-13 13:17:00,1100,1100,1100,1100,0
2022-01-13 13:18:00,1100,1100,1100,1100,0
2022-01-13 13:19:00,1100,1100,1100,1100,0
2022-01-13 13:20:00,1100,1100,1100,1100,0
2022-01-13 13:21:00,1100,1100,1100,1100,0
2022-01-13 13:22:00,1100,1100,1100,1100,0
2022-01-13 13:23:00,1100,1100,1100,1100,0
2022-01-13 13:24:00,1100,1100,1100,1100,0
2022-01-13 13:25:00,1100,1100,1100,1100,0
2022-01-13 13:26:00,1100,1100,1100,1100,0
2022-01-13 13:27:00,1100,1100,1100,1100,0
2022-01-13 13:28:00,1100,1100,1100,1100,0
2022-01-13 13:29:00,1100,1100,1100,1100,0
2022-01-13 13:30:00,1100,1095,1100,1095,279300
2022-01-13 13:31:00,1100,1100,1100,1100,46600
2022-01-13 13:32:00,1100,1100,1100,1100,0
2022-01-13 13:33:00,1100,1100,1100,1100,3500
2022-01-13 13:34:00,1100,1100,1100,1100,600
2022-01-13 13:35:00,1100,1100,1100,1100,3700
2022-01-13 13:36:00,1100,1100,1100,1100,0
2022-01-13 13:37:00,1100,1100,1100,1100,7600
2022-01-13 13:38:00,1100,1100,1100,1100,3300
2022-01-13 13:39:00,1100,1100,1100,1100,1700
2022-01-13 13:40:00,1100,1100,1100,1100,0
2022-01-13 13:41:00,1100,1100,1100,1100,7800
2022-01-13 13:42:00,1105,1105,1110,1110,11300
2022-01-13 13:43:00,1110,1110,1110,1110,2000
2022-01-13 13:44:00,1110,1105,1115,1110,324100
2022-01-13 13:45:00,1110,1105,1115,1110,0
2022-01-13 13:46:00,1105,1105,1105,1105,5200
2022-01-13 13:47:00,1105,1105,1105,1105,0
2022-01-13 13:48:00,1115,1115,1115,1115,39900
2022-01-13 13:49:00,1120,1120,1120,1120,1000
2022-01-13 13:50:00,1115,1115,1115,1115,8100
2022-01-13 13:51:00,1115,1115,1115,1115,2900
2022-01-13 13:52:00,1115,1115,1115,1115,0
2022-01-13 13:53:00,1115,1115,1115,1115,0
2022-01-13 13:54:00,1115,1115,1115,1115,6000
2022-01-13 13:55:00,1115,1115,1115,1115,0
2022-01-13 13:56:00,1120,1120,1125,1125,327600
2022-01-13 13:57:00,1120,1120,1120,1120,32000
2022-01-13 13:58:00,1120,1120,1125,1125,391700
2022-01-13 13:59:00,1125,1125,1130,1130,57800
2022-01-13 14:00:00,1125,1125,1130,1130,319000
2022-01-13 14:01:00,1130,1130,1140,1135,66300
2022-01-13 14:02:00,1130,1115,1130,1115,29000
2022-01-13 14:03:00,1130,1115,1130,1115,0
2022-01-13 14:04:00,1130,1115,1130,1115,0
2022-01-13 14:05:00,1120,1120,1120,1120,5200
2022-01-13 14:06:00,1120,1120,1120,1120,1000
2022-01-13 14:07:00,1120,1120,1120,1120,14100
2022-01-13 14:08:00,1120,1120,1120,1120,0
2022-01-13 14:09:00,1120,1120,1120,1120,3600
2022-01-13 14:10:00,1130,1130,1145,1140,155600
2022-01-13 14:11:00,1140,1130,1140,1140,563000
2022-01-13 14:12:00,1145,1140,1150,1145,445700
2022-01-13 14:13:00,1145,1140,1155,1155,588700
2022-01-13 14:14:00,1155,1150,1155,1150,56300
2022-01-13 14:15:00,1150,1150,1160,1160,656100
2022-01-13 14:16:00,1160,1155,1165,1160,331100
2022-01-13 14:17:00,1160,1160,1170,1165,71000
2022-01-13 14:18:00,1165,1155,1165,1155,86400
2022-01-13 14:19:00,1155,1155,1165,1160,37800
2022-01-13 14:20:00,1165,1160,1165,1165,238600
2022-01-13 14:21:00,1165,1165,1170,1170,253500
2022-01-13 14:22:00,1170,1170,1175,1170,260900
2022-01-13 14:23:00,1165,1165,1170,1170,215600
2022-01-13 14:24:00,1170,1165,1170,1165,79900
2022-01-13 14:25:00,1165,1165,1170,1165,404200
2022-01-13 14:26:00,1165,1160,1165,1160,223900
2022-01-13 14:27:00,1160,1160,1165,1165,242400
2022-01-13 14:28:00,1165,1165,1165,1165,50400
2022-01-13 14:29:00,1165,1165,1165,1165,3200
2022-01-13 14:30:00,1165,1160,1165,1160,10400
2022-01-13 14:31:00,1160,1160,1160,1160,5000
2022-01-13 14:32:00,1160,1160,1160,1160,30700
2022-01-13 14:33:00,1160,1150,1160,1150,51200
2022-01-13 14:34:00,1160,1150,1160,1150,0
2022-01-13 14:35:00,1150,1150,1150,1150,40100
2022-01-13 14:36:00,1150,1150,1150,1150,13000
2022-01-13 14:37:00,1150,1150,1150,1150,2700
2022-01-13 14:38:00,1150,1150,1150,1150,17500
2022-01-13 14:39:00,1145,1145,1145,1145,5000
2022-01-13 14:40:00,1145,1145,1145,1145,2000
2022-01-13 14:41:00,1145,1145,1145,1145,4300
2022-01-13 14:42:00,1145,1145,1145,1145,0
2022-01-13 14:43:00,1145,1145,1145,1145,0
2022-01-13 14:44:00,1145,1145,1145,1145,0
2022-01-13 14:45:00,1145,1145,1145,1145,0
2022-01-13 14:46:00,1145,1145,1145,1145,0
2022-01-13 14:47:00,1145,1145,1145,1145,0
2022-01-13 14:48:00,1145,1145,1145,1145,0
2022-01-13 14:49:00,1155,1155,1155,1155,0
2022-01-13 14:50:00,1155,1155,1155,1155,0
2022-01-13 14:51:00,1155,1155,1155,1155,0
2022-01-13 14:52:00,1155,1155,1155,1155,0
2022-01-13 14:53:00,1155,1155,1155,1155,0
2022-01-13 14:54:00,1155,1155,1155,1155,0
2022-01-13 14:55:00,1155,1155,1155,1155,0
2022-01-13 14:56:00,1155,1155,1155,1155,0
2022-01-13 14:57:00,1155,1155,1155,1155,0
2022-01-13 14:58:00,1155,1155,1155,1155,0
2022-01-13 14:59:00,1155,1155,1155,1155,0
2022-01-13 15:00:00,1165,1165,1165,1165,8554000
2022-01-13 15:01:00,1165,1165,1165,1165,7900
2022-01-13 15:02:00,1165,1165,1165,1165,14000
2022-01-13 15:03:00,1165,1165,1165,1165,100
2022-01-13 15:04:00,1165,1165,1165,1165,500
2022-01-13 15:05:00,1165,1165,1165,1165,0
2022-01-13 15:06:00,1165,1165,1165,1165,0
2022-01-13 15:07:00,1165,1165,1165,1165,33200
2022-01-13 15:08:00,1165,1165,1165,1165,0
2022-01-13 15:09:00,1165,1165,1165,1165,0
2022-01-13 15:10:00,1165,1165,1165,1165,0
2022-01-13 15:11:00,1165,1165,1165,1165,0
2022-01-13 15:12:00,1165,1165,1165,1165,0
2022-01-13 15:13:00,1165,1165,1165,1165,56500
2022-01-13 15:14:00,1165,1165,1165,1165,5000
2022-01-13 15:15:00,1165,1165,1165,1165,0
2022-01-13 15:16:00,1165,1165,1165,1165,0
2022-01-13 15:17:00,1165,1165,1165,1165,0
2022-01-13 15:18:00,1165,1165,1165,1165,0
2022-01-13 15:19:00,1165,1165,1165,1165,0
2022-01-13 15:20:00,1165,1165,1165,1165,0
2022-01-13 15:21:00,1165,1165,1165,1165,0
2022-01-13 15:22:00,1165,1165,1165,1165,0
2022-01-13 15:23:00,1165,1165,1165,1165,0
2022-01-13 15:24:00,1165,1165,1165,1165,0
2022-01-13 15:25:00,1165,1165,1165,1165,0
2022-01-13 15:26:00,1165,1165,1165,1165,0
2022-01-13 15:27:00,1165,1165,1165,1165,0
2022-01-13 15:28:00,1165,1165,1165,1165,0
2022-01-13 15:29:00,1165,1165,1165,1165,0
2022-01-13 15:30:00,1165,1165,1165,1165,0
2022-01-13 15:31:00,1165,1165,1165,1165,0
2022-01-13 15:32:00,1165,1165,1165,1165,0
2022-01-13 15:33:00,1165,1165,1165,1165,0
2022-01-13 15:34:00,1165,1165,1165,1165,0
2022-01-13 15:35:00,1165,1165,1165,1165,0
2022-01-13 15:36:00,1165,1165,1165,1165,0
2022-01-13 15:37:00,1165,1165,1165,1165,0
2022-01-13 15:38:00,1165,1165,1165,1165,0
2022-01-13 15:39:00,1165,1165,1165,1165,0
2022-01-13 15:40:00,1165,1165,1165,1165,0
2022-01-13 15:41:00,1165,1165,1165,1165,0
2022-01-13 15:42:00,1165,1165,1165,1165,0
2022-01-13 15:43:00,1165,1165,1165,1165,0
2022-01-13 15:44:00,1165,1165,1165,1165,0
2022-01-13 15:45:00,1165,1165,1165,1165,0
2022-01-13 15:46:00,1165,1165,1165,1165,0
2022-01-13 15:47:00,1165,1165,1165,1165,0
2022-01-13 15:48:00,1165,1165,1165,1165,0
2022-01-13 15:49:00,1165,1165,1165,1165,0
2022-01-13 15:50:00,1165,1165,1165,1165,0
2022-01-13 15:51:00,1165,1165,1165,1165,0
2022-01-13 15:52:00,1165,1165,1165,1165,0
2022-01-13 15:53:00,1165,1165,1165,1165,0
2022-01-13 15:54:00,1165,1165,1165,1165,0
2022-01-13 15:55:00,1165,1165,1165,1165,0
2022-01-13 15:56:00,1165,1165,1165,1165,0
2022-01-13 15:57:00,1165,1165,1165,1165,0
2022-01-13 15:58:00,1165,1165,1165,1165,0
2022-01-13 15:59:00,1165,1165,1165,1165,0
2022-01-14 09:00:00,1165,1165,1175,1175,0
2022-01-14 09:01:00,1175,1165,1175,1165,46600
2022-01-14 09:02:00,1170,1170,1170,1170,3300
2022-01-14 09:03:00,1170,1170,1170,1170,100
2022-01-14 09:04:00,1170,1170,1170,1170,3500
2022-01-14 09:05:00,1170,1170,1180,1180,80200
2022-01-14 09:06:00,1180,1175,1185,1185,87800
2022-01-14 09:07:00,1185,1180,1190,1185,319900
2022-01-14 09:08:00,1185,1185,1185,1185,144300
2022-01-14 09:09:00,1185,1175,1185,1180,302300
2022-01-14 09:10:00,1180,1180,1180,1180,27300
2022-01-14 09:11:00,1180,1180,1180,1180,400
2022-01-14 09:12:00,1185,1185,1185,1185,152100
2022-01-14 09:13:00,1185,1185,1185,1185,56600
2022-01-14 09:14:00,1185,1185,1190,1190,6500
2022-01-14 09:15:00,1185,1185,1190,1190,179300
2022-01-14 09:16:00,1185,1185,1195,1195,269000
2022-01-14 09:17:00,1190,1160,1190,1165,576900
2022-01-14 09:18:00,1170,1170,1170,1170,3600
2022-01-14 09:19:00,1180,1165,1180,1165,100500
2022-01-14 09:20:00,1165,1155,1165,1160,130100
2022-01-14 09:21:00,1165,1155,1165,1160,0
2022-01-14 09:22:00,1165,1165,1165,1165,500
2022-01-14 09:23:00,1165,1165,1170,1170,4800
2022-01-14 09:24:00,1170,1160,1170,1160,34200
2022-01-14 09:25:00,1165,1165,1165,1165,4000
2022-01-14 09:26:00,1165,1165,1165,1165,400
2022-01-14 09:27:00,1165,1160,1165,1165,7600
2022-01-14 09:28:00,1165,1165,1165,1165,3300
2022-01-14 09:29:00,1160,1160,1160,1160,47000
2022-01-14 09:30:00,1160,1160,1165,1165,41400
2022-01-14 09:31:00,1170,1170,1180,1180,111000
2022-01-14 09:32:00,1180,1180,1180,1180,41000
2022-01-14 09:33:00,1180,1180,1180,1180,0
2022-01-14 09:34:00,1175,1165,1175,1165,66800
2022-01-14 09:35:00,1165,1165,1165,1165,100
2022-01-14 09:36:00,1165,1165,1165,1165,0
2022-01-14 09:37:00,1165,1165,1165,1165,0
2022-01-14 09:38:00,1165,1165,1165,1165,0
2022-01-14 09:39:00,1175,1175,1175,1175,10500
2022-01-14 09:40:00,1175,1165,1175,1165,86500
2022-01-14 09:41:00,1170,1170,1170,1170,180500
2022-01-14 09:42:00,1165,1165,1170,1170,577600
2022-01-14 09:43:00,1165,1165,1170,1165,35400
2022-01-14 09:44:00,1165,1165,1165,1165,500
2022-01-14 09:45:00,1165,1165,1165,1165,0
2022-01-14 09:46:00,1165,1165,1165,1165,0
2022-01-14 09:47:00,1170,1170,1170,1170,1000
2022-01-14 09:48:00,1170,1170,1170,1170,0
2022-01-14 09:49:00,1170,1170,1170,1170,3800
2022-01-14 09:50:00,1165,1165,1165,1165,5000
2022-01-14 09:51:00,1165,1165,1165,1165,400
2022-01-14 09:52:00,1165,1165,1165,1165,0
2022-01-14 09:53:00,1170,1165,1170,1165,20900
2022-01-14 09:54:00,1170,1170,1170,1170,18800
2022-01-14 09:55:00,1170,1170,1170,1170,2000
2022-01-14 09:56:00,1170,1170,1170,1170,3500
2022-01-14 09:57:00,1170,1170,1170,1170,0
2022-01-14 09:58:00,1170,1170,1170,1170,0
2022-01-14 09:59:00,1170,1170,1170,1170,5000
2022-01-14 10:00:00,1175,1175,1175,1175,800
2022-01-14 10:01:00,1170,1170,1170,1170,17900
2022-01-14 10:02:00,1170,1170,1170,1170,0
2022-01-14 10:03:00,1170,1170,1170,1170,0
2022-01-14 10:04:00,1170,1170,1170,1170,0
2022-01-14 10:05:00,1170,1170,1170,1170,0
2022-01-14 10:06:00,1170,1170,1170,1170,10000
2022-01-14 10:07:00,1165,1165,1165,1165,6500
2022-01-14 10:08:00,1170,1170,1170,1170,38700
2022-01-14 10:09:00,1170,1170,1170,1170,900
2022-01-14 10:10:00,1170,1170,1170,1170,26300
2022-01-14 10:11:00,1170,1170,1170,1170,5200
2022-01-14 10:12:00,1170,1170,1170,1170,4000
2022-01-14 10:13:00,1170,1170,1170,1170,500
2022-01-14 10:14:00,1170,1170,1170,1170,0
2022-01-14 10:15:00,1170,1170,1170,1170,0
2022-01-14 10:16:00,1170,1170,1170,1170,100
2022-01-14 10:17:00,1175,1170,1175,1175,205200
2022-01-14 10:18:00,1175,1170,1175,1175,0
2022-01-14 10:19:00,1175,1175,1175,1175,30000
2022-01-14 10:20:00,1180,1180,1180,1180,100
2022-01-14 10:21:00,1175,1175,1175,1175,30000
2022-01-14 10:22:00,1175,1175,1175,1175,5000
2022-01-14 10:23:00,1175,1175,1180,1180,132300
2022-01-14 10:24:00,1185,1185,1185,1185,344300
2022-01-14 10:25:00,1185,1185,1190,1190,36900
2022-01-14 10:26:00,1185,1185,1185,1185,450000
2022-01-14 10:27:00,1190,1185,1190,1190,159400
2022-01-14 10:28:00,1190,1190,1190,1190,227400
2022-01-14 10:29:00,1190,1190,1195,1195,349300
2022-01-14 10:30:00,1195,1190,1195,1190,108100
2022-01-14 10:31:00,1195,1190,1195,1195,193400
2022-01-14 10:32:00,1190,1190,1200,1195,662000
2022-01-14 10:33:00,1195,1195,1200,1195,111900
2022-01-14 10:34:00,1195,1190,1195,1195,448300
2022-01-14 10:35:00,1195,1195,1195,1195,79300
2022-01-14 10:36:00,1200,1195,1200,1195,224300
2022-01-14 10:37:00,1200,1195,1215,1210,1007500
2022-01-14 10:38:00,1210,1210,1215,1215,297900
2022-01-14 10:39:00,1215,1210,1215,1210,534900
2022-01-14 10:40:00,1215,1210,1215,1210,143400
2022-01-14 10:41:00,1215,1215,1215,1215,444500
2022-01-14 10:42:00,1215,1215,1215,1215,321700
2022-01-14 10:43:00,1220,1220,1220,1220,553800
2022-01-14 10:44:00,1215,1215,1225,1225,344500
2022-01-14 10:45:00,1225,1220,1230,1230,509800
2022-01-14 10:46:00,1230,1230,1250,1245,541000
2022-01-14 10:47:00,1245,1245,1245,1245,657100
2022-01-14 10:48:00,1240,1240,1245,1240,238900
2022-01-14 10:49:00,1245,1245,1250,1245,590300
2022-01-14 10:50:00,1245,1245,1245,1245,16500
2022-01-14 10:51:00,1250,1240,1250,1240,24000
2022-01-14 10:52:00,1240,1240,1250,1250,49200
2022-01-14 10:53:00,1250,1245,1260,1260,415400
2022-01-14 10:54:00,1260,1260,1265,1265,298100
2022-01-14 10:55:00,1260,1255,1270,1260,471100
2022-01-14 10:56:00,1260,1260,1270,1265,421100
2022-01-14 10:57:00,1270,1270,1270,1270,26800
2022-01-14 10:58:00,1275,1270,1275,1270,19000
2022-01-14 10:59:00,1270,1265,1270,1270,107000
2022-01-14 11:00:00,1270,1270,1270,1270,40100
2022-01-14 11:01:00,1270,1265,1270,1270,61800
2022-01-14 11:02:00,1270,1270,1275,1275,31400
2022-01-14 11:03:00,1275,1270,1275,1275,22700
2022-01-14 11:04:00,1275,1270,1275,1275,0
2022-01-14 11:05:00,1275,1265,1275,1275,1031100
2022-01-14 11:06:00,1275,1260,1275,1270,192900
2022-01-14 11:07:00,1270,1270,1290,1290,769800
2022-01-14 11:08:00,1290,1285,1305,1300,1057200
2022-01-14 11:09:00,1300,1295,1305,1300,641200
2022-01-14 11:10:00,1310,1310,1340,1340,684300
2022-01-14 11:11:00,1340,1315,1345,1340,370600
2022-01-14 11:12:00,1335,1310,1340,1320,593800
2022-01-14 11:13:00,1320,1285,1325,1290,677800
2022-01-14 11:14:00,1290,1285,1290,1285,65700
2022-01-14 11:15:00,1285,1285,1290,1285,74200
2022-01-14 11:16:00,1285,1285,1285,1285,40000
2022-01-14 11:17:00,1285,1285,1290,1290,6000
2022-01-14 11:18:00,1285,1285,1290,1285,9900
2022-01-14 11:19:00,1285,1285,1290,1285,5300
2022-01-14 11:20:00,1290,1285,1290,1285,15400
2022-01-14 11:21:00,1290,1290,1290,1290,30200
2022-01-14 11:22:00,1290,1290,1290,1290,43000
2022-01-14 11:23:00,1290,1290,1295,1290,52900
2022-01-14 11:24:00,1290,1290,1295,1295,136700
2022-01-14 11:25:00,1295,1295,1305,1305,163800
2022-01-14 11:26:00,1305,1305,1305,1305,4100
2022-01-14 11:27:00,1300,1300,1305,1300,12300
2022-01-14 11:28:00,1300,1300,1300,1300,30600
2022-01-14 11:29:00,1300,1300,1305,1300,22000
2022-01-14 11:30:00,1300,1300,1305,1300,0
2022-01-14 11:31:00,1300,1300,1305,1300,0
2022-01-14 11:32:00,1300,1300,1305,1300,0
2022-01-14 11:33:00,1300,1300,1305,1300,0
2022-01-14 11:34:00,1300,1300,1305,1300,0
2022-01-14 11:35:00,1300,1300,1305,1300,0
2022-01-14 11:36:00,1300,1300,1305,1300,0
2022-01-14 11:37:00,1300,1300,1305,1300,0
2022-01-14 11:38:00,1300,1300,1305,1300,0
2022-01-14 11:39:00,1300,1300,1305,1300,0
2022-01-14 11:40:00,1300,1300,1305,1300,0
2022-01-14 11:41:00,1300,1300,1305,1300,0
2022-01-14 11:42:00,1300,1300,1305,1300,0
2022-01-14 11:43:00,1300,1300,1305,1300,0
2022-01-14 11:44:00,1300,1300,1305,1300,0
2022-01-14 11:45:00,1300,1300,1305,1300,0
2022-01-14 11:46:00,1300,1300,1305,1300,0
2022-01-14 11:47:00,1300,1300,1305,1300,0
2022-01-14 11:48:00,1300,1300,1305,1300,0
2022-01-14 11:49:00,1300,1300,1305,1300,0
2022-01-14 11:50:00,1300,1300,1305,1300,0
2022-01-14 11:51:00,1300,1300,1305,1300,0
2022-01-14 11:52:00,1300,1300,1305,1300,0
2022-01-14 11:53:00,1300,1300,1305,1300,0
2022-01-14 11:54:00,1300,1300,1305,1300,0
2022-01-14 11:55:00,1300,1300,1305,1300,0
2022-01-14 11:56:00,1300,1300,1305,1300,0
2022-01-14 11:57:00,1300,1300,1305,1300,0
2022-01-14 11:58:00,1300,1300,1305,1300,0
2022-01-14 11:59:00,1300,1300,1305,1300,0
2022-01-14 12:00:00,1300,1300,1305,1300,0
2022-01-14 12:01:00,1300,1300,1305,1300,0
2022-01-14 12:02:00,1300,1300,1305,1300,0
2022-01-14 12:03:00,1300,1300,1305,1300,0
2022-01-14 12:04:00,1300,1300,1305,1300,0
2022-01-14 12:05:00,1300,1300,1305,1300,0
2022-01-14 12:06:00,1300,1300,1305,1300,0
2022-01-14 12:07:00,1300,1300,1305,1300,0
2022-01-14 12:08:00,1300,1300,1305,1300,0
2022-01-14 12:09:00,1300,1300,1305,1300,0
2022-01-14 12:10:00,1300,1300,1305,1300,0
2022-01-14 12:11:00,1300,1300,1305,1300,0
2022-01-14 12:12:00,1300,1300,1305,1300,0
2022-01-14 12:13:00,1300,1300,1305,1300,0
2022-01-14 12:14:00,1300,1300,1305,1300,0
2022-01-14 12:15:00,1300,1300,1305,1300,0
2022-01-14 12:16:00,1300,1300,1305,1300,0
2022-01-14 12:17:00,1300,1300,1305,1300,0
2022-01-14 12:18:00,1300,1300,1305,1300,0
2022-01-14 12:19:00,1300,1300,1305,1300,0
2022-01-14 12:20:00,1300,1300,1305,1300,0
2022-01-14 12:21:00,1300,1300,1305,1300,0
2022-01-14 12:22:00,1300,1300,1305,1300,0
2022-01-14 12:23:00,1300,1300,1305,1300,0
2022-01-14 12:24:00,1300,1300,1305,1300,0
2022-01-14 12:25:00,1300,1300,1305,1300,0
2022-01-14 12:26:00,1300,1300,1305,1300,0
2022-01-14 12:27:00,1300,1300,1305,1300,0
2022-01-14 12:28:00,1300,1300,1305,1300,0
2022-01-14 12:29:00,1300,1300,1305,1300,0
2022-01-14 12:30:00,1300,1300,1305,1300,0
2022-01-14 12:31:00,1300,1300,1305,1300,0
2022-01-14 12:32:00,1300,1300,1305,1300,0
2022-01-14 12:33:00,1300,1300,1305,1300,0
2022-01-14 12:34:00,1300,1300,1305,1300,0
2022-01-14 12:35:00,1300,1300,1305,1300,0
2022-01-14 12:36:00,1300,1300,1305,1300,0
2022-01-14 12:37:00,1300,1300,1305,1300,0
2022-01-14 12:38:00,1300,1300,1305,1300,0
2022-01-14 12:39:00,1300,1300,1305,1300,0
2022-01-14 12:40:00,1300,1300,1305,1300,0
2022-01-14 12:41:00,1300,1300,1305,1300,0
2022-01-14 12:42:00,1300,1300,1305,1300,0
2022-01-14 12:43:00,1300,1300,1305,1300,0
2022-01-14 12:44:00,1300,1300,1305,1300,0
2022-01-14 12:45:00,1300,1300,1305,1300,0
2022-01-14 12:46:00,1300,1300,1305,1300,0
2022-01-14 12:47:00,1300,1300,1305,1300,0
2022-01-14 12:48:00,1300,1300,1305,1300,0
2022-01-14 12:49:00,1300,1300,1305,1300,0
2022-01-14 12:50:00,1300,1300,1305,1300,0
2022-01-14 12:51:00,1300,1300,1305,1300,0
2022-01-14 12:52:00,1300,1300,1305,1300,0
2022-01-14 12:53:00,1300,1300,1305,1300,0
2022-01-14 12:54:00,1300,1300,1305,1300,0
2022-01-14 12:55:00,1300,1300,1305,1300,0
2022-01-14 12:56:00,1300,1300,1305,1300,0
2022-01-14 12:57:00,1300,1300,1305,1300,0
2022-01-14 12:58:00,1300,1300,1305,1300,0
2022-01-14 12:59:00,1300,1300,1305,1300,0
2022-01-14 13:00:00,1300,1300,1305,1300,0
2022-01-14 13:01:00,1300,1300,1305,1300,0
2022-01-14 13:02:00,1300,1300,1305,1300,0
2022-01-14 13:03:00,1300,1300,1305,1300,0
2022-01-14 13:04:00,1300,1300,1305,1300,0
2022-01-14 13:05:00,1300,1300,1305,1300,0
2022-01-14 13:06:00,1300,1300,1305,1300,0
2022-01-14 13:07:00,1300,1300,1305,1300,0
2022-01-14 13:08:00,1300,1300,1305,1300,0
2022-01-14 13:09:00,1300,1300,1305,1300,0
2022-01-14 13:10:00,1300,1300,1305,1300,0
2022-01-14 13:11:00,1300,1300,1305,1300,0
2022-01-14 13:12:00,1300,1300,1305,1300,0
2022-01-14 13:13:00,1300,1300,1305,1300,0
2022-01-14 13:14:00,1300,1300,1305,1300,0
2022-01-14 13:15:00,1300,1300,1305,1300,0
2022-01-14 13:16:00,1300,1300,1305,1300,0
2022-01-14 13:17:00,1300,1300,1305,1300,0
2022-01-14 13:18:00,1300,1300,1305,1300,0
2022-01-14 13:19:00,1300,1300,1305,1300,0
2022-01-14 13:20:00,1300,1300,1305,1300,0
2022-01-14 13:21:00,1300,1300,1305,1300,0
2022-01-14 13:22:00,1300,1300,1305,1300,0
2022-01-14 13:23:00,1300,1300,1305,1300,0
2022-01-14 13:24:00,1300,1300,1305,1300,0
2022-01-14 13:25:00,1300,1300,1305,1300,0
2022-01-14 13:26:00,1300,1300,1305,1300,0
2022-01-14 13:27:00,1300,1300,1305,1300,0
2022-01-14 13:28:00,1300,1300,1305,1300,0
2022-01-14 13:29:00,1300,1300,1305,1300,0
2022-01-14 13:30:00,1300,1295,1305,1300,204200
2022-01-14 13:31:00,1295,1290,1295,1290,13800
2022-01-14 13:32:00,1295,1290,1295,1295,1200
2022-01-14 13:33:00,1290,1290,1295,1295,7100
2022-01-14 13:34:00,1290,1290,1300,1300,14500
2022-01-14 13:35:00,1290,1290,1300,1300,0
2022-01-14 13:36:00,1300,1300,1300,1300,12300
2022-01-14 13:37:00,1300,1300,1300,1300,27800
2022-01-14 13:38:00,1300,1300,1300,1300,28700
2022-01-14 13:39:00,1300,1300,1305,1300,54800
2022-01-14 13:40:00,1305,1300,1305,1300,1100
2022-01-14 13:41:00,1300,1300,1300,1300,7200
2022-01-14 13:42:00,1300,1300,1300,1300,52600
2022-01-14 13:43:00,1295,1295,1295,1295,68400
2022-01-14 13:44:00,1295,1295,1295,1295,0
2022-01-14 13:45:00,1290,1290,1290,1290,2200
2022-01-14 13:46:00,1290,1290,1290,1290,41800
2022-01-14 13:47:00,1290,1290,1290,1290,6600
2022-01-14 13:48:00,1295,1295,1300,1300,23900
2022-01-14 13:49:00,1300,1295,1300,1300,4400
2022-01-14 13:50:00,1300,1300,1300,1300,2200
2022-01-14 13:51:00,1300,1300,1300,1300,15200
2022-01-14 13:52:00,1300,1300,1300,1300,32600
2022-01-14 13:53:00,1300,1300,1300,1300,10600
2022-01-14 13:54:00,1300,1300,1300,1300,9900
2022-01-14 13:55:00,1300,1300,1300,1300,0
2022-01-14 13:56:00,1300,1300,1300,1300,300
2022-01-14 13:57:00,1295,1295,1300,1300,20200
2022-01-14 13:58:00,1295,1295,1300,1300,289900
2022-01-14 13:59:00,1300,1300,1310,1310,1061500
2022-01-14 14:00:00,1315,1315,1330,1330,351500
2022-01-14 14:01:00,1330,1330,1355,1330,961000
2022-01-14 14:02:00,1335,1320,1350,1340,539600
2022-01-14 14:03:00,1345,1325,1355,1330,237500
2022-01-14 14:04:00,1325,1325,1340,1340,151800
2022-01-14 14:05:00,1345,1345,1365,1350,717200
2022-01-14 14:06:00,1360,1305,1360,1315,601300
2022-01-14 14:07:00,1320,1315,1330,1330,255600
2022-01-14 14:08:00,1330,1305,1330,1310,140300
2022-01-14 14:09:00,1305,1305,1310,1305,95700
2022-01-14 14:10:00,1305,1300,1305,1300,81500
2022-01-14 14:11:00,1300,1300,1305,1300,16100
2022-01-14 14:12:00,1300,1295,1300,1295,229600
2022-01-14 14:13:00,1295,1290,1295,1290,169400
2022-01-14 14:14:00,1290,1265,1290,1265,735500
2022-01-14 14:15:00,1270,1260,1280,1280,708700
2022-01-14 14:16:00,1280,1275,1295,1290,145200
2022-01-14 14:17:00,1290,1285,1295,1290,80000
2022-01-14 14:18:00,1290,1280,1290,1280,122500
2022-01-14 14:19:00,1290,1290,1300,1300,38100
2022-01-14 14:20:00,1300,1290,1300,1290,93200
2022-01-14 14:21:00,1290,1290,1290,1290,13700
2022-01-14 14:22:00,1290,1290,1300,1300,13800
2022-01-14 14:23:00,1300,1300,1300,1300,400
2022-01-14 14:24:00,1300,1300,1300,1300,1400
2022-01-14 14:25:00,1295,1290,1295,1290,10500
2022-01-14 14:26:00,1290,1280,1295,1280,113000
2022-01-14 14:27:00,1280,1280,1290,1290,22900
2022-01-14 14:28:00,1285,1285,1285,1285,8000
2022-01-14 14:29:00,1285,1285,1290,1285,25800
2022-01-14 14:30:00,1290,1290,1295,1290,18500
2022-01-14 14:31:00,1300,1295,1300,1295,1100
2022-01-14 14:32:00,1300,1295,1300,1295,600
2022-01-14 14:33:00,1290,1290,1295,1295,3100
2022-01-14 14:34:00,1295,1295,1295,1295,500
2022-01-14 14:35:00,1295,1295,1300,1300,52400
2022-01-14 14:36:00,1295,1295,1295,1295,4500
2022-01-14 14:37:00,1295,1295,1300,1295,27200
2022-01-14 14:38:00,1295,1290,1300,1300,51400
2022-01-14 14:39:00,1300,1295,1300,1295,31000
2022-01-14 14:40:00,1295,1295,1300,1300,52400
2022-01-14 14:41:00,1300,1295,1300,1295,32000
2022-01-14 14:42:00,1295,1295,1300,1295,57400
2022-01-14 14:43:00,1295,1285,1295,1285,66000
2022-01-14 14:44:00,1285,1285,1290,1290,3000
2022-01-14 14:45:00,1295,1290,1295,1290,17000
2022-01-14 14:46:00,1295,1290,1295,1295,5800
2022-01-14 14:47:00,1295,1295,1305,1305,40600
2022-01-14 14:48:00,1305,1300,1305,1300,82400
2022-01-14 14:49:00,1300,1295,1310,1305,85200
2022-01-14 14:50:00,1310,1310,1310,1310,500
2022-01-14 14:51:00,1310,1310,1310,1310,0
2022-01-14 14:52:00,1310,1310,1310,1310,0
2022-01-14 14:53:00,1310,1310,1310,1310,0
2022-01-14 14:54:00,1310,1310,1310,1310,0
2022-01-14 14:55:00,1310,1310,1310,1310,0
2022-01-14 14:56:00,1310,1310,1310,1310,0
2022-01-14 14:57:00,1310,1310,1310,1310,0
2022-01-14 14:58:00,1310,1310,1310,1310,0
2022-01-14 14:59:00,1310,1310,1310,1310,0
2022-01-14 15:00:00,1320,1320,1320,1320,591900
2022-01-14 15:01:00,1320,1320,1320,1320,123000
2022-01-14 15:02:00,1320,1320,1320,1320,300
2022-01-14 15:03:00,1320,1320,1320,1320,23200
2022-01-14 15:04:00,1320,1320,1320,1320,600
2022-01-14 15:05:00,1320,1320,1320,1320,5000
2022-01-14 15:06:00,1320,1320,1320,1320,1600
2022-01-14 15:07:00,1320,1320,1320,1320,19200
2022-01-14 15:08:00,1320,1320,1320,1320,0
2022-01-14 15:09:00,1320,1320,1320,1320,6000
2022-01-14 15:10:00,1320,1320,1320,1320,17900
2022-01-14 15:11:00,1320,1320,1320,1320,100
2022-01-14 15:12:00,1320,1320,1320,1320,500
2022-01-14 15:13:00,1320,1320,1320,1320,0
2022-01-14 15:14:00,1320,1320,1320,1320,0
2022-01-14 15:15:00,1320,1320,1320,1320,0
2022-01-14 15:16:00,1320,1320,1320,1320,0
2022-01-14 15:17:00,1320,1320,1320,1320,0
2022-01-14 15:18:00,1320,1320,1320,1320,0
2022-01-14 15:19:00,1320,1320,1320,1320,0
2022-01-14 15:20:00,1320,1320,1320,1320,0
2022-01-14 15:21:00,1320,1320,1320,1320,0
2022-01-14 15:22:00,1320,1320,1320,1320,0
2022-01-14 15:23:00,1320,1320,1320,1320,0
2022-01-14 15:24:00,1320,1320,1320,1320,0
2022-01-14 15:25:00,1320,1320,1320,1320,0
2022-01-14 15:26:00,1320,1320,1320,1320,0
2022-01-14 15:27:00,1320,1320,1320,1320,0
2022-01-14 15:28:00,1320,1320,1320,1320,0
2022-01-14 15:29:00,1320,1320,1320,1320,0
2022-01-14 15:30:00,1320,1320,1320,1320,0
2022-01-14 15:31:00,1320,1320,1320,1320,0
2022-01-14 15:32:00,1320,1320,1320,1320,0
2022-01-14 15:33:00,1320,1320,1320,1320,0
2022-01-14 15:34:00,1320,1320,1320,1320,0
2022-01-14 15:35:00,1320,1320,1320,1320,0
2022-01-14 15:36:00,1320,1320,1320,1320,0
2022-01-14 15:37:00,1320,1320,1320,1320,0
2022-01-14 15:38:00,1320,1320,1320,1320,0
2022-01-14 15:39:00,1320,1320,1320,1320,0
2022-01-14 15:40:00,1320,1320,1320,1320,0
2022-01-14 15:41:00,1320,1320,1320,1320,0
2022-01-14 15:42:00,1320,1320,1320,1320,0
2022-01-14 15:43:00,1320,1320,1320,1320,0
2022-01-14 15:44:00,1320,1320,1320,1320,0
2022-01-14 15:45:00,1320,1320,1320,1320,0
2022-01-14 15:46:00,1320,1320,1320,1320,0
2022-01-14 15:47:00,1320,1320,1320,1320,0
2022-01-14 15:48:00,1320,1320,1320,1320,0
2022-01-14 15:49:00,1320,1320,1320,1320,0
2022-01-14 15:50:00,1320,1320,1320,1320,0
2022-01-14 15:51:00,1320,1320,1320,1320,0
2022-01-14 15:52:00,1320,1320,1320,1320,0
2022-01-14 15:53:00,1320,1320,1320,1320,0
2022-01-14 15:54:00,1320,1320,1320,1320,0
2022-01-14 15:55:00,1320,1320,1320,1320,0
2022-01-14 15:56:00,1320,1320,1320,1320,0
2022-01-14 15:57:00,1320,1320,1320,1320,0
2022-01-14 15:58:00,1320,1320,1320,1320,0
2022-01-14 15:59:00,1320,1320,1320,1320,0
2022-01-17 09:00:00,1310,1305,1325,1320,0
2022-01-17 09:01:00,1320,1320,1320,1320,17800
2022-01-17 09:02:00,1320,1315,1320,1315,142400
2022-01-17 09:03:00,1315,1305,1315,1305,99100
2022-01-17 09:04:00,1305,1300,1310,1305,281000
2022-01-17 09:05:00,1305,1305,1320,1320,78600
2022-01-17 09:06:00,1325,1320,1335,1335,360000
2022-01-17 09:07:00,1330,1330,1340,1335,202400
2022-01-17 09:08:00,1335,1330,1335,1330,373400
2022-01-17 09:09:00,1330,1325,1330,1325,84700
2022-01-17 09:10:00,1325,1325,1340,1335,637100
2022-01-17 09:11:00,1340,1335,1340,1340,41900
2022-01-17 09:12:00,1340,1330,1340,1330,365300
2022-01-17 09:13:00,1330,1330,1340,1335,206100
2022-01-17 09:14:00,1335,1335,1350,1350,564600
2022-01-17 09:15:00,1350,1345,1355,1350,666800
2022-01-17 09:16:00,1350,1345,1350,1350,655100
2022-01-17 09:17:00,1350,1350,1355,1355,138900
2022-01-17 09:18:00,1355,1355,1360,1360,174800
2022-01-17 09:19:00,1360,1360,1365,1365,256800
2022-01-17 09:20:00,1365,1365,1375,1375,356400
2022-01-17 09:21:00,1375,1370,1385,1385,634400
2022-01-17 09:22:00,1385,1385,1410,1410,298800
2022-01-17 09:23:00,1405,1390,1410,1390,161200
2022-01-17 09:24:00,1390,1380,1395,1385,358900
2022-01-17 09:25:00,1385,1385,1390,1385,23400
2022-01-17 09:26:00,1385,1375,1385,1375,147400
2022-01-17 09:27:00,1375,1370,1380,1380,32700
2022-01-17 09:28:00,1380,1375,1390,1380,41500
2022-01-17 09:29:00,1380,1380,1395,1390,55100
2022-01-17 09:30:00,1390,1390,1400,1400,67500
2022-01-17 09:31:00,1400,1400,1405,1405,403200
2022-01-17 09:32:00,1405,1395,1405,1400,477400
2022-01-17 09:33:00,1400,1400,1400,1400,19500
2022-01-17 09:34:00,1400,1385,1400,1390,95800
2022-01-17 09:35:00,1395,1395,1395,1395,20900
2022-01-17 09:36:00,1390,1385,1390,1390,15700
2022-01-17 09:37:00,1390,1385,1390,1390,80900
2022-01-17 09:38:00,1390,1385,1390,1390,20300
2022-01-17 09:39:00,1385,1385,1390,1385,7000
2022-01-17 09:40:00,1390,1385,1405,1405,136700
2022-01-17 09:41:00,1400,1395,1405,1400,422800
2022-01-17 09:42:00,1400,1400,1400,1400,91200
2022-01-17 09:43:00,1400,1395,1400,1395,15500
2022-01-17 09:44:00,1395,1390,1400,1400,7300
2022-01-17 09:45:00,1400,1395,1400,1395,13300
2022-01-17 09:46:00,1390,1390,1395,1395,9000
2022-01-17 09:47:00,1395,1395,1400,1395,15100
2022-01-17 09:48:00,1395,1395,1395,1395,2400
2022-01-17 09:49:00,1395,1395,1400,1395,17900
2022-01-17 09:50:00,1395,1395,1395,1395,1500
2022-01-17 09:51:00,1395,1395,1405,1405,250100
2022-01-17 09:52:00,1410,1410,1420,1420,556700
2022-01-17 09:53:00,1420,1410,1420,1410,316500
2022-01-17 09:54:00,1410,1405,1415,1415,483300
2022-01-17 09:55:00,1410,1410,1415,1415,13900
2022-01-17 09:56:00,1410,1390,1410,1390,814300
2022-01-17 09:57:00,1390,1390,1405,1400,1150900
2022-01-17 09:58:00,1400,1400,1405,1405,24700
2022-01-17 09:59:00,1400,1400,1405,1400,30100
2022-01-17 10:00:00,1400,1400,1405,1400,37900
2022-01-17 10:01:00,1405,1395,1410,1410,857100
2022-01-17 10:02:00,1410,1410,1430,1430,612900
2022-01-17 10:03:00,1425,1425,1435,1435,647300
2022-01-17 10:04:00,1435,1435,1450,1450,530300
2022-01-17 10:05:00,1450,1410,1455,1410,2648600
2022-01-17 10:06:00,1415,1410,1425,1425,115700
2022-01-17 10:07:00,1425,1420,1425,1420,25100
2022-01-17 10:08:00,1420,1415,1445,1445,1306500
2022-01-17 10:09:00,1440,1420,1445,1425,99400
2022-01-17 10:10:00,1425,1420,1430,1430,411500
2022-01-17 10:11:00,1430,1400,1440,1405,2130900
2022-01-17 10:12:00,1410,1405,1410,1410,75100
2022-01-17 10:13:00,1410,1405,1415,1405,62500
2022-01-17 10:14:00,1405,1400,1405,1405,194200
2022-01-17 10:15:00,1400,1395,1405,1395,313700
2022-01-17 10:16:00,1395,1375,1395,1385,341100
2022-01-17 10:17:00,1385,1385,1385,1385,21500
2022-01-17 10:18:00,1385,1385,1395,1385,25200
2022-01-17 10:19:00,1385,1385,1395,1395,37600
2022-01-17 10:20:00,1395,1395,1395,1395,1900
2022-01-17 10:21:00,1395,1390,1395,1395,3200
2022-01-17 10:22:00,1390,1385,1390,1390,5700
2022-01-17 10:23:00,1390,1385,1390,1390,2700
2022-01-17 10:24:00,1390,1385,1395,1395,25100
2022-01-17 10:25:00,1395,1385,1395,1385,11000
2022-01-17 10:26:00,1385,1375,1390,1385,129500
2022-01-17 10:27:00,1380,1380,1380,1380,700
2022-01-17 10:28:00,1375,1375,1380,1375,52200
2022-01-17 10:29:00,1380,1375,1380,1375,64100
2022-01-17 10:30:00,1375,1370,1375,1375,5200
2022-01-17 10:31:00,1370,1370,1375,1375,35000
2022-01-17 10:32:00,1375,1370,1380,1380,119400
2022-01-17 10:33:00,1375,1375,1375,1375,800
2022-01-17 10:34:00,1370,1370,1375,1375,45100
2022-01-17 10:35:00,1370,1370,1375,1370,8900
2022-01-17 10:36:00,1370,1370,1375,1370,5600
2022-01-17 10:37:00,1375,1375,1380,1380,22900
2022-01-17 10:38:00,1380,1380,1380,1380,1100
2022-01-17 10:39:00,1375,1375,1380,1380,4400
2022-01-17 10:40:00,1380,1380,1380,1380,2600
2022-01-17 10:41:00,1380,1370,1380,1380,3500
2022-01-17 10:42:00,1380,1380,1380,1380,3600
2022-01-17 10:43:00,1380,1375,1380,1380,4300
2022-01-17 10:44:00,1380,1380,1390,1390,45900
2022-01-17 10:45:00,1390,1390,1395,1395,33900
2022-01-17 10:46:00,1390,1380,1390,1380,10300
2022-01-17 10:47:00,1390,1390,1395,1390,22500
2022-01-17 10:48:00,1390,1390,1390,1390,5100
2022-01-17 10:49:00,1395,1390,1395,1390,7700
2022-01-17 10:50:00,1390,1390,1390,1390,1400
2022-01-17 10:51:00,1390,1390,1390,1390,600
2022-01-17 10:52:00,1390,1390,1390,1390,3500
2022-01-17 10:53:00,1385,1385,1390,1390,1500
2022-01-17 10:54:00,1390,1385,1390,1390,6900
2022-01-17 10:55:00,1385,1385,1385,1385,200
2022-01-17 10:56:00,1385,1385,1385,1385,0
2022-01-17 10:57:00,1385,1385,1385,1385,400
2022-01-17 10:58:00,1385,1385,1385,1385,0
2022-01-17 10:59:00,1385,1385,1385,1385,0
2022-01-17 11:00:00,1385,1385,1390,1390,6100
2022-01-17 11:01:00,1390,1390,1390,1390,600
2022-01-17 11:02:00,1385,1385,1390,1390,800
2022-01-17 11:03:00,1385,1385,1390,1390,0
2022-01-17 11:04:00,1385,1385,1385,1385,100
2022-01-17 11:05:00,1385,1385,1385,1385,0
2022-01-17 11:06:00,1385,1385,1385,1385,0
2022-01-17 11:07:00,1385,1385,1385,1385,0
2022-01-17 11:08:00,1385,1385,1385,1385,0
2022-01-17 11:09:00,1390,1390,1390,1390,300
2022-01-17 11:10:00,1385,1385,1385,1385,400
2022-01-17 11:11:00,1385,1385,1385,1385,400
2022-01-17 11:12:00,1390,1385,1390,1390,2500
2022-01-17 11:13:00,1390,1390,1390,1390,1200
2022-01-17 11:14:00,1385,1385,1390,1390,2200
2022-01-17 11:15:00,1390,1390,1395,1395,10700
2022-01-17 11:16:00,1390,1390,1395,1395,1100
2022-01-17 11:17:00,1390,1390,1395,1390,600
2022-01-17 11:18:00,1395,1390,1395,1395,2200
2022-01-17 11:19:00,1390,1390,1395,1395,2700
2022-01-17 11:20:00,1390,1390,1395,1395,0
2022-01-17 11:21:00,1395,1395,1395,1395,8100
2022-01-17 11:22:00,1395,1395,1395,1395,2300
2022-01-17 11:23:00,1395,1395,1395,1395,0
2022-01-17 11:24:00,1395,1390,1400,1390,34300
2022-01-17 11:25:00,1395,1390,1400,1390,0
2022-01-17 11:26:00,1390,1390,1390,1390,5900
2022-01-17 11:27:00,1390,1390,1390,1390,1000
2022-01-17 11:28:00,1390,1390,1390,1390,0
2022-01-17 11:29:00,1390,1385,1390,1385,12800
2022-01-17 11:30:00,1390,1385,1390,1385,0
2022-01-17 11:31:00,1390,1385,1390,1385,0
2022-01-17 11:32:00,1390,1385,1390,1385,0
2022-01-17 11:33:00,1390,1385,1390,1385,0
2022-01-17 11:34:00,1390,1385,1390,1385,0
2022-01-17 11:35:00,1390,1385,1390,1385,0
2022-01-17 11:36:00,1390,1385,1390,1385,0
2022-01-17 11:37:00,1390,1385,1390,1385,0
2022-01-17 11:38:00,1390,1385,1390,1385,0
2022-01-17 11:39:00,1390,1385,1390,1385,0
2022-01-17 11:40:00,1390,1385,1390,1385,0
2022-01-17 11:41:00,1390,1385,1390,1385,0
2022-01-17 11:42:00,1390,1385,1390,1385,0
2022-01-17 11:43:00,1390,1385,1390,1385,0
2022-01-17 11:44:00,1390,1385,1390,1385,0
2022-01-17 11:45:00,1390,1385,1390,1385,0
2022-01-17 11:46:00,1390,1385,1390,1385,0
2022-01-17 11:47:00,1390,1385,1390,1385,0
2022-01-17 11:48:00,1390,1385,1390,1385,0
2022-01-17 11:49:00,1390,1385,1390,1385,0
2022-01-17 11:50:00,1390,1385,1390,1385,0
2022-01-17 11:51:00,1390,1385,1390,1385,0
2022-01-17 11:52:00,1390,1385,1390,1385,0
2022-01-17 11:53:00,1390,1385,1390,1385,0
2022-01-17 11:54:00,1390,1385,1390,1385,0
2022-01-17 11:55:00,1390,1385,1390,1385,0
2022-01-17 11:56:00,1390,1385,1390,1385,0
2022-01-17 11:57:00,1390,1385,1390,1385,0
2022-01-17 11:58:00,1390,1385,1390,1385,0
2022-01-17 11:59:00,1390,1385,1390,1385,0
2022-01-17 12:00:00,1390,1385,1390,1385,0
2022-01-17 12:01:00,1390,1385,1390,1385,0
2022-01-17 12:02:00,1390,1385,1390,1385,0
2022-01-17 12:03:00,1390,1385,1390,1385,0
2022-01-17 12:04:00,1390,1385,1390,1385,0
2022-01-17 12:05:00,1390,1385,1390,1385,0
2022-01-17 12:06:00,1390,1385,1390,1385,0
2022-01-17 12:07:00,1390,1385,1390,1385,0
2022-01-17 12:08:00,1390,1385,1390,1385,0
2022-01-17 12:09:00,1390,1385,1390,1385,0
2022-01-17 12:10:00,1390,1385,1390,1385,0
2022-01-17 12:11:00,1390,1385,1390,1385,0
2022-01-17 12:12:00,1390,1385,1390,1385,0
2022-01-17 12:13:00,1390,1385,1390,1385,0
2022-01-17 12:14:00,1390,1385,1390,1385,0
2022-01-17 12:15:00,1390,1385,1390,1385,0
2022-01-17 12:16:00,1390,1385,1390,1385,0
2022-01-17 12:17:00,1390,1385,1390,1385,0
2022-01-17 12:18:00,1390,1385,1390,1385,0
2022-01-17 12:19:00,1390,1385,1390,1385,0
2022-01-17 12:20:00,1390,1385,1390,1385,0
2022-01-17 12:21:00,1390,1385,1390,1385,0
2022-01-17 12:22:00,1390,1385,1390,1385,0
2022-01-17 12:23:00,1390,1385,1390,1385,0
2022-01-17 12:24:00,1390,1385,1390,1385,0
2022-01-17 12:25:00,1390,1385,1390,1385,0
2022-01-17 12:26:00,1390,1385,1390,1385,0
2022-01-17 12:27:00,1390,1385,1390,1385,0
2022-01-17 12:28:00,1390,1385,1390,1385,0
2022-01-17 12:29:00,1390,1385,1390,1385,0
2022-01-17 12:30:00,1390,1385,1390,1385,0
2022-01-17 12:31:00,1390,1385,1390,1385,0
2022-01-17 12:32:00,1390,1385,1390,1385,0
2022-01-17 12:33:00,1390,1385,1390,1385,0
2022-01-17 12:34:00,1390,1385,1390,1385,0
2022-01-17 12:35:00,1390,1385,1390,1385,0
2022-01-17 12:36:00,1390,1385,1390,1385,0
2022-01-17 12:37:00,1390,1385,1390,1385,0
2022-01-17 12:38:00,1390,1385,1390,1385,0
2022-01-17 12:39:00,1390,1385,1390,1385,0
2022-01-17 12:40:00,1390,1385,1390,1385,0
2022-01-17 12:41:00,1390,1385,1390,1385,0
2022-01-17 12:42:00,1390,1385,1390,1385,0
2022-01-17 12:43:00,1390,1385,1390,1385,0
2022-01-17 12:44:00,1390,1385,1390,1385,0
2022-01-17 12:45:00,1390,1385,1390,1385,0
2022-01-17 12:46:00,1390,1385,1390,1385,0
2022-01-17 12:47:00,1390,1385,1390,1385,0
2022-01-17 12:48:00,1390,1385,1390,1385,0
2022-01-17 12:49:00,1390,1385,1390,1385,0
2022-01-17 12:50:00,1390,1385,1390,1385,0
2022-01-17 12:51:00,1390,1385,1390,1385,0
2022-01-17 12:52:00,1390,1385,1390,1385,0
2022-01-17 12:53:00,1390,1385,1390,1385,0
2022-01-17 12:54:00,1390,1385,1390,1385,0
2022-01-17 12:55:00,1390,1385,1390,1385,0
2022-01-17 12:56:00,1390,1385,1390,1385,0
2022-01-17 12:57:00,1390,1385,1390,1385,0
2022-01-17 12:58:00,1390,1385,1390,1385,0
2022-01-17 12:59:00,1390,1385,1390,1385,0
2022-01-17 13:00:00,1390,1385,1390,1385,0
2022-01-17 13:01:00,1390,1385,1390,1385,0
2022-01-17 13:02:00,1390,1385,1390,1385,0
2022-01-17 13:03:00,1390,1385,1390,1385,0
2022-01-17 13:04:00,1390,1385,1390,1385,0
2022-01-17 13:05:00,1390,1385,1390,1385,0
2022-01-17 13:06:00,1390,1385,1390,1385,0
2022-01-17 13:07:00,1390,1385,1390,1385,0
2022-01-17 13:08:00,1390,1385,1390,1385,0
2022-01-17 13:09:00,1390,1385,1390,1385,0
2022-01-17 13:10:00,1390,1385,1390,1385,0
2022-01-17 13:11:00,1390,1385,1390,1385,0
2022-01-17 13:12:00,1390,1385,1390,1385,0
2022-01-17 13:13:00,1390,1385,1390,1385,0
2022-01-17 13:14:00,1390,1385,1390,1385,0
2022-01-17 13:15:00,1390,1385,1390,1385,0
2022-01-17 13:16:00,1390,1385,1390,1385,0
2022-01-17 13:17:00,1390,1385,1390,1385,0
2022-01-17 13:18:00,1390,1385,1390,1385,0
2022-01-17 13:19:00,1390,1385,1390,1385,0
2022-01-17 13:20:00,1390,1385,1390,1385,0
2022-01-17 13:21:00,1390,1385,1390,1385,0
2022-01-17 13:22:00,1390,1385,1390,1385,0
2022-01-17 13:23:00,1390,1385,1390,1385,0
2022-01-17 13:24:00,1390,1385,1390,1385,0
2022-01-17 13:25:00,1390,1385,1390,1385,0
2022-01-17 13:26:00,1390,1385,1390,1385,0
2022-01-17 13:27:00,1390,1385,1390,1385,0
2022-01-17 13:28:00,1390,1385,1390,1385,0
2022-01-17 13:29:00,1390,1385,1390,1385,0
2022-01-17 13:30:00,1385,1380,1385,1385,28400
2022-01-17 13:31:00,1390,1390,1390,1390,5200
2022-01-17 13:32:00,1395,1395,1400,1400,14300
2022-01-17 13:33:00,1395,1395,1400,1395,15900
2022-01-17 13:34:00,1400,1400,1400,1400,600
2022-01-17 13:35:00,1395,1395,1395,1395,37200
2022-01-17 13:36:00,1395,1395,1395,1395,8300
2022-01-17 13:37:00,1395,1395,1395,1395,500
2022-01-17 13:38:00,1385,1385,1395,1395,1100
2022-01-17 13:39:00,1385,1385,1395,1395,0
2022-01-17 13:40:00,1385,1385,1395,1395,0
2022-01-17 13:41:00,1385,1385,1385,1385,11000
2022-01-17 13:42:00,1385,1385,1385,1385,0
2022-01-17 13:43:00,1385,1385,1385,1385,0
2022-01-17 13:44:00,1385,1385,1385,1385,2600
2022-01-17 13:45:00,1385,1385,1385,1385,0
2022-01-17 13:46:00,1385,1380,1385,1385,401300
2022-01-17 13:47:00,1385,1385,1390,1390,219200
2022-01-17 13:48:00,1390,1390,1395,1395,163800
2022-01-17 13:49:00,1400,1395,1400,1395,389700
2022-01-17 13:50:00,1400,1395,1405,1405,533800
2022-01-17 13:51:00,1405,1405,1410,1410,103400
2022-01-17 13:52:00,1410,1405,1410,1410,236800
2022-01-17 13:53:00,1405,1405,1405,1405,306000
2022-01-17 13:54:00,1410,1405,1410,1410,282700
2022-01-17 13:55:00,1410,1410,1420,1415,189800
2022-01-17 13:56:00,1415,1410,1415,1410,22100
2022-01-17 13:57:00,1410,1410,1415,1415,328500
2022-01-17 13:58:00,1415,1415,1420,1415,221400
2022-01-17 13:59:00,1410,1410,1420,1420,503400
2022-01-17 14:00:00,1420,1420,1430,1430,206800
2022-01-17 14:01:00,1425,1415,1425,1415,201300
2022-01-17 14:02:00,1415,1415,1425,1420,180900
2022-01-17 14:03:00,1420,1420,1425,1420,12500
2022-01-17 14:04:00,1420,1415,1420,1420,10400
2022-01-17 14:05:00,1415,1410,1415,1410,93600
2022-01-17 14:06:00,1405,1385,1405,1390,357900
2022-01-17 14:07:00,1390,1390,1390,1390,11300
2022-01-17 14:08:00,1390,1390,1390,1390,500
2022-01-17 14:09:00,1385,1385,1390,1390,8600
2022-01-17 14:10:00,1400,1400,1400,1400,100
2022-01-17 14:11:00,1400,1400,1400,1400,100
2022-01-17 14:12:00,1400,1395,1400,1395,2500
2022-01-17 14:13:00,1400,1395,1400,1395,800
2022-01-17 14:14:00,1400,1400,1400,1400,5100
2022-01-17 14:15:00,1395,1395,1395,1395,5100
2022-01-17 14:16:00,1395,1395,1395,1395,0
2022-01-17 14:17:00,1395,1395,1400,1400,19600
2022-01-17 14:18:00,1395,1395,1400,1400,1100
2022-01-17 14:19:00,1395,1395,1395,1395,9900
2022-01-17 14:20:00,1395,1380,1395,1395,214700
2022-01-17 14:21:00,1380,1380,1380,1380,1300
2022-01-17 14:22:00,1385,1380,1385,1385,4900
2022-01-17 14:23:00,1385,1380,1385,1380,5200
2022-01-17 14:24:00,1380,1380,1380,1380,8000
2022-01-17 14:25:00,1380,1380,1380,1380,10200
2022-01-17 14:26:00,1385,1385,1385,1385,1000
2022-01-17 14:27:00,1385,1385,1390,1390,5600
2022-01-17 14:28:00,1385,1380,1385,1385,6600
2022-01-17 14:29:00,1385,1385,1385,1385,200
2022-01-17 14:30:00,1385,1380,1385,1380,58800
2022-01-17 14:31:00,1380,1380,1380,1380,300
2022-01-17 14:32:00,1375,1375,1375,1375,65000
2022-01-17 14:33:00,1375,1375,1380,1380,1500
2022-01-17 14:34:00,1375,1375,1380,1380,0
2022-01-17 14:35:00,1380,1375,1380,1375,5400
2022-01-17 14:36:00,1375,1375,1375,1375,3800
2022-01-17 14:37:00,1375,1375,1380,1380,1100
2022-01-17 14:38:00,1375,1375,1375,1375,5500
2022-01-17 14:39:00,1375,1375,1375,1375,0
2022-01-17 14:40:00,1375,1375,1380,1380,5500
2022-01-17 14:41:00,1375,1375,1375,1375,5400
2022-01-17 14:42:00,1380,1375,1380,1375,1700
2022-01-17 14:43:00,1380,1380,1380,1380,25800
2022-01-17 14:44:00,1380,1375,1380,1375,28200
2022-01-17 14:45:00,1380,1380,1380,1380,200
2022-01-17 14:46:00,1375,1375,1380,1380,30900
2022-01-17 14:47:00,1380,1375,1380,1375,1200
2022-01-17 14:48:00,1380,1380,1390,1390,21900
2022-01-17 14:49:00,1385,1385,1390,1390,17000
2022-01-17 14:50:00,1385,1385,1390,1390,0
2022-01-17 14:51:00,1385,1385,1390,1390,0
2022-01-17 14:52:00,1385,1385,1390,1390,0
2022-01-17 14:53:00,1385,1385,1390,1390,0
2022-01-17 14:54:00,1385,1385,1390,1390,0
2022-01-17 14:55:00,1385,1385,1390,1390,0
2022-01-17 14:56:00,1385,1385,1390,1390,0
2022-01-17 14:57:00,1385,1385,1390,1390,0
2022-01-17 14:58:00,1385,1385,1390,1390,0
2022-01-17 14:59:00,1385,1385,1390,1390,0
2022-01-17 15:00:00,1380,1380,1380,1380,223600
2022-01-17 15:01:00,1380,1380,1380,1380,47000
2022-01-17 15:02:00,1380,1380,1380,1380,26400
2022-01-17 15:03:00,1380,1380,1380,1380,30500
2022-01-17 15:04:00,1380,1380,1380,1380,39600
2022-01-17 15:05:00,1380,1380,1380,1380,5800
2022-01-17 15:06:00,1380,1380,1380,1380,2600
2022-01-17 15:07:00,1380,1380,1380,1380,3000
2022-01-17 15:08:00,1380,1380,1380,1380,500
2022-01-17 15:09:00,1380,1380,1380,1380,14400
2022-01-17 15:10:00,1380,1380,1380,1380,100
2022-01-17 15:11:00,1380,1380,1380,1380,0
2022-01-17 15:12:00,1380,1380,1380,1380,3700
2022-01-17 15:13:00,1380,1380,1380,1380,100
2022-01-17 15:14:00,1380,1380,1380,1380,0
2022-01-17 15:15:00,1380,1380,1380,1380,0
2022-01-17 15:16:00,1380,1380,1380,1380,0
2022-01-17 15:17:00,1380,1380,1380,1380,0
2022-01-17 15:18:00,1380,1380,1380,1380,0
2022-01-17 15:19:00,1380,1380,1380,1380,0
2022-01-17 15:20:00,1380,1380,1380,1380,0
2022-01-17 15:21:00,1380,1380,1380,1380,0
2022-01-17 15:22:00,1380,1380,1380,1380,0
2022-01-17 15:23:00,1380,1380,1380,1380,0
2022-01-17 15:24:00,1380,1380,1380,1380,0
2022-01-17 15:25:00,1380,1380,1380,1380,0
2022-01-17 15:26:00,1380,1380,1380,1380,0
2022-01-17 15:27:00,1380,1380,1380,1380,0
2022-01-17 15:28:00,1380,1380,1380,1380,0
2022-01-17 15:29:00,1380,1380,1380,1380,0
2022-01-17 15:30:00,1380,1380,1380,1380,0
2022-01-17 15:31:00,1380,1380,1380,1380,0
2022-01-17 15:32:00,1380,1380,1380,1380,0
2022-01-17 15:33:00,1380,1380,1380,1380,0
2022-01-17 15:34:00,1380,1380,1380,1380,0
2022-01-17 15:35:00,1380,1380,1380,1380,0
2022-01-17 15:36:00,1380,1380,1380,1380,0
2022-01-17 15:37:00,1380,1380,1380,1380,0
2022-01-17 15:38:00,1380,1380,1380,1380,0
2022-01-17 15:39:00,1380,1380,1380,1380,0
2022-01-17 15:40:00,1380,1380,1380,1380,0
2022-01-17 15:41:00,1380,1380,1380,1380,0
2022-01-17 15:42:00,1380,1380,1380,1380,0
2022-01-17 15:43:00,1380,1380,1380,1380,0
2022-01-17 15:44:00,1380,1380,1380,1380,0
2022-01-17 15:45:00,1380,1380,1380,1380,0
2022-01-17 15:46:00,1380,1380,1380,1380,0
2022-01-17 15:47:00,1380,1380,1380,1380,0
2022-01-17 15:48:00,1380,1380,1380,1380,0
2022-01-17 15:49:00,1380,1380,1380,1380,0
2022-01-17 15:50:00,1380,1380,1380,1380,0
2022-01-17 15:51:00,1380,1380,1380,1380,0
2022-01-17 15:52:00,1380,1380,1380,1380,0
2022-01-17 15:53:00,1380,1380,1380,1380,0
2022-01-17 15:54:00,1380,1380,1380,1380,0
2022-01-17 15:55:00,1380,1380,1380,1380,0
2022-01-17 15:56:00,1380,1380,1380,1380,0
2022-01-17 15:57:00,1380,1380,1380,1380,0
2022-01-17 15:58:00,1380,1380,1380,1380,0
2022-01-17 15:59:00,1380,1380,1380,1380,0
2022-01-18 09:00:00,1380,1380,1385,1380,0
2022-01-18 09:01:00,1385,1380,1385,1385,210500
2022-01-18 09:02:00,1380,1380,1390,1385,583700
2022-01-18 09:03:00,1385,1375,1385,1375,125900
2022-01-18 09:04:00,1375,1375,1390,1390,742300
2022-01-18 09:05:00,1390,1390,1405,1405,398600
2022-01-18 09:06:00,1405,1400,1415,1415,111900
2022-01-18 09:07:00,1415,1410,1415,1410,340800
2022-01-18 09:08:00,1410,1390,1410,1390,165300
2022-01-18 09:09:00,1400,1390,1400,1390,96400
2022-01-18 09:10:00,1395,1395,1400,1395,65200
2022-01-18 09:11:00,1400,1395,1400,1395,5600
2022-01-18 09:12:00,1395,1395,1395,1395,6100
2022-01-18 09:13:00,1395,1395,1395,1395,115600
2022-01-18 09:14:00,1395,1395,1395,1395,0
2022-01-18 09:15:00,1395,1395,1395,1395,18000
2022-01-18 09:16:00,1395,1390,1395,1390,42600
2022-01-18 09:17:00,1390,1390,1390,1390,8900
2022-01-18 09:18:00,1390,1390,1390,1390,800
2022-01-18 09:19:00,1385,1385,1390,1385,54600
2022-01-18 09:20:00,1390,1390,1390,1390,500
2022-01-18 09:21:00,1390,1390,1390,1390,600
2022-01-18 09:22:00,1390,1385,1390,1390,1800
2022-01-18 09:23:00,1390,1385,1390,1390,17500
2022-01-18 09:24:00,1390,1390,1390,1390,1000
2022-01-18 09:25:00,1390,1390,1390,1390,0
2022-01-18 09:26:00,1390,1390,1390,1390,0
2022-01-18 09:27:00,1390,1385,1390,1390,20300
2022-01-18 09:28:00,1390,1390,1390,1390,6400
2022-01-18 09:29:00,1390,1390,1395,1395,6700
2022-01-18 09:30:00,1395,1395,1395,1395,1100
2022-01-18 09:31:00,1395,1395,1395,1395,14000
2022-01-18 09:32:00,1395,1390,1395,1390,22300
2022-01-18 09:33:00,1390,1390,1390,1390,16900
2022-01-18 09:34:00,1400,1400,1400,1400,22700
2022-01-18 09:35:00,1400,1395,1400,1400,397300
2022-01-18 09:36:00,1400,1400,1405,1405,404400
2022-01-18 09:37:00,1400,1400,1410,1405,413500
2022-01-18 09:38:00,1410,1405,1415,1415,501700
2022-01-18 09:39:00,1415,1415,1430,1430,566300
2022-01-18 09:40:00,1425,1420,1430,1430,518900
2022-01-18 09:41:00,1430,1400,1430,1425,797300
2022-01-18 09:42:00,1425,1410,1425,1420,120800
2022-01-18 09:43:00,1420,1415,1420,1415,93600
2022-01-18 09:44:00,1415,1415,1420,1420,2600
2022-01-18 09:45:00,1415,1415,1415,1415,1800
2022-01-18 09:46:00,1415,1415,1415,1415,2000
2022-01-18 09:47:00,1415,1415,1415,1415,22100
2022-01-18 09:48:00,1415,1415,1415,1415,0
2022-01-18 09:49:00,1415,1415,1415,1415,0
2022-01-18 09:50:00,1415,1410,1415,1410,112600
2022-01-18 09:51:00,1410,1405,1410,1405,37500
2022-01-18 09:52:00,1410,1405,1410,1410,2100
2022-01-18 09:53:00,1405,1405,1410,1410,3800
2022-01-18 09:54:00,1410,1405,1410,1405,3700
2022-01-18 09:55:00,1410,1410,1410,1410,3200
2022-01-18 09:56:00,1410,1410,1410,1410,20000
2022-01-18 09:57:00,1410,1410,1410,1410,0
2022-01-18 09:58:00,1410,1405,1410,1405,22000
2022-01-18 09:59:00,1405,1405,1405,1405,300
2022-01-18 10:00:00,1410,1405,1410,1405,3000
2022-01-18 10:01:00,1405,1400,1405,1400,121600
2022-01-18 10:02:00,1400,1400,1400,1400,12100
2022-01-18 10:03:00,1405,1400,1405,1400,26300
2022-01-18 10:04:00,1400,1400,1400,1400,136100
2022-01-18 10:05:00,1395,1395,1395,1395,112400
2022-01-18 10:06:00,1390,1380,1390,1380,223600
2022-01-18 10:07:00,1380,1365,1380,1365,512800
2022-01-18 10:08:00,1360,1360,1365,1360,92100
2022-01-18 10:09:00,1360,1360,1365,1360,20100
2022-01-18 10:10:00,1360,1360,1365,1360,11200
2022-01-18 10:11:00,1360,1360,1360,1360,7600
2022-01-18 10:12:00,1360,1360,1365,1365,2800
2022-01-18 10:13:00,1365,1365,1365,1365,3800
2022-01-18 10:14:00,1365,1365,1365,1365,1400
2022-01-18 10:15:00,1365,1365,1365,1365,1000
2022-01-18 10:16:00,1370,1370,1370,1370,900
2022-01-18 10:17:00,1365,1365,1370,1370,13000
2022-01-18 10:18:00,1365,1365,1370,1370,300
2022-01-18 10:19:00,1370,1370,1370,1370,700
2022-01-18 10:20:00,1365,1365,1370,1370,1700
2022-01-18 10:21:00,1370,1370,1370,1370,400
2022-01-18 10:22:00,1370,1365,1370,1365,3700
2022-01-18 10:23:00,1370,1365,1370,1365,0
2022-01-18 10:24:00,1370,1365,1370,1365,0
2022-01-18 10:25:00,1365,1360,1365,1365,94100
2022-01-18 10:26:00,1360,1360,1365,1365,3500
2022-01-18 10:27:00,1360,1360,1365,1365,0
2022-01-18 10:28:00,1360,1360,1360,1360,100
2022-01-18 10:29:00,1360,1360,1365,1360,21600
2022-01-18 10:30:00,1360,1345,1360,1345,697200
2022-01-18 10:31:00,1345,1345,1360,1350,111100
2022-01-18 10:32:00,1355,1350,1360,1360,13300
2022-01-18 10:33:00,1355,1350,1360,1360,0
2022-01-18 10:34:00,1355,1355,1360,1360,20500
2022-01-18 10:35:00,1360,1355,1360,1360,19400
2022-01-18 10:36:00,1360,1355,1360,1360,0
2022-01-18 10:37:00,1355,1355,1360,1360,27100
2022-01-18 10:38:00,1360,1360,1360,1360,100
2022-01-18 10:39:00,1360,1360,1360,1360,100
2022-01-18 10:40:00,1355,1350,1355,1350,90000
2022-01-18 10:41:00,1350,1345,1350,1350,4800
2022-01-18 10:42:00,1345,1345,1345,1345,17600
2022-01-18 10:43:00,1345,1345,1345,1345,200
2022-01-18 10:44:00,1345,1345,1345,1345,12700
2022-01-18 10:45:00,1345,1345,1345,1345,14600
2022-01-18 10:46:00,1350,1350,1350,1350,700
2022-01-18 10:47:00,1345,1345,1350,1345,62200
2022-01-18 10:48:00,1350,1345,1350,1345,3400
2022-01-18 10:49:00,1345,1340,1345,1340,34100
2022-01-18 10:50:00,1340,1335,1345,1335,78200
2022-01-18 10:51:00,1335,1335,1340,1340,33700
2022-01-18 10:52:00,1335,1335,1335,1335,54600
2022-01-18 10:53:00,1335,1335,1335,1335,10000
2022-01-18 10:54:00,1335,1335,1335,1335,3700
2022-01-18 10:55:00,1335,1335,1335,1335,19900
2022-01-18 10:56:00,1335,1335,1345,1335,12500
2022-01-18 10:57:00,1335,1335,1335,1335,100
2022-01-18 10:58:00,1335,1335,1335,1335,34900
2022-01-18 10:59:00,1330,1330,1335,1335,10900
2022-01-18 11:00:00,1330,1330,1330,1330,24500
2022-01-18 11:01:00,1330,1330,1330,1330,2900
2022-01-18 11:02:00,1330,1325,1330,1325,95500
2022-01-18 11:03:00,1325,1325,1330,1325,6100
2022-01-18 11:04:00,1330,1330,1350,1330,28200
2022-01-18 11:05:00,1330,1330,1350,1330,0
2022-01-18 11:06:00,1340,1335,1340,1335,32400
2022-01-18 11:07:00,1335,1330,1335,1330,27300
2022-01-18 11:08:00,1335,1335,1340,1340,700
2022-01-18 11:09:00,1335,1335,1340,1340,0
2022-01-18 11:10:00,1335,1335,1340,1340,0
2022-01-18 11:11:00,1335,1335,1335,1335,100
2022-01-18 11:12:00,1335,1335,1335,1335,600
2022-01-18 11:13:00,1335,1335,1335,1335,100
2022-01-18 11:14:00,1335,1335,1340,1340,1200
2022-01-18 11:15:00,1340,1335,1340,1335,1100
2022-01-18 11:16:00,1340,1335,1340,1335,1200
2022-01-18 11:17:00,1340,1340,1340,1340,12500
2022-01-18 11:18:00,1340,1340,1340,1340,300
2022-01-18 11:19:00,1340,1340,1340,1340,2100
2022-01-18 11:20:00,1345,1345,1345,1345,2500
2022-01-18 11:21:00,1345,1345,1345,1345,0
2022-01-18 11:22:00,1340,1340,1350,1350,4000
2022-01-18 11:23:00,1340,1335,1340,1340,200100
2022-01-18 11:24:00,1340,1340,1340,1340,5300
2022-01-18 11:25:00,1340,1340,1340,1340,800
2022-01-18 11:26:00,1345,1345,1345,1345,600
2022-01-18 11:27:00,1345,1345,1345,1345,1000
2022-01-18 11:28:00,1345,1345,1345,1345,100
2022-01-18 11:29:00,1345,1345,1350,1350,3800
2022-01-18 11:30:00,1345,1345,1350,1350,0
2022-01-18 11:31:00,1345,1345,1350,1350,0
2022-01-18 11:32:00,1345,1345,1350,1350,0
2022-01-18 11:33:00,1345,1345,1350,1350,0
2022-01-18 11:34:00,1345,1345,1350,1350,0
2022-01-18 11:35:00,1345,1345,1350,1350,0
2022-01-18 11:36:00,1345,1345,1350,1350,0
2022-01-18 11:37:00,1345,1345,1350,1350,0
2022-01-18 11:38:00,1345,1345,1350,1350,0
2022-01-18 11:39:00,1345,1345,1350,1350,0
2022-01-18 11:40:00,1345,1345,1350,1350,0
2022-01-18 11:41:00,1345,1345,1350,1350,0
2022-01-18 11:42:00,1345,1345,1350,1350,0
2022-01-18 11:43:00,1345,1345,1350,1350,0
2022-01-18 11:44:00,1345,1345,1350,1350,0
2022-01-18 11:45:00,1345,1345,1350,1350,0
2022-01-18 11:46:00,1345,1345,1350,1350,0
2022-01-18 11:47:00,1345,1345,1350,1350,0
2022-01-18 11:48:00,1345,1345,1350,1350,0
2022-01-18 11:49:00,1345,1345,1350,1350,0
2022-01-18 11:50:00,1345,1345,1350,1350,0
2022-01-18 11:51:00,1345,1345,1350,1350,0
2022-01-18 11:52:00,1345,1345,1350,1350,0
2022-01-18 11:53:00,1345,1345,1350,1350,0
2022-01-18 11:54:00,1345,1345,1350,1350,0
2022-01-18 11:55:00,1345,1345,1350,1350,0
2022-01-18 11:56:00,1345,1345,1350,1350,0
2022-01-18 11:57:00,1345,1345,1350,1350,0
2022-01-18 11:58:00,1345,1345,1350,1350,0
2022-01-18 11:59:00,1345,1345,1350,1350,0
2022-01-18 12:00:00,1345,1345,1350,1350,0
2022-01-18 12:01:00,1345,1345,1350,1350,0
2022-01-18 12:02:00,1345,1345,1350,1350,0
2022-01-18 12:03:00,1345,1345,1350,1350,0
2022-01-18 12:04:00,1345,1345,1350,1350,0
2022-01-18 12:05:00,1345,1345,1350,1350,0
2022-01-18 12:06:00,1345,1345,1350,1350,0
2022-01-18 12:07:00,1345,1345,1350,1350,0
2022-01-18 12:08:00,1345,1345,1350,1350,0
2022-01-18 12:09:00,1345,1345,1350,1350,0
2022-01-18 12:10:00,1345,1345,1350,1350,0
2022-01-18 12:11:00,1345,1345,1350,1350,0
2022-01-18 12:12:00,1345,1345,1350,1350,0
2022-01-18 12:13:00,1345,1345,1350,1350,0
2022-01-18 12:14:00,1345,1345,1350,1350,0
2022-01-18 12:15:00,1345,1345,1350,1350,0
2022-01-18 12:16:00,1345,1345,1350,1350,0
2022-01-18 12:17:00,1345,1345,1350,1350,0
2022-01-18 12:18:00,1345,1345,1350,1350,0
2022-01-18 12:19:00,1345,1345,1350,1350,0
2022-01-18 12:20:00,1345,1345,1350,1350,0
2022-01-18 12:21:00,1345,1345,1350,1350,0
2022-01-18 12:22:00,1345,1345,1350,1350,0
2022-01-18 12:23:00,1345,1345,1350,1350,0
2022-01-18 12:24:00,1345,1345,1350,1350,0
2022-01-18 12:25:00,1345,1345,1350,1350,0
2022-01-18 12:26:00,1345,1345,1350,1350,0
2022-01-18 12:27:00,1345,1345,1350,1350,0
2022-01-18 12:28:00,1345,1345,1350,1350,0
2022-01-18 12:29:00,1345,1345,1350,1350,0
2022-01-18 12:30:00,1345,1345,1350,1350,0
2022-01-18 12:31:00,1345,1345,1350,1350,0
2022-01-18 12:32:00,1345,1345,1350,1350,0
2022-01-18 12:33:00,1345,1345,1350,1350,0
2022-01-18 12:34:00,1345,1345,1350,1350,0
2022-01-18 12:35:00,1345,1345,1350,1350,0
2022-01-18 12:36:00,1345,1345,1350,1350,0
2022-01-18 12:37:00,1345,1345,1350,1350,0
2022-01-18 12:38:00,1345,1345,1350,1350,0
2022-01-18 12:39:00,1345,1345,1350,1350,0
2022-01-18 12:40:00,1345,1345,1350,1350,0
2022-01-18 12:41:00,1345,1345,1350,1350,0
2022-01-18 12:42:00,1345,1345,1350,1350,0
2022-01-18 12:43:00,1345,1345,1350,1350,0
2022-01-18 12:44:00,1345,1345,1350,1350,0
2022-01-18 12:45:00,1345,1345,1350,1350,0
2022-01-18 12:46:00,1345,1345,1350,1350,0
2022-01-18 12:47:00,1345,1345,1350,1350,0
2022-01-18 12:48:00,1345,1345,1350,1350,0
2022-01-18 12:49:00,1345,1345,1350,1350,0
2022-01-18 12:50:00,1345,1345,1350,1350,0
2022-01-18 12:51:00,1345,1345,1350,1350,0
2022-01-18 12:52:00,1345,1345,1350,1350,0
2022-01-18 12:53:00,1345,1345,1350,1350,0
2022-01-18 12:54:00,1345,1345,1350,1350,0
2022-01-18 12:55:00,1345,1345,1350,1350,0
2022-01-18 12:56:00,1345,1345,1350,1350,0
2022-01-18 12:57:00,1345,1345,1350,1350,0
2022-01-18 12:58:00,1345,1345,1350,1350,0
2022-01-18 12:59:00,1345,1345,1350,1350,0
2022-01-18 13:00:00,1345,1345,1350,1350,0
2022-01-18 13:01:00,1345,1345,1350,1350,0
2022-01-18 13:02:00,1345,1345,1350,1350,0
2022-01-18 13:03:00,1345,1345,1350,1350,0
2022-01-18 13:04:00,1345,1345,1350,1350,0
2022-01-18 13:05:00,1345,1345,1350,1350,0
2022-01-18 13:06:00,1345,1345,1350,1350,0
2022-01-18 13:07:00,1345,1345,1350,1350,0
2022-01-18 13:08:00,1345,1345,1350,1350,0
2022-01-18 13:09:00,1345,1345,1350,1350,0
2022-01-18 13:10:00,1345,1345,1350,1350,0
2022-01-18 13:11:00,1345,1345,1350,1350,0
2022-01-18 13:12:00,1345,1345,1350,1350,0
2022-01-18 13:13:00,1345,1345,1350,1350,0
2022-01-18 13:14:00,1345,1345,1350,1350,0
2022-01-18 13:15:00,1345,1345,1350,1350,0
2022-01-18 13:16:00,1345,1345,1350,1350,0
2022-01-18 13:17:00,1345,1345,1350,1350,0
2022-01-18 13:18:00,1345,1345,1350,1350,0
2022-01-18 13:19:00,1345,1345,1350,1350,0
2022-01-18 13:20:00,1345,1345,1350,1350,0
2022-01-18 13:21:00,1345,1345,1350,1350,0
2022-01-18 13:22:00,1345,1345,1350,1350,0
2022-01-18 13:23:00,1345,1345,1350,1350,0
2022-01-18 13:24:00,1345,1345,1350,1350,0
2022-01-18 13:25:00,1345,1345,1350,1350,0
2022-01-18 13:26:00,1345,1345,1350,1350,0
2022-01-18 13:27:00,1345,1345,1350,1350,0
2022-01-18 13:28:00,1345,1345,1350,1350,0
2022-01-18 13:29:00,1345,1345,1350,1350,0
2022-01-18 13:30:00,1345,1345,1350,1350,3900
2022-01-18 13:31:00,1345,1345,1350,1350,0
2022-01-18 13:32:00,1345,1345,1345,1345,3000
2022-01-18 13:33:00,1345,1335,1345,1335,246100
2022-01-18 13:34:00,1330,1330,1345,1345,41700
2022-01-18 13:35:00,1345,1345,1345,1345,5600
2022-01-18 13:36:00,1345,1345,1345,1345,500
2022-01-18 13:37:00,1350,1350,1350,1350,23600
2022-01-18 13:38:00,1350,1350,1350,1350,100
2022-01-18 13:39:00,1350,1350,1350,1350,9500
2022-01-18 13:40:00,1350,1345,1350,1345,309400
2022-01-18 13:41:00,1350,1350,1350,1350,3900
2022-01-18 13:42:00,1350,1350,1350,1350,600
2022-01-18 13:43:00,1355,1355,1360,1355,309700
2022-01-18 13:44:00,1365,1360,1365,1365,44800
2022-01-18 13:45:00,1365,1365,1365,1365,5600
2022-01-18 13:46:00,1365,1365,1365,1365,7000
2022-01-18 13:47:00,1365,1365,1365,1365,0
2022-01-18 13:48:00,1365,1365,1365,1365,3700
2022-01-18 13:49:00,1370,1365,1370,1365,9700
2022-01-18 13:50:00,1365,1365,1365,1365,14700
2022-01-18 13:51:00,1365,1365,1365,1365,25200
2022-01-18 13:52:00,1365,1365,1365,1365,0
2022-01-18 13:53:00,1365,1365,1365,1365,13700
2022-01-18 13:54:00,1365,1365,1365,1365,0
2022-01-18 13:55:00,1365,1365,1365,1365,0
2022-01-18 13:56:00,1365,1360,1365,1360,8800
2022-01-18 13:57:00,1360,1360,1365,1365,3400
2022-01-18 13:58:00,1365,1365,1365,1365,600
2022-01-18 13:59:00,1360,1360,1360,1360,1300
2022-01-18 14:00:00,1360,1360,1360,1360,0
2022-01-18 14:01:00,1360,1360,1360,1360,1000
2022-01-18 14:02:00,1360,1360,1360,1360,0
2022-01-18 14:03:00,1360,1360,1360,1360,0
2022-01-18 14:04:00,1360,1360,1360,1360,0
2022-01-18 14:05:00,1360,1360,1360,1360,0
2022-01-18 14:06:00,1360,1355,1360,1355,11600
2022-01-18 14:07:00,1355,1355,1355,1355,500
2022-01-18 14:08:00,1355,1355,1355,1355,300
2022-01-18 14:09:00,1355,1355,1355,1355,1800
2022-01-18 14:10:00,1355,1355,1355,1355,0
2022-01-18 14:11:00,1355,1355,1355,1355,0
2022-01-18 14:12:00,1355,1350,1355,1350,7700
2022-01-18 14:13:00,1350,1340,1350,1340,7000
2022-01-18 14:14:00,1340,1340,1350,1350,24100
2022-01-18 14:15:00,1355,1355,1355,1355,1200
2022-01-18 14:16:00,1355,1355,1355,1355,16300
2022-01-18 14:17:00,1355,1355,1355,1355,100
2022-01-18 14:18:00,1355,1345,1355,1345,22700
2022-01-18 14:19:00,1345,1345,1345,1345,10100
2022-01-18 14:20:00,1345,1345,1345,1345,0
2022-01-18 14:21:00,1345,1345,1345,1345,200
2022-01-18 14:22:00,1345,1345,1345,1345,0
2022-01-18 14:23:00,1345,1345,1345,1345,0
2022-01-18 14:24:00,1345,1345,1345,1345,0
2022-01-18 14:25:00,1360,1360,1360,1360,1500
2022-01-18 14:26:00,1360,1360,1360,1360,0
2022-01-18 14:27:00,1360,1360,1360,1360,0
2022-01-18 14:28:00,1360,1360,1360,1360,0
2022-01-18 14:29:00,1350,1345,1350,1345,6600
2022-01-18 14:30:00,1345,1340,1345,1340,11100
2022-01-18 14:31:00,1340,1335,1340,1335,84300
2022-01-18 14:32:00,1335,1335,1340,1335,17300
2022-01-18 14:33:00,1335,1335,1335,1335,2500
2022-01-18 14:34:00,1335,1335,1340,1335,63800
2022-01-18 14:35:00,1340,1340,1340,1340,34200
2022-01-18 14:36:00,1340,1340,1340,1340,14800
2022-01-18 14:37:00,1340,1340,1340,1340,500
2022-01-18 14:38:00,1340,1340,1340,1340,0
2022-01-18 14:39:00,1355,1355,1355,1355,100
2022-01-18 14:40:00,1340,1340,1340,1340,300
2022-01-18 14:41:00,1340,1340,1340,1340,0
2022-01-18 14:42:00,1340,1335,1340,1340,2300
2022-01-18 14:43:00,1340,1340,1340,1340,1900
2022-01-18 14:44:00,1340,1340,1340,1340,0
2022-01-18 14:45:00,1345,1340,1355,1350,15600
2022-01-18 14:46:00,1340,1340,1340,1340,300
2022-01-18 14:47:00,1340,1335,1340,1335,5000
2022-01-18 14:48:00,1335,1335,1335,1335,2000
2022-01-18 14:49:00,1340,1330,1340,1330,54100
2022-01-18 14:50:00,1340,1330,1340,1330,0
2022-01-18 14:51:00,1340,1330,1340,1330,0
2022-01-18 14:52:00,1340,1330,1340,1330,0
2022-01-18 14:53:00,1340,1330,1340,1330,0
2022-01-18 14:54:00,1340,1330,1340,1330,0
2022-01-18 14:55:00,1340,1330,1340,1330,0
2022-01-18 14:56:00,1340,1330,1340,1330,0
2022-01-18 14:57:00,1340,1330,1340,1330,0
2022-01-18 14:58:00,1340,1330,1340,1330,0
2022-01-18 14:59:00,1340,1330,1340,1330,0
2022-01-18 15:00:00,1350,1350,1350,1350,32000
2022-01-18 15:01:00,1350,1350,1350,1350,46000
2022-01-18 15:02:00,1350,1350,1350,1350,0
2022-01-18 15:03:00,1350,1350,1350,1350,5000
2022-01-18 15:04:00,1350,1350,1350,1350,0
2022-01-18 15:05:00,1350,1350,1350,1350,0
2022-01-18 15:06:00,1350,1350,1350,1350,0
2022-01-18 15:07:00,1350,1350,1350,1350,4000
2022-01-18 15:08:00,1350,1350,1350,1350,0
2022-01-18 15:09:00,1350,1350,1350,1350,0
2022-01-18 15:10:00,1350,1350,1350,1350,0
2022-01-18 15:11:00,1350,1350,1350,1350,0
2022-01-18 15:12:00,1350,1350,1350,1350,0
2022-01-18 15:13:00,1350,1350,1350,1350,50000
2022-01-18 15:14:00,1350,1350,1350,1350,12306300
2022-01-18 15:15:00,1350,1350,1350,1350,0
2022-01-18 15:16:00,1350,1350,1350,1350,0
2022-01-18 15:17:00,1350,1350,1350,1350,0
2022-01-18 15:18:00,1350,1350,1350,1350,0
2022-01-18 15:19:00,1350,1350,1350,1350,0
2022-01-18 15:20:00,1350,1350,1350,1350,0
2022-01-18 15:21:00,1350,1350,1350,1350,0
2022-01-18 15:22:00,1350,1350,1350,1350,0
2022-01-18 15:23:00,1350,1350,1350,1350,0
2022-01-18 15:24:00,1350,1350,1350,1350,0
2022-01-18 15:25:00,1350,1350,1350,1350,0
2022-01-18 15:26:00,1350,1350,1350,1350,0
2022-01-18 15:27:00,1350,1350,1350,1350,0
2022-01-18 15:28:00,1350,1350,1350,1350,0
2022-01-18 15:29:00,1350,1350,1350,1350,0
2022-01-18 15:30:00,1350,1350,1350,1350,0
2022-01-18 15:31:00,1350,1350,1350,1350,0
2022-01-18 15:32:00,1350,1350,1350,1350,0
2022-01-18 15:33:00,1350,1350,1350,1350,0
2022-01-18 15:34:00,1350,1350,1350,1350,0
2022-01-18 15:35:00,1350,1350,1350,1350,0
2022-01-18 15:36:00,1350,1350,1350,1350,0
2022-01-18 15:37:00,1350,1350,1350,1350,0
2022-01-18 15:38:00,1350,1350,1350,1350,0
2022-01-18 15:39:00,1350,1350,1350,1350,0
2022-01-18 15:40:00,1350,1350,1350,1350,0
2022-01-18 15:41:00,1350,1350,1350,1350,0
2022-01-18 15:42:00,1350,1350,1350,1350,0
2022-01-18 15:43:00,1350,1350,1350,1350,0
2022-01-18 15:44:00,1350,1350,1350,1350,0
2022-01-18 15:45:00,1350,1350,1350,1350,0
2022-01-18 15:46:00,1350,1350,1350,1350,0
2022-01-18 15:47:00,1350,1350,1350,1350,0
2022-01-18 15:48:00,1350,1350,1350,1350,0
2022-01-18 15:49:00,1350,1350,1350,1350,0
2022-01-18 15:50:00,1350,1350,1350,1350,0
2022-01-18 15:51:00,1350,1350,1350,1350,0
2022-01-18 15:52:00,1350,1350,1350,1350,0
2022-01-18 15:53:00,1350,1350,1350,1350,0
2022-01-18 15:54:00,1350,1350,1350,1350,0
2022-01-18 15:55:00,1350,1350,1350,1350,0
2022-01-18 15:56:00,1350,1350,1350,1350,0
2022-01-18 15:57:00,1350,1350,1350,1350,0
2022-01-18 15:58:00,1350,1350,1350,1350,0
2022-01-18 15:59:00,1350,1350,1350,1350,0
2022-01-19 09:00:00,1350,1350,1350,1350,0
2022-01-19 09:01:00,1350,1350,1350,1350,0
2022-01-19 09:02:00,1350,1350,1350,1350,1000
2022-01-19 09:03:00,1330,1330,1330,1330,3500
2022-01-19 09:04:00,1330,1330,1330,1330,6400
2022-01-19 09:05:00,1330,1330,1330,1330,4600
2022-01-19 09:06:00,1330,1330,1340,1340,500
2022-01-19 09:07:00,1340,1340,1340,1340,16100
2022-01-19 09:08:00,1345,1345,1345,1345,3600
2022-01-19 09:09:00,1345,1340,1345,1340,10000
2022-01-19 09:10:00,1335,1335,1335,1335,2400
2022-01-19 09:11:00,1330,1330,1330,1330,10900
2022-01-19 09:12:00,1325,1325,1330,1330,205000
2022-01-19 09:13:00,1325,1325,1330,1330,56200
2022-01-19 09:14:00,1330,1330,1330,1330,11800
2022-01-19 09:15:00,1330,1330,1330,1330,7100
2022-01-19 09:16:00,1330,1330,1335,1335,153500
2022-01-19 09:17:00,1330,1330,1335,1335,47900
2022-01-19 09:18:00,1340,1340,1345,1340,368100
2022-01-19 09:19:00,1340,1340,1340,1340,18300
2022-01-19 09:20:00,1345,1345,1345,1345,117900
2022-01-19 09:21:00,1350,1350,1350,1350,574700
2022-01-19 09:22:00,1355,1355,1365,1365,198000
2022-01-19 09:23:00,1365,1360,1365,1360,160000
2022-01-19 09:24:00,1365,1360,1375,1375,267000
2022-01-19 09:25:00,1375,1370,1375,1370,78900
2022-01-19 09:26:00,1365,1345,1365,1350,731600
2022-01-19 09:27:00,1345,1340,1345,1345,199200
2022-01-19 09:28:00,1345,1345,1345,1345,800
2022-01-19 09:29:00,1345,1345,1345,1345,0
2022-01-19 09:30:00,1340,1340,1340,1340,100
2022-01-19 09:31:00,1340,1340,1340,1340,10000
2022-01-19 09:32:00,1340,1340,1340,1340,0
2022-01-19 09:33:00,1340,1340,1340,1340,1400
2022-01-19 09:34:00,1340,1335,1340,1340,115400
2022-01-19 09:35:00,1340,1340,1340,1340,1000
2022-01-19 09:36:00,1335,1335,1335,1335,2000
2022-01-19 09:37:00,1335,1335,1335,1335,1400
2022-01-19 09:38:00,1335,1335,1335,1335,0
2022-01-19 09:39:00,1340,1340,1340,1340,24700
2022-01-19 09:40:00,1340,1340,1345,1345,10600
2022-01-19 09:41:00,1340,1340,1345,1345,800
2022-01-19 09:42:00,1340,1340,1340,1340,1200
2022-01-19 09:43:00,1340,1340,1340,1340,600
2022-01-19 09:44:00,1340,1335,1340,1335,51400
2022-01-19 09:45:00,1340,1335,1340,1335,0
2022-01-19 09:46:00,1335,1335,1335,1335,200
2022-01-19 09:47:00,1335,1335,1335,1335,13300
2022-01-19 09:48:00,1335,1335,1335,1335,9200
2022-01-19 09:49:00,1335,1335,1335,1335,400
2022-01-19 09:50:00,1335,1335,1335,1335,2900
2022-01-19 09:51:00,1335,1335,1335,1335,0
2022-01-19 09:52:00,1335,1335,1340,1340,2600
2022-01-19 09:53:00,1335,1335,1340,1340,0
2022-01-19 09:54:00,1335,1335,1340,1340,0
2022-01-19 09:55:00,1340,1340,1340,1340,100
2022-01-19 09:56:00,1335,1335,1335,1335,900
2022-01-19 09:57:00,1335,1335,1335,1335,0
2022-01-19 09:58:00,1340,1335,1340,1340,2100
2022-01-19 09:59:00,1340,1335,1340,1340,0
2022-01-19 10:00:00,1340,1335,1340,1340,0
2022-01-19 10:01:00,1340,1340,1340,1340,4400
2022-01-19 10:02:00,1340,1340,1340,1340,0
2022-01-19 10:03:00,1335,1335,1335,1335,5500
2022-01-19 10:04:00,1335,1335,1335,1335,1100
2022-01-19 10:05:00,1335,1335,1335,1335,0
2022-01-19 10:06:00,1335,1335,1335,1335,0
2022-01-19 10:07:00,1335,1335,1335,1335,0
2022-01-19 10:08:00,1335,1335,1335,1335,0
2022-01-19 10:09:00,1335,1335,1335,1335,0
2022-01-19 10:10:00,1335,1335,1335,1335,0
2022-01-19 10:11:00,1335,1335,1335,1335,0
2022-01-19 10:12:00,1335,1335,1335,1335,300
2022-01-19 10:13:00,1335,1335,1335,1335,0
2022-01-19 10:14:00,1345,1335,1345,1335,59400
2022-01-19 10:15:00,1345,1335,1345,1335,0
2022-01-19 10:16:00,1340,1340,1340,1340,1500
2022-01-19 10:17:00,1340,1340,1340,1340,0
2022-01-19 10:18:00,1340,1340,1340,1340,0
2022-01-19 10:19:00,1340,1340,1340,1340,0
2022-01-19 10:20:00,1340,1340,1340,1340,12900
2022-01-19 10:21:00,1340,1340,1340,1340,0
2022-01-19 10:22:00,1335,1335,1335,1335,5800
2022-01-19 10:23:00,1335,1335,1335,1335,0
2022-01-19 10:24:00,1335,1335,1335,1335,0
2022-01-19 10:25:00,1335,1335,1335,1335,0
2022-01-19 10:26:00,1335,1335,1335,1335,700
2022-01-19 10:27:00,1335,1335,1335,1335,0
2022-01-19 10:28:00,1335,1335,1335,1335,0
2022-01-19 10:29:00,1335,1335,1335,1335,1500
2022-01-19 10:30:00,1335,1335,1335,1335,300
2022-01-19 10:31:00,1335,1335,1335,1335,0
2022-01-19 10:32:00,1340,1335,1340,1335,200
2022-01-19 10:33:00,1340,1340,1340,1340,100
2022-01-19 10:34:00,1335,1335,1335,1335,5800
2022-01-19 10:35:00,1335,1335,1335,1335,0
2022-01-19 10:36:00,1340,1340,1340,1340,600
2022-01-19 10:37:00,1335,1335,1335,1335,100
2022-01-19 10:38:00,1335,1335,1335,1335,0
2022-01-19 10:39:00,1335,1335,1335,1335,0
2022-01-19 10:40:00,1335,1335,1335,1335,0
2022-01-19 10:41:00,1335,1335,1335,1335,0
2022-01-19 10:42:00,1335,1335,1335,1335,0
2022-01-19 10:43:00,1335,1335,1335,1335,0
2022-01-19 10:44:00,1335,1335,1335,1335,0
2022-01-19 10:45:00,1340,1335,1340,1335,8800
2022-01-19 10:46:00,1340,1335,1340,1335,0
2022-01-19 10:47:00,1335,1335,1335,1335,57500
2022-01-19 10:48:00,1335,1335,1335,1335,0
2022-01-19 10:49:00,1335,1335,1335,1335,0
2022-01-19 10:50:00,1335,1335,1335,1335,0
2022-01-19 10:51:00,1335,1335,1335,1335,0
2022-01-19 10:52:00,1335,1335,1335,1335,0
2022-01-19 10:53:00,1340,1340,1340,1340,100
2022-01-19 10:54:00,1340,1340,1340,1340,0
2022-01-19 10:55:00,1345,1345,1345,1345,500
2022-01-19 10:56:00,1345,1345,1345,1345,0
2022-01-19 10:57:00,1340,1335,1340,1335,1300
2022-01-19 10:58:00,1340,1335,1340,1335,0
2022-01-19 10:59:00,1340,1335,1340,1335,0
2022-01-19 11:00:00,1340,1335,1340,1335,0
2022-01-19 11:01:00,1335,1335,1335,1335,2500
2022-01-19 11:02:00,1340,1340,1340,1340,100
2022-01-19 11:03:00,1340,1340,1340,1340,1000
2022-01-19 11:04:00,1340,1340,1340,1340,0
2022-01-19 11:05:00,1340,1340,1340,1340,0
2022-01-19 11:06:00,1340,1340,1340,1340,0
2022-01-19 11:07:00,1340,1340,1340,1340,0
2022-01-19 11:08:00,1340,1340,1340,1340,0
2022-01-19 11:09:00,1335,1335,1335,1335,13600
2022-01-19 11:10:00,1335,1330,1335,1330,2800
2022-01-19 11:11:00,1335,1330,1335,1330,0
2022-01-19 11:12:00,1330,1330,1330,1330,100
2022-01-19 11:13:00,1330,1330,1330,1330,0
2022-01-19 11:14:00,1335,1335,1335,1335,2500
2022-01-19 11:15:00,1335,1335,1335,1335,0
2022-01-19 11:16:00,1335,1330,1335,1330,1100
2022-01-19 11:17:00,1335,1330,1335,1330,0
2022-01-19 11:18:00,1335,1330,1335,1330,0
2022-01-19 11:19:00,1340,1330,1340,1330,1400
2022-01-19 11:20:00,1340,1330,1340,1330,0
2022-01-19 11:21:00,1340,1330,1340,1330,0
2022-01-19 11:22:00,1335,1335,1335,1335,100
2022-01-19 11:23:00,1335,1335,1335,1335,0
2022-01-19 11:24:00,1335,1335,1335,1335,0
2022-01-19 11:25:00,1335,1335,1335,1335,0
2022-01-19 11:26:00,1330,1330,1330,1330,1000
2022-01-19 11:27:00,1330,1330,1330,1330,11300
2022-01-19 11:28:00,1330,1330,1330,1330,1000
2022-01-19 11:29:00,1330,1330,1335,1335,2200
2022-01-19 11:30:00,1330,1330,1335,1335,0
2022-01-19 11:31:00,1330,1330,1335,1335,0
2022-01-19 11:32:00,1330,1330,1335,1335,0
2022-01-19 11:33:00,1330,1330,1335,1335,0
2022-01-19 11:34:00,1330,1330,1335,1335,0
2022-01-19 11:35:00,1330,1330,1335,1335,0
2022-01-19 11:36:00,1330,1330,1335,1335,0
2022-01-19 11:37:00,1330,1330,1335,1335,0
2022-01-19 11:38:00,1330,1330,1335,1335,0
2022-01-19 11:39:00,1330,1330,1335,1335,0
2022-01-19 11:40:00,1330,1330,1335,1335,0
2022-01-19 11:41:00,1330,1330,1335,1335,0
2022-01-19 11:42:00,1330,1330,1335,1335,0
2022-01-19 11:43:00,1330,1330,1335,1335,0
2022-01-19 11:44:00,1330,1330,1335,1335,0
2022-01-19 11:45:00,1330,1330,1335,1335,0
2022-01-19 11:46:00,1330,1330,1335,1335,0
2022-01-19 11:47:00,1330,1330,1335,1335,0
2022-01-19 11:48:00,1330,1330,1335,1335,0
2022-01-19 11:49:00,1330,1330,1335,1335,0
2022-01-19 11:50:00,1330,1330,1335,1335,0
2022-01-19 11:51:00,1330,1330,1335,1335,0
2022-01-19 11:52:00,1330,1330,1335,1335,0
2022-01-19 11:53:00,1330,1330,1335,1335,0
2022-01-19 11:54:00,1330,1330,1335,1335,0
2022-01-19 11:55:00,1330,1330,1335,1335,0
2022-01-19 11:56:00,1330,1330,1335,1335,0
2022-01-19 11:57:00,1330,1330,1335,1335,0
2022-01-19 11:58:00,1330,1330,1335,1335,0
2022-01-19 11:59:00,1330,1330,1335,1335,0
2022-01-19 12:00:00,1330,1330,1335,1335,0
2022-01-19 12:01:00,1330,1330,1335,1335,0
2022-01-19 12:02:00,1330,1330,1335,1335,0
2022-01-19 12:03:00,1330,1330,1335,1335,0
2022-01-19 12:04:00,1330,1330,1335,1335,0
2022-01-19 12:05:00,1330,1330,1335,1335,0
2022-01-19 12:06:00,1330,1330,1335,1335,0
2022-01-19 12:07:00,1330,1330,1335,1335,0
2022-01-19 12:08:00,1330,1330,1335,1335,0
2022-01-19 12:09:00,1330,1330,1335,1335,0
2022-01-19 12:10:00,1330,1330,1335,1335,0
2022-01-19 12:11:00,1330,1330,1335,1335,0
2022-01-19 12:12:00,1330,1330,1335,1335,0
2022-01-19 12:13:00,1330,1330,1335,1335,0
2022-01-19 12:14:00,1330,1330,1335,1335,0
2022-01-19 12:15:00,1330,1330,1335,1335,0
2022-01-19 12:16:00,1330,1330,1335,1335,0
2022-01-19 12:17:00,1330,1330,1335,1335,0
2022-01-19 12:18:00,1330,1330,1335,1335,0
2022-01-19 12:19:00,1330,1330,1335,1335,0
2022-01-19 12:20:00,1330,1330,1335,1335,0
2022-01-19 12:21:00,1330,1330,1335,1335,0
2022-01-19 12:22:00,1330,1330,1335,1335,0
2022-01-19 12:23:00,1330,1330,1335,1335,0
2022-01-19 12:24:00,1330,1330,1335,1335,0
2022-01-19 12:25:00,1330,1330,1335,1335,0
2022-01-19 12:26:00,1330,1330,1335,1335,0
2022-01-19 12:27:00,1330,1330,1335,1335,0
2022-01-19 12:28:00,1330,1330,1335,1335,0
2022-01-19 12:29:00,1330,1330,1335,1335,0
2022-01-19 12:30:00,1330,1330,1335,1335,0
2022-01-19 12:31:00,1330,1330,1335,1335,0
2022-01-19 12:32:00,1330,1330,1335,1335,0
2022-01-19 12:33:00,1330,1330,1335,1335,0
2022-01-19 12:34:00,1330,1330,1335,1335,0
2022-01-19 12:35:00,1330,1330,1335,1335,0
2022-01-19 12:36:00,1330,1330,1335,1335,0
2022-01-19 12:37:00,1330,1330,1335,1335,0
2022-01-19 12:38:00,1330,1330,1335,1335,0
2022-01-19 12:39:00,1330,1330,1335,1335,0
2022-01-19 12:40:00,1330,1330,1335,1335,0
2022-01-19 12:41:00,1330,1330,1335,1335,0
2022-01-19 12:42:00,1330,1330,1335,1335,0
2022-01-19 12:43:00,1330,1330,1335,1335,0
2022-01-19 12:44:00,1330,1330,1335,1335,0
2022-01-19 12:45:00,1330,1330,1335,1335,0
2022-01-19 12:46:00,1330,1330,1335,1335,0
2022-01-19 12:47:00,1330,1330,1335,1335,0
2022-01-19 12:48:00,1330,1330,1335,1335,0
2022-01-19 12:49:00,1330,1330,1335,1335,0
2022-01-19 12:50:00,1330,1330,1335,1335,0
2022-01-19 12:51:00,1330,1330,1335,1335,0
2022-01-19 12:52:00,1330,1330,1335,1335,0
2022-01-19 12:53:00,1330,1330,1335,1335,0
2022-01-19 12:54:00,1330,1330,1335,1335,0
2022-01-19 12:55:00,1330,1330,1335,1335,0
2022-01-19 12:56:00,1330,1330,1335,1335,0
2022-01-19 12:57:00,1330,1330,1335,1335,0
2022-01-19 12:58:00,1330,1330,1335,1335,0
2022-01-19 12:59:00,1330,1330,1335,1335,0
2022-01-19 13:00:00,1330,1330,1335,1335,0
2022-01-19 13:01:00,1330,1330,1335,1335,0
2022-01-19 13:02:00,1330,1330,1335,1335,0
2022-01-19 13:03:00,1330,1330,1335,1335,0
2022-01-19 13:04:00,1330,1330,1335,1335,0
2022-01-19 13:05:00,1330,1330,1335,1335,0
2022-01-19 13:06:00,1330,1330,1335,1335,0
2022-01-19 13:07:00,1330,1330,1335,1335,0
2022-01-19 13:08:00,1330,1330,1335,1335,0
2022-01-19 13:09:00,1330,1330,1335,1335,0
2022-01-19 13:10:00,1330,1330,1335,1335,0
2022-01-19 13:11:00,1330,1330,1335,1335,0
2022-01-19 13:12:00,1330,1330,1335,1335,0
2022-01-19 13:13:00,1330,1330,1335,1335,0
2022-01-19 13:14:00,1330,1330,1335,1335,0
2022-01-19 13:15:00,1330,1330,1335,1335,0
2022-01-19 13:16:00,1330,1330,1335,1335,0
2022-01-19 13:17:00,1330,1330,1335,1335,0
2022-01-19 13:18:00,1330,1330,1335,1335,0
2022-01-19 13:19:00,1330,1330,1335,1335,0
2022-01-19 13:20:00,1330,1330,1335,1335,0
2022-01-19 13:21:00,1330,1330,1335,1335,0
2022-01-19 13:22:00,1330,1330,1335,1335,0
2022-01-19 13:23:00,1330,1330,1335,1335,0
2022-01-19 13:24:00,1330,1330,1335,1335,0
2022-01-19 13:25:00,1330,1330,1335,1335,0
2022-01-19 13:26:00,1330,1330,1335,1335,0
2022-01-19 13:27:00,1330,1330,1335,1335,0
2022-01-19 13:28:00,1330,1330,1335,1335,0
2022-01-19 13:29:00,1330,1330,1335,1335,0
2022-01-19 13:30:00,1335,1335,1335,1335,2900
2022-01-19 13:31:00,1335,1335,1335,1335,0
2022-01-19 13:32:00,1335,1335,1335,1335,291300
2022-01-19 13:33:00,1335,1330,1335,1335,296400
2022-01-19 13:34:00,1340,1335,1340,1335,476100
2022-01-19 13:35:00,1340,1340,1340,1340,30800
2022-01-19 13:36:00,1340,1340,1340,1340,0
2022-01-19 13:37:00,1340,1340,1340,1340,0
2022-01-19 13:38:00,1340,1340,1340,1340,0
2022-01-19 13:39:00,1340,1340,1340,1340,0
2022-01-19 13:40:00,1340,1340,1345,1345,2000
2022-01-19 13:41:00,1340,1340,1340,1340,100
2022-01-19 13:42:00,1340,1340,1345,1345,11300
2022-01-19 13:43:00,1340,1340,1345,1345,0
2022-01-19 13:44:00,1345,1345,1345,1345,3000
2022-01-19 13:45:00,1345,1345,1345,1345,0
2022-01-19 13:46:00,1345,1345,1350,1350,2100
2022-01-19 13:47:00,1345,1345,1350,1350,0
2022-01-19 13:48:00,1345,1345,1350,1350,0
2022-01-19 13:49:00,1350,1350,1350,1350,31200
2022-01-19 13:50:00,1350,1350,1350,1350,100
2022-01-19 13:51:00,1350,1350,1350,1350,0
2022-01-19 13:52:00,1350,1350,1350,1350,1000
2022-01-19 13:53:00,1345,1345,1345,1345,11000
2022-01-19 13:54:00,1350,1345,1350,1345,106800
2022-01-19 13:55:00,1345,1345,1345,1345,2200
2022-01-19 13:56:00,1345,1345,1345,1345,4600
2022-01-19 13:57:00,1345,1345,1345,1345,1200
2022-01-19 13:58:00,1345,1345,1345,1345,0
2022-01-19 13:59:00,1345,1345,1345,1345,14300
2022-01-19 14:00:00,1345,1345,1345,1345,400
2022-01-19 14:01:00,1350,1350,1365,1360,507900
2022-01-19 14:02:00,1360,1360,1365,1365,191600
2022-01-19 14:03:00,1370,1360,1370,1370,556700
2022-01-19 14:04:00,1370,1365,1385,1380,365700
2022-01-19 14:05:00,1385,1385,1390,1390,302200
2022-01-19 14:06:00,1390,1390,1400,1400,378400
2022-01-19 14:07:00,1400,1395,1410,1400,576200
2022-01-19 14:08:00,1405,1390,1405,1395,171000
2022-01-19 14:09:00,1390,1390,1410,1410,648600
2022-01-19 14:10:00,1415,1410,1420,1415,130100
2022-01-19 14:11:00,1410,1395,1420,1400,708200
2022-01-19 14:12:00,1420,1405,1450,1420,437400
2022-01-19 14:13:00,1420,1405,1430,1405,69100
2022-01-19 14:14:00,1405,1400,1430,1400,125200
2022-01-19 14:15:00,1410,1410,1415,1410,7600
2022-01-19 14:16:00,1405,1405,1410,1405,3700
2022-01-19 14:17:00,1405,1400,1405,1400,14000
2022-01-19 14:18:00,1400,1400,1400,1400,17400
2022-01-19 14:19:00,1400,1395,1400,1400,1300
2022-01-19 14:20:00,1400,1395,1400,1395,14800
2022-01-19 14:21:00,1395,1395,1395,1395,700
2022-01-19 14:22:00,1390,1390,1390,1390,1600
2022-01-19 14:23:00,1390,1390,1390,1390,5600
2022-01-19 14:24:00,1390,1390,1390,1390,72000
2022-01-19 14:25:00,1390,1385,1390,1390,14300
2022-01-19 14:26:00,1390,1390,1390,1390,12900
2022-01-19 14:27:00,1390,1385,1390,1385,4200
2022-01-19 14:28:00,1390,1390,1390,1390,700
2022-01-19 14:29:00,1395,1395,1395,1395,200
2022-01-19 14:30:00,1395,1395,1395,1395,10800
2022-01-19 14:31:00,1395,1395,1395,1395,5000
2022-01-19 14:32:00,1400,1400,1405,1405,208900
2022-01-19 14:33:00,1405,1405,1405,1405,30200
2022-01-19 14:34:00,1410,1410,1410,1410,45500
2022-01-19 14:35:00,1410,1405,1410,1405,28300
2022-01-19 14:36:00,1405,1400,1405,1400,26000
2022-01-19 14:37:00,1400,1400,1400,1400,37200
2022-01-19 14:38:00,1400,1400,1400,1400,32800
2022-01-19 14:39:00,1400,1400,1400,1400,58300
2022-01-19 14:40:00,1400,1400,1400,1400,7100
2022-01-19 14:41:00,1400,1400,1400,1400,1900
2022-01-19 14:42:00,1400,1400,1400,1400,18800
2022-01-19 14:43:00,1395,1395,1400,1400,3700
2022-01-19 14:44:00,1400,1400,1400,1400,5700
2022-01-19 14:45:00,1395,1395,1420,1420,137000
2022-01-19 14:46:00,1420,1410,1425,1425,104000
2022-01-19 14:47:00,1425,1420,1435,1430,383300
2022-01-19 14:48:00,1430,1430,1460,1460,675500
2022-01-19 14:49:00,1460,1460,1480,1480,713900
2022-01-19 14:50:00,1480,1480,1480,1480,20600
2022-01-19 14:51:00,1480,1480,1480,1480,0
2022-01-19 14:52:00,1480,1480,1480,1480,0
2022-01-19 14:53:00,1480,1480,1480,1480,0
2022-01-19 14:54:00,1480,1480,1480,1480,0
2022-01-19 14:55:00,1480,1480,1480,1480,0
2022-01-19 14:56:00,1480,1480,1480,1480,0
2022-01-19 14:57:00,1480,1480,1480,1480,0
2022-01-19 14:58:00,1480,1480,1480,1480,0
2022-01-19 14:59:00,1480,1480,1480,1480,0
2022-01-19 15:00:00,1485,1485,1485,1485,321900
2022-01-19 15:01:00,1485,1485,1485,1485,111900
2022-01-19 15:02:00,1485,1485,1485,1485,161700
2022-01-19 15:03:00,1485,1485,1485,1485,42100
2022-01-19 15:04:00,1485,1485,1485,1485,98600
2022-01-19 15:05:00,1485,1485,1485,1485,331300
2022-01-19 15:06:00,1485,1485,1485,1485,300800
2022-01-19 15:07:00,1485,1485,1485,1485,287900
2022-01-19 15:08:00,1485,1485,1485,1485,606000
2022-01-19 15:09:00,1485,1485,1485,1485,306100
2022-01-19 15:10:00,1485,1485,1485,1485,155500
2022-01-19 15:11:00,1485,1485,1485,1485,325200
2022-01-19 15:12:00,1485,1485,1485,1485,28400
2022-01-19 15:13:00,1485,1485,1485,1485,30300
2022-01-19 15:14:00,1485,1485,1485,1485,103000
2022-01-19 15:15:00,1485,1485,1485,1485,0
2022-01-19 15:16:00,1485,1485,1485,1485,0
2022-01-19 15:17:00,1485,1485,1485,1485,0
2022-01-19 15:18:00,1485,1485,1485,1485,0
2022-01-19 15:19:00,1485,1485,1485,1485,0
2022-01-19 15:20:00,1485,1485,1485,1485,0
2022-01-19 15:21:00,1485,1485,1485,1485,0
2022-01-19 15:22:00,1485,1485,1485,1485,0
2022-01-19 15:23:00,1485,1485,1485,1485,0
2022-01-19 15:24:00,1485,1485,1485,1485,0
2022-01-19 15:25:00,1485,1485,1485,1485,0
2022-01-19 15:26:00,1485,1485,1485,1485,0
2022-01-19 15:27:00,1485,1485,1485,1485,0
2022-01-19 15:28:00,1485,1485,1485,1485,0
2022-01-19 15:29:00,1485,1485,1485,1485,0
2022-01-19 15:30:00,1485,1485,1485,1485,0
2022-01-19 15:31:00,1485,1485,1485,1485,0
2022-01-19 15:32:00,1485,1485,1485,1485,0
2022-01-19 15:33:00,1485,1485,1485,1485,0
2022-01-19 15:34:00,1485,1485,1485,1485,0
2022-01-19 15:35:00,1485,1485,1485,1485,0
2022-01-19 15:36:00,1485,1485,1485,1485,0
2022-01-19 15:37:00,1485,1485,1485,1485,0
2022-01-19 15:38:00,1485,1485,1485,1485,0
2022-01-19 15:39:00,1485,1485,1485,1485,0
2022-01-19 15:40:00,1485,1485,1485,1485,0
2022-01-19 15:41:00,1485,1485,1485,1485,0
2022-01-19 15:42:00,1485,1485,1485,1485,0
2022-01-19 15:43:00,1485,1485,1485,1485,0
2022-01-19 15:44:00,1485,1485,1485,1485,0
2022-01-19 15:45:00,1485,1485,1485,1485,0
2022-01-19 15:46:00,1485,1485,1485,1485,0
2022-01-19 15:47:00,1485,1485,1485,1485,0
2022-01-19 15:48:00,1485,1485,1485,1485,0
2022-01-19 15:49:00,1485,1485,1485,1485,0
2022-01-19 15:50:00,1485,1485,1485,1485,0
2022-01-19 15:51:00,1485,1485,1485,1485,0
2022-01-19 15:52:00,1485,1485,1485,1485,0
2022-01-19 15:53:00,1485,1485,1485,1485,0
2022-01-19 15:54:00,1485,1485,1485,1485,0
2022-01-19 15:55:00,1485,1485,1485,1485,0
2022-01-19 15:56:00,1485,1485,1485,1485,0
2022-01-19 15:57:00,1485,1485,1485,1485,0
2022-01-19 15:58:00,1485,1485,1485,1485,0
2022-01-19 15:59:00,1485,1485,1485,1485,0
2022-01-20 09:00:00,1485,1470,1495,1485,0
2022-01-20 09:01:00,1490,1450,1490,1450,248700
2022-01-20 09:02:00,1450,1445,1455,1445,96700
2022-01-20 09:03:00,1445,1440,1455,1445,68200
2022-01-20 09:04:00,1440,1435,1445,1435,27100
2022-01-20 09:05:00,1435,1435,1450,1450,40000
2022-01-20 09:06:00,1455,1455,1465,1465,7200
2022-01-20 09:07:00,1465,1450,1470,1470,15400
2022-01-20 09:08:00,1470,1470,1470,1470,600
2022-01-20 09:09:00,1470,1460,1470,1460,7400
2022-01-20 09:10:00,1460,1440,1465,1465,232900
2022-01-20 09:11:00,1460,1385,1460,1385,719700
2022-01-20 09:12:00,1385,1385,1385,1385,89100
2022-01-20 09:13:00,1385,1385,1435,1425,754000
2022-01-20 09:14:00,1425,1400,1425,1405,102300
2022-01-20 09:15:00,1405,1385,1405,1385,792000
2022-01-20 09:16:00,1385,1385,1385,1385,644900
2022-01-20 09:17:00,1385,1385,1395,1395,182100
2022-01-20 09:18:00,1395,1395,1400,1400,25500
2022-01-20 09:19:00,1400,1400,1405,1400,39500
2022-01-20 09:20:00,1400,1385,1400,1390,125000
2022-01-20 09:21:00,1390,1390,1400,1400,7400
2022-01-20 09:22:00,1395,1395,1400,1395,17100
2022-01-20 09:23:00,1400,1395,1400,1395,16400
2022-01-20 09:24:00,1395,1395,1400,1400,20200
2022-01-20 09:25:00,1400,1385,1400,1385,277400
2022-01-20 09:26:00,1385,1385,1390,1390,270200
2022-01-20 09:27:00,1385,1385,1390,1385,258500
2022-01-20 09:28:00,1385,1385,1385,1385,99900
2022-01-20 09:29:00,1385,1385,1385,1385,145400
2022-01-20 09:30:00,1385,1385,1390,1390,40300
2022-01-20 09:31:00,1390,1390,1390,1390,500
2022-01-20 09:32:00,1390,1390,1390,1390,13000
2022-01-20 09:33:00,1395,1385,1395,1390,43300
2022-01-20 09:34:00,1390,1385,1390,1390,90400
2022-01-20 09:35:00,1385,1385,1390,1385,173200
2022-01-20 09:36:00,1385,1385,1385,1385,20500
2022-01-20 09:37:00,1385,1385,1385,1385,84700
2022-01-20 09:38:00,1385,1385,1390,1385,455200
2022-01-20 09:39:00,1385,1385,1385,1385,613000
2022-01-20 09:40:00,1390,1390,1410,1410,493700
2022-01-20 09:41:00,1410,1410,1420,1420,163200
2022-01-20 09:42:00,1420,1400,1420,1400,175200
2022-01-20 09:43:00,1400,1395,1400,1395,48100
2022-01-20 09:44:00,1400,1400,1400,1400,19500
2022-01-20 09:45:00,1410,1410,1410,1410,10200
2022-01-20 09:46:00,1410,1405,1410,1410,5700
2022-01-20 09:47:00,1410,1400,1410,1405,11700
2022-01-20 09:48:00,1400,1390,1400,1395,142900
2022-01-20 09:49:00,1395,1395,1395,1395,500
2022-01-20 09:50:00,1395,1395,1395,1395,4200
2022-01-20 09:51:00,1400,1395,1405,1405,46600
2022-01-20 09:52:00,1400,1400,1400,1400,7900
2022-01-20 09:53:00,1400,1400,1400,1400,5000
2022-01-20 09:54:00,1405,1405,1410,1410,49300
2022-01-20 09:55:00,1410,1410,1410,1410,2700
2022-01-20 09:56:00,1410,1410,1415,1410,2800
2022-01-20 09:57:00,1410,1400,1415,1410,7200
2022-01-20 09:58:00,1410,1405,1410,1410,1300
2022-01-20 09:59:00,1415,1395,1420,1400,140400
2022-01-20 10:00:00,1405,1405,1405,1405,6900
2022-01-20 10:01:00,1400,1400,1400,1400,3000
2022-01-20 10:02:00,1400,1400,1400,1400,0
2022-01-20 10:03:00,1400,1400,1400,1400,2000
2022-01-20 10:04:00,1405,1400,1405,1400,1600
2022-01-20 10:05:00,1400,1395,1400,1395,12800
2022-01-20 10:06:00,1395,1395,1395,1395,100
2022-01-20 10:07:00,1400,1395,1400,1400,1400
2022-01-20 10:08:00,1400,1395,1400,1395,29500
2022-01-20 10:09:00,1400,1400,1400,1400,500
2022-01-20 10:10:00,1400,1400,1400,1400,0
2022-01-20 10:11:00,1395,1395,1400,1395,71800
2022-01-20 10:12:00,1395,1390,1395,1390,74500
2022-01-20 10:13:00,1395,1390,1395,1390,21000
2022-01-20 10:14:00,1395,1390,1395,1390,800
2022-01-20 10:15:00,1395,1395,1395,1395,800
2022-01-20 10:16:00,1390,1390,1395,1390,56600
2022-01-20 10:17:00,1390,1390,1390,1390,10500
2022-01-20 10:18:00,1390,1390,1390,1390,125000
2022-01-20 10:19:00,1395,1390,1395,1390,600
2022-01-20 10:20:00,1390,1385,1390,1385,104800
2022-01-20 10:21:00,1385,1385,1390,1385,31900
2022-01-20 10:22:00,1385,1385,1385,1385,252500
2022-01-20 10:23:00,1385,1385,1385,1385,5600
2022-01-20 10:24:00,1385,1385,1385,1385,211200
2022-01-20 10:25:00,1385,1385,1385,1385,24400
2022-01-20 10:26:00,1385,1385,1385,1385,17400
2022-01-20 10:27:00,1385,1385,1385,1385,9500
2022-01-20 10:28:00,1385,1385,1385,1385,10700
2022-01-20 10:29:00,1385,1385,1385,1385,2000
2022-01-20 10:30:00,1385,1385,1385,1385,2000
2022-01-20 10:31:00,1385,1385,1385,1385,700
2022-01-20 10:32:00,1385,1385,1385,1385,100
2022-01-20 10:33:00,1385,1385,1385,1385,700
2022-01-20 10:34:00,1385,1385,1385,1385,7600
2022-01-20 10:35:00,1385,1385,1385,1385,0
2022-01-20 10:36:00,1385,1385,1385,1385,10200
2022-01-20 10:37:00,1385,1385,1385,1385,3700
2022-01-20 10:38:00,1385,1385,1385,1385,100
2022-01-20 10:39:00,1385,1385,1385,1385,1500
2022-01-20 10:40:00,1385,1385,1385,1385,293200
2022-01-20 10:41:00,1385,1385,1400,1400,192600
2022-01-20 10:42:00,1400,1395,1400,1400,591900
2022-01-20 10:43:00,1400,1395,1400,1400,160900
2022-01-20 10:44:00,1400,1395,1405,1405,508200
2022-01-20 10:45:00,1410,1405,1410,1405,28200
2022-01-20 10:46:00,1400,1395,1400,1400,575600
2022-01-20 10:47:00,1395,1395,1395,1395,500
2022-01-20 10:48:00,1395,1395,1395,1395,200
2022-01-20 10:49:00,1395,1395,1395,1395,0
2022-01-20 10:50:00,1395,1390,1395,1390,16100
2022-01-20 10:51:00,1395,1390,1395,1390,0
2022-01-20 10:52:00,1395,1390,1395,1390,0
2022-01-20 10:53:00,1395,1390,1395,1390,0
2022-01-20 10:54:00,1395,1395,1395,1395,600
2022-01-20 10:55:00,1395,1395,1395,1395,1900
2022-01-20 10:56:00,1395,1395,1395,1395,0
2022-01-20 10:57:00,1395,1395,1395,1395,55200
2022-01-20 10:58:00,1395,1395,1395,1395,0
2022-01-20 10:59:00,1395,1395,1395,1395,0
2022-01-20 11:00:00,1395,1395,1395,1395,0
2022-01-20 11:01:00,1395,1395,1395,1395,3600
2022-01-20 11:02:00,1395,1395,1395,1395,900
2022-01-20 11:03:00,1395,1390,1395,1390,5400
2022-01-20 11:04:00,1400,1395,1400,1395,400
2022-01-20 11:05:00,1400,1395,1400,1395,0
2022-01-20 11:06:00,1400,1395,1400,1395,0
2022-01-20 11:07:00,1400,1395,1400,1395,0
2022-01-20 11:08:00,1395,1390,1395,1390,800
2022-01-20 11:09:00,1395,1395,1395,1395,17300
2022-01-20 11:10:00,1395,1395,1395,1395,0
2022-01-20 11:11:00,1395,1395,1395,1395,0
2022-01-20 11:12:00,1395,1395,1395,1395,6600
2022-01-20 11:13:00,1395,1395,1395,1395,4700
2022-01-20 11:14:00,1395,1395,1395,1395,0
2022-01-20 11:15:00,1395,1395,1395,1395,0
2022-01-20 11:16:00,1395,1395,1395,1395,0
2022-01-20 11:17:00,1395,1395,1395,1395,200
2022-01-20 11:18:00,1395,1395,1395,1395,1800
2022-01-20 11:19:00,1395,1390,1395,1390,7600
2022-01-20 11:20:00,1395,1390,1395,1390,0
2022-01-20 11:21:00,1395,1390,1395,1390,14500
2022-01-20 11:22:00,1395,1390,1395,1390,0
2022-01-20 11:23:00,1390,1390,1390,1390,77600
2022-01-20 11:24:00,1390,1390,1390,1390,0
2022-01-20 11:25:00,1390,1390,1390,1390,0
2022-01-20 11:26:00,1390,1390,1390,1390,0
2022-01-20 11:27:00,1390,1390,1400,1400,60100
2022-01-20 11:28:00,1405,1405,1420,1420,318000
2022-01-20 11:29:00,1420,1420,1425,1425,23200
2022-01-20 11:30:00,1420,1420,1425,1425,0
2022-01-20 11:31:00,1420,1420,1425,1425,0
2022-01-20 11:32:00,1420,1420,1425,1425,0
2022-01-20 11:33:00,1420,1420,1425,1425,0
2022-01-20 11:34:00,1420,1420,1425,1425,0
2022-01-20 11:35:00,1420,1420,1425,1425,0
2022-01-20 11:36:00,1420,1420,1425,1425,0
2022-01-20 11:37:00,1420,1420,1425,1425,0
2022-01-20 11:38:00,1420,1420,1425,1425,0
2022-01-20 11:39:00,1420,1420,1425,1425,0
2022-01-20 11:40:00,1420,1420,1425,1425,0
2022-01-20 11:41:00,1420,1420,1425,1425,0
2022-01-20 11:42:00,1420,1420,1425,1425,0
2022-01-20 11:43:00,1420,1420,1425,1425,0
2022-01-20 11:44:00,1420,1420,1425,1425,0
2022-01-20 11:45:00,1420,1420,1425,1425,0
2022-01-20 11:46:00,1420,1420,1425,1425,0
2022-01-20 11:47:00,1420,1420,1425,1425,0
2022-01-20 11:48:00,1420,1420,1425,1425,0
2022-01-20 11:49:00,1420,1420,1425,1425,0
2022-01-20 11:50:00,1420,1420,1425,1425,0
2022-01-20 11:51:00,1420,1420,1425,1425,0
2022-01-20 11:52:00,1420,1420,1425,1425,0
2022-01-20 11:53:00,1420,1420,1425,1425,0
2022-01-20 11:54:00,1420,1420,1425,1425,0
2022-01-20 11:55:00,1420,1420,1425,1425,0
2022-01-20 11:56:00,1420,1420,1425,1425,0
2022-01-20 11:57:00,1420,1420,1425,1425,0
2022-01-20 11:58:00,1420,1420,1425,1425,0
2022-01-20 11:59:00,1420,1420,1425,1425,0
2022-01-20 12:00:00,1420,1420,1425,1425,0
2022-01-20 12:01:00,1420,1420,1425,1425,0
2022-01-20 12:02:00,1420,1420,1425,1425,0
2022-01-20 12:03:00,1420,1420,1425,1425,0
2022-01-20 12:04:00,1420,1420,1425,1425,0
2022-01-20 12:05:00,1420,1420,1425,1425,0
2022-01-20 12:06:00,1420,1420,1425,1425,0
2022-01-20 12:07:00,1420,1420,1425,1425,0
2022-01-20 12:08:00,1420,1420,1425,1425,0
2022-01-20 12:09:00,1420,1420,1425,1425,0
2022-01-20 12:10:00,1420,1420,1425,1425,0
2022-01-20 12:11:00,1420,1420,1425,1425,0
2022-01-20 12:12:00,1420,1420,1425,1425,0
2022-01-20 12:13:00,1420,1420,1425,1425,0
2022-01-20 12:14:00,1420,1420,1425,1425,0
2022-01-20 12:15:00,1420,1420,1425,1425,0
2022-01-20 12:16:00,1420,1420,1425,1425,0
2022-01-20 12:17:00,1420,1420,1425,1425,0
2022-01-20 12:18:00,1420,1420,1425,1425,0
2022-01-20 12:19:00,1420,1420,1425,1425,0
2022-01-20 12:20:00,1420,1420,1425,1425,0
2022-01-20 12:21:00,1420,1420,1425,1425,0
2022-01-20 12:22:00,1420,1420,1425,1425,0
2022-01-20 12:23:00,1420,1420,1425,1425,0
2022-01-20 12:24:00,1420,1420,1425,1425,0
2022-01-20 12:25:00,1420,1420,1425,1425,0
2022-01-20 12:26:00,1420,1420,1425,1425,0
2022-01-20 12:27:00,1420,1420,1425,1425,0
2022-01-20 12:28:00,1420,1420,1425,1425,0
2022-01-20 12:29:00,1420,1420,1425,1425,0
2022-01-20 12:30:00,1420,1420,1425,1425,0
2022-01-20 12:31:00,1420,1420,1425,1425,0
2022-01-20 12:32:00,1420,1420,1425,1425,0
2022-01-20 12:33:00,1420,1420,1425,1425,0
2022-01-20 12:34:00,1420,1420,1425,1425,0
2022-01-20 12:35:00,1420,1420,1425,1425,0
2022-01-20 12:36:00,1420,1420,1425,1425,0
2022-01-20 12:37:00,1420,1420,1425,1425,0
2022-01-20 12:38:00,1420,1420,1425,1425,0
2022-01-20 12:39:00,1420,1420,1425,1425,0
2022-01-20 12:40:00,1420,1420,1425,1425,0
2022-01-20 12:41:00,1420,1420,1425,1425,0
2022-01-20 12:42:00,1420,1420,1425,1425,0
2022-01-20 12:43:00,1420,1420,1425,1425,0
2022-01-20 12:44:00,1420,1420,1425,1425,0
2022-01-20 12:45:00,1420,1420,1425,1425,0
2022-01-20 12:46:00,1420,1420,1425,1425,0
2022-01-20 12:47:00,1420,1420,1425,1425,0
2022-01-20 12:48:00,1420,1420,1425,1425,0
2022-01-20 12:49:00,1420,1420,1425,1425,0
2022-01-20 12:50:00,1420,1420,1425,1425,0
2022-01-20 12:51:00,1420,1420,1425,1425,0
2022-01-20 12:52:00,1420,1420,1425,1425,0
2022-01-20 12:53:00,1420,1420,1425,1425,0
2022-01-20 12:54:00,1420,1420,1425,1425,0
2022-01-20 12:55:00,1420,1420,1425,1425,0
2022-01-20 12:56:00,1420,1420,1425,1425,0
2022-01-20 12:57:00,1420,1420,1425,1425,0
2022-01-20 12:58:00,1420,1420,1425,1425,0
2022-01-20 12:59:00,1420,1420,1425,1425,0
2022-01-20 13:00:00,1420,1420,1425,1425,0
2022-01-20 13:01:00,1420,1420,1425,1425,0
2022-01-20 13:02:00,1420,1420,1425,1425,0
2022-01-20 13:03:00,1420,1420,1425,1425,0
2022-01-20 13:04:00,1420,1420,1425,1425,0
2022-01-20 13:05:00,1420,1420,1425,1425,0
2022-01-20 13:06:00,1420,1420,1425,1425,0
2022-01-20 13:07:00,1420,1420,1425,1425,0
2022-01-20 13:08:00,1420,1420,1425,1425,0
2022-01-20 13:09:00,1420,1420,1425,1425,0
2022-01-20 13:10:00,1420,1420,1425,1425,0
2022-01-20 13:11:00,1420,1420,1425,1425,0
2022-01-20 13:12:00,1420,1420,1425,1425,0
2022-01-20 13:13:00,1420,1420,1425,1425,0
2022-01-20 13:14:00,1420,1420,1425,1425,0
2022-01-20 13:15:00,1420,1420,1425,1425,0
2022-01-20 13:16:00,1420,1420,1425,1425,0
2022-01-20 13:17:00,1420,1420,1425,1425,0
2022-01-20 13:18:00,1420,1420,1425,1425,0
2022-01-20 13:19:00,1420,1420,1425,1425,0
2022-01-20 13:20:00,1420,1420,1425,1425,0
2022-01-20 13:21:00,1420,1420,1425,1425,0
2022-01-20 13:22:00,1420,1420,1425,1425,0
2022-01-20 13:23:00,1420,1420,1425,1425,0
2022-01-20 13:24:00,1420,1420,1425,1425,0
2022-01-20 13:25:00,1420,1420,1425,1425,0
2022-01-20 13:26:00,1420,1420,1425,1425,0
2022-01-20 13:27:00,1420,1420,1425,1425,0
2022-01-20 13:28:00,1420,1420,1425,1425,0
2022-01-20 13:29:00,1420,1420,1425,1425,0
2022-01-20 13:30:00,1420,1415,1425,1420,75500
2022-01-20 13:31:00,1420,1415,1420,1415,4800
2022-01-20 13:32:00,1415,1410,1415,1410,6200
2022-01-20 13:33:00,1420,1420,1425,1420,28900
2022-01-20 13:34:00,1425,1425,1425,1425,504400
2022-01-20 13:35:00,1425,1425,1425,1425,3600
2022-01-20 13:36:00,1420,1415,1420,1415,2800
2022-01-20 13:37:00,1415,1415,1420,1420,1100
2022-01-20 13:38:00,1420,1420,1420,1420,300
2022-01-20 13:39:00,1420,1415,1420,1415,2400
2022-01-20 13:40:00,1420,1415,1420,1415,0
2022-01-20 13:41:00,1415,1415,1415,1415,5000
2022-01-20 13:42:00,1415,1415,1415,1415,0
2022-01-20 13:43:00,1420,1420,1420,1420,4000
2022-01-20 13:44:00,1420,1420,1420,1420,13100
2022-01-20 13:45:00,1420,1420,1420,1420,300
2022-01-20 13:46:00,1420,1415,1420,1415,70600
2022-01-20 13:47:00,1415,1410,1415,1410,14500
2022-01-20 13:48:00,1415,1410,1415,1410,31200
2022-01-20 13:49:00,1410,1410,1410,1410,500
2022-01-20 13:50:00,1410,1410,1410,1410,0
2022-01-20 13:51:00,1410,1410,1410,1410,500
2022-01-20 13:52:00,1410,1410,1410,1410,0
2022-01-20 13:53:00,1410,1410,1410,1410,100
2022-01-20 13:54:00,1415,1410,1415,1410,3900
2022-01-20 13:55:00,1415,1410,1415,1410,0
2022-01-20 13:56:00,1415,1415,1415,1415,100
2022-01-20 13:57:00,1415,1415,1415,1415,0
2022-01-20 13:58:00,1410,1410,1410,1410,6900
2022-01-20 13:59:00,1405,1405,1405,1405,300
2022-01-20 14:00:00,1405,1405,1405,1405,20000
2022-01-20 14:01:00,1410,1410,1410,1410,700
2022-01-20 14:02:00,1405,1405,1410,1410,6600
2022-01-20 14:03:00,1410,1410,1410,1410,200
2022-01-20 14:04:00,1410,1410,1410,1410,100
2022-01-20 14:05:00,1405,1405,1405,1405,3900
2022-01-20 14:06:00,1405,1405,1405,1405,1200
2022-01-20 14:07:00,1405,1405,1405,1405,0
2022-01-20 14:08:00,1405,1405,1410,1410,7400
2022-01-20 14:09:00,1410,1410,1410,1410,400
2022-01-20 14:10:00,1410,1410,1410,1410,600
2022-01-20 14:11:00,1410,1410,1410,1410,300
2022-01-20 14:12:00,1410,1410,1410,1410,100
2022-01-20 14:13:00,1405,1405,1405,1405,100
2022-01-20 14:14:00,1405,1405,1405,1405,1600
2022-01-20 14:15:00,1405,1405,1405,1405,2600
2022-01-20 14:16:00,1410,1410,1410,1410,100
2022-01-20 14:17:00,1405,1405,1410,1405,17700
2022-01-20 14:18:00,1405,1405,1405,1405,9300
2022-01-20 14:19:00,1405,1405,1405,1405,1700
2022-01-20 14:20:00,1405,1400,1405,1400,56800
2022-01-20 14:21:00,1400,1400,1400,1400,100
2022-01-20 14:22:00,1400,1400,1400,1400,1500
2022-01-20 14:23:00,1400,1400,1400,1400,0
2022-01-20 14:24:00,1400,1400,1400,1400,100
2022-01-20 14:25:00,1400,1400,1405,1405,14300
2022-01-20 14:26:00,1400,1400,1405,1405,0
2022-01-20 14:27:00,1400,1400,1405,1405,0
2022-01-20 14:28:00,1400,1400,1400,1400,2500
2022-01-20 14:29:00,1400,1400,1400,1400,3700
2022-01-20 14:30:00,1400,1400,1400,1400,39300
2022-01-20 14:31:00,1400,1400,1400,1400,7000
2022-01-20 14:32:00,1400,1400,1400,1400,0
2022-01-20 14:33:00,1400,1400,1405,1400,88200
2022-01-20 14:34:00,1400,1400,1405,1400,0
2022-01-20 14:35:00,1395,1395,1395,1395,12000
2022-01-20 14:36:00,1400,1400,1400,1400,7200
2022-01-20 14:37:00,1395,1395,1400,1400,9600
2022-01-20 14:38:00,1400,1400,1400,1400,1000
2022-01-20 14:39:00,1400,1400,1400,1400,1500
2022-01-20 14:40:00,1400,1400,1400,1400,0
2022-01-20 14:41:00,1400,1395,1400,1395,300
2022-01-20 14:42:00,1400,1395,1400,1395,0
2022-01-20 14:43:00,1400,1395,1400,1395,10300
2022-01-20 14:44:00,1395,1395,1400,1400,14100
2022-01-20 14:45:00,1400,1400,1400,1400,6600
2022-01-20 14:46:00,1400,1400,1415,1415,59400
2022-01-20 14:47:00,1415,1415,1435,1435,207300
2022-01-20 14:48:00,1435,1435,1450,1445,238600
2022-01-20 14:49:00,1450,1450,1485,1485,672900
2022-01-20 14:50:00,1485,1485,1485,1485,45800
2022-01-20 14:51:00,1485,1485,1485,1485,0
2022-01-20 14:52:00,1485,1485,1485,1485,0
2022-01-20 14:53:00,1485,1485,1485,1485,0
2022-01-20 14:54:00,1485,1485,1485,1485,0
2022-01-20 14:55:00,1485,1485,1485,1485,0
2022-01-20 14:56:00,1485,1485,1485,1485,0
2022-01-20 14:57:00,1485,1485,1485,1485,0
2022-01-20 14:58:00,1485,1485,1485,1485,0
2022-01-20 14:59:00,1485,1485,1485,1485,0
2022-01-20 15:00:00,1465,1465,1465,1465,424800
2022-01-20 15:01:00,1465,1465,1465,1465,0
2022-01-20 15:02:00,1465,1465,1465,1465,4100
2022-01-20 15:03:00,1465,1465,1465,1465,151300
2022-01-20 15:04:00,1465,1465,1465,1465,1500
2022-01-20 15:05:00,1465,1465,1465,1465,100100
2022-01-20 15:06:00,1465,1465,1465,1465,401100
2022-01-20 15:07:00,1465,1465,1465,1465,0
2022-01-20 15:08:00,1465,1465,1465,1465,4400
2022-01-20 15:09:00,1465,1465,1465,1465,200
2022-01-20 15:10:00,1465,1465,1465,1465,0
2022-01-20 15:11:00,1465,1465,1465,1465,0
2022-01-20 15:12:00,1465,1465,1465,1465,8300
2022-01-20 15:13:00,1465,1465,1465,1465,0
2022-01-20 15:14:00,1465,1465,1465,1465,15980300
2022-01-20 15:15:00,1465,1465,1465,1465,0
2022-01-20 15:16:00,1465,1465,1465,1465,0
2022-01-20 15:17:00,1465,1465,1465,1465,0
2022-01-20 15:18:00,1465,1465,1465,1465,0
2022-01-20 15:19:00,1465,1465,1465,1465,0
2022-01-20 15:20:00,1465,1465,1465,1465,0
2022-01-20 15:21:00,1465,1465,1465,1465,0
2022-01-20 15:22:00,1465,1465,1465,1465,0
2022-01-20 15:23:00,1465,1465,1465,1465,0
2022-01-20 15:24:00,1465,1465,1465,1465,0
2022-01-20 15:25:00,1465,1465,1465,1465,0
2022-01-20 15:26:00,1465,1465,1465,1465,0
2022-01-20 15:27:00,1465,1465,1465,1465,0
2022-01-20 15:28:00,1465,1465,1465,1465,0
2022-01-20 15:29:00,1465,1465,1465,1465,0
2022-01-20 15:30:00,1465,1465,1465,1465,0
2022-01-20 15:31:00,1465,1465,1465,1465,0
2022-01-20 15:32:00,1465,1465,1465,1465,0
2022-01-20 15:33:00,1465,1465,1465,1465,0
2022-01-20 15:34:00,1465,1465,1465,1465,0
2022-01-20 15:35:00,1465,1465,1465,1465,0
2022-01-20 15:36:00,1465,1465,1465,1465,0
2022-01-20 15:37:00,1465,1465,1465,1465,0
2022-01-20 15:38:00,1465,1465,1465,1465,0
2022-01-20 15:39:00,1465,1465,1465,1465,0
2022-01-20 15:40:00,1465,1465,1465,1465,0
2022-01-20 15:41:00,1465,1465,1465,1465,0
2022-01-20 15:42:00,1465,1465,1465,1465,0
2022-01-20 15:43:00,1465,1465,1465,1465,0
2022-01-20 15:44:00,1465,1465,1465,1465,0
2022-01-20 15:45:00,1465,1465,1465,1465,0
2022-01-20 15:46:00,1465,1465,1465,1465,0
2022-01-20 15:47:00,1465,1465,1465,1465,0
2022-01-20 15:48:00,1465,1465,1465,1465,0
2022-01-20 15:49:00,1465,1465,1465,1465,0
2022-01-20 15:50:00,1465,1465,1465,1465,0
2022-01-20 15:51:00,1465,1465,1465,1465,0
2022-01-20 15:52:00,1465,1465,1465,1465,0
2022-01-20 15:53:00,1465,1465,1465,1465,0
2022-01-20 15:54:00,1465,1465,1465,1465,0
2022-01-20 15:55:00,1465,1465,1465,1465,0
2022-01-20 15:56:00,1465,1465,1465,1465,0
2022-01-20 15:57:00,1465,1465,1465,1465,0
2022-01-20 15:58:00,1465,1465,1465,1465,0
2022-01-20 15:59:00,1465,1465,1465,1465,0
2022-01-21 09:00:00,1465,1465,1470,1470,0
2022-01-21 09:01:00,1470,1465,1470,1470,74900
2022-01-21 09:02:00,1470,1465,1475,1475,41100
2022-01-21 09:03:00,1475,1475,1490,1490,368500
2022-01-21 09:04:00,1490,1480,1490,1485,230400
2022-01-21 09:05:00,1485,1465,1485,1470,193300
2022-01-21 09:06:00,1470,1465,1470,1465,50900
2022-01-21 09:07:00,1465,1455,1465,1455,40800
2022-01-21 09:08:00,1455,1450,1460,1450,70500
2022-01-21 09:09:00,1450,1440,1450,1440,70000
2022-01-21 09:10:00,1445,1440,1445,1440,14800
2022-01-21 09:11:00,1440,1440,1445,1445,6200
2022-01-21 09:12:00,1440,1440,1445,1445,0
2022-01-21 09:13:00,1440,1440,1440,1440,4800
2022-01-21 09:14:00,1445,1445,1450,1450,25600
2022-01-21 09:15:00,1450,1445,1455,1445,37000
2022-01-21 09:16:00,1445,1440,1445,1440,5300
2022-01-21 09:17:00,1440,1440,1450,1450,4400
2022-01-21 09:18:00,1450,1450,1450,1450,300
2022-01-21 09:19:00,1450,1440,1450,1440,10600
2022-01-21 09:20:00,1440,1440,1440,1440,3500
2022-01-21 09:21:00,1440,1440,1440,1440,0
2022-01-21 09:22:00,1440,1440,1440,1440,0
2022-01-21 09:23:00,1450,1450,1450,1450,1500
2022-01-21 09:24:00,1450,1450,1450,1450,100
2022-01-21 09:25:00,1450,1450,1450,1450,200
2022-01-21 09:26:00,1450,1445,1450,1445,12600
2022-01-21 09:27:00,1445,1445,1445,1445,9400
2022-01-21 09:28:00,1445,1445,1445,1445,0
2022-01-21 09:29:00,1450,1445,1450,1450,340700
2022-01-21 09:30:00,1450,1445,1450,1445,181500
2022-01-21 09:31:00,1450,1450,1455,1455,637000
2022-01-21 09:32:00,1455,1455,1455,1455,54400
2022-01-21 09:33:00,1455,1455,1460,1460,94400
2022-01-21 09:34:00,1460,1460,1460,1460,53900
2022-01-21 09:35:00,1465,1455,1465,1460,85300
2022-01-21 09:36:00,1455,1450,1455,1450,38000
2022-01-21 09:37:00,1450,1450,1450,1450,1400
2022-01-21 09:38:00,1450,1450,1455,1455,23600
2022-01-21 09:39:00,1450,1450,1465,1465,75400
2022-01-21 09:40:00,1465,1460,1465,1460,2200
2022-01-21 09:41:00,1460,1460,1460,1460,1100
2022-01-21 09:42:00,1460,1460,1460,1460,600
2022-01-21 09:43:00,1465,1465,1465,1465,74100
2022-01-21 09:44:00,1470,1465,1475,1465,171400
2022-01-21 09:45:00,1465,1465,1470,1465,89000
2022-01-21 09:46:00,1465,1465,1465,1465,44800
2022-01-21 09:47:00,1465,1465,1465,1465,27800
2022-01-21 09:48:00,1465,1465,1465,1465,200
2022-01-21 09:49:00,1465,1465,1465,1465,0
2022-01-21 09:50:00,1460,1450,1460,1450,55000
2022-01-21 09:51:00,1450,1415,1450,1415,287500
2022-01-21 09:52:00,1415,1415,1430,1425,351300
2022-01-21 09:53:00,1425,1415,1425,1415,173200
2022-01-21 09:54:00,1420,1415,1420,1420,204800
2022-01-21 09:55:00,1425,1425,1425,1425,9800
2022-01-21 09:56:00,1425,1400,1425,1400,133000
2022-01-21 09:57:00,1400,1400,1405,1405,12900
2022-01-21 09:58:00,1405,1405,1405,1405,1400
2022-01-21 09:59:00,1405,1405,1405,1405,0
2022-01-21 10:00:00,1420,1405,1420,1405,153700
2022-01-21 10:01:00,1410,1405,1410,1405,50600
2022-01-21 10:02:00,1405,1405,1410,1405,8500
2022-01-21 10:03:00,1405,1395,1405,1395,125100
2022-01-21 10:04:00,1395,1395,1400,1395,21600
2022-01-21 10:05:00,1395,1395,1395,1395,800
2022-01-21 10:06:00,1400,1395,1400,1395,7900
2022-01-21 10:07:00,1400,1400,1400,1400,900
2022-01-21 10:08:00,1405,1400,1405,1400,13400
2022-01-21 10:09:00,1400,1400,1400,1400,2000
2022-01-21 10:10:00,1400,1365,1400,1365,249900
2022-01-21 10:11:00,1370,1370,1385,1375,80400
2022-01-21 10:12:00,1375,1370,1385,1380,39700
2022-01-21 10:13:00,1380,1380,1390,1390,19200
2022-01-21 10:14:00,1390,1390,1400,1400,10100
2022-01-21 10:15:00,1400,1390,1400,1390,5900
2022-01-21 10:16:00,1390,1390,1390,1390,900
2022-01-21 10:17:00,1390,1385,1390,1390,18900
2022-01-21 10:18:00,1385,1385,1390,1390,2500
2022-01-21 10:19:00,1390,1365,1390,1365,382700
2022-01-21 10:20:00,1370,1370,1375,1375,19100
2022-01-21 10:21:00,1375,1370,1375,1375,2800
2022-01-21 10:22:00,1375,1375,1380,1375,4300
2022-01-21 10:23:00,1375,1375,1375,1375,2400
2022-01-21 10:24:00,1375,1370,1375,1370,63400
2022-01-21 10:25:00,1370,1370,1375,1375,500
2022-01-21 10:26:00,1375,1375,1380,1380,1100
2022-01-21 10:27:00,1375,1375,1380,1380,1300
2022-01-21 10:28:00,1380,1375,1385,1380,31500
2022-01-21 10:29:00,1380,1375,1380,1375,28500
2022-01-21 10:30:00,1380,1380,1380,1380,600
2022-01-21 10:31:00,1375,1375,1375,1375,1500
2022-01-21 10:32:00,1375,1370,1375,1370,65800
2022-01-21 10:33:00,1370,1365,1370,1365,148100
2022-01-21 10:34:00,1370,1365,1370,1370,35500
2022-01-21 10:35:00,1375,1375,1375,1375,6700
2022-01-21 10:36:00,1375,1375,1375,1375,3400
2022-01-21 10:37:00,1375,1375,1375,1375,7500
2022-01-21 10:38:00,1370,1370,1375,1375,8500
2022-01-21 10:39:00,1375,1370,1375,1375,3300
2022-01-21 10:40:00,1370,1365,1370,1365,65400
2022-01-21 10:41:00,1365,1365,1370,1370,6500
2022-01-21 10:42:00,1370,1370,1375,1375,8900
2022-01-21 10:43:00,1375,1375,1380,1380,600
2022-01-21 10:44:00,1375,1375,1375,1375,100
2022-01-21 10:45:00,1375,1375,1375,1375,400
2022-01-21 10:46:00,1375,1375,1375,1375,0
2022-01-21 10:47:00,1375,1375,1375,1375,1000
2022-01-21 10:48:00,1375,1375,1375,1375,0
2022-01-21 10:49:00,1375,1375,1375,1375,4500
2022-01-21 10:50:00,1375,1375,1375,1375,0
2022-01-21 10:51:00,1375,1375,1375,1375,100
2022-01-21 10:52:00,1375,1375,1375,1375,0
2022-01-21 10:53:00,1375,1375,1375,1375,500
2022-01-21 10:54:00,1375,1375,1375,1375,100
2022-01-21 10:55:00,1375,1375,1375,1375,0
2022-01-21 10:56:00,1370,1370,1370,1370,100
2022-01-21 10:57:00,1375,1375,1375,1375,400
2022-01-21 10:58:00,1370,1370,1370,1370,100
2022-01-21 10:59:00,1370,1370,1370,1370,900
2022-01-21 11:00:00,1375,1375,1375,1375,600
2022-01-21 11:01:00,1375,1370,1375,1370,600
2022-01-21 11:02:00,1375,1370,1375,1370,14700
2022-01-21 11:03:00,1375,1375,1375,1375,1400
2022-01-21 11:04:00,1375,1375,1375,1375,0
2022-01-21 11:05:00,1375,1375,1375,1375,0
2022-01-21 11:06:00,1375,1370,1375,1370,36100
2022-01-21 11:07:00,1375,1370,1375,1370,0
2022-01-21 11:08:00,1370,1370,1370,1370,200
2022-01-21 11:09:00,1370,1370,1370,1370,1100
2022-01-21 11:10:00,1370,1370,1370,1370,3200
2022-01-21 11:11:00,1370,1365,1370,1370,50100
2022-01-21 11:12:00,1365,1365,1370,1370,4900
2022-01-21 11:13:00,1365,1365,1365,1365,66700
2022-01-21 11:14:00,1365,1365,1365,1365,0
2022-01-21 11:15:00,1370,1370,1370,1370,500
2022-01-21 11:16:00,1370,1370,1370,1370,4900
2022-01-21 11:17:00,1370,1365,1370,1370,5100
2022-01-21 11:18:00,1370,1370,1370,1370,6600
2022-01-21 11:19:00,1375,1375,1375,1375,500
2022-01-21 11:20:00,1375,1375,1375,1375,4200
2022-01-21 11:21:00,1380,1380,1380,1380,200
2022-01-21 11:22:00,1380,1375,1380,1375,5400
2022-01-21 11:23:00,1375,1370,1375,1370,17400
2022-01-21 11:24:00,1370,1370,1370,1370,5300
2022-01-21 11:25:00,1370,1365,1370,1365,111300
2022-01-21 11:26:00,1365,1365,1365,1365,35400
2022-01-21 11:27:00,1365,1365,1365,1365,800
2022-01-21 11:28:00,1365,1365,1365,1365,18100
2022-01-21 11:29:00,1370,1370,1370,1370,200
2022-01-21 11:30:00,1370,1370,1370,1370,0
2022-01-21 11:31:00,1370,1370,1370,1370,0
2022-01-21 11:32:00,1370,1370,1370,1370,0
2022-01-21 11:33:00,1370,1370,1370,1370,0
2022-01-21 11:34:00,1370,1370,1370,1370,0
2022-01-21 11:35:00,1370,1370,1370,1370,0
2022-01-21 11:36:00,1370,1370,1370,1370,0
2022-01-21 11:37:00,1370,1370,1370,1370,0
2022-01-21 11:38:00,1370,1370,1370,1370,0
2022-01-21 11:39:00,1370,1370,1370,1370,0
2022-01-21 11:40:00,1370,1370,1370,1370,0
2022-01-21 11:41:00,1370,1370,1370,1370,0
2022-01-21 11:42:00,1370,1370,1370,1370,0
2022-01-21 11:43:00,1370,1370,1370,1370,0
2022-01-21 11:44:00,1370,1370,1370,1370,0
2022-01-21 11:45:00,1370,1370,1370,1370,0
2022-01-21 11:46:00,1370,1370,1370,1370,0
2022-01-21 11:47:00,1370,1370,1370,1370,0
2022-01-21 11:48:00,1370,1370,1370,1370,0
2022-01-21 11:49:00,1370,1370,1370,1370,0
2022-01-21 11:50:00,1370,1370,1370,1370,0
2022-01-21 11:51:00,1370,1370,1370,1370,0
2022-01-21 11:52:00,1370,1370,1370,1370,0
2022-01-21 11:53:00,1370,1370,1370,1370,0
2022-01-21 11:54:00,1370,1370,1370,1370,0
2022-01-21 11:55:00,1370,1370,1370,1370,0
2022-01-21 11:56:00,1370,1370,1370,1370,0
2022-01-21 11:57:00,1370,1370,1370,1370,0
2022-01-21 11:58:00,1370,1370,1370,1370,0
2022-01-21 11:59:00,1370,1370,1370,1370,0
2022-01-21 12:00:00,1370,1370,1370,1370,0
2022-01-21 12:01:00,1370,1370,1370,1370,0
2022-01-21 12:02:00,1370,1370,1370,1370,0
2022-01-21 12:03:00,1370,1370,1370,1370,0
2022-01-21 12:04:00,1370,1370,1370,1370,0
2022-01-21 12:05:00,1370,1370,1370,1370,0
2022-01-21 12:06:00,1370,1370,1370,1370,0
2022-01-21 12:07:00,1370,1370,1370,1370,0
2022-01-21 12:08:00,1370,1370,1370,1370,0
2022-01-21 12:09:00,1370,1370,1370,1370,0
2022-01-21 12:10:00,1370,1370,1370,1370,0
2022-01-21 12:11:00,1370,1370,1370,1370,0
2022-01-21 12:12:00,1370,1370,1370,1370,0
2022-01-21 12:13:00,1370,1370,1370,1370,0
2022-01-21 12:14:00,1370,1370,1370,1370,0
2022-01-21 12:15:00,1370,1370,1370,1370,0
2022-01-21 12:16:00,1370,1370,1370,1370,0
2022-01-21 12:17:00,1370,1370,1370,1370,0
2022-01-21 12:18:00,1370,1370,1370,1370,0
2022-01-21 12:19:00,1370,1370,1370,1370,0
2022-01-21 12:20:00,1370,1370,1370,1370,0
2022-01-21 12:21:00,1370,1370,1370,1370,0
2022-01-21 12:22:00,1370,1370,1370,1370,0
2022-01-21 12:23:00,1370,1370,1370,1370,0
2022-01-21 12:24:00,1370,1370,1370,1370,0
2022-01-21 12:25:00,1370,1370,1370,1370,0
2022-01-21 12:26:00,1370,1370,1370,1370,0
2022-01-21 12:27:00,1370,1370,1370,1370,0
2022-01-21 12:28:00,1370,1370,1370,1370,0
2022-01-21 12:29:00,1370,1370,1370,1370,0
2022-01-21 12:30:00,1370,1370,1370,1370,0
2022-01-21 12:31:00,1370,1370,1370,1370,0
2022-01-21 12:32:00,1370,1370,1370,1370,0
2022-01-21 12:33:00,1370,1370,1370,1370,0
2022-01-21 12:34:00,1370,1370,1370,1370,0
2022-01-21 12:35:00,1370,1370,1370,1370,0
2022-01-21 12:36:00,1370,1370,1370,1370,0
2022-01-21 12:37:00,1370,1370,1370,1370,0
2022-01-21 12:38:00,1370,1370,1370,1370,0
2022-01-21 12:39:00,1370,1370,1370,1370,0
2022-01-21 12:40:00,1370,1370,1370,1370,0
2022-01-21 12:41:00,1370,1370,1370,1370,0
2022-01-21 12:42:00,1370,1370,1370,1370,0
2022-01-21 12:43:00,1370,1370,1370,1370,0
2022-01-21 12:44:00,1370,1370,1370,1370,0
2022-01-21 12:45:00,1370,1370,1370,1370,0
2022-01-21 12:46:00,1370,1370,1370,1370,0
2022-01-21 12:47:00,1370,1370,1370,1370,0
2022-01-21 12:48:00,1370,1370,1370,1370,0
2022-01-21 12:49:00,1370,1370,1370,1370,0
2022-01-21 12:50:00,1370,1370,1370,1370,0
2022-01-21 12:51:00,1370,1370,1370,1370,0
2022-01-21 12:52:00,1370,1370,1370,1370,0
2022-01-21 12:53:00,1370,1370,1370,1370,0
2022-01-21 12:54:00,1370,1370,1370,1370,0
2022-01-21 12:55:00,1370,1370,1370,1370,0
2022-01-21 12:56:00,1370,1370,1370,1370,0
2022-01-21 12:57:00,1370,1370,1370,1370,0
2022-01-21 12:58:00,1370,1370,1370,1370,0
2022-01-21 12:59:00,1370,1370,1370,1370,0
2022-01-21 13:00:00,1370,1370,1370,1370,0
2022-01-21 13:01:00,1370,1370,1370,1370,0
2022-01-21 13:02:00,1370,1370,1370,1370,0
2022-01-21 13:03:00,1370,1370,1370,1370,0
2022-01-21 13:04:00,1370,1370,1370,1370,0
2022-01-21 13:05:00,1370,1370,1370,1370,0
2022-01-21 13:06:00,1370,1370,1370,1370,0
2022-01-21 13:07:00,1370,1370,1370,1370,0
2022-01-21 13:08:00,1370,1370,1370,1370,0
2022-01-21 13:09:00,1370,1370,1370,1370,0
2022-01-21 13:10:00,1370,1370,1370,1370,0
2022-01-21 13:11:00,1370,1370,1370,1370,0
2022-01-21 13:12:00,1370,1370,1370,1370,0
2022-01-21 13:13:00,1370,1370,1370,1370,0
2022-01-21 13:14:00,1370,1370,1370,1370,0
2022-01-21 13:15:00,1370,1370,1370,1370,0
2022-01-21 13:16:00,1370,1370,1370,1370,0
2022-01-21 13:17:00,1370,1370,1370,1370,0
2022-01-21 13:18:00,1370,1370,1370,1370,0
2022-01-21 13:19:00,1370,1370,1370,1370,0
2022-01-21 13:20:00,1370,1370,1370,1370,0
2022-01-21 13:21:00,1370,1370,1370,1370,0
2022-01-21 13:22:00,1370,1370,1370,1370,0
2022-01-21 13:23:00,1370,1370,1370,1370,0
2022-01-21 13:24:00,1370,1370,1370,1370,0
2022-01-21 13:25:00,1370,1370,1370,1370,0
2022-01-21 13:26:00,1370,1370,1370,1370,0
2022-01-21 13:27:00,1370,1370,1370,1370,0
2022-01-21 13:28:00,1370,1370,1370,1370,0
2022-01-21 13:29:00,1370,1370,1370,1370,0
2022-01-21 13:30:00,1370,1365,1370,1365,156900
2022-01-21 13:31:00,1365,1365,1365,1365,85700
2022-01-21 13:32:00,1365,1365,1365,1365,1700
2022-01-21 13:33:00,1365,1365,1365,1365,53900
2022-01-21 13:34:00,1370,1365,1370,1365,72500
2022-01-21 13:35:00,1365,1365,1365,1365,8600
2022-01-21 13:36:00,1365,1365,1370,1365,30000
2022-01-21 13:37:00,1365,1365,1370,1365,0
2022-01-21 13:38:00,1365,1365,1365,1365,107900
2022-01-21 13:39:00,1365,1365,1365,1365,1100
2022-01-21 13:40:00,1365,1365,1365,1365,26800
2022-01-21 13:41:00,1365,1365,1365,1365,19400
2022-01-21 13:42:00,1365,1365,1365,1365,800
2022-01-21 13:43:00,1365,1365,1365,1365,11000
2022-01-21 13:44:00,1365,1365,1365,1365,0
2022-01-21 13:45:00,1365,1365,1365,1365,100
2022-01-21 13:46:00,1365,1365,1365,1365,100
2022-01-21 13:47:00,1365,1365,1365,1365,201000
2022-01-21 13:48:00,1365,1365,1365,1365,380700
2022-01-21 13:49:00,1365,1365,1365,1365,92900
2022-01-21 13:50:00,1365,1365,1370,1370,567700
2022-01-21 13:51:00,1365,1365,1365,1365,280100
2022-01-21 13:52:00,1365,1365,1365,1365,600
2022-01-21 13:53:00,1365,1365,1365,1365,0
2022-01-21 13:54:00,1365,1365,1365,1365,200
2022-01-21 13:55:00,1365,1365,1365,1365,1100
2022-01-21 13:56:00,1365,1365,1365,1365,100
2022-01-21 13:57:00,1365,1365,1365,1365,0
2022-01-21 13:58:00,1365,1365,1365,1365,0
2022-01-21 13:59:00,1365,1365,1365,1365,0
2022-01-21 14:00:00,1365,1365,1365,1365,0
2022-01-21 14:01:00,1365,1365,1365,1365,2800
2022-01-21 14:02:00,1365,1365,1365,1365,2800
2022-01-21 14:03:00,1365,1365,1365,1365,3500
2022-01-21 14:04:00,1365,1365,1365,1365,400
2022-01-21 14:05:00,1365,1365,1365,1365,0
2022-01-21 14:06:00,1365,1365,1365,1365,1000
2022-01-21 14:07:00,1365,1365,1365,1365,0
2022-01-21 14:08:00,1365,1365,1365,1365,0
2022-01-21 14:09:00,1365,1365,1365,1365,0
2022-01-21 14:10:00,1365,1365,1365,1365,100
2022-01-21 14:11:00,1365,1365,1365,1365,0
2022-01-21 14:12:00,1365,1365,1365,1365,0
2022-01-21 14:13:00,1365,1365,1365,1365,0
2022-01-21 14:14:00,1365,1365,1365,1365,2700
2022-01-21 14:15:00,1365,1365,1365,1365,1200
2022-01-21 14:16:00,1365,1365,1365,1365,0
2022-01-21 14:17:00,1365,1365,1365,1365,1200
2022-01-21 14:18:00,1365,1365,1365,1365,0
2022-01-21 14:19:00,1365,1365,1365,1365,0
2022-01-21 14:20:00,1365,1365,1365,1365,100
2022-01-21 14:21:00,1365,1365,1365,1365,0
2022-01-21 14:22:00,1365,1365,1365,1365,0
2022-01-21 14:23:00,1365,1365,1365,1365,0
2022-01-21 14:24:00,1365,1365,1365,1365,0
2022-01-21 14:25:00,1365,1365,1365,1365,900
2022-01-21 14:26:00,1365,1365,1365,1365,1200
2022-01-21 14:27:00,1365,1365,1365,1365,0
2022-01-21 14:28:00,1365,1365,1365,1365,100
2022-01-21 14:29:00,1365,1365,1365,1365,0
2022-01-21 14:30:00,1365,1365,1365,1365,200
2022-01-21 14:31:00,1365,1365,1365,1365,0
2022-01-21 14:32:00,1365,1365,1365,1365,13200
2022-01-21 14:33:00,1365,1365,1365,1365,19500
2022-01-21 14:34:00,1365,1365,1365,1365,5400
2022-01-21 14:35:00,1365,1365,1365,1365,4900
2022-01-21 14:36:00,1365,1365,1365,1365,0
2022-01-21 14:37:00,1365,1365,1365,1365,700
2022-01-21 14:38:00,1365,1365,1365,1365,5000
2022-01-21 14:39:00,1365,1365,1365,1365,0
2022-01-21 14:40:00,1365,1365,1365,1365,300
2022-01-21 14:41:00,1365,1365,1365,1365,3000
2022-01-21 14:42:00,1365,1365,1365,1365,0
2022-01-21 14:43:00,1365,1365,1365,1365,700
2022-01-21 14:44:00,1365,1365,1365,1365,0
2022-01-21 14:45:00,1365,1365,1365,1365,660100
2022-01-21 14:46:00,1365,1365,1370,1370,1518400
2022-01-21 14:47:00,1375,1370,1375,1375,426700
2022-01-21 14:48:00,1375,1370,1375,1370,132500
2022-01-21 14:49:00,1370,1365,1370,1365,238200
2022-01-21 14:50:00,1370,1365,1370,1365,0
2022-01-21 14:51:00,1370,1365,1370,1365,0
2022-01-21 14:52:00,1370,1365,1370,1365,0
2022-01-21 14:53:00,1370,1365,1370,1365,0
2022-01-21 14:54:00,1370,1365,1370,1365,0
2022-01-21 14:55:00,1370,1365,1370,1365,0
2022-01-21 14:56:00,1370,1365,1370,1365,0
2022-01-21 14:57:00,1370,1365,1370,1365,0
2022-01-21 14:58:00,1370,1365,1370,1365,0
2022-01-21 14:59:00,1370,1365,1370,1365,0
2022-01-21 15:00:00,1375,1375,1375,1375,221100
2022-01-21 15:01:00,1375,1375,1375,1375,118700
2022-01-21 15:02:00,1375,1375,1375,1375,2500
2022-01-21 15:03:00,1375,1375,1375,1375,50500
2022-01-21 15:04:00,1375,1375,1375,1375,14300
2022-01-21 15:05:00,1375,1375,1375,1375,7500
2022-01-21 15:06:00,1375,1375,1375,1375,11200
2022-01-21 15:07:00,1375,1375,1375,1375,500
2022-01-21 15:08:00,1375,1375,1375,1375,11000
2022-01-21 15:09:00,1375,1375,1375,1375,36500
2022-01-21 15:10:00,1375,1375,1375,1375,20100
2022-01-21 15:11:00,1375,1375,1375,1375,200
2022-01-21 15:12:00,1375,1375,1375,1375,300
2022-01-21 15:13:00,1375,1375,1375,1375,1000
2022-01-21 15:14:00,1375,1375,1375,1375,0
2022-01-21 15:15:00,1375,1375,1375,1375,0
2022-01-21 15:16:00,1375,1375,1375,1375,0
2022-01-21 15:17:00,1375,1375,1375,1375,0
2022-01-21 15:18:00,1375,1375,1375,1375,0
2022-01-21 15:19:00,1375,1375,1375,1375,0
2022-01-21 15:20:00,1375,1375,1375,1375,0
2022-01-21 15:21:00,1375,1375,1375,1375,0
2022-01-21 15:22:00,1375,1375,1375,1375,0
2022-01-21 15:23:00,1375,1375,1375,1375,0
2022-01-21 15:24:00,1375,1375,1375,1375,0
2022-01-21 15:25:00,1375,1375,1375,1375,0
2022-01-21 15:26:00,1375,1375,1375,1375,0
2022-01-21 15:27:00,1375,1375,1375,1375,0
2022-01-21 15:28:00,1375,1375,1375,1375,0
2022-01-21 15:29:00,1375,1375,1375,1375,0
2022-01-21 15:30:00,1375,1375,1375,1375,0
2022-01-21 15:31:00,1375,1375,1375,1375,0
2022-01-21 15:32:00,1375,1375,1375,1375,0
2022-01-21 15:33:00,1375,1375,1375,1375,0
2022-01-21 15:34:00,1375,1375,1375,1375,0
2022-01-21 15:35:00,1375,1375,1375,1375,0
2022-01-21 15:36:00,1375,1375,1375,1375,0
2022-01-21 15:37:00,1375,1375,1375,1375,0
2022-01-21 15:38:00,1375,1375,1375,1375,0
2022-01-21 15:39:00,1375,1375,1375,1375,0
2022-01-21 15:40:00,1375,1375,1375,1375,0
2022-01-21 15:41:00,1375,1375,1375,1375,0
2022-01-21 15:42:00,1375,1375,1375,1375,0
2022-01-21 15:43:00,1375,1375,1375,1375,0
2022-01-21 15:44:00,1375,1375,1375,1375,0
2022-01-21 15:45:00,1375,1375,1375,1375,0
2022-01-21 15:46:00,1375,1375,1375,1375,0
2022-01-21 15:47:00,1375,1375,1375,1375,0
2022-01-21 15:48:00,1375,1375,1375,1375,0
2022-01-21 15:49:00,1375,1375,1375,1375,0
2022-01-21 15:50:00,1375,1375,1375,1375,0
2022-01-21 15:51:00,1375,1375,1375,1375,0
2022-01-21 15:52:00,1375,1375,1375,1375,0
2022-01-21 15:53:00,1375,1375,1375,1375,0
2022-01-21 15:54:00,1375,1375,1375,1375,0
2022-01-21 15:55:00,1375,1375,1375,1375,0
2022-01-21 15:56:00,1375,1375,1375,1375,0
2022-01-21 15:57:00,1375,1375,1375,1375,0
2022-01-21 15:58:00,1375,1375,1375,1375,0
2022-01-21 15:59:00,1375,1375,1375,1375,0
2022-01-24 09:00:00,1355,1345,1375,1345,0
2022-01-24 09:01:00,1340,1300,1340,1320,58200
2022-01-24 09:02:00,1325,1320,1325,1320,15200
2022-01-24 09:03:00,1320,1320,1330,1330,9000
2022-01-24 09:04:00,1320,1315,1320,1315,34900
2022-01-24 09:05:00,1320,1310,1320,1310,28300
2022-01-24 09:06:00,1310,1310,1310,1310,14900
2022-01-24 09:07:00,1320,1320,1330,1330,16600
2022-01-24 09:08:00,1330,1325,1330,1325,15100
2022-01-24 09:09:00,1330,1325,1330,1325,1900
2022-01-24 09:10:00,1330,1325,1330,1325,24700
2022-01-24 09:11:00,1325,1325,1325,1325,600
2022-01-24 09:12:00,1325,1325,1325,1325,1100
2022-01-24 09:13:00,1330,1330,1335,1330,4200
2022-01-24 09:14:00,1330,1330,1330,1330,1000
2022-01-24 09:15:00,1330,1330,1335,1335,1500
2022-01-24 09:16:00,1335,1335,1335,1335,600
2022-01-24 09:17:00,1335,1330,1335,1330,10900
2022-01-24 09:18:00,1330,1325,1330,1330,10000
2022-01-24 09:19:00,1330,1330,1330,1330,900
2022-01-24 09:20:00,1330,1330,1330,1330,0
2022-01-24 09:21:00,1325,1325,1330,1330,700
2022-01-24 09:22:00,1330,1330,1335,1335,6000
2022-01-24 09:23:00,1330,1330,1335,1335,0
2022-01-24 09:24:00,1335,1335,1345,1345,13400
2022-01-24 09:25:00,1345,1340,1345,1340,13700
2022-01-24 09:26:00,1335,1335,1335,1335,92800
2022-01-24 09:27:00,1330,1325,1330,1325,500
2022-01-24 09:28:00,1325,1325,1325,1325,1900
2022-01-24 09:29:00,1330,1330,1330,1330,900
2022-01-24 09:30:00,1330,1325,1330,1325,4200
2022-01-24 09:31:00,1330,1325,1330,1325,0
2022-01-24 09:32:00,1330,1330,1330,1330,5000
2022-01-24 09:33:00,1330,1330,1330,1330,1600
2022-01-24 09:34:00,1330,1330,1335,1330,22400
2022-01-24 09:35:00,1325,1320,1325,1325,157700
2022-01-24 09:36:00,1325,1320,1325,1320,13600
2022-01-24 09:37:00,1320,1320,1320,1320,100
2022-01-24 09:38:00,1320,1315,1320,1320,1400
2022-01-24 09:39:00,1320,1320,1320,1320,400
2022-01-24 09:40:00,1315,1315,1315,1315,200000
2022-01-24 09:41:00,1315,1310,1315,1315,294900
2022-01-24 09:42:00,1315,1310,1320,1320,124100
2022-01-24 09:43:00,1320,1320,1320,1320,146500
2022-01-24 09:44:00,1320,1320,1325,1325,49500
2022-01-24 09:45:00,1320,1320,1325,1325,9700
2022-01-24 09:46:00,1320,1320,1325,1325,71300
2022-01-24 09:47:00,1320,1320,1325,1325,0
2022-01-24 09:48:00,1325,1325,1325,1325,600
2022-01-24 09:49:00,1325,1325,1325,1325,3000
2022-01-24 09:50:00,1330,1330,1330,1330,300
2022-01-24 09:51:00,1330,1325,1330,1325,400
2022-01-24 09:52:00,1330,1330,1330,1330,100
2022-01-24 09:53:00,1330,1330,1330,1330,0
2022-01-24 09:54:00,1325,1325,1325,1325,300
2022-01-24 09:55:00,1330,1330,1330,1330,10100
2022-01-24 09:56:00,1325,1325,1325,1325,23000
2022-01-24 09:57:00,1325,1325,1325,1325,0
2022-01-24 09:58:00,1325,1320,1325,1320,200
2022-01-24 09:59:00,1320,1320,1320,1320,200
2022-01-24 10:00:00,1320,1320,1320,1320,0
2022-01-24 10:01:00,1320,1320,1325,1325,5000
2022-01-24 10:02:00,1320,1320,1325,1325,0
2022-01-24 10:03:00,1320,1320,1320,1320,100
2022-01-24 10:04:00,1320,1320,1320,1320,2300
2022-01-24 10:05:00,1320,1315,1325,1315,255300
2022-01-24 10:06:00,1320,1315,1325,1315,0
2022-01-24 10:07:00,1320,1320,1320,1320,2500
2022-01-24 10:08:00,1320,1320,1325,1320,800
2022-01-24 10:09:00,1325,1325,1325,1325,1000
2022-01-24 10:10:00,1320,1320,1325,1325,289700
2022-01-24 10:11:00,1315,1315,1315,1315,800
2022-01-24 10:12:00,1320,1315,1320,1315,188100
2022-01-24 10:13:00,1315,1310,1320,1320,154800
2022-01-24 10:14:00,1320,1310,1320,1310,41300
2022-01-24 10:15:00,1305,1305,1305,1305,2500
2022-01-24 10:16:00,1310,1310,1310,1310,10700
2022-01-24 10:17:00,1310,1310,1310,1310,14000
2022-01-24 10:18:00,1310,1310,1310,1310,3500
2022-01-24 10:19:00,1310,1310,1315,1315,1400
2022-01-24 10:20:00,1315,1315,1315,1315,100
2022-01-24 10:21:00,1315,1315,1315,1315,11500
2022-01-24 10:22:00,1310,1310,1310,1310,700
2022-01-24 10:23:00,1310,1310,1310,1310,0
2022-01-24 10:24:00,1310,1310,1310,1310,0
2022-01-24 10:25:00,1310,1310,1310,1310,0
2022-01-24 10:26:00,1310,1310,1310,1310,23300
2022-01-24 10:27:00,1310,1310,1310,1310,0
2022-01-24 10:28:00,1310,1310,1310,1310,800
2022-01-24 10:29:00,1310,1310,1310,1310,100
2022-01-24 10:30:00,1310,1310,1315,1315,1700
2022-01-24 10:31:00,1315,1315,1315,1315,200
2022-01-24 10:32:00,1310,1310,1310,1310,14500
2022-01-24 10:33:00,1310,1310,1310,1310,0
2022-01-24 10:34:00,1310,1310,1310,1310,2600
2022-01-24 10:35:00,1315,1305,1315,1305,6000
2022-01-24 10:36:00,1305,1305,1305,1305,58300
2022-01-24 10:37:00,1305,1305,1305,1305,3600
2022-01-24 10:38:00,1305,1305,1320,1320,2600
2022-01-24 10:39:00,1320,1320,1320,1320,100
2022-01-24 10:40:00,1320,1320,1325,1325,2500
2022-01-24 10:41:00,1320,1320,1325,1325,0
2022-01-24 10:42:00,1320,1320,1320,1320,1300
2022-01-24 10:43:00,1320,1320,1320,1320,0
2022-01-24 10:44:00,1320,1320,1320,1320,1500
2022-01-24 10:45:00,1320,1320,1320,1320,0
2022-01-24 10:46:00,1320,1320,1320,1320,0
2022-01-24 10:47:00,1320,1320,1320,1320,0
2022-01-24 10:48:00,1320,1320,1320,1320,100
2022-01-24 10:49:00,1320,1320,1320,1320,0
2022-01-24 10:50:00,1320,1320,1320,1320,500
2022-01-24 10:51:00,1320,1320,1320,1320,200
2022-01-24 10:52:00,1315,1315,1315,1315,1100
2022-01-24 10:53:00,1315,1310,1315,1315,1100
2022-01-24 10:54:00,1315,1310,1315,1310,400
2022-01-24 10:55:00,1310,1280,1310,1280,636700
2022-01-24 10:56:00,1280,1280,1290,1290,28900
2022-01-24 10:57:00,1290,1290,1290,1290,100
2022-01-24 10:58:00,1285,1285,1285,1285,10000
2022-01-24 10:59:00,1290,1280,1290,1280,9200
2022-01-24 11:00:00,1285,1285,1295,1295,44500
2022-01-24 11:01:00,1300,1300,1300,1300,9100
2022-01-24 11:02:00,1300,1300,1300,1300,7800
2022-01-24 11:03:00,1300,1300,1300,1300,1500
2022-01-24 11:04:00,1300,1300,1300,1300,1300
2022-01-24 11:05:00,1300,1300,1300,1300,700
2022-01-24 11:06:00,1300,1295,1300,1295,7100
2022-01-24 11:07:00,1295,1295,1295,1295,100
2022-01-24 11:08:00,1295,1295,1295,1295,1200
2022-01-24 11:09:00,1295,1295,1295,1295,0
2022-01-24 11:10:00,1295,1295,1295,1295,100
2022-01-24 11:11:00,1295,1295,1295,1295,0
2022-01-24 11:12:00,1295,1295,1295,1295,0
2022-01-24 11:13:00,1295,1295,1295,1295,1000
2022-01-24 11:14:00,1290,1285,1290,1285,45100
2022-01-24 11:15:00,1285,1285,1290,1290,8600
2022-01-24 11:16:00,1285,1285,1290,1290,0
2022-01-24 11:17:00,1285,1285,1290,1290,0
2022-01-24 11:18:00,1285,1285,1290,1290,300
2022-01-24 11:19:00,1285,1285,1290,1290,0
2022-01-24 11:20:00,1290,1290,1290,1290,1400
2022-01-24 11:21:00,1290,1290,1290,1290,0
2022-01-24 11:22:00,1285,1285,1285,1285,7000
2022-01-24 11:23:00,1290,1290,1290,1290,1500
2022-01-24 11:24:00,1285,1285,1290,1290,2500
2022-01-24 11:25:00,1290,1285,1290,1290,17000
2022-01-24 11:26:00,1290,1285,1290,1285,9100
2022-01-24 11:27:00,1285,1285,1285,1285,900
2022-01-24 11:28:00,1285,1285,1285,1285,0
2022-01-24 11:29:00,1295,1285,1295,1285,10100
2022-01-24 11:30:00,1295,1285,1295,1285,0
2022-01-24 11:31:00,1295,1285,1295,1285,0
2022-01-24 11:32:00,1295,1285,1295,1285,0
2022-01-24 11:33:00,1295,1285,1295,1285,0
2022-01-24 11:34:00,1295,1285,1295,1285,0
2022-01-24 11:35:00,1295,1285,1295,1285,0
2022-01-24 11:36:00,1295,1285,1295,1285,0
2022-01-24 11:37:00,1295,1285,1295,1285,0
2022-01-24 11:38:00,1295,1285,1295,1285,0
2022-01-24 11:39:00,1295,1285,1295,1285,0
2022-01-24 11:40:00,1295,1285,1295,1285,0
2022-01-24 11:41:00,1295,1285,1295,1285,0
2022-01-24 11:42:00,1295,1285,1295,1285,0
2022-01-24 11:43:00,1295,1285,1295,1285,0
2022-01-24 11:44:00,1295,1285,1295,1285,0
2022-01-24 11:45:00,1295,1285,1295,1285,0
2022-01-24 11:46:00,1295,1285,1295,1285,0
2022-01-24 11:47:00,1295,1285,1295,1285,0
2022-01-24 11:48:00,1295,1285,1295,1285,0
2022-01-24 11:49:00,1295,1285,1295,1285,0
2022-01-24 11:50:00,1295,1285,1295,1285,0
2022-01-24 11:51:00,1295,1285,1295,1285,0
2022-01-24 11:52:00,1295,1285,1295,1285,0
2022-01-24 11:53:00,1295,1285,1295,1285,0
2022-01-24 11:54:00,1295,1285,1295,1285,0
2022-01-24 11:55:00,1295,1285,1295,1285,0
2022-01-24 11:56:00,1295,1285,1295,1285,0
2022-01-24 11:57:00,1295,1285,1295,1285,0
2022-01-24 11:58:00,1295,1285,1295,1285,0
2022-01-24 11:59:00,1295,1285,1295,1285,0
2022-01-24 12:00:00,1295,1285,1295,1285,0
2022-01-24 12:01:00,1295,1285,1295,1285,0
2022-01-24 12:02:00,1295,1285,1295,1285,0
2022-01-24 12:03:00,1295,1285,1295,1285,0
2022-01-24 12:04:00,1295,1285,1295,1285,0
2022-01-24 12:05:00,1295,1285,1295,1285,0
2022-01-24 12:06:00,1295,1285,1295,1285,0
2022-01-24 12:07:00,1295,1285,1295,1285,0
2022-01-24 12:08:00,1295,1285,1295,1285,0
2022-01-24 12:09:00,1295,1285,1295,1285,0
2022-01-24 12:10:00,1295,1285,1295,1285,0
2022-01-24 12:11:00,1295,1285,1295,1285,0
2022-01-24 12:12:00,1295,1285,1295,1285,0
2022-01-24 12:13:00,1295,1285,1295,1285,0
2022-01-24 12:14:00,1295,1285,1295,1285,0
2022-01-24 12:15:00,1295,1285,1295,1285,0
2022-01-24 12:16:00,1295,1285,1295,1285,0
2022-01-24 12:17:00,1295,1285,1295,1285,0
2022-01-24 12:18:00,1295,1285,1295,1285,0
2022-01-24 12:19:00,1295,1285,1295,1285,0
2022-01-24 12:20:00,1295,1285,1295,1285,0
2022-01-24 12:21:00,1295,1285,1295,1285,0
2022-01-24 12:22:00,1295,1285,1295,1285,0
2022-01-24 12:23:00,1295,1285,1295,1285,0
2022-01-24 12:24:00,1295,1285,1295,1285,0
2022-01-24 12:25:00,1295,1285,1295,1285,0
2022-01-24 12:26:00,1295,1285,1295,1285,0
2022-01-24 12:27:00,1295,1285,1295,1285,0
2022-01-24 12:28:00,1295,1285,1295,1285,0
2022-01-24 12:29:00,1295,1285,1295,1285,0
2022-01-24 12:30:00,1295,1285,1295,1285,0
2022-01-24 12:31:00,1295,1285,1295,1285,0
2022-01-24 12:32:00,1295,1285,1295,1285,0
2022-01-24 12:33:00,1295,1285,1295,1285,0
2022-01-24 12:34:00,1295,1285,1295,1285,0
2022-01-24 12:35:00,1295,1285,1295,1285,0
2022-01-24 12:36:00,1295,1285,1295,1285,0
2022-01-24 12:37:00,1295,1285,1295,1285,0
2022-01-24 12:38:00,1295,1285,1295,1285,0
2022-01-24 12:39:00,1295,1285,1295,1285,0
2022-01-24 12:40:00,1295,1285,1295,1285,0
2022-01-24 12:41:00,1295,1285,1295,1285,0
2022-01-24 12:42:00,1295,1285,1295,1285,0
2022-01-24 12:43:00,1295,1285,1295,1285,0
2022-01-24 12:44:00,1295,1285,1295,1285,0
2022-01-24 12:45:00,1295,1285,1295,1285,0
2022-01-24 12:46:00,1295,1285,1295,1285,0
2022-01-24 12:47:00,1295,1285,1295,1285,0
2022-01-24 12:48:00,1295,1285,1295,1285,0
2022-01-24 12:49:00,1295,1285,1295,1285,0
2022-01-24 12:50:00,1295,1285,1295,1285,0
2022-01-24 12:51:00,1295,1285,1295,1285,0
2022-01-24 12:52:00,1295,1285,1295,1285,0
2022-01-24 12:53:00,1295,1285,1295,1285,0
2022-01-24 12:54:00,1295,1285,1295,1285,0
2022-01-24 12:55:00,1295,1285,1295,1285,0
2022-01-24 12:56:00,1295,1285,1295,1285,0
2022-01-24 12:57:00,1295,1285,1295,1285,0
2022-01-24 12:58:00,1295,1285,1295,1285,0
2022-01-24 12:59:00,1295,1285,1295,1285,0
2022-01-24 13:00:00,1295,1285,1295,1285,0
2022-01-24 13:01:00,1295,1285,1295,1285,0
2022-01-24 13:02:00,1295,1285,1295,1285,0
2022-01-24 13:03:00,1295,1285,1295,1285,0
2022-01-24 13:04:00,1295,1285,1295,1285,0
2022-01-24 13:05:00,1295,1285,1295,1285,0
2022-01-24 13:06:00,1295,1285,1295,1285,0
2022-01-24 13:07:00,1295,1285,1295,1285,0
2022-01-24 13:08:00,1295,1285,1295,1285,0
2022-01-24 13:09:00,1295,1285,1295,1285,0
2022-01-24 13:10:00,1295,1285,1295,1285,0
2022-01-24 13:11:00,1295,1285,1295,1285,0
2022-01-24 13:12:00,1295,1285,1295,1285,0
2022-01-24 13:13:00,1295,1285,1295,1285,0
2022-01-24 13:14:00,1295,1285,1295,1285,0
2022-01-24 13:15:00,1295,1285,1295,1285,0
2022-01-24 13:16:00,1295,1285,1295,1285,0
2022-01-24 13:17:00,1295,1285,1295,1285,0
2022-01-24 13:18:00,1295,1285,1295,1285,0
2022-01-24 13:19:00,1295,1285,1295,1285,0
2022-01-24 13:20:00,1295,1285,1295,1285,0
2022-01-24 13:21:00,1295,1285,1295,1285,0
2022-01-24 13:22:00,1295,1285,1295,1285,0
2022-01-24 13:23:00,1295,1285,1295,1285,0
2022-01-24 13:24:00,1295,1285,1295,1285,0
2022-01-24 13:25:00,1295,1285,1295,1285,0
2022-01-24 13:26:00,1295,1285,1295,1285,0
2022-01-24 13:27:00,1295,1285,1295,1285,0
2022-01-24 13:28:00,1295,1285,1295,1285,0
2022-01-24 13:29:00,1295,1285,1295,1285,0
2022-01-24 13:30:00,1295,1280,1295,1280,56900
2022-01-24 13:31:00,1280,1280,1295,1295,42900
2022-01-24 13:32:00,1300,1295,1300,1300,324900
2022-01-24 13:33:00,1300,1295,1300,1300,10500
2022-01-24 13:34:00,1295,1285,1295,1295,362300
2022-01-24 13:35:00,1295,1295,1295,1295,700
2022-01-24 13:36:00,1295,1285,1295,1285,5500
2022-01-24 13:37:00,1290,1290,1290,1290,100
2022-01-24 13:38:00,1285,1285,1290,1290,17400
2022-01-24 13:39:00,1290,1290,1290,1290,100
2022-01-24 13:40:00,1285,1285,1285,1285,1000
2022-01-24 13:41:00,1285,1285,1285,1285,6000
2022-01-24 13:42:00,1285,1285,1285,1285,0
2022-01-24 13:43:00,1285,1285,1285,1285,1100
2022-01-24 13:44:00,1285,1285,1285,1285,100
2022-01-24 13:45:00,1285,1285,1285,1285,12300
2022-01-24 13:46:00,1285,1285,1285,1285,5100
2022-01-24 13:47:00,1285,1280,1285,1285,1600
2022-01-24 13:48:00,1285,1285,1285,1285,4200
2022-01-24 13:49:00,1285,1285,1285,1285,100
2022-01-24 13:50:00,1285,1285,1285,1285,13500
2022-01-24 13:51:00,1285,1285,1285,1285,16100
2022-01-24 13:52:00,1285,1280,1285,1280,17600
2022-01-24 13:53:00,1280,1280,1280,1280,4400
2022-01-24 13:54:00,1285,1280,1285,1285,631000
2022-01-24 13:55:00,1280,1280,1280,1280,300
2022-01-24 13:56:00,1280,1280,1280,1280,0
2022-01-24 13:57:00,1280,1280,1280,1280,0
2022-01-24 13:58:00,1280,1280,1280,1280,0
2022-01-24 13:59:00,1285,1285,1285,1285,100
2022-01-24 14:00:00,1285,1285,1285,1285,0
2022-01-24 14:01:00,1285,1285,1290,1290,3100
2022-01-24 14:02:00,1290,1290,1290,1290,300
2022-01-24 14:03:00,1290,1290,1290,1290,500
2022-01-24 14:04:00,1290,1290,1290,1290,2100
2022-01-24 14:05:00,1290,1290,1290,1290,500
2022-01-24 14:06:00,1290,1290,1290,1290,1100
2022-01-24 14:07:00,1290,1285,1290,1285,6000
2022-01-24 14:08:00,1285,1285,1285,1285,7900
2022-01-24 14:09:00,1285,1285,1285,1285,0
2022-01-24 14:10:00,1285,1285,1285,1285,100
2022-01-24 14:11:00,1285,1285,1290,1290,4700
2022-01-24 14:12:00,1285,1285,1290,1290,0
2022-01-24 14:13:00,1285,1285,1290,1290,0
2022-01-24 14:14:00,1285,1285,1290,1290,0
2022-01-24 14:15:00,1285,1285,1290,1290,0
2022-01-24 14:16:00,1290,1285,1290,1285,6200
2022-01-24 14:17:00,1285,1285,1285,1285,5200
2022-01-24 14:18:00,1285,1285,1285,1285,6200
2022-01-24 14:19:00,1285,1285,1285,1285,9000
2022-01-24 14:20:00,1285,1285,1285,1285,8500
2022-01-24 14:21:00,1285,1285,1285,1285,4200
2022-01-24 14:22:00,1285,1285,1285,1285,11000
2022-01-24 14:23:00,1285,1285,1290,1285,5200
2022-01-24 14:24:00,1285,1285,1290,1290,4100
2022-01-24 14:25:00,1290,1285,1290,1285,400
2022-01-24 14:26:00,1290,1290,1290,1290,100
2022-01-24 14:27:00,1290,1290,1290,1290,30700
2022-01-24 14:28:00,1290,1290,1290,1290,2500
2022-01-24 14:29:00,1295,1295,1295,1295,1600
2022-01-24 14:30:00,1295,1295,1295,1295,0
2022-01-24 14:31:00,1295,1295,1295,1295,500
2022-01-24 14:32:00,1295,1290,1295,1290,31400
2022-01-24 14:33:00,1290,1290,1290,1290,10500
2022-01-24 14:34:00,1290,1290,1290,1290,2000
2022-01-24 14:35:00,1295,1295,1295,1295,100
2022-01-24 14:36:00,1295,1295,1295,1295,500
2022-01-24 14:37:00,1290,1290,1290,1290,5400
2022-01-24 14:38:00,1290,1285,1290,1285,5700
2022-01-24 14:39:00,1290,1285,1290,1285,900
2022-01-24 14:40:00,1285,1285,1285,1285,3000
2022-01-24 14:41:00,1285,1285,1285,1285,4900
2022-01-24 14:42:00,1285,1285,1285,1285,0
2022-01-24 14:43:00,1285,1285,1285,1285,800
2022-01-24 14:44:00,1285,1285,1285,1285,7400
2022-01-24 14:45:00,1285,1285,1285,1285,1100
2022-01-24 14:46:00,1285,1285,1285,1285,5300
2022-01-24 14:47:00,1285,1285,1290,1290,13800
2022-01-24 14:48:00,1290,1290,1295,1295,50300
2022-01-24 14:49:00,1295,1295,1300,1300,121300
2022-01-24 14:50:00,1300,1300,1300,1300,3100
2022-01-24 14:51:00,1300,1300,1300,1300,0
2022-01-24 14:52:00,1300,1300,1300,1300,0
2022-01-24 14:53:00,1300,1300,1300,1300,0
2022-01-24 14:54:00,1300,1300,1300,1300,0
2022-01-24 14:55:00,1300,1300,1300,1300,0
2022-01-24 14:56:00,1300,1300,1300,1300,0
2022-01-24 14:57:00,1300,1300,1300,1300,0
2022-01-24 14:58:00,1300,1300,1300,1300,0
2022-01-24 14:59:00,1300,1300,1300,1300,0
2022-01-24 15:00:00,1300,1300,1300,1300,49200
2022-01-24 15:01:00,1300,1300,1300,1300,800
2022-01-24 15:02:00,1300,1300,1300,1300,0
2022-01-24 15:03:00,1300,1300,1300,1300,100
2022-01-24 15:04:00,1300,1300,1300,1300,0
2022-01-24 15:05:00,1300,1300,1300,1300,0
2022-01-24 15:06:00,1300,1300,1300,1300,22800
2022-01-24 15:07:00,1300,1300,1300,1300,0
2022-01-24 15:08:00,1300,1300,1300,1300,0
2022-01-24 15:09:00,1300,1300,1300,1300,0
2022-01-24 15:10:00,1300,1300,1300,1300,100
2022-01-24 15:11:00,1300,1300,1300,1300,0
2022-01-24 15:12:00,1300,1300,1300,1300,0
2022-01-24 15:13:00,1300,1300,1300,1300,0
2022-01-24 15:14:00,1300,1300,1300,1300,5561200
2022-01-24 15:15:00,1300,1300,1300,1300,0
2022-01-24 15:16:00,1300,1300,1300,1300,0
2022-01-24 15:17:00,1300,1300,1300,1300,0
2022-01-24 15:18:00,1300,1300,1300,1300,0
2022-01-24 15:19:00,1300,1300,1300,1300,0
2022-01-24 15:20:00,1300,1300,1300,1300,0
2022-01-24 15:21:00,1300,1300,1300,1300,0
2022-01-24 15:22:00,1300,1300,1300,1300,0
2022-01-24 15:23:00,1300,1300,1300,1300,0
2022-01-24 15:24:00,1300,1300,1300,1300,0
2022-01-24 15:25:00,1300,1300,1300,1300,0
2022-01-24 15:26:00,1300,1300,1300,1300,0
2022-01-24 15:27:00,1300,1300,1300,1300,0
2022-01-24 15:28:00,1300,1300,1300,1300,0
2022-01-24 15:29:00,1300,1300,1300,1300,0
2022-01-24 15:30:00,1300,1300,1300,1300,0
2022-01-24 15:31:00,1300,1300,1300,1300,0
2022-01-24 15:32:00,1300,1300,1300,1300,0
2022-01-24 15:33:00,1300,1300,1300,1300,0
2022-01-24 15:34:00,1300,1300,1300,1300,0
2022-01-24 15:35:00,1300,1300,1300,1300,0
2022-01-24 15:36:00,1300,1300,1300,1300,0
2022-01-24 15:37:00,1300,1300,1300,1300,0
2022-01-24 15:38:00,1300,1300,1300,1300,0
2022-01-24 15:39:00,1300,1300,1300,1300,0
2022-01-24 15:40:00,1300,1300,1300,1300,0
2022-01-24 15:41:00,1300,1300,1300,1300,0
2022-01-24 15:42:00,1300,1300,1300,1300,0
2022-01-24 15:43:00,1300,1300,1300,1300,0
2022-01-24 15:44:00,1300,1300,1300,1300,0
2022-01-24 15:45:00,1300,1300,1300,1300,0
2022-01-24 15:46:00,1300,1300,1300,1300,0
2022-01-24 15:47:00,1300,1300,1300,1300,0
2022-01-24 15:48:00,1300,1300,1300,1300,0
2022-01-24 15:49:00,1300,1300,1300,1300,0
2022-01-24 15:50:00,1300,1300,1300,1300,0
2022-01-24 15:51:00,1300,1300,1300,1300,0
2022-01-24 15:52:00,1300,1300,1300,1300,0
2022-01-24 15:53:00,1300,1300,1300,1300,0
2022-01-24 15:54:00,1300,1300,1300,1300,0
2022-01-24 15:55:00,1300,1300,1300,1300,0
2022-01-24 15:56:00,1300,1300,1300,1300,0
2022-01-24 15:57:00,1300,1300,1300,1300,0
2022-01-24 15:58:00,1300,1300,1300,1300,0
2022-01-24 15:59:00,1300,1300,1300,1300,0
2022-01-25 09:00:00,1300,1255,1300,1260,0
2022-01-25 09:01:00,1255,1250,1260,1250,19500
2022-01-25 09:02:00,1260,1260,1275,1275,1700
2022-01-25 09:03:00,1275,1265,1295,1290,51700
2022-01-25 09:04:00,1295,1295,1315,1315,75800
2022-01-25 09:05:00,1315,1315,1340,1330,124500
2022-01-25 09:06:00,1330,1325,1340,1330,155300
2022-01-25 09:07:00,1330,1320,1340,1325,57700
2022-01-25 09:08:00,1325,1320,1325,1320,70800
2022-01-25 09:09:00,1320,1320,1325,1325,500
2022-01-25 09:10:00,1325,1320,1325,1320,1800
2022-01-25 09:11:00,1320,1315,1330,1325,416600
2022-01-25 09:12:00,1325,1315,1325,1320,191200
2022-01-25 09:13:00,1320,1320,1320,1320,26600
2022-01-25 09:14:00,1325,1320,1325,1320,600
2022-01-25 09:15:00,1320,1315,1325,1315,18000
2022-01-25 09:16:00,1315,1315,1315,1315,10600
2022-01-25 09:17:00,1315,1315,1315,1315,28300
2022-01-25 09:18:00,1320,1320,1320,1320,11800
2022-01-25 09:19:00,1320,1315,1320,1315,223800
2022-01-25 09:20:00,1320,1310,1320,1310,51800
2022-01-25 09:21:00,1310,1305,1310,1305,19900
2022-01-25 09:22:00,1305,1305,1305,1305,7900
2022-01-25 09:23:00,1305,1305,1315,1315,2500
2022-01-25 09:24:00,1305,1305,1315,1315,0
2022-01-25 09:25:00,1320,1320,1320,1320,100
2022-01-25 09:26:00,1320,1315,1320,1315,3300
2022-01-25 09:27:00,1315,1315,1315,1315,3600
2022-01-25 09:28:00,1320,1315,1320,1315,161800
2022-01-25 09:29:00,1315,1310,1320,1320,26000
2022-01-25 09:30:00,1315,1315,1325,1325,201200
2022-01-25 09:31:00,1325,1320,1325,1320,250800
2022-01-25 09:32:00,1325,1325,1330,1330,249900
2022-01-25 09:33:00,1330,1325,1330,1330,275300
2022-01-25 09:34:00,1330,1330,1335,1330,121800
2022-01-25 09:35:00,1335,1335,1335,1335,224300
2022-01-25 09:36:00,1335,1330,1335,1335,113700
2022-01-25 09:37:00,1335,1335,1340,1340,77700
2022-01-25 09:38:00,1340,1340,1340,1340,131800
2022-01-25 09:39:00,1340,1330,1340,1330,94700
2022-01-25 09:40:00,1330,1315,1330,1320,98000
2022-01-25 09:41:00,1320,1320,1330,1330,484700
2022-01-25 09:42:00,1330,1330,1340,1340,192100
2022-01-25 09:43:00,1340,1325,1345,1335,756200
2022-01-25 09:44:00,1340,1335,1340,1335,44600
2022-01-25 09:45:00,1335,1335,1335,1335,4100
2022-01-25 09:46:00,1340,1340,1340,1340,3000
2022-01-25 09:47:00,1340,1335,1340,1335,10100
2022-01-25 09:48:00,1335,1335,1335,1335,100
2022-01-25 09:49:00,1335,1335,1335,1335,0
2022-01-25 09:50:00,1330,1330,1330,1330,5200
2022-01-25 09:51:00,1330,1330,1330,1330,1000
2022-01-25 09:52:00,1330,1330,1330,1330,4400
2022-01-25 09:53:00,1330,1330,1330,1330,3800
2022-01-25 09:54:00,1330,1330,1330,1330,0
2022-01-25 09:55:00,1330,1330,1330,1330,200
2022-01-25 09:56:00,1330,1330,1330,1330,400
2022-01-25 09:57:00,1330,1330,1330,1330,700
2022-01-25 09:58:00,1330,1330,1330,1330,19600
2022-01-25 09:59:00,1330,1330,1330,1330,2000
2022-01-25 10:00:00,1325,1325,1330,1330,75000
2022-01-25 10:01:00,1325,1325,1330,1330,0
2022-01-25 10:02:00,1330,1330,1330,1330,200
2022-01-25 10:03:00,1330,1330,1330,1330,500
2022-01-25 10:04:00,1330,1330,1330,1330,1000
2022-01-25 10:05:00,1325,1325,1330,1330,9300
2022-01-25 10:06:00,1330,1330,1330,1330,2000
2022-01-25 10:07:00,1330,1330,1330,1330,100
2022-01-25 10:08:00,1330,1330,1330,1330,0
2022-01-25 10:09:00,1330,1330,1330,1330,8400
2022-01-25 10:10:00,1330,1330,1330,1330,3000
2022-01-25 10:11:00,1330,1330,1330,1330,0
2022-01-25 10:12:00,1330,1330,1330,1330,54200
2022-01-25 10:13:00,1325,1325,1325,1325,3200
2022-01-25 10:14:00,1325,1325,1325,1325,31400
2022-01-25 10:15:00,1325,1325,1325,1325,0
2022-01-25 10:16:00,1320,1320,1320,1320,9900
2022-01-25 10:17:00,1320,1320,1320,1320,3600
2022-01-25 10:18:00,1325,1325,1325,1325,500
2022-01-25 10:19:00,1325,1325,1325,1325,2600
2022-01-25 10:20:00,1325,1325,1325,1325,4700
2022-01-25 10:21:00,1325,1325,1325,1325,300
2022-01-25 10:22:00,1330,1325,1330,1325,300
2022-01-25 10:23:00,1330,1325,1330,1325,0
2022-01-25 10:24:00,1330,1325,1330,1325,0
2022-01-25 10:25:00,1330,1325,1330,1325,5000
2022-01-25 10:26:00,1325,1325,1325,1325,44800
2022-01-25 10:27:00,1325,1325,1325,1325,0
2022-01-25 10:28:00,1325,1320,1325,1325,17000
2022-01-25 10:29:00,1325,1325,1325,1325,6200
2022-01-25 10:30:00,1325,1320,1325,1325,1000
2022-01-25 10:31:00,1325,1320,1325,1325,0
2022-01-25 10:32:00,1320,1320,1320,1320,1800
2022-01-25 10:33:00,1320,1320,1320,1320,1000
2022-01-25 10:34:00,1325,1325,1325,1325,100
2022-01-25 10:35:00,1320,1320,1325,1325,5300
2022-01-25 10:36:00,1325,1325,1325,1325,200
2022-01-25 10:37:00,1325,1325,1325,1325,7600
2022-01-25 10:38:00,1320,1320,1320,1320,100
2022-01-25 10:39:00,1320,1320,1320,1320,0
2022-01-25 10:40:00,1325,1325,1325,1325,500
2022-01-25 10:41:00,1325,1325,1325,1325,100
2022-01-25 10:42:00,1325,1325,1325,1325,0
2022-01-25 10:43:00,1325,1325,1325,1325,600
2022-01-25 10:44:00,1325,1325,1325,1325,800
2022-01-25 10:45:00,1320,1320,1325,1325,5900
2022-01-25 10:46:00,1320,1320,1325,1325,0
2022-01-25 10:47:00,1325,1325,1325,1325,100
2022-01-25 10:48:00,1325,1325,1325,1325,0
2022-01-25 10:49:00,1320,1320,1320,1320,100
2022-01-25 10:50:00,1320,1320,1320,1320,0
2022-01-25 10:51:00,1320,1320,1325,1325,300
2022-01-25 10:52:00,1325,1325,1325,1325,400
2022-01-25 10:53:00,1325,1325,1325,1325,10000
2022-01-25 10:54:00,1325,1325,1325,1325,15100
2022-01-25 10:55:00,1325,1325,1325,1325,10000
2022-01-25 10:56:00,1325,1325,1325,1325,0
2022-01-25 10:57:00,1325,1325,1325,1325,0
2022-01-25 10:58:00,1325,1325,1325,1325,100
2022-01-25 10:59:00,1325,1325,1325,1325,900
2022-01-25 11:00:00,1325,1325,1325,1325,100
2022-01-25 11:01:00,1325,1320,1325,1325,3300
2022-01-25 11:02:00,1320,1320,1325,1325,25000
2022-01-25 11:03:00,1320,1320,1320,1320,500
2022-01-25 11:04:00,1320,1320,1320,1320,0
2022-01-25 11:05:00,1320,1320,1320,1320,300
2022-01-25 11:06:00,1325,1325,1325,1325,20000
2022-01-25 11:07:00,1325,1325,1325,1325,1700
2022-01-25 11:08:00,1320,1320,1320,1320,10100
2022-01-25 11:09:00,1320,1320,1320,1320,0
2022-01-25 11:10:00,1320,1320,1320,1320,0
2022-01-25 11:11:00,1325,1325,1325,1325,200
2022-01-25 11:12:00,1325,1325,1325,1325,6000
2022-01-25 11:13:00,1325,1325,1325,1325,0
2022-01-25 11:14:00,1325,1325,1325,1325,500
2022-01-25 11:15:00,1325,1325,1325,1325,2500
2022-01-25 11:16:00,1325,1325,1325,1325,2000
2022-01-25 11:17:00,1325,1325,1325,1325,3700
2022-01-25 11:18:00,1320,1320,1320,1320,2200
2022-01-25 11:19:00,1320,1320,1320,1320,0
2022-01-25 11:20:00,1320,1320,1320,1320,0
2022-01-25 11:21:00,1320,1320,1320,1320,200
2022-01-25 11:22:00,1320,1320,1320,1320,8600
2022-01-25 11:23:00,1320,1320,1320,1320,0
2022-01-25 11:24:00,1320,1320,1320,1320,0
2022-01-25 11:25:00,1320,1320,1320,1320,0
2022-01-25 11:26:00,1320,1320,1320,1320,0
2022-01-25 11:27:00,1320,1320,1320,1320,0
2022-01-25 11:28:00,1320,1320,1320,1320,0
2022-01-25 11:29:00,1320,1320,1320,1320,0
2022-01-25 11:30:00,1320,1320,1320,1320,0
2022-01-25 11:31:00,1320,1320,1320,1320,0
2022-01-25 11:32:00,1320,1320,1320,1320,0
2022-01-25 11:33:00,1320,1320,1320,1320,0
2022-01-25 11:34:00,1320,1320,1320,1320,0
2022-01-25 11:35:00,1320,1320,1320,1320,0
2022-01-25 11:36:00,1320,1320,1320,1320,0
2022-01-25 11:37:00,1320,1320,1320,1320,0
2022-01-25 11:38:00,1320,1320,1320,1320,0
2022-01-25 11:39:00,1320,1320,1320,1320,0
2022-01-25 11:40:00,1320,1320,1320,1320,0
2022-01-25 11:41:00,1320,1320,1320,1320,0
2022-01-25 11:42:00,1320,1320,1320,1320,0
2022-01-25 11:43:00,1320,1320,1320,1320,0
2022-01-25 11:44:00,1320,1320,1320,1320,0
2022-01-25 11:45:00,1320,1320,1320,1320,0
2022-01-25 11:46:00,1320,1320,1320,1320,0
2022-01-25 11:47:00,1320,1320,1320,1320,0
2022-01-25 11:48:00,1320,1320,1320,1320,0
2022-01-25 11:49:00,1320,1320,1320,1320,0
2022-01-25 11:50:00,1320,1320,1320,1320,0
2022-01-25 11:51:00,1320,1320,1320,1320,0
2022-01-25 11:52:00,1320,1320,1320,1320,0
2022-01-25 11:53:00,1320,1320,1320,1320,0
2022-01-25 11:54:00,1320,1320,1320,1320,0
2022-01-25 11:55:00,1320,1320,1320,1320,0
2022-01-25 11:56:00,1320,1320,1320,1320,0
2022-01-25 11:57:00,1320,1320,1320,1320,0
2022-01-25 11:58:00,1320,1320,1320,1320,0
2022-01-25 11:59:00,1320,1320,1320,1320,0
2022-01-25 12:00:00,1320,1320,1320,1320,0
2022-01-25 12:01:00,1320,1320,1320,1320,0
2022-01-25 12:02:00,1320,1320,1320,1320,0
2022-01-25 12:03:00,1320,1320,1320,1320,0
2022-01-25 12:04:00,1320,1320,1320,1320,0
2022-01-25 12:05:00,1320,1320,1320,1320,0
2022-01-25 12:06:00,1320,1320,1320,1320,0
2022-01-25 12:07:00,1320,1320,1320,1320,0
2022-01-25 12:08:00,1320,1320,1320,1320,0
2022-01-25 12:09:00,1320,1320,1320,1320,0
2022-01-25 12:10:00,1320,1320,1320,1320,0
2022-01-25 12:11:00,1320,1320,1320,1320,0
2022-01-25 12:12:00,1320,1320,1320,1320,0
2022-01-25 12:13:00,1320,1320,1320,1320,0
2022-01-25 12:14:00,1320,1320,1320,1320,0
2022-01-25 12:15:00,1320,1320,1320,1320,0
2022-01-25 12:16:00,1320,1320,1320,1320,0
2022-01-25 12:17:00,1320,1320,1320,1320,0
2022-01-25 12:18:00,1320,1320,1320,1320,0
2022-01-25 12:19:00,1320,1320,1320,1320,0
2022-01-25 12:20:00,1320,1320,1320,1320,0
2022-01-25 12:21:00,1320,1320,1320,1320,0
2022-01-25 12:22:00,1320,1320,1320,1320,0
2022-01-25 12:23:00,1320,1320,1320,1320,0
2022-01-25 12:24:00,1320,1320,1320,1320,0
2022-01-25 12:25:00,1320,1320,1320,1320,0
2022-01-25 12:26:00,1320,1320,1320,1320,0
2022-01-25 12:27:00,1320,1320,1320,1320,0
2022-01-25 12:28:00,1320,1320,1320,1320,0
2022-01-25 12:29:00,1320,1320,1320,1320,0
2022-01-25 12:30:00,1320,1320,1320,1320,0
2022-01-25 12:31:00,1320,1320,1320,1320,0
2022-01-25 12:32:00,1320,1320,1320,1320,0
2022-01-25 12:33:00,1320,1320,1320,1320,0
2022-01-25 12:34:00,1320,1320,1320,1320,0
2022-01-25 12:35:00,1320,1320,1320,1320,0
2022-01-25 12:36:00,1320,1320,1320,1320,0
2022-01-25 12:37:00,1320,1320,1320,1320,0
2022-01-25 12:38:00,1320,1320,1320,1320,0
2022-01-25 12:39:00,1320,1320,1320,1320,0
2022-01-25 12:40:00,1320,1320,1320,1320,0
2022-01-25 12:41:00,1320,1320,1320,1320,0
2022-01-25 12:42:00,1320,1320,1320,1320,0
2022-01-25 12:43:00,1320,1320,1320,1320,0
2022-01-25 12:44:00,1320,1320,1320,1320,0
2022-01-25 12:45:00,1320,1320,1320,1320,0
2022-01-25 12:46:00,1320,1320,1320,1320,0
2022-01-25 12:47:00,1320,1320,1320,1320,0
2022-01-25 12:48:00,1320,1320,1320,1320,0
2022-01-25 12:49:00,1320,1320,1320,1320,0
2022-01-25 12:50:00,1320,1320,1320,1320,0
2022-01-25 12:51:00,1320,1320,1320,1320,0
2022-01-25 12:52:00,1320,1320,1320,1320,0
2022-01-25 12:53:00,1320,1320,1320,1320,0
2022-01-25 12:54:00,1320,1320,1320,1320,0
2022-01-25 12:55:00,1320,1320,1320,1320,0
2022-01-25 12:56:00,1320,1320,1320,1320,0
2022-01-25 12:57:00,1320,1320,1320,1320,0
2022-01-25 12:58:00,1320,1320,1320,1320,0
2022-01-25 12:59:00,1320,1320,1320,1320,0
2022-01-25 13:00:00,1320,1320,1320,1320,0
2022-01-25 13:01:00,1320,1320,1320,1320,0
2022-01-25 13:02:00,1320,1320,1320,1320,0
2022-01-25 13:03:00,1320,1320,1320,1320,0
2022-01-25 13:04:00,1320,1320,1320,1320,0
2022-01-25 13:05:00,1320,1320,1320,1320,0
2022-01-25 13:06:00,1320,1320,1320,1320,0
2022-01-25 13:07:00,1320,1320,1320,1320,0
2022-01-25 13:08:00,1320,1320,1320,1320,0
2022-01-25 13:09:00,1320,1320,1320,1320,0
2022-01-25 13:10:00,1320,1320,1320,1320,0
2022-01-25 13:11:00,1320,1320,1320,1320,0
2022-01-25 13:12:00,1320,1320,1320,1320,0
2022-01-25 13:13:00,1320,1320,1320,1320,0
2022-01-25 13:14:00,1320,1320,1320,1320,0
2022-01-25 13:15:00,1320,1320,1320,1320,0
2022-01-25 13:16:00,1320,1320,1320,1320,0
2022-01-25 13:17:00,1320,1320,1320,1320,0
2022-01-25 13:18:00,1320,1320,1320,1320,0
2022-01-25 13:19:00,1320,1320,1320,1320,0
2022-01-25 13:20:00,1320,1320,1320,1320,0
2022-01-25 13:21:00,1320,1320,1320,1320,0
2022-01-25 13:22:00,1320,1320,1320,1320,0
2022-01-25 13:23:00,1320,1320,1320,1320,0
2022-01-25 13:24:00,1320,1320,1320,1320,0
2022-01-25 13:25:00,1320,1320,1320,1320,0
2022-01-25 13:26:00,1320,1320,1320,1320,0
2022-01-25 13:27:00,1320,1320,1320,1320,0
2022-01-25 13:28:00,1320,1320,1320,1320,0
2022-01-25 13:29:00,1320,1320,1320,1320,0
2022-01-25 13:30:00,1320,1305,1325,1305,387700
2022-01-25 13:31:00,1305,1305,1305,1305,7900
2022-01-25 13:32:00,1305,1305,1305,1305,2800
2022-01-25 13:33:00,1305,1305,1305,1305,2600
2022-01-25 13:34:00,1300,1300,1305,1305,336800
2022-01-25 13:35:00,1305,1300,1305,1305,425800
2022-01-25 13:36:00,1305,1295,1305,1295,15300
2022-01-25 13:37:00,1295,1295,1295,1295,1000
2022-01-25 13:38:00,1295,1295,1305,1305,300
2022-01-25 13:39:00,1295,1295,1295,1295,700
2022-01-25 13:40:00,1295,1295,1295,1295,3000
2022-01-25 13:41:00,1295,1295,1295,1295,100000
2022-01-25 13:42:00,1295,1295,1295,1295,1500
2022-01-25 13:43:00,1295,1295,1295,1295,0
2022-01-25 13:44:00,1295,1295,1295,1295,1900
2022-01-25 13:45:00,1295,1295,1295,1295,0
2022-01-25 13:46:00,1295,1295,1295,1295,5600
2022-01-25 13:47:00,1295,1295,1295,1295,0
2022-01-25 13:48:00,1295,1295,1295,1295,800
2022-01-25 13:49:00,1295,1295,1295,1295,2000
2022-01-25 13:50:00,1295,1295,1295,1295,0
2022-01-25 13:51:00,1295,1295,1295,1295,0
2022-01-25 13:52:00,1295,1295,1300,1300,3000
2022-01-25 13:53:00,1300,1300,1300,1300,5100
2022-01-25 13:54:00,1300,1300,1300,1300,2100
2022-01-25 13:55:00,1300,1300,1305,1305,700
2022-01-25 13:56:00,1300,1300,1305,1305,0
2022-01-25 13:57:00,1305,1305,1305,1305,4100
2022-01-25 13:58:00,1310,1310,1310,1310,200
2022-01-25 13:59:00,1305,1300,1305,1300,7600
2022-01-25 14:00:00,1300,1300,1300,1300,14000
2022-01-25 14:01:00,1300,1300,1300,1300,9000
2022-01-25 14:02:00,1300,1300,1300,1300,1700
2022-01-25 14:03:00,1310,1300,1310,1300,900
2022-01-25 14:04:00,1310,1300,1310,1300,0
2022-01-25 14:05:00,1310,1310,1315,1315,8300
2022-01-25 14:06:00,1310,1310,1315,1315,0
2022-01-25 14:07:00,1310,1310,1315,1315,0
2022-01-25 14:08:00,1310,1310,1310,1310,1300
2022-01-25 14:09:00,1315,1310,1320,1320,22400
2022-01-25 14:10:00,1320,1320,1320,1320,10000
2022-01-25 14:11:00,1320,1310,1320,1310,481700
2022-01-25 14:12:00,1315,1315,1315,1315,26600
2022-01-25 14:13:00,1315,1315,1315,1315,1000
2022-01-25 14:14:00,1315,1315,1315,1315,0
2022-01-25 14:15:00,1315,1315,1315,1315,9700
2022-01-25 14:16:00,1325,1325,1325,1325,600
2022-01-25 14:17:00,1320,1320,1320,1320,1400
2022-01-25 14:18:00,1320,1320,1320,1320,2000
2022-01-25 14:19:00,1320,1320,1320,1320,100
2022-01-25 14:20:00,1320,1320,1320,1320,47900
2022-01-25 14:21:00,1320,1320,1320,1320,500800
2022-01-25 14:22:00,1315,1315,1320,1320,1000
2022-01-25 14:23:00,1315,1315,1320,1320,0
2022-01-25 14:24:00,1320,1320,1320,1320,27300
2022-01-25 14:25:00,1325,1325,1325,1325,6000
2022-01-25 14:26:00,1325,1320,1325,1320,17000
2022-01-25 14:27:00,1320,1320,1320,1320,11400
2022-01-25 14:28:00,1320,1315,1320,1315,2900
2022-01-25 14:29:00,1320,1320,1320,1320,100
2022-01-25 14:30:00,1320,1315,1320,1315,1100
2022-01-25 14:31:00,1315,1315,1320,1315,14300
2022-01-25 14:32:00,1315,1315,1320,1315,0
2022-01-25 14:33:00,1315,1315,1320,1315,0
2022-01-25 14:34:00,1315,1315,1315,1315,1600
2022-01-25 14:35:00,1315,1315,1315,1315,400
2022-01-25 14:36:00,1315,1315,1315,1315,3000
2022-01-25 14:37:00,1315,1315,1315,1315,0
2022-01-25 14:38:00,1320,1320,1320,1320,100
2022-01-25 14:39:00,1315,1315,1315,1315,500
2022-01-25 14:40:00,1315,1315,1320,1320,4000
2022-01-25 14:41:00,1315,1315,1315,1315,400
2022-01-25 14:42:00,1315,1315,1315,1315,1700
2022-01-25 14:43:00,1320,1320,1320,1320,100
2022-01-25 14:44:00,1315,1315,1315,1315,25700
2022-01-25 14:45:00,1310,1310,1315,1315,12000
2022-01-25 14:46:00,1315,1315,1320,1320,3700
2022-01-25 14:47:00,1320,1320,1320,1320,18400
2022-01-25 14:48:00,1325,1320,1325,1325,3300
2022-01-25 14:49:00,1320,1320,1325,1325,9200
2022-01-25 14:50:00,1320,1320,1325,1325,0
2022-01-25 14:51:00,1320,1320,1325,1325,0
2022-01-25 14:52:00,1320,1320,1325,1325,0
2022-01-25 14:53:00,1320,1320,1325,1325,0
2022-01-25 14:54:00,1320,1320,1325,1325,0
2022-01-25 14:55:00,1320,1320,1325,1325,0
2022-01-25 14:56:00,1320,1320,1325,1325,0
2022-01-25 14:57:00,1320,1320,1325,1325,0
2022-01-25 14:58:00,1320,1320,1325,1325,0
2022-01-25 14:59:00,1320,1320,1325,1325,0
2022-01-25 15:00:00,1320,1320,1320,1320,314500
2022-01-25 15:01:00,1320,1320,1320,1320,48800
2022-01-25 15:02:00,1320,1320,1320,1320,0
2022-01-25 15:03:00,1320,1320,1320,1320,0
2022-01-25 15:04:00,1320,1320,1320,1320,4000
2022-01-25 15:05:00,1320,1320,1320,1320,900
2022-01-25 15:06:00,1320,1320,1320,1320,23500
2022-01-25 15:07:00,1320,1320,1320,1320,7000
2022-01-25 15:08:00,1320,1320,1320,1320,11300
2022-01-25 15:09:00,1320,1320,1320,1320,4000
2022-01-25 15:10:00,1320,1320,1320,1320,200
2022-01-25 15:11:00,1320,1320,1320,1320,0
2022-01-25 15:12:00,1320,1320,1320,1320,4900
2022-01-25 15:13:00,1320,1320,1320,1320,5500
2022-01-25 15:14:00,1320,1320,1320,1320,7500
2022-01-25 15:15:00,1320,1320,1320,1320,0
2022-01-25 15:16:00,1320,1320,1320,1320,0
2022-01-25 15:17:00,1320,1320,1320,1320,0
2022-01-25 15:18:00,1320,1320,1320,1320,0
2022-01-25 15:19:00,1320,1320,1320,1320,0
2022-01-25 15:20:00,1320,1320,1320,1320,0
2022-01-25 15:21:00,1320,1320,1320,1320,0
2022-01-25 15:22:00,1320,1320,1320,1320,0
2022-01-25 15:23:00,1320,1320,1320,1320,0
2022-01-25 15:24:00,1320,1320,1320,1320,0
2022-01-25 15:25:00,1320,1320,1320,1320,0
2022-01-25 15:26:00,1320,1320,1320,1320,0
2022-01-25 15:27:00,1320,1320,1320,1320,0
2022-01-25 15:28:00,1320,1320,1320,1320,0
2022-01-25 15:29:00,1320,1320,1320,1320,0
2022-01-25 15:30:00,1320,1320,1320,1320,0
2022-01-25 15:31:00,1320,1320,1320,1320,0
2022-01-25 15:32:00,1320,1320,1320,1320,0
2022-01-25 15:33:00,1320,1320,1320,1320,0
2022-01-25 15:34:00,1320,1320,1320,1320,0
2022-01-25 15:35:00,1320,1320,1320,1320,0
2022-01-25 15:36:00,1320,1320,1320,1320,0
2022-01-25 15:37:00,1320,1320,1320,1320,0
2022-01-25 15:38:00,1320,1320,1320,1320,0
2022-01-25 15:39:00,1320,1320,1320,1320,0
2022-01-25 15:40:00,1320,1320,1320,1320,0
2022-01-25 15:41:00,1320,1320,1320,1320,0
2022-01-25 15:42:00,1320,1320,1320,1320,0
2022-01-25 15:43:00,1320,1320,1320,1320,0
2022-01-25 15:44:00,1320,1320,1320,1320,0
2022-01-25 15:45:00,1320,1320,1320,1320,0
2022-01-25 15:46:00,1320,1320,1320,1320,0
2022-01-25 15:47:00,1320,1320,1320,1320,0
2022-01-25 15:48:00,1320,1320,1320,1320,0
2022-01-25 15:49:00,1320,1320,1320,1320,0
2022-01-25 15:50:00,1320,1320,1320,1320,0
2022-01-25 15:51:00,1320,1320,1320,1320,0
2022-01-25 15:52:00,1320,1320,1320,1320,0
2022-01-25 15:53:00,1320,1320,1320,1320,0
2022-01-25 15:54:00,1320,1320,1320,1320,0
2022-01-25 15:55:00,1320,1320,1320,1320,0
2022-01-25 15:56:00,1320,1320,1320,1320,0
2022-01-25 15:57:00,1320,1320,1320,1320,0
2022-01-25 15:58:00,1320,1320,1320,1320,0
2022-01-25 15:59:00,1320,1320,1320,1320,0
2022-01-26 09:00:00,1320,1300,1335,1330,0
2022-01-26 09:01:00,1330,1330,1345,1345,81200
2022-01-26 09:02:00,1345,1330,1350,1345,90800
2022-01-26 09:03:00,1340,1330,1340,1340,11000
2022-01-26 09:04:00,1330,1315,1330,1315,26800
2022-01-26 09:05:00,1315,1315,1315,1315,2200
2022-01-26 09:06:00,1315,1315,1320,1315,48800
2022-01-26 09:07:00,1320,1320,1320,1320,50500
2022-01-26 09:08:00,1315,1310,1315,1315,57100
2022-01-26 09:09:00,1310,1310,1315,1315,81600
2022-01-26 09:10:00,1315,1310,1315,1310,94300
2022-01-26 09:11:00,1315,1315,1315,1315,109000
2022-01-26 09:12:00,1310,1310,1315,1310,53300
2022-01-26 09:13:00,1315,1310,1315,1310,181700
2022-01-26 09:14:00,1310,1310,1320,1320,164200
2022-01-26 09:15:00,1320,1320,1320,1320,50000
2022-01-26 09:16:00,1325,1320,1325,1320,500
2022-01-26 09:17:00,1320,1320,1320,1320,70000
2022-01-26 09:18:00,1320,1320,1320,1320,500
2022-01-26 09:19:00,1320,1320,1325,1325,119000
2022-01-26 09:20:00,1325,1325,1335,1335,408900
2022-01-26 09:21:00,1335,1335,1335,1335,8600
2022-01-26 09:22:00,1330,1330,1335,1330,119800
2022-01-26 09:23:00,1330,1330,1335,1330,61000
2022-01-26 09:24:00,1330,1330,1330,1330,63000
2022-01-26 09:25:00,1335,1330,1335,1330,36500
2022-01-26 09:26:00,1330,1330,1330,1330,22700
2022-01-26 09:27:00,1330,1330,1330,1330,80700
2022-01-26 09:28:00,1330,1330,1330,1330,88100
2022-01-26 09:29:00,1330,1325,1330,1325,151000
2022-01-26 09:30:00,1325,1315,1325,1320,282900
2022-01-26 09:31:00,1320,1320,1320,1320,82000
2022-01-26 09:32:00,1320,1320,1320,1320,5000
2022-01-26 09:33:00,1320,1320,1320,1320,54200
2022-01-26 09:34:00,1320,1320,1320,1320,34100
2022-01-26 09:35:00,1320,1320,1320,1320,61200
2022-01-26 09:36:00,1320,1315,1320,1320,42100
2022-01-26 09:37:00,1320,1315,1320,1320,0
2022-01-26 09:38:00,1315,1315,1320,1315,159200
2022-01-26 09:39:00,1315,1310,1320,1310,75400
2022-01-26 09:40:00,1315,1315,1315,1315,200
2022-01-26 09:41:00,1315,1315,1315,1315,0
2022-01-26 09:42:00,1320,1320,1320,1320,200
2022-01-26 09:43:00,1320,1320,1320,1320,0
2022-01-26 09:44:00,1320,1320,1320,1320,76300
2022-01-26 09:45:00,1320,1320,1320,1320,4000
2022-01-26 09:46:00,1320,1320,1320,1320,3900
2022-01-26 09:47:00,1320,1315,1320,1315,20500
2022-01-26 09:48:00,1320,1320,1320,1320,7900
2022-01-26 09:49:00,1315,1315,1315,1315,30000
2022-01-26 09:50:00,1315,1315,1315,1315,16400
2022-01-26 09:51:00,1315,1315,1315,1315,900
2022-01-26 09:52:00,1315,1315,1315,1315,0
2022-01-26 09:53:00,1310,1310,1310,1310,10200
2022-01-26 09:54:00,1315,1315,1315,1315,3800
2022-01-26 09:55:00,1315,1310,1315,1310,24600
2022-01-26 09:56:00,1315,1315,1315,1315,40000
2022-01-26 09:57:00,1315,1310,1315,1315,19200
2022-01-26 09:58:00,1315,1310,1315,1315,0
2022-01-26 09:59:00,1320,1320,1320,1320,100
2022-01-26 10:00:00,1320,1320,1320,1320,0
2022-01-26 10:01:00,1315,1315,1320,1320,400
2022-01-26 10:02:00,1315,1315,1315,1315,8100
2022-01-26 10:03:00,1315,1315,1315,1315,0
2022-01-26 10:04:00,1315,1315,1315,1315,3000
2022-01-26 10:05:00,1315,1315,1315,1315,500
2022-01-26 10:06:00,1315,1315,1315,1315,0
2022-01-26 10:07:00,1315,1315,1320,1315,34500
2022-01-26 10:08:00,1320,1320,1320,1320,2100
2022-01-26 10:09:00,1320,1320,1320,1320,500
2022-01-26 10:10:00,1315,1315,1320,1320,2300
2022-01-26 10:11:00,1315,1315,1320,1320,0
2022-01-26 10:12:00,1320,1320,1320,1320,7500
2022-01-26 10:13:00,1320,1320,1320,1320,0
2022-01-26 10:14:00,1320,1320,1320,1320,0
2022-01-26 10:15:00,1320,1320,1320,1320,0
2022-01-26 10:16:00,1320,1320,1320,1320,101000
2022-01-26 10:17:00,1320,1315,1320,1315,52900
2022-01-26 10:18:00,1320,1320,1320,1320,50500
2022-01-26 10:19:00,1325,1325,1325,1325,100000
2022-01-26 10:20:00,1325,1325,1325,1325,0
2022-01-26 10:21:00,1325,1325,1325,1325,0
2022-01-26 10:22:00,1320,1320,1320,1320,6000
2022-01-26 10:23:00,1325,1325,1325,1325,100
2022-01-26 10:24:00,1325,1320,1325,1320,50500
2022-01-26 10:25:00,1325,1320,1325,1325,53300
2022-01-26 10:26:00,1320,1320,1320,1320,600
2022-01-26 10:27:00,1320,1320,1320,1320,15900
2022-01-26 10:28:00,1320,1320,1320,1320,0
2022-01-26 10:29:00,1320,1320,1320,1320,1800
2022-01-26 10:30:00,1320,1320,1320,1320,2600
2022-01-26 10:31:00,1320,1320,1320,1320,300
2022-01-26 10:32:00,1320,1320,1320,1320,500
2022-01-26 10:33:00,1320,1320,1320,1320,1100
2022-01-26 10:34:00,1320,1320,1320,1320,100
2022-01-26 10:35:00,1320,1320,1320,1320,300
2022-01-26 10:36:00,1315,1310,1315,1310,125100
2022-01-26 10:37:00,1310,1310,1310,1310,27400
2022-01-26 10:38:00,1310,1310,1310,1310,200
2022-01-26 10:39:00,1310,1305,1310,1305,99300
2022-01-26 10:40:00,1305,1305,1305,1305,400
2022-01-26 10:41:00,1305,1305,1310,1310,1000
2022-01-26 10:42:00,1310,1310,1310,1310,19500
2022-01-26 10:43:00,1315,1305,1315,1310,500
2022-01-26 10:44:00,1310,1310,1310,1310,3100
2022-01-26 10:45:00,1315,1315,1315,1315,100
2022-01-26 10:46:00,1315,1315,1315,1315,2500
2022-01-26 10:47:00,1310,1310,1310,1310,500
2022-01-26 10:48:00,1315,1315,1315,1315,100
2022-01-26 10:49:00,1315,1315,1315,1315,0
2022-01-26 10:50:00,1315,1315,1315,1315,300
2022-01-26 10:51:00,1315,1315,1315,1315,1000
2022-01-26 10:52:00,1315,1315,1315,1315,0
2022-01-26 10:53:00,1315,1315,1315,1315,0
2022-01-26 10:54:00,1315,1315,1315,1315,0
2022-01-26 10:55:00,1315,1315,1315,1315,700
2022-01-26 10:56:00,1315,1315,1315,1315,0
2022-01-26 10:57:00,1315,1315,1315,1315,500
2022-01-26 10:58:00,1315,1315,1315,1315,0
2022-01-26 10:59:00,1315,1315,1315,1315,0
2022-01-26 11:00:00,1315,1315,1315,1315,0
2022-01-26 11:01:00,1315,1315,1315,1315,0
2022-01-26 11:02:00,1315,1315,1315,1315,0
2022-01-26 11:03:00,1310,1300,1310,1300,204900
2022-01-26 11:04:00,1305,1305,1305,1305,27500
2022-01-26 11:05:00,1305,1305,1305,1305,0
2022-01-26 11:06:00,1305,1305,1305,1305,0
2022-01-26 11:07:00,1315,1315,1315,1315,200
2022-01-26 11:08:00,1305,1305,1305,1305,8500
2022-01-26 11:09:00,1305,1305,1305,1305,0
2022-01-26 11:10:00,1305,1305,1305,1305,0
2022-01-26 11:11:00,1305,1305,1305,1305,100
2022-01-26 11:12:00,1305,1305,1305,1305,2000
2022-01-26 11:13:00,1305,1305,1305,1305,1400
2022-01-26 11:14:00,1300,1300,1300,1300,500
2022-01-26 11:15:00,1300,1300,1300,1300,1500
2022-01-26 11:16:00,1300,1300,1300,1300,0
2022-01-26 11:17:00,1305,1300,1305,1305,94300
2022-01-26 11:18:00,1305,1300,1305,1305,0
2022-01-26 11:19:00,1305,1300,1305,1305,0
2022-01-26 11:20:00,1315,1315,1315,1315,100
2022-01-26 11:21:00,1315,1315,1315,1315,0
2022-01-26 11:22:00,1315,1315,1315,1315,0
2022-01-26 11:23:00,1315,1315,1315,1315,200
2022-01-26 11:24:00,1315,1315,1315,1315,0
2022-01-26 11:25:00,1315,1315,1315,1315,0
2022-01-26 11:26:00,1315,1315,1315,1315,0
2022-01-26 11:27:00,1315,1315,1315,1315,0
2022-01-26 11:28:00,1315,1315,1315,1315,0
2022-01-26 11:29:00,1310,1310,1315,1315,2500
2022-01-26 11:30:00,1310,1310,1315,1315,0
2022-01-26 11:31:00,1310,1310,1315,1315,0
2022-01-26 11:32:00,1310,1310,1315,1315,0
2022-01-26 11:33:00,1310,1310,1315,1315,0
2022-01-26 11:34:00,1310,1310,1315,1315,0
2022-01-26 11:35:00,1310,1310,1315,1315,0
2022-01-26 11:36:00,1310,1310,1315,1315,0
2022-01-26 11:37:00,1310,1310,1315,1315,0
2022-01-26 11:38:00,1310,1310,1315,1315,0
2022-01-26 11:39:00,1310,1310,1315,1315,0
2022-01-26 11:40:00,1310,1310,1315,1315,0
2022-01-26 11:41:00,1310,1310,1315,1315,0
2022-01-26 11:42:00,1310,1310,1315,1315,0
2022-01-26 11:43:00,1310,1310,1315,1315,0
2022-01-26 11:44:00,1310,1310,1315,1315,0
2022-01-26 11:45:00,1310,1310,1315,1315,0
2022-01-26 11:46:00,1310,1310,1315,1315,0
2022-01-26 11:47:00,1310,1310,1315,1315,0
2022-01-26 11:48:00,1310,1310,1315,1315,0
2022-01-26 11:49:00,1310,1310,1315,1315,0
2022-01-26 11:50:00,1310,1310,1315,1315,0
2022-01-26 11:51:00,1310,1310,1315,1315,0
2022-01-26 11:52:00,1310,1310,1315,1315,0
2022-01-26 11:53:00,1310,1310,1315,1315,0
2022-01-26 11:54:00,1310,1310,1315,1315,0
2022-01-26 11:55:00,1310,1310,1315,1315,0
2022-01-26 11:56:00,1310,1310,1315,1315,0
2022-01-26 11:57:00,1310,1310,1315,1315,0
2022-01-26 11:58:00,1310,1310,1315,1315,0
2022-01-26 11:59:00,1310,1310,1315,1315,0
2022-01-26 12:00:00,1310,1310,1315,1315,0
2022-01-26 12:01:00,1310,1310,1315,1315,0
2022-01-26 12:02:00,1310,1310,1315,1315,0
2022-01-26 12:03:00,1310,1310,1315,1315,0
2022-01-26 12:04:00,1310,1310,1315,1315,0
2022-01-26 12:05:00,1310,1310,1315,1315,0
2022-01-26 12:06:00,1310,1310,1315,1315,0
2022-01-26 12:07:00,1310,1310,1315,1315,0
2022-01-26 12:08:00,1310,1310,1315,1315,0
2022-01-26 12:09:00,1310,1310,1315,1315,0
2022-01-26 12:10:00,1310,1310,1315,1315,0
2022-01-26 12:11:00,1310,1310,1315,1315,0
2022-01-26 12:12:00,1310,1310,1315,1315,0
2022-01-26 12:13:00,1310,1310,1315,1315,0
2022-01-26 12:14:00,1310,1310,1315,1315,0
2022-01-26 12:15:00,1310,1310,1315,1315,0
2022-01-26 12:16:00,1310,1310,1315,1315,0
2022-01-26 12:17:00,1310,1310,1315,1315,0
2022-01-26 12:18:00,1310,1310,1315,1315,0
2022-01-26 12:19:00,1310,1310,1315,1315,0
2022-01-26 12:20:00,1310,1310,1315,1315,0
2022-01-26 12:21:00,1310,1310,1315,1315,0
2022-01-26 12:22:00,1310,1310,1315,1315,0
2022-01-26 12:23:00,1310,1310,1315,1315,0
2022-01-26 12:24:00,1310,1310,1315,1315,0
2022-01-26 12:25:00,1310,1310,1315,1315,0
2022-01-26 12:26:00,1310,1310,1315,1315,0
2022-01-26 12:27:00,1310,1310,1315,1315,0
2022-01-26 12:28:00,1310,1310,1315,1315,0
2022-01-26 12:29:00,1310,1310,1315,1315,0
2022-01-26 12:30:00,1310,1310,1315,1315,0
2022-01-26 12:31:00,1310,1310,1315,1315,0
2022-01-26 12:32:00,1310,1310,1315,1315,0
2022-01-26 12:33:00,1310,1310,1315,1315,0
2022-01-26 12:34:00,1310,1310,1315,1315,0
2022-01-26 12:35:00,1310,1310,1315,1315,0
2022-01-26 12:36:00,1310,1310,1315,1315,0
2022-01-26 12:37:00,1310,1310,1315,1315,0
2022-01-26 12:38:00,1310,1310,1315,1315,0
2022-01-26 12:39:00,1310,1310,1315,1315,0
2022-01-26 12:40:00,1310,1310,1315,1315,0
2022-01-26 12:41:00,1310,1310,1315,1315,0
2022-01-26 12:42:00,1310,1310,1315,1315,0
2022-01-26 12:43:00,1310,1310,1315,1315,0
2022-01-26 12:44:00,1310,1310,1315,1315,0
2022-01-26 12:45:00,1310,1310,1315,1315,0
2022-01-26 12:46:00,1310,1310,1315,1315,0
2022-01-26 12:47:00,1310,1310,1315,1315,0
2022-01-26 12:48:00,1310,1310,1315,1315,0
2022-01-26 12:49:00,1310,1310,1315,1315,0
2022-01-26 12:50:00,1310,1310,1315,1315,0
2022-01-26 12:51:00,1310,1310,1315,1315,0
2022-01-26 12:52:00,1310,1310,1315,1315,0
2022-01-26 12:53:00,1310,1310,1315,1315,0
2022-01-26 12:54:00,1310,1310,1315,1315,0
2022-01-26 12:55:00,1310,1310,1315,1315,0
2022-01-26 12:56:00,1310,1310,1315,1315,0
2022-01-26 12:57:00,1310,1310,1315,1315,0
2022-01-26 12:58:00,1310,1310,1315,1315,0
2022-01-26 12:59:00,1310,1310,1315,1315,0
2022-01-26 13:00:00,1310,1310,1315,1315,0
2022-01-26 13:01:00,1310,1310,1315,1315,0
2022-01-26 13:02:00,1310,1310,1315,1315,0
2022-01-26 13:03:00,1310,1310,1315,1315,0
2022-01-26 13:04:00,1310,1310,1315,1315,0
2022-01-26 13:05:00,1310,1310,1315,1315,0
2022-01-26 13:06:00,1310,1310,1315,1315,0
2022-01-26 13:07:00,1310,1310,1315,1315,0
2022-01-26 13:08:00,1310,1310,1315,1315,0
2022-01-26 13:09:00,1310,1310,1315,1315,0
2022-01-26 13:10:00,1310,1310,1315,1315,0
2022-01-26 13:11:00,1310,1310,1315,1315,0
2022-01-26 13:12:00,1310,1310,1315,1315,0
2022-01-26 13:13:00,1310,1310,1315,1315,0
2022-01-26 13:14:00,1310,1310,1315,1315,0
2022-01-26 13:15:00,1310,1310,1315,1315,0
2022-01-26 13:16:00,1310,1310,1315,1315,0
2022-01-26 13:17:00,1310,1310,1315,1315,0
2022-01-26 13:18:00,1310,1310,1315,1315,0
2022-01-26 13:19:00,1310,1310,1315,1315,0
2022-01-26 13:20:00,1310,1310,1315,1315,0
2022-01-26 13:21:00,1310,1310,1315,1315,0
2022-01-26 13:22:00,1310,1310,1315,1315,0
2022-01-26 13:23:00,1310,1310,1315,1315,0
2022-01-26 13:24:00,1310,1310,1315,1315,0
2022-01-26 13:25:00,1310,1310,1315,1315,0
2022-01-26 13:26:00,1310,1310,1315,1315,0
2022-01-26 13:27:00,1310,1310,1315,1315,0
2022-01-26 13:28:00,1310,1310,1315,1315,0
2022-01-26 13:29:00,1310,1310,1315,1315,0
2022-01-26 13:30:00,1315,1310,1315,1315,46300
2022-01-26 13:31:00,1315,1315,1315,1315,296400
2022-01-26 13:32:00,1315,1315,1315,1315,1600
2022-01-26 13:33:00,1315,1310,1315,1315,6900
2022-01-26 13:34:00,1315,1315,1315,1315,1000
2022-01-26 13:35:00,1315,1315,1315,1315,0
2022-01-26 13:36:00,1315,1315,1320,1320,28600
2022-01-26 13:37:00,1320,1320,1320,1320,600
2022-01-26 13:38:00,1320,1320,1320,1320,1800
2022-01-26 13:39:00,1320,1320,1320,1320,7600
2022-01-26 13:40:00,1320,1320,1320,1320,0
2022-01-26 13:41:00,1320,1320,1320,1320,200
2022-01-26 13:42:00,1315,1315,1315,1315,1000
2022-01-26 13:43:00,1315,1315,1315,1315,0
2022-01-26 13:44:00,1320,1315,1320,1315,5100
2022-01-26 13:45:00,1320,1320,1320,1320,2100
2022-01-26 13:46:00,1320,1320,1320,1320,550600
2022-01-26 13:47:00,1320,1320,1330,1330,317800
2022-01-26 13:48:00,1330,1330,1330,1330,75500
2022-01-26 13:49:00,1330,1330,1335,1335,176300
2022-01-26 13:50:00,1335,1335,1340,1335,162500
2022-01-26 13:51:00,1340,1335,1340,1340,704300
2022-01-26 13:52:00,1340,1340,1350,1350,409100
2022-01-26 13:53:00,1350,1345,1350,1350,435500
2022-01-26 13:54:00,1350,1345,1350,1345,70300
2022-01-26 13:55:00,1350,1340,1350,1340,155200
2022-01-26 13:56:00,1340,1320,1350,1320,397500
2022-01-26 13:57:00,1325,1320,1330,1330,41900
2022-01-26 13:58:00,1330,1330,1330,1330,1300
2022-01-26 13:59:00,1330,1330,1330,1330,38700
2022-01-26 14:00:00,1330,1325,1330,1330,9000
2022-01-26 14:01:00,1325,1325,1330,1330,18000
2022-01-26 14:02:00,1330,1325,1330,1325,200
2022-01-26 14:03:00,1325,1325,1330,1330,2500
2022-01-26 14:04:00,1330,1330,1330,1330,100
2022-01-26 14:05:00,1330,1330,1335,1335,5500
2022-01-26 14:06:00,1335,1335,1340,1335,529400
2022-01-26 14:07:00,1335,1335,1345,1345,46300
2022-01-26 14:08:00,1345,1340,1345,1345,544700
2022-01-26 14:09:00,1340,1340,1345,1345,900
2022-01-26 14:10:00,1345,1345,1345,1345,76600
2022-01-26 14:11:00,1345,1345,1350,1350,13700
2022-01-26 14:12:00,1350,1345,1350,1350,88500
2022-01-26 14:13:00,1350,1350,1350,1350,4000
2022-01-26 14:14:00,1350,1350,1355,1355,123500
2022-01-26 14:15:00,1355,1350,1355,1350,650700
2022-01-26 14:16:00,1350,1350,1360,1360,302100
2022-01-26 14:17:00,1360,1355,1360,1360,318300
2022-01-26 14:18:00,1360,1355,1375,1375,392500
2022-01-26 14:19:00,1375,1370,1380,1370,406600
2022-01-26 14:20:00,1370,1360,1370,1365,230800
2022-01-26 14:21:00,1365,1360,1365,1360,491700
2022-01-26 14:22:00,1360,1360,1365,1365,26300
2022-01-26 14:23:00,1365,1365,1370,1370,6600
2022-01-26 14:24:00,1365,1350,1365,1355,139100
2022-01-26 14:25:00,1350,1345,1350,1350,219200
2022-01-26 14:26:00,1350,1350,1355,1350,321300
2022-01-26 14:27:00,1350,1350,1350,1350,19200
2022-01-26 14:28:00,1345,1345,1355,1355,56500
2022-01-26 14:29:00,1355,1350,1355,1355,384700
2022-01-26 14:30:00,1355,1355,1355,1355,700
2022-01-26 14:31:00,1350,1345,1350,1350,13300
2022-01-26 14:32:00,1350,1345,1350,1345,278300
2022-01-26 14:33:00,1345,1340,1345,1340,3800
2022-01-26 14:34:00,1345,1340,1345,1345,45600
2022-01-26 14:35:00,1345,1345,1345,1345,20500
2022-01-26 14:36:00,1340,1340,1345,1345,7300
2022-01-26 14:37:00,1345,1340,1345,1340,11700
2022-01-26 14:38:00,1340,1340,1345,1345,71400
2022-01-26 14:39:00,1345,1340,1345,1340,1100
2022-01-26 14:40:00,1345,1345,1345,1345,11200
2022-01-26 14:41:00,1340,1340,1345,1340,57200
2022-01-26 14:42:00,1340,1340,1345,1345,13000
2022-01-26 14:43:00,1345,1340,1345,1345,56300
2022-01-26 14:44:00,1345,1345,1350,1350,3100
2022-01-26 14:45:00,1350,1350,1350,1350,25000
2022-01-26 14:46:00,1345,1345,1350,1350,1300
2022-01-26 14:47:00,1350,1350,1350,1350,32500
2022-01-26 14:48:00,1350,1345,1350,1350,36100
2022-01-26 14:49:00,1350,1345,1350,1345,40700
2022-01-26 14:50:00,1350,1345,1350,1345,0
2022-01-26 14:51:00,1350,1345,1350,1345,0
2022-01-26 14:52:00,1350,1345,1350,1345,0
2022-01-26 14:53:00,1350,1345,1350,1345,0
2022-01-26 14:54:00,1350,1345,1350,1345,0
2022-01-26 14:55:00,1350,1345,1350,1345,0
2022-01-26 14:56:00,1350,1345,1350,1345,0
2022-01-26 14:57:00,1350,1345,1350,1345,0
2022-01-26 14:58:00,1350,1345,1350,1345,0
2022-01-26 14:59:00,1350,1345,1350,1345,0
2022-01-26 15:00:00,1355,1355,1355,1355,134400
2022-01-26 15:01:00,1355,1355,1355,1355,57600
2022-01-26 15:02:00,1355,1355,1355,1355,1074200
2022-01-26 15:03:00,1355,1355,1355,1355,43100
2022-01-26 15:04:00,1355,1355,1355,1355,27700
2022-01-26 15:05:00,1355,1355,1355,1355,5000
2022-01-26 15:06:00,1355,1355,1355,1355,5000
2022-01-26 15:07:00,1355,1355,1355,1355,0
2022-01-26 15:08:00,1355,1355,1355,1355,0
2022-01-26 15:09:00,1355,1355,1355,1355,0
2022-01-26 15:10:00,1355,1355,1355,1355,4300
2022-01-26 15:11:00,1355,1355,1355,1355,0
2022-01-26 15:12:00,1355,1355,1355,1355,0
2022-01-26 15:13:00,1355,1355,1355,1355,16050700
2022-01-26 15:14:00,1355,1355,1355,1355,0
2022-01-26 15:15:00,1355,1355,1355,1355,0
2022-01-26 15:16:00,1355,1355,1355,1355,0
2022-01-26 15:17:00,1355,1355,1355,1355,0
2022-01-26 15:18:00,1355,1355,1355,1355,0
2022-01-26 15:19:00,1355,1355,1355,1355,0
2022-01-26 15:20:00,1355,1355,1355,1355,0
2022-01-26 15:21:00,1355,1355,1355,1355,0
2022-01-26 15:22:00,1355,1355,1355,1355,0
2022-01-26 15:23:00,1355,1355,1355,1355,0
2022-01-26 15:24:00,1355,1355,1355,1355,0
2022-01-26 15:25:00,1355,1355,1355,1355,0
2022-01-26 15:26:00,1355,1355,1355,1355,0
2022-01-26 15:27:00,1355,1355,1355,1355,0
2022-01-26 15:28:00,1355,1355,1355,1355,0
2022-01-26 15:29:00,1355,1355,1355,1355,0
2022-01-26 15:30:00,1355,1355,1355,1355,0
2022-01-26 15:31:00,1355,1355,1355,1355,0
2022-01-26 15:32:00,1355,1355,1355,1355,0
2022-01-26 15:33:00,1355,1355,1355,1355,0
2022-01-26 15:34:00,1355,1355,1355,1355,0
2022-01-26 15:35:00,1355,1355,1355,1355,0
2022-01-26 15:36:00,1355,1355,1355,1355,0
2022-01-26 15:37:00,1355,1355,1355,1355,0
2022-01-26 15:38:00,1355,1355,1355,1355,0
2022-01-26 15:39:00,1355,1355,1355,1355,0
2022-01-26 15:40:00,1355,1355,1355,1355,0
2022-01-26 15:41:00,1355,1355,1355,1355,0
2022-01-26 15:42:00,1355,1355,1355,1355,0
2022-01-26 15:43:00,1355,1355,1355,1355,0
2022-01-26 15:44:00,1355,1355,1355,1355,0
2022-01-26 15:45:00,1355,1355,1355,1355,0
2022-01-26 15:46:00,1355,1355,1355,1355,0
2022-01-26 15:47:00,1355,1355,1355,1355,0
2022-01-26 15:48:00,1355,1355,1355,1355,0
2022-01-26 15:49:00,1355,1355,1355,1355,0
2022-01-26 15:50:00,1355,1355,1355,1355,0
2022-01-26 15:51:00,1355,1355,1355,1355,0
2022-01-26 15:52:00,1355,1355,1355,1355,0
2022-01-26 15:53:00,1355,1355,1355,1355,0
2022-01-26 15:54:00,1355,1355,1355,1355,0
2022-01-26 15:55:00,1355,1355,1355,1355,0
2022-01-26 15:56:00,1355,1355,1355,1355,0
2022-01-26 15:57:00,1355,1355,1355,1355,0
2022-01-26 15:58:00,1355,1355,1355,1355,0
2022-01-26 15:59:00,1355,1355,1355,1355,0
2022-01-27 09:00:00,1360,1360,1365,1360,0
2022-01-27 09:01:00,1360,1360,1365,1365,23500
2022-01-27 09:02:00,1365,1360,1365,1360,89900
2022-01-27 09:03:00,1355,1355,1360,1360,213400
2022-01-27 09:04:00,1355,1355,1365,1365,109000
2022-01-27 09:05:00,1360,1355,1360,1360,136100
2022-01-27 09:06:00,1360,1360,1360,1360,8000
2022-01-27 09:07:00,1360,1360,1365,1365,21000
2022-01-27 09:08:00,1365,1360,1365,1360,206300
2022-01-27 09:09:00,1360,1355,1360,1355,374000
2022-01-27 09:10:00,1355,1355,1365,1365,456100
2022-01-27 09:11:00,1365,1360,1370,1370,470300
2022-01-27 09:12:00,1370,1365,1370,1370,265800
2022-01-27 09:13:00,1370,1365,1370,1370,107400
2022-01-27 09:14:00,1370,1370,1370,1370,600
2022-01-27 09:15:00,1370,1370,1370,1370,6300
2022-01-27 09:16:00,1370,1370,1370,1370,5600
2022-01-27 09:17:00,1370,1370,1370,1370,6500
2022-01-27 09:18:00,1370,1370,1370,1370,0
2022-01-27 09:19:00,1370,1365,1370,1365,3000
2022-01-27 09:20:00,1365,1365,1370,1370,4600
2022-01-27 09:21:00,1365,1365,1365,1365,17200
2022-01-27 09:22:00,1365,1365,1370,1365,49400
2022-01-27 09:23:00,1365,1365,1365,1365,3600
2022-01-27 09:24:00,1365,1365,1365,1365,5000
2022-01-27 09:25:00,1365,1365,1365,1365,600
2022-01-27 09:26:00,1365,1365,1365,1365,5000
2022-01-27 09:27:00,1365,1365,1365,1365,5800
2022-01-27 09:28:00,1365,1365,1365,1365,0
2022-01-27 09:29:00,1370,1365,1370,1365,9300
2022-01-27 09:30:00,1365,1365,1365,1365,8600
2022-01-27 09:31:00,1365,1365,1365,1365,500
2022-01-27 09:32:00,1365,1365,1370,1365,52400
2022-01-27 09:33:00,1370,1360,1370,1360,37800
2022-01-27 09:34:00,1360,1355,1360,1360,56800
2022-01-27 09:35:00,1360,1360,1360,1360,500
2022-01-27 09:36:00,1360,1360,1360,1360,600
2022-01-27 09:37:00,1360,1360,1365,1365,120400
2022-01-27 09:38:00,1365,1365,1370,1370,305300
2022-01-27 09:39:00,1375,1375,1375,1375,244400
2022-01-27 09:40:00,1375,1375,1380,1380,178900
2022-01-27 09:41:00,1380,1380,1385,1385,236500
2022-01-27 09:42:00,1385,1385,1385,1385,251100
2022-01-27 09:43:00,1385,1385,1385,1385,140000
2022-01-27 09:44:00,1385,1385,1395,1395,358100
2022-01-27 09:45:00,1395,1390,1400,1395,606100
2022-01-27 09:46:00,1400,1395,1400,1400,320800
2022-01-27 09:47:00,1400,1400,1400,1400,99300
2022-01-27 09:48:00,1400,1385,1400,1385,318800
2022-01-27 09:49:00,1385,1365,1385,1375,825000
2022-01-27 09:50:00,1385,1380,1385,1385,8300
2022-01-27 09:51:00,1380,1380,1385,1385,6200
2022-01-27 09:52:00,1385,1380,1385,1380,14400
2022-01-27 09:53:00,1385,1380,1385,1385,4800
2022-01-27 09:54:00,1380,1380,1385,1380,11300
2022-01-27 09:55:00,1380,1375,1385,1375,118600
2022-01-27 09:56:00,1380,1375,1380,1380,22400
2022-01-27 09:57:00,1380,1375,1380,1375,10500
2022-01-27 09:58:00,1375,1375,1380,1375,5700
2022-01-27 09:59:00,1375,1375,1375,1375,20000
2022-01-27 10:00:00,1375,1375,1375,1375,100
2022-01-27 10:01:00,1380,1375,1380,1375,17500
2022-01-27 10:02:00,1380,1375,1380,1375,0
2022-01-27 10:03:00,1375,1375,1375,1375,600
2022-01-27 10:04:00,1375,1375,1375,1375,0
2022-01-27 10:05:00,1375,1375,1375,1375,7102700
2022-01-27 10:06:00,1375,1375,1375,1375,500
2022-01-27 10:07:00,1375,1375,1375,1375,100
2022-01-27 10:08:00,1380,1380,1380,1380,0
2022-01-27 10:09:00,1380,1380,1380,1380,7103700
2022-01-27 10:10:00,1380,1375,1380,1375,19800
2022-01-27 10:11:00,1380,1375,1380,1375,76600
2022-01-27 10:12:00,1375,1375,1380,1380,700
2022-01-27 10:13:00,1375,1375,1380,1375,500
2022-01-27 10:14:00,1375,1375,1375,1375,1700
2022-01-27 10:15:00,1375,1375,1380,1380,200
2022-01-27 10:16:00,1375,1375,1375,1375,5100
2022-01-27 10:17:00,1375,1375,1375,1375,4600
2022-01-27 10:18:00,1375,1375,1375,1375,14500
2022-01-27 10:19:00,1375,1375,1375,1375,76500
2022-01-27 10:20:00,1375,1370,1375,1370,1900
2022-01-27 10:21:00,1370,1370,1375,1375,2200
2022-01-27 10:22:00,1375,1375,1375,1375,1100
2022-01-27 10:23:00,1370,1370,1370,1370,2500
2022-01-27 10:24:00,1370,1370,1370,1370,0
2022-01-27 10:25:00,1370,1370,1370,1370,0
2022-01-27 10:26:00,1370,1370,1375,1375,62000
2022-01-27 10:27:00,1370,1370,1375,1375,81200
2022-01-27 10:28:00,1375,1375,1380,1380,21200
2022-01-27 10:29:00,1380,1380,1380,1380,7400
2022-01-27 10:30:00,1380,1380,1380,1380,800
2022-01-27 10:31:00,1380,1375,1380,1375,5100
2022-01-27 10:32:00,1380,1380,1380,1380,400
2022-01-27 10:33:00,1375,1375,1375,1375,25000
2022-01-27 10:34:00,1375,1375,1375,1375,1000
2022-01-27 10:35:00,1375,1375,1375,1375,700
2022-01-27 10:36:00,1375,1375,1375,1375,0
2022-01-27 10:37:00,1375,1375,1375,1375,200
2022-01-27 10:38:00,1375,1375,1375,1375,0
2022-01-27 10:39:00,1375,1375,1375,1375,10400
2022-01-27 10:40:00,1375,1375,1375,1375,12000
2022-01-27 10:41:00,1375,1375,1375,1375,700
2022-01-27 10:42:00,1375,1375,1375,1375,0
2022-01-27 10:43:00,1375,1375,1375,1375,4100
2022-01-27 10:44:00,1375,1375,1375,1375,700
2022-01-27 10:45:00,1375,1375,1385,1385,119300
2022-01-27 10:46:00,1390,1390,1390,1390,143700
2022-01-27 10:47:00,1390,1390,1395,1395,121100
2022-01-27 10:48:00,1395,1390,1395,1390,50300
2022-01-27 10:49:00,1390,1385,1395,1395,210000
2022-01-27 10:50:00,1395,1395,1395,1395,34600
2022-01-27 10:51:00,1395,1395,1395,1395,242400
2022-01-27 10:52:00,1395,1390,1395,1390,41100
2022-01-27 10:53:00,1385,1370,1385,1385,278000
2022-01-27 10:54:00,1380,1370,1385,1370,112600
2022-01-27 10:55:00,1370,1370,1380,1380,64900
2022-01-27 10:56:00,1380,1370,1380,1370,154800
2022-01-27 10:57:00,1380,1380,1390,1385,314200
2022-01-27 10:58:00,1390,1385,1390,1390,106100
2022-01-27 10:59:00,1385,1385,1390,1390,4200
2022-01-27 11:00:00,1390,1390,1390,1390,200
2022-01-27 11:01:00,1390,1385,1390,1385,10200
2022-01-27 11:02:00,1385,1380,1385,1385,51200
2022-01-27 11:03:00,1385,1385,1385,1385,1000
2022-01-27 11:04:00,1385,1385,1385,1385,0
2022-01-27 11:05:00,1385,1385,1385,1385,0
2022-01-27 11:06:00,1385,1385,1385,1385,0
2022-01-27 11:07:00,1380,1380,1380,1380,6000
2022-01-27 11:08:00,1380,1380,1380,1380,3100
2022-01-27 11:09:00,1385,1380,1390,1385,27800
2022-01-27 11:10:00,1390,1390,1390,1390,200
2022-01-27 11:11:00,1380,1380,1380,1380,18400
2022-01-27 11:12:00,1380,1380,1380,1380,100
2022-01-27 11:13:00,1385,1385,1385,1385,100
2022-01-27 11:14:00,1385,1385,1385,1385,1000
2022-01-27 11:15:00,1390,1390,1390,1390,200
2022-01-27 11:16:00,1380,1380,1380,1380,41600
2022-01-27 11:17:00,1375,1375,1375,1375,4000
2022-01-27 11:18:00,1380,1380,1380,1380,9200
2022-01-27 11:19:00,1385,1385,1385,1385,200
2022-01-27 11:20:00,1385,1385,1385,1385,4500
2022-01-27 11:21:00,1385,1385,1385,1385,0
2022-01-27 11:22:00,1385,1385,1385,1385,0
2022-01-27 11:23:00,1380,1380,1380,1380,600
2022-01-27 11:24:00,1380,1380,1380,1380,2000
2022-01-27 11:25:00,1375,1375,1375,1375,8500
2022-01-27 11:26:00,1375,1375,1375,1375,0
2022-01-27 11:27:00,1375,1375,1375,1375,1000
2022-01-27 11:28:00,1375,1375,1380,1380,35500
2022-01-27 11:29:00,1375,1375,1375,1375,13700
2022-01-27 11:30:00,1375,1375,1375,1375,0
2022-01-27 11:31:00,1375,1375,1375,1375,0
2022-01-27 11:32:00,1375,1375,1375,1375,0
2022-01-27 11:33:00,1375,1375,1375,1375,0
2022-01-27 11:34:00,1375,1375,1375,1375,0
2022-01-27 11:35:00,1375,1375,1375,1375,0
2022-01-27 11:36:00,1375,1375,1375,1375,0
2022-01-27 11:37:00,1375,1375,1375,1375,0
2022-01-27 11:38:00,1375,1375,1375,1375,0
2022-01-27 11:39:00,1375,1375,1375,1375,0
2022-01-27 11:40:00,1375,1375,1375,1375,0
2022-01-27 11:41:00,1375,1375,1375,1375,0
2022-01-27 11:42:00,1375,1375,1375,1375,0
2022-01-27 11:43:00,1375,1375,1375,1375,0
2022-01-27 11:44:00,1375,1375,1375,1375,0
2022-01-27 11:45:00,1375,1375,1375,1375,0
2022-01-27 11:46:00,1375,1375,1375,1375,0
2022-01-27 11:47:00,1375,1375,1375,1375,0
2022-01-27 11:48:00,1375,1375,1375,1375,0
2022-01-27 11:49:00,1375,1375,1375,1375,0
2022-01-27 11:50:00,1375,1375,1375,1375,0
2022-01-27 11:51:00,1375,1375,1375,1375,0
2022-01-27 11:52:00,1375,1375,1375,1375,0
2022-01-27 11:53:00,1375,1375,1375,1375,0
2022-01-27 11:54:00,1375,1375,1375,1375,0
2022-01-27 11:55:00,1375,1375,1375,1375,0
2022-01-27 11:56:00,1375,1375,1375,1375,0
2022-01-27 11:57:00,1375,1375,1375,1375,0
2022-01-27 11:58:00,1375,1375,1375,1375,0
2022-01-27 11:59:00,1375,1375,1375,1375,0
2022-01-27 12:00:00,1375,1375,1375,1375,0
2022-01-27 12:01:00,1375,1375,1375,1375,0
2022-01-27 12:02:00,1375,1375,1375,1375,0
2022-01-27 12:03:00,1375,1375,1375,1375,0
2022-01-27 12:04:00,1375,1375,1375,1375,0
2022-01-27 12:05:00,1375,1375,1375,1375,0
2022-01-27 12:06:00,1375,1375,1375,1375,0
2022-01-27 12:07:00,1375,1375,1375,1375,0
2022-01-27 12:08:00,1375,1375,1375,1375,0
2022-01-27 12:09:00,1375,1375,1375,1375,0
2022-01-27 12:10:00,1375,1375,1375,1375,0
2022-01-27 12:11:00,1375,1375,1375,1375,0
2022-01-27 12:12:00,1375,1375,1375,1375,0
2022-01-27 12:13:00,1375,1375,1375,1375,0
2022-01-27 12:14:00,1375,1375,1375,1375,0
2022-01-27 12:15:00,1375,1375,1375,1375,0
2022-01-27 12:16:00,1375,1375,1375,1375,0
2022-01-27 12:17:00,1375,1375,1375,1375,0
2022-01-27 12:18:00,1375,1375,1375,1375,0
2022-01-27 12:19:00,1375,1375,1375,1375,0
2022-01-27 12:20:00,1375,1375,1375,1375,0
2022-01-27 12:21:00,1375,1375,1375,1375,0
2022-01-27 12:22:00,1375,1375,1375,1375,0
2022-01-27 12:23:00,1375,1375,1375,1375,0
2022-01-27 12:24:00,1375,1375,1375,1375,0
2022-01-27 12:25:00,1375,1375,1375,1375,0
2022-01-27 12:26:00,1375,1375,1375,1375,0
2022-01-27 12:27:00,1375,1375,1375,1375,0
2022-01-27 12:28:00,1375,1375,1375,1375,0
2022-01-27 12:29:00,1375,1375,1375,1375,0
2022-01-27 12:30:00,1375,1375,1375,1375,0
2022-01-27 12:31:00,1375,1375,1375,1375,0
2022-01-27 12:32:00,1375,1375,1375,1375,0
2022-01-27 12:33:00,1375,1375,1375,1375,0
2022-01-27 12:34:00,1375,1375,1375,1375,0
2022-01-27 12:35:00,1375,1375,1375,1375,0
2022-01-27 12:36:00,1375,1375,1375,1375,0
2022-01-27 12:37:00,1375,1375,1375,1375,0
2022-01-27 12:38:00,1375,1375,1375,1375,0
2022-01-27 12:39:00,1375,1375,1375,1375,0
2022-01-27 12:40:00,1375,1375,1375,1375,0
2022-01-27 12:41:00,1375,1375,1375,1375,0
2022-01-27 12:42:00,1375,1375,1375,1375,0
2022-01-27 12:43:00,1375,1375,1375,1375,0
2022-01-27 12:44:00,1375,1375,1375,1375,0
2022-01-27 12:45:00,1375,1375,1375,1375,0
2022-01-27 12:46:00,1375,1375,1375,1375,0
2022-01-27 12:47:00,1375,1375,1375,1375,0
2022-01-27 12:48:00,1375,1375,1375,1375,0
2022-01-27 12:49:00,1375,1375,1375,1375,0
2022-01-27 12:50:00,1375,1375,1375,1375,0
2022-01-27 12:51:00,1375,1375,1375,1375,0
2022-01-27 12:52:00,1375,1375,1375,1375,0
2022-01-27 12:53:00,1375,1375,1375,1375,0
2022-01-27 12:54:00,1375,1375,1375,1375,0
2022-01-27 12:55:00,1375,1375,1375,1375,0
2022-01-27 12:56:00,1375,1375,1375,1375,0
2022-01-27 12:57:00,1375,1375,1375,1375,0
2022-01-27 12:58:00,1375,1375,1375,1375,0
2022-01-27 12:59:00,1375,1375,1375,1375,0
2022-01-27 13:00:00,1375,1375,1375,1375,0
2022-01-27 13:01:00,1375,1375,1375,1375,0
2022-01-27 13:02:00,1375,1375,1375,1375,0
2022-01-27 13:03:00,1375,1375,1375,1375,0
2022-01-27 13:04:00,1375,1375,1375,1375,0
2022-01-27 13:05:00,1375,1375,1375,1375,0
2022-01-27 13:06:00,1375,1375,1375,1375,0
2022-01-27 13:07:00,1375,1375,1375,1375,0
2022-01-27 13:08:00,1375,1375,1375,1375,0
2022-01-27 13:09:00,1375,1375,1375,1375,0
2022-01-27 13:10:00,1375,1375,1375,1375,0
2022-01-27 13:11:00,1375,1375,1375,1375,0
2022-01-27 13:12:00,1375,1375,1375,1375,0
2022-01-27 13:13:00,1375,1375,1375,1375,0
2022-01-27 13:14:00,1375,1375,1375,1375,0
2022-01-27 13:15:00,1375,1375,1375,1375,0
2022-01-27 13:16:00,1375,1375,1375,1375,0
2022-01-27 13:17:00,1375,1375,1375,1375,0
2022-01-27 13:18:00,1375,1375,1375,1375,0
2022-01-27 13:19:00,1375,1375,1375,1375,0
2022-01-27 13:20:00,1375,1375,1375,1375,0
2022-01-27 13:21:00,1375,1375,1375,1375,0
2022-01-27 13:22:00,1375,1375,1375,1375,0
2022-01-27 13:23:00,1375,1375,1375,1375,0
2022-01-27 13:24:00,1375,1375,1375,1375,0
2022-01-27 13:25:00,1375,1375,1375,1375,0
2022-01-27 13:26:00,1375,1375,1375,1375,0
2022-01-27 13:27:00,1375,1375,1375,1375,0
2022-01-27 13:28:00,1375,1375,1375,1375,0
2022-01-27 13:29:00,1375,1375,1375,1375,0
2022-01-27 13:30:00,1370,1370,1375,1375,96600
2022-01-27 13:31:00,1380,1380,1380,1380,308000
2022-01-27 13:32:00,1380,1380,1385,1385,443000
2022-01-27 13:33:00,1385,1385,1385,1385,5100
2022-01-27 13:34:00,1380,1380,1385,1385,2200
2022-01-27 13:35:00,1385,1385,1385,1385,100
2022-01-27 13:36:00,1385,1385,1385,1385,3500
2022-01-27 13:37:00,1380,1380,1385,1385,50200
2022-01-27 13:38:00,1380,1380,1385,1385,0
2022-01-27 13:39:00,1385,1380,1385,1380,800
2022-01-27 13:40:00,1380,1380,1380,1380,22800
2022-01-27 13:41:00,1385,1385,1385,1385,2700
2022-01-27 13:42:00,1385,1385,1385,1385,0
2022-01-27 13:43:00,1385,1385,1385,1385,200
2022-01-27 13:44:00,1385,1385,1385,1385,300
2022-01-27 13:45:00,1380,1380,1385,1380,77500
2022-01-27 13:46:00,1380,1375,1380,1375,277900
2022-01-27 13:47:00,1375,1375,1375,1375,800
2022-01-27 13:48:00,1375,1375,1375,1375,21400
2022-01-27 13:49:00,1380,1380,1380,1380,3200
2022-01-27 13:50:00,1380,1380,1380,1380,100
2022-01-27 13:51:00,1380,1380,1380,1380,305000
2022-01-27 13:52:00,1380,1380,1380,1380,2200
2022-01-27 13:53:00,1380,1380,1380,1380,100
2022-01-27 13:54:00,1380,1380,1380,1380,3400
2022-01-27 13:55:00,1380,1380,1385,1385,1900
2022-01-27 13:56:00,1380,1380,1385,1385,4100
2022-01-27 13:57:00,1380,1380,1380,1380,1100
2022-01-27 13:58:00,1380,1380,1385,1385,400
2022-01-27 13:59:00,1380,1380,1385,1385,0
2022-01-27 14:00:00,1380,1380,1380,1380,1000
2022-01-27 14:01:00,1380,1380,1380,1380,0
2022-01-27 14:02:00,1380,1380,1380,1380,11000
2022-01-27 14:03:00,1380,1380,1380,1380,11100
2022-01-27 14:04:00,1380,1380,1380,1380,0
2022-01-27 14:05:00,1380,1380,1380,1380,36800
2022-01-27 14:06:00,1380,1380,1380,1380,0
2022-01-27 14:07:00,1380,1380,1380,1380,100
2022-01-27 14:08:00,1380,1380,1380,1380,2000
2022-01-27 14:09:00,1380,1380,1380,1380,9100
2022-01-27 14:10:00,1380,1380,1380,1380,3100
2022-01-27 14:11:00,1380,1380,1380,1380,4700
2022-01-27 14:12:00,1380,1375,1380,1375,15400
2022-01-27 14:13:00,1380,1380,1380,1380,300
2022-01-27 14:14:00,1380,1380,1380,1380,15300
2022-01-27 14:15:00,1380,1380,1385,1385,31100
2022-01-27 14:16:00,1380,1380,1385,1380,20600
2022-01-27 14:17:00,1380,1380,1380,1380,107500
2022-01-27 14:18:00,1385,1380,1385,1385,12400
2022-01-27 14:19:00,1385,1385,1385,1385,46000
2022-01-27 14:20:00,1385,1385,1390,1390,9500
2022-01-27 14:21:00,1385,1385,1385,1385,17300
2022-01-27 14:22:00,1385,1380,1385,1380,6700
2022-01-27 14:23:00,1380,1380,1380,1380,50400
2022-01-27 14:24:00,1375,1375,1375,1375,18800
2022-01-27 14:25:00,1375,1375,1375,1375,10000
2022-01-27 14:26:00,1375,1375,1375,1375,0
2022-01-27 14:27:00,1380,1380,1380,1380,900
2022-01-27 14:28:00,1380,1380,1380,1380,700
2022-01-27 14:29:00,1380,1380,1385,1385,1600
2022-01-27 14:30:00,1380,1380,1385,1385,0
2022-01-27 14:31:00,1380,1380,1380,1380,23100
2022-01-27 14:32:00,1375,1375,1375,1375,110100
2022-01-27 14:33:00,1375,1370,1375,1375,6400
2022-01-27 14:34:00,1375,1375,1375,1375,2700
2022-01-27 14:35:00,1370,1370,1370,1370,22200
2022-01-27 14:36:00,1375,1370,1375,1370,4200
2022-01-27 14:37:00,1370,1370,1375,1375,10500
2022-01-27 14:38:00,1375,1375,1375,1375,1800
2022-01-27 14:39:00,1370,1370,1370,1370,8300
2022-01-27 14:40:00,1370,1370,1370,1370,59800
2022-01-27 14:41:00,1370,1365,1370,1365,6800
2022-01-27 14:42:00,1365,1365,1365,1365,5100
2022-01-27 14:43:00,1365,1365,1375,1375,71200
2022-01-27 14:44:00,1375,1375,1380,1380,50500
2022-01-27 14:45:00,1380,1380,1380,1380,7700
2022-01-27 14:46:00,1375,1375,1380,1375,16800
2022-01-27 14:47:00,1375,1375,1380,1375,11900
2022-01-27 14:48:00,1375,1375,1380,1380,37700
2022-01-27 14:49:00,1380,1375,1380,1375,39200
2022-01-27 14:50:00,1380,1380,1380,1380,14700
2022-01-27 14:51:00,1380,1380,1380,1380,0
2022-01-27 14:52:00,1380,1380,1380,1380,0
2022-01-27 14:53:00,1380,1380,1380,1380,0
2022-01-27 14:54:00,1380,1380,1380,1380,0
2022-01-27 14:55:00,1380,1380,1380,1380,0
2022-01-27 14:56:00,1380,1380,1380,1380,0
2022-01-27 14:57:00,1380,1380,1380,1380,0
2022-01-27 14:58:00,1380,1380,1380,1380,0
2022-01-27 14:59:00,1380,1380,1380,1380,0
2022-01-27 15:00:00,1390,1390,1390,1390,106000
2022-01-27 15:01:00,1390,1390,1390,1390,20900
2022-01-27 15:02:00,1390,1390,1390,1390,6500
2022-01-27 15:03:00,1390,1390,1390,1390,6700
2022-01-27 15:04:00,1390,1390,1390,1390,1100
2022-01-27 15:05:00,1390,1390,1390,1390,9100
2022-01-27 15:06:00,1390,1390,1390,1390,55000
2022-01-27 15:07:00,1390,1390,1390,1390,34200
2022-01-27 15:08:00,1390,1390,1390,1390,91100
2022-01-27 15:09:00,1390,1390,1390,1390,6000
2022-01-27 15:10:00,1390,1390,1390,1390,6000
2022-01-27 15:11:00,1390,1390,1390,1390,1000
2022-01-27 15:12:00,1390,1390,1390,1390,6500
2022-01-27 15:13:00,1390,1390,1390,1390,1700
2022-01-27 15:14:00,1390,1390,1390,1390,12728200
2022-01-27 15:15:00,1390,1390,1390,1390,0
2022-01-27 15:16:00,1390,1390,1390,1390,0
2022-01-27 15:17:00,1390,1390,1390,1390,0
2022-01-27 15:18:00,1390,1390,1390,1390,0
2022-01-27 15:19:00,1390,1390,1390,1390,0
2022-01-27 15:20:00,1390,1390,1390,1390,0
2022-01-27 15:21:00,1390,1390,1390,1390,0
2022-01-27 15:22:00,1390,1390,1390,1390,0
2022-01-27 15:23:00,1390,1390,1390,1390,0
2022-01-27 15:24:00,1390,1390,1390,1390,0
2022-01-27 15:25:00,1390,1390,1390,1390,0
2022-01-27 15:26:00,1390,1390,1390,1390,0
2022-01-27 15:27:00,1390,1390,1390,1390,0
2022-01-27 15:28:00,1390,1390,1390,1390,0
2022-01-27 15:29:00,1390,1390,1390,1390,0
2022-01-27 15:30:00,1390,1390,1390,1390,0
2022-01-27 15:31:00,1390,1390,1390,1390,0
2022-01-27 15:32:00,1390,1390,1390,1390,0
2022-01-27 15:33:00,1390,1390,1390,1390,0
2022-01-27 15:34:00,1390,1390,1390,1390,0
2022-01-27 15:35:00,1390,1390,1390,1390,0
2022-01-27 15:36:00,1390,1390,1390,1390,0
2022-01-27 15:37:00,1390,1390,1390,1390,0
2022-01-27 15:38:00,1390,1390,1390,1390,0
2022-01-27 15:39:00,1390,1390,1390,1390,0
2022-01-27 15:40:00,1390,1390,1390,1390,0
2022-01-27 15:41:00,1390,1390,1390,1390,0
2022-01-27 15:42:00,1390,1390,1390,1390,0
2022-01-27 15:43:00,1390,1390,1390,1390,0
2022-01-27 15:44:00,1390,1390,1390,1390,0
2022-01-27 15:45:00,1390,1390,1390,1390,0
2022-01-27 15:46:00,1390,1390,1390,1390,0
2022-01-27 15:47:00,1390,1390,1390,1390,0
2022-01-27 15:48:00,1390,1390,1390,1390,0
2022-01-27 15:49:00,1390,1390,1390,1390,0
2022-01-27 15:50:00,1390,1390,1390,1390,0
2022-01-27 15:51:00,1390,1390,1390,1390,0
2022-01-27 15:52:00,1390,1390,1390,1390,0
2022-01-27 15:53:00,1390,1390,1390,1390,0
2022-01-27 15:54:00,1390,1390,1390,1390,0
2022-01-27 15:55:00,1390,1390,1390,1390,0
2022-01-27 15:56:00,1390,1390,1390,1390,0
2022-01-27 15:57:00,1390,1390,1390,1390,0
2022-01-27 15:58:00,1390,1390,1390,1390,0
2022-01-27 15:59:00,1390,1390,1390,1390,0
2022-01-28 09:00:00,1395,1390,1395,1395,0
2022-01-28 09:01:00,1390,1390,1395,1390,10500
2022-01-28 09:02:00,1390,1385,1395,1385,84100
2022-01-28 09:03:00,1380,1380,1380,1380,151600
2022-01-28 09:04:00,1380,1380,1380,1380,162900
2022-01-28 09:05:00,1380,1380,1380,1380,18800
2022-01-28 09:06:00,1385,1380,1385,1380,201800
2022-01-28 09:07:00,1385,1380,1390,1390,109200
2022-01-28 09:08:00,1390,1390,1395,1395,348300
2022-01-28 09:09:00,1395,1390,1400,1395,338700
2022-01-28 09:10:00,1400,1400,1400,1400,111100
2022-01-28 09:11:00,1400,1395,1400,1400,149200
2022-01-28 09:12:00,1395,1395,1395,1395,7000
2022-01-28 09:13:00,1395,1390,1395,1395,10000
2022-01-28 09:14:00,1395,1395,1395,1395,300
2022-01-28 09:15:00,1395,1395,1400,1395,14800
2022-01-28 09:16:00,1395,1395,1395,1395,500
2022-01-28 09:17:00,1395,1390,1395,1390,13200
2022-01-28 09:18:00,1390,1385,1390,1390,63700
2022-01-28 09:19:00,1390,1385,1390,1390,0
2022-01-28 09:20:00,1390,1390,1390,1390,500
2022-01-28 09:21:00,1385,1385,1385,1385,5000
2022-01-28 09:22:00,1385,1385,1385,1385,22200
2022-01-28 09:23:00,1385,1385,1385,1385,5100
2022-01-28 09:24:00,1385,1380,1385,1380,17700
2022-01-28 09:25:00,1380,1380,1380,1380,3500
2022-01-28 09:26:00,1380,1380,1385,1385,30300
2022-01-28 09:27:00,1385,1380,1385,1380,5900
2022-01-28 09:28:00,1385,1385,1385,1385,6200
2022-01-28 09:29:00,1390,1390,1390,1390,500
2022-01-28 09:30:00,1390,1390,1390,1390,7000
2022-01-28 09:31:00,1395,1385,1395,1385,20200
2022-01-28 09:32:00,1395,1395,1395,1395,2700
2022-01-28 09:33:00,1395,1395,1395,1395,500
2022-01-28 09:34:00,1390,1390,1395,1395,1600
2022-01-28 09:35:00,1390,1390,1395,1395,2500
2022-01-28 09:36:00,1390,1390,1395,1395,0
2022-01-28 09:37:00,1390,1390,1390,1390,100
2022-01-28 09:38:00,1390,1390,1390,1390,600
2022-01-28 09:39:00,1390,1390,1395,1395,5100
2022-01-28 09:40:00,1395,1395,1395,1395,3700
2022-01-28 09:41:00,1390,1390,1395,1390,2000
2022-01-28 09:42:00,1390,1390,1395,1390,7100
2022-01-28 09:43:00,1390,1385,1390,1385,500
2022-01-28 09:44:00,1385,1385,1385,1385,1800
2022-01-28 09:45:00,1385,1385,1390,1385,16000
2022-01-28 09:46:00,1380,1380,1380,1380,100
2022-01-28 09:47:00,1380,1380,1385,1385,23600
2022-01-28 09:48:00,1385,1380,1385,1385,3700
2022-01-28 09:49:00,1385,1385,1385,1385,1000
2022-01-28 09:50:00,1380,1380,1385,1385,2400
2022-01-28 09:51:00,1380,1380,1385,1385,3000
2022-01-28 09:52:00,1385,1380,1385,1385,1600
2022-01-28 09:53:00,1385,1385,1385,1385,100
2022-01-28 09:54:00,1380,1380,1385,1385,14900
2022-01-28 09:55:00,1380,1380,1385,1385,0
2022-01-28 09:56:00,1380,1380,1385,1385,15400
2022-01-28 09:57:00,1380,1380,1385,1385,8500
2022-01-28 09:58:00,1380,1380,1385,1385,8000
2022-01-28 09:59:00,1380,1380,1380,1380,3100
2022-01-28 10:00:00,1380,1375,1380,1380,8300
2022-01-28 10:01:00,1380,1380,1380,1380,1700
2022-01-28 10:02:00,1375,1375,1380,1380,5700
2022-01-28 10:03:00,1380,1380,1380,1380,21900
2022-01-28 10:04:00,1380,1375,1385,1380,63600
2022-01-28 10:05:00,1385,1385,1405,1405,397300
2022-01-28 10:06:00,1400,1400,1410,1400,543000
2022-01-28 10:07:00,1400,1400,1410,1410,317300
2022-01-28 10:08:00,1410,1395,1410,1405,79300
2022-01-28 10:09:00,1405,1395,1405,1400,47800
2022-01-28 10:10:00,1400,1395,1400,1395,9400
2022-01-28 10:11:00,1395,1395,1395,1395,3100
2022-01-28 10:12:00,1395,1395,1395,1395,1900
2022-01-28 10:13:00,1395,1395,1395,1395,24700
2022-01-28 10:14:00,1395,1390,1400,1400,58400
2022-01-28 10:15:00,1395,1390,1400,1400,0
2022-01-28 10:16:00,1400,1395,1400,1395,4500
2022-01-28 10:17:00,1395,1395,1395,1395,5600
2022-01-28 10:18:00,1390,1390,1395,1395,500
2022-01-28 10:19:00,1395,1390,1395,1390,1100
2022-01-28 10:20:00,1390,1370,1390,1370,599200
2022-01-28 10:21:00,1375,1370,1375,1375,12200
2022-01-28 10:22:00,1375,1370,1375,1370,33000
2022-01-28 10:23:00,1370,1370,1380,1380,117200
2022-01-28 10:24:00,1380,1380,1380,1380,4000
2022-01-28 10:25:00,1375,1375,1375,1375,9100
2022-01-28 10:26:00,1380,1375,1380,1375,14000
2022-01-28 10:27:00,1375,1375,1390,1375,101100
2022-01-28 10:28:00,1380,1380,1395,1395,500
2022-01-28 10:29:00,1380,1380,1395,1395,0
2022-01-28 10:30:00,1380,1380,1395,1395,0
2022-01-28 10:31:00,1380,1380,1395,1395,0
2022-01-28 10:32:00,1380,1380,1395,1395,0
2022-01-28 10:33:00,1385,1385,1385,1385,127000
2022-01-28 10:34:00,1385,1385,1385,1385,2900
2022-01-28 10:35:00,1380,1380,1380,1380,100
2022-01-28 10:36:00,1380,1380,1380,1380,0
2022-01-28 10:37:00,1380,1380,1380,1380,0
2022-01-28 10:38:00,1380,1380,1380,1380,13400
2022-01-28 10:39:00,1380,1380,1380,1380,0
2022-01-28 10:40:00,1380,1380,1380,1380,3000
2022-01-28 10:41:00,1380,1380,1380,1380,0
2022-01-28 10:42:00,1380,1380,1380,1380,0
2022-01-28 10:43:00,1380,1380,1380,1380,500
2022-01-28 10:44:00,1380,1380,1380,1380,700
2022-01-28 10:45:00,1380,1380,1380,1380,100
2022-01-28 10:46:00,1380,1380,1380,1380,0
2022-01-28 10:47:00,1380,1380,1380,1380,0
2022-01-28 10:48:00,1385,1385,1385,1385,3000
2022-01-28 10:49:00,1385,1385,1385,1385,7300
2022-01-28 10:50:00,1385,1385,1385,1385,3500
2022-01-28 10:51:00,1385,1385,1385,1385,0
2022-01-28 10:52:00,1385,1385,1385,1385,0
2022-01-28 10:53:00,1380,1380,1380,1380,7500
2022-01-28 10:54:00,1380,1380,1380,1380,1000
2022-01-28 10:55:00,1380,1380,1380,1380,0
2022-01-28 10:56:00,1380,1380,1385,1385,1900
2022-01-28 10:57:00,1385,1385,1385,1385,700
2022-01-28 10:58:00,1380,1380,1380,1380,2200
2022-01-28 10:59:00,1380,1380,1380,1380,2500
2022-01-28 11:00:00,1380,1380,1380,1380,0
2022-01-28 11:01:00,1380,1380,1380,1380,0
2022-01-28 11:02:00,1380,1380,1380,1380,0
2022-01-28 11:03:00,1380,1380,1380,1380,7000
2022-01-28 11:04:00,1380,1380,1380,1380,8800
2022-01-28 11:05:00,1380,1380,1380,1380,800
2022-01-28 11:06:00,1380,1380,1380,1380,0
2022-01-28 11:07:00,1380,1380,1380,1380,0
2022-01-28 11:08:00,1380,1380,1380,1380,0
2022-01-28 11:09:00,1380,1380,1380,1380,0
2022-01-28 11:10:00,1380,1380,1380,1380,0
2022-01-28 11:11:00,1375,1375,1380,1375,8700
2022-01-28 11:12:00,1375,1375,1380,1375,0
2022-01-28 11:13:00,1375,1375,1380,1380,2700
2022-01-28 11:14:00,1375,1375,1380,1380,0
2022-01-28 11:15:00,1380,1375,1380,1375,400
2022-01-28 11:16:00,1375,1375,1375,1375,700
2022-01-28 11:17:00,1375,1375,1375,1375,4900
2022-01-28 11:18:00,1375,1375,1375,1375,500
2022-01-28 11:19:00,1375,1375,1375,1375,16100
2022-01-28 11:20:00,1375,1375,1375,1375,100
2022-01-28 11:21:00,1375,1375,1375,1375,0
2022-01-28 11:22:00,1380,1380,1380,1380,14900
2022-01-28 11:23:00,1380,1380,1385,1385,400
2022-01-28 11:24:00,1380,1380,1385,1385,0
2022-01-28 11:25:00,1385,1385,1385,1385,500
2022-01-28 11:26:00,1380,1380,1380,1380,13500
2022-01-28 11:27:00,1380,1380,1380,1380,0
2022-01-28 11:28:00,1380,1380,1380,1380,1200
2022-01-28 11:29:00,1380,1380,1385,1385,1100
2022-01-28 11:30:00,1380,1380,1385,1385,0
2022-01-28 11:31:00,1380,1380,1385,1385,0
2022-01-28 11:32:00,1380,1380,1385,1385,0
2022-01-28 11:33:00,1380,1380,1385,1385,0
2022-01-28 11:34:00,1380,1380,1385,1385,0
2022-01-28 11:35:00,1380,1380,1385,1385,0
2022-01-28 11:36:00,1380,1380,1385,1385,0
2022-01-28 11:37:00,1380,1380,1385,1385,0
2022-01-28 11:38:00,1380,1380,1385,1385,0
2022-01-28 11:39:00,1380,1380,1385,1385,0
2022-01-28 11:40:00,1380,1380,1385,1385,0
2022-01-28 11:41:00,1380,1380,1385,1385,0
2022-01-28 11:42:00,1380,1380,1385,1385,0
2022-01-28 11:43:00,1380,1380,1385,1385,0
2022-01-28 11:44:00,1380,1380,1385,1385,0
2022-01-28 11:45:00,1380,1380,1385,1385,0
2022-01-28 11:46:00,1380,1380,1385,1385,0
2022-01-28 11:47:00,1380,1380,1385,1385,0
2022-01-28 11:48:00,1380,1380,1385,1385,0
2022-01-28 11:49:00,1380,1380,1385,1385,0
2022-01-28 11:50:00,1380,1380,1385,1385,0
2022-01-28 11:51:00,1380,1380,1385,1385,0
2022-01-28 11:52:00,1380,1380,1385,1385,0
2022-01-28 11:53:00,1380,1380,1385,1385,0
2022-01-28 11:54:00,1380,1380,1385,1385,0
2022-01-28 11:55:00,1380,1380,1385,1385,0
2022-01-28 11:56:00,1380,1380,1385,1385,0
2022-01-28 11:57:00,1380,1380,1385,1385,0
2022-01-28 11:58:00,1380,1380,1385,1385,0
2022-01-28 11:59:00,1380,1380,1385,1385,0
2022-01-28 12:00:00,1380,1380,1385,1385,0
2022-01-28 12:01:00,1380,1380,1385,1385,0
2022-01-28 12:02:00,1380,1380,1385,1385,0
2022-01-28 12:03:00,1380,1380,1385,1385,0
2022-01-28 12:04:00,1380,1380,1385,1385,0
2022-01-28 12:05:00,1380,1380,1385,1385,0
2022-01-28 12:06:00,1380,1380,1385,1385,0
2022-01-28 12:07:00,1380,1380,1385,1385,0
2022-01-28 12:08:00,1380,1380,1385,1385,0
2022-01-28 12:09:00,1380,1380,1385,1385,0
2022-01-28 12:10:00,1380,1380,1385,1385,0
2022-01-28 12:11:00,1380,1380,1385,1385,0
2022-01-28 12:12:00,1380,1380,1385,1385,0
2022-01-28 12:13:00,1380,1380,1385,1385,0
2022-01-28 12:14:00,1380,1380,1385,1385,0
2022-01-28 12:15:00,1380,1380,1385,1385,0
2022-01-28 12:16:00,1380,1380,1385,1385,0
2022-01-28 12:17:00,1380,1380,1385,1385,0
2022-01-28 12:18:00,1380,1380,1385,1385,0
2022-01-28 12:19:00,1380,1380,1385,1385,0
2022-01-28 12:20:00,1380,1380,1385,1385,0
2022-01-28 12:21:00,1380,1380,1385,1385,0
2022-01-28 12:22:00,1380,1380,1385,1385,0
2022-01-28 12:23:00,1380,1380,1385,1385,0
2022-01-28 12:24:00,1380,1380,1385,1385,0
2022-01-28 12:25:00,1380,1380,1385,1385,0
2022-01-28 12:26:00,1380,1380,1385,1385,0
2022-01-28 12:27:00,1380,1380,1385,1385,0
2022-01-28 12:28:00,1380,1380,1385,1385,0
2022-01-28 12:29:00,1380,1380,1385,1385,0
2022-01-28 12:30:00,1380,1380,1385,1385,0
2022-01-28 12:31:00,1380,1380,1385,1385,0
2022-01-28 12:32:00,1380,1380,1385,1385,0
2022-01-28 12:33:00,1380,1380,1385,1385,0
2022-01-28 12:34:00,1380,1380,1385,1385,0
2022-01-28 12:35:00,1380,1380,1385,1385,0
2022-01-28 12:36:00,1380,1380,1385,1385,0
2022-01-28 12:37:00,1380,1380,1385,1385,0
2022-01-28 12:38:00,1380,1380,1385,1385,0
2022-01-28 12:39:00,1380,1380,1385,1385,0
2022-01-28 12:40:00,1380,1380,1385,1385,0
2022-01-28 12:41:00,1380,1380,1385,1385,0
2022-01-28 12:42:00,1380,1380,1385,1385,0
2022-01-28 12:43:00,1380,1380,1385,1385,0
2022-01-28 12:44:00,1380,1380,1385,1385,0
2022-01-28 12:45:00,1380,1380,1385,1385,0
2022-01-28 12:46:00,1380,1380,1385,1385,0
2022-01-28 12:47:00,1380,1380,1385,1385,0
2022-01-28 12:48:00,1380,1380,1385,1385,0
2022-01-28 12:49:00,1380,1380,1385,1385,0
2022-01-28 12:50:00,1380,1380,1385,1385,0
2022-01-28 12:51:00,1380,1380,1385,1385,0
2022-01-28 12:52:00,1380,1380,1385,1385,0
2022-01-28 12:53:00,1380,1380,1385,1385,0
2022-01-28 12:54:00,1380,1380,1385,1385,0
2022-01-28 12:55:00,1380,1380,1385,1385,0
2022-01-28 12:56:00,1380,1380,1385,1385,0
2022-01-28 12:57:00,1380,1380,1385,1385,0
2022-01-28 12:58:00,1380,1380,1385,1385,0
2022-01-28 12:59:00,1380,1380,1385,1385,0
2022-01-28 13:00:00,1380,1380,1385,1385,0
2022-01-28 13:01:00,1380,1380,1385,1385,0
2022-01-28 13:02:00,1380,1380,1385,1385,0
2022-01-28 13:03:00,1380,1380,1385,1385,0
2022-01-28 13:04:00,1380,1380,1385,1385,0
2022-01-28 13:05:00,1380,1380,1385,1385,0
2022-01-28 13:06:00,1380,1380,1385,1385,0
2022-01-28 13:07:00,1380,1380,1385,1385,0
2022-01-28 13:08:00,1380,1380,1385,1385,0
2022-01-28 13:09:00,1380,1380,1385,1385,0
2022-01-28 13:10:00,1380,1380,1385,1385,0
2022-01-28 13:11:00,1380,1380,1385,1385,0
2022-01-28 13:12:00,1380,1380,1385,1385,0
2022-01-28 13:13:00,1380,1380,1385,1385,0
2022-01-28 13:14:00,1380,1380,1385,1385,0
2022-01-28 13:15:00,1380,1380,1385,1385,0
2022-01-28 13:16:00,1380,1380,1385,1385,0
2022-01-28 13:17:00,1380,1380,1385,1385,0
2022-01-28 13:18:00,1380,1380,1385,1385,0
2022-01-28 13:19:00,1380,1380,1385,1385,0
2022-01-28 13:20:00,1380,1380,1385,1385,0
2022-01-28 13:21:00,1380,1380,1385,1385,0
2022-01-28 13:22:00,1380,1380,1385,1385,0
2022-01-28 13:23:00,1380,1380,1385,1385,0
2022-01-28 13:24:00,1380,1380,1385,1385,0
2022-01-28 13:25:00,1380,1380,1385,1385,0
2022-01-28 13:26:00,1380,1380,1385,1385,0
2022-01-28 13:27:00,1380,1380,1385,1385,0
2022-01-28 13:28:00,1380,1380,1385,1385,0
2022-01-28 13:29:00,1380,1380,1385,1385,0
2022-01-28 13:30:00,1375,1375,1385,1380,497300
2022-01-28 13:31:00,1380,1380,1380,1380,560000
2022-01-28 13:32:00,1380,1380,1380,1380,149600
2022-01-28 13:33:00,1380,1380,1380,1380,0
2022-01-28 13:34:00,1380,1380,1380,1380,0
2022-01-28 13:35:00,1380,1380,1380,1380,2000
2022-01-28 13:36:00,1380,1380,1385,1385,1500
2022-01-28 13:37:00,1385,1380,1385,1385,36900
2022-01-28 13:38:00,1380,1380,1380,1380,2700
2022-01-28 13:39:00,1380,1380,1380,1380,0
2022-01-28 13:40:00,1380,1380,1380,1380,0
2022-01-28 13:41:00,1380,1380,1380,1380,100
2022-01-28 13:42:00,1385,1380,1385,1380,3100
2022-01-28 13:43:00,1380,1375,1380,1375,8200
2022-01-28 13:44:00,1375,1375,1375,1375,4000
2022-01-28 13:45:00,1375,1375,1375,1375,0
2022-01-28 13:46:00,1375,1375,1375,1375,0
2022-01-28 13:47:00,1375,1375,1375,1375,3000
2022-01-28 13:48:00,1375,1370,1375,1370,430600
2022-01-28 13:49:00,1375,1375,1380,1380,184200
2022-01-28 13:50:00,1380,1375,1380,1380,827600
2022-01-28 13:51:00,1380,1375,1380,1380,53900
2022-01-28 13:52:00,1380,1375,1380,1375,400
2022-01-28 13:53:00,1375,1375,1380,1380,102300
2022-01-28 13:54:00,1385,1385,1385,1385,91100
2022-01-28 13:55:00,1385,1385,1395,1390,392200
2022-01-28 13:56:00,1390,1390,1400,1400,392200
2022-01-28 13:57:00,1395,1395,1415,1415,261000
2022-01-28 13:58:00,1410,1405,1415,1410,339600
2022-01-28 13:59:00,1410,1410,1415,1415,239000
2022-01-28 14:00:00,1415,1405,1420,1405,245900
2022-01-28 14:01:00,1405,1400,1405,1400,31500
2022-01-28 14:02:00,1405,1400,1410,1405,713700
2022-01-28 14:03:00,1405,1405,1405,1405,12800
2022-01-28 14:04:00,1405,1405,1405,1405,2800
2022-01-28 14:05:00,1400,1400,1400,1400,3100
2022-01-28 14:06:00,1400,1400,1400,1400,3200
2022-01-28 14:07:00,1400,1400,1405,1405,22100
2022-01-28 14:08:00,1405,1400,1405,1400,7000
2022-01-28 14:09:00,1400,1400,1400,1400,53900
2022-01-28 14:10:00,1400,1400,1400,1400,1000
2022-01-28 14:11:00,1405,1400,1405,1400,8100
2022-01-28 14:12:00,1400,1400,1400,1400,100
2022-01-28 14:13:00,1400,1400,1400,1400,1500
2022-01-28 14:14:00,1400,1395,1400,1395,49000
2022-01-28 14:15:00,1400,1400,1405,1405,5400
2022-01-28 14:16:00,1405,1400,1405,1400,2500
2022-01-28 14:17:00,1400,1400,1400,1400,2100
2022-01-28 14:18:00,1400,1400,1400,1400,100
2022-01-28 14:19:00,1400,1400,1400,1400,0
2022-01-28 14:20:00,1400,1400,1405,1405,15900
2022-01-28 14:21:00,1400,1400,1405,1405,7200
2022-01-28 14:22:00,1400,1400,1405,1405,50300
2022-01-28 14:23:00,1400,1400,1400,1400,200
2022-01-28 14:24:00,1400,1400,1400,1400,0
2022-01-28 14:25:00,1400,1400,1400,1400,3000
2022-01-28 14:26:00,1400,1395,1405,1400,22400
2022-01-28 14:27:00,1400,1400,1405,1405,154100
2022-01-28 14:28:00,1400,1400,1405,1405,0
2022-01-28 14:29:00,1400,1400,1400,1400,16700
2022-01-28 14:30:00,1400,1400,1400,1400,600
2022-01-28 14:31:00,1400,1400,1405,1405,5200
2022-01-28 14:32:00,1400,1400,1405,1400,22500
2022-01-28 14:33:00,1400,1400,1405,1400,0
2022-01-28 14:34:00,1400,1400,1400,1400,1700
2022-01-28 14:35:00,1400,1400,1400,1400,0
2022-01-28 14:36:00,1405,1400,1405,1400,37800
2022-01-28 14:37:00,1400,1400,1400,1400,200
2022-01-28 14:38:00,1395,1395,1400,1400,37000
2022-01-28 14:39:00,1400,1395,1400,1400,36800
2022-01-28 14:40:00,1400,1400,1400,1400,4300
2022-01-28 14:41:00,1400,1400,1405,1405,13600
2022-01-28 14:42:00,1405,1405,1405,1405,1100
2022-01-28 14:43:00,1405,1405,1405,1405,900
2022-01-28 14:44:00,1400,1400,1405,1400,10700
2022-01-28 14:45:00,1400,1400,1400,1400,6800
2022-01-28 14:46:00,1400,1400,1400,1400,3200
2022-01-28 14:47:00,1395,1395,1400,1400,5100
2022-01-28 14:48:00,1400,1400,1405,1400,36700
2022-01-28 14:49:00,1400,1395,1405,1405,44200
2022-01-28 14:50:00,1400,1395,1405,1405,0
2022-01-28 14:51:00,1400,1395,1405,1405,0
2022-01-28 14:52:00,1400,1395,1405,1405,0
2022-01-28 14:53:00,1400,1395,1405,1405,0
2022-01-28 14:54:00,1400,1395,1405,1405,0
2022-01-28 14:55:00,1400,1395,1405,1405,0
2022-01-28 14:56:00,1400,1395,1405,1405,0
2022-01-28 14:57:00,1400,1395,1405,1405,0
2022-01-28 14:58:00,1400,1395,1405,1405,0
2022-01-28 14:59:00,1400,1395,1405,1405,0
2022-01-28 15:00:00,1405,1405,1405,1405,275800
2022-01-28 15:01:00,1405,1405,1405,1405,0
2022-01-28 15:02:00,1405,1405,1405,1405,149500
2022-01-28 15:03:00,1405,1405,1405,1405,600
2022-01-28 15:04:00,1405,1405,1405,1405,16000
2022-01-28 15:05:00,1405,1405,1405,1405,3100
2022-01-28 15:06:00,1405,1405,1405,1405,0
2022-01-28 15:07:00,1405,1405,1405,1405,0
2022-01-28 15:08:00,1405,1405,1405,1405,0
2022-01-28 15:09:00,1405,1405,1405,1405,11000
2022-01-28 15:10:00,1405,1405,1405,1405,0
2022-01-28 15:11:00,1405,1405,1405,1405,0
2022-01-28 15:12:00,1405,1405,1405,1405,0
2022-01-28 15:13:00,1405,1405,1405,1405,0
2022-01-28 15:14:00,1405,1405,1405,1405,0
2022-01-28 15:15:00,1405,1405,1405,1405,0
2022-01-28 15:16:00,1405,1405,1405,1405,0
2022-01-28 15:17:00,1405,1405,1405,1405,0
2022-01-28 15:18:00,1405,1405,1405,1405,0
2022-01-28 15:19:00,1405,1405,1405,1405,0
2022-01-28 15:20:00,1405,1405,1405,1405,0
2022-01-28 15:21:00,1405,1405,1405,1405,0
2022-01-28 15:22:00,1405,1405,1405,1405,0
2022-01-28 15:23:00,1405,1405,1405,1405,0
2022-01-28 15:24:00,1405,1405,1405,1405,0
2022-01-28 15:25:00,1405,1405,1405,1405,0
2022-01-28 15:26:00,1405,1405,1405,1405,0
2022-01-28 15:27:00,1405,1405,1405,1405,0
2022-01-28 15:28:00,1405,1405,1405,1405,0
2022-01-28 15:29:00,1405,1405,1405,1405,0
2022-01-28 15:30:00,1405,1405,1405,1405,0
2022-01-28 15:31:00,1405,1405,1405,1405,0
2022-01-28 15:32:00,1405,1405,1405,1405,0
2022-01-28 15:33:00,1405,1405,1405,1405,0
2022-01-28 15:34:00,1405,1405,1405,1405,0
2022-01-28 15:35:00,1405,1405,1405,1405,0
2022-01-28 15:36:00,1405,1405,1405,1405,0
2022-01-28 15:37:00,1405,1405,1405,1405,0
2022-01-28 15:38:00,1405,1405,1405,1405,0
2022-01-28 15:39:00,1405,1405,1405,1405,0
2022-01-28 15:40:00,1405,1405,1405,1405,0
2022-01-28 15:41:00,1405,1405,1405,1405,0
2022-01-28 15:42:00,1405,1405,1405,1405,0
2022-01-28 15:43:00,1405,1405,1405,1405,0
2022-01-28 15:44:00,1405,1405,1405,1405,0
2022-01-28 15:45:00,1405,1405,1405,1405,0
2022-01-28 15:46:00,1405,1405,1405,1405,0
2022-01-28 15:47:00,1405,1405,1405,1405,0
2022-01-28 15:48:00,1405,1405,1405,1405,0
2022-01-28 15:49:00,1405,1405,1405,1405,0
2022-01-28 15:50:00,1405,1405,1405,1405,0
2022-01-28 15:51:00,1405,1405,1405,1405,0
2022-01-28 15:52:00,1405,1405,1405,1405,0
2022-01-28 15:53:00,1405,1405,1405,1405,0
2022-01-28 15:54:00,1405,1405,1405,1405,0
2022-01-28 15:55:00,1405,1405,1405,1405,0
2022-01-28 15:56:00,1405,1405,1405,1405,0
2022-01-28 15:57:00,1405,1405,1405,1405,0
2022-01-28 15:58:00,1405,1405,1405,1405,0
2022-01-28 15:59:00,1405,1405,1405,1405,0
2022-01-31 09:00:00,1395,1390,1400,1390,0
2022-01-31 09:01:00,1390,1385,1395,1385,46400
2022-01-31 09:02:00,1385,1375,1385,1375,92200
2022-01-31 09:03:00,1380,1360,1380,1360,412200
2022-01-31 09:04:00,1360,1350,1360,1350,194000
2022-01-31 09:05:00,1345,1345,1355,1355,183700
2022-01-31 09:06:00,1355,1350,1365,1360,68700
2022-01-31 09:07:00,1365,1365,1375,1375,14700
2022-01-31 09:08:00,1375,1360,1375,1365,15800
2022-01-31 09:09:00,1360,1350,1360,1350,14800
2022-01-31 09:10:00,1350,1350,1355,1355,18500
2022-01-31 09:11:00,1360,1355,1365,1360,95500
2022-01-31 09:12:00,1360,1360,1360,1360,200
2022-01-31 09:13:00,1360,1350,1360,1350,16900
2022-01-31 09:14:00,1355,1350,1355,1355,14000
2022-01-31 09:15:00,1355,1355,1360,1360,5100
2022-01-31 09:16:00,1360,1360,1360,1360,2200
2022-01-31 09:17:00,1360,1360,1365,1360,14100
2022-01-31 09:18:00,1355,1345,1365,1345,430700
2022-01-31 09:19:00,1345,1345,1360,1360,25700
2022-01-31 09:20:00,1355,1355,1355,1355,1500
2022-01-31 09:21:00,1345,1335,1350,1335,285300
2022-01-31 09:22:00,1335,1310,1350,1315,861800
2022-01-31 09:23:00,1315,1310,1320,1320,47200
2022-01-31 09:24:00,1320,1315,1330,1320,49300
2022-01-31 09:25:00,1330,1330,1355,1345,129600
2022-01-31 09:26:00,1345,1340,1360,1360,87600
2022-01-31 09:27:00,1365,1360,1365,1360,103300
2022-01-31 09:28:00,1360,1355,1365,1355,107200
2022-01-31 09:29:00,1355,1345,1360,1345,70800
2022-01-31 09:30:00,1345,1345,1350,1350,4100
2022-01-31 09:31:00,1345,1345,1345,1345,1000
2022-01-31 09:32:00,1345,1345,1350,1345,4700
2022-01-31 09:33:00,1350,1350,1350,1350,9700
2022-01-31 09:34:00,1350,1345,1350,1350,65500
2022-01-31 09:35:00,1350,1345,1350,1350,0
2022-01-31 09:36:00,1350,1345,1350,1350,0
2022-01-31 09:37:00,1350,1350,1350,1350,1200
2022-01-31 09:38:00,1350,1350,1355,1355,2500
2022-01-31 09:39:00,1355,1355,1365,1365,22900
2022-01-31 09:40:00,1365,1365,1365,1365,19500
2022-01-31 09:41:00,1365,1365,1365,1365,8100
2022-01-31 09:42:00,1360,1355,1360,1355,40900
2022-01-31 09:43:00,1350,1350,1355,1350,31700
2022-01-31 09:44:00,1350,1345,1350,1345,23600
2022-01-31 09:45:00,1350,1345,1350,1345,6300
2022-01-31 09:46:00,1350,1340,1350,1340,29000
2022-01-31 09:47:00,1340,1340,1340,1340,300
2022-01-31 09:48:00,1340,1340,1340,1340,1200
2022-01-31 09:49:00,1340,1340,1340,1340,200
2022-01-31 09:50:00,1340,1340,1340,1340,1500
2022-01-31 09:51:00,1340,1340,1340,1340,27000
2022-01-31 09:52:00,1340,1340,1340,1340,4400
2022-01-31 09:53:00,1340,1340,1340,1340,300
2022-01-31 09:54:00,1340,1340,1340,1340,300
2022-01-31 09:55:00,1340,1340,1340,1340,2100
2022-01-31 09:56:00,1340,1340,1345,1340,12200
2022-01-31 09:57:00,1340,1340,1340,1340,1800
2022-01-31 09:58:00,1340,1340,1340,1340,6700
2022-01-31 09:59:00,1340,1340,1340,1340,200
2022-01-31 10:00:00,1340,1340,1340,1340,100
2022-01-31 10:01:00,1340,1340,1345,1345,5300
2022-01-31 10:02:00,1340,1340,1345,1345,600
2022-01-31 10:03:00,1340,1340,1345,1345,1600
2022-01-31 10:04:00,1340,1340,1340,1340,300
2022-01-31 10:05:00,1340,1340,1345,1345,500
2022-01-31 10:06:00,1345,1340,1345,1340,4100
2022-01-31 10:07:00,1345,1340,1345,1340,0
2022-01-31 10:08:00,1340,1340,1340,1340,5300
2022-01-31 10:09:00,1340,1340,1340,1340,1400
2022-01-31 10:10:00,1340,1340,1340,1340,3300
2022-01-31 10:11:00,1340,1340,1340,1340,16000
2022-01-31 10:12:00,1340,1335,1340,1335,2300
2022-01-31 10:13:00,1335,1335,1335,1335,300
2022-01-31 10:14:00,1335,1335,1340,1340,18200
2022-01-31 10:15:00,1335,1335,1335,1335,1800
2022-01-31 10:16:00,1335,1335,1335,1335,0
2022-01-31 10:17:00,1335,1335,1335,1335,300
2022-01-31 10:18:00,1335,1330,1335,1330,41900
2022-01-31 10:19:00,1330,1330,1335,1335,2200
2022-01-31 10:20:00,1335,1330,1335,1330,500
2022-01-31 10:21:00,1335,1330,1335,1330,0
2022-01-31 10:22:00,1330,1330,1330,1330,1000
2022-01-31 10:23:00,1330,1330,1330,1330,4300
2022-01-31 10:24:00,1330,1330,1330,1330,42600
2022-01-31 10:25:00,1330,1320,1330,1320,157500
2022-01-31 10:26:00,1320,1320,1325,1325,42700
2022-01-31 10:27:00,1325,1320,1325,1325,17300
2022-01-31 10:28:00,1325,1320,1325,1320,7000
2022-01-31 10:29:00,1325,1325,1325,1325,0
2022-01-31 10:30:00,1325,1325,1325,1325,0
2022-01-31 10:31:00,1325,1325,1325,1325,4227600
2022-01-31 10:32:00,1325,1325,1330,1330,14800
2022-01-31 10:33:00,1330,1330,1330,1330,100
2022-01-31 10:34:00,1330,1330,1330,1330,1000
2022-01-31 10:35:00,1325,1325,1330,1330,23100
2022-01-31 10:36:00,1330,1330,1330,1330,5500
2022-01-31 10:37:00,1330,1330,1330,1330,0
2022-01-31 10:38:00,1330,1330,1330,1330,11600
2022-01-31 10:39:00,1335,1335,1335,1335,500
2022-01-31 10:40:00,1335,1335,1335,1335,1100
2022-01-31 10:41:00,1335,1335,1335,1335,20900
2022-01-31 10:42:00,1335,1335,1340,1340,600
2022-01-31 10:43:00,1335,1335,1340,1340,0
2022-01-31 10:44:00,1340,1340,1340,1340,3500
2022-01-31 10:45:00,1340,1340,1340,1340,0
2022-01-31 10:46:00,1335,1335,1335,1335,10000
2022-01-31 10:47:00,1335,1335,1335,1335,0
2022-01-31 10:48:00,1335,1335,1335,1335,20700
2022-01-31 10:49:00,1335,1330,1335,1330,6600
2022-01-31 10:50:00,1330,1330,1330,1330,4800
2022-01-31 10:51:00,1335,1335,1335,1335,1000
2022-01-31 10:52:00,1335,1335,1335,1335,2000
2022-01-31 10:53:00,1335,1335,1335,1335,7000
2022-01-31 10:54:00,1330,1330,1330,1330,12100
2022-01-31 10:55:00,1330,1330,1330,1330,1500
2022-01-31 10:56:00,1330,1330,1330,1330,32100
2022-01-31 10:57:00,1325,1325,1325,1325,1200
2022-01-31 10:58:00,1330,1330,1330,1330,2300
2022-01-31 10:59:00,1330,1330,1330,1330,4000
2022-01-31 11:00:00,1325,1325,1330,1325,25900
2022-01-31 11:01:00,1330,1330,1335,1335,13700
2022-01-31 11:02:00,1330,1330,1335,1335,15200
2022-01-31 11:03:00,1330,1330,1335,1335,0
2022-01-31 11:04:00,1330,1330,1335,1335,0
2022-01-31 11:05:00,1330,1330,1330,1330,800
2022-01-31 11:06:00,1330,1330,1330,1330,0
2022-01-31 11:07:00,1330,1330,1330,1330,0
2022-01-31 11:08:00,1330,1330,1330,1330,0
2022-01-31 11:09:00,1330,1330,1330,1330,21800
2022-01-31 11:10:00,1325,1325,1325,1325,1200
2022-01-31 11:11:00,1325,1325,1330,1330,15500
2022-01-31 11:12:00,1330,1325,1330,1325,12000
2022-01-31 11:13:00,1325,1325,1325,1325,400
2022-01-31 11:14:00,1325,1325,1330,1330,14600
2022-01-31 11:15:00,1330,1330,1330,1330,100
2022-01-31 11:16:00,1330,1325,1330,1325,200
2022-01-31 11:17:00,1325,1325,1325,1325,2900
2022-01-31 11:18:00,1330,1320,1330,1325,524100
2022-01-31 11:19:00,1325,1320,1325,1320,6500
2022-01-31 11:20:00,1320,1320,1325,1320,22600
2022-01-31 11:21:00,1320,1320,1325,1320,0
2022-01-31 11:22:00,1320,1320,1325,1325,7500
2022-01-31 11:23:00,1325,1325,1325,1325,300
2022-01-31 11:24:00,1325,1325,1325,1325,5400
2022-01-31 11:25:00,1320,1320,1325,1325,100800
2022-01-31 11:26:00,1320,1320,1320,1320,5700
2022-01-31 11:27:00,1320,1320,1325,1325,300
2022-01-31 11:28:00,1320,1320,1320,1320,400
2022-01-31 11:29:00,1320,1320,1320,1320,16800
2022-01-31 11:30:00,1320,1320,1320,1320,0
2022-01-31 11:31:00,1320,1320,1320,1320,0
2022-01-31 11:32:00,1320,1320,1320,1320,0
2022-01-31 11:33:00,1320,1320,1320,1320,0
2022-01-31 11:34:00,1320,1320,1320,1320,0
2022-01-31 11:35:00,1320,1320,1320,1320,0
2022-01-31 11:36:00,1320,1320,1320,1320,0
2022-01-31 11:37:00,1320,1320,1320,1320,0
2022-01-31 11:38:00,1320,1320,1320,1320,0
2022-01-31 11:39:00,1320,1320,1320,1320,0
2022-01-31 11:40:00,1320,1320,1320,1320,0
2022-01-31 11:41:00,1320,1320,1320,1320,0
2022-01-31 11:42:00,1320,1320,1320,1320,0
2022-01-31 11:43:00,1320,1320,1320,1320,0
2022-01-31 11:44:00,1320,1320,1320,1320,0
2022-01-31 11:45:00,1320,1320,1320,1320,0
2022-01-31 11:46:00,1320,1320,1320,1320,0
2022-01-31 11:47:00,1320,1320,1320,1320,0
2022-01-31 11:48:00,1320,1320,1320,1320,0
2022-01-31 11:49:00,1320,1320,1320,1320,0
2022-01-31 11:50:00,1320,1320,1320,1320,0
2022-01-31 11:51:00,1320,1320,1320,1320,0
2022-01-31 11:52:00,1320,1320,1320,1320,0
2022-01-31 11:53:00,1320,1320,1320,1320,0
2022-01-31 11:54:00,1320,1320,1320,1320,0
2022-01-31 11:55:00,1320,1320,1320,1320,0
2022-01-31 11:56:00,1320,1320,1320,1320,0
2022-01-31 11:57:00,1320,1320,1320,1320,0
2022-01-31 11:58:00,1320,1320,1320,1320,0
2022-01-31 11:59:00,1320,1320,1320,1320,0
2022-01-31 12:00:00,1320,1320,1320,1320,0
2022-01-31 12:01:00,1320,1320,1320,1320,0
2022-01-31 12:02:00,1320,1320,1320,1320,0
2022-01-31 12:03:00,1320,1320,1320,1320,0
2022-01-31 12:04:00,1320,1320,1320,1320,0
2022-01-31 12:05:00,1320,1320,1320,1320,0
2022-01-31 12:06:00,1320,1320,1320,1320,0
2022-01-31 12:07:00,1320,1320,1320,1320,0
2022-01-31 12:08:00,1320,1320,1320,1320,0
2022-01-31 12:09:00,1320,1320,1320,1320,0
2022-01-31 12:10:00,1320,1320,1320,1320,0
2022-01-31 12:11:00,1320,1320,1320,1320,0
2022-01-31 12:12:00,1320,1320,1320,1320,0
2022-01-31 12:13:00,1320,1320,1320,1320,0
2022-01-31 12:14:00,1320,1320,1320,1320,0
2022-01-31 12:15:00,1320,1320,1320,1320,0
2022-01-31 12:16:00,1320,1320,1320,1320,0
2022-01-31 12:17:00,1320,1320,1320,1320,0
2022-01-31 12:18:00,1320,1320,1320,1320,0
2022-01-31 12:19:00,1320,1320,1320,1320,0
2022-01-31 12:20:00,1320,1320,1320,1320,0
2022-01-31 12:21:00,1320,1320,1320,1320,0
2022-01-31 12:22:00,1320,1320,1320,1320,0
2022-01-31 12:23:00,1320,1320,1320,1320,0
2022-01-31 12:24:00,1320,1320,1320,1320,0
2022-01-31 12:25:00,1320,1320,1320,1320,0
2022-01-31 12:26:00,1320,1320,1320,1320,0
2022-01-31 12:27:00,1320,1320,1320,1320,0
2022-01-31 12:28:00,1320,1320,1320,1320,0
2022-01-31 12:29:00,1320,1320,1320,1320,0
2022-01-31 12:30:00,1320,1320,1320,1320,0
2022-01-31 12:31:00,1320,1320,1320,1320,0
2022-01-31 12:32:00,1320,1320,1320,1320,0
2022-01-31 12:33:00,1320,1320,1320,1320,0
2022-01-31 12:34:00,1320,1320,1320,1320,0
2022-01-31 12:35:00,1320,1320,1320,1320,0
2022-01-31 12:36:00,1320,1320,1320,1320,0
2022-01-31 12:37:00,1320,1320,1320,1320,0
2022-01-31 12:38:00,1320,1320,1320,1320,0
2022-01-31 12:39:00,1320,1320,1320,1320,0
2022-01-31 12:40:00,1320,1320,1320,1320,0
2022-01-31 12:41:00,1320,1320,1320,1320,0
2022-01-31 12:42:00,1320,1320,1320,1320,0
2022-01-31 12:43:00,1320,1320,1320,1320,0
2022-01-31 12:44:00,1320,1320,1320,1320,0
2022-01-31 12:45:00,1320,1320,1320,1320,0
2022-01-31 12:46:00,1320,1320,1320,1320,0
2022-01-31 12:47:00,1320,1320,1320,1320,0
2022-01-31 12:48:00,1320,1320,1320,1320,0
2022-01-31 12:49:00,1320,1320,1320,1320,0
2022-01-31 12:50:00,1320,1320,1320,1320,0
2022-01-31 12:51:00,1320,1320,1320,1320,0
2022-01-31 12:52:00,1320,1320,1320,1320,0
2022-01-31 12:53:00,1320,1320,1320,1320,0
2022-01-31 12:54:00,1320,1320,1320,1320,0
2022-01-31 12:55:00,1320,1320,1320,1320,0
2022-01-31 12:56:00,1320,1320,1320,1320,0
2022-01-31 12:57:00,1320,1320,1320,1320,0
2022-01-31 12:58:00,1320,1320,1320,1320,0
2022-01-31 12:59:00,1320,1320,1320,1320,0
2022-01-31 13:00:00,1320,1320,1320,1320,0
2022-01-31 13:01:00,1320,1320,1320,1320,0
2022-01-31 13:02:00,1320,1320,1320,1320,0
2022-01-31 13:03:00,1320,1320,1320,1320,0
2022-01-31 13:04:00,1320,1320,1320,1320,0
2022-01-31 13:05:00,1320,1320,1320,1320,0
2022-01-31 13:06:00,1320,1320,1320,1320,0
2022-01-31 13:07:00,1320,1320,1320,1320,0
2022-01-31 13:08:00,1320,1320,1320,1320,0
2022-01-31 13:09:00,1320,1320,1320,1320,0
2022-01-31 13:10:00,1320,1320,1320,1320,0
2022-01-31 13:11:00,1320,1320,1320,1320,0
2022-01-31 13:12:00,1320,1320,1320,1320,0
2022-01-31 13:13:00,1320,1320,1320,1320,0
2022-01-31 13:14:00,1320,1320,1320,1320,0
2022-01-31 13:15:00,1320,1320,1320,1320,0
2022-01-31 13:16:00,1320,1320,1320,1320,0
2022-01-31 13:17:00,1320,1320,1320,1320,0
2022-01-31 13:18:00,1320,1320,1320,1320,0
2022-01-31 13:19:00,1320,1320,1320,1320,0
2022-01-31 13:20:00,1320,1320,1320,1320,0
2022-01-31 13:21:00,1320,1320,1320,1320,0
2022-01-31 13:22:00,1320,1320,1320,1320,0
2022-01-31 13:23:00,1320,1320,1320,1320,0
2022-01-31 13:24:00,1320,1320,1320,1320,0
2022-01-31 13:25:00,1320,1320,1320,1320,0
2022-01-31 13:26:00,1320,1320,1320,1320,0
2022-01-31 13:27:00,1320,1320,1320,1320,0
2022-01-31 13:28:00,1320,1320,1320,1320,0
2022-01-31 13:29:00,1320,1320,1320,1320,0
2022-01-31 13:30:00,1320,1315,1320,1315,31300
2022-01-31 13:31:00,1320,1315,1320,1320,518400
2022-01-31 13:32:00,1320,1315,1320,1315,189500
2022-01-31 13:33:00,1315,1315,1315,1315,68000
2022-01-31 13:34:00,1315,1315,1315,1315,7200
2022-01-31 13:35:00,1315,1315,1315,1315,72400
2022-01-31 13:36:00,1315,1310,1315,1310,53100
2022-01-31 13:37:00,1310,1310,1315,1315,42900
2022-01-31 13:38:00,1310,1310,1310,1310,1400
2022-01-31 13:39:00,1310,1310,1310,1310,1000
2022-01-31 13:40:00,1315,1310,1315,1310,52200
2022-01-31 13:41:00,1310,1310,1315,1310,61100
2022-01-31 13:42:00,1315,1310,1315,1310,23800
2022-01-31 13:43:00,1315,1315,1320,1320,3200
2022-01-31 13:44:00,1315,1315,1320,1320,1500
2022-01-31 13:45:00,1320,1320,1320,1320,200
2022-01-31 13:46:00,1315,1315,1315,1315,3100
2022-01-31 13:47:00,1315,1315,1315,1315,31000
2022-01-31 13:48:00,1315,1315,1320,1315,15900
2022-01-31 13:49:00,1320,1315,1320,1315,11100
2022-01-31 13:50:00,1315,1315,1315,1315,2500
2022-01-31 13:51:00,1315,1315,1315,1315,8400
2022-01-31 13:52:00,1315,1315,1315,1315,100
2022-01-31 13:53:00,1315,1315,1315,1315,0
2022-01-31 13:54:00,1315,1315,1315,1315,4400
2022-01-31 13:55:00,1315,1310,1315,1315,187800
2022-01-31 13:56:00,1310,1310,1315,1310,11900
2022-01-31 13:57:00,1310,1310,1315,1310,13000
2022-01-31 13:58:00,1310,1310,1310,1310,2500
2022-01-31 13:59:00,1315,1310,1315,1315,3300
2022-01-31 14:00:00,1315,1310,1315,1310,600
2022-01-31 14:01:00,1310,1310,1315,1315,12100
2022-01-31 14:02:00,1310,1310,1315,1315,2100
2022-01-31 14:03:00,1310,1310,1310,1310,41700
2022-01-31 14:04:00,1310,1310,1310,1310,19300
2022-01-31 14:05:00,1310,1310,1310,1310,400
2022-01-31 14:06:00,1315,1310,1315,1310,34000
2022-01-31 14:07:00,1310,1310,1310,1310,1400
2022-01-31 14:08:00,1310,1310,1310,1310,600
2022-01-31 14:09:00,1315,1310,1315,1310,13100
2022-01-31 14:10:00,1315,1310,1315,1310,600
2022-01-31 14:11:00,1310,1310,1315,1315,4800
2022-01-31 14:12:00,1310,1310,1315,1315,3100
2022-01-31 14:13:00,1315,1315,1315,1315,400
2022-01-31 14:14:00,1315,1310,1315,1315,52300
2022-01-31 14:15:00,1315,1310,1315,1310,12600
2022-01-31 14:16:00,1315,1315,1315,1315,5600
2022-01-31 14:17:00,1315,1315,1315,1315,2000
2022-01-31 14:18:00,1310,1310,1310,1310,26600
2022-01-31 14:19:00,1310,1310,1315,1315,61400
2022-01-31 14:20:00,1310,1310,1310,1310,76100
2022-01-31 14:21:00,1315,1310,1315,1310,700
2022-01-31 14:22:00,1310,1310,1310,1310,13800
2022-01-31 14:23:00,1310,1310,1310,1310,6000
2022-01-31 14:24:00,1310,1310,1310,1310,34300
2022-01-31 14:25:00,1310,1310,1310,1310,16700
2022-01-31 14:26:00,1310,1310,1310,1310,1700
2022-01-31 14:27:00,1310,1310,1315,1315,3800
2022-01-31 14:28:00,1310,1310,1315,1315,1600
2022-01-31 14:29:00,1310,1310,1310,1310,63200
2022-01-31 14:30:00,1310,1310,1310,1310,16600
2022-01-31 14:31:00,1310,1310,1315,1315,4300
2022-01-31 14:32:00,1315,1315,1315,1315,2700
2022-01-31 14:33:00,1315,1315,1315,1315,0
2022-01-31 14:34:00,1315,1310,1315,1310,42900
2022-01-31 14:35:00,1315,1310,1315,1310,10100
2022-01-31 14:36:00,1310,1310,1310,1310,4300
2022-01-31 14:37:00,1310,1310,1310,1310,8400
2022-01-31 14:38:00,1310,1310,1310,1310,12400
2022-01-31 14:39:00,1310,1310,1310,1310,0
2022-01-31 14:40:00,1310,1310,1315,1310,8800
2022-01-31 14:41:00,1310,1310,1310,1310,143600
2022-01-31 14:42:00,1310,1310,1310,1310,260300
2022-01-31 14:43:00,1310,1310,1315,1315,50400
2022-01-31 14:44:00,1310,1310,1310,1310,4100
2022-01-31 14:45:00,1310,1310,1310,1310,14500
2022-01-31 14:46:00,1310,1310,1310,1310,202300
2022-01-31 14:47:00,1310,1310,1310,1310,6800
2022-01-31 14:48:00,1310,1310,1310,1310,10600
2022-01-31 14:49:00,1310,1310,1310,1310,4000
2022-01-31 14:50:00,1310,1310,1310,1310,0
2022-01-31 14:51:00,1310,1310,1310,1310,0
2022-01-31 14:52:00,1310,1310,1310,1310,0
2022-01-31 14:53:00,1310,1310,1310,1310,0
2022-01-31 14:54:00,1310,1310,1310,1310,0
2022-01-31 14:55:00,1310,1310,1310,1310,0
2022-01-31 14:56:00,1310,1310,1310,1310,0
2022-01-31 14:57:00,1310,1310,1310,1310,0
2022-01-31 14:58:00,1310,1310,1310,1310,0
2022-01-31 14:59:00,1310,1310,1310,1310,0
2022-01-31 15:00:00,1310,1310,1310,1310,22100
2022-01-31 15:01:00,1310,1310,1310,1310,1000
2022-01-31 15:02:00,1310,1310,1310,1310,2000
2022-01-31 15:03:00,1310,1310,1310,1310,10000
2022-01-31 15:04:00,1310,1310,1310,1310,0
2022-01-31 15:05:00,1310,1310,1310,1310,0
2022-01-31 15:06:00,1310,1310,1310,1310,1300
2022-01-31 15:07:00,1310,1310,1310,1310,0
2022-01-31 15:08:00,1310,1310,1310,1310,100
2022-01-31 15:09:00,1310,1310,1310,1310,0
2022-01-31 15:10:00,1310,1310,1310,1310,500
2022-01-31 15:11:00,1310,1310,1310,1310,5000
2022-01-31 15:12:00,1310,1310,1310,1310,0
2022-01-31 15:13:00,1310,1310,1310,1310,0
2022-01-31 15:14:00,1310,1310,1310,1310,8014800
2022-01-31 15:15:00,1310,1310,1310,1310,0
2022-01-31 15:16:00,1310,1310,1310,1310,0
2022-01-31 15:17:00,1310,1310,1310,1310,0
2022-01-31 15:18:00,1310,1310,1310,1310,0
2022-01-31 15:19:00,1310,1310,1310,1310,0
2022-01-31 15:20:00,1310,1310,1310,1310,0
2022-01-31 15:21:00,1310,1310,1310,1310,0
2022-01-31 15:22:00,1310,1310,1310,1310,0
2022-01-31 15:23:00,1310,1310,1310,1310,0
2022-01-31 15:24:00,1310,1310,1310,1310,0
2022-01-31 15:25:00,1310,1310,1310,1310,0
2022-01-31 15:26:00,1310,1310,1310,1310,0
2022-01-31 15:27:00,1310,1310,1310,1310,0
2022-01-31 15:28:00,1310,1310,1310,1310,0
2022-01-31 15:29:00,1310,1310,1310,1310,0
2022-01-31 15:30:00,1310,1310,1310,1310,0
2022-01-31 15:31:00,1310,1310,1310,1310,0
2022-01-31 15:32:00,1310,1310,1310,1310,0
2022-01-31 15:33:00,1310,1310,1310,1310,0
2022-01-31 15:34:00,1310,1310,1310,1310,0
2022-01-31 15:35:00,1310,1310,1310,1310,0
2022-01-31 15:36:00,1310,1310,1310,1310,0
2022-01-31 15:37:00,1310,1310,1310,1310,0
2022-01-31 15:38:00,1310,1310,1310,1310,0
2022-01-31 15:39:00,1310,1310,1310,1310,0
2022-01-31 15:40:00,1310,1310,1310,1310,0
2022-01-31 15:41:00,1310,1310,1310,1310,0
2022-01-31 15:42:00,1310,1310,1310,1310,0
2022-01-31 15:43:00,1310,1310,1310,1310,0
2022-01-31 15:44:00,1310,1310,1310,1310,0
2022-01-31 15:45:00,1310,1310,1310,1310,0
2022-01-31 15:46:00,1310,1310,1310,1310,0
2022-01-31 15:47:00,1310,1310,1310,1310,0
2022-01-31 15:48:00,1310,1310,1310,1310,0
2022-01-31 15:49:00,1310,1310,1310,1310,0
2022-01-31 15:50:00,1310,1310,1310,1310,0
2022-01-31 15:51:00,1310,1310,1310,1310,0
2022-01-31 15:52:00,1310,1310,1310,1310,0
2022-01-31 15:53:00,1310,1310,1310,1310,0
2022-01-31 15:54:00,1310,1310,1310,1310,0
2022-01-31 15:55:00,1310,1310,1310,1310,0
2022-01-31 15:56:00,1310,1310,1310,1310,0
2022-01-31 15:57:00,1310,1310,1310,1310,0
2022-01-31 15:58:00,1310,1310,1310,1310,0
2022-01-31 15:59:00,1310,1310,1310,1310,0
2022-02-01 09:00:00,1310,1310,1310,1310,0
2022-02-01 09:01:00,1310,1310,1310,1310,0
2022-02-01 09:02:00,1310,1310,1310,1310,0
2022-02-01 09:03:00,1310,1310,1310,1310,0
2022-02-01 09:04:00,1310,1310,1310,1310,0
2022-02-01 09:05:00,1310,1310,1310,1310,0
2022-02-01 09:06:00,1310,1310,1310,1310,0
2022-02-01 09:07:00,1310,1310,1310,1310,0
2022-02-01 09:08:00,1310,1310,1310,1310,0
2022-02-01 09:09:00,1310,1310,1310,1310,0
2022-02-01 09:10:00,1310,1310,1310,1310,0
2022-02-01 09:11:00,1310,1310,1310,1310,0
2022-02-01 09:12:00,1310,1310,1310,1310,0
2022-02-01 09:13:00,1310,1310,1310,1310,0
2022-02-01 09:14:00,1310,1310,1310,1310,0
2022-02-01 09:15:00,1310,1310,1310,1310,0
2022-02-01 09:16:00,1310,1310,1310,1310,0
2022-02-01 09:17:00,1310,1310,1310,1310,0
2022-02-01 09:18:00,1310,1310,1310,1310,0
2022-02-01 09:19:00,1310,1310,1310,1310,0
2022-02-01 09:20:00,1310,1310,1310,1310,0
2022-02-01 09:21:00,1310,1310,1310,1310,0
2022-02-01 09:22:00,1310,1310,1310,1310,0
2022-02-01 09:23:00,1310,1310,1310,1310,0
2022-02-01 09:24:00,1310,1310,1310,1310,0
2022-02-01 09:25:00,1310,1310,1310,1310,0
2022-02-01 09:26:00,1310,1310,1310,1310,0
2022-02-01 09:27:00,1310,1310,1310,1310,0
2022-02-01 09:28:00,1310,1310,1310,1310,0
2022-02-01 09:29:00,1310,1310,1310,1310,0
2022-02-01 09:30:00,1310,1310,1310,1310,0
2022-02-01 09:31:00,1310,1310,1310,1310,0
2022-02-01 09:32:00,1310,1310,1310,1310,0
2022-02-01 09:33:00,1310,1310,1310,1310,0
2022-02-01 09:34:00,1310,1310,1310,1310,0
2022-02-01 09:35:00,1310,1310,1310,1310,0
2022-02-01 09:36:00,1310,1310,1310,1310,0
2022-02-01 09:37:00,1310,1310,1310,1310,0
2022-02-01 09:38:00,1310,1310,1310,1310,0
2022-02-01 09:39:00,1310,1310,1310,1310,0
2022-02-01 09:40:00,1310,1310,1310,1310,0
2022-02-01 09:41:00,1310,1310,1310,1310,0
2022-02-01 09:42:00,1310,1310,1310,1310,0
2022-02-01 09:43:00,1310,1310,1310,1310,0
2022-02-01 09:44:00,1310,1310,1310,1310,0
2022-02-01 09:45:00,1310,1310,1310,1310,0
2022-02-01 09:46:00,1310,1310,1310,1310,0
2022-02-01 09:47:00,1310,1310,1310,1310,0
2022-02-01 09:48:00,1310,1310,1310,1310,0
2022-02-01 09:49:00,1310,1310,1310,1310,0
2022-02-01 09:50:00,1310,1310,1310,1310,0
2022-02-01 09:51:00,1310,1310,1310,1310,0
2022-02-01 09:52:00,1310,1310,1310,1310,0
2022-02-01 09:53:00,1310,1310,1310,1310,0
2022-02-01 09:54:00,1310,1310,1310,1310,0
2022-02-01 09:55:00,1310,1310,1310,1310,0
2022-02-01 09:56:00,1310,1310,1310,1310,0
2022-02-01 09:57:00,1310,1310,1310,1310,0
2022-02-01 09:58:00,1310,1310,1310,1310,0
2022-02-01 09:59:00,1310,1310,1310,1310,0
2022-02-01 10:00:00,1310,1310,1310,1310,0
2022-02-01 10:01:00,1310,1310,1310,1310,0
2022-02-01 10:02:00,1310,1310,1310,1310,0
2022-02-01 10:03:00,1310,1310,1310,1310,0
2022-02-01 10:04:00,1310,1310,1310,1310,0
2022-02-01 10:05:00,1310,1310,1310,1310,0
2022-02-01 10:06:00,1310,1310,1310,1310,0
2022-02-01 10:07:00,1310,1310,1310,1310,0
2022-02-01 10:08:00,1310,1310,1310,1310,0
2022-02-01 10:09:00,1310,1310,1310,1310,0
2022-02-01 10:10:00,1310,1310,1310,1310,0
2022-02-01 10:11:00,1310,1310,1310,1310,0
2022-02-01 10:12:00,1310,1310,1310,1310,0
2022-02-01 10:13:00,1310,1310,1310,1310,0
2022-02-01 10:14:00,1310,1310,1310,1310,0
2022-02-01 10:15:00,1310,1310,1310,1310,0
2022-02-01 10:16:00,1310,1310,1310,1310,0
2022-02-01 10:17:00,1310,1310,1310,1310,0
2022-02-01 10:18:00,1310,1310,1310,1310,0
2022-02-01 10:19:00,1310,1310,1310,1310,0
2022-02-01 10:20:00,1310,1310,1310,1310,0
2022-02-01 10:21:00,1310,1310,1310,1310,0
2022-02-01 10:22:00,1310,1310,1310,1310,0
2022-02-01 10:23:00,1310,1310,1310,1310,0
2022-02-01 10:24:00,1310,1310,1310,1310,0
2022-02-01 10:25:00,1310,1310,1310,1310,0
2022-02-01 10:26:00,1310,1310,1310,1310,0
2022-02-01 10:27:00,1310,1310,1310,1310,0
2022-02-01 10:28:00,1310,1310,1310,1310,0
2022-02-01 10:29:00,1310,1310,1310,1310,0
2022-02-01 10:30:00,1310,1310,1310,1310,0
2022-02-01 10:31:00,1310,1310,1310,1310,0
2022-02-01 10:32:00,1310,1310,1310,1310,0
2022-02-01 10:33:00,1310,1310,1310,1310,0
2022-02-01 10:34:00,1310,1310,1310,1310,0
2022-02-01 10:35:00,1310,1310,1310,1310,0
2022-02-01 10:36:00,1310,1310,1310,1310,0
2022-02-01 10:37:00,1310,1310,1310,1310,0
2022-02-01 10:38:00,1310,1310,1310,1310,0
2022-02-01 10:39:00,1310,1310,1310,1310,0
2022-02-01 10:40:00,1310,1310,1310,1310,0
2022-02-01 10:41:00,1310,1310,1310,1310,0
2022-02-01 10:42:00,1310,1310,1310,1310,0
2022-02-01 10:43:00,1310,1310,1310,1310,0
2022-02-01 10:44:00,1310,1310,1310,1310,0
2022-02-01 10:45:00,1310,1310,1310,1310,0
2022-02-01 10:46:00,1310,1310,1310,1310,0
2022-02-01 10:47:00,1310,1310,1310,1310,0
2022-02-01 10:48:00,1310,1310,1310,1310,0
2022-02-01 10:49:00,1310,1310,1310,1310,0
2022-02-01 10:50:00,1310,1310,1310,1310,0
2022-02-01 10:51:00,1310,1310,1310,1310,0
2022-02-01 10:52:00,1310,1310,1310,1310,0
2022-02-01 10:53:00,1310,1310,1310,1310,0
2022-02-01 10:54:00,1310,1310,1310,1310,0
2022-02-01 10:55:00,1310,1310,1310,1310,0
2022-02-01 10:56:00,1310,1310,1310,1310,0
2022-02-01 10:57:00,1310,1310,1310,1310,0
2022-02-01 10:58:00,1310,1310,1310,1310,0
2022-02-01 10:59:00,1310,1310,1310,1310,0
2022-02-01 11:00:00,1310,1310,1310,1310,0
2022-02-01 11:01:00,1310,1310,1310,1310,0
2022-02-01 11:02:00,1310,1310,1310,1310,0
2022-02-01 11:03:00,1310,1310,1310,1310,0
2022-02-01 11:04:00,1310,1310,1310,1310,0
2022-02-01 11:05:00,1310,1310,1310,1310,0
2022-02-01 11:06:00,1310,1310,1310,1310,0
2022-02-01 11:07:00,1310,1310,1310,1310,0
2022-02-01 11:08:00,1310,1310,1310,1310,0
2022-02-01 11:09:00,1310,1310,1310,1310,0
2022-02-01 11:10:00,1310,1310,1310,1310,0
2022-02-01 11:11:00,1310,1310,1310,1310,0
2022-02-01 11:12:00,1310,1310,1310,1310,0
2022-02-01 11:13:00,1310,1310,1310,1310,0
2022-02-01 11:14:00,1310,1310,1310,1310,0
2022-02-01 11:15:00,1310,1310,1310,1310,0
2022-02-01 11:16:00,1310,1310,1310,1310,0
2022-02-01 11:17:00,1310,1310,1310,1310,0
2022-02-01 11:18:00,1310,1310,1310,1310,0
2022-02-01 11:19:00,1310,1310,1310,1310,0
2022-02-01 11:20:00,1310,1310,1310,1310,0
2022-02-01 11:21:00,1310,1310,1310,1310,0
2022-02-01 11:22:00,1310,1310,1310,1310,0
2022-02-01 11:23:00,1310,1310,1310,1310,0
2022-02-01 11:24:00,1310,1310,1310,1310,0
2022-02-01 11:25:00,1310,1310,1310,1310,0
2022-02-01 11:26:00,1310,1310,1310,1310,0
2022-02-01 11:27:00,1310,1310,1310,1310,0
2022-02-01 11:28:00,1310,1310,1310,1310,0
2022-02-01 11:29:00,1310,1310,1310,1310,0
2022-02-01 11:30:00,1310,1310,1310,1310,0
2022-02-01 11:31:00,1310,1310,1310,1310,0
2022-02-01 11:32:00,1310,1310,1310,1310,0
2022-02-01 11:33:00,1310,1310,1310,1310,0
2022-02-01 11:34:00,1310,1310,1310,1310,0
2022-02-01 11:35:00,1310,1310,1310,1310,0
2022-02-01 11:36:00,1310,1310,1310,1310,0
2022-02-01 11:37:00,1310,1310,1310,1310,0
2022-02-01 11:38:00,1310,1310,1310,1310,0
2022-02-01 11:39:00,1310,1310,1310,1310,0
2022-02-01 11:40:00,1310,1310,1310,1310,0
2022-02-01 11:41:00,1310,1310,1310,1310,0
2022-02-01 11:42:00,1310,1310,1310,1310,0
2022-02-01 11:43:00,1310,1310,1310,1310,0
2022-02-01 11:44:00,1310,1310,1310,1310,0
2022-02-01 11:45:00,1310,1310,1310,1310,0
2022-02-01 11:46:00,1310,1310,1310,1310,0
2022-02-01 11:47:00,1310,1310,1310,1310,0
2022-02-01 11:48:00,1310,1310,1310,1310,0
2022-02-01 11:49:00,1310,1310,1310,1310,0
2022-02-01 11:50:00,1310,1310,1310,1310,0
2022-02-01 11:51:00,1310,1310,1310,1310,0
2022-02-01 11:52:00,1310,1310,1310,1310,0
2022-02-01 11:53:00,1310,1310,1310,1310,0
2022-02-01 11:54:00,1310,1310,1310,1310,0
2022-02-01 11:55:00,1310,1310,1310,1310,0
2022-02-01 11:56:00,1310,1310,1310,1310,0
2022-02-01 11:57:00,1310,1310,1310,1310,0
2022-02-01 11:58:00,1310,1310,1310,1310,0
2022-02-01 11:59:00,1310,1310,1310,1310,0
2022-02-01 12:00:00,1310,1310,1310,1310,0
2022-02-01 12:01:00,1310,1310,1310,1310,0
2022-02-01 12:02:00,1310,1310,1310,1310,0
2022-02-01 12:03:00,1310,1310,1310,1310,0
2022-02-01 12:04:00,1310,1310,1310,1310,0
2022-02-01 12:05:00,1310,1310,1310,1310,0
2022-02-01 12:06:00,1310,1310,1310,1310,0
2022-02-01 12:07:00,1310,1310,1310,1310,0
2022-02-01 12:08:00,1310,1310,1310,1310,0
2022-02-01 12:09:00,1310,1310,1310,1310,0
2022-02-01 12:10:00,1310,1310,1310,1310,0
2022-02-01 12:11:00,1310,1310,1310,1310,0
2022-02-01 12:12:00,1310,1310,1310,1310,0
2022-02-01 12:13:00,1310,1310,1310,1310,0
2022-02-01 12:14:00,1310,1310,1310,1310,0
2022-02-01 12:15:00,1310,1310,1310,1310,0
2022-02-01 12:16:00,1310,1310,1310,1310,0
2022-02-01 12:17:00,1310,1310,1310,1310,0
2022-02-01 12:18:00,1310,1310,1310,1310,0
2022-02-01 12:19:00,1310,1310,1310,1310,0
2022-02-01 12:20:00,1310,1310,1310,1310,0
2022-02-01 12:21:00,1310,1310,1310,1310,0
2022-02-01 12:22:00,1310,1310,1310,1310,0
2022-02-01 12:23:00,1310,1310,1310,1310,0
2022-02-01 12:24:00,1310,1310,1310,1310,0
2022-02-01 12:25:00,1310,1310,1310,1310,0
2022-02-01 12:26:00,1310,1310,1310,1310,0
2022-02-01 12:27:00,1310,1310,1310,1310,0
2022-02-01 12:28:00,1310,1310,1310,1310,0
2022-02-01 12:29:00,1310,1310,1310,1310,0
2022-02-01 12:30:00,1310,1310,1310,1310,0
2022-02-01 12:31:00,1310,1310,1310,1310,0
2022-02-01 12:32:00,1310,1310,1310,1310,0
2022-02-01 12:33:00,1310,1310,1310,1310,0
2022-02-01 12:34:00,1310,1310,1310,1310,0
2022-02-01 12:35:00,1310,1310,1310,1310,0
2022-02-01 12:36:00,1310,1310,1310,1310,0
2022-02-01 12:37:00,1310,1310,1310,1310,0
2022-02-01 12:38:00,1310,1310,1310,1310,0
2022-02-01 12:39:00,1310,1310,1310,1310,0
2022-02-01 12:40:00,1310,1310,1310,1310,0
2022-02-01 12:41:00,1310,1310,1310,1310,0
2022-02-01 12:42:00,1310,1310,1310,1310,0
2022-02-01 12:43:00,1310,1310,1310,1310,0
2022-02-01 12:44:00,1310,1310,1310,1310,0
2022-02-01 12:45:00,1310,1310,1310,1310,0
2022-02-01 12:46:00,1310,1310,1310,1310,0
2022-02-01 12:47:00,1310,1310,1310,1310,0
2022-02-01 12:48:00,1310,1310,1310,1310,0
2022-02-01 12:49:00,1310,1310,1310,1310,0
2022-02-01 12:50:00,1310,1310,1310,1310,0
2022-02-01 12:51:00,1310,1310,1310,1310,0
2022-02-01 12:52:00,1310,1310,1310,1310,0
2022-02-01 12:53:00,1310,1310,1310,1310,0
2022-02-01 12:54:00,1310,1310,1310,1310,0
2022-02-01 12:55:00,1310,1310,1310,1310,0
2022-02-01 12:56:00,1310,1310,1310,1310,0
2022-02-01 12:57:00,1310,1310,1310,1310,0
2022-02-01 12:58:00,1310,1310,1310,1310,0
2022-02-01 12:59:00,1310,1310,1310,1310,0
2022-02-01 13:00:00,1310,1310,1310,1310,0
2022-02-01 13:01:00,1310,1310,1310,1310,0
2022-02-01 13:02:00,1310,1310,1310,1310,0
2022-02-01 13:03:00,1310,1310,1310,1310,0
2022-02-01 13:04:00,1310,1310,1310,1310,0
2022-02-01 13:05:00,1310,1310,1310,1310,0
2022-02-01 13:06:00,1310,1310,1310,1310,0
2022-02-01 13:07:00,1310,1310,1310,1310,0
2022-02-01 13:08:00,1310,1310,1310,1310,0
2022-02-01 13:09:00,1310,1310,1310,1310,0
2022-02-01 13:10:00,1310,1310,1310,1310,0
2022-02-01 13:11:00,1310,1310,1310,1310,0
2022-02-01 13:12:00,1310,1310,1310,1310,0
2022-02-01 13:13:00,1310,1310,1310,1310,0
2022-02-01 13:14:00,1310,1310,1310,1310,0
2022-02-01 13:15:00,1310,1310,1310,1310,0
2022-02-01 13:16:00,1310,1310,1310,1310,0
2022-02-01 13:17:00,1310,1310,1310,1310,0
2022-02-01 13:18:00,1310,1310,1310,1310,0
2022-02-01 13:19:00,1310,1310,1310,1310,0
2022-02-01 13:20:00,1310,1310,1310,1310,0
2022-02-01 13:21:00,1310,1310,1310,1310,0
2022-02-01 13:22:00,1310,1310,1310,1310,0
2022-02-01 13:23:00,1310,1310,1310,1310,0
2022-02-01 13:24:00,1310,1310,1310,1310,0
2022-02-01 13:25:00,1310,1310,1310,1310,0
2022-02-01 13:26:00,1310,1310,1310,1310,0
2022-02-01 13:27:00,1310,1310,1310,1310,0
2022-02-01 13:28:00,1310,1310,1310,1310,0
2022-02-01 13:29:00,1310,1310,1310,1310,0
2022-02-01 13:30:00,1310,1310,1310,1310,0
2022-02-01 13:31:00,1310,1310,1310,1310,0
2022-02-01 13:32:00,1310,1310,1310,1310,0
2022-02-01 13:33:00,1310,1310,1310,1310,0
2022-02-01 13:34:00,1310,1310,1310,1310,0
2022-02-01 13:35:00,1310,1310,1310,1310,0
2022-02-01 13:36:00,1310,1310,1310,1310,0
2022-02-01 13:37:00,1310,1310,1310,1310,0
2022-02-01 13:38:00,1310,1310,1310,1310,0
2022-02-01 13:39:00,1310,1310,1310,1310,0
2022-02-01 13:40:00,1310,1310,1310,1310,0
2022-02-01 13:41:00,1310,1310,1310,1310,0
2022-02-01 13:42:00,1310,1310,1310,1310,0
2022-02-01 13:43:00,1310,1310,1310,1310,0
2022-02-01 13:44:00,1310,1310,1310,1310,0
2022-02-01 13:45:00,1310,1310,1310,1310,0
2022-02-01 13:46:00,1310,1310,1310,1310,0
2022-02-01 13:47:00,1310,1310,1310,1310,0
2022-02-01 13:48:00,1310,1310,1310,1310,0
2022-02-01 13:49:00,1310,1310,1310,1310,0
2022-02-01 13:50:00,1310,1310,1310,1310,0
2022-02-01 13:51:00,1310,1310,1310,1310,0
2022-02-01 13:52:00,1310,1310,1310,1310,0
2022-02-01 13:53:00,1310,1310,1310,1310,0
2022-02-01 13:54:00,1310,1310,1310,1310,0
2022-02-01 13:55:00,1310,1310,1310,1310,0
2022-02-01 13:56:00,1310,1310,1310,1310,0
2022-02-01 13:57:00,1310,1310,1310,1310,0
2022-02-01 13:58:00,1310,1310,1310,1310,0
2022-02-01 13:59:00,1310,1310,1310,1310,0
2022-02-01 14:00:00,1310,1310,1310,1310,0
2022-02-01 14:01:00,1310,1310,1310,1310,0
2022-02-01 14:02:00,1310,1310,1310,1310,0
2022-02-01 14:03:00,1310,1310,1310,1310,0
2022-02-01 14:04:00,1310,1310,1310,1310,0
2022-02-01 14:05:00,1310,1310,1310,1310,0
2022-02-01 14:06:00,1310,1310,1310,1310,0
2022-02-01 14:07:00,1310,1310,1310,1310,0
2022-02-01 14:08:00,1310,1310,1310,1310,0
2022-02-01 14:09:00,1310,1310,1310,1310,0
2022-02-01 14:10:00,1310,1310,1310,1310,0
2022-02-01 14:11:00,1310,1310,1310,1310,0
2022-02-01 14:12:00,1310,1310,1310,1310,0
2022-02-01 14:13:00,1310,1310,1310,1310,0
2022-02-01 14:14:00,1310,1310,1310,1310,0
2022-02-01 14:15:00,1310,1310,1310,1310,0
2022-02-01 14:16:00,1310,1310,1310,1310,0
2022-02-01 14:17:00,1310,1310,1310,1310,0
2022-02-01 14:18:00,1310,1310,1310,1310,0
2022-02-01 14:19:00,1310,1310,1310,1310,0
2022-02-01 14:20:00,1310,1310,1310,1310,0
2022-02-01 14:21:00,1310,1310,1310,1310,0
2022-02-01 14:22:00,1310,1310,1310,1310,0
2022-02-01 14:23:00,1310,1310,1310,1310,0
2022-02-01 14:24:00,1310,1310,1310,1310,0
2022-02-01 14:25:00,1310,1310,1310,1310,0
2022-02-01 14:26:00,1310,1310,1310,1310,0
2022-02-01 14:27:00,1310,1310,1310,1310,0
2022-02-01 14:28:00,1310,1310,1310,1310,0
2022-02-01 14:29:00,1310,1310,1310,1310,0
2022-02-01 14:30:00,1310,1310,1310,1310,0
2022-02-01 14:31:00,1310,1310,1310,1310,0
2022-02-01 14:32:00,1310,1310,1310,1310,0
2022-02-01 14:33:00,1310,1310,1310,1310,0
2022-02-01 14:34:00,1310,1310,1310,1310,0
2022-02-01 14:35:00,1310,1310,1310,1310,0
2022-02-01 14:36:00,1310,1310,1310,1310,0
2022-02-01 14:37:00,1310,1310,1310,1310,0
2022-02-01 14:38:00,1310,1310,1310,1310,0
2022-02-01 14:39:00,1310,1310,1310,1310,0
2022-02-01 14:40:00,1310,1310,1310,1310,0
2022-02-01 14:41:00,1310,1310,1310,1310,0
2022-02-01 14:42:00,1310,1310,1310,1310,0
2022-02-01 14:43:00,1310,1310,1310,1310,0
2022-02-01 14:44:00,1310,1310,1310,1310,0
2022-02-01 14:45:00,1310,1310,1310,1310,0
2022-02-01 14:46:00,1310,1310,1310,1310,0
2022-02-01 14:47:00,1310,1310,1310,1310,0
2022-02-01 14:48:00,1310,1310,1310,1310,0
2022-02-01 14:49:00,1310,1310,1310,1310,0
2022-02-01 14:50:00,1310,1310,1310,1310,0
2022-02-01 14:51:00,1310,1310,1310,1310,0
2022-02-01 14:52:00,1310,1310,1310,1310,0
2022-02-01 14:53:00,1310,1310,1310,1310,0
2022-02-01 14:54:00,1310,1310,1310,1310,0
2022-02-01 14:55:00,1310,1310,1310,1310,0
2022-02-01 14:56:00,1310,1310,1310,1310,0
2022-02-01 14:57:00,1310,1310,1310,1310,0
2022-02-01 14:58:00,1310,1310,1310,1310,0
2022-02-01 14:59:00,1310,1310,1310,1310,0
2022-02-01 15:00:00,1310,1310,1310,1310,0
2022-02-01 15:01:00,1310,1310,1310,1310,0
2022-02-01 15:02:00,1310,1310,1310,1310,0
2022-02-01 15:03:00,1310,1310,1310,1310,0
2022-02-01 15:04:00,1310,1310,1310,1310,0
2022-02-01 15:05:00,1310,1310,1310,1310,0
2022-02-01 15:06:00,1310,1310,1310,1310,0
2022-02-01 15:07:00,1310,1310,1310,1310,0
2022-02-01 15:08:00,1310,1310,1310,1310,0
2022-02-01 15:09:00,1310,1310,1310,1310,0
2022-02-01 15:10:00,1310,1310,1310,1310,0
2022-02-01 15:11:00,1310,1310,1310,1310,0
2022-02-01 15:12:00,1310,1310,1310,1310,0
2022-02-01 15:13:00,1310,1310,1310,1310,0
2022-02-01 15:14:00,1310,1310,1310,1310,0
2022-02-01 15:15:00,1310,1310,1310,1310,0
2022-02-01 15:16:00,1310,1310,1310,1310,0
2022-02-01 15:17:00,1310,1310,1310,1310,0
2022-02-01 15:18:00,1310,1310,1310,1310,0
2022-02-01 15:19:00,1310,1310,1310,1310,0
2022-02-01 15:20:00,1310,1310,1310,1310,0
2022-02-01 15:21:00,1310,1310,1310,1310,0
2022-02-01 15:22:00,1310,1310,1310,1310,0
2022-02-01 15:23:00,1310,1310,1310,1310,0
2022-02-01 15:24:00,1310,1310,1310,1310,0
2022-02-01 15:25:00,1310,1310,1310,1310,0
2022-02-01 15:26:00,1310,1310,1310,1310,0
2022-02-01 15:27:00,1310,1310,1310,1310,0
2022-02-01 15:28:00,1310,1310,1310,1310,0
2022-02-01 15:29:00,1310,1310,1310,1310,0
2022-02-01 15:30:00,1310,1310,1310,1310,0
2022-02-01 15:31:00,1310,1310,1310,1310,0
2022-02-01 15:32:00,1310,1310,1310,1310,0
2022-02-01 15:33:00,1310,1310,1310,1310,0
2022-02-01 15:34:00,1310,1310,1310,1310,0
2022-02-01 15:35:00,1310,1310,1310,1310,0
2022-02-01 15:36:00,1310,1310,1310,1310,0
2022-02-01 15:37:00,1310,1310,1310,1310,0
2022-02-01 15:38:00,1310,1310,1310,1310,0
2022-02-01 15:39:00,1310,1310,1310,1310,0
2022-02-01 15:40:00,1310,1310,1310,1310,0
2022-02-01 15:41:00,1310,1310,1310,1310,0
2022-02-01 15:42:00,1310,1310,1310,1310,0
2022-02-01 15:43:00,1310,1310,1310,1310,0
2022-02-01 15:44:00,1310,1310,1310,1310,0
2022-02-01 15:45:00,1310,1310,1310,1310,0
2022-02-01 15:46:00,1310,1310,1310,1310,0
2022-02-01 15:47:00,1310,1310,1310,1310,0
2022-02-01 15:48:00,1310,1310,1310,1310,0
2022-02-01 15:49:00,1310,1310,1310,1310,0
2022-02-01 15:50:00,1310,1310,1310,1310,0
2022-02-01 15:51:00,1310,1310,1310,1310,0
2022-02-01 15:52:00,1310,1310,1310,1310,0
2022-02-01 15:53:00,1310,1310,1310,1310,0
2022-02-01 15:54:00,1310,1310,1310,1310,0
2022-02-01 15:55:00,1310,1310,1310,1310,0
2022-02-01 15:56:00,1310,1310,1310,1310,0
2022-02-01 15:57:00,1310,1310,1310,1310,0
2022-02-01 15:58:00,1310,1310,1310,1310,0
2022-02-01 15:59:00,1310,1310,1310,1310,0
2022-02-02 09:00:00,1300,1290,1310,1310,0
2022-02-02 09:01:00,1310,1290,1310,1300,5100
2022-02-02 09:02:00,1310,1300,1310,1310,301600
2022-02-02 09:03:00,1310,1310,1320,1315,435800
2022-02-02 09:04:00,1315,1310,1325,1320,269500
2022-02-02 09:05:00,1320,1320,1330,1330,455100
2022-02-02 09:06:00,1330,1325,1330,1325,191300
2022-02-02 09:07:00,1325,1310,1325,1315,108600
2022-02-02 09:08:00,1315,1315,1315,1315,8800
2022-02-02 09:09:00,1315,1310,1315,1315,21300
2022-02-02 09:10:00,1315,1315,1315,1315,27400
2022-02-02 09:11:00,1315,1315,1315,1315,35600
2022-02-02 09:12:00,1315,1315,1315,1315,800
2022-02-02 09:13:00,1315,1315,1315,1315,22900
2022-02-02 09:14:00,1315,1315,1315,1315,0
2022-02-02 09:15:00,1315,1315,1315,1315,23800
2022-02-02 09:16:00,1315,1310,1315,1310,700
2022-02-02 09:17:00,1310,1310,1310,1310,5300
2022-02-02 09:18:00,1310,1310,1310,1310,1400
2022-02-02 09:19:00,1315,1315,1315,1315,10000
2022-02-02 09:20:00,1315,1315,1315,1315,10000
2022-02-02 09:21:00,1315,1315,1315,1315,31100
2022-02-02 09:22:00,1315,1315,1315,1315,0
2022-02-02 09:23:00,1315,1315,1315,1315,1000
2022-02-02 09:24:00,1315,1310,1315,1310,36300
2022-02-02 09:25:00,1310,1310,1315,1315,3300
2022-02-02 09:26:00,1310,1310,1315,1315,0
2022-02-02 09:27:00,1315,1315,1315,1315,100
2022-02-02 09:28:00,1310,1310,1315,1315,9300
2022-02-02 09:29:00,1315,1315,1315,1315,1300
2022-02-02 09:30:00,1310,1310,1310,1310,100
2022-02-02 09:31:00,1310,1310,1310,1310,78000
2022-02-02 09:32:00,1310,1310,1310,1310,3000
2022-02-02 09:33:00,1310,1310,1310,1310,1200
2022-02-02 09:34:00,1310,1310,1310,1310,0
2022-02-02 09:35:00,1310,1310,1310,1310,500
2022-02-02 09:36:00,1310,1310,1310,1310,1000
2022-02-02 09:37:00,1310,1310,1310,1310,100
2022-02-02 09:38:00,1310,1310,1310,1310,0
2022-02-02 09:39:00,1310,1310,1310,1310,0
2022-02-02 09:40:00,1310,1310,1310,1310,1200
2022-02-02 09:41:00,1310,1310,1310,1310,20000
2022-02-02 09:42:00,1310,1310,1310,1310,0
2022-02-02 09:43:00,1310,1310,1310,1310,1000
2022-02-02 09:44:00,1310,1310,1310,1310,400
2022-02-02 09:45:00,1315,1315,1320,1320,56500
2022-02-02 09:46:00,1325,1325,1330,1330,499300
2022-02-02 09:47:00,1330,1330,1335,1335,404200
2022-02-02 09:48:00,1335,1335,1340,1340,428000
2022-02-02 09:49:00,1340,1340,1345,1345,136600
2022-02-02 09:50:00,1350,1345,1350,1345,229300
2022-02-02 09:51:00,1345,1310,1350,1315,356600
2022-02-02 09:52:00,1310,1310,1315,1315,639100
2022-02-02 09:53:00,1315,1310,1325,1315,705900
2022-02-02 09:54:00,1315,1305,1315,1305,160000
2022-02-02 09:55:00,1310,1305,1315,1315,55000
2022-02-02 09:56:00,1320,1315,1320,1315,17500
2022-02-02 09:57:00,1315,1315,1315,1315,5000
2022-02-02 09:58:00,1315,1315,1315,1315,0
2022-02-02 09:59:00,1315,1315,1315,1315,1600
2022-02-02 10:00:00,1315,1315,1315,1315,1700
2022-02-02 10:01:00,1315,1315,1315,1315,0
2022-02-02 10:02:00,1315,1315,1315,1315,0
2022-02-02 10:03:00,1315,1315,1315,1315,7300
2022-02-02 10:04:00,1320,1320,1320,1320,4400
2022-02-02 10:05:00,1325,1325,1325,1325,100
2022-02-02 10:06:00,1325,1325,1325,1325,79700
2022-02-02 10:07:00,1320,1320,1325,1325,27000
2022-02-02 10:08:00,1320,1315,1320,1315,404100
2022-02-02 10:09:00,1320,1315,1320,1320,100900
2022-02-02 10:10:00,1325,1325,1325,1325,1000
2022-02-02 10:11:00,1325,1325,1325,1325,0
2022-02-02 10:12:00,1325,1325,1325,1325,800
2022-02-02 10:13:00,1325,1325,1325,1325,0
2022-02-02 10:14:00,1325,1325,1325,1325,0
2022-02-02 10:15:00,1325,1325,1325,1325,1100
2022-02-02 10:16:00,1325,1325,1325,1325,1000
2022-02-02 10:17:00,1325,1325,1325,1325,0
2022-02-02 10:18:00,1325,1325,1325,1325,0
2022-02-02 10:19:00,1325,1315,1330,1315,318800
2022-02-02 10:20:00,1320,1320,1330,1330,363400
2022-02-02 10:21:00,1330,1330,1335,1335,153600
2022-02-02 10:22:00,1335,1335,1335,1335,21700
2022-02-02 10:23:00,1340,1340,1340,1340,1800
2022-02-02 10:24:00,1335,1335,1335,1335,88500
2022-02-02 10:25:00,1335,1335,1340,1340,4000
2022-02-02 10:26:00,1340,1340,1340,1340,500
2022-02-02 10:27:00,1335,1335,1340,1340,100800
2022-02-02 10:28:00,1335,1335,1335,1335,4100
2022-02-02 10:29:00,1335,1335,1335,1335,3400
2022-02-02 10:30:00,1335,1335,1335,1335,600
2022-02-02 10:31:00,1335,1335,1335,1335,82000
2022-02-02 10:32:00,1335,1335,1345,1345,72400
2022-02-02 10:33:00,1340,1340,1345,1345,236300
2022-02-02 10:34:00,1345,1345,1350,1345,347100
2022-02-02 10:35:00,1345,1345,1350,1350,721000
2022-02-02 10:36:00,1350,1350,1355,1355,453600
2022-02-02 10:37:00,1355,1355,1360,1360,245400
2022-02-02 10:38:00,1365,1360,1365,1365,529600
2022-02-02 10:39:00,1365,1365,1370,1370,340900
2022-02-02 10:40:00,1375,1370,1375,1370,199400
2022-02-02 10:41:00,1370,1370,1370,1370,200
2022-02-02 10:42:00,1370,1370,1375,1370,28100
2022-02-02 10:43:00,1370,1360,1375,1360,255300
2022-02-02 10:44:00,1360,1355,1360,1355,105800
2022-02-02 10:45:00,1355,1355,1360,1360,25300
2022-02-02 10:46:00,1360,1355,1360,1355,15000
2022-02-02 10:47:00,1360,1355,1360,1360,24400
2022-02-02 10:48:00,1365,1355,1365,1355,85800
2022-02-02 10:49:00,1355,1355,1355,1355,8800
2022-02-02 10:50:00,1355,1350,1355,1350,2500
2022-02-02 10:51:00,1350,1350,1375,1375,294600
2022-02-02 10:52:00,1380,1375,1390,1390,1481000
2022-02-02 10:53:00,1390,1390,1400,1400,230300
2022-02-02 10:54:00,1400,1375,1400,1380,406500
2022-02-02 10:55:00,1380,1380,1380,1380,39800
2022-02-02 10:56:00,1375,1375,1375,1375,339200
2022-02-02 10:57:00,1375,1370,1375,1370,91100
2022-02-02 10:58:00,1370,1335,1370,1335,813600
2022-02-02 10:59:00,1340,1335,1355,1355,193600
2022-02-02 11:00:00,1340,1335,1340,1340,101600
2022-02-02 11:01:00,1340,1340,1340,1340,2300
2022-02-02 11:02:00,1350,1350,1350,1350,69600
2022-02-02 11:03:00,1350,1345,1350,1345,4100
2022-02-02 11:04:00,1345,1345,1345,1345,13600
2022-02-02 11:05:00,1345,1345,1350,1345,48500
2022-02-02 11:06:00,1345,1340,1345,1340,83100
2022-02-02 11:07:00,1345,1340,1345,1340,21300
2022-02-02 11:08:00,1340,1340,1340,1340,10400
2022-02-02 11:09:00,1340,1340,1340,1340,500
2022-02-02 11:10:00,1340,1340,1340,1340,500
2022-02-02 11:11:00,1340,1330,1340,1330,202700
2022-02-02 11:12:00,1330,1325,1335,1325,133300
2022-02-02 11:13:00,1325,1315,1330,1315,54100
2022-02-02 11:14:00,1315,1315,1325,1325,192600
2022-02-02 11:15:00,1330,1330,1330,1330,7700
2022-02-02 11:16:00,1330,1330,1330,1330,0
2022-02-02 11:17:00,1330,1330,1335,1335,6500
2022-02-02 11:18:00,1335,1335,1335,1335,4400
2022-02-02 11:19:00,1335,1335,1335,1335,0
2022-02-02 11:20:00,1330,1325,1330,1325,34500
2022-02-02 11:21:00,1325,1325,1325,1325,2000
2022-02-02 11:22:00,1335,1325,1335,1330,2200
2022-02-02 11:23:00,1335,1325,1335,1330,0
2022-02-02 11:24:00,1330,1330,1330,1330,3100
2022-02-02 11:25:00,1330,1330,1330,1330,2400
2022-02-02 11:26:00,1330,1320,1335,1325,74100
2022-02-02 11:27:00,1325,1315,1325,1325,330400
2022-02-02 11:28:00,1325,1320,1325,1325,2500
2022-02-02 11:29:00,1320,1320,1320,1320,46000
2022-02-02 11:30:00,1320,1320,1320,1320,0
2022-02-02 11:31:00,1320,1320,1320,1320,0
2022-02-02 11:32:00,1320,1320,1320,1320,0
2022-02-02 11:33:00,1320,1320,1320,1320,0
2022-02-02 11:34:00,1320,1320,1320,1320,0
2022-02-02 11:35:00,1320,1320,1320,1320,0
2022-02-02 11:36:00,1320,1320,1320,1320,0
2022-02-02 11:37:00,1320,1320,1320,1320,0
2022-02-02 11:38:00,1320,1320,1320,1320,0
2022-02-02 11:39:00,1320,1320,1320,1320,0
2022-02-02 11:40:00,1320,1320,1320,1320,0
2022-02-02 11:41:00,1320,1320,1320,1320,0
2022-02-02 11:42:00,1320,1320,1320,1320,0
2022-02-02 11:43:00,1320,1320,1320,1320,0
2022-02-02 11:44:00,1320,1320,1320,1320,0
2022-02-02 11:45:00,1320,1320,1320,1320,0
2022-02-02 11:46:00,1320,1320,1320,1320,0
2022-02-02 11:47:00,1320,1320,1320,1320,0
2022-02-02 11:48:00,1320,1320,1320,1320,0
2022-02-02 11:49:00,1320,1320,1320,1320,0
2022-02-02 11:50:00,1320,1320,1320,1320,0
2022-02-02 11:51:00,1320,1320,1320,1320,0
2022-02-02 11:52:00,1320,1320,1320,1320,0
2022-02-02 11:53:00,1320,1320,1320,1320,0
2022-02-02 11:54:00,1320,1320,1320,1320,0
2022-02-02 11:55:00,1320,1320,1320,1320,0
2022-02-02 11:56:00,1320,1320,1320,1320,0
2022-02-02 11:57:00,1320,1320,1320,1320,0
2022-02-02 11:58:00,1320,1320,1320,1320,0
2022-02-02 11:59:00,1320,1320,1320,1320,0
2022-02-02 12:00:00,1320,1320,1320,1320,0
2022-02-02 12:01:00,1320,1320,1320,1320,0
2022-02-02 12:02:00,1320,1320,1320,1320,0
2022-02-02 12:03:00,1320,1320,1320,1320,0
2022-02-02 12:04:00,1320,1320,1320,1320,0
2022-02-02 12:05:00,1320,1320,1320,1320,0
2022-02-02 12:06:00,1320,1320,1320,1320,0
2022-02-02 12:07:00,1320,1320,1320,1320,0
2022-02-02 12:08:00,1320,1320,1320,1320,0
2022-02-02 12:09:00,1320,1320,1320,1320,0
2022-02-02 12:10:00,1320,1320,1320,1320,0
2022-02-02 12:11:00,1320,1320,1320,1320,0
2022-02-02 12:12:00,1320,1320,1320,1320,0
2022-02-02 12:13:00,1320,1320,1320,1320,0
2022-02-02 12:14:00,1320,1320,1320,1320,0
2022-02-02 12:15:00,1320,1320,1320,1320,0
2022-02-02 12:16:00,1320,1320,1320,1320,0
2022-02-02 12:17:00,1320,1320,1320,1320,0
2022-02-02 12:18:00,1320,1320,1320,1320,0
2022-02-02 12:19:00,1320,1320,1320,1320,0
2022-02-02 12:20:00,1320,1320,1320,1320,0
2022-02-02 12:21:00,1320,1320,1320,1320,0
2022-02-02 12:22:00,1320,1320,1320,1320,0
2022-02-02 12:23:00,1320,1320,1320,1320,0
2022-02-02 12:24:00,1320,1320,1320,1320,0
2022-02-02 12:25:00,1320,1320,1320,1320,0
2022-02-02 12:26:00,1320,1320,1320,1320,0
2022-02-02 12:27:00,1320,1320,1320,1320,0
2022-02-02 12:28:00,1320,1320,1320,1320,0
2022-02-02 12:29:00,1320,1320,1320,1320,0
2022-02-02 12:30:00,1320,1320,1320,1320,0
2022-02-02 12:31:00,1320,1320,1320,1320,0
2022-02-02 12:32:00,1320,1320,1320,1320,0
2022-02-02 12:33:00,1320,1320,1320,1320,0
2022-02-02 12:34:00,1320,1320,1320,1320,0
2022-02-02 12:35:00,1320,1320,1320,1320,0
2022-02-02 12:36:00,1320,1320,1320,1320,0
2022-02-02 12:37:00,1320,1320,1320,1320,0
2022-02-02 12:38:00,1320,1320,1320,1320,0
2022-02-02 12:39:00,1320,1320,1320,1320,0
2022-02-02 12:40:00,1320,1320,1320,1320,0
2022-02-02 12:41:00,1320,1320,1320,1320,0
2022-02-02 12:42:00,1320,1320,1320,1320,0
2022-02-02 12:43:00,1320,1320,1320,1320,0
2022-02-02 12:44:00,1320,1320,1320,1320,0
2022-02-02 12:45:00,1320,1320,1320,1320,0
2022-02-02 12:46:00,1320,1320,1320,1320,0
2022-02-02 12:47:00,1320,1320,1320,1320,0
2022-02-02 12:48:00,1320,1320,1320,1320,0
2022-02-02 12:49:00,1320,1320,1320,1320,0
2022-02-02 12:50:00,1320,1320,1320,1320,0
2022-02-02 12:51:00,1320,1320,1320,1320,0
2022-02-02 12:52:00,1320,1320,1320,1320,0
2022-02-02 12:53:00,1320,1320,1320,1320,0
2022-02-02 12:54:00,1320,1320,1320,1320,0
2022-02-02 12:55:00,1320,1320,1320,1320,0
2022-02-02 12:56:00,1320,1320,1320,1320,0
2022-02-02 12:57:00,1320,1320,1320,1320,0
2022-02-02 12:58:00,1320,1320,1320,1320,0
2022-02-02 12:59:00,1320,1320,1320,1320,0
2022-02-02 13:00:00,1320,1320,1320,1320,0
2022-02-02 13:01:00,1320,1320,1320,1320,0
2022-02-02 13:02:00,1320,1320,1320,1320,0
2022-02-02 13:03:00,1320,1320,1320,1320,0
2022-02-02 13:04:00,1320,1320,1320,1320,0
2022-02-02 13:05:00,1320,1320,1320,1320,0
2022-02-02 13:06:00,1320,1320,1320,1320,0
2022-02-02 13:07:00,1320,1320,1320,1320,0
2022-02-02 13:08:00,1320,1320,1320,1320,0
2022-02-02 13:09:00,1320,1320,1320,1320,0
2022-02-02 13:10:00,1320,1320,1320,1320,0
2022-02-02 13:11:00,1320,1320,1320,1320,0
2022-02-02 13:12:00,1320,1320,1320,1320,0
2022-02-02 13:13:00,1320,1320,1320,1320,0
2022-02-02 13:14:00,1320,1320,1320,1320,0
2022-02-02 13:15:00,1320,1320,1320,1320,0
2022-02-02 13:16:00,1320,1320,1320,1320,0
2022-02-02 13:17:00,1320,1320,1320,1320,0
2022-02-02 13:18:00,1320,1320,1320,1320,0
2022-02-02 13:19:00,1320,1320,1320,1320,0
2022-02-02 13:20:00,1320,1320,1320,1320,0
2022-02-02 13:21:00,1320,1320,1320,1320,0
2022-02-02 13:22:00,1320,1320,1320,1320,0
2022-02-02 13:23:00,1320,1320,1320,1320,0
2022-02-02 13:24:00,1320,1320,1320,1320,0
2022-02-02 13:25:00,1320,1320,1320,1320,0
2022-02-02 13:26:00,1320,1320,1320,1320,0
2022-02-02 13:27:00,1320,1320,1320,1320,0
2022-02-02 13:28:00,1320,1320,1320,1320,0
2022-02-02 13:29:00,1320,1320,1320,1320,0
2022-02-02 13:30:00,1320,1320,1325,1325,24000
2022-02-02 13:31:00,1320,1320,1325,1325,271300
2022-02-02 13:32:00,1325,1325,1325,1325,1100
2022-02-02 13:33:00,1325,1320,1325,1320,1700
2022-02-02 13:34:00,1325,1325,1325,1325,1100
2022-02-02 13:35:00,1325,1320,1325,1325,7600
2022-02-02 13:36:00,1325,1320,1325,1325,0
2022-02-02 13:37:00,1325,1325,1325,1325,19500
2022-02-02 13:38:00,1325,1325,1325,1325,4100
2022-02-02 13:39:00,1325,1325,1330,1330,189000
2022-02-02 13:40:00,1325,1325,1330,1330,10700
2022-02-02 13:41:00,1330,1325,1330,1325,1600
2022-02-02 13:42:00,1330,1325,1330,1325,0
2022-02-02 13:43:00,1330,1325,1330,1325,0
2022-02-02 13:44:00,1325,1325,1325,1325,100
2022-02-02 13:45:00,1325,1325,1325,1325,2400
2022-02-02 13:46:00,1325,1325,1325,1325,1900
2022-02-02 13:47:00,1325,1325,1325,1325,2100
2022-02-02 13:48:00,1325,1325,1325,1325,0
2022-02-02 13:49:00,1325,1325,1325,1325,13900
2022-02-02 13:50:00,1325,1325,1335,1335,272600
2022-02-02 13:51:00,1335,1335,1335,1335,300
2022-02-02 13:52:00,1335,1335,1335,1335,1000
2022-02-02 13:53:00,1335,1335,1335,1335,100
2022-02-02 13:54:00,1335,1335,1335,1335,100
2022-02-02 13:55:00,1330,1330,1330,1330,2800
2022-02-02 13:56:00,1330,1330,1330,1330,4800
2022-02-02 13:57:00,1330,1330,1335,1335,11800
2022-02-02 13:58:00,1330,1330,1330,1330,32400
2022-02-02 13:59:00,1325,1325,1325,1325,17600
2022-02-02 14:00:00,1330,1330,1335,1335,5000
2022-02-02 14:01:00,1335,1335,1340,1335,9400
2022-02-02 14:02:00,1335,1335,1335,1335,500
2022-02-02 14:03:00,1335,1335,1335,1335,0
2022-02-02 14:04:00,1335,1335,1335,1335,13700
2022-02-02 14:05:00,1335,1335,1335,1335,0
2022-02-02 14:06:00,1335,1335,1335,1335,200
2022-02-02 14:07:00,1335,1335,1335,1335,0
2022-02-02 14:08:00,1335,1335,1335,1335,0
2022-02-02 14:09:00,1335,1330,1335,1330,1700
2022-02-02 14:10:00,1335,1330,1335,1330,0
2022-02-02 14:11:00,1330,1315,1330,1315,203800
2022-02-02 14:12:00,1330,1330,1335,1335,74200
2022-02-02 14:13:00,1335,1335,1335,1335,135800
2022-02-02 14:14:00,1335,1335,1335,1335,0
2022-02-02 14:15:00,1330,1330,1330,1330,2200
2022-02-02 14:16:00,1330,1330,1330,1330,0
2022-02-02 14:17:00,1330,1330,1330,1330,10000
2022-02-02 14:18:00,1330,1330,1330,1330,3700
2022-02-02 14:19:00,1330,1330,1330,1330,300
2022-02-02 14:20:00,1330,1330,1330,1330,5100
2022-02-02 14:21:00,1325,1325,1330,1330,11500
2022-02-02 14:22:00,1325,1325,1325,1325,2100
2022-02-02 14:23:00,1325,1325,1325,1325,0
2022-02-02 14:24:00,1320,1320,1320,1320,100
2022-02-02 14:25:00,1320,1320,1320,1320,0
2022-02-02 14:26:00,1320,1320,1320,1320,4700
2022-02-02 14:27:00,1320,1315,1320,1315,114800
2022-02-02 14:28:00,1315,1310,1315,1310,268200
2022-02-02 14:29:00,1310,1310,1315,1315,8300
2022-02-02 14:30:00,1315,1315,1315,1315,5200
2022-02-02 14:31:00,1315,1315,1315,1315,2100
2022-02-02 14:32:00,1315,1315,1315,1315,0
2022-02-02 14:33:00,1325,1325,1325,1325,100
2022-02-02 14:34:00,1315,1315,1315,1315,20000
2022-02-02 14:35:00,1315,1315,1315,1315,0
2022-02-02 14:36:00,1315,1315,1315,1315,1000
2022-02-02 14:37:00,1315,1315,1320,1320,1600
2022-02-02 14:38:00,1315,1315,1320,1320,5300
2022-02-02 14:39:00,1320,1320,1320,1320,100
2022-02-02 14:40:00,1315,1315,1315,1315,1100
2022-02-02 14:41:00,1315,1315,1315,1315,8800
2022-02-02 14:42:00,1315,1315,1315,1315,3600
2022-02-02 14:43:00,1315,1315,1315,1315,3500
2022-02-02 14:44:00,1315,1315,1315,1315,10000
2022-02-02 14:45:00,1315,1315,1315,1315,500
2022-02-02 14:46:00,1315,1315,1315,1315,100
2022-02-02 14:47:00,1315,1315,1315,1315,0
2022-02-02 14:48:00,1320,1315,1320,1320,44700
2022-02-02 14:49:00,1325,1325,1330,1330,45800
2022-02-02 14:50:00,1325,1325,1330,1330,0
2022-02-02 14:51:00,1325,1325,1330,1330,0
2022-02-02 14:52:00,1325,1325,1330,1330,0
2022-02-02 14:53:00,1325,1325,1330,1330,0
2022-02-02 14:54:00,1325,1325,1330,1330,0
2022-02-02 14:55:00,1325,1325,1330,1330,0
2022-02-02 14:56:00,1325,1325,1330,1330,0
2022-02-02 14:57:00,1325,1325,1330,1330,0
2022-02-02 14:58:00,1325,1325,1330,1330,0
2022-02-02 14:59:00,1325,1325,1330,1330,0
2022-02-02 15:00:00,1325,1325,1325,1325,139300
2022-02-02 15:01:00,1325,1325,1325,1325,58900
2022-02-02 15:02:00,1325,1325,1325,1325,40300
2022-02-02 15:03:00,1325,1325,1325,1325,12600
2022-02-02 15:04:00,1325,1325,1325,1325,120900
2022-02-02 15:05:00,1325,1325,1325,1325,0
2022-02-02 15:06:00,1325,1325,1325,1325,0
2022-02-02 15:07:00,1325,1325,1325,1325,1000
2022-02-02 15:08:00,1325,1325,1325,1325,0
2022-02-02 15:09:00,1325,1325,1325,1325,0
2022-02-02 15:10:00,1325,1325,1325,1325,0
2022-02-02 15:11:00,1325,1325,1325,1325,100
2022-02-02 15:12:00,1325,1325,1325,1325,0
2022-02-02 15:13:00,1325,1325,1325,1325,0
2022-02-02 15:14:00,1325,1325,1325,1325,0
2022-02-02 15:15:00,1325,1325,1325,1325,0
2022-02-02 15:16:00,1325,1325,1325,1325,0
2022-02-02 15:17:00,1325,1325,1325,1325,0
2022-02-02 15:18:00,1325,1325,1325,1325,0
2022-02-02 15:19:00,1325,1325,1325,1325,0
2022-02-02 15:20:00,1325,1325,1325,1325,0
2022-02-02 15:21:00,1325,1325,1325,1325,0
2022-02-02 15:22:00,1325,1325,1325,1325,0
2022-02-02 15:23:00,1325,1325,1325,1325,0
2022-02-02 15:24:00,1325,1325,1325,1325,0
2022-02-02 15:25:00,1325,1325,1325,1325,0
2022-02-02 15:26:00,1325,1325,1325,1325,0
2022-02-02 15:27:00,1325,1325,1325,1325,0
2022-02-02 15:28:00,1325,1325,1325,1325,0
2022-02-02 15:29:00,1325,1325,1325,1325,0
2022-02-02 15:30:00,1325,1325,1325,1325,0
2022-02-02 15:31:00,1325,1325,1325,1325,0
2022-02-02 15:32:00,1325,1325,1325,1325,0
2022-02-02 15:33:00,1325,1325,1325,1325,0
2022-02-02 15:34:00,1325,1325,1325,1325,0
2022-02-02 15:35:00,1325,1325,1325,1325,0
2022-02-02 15:36:00,1325,1325,1325,1325,0
2022-02-02 15:37:00,1325,1325,1325,1325,0
2022-02-02 15:38:00,1325,1325,1325,1325,0
2022-02-02 15:39:00,1325,1325,1325,1325,0
2022-02-02 15:40:00,1325,1325,1325,1325,0
2022-02-02 15:41:00,1325,1325,1325,1325,0
2022-02-02 15:42:00,1325,1325,1325,1325,0
2022-02-02 15:43:00,1325,1325,1325,1325,0
2022-02-02 15:44:00,1325,1325,1325,1325,0
2022-02-02 15:45:00,1325,1325,1325,1325,0
2022-02-02 15:46:00,1325,1325,1325,1325,0
2022-02-02 15:47:00,1325,1325,1325,1325,0
2022-02-02 15:48:00,1325,1325,1325,1325,0
2022-02-02 15:49:00,1325,1325,1325,1325,0
2022-02-02 15:50:00,1325,1325,1325,1325,0
2022-02-02 15:51:00,1325,1325,1325,1325,0
2022-02-02 15:52:00,1325,1325,1325,1325,0
2022-02-02 15:53:00,1325,1325,1325,1325,0
2022-02-02 15:54:00,1325,1325,1325,1325,0
2022-02-02 15:55:00,1325,1325,1325,1325,0
2022-02-02 15:56:00,1325,1325,1325,1325,0
2022-02-02 15:57:00,1325,1325,1325,1325,0
2022-02-02 15:58:00,1325,1325,1325,1325,0
2022-02-02 15:59:00,1325,1325,1325,1325,0
2022-02-03 09:00:00,1325,1300,1325,1320,0
2022-02-03 09:01:00,1305,1300,1305,1305,19800
2022-02-03 09:02:00,1305,1300,1310,1305,29700
2022-02-03 09:03:00,1300,1300,1310,1300,22600
2022-02-03 09:04:00,1300,1300,1310,1305,70300
2022-02-03 09:05:00,1305,1305,1305,1305,134200
2022-02-03 09:06:00,1305,1295,1305,1295,279900
2022-02-03 09:07:00,1295,1285,1295,1290,363200
2022-02-03 09:08:00,1285,1280,1285,1285,102300
2022-02-03 09:09:00,1280,1280,1290,1285,89700
2022-02-03 09:10:00,1285,1280,1290,1290,21300
2022-02-03 09:11:00,1285,1280,1285,1280,70000
2022-02-03 09:12:00,1280,1280,1285,1280,24900
2022-02-03 09:13:00,1285,1280,1285,1280,49500
2022-02-03 09:14:00,1280,1280,1285,1285,8100
2022-02-03 09:15:00,1285,1280,1285,1280,28400
2022-02-03 09:16:00,1280,1275,1285,1275,197300
2022-02-03 09:17:00,1280,1275,1280,1275,9400
2022-02-03 09:18:00,1280,1275,1280,1275,69200
2022-02-03 09:19:00,1275,1270,1275,1270,62500
2022-02-03 09:20:00,1270,1265,1270,1270,53500
2022-02-03 09:21:00,1275,1275,1275,1275,20900
2022-02-03 09:22:00,1275,1275,1275,1275,17100
2022-02-03 09:23:00,1270,1265,1275,1265,60900
2022-02-03 09:24:00,1265,1260,1265,1260,59400
2022-02-03 09:25:00,1260,1260,1270,1260,103300
2022-02-03 09:26:00,1260,1260,1265,1265,90300
2022-02-03 09:27:00,1265,1265,1275,1275,45400
2022-02-03 09:28:00,1280,1275,1280,1275,238500
2022-02-03 09:29:00,1275,1275,1280,1280,61800
2022-02-03 09:30:00,1275,1270,1275,1270,32900
2022-02-03 09:31:00,1270,1270,1275,1270,14200
2022-02-03 09:32:00,1270,1270,1270,1270,6000
2022-02-03 09:33:00,1265,1265,1265,1265,34200
2022-02-03 09:34:00,1265,1265,1265,1265,4300
2022-02-03 09:35:00,1265,1265,1265,1265,10500
2022-02-03 09:36:00,1265,1260,1265,1260,15900
2022-02-03 09:37:00,1260,1260,1260,1260,13100
2022-02-03 09:38:00,1265,1265,1265,1265,3000
2022-02-03 09:39:00,1265,1260,1265,1260,6300
2022-02-03 09:40:00,1260,1260,1260,1260,9600
2022-02-03 09:41:00,1260,1260,1260,1260,5100
2022-02-03 09:42:00,1265,1265,1265,1265,39800
2022-02-03 09:43:00,1265,1260,1265,1265,7100
2022-02-03 09:44:00,1265,1265,1265,1265,75000
2022-02-03 09:45:00,1265,1260,1265,1260,7400
2022-02-03 09:46:00,1260,1260,1260,1260,15200
2022-02-03 09:47:00,1260,1260,1260,1260,46600
2022-02-03 09:48:00,1260,1260,1270,1270,24000
2022-02-03 09:49:00,1270,1270,1270,1270,200
2022-02-03 09:50:00,1270,1265,1270,1265,13000
2022-02-03 09:51:00,1265,1260,1265,1260,33100
2022-02-03 09:52:00,1260,1260,1265,1265,300
2022-02-03 09:53:00,1260,1255,1260,1260,2200
2022-02-03 09:54:00,1255,1255,1260,1255,7300
2022-02-03 09:55:00,1255,1255,1255,1255,15900
2022-02-03 09:56:00,1255,1255,1255,1255,83300
2022-02-03 09:57:00,1255,1255,1260,1260,23500
2022-02-03 09:58:00,1255,1250,1255,1250,63200
2022-02-03 09:59:00,1255,1250,1255,1255,68300
2022-02-03 10:00:00,1250,1250,1255,1255,33000
2022-02-03 10:01:00,1250,1250,1255,1250,71600
2022-02-03 10:02:00,1250,1250,1255,1250,75000
2022-02-03 10:03:00,1250,1250,1250,1250,3100
2022-02-03 10:04:00,1245,1240,1250,1240,285000
2022-02-03 10:05:00,1240,1240,1240,1240,77400
2022-02-03 10:06:00,1240,1240,1245,1245,52100
2022-02-03 10:07:00,1245,1245,1245,1245,9400
2022-02-03 10:08:00,1245,1245,1245,1245,4300
2022-02-03 10:09:00,1245,1245,1250,1250,18900
2022-02-03 10:10:00,1250,1245,1250,1245,3100
2022-02-03 10:11:00,1245,1245,1245,1245,20500
2022-02-03 10:12:00,1240,1240,1240,1240,200
2022-02-03 10:13:00,1240,1240,1240,1240,17500
2022-02-03 10:14:00,1240,1240,1245,1245,31000
2022-02-03 10:15:00,1240,1240,1240,1240,700
2022-02-03 10:16:00,1240,1240,1240,1240,24100
2022-02-03 10:17:00,1240,1240,1240,1240,76300
2022-02-03 10:18:00,1240,1240,1245,1245,15700
2022-02-03 10:19:00,1240,1235,1245,1235,131300
2022-02-03 10:20:00,1235,1235,1240,1240,9800
2022-02-03 10:21:00,1235,1235,1240,1240,40800
2022-02-03 10:22:00,1240,1235,1240,1235,49100
2022-02-03 10:23:00,1240,1240,1240,1240,21000
2022-02-03 10:24:00,1235,1235,1240,1235,17400
2022-02-03 10:25:00,1240,1235,1240,1235,40700
2022-02-03 10:26:00,1235,1235,1235,1235,31500
2022-02-03 10:27:00,1240,1235,1240,1235,13800
2022-02-03 10:28:00,1235,1235,1235,1235,22300
2022-02-03 10:29:00,1235,1235,1240,1235,13000
2022-02-03 10:30:00,1235,1235,1235,1235,300
2022-02-03 10:31:00,1235,1235,1240,1240,48200
2022-02-03 10:32:00,1240,1240,1240,1240,3300
2022-02-03 10:33:00,1240,1240,1240,1240,69600
2022-02-03 10:34:00,1245,1245,1245,1245,8800
2022-02-03 10:35:00,1245,1245,1245,1245,2900
2022-02-03 10:36:00,1245,1240,1245,1240,1900
2022-02-03 10:37:00,1245,1245,1245,1245,8800
2022-02-03 10:38:00,1250,1245,1250,1245,8900
2022-02-03 10:39:00,1245,1245,1245,1245,100
2022-02-03 10:40:00,1245,1245,1245,1245,1400
2022-02-03 10:41:00,1245,1240,1250,1250,16200
2022-02-03 10:42:00,1240,1240,1240,1240,2000
2022-02-03 10:43:00,1240,1240,1240,1240,5600
2022-02-03 10:44:00,1245,1245,1245,1245,200
2022-02-03 10:45:00,1240,1240,1245,1245,31700
2022-02-03 10:46:00,1240,1240,1245,1245,5900
2022-02-03 10:47:00,1240,1240,1245,1245,0
2022-02-03 10:48:00,1240,1240,1245,1245,0
2022-02-03 10:49:00,1245,1245,1245,1245,12500
2022-02-03 10:50:00,1245,1245,1245,1245,15100
2022-02-03 10:51:00,1245,1245,1245,1245,200
2022-02-03 10:52:00,1245,1240,1245,1240,31000
2022-02-03 10:53:00,1240,1240,1245,1240,23700
2022-02-03 10:54:00,1240,1240,1245,1240,0
2022-02-03 10:55:00,1245,1245,1245,1245,1200
2022-02-03 10:56:00,1245,1245,1245,1245,1800
2022-02-03 10:57:00,1245,1245,1245,1245,0
2022-02-03 10:58:00,1245,1245,1245,1245,500
2022-02-03 10:59:00,1245,1245,1245,1245,0
2022-02-03 11:00:00,1245,1245,1245,1245,100
2022-02-03 11:01:00,1245,1240,1245,1240,1700
2022-02-03 11:02:00,1245,1240,1245,1240,0
2022-02-03 11:03:00,1240,1240,1245,1245,2000
2022-02-03 11:04:00,1245,1245,1245,1245,100
2022-02-03 11:05:00,1240,1240,1240,1240,33800
2022-02-03 11:06:00,1240,1240,1240,1240,0
2022-02-03 11:07:00,1240,1240,1240,1240,0
2022-02-03 11:08:00,1240,1235,1240,1240,113600
2022-02-03 11:09:00,1235,1235,1235,1235,16000
2022-02-03 11:10:00,1235,1235,1235,1235,100
2022-02-03 11:11:00,1235,1235,1240,1240,153500
2022-02-03 11:12:00,1245,1245,1245,1245,800
2022-02-03 11:13:00,1245,1245,1245,1245,5300
2022-02-03 11:14:00,1245,1245,1245,1245,2000
2022-02-03 11:15:00,1245,1245,1245,1245,13300
2022-02-03 11:16:00,1245,1245,1245,1245,0
2022-02-03 11:17:00,1245,1245,1245,1245,0
2022-02-03 11:18:00,1245,1245,1245,1245,0
2022-02-03 11:19:00,1245,1245,1245,1245,0
2022-02-03 11:20:00,1245,1240,1245,1240,8100
2022-02-03 11:21:00,1245,1245,1245,1245,20000
2022-02-03 11:22:00,1240,1240,1240,1240,100
2022-02-03 11:23:00,1240,1240,1240,1240,0
2022-02-03 11:24:00,1240,1240,1240,1240,0
2022-02-03 11:25:00,1240,1240,1240,1240,0
2022-02-03 11:26:00,1240,1240,1240,1240,0
2022-02-03 11:27:00,1240,1240,1240,1240,19900
2022-02-03 11:28:00,1245,1245,1245,1245,100
2022-02-03 11:29:00,1240,1240,1240,1240,4300
2022-02-03 11:30:00,1240,1240,1240,1240,0
2022-02-03 11:31:00,1240,1240,1240,1240,0
2022-02-03 11:32:00,1240,1240,1240,1240,0
2022-02-03 11:33:00,1240,1240,1240,1240,0
2022-02-03 11:34:00,1240,1240,1240,1240,0
2022-02-03 11:35:00,1240,1240,1240,1240,0
2022-02-03 11:36:00,1240,1240,1240,1240,0
2022-02-03 11:37:00,1240,1240,1240,1240,0
2022-02-03 11:38:00,1240,1240,1240,1240,0
2022-02-03 11:39:00,1240,1240,1240,1240,0
2022-02-03 11:40:00,1240,1240,1240,1240,0
2022-02-03 11:41:00,1240,1240,1240,1240,0
2022-02-03 11:42:00,1240,1240,1240,1240,0
2022-02-03 11:43:00,1240,1240,1240,1240,0
2022-02-03 11:44:00,1240,1240,1240,1240,0
2022-02-03 11:45:00,1240,1240,1240,1240,0
2022-02-03 11:46:00,1240,1240,1240,1240,0
2022-02-03 11:47:00,1240,1240,1240,1240,0
2022-02-03 11:48:00,1240,1240,1240,1240,0
2022-02-03 11:49:00,1240,1240,1240,1240,0
2022-02-03 11:50:00,1240,1240,1240,1240,0
2022-02-03 11:51:00,1240,1240,1240,1240,0
2022-02-03 11:52:00,1240,1240,1240,1240,0
2022-02-03 11:53:00,1240,1240,1240,1240,0
2022-02-03 11:54:00,1240,1240,1240,1240,0
2022-02-03 11:55:00,1240,1240,1240,1240,0
2022-02-03 11:56:00,1240,1240,1240,1240,0
2022-02-03 11:57:00,1240,1240,1240,1240,0
2022-02-03 11:58:00,1240,1240,1240,1240,0
2022-02-03 11:59:00,1240,1240,1240,1240,0
2022-02-03 12:00:00,1240,1240,1240,1240,0
2022-02-03 12:01:00,1240,1240,1240,1240,0
2022-02-03 12:02:00,1240,1240,1240,1240,0
2022-02-03 12:03:00,1240,1240,1240,1240,0
2022-02-03 12:04:00,1240,1240,1240,1240,0
2022-02-03 12:05:00,1240,1240,1240,1240,0
2022-02-03 12:06:00,1240,1240,1240,1240,0
2022-02-03 12:07:00,1240,1240,1240,1240,0
2022-02-03 12:08:00,1240,1240,1240,1240,0
2022-02-03 12:09:00,1240,1240,1240,1240,0
2022-02-03 12:10:00,1240,1240,1240,1240,0
2022-02-03 12:11:00,1240,1240,1240,1240,0
2022-02-03 12:12:00,1240,1240,1240,1240,0
2022-02-03 12:13:00,1240,1240,1240,1240,0
2022-02-03 12:14:00,1240,1240,1240,1240,0
2022-02-03 12:15:00,1240,1240,1240,1240,0
2022-02-03 12:16:00,1240,1240,1240,1240,0
2022-02-03 12:17:00,1240,1240,1240,1240,0
2022-02-03 12:18:00,1240,1240,1240,1240,0
2022-02-03 12:19:00,1240,1240,1240,1240,0
2022-02-03 12:20:00,1240,1240,1240,1240,0
2022-02-03 12:21:00,1240,1240,1240,1240,0
2022-02-03 12:22:00,1240,1240,1240,1240,0
2022-02-03 12:23:00,1240,1240,1240,1240,0
2022-02-03 12:24:00,1240,1240,1240,1240,0
2022-02-03 12:25:00,1240,1240,1240,1240,0
2022-02-03 12:26:00,1240,1240,1240,1240,0
2022-02-03 12:27:00,1240,1240,1240,1240,0
2022-02-03 12:28:00,1240,1240,1240,1240,0
2022-02-03 12:29:00,1240,1240,1240,1240,0
2022-02-03 12:30:00,1240,1240,1240,1240,0
2022-02-03 12:31:00,1240,1240,1240,1240,0
2022-02-03 12:32:00,1240,1240,1240,1240,0
2022-02-03 12:33:00,1240,1240,1240,1240,0
2022-02-03 12:34:00,1240,1240,1240,1240,0
2022-02-03 12:35:00,1240,1240,1240,1240,0
2022-02-03 12:36:00,1240,1240,1240,1240,0
2022-02-03 12:37:00,1240,1240,1240,1240,0
2022-02-03 12:38:00,1240,1240,1240,1240,0
2022-02-03 12:39:00,1240,1240,1240,1240,0
2022-02-03 12:40:00,1240,1240,1240,1240,0
2022-02-03 12:41:00,1240,1240,1240,1240,0
2022-02-03 12:42:00,1240,1240,1240,1240,0
2022-02-03 12:43:00,1240,1240,1240,1240,0
2022-02-03 12:44:00,1240,1240,1240,1240,0
2022-02-03 12:45:00,1240,1240,1240,1240,0
2022-02-03 12:46:00,1240,1240,1240,1240,0
2022-02-03 12:47:00,1240,1240,1240,1240,0
2022-02-03 12:48:00,1240,1240,1240,1240,0
2022-02-03 12:49:00,1240,1240,1240,1240,0
2022-02-03 12:50:00,1240,1240,1240,1240,0
2022-02-03 12:51:00,1240,1240,1240,1240,0
2022-02-03 12:52:00,1240,1240,1240,1240,0
2022-02-03 12:53:00,1240,1240,1240,1240,0
2022-02-03 12:54:00,1240,1240,1240,1240,0
2022-02-03 12:55:00,1240,1240,1240,1240,0
2022-02-03 12:56:00,1240,1240,1240,1240,0
2022-02-03 12:57:00,1240,1240,1240,1240,0
2022-02-03 12:58:00,1240,1240,1240,1240,0
2022-02-03 12:59:00,1240,1240,1240,1240,0
2022-02-03 13:00:00,1240,1240,1240,1240,0
2022-02-03 13:01:00,1240,1240,1240,1240,0
2022-02-03 13:02:00,1240,1240,1240,1240,0
2022-02-03 13:03:00,1240,1240,1240,1240,0
2022-02-03 13:04:00,1240,1240,1240,1240,0
2022-02-03 13:05:00,1240,1240,1240,1240,0
2022-02-03 13:06:00,1240,1240,1240,1240,0
2022-02-03 13:07:00,1240,1240,1240,1240,0
2022-02-03 13:08:00,1240,1240,1240,1240,0
2022-02-03 13:09:00,1240,1240,1240,1240,0
2022-02-03 13:10:00,1240,1240,1240,1240,0
2022-02-03 13:11:00,1240,1240,1240,1240,0
2022-02-03 13:12:00,1240,1240,1240,1240,0
2022-02-03 13:13:00,1240,1240,1240,1240,0
2022-02-03 13:14:00,1240,1240,1240,1240,0
2022-02-03 13:15:00,1240,1240,1240,1240,0
2022-02-03 13:16:00,1240,1240,1240,1240,0
2022-02-03 13:17:00,1240,1240,1240,1240,0
2022-02-03 13:18:00,1240,1240,1240,1240,0
2022-02-03 13:19:00,1240,1240,1240,1240,0
2022-02-03 13:20:00,1240,1240,1240,1240,0
2022-02-03 13:21:00,1240,1240,1240,1240,0
2022-02-03 13:22:00,1240,1240,1240,1240,0
2022-02-03 13:23:00,1240,1240,1240,1240,0
2022-02-03 13:24:00,1240,1240,1240,1240,0
2022-02-03 13:25:00,1240,1240,1240,1240,0
2022-02-03 13:26:00,1240,1240,1240,1240,0
2022-02-03 13:27:00,1240,1240,1240,1240,0
2022-02-03 13:28:00,1240,1240,1240,1240,0
2022-02-03 13:29:00,1240,1240,1240,1240,0
2022-02-03 13:30:00,1240,1240,1245,1240,27400
2022-02-03 13:31:00,1240,1235,1240,1235,121900
2022-02-03 13:32:00,1235,1235,1240,1235,249100
2022-02-03 13:33:00,1235,1235,1235,1235,643800
2022-02-03 13:34:00,1235,1235,1235,1235,19000
2022-02-03 13:35:00,1235,1235,1235,1235,28700
2022-02-03 13:36:00,1235,1235,1235,1235,10000
2022-02-03 13:37:00,1235,1235,1235,1235,100
2022-02-03 13:38:00,1235,1235,1235,1235,6600
2022-02-03 13:39:00,1235,1235,1235,1235,200
2022-02-03 13:40:00,1235,1235,1235,1235,9900
2022-02-03 13:41:00,1235,1235,1235,1235,0
2022-02-03 13:42:00,1235,1235,1235,1235,0
2022-02-03 13:43:00,1235,1235,1235,1235,1000
2022-02-03 13:44:00,1235,1235,1235,1235,500
2022-02-03 13:45:00,1235,1235,1235,1235,0
2022-02-03 13:46:00,1235,1235,1235,1235,0
2022-02-03 13:47:00,1235,1235,1235,1235,400
2022-02-03 13:48:00,1235,1235,1235,1235,10100
2022-02-03 13:49:00,1235,1235,1235,1235,0
2022-02-03 13:50:00,1235,1235,1235,1235,100000
2022-02-03 13:51:00,1235,1235,1235,1235,100
2022-02-03 13:52:00,1235,1235,1235,1235,135500
2022-02-03 13:53:00,1235,1235,1235,1235,230300
2022-02-03 13:54:00,1235,1235,1235,1235,227500
2022-02-03 13:55:00,1235,1235,1240,1235,51200
2022-02-03 13:56:00,1235,1235,1235,1235,15600
2022-02-03 13:57:00,1235,1235,1235,1235,14200
2022-02-03 13:58:00,1235,1235,1235,1235,2000
2022-02-03 13:59:00,1235,1235,1235,1235,33100
2022-02-03 14:00:00,1235,1235,1235,1235,33600
2022-02-03 14:01:00,1235,1235,1235,1235,16000
2022-02-03 14:02:00,1235,1235,1235,1235,1500
2022-02-03 14:03:00,1235,1235,1235,1235,182900
2022-02-03 14:04:00,1235,1235,1235,1235,529000
2022-02-03 14:05:00,1235,1235,1235,1235,190800
2022-02-03 14:06:00,1235,1235,1235,1235,381000
2022-02-03 14:07:00,1235,1235,1240,1240,1194400
2022-02-03 14:08:00,1240,1235,1240,1235,89600
2022-02-03 14:09:00,1235,1235,1235,1235,49500
2022-02-03 14:10:00,1235,1235,1235,1235,18900
2022-02-03 14:11:00,1235,1235,1240,1240,44000
2022-02-03 14:12:00,1240,1240,1245,1245,212700
2022-02-03 14:13:00,1250,1240,1250,1250,213300
2022-02-03 14:14:00,1250,1235,1250,1245,26900
2022-02-03 14:15:00,1245,1245,1245,1245,1900
2022-02-03 14:16:00,1245,1245,1245,1245,1500
2022-02-03 14:17:00,1245,1245,1245,1245,5900
2022-02-03 14:18:00,1245,1240,1245,1240,41500
2022-02-03 14:19:00,1240,1235,1240,1235,10000
2022-02-03 14:20:00,1235,1235,1235,1235,66300
2022-02-03 14:21:00,1235,1235,1235,1235,52900
2022-02-03 14:22:00,1235,1235,1235,1235,200
2022-02-03 14:23:00,1235,1235,1235,1235,14300
2022-02-03 14:24:00,1235,1235,1235,1235,8300
2022-02-03 14:25:00,1235,1235,1235,1235,25900
2022-02-03 14:26:00,1235,1235,1235,1235,500
2022-02-03 14:27:00,1235,1235,1235,1235,100
2022-02-03 14:28:00,1235,1235,1235,1235,0
2022-02-03 14:29:00,1235,1235,1235,1235,3100
2022-02-03 14:30:00,1235,1235,1235,1235,800
2022-02-03 14:31:00,1235,1235,1235,1235,226100
2022-02-03 14:32:00,1235,1235,1235,1235,114500
2022-02-03 14:33:00,1235,1235,1235,1235,12000
2022-02-03 14:34:00,1235,1235,1235,1235,77200
2022-02-03 14:35:00,1235,1235,1235,1235,27700
2022-02-03 14:36:00,1235,1235,1235,1235,21000
2022-02-03 14:37:00,1235,1235,1235,1235,1300
2022-02-03 14:38:00,1235,1235,1235,1235,100
2022-02-03 14:39:00,1235,1235,1235,1235,200
2022-02-03 14:40:00,1235,1235,1235,1235,25000
2022-02-03 14:41:00,1235,1235,1235,1235,6100
2022-02-03 14:42:00,1235,1235,1235,1235,500
2022-02-03 14:43:00,1235,1235,1235,1235,500
2022-02-03 14:44:00,1235,1235,1235,1235,0
2022-02-03 14:45:00,1235,1235,1235,1235,0
2022-02-03 14:46:00,1235,1235,1235,1235,2000
2022-02-03 14:47:00,1235,1235,1235,1235,17000
2022-02-03 14:48:00,1235,1235,1235,1235,3600
2022-02-03 14:49:00,1235,1235,1235,1235,100
2022-02-03 14:50:00,1235,1235,1235,1235,0
2022-02-03 14:51:00,1235,1235,1235,1235,0
2022-02-03 14:52:00,1235,1235,1235,1235,0
2022-02-03 14:53:00,1235,1235,1235,1235,0
2022-02-03 14:54:00,1235,1235,1235,1235,0
2022-02-03 14:55:00,1235,1235,1235,1235,0
2022-02-03 14:56:00,1235,1235,1235,1235,0
2022-02-03 14:57:00,1235,1235,1235,1235,0
2022-02-03 14:58:00,1235,1235,1235,1235,0
2022-02-03 14:59:00,1235,1235,1235,1235,0
2022-02-03 15:00:00,1235,1235,1235,1235,18800
2022-02-03 15:01:00,1235,1235,1235,1235,12500
2022-02-03 15:02:00,1235,1235,1235,1235,200000
2022-02-03 15:03:00,1235,1235,1235,1235,1200
2022-02-03 15:04:00,1235,1235,1235,1235,0
2022-02-03 15:05:00,1235,1235,1235,1235,400
2022-02-03 15:06:00,1235,1235,1235,1235,0
2022-02-03 15:07:00,1235,1235,1235,1235,0
2022-02-03 15:08:00,1235,1235,1235,1235,200
2022-02-03 15:09:00,1235,1235,1235,1235,0
2022-02-03 15:10:00,1235,1235,1235,1235,0
2022-02-03 15:11:00,1235,1235,1235,1235,0
2022-02-03 15:12:00,1235,1235,1235,1235,11235400
2022-02-03 15:13:00,1235,1235,1235,1235,0
2022-02-03 15:14:00,1235,1235,1235,1235,0
2022-02-03 15:15:00,1235,1235,1235,1235,0
2022-02-03 15:16:00,1235,1235,1235,1235,0
2022-02-03 15:17:00,1235,1235,1235,1235,0
2022-02-03 15:18:00,1235,1235,1235,1235,0
2022-02-03 15:19:00,1235,1235,1235,1235,0
2022-02-03 15:20:00,1235,1235,1235,1235,0
2022-02-03 15:21:00,1235,1235,1235,1235,0
2022-02-03 15:22:00,1235,1235,1235,1235,0
2022-02-03 15:23:00,1235,1235,1235,1235,0
2022-02-03 15:24:00,1235,1235,1235,1235,0
2022-02-03 15:25:00,1235,1235,1235,1235,0
2022-02-03 15:26:00,1235,1235,1235,1235,0
2022-02-03 15:27:00,1235,1235,1235,1235,0
2022-02-03 15:28:00,1235,1235,1235,1235,0
2022-02-03 15:29:00,1235,1235,1235,1235,0
2022-02-03 15:30:00,1235,1235,1235,1235,0
2022-02-03 15:31:00,1235,1235,1235,1235,0
2022-02-03 15:32:00,1235,1235,1235,1235,0
2022-02-03 15:33:00,1235,1235,1235,1235,0
2022-02-03 15:34:00,1235,1235,1235,1235,0
2022-02-03 15:35:00,1235,1235,1235,1235,0
2022-02-03 15:36:00,1235,1235,1235,1235,0
2022-02-03 15:37:00,1235,1235,1235,1235,0
2022-02-03 15:38:00,1235,1235,1235,1235,0
2022-02-03 15:39:00,1235,1235,1235,1235,0
2022-02-03 15:40:00,1235,1235,1235,1235,0
2022-02-03 15:41:00,1235,1235,1235,1235,0
2022-02-03 15:42:00,1235,1235,1235,1235,0
2022-02-03 15:43:00,1235,1235,1235,1235,0
2022-02-03 15:44:00,1235,1235,1235,1235,0
2022-02-03 15:45:00,1235,1235,1235,1235,0
2022-02-03 15:46:00,1235,1235,1235,1235,0
2022-02-03 15:47:00,1235,1235,1235,1235,0
2022-02-03 15:48:00,1235,1235,1235,1235,0
2022-02-03 15:49:00,1235,1235,1235,1235,0
2022-02-03 15:50:00,1235,1235,1235,1235,0
2022-02-03 15:51:00,1235,1235,1235,1235,0
2022-02-03 15:52:00,1235,1235,1235,1235,0
2022-02-03 15:53:00,1235,1235,1235,1235,0
2022-02-03 15:54:00,1235,1235,1235,1235,0
2022-02-03 15:55:00,1235,1235,1235,1235,0
2022-02-03 15:56:00,1235,1235,1235,1235,0
2022-02-03 15:57:00,1235,1235,1235,1235,0
2022-02-03 15:58:00,1235,1235,1235,1235,0
2022-02-03 15:59:00,1235,1235,1235,1235,0
2022-02-04 09:00:00,1225,1150,1225,1175,0
2022-02-04 09:01:00,1180,1155,1180,1155,360000
2022-02-04 09:02:00,1155,1150,1175,1150,894800
2022-02-04 09:03:00,1150,1150,1155,1155,285100
2022-02-04 09:04:00,1150,1150,1165,1155,156000
2022-02-04 09:05:00,1155,1150,1165,1150,314800
2022-02-04 09:06:00,1155,1150,1155,1155,108800
2022-02-04 09:07:00,1150,1150,1155,1150,175300
2022-02-04 09:08:00,1150,1150,1150,1150,55200
2022-02-04 09:09:00,1150,1150,1155,1150,60700
2022-02-04 09:10:00,1150,1150,1155,1150,63300
2022-02-04 09:11:00,1150,1150,1165,1165,170100
2022-02-04 09:12:00,1165,1160,1170,1170,86800
2022-02-04 09:13:00,1170,1165,1175,1175,162800
2022-02-04 09:14:00,1175,1170,1175,1175,17500
2022-02-04 09:15:00,1180,1180,1185,1180,152800
2022-02-04 09:16:00,1180,1175,1180,1180,71100
2022-02-04 09:17:00,1180,1180,1185,1185,48600
2022-02-04 09:18:00,1180,1180,1185,1180,202700
2022-02-04 09:19:00,1180,1170,1180,1175,208400
2022-02-04 09:20:00,1175,1165,1175,1165,179600
2022-02-04 09:21:00,1165,1165,1175,1170,11300
2022-02-04 09:22:00,1170,1170,1175,1170,45200
2022-02-04 09:23:00,1170,1165,1170,1170,15100
2022-02-04 09:24:00,1165,1165,1165,1165,38400
2022-02-04 09:25:00,1165,1165,1170,1165,7600
2022-02-04 09:26:00,1165,1165,1170,1165,31200
2022-02-04 09:27:00,1165,1165,1170,1165,39600
2022-02-04 09:28:00,1160,1155,1160,1155,223200
2022-02-04 09:29:00,1155,1150,1155,1155,156400
2022-02-04 09:30:00,1155,1150,1155,1155,49500
2022-02-04 09:31:00,1155,1150,1155,1150,49100
2022-02-04 09:32:00,1150,1150,1155,1150,197700
2022-02-04 09:33:00,1150,1150,1155,1155,43600
2022-02-04 09:34:00,1150,1150,1155,1155,27700
2022-02-04 09:35:00,1160,1160,1170,1170,14900
2022-02-04 09:36:00,1165,1165,1165,1165,24300
2022-02-04 09:37:00,1165,1165,1165,1165,112200
2022-02-04 09:38:00,1160,1160,1160,1160,1500
2022-02-04 09:39:00,1165,1160,1165,1160,44800
2022-02-04 09:40:00,1165,1160,1165,1160,46900
2022-02-04 09:41:00,1165,1160,1165,1160,0
2022-02-04 09:42:00,1165,1165,1165,1165,49900
2022-02-04 09:43:00,1165,1160,1165,1160,14100
2022-02-04 09:44:00,1160,1160,1165,1165,2200
2022-02-04 09:45:00,1165,1160,1165,1160,5100
2022-02-04 09:46:00,1165,1160,1165,1160,3200
2022-02-04 09:47:00,1160,1160,1165,1165,19400
2022-02-04 09:48:00,1165,1165,1165,1165,13800
2022-02-04 09:49:00,1165,1165,1165,1165,28000
2022-02-04 09:50:00,1160,1160,1160,1160,72000
2022-02-04 09:51:00,1160,1160,1165,1165,15800
2022-02-04 09:52:00,1160,1160,1160,1160,20000
2022-02-04 09:53:00,1165,1165,1165,1165,10900
2022-02-04 09:54:00,1165,1165,1170,1170,3600
2022-02-04 09:55:00,1165,1165,1170,1170,2600
2022-02-04 09:56:00,1165,1165,1170,1170,10200
2022-02-04 09:57:00,1165,1165,1165,1165,3700
2022-02-04 09:58:00,1165,1165,1170,1170,10800
2022-02-04 09:59:00,1165,1160,1165,1160,12500
2022-02-04 10:00:00,1165,1165,1165,1165,100
2022-02-04 10:01:00,1165,1165,1165,1165,0
2022-02-04 10:02:00,1165,1165,1165,1165,1100
2022-02-04 10:03:00,1160,1160,1160,1160,200
2022-02-04 10:04:00,1160,1160,1165,1165,59300
2022-02-04 10:05:00,1165,1160,1165,1160,35900
2022-02-04 10:06:00,1155,1155,1155,1155,13700
2022-02-04 10:07:00,1160,1155,1160,1155,38400
2022-02-04 10:08:00,1155,1155,1155,1155,8200
2022-02-04 10:09:00,1155,1155,1155,1155,9100
2022-02-04 10:10:00,1155,1155,1155,1155,32600
2022-02-04 10:11:00,1155,1155,1155,1155,58200
2022-02-04 10:12:00,1155,1150,1155,1155,27600
2022-02-04 10:13:00,1155,1150,1155,1150,3100
2022-02-04 10:14:00,1155,1150,1155,1150,0
2022-02-04 10:15:00,1155,1150,1160,1160,19900
2022-02-04 10:16:00,1155,1150,1160,1160,0
2022-02-04 10:17:00,1155,1155,1160,1155,17600
2022-02-04 10:18:00,1155,1155,1155,1155,3100
2022-02-04 10:19:00,1150,1150,1155,1155,23300
2022-02-04 10:20:00,1155,1155,1155,1155,5200
2022-02-04 10:21:00,1150,1150,1155,1155,6500
2022-02-04 10:22:00,1155,1155,1155,1155,600
2022-02-04 10:23:00,1150,1150,1155,1150,9100
2022-02-04 10:24:00,1150,1150,1155,1155,2900
2022-02-04 10:25:00,1155,1155,1165,1165,201500
2022-02-04 10:26:00,1170,1165,1170,1165,81300
2022-02-04 10:27:00,1165,1165,1165,1165,12300
2022-02-04 10:28:00,1165,1165,1165,1165,200
2022-02-04 10:29:00,1165,1165,1170,1170,10400
2022-02-04 10:30:00,1165,1165,1165,1165,2300
2022-02-04 10:31:00,1165,1165,1180,1180,120800
2022-02-04 10:32:00,1185,1185,1185,1185,521100
2022-02-04 10:33:00,1190,1180,1195,1180,193800
2022-02-04 10:34:00,1180,1180,1180,1180,88500
2022-02-04 10:35:00,1180,1175,1180,1175,14000
2022-02-04 10:36:00,1175,1175,1180,1180,15500
2022-02-04 10:37:00,1175,1175,1175,1175,3500
2022-02-04 10:38:00,1175,1175,1180,1180,5000
2022-02-04 10:39:00,1175,1175,1175,1175,40300
2022-02-04 10:40:00,1175,1175,1175,1175,17600
2022-02-04 10:41:00,1175,1175,1175,1175,5500
2022-02-04 10:42:00,1175,1175,1175,1175,14000
2022-02-04 10:43:00,1175,1175,1175,1175,1800
2022-02-04 10:44:00,1175,1175,1175,1175,17100
2022-02-04 10:45:00,1175,1170,1175,1170,89000
2022-02-04 10:46:00,1170,1170,1170,1170,1000
2022-02-04 10:47:00,1170,1170,1170,1170,200
2022-02-04 10:48:00,1175,1175,1175,1175,700
2022-02-04 10:49:00,1175,1175,1175,1175,0
2022-02-04 10:50:00,1180,1180,1180,1180,10000
2022-02-04 10:51:00,1180,1180,1180,1180,0
2022-02-04 10:52:00,1180,1180,1180,1180,1000
2022-02-04 10:53:00,1180,1180,1180,1180,100
2022-02-04 10:54:00,1180,1180,1180,1180,10000
2022-02-04 10:55:00,1175,1175,1175,1175,100
2022-02-04 10:56:00,1175,1175,1175,1175,0
2022-02-04 10:57:00,1175,1175,1175,1175,0
2022-02-04 10:58:00,1180,1175,1180,1180,37600
2022-02-04 10:59:00,1180,1175,1180,1180,0
2022-02-04 11:00:00,1180,1175,1180,1180,0
2022-02-04 11:01:00,1180,1180,1180,1180,89800
2022-02-04 11:02:00,1180,1175,1180,1175,185700
2022-02-04 11:03:00,1180,1175,1180,1175,0
2022-02-04 11:04:00,1180,1175,1180,1175,0
2022-02-04 11:05:00,1180,1175,1180,1175,0
2022-02-04 11:06:00,1175,1170,1175,1175,359400
2022-02-04 11:07:00,1175,1175,1175,1175,7000
2022-02-04 11:08:00,1175,1175,1175,1175,0
2022-02-04 11:09:00,1175,1175,1175,1175,1000
2022-02-04 11:10:00,1175,1175,1175,1175,3000
2022-02-04 11:11:00,1175,1175,1175,1175,0
2022-02-04 11:12:00,1175,1175,1175,1175,1100
2022-02-04 11:13:00,1175,1175,1175,1175,300
2022-02-04 11:14:00,1170,1170,1175,1175,10400
2022-02-04 11:15:00,1170,1170,1170,1170,1000
2022-02-04 11:16:00,1170,1170,1175,1175,2300
2022-02-04 11:17:00,1170,1170,1175,1175,26500
2022-02-04 11:18:00,1170,1170,1170,1170,1300
2022-02-04 11:19:00,1175,1175,1175,1175,100
2022-02-04 11:20:00,1175,1175,1175,1175,0
2022-02-04 11:21:00,1175,1175,1175,1175,0
2022-02-04 11:22:00,1175,1175,1175,1175,0
2022-02-04 11:23:00,1175,1175,1175,1175,1500
2022-02-04 11:24:00,1170,1170,1170,1170,12000
2022-02-04 11:25:00,1170,1170,1170,1170,100
2022-02-04 11:26:00,1170,1170,1170,1170,0
2022-02-04 11:27:00,1170,1170,1170,1170,0
2022-02-04 11:28:00,1170,1170,1170,1170,200
2022-02-04 11:29:00,1175,1175,1175,1175,34100
2022-02-04 11:30:00,1175,1175,1175,1175,0
2022-02-04 11:31:00,1175,1175,1175,1175,0
2022-02-04 11:32:00,1175,1175,1175,1175,0
2022-02-04 11:33:00,1175,1175,1175,1175,0
2022-02-04 11:34:00,1175,1175,1175,1175,0
2022-02-04 11:35:00,1175,1175,1175,1175,0
2022-02-04 11:36:00,1175,1175,1175,1175,0
2022-02-04 11:37:00,1175,1175,1175,1175,0
2022-02-04 11:38:00,1175,1175,1175,1175,0
2022-02-04 11:39:00,1175,1175,1175,1175,0
2022-02-04 11:40:00,1175,1175,1175,1175,0
2022-02-04 11:41:00,1175,1175,1175,1175,0
2022-02-04 11:42:00,1175,1175,1175,1175,0
2022-02-04 11:43:00,1175,1175,1175,1175,0
2022-02-04 11:44:00,1175,1175,1175,1175,0
2022-02-04 11:45:00,1175,1175,1175,1175,0
2022-02-04 11:46:00,1175,1175,1175,1175,0
2022-02-04 11:47:00,1175,1175,1175,1175,0
2022-02-04 11:48:00,1175,1175,1175,1175,0
2022-02-04 11:49:00,1175,1175,1175,1175,0
2022-02-04 11:50:00,1175,1175,1175,1175,0
2022-02-04 11:51:00,1175,1175,1175,1175,0
2022-02-04 11:52:00,1175,1175,1175,1175,0
2022-02-04 11:53:00,1175,1175,1175,1175,0
2022-02-04 11:54:00,1175,1175,1175,1175,0
2022-02-04 11:55:00,1175,1175,1175,1175,0
2022-02-04 11:56:00,1175,1175,1175,1175,0
2022-02-04 11:57:00,1175,1175,1175,1175,0
2022-02-04 11:58:00,1175,1175,1175,1175,0
2022-02-04 11:59:00,1175,1175,1175,1175,0
2022-02-04 12:00:00,1175,1175,1175,1175,0
2022-02-04 12:01:00,1175,1175,1175,1175,0
2022-02-04 12:02:00,1175,1175,1175,1175,0
2022-02-04 12:03:00,1175,1175,1175,1175,0
2022-02-04 12:04:00,1175,1175,1175,1175,0
2022-02-04 12:05:00,1175,1175,1175,1175,0
2022-02-04 12:06:00,1175,1175,1175,1175,0
2022-02-04 12:07:00,1175,1175,1175,1175,0
2022-02-04 12:08:00,1175,1175,1175,1175,0
2022-02-04 12:09:00,1175,1175,1175,1175,0
2022-02-04 12:10:00,1175,1175,1175,1175,0
2022-02-04 12:11:00,1175,1175,1175,1175,0
2022-02-04 12:12:00,1175,1175,1175,1175,0
2022-02-04 12:13:00,1175,1175,1175,1175,0
2022-02-04 12:14:00,1175,1175,1175,1175,0
2022-02-04 12:15:00,1175,1175,1175,1175,0
2022-02-04 12:16:00,1175,1175,1175,1175,0
2022-02-04 12:17:00,1175,1175,1175,1175,0
2022-02-04 12:18:00,1175,1175,1175,1175,0
2022-02-04 12:19:00,1175,1175,1175,1175,0
2022-02-04 12:20:00,1175,1175,1175,1175,0
2022-02-04 12:21:00,1175,1175,1175,1175,0
2022-02-04 12:22:00,1175,1175,1175,1175,0
2022-02-04 12:23:00,1175,1175,1175,1175,0
2022-02-04 12:24:00,1175,1175,1175,1175,0
2022-02-04 12:25:00,1175,1175,1175,1175,0
2022-02-04 12:26:00,1175,1175,1175,1175,0
2022-02-04 12:27:00,1175,1175,1175,1175,0
2022-02-04 12:28:00,1175,1175,1175,1175,0
2022-02-04 12:29:00,1175,1175,1175,1175,0
2022-02-04 12:30:00,1175,1175,1175,1175,0
2022-02-04 12:31:00,1175,1175,1175,1175,0
2022-02-04 12:32:00,1175,1175,1175,1175,0
2022-02-04 12:33:00,1175,1175,1175,1175,0
2022-02-04 12:34:00,1175,1175,1175,1175,0
2022-02-04 12:35:00,1175,1175,1175,1175,0
2022-02-04 12:36:00,1175,1175,1175,1175,0
2022-02-04 12:37:00,1175,1175,1175,1175,0
2022-02-04 12:38:00,1175,1175,1175,1175,0
2022-02-04 12:39:00,1175,1175,1175,1175,0
2022-02-04 12:40:00,1175,1175,1175,1175,0
2022-02-04 12:41:00,1175,1175,1175,1175,0
2022-02-04 12:42:00,1175,1175,1175,1175,0
2022-02-04 12:43:00,1175,1175,1175,1175,0
2022-02-04 12:44:00,1175,1175,1175,1175,0
2022-02-04 12:45:00,1175,1175,1175,1175,0
2022-02-04 12:46:00,1175,1175,1175,1175,0
2022-02-04 12:47:00,1175,1175,1175,1175,0
2022-02-04 12:48:00,1175,1175,1175,1175,0
2022-02-04 12:49:00,1175,1175,1175,1175,0
2022-02-04 12:50:00,1175,1175,1175,1175,0
2022-02-04 12:51:00,1175,1175,1175,1175,0
2022-02-04 12:52:00,1175,1175,1175,1175,0
2022-02-04 12:53:00,1175,1175,1175,1175,0
2022-02-04 12:54:00,1175,1175,1175,1175,0
2022-02-04 12:55:00,1175,1175,1175,1175,0
2022-02-04 12:56:00,1175,1175,1175,1175,0
2022-02-04 12:57:00,1175,1175,1175,1175,0
2022-02-04 12:58:00,1175,1175,1175,1175,0
2022-02-04 12:59:00,1175,1175,1175,1175,0
2022-02-04 13:00:00,1175,1175,1175,1175,0
2022-02-04 13:01:00,1175,1175,1175,1175,0
2022-02-04 13:02:00,1175,1175,1175,1175,0
2022-02-04 13:03:00,1175,1175,1175,1175,0
2022-02-04 13:04:00,1175,1175,1175,1175,0
2022-02-04 13:05:00,1175,1175,1175,1175,0
2022-02-04 13:06:00,1175,1175,1175,1175,0
2022-02-04 13:07:00,1175,1175,1175,1175,0
2022-02-04 13:08:00,1175,1175,1175,1175,0
2022-02-04 13:09:00,1175,1175,1175,1175,0
2022-02-04 13:10:00,1175,1175,1175,1175,0
2022-02-04 13:11:00,1175,1175,1175,1175,0
2022-02-04 13:12:00,1175,1175,1175,1175,0
2022-02-04 13:13:00,1175,1175,1175,1175,0
2022-02-04 13:14:00,1175,1175,1175,1175,0
2022-02-04 13:15:00,1175,1175,1175,1175,0
2022-02-04 13:16:00,1175,1175,1175,1175,0
2022-02-04 13:17:00,1175,1175,1175,1175,0
2022-02-04 13:18:00,1175,1175,1175,1175,0
2022-02-04 13:19:00,1175,1175,1175,1175,0
2022-02-04 13:20:00,1175,1175,1175,1175,0
2022-02-04 13:21:00,1175,1175,1175,1175,0
2022-02-04 13:22:00,1175,1175,1175,1175,0
2022-02-04 13:23:00,1175,1175,1175,1175,0
2022-02-04 13:24:00,1175,1175,1175,1175,0
2022-02-04 13:25:00,1175,1175,1175,1175,0
2022-02-04 13:26:00,1175,1175,1175,1175,0
2022-02-04 13:27:00,1175,1175,1175,1175,0
2022-02-04 13:28:00,1175,1175,1175,1175,0
2022-02-04 13:29:00,1175,1175,1175,1175,0
2022-02-04 13:30:00,1170,1170,1175,1170,105400
2022-02-04 13:31:00,1170,1170,1175,1170,0
2022-02-04 13:32:00,1170,1170,1175,1170,0
2022-02-04 13:33:00,1170,1170,1170,1170,240900
2022-02-04 13:34:00,1170,1170,1175,1170,560700
2022-02-04 13:35:00,1170,1170,1170,1170,197000
2022-02-04 13:36:00,1170,1170,1180,1170,352800
2022-02-04 13:37:00,1170,1170,1175,1175,466400
2022-02-04 13:38:00,1175,1175,1175,1175,315100
2022-02-04 13:39:00,1180,1175,1180,1180,263500
2022-02-04 13:40:00,1180,1180,1195,1195,92600
2022-02-04 13:41:00,1195,1185,1195,1190,501300
2022-02-04 13:42:00,1195,1190,1195,1190,402300
2022-02-04 13:43:00,1190,1190,1195,1190,20400
2022-02-04 13:44:00,1190,1190,1190,1190,3100
2022-02-04 13:45:00,1195,1195,1200,1200,364000
2022-02-04 13:46:00,1200,1200,1210,1205,223500
2022-02-04 13:47:00,1205,1205,1210,1210,126500
2022-02-04 13:48:00,1215,1215,1220,1220,124400
2022-02-04 13:49:00,1220,1215,1220,1220,43600
2022-02-04 13:50:00,1220,1220,1235,1235,351900
2022-02-04 13:51:00,1235,1230,1245,1245,329300
2022-02-04 13:52:00,1245,1230,1245,1230,322300
2022-02-04 13:53:00,1225,1205,1230,1205,697800
2022-02-04 13:54:00,1205,1195,1210,1195,486300
2022-02-04 13:55:00,1195,1195,1205,1205,64100
2022-02-04 13:56:00,1205,1205,1205,1205,2600
2022-02-04 13:57:00,1205,1200,1205,1200,28300
2022-02-04 13:58:00,1200,1195,1200,1200,900
2022-02-04 13:59:00,1195,1195,1200,1200,464600
2022-02-04 14:00:00,1200,1200,1200,1200,105900
2022-02-04 14:01:00,1200,1200,1205,1205,75200
2022-02-04 14:02:00,1205,1205,1205,1205,33400
2022-02-04 14:03:00,1205,1205,1205,1205,400
2022-02-04 14:04:00,1210,1195,1210,1195,123100
2022-02-04 14:05:00,1210,1195,1210,1195,0
2022-02-04 14:06:00,1200,1200,1200,1200,1500
2022-02-04 14:07:00,1200,1195,1200,1200,121300
2022-02-04 14:08:00,1200,1200,1200,1200,1200
2022-02-04 14:09:00,1200,1200,1200,1200,1400
2022-02-04 14:10:00,1195,1195,1200,1200,60400
2022-02-04 14:11:00,1200,1195,1200,1200,256500
2022-02-04 14:12:00,1200,1200,1205,1205,233400
2022-02-04 14:13:00,1210,1200,1210,1205,14900
2022-02-04 14:14:00,1205,1205,1210,1210,4800
2022-02-04 14:15:00,1205,1200,1205,1200,12100
2022-02-04 14:16:00,1205,1200,1205,1200,1900
2022-02-04 14:17:00,1200,1200,1200,1200,400
2022-02-04 14:18:00,1205,1200,1205,1200,50400
2022-02-04 14:19:00,1200,1200,1200,1200,6400
2022-02-04 14:20:00,1200,1200,1200,1200,0
2022-02-04 14:21:00,1200,1200,1200,1200,0
2022-02-04 14:22:00,1200,1200,1200,1200,1800
2022-02-04 14:23:00,1200,1200,1200,1200,900
2022-02-04 14:24:00,1200,1200,1205,1205,14500
2022-02-04 14:25:00,1205,1205,1205,1205,211900
2022-02-04 14:26:00,1205,1205,1205,1205,0
2022-02-04 14:27:00,1205,1195,1205,1195,7300
2022-02-04 14:28:00,1195,1195,1195,1195,100
2022-02-04 14:29:00,1195,1195,1195,1195,0
2022-02-04 14:30:00,1195,1195,1195,1195,2400
2022-02-04 14:31:00,1195,1195,1195,1195,500
2022-02-04 14:32:00,1195,1195,1195,1195,0
2022-02-04 14:33:00,1200,1200,1200,1200,3600
2022-02-04 14:34:00,1200,1200,1210,1200,264900
2022-02-04 14:35:00,1200,1200,1210,1200,0
2022-02-04 14:36:00,1200,1195,1200,1200,3200
2022-02-04 14:37:00,1195,1195,1205,1205,9000
2022-02-04 14:38:00,1205,1200,1205,1205,2800
2022-02-04 14:39:00,1200,1200,1200,1200,8400
2022-02-04 14:40:00,1200,1200,1200,1200,1000
2022-02-04 14:41:00,1200,1200,1200,1200,200
2022-02-04 14:42:00,1200,1195,1200,1195,40600
2022-02-04 14:43:00,1195,1195,1195,1195,5000
2022-02-04 14:44:00,1200,1200,1200,1200,1300
2022-02-04 14:45:00,1195,1195,1195,1195,7300
2022-02-04 14:46:00,1195,1195,1195,1195,3100
2022-02-04 14:47:00,1200,1195,1200,1195,8800
2022-02-04 14:48:00,1195,1195,1215,1215,136300
2022-02-04 14:49:00,1220,1215,1220,1215,39500
2022-02-04 14:50:00,1220,1215,1220,1215,0
2022-02-04 14:51:00,1220,1215,1220,1215,0
2022-02-04 14:52:00,1220,1215,1220,1215,0
2022-02-04 14:53:00,1220,1215,1220,1215,0
2022-02-04 14:54:00,1220,1215,1220,1215,0
2022-02-04 14:55:00,1220,1215,1220,1215,0
2022-02-04 14:56:00,1220,1215,1220,1215,0
2022-02-04 14:57:00,1220,1215,1220,1215,0
2022-02-04 14:58:00,1220,1215,1220,1215,0
2022-02-04 14:59:00,1220,1215,1220,1215,0
2022-02-04 15:00:00,1200,1200,1200,1200,163500
2022-02-04 15:01:00,1200,1200,1200,1200,0
2022-02-04 15:02:00,1200,1200,1200,1200,100
2022-02-04 15:03:00,1200,1200,1200,1200,500
2022-02-04 15:04:00,1200,1200,1200,1200,1100
2022-02-04 15:05:00,1200,1200,1200,1200,8300
2022-02-04 15:06:00,1200,1200,1200,1200,900
2022-02-04 15:07:00,1200,1200,1200,1200,0
2022-02-04 15:08:00,1200,1200,1200,1200,200
2022-02-04 15:09:00,1200,1200,1200,1200,6000
2022-02-04 15:10:00,1200,1200,1200,1200,0
2022-02-04 15:11:00,1200,1200,1200,1200,1000
2022-02-04 15:12:00,1200,1200,1200,1200,6800
2022-02-04 15:13:00,1200,1200,1200,1200,0
2022-02-04 15:14:00,1200,1200,1200,1200,0
2022-02-04 15:15:00,1200,1200,1200,1200,0
2022-02-04 15:16:00,1200,1200,1200,1200,0
2022-02-04 15:17:00,1200,1200,1200,1200,0
2022-02-04 15:18:00,1200,1200,1200,1200,0
2022-02-04 15:19:00,1200,1200,1200,1200,0
2022-02-04 15:20:00,1200,1200,1200,1200,0
2022-02-04 15:21:00,1200,1200,1200,1200,0
2022-02-04 15:22:00,1200,1200,1200,1200,0
2022-02-04 15:23:00,1200,1200,1200,1200,0
2022-02-04 15:24:00,1200,1200,1200,1200,0
2022-02-04 15:25:00,1200,1200,1200,1200,0
2022-02-04 15:26:00,1200,1200,1200,1200,0
2022-02-04 15:27:00,1200,1200,1200,1200,0
2022-02-04 15:28:00,1200,1200,1200,1200,0
2022-02-04 15:29:00,1200,1200,1200,1200,0
2022-02-04 15:30:00,1200,1200,1200,1200,0
2022-02-04 15:31:00,1200,1200,1200,1200,0
2022-02-04 15:32:00,1200,1200,1200,1200,0
2022-02-04 15:33:00,1200,1200,1200,1200,0
2022-02-04 15:34:00,1200,1200,1200,1200,0
2022-02-04 15:35:00,1200,1200,1200,1200,0
2022-02-04 15:36:00,1200,1200,1200,1200,0
2022-02-04 15:37:00,1200,1200,1200,1200,0
2022-02-04 15:38:00,1200,1200,1200,1200,0
2022-02-04 15:39:00,1200,1200,1200,1200,0
2022-02-04 15:40:00,1200,1200,1200,1200,0
2022-02-04 15:41:00,1200,1200,1200,1200,0
2022-02-04 15:42:00,1200,1200,1200,1200,0
2022-02-04 15:43:00,1200,1200,1200,1200,0
2022-02-04 15:44:00,1200,1200,1200,1200,0
2022-02-04 15:45:00,1200,1200,1200,1200,0
2022-02-04 15:46:00,1200,1200,1200,1200,0
2022-02-04 15:47:00,1200,1200,1200,1200,0
2022-02-04 15:48:00,1200,1200,1200,1200,0
2022-02-04 15:49:00,1200,1200,1200,1200,0
2022-02-04 15:50:00,1200,1200,1200,1200,0
2022-02-04 15:51:00,1200,1200,1200,1200,0
2022-02-04 15:52:00,1200,1200,1200,1200,0
2022-02-04 15:53:00,1200,1200,1200,1200,0
2022-02-04 15:54:00,1200,1200,1200,1200,0
2022-02-04 15:55:00,1200,1200,1200,1200,0
2022-02-04 15:56:00,1200,1200,1200,1200,0
2022-02-04 15:57:00,1200,1200,1200,1200,0
2022-02-04 15:58:00,1200,1200,1200,1200,0
2022-02-04 15:59:00,1200,1200,1200,1200,0
2022-02-07 09:00:00,1195,1190,1205,1205,0
2022-02-07 09:01:00,1205,1200,1205,1200,11100
2022-02-07 09:02:00,1200,1190,1205,1190,49900
2022-02-07 09:03:00,1190,1190,1200,1200,6900
2022-02-07 09:04:00,1200,1200,1200,1200,8500
2022-02-07 09:05:00,1195,1195,1195,1195,500
2022-02-07 09:06:00,1195,1190,1200,1190,322400
2022-02-07 09:07:00,1195,1195,1200,1200,107000
2022-02-07 09:08:00,1200,1200,1200,1200,78300
2022-02-07 09:09:00,1200,1200,1200,1200,40000
2022-02-07 09:10:00,1200,1180,1200,1180,180200
2022-02-07 09:11:00,1180,1175,1180,1175,150200
2022-02-07 09:12:00,1185,1180,1200,1195,259300
2022-02-07 09:13:00,1180,1180,1180,1180,1800
2022-02-07 09:14:00,1180,1160,1180,1170,197700
2022-02-07 09:15:00,1165,1165,1165,1165,1100
2022-02-07 09:16:00,1170,1160,1170,1160,25900
2022-02-07 09:17:00,1160,1160,1160,1160,75900
2022-02-07 09:18:00,1160,1155,1160,1160,28300
2022-02-07 09:19:00,1165,1165,1175,1175,1900
2022-02-07 09:20:00,1175,1175,1175,1175,200
2022-02-07 09:21:00,1170,1170,1170,1170,1400
2022-02-07 09:22:00,1170,1170,1170,1170,6000
2022-02-07 09:23:00,1170,1170,1170,1170,200
2022-02-07 09:24:00,1170,1170,1170,1170,2000
2022-02-07 09:25:00,1170,1170,1175,1175,22900
2022-02-07 09:26:00,1175,1175,1175,1175,5000
2022-02-07 09:27:00,1180,1180,1180,1180,5100
2022-02-07 09:28:00,1185,1185,1190,1190,4600
2022-02-07 09:29:00,1190,1185,1190,1190,113400
2022-02-07 09:30:00,1185,1185,1190,1190,1500
2022-02-07 09:31:00,1190,1190,1190,1190,900
2022-02-07 09:32:00,1190,1190,1190,1190,500
2022-02-07 09:33:00,1190,1185,1190,1185,42100
2022-02-07 09:34:00,1180,1180,1180,1180,2000
2022-02-07 09:35:00,1185,1180,1185,1180,28400
2022-02-07 09:36:00,1175,1175,1175,1175,1000
2022-02-07 09:37:00,1175,1175,1175,1175,5500
2022-02-07 09:38:00,1175,1175,1175,1175,4900
2022-02-07 09:39:00,1175,1170,1175,1170,23300
2022-02-07 09:40:00,1170,1165,1170,1165,1900
2022-02-07 09:41:00,1170,1170,1170,1170,600
2022-02-07 09:42:00,1170,1165,1170,1170,2400
2022-02-07 09:43:00,1170,1170,1170,1170,2000
2022-02-07 09:44:00,1165,1165,1170,1170,400
2022-02-07 09:45:00,1170,1170,1190,1190,108300
2022-02-07 09:46:00,1190,1190,1195,1195,113800
2022-02-07 09:47:00,1200,1195,1210,1205,671000
2022-02-07 09:48:00,1210,1205,1215,1210,877300
2022-02-07 09:49:00,1205,1205,1220,1210,111100
2022-02-07 09:50:00,1210,1210,1215,1215,15500
2022-02-07 09:51:00,1215,1215,1215,1215,15000
2022-02-07 09:52:00,1215,1215,1215,1215,18800
2022-02-07 09:53:00,1210,1205,1210,1205,37300
2022-02-07 09:54:00,1205,1185,1205,1185,170500
2022-02-07 09:55:00,1185,1180,1190,1180,42500
2022-02-07 09:56:00,1185,1180,1185,1180,4000
2022-02-07 09:57:00,1185,1180,1190,1190,19600
2022-02-07 09:58:00,1205,1200,1205,1200,4800
2022-02-07 09:59:00,1200,1200,1200,1200,31500
2022-02-07 10:00:00,1200,1200,1200,1200,0
2022-02-07 10:01:00,1205,1200,1205,1200,1100
2022-02-07 10:02:00,1200,1200,1200,1200,900
2022-02-07 10:03:00,1200,1195,1200,1195,2500
2022-02-07 10:04:00,1200,1195,1200,1195,0
2022-02-07 10:05:00,1200,1200,1200,1200,7000
2022-02-07 10:06:00,1200,1185,1200,1195,375500
2022-02-07 10:07:00,1185,1180,1195,1195,98800
2022-02-07 10:08:00,1195,1195,1200,1200,109900
2022-02-07 10:09:00,1200,1200,1200,1200,39100
2022-02-07 10:10:00,1200,1200,1210,1210,257500
2022-02-07 10:11:00,1215,1215,1220,1215,158600
2022-02-07 10:12:00,1215,1215,1220,1220,266800
2022-02-07 10:13:00,1220,1220,1225,1225,298000
2022-02-07 10:14:00,1225,1225,1230,1230,391500
2022-02-07 10:15:00,1230,1230,1235,1235,279200
2022-02-07 10:16:00,1230,1230,1240,1240,499100
2022-02-07 10:17:00,1240,1235,1245,1235,813800
2022-02-07 10:18:00,1235,1235,1245,1245,309500
2022-02-07 10:19:00,1245,1240,1250,1250,781300
2022-02-07 10:20:00,1250,1245,1250,1245,198300
2022-02-07 10:21:00,1245,1235,1245,1240,173000
2022-02-07 10:22:00,1240,1230,1240,1230,254300
2022-02-07 10:23:00,1230,1230,1230,1230,16400
2022-02-07 10:24:00,1230,1230,1230,1230,3000
2022-02-07 10:25:00,1235,1230,1235,1230,2100
2022-02-07 10:26:00,1230,1230,1230,1230,37400
2022-02-07 10:27:00,1230,1230,1230,1230,900
2022-02-07 10:28:00,1230,1230,1235,1235,26100
2022-02-07 10:29:00,1230,1230,1230,1230,4000
2022-02-07 10:30:00,1230,1230,1230,1230,4000
2022-02-07 10:31:00,1235,1230,1235,1230,700
2022-02-07 10:32:00,1235,1235,1235,1235,8000
2022-02-07 10:33:00,1235,1235,1235,1235,0
2022-02-07 10:34:00,1235,1230,1235,1230,99200
2022-02-07 10:35:00,1230,1225,1230,1225,39400
2022-02-07 10:36:00,1230,1225,1230,1225,0
2022-02-07 10:37:00,1225,1225,1230,1230,22000
2022-02-07 10:38:00,1230,1230,1230,1230,15000
2022-02-07 10:39:00,1230,1230,1230,1230,400
2022-02-07 10:40:00,1230,1230,1230,1230,6100
2022-02-07 10:41:00,1230,1230,1230,1230,0
2022-02-07 10:42:00,1230,1230,1230,1230,500
2022-02-07 10:43:00,1225,1225,1225,1225,1400
2022-02-07 10:44:00,1225,1225,1230,1230,14300
2022-02-07 10:45:00,1225,1225,1230,1230,700
2022-02-07 10:46:00,1230,1230,1230,1230,1000
2022-02-07 10:47:00,1230,1230,1230,1230,0
2022-02-07 10:48:00,1230,1230,1230,1230,100
2022-02-07 10:49:00,1230,1230,1230,1230,0
2022-02-07 10:50:00,1230,1230,1230,1230,1900
2022-02-07 10:51:00,1230,1230,1230,1230,1000
2022-02-07 10:52:00,1230,1230,1230,1230,200
2022-02-07 10:53:00,1230,1230,1230,1230,4100
2022-02-07 10:54:00,1230,1230,1230,1230,100
2022-02-07 10:55:00,1230,1230,1230,1230,22900
2022-02-07 10:56:00,1230,1230,1230,1230,600
2022-02-07 10:57:00,1230,1230,1230,1230,0
2022-02-07 10:58:00,1230,1230,1230,1230,12900
2022-02-07 10:59:00,1230,1230,1230,1230,13000
2022-02-07 11:00:00,1225,1225,1225,1225,200
2022-02-07 11:01:00,1230,1230,1235,1235,13500
2022-02-07 11:02:00,1230,1225,1230,1230,409600
2022-02-07 11:03:00,1230,1230,1235,1230,133000
2022-02-07 11:04:00,1230,1230,1235,1230,0
2022-02-07 11:05:00,1230,1230,1235,1230,0
2022-02-07 11:06:00,1230,1230,1230,1230,100
2022-02-07 11:07:00,1230,1230,1230,1230,9000
2022-02-07 11:08:00,1230,1230,1235,1230,21900
2022-02-07 11:09:00,1230,1230,1230,1230,500
2022-02-07 11:10:00,1230,1230,1230,1230,1600
2022-02-07 11:11:00,1230,1230,1230,1230,0
2022-02-07 11:12:00,1230,1230,1230,1230,0
2022-02-07 11:13:00,1230,1230,1230,1230,2300
2022-02-07 11:14:00,1230,1230,1230,1230,2100
2022-02-07 11:15:00,1230,1230,1230,1230,7700
2022-02-07 11:16:00,1230,1230,1230,1230,5200
2022-02-07 11:17:00,1230,1230,1230,1230,0
2022-02-07 11:18:00,1230,1230,1230,1230,0
2022-02-07 11:19:00,1230,1230,1230,1230,6000
2022-02-07 11:20:00,1230,1230,1230,1230,35000
2022-02-07 11:21:00,1230,1230,1230,1230,0
2022-02-07 11:22:00,1230,1230,1230,1230,0
2022-02-07 11:23:00,1230,1230,1230,1230,500
2022-02-07 11:24:00,1230,1230,1230,1230,0
2022-02-07 11:25:00,1230,1230,1230,1230,0
2022-02-07 11:26:00,1225,1225,1230,1230,2100
2022-02-07 11:27:00,1230,1230,1230,1230,500
2022-02-07 11:28:00,1225,1225,1225,1225,1000
2022-02-07 11:29:00,1225,1225,1225,1225,100
2022-02-07 11:30:00,1225,1225,1225,1225,0
2022-02-07 11:31:00,1225,1225,1225,1225,0
2022-02-07 11:32:00,1225,1225,1225,1225,0
2022-02-07 11:33:00,1225,1225,1225,1225,0
2022-02-07 11:34:00,1225,1225,1225,1225,0
2022-02-07 11:35:00,1225,1225,1225,1225,0
2022-02-07 11:36:00,1225,1225,1225,1225,0
2022-02-07 11:37:00,1225,1225,1225,1225,0
2022-02-07 11:38:00,1225,1225,1225,1225,0
2022-02-07 11:39:00,1225,1225,1225,1225,0
2022-02-07 11:40:00,1225,1225,1225,1225,0
2022-02-07 11:41:00,1225,1225,1225,1225,0
2022-02-07 11:42:00,1225,1225,1225,1225,0
2022-02-07 11:43:00,1225,1225,1225,1225,0
2022-02-07 11:44:00,1225,1225,1225,1225,0
2022-02-07 11:45:00,1225,1225,1225,1225,0
2022-02-07 11:46:00,1225,1225,1225,1225,0
2022-02-07 11:47:00,1225,1225,1225,1225,0
2022-02-07 11:48:00,1225,1225,1225,1225,0
2022-02-07 11:49:00,1225,1225,1225,1225,0
2022-02-07 11:50:00,1225,1225,1225,1225,0
2022-02-07 11:51:00,1225,1225,1225,1225,0
2022-02-07 11:52:00,1225,1225,1225,1225,0
2022-02-07 11:53:00,1225,1225,1225,1225,0
2022-02-07 11:54:00,1225,1225,1225,1225,0
2022-02-07 11:55:00,1225,1225,1225,1225,0
2022-02-07 11:56:00,1225,1225,1225,1225,0
2022-02-07 11:57:00,1225,1225,1225,1225,0
2022-02-07 11:58:00,1225,1225,1225,1225,0
2022-02-07 11:59:00,1225,1225,1225,1225,0
2022-02-07 12:00:00,1225,1225,1225,1225,0
2022-02-07 12:01:00,1225,1225,1225,1225,0
2022-02-07 12:02:00,1225,1225,1225,1225,0
2022-02-07 12:03:00,1225,1225,1225,1225,0
2022-02-07 12:04:00,1225,1225,1225,1225,0
2022-02-07 12:05:00,1225,1225,1225,1225,0
2022-02-07 12:06:00,1225,1225,1225,1225,0
2022-02-07 12:07:00,1225,1225,1225,1225,0
2022-02-07 12:08:00,1225,1225,1225,1225,0
2022-02-07 12:09:00,1225,1225,1225,1225,0
2022-02-07 12:10:00,1225,1225,1225,1225,0
2022-02-07 12:11:00,1225,1225,1225,1225,0
2022-02-07 12:12:00,1225,1225,1225,1225,0
2022-02-07 12:13:00,1225,1225,1225,1225,0
2022-02-07 12:14:00,1225,1225,1225,1225,0
2022-02-07 12:15:00,1225,1225,1225,1225,0
2022-02-07 12:16:00,1225,1225,1225,1225,0
2022-02-07 12:17:00,1225,1225,1225,1225,0
2022-02-07 12:18:00,1225,1225,1225,1225,0
2022-02-07 12:19:00,1225,1225,1225,1225,0
2022-02-07 12:20:00,1225,1225,1225,1225,0
2022-02-07 12:21:00,1225,1225,1225,1225,0
2022-02-07 12:22:00,1225,1225,1225,1225,0
2022-02-07 12:23:00,1225,1225,1225,1225,0
2022-02-07 12:24:00,1225,1225,1225,1225,0
2022-02-07 12:25:00,1225,1225,1225,1225,0
2022-02-07 12:26:00,1225,1225,1225,1225,0
2022-02-07 12:27:00,1225,1225,1225,1225,0
2022-02-07 12:28:00,1225,1225,1225,1225,0
2022-02-07 12:29:00,1225,1225,1225,1225,0
2022-02-07 12:30:00,1225,1225,1225,1225,0
2022-02-07 12:31:00,1225,1225,1225,1225,0
2022-02-07 12:32:00,1225,1225,1225,1225,0
2022-02-07 12:33:00,1225,1225,1225,1225,0
2022-02-07 12:34:00,1225,1225,1225,1225,0
2022-02-07 12:35:00,1225,1225,1225,1225,0
2022-02-07 12:36:00,1225,1225,1225,1225,0
2022-02-07 12:37:00,1225,1225,1225,1225,0
2022-02-07 12:38:00,1225,1225,1225,1225,0
2022-02-07 12:39:00,1225,1225,1225,1225,0
2022-02-07 12:40:00,1225,1225,1225,1225,0
2022-02-07 12:41:00,1225,1225,1225,1225,0
2022-02-07 12:42:00,1225,1225,1225,1225,0
2022-02-07 12:43:00,1225,1225,1225,1225,0
2022-02-07 12:44:00,1225,1225,1225,1225,0
2022-02-07 12:45:00,1225,1225,1225,1225,0
2022-02-07 12:46:00,1225,1225,1225,1225,0
2022-02-07 12:47:00,1225,1225,1225,1225,0
2022-02-07 12:48:00,1225,1225,1225,1225,0
2022-02-07 12:49:00,1225,1225,1225,1225,0
2022-02-07 12:50:00,1225,1225,1225,1225,0
2022-02-07 12:51:00,1225,1225,1225,1225,0
2022-02-07 12:52:00,1225,1225,1225,1225,0
2022-02-07 12:53:00,1225,1225,1225,1225,0
2022-02-07 12:54:00,1225,1225,1225,1225,0
2022-02-07 12:55:00,1225,1225,1225,1225,0
2022-02-07 12:56:00,1225,1225,1225,1225,0
2022-02-07 12:57:00,1225,1225,1225,1225,0
2022-02-07 12:58:00,1225,1225,1225,1225,0
2022-02-07 12:59:00,1225,1225,1225,1225,0
2022-02-07 13:00:00,1225,1225,1225,1225,0
2022-02-07 13:01:00,1225,1225,1225,1225,0
2022-02-07 13:02:00,1225,1225,1225,1225,0
2022-02-07 13:03:00,1225,1225,1225,1225,0
2022-02-07 13:04:00,1225,1225,1225,1225,0
2022-02-07 13:05:00,1225,1225,1225,1225,0
2022-02-07 13:06:00,1225,1225,1225,1225,0
2022-02-07 13:07:00,1225,1225,1225,1225,0
2022-02-07 13:08:00,1225,1225,1225,1225,0
2022-02-07 13:09:00,1225,1225,1225,1225,0
2022-02-07 13:10:00,1225,1225,1225,1225,0
2022-02-07 13:11:00,1225,1225,1225,1225,0
2022-02-07 13:12:00,1225,1225,1225,1225,0
2022-02-07 13:13:00,1225,1225,1225,1225,0
2022-02-07 13:14:00,1225,1225,1225,1225,0
2022-02-07 13:15:00,1225,1225,1225,1225,0
2022-02-07 13:16:00,1225,1225,1225,1225,0
2022-02-07 13:17:00,1225,1225,1225,1225,0
2022-02-07 13:18:00,1225,1225,1225,1225,0
2022-02-07 13:19:00,1225,1225,1225,1225,0
2022-02-07 13:20:00,1225,1225,1225,1225,0
2022-02-07 13:21:00,1225,1225,1225,1225,0
2022-02-07 13:22:00,1225,1225,1225,1225,0
2022-02-07 13:23:00,1225,1225,1225,1225,0
2022-02-07 13:24:00,1225,1225,1225,1225,0
2022-02-07 13:25:00,1225,1225,1225,1225,0
2022-02-07 13:26:00,1225,1225,1225,1225,0
2022-02-07 13:27:00,1225,1225,1225,1225,0
2022-02-07 13:28:00,1225,1225,1225,1225,0
2022-02-07 13:29:00,1225,1225,1225,1225,0
2022-02-07 13:30:00,1225,1225,1230,1225,10506700
2022-02-07 13:31:00,1230,1230,1235,1235,384600
2022-02-07 13:32:00,1230,1230,1235,1235,0
2022-02-07 13:33:00,1235,1235,1235,1235,342700
2022-02-07 13:34:00,1235,1235,1240,1240,80700
2022-02-07 13:35:00,1240,1235,1250,1245,390200
2022-02-07 13:36:00,1245,1245,1250,1250,350800
2022-02-07 13:37:00,1255,1250,1260,1250,706200
2022-02-07 13:38:00,1250,1250,1250,1250,27200
2022-02-07 13:39:00,1255,1250,1255,1250,848600
2022-02-07 13:40:00,1255,1250,1255,1250,243200
2022-02-07 13:41:00,1255,1250,1265,1255,529200
2022-02-07 13:42:00,1260,1255,1260,1255,176600
2022-02-07 13:43:00,1255,1250,1255,1250,285300
2022-02-07 13:44:00,1245,1245,1250,1250,381100
2022-02-07 13:45:00,1250,1245,1250,1245,153500
2022-02-07 13:46:00,1250,1250,1250,1250,2200
2022-02-07 13:47:00,1245,1245,1245,1245,1400
2022-02-07 13:48:00,1250,1245,1250,1245,445100
2022-02-07 13:49:00,1250,1245,1250,1245,77000
2022-02-07 13:50:00,1245,1245,1245,1245,10000
2022-02-07 13:51:00,1240,1240,1240,1240,1000
2022-02-07 13:52:00,1240,1240,1245,1245,96800
2022-02-07 13:53:00,1245,1245,1245,1245,2000
2022-02-07 13:54:00,1250,1245,1250,1245,152800
2022-02-07 13:55:00,1245,1245,1250,1250,20000
2022-02-07 13:56:00,1245,1245,1250,1250,0
2022-02-07 13:57:00,1245,1245,1250,1245,18700
2022-02-07 13:58:00,1245,1245,1245,1245,13200
2022-02-07 13:59:00,1245,1245,1245,1245,11300
2022-02-07 14:00:00,1245,1245,1245,1245,1900
2022-02-07 14:01:00,1245,1245,1245,1245,1000
2022-02-07 14:02:00,1245,1240,1245,1240,30100
2022-02-07 14:03:00,1245,1245,1245,1245,11200
2022-02-07 14:04:00,1245,1245,1245,1245,0
2022-02-07 14:05:00,1245,1245,1245,1245,10000
2022-02-07 14:06:00,1245,1245,1245,1245,0
2022-02-07 14:07:00,1245,1245,1245,1245,0
2022-02-07 14:08:00,1245,1245,1245,1245,0
2022-02-07 14:09:00,1245,1245,1245,1245,5000
2022-02-07 14:10:00,1245,1245,1245,1245,0
2022-02-07 14:11:00,1245,1245,1245,1245,0
2022-02-07 14:12:00,1240,1240,1240,1240,5000
2022-02-07 14:13:00,1240,1240,1240,1240,7000
2022-02-07 14:14:00,1245,1245,1245,1245,900
2022-02-07 14:15:00,1245,1240,1245,1245,117900
2022-02-07 14:16:00,1250,1245,1250,1245,28200
2022-02-07 14:17:00,1245,1245,1245,1245,1100
2022-02-07 14:18:00,1245,1245,1245,1245,5800
2022-02-07 14:19:00,1245,1245,1245,1245,2600
2022-02-07 14:20:00,1245,1245,1250,1250,34000
2022-02-07 14:21:00,1245,1245,1250,1250,0
2022-02-07 14:22:00,1250,1250,1250,1250,100
2022-02-07 14:23:00,1245,1245,1245,1245,2600
2022-02-07 14:24:00,1245,1240,1245,1240,135000
2022-02-07 14:25:00,1245,1240,1245,1240,0
2022-02-07 14:26:00,1245,1245,1245,1245,2300
2022-02-07 14:27:00,1245,1245,1245,1245,0
2022-02-07 14:28:00,1245,1245,1250,1245,30600
2022-02-07 14:29:00,1245,1245,1245,1245,2000
2022-02-07 14:30:00,1245,1240,1245,1240,3500
2022-02-07 14:31:00,1245,1240,1245,1240,0
2022-02-07 14:32:00,1240,1240,1240,1240,7900
2022-02-07 14:33:00,1240,1240,1240,1240,4200
2022-02-07 14:34:00,1240,1240,1240,1240,900
2022-02-07 14:35:00,1240,1240,1240,1240,2100
2022-02-07 14:36:00,1240,1240,1240,1240,5000
2022-02-07 14:37:00,1240,1240,1240,1240,0
2022-02-07 14:38:00,1240,1240,1240,1240,100
2022-02-07 14:39:00,1240,1240,1240,1240,0
2022-02-07 14:40:00,1240,1240,1240,1240,2200
2022-02-07 14:41:00,1240,1240,1245,1245,44400
2022-02-07 14:42:00,1245,1240,1245,1245,41200
2022-02-07 14:43:00,1245,1240,1245,1240,10500
2022-02-07 14:44:00,1245,1240,1245,1240,0
2022-02-07 14:45:00,1240,1240,1240,1240,700
2022-02-07 14:46:00,1240,1240,1245,1245,29200
2022-02-07 14:47:00,1245,1245,1245,1245,2200
2022-02-07 14:48:00,1240,1240,1245,1245,152400
2022-02-07 14:49:00,1240,1240,1245,1245,0
2022-02-07 14:50:00,1240,1240,1245,1245,0
2022-02-07 14:51:00,1240,1240,1245,1245,0
2022-02-07 14:52:00,1240,1240,1245,1245,0
2022-02-07 14:53:00,1240,1240,1245,1245,0
2022-02-07 14:54:00,1240,1240,1245,1245,0
2022-02-07 14:55:00,1240,1240,1245,1245,0
2022-02-07 14:56:00,1240,1240,1245,1245,0
2022-02-07 14:57:00,1240,1240,1245,1245,0
2022-02-07 14:58:00,1240,1240,1245,1245,0
2022-02-07 14:59:00,1240,1240,1245,1245,0
2022-02-07 15:00:00,1240,1240,1240,1240,115200
2022-02-07 15:01:00,1240,1240,1240,1240,400
2022-02-07 15:02:00,1240,1240,1240,1240,3000
2022-02-07 15:03:00,1240,1240,1240,1240,0
2022-02-07 15:04:00,1240,1240,1240,1240,2500
2022-02-07 15:05:00,1240,1240,1240,1240,2000
2022-02-07 15:06:00,1240,1240,1240,1240,4500
2022-02-07 15:07:00,1240,1240,1240,1240,500
2022-02-07 15:08:00,1240,1240,1240,1240,0
2022-02-07 15:09:00,1240,1240,1240,1240,0
2022-02-07 15:10:00,1240,1240,1240,1240,0
2022-02-07 15:11:00,1240,1240,1240,1240,0
2022-02-07 15:12:00,1240,1240,1240,1240,0
2022-02-07 15:13:00,1240,1240,1240,1240,0
2022-02-07 15:14:00,1240,1240,1240,1240,0
2022-02-07 15:15:00,1240,1240,1240,1240,0
2022-02-07 15:16:00,1240,1240,1240,1240,0
2022-02-07 15:17:00,1240,1240,1240,1240,0
2022-02-07 15:18:00,1240,1240,1240,1240,0
2022-02-07 15:19:00,1240,1240,1240,1240,0
2022-02-07 15:20:00,1240,1240,1240,1240,0
2022-02-07 15:21:00,1240,1240,1240,1240,0
2022-02-07 15:22:00,1240,1240,1240,1240,0
2022-02-07 15:23:00,1240,1240,1240,1240,0
2022-02-07 15:24:00,1240,1240,1240,1240,0
2022-02-07 15:25:00,1240,1240,1240,1240,0
2022-02-07 15:26:00,1240,1240,1240,1240,0
2022-02-07 15:27:00,1240,1240,1240,1240,0
2022-02-07 15:28:00,1240,1240,1240,1240,0
2022-02-07 15:29:00,1240,1240,1240,1240,0
2022-02-07 15:30:00,1240,1240,1240,1240,0
2022-02-07 15:31:00,1240,1240,1240,1240,0
2022-02-07 15:32:00,1240,1240,1240,1240,0
2022-02-07 15:33:00,1240,1240,1240,1240,0
2022-02-07 15:34:00,1240,1240,1240,1240,0
2022-02-07 15:35:00,1240,1240,1240,1240,0
2022-02-07 15:36:00,1240,1240,1240,1240,0
2022-02-07 15:37:00,1240,1240,1240,1240,0
2022-02-07 15:38:00,1240,1240,1240,1240,0
2022-02-07 15:39:00,1240,1240,1240,1240,0
2022-02-07 15:40:00,1240,1240,1240,1240,0
2022-02-07 15:41:00,1240,1240,1240,1240,0
2022-02-07 15:42:00,1240,1240,1240,1240,0
2022-02-07 15:43:00,1240,1240,1240,1240,0
2022-02-07 15:44:00,1240,1240,1240,1240,0
2022-02-07 15:45:00,1240,1240,1240,1240,0
2022-02-07 15:46:00,1240,1240,1240,1240,0
2022-02-07 15:47:00,1240,1240,1240,1240,0
2022-02-07 15:48:00,1240,1240,1240,1240,0
2022-02-07 15:49:00,1240,1240,1240,1240,0
2022-02-07 15:50:00,1240,1240,1240,1240,0
2022-02-07 15:51:00,1240,1240,1240,1240,0
2022-02-07 15:52:00,1240,1240,1240,1240,0
2022-02-07 15:53:00,1240,1240,1240,1240,0
2022-02-07 15:54:00,1240,1240,1240,1240,0
2022-02-07 15:55:00,1240,1240,1240,1240,0
2022-02-07 15:56:00,1240,1240,1240,1240,0
2022-02-07 15:57:00,1240,1240,1240,1240,0
2022-02-07 15:58:00,1240,1240,1240,1240,0
2022-02-07 15:59:00,1240,1240,1240,1240,0
2022-02-08 09:00:00,1245,1240,1245,1245,0
2022-02-08 09:01:00,1245,1240,1245,1245,10600
2022-02-08 09:02:00,1245,1245,1255,1245,308900
2022-02-08 09:03:00,1245,1245,1250,1245,324000
2022-02-08 09:04:00,1245,1240,1245,1240,23700
2022-02-08 09:05:00,1240,1240,1245,1240,45900
2022-02-08 09:06:00,1245,1245,1250,1250,175800
2022-02-08 09:07:00,1250,1250,1250,1250,203800
2022-02-08 09:08:00,1250,1250,1250,1250,401500
2022-02-08 09:09:00,1255,1250,1260,1250,571900
2022-02-08 09:10:00,1250,1245,1255,1245,816300
2022-02-08 09:11:00,1250,1245,1255,1255,343200
2022-02-08 09:12:00,1250,1245,1250,1245,312400
2022-02-08 09:13:00,1245,1245,1255,1250,153900
2022-02-08 09:14:00,1250,1250,1255,1255,93100
2022-02-08 09:15:00,1255,1255,1255,1255,5800
2022-02-08 09:16:00,1255,1255,1265,1260,212800
2022-02-08 09:17:00,1260,1255,1260,1255,47500
2022-02-08 09:18:00,1260,1255,1260,1260,16200
2022-02-08 09:19:00,1260,1260,1265,1265,304600
2022-02-08 09:20:00,1270,1265,1275,1270,345000
2022-02-08 09:21:00,1270,1260,1270,1260,98700
2022-02-08 09:22:00,1260,1255,1260,1255,14200
2022-02-08 09:23:00,1255,1255,1255,1255,33100
2022-02-08 09:24:00,1255,1255,1255,1255,40000
2022-02-08 09:25:00,1250,1250,1255,1250,42800
2022-02-08 09:26:00,1255,1255,1255,1255,100
2022-02-08 09:27:00,1250,1250,1250,1250,12000
2022-02-08 09:28:00,1250,1250,1250,1250,6500
2022-02-08 09:29:00,1245,1245,1245,1245,11200
2022-02-08 09:30:00,1245,1245,1245,1245,1700
2022-02-08 09:31:00,1245,1245,1245,1245,0
2022-02-08 09:32:00,1245,1245,1245,1245,8800
2022-02-08 09:33:00,1250,1250,1250,1250,25400
2022-02-08 09:34:00,1250,1250,1255,1255,27800
2022-02-08 09:35:00,1245,1245,1250,1250,22100
2022-02-08 09:36:00,1250,1250,1250,1250,11400
2022-02-08 09:37:00,1250,1245,1250,1250,2700
2022-02-08 09:38:00,1250,1250,1250,1250,23500
2022-02-08 09:39:00,1250,1250,1250,1250,0
2022-02-08 09:40:00,1250,1250,1250,1250,100
2022-02-08 09:41:00,1250,1250,1250,1250,0
2022-02-08 09:42:00,1250,1250,1250,1250,48600
2022-02-08 09:43:00,1250,1245,1250,1245,208600
2022-02-08 09:44:00,1245,1245,1245,1245,52500
2022-02-08 09:45:00,1245,1245,1245,1245,0
2022-02-08 09:46:00,1245,1240,1245,1240,12500
2022-02-08 09:47:00,1240,1240,1240,1240,2000
2022-02-08 09:48:00,1245,1245,1245,1245,6800
2022-02-08 09:49:00,1245,1245,1245,1245,500
2022-02-08 09:50:00,1245,1245,1245,1245,5000
2022-02-08 09:51:00,1245,1245,1245,1245,0
2022-02-08 09:52:00,1245,1245,1245,1245,500
2022-02-08 09:53:00,1245,1245,1245,1245,5000
2022-02-08 09:54:00,1245,1245,1245,1245,1500
2022-02-08 09:55:00,1240,1240,1245,1245,700
2022-02-08 09:56:00,1240,1240,1245,1245,1100
2022-02-08 09:57:00,1245,1245,1245,1245,5000
2022-02-08 09:58:00,1245,1245,1245,1245,0
2022-02-08 09:59:00,1240,1240,1240,1240,1700
2022-02-08 10:00:00,1240,1240,1240,1240,10100
2022-02-08 10:01:00,1240,1240,1240,1240,1000
2022-02-08 10:02:00,1240,1240,1240,1240,3000
2022-02-08 10:03:00,1240,1240,1240,1240,19700
2022-02-08 10:04:00,1240,1240,1240,1240,0
2022-02-08 10:05:00,1240,1240,1240,1240,1800
2022-02-08 10:06:00,1240,1240,1240,1240,200
2022-02-08 10:07:00,1240,1240,1240,1240,0
2022-02-08 10:08:00,1245,1245,1245,1245,1000
2022-02-08 10:09:00,1245,1245,1245,1245,20000
2022-02-08 10:10:00,1245,1240,1250,1250,40700
2022-02-08 10:11:00,1245,1240,1250,1250,0
2022-02-08 10:12:00,1245,1240,1250,1250,0
2022-02-08 10:13:00,1245,1240,1250,1250,0
2022-02-08 10:14:00,1245,1245,1245,1245,32100
2022-02-08 10:15:00,1245,1245,1245,1245,200
2022-02-08 10:16:00,1245,1245,1245,1245,30000
2022-02-08 10:17:00,1245,1245,1245,1245,900
2022-02-08 10:18:00,1240,1240,1245,1245,17300
2022-02-08 10:19:00,1245,1245,1245,1245,2000
2022-02-08 10:20:00,1245,1245,1245,1245,0
2022-02-08 10:21:00,1245,1245,1245,1245,15200
2022-02-08 10:22:00,1245,1245,1245,1245,0
2022-02-08 10:23:00,1245,1245,1245,1245,900
2022-02-08 10:24:00,1240,1240,1240,1240,2000
2022-02-08 10:25:00,1240,1240,1240,1240,100
2022-02-08 10:26:00,1240,1240,1240,1240,2000
2022-02-08 10:27:00,1240,1240,1240,1240,0
2022-02-08 10:28:00,1240,1240,1240,1240,43300
2022-02-08 10:29:00,1240,1240,1240,1240,7100
2022-02-08 10:30:00,1240,1240,1240,1240,500
2022-02-08 10:31:00,1240,1240,1240,1240,300
2022-02-08 10:32:00,1240,1240,1240,1240,1700
2022-02-08 10:33:00,1240,1240,1240,1240,600
2022-02-08 10:34:00,1240,1230,1240,1230,326200
2022-02-08 10:35:00,1230,1230,1230,1230,30400
2022-02-08 10:36:00,1230,1230,1230,1230,21700
2022-02-08 10:37:00,1230,1230,1230,1230,6100
2022-02-08 10:38:00,1230,1225,1230,1225,7200
2022-02-08 10:39:00,1225,1225,1230,1230,3900
2022-02-08 10:40:00,1225,1225,1225,1225,4900
2022-02-08 10:41:00,1225,1225,1230,1230,2400
2022-02-08 10:42:00,1225,1225,1230,1230,0
2022-02-08 10:43:00,1225,1225,1225,1225,400
2022-02-08 10:44:00,1225,1225,1225,1225,2500
2022-02-08 10:45:00,1225,1225,1230,1230,1600
2022-02-08 10:46:00,1225,1225,1230,1230,0
2022-02-08 10:47:00,1225,1225,1230,1230,0
2022-02-08 10:48:00,1225,1225,1225,1225,1000
2022-02-08 10:49:00,1225,1225,1225,1225,1000
2022-02-08 10:50:00,1225,1225,1225,1225,15000
2022-02-08 10:51:00,1225,1225,1225,1225,8000
2022-02-08 10:52:00,1225,1225,1230,1230,600
2022-02-08 10:53:00,1230,1230,1230,1230,500
2022-02-08 10:54:00,1230,1230,1230,1230,0
2022-02-08 10:55:00,1230,1230,1230,1230,0
2022-02-08 10:56:00,1230,1230,1230,1230,0
2022-02-08 10:57:00,1230,1230,1230,1230,5000
2022-02-08 10:58:00,1230,1230,1230,1230,600
2022-02-08 10:59:00,1225,1225,1225,1225,1200
2022-02-08 11:00:00,1225,1225,1225,1225,51100
2022-02-08 11:01:00,1225,1220,1225,1220,105700
2022-02-08 11:02:00,1220,1220,1220,1220,900
2022-02-08 11:03:00,1220,1220,1220,1220,200
2022-02-08 11:04:00,1220,1220,1220,1220,10600
2022-02-08 11:05:00,1225,1220,1225,1225,5200
2022-02-08 11:06:00,1220,1220,1220,1220,400
2022-02-08 11:07:00,1220,1220,1220,1220,0
2022-02-08 11:08:00,1220,1220,1220,1220,200
2022-02-08 11:09:00,1220,1220,1220,1220,0
2022-02-08 11:10:00,1220,1220,1220,1220,7000
2022-02-08 11:11:00,1220,1220,1220,1220,600
2022-02-08 11:12:00,1220,1220,1220,1220,4000
2022-02-08 11:13:00,1220,1220,1220,1220,0
2022-02-08 11:14:00,1225,1225,1225,1225,800
2022-02-08 11:15:00,1225,1225,1225,1225,0
2022-02-08 11:16:00,1225,1225,1225,1225,0
2022-02-08 11:17:00,1225,1225,1225,1225,0
2022-02-08 11:18:00,1220,1220,1225,1225,7600
2022-02-08 11:19:00,1220,1220,1225,1225,0
2022-02-08 11:20:00,1220,1220,1225,1225,0
2022-02-08 11:21:00,1220,1220,1225,1225,0
2022-02-08 11:22:00,1220,1220,1225,1225,3600
2022-02-08 11:23:00,1220,1220,1220,1220,600
2022-02-08 11:24:00,1220,1220,1220,1220,7100
2022-02-08 11:25:00,1220,1220,1220,1220,0
2022-02-08 11:26:00,1220,1220,1220,1220,0
2022-02-08 11:27:00,1220,1220,1220,1220,0
2022-02-08 11:28:00,1220,1220,1220,1220,1000
2022-02-08 11:29:00,1220,1220,1220,1220,1100
2022-02-08 11:30:00,1220,1220,1220,1220,0
2022-02-08 11:31:00,1220,1220,1220,1220,0
2022-02-08 11:32:00,1220,1220,1220,1220,0
2022-02-08 11:33:00,1220,1220,1220,1220,0
2022-02-08 11:34:00,1220,1220,1220,1220,0
2022-02-08 11:35:00,1220,1220,1220,1220,0
2022-02-08 11:36:00,1220,1220,1220,1220,0
2022-02-08 11:37:00,1220,1220,1220,1220,0
2022-02-08 11:38:00,1220,1220,1220,1220,0
2022-02-08 11:39:00,1220,1220,1220,1220,0
2022-02-08 11:40:00,1220,1220,1220,1220,0
2022-02-08 11:41:00,1220,1220,1220,1220,0
2022-02-08 11:42:00,1220,1220,1220,1220,0
2022-02-08 11:43:00,1220,1220,1220,1220,0
2022-02-08 11:44:00,1220,1220,1220,1220,0
2022-02-08 11:45:00,1220,1220,1220,1220,0
2022-02-08 11:46:00,1220,1220,1220,1220,0
2022-02-08 11:47:00,1220,1220,1220,1220,0
2022-02-08 11:48:00,1220,1220,1220,1220,0
2022-02-08 11:49:00,1220,1220,1220,1220,0
2022-02-08 11:50:00,1220,1220,1220,1220,0
2022-02-08 11:51:00,1220,1220,1220,1220,0
2022-02-08 11:52:00,1220,1220,1220,1220,0
2022-02-08 11:53:00,1220,1220,1220,1220,0
2022-02-08 11:54:00,1220,1220,1220,1220,0
2022-02-08 11:55:00,1220,1220,1220,1220,0
2022-02-08 11:56:00,1220,1220,1220,1220,0
2022-02-08 11:57:00,1220,1220,1220,1220,0
2022-02-08 11:58:00,1220,1220,1220,1220,0
2022-02-08 11:59:00,1220,1220,1220,1220,0
2022-02-08 12:00:00,1220,1220,1220,1220,0
2022-02-08 12:01:00,1220,1220,1220,1220,0
2022-02-08 12:02:00,1220,1220,1220,1220,0
2022-02-08 12:03:00,1220,1220,1220,1220,0
2022-02-08 12:04:00,1220,1220,1220,1220,0
2022-02-08 12:05:00,1220,1220,1220,1220,0
2022-02-08 12:06:00,1220,1220,1220,1220,0
2022-02-08 12:07:00,1220,1220,1220,1220,0
2022-02-08 12:08:00,1220,1220,1220,1220,0
2022-02-08 12:09:00,1220,1220,1220,1220,0
2022-02-08 12:10:00,1220,1220,1220,1220,0
2022-02-08 12:11:00,1220,1220,1220,1220,0
2022-02-08 12:12:00,1220,1220,1220,1220,0
2022-02-08 12:13:00,1220,1220,1220,1220,0
2022-02-08 12:14:00,1220,1220,1220,1220,0
2022-02-08 12:15:00,1220,1220,1220,1220,0
2022-02-08 12:16:00,1220,1220,1220,1220,0
2022-02-08 12:17:00,1220,1220,1220,1220,0
2022-02-08 12:18:00,1220,1220,1220,1220,0
2022-02-08 12:19:00,1220,1220,1220,1220,0
2022-02-08 12:20:00,1220,1220,1220,1220,0
2022-02-08 12:21:00,1220,1220,1220,1220,0
2022-02-08 12:22:00,1220,1220,1220,1220,0
2022-02-08 12:23:00,1220,1220,1220,1220,0
2022-02-08 12:24:00,1220,1220,1220,1220,0
2022-02-08 12:25:00,1220,1220,1220,1220,0
2022-02-08 12:26:00,1220,1220,1220,1220,0
2022-02-08 12:27:00,1220,1220,1220,1220,0
2022-02-08 12:28:00,1220,1220,1220,1220,0
2022-02-08 12:29:00,1220,1220,1220,1220,0
2022-02-08 12:30:00,1220,1220,1220,1220,0
2022-02-08 12:31:00,1220,1220,1220,1220,0
2022-02-08 12:32:00,1220,1220,1220,1220,0
2022-02-08 12:33:00,1220,1220,1220,1220,0
2022-02-08 12:34:00,1220,1220,1220,1220,0
2022-02-08 12:35:00,1220,1220,1220,1220,0
2022-02-08 12:36:00,1220,1220,1220,1220,0
2022-02-08 12:37:00,1220,1220,1220,1220,0
2022-02-08 12:38:00,1220,1220,1220,1220,0
2022-02-08 12:39:00,1220,1220,1220,1220,0
2022-02-08 12:40:00,1220,1220,1220,1220,0
2022-02-08 12:41:00,1220,1220,1220,1220,0
2022-02-08 12:42:00,1220,1220,1220,1220,0
2022-02-08 12:43:00,1220,1220,1220,1220,0
2022-02-08 12:44:00,1220,1220,1220,1220,0
2022-02-08 12:45:00,1220,1220,1220,1220,0
2022-02-08 12:46:00,1220,1220,1220,1220,0
2022-02-08 12:47:00,1220,1220,1220,1220,0
2022-02-08 12:48:00,1220,1220,1220,1220,0
2022-02-08 12:49:00,1220,1220,1220,1220,0
2022-02-08 12:50:00,1220,1220,1220,1220,0
2022-02-08 12:51:00,1220,1220,1220,1220,0
2022-02-08 12:52:00,1220,1220,1220,1220,0
2022-02-08 12:53:00,1220,1220,1220,1220,0
2022-02-08 12:54:00,1220,1220,1220,1220,0
2022-02-08 12:55:00,1220,1220,1220,1220,0
2022-02-08 12:56:00,1220,1220,1220,1220,0
2022-02-08 12:57:00,1220,1220,1220,1220,0
2022-02-08 12:58:00,1220,1220,1220,1220,0
2022-02-08 12:59:00,1220,1220,1220,1220,0
2022-02-08 13:00:00,1220,1220,1220,1220,0
2022-02-08 13:01:00,1220,1220,1220,1220,0
2022-02-08 13:02:00,1220,1220,1220,1220,0
2022-02-08 13:03:00,1220,1220,1220,1220,0
2022-02-08 13:04:00,1220,1220,1220,1220,0
2022-02-08 13:05:00,1220,1220,1220,1220,0
2022-02-08 13:06:00,1220,1220,1220,1220,0
2022-02-08 13:07:00,1220,1220,1220,1220,0
2022-02-08 13:08:00,1220,1220,1220,1220,0
2022-02-08 13:09:00,1220,1220,1220,1220,0
2022-02-08 13:10:00,1220,1220,1220,1220,0
2022-02-08 13:11:00,1220,1220,1220,1220,0
2022-02-08 13:12:00,1220,1220,1220,1220,0
2022-02-08 13:13:00,1220,1220,1220,1220,0
2022-02-08 13:14:00,1220,1220,1220,1220,0
2022-02-08 13:15:00,1220,1220,1220,1220,0
2022-02-08 13:16:00,1220,1220,1220,1220,0
2022-02-08 13:17:00,1220,1220,1220,1220,0
2022-02-08 13:18:00,1220,1220,1220,1220,0
2022-02-08 13:19:00,1220,1220,1220,1220,0
2022-02-08 13:20:00,1220,1220,1220,1220,0
2022-02-08 13:21:00,1220,1220,1220,1220,0
2022-02-08 13:22:00,1220,1220,1220,1220,0
2022-02-08 13:23:00,1220,1220,1220,1220,0
2022-02-08 13:24:00,1220,1220,1220,1220,0
2022-02-08 13:25:00,1220,1220,1220,1220,0
2022-02-08 13:26:00,1220,1220,1220,1220,0
2022-02-08 13:27:00,1220,1220,1220,1220,0
2022-02-08 13:28:00,1220,1220,1220,1220,0
2022-02-08 13:29:00,1220,1220,1220,1220,0
2022-02-08 13:30:00,1220,1220,1225,1225,41900
2022-02-08 13:31:00,1220,1220,1220,1220,51500
2022-02-08 13:32:00,1220,1215,1220,1215,2100
2022-02-08 13:33:00,1215,1215,1220,1220,4100
2022-02-08 13:34:00,1220,1220,1220,1220,74100
2022-02-08 13:35:00,1220,1215,1225,1225,636800
2022-02-08 13:36:00,1225,1225,1225,1225,300800
2022-02-08 13:37:00,1225,1225,1235,1230,643200
2022-02-08 13:38:00,1230,1225,1230,1230,42900
2022-02-08 13:39:00,1235,1235,1235,1235,300000
2022-02-08 13:40:00,1235,1235,1235,1235,0
2022-02-08 13:41:00,1235,1235,1235,1235,0
2022-02-08 13:42:00,1235,1235,1235,1235,0
2022-02-08 13:43:00,1235,1235,1235,1235,0
2022-02-08 13:44:00,1235,1235,1235,1235,0
2022-02-08 13:45:00,1235,1235,1235,1235,0
2022-02-08 13:46:00,1235,1230,1235,1230,25000
2022-02-08 13:47:00,1235,1230,1235,1230,0
2022-02-08 13:48:00,1235,1235,1235,1235,200
2022-02-08 13:49:00,1235,1235,1235,1235,0
2022-02-08 13:50:00,1235,1235,1235,1235,0
2022-02-08 13:51:00,1235,1235,1235,1235,0
2022-02-08 13:52:00,1230,1230,1230,1230,9800
2022-02-08 13:53:00,1230,1230,1230,1230,0
2022-02-08 13:54:00,1230,1230,1230,1230,0
2022-02-08 13:55:00,1235,1235,1235,1235,7500
2022-02-08 13:56:00,1235,1230,1235,1230,19000
2022-02-08 13:57:00,1235,1230,1235,1230,0
2022-02-08 13:58:00,1230,1230,1230,1230,10900
2022-02-08 13:59:00,1230,1230,1230,1230,0
2022-02-08 14:00:00,1230,1230,1230,1230,0
2022-02-08 14:01:00,1230,1230,1230,1230,0
2022-02-08 14:02:00,1230,1230,1230,1230,5000
2022-02-08 14:03:00,1225,1225,1225,1225,17000
2022-02-08 14:04:00,1225,1225,1225,1225,0
2022-02-08 14:05:00,1225,1225,1225,1225,1800
2022-02-08 14:06:00,1225,1225,1225,1225,10000
2022-02-08 14:07:00,1225,1225,1225,1225,0
2022-02-08 14:08:00,1225,1225,1225,1225,0
2022-02-08 14:09:00,1225,1225,1225,1225,0
2022-02-08 14:10:00,1225,1225,1225,1225,500
2022-02-08 14:11:00,1225,1225,1225,1225,0
2022-02-08 14:12:00,1225,1225,1225,1225,1000
2022-02-08 14:13:00,1225,1225,1225,1225,0
2022-02-08 14:14:00,1225,1225,1225,1225,1000
2022-02-08 14:15:00,1225,1225,1225,1225,0
2022-02-08 14:16:00,1225,1225,1225,1225,3400
2022-02-08 14:17:00,1225,1225,1225,1225,500
2022-02-08 14:18:00,1230,1230,1230,1230,3500
2022-02-08 14:19:00,1230,1230,1230,1230,400
2022-02-08 14:20:00,1225,1225,1230,1230,3000
2022-02-08 14:21:00,1225,1225,1230,1230,0
2022-02-08 14:22:00,1225,1225,1225,1225,13600
2022-02-08 14:23:00,1225,1225,1225,1225,0
2022-02-08 14:24:00,1225,1225,1225,1225,0
2022-02-08 14:25:00,1225,1225,1225,1225,0
2022-02-08 14:26:00,1225,1225,1225,1225,0
2022-02-08 14:27:00,1225,1225,1225,1225,700
2022-02-08 14:28:00,1230,1230,1230,1230,10800
2022-02-08 14:29:00,1230,1230,1230,1230,400
2022-02-08 14:30:00,1230,1230,1230,1230,0
2022-02-08 14:31:00,1230,1230,1230,1230,0
2022-02-08 14:32:00,1230,1230,1230,1230,3200
2022-02-08 14:33:00,1230,1230,1230,1230,500
2022-02-08 14:34:00,1230,1230,1235,1235,11400
2022-02-08 14:35:00,1230,1230,1235,1235,0
2022-02-08 14:36:00,1230,1230,1235,1235,0
2022-02-08 14:37:00,1235,1235,1235,1235,500
2022-02-08 14:38:00,1235,1235,1235,1235,0
2022-02-08 14:39:00,1235,1235,1235,1235,100000
2022-02-08 14:40:00,1235,1235,1235,1235,108800
2022-02-08 14:41:00,1235,1235,1235,1235,100
2022-02-08 14:42:00,1235,1235,1235,1235,100
2022-02-08 14:43:00,1235,1235,1235,1235,0
2022-02-08 14:44:00,1235,1235,1235,1235,0
2022-02-08 14:45:00,1230,1230,1230,1230,6500
2022-02-08 14:46:00,1230,1230,1230,1230,2500
2022-02-08 14:47:00,1235,1235,1235,1235,100
2022-02-08 14:48:00,1235,1235,1235,1235,30000
2022-02-08 14:49:00,1235,1235,1240,1235,4700
2022-02-08 14:50:00,1235,1235,1240,1235,0
2022-02-08 14:51:00,1235,1235,1240,1235,0
2022-02-08 14:52:00,1235,1235,1240,1235,0
2022-02-08 14:53:00,1235,1235,1240,1235,0
2022-02-08 14:54:00,1235,1235,1240,1235,0
2022-02-08 14:55:00,1235,1235,1240,1235,0
2022-02-08 14:56:00,1235,1235,1240,1235,0
2022-02-08 14:57:00,1235,1235,1240,1235,0
2022-02-08 14:58:00,1235,1235,1240,1235,0
2022-02-08 14:59:00,1235,1235,1240,1235,0
2022-02-08 15:00:00,1240,1240,1240,1240,33800
2022-02-08 15:01:00,1240,1240,1240,1240,111200
2022-02-08 15:02:00,1240,1240,1240,1240,10000
2022-02-08 15:03:00,1240,1240,1240,1240,100
2022-02-08 15:04:00,1240,1240,1240,1240,0
2022-02-08 15:05:00,1240,1240,1240,1240,0
2022-02-08 15:06:00,1240,1240,1240,1240,100
2022-02-08 15:07:00,1240,1240,1240,1240,0
2022-02-08 15:08:00,1240,1240,1240,1240,20000
2022-02-08 15:09:00,1240,1240,1240,1240,0
2022-02-08 15:10:00,1240,1240,1240,1240,0
2022-02-08 15:11:00,1240,1240,1240,1240,0
2022-02-08 15:12:00,1240,1240,1240,1240,30000
2022-02-08 15:13:00,1240,1240,1240,1240,1700
2022-02-08 15:14:00,1240,1240,1240,1240,0
2022-02-08 15:15:00,1240,1240,1240,1240,0
2022-02-08 15:16:00,1240,1240,1240,1240,0
2022-02-08 15:17:00,1240,1240,1240,1240,0
2022-02-08 15:18:00,1240,1240,1240,1240,0
2022-02-08 15:19:00,1240,1240,1240,1240,0
2022-02-08 15:20:00,1240,1240,1240,1240,0
2022-02-08 15:21:00,1240,1240,1240,1240,0
2022-02-08 15:22:00,1240,1240,1240,1240,0
2022-02-08 15:23:00,1240,1240,1240,1240,0
2022-02-08 15:24:00,1240,1240,1240,1240,0
2022-02-08 15:25:00,1240,1240,1240,1240,0
2022-02-08 15:26:00,1240,1240,1240,1240,0
2022-02-08 15:27:00,1240,1240,1240,1240,0
2022-02-08 15:28:00,1240,1240,1240,1240,0
2022-02-08 15:29:00,1240,1240,1240,1240,0
2022-02-08 15:30:00,1240,1240,1240,1240,0
2022-02-08 15:31:00,1240,1240,1240,1240,0
2022-02-08 15:32:00,1240,1240,1240,1240,0
2022-02-08 15:33:00,1240,1240,1240,1240,0
2022-02-08 15:34:00,1240,1240,1240,1240,0
2022-02-08 15:35:00,1240,1240,1240,1240,0
2022-02-08 15:36:00,1240,1240,1240,1240,0
2022-02-08 15:37:00,1240,1240,1240,1240,0
2022-02-08 15:38:00,1240,1240,1240,1240,0
2022-02-08 15:39:00,1240,1240,1240,1240,0
2022-02-08 15:40:00,1240,1240,1240,1240,0
2022-02-08 15:41:00,1240,1240,1240,1240,0
2022-02-08 15:42:00,1240,1240,1240,1240,0
2022-02-08 15:43:00,1240,1240,1240,1240,0
2022-02-08 15:44:00,1240,1240,1240,1240,0
2022-02-08 15:45:00,1240,1240,1240,1240,0
2022-02-08 15:46:00,1240,1240,1240,1240,0
2022-02-08 15:47:00,1240,1240,1240,1240,0
2022-02-08 15:48:00,1240,1240,1240,1240,0
2022-02-08 15:49:00,1240,1240,1240,1240,0
2022-02-08 15:50:00,1240,1240,1240,1240,0
2022-02-08 15:51:00,1240,1240,1240,1240,0
2022-02-08 15:52:00,1240,1240,1240,1240,0
2022-02-08 15:53:00,1240,1240,1240,1240,0
2022-02-08 15:54:00,1240,1240,1240,1240,0
2022-02-08 15:55:00,1240,1240,1240,1240,0
2022-02-08 15:56:00,1240,1240,1240,1240,0
2022-02-08 15:57:00,1240,1240,1240,1240,0
2022-02-08 15:58:00,1240,1240,1240,1240,0
2022-02-08 15:59:00,1240,1240,1240,1240,0
2022-02-09 09:00:00,1240,1240,1245,1240,0
2022-02-09 09:01:00,1240,1235,1240,1240,113800
2022-02-09 09:02:00,1240,1240,1240,1240,216000
2022-02-09 09:03:00,1240,1240,1240,1240,100
2022-02-09 09:04:00,1235,1235,1240,1240,271500
2022-02-09 09:05:00,1240,1240,1240,1240,52700
2022-02-09 09:06:00,1245,1245,1245,1245,584100
2022-02-09 09:07:00,1240,1240,1245,1245,155800
2022-02-09 09:08:00,1245,1245,1255,1250,260500
2022-02-09 09:09:00,1250,1250,1250,1250,301000
2022-02-09 09:10:00,1250,1250,1255,1250,72700
2022-02-09 09:11:00,1250,1250,1250,1250,10300
2022-02-09 09:12:00,1255,1255,1255,1255,12400
2022-02-09 09:13:00,1250,1250,1250,1250,27700
2022-02-09 09:14:00,1250,1250,1250,1250,0
2022-02-09 09:15:00,1250,1245,1250,1245,35400
2022-02-09 09:16:00,1250,1250,1250,1250,400
2022-02-09 09:17:00,1250,1245,1250,1245,4500
2022-02-09 09:18:00,1250,1245,1250,1245,0
2022-02-09 09:19:00,1250,1245,1250,1245,0
2022-02-09 09:20:00,1250,1250,1250,1250,1300
2022-02-09 09:21:00,1245,1245,1245,1245,1500
2022-02-09 09:22:00,1245,1245,1245,1245,0
2022-02-09 09:23:00,1250,1250,1250,1250,700
2022-02-09 09:24:00,1245,1245,1245,1245,15400
2022-02-09 09:25:00,1245,1245,1245,1245,1500
2022-02-09 09:26:00,1245,1245,1245,1245,0
2022-02-09 09:27:00,1245,1245,1245,1245,0
2022-02-09 09:28:00,1240,1240,1240,1240,4000
2022-02-09 09:29:00,1240,1240,1245,1245,3000
2022-02-09 09:30:00,1240,1240,1245,1245,0
2022-02-09 09:31:00,1245,1240,1245,1240,1300
2022-02-09 09:32:00,1245,1240,1245,1240,0
2022-02-09 09:33:00,1240,1240,1240,1240,26900
2022-02-09 09:34:00,1240,1240,1245,1245,600
2022-02-09 09:35:00,1240,1240,1240,1240,4700
2022-02-09 09:36:00,1240,1240,1240,1240,0
2022-02-09 09:37:00,1240,1240,1240,1240,0
2022-02-09 09:38:00,1245,1245,1245,1245,100
2022-02-09 09:39:00,1245,1245,1245,1245,400
2022-02-09 09:40:00,1245,1245,1245,1245,0
2022-02-09 09:41:00,1245,1245,1245,1245,1000
2022-02-09 09:42:00,1245,1245,1245,1245,0
2022-02-09 09:43:00,1240,1240,1240,1240,53600
2022-02-09 09:44:00,1240,1240,1240,1240,5000
2022-02-09 09:45:00,1240,1240,1240,1240,200
2022-02-09 09:46:00,1240,1240,1240,1240,0
2022-02-09 09:47:00,1235,1235,1235,1235,300
2022-02-09 09:48:00,1235,1235,1235,1235,0
2022-02-09 09:49:00,1240,1240,1240,1240,500
2022-02-09 09:50:00,1240,1240,1240,1240,200
2022-02-09 09:51:00,1235,1235,1240,1240,1800
2022-02-09 09:52:00,1235,1235,1240,1240,0
2022-02-09 09:53:00,1235,1235,1240,1240,0
2022-02-09 09:54:00,1235,1235,1240,1240,0
2022-02-09 09:55:00,1235,1235,1235,1235,500
2022-02-09 09:56:00,1235,1235,1235,1235,0
2022-02-09 09:57:00,1235,1235,1235,1235,0
2022-02-09 09:58:00,1240,1240,1240,1240,1200
2022-02-09 09:59:00,1240,1240,1240,1240,200
2022-02-09 10:00:00,1240,1240,1240,1240,0
2022-02-09 10:01:00,1240,1240,1240,1240,100
2022-02-09 10:02:00,1240,1240,1240,1240,0
2022-02-09 10:03:00,1240,1240,1240,1240,0
2022-02-09 10:04:00,1240,1240,1240,1240,200
2022-02-09 10:05:00,1240,1240,1240,1240,0
2022-02-09 10:06:00,1240,1240,1240,1240,0
2022-02-09 10:07:00,1240,1240,1240,1240,1000
2022-02-09 10:08:00,1240,1240,1240,1240,400
2022-02-09 10:09:00,1240,1240,1240,1240,0
2022-02-09 10:10:00,1240,1240,1240,1240,500
2022-02-09 10:11:00,1240,1235,1240,1235,6500
2022-02-09 10:12:00,1240,1240,1240,1240,300
2022-02-09 10:13:00,1240,1240,1240,1240,0
2022-02-09 10:14:00,1235,1235,1235,1235,4400
2022-02-09 10:15:00,1235,1235,1235,1235,0
2022-02-09 10:16:00,1235,1235,1235,1235,5300
2022-02-09 10:17:00,1235,1235,1235,1235,0
2022-02-09 10:18:00,1235,1235,1235,1235,1800
2022-02-09 10:19:00,1235,1235,1235,1235,200
2022-02-09 10:20:00,1235,1235,1235,1235,20800
2022-02-09 10:21:00,1240,1230,1240,1235,72300
2022-02-09 10:22:00,1235,1230,1235,1235,21500
2022-02-09 10:23:00,1235,1235,1235,1235,100
2022-02-09 10:24:00,1235,1235,1235,1235,0
2022-02-09 10:25:00,1230,1230,1230,1230,300
2022-02-09 10:26:00,1230,1230,1230,1230,2400
2022-02-09 10:27:00,1230,1230,1235,1235,99800
2022-02-09 10:28:00,1230,1230,1230,1230,46000
2022-02-09 10:29:00,1230,1230,1230,1230,0
2022-02-09 10:30:00,1230,1230,1230,1230,100
2022-02-09 10:31:00,1230,1230,1230,1230,0
2022-02-09 10:32:00,1230,1230,1230,1230,100
2022-02-09 10:33:00,1230,1230,1230,1230,100
2022-02-09 10:34:00,1230,1230,1230,1230,0
2022-02-09 10:35:00,1230,1230,1230,1230,0
2022-02-09 10:36:00,1230,1230,1230,1230,0
2022-02-09 10:37:00,1225,1225,1230,1230,34500
2022-02-09 10:38:00,1230,1230,1230,1230,200
2022-02-09 10:39:00,1230,1230,1230,1230,0
2022-02-09 10:40:00,1225,1225,1225,1225,600
2022-02-09 10:41:00,1225,1225,1225,1225,400
2022-02-09 10:42:00,1225,1225,1225,1225,600
2022-02-09 10:43:00,1225,1225,1230,1230,3100
2022-02-09 10:44:00,1225,1225,1230,1230,0
2022-02-09 10:45:00,1225,1225,1225,1225,1100
2022-02-09 10:46:00,1225,1225,1225,1225,4800
2022-02-09 10:47:00,1230,1230,1230,1230,1000
2022-02-09 10:48:00,1230,1230,1230,1230,100
2022-02-09 10:49:00,1225,1225,1225,1225,4900
2022-02-09 10:50:00,1225,1225,1225,1225,80000
2022-02-09 10:51:00,1225,1225,1225,1225,0
2022-02-09 10:52:00,1225,1225,1225,1225,0
2022-02-09 10:53:00,1225,1225,1225,1225,0
2022-02-09 10:54:00,1225,1225,1230,1230,18600
2022-02-09 10:55:00,1225,1225,1230,1230,0
2022-02-09 10:56:00,1225,1225,1230,1230,0
2022-02-09 10:57:00,1230,1230,1230,1230,9500
2022-02-09 10:58:00,1230,1230,1230,1230,0
2022-02-09 10:59:00,1230,1230,1230,1230,400
2022-02-09 11:00:00,1230,1230,1230,1230,0
2022-02-09 11:01:00,1230,1230,1230,1230,0
2022-02-09 11:02:00,1230,1230,1230,1230,0
2022-02-09 11:03:00,1230,1230,1230,1230,0
2022-02-09 11:04:00,1230,1230,1230,1230,0
2022-02-09 11:05:00,1230,1230,1230,1230,0
2022-02-09 11:06:00,1230,1230,1230,1230,0
2022-02-09 11:07:00,1230,1230,1230,1230,0
2022-02-09 11:08:00,1230,1230,1230,1230,0
2022-02-09 11:09:00,1230,1230,1230,1230,0
2022-02-09 11:10:00,1230,1230,1230,1230,0
2022-02-09 11:11:00,1230,1230,1230,1230,27500
2022-02-09 11:12:00,1230,1230,1230,1230,0
2022-02-09 11:13:00,1225,1225,1225,1225,200
2022-02-09 11:14:00,1225,1225,1225,1225,0
2022-02-09 11:15:00,1225,1225,1230,1230,1200
2022-02-09 11:16:00,1225,1225,1230,1230,0
2022-02-09 11:17:00,1225,1225,1230,1230,0
2022-02-09 11:18:00,1225,1225,1230,1230,0
2022-02-09 11:19:00,1225,1225,1230,1230,0
2022-02-09 11:20:00,1225,1225,1230,1230,0
2022-02-09 11:21:00,1225,1225,1230,1230,0
2022-02-09 11:22:00,1225,1225,1230,1230,38200
2022-02-09 11:23:00,1225,1225,1230,1230,0
2022-02-09 11:24:00,1230,1230,1230,1230,10100
2022-02-09 11:25:00,1225,1225,1225,1225,1400
2022-02-09 11:26:00,1230,1225,1230,1225,15400
2022-02-09 11:27:00,1225,1225,1230,1230,2200
2022-02-09 11:28:00,1225,1225,1230,1230,0
2022-02-09 11:29:00,1225,1225,1230,1230,0
2022-02-09 11:30:00,1225,1225,1230,1230,0
2022-02-09 11:31:00,1225,1225,1230,1230,0
2022-02-09 11:32:00,1225,1225,1230,1230,0
2022-02-09 11:33:00,1225,1225,1230,1230,0
2022-02-09 11:34:00,1225,1225,1230,1230,0
2022-02-09 11:35:00,1225,1225,1230,1230,0
2022-02-09 11:36:00,1225,1225,1230,1230,0
2022-02-09 11:37:00,1225,1225,1230,1230,0
2022-02-09 11:38:00,1225,1225,1230,1230,0
2022-02-09 11:39:00,1225,1225,1230,1230,0
2022-02-09 11:40:00,1225,1225,1230,1230,0
2022-02-09 11:41:00,1225,1225,1230,1230,0
2022-02-09 11:42:00,1225,1225,1230,1230,0
2022-02-09 11:43:00,1225,1225,1230,1230,0
2022-02-09 11:44:00,1225,1225,1230,1230,0
2022-02-09 11:45:00,1225,1225,1230,1230,0
2022-02-09 11:46:00,1225,1225,1230,1230,0
2022-02-09 11:47:00,1225,1225,1230,1230,0
2022-02-09 11:48:00,1225,1225,1230,1230,0
2022-02-09 11:49:00,1225,1225,1230,1230,0
2022-02-09 11:50:00,1225,1225,1230,1230,0
2022-02-09 11:51:00,1225,1225,1230,1230,0
2022-02-09 11:52:00,1225,1225,1230,1230,0
2022-02-09 11:53:00,1225,1225,1230,1230,0
2022-02-09 11:54:00,1225,1225,1230,1230,0
2022-02-09 11:55:00,1225,1225,1230,1230,0
2022-02-09 11:56:00,1225,1225,1230,1230,0
2022-02-09 11:57:00,1225,1225,1230,1230,0
2022-02-09 11:58:00,1225,1225,1230,1230,0
2022-02-09 11:59:00,1225,1225,1230,1230,0
2022-02-09 12:00:00,1225,1225,1230,1230,0
2022-02-09 12:01:00,1225,1225,1230,1230,0
2022-02-09 12:02:00,1225,1225,1230,1230,0
2022-02-09 12:03:00,1225,1225,1230,1230,0
2022-02-09 12:04:00,1225,1225,1230,1230,0
2022-02-09 12:05:00,1225,1225,1230,1230,0
2022-02-09 12:06:00,1225,1225,1230,1230,0
2022-02-09 12:07:00,1225,1225,1230,1230,0
2022-02-09 12:08:00,1225,1225,1230,1230,0
2022-02-09 12:09:00,1225,1225,1230,1230,0
2022-02-09 12:10:00,1225,1225,1230,1230,0
2022-02-09 12:11:00,1225,1225,1230,1230,0
2022-02-09 12:12:00,1225,1225,1230,1230,0
2022-02-09 12:13:00,1225,1225,1230,1230,0
2022-02-09 12:14:00,1225,1225,1230,1230,0
2022-02-09 12:15:00,1225,1225,1230,1230,0
2022-02-09 12:16:00,1225,1225,1230,1230,0
2022-02-09 12:17:00,1225,1225,1230,1230,0
2022-02-09 12:18:00,1225,1225,1230,1230,0
2022-02-09 12:19:00,1225,1225,1230,1230,0
2022-02-09 12:20:00,1225,1225,1230,1230,0
2022-02-09 12:21:00,1225,1225,1230,1230,0
2022-02-09 12:22:00,1225,1225,1230,1230,0
2022-02-09 12:23:00,1225,1225,1230,1230,0
2022-02-09 12:24:00,1225,1225,1230,1230,0
2022-02-09 12:25:00,1225,1225,1230,1230,0
2022-02-09 12:26:00,1225,1225,1230,1230,0
2022-02-09 12:27:00,1225,1225,1230,1230,0
2022-02-09 12:28:00,1225,1225,1230,1230,0
2022-02-09 12:29:00,1225,1225,1230,1230,0
2022-02-09 12:30:00,1225,1225,1230,1230,0
2022-02-09 12:31:00,1225,1225,1230,1230,0
2022-02-09 12:32:00,1225,1225,1230,1230,0
2022-02-09 12:33:00,1225,1225,1230,1230,0
2022-02-09 12:34:00,1225,1225,1230,1230,0
2022-02-09 12:35:00,1225,1225,1230,1230,0
2022-02-09 12:36:00,1225,1225,1230,1230,0
2022-02-09 12:37:00,1225,1225,1230,1230,0
2022-02-09 12:38:00,1225,1225,1230,1230,0
2022-02-09 12:39:00,1225,1225,1230,1230,0
2022-02-09 12:40:00,1225,1225,1230,1230,0
2022-02-09 12:41:00,1225,1225,1230,1230,0
2022-02-09 12:42:00,1225,1225,1230,1230,0
2022-02-09 12:43:00,1225,1225,1230,1230,0
2022-02-09 12:44:00,1225,1225,1230,1230,0
2022-02-09 12:45:00,1225,1225,1230,1230,0
2022-02-09 12:46:00,1225,1225,1230,1230,0
2022-02-09 12:47:00,1225,1225,1230,1230,0
2022-02-09 12:48:00,1225,1225,1230,1230,0
2022-02-09 12:49:00,1225,1225,1230,1230,0
2022-02-09 12:50:00,1225,1225,1230,1230,0
2022-02-09 12:51:00,1225,1225,1230,1230,0
2022-02-09 12:52:00,1225,1225,1230,1230,0
2022-02-09 12:53:00,1225,1225,1230,1230,0
2022-02-09 12:54:00,1225,1225,1230,1230,0
2022-02-09 12:55:00,1225,1225,1230,1230,0
2022-02-09 12:56:00,1225,1225,1230,1230,0
2022-02-09 12:57:00,1225,1225,1230,1230,0
2022-02-09 12:58:00,1225,1225,1230,1230,0
2022-02-09 12:59:00,1225,1225,1230,1230,0
2022-02-09 13:00:00,1225,1225,1230,1230,0
2022-02-09 13:01:00,1225,1225,1230,1230,0
2022-02-09 13:02:00,1225,1225,1230,1230,0
2022-02-09 13:03:00,1225,1225,1230,1230,0
2022-02-09 13:04:00,1225,1225,1230,1230,0
2022-02-09 13:05:00,1225,1225,1230,1230,0
2022-02-09 13:06:00,1225,1225,1230,1230,0
2022-02-09 13:07:00,1225,1225,1230,1230,0
2022-02-09 13:08:00,1225,1225,1230,1230,0
2022-02-09 13:09:00,1225,1225,1230,1230,0
2022-02-09 13:10:00,1225,1225,1230,1230,0
2022-02-09 13:11:00,1225,1225,1230,1230,0
2022-02-09 13:12:00,1225,1225,1230,1230,0
2022-02-09 13:13:00,1225,1225,1230,1230,0
2022-02-09 13:14:00,1225,1225,1230,1230,0
2022-02-09 13:15:00,1225,1225,1230,1230,0
2022-02-09 13:16:00,1225,1225,1230,1230,0
2022-02-09 13:17:00,1225,1225,1230,1230,0
2022-02-09 13:18:00,1225,1225,1230,1230,0
2022-02-09 13:19:00,1225,1225,1230,1230,0
2022-02-09 13:20:00,1225,1225,1230,1230,0
2022-02-09 13:21:00,1225,1225,1230,1230,0
2022-02-09 13:22:00,1225,1225,1230,1230,0
2022-02-09 13:23:00,1225,1225,1230,1230,0
2022-02-09 13:24:00,1225,1225,1230,1230,0
2022-02-09 13:25:00,1225,1225,1230,1230,0
2022-02-09 13:26:00,1225,1225,1230,1230,0
2022-02-09 13:27:00,1225,1225,1230,1230,0
2022-02-09 13:28:00,1225,1225,1230,1230,0
2022-02-09 13:29:00,1225,1225,1230,1230,0
2022-02-09 13:30:00,1230,1225,1230,1225,14800
2022-02-09 13:31:00,1225,1225,1225,1225,24400
2022-02-09 13:32:00,1225,1225,1225,1225,0
2022-02-09 13:33:00,1225,1225,1225,1225,1100
2022-02-09 13:34:00,1225,1220,1225,1220,237400
2022-02-09 13:35:00,1220,1220,1225,1225,456200
2022-02-09 13:36:00,1225,1225,1225,1225,531300
2022-02-09 13:37:00,1225,1225,1225,1225,0
2022-02-09 13:38:00,1225,1225,1225,1225,20100
2022-02-09 13:39:00,1225,1225,1225,1225,2100
2022-02-09 13:40:00,1225,1225,1225,1225,2700
2022-02-09 13:41:00,1225,1225,1225,1225,500
2022-02-09 13:42:00,1225,1225,1225,1225,0
2022-02-09 13:43:00,1225,1225,1225,1225,500
2022-02-09 13:44:00,1225,1220,1225,1220,152300
2022-02-09 13:45:00,1220,1220,1220,1220,2600
2022-02-09 13:46:00,1215,1215,1215,1215,1200
2022-02-09 13:47:00,1215,1215,1215,1215,6800
2022-02-09 13:48:00,1215,1210,1215,1215,115700
2022-02-09 13:49:00,1215,1215,1215,1215,3800
2022-02-09 13:50:00,1215,1215,1220,1220,59700
2022-02-09 13:51:00,1215,1215,1220,1220,0
2022-02-09 13:52:00,1220,1220,1220,1220,54800
2022-02-09 13:53:00,1225,1220,1225,1220,30900
2022-02-09 13:54:00,1225,1225,1225,1225,26800
2022-02-09 13:55:00,1230,1225,1230,1225,26300
2022-02-09 13:56:00,1225,1225,1225,1225,21200
2022-02-09 13:57:00,1220,1220,1220,1220,1800
2022-02-09 13:58:00,1220,1220,1220,1220,0
2022-02-09 13:59:00,1220,1220,1220,1220,0
2022-02-09 14:00:00,1220,1220,1220,1220,1000
2022-02-09 14:01:00,1220,1220,1220,1220,0
2022-02-09 14:02:00,1220,1220,1220,1220,25000
2022-02-09 14:03:00,1220,1220,1220,1220,0
2022-02-09 14:04:00,1220,1220,1220,1220,6500
2022-02-09 14:05:00,1220,1215,1220,1215,800
2022-02-09 14:06:00,1215,1215,1215,1215,31200
2022-02-09 14:07:00,1215,1215,1215,1215,0
2022-02-09 14:08:00,1215,1215,1215,1215,7700
2022-02-09 14:09:00,1215,1215,1215,1215,3100
2022-02-09 14:10:00,1215,1215,1215,1215,100
2022-02-09 14:11:00,1215,1215,1215,1215,600
2022-02-09 14:12:00,1215,1215,1215,1215,400
2022-02-09 14:13:00,1215,1215,1215,1215,0
2022-02-09 14:14:00,1215,1215,1215,1215,300
2022-02-09 14:15:00,1215,1215,1215,1215,500
2022-02-09 14:16:00,1215,1215,1215,1215,100
2022-02-09 14:17:00,1210,1210,1210,1210,500
2022-02-09 14:18:00,1210,1210,1210,1210,700
2022-02-09 14:19:00,1210,1210,1210,1210,2000
2022-02-09 14:20:00,1210,1210,1210,1210,1000
2022-02-09 14:21:00,1210,1210,1210,1210,10000
2022-02-09 14:22:00,1215,1215,1215,1215,4000
2022-02-09 14:23:00,1215,1215,1215,1215,1000
2022-02-09 14:24:00,1215,1215,1215,1215,200
2022-02-09 14:25:00,1215,1210,1215,1210,4100
2022-02-09 14:26:00,1215,1210,1215,1210,0
2022-02-09 14:27:00,1210,1210,1210,1210,500
2022-02-09 14:28:00,1210,1210,1210,1210,50000
2022-02-09 14:29:00,1210,1210,1210,1210,22100
2022-02-09 14:30:00,1210,1210,1210,1210,100
2022-02-09 14:31:00,1210,1205,1210,1205,15400
2022-02-09 14:32:00,1210,1210,1210,1210,700
2022-02-09 14:33:00,1210,1210,1210,1210,0
2022-02-09 14:34:00,1205,1205,1205,1205,32300
2022-02-09 14:35:00,1205,1205,1210,1210,15900
2022-02-09 14:36:00,1205,1205,1210,1210,0
2022-02-09 14:37:00,1210,1210,1210,1210,55000
2022-02-09 14:38:00,1205,1205,1205,1205,15900
2022-02-09 14:39:00,1205,1205,1205,1205,5400
2022-02-09 14:40:00,1205,1205,1210,1210,15500
2022-02-09 14:41:00,1210,1210,1220,1215,62800
2022-02-09 14:42:00,1215,1215,1215,1215,5200
2022-02-09 14:43:00,1210,1210,1210,1210,500
2022-02-09 14:44:00,1210,1210,1210,1210,1300
2022-02-09 14:45:00,1210,1210,1210,1210,0
2022-02-09 14:46:00,1210,1210,1210,1210,700
2022-02-09 14:47:00,1210,1210,1210,1210,200
2022-02-09 14:48:00,1210,1210,1215,1215,1600
2022-02-09 14:49:00,1215,1215,1245,1245,615400
2022-02-09 14:50:00,1215,1215,1245,1245,0
2022-02-09 14:51:00,1215,1215,1245,1245,0
2022-02-09 14:52:00,1215,1215,1245,1245,0
2022-02-09 14:53:00,1215,1215,1245,1245,0
2022-02-09 14:54:00,1215,1215,1245,1245,0
2022-02-09 14:55:00,1215,1215,1245,1245,0
2022-02-09 14:56:00,1215,1215,1245,1245,0
2022-02-09 14:57:00,1215,1215,1245,1245,0
2022-02-09 14:58:00,1215,1215,1245,1245,0
2022-02-09 14:59:00,1215,1215,1245,1245,0
2022-02-09 15:00:00,1245,1245,1245,1245,60800
2022-02-09 15:01:00,1245,1245,1245,1245,1100
2022-02-09 15:02:00,1245,1245,1245,1245,0
2022-02-09 15:03:00,1245,1245,1245,1245,10000
2022-02-09 15:04:00,1245,1245,1245,1245,0
2022-02-09 15:05:00,1245,1245,1245,1245,0
2022-02-09 15:06:00,1245,1245,1245,1245,0
2022-02-09 15:07:00,1245,1245,1245,1245,0
2022-02-09 15:08:00,1245,1245,1245,1245,0
2022-02-09 15:09:00,1245,1245,1245,1245,0
2022-02-09 15:10:00,1245,1245,1245,1245,0
2022-02-09 15:11:00,1245,1245,1245,1245,0
2022-02-09 15:12:00,1245,1245,1245,1245,500
2022-02-09 15:13:00,1245,1245,1245,1245,0
2022-02-09 15:14:00,1245,1245,1245,1245,500
2022-02-09 15:15:00,1245,1245,1245,1245,0
2022-02-09 15:16:00,1245,1245,1245,1245,0
2022-02-09 15:17:00,1245,1245,1245,1245,0
2022-02-09 15:18:00,1245,1245,1245,1245,0
2022-02-09 15:19:00,1245,1245,1245,1245,0
2022-02-09 15:20:00,1245,1245,1245,1245,0
2022-02-09 15:21:00,1245,1245,1245,1245,0
2022-02-09 15:22:00,1245,1245,1245,1245,0
2022-02-09 15:23:00,1245,1245,1245,1245,0
2022-02-09 15:24:00,1245,1245,1245,1245,0
2022-02-09 15:25:00,1245,1245,1245,1245,0
2022-02-09 15:26:00,1245,1245,1245,1245,0
2022-02-09 15:27:00,1245,1245,1245,1245,0
2022-02-09 15:28:00,1245,1245,1245,1245,0
2022-02-09 15:29:00,1245,1245,1245,1245,0
2022-02-09 15:30:00,1245,1245,1245,1245,0
2022-02-09 15:31:00,1245,1245,1245,1245,0
2022-02-09 15:32:00,1245,1245,1245,1245,0
2022-02-09 15:33:00,1245,1245,1245,1245,0
2022-02-09 15:34:00,1245,1245,1245,1245,0
2022-02-09 15:35:00,1245,1245,1245,1245,0
2022-02-09 15:36:00,1245,1245,1245,1245,0
2022-02-09 15:37:00,1245,1245,1245,1245,0
2022-02-09 15:38:00,1245,1245,1245,1245,0
2022-02-09 15:39:00,1245,1245,1245,1245,0
2022-02-09 15:40:00,1245,1245,1245,1245,0
2022-02-09 15:41:00,1245,1245,1245,1245,0
2022-02-09 15:42:00,1245,1245,1245,1245,0
2022-02-09 15:43:00,1245,1245,1245,1245,0
2022-02-09 15:44:00,1245,1245,1245,1245,0
2022-02-09 15:45:00,1245,1245,1245,1245,0
2022-02-09 15:46:00,1245,1245,1245,1245,0
2022-02-09 15:47:00,1245,1245,1245,1245,0
2022-02-09 15:48:00,1245,1245,1245,1245,0
2022-02-09 15:49:00,1245,1245,1245,1245,0
2022-02-09 15:50:00,1245,1245,1245,1245,0
2022-02-09 15:51:00,1245,1245,1245,1245,0
2022-02-09 15:52:00,1245,1245,1245,1245,0
2022-02-09 15:53:00,1245,1245,1245,1245,0
2022-02-09 15:54:00,1245,1245,1245,1245,0
2022-02-09 15:55:00,1245,1245,1245,1245,0
2022-02-09 15:56:00,1245,1245,1245,1245,0
2022-02-09 15:57:00,1245,1245,1245,1245,0
2022-02-09 15:58:00,1245,1245,1245,1245,0
2022-02-09 15:59:00,1245,1245,1245,1245,0
2022-02-10 09:00:00,1245,1235,1245,1245,0
2022-02-10 09:01:00,1245,1235,1245,1245,0
2022-02-10 09:02:00,1245,1240,1245,1240,205000
2022-02-10 09:03:00,1240,1240,1240,1240,4800
2022-02-10 09:04:00,1240,1240,1240,1240,600
2022-02-10 09:05:00,1240,1240,1240,1240,1000
2022-02-10 09:06:00,1240,1240,1240,1240,22900
2022-02-10 09:07:00,1235,1235,1235,1235,1000
2022-02-10 09:08:00,1235,1235,1235,1235,8100
2022-02-10 09:09:00,1235,1235,1235,1235,1000
2022-02-10 09:10:00,1235,1235,1240,1235,2100
2022-02-10 09:11:00,1240,1235,1240,1235,9000
2022-02-10 09:12:00,1235,1230,1235,1230,107700
2022-02-10 09:13:00,1230,1230,1235,1235,300
2022-02-10 09:14:00,1230,1230,1230,1230,6000
2022-02-10 09:15:00,1230,1230,1230,1230,200
2022-02-10 09:16:00,1230,1230,1230,1230,100
2022-02-10 09:17:00,1230,1230,1230,1230,0
2022-02-10 09:18:00,1230,1230,1230,1230,0
2022-02-10 09:19:00,1230,1230,1230,1230,0
2022-02-10 09:20:00,1235,1235,1235,1235,508700
2022-02-10 09:21:00,1235,1235,1235,1235,30000
2022-02-10 09:22:00,1240,1235,1240,1235,502000
2022-02-10 09:23:00,1235,1235,1235,1235,100
2022-02-10 09:24:00,1235,1235,1235,1235,0
2022-02-10 09:25:00,1235,1235,1235,1235,300
2022-02-10 09:26:00,1235,1235,1235,1235,0
2022-02-10 09:27:00,1235,1235,1235,1235,800
2022-02-10 09:28:00,1235,1235,1235,1235,0
2022-02-10 09:29:00,1235,1235,1235,1235,0
2022-02-10 09:30:00,1235,1235,1235,1235,0
2022-02-10 09:31:00,1235,1235,1235,1235,0
2022-02-10 09:32:00,1235,1235,1235,1235,0
2022-02-10 09:33:00,1235,1235,1235,1235,0
2022-02-10 09:34:00,1235,1235,1235,1235,1000
2022-02-10 09:35:00,1235,1235,1235,1235,500
2022-02-10 09:36:00,1235,1235,1235,1235,0
2022-02-10 09:37:00,1235,1235,1235,1235,15000
2022-02-10 09:38:00,1235,1235,1235,1235,5000
2022-02-10 09:39:00,1235,1235,1235,1235,0
2022-02-10 09:40:00,1240,1240,1240,1240,47600
2022-02-10 09:41:00,1240,1240,1240,1240,0
2022-02-10 09:42:00,1245,1245,1245,1245,2000
2022-02-10 09:43:00,1245,1240,1245,1240,6300
2022-02-10 09:44:00,1235,1235,1235,1235,3000
2022-02-10 09:45:00,1240,1240,1240,1240,44000
2022-02-10 09:46:00,1240,1240,1240,1240,164800
2022-02-10 09:47:00,1240,1240,1240,1240,347900
2022-02-10 09:48:00,1240,1235,1240,1240,310800
2022-02-10 09:49:00,1240,1240,1240,1240,242300
2022-02-10 09:50:00,1240,1240,1240,1240,13600
2022-02-10 09:51:00,1245,1240,1245,1240,171300
2022-02-10 09:52:00,1240,1240,1245,1245,17800
2022-02-10 09:53:00,1245,1245,1245,1245,950000
2022-02-10 09:54:00,1245,1245,1245,1245,246200
2022-02-10 09:55:00,1245,1245,1250,1250,16700
2022-02-10 09:56:00,1250,1245,1250,1245,29900
2022-02-10 09:57:00,1245,1245,1245,1245,18100
2022-02-10 09:58:00,1245,1245,1245,1245,0
2022-02-10 09:59:00,1245,1245,1245,1245,0
2022-02-10 10:00:00,1245,1245,1245,1245,68000
2022-02-10 10:01:00,1245,1245,1245,1245,400
2022-02-10 10:02:00,1245,1245,1245,1245,300
2022-02-10 10:03:00,1245,1245,1245,1245,0
2022-02-10 10:04:00,1245,1245,1245,1245,12000
2022-02-10 10:05:00,1245,1245,1245,1245,1000
2022-02-10 10:06:00,1245,1245,1245,1245,31300
2022-02-10 10:07:00,1245,1245,1245,1245,0
2022-02-10 10:08:00,1245,1245,1245,1245,0
2022-02-10 10:09:00,1245,1245,1245,1245,0
2022-02-10 10:10:00,1245,1245,1245,1245,0
2022-02-10 10:11:00,1245,1245,1245,1245,500
2022-02-10 10:12:00,1245,1245,1245,1245,0
2022-02-10 10:13:00,1245,1245,1245,1245,1100
2022-02-10 10:14:00,1245,1245,1245,1245,0
2022-02-10 10:15:00,1245,1245,1245,1245,0
2022-02-10 10:16:00,1240,1240,1240,1240,48600
2022-02-10 10:17:00,1245,1245,1245,1245,1000
2022-02-10 10:18:00,1245,1245,1245,1245,286600
2022-02-10 10:19:00,1245,1245,1245,1245,355300
2022-02-10 10:20:00,1245,1245,1245,1245,49700
2022-02-10 10:21:00,1245,1245,1245,1245,0
2022-02-10 10:22:00,1245,1245,1245,1245,0
2022-02-10 10:23:00,1245,1245,1245,1245,0
2022-02-10 10:24:00,1245,1245,1245,1245,2500
2022-02-10 10:25:00,1245,1245,1245,1245,20500
2022-02-10 10:26:00,1245,1245,1245,1245,0
2022-02-10 10:27:00,1245,1245,1245,1245,0
2022-02-10 10:28:00,1245,1245,1245,1245,0
2022-02-10 10:29:00,1245,1245,1245,1245,0
2022-02-10 10:30:00,1245,1245,1245,1245,0
2022-02-10 10:31:00,1245,1245,1245,1245,0
2022-02-10 10:32:00,1245,1245,1245,1245,0
2022-02-10 10:33:00,1240,1240,1240,1240,10300
2022-02-10 10:34:00,1240,1240,1240,1240,0
2022-02-10 10:35:00,1240,1240,1240,1240,94100
2022-02-10 10:36:00,1235,1235,1235,1235,200
2022-02-10 10:37:00,1235,1235,1235,1235,0
2022-02-10 10:38:00,1240,1240,1240,1240,100
2022-02-10 10:39:00,1240,1240,1240,1240,6100
2022-02-10 10:40:00,1240,1240,1240,1240,0
2022-02-10 10:41:00,1240,1240,1240,1240,0
2022-02-10 10:42:00,1240,1240,1240,1240,0
2022-02-10 10:43:00,1240,1240,1240,1240,0
2022-02-10 10:44:00,1240,1240,1240,1240,0
2022-02-10 10:45:00,1240,1240,1240,1240,4300
2022-02-10 10:46:00,1240,1240,1240,1240,0
2022-02-10 10:47:00,1240,1240,1240,1240,3000
2022-02-10 10:48:00,1240,1240,1240,1240,0
2022-02-10 10:49:00,1240,1240,1240,1240,0
2022-02-10 10:50:00,1240,1240,1240,1240,0
2022-02-10 10:51:00,1240,1240,1240,1240,0
2022-02-10 10:52:00,1240,1240,1240,1240,0
2022-02-10 10:53:00,1240,1240,1240,1240,100
2022-02-10 10:54:00,1240,1240,1240,1240,5000
2022-02-10 10:55:00,1240,1240,1240,1240,10000
2022-02-10 10:56:00,1240,1235,1240,1235,49200
2022-02-10 10:57:00,1240,1235,1240,1235,0
2022-02-10 10:58:00,1240,1235,1240,1235,0
2022-02-10 10:59:00,1240,1235,1240,1235,0
2022-02-10 11:00:00,1240,1235,1240,1235,0
2022-02-10 11:01:00,1240,1235,1240,1235,0
2022-02-10 11:02:00,1240,1235,1240,1235,0
2022-02-10 11:03:00,1240,1235,1240,1235,0
2022-02-10 11:04:00,1240,1235,1240,1235,2700
2022-02-10 11:05:00,1240,1240,1240,1240,300
2022-02-10 11:06:00,1240,1240,1240,1240,0
2022-02-10 11:07:00,1240,1240,1240,1240,600
2022-02-10 11:08:00,1240,1240,1240,1240,0
2022-02-10 11:09:00,1240,1240,1240,1240,0
2022-02-10 11:10:00,1240,1240,1240,1240,300
2022-02-10 11:11:00,1240,1240,1240,1240,0
2022-02-10 11:12:00,1240,1240,1240,1240,1000
2022-02-10 11:13:00,1240,1240,1240,1240,0
2022-02-10 11:14:00,1240,1240,1240,1240,0
2022-02-10 11:15:00,1235,1235,1235,1235,7500
2022-02-10 11:16:00,1235,1235,1235,1235,1000
2022-02-10 11:17:00,1235,1235,1235,1235,0
2022-02-10 11:18:00,1235,1235,1235,1235,0
2022-02-10 11:19:00,1235,1235,1235,1235,0
2022-02-10 11:20:00,1235,1235,1235,1235,0
2022-02-10 11:21:00,1235,1235,1235,1235,0
2022-02-10 11:22:00,1235,1235,1235,1235,0
2022-02-10 11:23:00,1240,1240,1240,1240,1000
2022-02-10 11:24:00,1240,1240,1240,1240,0
2022-02-10 11:25:00,1240,1240,1240,1240,200
2022-02-10 11:26:00,1240,1240,1240,1240,0
2022-02-10 11:27:00,1240,1240,1240,1240,500
2022-02-10 11:28:00,1240,1240,1240,1240,0
2022-02-10 11:29:00,1240,1240,1240,1240,5000
2022-02-10 11:30:00,1240,1240,1240,1240,0
2022-02-10 11:31:00,1240,1240,1240,1240,0
2022-02-10 11:32:00,1240,1240,1240,1240,0
2022-02-10 11:33:00,1240,1240,1240,1240,0
2022-02-10 11:34:00,1240,1240,1240,1240,0
2022-02-10 11:35:00,1240,1240,1240,1240,0
2022-02-10 11:36:00,1240,1240,1240,1240,0
2022-02-10 11:37:00,1240,1240,1240,1240,0
2022-02-10 11:38:00,1240,1240,1240,1240,0
2022-02-10 11:39:00,1240,1240,1240,1240,0
2022-02-10 11:40:00,1240,1240,1240,1240,0
2022-02-10 11:41:00,1240,1240,1240,1240,0
2022-02-10 11:42:00,1240,1240,1240,1240,0
2022-02-10 11:43:00,1240,1240,1240,1240,0
2022-02-10 11:44:00,1240,1240,1240,1240,0
2022-02-10 11:45:00,1240,1240,1240,1240,0
2022-02-10 11:46:00,1240,1240,1240,1240,0
2022-02-10 11:47:00,1240,1240,1240,1240,0
2022-02-10 11:48:00,1240,1240,1240,1240,0
2022-02-10 11:49:00,1240,1240,1240,1240,0
2022-02-10 11:50:00,1240,1240,1240,1240,0
2022-02-10 11:51:00,1240,1240,1240,1240,0
2022-02-10 11:52:00,1240,1240,1240,1240,0
2022-02-10 11:53:00,1240,1240,1240,1240,0
2022-02-10 11:54:00,1240,1240,1240,1240,0
2022-02-10 11:55:00,1240,1240,1240,1240,0
2022-02-10 11:56:00,1240,1240,1240,1240,0
2022-02-10 11:57:00,1240,1240,1240,1240,0
2022-02-10 11:58:00,1240,1240,1240,1240,0
2022-02-10 11:59:00,1240,1240,1240,1240,0
2022-02-10 12:00:00,1240,1240,1240,1240,0
2022-02-10 12:01:00,1240,1240,1240,1240,0
2022-02-10 12:02:00,1240,1240,1240,1240,0
2022-02-10 12:03:00,1240,1240,1240,1240,0
2022-02-10 12:04:00,1240,1240,1240,1240,0
2022-02-10 12:05:00,1240,1240,1240,1240,0
2022-02-10 12:06:00,1240,1240,1240,1240,0
2022-02-10 12:07:00,1240,1240,1240,1240,0
2022-02-10 12:08:00,1240,1240,1240,1240,0
2022-02-10 12:09:00,1240,1240,1240,1240,0
2022-02-10 12:10:00,1240,1240,1240,1240,0
2022-02-10 12:11:00,1240,1240,1240,1240,0
2022-02-10 12:12:00,1240,1240,1240,1240,0
2022-02-10 12:13:00,1240,1240,1240,1240,0
2022-02-10 12:14:00,1240,1240,1240,1240,0
2022-02-10 12:15:00,1240,1240,1240,1240,0
2022-02-10 12:16:00,1240,1240,1240,1240,0
2022-02-10 12:17:00,1240,1240,1240,1240,0
2022-02-10 12:18:00,1240,1240,1240,1240,0
2022-02-10 12:19:00,1240,1240,1240,1240,0
2022-02-10 12:20:00,1240,1240,1240,1240,0
2022-02-10 12:21:00,1240,1240,1240,1240,0
2022-02-10 12:22:00,1240,1240,1240,1240,0
2022-02-10 12:23:00,1240,1240,1240,1240,0
2022-02-10 12:24:00,1240,1240,1240,1240,0
2022-02-10 12:25:00,1240,1240,1240,1240,0
2022-02-10 12:26:00,1240,1240,1240,1240,0
2022-02-10 12:27:00,1240,1240,1240,1240,0
2022-02-10 12:28:00,1240,1240,1240,1240,0
2022-02-10 12:29:00,1240,1240,1240,1240,0
2022-02-10 12:30:00,1240,1240,1240,1240,0
2022-02-10 12:31:00,1240,1240,1240,1240,0
2022-02-10 12:32:00,1240,1240,1240,1240,0
2022-02-10 12:33:00,1240,1240,1240,1240,0
2022-02-10 12:34:00,1240,1240,1240,1240,0
2022-02-10 12:35:00,1240,1240,1240,1240,0
2022-02-10 12:36:00,1240,1240,1240,1240,0
2022-02-10 12:37:00,1240,1240,1240,1240,0
2022-02-10 12:38:00,1240,1240,1240,1240,0
2022-02-10 12:39:00,1240,1240,1240,1240,0
2022-02-10 12:40:00,1240,1240,1240,1240,0
2022-02-10 12:41:00,1240,1240,1240,1240,0
2022-02-10 12:42:00,1240,1240,1240,1240,0
2022-02-10 12:43:00,1240,1240,1240,1240,0
2022-02-10 12:44:00,1240,1240,1240,1240,0
2022-02-10 12:45:00,1240,1240,1240,1240,0
2022-02-10 12:46:00,1240,1240,1240,1240,0
2022-02-10 12:47:00,1240,1240,1240,1240,0
2022-02-10 12:48:00,1240,1240,1240,1240,0
2022-02-10 12:49:00,1240,1240,1240,1240,0
2022-02-10 12:50:00,1240,1240,1240,1240,0
2022-02-10 12:51:00,1240,1240,1240,1240,0
2022-02-10 12:52:00,1240,1240,1240,1240,0
2022-02-10 12:53:00,1240,1240,1240,1240,0
2022-02-10 12:54:00,1240,1240,1240,1240,0
2022-02-10 12:55:00,1240,1240,1240,1240,0
2022-02-10 12:56:00,1240,1240,1240,1240,0
2022-02-10 12:57:00,1240,1240,1240,1240,0
2022-02-10 12:58:00,1240,1240,1240,1240,0
2022-02-10 12:59:00,1240,1240,1240,1240,0
2022-02-10 13:00:00,1240,1240,1240,1240,0
2022-02-10 13:01:00,1240,1240,1240,1240,0
2022-02-10 13:02:00,1240,1240,1240,1240,0
2022-02-10 13:03:00,1240,1240,1240,1240,0
2022-02-10 13:04:00,1240,1240,1240,1240,0
2022-02-10 13:05:00,1240,1240,1240,1240,0
2022-02-10 13:06:00,1240,1240,1240,1240,0
2022-02-10 13:07:00,1240,1240,1240,1240,0
2022-02-10 13:08:00,1240,1240,1240,1240,0
2022-02-10 13:09:00,1240,1240,1240,1240,0
2022-02-10 13:10:00,1240,1240,1240,1240,0
2022-02-10 13:11:00,1240,1240,1240,1240,0
2022-02-10 13:12:00,1240,1240,1240,1240,0
2022-02-10 13:13:00,1240,1240,1240,1240,0
2022-02-10 13:14:00,1240,1240,1240,1240,0
2022-02-10 13:15:00,1240,1240,1240,1240,0
2022-02-10 13:16:00,1240,1240,1240,1240,0
2022-02-10 13:17:00,1240,1240,1240,1240,0
2022-02-10 13:18:00,1240,1240,1240,1240,0
2022-02-10 13:19:00,1240,1240,1240,1240,0
2022-02-10 13:20:00,1240,1240,1240,1240,0
2022-02-10 13:21:00,1240,1240,1240,1240,0
2022-02-10 13:22:00,1240,1240,1240,1240,0
2022-02-10 13:23:00,1240,1240,1240,1240,0
2022-02-10 13:24:00,1240,1240,1240,1240,0
2022-02-10 13:25:00,1240,1240,1240,1240,0
2022-02-10 13:26:00,1240,1240,1240,1240,0
2022-02-10 13:27:00,1240,1240,1240,1240,0
2022-02-10 13:28:00,1240,1240,1240,1240,0
2022-02-10 13:29:00,1240,1240,1240,1240,0
2022-02-10 13:30:00,1240,1235,1240,1235,3000
2022-02-10 13:31:00,1235,1235,1235,1235,300
2022-02-10 13:32:00,1235,1235,1235,1235,1700
2022-02-10 13:33:00,1235,1235,1235,1235,100
2022-02-10 13:34:00,1235,1235,1235,1235,0
2022-02-10 13:35:00,1240,1235,1240,1240,758400
2022-02-10 13:36:00,1240,1240,1240,1240,280000
2022-02-10 13:37:00,1240,1240,1240,1240,0
2022-02-10 13:38:00,1240,1240,1240,1240,0
2022-02-10 13:39:00,1240,1240,1240,1240,0
2022-02-10 13:40:00,1240,1240,1240,1240,500
2022-02-10 13:41:00,1240,1240,1240,1240,300500
2022-02-10 13:42:00,1240,1240,1240,1240,600
2022-02-10 13:43:00,1240,1240,1240,1240,100
2022-02-10 13:44:00,1240,1240,1240,1240,200
2022-02-10 13:45:00,1240,1240,1240,1240,200
2022-02-10 13:46:00,1240,1240,1240,1240,0
2022-02-10 13:47:00,1235,1235,1235,1235,200
2022-02-10 13:48:00,1235,1235,1235,1235,0
2022-02-10 13:49:00,1235,1235,1235,1235,100
2022-02-10 13:50:00,1235,1235,1235,1235,0
2022-02-10 13:51:00,1235,1235,1235,1235,0
2022-02-10 13:52:00,1235,1235,1235,1235,0
2022-02-10 13:53:00,1235,1235,1235,1235,1000
2022-02-10 13:54:00,1235,1235,1235,1235,0
2022-02-10 13:55:00,1235,1235,1235,1235,0
2022-02-10 13:56:00,1235,1235,1235,1235,0
2022-02-10 13:57:00,1235,1235,1235,1235,6000
2022-02-10 13:58:00,1235,1235,1235,1235,0
2022-02-10 13:59:00,1235,1235,1235,1235,0
2022-02-10 14:00:00,1240,1240,1240,1240,20200
2022-02-10 14:01:00,1240,1240,1240,1240,100
2022-02-10 14:02:00,1240,1240,1240,1240,251000
2022-02-10 14:03:00,1235,1235,1240,1240,160700
2022-02-10 14:04:00,1240,1240,1240,1240,156800
2022-02-10 14:05:00,1240,1240,1240,1240,500
2022-02-10 14:06:00,1240,1240,1240,1240,200
2022-02-10 14:07:00,1240,1240,1240,1240,1000
2022-02-10 14:08:00,1240,1240,1245,1245,74500
2022-02-10 14:09:00,1245,1245,1245,1245,232000
2022-02-10 14:10:00,1245,1245,1245,1245,196200
2022-02-10 14:11:00,1245,1245,1245,1245,1700
2022-02-10 14:12:00,1245,1245,1250,1250,101400
2022-02-10 14:13:00,1245,1245,1250,1250,0
2022-02-10 14:14:00,1245,1245,1245,1245,8600
2022-02-10 14:15:00,1245,1245,1245,1245,500
2022-02-10 14:16:00,1245,1245,1245,1245,0
2022-02-10 14:17:00,1245,1245,1245,1245,0
2022-02-10 14:18:00,1245,1245,1245,1245,31400
2022-02-10 14:19:00,1245,1245,1250,1250,202300
2022-02-10 14:20:00,1245,1245,1245,1245,12300
2022-02-10 14:21:00,1245,1245,1245,1245,2500
2022-02-10 14:22:00,1245,1245,1245,1245,0
2022-02-10 14:23:00,1245,1245,1245,1245,0
2022-02-10 14:24:00,1245,1245,1245,1245,2000
2022-02-10 14:25:00,1245,1245,1245,1245,0
2022-02-10 14:26:00,1245,1245,1245,1245,0
2022-02-10 14:27:00,1245,1245,1245,1245,89300
2022-02-10 14:28:00,1245,1245,1245,1245,200200
2022-02-10 14:29:00,1245,1245,1245,1245,57200
2022-02-10 14:30:00,1245,1245,1245,1245,100
2022-02-10 14:31:00,1245,1245,1245,1245,100
2022-02-10 14:32:00,1245,1245,1245,1245,2000
2022-02-10 14:33:00,1245,1245,1245,1245,9000
2022-02-10 14:34:00,1245,1245,1245,1245,100
2022-02-10 14:35:00,1245,1245,1245,1245,0
2022-02-10 14:36:00,1245,1245,1245,1245,10000
2022-02-10 14:37:00,1245,1245,1245,1245,0
2022-02-10 14:38:00,1250,1250,1250,1250,1700
2022-02-10 14:39:00,1250,1250,1250,1250,0
2022-02-10 14:40:00,1250,1250,1250,1250,0
2022-02-10 14:41:00,1250,1250,1250,1250,0
2022-02-10 14:42:00,1245,1245,1245,1245,500
2022-02-10 14:43:00,1245,1245,1245,1245,500
2022-02-10 14:44:00,1245,1245,1245,1245,3900
2022-02-10 14:45:00,1245,1245,1245,1245,700
2022-02-10 14:46:00,1245,1245,1245,1245,0
2022-02-10 14:47:00,1245,1245,1245,1245,4100
2022-02-10 14:48:00,1240,1240,1240,1240,700
2022-02-10 14:49:00,1240,1240,1240,1240,4500
2022-02-10 14:50:00,1240,1240,1240,1240,0
2022-02-10 14:51:00,1240,1240,1240,1240,0
2022-02-10 14:52:00,1240,1240,1240,1240,0
2022-02-10 14:53:00,1240,1240,1240,1240,0
2022-02-10 14:54:00,1240,1240,1240,1240,0
2022-02-10 14:55:00,1240,1240,1240,1240,0
2022-02-10 14:56:00,1240,1240,1240,1240,0
2022-02-10 14:57:00,1240,1240,1240,1240,0
2022-02-10 14:58:00,1240,1240,1240,1240,0
2022-02-10 14:59:00,1240,1240,1240,1240,0
2022-02-10 15:00:00,1240,1240,1240,1240,91100
2022-02-10 15:01:00,1240,1240,1240,1240,9900
2022-02-10 15:02:00,1240,1240,1240,1240,0
2022-02-10 15:03:00,1240,1240,1240,1240,4000
2022-02-10 15:04:00,1240,1240,1240,1240,0
2022-02-10 15:05:00,1240,1240,1240,1240,0
2022-02-10 15:06:00,1240,1240,1240,1240,0
2022-02-10 15:07:00,1240,1240,1240,1240,0
2022-02-10 15:08:00,1240,1240,1240,1240,100
2022-02-10 15:09:00,1240,1240,1240,1240,0
2022-02-10 15:10:00,1240,1240,1240,1240,0
2022-02-10 15:11:00,1240,1240,1240,1240,0
2022-02-10 15:12:00,1240,1240,1240,1240,0
2022-02-10 15:13:00,1240,1240,1240,1240,0
2022-02-10 15:14:00,1240,1240,1240,1240,0
2022-02-10 15:15:00,1240,1240,1240,1240,0
2022-02-10 15:16:00,1240,1240,1240,1240,0
2022-02-10 15:17:00,1240,1240,1240,1240,0
2022-02-10 15:18:00,1240,1240,1240,1240,0
2022-02-10 15:19:00,1240,1240,1240,1240,0
2022-02-10 15:20:00,1240,1240,1240,1240,0
2022-02-10 15:21:00,1240,1240,1240,1240,0
2022-02-10 15:22:00,1240,1240,1240,1240,0
2022-02-10 15:23:00,1240,1240,1240,1240,0
2022-02-10 15:24:00,1240,1240,1240,1240,0
2022-02-10 15:25:00,1240,1240,1240,1240,0
2022-02-10 15:26:00,1240,1240,1240,1240,0
2022-02-10 15:27:00,1240,1240,1240,1240,0
2022-02-10 15:28:00,1240,1240,1240,1240,0
2022-02-10 15:29:00,1240,1240,1240,1240,0
2022-02-10 15:30:00,1240,1240,1240,1240,0
2022-02-10 15:31:00,1240,1240,1240,1240,0
2022-02-10 15:32:00,1240,1240,1240,1240,0
2022-02-10 15:33:00,1240,1240,1240,1240,0
2022-02-10 15:34:00,1240,1240,1240,1240,0
2022-02-10 15:35:00,1240,1240,1240,1240,0
2022-02-10 15:36:00,1240,1240,1240,1240,0
2022-02-10 15:37:00,1240,1240,1240,1240,0
2022-02-10 15:38:00,1240,1240,1240,1240,0
2022-02-10 15:39:00,1240,1240,1240,1240,0
2022-02-10 15:40:00,1240,1240,1240,1240,0
2022-02-10 15:41:00,1240,1240,1240,1240,0
2022-02-10 15:42:00,1240,1240,1240,1240,0
2022-02-10 15:43:00,1240,1240,1240,1240,0
2022-02-10 15:44:00,1240,1240,1240,1240,0
2022-02-10 15:45:00,1240,1240,1240,1240,0
2022-02-10 15:46:00,1240,1240,1240,1240,0
2022-02-10 15:47:00,1240,1240,1240,1240,0
2022-02-10 15:48:00,1240,1240,1240,1240,0
2022-02-10 15:49:00,1240,1240,1240,1240,0
2022-02-10 15:50:00,1240,1240,1240,1240,0
2022-02-10 15:51:00,1240,1240,1240,1240,0
2022-02-10 15:52:00,1240,1240,1240,1240,0
2022-02-10 15:53:00,1240,1240,1240,1240,0
2022-02-10 15:54:00,1240,1240,1240,1240,0
2022-02-10 15:55:00,1240,1240,1240,1240,0
2022-02-10 15:56:00,1240,1240,1240,1240,0
2022-02-10 15:57:00,1240,1240,1240,1240,0
2022-02-10 15:58:00,1240,1240,1240,1240,0
2022-02-10 15:59:00,1240,1240,1240,1240,0
2022-02-11 09:00:00,1240,1240,1240,1240,0
2022-02-11 09:01:00,1240,1240,1240,1240,0
2022-02-11 09:02:00,1240,1240,1240,1240,0
2022-02-11 09:03:00,1240,1240,1240,1240,0
2022-02-11 09:04:00,1240,1240,1240,1240,0
2022-02-11 09:05:00,1240,1230,1240,1230,37800
2022-02-11 09:06:00,1240,1230,1240,1230,0
2022-02-11 09:07:00,1230,1230,1230,1230,1000
2022-02-11 09:08:00,1235,1235,1235,1235,500
2022-02-11 09:09:00,1230,1230,1230,1230,6200
2022-02-11 09:10:00,1235,1235,1235,1235,544900
2022-02-11 09:11:00,1240,1235,1240,1235,4800
2022-02-11 09:12:00,1240,1240,1240,1240,763400
2022-02-11 09:13:00,1240,1240,1245,1245,54800
2022-02-11 09:14:00,1245,1245,1250,1245,571600
2022-02-11 09:15:00,1245,1245,1250,1245,0
2022-02-11 09:16:00,1245,1245,1245,1245,88700
2022-02-11 09:17:00,1245,1245,1245,1245,15500
2022-02-11 09:18:00,1245,1245,1245,1245,2300
2022-02-11 09:19:00,1245,1245,1245,1245,1400
2022-02-11 09:20:00,1245,1245,1245,1245,0
2022-02-11 09:21:00,1245,1245,1245,1245,4400
2022-02-11 09:22:00,1245,1245,1245,1245,0
2022-02-11 09:23:00,1245,1245,1245,1245,0
2022-02-11 09:24:00,1245,1245,1245,1245,0
2022-02-11 09:25:00,1240,1240,1240,1240,300
2022-02-11 09:26:00,1240,1240,1245,1245,1500
2022-02-11 09:27:00,1245,1245,1245,1245,17500
2022-02-11 09:28:00,1250,1250,1250,1250,594000
2022-02-11 09:29:00,1245,1245,1245,1245,800
2022-02-11 09:30:00,1245,1245,1245,1245,14600
2022-02-11 09:31:00,1245,1245,1245,1245,0
2022-02-11 09:32:00,1245,1245,1245,1245,0
2022-02-11 09:33:00,1245,1245,1245,1245,0
2022-02-11 09:34:00,1245,1245,1245,1245,4500
2022-02-11 09:35:00,1245,1245,1245,1245,0
2022-02-11 09:36:00,1245,1245,1245,1245,1000
2022-02-11 09:37:00,1240,1240,1240,1240,10000
2022-02-11 09:38:00,1240,1240,1240,1240,0
2022-02-11 09:39:00,1240,1240,1240,1240,0
2022-02-11 09:40:00,1240,1240,1240,1240,0
2022-02-11 09:41:00,1240,1240,1240,1240,0
2022-02-11 09:42:00,1240,1240,1240,1240,900
2022-02-11 09:43:00,1240,1240,1240,1240,0
2022-02-11 09:44:00,1240,1240,1240,1240,800
2022-02-11 09:45:00,1240,1240,1240,1240,0
2022-02-11 09:46:00,1240,1240,1240,1240,0
2022-02-11 09:47:00,1240,1240,1240,1240,0
2022-02-11 09:48:00,1240,1240,1240,1240,700
2022-02-11 09:49:00,1240,1240,1240,1240,100
2022-02-11 09:50:00,1240,1240,1240,1240,0
2022-02-11 09:51:00,1240,1240,1240,1240,5600
2022-02-11 09:52:00,1240,1235,1240,1235,3800
2022-02-11 09:53:00,1235,1235,1235,1235,14900
2022-02-11 09:54:00,1235,1235,1235,1235,0
2022-02-11 09:55:00,1235,1235,1235,1235,1700
2022-02-11 09:56:00,1235,1235,1235,1235,0
2022-02-11 09:57:00,1235,1235,1235,1235,0
2022-02-11 09:58:00,1235,1235,1235,1235,0
2022-02-11 09:59:00,1240,1240,1240,1240,6400
2022-02-11 10:00:00,1240,1240,1240,1240,0
2022-02-11 10:01:00,1240,1240,1240,1240,0
2022-02-11 10:02:00,1240,1240,1240,1240,0
2022-02-11 10:03:00,1240,1240,1240,1240,0
2022-02-11 10:04:00,1240,1240,1240,1240,6300
2022-02-11 10:05:00,1240,1240,1240,1240,0
2022-02-11 10:06:00,1240,1240,1240,1240,0
2022-02-11 10:07:00,1240,1240,1240,1240,0
2022-02-11 10:08:00,1240,1240,1240,1240,2400
2022-02-11 10:09:00,1240,1240,1240,1240,0
2022-02-11 10:10:00,1240,1240,1240,1240,0
2022-02-11 10:11:00,1240,1240,1240,1240,0
2022-02-11 10:12:00,1240,1240,1240,1240,0
2022-02-11 10:13:00,1235,1235,1235,1235,10000
2022-02-11 10:14:00,1235,1235,1235,1235,3800
2022-02-11 10:15:00,1235,1235,1235,1235,0
2022-02-11 10:16:00,1235,1235,1235,1235,0
2022-02-11 10:17:00,1235,1235,1240,1240,400
2022-02-11 10:18:00,1240,1240,1240,1240,500
2022-02-11 10:19:00,1240,1240,1240,1240,0
2022-02-11 10:20:00,1240,1240,1240,1240,0
2022-02-11 10:21:00,1240,1240,1240,1240,0
2022-02-11 10:22:00,1240,1240,1240,1240,0
2022-02-11 10:23:00,1240,1240,1240,1240,0
2022-02-11 10:24:00,1240,1240,1240,1240,100
2022-02-11 10:25:00,1240,1240,1240,1240,0
2022-02-11 10:26:00,1240,1240,1240,1240,0
2022-02-11 10:27:00,1240,1240,1240,1240,0
2022-02-11 10:28:00,1240,1235,1240,1235,1600
2022-02-11 10:29:00,1240,1235,1240,1235,0
2022-02-11 10:30:00,1240,1235,1240,1235,0
2022-02-11 10:31:00,1235,1230,1235,1235,511200
2022-02-11 10:32:00,1235,1230,1235,1230,12400
2022-02-11 10:33:00,1235,1230,1235,1230,0
2022-02-11 10:34:00,1235,1230,1235,1230,0
2022-02-11 10:35:00,1235,1230,1235,1230,0
2022-02-11 10:36:00,1230,1230,1230,1230,200
2022-02-11 10:37:00,1230,1230,1230,1230,1300
2022-02-11 10:38:00,1230,1230,1235,1235,25000
2022-02-11 10:39:00,1230,1230,1235,1235,0
2022-02-11 10:40:00,1230,1230,1245,1240,75800
2022-02-11 10:41:00,1240,1240,1240,1240,189000
2022-02-11 10:42:00,1240,1240,1240,1240,11400
2022-02-11 10:43:00,1240,1240,1250,1250,386400
2022-02-11 10:44:00,1250,1250,1250,1250,238500
2022-02-11 10:45:00,1250,1250,1255,1255,195100
2022-02-11 10:46:00,1255,1250,1255,1250,269700
2022-02-11 10:47:00,1255,1255,1260,1260,824200
2022-02-11 10:48:00,1260,1255,1260,1260,69400
2022-02-11 10:49:00,1260,1260,1265,1265,513800
2022-02-11 10:50:00,1265,1265,1265,1265,470400
2022-02-11 10:51:00,1265,1265,1265,1265,565000
2022-02-11 10:52:00,1260,1255,1265,1260,267300
2022-02-11 10:53:00,1260,1255,1260,1260,20300
2022-02-11 10:54:00,1260,1255,1260,1260,40000
2022-02-11 10:55:00,1260,1260,1260,1260,55000
2022-02-11 10:56:00,1255,1255,1260,1260,1900
2022-02-11 10:57:00,1260,1260,1260,1260,90100
2022-02-11 10:58:00,1260,1260,1260,1260,3000
2022-02-11 10:59:00,1260,1260,1260,1260,100
2022-02-11 11:00:00,1255,1255,1260,1260,49500
2022-02-11 11:01:00,1260,1260,1260,1260,47900
2022-02-11 11:02:00,1260,1260,1260,1260,0
2022-02-11 11:03:00,1260,1260,1260,1260,200
2022-02-11 11:04:00,1255,1255,1255,1255,600
2022-02-11 11:05:00,1255,1255,1255,1255,0
2022-02-11 11:06:00,1255,1255,1255,1255,2700
2022-02-11 11:07:00,1255,1255,1255,1255,47300
2022-02-11 11:08:00,1255,1255,1255,1255,0
2022-02-11 11:09:00,1260,1255,1260,1255,5100
2022-02-11 11:10:00,1260,1255,1260,1255,0
2022-02-11 11:11:00,1255,1255,1255,1255,2000
2022-02-11 11:12:00,1255,1255,1255,1255,4000
2022-02-11 11:13:00,1255,1255,1255,1255,5000
2022-02-11 11:14:00,1255,1255,1255,1255,800
2022-02-11 11:15:00,1255,1255,1255,1255,0
2022-02-11 11:16:00,1260,1255,1260,1255,1100
2022-02-11 11:17:00,1260,1255,1260,1255,0
2022-02-11 11:18:00,1260,1255,1260,1255,0
2022-02-11 11:19:00,1260,1255,1260,1255,0
2022-02-11 11:20:00,1260,1255,1260,1255,0
2022-02-11 11:21:00,1260,1255,1260,1255,0
2022-02-11 11:22:00,1260,1255,1260,1255,0
2022-02-11 11:23:00,1260,1255,1260,1255,0
2022-02-11 11:24:00,1255,1255,1255,1255,1500
2022-02-11 11:25:00,1255,1255,1255,1255,0
2022-02-11 11:26:00,1255,1255,1255,1255,200
2022-02-11 11:27:00,1255,1255,1255,1255,0
2022-02-11 11:28:00,1260,1260,1260,1260,11500
2022-02-11 11:29:00,1260,1260,1260,1260,0
2022-02-11 11:30:00,1260,1260,1260,1260,0
2022-02-11 11:31:00,1260,1260,1260,1260,0
2022-02-11 11:32:00,1260,1260,1260,1260,0
2022-02-11 11:33:00,1260,1260,1260,1260,0
2022-02-11 11:34:00,1260,1260,1260,1260,0
2022-02-11 11:35:00,1260,1260,1260,1260,0
2022-02-11 11:36:00,1260,1260,1260,1260,0
2022-02-11 11:37:00,1260,1260,1260,1260,0
2022-02-11 11:38:00,1260,1260,1260,1260,0
2022-02-11 11:39:00,1260,1260,1260,1260,0
2022-02-11 11:40:00,1260,1260,1260,1260,0
2022-02-11 11:41:00,1260,1260,1260,1260,0
2022-02-11 11:42:00,1260,1260,1260,1260,0
2022-02-11 11:43:00,1260,1260,1260,1260,0
2022-02-11 11:44:00,1260,1260,1260,1260,0
2022-02-11 11:45:00,1260,1260,1260,1260,0
2022-02-11 11:46:00,1260,1260,1260,1260,0
2022-02-11 11:47:00,1260,1260,1260,1260,0
2022-02-11 11:48:00,1260,1260,1260,1260,0
2022-02-11 11:49:00,1260,1260,1260,1260,0
2022-02-11 11:50:00,1260,1260,1260,1260,0
2022-02-11 11:51:00,1260,1260,1260,1260,0
2022-02-11 11:52:00,1260,1260,1260,1260,0
2022-02-11 11:53:00,1260,1260,1260,1260,0
2022-02-11 11:54:00,1260,1260,1260,1260,0
2022-02-11 11:55:00,1260,1260,1260,1260,0
2022-02-11 11:56:00,1260,1260,1260,1260,0
2022-02-11 11:57:00,1260,1260,1260,1260,0
2022-02-11 11:58:00,1260,1260,1260,1260,0
2022-02-11 11:59:00,1260,1260,1260,1260,0
2022-02-11 12:00:00,1260,1260,1260,1260,0
2022-02-11 12:01:00,1260,1260,1260,1260,0
2022-02-11 12:02:00,1260,1260,1260,1260,0
2022-02-11 12:03:00,1260,1260,1260,1260,0
2022-02-11 12:04:00,1260,1260,1260,1260,0
2022-02-11 12:05:00,1260,1260,1260,1260,0
2022-02-11 12:06:00,1260,1260,1260,1260,0
2022-02-11 12:07:00,1260,1260,1260,1260,0
2022-02-11 12:08:00,1260,1260,1260,1260,0
2022-02-11 12:09:00,1260,1260,1260,1260,0
2022-02-11 12:10:00,1260,1260,1260,1260,0
2022-02-11 12:11:00,1260,1260,1260,1260,0
2022-02-11 12:12:00,1260,1260,1260,1260,0
2022-02-11 12:13:00,1260,1260,1260,1260,0
2022-02-11 12:14:00,1260,1260,1260,1260,0
2022-02-11 12:15:00,1260,1260,1260,1260,0
2022-02-11 12:16:00,1260,1260,1260,1260,0
2022-02-11 12:17:00,1260,1260,1260,1260,0
2022-02-11 12:18:00,1260,1260,1260,1260,0
2022-02-11 12:19:00,1260,1260,1260,1260,0
2022-02-11 12:20:00,1260,1260,1260,1260,0
2022-02-11 12:21:00,1260,1260,1260,1260,0
2022-02-11 12:22:00,1260,1260,1260,1260,0
2022-02-11 12:23:00,1260,1260,1260,1260,0
2022-02-11 12:24:00,1260,1260,1260,1260,0
2022-02-11 12:25:00,1260,1260,1260,1260,0
2022-02-11 12:26:00,1260,1260,1260,1260,0
2022-02-11 12:27:00,1260,1260,1260,1260,0
2022-02-11 12:28:00,1260,1260,1260,1260,0
2022-02-11 12:29:00,1260,1260,1260,1260,0
2022-02-11 12:30:00,1260,1260,1260,1260,0
2022-02-11 12:31:00,1260,1260,1260,1260,0
2022-02-11 12:32:00,1260,1260,1260,1260,0
2022-02-11 12:33:00,1260,1260,1260,1260,0
2022-02-11 12:34:00,1260,1260,1260,1260,0
2022-02-11 12:35:00,1260,1260,1260,1260,0
2022-02-11 12:36:00,1260,1260,1260,1260,0
2022-02-11 12:37:00,1260,1260,1260,1260,0
2022-02-11 12:38:00,1260,1260,1260,1260,0
2022-02-11 12:39:00,1260,1260,1260,1260,0
2022-02-11 12:40:00,1260,1260,1260,1260,0
2022-02-11 12:41:00,1260,1260,1260,1260,0
2022-02-11 12:42:00,1260,1260,1260,1260,0
2022-02-11 12:43:00,1260,1260,1260,1260,0
2022-02-11 12:44:00,1260,1260,1260,1260,0
2022-02-11 12:45:00,1260,1260,1260,1260,0
2022-02-11 12:46:00,1260,1260,1260,1260,0
2022-02-11 12:47:00,1260,1260,1260,1260,0
2022-02-11 12:48:00,1260,1260,1260,1260,0
2022-02-11 12:49:00,1260,1260,1260,1260,0
2022-02-11 12:50:00,1260,1260,1260,1260,0
2022-02-11 12:51:00,1260,1260,1260,1260,0
2022-02-11 12:52:00,1260,1260,1260,1260,0
2022-02-11 12:53:00,1260,1260,1260,1260,0
2022-02-11 12:54:00,1260,1260,1260,1260,0
2022-02-11 12:55:00,1260,1260,1260,1260,0
2022-02-11 12:56:00,1260,1260,1260,1260,0
2022-02-11 12:57:00,1260,1260,1260,1260,0
2022-02-11 12:58:00,1260,1260,1260,1260,0
2022-02-11 12:59:00,1260,1260,1260,1260,0
2022-02-11 13:00:00,1260,1260,1260,1260,0
2022-02-11 13:01:00,1260,1260,1260,1260,0
2022-02-11 13:02:00,1260,1260,1260,1260,0
2022-02-11 13:03:00,1260,1260,1260,1260,0
2022-02-11 13:04:00,1260,1260,1260,1260,0
2022-02-11 13:05:00,1260,1260,1260,1260,0
2022-02-11 13:06:00,1260,1260,1260,1260,0
2022-02-11 13:07:00,1260,1260,1260,1260,0
2022-02-11 13:08:00,1260,1260,1260,1260,0
2022-02-11 13:09:00,1260,1260,1260,1260,0
2022-02-11 13:10:00,1260,1260,1260,1260,0
2022-02-11 13:11:00,1260,1260,1260,1260,0
2022-02-11 13:12:00,1260,1260,1260,1260,0
2022-02-11 13:13:00,1260,1260,1260,1260,0
2022-02-11 13:14:00,1260,1260,1260,1260,0
2022-02-11 13:15:00,1260,1260,1260,1260,0
2022-02-11 13:16:00,1260,1260,1260,1260,0
2022-02-11 13:17:00,1260,1260,1260,1260,0
2022-02-11 13:18:00,1260,1260,1260,1260,0
2022-02-11 13:19:00,1260,1260,1260,1260,0
2022-02-11 13:20:00,1260,1260,1260,1260,0
2022-02-11 13:21:00,1260,1260,1260,1260,0
2022-02-11 13:22:00,1260,1260,1260,1260,0
2022-02-11 13:23:00,1260,1260,1260,1260,0
2022-02-11 13:24:00,1260,1260,1260,1260,0
2022-02-11 13:25:00,1260,1260,1260,1260,0
2022-02-11 13:26:00,1260,1260,1260,1260,0
2022-02-11 13:27:00,1260,1260,1260,1260,0
2022-02-11 13:28:00,1260,1260,1260,1260,0
2022-02-11 13:29:00,1260,1260,1260,1260,0
2022-02-11 13:30:00,1260,1260,1260,1260,32700
2022-02-11 13:31:00,1260,1260,1260,1260,0
2022-02-11 13:32:00,1260,1260,1260,1260,818800
2022-02-11 13:33:00,1260,1260,1260,1260,479800
2022-02-11 13:34:00,1260,1260,1260,1260,1000
2022-02-11 13:35:00,1260,1255,1260,1255,800
2022-02-11 13:36:00,1255,1255,1255,1255,7800
2022-02-11 13:37:00,1255,1255,1255,1255,336700
2022-02-11 13:38:00,1255,1255,1255,1255,2500
2022-02-11 13:39:00,1255,1255,1255,1255,0
2022-02-11 13:40:00,1255,1255,1255,1255,0
2022-02-11 13:41:00,1250,1250,1250,1250,155000
2022-02-11 13:42:00,1250,1250,1250,1250,13500
2022-02-11 13:43:00,1250,1250,1250,1250,0
2022-02-11 13:44:00,1250,1250,1250,1250,1000
2022-02-11 13:45:00,1250,1250,1250,1250,0
2022-02-11 13:46:00,1255,1255,1255,1255,1000
2022-02-11 13:47:00,1250,1250,1250,1250,400
2022-02-11 13:48:00,1250,1250,1250,1250,168200
2022-02-11 13:49:00,1245,1245,1245,1245,29100
2022-02-11 13:50:00,1245,1245,1245,1245,15300
2022-02-11 13:51:00,1245,1245,1245,1245,700
2022-02-11 13:52:00,1245,1245,1245,1245,2600
2022-02-11 13:53:00,1245,1245,1245,1245,0
2022-02-11 13:54:00,1245,1245,1245,1245,0
2022-02-11 13:55:00,1245,1245,1245,1245,0
2022-02-11 13:56:00,1245,1245,1245,1245,1900
2022-02-11 13:57:00,1245,1245,1245,1245,0
2022-02-11 13:58:00,1245,1245,1245,1245,0
2022-02-11 13:59:00,1245,1245,1245,1245,0
2022-02-11 14:00:00,1245,1245,1245,1245,0
2022-02-11 14:01:00,1245,1245,1245,1245,0
2022-02-11 14:02:00,1245,1245,1250,1250,700
2022-02-11 14:03:00,1250,1250,1250,1250,500
2022-02-11 14:04:00,1250,1250,1250,1250,0
2022-02-11 14:05:00,1250,1250,1250,1250,0
2022-02-11 14:06:00,1250,1250,1255,1255,11000
2022-02-11 14:07:00,1250,1250,1255,1255,0
2022-02-11 14:08:00,1250,1250,1255,1255,0
2022-02-11 14:09:00,1250,1250,1255,1255,0
2022-02-11 14:10:00,1250,1250,1250,1250,1500
2022-02-11 14:11:00,1250,1250,1250,1250,2900
2022-02-11 14:12:00,1245,1245,1245,1245,100
2022-02-11 14:13:00,1250,1250,1250,1250,900
2022-02-11 14:14:00,1250,1250,1250,1250,0
2022-02-11 14:15:00,1250,1250,1250,1250,3500
2022-02-11 14:16:00,1250,1250,1250,1250,44600
2022-02-11 14:17:00,1250,1250,1250,1250,0
2022-02-11 14:18:00,1250,1250,1250,1250,4200
2022-02-11 14:19:00,1250,1250,1250,1250,0
2022-02-11 14:20:00,1250,1250,1250,1250,100
2022-02-11 14:21:00,1245,1245,1245,1245,1000
2022-02-11 14:22:00,1250,1250,1250,1250,100
2022-02-11 14:23:00,1250,1250,1250,1250,2000
2022-02-11 14:24:00,1250,1250,1250,1250,0
2022-02-11 14:25:00,1250,1250,1250,1250,100
2022-02-11 14:26:00,1250,1250,1250,1250,100
2022-02-11 14:27:00,1250,1245,1250,1245,11100
2022-02-11 14:28:00,1245,1245,1245,1245,38700
2022-02-11 14:29:00,1245,1245,1245,1245,1000
2022-02-11 14:30:00,1245,1240,1250,1240,61800
2022-02-11 14:31:00,1245,1245,1245,1245,200
2022-02-11 14:32:00,1245,1245,1245,1245,0
2022-02-11 14:33:00,1245,1245,1245,1245,0
2022-02-11 14:34:00,1245,1245,1245,1245,0
2022-02-11 14:35:00,1240,1240,1240,1240,12100
2022-02-11 14:36:00,1240,1240,1240,1240,9400
2022-02-11 14:37:00,1245,1240,1245,1240,1000
2022-02-11 14:38:00,1240,1240,1240,1240,1300
2022-02-11 14:39:00,1240,1240,1240,1240,200
2022-02-11 14:40:00,1240,1240,1240,1240,0
2022-02-11 14:41:00,1240,1240,1240,1240,1600
2022-02-11 14:42:00,1240,1240,1240,1240,66400
2022-02-11 14:43:00,1240,1240,1240,1240,1000
2022-02-11 14:44:00,1240,1240,1240,1240,500
2022-02-11 14:45:00,1240,1240,1240,1240,0
2022-02-11 14:46:00,1240,1240,1240,1240,0
2022-02-11 14:47:00,1240,1240,1240,1240,13000
2022-02-11 14:48:00,1240,1240,1240,1240,34900
2022-02-11 14:49:00,1235,1235,1255,1255,223100
2022-02-11 14:50:00,1235,1235,1255,1255,0
2022-02-11 14:51:00,1235,1235,1255,1255,0
2022-02-11 14:52:00,1235,1235,1255,1255,0
2022-02-11 14:53:00,1235,1235,1255,1255,0
2022-02-11 14:54:00,1235,1235,1255,1255,0
2022-02-11 14:55:00,1235,1235,1255,1255,0
2022-02-11 14:56:00,1235,1235,1255,1255,0
2022-02-11 14:57:00,1235,1235,1255,1255,0
2022-02-11 14:58:00,1235,1235,1255,1255,0
2022-02-11 14:59:00,1235,1235,1255,1255,0
2022-02-11 15:00:00,1260,1260,1260,1260,76500
2022-02-11 15:01:00,1260,1260,1260,1260,0
2022-02-11 15:02:00,1260,1260,1260,1260,0
2022-02-11 15:03:00,1260,1260,1260,1260,0
2022-02-11 15:04:00,1260,1260,1260,1260,1000
2022-02-11 15:05:00,1260,1260,1260,1260,0
2022-02-11 15:06:00,1260,1260,1260,1260,0
2022-02-11 15:07:00,1260,1260,1260,1260,0
2022-02-11 15:08:00,1260,1260,1260,1260,3900
2022-02-11 15:09:00,1260,1260,1260,1260,27800
2022-02-11 15:10:00,1260,1260,1260,1260,0
2022-02-11 15:11:00,1260,1260,1260,1260,0
2022-02-11 15:12:00,1260,1260,1260,1260,0
2022-02-11 15:13:00,1260,1260,1260,1260,0
2022-02-11 15:14:00,1260,1260,1260,1260,1900
2022-02-11 15:15:00,1260,1260,1260,1260,0
2022-02-11 15:16:00,1260,1260,1260,1260,0
2022-02-11 15:17:00,1260,1260,1260,1260,0
2022-02-11 15:18:00,1260,1260,1260,1260,0
2022-02-11 15:19:00,1260,1260,1260,1260,0
2022-02-11 15:20:00,1260,1260,1260,1260,0
2022-02-11 15:21:00,1260,1260,1260,1260,0
2022-02-11 15:22:00,1260,1260,1260,1260,0
2022-02-11 15:23:00,1260,1260,1260,1260,0
2022-02-11 15:24:00,1260,1260,1260,1260,0
2022-02-11 15:25:00,1260,1260,1260,1260,0
2022-02-11 15:26:00,1260,1260,1260,1260,0
2022-02-11 15:27:00,1260,1260,1260,1260,0
2022-02-11 15:28:00,1260,1260,1260,1260,0
2022-02-11 15:29:00,1260,1260,1260,1260,0
2022-02-11 15:30:00,1260,1260,1260,1260,0
2022-02-11 15:31:00,1260,1260,1260,1260,0
2022-02-11 15:32:00,1260,1260,1260,1260,0
2022-02-11 15:33:00,1260,1260,1260,1260,0
2022-02-11 15:34:00,1260,1260,1260,1260,0
2022-02-11 15:35:00,1260,1260,1260,1260,0
2022-02-11 15:36:00,1260,1260,1260,1260,0
2022-02-11 15:37:00,1260,1260,1260,1260,0
2022-02-11 15:38:00,1260,1260,1260,1260,0
2022-02-11 15:39:00,1260,1260,1260,1260,0
2022-02-11 15:40:00,1260,1260,1260,1260,0
2022-02-11 15:41:00,1260,1260,1260,1260,0
2022-02-11 15:42:00,1260,1260,1260,1260,0
2022-02-11 15:43:00,1260,1260,1260,1260,0
2022-02-11 15:44:00,1260,1260,1260,1260,0
2022-02-11 15:45:00,1260,1260,1260,1260,0
2022-02-11 15:46:00,1260,1260,1260,1260,0
2022-02-11 15:47:00,1260,1260,1260,1260,0
2022-02-11 15:48:00,1260,1260,1260,1260,0
2022-02-11 15:49:00,1260,1260,1260,1260,0
2022-02-11 15:50:00,1260,1260,1260,1260,0
2022-02-11 15:51:00,1260,1260,1260,1260,0
2022-02-11 15:52:00,1260,1260,1260,1260,0
2022-02-11 15:53:00,1260,1260,1260,1260,0
2022-02-11 15:54:00,1260,1260,1260,1260,0
2022-02-11 15:55:00,1260,1260,1260,1260,0
2022-02-11 15:56:00,1260,1260,1260,1260,0
2022-02-11 15:57:00,1260,1260,1260,1260,0
2022-02-11 15:58:00,1260,1260,1260,1260,0
2022-02-11 15:59:00,1260,1260,1260,1260,0
2022-02-14 09:00:00,1260,1240,1260,1240,0
2022-02-14 09:01:00,1240,1240,1240,1240,600
2022-02-14 09:02:00,1240,1240,1255,1250,59600
2022-02-14 09:03:00,1250,1235,1250,1250,563100
2022-02-14 09:04:00,1250,1235,1250,1250,77800
2022-02-14 09:05:00,1245,1245,1250,1250,8800
2022-02-14 09:06:00,1245,1245,1250,1250,0
2022-02-14 09:07:00,1245,1245,1245,1245,20100
2022-02-14 09:08:00,1240,1240,1245,1245,3700
2022-02-14 09:09:00,1240,1240,1245,1245,0
2022-02-14 09:10:00,1240,1240,1245,1240,3500
2022-02-14 09:11:00,1245,1245,1250,1245,445300
2022-02-14 09:12:00,1245,1245,1245,1245,247900
2022-02-14 09:13:00,1245,1245,1245,1245,127600
2022-02-14 09:14:00,1245,1245,1245,1245,200000
2022-02-14 09:15:00,1245,1240,1250,1250,17400
2022-02-14 09:16:00,1250,1250,1255,1255,22300
2022-02-14 09:17:00,1250,1250,1255,1255,437500
2022-02-14 09:18:00,1255,1250,1255,1250,45400
2022-02-14 09:19:00,1245,1245,1250,1250,1700
2022-02-14 09:20:00,1255,1255,1255,1255,200000
2022-02-14 09:21:00,1250,1250,1255,1255,900
2022-02-14 09:22:00,1255,1255,1255,1255,1000
2022-02-14 09:23:00,1250,1250,1250,1250,5000
2022-02-14 09:24:00,1250,1250,1250,1250,2500
2022-02-14 09:25:00,1245,1245,1245,1245,700
2022-02-14 09:26:00,1245,1245,1245,1245,5000
2022-02-14 09:27:00,1245,1245,1245,1245,3800
2022-02-14 09:28:00,1245,1245,1245,1245,0
2022-02-14 09:29:00,1245,1245,1245,1245,0
2022-02-14 09:30:00,1245,1245,1245,1245,2000
2022-02-14 09:31:00,1245,1245,1245,1245,0
2022-02-14 09:32:00,1245,1245,1250,1250,6100
2022-02-14 09:33:00,1245,1245,1250,1250,0
2022-02-14 09:34:00,1245,1245,1245,1245,200
2022-02-14 09:35:00,1245,1245,1245,1245,0
2022-02-14 09:36:00,1245,1245,1245,1245,0
2022-02-14 09:37:00,1245,1245,1245,1245,500
2022-02-14 09:38:00,1245,1245,1245,1245,500
2022-02-14 09:39:00,1245,1245,1245,1245,0
2022-02-14 09:40:00,1245,1245,1245,1245,0
2022-02-14 09:41:00,1245,1245,1245,1245,0
2022-02-14 09:42:00,1250,1250,1250,1250,8300
2022-02-14 09:43:00,1250,1250,1250,1250,100
2022-02-14 09:44:00,1250,1250,1250,1250,0
2022-02-14 09:45:00,1250,1250,1250,1250,200
2022-02-14 09:46:00,1250,1250,1250,1250,0
2022-02-14 09:47:00,1250,1250,1250,1250,0
2022-02-14 09:48:00,1250,1250,1250,1250,0
2022-02-14 09:49:00,1245,1245,1250,1250,300
2022-02-14 09:50:00,1245,1245,1245,1245,2000
2022-02-14 09:51:00,1245,1245,1245,1245,0
2022-02-14 09:52:00,1245,1245,1245,1245,0
2022-02-14 09:53:00,1245,1245,1250,1250,1000
2022-02-14 09:54:00,1245,1245,1250,1250,0
2022-02-14 09:55:00,1250,1250,1250,1250,1000
2022-02-14 09:56:00,1245,1245,1250,1250,2200
2022-02-14 09:57:00,1250,1250,1260,1250,631200
2022-02-14 09:58:00,1250,1250,1255,1255,190000
2022-02-14 09:59:00,1250,1245,1250,1250,347100
2022-02-14 10:00:00,1250,1250,1250,1250,203000
2022-02-14 10:01:00,1255,1250,1255,1250,200600
2022-02-14 10:02:00,1255,1250,1260,1250,133600
2022-02-14 10:03:00,1260,1250,1260,1260,150900
2022-02-14 10:04:00,1260,1260,1265,1265,336500
2022-02-14 10:05:00,1265,1260,1265,1265,308000
2022-02-14 10:06:00,1265,1265,1265,1265,500
2022-02-14 10:07:00,1265,1265,1265,1265,1400
2022-02-14 10:08:00,1265,1265,1265,1265,900
2022-02-14 10:09:00,1260,1260,1260,1260,8400
2022-02-14 10:10:00,1260,1260,1260,1260,0
2022-02-14 10:11:00,1260,1260,1265,1260,32000
2022-02-14 10:12:00,1260,1260,1265,1260,30700
2022-02-14 10:13:00,1260,1260,1260,1260,1600
2022-02-14 10:14:00,1255,1255,1260,1260,4200
2022-02-14 10:15:00,1255,1255,1260,1260,0
2022-02-14 10:16:00,1260,1260,1260,1260,700
2022-02-14 10:17:00,1255,1255,1255,1255,1900
2022-02-14 10:18:00,1255,1255,1260,1260,31100
2022-02-14 10:19:00,1260,1260,1260,1260,1300
2022-02-14 10:20:00,1260,1260,1260,1260,0
2022-02-14 10:21:00,1260,1260,1260,1260,0
2022-02-14 10:22:00,1255,1255,1255,1255,2800
2022-02-14 10:23:00,1255,1255,1255,1255,0
2022-02-14 10:24:00,1255,1255,1260,1260,4500
2022-02-14 10:25:00,1255,1255,1260,1260,0
2022-02-14 10:26:00,1255,1255,1260,1260,0
2022-02-14 10:27:00,1255,1255,1260,1260,0
2022-02-14 10:28:00,1255,1255,1260,1260,20900
2022-02-14 10:29:00,1260,1260,1260,1260,100
2022-02-14 10:30:00,1260,1260,1260,1260,0
2022-02-14 10:31:00,1260,1260,1260,1260,0
2022-02-14 10:32:00,1255,1255,1255,1255,200
2022-02-14 10:33:00,1260,1260,1260,1260,100
2022-02-14 10:34:00,1260,1260,1260,1260,0
2022-02-14 10:35:00,1260,1260,1260,1260,0
2022-02-14 10:36:00,1260,1260,1260,1260,0
2022-02-14 10:37:00,1260,1260,1260,1260,400
2022-02-14 10:38:00,1260,1260,1260,1260,4100
2022-02-14 10:39:00,1260,1260,1260,1260,300
2022-02-14 10:40:00,1260,1260,1260,1260,0
2022-02-14 10:41:00,1260,1260,1260,1260,0
2022-02-14 10:42:00,1260,1260,1260,1260,0
2022-02-14 10:43:00,1255,1255,1260,1260,1100
2022-02-14 10:44:00,1255,1255,1260,1260,0
2022-02-14 10:45:00,1260,1260,1260,1260,21600
2022-02-14 10:46:00,1255,1255,1260,1260,900
2022-02-14 10:47:00,1255,1255,1260,1260,0
2022-02-14 10:48:00,1260,1260,1260,1260,1000
2022-02-14 10:49:00,1260,1260,1260,1260,0
2022-02-14 10:50:00,1260,1260,1260,1260,2200
2022-02-14 10:51:00,1255,1255,1260,1260,13000
2022-02-14 10:52:00,1255,1255,1260,1260,0
2022-02-14 10:53:00,1260,1260,1260,1260,4000
2022-02-14 10:54:00,1260,1260,1260,1260,30600
2022-02-14 10:55:00,1260,1260,1260,1260,4000
2022-02-14 10:56:00,1255,1255,1260,1255,13900
2022-02-14 10:57:00,1255,1255,1260,1255,0
2022-02-14 10:58:00,1260,1260,1260,1260,100
2022-02-14 10:59:00,1260,1260,1260,1260,0
2022-02-14 11:00:00,1255,1255,1260,1255,23600
2022-02-14 11:01:00,1255,1255,1255,1255,1000
2022-02-14 11:02:00,1255,1255,1255,1255,0
2022-02-14 11:03:00,1250,1250,1250,1250,200
2022-02-14 11:04:00,1250,1250,1250,1250,200
2022-02-14 11:05:00,1250,1250,1250,1250,0
2022-02-14 11:06:00,1250,1250,1250,1250,3000
2022-02-14 11:07:00,1250,1250,1250,1250,5300
2022-02-14 11:08:00,1255,1255,1255,1255,100
2022-02-14 11:09:00,1255,1255,1255,1255,0
2022-02-14 11:10:00,1255,1255,1255,1255,51900
2022-02-14 11:11:00,1255,1250,1255,1255,433600
2022-02-14 11:12:00,1255,1250,1255,1250,85500
2022-02-14 11:13:00,1255,1255,1255,1255,336300
2022-02-14 11:14:00,1255,1255,1255,1255,117400
2022-02-14 11:15:00,1255,1255,1255,1255,201000
2022-02-14 11:16:00,1255,1255,1255,1255,95100
2022-02-14 11:17:00,1255,1255,1255,1255,43400
2022-02-14 11:18:00,1255,1255,1255,1255,0
2022-02-14 11:19:00,1255,1255,1255,1255,0
2022-02-14 11:20:00,1255,1255,1255,1255,65000
2022-02-14 11:21:00,1255,1255,1255,1255,0
2022-02-14 11:22:00,1255,1255,1255,1255,0
2022-02-14 11:23:00,1255,1255,1255,1255,0
2022-02-14 11:24:00,1255,1255,1255,1255,0
2022-02-14 11:25:00,1255,1255,1255,1255,0
2022-02-14 11:26:00,1255,1255,1255,1255,0
2022-02-14 11:27:00,1255,1255,1255,1255,0
2022-02-14 11:28:00,1255,1255,1255,1255,0
2022-02-14 11:29:00,1255,1255,1255,1255,0
2022-02-14 11:30:00,1255,1255,1255,1255,0
2022-02-14 11:31:00,1255,1255,1255,1255,0
2022-02-14 11:32:00,1255,1255,1255,1255,0
2022-02-14 11:33:00,1255,1255,1255,1255,0
2022-02-14 11:34:00,1255,1255,1255,1255,0
2022-02-14 11:35:00,1255,1255,1255,1255,0
2022-02-14 11:36:00,1255,1255,1255,1255,0
2022-02-14 11:37:00,1255,1255,1255,1255,0
2022-02-14 11:38:00,1255,1255,1255,1255,0
2022-02-14 11:39:00,1255,1255,1255,1255,0
2022-02-14 11:40:00,1255,1255,1255,1255,0
2022-02-14 11:41:00,1255,1255,1255,1255,0
2022-02-14 11:42:00,1255,1255,1255,1255,0
2022-02-14 11:43:00,1255,1255,1255,1255,0
2022-02-14 11:44:00,1255,1255,1255,1255,0
2022-02-14 11:45:00,1255,1255,1255,1255,0
2022-02-14 11:46:00,1255,1255,1255,1255,0
2022-02-14 11:47:00,1255,1255,1255,1255,0
2022-02-14 11:48:00,1255,1255,1255,1255,0
2022-02-14 11:49:00,1255,1255,1255,1255,0
2022-02-14 11:50:00,1255,1255,1255,1255,0
2022-02-14 11:51:00,1255,1255,1255,1255,0
2022-02-14 11:52:00,1255,1255,1255,1255,0
2022-02-14 11:53:00,1255,1255,1255,1255,0
2022-02-14 11:54:00,1255,1255,1255,1255,0
2022-02-14 11:55:00,1255,1255,1255,1255,0
2022-02-14 11:56:00,1255,1255,1255,1255,0
2022-02-14 11:57:00,1255,1255,1255,1255,0
2022-02-14 11:58:00,1255,1255,1255,1255,0
2022-02-14 11:59:00,1255,1255,1255,1255,0
2022-02-14 12:00:00,1255,1255,1255,1255,0
2022-02-14 12:01:00,1255,1255,1255,1255,0
2022-02-14 12:02:00,1255,1255,1255,1255,0
2022-02-14 12:03:00,1255,1255,1255,1255,0
2022-02-14 12:04:00,1255,1255,1255,1255,0
2022-02-14 12:05:00,1255,1255,1255,1255,0
2022-02-14 12:06:00,1255,1255,1255,1255,0
2022-02-14 12:07:00,1255,1255,1255,1255,0
2022-02-14 12:08:00,1255,1255,1255,1255,0
2022-02-14 12:09:00,1255,1255,1255,1255,0
2022-02-14 12:10:00,1255,1255,1255,1255,0
2022-02-14 12:11:00,1255,1255,1255,1255,0
2022-02-14 12:12:00,1255,1255,1255,1255,0
2022-02-14 12:13:00,1255,1255,1255,1255,0
2022-02-14 12:14:00,1255,1255,1255,1255,0
2022-02-14 12:15:00,1255,1255,1255,1255,0
2022-02-14 12:16:00,1255,1255,1255,1255,0
2022-02-14 12:17:00,1255,1255,1255,1255,0
2022-02-14 12:18:00,1255,1255,1255,1255,0
2022-02-14 12:19:00,1255,1255,1255,1255,0
2022-02-14 12:20:00,1255,1255,1255,1255,0
2022-02-14 12:21:00,1255,1255,1255,1255,0
2022-02-14 12:22:00,1255,1255,1255,1255,0
2022-02-14 12:23:00,1255,1255,1255,1255,0
2022-02-14 12:24:00,1255,1255,1255,1255,0
2022-02-14 12:25:00,1255,1255,1255,1255,0
2022-02-14 12:26:00,1255,1255,1255,1255,0
2022-02-14 12:27:00,1255,1255,1255,1255,0
2022-02-14 12:28:00,1255,1255,1255,1255,0
2022-02-14 12:29:00,1255,1255,1255,1255,0
2022-02-14 12:30:00,1255,1255,1255,1255,0
2022-02-14 12:31:00,1255,1255,1255,1255,0
2022-02-14 12:32:00,1255,1255,1255,1255,0
2022-02-14 12:33:00,1255,1255,1255,1255,0
2022-02-14 12:34:00,1255,1255,1255,1255,0
2022-02-14 12:35:00,1255,1255,1255,1255,0
2022-02-14 12:36:00,1255,1255,1255,1255,0
2022-02-14 12:37:00,1255,1255,1255,1255,0
2022-02-14 12:38:00,1255,1255,1255,1255,0
2022-02-14 12:39:00,1255,1255,1255,1255,0
2022-02-14 12:40:00,1255,1255,1255,1255,0
2022-02-14 12:41:00,1255,1255,1255,1255,0
2022-02-14 12:42:00,1255,1255,1255,1255,0
2022-02-14 12:43:00,1255,1255,1255,1255,0
2022-02-14 12:44:00,1255,1255,1255,1255,0
2022-02-14 12:45:00,1255,1255,1255,1255,0
2022-02-14 12:46:00,1255,1255,1255,1255,0
2022-02-14 12:47:00,1255,1255,1255,1255,0
2022-02-14 12:48:00,1255,1255,1255,1255,0
2022-02-14 12:49:00,1255,1255,1255,1255,0
2022-02-14 12:50:00,1255,1255,1255,1255,0
2022-02-14 12:51:00,1255,1255,1255,1255,0
2022-02-14 12:52:00,1255,1255,1255,1255,0
2022-02-14 12:53:00,1255,1255,1255,1255,0
2022-02-14 12:54:00,1255,1255,1255,1255,0
2022-02-14 12:55:00,1255,1255,1255,1255,0
2022-02-14 12:56:00,1255,1255,1255,1255,0
2022-02-14 12:57:00,1255,1255,1255,1255,0
2022-02-14 12:58:00,1255,1255,1255,1255,0
2022-02-14 12:59:00,1255,1255,1255,1255,0
2022-02-14 13:00:00,1255,1255,1255,1255,0
2022-02-14 13:01:00,1255,1255,1255,1255,0
2022-02-14 13:02:00,1255,1255,1255,1255,0
2022-02-14 13:03:00,1255,1255,1255,1255,0
2022-02-14 13:04:00,1255,1255,1255,1255,0
2022-02-14 13:05:00,1255,1255,1255,1255,0
2022-02-14 13:06:00,1255,1255,1255,1255,0
2022-02-14 13:07:00,1255,1255,1255,1255,0
2022-02-14 13:08:00,1255,1255,1255,1255,0
2022-02-14 13:09:00,1255,1255,1255,1255,0
2022-02-14 13:10:00,1255,1255,1255,1255,0
2022-02-14 13:11:00,1255,1255,1255,1255,0
2022-02-14 13:12:00,1255,1255,1255,1255,0
2022-02-14 13:13:00,1255,1255,1255,1255,0
2022-02-14 13:14:00,1255,1255,1255,1255,0
2022-02-14 13:15:00,1255,1255,1255,1255,0
2022-02-14 13:16:00,1255,1255,1255,1255,0
2022-02-14 13:17:00,1255,1255,1255,1255,0
2022-02-14 13:18:00,1255,1255,1255,1255,0
2022-02-14 13:19:00,1255,1255,1255,1255,0
2022-02-14 13:20:00,1255,1255,1255,1255,0
2022-02-14 13:21:00,1255,1255,1255,1255,0
2022-02-14 13:22:00,1255,1255,1255,1255,0
2022-02-14 13:23:00,1255,1255,1255,1255,0
2022-02-14 13:24:00,1255,1255,1255,1255,0
2022-02-14 13:25:00,1255,1255,1255,1255,0
2022-02-14 13:26:00,1255,1255,1255,1255,0
2022-02-14 13:27:00,1255,1255,1255,1255,0
2022-02-14 13:28:00,1255,1255,1255,1255,0
2022-02-14 13:29:00,1255,1255,1255,1255,0
2022-02-14 13:30:00,1255,1255,1255,1255,544200
2022-02-14 13:31:00,1255,1255,1255,1255,122000
2022-02-14 13:32:00,1255,1255,1255,1255,1000
2022-02-14 13:33:00,1255,1255,1255,1255,0
2022-02-14 13:34:00,1255,1255,1255,1255,0
2022-02-14 13:35:00,1260,1260,1260,1260,600
2022-02-14 13:36:00,1260,1260,1260,1260,0
2022-02-14 13:37:00,1260,1260,1260,1260,0
2022-02-14 13:38:00,1260,1260,1260,1260,0
2022-02-14 13:39:00,1260,1260,1260,1260,0
2022-02-14 13:40:00,1260,1260,1260,1260,0
2022-02-14 13:41:00,1260,1260,1260,1260,0
2022-02-14 13:42:00,1260,1260,1260,1260,0
2022-02-14 13:43:00,1260,1260,1260,1260,0
2022-02-14 13:44:00,1255,1255,1255,1255,1100
2022-02-14 13:45:00,1255,1255,1255,1255,10000
2022-02-14 13:46:00,1255,1255,1255,1255,0
2022-02-14 13:47:00,1255,1255,1255,1255,0
2022-02-14 13:48:00,1255,1255,1260,1260,3600
2022-02-14 13:49:00,1255,1255,1260,1260,0
2022-02-14 13:50:00,1255,1255,1255,1255,4200
2022-02-14 13:51:00,1255,1255,1255,1255,21500
2022-02-14 13:52:00,1255,1255,1255,1255,0
2022-02-14 13:53:00,1255,1255,1255,1255,0
2022-02-14 13:54:00,1255,1255,1255,1255,100
2022-02-14 13:55:00,1255,1250,1255,1255,174300
2022-02-14 13:56:00,1255,1250,1255,1250,40900
2022-02-14 13:57:00,1245,1245,1245,1245,11900
2022-02-14 13:58:00,1245,1245,1250,1250,2100
2022-02-14 13:59:00,1245,1245,1250,1250,0
2022-02-14 14:00:00,1250,1250,1250,1250,100
2022-02-14 14:01:00,1250,1250,1250,1250,0
2022-02-14 14:02:00,1245,1245,1245,1245,100
2022-02-14 14:03:00,1245,1245,1250,1250,300
2022-02-14 14:04:00,1245,1245,1250,1250,0
2022-02-14 14:05:00,1245,1245,1250,1250,0
2022-02-14 14:06:00,1245,1245,1250,1250,0
2022-02-14 14:07:00,1245,1245,1250,1250,0
2022-02-14 14:08:00,1245,1245,1245,1245,9000
2022-02-14 14:09:00,1250,1250,1250,1250,100
2022-02-14 14:10:00,1250,1250,1250,1250,0
2022-02-14 14:11:00,1250,1250,1250,1250,0
2022-02-14 14:12:00,1250,1250,1250,1250,0
2022-02-14 14:13:00,1250,1250,1250,1250,0
2022-02-14 14:14:00,1250,1250,1250,1250,0
2022-02-14 14:15:00,1245,1245,1245,1245,3500
2022-02-14 14:16:00,1245,1245,1245,1245,1500
2022-02-14 14:17:00,1245,1245,1245,1245,0
2022-02-14 14:18:00,1245,1245,1245,1245,3300
2022-02-14 14:19:00,1245,1245,1245,1245,8000
2022-02-14 14:20:00,1245,1245,1245,1245,1000
2022-02-14 14:21:00,1245,1245,1245,1245,0
2022-02-14 14:22:00,1245,1245,1245,1245,1000
2022-02-14 14:23:00,1245,1245,1245,1245,20100
2022-02-14 14:24:00,1245,1245,1245,1245,10000
2022-02-14 14:25:00,1245,1245,1245,1245,0
2022-02-14 14:26:00,1245,1245,1245,1245,0
2022-02-14 14:27:00,1245,1245,1245,1245,0
2022-02-14 14:28:00,1245,1245,1245,1245,1000
2022-02-14 14:29:00,1245,1245,1245,1245,1200
2022-02-14 14:30:00,1245,1245,1250,1250,427800
2022-02-14 14:31:00,1250,1250,1250,1250,150200
2022-02-14 14:32:00,1250,1250,1250,1250,65000
2022-02-14 14:33:00,1245,1245,1245,1245,500
2022-02-14 14:34:00,1250,1250,1255,1255,18700
2022-02-14 14:35:00,1250,1250,1255,1255,0
2022-02-14 14:36:00,1250,1250,1255,1255,0
2022-02-14 14:37:00,1250,1250,1255,1255,0
2022-02-14 14:38:00,1250,1250,1250,1250,200
2022-02-14 14:39:00,1250,1250,1250,1250,81600
2022-02-14 14:40:00,1250,1245,1250,1250,26700
2022-02-14 14:41:00,1250,1245,1250,1250,0
2022-02-14 14:42:00,1250,1245,1250,1250,0
2022-02-14 14:43:00,1250,1245,1250,1250,0
2022-02-14 14:44:00,1250,1245,1250,1250,0
2022-02-14 14:45:00,1250,1245,1250,1250,0
2022-02-14 14:46:00,1250,1245,1250,1250,0
2022-02-14 14:47:00,1250,1245,1250,1250,0
2022-02-14 14:48:00,1245,1245,1245,1245,1100
2022-02-14 14:49:00,1245,1245,1250,1250,15100
2022-02-14 14:50:00,1245,1245,1250,1250,0
2022-02-14 14:51:00,1245,1245,1250,1250,0
2022-02-14 14:52:00,1245,1245,1250,1250,0
2022-02-14 14:53:00,1245,1245,1250,1250,0
2022-02-14 14:54:00,1245,1245,1250,1250,0
2022-02-14 14:55:00,1245,1245,1250,1250,0
2022-02-14 14:56:00,1245,1245,1250,1250,0
2022-02-14 14:57:00,1245,1245,1250,1250,0
2022-02-14 14:58:00,1245,1245,1250,1250,0
2022-02-14 14:59:00,1245,1245,1250,1250,0
2022-02-14 15:00:00,1245,1245,1245,1245,138100
2022-02-14 15:01:00,1245,1245,1245,1245,0
2022-02-14 15:02:00,1245,1245,1245,1245,59900
2022-02-14 15:03:00,1245,1245,1245,1245,0
2022-02-14 15:04:00,1245,1245,1245,1245,0
2022-02-14 15:05:00,1245,1245,1245,1245,0
2022-02-14 15:06:00,1245,1245,1245,1245,10000
2022-02-14 15:07:00,1245,1245,1245,1245,0
2022-02-14 15:08:00,1245,1245,1245,1245,1700
2022-02-14 15:09:00,1245,1245,1245,1245,300
2022-02-14 15:10:00,1245,1245,1245,1245,0
2022-02-14 15:11:00,1245,1245,1245,1245,0
2022-02-14 15:12:00,1245,1245,1245,1245,0
2022-02-14 15:13:00,1245,1245,1245,1245,0
2022-02-14 15:14:00,1245,1245,1245,1245,0
2022-02-14 15:15:00,1245,1245,1245,1245,0
2022-02-14 15:16:00,1245,1245,1245,1245,0
2022-02-14 15:17:00,1245,1245,1245,1245,0
2022-02-14 15:18:00,1245,1245,1245,1245,0
2022-02-14 15:19:00,1245,1245,1245,1245,0
2022-02-14 15:20:00,1245,1245,1245,1245,0
2022-02-14 15:21:00,1245,1245,1245,1245,0
2022-02-14 15:22:00,1245,1245,1245,1245,0
2022-02-14 15:23:00,1245,1245,1245,1245,0
2022-02-14 15:24:00,1245,1245,1245,1245,0
2022-02-14 15:25:00,1245,1245,1245,1245,0
2022-02-14 15:26:00,1245,1245,1245,1245,0
2022-02-14 15:27:00,1245,1245,1245,1245,0
2022-02-14 15:28:00,1245,1245,1245,1245,0
2022-02-14 15:29:00,1245,1245,1245,1245,0
2022-02-14 15:30:00,1245,1245,1245,1245,0
2022-02-14 15:31:00,1245,1245,1245,1245,0
2022-02-14 15:32:00,1245,1245,1245,1245,0
2022-02-14 15:33:00,1245,1245,1245,1245,0
2022-02-14 15:34:00,1245,1245,1245,1245,0
2022-02-14 15:35:00,1245,1245,1245,1245,0
2022-02-14 15:36:00,1245,1245,1245,1245,0
2022-02-14 15:37:00,1245,1245,1245,1245,0
2022-02-14 15:38:00,1245,1245,1245,1245,0
2022-02-14 15:39:00,1245,1245,1245,1245,0
2022-02-14 15:40:00,1245,1245,1245,1245,0
2022-02-14 15:41:00,1245,1245,1245,1245,0
2022-02-14 15:42:00,1245,1245,1245,1245,0
2022-02-14 15:43:00,1245,1245,1245,1245,0
2022-02-14 15:44:00,1245,1245,1245,1245,0
2022-02-14 15:45:00,1245,1245,1245,1245,0
2022-02-14 15:46:00,1245,1245,1245,1245,0
2022-02-14 15:47:00,1245,1245,1245,1245,0
2022-02-14 15:48:00,1245,1245,1245,1245,0
2022-02-14 15:49:00,1245,1245,1245,1245,0
2022-02-14 15:50:00,1245,1245,1245,1245,0
2022-02-14 15:51:00,1245,1245,1245,1245,0
2022-02-14 15:52:00,1245,1245,1245,1245,0
2022-02-14 15:53:00,1245,1245,1245,1245,0
2022-02-14 15:54:00,1245,1245,1245,1245,0
2022-02-14 15:55:00,1245,1245,1245,1245,0
2022-02-14 15:56:00,1245,1245,1245,1245,0
2022-02-14 15:57:00,1245,1245,1245,1245,0
2022-02-14 15:58:00,1245,1245,1245,1245,0
2022-02-14 15:59:00,1245,1245,1245,1245,0
2022-02-15 09:00:00,1245,1245,1250,1245,0
2022-02-15 09:01:00,1245,1245,1250,1245,0
2022-02-15 09:02:00,1245,1245,1245,1245,2000
2022-02-15 09:03:00,1245,1245,1245,1245,3000
2022-02-15 09:04:00,1245,1245,1245,1245,2500
2022-02-15 09:05:00,1245,1245,1245,1245,0
2022-02-15 09:06:00,1245,1245,1245,1245,0
2022-02-15 09:07:00,1245,1245,1245,1245,3400
2022-02-15 09:08:00,1245,1245,1245,1245,5000
2022-02-15 09:09:00,1245,1245,1245,1245,0
2022-02-15 09:10:00,1245,1245,1245,1245,0
2022-02-15 09:11:00,1245,1245,1245,1245,0
2022-02-15 09:12:00,1245,1245,1245,1245,0
2022-02-15 09:13:00,1245,1245,1245,1245,5000
2022-02-15 09:14:00,1245,1245,1245,1245,3000
2022-02-15 09:15:00,1245,1245,1245,1245,0
2022-02-15 09:16:00,1245,1245,1245,1245,0
2022-02-15 09:17:00,1245,1245,1245,1245,0
2022-02-15 09:18:00,1245,1245,1245,1245,0
2022-02-15 09:19:00,1245,1245,1260,1260,305500
2022-02-15 09:20:00,1250,1250,1260,1260,371500
2022-02-15 09:21:00,1250,1250,1265,1265,361900
2022-02-15 09:22:00,1260,1260,1265,1260,309200
2022-02-15 09:23:00,1260,1255,1260,1255,18700
2022-02-15 09:24:00,1260,1255,1260,1255,0
2022-02-15 09:25:00,1260,1260,1260,1260,124200
2022-02-15 09:26:00,1260,1260,1270,1270,431900
2022-02-15 09:27:00,1270,1265,1270,1270,123400
2022-02-15 09:28:00,1275,1275,1295,1295,932400
2022-02-15 09:29:00,1290,1280,1295,1295,856200
2022-02-15 09:30:00,1290,1290,1300,1295,210100
2022-02-15 09:31:00,1295,1290,1295,1290,44400
2022-02-15 09:32:00,1290,1290,1295,1295,76100
2022-02-15 09:33:00,1295,1290,1300,1295,100400
2022-02-15 09:34:00,1295,1295,1295,1295,24900
2022-02-15 09:35:00,1295,1285,1295,1285,143100
2022-02-15 09:36:00,1285,1275,1285,1280,72300
2022-02-15 09:37:00,1280,1275,1280,1275,2700
2022-02-15 09:38:00,1275,1275,1285,1285,27300
2022-02-15 09:39:00,1280,1280,1280,1280,33900
2022-02-15 09:40:00,1280,1280,1285,1280,16600
2022-02-15 09:41:00,1280,1280,1280,1280,30000
2022-02-15 09:42:00,1280,1280,1280,1280,20100
2022-02-15 09:43:00,1280,1280,1280,1280,200
2022-02-15 09:44:00,1280,1280,1280,1280,25000
2022-02-15 09:45:00,1285,1285,1290,1290,247400
2022-02-15 09:46:00,1290,1290,1290,1290,473500
2022-02-15 09:47:00,1290,1290,1290,1290,178400
2022-02-15 09:48:00,1285,1285,1295,1295,144400
2022-02-15 09:49:00,1295,1290,1295,1295,516400
2022-02-15 09:50:00,1295,1295,1295,1295,240000
2022-02-15 09:51:00,1295,1295,1295,1295,147200
2022-02-15 09:52:00,1300,1300,1300,1300,426900
2022-02-15 09:53:00,1300,1295,1300,1295,228600
2022-02-15 09:54:00,1300,1295,1300,1295,302400
2022-02-15 09:55:00,1300,1300,1300,1300,10000
2022-02-15 09:56:00,1295,1295,1295,1295,34900
2022-02-15 09:57:00,1295,1290,1295,1290,2300
2022-02-15 09:58:00,1295,1290,1295,1290,25800
2022-02-15 09:59:00,1290,1290,1295,1290,2500
2022-02-15 10:00:00,1295,1295,1295,1295,2000
2022-02-15 10:01:00,1295,1295,1295,1295,200
2022-02-15 10:02:00,1295,1295,1295,1295,0
2022-02-15 10:03:00,1295,1295,1295,1295,0
2022-02-15 10:04:00,1295,1295,1295,1295,0
2022-02-15 10:05:00,1295,1295,1295,1295,0
2022-02-15 10:06:00,1295,1290,1295,1290,1100
2022-02-15 10:07:00,1290,1290,1295,1295,48300
2022-02-15 10:08:00,1295,1295,1295,1295,500
2022-02-15 10:09:00,1295,1295,1295,1295,0
2022-02-15 10:10:00,1285,1280,1285,1280,106000
2022-02-15 10:11:00,1285,1285,1290,1285,86100
2022-02-15 10:12:00,1285,1285,1285,1285,2300
2022-02-15 10:13:00,1285,1285,1290,1290,82900
2022-02-15 10:14:00,1285,1285,1285,1285,58500
2022-02-15 10:15:00,1285,1285,1290,1290,194900
2022-02-15 10:16:00,1285,1285,1295,1295,221800
2022-02-15 10:17:00,1295,1290,1300,1300,303000
2022-02-15 10:18:00,1300,1300,1305,1305,647400
2022-02-15 10:19:00,1305,1300,1305,1305,255300
2022-02-15 10:20:00,1305,1305,1305,1305,117800
2022-02-15 10:21:00,1310,1305,1310,1310,854100
2022-02-15 10:22:00,1315,1310,1320,1320,1198100
2022-02-15 10:23:00,1320,1320,1325,1325,421200
2022-02-15 10:24:00,1325,1295,1325,1300,668700
2022-02-15 10:25:00,1310,1305,1315,1305,55000
2022-02-15 10:26:00,1305,1300,1305,1305,28300
2022-02-15 10:27:00,1305,1300,1305,1300,39700
2022-02-15 10:28:00,1300,1300,1300,1300,2000
2022-02-15 10:29:00,1305,1305,1305,1305,3000
2022-02-15 10:30:00,1305,1275,1305,1275,441500
2022-02-15 10:31:00,1275,1275,1280,1280,1300
2022-02-15 10:32:00,1300,1295,1300,1295,109000
2022-02-15 10:33:00,1300,1300,1300,1300,300
2022-02-15 10:34:00,1295,1290,1295,1295,37800
2022-02-15 10:35:00,1295,1290,1295,1295,0
2022-02-15 10:36:00,1295,1290,1295,1295,0
2022-02-15 10:37:00,1295,1295,1295,1295,16400
2022-02-15 10:38:00,1295,1290,1295,1290,6500
2022-02-15 10:39:00,1290,1290,1290,1290,600
2022-02-15 10:40:00,1290,1285,1290,1285,45700
2022-02-15 10:41:00,1285,1285,1285,1285,300
2022-02-15 10:42:00,1285,1285,1285,1285,0
2022-02-15 10:43:00,1285,1285,1285,1285,500
2022-02-15 10:44:00,1285,1285,1285,1285,1000
2022-02-15 10:45:00,1290,1290,1290,1290,10000
2022-02-15 10:46:00,1290,1290,1290,1290,2500
2022-02-15 10:47:00,1290,1290,1290,1290,0
2022-02-15 10:48:00,1290,1290,1290,1290,0
2022-02-15 10:49:00,1285,1285,1285,1285,1200
2022-02-15 10:50:00,1290,1285,1290,1285,3900
2022-02-15 10:51:00,1285,1285,1285,1285,105600
2022-02-15 10:52:00,1285,1285,1290,1285,54400
2022-02-15 10:53:00,1280,1280,1285,1285,56800
2022-02-15 10:54:00,1285,1280,1285,1280,800
2022-02-15 10:55:00,1285,1280,1285,1280,0
2022-02-15 10:56:00,1285,1280,1285,1280,0
2022-02-15 10:57:00,1285,1280,1285,1280,0
2022-02-15 10:58:00,1280,1280,1280,1280,400
2022-02-15 10:59:00,1280,1280,1280,1280,0
2022-02-15 11:00:00,1280,1280,1280,1280,0
2022-02-15 11:01:00,1280,1280,1280,1280,0
2022-02-15 11:02:00,1280,1280,1280,1280,0
2022-02-15 11:03:00,1280,1280,1285,1280,4100
2022-02-15 11:04:00,1280,1280,1285,1280,0
2022-02-15 11:05:00,1285,1280,1285,1280,37500
2022-02-15 11:06:00,1280,1280,1280,1280,30600
2022-02-15 11:07:00,1280,1280,1280,1280,0
2022-02-15 11:08:00,1280,1280,1280,1280,200
2022-02-15 11:09:00,1280,1280,1280,1280,0
2022-02-15 11:10:00,1280,1280,1280,1280,400
2022-02-15 11:11:00,1280,1280,1280,1280,200
2022-02-15 11:12:00,1280,1280,1280,1280,500
2022-02-15 11:13:00,1280,1280,1280,1280,0
2022-02-15 11:14:00,1280,1275,1280,1275,38600
2022-02-15 11:15:00,1275,1275,1275,1275,600
2022-02-15 11:16:00,1275,1275,1275,1275,0
2022-02-15 11:17:00,1275,1275,1275,1275,0
2022-02-15 11:18:00,1275,1275,1275,1275,42200
2022-02-15 11:19:00,1275,1275,1280,1275,6900
2022-02-15 11:20:00,1275,1275,1280,1275,0
2022-02-15 11:21:00,1275,1275,1280,1275,0
2022-02-15 11:22:00,1275,1275,1275,1275,2400
2022-02-15 11:23:00,1275,1260,1275,1260,329500
2022-02-15 11:24:00,1260,1260,1260,1260,56400
2022-02-15 11:25:00,1260,1260,1275,1265,247600
2022-02-15 11:26:00,1265,1260,1265,1260,187400
2022-02-15 11:27:00,1265,1265,1275,1275,211800
2022-02-15 11:28:00,1275,1270,1280,1280,124300
2022-02-15 11:29:00,1275,1275,1275,1275,2500
2022-02-15 11:30:00,1275,1275,1275,1275,0
2022-02-15 11:31:00,1275,1275,1275,1275,0
2022-02-15 11:32:00,1275,1275,1275,1275,0
2022-02-15 11:33:00,1275,1275,1275,1275,0
2022-02-15 11:34:00,1275,1275,1275,1275,0
2022-02-15 11:35:00,1275,1275,1275,1275,0
2022-02-15 11:36:00,1275,1275,1275,1275,0
2022-02-15 11:37:00,1275,1275,1275,1275,0
2022-02-15 11:38:00,1275,1275,1275,1275,0
2022-02-15 11:39:00,1275,1275,1275,1275,0
2022-02-15 11:40:00,1275,1275,1275,1275,0
2022-02-15 11:41:00,1275,1275,1275,1275,0
2022-02-15 11:42:00,1275,1275,1275,1275,0
2022-02-15 11:43:00,1275,1275,1275,1275,0
2022-02-15 11:44:00,1275,1275,1275,1275,0
2022-02-15 11:45:00,1275,1275,1275,1275,0
2022-02-15 11:46:00,1275,1275,1275,1275,0
2022-02-15 11:47:00,1275,1275,1275,1275,0
2022-02-15 11:48:00,1275,1275,1275,1275,0
2022-02-15 11:49:00,1275,1275,1275,1275,0
2022-02-15 11:50:00,1275,1275,1275,1275,0
2022-02-15 11:51:00,1275,1275,1275,1275,0
2022-02-15 11:52:00,1275,1275,1275,1275,0
2022-02-15 11:53:00,1275,1275,1275,1275,0
2022-02-15 11:54:00,1275,1275,1275,1275,0
2022-02-15 11:55:00,1275,1275,1275,1275,0
2022-02-15 11:56:00,1275,1275,1275,1275,0
2022-02-15 11:57:00,1275,1275,1275,1275,0
2022-02-15 11:58:00,1275,1275,1275,1275,0
2022-02-15 11:59:00,1275,1275,1275,1275,0
2022-02-15 12:00:00,1275,1275,1275,1275,0
2022-02-15 12:01:00,1275,1275,1275,1275,0
2022-02-15 12:02:00,1275,1275,1275,1275,0
2022-02-15 12:03:00,1275,1275,1275,1275,0
2022-02-15 12:04:00,1275,1275,1275,1275,0
2022-02-15 12:05:00,1275,1275,1275,1275,0
2022-02-15 12:06:00,1275,1275,1275,1275,0
2022-02-15 12:07:00,1275,1275,1275,1275,0
2022-02-15 12:08:00,1275,1275,1275,1275,0
2022-02-15 12:09:00,1275,1275,1275,1275,0
2022-02-15 12:10:00,1275,1275,1275,1275,0
2022-02-15 12:11:00,1275,1275,1275,1275,0
2022-02-15 12:12:00,1275,1275,1275,1275,0
2022-02-15 12:13:00,1275,1275,1275,1275,0
2022-02-15 12:14:00,1275,1275,1275,1275,0
2022-02-15 12:15:00,1275,1275,1275,1275,0
2022-02-15 12:16:00,1275,1275,1275,1275,0
2022-02-15 12:17:00,1275,1275,1275,1275,0
2022-02-15 12:18:00,1275,1275,1275,1275,0
2022-02-15 12:19:00,1275,1275,1275,1275,0
2022-02-15 12:20:00,1275,1275,1275,1275,0
2022-02-15 12:21:00,1275,1275,1275,1275,0
2022-02-15 12:22:00,1275,1275,1275,1275,0
2022-02-15 12:23:00,1275,1275,1275,1275,0
2022-02-15 12:24:00,1275,1275,1275,1275,0
2022-02-15 12:25:00,1275,1275,1275,1275,0
2022-02-15 12:26:00,1275,1275,1275,1275,0
2022-02-15 12:27:00,1275,1275,1275,1275,0
2022-02-15 12:28:00,1275,1275,1275,1275,0
2022-02-15 12:29:00,1275,1275,1275,1275,0
2022-02-15 12:30:00,1275,1275,1275,1275,0
2022-02-15 12:31:00,1275,1275,1275,1275,0
2022-02-15 12:32:00,1275,1275,1275,1275,0
2022-02-15 12:33:00,1275,1275,1275,1275,0
2022-02-15 12:34:00,1275,1275,1275,1275,0
2022-02-15 12:35:00,1275,1275,1275,1275,0
2022-02-15 12:36:00,1275,1275,1275,1275,0
2022-02-15 12:37:00,1275,1275,1275,1275,0
2022-02-15 12:38:00,1275,1275,1275,1275,0
2022-02-15 12:39:00,1275,1275,1275,1275,0
2022-02-15 12:40:00,1275,1275,1275,1275,0
2022-02-15 12:41:00,1275,1275,1275,1275,0
2022-02-15 12:42:00,1275,1275,1275,1275,0
2022-02-15 12:43:00,1275,1275,1275,1275,0
2022-02-15 12:44:00,1275,1275,1275,1275,0
2022-02-15 12:45:00,1275,1275,1275,1275,0
2022-02-15 12:46:00,1275,1275,1275,1275,0
2022-02-15 12:47:00,1275,1275,1275,1275,0
2022-02-15 12:48:00,1275,1275,1275,1275,0
2022-02-15 12:49:00,1275,1275,1275,1275,0
2022-02-15 12:50:00,1275,1275,1275,1275,0
2022-02-15 12:51:00,1275,1275,1275,1275,0
2022-02-15 12:52:00,1275,1275,1275,1275,0
2022-02-15 12:53:00,1275,1275,1275,1275,0
2022-02-15 12:54:00,1275,1275,1275,1275,0
2022-02-15 12:55:00,1275,1275,1275,1275,0
2022-02-15 12:56:00,1275,1275,1275,1275,0
2022-02-15 12:57:00,1275,1275,1275,1275,0
2022-02-15 12:58:00,1275,1275,1275,1275,0
2022-02-15 12:59:00,1275,1275,1275,1275,0
2022-02-15 13:00:00,1275,1275,1275,1275,0
2022-02-15 13:01:00,1275,1275,1275,1275,0
2022-02-15 13:02:00,1275,1275,1275,1275,0
2022-02-15 13:03:00,1275,1275,1275,1275,0
2022-02-15 13:04:00,1275,1275,1275,1275,0
2022-02-15 13:05:00,1275,1275,1275,1275,0
2022-02-15 13:06:00,1275,1275,1275,1275,0
2022-02-15 13:07:00,1275,1275,1275,1275,0
2022-02-15 13:08:00,1275,1275,1275,1275,0
2022-02-15 13:09:00,1275,1275,1275,1275,0
2022-02-15 13:10:00,1275,1275,1275,1275,0
2022-02-15 13:11:00,1275,1275,1275,1275,0
2022-02-15 13:12:00,1275,1275,1275,1275,0
2022-02-15 13:13:00,1275,1275,1275,1275,0
2022-02-15 13:14:00,1275,1275,1275,1275,0
2022-02-15 13:15:00,1275,1275,1275,1275,0
2022-02-15 13:16:00,1275,1275,1275,1275,0
2022-02-15 13:17:00,1275,1275,1275,1275,0
2022-02-15 13:18:00,1275,1275,1275,1275,0
2022-02-15 13:19:00,1275,1275,1275,1275,0
2022-02-15 13:20:00,1275,1275,1275,1275,0
2022-02-15 13:21:00,1275,1275,1275,1275,0
2022-02-15 13:22:00,1275,1275,1275,1275,0
2022-02-15 13:23:00,1275,1275,1275,1275,0
2022-02-15 13:24:00,1275,1275,1275,1275,0
2022-02-15 13:25:00,1275,1275,1275,1275,0
2022-02-15 13:26:00,1275,1275,1275,1275,0
2022-02-15 13:27:00,1275,1275,1275,1275,0
2022-02-15 13:28:00,1275,1275,1275,1275,0
2022-02-15 13:29:00,1275,1275,1275,1275,0
2022-02-15 13:30:00,1280,1275,1280,1275,54100
2022-02-15 13:31:00,1280,1275,1280,1275,52100
2022-02-15 13:32:00,1280,1275,1280,1275,0
2022-02-15 13:33:00,1280,1275,1280,1275,0
2022-02-15 13:34:00,1280,1275,1280,1275,0
2022-02-15 13:35:00,1275,1275,1275,1275,11400
2022-02-15 13:36:00,1275,1275,1275,1275,49000
2022-02-15 13:37:00,1275,1270,1275,1270,4800
2022-02-15 13:38:00,1270,1270,1270,1270,1000
2022-02-15 13:39:00,1270,1270,1270,1270,0
2022-02-15 13:40:00,1270,1270,1270,1270,0
2022-02-15 13:41:00,1270,1270,1270,1270,3900
2022-02-15 13:42:00,1270,1270,1275,1270,580400
2022-02-15 13:43:00,1265,1265,1265,1265,15600
2022-02-15 13:44:00,1270,1265,1270,1265,4500
2022-02-15 13:45:00,1265,1265,1265,1265,33200
2022-02-15 13:46:00,1260,1260,1260,1260,90100
2022-02-15 13:47:00,1265,1250,1265,1255,310200
2022-02-15 13:48:00,1255,1255,1260,1260,200
2022-02-15 13:49:00,1260,1260,1275,1275,323500
2022-02-15 13:50:00,1280,1280,1280,1280,52500
2022-02-15 13:51:00,1280,1280,1280,1280,0
2022-02-15 13:52:00,1280,1280,1280,1280,30500
2022-02-15 13:53:00,1280,1280,1280,1280,0
2022-02-15 13:54:00,1280,1280,1280,1280,100
2022-02-15 13:55:00,1280,1280,1280,1280,1500
2022-02-15 13:56:00,1280,1280,1280,1280,0
2022-02-15 13:57:00,1275,1275,1275,1275,1100
2022-02-15 13:58:00,1275,1275,1275,1275,100000
2022-02-15 13:59:00,1275,1275,1275,1275,100
2022-02-15 14:00:00,1275,1275,1275,1275,25000
2022-02-15 14:01:00,1280,1280,1280,1280,100
2022-02-15 14:02:00,1275,1275,1275,1275,100
2022-02-15 14:03:00,1275,1275,1275,1275,0
2022-02-15 14:04:00,1275,1275,1275,1275,0
2022-02-15 14:05:00,1275,1275,1275,1275,4100
2022-02-15 14:06:00,1275,1275,1275,1275,500
2022-02-15 14:07:00,1275,1275,1275,1275,0
2022-02-15 14:08:00,1275,1275,1275,1275,0
2022-02-15 14:09:00,1275,1275,1275,1275,2100
2022-02-15 14:10:00,1275,1275,1275,1275,60000
2022-02-15 14:11:00,1275,1275,1275,1275,0
2022-02-15 14:12:00,1275,1275,1275,1275,181600
2022-02-15 14:13:00,1275,1275,1275,1275,318500
2022-02-15 14:14:00,1275,1275,1275,1275,250000
2022-02-15 14:15:00,1275,1275,1275,1275,8200
2022-02-15 14:16:00,1275,1275,1275,1275,1900
2022-02-15 14:17:00,1275,1275,1275,1275,100
2022-02-15 14:18:00,1280,1280,1290,1290,266800
2022-02-15 14:19:00,1290,1290,1295,1295,266000
2022-02-15 14:20:00,1300,1295,1305,1305,394400
2022-02-15 14:21:00,1305,1305,1315,1315,251100
2022-02-15 14:22:00,1315,1315,1320,1320,587800
2022-02-15 14:23:00,1315,1315,1325,1320,467500
2022-02-15 14:24:00,1320,1320,1330,1330,848500
2022-02-15 14:25:00,1330,1320,1330,1330,624300
2022-02-15 14:26:00,1325,1325,1330,1330,605200
2022-02-15 14:27:00,1330,1320,1330,1320,65000
2022-02-15 14:28:00,1315,1310,1320,1320,115200
2022-02-15 14:29:00,1320,1320,1325,1325,5300
2022-02-15 14:30:00,1325,1315,1325,1315,124600
2022-02-15 14:31:00,1320,1315,1320,1315,5500
2022-02-15 14:32:00,1315,1315,1315,1315,14800
2022-02-15 14:33:00,1315,1315,1315,1315,15000
2022-02-15 14:34:00,1320,1320,1320,1320,29700
2022-02-15 14:35:00,1320,1320,1320,1320,76000
2022-02-15 14:36:00,1315,1315,1320,1320,81200
2022-02-15 14:37:00,1320,1320,1325,1320,125400
2022-02-15 14:38:00,1320,1320,1320,1320,81100
2022-02-15 14:39:00,1320,1315,1320,1320,83000
2022-02-15 14:40:00,1320,1320,1320,1320,52700
2022-02-15 14:41:00,1320,1320,1320,1320,63000
2022-02-15 14:42:00,1315,1315,1325,1320,60400
2022-02-15 14:43:00,1320,1320,1320,1320,53400
2022-02-15 14:44:00,1325,1320,1325,1320,223800
2022-02-15 14:45:00,1325,1320,1325,1325,52600
2022-02-15 14:46:00,1325,1320,1325,1320,24800
2022-02-15 14:47:00,1325,1325,1325,1325,1500
2022-02-15 14:48:00,1325,1320,1330,1330,185200
2022-02-15 14:49:00,1330,1325,1330,1330,430100
2022-02-15 14:50:00,1330,1325,1330,1330,0
2022-02-15 14:51:00,1330,1325,1330,1330,0
2022-02-15 14:52:00,1330,1325,1330,1330,0
2022-02-15 14:53:00,1330,1325,1330,1330,0
2022-02-15 14:54:00,1330,1325,1330,1330,0
2022-02-15 14:55:00,1330,1325,1330,1330,0
2022-02-15 14:56:00,1330,1325,1330,1330,0
2022-02-15 14:57:00,1330,1325,1330,1330,0
2022-02-15 14:58:00,1330,1325,1330,1330,0
2022-02-15 14:59:00,1330,1325,1330,1330,0
2022-02-15 15:00:00,1335,1335,1335,1335,387700
2022-02-15 15:01:00,1335,1335,1335,1335,79700
2022-02-15 15:02:00,1335,1335,1335,1335,128800
2022-02-15 15:03:00,1335,1335,1335,1335,155600
2022-02-15 15:04:00,1335,1335,1335,1335,158700
2022-02-15 15:05:00,1335,1335,1335,1335,98800
2022-02-15 15:06:00,1335,1335,1335,1335,134000
2022-02-15 15:07:00,1335,1335,1335,1335,333900
2022-02-15 15:08:00,1335,1335,1335,1335,8600
2022-02-15 15:09:00,1335,1335,1335,1335,41400
2022-02-15 15:10:00,1335,1335,1335,1335,0
2022-02-15 15:11:00,1335,1335,1335,1335,0
2022-02-15 15:12:00,1335,1335,1335,1335,1200
2022-02-15 15:13:00,1335,1335,1335,1335,0
2022-02-15 15:14:00,1335,1335,1335,1335,100000
2022-02-15 15:15:00,1335,1335,1335,1335,0
2022-02-15 15:16:00,1335,1335,1335,1335,0
2022-02-15 15:17:00,1335,1335,1335,1335,0
2022-02-15 15:18:00,1335,1335,1335,1335,0
2022-02-15 15:19:00,1335,1335,1335,1335,0
2022-02-15 15:20:00,1335,1335,1335,1335,0
2022-02-15 15:21:00,1335,1335,1335,1335,0
2022-02-15 15:22:00,1335,1335,1335,1335,0
2022-02-15 15:23:00,1335,1335,1335,1335,0
2022-02-15 15:24:00,1335,1335,1335,1335,0
2022-02-15 15:25:00,1335,1335,1335,1335,0
2022-02-15 15:26:00,1335,1335,1335,1335,0
2022-02-15 15:27:00,1335,1335,1335,1335,0
2022-02-15 15:28:00,1335,1335,1335,1335,0
2022-02-15 15:29:00,1335,1335,1335,1335,0
2022-02-15 15:30:00,1335,1335,1335,1335,0
2022-02-15 15:31:00,1335,1335,1335,1335,0
2022-02-15 15:32:00,1335,1335,1335,1335,0
2022-02-15 15:33:00,1335,1335,1335,1335,0
2022-02-15 15:34:00,1335,1335,1335,1335,0
2022-02-15 15:35:00,1335,1335,1335,1335,0
2022-02-15 15:36:00,1335,1335,1335,1335,0
2022-02-15 15:37:00,1335,1335,1335,1335,0
2022-02-15 15:38:00,1335,1335,1335,1335,0
2022-02-15 15:39:00,1335,1335,1335,1335,0
2022-02-15 15:40:00,1335,1335,1335,1335,0
2022-02-15 15:41:00,1335,1335,1335,1335,0
2022-02-15 15:42:00,1335,1335,1335,1335,0
2022-02-15 15:43:00,1335,1335,1335,1335,0
2022-02-15 15:44:00,1335,1335,1335,1335,0
2022-02-15 15:45:00,1335,1335,1335,1335,0
2022-02-15 15:46:00,1335,1335,1335,1335,0
2022-02-15 15:47:00,1335,1335,1335,1335,0
2022-02-15 15:48:00,1335,1335,1335,1335,0
2022-02-15 15:49:00,1335,1335,1335,1335,0
2022-02-15 15:50:00,1335,1335,1335,1335,0
2022-02-15 15:51:00,1335,1335,1335,1335,0
2022-02-15 15:52:00,1335,1335,1335,1335,0
2022-02-15 15:53:00,1335,1335,1335,1335,0
2022-02-15 15:54:00,1335,1335,1335,1335,0
2022-02-15 15:55:00,1335,1335,1335,1335,0
2022-02-15 15:56:00,1335,1335,1335,1335,0
2022-02-15 15:57:00,1335,1335,1335,1335,0
2022-02-15 15:58:00,1335,1335,1335,1335,0
2022-02-15 15:59:00,1335,1335,1335,1335,0
2022-02-16 09:00:00,1340,1340,1350,1350,0
2022-02-16 09:01:00,1350,1345,1355,1355,620200
2022-02-16 09:02:00,1360,1355,1360,1355,644100
2022-02-16 09:03:00,1355,1350,1360,1355,376200
2022-02-16 09:04:00,1355,1350,1365,1365,470100
2022-02-16 09:05:00,1365,1365,1370,1370,274600
2022-02-16 09:06:00,1370,1360,1370,1365,127200
2022-02-16 09:07:00,1370,1360,1375,1360,641400
2022-02-16 09:08:00,1360,1355,1365,1355,351500
2022-02-16 09:09:00,1355,1350,1355,1350,46600
2022-02-16 09:10:00,1355,1350,1360,1360,618200
2022-02-16 09:11:00,1360,1350,1360,1350,500000
2022-02-16 09:12:00,1350,1350,1355,1350,9900
2022-02-16 09:13:00,1350,1350,1355,1355,36300
2022-02-16 09:14:00,1355,1355,1370,1355,536100
2022-02-16 09:15:00,1360,1350,1360,1355,158400
2022-02-16 09:16:00,1355,1345,1355,1350,290800
2022-02-16 09:17:00,1345,1325,1345,1325,1256500
2022-02-16 09:18:00,1325,1325,1340,1340,658800
2022-02-16 09:19:00,1345,1340,1345,1340,49200
2022-02-16 09:20:00,1345,1345,1350,1350,298000
2022-02-16 09:21:00,1350,1345,1350,1345,4800
2022-02-16 09:22:00,1345,1345,1350,1350,4200
2022-02-16 09:23:00,1350,1345,1350,1345,15200
2022-02-16 09:24:00,1345,1345,1345,1345,49200
2022-02-16 09:25:00,1340,1340,1345,1345,13200
2022-02-16 09:26:00,1340,1340,1345,1345,16300
2022-02-16 09:27:00,1345,1340,1345,1340,19900
2022-02-16 09:28:00,1340,1340,1340,1340,53100
2022-02-16 09:29:00,1340,1340,1345,1340,57400
2022-02-16 09:30:00,1340,1335,1340,1335,116500
2022-02-16 09:31:00,1340,1335,1340,1335,13600
2022-02-16 09:32:00,1335,1335,1340,1340,7400
2022-02-16 09:33:00,1340,1340,1340,1340,100
2022-02-16 09:34:00,1335,1335,1335,1335,1100
2022-02-16 09:35:00,1340,1340,1340,1340,800
2022-02-16 09:36:00,1335,1335,1340,1340,2500
2022-02-16 09:37:00,1335,1335,1340,1340,30200
2022-02-16 09:38:00,1335,1335,1340,1340,1700
2022-02-16 09:39:00,1335,1335,1335,1335,2000
2022-02-16 09:40:00,1340,1335,1340,1340,10600
2022-02-16 09:41:00,1335,1335,1340,1335,2100
2022-02-16 09:42:00,1335,1335,1340,1340,10800
2022-02-16 09:43:00,1340,1340,1340,1340,200
2022-02-16 09:44:00,1340,1340,1340,1340,3100
2022-02-16 09:45:00,1340,1340,1345,1345,53200
2022-02-16 09:46:00,1345,1345,1345,1345,1900
2022-02-16 09:47:00,1340,1340,1345,1345,3900
2022-02-16 09:48:00,1345,1340,1345,1340,10900
2022-02-16 09:49:00,1345,1340,1345,1340,146100
2022-02-16 09:50:00,1340,1340,1340,1340,2900
2022-02-16 09:51:00,1340,1340,1340,1340,1000
2022-02-16 09:52:00,1340,1340,1340,1340,100
2022-02-16 09:53:00,1340,1340,1340,1340,100
2022-02-16 09:54:00,1340,1340,1340,1340,4600
2022-02-16 09:55:00,1340,1340,1345,1345,35800
2022-02-16 09:56:00,1340,1335,1340,1335,349200
2022-02-16 09:57:00,1335,1315,1335,1315,920100
2022-02-16 09:58:00,1315,1315,1315,1315,36100
2022-02-16 09:59:00,1315,1290,1320,1290,1398300
2022-02-16 10:00:00,1290,1285,1300,1285,660400
2022-02-16 10:01:00,1290,1290,1305,1305,114000
2022-02-16 10:02:00,1310,1300,1315,1305,297600
2022-02-16 10:03:00,1305,1300,1310,1310,690500
2022-02-16 10:04:00,1305,1300,1310,1300,1011200
2022-02-16 10:05:00,1300,1300,1305,1305,595600
2022-02-16 10:06:00,1300,1300,1305,1300,123300
2022-02-16 10:07:00,1300,1300,1310,1310,484800
2022-02-16 10:08:00,1305,1305,1310,1310,248200
2022-02-16 10:09:00,1310,1310,1315,1315,145500
2022-02-16 10:10:00,1320,1320,1325,1325,145300
2022-02-16 10:11:00,1325,1320,1325,1320,126800
2022-02-16 10:12:00,1315,1305,1320,1305,228600
2022-02-16 10:13:00,1305,1305,1315,1315,99300
2022-02-16 10:14:00,1310,1305,1310,1310,351200
2022-02-16 10:15:00,1305,1300,1305,1300,120500
2022-02-16 10:16:00,1305,1300,1305,1305,411400
2022-02-16 10:17:00,1305,1300,1320,1315,250000
2022-02-16 10:18:00,1315,1315,1315,1315,12100
2022-02-16 10:19:00,1315,1315,1315,1315,7800
2022-02-16 10:20:00,1315,1315,1315,1315,200
2022-02-16 10:21:00,1310,1310,1315,1315,2600
2022-02-16 10:22:00,1315,1310,1315,1310,8700
2022-02-16 10:23:00,1310,1310,1315,1315,5000
2022-02-16 10:24:00,1315,1315,1315,1315,5900
2022-02-16 10:25:00,1315,1315,1315,1315,1600
2022-02-16 10:26:00,1315,1310,1315,1310,16600
2022-02-16 10:27:00,1310,1310,1310,1310,27800
2022-02-16 10:28:00,1310,1310,1325,1325,142200
2022-02-16 10:29:00,1325,1325,1325,1325,36600
2022-02-16 10:30:00,1325,1320,1325,1320,2500
2022-02-16 10:31:00,1320,1320,1320,1320,1400
2022-02-16 10:32:00,1320,1320,1320,1320,0
2022-02-16 10:33:00,1325,1325,1325,1325,2000
2022-02-16 10:34:00,1325,1325,1325,1325,6300
2022-02-16 10:35:00,1325,1325,1325,1325,500
2022-02-16 10:36:00,1325,1325,1330,1330,85600
2022-02-16 10:37:00,1330,1330,1330,1330,45300
2022-02-16 10:38:00,1330,1330,1335,1335,77500
2022-02-16 10:39:00,1335,1335,1340,1340,154600
2022-02-16 10:40:00,1335,1335,1345,1345,153400
2022-02-16 10:41:00,1345,1340,1345,1340,123600
2022-02-16 10:42:00,1340,1340,1340,1340,222200
2022-02-16 10:43:00,1340,1340,1340,1340,2200
2022-02-16 10:44:00,1340,1335,1340,1340,11900
2022-02-16 10:45:00,1340,1335,1340,1335,1900
2022-02-16 10:46:00,1335,1335,1340,1340,1500
2022-02-16 10:47:00,1335,1335,1335,1335,20000
2022-02-16 10:48:00,1340,1340,1340,1340,7500
2022-02-16 10:49:00,1335,1335,1335,1335,9900
2022-02-16 10:50:00,1335,1335,1335,1335,12000
2022-02-16 10:51:00,1335,1335,1340,1340,11000
2022-02-16 10:52:00,1340,1340,1340,1340,500
2022-02-16 10:53:00,1340,1340,1340,1340,200
2022-02-16 10:54:00,1340,1340,1340,1340,100
2022-02-16 10:55:00,1340,1340,1340,1340,900
2022-02-16 10:56:00,1340,1340,1340,1340,11000
2022-02-16 10:57:00,1335,1335,1340,1340,2600
2022-02-16 10:58:00,1335,1335,1335,1335,14000
2022-02-16 10:59:00,1340,1340,1340,1340,100
2022-02-16 11:00:00,1340,1340,1340,1340,82900
2022-02-16 11:01:00,1340,1340,1340,1340,197200
2022-02-16 11:02:00,1340,1340,1345,1345,20000
2022-02-16 11:03:00,1340,1340,1345,1345,0
2022-02-16 11:04:00,1340,1340,1345,1345,0
2022-02-16 11:05:00,1340,1340,1340,1340,12300
2022-02-16 11:06:00,1340,1340,1345,1345,2800
2022-02-16 11:07:00,1340,1340,1340,1340,21100
2022-02-16 11:08:00,1340,1340,1340,1340,14100
2022-02-16 11:09:00,1340,1340,1340,1340,1100
2022-02-16 11:10:00,1340,1340,1340,1340,300
2022-02-16 11:11:00,1340,1340,1340,1340,6200
2022-02-16 11:12:00,1340,1335,1340,1335,300
2022-02-16 11:13:00,1340,1340,1340,1340,2900
2022-02-16 11:14:00,1340,1340,1340,1340,0
2022-02-16 11:15:00,1335,1335,1335,1335,39100
2022-02-16 11:16:00,1335,1335,1335,1335,1700
2022-02-16 11:17:00,1335,1335,1335,1335,0
2022-02-16 11:18:00,1335,1335,1335,1335,0
2022-02-16 11:19:00,1330,1330,1330,1330,4000
2022-02-16 11:20:00,1330,1330,1335,1335,500
2022-02-16 11:21:00,1330,1330,1330,1330,101500
2022-02-16 11:22:00,1330,1330,1330,1330,98100
2022-02-16 11:23:00,1330,1330,1335,1330,97000
2022-02-16 11:24:00,1330,1330,1330,1330,101100
2022-02-16 11:25:00,1330,1330,1330,1330,114400
2022-02-16 11:26:00,1330,1330,1330,1330,163300
2022-02-16 11:27:00,1330,1330,1330,1330,276200
2022-02-16 11:28:00,1330,1330,1330,1330,299500
2022-02-16 11:29:00,1330,1330,1330,1330,123500
2022-02-16 11:30:00,1330,1330,1330,1330,0
2022-02-16 11:31:00,1330,1330,1330,1330,0
2022-02-16 11:32:00,1330,1330,1330,1330,0
2022-02-16 11:33:00,1330,1330,1330,1330,0
2022-02-16 11:34:00,1330,1330,1330,1330,0
2022-02-16 11:35:00,1330,1330,1330,1330,0
2022-02-16 11:36:00,1330,1330,1330,1330,0
2022-02-16 11:37:00,1330,1330,1330,1330,0
2022-02-16 11:38:00,1330,1330,1330,1330,0
2022-02-16 11:39:00,1330,1330,1330,1330,0
2022-02-16 11:40:00,1330,1330,1330,1330,0
2022-02-16 11:41:00,1330,1330,1330,1330,0
2022-02-16 11:42:00,1330,1330,1330,1330,0
2022-02-16 11:43:00,1330,1330,1330,1330,0
2022-02-16 11:44:00,1330,1330,1330,1330,0
2022-02-16 11:45:00,1330,1330,1330,1330,0
2022-02-16 11:46:00,1330,1330,1330,1330,0
2022-02-16 11:47:00,1330,1330,1330,1330,0
2022-02-16 11:48:00,1330,1330,1330,1330,0
2022-02-16 11:49:00,1330,1330,1330,1330,0
2022-02-16 11:50:00,1330,1330,1330,1330,0
2022-02-16 11:51:00,1330,1330,1330,1330,0
2022-02-16 11:52:00,1330,1330,1330,1330,0
2022-02-16 11:53:00,1330,1330,1330,1330,0
2022-02-16 11:54:00,1330,1330,1330,1330,0
2022-02-16 11:55:00,1330,1330,1330,1330,0
2022-02-16 11:56:00,1330,1330,1330,1330,0
2022-02-16 11:57:00,1330,1330,1330,1330,0
2022-02-16 11:58:00,1330,1330,1330,1330,0
2022-02-16 11:59:00,1330,1330,1330,1330,0
2022-02-16 12:00:00,1330,1330,1330,1330,0
2022-02-16 12:01:00,1330,1330,1330,1330,0
2022-02-16 12:02:00,1330,1330,1330,1330,0
2022-02-16 12:03:00,1330,1330,1330,1330,0
2022-02-16 12:04:00,1330,1330,1330,1330,0
2022-02-16 12:05:00,1330,1330,1330,1330,0
2022-02-16 12:06:00,1330,1330,1330,1330,0
2022-02-16 12:07:00,1330,1330,1330,1330,0
2022-02-16 12:08:00,1330,1330,1330,1330,0
2022-02-16 12:09:00,1330,1330,1330,1330,0
2022-02-16 12:10:00,1330,1330,1330,1330,0
2022-02-16 12:11:00,1330,1330,1330,1330,0
2022-02-16 12:12:00,1330,1330,1330,1330,0
2022-02-16 12:13:00,1330,1330,1330,1330,0
2022-02-16 12:14:00,1330,1330,1330,1330,0
2022-02-16 12:15:00,1330,1330,1330,1330,0
2022-02-16 12:16:00,1330,1330,1330,1330,0
2022-02-16 12:17:00,1330,1330,1330,1330,0
2022-02-16 12:18:00,1330,1330,1330,1330,0
2022-02-16 12:19:00,1330,1330,1330,1330,0
2022-02-16 12:20:00,1330,1330,1330,1330,0
2022-02-16 12:21:00,1330,1330,1330,1330,0
2022-02-16 12:22:00,1330,1330,1330,1330,0
2022-02-16 12:23:00,1330,1330,1330,1330,0
2022-02-16 12:24:00,1330,1330,1330,1330,0
2022-02-16 12:25:00,1330,1330,1330,1330,0
2022-02-16 12:26:00,1330,1330,1330,1330,0
2022-02-16 12:27:00,1330,1330,1330,1330,0
2022-02-16 12:28:00,1330,1330,1330,1330,0
2022-02-16 12:29:00,1330,1330,1330,1330,0
2022-02-16 12:30:00,1330,1330,1330,1330,0
2022-02-16 12:31:00,1330,1330,1330,1330,0
2022-02-16 12:32:00,1330,1330,1330,1330,0
2022-02-16 12:33:00,1330,1330,1330,1330,0
2022-02-16 12:34:00,1330,1330,1330,1330,0
2022-02-16 12:35:00,1330,1330,1330,1330,0
2022-02-16 12:36:00,1330,1330,1330,1330,0
2022-02-16 12:37:00,1330,1330,1330,1330,0
2022-02-16 12:38:00,1330,1330,1330,1330,0
2022-02-16 12:39:00,1330,1330,1330,1330,0
2022-02-16 12:40:00,1330,1330,1330,1330,0
2022-02-16 12:41:00,1330,1330,1330,1330,0
2022-02-16 12:42:00,1330,1330,1330,1330,0
2022-02-16 12:43:00,1330,1330,1330,1330,0
2022-02-16 12:44:00,1330,1330,1330,1330,0
2022-02-16 12:45:00,1330,1330,1330,1330,0
2022-02-16 12:46:00,1330,1330,1330,1330,0
2022-02-16 12:47:00,1330,1330,1330,1330,0
2022-02-16 12:48:00,1330,1330,1330,1330,0
2022-02-16 12:49:00,1330,1330,1330,1330,0
2022-02-16 12:50:00,1330,1330,1330,1330,0
2022-02-16 12:51:00,1330,1330,1330,1330,0
2022-02-16 12:52:00,1330,1330,1330,1330,0
2022-02-16 12:53:00,1330,1330,1330,1330,0
2022-02-16 12:54:00,1330,1330,1330,1330,0
2022-02-16 12:55:00,1330,1330,1330,1330,0
2022-02-16 12:56:00,1330,1330,1330,1330,0
2022-02-16 12:57:00,1330,1330,1330,1330,0
2022-02-16 12:58:00,1330,1330,1330,1330,0
2022-02-16 12:59:00,1330,1330,1330,1330,0
2022-02-16 13:00:00,1330,1330,1330,1330,0
2022-02-16 13:01:00,1330,1330,1330,1330,0
2022-02-16 13:02:00,1330,1330,1330,1330,0
2022-02-16 13:03:00,1330,1330,1330,1330,0
2022-02-16 13:04:00,1330,1330,1330,1330,0
2022-02-16 13:05:00,1330,1330,1330,1330,0
2022-02-16 13:06:00,1330,1330,1330,1330,0
2022-02-16 13:07:00,1330,1330,1330,1330,0
2022-02-16 13:08:00,1330,1330,1330,1330,0
2022-02-16 13:09:00,1330,1330,1330,1330,0
2022-02-16 13:10:00,1330,1330,1330,1330,0
2022-02-16 13:11:00,1330,1330,1330,1330,0
2022-02-16 13:12:00,1330,1330,1330,1330,0
2022-02-16 13:13:00,1330,1330,1330,1330,0
2022-02-16 13:14:00,1330,1330,1330,1330,0
2022-02-16 13:15:00,1330,1330,1330,1330,0
2022-02-16 13:16:00,1330,1330,1330,1330,0
2022-02-16 13:17:00,1330,1330,1330,1330,0
2022-02-16 13:18:00,1330,1330,1330,1330,0
2022-02-16 13:19:00,1330,1330,1330,1330,0
2022-02-16 13:20:00,1330,1330,1330,1330,0
2022-02-16 13:21:00,1330,1330,1330,1330,0
2022-02-16 13:22:00,1330,1330,1330,1330,0
2022-02-16 13:23:00,1330,1330,1330,1330,0
2022-02-16 13:24:00,1330,1330,1330,1330,0
2022-02-16 13:25:00,1330,1330,1330,1330,0
2022-02-16 13:26:00,1330,1330,1330,1330,0
2022-02-16 13:27:00,1330,1330,1330,1330,0
2022-02-16 13:28:00,1330,1330,1330,1330,0
2022-02-16 13:29:00,1330,1330,1330,1330,0
2022-02-16 13:30:00,1335,1330,1335,1335,45700
2022-02-16 13:31:00,1335,1335,1335,1335,100
2022-02-16 13:32:00,1335,1335,1335,1335,36400
2022-02-16 13:33:00,1335,1335,1335,1335,1200
2022-02-16 13:34:00,1335,1335,1335,1335,3600
2022-02-16 13:35:00,1335,1335,1335,1335,2500
2022-02-16 13:36:00,1330,1330,1330,1330,100
2022-02-16 13:37:00,1330,1330,1335,1335,3200
2022-02-16 13:38:00,1330,1330,1335,1335,0
2022-02-16 13:39:00,1335,1330,1335,1330,10200
2022-02-16 13:40:00,1330,1330,1330,1330,4000
2022-02-16 13:41:00,1335,1330,1335,1330,2200
2022-02-16 13:42:00,1335,1330,1335,1330,0
2022-02-16 13:43:00,1330,1330,1330,1330,400
2022-02-16 13:44:00,1335,1335,1335,1335,11500
2022-02-16 13:45:00,1330,1330,1330,1330,10900
2022-02-16 13:46:00,1335,1335,1335,1335,16200
2022-02-16 13:47:00,1335,1335,1335,1335,500
2022-02-16 13:48:00,1335,1335,1335,1335,0
2022-02-16 13:49:00,1335,1335,1335,1335,200
2022-02-16 13:50:00,1335,1335,1335,1335,0
2022-02-16 13:51:00,1330,1330,1330,1330,300
2022-02-16 13:52:00,1330,1330,1330,1330,200
2022-02-16 13:53:00,1330,1330,1335,1335,9100
2022-02-16 13:54:00,1335,1330,1335,1330,3100
2022-02-16 13:55:00,1330,1330,1335,1330,9600
2022-02-16 13:56:00,1330,1330,1330,1330,1500
2022-02-16 13:57:00,1335,1330,1335,1330,300
2022-02-16 13:58:00,1330,1330,1345,1340,222700
2022-02-16 13:59:00,1345,1345,1350,1350,963000
2022-02-16 14:00:00,1350,1345,1350,1350,802600
2022-02-16 14:01:00,1350,1350,1355,1355,668900
2022-02-16 14:02:00,1355,1355,1355,1355,250600
2022-02-16 14:03:00,1355,1355,1355,1355,427000
2022-02-16 14:04:00,1355,1350,1355,1355,332800
2022-02-16 14:05:00,1345,1345,1355,1355,134800
2022-02-16 14:06:00,1355,1355,1360,1360,379500
2022-02-16 14:07:00,1365,1360,1365,1365,1203900
2022-02-16 14:08:00,1365,1360,1365,1360,207500
2022-02-16 14:09:00,1360,1360,1360,1360,16300
2022-02-16 14:10:00,1355,1355,1360,1355,39800
2022-02-16 14:11:00,1355,1355,1355,1355,1600
2022-02-16 14:12:00,1355,1355,1360,1360,400
2022-02-16 14:13:00,1360,1360,1360,1360,31000
2022-02-16 14:14:00,1360,1360,1365,1365,20800
2022-02-16 14:15:00,1365,1360,1365,1360,47500
2022-02-16 14:16:00,1360,1360,1365,1360,47200
2022-02-16 14:17:00,1360,1360,1365,1360,67400
2022-02-16 14:18:00,1360,1355,1360,1355,10200
2022-02-16 14:19:00,1360,1360,1360,1360,200
2022-02-16 14:20:00,1360,1360,1360,1360,100
2022-02-16 14:21:00,1360,1355,1360,1355,900
2022-02-16 14:22:00,1360,1355,1360,1355,3100
2022-02-16 14:23:00,1355,1355,1355,1355,1100
2022-02-16 14:24:00,1355,1355,1355,1355,200
2022-02-16 14:25:00,1355,1355,1355,1355,9500
2022-02-16 14:26:00,1355,1355,1355,1355,33100
2022-02-16 14:27:00,1360,1355,1360,1355,2300
2022-02-16 14:28:00,1355,1355,1355,1355,100
2022-02-16 14:29:00,1355,1355,1355,1355,100
2022-02-16 14:30:00,1355,1355,1355,1355,181600
2022-02-16 14:31:00,1355,1355,1355,1355,214500
2022-02-16 14:32:00,1355,1350,1355,1355,235400
2022-02-16 14:33:00,1355,1355,1360,1355,207400
2022-02-16 14:34:00,1355,1355,1355,1355,221500
2022-02-16 14:35:00,1355,1350,1355,1355,175800
2022-02-16 14:36:00,1355,1355,1355,1355,130000
2022-02-16 14:37:00,1355,1355,1355,1355,43600
2022-02-16 14:38:00,1360,1360,1360,1360,100
2022-02-16 14:39:00,1355,1355,1355,1355,8900
2022-02-16 14:40:00,1355,1355,1360,1355,23000
2022-02-16 14:41:00,1355,1355,1360,1355,52200
2022-02-16 14:42:00,1355,1355,1360,1360,198300
2022-02-16 14:43:00,1355,1355,1360,1355,97100
2022-02-16 14:44:00,1360,1355,1360,1360,93100
2022-02-16 14:45:00,1355,1355,1355,1355,27100
2022-02-16 14:46:00,1355,1355,1355,1355,3500
2022-02-16 14:47:00,1355,1350,1355,1350,216000
2022-02-16 14:48:00,1350,1350,1350,1350,120300
2022-02-16 14:49:00,1355,1355,1360,1355,177100
2022-02-16 14:50:00,1355,1355,1360,1355,0
2022-02-16 14:51:00,1355,1355,1360,1355,0
2022-02-16 14:52:00,1355,1355,1360,1355,0
2022-02-16 14:53:00,1355,1355,1360,1355,0
2022-02-16 14:54:00,1355,1355,1360,1355,0
2022-02-16 14:55:00,1355,1355,1360,1355,0
2022-02-16 14:56:00,1355,1355,1360,1355,0
2022-02-16 14:57:00,1355,1355,1360,1355,0
2022-02-16 14:58:00,1355,1355,1360,1355,0
2022-02-16 14:59:00,1355,1355,1360,1355,0
2022-02-16 15:00:00,1360,1360,1360,1360,208900
2022-02-16 15:01:00,1360,1360,1360,1360,7900
2022-02-16 15:02:00,1360,1360,1360,1360,0
2022-02-16 15:03:00,1360,1360,1360,1360,107000
2022-02-16 15:04:00,1360,1360,1360,1360,50600
2022-02-16 15:05:00,1360,1360,1360,1360,103900
2022-02-16 15:06:00,1360,1360,1360,1360,11700
2022-02-16 15:07:00,1360,1360,1360,1360,39200
2022-02-16 15:08:00,1360,1360,1360,1360,50000
2022-02-16 15:09:00,1360,1360,1360,1360,50800
2022-02-16 15:10:00,1360,1360,1360,1360,50000
2022-02-16 15:11:00,1360,1360,1360,1360,56700
2022-02-16 15:12:00,1360,1360,1360,1360,27900
2022-02-16 15:13:00,1360,1360,1360,1360,5000
2022-02-16 15:14:00,1360,1360,1360,1360,166500
2022-02-16 15:15:00,1360,1360,1360,1360,0
2022-02-16 15:16:00,1360,1360,1360,1360,0
2022-02-16 15:17:00,1360,1360,1360,1360,0
2022-02-16 15:18:00,1360,1360,1360,1360,0
2022-02-16 15:19:00,1360,1360,1360,1360,0
2022-02-16 15:20:00,1360,1360,1360,1360,0
2022-02-16 15:21:00,1360,1360,1360,1360,0
2022-02-16 15:22:00,1360,1360,1360,1360,0
2022-02-16 15:23:00,1360,1360,1360,1360,0
2022-02-16 15:24:00,1360,1360,1360,1360,0
2022-02-16 15:25:00,1360,1360,1360,1360,0
2022-02-16 15:26:00,1360,1360,1360,1360,0
2022-02-16 15:27:00,1360,1360,1360,1360,0
2022-02-16 15:28:00,1360,1360,1360,1360,0
2022-02-16 15:29:00,1360,1360,1360,1360,0
2022-02-16 15:30:00,1360,1360,1360,1360,0
2022-02-16 15:31:00,1360,1360,1360,1360,0
2022-02-16 15:32:00,1360,1360,1360,1360,0
2022-02-16 15:33:00,1360,1360,1360,1360,0
2022-02-16 15:34:00,1360,1360,1360,1360,0
2022-02-16 15:35:00,1360,1360,1360,1360,0
2022-02-16 15:36:00,1360,1360,1360,1360,0
2022-02-16 15:37:00,1360,1360,1360,1360,0
2022-02-16 15:38:00,1360,1360,1360,1360,0
2022-02-16 15:39:00,1360,1360,1360,1360,0
2022-02-16 15:40:00,1360,1360,1360,1360,0
2022-02-16 15:41:00,1360,1360,1360,1360,0
2022-02-16 15:42:00,1360,1360,1360,1360,0
2022-02-16 15:43:00,1360,1360,1360,1360,0
2022-02-16 15:44:00,1360,1360,1360,1360,0
2022-02-16 15:45:00,1360,1360,1360,1360,0
2022-02-16 15:46:00,1360,1360,1360,1360,0
2022-02-16 15:47:00,1360,1360,1360,1360,0
2022-02-16 15:48:00,1360,1360,1360,1360,0
2022-02-16 15:49:00,1360,1360,1360,1360,0
2022-02-16 15:50:00,1360,1360,1360,1360,0
2022-02-16 15:51:00,1360,1360,1360,1360,0
2022-02-16 15:52:00,1360,1360,1360,1360,0
2022-02-16 15:53:00,1360,1360,1360,1360,0
2022-02-16 15:54:00,1360,1360,1360,1360,0
2022-02-16 15:55:00,1360,1360,1360,1360,0
2022-02-16 15:56:00,1360,1360,1360,1360,0
2022-02-16 15:57:00,1360,1360,1360,1360,0
2022-02-16 15:58:00,1360,1360,1360,1360,0
2022-02-16 15:59:00,1360,1360,1360,1360,0
2022-02-17 09:00:00,1360,1360,1370,1370,0
2022-02-17 09:01:00,1375,1365,1375,1365,30700
2022-02-17 09:02:00,1365,1365,1375,1370,202900
2022-02-17 09:03:00,1370,1370,1385,1380,378000
2022-02-17 09:04:00,1380,1375,1385,1385,206400
2022-02-17 09:05:00,1385,1385,1395,1395,649500
2022-02-17 09:06:00,1395,1390,1395,1390,298700
2022-02-17 09:07:00,1395,1360,1395,1360,1370600
2022-02-17 09:08:00,1360,1355,1360,1360,439300
2022-02-17 09:09:00,1360,1355,1360,1360,902000
2022-02-17 09:10:00,1360,1355,1360,1360,118200
2022-02-17 09:11:00,1355,1355,1375,1375,661100
2022-02-17 09:12:00,1375,1370,1375,1370,81200
2022-02-17 09:13:00,1365,1320,1365,1320,1335000
2022-02-17 09:14:00,1340,1330,1340,1340,288600
2022-02-17 09:15:00,1340,1300,1350,1310,1433000
2022-02-17 09:16:00,1310,1310,1335,1330,35200
2022-02-17 09:17:00,1330,1330,1335,1335,13200
2022-02-17 09:18:00,1330,1320,1330,1330,59300
2022-02-17 09:19:00,1330,1330,1330,1330,400
2022-02-17 09:20:00,1330,1320,1330,1320,63800
2022-02-17 09:21:00,1320,1315,1320,1315,41600
2022-02-17 09:22:00,1315,1305,1320,1315,195700
2022-02-17 09:23:00,1315,1290,1315,1300,1426900
2022-02-17 09:24:00,1300,1300,1310,1305,23700
2022-02-17 09:25:00,1305,1300,1320,1320,542400
2022-02-17 09:26:00,1320,1315,1325,1320,150200
2022-02-17 09:27:00,1320,1320,1320,1320,1800
2022-02-17 09:28:00,1320,1315,1320,1320,5300
2022-02-17 09:29:00,1320,1315,1320,1320,4800
2022-02-17 09:30:00,1320,1320,1320,1320,1300
2022-02-17 09:31:00,1320,1315,1320,1320,400
2022-02-17 09:32:00,1315,1315,1320,1315,16700
2022-02-17 09:33:00,1320,1310,1320,1310,87000
2022-02-17 09:34:00,1310,1310,1310,1310,3200
2022-02-17 09:35:00,1310,1305,1310,1310,13600
2022-02-17 09:36:00,1310,1310,1315,1315,14400
2022-02-17 09:37:00,1315,1315,1320,1320,51700
2022-02-17 09:38:00,1320,1315,1320,1315,4500
2022-02-17 09:39:00,1310,1310,1320,1320,1200
2022-02-17 09:40:00,1315,1315,1315,1315,1500
2022-02-17 09:41:00,1315,1315,1315,1315,14400
2022-02-17 09:42:00,1320,1315,1320,1315,5100
2022-02-17 09:43:00,1315,1315,1315,1315,7800
2022-02-17 09:44:00,1315,1315,1315,1315,7100
2022-02-17 09:45:00,1315,1315,1315,1315,300
2022-02-17 09:46:00,1315,1315,1315,1315,2500
2022-02-17 09:47:00,1315,1315,1315,1315,900
2022-02-17 09:48:00,1315,1315,1315,1315,8300
2022-02-17 09:49:00,1315,1315,1315,1315,3600
2022-02-17 09:50:00,1315,1315,1315,1315,4600
2022-02-17 09:51:00,1315,1310,1315,1310,1100
2022-02-17 09:52:00,1310,1310,1310,1310,900
2022-02-17 09:53:00,1310,1310,1315,1315,3500
2022-02-17 09:54:00,1315,1315,1315,1315,4300
2022-02-17 09:55:00,1315,1315,1315,1315,1000
2022-02-17 09:56:00,1315,1315,1315,1315,1600
2022-02-17 09:57:00,1315,1315,1315,1315,8000
2022-02-17 09:58:00,1315,1315,1315,1315,300
2022-02-17 09:59:00,1315,1310,1315,1315,10500
2022-02-17 10:00:00,1315,1315,1315,1315,100
2022-02-17 10:01:00,1315,1315,1315,1315,2800
2022-02-17 10:02:00,1315,1315,1315,1315,100
2022-02-17 10:03:00,1320,1315,1320,1315,11100
2022-02-17 10:04:00,1320,1315,1320,1315,0
2022-02-17 10:05:00,1320,1320,1320,1320,20500
2022-02-17 10:06:00,1320,1320,1325,1325,95300
2022-02-17 10:07:00,1330,1315,1330,1320,579200
2022-02-17 10:08:00,1325,1290,1325,1290,923200
2022-02-17 10:09:00,1295,1295,1305,1300,610800
2022-02-17 10:10:00,1300,1300,1305,1305,105900
2022-02-17 10:11:00,1305,1295,1305,1295,98600
2022-02-17 10:12:00,1300,1300,1300,1300,15400
2022-02-17 10:13:00,1300,1300,1305,1300,254200
2022-02-17 10:14:00,1300,1300,1305,1305,409400
2022-02-17 10:15:00,1300,1295,1305,1300,503000
2022-02-17 10:16:00,1300,1300,1305,1305,48200
2022-02-17 10:17:00,1315,1315,1325,1325,114800
2022-02-17 10:18:00,1325,1310,1335,1315,526000
2022-02-17 10:19:00,1315,1305,1320,1320,236500
2022-02-17 10:20:00,1320,1320,1325,1325,94200
2022-02-17 10:21:00,1325,1325,1340,1330,222100
2022-02-17 10:22:00,1335,1335,1345,1345,194300
2022-02-17 10:23:00,1345,1345,1350,1350,251200
2022-02-17 10:24:00,1350,1335,1350,1335,63700
2022-02-17 10:25:00,1335,1330,1335,1335,52000
2022-02-17 10:26:00,1330,1330,1330,1330,7300
2022-02-17 10:27:00,1330,1300,1330,1305,356300
2022-02-17 10:28:00,1305,1300,1310,1305,332300
2022-02-17 10:29:00,1305,1305,1305,1305,3700
2022-02-17 10:30:00,1310,1310,1310,1310,14300
2022-02-17 10:31:00,1310,1310,1310,1310,16000
2022-02-17 10:32:00,1310,1310,1315,1315,1100
2022-02-17 10:33:00,1315,1310,1315,1315,11800
2022-02-17 10:34:00,1315,1315,1315,1315,11900
2022-02-17 10:35:00,1320,1320,1320,1320,100
2022-02-17 10:36:00,1320,1320,1320,1320,0
2022-02-17 10:37:00,1320,1315,1320,1315,10900
2022-02-17 10:38:00,1315,1315,1320,1320,16200
2022-02-17 10:39:00,1320,1320,1320,1320,1100
2022-02-17 10:40:00,1315,1315,1315,1315,300
2022-02-17 10:41:00,1320,1320,1320,1320,100
2022-02-17 10:42:00,1320,1320,1320,1320,1300
2022-02-17 10:43:00,1315,1315,1320,1320,13400
2022-02-17 10:44:00,1315,1315,1320,1320,0
2022-02-17 10:45:00,1315,1315,1320,1320,51000
2022-02-17 10:46:00,1320,1320,1320,1320,1700
2022-02-17 10:47:00,1315,1315,1315,1315,7000
2022-02-17 10:48:00,1315,1315,1315,1315,3100
2022-02-17 10:49:00,1315,1310,1315,1310,600
2022-02-17 10:50:00,1310,1310,1310,1310,17300
2022-02-17 10:51:00,1310,1310,1310,1310,0
2022-02-17 10:52:00,1310,1310,1310,1310,0
2022-02-17 10:53:00,1315,1310,1315,1310,3600
2022-02-17 10:54:00,1310,1310,1310,1310,3800
2022-02-17 10:55:00,1310,1310,1310,1310,0
2022-02-17 10:56:00,1310,1310,1310,1310,0
2022-02-17 10:57:00,1315,1315,1315,1315,300
2022-02-17 10:58:00,1315,1315,1315,1315,300
2022-02-17 10:59:00,1315,1315,1315,1315,0
2022-02-17 11:00:00,1315,1310,1315,1310,5500
2022-02-17 11:01:00,1315,1310,1315,1310,0
2022-02-17 11:02:00,1315,1310,1315,1310,0
2022-02-17 11:03:00,1315,1310,1315,1310,0
2022-02-17 11:04:00,1315,1315,1315,1315,300
2022-02-17 11:05:00,1310,1310,1310,1310,25200
2022-02-17 11:06:00,1310,1310,1310,1310,0
2022-02-17 11:07:00,1310,1310,1310,1310,3600
2022-02-17 11:08:00,1310,1310,1310,1310,0
2022-02-17 11:09:00,1310,1310,1310,1310,1000
2022-02-17 11:10:00,1310,1310,1310,1310,500
2022-02-17 11:11:00,1310,1310,1310,1310,0
2022-02-17 11:12:00,1310,1310,1310,1310,0
2022-02-17 11:13:00,1310,1310,1310,1310,0
2022-02-17 11:14:00,1310,1310,1310,1310,700
2022-02-17 11:15:00,1310,1310,1310,1310,100
2022-02-17 11:16:00,1310,1310,1310,1310,100
2022-02-17 11:17:00,1310,1310,1310,1310,100
2022-02-17 11:18:00,1310,1310,1310,1310,100
2022-02-17 11:19:00,1310,1310,1310,1310,9200
2022-02-17 11:20:00,1315,1315,1315,1315,200
2022-02-17 11:21:00,1315,1315,1315,1315,0
2022-02-17 11:22:00,1315,1310,1315,1310,2200
2022-02-17 11:23:00,1315,1315,1315,1315,200
2022-02-17 11:24:00,1315,1310,1315,1310,3300
2022-02-17 11:25:00,1310,1310,1310,1310,3700
2022-02-17 11:26:00,1310,1305,1310,1305,20500
2022-02-17 11:27:00,1310,1300,1310,1305,54700
2022-02-17 11:28:00,1305,1300,1305,1305,48000
2022-02-17 11:29:00,1305,1300,1305,1305,0
2022-02-17 11:30:00,1305,1300,1305,1305,0
2022-02-17 11:31:00,1305,1300,1305,1305,0
2022-02-17 11:32:00,1305,1300,1305,1305,0
2022-02-17 11:33:00,1305,1300,1305,1305,0
2022-02-17 11:34:00,1305,1300,1305,1305,0
2022-02-17 11:35:00,1305,1300,1305,1305,0
2022-02-17 11:36:00,1305,1300,1305,1305,0
2022-02-17 11:37:00,1305,1300,1305,1305,0
2022-02-17 11:38:00,1305,1300,1305,1305,0
2022-02-17 11:39:00,1305,1300,1305,1305,0
2022-02-17 11:40:00,1305,1300,1305,1305,0
2022-02-17 11:41:00,1305,1300,1305,1305,0
2022-02-17 11:42:00,1305,1300,1305,1305,0
2022-02-17 11:43:00,1305,1300,1305,1305,0
2022-02-17 11:44:00,1305,1300,1305,1305,0
2022-02-17 11:45:00,1305,1300,1305,1305,0
2022-02-17 11:46:00,1305,1300,1305,1305,0
2022-02-17 11:47:00,1305,1300,1305,1305,0
2022-02-17 11:48:00,1305,1300,1305,1305,0
2022-02-17 11:49:00,1305,1300,1305,1305,0
2022-02-17 11:50:00,1305,1300,1305,1305,0
2022-02-17 11:51:00,1305,1300,1305,1305,0
2022-02-17 11:52:00,1305,1300,1305,1305,0
2022-02-17 11:53:00,1305,1300,1305,1305,0
2022-02-17 11:54:00,1305,1300,1305,1305,0
2022-02-17 11:55:00,1305,1300,1305,1305,0
2022-02-17 11:56:00,1305,1300,1305,1305,0
2022-02-17 11:57:00,1305,1300,1305,1305,0
2022-02-17 11:58:00,1305,1300,1305,1305,0
2022-02-17 11:59:00,1305,1300,1305,1305,0
2022-02-17 12:00:00,1305,1300,1305,1305,0
2022-02-17 12:01:00,1305,1300,1305,1305,0
2022-02-17 12:02:00,1305,1300,1305,1305,0
2022-02-17 12:03:00,1305,1300,1305,1305,0
2022-02-17 12:04:00,1305,1300,1305,1305,0
2022-02-17 12:05:00,1305,1300,1305,1305,0
2022-02-17 12:06:00,1305,1300,1305,1305,0
2022-02-17 12:07:00,1305,1300,1305,1305,0
2022-02-17 12:08:00,1305,1300,1305,1305,0
2022-02-17 12:09:00,1305,1300,1305,1305,0
2022-02-17 12:10:00,1305,1300,1305,1305,0
2022-02-17 12:11:00,1305,1300,1305,1305,0
2022-02-17 12:12:00,1305,1300,1305,1305,0
2022-02-17 12:13:00,1305,1300,1305,1305,0
2022-02-17 12:14:00,1305,1300,1305,1305,0
2022-02-17 12:15:00,1305,1300,1305,1305,0
2022-02-17 12:16:00,1305,1300,1305,1305,0
2022-02-17 12:17:00,1305,1300,1305,1305,0
2022-02-17 12:18:00,1305,1300,1305,1305,0
2022-02-17 12:19:00,1305,1300,1305,1305,0
2022-02-17 12:20:00,1305,1300,1305,1305,0
2022-02-17 12:21:00,1305,1300,1305,1305,0
2022-02-17 12:22:00,1305,1300,1305,1305,0
2022-02-17 12:23:00,1305,1300,1305,1305,0
2022-02-17 12:24:00,1305,1300,1305,1305,0
2022-02-17 12:25:00,1305,1300,1305,1305,0
2022-02-17 12:26:00,1305,1300,1305,1305,0
2022-02-17 12:27:00,1305,1300,1305,1305,0
2022-02-17 12:28:00,1305,1300,1305,1305,0
2022-02-17 12:29:00,1305,1300,1305,1305,0
2022-02-17 12:30:00,1305,1300,1305,1305,0
2022-02-17 12:31:00,1305,1300,1305,1305,0
2022-02-17 12:32:00,1305,1300,1305,1305,0
2022-02-17 12:33:00,1305,1300,1305,1305,0
2022-02-17 12:34:00,1305,1300,1305,1305,0
2022-02-17 12:35:00,1305,1300,1305,1305,0
2022-02-17 12:36:00,1305,1300,1305,1305,0
2022-02-17 12:37:00,1305,1300,1305,1305,0
2022-02-17 12:38:00,1305,1300,1305,1305,0
2022-02-17 12:39:00,1305,1300,1305,1305,0
2022-02-17 12:40:00,1305,1300,1305,1305,0
2022-02-17 12:41:00,1305,1300,1305,1305,0
2022-02-17 12:42:00,1305,1300,1305,1305,0
2022-02-17 12:43:00,1305,1300,1305,1305,0
2022-02-17 12:44:00,1305,1300,1305,1305,0
2022-02-17 12:45:00,1305,1300,1305,1305,0
2022-02-17 12:46:00,1305,1300,1305,1305,0
2022-02-17 12:47:00,1305,1300,1305,1305,0
2022-02-17 12:48:00,1305,1300,1305,1305,0
2022-02-17 12:49:00,1305,1300,1305,1305,0
2022-02-17 12:50:00,1305,1300,1305,1305,0
2022-02-17 12:51:00,1305,1300,1305,1305,0
2022-02-17 12:52:00,1305,1300,1305,1305,0
2022-02-17 12:53:00,1305,1300,1305,1305,0
2022-02-17 12:54:00,1305,1300,1305,1305,0
2022-02-17 12:55:00,1305,1300,1305,1305,0
2022-02-17 12:56:00,1305,1300,1305,1305,0
2022-02-17 12:57:00,1305,1300,1305,1305,0
2022-02-17 12:58:00,1305,1300,1305,1305,0
2022-02-17 12:59:00,1305,1300,1305,1305,0
2022-02-17 13:00:00,1305,1300,1305,1305,0
2022-02-17 13:01:00,1305,1300,1305,1305,0
2022-02-17 13:02:00,1305,1300,1305,1305,0
2022-02-17 13:03:00,1305,1300,1305,1305,0
2022-02-17 13:04:00,1305,1300,1305,1305,0
2022-02-17 13:05:00,1305,1300,1305,1305,0
2022-02-17 13:06:00,1305,1300,1305,1305,0
2022-02-17 13:07:00,1305,1300,1305,1305,0
2022-02-17 13:08:00,1305,1300,1305,1305,0
2022-02-17 13:09:00,1305,1300,1305,1305,0
2022-02-17 13:10:00,1305,1300,1305,1305,0
2022-02-17 13:11:00,1305,1300,1305,1305,0
2022-02-17 13:12:00,1305,1300,1305,1305,0
2022-02-17 13:13:00,1305,1300,1305,1305,0
2022-02-17 13:14:00,1305,1300,1305,1305,0
2022-02-17 13:15:00,1305,1300,1305,1305,0
2022-02-17 13:16:00,1305,1300,1305,1305,0
2022-02-17 13:17:00,1305,1300,1305,1305,0
2022-02-17 13:18:00,1305,1300,1305,1305,0
2022-02-17 13:19:00,1305,1300,1305,1305,0
2022-02-17 13:20:00,1305,1300,1305,1305,0
2022-02-17 13:21:00,1305,1300,1305,1305,0
2022-02-17 13:22:00,1305,1300,1305,1305,0
2022-02-17 13:23:00,1305,1300,1305,1305,0
2022-02-17 13:24:00,1305,1300,1305,1305,0
2022-02-17 13:25:00,1305,1300,1305,1305,0
2022-02-17 13:26:00,1305,1300,1305,1305,0
2022-02-17 13:27:00,1305,1300,1305,1305,0
2022-02-17 13:28:00,1305,1300,1305,1305,0
2022-02-17 13:29:00,1305,1300,1305,1305,0
2022-02-17 13:30:00,1305,1300,1305,1300,349000
2022-02-17 13:31:00,1305,1300,1305,1305,344300
2022-02-17 13:32:00,1305,1300,1305,1305,0
2022-02-17 13:33:00,1305,1300,1305,1300,1300
2022-02-17 13:34:00,1305,1300,1305,1300,0
2022-02-17 13:35:00,1305,1300,1305,1300,0
2022-02-17 13:36:00,1300,1300,1300,1300,5100
2022-02-17 13:37:00,1300,1300,1300,1300,900
2022-02-17 13:38:00,1300,1300,1305,1305,800
2022-02-17 13:39:00,1300,1300,1300,1300,100
2022-02-17 13:40:00,1300,1300,1300,1300,32400
2022-02-17 13:41:00,1300,1300,1300,1300,1900
2022-02-17 13:42:00,1300,1295,1300,1300,4700
2022-02-17 13:43:00,1305,1305,1305,1305,300
2022-02-17 13:44:00,1305,1300,1305,1300,15100
2022-02-17 13:45:00,1300,1300,1305,1305,1000
2022-02-17 13:46:00,1305,1305,1305,1305,100
2022-02-17 13:47:00,1305,1305,1305,1305,100
2022-02-17 13:48:00,1305,1305,1305,1305,1000
2022-02-17 13:49:00,1305,1305,1305,1305,1000
2022-02-17 13:50:00,1305,1305,1305,1305,400
2022-02-17 13:51:00,1305,1305,1305,1305,0
2022-02-17 13:52:00,1305,1300,1305,1300,1800
2022-02-17 13:53:00,1305,1300,1305,1300,1600
2022-02-17 13:54:00,1305,1305,1305,1305,100
2022-02-17 13:55:00,1305,1305,1305,1305,0
2022-02-17 13:56:00,1305,1300,1305,1300,36200
2022-02-17 13:57:00,1295,1295,1300,1300,29600
2022-02-17 13:58:00,1300,1295,1300,1300,5800
2022-02-17 13:59:00,1295,1295,1300,1300,1700
2022-02-17 14:00:00,1300,1300,1300,1300,1600
2022-02-17 14:01:00,1300,1300,1305,1305,25400
2022-02-17 14:02:00,1305,1305,1305,1305,100
2022-02-17 14:03:00,1305,1305,1305,1305,1200
2022-02-17 14:04:00,1305,1305,1305,1305,200
2022-02-17 14:05:00,1305,1305,1310,1305,700
2022-02-17 14:06:00,1310,1305,1310,1310,700
2022-02-17 14:07:00,1310,1310,1310,1310,1000
2022-02-17 14:08:00,1305,1305,1305,1305,100
2022-02-17 14:09:00,1305,1305,1305,1305,0
2022-02-17 14:10:00,1305,1305,1305,1305,0
2022-02-17 14:11:00,1310,1310,1310,1310,100
2022-02-17 14:12:00,1305,1305,1305,1305,5700
2022-02-17 14:13:00,1305,1300,1305,1300,13700
2022-02-17 14:14:00,1305,1300,1305,1300,27800
2022-02-17 14:15:00,1300,1300,1300,1300,6000
2022-02-17 14:16:00,1305,1300,1305,1300,33000
2022-02-17 14:17:00,1300,1300,1300,1300,200
2022-02-17 14:18:00,1305,1300,1305,1305,24000
2022-02-17 14:19:00,1305,1305,1305,1305,200
2022-02-17 14:20:00,1305,1305,1305,1305,11800
2022-02-17 14:21:00,1305,1300,1305,1300,31500
2022-02-17 14:22:00,1300,1300,1300,1300,20900
2022-02-17 14:23:00,1300,1300,1300,1300,0
2022-02-17 14:24:00,1305,1305,1305,1305,100
2022-02-17 14:25:00,1305,1305,1305,1305,4200
2022-02-17 14:26:00,1305,1305,1305,1305,4400
2022-02-17 14:27:00,1310,1310,1310,1310,7600
2022-02-17 14:28:00,1310,1310,1310,1310,22600
2022-02-17 14:29:00,1305,1305,1305,1305,100
2022-02-17 14:30:00,1305,1305,1310,1310,11100
2022-02-17 14:31:00,1310,1305,1310,1305,209700
2022-02-17 14:32:00,1315,1315,1315,1315,100
2022-02-17 14:33:00,1305,1300,1305,1300,57100
2022-02-17 14:34:00,1300,1300,1305,1305,2000
2022-02-17 14:35:00,1305,1305,1305,1305,100
2022-02-17 14:36:00,1305,1305,1305,1305,0
2022-02-17 14:37:00,1305,1305,1305,1305,0
2022-02-17 14:38:00,1305,1300,1305,1300,10600
2022-02-17 14:39:00,1300,1300,1300,1300,1000
2022-02-17 14:40:00,1300,1300,1305,1300,34600
2022-02-17 14:41:00,1300,1300,1305,1300,0
2022-02-17 14:42:00,1300,1300,1300,1300,2500
2022-02-17 14:43:00,1305,1305,1305,1305,100
2022-02-17 14:44:00,1300,1300,1305,1300,36900
2022-02-17 14:45:00,1300,1295,1300,1295,36100
2022-02-17 14:46:00,1300,1295,1300,1295,2300
2022-02-17 14:47:00,1300,1300,1300,1300,1900
2022-02-17 14:48:00,1300,1295,1300,1295,55000
2022-02-17 14:49:00,1295,1295,1300,1295,21400
2022-02-17 14:50:00,1295,1295,1300,1295,0
2022-02-17 14:51:00,1295,1295,1300,1295,0
2022-02-17 14:52:00,1295,1295,1300,1295,0
2022-02-17 14:53:00,1295,1295,1300,1295,0
2022-02-17 14:54:00,1295,1295,1300,1295,0
2022-02-17 14:55:00,1295,1295,1300,1295,0
2022-02-17 14:56:00,1295,1295,1300,1295,0
2022-02-17 14:57:00,1295,1295,1300,1295,0
2022-02-17 14:58:00,1295,1295,1300,1295,0
2022-02-17 14:59:00,1295,1295,1300,1295,0
2022-02-17 15:00:00,1290,1290,1290,1290,231500
2022-02-17 15:01:00,1290,1290,1290,1290,226000
2022-02-17 15:02:00,1290,1290,1290,1290,27800
2022-02-17 15:03:00,1290,1290,1290,1290,11600
2022-02-17 15:04:00,1290,1290,1290,1290,44700
2022-02-17 15:05:00,1290,1290,1290,1290,5600
2022-02-17 15:06:00,1290,1290,1290,1290,9000
2022-02-17 15:07:00,1290,1290,1290,1290,2600
2022-02-17 15:08:00,1290,1290,1290,1290,6300
2022-02-17 15:09:00,1290,1290,1290,1290,33000
2022-02-17 15:10:00,1290,1290,1290,1290,4000
2022-02-17 15:11:00,1290,1290,1290,1290,5000
2022-02-17 15:12:00,1290,1290,1290,1290,33500
2022-02-17 15:13:00,1290,1290,1290,1290,700
2022-02-17 15:14:00,1290,1290,1290,1290,25000
2022-02-17 15:15:00,1290,1290,1290,1290,0
2022-02-17 15:16:00,1290,1290,1290,1290,0
2022-02-17 15:17:00,1290,1290,1290,1290,0
2022-02-17 15:18:00,1290,1290,1290,1290,0
2022-02-17 15:19:00,1290,1290,1290,1290,0
2022-02-17 15:20:00,1290,1290,1290,1290,0
2022-02-17 15:21:00,1290,1290,1290,1290,0
2022-02-17 15:22:00,1290,1290,1290,1290,0
2022-02-17 15:23:00,1290,1290,1290,1290,0
2022-02-17 15:24:00,1290,1290,1290,1290,0
2022-02-17 15:25:00,1290,1290,1290,1290,0
2022-02-17 15:26:00,1290,1290,1290,1290,0
2022-02-17 15:27:00,1290,1290,1290,1290,0
2022-02-17 15:28:00,1290,1290,1290,1290,0
2022-02-17 15:29:00,1290,1290,1290,1290,0
2022-02-17 15:30:00,1290,1290,1290,1290,0
2022-02-17 15:31:00,1290,1290,1290,1290,0
2022-02-17 15:32:00,1290,1290,1290,1290,0
2022-02-17 15:33:00,1290,1290,1290,1290,0
2022-02-17 15:34:00,1290,1290,1290,1290,0
2022-02-17 15:35:00,1290,1290,1290,1290,0
2022-02-17 15:36:00,1290,1290,1290,1290,0
2022-02-17 15:37:00,1290,1290,1290,1290,0
2022-02-17 15:38:00,1290,1290,1290,1290,0
2022-02-17 15:39:00,1290,1290,1290,1290,0
2022-02-17 15:40:00,1290,1290,1290,1290,0
2022-02-17 15:41:00,1290,1290,1290,1290,0
2022-02-17 15:42:00,1290,1290,1290,1290,0
2022-02-17 15:43:00,1290,1290,1290,1290,0
2022-02-17 15:44:00,1290,1290,1290,1290,0
2022-02-17 15:45:00,1290,1290,1290,1290,0
2022-02-17 15:46:00,1290,1290,1290,1290,0
2022-02-17 15:47:00,1290,1290,1290,1290,0
2022-02-17 15:48:00,1290,1290,1290,1290,0
2022-02-17 15:49:00,1290,1290,1290,1290,0
2022-02-17 15:50:00,1290,1290,1290,1290,0
2022-02-17 15:51:00,1290,1290,1290,1290,0
2022-02-17 15:52:00,1290,1290,1290,1290,0
2022-02-17 15:53:00,1290,1290,1290,1290,0
2022-02-17 15:54:00,1290,1290,1290,1290,0
2022-02-17 15:55:00,1290,1290,1290,1290,0
2022-02-17 15:56:00,1290,1290,1290,1290,0
2022-02-17 15:57:00,1290,1290,1290,1290,0
2022-02-17 15:58:00,1290,1290,1290,1290,0
2022-02-17 15:59:00,1290,1290,1290,1290,0
2022-02-18 09:00:00,1285,1270,1285,1270,0
2022-02-18 09:01:00,1270,1250,1275,1250,115500
2022-02-18 09:02:00,1250,1240,1255,1245,188000
2022-02-18 09:03:00,1245,1245,1260,1260,325200
2022-02-18 09:04:00,1260,1260,1265,1260,25700
2022-02-18 09:05:00,1255,1250,1275,1275,58600
2022-02-18 09:06:00,1270,1260,1270,1260,6700
2022-02-18 09:07:00,1260,1260,1270,1260,24000
2022-02-18 09:08:00,1270,1260,1270,1270,2500
2022-02-18 09:09:00,1270,1260,1270,1270,16900
2022-02-18 09:10:00,1270,1265,1270,1265,700
2022-02-18 09:11:00,1270,1260,1270,1265,39500
2022-02-18 09:12:00,1260,1250,1260,1255,20400
2022-02-18 09:13:00,1260,1255,1270,1265,50000
2022-02-18 09:14:00,1270,1265,1280,1280,236500
2022-02-18 09:15:00,1280,1275,1295,1295,341300
2022-02-18 09:16:00,1295,1290,1305,1300,548400
2022-02-18 09:17:00,1300,1300,1305,1300,105900
2022-02-18 09:18:00,1300,1300,1305,1300,86700
2022-02-18 09:19:00,1300,1295,1300,1295,84700
2022-02-18 09:20:00,1295,1295,1305,1300,55200
2022-02-18 09:21:00,1295,1295,1300,1300,30100
2022-02-18 09:22:00,1300,1300,1305,1305,83900
2022-02-18 09:23:00,1305,1305,1305,1305,101000
2022-02-18 09:24:00,1305,1300,1305,1300,28200
2022-02-18 09:25:00,1300,1300,1300,1300,54900
2022-02-18 09:26:00,1300,1295,1300,1300,60400
2022-02-18 09:27:00,1300,1300,1305,1305,41800
2022-02-18 09:28:00,1305,1305,1310,1310,69100
2022-02-18 09:29:00,1310,1310,1315,1310,54800
2022-02-18 09:30:00,1310,1310,1320,1320,410400
2022-02-18 09:31:00,1320,1315,1320,1320,121400
2022-02-18 09:32:00,1320,1320,1325,1325,446800
2022-02-18 09:33:00,1325,1285,1325,1285,374400
2022-02-18 09:34:00,1285,1265,1285,1275,567700
2022-02-18 09:35:00,1285,1275,1290,1290,429000
2022-02-18 09:36:00,1290,1285,1300,1300,397900
2022-02-18 09:37:00,1290,1290,1290,1290,2600
2022-02-18 09:38:00,1300,1300,1300,1300,100
2022-02-18 09:39:00,1300,1295,1300,1295,700
2022-02-18 09:40:00,1295,1290,1295,1290,7600
2022-02-18 09:41:00,1290,1285,1300,1300,6700
2022-02-18 09:42:00,1290,1285,1300,1300,0
2022-02-18 09:43:00,1300,1290,1300,1290,6200
2022-02-18 09:44:00,1290,1290,1290,1290,200
2022-02-18 09:45:00,1295,1295,1295,1295,1200
2022-02-18 09:46:00,1295,1295,1295,1295,500
2022-02-18 09:47:00,1295,1295,1295,1295,400
2022-02-18 09:48:00,1300,1300,1300,1300,27100
2022-02-18 09:49:00,1300,1300,1300,1300,600
2022-02-18 09:50:00,1295,1295,1295,1295,3300
2022-02-18 09:51:00,1295,1295,1295,1295,100
2022-02-18 09:52:00,1295,1295,1295,1295,3100
2022-02-18 09:53:00,1295,1295,1295,1295,900
2022-02-18 09:54:00,1295,1295,1295,1295,3600
2022-02-18 09:55:00,1295,1295,1295,1295,200
2022-02-18 09:56:00,1295,1295,1295,1295,9900
2022-02-18 09:57:00,1295,1295,1295,1295,2000
2022-02-18 09:58:00,1295,1295,1295,1295,200
2022-02-18 09:59:00,1295,1295,1295,1295,0
2022-02-18 10:00:00,1290,1290,1290,1290,9400
2022-02-18 10:01:00,1295,1295,1295,1295,100
2022-02-18 10:02:00,1295,1295,1295,1295,0
2022-02-18 10:03:00,1295,1295,1295,1295,0
2022-02-18 10:04:00,1295,1295,1295,1295,3800
2022-02-18 10:05:00,1295,1295,1295,1295,0
2022-02-18 10:06:00,1295,1295,1295,1295,10600
2022-02-18 10:07:00,1295,1295,1295,1295,0
2022-02-18 10:08:00,1295,1295,1295,1295,1200
2022-02-18 10:09:00,1290,1290,1290,1290,18400
2022-02-18 10:10:00,1290,1290,1290,1290,200
2022-02-18 10:11:00,1290,1290,1290,1290,1000
2022-02-18 10:12:00,1290,1290,1290,1290,0
2022-02-18 10:13:00,1285,1285,1285,1285,53400
2022-02-18 10:14:00,1280,1255,1285,1255,344000
2022-02-18 10:15:00,1255,1255,1255,1255,76300
2022-02-18 10:16:00,1275,1270,1275,1270,4600
2022-02-18 10:17:00,1270,1270,1270,1270,1600
2022-02-18 10:18:00,1270,1270,1270,1270,5900
2022-02-18 10:19:00,1270,1270,1270,1270,700
2022-02-18 10:20:00,1270,1265,1275,1275,17800
2022-02-18 10:21:00,1275,1275,1280,1275,17100
2022-02-18 10:22:00,1280,1275,1285,1285,34500
2022-02-18 10:23:00,1285,1285,1285,1285,500
2022-02-18 10:24:00,1280,1280,1280,1280,100
2022-02-18 10:25:00,1280,1275,1280,1275,11500
2022-02-18 10:26:00,1275,1275,1275,1275,1700
2022-02-18 10:27:00,1275,1270,1275,1270,20700
2022-02-18 10:28:00,1270,1270,1270,1270,1300
2022-02-18 10:29:00,1270,1270,1270,1270,24700
2022-02-18 10:30:00,1270,1270,1270,1270,0
2022-02-18 10:31:00,1275,1270,1275,1270,45000
2022-02-18 10:32:00,1275,1270,1275,1270,0
2022-02-18 10:33:00,1270,1260,1270,1265,16500
2022-02-18 10:34:00,1265,1265,1270,1270,4200
2022-02-18 10:35:00,1270,1270,1270,1270,1900
2022-02-18 10:36:00,1270,1270,1270,1270,0
2022-02-18 10:37:00,1275,1275,1275,1275,100
2022-02-18 10:38:00,1275,1275,1275,1275,200
2022-02-18 10:39:00,1280,1275,1280,1280,11400
2022-02-18 10:40:00,1280,1275,1280,1275,15800
2022-02-18 10:41:00,1280,1275,1280,1275,0
2022-02-18 10:42:00,1280,1280,1280,1280,8800
2022-02-18 10:43:00,1280,1280,1280,1280,2000
2022-02-18 10:44:00,1280,1280,1280,1280,10600
2022-02-18 10:45:00,1285,1285,1285,1285,600
2022-02-18 10:46:00,1280,1280,1280,1280,10500
2022-02-18 10:47:00,1280,1280,1280,1280,600
2022-02-18 10:48:00,1280,1280,1280,1280,0
2022-02-18 10:49:00,1280,1280,1280,1280,100
2022-02-18 10:50:00,1280,1280,1280,1280,0
2022-02-18 10:51:00,1280,1275,1280,1275,12400
2022-02-18 10:52:00,1275,1270,1275,1270,5100
2022-02-18 10:53:00,1275,1270,1275,1270,0
2022-02-18 10:54:00,1270,1270,1270,1270,10900
2022-02-18 10:55:00,1275,1270,1275,1270,2000
2022-02-18 10:56:00,1270,1265,1270,1265,3500
2022-02-18 10:57:00,1270,1270,1270,1270,13200
2022-02-18 10:58:00,1270,1270,1270,1270,10100
2022-02-18 10:59:00,1270,1270,1270,1270,15800
2022-02-18 11:00:00,1270,1270,1270,1270,1200
2022-02-18 11:01:00,1270,1270,1270,1270,19100
2022-02-18 11:02:00,1270,1270,1270,1270,600
2022-02-18 11:03:00,1270,1270,1270,1270,2700
2022-02-18 11:04:00,1270,1270,1270,1270,0
2022-02-18 11:05:00,1270,1270,1270,1270,0
2022-02-18 11:06:00,1270,1265,1270,1265,800
2022-02-18 11:07:00,1265,1265,1270,1270,900
2022-02-18 11:08:00,1270,1270,1270,1270,100
2022-02-18 11:09:00,1265,1265,1265,1265,22700
2022-02-18 11:10:00,1265,1265,1265,1265,8100
2022-02-18 11:11:00,1265,1265,1265,1265,0
2022-02-18 11:12:00,1270,1265,1270,1265,400
2022-02-18 11:13:00,1270,1265,1270,1265,0
2022-02-18 11:14:00,1265,1265,1265,1265,49000
2022-02-18 11:15:00,1265,1265,1265,1265,23000
2022-02-18 11:16:00,1265,1265,1265,1265,20000
2022-02-18 11:17:00,1265,1265,1265,1265,0
2022-02-18 11:18:00,1265,1260,1265,1265,7100
2022-02-18 11:19:00,1260,1260,1265,1265,1600
2022-02-18 11:20:00,1265,1265,1265,1265,2100
2022-02-18 11:21:00,1265,1265,1265,1265,10600
2022-02-18 11:22:00,1260,1260,1260,1260,64100
2022-02-18 11:23:00,1260,1260,1260,1260,0
2022-02-18 11:24:00,1265,1265,1265,1265,100
2022-02-18 11:25:00,1265,1260,1265,1260,49900
2022-02-18 11:26:00,1260,1260,1260,1260,15200
2022-02-18 11:27:00,1260,1260,1260,1260,1100
2022-02-18 11:28:00,1260,1260,1260,1260,18900
2022-02-18 11:29:00,1265,1265,1265,1265,500
2022-02-18 11:30:00,1265,1265,1265,1265,0
2022-02-18 11:31:00,1265,1265,1265,1265,0
2022-02-18 11:32:00,1265,1265,1265,1265,0
2022-02-18 11:33:00,1265,1265,1265,1265,0
2022-02-18 11:34:00,1265,1265,1265,1265,0
2022-02-18 11:35:00,1265,1265,1265,1265,0
2022-02-18 11:36:00,1265,1265,1265,1265,0
2022-02-18 11:37:00,1265,1265,1265,1265,0
2022-02-18 11:38:00,1265,1265,1265,1265,0
2022-02-18 11:39:00,1265,1265,1265,1265,0
2022-02-18 11:40:00,1265,1265,1265,1265,0
2022-02-18 11:41:00,1265,1265,1265,1265,0
2022-02-18 11:42:00,1265,1265,1265,1265,0
2022-02-18 11:43:00,1265,1265,1265,1265,0
2022-02-18 11:44:00,1265,1265,1265,1265,0
2022-02-18 11:45:00,1265,1265,1265,1265,0
2022-02-18 11:46:00,1265,1265,1265,1265,0
2022-02-18 11:47:00,1265,1265,1265,1265,0
2022-02-18 11:48:00,1265,1265,1265,1265,0
2022-02-18 11:49:00,1265,1265,1265,1265,0
2022-02-18 11:50:00,1265,1265,1265,1265,0
2022-02-18 11:51:00,1265,1265,1265,1265,0
2022-02-18 11:52:00,1265,1265,1265,1265,0
2022-02-18 11:53:00,1265,1265,1265,1265,0
2022-02-18 11:54:00,1265,1265,1265,1265,0
2022-02-18 11:55:00,1265,1265,1265,1265,0
2022-02-18 11:56:00,1265,1265,1265,1265,0
2022-02-18 11:57:00,1265,1265,1265,1265,0
2022-02-18 11:58:00,1265,1265,1265,1265,0
2022-02-18 11:59:00,1265,1265,1265,1265,0
2022-02-18 12:00:00,1265,1265,1265,1265,0
2022-02-18 12:01:00,1265,1265,1265,1265,0
2022-02-18 12:02:00,1265,1265,1265,1265,0
2022-02-18 12:03:00,1265,1265,1265,1265,0
2022-02-18 12:04:00,1265,1265,1265,1265,0
2022-02-18 12:05:00,1265,1265,1265,1265,0
2022-02-18 12:06:00,1265,1265,1265,1265,0
2022-02-18 12:07:00,1265,1265,1265,1265,0
2022-02-18 12:08:00,1265,1265,1265,1265,0
2022-02-18 12:09:00,1265,1265,1265,1265,0
2022-02-18 12:10:00,1265,1265,1265,1265,0
2022-02-18 12:11:00,1265,1265,1265,1265,0
2022-02-18 12:12:00,1265,1265,1265,1265,0
2022-02-18 12:13:00,1265,1265,1265,1265,0
2022-02-18 12:14:00,1265,1265,1265,1265,0
2022-02-18 12:15:00,1265,1265,1265,1265,0
2022-02-18 12:16:00,1265,1265,1265,1265,0
2022-02-18 12:17:00,1265,1265,1265,1265,0
2022-02-18 12:18:00,1265,1265,1265,1265,0
2022-02-18 12:19:00,1265,1265,1265,1265,0
2022-02-18 12:20:00,1265,1265,1265,1265,0
2022-02-18 12:21:00,1265,1265,1265,1265,0
2022-02-18 12:22:00,1265,1265,1265,1265,0
2022-02-18 12:23:00,1265,1265,1265,1265,0
2022-02-18 12:24:00,1265,1265,1265,1265,0
2022-02-18 12:25:00,1265,1265,1265,1265,0
2022-02-18 12:26:00,1265,1265,1265,1265,0
2022-02-18 12:27:00,1265,1265,1265,1265,0
2022-02-18 12:28:00,1265,1265,1265,1265,0
2022-02-18 12:29:00,1265,1265,1265,1265,0
2022-02-18 12:30:00,1265,1265,1265,1265,0
2022-02-18 12:31:00,1265,1265,1265,1265,0
2022-02-18 12:32:00,1265,1265,1265,1265,0
2022-02-18 12:33:00,1265,1265,1265,1265,0
2022-02-18 12:34:00,1265,1265,1265,1265,0
2022-02-18 12:35:00,1265,1265,1265,1265,0
2022-02-18 12:36:00,1265,1265,1265,1265,0
2022-02-18 12:37:00,1265,1265,1265,1265,0
2022-02-18 12:38:00,1265,1265,1265,1265,0
2022-02-18 12:39:00,1265,1265,1265,1265,0
2022-02-18 12:40:00,1265,1265,1265,1265,0
2022-02-18 12:41:00,1265,1265,1265,1265,0
2022-02-18 12:42:00,1265,1265,1265,1265,0
2022-02-18 12:43:00,1265,1265,1265,1265,0
2022-02-18 12:44:00,1265,1265,1265,1265,0
2022-02-18 12:45:00,1265,1265,1265,1265,0
2022-02-18 12:46:00,1265,1265,1265,1265,0
2022-02-18 12:47:00,1265,1265,1265,1265,0
2022-02-18 12:48:00,1265,1265,1265,1265,0
2022-02-18 12:49:00,1265,1265,1265,1265,0
2022-02-18 12:50:00,1265,1265,1265,1265,0
2022-02-18 12:51:00,1265,1265,1265,1265,0
2022-02-18 12:52:00,1265,1265,1265,1265,0
2022-02-18 12:53:00,1265,1265,1265,1265,0
2022-02-18 12:54:00,1265,1265,1265,1265,0
2022-02-18 12:55:00,1265,1265,1265,1265,0
2022-02-18 12:56:00,1265,1265,1265,1265,0
2022-02-18 12:57:00,1265,1265,1265,1265,0
2022-02-18 12:58:00,1265,1265,1265,1265,0
2022-02-18 12:59:00,1265,1265,1265,1265,0
2022-02-18 13:00:00,1265,1265,1265,1265,0
2022-02-18 13:01:00,1265,1265,1265,1265,0
2022-02-18 13:02:00,1265,1265,1265,1265,0
2022-02-18 13:03:00,1265,1265,1265,1265,0
2022-02-18 13:04:00,1265,1265,1265,1265,0
2022-02-18 13:05:00,1265,1265,1265,1265,0
2022-02-18 13:06:00,1265,1265,1265,1265,0
2022-02-18 13:07:00,1265,1265,1265,1265,0
2022-02-18 13:08:00,1265,1265,1265,1265,0
2022-02-18 13:09:00,1265,1265,1265,1265,0
2022-02-18 13:10:00,1265,1265,1265,1265,0
2022-02-18 13:11:00,1265,1265,1265,1265,0
2022-02-18 13:12:00,1265,1265,1265,1265,0
2022-02-18 13:13:00,1265,1265,1265,1265,0
2022-02-18 13:14:00,1265,1265,1265,1265,0
2022-02-18 13:15:00,1265,1265,1265,1265,0
2022-02-18 13:16:00,1265,1265,1265,1265,0
2022-02-18 13:17:00,1265,1265,1265,1265,0
2022-02-18 13:18:00,1265,1265,1265,1265,0
2022-02-18 13:19:00,1265,1265,1265,1265,0
2022-02-18 13:20:00,1265,1265,1265,1265,0
2022-02-18 13:21:00,1265,1265,1265,1265,0
2022-02-18 13:22:00,1265,1265,1265,1265,0
2022-02-18 13:23:00,1265,1265,1265,1265,0
2022-02-18 13:24:00,1265,1265,1265,1265,0
2022-02-18 13:25:00,1265,1265,1265,1265,0
2022-02-18 13:26:00,1265,1265,1265,1265,0
2022-02-18 13:27:00,1265,1265,1265,1265,0
2022-02-18 13:28:00,1265,1265,1265,1265,0
2022-02-18 13:29:00,1265,1265,1265,1265,0
2022-02-18 13:30:00,1265,1260,1265,1260,51200
2022-02-18 13:31:00,1265,1260,1265,1260,0
2022-02-18 13:32:00,1265,1260,1265,1260,523600
2022-02-18 13:33:00,1260,1260,1260,1260,46100
2022-02-18 13:34:00,1265,1260,1265,1265,505900
2022-02-18 13:35:00,1265,1265,1265,1265,3100
2022-02-18 13:36:00,1265,1265,1265,1265,1000
2022-02-18 13:37:00,1265,1265,1265,1265,300
2022-02-18 13:38:00,1265,1265,1265,1265,0
2022-02-18 13:39:00,1265,1265,1265,1265,0
2022-02-18 13:40:00,1265,1265,1265,1265,0
2022-02-18 13:41:00,1265,1265,1265,1265,800
2022-02-18 13:42:00,1265,1260,1265,1260,6200
2022-02-18 13:43:00,1265,1265,1265,1265,2500
2022-02-18 13:44:00,1265,1265,1265,1265,0
2022-02-18 13:45:00,1265,1260,1265,1260,200
2022-02-18 13:46:00,1265,1260,1265,1260,0
2022-02-18 13:47:00,1260,1260,1260,1260,500
2022-02-18 13:48:00,1260,1260,1260,1260,3700
2022-02-18 13:49:00,1265,1265,1265,1265,38700
2022-02-18 13:50:00,1265,1265,1270,1270,700400
2022-02-18 13:51:00,1265,1265,1270,1270,36000
2022-02-18 13:52:00,1270,1270,1270,1270,50000
2022-02-18 13:53:00,1270,1270,1270,1270,0
2022-02-18 13:54:00,1270,1270,1275,1275,1400
2022-02-18 13:55:00,1270,1270,1270,1270,25600
2022-02-18 13:56:00,1270,1270,1270,1270,300
2022-02-18 13:57:00,1270,1270,1270,1270,500
2022-02-18 13:58:00,1270,1270,1270,1270,600
2022-02-18 13:59:00,1270,1270,1270,1270,0
2022-02-18 14:00:00,1270,1270,1270,1270,25100
2022-02-18 14:01:00,1270,1270,1280,1275,31000
2022-02-18 14:02:00,1280,1270,1280,1280,31700
2022-02-18 14:03:00,1270,1270,1275,1270,20300
2022-02-18 14:04:00,1270,1265,1270,1265,10000
2022-02-18 14:05:00,1265,1265,1270,1270,8800
2022-02-18 14:06:00,1270,1265,1270,1265,8100
2022-02-18 14:07:00,1270,1270,1270,1270,300
2022-02-18 14:08:00,1270,1265,1270,1265,50200
2022-02-18 14:09:00,1265,1265,1265,1265,5700
2022-02-18 14:10:00,1265,1265,1265,1265,4700
2022-02-18 14:11:00,1265,1260,1265,1260,1600
2022-02-18 14:12:00,1265,1265,1265,1265,1200
2022-02-18 14:13:00,1265,1265,1265,1265,2700
2022-02-18 14:14:00,1265,1265,1265,1265,0
2022-02-18 14:15:00,1265,1265,1265,1265,0
2022-02-18 14:16:00,1265,1265,1265,1265,0
2022-02-18 14:17:00,1265,1265,1265,1265,5600
2022-02-18 14:18:00,1265,1255,1265,1255,166500
2022-02-18 14:19:00,1265,1265,1265,1265,8200
2022-02-18 14:20:00,1255,1250,1255,1255,200800
2022-02-18 14:21:00,1260,1250,1265,1250,59800
2022-02-18 14:22:00,1255,1255,1255,1255,4500
2022-02-18 14:23:00,1260,1255,1260,1255,3100
2022-02-18 14:24:00,1255,1255,1255,1255,12500
2022-02-18 14:25:00,1255,1255,1260,1260,900
2022-02-18 14:26:00,1260,1260,1260,1260,200
2022-02-18 14:27:00,1255,1255,1255,1255,22000
2022-02-18 14:28:00,1255,1250,1255,1255,8400
2022-02-18 14:29:00,1255,1255,1255,1255,7000
2022-02-18 14:30:00,1255,1255,1255,1255,1200
2022-02-18 14:31:00,1255,1255,1255,1255,12700
2022-02-18 14:32:00,1255,1250,1255,1250,43900
2022-02-18 14:33:00,1255,1250,1255,1255,367700
2022-02-18 14:34:00,1250,1250,1250,1250,59000
2022-02-18 14:35:00,1250,1250,1250,1250,45400
2022-02-18 14:36:00,1250,1250,1255,1250,23000
2022-02-18 14:37:00,1250,1250,1250,1250,300
2022-02-18 14:38:00,1250,1240,1250,1240,155200
2022-02-18 14:39:00,1240,1240,1245,1240,118500
2022-02-18 14:40:00,1245,1240,1245,1240,47400
2022-02-18 14:41:00,1245,1240,1245,1245,10300
2022-02-18 14:42:00,1245,1245,1245,1245,176200
2022-02-18 14:43:00,1245,1245,1245,1245,12400
2022-02-18 14:44:00,1245,1245,1250,1245,50000
2022-02-18 14:45:00,1245,1245,1245,1245,12100
2022-02-18 14:46:00,1240,1240,1245,1240,85300
2022-02-18 14:47:00,1245,1240,1245,1240,42700
2022-02-18 14:48:00,1245,1240,1245,1245,78600
2022-02-18 14:49:00,1245,1240,1250,1240,126100
2022-02-18 14:50:00,1240,1240,1240,1240,35000
2022-02-18 14:51:00,1240,1240,1240,1240,0
2022-02-18 14:52:00,1240,1240,1240,1240,0
2022-02-18 14:53:00,1240,1240,1240,1240,0
2022-02-18 14:54:00,1240,1240,1240,1240,0
2022-02-18 14:55:00,1240,1240,1240,1240,0
2022-02-18 14:56:00,1240,1240,1240,1240,0
2022-02-18 14:57:00,1240,1240,1240,1240,0
2022-02-18 14:58:00,1240,1240,1240,1240,0
2022-02-18 14:59:00,1240,1240,1240,1240,0
2022-02-18 15:00:00,1240,1240,1240,1240,262300
2022-02-18 15:01:00,1240,1240,1240,1240,25600
2022-02-18 15:02:00,1240,1240,1240,1240,83000
2022-02-18 15:03:00,1240,1240,1240,1240,76400
2022-02-18 15:04:00,1240,1240,1240,1240,7100
2022-02-18 15:05:00,1240,1240,1240,1240,5900
2022-02-18 15:06:00,1240,1240,1240,1240,11100
2022-02-18 15:07:00,1240,1240,1240,1240,9200
2022-02-18 15:08:00,1240,1240,1240,1240,30000
2022-02-18 15:09:00,1240,1240,1240,1240,7000
2022-02-18 15:10:00,1240,1240,1240,1240,6200
2022-02-18 15:11:00,1240,1240,1240,1240,4200
2022-02-18 15:12:00,1240,1240,1240,1240,0
2022-02-18 15:13:00,1240,1240,1240,1240,50300
2022-02-18 15:14:00,1240,1240,1240,1240,200
2022-02-18 15:15:00,1240,1240,1240,1240,0
2022-02-18 15:16:00,1240,1240,1240,1240,0
2022-02-18 15:17:00,1240,1240,1240,1240,0
2022-02-18 15:18:00,1240,1240,1240,1240,0
2022-02-18 15:19:00,1240,1240,1240,1240,0
2022-02-18 15:20:00,1240,1240,1240,1240,0
2022-02-18 15:21:00,1240,1240,1240,1240,0
2022-02-18 15:22:00,1240,1240,1240,1240,0
2022-02-18 15:23:00,1240,1240,1240,1240,0
2022-02-18 15:24:00,1240,1240,1240,1240,0
2022-02-18 15:25:00,1240,1240,1240,1240,0
2022-02-18 15:26:00,1240,1240,1240,1240,0
2022-02-18 15:27:00,1240,1240,1240,1240,0
2022-02-18 15:28:00,1240,1240,1240,1240,0
2022-02-18 15:29:00,1240,1240,1240,1240,0
2022-02-18 15:30:00,1240,1240,1240,1240,0
2022-02-18 15:31:00,1240,1240,1240,1240,0
2022-02-18 15:32:00,1240,1240,1240,1240,0
2022-02-18 15:33:00,1240,1240,1240,1240,0
2022-02-18 15:34:00,1240,1240,1240,1240,0
2022-02-18 15:35:00,1240,1240,1240,1240,0
2022-02-18 15:36:00,1240,1240,1240,1240,0
2022-02-18 15:37:00,1240,1240,1240,1240,0
2022-02-18 15:38:00,1240,1240,1240,1240,0
2022-02-18 15:39:00,1240,1240,1240,1240,0
2022-02-18 15:40:00,1240,1240,1240,1240,0
2022-02-18 15:41:00,1240,1240,1240,1240,0
2022-02-18 15:42:00,1240,1240,1240,1240,0
2022-02-18 15:43:00,1240,1240,1240,1240,0
2022-02-18 15:44:00,1240,1240,1240,1240,0
2022-02-18 15:45:00,1240,1240,1240,1240,0
2022-02-18 15:46:00,1240,1240,1240,1240,0
2022-02-18 15:47:00,1240,1240,1240,1240,0
2022-02-18 15:48:00,1240,1240,1240,1240,0
2022-02-18 15:49:00,1240,1240,1240,1240,0
2022-02-18 15:50:00,1240,1240,1240,1240,0
2022-02-18 15:51:00,1240,1240,1240,1240,0
2022-02-18 15:52:00,1240,1240,1240,1240,0
2022-02-18 15:53:00,1240,1240,1240,1240,0
2022-02-18 15:54:00,1240,1240,1240,1240,0
2022-02-18 15:55:00,1240,1240,1240,1240,0
2022-02-18 15:56:00,1240,1240,1240,1240,0
2022-02-18 15:57:00,1240,1240,1240,1240,0
2022-02-18 15:58:00,1240,1240,1240,1240,0
2022-02-18 15:59:00,1240,1240,1240,1240,0
2022-02-21 09:00:00,1240,1240,1245,1240,0
2022-02-21 09:01:00,1240,1235,1240,1235,24600
2022-02-21 09:02:00,1230,1205,1230,1210,292900
2022-02-21 09:03:00,1215,1210,1220,1215,111400
2022-02-21 09:04:00,1215,1210,1220,1215,28800
2022-02-21 09:05:00,1210,1205,1210,1205,28400
2022-02-21 09:06:00,1205,1205,1210,1205,97900
2022-02-21 09:07:00,1205,1205,1210,1205,103600
2022-02-21 09:08:00,1205,1205,1210,1210,103600
2022-02-21 09:09:00,1210,1210,1215,1210,624700
2022-02-21 09:10:00,1215,1210,1215,1215,2600
2022-02-21 09:11:00,1215,1210,1215,1215,422200
2022-02-21 09:12:00,1215,1210,1215,1215,223500
2022-02-21 09:13:00,1210,1200,1215,1205,407200
2022-02-21 09:14:00,1205,1200,1210,1210,37100
2022-02-21 09:15:00,1210,1205,1210,1205,18300
2022-02-21 09:16:00,1205,1195,1205,1200,296000
2022-02-21 09:17:00,1195,1195,1200,1200,120000
2022-02-21 09:18:00,1195,1195,1200,1200,7400
2022-02-21 09:19:00,1195,1195,1200,1200,11500
2022-02-21 09:20:00,1200,1180,1200,1180,356700
2022-02-21 09:21:00,1180,1180,1185,1185,92700
2022-02-21 09:22:00,1185,1170,1185,1170,341900
2022-02-21 09:23:00,1170,1165,1170,1170,324500
2022-02-21 09:24:00,1170,1170,1180,1170,16800
2022-02-21 09:25:00,1175,1165,1175,1165,329900
2022-02-21 09:26:00,1165,1160,1165,1160,126800
2022-02-21 09:27:00,1160,1155,1160,1155,817700
2022-02-21 09:28:00,1160,1155,1160,1155,474300
2022-02-21 09:29:00,1155,1155,1155,1155,61700
2022-02-21 09:30:00,1155,1155,1155,1155,150500
2022-02-21 09:31:00,1155,1155,1165,1160,611400
2022-02-21 09:32:00,1170,1160,1170,1165,285400
2022-02-21 09:33:00,1165,1160,1170,1165,152400
2022-02-21 09:34:00,1165,1165,1170,1165,76600
2022-02-21 09:35:00,1170,1165,1170,1170,11000
2022-02-21 09:36:00,1170,1160,1170,1165,175300
2022-02-21 09:37:00,1165,1160,1180,1175,857000
2022-02-21 09:38:00,1175,1170,1180,1170,143700
2022-02-21 09:39:00,1165,1165,1165,1165,15500
2022-02-21 09:40:00,1165,1165,1165,1165,12900
2022-02-21 09:41:00,1170,1165,1170,1170,24100
2022-02-21 09:42:00,1165,1160,1165,1165,304800
2022-02-21 09:43:00,1160,1160,1165,1165,128300
2022-02-21 09:44:00,1165,1160,1165,1160,52200
2022-02-21 09:45:00,1160,1160,1165,1160,11300
2022-02-21 09:46:00,1165,1165,1165,1165,200
2022-02-21 09:47:00,1160,1160,1165,1160,15500
2022-02-21 09:48:00,1160,1160,1165,1160,55100
2022-02-21 09:49:00,1165,1160,1165,1160,156700
2022-02-21 09:50:00,1165,1160,1165,1160,296000
2022-02-21 09:51:00,1160,1160,1165,1160,12700
2022-02-21 09:52:00,1160,1160,1165,1165,55200
2022-02-21 09:53:00,1165,1160,1165,1165,41000
2022-02-21 09:54:00,1165,1160,1165,1160,41600
2022-02-21 09:55:00,1160,1160,1160,1160,8000
2022-02-21 09:56:00,1160,1155,1160,1155,214100
2022-02-21 09:57:00,1160,1155,1160,1155,416600
2022-02-21 09:58:00,1155,1155,1155,1155,332900
2022-02-21 09:59:00,1160,1155,1160,1160,18300
2022-02-21 10:00:00,1160,1160,1160,1160,17300
2022-02-21 10:01:00,1165,1155,1165,1155,167400
2022-02-21 10:02:00,1155,1155,1160,1155,30900
2022-02-21 10:03:00,1155,1155,1155,1155,3000
2022-02-21 10:04:00,1155,1155,1155,1155,71000
2022-02-21 10:05:00,1160,1155,1160,1155,10200
2022-02-21 10:06:00,1155,1155,1160,1155,25200
2022-02-21 10:07:00,1155,1155,1155,1155,2500
2022-02-21 10:08:00,1155,1155,1155,1155,8300
2022-02-21 10:09:00,1160,1155,1160,1155,36800
2022-02-21 10:10:00,1155,1155,1155,1155,19700
2022-02-21 10:11:00,1155,1155,1155,1155,8700
2022-02-21 10:12:00,1155,1155,1155,1155,154000
2022-02-21 10:13:00,1155,1155,1155,1155,5800
2022-02-21 10:14:00,1155,1155,1155,1155,26100
2022-02-21 10:15:00,1155,1155,1155,1155,7600
2022-02-21 10:16:00,1155,1155,1155,1155,1100
2022-02-21 10:17:00,1155,1155,1155,1155,5000
2022-02-21 10:18:00,1155,1155,1155,1155,0
2022-02-21 10:19:00,1155,1155,1155,1155,7000
2022-02-21 10:20:00,1160,1160,1160,1160,50000
2022-02-21 10:21:00,1160,1160,1160,1160,0
2022-02-21 10:22:00,1155,1155,1160,1155,4200
2022-02-21 10:23:00,1155,1155,1155,1155,1400
2022-02-21 10:24:00,1160,1160,1160,1160,5100
2022-02-21 10:25:00,1160,1155,1160,1155,263100
2022-02-21 10:26:00,1155,1155,1155,1155,13500
2022-02-21 10:27:00,1155,1155,1155,1155,7200
2022-02-21 10:28:00,1155,1155,1155,1155,13500
2022-02-21 10:29:00,1155,1155,1155,1155,33500
2022-02-21 10:30:00,1155,1155,1160,1160,27600
2022-02-21 10:31:00,1165,1165,1175,1175,261900
2022-02-21 10:32:00,1175,1165,1175,1170,91400
2022-02-21 10:33:00,1170,1160,1170,1160,44500
2022-02-21 10:34:00,1160,1155,1160,1155,132200
2022-02-21 10:35:00,1155,1155,1155,1155,6000
2022-02-21 10:36:00,1155,1155,1155,1155,15000
2022-02-21 10:37:00,1155,1155,1155,1155,11200
2022-02-21 10:38:00,1155,1155,1155,1155,700
2022-02-21 10:39:00,1155,1155,1155,1155,8600
2022-02-21 10:40:00,1155,1155,1155,1155,2100
2022-02-21 10:41:00,1155,1155,1155,1155,1000
2022-02-21 10:42:00,1155,1155,1155,1155,600
2022-02-21 10:43:00,1155,1155,1155,1155,200
2022-02-21 10:44:00,1155,1155,1155,1155,7300
2022-02-21 10:45:00,1155,1155,1155,1155,0
2022-02-21 10:46:00,1155,1155,1155,1155,1200
2022-02-21 10:47:00,1155,1155,1155,1155,21000
2022-02-21 10:48:00,1155,1155,1155,1155,0
2022-02-21 10:49:00,1155,1155,1155,1155,100
2022-02-21 10:50:00,1155,1155,1155,1155,0
2022-02-21 10:51:00,1155,1155,1155,1155,300
2022-02-21 10:52:00,1155,1155,1155,1155,1000
2022-02-21 10:53:00,1155,1155,1155,1155,200
2022-02-21 10:54:00,1155,1155,1155,1155,2400
2022-02-21 10:55:00,1155,1155,1155,1155,5300
2022-02-21 10:56:00,1155,1155,1155,1155,300
2022-02-21 10:57:00,1155,1155,1155,1155,0
2022-02-21 10:58:00,1155,1155,1155,1155,0
2022-02-21 10:59:00,1155,1155,1155,1155,16300
2022-02-21 11:00:00,1155,1155,1155,1155,300
2022-02-21 11:01:00,1155,1155,1155,1155,1400
2022-02-21 11:02:00,1155,1155,1155,1155,0
2022-02-21 11:03:00,1155,1155,1155,1155,1300
2022-02-21 11:04:00,1155,1155,1155,1155,50000
2022-02-21 11:05:00,1155,1155,1155,1155,0
2022-02-21 11:06:00,1155,1155,1155,1155,7100
2022-02-21 11:07:00,1155,1155,1155,1155,800
2022-02-21 11:08:00,1155,1155,1155,1155,70000
2022-02-21 11:09:00,1155,1155,1155,1155,500
2022-02-21 11:10:00,1155,1155,1155,1155,0
2022-02-21 11:11:00,1155,1155,1155,1155,0
2022-02-21 11:12:00,1155,1155,1155,1155,0
2022-02-21 11:13:00,1155,1155,1155,1155,5100
2022-02-21 11:14:00,1155,1155,1155,1155,1100
2022-02-21 11:15:00,1155,1155,1155,1155,1000
2022-02-21 11:16:00,1155,1155,1155,1155,0
2022-02-21 11:17:00,1155,1155,1155,1155,3100
2022-02-21 11:18:00,1155,1155,1155,1155,0
2022-02-21 11:19:00,1155,1155,1155,1155,300
2022-02-21 11:20:00,1155,1155,1155,1155,0
2022-02-21 11:21:00,1155,1155,1155,1155,5700
2022-02-21 11:22:00,1155,1155,1155,1155,0
2022-02-21 11:23:00,1155,1155,1155,1155,2000
2022-02-21 11:24:00,1155,1155,1155,1155,14000
2022-02-21 11:25:00,1155,1155,1155,1155,200
2022-02-21 11:26:00,1155,1155,1155,1155,500
2022-02-21 11:27:00,1155,1155,1155,1155,300
2022-02-21 11:28:00,1155,1155,1155,1155,0
2022-02-21 11:29:00,1155,1155,1155,1155,500
2022-02-21 11:30:00,1155,1155,1155,1155,0
2022-02-21 11:31:00,1155,1155,1155,1155,0
2022-02-21 11:32:00,1155,1155,1155,1155,0
2022-02-21 11:33:00,1155,1155,1155,1155,0
2022-02-21 11:34:00,1155,1155,1155,1155,0
2022-02-21 11:35:00,1155,1155,1155,1155,0
2022-02-21 11:36:00,1155,1155,1155,1155,0
2022-02-21 11:37:00,1155,1155,1155,1155,0
2022-02-21 11:38:00,1155,1155,1155,1155,0
2022-02-21 11:39:00,1155,1155,1155,1155,0
2022-02-21 11:40:00,1155,1155,1155,1155,0
2022-02-21 11:41:00,1155,1155,1155,1155,0
2022-02-21 11:42:00,1155,1155,1155,1155,0
2022-02-21 11:43:00,1155,1155,1155,1155,0
2022-02-21 11:44:00,1155,1155,1155,1155,0
2022-02-21 11:45:00,1155,1155,1155,1155,0
2022-02-21 11:46:00,1155,1155,1155,1155,0
2022-02-21 11:47:00,1155,1155,1155,1155,0
2022-02-21 11:48:00,1155,1155,1155,1155,0
2022-02-21 11:49:00,1155,1155,1155,1155,0
2022-02-21 11:50:00,1155,1155,1155,1155,0
2022-02-21 11:51:00,1155,1155,1155,1155,0
2022-02-21 11:52:00,1155,1155,1155,1155,0
2022-02-21 11:53:00,1155,1155,1155,1155,0
2022-02-21 11:54:00,1155,1155,1155,1155,0
2022-02-21 11:55:00,1155,1155,1155,1155,0
2022-02-21 11:56:00,1155,1155,1155,1155,0
2022-02-21 11:57:00,1155,1155,1155,1155,0
2022-02-21 11:58:00,1155,1155,1155,1155,0
2022-02-21 11:59:00,1155,1155,1155,1155,0
2022-02-21 12:00:00,1155,1155,1155,1155,0
2022-02-21 12:01:00,1155,1155,1155,1155,0
2022-02-21 12:02:00,1155,1155,1155,1155,0
2022-02-21 12:03:00,1155,1155,1155,1155,0
2022-02-21 12:04:00,1155,1155,1155,1155,0
2022-02-21 12:05:00,1155,1155,1155,1155,0
2022-02-21 12:06:00,1155,1155,1155,1155,0
2022-02-21 12:07:00,1155,1155,1155,1155,0
2022-02-21 12:08:00,1155,1155,1155,1155,0
2022-02-21 12:09:00,1155,1155,1155,1155,0
2022-02-21 12:10:00,1155,1155,1155,1155,0
2022-02-21 12:11:00,1155,1155,1155,1155,0
2022-02-21 12:12:00,1155,1155,1155,1155,0
2022-02-21 12:13:00,1155,1155,1155,1155,0
2022-02-21 12:14:00,1155,1155,1155,1155,0
2022-02-21 12:15:00,1155,1155,1155,1155,0
2022-02-21 12:16:00,1155,1155,1155,1155,0
2022-02-21 12:17:00,1155,1155,1155,1155,0
2022-02-21 12:18:00,1155,1155,1155,1155,0
2022-02-21 12:19:00,1155,1155,1155,1155,0
2022-02-21 12:20:00,1155,1155,1155,1155,0
2022-02-21 12:21:00,1155,1155,1155,1155,0
2022-02-21 12:22:00,1155,1155,1155,1155,0
2022-02-21 12:23:00,1155,1155,1155,1155,0
2022-02-21 12:24:00,1155,1155,1155,1155,0
2022-02-21 12:25:00,1155,1155,1155,1155,0
2022-02-21 12:26:00,1155,1155,1155,1155,0
2022-02-21 12:27:00,1155,1155,1155,1155,0
2022-02-21 12:28:00,1155,1155,1155,1155,0
2022-02-21 12:29:00,1155,1155,1155,1155,0
2022-02-21 12:30:00,1155,1155,1155,1155,0
2022-02-21 12:31:00,1155,1155,1155,1155,0
2022-02-21 12:32:00,1155,1155,1155,1155,0
2022-02-21 12:33:00,1155,1155,1155,1155,0
2022-02-21 12:34:00,1155,1155,1155,1155,0
2022-02-21 12:35:00,1155,1155,1155,1155,0
2022-02-21 12:36:00,1155,1155,1155,1155,0
2022-02-21 12:37:00,1155,1155,1155,1155,0
2022-02-21 12:38:00,1155,1155,1155,1155,0
2022-02-21 12:39:00,1155,1155,1155,1155,0
2022-02-21 12:40:00,1155,1155,1155,1155,0
2022-02-21 12:41:00,1155,1155,1155,1155,0
2022-02-21 12:42:00,1155,1155,1155,1155,0
2022-02-21 12:43:00,1155,1155,1155,1155,0
2022-02-21 12:44:00,1155,1155,1155,1155,0
2022-02-21 12:45:00,1155,1155,1155,1155,0
2022-02-21 12:46:00,1155,1155,1155,1155,0
2022-02-21 12:47:00,1155,1155,1155,1155,0
2022-02-21 12:48:00,1155,1155,1155,1155,0
2022-02-21 12:49:00,1155,1155,1155,1155,0
2022-02-21 12:50:00,1155,1155,1155,1155,0
2022-02-21 12:51:00,1155,1155,1155,1155,0
2022-02-21 12:52:00,1155,1155,1155,1155,0
2022-02-21 12:53:00,1155,1155,1155,1155,0
2022-02-21 12:54:00,1155,1155,1155,1155,0
2022-02-21 12:55:00,1155,1155,1155,1155,0
2022-02-21 12:56:00,1155,1155,1155,1155,0
2022-02-21 12:57:00,1155,1155,1155,1155,0
2022-02-21 12:58:00,1155,1155,1155,1155,0
2022-02-21 12:59:00,1155,1155,1155,1155,0
2022-02-21 13:00:00,1155,1155,1155,1155,0
2022-02-21 13:01:00,1155,1155,1155,1155,0
2022-02-21 13:02:00,1155,1155,1155,1155,0
2022-02-21 13:03:00,1155,1155,1155,1155,0
2022-02-21 13:04:00,1155,1155,1155,1155,0
2022-02-21 13:05:00,1155,1155,1155,1155,0
2022-02-21 13:06:00,1155,1155,1155,1155,0
2022-02-21 13:07:00,1155,1155,1155,1155,0
2022-02-21 13:08:00,1155,1155,1155,1155,0
2022-02-21 13:09:00,1155,1155,1155,1155,0
2022-02-21 13:10:00,1155,1155,1155,1155,0
2022-02-21 13:11:00,1155,1155,1155,1155,0
2022-02-21 13:12:00,1155,1155,1155,1155,0
2022-02-21 13:13:00,1155,1155,1155,1155,0
2022-02-21 13:14:00,1155,1155,1155,1155,0
2022-02-21 13:15:00,1155,1155,1155,1155,0
2022-02-21 13:16:00,1155,1155,1155,1155,0
2022-02-21 13:17:00,1155,1155,1155,1155,0
2022-02-21 13:18:00,1155,1155,1155,1155,0
2022-02-21 13:19:00,1155,1155,1155,1155,0
2022-02-21 13:20:00,1155,1155,1155,1155,0
2022-02-21 13:21:00,1155,1155,1155,1155,0
2022-02-21 13:22:00,1155,1155,1155,1155,0
2022-02-21 13:23:00,1155,1155,1155,1155,0
2022-02-21 13:24:00,1155,1155,1155,1155,0
2022-02-21 13:25:00,1155,1155,1155,1155,0
2022-02-21 13:26:00,1155,1155,1155,1155,0
2022-02-21 13:27:00,1155,1155,1155,1155,0
2022-02-21 13:28:00,1155,1155,1155,1155,0
2022-02-21 13:29:00,1155,1155,1155,1155,0
2022-02-21 13:30:00,1155,1155,1155,1155,24100
2022-02-21 13:31:00,1155,1155,1155,1155,200000
2022-02-21 13:32:00,1155,1155,1155,1155,0
2022-02-21 13:33:00,1155,1155,1155,1155,100
2022-02-21 13:34:00,1155,1155,1155,1155,81500
2022-02-21 13:35:00,1155,1155,1155,1155,1000
2022-02-21 13:36:00,1155,1155,1155,1155,0
2022-02-21 13:37:00,1155,1155,1155,1155,200
2022-02-21 13:38:00,1155,1155,1155,1155,0
2022-02-21 13:39:00,1155,1155,1155,1155,0
2022-02-21 13:40:00,1155,1155,1155,1155,440200
2022-02-21 13:41:00,1155,1155,1155,1155,282900
2022-02-21 13:42:00,1155,1155,1155,1155,100
2022-02-21 13:43:00,1155,1155,1155,1155,4000
2022-02-21 13:44:00,1155,1155,1155,1155,7100
2022-02-21 13:45:00,1155,1155,1155,1155,6800
2022-02-21 13:46:00,1155,1155,1155,1155,0
2022-02-21 13:47:00,1155,1155,1155,1155,0
2022-02-21 13:48:00,1155,1155,1155,1155,100
2022-02-21 13:49:00,1155,1155,1155,1155,5100
2022-02-21 13:50:00,1155,1155,1155,1155,0
2022-02-21 13:51:00,1155,1155,1155,1155,500
2022-02-21 13:52:00,1155,1155,1155,1155,600
2022-02-21 13:53:00,1155,1155,1155,1155,16200
2022-02-21 13:54:00,1155,1155,1155,1155,4200
2022-02-21 13:55:00,1155,1155,1155,1155,0
2022-02-21 13:56:00,1155,1155,1155,1155,25100
2022-02-21 13:57:00,1155,1155,1155,1155,200
2022-02-21 13:58:00,1155,1155,1155,1155,1500
2022-02-21 13:59:00,1155,1155,1155,1155,300
2022-02-21 14:00:00,1155,1155,1155,1155,20000
2022-02-21 14:01:00,1155,1155,1155,1155,0
2022-02-21 14:02:00,1155,1155,1155,1155,52500
2022-02-21 14:03:00,1155,1155,1155,1155,500
2022-02-21 14:04:00,1155,1155,1155,1155,1000
2022-02-21 14:05:00,1155,1155,1155,1155,600000
2022-02-21 14:06:00,1155,1155,1155,1155,110700
2022-02-21 14:07:00,1155,1155,1155,1155,10200
2022-02-21 14:08:00,1155,1155,1155,1155,219400
2022-02-21 14:09:00,1155,1155,1155,1155,18800
2022-02-21 14:10:00,1155,1155,1155,1155,300
2022-02-21 14:11:00,1155,1155,1155,1155,0
2022-02-21 14:12:00,1155,1155,1155,1155,6500
2022-02-21 14:13:00,1155,1155,1155,1155,5000
2022-02-21 14:14:00,1155,1155,1155,1155,1000
2022-02-21 14:15:00,1155,1155,1155,1155,5000
2022-02-21 14:16:00,1155,1155,1155,1155,104800
2022-02-21 14:17:00,1155,1155,1155,1155,10400
2022-02-21 14:18:00,1155,1155,1155,1155,4000
2022-02-21 14:19:00,1155,1155,1155,1155,800
2022-02-21 14:20:00,1155,1155,1155,1155,27200
2022-02-21 14:21:00,1155,1155,1155,1155,23700
2022-02-21 14:22:00,1155,1155,1155,1155,1200
2022-02-21 14:23:00,1155,1155,1155,1155,0
2022-02-21 14:24:00,1155,1155,1155,1155,2400
2022-02-21 14:25:00,1155,1155,1155,1155,0
2022-02-21 14:26:00,1155,1155,1155,1155,12900
2022-02-21 14:27:00,1155,1155,1155,1155,100
2022-02-21 14:28:00,1155,1155,1155,1155,1500
2022-02-21 14:29:00,1155,1155,1155,1155,100
2022-02-21 14:30:00,1155,1155,1155,1155,0
2022-02-21 14:31:00,1155,1155,1155,1155,0
2022-02-21 14:32:00,1155,1155,1155,1155,200
2022-02-21 14:33:00,1155,1155,1155,1155,100
2022-02-21 14:34:00,1155,1155,1155,1155,18100
2022-02-21 14:35:00,1155,1155,1155,1155,1100
2022-02-21 14:36:00,1155,1155,1155,1155,0
2022-02-21 14:37:00,1155,1155,1155,1155,1000
2022-02-21 14:38:00,1155,1155,1155,1155,2800
2022-02-21 14:39:00,1155,1155,1155,1155,100
2022-02-21 14:40:00,1155,1155,1155,1155,0
2022-02-21 14:41:00,1155,1155,1155,1155,400
2022-02-21 14:42:00,1155,1155,1155,1155,200
2022-02-21 14:43:00,1155,1155,1155,1155,1000
2022-02-21 14:44:00,1155,1155,1155,1155,500
2022-02-21 14:45:00,1155,1155,1155,1155,500
2022-02-21 14:46:00,1155,1155,1155,1155,100
2022-02-21 14:47:00,1155,1155,1155,1155,5100
2022-02-21 14:48:00,1155,1155,1155,1155,8600
2022-02-21 14:49:00,1155,1155,1155,1155,0
2022-02-21 14:50:00,1155,1155,1155,1155,0
2022-02-21 14:51:00,1155,1155,1155,1155,0
2022-02-21 14:52:00,1155,1155,1155,1155,0
2022-02-21 14:53:00,1155,1155,1155,1155,0
2022-02-21 14:54:00,1155,1155,1155,1155,0
2022-02-21 14:55:00,1155,1155,1155,1155,0
2022-02-21 14:56:00,1155,1155,1155,1155,0
2022-02-21 14:57:00,1155,1155,1155,1155,0
2022-02-21 14:58:00,1155,1155,1155,1155,0
2022-02-21 14:59:00,1155,1155,1155,1155,0
2022-02-21 15:00:00,1155,1155,1155,1155,44400
2022-02-21 15:01:00,1155,1155,1155,1155,200
2022-02-21 15:02:00,1155,1155,1155,1155,0
2022-02-21 15:03:00,1155,1155,1155,1155,0
2022-02-21 15:04:00,1155,1155,1155,1155,3000
2022-02-21 15:05:00,1155,1155,1155,1155,0
2022-02-21 15:06:00,1155,1155,1155,1155,0
2022-02-21 15:07:00,1155,1155,1155,1155,0
2022-02-21 15:08:00,1155,1155,1155,1155,0
2022-02-21 15:09:00,1155,1155,1155,1155,0
2022-02-21 15:10:00,1155,1155,1155,1155,200
2022-02-21 15:11:00,1155,1155,1155,1155,0
2022-02-21 15:12:00,1155,1155,1155,1155,0
2022-02-21 15:13:00,1155,1155,1155,1155,0
2022-02-21 15:14:00,1155,1155,1155,1155,0
2022-02-21 15:15:00,1155,1155,1155,1155,0
2022-02-21 15:16:00,1155,1155,1155,1155,0
2022-02-21 15:17:00,1155,1155,1155,1155,0
2022-02-21 15:18:00,1155,1155,1155,1155,0
2022-02-21 15:19:00,1155,1155,1155,1155,0
2022-02-21 15:20:00,1155,1155,1155,1155,0
2022-02-21 15:21:00,1155,1155,1155,1155,0
2022-02-21 15:22:00,1155,1155,1155,1155,0
2022-02-21 15:23:00,1155,1155,1155,1155,0
2022-02-21 15:24:00,1155,1155,1155,1155,0
2022-02-21 15:25:00,1155,1155,1155,1155,0
2022-02-21 15:26:00,1155,1155,1155,1155,0
2022-02-21 15:27:00,1155,1155,1155,1155,0
2022-02-21 15:28:00,1155,1155,1155,1155,0
2022-02-21 15:29:00,1155,1155,1155,1155,0
2022-02-21 15:30:00,1155,1155,1155,1155,0
2022-02-21 15:31:00,1155,1155,1155,1155,0
2022-02-21 15:32:00,1155,1155,1155,1155,0
2022-02-21 15:33:00,1155,1155,1155,1155,0
2022-02-21 15:34:00,1155,1155,1155,1155,0
2022-02-21 15:35:00,1155,1155,1155,1155,0
2022-02-21 15:36:00,1155,1155,1155,1155,0
2022-02-21 15:37:00,1155,1155,1155,1155,0
2022-02-21 15:38:00,1155,1155,1155,1155,0
2022-02-21 15:39:00,1155,1155,1155,1155,0
2022-02-21 15:40:00,1155,1155,1155,1155,0
2022-02-21 15:41:00,1155,1155,1155,1155,0
2022-02-21 15:42:00,1155,1155,1155,1155,0
2022-02-21 15:43:00,1155,1155,1155,1155,0
2022-02-21 15:44:00,1155,1155,1155,1155,0
2022-02-21 15:45:00,1155,1155,1155,1155,0
2022-02-21 15:46:00,1155,1155,1155,1155,0
2022-02-21 15:47:00,1155,1155,1155,1155,0
2022-02-21 15:48:00,1155,1155,1155,1155,0
2022-02-21 15:49:00,1155,1155,1155,1155,0
2022-02-21 15:50:00,1155,1155,1155,1155,0
2022-02-21 15:51:00,1155,1155,1155,1155,0
2022-02-21 15:52:00,1155,1155,1155,1155,0
2022-02-21 15:53:00,1155,1155,1155,1155,0
2022-02-21 15:54:00,1155,1155,1155,1155,0
2022-02-21 15:55:00,1155,1155,1155,1155,0
2022-02-21 15:56:00,1155,1155,1155,1155,0
2022-02-21 15:57:00,1155,1155,1155,1155,0
2022-02-21 15:58:00,1155,1155,1155,1155,0
2022-02-21 15:59:00,1155,1155,1155,1155,0
2022-02-22 09:00:00,1125,1100,1130,1105,0
2022-02-22 09:01:00,1100,1090,1105,1095,214600
2022-02-22 09:02:00,1100,1095,1110,1100,171600
2022-02-22 09:03:00,1105,1100,1110,1105,49800
2022-02-22 09:04:00,1105,1090,1105,1100,190100
2022-02-22 09:05:00,1095,1095,1100,1095,48700
2022-02-22 09:06:00,1095,1095,1105,1105,78200
2022-02-22 09:07:00,1105,1105,1110,1110,77600
2022-02-22 09:08:00,1110,1100,1110,1100,74800
2022-02-22 09:09:00,1100,1100,1105,1100,31700
2022-02-22 09:10:00,1100,1095,1105,1100,567300
2022-02-22 09:11:00,1105,1105,1115,1115,226100
2022-02-22 09:12:00,1115,1115,1120,1120,306900
2022-02-22 09:13:00,1125,1120,1125,1125,108800
2022-02-22 09:14:00,1125,1125,1125,1125,133300
2022-02-22 09:15:00,1125,1125,1135,1125,295100
2022-02-22 09:16:00,1125,1125,1135,1125,56200
2022-02-22 09:17:00,1120,1120,1135,1120,545000
2022-02-22 09:18:00,1125,1125,1140,1135,265200
2022-02-22 09:19:00,1130,1125,1130,1125,20000
2022-02-22 09:20:00,1120,1120,1120,1120,22000
2022-02-22 09:21:00,1120,1120,1120,1120,700
2022-02-22 09:22:00,1120,1120,1120,1120,4300
2022-02-22 09:23:00,1120,1115,1120,1120,9500
2022-02-22 09:24:00,1120,1100,1120,1100,200800
2022-02-22 09:25:00,1100,1095,1105,1100,9700
2022-02-22 09:26:00,1105,1100,1110,1105,29800
2022-02-22 09:27:00,1105,1105,1110,1110,20700
2022-02-22 09:28:00,1105,1100,1105,1100,43400
2022-02-22 09:29:00,1095,1095,1105,1105,131900
2022-02-22 09:30:00,1105,1095,1105,1100,67700
2022-02-22 09:31:00,1100,1100,1100,1100,2100
2022-02-22 09:32:00,1100,1095,1100,1095,44100
2022-02-22 09:33:00,1100,1095,1100,1100,29700
2022-02-22 09:34:00,1100,1100,1100,1100,7000
2022-02-22 09:35:00,1100,1095,1100,1100,78900
2022-02-22 09:36:00,1105,1100,1105,1105,51100
2022-02-22 09:37:00,1105,1100,1105,1100,15400
2022-02-22 09:38:00,1100,1100,1100,1100,11500
2022-02-22 09:39:00,1100,1100,1100,1100,9600
2022-02-22 09:40:00,1100,1100,1100,1100,8100
2022-02-22 09:41:00,1100,1100,1100,1100,7100
2022-02-22 09:42:00,1100,1100,1100,1100,3000
2022-02-22 09:43:00,1100,1100,1100,1100,1800
2022-02-22 09:44:00,1100,1100,1100,1100,2000
2022-02-22 09:45:00,1100,1100,1100,1100,2600
2022-02-22 09:46:00,1100,1100,1100,1100,1000
2022-02-22 09:47:00,1100,1100,1100,1100,12300
2022-02-22 09:48:00,1100,1100,1100,1100,7600
2022-02-22 09:49:00,1100,1100,1100,1100,32500
2022-02-22 09:50:00,1095,1095,1100,1100,13200
2022-02-22 09:51:00,1100,1095,1100,1095,700
2022-02-22 09:52:00,1095,1095,1095,1095,17100
2022-02-22 09:53:00,1095,1095,1095,1095,900
2022-02-22 09:54:00,1095,1095,1100,1095,30600
2022-02-22 09:55:00,1095,1095,1100,1100,42500
2022-02-22 09:56:00,1100,1100,1100,1100,900
2022-02-22 09:57:00,1100,1100,1100,1100,1500
2022-02-22 09:58:00,1100,1100,1100,1100,8000
2022-02-22 09:59:00,1100,1100,1100,1100,0
2022-02-22 10:00:00,1100,1100,1100,1100,0
2022-02-22 10:01:00,1100,1100,1100,1100,10400
2022-02-22 10:02:00,1100,1100,1100,1100,20200
2022-02-22 10:03:00,1095,1095,1095,1095,3500
2022-02-22 10:04:00,1095,1095,1095,1095,19500
2022-02-22 10:05:00,1095,1095,1100,1095,13400
2022-02-22 10:06:00,1095,1095,1095,1095,100
2022-02-22 10:07:00,1100,1100,1100,1100,5000
2022-02-22 10:08:00,1100,1100,1100,1100,1100
2022-02-22 10:09:00,1100,1100,1100,1100,0
2022-02-22 10:10:00,1100,1095,1100,1095,26700
2022-02-22 10:11:00,1100,1095,1100,1100,9300
2022-02-22 10:12:00,1100,1095,1100,1095,21600
2022-02-22 10:13:00,1095,1095,1100,1100,28500
2022-02-22 10:14:00,1100,1100,1100,1100,500
2022-02-22 10:15:00,1095,1095,1100,1100,5500
2022-02-22 10:16:00,1100,1100,1100,1100,3100
2022-02-22 10:17:00,1100,1095,1100,1095,2800
2022-02-22 10:18:00,1095,1095,1095,1095,4600
2022-02-22 10:19:00,1095,1095,1100,1100,1500
2022-02-22 10:20:00,1095,1095,1100,1100,0
2022-02-22 10:21:00,1100,1100,1100,1100,2100
2022-02-22 10:22:00,1095,1095,1095,1095,24000
2022-02-22 10:23:00,1095,1095,1095,1095,500
2022-02-22 10:24:00,1095,1095,1095,1095,100
2022-02-22 10:25:00,1095,1095,1095,1095,0
2022-02-22 10:26:00,1095,1095,1095,1095,10100
2022-02-22 10:27:00,1095,1095,1095,1095,1000
2022-02-22 10:28:00,1100,1100,1100,1100,100
2022-02-22 10:29:00,1100,1100,1100,1100,0
2022-02-22 10:30:00,1095,1090,1095,1090,116800
2022-02-22 10:31:00,1090,1090,1090,1090,106200
2022-02-22 10:32:00,1090,1085,1090,1085,97200
2022-02-22 10:33:00,1085,1080,1085,1080,139100
2022-02-22 10:34:00,1080,1075,1080,1075,265400
2022-02-22 10:35:00,1075,1075,1080,1075,141500
2022-02-22 10:36:00,1075,1075,1080,1075,29000
2022-02-22 10:37:00,1075,1075,1085,1080,921500
2022-02-22 10:38:00,1080,1080,1095,1095,257600
2022-02-22 10:39:00,1095,1095,1110,1100,178000
2022-02-22 10:40:00,1100,1100,1110,1110,115100
2022-02-22 10:41:00,1115,1110,1120,1110,7218200
2022-02-22 10:42:00,1110,1110,1110,1110,2300
2022-02-22 10:43:00,1105,1100,1105,1105,32500
2022-02-22 10:44:00,1105,1100,1105,1105,0
2022-02-22 10:45:00,1100,1100,1105,1105,1600
2022-02-22 10:46:00,1105,1105,1105,1105,400
2022-02-22 10:47:00,1100,1100,1100,1100,12000
2022-02-22 10:48:00,1100,1100,1100,1100,1500
2022-02-22 10:49:00,1100,1100,1100,1100,2700
2022-02-22 10:50:00,1095,1095,1100,1100,10100
2022-02-22 10:51:00,1105,1100,1105,1100,5500
2022-02-22 10:52:00,1100,1095,1100,1095,6600
2022-02-22 10:53:00,1095,1095,1095,1095,100
2022-02-22 10:54:00,1095,1090,1095,1090,73000
2022-02-22 10:55:00,1095,1095,1095,1095,100
2022-02-22 10:56:00,1095,1095,1100,1100,1000
2022-02-22 10:57:00,1090,1085,1090,1085,60000
2022-02-22 10:58:00,1095,1095,1095,1095,800
2022-02-22 10:59:00,1095,1095,1095,1095,200
2022-02-22 11:00:00,1090,1090,1090,1090,4200
2022-02-22 11:01:00,1090,1090,1090,1090,0
2022-02-22 11:02:00,1100,1100,1100,1100,1000
2022-02-22 11:03:00,1100,1095,1100,1095,5700
2022-02-22 11:04:00,1100,1095,1100,1095,4500
2022-02-22 11:05:00,1100,1095,1100,1095,0
2022-02-22 11:06:00,1100,1095,1100,1095,0
2022-02-22 11:07:00,1095,1095,1095,1095,1700
2022-02-22 11:08:00,1095,1095,1095,1095,1000
2022-02-22 11:09:00,1095,1090,1095,1090,5100
2022-02-22 11:10:00,1090,1090,1090,1090,100
2022-02-22 11:11:00,1090,1090,1090,1090,1000
2022-02-22 11:12:00,1090,1090,1090,1090,0
2022-02-22 11:13:00,1085,1080,1090,1090,82000
2022-02-22 11:14:00,1090,1090,1090,1090,700
2022-02-22 11:15:00,1085,1085,1085,1085,3000
2022-02-22 11:16:00,1090,1090,1095,1095,18800
2022-02-22 11:17:00,1095,1095,1095,1095,1900
2022-02-22 11:18:00,1085,1085,1085,1085,300
2022-02-22 11:19:00,1085,1085,1095,1085,22500
2022-02-22 11:20:00,1095,1095,1095,1095,200
2022-02-22 11:21:00,1085,1085,1085,1085,19300
2022-02-22 11:22:00,1085,1085,1085,1085,0
2022-02-22 11:23:00,1085,1085,1085,1085,0
2022-02-22 11:24:00,1085,1085,1090,1085,27300
2022-02-22 11:25:00,1085,1085,1090,1085,0
2022-02-22 11:26:00,1085,1080,1085,1080,4000
2022-02-22 11:27:00,1080,1080,1080,1080,1800
2022-02-22 11:28:00,1080,1080,1080,1080,10800
2022-02-22 11:29:00,1080,1080,1085,1085,15400
2022-02-22 11:30:00,1080,1080,1085,1085,0
2022-02-22 11:31:00,1080,1080,1085,1085,0
2022-02-22 11:32:00,1080,1080,1085,1085,0
2022-02-22 11:33:00,1080,1080,1085,1085,0
2022-02-22 11:34:00,1080,1080,1085,1085,0
2022-02-22 11:35:00,1080,1080,1085,1085,0
2022-02-22 11:36:00,1080,1080,1085,1085,0
2022-02-22 11:37:00,1080,1080,1085,1085,0
2022-02-22 11:38:00,1080,1080,1085,1085,0
2022-02-22 11:39:00,1080,1080,1085,1085,0
2022-02-22 11:40:00,1080,1080,1085,1085,0
2022-02-22 11:41:00,1080,1080,1085,1085,0
2022-02-22 11:42:00,1080,1080,1085,1085,0
2022-02-22 11:43:00,1080,1080,1085,1085,0
2022-02-22 11:44:00,1080,1080,1085,1085,0
2022-02-22 11:45:00,1080,1080,1085,1085,0
2022-02-22 11:46:00,1080,1080,1085,1085,0
2022-02-22 11:47:00,1080,1080,1085,1085,0
2022-02-22 11:48:00,1080,1080,1085,1085,0
2022-02-22 11:49:00,1080,1080,1085,1085,0
2022-02-22 11:50:00,1080,1080,1085,1085,0
2022-02-22 11:51:00,1080,1080,1085,1085,0
2022-02-22 11:52:00,1080,1080,1085,1085,0
2022-02-22 11:53:00,1080,1080,1085,1085,0
2022-02-22 11:54:00,1080,1080,1085,1085,0
2022-02-22 11:55:00,1080,1080,1085,1085,0
2022-02-22 11:56:00,1080,1080,1085,1085,0
2022-02-22 11:57:00,1080,1080,1085,1085,0
2022-02-22 11:58:00,1080,1080,1085,1085,0
2022-02-22 11:59:00,1080,1080,1085,1085,0
2022-02-22 12:00:00,1080,1080,1085,1085,0
2022-02-22 12:01:00,1080,1080,1085,1085,0
2022-02-22 12:02:00,1080,1080,1085,1085,0
2022-02-22 12:03:00,1080,1080,1085,1085,0
2022-02-22 12:04:00,1080,1080,1085,1085,0
2022-02-22 12:05:00,1080,1080,1085,1085,0
2022-02-22 12:06:00,1080,1080,1085,1085,0
2022-02-22 12:07:00,1080,1080,1085,1085,0
2022-02-22 12:08:00,1080,1080,1085,1085,0
2022-02-22 12:09:00,1080,1080,1085,1085,0
2022-02-22 12:10:00,1080,1080,1085,1085,0
2022-02-22 12:11:00,1080,1080,1085,1085,0
2022-02-22 12:12:00,1080,1080,1085,1085,0
2022-02-22 12:13:00,1080,1080,1085,1085,0
2022-02-22 12:14:00,1080,1080,1085,1085,0
2022-02-22 12:15:00,1080,1080,1085,1085,0
2022-02-22 12:16:00,1080,1080,1085,1085,0
2022-02-22 12:17:00,1080,1080,1085,1085,0
2022-02-22 12:18:00,1080,1080,1085,1085,0
2022-02-22 12:19:00,1080,1080,1085,1085,0
2022-02-22 12:20:00,1080,1080,1085,1085,0
2022-02-22 12:21:00,1080,1080,1085,1085,0
2022-02-22 12:22:00,1080,1080,1085,1085,0
2022-02-22 12:23:00,1080,1080,1085,1085,0
2022-02-22 12:24:00,1080,1080,1085,1085,0
2022-02-22 12:25:00,1080,1080,1085,1085,0
2022-02-22 12:26:00,1080,1080,1085,1085,0
2022-02-22 12:27:00,1080,1080,1085,1085,0
2022-02-22 12:28:00,1080,1080,1085,1085,0
2022-02-22 12:29:00,1080,1080,1085,1085,0
2022-02-22 12:30:00,1080,1080,1085,1085,0
2022-02-22 12:31:00,1080,1080,1085,1085,0
2022-02-22 12:32:00,1080,1080,1085,1085,0
2022-02-22 12:33:00,1080,1080,1085,1085,0
2022-02-22 12:34:00,1080,1080,1085,1085,0
2022-02-22 12:35:00,1080,1080,1085,1085,0
2022-02-22 12:36:00,1080,1080,1085,1085,0
2022-02-22 12:37:00,1080,1080,1085,1085,0
2022-02-22 12:38:00,1080,1080,1085,1085,0
2022-02-22 12:39:00,1080,1080,1085,1085,0
2022-02-22 12:40:00,1080,1080,1085,1085,0
2022-02-22 12:41:00,1080,1080,1085,1085,0
2022-02-22 12:42:00,1080,1080,1085,1085,0
2022-02-22 12:43:00,1080,1080,1085,1085,0
2022-02-22 12:44:00,1080,1080,1085,1085,0
2022-02-22 12:45:00,1080,1080,1085,1085,0
2022-02-22 12:46:00,1080,1080,1085,1085,0
2022-02-22 12:47:00,1080,1080,1085,1085,0
2022-02-22 12:48:00,1080,1080,1085,1085,0
2022-02-22 12:49:00,1080,1080,1085,1085,0
2022-02-22 12:50:00,1080,1080,1085,1085,0
2022-02-22 12:51:00,1080,1080,1085,1085,0
2022-02-22 12:52:00,1080,1080,1085,1085,0
2022-02-22 12:53:00,1080,1080,1085,1085,0
2022-02-22 12:54:00,1080,1080,1085,1085,0
2022-02-22 12:55:00,1080,1080,1085,1085,0
2022-02-22 12:56:00,1080,1080,1085,1085,0
2022-02-22 12:57:00,1080,1080,1085,1085,0
2022-02-22 12:58:00,1080,1080,1085,1085,0
2022-02-22 12:59:00,1080,1080,1085,1085,0
2022-02-22 13:00:00,1080,1080,1085,1085,0
2022-02-22 13:01:00,1080,1080,1085,1085,0
2022-02-22 13:02:00,1080,1080,1085,1085,0
2022-02-22 13:03:00,1080,1080,1085,1085,0
2022-02-22 13:04:00,1080,1080,1085,1085,0
2022-02-22 13:05:00,1080,1080,1085,1085,0
2022-02-22 13:06:00,1080,1080,1085,1085,0
2022-02-22 13:07:00,1080,1080,1085,1085,0
2022-02-22 13:08:00,1080,1080,1085,1085,0
2022-02-22 13:09:00,1080,1080,1085,1085,0
2022-02-22 13:10:00,1080,1080,1085,1085,0
2022-02-22 13:11:00,1080,1080,1085,1085,0
2022-02-22 13:12:00,1080,1080,1085,1085,0
2022-02-22 13:13:00,1080,1080,1085,1085,0
2022-02-22 13:14:00,1080,1080,1085,1085,0
2022-02-22 13:15:00,1080,1080,1085,1085,0
2022-02-22 13:16:00,1080,1080,1085,1085,0
2022-02-22 13:17:00,1080,1080,1085,1085,0
2022-02-22 13:18:00,1080,1080,1085,1085,0
2022-02-22 13:19:00,1080,1080,1085,1085,0
2022-02-22 13:20:00,1080,1080,1085,1085,0
2022-02-22 13:21:00,1080,1080,1085,1085,0
2022-02-22 13:22:00,1080,1080,1085,1085,0
2022-02-22 13:23:00,1080,1080,1085,1085,0
2022-02-22 13:24:00,1080,1080,1085,1085,0
2022-02-22 13:25:00,1080,1080,1085,1085,0
2022-02-22 13:26:00,1080,1080,1085,1085,0
2022-02-22 13:27:00,1080,1080,1085,1085,0
2022-02-22 13:28:00,1080,1080,1085,1085,0
2022-02-22 13:29:00,1080,1080,1085,1085,0
2022-02-22 13:30:00,1080,1075,1080,1075,406500
2022-02-22 13:31:00,1080,1080,1085,1085,27300
2022-02-22 13:32:00,1080,1080,1080,1080,1000
2022-02-22 13:33:00,1080,1080,1080,1080,445000
2022-02-22 13:34:00,1080,1080,1080,1080,65500
2022-02-22 13:35:00,1075,1075,1080,1080,113500
2022-02-22 13:36:00,1080,1080,1085,1085,198500
2022-02-22 13:37:00,1090,1090,1095,1090,86300
2022-02-22 13:38:00,1090,1090,1090,1090,15000
2022-02-22 13:39:00,1090,1090,1090,1090,2300
2022-02-22 13:40:00,1090,1090,1090,1090,1100
2022-02-22 13:41:00,1085,1085,1085,1085,11700
2022-02-22 13:42:00,1085,1085,1085,1085,1300
2022-02-22 13:43:00,1085,1085,1085,1085,1000
2022-02-22 13:44:00,1085,1080,1085,1080,61800
2022-02-22 13:45:00,1085,1080,1085,1080,0
2022-02-22 13:46:00,1085,1080,1085,1080,27200
2022-02-22 13:47:00,1085,1075,1085,1080,142200
2022-02-22 13:48:00,1080,1075,1080,1075,161200
2022-02-22 13:49:00,1080,1075,1080,1075,6500
2022-02-22 13:50:00,1075,1075,1080,1075,931000
2022-02-22 13:51:00,1075,1075,1075,1075,167700
2022-02-22 13:52:00,1075,1075,1075,1075,106900
2022-02-22 13:53:00,1075,1075,1075,1075,2800
2022-02-22 13:54:00,1075,1075,1075,1075,3000
2022-02-22 13:55:00,1075,1075,1075,1075,200
2022-02-22 13:56:00,1075,1075,1075,1075,1000
2022-02-22 13:57:00,1075,1075,1075,1075,600
2022-02-22 13:58:00,1075,1075,1075,1075,1200
2022-02-22 13:59:00,1075,1075,1075,1075,200
2022-02-22 14:00:00,1075,1075,1075,1075,0
2022-02-22 14:01:00,1075,1075,1075,1075,30400
2022-02-22 14:02:00,1075,1075,1075,1075,100
2022-02-22 14:03:00,1075,1075,1075,1075,23200
2022-02-22 14:04:00,1075,1075,1075,1075,800
2022-02-22 14:05:00,1075,1075,1075,1075,2200
2022-02-22 14:06:00,1075,1075,1075,1075,0
2022-02-22 14:07:00,1075,1075,1075,1075,300
2022-02-22 14:08:00,1075,1075,1075,1075,0
2022-02-22 14:09:00,1075,1075,1075,1075,800
2022-02-22 14:10:00,1075,1075,1075,1075,23000
2022-02-22 14:11:00,1075,1075,1075,1075,0
2022-02-22 14:12:00,1075,1075,1075,1075,0
2022-02-22 14:13:00,1075,1075,1075,1075,0
2022-02-22 14:14:00,1075,1075,1075,1075,200
2022-02-22 14:15:00,1075,1075,1075,1075,500
2022-02-22 14:16:00,1075,1075,1075,1075,0
2022-02-22 14:17:00,1075,1075,1075,1075,0
2022-02-22 14:18:00,1075,1075,1075,1075,500
2022-02-22 14:19:00,1075,1075,1075,1075,600
2022-02-22 14:20:00,1075,1075,1075,1075,100
2022-02-22 14:21:00,1075,1075,1075,1075,500
2022-02-22 14:22:00,1075,1075,1075,1075,0
2022-02-22 14:23:00,1075,1075,1075,1075,800
2022-02-22 14:24:00,1075,1075,1075,1075,5000
2022-02-22 14:25:00,1075,1075,1075,1075,500
2022-02-22 14:26:00,1075,1075,1075,1075,6000
2022-02-22 14:27:00,1075,1075,1075,1075,0
2022-02-22 14:28:00,1075,1075,1075,1075,500
2022-02-22 14:29:00,1075,1075,1075,1075,3800
2022-02-22 14:30:00,1075,1075,1075,1075,82000
2022-02-22 14:31:00,1075,1075,1075,1075,15100
2022-02-22 14:32:00,1075,1075,1075,1075,1000
2022-02-22 14:33:00,1075,1075,1075,1075,0
2022-02-22 14:34:00,1075,1075,1075,1075,0
2022-02-22 14:35:00,1075,1075,1075,1075,0
2022-02-22 14:36:00,1075,1075,1075,1075,0
2022-02-22 14:37:00,1075,1075,1075,1075,2700
2022-02-22 14:38:00,1075,1075,1075,1075,0
2022-02-22 14:39:00,1075,1075,1075,1075,500
2022-02-22 14:40:00,1075,1075,1075,1075,1000
2022-02-22 14:41:00,1075,1075,1075,1075,1000
2022-02-22 14:42:00,1075,1075,1075,1075,8800
2022-02-22 14:43:00,1075,1075,1075,1075,0
2022-02-22 14:44:00,1075,1075,1075,1075,0
2022-02-22 14:45:00,1075,1075,1075,1075,2500
2022-02-22 14:46:00,1075,1075,1075,1075,0
2022-02-22 14:47:00,1075,1075,1075,1075,5000
2022-02-22 14:48:00,1075,1075,1075,1075,300
2022-02-22 14:49:00,1075,1075,1075,1075,0
2022-02-22 14:50:00,1075,1075,1075,1075,0
2022-02-22 14:51:00,1075,1075,1075,1075,0
2022-02-22 14:52:00,1075,1075,1075,1075,0
2022-02-22 14:53:00,1075,1075,1075,1075,0
2022-02-22 14:54:00,1075,1075,1075,1075,0
2022-02-22 14:55:00,1075,1075,1075,1075,0
2022-02-22 14:56:00,1075,1075,1075,1075,0
2022-02-22 14:57:00,1075,1075,1075,1075,0
2022-02-22 14:58:00,1075,1075,1075,1075,0
2022-02-22 14:59:00,1075,1075,1075,1075,0
2022-02-22 15:00:00,1075,1075,1075,1075,14900
2022-02-22 15:01:00,1075,1075,1075,1075,0
2022-02-22 15:02:00,1075,1075,1075,1075,0
2022-02-22 15:03:00,1075,1075,1075,1075,8000
2022-02-22 15:04:00,1075,1075,1075,1075,3500
2022-02-22 15:05:00,1075,1075,1075,1075,0
2022-02-22 15:06:00,1075,1075,1075,1075,5000
2022-02-22 15:07:00,1075,1075,1075,1075,0
2022-02-22 15:08:00,1075,1075,1075,1075,0
2022-02-22 15:09:00,1075,1075,1075,1075,3500
2022-02-22 15:10:00,1075,1075,1075,1075,0
2022-02-22 15:11:00,1075,1075,1075,1075,0
2022-02-22 15:12:00,1075,1075,1075,1075,25000
2022-02-22 15:13:00,1075,1075,1075,1075,0
2022-02-22 15:14:00,1075,1075,1075,1075,0
2022-02-22 15:15:00,1075,1075,1075,1075,0
2022-02-22 15:16:00,1075,1075,1075,1075,0
2022-02-22 15:17:00,1075,1075,1075,1075,0
2022-02-22 15:18:00,1075,1075,1075,1075,0
2022-02-22 15:19:00,1075,1075,1075,1075,0
2022-02-22 15:20:00,1075,1075,1075,1075,0
2022-02-22 15:21:00,1075,1075,1075,1075,0
2022-02-22 15:22:00,1075,1075,1075,1075,0
2022-02-22 15:23:00,1075,1075,1075,1075,0
2022-02-22 15:24:00,1075,1075,1075,1075,0
2022-02-22 15:25:00,1075,1075,1075,1075,0
2022-02-22 15:26:00,1075,1075,1075,1075,0
2022-02-22 15:27:00,1075,1075,1075,1075,0
2022-02-22 15:28:00,1075,1075,1075,1075,0
2022-02-22 15:29:00,1075,1075,1075,1075,0
2022-02-22 15:30:00,1075,1075,1075,1075,0
2022-02-22 15:31:00,1075,1075,1075,1075,0
2022-02-22 15:32:00,1075,1075,1075,1075,0
2022-02-22 15:33:00,1075,1075,1075,1075,0
2022-02-22 15:34:00,1075,1075,1075,1075,0
2022-02-22 15:35:00,1075,1075,1075,1075,0
2022-02-22 15:36:00,1075,1075,1075,1075,0
2022-02-22 15:37:00,1075,1075,1075,1075,0
2022-02-22 15:38:00,1075,1075,1075,1075,0
2022-02-22 15:39:00,1075,1075,1075,1075,0
2022-02-22 15:40:00,1075,1075,1075,1075,0
2022-02-22 15:41:00,1075,1075,1075,1075,0
2022-02-22 15:42:00,1075,1075,1075,1075,0
2022-02-22 15:43:00,1075,1075,1075,1075,0
2022-02-22 15:44:00,1075,1075,1075,1075,0
2022-02-22 15:45:00,1075,1075,1075,1075,0
2022-02-22 15:46:00,1075,1075,1075,1075,0
2022-02-22 15:47:00,1075,1075,1075,1075,0
2022-02-22 15:48:00,1075,1075,1075,1075,0
2022-02-22 15:49:00,1075,1075,1075,1075,0
2022-02-22 15:50:00,1075,1075,1075,1075,0
2022-02-22 15:51:00,1075,1075,1075,1075,0
2022-02-22 15:52:00,1075,1075,1075,1075,0
2022-02-22 15:53:00,1075,1075,1075,1075,0
2022-02-22 15:54:00,1075,1075,1075,1075,0
2022-02-22 15:55:00,1075,1075,1075,1075,0
2022-02-22 15:56:00,1075,1075,1075,1075,0
2022-02-22 15:57:00,1075,1075,1075,1075,0
2022-02-22 15:58:00,1075,1075,1075,1075,0
2022-02-22 15:59:00,1075,1075,1075,1075,0
2022-02-23 09:00:00,1035,1005,1060,1005,0
2022-02-23 09:01:00,1010,1000,1020,1010,313500
2022-02-23 09:02:00,1010,1010,1015,1010,116800
2022-02-23 09:03:00,1015,1010,1020,1015,77800
2022-02-23 09:04:00,1015,1010,1020,1020,201500
2022-02-23 09:05:00,1020,1020,1045,1045,420700
2022-02-23 09:06:00,1045,1045,1060,1050,680900
2022-02-23 09:07:00,1050,1050,1060,1050,171900
2022-02-23 09:08:00,1045,1040,1050,1040,172600
2022-02-23 09:09:00,1045,1045,1050,1045,83500
2022-02-23 09:10:00,1045,1035,1050,1035,271100
2022-02-23 09:11:00,1030,1010,1035,1010,499000
2022-02-23 09:12:00,1020,1000,1035,1030,1399900
2022-02-23 09:13:00,1035,1035,1040,1035,76400
2022-02-23 09:14:00,1030,1030,1035,1030,23300
2022-02-23 09:15:00,1030,1030,1035,1035,335400
2022-02-23 09:16:00,1035,1030,1035,1030,124600
2022-02-23 09:17:00,1035,1030,1035,1030,90300
2022-02-23 09:18:00,1035,1030,1035,1030,47700
2022-02-23 09:19:00,1030,1020,1030,1020,161400
2022-02-23 09:20:00,1020,1020,1025,1025,10000
2022-02-23 09:21:00,1025,1025,1025,1025,52200
2022-02-23 09:22:00,1025,1025,1030,1030,42600
2022-02-23 09:23:00,1030,1025,1030,1030,21600
2022-02-23 09:24:00,1025,1025,1030,1030,10400
2022-02-23 09:25:00,1030,1030,1030,1030,4200
2022-02-23 09:26:00,1025,1025,1030,1025,54000
2022-02-23 09:27:00,1025,1025,1030,1025,15500
2022-02-23 09:28:00,1025,1025,1030,1025,5600
2022-02-23 09:29:00,1025,1025,1025,1025,26500
2022-02-23 09:30:00,1025,1025,1030,1025,82200
2022-02-23 09:31:00,1030,1025,1030,1025,27400
2022-02-23 09:32:00,1025,1020,1025,1020,29100
2022-02-23 09:33:00,1020,1020,1025,1020,34900
2022-02-23 09:34:00,1020,1020,1035,1035,84900
2022-02-23 09:35:00,1035,1035,1035,1035,363200
2022-02-23 09:36:00,1030,1030,1050,1050,332700
2022-02-23 09:37:00,1055,1045,1055,1045,44500
2022-02-23 09:38:00,1045,1035,1050,1045,245300
2022-02-23 09:39:00,1045,1045,1055,1055,94300
2022-02-23 09:40:00,1055,1050,1070,1060,593200
2022-02-23 09:41:00,1060,1055,1060,1060,64100
2022-02-23 09:42:00,1060,1060,1060,1060,700
2022-02-23 09:43:00,1060,1055,1060,1060,123500
2022-02-23 09:44:00,1060,1060,1065,1065,4200
2022-02-23 09:45:00,1065,1060,1065,1060,112000
2022-02-23 09:46:00,1060,1055,1060,1060,17400
2022-02-23 09:47:00,1060,1055,1060,1055,45000
2022-02-23 09:48:00,1055,1055,1055,1055,16000
2022-02-23 09:49:00,1060,1060,1065,1065,105000
2022-02-23 09:50:00,1070,1070,1075,1075,414000
2022-02-23 09:51:00,1075,1070,1075,1075,997700
2022-02-23 09:52:00,1070,1070,1080,1080,402100
2022-02-23 09:53:00,1080,1075,1085,1085,486000
2022-02-23 09:54:00,1085,1085,1090,1090,479700
2022-02-23 09:55:00,1090,1085,1095,1095,335700
2022-02-23 09:56:00,1095,1095,1100,1100,439400
2022-02-23 09:57:00,1100,1100,1105,1105,300200
2022-02-23 09:58:00,1105,1085,1105,1085,261400
2022-02-23 09:59:00,1085,1080,1085,1085,42600
2022-02-23 10:00:00,1085,1080,1095,1080,36700
2022-02-23 10:01:00,1080,1080,1080,1080,28800
2022-02-23 10:02:00,1080,1080,1085,1085,12800
2022-02-23 10:03:00,1085,1085,1085,1085,66400
2022-02-23 10:04:00,1085,1085,1085,1085,0
2022-02-23 10:05:00,1085,1085,1090,1090,3300
2022-02-23 10:06:00,1085,1085,1085,1085,15700
2022-02-23 10:07:00,1085,1085,1085,1085,1100
2022-02-23 10:08:00,1085,1085,1085,1085,1500
2022-02-23 10:09:00,1085,1085,1085,1085,4400
2022-02-23 10:10:00,1085,1085,1085,1085,100
2022-02-23 10:11:00,1085,1085,1090,1090,200
2022-02-23 10:12:00,1090,1090,1090,1090,12400
2022-02-23 10:13:00,1095,1085,1095,1085,9700
2022-02-23 10:14:00,1085,1085,1090,1085,24900
2022-02-23 10:15:00,1085,1085,1085,1085,1100
2022-02-23 10:16:00,1085,1085,1085,1085,26200
2022-02-23 10:17:00,1085,1085,1085,1085,1700
2022-02-23 10:18:00,1085,1085,1085,1085,0
2022-02-23 10:19:00,1090,1090,1090,1090,600
2022-02-23 10:20:00,1090,1090,1090,1090,500
2022-02-23 10:21:00,1090,1090,1090,1090,1500
2022-02-23 10:22:00,1090,1090,1090,1090,5600
2022-02-23 10:23:00,1090,1090,1090,1090,0
2022-02-23 10:24:00,1090,1090,1090,1090,12200
2022-02-23 10:25:00,1090,1090,1090,1090,300
2022-02-23 10:26:00,1090,1090,1090,1090,200
2022-02-23 10:27:00,1090,1090,1095,1095,11400
2022-02-23 10:28:00,1095,1090,1095,1095,2800
2022-02-23 10:29:00,1095,1095,1095,1095,18700
2022-02-23 10:30:00,1095,1095,1100,1100,3500
2022-02-23 10:31:00,1095,1095,1095,1095,35900
2022-02-23 10:32:00,1095,1095,1100,1095,65100
2022-02-23 10:33:00,1095,1090,1095,1090,51000
2022-02-23 10:34:00,1090,1085,1090,1085,137400
2022-02-23 10:35:00,1085,1085,1085,1085,6100
2022-02-23 10:36:00,1085,1085,1085,1085,800
2022-02-23 10:37:00,1085,1085,1085,1085,1100
2022-02-23 10:38:00,1090,1085,1090,1085,1000
2022-02-23 10:39:00,1085,1085,1085,1085,1000
2022-02-23 10:40:00,1085,1085,1085,1085,100
2022-02-23 10:41:00,1085,1085,1085,1085,5400
2022-02-23 10:42:00,1085,1085,1085,1085,0
2022-02-23 10:43:00,1085,1085,1085,1085,1600
2022-02-23 10:44:00,1080,1080,1080,1080,500
2022-02-23 10:45:00,1080,1080,1080,1080,0
2022-02-23 10:46:00,1080,1080,1085,1085,5400
2022-02-23 10:47:00,1085,1085,1085,1085,100
2022-02-23 10:48:00,1085,1085,1090,1090,66800
2022-02-23 10:49:00,1095,1095,1100,1095,205500
2022-02-23 10:50:00,1100,1095,1100,1100,252100
2022-02-23 10:51:00,1100,1100,1105,1105,282000
2022-02-23 10:52:00,1100,1100,1115,1115,492300
2022-02-23 10:53:00,1115,1110,1115,1110,174400
2022-02-23 10:54:00,1110,1110,1120,1120,112400
2022-02-23 10:55:00,1120,1120,1130,1130,1023300
2022-02-23 10:56:00,1125,1120,1125,1120,5000
2022-02-23 10:57:00,1120,1075,1120,1080,890100
2022-02-23 10:58:00,1080,1035,1080,1050,1650300
2022-02-23 10:59:00,1065,1055,1070,1070,28200
2022-02-23 11:00:00,1070,1055,1070,1060,337900
2022-02-23 11:01:00,1060,1050,1060,1055,275600
2022-02-23 11:02:00,1060,1060,1080,1080,486600
2022-02-23 11:03:00,1080,1080,1085,1085,331000
2022-02-23 11:04:00,1085,1085,1085,1085,70000
2022-02-23 11:05:00,1085,1085,1085,1085,1600
2022-02-23 11:06:00,1085,1085,1085,1085,0
2022-02-23 11:07:00,1075,1075,1075,1075,4000
2022-02-23 11:08:00,1075,1065,1080,1080,67000
2022-02-23 11:09:00,1080,1080,1080,1080,3700
2022-02-23 11:10:00,1080,1075,1080,1075,4300
2022-02-23 11:11:00,1075,1075,1080,1080,660600
2022-02-23 11:12:00,1080,1080,1080,1080,1000
2022-02-23 11:13:00,1075,1075,1075,1075,1000
2022-02-23 11:14:00,1075,1075,1075,1075,5400
2022-02-23 11:15:00,1075,1075,1075,1075,7100
2022-02-23 11:16:00,1075,1075,1075,1075,1100
2022-02-23 11:17:00,1075,1070,1075,1075,1300
2022-02-23 11:18:00,1075,1070,1075,1075,0
2022-02-23 11:19:00,1075,1075,1075,1075,5000
2022-02-23 11:20:00,1075,1075,1075,1075,700
2022-02-23 11:21:00,1070,1070,1070,1070,1000
2022-02-23 11:22:00,1070,1070,1075,1075,545700
2022-02-23 11:23:00,1075,1075,1085,1085,20800
2022-02-23 11:24:00,1085,1085,1085,1085,11500
2022-02-23 11:25:00,1090,1085,1090,1090,7900
2022-02-23 11:26:00,1090,1085,1090,1090,0
2022-02-23 11:27:00,1085,1085,1090,1090,5900
2022-02-23 11:28:00,1085,1085,1085,1085,1400
2022-02-23 11:29:00,1085,1085,1085,1085,1700
2022-02-23 11:30:00,1085,1085,1085,1085,0
2022-02-23 11:31:00,1085,1085,1085,1085,0
2022-02-23 11:32:00,1085,1085,1085,1085,0
2022-02-23 11:33:00,1085,1085,1085,1085,0
2022-02-23 11:34:00,1085,1085,1085,1085,0
2022-02-23 11:35:00,1085,1085,1085,1085,0
2022-02-23 11:36:00,1085,1085,1085,1085,0
2022-02-23 11:37:00,1085,1085,1085,1085,0
2022-02-23 11:38:00,1085,1085,1085,1085,0
2022-02-23 11:39:00,1085,1085,1085,1085,0
2022-02-23 11:40:00,1085,1085,1085,1085,0
2022-02-23 11:41:00,1085,1085,1085,1085,0
2022-02-23 11:42:00,1085,1085,1085,1085,0
2022-02-23 11:43:00,1085,1085,1085,1085,0
2022-02-23 11:44:00,1085,1085,1085,1085,0
2022-02-23 11:45:00,1085,1085,1085,1085,0
2022-02-23 11:46:00,1085,1085,1085,1085,0
2022-02-23 11:47:00,1085,1085,1085,1085,0
2022-02-23 11:48:00,1085,1085,1085,1085,0
2022-02-23 11:49:00,1085,1085,1085,1085,0
2022-02-23 11:50:00,1085,1085,1085,1085,0
2022-02-23 11:51:00,1085,1085,1085,1085,0
2022-02-23 11:52:00,1085,1085,1085,1085,0
2022-02-23 11:53:00,1085,1085,1085,1085,0
2022-02-23 11:54:00,1085,1085,1085,1085,0
2022-02-23 11:55:00,1085,1085,1085,1085,0
2022-02-23 11:56:00,1085,1085,1085,1085,0
2022-02-23 11:57:00,1085,1085,1085,1085,0
2022-02-23 11:58:00,1085,1085,1085,1085,0
2022-02-23 11:59:00,1085,1085,1085,1085,0
2022-02-23 12:00:00,1085,1085,1085,1085,0
2022-02-23 12:01:00,1085,1085,1085,1085,0
2022-02-23 12:02:00,1085,1085,1085,1085,0
2022-02-23 12:03:00,1085,1085,1085,1085,0
2022-02-23 12:04:00,1085,1085,1085,1085,0
2022-02-23 12:05:00,1085,1085,1085,1085,0
2022-02-23 12:06:00,1085,1085,1085,1085,0
2022-02-23 12:07:00,1085,1085,1085,1085,0
2022-02-23 12:08:00,1085,1085,1085,1085,0
2022-02-23 12:09:00,1085,1085,1085,1085,0
2022-02-23 12:10:00,1085,1085,1085,1085,0
2022-02-23 12:11:00,1085,1085,1085,1085,0
2022-02-23 12:12:00,1085,1085,1085,1085,0
2022-02-23 12:13:00,1085,1085,1085,1085,0
2022-02-23 12:14:00,1085,1085,1085,1085,0
2022-02-23 12:15:00,1085,1085,1085,1085,0
2022-02-23 12:16:00,1085,1085,1085,1085,0
2022-02-23 12:17:00,1085,1085,1085,1085,0
2022-02-23 12:18:00,1085,1085,1085,1085,0
2022-02-23 12:19:00,1085,1085,1085,1085,0
2022-02-23 12:20:00,1085,1085,1085,1085,0
2022-02-23 12:21:00,1085,1085,1085,1085,0
2022-02-23 12:22:00,1085,1085,1085,1085,0
2022-02-23 12:23:00,1085,1085,1085,1085,0
2022-02-23 12:24:00,1085,1085,1085,1085,0
2022-02-23 12:25:00,1085,1085,1085,1085,0
2022-02-23 12:26:00,1085,1085,1085,1085,0
2022-02-23 12:27:00,1085,1085,1085,1085,0
2022-02-23 12:28:00,1085,1085,1085,1085,0
2022-02-23 12:29:00,1085,1085,1085,1085,0
2022-02-23 12:30:00,1085,1085,1085,1085,0
2022-02-23 12:31:00,1085,1085,1085,1085,0
2022-02-23 12:32:00,1085,1085,1085,1085,0
2022-02-23 12:33:00,1085,1085,1085,1085,0
2022-02-23 12:34:00,1085,1085,1085,1085,0
2022-02-23 12:35:00,1085,1085,1085,1085,0
2022-02-23 12:36:00,1085,1085,1085,1085,0
2022-02-23 12:37:00,1085,1085,1085,1085,0
2022-02-23 12:38:00,1085,1085,1085,1085,0
2022-02-23 12:39:00,1085,1085,1085,1085,0
2022-02-23 12:40:00,1085,1085,1085,1085,0
2022-02-23 12:41:00,1085,1085,1085,1085,0
2022-02-23 12:42:00,1085,1085,1085,1085,0
2022-02-23 12:43:00,1085,1085,1085,1085,0
2022-02-23 12:44:00,1085,1085,1085,1085,0
2022-02-23 12:45:00,1085,1085,1085,1085,0
2022-02-23 12:46:00,1085,1085,1085,1085,0
2022-02-23 12:47:00,1085,1085,1085,1085,0
2022-02-23 12:48:00,1085,1085,1085,1085,0
2022-02-23 12:49:00,1085,1085,1085,1085,0
2022-02-23 12:50:00,1085,1085,1085,1085,0
2022-02-23 12:51:00,1085,1085,1085,1085,0
2022-02-23 12:52:00,1085,1085,1085,1085,0
2022-02-23 12:53:00,1085,1085,1085,1085,0
2022-02-23 12:54:00,1085,1085,1085,1085,0
2022-02-23 12:55:00,1085,1085,1085,1085,0
2022-02-23 12:56:00,1085,1085,1085,1085,0
2022-02-23 12:57:00,1085,1085,1085,1085,0
2022-02-23 12:58:00,1085,1085,1085,1085,0
2022-02-23 12:59:00,1085,1085,1085,1085,0
2022-02-23 13:00:00,1085,1085,1085,1085,0
2022-02-23 13:01:00,1085,1085,1085,1085,0
2022-02-23 13:02:00,1085,1085,1085,1085,0
2022-02-23 13:03:00,1085,1085,1085,1085,0
2022-02-23 13:04:00,1085,1085,1085,1085,0
2022-02-23 13:05:00,1085,1085,1085,1085,0
2022-02-23 13:06:00,1085,1085,1085,1085,0
2022-02-23 13:07:00,1085,1085,1085,1085,0
2022-02-23 13:08:00,1085,1085,1085,1085,0
2022-02-23 13:09:00,1085,1085,1085,1085,0
2022-02-23 13:10:00,1085,1085,1085,1085,0
2022-02-23 13:11:00,1085,1085,1085,1085,0
2022-02-23 13:12:00,1085,1085,1085,1085,0
2022-02-23 13:13:00,1085,1085,1085,1085,0
2022-02-23 13:14:00,1085,1085,1085,1085,0
2022-02-23 13:15:00,1085,1085,1085,1085,0
2022-02-23 13:16:00,1085,1085,1085,1085,0
2022-02-23 13:17:00,1085,1085,1085,1085,0
2022-02-23 13:18:00,1085,1085,1085,1085,0
2022-02-23 13:19:00,1085,1085,1085,1085,0
2022-02-23 13:20:00,1085,1085,1085,1085,0
2022-02-23 13:21:00,1085,1085,1085,1085,0
2022-02-23 13:22:00,1085,1085,1085,1085,0
2022-02-23 13:23:00,1085,1085,1085,1085,0
2022-02-23 13:24:00,1085,1085,1085,1085,0
2022-02-23 13:25:00,1085,1085,1085,1085,0
2022-02-23 13:26:00,1085,1085,1085,1085,0
2022-02-23 13:27:00,1085,1085,1085,1085,0
2022-02-23 13:28:00,1085,1085,1085,1085,0
2022-02-23 13:29:00,1085,1085,1085,1085,0
2022-02-23 13:30:00,1080,1080,1090,1085,765100
2022-02-23 13:31:00,1085,1080,1095,1095,177600
2022-02-23 13:32:00,1090,1090,1090,1090,191500
2022-02-23 13:33:00,1090,1090,1090,1090,111400
2022-02-23 13:34:00,1085,1075,1085,1080,186100
2022-02-23 13:35:00,1080,1080,1080,1080,88800
2022-02-23 13:36:00,1075,1075,1075,1075,5000
2022-02-23 13:37:00,1075,1075,1075,1075,300
2022-02-23 13:38:00,1075,1075,1075,1075,0
2022-02-23 13:39:00,1080,1075,1080,1075,800
2022-02-23 13:40:00,1080,1075,1080,1075,0
2022-02-23 13:41:00,1075,1075,1075,1075,5500
2022-02-23 13:42:00,1080,1080,1080,1080,200
2022-02-23 13:43:00,1080,1075,1080,1075,200
2022-02-23 13:44:00,1080,1075,1080,1075,0
2022-02-23 13:45:00,1080,1075,1080,1075,0
2022-02-23 13:46:00,1080,1075,1080,1075,0
2022-02-23 13:47:00,1080,1075,1080,1075,0
2022-02-23 13:48:00,1080,1075,1080,1075,19000
2022-02-23 13:49:00,1075,1075,1075,1075,3000
2022-02-23 13:50:00,1075,1075,1075,1075,0
2022-02-23 13:51:00,1075,1075,1075,1075,4000
2022-02-23 13:52:00,1075,1075,1075,1075,4800
2022-02-23 13:53:00,1075,1075,1080,1080,30500
2022-02-23 13:54:00,1080,1080,1080,1080,200
2022-02-23 13:55:00,1080,1080,1080,1080,0
2022-02-23 13:56:00,1080,1080,1080,1080,22400
2022-02-23 13:57:00,1080,1075,1080,1080,3100
2022-02-23 13:58:00,1075,1075,1075,1075,3000
2022-02-23 13:59:00,1075,1075,1075,1075,0
2022-02-23 14:00:00,1075,1075,1075,1075,0
2022-02-23 14:01:00,1075,1075,1075,1075,200
2022-02-23 14:02:00,1075,1075,1075,1075,0
2022-02-23 14:03:00,1075,1075,1075,1075,200
2022-02-23 14:04:00,1075,1075,1075,1075,0
2022-02-23 14:05:00,1075,1075,1075,1075,0
2022-02-23 14:06:00,1075,1075,1075,1075,0
2022-02-23 14:07:00,1080,1080,1080,1080,2500
2022-02-23 14:08:00,1080,1080,1080,1080,0
2022-02-23 14:09:00,1080,1080,1080,1080,0
2022-02-23 14:10:00,1080,1080,1080,1080,0
2022-02-23 14:11:00,1080,1080,1080,1080,200
2022-02-23 14:12:00,1080,1080,1080,1080,0
2022-02-23 14:13:00,1080,1080,1080,1080,0
2022-02-23 14:14:00,1080,1080,1080,1080,0
2022-02-23 14:15:00,1080,1080,1080,1080,0
2022-02-23 14:16:00,1080,1080,1080,1080,3000
2022-02-23 14:17:00,1075,1075,1075,1075,2000
2022-02-23 14:18:00,1075,1075,1075,1075,0
2022-02-23 14:19:00,1075,1075,1080,1080,319900
2022-02-23 14:20:00,1075,1075,1080,1080,0
2022-02-23 14:21:00,1075,1075,1080,1080,0
2022-02-23 14:22:00,1080,1075,1080,1075,139600
2022-02-23 14:23:00,1075,1075,1075,1075,150900
2022-02-23 14:24:00,1075,1075,1075,1075,18600
2022-02-23 14:25:00,1075,1075,1075,1075,0
2022-02-23 14:26:00,1070,1070,1075,1075,143600
2022-02-23 14:27:00,1075,1075,1080,1080,64600
2022-02-23 14:28:00,1080,1080,1080,1080,8100
2022-02-23 14:29:00,1080,1075,1080,1075,29300
2022-02-23 14:30:00,1070,1070,1080,1080,341500
2022-02-23 14:31:00,1070,1070,1080,1080,0
2022-02-23 14:32:00,1075,1070,1075,1070,1400
2022-02-23 14:33:00,1070,1070,1070,1070,2100
2022-02-23 14:34:00,1070,1070,1070,1070,6500
2022-02-23 14:35:00,1070,1070,1070,1070,2100
2022-02-23 14:36:00,1070,1065,1070,1065,51600
2022-02-23 14:37:00,1060,1060,1065,1060,28200
2022-02-23 14:38:00,1060,1060,1060,1060,6500
2022-02-23 14:39:00,1060,1060,1060,1060,5500
2022-02-23 14:40:00,1055,1055,1055,1055,152700
2022-02-23 14:41:00,1050,1050,1055,1050,101300
2022-02-23 14:42:00,1050,1045,1050,1045,89200
2022-02-23 14:43:00,1045,1045,1045,1045,19900
2022-02-23 14:44:00,1045,1040,1045,1040,13700
2022-02-23 14:45:00,1040,1040,1045,1040,3000
2022-02-23 14:46:00,1040,1040,1040,1040,41500
2022-02-23 14:47:00,1045,1045,1045,1045,1300
2022-02-23 14:48:00,1045,1040,1045,1045,3300
2022-02-23 14:49:00,1040,1040,1045,1040,95500
2022-02-23 14:50:00,1040,1040,1045,1040,0
2022-02-23 14:51:00,1040,1040,1045,1040,0
2022-02-23 14:52:00,1040,1040,1045,1040,0
2022-02-23 14:53:00,1040,1040,1045,1040,0
2022-02-23 14:54:00,1040,1040,1045,1040,0
2022-02-23 14:55:00,1040,1040,1045,1040,0
2022-02-23 14:56:00,1040,1040,1045,1040,0
2022-02-23 14:57:00,1040,1040,1045,1040,0
2022-02-23 14:58:00,1040,1040,1045,1040,0
2022-02-23 14:59:00,1040,1040,1045,1040,0
2022-02-23 15:00:00,1065,1065,1065,1065,300100
2022-02-23 15:01:00,1065,1065,1065,1065,26200
2022-02-23 15:02:00,1065,1065,1065,1065,0
2022-02-23 15:03:00,1065,1065,1065,1065,2000
2022-02-23 15:04:00,1065,1065,1065,1065,90400
2022-02-23 15:05:00,1065,1065,1065,1065,106900
2022-02-23 15:06:00,1065,1065,1065,1065,600
2022-02-23 15:07:00,1065,1065,1065,1065,0
2022-02-23 15:08:00,1065,1065,1065,1065,2500
2022-02-23 15:09:00,1065,1065,1065,1065,0
2022-02-23 15:10:00,1065,1065,1065,1065,25358300
2022-02-23 15:11:00,1065,1065,1065,1065,2500
2022-02-23 15:12:00,1065,1065,1065,1065,0
2022-02-23 15:13:00,1065,1065,1065,1065,10000
2022-02-23 15:14:00,1065,1065,1065,1065,0
2022-02-23 15:15:00,1065,1065,1065,1065,0
2022-02-23 15:16:00,1065,1065,1065,1065,0
2022-02-23 15:17:00,1065,1065,1065,1065,0
2022-02-23 15:18:00,1065,1065,1065,1065,0
2022-02-23 15:19:00,1065,1065,1065,1065,0
2022-02-23 15:20:00,1065,1065,1065,1065,0
2022-02-23 15:21:00,1065,1065,1065,1065,0
2022-02-23 15:22:00,1065,1065,1065,1065,0
2022-02-23 15:23:00,1065,1065,1065,1065,0
2022-02-23 15:24:00,1065,1065,1065,1065,0
2022-02-23 15:25:00,1065,1065,1065,1065,0
2022-02-23 15:26:00,1065,1065,1065,1065,0
2022-02-23 15:27:00,1065,1065,1065,1065,0
2022-02-23 15:28:00,1065,1065,1065,1065,0
2022-02-23 15:29:00,1065,1065,1065,1065,0
2022-02-23 15:30:00,1065,1065,1065,1065,0
2022-02-23 15:31:00,1065,1065,1065,1065,0
2022-02-23 15:32:00,1065,1065,1065,1065,0
2022-02-23 15:33:00,1065,1065,1065,1065,0
2022-02-23 15:34:00,1065,1065,1065,1065,0
2022-02-23 15:35:00,1065,1065,1065,1065,0
2022-02-23 15:36:00,1065,1065,1065,1065,0
2022-02-23 15:37:00,1065,1065,1065,1065,0
2022-02-23 15:38:00,1065,1065,1065,1065,0
2022-02-23 15:39:00,1065,1065,1065,1065,0
2022-02-23 15:40:00,1065,1065,1065,1065,0
2022-02-23 15:41:00,1065,1065,1065,1065,0
2022-02-23 15:42:00,1065,1065,1065,1065,0
2022-02-23 15:43:00,1065,1065,1065,1065,0
2022-02-23 15:44:00,1065,1065,1065,1065,0
2022-02-23 15:45:00,1065,1065,1065,1065,0
2022-02-23 15:46:00,1065,1065,1065,1065,0
2022-02-23 15:47:00,1065,1065,1065,1065,0
2022-02-23 15:48:00,1065,1065,1065,1065,0
2022-02-23 15:49:00,1065,1065,1065,1065,0
2022-02-23 15:50:00,1065,1065,1065,1065,0
2022-02-23 15:51:00,1065,1065,1065,1065,0
2022-02-23 15:52:00,1065,1065,1065,1065,0
2022-02-23 15:53:00,1065,1065,1065,1065,0
2022-02-23 15:54:00,1065,1065,1065,1065,0
2022-02-23 15:55:00,1065,1065,1065,1065,0
2022-02-23 15:56:00,1065,1065,1065,1065,0
2022-02-23 15:57:00,1065,1065,1065,1065,0
2022-02-23 15:58:00,1065,1065,1065,1065,0
2022-02-23 15:59:00,1065,1065,1065,1065,0
2022-02-24 09:00:00,1065,1065,1080,1065,0
2022-02-24 09:01:00,1075,1065,1085,1065,32000
2022-02-24 09:02:00,1080,1065,1080,1065,25400
2022-02-24 09:03:00,1065,1065,1075,1065,207900
2022-02-24 09:04:00,1065,1065,1070,1070,142400
2022-02-24 09:05:00,1070,1070,1070,1070,355200
2022-02-24 09:06:00,1070,1065,1070,1070,35600
2022-02-24 09:07:00,1070,1065,1070,1065,28900
2022-02-24 09:08:00,1065,1065,1065,1065,200
2022-02-24 09:09:00,1060,1060,1060,1060,19200
2022-02-24 09:10:00,1065,1060,1065,1060,4300
2022-02-24 09:11:00,1065,1065,1065,1065,30900
2022-02-24 09:12:00,1065,1065,1065,1065,0
2022-02-24 09:13:00,1065,1065,1065,1065,0
2022-02-24 09:14:00,1065,1065,1065,1065,0
2022-02-24 09:15:00,1065,1065,1065,1065,3500
2022-02-24 09:16:00,1065,1065,1065,1065,0
2022-02-24 09:17:00,1070,1070,1075,1075,264000
2022-02-24 09:18:00,1075,1075,1075,1075,465400
2022-02-24 09:19:00,1075,1075,1080,1080,195200
2022-02-24 09:20:00,1085,1080,1085,1080,252600
2022-02-24 09:21:00,1085,1085,1095,1090,333800
2022-02-24 09:22:00,1090,1085,1090,1085,10900
2022-02-24 09:23:00,1085,1085,1090,1085,15300
2022-02-24 09:24:00,1085,1080,1085,1080,22900
2022-02-24 09:25:00,1080,1080,1085,1085,5000
2022-02-24 09:26:00,1085,1085,1085,1085,2700
2022-02-24 09:27:00,1085,1085,1085,1085,4900
2022-02-24 09:28:00,1085,1085,1085,1085,4300
2022-02-24 09:29:00,1085,1085,1090,1085,130600
2022-02-24 09:30:00,1090,1085,1090,1085,3400
2022-02-24 09:31:00,1090,1085,1090,1085,600
2022-02-24 09:32:00,1085,1085,1085,1085,3800
2022-02-24 09:33:00,1085,1085,1085,1085,1100
2022-02-24 09:34:00,1085,1085,1085,1085,17100
2022-02-24 09:35:00,1085,1080,1085,1080,5300
2022-02-24 09:36:00,1080,1080,1080,1080,18000
2022-02-24 09:37:00,1080,1080,1085,1085,1300
2022-02-24 09:38:00,1080,1080,1080,1080,100
2022-02-24 09:39:00,1080,1080,1080,1080,600
2022-02-24 09:40:00,1085,1085,1085,1085,200
2022-02-24 09:41:00,1085,1085,1085,1085,0
2022-02-24 09:42:00,1085,1085,1095,1095,60600
2022-02-24 09:43:00,1100,1095,1100,1100,51700
2022-02-24 09:44:00,1100,1100,1120,1120,495900
2022-02-24 09:45:00,1120,1115,1120,1115,324500
2022-02-24 09:46:00,1110,1110,1125,1125,156100
2022-02-24 09:47:00,1125,1120,1130,1125,361300
2022-02-24 09:48:00,1125,1125,1130,1125,206300
2022-02-24 09:49:00,1125,1115,1125,1120,40000
2022-02-24 09:50:00,1120,1095,1120,1095,177700
2022-02-24 09:51:00,1095,1090,1095,1090,11300
2022-02-24 09:52:00,1090,1090,1095,1095,23000
2022-02-24 09:53:00,1095,1095,1100,1100,9900
2022-02-24 09:54:00,1100,1100,1105,1105,7700
2022-02-24 09:55:00,1105,1100,1105,1100,3100
2022-02-24 09:56:00,1100,1100,1100,1100,14900
2022-02-24 09:57:00,1100,1085,1100,1085,97300
2022-02-24 09:58:00,1080,1080,1090,1090,27300
2022-02-24 09:59:00,1090,1090,1100,1100,10600
2022-02-24 10:00:00,1100,1100,1100,1100,100
2022-02-24 10:01:00,1100,1100,1100,1100,600
2022-02-24 10:02:00,1095,1095,1095,1095,26000
2022-02-24 10:03:00,1090,1085,1090,1085,26900
2022-02-24 10:04:00,1090,1090,1090,1090,1600
2022-02-24 10:05:00,1090,1090,1100,1100,31100
2022-02-24 10:06:00,1090,1090,1100,1100,0
2022-02-24 10:07:00,1100,1100,1100,1100,1000
2022-02-24 10:08:00,1100,1100,1105,1105,18100
2022-02-24 10:09:00,1105,1105,1105,1105,200
2022-02-24 10:10:00,1100,1100,1110,1110,74400
2022-02-24 10:11:00,1110,1110,1115,1115,343100
2022-02-24 10:12:00,1120,1115,1120,1115,105900
2022-02-24 10:13:00,1115,1115,1115,1115,100
2022-02-24 10:14:00,1115,1110,1120,1120,155800
2022-02-24 10:15:00,1120,1110,1125,1125,602100
2022-02-24 10:16:00,1125,1125,1130,1130,201800
2022-02-24 10:17:00,1130,1130,1135,1135,352900
2022-02-24 10:18:00,1135,1130,1135,1135,99900
2022-02-24 10:19:00,1130,1130,1130,1130,9600
2022-02-24 10:20:00,1130,1130,1130,1130,500
2022-02-24 10:21:00,1125,1125,1125,1125,2500
2022-02-24 10:22:00,1125,1125,1125,1125,7500
2022-02-24 10:23:00,1125,1125,1130,1130,75000
2022-02-24 10:24:00,1120,1120,1125,1120,30700
2022-02-24 10:25:00,1120,1120,1120,1120,2700
2022-02-24 10:26:00,1115,1115,1120,1120,11900
2022-02-24 10:27:00,1115,1115,1115,1115,5400
2022-02-24 10:28:00,1115,1115,1115,1115,700
2022-02-24 10:29:00,1110,1100,1110,1100,308900
2022-02-24 10:30:00,1110,1100,1110,1100,0
2022-02-24 10:31:00,1100,1100,1115,1115,4800
2022-02-24 10:32:00,1115,1115,1115,1115,300
2022-02-24 10:33:00,1110,1105,1110,1105,11000
2022-02-24 10:34:00,1105,1095,1105,1095,36200
2022-02-24 10:35:00,1095,1090,1095,1095,14400
2022-02-24 10:36:00,1105,1095,1105,1095,3200
2022-02-24 10:37:00,1100,1100,1100,1100,8400
2022-02-24 10:38:00,1100,1095,1100,1095,22300
2022-02-24 10:39:00,1095,1085,1095,1085,90400
2022-02-24 10:40:00,1085,1075,1085,1075,157000
2022-02-24 10:41:00,1070,1070,1070,1070,64100
2022-02-24 10:42:00,1100,1090,1100,1090,1500
2022-02-24 10:43:00,1100,1090,1100,1090,0
2022-02-24 10:44:00,1090,1090,1090,1090,1000
2022-02-24 10:45:00,1075,1070,1075,1070,6600
2022-02-24 10:46:00,1070,1065,1070,1065,50900
2022-02-24 10:47:00,1065,1065,1065,1065,45200
2022-02-24 10:48:00,1065,1065,1065,1065,20000
2022-02-24 10:49:00,1065,1065,1065,1065,0
2022-02-24 10:50:00,1075,1065,1075,1065,11800
2022-02-24 10:51:00,1065,1065,1065,1065,9400
2022-02-24 10:52:00,1065,1065,1065,1065,3900
2022-02-24 10:53:00,1065,1055,1065,1055,29300
2022-02-24 10:54:00,1055,1050,1060,1050,3200
2022-02-24 10:55:00,1055,1050,1055,1050,3600
2022-02-24 10:56:00,1050,1050,1050,1050,500
2022-02-24 10:57:00,1050,1050,1055,1055,12100
2022-02-24 10:58:00,1050,1050,1050,1050,31000
2022-02-24 10:59:00,1050,1040,1050,1040,56100
2022-02-24 11:00:00,1040,1010,1040,1030,263800
2022-02-24 11:01:00,1030,1030,1040,1040,6600
2022-02-24 11:02:00,1040,1040,1045,1045,3500
2022-02-24 11:03:00,1050,1045,1050,1045,27000
2022-02-24 11:04:00,1050,1050,1050,1050,2000
2022-02-24 11:05:00,1045,1045,1045,1045,1500
2022-02-24 11:06:00,1045,1045,1045,1045,1000
2022-02-24 11:07:00,1050,1050,1055,1055,2600
2022-02-24 11:08:00,1055,1055,1070,1065,42500
2022-02-24 11:09:00,1065,1060,1065,1060,14800
2022-02-24 11:10:00,1060,1060,1060,1060,83500
2022-02-24 11:11:00,1060,1050,1065,1050,52500
2022-02-24 11:12:00,1050,1045,1050,1045,6000
2022-02-24 11:13:00,1045,1045,1055,1055,12000
2022-02-24 11:14:00,1055,1055,1055,1055,100
2022-02-24 11:15:00,1055,1055,1055,1055,4200
2022-02-24 11:16:00,1055,1055,1055,1055,0
2022-02-24 11:17:00,1060,1060,1060,1060,2000
2022-02-24 11:18:00,1060,1060,1060,1060,1000
2022-02-24 11:19:00,1055,1055,1055,1055,2600
2022-02-24 11:20:00,1055,1055,1055,1055,0
2022-02-24 11:21:00,1055,1055,1055,1055,0
2022-02-24 11:22:00,1050,1050,1050,1050,500
2022-02-24 11:23:00,1050,1050,1050,1050,2400
2022-02-24 11:24:00,1055,1050,1055,1050,500
2022-02-24 11:25:00,1050,1050,1050,1050,100
2022-02-24 11:26:00,1050,1050,1050,1050,1000
2022-02-24 11:27:00,1050,1050,1050,1050,1100
2022-02-24 11:28:00,1050,1045,1050,1045,7200
2022-02-24 11:29:00,1045,1045,1045,1045,1600
2022-02-24 11:30:00,1045,1045,1045,1045,0
2022-02-24 11:31:00,1045,1045,1045,1045,0
2022-02-24 11:32:00,1045,1045,1045,1045,0
2022-02-24 11:33:00,1045,1045,1045,1045,0
2022-02-24 11:34:00,1045,1045,1045,1045,0
2022-02-24 11:35:00,1045,1045,1045,1045,0
2022-02-24 11:36:00,1045,1045,1045,1045,0
2022-02-24 11:37:00,1045,1045,1045,1045,0
2022-02-24 11:38:00,1045,1045,1045,1045,0
2022-02-24 11:39:00,1045,1045,1045,1045,0
2022-02-24 11:40:00,1045,1045,1045,1045,0
2022-02-24 11:41:00,1045,1045,1045,1045,0
2022-02-24 11:42:00,1045,1045,1045,1045,0
2022-02-24 11:43:00,1045,1045,1045,1045,0
2022-02-24 11:44:00,1045,1045,1045,1045,0
2022-02-24 11:45:00,1045,1045,1045,1045,0
2022-02-24 11:46:00,1045,1045,1045,1045,0
2022-02-24 11:47:00,1045,1045,1045,1045,0
2022-02-24 11:48:00,1045,1045,1045,1045,0
2022-02-24 11:49:00,1045,1045,1045,1045,0
2022-02-24 11:50:00,1045,1045,1045,1045,0
2022-02-24 11:51:00,1045,1045,1045,1045,0
2022-02-24 11:52:00,1045,1045,1045,1045,0
2022-02-24 11:53:00,1045,1045,1045,1045,0
2022-02-24 11:54:00,1045,1045,1045,1045,0
2022-02-24 11:55:00,1045,1045,1045,1045,0
2022-02-24 11:56:00,1045,1045,1045,1045,0
2022-02-24 11:57:00,1045,1045,1045,1045,0
2022-02-24 11:58:00,1045,1045,1045,1045,0
2022-02-24 11:59:00,1045,1045,1045,1045,0
2022-02-24 12:00:00,1045,1045,1045,1045,0
2022-02-24 12:01:00,1045,1045,1045,1045,0
2022-02-24 12:02:00,1045,1045,1045,1045,0
2022-02-24 12:03:00,1045,1045,1045,1045,0
2022-02-24 12:04:00,1045,1045,1045,1045,0
2022-02-24 12:05:00,1045,1045,1045,1045,0
2022-02-24 12:06:00,1045,1045,1045,1045,0
2022-02-24 12:07:00,1045,1045,1045,1045,0
2022-02-24 12:08:00,1045,1045,1045,1045,0
2022-02-24 12:09:00,1045,1045,1045,1045,0
2022-02-24 12:10:00,1045,1045,1045,1045,0
2022-02-24 12:11:00,1045,1045,1045,1045,0
2022-02-24 12:12:00,1045,1045,1045,1045,0
2022-02-24 12:13:00,1045,1045,1045,1045,0
2022-02-24 12:14:00,1045,1045,1045,1045,0
2022-02-24 12:15:00,1045,1045,1045,1045,0
2022-02-24 12:16:00,1045,1045,1045,1045,0
2022-02-24 12:17:00,1045,1045,1045,1045,0
2022-02-24 12:18:00,1045,1045,1045,1045,0
2022-02-24 12:19:00,1045,1045,1045,1045,0
2022-02-24 12:20:00,1045,1045,1045,1045,0
2022-02-24 12:21:00,1045,1045,1045,1045,0
2022-02-24 12:22:00,1045,1045,1045,1045,0
2022-02-24 12:23:00,1045,1045,1045,1045,0
2022-02-24 12:24:00,1045,1045,1045,1045,0
2022-02-24 12:25:00,1045,1045,1045,1045,0
2022-02-24 12:26:00,1045,1045,1045,1045,0
2022-02-24 12:27:00,1045,1045,1045,1045,0
2022-02-24 12:28:00,1045,1045,1045,1045,0
2022-02-24 12:29:00,1045,1045,1045,1045,0
2022-02-24 12:30:00,1045,1045,1045,1045,0
2022-02-24 12:31:00,1045,1045,1045,1045,0
2022-02-24 12:32:00,1045,1045,1045,1045,0
2022-02-24 12:33:00,1045,1045,1045,1045,0
2022-02-24 12:34:00,1045,1045,1045,1045,0
2022-02-24 12:35:00,1045,1045,1045,1045,0
2022-02-24 12:36:00,1045,1045,1045,1045,0
2022-02-24 12:37:00,1045,1045,1045,1045,0
2022-02-24 12:38:00,1045,1045,1045,1045,0
2022-02-24 12:39:00,1045,1045,1045,1045,0
2022-02-24 12:40:00,1045,1045,1045,1045,0
2022-02-24 12:41:00,1045,1045,1045,1045,0
2022-02-24 12:42:00,1045,1045,1045,1045,0
2022-02-24 12:43:00,1045,1045,1045,1045,0
2022-02-24 12:44:00,1045,1045,1045,1045,0
2022-02-24 12:45:00,1045,1045,1045,1045,0
2022-02-24 12:46:00,1045,1045,1045,1045,0
2022-02-24 12:47:00,1045,1045,1045,1045,0
2022-02-24 12:48:00,1045,1045,1045,1045,0
2022-02-24 12:49:00,1045,1045,1045,1045,0
2022-02-24 12:50:00,1045,1045,1045,1045,0
2022-02-24 12:51:00,1045,1045,1045,1045,0
2022-02-24 12:52:00,1045,1045,1045,1045,0
2022-02-24 12:53:00,1045,1045,1045,1045,0
2022-02-24 12:54:00,1045,1045,1045,1045,0
2022-02-24 12:55:00,1045,1045,1045,1045,0
2022-02-24 12:56:00,1045,1045,1045,1045,0
2022-02-24 12:57:00,1045,1045,1045,1045,0
2022-02-24 12:58:00,1045,1045,1045,1045,0
2022-02-24 12:59:00,1045,1045,1045,1045,0
2022-02-24 13:00:00,1045,1045,1045,1045,0
2022-02-24 13:01:00,1045,1045,1045,1045,0
2022-02-24 13:02:00,1045,1045,1045,1045,0
2022-02-24 13:03:00,1045,1045,1045,1045,0
2022-02-24 13:04:00,1045,1045,1045,1045,0
2022-02-24 13:05:00,1045,1045,1045,1045,0
2022-02-24 13:06:00,1045,1045,1045,1045,0
2022-02-24 13:07:00,1045,1045,1045,1045,0
2022-02-24 13:08:00,1045,1045,1045,1045,0
2022-02-24 13:09:00,1045,1045,1045,1045,0
2022-02-24 13:10:00,1045,1045,1045,1045,0
2022-02-24 13:11:00,1045,1045,1045,1045,0
2022-02-24 13:12:00,1045,1045,1045,1045,0
2022-02-24 13:13:00,1045,1045,1045,1045,0
2022-02-24 13:14:00,1045,1045,1045,1045,0
2022-02-24 13:15:00,1045,1045,1045,1045,0
2022-02-24 13:16:00,1045,1045,1045,1045,0
2022-02-24 13:17:00,1045,1045,1045,1045,0
2022-02-24 13:18:00,1045,1045,1045,1045,0
2022-02-24 13:19:00,1045,1045,1045,1045,0
2022-02-24 13:20:00,1045,1045,1045,1045,0
2022-02-24 13:21:00,1045,1045,1045,1045,0
2022-02-24 13:22:00,1045,1045,1045,1045,0
2022-02-24 13:23:00,1045,1045,1045,1045,0
2022-02-24 13:24:00,1045,1045,1045,1045,0
2022-02-24 13:25:00,1045,1045,1045,1045,0
2022-02-24 13:26:00,1045,1045,1045,1045,0
2022-02-24 13:27:00,1045,1045,1045,1045,0
2022-02-24 13:28:00,1045,1045,1045,1045,0
2022-02-24 13:29:00,1045,1045,1045,1045,0
2022-02-24 13:30:00,1045,1045,1060,1045,39900
2022-02-24 13:31:00,1045,1045,1060,1045,0
2022-02-24 13:32:00,1045,1045,1045,1045,16900
2022-02-24 13:33:00,1040,1030,1040,1035,731300
2022-02-24 13:34:00,1035,1035,1035,1035,11800
2022-02-24 13:35:00,1035,1035,1035,1035,0
2022-02-24 13:36:00,1035,1030,1035,1030,4100
2022-02-24 13:37:00,1030,1030,1030,1030,136300
2022-02-24 13:38:00,1020,1020,1020,1020,11700
2022-02-24 13:39:00,1025,1020,1025,1025,514900
2022-02-24 13:40:00,1025,1025,1025,1025,2000
2022-02-24 13:41:00,1025,1025,1025,1025,500
2022-02-24 13:42:00,1030,1025,1030,1025,1500
2022-02-24 13:43:00,1030,1030,1030,1030,75600
2022-02-24 13:44:00,1030,1030,1030,1030,2500
2022-02-24 13:45:00,1030,1030,1030,1030,10000
2022-02-24 13:46:00,1030,1030,1035,1035,273800
2022-02-24 13:47:00,1035,1035,1035,1035,2000
2022-02-24 13:48:00,1035,1035,1035,1035,2700
2022-02-24 13:49:00,1035,1035,1035,1035,0
2022-02-24 13:50:00,1040,1040,1040,1040,1000
2022-02-24 13:51:00,1035,1030,1035,1030,10100
2022-02-24 13:52:00,1035,1030,1035,1030,0
2022-02-24 13:53:00,1035,1030,1035,1030,0
2022-02-24 13:54:00,1030,1030,1030,1030,11800
2022-02-24 13:55:00,1030,1030,1030,1030,0
2022-02-24 13:56:00,1030,1030,1030,1030,0
2022-02-24 13:57:00,1030,1030,1030,1030,0
2022-02-24 13:58:00,1030,1030,1030,1030,5000
2022-02-24 13:59:00,1040,1040,1040,1040,11500
2022-02-24 14:00:00,1040,1040,1040,1040,35700
2022-02-24 14:01:00,1040,1040,1040,1040,200
2022-02-24 14:02:00,1055,1055,1055,1055,200
2022-02-24 14:03:00,1055,1055,1055,1055,1500
2022-02-24 14:04:00,1055,1055,1055,1055,0
2022-02-24 14:05:00,1045,1045,1045,1045,4800
2022-02-24 14:06:00,1050,1050,1050,1050,1300
2022-02-24 14:07:00,1050,1050,1050,1050,500
2022-02-24 14:08:00,1050,1050,1050,1050,20000
2022-02-24 14:09:00,1050,1050,1050,1050,20000
2022-02-24 14:10:00,1050,1050,1050,1050,15400
2022-02-24 14:11:00,1050,1050,1050,1050,16200
2022-02-24 14:12:00,1055,1050,1055,1050,10000
2022-02-24 14:13:00,1055,1050,1055,1050,0
2022-02-24 14:14:00,1050,1050,1050,1050,100
2022-02-24 14:15:00,1050,1050,1050,1050,0
2022-02-24 14:16:00,1050,1050,1050,1050,100
2022-02-24 14:17:00,1050,1050,1050,1050,100
2022-02-24 14:18:00,1050,1045,1050,1045,67300
2022-02-24 14:19:00,1045,1035,1045,1035,84500
2022-02-24 14:20:00,1035,1030,1035,1035,400
2022-02-24 14:21:00,1030,1030,1040,1040,20100
2022-02-24 14:22:00,1040,1040,1040,1040,7000
2022-02-24 14:23:00,1035,1035,1035,1035,400
2022-02-24 14:24:00,1035,1035,1035,1035,0
2022-02-24 14:25:00,1035,1035,1035,1035,0
2022-02-24 14:26:00,1035,1035,1035,1035,5900
2022-02-24 14:27:00,1035,1035,1035,1035,700
2022-02-24 14:28:00,1035,1035,1040,1040,1000
2022-02-24 14:29:00,1040,1040,1040,1040,1500
2022-02-24 14:30:00,1040,1040,1040,1040,0
2022-02-24 14:31:00,1040,1040,1040,1040,50200
2022-02-24 14:32:00,1055,1055,1055,1055,1000
2022-02-24 14:33:00,1060,1060,1075,1075,9800
2022-02-24 14:34:00,1060,1060,1075,1075,0
2022-02-24 14:35:00,1070,1070,1070,1070,11300
2022-02-24 14:36:00,1070,1070,1070,1070,800
2022-02-24 14:37:00,1070,1055,1070,1070,316100
2022-02-24 14:38:00,1070,1070,1070,1070,43900
2022-02-24 14:39:00,1070,1070,1075,1075,38800
2022-02-24 14:40:00,1075,1075,1075,1075,1100
2022-02-24 14:41:00,1080,1075,1080,1075,1100
2022-02-24 14:42:00,1075,1070,1075,1070,190600
2022-02-24 14:43:00,1070,1070,1070,1070,60600
2022-02-24 14:44:00,1070,1070,1070,1070,0
2022-02-24 14:45:00,1070,1065,1070,1065,113000
2022-02-24 14:46:00,1070,1065,1070,1065,0
2022-02-24 14:47:00,1065,1060,1065,1060,13000
2022-02-24 14:48:00,1060,1060,1065,1065,1600
2022-02-24 14:49:00,1070,1070,1075,1075,56400
2022-02-24 14:50:00,1070,1070,1075,1075,0
2022-02-24 14:51:00,1070,1070,1075,1075,0
2022-02-24 14:52:00,1070,1070,1075,1075,0
2022-02-24 14:53:00,1070,1070,1075,1075,0
2022-02-24 14:54:00,1070,1070,1075,1075,0
2022-02-24 14:55:00,1070,1070,1075,1075,0
2022-02-24 14:56:00,1070,1070,1075,1075,0
2022-02-24 14:57:00,1070,1070,1075,1075,0
2022-02-24 14:58:00,1070,1070,1075,1075,0
2022-02-24 14:59:00,1070,1070,1075,1075,0
2022-02-24 15:00:00,1085,1085,1085,1085,33400
2022-02-24 15:01:00,1085,1085,1085,1085,6100
2022-02-24 15:02:00,1085,1085,1085,1085,9300
2022-02-24 15:03:00,1085,1085,1085,1085,0
2022-02-24 15:04:00,1085,1085,1085,1085,0
2022-02-24 15:05:00,1085,1085,1085,1085,0
2022-02-24 15:06:00,1085,1085,1085,1085,0
2022-02-24 15:07:00,1085,1085,1085,1085,1000
2022-02-24 15:08:00,1085,1085,1085,1085,0
2022-02-24 15:09:00,1085,1085,1085,1085,3000
2022-02-24 15:10:00,1085,1085,1085,1085,0
2022-02-24 15:11:00,1085,1085,1085,1085,0
2022-02-24 15:12:00,1085,1085,1085,1085,26100
2022-02-24 15:13:00,1085,1085,1085,1085,2200
2022-02-24 15:14:00,1085,1085,1085,1085,0
2022-02-24 15:15:00,1085,1085,1085,1085,0
2022-02-24 15:16:00,1085,1085,1085,1085,0
2022-02-24 15:17:00,1085,1085,1085,1085,0
2022-02-24 15:18:00,1085,1085,1085,1085,0
2022-02-24 15:19:00,1085,1085,1085,1085,0
2022-02-24 15:20:00,1085,1085,1085,1085,0
2022-02-24 15:21:00,1085,1085,1085,1085,0
2022-02-24 15:22:00,1085,1085,1085,1085,0
2022-02-24 15:23:00,1085,1085,1085,1085,0
2022-02-24 15:24:00,1085,1085,1085,1085,0
2022-02-24 15:25:00,1085,1085,1085,1085,0
2022-02-24 15:26:00,1085,1085,1085,1085,0
2022-02-24 15:27:00,1085,1085,1085,1085,0
2022-02-24 15:28:00,1085,1085,1085,1085,0
2022-02-24 15:29:00,1085,1085,1085,1085,0
2022-02-24 15:30:00,1085,1085,1085,1085,0
2022-02-24 15:31:00,1085,1085,1085,1085,0
2022-02-24 15:32:00,1085,1085,1085,1085,0
2022-02-24 15:33:00,1085,1085,1085,1085,0
2022-02-24 15:34:00,1085,1085,1085,1085,0
2022-02-24 15:35:00,1085,1085,1085,1085,0
2022-02-24 15:36:00,1085,1085,1085,1085,0
2022-02-24 15:37:00,1085,1085,1085,1085,0
2022-02-24 15:38:00,1085,1085,1085,1085,0
2022-02-24 15:39:00,1085,1085,1085,1085,0
2022-02-24 15:40:00,1085,1085,1085,1085,0
2022-02-24 15:41:00,1085,1085,1085,1085,0
2022-02-24 15:42:00,1085,1085,1085,1085,0
2022-02-24 15:43:00,1085,1085,1085,1085,0
2022-02-24 15:44:00,1085,1085,1085,1085,0
2022-02-24 15:45:00,1085,1085,1085,1085,0
2022-02-24 15:46:00,1085,1085,1085,1085,0
2022-02-24 15:47:00,1085,1085,1085,1085,0
2022-02-24 15:48:00,1085,1085,1085,1085,0
2022-02-24 15:49:00,1085,1085,1085,1085,0
2022-02-24 15:50:00,1085,1085,1085,1085,0
2022-02-24 15:51:00,1085,1085,1085,1085,0
2022-02-24 15:52:00,1085,1085,1085,1085,0
2022-02-24 15:53:00,1085,1085,1085,1085,0
2022-02-24 15:54:00,1085,1085,1085,1085,0
2022-02-24 15:55:00,1085,1085,1085,1085,0
2022-02-24 15:56:00,1085,1085,1085,1085,0
2022-02-24 15:57:00,1085,1085,1085,1085,0
2022-02-24 15:58:00,1085,1085,1085,1085,0
2022-02-24 15:59:00,1085,1085,1085,1085,0
2022-02-25 09:00:00,1085,1080,1085,1085,0
2022-02-25 09:01:00,1070,1030,1070,1045,61300
2022-02-25 09:02:00,1050,1050,1075,1075,17800
2022-02-25 09:03:00,1075,1075,1075,1075,113100
2022-02-25 09:04:00,1075,1060,1075,1060,4900
2022-02-25 09:05:00,1060,1060,1065,1065,15100
2022-02-25 09:06:00,1060,1060,1060,1060,1700
2022-02-25 09:07:00,1060,1050,1060,1050,8400
2022-02-25 09:08:00,1060,1050,1060,1050,0
2022-02-25 09:09:00,1055,1055,1055,1055,85000
2022-02-25 09:10:00,1055,1055,1055,1055,8000
2022-02-25 09:11:00,1060,1060,1065,1065,61400
2022-02-25 09:12:00,1060,1060,1065,1065,0
2022-02-25 09:13:00,1070,1070,1070,1070,38600
2022-02-25 09:14:00,1070,1070,1070,1070,0
2022-02-25 09:15:00,1070,1070,1075,1075,3900
2022-02-25 09:16:00,1075,1075,1085,1085,43900
2022-02-25 09:17:00,1085,1085,1085,1085,10200
2022-02-25 09:18:00,1085,1085,1090,1090,113400
2022-02-25 09:19:00,1090,1090,1095,1090,191100
2022-02-25 09:20:00,1090,1090,1095,1095,197900
2022-02-25 09:21:00,1100,1095,1100,1095,19400
2022-02-25 09:22:00,1090,1090,1090,1090,7500
2022-02-25 09:23:00,1090,1090,1095,1095,1600
2022-02-25 09:24:00,1090,1090,1095,1095,0
2022-02-25 09:25:00,1095,1090,1095,1090,2300
2022-02-25 09:26:00,1095,1095,1095,1095,100
2022-02-25 09:27:00,1095,1095,1095,1095,32300
2022-02-25 09:28:00,1095,1095,1095,1095,4000
2022-02-25 09:29:00,1095,1095,1095,1095,51600
2022-02-25 09:30:00,1095,1095,1095,1095,11300
2022-02-25 09:31:00,1090,1090,1095,1090,13700
2022-02-25 09:32:00,1090,1090,1090,1090,36000
2022-02-25 09:33:00,1090,1085,1090,1085,4900
2022-02-25 09:34:00,1090,1085,1090,1085,0
2022-02-25 09:35:00,1090,1090,1090,1090,2500
2022-02-25 09:36:00,1090,1090,1090,1090,0
2022-02-25 09:37:00,1085,1085,1085,1085,100
2022-02-25 09:38:00,1085,1085,1085,1085,0
2022-02-25 09:39:00,1090,1090,1090,1090,300
2022-02-25 09:40:00,1090,1090,1090,1090,4200
2022-02-25 09:41:00,1090,1090,1090,1090,15800
2022-02-25 09:42:00,1085,1085,1085,1085,300
2022-02-25 09:43:00,1085,1085,1085,1085,4500
2022-02-25 09:44:00,1085,1085,1085,1085,0
2022-02-25 09:45:00,1085,1085,1085,1085,0
2022-02-25 09:46:00,1085,1085,1085,1085,1000
2022-02-25 09:47:00,1085,1085,1085,1085,0
2022-02-25 09:48:00,1085,1085,1085,1085,21000
2022-02-25 09:49:00,1085,1085,1085,1085,0
2022-02-25 09:50:00,1085,1085,1085,1085,0
2022-02-25 09:51:00,1085,1085,1085,1085,49000
2022-02-25 09:52:00,1085,1085,1085,1085,0
2022-02-25 09:53:00,1080,1080,1090,1090,3500
2022-02-25 09:54:00,1090,1090,1090,1090,800
2022-02-25 09:55:00,1080,1080,1080,1080,200
2022-02-25 09:56:00,1080,1080,1080,1080,5000
2022-02-25 09:57:00,1080,1080,1080,1080,0
2022-02-25 09:58:00,1080,1080,1080,1080,18300
2022-02-25 09:59:00,1085,1085,1085,1085,1000
2022-02-25 10:00:00,1085,1080,1085,1080,1000
2022-02-25 10:01:00,1080,1080,1080,1080,5000
2022-02-25 10:02:00,1080,1080,1080,1080,0
2022-02-25 10:03:00,1080,1080,1085,1085,300
2022-02-25 10:04:00,1085,1085,1085,1085,400
2022-02-25 10:05:00,1080,1080,1080,1080,2000
2022-02-25 10:06:00,1080,1080,1085,1080,32100
2022-02-25 10:07:00,1080,1080,1080,1080,200
2022-02-25 10:08:00,1080,1080,1080,1080,0
2022-02-25 10:09:00,1080,1080,1080,1080,100
2022-02-25 10:10:00,1080,1080,1080,1080,100
2022-02-25 10:11:00,1080,1080,1080,1080,0
2022-02-25 10:12:00,1080,1080,1080,1080,2000
2022-02-25 10:13:00,1080,1080,1080,1080,0
2022-02-25 10:14:00,1085,1085,1085,1085,100
2022-02-25 10:15:00,1085,1085,1085,1085,7000
2022-02-25 10:16:00,1085,1085,1085,1085,1000
2022-02-25 10:17:00,1080,1080,1080,1080,2500
2022-02-25 10:18:00,1080,1080,1080,1080,0
2022-02-25 10:19:00,1080,1080,1080,1080,12200
2022-02-25 10:20:00,1080,1080,1080,1080,1400
2022-02-25 10:21:00,1080,1080,1080,1080,16900
2022-02-25 10:22:00,1080,1080,1080,1080,100
2022-02-25 10:23:00,1080,1080,1080,1080,47200
2022-02-25 10:24:00,1080,1080,1080,1080,0
2022-02-25 10:25:00,1085,1085,1090,1090,62200
2022-02-25 10:26:00,1095,1095,1100,1100,392600
2022-02-25 10:27:00,1100,1100,1110,1110,486200
2022-02-25 10:28:00,1110,1110,1115,1115,305900
2022-02-25 10:29:00,1115,1110,1115,1115,200100
2022-02-25 10:30:00,1115,1115,1120,1120,178400
2022-02-25 10:31:00,1120,1120,1120,1120,253900
2022-02-25 10:32:00,1120,1120,1120,1120,259300
2022-02-25 10:33:00,1120,1120,1120,1120,106700
2022-02-25 10:34:00,1120,1120,1125,1125,532200
2022-02-25 10:35:00,1125,1120,1125,1125,428900
2022-02-25 10:36:00,1125,1115,1130,1125,222900
2022-02-25 10:37:00,1130,1125,1130,1130,101900
2022-02-25 10:38:00,1130,1130,1130,1130,1500
2022-02-25 10:39:00,1130,1125,1130,1130,6000
2022-02-25 10:40:00,1130,1130,1130,1130,1600
2022-02-25 10:41:00,1130,1130,1130,1130,2500
2022-02-25 10:42:00,1125,1125,1125,1125,121500
2022-02-25 10:43:00,1125,1120,1125,1120,149900
2022-02-25 10:44:00,1115,1115,1115,1115,2700
2022-02-25 10:45:00,1115,1115,1120,1120,74600
2022-02-25 10:46:00,1115,1115,1115,1115,4700
2022-02-25 10:47:00,1115,1115,1115,1115,1100
2022-02-25 10:48:00,1115,1115,1115,1115,2100
2022-02-25 10:49:00,1115,1115,1115,1115,500
2022-02-25 10:50:00,1115,1115,1120,1120,600
2022-02-25 10:51:00,1115,1115,1115,1115,1000
2022-02-25 10:52:00,1115,1115,1115,1115,0
2022-02-25 10:53:00,1115,1115,1115,1115,8100
2022-02-25 10:54:00,1115,1115,1115,1115,0
2022-02-25 10:55:00,1115,1115,1115,1115,0
2022-02-25 10:56:00,1115,1115,1115,1115,0
2022-02-25 10:57:00,1115,1115,1115,1115,1500
2022-02-25 10:58:00,1115,1115,1115,1115,7200
2022-02-25 10:59:00,1120,1120,1120,1120,500
2022-02-25 11:00:00,1120,1120,1120,1120,0
2022-02-25 11:01:00,1120,1115,1120,1115,8900
2022-02-25 11:02:00,1120,1115,1120,1115,0
2022-02-25 11:03:00,1120,1115,1120,1115,0
2022-02-25 11:04:00,1115,1115,1115,1115,100
2022-02-25 11:05:00,1115,1115,1115,1115,900
2022-02-25 11:06:00,1115,1115,1115,1115,10000
2022-02-25 11:07:00,1115,1115,1115,1115,600
2022-02-25 11:08:00,1115,1115,1115,1115,5000
2022-02-25 11:09:00,1115,1115,1115,1115,0
2022-02-25 11:10:00,1115,1115,1115,1115,0
2022-02-25 11:11:00,1115,1115,1115,1115,0
2022-02-25 11:12:00,1115,1115,1115,1115,0
2022-02-25 11:13:00,1115,1115,1115,1115,800
2022-02-25 11:14:00,1115,1115,1115,1115,1000
2022-02-25 11:15:00,1115,1115,1115,1115,0
2022-02-25 11:16:00,1115,1115,1115,1115,0
2022-02-25 11:17:00,1115,1115,1115,1115,0
2022-02-25 11:18:00,1115,1115,1115,1115,12000
2022-02-25 11:19:00,1115,1115,1115,1115,100
2022-02-25 11:20:00,1115,1115,1115,1115,0
2022-02-25 11:21:00,1115,1115,1115,1115,500
2022-02-25 11:22:00,1115,1115,1115,1115,100
2022-02-25 11:23:00,1115,1115,1120,1120,4500
2022-02-25 11:24:00,1115,1115,1115,1115,4300
2022-02-25 11:25:00,1115,1115,1115,1115,0
2022-02-25 11:26:00,1120,1115,1120,1115,2700
2022-02-25 11:27:00,1115,1115,1115,1115,100
2022-02-25 11:28:00,1115,1115,1115,1115,2500
2022-02-25 11:29:00,1115,1115,1115,1115,2500
2022-02-25 11:30:00,1115,1115,1115,1115,0
2022-02-25 11:31:00,1115,1115,1115,1115,0
2022-02-25 11:32:00,1115,1115,1115,1115,0
2022-02-25 11:33:00,1115,1115,1115,1115,0
2022-02-25 11:34:00,1115,1115,1115,1115,0
2022-02-25 11:35:00,1115,1115,1115,1115,0
2022-02-25 11:36:00,1115,1115,1115,1115,0
2022-02-25 11:37:00,1115,1115,1115,1115,0
2022-02-25 11:38:00,1115,1115,1115,1115,0
2022-02-25 11:39:00,1115,1115,1115,1115,0
2022-02-25 11:40:00,1115,1115,1115,1115,0
2022-02-25 11:41:00,1115,1115,1115,1115,0
2022-02-25 11:42:00,1115,1115,1115,1115,0
2022-02-25 11:43:00,1115,1115,1115,1115,0
2022-02-25 11:44:00,1115,1115,1115,1115,0
2022-02-25 11:45:00,1115,1115,1115,1115,0
2022-02-25 11:46:00,1115,1115,1115,1115,0
2022-02-25 11:47:00,1115,1115,1115,1115,0
2022-02-25 11:48:00,1115,1115,1115,1115,0
2022-02-25 11:49:00,1115,1115,1115,1115,0
2022-02-25 11:50:00,1115,1115,1115,1115,0
2022-02-25 11:51:00,1115,1115,1115,1115,0
2022-02-25 11:52:00,1115,1115,1115,1115,0
2022-02-25 11:53:00,1115,1115,1115,1115,0
2022-02-25 11:54:00,1115,1115,1115,1115,0
2022-02-25 11:55:00,1115,1115,1115,1115,0
2022-02-25 11:56:00,1115,1115,1115,1115,0
2022-02-25 11:57:00,1115,1115,1115,1115,0
2022-02-25 11:58:00,1115,1115,1115,1115,0
2022-02-25 11:59:00,1115,1115,1115,1115,0
2022-02-25 12:00:00,1115,1115,1115,1115,0
2022-02-25 12:01:00,1115,1115,1115,1115,0
2022-02-25 12:02:00,1115,1115,1115,1115,0
2022-02-25 12:03:00,1115,1115,1115,1115,0
2022-02-25 12:04:00,1115,1115,1115,1115,0
2022-02-25 12:05:00,1115,1115,1115,1115,0
2022-02-25 12:06:00,1115,1115,1115,1115,0
2022-02-25 12:07:00,1115,1115,1115,1115,0
2022-02-25 12:08:00,1115,1115,1115,1115,0
2022-02-25 12:09:00,1115,1115,1115,1115,0
2022-02-25 12:10:00,1115,1115,1115,1115,0
2022-02-25 12:11:00,1115,1115,1115,1115,0
2022-02-25 12:12:00,1115,1115,1115,1115,0
2022-02-25 12:13:00,1115,1115,1115,1115,0
2022-02-25 12:14:00,1115,1115,1115,1115,0
2022-02-25 12:15:00,1115,1115,1115,1115,0
2022-02-25 12:16:00,1115,1115,1115,1115,0
2022-02-25 12:17:00,1115,1115,1115,1115,0
2022-02-25 12:18:00,1115,1115,1115,1115,0
2022-02-25 12:19:00,1115,1115,1115,1115,0
2022-02-25 12:20:00,1115,1115,1115,1115,0
2022-02-25 12:21:00,1115,1115,1115,1115,0
2022-02-25 12:22:00,1115,1115,1115,1115,0
2022-02-25 12:23:00,1115,1115,1115,1115,0
2022-02-25 12:24:00,1115,1115,1115,1115,0
2022-02-25 12:25:00,1115,1115,1115,1115,0
2022-02-25 12:26:00,1115,1115,1115,1115,0
2022-02-25 12:27:00,1115,1115,1115,1115,0
2022-02-25 12:28:00,1115,1115,1115,1115,0
2022-02-25 12:29:00,1115,1115,1115,1115,0
2022-02-25 12:30:00,1115,1115,1115,1115,0
2022-02-25 12:31:00,1115,1115,1115,1115,0
2022-02-25 12:32:00,1115,1115,1115,1115,0
2022-02-25 12:33:00,1115,1115,1115,1115,0
2022-02-25 12:34:00,1115,1115,1115,1115,0
2022-02-25 12:35:00,1115,1115,1115,1115,0
2022-02-25 12:36:00,1115,1115,1115,1115,0
2022-02-25 12:37:00,1115,1115,1115,1115,0
2022-02-25 12:38:00,1115,1115,1115,1115,0
2022-02-25 12:39:00,1115,1115,1115,1115,0
2022-02-25 12:40:00,1115,1115,1115,1115,0
2022-02-25 12:41:00,1115,1115,1115,1115,0
2022-02-25 12:42:00,1115,1115,1115,1115,0
2022-02-25 12:43:00,1115,1115,1115,1115,0
2022-02-25 12:44:00,1115,1115,1115,1115,0
2022-02-25 12:45:00,1115,1115,1115,1115,0
2022-02-25 12:46:00,1115,1115,1115,1115,0
2022-02-25 12:47:00,1115,1115,1115,1115,0
2022-02-25 12:48:00,1115,1115,1115,1115,0
2022-02-25 12:49:00,1115,1115,1115,1115,0
2022-02-25 12:50:00,1115,1115,1115,1115,0
2022-02-25 12:51:00,1115,1115,1115,1115,0
2022-02-25 12:52:00,1115,1115,1115,1115,0
2022-02-25 12:53:00,1115,1115,1115,1115,0
2022-02-25 12:54:00,1115,1115,1115,1115,0
2022-02-25 12:55:00,1115,1115,1115,1115,0
2022-02-25 12:56:00,1115,1115,1115,1115,0
2022-02-25 12:57:00,1115,1115,1115,1115,0
2022-02-25 12:58:00,1115,1115,1115,1115,0
2022-02-25 12:59:00,1115,1115,1115,1115,0
2022-02-25 13:00:00,1115,1115,1115,1115,0
2022-02-25 13:01:00,1115,1115,1115,1115,0
2022-02-25 13:02:00,1115,1115,1115,1115,0
2022-02-25 13:03:00,1115,1115,1115,1115,0
2022-02-25 13:04:00,1115,1115,1115,1115,0
2022-02-25 13:05:00,1115,1115,1115,1115,0
2022-02-25 13:06:00,1115,1115,1115,1115,0
2022-02-25 13:07:00,1115,1115,1115,1115,0
2022-02-25 13:08:00,1115,1115,1115,1115,0
2022-02-25 13:09:00,1115,1115,1115,1115,0
2022-02-25 13:10:00,1115,1115,1115,1115,0
2022-02-25 13:11:00,1115,1115,1115,1115,0
2022-02-25 13:12:00,1115,1115,1115,1115,0
2022-02-25 13:13:00,1115,1115,1115,1115,0
2022-02-25 13:14:00,1115,1115,1115,1115,0
2022-02-25 13:15:00,1115,1115,1115,1115,0
2022-02-25 13:16:00,1115,1115,1115,1115,0
2022-02-25 13:17:00,1115,1115,1115,1115,0
2022-02-25 13:18:00,1115,1115,1115,1115,0
2022-02-25 13:19:00,1115,1115,1115,1115,0
2022-02-25 13:20:00,1115,1115,1115,1115,0
2022-02-25 13:21:00,1115,1115,1115,1115,0
2022-02-25 13:22:00,1115,1115,1115,1115,0
2022-02-25 13:23:00,1115,1115,1115,1115,0
2022-02-25 13:24:00,1115,1115,1115,1115,0
2022-02-25 13:25:00,1115,1115,1115,1115,0
2022-02-25 13:26:00,1115,1115,1115,1115,0
2022-02-25 13:27:00,1115,1115,1115,1115,0
2022-02-25 13:28:00,1115,1115,1115,1115,0
2022-02-25 13:29:00,1115,1115,1115,1115,0
2022-02-25 13:30:00,1110,1110,1120,1120,49100
2022-02-25 13:31:00,1125,1125,1135,1135,106900
2022-02-25 13:32:00,1135,1130,1135,1135,688400
2022-02-25 13:33:00,1135,1130,1135,1130,1100
2022-02-25 13:34:00,1130,1130,1130,1130,5000
2022-02-25 13:35:00,1130,1130,1130,1130,14900
2022-02-25 13:36:00,1130,1130,1135,1135,200200
2022-02-25 13:37:00,1135,1130,1135,1135,202500
2022-02-25 13:38:00,1130,1130,1130,1130,107000
2022-02-25 13:39:00,1130,1125,1130,1125,151800
2022-02-25 13:40:00,1130,1130,1130,1130,100000
2022-02-25 13:41:00,1130,1130,1130,1130,4600
2022-02-25 13:42:00,1130,1130,1130,1130,900
2022-02-25 13:43:00,1125,1125,1125,1125,36700
2022-02-25 13:44:00,1125,1125,1125,1125,8100
2022-02-25 13:45:00,1125,1125,1125,1125,0
2022-02-25 13:46:00,1125,1125,1125,1125,34700
2022-02-25 13:47:00,1125,1125,1125,1125,11000
2022-02-25 13:48:00,1125,1120,1125,1125,54700
2022-02-25 13:49:00,1125,1120,1125,1125,0
2022-02-25 13:50:00,1120,1120,1120,1120,1100
2022-02-25 13:51:00,1120,1120,1120,1120,4800
2022-02-25 13:52:00,1120,1120,1120,1120,8100
2022-02-25 13:53:00,1120,1120,1120,1120,20700
2022-02-25 13:54:00,1120,1120,1120,1120,6900
2022-02-25 13:55:00,1120,1120,1120,1120,1000
2022-02-25 13:56:00,1120,1120,1120,1120,500
2022-02-25 13:57:00,1120,1120,1120,1120,400
2022-02-25 13:58:00,1120,1120,1120,1120,2500
2022-02-25 13:59:00,1125,1125,1125,1125,100
2022-02-25 14:00:00,1125,1125,1125,1125,0
2022-02-25 14:01:00,1125,1125,1125,1125,50000
2022-02-25 14:02:00,1125,1125,1125,1125,0
2022-02-25 14:03:00,1120,1120,1120,1120,11500
2022-02-25 14:04:00,1120,1115,1120,1115,102400
2022-02-25 14:05:00,1115,1115,1115,1115,11000
2022-02-25 14:06:00,1115,1115,1115,1115,0
2022-02-25 14:07:00,1115,1115,1115,1115,700
2022-02-25 14:08:00,1115,1115,1115,1115,0
2022-02-25 14:09:00,1115,1115,1115,1115,0
2022-02-25 14:10:00,1115,1115,1115,1115,500
2022-02-25 14:11:00,1115,1115,1115,1115,0
2022-02-25 14:12:00,1110,1110,1110,1110,3100
2022-02-25 14:13:00,1110,1110,1110,1110,500
2022-02-25 14:14:00,1110,1110,1110,1110,200
2022-02-25 14:15:00,1115,1115,1115,1115,4500
2022-02-25 14:16:00,1115,1115,1115,1115,0
2022-02-25 14:17:00,1115,1115,1115,1115,200
2022-02-25 14:18:00,1115,1115,1115,1115,0
2022-02-25 14:19:00,1115,1115,1115,1115,4500
2022-02-25 14:20:00,1115,1115,1115,1115,300
2022-02-25 14:21:00,1110,1110,1110,1110,27800
2022-02-25 14:22:00,1115,1115,1115,1115,2500
2022-02-25 14:23:00,1115,1110,1115,1110,10900
2022-02-25 14:24:00,1110,1110,1110,1110,73500
2022-02-25 14:25:00,1110,1110,1110,1110,0
2022-02-25 14:26:00,1110,1110,1110,1110,3000
2022-02-25 14:27:00,1110,1110,1110,1110,0
2022-02-25 14:28:00,1115,1110,1115,1115,210000
2022-02-25 14:29:00,1110,1110,1110,1110,900
2022-02-25 14:30:00,1110,1110,1110,1110,21000
2022-02-25 14:31:00,1110,1110,1110,1110,0
2022-02-25 14:32:00,1110,1110,1115,1115,4400
2022-02-25 14:33:00,1110,1110,1115,1115,0
2022-02-25 14:34:00,1110,1110,1115,1115,0
2022-02-25 14:35:00,1110,1110,1115,1115,0
2022-02-25 14:36:00,1115,1115,1115,1115,1000
2022-02-25 14:37:00,1115,1115,1115,1115,0
2022-02-25 14:38:00,1115,1110,1115,1110,11000
2022-02-25 14:39:00,1110,1110,1110,1110,200
2022-02-25 14:40:00,1110,1110,1110,1110,3700
2022-02-25 14:41:00,1110,1110,1110,1110,400
2022-02-25 14:42:00,1110,1110,1110,1110,2500
2022-02-25 14:43:00,1110,1110,1110,1110,0
2022-02-25 14:44:00,1110,1110,1110,1110,0
2022-02-25 14:45:00,1110,1110,1110,1110,0
2022-02-25 14:46:00,1110,1110,1110,1110,0
2022-02-25 14:47:00,1110,1110,1110,1110,0
2022-02-25 14:48:00,1110,1110,1115,1115,5000
2022-02-25 14:49:00,1110,1110,1110,1110,15700
2022-02-25 14:50:00,1110,1110,1110,1110,0
2022-02-25 14:51:00,1110,1110,1110,1110,0
2022-02-25 14:52:00,1110,1110,1110,1110,0
2022-02-25 14:53:00,1110,1110,1110,1110,0
2022-02-25 14:54:00,1110,1110,1110,1110,0
2022-02-25 14:55:00,1110,1110,1110,1110,0
2022-02-25 14:56:00,1110,1110,1110,1110,0
2022-02-25 14:57:00,1110,1110,1110,1110,0
2022-02-25 14:58:00,1110,1110,1110,1110,0
2022-02-25 14:59:00,1110,1110,1110,1110,0
2022-02-25 15:00:00,1105,1105,1105,1105,74000
2022-02-25 15:01:00,1105,1105,1105,1105,2200
2022-02-25 15:02:00,1105,1105,1105,1105,19800
2022-02-25 15:03:00,1105,1105,1105,1105,10600
2022-02-25 15:04:00,1105,1105,1105,1105,0
2022-02-25 15:05:00,1105,1105,1105,1105,2700
2022-02-25 15:06:00,1105,1105,1105,1105,2100
2022-02-25 15:07:00,1105,1105,1105,1105,900
2022-02-25 15:08:00,1105,1105,1105,1105,0
2022-02-25 15:09:00,1105,1105,1105,1105,2000
2022-02-25 15:10:00,1105,1105,1105,1105,900
2022-02-25 15:11:00,1105,1105,1105,1105,0
2022-02-25 15:12:00,1105,1105,1105,1105,12500
2022-02-25 15:13:00,1105,1105,1105,1105,100
2022-02-25 15:14:00,1105,1105,1105,1105,5000
2022-02-25 15:15:00,1105,1105,1105,1105,0
2022-02-25 15:16:00,1105,1105,1105,1105,0
2022-02-25 15:17:00,1105,1105,1105,1105,0
2022-02-25 15:18:00,1105,1105,1105,1105,0
2022-02-25 15:19:00,1105,1105,1105,1105,0
2022-02-25 15:20:00,1105,1105,1105,1105,0
2022-02-25 15:21:00,1105,1105,1105,1105,0
2022-02-25 15:22:00,1105,1105,1105,1105,0
2022-02-25 15:23:00,1105,1105,1105,1105,0
2022-02-25 15:24:00,1105,1105,1105,1105,0
2022-02-25 15:25:00,1105,1105,1105,1105,0
2022-02-25 15:26:00,1105,1105,1105,1105,0
2022-02-25 15:27:00,1105,1105,1105,1105,0
2022-02-25 15:28:00,1105,1105,1105,1105,0
2022-02-25 15:29:00,1105,1105,1105,1105,0
2022-02-25 15:30:00,1105,1105,1105,1105,0
2022-02-25 15:31:00,1105,1105,1105,1105,0
2022-02-25 15:32:00,1105,1105,1105,1105,0
2022-02-25 15:33:00,1105,1105,1105,1105,0
2022-02-25 15:34:00,1105,1105,1105,1105,0
2022-02-25 15:35:00,1105,1105,1105,1105,0
2022-02-25 15:36:00,1105,1105,1105,1105,0
2022-02-25 15:37:00,1105,1105,1105,1105,0
2022-02-25 15:38:00,1105,1105,1105,1105,0
2022-02-25 15:39:00,1105,1105,1105,1105,0
2022-02-25 15:40:00,1105,1105,1105,1105,0
2022-02-25 15:41:00,1105,1105,1105,1105,0
2022-02-25 15:42:00,1105,1105,1105,1105,0
2022-02-25 15:43:00,1105,1105,1105,1105,0
2022-02-25 15:44:00,1105,1105,1105,1105,0
2022-02-25 15:45:00,1105,1105,1105,1105,0
2022-02-25 15:46:00,1105,1105,1105,1105,0
2022-02-25 15:47:00,1105,1105,1105,1105,0
2022-02-25 15:48:00,1105,1105,1105,1105,0
2022-02-25 15:49:00,1105,1105,1105,1105,0
2022-02-25 15:50:00,1105,1105,1105,1105,0
2022-02-25 15:51:00,1105,1105,1105,1105,0
2022-02-25 15:52:00,1105,1105,1105,1105,0
2022-02-25 15:53:00,1105,1105,1105,1105,0
2022-02-25 15:54:00,1105,1105,1105,1105,0
2022-02-25 15:55:00,1105,1105,1105,1105,0
2022-02-25 15:56:00,1105,1105,1105,1105,0
2022-02-25 15:57:00,1105,1105,1105,1105,0
2022-02-25 15:58:00,1105,1105,1105,1105,0
2022-02-25 15:59:00,1105,1105,1105,1105,0
2022-02-28 09:00:00,1105,1105,1105,1105,0
2022-02-28 09:01:00,1105,1105,1105,1105,0
2022-02-28 09:02:00,1105,1105,1105,1105,0
2022-02-28 09:03:00,1105,1105,1105,1105,0
2022-02-28 09:04:00,1105,1105,1105,1105,0
2022-02-28 09:05:00,1105,1105,1105,1105,0
2022-02-28 09:06:00,1105,1105,1105,1105,0
2022-02-28 09:07:00,1105,1105,1105,1105,0
2022-02-28 09:08:00,1105,1105,1105,1105,0
2022-02-28 09:09:00,1105,1105,1105,1105,0
2022-02-28 09:10:00,1105,1105,1105,1105,0
2022-02-28 09:11:00,1105,1105,1105,1105,0
2022-02-28 09:12:00,1105,1105,1105,1105,0
2022-02-28 09:13:00,1105,1105,1105,1105,0
2022-02-28 09:14:00,1105,1105,1105,1105,0
2022-02-28 09:15:00,1105,1105,1105,1105,0
2022-02-28 09:16:00,1105,1105,1105,1105,0
2022-02-28 09:17:00,1105,1105,1105,1105,0
2022-02-28 09:18:00,1105,1105,1105,1105,0
2022-02-28 09:19:00,1105,1105,1105,1105,0
2022-02-28 09:20:00,1105,1105,1105,1105,0
2022-02-28 09:21:00,1105,1105,1105,1105,0
2022-02-28 09:22:00,1105,1105,1105,1105,0
2022-02-28 09:23:00,1105,1105,1105,1105,0
2022-02-28 09:24:00,1105,1105,1105,1105,0
2022-02-28 09:25:00,1105,1105,1105,1105,0
2022-02-28 09:26:00,1105,1105,1105,1105,0
2022-02-28 09:27:00,1105,1105,1105,1105,0
2022-02-28 09:28:00,1105,1105,1105,1105,0
2022-02-28 09:29:00,1105,1105,1105,1105,0
2022-02-28 09:30:00,1105,1105,1105,1105,0
2022-02-28 09:31:00,1105,1105,1105,1105,0
2022-02-28 09:32:00,1105,1105,1105,1105,0
2022-02-28 09:33:00,1105,1105,1105,1105,0
2022-02-28 09:34:00,1105,1105,1105,1105,0
2022-02-28 09:35:00,1105,1105,1105,1105,0
2022-02-28 09:36:00,1105,1105,1105,1105,0
2022-02-28 09:37:00,1105,1105,1105,1105,0
2022-02-28 09:38:00,1105,1105,1105,1105,0
2022-02-28 09:39:00,1105,1105,1105,1105,0
2022-02-28 09:40:00,1105,1105,1105,1105,0
2022-02-28 09:41:00,1105,1105,1105,1105,0
2022-02-28 09:42:00,1105,1105,1105,1105,0
2022-02-28 09:43:00,1105,1105,1105,1105,0
2022-02-28 09:44:00,1105,1105,1105,1105,0
2022-02-28 09:45:00,1105,1105,1105,1105,0
2022-02-28 09:46:00,1105,1105,1105,1105,0
2022-02-28 09:47:00,1105,1105,1105,1105,0
2022-02-28 09:48:00,1105,1105,1105,1105,0
2022-02-28 09:49:00,1105,1105,1105,1105,0
2022-02-28 09:50:00,1105,1105,1105,1105,0
2022-02-28 09:51:00,1105,1105,1105,1105,0
2022-02-28 09:52:00,1105,1105,1105,1105,0
2022-02-28 09:53:00,1105,1105,1105,1105,0
2022-02-28 09:54:00,1105,1105,1105,1105,0
2022-02-28 09:55:00,1105,1105,1105,1105,0
2022-02-28 09:56:00,1105,1105,1105,1105,0
2022-02-28 09:57:00,1105,1105,1105,1105,0
2022-02-28 09:58:00,1105,1105,1105,1105,0
2022-02-28 09:59:00,1105,1105,1105,1105,0
2022-02-28 10:00:00,1105,1105,1105,1105,0
2022-02-28 10:01:00,1105,1105,1105,1105,0
2022-02-28 10:02:00,1105,1105,1105,1105,0
2022-02-28 10:03:00,1105,1105,1105,1105,0
2022-02-28 10:04:00,1105,1105,1105,1105,0
2022-02-28 10:05:00,1105,1105,1105,1105,0
2022-02-28 10:06:00,1105,1105,1105,1105,0
2022-02-28 10:07:00,1105,1105,1105,1105,0
2022-02-28 10:08:00,1105,1105,1105,1105,0
2022-02-28 10:09:00,1105,1105,1105,1105,0
2022-02-28 10:10:00,1105,1105,1105,1105,0
2022-02-28 10:11:00,1105,1105,1105,1105,0
2022-02-28 10:12:00,1105,1105,1105,1105,0
2022-02-28 10:13:00,1105,1105,1105,1105,0
2022-02-28 10:14:00,1105,1105,1105,1105,0
2022-02-28 10:15:00,1105,1105,1105,1105,0
2022-02-28 10:16:00,1105,1105,1105,1105,0
2022-02-28 10:17:00,1105,1105,1105,1105,0
2022-02-28 10:18:00,1105,1105,1105,1105,0
2022-02-28 10:19:00,1105,1105,1105,1105,0
2022-02-28 10:20:00,1105,1105,1105,1105,0
2022-02-28 10:21:00,1105,1105,1105,1105,0
2022-02-28 10:22:00,1105,1105,1105,1105,0
2022-02-28 10:23:00,1105,1105,1105,1105,0
2022-02-28 10:24:00,1105,1105,1105,1105,0
2022-02-28 10:25:00,1105,1105,1105,1105,0
2022-02-28 10:26:00,1105,1105,1105,1105,0
2022-02-28 10:27:00,1105,1105,1105,1105,0
2022-02-28 10:28:00,1105,1105,1105,1105,0
2022-02-28 10:29:00,1105,1105,1105,1105,0
2022-02-28 10:30:00,1105,1105,1105,1105,0
2022-02-28 10:31:00,1105,1105,1105,1105,0
2022-02-28 10:32:00,1105,1105,1105,1105,0
2022-02-28 10:33:00,1105,1105,1105,1105,0
2022-02-28 10:34:00,1105,1105,1105,1105,0
2022-02-28 10:35:00,1105,1105,1105,1105,0
2022-02-28 10:36:00,1105,1105,1105,1105,0
2022-02-28 10:37:00,1105,1105,1105,1105,0
2022-02-28 10:38:00,1105,1105,1105,1105,0
2022-02-28 10:39:00,1105,1105,1105,1105,0
2022-02-28 10:40:00,1105,1105,1105,1105,0
2022-02-28 10:41:00,1105,1105,1105,1105,0
2022-02-28 10:42:00,1105,1105,1105,1105,0
2022-02-28 10:43:00,1105,1105,1105,1105,0
2022-02-28 10:44:00,1105,1105,1105,1105,0
2022-02-28 10:45:00,1105,1105,1105,1105,0
2022-02-28 10:46:00,1105,1105,1105,1105,0
2022-02-28 10:47:00,1105,1105,1105,1105,0
2022-02-28 10:48:00,1105,1105,1105,1105,0
2022-02-28 10:49:00,1105,1105,1105,1105,0
2022-02-28 10:50:00,1105,1105,1105,1105,0
2022-02-28 10:51:00,1105,1105,1105,1105,0
2022-02-28 10:52:00,1105,1105,1105,1105,0
2022-02-28 10:53:00,1105,1105,1105,1105,0
2022-02-28 10:54:00,1105,1105,1105,1105,0
2022-02-28 10:55:00,1105,1105,1105,1105,0
2022-02-28 10:56:00,1105,1105,1105,1105,0
2022-02-28 10:57:00,1105,1105,1105,1105,0
2022-02-28 10:58:00,1105,1105,1105,1105,0
2022-02-28 10:59:00,1105,1105,1105,1105,0
2022-02-28 11:00:00,1105,1105,1105,1105,0
2022-02-28 11:01:00,1105,1105,1105,1105,0
2022-02-28 11:02:00,1105,1105,1105,1105,0
2022-02-28 11:03:00,1105,1105,1105,1105,0
2022-02-28 11:04:00,1105,1105,1105,1105,0
2022-02-28 11:05:00,1105,1105,1105,1105,0
2022-02-28 11:06:00,1105,1105,1105,1105,0
2022-02-28 11:07:00,1105,1105,1105,1105,0
2022-02-28 11:08:00,1105,1105,1105,1105,0
2022-02-28 11:09:00,1105,1105,1105,1105,0
2022-02-28 11:10:00,1105,1105,1105,1105,0
2022-02-28 11:11:00,1105,1105,1105,1105,0
2022-02-28 11:12:00,1105,1105,1105,1105,0
2022-02-28 11:13:00,1105,1105,1105,1105,0
2022-02-28 11:14:00,1105,1105,1105,1105,0
2022-02-28 11:15:00,1105,1105,1105,1105,0
2022-02-28 11:16:00,1105,1105,1105,1105,0
2022-02-28 11:17:00,1105,1105,1105,1105,0
2022-02-28 11:18:00,1105,1105,1105,1105,0
2022-02-28 11:19:00,1105,1105,1105,1105,0
2022-02-28 11:20:00,1105,1105,1105,1105,0
2022-02-28 11:21:00,1105,1105,1105,1105,0
2022-02-28 11:22:00,1105,1105,1105,1105,0
2022-02-28 11:23:00,1105,1105,1105,1105,0
2022-02-28 11:24:00,1105,1105,1105,1105,0
2022-02-28 11:25:00,1105,1105,1105,1105,0
2022-02-28 11:26:00,1105,1105,1105,1105,0
2022-02-28 11:27:00,1105,1105,1105,1105,0
2022-02-28 11:28:00,1105,1105,1105,1105,0
2022-02-28 11:29:00,1105,1105,1105,1105,0
2022-02-28 11:30:00,1105,1105,1105,1105,0
2022-02-28 11:31:00,1105,1105,1105,1105,0
2022-02-28 11:32:00,1105,1105,1105,1105,0
2022-02-28 11:33:00,1105,1105,1105,1105,0
2022-02-28 11:34:00,1105,1105,1105,1105,0
2022-02-28 11:35:00,1105,1105,1105,1105,0
2022-02-28 11:36:00,1105,1105,1105,1105,0
2022-02-28 11:37:00,1105,1105,1105,1105,0
2022-02-28 11:38:00,1105,1105,1105,1105,0
2022-02-28 11:39:00,1105,1105,1105,1105,0
2022-02-28 11:40:00,1105,1105,1105,1105,0
2022-02-28 11:41:00,1105,1105,1105,1105,0
2022-02-28 11:42:00,1105,1105,1105,1105,0
2022-02-28 11:43:00,1105,1105,1105,1105,0
2022-02-28 11:44:00,1105,1105,1105,1105,0
2022-02-28 11:45:00,1105,1105,1105,1105,0
2022-02-28 11:46:00,1105,1105,1105,1105,0
2022-02-28 11:47:00,1105,1105,1105,1105,0
2022-02-28 11:48:00,1105,1105,1105,1105,0
2022-02-28 11:49:00,1105,1105,1105,1105,0
2022-02-28 11:50:00,1105,1105,1105,1105,0
2022-02-28 11:51:00,1105,1105,1105,1105,0
2022-02-28 11:52:00,1105,1105,1105,1105,0
2022-02-28 11:53:00,1105,1105,1105,1105,0
2022-02-28 11:54:00,1105,1105,1105,1105,0
2022-02-28 11:55:00,1105,1105,1105,1105,0
2022-02-28 11:56:00,1105,1105,1105,1105,0
2022-02-28 11:57:00,1105,1105,1105,1105,0
2022-02-28 11:58:00,1105,1105,1105,1105,0
2022-02-28 11:59:00,1105,1105,1105,1105,0
2022-02-28 12:00:00,1105,1105,1105,1105,0
2022-02-28 12:01:00,1105,1105,1105,1105,0
2022-02-28 12:02:00,1105,1105,1105,1105,0
2022-02-28 12:03:00,1105,1105,1105,1105,0
2022-02-28 12:04:00,1105,1105,1105,1105,0
2022-02-28 12:05:00,1105,1105,1105,1105,0
2022-02-28 12:06:00,1105,1105,1105,1105,0
2022-02-28 12:07:00,1105,1105,1105,1105,0
2022-02-28 12:08:00,1105,1105,1105,1105,0
2022-02-28 12:09:00,1105,1105,1105,1105,0
2022-02-28 12:10:00,1105,1105,1105,1105,0
2022-02-28 12:11:00,1105,1105,1105,1105,0
2022-02-28 12:12:00,1105,1105,1105,1105,0
2022-02-28 12:13:00,1105,1105,1105,1105,0
2022-02-28 12:14:00,1105,1105,1105,1105,0
2022-02-28 12:15:00,1105,1105,1105,1105,0
2022-02-28 12:16:00,1105,1105,1105,1105,0
2022-02-28 12:17:00,1105,1105,1105,1105,0
2022-02-28 12:18:00,1105,1105,1105,1105,0
2022-02-28 12:19:00,1105,1105,1105,1105,0
2022-02-28 12:20:00,1105,1105,1105,1105,0
2022-02-28 12:21:00,1105,1105,1105,1105,0
2022-02-28 12:22:00,1105,1105,1105,1105,0
2022-02-28 12:23:00,1105,1105,1105,1105,0
2022-02-28 12:24:00,1105,1105,1105,1105,0
2022-02-28 12:25:00,1105,1105,1105,1105,0
2022-02-28 12:26:00,1105,1105,1105,1105,0
2022-02-28 12:27:00,1105,1105,1105,1105,0
2022-02-28 12:28:00,1105,1105,1105,1105,0
2022-02-28 12:29:00,1105,1105,1105,1105,0
2022-02-28 12:30:00,1105,1105,1105,1105,0
2022-02-28 12:31:00,1105,1105,1105,1105,0
2022-02-28 12:32:00,1105,1105,1105,1105,0
2022-02-28 12:33:00,1105,1105,1105,1105,0
2022-02-28 12:34:00,1105,1105,1105,1105,0
2022-02-28 12:35:00,1105,1105,1105,1105,0
2022-02-28 12:36:00,1105,1105,1105,1105,0
2022-02-28 12:37:00,1105,1105,1105,1105,0
2022-02-28 12:38:00,1105,1105,1105,1105,0
2022-02-28 12:39:00,1105,1105,1105,1105,0
2022-02-28 12:40:00,1105,1105,1105,1105,0
2022-02-28 12:41:00,1105,1105,1105,1105,0
2022-02-28 12:42:00,1105,1105,1105,1105,0
2022-02-28 12:43:00,1105,1105,1105,1105,0
2022-02-28 12:44:00,1105,1105,1105,1105,0
2022-02-28 12:45:00,1105,1105,1105,1105,0
2022-02-28 12:46:00,1105,1105,1105,1105,0
2022-02-28 12:47:00,1105,1105,1105,1105,0
2022-02-28 12:48:00,1105,1105,1105,1105,0
2022-02-28 12:49:00,1105,1105,1105,1105,0
2022-02-28 12:50:00,1105,1105,1105,1105,0
2022-02-28 12:51:00,1105,1105,1105,1105,0
2022-02-28 12:52:00,1105,1105,1105,1105,0
2022-02-28 12:53:00,1105,1105,1105,1105,0
2022-02-28 12:54:00,1105,1105,1105,1105,0
2022-02-28 12:55:00,1105,1105,1105,1105,0
2022-02-28 12:56:00,1105,1105,1105,1105,0
2022-02-28 12:57:00,1105,1105,1105,1105,0
2022-02-28 12:58:00,1105,1105,1105,1105,0
2022-02-28 12:59:00,1105,1105,1105,1105,0
2022-02-28 13:00:00,1105,1105,1105,1105,0
2022-02-28 13:01:00,1105,1105,1105,1105,0
2022-02-28 13:02:00,1105,1105,1105,1105,0
2022-02-28 13:03:00,1105,1105,1105,1105,0
2022-02-28 13:04:00,1105,1105,1105,1105,0
2022-02-28 13:05:00,1105,1105,1105,1105,0
2022-02-28 13:06:00,1105,1105,1105,1105,0
2022-02-28 13:07:00,1105,1105,1105,1105,0
2022-02-28 13:08:00,1105,1105,1105,1105,0
2022-02-28 13:09:00,1105,1105,1105,1105,0
2022-02-28 13:10:00,1105,1105,1105,1105,0
2022-02-28 13:11:00,1105,1105,1105,1105,0
2022-02-28 13:12:00,1105,1105,1105,1105,0
2022-02-28 13:13:00,1105,1105,1105,1105,0
2022-02-28 13:14:00,1105,1105,1105,1105,0
2022-02-28 13:15:00,1105,1105,1105,1105,0
2022-02-28 13:16:00,1105,1105,1105,1105,0
2022-02-28 13:17:00,1105,1105,1105,1105,0
2022-02-28 13:18:00,1105,1105,1105,1105,0
2022-02-28 13:19:00,1105,1105,1105,1105,0
2022-02-28 13:20:00,1105,1105,1105,1105,0
2022-02-28 13:21:00,1105,1105,1105,1105,0
2022-02-28 13:22:00,1105,1105,1105,1105,0
2022-02-28 13:23:00,1105,1105,1105,1105,0
2022-02-28 13:24:00,1105,1105,1105,1105,0
2022-02-28 13:25:00,1105,1105,1105,1105,0
2022-02-28 13:26:00,1105,1105,1105,1105,0
2022-02-28 13:27:00,1105,1105,1105,1105,0
2022-02-28 13:28:00,1105,1105,1105,1105,0
2022-02-28 13:29:00,1105,1105,1105,1105,0
2022-02-28 13:30:00,1105,1105,1105,1105,0
2022-02-28 13:31:00,1105,1105,1105,1105,0
2022-02-28 13:32:00,1105,1105,1105,1105,0
2022-02-28 13:33:00,1105,1105,1105,1105,0
2022-02-28 13:34:00,1105,1105,1105,1105,0
2022-02-28 13:35:00,1105,1105,1105,1105,0
2022-02-28 13:36:00,1105,1105,1105,1105,0
2022-02-28 13:37:00,1105,1105,1105,1105,0
2022-02-28 13:38:00,1105,1105,1105,1105,0
2022-02-28 13:39:00,1105,1105,1105,1105,0
2022-02-28 13:40:00,1105,1105,1105,1105,0
2022-02-28 13:41:00,1105,1105,1105,1105,0
2022-02-28 13:42:00,1105,1105,1105,1105,0
2022-02-28 13:43:00,1105,1105,1105,1105,0
2022-02-28 13:44:00,1105,1105,1105,1105,0
2022-02-28 13:45:00,1105,1105,1105,1105,0
2022-02-28 13:46:00,1105,1105,1105,1105,0
2022-02-28 13:47:00,1105,1105,1105,1105,0
2022-02-28 13:48:00,1105,1105,1105,1105,0
2022-02-28 13:49:00,1105,1105,1105,1105,0
2022-02-28 13:50:00,1105,1105,1105,1105,0
2022-02-28 13:51:00,1105,1105,1105,1105,0
2022-02-28 13:52:00,1105,1105,1105,1105,0
2022-02-28 13:53:00,1105,1105,1105,1105,0
2022-02-28 13:54:00,1105,1105,1105,1105,0
2022-02-28 13:55:00,1105,1105,1105,1105,0
2022-02-28 13:56:00,1105,1105,1105,1105,0
2022-02-28 13:57:00,1105,1105,1105,1105,0
2022-02-28 13:58:00,1105,1105,1105,1105,0
2022-02-28 13:59:00,1105,1105,1105,1105,0
2022-02-28 14:00:00,1105,1105,1105,1105,0
2022-02-28 14:01:00,1105,1105,1105,1105,0
2022-02-28 14:02:00,1105,1105,1105,1105,0
2022-02-28 14:03:00,1105,1105,1105,1105,0
2022-02-28 14:04:00,1105,1105,1105,1105,0
2022-02-28 14:05:00,1105,1105,1105,1105,0
2022-02-28 14:06:00,1105,1105,1105,1105,0
2022-02-28 14:07:00,1105,1105,1105,1105,0
2022-02-28 14:08:00,1105,1105,1105,1105,0
2022-02-28 14:09:00,1105,1105,1105,1105,0
2022-02-28 14:10:00,1105,1105,1105,1105,0
2022-02-28 14:11:00,1105,1105,1105,1105,0
2022-02-28 14:12:00,1105,1105,1105,1105,0
2022-02-28 14:13:00,1105,1105,1105,1105,0
2022-02-28 14:14:00,1105,1105,1105,1105,0
2022-02-28 14:15:00,1105,1105,1105,1105,0
2022-02-28 14:16:00,1105,1105,1105,1105,0
2022-02-28 14:17:00,1105,1105,1105,1105,0
2022-02-28 14:18:00,1105,1105,1105,1105,0
2022-02-28 14:19:00,1105,1105,1105,1105,0
2022-02-28 14:20:00,1105,1105,1105,1105,0
2022-02-28 14:21:00,1105,1105,1105,1105,0
2022-02-28 14:22:00,1105,1105,1105,1105,0
2022-02-28 14:23:00,1105,1105,1105,1105,0
2022-02-28 14:24:00,1105,1105,1105,1105,0
2022-02-28 14:25:00,1105,1105,1105,1105,0
2022-02-28 14:26:00,1105,1105,1105,1105,0
2022-02-28 14:27:00,1105,1105,1105,1105,0
2022-02-28 14:28:00,1105,1105,1105,1105,0
2022-02-28 14:29:00,1105,1105,1105,1105,0
2022-02-28 14:30:00,1105,1105,1105,1105,0
2022-02-28 14:31:00,1105,1105,1105,1105,0
2022-02-28 14:32:00,1105,1105,1105,1105,0
2022-02-28 14:33:00,1105,1105,1105,1105,0
2022-02-28 14:34:00,1105,1105,1105,1105,0
2022-02-28 14:35:00,1105,1105,1105,1105,0
2022-02-28 14:36:00,1105,1105,1105,1105,0
2022-02-28 14:37:00,1105,1105,1105,1105,0
2022-02-28 14:38:00,1105,1105,1105,1105,0
2022-02-28 14:39:00,1105,1105,1105,1105,0
2022-02-28 14:40:00,1105,1105,1105,1105,0
2022-02-28 14:41:00,1105,1105,1105,1105,0
2022-02-28 14:42:00,1105,1105,1105,1105,0
2022-02-28 14:43:00,1105,1105,1105,1105,0
2022-02-28 14:44:00,1105,1105,1105,1105,0
2022-02-28 14:45:00,1105,1105,1105,1105,0
2022-02-28 14:46:00,1105,1105,1105,1105,0
2022-02-28 14:47:00,1105,1105,1105,1105,0
2022-02-28 14:48:00,1105,1105,1105,1105,0
2022-02-28 14:49:00,1105,1105,1105,1105,0
2022-02-28 14:50:00,1105,1105,1105,1105,0
2022-02-28 14:51:00,1105,1105,1105,1105,0
2022-02-28 14:52:00,1105,1105,1105,1105,0
2022-02-28 14:53:00,1105,1105,1105,1105,0
2022-02-28 14:54:00,1105,1105,1105,1105,0
2022-02-28 14:55:00,1105,1105,1105,1105,0
2022-02-28 14:56:00,1105,1105,1105,1105,0
2022-02-28 14:57:00,1105,1105,1105,1105,0
2022-02-28 14:58:00,1105,1105,1105,1105,0
2022-02-28 14:59:00,1105,1105,1105,1105,0
2022-02-28 15:00:00,1105,1105,1105,1105,0
2022-02-28 15:01:00,1105,1105,1105,1105,0
2022-02-28 15:02:00,1105,1105,1105,1105,0
2022-02-28 15:03:00,1105,1105,1105,1105,0
2022-02-28 15:04:00,1105,1105,1105,1105,0
2022-02-28 15:05:00,1105,1105,1105,1105,0
2022-02-28 15:06:00,1105,1105,1105,1105,0
2022-02-28 15:07:00,1105,1105,1105,1105,0
2022-02-28 15:08:00,1105,1105,1105,1105,0
2022-02-28 15:09:00,1105,1105,1105,1105,0
2022-02-28 15:10:00,1105,1105,1105,1105,0
2022-02-28 15:11:00,1105,1105,1105,1105,0
2022-02-28 15:12:00,1105,1105,1105,1105,0
2022-02-28 15:13:00,1105,1105,1105,1105,0
2022-02-28 15:14:00,1105,1105,1105,1105,0
2022-02-28 15:15:00,1105,1105,1105,1105,0
2022-02-28 15:16:00,1105,1105,1105,1105,0
2022-02-28 15:17:00,1105,1105,1105,1105,0
2022-02-28 15:18:00,1105,1105,1105,1105,0
2022-02-28 15:19:00,1105,1105,1105,1105,0
2022-02-28 15:20:00,1105,1105,1105,1105,0
2022-02-28 15:21:00,1105,1105,1105,1105,0
2022-02-28 15:22:00,1105,1105,1105,1105,0
2022-02-28 15:23:00,1105,1105,1105,1105,0
2022-02-28 15:24:00,1105,1105,1105,1105,0
2022-02-28 15:25:00,1105,1105,1105,1105,0
2022-02-28 15:26:00,1105,1105,1105,1105,0
2022-02-28 15:27:00,1105,1105,1105,1105,0
2022-02-28 15:28:00,1105,1105,1105,1105,0
2022-02-28 15:29:00,1105,1105,1105,1105,0
2022-02-28 15:30:00,1105,1105,1105,1105,0
2022-02-28 15:31:00,1105,1105,1105,1105,0
2022-02-28 15:32:00,1105,1105,1105,1105,0
2022-02-28 15:33:00,1105,1105,1105,1105,0
2022-02-28 15:34:00,1105,1105,1105,1105,0
2022-02-28 15:35:00,1105,1105,1105,1105,0
2022-02-28 15:36:00,1105,1105,1105,1105,0
2022-02-28 15:37:00,1105,1105,1105,1105,0
2022-02-28 15:38:00,1105,1105,1105,1105,0
2022-02-28 15:39:00,1105,1105,1105,1105,0
2022-02-28 15:40:00,1105,1105,1105,1105,0
2022-02-28 15:41:00,1105,1105,1105,1105,0
2022-02-28 15:42:00,1105,1105,1105,1105,0
2022-02-28 15:43:00,1105,1105,1105,1105,0
2022-02-28 15:44:00,1105,1105,1105,1105,0
2022-02-28 15:45:00,1105,1105,1105,1105,0
2022-02-28 15:46:00,1105,1105,1105,1105,0
2022-02-28 15:47:00,1105,1105,1105,1105,0
2022-02-28 15:48:00,1105,1105,1105,1105,0
2022-02-28 15:49:00,1105,1105,1105,1105,0
2022-02-28 15:50:00,1105,1105,1105,1105,0
2022-02-28 15:51:00,1105,1105,1105,1105,0
2022-02-28 15:52:00,1105,1105,1105,1105,0
2022-02-28 15:53:00,1105,1105,1105,1105,0
2022-02-28 15:54:00,1105,1105,1105,1105,0
2022-02-28 15:55:00,1105,1105,1105,1105,0
2022-02-28 15:56:00,1105,1105,1105,1105,0
2022-02-28 15:57:00,1105,1105,1105,1105,0
2022-02-28 15:58:00,1105,1105,1105,1105,0
2022-02-28 15:59:00,1105,1105,1105,1105,0
2022-03-01 09:00:00,1105,1105,1110,1110,0
2022-03-01 09:01:00,1110,1110,1110,1110,301600
2022-03-01 09:02:00,1110,1110,1110,1110,1400
2022-03-01 09:03:00,1110,1110,1110,1110,2600
2022-03-01 09:04:00,1110,1110,1110,1110,0
2022-03-01 09:05:00,1105,1105,1105,1105,264000
2022-03-01 09:06:00,1100,1100,1105,1105,54600
2022-03-01 09:07:00,1100,1100,1100,1100,3600
2022-03-01 09:08:00,1100,1095,1100,1095,500
2022-03-01 09:09:00,1090,1090,1090,1090,3900
2022-03-01 09:10:00,1090,1085,1090,1085,1900
2022-03-01 09:11:00,1085,1085,1090,1090,3300
2022-03-01 09:12:00,1090,1090,1090,1090,302900
2022-03-01 09:13:00,1090,1090,1090,1090,0
2022-03-01 09:14:00,1095,1095,1095,1095,100000
2022-03-01 09:15:00,1095,1095,1095,1095,310000
2022-03-01 09:16:00,1095,1090,1095,1095,130300
2022-03-01 09:17:00,1090,1090,1090,1090,2700
2022-03-01 09:18:00,1095,1095,1095,1095,100
2022-03-01 09:19:00,1095,1090,1095,1090,31400
2022-03-01 09:20:00,1090,1090,1100,1100,136700
2022-03-01 09:21:00,1100,1100,1100,1100,162700
2022-03-01 09:22:00,1100,1100,1100,1100,100100
2022-03-01 09:23:00,1100,1100,1100,1100,184400
2022-03-01 09:24:00,1100,1100,1100,1100,15700
2022-03-01 09:25:00,1095,1095,1095,1095,4900
2022-03-01 09:26:00,1095,1095,1095,1095,100
2022-03-01 09:27:00,1100,1095,1110,1110,478700
2022-03-01 09:28:00,1110,1110,1115,1115,188400
2022-03-01 09:29:00,1110,1110,1115,1115,35100
2022-03-01 09:30:00,1110,1110,1110,1110,200
2022-03-01 09:31:00,1110,1110,1110,1110,2500
2022-03-01 09:32:00,1110,1110,1110,1110,4000
2022-03-01 09:33:00,1110,1110,1110,1110,1400
2022-03-01 09:34:00,1110,1110,1110,1110,0
2022-03-01 09:35:00,1110,1110,1110,1110,0
2022-03-01 09:36:00,1105,1105,1105,1105,500
2022-03-01 09:37:00,1105,1105,1105,1105,700
2022-03-01 09:38:00,1105,1105,1105,1105,0
2022-03-01 09:39:00,1105,1100,1105,1100,500
2022-03-01 09:40:00,1105,1100,1105,1100,0
2022-03-01 09:41:00,1100,1100,1100,1100,20000
2022-03-01 09:42:00,1105,1105,1105,1105,100
2022-03-01 09:43:00,1105,1105,1105,1105,0
2022-03-01 09:44:00,1110,1110,1110,1110,3600
2022-03-01 09:45:00,1110,1110,1110,1110,0
2022-03-01 09:46:00,1110,1110,1110,1110,0
2022-03-01 09:47:00,1105,1100,1105,1100,157500
2022-03-01 09:48:00,1100,1100,1100,1100,300
2022-03-01 09:49:00,1105,1105,1105,1105,100
2022-03-01 09:50:00,1100,1100,1100,1100,900
2022-03-01 09:51:00,1100,1100,1100,1100,0
2022-03-01 09:52:00,1095,1095,1095,1095,200
2022-03-01 09:53:00,1100,1100,1100,1100,200
2022-03-01 09:54:00,1095,1095,1095,1095,11400
2022-03-01 09:55:00,1090,1085,1090,1085,24000
2022-03-01 09:56:00,1085,1085,1085,1085,2000
2022-03-01 09:57:00,1085,1085,1085,1085,0
2022-03-01 09:58:00,1090,1090,1090,1090,1000
2022-03-01 09:59:00,1090,1075,1090,1080,303600
2022-03-01 10:00:00,1085,1085,1105,1105,153500
2022-03-01 10:01:00,1085,1085,1105,1105,0
2022-03-01 10:02:00,1085,1085,1105,1105,0
2022-03-01 10:03:00,1095,1095,1100,1100,1200
2022-03-01 10:04:00,1095,1095,1100,1100,0
2022-03-01 10:05:00,1095,1095,1100,1100,0
2022-03-01 10:06:00,1095,1095,1095,1095,1600
2022-03-01 10:07:00,1095,1095,1095,1095,0
2022-03-01 10:08:00,1095,1095,1095,1095,0
2022-03-01 10:09:00,1095,1095,1095,1095,100
2022-03-01 10:10:00,1095,1095,1095,1095,100
2022-03-01 10:11:00,1095,1095,1095,1095,200
2022-03-01 10:12:00,1095,1095,1095,1095,0
2022-03-01 10:13:00,1095,1095,1095,1095,0
2022-03-01 10:14:00,1095,1095,1095,1095,1000
2022-03-01 10:15:00,1095,1095,1095,1095,0
2022-03-01 10:16:00,1100,1100,1100,1100,300
2022-03-01 10:17:00,1100,1100,1100,1100,0
2022-03-01 10:18:00,1100,1100,1100,1100,0
2022-03-01 10:19:00,1100,1100,1100,1100,0
2022-03-01 10:20:00,1100,1100,1100,1100,0
2022-03-01 10:21:00,1095,1095,1095,1095,2000
2022-03-01 10:22:00,1095,1095,1095,1095,0
2022-03-01 10:23:00,1095,1095,1095,1095,0
2022-03-01 10:24:00,1095,1095,1095,1095,0
2022-03-01 10:25:00,1095,1095,1095,1095,0
2022-03-01 10:26:00,1095,1095,1095,1095,0
2022-03-01 10:27:00,1095,1095,1095,1095,0
2022-03-01 10:28:00,1100,1095,1100,1095,2600
2022-03-01 10:29:00,1100,1095,1100,1095,0
2022-03-01 10:30:00,1100,1095,1100,1095,0
2022-03-01 10:31:00,1100,1095,1100,1095,0
2022-03-01 10:32:00,1095,1095,1095,1095,4000
2022-03-01 10:33:00,1095,1095,1095,1095,0
2022-03-01 10:34:00,1095,1095,1095,1095,0
2022-03-01 10:35:00,1095,1095,1095,1095,0
2022-03-01 10:36:00,1095,1095,1095,1095,0
2022-03-01 10:37:00,1095,1095,1095,1095,0
2022-03-01 10:38:00,1095,1095,1095,1095,0
2022-03-01 10:39:00,1095,1095,1095,1095,200
2022-03-01 10:40:00,1095,1095,1095,1095,0
2022-03-01 10:41:00,1095,1095,1095,1095,0
2022-03-01 10:42:00,1100,1100,1100,1100,3600
2022-03-01 10:43:00,1100,1100,1100,1100,1000
2022-03-01 10:44:00,1100,1100,1100,1100,0
2022-03-01 10:45:00,1095,1095,1095,1095,200
2022-03-01 10:46:00,1095,1095,1095,1095,0
2022-03-01 10:47:00,1095,1095,1095,1095,0
2022-03-01 10:48:00,1095,1095,1095,1095,0
2022-03-01 10:49:00,1095,1095,1095,1095,0
2022-03-01 10:50:00,1095,1095,1095,1095,0
2022-03-01 10:51:00,1095,1095,1095,1095,1000
2022-03-01 10:52:00,1100,1100,1100,1100,100
2022-03-01 10:53:00,1100,1100,1100,1100,100
2022-03-01 10:54:00,1100,1100,1100,1100,500
2022-03-01 10:55:00,1100,1100,1100,1100,4200
2022-03-01 10:56:00,1100,1100,1100,1100,900
2022-03-01 10:57:00,1100,1100,1100,1100,0
2022-03-01 10:58:00,1105,1105,1105,1105,100
2022-03-01 10:59:00,1105,1105,1105,1105,200
2022-03-01 11:00:00,1105,1105,1105,1105,0
2022-03-01 11:01:00,1105,1105,1105,1105,0
2022-03-01 11:02:00,1105,1105,1105,1105,0
2022-03-01 11:03:00,1105,1105,1105,1105,0
2022-03-01 11:04:00,1105,1105,1105,1105,100
2022-03-01 11:05:00,1105,1105,1105,1105,0
2022-03-01 11:06:00,1100,1100,1100,1100,700
2022-03-01 11:07:00,1100,1100,1100,1100,20700
2022-03-01 11:08:00,1100,1100,1100,1100,0
2022-03-01 11:09:00,1100,1100,1100,1100,100
2022-03-01 11:10:00,1100,1100,1100,1100,0
2022-03-01 11:11:00,1100,1100,1100,1100,100
2022-03-01 11:12:00,1100,1100,1100,1100,100
2022-03-01 11:13:00,1100,1100,1100,1100,0
2022-03-01 11:14:00,1100,1100,1100,1100,0
2022-03-01 11:15:00,1100,1100,1100,1100,0
2022-03-01 11:16:00,1100,1100,1100,1100,0
2022-03-01 11:17:00,1100,1100,1100,1100,200
2022-03-01 11:18:00,1100,1100,1100,1100,0
2022-03-01 11:19:00,1100,1100,1100,1100,0
2022-03-01 11:20:00,1100,1100,1100,1100,0
2022-03-01 11:21:00,1100,1100,1100,1100,0
2022-03-01 11:22:00,1100,1100,1100,1100,100
2022-03-01 11:23:00,1100,1100,1100,1100,0
2022-03-01 11:24:00,1100,1100,1100,1100,0
2022-03-01 11:25:00,1100,1100,1100,1100,0
2022-03-01 11:26:00,1100,1100,1100,1100,0
2022-03-01 11:27:00,1100,1100,1100,1100,12700
2022-03-01 11:28:00,1100,1100,1100,1100,0
2022-03-01 11:29:00,1100,1100,1100,1100,0
2022-03-01 11:30:00,1100,1100,1100,1100,0
2022-03-01 11:31:00,1100,1100,1100,1100,0
2022-03-01 11:32:00,1100,1100,1100,1100,0
2022-03-01 11:33:00,1100,1100,1100,1100,0
2022-03-01 11:34:00,1100,1100,1100,1100,0
2022-03-01 11:35:00,1100,1100,1100,1100,0
2022-03-01 11:36:00,1100,1100,1100,1100,0
2022-03-01 11:37:00,1100,1100,1100,1100,0
2022-03-01 11:38:00,1100,1100,1100,1100,0
2022-03-01 11:39:00,1100,1100,1100,1100,0
2022-03-01 11:40:00,1100,1100,1100,1100,0
2022-03-01 11:41:00,1100,1100,1100,1100,0
2022-03-01 11:42:00,1100,1100,1100,1100,0
2022-03-01 11:43:00,1100,1100,1100,1100,0
2022-03-01 11:44:00,1100,1100,1100,1100,0
2022-03-01 11:45:00,1100,1100,1100,1100,0
2022-03-01 11:46:00,1100,1100,1100,1100,0
2022-03-01 11:47:00,1100,1100,1100,1100,0
2022-03-01 11:48:00,1100,1100,1100,1100,0
2022-03-01 11:49:00,1100,1100,1100,1100,0
2022-03-01 11:50:00,1100,1100,1100,1100,0
2022-03-01 11:51:00,1100,1100,1100,1100,0
2022-03-01 11:52:00,1100,1100,1100,1100,0
2022-03-01 11:53:00,1100,1100,1100,1100,0
2022-03-01 11:54:00,1100,1100,1100,1100,0
2022-03-01 11:55:00,1100,1100,1100,1100,0
2022-03-01 11:56:00,1100,1100,1100,1100,0
2022-03-01 11:57:00,1100,1100,1100,1100,0
2022-03-01 11:58:00,1100,1100,1100,1100,0
2022-03-01 11:59:00,1100,1100,1100,1100,0
2022-03-01 12:00:00,1100,1100,1100,1100,0
2022-03-01 12:01:00,1100,1100,1100,1100,0
2022-03-01 12:02:00,1100,1100,1100,1100,0
2022-03-01 12:03:00,1100,1100,1100,1100,0
2022-03-01 12:04:00,1100,1100,1100,1100,0
2022-03-01 12:05:00,1100,1100,1100,1100,0
2022-03-01 12:06:00,1100,1100,1100,1100,0
2022-03-01 12:07:00,1100,1100,1100,1100,0
2022-03-01 12:08:00,1100,1100,1100,1100,0
2022-03-01 12:09:00,1100,1100,1100,1100,0
2022-03-01 12:10:00,1100,1100,1100,1100,0
2022-03-01 12:11:00,1100,1100,1100,1100,0
2022-03-01 12:12:00,1100,1100,1100,1100,0
2022-03-01 12:13:00,1100,1100,1100,1100,0
2022-03-01 12:14:00,1100,1100,1100,1100,0
2022-03-01 12:15:00,1100,1100,1100,1100,0
2022-03-01 12:16:00,1100,1100,1100,1100,0
2022-03-01 12:17:00,1100,1100,1100,1100,0
2022-03-01 12:18:00,1100,1100,1100,1100,0
2022-03-01 12:19:00,1100,1100,1100,1100,0
2022-03-01 12:20:00,1100,1100,1100,1100,0
2022-03-01 12:21:00,1100,1100,1100,1100,0
2022-03-01 12:22:00,1100,1100,1100,1100,0
2022-03-01 12:23:00,1100,1100,1100,1100,0
2022-03-01 12:24:00,1100,1100,1100,1100,0
2022-03-01 12:25:00,1100,1100,1100,1100,0
2022-03-01 12:26:00,1100,1100,1100,1100,0
2022-03-01 12:27:00,1100,1100,1100,1100,0
2022-03-01 12:28:00,1100,1100,1100,1100,0
2022-03-01 12:29:00,1100,1100,1100,1100,0
2022-03-01 12:30:00,1100,1100,1100,1100,0
2022-03-01 12:31:00,1100,1100,1100,1100,0
2022-03-01 12:32:00,1100,1100,1100,1100,0
2022-03-01 12:33:00,1100,1100,1100,1100,0
2022-03-01 12:34:00,1100,1100,1100,1100,0
2022-03-01 12:35:00,1100,1100,1100,1100,0
2022-03-01 12:36:00,1100,1100,1100,1100,0
2022-03-01 12:37:00,1100,1100,1100,1100,0
2022-03-01 12:38:00,1100,1100,1100,1100,0
2022-03-01 12:39:00,1100,1100,1100,1100,0
2022-03-01 12:40:00,1100,1100,1100,1100,0
2022-03-01 12:41:00,1100,1100,1100,1100,0
2022-03-01 12:42:00,1100,1100,1100,1100,0
2022-03-01 12:43:00,1100,1100,1100,1100,0
2022-03-01 12:44:00,1100,1100,1100,1100,0
2022-03-01 12:45:00,1100,1100,1100,1100,0
2022-03-01 12:46:00,1100,1100,1100,1100,0
2022-03-01 12:47:00,1100,1100,1100,1100,0
2022-03-01 12:48:00,1100,1100,1100,1100,0
2022-03-01 12:49:00,1100,1100,1100,1100,0
2022-03-01 12:50:00,1100,1100,1100,1100,0
2022-03-01 12:51:00,1100,1100,1100,1100,0
2022-03-01 12:52:00,1100,1100,1100,1100,0
2022-03-01 12:53:00,1100,1100,1100,1100,0
2022-03-01 12:54:00,1100,1100,1100,1100,0
2022-03-01 12:55:00,1100,1100,1100,1100,0
2022-03-01 12:56:00,1100,1100,1100,1100,0
2022-03-01 12:57:00,1100,1100,1100,1100,0
2022-03-01 12:58:00,1100,1100,1100,1100,0
2022-03-01 12:59:00,1100,1100,1100,1100,0
2022-03-01 13:00:00,1100,1100,1100,1100,0
2022-03-01 13:01:00,1100,1100,1100,1100,0
2022-03-01 13:02:00,1100,1100,1100,1100,0
2022-03-01 13:03:00,1100,1100,1100,1100,0
2022-03-01 13:04:00,1100,1100,1100,1100,0
2022-03-01 13:05:00,1100,1100,1100,1100,0
2022-03-01 13:06:00,1100,1100,1100,1100,0
2022-03-01 13:07:00,1100,1100,1100,1100,0
2022-03-01 13:08:00,1100,1100,1100,1100,0
2022-03-01 13:09:00,1100,1100,1100,1100,0
2022-03-01 13:10:00,1100,1100,1100,1100,0
2022-03-01 13:11:00,1100,1100,1100,1100,0
2022-03-01 13:12:00,1100,1100,1100,1100,0
2022-03-01 13:13:00,1100,1100,1100,1100,0
2022-03-01 13:14:00,1100,1100,1100,1100,0
2022-03-01 13:15:00,1100,1100,1100,1100,0
2022-03-01 13:16:00,1100,1100,1100,1100,0
2022-03-01 13:17:00,1100,1100,1100,1100,0
2022-03-01 13:18:00,1100,1100,1100,1100,0
2022-03-01 13:19:00,1100,1100,1100,1100,0
2022-03-01 13:20:00,1100,1100,1100,1100,0
2022-03-01 13:21:00,1100,1100,1100,1100,0
2022-03-01 13:22:00,1100,1100,1100,1100,0
2022-03-01 13:23:00,1100,1100,1100,1100,0
2022-03-01 13:24:00,1100,1100,1100,1100,0
2022-03-01 13:25:00,1100,1100,1100,1100,0
2022-03-01 13:26:00,1100,1100,1100,1100,0
2022-03-01 13:27:00,1100,1100,1100,1100,0
2022-03-01 13:28:00,1100,1100,1100,1100,0
2022-03-01 13:29:00,1100,1100,1100,1100,0
2022-03-01 13:30:00,1105,1100,1105,1105,49700
2022-03-01 13:31:00,1105,1105,1105,1105,202000
2022-03-01 13:32:00,1105,1105,1105,1105,0
2022-03-01 13:33:00,1105,1105,1105,1105,0
2022-03-01 13:34:00,1100,1100,1100,1100,10300
2022-03-01 13:35:00,1100,1100,1100,1100,0
2022-03-01 13:36:00,1100,1100,1100,1100,0
2022-03-01 13:37:00,1100,1100,1100,1100,0
2022-03-01 13:38:00,1100,1100,1100,1100,0
2022-03-01 13:39:00,1100,1100,1100,1100,0
2022-03-01 13:40:00,1105,1105,1105,1105,600
2022-03-01 13:41:00,1105,1105,1105,1105,0
2022-03-01 13:42:00,1105,1105,1105,1105,0
2022-03-01 13:43:00,1105,1105,1105,1105,9200
2022-03-01 13:44:00,1105,1105,1105,1105,0
2022-03-01 13:45:00,1105,1105,1105,1105,0
2022-03-01 13:46:00,1105,1105,1105,1105,0
2022-03-01 13:47:00,1105,1105,1105,1105,0
2022-03-01 13:48:00,1105,1105,1105,1105,100
2022-03-01 13:49:00,1100,1100,1100,1100,1400
2022-03-01 13:50:00,1100,1100,1100,1100,3000
2022-03-01 13:51:00,1100,1100,1100,1100,12000
2022-03-01 13:52:00,1100,1100,1100,1100,0
2022-03-01 13:53:00,1100,1100,1100,1100,1000
2022-03-01 13:54:00,1100,1100,1100,1100,0
2022-03-01 13:55:00,1100,1100,1100,1100,1600
2022-03-01 13:56:00,1100,1100,1100,1100,1600
2022-03-01 13:57:00,1100,1100,1100,1100,0
2022-03-01 13:58:00,1100,1100,1100,1100,0
2022-03-01 13:59:00,1100,1100,1100,1100,0
2022-03-01 14:00:00,1100,1100,1100,1100,0
2022-03-01 14:01:00,1100,1100,1100,1100,0
2022-03-01 14:02:00,1100,1100,1100,1100,0
2022-03-01 14:03:00,1100,1100,1100,1100,200
2022-03-01 14:04:00,1100,1100,1100,1100,0
2022-03-01 14:05:00,1100,1100,1100,1100,0
2022-03-01 14:06:00,1100,1100,1100,1100,50000
2022-03-01 14:07:00,1100,1100,1100,1100,0
2022-03-01 14:08:00,1100,1100,1100,1100,0
2022-03-01 14:09:00,1100,1100,1100,1100,0
2022-03-01 14:10:00,1100,1100,1100,1100,0
2022-03-01 14:11:00,1100,1100,1100,1100,200
2022-03-01 14:12:00,1100,1100,1100,1100,0
2022-03-01 14:13:00,1100,1100,1100,1100,1500
2022-03-01 14:14:00,1100,1100,1100,1100,5000
2022-03-01 14:15:00,1100,1100,1100,1100,0
2022-03-01 14:16:00,1100,1100,1100,1100,1500
2022-03-01 14:17:00,1095,1095,1095,1095,4000
2022-03-01 14:18:00,1095,1095,1095,1095,6200
2022-03-01 14:19:00,1095,1095,1095,1095,5000
2022-03-01 14:20:00,1095,1095,1095,1095,500
2022-03-01 14:21:00,1095,1095,1095,1095,0
2022-03-01 14:22:00,1095,1095,1095,1095,0
2022-03-01 14:23:00,1095,1095,1095,1095,8600
2022-03-01 14:24:00,1095,1095,1095,1095,600
2022-03-01 14:25:00,1095,1095,1095,1095,0
2022-03-01 14:26:00,1095,1095,1095,1095,0
2022-03-01 14:27:00,1095,1095,1095,1095,900
2022-03-01 14:28:00,1095,1095,1095,1095,0
2022-03-01 14:29:00,1095,1095,1095,1095,0
2022-03-01 14:30:00,1095,1095,1095,1095,0
2022-03-01 14:31:00,1095,1095,1095,1095,0
2022-03-01 14:32:00,1095,1095,1095,1095,0
2022-03-01 14:33:00,1100,1100,1100,1100,300000
2022-03-01 14:34:00,1100,1100,1100,1100,30000
2022-03-01 14:35:00,1100,1095,1100,1095,2500
2022-03-01 14:36:00,1100,1100,1100,1100,24400
2022-03-01 14:37:00,1105,1105,1105,1105,283000
2022-03-01 14:38:00,1105,1105,1105,1105,4000
2022-03-01 14:39:00,1105,1105,1105,1105,300
2022-03-01 14:40:00,1105,1105,1105,1105,100
2022-03-01 14:41:00,1105,1105,1105,1105,300
2022-03-01 14:42:00,1100,1100,1100,1100,900
2022-03-01 14:43:00,1095,1090,1095,1090,88100
2022-03-01 14:44:00,1090,1085,1090,1085,10600
2022-03-01 14:45:00,1090,1090,1090,1090,100
2022-03-01 14:46:00,1090,1085,1090,1085,2400
2022-03-01 14:47:00,1085,1085,1085,1085,5000
2022-03-01 14:48:00,1090,1085,1090,1085,6300
2022-03-01 14:49:00,1085,1085,1085,1085,1100
2022-03-01 14:50:00,1085,1085,1085,1085,0
2022-03-01 14:51:00,1085,1085,1085,1085,0
2022-03-01 14:52:00,1085,1085,1085,1085,0
2022-03-01 14:53:00,1085,1085,1085,1085,0
2022-03-01 14:54:00,1085,1085,1085,1085,0
2022-03-01 14:55:00,1085,1085,1085,1085,0
2022-03-01 14:56:00,1085,1085,1085,1085,0
2022-03-01 14:57:00,1085,1085,1085,1085,0
2022-03-01 14:58:00,1085,1085,1085,1085,0
2022-03-01 14:59:00,1085,1085,1085,1085,0
2022-03-01 15:00:00,1085,1085,1085,1085,16700
2022-03-01 15:01:00,1085,1085,1085,1085,1200
2022-03-01 15:02:00,1085,1085,1085,1085,2800
2022-03-01 15:03:00,1085,1085,1085,1085,300
2022-03-01 15:04:00,1085,1085,1085,1085,1500
2022-03-01 15:05:00,1085,1085,1085,1085,0
2022-03-01 15:06:00,1085,1085,1085,1085,5000
2022-03-01 15:07:00,1085,1085,1085,1085,700
2022-03-01 15:08:00,1085,1085,1085,1085,0
2022-03-01 15:09:00,1085,1085,1085,1085,0
2022-03-01 15:10:00,1085,1085,1085,1085,0
2022-03-01 15:11:00,1085,1085,1085,1085,0
2022-03-01 15:12:00,1085,1085,1085,1085,0
2022-03-01 15:13:00,1085,1085,1085,1085,1100
2022-03-01 15:14:00,1085,1085,1085,1085,0
2022-03-01 15:15:00,1085,1085,1085,1085,0
2022-03-01 15:16:00,1085,1085,1085,1085,0
2022-03-01 15:17:00,1085,1085,1085,1085,0
2022-03-01 15:18:00,1085,1085,1085,1085,0
2022-03-01 15:19:00,1085,1085,1085,1085,0
2022-03-01 15:20:00,1085,1085,1085,1085,0
2022-03-01 15:21:00,1085,1085,1085,1085,0
2022-03-01 15:22:00,1085,1085,1085,1085,0
2022-03-01 15:23:00,1085,1085,1085,1085,0
2022-03-01 15:24:00,1085,1085,1085,1085,0
2022-03-01 15:25:00,1085,1085,1085,1085,0
2022-03-01 15:26:00,1085,1085,1085,1085,0
2022-03-01 15:27:00,1085,1085,1085,1085,0
2022-03-01 15:28:00,1085,1085,1085,1085,0
2022-03-01 15:29:00,1085,1085,1085,1085,0
2022-03-01 15:30:00,1085,1085,1085,1085,0
2022-03-01 15:31:00,1085,1085,1085,1085,0
2022-03-01 15:32:00,1085,1085,1085,1085,0
2022-03-01 15:33:00,1085,1085,1085,1085,0
2022-03-01 15:34:00,1085,1085,1085,1085,0
2022-03-01 15:35:00,1085,1085,1085,1085,0
2022-03-01 15:36:00,1085,1085,1085,1085,0
2022-03-01 15:37:00,1085,1085,1085,1085,0
2022-03-01 15:38:00,1085,1085,1085,1085,0
2022-03-01 15:39:00,1085,1085,1085,1085,0
2022-03-01 15:40:00,1085,1085,1085,1085,0
2022-03-01 15:41:00,1085,1085,1085,1085,0
2022-03-01 15:42:00,1085,1085,1085,1085,0
2022-03-01 15:43:00,1085,1085,1085,1085,0
2022-03-01 15:44:00,1085,1085,1085,1085,0
2022-03-01 15:45:00,1085,1085,1085,1085,0
2022-03-01 15:46:00,1085,1085,1085,1085,0
2022-03-01 15:47:00,1085,1085,1085,1085,0
2022-03-01 15:48:00,1085,1085,1085,1085,0
2022-03-01 15:49:00,1085,1085,1085,1085,0
2022-03-01 15:50:00,1085,1085,1085,1085,0
2022-03-01 15:51:00,1085,1085,1085,1085,0
2022-03-01 15:52:00,1085,1085,1085,1085,0
2022-03-01 15:53:00,1085,1085,1085,1085,0
2022-03-01 15:54:00,1085,1085,1085,1085,0
2022-03-01 15:55:00,1085,1085,1085,1085,0
2022-03-01 15:56:00,1085,1085,1085,1085,0
2022-03-01 15:57:00,1085,1085,1085,1085,0
2022-03-01 15:58:00,1085,1085,1085,1085,0
2022-03-01 15:59:00,1085,1085,1085,1085,0
2022-03-02 09:00:00,1085,1085,1085,1085,0
2022-03-02 09:01:00,1085,1085,1085,1085,0
2022-03-02 09:02:00,1085,1085,1085,1085,0
2022-03-02 09:03:00,1080,1080,1080,1080,200
2022-03-02 09:04:00,1075,1070,1075,1070,18800
2022-03-02 09:05:00,1065,1065,1065,1065,100
2022-03-02 09:06:00,1065,1060,1065,1065,3700
2022-03-02 09:07:00,1060,1060,1065,1065,10600
2022-03-02 09:08:00,1065,1065,1065,1065,600
2022-03-02 09:09:00,1065,1065,1065,1065,500
2022-03-02 09:10:00,1065,1065,1065,1065,150200
2022-03-02 09:11:00,1060,1060,1065,1065,594200
2022-03-02 09:12:00,1065,1065,1065,1065,13500
2022-03-02 09:13:00,1070,1065,1070,1065,513500
2022-03-02 09:14:00,1070,1070,1070,1070,12700
2022-03-02 09:15:00,1070,1070,1070,1070,0
2022-03-02 09:16:00,1075,1075,1075,1075,80000
2022-03-02 09:17:00,1075,1075,1080,1080,231500
2022-03-02 09:18:00,1080,1080,1090,1090,141500
2022-03-02 09:19:00,1090,1090,1090,1090,100100
2022-03-02 09:20:00,1090,1090,1100,1100,185000
2022-03-02 09:21:00,1095,1095,1105,1105,344400
2022-03-02 09:22:00,1105,1100,1105,1100,95000
2022-03-02 09:23:00,1100,1095,1100,1095,6500
2022-03-02 09:24:00,1095,1095,1095,1095,800
2022-03-02 09:25:00,1095,1095,1095,1095,0
2022-03-02 09:26:00,1100,1095,1100,1100,4500
2022-03-02 09:27:00,1095,1095,1095,1095,26300
2022-03-02 09:28:00,1095,1095,1095,1095,0
2022-03-02 09:29:00,1090,1090,1090,1090,1000
2022-03-02 09:30:00,1090,1090,1090,1090,0
2022-03-02 09:31:00,1090,1090,1090,1090,11700
2022-03-02 09:32:00,1090,1090,1090,1090,0
2022-03-02 09:33:00,1090,1090,1090,1090,100
2022-03-02 09:34:00,1090,1090,1090,1090,0
2022-03-02 09:35:00,1095,1095,1095,1095,3100
2022-03-02 09:36:00,1095,1095,1095,1095,400
2022-03-02 09:37:00,1095,1095,1095,1095,100
2022-03-02 09:38:00,1095,1095,1095,1095,0
2022-03-02 09:39:00,1095,1090,1095,1090,1000
2022-03-02 09:40:00,1095,1090,1095,1090,0
2022-03-02 09:41:00,1095,1095,1095,1095,100
2022-03-02 09:42:00,1095,1095,1095,1095,0
2022-03-02 09:43:00,1090,1090,1090,1090,1000
2022-03-02 09:44:00,1090,1090,1090,1090,0
2022-03-02 09:45:00,1095,1095,1095,1095,7100
2022-03-02 09:46:00,1090,1090,1090,1090,1000
2022-03-02 09:47:00,1090,1090,1090,1090,1000
2022-03-02 09:48:00,1090,1090,1095,1095,5600
2022-03-02 09:49:00,1095,1095,1095,1095,9300
2022-03-02 09:50:00,1095,1095,1095,1095,0
2022-03-02 09:51:00,1095,1095,1095,1095,200
2022-03-02 09:52:00,1095,1095,1095,1095,0
2022-03-02 09:53:00,1095,1095,1095,1095,0
2022-03-02 09:54:00,1095,1095,1095,1095,0
2022-03-02 09:55:00,1095,1090,1095,1090,1200
2022-03-02 09:56:00,1090,1090,1090,1090,100
2022-03-02 09:57:00,1090,1090,1090,1090,500
2022-03-02 09:58:00,1090,1090,1090,1090,700
2022-03-02 09:59:00,1090,1090,1090,1090,0
2022-03-02 10:00:00,1090,1090,1090,1090,0
2022-03-02 10:01:00,1090,1090,1090,1090,0
2022-03-02 10:02:00,1090,1090,1090,1090,18500
2022-03-02 10:03:00,1090,1090,1090,1090,3200
2022-03-02 10:04:00,1090,1090,1090,1090,200
2022-03-02 10:05:00,1090,1090,1090,1090,5300
2022-03-02 10:06:00,1090,1090,1090,1090,0
2022-03-02 10:07:00,1090,1090,1090,1090,0
2022-03-02 10:08:00,1090,1090,1090,1090,0
2022-03-02 10:09:00,1090,1090,1090,1090,0
2022-03-02 10:10:00,1090,1090,1090,1090,0
2022-03-02 10:11:00,1090,1090,1090,1090,0
2022-03-02 10:12:00,1090,1090,1090,1090,0
2022-03-02 10:13:00,1090,1090,1090,1090,100
2022-03-02 10:14:00,1090,1090,1090,1090,0
2022-03-02 10:15:00,1085,1085,1085,1085,300
2022-03-02 10:16:00,1085,1085,1085,1085,200
2022-03-02 10:17:00,1085,1085,1085,1085,0
2022-03-02 10:18:00,1085,1085,1085,1085,0
2022-03-02 10:19:00,1085,1085,1085,1085,0
2022-03-02 10:20:00,1090,1090,1095,1095,30700
2022-03-02 10:21:00,1100,1100,1100,1100,70000
2022-03-02 10:22:00,1100,1100,1100,1100,800
2022-03-02 10:23:00,1100,1100,1100,1100,600
2022-03-02 10:24:00,1105,1105,1110,1110,136900
2022-03-02 10:25:00,1110,1105,1110,1110,110200
2022-03-02 10:26:00,1105,1105,1115,1115,252300
2022-03-02 10:27:00,1115,1115,1120,1120,358200
2022-03-02 10:28:00,1120,1115,1120,1115,15000
2022-03-02 10:29:00,1115,1115,1120,1115,21700
2022-03-02 10:30:00,1115,1115,1115,1115,1500
2022-03-02 10:31:00,1115,1115,1115,1115,8700
2022-03-02 10:32:00,1115,1115,1115,1115,0
2022-03-02 10:33:00,1115,1115,1115,1115,2000
2022-03-02 10:34:00,1115,1115,1120,1120,11100
2022-03-02 10:35:00,1110,1110,1110,1110,13500
2022-03-02 10:36:00,1110,1110,1110,1110,100
2022-03-02 10:37:00,1110,1110,1110,1110,0
2022-03-02 10:38:00,1110,1110,1110,1110,0
2022-03-02 10:39:00,1110,1110,1115,1115,700
2022-03-02 10:40:00,1120,1120,1120,1120,500
2022-03-02 10:41:00,1120,1120,1120,1120,0
2022-03-02 10:42:00,1110,1110,1110,1110,2000
2022-03-02 10:43:00,1115,1115,1115,1115,200
2022-03-02 10:44:00,1115,1115,1115,1115,0
2022-03-02 10:45:00,1115,1115,1115,1115,0
2022-03-02 10:46:00,1110,1110,1110,1110,24700
2022-03-02 10:47:00,1110,1110,1110,1110,10500
2022-03-02 10:48:00,1110,1110,1110,1110,5000
2022-03-02 10:49:00,1110,1110,1110,1110,2000
2022-03-02 10:50:00,1115,1115,1115,1115,1600
2022-03-02 10:51:00,1115,1115,1115,1115,0
2022-03-02 10:52:00,1110,1110,1110,1110,900
2022-03-02 10:53:00,1110,1110,1110,1110,0
2022-03-02 10:54:00,1110,1110,1110,1110,0
2022-03-02 10:55:00,1110,1110,1110,1110,0
2022-03-02 10:56:00,1110,1110,1110,1110,8800
2022-03-02 10:57:00,1110,1110,1110,1110,700
2022-03-02 10:58:00,1110,1110,1110,1110,0
2022-03-02 10:59:00,1110,1110,1110,1110,15700
2022-03-02 11:00:00,1110,1110,1110,1110,0
2022-03-02 11:01:00,1110,1110,1110,1110,0
2022-03-02 11:02:00,1110,1110,1110,1110,0
2022-03-02 11:03:00,1110,1110,1110,1110,0
2022-03-02 11:04:00,1110,1110,1110,1110,0
2022-03-02 11:05:00,1110,1110,1110,1110,0
2022-03-02 11:06:00,1110,1110,1110,1110,0
2022-03-02 11:07:00,1110,1110,1110,1110,0
2022-03-02 11:08:00,1110,1110,1110,1110,0
2022-03-02 11:09:00,1110,1110,1110,1110,0
2022-03-02 11:10:00,1110,1110,1110,1110,0
2022-03-02 11:11:00,1110,1110,1110,1110,0
2022-03-02 11:12:00,1105,1105,1105,1105,32100
2022-03-02 11:13:00,1105,1105,1105,1105,2200
2022-03-02 11:14:00,1105,1105,1105,1105,0
2022-03-02 11:15:00,1105,1105,1105,1105,0
2022-03-02 11:16:00,1100,1100,1100,1100,700
2022-03-02 11:17:00,1100,1100,1100,1100,2300
2022-03-02 11:18:00,1100,1100,1100,1100,0
2022-03-02 11:19:00,1100,1100,1100,1100,0
2022-03-02 11:20:00,1100,1100,1100,1100,0
2022-03-02 11:21:00,1100,1100,1100,1100,0
2022-03-02 11:22:00,1100,1100,1100,1100,0
2022-03-02 11:23:00,1100,1100,1100,1100,0
2022-03-02 11:24:00,1100,1100,1100,1100,0
2022-03-02 11:25:00,1100,1100,1100,1100,2000
2022-03-02 11:26:00,1100,1100,1100,1100,0
2022-03-02 11:27:00,1100,1100,1100,1100,0
2022-03-02 11:28:00,1100,1100,1100,1100,0
2022-03-02 11:29:00,1100,1100,1100,1100,700
2022-03-02 11:30:00,1100,1100,1100,1100,0
2022-03-02 11:31:00,1100,1100,1100,1100,0
2022-03-02 11:32:00,1100,1100,1100,1100,0
2022-03-02 11:33:00,1100,1100,1100,1100,0
2022-03-02 11:34:00,1100,1100,1100,1100,0
2022-03-02 11:35:00,1100,1100,1100,1100,0
2022-03-02 11:36:00,1100,1100,1100,1100,0
2022-03-02 11:37:00,1100,1100,1100,1100,0
2022-03-02 11:38:00,1100,1100,1100,1100,0
2022-03-02 11:39:00,1100,1100,1100,1100,0
2022-03-02 11:40:00,1100,1100,1100,1100,0
2022-03-02 11:41:00,1100,1100,1100,1100,0
2022-03-02 11:42:00,1100,1100,1100,1100,0
2022-03-02 11:43:00,1100,1100,1100,1100,0
2022-03-02 11:44:00,1100,1100,1100,1100,0
2022-03-02 11:45:00,1100,1100,1100,1100,0
2022-03-02 11:46:00,1100,1100,1100,1100,0
2022-03-02 11:47:00,1100,1100,1100,1100,0
2022-03-02 11:48:00,1100,1100,1100,1100,0
2022-03-02 11:49:00,1100,1100,1100,1100,0
2022-03-02 11:50:00,1100,1100,1100,1100,0
2022-03-02 11:51:00,1100,1100,1100,1100,0
2022-03-02 11:52:00,1100,1100,1100,1100,0
2022-03-02 11:53:00,1100,1100,1100,1100,0
2022-03-02 11:54:00,1100,1100,1100,1100,0
2022-03-02 11:55:00,1100,1100,1100,1100,0
2022-03-02 11:56:00,1100,1100,1100,1100,0
2022-03-02 11:57:00,1100,1100,1100,1100,0
2022-03-02 11:58:00,1100,1100,1100,1100,0
2022-03-02 11:59:00,1100,1100,1100,1100,0
2022-03-02 12:00:00,1100,1100,1100,1100,0
2022-03-02 12:01:00,1100,1100,1100,1100,0
2022-03-02 12:02:00,1100,1100,1100,1100,0
2022-03-02 12:03:00,1100,1100,1100,1100,0
2022-03-02 12:04:00,1100,1100,1100,1100,0
2022-03-02 12:05:00,1100,1100,1100,1100,0
2022-03-02 12:06:00,1100,1100,1100,1100,0
2022-03-02 12:07:00,1100,1100,1100,1100,0
2022-03-02 12:08:00,1100,1100,1100,1100,0
2022-03-02 12:09:00,1100,1100,1100,1100,0
2022-03-02 12:10:00,1100,1100,1100,1100,0
2022-03-02 12:11:00,1100,1100,1100,1100,0
2022-03-02 12:12:00,1100,1100,1100,1100,0
2022-03-02 12:13:00,1100,1100,1100,1100,0
2022-03-02 12:14:00,1100,1100,1100,1100,0
2022-03-02 12:15:00,1100,1100,1100,1100,0
2022-03-02 12:16:00,1100,1100,1100,1100,0
2022-03-02 12:17:00,1100,1100,1100,1100,0
2022-03-02 12:18:00,1100,1100,1100,1100,0
2022-03-02 12:19:00,1100,1100,1100,1100,0
2022-03-02 12:20:00,1100,1100,1100,1100,0
2022-03-02 12:21:00,1100,1100,1100,1100,0
2022-03-02 12:22:00,1100,1100,1100,1100,0
2022-03-02 12:23:00,1100,1100,1100,1100,0
2022-03-02 12:24:00,1100,1100,1100,1100,0
2022-03-02 12:25:00,1100,1100,1100,1100,0
2022-03-02 12:26:00,1100,1100,1100,1100,0
2022-03-02 12:27:00,1100,1100,1100,1100,0
2022-03-02 12:28:00,1100,1100,1100,1100,0
2022-03-02 12:29:00,1100,1100,1100,1100,0
2022-03-02 12:30:00,1100,1100,1100,1100,0
2022-03-02 12:31:00,1100,1100,1100,1100,0
2022-03-02 12:32:00,1100,1100,1100,1100,0
2022-03-02 12:33:00,1100,1100,1100,1100,0
2022-03-02 12:34:00,1100,1100,1100,1100,0
2022-03-02 12:35:00,1100,1100,1100,1100,0
2022-03-02 12:36:00,1100,1100,1100,1100,0
2022-03-02 12:37:00,1100,1100,1100,1100,0
2022-03-02 12:38:00,1100,1100,1100,1100,0
2022-03-02 12:39:00,1100,1100,1100,1100,0
2022-03-02 12:40:00,1100,1100,1100,1100,0
2022-03-02 12:41:00,1100,1100,1100,1100,0
2022-03-02 12:42:00,1100,1100,1100,1100,0
2022-03-02 12:43:00,1100,1100,1100,1100,0
2022-03-02 12:44:00,1100,1100,1100,1100,0
2022-03-02 12:45:00,1100,1100,1100,1100,0
2022-03-02 12:46:00,1100,1100,1100,1100,0
2022-03-02 12:47:00,1100,1100,1100,1100,0
2022-03-02 12:48:00,1100,1100,1100,1100,0
2022-03-02 12:49:00,1100,1100,1100,1100,0
2022-03-02 12:50:00,1100,1100,1100,1100,0
2022-03-02 12:51:00,1100,1100,1100,1100,0
2022-03-02 12:52:00,1100,1100,1100,1100,0
2022-03-02 12:53:00,1100,1100,1100,1100,0
2022-03-02 12:54:00,1100,1100,1100,1100,0
2022-03-02 12:55:00,1100,1100,1100,1100,0
2022-03-02 12:56:00,1100,1100,1100,1100,0
2022-03-02 12:57:00,1100,1100,1100,1100,0
2022-03-02 12:58:00,1100,1100,1100,1100,0
2022-03-02 12:59:00,1100,1100,1100,1100,0
2022-03-02 13:00:00,1100,1100,1100,1100,0
2022-03-02 13:01:00,1100,1100,1100,1100,0
2022-03-02 13:02:00,1100,1100,1100,1100,0
2022-03-02 13:03:00,1100,1100,1100,1100,0
2022-03-02 13:04:00,1100,1100,1100,1100,0
2022-03-02 13:05:00,1100,1100,1100,1100,0
2022-03-02 13:06:00,1100,1100,1100,1100,0
2022-03-02 13:07:00,1100,1100,1100,1100,0
2022-03-02 13:08:00,1100,1100,1100,1100,0
2022-03-02 13:09:00,1100,1100,1100,1100,0
2022-03-02 13:10:00,1100,1100,1100,1100,0
2022-03-02 13:11:00,1100,1100,1100,1100,0
2022-03-02 13:12:00,1100,1100,1100,1100,0
2022-03-02 13:13:00,1100,1100,1100,1100,0
2022-03-02 13:14:00,1100,1100,1100,1100,0
2022-03-02 13:15:00,1100,1100,1100,1100,0
2022-03-02 13:16:00,1100,1100,1100,1100,0
2022-03-02 13:17:00,1100,1100,1100,1100,0
2022-03-02 13:18:00,1100,1100,1100,1100,0
2022-03-02 13:19:00,1100,1100,1100,1100,0
2022-03-02 13:20:00,1100,1100,1100,1100,0
2022-03-02 13:21:00,1100,1100,1100,1100,0
2022-03-02 13:22:00,1100,1100,1100,1100,0
2022-03-02 13:23:00,1100,1100,1100,1100,0
2022-03-02 13:24:00,1100,1100,1100,1100,0
2022-03-02 13:25:00,1100,1100,1100,1100,0
2022-03-02 13:26:00,1100,1100,1100,1100,0
2022-03-02 13:27:00,1100,1100,1100,1100,0
2022-03-02 13:28:00,1100,1100,1100,1100,0
2022-03-02 13:29:00,1100,1100,1100,1100,0
2022-03-02 13:30:00,1100,1100,1100,1100,2000
2022-03-02 13:31:00,1105,1105,1105,1105,100
2022-03-02 13:32:00,1105,1105,1105,1105,100
2022-03-02 13:33:00,1105,1105,1105,1105,0
2022-03-02 13:34:00,1105,1105,1105,1105,4700
2022-03-02 13:35:00,1105,1105,1105,1105,0
2022-03-02 13:36:00,1105,1105,1105,1105,1000
2022-03-02 13:37:00,1105,1105,1105,1105,0
2022-03-02 13:38:00,1105,1105,1105,1105,350000
2022-03-02 13:39:00,1105,1105,1105,1105,0
2022-03-02 13:40:00,1105,1105,1105,1105,100
2022-03-02 13:41:00,1105,1105,1105,1105,0
2022-03-02 13:42:00,1105,1105,1105,1105,400
2022-03-02 13:43:00,1105,1105,1105,1105,0
2022-03-02 13:44:00,1105,1105,1105,1105,2100
2022-03-02 13:45:00,1100,1095,1100,1095,33400
2022-03-02 13:46:00,1095,1095,1100,1100,13000
2022-03-02 13:47:00,1100,1100,1100,1100,57600
2022-03-02 13:48:00,1100,1100,1100,1100,159200
2022-03-02 13:49:00,1100,1100,1100,1100,50000
2022-03-02 13:50:00,1100,1100,1100,1100,90700
2022-03-02 13:51:00,1100,1100,1100,1100,81000
2022-03-02 13:52:00,1100,1100,1100,1100,86200
2022-03-02 13:53:00,1100,1100,1100,1100,48900
2022-03-02 13:54:00,1100,1100,1100,1100,130100
2022-03-02 13:55:00,1100,1100,1100,1100,81700
2022-03-02 13:56:00,1100,1095,1100,1100,271400
2022-03-02 13:57:00,1100,1100,1100,1100,55000
2022-03-02 13:58:00,1100,1100,1100,1100,52300
2022-03-02 13:59:00,1100,1100,1100,1100,182500
2022-03-02 14:00:00,1100,1100,1100,1100,159700
2022-03-02 14:01:00,1100,1100,1100,1100,140400
2022-03-02 14:02:00,1100,1100,1100,1100,50000
2022-03-02 14:03:00,1105,1100,1105,1100,100100
2022-03-02 14:04:00,1100,1100,1100,1100,80000
2022-03-02 14:05:00,1100,1100,1100,1100,62100
2022-03-02 14:06:00,1100,1100,1100,1100,37900
2022-03-02 14:07:00,1100,1100,1105,1105,103500
2022-03-02 14:08:00,1105,1105,1105,1105,105600
2022-03-02 14:09:00,1105,1105,1105,1105,76000
2022-03-02 14:10:00,1105,1105,1105,1105,111200
2022-03-02 14:11:00,1105,1105,1105,1105,112500
2022-03-02 14:12:00,1105,1105,1105,1105,178100
2022-03-02 14:13:00,1105,1105,1105,1105,70000
2022-03-02 14:14:00,1105,1105,1105,1105,80100
2022-03-02 14:15:00,1105,1105,1105,1105,80000
2022-03-02 14:16:00,1105,1105,1105,1105,50100
2022-03-02 14:17:00,1105,1105,1105,1105,100000
2022-03-02 14:18:00,1110,1110,1115,1115,111300
2022-03-02 14:19:00,1115,1115,1115,1115,68600
2022-03-02 14:20:00,1120,1120,1120,1120,383700
2022-03-02 14:21:00,1125,1120,1125,1120,303300
2022-03-02 14:22:00,1125,1125,1130,1130,87000
2022-03-02 14:23:00,1130,1130,1130,1130,323100
2022-03-02 14:24:00,1130,1125,1130,1130,10900
2022-03-02 14:25:00,1125,1125,1130,1130,27100
2022-03-02 14:26:00,1135,1135,1140,1140,674700
2022-03-02 14:27:00,1140,1140,1140,1140,108700
2022-03-02 14:28:00,1140,1140,1145,1140,364700
2022-03-02 14:29:00,1140,1140,1140,1140,3500
2022-03-02 14:30:00,1140,1140,1145,1140,5500
2022-03-02 14:31:00,1140,1140,1145,1140,12200
2022-03-02 14:32:00,1140,1140,1140,1140,9000
2022-03-02 14:33:00,1140,1140,1145,1145,47900
2022-03-02 14:34:00,1140,1140,1145,1145,0
2022-03-02 14:35:00,1145,1145,1150,1145,522800
2022-03-02 14:36:00,1145,1145,1145,1145,38700
2022-03-02 14:37:00,1145,1145,1150,1145,9300
2022-03-02 14:38:00,1140,1140,1145,1145,23200
2022-03-02 14:39:00,1140,1140,1145,1145,0
2022-03-02 14:40:00,1140,1140,1145,1145,1900
2022-03-02 14:41:00,1145,1145,1145,1145,188500
2022-03-02 14:42:00,1145,1140,1145,1140,510500
2022-03-02 14:43:00,1145,1140,1150,1150,457400
2022-03-02 14:44:00,1150,1150,1155,1155,187000
2022-03-02 14:45:00,1150,1150,1160,1160,271700
2022-03-02 14:46:00,1160,1155,1160,1155,67200
2022-03-02 14:47:00,1155,1150,1155,1155,10200
2022-03-02 14:48:00,1155,1155,1155,1155,34200
2022-03-02 14:49:00,1155,1155,1160,1160,13300
2022-03-02 14:50:00,1155,1155,1160,1160,0
2022-03-02 14:51:00,1155,1155,1160,1160,0
2022-03-02 14:52:00,1155,1155,1160,1160,0
2022-03-02 14:53:00,1155,1155,1160,1160,0
2022-03-02 14:54:00,1155,1155,1160,1160,0
2022-03-02 14:55:00,1155,1155,1160,1160,0
2022-03-02 14:56:00,1155,1155,1160,1160,0
2022-03-02 14:57:00,1155,1155,1160,1160,0
2022-03-02 14:58:00,1155,1155,1160,1160,0
2022-03-02 14:59:00,1155,1155,1160,1160,0
2022-03-02 15:00:00,1160,1160,1160,1160,236000
2022-03-02 15:01:00,1160,1160,1160,1160,13500
2022-03-02 15:02:00,1160,1160,1160,1160,0
2022-03-02 15:03:00,1160,1160,1160,1160,1000
2022-03-02 15:04:00,1160,1160,1160,1160,52800
2022-03-02 15:05:00,1160,1160,1160,1160,2000
2022-03-02 15:06:00,1160,1160,1160,1160,12000
2022-03-02 15:07:00,1160,1160,1160,1160,0
2022-03-02 15:08:00,1160,1160,1160,1160,8800
2022-03-02 15:09:00,1160,1160,1160,1160,1000
2022-03-02 15:10:00,1160,1160,1160,1160,2900
2022-03-02 15:11:00,1160,1160,1160,1160,18400
2022-03-02 15:12:00,1160,1160,1160,1160,0
2022-03-02 15:13:00,1160,1160,1160,1160,500
2022-03-02 15:14:00,1160,1160,1160,1160,500
2022-03-02 15:15:00,1160,1160,1160,1160,0
2022-03-02 15:16:00,1160,1160,1160,1160,0
2022-03-02 15:17:00,1160,1160,1160,1160,0
2022-03-02 15:18:00,1160,1160,1160,1160,0
2022-03-02 15:19:00,1160,1160,1160,1160,0
2022-03-02 15:20:00,1160,1160,1160,1160,0
2022-03-02 15:21:00,1160,1160,1160,1160,0
2022-03-02 15:22:00,1160,1160,1160,1160,0
2022-03-02 15:23:00,1160,1160,1160,1160,0
2022-03-02 15:24:00,1160,1160,1160,1160,0
2022-03-02 15:25:00,1160,1160,1160,1160,0
2022-03-02 15:26:00,1160,1160,1160,1160,0
2022-03-02 15:27:00,1160,1160,1160,1160,0
2022-03-02 15:28:00,1160,1160,1160,1160,0
2022-03-02 15:29:00,1160,1160,1160,1160,0
2022-03-02 15:30:00,1160,1160,1160,1160,0
2022-03-02 15:31:00,1160,1160,1160,1160,0
2022-03-02 15:32:00,1160,1160,1160,1160,0
2022-03-02 15:33:00,1160,1160,1160,1160,0
2022-03-02 15:34:00,1160,1160,1160,1160,0
2022-03-02 15:35:00,1160,1160,1160,1160,0
2022-03-02 15:36:00,1160,1160,1160,1160,0
2022-03-02 15:37:00,1160,1160,1160,1160,0
2022-03-02 15:38:00,1160,1160,1160,1160,0
2022-03-02 15:39:00,1160,1160,1160,1160,0
2022-03-02 15:40:00,1160,1160,1160,1160,0
2022-03-02 15:41:00,1160,1160,1160,1160,0
2022-03-02 15:42:00,1160,1160,1160,1160,0
2022-03-02 15:43:00,1160,1160,1160,1160,0
2022-03-02 15:44:00,1160,1160,1160,1160,0
2022-03-02 15:45:00,1160,1160,1160,1160,0
2022-03-02 15:46:00,1160,1160,1160,1160,0
2022-03-02 15:47:00,1160,1160,1160,1160,0
2022-03-02 15:48:00,1160,1160,1160,1160,0
2022-03-02 15:49:00,1160,1160,1160,1160,0
2022-03-02 15:50:00,1160,1160,1160,1160,0
2022-03-02 15:51:00,1160,1160,1160,1160,0
2022-03-02 15:52:00,1160,1160,1160,1160,0
2022-03-02 15:53:00,1160,1160,1160,1160,0
2022-03-02 15:54:00,1160,1160,1160,1160,0
2022-03-02 15:55:00,1160,1160,1160,1160,0
2022-03-02 15:56:00,1160,1160,1160,1160,0
2022-03-02 15:57:00,1160,1160,1160,1160,0
2022-03-02 15:58:00,1160,1160,1160,1160,0
2022-03-02 15:59:00,1160,1160,1160,1160,0
2022-03-03 09:00:00,1160,1160,1160,1160,0
2022-03-03 09:01:00,1160,1160,1160,1160,0
2022-03-03 09:02:00,1160,1160,1160,1160,0
2022-03-03 09:03:00,1160,1160,1160,1160,0
2022-03-03 09:04:00,1160,1160,1160,1160,0
2022-03-03 09:05:00,1160,1160,1160,1160,0
2022-03-03 09:06:00,1160,1160,1160,1160,0
2022-03-03 09:07:00,1160,1160,1160,1160,0
2022-03-03 09:08:00,1160,1160,1160,1160,0
2022-03-03 09:09:00,1160,1160,1160,1160,0
2022-03-03 09:10:00,1160,1160,1160,1160,0
2022-03-03 09:11:00,1160,1160,1160,1160,0
2022-03-03 09:12:00,1160,1160,1160,1160,0
2022-03-03 09:13:00,1160,1160,1160,1160,0
2022-03-03 09:14:00,1160,1160,1160,1160,0
2022-03-03 09:15:00,1160,1160,1160,1160,0
2022-03-03 09:16:00,1160,1160,1160,1160,0
2022-03-03 09:17:00,1160,1160,1160,1160,0
2022-03-03 09:18:00,1160,1160,1160,1160,0
2022-03-03 09:19:00,1160,1160,1160,1160,0
2022-03-03 09:20:00,1160,1160,1160,1160,0
2022-03-03 09:21:00,1160,1160,1160,1160,0
2022-03-03 09:22:00,1160,1160,1160,1160,0
2022-03-03 09:23:00,1160,1160,1160,1160,0
2022-03-03 09:24:00,1160,1160,1160,1160,0
2022-03-03 09:25:00,1160,1160,1160,1160,0
2022-03-03 09:26:00,1160,1160,1160,1160,0
2022-03-03 09:27:00,1160,1160,1160,1160,0
2022-03-03 09:28:00,1160,1160,1160,1160,0
2022-03-03 09:29:00,1160,1160,1160,1160,0
2022-03-03 09:30:00,1160,1160,1160,1160,0
2022-03-03 09:31:00,1160,1160,1160,1160,0
2022-03-03 09:32:00,1160,1160,1160,1160,0
2022-03-03 09:33:00,1160,1160,1160,1160,0
2022-03-03 09:34:00,1160,1160,1160,1160,0
2022-03-03 09:35:00,1160,1160,1160,1160,0
2022-03-03 09:36:00,1160,1160,1160,1160,0
2022-03-03 09:37:00,1160,1160,1160,1160,0
2022-03-03 09:38:00,1160,1160,1160,1160,0
2022-03-03 09:39:00,1160,1160,1160,1160,0
2022-03-03 09:40:00,1160,1160,1160,1160,0
2022-03-03 09:41:00,1160,1160,1160,1160,0
2022-03-03 09:42:00,1160,1160,1160,1160,0
2022-03-03 09:43:00,1160,1160,1160,1160,0
2022-03-03 09:44:00,1160,1160,1160,1160,0
2022-03-03 09:45:00,1160,1160,1160,1160,0
2022-03-03 09:46:00,1160,1160,1160,1160,0
2022-03-03 09:47:00,1160,1160,1160,1160,0
2022-03-03 09:48:00,1160,1160,1160,1160,0
2022-03-03 09:49:00,1160,1160,1160,1160,0
2022-03-03 09:50:00,1160,1160,1160,1160,0
2022-03-03 09:51:00,1160,1160,1160,1160,0
2022-03-03 09:52:00,1160,1160,1160,1160,0
2022-03-03 09:53:00,1160,1160,1160,1160,0
2022-03-03 09:54:00,1160,1160,1160,1160,0
2022-03-03 09:55:00,1160,1160,1160,1160,0
2022-03-03 09:56:00,1160,1160,1160,1160,0
2022-03-03 09:57:00,1160,1160,1160,1160,0
2022-03-03 09:58:00,1160,1160,1160,1160,0
2022-03-03 09:59:00,1160,1160,1160,1160,0
2022-03-03 10:00:00,1160,1160,1160,1160,0
2022-03-03 10:01:00,1160,1160,1160,1160,0
2022-03-03 10:02:00,1160,1160,1160,1160,0
2022-03-03 10:03:00,1160,1160,1160,1160,0
2022-03-03 10:04:00,1160,1160,1160,1160,0
2022-03-03 10:05:00,1160,1160,1160,1160,0
2022-03-03 10:06:00,1160,1160,1160,1160,0
2022-03-03 10:07:00,1160,1160,1160,1160,0
2022-03-03 10:08:00,1160,1160,1160,1160,0
2022-03-03 10:09:00,1160,1160,1160,1160,0
2022-03-03 10:10:00,1160,1160,1160,1160,0
2022-03-03 10:11:00,1160,1160,1160,1160,0
2022-03-03 10:12:00,1160,1160,1160,1160,0
2022-03-03 10:13:00,1160,1160,1160,1160,0
2022-03-03 10:14:00,1160,1160,1160,1160,0
2022-03-03 10:15:00,1160,1160,1160,1160,0
2022-03-03 10:16:00,1160,1160,1160,1160,0
2022-03-03 10:17:00,1160,1160,1160,1160,0
2022-03-03 10:18:00,1160,1160,1160,1160,0
2022-03-03 10:19:00,1160,1160,1160,1160,0
2022-03-03 10:20:00,1160,1160,1160,1160,0
2022-03-03 10:21:00,1160,1160,1160,1160,0
2022-03-03 10:22:00,1160,1160,1160,1160,0
2022-03-03 10:23:00,1160,1160,1160,1160,0
2022-03-03 10:24:00,1160,1160,1160,1160,0
2022-03-03 10:25:00,1160,1160,1160,1160,0
2022-03-03 10:26:00,1160,1160,1160,1160,0
2022-03-03 10:27:00,1160,1160,1160,1160,0
2022-03-03 10:28:00,1160,1160,1160,1160,0
2022-03-03 10:29:00,1160,1160,1160,1160,0
2022-03-03 10:30:00,1160,1160,1160,1160,0
2022-03-03 10:31:00,1160,1160,1160,1160,0
2022-03-03 10:32:00,1160,1160,1160,1160,0
2022-03-03 10:33:00,1160,1160,1160,1160,0
2022-03-03 10:34:00,1160,1160,1160,1160,0
2022-03-03 10:35:00,1160,1160,1160,1160,0
2022-03-03 10:36:00,1160,1160,1160,1160,0
2022-03-03 10:37:00,1160,1160,1160,1160,0
2022-03-03 10:38:00,1160,1160,1160,1160,0
2022-03-03 10:39:00,1160,1160,1160,1160,0
2022-03-03 10:40:00,1160,1160,1160,1160,0
2022-03-03 10:41:00,1160,1160,1160,1160,0
2022-03-03 10:42:00,1160,1160,1160,1160,0
2022-03-03 10:43:00,1160,1160,1160,1160,0
2022-03-03 10:44:00,1160,1160,1160,1160,0
2022-03-03 10:45:00,1160,1160,1160,1160,0
2022-03-03 10:46:00,1160,1160,1160,1160,0
2022-03-03 10:47:00,1160,1160,1160,1160,0
2022-03-03 10:48:00,1160,1160,1160,1160,0
2022-03-03 10:49:00,1160,1160,1160,1160,0
2022-03-03 10:50:00,1160,1160,1160,1160,0
2022-03-03 10:51:00,1160,1160,1160,1160,0
2022-03-03 10:52:00,1160,1160,1160,1160,0
2022-03-03 10:53:00,1160,1160,1160,1160,0
2022-03-03 10:54:00,1160,1160,1160,1160,0
2022-03-03 10:55:00,1160,1160,1160,1160,0
2022-03-03 10:56:00,1160,1160,1160,1160,0
2022-03-03 10:57:00,1160,1160,1160,1160,0
2022-03-03 10:58:00,1160,1160,1160,1160,0
2022-03-03 10:59:00,1160,1160,1160,1160,0
2022-03-03 11:00:00,1160,1160,1160,1160,0
2022-03-03 11:01:00,1160,1160,1160,1160,0
2022-03-03 11:02:00,1160,1160,1160,1160,0
2022-03-03 11:03:00,1160,1160,1160,1160,0
2022-03-03 11:04:00,1160,1160,1160,1160,0
2022-03-03 11:05:00,1160,1160,1160,1160,0
2022-03-03 11:06:00,1160,1160,1160,1160,0
2022-03-03 11:07:00,1160,1160,1160,1160,0
2022-03-03 11:08:00,1160,1160,1160,1160,0
2022-03-03 11:09:00,1160,1160,1160,1160,0
2022-03-03 11:10:00,1160,1160,1160,1160,0
2022-03-03 11:11:00,1160,1160,1160,1160,0
2022-03-03 11:12:00,1160,1160,1160,1160,0
2022-03-03 11:13:00,1160,1160,1160,1160,0
2022-03-03 11:14:00,1160,1160,1160,1160,0
2022-03-03 11:15:00,1160,1160,1160,1160,0
2022-03-03 11:16:00,1160,1160,1160,1160,0
2022-03-03 11:17:00,1160,1160,1160,1160,0
2022-03-03 11:18:00,1160,1160,1160,1160,0
2022-03-03 11:19:00,1160,1160,1160,1160,0
2022-03-03 11:20:00,1160,1160,1160,1160,0
2022-03-03 11:21:00,1160,1160,1160,1160,0
2022-03-03 11:22:00,1160,1160,1160,1160,0
2022-03-03 11:23:00,1160,1160,1160,1160,0
2022-03-03 11:24:00,1160,1160,1160,1160,0
2022-03-03 11:25:00,1160,1160,1160,1160,0
2022-03-03 11:26:00,1160,1160,1160,1160,0
2022-03-03 11:27:00,1160,1160,1160,1160,0
2022-03-03 11:28:00,1160,1160,1160,1160,0
2022-03-03 11:29:00,1160,1160,1160,1160,0
2022-03-03 11:30:00,1160,1160,1160,1160,0
2022-03-03 11:31:00,1160,1160,1160,1160,0
2022-03-03 11:32:00,1160,1160,1160,1160,0
2022-03-03 11:33:00,1160,1160,1160,1160,0
2022-03-03 11:34:00,1160,1160,1160,1160,0
2022-03-03 11:35:00,1160,1160,1160,1160,0
2022-03-03 11:36:00,1160,1160,1160,1160,0
2022-03-03 11:37:00,1160,1160,1160,1160,0
2022-03-03 11:38:00,1160,1160,1160,1160,0
2022-03-03 11:39:00,1160,1160,1160,1160,0
2022-03-03 11:40:00,1160,1160,1160,1160,0
2022-03-03 11:41:00,1160,1160,1160,1160,0
2022-03-03 11:42:00,1160,1160,1160,1160,0
2022-03-03 11:43:00,1160,1160,1160,1160,0
2022-03-03 11:44:00,1160,1160,1160,1160,0
2022-03-03 11:45:00,1160,1160,1160,1160,0
2022-03-03 11:46:00,1160,1160,1160,1160,0
2022-03-03 11:47:00,1160,1160,1160,1160,0
2022-03-03 11:48:00,1160,1160,1160,1160,0
2022-03-03 11:49:00,1160,1160,1160,1160,0
2022-03-03 11:50:00,1160,1160,1160,1160,0
2022-03-03 11:51:00,1160,1160,1160,1160,0
2022-03-03 11:52:00,1160,1160,1160,1160,0
2022-03-03 11:53:00,1160,1160,1160,1160,0
2022-03-03 11:54:00,1160,1160,1160,1160,0
2022-03-03 11:55:00,1160,1160,1160,1160,0
2022-03-03 11:56:00,1160,1160,1160,1160,0
2022-03-03 11:57:00,1160,1160,1160,1160,0
2022-03-03 11:58:00,1160,1160,1160,1160,0
2022-03-03 11:59:00,1160,1160,1160,1160,0
2022-03-03 12:00:00,1160,1160,1160,1160,0
2022-03-03 12:01:00,1160,1160,1160,1160,0
2022-03-03 12:02:00,1160,1160,1160,1160,0
2022-03-03 12:03:00,1160,1160,1160,1160,0
2022-03-03 12:04:00,1160,1160,1160,1160,0
2022-03-03 12:05:00,1160,1160,1160,1160,0
2022-03-03 12:06:00,1160,1160,1160,1160,0
2022-03-03 12:07:00,1160,1160,1160,1160,0
2022-03-03 12:08:00,1160,1160,1160,1160,0
2022-03-03 12:09:00,1160,1160,1160,1160,0
2022-03-03 12:10:00,1160,1160,1160,1160,0
2022-03-03 12:11:00,1160,1160,1160,1160,0
2022-03-03 12:12:00,1160,1160,1160,1160,0
2022-03-03 12:13:00,1160,1160,1160,1160,0
2022-03-03 12:14:00,1160,1160,1160,1160,0
2022-03-03 12:15:00,1160,1160,1160,1160,0
2022-03-03 12:16:00,1160,1160,1160,1160,0
2022-03-03 12:17:00,1160,1160,1160,1160,0
2022-03-03 12:18:00,1160,1160,1160,1160,0
2022-03-03 12:19:00,1160,1160,1160,1160,0
2022-03-03 12:20:00,1160,1160,1160,1160,0
2022-03-03 12:21:00,1160,1160,1160,1160,0
2022-03-03 12:22:00,1160,1160,1160,1160,0
2022-03-03 12:23:00,1160,1160,1160,1160,0
2022-03-03 12:24:00,1160,1160,1160,1160,0
2022-03-03 12:25:00,1160,1160,1160,1160,0
2022-03-03 12:26:00,1160,1160,1160,1160,0
2022-03-03 12:27:00,1160,1160,1160,1160,0
2022-03-03 12:28:00,1160,1160,1160,1160,0
2022-03-03 12:29:00,1160,1160,1160,1160,0
2022-03-03 12:30:00,1160,1160,1160,1160,0
2022-03-03 12:31:00,1160,1160,1160,1160,0
2022-03-03 12:32:00,1160,1160,1160,1160,0
2022-03-03 12:33:00,1160,1160,1160,1160,0
2022-03-03 12:34:00,1160,1160,1160,1160,0
2022-03-03 12:35:00,1160,1160,1160,1160,0
2022-03-03 12:36:00,1160,1160,1160,1160,0
2022-03-03 12:37:00,1160,1160,1160,1160,0
2022-03-03 12:38:00,1160,1160,1160,1160,0
2022-03-03 12:39:00,1160,1160,1160,1160,0
2022-03-03 12:40:00,1160,1160,1160,1160,0
2022-03-03 12:41:00,1160,1160,1160,1160,0
2022-03-03 12:42:00,1160,1160,1160,1160,0
2022-03-03 12:43:00,1160,1160,1160,1160,0
2022-03-03 12:44:00,1160,1160,1160,1160,0
2022-03-03 12:45:00,1160,1160,1160,1160,0
2022-03-03 12:46:00,1160,1160,1160,1160,0
2022-03-03 12:47:00,1160,1160,1160,1160,0
2022-03-03 12:48:00,1160,1160,1160,1160,0
2022-03-03 12:49:00,1160,1160,1160,1160,0
2022-03-03 12:50:00,1160,1160,1160,1160,0
2022-03-03 12:51:00,1160,1160,1160,1160,0
2022-03-03 12:52:00,1160,1160,1160,1160,0
2022-03-03 12:53:00,1160,1160,1160,1160,0
2022-03-03 12:54:00,1160,1160,1160,1160,0
2022-03-03 12:55:00,1160,1160,1160,1160,0
2022-03-03 12:56:00,1160,1160,1160,1160,0
2022-03-03 12:57:00,1160,1160,1160,1160,0
2022-03-03 12:58:00,1160,1160,1160,1160,0
2022-03-03 12:59:00,1160,1160,1160,1160,0
2022-03-03 13:00:00,1160,1160,1160,1160,0
2022-03-03 13:01:00,1160,1160,1160,1160,0
2022-03-03 13:02:00,1160,1160,1160,1160,0
2022-03-03 13:03:00,1160,1160,1160,1160,0
2022-03-03 13:04:00,1160,1160,1160,1160,0
2022-03-03 13:05:00,1160,1160,1160,1160,0
2022-03-03 13:06:00,1160,1160,1160,1160,0
2022-03-03 13:07:00,1160,1160,1160,1160,0
2022-03-03 13:08:00,1160,1160,1160,1160,0
2022-03-03 13:09:00,1160,1160,1160,1160,0
2022-03-03 13:10:00,1160,1160,1160,1160,0
2022-03-03 13:11:00,1160,1160,1160,1160,0
2022-03-03 13:12:00,1160,1160,1160,1160,0
2022-03-03 13:13:00,1160,1160,1160,1160,0
2022-03-03 13:14:00,1160,1160,1160,1160,0
2022-03-03 13:15:00,1160,1160,1160,1160,0
2022-03-03 13:16:00,1160,1160,1160,1160,0
2022-03-03 13:17:00,1160,1160,1160,1160,0
2022-03-03 13:18:00,1160,1160,1160,1160,0
2022-03-03 13:19:00,1160,1160,1160,1160,0
2022-03-03 13:20:00,1160,1160,1160,1160,0
2022-03-03 13:21:00,1160,1160,1160,1160,0
2022-03-03 13:22:00,1160,1160,1160,1160,0
2022-03-03 13:23:00,1160,1160,1160,1160,0
2022-03-03 13:24:00,1160,1160,1160,1160,0
2022-03-03 13:25:00,1160,1160,1160,1160,0
2022-03-03 13:26:00,1160,1160,1160,1160,0
2022-03-03 13:27:00,1160,1160,1160,1160,0
2022-03-03 13:28:00,1160,1160,1160,1160,0
2022-03-03 13:29:00,1160,1160,1160,1160,0
2022-03-03 13:30:00,1160,1160,1160,1160,0
2022-03-03 13:31:00,1160,1160,1160,1160,0
2022-03-03 13:32:00,1160,1160,1160,1160,0
2022-03-03 13:33:00,1160,1160,1160,1160,0
2022-03-03 13:34:00,1160,1160,1160,1160,0
2022-03-03 13:35:00,1160,1160,1160,1160,0
2022-03-03 13:36:00,1160,1160,1160,1160,0
2022-03-03 13:37:00,1160,1160,1160,1160,0
2022-03-03 13:38:00,1160,1160,1160,1160,0
2022-03-03 13:39:00,1160,1160,1160,1160,0
2022-03-03 13:40:00,1160,1160,1160,1160,0
2022-03-03 13:41:00,1160,1160,1160,1160,0
2022-03-03 13:42:00,1160,1160,1160,1160,0
2022-03-03 13:43:00,1160,1160,1160,1160,0
2022-03-03 13:44:00,1160,1160,1160,1160,0
2022-03-03 13:45:00,1160,1160,1160,1160,0
2022-03-03 13:46:00,1160,1160,1160,1160,0
2022-03-03 13:47:00,1160,1160,1160,1160,0
2022-03-03 13:48:00,1160,1160,1160,1160,0
2022-03-03 13:49:00,1160,1160,1160,1160,0
2022-03-03 13:50:00,1160,1160,1160,1160,0
2022-03-03 13:51:00,1160,1160,1160,1160,0
2022-03-03 13:52:00,1160,1160,1160,1160,0
2022-03-03 13:53:00,1160,1160,1160,1160,0
2022-03-03 13:54:00,1160,1160,1160,1160,0
2022-03-03 13:55:00,1160,1160,1160,1160,0
2022-03-03 13:56:00,1160,1160,1160,1160,0
2022-03-03 13:57:00,1160,1160,1160,1160,0
2022-03-03 13:58:00,1160,1160,1160,1160,0
2022-03-03 13:59:00,1160,1160,1160,1160,0
2022-03-03 14:00:00,1160,1160,1160,1160,0
2022-03-03 14:01:00,1160,1160,1160,1160,0
2022-03-03 14:02:00,1160,1160,1160,1160,0
2022-03-03 14:03:00,1160,1160,1160,1160,0
2022-03-03 14:04:00,1160,1160,1160,1160,0
2022-03-03 14:05:00,1160,1160,1160,1160,0
2022-03-03 14:06:00,1160,1160,1160,1160,0
2022-03-03 14:07:00,1160,1160,1160,1160,0
2022-03-03 14:08:00,1160,1160,1160,1160,0
2022-03-03 14:09:00,1160,1160,1160,1160,0
2022-03-03 14:10:00,1160,1160,1160,1160,0
2022-03-03 14:11:00,1160,1160,1160,1160,0
2022-03-03 14:12:00,1160,1160,1160,1160,0
2022-03-03 14:13:00,1160,1160,1160,1160,0
2022-03-03 14:14:00,1160,1160,1160,1160,0
2022-03-03 14:15:00,1160,1160,1160,1160,0
2022-03-03 14:16:00,1160,1160,1160,1160,0
2022-03-03 14:17:00,1160,1160,1160,1160,0
2022-03-03 14:18:00,1160,1160,1160,1160,0
2022-03-03 14:19:00,1160,1160,1160,1160,0
2022-03-03 14:20:00,1160,1160,1160,1160,0
2022-03-03 14:21:00,1160,1160,1160,1160,0
2022-03-03 14:22:00,1160,1160,1160,1160,0
2022-03-03 14:23:00,1160,1160,1160,1160,0
2022-03-03 14:24:00,1160,1160,1160,1160,0
2022-03-03 14:25:00,1160,1160,1160,1160,0
2022-03-03 14:26:00,1160,1160,1160,1160,0
2022-03-03 14:27:00,1160,1160,1160,1160,0
2022-03-03 14:28:00,1160,1160,1160,1160,0
2022-03-03 14:29:00,1160,1160,1160,1160,0
2022-03-03 14:30:00,1160,1160,1160,1160,0
2022-03-03 14:31:00,1160,1160,1160,1160,0
2022-03-03 14:32:00,1160,1160,1160,1160,0
2022-03-03 14:33:00,1160,1160,1160,1160,0
2022-03-03 14:34:00,1160,1160,1160,1160,0
2022-03-03 14:35:00,1160,1160,1160,1160,0
2022-03-03 14:36:00,1160,1160,1160,1160,0
2022-03-03 14:37:00,1160,1160,1160,1160,0
2022-03-03 14:38:00,1160,1160,1160,1160,0
2022-03-03 14:39:00,1160,1160,1160,1160,0
2022-03-03 14:40:00,1160,1160,1160,1160,0
2022-03-03 14:41:00,1160,1160,1160,1160,0
2022-03-03 14:42:00,1160,1160,1160,1160,0
2022-03-03 14:43:00,1160,1160,1160,1160,0
2022-03-03 14:44:00,1160,1160,1160,1160,0
2022-03-03 14:45:00,1160,1160,1160,1160,0
2022-03-03 14:46:00,1160,1160,1160,1160,0
2022-03-03 14:47:00,1160,1160,1160,1160,0
2022-03-03 14:48:00,1160,1160,1160,1160,0
2022-03-03 14:49:00,1160,1160,1160,1160,0
2022-03-03 14:50:00,1160,1160,1160,1160,0
2022-03-03 14:51:00,1160,1160,1160,1160,0
2022-03-03 14:52:00,1160,1160,1160,1160,0
2022-03-03 14:53:00,1160,1160,1160,1160,0
2022-03-03 14:54:00,1160,1160,1160,1160,0
2022-03-03 14:55:00,1160,1160,1160,1160,0
2022-03-03 14:56:00,1160,1160,1160,1160,0
2022-03-03 14:57:00,1160,1160,1160,1160,0
2022-03-03 14:58:00,1160,1160,1160,1160,0
2022-03-03 14:59:00,1160,1160,1160,1160,0
2022-03-03 15:00:00,1160,1160,1160,1160,0
2022-03-03 15:01:00,1160,1160,1160,1160,0
2022-03-03 15:02:00,1160,1160,1160,1160,0
2022-03-03 15:03:00,1160,1160,1160,1160,0
2022-03-03 15:04:00,1160,1160,1160,1160,0
2022-03-03 15:05:00,1160,1160,1160,1160,0
2022-03-03 15:06:00,1160,1160,1160,1160,0
2022-03-03 15:07:00,1160,1160,1160,1160,0
2022-03-03 15:08:00,1160,1160,1160,1160,0
2022-03-03 15:09:00,1160,1160,1160,1160,0
2022-03-03 15:10:00,1160,1160,1160,1160,0
2022-03-03 15:11:00,1160,1160,1160,1160,0
2022-03-03 15:12:00,1160,1160,1160,1160,0
2022-03-03 15:13:00,1160,1160,1160,1160,0
2022-03-03 15:14:00,1160,1160,1160,1160,0
2022-03-03 15:15:00,1160,1160,1160,1160,0
2022-03-03 15:16:00,1160,1160,1160,1160,0
2022-03-03 15:17:00,1160,1160,1160,1160,0
2022-03-03 15:18:00,1160,1160,1160,1160,0
2022-03-03 15:19:00,1160,1160,1160,1160,0
2022-03-03 15:20:00,1160,1160,1160,1160,0
2022-03-03 15:21:00,1160,1160,1160,1160,0
2022-03-03 15:22:00,1160,1160,1160,1160,0
2022-03-03 15:23:00,1160,1160,1160,1160,0
2022-03-03 15:24:00,1160,1160,1160,1160,0
2022-03-03 15:25:00,1160,1160,1160,1160,0
2022-03-03 15:26:00,1160,1160,1160,1160,0
2022-03-03 15:27:00,1160,1160,1160,1160,0
2022-03-03 15:28:00,1160,1160,1160,1160,0
2022-03-03 15:29:00,1160,1160,1160,1160,0
2022-03-03 15:30:00,1160,1160,1160,1160,0
2022-03-03 15:31:00,1160,1160,1160,1160,0
2022-03-03 15:32:00,1160,1160,1160,1160,0
2022-03-03 15:33:00,1160,1160,1160,1160,0
2022-03-03 15:34:00,1160,1160,1160,1160,0
2022-03-03 15:35:00,1160,1160,1160,1160,0
2022-03-03 15:36:00,1160,1160,1160,1160,0
2022-03-03 15:37:00,1160,1160,1160,1160,0
2022-03-03 15:38:00,1160,1160,1160,1160,0
2022-03-03 15:39:00,1160,1160,1160,1160,0
2022-03-03 15:40:00,1160,1160,1160,1160,0
2022-03-03 15:41:00,1160,1160,1160,1160,0
2022-03-03 15:42:00,1160,1160,1160,1160,0
2022-03-03 15:43:00,1160,1160,1160,1160,0
2022-03-03 15:44:00,1160,1160,1160,1160,0
2022-03-03 15:45:00,1160,1160,1160,1160,0
2022-03-03 15:46:00,1160,1160,1160,1160,0
2022-03-03 15:47:00,1160,1160,1160,1160,0
2022-03-03 15:48:00,1160,1160,1160,1160,0
2022-03-03 15:49:00,1160,1160,1160,1160,0
2022-03-03 15:50:00,1160,1160,1160,1160,0
2022-03-03 15:51:00,1160,1160,1160,1160,0
2022-03-03 15:52:00,1160,1160,1160,1160,0
2022-03-03 15:53:00,1160,1160,1160,1160,0
2022-03-03 15:54:00,1160,1160,1160,1160,0
2022-03-03 15:55:00,1160,1160,1160,1160,0
2022-03-03 15:56:00,1160,1160,1160,1160,0
2022-03-03 15:57:00,1160,1160,1160,1160,0
2022-03-03 15:58:00,1160,1160,1160,1160,0
2022-03-03 15:59:00,1160,1160,1160,1160,0
2022-03-04 09:00:00,1160,1155,1165,1155,0
2022-03-04 09:01:00,1155,1155,1160,1155,27800
2022-03-04 09:02:00,1155,1140,1155,1140,36500
2022-03-04 09:03:00,1135,1120,1135,1120,28600
2022-03-04 09:04:00,1115,1115,1120,1115,15700
2022-03-04 09:05:00,1130,1130,1130,1130,43300
2022-03-04 09:06:00,1125,1125,1140,1125,516500
2022-03-04 09:07:00,1130,1125,1135,1125,236800
2022-03-04 09:08:00,1125,1125,1125,1125,24800
2022-03-04 09:09:00,1130,1125,1130,1125,212900
2022-03-04 09:10:00,1130,1125,1130,1125,12600
2022-03-04 09:11:00,1125,1120,1125,1120,60200
2022-03-04 09:12:00,1120,1120,1120,1120,5300
2022-03-04 09:13:00,1120,1115,1120,1120,36600
2022-03-04 09:14:00,1120,1120,1130,1130,51600
2022-03-04 09:15:00,1140,1130,1140,1140,60300
2022-03-04 09:16:00,1140,1140,1150,1150,67100
2022-03-04 09:17:00,1145,1145,1155,1155,175100
2022-03-04 09:18:00,1155,1155,1155,1155,100
2022-03-04 09:19:00,1150,1150,1155,1150,18400
2022-03-04 09:20:00,1145,1145,1155,1155,40500
2022-03-04 09:21:00,1160,1160,1165,1165,513300
2022-03-04 09:22:00,1165,1160,1170,1170,221800
2022-03-04 09:23:00,1170,1165,1175,1175,214500
2022-03-04 09:24:00,1175,1170,1180,1180,365900
2022-03-04 09:25:00,1180,1180,1180,1180,145700
2022-03-04 09:26:00,1175,1165,1175,1165,114600
2022-03-04 09:27:00,1165,1165,1165,1165,700
2022-03-04 09:28:00,1170,1170,1170,1170,1000
2022-03-04 09:29:00,1170,1165,1170,1165,9500
2022-03-04 09:30:00,1165,1165,1165,1165,9300
2022-03-04 09:31:00,1165,1165,1165,1165,48300
2022-03-04 09:32:00,1165,1160,1165,1165,1600
2022-03-04 09:33:00,1165,1165,1165,1165,300
2022-03-04 09:34:00,1160,1160,1160,1160,3100
2022-03-04 09:35:00,1160,1160,1160,1160,1300
2022-03-04 09:36:00,1165,1160,1165,1160,39800
2022-03-04 09:37:00,1165,1160,1165,1160,0
2022-03-04 09:38:00,1165,1160,1165,1160,0
2022-03-04 09:39:00,1160,1160,1165,1165,2000
2022-03-04 09:40:00,1160,1160,1165,1165,0
2022-03-04 09:41:00,1165,1165,1165,1165,500
2022-03-04 09:42:00,1165,1165,1165,1165,0
2022-03-04 09:43:00,1165,1165,1165,1165,0
2022-03-04 09:44:00,1165,1165,1165,1165,0
2022-03-04 09:45:00,1165,1165,1165,1165,0
2022-03-04 09:46:00,1165,1165,1165,1165,0
2022-03-04 09:47:00,1165,1165,1165,1165,0
2022-03-04 09:48:00,1160,1160,1160,1160,126600
2022-03-04 09:49:00,1160,1160,1160,1160,0
2022-03-04 09:50:00,1160,1160,1160,1160,0
2022-03-04 09:51:00,1160,1160,1160,1160,0
2022-03-04 09:52:00,1160,1160,1160,1160,0
2022-03-04 09:53:00,1155,1155,1155,1155,2200
2022-03-04 09:54:00,1155,1155,1155,1155,54600
2022-03-04 09:55:00,1155,1155,1155,1155,0
2022-03-04 09:56:00,1155,1155,1155,1155,200
2022-03-04 09:57:00,1155,1155,1155,1155,5200
2022-03-04 09:58:00,1155,1155,1155,1155,1000
2022-03-04 09:59:00,1155,1155,1155,1155,1000
2022-03-04 10:00:00,1155,1155,1155,1155,0
2022-03-04 10:01:00,1155,1155,1155,1155,0
2022-03-04 10:02:00,1155,1155,1155,1155,400
2022-03-04 10:03:00,1155,1155,1155,1155,0
2022-03-04 10:04:00,1155,1155,1155,1155,900
2022-03-04 10:05:00,1155,1155,1155,1155,15000
2022-03-04 10:06:00,1155,1155,1155,1155,0
2022-03-04 10:07:00,1155,1155,1155,1155,0
2022-03-04 10:08:00,1155,1155,1155,1155,0
2022-03-04 10:09:00,1155,1155,1155,1155,38900
2022-03-04 10:10:00,1155,1155,1155,1155,0
2022-03-04 10:11:00,1150,1150,1150,1150,30800
2022-03-04 10:12:00,1150,1150,1150,1150,0
2022-03-04 10:13:00,1160,1160,1160,1160,100
2022-03-04 10:14:00,1160,1160,1160,1160,0
2022-03-04 10:15:00,1155,1155,1165,1165,202400
2022-03-04 10:16:00,1165,1165,1165,1165,108300
2022-03-04 10:17:00,1165,1165,1165,1165,60000
2022-03-04 10:18:00,1165,1165,1165,1165,100000
2022-03-04 10:19:00,1165,1165,1165,1165,50000
2022-03-04 10:20:00,1165,1165,1165,1165,80600
2022-03-04 10:21:00,1165,1165,1165,1165,0
2022-03-04 10:22:00,1165,1165,1165,1165,0
2022-03-04 10:23:00,1165,1165,1165,1165,0
2022-03-04 10:24:00,1165,1165,1165,1165,100
2022-03-04 10:25:00,1165,1165,1165,1165,0
2022-03-04 10:26:00,1160,1160,1160,1160,24700
2022-03-04 10:27:00,1160,1160,1160,1160,300
2022-03-04 10:28:00,1160,1160,1160,1160,0
2022-03-04 10:29:00,1160,1160,1160,1160,0
2022-03-04 10:30:00,1160,1160,1160,1160,0
2022-03-04 10:31:00,1155,1155,1160,1155,23800
2022-03-04 10:32:00,1155,1155,1155,1155,900
2022-03-04 10:33:00,1155,1155,1155,1155,0
2022-03-04 10:34:00,1155,1155,1155,1155,0
2022-03-04 10:35:00,1155,1155,1155,1155,0
2022-03-04 10:36:00,1155,1155,1155,1155,100
2022-03-04 10:37:00,1155,1155,1155,1155,100
2022-03-04 10:38:00,1155,1155,1155,1155,0
2022-03-04 10:39:00,1155,1150,1155,1150,104600
2022-03-04 10:40:00,1150,1150,1150,1150,9000
2022-03-04 10:41:00,1150,1150,1150,1150,9000
2022-03-04 10:42:00,1150,1150,1150,1150,0
2022-03-04 10:43:00,1150,1150,1150,1150,0
2022-03-04 10:44:00,1150,1150,1150,1150,500
2022-03-04 10:45:00,1150,1150,1150,1150,0
2022-03-04 10:46:00,1150,1150,1150,1150,4433300
2022-03-04 10:47:00,1150,1150,1150,1150,0
2022-03-04 10:48:00,1150,1150,1150,1150,0
2022-03-04 10:49:00,1150,1150,1150,1150,2800
2022-03-04 10:50:00,1145,1145,1145,1145,1500
2022-03-04 10:51:00,1145,1145,1145,1145,0
2022-03-04 10:52:00,1145,1145,1145,1145,0
2022-03-04 10:53:00,1145,1145,1145,1145,0
2022-03-04 10:54:00,1145,1145,1145,1145,3200
2022-03-04 10:55:00,1150,1150,1150,1150,2500
2022-03-04 10:56:00,1150,1150,1150,1150,0
2022-03-04 10:57:00,1150,1150,1150,1150,0
2022-03-04 10:58:00,1150,1150,1150,1150,0
2022-03-04 10:59:00,1145,1145,1145,1145,1100
2022-03-04 11:00:00,1145,1145,1145,1145,0
2022-03-04 11:01:00,1145,1145,1145,1145,0
2022-03-04 11:02:00,1145,1145,1145,1145,0
2022-03-04 11:03:00,1145,1145,1145,1145,0
2022-03-04 11:04:00,1145,1145,1145,1145,100
2022-03-04 11:05:00,1145,1145,1145,1145,0
2022-03-04 11:06:00,1145,1145,1145,1145,500
2022-03-04 11:07:00,1145,1145,1145,1145,0
2022-03-04 11:08:00,1145,1145,1145,1145,0
2022-03-04 11:09:00,1145,1145,1145,1145,54000
2022-03-04 11:10:00,1145,1145,1145,1145,0
2022-03-04 11:11:00,1145,1145,1145,1145,0
2022-03-04 11:12:00,1145,1145,1145,1145,0
2022-03-04 11:13:00,1145,1145,1145,1145,0
2022-03-04 11:14:00,1145,1145,1145,1145,0
2022-03-04 11:15:00,1145,1145,1145,1145,0
2022-03-04 11:16:00,1145,1145,1145,1145,0
2022-03-04 11:17:00,1145,1145,1145,1145,0
2022-03-04 11:18:00,1145,1145,1145,1145,0
2022-03-04 11:19:00,1145,1145,1145,1145,0
2022-03-04 11:20:00,1145,1145,1145,1145,0
2022-03-04 11:21:00,1145,1145,1145,1145,0
2022-03-04 11:22:00,1150,1150,1150,1150,5000
2022-03-04 11:23:00,1150,1150,1150,1150,800
2022-03-04 11:24:00,1150,1150,1150,1150,800
2022-03-04 11:25:00,1150,1150,1150,1150,0
2022-03-04 11:26:00,1150,1150,1150,1150,0
2022-03-04 11:27:00,1150,1150,1150,1150,0
2022-03-04 11:28:00,1150,1150,1150,1150,0
2022-03-04 11:29:00,1145,1145,1150,1150,21200
2022-03-04 11:30:00,1145,1145,1150,1150,0
2022-03-04 11:31:00,1145,1145,1150,1150,0
2022-03-04 11:32:00,1145,1145,1150,1150,0
2022-03-04 11:33:00,1145,1145,1150,1150,0
2022-03-04 11:34:00,1145,1145,1150,1150,0
2022-03-04 11:35:00,1145,1145,1150,1150,0
2022-03-04 11:36:00,1145,1145,1150,1150,0
2022-03-04 11:37:00,1145,1145,1150,1150,0
2022-03-04 11:38:00,1145,1145,1150,1150,0
2022-03-04 11:39:00,1145,1145,1150,1150,0
2022-03-04 11:40:00,1145,1145,1150,1150,0
2022-03-04 11:41:00,1145,1145,1150,1150,0
2022-03-04 11:42:00,1145,1145,1150,1150,0
2022-03-04 11:43:00,1145,1145,1150,1150,0
2022-03-04 11:44:00,1145,1145,1150,1150,0
2022-03-04 11:45:00,1145,1145,1150,1150,0
2022-03-04 11:46:00,1145,1145,1150,1150,0
2022-03-04 11:47:00,1145,1145,1150,1150,0
2022-03-04 11:48:00,1145,1145,1150,1150,0
2022-03-04 11:49:00,1145,1145,1150,1150,0
2022-03-04 11:50:00,1145,1145,1150,1150,0
2022-03-04 11:51:00,1145,1145,1150,1150,0
2022-03-04 11:52:00,1145,1145,1150,1150,0
2022-03-04 11:53:00,1145,1145,1150,1150,0
2022-03-04 11:54:00,1145,1145,1150,1150,0
2022-03-04 11:55:00,1145,1145,1150,1150,0
2022-03-04 11:56:00,1145,1145,1150,1150,0
2022-03-04 11:57:00,1145,1145,1150,1150,0
2022-03-04 11:58:00,1145,1145,1150,1150,0
2022-03-04 11:59:00,1145,1145,1150,1150,0
2022-03-04 12:00:00,1145,1145,1150,1150,0
2022-03-04 12:01:00,1145,1145,1150,1150,0
2022-03-04 12:02:00,1145,1145,1150,1150,0
2022-03-04 12:03:00,1145,1145,1150,1150,0
2022-03-04 12:04:00,1145,1145,1150,1150,0
2022-03-04 12:05:00,1145,1145,1150,1150,0
2022-03-04 12:06:00,1145,1145,1150,1150,0
2022-03-04 12:07:00,1145,1145,1150,1150,0
2022-03-04 12:08:00,1145,1145,1150,1150,0
2022-03-04 12:09:00,1145,1145,1150,1150,0
2022-03-04 12:10:00,1145,1145,1150,1150,0
2022-03-04 12:11:00,1145,1145,1150,1150,0
2022-03-04 12:12:00,1145,1145,1150,1150,0
2022-03-04 12:13:00,1145,1145,1150,1150,0
2022-03-04 12:14:00,1145,1145,1150,1150,0
2022-03-04 12:15:00,1145,1145,1150,1150,0
2022-03-04 12:16:00,1145,1145,1150,1150,0
2022-03-04 12:17:00,1145,1145,1150,1150,0
2022-03-04 12:18:00,1145,1145,1150,1150,0
2022-03-04 12:19:00,1145,1145,1150,1150,0
2022-03-04 12:20:00,1145,1145,1150,1150,0
2022-03-04 12:21:00,1145,1145,1150,1150,0
2022-03-04 12:22:00,1145,1145,1150,1150,0
2022-03-04 12:23:00,1145,1145,1150,1150,0
2022-03-04 12:24:00,1145,1145,1150,1150,0
2022-03-04 12:25:00,1145,1145,1150,1150,0
2022-03-04 12:26:00,1145,1145,1150,1150,0
2022-03-04 12:27:00,1145,1145,1150,1150,0
2022-03-04 12:28:00,1145,1145,1150,1150,0
2022-03-04 12:29:00,1145,1145,1150,1150,0
2022-03-04 12:30:00,1145,1145,1150,1150,0
2022-03-04 12:31:00,1145,1145,1150,1150,0
2022-03-04 12:32:00,1145,1145,1150,1150,0
2022-03-04 12:33:00,1145,1145,1150,1150,0
2022-03-04 12:34:00,1145,1145,1150,1150,0
2022-03-04 12:35:00,1145,1145,1150,1150,0
2022-03-04 12:36:00,1145,1145,1150,1150,0
2022-03-04 12:37:00,1145,1145,1150,1150,0
2022-03-04 12:38:00,1145,1145,1150,1150,0
2022-03-04 12:39:00,1145,1145,1150,1150,0
2022-03-04 12:40:00,1145,1145,1150,1150,0
2022-03-04 12:41:00,1145,1145,1150,1150,0
2022-03-04 12:42:00,1145,1145,1150,1150,0
2022-03-04 12:43:00,1145,1145,1150,1150,0
2022-03-04 12:44:00,1145,1145,1150,1150,0
2022-03-04 12:45:00,1145,1145,1150,1150,0
2022-03-04 12:46:00,1145,1145,1150,1150,0
2022-03-04 12:47:00,1145,1145,1150,1150,0
2022-03-04 12:48:00,1145,1145,1150,1150,0
2022-03-04 12:49:00,1145,1145,1150,1150,0
2022-03-04 12:50:00,1145,1145,1150,1150,0
2022-03-04 12:51:00,1145,1145,1150,1150,0
2022-03-04 12:52:00,1145,1145,1150,1150,0
2022-03-04 12:53:00,1145,1145,1150,1150,0
2022-03-04 12:54:00,1145,1145,1150,1150,0
2022-03-04 12:55:00,1145,1145,1150,1150,0
2022-03-04 12:56:00,1145,1145,1150,1150,0
2022-03-04 12:57:00,1145,1145,1150,1150,0
2022-03-04 12:58:00,1145,1145,1150,1150,0
2022-03-04 12:59:00,1145,1145,1150,1150,0
2022-03-04 13:00:00,1145,1145,1150,1150,0
2022-03-04 13:01:00,1145,1145,1150,1150,0
2022-03-04 13:02:00,1145,1145,1150,1150,0
2022-03-04 13:03:00,1145,1145,1150,1150,0
2022-03-04 13:04:00,1145,1145,1150,1150,0
2022-03-04 13:05:00,1145,1145,1150,1150,0
2022-03-04 13:06:00,1145,1145,1150,1150,0
2022-03-04 13:07:00,1145,1145,1150,1150,0
2022-03-04 13:08:00,1145,1145,1150,1150,0
2022-03-04 13:09:00,1145,1145,1150,1150,0
2022-03-04 13:10:00,1145,1145,1150,1150,0
2022-03-04 13:11:00,1145,1145,1150,1150,0
2022-03-04 13:12:00,1145,1145,1150,1150,0
2022-03-04 13:13:00,1145,1145,1150,1150,0
2022-03-04 13:14:00,1145,1145,1150,1150,0
2022-03-04 13:15:00,1145,1145,1150,1150,0
2022-03-04 13:16:00,1145,1145,1150,1150,0
2022-03-04 13:17:00,1145,1145,1150,1150,0
2022-03-04 13:18:00,1145,1145,1150,1150,0
2022-03-04 13:19:00,1145,1145,1150,1150,0
2022-03-04 13:20:00,1145,1145,1150,1150,0
2022-03-04 13:21:00,1145,1145,1150,1150,0
2022-03-04 13:22:00,1145,1145,1150,1150,0
2022-03-04 13:23:00,1145,1145,1150,1150,0
2022-03-04 13:24:00,1145,1145,1150,1150,0
2022-03-04 13:25:00,1145,1145,1150,1150,0
2022-03-04 13:26:00,1145,1145,1150,1150,0
2022-03-04 13:27:00,1145,1145,1150,1150,0
2022-03-04 13:28:00,1145,1145,1150,1150,0
2022-03-04 13:29:00,1145,1145,1150,1150,0
2022-03-04 13:30:00,1145,1145,1150,1150,17200
2022-03-04 13:31:00,1145,1145,1150,1150,0
2022-03-04 13:32:00,1145,1145,1150,1150,0
2022-03-04 13:33:00,1150,1150,1150,1150,500000
2022-03-04 13:34:00,1150,1150,1150,1150,0
2022-03-04 13:35:00,1150,1150,1150,1150,0
2022-03-04 13:36:00,1145,1145,1145,1145,400
2022-03-04 13:37:00,1145,1145,1145,1145,2000
2022-03-04 13:38:00,1150,1150,1160,1160,25300
2022-03-04 13:39:00,1160,1155,1160,1160,260000
2022-03-04 13:40:00,1160,1160,1160,1160,30500
2022-03-04 13:41:00,1160,1160,1160,1160,0
2022-03-04 13:42:00,1155,1155,1155,1155,7200
2022-03-04 13:43:00,1150,1145,1150,1145,134600
2022-03-04 13:44:00,1145,1145,1145,1145,900
2022-03-04 13:45:00,1140,1140,1140,1140,106600
2022-03-04 13:46:00,1135,1135,1135,1135,1000
2022-03-04 13:47:00,1135,1135,1140,1140,2600
2022-03-04 13:48:00,1140,1135,1140,1135,67400
2022-03-04 13:49:00,1135,1135,1135,1135,2200
2022-03-04 13:50:00,1135,1135,1135,1135,15000
2022-03-04 13:51:00,1135,1135,1135,1135,11600
2022-03-04 13:52:00,1135,1135,1135,1135,11000
2022-03-04 13:53:00,1135,1135,1135,1135,0
2022-03-04 13:54:00,1135,1135,1135,1135,0
2022-03-04 13:55:00,1135,1135,1135,1135,0
2022-03-04 13:56:00,1135,1105,1135,1105,159500
2022-03-04 13:57:00,1115,1100,1115,1100,94300
2022-03-04 13:58:00,1095,1080,1095,1080,358000
2022-03-04 13:59:00,1080,1080,1080,1080,80800
2022-03-04 14:00:00,1080,1080,1080,1080,190800
2022-03-04 14:01:00,1080,1080,1080,1080,120300
2022-03-04 14:02:00,1080,1080,1080,1080,250900
2022-03-04 14:03:00,1080,1080,1080,1080,153000
2022-03-04 14:04:00,1080,1080,1080,1080,267800
2022-03-04 14:05:00,1080,1080,1085,1080,366100
2022-03-04 14:06:00,1080,1080,1080,1080,224600
2022-03-04 14:07:00,1080,1080,1080,1080,4700
2022-03-04 14:08:00,1080,1080,1080,1080,2800
2022-03-04 14:09:00,1080,1080,1080,1080,11000
2022-03-04 14:10:00,1080,1080,1080,1080,641100
2022-03-04 14:11:00,1080,1080,1080,1080,350100
2022-03-04 14:12:00,1080,1080,1080,1080,275700
2022-03-04 14:13:00,1080,1080,1100,1095,130300
2022-03-04 14:14:00,1095,1085,1095,1085,72800
2022-03-04 14:15:00,1080,1080,1080,1080,29200
2022-03-04 14:16:00,1080,1080,1080,1080,40800
2022-03-04 14:17:00,1080,1080,1080,1080,7300
2022-03-04 14:18:00,1080,1080,1080,1080,1000
2022-03-04 14:19:00,1080,1080,1080,1080,0
2022-03-04 14:20:00,1080,1080,1080,1080,1200
2022-03-04 14:21:00,1080,1080,1080,1080,4000
2022-03-04 14:22:00,1080,1080,1080,1080,12500
2022-03-04 14:23:00,1080,1080,1080,1080,1000
2022-03-04 14:24:00,1080,1080,1080,1080,2500
2022-03-04 14:25:00,1080,1080,1080,1080,0
2022-03-04 14:26:00,1080,1080,1080,1080,9200
2022-03-04 14:27:00,1080,1080,1080,1080,1000
2022-03-04 14:28:00,1080,1080,1080,1080,0
2022-03-04 14:29:00,1080,1080,1080,1080,500
2022-03-04 14:30:00,1080,1080,1080,1080,0
2022-03-04 14:31:00,1080,1080,1080,1080,4000
2022-03-04 14:32:00,1080,1080,1080,1080,2000
2022-03-04 14:33:00,1080,1080,1080,1080,0
2022-03-04 14:34:00,1080,1080,1080,1080,500
2022-03-04 14:35:00,1080,1080,1080,1080,100
2022-03-04 14:36:00,1080,1080,1080,1080,0
2022-03-04 14:37:00,1080,1080,1080,1080,22100
2022-03-04 14:38:00,1080,1080,1080,1080,11000
2022-03-04 14:39:00,1080,1080,1080,1080,100
2022-03-04 14:40:00,1080,1080,1080,1080,500
2022-03-04 14:41:00,1080,1080,1080,1080,0
2022-03-04 14:42:00,1080,1080,1080,1080,400
2022-03-04 14:43:00,1080,1080,1080,1080,2900
2022-03-04 14:44:00,1080,1080,1080,1080,46100
2022-03-04 14:45:00,1080,1080,1080,1080,79700
2022-03-04 14:46:00,1080,1080,1080,1080,264300
2022-03-04 14:47:00,1080,1080,1080,1080,174800
2022-03-04 14:48:00,1080,1080,1080,1080,64100
2022-03-04 14:49:00,1080,1080,1085,1085,69800
2022-03-04 14:50:00,1080,1080,1085,1085,0
2022-03-04 14:51:00,1080,1080,1085,1085,0
2022-03-04 14:52:00,1080,1080,1085,1085,0
2022-03-04 14:53:00,1080,1080,1085,1085,0
2022-03-04 14:54:00,1080,1080,1085,1085,0
2022-03-04 14:55:00,1080,1080,1085,1085,0
2022-03-04 14:56:00,1080,1080,1085,1085,0
2022-03-04 14:57:00,1080,1080,1085,1085,0
2022-03-04 14:58:00,1080,1080,1085,1085,0
2022-03-04 14:59:00,1080,1080,1085,1085,0
2022-03-04 15:00:00,1100,1100,1100,1100,62600
2022-03-04 15:01:00,1100,1100,1100,1100,12900
2022-03-04 15:02:00,1100,1100,1100,1100,0
2022-03-04 15:03:00,1100,1100,1100,1100,400
2022-03-04 15:04:00,1100,1100,1100,1100,500
2022-03-04 15:05:00,1100,1100,1100,1100,0
2022-03-04 15:06:00,1100,1100,1100,1100,2500
2022-03-04 15:07:00,1100,1100,1100,1100,0
2022-03-04 15:08:00,1100,1100,1100,1100,100
2022-03-04 15:09:00,1100,1100,1100,1100,0
2022-03-04 15:10:00,1100,1100,1100,1100,0
2022-03-04 15:11:00,1100,1100,1100,1100,0
2022-03-04 15:12:00,1100,1100,1100,1100,0
2022-03-04 15:13:00,1100,1100,1100,1100,0
2022-03-04 15:14:00,1100,1100,1100,1100,0
2022-03-04 15:15:00,1100,1100,1100,1100,0
2022-03-04 15:16:00,1100,1100,1100,1100,0
2022-03-04 15:17:00,1100,1100,1100,1100,0
2022-03-04 15:18:00,1100,1100,1100,1100,0
2022-03-04 15:19:00,1100,1100,1100,1100,0
2022-03-04 15:20:00,1100,1100,1100,1100,0
2022-03-04 15:21:00,1100,1100,1100,1100,0
2022-03-04 15:22:00,1100,1100,1100,1100,0
2022-03-04 15:23:00,1100,1100,1100,1100,0
2022-03-04 15:24:00,1100,1100,1100,1100,0
2022-03-04 15:25:00,1100,1100,1100,1100,0
2022-03-04 15:26:00,1100,1100,1100,1100,0
2022-03-04 15:27:00,1100,1100,1100,1100,0
2022-03-04 15:28:00,1100,1100,1100,1100,0
2022-03-04 15:29:00,1100,1100,1100,1100,0
2022-03-04 15:30:00,1100,1100,1100,1100,0
2022-03-04 15:31:00,1100,1100,1100,1100,0
2022-03-04 15:32:00,1100,1100,1100,1100,0
2022-03-04 15:33:00,1100,1100,1100,1100,0
2022-03-04 15:34:00,1100,1100,1100,1100,0
2022-03-04 15:35:00,1100,1100,1100,1100,0
2022-03-04 15:36:00,1100,1100,1100,1100,0
2022-03-04 15:37:00,1100,1100,1100,1100,0
2022-03-04 15:38:00,1100,1100,1100,1100,0
2022-03-04 15:39:00,1100,1100,1100,1100,0
2022-03-04 15:40:00,1100,1100,1100,1100,0
2022-03-04 15:41:00,1100,1100,1100,1100,0
2022-03-04 15:42:00,1100,1100,1100,1100,0
2022-03-04 15:43:00,1100,1100,1100,1100,0
2022-03-04 15:44:00,1100,1100,1100,1100,0
2022-03-04 15:45:00,1100,1100,1100,1100,0
2022-03-04 15:46:00,1100,1100,1100,1100,0
2022-03-04 15:47:00,1100,1100,1100,1100,0
2022-03-04 15:48:00,1100,1100,1100,1100,0
2022-03-04 15:49:00,1100,1100,1100,1100,0
2022-03-04 15:50:00,1100,1100,1100,1100,0
2022-03-04 15:51:00,1100,1100,1100,1100,0
2022-03-04 15:52:00,1100,1100,1100,1100,0
2022-03-04 15:53:00,1100,1100,1100,1100,0
2022-03-04 15:54:00,1100,1100,1100,1100,0
2022-03-04 15:55:00,1100,1100,1100,1100,0
2022-03-04 15:56:00,1100,1100,1100,1100,0
2022-03-04 15:57:00,1100,1100,1100,1100,0
2022-03-04 15:58:00,1100,1100,1100,1100,0
2022-03-04 15:59:00,1100,1100,1100,1100,0
2022-03-07 09:00:00,1075,1075,1075,1075,0
2022-03-07 09:01:00,1065,1065,1075,1075,30100
2022-03-07 09:02:00,1075,1065,1075,1065,41600
2022-03-07 09:03:00,1070,1065,1070,1065,98400
2022-03-07 09:04:00,1060,1060,1060,1060,10700
2022-03-07 09:05:00,1060,1060,1060,1060,4600
2022-03-07 09:06:00,1060,1060,1065,1065,119000
2022-03-07 09:07:00,1065,1065,1065,1065,4300
2022-03-07 09:08:00,1070,1065,1070,1070,707700
2022-03-07 09:09:00,1070,1060,1070,1065,91300
2022-03-07 09:10:00,1065,1060,1065,1065,459100
2022-03-07 09:11:00,1065,1065,1065,1065,100
2022-03-07 09:12:00,1065,1065,1065,1065,6000
2022-03-07 09:13:00,1065,1055,1065,1060,16800
2022-03-07 09:14:00,1060,1060,1065,1065,3400
2022-03-07 09:15:00,1065,1065,1065,1065,200
2022-03-07 09:16:00,1065,1065,1065,1065,900
2022-03-07 09:17:00,1065,1065,1065,1065,200
2022-03-07 09:18:00,1070,1070,1070,1070,5200
2022-03-07 09:19:00,1065,1065,1065,1065,500
2022-03-07 09:20:00,1075,1075,1075,1075,500
2022-03-07 09:21:00,1075,1075,1075,1075,0
2022-03-07 09:22:00,1065,1065,1065,1065,17100
2022-03-07 09:23:00,1065,1065,1065,1065,0
2022-03-07 09:24:00,1065,1065,1065,1065,0
2022-03-07 09:25:00,1065,1065,1065,1065,0
2022-03-07 09:26:00,1065,1065,1065,1065,800
2022-03-07 09:27:00,1065,1065,1065,1065,0
2022-03-07 09:28:00,1065,1065,1070,1070,1300
2022-03-07 09:29:00,1070,1070,1070,1070,500
2022-03-07 09:30:00,1065,1065,1065,1065,5600
2022-03-07 09:31:00,1065,1065,1065,1065,400
2022-03-07 09:32:00,1060,1050,1065,1065,89000
2022-03-07 09:33:00,1060,1050,1065,1065,0
2022-03-07 09:34:00,1060,1050,1065,1065,0
2022-03-07 09:35:00,1060,1050,1065,1065,0
2022-03-07 09:36:00,1055,1050,1055,1050,30300
2022-03-07 09:37:00,1055,1050,1055,1050,19200
2022-03-07 09:38:00,1050,1050,1050,1050,25900
2022-03-07 09:39:00,1050,1050,1050,1050,1400
2022-03-07 09:40:00,1050,1050,1050,1050,10300
2022-03-07 09:41:00,1050,1050,1050,1050,8200
2022-03-07 09:42:00,1050,1050,1050,1050,30700
2022-03-07 09:43:00,1060,1060,1060,1060,500
2022-03-07 09:44:00,1055,1055,1055,1055,400
2022-03-07 09:45:00,1055,1055,1055,1055,0
2022-03-07 09:46:00,1050,1050,1050,1050,7100
2022-03-07 09:47:00,1050,1050,1055,1055,24300
2022-03-07 09:48:00,1050,1050,1050,1050,2200
2022-03-07 09:49:00,1050,1050,1050,1050,10000
2022-03-07 09:50:00,1050,1050,1050,1050,100
2022-03-07 09:51:00,1050,1045,1050,1045,22500
2022-03-07 09:52:00,1045,1035,1045,1035,26000
2022-03-07 09:53:00,1035,1035,1035,1035,1000
2022-03-07 09:54:00,1035,1035,1050,1035,46800
2022-03-07 09:55:00,1035,1035,1035,1035,4800
2022-03-07 09:56:00,1035,1035,1035,1035,100
2022-03-07 09:57:00,1035,1035,1035,1035,1700
2022-03-07 09:58:00,1035,1035,1035,1035,19200
2022-03-07 09:59:00,1035,1035,1035,1035,300
2022-03-07 10:00:00,1035,1035,1035,1035,0
2022-03-07 10:01:00,1035,1035,1040,1035,9500
2022-03-07 10:02:00,1035,1035,1040,1040,1600
2022-03-07 10:03:00,1035,1035,1035,1035,6100
2022-03-07 10:04:00,1030,1030,1035,1035,18800
2022-03-07 10:05:00,1030,1030,1035,1035,0
2022-03-07 10:06:00,1030,1030,1035,1035,0
2022-03-07 10:07:00,1035,1035,1045,1045,4100
2022-03-07 10:08:00,1035,1035,1045,1045,0
2022-03-07 10:09:00,1035,1035,1045,1045,0
2022-03-07 10:10:00,1035,1035,1045,1045,0
2022-03-07 10:11:00,1045,1045,1045,1045,1000
2022-03-07 10:12:00,1045,1045,1045,1045,0
2022-03-07 10:13:00,1045,1045,1045,1045,0
2022-03-07 10:14:00,1035,1035,1040,1040,35800
2022-03-07 10:15:00,1040,1040,1040,1040,20000
2022-03-07 10:16:00,1040,1040,1040,1040,60000
2022-03-07 10:17:00,1040,1040,1040,1040,20000
2022-03-07 10:18:00,1040,1040,1040,1040,0
2022-03-07 10:19:00,1040,1040,1040,1040,0
2022-03-07 10:20:00,1040,1040,1040,1040,0
2022-03-07 10:21:00,1040,1040,1040,1040,0
2022-03-07 10:22:00,1040,1040,1040,1040,0
2022-03-07 10:23:00,1040,1040,1040,1040,0
2022-03-07 10:24:00,1035,1030,1035,1030,107600
2022-03-07 10:25:00,1035,1030,1035,1030,0
2022-03-07 10:26:00,1030,1030,1030,1030,25000
2022-03-07 10:27:00,1030,1030,1030,1030,16700
2022-03-07 10:28:00,1030,1030,1030,1030,5500
2022-03-07 10:29:00,1030,1030,1030,1030,4500
2022-03-07 10:30:00,1035,1035,1035,1035,100
2022-03-07 10:31:00,1035,1035,1035,1035,100
2022-03-07 10:32:00,1035,1035,1035,1035,0
2022-03-07 10:33:00,1035,1035,1035,1035,0
2022-03-07 10:34:00,1035,1035,1035,1035,0
2022-03-07 10:35:00,1030,1030,1030,1030,200
2022-03-07 10:36:00,1030,1030,1030,1030,0
2022-03-07 10:37:00,1030,1030,1030,1030,0
2022-03-07 10:38:00,1030,1030,1030,1030,5000
2022-03-07 10:39:00,1030,1030,1030,1030,1000
2022-03-07 10:40:00,1030,1030,1030,1030,2000
2022-03-07 10:41:00,1030,1030,1030,1030,4400
2022-03-07 10:42:00,1030,1030,1030,1030,800
2022-03-07 10:43:00,1030,1030,1030,1030,200
2022-03-07 10:44:00,1030,1030,1035,1035,15500
2022-03-07 10:45:00,1030,1030,1035,1035,0
2022-03-07 10:46:00,1030,1030,1035,1035,0
2022-03-07 10:47:00,1035,1035,1035,1035,1100
2022-03-07 10:48:00,1035,1035,1035,1035,0
2022-03-07 10:49:00,1035,1035,1035,1035,0
2022-03-07 10:50:00,1035,1035,1035,1035,500
2022-03-07 10:51:00,1035,1035,1035,1035,0
2022-03-07 10:52:00,1035,1035,1035,1035,0
2022-03-07 10:53:00,1035,1035,1035,1035,0
2022-03-07 10:54:00,1035,1035,1035,1035,0
2022-03-07 10:55:00,1035,1035,1035,1035,0
2022-03-07 10:56:00,1035,1035,1035,1035,0
2022-03-07 10:57:00,1035,1035,1035,1035,0
2022-03-07 10:58:00,1035,1035,1035,1035,800
2022-03-07 10:59:00,1035,1035,1035,1035,200
2022-03-07 11:00:00,1035,1035,1035,1035,100
2022-03-07 11:01:00,1035,1035,1035,1035,0
2022-03-07 11:02:00,1035,1035,1035,1035,0
2022-03-07 11:03:00,1035,1035,1035,1035,0
2022-03-07 11:04:00,1035,1035,1035,1035,0
2022-03-07 11:05:00,1040,1040,1040,1040,41700
2022-03-07 11:06:00,1045,1045,1045,1045,104200
2022-03-07 11:07:00,1045,1045,1045,1045,900
2022-03-07 11:08:00,1050,1045,1050,1045,15300
2022-03-07 11:09:00,1050,1045,1050,1045,0
2022-03-07 11:10:00,1050,1045,1050,1045,0
2022-03-07 11:11:00,1050,1045,1050,1045,0
2022-03-07 11:12:00,1050,1045,1050,1045,0
2022-03-07 11:13:00,1050,1045,1050,1045,0
2022-03-07 11:14:00,1050,1045,1050,1045,0
2022-03-07 11:15:00,1050,1045,1050,1045,0
2022-03-07 11:16:00,1050,1045,1055,1055,88600
2022-03-07 11:17:00,1055,1055,1055,1055,42800
2022-03-07 11:18:00,1055,1055,1055,1055,30100
2022-03-07 11:19:00,1055,1055,1055,1055,47300
2022-03-07 11:20:00,1055,1055,1055,1055,100
2022-03-07 11:21:00,1055,1055,1055,1055,0
2022-03-07 11:22:00,1055,1055,1055,1055,0
2022-03-07 11:23:00,1050,1050,1050,1050,7700
2022-03-07 11:24:00,1050,1050,1050,1050,0
2022-03-07 11:25:00,1050,1050,1050,1050,0
2022-03-07 11:26:00,1050,1050,1050,1050,0
2022-03-07 11:27:00,1050,1050,1050,1050,300
2022-03-07 11:28:00,1055,1055,1055,1055,100
2022-03-07 11:29:00,1055,1055,1055,1055,0
2022-03-07 11:30:00,1050,1050,1050,1050,100
2022-03-07 11:31:00,1050,1050,1050,1050,0
2022-03-07 11:32:00,1050,1050,1050,1050,0
2022-03-07 11:33:00,1050,1050,1050,1050,0
2022-03-07 11:34:00,1050,1050,1050,1050,0
2022-03-07 11:35:00,1050,1050,1050,1050,0
2022-03-07 11:36:00,1050,1050,1050,1050,0
2022-03-07 11:37:00,1050,1050,1050,1050,0
2022-03-07 11:38:00,1050,1050,1050,1050,0
2022-03-07 11:39:00,1050,1050,1050,1050,0
2022-03-07 11:40:00,1050,1050,1050,1050,0
2022-03-07 11:41:00,1050,1050,1050,1050,0
2022-03-07 11:42:00,1050,1050,1050,1050,0
2022-03-07 11:43:00,1050,1050,1050,1050,0
2022-03-07 11:44:00,1050,1050,1050,1050,0
2022-03-07 11:45:00,1050,1050,1050,1050,0
2022-03-07 11:46:00,1050,1050,1050,1050,0
2022-03-07 11:47:00,1050,1050,1050,1050,0
2022-03-07 11:48:00,1050,1050,1050,1050,0
2022-03-07 11:49:00,1050,1050,1050,1050,0
2022-03-07 11:50:00,1050,1050,1050,1050,0
2022-03-07 11:51:00,1050,1050,1050,1050,0
2022-03-07 11:52:00,1050,1050,1050,1050,0
2022-03-07 11:53:00,1050,1050,1050,1050,0
2022-03-07 11:54:00,1050,1050,1050,1050,0
2022-03-07 11:55:00,1050,1050,1050,1050,0
2022-03-07 11:56:00,1050,1050,1050,1050,0
2022-03-07 11:57:00,1050,1050,1050,1050,0
2022-03-07 11:58:00,1050,1050,1050,1050,0
2022-03-07 11:59:00,1050,1050,1050,1050,0
2022-03-07 12:00:00,1050,1050,1050,1050,0
2022-03-07 12:01:00,1050,1050,1050,1050,0
2022-03-07 12:02:00,1050,1050,1050,1050,0
2022-03-07 12:03:00,1050,1050,1050,1050,0
2022-03-07 12:04:00,1050,1050,1050,1050,0
2022-03-07 12:05:00,1050,1050,1050,1050,0
2022-03-07 12:06:00,1050,1050,1050,1050,0
2022-03-07 12:07:00,1050,1050,1050,1050,0
2022-03-07 12:08:00,1050,1050,1050,1050,0
2022-03-07 12:09:00,1050,1050,1050,1050,0
2022-03-07 12:10:00,1050,1050,1050,1050,0
2022-03-07 12:11:00,1050,1050,1050,1050,0
2022-03-07 12:12:00,1050,1050,1050,1050,0
2022-03-07 12:13:00,1050,1050,1050,1050,0
2022-03-07 12:14:00,1050,1050,1050,1050,0
2022-03-07 12:15:00,1050,1050,1050,1050,0
2022-03-07 12:16:00,1050,1050,1050,1050,0
2022-03-07 12:17:00,1050,1050,1050,1050,0
2022-03-07 12:18:00,1050,1050,1050,1050,0
2022-03-07 12:19:00,1050,1050,1050,1050,0
2022-03-07 12:20:00,1050,1050,1050,1050,0
2022-03-07 12:21:00,1050,1050,1050,1050,0
2022-03-07 12:22:00,1050,1050,1050,1050,0
2022-03-07 12:23:00,1050,1050,1050,1050,0
2022-03-07 12:24:00,1050,1050,1050,1050,0
2022-03-07 12:25:00,1050,1050,1050,1050,0
2022-03-07 12:26:00,1050,1050,1050,1050,0
2022-03-07 12:27:00,1050,1050,1050,1050,0
2022-03-07 12:28:00,1050,1050,1050,1050,0
2022-03-07 12:29:00,1050,1050,1050,1050,0
2022-03-07 12:30:00,1050,1050,1050,1050,0
2022-03-07 12:31:00,1050,1050,1050,1050,0
2022-03-07 12:32:00,1050,1050,1050,1050,0
2022-03-07 12:33:00,1050,1050,1050,1050,0
2022-03-07 12:34:00,1050,1050,1050,1050,0
2022-03-07 12:35:00,1050,1050,1050,1050,0
2022-03-07 12:36:00,1050,1050,1050,1050,0
2022-03-07 12:37:00,1050,1050,1050,1050,0
2022-03-07 12:38:00,1050,1050,1050,1050,0
2022-03-07 12:39:00,1050,1050,1050,1050,0
2022-03-07 12:40:00,1050,1050,1050,1050,0
2022-03-07 12:41:00,1050,1050,1050,1050,0
2022-03-07 12:42:00,1050,1050,1050,1050,0
2022-03-07 12:43:00,1050,1050,1050,1050,0
2022-03-07 12:44:00,1050,1050,1050,1050,0
2022-03-07 12:45:00,1050,1050,1050,1050,0
2022-03-07 12:46:00,1050,1050,1050,1050,0
2022-03-07 12:47:00,1050,1050,1050,1050,0
2022-03-07 12:48:00,1050,1050,1050,1050,0
2022-03-07 12:49:00,1050,1050,1050,1050,0
2022-03-07 12:50:00,1050,1050,1050,1050,0
2022-03-07 12:51:00,1050,1050,1050,1050,0
2022-03-07 12:52:00,1050,1050,1050,1050,0
2022-03-07 12:53:00,1050,1050,1050,1050,0
2022-03-07 12:54:00,1050,1050,1050,1050,0
2022-03-07 12:55:00,1050,1050,1050,1050,0
2022-03-07 12:56:00,1050,1050,1050,1050,0
2022-03-07 12:57:00,1050,1050,1050,1050,0
2022-03-07 12:58:00,1050,1050,1050,1050,0
2022-03-07 12:59:00,1050,1050,1050,1050,0
2022-03-07 13:00:00,1050,1050,1050,1050,0
2022-03-07 13:01:00,1050,1050,1050,1050,0
2022-03-07 13:02:00,1050,1050,1050,1050,0
2022-03-07 13:03:00,1050,1050,1050,1050,0
2022-03-07 13:04:00,1050,1050,1050,1050,0
2022-03-07 13:05:00,1050,1050,1050,1050,0
2022-03-07 13:06:00,1050,1050,1050,1050,0
2022-03-07 13:07:00,1050,1050,1050,1050,0
2022-03-07 13:08:00,1050,1050,1050,1050,0
2022-03-07 13:09:00,1050,1050,1050,1050,0
2022-03-07 13:10:00,1050,1050,1050,1050,0
2022-03-07 13:11:00,1050,1050,1050,1050,0
2022-03-07 13:12:00,1050,1050,1050,1050,0
2022-03-07 13:13:00,1050,1050,1050,1050,0
2022-03-07 13:14:00,1050,1050,1050,1050,0
2022-03-07 13:15:00,1050,1050,1050,1050,0
2022-03-07 13:16:00,1050,1050,1050,1050,0
2022-03-07 13:17:00,1050,1050,1050,1050,0
2022-03-07 13:18:00,1050,1050,1050,1050,0
2022-03-07 13:19:00,1050,1050,1050,1050,0
2022-03-07 13:20:00,1050,1050,1050,1050,0
2022-03-07 13:21:00,1050,1050,1050,1050,0
2022-03-07 13:22:00,1050,1050,1050,1050,0
2022-03-07 13:23:00,1050,1050,1050,1050,0
2022-03-07 13:24:00,1050,1050,1050,1050,0
2022-03-07 13:25:00,1050,1050,1050,1050,0
2022-03-07 13:26:00,1050,1050,1050,1050,0
2022-03-07 13:27:00,1050,1050,1050,1050,0
2022-03-07 13:28:00,1050,1050,1050,1050,0
2022-03-07 13:29:00,1050,1050,1050,1050,0
2022-03-07 13:30:00,1050,1050,1050,1050,6500
2022-03-07 13:31:00,1050,1050,1050,1050,0
2022-03-07 13:32:00,1045,1045,1050,1050,400
2022-03-07 13:33:00,1045,1045,1050,1050,0
2022-03-07 13:34:00,1045,1045,1045,1045,1500
2022-03-07 13:35:00,1045,1045,1045,1045,0
2022-03-07 13:36:00,1045,1045,1045,1045,0
2022-03-07 13:37:00,1045,1045,1045,1045,0
2022-03-07 13:38:00,1045,1045,1045,1045,0
2022-03-07 13:39:00,1045,1045,1045,1045,0
2022-03-07 13:40:00,1045,1045,1045,1045,1300
2022-03-07 13:41:00,1045,1045,1045,1045,1600
2022-03-07 13:42:00,1045,1045,1045,1045,10000
2022-03-07 13:43:00,1045,1045,1045,1045,300
2022-03-07 13:44:00,1045,1045,1045,1045,0
2022-03-07 13:45:00,1045,1045,1045,1045,2100
2022-03-07 13:46:00,1045,1045,1050,1050,11200
2022-03-07 13:47:00,1055,1055,1060,1060,161900
2022-03-07 13:48:00,1060,1060,1065,1065,42100
2022-03-07 13:49:00,1070,1070,1070,1070,21300
2022-03-07 13:50:00,1070,1070,1070,1070,1900
2022-03-07 13:51:00,1065,1065,1070,1065,3500
2022-03-07 13:52:00,1065,1065,1065,1065,500
2022-03-07 13:53:00,1060,1060,1060,1060,2500
2022-03-07 13:54:00,1060,1060,1060,1060,0
2022-03-07 13:55:00,1060,1060,1060,1060,100
2022-03-07 13:56:00,1060,1060,1060,1060,700
2022-03-07 13:57:00,1060,1060,1060,1060,1000
2022-03-07 13:58:00,1060,1060,1060,1060,0
2022-03-07 13:59:00,1060,1060,1060,1060,10500
2022-03-07 14:00:00,1065,1065,1065,1065,600
2022-03-07 14:01:00,1065,1065,1065,1065,49100
2022-03-07 14:02:00,1065,1065,1065,1065,0
2022-03-07 14:03:00,1065,1065,1065,1065,0
2022-03-07 14:04:00,1065,1065,1065,1065,0
2022-03-07 14:05:00,1065,1065,1065,1065,9500
2022-03-07 14:06:00,1065,1065,1065,1065,0
2022-03-07 14:07:00,1065,1065,1065,1065,0
2022-03-07 14:08:00,1065,1065,1065,1065,0
2022-03-07 14:09:00,1060,1060,1060,1060,5000
2022-03-07 14:10:00,1060,1060,1060,1060,100
2022-03-07 14:11:00,1060,1060,1060,1060,400
2022-03-07 14:12:00,1065,1060,1065,1060,400
2022-03-07 14:13:00,1060,1060,1060,1060,300
2022-03-07 14:14:00,1065,1065,1065,1065,500
2022-03-07 14:15:00,1065,1065,1065,1065,0
2022-03-07 14:16:00,1060,1060,1060,1060,100
2022-03-07 14:17:00,1060,1060,1060,1060,13800
2022-03-07 14:18:00,1060,1060,1060,1060,7600
2022-03-07 14:19:00,1060,1060,1060,1060,0
2022-03-07 14:20:00,1060,1060,1060,1060,0
2022-03-07 14:21:00,1060,1060,1060,1060,0
2022-03-07 14:22:00,1060,1060,1060,1060,0
2022-03-07 14:23:00,1060,1060,1060,1060,0
2022-03-07 14:24:00,1060,1060,1060,1060,0
2022-03-07 14:25:00,1060,1060,1060,1060,0
2022-03-07 14:26:00,1060,1060,1060,1060,0
2022-03-07 14:27:00,1060,1060,1060,1060,0
2022-03-07 14:28:00,1060,1060,1060,1060,0
2022-03-07 14:29:00,1055,1055,1055,1055,18300
2022-03-07 14:30:00,1050,1050,1050,1050,15100
2022-03-07 14:31:00,1050,1050,1050,1050,0
2022-03-07 14:32:00,1045,1045,1045,1045,3000
2022-03-07 14:33:00,1050,1050,1050,1050,200
2022-03-07 14:34:00,1050,1050,1050,1050,0
2022-03-07 14:35:00,1050,1050,1050,1050,0
2022-03-07 14:36:00,1050,1050,1050,1050,0
2022-03-07 14:37:00,1050,1050,1050,1050,0
2022-03-07 14:38:00,1050,1050,1050,1050,0
2022-03-07 14:39:00,1045,1045,1045,1045,7900
2022-03-07 14:40:00,1050,1045,1050,1045,400
2022-03-07 14:41:00,1050,1045,1050,1045,0
2022-03-07 14:42:00,1040,1035,1040,1040,50100
2022-03-07 14:43:00,1040,1040,1040,1040,500
2022-03-07 14:44:00,1040,1040,1040,1040,4000
2022-03-07 14:45:00,1040,1040,1040,1040,400
2022-03-07 14:46:00,1045,1045,1045,1045,100
2022-03-07 14:47:00,1045,1040,1045,1040,600
2022-03-07 14:48:00,1040,1040,1040,1040,19000
2022-03-07 14:49:00,1035,1035,1045,1045,12500
2022-03-07 14:50:00,1035,1035,1045,1045,0
2022-03-07 14:51:00,1035,1035,1045,1045,0
2022-03-07 14:52:00,1035,1035,1045,1045,0
2022-03-07 14:53:00,1035,1035,1045,1045,0
2022-03-07 14:54:00,1035,1035,1045,1045,0
2022-03-07 14:55:00,1035,1035,1045,1045,0
2022-03-07 14:56:00,1035,1035,1045,1045,0
2022-03-07 14:57:00,1035,1035,1045,1045,0
2022-03-07 14:58:00,1035,1035,1045,1045,0
2022-03-07 14:59:00,1035,1035,1045,1045,0
2022-03-07 15:00:00,1045,1045,1045,1045,35100
2022-03-07 15:01:00,1045,1045,1045,1045,8000
2022-03-07 15:02:00,1045,1045,1045,1045,0
2022-03-07 15:03:00,1045,1045,1045,1045,0
2022-03-07 15:04:00,1045,1045,1045,1045,0
2022-03-07 15:05:00,1045,1045,1045,1045,100
2022-03-07 15:06:00,1045,1045,1045,1045,100
2022-03-07 15:07:00,1045,1045,1045,1045,0
2022-03-07 15:08:00,1045,1045,1045,1045,0
2022-03-07 15:09:00,1045,1045,1045,1045,0
2022-03-07 15:10:00,1045,1045,1045,1045,0
2022-03-07 15:11:00,1045,1045,1045,1045,0
2022-03-07 15:12:00,1045,1045,1045,1045,0
2022-03-07 15:13:00,1045,1045,1045,1045,0
2022-03-07 15:14:00,1045,1045,1045,1045,200
2022-03-07 15:15:00,1045,1045,1045,1045,0
2022-03-07 15:16:00,1045,1045,1045,1045,0
2022-03-07 15:17:00,1045,1045,1045,1045,0
2022-03-07 15:18:00,1045,1045,1045,1045,0
2022-03-07 15:19:00,1045,1045,1045,1045,0
2022-03-07 15:20:00,1045,1045,1045,1045,0
2022-03-07 15:21:00,1045,1045,1045,1045,0
2022-03-07 15:22:00,1045,1045,1045,1045,0
2022-03-07 15:23:00,1045,1045,1045,1045,0
2022-03-07 15:24:00,1045,1045,1045,1045,0
2022-03-07 15:25:00,1045,1045,1045,1045,0
2022-03-07 15:26:00,1045,1045,1045,1045,0
2022-03-07 15:27:00,1045,1045,1045,1045,0
2022-03-07 15:28:00,1045,1045,1045,1045,0
2022-03-07 15:29:00,1045,1045,1045,1045,0
2022-03-07 15:30:00,1045,1045,1045,1045,0
2022-03-07 15:31:00,1045,1045,1045,1045,0
2022-03-07 15:32:00,1045,1045,1045,1045,0
2022-03-07 15:33:00,1045,1045,1045,1045,0
2022-03-07 15:34:00,1045,1045,1045,1045,0
2022-03-07 15:35:00,1045,1045,1045,1045,0
2022-03-07 15:36:00,1045,1045,1045,1045,0
2022-03-07 15:37:00,1045,1045,1045,1045,0
2022-03-07 15:38:00,1045,1045,1045,1045,0
2022-03-07 15:39:00,1045,1045,1045,1045,0
2022-03-07 15:40:00,1045,1045,1045,1045,0
2022-03-07 15:41:00,1045,1045,1045,1045,0
2022-03-07 15:42:00,1045,1045,1045,1045,0
2022-03-07 15:43:00,1045,1045,1045,1045,0
2022-03-07 15:44:00,1045,1045,1045,1045,0
2022-03-07 15:45:00,1045,1045,1045,1045,0
2022-03-07 15:46:00,1045,1045,1045,1045,0
2022-03-07 15:47:00,1045,1045,1045,1045,0
2022-03-07 15:48:00,1045,1045,1045,1045,0
2022-03-07 15:49:00,1045,1045,1045,1045,0
2022-03-07 15:50:00,1045,1045,1045,1045,0
2022-03-07 15:51:00,1045,1045,1045,1045,0
2022-03-07 15:52:00,1045,1045,1045,1045,0
2022-03-07 15:53:00,1045,1045,1045,1045,0
2022-03-07 15:54:00,1045,1045,1045,1045,0
2022-03-07 15:55:00,1045,1045,1045,1045,0
2022-03-07 15:56:00,1045,1045,1045,1045,0
2022-03-07 15:57:00,1045,1045,1045,1045,0
2022-03-07 15:58:00,1045,1045,1045,1045,0
2022-03-07 15:59:00,1045,1045,1045,1045,0
2022-03-08 09:00:00,1020,995,1030,1000,0
2022-03-08 09:01:00,1000,1000,1000,1000,2700
2022-03-08 09:02:00,1000,1000,1005,1005,13500
2022-03-08 09:03:00,1005,1005,1015,1015,3200
2022-03-08 09:04:00,1010,1010,1015,1015,40100
2022-03-08 09:05:00,1015,1015,1025,1025,7900
2022-03-08 09:06:00,1035,1025,1035,1035,25600
2022-03-08 09:07:00,1035,1035,1035,1035,400
2022-03-08 09:08:00,1030,1025,1035,1025,166400
2022-03-08 09:09:00,1025,1025,1025,1025,1000
2022-03-08 09:10:00,1025,1025,1030,1030,10900
2022-03-08 09:11:00,1030,1030,1030,1030,1000
2022-03-08 09:12:00,1025,1025,1025,1025,30600
2022-03-08 09:13:00,1030,1030,1030,1030,100
2022-03-08 09:14:00,1030,1030,1030,1030,3900
2022-03-08 09:15:00,1025,1025,1025,1025,13200
2022-03-08 09:16:00,1025,1025,1025,1025,7500
2022-03-08 09:17:00,1025,1025,1025,1025,400
2022-03-08 09:18:00,1020,1020,1020,1020,3000
2022-03-08 09:19:00,1020,1020,1020,1020,10000
2022-03-08 09:20:00,1020,1015,1020,1015,63700
2022-03-08 09:21:00,1015,1015,1015,1015,36900
2022-03-08 09:22:00,1015,1005,1015,1005,96600
2022-03-08 09:23:00,1000,995,1005,995,115200
2022-03-08 09:24:00,1000,995,1000,1000,12800
2022-03-08 09:25:00,1000,1000,1000,1000,14900
2022-03-08 09:26:00,995,995,995,995,108900
2022-03-08 09:27:00,990,980,995,980,160600
2022-03-08 09:28:00,985,975,985,975,288000
2022-03-08 09:29:00,980,980,980,980,55100
2022-03-08 09:30:00,985,980,995,995,21600
2022-03-08 09:31:00,995,995,995,995,13400
2022-03-08 09:32:00,995,995,995,995,3200
2022-03-08 09:33:00,995,990,1000,1000,65700
2022-03-08 09:34:00,1010,1005,1010,1005,24600
2022-03-08 09:35:00,1010,1005,1010,1005,0
2022-03-08 09:36:00,1000,1000,1000,1000,61400
2022-03-08 09:37:00,995,995,995,995,600
2022-03-08 09:38:00,995,995,995,995,0
2022-03-08 09:39:00,995,995,995,995,4600
2022-03-08 09:40:00,995,995,995,995,100
2022-03-08 09:41:00,995,995,995,995,0
2022-03-08 09:42:00,995,995,995,995,0
2022-03-08 09:43:00,995,995,995,995,5000
2022-03-08 09:44:00,995,995,995,995,1000
2022-03-08 09:45:00,995,990,995,990,32500
2022-03-08 09:46:00,995,990,995,990,0
2022-03-08 09:47:00,990,990,990,990,16000
2022-03-08 09:48:00,990,990,990,990,0
2022-03-08 09:49:00,990,990,990,990,5500
2022-03-08 09:50:00,990,990,990,990,0
2022-03-08 09:51:00,990,990,995,990,3500
2022-03-08 09:52:00,990,990,990,990,10000
2022-03-08 09:53:00,990,990,990,990,100
2022-03-08 09:54:00,990,990,990,990,0
2022-03-08 09:55:00,990,985,990,990,3200
2022-03-08 09:56:00,990,985,990,990,0
2022-03-08 09:57:00,990,990,990,990,2000
2022-03-08 09:58:00,990,990,990,990,0
2022-03-08 09:59:00,990,990,990,990,8600
2022-03-08 10:00:00,990,990,990,990,4500
2022-03-08 10:01:00,990,990,990,990,0
2022-03-08 10:02:00,990,990,990,990,0
2022-03-08 10:03:00,990,990,990,990,0
2022-03-08 10:04:00,985,985,985,985,10000
2022-03-08 10:05:00,985,980,985,980,11900
2022-03-08 10:06:00,980,980,980,980,4600
2022-03-08 10:07:00,980,980,980,980,9000
2022-03-08 10:08:00,990,990,990,990,1000
2022-03-08 10:09:00,990,980,990,990,1100
2022-03-08 10:10:00,980,980,980,980,1500
2022-03-08 10:11:00,980,980,980,980,3000
2022-03-08 10:12:00,980,980,980,980,10000
2022-03-08 10:13:00,990,990,1005,1005,70000
2022-03-08 10:14:00,990,990,1005,1005,0
2022-03-08 10:15:00,1005,1005,1005,1005,300
2022-03-08 10:16:00,1005,1005,1005,1005,1000
2022-03-08 10:17:00,1005,1005,1005,1005,100
2022-03-08 10:18:00,990,990,990,990,100
2022-03-08 10:19:00,990,990,990,990,400
2022-03-08 10:20:00,990,990,990,990,0
2022-03-08 10:21:00,990,990,1005,1005,800
2022-03-08 10:22:00,990,990,1005,1005,0
2022-03-08 10:23:00,1005,1005,1005,1005,100
2022-03-08 10:24:00,1005,1005,1005,1005,0
2022-03-08 10:25:00,1005,1005,1005,1005,0
2022-03-08 10:26:00,1005,1005,1005,1005,11500
2022-03-08 10:27:00,1005,1000,1005,1000,31000
2022-03-08 10:28:00,1005,1005,1005,1005,100
2022-03-08 10:29:00,1000,1000,1000,1000,100
2022-03-08 10:30:00,1000,1000,1000,1000,0
2022-03-08 10:31:00,1000,1000,1000,1000,7700
2022-03-08 10:32:00,1000,1000,1000,1000,0
2022-03-08 10:33:00,1000,1000,1000,1000,0
2022-03-08 10:34:00,1000,1000,1000,1000,0
2022-03-08 10:35:00,1000,1000,1000,1000,0
2022-03-08 10:36:00,1000,1000,1000,1000,0
2022-03-08 10:37:00,1000,1000,1000,1000,0
2022-03-08 10:38:00,1000,1000,1000,1000,0
2022-03-08 10:39:00,1000,1000,1000,1000,0
2022-03-08 10:40:00,1000,1000,1000,1000,0
2022-03-08 10:41:00,1000,1000,1000,1000,100
2022-03-08 10:42:00,995,995,995,995,300
2022-03-08 10:43:00,995,995,995,995,0
2022-03-08 10:44:00,995,995,995,995,0
2022-03-08 10:45:00,995,995,995,995,0
2022-03-08 10:46:00,995,995,995,995,12200
2022-03-08 10:47:00,995,995,995,995,200
2022-03-08 10:48:00,995,995,995,995,0
2022-03-08 10:49:00,995,995,995,995,0
2022-03-08 10:50:00,995,995,995,995,0
2022-03-08 10:51:00,995,995,995,995,0
2022-03-08 10:52:00,995,995,995,995,5000
2022-03-08 10:53:00,995,995,995,995,4000
2022-03-08 10:54:00,995,990,995,995,2300
2022-03-08 10:55:00,995,995,995,995,100
2022-03-08 10:56:00,995,995,995,995,0
2022-03-08 10:57:00,995,990,995,990,400
2022-03-08 10:58:00,995,995,995,995,4600
2022-03-08 10:59:00,1000,995,1000,995,500
2022-03-08 11:00:00,995,995,995,995,0
2022-03-08 11:01:00,995,995,995,995,0
2022-03-08 11:02:00,995,995,995,995,1885100
2022-03-08 11:03:00,990,990,990,990,200
2022-03-08 11:04:00,990,990,990,990,0
2022-03-08 11:05:00,990,990,990,990,0
2022-03-08 11:06:00,990,990,990,990,0
2022-03-08 11:07:00,990,990,990,990,0
2022-03-08 11:08:00,990,990,990,990,0
2022-03-08 11:09:00,990,990,990,990,2800
2022-03-08 11:10:00,990,990,990,990,5000
2022-03-08 11:11:00,990,990,990,990,0
2022-03-08 11:12:00,990,990,990,990,0
2022-03-08 11:13:00,990,990,990,990,0
2022-03-08 11:14:00,995,990,995,990,300
2022-03-08 11:15:00,990,990,990,990,100
2022-03-08 11:16:00,990,990,990,990,100
2022-03-08 11:17:00,990,990,990,990,0
2022-03-08 11:18:00,990,990,990,990,0
2022-03-08 11:19:00,990,990,990,990,0
2022-03-08 11:20:00,990,990,990,990,1900
2022-03-08 11:21:00,990,990,990,990,0
2022-03-08 11:22:00,990,990,990,990,0
2022-03-08 11:23:00,990,990,990,990,0
2022-03-08 11:24:00,990,990,990,990,0
2022-03-08 11:25:00,990,990,990,990,400
2022-03-08 11:26:00,990,990,990,990,0
2022-03-08 11:27:00,990,990,990,990,0
2022-03-08 11:28:00,990,990,990,990,7500
2022-03-08 11:29:00,990,990,990,990,0
2022-03-08 11:30:00,990,990,990,990,0
2022-03-08 11:31:00,990,990,990,990,0
2022-03-08 11:32:00,990,990,990,990,0
2022-03-08 11:33:00,990,990,990,990,0
2022-03-08 11:34:00,990,990,990,990,0
2022-03-08 11:35:00,990,990,990,990,0
2022-03-08 11:36:00,990,990,990,990,0
2022-03-08 11:37:00,990,990,990,990,0
2022-03-08 11:38:00,990,990,990,990,0
2022-03-08 11:39:00,990,990,990,990,0
2022-03-08 11:40:00,990,990,990,990,0
2022-03-08 11:41:00,990,990,990,990,0
2022-03-08 11:42:00,990,990,990,990,0
2022-03-08 11:43:00,990,990,990,990,0
2022-03-08 11:44:00,990,990,990,990,0
2022-03-08 11:45:00,990,990,990,990,0
2022-03-08 11:46:00,990,990,990,990,0
2022-03-08 11:47:00,990,990,990,990,0
2022-03-08 11:48:00,990,990,990,990,0
2022-03-08 11:49:00,990,990,990,990,0
2022-03-08 11:50:00,990,990,990,990,0
2022-03-08 11:51:00,990,990,990,990,0
2022-03-08 11:52:00,990,990,990,990,0
2022-03-08 11:53:00,990,990,990,990,0
2022-03-08 11:54:00,990,990,990,990,0
2022-03-08 11:55:00,990,990,990,990,0
2022-03-08 11:56:00,990,990,990,990,0
2022-03-08 11:57:00,990,990,990,990,0
2022-03-08 11:58:00,990,990,990,990,0
2022-03-08 11:59:00,990,990,990,990,0
2022-03-08 12:00:00,990,990,990,990,0
2022-03-08 12:01:00,990,990,990,990,0
2022-03-08 12:02:00,990,990,990,990,0
2022-03-08 12:03:00,990,990,990,990,0
2022-03-08 12:04:00,990,990,990,990,0
2022-03-08 12:05:00,990,990,990,990,0
2022-03-08 12:06:00,990,990,990,990,0
2022-03-08 12:07:00,990,990,990,990,0
2022-03-08 12:08:00,990,990,990,990,0
2022-03-08 12:09:00,990,990,990,990,0
2022-03-08 12:10:00,990,990,990,990,0
2022-03-08 12:11:00,990,990,990,990,0
2022-03-08 12:12:00,990,990,990,990,0
2022-03-08 12:13:00,990,990,990,990,0
2022-03-08 12:14:00,990,990,990,990,0
2022-03-08 12:15:00,990,990,990,990,0
2022-03-08 12:16:00,990,990,990,990,0
2022-03-08 12:17:00,990,990,990,990,0
2022-03-08 12:18:00,990,990,990,990,0
2022-03-08 12:19:00,990,990,990,990,0
2022-03-08 12:20:00,990,990,990,990,0
2022-03-08 12:21:00,990,990,990,990,0
2022-03-08 12:22:00,990,990,990,990,0
2022-03-08 12:23:00,990,990,990,990,0
2022-03-08 12:24:00,990,990,990,990,0
2022-03-08 12:25:00,990,990,990,990,0
2022-03-08 12:26:00,990,990,990,990,0
2022-03-08 12:27:00,990,990,990,990,0
2022-03-08 12:28:00,990,990,990,990,0
2022-03-08 12:29:00,990,990,990,990,0
2022-03-08 12:30:00,990,990,990,990,0
2022-03-08 12:31:00,990,990,990,990,0
2022-03-08 12:32:00,990,990,990,990,0
2022-03-08 12:33:00,990,990,990,990,0
2022-03-08 12:34:00,990,990,990,990,0
2022-03-08 12:35:00,990,990,990,990,0
2022-03-08 12:36:00,990,990,990,990,0
2022-03-08 12:37:00,990,990,990,990,0
2022-03-08 12:38:00,990,990,990,990,0
2022-03-08 12:39:00,990,990,990,990,0
2022-03-08 12:40:00,990,990,990,990,0
2022-03-08 12:41:00,990,990,990,990,0
2022-03-08 12:42:00,990,990,990,990,0
2022-03-08 12:43:00,990,990,990,990,0
2022-03-08 12:44:00,990,990,990,990,0
2022-03-08 12:45:00,990,990,990,990,0
2022-03-08 12:46:00,990,990,990,990,0
2022-03-08 12:47:00,990,990,990,990,0
2022-03-08 12:48:00,990,990,990,990,0
2022-03-08 12:49:00,990,990,990,990,0
2022-03-08 12:50:00,990,990,990,990,0
2022-03-08 12:51:00,990,990,990,990,0
2022-03-08 12:52:00,990,990,990,990,0
2022-03-08 12:53:00,990,990,990,990,0
2022-03-08 12:54:00,990,990,990,990,0
2022-03-08 12:55:00,990,990,990,990,0
2022-03-08 12:56:00,990,990,990,990,0
2022-03-08 12:57:00,990,990,990,990,0
2022-03-08 12:58:00,990,990,990,990,0
2022-03-08 12:59:00,990,990,990,990,0
2022-03-08 13:00:00,990,990,990,990,0
2022-03-08 13:01:00,990,990,990,990,0
2022-03-08 13:02:00,990,990,990,990,0
2022-03-08 13:03:00,990,990,990,990,0
2022-03-08 13:04:00,990,990,990,990,0
2022-03-08 13:05:00,990,990,990,990,0
2022-03-08 13:06:00,990,990,990,990,0
2022-03-08 13:07:00,990,990,990,990,0
2022-03-08 13:08:00,990,990,990,990,0
2022-03-08 13:09:00,990,990,990,990,0
2022-03-08 13:10:00,990,990,990,990,0
2022-03-08 13:11:00,990,990,990,990,0
2022-03-08 13:12:00,990,990,990,990,0
2022-03-08 13:13:00,990,990,990,990,0
2022-03-08 13:14:00,990,990,990,990,0
2022-03-08 13:15:00,990,990,990,990,0
2022-03-08 13:16:00,990,990,990,990,0
2022-03-08 13:17:00,990,990,990,990,0
2022-03-08 13:18:00,990,990,990,990,0
2022-03-08 13:19:00,990,990,990,990,0
2022-03-08 13:20:00,990,990,990,990,0
2022-03-08 13:21:00,990,990,990,990,0
2022-03-08 13:22:00,990,990,990,990,0
2022-03-08 13:23:00,990,990,990,990,0
2022-03-08 13:24:00,990,990,990,990,0
2022-03-08 13:25:00,990,990,990,990,0
2022-03-08 13:26:00,990,990,990,990,0
2022-03-08 13:27:00,990,990,990,990,0
2022-03-08 13:28:00,990,990,990,990,0
2022-03-08 13:29:00,990,990,990,990,0
2022-03-08 13:30:00,990,985,990,985,46500
2022-03-08 13:31:00,995,990,995,990,5000
2022-03-08 13:32:00,985,985,985,985,2900
2022-03-08 13:33:00,985,985,985,985,4000
2022-03-08 13:34:00,985,985,985,985,0
2022-03-08 13:35:00,985,985,990,990,3300
2022-03-08 13:36:00,985,985,990,990,0
2022-03-08 13:37:00,985,980,985,980,27400
2022-03-08 13:38:00,980,980,980,980,100
2022-03-08 13:39:00,985,985,985,985,5000
2022-03-08 13:40:00,985,985,985,985,0
2022-03-08 13:41:00,980,980,980,980,12000
2022-03-08 13:42:00,980,980,980,980,2700
2022-03-08 13:43:00,985,980,985,980,19800
2022-03-08 13:44:00,980,980,980,980,900
2022-03-08 13:45:00,980,980,980,980,0
2022-03-08 13:46:00,980,980,980,980,0
2022-03-08 13:47:00,980,980,980,980,0
2022-03-08 13:48:00,980,980,980,980,50000
2022-03-08 13:49:00,980,980,980,980,0
2022-03-08 13:50:00,980,980,980,980,21000
2022-03-08 13:51:00,980,980,980,980,12100
2022-03-08 13:52:00,980,980,980,980,0
2022-03-08 13:53:00,980,980,980,980,0
2022-03-08 13:54:00,980,980,980,980,400
2022-03-08 13:55:00,985,985,995,995,30500
2022-03-08 13:56:00,1000,1000,1000,1000,375500
2022-03-08 13:57:00,1000,1000,1000,1000,225600
2022-03-08 13:58:00,1000,1000,1000,1000,39800
2022-03-08 13:59:00,1005,1000,1005,1000,1100
2022-03-08 14:00:00,1005,1000,1005,1000,0
2022-03-08 14:01:00,1000,1000,1000,1000,3000
2022-03-08 14:02:00,1000,1000,1000,1000,0
2022-03-08 14:03:00,1000,1000,1000,1000,7200
2022-03-08 14:04:00,1000,1000,1000,1000,0
2022-03-08 14:05:00,1000,1000,1005,1005,302900
2022-03-08 14:06:00,1005,1005,1010,1010,306800
2022-03-08 14:07:00,1010,1010,1010,1010,106100
2022-03-08 14:08:00,1015,1015,1015,1015,500000
2022-03-08 14:09:00,1015,1015,1015,1015,16200
2022-03-08 14:10:00,1015,1015,1020,1020,302900
2022-03-08 14:11:00,1020,1020,1020,1020,24300
2022-03-08 14:12:00,1020,1015,1025,1020,351300
2022-03-08 14:13:00,1020,1015,1020,1015,9300
2022-03-08 14:14:00,1015,1015,1015,1015,15000
2022-03-08 14:15:00,1010,1010,1015,1015,500
2022-03-08 14:16:00,1010,1010,1010,1010,3100
2022-03-08 14:17:00,1010,1010,1010,1010,10500
2022-03-08 14:18:00,1010,1010,1010,1010,500
2022-03-08 14:19:00,1010,1005,1010,1005,412000
2022-03-08 14:20:00,1005,1005,1015,1010,181000
2022-03-08 14:21:00,1005,1005,1015,1010,0
2022-03-08 14:22:00,1010,1010,1010,1010,23000
2022-03-08 14:23:00,1010,1000,1010,1000,14900
2022-03-08 14:24:00,995,995,995,995,1900
2022-03-08 14:25:00,995,995,995,995,15500
2022-03-08 14:26:00,995,995,995,995,100
2022-03-08 14:27:00,995,995,995,995,1100
2022-03-08 14:28:00,990,990,990,990,1500
2022-03-08 14:29:00,990,990,990,990,0
2022-03-08 14:30:00,995,995,995,995,5200
2022-03-08 14:31:00,995,995,995,995,300
2022-03-08 14:32:00,995,995,995,995,0
2022-03-08 14:33:00,995,995,995,995,0
2022-03-08 14:34:00,1000,1000,1010,1010,670000
2022-03-08 14:35:00,1000,1000,1010,1010,0
2022-03-08 14:36:00,1000,1000,1010,1010,0
2022-03-08 14:37:00,1000,1000,1000,1000,1600
2022-03-08 14:38:00,995,995,995,995,1900
2022-03-08 14:39:00,995,995,995,995,0
2022-03-08 14:40:00,995,995,995,995,0
2022-03-08 14:41:00,995,995,995,995,0
2022-03-08 14:42:00,995,995,995,995,0
2022-03-08 14:43:00,995,995,995,995,0
2022-03-08 14:44:00,1000,1000,1015,1015,45300
2022-03-08 14:45:00,1015,1015,1015,1015,3700
2022-03-08 14:46:00,1015,1015,1015,1015,0
2022-03-08 14:47:00,1015,1015,1015,1015,0
2022-03-08 14:48:00,1015,1015,1015,1015,0
2022-03-08 14:49:00,995,995,995,995,100
2022-03-08 14:50:00,995,995,995,995,0
2022-03-08 14:51:00,995,995,995,995,0
2022-03-08 14:52:00,995,995,995,995,0
2022-03-08 14:53:00,995,995,995,995,0
2022-03-08 14:54:00,995,995,995,995,0
2022-03-08 14:55:00,995,995,995,995,0
2022-03-08 14:56:00,995,995,995,995,0
2022-03-08 14:57:00,995,995,995,995,0
2022-03-08 14:58:00,995,995,995,995,0
2022-03-08 14:59:00,995,995,995,995,0
2022-03-08 15:00:00,995,995,995,995,45800
2022-03-08 15:01:00,995,995,995,995,0
2022-03-08 15:02:00,995,995,995,995,0
2022-03-08 15:03:00,995,995,995,995,0
2022-03-08 15:04:00,995,995,995,995,700
2022-03-08 15:05:00,995,995,995,995,0
2022-03-08 15:06:00,995,995,995,995,0
2022-03-08 15:07:00,995,995,995,995,1500
2022-03-08 15:08:00,995,995,995,995,0
2022-03-08 15:09:00,995,995,995,995,0
2022-03-08 15:10:00,995,995,995,995,0
2022-03-08 15:11:00,995,995,995,995,0
2022-03-08 15:12:00,995,995,995,995,0
2022-03-08 15:13:00,995,995,995,995,0
2022-03-08 15:14:00,995,995,995,995,0
2022-03-08 15:15:00,995,995,995,995,0
2022-03-08 15:16:00,995,995,995,995,0
2022-03-08 15:17:00,995,995,995,995,0
2022-03-08 15:18:00,995,995,995,995,0
2022-03-08 15:19:00,995,995,995,995,0
2022-03-08 15:20:00,995,995,995,995,0
2022-03-08 15:21:00,995,995,995,995,0
2022-03-08 15:22:00,995,995,995,995,0
2022-03-08 15:23:00,995,995,995,995,0
2022-03-08 15:24:00,995,995,995,995,0
2022-03-08 15:25:00,995,995,995,995,0
2022-03-08 15:26:00,995,995,995,995,0
2022-03-08 15:27:00,995,995,995,995,0
2022-03-08 15:28:00,995,995,995,995,0
2022-03-08 15:29:00,995,995,995,995,0
2022-03-08 15:30:00,995,995,995,995,0
2022-03-08 15:31:00,995,995,995,995,0
2022-03-08 15:32:00,995,995,995,995,0
2022-03-08 15:33:00,995,995,995,995,0
2022-03-08 15:34:00,995,995,995,995,0
2022-03-08 15:35:00,995,995,995,995,0
2022-03-08 15:36:00,995,995,995,995,0
2022-03-08 15:37:00,995,995,995,995,0
2022-03-08 15:38:00,995,995,995,995,0
2022-03-08 15:39:00,995,995,995,995,0
2022-03-08 15:40:00,995,995,995,995,0
2022-03-08 15:41:00,995,995,995,995,0
2022-03-08 15:42:00,995,995,995,995,0
2022-03-08 15:43:00,995,995,995,995,0
2022-03-08 15:44:00,995,995,995,995,0
2022-03-08 15:45:00,995,995,995,995,0
2022-03-08 15:46:00,995,995,995,995,0
2022-03-08 15:47:00,995,995,995,995,0
2022-03-08 15:48:00,995,995,995,995,0
2022-03-08 15:49:00,995,995,995,995,0
2022-03-08 15:50:00,995,995,995,995,0
2022-03-08 15:51:00,995,995,995,995,0
2022-03-08 15:52:00,995,995,995,995,0
2022-03-08 15:53:00,995,995,995,995,0
2022-03-08 15:54:00,995,995,995,995,0
2022-03-08 15:55:00,995,995,995,995,0
2022-03-08 15:56:00,995,995,995,995,0
2022-03-08 15:57:00,995,995,995,995,0
2022-03-08 15:58:00,995,995,995,995,0
2022-03-08 15:59:00,995,995,995,995,0
2022-03-09 09:00:00,1000,995,1000,1000,0
2022-03-09 09:01:00,1000,995,1000,1000,0
2022-03-09 09:02:00,995,995,995,995,500
2022-03-09 09:03:00,995,995,995,995,0
2022-03-09 09:04:00,995,995,995,995,0
2022-03-09 09:05:00,1000,1000,1000,1000,300000
2022-03-09 09:06:00,1000,1000,1005,1005,23500
2022-03-09 09:07:00,1005,1000,1025,1000,309700
2022-03-09 09:08:00,1005,1005,1005,1005,150500
2022-03-09 09:09:00,1005,1005,1005,1005,149900
2022-03-09 09:10:00,1005,1005,1005,1005,0
2022-03-09 09:11:00,1010,1005,1010,1010,424300
2022-03-09 09:12:00,1010,1010,1010,1010,81200
2022-03-09 09:13:00,1010,1010,1010,1010,0
2022-03-09 09:14:00,1010,1010,1010,1010,0
2022-03-09 09:15:00,1005,1000,1010,1010,54000
2022-03-09 09:16:00,1000,1000,1000,1000,7000
2022-03-09 09:17:00,1000,1000,1000,1000,1200
2022-03-09 09:18:00,995,995,1000,1000,31100
2022-03-09 09:19:00,1010,1000,1010,1000,86200
2022-03-09 09:20:00,1010,1000,1010,1000,0
2022-03-09 09:21:00,1010,1000,1010,1000,0
2022-03-09 09:22:00,1000,1000,1000,1000,19800
2022-03-09 09:23:00,1005,1005,1005,1005,290400
2022-03-09 09:24:00,1010,1005,1010,1010,58600
2022-03-09 09:25:00,1010,1010,1010,1010,200600
2022-03-09 09:26:00,1010,1010,1020,1015,214100
2022-03-09 09:27:00,1015,1015,1015,1015,108900
2022-03-09 09:28:00,1015,1015,1025,1025,257300
2022-03-09 09:29:00,1020,1020,1020,1020,185500
2022-03-09 09:30:00,1020,1020,1030,1025,215800
2022-03-09 09:31:00,1025,1025,1025,1025,170300
2022-03-09 09:32:00,1020,1020,1025,1025,65100
2022-03-09 09:33:00,1025,1020,1030,1020,26600
2022-03-09 09:34:00,1020,1020,1020,1020,500
2022-03-09 09:35:00,1020,1020,1020,1020,0
2022-03-09 09:36:00,1020,1020,1020,1020,0
2022-03-09 09:37:00,1020,1020,1020,1020,0
2022-03-09 09:38:00,1020,1020,1020,1020,0
2022-03-09 09:39:00,1020,1020,1020,1020,16000
2022-03-09 09:40:00,1020,1020,1020,1020,0
2022-03-09 09:41:00,1020,1020,1020,1020,0
2022-03-09 09:42:00,1025,1025,1025,1025,200
2022-03-09 09:43:00,1020,1015,1020,1015,2200
2022-03-09 09:44:00,1015,1015,1015,1015,28300
2022-03-09 09:45:00,1015,1015,1015,1015,1000
2022-03-09 09:46:00,1015,1015,1015,1015,0
2022-03-09 09:47:00,1015,1015,1015,1015,0
2022-03-09 09:48:00,1015,1015,1015,1015,1500
2022-03-09 09:49:00,1015,1015,1015,1015,700
2022-03-09 09:50:00,1015,1015,1015,1015,0
2022-03-09 09:51:00,1010,1010,1010,1010,100
2022-03-09 09:52:00,1010,1005,1010,1005,27300
2022-03-09 09:53:00,1010,1005,1010,1005,0
2022-03-09 09:54:00,1010,1005,1010,1005,0
2022-03-09 09:55:00,1010,1005,1010,1005,0
2022-03-09 09:56:00,1010,1005,1010,1005,0
2022-03-09 09:57:00,1010,1005,1010,1005,0
2022-03-09 09:58:00,1010,1005,1010,1005,0
2022-03-09 09:59:00,1010,1005,1010,1005,0
2022-03-09 10:00:00,1005,1005,1015,1015,300
2022-03-09 10:01:00,1005,1005,1005,1005,23400
2022-03-09 10:02:00,1000,1000,1000,1000,10100
2022-03-09 10:03:00,1000,1000,1000,1000,0
2022-03-09 10:04:00,1000,1000,1000,1000,200
2022-03-09 10:05:00,1000,1000,1000,1000,0
2022-03-09 10:06:00,1000,1000,1000,1000,0
2022-03-09 10:07:00,1000,1000,1000,1000,0
2022-03-09 10:08:00,1000,1000,1000,1000,0
2022-03-09 10:09:00,1000,1000,1000,1000,0
2022-03-09 10:10:00,1000,1000,1000,1000,0
2022-03-09 10:11:00,1000,1000,1000,1000,0
2022-03-09 10:12:00,1000,1000,1000,1000,0
2022-03-09 10:13:00,1005,1005,1005,1005,3500
2022-03-09 10:14:00,1005,995,1005,1005,201400
2022-03-09 10:15:00,1005,1005,1005,1005,60000
2022-03-09 10:16:00,1005,1005,1005,1005,0
2022-03-09 10:17:00,1005,1005,1005,1005,0
2022-03-09 10:18:00,1005,1005,1005,1005,0
2022-03-09 10:19:00,1000,1000,1000,1000,200
2022-03-09 10:20:00,1000,1000,1000,1000,0
2022-03-09 10:21:00,1000,1000,1000,1000,700
2022-03-09 10:22:00,1000,1000,1000,1000,0
2022-03-09 10:23:00,1000,1000,1000,1000,0
2022-03-09 10:24:00,1000,1000,1000,1000,0
2022-03-09 10:25:00,1000,1000,1000,1000,0
2022-03-09 10:26:00,1000,1000,1000,1000,0
2022-03-09 10:27:00,1000,1000,1000,1000,0
2022-03-09 10:28:00,1000,1000,1000,1000,0
2022-03-09 10:29:00,1000,1000,1000,1000,0
2022-03-09 10:30:00,1000,1000,1000,1000,0
2022-03-09 10:31:00,1000,1000,1000,1000,0
2022-03-09 10:32:00,1000,1000,1000,1000,0
2022-03-09 10:33:00,1000,1000,1000,1000,0
2022-03-09 10:34:00,1000,1000,1000,1000,0
2022-03-09 10:35:00,1000,1000,1000,1000,0
2022-03-09 10:36:00,1000,1000,1000,1000,0
2022-03-09 10:37:00,1000,1000,1000,1000,0
2022-03-09 10:38:00,1000,1000,1000,1000,0
2022-03-09 10:39:00,1000,1000,1000,1000,0
2022-03-09 10:40:00,1000,1000,1000,1000,0
2022-03-09 10:41:00,1000,1000,1000,1000,200
2022-03-09 10:42:00,1000,1000,1000,1000,0
2022-03-09 10:43:00,1000,1000,1000,1000,0
2022-03-09 10:44:00,1000,1000,1000,1000,0
2022-03-09 10:45:00,1000,1000,1000,1000,0
2022-03-09 10:46:00,1000,1000,1000,1000,6400
2022-03-09 10:47:00,1000,1000,1000,1000,2000
2022-03-09 10:48:00,1000,1000,1000,1000,0
2022-03-09 10:49:00,1000,1000,1000,1000,0
2022-03-09 10:50:00,1000,1000,1000,1000,0
2022-03-09 10:51:00,1000,1000,1000,1000,0
2022-03-09 10:52:00,1000,1000,1000,1000,0
2022-03-09 10:53:00,1000,1000,1000,1000,0
2022-03-09 10:54:00,1000,1000,1000,1000,0
2022-03-09 10:55:00,1000,1000,1000,1000,0
2022-03-09 10:56:00,1000,1000,1000,1000,0
2022-03-09 10:57:00,1000,1000,1000,1000,900
2022-03-09 10:58:00,1000,1000,1000,1000,0
2022-03-09 10:59:00,1000,1000,1000,1000,0
2022-03-09 11:00:00,1000,1000,1000,1000,100
2022-03-09 11:01:00,1000,1000,1000,1000,0
2022-03-09 11:02:00,1000,1000,1000,1000,0
2022-03-09 11:03:00,1000,1000,1000,1000,0
2022-03-09 11:04:00,1000,1000,1000,1000,0
2022-03-09 11:05:00,1000,1000,1000,1000,0
2022-03-09 11:06:00,1000,1000,1000,1000,0
2022-03-09 11:07:00,1000,1000,1000,1000,0
2022-03-09 11:08:00,1000,1000,1000,1000,0
2022-03-09 11:09:00,1000,1000,1000,1000,0
2022-03-09 11:10:00,1000,1000,1000,1000,0
2022-03-09 11:11:00,1000,1000,1000,1000,0
2022-03-09 11:12:00,1000,1000,1000,1000,0
2022-03-09 11:13:00,1000,1000,1000,1000,0
2022-03-09 11:14:00,1000,1000,1000,1000,0
2022-03-09 11:15:00,1000,1000,1000,1000,0
2022-03-09 11:16:00,1000,1000,1000,1000,0
2022-03-09 11:17:00,1000,1000,1000,1000,0
2022-03-09 11:18:00,1000,1000,1000,1000,0
2022-03-09 11:19:00,1000,1000,1000,1000,0
2022-03-09 11:20:00,1000,1000,1000,1000,0
2022-03-09 11:21:00,1000,1000,1000,1000,100
2022-03-09 11:22:00,1000,1000,1000,1000,0
2022-03-09 11:23:00,1000,1000,1000,1000,0
2022-03-09 11:24:00,1000,1000,1000,1000,0
2022-03-09 11:25:00,1005,1005,1005,1005,100
2022-03-09 11:26:00,1005,1005,1005,1005,0
2022-03-09 11:27:00,1005,1005,1005,1005,0
2022-03-09 11:28:00,1005,1005,1005,1005,0
2022-03-09 11:29:00,1005,1005,1005,1005,0
2022-03-09 11:30:00,1005,1005,1005,1005,0
2022-03-09 11:31:00,1005,1005,1005,1005,0
2022-03-09 11:32:00,1005,1005,1005,1005,0
2022-03-09 11:33:00,1005,1005,1005,1005,0
2022-03-09 11:34:00,1005,1005,1005,1005,0
2022-03-09 11:35:00,1005,1005,1005,1005,0
2022-03-09 11:36:00,1005,1005,1005,1005,0
2022-03-09 11:37:00,1005,1005,1005,1005,0
2022-03-09 11:38:00,1005,1005,1005,1005,0
2022-03-09 11:39:00,1005,1005,1005,1005,0
2022-03-09 11:40:00,1005,1005,1005,1005,0
2022-03-09 11:41:00,1005,1005,1005,1005,0
2022-03-09 11:42:00,1005,1005,1005,1005,0
2022-03-09 11:43:00,1005,1005,1005,1005,0
2022-03-09 11:44:00,1005,1005,1005,1005,0
2022-03-09 11:45:00,1005,1005,1005,1005,0
2022-03-09 11:46:00,1005,1005,1005,1005,0
2022-03-09 11:47:00,1005,1005,1005,1005,0
2022-03-09 11:48:00,1005,1005,1005,1005,0
2022-03-09 11:49:00,1005,1005,1005,1005,0
2022-03-09 11:50:00,1005,1005,1005,1005,0
2022-03-09 11:51:00,1005,1005,1005,1005,0
2022-03-09 11:52:00,1005,1005,1005,1005,0
2022-03-09 11:53:00,1005,1005,1005,1005,0
2022-03-09 11:54:00,1005,1005,1005,1005,0
2022-03-09 11:55:00,1005,1005,1005,1005,0
2022-03-09 11:56:00,1005,1005,1005,1005,0
2022-03-09 11:57:00,1005,1005,1005,1005,0
2022-03-09 11:58:00,1005,1005,1005,1005,0
2022-03-09 11:59:00,1005,1005,1005,1005,0
2022-03-09 12:00:00,1005,1005,1005,1005,0
2022-03-09 12:01:00,1005,1005,1005,1005,0
2022-03-09 12:02:00,1005,1005,1005,1005,0
2022-03-09 12:03:00,1005,1005,1005,1005,0
2022-03-09 12:04:00,1005,1005,1005,1005,0
2022-03-09 12:05:00,1005,1005,1005,1005,0
2022-03-09 12:06:00,1005,1005,1005,1005,0
2022-03-09 12:07:00,1005,1005,1005,1005,0
2022-03-09 12:08:00,1005,1005,1005,1005,0
2022-03-09 12:09:00,1005,1005,1005,1005,0
2022-03-09 12:10:00,1005,1005,1005,1005,0
2022-03-09 12:11:00,1005,1005,1005,1005,0
2022-03-09 12:12:00,1005,1005,1005,1005,0
2022-03-09 12:13:00,1005,1005,1005,1005,0
2022-03-09 12:14:00,1005,1005,1005,1005,0
2022-03-09 12:15:00,1005,1005,1005,1005,0
2022-03-09 12:16:00,1005,1005,1005,1005,0
2022-03-09 12:17:00,1005,1005,1005,1005,0
2022-03-09 12:18:00,1005,1005,1005,1005,0
2022-03-09 12:19:00,1005,1005,1005,1005,0
2022-03-09 12:20:00,1005,1005,1005,1005,0
2022-03-09 12:21:00,1005,1005,1005,1005,0
2022-03-09 12:22:00,1005,1005,1005,1005,0
2022-03-09 12:23:00,1005,1005,1005,1005,0
2022-03-09 12:24:00,1005,1005,1005,1005,0
2022-03-09 12:25:00,1005,1005,1005,1005,0
2022-03-09 12:26:00,1005,1005,1005,1005,0
2022-03-09 12:27:00,1005,1005,1005,1005,0
2022-03-09 12:28:00,1005,1005,1005,1005,0
2022-03-09 12:29:00,1005,1005,1005,1005,0
2022-03-09 12:30:00,1005,1005,1005,1005,0
2022-03-09 12:31:00,1005,1005,1005,1005,0
2022-03-09 12:32:00,1005,1005,1005,1005,0
2022-03-09 12:33:00,1005,1005,1005,1005,0
2022-03-09 12:34:00,1005,1005,1005,1005,0
2022-03-09 12:35:00,1005,1005,1005,1005,0
2022-03-09 12:36:00,1005,1005,1005,1005,0
2022-03-09 12:37:00,1005,1005,1005,1005,0
2022-03-09 12:38:00,1005,1005,1005,1005,0
2022-03-09 12:39:00,1005,1005,1005,1005,0
2022-03-09 12:40:00,1005,1005,1005,1005,0
2022-03-09 12:41:00,1005,1005,1005,1005,0
2022-03-09 12:42:00,1005,1005,1005,1005,0
2022-03-09 12:43:00,1005,1005,1005,1005,0
2022-03-09 12:44:00,1005,1005,1005,1005,0
2022-03-09 12:45:00,1005,1005,1005,1005,0
2022-03-09 12:46:00,1005,1005,1005,1005,0
2022-03-09 12:47:00,1005,1005,1005,1005,0
2022-03-09 12:48:00,1005,1005,1005,1005,0
2022-03-09 12:49:00,1005,1005,1005,1005,0
2022-03-09 12:50:00,1005,1005,1005,1005,0
2022-03-09 12:51:00,1005,1005,1005,1005,0
2022-03-09 12:52:00,1005,1005,1005,1005,0
2022-03-09 12:53:00,1005,1005,1005,1005,0
2022-03-09 12:54:00,1005,1005,1005,1005,0
2022-03-09 12:55:00,1005,1005,1005,1005,0
2022-03-09 12:56:00,1005,1005,1005,1005,0
2022-03-09 12:57:00,1005,1005,1005,1005,0
2022-03-09 12:58:00,1005,1005,1005,1005,0
2022-03-09 12:59:00,1005,1005,1005,1005,0
2022-03-09 13:00:00,1005,1005,1005,1005,0
2022-03-09 13:01:00,1005,1005,1005,1005,0
2022-03-09 13:02:00,1005,1005,1005,1005,0
2022-03-09 13:03:00,1005,1005,1005,1005,0
2022-03-09 13:04:00,1005,1005,1005,1005,0
2022-03-09 13:05:00,1005,1005,1005,1005,0
2022-03-09 13:06:00,1005,1005,1005,1005,0
2022-03-09 13:07:00,1005,1005,1005,1005,0
2022-03-09 13:08:00,1005,1005,1005,1005,0
2022-03-09 13:09:00,1005,1005,1005,1005,0
2022-03-09 13:10:00,1005,1005,1005,1005,0
2022-03-09 13:11:00,1005,1005,1005,1005,0
2022-03-09 13:12:00,1005,1005,1005,1005,0
2022-03-09 13:13:00,1005,1005,1005,1005,0
2022-03-09 13:14:00,1005,1005,1005,1005,0
2022-03-09 13:15:00,1005,1005,1005,1005,0
2022-03-09 13:16:00,1005,1005,1005,1005,0
2022-03-09 13:17:00,1005,1005,1005,1005,0
2022-03-09 13:18:00,1005,1005,1005,1005,0
2022-03-09 13:19:00,1005,1005,1005,1005,0
2022-03-09 13:20:00,1005,1005,1005,1005,0
2022-03-09 13:21:00,1005,1005,1005,1005,0
2022-03-09 13:22:00,1005,1005,1005,1005,0
2022-03-09 13:23:00,1005,1005,1005,1005,0
2022-03-09 13:24:00,1005,1005,1005,1005,0
2022-03-09 13:25:00,1005,1005,1005,1005,0
2022-03-09 13:26:00,1005,1005,1005,1005,0
2022-03-09 13:27:00,1005,1005,1005,1005,0
2022-03-09 13:28:00,1005,1005,1005,1005,0
2022-03-09 13:29:00,1005,1005,1005,1005,0
2022-03-09 13:30:00,1005,1005,1005,1005,247800
2022-03-09 13:31:00,1005,1005,1005,1005,100000
2022-03-09 13:32:00,1010,1010,1010,1010,600
2022-03-09 13:33:00,1010,1010,1015,1015,331900
2022-03-09 13:34:00,1015,1015,1015,1015,315800
2022-03-09 13:35:00,1015,1015,1015,1015,27500
2022-03-09 13:36:00,1015,1015,1015,1015,0
2022-03-09 13:37:00,1015,1015,1015,1015,0
2022-03-09 13:38:00,1015,1015,1015,1015,1000
2022-03-09 13:39:00,1015,1015,1015,1015,900
2022-03-09 13:40:00,1010,1005,1010,1005,18200
2022-03-09 13:41:00,1010,1005,1010,1005,0
2022-03-09 13:42:00,1010,1010,1010,1010,1000
2022-03-09 13:43:00,1010,1010,1010,1010,0
2022-03-09 13:44:00,1010,1010,1010,1010,100
2022-03-09 13:45:00,1010,1010,1010,1010,0
2022-03-09 13:46:00,1010,1010,1010,1010,0
2022-03-09 13:47:00,1010,1010,1010,1010,0
2022-03-09 13:48:00,1010,1010,1010,1010,0
2022-03-09 13:49:00,1010,1010,1010,1010,0
2022-03-09 13:50:00,1010,1010,1010,1010,0
2022-03-09 13:51:00,1010,1010,1010,1010,0
2022-03-09 13:52:00,1010,1010,1010,1010,0
2022-03-09 13:53:00,1010,1010,1010,1010,0
2022-03-09 13:54:00,1010,1010,1010,1010,600
2022-03-09 13:55:00,1010,1010,1010,1010,0
2022-03-09 13:56:00,1010,1010,1010,1010,0
2022-03-09 13:57:00,1010,1010,1010,1010,0
2022-03-09 13:58:00,1010,1010,1010,1010,200
2022-03-09 13:59:00,1010,1010,1010,1010,0
2022-03-09 14:00:00,1010,1010,1010,1010,2500
2022-03-09 14:01:00,1010,1010,1010,1010,0
2022-03-09 14:02:00,1010,1010,1010,1010,0
2022-03-09 14:03:00,1010,1010,1010,1010,0
2022-03-09 14:04:00,1005,1005,1005,1005,9700
2022-03-09 14:05:00,1005,1005,1005,1005,0
2022-03-09 14:06:00,1005,1005,1005,1005,0
2022-03-09 14:07:00,1005,1005,1005,1005,0
2022-03-09 14:08:00,1005,1005,1005,1005,0
2022-03-09 14:09:00,1010,1010,1010,1010,200
2022-03-09 14:10:00,1010,1010,1010,1010,0
2022-03-09 14:11:00,1010,1010,1010,1010,0
2022-03-09 14:12:00,1010,1010,1010,1010,0
2022-03-09 14:13:00,1010,1010,1010,1010,0
2022-03-09 14:14:00,1005,1005,1005,1005,18200
2022-03-09 14:15:00,1005,1005,1005,1005,0
2022-03-09 14:16:00,1005,1005,1005,1005,0
2022-03-09 14:17:00,1005,1005,1005,1005,1100
2022-03-09 14:18:00,1005,1005,1005,1005,0
2022-03-09 14:19:00,1005,1005,1005,1005,0
2022-03-09 14:20:00,1005,1005,1005,1005,300
2022-03-09 14:21:00,1005,1005,1005,1005,0
2022-03-09 14:22:00,1005,1005,1005,1005,0
2022-03-09 14:23:00,1005,1005,1005,1005,200
2022-03-09 14:24:00,1005,1005,1005,1005,0
2022-03-09 14:25:00,1005,1005,1005,1005,0
2022-03-09 14:26:00,1005,1005,1005,1005,0
2022-03-09 14:27:00,1005,1005,1005,1005,200
2022-03-09 14:28:00,1005,1005,1005,1005,0
2022-03-09 14:29:00,1005,1005,1005,1005,0
2022-03-09 14:30:00,1005,1005,1005,1005,0
2022-03-09 14:31:00,1010,1010,1010,1010,1000
2022-03-09 14:32:00,1010,1010,1010,1010,900
2022-03-09 14:33:00,1010,1010,1010,1010,200
2022-03-09 14:34:00,1010,1010,1010,1010,0
2022-03-09 14:35:00,1010,1010,1010,1010,0
2022-03-09 14:36:00,1010,1010,1010,1010,0
2022-03-09 14:37:00,1010,1010,1010,1010,8500
2022-03-09 14:38:00,1010,1010,1010,1010,1000
2022-03-09 14:39:00,1010,1005,1010,1005,900
2022-03-09 14:40:00,1005,1000,1005,1000,22800
2022-03-09 14:41:00,1000,990,1000,1000,449300
2022-03-09 14:42:00,1000,995,1000,1000,209900
2022-03-09 14:43:00,995,995,1000,1000,120000
2022-03-09 14:44:00,995,995,1000,1000,0
2022-03-09 14:45:00,995,995,1000,1000,0
2022-03-09 14:46:00,1000,995,1000,1000,1800
2022-03-09 14:47:00,1000,995,1000,995,3100
2022-03-09 14:48:00,1000,990,1000,995,10800
2022-03-09 14:49:00,995,995,995,995,2000
2022-03-09 14:50:00,995,995,995,995,0
2022-03-09 14:51:00,995,995,995,995,0
2022-03-09 14:52:00,995,995,995,995,0
2022-03-09 14:53:00,995,995,995,995,0
2022-03-09 14:54:00,995,995,995,995,0
2022-03-09 14:55:00,995,995,995,995,0
2022-03-09 14:56:00,995,995,995,995,0
2022-03-09 14:57:00,995,995,995,995,0
2022-03-09 14:58:00,995,995,995,995,0
2022-03-09 14:59:00,995,995,995,995,0
2022-03-09 15:00:00,1000,1000,1000,1000,28100
2022-03-09 15:01:00,1000,1000,1000,1000,1000
2022-03-09 15:02:00,1000,1000,1000,1000,2500
2022-03-09 15:03:00,1000,1000,1000,1000,4500
2022-03-09 15:04:00,1000,1000,1000,1000,0
2022-03-09 15:05:00,1000,1000,1000,1000,9600
2022-03-09 15:06:00,1000,1000,1000,1000,0
2022-03-09 15:07:00,1000,1000,1000,1000,0
2022-03-09 15:08:00,1000,1000,1000,1000,1400
2022-03-09 15:09:00,1000,1000,1000,1000,2000
2022-03-09 15:10:00,1000,1000,1000,1000,0
2022-03-09 15:11:00,1000,1000,1000,1000,0
2022-03-09 15:12:00,1000,1000,1000,1000,2000
2022-03-09 15:13:00,1000,1000,1000,1000,0
2022-03-09 15:14:00,1000,1000,1000,1000,0
2022-03-09 15:15:00,1000,1000,1000,1000,0
2022-03-09 15:16:00,1000,1000,1000,1000,0
2022-03-09 15:17:00,1000,1000,1000,1000,0
2022-03-09 15:18:00,1000,1000,1000,1000,0
2022-03-09 15:19:00,1000,1000,1000,1000,0
2022-03-09 15:20:00,1000,1000,1000,1000,0
2022-03-09 15:21:00,1000,1000,1000,1000,0
2022-03-09 15:22:00,1000,1000,1000,1000,0
2022-03-09 15:23:00,1000,1000,1000,1000,0
2022-03-09 15:24:00,1000,1000,1000,1000,0
2022-03-09 15:25:00,1000,1000,1000,1000,0
2022-03-09 15:26:00,1000,1000,1000,1000,0
2022-03-09 15:27:00,1000,1000,1000,1000,0
2022-03-09 15:28:00,1000,1000,1000,1000,0
2022-03-09 15:29:00,1000,1000,1000,1000,0
2022-03-09 15:30:00,1000,1000,1000,1000,0
2022-03-09 15:31:00,1000,1000,1000,1000,0
2022-03-09 15:32:00,1000,1000,1000,1000,0
2022-03-09 15:33:00,1000,1000,1000,1000,0
2022-03-09 15:34:00,1000,1000,1000,1000,0
2022-03-09 15:35:00,1000,1000,1000,1000,0
2022-03-09 15:36:00,1000,1000,1000,1000,0
2022-03-09 15:37:00,1000,1000,1000,1000,0
2022-03-09 15:38:00,1000,1000,1000,1000,0
2022-03-09 15:39:00,1000,1000,1000,1000,0
2022-03-09 15:40:00,1000,1000,1000,1000,0
2022-03-09 15:41:00,1000,1000,1000,1000,0
2022-03-09 15:42:00,1000,1000,1000,1000,0
2022-03-09 15:43:00,1000,1000,1000,1000,0
2022-03-09 15:44:00,1000,1000,1000,1000,0
2022-03-09 15:45:00,1000,1000,1000,1000,0
2022-03-09 15:46:00,1000,1000,1000,1000,0
2022-03-09 15:47:00,1000,1000,1000,1000,0
2022-03-09 15:48:00,1000,1000,1000,1000,0
2022-03-09 15:49:00,1000,1000,1000,1000,0
2022-03-09 15:50:00,1000,1000,1000,1000,0
2022-03-09 15:51:00,1000,1000,1000,1000,0
2022-03-09 15:52:00,1000,1000,1000,1000,0
2022-03-09 15:53:00,1000,1000,1000,1000,0
2022-03-09 15:54:00,1000,1000,1000,1000,0
2022-03-09 15:55:00,1000,1000,1000,1000,0
2022-03-09 15:56:00,1000,1000,1000,1000,0
2022-03-09 15:57:00,1000,1000,1000,1000,0
2022-03-09 15:58:00,1000,1000,1000,1000,0
2022-03-09 15:59:00,1000,1000,1000,1000,0
2022-03-10 09:00:00,1000,1000,1000,1000,0
2022-03-10 09:01:00,1000,1000,1000,1000,16000
2022-03-10 09:02:00,1000,1000,1000,1000,0
2022-03-10 09:03:00,1000,1000,1000,1000,1400
2022-03-10 09:04:00,1000,1000,1000,1000,0
2022-03-10 09:05:00,1000,1000,1000,1000,19200
2022-03-10 09:06:00,1000,1000,1000,1000,100
2022-03-10 09:07:00,1000,995,1005,1005,313600
2022-03-10 09:08:00,1000,995,1005,1005,0
2022-03-10 09:09:00,1000,995,1000,995,400000
2022-03-10 09:10:00,995,995,995,995,50000
2022-03-10 09:11:00,995,990,1000,1000,239600
2022-03-10 09:12:00,995,990,1000,1000,0
2022-03-10 09:13:00,995,990,1000,1000,0
2022-03-10 09:14:00,1000,1000,1000,1000,9100
2022-03-10 09:15:00,1005,1005,1005,1005,5000
2022-03-10 09:16:00,1005,1005,1005,1005,0
2022-03-10 09:17:00,1000,1000,1000,1000,900
2022-03-10 09:18:00,1000,1000,1000,1000,0
2022-03-10 09:19:00,1000,1000,1000,1000,100
2022-03-10 09:20:00,1000,1000,1000,1000,5800
2022-03-10 09:21:00,1000,1000,1000,1000,0
2022-03-10 09:22:00,990,990,990,990,9400
2022-03-10 09:23:00,990,990,990,990,0
2022-03-10 09:24:00,990,990,1000,1000,290800
2022-03-10 09:25:00,1000,1000,1000,1000,200
2022-03-10 09:26:00,1000,1000,1000,1000,1500
2022-03-10 09:27:00,1000,1000,1000,1000,0
2022-03-10 09:28:00,1000,1000,1000,1000,0
2022-03-10 09:29:00,1000,1000,1000,1000,500
2022-03-10 09:30:00,1000,1000,1000,1000,200
2022-03-10 09:31:00,1000,1000,1000,1000,0
2022-03-10 09:32:00,1000,1000,1000,1000,0
2022-03-10 09:33:00,995,995,995,995,100
2022-03-10 09:34:00,995,995,995,995,0
2022-03-10 09:35:00,995,990,995,990,400
2022-03-10 09:36:00,995,990,995,990,0
2022-03-10 09:37:00,995,995,995,995,500
2022-03-10 09:38:00,995,995,995,995,100
2022-03-10 09:39:00,995,995,995,995,200
2022-03-10 09:40:00,995,995,995,995,0
2022-03-10 09:41:00,995,995,995,995,0
2022-03-10 09:42:00,995,995,995,995,0
2022-03-10 09:43:00,995,995,995,995,0
2022-03-10 09:44:00,995,995,995,995,0
2022-03-10 09:45:00,995,995,995,995,0
2022-03-10 09:46:00,995,995,995,995,3000
2022-03-10 09:47:00,995,995,995,995,0
2022-03-10 09:48:00,995,995,995,995,0
2022-03-10 09:49:00,1000,1000,1000,1000,417600
2022-03-10 09:50:00,1000,1000,1000,1000,158700
2022-03-10 09:51:00,1000,1000,1000,1000,7700
2022-03-10 09:52:00,1000,1000,1000,1000,2500
2022-03-10 09:53:00,1000,1000,1000,1000,100
2022-03-10 09:54:00,1000,1000,1000,1000,0
2022-03-10 09:55:00,1000,1000,1000,1000,16400
2022-03-10 09:56:00,1000,1000,1000,1000,0
2022-03-10 09:57:00,1000,1000,1000,1000,0
2022-03-10 09:58:00,1000,1000,1000,1000,3600
2022-03-10 09:59:00,1000,1000,1000,1000,10000
2022-03-10 10:00:00,1000,1000,1000,1000,100
2022-03-10 10:01:00,1000,1000,1000,1000,100
2022-03-10 10:02:00,1000,1000,1000,1000,10000
2022-03-10 10:03:00,1000,1000,1000,1000,36000
2022-03-10 10:04:00,1000,1000,1000,1000,0
2022-03-10 10:05:00,1000,1000,1000,1000,400
2022-03-10 10:06:00,995,995,995,995,1000
2022-03-10 10:07:00,995,995,995,995,0
2022-03-10 10:08:00,995,995,995,995,1000
2022-03-10 10:09:00,995,995,1000,1000,400
2022-03-10 10:10:00,1000,1000,1000,1000,3100
2022-03-10 10:11:00,1000,1000,1005,1005,24700
2022-03-10 10:12:00,1010,1010,1010,1010,377600
2022-03-10 10:13:00,1010,1010,1015,1015,73100
2022-03-10 10:14:00,1015,1015,1015,1015,100100
2022-03-10 10:15:00,1020,1020,1025,1025,229500
2022-03-10 10:16:00,1025,1025,1030,1030,73300
2022-03-10 10:17:00,1035,1035,1040,1035,365000
2022-03-10 10:18:00,1035,1035,1050,1050,262100
2022-03-10 10:19:00,1050,1050,1050,1050,79300
2022-03-10 10:20:00,1045,1045,1055,1055,353900
2022-03-10 10:21:00,1055,1055,1060,1060,128100
2022-03-10 10:22:00,1060,1025,1060,1025,264500
2022-03-10 10:23:00,1025,1015,1025,1015,91100
2022-03-10 10:24:00,1015,1010,1020,1020,23600
2022-03-10 10:25:00,1020,1020,1020,1020,1200
2022-03-10 10:26:00,1020,1020,1020,1020,100
2022-03-10 10:27:00,1020,1020,1020,1020,500
2022-03-10 10:28:00,1020,1020,1020,1020,0
2022-03-10 10:29:00,1020,1020,1020,1020,0
2022-03-10 10:30:00,1020,1020,1020,1020,500
2022-03-10 10:31:00,1020,1020,1020,1020,9300
2022-03-10 10:32:00,1020,1020,1020,1020,0
2022-03-10 10:33:00,1020,1020,1020,1020,0
2022-03-10 10:34:00,1020,1020,1020,1020,200
2022-03-10 10:35:00,1020,1015,1020,1015,600
2022-03-10 10:36:00,1020,1015,1020,1015,0
2022-03-10 10:37:00,1015,1015,1015,1015,2000
2022-03-10 10:38:00,1015,1010,1015,1010,9100
2022-03-10 10:39:00,1010,1010,1010,1010,200
2022-03-10 10:40:00,1010,1010,1010,1010,0
2022-03-10 10:41:00,1015,1010,1015,1010,23400
2022-03-10 10:42:00,1010,1010,1010,1010,2000
2022-03-10 10:43:00,1015,1015,1015,1015,3500
2022-03-10 10:44:00,1015,1015,1015,1015,0
2022-03-10 10:45:00,1015,1015,1015,1015,200
2022-03-10 10:46:00,1015,1015,1015,1015,0
2022-03-10 10:47:00,1015,1015,1015,1015,0
2022-03-10 10:48:00,1015,1015,1015,1015,0
2022-03-10 10:49:00,1015,1015,1015,1015,0
2022-03-10 10:50:00,1015,1015,1015,1015,0
2022-03-10 10:51:00,1015,1015,1015,1015,0
2022-03-10 10:52:00,1015,1015,1015,1015,0
2022-03-10 10:53:00,1015,1015,1015,1015,0
2022-03-10 10:54:00,1015,1015,1015,1015,400
2022-03-10 10:55:00,1020,1020,1025,1025,2400
2022-03-10 10:56:00,1025,1025,1025,1025,200
2022-03-10 10:57:00,1025,1025,1025,1025,0
2022-03-10 10:58:00,1030,1025,1030,1025,2000
2022-03-10 10:59:00,1025,1025,1025,1025,7900
2022-03-10 11:00:00,1025,1025,1025,1025,0
2022-03-10 11:01:00,1025,1025,1025,1025,0
2022-03-10 11:02:00,1025,1025,1025,1025,100
2022-03-10 11:03:00,1025,1025,1025,1025,0
2022-03-10 11:04:00,1025,1025,1025,1025,0
2022-03-10 11:05:00,1015,990,1025,990,600100
2022-03-10 11:06:00,1000,1000,1000,1000,5000
2022-03-10 11:07:00,1000,995,1000,1000,474600
2022-03-10 11:08:00,1000,1000,1000,1000,55500
2022-03-10 11:09:00,1005,1005,1010,1010,107600
2022-03-10 11:10:00,1010,1010,1015,1010,1100
2022-03-10 11:11:00,1015,1015,1015,1015,700
2022-03-10 11:12:00,1015,1015,1015,1015,0
2022-03-10 11:13:00,1010,1010,1010,1010,1100
2022-03-10 11:14:00,1010,1010,1010,1010,0
2022-03-10 11:15:00,1010,1010,1010,1010,0
2022-03-10 11:16:00,1010,1010,1010,1010,0
2022-03-10 11:17:00,1010,1010,1010,1010,32700
2022-03-10 11:18:00,1010,1010,1010,1010,0
2022-03-10 11:19:00,1010,1010,1010,1010,2600
2022-03-10 11:20:00,1010,1010,1010,1010,400
2022-03-10 11:21:00,1010,1010,1010,1010,0
2022-03-10 11:22:00,1010,1010,1010,1010,0
2022-03-10 11:23:00,1010,1010,1010,1010,1700
2022-03-10 11:24:00,1010,1010,1010,1010,0
2022-03-10 11:25:00,1010,1010,1010,1010,0
2022-03-10 11:26:00,1010,1010,1010,1010,0
2022-03-10 11:27:00,1010,1010,1010,1010,0
2022-03-10 11:28:00,1010,1010,1010,1010,0
2022-03-10 11:29:00,1010,1010,1010,1010,0
2022-03-10 11:30:00,1010,1010,1010,1010,0
2022-03-10 11:31:00,1010,1010,1010,1010,0
2022-03-10 11:32:00,1010,1010,1010,1010,0
2022-03-10 11:33:00,1010,1010,1010,1010,0
2022-03-10 11:34:00,1010,1010,1010,1010,0
2022-03-10 11:35:00,1010,1010,1010,1010,0
2022-03-10 11:36:00,1010,1010,1010,1010,0
2022-03-10 11:37:00,1010,1010,1010,1010,0
2022-03-10 11:38:00,1010,1010,1010,1010,0
2022-03-10 11:39:00,1010,1010,1010,1010,0
2022-03-10 11:40:00,1010,1010,1010,1010,0
2022-03-10 11:41:00,1010,1010,1010,1010,0
2022-03-10 11:42:00,1010,1010,1010,1010,0
2022-03-10 11:43:00,1010,1010,1010,1010,0
2022-03-10 11:44:00,1010,1010,1010,1010,0
2022-03-10 11:45:00,1010,1010,1010,1010,0
2022-03-10 11:46:00,1010,1010,1010,1010,0
2022-03-10 11:47:00,1010,1010,1010,1010,0
2022-03-10 11:48:00,1010,1010,1010,1010,0
2022-03-10 11:49:00,1010,1010,1010,1010,0
2022-03-10 11:50:00,1010,1010,1010,1010,0
2022-03-10 11:51:00,1010,1010,1010,1010,0
2022-03-10 11:52:00,1010,1010,1010,1010,0
2022-03-10 11:53:00,1010,1010,1010,1010,0
2022-03-10 11:54:00,1010,1010,1010,1010,0
2022-03-10 11:55:00,1010,1010,1010,1010,0
2022-03-10 11:56:00,1010,1010,1010,1010,0
2022-03-10 11:57:00,1010,1010,1010,1010,0
2022-03-10 11:58:00,1010,1010,1010,1010,0
2022-03-10 11:59:00,1010,1010,1010,1010,0
2022-03-10 12:00:00,1010,1010,1010,1010,0
2022-03-10 12:01:00,1010,1010,1010,1010,0
2022-03-10 12:02:00,1010,1010,1010,1010,0
2022-03-10 12:03:00,1010,1010,1010,1010,0
2022-03-10 12:04:00,1010,1010,1010,1010,0
2022-03-10 12:05:00,1010,1010,1010,1010,0
2022-03-10 12:06:00,1010,1010,1010,1010,0
2022-03-10 12:07:00,1010,1010,1010,1010,0
2022-03-10 12:08:00,1010,1010,1010,1010,0
2022-03-10 12:09:00,1010,1010,1010,1010,0
2022-03-10 12:10:00,1010,1010,1010,1010,0
2022-03-10 12:11:00,1010,1010,1010,1010,0
2022-03-10 12:12:00,1010,1010,1010,1010,0
2022-03-10 12:13:00,1010,1010,1010,1010,0
2022-03-10 12:14:00,1010,1010,1010,1010,0
2022-03-10 12:15:00,1010,1010,1010,1010,0
2022-03-10 12:16:00,1010,1010,1010,1010,0
2022-03-10 12:17:00,1010,1010,1010,1010,0
2022-03-10 12:18:00,1010,1010,1010,1010,0
2022-03-10 12:19:00,1010,1010,1010,1010,0
2022-03-10 12:20:00,1010,1010,1010,1010,0
2022-03-10 12:21:00,1010,1010,1010,1010,0
2022-03-10 12:22:00,1010,1010,1010,1010,0
2022-03-10 12:23:00,1010,1010,1010,1010,0
2022-03-10 12:24:00,1010,1010,1010,1010,0
2022-03-10 12:25:00,1010,1010,1010,1010,0
2022-03-10 12:26:00,1010,1010,1010,1010,0
2022-03-10 12:27:00,1010,1010,1010,1010,0
2022-03-10 12:28:00,1010,1010,1010,1010,0
2022-03-10 12:29:00,1010,1010,1010,1010,0
2022-03-10 12:30:00,1010,1010,1010,1010,0
2022-03-10 12:31:00,1010,1010,1010,1010,0
2022-03-10 12:32:00,1010,1010,1010,1010,0
2022-03-10 12:33:00,1010,1010,1010,1010,0
2022-03-10 12:34:00,1010,1010,1010,1010,0
2022-03-10 12:35:00,1010,1010,1010,1010,0
2022-03-10 12:36:00,1010,1010,1010,1010,0
2022-03-10 12:37:00,1010,1010,1010,1010,0
2022-03-10 12:38:00,1010,1010,1010,1010,0
2022-03-10 12:39:00,1010,1010,1010,1010,0
2022-03-10 12:40:00,1010,1010,1010,1010,0
2022-03-10 12:41:00,1010,1010,1010,1010,0
2022-03-10 12:42:00,1010,1010,1010,1010,0
2022-03-10 12:43:00,1010,1010,1010,1010,0
2022-03-10 12:44:00,1010,1010,1010,1010,0
2022-03-10 12:45:00,1010,1010,1010,1010,0
2022-03-10 12:46:00,1010,1010,1010,1010,0
2022-03-10 12:47:00,1010,1010,1010,1010,0
2022-03-10 12:48:00,1010,1010,1010,1010,0
2022-03-10 12:49:00,1010,1010,1010,1010,0
2022-03-10 12:50:00,1010,1010,1010,1010,0
2022-03-10 12:51:00,1010,1010,1010,1010,0
2022-03-10 12:52:00,1010,1010,1010,1010,0
2022-03-10 12:53:00,1010,1010,1010,1010,0
2022-03-10 12:54:00,1010,1010,1010,1010,0
2022-03-10 12:55:00,1010,1010,1010,1010,0
2022-03-10 12:56:00,1010,1010,1010,1010,0
2022-03-10 12:57:00,1010,1010,1010,1010,0
2022-03-10 12:58:00,1010,1010,1010,1010,0
2022-03-10 12:59:00,1010,1010,1010,1010,0
2022-03-10 13:00:00,1010,1010,1010,1010,0
2022-03-10 13:01:00,1010,1010,1010,1010,0
2022-03-10 13:02:00,1010,1010,1010,1010,0
2022-03-10 13:03:00,1010,1010,1010,1010,0
2022-03-10 13:04:00,1010,1010,1010,1010,0
2022-03-10 13:05:00,1010,1010,1010,1010,0
2022-03-10 13:06:00,1010,1010,1010,1010,0
2022-03-10 13:07:00,1010,1010,1010,1010,0
2022-03-10 13:08:00,1010,1010,1010,1010,0
2022-03-10 13:09:00,1010,1010,1010,1010,0
2022-03-10 13:10:00,1010,1010,1010,1010,0
2022-03-10 13:11:00,1010,1010,1010,1010,0
2022-03-10 13:12:00,1010,1010,1010,1010,0
2022-03-10 13:13:00,1010,1010,1010,1010,0
2022-03-10 13:14:00,1010,1010,1010,1010,0
2022-03-10 13:15:00,1010,1010,1010,1010,0
2022-03-10 13:16:00,1010,1010,1010,1010,0
2022-03-10 13:17:00,1010,1010,1010,1010,0
2022-03-10 13:18:00,1010,1010,1010,1010,0
2022-03-10 13:19:00,1010,1010,1010,1010,0
2022-03-10 13:20:00,1010,1010,1010,1010,0
2022-03-10 13:21:00,1010,1010,1010,1010,0
2022-03-10 13:22:00,1010,1010,1010,1010,0
2022-03-10 13:23:00,1010,1010,1010,1010,0
2022-03-10 13:24:00,1010,1010,1010,1010,0
2022-03-10 13:25:00,1010,1010,1010,1010,0
2022-03-10 13:26:00,1010,1010,1010,1010,0
2022-03-10 13:27:00,1010,1010,1010,1010,0
2022-03-10 13:28:00,1010,1010,1010,1010,0
2022-03-10 13:29:00,1010,1010,1010,1010,0
2022-03-10 13:30:00,1005,1005,1010,1010,800
2022-03-10 13:31:00,1005,1005,1010,1010,0
2022-03-10 13:32:00,1005,1005,1010,1010,0
2022-03-10 13:33:00,1005,1005,1010,1010,0
2022-03-10 13:34:00,1005,1005,1010,1010,0
2022-03-10 13:35:00,1005,1005,1010,1010,0
2022-03-10 13:36:00,1005,1005,1010,1010,0
2022-03-10 13:37:00,1005,1005,1010,1010,0
2022-03-10 13:38:00,1005,1005,1010,1010,0
2022-03-10 13:39:00,1015,1015,1020,1015,430100
2022-03-10 13:40:00,1015,1015,1020,1020,315400
2022-03-10 13:41:00,1020,1020,1020,1020,77200
2022-03-10 13:42:00,1020,1020,1020,1020,2000
2022-03-10 13:43:00,1020,1020,1020,1020,0
2022-03-10 13:44:00,1020,1020,1020,1020,0
2022-03-10 13:45:00,1020,1020,1020,1020,0
2022-03-10 13:46:00,1020,1020,1020,1020,100
2022-03-10 13:47:00,1020,1020,1020,1020,21500
2022-03-10 13:48:00,1020,1020,1020,1020,10000
2022-03-10 13:49:00,1015,1015,1015,1015,800
2022-03-10 13:50:00,1015,1015,1015,1015,8000
2022-03-10 13:51:00,1015,1015,1015,1015,1100
2022-03-10 13:52:00,1015,1015,1020,1020,2200
2022-03-10 13:53:00,1015,1015,1020,1020,0
2022-03-10 13:54:00,1015,1015,1020,1020,0
2022-03-10 13:55:00,1015,1015,1020,1020,0
2022-03-10 13:56:00,1015,1015,1020,1020,0
2022-03-10 13:57:00,1015,1015,1020,1020,0
2022-03-10 13:58:00,1015,1015,1020,1020,0
2022-03-10 13:59:00,1015,1015,1020,1020,0
2022-03-10 14:00:00,1015,1015,1020,1020,0
2022-03-10 14:01:00,1015,1015,1015,1015,10600
2022-03-10 14:02:00,1015,1015,1015,1015,1000
2022-03-10 14:03:00,1015,1015,1015,1015,2100
2022-03-10 14:04:00,1015,1015,1015,1015,0
2022-03-10 14:05:00,1015,1015,1015,1015,0
2022-03-10 14:06:00,1020,1020,1020,1020,200
2022-03-10 14:07:00,1020,1020,1020,1020,0
2022-03-10 14:08:00,1020,1020,1020,1020,0
2022-03-10 14:09:00,1020,1020,1020,1020,0
2022-03-10 14:10:00,1020,1020,1020,1020,0
2022-03-10 14:11:00,1020,1020,1020,1020,0
2022-03-10 14:12:00,1020,1020,1020,1020,0
2022-03-10 14:13:00,1020,1020,1020,1020,0
2022-03-10 14:14:00,1015,1015,1015,1015,4000
2022-03-10 14:15:00,1015,1015,1015,1015,1800
2022-03-10 14:16:00,1015,1015,1015,1015,3400
2022-03-10 14:17:00,1015,1015,1015,1015,0
2022-03-10 14:18:00,1010,1010,1010,1010,6600
2022-03-10 14:19:00,1010,1010,1010,1010,1000
2022-03-10 14:20:00,1010,1010,1010,1010,0
2022-03-10 14:21:00,1010,1010,1010,1010,0
2022-03-10 14:22:00,1010,1010,1010,1010,0
2022-03-10 14:23:00,1010,1010,1010,1010,0
2022-03-10 14:24:00,1010,1010,1010,1010,0
2022-03-10 14:25:00,1015,1015,1015,1015,500
2022-03-10 14:26:00,1015,1015,1015,1015,0
2022-03-10 14:27:00,1015,1015,1015,1015,5000
2022-03-10 14:28:00,1015,1015,1015,1015,0
2022-03-10 14:29:00,1015,1015,1015,1015,0
2022-03-10 14:30:00,1015,1015,1015,1015,5000
2022-03-10 14:31:00,1015,1015,1015,1015,0
2022-03-10 14:32:00,1015,1015,1015,1015,0
2022-03-10 14:33:00,1015,1015,1015,1015,200000
2022-03-10 14:34:00,1010,1010,1015,1015,269700
2022-03-10 14:35:00,1015,1015,1020,1020,7800
2022-03-10 14:36:00,1015,1015,1020,1020,0
2022-03-10 14:37:00,1015,1015,1020,1020,0
2022-03-10 14:38:00,1015,1015,1015,1015,200
2022-03-10 14:39:00,1015,1015,1015,1015,0
2022-03-10 14:40:00,1015,1015,1015,1015,0
2022-03-10 14:41:00,1015,1015,1015,1015,0
2022-03-10 14:42:00,1015,1015,1015,1015,0
2022-03-10 14:43:00,1015,1015,1015,1015,346300
2022-03-10 14:44:00,1015,1015,1015,1015,559900
2022-03-10 14:45:00,1015,1015,1020,1020,600
2022-03-10 14:46:00,1015,1015,1015,1015,100000
2022-03-10 14:47:00,1020,1020,1020,1020,7500
2022-03-10 14:48:00,1020,1020,1020,1020,1900
2022-03-10 14:49:00,1025,1025,1030,1030,9600
2022-03-10 14:50:00,1025,1025,1030,1030,0
2022-03-10 14:51:00,1025,1025,1030,1030,0
2022-03-10 14:52:00,1025,1025,1030,1030,0
2022-03-10 14:53:00,1025,1025,1030,1030,0
2022-03-10 14:54:00,1025,1025,1030,1030,0
2022-03-10 14:55:00,1025,1025,1030,1030,0
2022-03-10 14:56:00,1025,1025,1030,1030,0
2022-03-10 14:57:00,1025,1025,1030,1030,0
2022-03-10 14:58:00,1025,1025,1030,1030,0
2022-03-10 14:59:00,1025,1025,1030,1030,0
2022-03-10 15:00:00,1040,1040,1040,1040,142400
2022-03-10 15:01:00,1040,1040,1040,1040,2900
2022-03-10 15:02:00,1040,1040,1040,1040,1200
2022-03-10 15:03:00,1040,1040,1040,1040,0
2022-03-10 15:04:00,1040,1040,1040,1040,0
2022-03-10 15:05:00,1040,1040,1040,1040,10100
2022-03-10 15:06:00,1040,1040,1040,1040,100
2022-03-10 15:07:00,1040,1040,1040,1040,0
2022-03-10 15:08:00,1040,1040,1040,1040,0
2022-03-10 15:09:00,1040,1040,1040,1040,0
2022-03-10 15:10:00,1040,1040,1040,1040,11700
2022-03-10 15:11:00,1040,1040,1040,1040,0
2022-03-10 15:12:00,1040,1040,1040,1040,0
2022-03-10 15:13:00,1040,1040,1040,1040,0
2022-03-10 15:14:00,1040,1040,1040,1040,0
2022-03-10 15:15:00,1040,1040,1040,1040,0
2022-03-10 15:16:00,1040,1040,1040,1040,0
2022-03-10 15:17:00,1040,1040,1040,1040,0
2022-03-10 15:18:00,1040,1040,1040,1040,0
2022-03-10 15:19:00,1040,1040,1040,1040,0
2022-03-10 15:20:00,1040,1040,1040,1040,0
2022-03-10 15:21:00,1040,1040,1040,1040,0
2022-03-10 15:22:00,1040,1040,1040,1040,0
2022-03-10 15:23:00,1040,1040,1040,1040,0
2022-03-10 15:24:00,1040,1040,1040,1040,0
2022-03-10 15:25:00,1040,1040,1040,1040,0
2022-03-10 15:26:00,1040,1040,1040,1040,0
2022-03-10 15:27:00,1040,1040,1040,1040,0
2022-03-10 15:28:00,1040,1040,1040,1040,0
2022-03-10 15:29:00,1040,1040,1040,1040,0
2022-03-10 15:30:00,1040,1040,1040,1040,0
2022-03-10 15:31:00,1040,1040,1040,1040,0
2022-03-10 15:32:00,1040,1040,1040,1040,0
2022-03-10 15:33:00,1040,1040,1040,1040,0
2022-03-10 15:34:00,1040,1040,1040,1040,0
2022-03-10 15:35:00,1040,1040,1040,1040,0
2022-03-10 15:36:00,1040,1040,1040,1040,0
2022-03-10 15:37:00,1040,1040,1040,1040,0
2022-03-10 15:38:00,1040,1040,1040,1040,0
2022-03-10 15:39:00,1040,1040,1040,1040,0
2022-03-10 15:40:00,1040,1040,1040,1040,0
2022-03-10 15:41:00,1040,1040,1040,1040,0
2022-03-10 15:42:00,1040,1040,1040,1040,0
2022-03-10 15:43:00,1040,1040,1040,1040,0
2022-03-10 15:44:00,1040,1040,1040,1040,0
2022-03-10 15:45:00,1040,1040,1040,1040,0
2022-03-10 15:46:00,1040,1040,1040,1040,0
2022-03-10 15:47:00,1040,1040,1040,1040,0
2022-03-10 15:48:00,1040,1040,1040,1040,0
2022-03-10 15:49:00,1040,1040,1040,1040,0
2022-03-10 15:50:00,1040,1040,1040,1040,0
2022-03-10 15:51:00,1040,1040,1040,1040,0
2022-03-10 15:52:00,1040,1040,1040,1040,0
2022-03-10 15:53:00,1040,1040,1040,1040,0
2022-03-10 15:54:00,1040,1040,1040,1040,0
2022-03-10 15:55:00,1040,1040,1040,1040,0
2022-03-10 15:56:00,1040,1040,1040,1040,0
2022-03-10 15:57:00,1040,1040,1040,1040,0
2022-03-10 15:58:00,1040,1040,1040,1040,0
2022-03-10 15:59:00,1040,1040,1040,1040,0
2022-03-11 09:00:00,1045,1040,1045,1045,0
2022-03-11 09:01:00,1045,1040,1045,1045,13800
2022-03-11 09:02:00,1045,1045,1045,1045,200
2022-03-11 09:03:00,1045,1045,1045,1045,100
2022-03-11 09:04:00,1045,1040,1045,1040,2700
2022-03-11 09:05:00,1040,1040,1045,1045,10400
2022-03-11 09:06:00,1045,1040,1045,1040,1300
2022-03-11 09:07:00,1040,1040,1040,1040,11300
2022-03-11 09:08:00,1040,1040,1045,1040,7200
2022-03-11 09:09:00,1040,1040,1045,1040,0
2022-03-11 09:10:00,1040,1040,1040,1040,3700
2022-03-11 09:11:00,1040,1040,1040,1040,0
2022-03-11 09:12:00,1040,1040,1040,1040,0
2022-03-11 09:13:00,1045,1040,1045,1045,284100
2022-03-11 09:14:00,1045,1045,1055,1050,341500
2022-03-11 09:15:00,1050,1045,1050,1045,85800
2022-03-11 09:16:00,1040,1040,1040,1040,335500
2022-03-11 09:17:00,1040,1040,1040,1040,58200
2022-03-11 09:18:00,1040,1040,1040,1040,0
2022-03-11 09:19:00,1040,1040,1040,1040,7200
2022-03-11 09:20:00,1040,1040,1040,1040,0
2022-03-11 09:21:00,1040,1035,1040,1035,33400
2022-03-11 09:22:00,1040,1035,1040,1035,0
2022-03-11 09:23:00,1040,1035,1040,1035,0
2022-03-11 09:24:00,1030,1030,1030,1030,59400
2022-03-11 09:25:00,1025,1025,1025,1025,1100
2022-03-11 09:26:00,1030,1030,1030,1030,500
2022-03-11 09:27:00,1030,1030,1030,1030,1200
2022-03-11 09:28:00,1030,1030,1030,1030,200
2022-03-11 09:29:00,1030,1025,1030,1025,17600
2022-03-11 09:30:00,1030,1025,1030,1025,0
2022-03-11 09:31:00,1030,1025,1030,1025,0
2022-03-11 09:32:00,1030,1030,1030,1030,1400
2022-03-11 09:33:00,1035,1035,1040,1040,562000
2022-03-11 09:34:00,1035,1035,1040,1040,0
2022-03-11 09:35:00,1040,1040,1045,1045,55900
2022-03-11 09:36:00,1050,1050,1055,1055,93700
2022-03-11 09:37:00,1055,1055,1060,1060,127100
2022-03-11 09:38:00,1065,1060,1065,1065,140200
2022-03-11 09:39:00,1065,1065,1080,1080,187300
2022-03-11 09:40:00,1080,1080,1090,1085,145800
2022-03-11 09:41:00,1085,1085,1090,1090,16300
2022-03-11 09:42:00,1085,1080,1085,1085,32300
2022-03-11 09:43:00,1085,1055,1085,1055,89300
2022-03-11 09:44:00,1055,1055,1055,1055,448500
2022-03-11 09:45:00,1050,1050,1055,1055,300500
2022-03-11 09:46:00,1055,1055,1055,1055,210000
2022-03-11 09:47:00,1055,1050,1055,1050,1200
2022-03-11 09:48:00,1055,1055,1055,1055,100
2022-03-11 09:49:00,1050,1050,1050,1050,500
2022-03-11 09:50:00,1050,1050,1050,1050,1100
2022-03-11 09:51:00,1050,1050,1050,1050,100
2022-03-11 09:52:00,1050,1050,1055,1055,1500
2022-03-11 09:53:00,1055,1055,1055,1055,10000
2022-03-11 09:54:00,1050,1050,1050,1050,1700
2022-03-11 09:55:00,1045,1040,1045,1040,18300
2022-03-11 09:56:00,1045,1040,1045,1040,0
2022-03-11 09:57:00,1045,1040,1045,1040,0
2022-03-11 09:58:00,1045,1040,1045,1040,0
2022-03-11 09:59:00,1045,1040,1045,1040,0
2022-03-11 10:00:00,1045,1040,1045,1040,0
2022-03-11 10:01:00,1045,1045,1045,1045,500
2022-03-11 10:02:00,1055,1055,1055,1055,900
2022-03-11 10:03:00,1055,1055,1055,1055,0
2022-03-11 10:04:00,1055,1055,1055,1055,0
2022-03-11 10:05:00,1055,1055,1055,1055,1000
2022-03-11 10:06:00,1055,1055,1055,1055,0
2022-03-11 10:07:00,1055,1055,1055,1055,100
2022-03-11 10:08:00,1055,1055,1055,1055,900
2022-03-11 10:09:00,1055,1055,1055,1055,0
2022-03-11 10:10:00,1055,1055,1055,1055,0
2022-03-11 10:11:00,1055,1055,1055,1055,600
2022-03-11 10:12:00,1055,1055,1055,1055,0
2022-03-11 10:13:00,1055,1055,1055,1055,100
2022-03-11 10:14:00,1055,1055,1055,1055,0
2022-03-11 10:15:00,1055,1055,1055,1055,0
2022-03-11 10:16:00,1055,1055,1055,1055,0
2022-03-11 10:17:00,1055,1055,1055,1055,0
2022-03-11 10:18:00,1055,1055,1055,1055,0
2022-03-11 10:19:00,1055,1055,1055,1055,0
2022-03-11 10:20:00,1055,1055,1055,1055,0
2022-03-11 10:21:00,1060,1060,1060,1060,600
2022-03-11 10:22:00,1060,1060,1060,1060,0
2022-03-11 10:23:00,1060,1060,1060,1060,500
2022-03-11 10:24:00,1060,1060,1060,1060,200
2022-03-11 10:25:00,1060,1060,1060,1060,300
2022-03-11 10:26:00,1060,1060,1060,1060,0
2022-03-11 10:27:00,1055,1055,1055,1055,200
2022-03-11 10:28:00,1055,1055,1055,1055,0
2022-03-11 10:29:00,1055,1055,1055,1055,0
2022-03-11 10:30:00,1055,1055,1055,1055,0
2022-03-11 10:31:00,1055,1055,1055,1055,0
2022-03-11 10:32:00,1055,1055,1055,1055,0
2022-03-11 10:33:00,1050,1050,1050,1050,115000
2022-03-11 10:34:00,1050,1050,1050,1050,114400
2022-03-11 10:35:00,1050,1050,1050,1050,56600
2022-03-11 10:36:00,1045,1045,1045,1045,1800
2022-03-11 10:37:00,1050,1050,1055,1055,252600
2022-03-11 10:38:00,1050,1050,1055,1055,0
2022-03-11 10:39:00,1055,1055,1055,1055,200
2022-03-11 10:40:00,1055,1055,1055,1055,0
2022-03-11 10:41:00,1055,1055,1055,1055,0
2022-03-11 10:42:00,1055,1055,1055,1055,0
2022-03-11 10:43:00,1055,1055,1055,1055,200
2022-03-11 10:44:00,1045,1045,1045,1045,300
2022-03-11 10:45:00,1045,1045,1045,1045,0
2022-03-11 10:46:00,1045,1045,1045,1045,0
2022-03-11 10:47:00,1045,1045,1045,1045,30000
2022-03-11 10:48:00,1045,1045,1045,1045,0
2022-03-11 10:49:00,1045,1045,1045,1045,0
2022-03-11 10:50:00,1045,1045,1045,1045,0
2022-03-11 10:51:00,1045,1045,1045,1045,0
2022-03-11 10:52:00,1045,1045,1045,1045,0
2022-03-11 10:53:00,1050,1050,1050,1050,2800
2022-03-11 10:54:00,1050,1050,1050,1050,0
2022-03-11 10:55:00,1050,1050,1050,1050,0
2022-03-11 10:56:00,1050,1050,1050,1050,0
2022-03-11 10:57:00,1050,1050,1050,1050,0
2022-03-11 10:58:00,1050,1050,1050,1050,0
2022-03-11 10:59:00,1050,1050,1050,1050,0
2022-03-11 11:00:00,1050,1050,1050,1050,0
2022-03-11 11:01:00,1050,1050,1050,1050,0
2022-03-11 11:02:00,1050,1050,1050,1050,0
2022-03-11 11:03:00,1055,1050,1055,1050,1100
2022-03-11 11:04:00,1055,1050,1055,1050,0
2022-03-11 11:05:00,1055,1050,1055,1050,0
2022-03-11 11:06:00,1055,1050,1055,1050,0
2022-03-11 11:07:00,1055,1050,1055,1050,0
2022-03-11 11:08:00,1055,1050,1055,1050,0
2022-03-11 11:09:00,1050,1050,1050,1050,500
2022-03-11 11:10:00,1050,1050,1050,1050,0
2022-03-11 11:11:00,1050,1050,1050,1050,0
2022-03-11 11:12:00,1050,1050,1050,1050,0
2022-03-11 11:13:00,1050,1050,1050,1050,0
2022-03-11 11:14:00,1050,1050,1050,1050,0
2022-03-11 11:15:00,1050,1050,1050,1050,0
2022-03-11 11:16:00,1050,1050,1050,1050,0
2022-03-11 11:17:00,1050,1050,1050,1050,0
2022-03-11 11:18:00,1050,1050,1050,1050,0
2022-03-11 11:19:00,1050,1050,1050,1050,0
2022-03-11 11:20:00,1055,1055,1055,1055,300
2022-03-11 11:21:00,1055,1055,1055,1055,0
2022-03-11 11:22:00,1055,1055,1055,1055,2500
2022-03-11 11:23:00,1055,1055,1055,1055,0
2022-03-11 11:24:00,1055,1055,1055,1055,0
2022-03-11 11:25:00,1055,1055,1055,1055,0
2022-03-11 11:26:00,1055,1055,1055,1055,0
2022-03-11 11:27:00,1055,1055,1055,1055,0
2022-03-11 11:28:00,1055,1055,1055,1055,0
2022-03-11 11:29:00,1055,1055,1055,1055,0
2022-03-11 11:30:00,1055,1055,1055,1055,0
2022-03-11 11:31:00,1055,1055,1055,1055,0
2022-03-11 11:32:00,1055,1055,1055,1055,0
2022-03-11 11:33:00,1055,1055,1055,1055,0
2022-03-11 11:34:00,1055,1055,1055,1055,0
2022-03-11 11:35:00,1055,1055,1055,1055,0
2022-03-11 11:36:00,1055,1055,1055,1055,0
2022-03-11 11:37:00,1055,1055,1055,1055,0
2022-03-11 11:38:00,1055,1055,1055,1055,0
2022-03-11 11:39:00,1055,1055,1055,1055,0
2022-03-11 11:40:00,1055,1055,1055,1055,0
2022-03-11 11:41:00,1055,1055,1055,1055,0
2022-03-11 11:42:00,1055,1055,1055,1055,0
2022-03-11 11:43:00,1055,1055,1055,1055,0
2022-03-11 11:44:00,1055,1055,1055,1055,0
2022-03-11 11:45:00,1055,1055,1055,1055,0
2022-03-11 11:46:00,1055,1055,1055,1055,0
2022-03-11 11:47:00,1055,1055,1055,1055,0
2022-03-11 11:48:00,1055,1055,1055,1055,0
2022-03-11 11:49:00,1055,1055,1055,1055,0
2022-03-11 11:50:00,1055,1055,1055,1055,0
2022-03-11 11:51:00,1055,1055,1055,1055,0
2022-03-11 11:52:00,1055,1055,1055,1055,0
2022-03-11 11:53:00,1055,1055,1055,1055,0
2022-03-11 11:54:00,1055,1055,1055,1055,0
2022-03-11 11:55:00,1055,1055,1055,1055,0
2022-03-11 11:56:00,1055,1055,1055,1055,0
2022-03-11 11:57:00,1055,1055,1055,1055,0
2022-03-11 11:58:00,1055,1055,1055,1055,0
2022-03-11 11:59:00,1055,1055,1055,1055,0
2022-03-11 12:00:00,1055,1055,1055,1055,0
2022-03-11 12:01:00,1055,1055,1055,1055,0
2022-03-11 12:02:00,1055,1055,1055,1055,0
2022-03-11 12:03:00,1055,1055,1055,1055,0
2022-03-11 12:04:00,1055,1055,1055,1055,0
2022-03-11 12:05:00,1055,1055,1055,1055,0
2022-03-11 12:06:00,1055,1055,1055,1055,0
2022-03-11 12:07:00,1055,1055,1055,1055,0
2022-03-11 12:08:00,1055,1055,1055,1055,0
2022-03-11 12:09:00,1055,1055,1055,1055,0
2022-03-11 12:10:00,1055,1055,1055,1055,0
2022-03-11 12:11:00,1055,1055,1055,1055,0
2022-03-11 12:12:00,1055,1055,1055,1055,0
2022-03-11 12:13:00,1055,1055,1055,1055,0
2022-03-11 12:14:00,1055,1055,1055,1055,0
2022-03-11 12:15:00,1055,1055,1055,1055,0
2022-03-11 12:16:00,1055,1055,1055,1055,0
2022-03-11 12:17:00,1055,1055,1055,1055,0
2022-03-11 12:18:00,1055,1055,1055,1055,0
2022-03-11 12:19:00,1055,1055,1055,1055,0
2022-03-11 12:20:00,1055,1055,1055,1055,0
2022-03-11 12:21:00,1055,1055,1055,1055,0
2022-03-11 12:22:00,1055,1055,1055,1055,0
2022-03-11 12:23:00,1055,1055,1055,1055,0
2022-03-11 12:24:00,1055,1055,1055,1055,0
2022-03-11 12:25:00,1055,1055,1055,1055,0
2022-03-11 12:26:00,1055,1055,1055,1055,0
2022-03-11 12:27:00,1055,1055,1055,1055,0
2022-03-11 12:28:00,1055,1055,1055,1055,0
2022-03-11 12:29:00,1055,1055,1055,1055,0
2022-03-11 12:30:00,1055,1055,1055,1055,0
2022-03-11 12:31:00,1055,1055,1055,1055,0
2022-03-11 12:32:00,1055,1055,1055,1055,0
2022-03-11 12:33:00,1055,1055,1055,1055,0
2022-03-11 12:34:00,1055,1055,1055,1055,0
2022-03-11 12:35:00,1055,1055,1055,1055,0
2022-03-11 12:36:00,1055,1055,1055,1055,0
2022-03-11 12:37:00,1055,1055,1055,1055,0
2022-03-11 12:38:00,1055,1055,1055,1055,0
2022-03-11 12:39:00,1055,1055,1055,1055,0
2022-03-11 12:40:00,1055,1055,1055,1055,0
2022-03-11 12:41:00,1055,1055,1055,1055,0
2022-03-11 12:42:00,1055,1055,1055,1055,0
2022-03-11 12:43:00,1055,1055,1055,1055,0
2022-03-11 12:44:00,1055,1055,1055,1055,0
2022-03-11 12:45:00,1055,1055,1055,1055,0
2022-03-11 12:46:00,1055,1055,1055,1055,0
2022-03-11 12:47:00,1055,1055,1055,1055,0
2022-03-11 12:48:00,1055,1055,1055,1055,0
2022-03-11 12:49:00,1055,1055,1055,1055,0
2022-03-11 12:50:00,1055,1055,1055,1055,0
2022-03-11 12:51:00,1055,1055,1055,1055,0
2022-03-11 12:52:00,1055,1055,1055,1055,0
2022-03-11 12:53:00,1055,1055,1055,1055,0
2022-03-11 12:54:00,1055,1055,1055,1055,0
2022-03-11 12:55:00,1055,1055,1055,1055,0
2022-03-11 12:56:00,1055,1055,1055,1055,0
2022-03-11 12:57:00,1055,1055,1055,1055,0
2022-03-11 12:58:00,1055,1055,1055,1055,0
2022-03-11 12:59:00,1055,1055,1055,1055,0
2022-03-11 13:00:00,1055,1055,1055,1055,0
2022-03-11 13:01:00,1055,1055,1055,1055,0
2022-03-11 13:02:00,1055,1055,1055,1055,0
2022-03-11 13:03:00,1055,1055,1055,1055,0
2022-03-11 13:04:00,1055,1055,1055,1055,0
2022-03-11 13:05:00,1055,1055,1055,1055,0
2022-03-11 13:06:00,1055,1055,1055,1055,0
2022-03-11 13:07:00,1055,1055,1055,1055,0
2022-03-11 13:08:00,1055,1055,1055,1055,0
2022-03-11 13:09:00,1055,1055,1055,1055,0
2022-03-11 13:10:00,1055,1055,1055,1055,0
2022-03-11 13:11:00,1055,1055,1055,1055,0
2022-03-11 13:12:00,1055,1055,1055,1055,0
2022-03-11 13:13:00,1055,1055,1055,1055,0
2022-03-11 13:14:00,1055,1055,1055,1055,0
2022-03-11 13:15:00,1055,1055,1055,1055,0
2022-03-11 13:16:00,1055,1055,1055,1055,0
2022-03-11 13:17:00,1055,1055,1055,1055,0
2022-03-11 13:18:00,1055,1055,1055,1055,0
2022-03-11 13:19:00,1055,1055,1055,1055,0
2022-03-11 13:20:00,1055,1055,1055,1055,0
2022-03-11 13:21:00,1055,1055,1055,1055,0
2022-03-11 13:22:00,1055,1055,1055,1055,0
2022-03-11 13:23:00,1055,1055,1055,1055,0
2022-03-11 13:24:00,1055,1055,1055,1055,0
2022-03-11 13:25:00,1055,1055,1055,1055,0
2022-03-11 13:26:00,1055,1055,1055,1055,0
2022-03-11 13:27:00,1055,1055,1055,1055,0
2022-03-11 13:28:00,1055,1055,1055,1055,0
2022-03-11 13:29:00,1055,1055,1055,1055,0
2022-03-11 13:30:00,1055,1050,1055,1055,5300
2022-03-11 13:31:00,1055,1050,1055,1055,0
2022-03-11 13:32:00,1050,1050,1050,1050,302700
2022-03-11 13:33:00,1050,1050,1050,1050,0
2022-03-11 13:34:00,1050,1050,1050,1050,0
2022-03-11 13:35:00,1050,1050,1050,1050,0
2022-03-11 13:36:00,1045,1045,1045,1045,1200
2022-03-11 13:37:00,1045,1045,1045,1045,0
2022-03-11 13:38:00,1045,1045,1045,1045,400
2022-03-11 13:39:00,1045,1045,1045,1045,0
2022-03-11 13:40:00,1045,1045,1045,1045,20000
2022-03-11 13:41:00,1045,1045,1045,1045,0
2022-03-11 13:42:00,1045,1045,1045,1045,0
2022-03-11 13:43:00,1045,1045,1045,1045,14500
2022-03-11 13:44:00,1040,1040,1040,1040,100
2022-03-11 13:45:00,1040,1040,1040,1040,3200
2022-03-11 13:46:00,1040,1040,1040,1040,500
2022-03-11 13:47:00,1040,1040,1040,1040,0
2022-03-11 13:48:00,1040,1040,1040,1040,0
2022-03-11 13:49:00,1040,1040,1040,1040,0
2022-03-11 13:50:00,1040,1040,1040,1040,0
2022-03-11 13:51:00,1045,1045,1045,1045,300
2022-03-11 13:52:00,1045,1045,1045,1045,0
2022-03-11 13:53:00,1045,1045,1045,1045,5000
2022-03-11 13:54:00,1045,1045,1045,1045,0
2022-03-11 13:55:00,1045,1045,1045,1045,0
2022-03-11 13:56:00,1045,1045,1045,1045,0
2022-03-11 13:57:00,1045,1045,1045,1045,0
2022-03-11 13:58:00,1045,1045,1045,1045,0
2022-03-11 13:59:00,1045,1045,1045,1045,0
2022-03-11 14:00:00,1045,1045,1045,1045,0
2022-03-11 14:01:00,1045,1045,1045,1045,0
2022-03-11 14:02:00,1045,1045,1045,1045,0
2022-03-11 14:03:00,1045,1045,1045,1045,200
2022-03-11 14:04:00,1045,1045,1045,1045,0
2022-03-11 14:05:00,1045,1045,1045,1045,0
2022-03-11 14:06:00,1045,1045,1045,1045,0
2022-03-11 14:07:00,1045,1045,1045,1045,0
2022-03-11 14:08:00,1045,1045,1045,1045,0
2022-03-11 14:09:00,1045,1045,1045,1045,0
2022-03-11 14:10:00,1045,1045,1045,1045,0
2022-03-11 14:11:00,1040,1040,1040,1040,4000
2022-03-11 14:12:00,1045,1045,1045,1045,300
2022-03-11 14:13:00,1045,1045,1045,1045,0
2022-03-11 14:14:00,1050,1050,1050,1050,800
2022-03-11 14:15:00,1050,1050,1050,1050,0
2022-03-11 14:16:00,1050,1050,1050,1050,100
2022-03-11 14:17:00,1050,1050,1050,1050,0
2022-03-11 14:18:00,1050,1050,1050,1050,0
2022-03-11 14:19:00,1050,1050,1050,1050,6000
2022-03-11 14:20:00,1050,1050,1050,1050,0
2022-03-11 14:21:00,1050,1050,1050,1050,700
2022-03-11 14:22:00,1050,1050,1050,1050,0
2022-03-11 14:23:00,1050,1050,1050,1050,0
2022-03-11 14:24:00,1050,1050,1050,1050,200
2022-03-11 14:25:00,1050,1050,1050,1050,100
2022-03-11 14:26:00,1050,1050,1050,1050,0
2022-03-11 14:27:00,1045,1045,1045,1045,2000
2022-03-11 14:28:00,1045,1045,1045,1045,0
2022-03-11 14:29:00,1045,1045,1045,1045,20000
2022-03-11 14:30:00,1045,1045,1045,1045,0
2022-03-11 14:31:00,1050,1045,1050,1045,200
2022-03-11 14:32:00,1050,1045,1050,1045,0
2022-03-11 14:33:00,1050,1050,1050,1050,1500
2022-03-11 14:34:00,1050,1050,1050,1050,300
2022-03-11 14:35:00,1045,1045,1045,1045,700
2022-03-11 14:36:00,1050,1050,1050,1050,100
2022-03-11 14:37:00,1050,1050,1050,1050,0
2022-03-11 14:38:00,1045,1035,1045,1035,175900
2022-03-11 14:39:00,1035,1030,1045,1030,275300
2022-03-11 14:40:00,1030,1030,1040,1040,50900
2022-03-11 14:41:00,1040,1040,1040,1040,2100
2022-03-11 14:42:00,1040,1035,1040,1035,800
2022-03-11 14:43:00,1040,1040,1040,1040,1692500
2022-03-11 14:44:00,1040,1035,1040,1040,125200
2022-03-11 14:45:00,1050,1050,1050,1050,59700
2022-03-11 14:46:00,1050,1050,1050,1050,23000
2022-03-11 14:47:00,1050,1050,1055,1055,10100
2022-03-11 14:48:00,1050,1050,1050,1050,8000
2022-03-11 14:49:00,1045,1045,1050,1050,400
2022-03-11 14:50:00,1045,1045,1050,1050,0
2022-03-11 14:51:00,1045,1045,1050,1050,0
2022-03-11 14:52:00,1045,1045,1050,1050,0
2022-03-11 14:53:00,1045,1045,1050,1050,0
2022-03-11 14:54:00,1045,1045,1050,1050,0
2022-03-11 14:55:00,1045,1045,1050,1050,0
2022-03-11 14:56:00,1045,1045,1050,1050,0
2022-03-11 14:57:00,1045,1045,1050,1050,0
2022-03-11 14:58:00,1045,1045,1050,1050,0
2022-03-11 14:59:00,1045,1045,1050,1050,0
2022-03-11 15:00:00,1050,1050,1050,1050,48200
2022-03-11 15:01:00,1050,1050,1050,1050,0
2022-03-11 15:02:00,1050,1050,1050,1050,0
2022-03-11 15:03:00,1050,1050,1050,1050,900
2022-03-11 15:04:00,1050,1050,1050,1050,0
2022-03-11 15:05:00,1050,1050,1050,1050,0
2022-03-11 15:06:00,1050,1050,1050,1050,500
2022-03-11 15:07:00,1050,1050,1050,1050,0
2022-03-11 15:08:00,1050,1050,1050,1050,0
2022-03-11 15:09:00,1050,1050,1050,1050,0
2022-03-11 15:10:00,1050,1050,1050,1050,0
2022-03-11 15:11:00,1050,1050,1050,1050,0
2022-03-11 15:12:00,1050,1050,1050,1050,200
2022-03-11 15:13:00,1050,1050,1050,1050,0
2022-03-11 15:14:00,1050,1050,1050,1050,1600
2022-03-11 15:15:00,1050,1050,1050,1050,0
2022-03-11 15:16:00,1050,1050,1050,1050,0
2022-03-11 15:17:00,1050,1050,1050,1050,0
2022-03-11 15:18:00,1050,1050,1050,1050,0
2022-03-11 15:19:00,1050,1050,1050,1050,0
2022-03-11 15:20:00,1050,1050,1050,1050,0
2022-03-11 15:21:00,1050,1050,1050,1050,0
2022-03-11 15:22:00,1050,1050,1050,1050,0
2022-03-11 15:23:00,1050,1050,1050,1050,0
2022-03-11 15:24:00,1050,1050,1050,1050,0
2022-03-11 15:25:00,1050,1050,1050,1050,0
2022-03-11 15:26:00,1050,1050,1050,1050,0
2022-03-11 15:27:00,1050,1050,1050,1050,0
2022-03-11 15:28:00,1050,1050,1050,1050,0
2022-03-11 15:29:00,1050,1050,1050,1050,0
2022-03-11 15:30:00,1050,1050,1050,1050,0
2022-03-11 15:31:00,1050,1050,1050,1050,0
2022-03-11 15:32:00,1050,1050,1050,1050,0
2022-03-11 15:33:00,1050,1050,1050,1050,0
2022-03-11 15:34:00,1050,1050,1050,1050,0
2022-03-11 15:35:00,1050,1050,1050,1050,0
2022-03-11 15:36:00,1050,1050,1050,1050,0
2022-03-11 15:37:00,1050,1050,1050,1050,0
2022-03-11 15:38:00,1050,1050,1050,1050,0
2022-03-11 15:39:00,1050,1050,1050,1050,0
2022-03-11 15:40:00,1050,1050,1050,1050,0
2022-03-11 15:41:00,1050,1050,1050,1050,0
2022-03-11 15:42:00,1050,1050,1050,1050,0
2022-03-11 15:43:00,1050,1050,1050,1050,0
2022-03-11 15:44:00,1050,1050,1050,1050,0
2022-03-11 15:45:00,1050,1050,1050,1050,0
2022-03-11 15:46:00,1050,1050,1050,1050,0
2022-03-11 15:47:00,1050,1050,1050,1050,0
2022-03-11 15:48:00,1050,1050,1050,1050,0
2022-03-11 15:49:00,1050,1050,1050,1050,0
2022-03-11 15:50:00,1050,1050,1050,1050,0
2022-03-11 15:51:00,1050,1050,1050,1050,0
2022-03-11 15:52:00,1050,1050,1050,1050,0
2022-03-11 15:53:00,1050,1050,1050,1050,0
2022-03-11 15:54:00,1050,1050,1050,1050,0
2022-03-11 15:55:00,1050,1050,1050,1050,0
2022-03-11 15:56:00,1050,1050,1050,1050,0
2022-03-11 15:57:00,1050,1050,1050,1050,0
2022-03-11 15:58:00,1050,1050,1050,1050,0
2022-03-11 15:59:00,1050,1050,1050,1050,0
2022-03-14 09:00:00,1060,1060,1060,1060,0
2022-03-14 09:01:00,1065,1060,1065,1060,15800
2022-03-14 09:02:00,1060,1055,1065,1055,113800
2022-03-14 09:03:00,1055,1055,1055,1055,53700
2022-03-14 09:04:00,1055,1055,1055,1055,28100
2022-03-14 09:05:00,1055,1050,1055,1050,8400
2022-03-14 09:06:00,1050,1050,1050,1050,400
2022-03-14 09:07:00,1045,1045,1045,1045,300
2022-03-14 09:08:00,1045,1045,1045,1045,1800
2022-03-14 09:09:00,1045,1045,1045,1045,0
2022-03-14 09:10:00,1045,1045,1045,1045,0
2022-03-14 09:11:00,1045,1045,1045,1045,0
2022-03-14 09:12:00,1045,1045,1045,1045,0
2022-03-14 09:13:00,1045,1045,1045,1045,0
2022-03-14 09:14:00,1045,1045,1045,1045,10000
2022-03-14 09:15:00,1045,1045,1045,1045,0
2022-03-14 09:16:00,1050,1050,1050,1050,300000
2022-03-14 09:17:00,1045,1045,1045,1045,500
2022-03-14 09:18:00,1045,1045,1045,1045,2500
2022-03-14 09:19:00,1045,1045,1045,1045,0
2022-03-14 09:20:00,1045,1045,1045,1045,0
2022-03-14 09:21:00,1050,1050,1050,1050,50000
2022-03-14 09:22:00,1050,1050,1050,1050,0
2022-03-14 09:23:00,1045,1045,1045,1045,600
2022-03-14 09:24:00,1045,1045,1045,1045,0
2022-03-14 09:25:00,1050,1050,1050,1050,2500
2022-03-14 09:26:00,1050,1050,1050,1050,0
2022-03-14 09:27:00,1050,1050,1050,1050,0
2022-03-14 09:28:00,1050,1050,1050,1050,0
2022-03-14 09:29:00,1050,1050,1050,1050,0
2022-03-14 09:30:00,1045,1045,1045,1045,13100
2022-03-14 09:31:00,1045,1045,1045,1045,0
2022-03-14 09:32:00,1045,1045,1045,1045,0
2022-03-14 09:33:00,1045,1045,1045,1045,0
2022-03-14 09:34:00,1045,1045,1045,1045,1900
2022-03-14 09:35:00,1040,1040,1040,1040,100
2022-03-14 09:36:00,1040,1040,1040,1040,400
2022-03-14 09:37:00,1040,1040,1040,1040,0
2022-03-14 09:38:00,1040,1040,1040,1040,0
2022-03-14 09:39:00,1040,1040,1040,1040,6600
2022-03-14 09:40:00,1040,1040,1040,1040,0
2022-03-14 09:41:00,1045,1040,1045,1045,202600
2022-03-14 09:42:00,1045,1045,1045,1045,161700
2022-03-14 09:43:00,1045,1045,1045,1045,0
2022-03-14 09:44:00,1040,1040,1040,1040,3600
2022-03-14 09:45:00,1040,1040,1040,1040,0
2022-03-14 09:46:00,1040,1040,1040,1040,0
2022-03-14 09:47:00,1040,1040,1040,1040,0
2022-03-14 09:48:00,1040,1040,1040,1040,2100
2022-03-14 09:49:00,1040,1040,1040,1040,5000
2022-03-14 09:50:00,1040,1040,1040,1040,500
2022-03-14 09:51:00,1040,1040,1040,1040,10000
2022-03-14 09:52:00,1040,1040,1040,1040,0
2022-03-14 09:53:00,1040,1040,1040,1040,0
2022-03-14 09:54:00,1040,1040,1040,1040,0
2022-03-14 09:55:00,1040,1040,1040,1040,0
2022-03-14 09:56:00,1040,1035,1040,1035,2500
2022-03-14 09:57:00,1030,1030,1030,1030,9500
2022-03-14 09:58:00,1030,1030,1030,1030,600
2022-03-14 09:59:00,1030,1030,1030,1030,2400
2022-03-14 10:00:00,1030,1030,1030,1030,0
2022-03-14 10:01:00,1035,1035,1035,1035,200
2022-03-14 10:02:00,1040,1040,1040,1040,100
2022-03-14 10:03:00,1040,1040,1040,1040,0
2022-03-14 10:04:00,1040,1040,1040,1040,0
2022-03-14 10:05:00,1040,1040,1040,1040,0
2022-03-14 10:06:00,1040,1040,1040,1040,0
2022-03-14 10:07:00,1040,1040,1040,1040,1000
2022-03-14 10:08:00,1040,1040,1040,1040,0
2022-03-14 10:09:00,1035,1035,1035,1035,300
2022-03-14 10:10:00,1030,1030,1030,1030,900
2022-03-14 10:11:00,1030,1030,1030,1030,0
2022-03-14 10:12:00,1030,1030,1030,1030,0
2022-03-14 10:13:00,1030,1030,1030,1030,0
2022-03-14 10:14:00,1030,1030,1030,1030,12400
2022-03-14 10:15:00,1035,1035,1035,1035,1000
2022-03-14 10:16:00,1030,1030,1030,1030,100
2022-03-14 10:17:00,1030,1030,1030,1030,0
2022-03-14 10:18:00,1030,1030,1030,1030,0
2022-03-14 10:19:00,1030,1030,1030,1030,0
2022-03-14 10:20:00,1030,1030,1030,1030,0
2022-03-14 10:21:00,1030,1030,1030,1030,600
2022-03-14 10:22:00,1030,1030,1030,1030,0
2022-03-14 10:23:00,1030,1030,1030,1030,0
2022-03-14 10:24:00,1030,1030,1030,1030,0
2022-03-14 10:25:00,1030,1030,1030,1030,0
2022-03-14 10:26:00,1030,1030,1030,1030,0
2022-03-14 10:27:00,1030,1030,1030,1030,0
2022-03-14 10:28:00,1030,1030,1030,1030,0
2022-03-14 10:29:00,1030,1030,1030,1030,0
2022-03-14 10:30:00,1030,1030,1030,1030,200
2022-03-14 10:31:00,1030,1030,1030,1030,0
2022-03-14 10:32:00,1030,1030,1030,1030,0
2022-03-14 10:33:00,1030,1030,1030,1030,0
2022-03-14 10:34:00,1030,1030,1030,1030,0
2022-03-14 10:35:00,1030,1030,1030,1030,0
2022-03-14 10:36:00,1030,1030,1030,1030,0
2022-03-14 10:37:00,1030,1030,1030,1030,0
2022-03-14 10:38:00,1030,1030,1030,1030,0
2022-03-14 10:39:00,1030,1030,1030,1030,0
2022-03-14 10:40:00,1030,1030,1030,1030,500
2022-03-14 10:41:00,1035,1035,1035,1035,1000
2022-03-14 10:42:00,1035,1035,1035,1035,0
2022-03-14 10:43:00,1035,1035,1035,1035,500
2022-03-14 10:44:00,1035,1035,1035,1035,0
2022-03-14 10:45:00,1035,1035,1035,1035,0
2022-03-14 10:46:00,1035,1035,1035,1035,0
2022-03-14 10:47:00,1035,1035,1035,1035,0
2022-03-14 10:48:00,1035,1035,1035,1035,0
2022-03-14 10:49:00,1035,1035,1035,1035,0
2022-03-14 10:50:00,1035,1035,1035,1035,0
2022-03-14 10:51:00,1035,1035,1035,1035,0
2022-03-14 10:52:00,1035,1035,1035,1035,0
2022-03-14 10:53:00,1035,1035,1035,1035,0
2022-03-14 10:54:00,1035,1035,1035,1035,0
2022-03-14 10:55:00,1030,1030,1030,1030,700
2022-03-14 10:56:00,1030,1030,1030,1030,0
2022-03-14 10:57:00,1030,1030,1030,1030,0
2022-03-14 10:58:00,1035,1035,1035,1035,128500
2022-03-14 10:59:00,1035,1035,1035,1035,171500
2022-03-14 11:00:00,1035,1035,1035,1035,47400
2022-03-14 11:01:00,1035,1035,1035,1035,0
2022-03-14 11:02:00,1035,1035,1035,1035,0
2022-03-14 11:03:00,1035,1035,1035,1035,0
2022-03-14 11:04:00,1030,1030,1030,1030,12800
2022-03-14 11:05:00,1030,1030,1030,1030,0
2022-03-14 11:06:00,1025,1025,1025,1025,7200
2022-03-14 11:07:00,1025,1025,1025,1025,0
2022-03-14 11:08:00,1025,1025,1025,1025,2000
2022-03-14 11:09:00,1030,1030,1030,1030,1500
2022-03-14 11:10:00,1030,1030,1030,1030,0
2022-03-14 11:11:00,1030,1030,1030,1030,10000
2022-03-14 11:12:00,1030,1030,1030,1030,1100
2022-03-14 11:13:00,1030,1030,1030,1030,0
2022-03-14 11:14:00,1030,1030,1030,1030,1100
2022-03-14 11:15:00,1030,1030,1030,1030,0
2022-03-14 11:16:00,1030,1030,1030,1030,22500
2022-03-14 11:17:00,1030,1030,1030,1030,0
2022-03-14 11:18:00,1030,1030,1030,1030,0
2022-03-14 11:19:00,1030,1030,1030,1030,0
2022-03-14 11:20:00,1040,1040,1040,1040,300000
2022-03-14 11:21:00,1040,1040,1040,1040,0
2022-03-14 11:22:00,1040,1040,1040,1040,0
2022-03-14 11:23:00,1040,1040,1040,1040,0
2022-03-14 11:24:00,1040,1040,1040,1040,1900
2022-03-14 11:25:00,1040,1040,1040,1040,0
2022-03-14 11:26:00,1040,1040,1040,1040,0
2022-03-14 11:27:00,1040,1040,1040,1040,0
2022-03-14 11:28:00,1040,1040,1040,1040,0
2022-03-14 11:29:00,1040,1040,1040,1040,0
2022-03-14 11:30:00,1040,1040,1040,1040,0
2022-03-14 11:31:00,1040,1040,1040,1040,0
2022-03-14 11:32:00,1040,1040,1040,1040,0
2022-03-14 11:33:00,1040,1040,1040,1040,0
2022-03-14 11:34:00,1040,1040,1040,1040,0
2022-03-14 11:35:00,1040,1040,1040,1040,0
2022-03-14 11:36:00,1040,1040,1040,1040,0
2022-03-14 11:37:00,1040,1040,1040,1040,0
2022-03-14 11:38:00,1040,1040,1040,1040,0
2022-03-14 11:39:00,1040,1040,1040,1040,0
2022-03-14 11:40:00,1040,1040,1040,1040,0
2022-03-14 11:41:00,1040,1040,1040,1040,0
2022-03-14 11:42:00,1040,1040,1040,1040,0
2022-03-14 11:43:00,1040,1040,1040,1040,0
2022-03-14 11:44:00,1040,1040,1040,1040,0
2022-03-14 11:45:00,1040,1040,1040,1040,0
2022-03-14 11:46:00,1040,1040,1040,1040,0
2022-03-14 11:47:00,1040,1040,1040,1040,0
2022-03-14 11:48:00,1040,1040,1040,1040,0
2022-03-14 11:49:00,1040,1040,1040,1040,0
2022-03-14 11:50:00,1040,1040,1040,1040,0
2022-03-14 11:51:00,1040,1040,1040,1040,0
2022-03-14 11:52:00,1040,1040,1040,1040,0
2022-03-14 11:53:00,1040,1040,1040,1040,0
2022-03-14 11:54:00,1040,1040,1040,1040,0
2022-03-14 11:55:00,1040,1040,1040,1040,0
2022-03-14 11:56:00,1040,1040,1040,1040,0
2022-03-14 11:57:00,1040,1040,1040,1040,0
2022-03-14 11:58:00,1040,1040,1040,1040,0
2022-03-14 11:59:00,1040,1040,1040,1040,0
2022-03-14 12:00:00,1040,1040,1040,1040,0
2022-03-14 12:01:00,1040,1040,1040,1040,0
2022-03-14 12:02:00,1040,1040,1040,1040,0
2022-03-14 12:03:00,1040,1040,1040,1040,0
2022-03-14 12:04:00,1040,1040,1040,1040,0
2022-03-14 12:05:00,1040,1040,1040,1040,0
2022-03-14 12:06:00,1040,1040,1040,1040,0
2022-03-14 12:07:00,1040,1040,1040,1040,0
2022-03-14 12:08:00,1040,1040,1040,1040,0
2022-03-14 12:09:00,1040,1040,1040,1040,0
2022-03-14 12:10:00,1040,1040,1040,1040,0
2022-03-14 12:11:00,1040,1040,1040,1040,0
2022-03-14 12:12:00,1040,1040,1040,1040,0
2022-03-14 12:13:00,1040,1040,1040,1040,0
2022-03-14 12:14:00,1040,1040,1040,1040,0
2022-03-14 12:15:00,1040,1040,1040,1040,0
2022-03-14 12:16:00,1040,1040,1040,1040,0
2022-03-14 12:17:00,1040,1040,1040,1040,0
2022-03-14 12:18:00,1040,1040,1040,1040,0
2022-03-14 12:19:00,1040,1040,1040,1040,0
2022-03-14 12:20:00,1040,1040,1040,1040,0
2022-03-14 12:21:00,1040,1040,1040,1040,0
2022-03-14 12:22:00,1040,1040,1040,1040,0
2022-03-14 12:23:00,1040,1040,1040,1040,0
2022-03-14 12:24:00,1040,1040,1040,1040,0
2022-03-14 12:25:00,1040,1040,1040,1040,0
2022-03-14 12:26:00,1040,1040,1040,1040,0
2022-03-14 12:27:00,1040,1040,1040,1040,0
2022-03-14 12:28:00,1040,1040,1040,1040,0
2022-03-14 12:29:00,1040,1040,1040,1040,0
2022-03-14 12:30:00,1040,1040,1040,1040,0
2022-03-14 12:31:00,1040,1040,1040,1040,0
2022-03-14 12:32:00,1040,1040,1040,1040,0
2022-03-14 12:33:00,1040,1040,1040,1040,0
2022-03-14 12:34:00,1040,1040,1040,1040,0
2022-03-14 12:35:00,1040,1040,1040,1040,0
2022-03-14 12:36:00,1040,1040,1040,1040,0
2022-03-14 12:37:00,1040,1040,1040,1040,0
2022-03-14 12:38:00,1040,1040,1040,1040,0
2022-03-14 12:39:00,1040,1040,1040,1040,0
2022-03-14 12:40:00,1040,1040,1040,1040,0
2022-03-14 12:41:00,1040,1040,1040,1040,0
2022-03-14 12:42:00,1040,1040,1040,1040,0
2022-03-14 12:43:00,1040,1040,1040,1040,0
2022-03-14 12:44:00,1040,1040,1040,1040,0
2022-03-14 12:45:00,1040,1040,1040,1040,0
2022-03-14 12:46:00,1040,1040,1040,1040,0
2022-03-14 12:47:00,1040,1040,1040,1040,0
2022-03-14 12:48:00,1040,1040,1040,1040,0
2022-03-14 12:49:00,1040,1040,1040,1040,0
2022-03-14 12:50:00,1040,1040,1040,1040,0
2022-03-14 12:51:00,1040,1040,1040,1040,0
2022-03-14 12:52:00,1040,1040,1040,1040,0
2022-03-14 12:53:00,1040,1040,1040,1040,0
2022-03-14 12:54:00,1040,1040,1040,1040,0
2022-03-14 12:55:00,1040,1040,1040,1040,0
2022-03-14 12:56:00,1040,1040,1040,1040,0
2022-03-14 12:57:00,1040,1040,1040,1040,0
2022-03-14 12:58:00,1040,1040,1040,1040,0
2022-03-14 12:59:00,1040,1040,1040,1040,0
2022-03-14 13:00:00,1040,1040,1040,1040,0
2022-03-14 13:01:00,1040,1040,1040,1040,0
2022-03-14 13:02:00,1040,1040,1040,1040,0
2022-03-14 13:03:00,1040,1040,1040,1040,0
2022-03-14 13:04:00,1040,1040,1040,1040,0
2022-03-14 13:05:00,1040,1040,1040,1040,0
2022-03-14 13:06:00,1040,1040,1040,1040,0
2022-03-14 13:07:00,1040,1040,1040,1040,0
2022-03-14 13:08:00,1040,1040,1040,1040,0
2022-03-14 13:09:00,1040,1040,1040,1040,0
2022-03-14 13:10:00,1040,1040,1040,1040,0
2022-03-14 13:11:00,1040,1040,1040,1040,0
2022-03-14 13:12:00,1040,1040,1040,1040,0
2022-03-14 13:13:00,1040,1040,1040,1040,0
2022-03-14 13:14:00,1040,1040,1040,1040,0
2022-03-14 13:15:00,1040,1040,1040,1040,0
2022-03-14 13:16:00,1040,1040,1040,1040,0
2022-03-14 13:17:00,1040,1040,1040,1040,0
2022-03-14 13:18:00,1040,1040,1040,1040,0
2022-03-14 13:19:00,1040,1040,1040,1040,0
2022-03-14 13:20:00,1040,1040,1040,1040,0
2022-03-14 13:21:00,1040,1040,1040,1040,0
2022-03-14 13:22:00,1040,1040,1040,1040,0
2022-03-14 13:23:00,1040,1040,1040,1040,0
2022-03-14 13:24:00,1040,1040,1040,1040,0
2022-03-14 13:25:00,1040,1040,1040,1040,0
2022-03-14 13:26:00,1040,1040,1040,1040,0
2022-03-14 13:27:00,1040,1040,1040,1040,0
2022-03-14 13:28:00,1040,1040,1040,1040,0
2022-03-14 13:29:00,1040,1040,1040,1040,0
2022-03-14 13:30:00,1040,1040,1040,1040,100
2022-03-14 13:31:00,1030,1030,1030,1030,1500
2022-03-14 13:32:00,1030,1030,1030,1030,0
2022-03-14 13:33:00,1030,1030,1030,1030,0
2022-03-14 13:34:00,1040,1040,1040,1040,680000
2022-03-14 13:35:00,1040,1040,1040,1040,130000
2022-03-14 13:36:00,1040,1040,1040,1040,0
2022-03-14 13:37:00,1040,1040,1040,1040,0
2022-03-14 13:38:00,1040,1040,1040,1040,0
2022-03-14 13:39:00,1040,1040,1040,1040,0
2022-03-14 13:40:00,1030,1030,1030,1030,15000
2022-03-14 13:41:00,1030,1030,1030,1030,1800
2022-03-14 13:42:00,1030,1030,1030,1030,0
2022-03-14 13:43:00,1030,1030,1030,1030,0
2022-03-14 13:44:00,1030,1030,1030,1030,0
2022-03-14 13:45:00,1030,1030,1030,1030,2300
2022-03-14 13:46:00,1030,1030,1030,1030,0
2022-03-14 13:47:00,1030,1030,1030,1030,0
2022-03-14 13:48:00,1030,1030,1030,1030,0
2022-03-14 13:49:00,1035,1035,1035,1035,100
2022-03-14 13:50:00,1035,1035,1035,1035,0
2022-03-14 13:51:00,1035,1035,1035,1035,100
2022-03-14 13:52:00,1035,1035,1035,1035,0
2022-03-14 13:53:00,1035,1035,1035,1035,900
2022-03-14 13:54:00,1035,1035,1035,1035,0
2022-03-14 13:55:00,1035,1035,1035,1035,0
2022-03-14 13:56:00,1030,1030,1030,1030,4500
2022-03-14 13:57:00,1030,1030,1030,1030,0
2022-03-14 13:58:00,1030,1030,1030,1030,207200
2022-03-14 13:59:00,1030,1030,1030,1030,340000
2022-03-14 14:00:00,1030,1030,1030,1030,0
2022-03-14 14:01:00,1030,1030,1045,1045,196800
2022-03-14 14:02:00,1045,1045,1050,1050,273100
2022-03-14 14:03:00,1050,1050,1055,1055,258500
2022-03-14 14:04:00,1055,1055,1060,1060,196500
2022-03-14 14:05:00,1060,1060,1060,1060,70400
2022-03-14 14:06:00,1055,1055,1060,1060,12400
2022-03-14 14:07:00,1055,1055,1055,1055,1000
2022-03-14 14:08:00,1055,1055,1055,1055,17100
2022-03-14 14:09:00,1055,1055,1055,1055,200
2022-03-14 14:10:00,1055,1055,1055,1055,0
2022-03-14 14:11:00,1050,1050,1050,1050,600
2022-03-14 14:12:00,1050,1045,1050,1045,42800
2022-03-14 14:13:00,1050,1045,1050,1045,0
2022-03-14 14:14:00,1050,1045,1050,1045,0
2022-03-14 14:15:00,1050,1045,1050,1045,0
2022-03-14 14:16:00,1050,1045,1050,1045,0
2022-03-14 14:17:00,1050,1045,1050,1045,0
2022-03-14 14:18:00,1050,1045,1050,1045,0
2022-03-14 14:19:00,1050,1045,1050,1045,0
2022-03-14 14:20:00,1050,1045,1050,1045,0
2022-03-14 14:21:00,1050,1045,1050,1045,0
2022-03-14 14:22:00,1050,1045,1050,1045,0
2022-03-14 14:23:00,1050,1045,1050,1045,0
2022-03-14 14:24:00,1045,1045,1045,1045,4700
2022-03-14 14:25:00,1040,1040,1040,1040,6900
2022-03-14 14:26:00,1040,1040,1040,1040,3900
2022-03-14 14:27:00,1035,1035,1035,1035,1500
2022-03-14 14:28:00,1035,1035,1035,1035,0
2022-03-14 14:29:00,1040,1040,1045,1045,7200
2022-03-14 14:30:00,1040,1040,1045,1045,0
2022-03-14 14:31:00,1040,1040,1045,1045,0
2022-03-14 14:32:00,1040,1040,1045,1045,0
2022-03-14 14:33:00,1040,1040,1045,1045,0
2022-03-14 14:34:00,1040,1040,1045,1045,0
2022-03-14 14:35:00,1040,1040,1045,1045,0
2022-03-14 14:36:00,1050,1050,1050,1050,100
2022-03-14 14:37:00,1045,1040,1045,1040,2500
2022-03-14 14:38:00,1045,1040,1045,1040,0
2022-03-14 14:39:00,1045,1040,1045,1040,0
2022-03-14 14:40:00,1045,1040,1045,1040,0
2022-03-14 14:41:00,1045,1040,1045,1040,0
2022-03-14 14:42:00,1045,1040,1045,1040,0
2022-03-14 14:43:00,1040,1040,1050,1040,246900
2022-03-14 14:44:00,1040,1040,1050,1040,0
2022-03-14 14:45:00,1040,1040,1050,1040,0
2022-03-14 14:46:00,1040,1040,1050,1040,0
2022-03-14 14:47:00,1040,1040,1050,1040,0
2022-03-14 14:48:00,1045,1045,1050,1050,600
2022-03-14 14:49:00,1045,1045,1045,1045,500
2022-03-14 14:50:00,1045,1045,1045,1045,0
2022-03-14 14:51:00,1045,1045,1045,1045,0
2022-03-14 14:52:00,1045,1045,1045,1045,0
2022-03-14 14:53:00,1045,1045,1045,1045,0
2022-03-14 14:54:00,1045,1045,1045,1045,0
2022-03-14 14:55:00,1045,1045,1045,1045,0
2022-03-14 14:56:00,1045,1045,1045,1045,0
2022-03-14 14:57:00,1045,1045,1045,1045,0
2022-03-14 14:58:00,1045,1045,1045,1045,0
2022-03-14 14:59:00,1045,1045,1045,1045,0
2022-03-14 15:00:00,1045,1045,1045,1045,32600
2022-03-14 15:01:00,1045,1045,1045,1045,0
2022-03-14 15:02:00,1045,1045,1045,1045,0
2022-03-14 15:03:00,1045,1045,1045,1045,100
2022-03-14 15:04:00,1045,1045,1045,1045,0
2022-03-14 15:05:00,1045,1045,1045,1045,0
2022-03-14 15:06:00,1045,1045,1045,1045,15000
2022-03-14 15:07:00,1045,1045,1045,1045,0
2022-03-14 15:08:00,1045,1045,1045,1045,1600
2022-03-14 15:09:00,1045,1045,1045,1045,5800
2022-03-14 15:10:00,1045,1045,1045,1045,143500
2022-03-14 15:11:00,1045,1045,1045,1045,10600
2022-03-14 15:12:00,1045,1045,1045,1045,498800
2022-03-14 15:13:00,1045,1045,1045,1045,0
2022-03-14 15:14:00,1045,1045,1045,1045,0
2022-03-14 15:15:00,1045,1045,1045,1045,0
2022-03-14 15:16:00,1045,1045,1045,1045,0
2022-03-14 15:17:00,1045,1045,1045,1045,0
2022-03-14 15:18:00,1045,1045,1045,1045,0
2022-03-14 15:19:00,1045,1045,1045,1045,0
2022-03-14 15:20:00,1045,1045,1045,1045,0
2022-03-14 15:21:00,1045,1045,1045,1045,0
2022-03-14 15:22:00,1045,1045,1045,1045,0
2022-03-14 15:23:00,1045,1045,1045,1045,0
2022-03-14 15:24:00,1045,1045,1045,1045,0
2022-03-14 15:25:00,1045,1045,1045,1045,0
2022-03-14 15:26:00,1045,1045,1045,1045,0
2022-03-14 15:27:00,1045,1045,1045,1045,0
2022-03-14 15:28:00,1045,1045,1045,1045,0
2022-03-14 15:29:00,1045,1045,1045,1045,0
2022-03-14 15:30:00,1045,1045,1045,1045,0
2022-03-14 15:31:00,1045,1045,1045,1045,0
2022-03-14 15:32:00,1045,1045,1045,1045,0
2022-03-14 15:33:00,1045,1045,1045,1045,0
2022-03-14 15:34:00,1045,1045,1045,1045,0
2022-03-14 15:35:00,1045,1045,1045,1045,0
2022-03-14 15:36:00,1045,1045,1045,1045,0
2022-03-14 15:37:00,1045,1045,1045,1045,0
2022-03-14 15:38:00,1045,1045,1045,1045,0
2022-03-14 15:39:00,1045,1045,1045,1045,0
2022-03-14 15:40:00,1045,1045,1045,1045,0
2022-03-14 15:41:00,1045,1045,1045,1045,0
2022-03-14 15:42:00,1045,1045,1045,1045,0
2022-03-14 15:43:00,1045,1045,1045,1045,0
2022-03-14 15:44:00,1045,1045,1045,1045,0
2022-03-14 15:45:00,1045,1045,1045,1045,0
2022-03-14 15:46:00,1045,1045,1045,1045,0
2022-03-14 15:47:00,1045,1045,1045,1045,0
2022-03-14 15:48:00,1045,1045,1045,1045,0
2022-03-14 15:49:00,1045,1045,1045,1045,0
2022-03-14 15:50:00,1045,1045,1045,1045,0
2022-03-14 15:51:00,1045,1045,1045,1045,0
2022-03-14 15:52:00,1045,1045,1045,1045,0
2022-03-14 15:53:00,1045,1045,1045,1045,0
2022-03-14 15:54:00,1045,1045,1045,1045,0
2022-03-14 15:55:00,1045,1045,1045,1045,0
2022-03-14 15:56:00,1045,1045,1045,1045,0
2022-03-14 15:57:00,1045,1045,1045,1045,0
2022-03-14 15:58:00,1045,1045,1045,1045,0
2022-03-14 15:59:00,1045,1045,1045,1045,0
2022-03-15 09:00:00,1045,1045,1045,1045,0
2022-03-15 09:01:00,1045,1045,1045,1045,0
2022-03-15 09:02:00,1045,1045,1045,1045,0
2022-03-15 09:03:00,1045,1045,1045,1045,0
2022-03-15 09:04:00,1045,1045,1045,1045,100
2022-03-15 09:05:00,1045,1045,1045,1045,0
2022-03-15 09:06:00,1045,1045,1045,1045,0
2022-03-15 09:07:00,1040,1040,1040,1040,1000
2022-03-15 09:08:00,1040,1040,1040,1040,0
2022-03-15 09:09:00,1040,1040,1040,1040,0
2022-03-15 09:10:00,1040,1040,1040,1040,0
2022-03-15 09:11:00,1040,1040,1040,1040,0
2022-03-15 09:12:00,1040,1040,1040,1040,0
2022-03-15 09:13:00,1030,1030,1030,1030,700
2022-03-15 09:14:00,1030,1030,1030,1030,0
2022-03-15 09:15:00,1030,1030,1030,1030,0
2022-03-15 09:16:00,1035,1035,1035,1035,100
2022-03-15 09:17:00,1035,1035,1035,1035,1000
2022-03-15 09:18:00,1035,1035,1035,1035,0
2022-03-15 09:19:00,1035,1035,1035,1035,200
2022-03-15 09:20:00,1035,1035,1035,1035,0
2022-03-15 09:21:00,1035,1035,1035,1035,400
2022-03-15 09:22:00,1035,1035,1035,1035,200
2022-03-15 09:23:00,1040,1040,1045,1045,3500
2022-03-15 09:24:00,1050,1050,1050,1050,201000
2022-03-15 09:25:00,1050,1050,1060,1055,296500
2022-03-15 09:26:00,1055,1050,1055,1055,28200
2022-03-15 09:27:00,1055,1045,1055,1045,178900
2022-03-15 09:28:00,1055,1045,1055,1045,0
2022-03-15 09:29:00,1055,1055,1055,1055,100
2022-03-15 09:30:00,1055,1055,1055,1055,0
2022-03-15 09:31:00,1055,1055,1055,1055,600
2022-03-15 09:32:00,1055,1055,1055,1055,20000
2022-03-15 09:33:00,1055,1055,1055,1055,0
2022-03-15 09:34:00,1055,1050,1055,1050,300
2022-03-15 09:35:00,1055,1050,1055,1050,0
2022-03-15 09:36:00,1045,1045,1045,1045,1000
2022-03-15 09:37:00,1045,1045,1045,1045,100
2022-03-15 09:38:00,1045,1045,1045,1045,5000
2022-03-15 09:39:00,1045,1045,1045,1045,300
2022-03-15 09:40:00,1045,1045,1045,1045,0
2022-03-15 09:41:00,1045,1045,1045,1045,0
2022-03-15 09:42:00,1045,1040,1045,1040,1700
2022-03-15 09:43:00,1035,1010,1035,1010,194400
2022-03-15 09:44:00,1010,1010,1015,1010,434500
2022-03-15 09:45:00,1020,1010,1020,1015,185500
2022-03-15 09:46:00,1015,1010,1015,1010,7000
2022-03-15 09:47:00,1010,1010,1015,1010,176000
2022-03-15 09:48:00,1010,1010,1010,1010,190300
2022-03-15 09:49:00,1010,1010,1015,1015,125400
2022-03-15 09:50:00,1020,1010,1020,1010,97000
2022-03-15 09:51:00,1010,1010,1020,1020,78000
2022-03-15 09:52:00,1020,1020,1025,1020,71900
2022-03-15 09:53:00,1020,1015,1020,1015,22000
2022-03-15 09:54:00,1020,1015,1020,1015,0
2022-03-15 09:55:00,1020,1015,1020,1015,0
2022-03-15 09:56:00,1015,1015,1015,1015,30000
2022-03-15 09:57:00,1015,1015,1015,1015,0
2022-03-15 09:58:00,1015,1015,1015,1015,0
2022-03-15 09:59:00,1015,1015,1015,1015,50000
2022-03-15 10:00:00,1015,1015,1015,1015,20000
2022-03-15 10:01:00,1015,1015,1015,1015,54100
2022-03-15 10:02:00,1015,1015,1015,1015,80000
2022-03-15 10:03:00,1015,1015,1015,1015,0
2022-03-15 10:04:00,1015,1015,1015,1015,0
2022-03-15 10:05:00,1015,1015,1015,1015,1400
2022-03-15 10:06:00,1015,1015,1015,1015,0
2022-03-15 10:07:00,1015,1015,1015,1015,0
2022-03-15 10:08:00,1015,1015,1015,1015,0
2022-03-15 10:09:00,1015,1015,1015,1015,0
2022-03-15 10:10:00,1015,1015,1015,1015,0
2022-03-15 10:11:00,1015,1015,1015,1015,1100
2022-03-15 10:12:00,1015,1015,1015,1015,2600
2022-03-15 10:13:00,1015,1015,1015,1015,0
2022-03-15 10:14:00,1010,1010,1010,1010,12600
2022-03-15 10:15:00,1010,1010,1010,1010,0
2022-03-15 10:16:00,1010,1010,1010,1010,0
2022-03-15 10:17:00,1010,1010,1010,1010,0
2022-03-15 10:18:00,1010,1010,1010,1010,0
2022-03-15 10:19:00,1010,1010,1010,1010,1700
2022-03-15 10:20:00,1010,1010,1010,1010,0
2022-03-15 10:21:00,1010,1005,1010,1005,100100
2022-03-15 10:22:00,1005,1005,1005,1005,100
2022-03-15 10:23:00,1005,1005,1005,1005,500
2022-03-15 10:24:00,1005,1005,1005,1005,0
2022-03-15 10:25:00,1005,1005,1005,1005,0
2022-03-15 10:26:00,1005,1005,1005,1005,1000
2022-03-15 10:27:00,1015,1015,1015,1015,200
2022-03-15 10:28:00,1015,1015,1015,1015,0
2022-03-15 10:29:00,1015,1015,1015,1015,0
2022-03-15 10:30:00,1005,1005,1005,1005,5000
2022-03-15 10:31:00,1005,1005,1005,1005,0
2022-03-15 10:32:00,1005,1005,1005,1005,0
2022-03-15 10:33:00,1005,1005,1005,1005,0
2022-03-15 10:34:00,1005,1005,1005,1005,0
2022-03-15 10:35:00,1005,1005,1005,1005,0
2022-03-15 10:36:00,1005,1005,1005,1005,0
2022-03-15 10:37:00,1005,1005,1005,1005,9200
2022-03-15 10:38:00,1005,1005,1005,1005,0
2022-03-15 10:39:00,1005,1005,1005,1005,0
2022-03-15 10:40:00,1005,1005,1005,1005,100
2022-03-15 10:41:00,1005,1005,1005,1005,0
2022-03-15 10:42:00,1005,1005,1005,1005,0
2022-03-15 10:43:00,1010,1010,1010,1010,1500
2022-03-15 10:44:00,1010,1010,1010,1010,0
2022-03-15 10:45:00,1010,1010,1010,1010,0
2022-03-15 10:46:00,1010,1010,1010,1010,0
2022-03-15 10:47:00,1010,1010,1010,1010,0
2022-03-15 10:48:00,1010,1010,1010,1010,11700
2022-03-15 10:49:00,1010,1010,1010,1010,111300
2022-03-15 10:50:00,1010,1010,1010,1010,0
2022-03-15 10:51:00,1010,1010,1010,1010,0
2022-03-15 10:52:00,1010,1010,1010,1010,1000
2022-03-15 10:53:00,1010,1010,1010,1010,0
2022-03-15 10:54:00,1005,1005,1005,1005,3300
2022-03-15 10:55:00,1005,1005,1005,1005,0
2022-03-15 10:56:00,1005,1005,1005,1005,0
2022-03-15 10:57:00,1005,1005,1005,1005,500
2022-03-15 10:58:00,1005,1005,1005,1005,0
2022-03-15 10:59:00,1005,1005,1005,1005,0
2022-03-15 11:00:00,1005,1005,1005,1005,0
2022-03-15 11:01:00,1005,1005,1005,1005,0
2022-03-15 11:02:00,1010,1010,1010,1010,200
2022-03-15 11:03:00,1010,1010,1010,1010,66400
2022-03-15 11:04:00,1010,1010,1010,1010,94400
2022-03-15 11:05:00,1010,1010,1010,1010,0
2022-03-15 11:06:00,1010,1010,1010,1010,30000
2022-03-15 11:07:00,1010,1010,1010,1010,100000
2022-03-15 11:08:00,1010,1010,1010,1010,63100
2022-03-15 11:09:00,1010,1010,1010,1010,67000
2022-03-15 11:10:00,1010,1010,1010,1010,80000
2022-03-15 11:11:00,1010,1010,1010,1010,80000
2022-03-15 11:12:00,1015,1010,1015,1010,181700
2022-03-15 11:13:00,1010,1010,1010,1010,60000
2022-03-15 11:14:00,1010,1005,1010,1010,154900
2022-03-15 11:15:00,1010,1005,1010,1010,0
2022-03-15 11:16:00,1010,1005,1010,1010,0
2022-03-15 11:17:00,1005,1005,1005,1005,1000
2022-03-15 11:18:00,1005,1005,1005,1005,38700
2022-03-15 11:19:00,1005,1000,1005,1000,4100
2022-03-15 11:20:00,1000,1000,1005,1000,99600
2022-03-15 11:21:00,1000,1000,1000,1000,400
2022-03-15 11:22:00,1000,1000,1000,1000,0
2022-03-15 11:23:00,1000,1000,1000,1000,0
2022-03-15 11:24:00,1000,1000,1000,1000,72900
2022-03-15 11:25:00,1000,1000,1000,1000,2000
2022-03-15 11:26:00,1000,1000,1000,1000,4000
2022-03-15 11:27:00,1000,1000,1000,1000,5000
2022-03-15 11:28:00,1000,1000,1000,1000,26000
2022-03-15 11:29:00,995,995,1000,995,15600
2022-03-15 11:30:00,995,995,1000,995,0
2022-03-15 11:31:00,995,995,1000,995,0
2022-03-15 11:32:00,995,995,1000,995,0
2022-03-15 11:33:00,995,995,1000,995,0
2022-03-15 11:34:00,995,995,1000,995,0
2022-03-15 11:35:00,995,995,1000,995,0
2022-03-15 11:36:00,995,995,1000,995,0
2022-03-15 11:37:00,995,995,1000,995,0
2022-03-15 11:38:00,995,995,1000,995,0
2022-03-15 11:39:00,995,995,1000,995,0
2022-03-15 11:40:00,995,995,1000,995,0
2022-03-15 11:41:00,995,995,1000,995,0
2022-03-15 11:42:00,995,995,1000,995,0
2022-03-15 11:43:00,995,995,1000,995,0
2022-03-15 11:44:00,995,995,1000,995,0
2022-03-15 11:45:00,995,995,1000,995,0
2022-03-15 11:46:00,995,995,1000,995,0
2022-03-15 11:47:00,995,995,1000,995,0
2022-03-15 11:48:00,995,995,1000,995,0
2022-03-15 11:49:00,995,995,1000,995,0
2022-03-15 11:50:00,995,995,1000,995,0
2022-03-15 11:51:00,995,995,1000,995,0
2022-03-15 11:52:00,995,995,1000,995,0
2022-03-15 11:53:00,995,995,1000,995,0
2022-03-15 11:54:00,995,995,1000,995,0
2022-03-15 11:55:00,995,995,1000,995,0
2022-03-15 11:56:00,995,995,1000,995,0
2022-03-15 11:57:00,995,995,1000,995,0
2022-03-15 11:58:00,995,995,1000,995,0
2022-03-15 11:59:00,995,995,1000,995,0
2022-03-15 12:00:00,995,995,1000,995,0
2022-03-15 12:01:00,995,995,1000,995,0
2022-03-15 12:02:00,995,995,1000,995,0
2022-03-15 12:03:00,995,995,1000,995,0
2022-03-15 12:04:00,995,995,1000,995,0
2022-03-15 12:05:00,995,995,1000,995,0
2022-03-15 12:06:00,995,995,1000,995,0
2022-03-15 12:07:00,995,995,1000,995,0
2022-03-15 12:08:00,995,995,1000,995,0
2022-03-15 12:09:00,995,995,1000,995,0
2022-03-15 12:10:00,995,995,1000,995,0
2022-03-15 12:11:00,995,995,1000,995,0
2022-03-15 12:12:00,995,995,1000,995,0
2022-03-15 12:13:00,995,995,1000,995,0
2022-03-15 12:14:00,995,995,1000,995,0
2022-03-15 12:15:00,995,995,1000,995,0
2022-03-15 12:16:00,995,995,1000,995,0
2022-03-15 12:17:00,995,995,1000,995,0
2022-03-15 12:18:00,995,995,1000,995,0
2022-03-15 12:19:00,995,995,1000,995,0
2022-03-15 12:20:00,995,995,1000,995,0
2022-03-15 12:21:00,995,995,1000,995,0
2022-03-15 12:22:00,995,995,1000,995,0
2022-03-15 12:23:00,995,995,1000,995,0
2022-03-15 12:24:00,995,995,1000,995,0
2022-03-15 12:25:00,995,995,1000,995,0
2022-03-15 12:26:00,995,995,1000,995,0
2022-03-15 12:27:00,995,995,1000,995,0
2022-03-15 12:28:00,995,995,1000,995,0
2022-03-15 12:29:00,995,995,1000,995,0
2022-03-15 12:30:00,995,995,1000,995,0
2022-03-15 12:31:00,995,995,1000,995,0
2022-03-15 12:32:00,995,995,1000,995,0
2022-03-15 12:33:00,995,995,1000,995,0
2022-03-15 12:34:00,995,995,1000,995,0
2022-03-15 12:35:00,995,995,1000,995,0
2022-03-15 12:36:00,995,995,1000,995,0
2022-03-15 12:37:00,995,995,1000,995,0
2022-03-15 12:38:00,995,995,1000,995,0
2022-03-15 12:39:00,995,995,1000,995,0
2022-03-15 12:40:00,995,995,1000,995,0
2022-03-15 12:41:00,995,995,1000,995,0
2022-03-15 12:42:00,995,995,1000,995,0
2022-03-15 12:43:00,995,995,1000,995,0
2022-03-15 12:44:00,995,995,1000,995,0
2022-03-15 12:45:00,995,995,1000,995,0
2022-03-15 12:46:00,995,995,1000,995,0
2022-03-15 12:47:00,995,995,1000,995,0
2022-03-15 12:48:00,995,995,1000,995,0
2022-03-15 12:49:00,995,995,1000,995,0
2022-03-15 12:50:00,995,995,1000,995,0
2022-03-15 12:51:00,995,995,1000,995,0
2022-03-15 12:52:00,995,995,1000,995,0
2022-03-15 12:53:00,995,995,1000,995,0
2022-03-15 12:54:00,995,995,1000,995,0
2022-03-15 12:55:00,995,995,1000,995,0
2022-03-15 12:56:00,995,995,1000,995,0
2022-03-15 12:57:00,995,995,1000,995,0
2022-03-15 12:58:00,995,995,1000,995,0
2022-03-15 12:59:00,995,995,1000,995,0
2022-03-15 13:00:00,995,995,1000,995,0
2022-03-15 13:01:00,995,995,1000,995,0
2022-03-15 13:02:00,995,995,1000,995,0
2022-03-15 13:03:00,995,995,1000,995,0
2022-03-15 13:04:00,995,995,1000,995,0
2022-03-15 13:05:00,995,995,1000,995,0
2022-03-15 13:06:00,995,995,1000,995,0
2022-03-15 13:07:00,995,995,1000,995,0
2022-03-15 13:08:00,995,995,1000,995,0
2022-03-15 13:09:00,995,995,1000,995,0
2022-03-15 13:10:00,995,995,1000,995,0
2022-03-15 13:11:00,995,995,1000,995,0
2022-03-15 13:12:00,995,995,1000,995,0
2022-03-15 13:13:00,995,995,1000,995,0
2022-03-15 13:14:00,995,995,1000,995,0
2022-03-15 13:15:00,995,995,1000,995,0
2022-03-15 13:16:00,995,995,1000,995,0
2022-03-15 13:17:00,995,995,1000,995,0
2022-03-15 13:18:00,995,995,1000,995,0
2022-03-15 13:19:00,995,995,1000,995,0
2022-03-15 13:20:00,995,995,1000,995,0
2022-03-15 13:21:00,995,995,1000,995,0
2022-03-15 13:22:00,995,995,1000,995,0
2022-03-15 13:23:00,995,995,1000,995,0
2022-03-15 13:24:00,995,995,1000,995,0
2022-03-15 13:25:00,995,995,1000,995,0
2022-03-15 13:26:00,995,995,1000,995,0
2022-03-15 13:27:00,995,995,1000,995,0
2022-03-15 13:28:00,995,995,1000,995,0
2022-03-15 13:29:00,995,995,1000,995,0
2022-03-15 13:30:00,995,995,995,995,1000
2022-03-15 13:31:00,995,995,995,995,2000
2022-03-15 13:32:00,995,995,995,995,0
2022-03-15 13:33:00,1005,1005,1005,1005,100
2022-03-15 13:34:00,1005,1005,1005,1005,0
2022-03-15 13:35:00,1005,1005,1005,1005,0
2022-03-15 13:36:00,1005,1005,1005,1005,0
2022-03-15 13:37:00,1005,1005,1005,1005,100
2022-03-15 13:38:00,1000,1000,1000,1000,195100
2022-03-15 13:39:00,1000,1000,1000,1000,6200
2022-03-15 13:40:00,1000,1000,1000,1000,0
2022-03-15 13:41:00,1005,1005,1005,1005,600
2022-03-15 13:42:00,1005,1005,1005,1005,300
2022-03-15 13:43:00,1000,1000,1000,1000,2700
2022-03-15 13:44:00,1000,1000,1000,1000,0
2022-03-15 13:45:00,1000,1000,1000,1000,100
2022-03-15 13:46:00,1000,1000,1000,1000,0
2022-03-15 13:47:00,1000,1000,1000,1000,0
2022-03-15 13:48:00,1000,1000,1000,1000,0
2022-03-15 13:49:00,1000,1000,1000,1000,0
2022-03-15 13:50:00,1000,1000,1000,1000,0
2022-03-15 13:51:00,1000,1000,1000,1000,0
2022-03-15 13:52:00,1000,1000,1000,1000,11000
2022-03-15 13:53:00,1000,1000,1000,1000,1000
2022-03-15 13:54:00,1000,1000,1000,1000,0
2022-03-15 13:55:00,1000,1000,1000,1000,0
2022-03-15 13:56:00,1000,1000,1000,1000,0
2022-03-15 13:57:00,1000,1000,1000,1000,4800
2022-03-15 13:58:00,1000,1000,1000,1000,0
2022-03-15 13:59:00,1000,1000,1000,1000,0
2022-03-15 14:00:00,1000,1000,1000,1000,0
2022-03-15 14:01:00,1000,1000,1000,1000,0
2022-03-15 14:02:00,1000,1000,1000,1000,0
2022-03-15 14:03:00,1000,1000,1000,1000,500
2022-03-15 14:04:00,1000,1000,1000,1000,0
2022-03-15 14:05:00,1000,1000,1000,1000,0
2022-03-15 14:06:00,1000,1000,1000,1000,1100
2022-03-15 14:07:00,1000,1000,1000,1000,0
2022-03-15 14:08:00,1000,1000,1000,1000,0
2022-03-15 14:09:00,1000,1000,1000,1000,0
2022-03-15 14:10:00,1000,1000,1000,1000,0
2022-03-15 14:11:00,1000,1000,1000,1000,300
2022-03-15 14:12:00,1000,1000,1000,1000,0
2022-03-15 14:13:00,1000,1000,1000,1000,14500
2022-03-15 14:14:00,1000,1000,1000,1000,0
2022-03-15 14:15:00,1000,1000,1000,1000,0
2022-03-15 14:16:00,1000,1000,1000,1000,300
2022-03-15 14:17:00,1000,1000,1000,1000,0
2022-03-15 14:18:00,1000,1000,1000,1000,0
2022-03-15 14:19:00,1000,1000,1000,1000,0
2022-03-15 14:20:00,995,995,995,995,24600
2022-03-15 14:21:00,995,995,995,995,1000
2022-03-15 14:22:00,995,995,995,995,0
2022-03-15 14:23:00,995,995,995,995,0
2022-03-15 14:24:00,995,995,995,995,0
2022-03-15 14:25:00,1000,1000,1000,1000,1100
2022-03-15 14:26:00,1000,995,1000,995,9500
2022-03-15 14:27:00,1000,995,1000,995,0
2022-03-15 14:28:00,995,995,1000,1000,10200
2022-03-15 14:29:00,1000,1000,1000,1000,1000
2022-03-15 14:30:00,1000,1000,1000,1000,3600
2022-03-15 14:31:00,1000,1000,1000,1000,100
2022-03-15 14:32:00,1000,1000,1000,1000,0
2022-03-15 14:33:00,1000,1000,1000,1000,0
2022-03-15 14:34:00,1000,1000,1000,1000,0
2022-03-15 14:35:00,1000,1000,1000,1000,0
2022-03-15 14:36:00,1000,1000,1000,1000,300
2022-03-15 14:37:00,1000,1000,1000,1000,0
2022-03-15 14:38:00,1005,1005,1005,1005,100
2022-03-15 14:39:00,1000,1000,1000,1000,11400
2022-03-15 14:40:00,1000,995,1000,995,229900
2022-03-15 14:41:00,1000,1000,1000,1000,5000
2022-03-15 14:42:00,1000,1000,1000,1000,98700
2022-03-15 14:43:00,1000,1000,1000,1000,1000
2022-03-15 14:44:00,1000,1000,1000,1000,0
2022-03-15 14:45:00,1000,1000,1000,1000,0
2022-03-15 14:46:00,1000,1000,1000,1000,0
2022-03-15 14:47:00,1000,995,1000,995,32200
2022-03-15 14:48:00,995,995,1000,1000,291300
2022-03-15 14:49:00,995,995,1000,1000,1300
2022-03-15 14:50:00,995,995,1000,1000,0
2022-03-15 14:51:00,995,995,1000,1000,0
2022-03-15 14:52:00,995,995,1000,1000,0
2022-03-15 14:53:00,995,995,1000,1000,0
2022-03-15 14:54:00,995,995,1000,1000,0
2022-03-15 14:55:00,995,995,1000,1000,0
2022-03-15 14:56:00,995,995,1000,1000,0
2022-03-15 14:57:00,995,995,1000,1000,0
2022-03-15 14:58:00,995,995,1000,1000,0
2022-03-15 14:59:00,995,995,1000,1000,0
2022-03-15 15:00:00,1005,1005,1005,1005,42100
2022-03-15 15:01:00,1005,1005,1005,1005,0
2022-03-15 15:02:00,1005,1005,1005,1005,0
2022-03-15 15:03:00,1005,1005,1005,1005,0
2022-03-15 15:04:00,1005,1005,1005,1005,0
2022-03-15 15:05:00,1005,1005,1005,1005,0
2022-03-15 15:06:00,1005,1005,1005,1005,0
2022-03-15 15:07:00,1005,1005,1005,1005,0
2022-03-15 15:08:00,1005,1005,1005,1005,1000
2022-03-15 15:09:00,1005,1005,1005,1005,500
2022-03-15 15:10:00,1005,1005,1005,1005,0
2022-03-15 15:11:00,1005,1005,1005,1005,800
2022-03-15 15:12:00,1005,1005,1005,1005,0
2022-03-15 15:13:00,1005,1005,1005,1005,0
2022-03-15 15:14:00,1005,1005,1005,1005,0
2022-03-15 15:15:00,1005,1005,1005,1005,0
2022-03-15 15:16:00,1005,1005,1005,1005,0
2022-03-15 15:17:00,1005,1005,1005,1005,0
2022-03-15 15:18:00,1005,1005,1005,1005,0
2022-03-15 15:19:00,1005,1005,1005,1005,0
2022-03-15 15:20:00,1005,1005,1005,1005,0
2022-03-15 15:21:00,1005,1005,1005,1005,0
2022-03-15 15:22:00,1005,1005,1005,1005,0
2022-03-15 15:23:00,1005,1005,1005,1005,0
2022-03-15 15:24:00,1005,1005,1005,1005,0
2022-03-15 15:25:00,1005,1005,1005,1005,0
2022-03-15 15:26:00,1005,1005,1005,1005,0
2022-03-15 15:27:00,1005,1005,1005,1005,0
2022-03-15 15:28:00,1005,1005,1005,1005,0
2022-03-15 15:29:00,1005,1005,1005,1005,0
2022-03-15 15:30:00,1005,1005,1005,1005,0
2022-03-15 15:31:00,1005,1005,1005,1005,0
2022-03-15 15:32:00,1005,1005,1005,1005,0
2022-03-15 15:33:00,1005,1005,1005,1005,0
2022-03-15 15:34:00,1005,1005,1005,1005,0
2022-03-15 15:35:00,1005,1005,1005,1005,0
2022-03-15 15:36:00,1005,1005,1005,1005,0
2022-03-15 15:37:00,1005,1005,1005,1005,0
2022-03-15 15:38:00,1005,1005,1005,1005,0
2022-03-15 15:39:00,1005,1005,1005,1005,0
2022-03-15 15:40:00,1005,1005,1005,1005,0
2022-03-15 15:41:00,1005,1005,1005,1005,0
2022-03-15 15:42:00,1005,1005,1005,1005,0
2022-03-15 15:43:00,1005,1005,1005,1005,0
2022-03-15 15:44:00,1005,1005,1005,1005,0
2022-03-15 15:45:00,1005,1005,1005,1005,0
2022-03-15 15:46:00,1005,1005,1005,1005,0
2022-03-15 15:47:00,1005,1005,1005,1005,0
2022-03-15 15:48:00,1005,1005,1005,1005,0
2022-03-15 15:49:00,1005,1005,1005,1005,0
2022-03-15 15:50:00,1005,1005,1005,1005,0
2022-03-15 15:51:00,1005,1005,1005,1005,0
2022-03-15 15:52:00,1005,1005,1005,1005,0
2022-03-15 15:53:00,1005,1005,1005,1005,0
2022-03-15 15:54:00,1005,1005,1005,1005,0
2022-03-15 15:55:00,1005,1005,1005,1005,0
2022-03-15 15:56:00,1005,1005,1005,1005,0
2022-03-15 15:57:00,1005,1005,1005,1005,0
2022-03-15 15:58:00,1005,1005,1005,1005,0
2022-03-15 15:59:00,1005,1005,1005,1005,0
2022-03-16 09:00:00,1005,1005,1005,1005,0
2022-03-16 09:01:00,1020,1020,1020,1020,0
2022-03-16 09:02:00,1005,1005,1005,1005,500
2022-03-16 09:03:00,1005,1005,1005,1005,0
2022-03-16 09:04:00,1005,1005,1005,1005,500
2022-03-16 09:05:00,1005,1005,1005,1005,0
2022-03-16 09:06:00,1005,1005,1005,1005,2000
2022-03-16 09:07:00,1005,1005,1005,1005,0
2022-03-16 09:08:00,1005,1005,1005,1005,5400
2022-03-16 09:09:00,1005,1000,1005,1000,200
2022-03-16 09:10:00,1000,1000,1000,1000,100
2022-03-16 09:11:00,1000,1000,1000,1000,0
2022-03-16 09:12:00,1005,1005,1005,1005,300
2022-03-16 09:13:00,1005,1005,1005,1005,0
2022-03-16 09:14:00,1005,1005,1005,1005,0
2022-03-16 09:15:00,1005,1005,1005,1005,0
2022-03-16 09:16:00,1005,1005,1005,1005,4100
2022-03-16 09:17:00,1005,1005,1005,1005,0
2022-03-16 09:18:00,1000,1000,1005,1005,103100
2022-03-16 09:19:00,1005,1000,1005,1000,248800
2022-03-16 09:20:00,1000,1000,1000,1000,848200
2022-03-16 09:21:00,1000,995,1000,1000,626600
2022-03-16 09:22:00,1000,995,1000,1000,654500
2022-03-16 09:23:00,1005,1005,1010,1010,93300
2022-03-16 09:24:00,1010,1005,1015,1015,166800
2022-03-16 09:25:00,1015,1015,1015,1015,325300
2022-03-16 09:26:00,1020,1015,1020,1015,241700
2022-03-16 09:27:00,1015,1015,1015,1015,16800
2022-03-16 09:28:00,1015,1015,1015,1015,0
2022-03-16 09:29:00,1015,1015,1015,1015,0
2022-03-16 09:30:00,1010,1010,1010,1010,4000
2022-03-16 09:31:00,1010,1010,1010,1010,0
2022-03-16 09:32:00,1010,1010,1010,1010,0
2022-03-16 09:33:00,1010,1010,1010,1010,44000
2022-03-16 09:34:00,1010,1010,1010,1010,5000
2022-03-16 09:35:00,1010,1010,1010,1010,5100
2022-03-16 09:36:00,1010,1010,1010,1010,0
2022-03-16 09:37:00,1010,1010,1010,1010,0
2022-03-16 09:38:00,1005,1005,1010,1010,5400
2022-03-16 09:39:00,1005,1005,1010,1010,0
2022-03-16 09:40:00,1010,1010,1010,1010,5700
2022-03-16 09:41:00,1010,1010,1010,1010,0
2022-03-16 09:42:00,1010,1010,1010,1010,0
2022-03-16 09:43:00,1010,1010,1010,1010,0
2022-03-16 09:44:00,1010,1010,1010,1010,0
2022-03-16 09:45:00,1010,1010,1010,1010,200
2022-03-16 09:46:00,1010,1010,1010,1010,0
2022-03-16 09:47:00,1010,1010,1010,1010,0
2022-03-16 09:48:00,1010,1010,1010,1010,0
2022-03-16 09:49:00,1010,1010,1010,1010,300
2022-03-16 09:50:00,1015,1015,1015,1015,100
2022-03-16 09:51:00,1015,1015,1015,1015,0
2022-03-16 09:52:00,1015,1015,1015,1015,100
2022-03-16 09:53:00,1015,1015,1015,1015,0
2022-03-16 09:54:00,1015,1015,1015,1015,0
2022-03-16 09:55:00,1015,1015,1015,1015,0
2022-03-16 09:56:00,1015,1015,1015,1015,0
2022-03-16 09:57:00,1015,1015,1015,1015,0
2022-03-16 09:58:00,1010,1010,1010,1010,5000
2022-03-16 09:59:00,1010,1010,1010,1010,7500
2022-03-16 10:00:00,1010,1010,1010,1010,9900
2022-03-16 10:01:00,1010,1010,1010,1010,5000
2022-03-16 10:02:00,1010,1010,1010,1010,0
2022-03-16 10:03:00,1010,1010,1010,1010,800
2022-03-16 10:04:00,1010,1010,1015,1015,6500
2022-03-16 10:05:00,1015,1015,1015,1015,5000
2022-03-16 10:06:00,1015,1015,1015,1015,0
2022-03-16 10:07:00,1010,1010,1010,1010,6000
2022-03-16 10:08:00,1010,1010,1010,1010,600
2022-03-16 10:09:00,1010,1010,1010,1010,5000
2022-03-16 10:10:00,1010,1010,1010,1010,0
2022-03-16 10:11:00,1010,1010,1010,1010,0
2022-03-16 10:12:00,1010,1010,1010,1010,13600
2022-03-16 10:13:00,1010,1010,1010,1010,400
2022-03-16 10:14:00,1010,1010,1010,1010,100
2022-03-16 10:15:00,1010,1010,1010,1010,0
2022-03-16 10:16:00,1010,1010,1010,1010,0
2022-03-16 10:17:00,1005,1005,1005,1005,19800
2022-03-16 10:18:00,1005,1005,1005,1005,0
2022-03-16 10:19:00,1005,1005,1005,1005,0
2022-03-16 10:20:00,1005,1005,1005,1005,0
2022-03-16 10:21:00,1005,1005,1005,1005,0
2022-03-16 10:22:00,1005,1005,1005,1005,0
2022-03-16 10:23:00,1005,1005,1005,1005,0
2022-03-16 10:24:00,1005,1005,1005,1005,0
2022-03-16 10:25:00,1005,1005,1005,1005,0
2022-03-16 10:26:00,1005,1005,1005,1005,0
2022-03-16 10:27:00,1005,1005,1005,1005,4500
2022-03-16 10:28:00,1005,1005,1005,1005,0
2022-03-16 10:29:00,1005,1005,1005,1005,2000
2022-03-16 10:30:00,1005,1005,1005,1005,0
2022-03-16 10:31:00,1005,1005,1005,1005,5400
2022-03-16 10:32:00,1005,1005,1005,1005,0
2022-03-16 10:33:00,1005,1005,1005,1005,0
2022-03-16 10:34:00,1005,1005,1005,1005,0
2022-03-16 10:35:00,1005,1005,1005,1005,0
2022-03-16 10:36:00,1005,1005,1005,1005,30000
2022-03-16 10:37:00,1010,1010,1010,1010,1000
2022-03-16 10:38:00,1010,1010,1010,1010,0
2022-03-16 10:39:00,1010,1010,1010,1010,0
2022-03-16 10:40:00,1010,1010,1010,1010,0
2022-03-16 10:41:00,1010,1010,1010,1010,1300
2022-03-16 10:42:00,1010,1010,1010,1010,0
2022-03-16 10:43:00,1010,1010,1010,1010,0
2022-03-16 10:44:00,1010,1010,1010,1010,900
2022-03-16 10:45:00,1010,1010,1010,1010,0
2022-03-16 10:46:00,1010,1010,1010,1010,0
2022-03-16 10:47:00,1010,1010,1010,1010,0
2022-03-16 10:48:00,1010,1010,1010,1010,0
2022-03-16 10:49:00,1015,1015,1015,1015,900
2022-03-16 10:50:00,1015,1015,1015,1015,0
2022-03-16 10:51:00,1015,1015,1015,1015,0
2022-03-16 10:52:00,1015,1015,1015,1015,0
2022-03-16 10:53:00,1015,1015,1015,1015,0
2022-03-16 10:54:00,1015,1015,1015,1015,0
2022-03-16 10:55:00,1015,1015,1015,1015,0
2022-03-16 10:56:00,1015,1015,1015,1015,0
2022-03-16 10:57:00,1015,1015,1015,1015,0
2022-03-16 10:58:00,1015,1015,1015,1015,0
2022-03-16 10:59:00,1015,1015,1015,1015,0
2022-03-16 11:00:00,1015,1015,1015,1015,0
2022-03-16 11:01:00,1015,1015,1015,1015,0
2022-03-16 11:02:00,1010,1010,1010,1010,223100
2022-03-16 11:03:00,1010,1010,1010,1010,441400
2022-03-16 11:04:00,1010,1010,1010,1010,187000
2022-03-16 11:05:00,1010,1010,1010,1010,221600
2022-03-16 11:06:00,1010,1010,1010,1010,0
2022-03-16 11:07:00,1010,1010,1010,1010,0
2022-03-16 11:08:00,1010,1010,1010,1010,168100
2022-03-16 11:09:00,1010,1010,1010,1010,186500
2022-03-16 11:10:00,1005,1005,1010,1010,181500
2022-03-16 11:11:00,1010,1010,1010,1010,300000
2022-03-16 11:12:00,1010,1010,1010,1010,100000
2022-03-16 11:13:00,1010,1010,1010,1010,0
2022-03-16 11:14:00,1010,1010,1010,1010,402100
2022-03-16 11:15:00,1010,1010,1015,1015,348100
2022-03-16 11:16:00,1015,1015,1015,1015,345100
2022-03-16 11:17:00,1015,1015,1015,1015,536400
2022-03-16 11:18:00,1015,1015,1015,1015,350100
2022-03-16 11:19:00,1020,1020,1020,1020,135700
2022-03-16 11:20:00,1020,1020,1025,1020,677700
2022-03-16 11:21:00,1020,1020,1025,1025,378100
2022-03-16 11:22:00,1025,1025,1025,1025,354100
2022-03-16 11:23:00,1025,1020,1025,1025,376900
2022-03-16 11:24:00,1025,1025,1035,1030,610500
2022-03-16 11:25:00,1030,1030,1030,1030,578400
2022-03-16 11:26:00,1035,1030,1035,1030,1800
2022-03-16 11:27:00,1030,1030,1030,1030,400
2022-03-16 11:28:00,1030,1030,1030,1030,11200
2022-03-16 11:29:00,1030,1030,1030,1030,5900
2022-03-16 11:30:00,1030,1030,1030,1030,100
2022-03-16 11:31:00,1030,1030,1030,1030,0
2022-03-16 11:32:00,1030,1030,1030,1030,0
2022-03-16 11:33:00,1030,1030,1030,1030,0
2022-03-16 11:34:00,1030,1030,1030,1030,0
2022-03-16 11:35:00,1030,1030,1030,1030,0
2022-03-16 11:36:00,1030,1030,1030,1030,0
2022-03-16 11:37:00,1030,1030,1030,1030,0
2022-03-16 11:38:00,1030,1030,1030,1030,0
2022-03-16 11:39:00,1030,1030,1030,1030,0
2022-03-16 11:40:00,1030,1030,1030,1030,0
2022-03-16 11:41:00,1030,1030,1030,1030,0
2022-03-16 11:42:00,1030,1030,1030,1030,0
2022-03-16 11:43:00,1030,1030,1030,1030,0
2022-03-16 11:44:00,1030,1030,1030,1030,0
2022-03-16 11:45:00,1030,1030,1030,1030,0
2022-03-16 11:46:00,1030,1030,1030,1030,0
2022-03-16 11:47:00,1030,1030,1030,1030,0
2022-03-16 11:48:00,1030,1030,1030,1030,0
2022-03-16 11:49:00,1030,1030,1030,1030,0
2022-03-16 11:50:00,1030,1030,1030,1030,0
2022-03-16 11:51:00,1030,1030,1030,1030,0
2022-03-16 11:52:00,1030,1030,1030,1030,0
2022-03-16 11:53:00,1030,1030,1030,1030,0
2022-03-16 11:54:00,1030,1030,1030,1030,0
2022-03-16 11:55:00,1030,1030,1030,1030,0
2022-03-16 11:56:00,1030,1030,1030,1030,0
2022-03-16 11:57:00,1030,1030,1030,1030,0
2022-03-16 11:58:00,1030,1030,1030,1030,0
2022-03-16 11:59:00,1030,1030,1030,1030,0
2022-03-16 12:00:00,1030,1030,1030,1030,0
2022-03-16 12:01:00,1030,1030,1030,1030,0
2022-03-16 12:02:00,1030,1030,1030,1030,0
2022-03-16 12:03:00,1030,1030,1030,1030,0
2022-03-16 12:04:00,1030,1030,1030,1030,0
2022-03-16 12:05:00,1030,1030,1030,1030,0
2022-03-16 12:06:00,1030,1030,1030,1030,0
2022-03-16 12:07:00,1030,1030,1030,1030,0
2022-03-16 12:08:00,1030,1030,1030,1030,0
2022-03-16 12:09:00,1030,1030,1030,1030,0
2022-03-16 12:10:00,1030,1030,1030,1030,0
2022-03-16 12:11:00,1030,1030,1030,1030,0
2022-03-16 12:12:00,1030,1030,1030,1030,0
2022-03-16 12:13:00,1030,1030,1030,1030,0
2022-03-16 12:14:00,1030,1030,1030,1030,0
2022-03-16 12:15:00,1030,1030,1030,1030,0
2022-03-16 12:16:00,1030,1030,1030,1030,0
2022-03-16 12:17:00,1030,1030,1030,1030,0
2022-03-16 12:18:00,1030,1030,1030,1030,0
2022-03-16 12:19:00,1030,1030,1030,1030,0
2022-03-16 12:20:00,1030,1030,1030,1030,0
2022-03-16 12:21:00,1030,1030,1030,1030,0
2022-03-16 12:22:00,1030,1030,1030,1030,0
2022-03-16 12:23:00,1030,1030,1030,1030,0
2022-03-16 12:24:00,1030,1030,1030,1030,0
2022-03-16 12:25:00,1030,1030,1030,1030,0
2022-03-16 12:26:00,1030,1030,1030,1030,0
2022-03-16 12:27:00,1030,1030,1030,1030,0
2022-03-16 12:28:00,1030,1030,1030,1030,0
2022-03-16 12:29:00,1030,1030,1030,1030,0
2022-03-16 12:30:00,1030,1030,1030,1030,0
2022-03-16 12:31:00,1030,1030,1030,1030,0
2022-03-16 12:32:00,1030,1030,1030,1030,0
2022-03-16 12:33:00,1030,1030,1030,1030,0
2022-03-16 12:34:00,1030,1030,1030,1030,0
2022-03-16 12:35:00,1030,1030,1030,1030,0
2022-03-16 12:36:00,1030,1030,1030,1030,0
2022-03-16 12:37:00,1030,1030,1030,1030,0
2022-03-16 12:38:00,1030,1030,1030,1030,0
2022-03-16 12:39:00,1030,1030,1030,1030,0
2022-03-16 12:40:00,1030,1030,1030,1030,0
2022-03-16 12:41:00,1030,1030,1030,1030,0
2022-03-16 12:42:00,1030,1030,1030,1030,0
2022-03-16 12:43:00,1030,1030,1030,1030,0
2022-03-16 12:44:00,1030,1030,1030,1030,0
2022-03-16 12:45:00,1030,1030,1030,1030,0
2022-03-16 12:46:00,1030,1030,1030,1030,0
2022-03-16 12:47:00,1030,1030,1030,1030,0
2022-03-16 12:48:00,1030,1030,1030,1030,0
2022-03-16 12:49:00,1030,1030,1030,1030,0
2022-03-16 12:50:00,1030,1030,1030,1030,0
2022-03-16 12:51:00,1030,1030,1030,1030,0
2022-03-16 12:52:00,1030,1030,1030,1030,0
2022-03-16 12:53:00,1030,1030,1030,1030,0
2022-03-16 12:54:00,1030,1030,1030,1030,0
2022-03-16 12:55:00,1030,1030,1030,1030,0
2022-03-16 12:56:00,1030,1030,1030,1030,0
2022-03-16 12:57:00,1030,1030,1030,1030,0
2022-03-16 12:58:00,1030,1030,1030,1030,0
2022-03-16 12:59:00,1030,1030,1030,1030,0
2022-03-16 13:00:00,1030,1030,1030,1030,0
2022-03-16 13:01:00,1030,1030,1030,1030,0
2022-03-16 13:02:00,1030,1030,1030,1030,0
2022-03-16 13:03:00,1030,1030,1030,1030,0
2022-03-16 13:04:00,1030,1030,1030,1030,0
2022-03-16 13:05:00,1030,1030,1030,1030,0
2022-03-16 13:06:00,1030,1030,1030,1030,0
2022-03-16 13:07:00,1030,1030,1030,1030,0
2022-03-16 13:08:00,1030,1030,1030,1030,0
2022-03-16 13:09:00,1030,1030,1030,1030,0
2022-03-16 13:10:00,1030,1030,1030,1030,0
2022-03-16 13:11:00,1030,1030,1030,1030,0
2022-03-16 13:12:00,1030,1030,1030,1030,0
2022-03-16 13:13:00,1030,1030,1030,1030,0
2022-03-16 13:14:00,1030,1030,1030,1030,0
2022-03-16 13:15:00,1030,1030,1030,1030,0
2022-03-16 13:16:00,1030,1030,1030,1030,0
2022-03-16 13:17:00,1030,1030,1030,1030,0
2022-03-16 13:18:00,1030,1030,1030,1030,0
2022-03-16 13:19:00,1030,1030,1030,1030,0
2022-03-16 13:20:00,1030,1030,1030,1030,0
2022-03-16 13:21:00,1030,1030,1030,1030,0
2022-03-16 13:22:00,1030,1030,1030,1030,0
2022-03-16 13:23:00,1030,1030,1030,1030,0
2022-03-16 13:24:00,1030,1030,1030,1030,0
2022-03-16 13:25:00,1030,1030,1030,1030,0
2022-03-16 13:26:00,1030,1030,1030,1030,0
2022-03-16 13:27:00,1030,1030,1030,1030,0
2022-03-16 13:28:00,1030,1030,1030,1030,0
2022-03-16 13:29:00,1030,1030,1030,1030,0
2022-03-16 13:30:00,1035,1035,1040,1040,158900
2022-03-16 13:31:00,1035,1035,1035,1035,2100
2022-03-16 13:32:00,1040,1040,1040,1040,233400
2022-03-16 13:33:00,1040,1040,1050,1050,853700
2022-03-16 13:34:00,1050,1040,1050,1050,80400
2022-03-16 13:35:00,1050,1045,1050,1045,35700
2022-03-16 13:36:00,1050,1050,1055,1055,357500
2022-03-16 13:37:00,1060,1050,1060,1050,201500
2022-03-16 13:38:00,1050,1050,1055,1055,512400
2022-03-16 13:39:00,1060,1055,1060,1060,399000
2022-03-16 13:40:00,1060,1055,1065,1065,624300
2022-03-16 13:41:00,1065,1060,1065,1060,46700
2022-03-16 13:42:00,1060,1060,1070,1070,473900
2022-03-16 13:43:00,1070,1065,1070,1065,252100
2022-03-16 13:44:00,1065,1060,1065,1065,447600
2022-03-16 13:45:00,1065,1065,1065,1065,4500
2022-03-16 13:46:00,1065,1065,1065,1065,0
2022-03-16 13:47:00,1065,1060,1065,1065,187000
2022-03-16 13:48:00,1065,1065,1065,1065,4200
2022-03-16 13:49:00,1065,1060,1065,1060,93400
2022-03-16 13:50:00,1065,1060,1065,1060,0
2022-03-16 13:51:00,1060,1060,1060,1060,6600
2022-03-16 13:52:00,1060,1055,1060,1055,500
2022-03-16 13:53:00,1055,1055,1055,1055,1100
2022-03-16 13:54:00,1055,1055,1055,1055,1500
2022-03-16 13:55:00,1055,1055,1055,1055,0
2022-03-16 13:56:00,1055,1055,1055,1055,1000
2022-03-16 13:57:00,1055,1055,1055,1055,5000
2022-03-16 13:58:00,1055,1055,1055,1055,200
2022-03-16 13:59:00,1060,1060,1070,1070,103400
2022-03-16 14:00:00,1075,1075,1075,1075,1500
2022-03-16 14:01:00,1075,1075,1075,1075,0
2022-03-16 14:02:00,1070,1070,1075,1070,179600
2022-03-16 14:03:00,1075,1075,1080,1080,644300
2022-03-16 14:04:00,1075,1075,1080,1075,519100
2022-03-16 14:05:00,1075,1070,1075,1075,429500
2022-03-16 14:06:00,1075,1075,1085,1085,908700
2022-03-16 14:07:00,1090,1085,1095,1095,636100
2022-03-16 14:08:00,1095,1090,1095,1095,471100
2022-03-16 14:09:00,1095,1090,1095,1095,319300
2022-03-16 14:10:00,1095,1090,1100,1100,1007700
2022-03-16 14:11:00,1105,1105,1110,1110,142500
2022-03-16 14:12:00,1115,1110,1115,1110,39400
2022-03-16 14:13:00,1110,1100,1110,1105,175600
2022-03-16 14:14:00,1105,1100,1110,1100,250000
2022-03-16 14:15:00,1100,1100,1105,1105,390100
2022-03-16 14:16:00,1105,1095,1110,1110,444800
2022-03-16 14:17:00,1105,1100,1105,1105,8100
2022-03-16 14:18:00,1105,1105,1110,1110,18800
2022-03-16 14:19:00,1110,1110,1110,1110,6000
2022-03-16 14:20:00,1105,1105,1105,1105,5100
2022-03-16 14:21:00,1105,1105,1105,1105,3400
2022-03-16 14:22:00,1105,1105,1105,1105,8100
2022-03-16 14:23:00,1105,1105,1105,1105,1500
2022-03-16 14:24:00,1100,1100,1105,1100,67900
2022-03-16 14:25:00,1095,1095,1100,1100,94700
2022-03-16 14:26:00,1100,1100,1100,1100,400
2022-03-16 14:27:00,1100,1100,1105,1100,786300
2022-03-16 14:28:00,1100,1100,1100,1100,100
2022-03-16 14:29:00,1100,1100,1100,1100,700
2022-03-16 14:30:00,1105,1100,1105,1100,11100
2022-03-16 14:31:00,1100,1100,1100,1100,3300
2022-03-16 14:32:00,1100,1100,1100,1100,15000
2022-03-16 14:33:00,1100,1100,1100,1100,8900
2022-03-16 14:34:00,1095,1095,1095,1095,11000
2022-03-16 14:35:00,1095,1095,1095,1095,0
2022-03-16 14:36:00,1100,1100,1100,1100,6800
2022-03-16 14:37:00,1100,1100,1100,1100,900
2022-03-16 14:38:00,1100,1100,1100,1100,33700
2022-03-16 14:39:00,1100,1100,1105,1100,56500
2022-03-16 14:40:00,1100,1100,1100,1100,119000
2022-03-16 14:41:00,1105,1105,1105,1105,2200
2022-03-16 14:42:00,1105,1105,1105,1105,5100
2022-03-16 14:43:00,1100,1100,1105,1100,27100
2022-03-16 14:44:00,1105,1100,1105,1100,500
2022-03-16 14:45:00,1100,1100,1100,1100,6500
2022-03-16 14:46:00,1100,1100,1100,1100,1000
2022-03-16 14:47:00,1095,1095,1100,1095,8700
2022-03-16 14:48:00,1095,1095,1100,1100,5300
2022-03-16 14:49:00,1095,1095,1095,1095,101100
2022-03-16 14:50:00,1095,1095,1095,1095,0
2022-03-16 14:51:00,1095,1095,1095,1095,0
2022-03-16 14:52:00,1095,1095,1095,1095,0
2022-03-16 14:53:00,1095,1095,1095,1095,0
2022-03-16 14:54:00,1095,1095,1095,1095,0
2022-03-16 14:55:00,1095,1095,1095,1095,0
2022-03-16 14:56:00,1095,1095,1095,1095,0
2022-03-16 14:57:00,1095,1095,1095,1095,0
2022-03-16 14:58:00,1095,1095,1095,1095,0
2022-03-16 14:59:00,1095,1095,1095,1095,0
2022-03-16 15:00:00,1110,1110,1110,1110,223400
2022-03-16 15:01:00,1110,1110,1110,1110,28100
2022-03-16 15:02:00,1110,1110,1110,1110,1000
2022-03-16 15:03:00,1110,1110,1110,1110,300
2022-03-16 15:04:00,1110,1110,1110,1110,2000
2022-03-16 15:05:00,1110,1110,1110,1110,46700
2022-03-16 15:06:00,1110,1110,1110,1110,10000
2022-03-16 15:07:00,1110,1110,1110,1110,0
2022-03-16 15:08:00,1110,1110,1110,1110,0
2022-03-16 15:09:00,1110,1110,1110,1110,5100
2022-03-16 15:10:00,1110,1110,1110,1110,0
2022-03-16 15:11:00,1110,1110,1110,1110,0
2022-03-16 15:12:00,1110,1110,1110,1110,1000
2022-03-16 15:13:00,1110,1110,1110,1110,1100
2022-03-16 15:14:00,1110,1110,1110,1110,0
2022-03-16 15:15:00,1110,1110,1110,1110,0
2022-03-16 15:16:00,1110,1110,1110,1110,0
2022-03-16 15:17:00,1110,1110,1110,1110,0
2022-03-16 15:18:00,1110,1110,1110,1110,0
2022-03-16 15:19:00,1110,1110,1110,1110,0
2022-03-16 15:20:00,1110,1110,1110,1110,0
2022-03-16 15:21:00,1110,1110,1110,1110,0
2022-03-16 15:22:00,1110,1110,1110,1110,0
2022-03-16 15:23:00,1110,1110,1110,1110,0
2022-03-16 15:24:00,1110,1110,1110,1110,0
2022-03-16 15:25:00,1110,1110,1110,1110,0
2022-03-16 15:26:00,1110,1110,1110,1110,0
2022-03-16 15:27:00,1110,1110,1110,1110,0
2022-03-16 15:28:00,1110,1110,1110,1110,0
2022-03-16 15:29:00,1110,1110,1110,1110,0
2022-03-16 15:30:00,1110,1110,1110,1110,0
2022-03-16 15:31:00,1110,1110,1110,1110,0
2022-03-16 15:32:00,1110,1110,1110,1110,0
2022-03-16 15:33:00,1110,1110,1110,1110,0
2022-03-16 15:34:00,1110,1110,1110,1110,0
2022-03-16 15:35:00,1110,1110,1110,1110,0
2022-03-16 15:36:00,1110,1110,1110,1110,0
2022-03-16 15:37:00,1110,1110,1110,1110,0
2022-03-16 15:38:00,1110,1110,1110,1110,0
2022-03-16 15:39:00,1110,1110,1110,1110,0
2022-03-16 15:40:00,1110,1110,1110,1110,0
2022-03-16 15:41:00,1110,1110,1110,1110,0
2022-03-16 15:42:00,1110,1110,1110,1110,0
2022-03-16 15:43:00,1110,1110,1110,1110,0
2022-03-16 15:44:00,1110,1110,1110,1110,0
2022-03-16 15:45:00,1110,1110,1110,1110,0
2022-03-16 15:46:00,1110,1110,1110,1110,0
2022-03-16 15:47:00,1110,1110,1110,1110,0
2022-03-16 15:48:00,1110,1110,1110,1110,0
2022-03-16 15:49:00,1110,1110,1110,1110,0
2022-03-16 15:50:00,1110,1110,1110,1110,0
2022-03-16 15:51:00,1110,1110,1110,1110,0
2022-03-16 15:52:00,1110,1110,1110,1110,0
2022-03-16 15:53:00,1110,1110,1110,1110,0
2022-03-16 15:54:00,1110,1110,1110,1110,0
2022-03-16 15:55:00,1110,1110,1110,1110,0
2022-03-16 15:56:00,1110,1110,1110,1110,0
2022-03-16 15:57:00,1110,1110,1110,1110,0
2022-03-16 15:58:00,1110,1110,1110,1110,0
2022-03-16 15:59:00,1110,1110,1110,1110,0
2022-03-17 09:00:00,1140,1110,1140,1115,0
2022-03-17 09:01:00,1115,1110,1120,1115,113500
2022-03-17 09:02:00,1115,1110,1115,1115,229000
2022-03-17 09:03:00,1115,1110,1115,1115,320000
2022-03-17 09:04:00,1110,1095,1115,1095,451700
2022-03-17 09:05:00,1095,1090,1105,1090,216300
2022-03-17 09:06:00,1090,1080,1090,1085,515200
2022-03-17 09:07:00,1085,1080,1085,1080,47100
2022-03-17 09:08:00,1080,1080,1090,1085,231300
2022-03-17 09:09:00,1080,1080,1085,1085,486200
2022-03-17 09:10:00,1080,1080,1085,1080,61400
2022-03-17 09:11:00,1085,1085,1090,1090,3300
2022-03-17 09:12:00,1090,1090,1090,1090,1000
2022-03-17 09:13:00,1085,1085,1090,1085,55700
2022-03-17 09:14:00,1085,1085,1085,1085,41900
2022-03-17 09:15:00,1085,1080,1085,1085,14900
2022-03-17 09:16:00,1085,1085,1085,1085,3500
2022-03-17 09:17:00,1080,1075,1080,1075,267900
2022-03-17 09:18:00,1075,1075,1075,1075,94400
2022-03-17 09:19:00,1075,1065,1075,1065,157700
2022-03-17 09:20:00,1070,1065,1070,1070,159700
2022-03-17 09:21:00,1070,1070,1075,1075,3400
2022-03-17 09:22:00,1075,1075,1080,1075,40500
2022-03-17 09:23:00,1070,1070,1070,1070,7000
2022-03-17 09:24:00,1075,1070,1075,1070,73000
2022-03-17 09:25:00,1080,1065,1080,1070,92900
2022-03-17 09:26:00,1065,1065,1070,1070,47500
2022-03-17 09:27:00,1070,1070,1075,1070,25900
2022-03-17 09:28:00,1070,1070,1075,1070,40400
2022-03-17 09:29:00,1070,1070,1070,1070,26100
2022-03-17 09:30:00,1070,1070,1070,1070,15900
2022-03-17 09:31:00,1070,1070,1070,1070,21900
2022-03-17 09:32:00,1070,1065,1070,1065,1800
2022-03-17 09:33:00,1065,1065,1065,1065,6600
2022-03-17 09:34:00,1065,1065,1070,1070,34900
2022-03-17 09:35:00,1065,1065,1070,1070,1300
2022-03-17 09:36:00,1070,1070,1080,1080,5500
2022-03-17 09:37:00,1080,1080,1080,1080,2200
2022-03-17 09:38:00,1075,1065,1075,1075,62600
2022-03-17 09:39:00,1075,1075,1075,1075,1900
2022-03-17 09:40:00,1070,1070,1070,1070,10000
2022-03-17 09:41:00,1070,1070,1070,1070,7200
2022-03-17 09:42:00,1070,1070,1070,1070,4800
2022-03-17 09:43:00,1070,1070,1075,1075,2800
2022-03-17 09:44:00,1070,1070,1070,1070,3300
2022-03-17 09:45:00,1075,1075,1075,1075,300
2022-03-17 09:46:00,1070,1070,1075,1075,200
2022-03-17 09:47:00,1075,1075,1075,1075,100
2022-03-17 09:48:00,1075,1075,1075,1075,8700
2022-03-17 09:49:00,1080,1080,1080,1080,200
2022-03-17 09:50:00,1080,1080,1080,1080,0
2022-03-17 09:51:00,1080,1080,1080,1080,0
2022-03-17 09:52:00,1075,1075,1075,1075,10000
2022-03-17 09:53:00,1080,1080,1080,1080,100
2022-03-17 09:54:00,1080,1080,1080,1080,4700
2022-03-17 09:55:00,1080,1080,1080,1080,1500
2022-03-17 09:56:00,1080,1080,1080,1080,1000
2022-03-17 09:57:00,1080,1080,1080,1080,10200
2022-03-17 09:58:00,1080,1080,1080,1080,0
2022-03-17 09:59:00,1080,1075,1080,1075,16300
2022-03-17 10:00:00,1075,1075,1075,1075,100
2022-03-17 10:01:00,1075,1075,1075,1075,3000
2022-03-17 10:02:00,1075,1075,1075,1075,0
2022-03-17 10:03:00,1075,1070,1075,1070,36300
2022-03-17 10:04:00,1075,1070,1075,1070,0
2022-03-17 10:05:00,1075,1070,1075,1070,0
2022-03-17 10:06:00,1070,1070,1070,1070,100
2022-03-17 10:07:00,1080,1080,1080,1080,100
2022-03-17 10:08:00,1070,1070,1075,1075,364400
2022-03-17 10:09:00,1075,1075,1075,1075,225800
2022-03-17 10:10:00,1075,1075,1075,1075,0
2022-03-17 10:11:00,1075,1075,1075,1075,100
2022-03-17 10:12:00,1075,1075,1075,1075,100
2022-03-17 10:13:00,1075,1075,1075,1075,0
2022-03-17 10:14:00,1075,1075,1075,1075,0
2022-03-17 10:15:00,1075,1075,1075,1075,100
2022-03-17 10:16:00,1070,1070,1070,1070,100
2022-03-17 10:17:00,1070,1070,1075,1075,7400
2022-03-17 10:18:00,1075,1075,1075,1075,8000
2022-03-17 10:19:00,1075,1075,1075,1075,0
2022-03-17 10:20:00,1075,1075,1075,1075,0
2022-03-17 10:21:00,1070,1070,1075,1075,3700
2022-03-17 10:22:00,1070,1070,1070,1070,1000
2022-03-17 10:23:00,1070,1070,1070,1070,0
2022-03-17 10:24:00,1070,1070,1070,1070,1000
2022-03-17 10:25:00,1070,1070,1070,1070,1900
2022-03-17 10:26:00,1070,1070,1070,1070,0
2022-03-17 10:27:00,1070,1070,1070,1070,0
2022-03-17 10:28:00,1070,1070,1070,1070,0
2022-03-17 10:29:00,1065,1065,1065,1065,4100
2022-03-17 10:30:00,1065,1065,1065,1065,57200
2022-03-17 10:31:00,1065,1065,1065,1065,0
2022-03-17 10:32:00,1065,1065,1065,1065,0
2022-03-17 10:33:00,1065,1065,1065,1065,300
2022-03-17 10:34:00,1065,1065,1065,1065,5200
2022-03-17 10:35:00,1065,1065,1065,1065,0
2022-03-17 10:36:00,1065,1065,1065,1065,0
2022-03-17 10:37:00,1065,1065,1065,1065,800
2022-03-17 10:38:00,1065,1065,1065,1065,0
2022-03-17 10:39:00,1065,1065,1065,1065,2400
2022-03-17 10:40:00,1065,1065,1065,1065,35400
2022-03-17 10:41:00,1065,1065,1065,1065,9500
2022-03-17 10:42:00,1065,1065,1070,1065,3900
2022-03-17 10:43:00,1065,1065,1070,1065,0
2022-03-17 10:44:00,1065,1065,1070,1065,0
2022-03-17 10:45:00,1065,1065,1065,1065,5300
2022-03-17 10:46:00,1065,1065,1065,1065,0
2022-03-17 10:47:00,1065,1065,1065,1065,1100
2022-03-17 10:48:00,1070,1070,1070,1070,13500
2022-03-17 10:49:00,1070,1070,1070,1070,2500
2022-03-17 10:50:00,1070,1070,1070,1070,0
2022-03-17 10:51:00,1070,1065,1070,1070,1700
2022-03-17 10:52:00,1070,1065,1070,1070,0
2022-03-17 10:53:00,1070,1070,1070,1070,8800
2022-03-17 10:54:00,1070,1070,1070,1070,1500
2022-03-17 10:55:00,1070,1070,1070,1070,800
2022-03-17 10:56:00,1070,1070,1070,1070,300
2022-03-17 10:57:00,1070,1070,1070,1070,101300
2022-03-17 10:58:00,1070,1065,1070,1065,47800
2022-03-17 10:59:00,1065,1065,1065,1065,2000
2022-03-17 11:00:00,1065,1065,1065,1065,1200
2022-03-17 11:01:00,1065,1065,1070,1070,28400
2022-03-17 11:02:00,1065,1065,1070,1070,0
2022-03-17 11:03:00,1070,1065,1070,1065,93400
2022-03-17 11:04:00,1070,1070,1075,1075,28000
2022-03-17 11:05:00,1070,1070,1075,1075,0
2022-03-17 11:06:00,1070,1070,1075,1075,0
2022-03-17 11:07:00,1065,1065,1065,1065,68700
2022-03-17 11:08:00,1065,1065,1065,1065,17400
2022-03-17 11:09:00,1065,1065,1065,1065,2000
2022-03-17 11:10:00,1065,1065,1065,1065,0
2022-03-17 11:11:00,1065,1065,1065,1065,0
2022-03-17 11:12:00,1065,1065,1065,1065,2500
2022-03-17 11:13:00,1065,1065,1065,1065,0
2022-03-17 11:14:00,1065,1065,1065,1065,0
2022-03-17 11:15:00,1065,1065,1065,1065,0
2022-03-17 11:16:00,1070,1070,1070,1070,100
2022-03-17 11:17:00,1070,1070,1070,1070,1000
2022-03-17 11:18:00,1070,1070,1070,1070,100
2022-03-17 11:19:00,1070,1070,1070,1070,0
2022-03-17 11:20:00,1070,1070,1070,1070,0
2022-03-17 11:21:00,1070,1070,1070,1070,4700
2022-03-17 11:22:00,1065,1065,1065,1065,100
2022-03-17 11:23:00,1065,1065,1065,1065,2000
2022-03-17 11:24:00,1065,1065,1065,1065,0
2022-03-17 11:25:00,1065,1065,1065,1065,0
2022-03-17 11:26:00,1065,1065,1065,1065,0
2022-03-17 11:27:00,1065,1065,1065,1065,0
2022-03-17 11:28:00,1065,1065,1065,1065,0
2022-03-17 11:29:00,1065,1065,1065,1065,0
2022-03-17 11:30:00,1065,1065,1065,1065,0
2022-03-17 11:31:00,1065,1065,1065,1065,0
2022-03-17 11:32:00,1065,1065,1065,1065,0
2022-03-17 11:33:00,1065,1065,1065,1065,0
2022-03-17 11:34:00,1065,1065,1065,1065,0
2022-03-17 11:35:00,1065,1065,1065,1065,0
2022-03-17 11:36:00,1065,1065,1065,1065,0
2022-03-17 11:37:00,1065,1065,1065,1065,0
2022-03-17 11:38:00,1065,1065,1065,1065,0
2022-03-17 11:39:00,1065,1065,1065,1065,0
2022-03-17 11:40:00,1065,1065,1065,1065,0
2022-03-17 11:41:00,1065,1065,1065,1065,0
2022-03-17 11:42:00,1065,1065,1065,1065,0
2022-03-17 11:43:00,1065,1065,1065,1065,0
2022-03-17 11:44:00,1065,1065,1065,1065,0
2022-03-17 11:45:00,1065,1065,1065,1065,0
2022-03-17 11:46:00,1065,1065,1065,1065,0
2022-03-17 11:47:00,1065,1065,1065,1065,0
2022-03-17 11:48:00,1065,1065,1065,1065,0
2022-03-17 11:49:00,1065,1065,1065,1065,0
2022-03-17 11:50:00,1065,1065,1065,1065,0
2022-03-17 11:51:00,1065,1065,1065,1065,0
2022-03-17 11:52:00,1065,1065,1065,1065,0
2022-03-17 11:53:00,1065,1065,1065,1065,0
2022-03-17 11:54:00,1065,1065,1065,1065,0
2022-03-17 11:55:00,1065,1065,1065,1065,0
2022-03-17 11:56:00,1065,1065,1065,1065,0
2022-03-17 11:57:00,1065,1065,1065,1065,0
2022-03-17 11:58:00,1065,1065,1065,1065,0
2022-03-17 11:59:00,1065,1065,1065,1065,0
2022-03-17 12:00:00,1065,1065,1065,1065,0
2022-03-17 12:01:00,1065,1065,1065,1065,0
2022-03-17 12:02:00,1065,1065,1065,1065,0
2022-03-17 12:03:00,1065,1065,1065,1065,0
2022-03-17 12:04:00,1065,1065,1065,1065,0
2022-03-17 12:05:00,1065,1065,1065,1065,0
2022-03-17 12:06:00,1065,1065,1065,1065,0
2022-03-17 12:07:00,1065,1065,1065,1065,0
2022-03-17 12:08:00,1065,1065,1065,1065,0
2022-03-17 12:09:00,1065,1065,1065,1065,0
2022-03-17 12:10:00,1065,1065,1065,1065,0
2022-03-17 12:11:00,1065,1065,1065,1065,0
2022-03-17 12:12:00,1065,1065,1065,1065,0
2022-03-17 12:13:00,1065,1065,1065,1065,0
2022-03-17 12:14:00,1065,1065,1065,1065,0
2022-03-17 12:15:00,1065,1065,1065,1065,0
2022-03-17 12:16:00,1065,1065,1065,1065,0
2022-03-17 12:17:00,1065,1065,1065,1065,0
2022-03-17 12:18:00,1065,1065,1065,1065,0
2022-03-17 12:19:00,1065,1065,1065,1065,0
2022-03-17 12:20:00,1065,1065,1065,1065,0
2022-03-17 12:21:00,1065,1065,1065,1065,0
2022-03-17 12:22:00,1065,1065,1065,1065,0
2022-03-17 12:23:00,1065,1065,1065,1065,0
2022-03-17 12:24:00,1065,1065,1065,1065,0
2022-03-17 12:25:00,1065,1065,1065,1065,0
2022-03-17 12:26:00,1065,1065,1065,1065,0
2022-03-17 12:27:00,1065,1065,1065,1065,0
2022-03-17 12:28:00,1065,1065,1065,1065,0
2022-03-17 12:29:00,1065,1065,1065,1065,0
2022-03-17 12:30:00,1065,1065,1065,1065,0
2022-03-17 12:31:00,1065,1065,1065,1065,0
2022-03-17 12:32:00,1065,1065,1065,1065,0
2022-03-17 12:33:00,1065,1065,1065,1065,0
2022-03-17 12:34:00,1065,1065,1065,1065,0
2022-03-17 12:35:00,1065,1065,1065,1065,0
2022-03-17 12:36:00,1065,1065,1065,1065,0
2022-03-17 12:37:00,1065,1065,1065,1065,0
2022-03-17 12:38:00,1065,1065,1065,1065,0
2022-03-17 12:39:00,1065,1065,1065,1065,0
2022-03-17 12:40:00,1065,1065,1065,1065,0
2022-03-17 12:41:00,1065,1065,1065,1065,0
2022-03-17 12:42:00,1065,1065,1065,1065,0
2022-03-17 12:43:00,1065,1065,1065,1065,0
2022-03-17 12:44:00,1065,1065,1065,1065,0
2022-03-17 12:45:00,1065,1065,1065,1065,0
2022-03-17 12:46:00,1065,1065,1065,1065,0
2022-03-17 12:47:00,1065,1065,1065,1065,0
2022-03-17 12:48:00,1065,1065,1065,1065,0
2022-03-17 12:49:00,1065,1065,1065,1065,0
2022-03-17 12:50:00,1065,1065,1065,1065,0
2022-03-17 12:51:00,1065,1065,1065,1065,0
2022-03-17 12:52:00,1065,1065,1065,1065,0
2022-03-17 12:53:00,1065,1065,1065,1065,0
2022-03-17 12:54:00,1065,1065,1065,1065,0
2022-03-17 12:55:00,1065,1065,1065,1065,0
2022-03-17 12:56:00,1065,1065,1065,1065,0
2022-03-17 12:57:00,1065,1065,1065,1065,0
2022-03-17 12:58:00,1065,1065,1065,1065,0
2022-03-17 12:59:00,1065,1065,1065,1065,0
2022-03-17 13:00:00,1065,1065,1065,1065,0
2022-03-17 13:01:00,1065,1065,1065,1065,0
2022-03-17 13:02:00,1065,1065,1065,1065,0
2022-03-17 13:03:00,1065,1065,1065,1065,0
2022-03-17 13:04:00,1065,1065,1065,1065,0
2022-03-17 13:05:00,1065,1065,1065,1065,0
2022-03-17 13:06:00,1065,1065,1065,1065,0
2022-03-17 13:07:00,1065,1065,1065,1065,0
2022-03-17 13:08:00,1065,1065,1065,1065,0
2022-03-17 13:09:00,1065,1065,1065,1065,0
2022-03-17 13:10:00,1065,1065,1065,1065,0
2022-03-17 13:11:00,1065,1065,1065,1065,0
2022-03-17 13:12:00,1065,1065,1065,1065,0
2022-03-17 13:13:00,1065,1065,1065,1065,0
2022-03-17 13:14:00,1065,1065,1065,1065,0
2022-03-17 13:15:00,1065,1065,1065,1065,0
2022-03-17 13:16:00,1065,1065,1065,1065,0
2022-03-17 13:17:00,1065,1065,1065,1065,0
2022-03-17 13:18:00,1065,1065,1065,1065,0
2022-03-17 13:19:00,1065,1065,1065,1065,0
2022-03-17 13:20:00,1065,1065,1065,1065,0
2022-03-17 13:21:00,1065,1065,1065,1065,0
2022-03-17 13:22:00,1065,1065,1065,1065,0
2022-03-17 13:23:00,1065,1065,1065,1065,0
2022-03-17 13:24:00,1065,1065,1065,1065,0
2022-03-17 13:25:00,1065,1065,1065,1065,0
2022-03-17 13:26:00,1065,1065,1065,1065,0
2022-03-17 13:27:00,1065,1065,1065,1065,0
2022-03-17 13:28:00,1065,1065,1065,1065,0
2022-03-17 13:29:00,1065,1065,1065,1065,0
2022-03-17 13:30:00,1065,1065,1070,1070,13200
2022-03-17 13:31:00,1070,1070,1070,1070,100
2022-03-17 13:32:00,1070,1070,1070,1070,0
2022-03-17 13:33:00,1070,1070,1070,1070,0
2022-03-17 13:34:00,1070,1070,1070,1070,0
2022-03-17 13:35:00,1070,1070,1070,1070,500
2022-03-17 13:36:00,1065,1065,1065,1065,200
2022-03-17 13:37:00,1065,1065,1065,1065,0
2022-03-17 13:38:00,1065,1065,1065,1065,0
2022-03-17 13:39:00,1065,1065,1065,1065,1200
2022-03-17 13:40:00,1070,1070,1070,1070,157500
2022-03-17 13:41:00,1070,1065,1070,1070,106300
2022-03-17 13:42:00,1070,1070,1070,1070,394400
2022-03-17 13:43:00,1070,1070,1070,1070,173800
2022-03-17 13:44:00,1070,1050,1070,1050,618900
2022-03-17 13:45:00,1055,1050,1055,1050,846900
2022-03-17 13:46:00,1050,1045,1055,1055,275900
2022-03-17 13:47:00,1060,1055,1060,1060,15100
2022-03-17 13:48:00,1060,1060,1070,1065,338100
2022-03-17 13:49:00,1065,1065,1070,1070,107100
2022-03-17 13:50:00,1070,1065,1070,1065,28500
2022-03-17 13:51:00,1060,1060,1065,1065,3100
2022-03-17 13:52:00,1060,1060,1065,1065,0
2022-03-17 13:53:00,1060,1060,1060,1060,1000
2022-03-17 13:54:00,1065,1065,1065,1065,10000
2022-03-17 13:55:00,1065,1065,1065,1065,500
2022-03-17 13:56:00,1065,1065,1065,1065,0
2022-03-17 13:57:00,1060,1060,1060,1060,500
2022-03-17 13:58:00,1060,1060,1060,1060,0
2022-03-17 13:59:00,1060,1060,1060,1060,0
2022-03-17 14:00:00,1060,1060,1060,1060,0
2022-03-17 14:01:00,1060,1060,1065,1065,500
2022-03-17 14:02:00,1060,1055,1060,1055,97500
2022-03-17 14:03:00,1055,1045,1055,1050,342600
2022-03-17 14:04:00,1050,1050,1055,1055,118500
2022-03-17 14:05:00,1050,1050,1055,1055,41900
2022-03-17 14:06:00,1050,1050,1050,1050,300
2022-03-17 14:07:00,1055,1050,1055,1050,1400
2022-03-17 14:08:00,1055,1050,1055,1050,0
2022-03-17 14:09:00,1055,1050,1055,1055,1200
2022-03-17 14:10:00,1055,1050,1055,1055,0
2022-03-17 14:11:00,1055,1055,1055,1055,100
2022-03-17 14:12:00,1055,1055,1055,1055,4400
2022-03-17 14:13:00,1055,1050,1055,1050,15400
2022-03-17 14:14:00,1050,1050,1050,1050,6200
2022-03-17 14:15:00,1055,1055,1055,1055,500
2022-03-17 14:16:00,1055,1050,1060,1050,19100
2022-03-17 14:17:00,1050,1050,1050,1050,40600
2022-03-17 14:18:00,1050,1050,1050,1050,36000
2022-03-17 14:19:00,1055,1050,1055,1050,92800
2022-03-17 14:20:00,1050,1045,1055,1055,37900
2022-03-17 14:21:00,1055,1055,1060,1055,1000
2022-03-17 14:22:00,1055,1055,1055,1055,1800
2022-03-17 14:23:00,1055,1055,1060,1060,5500
2022-03-17 14:24:00,1055,1055,1055,1055,2300
2022-03-17 14:25:00,1055,1055,1055,1055,1400
2022-03-17 14:26:00,1055,1055,1055,1055,0
2022-03-17 14:27:00,1055,1055,1055,1055,1400
2022-03-17 14:28:00,1055,1050,1055,1050,1700
2022-03-17 14:29:00,1050,1050,1050,1050,500
2022-03-17 14:30:00,1055,1055,1055,1055,500
2022-03-17 14:31:00,1055,1055,1055,1055,0
2022-03-17 14:32:00,1055,1055,1055,1055,100
2022-03-17 14:33:00,1055,1055,1055,1055,0
2022-03-17 14:34:00,1050,1050,1050,1050,800
2022-03-17 14:35:00,1050,1050,1050,1050,100
2022-03-17 14:36:00,1050,1050,1050,1050,1000
2022-03-17 14:37:00,1055,1055,1055,1055,9600
2022-03-17 14:38:00,1050,1050,1050,1050,1000
2022-03-17 14:39:00,1050,1050,1050,1050,15900
2022-03-17 14:40:00,1050,1050,1050,1050,3800
2022-03-17 14:41:00,1050,1050,1050,1050,14500
2022-03-17 14:42:00,1050,1045,1050,1050,413600
2022-03-17 14:43:00,1050,1045,1055,1055,108600
2022-03-17 14:44:00,1050,1050,1050,1050,2400
2022-03-17 14:45:00,1050,1050,1050,1050,1000
2022-03-17 14:46:00,1050,1050,1050,1050,2100
2022-03-17 14:47:00,1050,1050,1055,1050,8000
2022-03-17 14:48:00,1055,1050,1055,1050,41100
2022-03-17 14:49:00,1050,1045,1050,1045,172600
2022-03-17 14:50:00,1045,1045,1045,1045,1900
2022-03-17 14:51:00,1045,1045,1045,1045,0
2022-03-17 14:52:00,1045,1045,1045,1045,0
2022-03-17 14:53:00,1045,1045,1045,1045,0
2022-03-17 14:54:00,1045,1045,1045,1045,0
2022-03-17 14:55:00,1045,1045,1045,1045,0
2022-03-17 14:56:00,1045,1045,1045,1045,0
2022-03-17 14:57:00,1045,1045,1045,1045,0
2022-03-17 14:58:00,1045,1045,1045,1045,0
2022-03-17 14:59:00,1045,1045,1045,1045,0
2022-03-17 15:00:00,1050,1050,1050,1050,38000
2022-03-17 15:01:00,1050,1050,1050,1050,429200
2022-03-17 15:02:00,1050,1050,1050,1050,24500
2022-03-17 15:03:00,1050,1050,1050,1050,1500
2022-03-17 15:04:00,1050,1050,1050,1050,200
2022-03-17 15:05:00,1050,1050,1050,1050,1000
2022-03-17 15:06:00,1050,1050,1050,1050,200
2022-03-17 15:07:00,1050,1050,1050,1050,800
2022-03-17 15:08:00,1050,1050,1050,1050,100
2022-03-17 15:09:00,1050,1050,1050,1050,500
2022-03-17 15:10:00,1050,1050,1050,1050,300
2022-03-17 15:11:00,1050,1050,1050,1050,100
2022-03-17 15:12:00,1050,1050,1050,1050,2900
2022-03-17 15:13:00,1050,1050,1050,1050,0
2022-03-17 15:14:00,1050,1050,1050,1050,0
2022-03-17 15:15:00,1050,1050,1050,1050,0
2022-03-17 15:16:00,1050,1050,1050,1050,0
2022-03-17 15:17:00,1050,1050,1050,1050,0
2022-03-17 15:18:00,1050,1050,1050,1050,0
2022-03-17 15:19:00,1050,1050,1050,1050,0
2022-03-17 15:20:00,1050,1050,1050,1050,0
2022-03-17 15:21:00,1050,1050,1050,1050,0
2022-03-17 15:22:00,1050,1050,1050,1050,0
2022-03-17 15:23:00,1050,1050,1050,1050,0
2022-03-17 15:24:00,1050,1050,1050,1050,0
2022-03-17 15:25:00,1050,1050,1050,1050,0
2022-03-17 15:26:00,1050,1050,1050,1050,0
2022-03-17 15:27:00,1050,1050,1050,1050,0
2022-03-17 15:28:00,1050,1050,1050,1050,0
2022-03-17 15:29:00,1050,1050,1050,1050,0
2022-03-17 15:30:00,1050,1050,1050,1050,0
2022-03-17 15:31:00,1050,1050,1050,1050,0
2022-03-17 15:32:00,1050,1050,1050,1050,0
2022-03-17 15:33:00,1050,1050,1050,1050,0
2022-03-17 15:34:00,1050,1050,1050,1050,0
2022-03-17 15:35:00,1050,1050,1050,1050,0
2022-03-17 15:36:00,1050,1050,1050,1050,0
2022-03-17 15:37:00,1050,1050,1050,1050,0
2022-03-17 15:38:00,1050,1050,1050,1050,0
2022-03-17 15:39:00,1050,1050,1050,1050,0
2022-03-17 15:40:00,1050,1050,1050,1050,0
2022-03-17 15:41:00,1050,1050,1050,1050,0
2022-03-17 15:42:00,1050,1050,1050,1050,0
2022-03-17 15:43:00,1050,1050,1050,1050,0
2022-03-17 15:44:00,1050,1050,1050,1050,0
2022-03-17 15:45:00,1050,1050,1050,1050,0
2022-03-17 15:46:00,1050,1050,1050,1050,0
2022-03-17 15:47:00,1050,1050,1050,1050,0
2022-03-17 15:48:00,1050,1050,1050,1050,0
2022-03-17 15:49:00,1050,1050,1050,1050,0
2022-03-17 15:50:00,1050,1050,1050,1050,0
2022-03-17 15:51:00,1050,1050,1050,1050,0
2022-03-17 15:52:00,1050,1050,1050,1050,0
2022-03-17 15:53:00,1050,1050,1050,1050,0
2022-03-17 15:54:00,1050,1050,1050,1050,0
2022-03-17 15:55:00,1050,1050,1050,1050,0
2022-03-17 15:56:00,1050,1050,1050,1050,0
2022-03-17 15:57:00,1050,1050,1050,1050,0
2022-03-17 15:58:00,1050,1050,1050,1050,0
2022-03-17 15:59:00,1050,1050,1050,1050,0
2022-03-18 09:00:00,1050,1050,1060,1060,0
2022-03-18 09:01:00,1060,1055,1060,1055,20700
2022-03-18 09:02:00,1055,1050,1055,1050,16200
2022-03-18 09:03:00,1050,1050,1050,1050,400
2022-03-18 09:04:00,1050,1050,1050,1050,30200
2022-03-18 09:05:00,1050,1050,1050,1050,0
2022-03-18 09:06:00,1050,1050,1050,1050,2900
2022-03-18 09:07:00,1050,1035,1050,1035,148200
2022-03-18 09:08:00,1030,1025,1035,1035,157400
2022-03-18 09:09:00,1035,1030,1050,1050,540900
2022-03-18 09:10:00,1040,1035,1045,1045,308200
2022-03-18 09:11:00,1045,1045,1050,1045,154500
2022-03-18 09:12:00,1045,1015,1050,1020,684400
2022-03-18 09:13:00,1020,1020,1030,1020,298600
2022-03-18 09:14:00,1025,1015,1025,1020,400900
2022-03-18 09:15:00,1020,1015,1020,1020,1400
2022-03-18 09:16:00,1015,1015,1020,1020,29700
2022-03-18 09:17:00,1020,1020,1020,1020,26800
2022-03-18 09:18:00,1020,1015,1020,1020,23400
2022-03-18 09:19:00,1015,1015,1020,1020,10600
2022-03-18 09:20:00,1015,1015,1015,1015,70300
2022-03-18 09:21:00,1015,1015,1015,1015,10900
2022-03-18 09:22:00,1015,1015,1015,1015,8500
2022-03-18 09:23:00,1015,1015,1015,1015,2000
2022-03-18 09:24:00,1015,1015,1020,1015,20400
2022-03-18 09:25:00,1020,1020,1020,1020,1300
2022-03-18 09:26:00,1020,1020,1020,1020,0
2022-03-18 09:27:00,1020,1020,1020,1020,0
2022-03-18 09:28:00,1015,1015,1015,1015,4000
2022-03-18 09:29:00,1015,1015,1015,1015,10100
2022-03-18 09:30:00,1015,1015,1015,1015,0
2022-03-18 09:31:00,1015,1010,1015,1015,30600
2022-03-18 09:32:00,1015,1010,1015,1010,110400
2022-03-18 09:33:00,1010,1010,1010,1010,5400
2022-03-18 09:34:00,1010,1010,1010,1010,100
2022-03-18 09:35:00,1010,1005,1010,1010,66000
2022-03-18 09:36:00,1010,1005,1010,1005,109500
2022-03-18 09:37:00,1010,1005,1010,1005,6100
2022-03-18 09:38:00,1005,1005,1005,1005,20300
2022-03-18 09:39:00,1005,1000,1010,1010,157600
2022-03-18 09:40:00,1010,1010,1010,1010,2000
2022-03-18 09:41:00,1005,1005,1005,1005,7000
2022-03-18 09:42:00,1005,1005,1005,1005,9700
2022-03-18 09:43:00,1005,1005,1005,1005,0
2022-03-18 09:44:00,1005,1000,1010,1010,26300
2022-03-18 09:45:00,1010,1010,1010,1010,1200
2022-03-18 09:46:00,1010,1010,1010,1010,0
2022-03-18 09:47:00,1010,1010,1010,1010,50000
2022-03-18 09:48:00,1015,1015,1015,1015,100
2022-03-18 09:49:00,1015,1015,1015,1015,0
2022-03-18 09:50:00,1015,1015,1015,1015,2000
2022-03-18 09:51:00,1015,1015,1015,1015,0
2022-03-18 09:52:00,1015,1015,1015,1015,0
2022-03-18 09:53:00,1015,1015,1015,1015,0
2022-03-18 09:54:00,1015,1015,1015,1015,1100
2022-03-18 09:55:00,1015,1010,1015,1010,2000
2022-03-18 09:56:00,1010,1010,1010,1010,500
2022-03-18 09:57:00,1010,1010,1010,1010,1000
2022-03-18 09:58:00,1015,1015,1015,1015,1300
2022-03-18 09:59:00,1015,1015,1015,1015,0
2022-03-18 10:00:00,1015,1015,1015,1015,0
2022-03-18 10:01:00,1015,1015,1015,1015,2500
2022-03-18 10:02:00,1015,1015,1020,1020,1900
2022-03-18 10:03:00,1015,1015,1020,1020,0
2022-03-18 10:04:00,1020,1020,1020,1020,10600
2022-03-18 10:05:00,1020,1020,1020,1020,500
2022-03-18 10:06:00,1015,1015,1015,1015,22000
2022-03-18 10:07:00,1015,1015,1015,1015,0
2022-03-18 10:08:00,1015,1015,1015,1015,1900
2022-03-18 10:09:00,1015,1015,1015,1015,1000
2022-03-18 10:10:00,1015,1015,1015,1015,1300
2022-03-18 10:11:00,1015,1015,1015,1015,0
2022-03-18 10:12:00,1020,1015,1020,1015,4200
2022-03-18 10:13:00,1010,1010,1015,1015,2500
2022-03-18 10:14:00,1010,1010,1015,1015,0
2022-03-18 10:15:00,1015,1010,1015,1010,500
2022-03-18 10:16:00,1015,1010,1015,1010,0
2022-03-18 10:17:00,1015,1015,1015,1015,100
2022-03-18 10:18:00,1010,1010,1015,1015,10100
2022-03-18 10:19:00,1010,1010,1010,1010,15900
2022-03-18 10:20:00,1010,1010,1010,1010,0
2022-03-18 10:21:00,1010,1010,1010,1010,0
2022-03-18 10:22:00,1010,1010,1010,1010,0
2022-03-18 10:23:00,1010,1010,1010,1010,0
2022-03-18 10:24:00,1010,1010,1010,1010,0
2022-03-18 10:25:00,1010,1010,1010,1010,0
2022-03-18 10:26:00,1010,1010,1010,1010,0
2022-03-18 10:27:00,1015,1015,1020,1020,15700
2022-03-18 10:28:00,1020,1020,1020,1020,50000
2022-03-18 10:29:00,1020,1020,1020,1020,0
2022-03-18 10:30:00,1020,1020,1020,1020,0
2022-03-18 10:31:00,1025,1025,1025,1025,100
2022-03-18 10:32:00,1020,1020,1020,1020,3200
2022-03-18 10:33:00,1020,1020,1020,1020,500
2022-03-18 10:34:00,1025,1025,1025,1025,15000
2022-03-18 10:35:00,1025,1025,1025,1025,1000
2022-03-18 10:36:00,1020,1020,1020,1020,50400
2022-03-18 10:37:00,1015,1015,1025,1025,300
2022-03-18 10:38:00,1015,1015,1025,1025,0
2022-03-18 10:39:00,1015,1015,1025,1025,0
2022-03-18 10:40:00,1025,1025,1025,1025,1200
2022-03-18 10:41:00,1025,1025,1025,1025,100
2022-03-18 10:42:00,1025,1020,1025,1020,2200
2022-03-18 10:43:00,1025,1020,1025,1020,0
2022-03-18 10:44:00,1025,1020,1025,1020,0
2022-03-18 10:45:00,1020,1020,1020,1020,100
2022-03-18 10:46:00,1020,1020,1020,1020,100000
2022-03-18 10:47:00,1020,1010,1020,1010,145800
2022-03-18 10:48:00,1010,1010,1015,1015,101000
2022-03-18 10:49:00,1020,1020,1020,1020,126200
2022-03-18 10:50:00,1020,1010,1020,1010,228000
2022-03-18 10:51:00,1020,1010,1020,1010,0
2022-03-18 10:52:00,1020,1010,1020,1010,0
2022-03-18 10:53:00,1010,1010,1010,1010,43700
2022-03-18 10:54:00,1010,1010,1010,1010,5000
2022-03-18 10:55:00,1010,1010,1010,1010,0
2022-03-18 10:56:00,1010,1010,1010,1010,0
2022-03-18 10:57:00,1010,1010,1010,1010,0
2022-03-18 10:58:00,1010,1010,1010,1010,2000
2022-03-18 10:59:00,1010,1010,1010,1010,0
2022-03-18 11:00:00,1010,1010,1010,1010,300
2022-03-18 11:01:00,1010,1010,1010,1010,0
2022-03-18 11:02:00,1010,1010,1010,1010,0
2022-03-18 11:03:00,1010,1010,1010,1010,100
2022-03-18 11:04:00,1010,1010,1010,1010,0
2022-03-18 11:05:00,1010,1010,1010,1010,0
2022-03-18 11:06:00,1010,1010,1010,1010,0
2022-03-18 11:07:00,1015,1015,1015,1015,2000
2022-03-18 11:08:00,1010,1010,1010,1010,300
2022-03-18 11:09:00,1010,1010,1010,1010,0
2022-03-18 11:10:00,1010,1010,1010,1010,200
2022-03-18 11:11:00,1010,1010,1010,1010,0
2022-03-18 11:12:00,1010,1010,1010,1010,0
2022-03-18 11:13:00,1015,1015,1015,1015,2000
2022-03-18 11:14:00,1015,1015,1015,1015,0
2022-03-18 11:15:00,1015,1015,1015,1015,0
2022-03-18 11:16:00,1015,1015,1015,1015,0
2022-03-18 11:17:00,1015,1015,1015,1015,5000
2022-03-18 11:18:00,1015,1015,1015,1015,0
2022-03-18 11:19:00,1015,1015,1015,1015,0
2022-03-18 11:20:00,1015,1015,1015,1015,0
2022-03-18 11:21:00,1015,1015,1015,1015,0
2022-03-18 11:22:00,1015,1015,1015,1015,100
2022-03-18 11:23:00,1015,1015,1015,1015,0
2022-03-18 11:24:00,1015,1015,1015,1015,0
2022-03-18 11:25:00,1015,1015,1015,1015,0
2022-03-18 11:26:00,1015,1015,1015,1015,0
2022-03-18 11:27:00,1015,1015,1015,1015,24200
2022-03-18 11:28:00,1015,1015,1015,1015,0
2022-03-18 11:29:00,1015,1015,1015,1015,0
2022-03-18 11:30:00,1015,1015,1015,1015,0
2022-03-18 11:31:00,1015,1015,1015,1015,0
2022-03-18 11:32:00,1015,1015,1015,1015,0
2022-03-18 11:33:00,1015,1015,1015,1015,0
2022-03-18 11:34:00,1015,1015,1015,1015,0
2022-03-18 11:35:00,1015,1015,1015,1015,0
2022-03-18 11:36:00,1015,1015,1015,1015,0
2022-03-18 11:37:00,1015,1015,1015,1015,0
2022-03-18 11:38:00,1015,1015,1015,1015,0
2022-03-18 11:39:00,1015,1015,1015,1015,0
2022-03-18 11:40:00,1015,1015,1015,1015,0
2022-03-18 11:41:00,1015,1015,1015,1015,0
2022-03-18 11:42:00,1015,1015,1015,1015,0
2022-03-18 11:43:00,1015,1015,1015,1015,0
2022-03-18 11:44:00,1015,1015,1015,1015,0
2022-03-18 11:45:00,1015,1015,1015,1015,0
2022-03-18 11:46:00,1015,1015,1015,1015,0
2022-03-18 11:47:00,1015,1015,1015,1015,0
2022-03-18 11:48:00,1015,1015,1015,1015,0
2022-03-18 11:49:00,1015,1015,1015,1015,0
2022-03-18 11:50:00,1015,1015,1015,1015,0
2022-03-18 11:51:00,1015,1015,1015,1015,0
2022-03-18 11:52:00,1015,1015,1015,1015,0
2022-03-18 11:53:00,1015,1015,1015,1015,0
2022-03-18 11:54:00,1015,1015,1015,1015,0
2022-03-18 11:55:00,1015,1015,1015,1015,0
2022-03-18 11:56:00,1015,1015,1015,1015,0
2022-03-18 11:57:00,1015,1015,1015,1015,0
2022-03-18 11:58:00,1015,1015,1015,1015,0
2022-03-18 11:59:00,1015,1015,1015,1015,0
2022-03-18 12:00:00,1015,1015,1015,1015,0
2022-03-18 12:01:00,1015,1015,1015,1015,0
2022-03-18 12:02:00,1015,1015,1015,1015,0
2022-03-18 12:03:00,1015,1015,1015,1015,0
2022-03-18 12:04:00,1015,1015,1015,1015,0
2022-03-18 12:05:00,1015,1015,1015,1015,0
2022-03-18 12:06:00,1015,1015,1015,1015,0
2022-03-18 12:07:00,1015,1015,1015,1015,0
2022-03-18 12:08:00,1015,1015,1015,1015,0
2022-03-18 12:09:00,1015,1015,1015,1015,0
2022-03-18 12:10:00,1015,1015,1015,1015,0
2022-03-18 12:11:00,1015,1015,1015,1015,0
2022-03-18 12:12:00,1015,1015,1015,1015,0
2022-03-18 12:13:00,1015,1015,1015,1015,0
2022-03-18 12:14:00,1015,1015,1015,1015,0
2022-03-18 12:15:00,1015,1015,1015,1015,0
2022-03-18 12:16:00,1015,1015,1015,1015,0
2022-03-18 12:17:00,1015,1015,1015,1015,0
2022-03-18 12:18:00,1015,1015,1015,1015,0
2022-03-18 12:19:00,1015,1015,1015,1015,0
2022-03-18 12:20:00,1015,1015,1015,1015,0
2022-03-18 12:21:00,1015,1015,1015,1015,0
2022-03-18 12:22:00,1015,1015,1015,1015,0
2022-03-18 12:23:00,1015,1015,1015,1015,0
2022-03-18 12:24:00,1015,1015,1015,1015,0
2022-03-18 12:25:00,1015,1015,1015,1015,0
2022-03-18 12:26:00,1015,1015,1015,1015,0
2022-03-18 12:27:00,1015,1015,1015,1015,0
2022-03-18 12:28:00,1015,1015,1015,1015,0
2022-03-18 12:29:00,1015,1015,1015,1015,0
2022-03-18 12:30:00,1015,1015,1015,1015,0
2022-03-18 12:31:00,1015,1015,1015,1015,0
2022-03-18 12:32:00,1015,1015,1015,1015,0
2022-03-18 12:33:00,1015,1015,1015,1015,0
2022-03-18 12:34:00,1015,1015,1015,1015,0
2022-03-18 12:35:00,1015,1015,1015,1015,0
2022-03-18 12:36:00,1015,1015,1015,1015,0
2022-03-18 12:37:00,1015,1015,1015,1015,0
2022-03-18 12:38:00,1015,1015,1015,1015,0
2022-03-18 12:39:00,1015,1015,1015,1015,0
2022-03-18 12:40:00,1015,1015,1015,1015,0
2022-03-18 12:41:00,1015,1015,1015,1015,0
2022-03-18 12:42:00,1015,1015,1015,1015,0
2022-03-18 12:43:00,1015,1015,1015,1015,0
2022-03-18 12:44:00,1015,1015,1015,1015,0
2022-03-18 12:45:00,1015,1015,1015,1015,0
2022-03-18 12:46:00,1015,1015,1015,1015,0
2022-03-18 12:47:00,1015,1015,1015,1015,0
2022-03-18 12:48:00,1015,1015,1015,1015,0
2022-03-18 12:49:00,1015,1015,1015,1015,0
2022-03-18 12:50:00,1015,1015,1015,1015,0
2022-03-18 12:51:00,1015,1015,1015,1015,0
2022-03-18 12:52:00,1015,1015,1015,1015,0
2022-03-18 12:53:00,1015,1015,1015,1015,0
2022-03-18 12:54:00,1015,1015,1015,1015,0
2022-03-18 12:55:00,1015,1015,1015,1015,0
2022-03-18 12:56:00,1015,1015,1015,1015,0
2022-03-18 12:57:00,1015,1015,1015,1015,0
2022-03-18 12:58:00,1015,1015,1015,1015,0
2022-03-18 12:59:00,1015,1015,1015,1015,0
2022-03-18 13:00:00,1015,1015,1015,1015,0
2022-03-18 13:01:00,1015,1015,1015,1015,0
2022-03-18 13:02:00,1015,1015,1015,1015,0
2022-03-18 13:03:00,1015,1015,1015,1015,0
2022-03-18 13:04:00,1015,1015,1015,1015,0
2022-03-18 13:05:00,1015,1015,1015,1015,0
2022-03-18 13:06:00,1015,1015,1015,1015,0
2022-03-18 13:07:00,1015,1015,1015,1015,0
2022-03-18 13:08:00,1015,1015,1015,1015,0
2022-03-18 13:09:00,1015,1015,1015,1015,0
2022-03-18 13:10:00,1015,1015,1015,1015,0
2022-03-18 13:11:00,1015,1015,1015,1015,0
2022-03-18 13:12:00,1015,1015,1015,1015,0
2022-03-18 13:13:00,1015,1015,1015,1015,0
2022-03-18 13:14:00,1015,1015,1015,1015,0
2022-03-18 13:15:00,1015,1015,1015,1015,0
2022-03-18 13:16:00,1015,1015,1015,1015,0
2022-03-18 13:17:00,1015,1015,1015,1015,0
2022-03-18 13:18:00,1015,1015,1015,1015,0
2022-03-18 13:19:00,1015,1015,1015,1015,0
2022-03-18 13:20:00,1015,1015,1015,1015,0
2022-03-18 13:21:00,1015,1015,1015,1015,0
2022-03-18 13:22:00,1015,1015,1015,1015,0
2022-03-18 13:23:00,1015,1015,1015,1015,0
2022-03-18 13:24:00,1015,1015,1015,1015,0
2022-03-18 13:25:00,1015,1015,1015,1015,0
2022-03-18 13:26:00,1015,1015,1015,1015,0
2022-03-18 13:27:00,1015,1015,1015,1015,0
2022-03-18 13:28:00,1015,1015,1015,1015,0
2022-03-18 13:29:00,1015,1015,1015,1015,0
2022-03-18 13:30:00,1015,1015,1015,1015,115600
2022-03-18 13:31:00,1020,1015,1025,1025,456200
2022-03-18 13:32:00,1030,1025,1030,1030,301000
2022-03-18 13:33:00,1030,1030,1035,1035,50800
2022-03-18 13:34:00,1035,1030,1035,1030,11000
2022-03-18 13:35:00,1030,1025,1030,1030,155500
2022-03-18 13:36:00,1030,1025,1030,1025,16000
2022-03-18 13:37:00,1025,1025,1025,1025,1000
2022-03-18 13:38:00,1025,1025,1025,1025,0
2022-03-18 13:39:00,1030,1030,1030,1030,200000
2022-03-18 13:40:00,1030,1030,1030,1030,19100
2022-03-18 13:41:00,1035,1035,1045,1045,116500
2022-03-18 13:42:00,1050,1050,1055,1050,294500
2022-03-18 13:43:00,1055,1055,1055,1055,209600
2022-03-18 13:44:00,1055,1050,1055,1050,5900
2022-03-18 13:45:00,1050,1050,1050,1050,61000
2022-03-18 13:46:00,1050,1050,1050,1050,15000
2022-03-18 13:47:00,1045,1045,1045,1045,1200
2022-03-18 13:48:00,1045,1045,1045,1045,100
2022-03-18 13:49:00,1045,1045,1050,1045,12200
2022-03-18 13:50:00,1045,1045,1045,1045,100
2022-03-18 13:51:00,1045,1045,1050,1045,30100
2022-03-18 13:52:00,1045,1045,1050,1045,0
2022-03-18 13:53:00,1045,1045,1050,1045,0
2022-03-18 13:54:00,1045,1045,1050,1050,4200
2022-03-18 13:55:00,1045,1045,1050,1050,0
2022-03-18 13:56:00,1045,1045,1045,1045,200
2022-03-18 13:57:00,1045,1045,1045,1045,200
2022-03-18 13:58:00,1045,1045,1050,1050,1100
2022-03-18 13:59:00,1050,1050,1050,1050,100
2022-03-18 14:00:00,1045,1045,1045,1045,100
2022-03-18 14:01:00,1045,1045,1045,1045,500
2022-03-18 14:02:00,1045,1045,1045,1045,300
2022-03-18 14:03:00,1045,1045,1050,1050,400
2022-03-18 14:04:00,1045,1045,1045,1045,5000
2022-03-18 14:05:00,1045,1045,1045,1045,400
2022-03-18 14:06:00,1045,1045,1045,1045,0
2022-03-18 14:07:00,1045,1045,1045,1045,0
2022-03-18 14:08:00,1045,1045,1045,1045,0
2022-03-18 14:09:00,1045,1045,1045,1045,0
2022-03-18 14:10:00,1045,1045,1045,1045,11900
2022-03-18 14:11:00,1045,1045,1045,1045,0
2022-03-18 14:12:00,1045,1045,1045,1045,0
2022-03-18 14:13:00,1040,1040,1040,1040,500
2022-03-18 14:14:00,1040,1040,1040,1040,0
2022-03-18 14:15:00,1040,1040,1040,1040,0
2022-03-18 14:16:00,1045,1045,1045,1045,4900
2022-03-18 14:17:00,1050,1050,1055,1055,30300
2022-03-18 14:18:00,1055,1055,1055,1055,3600
2022-03-18 14:19:00,1050,1050,1055,1055,1700
2022-03-18 14:20:00,1055,1055,1055,1055,2000
2022-03-18 14:21:00,1055,1050,1055,1050,3000
2022-03-18 14:22:00,1055,1050,1055,1050,7300
2022-03-18 14:23:00,1050,1050,1050,1050,4500
2022-03-18 14:24:00,1055,1055,1055,1055,7500
2022-03-18 14:25:00,1055,1055,1055,1055,0
2022-03-18 14:26:00,1055,1055,1055,1055,2000
2022-03-18 14:27:00,1055,1055,1055,1055,300600
2022-03-18 14:28:00,1050,1050,1050,1050,1500
2022-03-18 14:29:00,1050,1050,1050,1050,4100
2022-03-18 14:30:00,1050,1050,1050,1050,15000
2022-03-18 14:31:00,1050,1050,1050,1050,41300
2022-03-18 14:32:00,1050,1050,1050,1050,2700
2022-03-18 14:33:00,1050,1050,1050,1050,300
2022-03-18 14:34:00,1045,1045,1045,1045,10000
2022-03-18 14:35:00,1045,1045,1050,1050,58300
2022-03-18 14:36:00,1050,1045,1050,1045,1000
2022-03-18 14:37:00,1045,1045,1045,1045,200
2022-03-18 14:38:00,1050,1050,1050,1050,63300
2022-03-18 14:39:00,1055,1055,1060,1055,108300
2022-03-18 14:40:00,1060,1055,1065,1065,304300
2022-03-18 14:41:00,1065,1060,1070,1060,194300
2022-03-18 14:42:00,1065,1065,1065,1065,1800
2022-03-18 14:43:00,1065,1060,1065,1060,6700
2022-03-18 14:44:00,1060,1060,1060,1060,5000
2022-03-18 14:45:00,1060,1060,1060,1060,0
2022-03-18 14:46:00,1055,1055,1055,1055,51500
2022-03-18 14:47:00,1055,1055,1055,1055,2600
2022-03-18 14:48:00,1055,1050,1060,1060,13600
2022-03-18 14:49:00,1055,1055,1055,1055,200
2022-03-18 14:50:00,1055,1055,1055,1055,1800
2022-03-18 14:51:00,1055,1055,1055,1055,0
2022-03-18 14:52:00,1055,1055,1055,1055,0
2022-03-18 14:53:00,1055,1055,1055,1055,0
2022-03-18 14:54:00,1055,1055,1055,1055,0
2022-03-18 14:55:00,1055,1055,1055,1055,0
2022-03-18 14:56:00,1055,1055,1055,1055,0
2022-03-18 14:57:00,1055,1055,1055,1055,0
2022-03-18 14:58:00,1055,1055,1055,1055,0
2022-03-18 14:59:00,1055,1055,1055,1055,0
2022-03-18 15:00:00,1065,1065,1065,1065,63700
2022-03-18 15:01:00,1065,1065,1065,1065,100
2022-03-18 15:02:00,1065,1065,1065,1065,3000
2022-03-18 15:03:00,1065,1065,1065,1065,1600
2022-03-18 15:04:00,1065,1065,1065,1065,0
2022-03-18 15:05:00,1065,1065,1065,1065,4600
2022-03-18 15:06:00,1065,1065,1065,1065,0
2022-03-18 15:07:00,1065,1065,1065,1065,0
2022-03-18 15:08:00,1065,1065,1065,1065,0
2022-03-18 15:09:00,1065,1065,1065,1065,0
2022-03-18 15:10:00,1065,1065,1065,1065,4400
2022-03-18 15:11:00,1065,1065,1065,1065,0
2022-03-18 15:12:00,1065,1065,1065,1065,0
2022-03-18 15:13:00,1065,1065,1065,1065,0
2022-03-18 15:14:00,1065,1065,1065,1065,70000
2022-03-18 15:15:00,1065,1065,1065,1065,0
2022-03-18 15:16:00,1065,1065,1065,1065,0
2022-03-18 15:17:00,1065,1065,1065,1065,0
2022-03-18 15:18:00,1065,1065,1065,1065,0
2022-03-18 15:19:00,1065,1065,1065,1065,0
2022-03-18 15:20:00,1065,1065,1065,1065,0
2022-03-18 15:21:00,1065,1065,1065,1065,0
2022-03-18 15:22:00,1065,1065,1065,1065,0
2022-03-18 15:23:00,1065,1065,1065,1065,0
2022-03-18 15:24:00,1065,1065,1065,1065,0
2022-03-18 15:25:00,1065,1065,1065,1065,0
2022-03-18 15:26:00,1065,1065,1065,1065,0
2022-03-18 15:27:00,1065,1065,1065,1065,0
2022-03-18 15:28:00,1065,1065,1065,1065,0
2022-03-18 15:29:00,1065,1065,1065,1065,0
2022-03-18 15:30:00,1065,1065,1065,1065,0
2022-03-18 15:31:00,1065,1065,1065,1065,0
2022-03-18 15:32:00,1065,1065,1065,1065,0
2022-03-18 15:33:00,1065,1065,1065,1065,0
2022-03-18 15:34:00,1065,1065,1065,1065,0
2022-03-18 15:35:00,1065,1065,1065,1065,0
2022-03-18 15:36:00,1065,1065,1065,1065,0
2022-03-18 15:37:00,1065,1065,1065,1065,0
2022-03-18 15:38:00,1065,1065,1065,1065,0
2022-03-18 15:39:00,1065,1065,1065,1065,0
2022-03-18 15:40:00,1065,1065,1065,1065,0
2022-03-18 15:41:00,1065,1065,1065,1065,0
2022-03-18 15:42:00,1065,1065,1065,1065,0
2022-03-18 15:43:00,1065,1065,1065,1065,0
2022-03-18 15:44:00,1065,1065,1065,1065,0
2022-03-18 15:45:00,1065,1065,1065,1065,0
2022-03-18 15:46:00,1065,1065,1065,1065,0
2022-03-18 15:47:00,1065,1065,1065,1065,0
2022-03-18 15:48:00,1065,1065,1065,1065,0
2022-03-18 15:49:00,1065,1065,1065,1065,0
2022-03-18 15:50:00,1065,1065,1065,1065,0
2022-03-18 15:51:00,1065,1065,1065,1065,0
2022-03-18 15:52:00,1065,1065,1065,1065,0
2022-03-18 15:53:00,1065,1065,1065,1065,0
2022-03-18 15:54:00,1065,1065,1065,1065,0
2022-03-18 15:55:00,1065,1065,1065,1065,0
2022-03-18 15:56:00,1065,1065,1065,1065,0
2022-03-18 15:57:00,1065,1065,1065,1065,0
2022-03-18 15:58:00,1065,1065,1065,1065,0
2022-03-18 15:59:00,1065,1065,1065,1065,0
2022-03-21 09:00:00,1065,1060,1065,1065,0
2022-03-21 09:01:00,1060,1060,1060,1060,29200
2022-03-21 09:02:00,1060,1060,1065,1065,10300
2022-03-21 09:03:00,1055,1055,1055,1055,1800
2022-03-21 09:04:00,1055,1055,1055,1055,0
2022-03-21 09:05:00,1055,1055,1055,1055,8200
2022-03-21 09:06:00,1060,1055,1060,1055,11600
2022-03-21 09:07:00,1055,1055,1055,1055,13600
2022-03-21 09:08:00,1055,1055,1055,1055,2600
2022-03-21 09:09:00,1055,1055,1055,1055,0
2022-03-21 09:10:00,1055,1055,1055,1055,100
2022-03-21 09:11:00,1055,1055,1065,1065,47700
2022-03-21 09:12:00,1065,1065,1065,1065,4200
2022-03-21 09:13:00,1065,1065,1065,1065,1600
2022-03-21 09:14:00,1065,1065,1065,1065,1000
2022-03-21 09:15:00,1065,1065,1065,1065,6000
2022-03-21 09:16:00,1065,1065,1065,1065,10200
2022-03-21 09:17:00,1065,1065,1065,1065,100
2022-03-21 09:18:00,1070,1065,1070,1070,10500
2022-03-21 09:19:00,1070,1070,1075,1075,499900
2022-03-21 09:20:00,1075,1075,1075,1075,165000
2022-03-21 09:21:00,1075,1075,1080,1075,148600
2022-03-21 09:22:00,1080,1080,1085,1085,228300
2022-03-21 09:23:00,1080,1080,1090,1085,366300
2022-03-21 09:24:00,1085,1085,1090,1085,141800
2022-03-21 09:25:00,1080,1070,1080,1070,87900
2022-03-21 09:26:00,1070,1050,1070,1050,199000
2022-03-21 09:27:00,1050,1045,1050,1050,24200
2022-03-21 09:28:00,1050,1045,1050,1050,163200
2022-03-21 09:29:00,1050,1050,1055,1055,800
2022-03-21 09:30:00,1055,1055,1055,1055,3800
2022-03-21 09:31:00,1055,1055,1055,1055,200
2022-03-21 09:32:00,1055,1055,1055,1055,0
2022-03-21 09:33:00,1055,1055,1055,1055,1000
2022-03-21 09:34:00,1055,1055,1055,1055,100
2022-03-21 09:35:00,1055,1055,1055,1055,1000
2022-03-21 09:36:00,1055,1055,1055,1055,100
2022-03-21 09:37:00,1065,1065,1065,1065,100
2022-03-21 09:38:00,1065,1065,1065,1065,0
2022-03-21 09:39:00,1065,1065,1065,1065,1800
2022-03-21 09:40:00,1065,1065,1065,1065,0
2022-03-21 09:41:00,1055,1055,1055,1055,22500
2022-03-21 09:42:00,1055,1055,1055,1055,0
2022-03-21 09:43:00,1055,1055,1055,1055,400
2022-03-21 09:44:00,1055,1055,1055,1055,0
2022-03-21 09:45:00,1055,1055,1055,1055,2300
2022-03-21 09:46:00,1055,1055,1055,1055,0
2022-03-21 09:47:00,1055,1055,1055,1055,0
2022-03-21 09:48:00,1055,1055,1055,1055,0
2022-03-21 09:49:00,1055,1055,1055,1055,0
2022-03-21 09:50:00,1055,1055,1055,1055,900
2022-03-21 09:51:00,1055,1055,1055,1055,0
2022-03-21 09:52:00,1055,1055,1055,1055,3000
2022-03-21 09:53:00,1055,1055,1055,1055,3200
2022-03-21 09:54:00,1060,1060,1060,1060,100
2022-03-21 09:55:00,1060,1060,1060,1060,0
2022-03-21 09:56:00,1060,1060,1060,1060,0
2022-03-21 09:57:00,1060,1060,1060,1060,0
2022-03-21 09:58:00,1055,1055,1060,1060,10800
2022-03-21 09:59:00,1050,1050,1050,1050,200
2022-03-21 10:00:00,1050,1050,1050,1050,0
2022-03-21 10:01:00,1050,1050,1050,1050,0
2022-03-21 10:02:00,1050,1050,1050,1050,0
2022-03-21 10:03:00,1060,1060,1060,1060,100
2022-03-21 10:04:00,1065,1060,1065,1060,5200
2022-03-21 10:05:00,1065,1060,1065,1060,0
2022-03-21 10:06:00,1060,1060,1060,1060,200
2022-03-21 10:07:00,1060,1060,1060,1060,0
2022-03-21 10:08:00,1060,1060,1060,1060,0
2022-03-21 10:09:00,1060,1060,1060,1060,0
2022-03-21 10:10:00,1050,1050,1050,1050,5200
2022-03-21 10:11:00,1050,1050,1050,1050,0
2022-03-21 10:12:00,1050,1050,1050,1050,29800
2022-03-21 10:13:00,1050,1050,1050,1050,0
2022-03-21 10:14:00,1050,1050,1050,1050,4000
2022-03-21 10:15:00,1050,1050,1050,1050,0
2022-03-21 10:16:00,1050,1050,1050,1050,500
2022-03-21 10:17:00,1050,1050,1050,1050,1200
2022-03-21 10:18:00,1050,1050,1050,1050,0
2022-03-21 10:19:00,1050,1050,1050,1050,0
2022-03-21 10:20:00,1050,1050,1050,1050,0
2022-03-21 10:21:00,1050,1050,1050,1050,100
2022-03-21 10:22:00,1050,1050,1050,1050,0
2022-03-21 10:23:00,1050,1050,1050,1050,0
2022-03-21 10:24:00,1050,1050,1050,1050,0
2022-03-21 10:25:00,1050,1050,1050,1050,0
2022-03-21 10:26:00,1050,1050,1050,1050,0
2022-03-21 10:27:00,1050,1050,1050,1050,0
2022-03-21 10:28:00,1050,1050,1050,1050,0
2022-03-21 10:29:00,1050,1050,1050,1050,0
2022-03-21 10:30:00,1050,1050,1050,1050,200
2022-03-21 10:31:00,1050,1050,1060,1060,14100
2022-03-21 10:32:00,1050,1050,1060,1060,0
2022-03-21 10:33:00,1050,1050,1060,1060,0
2022-03-21 10:34:00,1050,1050,1060,1060,0
2022-03-21 10:35:00,1050,1050,1060,1060,0
2022-03-21 10:36:00,1050,1050,1060,1060,0
2022-03-21 10:37:00,1050,1050,1060,1060,0
2022-03-21 10:38:00,1050,1050,1060,1060,0
2022-03-21 10:39:00,1050,1050,1060,1060,0
2022-03-21 10:40:00,1050,1050,1060,1060,0
2022-03-21 10:41:00,1050,1050,1060,1060,0
2022-03-21 10:42:00,1055,1055,1055,1055,400
2022-03-21 10:43:00,1055,1055,1055,1055,0
2022-03-21 10:44:00,1050,1050,1050,1050,10100
2022-03-21 10:45:00,1050,1050,1050,1050,0
2022-03-21 10:46:00,1050,1050,1050,1050,0
2022-03-21 10:47:00,1050,1050,1050,1050,2200
2022-03-21 10:48:00,1045,1045,1045,1045,21900
2022-03-21 10:49:00,1045,1045,1045,1045,0
2022-03-21 10:50:00,1050,1050,1050,1050,100
2022-03-21 10:51:00,1050,1050,1050,1050,0
2022-03-21 10:52:00,1050,1050,1050,1050,0
2022-03-21 10:53:00,1050,1050,1050,1050,3600
2022-03-21 10:54:00,1050,1050,1050,1050,0
2022-03-21 10:55:00,1050,1050,1050,1050,0
2022-03-21 10:56:00,1050,1050,1050,1050,0
2022-03-21 10:57:00,1050,1050,1050,1050,11100
2022-03-21 10:58:00,1050,1050,1050,1050,200
2022-03-21 10:59:00,1050,1050,1050,1050,0
2022-03-21 11:00:00,1050,1050,1050,1050,0
2022-03-21 11:01:00,1050,1050,1050,1050,0
2022-03-21 11:02:00,1050,1050,1050,1050,2100
2022-03-21 11:03:00,1050,1050,1050,1050,0
2022-03-21 11:04:00,1050,1050,1050,1050,0
2022-03-21 11:05:00,1050,1050,1050,1050,1000
2022-03-21 11:06:00,1050,1050,1050,1050,0
2022-03-21 11:07:00,1050,1045,1050,1045,39400
2022-03-21 11:08:00,1045,1045,1045,1045,2200
2022-03-21 11:09:00,1045,1045,1045,1045,0
2022-03-21 11:10:00,1045,1045,1045,1045,600
2022-03-21 11:11:00,1045,1045,1045,1045,900
2022-03-21 11:12:00,1045,1045,1045,1045,500
2022-03-21 11:13:00,1045,1045,1045,1045,0
2022-03-21 11:14:00,1045,1045,1045,1045,0
2022-03-21 11:15:00,1045,1045,1045,1045,0
2022-03-21 11:16:00,1045,1045,1045,1045,1200
2022-03-21 11:17:00,1045,1045,1045,1045,200
2022-03-21 11:18:00,1045,1045,1045,1045,0
2022-03-21 11:19:00,1045,1045,1045,1045,0
2022-03-21 11:20:00,1045,1045,1045,1045,0
2022-03-21 11:21:00,1045,1045,1045,1045,0
2022-03-21 11:22:00,1045,1045,1045,1045,0
2022-03-21 11:23:00,1045,1045,1045,1045,200
2022-03-21 11:24:00,1045,1045,1045,1045,2500
2022-03-21 11:25:00,1045,1045,1045,1045,0
2022-03-21 11:26:00,1045,1045,1045,1045,0
2022-03-21 11:27:00,1045,1045,1045,1045,0
2022-03-21 11:28:00,1045,1045,1045,1045,0
2022-03-21 11:29:00,1040,1040,1040,1040,4000
2022-03-21 11:30:00,1040,1040,1040,1040,0
2022-03-21 11:31:00,1040,1040,1040,1040,0
2022-03-21 11:32:00,1040,1040,1040,1040,0
2022-03-21 11:33:00,1040,1040,1040,1040,0
2022-03-21 11:34:00,1040,1040,1040,1040,0
2022-03-21 11:35:00,1040,1040,1040,1040,0
2022-03-21 11:36:00,1040,1040,1040,1040,0
2022-03-21 11:37:00,1040,1040,1040,1040,0
2022-03-21 11:38:00,1040,1040,1040,1040,0
2022-03-21 11:39:00,1040,1040,1040,1040,0
2022-03-21 11:40:00,1040,1040,1040,1040,0
2022-03-21 11:41:00,1040,1040,1040,1040,0
2022-03-21 11:42:00,1040,1040,1040,1040,0
2022-03-21 11:43:00,1040,1040,1040,1040,0
2022-03-21 11:44:00,1040,1040,1040,1040,0
2022-03-21 11:45:00,1040,1040,1040,1040,0
2022-03-21 11:46:00,1040,1040,1040,1040,0
2022-03-21 11:47:00,1040,1040,1040,1040,0
2022-03-21 11:48:00,1040,1040,1040,1040,0
2022-03-21 11:49:00,1040,1040,1040,1040,0
2022-03-21 11:50:00,1040,1040,1040,1040,0
2022-03-21 11:51:00,1040,1040,1040,1040,0
2022-03-21 11:52:00,1040,1040,1040,1040,0
2022-03-21 11:53:00,1040,1040,1040,1040,0
2022-03-21 11:54:00,1040,1040,1040,1040,0
2022-03-21 11:55:00,1040,1040,1040,1040,0
2022-03-21 11:56:00,1040,1040,1040,1040,0
2022-03-21 11:57:00,1040,1040,1040,1040,0
2022-03-21 11:58:00,1040,1040,1040,1040,0
2022-03-21 11:59:00,1040,1040,1040,1040,0
2022-03-21 12:00:00,1040,1040,1040,1040,0
2022-03-21 12:01:00,1040,1040,1040,1040,0
2022-03-21 12:02:00,1040,1040,1040,1040,0
2022-03-21 12:03:00,1040,1040,1040,1040,0
2022-03-21 12:04:00,1040,1040,1040,1040,0
2022-03-21 12:05:00,1040,1040,1040,1040,0
2022-03-21 12:06:00,1040,1040,1040,1040,0
2022-03-21 12:07:00,1040,1040,1040,1040,0
2022-03-21 12:08:00,1040,1040,1040,1040,0
2022-03-21 12:09:00,1040,1040,1040,1040,0
2022-03-21 12:10:00,1040,1040,1040,1040,0
2022-03-21 12:11:00,1040,1040,1040,1040,0
2022-03-21 12:12:00,1040,1040,1040,1040,0
2022-03-21 12:13:00,1040,1040,1040,1040,0
2022-03-21 12:14:00,1040,1040,1040,1040,0
2022-03-21 12:15:00,1040,1040,1040,1040,0
2022-03-21 12:16:00,1040,1040,1040,1040,0
2022-03-21 12:17:00,1040,1040,1040,1040,0
2022-03-21 12:18:00,1040,1040,1040,1040,0
2022-03-21 12:19:00,1040,1040,1040,1040,0
2022-03-21 12:20:00,1040,1040,1040,1040,0
2022-03-21 12:21:00,1040,1040,1040,1040,0
2022-03-21 12:22:00,1040,1040,1040,1040,0
2022-03-21 12:23:00,1040,1040,1040,1040,0
2022-03-21 12:24:00,1040,1040,1040,1040,0
2022-03-21 12:25:00,1040,1040,1040,1040,0
2022-03-21 12:26:00,1040,1040,1040,1040,0
2022-03-21 12:27:00,1040,1040,1040,1040,0
2022-03-21 12:28:00,1040,1040,1040,1040,0
2022-03-21 12:29:00,1040,1040,1040,1040,0
2022-03-21 12:30:00,1040,1040,1040,1040,0
2022-03-21 12:31:00,1040,1040,1040,1040,0
2022-03-21 12:32:00,1040,1040,1040,1040,0
2022-03-21 12:33:00,1040,1040,1040,1040,0
2022-03-21 12:34:00,1040,1040,1040,1040,0
2022-03-21 12:35:00,1040,1040,1040,1040,0
2022-03-21 12:36:00,1040,1040,1040,1040,0
2022-03-21 12:37:00,1040,1040,1040,1040,0
2022-03-21 12:38:00,1040,1040,1040,1040,0
2022-03-21 12:39:00,1040,1040,1040,1040,0
2022-03-21 12:40:00,1040,1040,1040,1040,0
2022-03-21 12:41:00,1040,1040,1040,1040,0
2022-03-21 12:42:00,1040,1040,1040,1040,0
2022-03-21 12:43:00,1040,1040,1040,1040,0
2022-03-21 12:44:00,1040,1040,1040,1040,0
2022-03-21 12:45:00,1040,1040,1040,1040,0
2022-03-21 12:46:00,1040,1040,1040,1040,0
2022-03-21 12:47:00,1040,1040,1040,1040,0
2022-03-21 12:48:00,1040,1040,1040,1040,0
2022-03-21 12:49:00,1040,1040,1040,1040,0
2022-03-21 12:50:00,1040,1040,1040,1040,0
2022-03-21 12:51:00,1040,1040,1040,1040,0
2022-03-21 12:52:00,1040,1040,1040,1040,0
2022-03-21 12:53:00,1040,1040,1040,1040,0
2022-03-21 12:54:00,1040,1040,1040,1040,0
2022-03-21 12:55:00,1040,1040,1040,1040,0
2022-03-21 12:56:00,1040,1040,1040,1040,0
2022-03-21 12:57:00,1040,1040,1040,1040,0
2022-03-21 12:58:00,1040,1040,1040,1040,0
2022-03-21 12:59:00,1040,1040,1040,1040,0
2022-03-21 13:00:00,1040,1040,1040,1040,0
2022-03-21 13:01:00,1040,1040,1040,1040,0
2022-03-21 13:02:00,1040,1040,1040,1040,0
2022-03-21 13:03:00,1040,1040,1040,1040,0
2022-03-21 13:04:00,1040,1040,1040,1040,0
2022-03-21 13:05:00,1040,1040,1040,1040,0
2022-03-21 13:06:00,1040,1040,1040,1040,0
2022-03-21 13:07:00,1040,1040,1040,1040,0
2022-03-21 13:08:00,1040,1040,1040,1040,0
2022-03-21 13:09:00,1040,1040,1040,1040,0
2022-03-21 13:10:00,1040,1040,1040,1040,0
2022-03-21 13:11:00,1040,1040,1040,1040,0
2022-03-21 13:12:00,1040,1040,1040,1040,0
2022-03-21 13:13:00,1040,1040,1040,1040,0
2022-03-21 13:14:00,1040,1040,1040,1040,0
2022-03-21 13:15:00,1040,1040,1040,1040,0
2022-03-21 13:16:00,1040,1040,1040,1040,0
2022-03-21 13:17:00,1040,1040,1040,1040,0
2022-03-21 13:18:00,1040,1040,1040,1040,0
2022-03-21 13:19:00,1040,1040,1040,1040,0
2022-03-21 13:20:00,1040,1040,1040,1040,0
2022-03-21 13:21:00,1040,1040,1040,1040,0
2022-03-21 13:22:00,1040,1040,1040,1040,0
2022-03-21 13:23:00,1040,1040,1040,1040,0
2022-03-21 13:24:00,1040,1040,1040,1040,0
2022-03-21 13:25:00,1040,1040,1040,1040,0
2022-03-21 13:26:00,1040,1040,1040,1040,0
2022-03-21 13:27:00,1040,1040,1040,1040,0
2022-03-21 13:28:00,1040,1040,1040,1040,0
2022-03-21 13:29:00,1040,1040,1040,1040,0
2022-03-21 13:30:00,1045,1040,1045,1045,11500
2022-03-21 13:31:00,1045,1045,1045,1045,300
2022-03-21 13:32:00,1045,1045,1045,1045,2600
2022-03-21 13:33:00,1045,1045,1045,1045,400
2022-03-21 13:34:00,1045,1045,1045,1045,0
2022-03-21 13:35:00,1045,1045,1045,1045,1500
2022-03-21 13:36:00,1045,1045,1045,1045,0
2022-03-21 13:37:00,1045,1045,1045,1045,0
2022-03-21 13:38:00,1050,1050,1050,1050,1000
2022-03-21 13:39:00,1050,1050,1050,1050,0
2022-03-21 13:40:00,1050,1050,1050,1050,0
2022-03-21 13:41:00,1050,1050,1050,1050,100
2022-03-21 13:42:00,1050,1050,1050,1050,500
2022-03-21 13:43:00,1050,1050,1050,1050,1500
2022-03-21 13:44:00,1050,1050,1050,1050,0
2022-03-21 13:45:00,1050,1050,1050,1050,900
2022-03-21 13:46:00,1045,1040,1050,1050,181000
2022-03-21 13:47:00,1045,1045,1050,1045,451100
2022-03-21 13:48:00,1040,1040,1040,1040,13900
2022-03-21 13:49:00,1040,1040,1040,1040,10000
2022-03-21 13:50:00,1040,1040,1040,1040,0
2022-03-21 13:51:00,1045,1045,1045,1045,300
2022-03-21 13:52:00,1040,1040,1040,1040,8000
2022-03-21 13:53:00,1040,1040,1040,1040,1600
2022-03-21 13:54:00,1040,1040,1040,1040,0
2022-03-21 13:55:00,1040,1035,1045,1035,107600
2022-03-21 13:56:00,1035,1035,1035,1035,500
2022-03-21 13:57:00,1035,1035,1035,1035,1500
2022-03-21 13:58:00,1035,1035,1035,1035,600
2022-03-21 13:59:00,1035,1035,1035,1035,0
2022-03-21 14:00:00,1035,1035,1035,1035,5300
2022-03-21 14:01:00,1035,1035,1035,1035,10100
2022-03-21 14:02:00,1035,1035,1035,1035,500
2022-03-21 14:03:00,1030,1030,1030,1030,22600
2022-03-21 14:04:00,1030,1030,1030,1030,150000
2022-03-21 14:05:00,1030,1030,1030,1030,6300
2022-03-21 14:06:00,1030,1030,1030,1030,0
2022-03-21 14:07:00,1035,1035,1035,1035,35100
2022-03-21 14:08:00,1035,1035,1035,1035,1000
2022-03-21 14:09:00,1035,1035,1035,1035,0
2022-03-21 14:10:00,1035,1035,1035,1035,0
2022-03-21 14:11:00,1035,1035,1035,1035,600
2022-03-21 14:12:00,1035,1035,1035,1035,200
2022-03-21 14:13:00,1035,1035,1035,1035,0
2022-03-21 14:14:00,1035,1035,1035,1035,0
2022-03-21 14:15:00,1035,1035,1035,1035,10000
2022-03-21 14:16:00,1035,1035,1040,1040,14000
2022-03-21 14:17:00,1035,1035,1040,1040,0
2022-03-21 14:18:00,1040,1040,1040,1040,2700
2022-03-21 14:19:00,1040,1040,1040,1040,100
2022-03-21 14:20:00,1040,1035,1040,1035,400
2022-03-21 14:21:00,1040,1035,1040,1035,0
2022-03-21 14:22:00,1040,1040,1040,1040,600
2022-03-21 14:23:00,1040,1040,1040,1040,0
2022-03-21 14:24:00,1040,1040,1040,1040,0
2022-03-21 14:25:00,1040,1040,1040,1040,0
2022-03-21 14:26:00,1040,1040,1040,1040,100
2022-03-21 14:27:00,1040,1040,1040,1040,2100
2022-03-21 14:28:00,1035,1035,1035,1035,200
2022-03-21 14:29:00,1035,1035,1035,1035,29900
2022-03-21 14:30:00,1040,1040,1050,1050,5300
2022-03-21 14:31:00,1040,1040,1050,1050,0
2022-03-21 14:32:00,1040,1040,1050,1050,0
2022-03-21 14:33:00,1040,1040,1040,1040,5200
2022-03-21 14:34:00,1040,1040,1040,1040,0
2022-03-21 14:35:00,1040,1040,1040,1040,100
2022-03-21 14:36:00,1040,1040,1040,1040,0
2022-03-21 14:37:00,1040,1040,1040,1040,0
2022-03-21 14:38:00,1040,1040,1040,1040,0
2022-03-21 14:39:00,1040,1040,1040,1040,2000
2022-03-21 14:40:00,1040,1040,1040,1040,0
2022-03-21 14:41:00,1040,1040,1040,1040,0
2022-03-21 14:42:00,1040,1040,1040,1040,17000
2022-03-21 14:43:00,1040,1040,1040,1040,10000
2022-03-21 14:44:00,1040,1030,1045,1030,315700
2022-03-21 14:45:00,1035,1030,1035,1030,9100
2022-03-21 14:46:00,1035,1030,1035,1030,0
2022-03-21 14:47:00,1030,1025,1030,1025,150000
2022-03-21 14:48:00,1030,1025,1030,1025,0
2022-03-21 14:49:00,1030,1030,1030,1030,300
2022-03-21 14:50:00,1030,1030,1030,1030,0
2022-03-21 14:51:00,1030,1030,1030,1030,0
2022-03-21 14:52:00,1030,1030,1030,1030,0
2022-03-21 14:53:00,1030,1030,1030,1030,0
2022-03-21 14:54:00,1030,1030,1030,1030,0
2022-03-21 14:55:00,1030,1030,1030,1030,0
2022-03-21 14:56:00,1030,1030,1030,1030,0
2022-03-21 14:57:00,1030,1030,1030,1030,0
2022-03-21 14:58:00,1030,1030,1030,1030,0
2022-03-21 14:59:00,1030,1030,1030,1030,0
2022-03-21 15:00:00,1050,1050,1050,1050,56500
2022-03-21 15:01:00,1050,1050,1050,1050,54000
2022-03-21 15:02:00,1050,1050,1050,1050,0
2022-03-21 15:03:00,1050,1050,1050,1050,6000
2022-03-21 15:04:00,1050,1050,1050,1050,100
2022-03-21 15:05:00,1050,1050,1050,1050,273000
2022-03-21 15:06:00,1050,1050,1050,1050,53800
2022-03-21 15:07:00,1050,1050,1050,1050,0
2022-03-21 15:08:00,1050,1050,1050,1050,0
2022-03-21 15:09:00,1050,1050,1050,1050,5000
2022-03-21 15:10:00,1050,1050,1050,1050,0
2022-03-21 15:11:00,1050,1050,1050,1050,0
2022-03-21 15:12:00,1050,1050,1050,1050,3100
2022-03-21 15:13:00,1050,1050,1050,1050,0
2022-03-21 15:14:00,1050,1050,1050,1050,0
2022-03-21 15:15:00,1050,1050,1050,1050,0
2022-03-21 15:16:00,1050,1050,1050,1050,0
2022-03-21 15:17:00,1050,1050,1050,1050,0
2022-03-21 15:18:00,1050,1050,1050,1050,0
2022-03-21 15:19:00,1050,1050,1050,1050,0
2022-03-21 15:20:00,1050,1050,1050,1050,0
2022-03-21 15:21:00,1050,1050,1050,1050,0
2022-03-21 15:22:00,1050,1050,1050,1050,0
2022-03-21 15:23:00,1050,1050,1050,1050,0
2022-03-21 15:24:00,1050,1050,1050,1050,0
2022-03-21 15:25:00,1050,1050,1050,1050,0
2022-03-21 15:26:00,1050,1050,1050,1050,0
2022-03-21 15:27:00,1050,1050,1050,1050,0
2022-03-21 15:28:00,1050,1050,1050,1050,0
2022-03-21 15:29:00,1050,1050,1050,1050,0
2022-03-21 15:30:00,1050,1050,1050,1050,0
2022-03-21 15:31:00,1050,1050,1050,1050,0
2022-03-21 15:32:00,1050,1050,1050,1050,0
2022-03-21 15:33:00,1050,1050,1050,1050,0
2022-03-21 15:34:00,1050,1050,1050,1050,0
2022-03-21 15:35:00,1050,1050,1050,1050,0
2022-03-21 15:36:00,1050,1050,1050,1050,0
2022-03-21 15:37:00,1050,1050,1050,1050,0
2022-03-21 15:38:00,1050,1050,1050,1050,0
2022-03-21 15:39:00,1050,1050,1050,1050,0
2022-03-21 15:40:00,1050,1050,1050,1050,0
2022-03-21 15:41:00,1050,1050,1050,1050,0
2022-03-21 15:42:00,1050,1050,1050,1050,0
2022-03-21 15:43:00,1050,1050,1050,1050,0
2022-03-21 15:44:00,1050,1050,1050,1050,0
2022-03-21 15:45:00,1050,1050,1050,1050,0
2022-03-21 15:46:00,1050,1050,1050,1050,0
2022-03-21 15:47:00,1050,1050,1050,1050,0
2022-03-21 15:48:00,1050,1050,1050,1050,0
2022-03-21 15:49:00,1050,1050,1050,1050,0
2022-03-21 15:50:00,1050,1050,1050,1050,0
2022-03-21 15:51:00,1050,1050,1050,1050,0
2022-03-21 15:52:00,1050,1050,1050,1050,0
2022-03-21 15:53:00,1050,1050,1050,1050,0
2022-03-21 15:54:00,1050,1050,1050,1050,0
2022-03-21 15:55:00,1050,1050,1050,1050,0
2022-03-21 15:56:00,1050,1050,1050,1050,0
2022-03-21 15:57:00,1050,1050,1050,1050,0
2022-03-21 15:58:00,1050,1050,1050,1050,0
2022-03-21 15:59:00,1050,1050,1050,1050,0
2022-03-22 09:00:00,1050,1050,1060,1060,0
2022-03-22 09:01:00,1055,1050,1055,1050,2900
2022-03-22 09:02:00,1055,1050,1055,1050,0
2022-03-22 09:03:00,1055,1050,1055,1050,0
2022-03-22 09:04:00,1055,1050,1055,1050,0
2022-03-22 09:05:00,1055,1050,1055,1050,0
2022-03-22 09:06:00,1045,1040,1045,1040,32900
2022-03-22 09:07:00,1040,1040,1040,1040,4400
2022-03-22 09:08:00,1040,1040,1040,1040,200
2022-03-22 09:09:00,1040,1040,1040,1040,0
2022-03-22 09:10:00,1040,1040,1040,1040,500
2022-03-22 09:11:00,1040,1040,1040,1040,2500
2022-03-22 09:12:00,1045,1040,1045,1040,2500
2022-03-22 09:13:00,1050,1050,1050,1050,700
2022-03-22 09:14:00,1050,1050,1050,1050,0
2022-03-22 09:15:00,1045,1045,1045,1045,100
2022-03-22 09:16:00,1050,1050,1050,1050,443500
2022-03-22 09:17:00,1055,1050,1055,1055,412100
2022-03-22 09:18:00,1055,1055,1055,1055,168300
2022-03-22 09:19:00,1055,1055,1060,1060,427000
2022-03-22 09:20:00,1060,1060,1070,1060,115600
2022-03-22 09:21:00,1060,1060,1065,1065,336000
2022-03-22 09:22:00,1060,1060,1060,1060,5100
2022-03-22 09:23:00,1055,1055,1055,1055,29600
2022-03-22 09:24:00,1055,1055,1055,1055,0
2022-03-22 09:25:00,1055,1055,1055,1055,0
2022-03-22 09:26:00,1050,1050,1050,1050,100
2022-03-22 09:27:00,1050,1050,1050,1050,0
2022-03-22 09:28:00,1050,1050,1050,1050,0
2022-03-22 09:29:00,1055,1055,1055,1055,50000
2022-03-22 09:30:00,1055,1055,1055,1055,0
2022-03-22 09:31:00,1055,1055,1055,1055,0
2022-03-22 09:32:00,1055,1055,1055,1055,0
2022-03-22 09:33:00,1055,1055,1055,1055,0
2022-03-22 09:34:00,1055,1055,1055,1055,0
2022-03-22 09:35:00,1055,1055,1055,1055,0
2022-03-22 09:36:00,1055,1055,1055,1055,0
2022-03-22 09:37:00,1055,1055,1055,1055,0
2022-03-22 09:38:00,1050,1050,1050,1050,100
2022-03-22 09:39:00,1050,1050,1050,1050,0
2022-03-22 09:40:00,1050,1050,1050,1050,3500
2022-03-22 09:41:00,1050,1050,1050,1050,2400
2022-03-22 09:42:00,1050,1050,1050,1050,3900
2022-03-22 09:43:00,1050,1050,1050,1050,0
2022-03-22 09:44:00,1050,1050,1050,1050,0
2022-03-22 09:45:00,1045,1045,1045,1045,11200
2022-03-22 09:46:00,1045,1040,1045,1040,1300
2022-03-22 09:47:00,1045,1040,1045,1040,0
2022-03-22 09:48:00,1040,1040,1040,1040,7200
2022-03-22 09:49:00,1050,1050,1050,1050,300
2022-03-22 09:50:00,1050,1050,1050,1050,0
2022-03-22 09:51:00,1050,1050,1050,1050,100
2022-03-22 09:52:00,1050,1050,1050,1050,0
2022-03-22 09:53:00,1050,1050,1050,1050,800
2022-03-22 09:54:00,1050,1050,1050,1050,0
2022-03-22 09:55:00,1055,1055,1055,1055,1000
2022-03-22 09:56:00,1055,1055,1055,1055,0
2022-03-22 09:57:00,1055,1055,1055,1055,0
2022-03-22 09:58:00,1055,1055,1055,1055,0
2022-03-22 09:59:00,1055,1055,1055,1055,300
2022-03-22 10:00:00,1055,1055,1055,1055,0
2022-03-22 10:01:00,1055,1055,1055,1055,0
2022-03-22 10:02:00,1055,1055,1055,1055,100
2022-03-22 10:03:00,1055,1055,1055,1055,0
2022-03-22 10:04:00,1055,1055,1055,1055,0
2022-03-22 10:05:00,1050,1050,1050,1050,200
2022-03-22 10:06:00,1050,1050,1050,1050,900
2022-03-22 10:07:00,1050,1050,1050,1050,0
2022-03-22 10:08:00,1050,1050,1050,1050,0
2022-03-22 10:09:00,1050,1050,1050,1050,100
2022-03-22 10:10:00,1050,1050,1050,1050,0
2022-03-22 10:11:00,1050,1050,1050,1050,0
2022-03-22 10:12:00,1050,1050,1050,1050,0
2022-03-22 10:13:00,1050,1045,1050,1045,20800
2022-03-22 10:14:00,1040,1040,1040,1040,9200
2022-03-22 10:15:00,1040,1040,1040,1040,0
2022-03-22 10:16:00,1040,1040,1040,1040,0
2022-03-22 10:17:00,1040,1040,1040,1040,100
2022-03-22 10:18:00,1040,1040,1040,1040,0
2022-03-22 10:19:00,1040,1040,1040,1040,0
2022-03-22 10:20:00,1040,1040,1040,1040,0
2022-03-22 10:21:00,1045,1040,1045,1040,2500
2022-03-22 10:22:00,1045,1040,1045,1040,0
2022-03-22 10:23:00,1045,1040,1045,1040,0
2022-03-22 10:24:00,1045,1040,1045,1040,0
2022-03-22 10:25:00,1045,1040,1045,1040,0
2022-03-22 10:26:00,1045,1040,1045,1040,0
2022-03-22 10:27:00,1045,1040,1045,1040,0
2022-03-22 10:28:00,1045,1040,1045,1040,0
2022-03-22 10:29:00,1045,1040,1045,1040,0
2022-03-22 10:30:00,1045,1040,1045,1040,0
2022-03-22 10:31:00,1045,1040,1045,1040,0
2022-03-22 10:32:00,1045,1040,1045,1040,0
2022-03-22 10:33:00,1045,1040,1045,1040,0
2022-03-22 10:34:00,1050,1050,1050,1050,10300
2022-03-22 10:35:00,1050,1050,1050,1050,0
2022-03-22 10:36:00,1050,1050,1050,1050,0
2022-03-22 10:37:00,1045,1045,1045,1045,7500
2022-03-22 10:38:00,1045,1045,1045,1045,0
2022-03-22 10:39:00,1045,1045,1045,1045,0
2022-03-22 10:40:00,1045,1045,1045,1045,0
2022-03-22 10:41:00,1045,1045,1045,1045,0
2022-03-22 10:42:00,1045,1045,1045,1045,0
2022-03-22 10:43:00,1045,1045,1045,1045,0
2022-03-22 10:44:00,1045,1045,1045,1045,0
2022-03-22 10:45:00,1045,1045,1045,1045,800
2022-03-22 10:46:00,1045,1045,1045,1045,100
2022-03-22 10:47:00,1045,1045,1045,1045,0
2022-03-22 10:48:00,1045,1045,1045,1045,0
2022-03-22 10:49:00,1045,1045,1045,1045,0
2022-03-22 10:50:00,1045,1045,1045,1045,0
2022-03-22 10:51:00,1045,1045,1045,1045,0
2022-03-22 10:52:00,1045,1045,1045,1045,0
2022-03-22 10:53:00,1045,1045,1045,1045,700
2022-03-22 10:54:00,1045,1045,1045,1045,0
2022-03-22 10:55:00,1045,1045,1045,1045,0
2022-03-22 10:56:00,1045,1045,1045,1045,0
2022-03-22 10:57:00,1045,1045,1045,1045,0
2022-03-22 10:58:00,1045,1045,1045,1045,0
2022-03-22 10:59:00,1045,1045,1045,1045,0
2022-03-22 11:00:00,1045,1045,1045,1045,0
2022-03-22 11:01:00,1045,1045,1045,1045,0
2022-03-22 11:02:00,1045,1045,1045,1045,0
2022-03-22 11:03:00,1045,1045,1045,1045,0
2022-03-22 11:04:00,1045,1045,1045,1045,0
2022-03-22 11:05:00,1045,1045,1045,1045,0
2022-03-22 11:06:00,1045,1045,1045,1045,0
2022-03-22 11:07:00,1045,1045,1045,1045,0
2022-03-22 11:08:00,1045,1045,1045,1045,0
2022-03-22 11:09:00,1045,1045,1045,1045,0
2022-03-22 11:10:00,1045,1045,1045,1045,4000
2022-03-22 11:11:00,1045,1045,1045,1045,0
2022-03-22 11:12:00,1045,1045,1045,1045,0
2022-03-22 11:13:00,1045,1045,1045,1045,100
2022-03-22 11:14:00,1045,1040,1045,1040,3600
2022-03-22 11:15:00,1050,1050,1050,1050,500
2022-03-22 11:16:00,1050,1050,1050,1050,0
2022-03-22 11:17:00,1050,1050,1050,1050,0
2022-03-22 11:18:00,1050,1050,1050,1050,0
2022-03-22 11:19:00,1050,1050,1050,1050,0
2022-03-22 11:20:00,1050,1050,1050,1050,0
2022-03-22 11:21:00,1050,1050,1050,1050,0
2022-03-22 11:22:00,1050,1050,1050,1050,1800
2022-03-22 11:23:00,1050,1050,1050,1050,0
2022-03-22 11:24:00,1050,1050,1050,1050,0
2022-03-22 11:25:00,1050,1050,1050,1050,0
2022-03-22 11:26:00,1050,1050,1050,1050,2700
2022-03-22 11:27:00,1050,1050,1050,1050,0
2022-03-22 11:28:00,1050,1050,1050,1050,0
2022-03-22 11:29:00,1050,1050,1050,1050,0
2022-03-22 11:30:00,1050,1050,1050,1050,0
2022-03-22 11:31:00,1050,1050,1050,1050,0
2022-03-22 11:32:00,1050,1050,1050,1050,0
2022-03-22 11:33:00,1050,1050,1050,1050,0
2022-03-22 11:34:00,1050,1050,1050,1050,0
2022-03-22 11:35:00,1050,1050,1050,1050,0
2022-03-22 11:36:00,1050,1050,1050,1050,0
2022-03-22 11:37:00,1050,1050,1050,1050,0
2022-03-22 11:38:00,1050,1050,1050,1050,0
2022-03-22 11:39:00,1050,1050,1050,1050,0
2022-03-22 11:40:00,1050,1050,1050,1050,0
2022-03-22 11:41:00,1050,1050,1050,1050,0
2022-03-22 11:42:00,1050,1050,1050,1050,0
2022-03-22 11:43:00,1050,1050,1050,1050,0
2022-03-22 11:44:00,1050,1050,1050,1050,0
2022-03-22 11:45:00,1050,1050,1050,1050,0
2022-03-22 11:46:00,1050,1050,1050,1050,0
2022-03-22 11:47:00,1050,1050,1050,1050,0
2022-03-22 11:48:00,1050,1050,1050,1050,0
2022-03-22 11:49:00,1050,1050,1050,1050,0
2022-03-22 11:50:00,1050,1050,1050,1050,0
2022-03-22 11:51:00,1050,1050,1050,1050,0
2022-03-22 11:52:00,1050,1050,1050,1050,0
2022-03-22 11:53:00,1050,1050,1050,1050,0
2022-03-22 11:54:00,1050,1050,1050,1050,0
2022-03-22 11:55:00,1050,1050,1050,1050,0
2022-03-22 11:56:00,1050,1050,1050,1050,0
2022-03-22 11:57:00,1050,1050,1050,1050,0
2022-03-22 11:58:00,1050,1050,1050,1050,0
2022-03-22 11:59:00,1050,1050,1050,1050,0
2022-03-22 12:00:00,1050,1050,1050,1050,0
2022-03-22 12:01:00,1050,1050,1050,1050,0
2022-03-22 12:02:00,1050,1050,1050,1050,0
2022-03-22 12:03:00,1050,1050,1050,1050,0
2022-03-22 12:04:00,1050,1050,1050,1050,0
2022-03-22 12:05:00,1050,1050,1050,1050,0
2022-03-22 12:06:00,1050,1050,1050,1050,0
2022-03-22 12:07:00,1050,1050,1050,1050,0
2022-03-22 12:08:00,1050,1050,1050,1050,0
2022-03-22 12:09:00,1050,1050,1050,1050,0
2022-03-22 12:10:00,1050,1050,1050,1050,0
2022-03-22 12:11:00,1050,1050,1050,1050,0
2022-03-22 12:12:00,1050,1050,1050,1050,0
2022-03-22 12:13:00,1050,1050,1050,1050,0
2022-03-22 12:14:00,1050,1050,1050,1050,0
2022-03-22 12:15:00,1050,1050,1050,1050,0
2022-03-22 12:16:00,1050,1050,1050,1050,0
2022-03-22 12:17:00,1050,1050,1050,1050,0
2022-03-22 12:18:00,1050,1050,1050,1050,0
2022-03-22 12:19:00,1050,1050,1050,1050,0
2022-03-22 12:20:00,1050,1050,1050,1050,0
2022-03-22 12:21:00,1050,1050,1050,1050,0
2022-03-22 12:22:00,1050,1050,1050,1050,0
2022-03-22 12:23:00,1050,1050,1050,1050,0
2022-03-22 12:24:00,1050,1050,1050,1050,0
2022-03-22 12:25:00,1050,1050,1050,1050,0
2022-03-22 12:26:00,1050,1050,1050,1050,0
2022-03-22 12:27:00,1050,1050,1050,1050,0
2022-03-22 12:28:00,1050,1050,1050,1050,0
2022-03-22 12:29:00,1050,1050,1050,1050,0
2022-03-22 12:30:00,1050,1050,1050,1050,0
2022-03-22 12:31:00,1050,1050,1050,1050,0
2022-03-22 12:32:00,1050,1050,1050,1050,0
2022-03-22 12:33:00,1050,1050,1050,1050,0
2022-03-22 12:34:00,1050,1050,1050,1050,0
2022-03-22 12:35:00,1050,1050,1050,1050,0
2022-03-22 12:36:00,1050,1050,1050,1050,0
2022-03-22 12:37:00,1050,1050,1050,1050,0
2022-03-22 12:38:00,1050,1050,1050,1050,0
2022-03-22 12:39:00,1050,1050,1050,1050,0
2022-03-22 12:40:00,1050,1050,1050,1050,0
2022-03-22 12:41:00,1050,1050,1050,1050,0
2022-03-22 12:42:00,1050,1050,1050,1050,0
2022-03-22 12:43:00,1050,1050,1050,1050,0
2022-03-22 12:44:00,1050,1050,1050,1050,0
2022-03-22 12:45:00,1050,1050,1050,1050,0
2022-03-22 12:46:00,1050,1050,1050,1050,0
2022-03-22 12:47:00,1050,1050,1050,1050,0
2022-03-22 12:48:00,1050,1050,1050,1050,0
2022-03-22 12:49:00,1050,1050,1050,1050,0
2022-03-22 12:50:00,1050,1050,1050,1050,0
2022-03-22 12:51:00,1050,1050,1050,1050,0
2022-03-22 12:52:00,1050,1050,1050,1050,0
2022-03-22 12:53:00,1050,1050,1050,1050,0
2022-03-22 12:54:00,1050,1050,1050,1050,0
2022-03-22 12:55:00,1050,1050,1050,1050,0
2022-03-22 12:56:00,1050,1050,1050,1050,0
2022-03-22 12:57:00,1050,1050,1050,1050,0
2022-03-22 12:58:00,1050,1050,1050,1050,0
2022-03-22 12:59:00,1050,1050,1050,1050,0
2022-03-22 13:00:00,1050,1050,1050,1050,0
2022-03-22 13:01:00,1050,1050,1050,1050,0
2022-03-22 13:02:00,1050,1050,1050,1050,0
2022-03-22 13:03:00,1050,1050,1050,1050,0
2022-03-22 13:04:00,1050,1050,1050,1050,0
2022-03-22 13:05:00,1050,1050,1050,1050,0
2022-03-22 13:06:00,1050,1050,1050,1050,0
2022-03-22 13:07:00,1050,1050,1050,1050,0
2022-03-22 13:08:00,1050,1050,1050,1050,0
2022-03-22 13:09:00,1050,1050,1050,1050,0
2022-03-22 13:10:00,1050,1050,1050,1050,0
2022-03-22 13:11:00,1050,1050,1050,1050,0
2022-03-22 13:12:00,1050,1050,1050,1050,0
2022-03-22 13:13:00,1050,1050,1050,1050,0
2022-03-22 13:14:00,1050,1050,1050,1050,0
2022-03-22 13:15:00,1050,1050,1050,1050,0
2022-03-22 13:16:00,1050,1050,1050,1050,0
2022-03-22 13:17:00,1050,1050,1050,1050,0
2022-03-22 13:18:00,1050,1050,1050,1050,0
2022-03-22 13:19:00,1050,1050,1050,1050,0
2022-03-22 13:20:00,1050,1050,1050,1050,0
2022-03-22 13:21:00,1050,1050,1050,1050,0
2022-03-22 13:22:00,1050,1050,1050,1050,0
2022-03-22 13:23:00,1050,1050,1050,1050,0
2022-03-22 13:24:00,1050,1050,1050,1050,0
2022-03-22 13:25:00,1050,1050,1050,1050,0
2022-03-22 13:26:00,1050,1050,1050,1050,0
2022-03-22 13:27:00,1050,1050,1050,1050,0
2022-03-22 13:28:00,1050,1050,1050,1050,0
2022-03-22 13:29:00,1050,1050,1050,1050,0
2022-03-22 13:30:00,1050,1050,1050,1050,800
2022-03-22 13:31:00,1050,1050,1050,1050,0
2022-03-22 13:32:00,1050,1050,1050,1050,0
2022-03-22 13:33:00,1050,1050,1050,1050,0
2022-03-22 13:34:00,1050,1050,1050,1050,0
2022-03-22 13:35:00,1050,1050,1050,1050,0
2022-03-22 13:36:00,1050,1050,1050,1050,0
2022-03-22 13:37:00,1050,1050,1050,1050,0
2022-03-22 13:38:00,1050,1050,1050,1050,0
2022-03-22 13:39:00,1050,1050,1050,1050,0
2022-03-22 13:40:00,1050,1050,1050,1050,500
2022-03-22 13:41:00,1050,1050,1050,1050,0
2022-03-22 13:42:00,1040,1040,1040,1040,100
2022-03-22 13:43:00,1040,1040,1040,1040,2300
2022-03-22 13:44:00,1040,1040,1045,1045,89900
2022-03-22 13:45:00,1045,1045,1045,1045,145400
2022-03-22 13:46:00,1045,1045,1045,1045,33400
2022-03-22 13:47:00,1045,1045,1045,1045,0
2022-03-22 13:48:00,1045,1045,1045,1045,11000
2022-03-22 13:49:00,1040,1040,1040,1040,4800
2022-03-22 13:50:00,1040,1040,1040,1040,0
2022-03-22 13:51:00,1040,1040,1040,1040,0
2022-03-22 13:52:00,1040,1040,1045,1045,4100
2022-03-22 13:53:00,1045,1045,1045,1045,200
2022-03-22 13:54:00,1045,1045,1045,1045,0
2022-03-22 13:55:00,1045,1045,1045,1045,100
2022-03-22 13:56:00,1045,1045,1045,1045,0
2022-03-22 13:57:00,1045,1045,1045,1045,0
2022-03-22 13:58:00,1045,1045,1045,1045,1700
2022-03-22 13:59:00,1045,1045,1045,1045,0
2022-03-22 14:00:00,1045,1045,1045,1045,0
2022-03-22 14:01:00,1045,1045,1045,1045,0
2022-03-22 14:02:00,1045,1045,1045,1045,0
2022-03-22 14:03:00,1045,1045,1045,1045,100
2022-03-22 14:04:00,1045,1045,1045,1045,0
2022-03-22 14:05:00,1045,1045,1045,1045,0
2022-03-22 14:06:00,1050,1050,1050,1050,100
2022-03-22 14:07:00,1045,1045,1045,1045,1500
2022-03-22 14:08:00,1045,1045,1045,1045,500
2022-03-22 14:09:00,1045,1045,1045,1045,0
2022-03-22 14:10:00,1040,1040,1040,1040,10100
2022-03-22 14:11:00,1040,1040,1040,1040,0
2022-03-22 14:12:00,1040,1040,1040,1040,200
2022-03-22 14:13:00,1040,1040,1040,1040,0
2022-03-22 14:14:00,1040,1040,1040,1040,0
2022-03-22 14:15:00,1040,1040,1040,1040,0
2022-03-22 14:16:00,1040,1040,1040,1040,0
2022-03-22 14:17:00,1040,1040,1040,1040,0
2022-03-22 14:18:00,1040,1040,1040,1040,2200
2022-03-22 14:19:00,1040,1040,1040,1040,0
2022-03-22 14:20:00,1040,1040,1040,1040,0
2022-03-22 14:21:00,1040,1040,1040,1040,400
2022-03-22 14:22:00,1040,1040,1040,1040,0
2022-03-22 14:23:00,1045,1045,1045,1045,800
2022-03-22 14:24:00,1045,1045,1045,1045,0
2022-03-22 14:25:00,1045,1045,1045,1045,0
2022-03-22 14:26:00,1040,1040,1040,1040,1000
2022-03-22 14:27:00,1040,1040,1040,1040,11000
2022-03-22 14:28:00,1040,1040,1040,1040,0
2022-03-22 14:29:00,1040,1040,1040,1040,0
2022-03-22 14:30:00,1040,1040,1040,1040,5000
2022-03-22 14:31:00,1040,1040,1040,1040,0
2022-03-22 14:32:00,1045,1045,1045,1045,8700
2022-03-22 14:33:00,1045,1045,1045,1045,0
2022-03-22 14:34:00,1045,1045,1045,1045,0
2022-03-22 14:35:00,1045,1045,1045,1045,1500
2022-03-22 14:36:00,1045,1045,1045,1045,0
2022-03-22 14:37:00,1045,1045,1045,1045,0
2022-03-22 14:38:00,1045,1045,1045,1045,0
2022-03-22 14:39:00,1045,1045,1045,1045,0
2022-03-22 14:40:00,1045,1045,1045,1045,800
2022-03-22 14:41:00,1045,1045,1045,1045,2000
2022-03-22 14:42:00,1045,1045,1045,1045,0
2022-03-22 14:43:00,1045,1045,1045,1045,4800
2022-03-22 14:44:00,1045,1045,1045,1045,3000
2022-03-22 14:45:00,1045,1045,1045,1045,1000
2022-03-22 14:46:00,1045,1045,1045,1045,2300
2022-03-22 14:47:00,1045,1045,1045,1045,0
2022-03-22 14:48:00,1045,1045,1045,1045,3100
2022-03-22 14:49:00,1045,1045,1045,1045,0
2022-03-22 14:50:00,1045,1045,1045,1045,0
2022-03-22 14:51:00,1045,1045,1045,1045,0
2022-03-22 14:52:00,1045,1045,1045,1045,0
2022-03-22 14:53:00,1045,1045,1045,1045,0
2022-03-22 14:54:00,1045,1045,1045,1045,0
2022-03-22 14:55:00,1045,1045,1045,1045,0
2022-03-22 14:56:00,1045,1045,1045,1045,0
2022-03-22 14:57:00,1045,1045,1045,1045,0
2022-03-22 14:58:00,1045,1045,1045,1045,0
2022-03-22 14:59:00,1045,1045,1045,1045,0
2022-03-22 15:00:00,1040,1040,1040,1040,12600
2022-03-22 15:01:00,1040,1040,1040,1040,1400
2022-03-22 15:02:00,1040,1040,1040,1040,0
2022-03-22 15:03:00,1040,1040,1040,1040,1000
2022-03-22 15:04:00,1040,1040,1040,1040,0
2022-03-22 15:05:00,1040,1040,1040,1040,50000
2022-03-22 15:06:00,1040,1040,1040,1040,50000
2022-03-22 15:07:00,1040,1040,1040,1040,526900
2022-03-22 15:08:00,1040,1040,1040,1040,50000
2022-03-22 15:09:00,1040,1040,1040,1040,200
2022-03-22 15:10:00,1040,1040,1040,1040,2400
2022-03-22 15:11:00,1040,1040,1040,1040,900
2022-03-22 15:12:00,1040,1040,1040,1040,0
2022-03-22 15:13:00,1040,1040,1040,1040,0
2022-03-22 15:14:00,1040,1040,1040,1040,0
2022-03-22 15:15:00,1040,1040,1040,1040,0
2022-03-22 15:16:00,1040,1040,1040,1040,0
2022-03-22 15:17:00,1040,1040,1040,1040,0
2022-03-22 15:18:00,1040,1040,1040,1040,0
2022-03-22 15:19:00,1040,1040,1040,1040,0
2022-03-22 15:20:00,1040,1040,1040,1040,0
2022-03-22 15:21:00,1040,1040,1040,1040,0
2022-03-22 15:22:00,1040,1040,1040,1040,0
2022-03-22 15:23:00,1040,1040,1040,1040,0
2022-03-22 15:24:00,1040,1040,1040,1040,0
2022-03-22 15:25:00,1040,1040,1040,1040,0
2022-03-22 15:26:00,1040,1040,1040,1040,0
2022-03-22 15:27:00,1040,1040,1040,1040,0
2022-03-22 15:28:00,1040,1040,1040,1040,0
2022-03-22 15:29:00,1040,1040,1040,1040,0
2022-03-22 15:30:00,1040,1040,1040,1040,0
2022-03-22 15:31:00,1040,1040,1040,1040,0
2022-03-22 15:32:00,1040,1040,1040,1040,0
2022-03-22 15:33:00,1040,1040,1040,1040,0
2022-03-22 15:34:00,1040,1040,1040,1040,0
2022-03-22 15:35:00,1040,1040,1040,1040,0
2022-03-22 15:36:00,1040,1040,1040,1040,0
2022-03-22 15:37:00,1040,1040,1040,1040,0
2022-03-22 15:38:00,1040,1040,1040,1040,0
2022-03-22 15:39:00,1040,1040,1040,1040,0
2022-03-22 15:40:00,1040,1040,1040,1040,0
2022-03-22 15:41:00,1040,1040,1040,1040,0
2022-03-22 15:42:00,1040,1040,1040,1040,0
2022-03-22 15:43:00,1040,1040,1040,1040,0
2022-03-22 15:44:00,1040,1040,1040,1040,0
2022-03-22 15:45:00,1040,1040,1040,1040,0
2022-03-22 15:46:00,1040,1040,1040,1040,0
2022-03-22 15:47:00,1040,1040,1040,1040,0
2022-03-22 15:48:00,1040,1040,1040,1040,0
2022-03-22 15:49:00,1040,1040,1040,1040,0
2022-03-22 15:50:00,1040,1040,1040,1040,0
2022-03-22 15:51:00,1040,1040,1040,1040,0
2022-03-22 15:52:00,1040,1040,1040,1040,0
2022-03-22 15:53:00,1040,1040,1040,1040,0
2022-03-22 15:54:00,1040,1040,1040,1040,0
2022-03-22 15:55:00,1040,1040,1040,1040,0
2022-03-22 15:56:00,1040,1040,1040,1040,0
2022-03-22 15:57:00,1040,1040,1040,1040,0
2022-03-22 15:58:00,1040,1040,1040,1040,0
2022-03-22 15:59:00,1040,1040,1040,1040,0
2022-03-23 09:00:00,1050,1050,1050,1050,0
2022-03-23 09:01:00,1040,1030,1040,1030,19600
2022-03-23 09:02:00,1040,1030,1040,1030,0
2022-03-23 09:03:00,1050,1050,1060,1050,334600
2022-03-23 09:04:00,1050,1050,1055,1055,116300
2022-03-23 09:05:00,1055,1055,1055,1055,270000
2022-03-23 09:06:00,1055,1055,1055,1055,303100
2022-03-23 09:07:00,1055,1055,1060,1060,241800
2022-03-23 09:08:00,1055,1055,1055,1055,381900
2022-03-23 09:09:00,1055,1055,1055,1055,203900
2022-03-23 09:10:00,1055,1055,1060,1055,145700
2022-03-23 09:11:00,1055,1055,1055,1055,130400
2022-03-23 09:12:00,1055,1050,1055,1055,101800
2022-03-23 09:13:00,1055,1055,1055,1055,63800
2022-03-23 09:14:00,1050,1050,1055,1055,107800
2022-03-23 09:15:00,1055,1055,1055,1055,129600
2022-03-23 09:16:00,1060,1060,1060,1060,309900
2022-03-23 09:17:00,1065,1065,1065,1065,403200
2022-03-23 09:18:00,1065,1065,1065,1065,103400
2022-03-23 09:19:00,1065,1065,1065,1065,500
2022-03-23 09:20:00,1065,1065,1065,1065,1000
2022-03-23 09:21:00,1065,1060,1070,1070,17400
2022-03-23 09:22:00,1065,1065,1065,1065,5000
2022-03-23 09:23:00,1065,1065,1065,1065,4100
2022-03-23 09:24:00,1065,1065,1065,1065,12800
2022-03-23 09:25:00,1060,1060,1060,1060,63200
2022-03-23 09:26:00,1060,1060,1060,1060,300
2022-03-23 09:27:00,1055,1055,1055,1055,600
2022-03-23 09:28:00,1055,1055,1055,1055,500
2022-03-23 09:29:00,1055,1055,1055,1055,0
2022-03-23 09:30:00,1055,1055,1055,1055,0
2022-03-23 09:31:00,1055,1055,1055,1055,26400
2022-03-23 09:32:00,1055,1055,1055,1055,8100
2022-03-23 09:33:00,1055,1055,1055,1055,1000
2022-03-23 09:34:00,1055,1050,1055,1050,66300
2022-03-23 09:35:00,1050,1050,1050,1050,100
2022-03-23 09:36:00,1050,1050,1050,1050,0
2022-03-23 09:37:00,1050,1050,1050,1050,0
2022-03-23 09:38:00,1050,1050,1050,1050,0
2022-03-23 09:39:00,1050,1050,1050,1050,0
2022-03-23 09:40:00,1045,1045,1045,1045,7000
2022-03-23 09:41:00,1045,1045,1045,1045,0
2022-03-23 09:42:00,1045,1045,1045,1045,2500
2022-03-23 09:43:00,1045,1045,1045,1045,0
2022-03-23 09:44:00,1045,1045,1045,1045,5000
2022-03-23 09:45:00,1045,1045,1045,1045,0
2022-03-23 09:46:00,1045,1045,1045,1045,0
2022-03-23 09:47:00,1045,1045,1045,1045,0
2022-03-23 09:48:00,1045,1045,1045,1045,0
2022-03-23 09:49:00,1045,1045,1045,1045,0
2022-03-23 09:50:00,1045,1045,1045,1045,0
2022-03-23 09:51:00,1045,1045,1045,1045,0
2022-03-23 09:52:00,1045,1045,1045,1045,0
2022-03-23 09:53:00,1045,1045,1045,1045,0
2022-03-23 09:54:00,1045,1045,1045,1045,0
2022-03-23 09:55:00,1050,1050,1050,1050,600
2022-03-23 09:56:00,1050,1050,1050,1050,5000
2022-03-23 09:57:00,1050,1050,1050,1050,0
2022-03-23 09:58:00,1050,1050,1050,1050,1100
2022-03-23 09:59:00,1050,1045,1050,1045,1100
2022-03-23 10:00:00,1050,1045,1050,1045,0
2022-03-23 10:01:00,1050,1050,1050,1050,100
2022-03-23 10:02:00,1050,1050,1050,1050,0
2022-03-23 10:03:00,1050,1050,1050,1050,7800
2022-03-23 10:04:00,1050,1050,1050,1050,5200
2022-03-23 10:05:00,1050,1050,1050,1050,2100
2022-03-23 10:06:00,1050,1050,1050,1050,1900
2022-03-23 10:07:00,1045,1045,1045,1045,100
2022-03-23 10:08:00,1050,1050,1050,1050,300
2022-03-23 10:09:00,1050,1050,1050,1050,2800
2022-03-23 10:10:00,1050,1050,1050,1050,300
2022-03-23 10:11:00,1045,1045,1045,1045,4000
2022-03-23 10:12:00,1045,1045,1045,1045,0
2022-03-23 10:13:00,1045,1045,1045,1045,1000
2022-03-23 10:14:00,1045,1045,1045,1045,0
2022-03-23 10:15:00,1045,1045,1045,1045,0
2022-03-23 10:16:00,1045,1045,1045,1045,0
2022-03-23 10:17:00,1045,1045,1045,1045,0
2022-03-23 10:18:00,1045,1045,1045,1045,0
2022-03-23 10:19:00,1045,1045,1045,1045,0
2022-03-23 10:20:00,1045,1045,1045,1045,3000
2022-03-23 10:21:00,1045,1045,1045,1045,0
2022-03-23 10:22:00,1045,1045,1045,1045,0
2022-03-23 10:23:00,1045,1045,1045,1045,0
2022-03-23 10:24:00,1045,1045,1045,1045,0
2022-03-23 10:25:00,1045,1045,1045,1045,0
2022-03-23 10:26:00,1045,1045,1045,1045,1000
2022-03-23 10:27:00,1045,1045,1045,1045,4500
2022-03-23 10:28:00,1045,1045,1045,1045,100
2022-03-23 10:29:00,1045,1045,1045,1045,0
2022-03-23 10:30:00,1050,1050,1055,1050,288700
2022-03-23 10:31:00,1050,1050,1055,1055,230200
2022-03-23 10:32:00,1055,1055,1055,1055,28900
2022-03-23 10:33:00,1060,1055,1060,1055,800
2022-03-23 10:34:00,1055,1055,1055,1055,200400
2022-03-23 10:35:00,1055,1055,1055,1055,54300
2022-03-23 10:36:00,1055,1055,1065,1065,160300
2022-03-23 10:37:00,1065,1060,1065,1060,297600
2022-03-23 10:38:00,1060,1060,1060,1060,60500
2022-03-23 10:39:00,1065,1065,1065,1065,500
2022-03-23 10:40:00,1065,1065,1065,1065,0
2022-03-23 10:41:00,1065,1065,1065,1065,10000
2022-03-23 10:42:00,1065,1065,1065,1065,0
2022-03-23 10:43:00,1065,1065,1065,1065,0
2022-03-23 10:44:00,1060,1060,1060,1060,1500
2022-03-23 10:45:00,1060,1060,1060,1060,0
2022-03-23 10:46:00,1060,1060,1060,1060,0
2022-03-23 10:47:00,1060,1060,1060,1060,36100
2022-03-23 10:48:00,1060,1060,1060,1060,100
2022-03-23 10:49:00,1060,1060,1060,1060,0
2022-03-23 10:50:00,1060,1060,1060,1060,0
2022-03-23 10:51:00,1060,1060,1060,1060,0
2022-03-23 10:52:00,1060,1060,1060,1060,0
2022-03-23 10:53:00,1060,1060,1060,1060,0
2022-03-23 10:54:00,1060,1060,1060,1060,0
2022-03-23 10:55:00,1060,1060,1060,1060,900
2022-03-23 10:56:00,1060,1060,1060,1060,0
2022-03-23 10:57:00,1060,1055,1060,1055,10500
2022-03-23 10:58:00,1060,1055,1060,1055,0
2022-03-23 10:59:00,1060,1055,1060,1055,0
2022-03-23 11:00:00,1060,1055,1060,1055,0
2022-03-23 11:01:00,1055,1055,1055,1055,500
2022-03-23 11:02:00,1055,1055,1055,1055,3000
2022-03-23 11:03:00,1055,1055,1055,1055,0
2022-03-23 11:04:00,1055,1055,1055,1055,0
2022-03-23 11:05:00,1055,1055,1055,1055,0
2022-03-23 11:06:00,1055,1055,1055,1055,0
2022-03-23 11:07:00,1055,1055,1055,1055,500
2022-03-23 11:08:00,1055,1055,1055,1055,1000
2022-03-23 11:09:00,1055,1055,1055,1055,2500
2022-03-23 11:10:00,1055,1055,1055,1055,0
2022-03-23 11:11:00,1055,1055,1055,1055,0
2022-03-23 11:12:00,1055,1055,1055,1055,0
2022-03-23 11:13:00,1060,1060,1060,1060,2400
2022-03-23 11:14:00,1055,1055,1055,1055,100
2022-03-23 11:15:00,1055,1055,1055,1055,0
2022-03-23 11:16:00,1055,1055,1055,1055,10000
2022-03-23 11:17:00,1055,1055,1055,1055,0
2022-03-23 11:18:00,1055,1055,1055,1055,4200
2022-03-23 11:19:00,1055,1055,1055,1055,0
2022-03-23 11:20:00,1055,1055,1055,1055,0
2022-03-23 11:21:00,1055,1055,1055,1055,0
2022-03-23 11:22:00,1055,1055,1055,1055,2800
2022-03-23 11:23:00,1055,1055,1055,1055,0
2022-03-23 11:24:00,1055,1055,1055,1055,0
2022-03-23 11:25:00,1055,1055,1055,1055,0
2022-03-23 11:26:00,1055,1055,1055,1055,2400
2022-03-23 11:27:00,1055,1055,1055,1055,0
2022-03-23 11:28:00,1055,1055,1055,1055,2000
2022-03-23 11:29:00,1055,1055,1055,1055,0
2022-03-23 11:30:00,1055,1055,1055,1055,0
2022-03-23 11:31:00,1055,1055,1055,1055,0
2022-03-23 11:32:00,1055,1055,1055,1055,0
2022-03-23 11:33:00,1055,1055,1055,1055,0
2022-03-23 11:34:00,1055,1055,1055,1055,0
2022-03-23 11:35:00,1055,1055,1055,1055,0
2022-03-23 11:36:00,1055,1055,1055,1055,0
2022-03-23 11:37:00,1055,1055,1055,1055,0
2022-03-23 11:38:00,1055,1055,1055,1055,0
2022-03-23 11:39:00,1055,1055,1055,1055,0
2022-03-23 11:40:00,1055,1055,1055,1055,0
2022-03-23 11:41:00,1055,1055,1055,1055,0
2022-03-23 11:42:00,1055,1055,1055,1055,0
2022-03-23 11:43:00,1055,1055,1055,1055,0
2022-03-23 11:44:00,1055,1055,1055,1055,0
2022-03-23 11:45:00,1055,1055,1055,1055,0
2022-03-23 11:46:00,1055,1055,1055,1055,0
2022-03-23 11:47:00,1055,1055,1055,1055,0
2022-03-23 11:48:00,1055,1055,1055,1055,0
2022-03-23 11:49:00,1055,1055,1055,1055,0
2022-03-23 11:50:00,1055,1055,1055,1055,0
2022-03-23 11:51:00,1055,1055,1055,1055,0
2022-03-23 11:52:00,1055,1055,1055,1055,0
2022-03-23 11:53:00,1055,1055,1055,1055,0
2022-03-23 11:54:00,1055,1055,1055,1055,0
2022-03-23 11:55:00,1055,1055,1055,1055,0
2022-03-23 11:56:00,1055,1055,1055,1055,0
2022-03-23 11:57:00,1055,1055,1055,1055,0
2022-03-23 11:58:00,1055,1055,1055,1055,0
2022-03-23 11:59:00,1055,1055,1055,1055,0
2022-03-23 12:00:00,1055,1055,1055,1055,0
2022-03-23 12:01:00,1055,1055,1055,1055,0
2022-03-23 12:02:00,1055,1055,1055,1055,0
2022-03-23 12:03:00,1055,1055,1055,1055,0
2022-03-23 12:04:00,1055,1055,1055,1055,0
2022-03-23 12:05:00,1055,1055,1055,1055,0
2022-03-23 12:06:00,1055,1055,1055,1055,0
2022-03-23 12:07:00,1055,1055,1055,1055,0
2022-03-23 12:08:00,1055,1055,1055,1055,0
2022-03-23 12:09:00,1055,1055,1055,1055,0
2022-03-23 12:10:00,1055,1055,1055,1055,0
2022-03-23 12:11:00,1055,1055,1055,1055,0
2022-03-23 12:12:00,1055,1055,1055,1055,0
2022-03-23 12:13:00,1055,1055,1055,1055,0
2022-03-23 12:14:00,1055,1055,1055,1055,0
2022-03-23 12:15:00,1055,1055,1055,1055,0
2022-03-23 12:16:00,1055,1055,1055,1055,0
2022-03-23 12:17:00,1055,1055,1055,1055,0
2022-03-23 12:18:00,1055,1055,1055,1055,0
2022-03-23 12:19:00,1055,1055,1055,1055,0
2022-03-23 12:20:00,1055,1055,1055,1055,0
2022-03-23 12:21:00,1055,1055,1055,1055,0
2022-03-23 12:22:00,1055,1055,1055,1055,0
2022-03-23 12:23:00,1055,1055,1055,1055,0
2022-03-23 12:24:00,1055,1055,1055,1055,0
2022-03-23 12:25:00,1055,1055,1055,1055,0
2022-03-23 12:26:00,1055,1055,1055,1055,0
2022-03-23 12:27:00,1055,1055,1055,1055,0
2022-03-23 12:28:00,1055,1055,1055,1055,0
2022-03-23 12:29:00,1055,1055,1055,1055,0
2022-03-23 12:30:00,1055,1055,1055,1055,0
2022-03-23 12:31:00,1055,1055,1055,1055,0
2022-03-23 12:32:00,1055,1055,1055,1055,0
2022-03-23 12:33:00,1055,1055,1055,1055,0
2022-03-23 12:34:00,1055,1055,1055,1055,0
2022-03-23 12:35:00,1055,1055,1055,1055,0
2022-03-23 12:36:00,1055,1055,1055,1055,0
2022-03-23 12:37:00,1055,1055,1055,1055,0
2022-03-23 12:38:00,1055,1055,1055,1055,0
2022-03-23 12:39:00,1055,1055,1055,1055,0
2022-03-23 12:40:00,1055,1055,1055,1055,0
2022-03-23 12:41:00,1055,1055,1055,1055,0
2022-03-23 12:42:00,1055,1055,1055,1055,0
2022-03-23 12:43:00,1055,1055,1055,1055,0
2022-03-23 12:44:00,1055,1055,1055,1055,0
2022-03-23 12:45:00,1055,1055,1055,1055,0
2022-03-23 12:46:00,1055,1055,1055,1055,0
2022-03-23 12:47:00,1055,1055,1055,1055,0
2022-03-23 12:48:00,1055,1055,1055,1055,0
2022-03-23 12:49:00,1055,1055,1055,1055,0
2022-03-23 12:50:00,1055,1055,1055,1055,0
2022-03-23 12:51:00,1055,1055,1055,1055,0
2022-03-23 12:52:00,1055,1055,1055,1055,0
2022-03-23 12:53:00,1055,1055,1055,1055,0
2022-03-23 12:54:00,1055,1055,1055,1055,0
2022-03-23 12:55:00,1055,1055,1055,1055,0
2022-03-23 12:56:00,1055,1055,1055,1055,0
2022-03-23 12:57:00,1055,1055,1055,1055,0
2022-03-23 12:58:00,1055,1055,1055,1055,0
2022-03-23 12:59:00,1055,1055,1055,1055,0
2022-03-23 13:00:00,1055,1055,1055,1055,0
2022-03-23 13:01:00,1055,1055,1055,1055,0
2022-03-23 13:02:00,1055,1055,1055,1055,0
2022-03-23 13:03:00,1055,1055,1055,1055,0
2022-03-23 13:04:00,1055,1055,1055,1055,0
2022-03-23 13:05:00,1055,1055,1055,1055,0
2022-03-23 13:06:00,1055,1055,1055,1055,0
2022-03-23 13:07:00,1055,1055,1055,1055,0
2022-03-23 13:08:00,1055,1055,1055,1055,0
2022-03-23 13:09:00,1055,1055,1055,1055,0
2022-03-23 13:10:00,1055,1055,1055,1055,0
2022-03-23 13:11:00,1055,1055,1055,1055,0
2022-03-23 13:12:00,1055,1055,1055,1055,0
2022-03-23 13:13:00,1055,1055,1055,1055,0
2022-03-23 13:14:00,1055,1055,1055,1055,0
2022-03-23 13:15:00,1055,1055,1055,1055,0
2022-03-23 13:16:00,1055,1055,1055,1055,0
2022-03-23 13:17:00,1055,1055,1055,1055,0
2022-03-23 13:18:00,1055,1055,1055,1055,0
2022-03-23 13:19:00,1055,1055,1055,1055,0
2022-03-23 13:20:00,1055,1055,1055,1055,0
2022-03-23 13:21:00,1055,1055,1055,1055,0
2022-03-23 13:22:00,1055,1055,1055,1055,0
2022-03-23 13:23:00,1055,1055,1055,1055,0
2022-03-23 13:24:00,1055,1055,1055,1055,0
2022-03-23 13:25:00,1055,1055,1055,1055,0
2022-03-23 13:26:00,1055,1055,1055,1055,0
2022-03-23 13:27:00,1055,1055,1055,1055,0
2022-03-23 13:28:00,1055,1055,1055,1055,0
2022-03-23 13:29:00,1055,1055,1055,1055,0
2022-03-23 13:30:00,1050,1050,1060,1060,35800
2022-03-23 13:31:00,1050,1050,1060,1060,0
2022-03-23 13:32:00,1050,1050,1060,1060,0
2022-03-23 13:33:00,1065,1065,1070,1070,211000
2022-03-23 13:34:00,1070,1065,1070,1065,352500
2022-03-23 13:35:00,1070,1065,1070,1065,183300
2022-03-23 13:36:00,1065,1065,1065,1065,199900
2022-03-23 13:37:00,1065,1065,1070,1070,260000
2022-03-23 13:38:00,1070,1070,1070,1070,65200
2022-03-23 13:39:00,1070,1070,1075,1075,510400
2022-03-23 13:40:00,1075,1070,1075,1070,220900
2022-03-23 13:41:00,1075,1075,1085,1080,470100
2022-03-23 13:42:00,1080,1080,1085,1080,321300
2022-03-23 13:43:00,1085,1085,1095,1085,316900
2022-03-23 13:44:00,1095,1090,1100,1090,353700
2022-03-23 13:45:00,1090,1085,1090,1085,86600
2022-03-23 13:46:00,1085,1085,1085,1085,6400
2022-03-23 13:47:00,1080,1080,1080,1080,200
2022-03-23 13:48:00,1080,1080,1080,1080,18100
2022-03-23 13:49:00,1080,1080,1080,1080,500
2022-03-23 13:50:00,1080,1080,1080,1080,200
2022-03-23 13:51:00,1085,1085,1085,1085,11200
2022-03-23 13:52:00,1085,1085,1085,1085,0
2022-03-23 13:53:00,1085,1085,1085,1085,4500
2022-03-23 13:54:00,1085,1085,1085,1085,0
2022-03-23 13:55:00,1085,1085,1085,1085,1100
2022-03-23 13:56:00,1090,1090,1090,1090,3000
2022-03-23 13:57:00,1090,1085,1090,1085,5300
2022-03-23 13:58:00,1085,1085,1085,1085,500
2022-03-23 13:59:00,1090,1085,1090,1085,13200
2022-03-23 14:00:00,1085,1085,1085,1085,400
2022-03-23 14:01:00,1090,1085,1090,1085,800
2022-03-23 14:02:00,1090,1085,1090,1085,0
2022-03-23 14:03:00,1090,1085,1090,1085,0
2022-03-23 14:04:00,1090,1090,1090,1090,24100
2022-03-23 14:05:00,1090,1090,1090,1090,0
2022-03-23 14:06:00,1090,1085,1090,1085,12100
2022-03-23 14:07:00,1085,1085,1085,1085,3200
2022-03-23 14:08:00,1085,1085,1085,1085,24400
2022-03-23 14:09:00,1080,1080,1080,1080,5100
2022-03-23 14:10:00,1080,1080,1080,1080,15800
2022-03-23 14:11:00,1080,1080,1080,1080,1000
2022-03-23 14:12:00,1080,1080,1080,1080,0
2022-03-23 14:13:00,1080,1080,1080,1080,0
2022-03-23 14:14:00,1080,1080,1080,1080,500
2022-03-23 14:15:00,1080,1075,1080,1075,64200
2022-03-23 14:16:00,1075,1075,1075,1075,5000
2022-03-23 14:17:00,1080,1075,1080,1080,30900
2022-03-23 14:18:00,1080,1080,1085,1085,6500
2022-03-23 14:19:00,1080,1080,1085,1085,0
2022-03-23 14:20:00,1080,1080,1085,1085,0
2022-03-23 14:21:00,1085,1085,1085,1085,10000
2022-03-23 14:22:00,1090,1090,1090,1090,2500
2022-03-23 14:23:00,1085,1085,1085,1085,39800
2022-03-23 14:24:00,1085,1085,1085,1085,0
2022-03-23 14:25:00,1080,1080,1085,1080,29900
2022-03-23 14:26:00,1080,1080,1085,1080,0
2022-03-23 14:27:00,1080,1075,1080,1080,20000
2022-03-23 14:28:00,1080,1075,1080,1080,0
2022-03-23 14:29:00,1080,1075,1080,1080,0
2022-03-23 14:30:00,1075,1075,1075,1075,22000
2022-03-23 14:31:00,1075,1075,1075,1075,0
2022-03-23 14:32:00,1080,1080,1080,1080,1000
2022-03-23 14:33:00,1080,1080,1080,1080,0
2022-03-23 14:34:00,1080,1075,1080,1075,3100
2022-03-23 14:35:00,1075,1075,1080,1080,217700
2022-03-23 14:36:00,1080,1075,1080,1075,270300
2022-03-23 14:37:00,1080,1080,1080,1080,30700
2022-03-23 14:38:00,1085,1085,1095,1085,275400
2022-03-23 14:39:00,1090,1085,1095,1095,485700
2022-03-23 14:40:00,1095,1095,1100,1100,443400
2022-03-23 14:41:00,1100,1095,1105,1105,384200
2022-03-23 14:42:00,1105,1100,1105,1100,19200
2022-03-23 14:43:00,1100,1095,1105,1105,559800
2022-03-23 14:44:00,1105,1100,1105,1100,149500
2022-03-23 14:45:00,1100,1095,1100,1095,30400
2022-03-23 14:46:00,1095,1095,1095,1095,10400
2022-03-23 14:47:00,1095,1095,1095,1095,199100
2022-03-23 14:48:00,1090,1090,1095,1095,16900
2022-03-23 14:49:00,1095,1095,1095,1095,6200
2022-03-23 14:50:00,1095,1095,1095,1095,0
2022-03-23 14:51:00,1095,1095,1095,1095,0
2022-03-23 14:52:00,1095,1095,1095,1095,0
2022-03-23 14:53:00,1095,1095,1095,1095,0
2022-03-23 14:54:00,1095,1095,1095,1095,0
2022-03-23 14:55:00,1095,1095,1095,1095,0
2022-03-23 14:56:00,1095,1095,1095,1095,0
2022-03-23 14:57:00,1095,1095,1095,1095,0
2022-03-23 14:58:00,1095,1095,1095,1095,0
2022-03-23 14:59:00,1095,1095,1095,1095,0
2022-03-23 15:00:00,1095,1095,1095,1095,76000
2022-03-23 15:01:00,1095,1095,1095,1095,29900
2022-03-23 15:02:00,1095,1095,1095,1095,600
2022-03-23 15:03:00,1095,1095,1095,1095,3800
2022-03-23 15:04:00,1095,1095,1095,1095,0
2022-03-23 15:05:00,1095,1095,1095,1095,0
2022-03-23 15:06:00,1095,1095,1095,1095,1000
2022-03-23 15:07:00,1095,1095,1095,1095,0
2022-03-23 15:08:00,1095,1095,1095,1095,0
2022-03-23 15:09:00,1095,1095,1095,1095,1000
2022-03-23 15:10:00,1095,1095,1095,1095,0
2022-03-23 15:11:00,1095,1095,1095,1095,7600
2022-03-23 15:12:00,1095,1095,1095,1095,500
2022-03-23 15:13:00,1095,1095,1095,1095,0
2022-03-23 15:14:00,1095,1095,1095,1095,0
2022-03-23 15:15:00,1095,1095,1095,1095,0
2022-03-23 15:16:00,1095,1095,1095,1095,0
2022-03-23 15:17:00,1095,1095,1095,1095,0
2022-03-23 15:18:00,1095,1095,1095,1095,0
2022-03-23 15:19:00,1095,1095,1095,1095,0
2022-03-23 15:20:00,1095,1095,1095,1095,0
2022-03-23 15:21:00,1095,1095,1095,1095,0
2022-03-23 15:22:00,1095,1095,1095,1095,0
2022-03-23 15:23:00,1095,1095,1095,1095,0
2022-03-23 15:24:00,1095,1095,1095,1095,0
2022-03-23 15:25:00,1095,1095,1095,1095,0
2022-03-23 15:26:00,1095,1095,1095,1095,0
2022-03-23 15:27:00,1095,1095,1095,1095,0
2022-03-23 15:28:00,1095,1095,1095,1095,0
2022-03-23 15:29:00,1095,1095,1095,1095,0
2022-03-23 15:30:00,1095,1095,1095,1095,0
2022-03-23 15:31:00,1095,1095,1095,1095,0
2022-03-23 15:32:00,1095,1095,1095,1095,0
2022-03-23 15:33:00,1095,1095,1095,1095,0
2022-03-23 15:34:00,1095,1095,1095,1095,0
2022-03-23 15:35:00,1095,1095,1095,1095,0
2022-03-23 15:36:00,1095,1095,1095,1095,0
2022-03-23 15:37:00,1095,1095,1095,1095,0
2022-03-23 15:38:00,1095,1095,1095,1095,0
2022-03-23 15:39:00,1095,1095,1095,1095,0
2022-03-23 15:40:00,1095,1095,1095,1095,0
2022-03-23 15:41:00,1095,1095,1095,1095,0
2022-03-23 15:42:00,1095,1095,1095,1095,0
2022-03-23 15:43:00,1095,1095,1095,1095,0
2022-03-23 15:44:00,1095,1095,1095,1095,0
2022-03-23 15:45:00,1095,1095,1095,1095,0
2022-03-23 15:46:00,1095,1095,1095,1095,0
2022-03-23 15:47:00,1095,1095,1095,1095,0
2022-03-23 15:48:00,1095,1095,1095,1095,0
2022-03-23 15:49:00,1095,1095,1095,1095,0
2022-03-23 15:50:00,1095,1095,1095,1095,0
2022-03-23 15:51:00,1095,1095,1095,1095,0
2022-03-23 15:52:00,1095,1095,1095,1095,0
2022-03-23 15:53:00,1095,1095,1095,1095,0
2022-03-23 15:54:00,1095,1095,1095,1095,0
2022-03-23 15:55:00,1095,1095,1095,1095,0
2022-03-23 15:56:00,1095,1095,1095,1095,0
2022-03-23 15:57:00,1095,1095,1095,1095,0
2022-03-23 15:58:00,1095,1095,1095,1095,0
2022-03-23 15:59:00,1095,1095,1095,1095,0
2022-03-24 09:00:00,1095,1095,1115,1115,0
2022-03-24 09:01:00,1105,1105,1110,1105,346700
2022-03-24 09:02:00,1105,1100,1105,1105,215300
2022-03-24 09:03:00,1105,1100,1110,1100,78100
2022-03-24 09:04:00,1100,1100,1105,1100,32100
2022-03-24 09:05:00,1100,1100,1105,1100,20500
2022-03-24 09:06:00,1100,1100,1105,1100,0
2022-03-24 09:07:00,1100,1095,1100,1100,112300
2022-03-24 09:08:00,1100,1095,1100,1095,21800
2022-03-24 09:09:00,1095,1095,1095,1095,30100
2022-03-24 09:10:00,1095,1095,1095,1095,0
2022-03-24 09:11:00,1095,1095,1095,1095,200
2022-03-24 09:12:00,1090,1090,1090,1090,25300
2022-03-24 09:13:00,1090,1090,1090,1090,6000
2022-03-24 09:14:00,1090,1090,1095,1095,8700
2022-03-24 09:15:00,1095,1090,1095,1090,5500
2022-03-24 09:16:00,1100,1090,1100,1090,7900
2022-03-24 09:17:00,1090,1090,1100,1100,800
2022-03-24 09:18:00,1100,1100,1100,1100,4600
2022-03-24 09:19:00,1100,1100,1100,1100,0
2022-03-24 09:20:00,1100,1100,1100,1100,0
2022-03-24 09:21:00,1100,1100,1100,1100,0
2022-03-24 09:22:00,1100,1100,1100,1100,1300
2022-03-24 09:23:00,1095,1090,1095,1095,313000
2022-03-24 09:24:00,1095,1075,1095,1075,197300
2022-03-24 09:25:00,1075,1075,1080,1080,121000
2022-03-24 09:26:00,1080,1080,1080,1080,4000
2022-03-24 09:27:00,1075,1075,1075,1075,2000
2022-03-24 09:28:00,1075,1075,1075,1075,5400
2022-03-24 09:29:00,1075,1075,1075,1075,5900
2022-03-24 09:30:00,1075,1075,1075,1075,200
2022-03-24 09:31:00,1075,1075,1075,1075,21000
2022-03-24 09:32:00,1075,1075,1075,1075,500
2022-03-24 09:33:00,1075,1075,1075,1075,0
2022-03-24 09:34:00,1075,1075,1075,1075,0
2022-03-24 09:35:00,1075,1075,1075,1075,0
2022-03-24 09:36:00,1075,1075,1075,1075,0
2022-03-24 09:37:00,1075,1075,1075,1075,0
2022-03-24 09:38:00,1075,1070,1075,1070,50400
2022-03-24 09:39:00,1070,1070,1070,1070,800
2022-03-24 09:40:00,1070,1070,1070,1070,0
2022-03-24 09:41:00,1070,1070,1070,1070,0
2022-03-24 09:42:00,1070,1070,1070,1070,0
2022-03-24 09:43:00,1070,1070,1070,1070,100
2022-03-24 09:44:00,1070,1070,1070,1070,0
2022-03-24 09:45:00,1075,1075,1075,1075,1000
2022-03-24 09:46:00,1075,1075,1075,1075,1000
2022-03-24 09:47:00,1075,1075,1075,1075,0
2022-03-24 09:48:00,1070,1070,1070,1070,19300
2022-03-24 09:49:00,1070,1070,1070,1070,0
2022-03-24 09:50:00,1070,1070,1070,1070,0
2022-03-24 09:51:00,1070,1070,1075,1070,7200
2022-03-24 09:52:00,1070,1070,1075,1070,0
2022-03-24 09:53:00,1070,1070,1070,1070,2000
2022-03-24 09:54:00,1080,1080,1080,1080,1600
2022-03-24 09:55:00,1080,1080,1080,1080,1400
2022-03-24 09:56:00,1080,1080,1080,1080,0
2022-03-24 09:57:00,1080,1080,1080,1080,0
2022-03-24 09:58:00,1070,1070,1070,1070,200
2022-03-24 09:59:00,1070,1070,1070,1070,0
2022-03-24 10:00:00,1070,1070,1070,1070,0
2022-03-24 10:01:00,1070,1070,1070,1070,100
2022-03-24 10:02:00,1070,1070,1070,1070,0
2022-03-24 10:03:00,1070,1070,1070,1070,0
2022-03-24 10:04:00,1070,1070,1070,1070,0
2022-03-24 10:05:00,1080,1080,1080,1080,1100
2022-03-24 10:06:00,1080,1080,1080,1080,0
2022-03-24 10:07:00,1080,1080,1080,1080,600
2022-03-24 10:08:00,1070,1070,1070,1070,200
2022-03-24 10:09:00,1070,1070,1070,1070,0
2022-03-24 10:10:00,1070,1070,1070,1070,0
2022-03-24 10:11:00,1070,1070,1070,1070,0
2022-03-24 10:12:00,1070,1070,1070,1070,0
2022-03-24 10:13:00,1070,1070,1070,1070,0
2022-03-24 10:14:00,1075,1075,1075,1075,400
2022-03-24 10:15:00,1075,1075,1075,1075,1200
2022-03-24 10:16:00,1075,1075,1075,1075,0
2022-03-24 10:17:00,1075,1075,1075,1075,0
2022-03-24 10:18:00,1075,1075,1075,1075,0
2022-03-24 10:19:00,1075,1075,1075,1075,0
2022-03-24 10:20:00,1075,1075,1075,1075,0
2022-03-24 10:21:00,1075,1075,1075,1075,0
2022-03-24 10:22:00,1075,1075,1075,1075,0
2022-03-24 10:23:00,1075,1075,1075,1075,0
2022-03-24 10:24:00,1075,1075,1075,1075,1500
2022-03-24 10:25:00,1075,1070,1075,1070,95500
2022-03-24 10:26:00,1075,1070,1075,1070,0
2022-03-24 10:27:00,1075,1070,1075,1070,0
2022-03-24 10:28:00,1070,1070,1070,1070,200
2022-03-24 10:29:00,1070,1070,1070,1070,0
2022-03-24 10:30:00,1070,1070,1070,1070,2000
2022-03-24 10:31:00,1070,1070,1070,1070,300
2022-03-24 10:32:00,1070,1070,1070,1070,0
2022-03-24 10:33:00,1070,1070,1070,1070,0
2022-03-24 10:34:00,1070,1070,1070,1070,1000
2022-03-24 10:35:00,1070,1070,1070,1070,0
2022-03-24 10:36:00,1070,1070,1070,1070,0
2022-03-24 10:37:00,1070,1070,1070,1070,0
2022-03-24 10:38:00,1070,1070,1070,1070,0
2022-03-24 10:39:00,1070,1070,1070,1070,500
2022-03-24 10:40:00,1070,1070,1070,1070,4500
2022-03-24 10:41:00,1065,1065,1065,1065,5000
2022-03-24 10:42:00,1065,1065,1065,1065,0
2022-03-24 10:43:00,1065,1065,1065,1065,0
2022-03-24 10:44:00,1065,1065,1065,1065,0
2022-03-24 10:45:00,1070,1065,1070,1065,2900
2022-03-24 10:46:00,1070,1065,1070,1065,0
2022-03-24 10:47:00,1070,1070,1070,1070,200
2022-03-24 10:48:00,1070,1070,1070,1070,12500
2022-03-24 10:49:00,1070,1070,1070,1070,600
2022-03-24 10:50:00,1070,1070,1070,1070,2000
2022-03-24 10:51:00,1070,1070,1070,1070,0
2022-03-24 10:52:00,1070,1070,1070,1070,0
2022-03-24 10:53:00,1070,1070,1070,1070,800
2022-03-24 10:54:00,1070,1070,1070,1070,0
2022-03-24 10:55:00,1070,1070,1070,1070,0
2022-03-24 10:56:00,1070,1070,1070,1070,0
2022-03-24 10:57:00,1065,1065,1065,1065,87500
2022-03-24 10:58:00,1070,1070,1070,1070,100
2022-03-24 10:59:00,1070,1070,1070,1070,0
2022-03-24 11:00:00,1070,1070,1070,1070,0
2022-03-24 11:01:00,1070,1070,1070,1070,200
2022-03-24 11:02:00,1070,1070,1070,1070,10000
2022-03-24 11:03:00,1070,1070,1070,1070,0
2022-03-24 11:04:00,1070,1070,1070,1070,0
2022-03-24 11:05:00,1070,1070,1070,1070,26400
2022-03-24 11:06:00,1075,1075,1075,1075,100
2022-03-24 11:07:00,1075,1075,1075,1075,0
2022-03-24 11:08:00,1075,1070,1075,1070,5100
2022-03-24 11:09:00,1075,1070,1075,1070,0
2022-03-24 11:10:00,1070,1070,1070,1070,5500
2022-03-24 11:11:00,1070,1070,1070,1070,0
2022-03-24 11:12:00,1070,1070,1070,1070,0
2022-03-24 11:13:00,1070,1070,1070,1070,0
2022-03-24 11:14:00,1070,1070,1070,1070,0
2022-03-24 11:15:00,1070,1070,1070,1070,0
2022-03-24 11:16:00,1070,1070,1070,1070,0
2022-03-24 11:17:00,1070,1070,1070,1070,0
2022-03-24 11:18:00,1070,1070,1070,1070,0
2022-03-24 11:19:00,1070,1070,1070,1070,0
2022-03-24 11:20:00,1070,1070,1070,1070,0
2022-03-24 11:21:00,1070,1070,1075,1075,5600
2022-03-24 11:22:00,1070,1070,1070,1070,1900
2022-03-24 11:23:00,1070,1070,1070,1070,0
2022-03-24 11:24:00,1070,1070,1070,1070,0
2022-03-24 11:25:00,1070,1070,1070,1070,0
2022-03-24 11:26:00,1070,1070,1070,1070,6700
2022-03-24 11:27:00,1070,1070,1070,1070,0
2022-03-24 11:28:00,1070,1070,1070,1070,0
2022-03-24 11:29:00,1070,1070,1070,1070,0
2022-03-24 11:30:00,1070,1070,1070,1070,0
2022-03-24 11:31:00,1070,1070,1070,1070,0
2022-03-24 11:32:00,1070,1070,1070,1070,0
2022-03-24 11:33:00,1070,1070,1070,1070,0
2022-03-24 11:34:00,1070,1070,1070,1070,0
2022-03-24 11:35:00,1070,1070,1070,1070,0
2022-03-24 11:36:00,1070,1070,1070,1070,0
2022-03-24 11:37:00,1070,1070,1070,1070,0
2022-03-24 11:38:00,1070,1070,1070,1070,0
2022-03-24 11:39:00,1070,1070,1070,1070,0
2022-03-24 11:40:00,1070,1070,1070,1070,0
2022-03-24 11:41:00,1070,1070,1070,1070,0
2022-03-24 11:42:00,1070,1070,1070,1070,0
2022-03-24 11:43:00,1070,1070,1070,1070,0
2022-03-24 11:44:00,1070,1070,1070,1070,0
2022-03-24 11:45:00,1070,1070,1070,1070,0
2022-03-24 11:46:00,1070,1070,1070,1070,0
2022-03-24 11:47:00,1070,1070,1070,1070,0
2022-03-24 11:48:00,1070,1070,1070,1070,0
2022-03-24 11:49:00,1070,1070,1070,1070,0
2022-03-24 11:50:00,1070,1070,1070,1070,0
2022-03-24 11:51:00,1070,1070,1070,1070,0
2022-03-24 11:52:00,1070,1070,1070,1070,0
2022-03-24 11:53:00,1070,1070,1070,1070,0
2022-03-24 11:54:00,1070,1070,1070,1070,0
2022-03-24 11:55:00,1070,1070,1070,1070,0
2022-03-24 11:56:00,1070,1070,1070,1070,0
2022-03-24 11:57:00,1070,1070,1070,1070,0
2022-03-24 11:58:00,1070,1070,1070,1070,0
2022-03-24 11:59:00,1070,1070,1070,1070,0
2022-03-24 12:00:00,1070,1070,1070,1070,0
2022-03-24 12:01:00,1070,1070,1070,1070,0
2022-03-24 12:02:00,1070,1070,1070,1070,0
2022-03-24 12:03:00,1070,1070,1070,1070,0
2022-03-24 12:04:00,1070,1070,1070,1070,0
2022-03-24 12:05:00,1070,1070,1070,1070,0
2022-03-24 12:06:00,1070,1070,1070,1070,0
2022-03-24 12:07:00,1070,1070,1070,1070,0
2022-03-24 12:08:00,1070,1070,1070,1070,0
2022-03-24 12:09:00,1070,1070,1070,1070,0
2022-03-24 12:10:00,1070,1070,1070,1070,0
2022-03-24 12:11:00,1070,1070,1070,1070,0
2022-03-24 12:12:00,1070,1070,1070,1070,0
2022-03-24 12:13:00,1070,1070,1070,1070,0
2022-03-24 12:14:00,1070,1070,1070,1070,0
2022-03-24 12:15:00,1070,1070,1070,1070,0
2022-03-24 12:16:00,1070,1070,1070,1070,0
2022-03-24 12:17:00,1070,1070,1070,1070,0
2022-03-24 12:18:00,1070,1070,1070,1070,0
2022-03-24 12:19:00,1070,1070,1070,1070,0
2022-03-24 12:20:00,1070,1070,1070,1070,0
2022-03-24 12:21:00,1070,1070,1070,1070,0
2022-03-24 12:22:00,1070,1070,1070,1070,0
2022-03-24 12:23:00,1070,1070,1070,1070,0
2022-03-24 12:24:00,1070,1070,1070,1070,0
2022-03-24 12:25:00,1070,1070,1070,1070,0
2022-03-24 12:26:00,1070,1070,1070,1070,0
2022-03-24 12:27:00,1070,1070,1070,1070,0
2022-03-24 12:28:00,1070,1070,1070,1070,0
2022-03-24 12:29:00,1070,1070,1070,1070,0
2022-03-24 12:30:00,1070,1070,1070,1070,0
2022-03-24 12:31:00,1070,1070,1070,1070,0
2022-03-24 12:32:00,1070,1070,1070,1070,0
2022-03-24 12:33:00,1070,1070,1070,1070,0
2022-03-24 12:34:00,1070,1070,1070,1070,0
2022-03-24 12:35:00,1070,1070,1070,1070,0
2022-03-24 12:36:00,1070,1070,1070,1070,0
2022-03-24 12:37:00,1070,1070,1070,1070,0
2022-03-24 12:38:00,1070,1070,1070,1070,0
2022-03-24 12:39:00,1070,1070,1070,1070,0
2022-03-24 12:40:00,1070,1070,1070,1070,0
2022-03-24 12:41:00,1070,1070,1070,1070,0
2022-03-24 12:42:00,1070,1070,1070,1070,0
2022-03-24 12:43:00,1070,1070,1070,1070,0
2022-03-24 12:44:00,1070,1070,1070,1070,0
2022-03-24 12:45:00,1070,1070,1070,1070,0
2022-03-24 12:46:00,1070,1070,1070,1070,0
2022-03-24 12:47:00,1070,1070,1070,1070,0
2022-03-24 12:48:00,1070,1070,1070,1070,0
2022-03-24 12:49:00,1070,1070,1070,1070,0
2022-03-24 12:50:00,1070,1070,1070,1070,0
2022-03-24 12:51:00,1070,1070,1070,1070,0
2022-03-24 12:52:00,1070,1070,1070,1070,0
2022-03-24 12:53:00,1070,1070,1070,1070,0
2022-03-24 12:54:00,1070,1070,1070,1070,0
2022-03-24 12:55:00,1070,1070,1070,1070,0
2022-03-24 12:56:00,1070,1070,1070,1070,0
2022-03-24 12:57:00,1070,1070,1070,1070,0
2022-03-24 12:58:00,1070,1070,1070,1070,0
2022-03-24 12:59:00,1070,1070,1070,1070,0
2022-03-24 13:00:00,1070,1070,1070,1070,0
2022-03-24 13:01:00,1070,1070,1070,1070,0
2022-03-24 13:02:00,1070,1070,1070,1070,0
2022-03-24 13:03:00,1070,1070,1070,1070,0
2022-03-24 13:04:00,1070,1070,1070,1070,0
2022-03-24 13:05:00,1070,1070,1070,1070,0
2022-03-24 13:06:00,1070,1070,1070,1070,0
2022-03-24 13:07:00,1070,1070,1070,1070,0
2022-03-24 13:08:00,1070,1070,1070,1070,0
2022-03-24 13:09:00,1070,1070,1070,1070,0
2022-03-24 13:10:00,1070,1070,1070,1070,0
2022-03-24 13:11:00,1070,1070,1070,1070,0
2022-03-24 13:12:00,1070,1070,1070,1070,0
2022-03-24 13:13:00,1070,1070,1070,1070,0
2022-03-24 13:14:00,1070,1070,1070,1070,0
2022-03-24 13:15:00,1070,1070,1070,1070,0
2022-03-24 13:16:00,1070,1070,1070,1070,0
2022-03-24 13:17:00,1070,1070,1070,1070,0
2022-03-24 13:18:00,1070,1070,1070,1070,0
2022-03-24 13:19:00,1070,1070,1070,1070,0
2022-03-24 13:20:00,1070,1070,1070,1070,0
2022-03-24 13:21:00,1070,1070,1070,1070,0
2022-03-24 13:22:00,1070,1070,1070,1070,0
2022-03-24 13:23:00,1070,1070,1070,1070,0
2022-03-24 13:24:00,1070,1070,1070,1070,0
2022-03-24 13:25:00,1070,1070,1070,1070,0
2022-03-24 13:26:00,1070,1070,1070,1070,0
2022-03-24 13:27:00,1070,1070,1070,1070,0
2022-03-24 13:28:00,1070,1070,1070,1070,0
2022-03-24 13:29:00,1070,1070,1070,1070,0
2022-03-24 13:30:00,1070,1070,1075,1070,16300
2022-03-24 13:31:00,1070,1070,1075,1070,0
2022-03-24 13:32:00,1070,1070,1075,1070,0
2022-03-24 13:33:00,1070,1070,1075,1070,0
2022-03-24 13:34:00,1075,1075,1075,1075,20500
2022-03-24 13:35:00,1070,1070,1070,1070,11100
2022-03-24 13:36:00,1070,1070,1070,1070,0
2022-03-24 13:37:00,1070,1070,1070,1070,0
2022-03-24 13:38:00,1070,1070,1070,1070,5700
2022-03-24 13:39:00,1070,1070,1070,1070,6600
2022-03-24 13:40:00,1070,1070,1075,1075,4800
2022-03-24 13:41:00,1070,1070,1075,1075,0
2022-03-24 13:42:00,1075,1075,1075,1075,500
2022-03-24 13:43:00,1075,1075,1075,1075,500
2022-03-24 13:44:00,1075,1075,1075,1075,0
2022-03-24 13:45:00,1075,1075,1075,1075,0
2022-03-24 13:46:00,1075,1070,1075,1070,5500
2022-03-24 13:47:00,1070,1070,1070,1070,9200
2022-03-24 13:48:00,1070,1070,1070,1070,100
2022-03-24 13:49:00,1065,1065,1065,1065,40600
2022-03-24 13:50:00,1065,1065,1065,1065,0
2022-03-24 13:51:00,1065,1065,1065,1065,0
2022-03-24 13:52:00,1065,1065,1065,1065,0
2022-03-24 13:53:00,1065,1065,1065,1065,0
2022-03-24 13:54:00,1065,1065,1065,1065,1000
2022-03-24 13:55:00,1065,1065,1065,1065,500
2022-03-24 13:56:00,1065,1065,1065,1065,0
2022-03-24 13:57:00,1065,1065,1065,1065,0
2022-03-24 13:58:00,1065,1065,1065,1065,3000
2022-03-24 13:59:00,1065,1065,1065,1065,1800
2022-03-24 14:00:00,1065,1065,1065,1065,200
2022-03-24 14:01:00,1065,1065,1065,1065,700
2022-03-24 14:02:00,1065,1065,1065,1065,0
2022-03-24 14:03:00,1070,1070,1070,1070,500
2022-03-24 14:04:00,1070,1070,1070,1070,0
2022-03-24 14:05:00,1070,1070,1070,1070,0
2022-03-24 14:06:00,1070,1070,1070,1070,300
2022-03-24 14:07:00,1070,1070,1070,1070,0
2022-03-24 14:08:00,1070,1070,1070,1070,11800
2022-03-24 14:09:00,1070,1065,1070,1065,7200
2022-03-24 14:10:00,1070,1065,1070,1065,0
2022-03-24 14:11:00,1065,1065,1065,1065,5000
2022-03-24 14:12:00,1065,1065,1065,1065,3000
2022-03-24 14:13:00,1065,1065,1065,1065,0
2022-03-24 14:14:00,1065,1065,1065,1065,0
2022-03-24 14:15:00,1070,1070,1070,1070,100
2022-03-24 14:16:00,1070,1070,1070,1070,0
2022-03-24 14:17:00,1070,1070,1070,1070,0
2022-03-24 14:18:00,1070,1070,1070,1070,0
2022-03-24 14:19:00,1070,1070,1070,1070,0
2022-03-24 14:20:00,1070,1070,1070,1070,0
2022-03-24 14:21:00,1070,1070,1070,1070,0
2022-03-24 14:22:00,1070,1070,1070,1070,11900
2022-03-24 14:23:00,1070,1070,1070,1070,0
2022-03-24 14:24:00,1070,1070,1070,1070,0
2022-03-24 14:25:00,1070,1070,1070,1070,0
2022-03-24 14:26:00,1070,1070,1070,1070,0
2022-03-24 14:27:00,1070,1070,1070,1070,0
2022-03-24 14:28:00,1070,1065,1070,1065,281700
2022-03-24 14:29:00,1070,1070,1070,1070,74900
2022-03-24 14:30:00,1070,1070,1070,1070,0
2022-03-24 14:31:00,1070,1070,1070,1070,0
2022-03-24 14:32:00,1065,1065,1070,1070,4300
2022-03-24 14:33:00,1070,1070,1070,1070,33000
2022-03-24 14:34:00,1070,1070,1070,1070,800
2022-03-24 14:35:00,1070,1070,1070,1070,1700
2022-03-24 14:36:00,1070,1070,1070,1070,0
2022-03-24 14:37:00,1070,1070,1070,1070,1000
2022-03-24 14:38:00,1070,1070,1070,1070,100
2022-03-24 14:39:00,1070,1070,1070,1070,0
2022-03-24 14:40:00,1065,1065,1065,1065,6000
2022-03-24 14:41:00,1065,1065,1065,1065,0
2022-03-24 14:42:00,1065,1065,1065,1065,7200
2022-03-24 14:43:00,1065,1065,1065,1065,4200
2022-03-24 14:44:00,1065,1065,1070,1070,5800
2022-03-24 14:45:00,1065,1065,1065,1065,1900
2022-03-24 14:46:00,1065,1065,1065,1065,0
2022-03-24 14:47:00,1065,1065,1065,1065,0
2022-03-24 14:48:00,1065,1065,1065,1065,0
2022-03-24 14:49:00,1065,1065,1065,1065,10100
2022-03-24 14:50:00,1065,1065,1065,1065,0
2022-03-24 14:51:00,1065,1065,1065,1065,0
2022-03-24 14:52:00,1065,1065,1065,1065,0
2022-03-24 14:53:00,1065,1065,1065,1065,0
2022-03-24 14:54:00,1065,1065,1065,1065,0
2022-03-24 14:55:00,1065,1065,1065,1065,0
2022-03-24 14:56:00,1065,1065,1065,1065,0
2022-03-24 14:57:00,1065,1065,1065,1065,0
2022-03-24 14:58:00,1065,1065,1065,1065,0
2022-03-24 14:59:00,1065,1065,1065,1065,0
2022-03-24 15:00:00,1065,1065,1065,1065,18500
2022-03-24 15:01:00,1065,1065,1065,1065,5000
2022-03-24 15:02:00,1065,1065,1065,1065,500
2022-03-24 15:03:00,1065,1065,1065,1065,0
2022-03-24 15:04:00,1065,1065,1065,1065,0
2022-03-24 15:05:00,1065,1065,1065,1065,0
2022-03-24 15:06:00,1065,1065,1065,1065,0
2022-03-24 15:07:00,1065,1065,1065,1065,0
2022-03-24 15:08:00,1065,1065,1065,1065,1000
2022-03-24 15:09:00,1065,1065,1065,1065,400
2022-03-24 15:10:00,1065,1065,1065,1065,0
2022-03-24 15:11:00,1065,1065,1065,1065,1100
2022-03-24 15:12:00,1065,1065,1065,1065,0
2022-03-24 15:13:00,1065,1065,1065,1065,0
2022-03-24 15:14:00,1065,1065,1065,1065,0
2022-03-24 15:15:00,1065,1065,1065,1065,0
2022-03-24 15:16:00,1065,1065,1065,1065,0
2022-03-24 15:17:00,1065,1065,1065,1065,0
2022-03-24 15:18:00,1065,1065,1065,1065,0
2022-03-24 15:19:00,1065,1065,1065,1065,0
2022-03-24 15:20:00,1065,1065,1065,1065,0
2022-03-24 15:21:00,1065,1065,1065,1065,0
2022-03-24 15:22:00,1065,1065,1065,1065,0
2022-03-24 15:23:00,1065,1065,1065,1065,0
2022-03-24 15:24:00,1065,1065,1065,1065,0
2022-03-24 15:25:00,1065,1065,1065,1065,0
2022-03-24 15:26:00,1065,1065,1065,1065,0
2022-03-24 15:27:00,1065,1065,1065,1065,0
2022-03-24 15:28:00,1065,1065,1065,1065,0
2022-03-24 15:29:00,1065,1065,1065,1065,0
2022-03-24 15:30:00,1065,1065,1065,1065,0
2022-03-24 15:31:00,1065,1065,1065,1065,0
2022-03-24 15:32:00,1065,1065,1065,1065,0
2022-03-24 15:33:00,1065,1065,1065,1065,0
2022-03-24 15:34:00,1065,1065,1065,1065,0
2022-03-24 15:35:00,1065,1065,1065,1065,0
2022-03-24 15:36:00,1065,1065,1065,1065,0
2022-03-24 15:37:00,1065,1065,1065,1065,0
2022-03-24 15:38:00,1065,1065,1065,1065,0
2022-03-24 15:39:00,1065,1065,1065,1065,0
2022-03-24 15:40:00,1065,1065,1065,1065,0
2022-03-24 15:41:00,1065,1065,1065,1065,0
2022-03-24 15:42:00,1065,1065,1065,1065,0
2022-03-24 15:43:00,1065,1065,1065,1065,0
2022-03-24 15:44:00,1065,1065,1065,1065,0
2022-03-24 15:45:00,1065,1065,1065,1065,0
2022-03-24 15:46:00,1065,1065,1065,1065,0
2022-03-24 15:47:00,1065,1065,1065,1065,0
2022-03-24 15:48:00,1065,1065,1065,1065,0
2022-03-24 15:49:00,1065,1065,1065,1065,0
2022-03-24 15:50:00,1065,1065,1065,1065,0
2022-03-24 15:51:00,1065,1065,1065,1065,0
2022-03-24 15:52:00,1065,1065,1065,1065,0
2022-03-24 15:53:00,1065,1065,1065,1065,0
2022-03-24 15:54:00,1065,1065,1065,1065,0
2022-03-24 15:55:00,1065,1065,1065,1065,0
2022-03-24 15:56:00,1065,1065,1065,1065,0
2022-03-24 15:57:00,1065,1065,1065,1065,0
2022-03-24 15:58:00,1065,1065,1065,1065,0
2022-03-24 15:59:00,1065,1065,1065,1065,0
2022-03-25 09:00:00,1080,1080,1080,1080,0
2022-03-25 09:01:00,1080,1080,1080,1080,0
2022-03-25 09:02:00,1080,1080,1080,1080,1500
2022-03-25 09:03:00,1080,1080,1080,1080,0
2022-03-25 09:04:00,1080,1080,1080,1080,0
2022-03-25 09:05:00,1075,1075,1075,1075,10000
2022-03-25 09:06:00,1075,1075,1075,1075,0
2022-03-25 09:07:00,1075,1075,1075,1075,0
2022-03-25 09:08:00,1075,1075,1075,1075,2000
2022-03-25 09:09:00,1075,1075,1075,1075,0
2022-03-25 09:10:00,1075,1075,1075,1075,0
2022-03-25 09:11:00,1075,1075,1075,1075,0
2022-03-25 09:12:00,1065,1065,1065,1065,2900
2022-03-25 09:13:00,1065,1065,1065,1065,100
2022-03-25 09:14:00,1065,1065,1065,1065,0
2022-03-25 09:15:00,1065,1065,1065,1065,0
2022-03-25 09:16:00,1065,1065,1065,1065,1000
2022-03-25 09:17:00,1065,1065,1065,1065,1700
2022-03-25 09:18:00,1065,1065,1065,1065,0
2022-03-25 09:19:00,1070,1050,1070,1050,390600
2022-03-25 09:20:00,1060,1035,1060,1035,518800
2022-03-25 09:21:00,1040,1035,1060,1040,87000
2022-03-25 09:22:00,1045,1045,1045,1045,500
2022-03-25 09:23:00,1045,1045,1045,1045,11400
2022-03-25 09:24:00,1045,1045,1045,1045,0
2022-03-25 09:25:00,1050,1045,1050,1045,10000
2022-03-25 09:26:00,1045,1045,1045,1045,3500
2022-03-25 09:27:00,1050,1050,1055,1055,127900
2022-03-25 09:28:00,1055,1055,1055,1055,74200
2022-03-25 09:29:00,1055,1055,1055,1055,0
2022-03-25 09:30:00,1055,1055,1055,1055,7500
2022-03-25 09:31:00,1055,1055,1055,1055,5000
2022-03-25 09:32:00,1055,1055,1055,1055,900
2022-03-25 09:33:00,1055,1055,1055,1055,0
2022-03-25 09:34:00,1055,1055,1055,1055,0
2022-03-25 09:35:00,1055,1055,1055,1055,0
2022-03-25 09:36:00,1055,1055,1055,1055,1000
2022-03-25 09:37:00,1055,1055,1055,1055,100
2022-03-25 09:38:00,1055,1050,1055,1055,1200
2022-03-25 09:39:00,1055,1050,1055,1055,0
2022-03-25 09:40:00,1055,1055,1055,1055,3600
2022-03-25 09:41:00,1060,1060,1060,1060,272700
2022-03-25 09:42:00,1065,1060,1065,1060,380500
2022-03-25 09:43:00,1065,1060,1065,1060,0
2022-03-25 09:44:00,1065,1060,1065,1060,0
2022-03-25 09:45:00,1065,1060,1065,1060,0
2022-03-25 09:46:00,1065,1060,1065,1060,0
2022-03-25 09:47:00,1065,1060,1065,1060,0
2022-03-25 09:48:00,1065,1060,1065,1060,0
2022-03-25 09:49:00,1065,1060,1065,1060,0
2022-03-25 09:50:00,1060,1060,1060,1060,100
2022-03-25 09:51:00,1060,1060,1060,1060,0
2022-03-25 09:52:00,1060,1060,1060,1060,1800
2022-03-25 09:53:00,1060,1060,1060,1060,0
2022-03-25 09:54:00,1060,1060,1060,1060,0
2022-03-25 09:55:00,1060,1060,1060,1060,0
2022-03-25 09:56:00,1060,1060,1060,1060,0
2022-03-25 09:57:00,1060,1060,1060,1060,400
2022-03-25 09:58:00,1060,1060,1060,1060,0
2022-03-25 09:59:00,1060,1060,1060,1060,500
2022-03-25 10:00:00,1060,1060,1060,1060,200
2022-03-25 10:01:00,1055,1055,1055,1055,7700
2022-03-25 10:02:00,1055,1055,1055,1055,20000
2022-03-25 10:03:00,1055,1055,1055,1055,0
2022-03-25 10:04:00,1055,1055,1055,1055,1800
2022-03-25 10:05:00,1055,1055,1055,1055,0
2022-03-25 10:06:00,1055,1055,1055,1055,3100
2022-03-25 10:07:00,1055,1050,1055,1055,500
2022-03-25 10:08:00,1055,1055,1055,1055,1000
2022-03-25 10:09:00,1055,1055,1055,1055,0
2022-03-25 10:10:00,1055,1055,1055,1055,0
2022-03-25 10:11:00,1055,1055,1055,1055,0
2022-03-25 10:12:00,1055,1055,1055,1055,0
2022-03-25 10:13:00,1055,1055,1055,1055,0
2022-03-25 10:14:00,1055,1055,1055,1055,0
2022-03-25 10:15:00,1055,1055,1055,1055,0
2022-03-25 10:16:00,1055,1055,1055,1055,0
2022-03-25 10:17:00,1055,1055,1055,1055,0
2022-03-25 10:18:00,1050,1050,1050,1050,1900
2022-03-25 10:19:00,1050,1050,1050,1050,0
2022-03-25 10:20:00,1050,1050,1050,1050,300
2022-03-25 10:21:00,1050,1050,1050,1050,4800
2022-03-25 10:22:00,1050,1050,1050,1050,0
2022-03-25 10:23:00,1050,1050,1050,1050,5300
2022-03-25 10:24:00,1050,1050,1050,1050,0
2022-03-25 10:25:00,1050,1050,1050,1050,2100
2022-03-25 10:26:00,1050,1050,1050,1050,3200
2022-03-25 10:27:00,1050,1050,1050,1050,0
2022-03-25 10:28:00,1050,1050,1050,1050,0
2022-03-25 10:29:00,1050,1050,1050,1050,0
2022-03-25 10:30:00,1050,1050,1050,1050,500
2022-03-25 10:31:00,1050,1050,1050,1050,0
2022-03-25 10:32:00,1050,1050,1050,1050,13500
2022-03-25 10:33:00,1050,1050,1050,1050,0
2022-03-25 10:34:00,1050,1050,1050,1050,100
2022-03-25 10:35:00,1050,1050,1050,1050,0
2022-03-25 10:36:00,1050,1050,1050,1050,0
2022-03-25 10:37:00,1050,1050,1050,1050,0
2022-03-25 10:38:00,1050,1050,1050,1050,0
2022-03-25 10:39:00,1050,1050,1050,1050,0
2022-03-25 10:40:00,1050,1050,1050,1050,0
2022-03-25 10:41:00,1045,1045,1050,1045,3400
2022-03-25 10:42:00,1045,1045,1050,1045,0
2022-03-25 10:43:00,1050,1050,1050,1050,1000
2022-03-25 10:44:00,1050,1050,1050,1050,0
2022-03-25 10:45:00,1050,1050,1050,1050,1000
2022-03-25 10:46:00,1045,1045,1045,1045,100
2022-03-25 10:47:00,1045,1045,1045,1045,0
2022-03-25 10:48:00,1045,1045,1045,1045,0
2022-03-25 10:49:00,1050,1050,1050,1050,500
2022-03-25 10:50:00,1050,1050,1050,1050,2800
2022-03-25 10:51:00,1045,1045,1045,1045,11000
2022-03-25 10:52:00,1045,1045,1045,1045,300
2022-03-25 10:53:00,1045,1045,1050,1050,500
2022-03-25 10:54:00,1045,1045,1050,1050,0
2022-03-25 10:55:00,1045,1045,1050,1050,0
2022-03-25 10:56:00,1045,1045,1050,1050,0
2022-03-25 10:57:00,1045,1045,1050,1050,0
2022-03-25 10:58:00,1045,1045,1050,1050,0
2022-03-25 10:59:00,1045,1045,1050,1050,0
2022-03-25 11:00:00,1050,1050,1050,1050,200
2022-03-25 11:01:00,1050,1050,1050,1050,0
2022-03-25 11:02:00,1050,1050,1050,1050,0
2022-03-25 11:03:00,1045,1045,1045,1045,100
2022-03-25 11:04:00,1050,1050,1050,1050,100
2022-03-25 11:05:00,1050,1050,1050,1050,0
2022-03-25 11:06:00,1050,1050,1050,1050,0
2022-03-25 11:07:00,1045,1045,1050,1050,14200
2022-03-25 11:08:00,1050,1050,1055,1055,1600
2022-03-25 11:09:00,1050,1050,1055,1055,0
2022-03-25 11:10:00,1055,1055,1055,1055,600
2022-03-25 11:11:00,1055,1055,1055,1055,0
2022-03-25 11:12:00,1055,1055,1055,1055,1000
2022-03-25 11:13:00,1055,1055,1055,1055,0
2022-03-25 11:14:00,1045,1045,1045,1045,200
2022-03-25 11:15:00,1045,1045,1045,1045,0
2022-03-25 11:16:00,1045,1045,1045,1045,0
2022-03-25 11:17:00,1045,1045,1045,1045,200
2022-03-25 11:18:00,1055,1055,1055,1055,100
2022-03-25 11:19:00,1055,1055,1055,1055,4100
2022-03-25 11:20:00,1055,1055,1055,1055,0
2022-03-25 11:21:00,1055,1055,1055,1055,0
2022-03-25 11:22:00,1055,1055,1055,1055,0
2022-03-25 11:23:00,1055,1055,1055,1055,0
2022-03-25 11:24:00,1055,1055,1055,1055,0
2022-03-25 11:25:00,1055,1055,1055,1055,0
2022-03-25 11:26:00,1050,1050,1050,1050,100
2022-03-25 11:27:00,1050,1050,1050,1050,0
2022-03-25 11:28:00,1050,1050,1050,1050,0
2022-03-25 11:29:00,1050,1050,1050,1050,0
2022-03-25 11:30:00,1050,1050,1050,1050,0
2022-03-25 11:31:00,1050,1050,1050,1050,0
2022-03-25 11:32:00,1050,1050,1050,1050,0
2022-03-25 11:33:00,1050,1050,1050,1050,0
2022-03-25 11:34:00,1050,1050,1050,1050,0
2022-03-25 11:35:00,1050,1050,1050,1050,0
2022-03-25 11:36:00,1050,1050,1050,1050,0
2022-03-25 11:37:00,1050,1050,1050,1050,0
2022-03-25 11:38:00,1050,1050,1050,1050,0
2022-03-25 11:39:00,1050,1050,1050,1050,0
2022-03-25 11:40:00,1050,1050,1050,1050,0
2022-03-25 11:41:00,1050,1050,1050,1050,0
2022-03-25 11:42:00,1050,1050,1050,1050,0
2022-03-25 11:43:00,1050,1050,1050,1050,0
2022-03-25 11:44:00,1050,1050,1050,1050,0
2022-03-25 11:45:00,1050,1050,1050,1050,0
2022-03-25 11:46:00,1050,1050,1050,1050,0
2022-03-25 11:47:00,1050,1050,1050,1050,0
2022-03-25 11:48:00,1050,1050,1050,1050,0
2022-03-25 11:49:00,1050,1050,1050,1050,0
2022-03-25 11:50:00,1050,1050,1050,1050,0
2022-03-25 11:51:00,1050,1050,1050,1050,0
2022-03-25 11:52:00,1050,1050,1050,1050,0
2022-03-25 11:53:00,1050,1050,1050,1050,0
2022-03-25 11:54:00,1050,1050,1050,1050,0
2022-03-25 11:55:00,1050,1050,1050,1050,0
2022-03-25 11:56:00,1050,1050,1050,1050,0
2022-03-25 11:57:00,1050,1050,1050,1050,0
2022-03-25 11:58:00,1050,1050,1050,1050,0
2022-03-25 11:59:00,1050,1050,1050,1050,0
2022-03-25 12:00:00,1050,1050,1050,1050,0
2022-03-25 12:01:00,1050,1050,1050,1050,0
2022-03-25 12:02:00,1050,1050,1050,1050,0
2022-03-25 12:03:00,1050,1050,1050,1050,0
2022-03-25 12:04:00,1050,1050,1050,1050,0
2022-03-25 12:05:00,1050,1050,1050,1050,0
2022-03-25 12:06:00,1050,1050,1050,1050,0
2022-03-25 12:07:00,1050,1050,1050,1050,0
2022-03-25 12:08:00,1050,1050,1050,1050,0
2022-03-25 12:09:00,1050,1050,1050,1050,0
2022-03-25 12:10:00,1050,1050,1050,1050,0
2022-03-25 12:11:00,1050,1050,1050,1050,0
2022-03-25 12:12:00,1050,1050,1050,1050,0
2022-03-25 12:13:00,1050,1050,1050,1050,0
2022-03-25 12:14:00,1050,1050,1050,1050,0
2022-03-25 12:15:00,1050,1050,1050,1050,0
2022-03-25 12:16:00,1050,1050,1050,1050,0
2022-03-25 12:17:00,1050,1050,1050,1050,0
2022-03-25 12:18:00,1050,1050,1050,1050,0
2022-03-25 12:19:00,1050,1050,1050,1050,0
2022-03-25 12:20:00,1050,1050,1050,1050,0
2022-03-25 12:21:00,1050,1050,1050,1050,0
2022-03-25 12:22:00,1050,1050,1050,1050,0
2022-03-25 12:23:00,1050,1050,1050,1050,0
2022-03-25 12:24:00,1050,1050,1050,1050,0
2022-03-25 12:25:00,1050,1050,1050,1050,0
2022-03-25 12:26:00,1050,1050,1050,1050,0
2022-03-25 12:27:00,1050,1050,1050,1050,0
2022-03-25 12:28:00,1050,1050,1050,1050,0
2022-03-25 12:29:00,1050,1050,1050,1050,0
2022-03-25 12:30:00,1050,1050,1050,1050,0
2022-03-25 12:31:00,1050,1050,1050,1050,0
2022-03-25 12:32:00,1050,1050,1050,1050,0
2022-03-25 12:33:00,1050,1050,1050,1050,0
2022-03-25 12:34:00,1050,1050,1050,1050,0
2022-03-25 12:35:00,1050,1050,1050,1050,0
2022-03-25 12:36:00,1050,1050,1050,1050,0
2022-03-25 12:37:00,1050,1050,1050,1050,0
2022-03-25 12:38:00,1050,1050,1050,1050,0
2022-03-25 12:39:00,1050,1050,1050,1050,0
2022-03-25 12:40:00,1050,1050,1050,1050,0
2022-03-25 12:41:00,1050,1050,1050,1050,0
2022-03-25 12:42:00,1050,1050,1050,1050,0
2022-03-25 12:43:00,1050,1050,1050,1050,0
2022-03-25 12:44:00,1050,1050,1050,1050,0
2022-03-25 12:45:00,1050,1050,1050,1050,0
2022-03-25 12:46:00,1050,1050,1050,1050,0
2022-03-25 12:47:00,1050,1050,1050,1050,0
2022-03-25 12:48:00,1050,1050,1050,1050,0
2022-03-25 12:49:00,1050,1050,1050,1050,0
2022-03-25 12:50:00,1050,1050,1050,1050,0
2022-03-25 12:51:00,1050,1050,1050,1050,0
2022-03-25 12:52:00,1050,1050,1050,1050,0
2022-03-25 12:53:00,1050,1050,1050,1050,0
2022-03-25 12:54:00,1050,1050,1050,1050,0
2022-03-25 12:55:00,1050,1050,1050,1050,0
2022-03-25 12:56:00,1050,1050,1050,1050,0
2022-03-25 12:57:00,1050,1050,1050,1050,0
2022-03-25 12:58:00,1050,1050,1050,1050,0
2022-03-25 12:59:00,1050,1050,1050,1050,0
2022-03-25 13:00:00,1050,1050,1050,1050,0
2022-03-25 13:01:00,1050,1050,1050,1050,0
2022-03-25 13:02:00,1050,1050,1050,1050,0
2022-03-25 13:03:00,1050,1050,1050,1050,0
2022-03-25 13:04:00,1050,1050,1050,1050,0
2022-03-25 13:05:00,1050,1050,1050,1050,0
2022-03-25 13:06:00,1050,1050,1050,1050,0
2022-03-25 13:07:00,1050,1050,1050,1050,0
2022-03-25 13:08:00,1050,1050,1050,1050,0
2022-03-25 13:09:00,1050,1050,1050,1050,0
2022-03-25 13:10:00,1050,1050,1050,1050,0
2022-03-25 13:11:00,1050,1050,1050,1050,0
2022-03-25 13:12:00,1050,1050,1050,1050,0
2022-03-25 13:13:00,1050,1050,1050,1050,0
2022-03-25 13:14:00,1050,1050,1050,1050,0
2022-03-25 13:15:00,1050,1050,1050,1050,0
2022-03-25 13:16:00,1050,1050,1050,1050,0
2022-03-25 13:17:00,1050,1050,1050,1050,0
2022-03-25 13:18:00,1050,1050,1050,1050,0
2022-03-25 13:19:00,1050,1050,1050,1050,0
2022-03-25 13:20:00,1050,1050,1050,1050,0
2022-03-25 13:21:00,1050,1050,1050,1050,0
2022-03-25 13:22:00,1050,1050,1050,1050,0
2022-03-25 13:23:00,1050,1050,1050,1050,0
2022-03-25 13:24:00,1050,1050,1050,1050,0
2022-03-25 13:25:00,1050,1050,1050,1050,0
2022-03-25 13:26:00,1050,1050,1050,1050,0
2022-03-25 13:27:00,1050,1050,1050,1050,0
2022-03-25 13:28:00,1050,1050,1050,1050,0
2022-03-25 13:29:00,1050,1050,1050,1050,0
2022-03-25 13:30:00,1050,1050,1055,1055,600
2022-03-25 13:31:00,1050,1050,1055,1055,0
2022-03-25 13:32:00,1050,1050,1055,1055,0
2022-03-25 13:33:00,1050,1050,1055,1055,0
2022-03-25 13:34:00,1050,1050,1055,1055,0
2022-03-25 13:35:00,1050,1050,1055,1055,0
2022-03-25 13:36:00,1055,1055,1055,1055,2900
2022-03-25 13:37:00,1055,1055,1055,1055,0
2022-03-25 13:38:00,1055,1055,1055,1055,100
2022-03-25 13:39:00,1055,1055,1055,1055,4100
2022-03-25 13:40:00,1055,1055,1055,1055,0
2022-03-25 13:41:00,1055,1055,1055,1055,0
2022-03-25 13:42:00,1055,1055,1055,1055,0
2022-03-25 13:43:00,1060,1060,1060,1060,2500
2022-03-25 13:44:00,1065,1065,1065,1065,142900
2022-03-25 13:45:00,1065,1065,1065,1065,2200
2022-03-25 13:46:00,1065,1065,1065,1065,287000
2022-03-25 13:47:00,1065,1065,1065,1065,143000
2022-03-25 13:48:00,1065,1065,1065,1065,0
2022-03-25 13:49:00,1065,1065,1065,1065,100
2022-03-25 13:50:00,1065,1065,1065,1065,0
2022-03-25 13:51:00,1060,1055,1060,1055,8400
2022-03-25 13:52:00,1060,1055,1060,1055,0
2022-03-25 13:53:00,1060,1055,1060,1055,0
2022-03-25 13:54:00,1050,1050,1050,1050,4300
2022-03-25 13:55:00,1050,1050,1050,1050,11000
2022-03-25 13:56:00,1050,1050,1050,1050,0
2022-03-25 13:57:00,1050,1050,1050,1050,0
2022-03-25 13:58:00,1050,1050,1050,1050,0
2022-03-25 13:59:00,1050,1050,1050,1050,0
2022-03-25 14:00:00,1050,1050,1050,1050,0
2022-03-25 14:01:00,1050,1050,1050,1050,0
2022-03-25 14:02:00,1050,1050,1050,1050,0
2022-03-25 14:03:00,1050,1050,1050,1050,0
2022-03-25 14:04:00,1050,1050,1050,1050,0
2022-03-25 14:05:00,1050,1050,1050,1050,0
2022-03-25 14:06:00,1055,1055,1055,1055,100
2022-03-25 14:07:00,1050,1050,1050,1050,5700
2022-03-25 14:08:00,1050,1045,1050,1045,1500
2022-03-25 14:09:00,1045,1045,1045,1045,200
2022-03-25 14:10:00,1045,1045,1045,1045,0
2022-03-25 14:11:00,1050,1045,1050,1045,151300
2022-03-25 14:12:00,1045,1045,1045,1045,100
2022-03-25 14:13:00,1045,1045,1045,1045,200
2022-03-25 14:14:00,1045,1045,1045,1045,0
2022-03-25 14:15:00,1050,1050,1050,1050,2000
2022-03-25 14:16:00,1050,1050,1050,1050,2000
2022-03-25 14:17:00,1055,1055,1055,1055,200
2022-03-25 14:18:00,1055,1055,1055,1055,0
2022-03-25 14:19:00,1055,1055,1055,1055,0
2022-03-25 14:20:00,1055,1055,1055,1055,100
2022-03-25 14:21:00,1055,1055,1055,1055,0
2022-03-25 14:22:00,1055,1055,1055,1055,100
2022-03-25 14:23:00,1055,1055,1055,1055,0
2022-03-25 14:24:00,1055,1055,1055,1055,100
2022-03-25 14:25:00,1055,1055,1055,1055,0
2022-03-25 14:26:00,1055,1055,1055,1055,0
2022-03-25 14:27:00,1055,1055,1055,1055,0
2022-03-25 14:28:00,1055,1055,1055,1055,0
2022-03-25 14:29:00,1050,1050,1050,1050,9300
2022-03-25 14:30:00,1050,1050,1050,1050,0
2022-03-25 14:31:00,1050,1050,1050,1050,0
2022-03-25 14:32:00,1050,1050,1050,1050,0
2022-03-25 14:33:00,1050,1050,1050,1050,0
2022-03-25 14:34:00,1050,1050,1050,1050,0
2022-03-25 14:35:00,1055,1055,1055,1055,170000
2022-03-25 14:36:00,1055,1055,1055,1055,0
2022-03-25 14:37:00,1055,1055,1055,1055,0
2022-03-25 14:38:00,1055,1055,1055,1055,10000
2022-03-25 14:39:00,1055,1055,1055,1055,0
2022-03-25 14:40:00,1055,1055,1055,1055,0
2022-03-25 14:41:00,1050,1050,1050,1050,2000
2022-03-25 14:42:00,1055,1055,1055,1055,1100
2022-03-25 14:43:00,1050,1050,1050,1050,1200
2022-03-25 14:44:00,1050,1050,1050,1050,4300
2022-03-25 14:45:00,1050,1050,1050,1050,0
2022-03-25 14:46:00,1050,1050,1050,1050,600
2022-03-25 14:47:00,1050,1050,1050,1050,0
2022-03-25 14:48:00,1060,1055,1060,1055,15100
2022-03-25 14:49:00,1060,1055,1060,1055,0
2022-03-25 14:50:00,1060,1055,1060,1055,0
2022-03-25 14:51:00,1060,1055,1060,1055,0
2022-03-25 14:52:00,1060,1055,1060,1055,0
2022-03-25 14:53:00,1060,1055,1060,1055,0
2022-03-25 14:54:00,1060,1055,1060,1055,0
2022-03-25 14:55:00,1060,1055,1060,1055,0
2022-03-25 14:56:00,1060,1055,1060,1055,0
2022-03-25 14:57:00,1060,1055,1060,1055,0
2022-03-25 14:58:00,1060,1055,1060,1055,0
2022-03-25 14:59:00,1060,1055,1060,1055,0
2022-03-25 15:00:00,1065,1065,1065,1065,263300
2022-03-25 15:01:00,1065,1065,1065,1065,0
2022-03-25 15:02:00,1065,1065,1065,1065,53000
2022-03-25 15:03:00,1065,1065,1065,1065,0
2022-03-25 15:04:00,1065,1065,1065,1065,3388200
2022-03-25 15:05:00,1065,1065,1065,1065,100
2022-03-25 15:06:00,1065,1065,1065,1065,0
2022-03-25 15:07:00,1065,1065,1065,1065,0
2022-03-25 15:08:00,1065,1065,1065,1065,0
2022-03-25 15:09:00,1065,1065,1065,1065,0
2022-03-25 15:10:00,1065,1065,1065,1065,1700
2022-03-25 15:11:00,1065,1065,1065,1065,0
2022-03-25 15:12:00,1065,1065,1065,1065,100
2022-03-25 15:13:00,1065,1065,1065,1065,100
2022-03-25 15:14:00,1065,1065,1065,1065,0
2022-03-25 15:15:00,1065,1065,1065,1065,0
2022-03-25 15:16:00,1065,1065,1065,1065,0
2022-03-25 15:17:00,1065,1065,1065,1065,0
2022-03-25 15:18:00,1065,1065,1065,1065,0
2022-03-25 15:19:00,1065,1065,1065,1065,0
2022-03-25 15:20:00,1065,1065,1065,1065,0
2022-03-25 15:21:00,1065,1065,1065,1065,0
2022-03-25 15:22:00,1065,1065,1065,1065,0
2022-03-25 15:23:00,1065,1065,1065,1065,0
2022-03-25 15:24:00,1065,1065,1065,1065,0
2022-03-25 15:25:00,1065,1065,1065,1065,0
2022-03-25 15:26:00,1065,1065,1065,1065,0
2022-03-25 15:27:00,1065,1065,1065,1065,0
2022-03-25 15:28:00,1065,1065,1065,1065,0
2022-03-25 15:29:00,1065,1065,1065,1065,0
2022-03-25 15:30:00,1065,1065,1065,1065,0
2022-03-25 15:31:00,1065,1065,1065,1065,0
2022-03-25 15:32:00,1065,1065,1065,1065,0
2022-03-25 15:33:00,1065,1065,1065,1065,0
2022-03-25 15:34:00,1065,1065,1065,1065,0
2022-03-25 15:35:00,1065,1065,1065,1065,0
2022-03-25 15:36:00,1065,1065,1065,1065,0
2022-03-25 15:37:00,1065,1065,1065,1065,0
2022-03-25 15:38:00,1065,1065,1065,1065,0
2022-03-25 15:39:00,1065,1065,1065,1065,0
2022-03-25 15:40:00,1065,1065,1065,1065,0
2022-03-25 15:41:00,1065,1065,1065,1065,0
2022-03-25 15:42:00,1065,1065,1065,1065,0
2022-03-25 15:43:00,1065,1065,1065,1065,0
2022-03-25 15:44:00,1065,1065,1065,1065,0
2022-03-25 15:45:00,1065,1065,1065,1065,0
2022-03-25 15:46:00,1065,1065,1065,1065,0
2022-03-25 15:47:00,1065,1065,1065,1065,0
2022-03-25 15:48:00,1065,1065,1065,1065,0
2022-03-25 15:49:00,1065,1065,1065,1065,0
2022-03-25 15:50:00,1065,1065,1065,1065,0
2022-03-25 15:51:00,1065,1065,1065,1065,0
2022-03-25 15:52:00,1065,1065,1065,1065,0
2022-03-25 15:53:00,1065,1065,1065,1065,0
2022-03-25 15:54:00,1065,1065,1065,1065,0
2022-03-25 15:55:00,1065,1065,1065,1065,0
2022-03-25 15:56:00,1065,1065,1065,1065,0
2022-03-25 15:57:00,1065,1065,1065,1065,0
2022-03-25 15:58:00,1065,1065,1065,1065,0
2022-03-25 15:59:00,1065,1065,1065,1065,0
2022-03-28 09:00:00,1065,1060,1070,1065,0
2022-03-28 09:01:00,1065,1065,1065,1065,5000
2022-03-28 09:02:00,1065,1065,1065,1065,2000
2022-03-28 09:03:00,1065,1065,1065,1065,0
2022-03-28 09:04:00,1065,1065,1065,1065,2500
2022-03-28 09:05:00,1065,1065,1065,1065,0
2022-03-28 09:06:00,1065,1065,1065,1065,1200
2022-03-28 09:07:00,1065,1065,1065,1065,0
2022-03-28 09:08:00,1065,1065,1065,1065,3100
2022-03-28 09:09:00,1065,1065,1065,1065,9800
2022-03-28 09:10:00,1065,1065,1065,1065,8700
2022-03-28 09:11:00,1065,1065,1065,1065,0
2022-03-28 09:12:00,1065,1065,1065,1065,300
2022-03-28 09:13:00,1065,1065,1065,1065,0
2022-03-28 09:14:00,1065,1065,1065,1065,2700
2022-03-28 09:15:00,1065,1065,1065,1065,0
2022-03-28 09:16:00,1065,1065,1065,1065,0
2022-03-28 09:17:00,1065,1065,1065,1065,5000
2022-03-28 09:18:00,1065,1065,1065,1065,0
2022-03-28 09:19:00,1065,1065,1065,1065,1000
2022-03-28 09:20:00,1065,1065,1065,1065,0
2022-03-28 09:21:00,1065,1065,1065,1065,100
2022-03-28 09:22:00,1065,1065,1065,1065,0
2022-03-28 09:23:00,1065,1065,1065,1065,400000
2022-03-28 09:24:00,1065,1065,1065,1065,4600
2022-03-28 09:25:00,1065,1065,1065,1065,0
2022-03-28 09:26:00,1065,1065,1065,1065,1000
2022-03-28 09:27:00,1065,1065,1065,1065,2400
2022-03-28 09:28:00,1065,1065,1065,1065,100
2022-03-28 09:29:00,1065,1065,1065,1065,0
2022-03-28 09:30:00,1065,1065,1065,1065,0
2022-03-28 09:31:00,1065,1065,1065,1065,8000
2022-03-28 09:32:00,1065,1065,1065,1065,0
2022-03-28 09:33:00,1065,1065,1070,1070,314400
2022-03-28 09:34:00,1070,1070,1070,1070,500
2022-03-28 09:35:00,1070,1070,1070,1070,500
2022-03-28 09:36:00,1070,1070,1070,1070,70100
2022-03-28 09:37:00,1070,1070,1070,1070,297800
2022-03-28 09:38:00,1070,1070,1070,1070,1600
2022-03-28 09:39:00,1070,1070,1075,1075,122000
2022-03-28 09:40:00,1075,1075,1075,1075,314400
2022-03-28 09:41:00,1075,1075,1075,1075,15000
2022-03-28 09:42:00,1075,1075,1075,1075,200
2022-03-28 09:43:00,1070,1070,1070,1070,1000
2022-03-28 09:44:00,1070,1070,1070,1070,250000
2022-03-28 09:45:00,1070,1070,1070,1070,5000
2022-03-28 09:46:00,1070,1070,1070,1070,200
2022-03-28 09:47:00,1070,1070,1070,1070,0
2022-03-28 09:48:00,1075,1075,1075,1075,5400
2022-03-28 09:49:00,1075,1075,1075,1075,0
2022-03-28 09:50:00,1075,1075,1075,1075,0
2022-03-28 09:51:00,1075,1075,1075,1075,0
2022-03-28 09:52:00,1075,1075,1075,1075,0
2022-03-28 09:53:00,1070,1070,1075,1075,5500
2022-03-28 09:54:00,1070,1070,1075,1075,0
2022-03-28 09:55:00,1070,1070,1075,1075,0
2022-03-28 09:56:00,1070,1070,1075,1075,0
2022-03-28 09:57:00,1070,1070,1075,1075,0
2022-03-28 09:58:00,1070,1070,1075,1075,0
2022-03-28 09:59:00,1070,1070,1070,1070,5500
2022-03-28 10:00:00,1070,1070,1070,1070,0
2022-03-28 10:01:00,1070,1070,1070,1070,2500
2022-03-28 10:02:00,1070,1070,1070,1070,0
2022-03-28 10:03:00,1070,1070,1070,1070,0
2022-03-28 10:04:00,1070,1070,1070,1070,0
2022-03-28 10:05:00,1070,1070,1070,1070,0
2022-03-28 10:06:00,1070,1070,1070,1070,0
2022-03-28 10:07:00,1070,1070,1070,1070,0
2022-03-28 10:08:00,1070,1070,1070,1070,2100
2022-03-28 10:09:00,1070,1070,1070,1070,0
2022-03-28 10:10:00,1075,1075,1075,1075,1000
2022-03-28 10:11:00,1075,1075,1075,1075,0
2022-03-28 10:12:00,1070,1070,1070,1070,200
2022-03-28 10:13:00,1075,1075,1075,1075,98000
2022-03-28 10:14:00,1075,1075,1080,1080,123500
2022-03-28 10:15:00,1080,1080,1080,1080,248600
2022-03-28 10:16:00,1080,1075,1080,1075,800
2022-03-28 10:17:00,1075,1075,1075,1075,1800
2022-03-28 10:18:00,1075,1075,1075,1075,4600
2022-03-28 10:19:00,1075,1075,1075,1075,100
2022-03-28 10:20:00,1075,1075,1075,1075,100
2022-03-28 10:21:00,1075,1075,1075,1075,0
2022-03-28 10:22:00,1070,1070,1070,1070,2300
2022-03-28 10:23:00,1070,1070,1070,1070,3000
2022-03-28 10:24:00,1070,1070,1070,1070,0
2022-03-28 10:25:00,1070,1070,1070,1070,0
2022-03-28 10:26:00,1070,1070,1070,1070,0
2022-03-28 10:27:00,1070,1070,1070,1070,0
2022-03-28 10:28:00,1070,1070,1070,1070,0
2022-03-28 10:29:00,1070,1070,1070,1070,0
2022-03-28 10:30:00,1070,1070,1070,1070,0
2022-03-28 10:31:00,1070,1070,1070,1070,0
2022-03-28 10:32:00,1070,1070,1070,1070,0
2022-03-28 10:33:00,1070,1070,1070,1070,0
2022-03-28 10:34:00,1070,1070,1070,1070,0
2022-03-28 10:35:00,1070,1070,1070,1070,0
2022-03-28 10:36:00,1070,1070,1070,1070,0
2022-03-28 10:37:00,1070,1070,1070,1070,0
2022-03-28 10:38:00,1070,1070,1070,1070,0
2022-03-28 10:39:00,1070,1070,1070,1070,0
2022-03-28 10:40:00,1070,1070,1070,1070,0
2022-03-28 10:41:00,1070,1070,1070,1070,0
2022-03-28 10:42:00,1070,1070,1070,1070,0
2022-03-28 10:43:00,1070,1070,1070,1070,0
2022-03-28 10:44:00,1070,1070,1070,1070,0
2022-03-28 10:45:00,1070,1065,1070,1065,20100
2022-03-28 10:46:00,1070,1065,1070,1065,0
2022-03-28 10:47:00,1070,1065,1070,1065,0
2022-03-28 10:48:00,1070,1065,1070,1065,0
2022-03-28 10:49:00,1070,1065,1070,1065,0
2022-03-28 10:50:00,1070,1065,1070,1065,0
2022-03-28 10:51:00,1070,1065,1070,1065,0
2022-03-28 10:52:00,1070,1065,1070,1065,0
2022-03-28 10:53:00,1065,1065,1065,1065,200
2022-03-28 10:54:00,1065,1065,1065,1065,0
2022-03-28 10:55:00,1065,1065,1065,1065,0
2022-03-28 10:56:00,1065,1065,1065,1065,500
2022-03-28 10:57:00,1065,1065,1065,1065,0
2022-03-28 10:58:00,1065,1065,1065,1065,0
2022-03-28 10:59:00,1065,1065,1065,1065,500
2022-03-28 11:00:00,1065,1065,1065,1065,100
2022-03-28 11:01:00,1065,1065,1065,1065,0
2022-03-28 11:02:00,1065,1065,1065,1065,0
2022-03-28 11:03:00,1065,1065,1065,1065,0
2022-03-28 11:04:00,1065,1065,1065,1065,0
2022-03-28 11:05:00,1065,1065,1065,1065,0
2022-03-28 11:06:00,1065,1065,1065,1065,0
2022-03-28 11:07:00,1065,1065,1065,1065,2400
2022-03-28 11:08:00,1065,1065,1065,1065,0
2022-03-28 11:09:00,1065,1065,1065,1065,0
2022-03-28 11:10:00,1065,1065,1065,1065,0
2022-03-28 11:11:00,1065,1065,1065,1065,0
2022-03-28 11:12:00,1065,1065,1065,1065,0
2022-03-28 11:13:00,1065,1065,1065,1065,500
2022-03-28 11:14:00,1065,1065,1065,1065,0
2022-03-28 11:15:00,1065,1065,1065,1065,200
2022-03-28 11:16:00,1065,1065,1065,1065,0
2022-03-28 11:17:00,1065,1065,1065,1065,0
2022-03-28 11:18:00,1065,1065,1065,1065,0
2022-03-28 11:19:00,1065,1065,1065,1065,0
2022-03-28 11:20:00,1065,1065,1065,1065,0
2022-03-28 11:21:00,1065,1065,1065,1065,0
2022-03-28 11:22:00,1065,1065,1065,1065,3000
2022-03-28 11:23:00,1065,1065,1065,1065,1000
2022-03-28 11:24:00,1065,1065,1065,1065,0
2022-03-28 11:25:00,1065,1065,1065,1065,0
2022-03-28 11:26:00,1065,1065,1065,1065,0
2022-03-28 11:27:00,1065,1065,1065,1065,0
2022-03-28 11:28:00,1065,1065,1065,1065,4000
2022-03-28 11:29:00,1065,1065,1065,1065,1000
2022-03-28 11:30:00,1065,1065,1065,1065,0
2022-03-28 11:31:00,1065,1065,1065,1065,0
2022-03-28 11:32:00,1065,1065,1065,1065,0
2022-03-28 11:33:00,1065,1065,1065,1065,0
2022-03-28 11:34:00,1065,1065,1065,1065,0
2022-03-28 11:35:00,1065,1065,1065,1065,0
2022-03-28 11:36:00,1065,1065,1065,1065,0
2022-03-28 11:37:00,1065,1065,1065,1065,0
2022-03-28 11:38:00,1065,1065,1065,1065,0
2022-03-28 11:39:00,1065,1065,1065,1065,0
2022-03-28 11:40:00,1065,1065,1065,1065,0
2022-03-28 11:41:00,1065,1065,1065,1065,0
2022-03-28 11:42:00,1065,1065,1065,1065,0
2022-03-28 11:43:00,1065,1065,1065,1065,0
2022-03-28 11:44:00,1065,1065,1065,1065,0
2022-03-28 11:45:00,1065,1065,1065,1065,0
2022-03-28 11:46:00,1065,1065,1065,1065,0
2022-03-28 11:47:00,1065,1065,1065,1065,0
2022-03-28 11:48:00,1065,1065,1065,1065,0
2022-03-28 11:49:00,1065,1065,1065,1065,0
2022-03-28 11:50:00,1065,1065,1065,1065,0
2022-03-28 11:51:00,1065,1065,1065,1065,0
2022-03-28 11:52:00,1065,1065,1065,1065,0
2022-03-28 11:53:00,1065,1065,1065,1065,0
2022-03-28 11:54:00,1065,1065,1065,1065,0
2022-03-28 11:55:00,1065,1065,1065,1065,0
2022-03-28 11:56:00,1065,1065,1065,1065,0
2022-03-28 11:57:00,1065,1065,1065,1065,0
2022-03-28 11:58:00,1065,1065,1065,1065,0
2022-03-28 11:59:00,1065,1065,1065,1065,0
2022-03-28 12:00:00,1065,1065,1065,1065,0
2022-03-28 12:01:00,1065,1065,1065,1065,0
2022-03-28 12:02:00,1065,1065,1065,1065,0
2022-03-28 12:03:00,1065,1065,1065,1065,0
2022-03-28 12:04:00,1065,1065,1065,1065,0
2022-03-28 12:05:00,1065,1065,1065,1065,0
2022-03-28 12:06:00,1065,1065,1065,1065,0
2022-03-28 12:07:00,1065,1065,1065,1065,0
2022-03-28 12:08:00,1065,1065,1065,1065,0
2022-03-28 12:09:00,1065,1065,1065,1065,0
2022-03-28 12:10:00,1065,1065,1065,1065,0
2022-03-28 12:11:00,1065,1065,1065,1065,0
2022-03-28 12:12:00,1065,1065,1065,1065,0
2022-03-28 12:13:00,1065,1065,1065,1065,0
2022-03-28 12:14:00,1065,1065,1065,1065,0
2022-03-28 12:15:00,1065,1065,1065,1065,0
2022-03-28 12:16:00,1065,1065,1065,1065,0
2022-03-28 12:17:00,1065,1065,1065,1065,0
2022-03-28 12:18:00,1065,1065,1065,1065,0
2022-03-28 12:19:00,1065,1065,1065,1065,0
2022-03-28 12:20:00,1065,1065,1065,1065,0
2022-03-28 12:21:00,1065,1065,1065,1065,0
2022-03-28 12:22:00,1065,1065,1065,1065,0
2022-03-28 12:23:00,1065,1065,1065,1065,0
2022-03-28 12:24:00,1065,1065,1065,1065,0
2022-03-28 12:25:00,1065,1065,1065,1065,0
2022-03-28 12:26:00,1065,1065,1065,1065,0
2022-03-28 12:27:00,1065,1065,1065,1065,0
2022-03-28 12:28:00,1065,1065,1065,1065,0
2022-03-28 12:29:00,1065,1065,1065,1065,0
2022-03-28 12:30:00,1065,1065,1065,1065,0
2022-03-28 12:31:00,1065,1065,1065,1065,0
2022-03-28 12:32:00,1065,1065,1065,1065,0
2022-03-28 12:33:00,1065,1065,1065,1065,0
2022-03-28 12:34:00,1065,1065,1065,1065,0
2022-03-28 12:35:00,1065,1065,1065,1065,0
2022-03-28 12:36:00,1065,1065,1065,1065,0
2022-03-28 12:37:00,1065,1065,1065,1065,0
2022-03-28 12:38:00,1065,1065,1065,1065,0
2022-03-28 12:39:00,1065,1065,1065,1065,0
2022-03-28 12:40:00,1065,1065,1065,1065,0
2022-03-28 12:41:00,1065,1065,1065,1065,0
2022-03-28 12:42:00,1065,1065,1065,1065,0
2022-03-28 12:43:00,1065,1065,1065,1065,0
2022-03-28 12:44:00,1065,1065,1065,1065,0
2022-03-28 12:45:00,1065,1065,1065,1065,0
2022-03-28 12:46:00,1065,1065,1065,1065,0
2022-03-28 12:47:00,1065,1065,1065,1065,0
2022-03-28 12:48:00,1065,1065,1065,1065,0
2022-03-28 12:49:00,1065,1065,1065,1065,0
2022-03-28 12:50:00,1065,1065,1065,1065,0
2022-03-28 12:51:00,1065,1065,1065,1065,0
2022-03-28 12:52:00,1065,1065,1065,1065,0
2022-03-28 12:53:00,1065,1065,1065,1065,0
2022-03-28 12:54:00,1065,1065,1065,1065,0
2022-03-28 12:55:00,1065,1065,1065,1065,0
2022-03-28 12:56:00,1065,1065,1065,1065,0
2022-03-28 12:57:00,1065,1065,1065,1065,0
2022-03-28 12:58:00,1065,1065,1065,1065,0
2022-03-28 12:59:00,1065,1065,1065,1065,0
2022-03-28 13:00:00,1065,1065,1065,1065,0
2022-03-28 13:01:00,1065,1065,1065,1065,0
2022-03-28 13:02:00,1065,1065,1065,1065,0
2022-03-28 13:03:00,1065,1065,1065,1065,0
2022-03-28 13:04:00,1065,1065,1065,1065,0
2022-03-28 13:05:00,1065,1065,1065,1065,0
2022-03-28 13:06:00,1065,1065,1065,1065,0
2022-03-28 13:07:00,1065,1065,1065,1065,0
2022-03-28 13:08:00,1065,1065,1065,1065,0
2022-03-28 13:09:00,1065,1065,1065,1065,0
2022-03-28 13:10:00,1065,1065,1065,1065,0
2022-03-28 13:11:00,1065,1065,1065,1065,0
2022-03-28 13:12:00,1065,1065,1065,1065,0
2022-03-28 13:13:00,1065,1065,1065,1065,0
2022-03-28 13:14:00,1065,1065,1065,1065,0
2022-03-28 13:15:00,1065,1065,1065,1065,0
2022-03-28 13:16:00,1065,1065,1065,1065,0
2022-03-28 13:17:00,1065,1065,1065,1065,0
2022-03-28 13:18:00,1065,1065,1065,1065,0
2022-03-28 13:19:00,1065,1065,1065,1065,0
2022-03-28 13:20:00,1065,1065,1065,1065,0
2022-03-28 13:21:00,1065,1065,1065,1065,0
2022-03-28 13:22:00,1065,1065,1065,1065,0
2022-03-28 13:23:00,1065,1065,1065,1065,0
2022-03-28 13:24:00,1065,1065,1065,1065,0
2022-03-28 13:25:00,1065,1065,1065,1065,0
2022-03-28 13:26:00,1065,1065,1065,1065,0
2022-03-28 13:27:00,1065,1065,1065,1065,0
2022-03-28 13:28:00,1065,1065,1065,1065,0
2022-03-28 13:29:00,1065,1065,1065,1065,0
2022-03-28 13:30:00,1065,1065,1070,1070,500
2022-03-28 13:31:00,1065,1065,1070,1070,0
2022-03-28 13:32:00,1065,1065,1070,1070,0
2022-03-28 13:33:00,1065,1065,1070,1070,0
2022-03-28 13:34:00,1065,1065,1070,1070,0
2022-03-28 13:35:00,1065,1065,1070,1070,0
2022-03-28 13:36:00,1065,1065,1070,1070,0
2022-03-28 13:37:00,1065,1065,1070,1070,0
2022-03-28 13:38:00,1065,1065,1070,1070,0
2022-03-28 13:39:00,1065,1065,1070,1070,0
2022-03-28 13:40:00,1065,1065,1065,1065,13000
2022-03-28 13:41:00,1065,1065,1065,1065,0
2022-03-28 13:42:00,1065,1065,1065,1065,0
2022-03-28 13:43:00,1065,1065,1065,1065,0
2022-03-28 13:44:00,1065,1065,1065,1065,0
2022-03-28 13:45:00,1065,1065,1065,1065,0
2022-03-28 13:46:00,1065,1065,1065,1065,0
2022-03-28 13:47:00,1065,1065,1065,1065,0
2022-03-28 13:48:00,1065,1065,1065,1065,0
2022-03-28 13:49:00,1065,1065,1065,1065,400
2022-03-28 13:50:00,1065,1065,1065,1065,0
2022-03-28 13:51:00,1065,1065,1065,1065,0
2022-03-28 13:52:00,1065,1065,1065,1065,300
2022-03-28 13:53:00,1065,1065,1065,1065,0
2022-03-28 13:54:00,1070,1070,1070,1070,1300
2022-03-28 13:55:00,1070,1070,1070,1070,0
2022-03-28 13:56:00,1070,1070,1070,1070,0
2022-03-28 13:57:00,1070,1070,1070,1070,1500
2022-03-28 13:58:00,1070,1070,1070,1070,0
2022-03-28 13:59:00,1070,1070,1070,1070,200
2022-03-28 14:00:00,1070,1070,1070,1070,5200
2022-03-28 14:01:00,1070,1070,1070,1070,0
2022-03-28 14:02:00,1070,1070,1070,1070,0
2022-03-28 14:03:00,1070,1070,1070,1070,500
2022-03-28 14:04:00,1070,1070,1070,1070,0
2022-03-28 14:05:00,1070,1070,1070,1070,100
2022-03-28 14:06:00,1070,1070,1070,1070,0
2022-03-28 14:07:00,1070,1070,1070,1070,0
2022-03-28 14:08:00,1070,1070,1070,1070,0
2022-03-28 14:09:00,1070,1070,1070,1070,0
2022-03-28 14:10:00,1070,1070,1070,1070,200
2022-03-28 14:11:00,1070,1070,1070,1070,0
2022-03-28 14:12:00,1070,1070,1070,1070,0
2022-03-28 14:13:00,1065,1065,1065,1065,30800
2022-03-28 14:14:00,1065,1065,1065,1065,3100
2022-03-28 14:15:00,1065,1065,1065,1065,0
2022-03-28 14:16:00,1065,1065,1065,1065,23700
2022-03-28 14:17:00,1065,1065,1065,1065,16300
2022-03-28 14:18:00,1065,1065,1065,1065,100
2022-03-28 14:19:00,1065,1065,1065,1065,0
2022-03-28 14:20:00,1065,1065,1065,1065,0
2022-03-28 14:21:00,1065,1065,1065,1065,0
2022-03-28 14:22:00,1065,1065,1065,1065,0
2022-03-28 14:23:00,1065,1065,1065,1065,0
2022-03-28 14:24:00,1065,1065,1065,1065,2936100
2022-03-28 14:25:00,1065,1065,1065,1065,91400
2022-03-28 14:26:00,1065,1065,1065,1065,0
2022-03-28 14:27:00,1065,1065,1065,1065,3800
2022-03-28 14:28:00,1065,1065,1065,1065,0
2022-03-28 14:29:00,1065,1065,1065,1065,0
2022-03-28 14:30:00,1065,1065,1065,1065,0
2022-03-28 14:31:00,1065,1065,1065,1065,0
2022-03-28 14:32:00,1065,1065,1065,1065,400
2022-03-28 14:33:00,1065,1065,1065,1065,0
2022-03-28 14:34:00,1065,1065,1065,1065,0
2022-03-28 14:35:00,1065,1065,1065,1065,3900
2022-03-28 14:36:00,1065,1065,1065,1065,1000
2022-03-28 14:37:00,1065,1065,1065,1065,0
2022-03-28 14:38:00,1065,1065,1065,1065,2400
2022-03-28 14:39:00,1070,1065,1070,1065,8100
2022-03-28 14:40:00,1070,1065,1070,1065,0
2022-03-28 14:41:00,1070,1065,1070,1065,0
2022-03-28 14:42:00,1065,1065,1065,1065,2500
2022-03-28 14:43:00,1065,1065,1065,1065,3100
2022-03-28 14:44:00,1065,1065,1065,1065,0
2022-03-28 14:45:00,1065,1065,1065,1065,200
2022-03-28 14:46:00,1065,1065,1065,1065,7900
2022-03-28 14:47:00,1065,1065,1070,1070,591300
2022-03-28 14:48:00,1070,1070,1070,1070,100
2022-03-28 14:49:00,1070,1070,1070,1070,0
2022-03-28 14:50:00,1070,1070,1070,1070,0
2022-03-28 14:51:00,1070,1070,1070,1070,0
2022-03-28 14:52:00,1070,1070,1070,1070,0
2022-03-28 14:53:00,1070,1070,1070,1070,0
2022-03-28 14:54:00,1070,1070,1070,1070,0
2022-03-28 14:55:00,1070,1070,1070,1070,0
2022-03-28 14:56:00,1070,1070,1070,1070,0
2022-03-28 14:57:00,1070,1070,1070,1070,0
2022-03-28 14:58:00,1070,1070,1070,1070,0
2022-03-28 14:59:00,1070,1070,1070,1070,0
2022-03-28 15:00:00,1065,1065,1065,1065,15000
2022-03-28 15:01:00,1065,1065,1065,1065,0
2022-03-28 15:02:00,1065,1065,1065,1065,0
2022-03-28 15:03:00,1065,1065,1065,1065,0
2022-03-28 15:04:00,1065,1065,1065,1065,0
2022-03-28 15:05:00,1065,1065,1065,1065,0
2022-03-28 15:06:00,1065,1065,1065,1065,40000
2022-03-28 15:07:00,1065,1065,1065,1065,0
2022-03-28 15:08:00,1065,1065,1065,1065,2200
2022-03-28 15:09:00,1065,1065,1065,1065,0
2022-03-28 15:10:00,1065,1065,1065,1065,0
2022-03-28 15:11:00,1065,1065,1065,1065,0
2022-03-28 15:12:00,1065,1065,1065,1065,0
2022-03-28 15:13:00,1065,1065,1065,1065,0
2022-03-28 15:14:00,1065,1065,1065,1065,0
2022-03-28 15:15:00,1065,1065,1065,1065,0
2022-03-28 15:16:00,1065,1065,1065,1065,0
2022-03-28 15:17:00,1065,1065,1065,1065,0
2022-03-28 15:18:00,1065,1065,1065,1065,0
2022-03-28 15:19:00,1065,1065,1065,1065,0
2022-03-28 15:20:00,1065,1065,1065,1065,0
2022-03-28 15:21:00,1065,1065,1065,1065,0
2022-03-28 15:22:00,1065,1065,1065,1065,0
2022-03-28 15:23:00,1065,1065,1065,1065,0
2022-03-28 15:24:00,1065,1065,1065,1065,0
2022-03-28 15:25:00,1065,1065,1065,1065,0
2022-03-28 15:26:00,1065,1065,1065,1065,0
2022-03-28 15:27:00,1065,1065,1065,1065,0
2022-03-28 15:28:00,1065,1065,1065,1065,0
2022-03-28 15:29:00,1065,1065,1065,1065,0
2022-03-28 15:30:00,1065,1065,1065,1065,0
2022-03-28 15:31:00,1065,1065,1065,1065,0
2022-03-28 15:32:00,1065,1065,1065,1065,0
2022-03-28 15:33:00,1065,1065,1065,1065,0
2022-03-28 15:34:00,1065,1065,1065,1065,0
2022-03-28 15:35:00,1065,1065,1065,1065,0
2022-03-28 15:36:00,1065,1065,1065,1065,0
2022-03-28 15:37:00,1065,1065,1065,1065,0
2022-03-28 15:38:00,1065,1065,1065,1065,0
2022-03-28 15:39:00,1065,1065,1065,1065,0
2022-03-28 15:40:00,1065,1065,1065,1065,0
2022-03-28 15:41:00,1065,1065,1065,1065,0
2022-03-28 15:42:00,1065,1065,1065,1065,0
2022-03-28 15:43:00,1065,1065,1065,1065,0
2022-03-28 15:44:00,1065,1065,1065,1065,0
2022-03-28 15:45:00,1065,1065,1065,1065,0
2022-03-28 15:46:00,1065,1065,1065,1065,0
2022-03-28 15:47:00,1065,1065,1065,1065,0
2022-03-28 15:48:00,1065,1065,1065,1065,0
2022-03-28 15:49:00,1065,1065,1065,1065,0
2022-03-28 15:50:00,1065,1065,1065,1065,0
2022-03-28 15:51:00,1065,1065,1065,1065,0
2022-03-28 15:52:00,1065,1065,1065,1065,0
2022-03-28 15:53:00,1065,1065,1065,1065,0
2022-03-28 15:54:00,1065,1065,1065,1065,0
2022-03-28 15:55:00,1065,1065,1065,1065,0
2022-03-28 15:56:00,1065,1065,1065,1065,0
2022-03-28 15:57:00,1065,1065,1065,1065,0
2022-03-28 15:58:00,1065,1065,1065,1065,0
2022-03-28 15:59:00,1065,1065,1065,1065,0
2022-03-29 09:00:00,1065,1065,1065,1065,0
2022-03-29 09:01:00,1065,1065,1065,1065,0
2022-03-29 09:02:00,1065,1065,1065,1065,0
2022-03-29 09:03:00,1065,1065,1065,1065,0
2022-03-29 09:04:00,1065,1065,1065,1065,0
2022-03-29 09:05:00,1070,1065,1075,1065,4400
2022-03-29 09:06:00,1065,1065,1065,1065,1000
2022-03-29 09:07:00,1075,1075,1085,1085,50000
2022-03-29 09:08:00,1085,1085,1085,1085,15300
2022-03-29 09:09:00,1070,1070,1070,1070,5100
2022-03-29 09:10:00,1070,1070,1070,1070,0
2022-03-29 09:11:00,1075,1075,1085,1075,428000
2022-03-29 09:12:00,1080,1080,1080,1080,131600
2022-03-29 09:13:00,1080,1080,1090,1090,524700
2022-03-29 09:14:00,1090,1080,1090,1080,150300
2022-03-29 09:15:00,1075,1075,1080,1080,19500
2022-03-29 09:16:00,1075,1075,1080,1080,0
2022-03-29 09:17:00,1085,1085,1090,1085,621800
2022-03-29 09:18:00,1085,1085,1095,1095,240300
2022-03-29 09:19:00,1095,1095,1100,1100,658500
2022-03-29 09:20:00,1100,1100,1100,1100,288600
2022-03-29 09:21:00,1100,1095,1100,1095,3600
2022-03-29 09:22:00,1095,1095,1105,1105,376900
2022-03-29 09:23:00,1100,1090,1105,1095,383800
2022-03-29 09:24:00,1095,1095,1105,1095,167500
2022-03-29 09:25:00,1095,1080,1095,1080,123600
2022-03-29 09:26:00,1080,1080,1080,1080,2000
2022-03-29 09:27:00,1075,1075,1080,1080,4500
2022-03-29 09:28:00,1080,1080,1080,1080,800
2022-03-29 09:29:00,1085,1085,1085,1085,100
2022-03-29 09:30:00,1085,1080,1085,1080,4500
2022-03-29 09:31:00,1080,1080,1080,1080,24600
2022-03-29 09:32:00,1080,1075,1080,1075,33700
2022-03-29 09:33:00,1075,1075,1075,1075,600
2022-03-29 09:34:00,1085,1070,1090,1070,225700
2022-03-29 09:35:00,1075,1075,1075,1075,100
2022-03-29 09:36:00,1075,1075,1095,1095,600
2022-03-29 09:37:00,1075,1075,1095,1095,0
2022-03-29 09:38:00,1095,1080,1095,1080,15700
2022-03-29 09:39:00,1080,1080,1080,1080,10000
2022-03-29 09:40:00,1080,1080,1080,1080,0
2022-03-29 09:41:00,1080,1080,1080,1080,500
2022-03-29 09:42:00,1080,1080,1080,1080,13300
2022-03-29 09:43:00,1080,1080,1080,1080,4200
2022-03-29 09:44:00,1080,1080,1080,1080,8500
2022-03-29 09:45:00,1080,1080,1080,1080,0
2022-03-29 09:46:00,1080,1080,1080,1080,24100
2022-03-29 09:47:00,1080,1080,1080,1080,0
2022-03-29 09:48:00,1080,1080,1080,1080,0
2022-03-29 09:49:00,1080,1080,1080,1080,0
2022-03-29 09:50:00,1080,1080,1080,1080,0
2022-03-29 09:51:00,1075,1075,1075,1075,17400
2022-03-29 09:52:00,1075,1075,1075,1075,7100
2022-03-29 09:53:00,1075,1075,1075,1075,0
2022-03-29 09:54:00,1075,1075,1075,1075,2600
2022-03-29 09:55:00,1075,1075,1075,1075,1000
2022-03-29 09:56:00,1075,1075,1075,1075,300
2022-03-29 09:57:00,1075,1075,1075,1075,800
2022-03-29 09:58:00,1075,1075,1075,1075,0
2022-03-29 09:59:00,1075,1075,1075,1075,0
2022-03-29 10:00:00,1075,1075,1075,1075,0
2022-03-29 10:01:00,1075,1075,1075,1075,100
2022-03-29 10:02:00,1075,1075,1075,1075,0
2022-03-29 10:03:00,1075,1075,1075,1075,0
2022-03-29 10:04:00,1075,1075,1075,1075,400
2022-03-29 10:05:00,1075,1075,1075,1075,0
2022-03-29 10:06:00,1075,1075,1075,1075,0
2022-03-29 10:07:00,1075,1075,1075,1075,0
2022-03-29 10:08:00,1075,1075,1075,1075,100
2022-03-29 10:09:00,1070,1070,1070,1070,1300
2022-03-29 10:10:00,1070,1070,1070,1070,600
2022-03-29 10:11:00,1070,1070,1070,1070,0
2022-03-29 10:12:00,1080,1080,1080,1080,100
2022-03-29 10:13:00,1080,1080,1080,1080,0
2022-03-29 10:14:00,1070,1070,1070,1070,1000
2022-03-29 10:15:00,1070,1070,1070,1070,0
2022-03-29 10:16:00,1070,1070,1070,1070,0
2022-03-29 10:17:00,1070,1070,1070,1070,0
2022-03-29 10:18:00,1070,1070,1070,1070,0
2022-03-29 10:19:00,1070,1070,1070,1070,0
2022-03-29 10:20:00,1070,1070,1070,1070,0
2022-03-29 10:21:00,1070,1070,1070,1070,0
2022-03-29 10:22:00,1070,1070,1070,1070,0
2022-03-29 10:23:00,1070,1070,1070,1070,0
2022-03-29 10:24:00,1070,1070,1070,1070,0
2022-03-29 10:25:00,1070,1070,1070,1070,1100
2022-03-29 10:26:00,1070,1070,1070,1070,0
2022-03-29 10:27:00,1070,1070,1070,1070,0
2022-03-29 10:28:00,1070,1070,1070,1070,0
2022-03-29 10:29:00,1070,1070,1070,1070,0
2022-03-29 10:30:00,1070,1070,1070,1070,0
2022-03-29 10:31:00,1070,1070,1070,1070,0
2022-03-29 10:32:00,1070,1070,1070,1070,0
2022-03-29 10:33:00,1070,1070,1070,1070,0
2022-03-29 10:34:00,1070,1070,1070,1070,0
2022-03-29 10:35:00,1070,1070,1070,1070,2000
2022-03-29 10:36:00,1070,1070,1070,1070,0
2022-03-29 10:37:00,1070,1070,1070,1070,0
2022-03-29 10:38:00,1070,1070,1070,1070,0
2022-03-29 10:39:00,1070,1070,1070,1070,0
2022-03-29 10:40:00,1070,1070,1070,1070,0
2022-03-29 10:41:00,1070,1070,1070,1070,0
2022-03-29 10:42:00,1070,1070,1070,1070,0
2022-03-29 10:43:00,1070,1070,1070,1070,0
2022-03-29 10:44:00,1070,1070,1070,1070,500
2022-03-29 10:45:00,1070,1070,1070,1070,0
2022-03-29 10:46:00,1070,1070,1070,1070,0
2022-03-29 10:47:00,1070,1070,1070,1070,0
2022-03-29 10:48:00,1070,1070,1070,1070,1500
2022-03-29 10:49:00,1070,1070,1070,1070,0
2022-03-29 10:50:00,1070,1070,1070,1070,0
2022-03-29 10:51:00,1070,1070,1070,1070,0
2022-03-29 10:52:00,1070,1070,1070,1070,0
2022-03-29 10:53:00,1075,1075,1075,1075,100
2022-03-29 10:54:00,1075,1075,1075,1075,0
2022-03-29 10:55:00,1075,1075,1075,1075,0
2022-03-29 10:56:00,1075,1075,1075,1075,0
2022-03-29 10:57:00,1075,1075,1075,1075,0
2022-03-29 10:58:00,1075,1075,1075,1075,0
2022-03-29 10:59:00,1075,1075,1075,1075,0
2022-03-29 11:00:00,1075,1075,1075,1075,0
2022-03-29 11:01:00,1075,1075,1075,1075,0
2022-03-29 11:02:00,1075,1075,1075,1075,0
2022-03-29 11:03:00,1075,1075,1075,1075,0
2022-03-29 11:04:00,1075,1075,1075,1075,0
2022-03-29 11:05:00,1075,1075,1075,1075,0
2022-03-29 11:06:00,1075,1075,1075,1075,100
2022-03-29 11:07:00,1075,1075,1075,1075,0
2022-03-29 11:08:00,1075,1075,1075,1075,1500
2022-03-29 11:09:00,1075,1075,1075,1075,0
2022-03-29 11:10:00,1075,1075,1075,1075,0
2022-03-29 11:11:00,1075,1070,1075,1070,5000
2022-03-29 11:12:00,1075,1070,1075,1070,0
2022-03-29 11:13:00,1070,1070,1070,1070,1300
2022-03-29 11:14:00,1070,1070,1070,1070,0
2022-03-29 11:15:00,1080,1080,1080,1080,20000
2022-03-29 11:16:00,1080,1080,1080,1080,0
2022-03-29 11:17:00,1080,1080,1080,1080,0
2022-03-29 11:18:00,1080,1080,1080,1080,0
2022-03-29 11:19:00,1080,1080,1080,1080,0
2022-03-29 11:20:00,1080,1080,1080,1080,0
2022-03-29 11:21:00,1080,1080,1080,1080,0
2022-03-29 11:22:00,1080,1080,1080,1080,0
2022-03-29 11:23:00,1080,1080,1080,1080,0
2022-03-29 11:24:00,1080,1080,1080,1080,0
2022-03-29 11:25:00,1080,1080,1080,1080,0
2022-03-29 11:26:00,1080,1080,1080,1080,0
2022-03-29 11:27:00,1080,1080,1080,1080,0
2022-03-29 11:28:00,1080,1080,1080,1080,0
2022-03-29 11:29:00,1080,1080,1080,1080,0
2022-03-29 11:30:00,1080,1080,1080,1080,0
2022-03-29 11:31:00,1080,1080,1080,1080,0
2022-03-29 11:32:00,1080,1080,1080,1080,0
2022-03-29 11:33:00,1080,1080,1080,1080,0
2022-03-29 11:34:00,1080,1080,1080,1080,0
2022-03-29 11:35:00,1080,1080,1080,1080,0
2022-03-29 11:36:00,1080,1080,1080,1080,0
2022-03-29 11:37:00,1080,1080,1080,1080,0
2022-03-29 11:38:00,1080,1080,1080,1080,0
2022-03-29 11:39:00,1080,1080,1080,1080,0
2022-03-29 11:40:00,1080,1080,1080,1080,0
2022-03-29 11:41:00,1080,1080,1080,1080,0
2022-03-29 11:42:00,1080,1080,1080,1080,0
2022-03-29 11:43:00,1080,1080,1080,1080,0
2022-03-29 11:44:00,1080,1080,1080,1080,0
2022-03-29 11:45:00,1080,1080,1080,1080,0
2022-03-29 11:46:00,1080,1080,1080,1080,0
2022-03-29 11:47:00,1080,1080,1080,1080,0
2022-03-29 11:48:00,1080,1080,1080,1080,0
2022-03-29 11:49:00,1080,1080,1080,1080,0
2022-03-29 11:50:00,1080,1080,1080,1080,0
2022-03-29 11:51:00,1080,1080,1080,1080,0
2022-03-29 11:52:00,1080,1080,1080,1080,0
2022-03-29 11:53:00,1080,1080,1080,1080,0
2022-03-29 11:54:00,1080,1080,1080,1080,0
2022-03-29 11:55:00,1080,1080,1080,1080,0
2022-03-29 11:56:00,1080,1080,1080,1080,0
2022-03-29 11:57:00,1080,1080,1080,1080,0
2022-03-29 11:58:00,1080,1080,1080,1080,0
2022-03-29 11:59:00,1080,1080,1080,1080,0
2022-03-29 12:00:00,1080,1080,1080,1080,0
2022-03-29 12:01:00,1080,1080,1080,1080,0
2022-03-29 12:02:00,1080,1080,1080,1080,0
2022-03-29 12:03:00,1080,1080,1080,1080,0
2022-03-29 12:04:00,1080,1080,1080,1080,0
2022-03-29 12:05:00,1080,1080,1080,1080,0
2022-03-29 12:06:00,1080,1080,1080,1080,0
2022-03-29 12:07:00,1080,1080,1080,1080,0
2022-03-29 12:08:00,1080,1080,1080,1080,0
2022-03-29 12:09:00,1080,1080,1080,1080,0
2022-03-29 12:10:00,1080,1080,1080,1080,0
2022-03-29 12:11:00,1080,1080,1080,1080,0
2022-03-29 12:12:00,1080,1080,1080,1080,0
2022-03-29 12:13:00,1080,1080,1080,1080,0
2022-03-29 12:14:00,1080,1080,1080,1080,0
2022-03-29 12:15:00,1080,1080,1080,1080,0
2022-03-29 12:16:00,1080,1080,1080,1080,0
2022-03-29 12:17:00,1080,1080,1080,1080,0
2022-03-29 12:18:00,1080,1080,1080,1080,0
2022-03-29 12:19:00,1080,1080,1080,1080,0
2022-03-29 12:20:00,1080,1080,1080,1080,0
2022-03-29 12:21:00,1080,1080,1080,1080,0
2022-03-29 12:22:00,1080,1080,1080,1080,0
2022-03-29 12:23:00,1080,1080,1080,1080,0
2022-03-29 12:24:00,1080,1080,1080,1080,0
2022-03-29 12:25:00,1080,1080,1080,1080,0
2022-03-29 12:26:00,1080,1080,1080,1080,0
2022-03-29 12:27:00,1080,1080,1080,1080,0
2022-03-29 12:28:00,1080,1080,1080,1080,0
2022-03-29 12:29:00,1080,1080,1080,1080,0
2022-03-29 12:30:00,1080,1080,1080,1080,0
2022-03-29 12:31:00,1080,1080,1080,1080,0
2022-03-29 12:32:00,1080,1080,1080,1080,0
2022-03-29 12:33:00,1080,1080,1080,1080,0
2022-03-29 12:34:00,1080,1080,1080,1080,0
2022-03-29 12:35:00,1080,1080,1080,1080,0
2022-03-29 12:36:00,1080,1080,1080,1080,0
2022-03-29 12:37:00,1080,1080,1080,1080,0
2022-03-29 12:38:00,1080,1080,1080,1080,0
2022-03-29 12:39:00,1080,1080,1080,1080,0
2022-03-29 12:40:00,1080,1080,1080,1080,0
2022-03-29 12:41:00,1080,1080,1080,1080,0
2022-03-29 12:42:00,1080,1080,1080,1080,0
2022-03-29 12:43:00,1080,1080,1080,1080,0
2022-03-29 12:44:00,1080,1080,1080,1080,0
2022-03-29 12:45:00,1080,1080,1080,1080,0
2022-03-29 12:46:00,1080,1080,1080,1080,0
2022-03-29 12:47:00,1080,1080,1080,1080,0
2022-03-29 12:48:00,1080,1080,1080,1080,0
2022-03-29 12:49:00,1080,1080,1080,1080,0
2022-03-29 12:50:00,1080,1080,1080,1080,0
2022-03-29 12:51:00,1080,1080,1080,1080,0
2022-03-29 12:52:00,1080,1080,1080,1080,0
2022-03-29 12:53:00,1080,1080,1080,1080,0
2022-03-29 12:54:00,1080,1080,1080,1080,0
2022-03-29 12:55:00,1080,1080,1080,1080,0
2022-03-29 12:56:00,1080,1080,1080,1080,0
2022-03-29 12:57:00,1080,1080,1080,1080,0
2022-03-29 12:58:00,1080,1080,1080,1080,0
2022-03-29 12:59:00,1080,1080,1080,1080,0
2022-03-29 13:00:00,1080,1080,1080,1080,0
2022-03-29 13:01:00,1080,1080,1080,1080,0
2022-03-29 13:02:00,1080,1080,1080,1080,0
2022-03-29 13:03:00,1080,1080,1080,1080,0
2022-03-29 13:04:00,1080,1080,1080,1080,0
2022-03-29 13:05:00,1080,1080,1080,1080,0
2022-03-29 13:06:00,1080,1080,1080,1080,0
2022-03-29 13:07:00,1080,1080,1080,1080,0
2022-03-29 13:08:00,1080,1080,1080,1080,0
2022-03-29 13:09:00,1080,1080,1080,1080,0
2022-03-29 13:10:00,1080,1080,1080,1080,0
2022-03-29 13:11:00,1080,1080,1080,1080,0
2022-03-29 13:12:00,1080,1080,1080,1080,0
2022-03-29 13:13:00,1080,1080,1080,1080,0
2022-03-29 13:14:00,1080,1080,1080,1080,0
2022-03-29 13:15:00,1080,1080,1080,1080,0
2022-03-29 13:16:00,1080,1080,1080,1080,0
2022-03-29 13:17:00,1080,1080,1080,1080,0
2022-03-29 13:18:00,1080,1080,1080,1080,0
2022-03-29 13:19:00,1080,1080,1080,1080,0
2022-03-29 13:20:00,1080,1080,1080,1080,0
2022-03-29 13:21:00,1080,1080,1080,1080,0
2022-03-29 13:22:00,1080,1080,1080,1080,0
2022-03-29 13:23:00,1080,1080,1080,1080,0
2022-03-29 13:24:00,1080,1080,1080,1080,0
2022-03-29 13:25:00,1080,1080,1080,1080,0
2022-03-29 13:26:00,1080,1080,1080,1080,0
2022-03-29 13:27:00,1080,1080,1080,1080,0
2022-03-29 13:28:00,1080,1080,1080,1080,0
2022-03-29 13:29:00,1080,1080,1080,1080,0
2022-03-29 13:30:00,1080,1070,1080,1080,1600
2022-03-29 13:31:00,1080,1080,1085,1080,229800
2022-03-29 13:32:00,1080,1080,1080,1080,19500
2022-03-29 13:33:00,1080,1080,1080,1080,0
2022-03-29 13:34:00,1080,1080,1080,1080,0
2022-03-29 13:35:00,1080,1080,1080,1080,1000
2022-03-29 13:36:00,1080,1080,1080,1080,0
2022-03-29 13:37:00,1080,1080,1080,1080,2400
2022-03-29 13:38:00,1080,1080,1080,1080,0
2022-03-29 13:39:00,1080,1080,1080,1080,0
2022-03-29 13:40:00,1080,1080,1080,1080,10000
2022-03-29 13:41:00,1080,1080,1080,1080,200
2022-03-29 13:42:00,1080,1080,1080,1080,0
2022-03-29 13:43:00,1080,1080,1080,1080,3000
2022-03-29 13:44:00,1080,1080,1080,1080,0
2022-03-29 13:45:00,1080,1080,1080,1080,5000
2022-03-29 13:46:00,1080,1080,1080,1080,0
2022-03-29 13:47:00,1075,1075,1075,1075,100
2022-03-29 13:48:00,1075,1075,1075,1075,0
2022-03-29 13:49:00,1075,1075,1075,1075,0
2022-03-29 13:50:00,1075,1075,1075,1075,0
2022-03-29 13:51:00,1075,1075,1075,1075,0
2022-03-29 13:52:00,1075,1075,1075,1075,0
2022-03-29 13:53:00,1075,1075,1075,1075,6300
2022-03-29 13:54:00,1070,1070,1070,1070,20000
2022-03-29 13:55:00,1070,1070,1070,1070,0
2022-03-29 13:56:00,1070,1070,1070,1070,0
2022-03-29 13:57:00,1070,1070,1070,1070,0
2022-03-29 13:58:00,1070,1070,1070,1070,0
2022-03-29 13:59:00,1070,1070,1070,1070,1500
2022-03-29 14:00:00,1070,1070,1070,1070,0
2022-03-29 14:01:00,1070,1070,1070,1070,800
2022-03-29 14:02:00,1070,1070,1070,1070,0
2022-03-29 14:03:00,1070,1070,1070,1070,0
2022-03-29 14:04:00,1070,1070,1070,1070,0
2022-03-29 14:05:00,1075,1075,1075,1075,3000
2022-03-29 14:06:00,1075,1075,1075,1075,1500
2022-03-29 14:07:00,1075,1075,1075,1075,0
2022-03-29 14:08:00,1075,1075,1075,1075,0
2022-03-29 14:09:00,1075,1075,1075,1075,0
2022-03-29 14:10:00,1075,1075,1075,1075,0
2022-03-29 14:11:00,1070,1070,1070,1070,24400
2022-03-29 14:12:00,1070,1070,1070,1070,27000
2022-03-29 14:13:00,1070,1070,1070,1070,0
2022-03-29 14:14:00,1070,1070,1070,1070,0
2022-03-29 14:15:00,1070,1070,1070,1070,0
2022-03-29 14:16:00,1070,1070,1070,1070,0
2022-03-29 14:17:00,1070,1070,1070,1070,0
2022-03-29 14:18:00,1070,1070,1070,1070,3000
2022-03-29 14:19:00,1070,1070,1070,1070,16000
2022-03-29 14:20:00,1070,1070,1070,1070,500
2022-03-29 14:21:00,1070,1070,1070,1070,0
2022-03-29 14:22:00,1070,1070,1070,1070,1200
2022-03-29 14:23:00,1070,1070,1070,1070,0
2022-03-29 14:24:00,1070,1070,1070,1070,0
2022-03-29 14:25:00,1070,1070,1070,1070,0
2022-03-29 14:26:00,1070,1065,1070,1070,1700
2022-03-29 14:27:00,1070,1065,1070,1070,0
2022-03-29 14:28:00,1065,1065,1070,1070,200
2022-03-29 14:29:00,1065,1065,1065,1065,55400
2022-03-29 14:30:00,1065,1065,1065,1065,0
2022-03-29 14:31:00,1070,1065,1070,1065,8300
2022-03-29 14:32:00,1065,1065,1070,1070,203600
2022-03-29 14:33:00,1070,1070,1070,1070,52000
2022-03-29 14:34:00,1070,1070,1070,1070,181500
2022-03-29 14:35:00,1070,1070,1070,1070,25000
2022-03-29 14:36:00,1070,1070,1070,1070,0
2022-03-29 14:37:00,1070,1070,1070,1070,0
2022-03-29 14:38:00,1070,1070,1070,1070,1000
2022-03-29 14:39:00,1070,1070,1070,1070,0
2022-03-29 14:40:00,1070,1070,1070,1070,0
2022-03-29 14:41:00,1070,1070,1070,1070,16500
2022-03-29 14:42:00,1070,1070,1070,1070,0
2022-03-29 14:43:00,1070,1070,1070,1070,200
2022-03-29 14:44:00,1065,1065,1065,1065,7500
2022-03-29 14:45:00,1065,1065,1065,1065,0
2022-03-29 14:46:00,1065,1065,1065,1065,0
2022-03-29 14:47:00,1070,1065,1070,1065,1200
2022-03-29 14:48:00,1070,1065,1070,1065,0
2022-03-29 14:49:00,1070,1065,1070,1065,0
2022-03-29 14:50:00,1070,1065,1070,1065,0
2022-03-29 14:51:00,1070,1065,1070,1065,0
2022-03-29 14:52:00,1070,1065,1070,1065,0
2022-03-29 14:53:00,1070,1065,1070,1065,0
2022-03-29 14:54:00,1070,1065,1070,1065,0
2022-03-29 14:55:00,1070,1065,1070,1065,0
2022-03-29 14:56:00,1070,1065,1070,1065,0
2022-03-29 14:57:00,1070,1065,1070,1065,0
2022-03-29 14:58:00,1070,1065,1070,1065,0
2022-03-29 14:59:00,1070,1065,1070,1065,0
2022-03-29 15:00:00,1070,1070,1070,1070,20100
2022-03-29 15:01:00,1070,1070,1070,1070,10000
2022-03-29 15:02:00,1070,1070,1070,1070,0
2022-03-29 15:03:00,1070,1070,1070,1070,0
2022-03-29 15:04:00,1070,1070,1070,1070,0
2022-03-29 15:05:00,1070,1070,1070,1070,0
2022-03-29 15:06:00,1070,1070,1070,1070,0
2022-03-29 15:07:00,1070,1070,1070,1070,0
2022-03-29 15:08:00,1070,1070,1070,1070,0
2022-03-29 15:09:00,1070,1070,1070,1070,0
2022-03-29 15:10:00,1070,1070,1070,1070,0
2022-03-29 15:11:00,1070,1070,1070,1070,0
2022-03-29 15:12:00,1070,1070,1070,1070,0
2022-03-29 15:13:00,1070,1070,1070,1070,0
2022-03-29 15:14:00,1070,1070,1070,1070,0
2022-03-29 15:15:00,1070,1070,1070,1070,0
2022-03-29 15:16:00,1070,1070,1070,1070,0
2022-03-29 15:17:00,1070,1070,1070,1070,0
2022-03-29 15:18:00,1070,1070,1070,1070,0
2022-03-29 15:19:00,1070,1070,1070,1070,0
2022-03-29 15:20:00,1070,1070,1070,1070,0
2022-03-29 15:21:00,1070,1070,1070,1070,0
2022-03-29 15:22:00,1070,1070,1070,1070,0
2022-03-29 15:23:00,1070,1070,1070,1070,0
2022-03-29 15:24:00,1070,1070,1070,1070,0
2022-03-29 15:25:00,1070,1070,1070,1070,0
2022-03-29 15:26:00,1070,1070,1070,1070,0
2022-03-29 15:27:00,1070,1070,1070,1070,0
2022-03-29 15:28:00,1070,1070,1070,1070,0
2022-03-29 15:29:00,1070,1070,1070,1070,0
2022-03-29 15:30:00,1070,1070,1070,1070,0
2022-03-29 15:31:00,1070,1070,1070,1070,0
2022-03-29 15:32:00,1070,1070,1070,1070,0
2022-03-29 15:33:00,1070,1070,1070,1070,0
2022-03-29 15:34:00,1070,1070,1070,1070,0
2022-03-29 15:35:00,1070,1070,1070,1070,0
2022-03-29 15:36:00,1070,1070,1070,1070,0
2022-03-29 15:37:00,1070,1070,1070,1070,0
2022-03-29 15:38:00,1070,1070,1070,1070,0
2022-03-29 15:39:00,1070,1070,1070,1070,0
2022-03-29 15:40:00,1070,1070,1070,1070,0
2022-03-29 15:41:00,1070,1070,1070,1070,0
2022-03-29 15:42:00,1070,1070,1070,1070,0
2022-03-29 15:43:00,1070,1070,1070,1070,0
2022-03-29 15:44:00,1070,1070,1070,1070,0
2022-03-29 15:45:00,1070,1070,1070,1070,0
2022-03-29 15:46:00,1070,1070,1070,1070,0
2022-03-29 15:47:00,1070,1070,1070,1070,0
2022-03-29 15:48:00,1070,1070,1070,1070,0
2022-03-29 15:49:00,1070,1070,1070,1070,0
2022-03-29 15:50:00,1070,1070,1070,1070,0
2022-03-29 15:51:00,1070,1070,1070,1070,0
2022-03-29 15:52:00,1070,1070,1070,1070,0
2022-03-29 15:53:00,1070,1070,1070,1070,0
2022-03-29 15:54:00,1070,1070,1070,1070,0
2022-03-29 15:55:00,1070,1070,1070,1070,0
2022-03-29 15:56:00,1070,1070,1070,1070,0
2022-03-29 15:57:00,1070,1070,1070,1070,0
2022-03-29 15:58:00,1070,1070,1070,1070,0
2022-03-29 15:59:00,1070,1070,1070,1070,0
2022-03-30 09:00:00,1075,1070,1075,1070,0
2022-03-30 09:01:00,1075,1070,1075,1070,0
2022-03-30 09:02:00,1070,1070,1070,1070,1000
2022-03-30 09:03:00,1070,1070,1070,1070,0
2022-03-30 09:04:00,1070,1070,1070,1070,5800
2022-03-30 09:05:00,1070,1070,1070,1070,0
2022-03-30 09:06:00,1070,1070,1070,1070,0
2022-03-30 09:07:00,1070,1070,1070,1070,0
2022-03-30 09:08:00,1070,1070,1070,1070,0
2022-03-30 09:09:00,1070,1070,1070,1070,0
2022-03-30 09:10:00,1070,1070,1070,1070,700
2022-03-30 09:11:00,1070,1070,1070,1070,0
2022-03-30 09:12:00,1070,1070,1070,1070,100
2022-03-30 09:13:00,1070,1070,1070,1070,0
2022-03-30 09:14:00,1070,1070,1070,1070,0
2022-03-30 09:15:00,1070,1070,1070,1070,0
2022-03-30 09:16:00,1070,1070,1070,1070,0
2022-03-30 09:17:00,1075,1075,1075,1075,1000
2022-03-30 09:18:00,1075,1075,1090,1090,246100
2022-03-30 09:19:00,1090,1085,1090,1090,157200
2022-03-30 09:20:00,1090,1085,1095,1085,235700
2022-03-30 09:21:00,1080,1075,1080,1075,105400
2022-03-30 09:22:00,1075,1070,1075,1075,216500
2022-03-30 09:23:00,1075,1070,1075,1070,86900
2022-03-30 09:24:00,1075,1075,1075,1075,260200
2022-03-30 09:25:00,1070,1070,1070,1070,1000
2022-03-30 09:26:00,1075,1075,1075,1075,5100
2022-03-30 09:27:00,1070,1070,1070,1070,600
2022-03-30 09:28:00,1070,1070,1070,1070,2200
2022-03-30 09:29:00,1065,1060,1065,1060,50200
2022-03-30 09:30:00,1070,1070,1070,1070,400
2022-03-30 09:31:00,1070,1070,1070,1070,0
2022-03-30 09:32:00,1070,1070,1070,1070,0
2022-03-30 09:33:00,1070,1070,1070,1070,0
2022-03-30 09:34:00,1070,1070,1070,1070,0
2022-03-30 09:35:00,1070,1070,1070,1070,0
2022-03-30 09:36:00,1065,1065,1065,1065,900
2022-03-30 09:37:00,1065,1065,1065,1065,0
2022-03-30 09:38:00,1065,1065,1065,1065,2000
2022-03-30 09:39:00,1065,1065,1065,1065,700
2022-03-30 09:40:00,1065,1065,1065,1065,0
2022-03-30 09:41:00,1065,1065,1065,1065,5000
2022-03-30 09:42:00,1065,1065,1065,1065,0
2022-03-30 09:43:00,1065,1065,1065,1065,0
2022-03-30 09:44:00,1065,1065,1065,1065,0
2022-03-30 09:45:00,1060,1060,1065,1065,3000
2022-03-30 09:46:00,1065,1065,1065,1065,8400
2022-03-30 09:47:00,1065,1065,1065,1065,0
2022-03-30 09:48:00,1065,1065,1065,1065,0
2022-03-30 09:49:00,1065,1065,1065,1065,0
2022-03-30 09:50:00,1065,1065,1065,1065,0
2022-03-30 09:51:00,1065,1065,1065,1065,0
2022-03-30 09:52:00,1065,1065,1065,1065,3200
2022-03-30 09:53:00,1070,1070,1070,1070,5500
2022-03-30 09:54:00,1070,1070,1070,1070,0
2022-03-30 09:55:00,1070,1070,1070,1070,0
2022-03-30 09:56:00,1070,1070,1070,1070,0
2022-03-30 09:57:00,1070,1070,1070,1070,0
2022-03-30 09:58:00,1070,1070,1070,1070,0
2022-03-30 09:59:00,1070,1070,1070,1070,0
2022-03-30 10:00:00,1070,1070,1070,1070,0
2022-03-30 10:01:00,1070,1070,1070,1070,0
2022-03-30 10:02:00,1070,1070,1070,1070,200
2022-03-30 10:03:00,1070,1070,1070,1070,200
2022-03-30 10:04:00,1070,1070,1070,1070,0
2022-03-30 10:05:00,1070,1070,1070,1070,0
2022-03-30 10:06:00,1070,1070,1070,1070,0
2022-03-30 10:07:00,1070,1070,1070,1070,0
2022-03-30 10:08:00,1070,1070,1070,1070,0
2022-03-30 10:09:00,1070,1070,1070,1070,0
2022-03-30 10:10:00,1070,1070,1070,1070,0
2022-03-30 10:11:00,1070,1070,1070,1070,0
2022-03-30 10:12:00,1070,1070,1070,1070,0
2022-03-30 10:13:00,1070,1070,1070,1070,0
2022-03-30 10:14:00,1070,1070,1070,1070,0
2022-03-30 10:15:00,1070,1070,1070,1070,0
2022-03-30 10:16:00,1070,1070,1070,1070,0
2022-03-30 10:17:00,1070,1070,1070,1070,0
2022-03-30 10:18:00,1070,1070,1070,1070,100
2022-03-30 10:19:00,1070,1070,1070,1070,0
2022-03-30 10:20:00,1070,1070,1070,1070,0
2022-03-30 10:21:00,1070,1070,1070,1070,0
2022-03-30 10:22:00,1070,1070,1070,1070,0
2022-03-30 10:23:00,1070,1070,1070,1070,0
2022-03-30 10:24:00,1070,1070,1070,1070,0
2022-03-30 10:25:00,1070,1070,1070,1070,0
2022-03-30 10:26:00,1065,1065,1065,1065,100
2022-03-30 10:27:00,1065,1065,1065,1065,0
2022-03-30 10:28:00,1065,1065,1065,1065,0
2022-03-30 10:29:00,1065,1060,1065,1065,148700
2022-03-30 10:30:00,1065,1055,1065,1065,358500
2022-03-30 10:31:00,1065,1055,1065,1065,0
2022-03-30 10:32:00,1065,1060,1065,1065,562000
2022-03-30 10:33:00,1065,1060,1065,1060,291700
2022-03-30 10:34:00,1060,1060,1060,1060,200
2022-03-30 10:35:00,1060,1060,1060,1060,300000
2022-03-30 10:36:00,1055,1055,1060,1060,4000
2022-03-30 10:37:00,1055,1055,1060,1060,0
2022-03-30 10:38:00,1055,1055,1060,1060,0
2022-03-30 10:39:00,1055,1055,1060,1060,0
2022-03-30 10:40:00,1060,1060,1060,1060,100
2022-03-30 10:41:00,1060,1060,1060,1060,0
2022-03-30 10:42:00,1060,1060,1060,1060,200
2022-03-30 10:43:00,1060,1060,1060,1060,0
2022-03-30 10:44:00,1060,1060,1060,1060,100
2022-03-30 10:45:00,1060,1060,1060,1060,3700
2022-03-30 10:46:00,1060,1060,1060,1060,1300
2022-03-30 10:47:00,1060,1060,1060,1060,0
2022-03-30 10:48:00,1060,1060,1060,1060,0
2022-03-30 10:49:00,1060,1060,1060,1060,1900
2022-03-30 10:50:00,1060,1060,1060,1060,100
2022-03-30 10:51:00,1060,1060,1060,1060,0
2022-03-30 10:52:00,1060,1060,1060,1060,0
2022-03-30 10:53:00,1055,1055,1055,1055,4500
2022-03-30 10:54:00,1055,1055,1055,1055,10200
2022-03-30 10:55:00,1055,1055,1055,1055,0
2022-03-30 10:56:00,1055,1055,1055,1055,0
2022-03-30 10:57:00,1055,1055,1055,1055,6000
2022-03-30 10:58:00,1055,1055,1055,1055,0
2022-03-30 10:59:00,1055,1055,1055,1055,0
2022-03-30 11:00:00,1055,1055,1055,1055,0
2022-03-30 11:01:00,1055,1055,1060,1060,2900
2022-03-30 11:02:00,1060,1060,1060,1060,5000
2022-03-30 11:03:00,1060,1060,1060,1060,0
2022-03-30 11:04:00,1055,1055,1055,1055,17300
2022-03-30 11:05:00,1055,1050,1055,1055,78200
2022-03-30 11:06:00,1055,1050,1055,1055,0
2022-03-30 11:07:00,1050,1050,1050,1050,200
2022-03-30 11:08:00,1050,1050,1050,1050,12800
2022-03-30 11:09:00,1050,1050,1050,1050,0
2022-03-30 11:10:00,1050,1050,1050,1050,1000
2022-03-30 11:11:00,1050,1050,1050,1050,0
2022-03-30 11:12:00,1050,1050,1050,1050,0
2022-03-30 11:13:00,1050,1050,1050,1050,0
2022-03-30 11:14:00,1050,1050,1050,1050,0
2022-03-30 11:15:00,1050,1050,1050,1050,0
2022-03-30 11:16:00,1050,1050,1050,1050,0
2022-03-30 11:17:00,1050,1050,1050,1050,0
2022-03-30 11:18:00,1050,1050,1050,1050,2000
2022-03-30 11:19:00,1050,1050,1050,1050,0
2022-03-30 11:20:00,1050,1050,1050,1050,33700
2022-03-30 11:21:00,1050,1050,1050,1050,11000
2022-03-30 11:22:00,1050,1050,1050,1050,1100
2022-03-30 11:23:00,1050,1050,1050,1050,0
2022-03-30 11:24:00,1050,1050,1050,1050,0
2022-03-30 11:25:00,1050,1050,1050,1050,0
2022-03-30 11:26:00,1050,1050,1050,1050,10000
2022-03-30 11:27:00,1050,1045,1050,1045,14400
2022-03-30 11:28:00,1045,1040,1045,1040,304600
2022-03-30 11:29:00,1040,1040,1045,1045,9600
2022-03-30 11:30:00,1040,1040,1045,1045,0
2022-03-30 11:31:00,1040,1040,1045,1045,0
2022-03-30 11:32:00,1040,1040,1045,1045,0
2022-03-30 11:33:00,1040,1040,1045,1045,0
2022-03-30 11:34:00,1040,1040,1045,1045,0
2022-03-30 11:35:00,1040,1040,1045,1045,0
2022-03-30 11:36:00,1040,1040,1045,1045,0
2022-03-30 11:37:00,1040,1040,1045,1045,0
2022-03-30 11:38:00,1040,1040,1045,1045,0
2022-03-30 11:39:00,1040,1040,1045,1045,0
2022-03-30 11:40:00,1040,1040,1045,1045,0
2022-03-30 11:41:00,1040,1040,1045,1045,0
2022-03-30 11:42:00,1040,1040,1045,1045,0
2022-03-30 11:43:00,1040,1040,1045,1045,0
2022-03-30 11:44:00,1040,1040,1045,1045,0
2022-03-30 11:45:00,1040,1040,1045,1045,0
2022-03-30 11:46:00,1040,1040,1045,1045,0
2022-03-30 11:47:00,1040,1040,1045,1045,0
2022-03-30 11:48:00,1040,1040,1045,1045,0
2022-03-30 11:49:00,1040,1040,1045,1045,0
2022-03-30 11:50:00,1040,1040,1045,1045,0
2022-03-30 11:51:00,1040,1040,1045,1045,0
2022-03-30 11:52:00,1040,1040,1045,1045,0
2022-03-30 11:53:00,1040,1040,1045,1045,0
2022-03-30 11:54:00,1040,1040,1045,1045,0
2022-03-30 11:55:00,1040,1040,1045,1045,0
2022-03-30 11:56:00,1040,1040,1045,1045,0
2022-03-30 11:57:00,1040,1040,1045,1045,0
2022-03-30 11:58:00,1040,1040,1045,1045,0
2022-03-30 11:59:00,1040,1040,1045,1045,0
2022-03-30 12:00:00,1040,1040,1045,1045,0
2022-03-30 12:01:00,1040,1040,1045,1045,0
2022-03-30 12:02:00,1040,1040,1045,1045,0
2022-03-30 12:03:00,1040,1040,1045,1045,0
2022-03-30 12:04:00,1040,1040,1045,1045,0
2022-03-30 12:05:00,1040,1040,1045,1045,0
2022-03-30 12:06:00,1040,1040,1045,1045,0
2022-03-30 12:07:00,1040,1040,1045,1045,0
2022-03-30 12:08:00,1040,1040,1045,1045,0
2022-03-30 12:09:00,1040,1040,1045,1045,0
2022-03-30 12:10:00,1040,1040,1045,1045,0
2022-03-30 12:11:00,1040,1040,1045,1045,0
2022-03-30 12:12:00,1040,1040,1045,1045,0
2022-03-30 12:13:00,1040,1040,1045,1045,0
2022-03-30 12:14:00,1040,1040,1045,1045,0
2022-03-30 12:15:00,1040,1040,1045,1045,0
2022-03-30 12:16:00,1040,1040,1045,1045,0
2022-03-30 12:17:00,1040,1040,1045,1045,0
2022-03-30 12:18:00,1040,1040,1045,1045,0
2022-03-30 12:19:00,1040,1040,1045,1045,0
2022-03-30 12:20:00,1040,1040,1045,1045,0
2022-03-30 12:21:00,1040,1040,1045,1045,0
2022-03-30 12:22:00,1040,1040,1045,1045,0
2022-03-30 12:23:00,1040,1040,1045,1045,0
2022-03-30 12:24:00,1040,1040,1045,1045,0
2022-03-30 12:25:00,1040,1040,1045,1045,0
2022-03-30 12:26:00,1040,1040,1045,1045,0
2022-03-30 12:27:00,1040,1040,1045,1045,0
2022-03-30 12:28:00,1040,1040,1045,1045,0
2022-03-30 12:29:00,1040,1040,1045,1045,0
2022-03-30 12:30:00,1040,1040,1045,1045,0
2022-03-30 12:31:00,1040,1040,1045,1045,0
2022-03-30 12:32:00,1040,1040,1045,1045,0
2022-03-30 12:33:00,1040,1040,1045,1045,0
2022-03-30 12:34:00,1040,1040,1045,1045,0
2022-03-30 12:35:00,1040,1040,1045,1045,0
2022-03-30 12:36:00,1040,1040,1045,1045,0
2022-03-30 12:37:00,1040,1040,1045,1045,0
2022-03-30 12:38:00,1040,1040,1045,1045,0
2022-03-30 12:39:00,1040,1040,1045,1045,0
2022-03-30 12:40:00,1040,1040,1045,1045,0
2022-03-30 12:41:00,1040,1040,1045,1045,0
2022-03-30 12:42:00,1040,1040,1045,1045,0
2022-03-30 12:43:00,1040,1040,1045,1045,0
2022-03-30 12:44:00,1040,1040,1045,1045,0
2022-03-30 12:45:00,1040,1040,1045,1045,0
2022-03-30 12:46:00,1040,1040,1045,1045,0
2022-03-30 12:47:00,1040,1040,1045,1045,0
2022-03-30 12:48:00,1040,1040,1045,1045,0
2022-03-30 12:49:00,1040,1040,1045,1045,0
2022-03-30 12:50:00,1040,1040,1045,1045,0
2022-03-30 12:51:00,1040,1040,1045,1045,0
2022-03-30 12:52:00,1040,1040,1045,1045,0
2022-03-30 12:53:00,1040,1040,1045,1045,0
2022-03-30 12:54:00,1040,1040,1045,1045,0
2022-03-30 12:55:00,1040,1040,1045,1045,0
2022-03-30 12:56:00,1040,1040,1045,1045,0
2022-03-30 12:57:00,1040,1040,1045,1045,0
2022-03-30 12:58:00,1040,1040,1045,1045,0
2022-03-30 12:59:00,1040,1040,1045,1045,0
2022-03-30 13:00:00,1040,1040,1045,1045,0
2022-03-30 13:01:00,1040,1040,1045,1045,0
2022-03-30 13:02:00,1040,1040,1045,1045,0
2022-03-30 13:03:00,1040,1040,1045,1045,0
2022-03-30 13:04:00,1040,1040,1045,1045,0
2022-03-30 13:05:00,1040,1040,1045,1045,0
2022-03-30 13:06:00,1040,1040,1045,1045,0
2022-03-30 13:07:00,1040,1040,1045,1045,0
2022-03-30 13:08:00,1040,1040,1045,1045,0
2022-03-30 13:09:00,1040,1040,1045,1045,0
2022-03-30 13:10:00,1040,1040,1045,1045,0
2022-03-30 13:11:00,1040,1040,1045,1045,0
2022-03-30 13:12:00,1040,1040,1045,1045,0
2022-03-30 13:13:00,1040,1040,1045,1045,0
2022-03-30 13:14:00,1040,1040,1045,1045,0
2022-03-30 13:15:00,1040,1040,1045,1045,0
2022-03-30 13:16:00,1040,1040,1045,1045,0
2022-03-30 13:17:00,1040,1040,1045,1045,0
2022-03-30 13:18:00,1040,1040,1045,1045,0
2022-03-30 13:19:00,1040,1040,1045,1045,0
2022-03-30 13:20:00,1040,1040,1045,1045,0
2022-03-30 13:21:00,1040,1040,1045,1045,0
2022-03-30 13:22:00,1040,1040,1045,1045,0
2022-03-30 13:23:00,1040,1040,1045,1045,0
2022-03-30 13:24:00,1040,1040,1045,1045,0
2022-03-30 13:25:00,1040,1040,1045,1045,0
2022-03-30 13:26:00,1040,1040,1045,1045,0
2022-03-30 13:27:00,1040,1040,1045,1045,0
2022-03-30 13:28:00,1040,1040,1045,1045,0
2022-03-30 13:29:00,1040,1040,1045,1045,0
2022-03-30 13:30:00,1050,1045,1050,1045,600
2022-03-30 13:31:00,1050,1045,1050,1045,0
2022-03-30 13:32:00,1045,1045,1045,1045,1300
2022-03-30 13:33:00,1045,1045,1045,1045,410900
2022-03-30 13:34:00,1045,1045,1045,1045,100
2022-03-30 13:35:00,1045,1045,1045,1045,0
2022-03-30 13:36:00,1045,1045,1045,1045,0
2022-03-30 13:37:00,1040,1040,1040,1040,500
2022-03-30 13:38:00,1045,1045,1045,1045,100
2022-03-30 13:39:00,1045,1040,1045,1040,2300
2022-03-30 13:40:00,1045,1040,1045,1040,4200
2022-03-30 13:41:00,1045,1040,1045,1040,0
2022-03-30 13:42:00,1040,1040,1040,1040,4500
2022-03-30 13:43:00,1040,1040,1045,1045,29400
2022-03-30 13:44:00,1040,1040,1040,1040,2000
2022-03-30 13:45:00,1040,1040,1040,1040,0
2022-03-30 13:46:00,1040,1040,1040,1040,0
2022-03-30 13:47:00,1040,1040,1040,1040,0
2022-03-30 13:48:00,1040,1040,1040,1040,0
2022-03-30 13:49:00,1040,1040,1040,1040,500
2022-03-30 13:50:00,1040,1040,1040,1040,0
2022-03-30 13:51:00,1045,1045,1045,1045,500
2022-03-30 13:52:00,1045,1045,1045,1045,20000
2022-03-30 13:53:00,1045,1045,1045,1045,200
2022-03-30 13:54:00,1040,1040,1045,1045,6100
2022-03-30 13:55:00,1040,1040,1045,1045,0
2022-03-30 13:56:00,1040,1040,1040,1040,1000
2022-03-30 13:57:00,1040,1040,1040,1040,16100
2022-03-30 13:58:00,1045,1045,1045,1045,100
2022-03-30 13:59:00,1045,1045,1045,1045,0
2022-03-30 14:00:00,1040,1040,1040,1040,900
2022-03-30 14:01:00,1040,1040,1040,1040,0
2022-03-30 14:02:00,1040,1040,1040,1040,5000
2022-03-30 14:03:00,1040,1040,1040,1040,0
2022-03-30 14:04:00,1040,1040,1040,1040,0
2022-03-30 14:05:00,1040,1040,1045,1045,10100
2022-03-30 14:06:00,1040,1040,1045,1045,0
2022-03-30 14:07:00,1040,1040,1045,1045,0
2022-03-30 14:08:00,1045,1045,1045,1045,500
2022-03-30 14:09:00,1045,1040,1045,1040,1031100
2022-03-30 14:10:00,1045,1045,1045,1045,220100
2022-03-30 14:11:00,1045,1045,1045,1045,0
2022-03-30 14:12:00,1045,1045,1045,1045,2500
2022-03-30 14:13:00,1045,1045,1045,1045,0
2022-03-30 14:14:00,1045,1045,1045,1045,2300
2022-03-30 14:15:00,1045,1045,1045,1045,0
2022-03-30 14:16:00,1045,1045,1045,1045,0
2022-03-30 14:17:00,1045,1040,1045,1040,32100
2022-03-30 14:18:00,1040,1040,1040,1040,100
2022-03-30 14:19:00,1040,1040,1040,1040,0
2022-03-30 14:20:00,1040,1040,1040,1040,0
2022-03-30 14:21:00,1040,1040,1040,1040,0
2022-03-30 14:22:00,1040,1040,1040,1040,0
2022-03-30 14:23:00,1040,1040,1040,1040,0
2022-03-30 14:24:00,1040,1040,1040,1040,0
2022-03-30 14:25:00,1045,1045,1045,1045,100
2022-03-30 14:26:00,1045,1045,1045,1045,0
2022-03-30 14:27:00,1040,1040,1040,1040,800
2022-03-30 14:28:00,1040,1040,1040,1040,0
2022-03-30 14:29:00,1045,1045,1045,1045,500
2022-03-30 14:30:00,1045,1045,1045,1045,0
2022-03-30 14:31:00,1045,1045,1045,1045,200
2022-03-30 14:32:00,1045,1045,1045,1045,0
2022-03-30 14:33:00,1045,1045,1045,1045,500
2022-03-30 14:34:00,1045,1045,1045,1045,0
2022-03-30 14:35:00,1045,1045,1045,1045,1000
2022-03-30 14:36:00,1045,1045,1045,1045,1100
2022-03-30 14:37:00,1045,1045,1045,1045,0
2022-03-30 14:38:00,1045,1045,1045,1045,200
2022-03-30 14:39:00,1045,1045,1045,1045,0
2022-03-30 14:40:00,1045,1045,1045,1045,100
2022-03-30 14:41:00,1045,1045,1045,1045,0
2022-03-30 14:42:00,1045,1045,1045,1045,0
2022-03-30 14:43:00,1045,1045,1045,1045,0
2022-03-30 14:44:00,1045,1045,1045,1045,0
2022-03-30 14:45:00,1045,1045,1045,1045,0
2022-03-30 14:46:00,1045,1045,1045,1045,0
2022-03-30 14:47:00,1045,1045,1045,1045,0
2022-03-30 14:48:00,1040,1040,1040,1040,13000
2022-03-30 14:49:00,1040,1040,1040,1040,15100
2022-03-30 14:50:00,1040,1040,1040,1040,0
2022-03-30 14:51:00,1040,1040,1040,1040,0
2022-03-30 14:52:00,1040,1040,1040,1040,0
2022-03-30 14:53:00,1040,1040,1040,1040,0
2022-03-30 14:54:00,1040,1040,1040,1040,0
2022-03-30 14:55:00,1040,1040,1040,1040,0
2022-03-30 14:56:00,1040,1040,1040,1040,0
2022-03-30 14:57:00,1040,1040,1040,1040,0
2022-03-30 14:58:00,1040,1040,1040,1040,0
2022-03-30 14:59:00,1040,1040,1040,1040,0
2022-03-30 15:00:00,1045,1045,1045,1045,30000
2022-03-30 15:01:00,1045,1045,1045,1045,10000
2022-03-30 15:02:00,1045,1045,1045,1045,2500
2022-03-30 15:03:00,1045,1045,1045,1045,1200
2022-03-30 15:04:00,1045,1045,1045,1045,4800
2022-03-30 15:05:00,1045,1045,1045,1045,18900
2022-03-30 15:06:00,1045,1045,1045,1045,0
2022-03-30 15:07:00,1045,1045,1045,1045,0
2022-03-30 15:08:00,1045,1045,1045,1045,0
2022-03-30 15:09:00,1045,1045,1045,1045,6000
2022-03-30 15:10:00,1045,1045,1045,1045,0
2022-03-30 15:11:00,1045,1045,1045,1045,0
2022-03-30 15:12:00,1045,1045,1045,1045,0
2022-03-30 15:13:00,1045,1045,1045,1045,0
2022-03-30 15:14:00,1045,1045,1045,1045,0
2022-03-30 15:15:00,1045,1045,1045,1045,0
2022-03-30 15:16:00,1045,1045,1045,1045,0
2022-03-30 15:17:00,1045,1045,1045,1045,0
2022-03-30 15:18:00,1045,1045,1045,1045,0
2022-03-30 15:19:00,1045,1045,1045,1045,0
2022-03-30 15:20:00,1045,1045,1045,1045,0
2022-03-30 15:21:00,1045,1045,1045,1045,0
2022-03-30 15:22:00,1045,1045,1045,1045,0
2022-03-30 15:23:00,1045,1045,1045,1045,0
2022-03-30 15:24:00,1045,1045,1045,1045,0
2022-03-30 15:25:00,1045,1045,1045,1045,0
2022-03-30 15:26:00,1045,1045,1045,1045,0
2022-03-30 15:27:00,1045,1045,1045,1045,0
2022-03-30 15:28:00,1045,1045,1045,1045,0
2022-03-30 15:29:00,1045,1045,1045,1045,0
2022-03-30 15:30:00,1045,1045,1045,1045,0
2022-03-30 15:31:00,1045,1045,1045,1045,0
2022-03-30 15:32:00,1045,1045,1045,1045,0
2022-03-30 15:33:00,1045,1045,1045,1045,0
2022-03-30 15:34:00,1045,1045,1045,1045,0
2022-03-30 15:35:00,1045,1045,1045,1045,0
2022-03-30 15:36:00,1045,1045,1045,1045,0
2022-03-30 15:37:00,1045,1045,1045,1045,0
2022-03-30 15:38:00,1045,1045,1045,1045,0
2022-03-30 15:39:00,1045,1045,1045,1045,0
2022-03-30 15:40:00,1045,1045,1045,1045,0
2022-03-30 15:41:00,1045,1045,1045,1045,0
2022-03-30 15:42:00,1045,1045,1045,1045,0
2022-03-30 15:43:00,1045,1045,1045,1045,0
2022-03-30 15:44:00,1045,1045,1045,1045,0
2022-03-30 15:45:00,1045,1045,1045,1045,0
2022-03-30 15:46:00,1045,1045,1045,1045,0
2022-03-30 15:47:00,1045,1045,1045,1045,0
2022-03-30 15:48:00,1045,1045,1045,1045,0
2022-03-30 15:49:00,1045,1045,1045,1045,0
2022-03-30 15:50:00,1045,1045,1045,1045,0
2022-03-30 15:51:00,1045,1045,1045,1045,0
2022-03-30 15:52:00,1045,1045,1045,1045,0
2022-03-30 15:53:00,1045,1045,1045,1045,0
2022-03-30 15:54:00,1045,1045,1045,1045,0
2022-03-30 15:55:00,1045,1045,1045,1045,0
2022-03-30 15:56:00,1045,1045,1045,1045,0
2022-03-30 15:57:00,1045,1045,1045,1045,0
2022-03-30 15:58:00,1045,1045,1045,1045,0
2022-03-30 15:59:00,1045,1045,1045,1045,0
2022-03-31 09:00:00,1035,1030,1045,1040,0
2022-03-31 09:01:00,1045,1045,1045,1045,500
2022-03-31 09:02:00,1045,1045,1045,1045,200
2022-03-31 09:03:00,1045,1045,1045,1045,0
2022-03-31 09:04:00,1045,1045,1045,1045,1000
2022-03-31 09:05:00,1045,1045,1045,1045,0
2022-03-31 09:06:00,1045,1045,1045,1045,2000
2022-03-31 09:07:00,1040,1040,1040,1040,100
2022-03-31 09:08:00,1040,1040,1045,1045,308900
2022-03-31 09:09:00,1045,1035,1045,1040,121000
2022-03-31 09:10:00,1040,1040,1050,1050,274400
2022-03-31 09:11:00,1050,1050,1050,1050,168000
2022-03-31 09:12:00,1055,1055,1055,1055,277700
2022-03-31 09:13:00,1060,1060,1060,1060,202600
2022-03-31 09:14:00,1060,1060,1060,1060,5500
2022-03-31 09:15:00,1055,1055,1055,1055,1400
2022-03-31 09:16:00,1055,1055,1055,1055,16400
2022-03-31 09:17:00,1055,1055,1055,1055,14400
2022-03-31 09:18:00,1055,1055,1055,1055,0
2022-03-31 09:19:00,1055,1055,1055,1055,100
2022-03-31 09:20:00,1055,1055,1055,1055,0
2022-03-31 09:21:00,1055,1055,1055,1055,0
2022-03-31 09:22:00,1055,1055,1055,1055,0
2022-03-31 09:23:00,1055,1055,1055,1055,0
2022-03-31 09:24:00,1055,1055,1055,1055,0
2022-03-31 09:25:00,1055,1055,1055,1055,0
2022-03-31 09:26:00,1055,1055,1055,1055,0
2022-03-31 09:27:00,1055,1055,1055,1055,0
2022-03-31 09:28:00,1055,1055,1055,1055,0
2022-03-31 09:29:00,1055,1055,1055,1055,0
2022-03-31 09:30:00,1055,1055,1055,1055,0
2022-03-31 09:31:00,1055,1055,1055,1055,0
2022-03-31 09:32:00,1055,1055,1055,1055,300
2022-03-31 09:33:00,1055,1055,1055,1055,1200
2022-03-31 09:34:00,1055,1055,1055,1055,0
2022-03-31 09:35:00,1055,1055,1055,1055,28600
2022-03-31 09:36:00,1055,1050,1055,1050,46900
2022-03-31 09:37:00,1050,1050,1050,1050,1000
2022-03-31 09:38:00,1050,1050,1050,1050,0
2022-03-31 09:39:00,1050,1050,1050,1050,0
2022-03-31 09:40:00,1050,1050,1050,1050,0
2022-03-31 09:41:00,1050,1050,1050,1050,0
2022-03-31 09:42:00,1050,1050,1050,1050,0
2022-03-31 09:43:00,1050,1050,1050,1050,0
2022-03-31 09:44:00,1050,1050,1050,1050,0
2022-03-31 09:45:00,1050,1050,1050,1050,0
2022-03-31 09:46:00,1050,1050,1050,1050,100
2022-03-31 09:47:00,1050,1050,1050,1050,0
2022-03-31 09:48:00,1055,1055,1055,1055,3000
2022-03-31 09:49:00,1055,1055,1055,1055,0
2022-03-31 09:50:00,1055,1055,1055,1055,0
2022-03-31 09:51:00,1055,1055,1055,1055,0
2022-03-31 09:52:00,1055,1055,1055,1055,0
2022-03-31 09:53:00,1050,1050,1050,1050,10400
2022-03-31 09:54:00,1045,1045,1045,1045,200
2022-03-31 09:55:00,1045,1045,1045,1045,0
2022-03-31 09:56:00,1045,1045,1045,1045,0
2022-03-31 09:57:00,1045,1045,1045,1045,0
2022-03-31 09:58:00,1045,1045,1045,1045,0
2022-03-31 09:59:00,1050,1045,1050,1045,5000
2022-03-31 10:00:00,1045,1045,1045,1045,13900
2022-03-31 10:01:00,1045,1045,1045,1045,0
2022-03-31 10:02:00,1045,1045,1045,1045,500
2022-03-31 10:03:00,1045,1045,1045,1045,0
2022-03-31 10:04:00,1045,1045,1045,1045,0
2022-03-31 10:05:00,1045,1045,1045,1045,0
2022-03-31 10:06:00,1045,1045,1045,1045,0
2022-03-31 10:07:00,1045,1045,1045,1045,0
2022-03-31 10:08:00,1045,1045,1045,1045,0
2022-03-31 10:09:00,1045,1045,1045,1045,0
2022-03-31 10:10:00,1045,1045,1045,1045,0
2022-03-31 10:11:00,1045,1045,1045,1045,0
2022-03-31 10:12:00,1045,1045,1045,1045,0
2022-03-31 10:13:00,1045,1045,1045,1045,0
2022-03-31 10:14:00,1045,1045,1045,1045,5000
2022-03-31 10:15:00,1045,1045,1045,1045,600
2022-03-31 10:16:00,1045,1045,1045,1045,0
2022-03-31 10:17:00,1045,1045,1045,1045,0
2022-03-31 10:18:00,1045,1045,1045,1045,0
2022-03-31 10:19:00,1045,1045,1045,1045,0
2022-03-31 10:20:00,1045,1045,1045,1045,0
2022-03-31 10:21:00,1045,1045,1045,1045,0
2022-03-31 10:22:00,1045,1045,1045,1045,0
2022-03-31 10:23:00,1045,1045,1045,1045,0
2022-03-31 10:24:00,1045,1045,1045,1045,0
2022-03-31 10:25:00,1045,1045,1045,1045,0
2022-03-31 10:26:00,1045,1045,1045,1045,400
2022-03-31 10:27:00,1045,1045,1045,1045,0
2022-03-31 10:28:00,1045,1045,1045,1045,0
2022-03-31 10:29:00,1045,1045,1045,1045,0
2022-03-31 10:30:00,1045,1045,1045,1045,0
2022-03-31 10:31:00,1045,1045,1045,1045,0
2022-03-31 10:32:00,1045,1045,1045,1045,0
2022-03-31 10:33:00,1045,1045,1045,1045,0
2022-03-31 10:34:00,1045,1045,1045,1045,0
2022-03-31 10:35:00,1045,1045,1045,1045,0
2022-03-31 10:36:00,1045,1045,1045,1045,0
2022-03-31 10:37:00,1045,1045,1045,1045,1500
2022-03-31 10:38:00,1045,1045,1045,1045,0
2022-03-31 10:39:00,1045,1045,1045,1045,0
2022-03-31 10:40:00,1045,1045,1045,1045,0
2022-03-31 10:41:00,1045,1045,1045,1045,0
2022-03-31 10:42:00,1045,1045,1045,1045,0
2022-03-31 10:43:00,1045,1045,1045,1045,0
2022-03-31 10:44:00,1045,1045,1045,1045,0
2022-03-31 10:45:00,1045,1045,1045,1045,0
2022-03-31 10:46:00,1045,1045,1045,1045,1900
2022-03-31 10:47:00,1045,1045,1045,1045,0
2022-03-31 10:48:00,1045,1045,1045,1045,0
2022-03-31 10:49:00,1045,1045,1045,1045,0
2022-03-31 10:50:00,1045,1045,1045,1045,1000
2022-03-31 10:51:00,1045,1045,1045,1045,0
2022-03-31 10:52:00,1045,1045,1045,1045,0
2022-03-31 10:53:00,1045,1045,1045,1045,0
2022-03-31 10:54:00,1045,1045,1045,1045,0
2022-03-31 10:55:00,1045,1045,1045,1045,2000
2022-03-31 10:56:00,1045,1045,1045,1045,0
2022-03-31 10:57:00,1045,1045,1045,1045,0
2022-03-31 10:58:00,1045,1045,1045,1045,0
2022-03-31 10:59:00,1045,1045,1045,1045,0
2022-03-31 11:00:00,1045,1045,1045,1045,0
2022-03-31 11:01:00,1045,1045,1045,1045,0
2022-03-31 11:02:00,1045,1045,1045,1045,0
2022-03-31 11:03:00,1045,1045,1045,1045,0
2022-03-31 11:04:00,1045,1045,1045,1045,0
2022-03-31 11:05:00,1045,1045,1045,1045,100
2022-03-31 11:06:00,1045,1045,1045,1045,0
2022-03-31 11:07:00,1045,1045,1045,1045,0
2022-03-31 11:08:00,1045,1045,1045,1045,0
2022-03-31 11:09:00,1045,1045,1045,1045,100
2022-03-31 11:10:00,1045,1045,1045,1045,0
2022-03-31 11:11:00,1045,1045,1045,1045,0
2022-03-31 11:12:00,1045,1045,1045,1045,0
2022-03-31 11:13:00,1045,1045,1045,1045,0
2022-03-31 11:14:00,1045,1045,1045,1045,200
2022-03-31 11:15:00,1045,1045,1045,1045,0
2022-03-31 11:16:00,1045,1045,1045,1045,0
2022-03-31 11:17:00,1045,1045,1045,1045,0
2022-03-31 11:18:00,1045,1045,1045,1045,0
2022-03-31 11:19:00,1045,1045,1045,1045,0
2022-03-31 11:20:00,1045,1045,1045,1045,0
2022-03-31 11:21:00,1045,1045,1045,1045,0
2022-03-31 11:22:00,1045,1045,1045,1045,900
2022-03-31 11:23:00,1045,1045,1045,1045,0
2022-03-31 11:24:00,1045,1045,1045,1045,4800
2022-03-31 11:25:00,1045,1045,1045,1045,900
2022-03-31 11:26:00,1045,1045,1045,1045,0
2022-03-31 11:27:00,1045,1045,1045,1045,4500
2022-03-31 11:28:00,1045,1045,1045,1045,0
2022-03-31 11:29:00,1050,1050,1050,1050,1000
2022-03-31 11:30:00,1050,1050,1050,1050,0
2022-03-31 11:31:00,1050,1050,1050,1050,0
2022-03-31 11:32:00,1050,1050,1050,1050,0
2022-03-31 11:33:00,1050,1050,1050,1050,0
2022-03-31 11:34:00,1050,1050,1050,1050,0
2022-03-31 11:35:00,1050,1050,1050,1050,0
2022-03-31 11:36:00,1050,1050,1050,1050,0
2022-03-31 11:37:00,1050,1050,1050,1050,0
2022-03-31 11:38:00,1050,1050,1050,1050,0
2022-03-31 11:39:00,1050,1050,1050,1050,0
2022-03-31 11:40:00,1050,1050,1050,1050,0
2022-03-31 11:41:00,1050,1050,1050,1050,0
2022-03-31 11:42:00,1050,1050,1050,1050,0
2022-03-31 11:43:00,1050,1050,1050,1050,0
2022-03-31 11:44:00,1050,1050,1050,1050,0
2022-03-31 11:45:00,1050,1050,1050,1050,0
2022-03-31 11:46:00,1050,1050,1050,1050,0
2022-03-31 11:47:00,1050,1050,1050,1050,0
2022-03-31 11:48:00,1050,1050,1050,1050,0
2022-03-31 11:49:00,1050,1050,1050,1050,0
2022-03-31 11:50:00,1050,1050,1050,1050,0
2022-03-31 11:51:00,1050,1050,1050,1050,0
2022-03-31 11:52:00,1050,1050,1050,1050,0
2022-03-31 11:53:00,1050,1050,1050,1050,0
2022-03-31 11:54:00,1050,1050,1050,1050,0
2022-03-31 11:55:00,1050,1050,1050,1050,0
2022-03-31 11:56:00,1050,1050,1050,1050,0
2022-03-31 11:57:00,1050,1050,1050,1050,0
2022-03-31 11:58:00,1050,1050,1050,1050,0
2022-03-31 11:59:00,1050,1050,1050,1050,0
2022-03-31 12:00:00,1050,1050,1050,1050,0
2022-03-31 12:01:00,1050,1050,1050,1050,0
2022-03-31 12:02:00,1050,1050,1050,1050,0
2022-03-31 12:03:00,1050,1050,1050,1050,0
2022-03-31 12:04:00,1050,1050,1050,1050,0
2022-03-31 12:05:00,1050,1050,1050,1050,0
2022-03-31 12:06:00,1050,1050,1050,1050,0
2022-03-31 12:07:00,1050,1050,1050,1050,0
2022-03-31 12:08:00,1050,1050,1050,1050,0
2022-03-31 12:09:00,1050,1050,1050,1050,0
2022-03-31 12:10:00,1050,1050,1050,1050,0
2022-03-31 12:11:00,1050,1050,1050,1050,0
2022-03-31 12:12:00,1050,1050,1050,1050,0
2022-03-31 12:13:00,1050,1050,1050,1050,0
2022-03-31 12:14:00,1050,1050,1050,1050,0
2022-03-31 12:15:00,1050,1050,1050,1050,0
2022-03-31 12:16:00,1050,1050,1050,1050,0
2022-03-31 12:17:00,1050,1050,1050,1050,0
2022-03-31 12:18:00,1050,1050,1050,1050,0
2022-03-31 12:19:00,1050,1050,1050,1050,0
2022-03-31 12:20:00,1050,1050,1050,1050,0
2022-03-31 12:21:00,1050,1050,1050,1050,0
2022-03-31 12:22:00,1050,1050,1050,1050,0
2022-03-31 12:23:00,1050,1050,1050,1050,0
2022-03-31 12:24:00,1050,1050,1050,1050,0
2022-03-31 12:25:00,1050,1050,1050,1050,0
2022-03-31 12:26:00,1050,1050,1050,1050,0
2022-03-31 12:27:00,1050,1050,1050,1050,0
2022-03-31 12:28:00,1050,1050,1050,1050,0
2022-03-31 12:29:00,1050,1050,1050,1050,0
2022-03-31 12:30:00,1050,1050,1050,1050,0
2022-03-31 12:31:00,1050,1050,1050,1050,0
2022-03-31 12:32:00,1050,1050,1050,1050,0
2022-03-31 12:33:00,1050,1050,1050,1050,0
2022-03-31 12:34:00,1050,1050,1050,1050,0
2022-03-31 12:35:00,1050,1050,1050,1050,0
2022-03-31 12:36:00,1050,1050,1050,1050,0
2022-03-31 12:37:00,1050,1050,1050,1050,0
2022-03-31 12:38:00,1050,1050,1050,1050,0
2022-03-31 12:39:00,1050,1050,1050,1050,0
2022-03-31 12:40:00,1050,1050,1050,1050,0
2022-03-31 12:41:00,1050,1050,1050,1050,0
2022-03-31 12:42:00,1050,1050,1050,1050,0
2022-03-31 12:43:00,1050,1050,1050,1050,0
2022-03-31 12:44:00,1050,1050,1050,1050,0
2022-03-31 12:45:00,1050,1050,1050,1050,0
2022-03-31 12:46:00,1050,1050,1050,1050,0
2022-03-31 12:47:00,1050,1050,1050,1050,0
2022-03-31 12:48:00,1050,1050,1050,1050,0
2022-03-31 12:49:00,1050,1050,1050,1050,0
2022-03-31 12:50:00,1050,1050,1050,1050,0
2022-03-31 12:51:00,1050,1050,1050,1050,0
2022-03-31 12:52:00,1050,1050,1050,1050,0
2022-03-31 12:53:00,1050,1050,1050,1050,0
2022-03-31 12:54:00,1050,1050,1050,1050,0
2022-03-31 12:55:00,1050,1050,1050,1050,0
2022-03-31 12:56:00,1050,1050,1050,1050,0
2022-03-31 12:57:00,1050,1050,1050,1050,0
2022-03-31 12:58:00,1050,1050,1050,1050,0
2022-03-31 12:59:00,1050,1050,1050,1050,0
2022-03-31 13:00:00,1050,1050,1050,1050,0
2022-03-31 13:01:00,1050,1050,1050,1050,0
2022-03-31 13:02:00,1050,1050,1050,1050,0
2022-03-31 13:03:00,1050,1050,1050,1050,0
2022-03-31 13:04:00,1050,1050,1050,1050,0
2022-03-31 13:05:00,1050,1050,1050,1050,0
2022-03-31 13:06:00,1050,1050,1050,1050,0
2022-03-31 13:07:00,1050,1050,1050,1050,0
2022-03-31 13:08:00,1050,1050,1050,1050,0
2022-03-31 13:09:00,1050,1050,1050,1050,0
2022-03-31 13:10:00,1050,1050,1050,1050,0
2022-03-31 13:11:00,1050,1050,1050,1050,0
2022-03-31 13:12:00,1050,1050,1050,1050,0
2022-03-31 13:13:00,1050,1050,1050,1050,0
2022-03-31 13:14:00,1050,1050,1050,1050,0
2022-03-31 13:15:00,1050,1050,1050,1050,0
2022-03-31 13:16:00,1050,1050,1050,1050,0
2022-03-31 13:17:00,1050,1050,1050,1050,0
2022-03-31 13:18:00,1050,1050,1050,1050,0
2022-03-31 13:19:00,1050,1050,1050,1050,0
2022-03-31 13:20:00,1050,1050,1050,1050,0
2022-03-31 13:21:00,1050,1050,1050,1050,0
2022-03-31 13:22:00,1050,1050,1050,1050,0
2022-03-31 13:23:00,1050,1050,1050,1050,0
2022-03-31 13:24:00,1050,1050,1050,1050,0
2022-03-31 13:25:00,1050,1050,1050,1050,0
2022-03-31 13:26:00,1050,1050,1050,1050,0
2022-03-31 13:27:00,1050,1050,1050,1050,0
2022-03-31 13:28:00,1050,1050,1050,1050,0
2022-03-31 13:29:00,1050,1050,1050,1050,0
2022-03-31 13:30:00,1050,1045,1050,1045,1900
2022-03-31 13:31:00,1050,1050,1050,1050,315000
2022-03-31 13:32:00,1050,1050,1050,1050,0
2022-03-31 13:33:00,1050,1050,1050,1050,0
2022-03-31 13:34:00,1050,1050,1050,1050,0
2022-03-31 13:35:00,1050,1050,1050,1050,0
2022-03-31 13:36:00,1050,1040,1050,1040,50900
2022-03-31 13:37:00,1050,1040,1050,1040,0
2022-03-31 13:38:00,1040,1040,1040,1040,12300
2022-03-31 13:39:00,1040,1040,1040,1040,0
2022-03-31 13:40:00,1040,1040,1040,1040,5000
2022-03-31 13:41:00,1040,1040,1040,1040,0
2022-03-31 13:42:00,1040,1040,1040,1040,500
2022-03-31 13:43:00,1040,1040,1040,1040,0
2022-03-31 13:44:00,1040,1040,1040,1040,0
2022-03-31 13:45:00,1040,1040,1040,1040,1200
2022-03-31 13:46:00,1040,1040,1040,1040,0
2022-03-31 13:47:00,1040,1040,1040,1040,0
2022-03-31 13:48:00,1040,1040,1040,1040,0
2022-03-31 13:49:00,1040,1040,1040,1040,0
2022-03-31 13:50:00,1040,1040,1040,1040,0
2022-03-31 13:51:00,1040,1040,1040,1040,0
2022-03-31 13:52:00,1040,1040,1040,1040,0
2022-03-31 13:53:00,1040,1040,1040,1040,0
2022-03-31 13:54:00,1040,1040,1040,1040,0
2022-03-31 13:55:00,1040,1040,1040,1040,0
2022-03-31 13:56:00,1040,1040,1040,1040,308700
2022-03-31 13:57:00,1040,1040,1040,1040,200100
2022-03-31 13:58:00,1040,1040,1040,1040,0
2022-03-31 13:59:00,1040,1040,1040,1040,0
2022-03-31 14:00:00,1035,1035,1035,1035,10700
2022-03-31 14:01:00,1040,1040,1040,1040,1000
2022-03-31 14:02:00,1040,1040,1040,1040,0
2022-03-31 14:03:00,1040,1040,1040,1040,5000
2022-03-31 14:04:00,1040,1035,1040,1035,201000
2022-03-31 14:05:00,1040,1035,1040,1035,200
2022-03-31 14:06:00,1040,1035,1040,1035,0
2022-03-31 14:07:00,1035,1035,1035,1035,500
2022-03-31 14:08:00,1035,1035,1035,1035,5000
2022-03-31 14:09:00,1035,1035,1035,1035,5500
2022-03-31 14:10:00,1035,1035,1035,1035,2000
2022-03-31 14:11:00,1035,1035,1035,1035,700
2022-03-31 14:12:00,1040,1040,1040,1040,4000
2022-03-31 14:13:00,1040,1040,1040,1040,14100
2022-03-31 14:14:00,1040,1040,1040,1040,0
2022-03-31 14:15:00,1045,1045,1045,1045,2900
2022-03-31 14:16:00,1045,1045,1045,1045,0
2022-03-31 14:17:00,1035,1035,1035,1035,23400
2022-03-31 14:18:00,1035,1035,1035,1035,8800
2022-03-31 14:19:00,1035,1035,1035,1035,0
2022-03-31 14:20:00,1035,1035,1035,1035,0
2022-03-31 14:21:00,1035,1035,1035,1035,0
2022-03-31 14:22:00,1035,1035,1035,1035,0
2022-03-31 14:23:00,1040,1035,1040,1035,300
2022-03-31 14:24:00,1040,1035,1040,1035,0
2022-03-31 14:25:00,1040,1035,1040,1035,0
2022-03-31 14:26:00,1040,1035,1040,1035,0
2022-03-31 14:27:00,1040,1035,1040,1035,0
2022-03-31 14:28:00,1040,1035,1040,1035,0
2022-03-31 14:29:00,1040,1040,1040,1040,112500
2022-03-31 14:30:00,1040,1040,1040,1040,0
2022-03-31 14:31:00,1040,1040,1040,1040,0
2022-03-31 14:32:00,1040,1040,1040,1040,4600
2022-03-31 14:33:00,1035,1035,1035,1035,2200
2022-03-31 14:34:00,1035,1035,1035,1035,0
2022-03-31 14:35:00,1040,1040,1040,1040,500
2022-03-31 14:36:00,1040,1040,1040,1040,0
2022-03-31 14:37:00,1040,1040,1040,1040,0
2022-03-31 14:38:00,1040,1040,1040,1040,0
2022-03-31 14:39:00,1040,1040,1040,1040,0
2022-03-31 14:40:00,1040,1040,1040,1040,0
2022-03-31 14:41:00,1040,1040,1040,1040,400
2022-03-31 14:42:00,1040,1040,1040,1040,9000
2022-03-31 14:43:00,1040,1040,1040,1040,0
2022-03-31 14:44:00,1035,1035,1035,1035,100
2022-03-31 14:45:00,1045,1045,1045,1045,100
2022-03-31 14:46:00,1045,1045,1045,1045,0
2022-03-31 14:47:00,1045,1045,1045,1045,0
2022-03-31 14:48:00,1045,1045,1045,1045,0
2022-03-31 14:49:00,1035,1035,1045,1035,4100
2022-03-31 14:50:00,1035,1035,1045,1035,0
2022-03-31 14:51:00,1035,1035,1045,1035,0
2022-03-31 14:52:00,1035,1035,1045,1035,0
2022-03-31 14:53:00,1035,1035,1045,1035,0
2022-03-31 14:54:00,1035,1035,1045,1035,0
2022-03-31 14:55:00,1035,1035,1045,1035,0
2022-03-31 14:56:00,1035,1035,1045,1035,0
2022-03-31 14:57:00,1035,1035,1045,1035,0
2022-03-31 14:58:00,1035,1035,1045,1035,0
2022-03-31 14:59:00,1035,1035,1045,1035,0
2022-03-31 15:00:00,1045,1045,1045,1045,23400
2022-03-31 15:01:00,1045,1045,1045,1045,0
2022-03-31 15:02:00,1045,1045,1045,1045,0
2022-03-31 15:03:00,1045,1045,1045,1045,10000
2022-03-31 15:04:00,1045,1045,1045,1045,0
2022-03-31 15:05:00,1045,1045,1045,1045,0
2022-03-31 15:06:00,1045,1045,1045,1045,0
2022-03-31 15:07:00,1045,1045,1045,1045,36800
2022-03-31 15:08:00,1045,1045,1045,1045,2000
2022-03-31 15:09:00,1045,1045,1045,1045,0
2022-03-31 15:10:00,1045,1045,1045,1045,11200
2022-03-31 15:11:00,1045,1045,1045,1045,0
2022-03-31 15:12:00,1045,1045,1045,1045,0
2022-03-31 15:13:00,1045,1045,1045,1045,0
2022-03-31 15:14:00,1045,1045,1045,1045,0
2022-03-31 15:15:00,1045,1045,1045,1045,0
2022-03-31 15:16:00,1045,1045,1045,1045,0
2022-03-31 15:17:00,1045,1045,1045,1045,0
2022-03-31 15:18:00,1045,1045,1045,1045,0
2022-03-31 15:19:00,1045,1045,1045,1045,0
2022-03-31 15:20:00,1045,1045,1045,1045,0
2022-03-31 15:21:00,1045,1045,1045,1045,0
2022-03-31 15:22:00,1045,1045,1045,1045,0
2022-03-31 15:23:00,1045,1045,1045,1045,0
2022-03-31 15:24:00,1045,1045,1045,1045,0
2022-03-31 15:25:00,1045,1045,1045,1045,0
2022-03-31 15:26:00,1045,1045,1045,1045,0
2022-03-31 15:27:00,1045,1045,1045,1045,0
2022-03-31 15:28:00,1045,1045,1045,1045,0
2022-03-31 15:29:00,1045,1045,1045,1045,0
2022-03-31 15:30:00,1045,1045,1045,1045,0
2022-03-31 15:31:00,1045,1045,1045,1045,0
2022-03-31 15:32:00,1045,1045,1045,1045,0
2022-03-31 15:33:00,1045,1045,1045,1045,0
2022-03-31 15:34:00,1045,1045,1045,1045,0
2022-03-31 15:35:00,1045,1045,1045,1045,0
2022-03-31 15:36:00,1045,1045,1045,1045,0
2022-03-31 15:37:00,1045,1045,1045,1045,0
2022-03-31 15:38:00,1045,1045,1045,1045,0
2022-03-31 15:39:00,1045,1045,1045,1045,0
2022-03-31 15:40:00,1045,1045,1045,1045,0
2022-03-31 15:41:00,1045,1045,1045,1045,0
2022-03-31 15:42:00,1045,1045,1045,1045,0
2022-03-31 15:43:00,1045,1045,1045,1045,0
2022-03-31 15:44:00,1045,1045,1045,1045,0
2022-03-31 15:45:00,1045,1045,1045,1045,0
2022-03-31 15:46:00,1045,1045,1045,1045,0
2022-03-31 15:47:00,1045,1045,1045,1045,0
2022-03-31 15:48:00,1045,1045,1045,1045,0
2022-03-31 15:49:00,1045,1045,1045,1045,0
2022-03-31 15:50:00,1045,1045,1045,1045,0
2022-03-31 15:51:00,1045,1045,1045,1045,0
2022-03-31 15:52:00,1045,1045,1045,1045,0
2022-03-31 15:53:00,1045,1045,1045,1045,0
2022-03-31 15:54:00,1045,1045,1045,1045,0
2022-03-31 15:55:00,1045,1045,1045,1045,0
2022-03-31 15:56:00,1045,1045,1045,1045,0
2022-03-31 15:57:00,1045,1045,1045,1045,0
2022-03-31 15:58:00,1045,1045,1045,1045,0
2022-03-31 15:59:00,1045,1045,1045,1045,0
2022-04-01 09:00:00,1045,1045,1045,1045,0
2022-04-01 09:01:00,1045,1045,1045,1045,0
2022-04-01 09:02:00,1040,1035,1040,1035,0
2022-04-01 09:03:00,1040,1035,1040,1035,0
2022-04-01 09:04:00,1035,1035,1035,1035,11600
2022-04-01 09:05:00,1035,1035,1035,1035,0
2022-04-01 09:06:00,1035,1035,1035,1035,0
2022-04-01 09:07:00,1035,1035,1035,1035,0
2022-04-01 09:08:00,1035,1035,1035,1035,0
2022-04-01 09:09:00,1035,1035,1035,1035,0
2022-04-01 09:10:00,1040,1040,1040,1040,2000
2022-04-01 09:11:00,1040,1040,1040,1040,100
2022-04-01 09:12:00,1040,1040,1040,1040,0
2022-04-01 09:13:00,1040,1040,1040,1040,0
2022-04-01 09:14:00,1040,1040,1040,1040,500
2022-04-01 09:15:00,1035,1035,1035,1035,2700
2022-04-01 09:16:00,1035,1035,1035,1035,0
2022-04-01 09:17:00,1035,1035,1035,1035,0
2022-04-01 09:18:00,1035,1035,1035,1035,0
2022-04-01 09:19:00,1035,1035,1035,1035,0
2022-04-01 09:20:00,1035,1035,1035,1035,0
2022-04-01 09:21:00,1040,1030,1040,1040,277500
2022-04-01 09:22:00,1040,1030,1040,1030,43500
2022-04-01 09:23:00,1030,1030,1030,1030,5700
2022-04-01 09:24:00,1035,1030,1035,1030,308500
2022-04-01 09:25:00,1030,1030,1030,1030,700
2022-04-01 09:26:00,1030,1030,1030,1030,0
2022-04-01 09:27:00,1030,1030,1030,1030,26100
2022-04-01 09:28:00,1030,1030,1030,1030,0
2022-04-01 09:29:00,1030,1030,1030,1030,25000
2022-04-01 09:30:00,1030,1030,1030,1030,335300
2022-04-01 09:31:00,1030,1030,1030,1030,66600
2022-04-01 09:32:00,1025,1025,1025,1025,1500
2022-04-01 09:33:00,1025,1025,1025,1025,5000
2022-04-01 09:34:00,1025,1020,1025,1020,2800
2022-04-01 09:35:00,1025,1020,1025,1020,0
2022-04-01 09:36:00,1025,1020,1025,1020,88100
2022-04-01 09:37:00,1020,1020,1025,1020,17200
2022-04-01 09:38:00,1020,1020,1025,1025,14000
2022-04-01 09:39:00,1020,1020,1020,1020,200
2022-04-01 09:40:00,1020,1020,1020,1020,4100
2022-04-01 09:41:00,1020,1020,1020,1020,2000
2022-04-01 09:42:00,1020,1020,1020,1020,1700
2022-04-01 09:43:00,1020,1020,1020,1020,1300
2022-04-01 09:44:00,1020,1020,1020,1020,500
2022-04-01 09:45:00,1020,1020,1020,1020,2100
2022-04-01 09:46:00,1020,1020,1020,1020,0
2022-04-01 09:47:00,1020,1020,1020,1020,10000
2022-04-01 09:48:00,1020,1020,1020,1020,1900
2022-04-01 09:49:00,1020,1020,1020,1020,0
2022-04-01 09:50:00,1020,1020,1020,1020,0
2022-04-01 09:51:00,1030,1030,1030,1030,200
2022-04-01 09:52:00,1030,1030,1030,1030,0
2022-04-01 09:53:00,1030,1030,1030,1030,0
2022-04-01 09:54:00,1030,1025,1030,1025,1600
2022-04-01 09:55:00,1030,1025,1030,1025,0
2022-04-01 09:56:00,1030,1025,1030,1025,0
2022-04-01 09:57:00,1030,1025,1030,1025,0
2022-04-01 09:58:00,1030,1025,1030,1025,0
2022-04-01 09:59:00,1030,1025,1030,1025,0
2022-04-01 10:00:00,1025,1025,1025,1025,500
2022-04-01 10:01:00,1025,1025,1025,1025,100
2022-04-01 10:02:00,1025,1025,1025,1025,0
2022-04-01 10:03:00,1025,1025,1025,1025,0
2022-04-01 10:04:00,1025,1025,1025,1025,0
2022-04-01 10:05:00,1025,1025,1025,1025,0
2022-04-01 10:06:00,1025,1025,1025,1025,0
2022-04-01 10:07:00,1025,1025,1025,1025,0
2022-04-01 10:08:00,1025,1025,1025,1025,2400
2022-04-01 10:09:00,1025,1025,1025,1025,100
2022-04-01 10:10:00,1025,1025,1025,1025,0
2022-04-01 10:11:00,1025,1025,1025,1025,0
2022-04-01 10:12:00,1025,1025,1025,1025,1000
2022-04-01 10:13:00,1025,1025,1025,1025,0
2022-04-01 10:14:00,1025,1025,1025,1025,0
2022-04-01 10:15:00,1025,1025,1025,1025,0
2022-04-01 10:16:00,1025,1025,1025,1025,0
2022-04-01 10:17:00,1030,1030,1030,1030,5000
2022-04-01 10:18:00,1030,1030,1030,1030,0
2022-04-01 10:19:00,1030,1030,1030,1030,20000
2022-04-01 10:20:00,1030,1030,1030,1030,0
2022-04-01 10:21:00,1030,1030,1030,1030,8200
2022-04-01 10:22:00,1025,1025,1025,1025,2000
2022-04-01 10:23:00,1025,1025,1025,1025,0
2022-04-01 10:24:00,1030,1030,1030,1030,200
2022-04-01 10:25:00,1030,1030,1030,1030,0
2022-04-01 10:26:00,1030,1030,1030,1030,100
2022-04-01 10:27:00,1030,1030,1030,1030,200
2022-04-01 10:28:00,1030,1030,1030,1030,500
2022-04-01 10:29:00,1025,1025,1025,1025,2000
2022-04-01 10:30:00,1025,1025,1025,1025,8800
2022-04-01 10:31:00,1025,1025,1025,1025,0
2022-04-01 10:32:00,1025,1025,1025,1025,0
2022-04-01 10:33:00,1025,1025,1025,1025,0
2022-04-01 10:34:00,1025,1025,1025,1025,0
2022-04-01 10:35:00,1025,1025,1025,1025,0
2022-04-01 10:36:00,1025,1025,1025,1025,0
2022-04-01 10:37:00,1025,1025,1025,1025,0
2022-04-01 10:38:00,1025,1025,1025,1025,0
2022-04-01 10:39:00,1025,1025,1025,1025,0
2022-04-01 10:40:00,1025,1025,1025,1025,0
2022-04-01 10:41:00,1025,1025,1025,1025,0
2022-04-01 10:42:00,1025,1025,1025,1025,0
2022-04-01 10:43:00,1030,1030,1030,1030,100
2022-04-01 10:44:00,1030,1030,1030,1030,0
2022-04-01 10:45:00,1030,1030,1030,1030,5800
2022-04-01 10:46:00,1030,1030,1030,1030,0
2022-04-01 10:47:00,1030,1030,1030,1030,0
2022-04-01 10:48:00,1030,1025,1030,1025,55700
2022-04-01 10:49:00,1030,1025,1030,1025,0
2022-04-01 10:50:00,1030,1025,1030,1025,0
2022-04-01 10:51:00,1030,1025,1030,1025,0
2022-04-01 10:52:00,1020,1020,1020,1020,33200
2022-04-01 10:53:00,1020,1020,1025,1025,3500
2022-04-01 10:54:00,1020,1020,1025,1025,0
2022-04-01 10:55:00,1020,1020,1025,1025,0
2022-04-01 10:56:00,1025,1025,1025,1025,5000
2022-04-01 10:57:00,1025,1025,1025,1025,0
2022-04-01 10:58:00,1025,1025,1025,1025,0
2022-04-01 10:59:00,1030,1030,1030,1030,200
2022-04-01 11:00:00,1030,1030,1030,1030,19200
2022-04-01 11:01:00,1030,1030,1030,1030,0
2022-04-01 11:02:00,1030,1030,1030,1030,0
2022-04-01 11:03:00,1030,1030,1030,1030,20000
2022-04-01 11:04:00,1030,1030,1030,1030,0
2022-04-01 11:05:00,1030,1030,1030,1030,0
2022-04-01 11:06:00,1030,1030,1030,1030,0
2022-04-01 11:07:00,1030,1030,1030,1030,0
2022-04-01 11:08:00,1030,1030,1030,1030,0
2022-04-01 11:09:00,1030,1030,1030,1030,0
2022-04-01 11:10:00,1030,1030,1030,1030,0
2022-04-01 11:11:00,1030,1030,1030,1030,0
2022-04-01 11:12:00,1030,1030,1030,1030,0
2022-04-01 11:13:00,1030,1030,1030,1030,0
2022-04-01 11:14:00,1025,1025,1025,1025,400
2022-04-01 11:15:00,1025,1025,1025,1025,0
2022-04-01 11:16:00,1025,1025,1025,1025,200
2022-04-01 11:17:00,1025,1025,1025,1025,0
2022-04-01 11:18:00,1025,1025,1025,1025,0
2022-04-01 11:19:00,1025,1025,1025,1025,2100
2022-04-01 11:20:00,1025,1025,1025,1025,0
2022-04-01 11:21:00,1025,1025,1025,1025,0
2022-04-01 11:22:00,1025,1025,1025,1025,0
2022-04-01 11:23:00,1025,1025,1025,1025,0
2022-04-01 11:24:00,1025,1025,1025,1025,8000
2022-04-01 11:25:00,1025,1025,1025,1025,0
2022-04-01 11:26:00,1025,1025,1025,1025,0
2022-04-01 11:27:00,1025,1025,1025,1025,0
2022-04-01 11:28:00,1025,1025,1025,1025,1600
2022-04-01 11:29:00,1025,1025,1025,1025,0
2022-04-01 11:30:00,1025,1025,1025,1025,0
2022-04-01 11:31:00,1025,1025,1025,1025,0
2022-04-01 11:32:00,1025,1025,1025,1025,0
2022-04-01 11:33:00,1025,1025,1025,1025,0
2022-04-01 11:34:00,1025,1025,1025,1025,0
2022-04-01 11:35:00,1025,1025,1025,1025,0
2022-04-01 11:36:00,1025,1025,1025,1025,0
2022-04-01 11:37:00,1025,1025,1025,1025,0
2022-04-01 11:38:00,1025,1025,1025,1025,0
2022-04-01 11:39:00,1025,1025,1025,1025,0
2022-04-01 11:40:00,1025,1025,1025,1025,0
2022-04-01 11:41:00,1025,1025,1025,1025,0
2022-04-01 11:42:00,1025,1025,1025,1025,0
2022-04-01 11:43:00,1025,1025,1025,1025,0
2022-04-01 11:44:00,1025,1025,1025,1025,0
2022-04-01 11:45:00,1025,1025,1025,1025,0
2022-04-01 11:46:00,1025,1025,1025,1025,0
2022-04-01 11:47:00,1025,1025,1025,1025,0
2022-04-01 11:48:00,1025,1025,1025,1025,0
2022-04-01 11:49:00,1025,1025,1025,1025,0
2022-04-01 11:50:00,1025,1025,1025,1025,0
2022-04-01 11:51:00,1025,1025,1025,1025,0
2022-04-01 11:52:00,1025,1025,1025,1025,0
2022-04-01 11:53:00,1025,1025,1025,1025,0
2022-04-01 11:54:00,1025,1025,1025,1025,0
2022-04-01 11:55:00,1025,1025,1025,1025,0
2022-04-01 11:56:00,1025,1025,1025,1025,0
2022-04-01 11:57:00,1025,1025,1025,1025,0
2022-04-01 11:58:00,1025,1025,1025,1025,0
2022-04-01 11:59:00,1025,1025,1025,1025,0
2022-04-01 12:00:00,1025,1025,1025,1025,0
2022-04-01 12:01:00,1025,1025,1025,1025,0
2022-04-01 12:02:00,1025,1025,1025,1025,0
2022-04-01 12:03:00,1025,1025,1025,1025,0
2022-04-01 12:04:00,1025,1025,1025,1025,0
2022-04-01 12:05:00,1025,1025,1025,1025,0
2022-04-01 12:06:00,1025,1025,1025,1025,0
2022-04-01 12:07:00,1025,1025,1025,1025,0
2022-04-01 12:08:00,1025,1025,1025,1025,0
2022-04-01 12:09:00,1025,1025,1025,1025,0
2022-04-01 12:10:00,1025,1025,1025,1025,0
2022-04-01 12:11:00,1025,1025,1025,1025,0
2022-04-01 12:12:00,1025,1025,1025,1025,0
2022-04-01 12:13:00,1025,1025,1025,1025,0
2022-04-01 12:14:00,1025,1025,1025,1025,0
2022-04-01 12:15:00,1025,1025,1025,1025,0
2022-04-01 12:16:00,1025,1025,1025,1025,0
2022-04-01 12:17:00,1025,1025,1025,1025,0
2022-04-01 12:18:00,1025,1025,1025,1025,0
2022-04-01 12:19:00,1025,1025,1025,1025,0
2022-04-01 12:20:00,1025,1025,1025,1025,0
2022-04-01 12:21:00,1025,1025,1025,1025,0
2022-04-01 12:22:00,1025,1025,1025,1025,0
2022-04-01 12:23:00,1025,1025,1025,1025,0
2022-04-01 12:24:00,1025,1025,1025,1025,0
2022-04-01 12:25:00,1025,1025,1025,1025,0
2022-04-01 12:26:00,1025,1025,1025,1025,0
2022-04-01 12:27:00,1025,1025,1025,1025,0
2022-04-01 12:28:00,1025,1025,1025,1025,0
2022-04-01 12:29:00,1025,1025,1025,1025,0
2022-04-01 12:30:00,1025,1025,1025,1025,0
2022-04-01 12:31:00,1025,1025,1025,1025,0
2022-04-01 12:32:00,1025,1025,1025,1025,0
2022-04-01 12:33:00,1025,1025,1025,1025,0
2022-04-01 12:34:00,1025,1025,1025,1025,0
2022-04-01 12:35:00,1025,1025,1025,1025,0
2022-04-01 12:36:00,1025,1025,1025,1025,0
2022-04-01 12:37:00,1025,1025,1025,1025,0
2022-04-01 12:38:00,1025,1025,1025,1025,0
2022-04-01 12:39:00,1025,1025,1025,1025,0
2022-04-01 12:40:00,1025,1025,1025,1025,0
2022-04-01 12:41:00,1025,1025,1025,1025,0
2022-04-01 12:42:00,1025,1025,1025,1025,0
2022-04-01 12:43:00,1025,1025,1025,1025,0
2022-04-01 12:44:00,1025,1025,1025,1025,0
2022-04-01 12:45:00,1025,1025,1025,1025,0
2022-04-01 12:46:00,1025,1025,1025,1025,0
2022-04-01 12:47:00,1025,1025,1025,1025,0
2022-04-01 12:48:00,1025,1025,1025,1025,0
2022-04-01 12:49:00,1025,1025,1025,1025,0
2022-04-01 12:50:00,1025,1025,1025,1025,0
2022-04-01 12:51:00,1025,1025,1025,1025,0
2022-04-01 12:52:00,1025,1025,1025,1025,0
2022-04-01 12:53:00,1025,1025,1025,1025,0
2022-04-01 12:54:00,1025,1025,1025,1025,0
2022-04-01 12:55:00,1025,1025,1025,1025,0
2022-04-01 12:56:00,1025,1025,1025,1025,0
2022-04-01 12:57:00,1025,1025,1025,1025,0
2022-04-01 12:58:00,1025,1025,1025,1025,0
2022-04-01 12:59:00,1025,1025,1025,1025,0
2022-04-01 13:00:00,1025,1025,1025,1025,0
2022-04-01 13:01:00,1025,1025,1025,1025,0
2022-04-01 13:02:00,1025,1025,1025,1025,0
2022-04-01 13:03:00,1025,1025,1025,1025,0
2022-04-01 13:04:00,1025,1025,1025,1025,0
2022-04-01 13:05:00,1025,1025,1025,1025,0
2022-04-01 13:06:00,1025,1025,1025,1025,0
2022-04-01 13:07:00,1025,1025,1025,1025,0
2022-04-01 13:08:00,1025,1025,1025,1025,0
2022-04-01 13:09:00,1025,1025,1025,1025,0
2022-04-01 13:10:00,1025,1025,1025,1025,0
2022-04-01 13:11:00,1025,1025,1025,1025,0
2022-04-01 13:12:00,1025,1025,1025,1025,0
2022-04-01 13:13:00,1025,1025,1025,1025,0
2022-04-01 13:14:00,1025,1025,1025,1025,0
2022-04-01 13:15:00,1025,1025,1025,1025,0
2022-04-01 13:16:00,1025,1025,1025,1025,0
2022-04-01 13:17:00,1025,1025,1025,1025,0
2022-04-01 13:18:00,1025,1025,1025,1025,0
2022-04-01 13:19:00,1025,1025,1025,1025,0
2022-04-01 13:20:00,1025,1025,1025,1025,0
2022-04-01 13:21:00,1025,1025,1025,1025,0
2022-04-01 13:22:00,1025,1025,1025,1025,0
2022-04-01 13:23:00,1025,1025,1025,1025,0
2022-04-01 13:24:00,1025,1025,1025,1025,0
2022-04-01 13:25:00,1025,1025,1025,1025,0
2022-04-01 13:26:00,1025,1025,1025,1025,0
2022-04-01 13:27:00,1025,1025,1025,1025,0
2022-04-01 13:28:00,1025,1025,1025,1025,0
2022-04-01 13:29:00,1025,1025,1025,1025,0
2022-04-01 13:30:00,1025,1025,1025,1025,600
2022-04-01 13:31:00,1025,1025,1025,1025,0
2022-04-01 13:32:00,1025,1025,1025,1025,0
2022-04-01 13:33:00,1025,1025,1025,1025,0
2022-04-01 13:34:00,1025,1025,1025,1025,100
2022-04-01 13:35:00,1025,1025,1025,1025,100
2022-04-01 13:36:00,1025,1025,1035,1035,266300
2022-04-01 13:37:00,1025,1025,1035,1035,0
2022-04-01 13:38:00,1025,1025,1035,1035,0
2022-04-01 13:39:00,1025,1025,1035,1035,0
2022-04-01 13:40:00,1025,1025,1035,1035,0
2022-04-01 13:41:00,1025,1025,1035,1035,0
2022-04-01 13:42:00,1025,1025,1035,1035,0
2022-04-01 13:43:00,1025,1025,1035,1035,0
2022-04-01 13:44:00,1025,1025,1035,1035,0
2022-04-01 13:45:00,1025,1025,1035,1035,0
2022-04-01 13:46:00,1025,1025,1035,1035,0
2022-04-01 13:47:00,1025,1025,1035,1035,0
2022-04-01 13:48:00,1035,1035,1035,1035,3000
2022-04-01 13:49:00,1035,1035,1035,1035,0
2022-04-01 13:50:00,1035,1035,1035,1035,0
2022-04-01 13:51:00,1035,1035,1035,1035,0
2022-04-01 13:52:00,1035,1035,1035,1035,0
2022-04-01 13:53:00,1035,1035,1035,1035,0
2022-04-01 13:54:00,1035,1035,1035,1035,0
2022-04-01 13:55:00,1030,1030,1030,1030,300800
2022-04-01 13:56:00,1030,1030,1030,1030,100
2022-04-01 13:57:00,1030,1030,1030,1030,0
2022-04-01 13:58:00,1030,1030,1030,1030,0
2022-04-01 13:59:00,1030,1030,1030,1030,0
2022-04-01 14:00:00,1030,1030,1030,1030,0
2022-04-01 14:01:00,1030,1030,1030,1030,0
2022-04-01 14:02:00,1030,1030,1030,1030,0
2022-04-01 14:03:00,1030,1030,1030,1030,0
2022-04-01 14:04:00,1030,1030,1030,1030,300
2022-04-01 14:05:00,1030,1030,1030,1030,0
2022-04-01 14:06:00,1030,1030,1030,1030,100
2022-04-01 14:07:00,1030,1030,1030,1030,0
2022-04-01 14:08:00,1030,1030,1030,1030,0
2022-04-01 14:09:00,1030,1030,1030,1030,0
2022-04-01 14:10:00,1030,1030,1030,1030,0
2022-04-01 14:11:00,1030,1030,1030,1030,200
2022-04-01 14:12:00,1030,1030,1030,1030,0
2022-04-01 14:13:00,1030,1030,1030,1030,0
2022-04-01 14:14:00,1030,1030,1030,1030,0
2022-04-01 14:15:00,1030,1030,1030,1030,0
2022-04-01 14:16:00,1030,1030,1030,1030,0
2022-04-01 14:17:00,1030,1030,1030,1030,0
2022-04-01 14:18:00,1030,1030,1030,1030,0
2022-04-01 14:19:00,1030,1030,1030,1030,0
2022-04-01 14:20:00,1030,1030,1030,1030,0
2022-04-01 14:21:00,1030,1030,1030,1030,0
2022-04-01 14:22:00,1030,1030,1030,1030,100
2022-04-01 14:23:00,1030,1030,1030,1030,0
2022-04-01 14:24:00,1035,1035,1035,1035,300
2022-04-01 14:25:00,1035,1035,1035,1035,100
2022-04-01 14:26:00,1035,1035,1035,1035,0
2022-04-01 14:27:00,1035,1035,1035,1035,0
2022-04-01 14:28:00,1030,1025,1030,1025,25400
2022-04-01 14:29:00,1030,1025,1030,1025,0
2022-04-01 14:30:00,1025,1025,1025,1025,1700
2022-04-01 14:31:00,1025,1020,1025,1020,700
2022-04-01 14:32:00,1020,1020,1020,1020,600
2022-04-01 14:33:00,1020,1020,1020,1020,0
2022-04-01 14:34:00,1020,1020,1020,1020,0
2022-04-01 14:35:00,1020,1020,1020,1020,16000
2022-04-01 14:36:00,1020,1020,1020,1020,0
2022-04-01 14:37:00,1020,1020,1020,1020,200
2022-04-01 14:38:00,1020,1020,1020,1020,0
2022-04-01 14:39:00,1020,1020,1020,1020,0
2022-04-01 14:40:00,1020,1020,1020,1020,0
2022-04-01 14:41:00,1020,1020,1020,1020,1600
2022-04-01 14:42:00,1020,1020,1020,1020,25900
2022-04-01 14:43:00,1020,1020,1020,1020,400
2022-04-01 14:44:00,1025,1020,1025,1020,197700
2022-04-01 14:45:00,1025,1020,1025,1020,0
2022-04-01 14:46:00,1035,1035,1040,1040,41000
2022-04-01 14:47:00,1035,1035,1040,1040,0
2022-04-01 14:48:00,1025,1025,1025,1025,1200
2022-04-01 14:49:00,1025,1025,1025,1025,2100
2022-04-01 14:50:00,1025,1025,1025,1025,0
2022-04-01 14:51:00,1025,1025,1025,1025,0
2022-04-01 14:52:00,1025,1025,1025,1025,0
2022-04-01 14:53:00,1025,1025,1025,1025,0
2022-04-01 14:54:00,1025,1025,1025,1025,0
2022-04-01 14:55:00,1025,1025,1025,1025,0
2022-04-01 14:56:00,1025,1025,1025,1025,0
2022-04-01 14:57:00,1025,1025,1025,1025,0
2022-04-01 14:58:00,1025,1025,1025,1025,0
2022-04-01 14:59:00,1025,1025,1025,1025,0
2022-04-01 15:00:00,1035,1035,1035,1035,36500
2022-04-01 15:01:00,1035,1035,1035,1035,200
2022-04-01 15:02:00,1035,1035,1035,1035,0
2022-04-01 15:03:00,1035,1035,1035,1035,0
2022-04-01 15:04:00,1035,1035,1035,1035,0
2022-04-01 15:05:00,1035,1035,1035,1035,0
2022-04-01 15:06:00,1035,1035,1035,1035,0
2022-04-01 15:07:00,1035,1035,1035,1035,0
2022-04-01 15:08:00,1035,1035,1035,1035,0
2022-04-01 15:09:00,1035,1035,1035,1035,0
2022-04-01 15:10:00,1035,1035,1035,1035,0
2022-04-01 15:11:00,1035,1035,1035,1035,0
2022-04-01 15:12:00,1035,1035,1035,1035,0
2022-04-01 15:13:00,1035,1035,1035,1035,0
2022-04-01 15:14:00,1035,1035,1035,1035,0
2022-04-01 15:15:00,1035,1035,1035,1035,0
2022-04-01 15:16:00,1035,1035,1035,1035,0
2022-04-01 15:17:00,1035,1035,1035,1035,0
2022-04-01 15:18:00,1035,1035,1035,1035,0
2022-04-01 15:19:00,1035,1035,1035,1035,0
2022-04-01 15:20:00,1035,1035,1035,1035,0
2022-04-01 15:21:00,1035,1035,1035,1035,0
2022-04-01 15:22:00,1035,1035,1035,1035,0
2022-04-01 15:23:00,1035,1035,1035,1035,0
2022-04-01 15:24:00,1035,1035,1035,1035,0
2022-04-01 15:25:00,1035,1035,1035,1035,0
2022-04-01 15:26:00,1035,1035,1035,1035,0
2022-04-01 15:27:00,1035,1035,1035,1035,0
2022-04-01 15:28:00,1035,1035,1035,1035,0
2022-04-01 15:29:00,1035,1035,1035,1035,0
2022-04-01 15:30:00,1035,1035,1035,1035,0
2022-04-01 15:31:00,1035,1035,1035,1035,0
2022-04-01 15:32:00,1035,1035,1035,1035,0
2022-04-01 15:33:00,1035,1035,1035,1035,0
2022-04-01 15:34:00,1035,1035,1035,1035,0
2022-04-01 15:35:00,1035,1035,1035,1035,0
2022-04-01 15:36:00,1035,1035,1035,1035,0
2022-04-01 15:37:00,1035,1035,1035,1035,0
2022-04-01 15:38:00,1035,1035,1035,1035,0
2022-04-01 15:39:00,1035,1035,1035,1035,0
2022-04-01 15:40:00,1035,1035,1035,1035,0
2022-04-01 15:41:00,1035,1035,1035,1035,0
2022-04-01 15:42:00,1035,1035,1035,1035,0
2022-04-01 15:43:00,1035,1035,1035,1035,0
2022-04-01 15:44:00,1035,1035,1035,1035,0
2022-04-01 15:45:00,1035,1035,1035,1035,0
2022-04-01 15:46:00,1035,1035,1035,1035,0
2022-04-01 15:47:00,1035,1035,1035,1035,0
2022-04-01 15:48:00,1035,1035,1035,1035,0
2022-04-01 15:49:00,1035,1035,1035,1035,0
2022-04-01 15:50:00,1035,1035,1035,1035,0
2022-04-01 15:51:00,1035,1035,1035,1035,0
2022-04-01 15:52:00,1035,1035,1035,1035,0
2022-04-01 15:53:00,1035,1035,1035,1035,0
2022-04-01 15:54:00,1035,1035,1035,1035,0
2022-04-01 15:55:00,1035,1035,1035,1035,0
2022-04-01 15:56:00,1035,1035,1035,1035,0
2022-04-01 15:57:00,1035,1035,1035,1035,0
2022-04-01 15:58:00,1035,1035,1035,1035,0
2022-04-01 15:59:00,1035,1035,1035,1035,0
2022-04-04 09:00:00,1035,1035,1035,1035,0
2022-04-04 09:01:00,1035,1035,1035,1035,0
2022-04-04 09:02:00,1035,1035,1035,1035,0
2022-04-04 09:03:00,1035,1035,1035,1035,0
2022-04-04 09:04:00,1035,1035,1035,1035,0
2022-04-04 09:05:00,1035,1035,1035,1035,100
2022-04-04 09:06:00,1035,1035,1035,1035,0
2022-04-04 09:07:00,1035,1035,1035,1035,0
2022-04-04 09:08:00,1035,1035,1035,1035,0
2022-04-04 09:09:00,1030,1030,1030,1030,100
2022-04-04 09:10:00,1030,1030,1030,1030,0
2022-04-04 09:11:00,1030,1030,1030,1030,0
2022-04-04 09:12:00,1030,1030,1030,1030,0
2022-04-04 09:13:00,1030,1030,1030,1030,0
2022-04-04 09:14:00,1030,1030,1030,1030,0
2022-04-04 09:15:00,1030,1030,1030,1030,0
2022-04-04 09:16:00,1030,1030,1030,1030,500
2022-04-04 09:17:00,1030,1030,1030,1030,0
2022-04-04 09:18:00,1025,1025,1030,1030,106800
2022-04-04 09:19:00,1035,1030,1035,1030,124200
2022-04-04 09:20:00,1025,1020,1025,1020,179100
2022-04-04 09:21:00,1020,1010,1020,1010,105800
2022-04-04 09:22:00,1015,1015,1015,1015,100500
2022-04-04 09:23:00,1015,1015,1015,1015,50000
2022-04-04 09:24:00,1015,1015,1015,1015,100100
2022-04-04 09:25:00,1015,1015,1015,1015,50000
2022-04-04 09:26:00,1015,1010,1015,1015,163000
2022-04-04 09:27:00,1020,1020,1020,1020,106600
2022-04-04 09:28:00,1020,1020,1020,1020,209000
2022-04-04 09:29:00,1020,1020,1020,1020,172000
2022-04-04 09:30:00,1025,1025,1025,1025,179800
2022-04-04 09:31:00,1025,1025,1025,1025,87300
2022-04-04 09:32:00,1025,1025,1025,1025,63700
2022-04-04 09:33:00,1030,1030,1030,1030,200000
2022-04-04 09:34:00,1025,1025,1025,1025,1900
2022-04-04 09:35:00,1030,1030,1030,1030,101000
2022-04-04 09:36:00,1030,1030,1030,1030,35500
2022-04-04 09:37:00,1030,1030,1030,1030,0
2022-04-04 09:38:00,1030,1030,1030,1030,64500
2022-04-04 09:39:00,1030,1030,1030,1030,0
2022-04-04 09:40:00,1030,1030,1030,1030,0
2022-04-04 09:41:00,1030,1030,1030,1030,0
2022-04-04 09:42:00,1030,1030,1030,1030,36400
2022-04-04 09:43:00,1035,1035,1035,1035,100
2022-04-04 09:44:00,1030,1025,1030,1025,23700
2022-04-04 09:45:00,1030,1030,1030,1030,50000
2022-04-04 09:46:00,1030,1030,1030,1030,0
2022-04-04 09:47:00,1030,1030,1030,1030,0
2022-04-04 09:48:00,1030,1030,1030,1030,0
2022-04-04 09:49:00,1030,1030,1030,1030,0
2022-04-04 09:50:00,1030,1030,1030,1030,0
2022-04-04 09:51:00,1030,1030,1030,1030,0
2022-04-04 09:52:00,1030,1030,1030,1030,0
2022-04-04 09:53:00,1030,1030,1030,1030,5500
2022-04-04 09:54:00,1030,1030,1030,1030,0
2022-04-04 09:55:00,1030,1030,1030,1030,0
2022-04-04 09:56:00,1030,1030,1030,1030,0
2022-04-04 09:57:00,1030,1030,1030,1030,0
2022-04-04 09:58:00,1030,1030,1030,1030,0
2022-04-04 09:59:00,1030,1030,1030,1030,0
2022-04-04 10:00:00,1030,1030,1030,1030,0
2022-04-04 10:01:00,1030,1030,1030,1030,0
2022-04-04 10:02:00,1030,1030,1030,1030,0
2022-04-04 10:03:00,1030,1030,1030,1030,0
2022-04-04 10:04:00,1025,1025,1025,1025,1100
2022-04-04 10:05:00,1025,1025,1025,1025,100
2022-04-04 10:06:00,1025,1025,1025,1025,0
2022-04-04 10:07:00,1025,1025,1025,1025,0
2022-04-04 10:08:00,1025,1025,1025,1025,0
2022-04-04 10:09:00,1025,1025,1025,1025,50000
2022-04-04 10:10:00,1025,1025,1025,1025,0
2022-04-04 10:11:00,1025,1025,1025,1025,0
2022-04-04 10:12:00,1025,1025,1025,1025,2800
2022-04-04 10:13:00,1025,1025,1025,1025,0
2022-04-04 10:14:00,1025,1025,1025,1025,0
2022-04-04 10:15:00,1025,1025,1025,1025,0
2022-04-04 10:16:00,1025,1025,1025,1025,100
2022-04-04 10:17:00,1025,1025,1025,1025,0
2022-04-04 10:18:00,1025,1025,1025,1025,0
2022-04-04 10:19:00,1025,1025,1025,1025,0
2022-04-04 10:20:00,1025,1025,1025,1025,0
2022-04-04 10:21:00,1025,1025,1025,1025,0
2022-04-04 10:22:00,1025,1025,1025,1025,100
2022-04-04 10:23:00,1025,1025,1025,1025,0
2022-04-04 10:24:00,1025,1025,1025,1025,38600
2022-04-04 10:25:00,1025,1025,1025,1025,800
2022-04-04 10:26:00,1025,1025,1025,1025,0
2022-04-04 10:27:00,1025,1025,1025,1025,0
2022-04-04 10:28:00,1025,1025,1025,1025,200
2022-04-04 10:29:00,1025,1025,1025,1025,0
2022-04-04 10:30:00,1025,1025,1025,1025,1300
2022-04-04 10:31:00,1025,1025,1025,1025,0
2022-04-04 10:32:00,1025,1025,1025,1025,500
2022-04-04 10:33:00,1025,1025,1025,1025,3900
2022-04-04 10:34:00,1025,1025,1025,1025,0
2022-04-04 10:35:00,1025,1025,1025,1025,0
2022-04-04 10:36:00,1025,1025,1025,1025,0
2022-04-04 10:37:00,1025,1025,1025,1025,0
2022-04-04 10:38:00,1025,1025,1025,1025,0
2022-04-04 10:39:00,1025,1025,1025,1025,0
2022-04-04 10:40:00,1025,1025,1025,1025,0
2022-04-04 10:41:00,1025,1025,1025,1025,0
2022-04-04 10:42:00,1025,1025,1025,1025,0
2022-04-04 10:43:00,1025,1025,1025,1025,4300
2022-04-04 10:44:00,1025,1025,1025,1025,0
2022-04-04 10:45:00,1025,1025,1025,1025,0
2022-04-04 10:46:00,1025,1025,1025,1025,0
2022-04-04 10:47:00,1025,1025,1025,1025,0
2022-04-04 10:48:00,1025,1025,1025,1025,0
2022-04-04 10:49:00,1025,1025,1025,1025,0
2022-04-04 10:50:00,1025,1025,1025,1025,600
2022-04-04 10:51:00,1025,1025,1025,1025,0
2022-04-04 10:52:00,1025,1025,1025,1025,0
2022-04-04 10:53:00,1025,1025,1025,1025,1200
2022-04-04 10:54:00,1025,1025,1025,1025,0
2022-04-04 10:55:00,1025,1025,1025,1025,0
2022-04-04 10:56:00,1025,1025,1025,1025,0
2022-04-04 10:57:00,1025,1025,1025,1025,0
2022-04-04 10:58:00,1025,1025,1025,1025,1100
2022-04-04 10:59:00,1025,1025,1025,1025,0
2022-04-04 11:00:00,1025,1025,1025,1025,0
2022-04-04 11:01:00,1020,1020,1020,1020,700
2022-04-04 11:02:00,1020,1020,1020,1020,40500
2022-04-04 11:03:00,1020,1020,1020,1020,0
2022-04-04 11:04:00,1020,1020,1020,1020,0
2022-04-04 11:05:00,1020,1020,1020,1020,0
2022-04-04 11:06:00,1020,1020,1020,1020,2900
2022-04-04 11:07:00,1020,1020,1020,1020,100
2022-04-04 11:08:00,1020,1020,1020,1020,0
2022-04-04 11:09:00,1020,1020,1020,1020,900
2022-04-04 11:10:00,1020,1020,1020,1020,600
2022-04-04 11:11:00,1020,1020,1020,1020,0
2022-04-04 11:12:00,1020,1020,1020,1020,0
2022-04-04 11:13:00,1020,1020,1020,1020,0
2022-04-04 11:14:00,1020,1020,1020,1020,0
2022-04-04 11:15:00,1020,1020,1020,1020,300
2022-04-04 11:16:00,1020,1020,1020,1020,0
2022-04-04 11:17:00,1020,1020,1020,1020,0
2022-04-04 11:18:00,1025,1025,1025,1025,100
2022-04-04 11:19:00,1025,1025,1025,1025,0
2022-04-04 11:20:00,1025,1025,1025,1025,0
2022-04-04 11:21:00,1025,1025,1025,1025,1000
2022-04-04 11:22:00,1025,1025,1025,1025,0
2022-04-04 11:23:00,1025,1025,1025,1025,0
2022-04-04 11:24:00,1025,1025,1025,1025,0
2022-04-04 11:25:00,1025,1025,1025,1025,0
2022-04-04 11:26:00,1025,1025,1025,1025,0
2022-04-04 11:27:00,1020,1020,1020,1020,600
2022-04-04 11:28:00,1020,1020,1020,1020,0
2022-04-04 11:29:00,1020,1020,1020,1020,0
2022-04-04 11:30:00,1020,1020,1020,1020,0
2022-04-04 11:31:00,1020,1020,1020,1020,0
2022-04-04 11:32:00,1020,1020,1020,1020,0
2022-04-04 11:33:00,1020,1020,1020,1020,0
2022-04-04 11:34:00,1020,1020,1020,1020,0
2022-04-04 11:35:00,1020,1020,1020,1020,0
2022-04-04 11:36:00,1020,1020,1020,1020,0
2022-04-04 11:37:00,1020,1020,1020,1020,0
2022-04-04 11:38:00,1020,1020,1020,1020,0
2022-04-04 11:39:00,1020,1020,1020,1020,0
2022-04-04 11:40:00,1020,1020,1020,1020,0
2022-04-04 11:41:00,1020,1020,1020,1020,0
2022-04-04 11:42:00,1020,1020,1020,1020,0
2022-04-04 11:43:00,1020,1020,1020,1020,0
2022-04-04 11:44:00,1020,1020,1020,1020,0
2022-04-04 11:45:00,1020,1020,1020,1020,0
2022-04-04 11:46:00,1020,1020,1020,1020,0
2022-04-04 11:47:00,1020,1020,1020,1020,0
2022-04-04 11:48:00,1020,1020,1020,1020,0
2022-04-04 11:49:00,1020,1020,1020,1020,0
2022-04-04 11:50:00,1020,1020,1020,1020,0
2022-04-04 11:51:00,1020,1020,1020,1020,0
2022-04-04 11:52:00,1020,1020,1020,1020,0
2022-04-04 11:53:00,1020,1020,1020,1020,0
2022-04-04 11:54:00,1020,1020,1020,1020,0
2022-04-04 11:55:00,1020,1020,1020,1020,0
2022-04-04 11:56:00,1020,1020,1020,1020,0
2022-04-04 11:57:00,1020,1020,1020,1020,0
2022-04-04 11:58:00,1020,1020,1020,1020,0
2022-04-04 11:59:00,1020,1020,1020,1020,0
2022-04-04 12:00:00,1020,1020,1020,1020,0
2022-04-04 12:01:00,1020,1020,1020,1020,0
2022-04-04 12:02:00,1020,1020,1020,1020,0
2022-04-04 12:03:00,1020,1020,1020,1020,0
2022-04-04 12:04:00,1020,1020,1020,1020,0
2022-04-04 12:05:00,1020,1020,1020,1020,0
2022-04-04 12:06:00,1020,1020,1020,1020,0
2022-04-04 12:07:00,1020,1020,1020,1020,0
2022-04-04 12:08:00,1020,1020,1020,1020,0
2022-04-04 12:09:00,1020,1020,1020,1020,0
2022-04-04 12:10:00,1020,1020,1020,1020,0
2022-04-04 12:11:00,1020,1020,1020,1020,0
2022-04-04 12:12:00,1020,1020,1020,1020,0
2022-04-04 12:13:00,1020,1020,1020,1020,0
2022-04-04 12:14:00,1020,1020,1020,1020,0
2022-04-04 12:15:00,1020,1020,1020,1020,0
2022-04-04 12:16:00,1020,1020,1020,1020,0
2022-04-04 12:17:00,1020,1020,1020,1020,0
2022-04-04 12:18:00,1020,1020,1020,1020,0
2022-04-04 12:19:00,1020,1020,1020,1020,0
2022-04-04 12:20:00,1020,1020,1020,1020,0
2022-04-04 12:21:00,1020,1020,1020,1020,0
2022-04-04 12:22:00,1020,1020,1020,1020,0
2022-04-04 12:23:00,1020,1020,1020,1020,0
2022-04-04 12:24:00,1020,1020,1020,1020,0
2022-04-04 12:25:00,1020,1020,1020,1020,0
2022-04-04 12:26:00,1020,1020,1020,1020,0
2022-04-04 12:27:00,1020,1020,1020,1020,0
2022-04-04 12:28:00,1020,1020,1020,1020,0
2022-04-04 12:29:00,1020,1020,1020,1020,0
2022-04-04 12:30:00,1020,1020,1020,1020,0
2022-04-04 12:31:00,1020,1020,1020,1020,0
2022-04-04 12:32:00,1020,1020,1020,1020,0
2022-04-04 12:33:00,1020,1020,1020,1020,0
2022-04-04 12:34:00,1020,1020,1020,1020,0
2022-04-04 12:35:00,1020,1020,1020,1020,0
2022-04-04 12:36:00,1020,1020,1020,1020,0
2022-04-04 12:37:00,1020,1020,1020,1020,0
2022-04-04 12:38:00,1020,1020,1020,1020,0
2022-04-04 12:39:00,1020,1020,1020,1020,0
2022-04-04 12:40:00,1020,1020,1020,1020,0
2022-04-04 12:41:00,1020,1020,1020,1020,0
2022-04-04 12:42:00,1020,1020,1020,1020,0
2022-04-04 12:43:00,1020,1020,1020,1020,0
2022-04-04 12:44:00,1020,1020,1020,1020,0
2022-04-04 12:45:00,1020,1020,1020,1020,0
2022-04-04 12:46:00,1020,1020,1020,1020,0
2022-04-04 12:47:00,1020,1020,1020,1020,0
2022-04-04 12:48:00,1020,1020,1020,1020,0
2022-04-04 12:49:00,1020,1020,1020,1020,0
2022-04-04 12:50:00,1020,1020,1020,1020,0
2022-04-04 12:51:00,1020,1020,1020,1020,0
2022-04-04 12:52:00,1020,1020,1020,1020,0
2022-04-04 12:53:00,1020,1020,1020,1020,0
2022-04-04 12:54:00,1020,1020,1020,1020,0
2022-04-04 12:55:00,1020,1020,1020,1020,0
2022-04-04 12:56:00,1020,1020,1020,1020,0
2022-04-04 12:57:00,1020,1020,1020,1020,0
2022-04-04 12:58:00,1020,1020,1020,1020,0
2022-04-04 12:59:00,1020,1020,1020,1020,0
2022-04-04 13:00:00,1020,1020,1020,1020,0
2022-04-04 13:01:00,1020,1020,1020,1020,0
2022-04-04 13:02:00,1020,1020,1020,1020,0
2022-04-04 13:03:00,1020,1020,1020,1020,0
2022-04-04 13:04:00,1020,1020,1020,1020,0
2022-04-04 13:05:00,1020,1020,1020,1020,0
2022-04-04 13:06:00,1020,1020,1020,1020,0
2022-04-04 13:07:00,1020,1020,1020,1020,0
2022-04-04 13:08:00,1020,1020,1020,1020,0
2022-04-04 13:09:00,1020,1020,1020,1020,0
2022-04-04 13:10:00,1020,1020,1020,1020,0
2022-04-04 13:11:00,1020,1020,1020,1020,0
2022-04-04 13:12:00,1020,1020,1020,1020,0
2022-04-04 13:13:00,1020,1020,1020,1020,0
2022-04-04 13:14:00,1020,1020,1020,1020,0
2022-04-04 13:15:00,1020,1020,1020,1020,0
2022-04-04 13:16:00,1020,1020,1020,1020,0
2022-04-04 13:17:00,1020,1020,1020,1020,0
2022-04-04 13:18:00,1020,1020,1020,1020,0
2022-04-04 13:19:00,1020,1020,1020,1020,0
2022-04-04 13:20:00,1020,1020,1020,1020,0
2022-04-04 13:21:00,1020,1020,1020,1020,0
2022-04-04 13:22:00,1020,1020,1020,1020,0
2022-04-04 13:23:00,1020,1020,1020,1020,0
2022-04-04 13:24:00,1020,1020,1020,1020,0
2022-04-04 13:25:00,1020,1020,1020,1020,0
2022-04-04 13:26:00,1020,1020,1020,1020,0
2022-04-04 13:27:00,1020,1020,1020,1020,0
2022-04-04 13:28:00,1020,1020,1020,1020,0
2022-04-04 13:29:00,1020,1020,1020,1020,0
2022-04-04 13:30:00,1020,1015,1020,1015,28600
2022-04-04 13:31:00,1020,1015,1020,1015,0
2022-04-04 13:32:00,1020,1015,1020,1015,0
2022-04-04 13:33:00,1015,1015,1015,1015,3000
2022-04-04 13:34:00,1015,1015,1015,1015,0
2022-04-04 13:35:00,1015,1015,1015,1015,0
2022-04-04 13:36:00,1015,1015,1020,1020,32600
2022-04-04 13:37:00,1015,1015,1020,1020,0
2022-04-04 13:38:00,1020,1020,1020,1020,200
2022-04-04 13:39:00,1020,1020,1020,1020,0
2022-04-04 13:40:00,1020,1020,1020,1020,0
2022-04-04 13:41:00,1020,1020,1020,1020,0
2022-04-04 13:42:00,1020,1015,1020,1015,71300
2022-04-04 13:43:00,1015,1015,1015,1015,100
2022-04-04 13:44:00,1015,1015,1015,1015,100
2022-04-04 13:45:00,1015,1015,1015,1015,0
2022-04-04 13:46:00,1015,1015,1015,1015,0
2022-04-04 13:47:00,1015,1010,1015,1010,56800
2022-04-04 13:48:00,1010,1010,1010,1010,500
2022-04-04 13:49:00,1010,1010,1010,1010,45300
2022-04-04 13:50:00,1010,1010,1010,1010,1600
2022-04-04 13:51:00,1015,1015,1015,1015,200
2022-04-04 13:52:00,1010,1010,1010,1010,5400
2022-04-04 13:53:00,1010,1010,1010,1010,0
2022-04-04 13:54:00,1010,1010,1010,1010,100
2022-04-04 13:55:00,1010,1010,1010,1010,10500
2022-04-04 13:56:00,1015,1010,1015,1010,1200
2022-04-04 13:57:00,1010,1005,1010,1005,42800
2022-04-04 13:58:00,1010,1005,1010,1005,0
2022-04-04 13:59:00,1005,1005,1015,1015,467000
2022-04-04 14:00:00,1015,1015,1020,1020,491000
2022-04-04 14:01:00,1025,1025,1025,1025,330800
2022-04-04 14:02:00,1025,1025,1025,1025,89200
2022-04-04 14:03:00,1025,1025,1025,1025,0
2022-04-04 14:04:00,1025,1025,1025,1025,0
2022-04-04 14:05:00,1025,1025,1025,1025,0
2022-04-04 14:06:00,1025,1025,1025,1025,0
2022-04-04 14:07:00,1025,1025,1025,1025,0
2022-04-04 14:08:00,1025,1025,1025,1025,0
2022-04-04 14:09:00,1025,1025,1025,1025,100
2022-04-04 14:10:00,1025,1025,1025,1025,0
2022-04-04 14:11:00,1025,1025,1025,1025,0
2022-04-04 14:12:00,1025,1025,1025,1025,0
2022-04-04 14:13:00,1025,1025,1025,1025,0
2022-04-04 14:14:00,1020,1020,1020,1020,1800
2022-04-04 14:15:00,1020,1020,1020,1020,0
2022-04-04 14:16:00,1020,1015,1020,1015,52800
2022-04-04 14:17:00,1025,1025,1025,1025,100
2022-04-04 14:18:00,1025,1025,1025,1025,0
2022-04-04 14:19:00,1015,1015,1015,1015,4300
2022-04-04 14:20:00,1015,1015,1015,1015,0
2022-04-04 14:21:00,1015,1015,1015,1015,0
2022-04-04 14:22:00,1010,1010,1010,1010,1000
2022-04-04 14:23:00,1015,1010,1015,1010,4000
2022-04-04 14:24:00,1015,1010,1015,1010,0
2022-04-04 14:25:00,1015,1010,1015,1010,0
2022-04-04 14:26:00,1015,1010,1015,1010,0
2022-04-04 14:27:00,1010,1005,1015,1005,48700
2022-04-04 14:28:00,1010,1005,1015,1005,0
2022-04-04 14:29:00,1010,1005,1010,1010,3200
2022-04-04 14:30:00,1010,1010,1010,1010,2400
2022-04-04 14:31:00,1010,1010,1010,1010,1500
2022-04-04 14:32:00,1010,1010,1010,1010,100
2022-04-04 14:33:00,1015,1015,1015,1015,2600
2022-04-04 14:34:00,1015,1015,1015,1015,0
2022-04-04 14:35:00,1015,1015,1015,1015,930100
2022-04-04 14:36:00,1010,1010,1010,1010,2000
2022-04-04 14:37:00,1015,1015,1015,1015,200
2022-04-04 14:38:00,1015,1015,1015,1015,0
2022-04-04 14:39:00,1015,1015,1015,1015,0
2022-04-04 14:40:00,1015,1015,1015,1015,0
2022-04-04 14:41:00,1015,1015,1015,1015,0
2022-04-04 14:42:00,1015,1015,1015,1015,3600
2022-04-04 14:43:00,1020,1020,1020,1020,100000
2022-04-04 14:44:00,1020,1020,1020,1020,2000
2022-04-04 14:45:00,1020,1020,1020,1020,0
2022-04-04 14:46:00,1020,1020,1020,1020,0
2022-04-04 14:47:00,1015,1015,1015,1015,2000
2022-04-04 14:48:00,1015,1015,1015,1015,1200
2022-04-04 14:49:00,1020,1020,1020,1020,100
2022-04-04 14:50:00,1020,1020,1020,1020,0
2022-04-04 14:51:00,1020,1020,1020,1020,0
2022-04-04 14:52:00,1020,1020,1020,1020,0
2022-04-04 14:53:00,1020,1020,1020,1020,0
2022-04-04 14:54:00,1020,1020,1020,1020,0
2022-04-04 14:55:00,1020,1020,1020,1020,0
2022-04-04 14:56:00,1020,1020,1020,1020,0
2022-04-04 14:57:00,1020,1020,1020,1020,0
2022-04-04 14:58:00,1020,1020,1020,1020,0
2022-04-04 14:59:00,1020,1020,1020,1020,0
2022-04-04 15:00:00,1015,1015,1015,1015,62100
2022-04-04 15:01:00,1015,1015,1015,1015,200
2022-04-04 15:02:00,1015,1015,1015,1015,100
2022-04-04 15:03:00,1015,1015,1015,1015,0
2022-04-04 15:04:00,1015,1015,1015,1015,0
2022-04-04 15:05:00,1015,1015,1015,1015,4000
2022-04-04 15:06:00,1015,1015,1015,1015,0
2022-04-04 15:07:00,1015,1015,1015,1015,0
2022-04-04 15:08:00,1015,1015,1015,1015,5000
2022-04-04 15:09:00,1015,1015,1015,1015,700
2022-04-04 15:10:00,1015,1015,1015,1015,300
2022-04-04 15:11:00,1015,1015,1015,1015,0
2022-04-04 15:12:00,1015,1015,1015,1015,0
2022-04-04 15:13:00,1015,1015,1015,1015,200
2022-04-04 15:14:00,1015,1015,1015,1015,0
2022-04-04 15:15:00,1015,1015,1015,1015,0
2022-04-04 15:16:00,1015,1015,1015,1015,0
2022-04-04 15:17:00,1015,1015,1015,1015,0
2022-04-04 15:18:00,1015,1015,1015,1015,0
2022-04-04 15:19:00,1015,1015,1015,1015,0
2022-04-04 15:20:00,1015,1015,1015,1015,0
2022-04-04 15:21:00,1015,1015,1015,1015,0
2022-04-04 15:22:00,1015,1015,1015,1015,0
2022-04-04 15:23:00,1015,1015,1015,1015,0
2022-04-04 15:24:00,1015,1015,1015,1015,0
2022-04-04 15:25:00,1015,1015,1015,1015,0
2022-04-04 15:26:00,1015,1015,1015,1015,0
2022-04-04 15:27:00,1015,1015,1015,1015,0
2022-04-04 15:28:00,1015,1015,1015,1015,0
2022-04-04 15:29:00,1015,1015,1015,1015,0
2022-04-04 15:30:00,1015,1015,1015,1015,0
2022-04-04 15:31:00,1015,1015,1015,1015,0
2022-04-04 15:32:00,1015,1015,1015,1015,0
2022-04-04 15:33:00,1015,1015,1015,1015,0
2022-04-04 15:34:00,1015,1015,1015,1015,0
2022-04-04 15:35:00,1015,1015,1015,1015,0
2022-04-04 15:36:00,1015,1015,1015,1015,0
2022-04-04 15:37:00,1015,1015,1015,1015,0
2022-04-04 15:38:00,1015,1015,1015,1015,0
2022-04-04 15:39:00,1015,1015,1015,1015,0
2022-04-04 15:40:00,1015,1015,1015,1015,0
2022-04-04 15:41:00,1015,1015,1015,1015,0
2022-04-04 15:42:00,1015,1015,1015,1015,0
2022-04-04 15:43:00,1015,1015,1015,1015,0
2022-04-04 15:44:00,1015,1015,1015,1015,0
2022-04-04 15:45:00,1015,1015,1015,1015,0
2022-04-04 15:46:00,1015,1015,1015,1015,0
2022-04-04 15:47:00,1015,1015,1015,1015,0
2022-04-04 15:48:00,1015,1015,1015,1015,0
2022-04-04 15:49:00,1015,1015,1015,1015,0
2022-04-04 15:50:00,1015,1015,1015,1015,0
2022-04-04 15:51:00,1015,1015,1015,1015,0
2022-04-04 15:52:00,1015,1015,1015,1015,0
2022-04-04 15:53:00,1015,1015,1015,1015,0
2022-04-04 15:54:00,1015,1015,1015,1015,0
2022-04-04 15:55:00,1015,1015,1015,1015,0
2022-04-04 15:56:00,1015,1015,1015,1015,0
2022-04-04 15:57:00,1015,1015,1015,1015,0
2022-04-04 15:58:00,1015,1015,1015,1015,0
2022-04-04 15:59:00,1015,1015,1015,1015,0
2022-04-05 09:00:00,1015,1010,1015,1010,0
2022-04-05 09:01:00,1015,1015,1015,1015,300
2022-04-05 09:02:00,1010,1010,1020,1020,9800
2022-04-05 09:03:00,1020,1015,1020,1020,65100
2022-04-05 09:04:00,1020,1020,1020,1020,102800
2022-04-05 09:05:00,1020,1020,1020,1020,0
2022-04-05 09:06:00,1020,1020,1020,1020,0
2022-04-05 09:07:00,1020,1020,1020,1020,10200
2022-04-05 09:08:00,1015,1015,1015,1015,2100
2022-04-05 09:09:00,1015,1015,1020,1020,109300
2022-04-05 09:10:00,1020,1020,1020,1020,211200
2022-04-05 09:11:00,1020,1020,1020,1020,0
2022-04-05 09:12:00,1020,1020,1020,1020,200
2022-04-05 09:13:00,1020,1020,1020,1020,0
2022-04-05 09:14:00,1020,1020,1020,1020,100
2022-04-05 09:15:00,1020,1020,1020,1020,200
2022-04-05 09:16:00,1020,1020,1020,1020,68100
2022-04-05 09:17:00,1020,1020,1020,1020,120900
2022-04-05 09:18:00,1020,1020,1020,1020,35800
2022-04-05 09:19:00,1025,1025,1025,1025,600
2022-04-05 09:20:00,1025,1025,1025,1025,0
2022-04-05 09:21:00,1025,1025,1025,1025,0
2022-04-05 09:22:00,1025,1025,1025,1025,0
2022-04-05 09:23:00,1025,1025,1025,1025,700
2022-04-05 09:24:00,1025,1020,1025,1020,7700
2022-04-05 09:25:00,1025,1020,1025,1020,0
2022-04-05 09:26:00,1025,1025,1025,1025,200
2022-04-05 09:27:00,1025,1025,1025,1025,0
2022-04-05 09:28:00,1020,1020,1020,1020,30400
2022-04-05 09:29:00,1020,1020,1020,1020,0
2022-04-05 09:30:00,1020,1020,1020,1020,0
2022-04-05 09:31:00,1015,1010,1015,1015,313700
2022-04-05 09:32:00,1015,1015,1015,1015,56600
2022-04-05 09:33:00,1015,1015,1015,1015,900
2022-04-05 09:34:00,1015,1015,1015,1015,0
2022-04-05 09:35:00,1015,1015,1015,1015,0
2022-04-05 09:36:00,1015,1015,1015,1015,0
2022-04-05 09:37:00,1015,1015,1015,1015,1600
2022-04-05 09:38:00,1015,1015,1015,1015,100
2022-04-05 09:39:00,1015,1015,1015,1015,0
2022-04-05 09:40:00,1015,1015,1015,1015,1100
2022-04-05 09:41:00,1015,1015,1015,1015,100
2022-04-05 09:42:00,1015,1015,1015,1015,0
2022-04-05 09:43:00,1015,1015,1015,1015,0
2022-04-05 09:44:00,1015,1015,1015,1015,0
2022-04-05 09:45:00,1015,1015,1015,1015,0
2022-04-05 09:46:00,1015,1015,1015,1015,0
2022-04-05 09:47:00,1015,1015,1015,1015,0
2022-04-05 09:48:00,1015,1015,1015,1015,0
2022-04-05 09:49:00,1015,1015,1015,1015,300
2022-04-05 09:50:00,1010,1010,1010,1010,5000
2022-04-05 09:51:00,1010,1010,1010,1010,0
2022-04-05 09:52:00,1010,1010,1010,1010,0
2022-04-05 09:53:00,1010,1010,1010,1010,3900
2022-04-05 09:54:00,1010,1010,1010,1010,0
2022-04-05 09:55:00,1015,1015,1015,1015,1200
2022-04-05 09:56:00,1015,1015,1030,1030,378600
2022-04-05 09:57:00,1035,1035,1035,1035,44100
2022-04-05 09:58:00,1035,1035,1040,1035,135800
2022-04-05 09:59:00,1035,1030,1035,1030,106700
2022-04-05 10:00:00,1025,1025,1025,1025,31700
2022-04-05 10:01:00,1030,1030,1050,1050,391500
2022-04-05 10:02:00,1050,1045,1050,1045,103800
2022-04-05 10:03:00,1045,1045,1045,1045,100
2022-04-05 10:04:00,1045,1045,1045,1045,8900
2022-04-05 10:05:00,1045,1045,1045,1045,0
2022-04-05 10:06:00,1045,1045,1045,1045,0
2022-04-05 10:07:00,1040,1040,1040,1040,200
2022-04-05 10:08:00,1040,1040,1040,1040,4700
2022-04-05 10:09:00,1040,1040,1040,1040,200
2022-04-05 10:10:00,1040,1040,1040,1040,0
2022-04-05 10:11:00,1040,1040,1040,1040,200
2022-04-05 10:12:00,1040,1040,1040,1040,0
2022-04-05 10:13:00,1040,1040,1040,1040,5100
2022-04-05 10:14:00,1040,1040,1040,1040,7300
2022-04-05 10:15:00,1040,1040,1040,1040,0
2022-04-05 10:16:00,1040,1040,1040,1040,0
2022-04-05 10:17:00,1040,1040,1040,1040,0
2022-04-05 10:18:00,1040,1040,1040,1040,0
2022-04-05 10:19:00,1035,1035,1035,1035,200
2022-04-05 10:20:00,1035,1035,1035,1035,1100
2022-04-05 10:21:00,1035,1035,1035,1035,0
2022-04-05 10:22:00,1035,1035,1035,1035,0
2022-04-05 10:23:00,1035,1035,1035,1035,600
2022-04-05 10:24:00,1035,1035,1035,1035,0
2022-04-05 10:25:00,1035,1035,1035,1035,0
2022-04-05 10:26:00,1035,1035,1035,1035,1000
2022-04-05 10:27:00,1035,1035,1035,1035,300
2022-04-05 10:28:00,1035,1035,1035,1035,0
2022-04-05 10:29:00,1035,1035,1035,1035,100
2022-04-05 10:30:00,1035,1035,1035,1035,0
2022-04-05 10:31:00,1040,1040,1040,1040,2500
2022-04-05 10:32:00,1040,1040,1040,1040,0
2022-04-05 10:33:00,1040,1040,1040,1040,0
2022-04-05 10:34:00,1040,1040,1040,1040,100
2022-04-05 10:35:00,1040,1040,1040,1040,0
2022-04-05 10:36:00,1040,1040,1040,1040,0
2022-04-05 10:37:00,1040,1040,1040,1040,0
2022-04-05 10:38:00,1040,1040,1040,1040,20000
2022-04-05 10:39:00,1040,1040,1040,1040,2000
2022-04-05 10:40:00,1040,1040,1040,1040,0
2022-04-05 10:41:00,1040,1040,1040,1040,0
2022-04-05 10:42:00,1035,1035,1035,1035,50000
2022-04-05 10:43:00,1035,1035,1035,1035,0
2022-04-05 10:44:00,1035,1035,1035,1035,0
2022-04-05 10:45:00,1035,1035,1035,1035,0
2022-04-05 10:46:00,1035,1035,1035,1035,11800
2022-04-05 10:47:00,1035,1035,1035,1035,0
2022-04-05 10:48:00,1035,1035,1035,1035,0
2022-04-05 10:49:00,1035,1035,1035,1035,0
2022-04-05 10:50:00,1035,1035,1035,1035,0
2022-04-05 10:51:00,1035,1035,1035,1035,200
2022-04-05 10:52:00,1035,1035,1035,1035,0
2022-04-05 10:53:00,1035,1035,1035,1035,0
2022-04-05 10:54:00,1030,1030,1030,1030,8500
2022-04-05 10:55:00,1030,1030,1030,1030,0
2022-04-05 10:56:00,1030,1030,1030,1030,13600
2022-04-05 10:57:00,1030,1030,1030,1030,0
2022-04-05 10:58:00,1030,1030,1030,1030,0
2022-04-05 10:59:00,1030,1030,1030,1030,0
2022-04-05 11:00:00,1030,1030,1030,1030,0
2022-04-05 11:01:00,1030,1030,1030,1030,100
2022-04-05 11:02:00,1030,1030,1030,1030,25000
2022-04-05 11:03:00,1030,1030,1030,1030,2500
2022-04-05 11:04:00,1030,1030,1030,1030,0
2022-04-05 11:05:00,1030,1030,1030,1030,0
2022-04-05 11:06:00,1030,1030,1030,1030,300
2022-04-05 11:07:00,1030,1030,1030,1030,0
2022-04-05 11:08:00,1030,1030,1030,1030,500
2022-04-05 11:09:00,1035,1035,1035,1035,500
2022-04-05 11:10:00,1040,1040,1040,1040,2500
2022-04-05 11:11:00,1040,1040,1045,1045,6100
2022-04-05 11:12:00,1050,1050,1055,1055,3400
2022-04-05 11:13:00,1055,1055,1055,1055,100
2022-04-05 11:14:00,1045,1045,1045,1045,100
2022-04-05 11:15:00,1045,1045,1045,1045,0
2022-04-05 11:16:00,1045,1045,1045,1045,0
2022-04-05 11:17:00,1045,1045,1045,1045,0
2022-04-05 11:18:00,1045,1045,1045,1045,0
2022-04-05 11:19:00,1045,1045,1045,1045,0
2022-04-05 11:20:00,1040,1040,1040,1040,100
2022-04-05 11:21:00,1040,1040,1040,1040,0
2022-04-05 11:22:00,1035,1035,1035,1035,5000
2022-04-05 11:23:00,1035,1035,1035,1035,0
2022-04-05 11:24:00,1035,1035,1035,1035,0
2022-04-05 11:25:00,1035,1035,1035,1035,0
2022-04-05 11:26:00,1035,1035,1035,1035,0
2022-04-05 11:27:00,1035,1035,1035,1035,0
2022-04-05 11:28:00,1035,1035,1035,1035,0
2022-04-05 11:29:00,1035,1035,1035,1035,0
2022-04-05 11:30:00,1035,1035,1035,1035,0
2022-04-05 11:31:00,1035,1035,1035,1035,0
2022-04-05 11:32:00,1035,1035,1035,1035,0
2022-04-05 11:33:00,1035,1035,1035,1035,0
2022-04-05 11:34:00,1035,1035,1035,1035,0
2022-04-05 11:35:00,1035,1035,1035,1035,0
2022-04-05 11:36:00,1035,1035,1035,1035,0
2022-04-05 11:37:00,1035,1035,1035,1035,0
2022-04-05 11:38:00,1035,1035,1035,1035,0
2022-04-05 11:39:00,1035,1035,1035,1035,0
2022-04-05 11:40:00,1035,1035,1035,1035,0
2022-04-05 11:41:00,1035,1035,1035,1035,0
2022-04-05 11:42:00,1035,1035,1035,1035,0
2022-04-05 11:43:00,1035,1035,1035,1035,0
2022-04-05 11:44:00,1035,1035,1035,1035,0
2022-04-05 11:45:00,1035,1035,1035,1035,0
2022-04-05 11:46:00,1035,1035,1035,1035,0
2022-04-05 11:47:00,1035,1035,1035,1035,0
2022-04-05 11:48:00,1035,1035,1035,1035,0
2022-04-05 11:49:00,1035,1035,1035,1035,0
2022-04-05 11:50:00,1035,1035,1035,1035,0
2022-04-05 11:51:00,1035,1035,1035,1035,0
2022-04-05 11:52:00,1035,1035,1035,1035,0
2022-04-05 11:53:00,1035,1035,1035,1035,0
2022-04-05 11:54:00,1035,1035,1035,1035,0
2022-04-05 11:55:00,1035,1035,1035,1035,0
2022-04-05 11:56:00,1035,1035,1035,1035,0
2022-04-05 11:57:00,1035,1035,1035,1035,0
2022-04-05 11:58:00,1035,1035,1035,1035,0
2022-04-05 11:59:00,1035,1035,1035,1035,0
2022-04-05 12:00:00,1035,1035,1035,1035,0
2022-04-05 12:01:00,1035,1035,1035,1035,0
2022-04-05 12:02:00,1035,1035,1035,1035,0
2022-04-05 12:03:00,1035,1035,1035,1035,0
2022-04-05 12:04:00,1035,1035,1035,1035,0
2022-04-05 12:05:00,1035,1035,1035,1035,0
2022-04-05 12:06:00,1035,1035,1035,1035,0
2022-04-05 12:07:00,1035,1035,1035,1035,0
2022-04-05 12:08:00,1035,1035,1035,1035,0
2022-04-05 12:09:00,1035,1035,1035,1035,0
2022-04-05 12:10:00,1035,1035,1035,1035,0
2022-04-05 12:11:00,1035,1035,1035,1035,0
2022-04-05 12:12:00,1035,1035,1035,1035,0
2022-04-05 12:13:00,1035,1035,1035,1035,0
2022-04-05 12:14:00,1035,1035,1035,1035,0
2022-04-05 12:15:00,1035,1035,1035,1035,0
2022-04-05 12:16:00,1035,1035,1035,1035,0
2022-04-05 12:17:00,1035,1035,1035,1035,0
2022-04-05 12:18:00,1035,1035,1035,1035,0
2022-04-05 12:19:00,1035,1035,1035,1035,0
2022-04-05 12:20:00,1035,1035,1035,1035,0
2022-04-05 12:21:00,1035,1035,1035,1035,0
2022-04-05 12:22:00,1035,1035,1035,1035,0
2022-04-05 12:23:00,1035,1035,1035,1035,0
2022-04-05 12:24:00,1035,1035,1035,1035,0
2022-04-05 12:25:00,1035,1035,1035,1035,0
2022-04-05 12:26:00,1035,1035,1035,1035,0
2022-04-05 12:27:00,1035,1035,1035,1035,0
2022-04-05 12:28:00,1035,1035,1035,1035,0
2022-04-05 12:29:00,1035,1035,1035,1035,0
2022-04-05 12:30:00,1035,1035,1035,1035,0
2022-04-05 12:31:00,1035,1035,1035,1035,0
2022-04-05 12:32:00,1035,1035,1035,1035,0
2022-04-05 12:33:00,1035,1035,1035,1035,0
2022-04-05 12:34:00,1035,1035,1035,1035,0
2022-04-05 12:35:00,1035,1035,1035,1035,0
2022-04-05 12:36:00,1035,1035,1035,1035,0
2022-04-05 12:37:00,1035,1035,1035,1035,0
2022-04-05 12:38:00,1035,1035,1035,1035,0
2022-04-05 12:39:00,1035,1035,1035,1035,0
2022-04-05 12:40:00,1035,1035,1035,1035,0
2022-04-05 12:41:00,1035,1035,1035,1035,0
2022-04-05 12:42:00,1035,1035,1035,1035,0
2022-04-05 12:43:00,1035,1035,1035,1035,0
2022-04-05 12:44:00,1035,1035,1035,1035,0
2022-04-05 12:45:00,1035,1035,1035,1035,0
2022-04-05 12:46:00,1035,1035,1035,1035,0
2022-04-05 12:47:00,1035,1035,1035,1035,0
2022-04-05 12:48:00,1035,1035,1035,1035,0
2022-04-05 12:49:00,1035,1035,1035,1035,0
2022-04-05 12:50:00,1035,1035,1035,1035,0
2022-04-05 12:51:00,1035,1035,1035,1035,0
2022-04-05 12:52:00,1035,1035,1035,1035,0
2022-04-05 12:53:00,1035,1035,1035,1035,0
2022-04-05 12:54:00,1035,1035,1035,1035,0
2022-04-05 12:55:00,1035,1035,1035,1035,0
2022-04-05 12:56:00,1035,1035,1035,1035,0
2022-04-05 12:57:00,1035,1035,1035,1035,0
2022-04-05 12:58:00,1035,1035,1035,1035,0
2022-04-05 12:59:00,1035,1035,1035,1035,0
2022-04-05 13:00:00,1035,1035,1035,1035,0
2022-04-05 13:01:00,1035,1035,1035,1035,0
2022-04-05 13:02:00,1035,1035,1035,1035,0
2022-04-05 13:03:00,1035,1035,1035,1035,0
2022-04-05 13:04:00,1035,1035,1035,1035,0
2022-04-05 13:05:00,1035,1035,1035,1035,0
2022-04-05 13:06:00,1035,1035,1035,1035,0
2022-04-05 13:07:00,1035,1035,1035,1035,0
2022-04-05 13:08:00,1035,1035,1035,1035,0
2022-04-05 13:09:00,1035,1035,1035,1035,0
2022-04-05 13:10:00,1035,1035,1035,1035,0
2022-04-05 13:11:00,1035,1035,1035,1035,0
2022-04-05 13:12:00,1035,1035,1035,1035,0
2022-04-05 13:13:00,1035,1035,1035,1035,0
2022-04-05 13:14:00,1035,1035,1035,1035,0
2022-04-05 13:15:00,1035,1035,1035,1035,0
2022-04-05 13:16:00,1035,1035,1035,1035,0
2022-04-05 13:17:00,1035,1035,1035,1035,0
2022-04-05 13:18:00,1035,1035,1035,1035,0
2022-04-05 13:19:00,1035,1035,1035,1035,0
2022-04-05 13:20:00,1035,1035,1035,1035,0
2022-04-05 13:21:00,1035,1035,1035,1035,0
2022-04-05 13:22:00,1035,1035,1035,1035,0
2022-04-05 13:23:00,1035,1035,1035,1035,0
2022-04-05 13:24:00,1035,1035,1035,1035,0
2022-04-05 13:25:00,1035,1035,1035,1035,0
2022-04-05 13:26:00,1035,1035,1035,1035,0
2022-04-05 13:27:00,1035,1035,1035,1035,0
2022-04-05 13:28:00,1035,1035,1035,1035,0
2022-04-05 13:29:00,1035,1035,1035,1035,0
2022-04-05 13:30:00,1035,1035,1035,1035,700
2022-04-05 13:31:00,1035,1035,1035,1035,0
2022-04-05 13:32:00,1035,1035,1035,1035,0
2022-04-05 13:33:00,1035,1035,1035,1035,0
2022-04-05 13:34:00,1035,1035,1035,1035,0
2022-04-05 13:35:00,1035,1035,1035,1035,0
2022-04-05 13:36:00,1035,1035,1035,1035,100
2022-04-05 13:37:00,1035,1035,1035,1035,100
2022-04-05 13:38:00,1035,1035,1035,1035,0
2022-04-05 13:39:00,1035,1035,1035,1035,0
2022-04-05 13:40:00,1035,1035,1035,1035,0
2022-04-05 13:41:00,1035,1035,1035,1035,0
2022-04-05 13:42:00,1035,1035,1035,1035,0
2022-04-05 13:43:00,1035,1035,1035,1035,0
2022-04-05 13:44:00,1035,1035,1035,1035,0
2022-04-05 13:45:00,1035,1035,1035,1035,0
2022-04-05 13:46:00,1035,1035,1035,1035,0
2022-04-05 13:47:00,1035,1035,1035,1035,0
2022-04-05 13:48:00,1035,1035,1035,1035,0
2022-04-05 13:49:00,1035,1035,1035,1035,2100
2022-04-05 13:50:00,1035,1035,1035,1035,0
2022-04-05 13:51:00,1035,1035,1035,1035,0
2022-04-05 13:52:00,1035,1035,1035,1035,200
2022-04-05 13:53:00,1035,1035,1035,1035,4500
2022-04-05 13:54:00,1035,1035,1035,1035,0
2022-04-05 13:55:00,1035,1030,1035,1030,357200
2022-04-05 13:56:00,1035,1030,1035,1035,133600
2022-04-05 13:57:00,1035,1035,1035,1035,237900
2022-04-05 13:58:00,1035,1035,1035,1035,26500
2022-04-05 13:59:00,1035,1035,1035,1035,0
2022-04-05 14:00:00,1035,1035,1035,1035,0
2022-04-05 14:01:00,1035,1035,1035,1035,0
2022-04-05 14:02:00,1035,1035,1035,1035,0
2022-04-05 14:03:00,1035,1035,1035,1035,0
2022-04-05 14:04:00,1035,1035,1035,1035,0
2022-04-05 14:05:00,1035,1035,1035,1035,0
2022-04-05 14:06:00,1035,1035,1035,1035,0
2022-04-05 14:07:00,1035,1035,1035,1035,0
2022-04-05 14:08:00,1030,1030,1030,1030,7300
2022-04-05 14:09:00,1030,1030,1030,1030,0
2022-04-05 14:10:00,1030,1030,1030,1030,4300
2022-04-05 14:11:00,1030,1030,1030,1030,0
2022-04-05 14:12:00,1030,1030,1030,1030,0
2022-04-05 14:13:00,1030,1030,1030,1030,0
2022-04-05 14:14:00,1030,1030,1030,1030,0
2022-04-05 14:15:00,1030,1030,1030,1030,0
2022-04-05 14:16:00,1030,1030,1030,1030,0
2022-04-05 14:17:00,1030,1030,1030,1030,0
2022-04-05 14:18:00,1030,1030,1030,1030,0
2022-04-05 14:19:00,1030,1030,1030,1030,0
2022-04-05 14:20:00,1030,1030,1030,1030,0
2022-04-05 14:21:00,1030,1030,1030,1030,50000
2022-04-05 14:22:00,1030,1030,1030,1030,0
2022-04-05 14:23:00,1030,1030,1030,1030,0
2022-04-05 14:24:00,1030,1030,1030,1030,0
2022-04-05 14:25:00,1030,1030,1030,1030,0
2022-04-05 14:26:00,1030,1030,1030,1030,316600
2022-04-05 14:27:00,1030,1030,1030,1030,409000
2022-04-05 14:28:00,1030,1030,1030,1030,0
2022-04-05 14:29:00,1030,1030,1030,1030,0
2022-04-05 14:30:00,1030,1030,1030,1030,70600
2022-04-05 14:31:00,1030,1030,1030,1030,200
2022-04-05 14:32:00,1030,1030,1030,1030,0
2022-04-05 14:33:00,1030,1030,1030,1030,0
2022-04-05 14:34:00,1030,1025,1030,1025,36100
2022-04-05 14:35:00,1030,1025,1030,1025,0
2022-04-05 14:36:00,1030,1025,1030,1025,0
2022-04-05 14:37:00,1030,1030,1030,1030,500
2022-04-05 14:38:00,1030,1030,1030,1030,0
2022-04-05 14:39:00,1030,1030,1030,1030,0
2022-04-05 14:40:00,1030,1030,1030,1030,0
2022-04-05 14:41:00,1030,1030,1030,1030,0
2022-04-05 14:42:00,1030,1030,1030,1030,9000
2022-04-05 14:43:00,1030,1030,1030,1030,0
2022-04-05 14:44:00,1025,1025,1025,1025,1000
2022-04-05 14:45:00,1025,1025,1025,1025,0
2022-04-05 14:46:00,1025,1025,1025,1025,0
2022-04-05 14:47:00,1025,1025,1025,1025,500
2022-04-05 14:48:00,1025,1025,1025,1025,1000
2022-04-05 14:49:00,1025,1025,1030,1025,38300
2022-04-05 14:50:00,1025,1025,1030,1025,0
2022-04-05 14:51:00,1025,1025,1030,1025,0
2022-04-05 14:52:00,1025,1025,1030,1025,0
2022-04-05 14:53:00,1025,1025,1030,1025,0
2022-04-05 14:54:00,1025,1025,1030,1025,0
2022-04-05 14:55:00,1025,1025,1030,1025,0
2022-04-05 14:56:00,1025,1025,1030,1025,0
2022-04-05 14:57:00,1025,1025,1030,1025,0
2022-04-05 14:58:00,1025,1025,1030,1025,0
2022-04-05 14:59:00,1025,1025,1030,1025,0
2022-04-05 15:00:00,1025,1025,1025,1025,522700
2022-04-05 15:01:00,1025,1025,1025,1025,9000
2022-04-05 15:02:00,1025,1025,1025,1025,15000
2022-04-05 15:03:00,1025,1025,1025,1025,500
2022-04-05 15:04:00,1025,1025,1025,1025,2200
2022-04-05 15:05:00,1025,1025,1025,1025,100
2022-04-05 15:06:00,1025,1025,1025,1025,0
2022-04-05 15:07:00,1025,1025,1025,1025,0
2022-04-05 15:08:00,1025,1025,1025,1025,0
2022-04-05 15:09:00,1025,1025,1025,1025,0
2022-04-05 15:10:00,1025,1025,1025,1025,0
2022-04-05 15:11:00,1025,1025,1025,1025,0
2022-04-05 15:12:00,1025,1025,1025,1025,0
2022-04-05 15:13:00,1025,1025,1025,1025,0
2022-04-05 15:14:00,1025,1025,1025,1025,0
2022-04-05 15:15:00,1025,1025,1025,1025,0
2022-04-05 15:16:00,1025,1025,1025,1025,0
2022-04-05 15:17:00,1025,1025,1025,1025,0
2022-04-05 15:18:00,1025,1025,1025,1025,0
2022-04-05 15:19:00,1025,1025,1025,1025,0
2022-04-05 15:20:00,1025,1025,1025,1025,0
2022-04-05 15:21:00,1025,1025,1025,1025,0
2022-04-05 15:22:00,1025,1025,1025,1025,0
2022-04-05 15:23:00,1025,1025,1025,1025,0
2022-04-05 15:24:00,1025,1025,1025,1025,0
2022-04-05 15:25:00,1025,1025,1025,1025,0
2022-04-05 15:26:00,1025,1025,1025,1025,0
2022-04-05 15:27:00,1025,1025,1025,1025,0
2022-04-05 15:28:00,1025,1025,1025,1025,0
2022-04-05 15:29:00,1025,1025,1025,1025,0
2022-04-05 15:30:00,1025,1025,1025,1025,0
2022-04-05 15:31:00,1025,1025,1025,1025,0
2022-04-05 15:32:00,1025,1025,1025,1025,0
2022-04-05 15:33:00,1025,1025,1025,1025,0
2022-04-05 15:34:00,1025,1025,1025,1025,0
2022-04-05 15:35:00,1025,1025,1025,1025,0
2022-04-05 15:36:00,1025,1025,1025,1025,0
2022-04-05 15:37:00,1025,1025,1025,1025,0
2022-04-05 15:38:00,1025,1025,1025,1025,0
2022-04-05 15:39:00,1025,1025,1025,1025,0
2022-04-05 15:40:00,1025,1025,1025,1025,0
2022-04-05 15:41:00,1025,1025,1025,1025,0
2022-04-05 15:42:00,1025,1025,1025,1025,0
2022-04-05 15:43:00,1025,1025,1025,1025,0
2022-04-05 15:44:00,1025,1025,1025,1025,0
2022-04-05 15:45:00,1025,1025,1025,1025,0
2022-04-05 15:46:00,1025,1025,1025,1025,0
2022-04-05 15:47:00,1025,1025,1025,1025,0
2022-04-05 15:48:00,1025,1025,1025,1025,0
2022-04-05 15:49:00,1025,1025,1025,1025,0
2022-04-05 15:50:00,1025,1025,1025,1025,0
2022-04-05 15:51:00,1025,1025,1025,1025,0
2022-04-05 15:52:00,1025,1025,1025,1025,0
2022-04-05 15:53:00,1025,1025,1025,1025,0
2022-04-05 15:54:00,1025,1025,1025,1025,0
2022-04-05 15:55:00,1025,1025,1025,1025,0
2022-04-05 15:56:00,1025,1025,1025,1025,0
2022-04-05 15:57:00,1025,1025,1025,1025,0
2022-04-05 15:58:00,1025,1025,1025,1025,0
2022-04-05 15:59:00,1025,1025,1025,1025,0
2022-04-06 09:00:00,1025,1025,1025,1025,0
2022-04-06 09:01:00,1025,1025,1025,1025,0
2022-04-06 09:02:00,1025,1025,1025,1025,3700
2022-04-06 09:03:00,1025,1025,1025,1025,0
2022-04-06 09:04:00,1040,1040,1045,1045,100400
2022-04-06 09:05:00,1045,1045,1045,1045,143500
2022-04-06 09:06:00,1045,1045,1045,1045,209100
2022-04-06 09:07:00,1045,1045,1045,1045,10000
2022-04-06 09:08:00,1050,1050,1050,1050,302800
2022-04-06 09:09:00,1050,1050,1050,1050,0
2022-04-06 09:10:00,1045,1045,1045,1045,2700
2022-04-06 09:11:00,1045,1045,1045,1045,0
2022-04-06 09:12:00,1045,1040,1045,1045,210700
2022-04-06 09:13:00,1040,1040,1040,1040,1000
2022-04-06 09:14:00,1040,1040,1040,1040,5000
2022-04-06 09:15:00,1045,1045,1045,1045,2000
2022-04-06 09:16:00,1045,1045,1045,1045,0
2022-04-06 09:17:00,1045,1045,1045,1045,0
2022-04-06 09:18:00,1045,1045,1045,1045,0
2022-04-06 09:19:00,1045,1045,1045,1045,10200
2022-04-06 09:20:00,1045,1045,1045,1045,0
2022-04-06 09:21:00,1040,1040,1040,1040,5000
2022-04-06 09:22:00,1040,1040,1040,1040,0
2022-04-06 09:23:00,1040,1040,1040,1040,100
2022-04-06 09:24:00,1040,1040,1040,1040,0
2022-04-06 09:25:00,1040,1040,1040,1040,1200
2022-04-06 09:26:00,1040,1040,1040,1040,2700
2022-04-06 09:27:00,1040,1040,1040,1040,0
2022-04-06 09:28:00,1040,1040,1040,1040,0
2022-04-06 09:29:00,1040,1040,1040,1040,100
2022-04-06 09:30:00,1035,1035,1035,1035,51800
2022-04-06 09:31:00,1035,1035,1035,1035,29400
2022-04-06 09:32:00,1035,1035,1035,1035,0
2022-04-06 09:33:00,1035,1035,1035,1035,0
2022-04-06 09:34:00,1035,1035,1035,1035,4900
2022-04-06 09:35:00,1035,1030,1035,1030,7000
2022-04-06 09:36:00,1030,1030,1030,1030,10100
2022-04-06 09:37:00,1030,1030,1030,1030,0
2022-04-06 09:38:00,1030,1030,1030,1030,0
2022-04-06 09:39:00,1030,1030,1030,1030,2700
2022-04-06 09:40:00,1030,1030,1030,1030,22800
2022-04-06 09:41:00,1030,1030,1030,1030,0
2022-04-06 09:42:00,1030,1030,1030,1030,0
2022-04-06 09:43:00,1030,1030,1030,1030,0
2022-04-06 09:44:00,1030,1030,1030,1030,0
2022-04-06 09:45:00,1030,1030,1030,1030,0
2022-04-06 09:46:00,1030,1030,1030,1030,0
2022-04-06 09:47:00,1030,1030,1030,1030,24500
2022-04-06 09:48:00,1030,1030,1030,1030,0
2022-04-06 09:49:00,1030,1030,1030,1030,0
2022-04-06 09:50:00,1030,1030,1030,1030,0
2022-04-06 09:51:00,1030,1030,1030,1030,0
2022-04-06 09:52:00,1030,1030,1030,1030,0
2022-04-06 09:53:00,1030,1030,1030,1030,0
2022-04-06 09:54:00,1025,1025,1025,1025,3700
2022-04-06 09:55:00,1025,1025,1025,1025,1200
2022-04-06 09:56:00,1025,1025,1025,1025,0
2022-04-06 09:57:00,1025,1025,1025,1025,0
2022-04-06 09:58:00,1025,1025,1025,1025,0
2022-04-06 09:59:00,1025,1025,1025,1025,0
2022-04-06 10:00:00,1025,1025,1025,1025,0
2022-04-06 10:01:00,1025,1025,1025,1025,0
2022-04-06 10:02:00,1025,1025,1025,1025,0
2022-04-06 10:03:00,1025,1025,1025,1025,0
2022-04-06 10:04:00,1025,1025,1025,1025,0
2022-04-06 10:05:00,1025,1025,1025,1025,22600
2022-04-06 10:06:00,1025,1025,1025,1025,0
2022-04-06 10:07:00,1025,1025,1025,1025,100
2022-04-06 10:08:00,1020,1020,1025,1025,4100
2022-04-06 10:09:00,1020,1020,1025,1025,0
2022-04-06 10:10:00,1020,1020,1025,1025,0
2022-04-06 10:11:00,1020,1020,1025,1025,0
2022-04-06 10:12:00,1020,1020,1025,1025,0
2022-04-06 10:13:00,1020,1020,1025,1025,0
2022-04-06 10:14:00,1025,1025,1025,1025,100
2022-04-06 10:15:00,1025,1025,1025,1025,0
2022-04-06 10:16:00,1025,1025,1025,1025,0
2022-04-06 10:17:00,1025,1025,1025,1025,0
2022-04-06 10:18:00,1025,1025,1025,1025,0
2022-04-06 10:19:00,1020,1020,1025,1025,100800
2022-04-06 10:20:00,1025,1025,1025,1025,150000
2022-04-06 10:21:00,1025,1025,1025,1025,0
2022-04-06 10:22:00,1025,1025,1025,1025,0
2022-04-06 10:23:00,1025,1025,1025,1025,0
2022-04-06 10:24:00,1025,1025,1025,1025,0
2022-04-06 10:25:00,1025,1025,1025,1025,0
2022-04-06 10:26:00,1025,1025,1025,1025,0
2022-04-06 10:27:00,1025,1025,1025,1025,0
2022-04-06 10:28:00,1025,1025,1025,1025,0
2022-04-06 10:29:00,1025,1025,1025,1025,400
2022-04-06 10:30:00,1025,1025,1025,1025,0
2022-04-06 10:31:00,1020,1020,1020,1020,5000
2022-04-06 10:32:00,1020,1020,1020,1020,1500
2022-04-06 10:33:00,1020,1020,1020,1020,0
2022-04-06 10:34:00,1020,1020,1020,1020,0
2022-04-06 10:35:00,1020,1020,1020,1020,0
2022-04-06 10:36:00,1020,1020,1020,1020,0
2022-04-06 10:37:00,1020,1020,1020,1020,0
2022-04-06 10:38:00,1020,1020,1020,1020,0
2022-04-06 10:39:00,1020,1020,1020,1020,0
2022-04-06 10:40:00,1020,1020,1020,1020,2500
2022-04-06 10:41:00,1020,1020,1020,1020,0
2022-04-06 10:42:00,1020,1020,1020,1020,0
2022-04-06 10:43:00,1020,1020,1020,1020,0
2022-04-06 10:44:00,1020,1020,1020,1020,0
2022-04-06 10:45:00,1025,1025,1025,1025,300
2022-04-06 10:46:00,1025,1025,1025,1025,200
2022-04-06 10:47:00,1025,1025,1025,1025,0
2022-04-06 10:48:00,1020,1020,1025,1025,1600
2022-04-06 10:49:00,1025,1025,1025,1025,1000
2022-04-06 10:50:00,1025,1025,1025,1025,0
2022-04-06 10:51:00,1025,1025,1025,1025,0
2022-04-06 10:52:00,1025,1025,1025,1025,0
2022-04-06 10:53:00,1025,1025,1025,1025,0
2022-04-06 10:54:00,1025,1025,1025,1025,0
2022-04-06 10:55:00,1025,1025,1025,1025,0
2022-04-06 10:56:00,1025,1025,1025,1025,100
2022-04-06 10:57:00,1025,1025,1025,1025,0
2022-04-06 10:58:00,1025,1025,1025,1025,0
2022-04-06 10:59:00,1025,1025,1025,1025,0
2022-04-06 11:00:00,1025,1025,1025,1025,0
2022-04-06 11:01:00,1025,1025,1025,1025,0
2022-04-06 11:02:00,1025,1025,1025,1025,0
2022-04-06 11:03:00,1025,1025,1025,1025,0
2022-04-06 11:04:00,1025,1025,1025,1025,0
2022-04-06 11:05:00,1025,1025,1025,1025,0
2022-04-06 11:06:00,1025,1025,1025,1025,0
2022-04-06 11:07:00,1020,1020,1020,1020,100
2022-04-06 11:08:00,1020,1020,1020,1020,0
2022-04-06 11:09:00,1020,1020,1020,1020,0
2022-04-06 11:10:00,1020,1020,1020,1020,0
2022-04-06 11:11:00,1020,1020,1020,1020,0
2022-04-06 11:12:00,1020,1020,1020,1020,0
2022-04-06 11:13:00,1020,1020,1020,1020,0
2022-04-06 11:14:00,1020,1020,1020,1020,0
2022-04-06 11:15:00,1020,1020,1020,1020,0
2022-04-06 11:16:00,1020,1020,1020,1020,0
2022-04-06 11:17:00,1020,1020,1020,1020,0
2022-04-06 11:18:00,1020,1020,1020,1020,0
2022-04-06 11:19:00,1020,1020,1020,1020,0
2022-04-06 11:20:00,1020,1020,1020,1020,0
2022-04-06 11:21:00,1020,1020,1020,1020,0
2022-04-06 11:22:00,1020,1020,1020,1020,0
2022-04-06 11:23:00,1020,1020,1020,1020,0
2022-04-06 11:24:00,1020,1020,1020,1020,0
2022-04-06 11:25:00,1020,1020,1020,1020,0
2022-04-06 11:26:00,1020,1020,1020,1020,0
2022-04-06 11:27:00,1020,1020,1020,1020,0
2022-04-06 11:28:00,1020,1020,1020,1020,0
2022-04-06 11:29:00,1020,1020,1020,1020,0
2022-04-06 11:30:00,1020,1020,1020,1020,0
2022-04-06 11:31:00,1020,1020,1020,1020,0
2022-04-06 11:32:00,1020,1020,1020,1020,0
2022-04-06 11:33:00,1020,1020,1020,1020,0
2022-04-06 11:34:00,1020,1020,1020,1020,0
2022-04-06 11:35:00,1020,1020,1020,1020,0
2022-04-06 11:36:00,1020,1020,1020,1020,0
2022-04-06 11:37:00,1020,1020,1020,1020,0
2022-04-06 11:38:00,1020,1020,1020,1020,0
2022-04-06 11:39:00,1020,1020,1020,1020,0
2022-04-06 11:40:00,1020,1020,1020,1020,0
2022-04-06 11:41:00,1020,1020,1020,1020,0
2022-04-06 11:42:00,1020,1020,1020,1020,0
2022-04-06 11:43:00,1020,1020,1020,1020,0
2022-04-06 11:44:00,1020,1020,1020,1020,0
2022-04-06 11:45:00,1020,1020,1020,1020,0
2022-04-06 11:46:00,1020,1020,1020,1020,0
2022-04-06 11:47:00,1020,1020,1020,1020,0
2022-04-06 11:48:00,1020,1020,1020,1020,0
2022-04-06 11:49:00,1020,1020,1020,1020,0
2022-04-06 11:50:00,1020,1020,1020,1020,0
2022-04-06 11:51:00,1020,1020,1020,1020,0
2022-04-06 11:52:00,1020,1020,1020,1020,0
2022-04-06 11:53:00,1020,1020,1020,1020,0
2022-04-06 11:54:00,1020,1020,1020,1020,0
2022-04-06 11:55:00,1020,1020,1020,1020,0
2022-04-06 11:56:00,1020,1020,1020,1020,0
2022-04-06 11:57:00,1020,1020,1020,1020,0
2022-04-06 11:58:00,1020,1020,1020,1020,0
2022-04-06 11:59:00,1020,1020,1020,1020,0
2022-04-06 12:00:00,1020,1020,1020,1020,0
2022-04-06 12:01:00,1020,1020,1020,1020,0
2022-04-06 12:02:00,1020,1020,1020,1020,0
2022-04-06 12:03:00,1020,1020,1020,1020,0
2022-04-06 12:04:00,1020,1020,1020,1020,0
2022-04-06 12:05:00,1020,1020,1020,1020,0
2022-04-06 12:06:00,1020,1020,1020,1020,0
2022-04-06 12:07:00,1020,1020,1020,1020,0
2022-04-06 12:08:00,1020,1020,1020,1020,0
2022-04-06 12:09:00,1020,1020,1020,1020,0
2022-04-06 12:10:00,1020,1020,1020,1020,0
2022-04-06 12:11:00,1020,1020,1020,1020,0
2022-04-06 12:12:00,1020,1020,1020,1020,0
2022-04-06 12:13:00,1020,1020,1020,1020,0
2022-04-06 12:14:00,1020,1020,1020,1020,0
2022-04-06 12:15:00,1020,1020,1020,1020,0
2022-04-06 12:16:00,1020,1020,1020,1020,0
2022-04-06 12:17:00,1020,1020,1020,1020,0
2022-04-06 12:18:00,1020,1020,1020,1020,0
2022-04-06 12:19:00,1020,1020,1020,1020,0
2022-04-06 12:20:00,1020,1020,1020,1020,0
2022-04-06 12:21:00,1020,1020,1020,1020,0
2022-04-06 12:22:00,1020,1020,1020,1020,0
2022-04-06 12:23:00,1020,1020,1020,1020,0
2022-04-06 12:24:00,1020,1020,1020,1020,0
2022-04-06 12:25:00,1020,1020,1020,1020,0
2022-04-06 12:26:00,1020,1020,1020,1020,0
2022-04-06 12:27:00,1020,1020,1020,1020,0
2022-04-06 12:28:00,1020,1020,1020,1020,0
2022-04-06 12:29:00,1020,1020,1020,1020,0
2022-04-06 12:30:00,1020,1020,1020,1020,0
2022-04-06 12:31:00,1020,1020,1020,1020,0
2022-04-06 12:32:00,1020,1020,1020,1020,0
2022-04-06 12:33:00,1020,1020,1020,1020,0
2022-04-06 12:34:00,1020,1020,1020,1020,0
2022-04-06 12:35:00,1020,1020,1020,1020,0
2022-04-06 12:36:00,1020,1020,1020,1020,0
2022-04-06 12:37:00,1020,1020,1020,1020,0
2022-04-06 12:38:00,1020,1020,1020,1020,0
2022-04-06 12:39:00,1020,1020,1020,1020,0
2022-04-06 12:40:00,1020,1020,1020,1020,0
2022-04-06 12:41:00,1020,1020,1020,1020,0
2022-04-06 12:42:00,1020,1020,1020,1020,0
2022-04-06 12:43:00,1020,1020,1020,1020,0
2022-04-06 12:44:00,1020,1020,1020,1020,0
2022-04-06 12:45:00,1020,1020,1020,1020,0
2022-04-06 12:46:00,1020,1020,1020,1020,0
2022-04-06 12:47:00,1020,1020,1020,1020,0
2022-04-06 12:48:00,1020,1020,1020,1020,0
2022-04-06 12:49:00,1020,1020,1020,1020,0
2022-04-06 12:50:00,1020,1020,1020,1020,0
2022-04-06 12:51:00,1020,1020,1020,1020,0
2022-04-06 12:52:00,1020,1020,1020,1020,0
2022-04-06 12:53:00,1020,1020,1020,1020,0
2022-04-06 12:54:00,1020,1020,1020,1020,0
2022-04-06 12:55:00,1020,1020,1020,1020,0
2022-04-06 12:56:00,1020,1020,1020,1020,0
2022-04-06 12:57:00,1020,1020,1020,1020,0
2022-04-06 12:58:00,1020,1020,1020,1020,0
2022-04-06 12:59:00,1020,1020,1020,1020,0
2022-04-06 13:00:00,1020,1020,1020,1020,0
2022-04-06 13:01:00,1020,1020,1020,1020,0
2022-04-06 13:02:00,1020,1020,1020,1020,0
2022-04-06 13:03:00,1020,1020,1020,1020,0
2022-04-06 13:04:00,1020,1020,1020,1020,0
2022-04-06 13:05:00,1020,1020,1020,1020,0
2022-04-06 13:06:00,1020,1020,1020,1020,0
2022-04-06 13:07:00,1020,1020,1020,1020,0
2022-04-06 13:08:00,1020,1020,1020,1020,0
2022-04-06 13:09:00,1020,1020,1020,1020,0
2022-04-06 13:10:00,1020,1020,1020,1020,0
2022-04-06 13:11:00,1020,1020,1020,1020,0
2022-04-06 13:12:00,1020,1020,1020,1020,0
2022-04-06 13:13:00,1020,1020,1020,1020,0
2022-04-06 13:14:00,1020,1020,1020,1020,0
2022-04-06 13:15:00,1020,1020,1020,1020,0
2022-04-06 13:16:00,1020,1020,1020,1020,0
2022-04-06 13:17:00,1020,1020,1020,1020,0
2022-04-06 13:18:00,1020,1020,1020,1020,0
2022-04-06 13:19:00,1020,1020,1020,1020,0
2022-04-06 13:20:00,1020,1020,1020,1020,0
2022-04-06 13:21:00,1020,1020,1020,1020,0
2022-04-06 13:22:00,1020,1020,1020,1020,0
2022-04-06 13:23:00,1020,1020,1020,1020,0
2022-04-06 13:24:00,1020,1020,1020,1020,0
2022-04-06 13:25:00,1020,1020,1020,1020,0
2022-04-06 13:26:00,1020,1020,1020,1020,0
2022-04-06 13:27:00,1020,1020,1020,1020,0
2022-04-06 13:28:00,1020,1020,1020,1020,0
2022-04-06 13:29:00,1020,1020,1020,1020,0
2022-04-06 13:30:00,1020,1010,1020,1020,119500
2022-04-06 13:31:00,1020,1010,1020,1020,0
2022-04-06 13:32:00,1020,1010,1020,1020,0
2022-04-06 13:33:00,1020,1010,1020,1020,0
2022-04-06 13:34:00,1020,1010,1020,1020,0
2022-04-06 13:35:00,1020,1010,1020,1020,0
2022-04-06 13:36:00,1015,1005,1015,1005,103900
2022-04-06 13:37:00,1010,1005,1010,1005,94500
2022-04-06 13:38:00,1010,1005,1010,1005,0
2022-04-06 13:39:00,1010,1005,1010,1005,0
2022-04-06 13:40:00,1010,1005,1010,1005,0
2022-04-06 13:41:00,1015,1015,1015,1015,100
2022-04-06 13:42:00,1015,1015,1015,1015,0
2022-04-06 13:43:00,1015,1015,1015,1015,0
2022-04-06 13:44:00,1015,1015,1015,1015,0
2022-04-06 13:45:00,1015,1015,1015,1015,100
2022-04-06 13:46:00,1015,1015,1015,1015,0
2022-04-06 13:47:00,1010,1010,1020,1020,17000
2022-04-06 13:48:00,1010,1010,1020,1020,0
2022-04-06 13:49:00,1010,1010,1020,1020,0
2022-04-06 13:50:00,1015,1015,1015,1015,22300
2022-04-06 13:51:00,1015,1015,1015,1015,0
2022-04-06 13:52:00,1015,1015,1015,1015,0
2022-04-06 13:53:00,1015,1015,1015,1015,0
2022-04-06 13:54:00,1020,1020,1020,1020,100
2022-04-06 13:55:00,1020,1020,1020,1020,0
2022-04-06 13:56:00,1020,1020,1020,1020,0
2022-04-06 13:57:00,1020,1020,1020,1020,700
2022-04-06 13:58:00,1020,1020,1020,1020,0
2022-04-06 13:59:00,1020,1020,1020,1020,0
2022-04-06 14:00:00,1020,1020,1020,1020,0
2022-04-06 14:01:00,1020,1020,1020,1020,0
2022-04-06 14:02:00,1020,1020,1020,1020,0
2022-04-06 14:03:00,1020,1020,1020,1020,0
2022-04-06 14:04:00,1010,1010,1010,1010,600
2022-04-06 14:05:00,1020,1020,1020,1020,100
2022-04-06 14:06:00,1020,1020,1020,1020,0
2022-04-06 14:07:00,1010,1010,1010,1010,3200
2022-04-06 14:08:00,1010,1010,1010,1010,0
2022-04-06 14:09:00,1010,1010,1010,1010,500
2022-04-06 14:10:00,1010,1010,1010,1010,100
2022-04-06 14:11:00,1010,1010,1010,1010,0
2022-04-06 14:12:00,1010,1010,1010,1010,0
2022-04-06 14:13:00,1005,1005,1010,1010,5100
2022-04-06 14:14:00,1010,1010,1010,1010,100
2022-04-06 14:15:00,1010,1010,1010,1010,0
2022-04-06 14:16:00,1005,1005,1005,1005,6900
2022-04-06 14:17:00,1005,1005,1005,1005,4900
2022-04-06 14:18:00,1005,1005,1005,1005,0
2022-04-06 14:19:00,1010,1005,1010,1005,10100
2022-04-06 14:20:00,1005,1005,1005,1005,500
2022-04-06 14:21:00,1005,1005,1005,1005,0
2022-04-06 14:22:00,1005,1005,1005,1005,200
2022-04-06 14:23:00,1010,1010,1010,1010,2500
2022-04-06 14:24:00,1010,1010,1010,1010,3500
2022-04-06 14:25:00,1010,1010,1010,1010,2900
2022-04-06 14:26:00,1005,1000,1005,1005,115700
2022-04-06 14:27:00,1005,995,1005,1000,398900
2022-04-06 14:28:00,1000,1000,1000,1000,133500
2022-04-06 14:29:00,1000,1000,1000,1000,55600
2022-04-06 14:30:00,1000,1000,1000,1000,3600
2022-04-06 14:31:00,1000,995,1000,995,20000
2022-04-06 14:32:00,1000,1000,1000,1000,13500
2022-04-06 14:33:00,1000,1000,1000,1000,502000
2022-04-06 14:34:00,1000,1000,1000,1000,10000
2022-04-06 14:35:00,1000,1000,1000,1000,33400
2022-04-06 14:36:00,1000,1000,1000,1000,0
2022-04-06 14:37:00,1000,1000,1000,1000,0
2022-04-06 14:38:00,1005,995,1005,995,158400
2022-04-06 14:39:00,995,995,995,995,10000
2022-04-06 14:40:00,995,995,1000,1000,48400
2022-04-06 14:41:00,1005,1005,1005,1005,86000
2022-04-06 14:42:00,1005,1005,1005,1005,0
2022-04-06 14:43:00,1005,1005,1005,1005,10100
2022-04-06 14:44:00,1005,1000,1005,1000,18600
2022-04-06 14:45:00,1000,1000,1000,1000,8800
2022-04-06 14:46:00,1000,1000,1000,1000,25200
2022-04-06 14:47:00,1000,1000,1000,1000,2200
2022-04-06 14:48:00,1005,1005,1005,1005,100
2022-04-06 14:49:00,1005,1005,1005,1005,100
2022-04-06 14:50:00,1005,1005,1005,1005,0
2022-04-06 14:51:00,1005,1005,1005,1005,0
2022-04-06 14:52:00,1005,1005,1005,1005,0
2022-04-06 14:53:00,1005,1005,1005,1005,0
2022-04-06 14:54:00,1005,1005,1005,1005,0
2022-04-06 14:55:00,1005,1005,1005,1005,0
2022-04-06 14:56:00,1005,1005,1005,1005,0
2022-04-06 14:57:00,1005,1005,1005,1005,0
2022-04-06 14:58:00,1005,1005,1005,1005,0
2022-04-06 14:59:00,1005,1005,1005,1005,0
2022-04-06 15:00:00,1005,1005,1005,1005,5000
2022-04-06 15:01:00,1005,1005,1005,1005,0
2022-04-06 15:02:00,1005,1005,1005,1005,50000
2022-04-06 15:03:00,1005,1005,1005,1005,0
2022-04-06 15:04:00,1005,1005,1005,1005,300
2022-04-06 15:05:00,1005,1005,1005,1005,0
2022-04-06 15:06:00,1005,1005,1005,1005,0
2022-04-06 15:07:00,1005,1005,1005,1005,0
2022-04-06 15:08:00,1005,1005,1005,1005,41500
2022-04-06 15:09:00,1005,1005,1005,1005,0
2022-04-06 15:10:00,1005,1005,1005,1005,500
2022-04-06 15:11:00,1005,1005,1005,1005,0
2022-04-06 15:12:00,1005,1005,1005,1005,0
2022-04-06 15:13:00,1005,1005,1005,1005,0
2022-04-06 15:14:00,1005,1005,1005,1005,0
2022-04-06 15:15:00,1005,1005,1005,1005,0
2022-04-06 15:16:00,1005,1005,1005,1005,0
2022-04-06 15:17:00,1005,1005,1005,1005,0
2022-04-06 15:18:00,1005,1005,1005,1005,0
2022-04-06 15:19:00,1005,1005,1005,1005,0
2022-04-06 15:20:00,1005,1005,1005,1005,0
2022-04-06 15:21:00,1005,1005,1005,1005,0
2022-04-06 15:22:00,1005,1005,1005,1005,0
2022-04-06 15:23:00,1005,1005,1005,1005,0
2022-04-06 15:24:00,1005,1005,1005,1005,0
2022-04-06 15:25:00,1005,1005,1005,1005,0
2022-04-06 15:26:00,1005,1005,1005,1005,0
2022-04-06 15:27:00,1005,1005,1005,1005,0
2022-04-06 15:28:00,1005,1005,1005,1005,0
2022-04-06 15:29:00,1005,1005,1005,1005,0
2022-04-06 15:30:00,1005,1005,1005,1005,0
2022-04-06 15:31:00,1005,1005,1005,1005,0
2022-04-06 15:32:00,1005,1005,1005,1005,0
2022-04-06 15:33:00,1005,1005,1005,1005,0
2022-04-06 15:34:00,1005,1005,1005,1005,0
2022-04-06 15:35:00,1005,1005,1005,1005,0
2022-04-06 15:36:00,1005,1005,1005,1005,0
2022-04-06 15:37:00,1005,1005,1005,1005,0
2022-04-06 15:38:00,1005,1005,1005,1005,0
2022-04-06 15:39:00,1005,1005,1005,1005,0
2022-04-06 15:40:00,1005,1005,1005,1005,0
2022-04-06 15:41:00,1005,1005,1005,1005,0
2022-04-06 15:42:00,1005,1005,1005,1005,0
2022-04-06 15:43:00,1005,1005,1005,1005,0
2022-04-06 15:44:00,1005,1005,1005,1005,0
2022-04-06 15:45:00,1005,1005,1005,1005,0
2022-04-06 15:46:00,1005,1005,1005,1005,0
2022-04-06 15:47:00,1005,1005,1005,1005,0
2022-04-06 15:48:00,1005,1005,1005,1005,0
2022-04-06 15:49:00,1005,1005,1005,1005,0
2022-04-06 15:50:00,1005,1005,1005,1005,0
2022-04-06 15:51:00,1005,1005,1005,1005,0
2022-04-06 15:52:00,1005,1005,1005,1005,0
2022-04-06 15:53:00,1005,1005,1005,1005,0
2022-04-06 15:54:00,1005,1005,1005,1005,0
2022-04-06 15:55:00,1005,1005,1005,1005,0
2022-04-06 15:56:00,1005,1005,1005,1005,0
2022-04-06 15:57:00,1005,1005,1005,1005,0
2022-04-06 15:58:00,1005,1005,1005,1005,0
2022-04-06 15:59:00,1005,1005,1005,1005,0
2022-04-07 09:00:00,1005,1005,1005,1005,0
2022-04-07 09:01:00,1005,1005,1005,1005,0
2022-04-07 09:02:00,1005,1005,1005,1005,0
2022-04-07 09:03:00,1015,1015,1015,1015,1000
2022-04-07 09:04:00,1010,1010,1015,1015,10300
2022-04-07 09:05:00,1010,1010,1015,1015,0
2022-04-07 09:06:00,1010,1010,1010,1010,15200
2022-04-07 09:07:00,1010,1010,1010,1010,0
2022-04-07 09:08:00,1010,1010,1010,1010,0
2022-04-07 09:09:00,1010,1005,1010,1010,516200
2022-04-07 09:10:00,1010,1010,1010,1010,102000
2022-04-07 09:11:00,1010,1010,1010,1010,0
2022-04-07 09:12:00,1010,1010,1010,1010,0
2022-04-07 09:13:00,1010,1010,1010,1010,500
2022-04-07 09:14:00,1010,1010,1010,1010,300
2022-04-07 09:15:00,1010,1010,1010,1010,0
2022-04-07 09:16:00,1010,1010,1010,1010,600
2022-04-07 09:17:00,1015,1015,1015,1015,300000
2022-04-07 09:18:00,1015,1015,1015,1015,0
2022-04-07 09:19:00,1015,1015,1015,1015,0
2022-04-07 09:20:00,1015,1015,1015,1015,0
2022-04-07 09:21:00,1010,1010,1010,1010,20000
2022-04-07 09:22:00,1010,1010,1010,1010,0
2022-04-07 09:23:00,1010,1010,1010,1010,0
2022-04-07 09:24:00,1010,1010,1010,1010,200
2022-04-07 09:25:00,1010,1010,1010,1010,3000
2022-04-07 09:26:00,1010,1010,1010,1010,0
2022-04-07 09:27:00,1015,1015,1015,1015,100
2022-04-07 09:28:00,1015,1015,1015,1015,0
2022-04-07 09:29:00,1015,1015,1015,1015,1000
2022-04-07 09:30:00,1015,1015,1015,1015,0
2022-04-07 09:31:00,1015,1015,1015,1015,0
2022-04-07 09:32:00,1010,1010,1010,1010,19500
2022-04-07 09:33:00,1010,1010,1010,1010,0
2022-04-07 09:34:00,1010,1010,1010,1010,0
2022-04-07 09:35:00,1010,1010,1010,1010,100
2022-04-07 09:36:00,1010,1010,1010,1010,600
2022-04-07 09:37:00,1010,1010,1010,1010,0
2022-04-07 09:38:00,1010,1010,1010,1010,100
2022-04-07 09:39:00,1010,1010,1010,1010,0
2022-04-07 09:40:00,1010,1010,1010,1010,500
2022-04-07 09:41:00,1010,1010,1010,1010,0
2022-04-07 09:42:00,1010,1010,1010,1010,0
2022-04-07 09:43:00,1005,1005,1005,1005,36800
2022-04-07 09:44:00,1005,1005,1005,1005,900
2022-04-07 09:45:00,1005,1005,1005,1005,0
2022-04-07 09:46:00,1005,1005,1005,1005,8000
2022-04-07 09:47:00,1005,1005,1005,1005,0
2022-04-07 09:48:00,1005,1005,1005,1005,0
2022-04-07 09:49:00,1005,1005,1005,1005,0
2022-04-07 09:50:00,1005,1005,1005,1005,0
2022-04-07 09:51:00,1005,1005,1005,1005,5000
2022-04-07 09:52:00,1005,1005,1005,1005,2000
2022-04-07 09:53:00,1005,1005,1005,1005,200
2022-04-07 09:54:00,1005,1005,1005,1005,1000
2022-04-07 09:55:00,1005,1005,1005,1005,1000
2022-04-07 09:56:00,1005,1005,1005,1005,200
2022-04-07 09:57:00,1005,1005,1005,1005,200
2022-04-07 09:58:00,1005,1005,1005,1005,800
2022-04-07 09:59:00,1005,1005,1005,1005,0
2022-04-07 10:00:00,1010,1010,1010,1010,600
2022-04-07 10:01:00,1010,1010,1010,1010,0
2022-04-07 10:02:00,1010,1010,1010,1010,2500
2022-04-07 10:03:00,1010,1010,1010,1010,1200
2022-04-07 10:04:00,1010,1010,1010,1010,12300
2022-04-07 10:05:00,1010,1010,1010,1010,2000
2022-04-07 10:06:00,1010,1010,1010,1010,0
2022-04-07 10:07:00,1010,1010,1010,1010,2800
2022-04-07 10:08:00,1010,1010,1010,1010,0
2022-04-07 10:09:00,1010,1010,1010,1010,7200
2022-04-07 10:10:00,1010,1010,1010,1010,0
2022-04-07 10:11:00,1005,1005,1005,1005,5300
2022-04-07 10:12:00,1005,1005,1005,1005,1000
2022-04-07 10:13:00,1005,1005,1005,1005,100
2022-04-07 10:14:00,1010,1010,1010,1010,800
2022-04-07 10:15:00,1010,1010,1010,1010,0
2022-04-07 10:16:00,1010,1010,1010,1010,100
2022-04-07 10:17:00,1010,1010,1010,1010,0
2022-04-07 10:18:00,1005,1005,1005,1005,3000
2022-04-07 10:19:00,1005,1005,1005,1005,0
2022-04-07 10:20:00,1005,1005,1005,1005,300
2022-04-07 10:21:00,1000,1000,1000,1000,40000
2022-04-07 10:22:00,1000,1000,1000,1000,0
2022-04-07 10:23:00,1000,1000,1000,1000,0
2022-04-07 10:24:00,1000,1000,1000,1000,0
2022-04-07 10:25:00,1000,1000,1000,1000,0
2022-04-07 10:26:00,1005,1005,1005,1005,300
2022-04-07 10:27:00,1005,1005,1005,1005,4500
2022-04-07 10:28:00,1005,1005,1005,1005,0
2022-04-07 10:29:00,1005,1005,1005,1005,0
2022-04-07 10:30:00,1005,1005,1005,1005,2000
2022-04-07 10:31:00,1000,1000,1000,1000,800
2022-04-07 10:32:00,1005,1005,1005,1005,100
2022-04-07 10:33:00,1005,1005,1005,1005,5000
2022-04-07 10:34:00,1005,1005,1005,1005,4400
2022-04-07 10:35:00,1005,1005,1005,1005,100
2022-04-07 10:36:00,1005,1005,1005,1005,0
2022-04-07 10:37:00,1005,1005,1005,1005,300
2022-04-07 10:38:00,1005,1005,1005,1005,0
2022-04-07 10:39:00,1005,1005,1005,1005,0
2022-04-07 10:40:00,1005,1005,1005,1005,300
2022-04-07 10:41:00,1005,1005,1005,1005,0
2022-04-07 10:42:00,1005,1005,1005,1005,1300
2022-04-07 10:43:00,1005,1005,1005,1005,0
2022-04-07 10:44:00,1005,1005,1005,1005,0
2022-04-07 10:45:00,1005,1005,1005,1005,0
2022-04-07 10:46:00,1005,1005,1005,1005,100
2022-04-07 10:47:00,1005,1005,1005,1005,500
2022-04-07 10:48:00,1005,1005,1010,1010,7100
2022-04-07 10:49:00,1005,1005,1010,1010,0
2022-04-07 10:50:00,1010,1010,1010,1010,5000
2022-04-07 10:51:00,1010,1010,1010,1010,0
2022-04-07 10:52:00,1010,1010,1010,1010,20000
2022-04-07 10:53:00,1010,1010,1010,1010,17800
2022-04-07 10:54:00,1015,1015,1015,1015,12100
2022-04-07 10:55:00,1015,1015,1020,1020,147000
2022-04-07 10:56:00,1020,1020,1025,1025,140200
2022-04-07 10:57:00,1020,1020,1020,1020,25100
2022-04-07 10:58:00,1020,1020,1020,1020,437500
2022-04-07 10:59:00,1020,1015,1020,1015,290600
2022-04-07 11:00:00,1020,1015,1020,1015,0
2022-04-07 11:01:00,1010,1010,1010,1010,2000
2022-04-07 11:02:00,1010,1010,1010,1010,3500
2022-04-07 11:03:00,1010,1010,1010,1010,0
2022-04-07 11:04:00,1010,1010,1010,1010,3500
2022-04-07 11:05:00,1010,1010,1010,1010,0
2022-04-07 11:06:00,1010,1010,1010,1010,0
2022-04-07 11:07:00,1015,1015,1015,1015,100
2022-04-07 11:08:00,1015,1015,1015,1015,0
2022-04-07 11:09:00,1015,1015,1015,1015,100
2022-04-07 11:10:00,1015,1015,1015,1015,0
2022-04-07 11:11:00,1015,1015,1015,1015,0
2022-04-07 11:12:00,1010,1010,1010,1010,1000
2022-04-07 11:13:00,1015,1010,1015,1010,700
2022-04-07 11:14:00,1015,1010,1015,1010,0
2022-04-07 11:15:00,1015,1010,1015,1010,0
2022-04-07 11:16:00,1015,1010,1015,1010,0
2022-04-07 11:17:00,1015,1010,1015,1010,1100
2022-04-07 11:18:00,1015,1010,1015,1010,0
2022-04-07 11:19:00,1015,1010,1015,1010,0
2022-04-07 11:20:00,1015,1010,1015,1010,0
2022-04-07 11:21:00,1015,1010,1015,1010,0
2022-04-07 11:22:00,1005,1005,1005,1005,100
2022-04-07 11:23:00,1005,1005,1005,1005,0
2022-04-07 11:24:00,1010,1010,1010,1010,100
2022-04-07 11:25:00,1010,1010,1010,1010,100
2022-04-07 11:26:00,1010,1010,1010,1010,0
2022-04-07 11:27:00,1005,1005,1005,1005,100
2022-04-07 11:28:00,1005,1005,1005,1005,0
2022-04-07 11:29:00,1005,1005,1005,1005,0
2022-04-07 11:30:00,1005,1005,1005,1005,0
2022-04-07 11:31:00,1005,1005,1005,1005,0
2022-04-07 11:32:00,1005,1005,1005,1005,0
2022-04-07 11:33:00,1005,1005,1005,1005,0
2022-04-07 11:34:00,1005,1005,1005,1005,0
2022-04-07 11:35:00,1005,1005,1005,1005,0
2022-04-07 11:36:00,1005,1005,1005,1005,0
2022-04-07 11:37:00,1005,1005,1005,1005,0
2022-04-07 11:38:00,1005,1005,1005,1005,0
2022-04-07 11:39:00,1005,1005,1005,1005,0
2022-04-07 11:40:00,1005,1005,1005,1005,0
2022-04-07 11:41:00,1005,1005,1005,1005,0
2022-04-07 11:42:00,1005,1005,1005,1005,0
2022-04-07 11:43:00,1005,1005,1005,1005,0
2022-04-07 11:44:00,1005,1005,1005,1005,0
2022-04-07 11:45:00,1005,1005,1005,1005,0
2022-04-07 11:46:00,1005,1005,1005,1005,0
2022-04-07 11:47:00,1005,1005,1005,1005,0
2022-04-07 11:48:00,1005,1005,1005,1005,0
2022-04-07 11:49:00,1005,1005,1005,1005,0
2022-04-07 11:50:00,1005,1005,1005,1005,0
2022-04-07 11:51:00,1005,1005,1005,1005,0
2022-04-07 11:52:00,1005,1005,1005,1005,0
2022-04-07 11:53:00,1005,1005,1005,1005,0
2022-04-07 11:54:00,1005,1005,1005,1005,0
2022-04-07 11:55:00,1005,1005,1005,1005,0
2022-04-07 11:56:00,1005,1005,1005,1005,0
2022-04-07 11:57:00,1005,1005,1005,1005,0
2022-04-07 11:58:00,1005,1005,1005,1005,0
2022-04-07 11:59:00,1005,1005,1005,1005,0
2022-04-07 12:00:00,1005,1005,1005,1005,0
2022-04-07 12:01:00,1005,1005,1005,1005,0
2022-04-07 12:02:00,1005,1005,1005,1005,0
2022-04-07 12:03:00,1005,1005,1005,1005,0
2022-04-07 12:04:00,1005,1005,1005,1005,0
2022-04-07 12:05:00,1005,1005,1005,1005,0
2022-04-07 12:06:00,1005,1005,1005,1005,0
2022-04-07 12:07:00,1005,1005,1005,1005,0
2022-04-07 12:08:00,1005,1005,1005,1005,0
2022-04-07 12:09:00,1005,1005,1005,1005,0
2022-04-07 12:10:00,1005,1005,1005,1005,0
2022-04-07 12:11:00,1005,1005,1005,1005,0
2022-04-07 12:12:00,1005,1005,1005,1005,0
2022-04-07 12:13:00,1005,1005,1005,1005,0
2022-04-07 12:14:00,1005,1005,1005,1005,0
2022-04-07 12:15:00,1005,1005,1005,1005,0
2022-04-07 12:16:00,1005,1005,1005,1005,0
2022-04-07 12:17:00,1005,1005,1005,1005,0
2022-04-07 12:18:00,1005,1005,1005,1005,0
2022-04-07 12:19:00,1005,1005,1005,1005,0
2022-04-07 12:20:00,1005,1005,1005,1005,0
2022-04-07 12:21:00,1005,1005,1005,1005,0
2022-04-07 12:22:00,1005,1005,1005,1005,0
2022-04-07 12:23:00,1005,1005,1005,1005,0
2022-04-07 12:24:00,1005,1005,1005,1005,0
2022-04-07 12:25:00,1005,1005,1005,1005,0
2022-04-07 12:26:00,1005,1005,1005,1005,0
2022-04-07 12:27:00,1005,1005,1005,1005,0
2022-04-07 12:28:00,1005,1005,1005,1005,0
2022-04-07 12:29:00,1005,1005,1005,1005,0
2022-04-07 12:30:00,1005,1005,1005,1005,0
2022-04-07 12:31:00,1005,1005,1005,1005,0
2022-04-07 12:32:00,1005,1005,1005,1005,0
2022-04-07 12:33:00,1005,1005,1005,1005,0
2022-04-07 12:34:00,1005,1005,1005,1005,0
2022-04-07 12:35:00,1005,1005,1005,1005,0
2022-04-07 12:36:00,1005,1005,1005,1005,0
2022-04-07 12:37:00,1005,1005,1005,1005,0
2022-04-07 12:38:00,1005,1005,1005,1005,0
2022-04-07 12:39:00,1005,1005,1005,1005,0
2022-04-07 12:40:00,1005,1005,1005,1005,0
2022-04-07 12:41:00,1005,1005,1005,1005,0
2022-04-07 12:42:00,1005,1005,1005,1005,0
2022-04-07 12:43:00,1005,1005,1005,1005,0
2022-04-07 12:44:00,1005,1005,1005,1005,0
2022-04-07 12:45:00,1005,1005,1005,1005,0
2022-04-07 12:46:00,1005,1005,1005,1005,0
2022-04-07 12:47:00,1005,1005,1005,1005,0
2022-04-07 12:48:00,1005,1005,1005,1005,0
2022-04-07 12:49:00,1005,1005,1005,1005,0
2022-04-07 12:50:00,1005,1005,1005,1005,0
2022-04-07 12:51:00,1005,1005,1005,1005,0
2022-04-07 12:52:00,1005,1005,1005,1005,0
2022-04-07 12:53:00,1005,1005,1005,1005,0
2022-04-07 12:54:00,1005,1005,1005,1005,0
2022-04-07 12:55:00,1005,1005,1005,1005,0
2022-04-07 12:56:00,1005,1005,1005,1005,0
2022-04-07 12:57:00,1005,1005,1005,1005,0
2022-04-07 12:58:00,1005,1005,1005,1005,0
2022-04-07 12:59:00,1005,1005,1005,1005,0
2022-04-07 13:00:00,1005,1005,1005,1005,0
2022-04-07 13:01:00,1005,1005,1005,1005,0
2022-04-07 13:02:00,1005,1005,1005,1005,0
2022-04-07 13:03:00,1005,1005,1005,1005,0
2022-04-07 13:04:00,1005,1005,1005,1005,0
2022-04-07 13:05:00,1005,1005,1005,1005,0
2022-04-07 13:06:00,1005,1005,1005,1005,0
2022-04-07 13:07:00,1005,1005,1005,1005,0
2022-04-07 13:08:00,1005,1005,1005,1005,0
2022-04-07 13:09:00,1005,1005,1005,1005,0
2022-04-07 13:10:00,1005,1005,1005,1005,0
2022-04-07 13:11:00,1005,1005,1005,1005,0
2022-04-07 13:12:00,1005,1005,1005,1005,0
2022-04-07 13:13:00,1005,1005,1005,1005,0
2022-04-07 13:14:00,1005,1005,1005,1005,0
2022-04-07 13:15:00,1005,1005,1005,1005,0
2022-04-07 13:16:00,1005,1005,1005,1005,0
2022-04-07 13:17:00,1005,1005,1005,1005,0
2022-04-07 13:18:00,1005,1005,1005,1005,0
2022-04-07 13:19:00,1005,1005,1005,1005,0
2022-04-07 13:20:00,1005,1005,1005,1005,0
2022-04-07 13:21:00,1005,1005,1005,1005,0
2022-04-07 13:22:00,1005,1005,1005,1005,0
2022-04-07 13:23:00,1005,1005,1005,1005,0
2022-04-07 13:24:00,1005,1005,1005,1005,0
2022-04-07 13:25:00,1005,1005,1005,1005,0
2022-04-07 13:26:00,1005,1005,1005,1005,0
2022-04-07 13:27:00,1005,1005,1005,1005,0
2022-04-07 13:28:00,1005,1005,1005,1005,0
2022-04-07 13:29:00,1005,1005,1005,1005,0
2022-04-07 13:30:00,1005,1000,1010,1000,145900
2022-04-07 13:31:00,1010,1010,1010,1010,200
2022-04-07 13:32:00,1010,1010,1010,1010,0
2022-04-07 13:33:00,1010,1010,1010,1010,0
2022-04-07 13:34:00,1010,1010,1010,1010,0
2022-04-07 13:35:00,1005,1005,1005,1005,5000
2022-04-07 13:36:00,1010,1010,1010,1010,100
2022-04-07 13:37:00,1010,1010,1010,1010,300
2022-04-07 13:38:00,1010,1010,1010,1010,0
2022-04-07 13:39:00,1010,1010,1010,1010,400
2022-04-07 13:40:00,1010,1010,1010,1010,0
2022-04-07 13:41:00,1010,1010,1010,1010,0
2022-04-07 13:42:00,1010,1010,1010,1010,0
2022-04-07 13:43:00,1010,1010,1010,1010,0
2022-04-07 13:44:00,1010,1010,1010,1010,0
2022-04-07 13:45:00,1005,1005,1005,1005,383400
2022-04-07 13:46:00,1005,1005,1005,1005,122600
2022-04-07 13:47:00,1005,1005,1005,1005,13000
2022-04-07 13:48:00,1005,1005,1005,1005,200500
2022-04-07 13:49:00,1005,1005,1005,1005,10600
2022-04-07 13:50:00,1005,1005,1005,1005,0
2022-04-07 13:51:00,1005,1005,1005,1005,0
2022-04-07 13:52:00,1005,1005,1005,1005,0
2022-04-07 13:53:00,1005,1005,1005,1005,20200
2022-04-07 13:54:00,1010,1010,1010,1010,100
2022-04-07 13:55:00,1010,1010,1010,1010,0
2022-04-07 13:56:00,1010,1010,1010,1010,0
2022-04-07 13:57:00,1010,1010,1010,1010,0
2022-04-07 13:58:00,1005,1005,1010,1010,600
2022-04-07 13:59:00,1005,1005,1010,1010,0
2022-04-07 14:00:00,1005,1005,1005,1005,9100
2022-04-07 14:01:00,1005,1000,1005,1000,160100
2022-04-07 14:02:00,1005,1000,1005,1000,0
2022-04-07 14:03:00,1000,1000,1000,1000,10000
2022-04-07 14:04:00,1005,1005,1005,1005,200
2022-04-07 14:05:00,1005,1005,1005,1005,0
2022-04-07 14:06:00,1005,1005,1005,1005,0
2022-04-07 14:07:00,1005,1005,1005,1005,0
2022-04-07 14:08:00,1000,1000,1000,1000,30000
2022-04-07 14:09:00,1000,1000,1000,1000,0
2022-04-07 14:10:00,1000,1000,1000,1000,300
2022-04-07 14:11:00,1000,1000,1000,1000,0
2022-04-07 14:12:00,1000,1000,1000,1000,0
2022-04-07 14:13:00,1000,1000,1000,1000,0
2022-04-07 14:14:00,1000,1000,1005,1005,134000
2022-04-07 14:15:00,1005,1005,1005,1005,680400
2022-04-07 14:16:00,1005,1000,1005,1000,189200
2022-04-07 14:17:00,1005,1005,1005,1005,236300
2022-04-07 14:18:00,1005,1005,1005,1005,0
2022-04-07 14:19:00,1005,1005,1005,1005,105000
2022-04-07 14:20:00,1005,1005,1005,1005,2600
2022-04-07 14:21:00,1005,1005,1005,1005,0
2022-04-07 14:22:00,1005,1005,1005,1005,0
2022-04-07 14:23:00,1005,1005,1005,1005,0
2022-04-07 14:24:00,1005,1005,1005,1005,9700
2022-04-07 14:25:00,1005,1005,1005,1005,0
2022-04-07 14:26:00,1005,1005,1005,1005,5200
2022-04-07 14:27:00,1005,1005,1005,1005,100
2022-04-07 14:28:00,1005,1005,1005,1005,0
2022-04-07 14:29:00,1005,1005,1005,1005,0
2022-04-07 14:30:00,1005,1005,1005,1005,1000
2022-04-07 14:31:00,1005,1005,1005,1005,500
2022-04-07 14:32:00,1005,1005,1005,1005,0
2022-04-07 14:33:00,1005,1005,1005,1005,0
2022-04-07 14:34:00,1000,1000,1000,1000,400
2022-04-07 14:35:00,1000,1000,1000,1000,0
2022-04-07 14:36:00,1000,1000,1000,1000,0
2022-04-07 14:37:00,1000,1000,1000,1000,0
2022-04-07 14:38:00,1000,1000,1000,1000,0
2022-04-07 14:39:00,1000,1000,1000,1000,0
2022-04-07 14:40:00,1000,1000,1000,1000,23900
2022-04-07 14:41:00,1000,1000,1000,1000,0
2022-04-07 14:42:00,1005,1005,1005,1005,100
2022-04-07 14:43:00,1005,1005,1005,1005,0
2022-04-07 14:44:00,1000,1000,1000,1000,1100
2022-04-07 14:45:00,1000,1000,1000,1000,0
2022-04-07 14:46:00,1000,1000,1000,1000,600
2022-04-07 14:47:00,1000,1000,1000,1000,0
2022-04-07 14:48:00,1000,1000,1000,1000,0
2022-04-07 14:49:00,1000,1000,1005,1005,2700
2022-04-07 14:50:00,1000,1000,1005,1005,0
2022-04-07 14:51:00,1000,1000,1005,1005,0
2022-04-07 14:52:00,1000,1000,1005,1005,0
2022-04-07 14:53:00,1000,1000,1005,1005,0
2022-04-07 14:54:00,1000,1000,1005,1005,0
2022-04-07 14:55:00,1000,1000,1005,1005,0
2022-04-07 14:56:00,1000,1000,1005,1005,0
2022-04-07 14:57:00,1000,1000,1005,1005,0
2022-04-07 14:58:00,1000,1000,1005,1005,0
2022-04-07 14:59:00,1000,1000,1005,1005,0
2022-04-07 15:00:00,1000,1000,1000,1000,12800
2022-04-07 15:01:00,1000,1000,1000,1000,400
2022-04-07 15:02:00,1000,1000,1000,1000,0
2022-04-07 15:03:00,1000,1000,1000,1000,0
2022-04-07 15:04:00,1000,1000,1000,1000,0
2022-04-07 15:05:00,1000,1000,1000,1000,0
2022-04-07 15:06:00,1000,1000,1000,1000,0
2022-04-07 15:07:00,1000,1000,1000,1000,0
2022-04-07 15:08:00,1000,1000,1000,1000,0
2022-04-07 15:09:00,1000,1000,1000,1000,0
2022-04-07 15:10:00,1000,1000,1000,1000,0
2022-04-07 15:11:00,1000,1000,1000,1000,0
2022-04-07 15:12:00,1000,1000,1000,1000,0
2022-04-07 15:13:00,1000,1000,1000,1000,0
2022-04-07 15:14:00,1000,1000,1000,1000,0
2022-04-07 15:15:00,1000,1000,1000,1000,0
2022-04-07 15:16:00,1000,1000,1000,1000,0
2022-04-07 15:17:00,1000,1000,1000,1000,0
2022-04-07 15:18:00,1000,1000,1000,1000,0
2022-04-07 15:19:00,1000,1000,1000,1000,0
2022-04-07 15:20:00,1000,1000,1000,1000,0
2022-04-07 15:21:00,1000,1000,1000,1000,0
2022-04-07 15:22:00,1000,1000,1000,1000,0
2022-04-07 15:23:00,1000,1000,1000,1000,0
2022-04-07 15:24:00,1000,1000,1000,1000,0
2022-04-07 15:25:00,1000,1000,1000,1000,0
2022-04-07 15:26:00,1000,1000,1000,1000,0
2022-04-07 15:27:00,1000,1000,1000,1000,0
2022-04-07 15:28:00,1000,1000,1000,1000,0
2022-04-07 15:29:00,1000,1000,1000,1000,0
2022-04-07 15:30:00,1000,1000,1000,1000,0
2022-04-07 15:31:00,1000,1000,1000,1000,0
2022-04-07 15:32:00,1000,1000,1000,1000,0
2022-04-07 15:33:00,1000,1000,1000,1000,0
2022-04-07 15:34:00,1000,1000,1000,1000,0
2022-04-07 15:35:00,1000,1000,1000,1000,0
2022-04-07 15:36:00,1000,1000,1000,1000,0
2022-04-07 15:37:00,1000,1000,1000,1000,0
2022-04-07 15:38:00,1000,1000,1000,1000,0
2022-04-07 15:39:00,1000,1000,1000,1000,0
2022-04-07 15:40:00,1000,1000,1000,1000,0
2022-04-07 15:41:00,1000,1000,1000,1000,0
2022-04-07 15:42:00,1000,1000,1000,1000,0
2022-04-07 15:43:00,1000,1000,1000,1000,0
2022-04-07 15:44:00,1000,1000,1000,1000,0
2022-04-07 15:45:00,1000,1000,1000,1000,0
2022-04-07 15:46:00,1000,1000,1000,1000,0
2022-04-07 15:47:00,1000,1000,1000,1000,0
2022-04-07 15:48:00,1000,1000,1000,1000,0
2022-04-07 15:49:00,1000,1000,1000,1000,0
2022-04-07 15:50:00,1000,1000,1000,1000,0
2022-04-07 15:51:00,1000,1000,1000,1000,0
2022-04-07 15:52:00,1000,1000,1000,1000,0
2022-04-07 15:53:00,1000,1000,1000,1000,0
2022-04-07 15:54:00,1000,1000,1000,1000,0
2022-04-07 15:55:00,1000,1000,1000,1000,0
2022-04-07 15:56:00,1000,1000,1000,1000,0
2022-04-07 15:57:00,1000,1000,1000,1000,0
2022-04-07 15:58:00,1000,1000,1000,1000,0
2022-04-07 15:59:00,1000,1000,1000,1000,0
2022-04-08 09:00:00,1010,1010,1010,1010,0
2022-04-08 09:01:00,1010,1010,1010,1010,0
2022-04-08 09:02:00,1010,1010,1010,1010,0
2022-04-08 09:03:00,1020,1010,1020,1010,1700
2022-04-08 09:04:00,1010,1010,1010,1010,3000
2022-04-08 09:05:00,1010,1010,1010,1010,500
2022-04-08 09:06:00,1010,1010,1010,1010,0
2022-04-08 09:07:00,1020,1020,1020,1020,3000
2022-04-08 09:08:00,1020,1020,1020,1020,0
2022-04-08 09:09:00,1020,1020,1020,1020,4500
2022-04-08 09:10:00,1015,1015,1020,1020,1900
2022-04-08 09:11:00,1015,1015,1020,1020,0
2022-04-08 09:12:00,1010,1000,1015,1000,88000
2022-04-08 09:13:00,1000,1000,1000,1000,4500
2022-04-08 09:14:00,1005,1005,1005,1005,5500
2022-04-08 09:15:00,1010,1010,1010,1010,2000
2022-04-08 09:16:00,1010,1010,1010,1010,0
2022-04-08 09:17:00,1010,1010,1010,1010,0
2022-04-08 09:18:00,1010,1010,1010,1010,0
2022-04-08 09:19:00,1010,1010,1010,1010,0
2022-04-08 09:20:00,1010,1010,1010,1010,0
2022-04-08 09:21:00,1010,1010,1010,1010,0
2022-04-08 09:22:00,1010,1010,1010,1010,5000
2022-04-08 09:23:00,1010,1010,1010,1010,0
2022-04-08 09:24:00,1010,1010,1010,1010,0
2022-04-08 09:25:00,1010,1010,1010,1010,0
2022-04-08 09:26:00,1010,1010,1010,1010,0
2022-04-08 09:27:00,1010,1010,1010,1010,0
2022-04-08 09:28:00,1010,1010,1010,1010,0
2022-04-08 09:29:00,1010,1010,1010,1010,0
2022-04-08 09:30:00,1005,1005,1005,1005,200
2022-04-08 09:31:00,1005,1000,1005,1000,67500
2022-04-08 09:32:00,1005,1000,1005,1000,0
2022-04-08 09:33:00,1005,1000,1005,1000,0
2022-04-08 09:34:00,1000,1000,1000,1000,2300
2022-04-08 09:35:00,1000,1000,1000,1000,200
2022-04-08 09:36:00,1000,1000,1000,1000,0
2022-04-08 09:37:00,1000,1000,1000,1000,0
2022-04-08 09:38:00,1000,1000,1000,1000,0
2022-04-08 09:39:00,1000,1000,1000,1000,0
2022-04-08 09:40:00,1005,1005,1005,1005,500
2022-04-08 09:41:00,1005,1005,1005,1005,0
2022-04-08 09:42:00,1005,1005,1005,1005,0
2022-04-08 09:43:00,1005,1005,1005,1005,0
2022-04-08 09:44:00,1010,1010,1020,1020,58500
2022-04-08 09:45:00,1020,1020,1020,1020,19500
2022-04-08 09:46:00,1020,1020,1020,1020,0
2022-04-08 09:47:00,1020,1020,1020,1020,0
2022-04-08 09:48:00,1020,1020,1020,1020,44500
2022-04-08 09:49:00,1015,1015,1015,1015,5000
2022-04-08 09:50:00,1015,1015,1015,1015,0
2022-04-08 09:51:00,1020,1020,1020,1020,8900
2022-04-08 09:52:00,1020,1020,1020,1020,900
2022-04-08 09:53:00,1020,1020,1025,1025,16200
2022-04-08 09:54:00,1020,1020,1025,1025,33600
2022-04-08 09:55:00,1025,1025,1025,1025,200
2022-04-08 09:56:00,1025,1025,1025,1025,0
2022-04-08 09:57:00,1025,1025,1025,1025,0
2022-04-08 09:58:00,1020,1020,1020,1020,1000
2022-04-08 09:59:00,1020,1020,1025,1025,4200
2022-04-08 10:00:00,1020,1020,1025,1025,0
2022-04-08 10:01:00,1020,1020,1025,1025,0
2022-04-08 10:02:00,1020,1020,1020,1020,100
2022-04-08 10:03:00,1020,1020,1020,1020,200
2022-04-08 10:04:00,1020,1020,1020,1020,0
2022-04-08 10:05:00,1020,1020,1020,1020,300
2022-04-08 10:06:00,1020,1020,1020,1020,2400
2022-04-08 10:07:00,1020,1020,1020,1020,0
2022-04-08 10:08:00,1020,1020,1020,1020,0
2022-04-08 10:09:00,1020,1020,1020,1020,0
2022-04-08 10:10:00,1020,1020,1020,1020,0
2022-04-08 10:11:00,1015,1015,1015,1015,206300
2022-04-08 10:12:00,1015,1010,1015,1015,100500
2022-04-08 10:13:00,1015,1015,1015,1015,2000
2022-04-08 10:14:00,1010,1010,1010,1010,600
2022-04-08 10:15:00,1010,1010,1010,1010,0
2022-04-08 10:16:00,1010,1000,1010,1000,182800
2022-04-08 10:17:00,1010,1000,1010,1000,0
2022-04-08 10:18:00,1010,1000,1010,1000,0
2022-04-08 10:19:00,1000,1000,1000,1000,200
2022-04-08 10:20:00,1005,1005,1005,1005,3000
2022-04-08 10:21:00,1005,1005,1005,1005,0
2022-04-08 10:22:00,1005,1005,1005,1005,0
2022-04-08 10:23:00,1005,1005,1005,1005,0
2022-04-08 10:24:00,1005,1005,1005,1005,0
2022-04-08 10:25:00,1010,1010,1010,1010,100
2022-04-08 10:26:00,1010,1010,1010,1010,2000
2022-04-08 10:27:00,1005,1005,1005,1005,14900
2022-04-08 10:28:00,1005,1005,1005,1005,0
2022-04-08 10:29:00,1005,1005,1005,1005,0
2022-04-08 10:30:00,1005,1005,1005,1005,0
2022-04-08 10:31:00,1005,1005,1005,1005,0
2022-04-08 10:32:00,1005,1005,1005,1005,0
2022-04-08 10:33:00,1005,1005,1005,1005,0
2022-04-08 10:34:00,1005,1005,1005,1005,0
2022-04-08 10:35:00,1005,1005,1005,1005,0
2022-04-08 10:36:00,1005,1005,1005,1005,0
2022-04-08 10:37:00,1015,1015,1015,1015,100
2022-04-08 10:38:00,1015,1015,1015,1015,100
2022-04-08 10:39:00,1015,1015,1015,1015,0
2022-04-08 10:40:00,1010,1010,1010,1010,300
2022-04-08 10:41:00,1010,1010,1010,1010,100
2022-04-08 10:42:00,1010,1010,1010,1010,0
2022-04-08 10:43:00,1010,1010,1010,1010,0
2022-04-08 10:44:00,1010,1010,1010,1010,0
2022-04-08 10:45:00,1010,1010,1010,1010,0
2022-04-08 10:46:00,1010,1010,1010,1010,10000
2022-04-08 10:47:00,1005,1005,1005,1005,4600
2022-04-08 10:48:00,1005,1005,1005,1005,0
2022-04-08 10:49:00,1005,1005,1005,1005,0
2022-04-08 10:50:00,1005,1005,1005,1005,0
2022-04-08 10:51:00,1005,1005,1005,1005,0
2022-04-08 10:52:00,1005,1005,1005,1005,0
2022-04-08 10:53:00,1005,1005,1005,1005,0
2022-04-08 10:54:00,1005,1005,1005,1005,0
2022-04-08 10:55:00,1005,1005,1005,1005,0
2022-04-08 10:56:00,1005,1005,1005,1005,0
2022-04-08 10:57:00,1005,1005,1005,1005,0
2022-04-08 10:58:00,1005,1005,1005,1005,0
2022-04-08 10:59:00,1005,1005,1005,1005,0
2022-04-08 11:00:00,1005,1005,1005,1005,0
2022-04-08 11:01:00,1005,1005,1005,1005,0
2022-04-08 11:02:00,1005,1005,1005,1005,0
2022-04-08 11:03:00,1005,1005,1005,1005,0
2022-04-08 11:04:00,1005,1005,1005,1005,0
2022-04-08 11:05:00,1005,1005,1005,1005,200
2022-04-08 11:06:00,1005,1005,1005,1005,200
2022-04-08 11:07:00,1010,1010,1010,1010,100
2022-04-08 11:08:00,1010,1010,1010,1010,0
2022-04-08 11:09:00,1010,1010,1010,1010,0
2022-04-08 11:10:00,1010,1010,1010,1010,0
2022-04-08 11:11:00,1010,1010,1010,1010,0
2022-04-08 11:12:00,1005,1005,1005,1005,500
2022-04-08 11:13:00,1005,1005,1005,1005,0
2022-04-08 11:14:00,1005,1005,1005,1005,0
2022-04-08 11:15:00,1005,1005,1005,1005,0
2022-04-08 11:16:00,1005,1005,1005,1005,0
2022-04-08 11:17:00,1005,1005,1005,1005,0
2022-04-08 11:18:00,1005,1005,1005,1005,0
2022-04-08 11:19:00,1005,1005,1005,1005,0
2022-04-08 11:20:00,1005,1005,1005,1005,0
2022-04-08 11:21:00,1005,1005,1005,1005,0
2022-04-08 11:22:00,1005,1005,1005,1005,0
2022-04-08 11:23:00,1005,1005,1005,1005,100
2022-04-08 11:24:00,1005,1005,1005,1005,0
2022-04-08 11:25:00,1005,1005,1005,1005,0
2022-04-08 11:26:00,1005,1005,1005,1005,0
2022-04-08 11:27:00,1005,1005,1005,1005,0
2022-04-08 11:28:00,1005,1005,1005,1005,0
2022-04-08 11:29:00,1005,1005,1005,1005,0
2022-04-08 11:30:00,1005,1005,1005,1005,0
2022-04-08 11:31:00,1005,1005,1005,1005,0
2022-04-08 11:32:00,1005,1005,1005,1005,0
2022-04-08 11:33:00,1005,1005,1005,1005,0
2022-04-08 11:34:00,1005,1005,1005,1005,0
2022-04-08 11:35:00,1005,1005,1005,1005,0
2022-04-08 11:36:00,1005,1005,1005,1005,0
2022-04-08 11:37:00,1005,1005,1005,1005,0
2022-04-08 11:38:00,1005,1005,1005,1005,0
2022-04-08 11:39:00,1005,1005,1005,1005,0
2022-04-08 11:40:00,1005,1005,1005,1005,0
2022-04-08 11:41:00,1005,1005,1005,1005,0
2022-04-08 11:42:00,1005,1005,1005,1005,0
2022-04-08 11:43:00,1005,1005,1005,1005,0
2022-04-08 11:44:00,1005,1005,1005,1005,0
2022-04-08 11:45:00,1005,1005,1005,1005,0
2022-04-08 11:46:00,1005,1005,1005,1005,0
2022-04-08 11:47:00,1005,1005,1005,1005,0
2022-04-08 11:48:00,1005,1005,1005,1005,0
2022-04-08 11:49:00,1005,1005,1005,1005,0
2022-04-08 11:50:00,1005,1005,1005,1005,0
2022-04-08 11:51:00,1005,1005,1005,1005,0
2022-04-08 11:52:00,1005,1005,1005,1005,0
2022-04-08 11:53:00,1005,1005,1005,1005,0
2022-04-08 11:54:00,1005,1005,1005,1005,0
2022-04-08 11:55:00,1005,1005,1005,1005,0
2022-04-08 11:56:00,1005,1005,1005,1005,0
2022-04-08 11:57:00,1005,1005,1005,1005,0
2022-04-08 11:58:00,1005,1005,1005,1005,0
2022-04-08 11:59:00,1005,1005,1005,1005,0
2022-04-08 12:00:00,1005,1005,1005,1005,0
2022-04-08 12:01:00,1005,1005,1005,1005,0
2022-04-08 12:02:00,1005,1005,1005,1005,0
2022-04-08 12:03:00,1005,1005,1005,1005,0
2022-04-08 12:04:00,1005,1005,1005,1005,0
2022-04-08 12:05:00,1005,1005,1005,1005,0
2022-04-08 12:06:00,1005,1005,1005,1005,0
2022-04-08 12:07:00,1005,1005,1005,1005,0
2022-04-08 12:08:00,1005,1005,1005,1005,0
2022-04-08 12:09:00,1005,1005,1005,1005,0
2022-04-08 12:10:00,1005,1005,1005,1005,0
2022-04-08 12:11:00,1005,1005,1005,1005,0
2022-04-08 12:12:00,1005,1005,1005,1005,0
2022-04-08 12:13:00,1005,1005,1005,1005,0
2022-04-08 12:14:00,1005,1005,1005,1005,0
2022-04-08 12:15:00,1005,1005,1005,1005,0
2022-04-08 12:16:00,1005,1005,1005,1005,0
2022-04-08 12:17:00,1005,1005,1005,1005,0
2022-04-08 12:18:00,1005,1005,1005,1005,0
2022-04-08 12:19:00,1005,1005,1005,1005,0
2022-04-08 12:20:00,1005,1005,1005,1005,0
2022-04-08 12:21:00,1005,1005,1005,1005,0
2022-04-08 12:22:00,1005,1005,1005,1005,0
2022-04-08 12:23:00,1005,1005,1005,1005,0
2022-04-08 12:24:00,1005,1005,1005,1005,0
2022-04-08 12:25:00,1005,1005,1005,1005,0
2022-04-08 12:26:00,1005,1005,1005,1005,0
2022-04-08 12:27:00,1005,1005,1005,1005,0
2022-04-08 12:28:00,1005,1005,1005,1005,0
2022-04-08 12:29:00,1005,1005,1005,1005,0
2022-04-08 12:30:00,1005,1005,1005,1005,0
2022-04-08 12:31:00,1005,1005,1005,1005,0
2022-04-08 12:32:00,1005,1005,1005,1005,0
2022-04-08 12:33:00,1005,1005,1005,1005,0
2022-04-08 12:34:00,1005,1005,1005,1005,0
2022-04-08 12:35:00,1005,1005,1005,1005,0
2022-04-08 12:36:00,1005,1005,1005,1005,0
2022-04-08 12:37:00,1005,1005,1005,1005,0
2022-04-08 12:38:00,1005,1005,1005,1005,0
2022-04-08 12:39:00,1005,1005,1005,1005,0
2022-04-08 12:40:00,1005,1005,1005,1005,0
2022-04-08 12:41:00,1005,1005,1005,1005,0
2022-04-08 12:42:00,1005,1005,1005,1005,0
2022-04-08 12:43:00,1005,1005,1005,1005,0
2022-04-08 12:44:00,1005,1005,1005,1005,0
2022-04-08 12:45:00,1005,1005,1005,1005,0
2022-04-08 12:46:00,1005,1005,1005,1005,0
2022-04-08 12:47:00,1005,1005,1005,1005,0
2022-04-08 12:48:00,1005,1005,1005,1005,0
2022-04-08 12:49:00,1005,1005,1005,1005,0
2022-04-08 12:50:00,1005,1005,1005,1005,0
2022-04-08 12:51:00,1005,1005,1005,1005,0
2022-04-08 12:52:00,1005,1005,1005,1005,0
2022-04-08 12:53:00,1005,1005,1005,1005,0
2022-04-08 12:54:00,1005,1005,1005,1005,0
2022-04-08 12:55:00,1005,1005,1005,1005,0
2022-04-08 12:56:00,1005,1005,1005,1005,0
2022-04-08 12:57:00,1005,1005,1005,1005,0
2022-04-08 12:58:00,1005,1005,1005,1005,0
2022-04-08 12:59:00,1005,1005,1005,1005,0
2022-04-08 13:00:00,1005,1005,1005,1005,0
2022-04-08 13:01:00,1005,1005,1005,1005,0
2022-04-08 13:02:00,1005,1005,1005,1005,0
2022-04-08 13:03:00,1005,1005,1005,1005,0
2022-04-08 13:04:00,1005,1005,1005,1005,0
2022-04-08 13:05:00,1005,1005,1005,1005,0
2022-04-08 13:06:00,1005,1005,1005,1005,0
2022-04-08 13:07:00,1005,1005,1005,1005,0
2022-04-08 13:08:00,1005,1005,1005,1005,0
2022-04-08 13:09:00,1005,1005,1005,1005,0
2022-04-08 13:10:00,1005,1005,1005,1005,0
2022-04-08 13:11:00,1005,1005,1005,1005,0
2022-04-08 13:12:00,1005,1005,1005,1005,0
2022-04-08 13:13:00,1005,1005,1005,1005,0
2022-04-08 13:14:00,1005,1005,1005,1005,0
2022-04-08 13:15:00,1005,1005,1005,1005,0
2022-04-08 13:16:00,1005,1005,1005,1005,0
2022-04-08 13:17:00,1005,1005,1005,1005,0
2022-04-08 13:18:00,1005,1005,1005,1005,0
2022-04-08 13:19:00,1005,1005,1005,1005,0
2022-04-08 13:20:00,1005,1005,1005,1005,0
2022-04-08 13:21:00,1005,1005,1005,1005,0
2022-04-08 13:22:00,1005,1005,1005,1005,0
2022-04-08 13:23:00,1005,1005,1005,1005,0
2022-04-08 13:24:00,1005,1005,1005,1005,0
2022-04-08 13:25:00,1005,1005,1005,1005,0
2022-04-08 13:26:00,1005,1005,1005,1005,0
2022-04-08 13:27:00,1005,1005,1005,1005,0
2022-04-08 13:28:00,1005,1005,1005,1005,0
2022-04-08 13:29:00,1005,1005,1005,1005,0
2022-04-08 13:30:00,1010,1010,1010,1010,600
2022-04-08 13:31:00,1010,1010,1010,1010,0
2022-04-08 13:32:00,1010,1010,1010,1010,0
2022-04-08 13:33:00,1010,1010,1010,1010,1000
2022-04-08 13:34:00,1010,1010,1010,1010,0
2022-04-08 13:35:00,1010,1010,1010,1010,0
2022-04-08 13:36:00,1010,1010,1010,1010,0
2022-04-08 13:37:00,1010,1010,1010,1010,0
2022-04-08 13:38:00,1010,1010,1010,1010,0
2022-04-08 13:39:00,1010,1010,1010,1010,0
2022-04-08 13:40:00,1010,1010,1010,1010,0
2022-04-08 13:41:00,1010,1010,1010,1010,0
2022-04-08 13:42:00,1010,1010,1010,1010,0
2022-04-08 13:43:00,1010,1010,1010,1010,9900
2022-04-08 13:44:00,1010,1010,1010,1010,0
2022-04-08 13:45:00,1010,1010,1010,1010,0
2022-04-08 13:46:00,1005,1005,1005,1005,6100
2022-04-08 13:47:00,1005,1005,1005,1005,0
2022-04-08 13:48:00,1010,1010,1010,1010,100
2022-04-08 13:49:00,1010,1010,1010,1010,100
2022-04-08 13:50:00,1010,1010,1010,1010,400
2022-04-08 13:51:00,1010,1010,1010,1010,0
2022-04-08 13:52:00,1010,1005,1010,1005,653400
2022-04-08 13:53:00,1010,1005,1010,1010,352200
2022-04-08 13:54:00,1010,1005,1010,1010,0
2022-04-08 13:55:00,1005,1005,1005,1005,36600
2022-04-08 13:56:00,1005,1005,1005,1005,0
2022-04-08 13:57:00,1005,1005,1005,1005,2000
2022-04-08 13:58:00,1010,1010,1010,1010,250000
2022-04-08 13:59:00,1010,1010,1010,1010,0
2022-04-08 14:00:00,1010,1010,1010,1010,0
2022-04-08 14:01:00,1010,1010,1010,1010,0
2022-04-08 14:02:00,1010,1010,1010,1010,2800
2022-04-08 14:03:00,1010,1010,1010,1010,0
2022-04-08 14:04:00,1010,1010,1010,1010,0
2022-04-08 14:05:00,1010,1010,1010,1010,0
2022-04-08 14:06:00,1010,1010,1010,1010,0
2022-04-08 14:07:00,1010,1010,1010,1010,0
2022-04-08 14:08:00,1010,1010,1010,1010,0
2022-04-08 14:09:00,1005,1005,1005,1005,200
2022-04-08 14:10:00,1005,1005,1005,1005,0
2022-04-08 14:11:00,1005,1005,1005,1005,0
2022-04-08 14:12:00,1005,1005,1005,1005,100
2022-04-08 14:13:00,1010,1010,1010,1010,100
2022-04-08 14:14:00,1010,1010,1010,1010,0
2022-04-08 14:15:00,1005,1005,1005,1005,100
2022-04-08 14:16:00,1005,1005,1005,1005,0
2022-04-08 14:17:00,1005,1005,1005,1005,0
2022-04-08 14:18:00,1005,1005,1005,1005,0
2022-04-08 14:19:00,1005,1005,1005,1005,0
2022-04-08 14:20:00,1005,1005,1005,1005,0
2022-04-08 14:21:00,1005,1005,1005,1005,0
2022-04-08 14:22:00,1005,1005,1005,1005,0
2022-04-08 14:23:00,1005,1005,1005,1005,500
2022-04-08 14:24:00,1005,1005,1005,1005,0
2022-04-08 14:25:00,1010,1010,1010,1010,100
2022-04-08 14:26:00,1010,1010,1010,1010,800
2022-04-08 14:27:00,1010,1010,1010,1010,300
2022-04-08 14:28:00,1010,1010,1010,1010,0
2022-04-08 14:29:00,1010,1010,1010,1010,0
2022-04-08 14:30:00,1010,1010,1010,1010,0
2022-04-08 14:31:00,1010,1010,1010,1010,0
2022-04-08 14:32:00,1005,1005,1005,1005,42300
2022-04-08 14:33:00,1005,1005,1005,1005,107000
2022-04-08 14:34:00,1005,1005,1005,1005,3000
2022-04-08 14:35:00,1005,1005,1005,1005,0
2022-04-08 14:36:00,1005,1005,1005,1005,0
2022-04-08 14:37:00,1005,1005,1005,1005,200
2022-04-08 14:38:00,1005,1005,1005,1005,0
2022-04-08 14:39:00,1005,1005,1005,1005,0
2022-04-08 14:40:00,1005,1005,1005,1005,0
2022-04-08 14:41:00,1005,1005,1005,1005,0
2022-04-08 14:42:00,1005,1005,1005,1005,0
2022-04-08 14:43:00,1005,1000,1005,1005,3300
2022-04-08 14:44:00,1005,1005,1005,1005,200
2022-04-08 14:45:00,1005,1005,1005,1005,300
2022-04-08 14:46:00,1005,1005,1005,1005,0
2022-04-08 14:47:00,1005,1005,1005,1005,0
2022-04-08 14:48:00,1005,1005,1005,1005,0
2022-04-08 14:49:00,1000,1000,1000,1000,2700
2022-04-08 14:50:00,1000,1000,1000,1000,0
2022-04-08 14:51:00,1000,1000,1000,1000,0
2022-04-08 14:52:00,1000,1000,1000,1000,0
2022-04-08 14:53:00,1000,1000,1000,1000,0
2022-04-08 14:54:00,1000,1000,1000,1000,0
2022-04-08 14:55:00,1000,1000,1000,1000,0
2022-04-08 14:56:00,1000,1000,1000,1000,0
2022-04-08 14:57:00,1000,1000,1000,1000,0
2022-04-08 14:58:00,1000,1000,1000,1000,0
2022-04-08 14:59:00,1000,1000,1000,1000,0
2022-04-08 15:00:00,1010,1010,1010,1010,149200
2022-04-08 15:01:00,1010,1010,1010,1010,349200
2022-04-08 15:02:00,1010,1010,1010,1010,9900
2022-04-08 15:03:00,1010,1010,1010,1010,500
2022-04-08 15:04:00,1010,1010,1010,1010,0
2022-04-08 15:05:00,1010,1010,1010,1010,0
2022-04-08 15:06:00,1010,1010,1010,1010,0
2022-04-08 15:07:00,1010,1010,1010,1010,0
2022-04-08 15:08:00,1010,1010,1010,1010,0
2022-04-08 15:09:00,1010,1010,1010,1010,800
2022-04-08 15:10:00,1010,1010,1010,1010,0
2022-04-08 15:11:00,1010,1010,1010,1010,0
2022-04-08 15:12:00,1010,1010,1010,1010,50000
2022-04-08 15:13:00,1010,1010,1010,1010,0
2022-04-08 15:14:00,1010,1010,1010,1010,0
2022-04-08 15:15:00,1010,1010,1010,1010,0
2022-04-08 15:16:00,1010,1010,1010,1010,0
2022-04-08 15:17:00,1010,1010,1010,1010,0
2022-04-08 15:18:00,1010,1010,1010,1010,0
2022-04-08 15:19:00,1010,1010,1010,1010,0
2022-04-08 15:20:00,1010,1010,1010,1010,0
2022-04-08 15:21:00,1010,1010,1010,1010,0
2022-04-08 15:22:00,1010,1010,1010,1010,0
2022-04-08 15:23:00,1010,1010,1010,1010,0
2022-04-08 15:24:00,1010,1010,1010,1010,0
2022-04-08 15:25:00,1010,1010,1010,1010,0
2022-04-08 15:26:00,1010,1010,1010,1010,0
2022-04-08 15:27:00,1010,1010,1010,1010,0
2022-04-08 15:28:00,1010,1010,1010,1010,0
2022-04-08 15:29:00,1010,1010,1010,1010,0
2022-04-08 15:30:00,1010,1010,1010,1010,0
2022-04-08 15:31:00,1010,1010,1010,1010,0
2022-04-08 15:32:00,1010,1010,1010,1010,0
2022-04-08 15:33:00,1010,1010,1010,1010,0
2022-04-08 15:34:00,1010,1010,1010,1010,0
2022-04-08 15:35:00,1010,1010,1010,1010,0
2022-04-08 15:36:00,1010,1010,1010,1010,0
2022-04-08 15:37:00,1010,1010,1010,1010,0
2022-04-08 15:38:00,1010,1010,1010,1010,0
2022-04-08 15:39:00,1010,1010,1010,1010,0
2022-04-08 15:40:00,1010,1010,1010,1010,0
2022-04-08 15:41:00,1010,1010,1010,1010,0
2022-04-08 15:42:00,1010,1010,1010,1010,0
2022-04-08 15:43:00,1010,1010,1010,1010,0
2022-04-08 15:44:00,1010,1010,1010,1010,0
2022-04-08 15:45:00,1010,1010,1010,1010,0
2022-04-08 15:46:00,1010,1010,1010,1010,0
2022-04-08 15:47:00,1010,1010,1010,1010,0
2022-04-08 15:48:00,1010,1010,1010,1010,0
2022-04-08 15:49:00,1010,1010,1010,1010,0
2022-04-08 15:50:00,1010,1010,1010,1010,0
2022-04-08 15:51:00,1010,1010,1010,1010,0
2022-04-08 15:52:00,1010,1010,1010,1010,0
2022-04-08 15:53:00,1010,1010,1010,1010,0
2022-04-08 15:54:00,1010,1010,1010,1010,0
2022-04-08 15:55:00,1010,1010,1010,1010,0
2022-04-08 15:56:00,1010,1010,1010,1010,0
2022-04-08 15:57:00,1010,1010,1010,1010,0
2022-04-08 15:58:00,1010,1010,1010,1010,0
2022-04-08 15:59:00,1010,1010,1010,1010,0
2022-04-11 09:00:00,1010,1010,1020,1020,0
2022-04-11 09:01:00,1010,1010,1020,1020,0
2022-04-11 09:02:00,1010,1010,1020,1020,0
2022-04-11 09:03:00,1015,1015,1015,1015,300
2022-04-11 09:04:00,1015,1015,1015,1015,0
2022-04-11 09:05:00,1015,1015,1015,1015,0
2022-04-11 09:06:00,1015,1015,1015,1015,0
2022-04-11 09:07:00,1010,1010,1010,1010,200
2022-04-11 09:08:00,1010,1010,1010,1010,351000
2022-04-11 09:09:00,1010,1010,1010,1010,350000
2022-04-11 09:10:00,1010,1010,1015,1015,257700
2022-04-11 09:11:00,1015,1015,1015,1015,72100
2022-04-11 09:12:00,1015,1015,1015,1015,12000
2022-04-11 09:13:00,1020,1020,1020,1020,179200
2022-04-11 09:14:00,1020,1020,1020,1020,82000
2022-04-11 09:15:00,1015,1015,1015,1015,200
2022-04-11 09:16:00,1020,1020,1020,1020,138800
2022-04-11 09:17:00,1020,1020,1025,1025,93300
2022-04-11 09:18:00,1025,1025,1025,1025,505000
2022-04-11 09:19:00,1025,1020,1025,1020,151000
2022-04-11 09:20:00,1025,1020,1025,1020,0
2022-04-11 09:21:00,1020,1020,1020,1020,50500
2022-04-11 09:22:00,1020,1020,1020,1020,44900
2022-04-11 09:23:00,1020,1020,1020,1020,58400
2022-04-11 09:24:00,1020,1020,1020,1020,58400
2022-04-11 09:25:00,1020,1020,1020,1020,0
2022-04-11 09:26:00,1025,1020,1025,1020,2400
2022-04-11 09:27:00,1025,1020,1025,1020,0
2022-04-11 09:28:00,1025,1020,1025,1020,0
2022-04-11 09:29:00,1020,1020,1020,1020,400
2022-04-11 09:30:00,1020,1020,1020,1020,1000
2022-04-11 09:31:00,1020,1020,1020,1020,0
2022-04-11 09:32:00,1020,1020,1020,1020,8500
2022-04-11 09:33:00,1020,1020,1020,1020,0
2022-04-11 09:34:00,1020,1020,1020,1020,0
2022-04-11 09:35:00,1020,1020,1020,1020,4500
2022-04-11 09:36:00,1015,1015,1015,1015,500
2022-04-11 09:37:00,1015,1015,1015,1015,10000
2022-04-11 09:38:00,1015,1015,1020,1020,500
2022-04-11 09:39:00,1020,1020,1020,1020,900
2022-04-11 09:40:00,1020,1020,1020,1020,0
2022-04-11 09:41:00,1020,1020,1020,1020,0
2022-04-11 09:42:00,1020,1020,1020,1020,0
2022-04-11 09:43:00,1020,1020,1020,1020,0
2022-04-11 09:44:00,1015,1015,1015,1015,500
2022-04-11 09:45:00,1015,1015,1015,1015,6500
2022-04-11 09:46:00,1015,1015,1020,1020,500
2022-04-11 09:47:00,1015,1015,1020,1020,0
2022-04-11 09:48:00,1015,1015,1020,1020,0
2022-04-11 09:49:00,1015,1015,1020,1020,1600
2022-04-11 09:50:00,1015,1015,1020,1020,0
2022-04-11 09:51:00,1015,1015,1015,1015,500
2022-04-11 09:52:00,1015,1015,1015,1015,8800
2022-04-11 09:53:00,1010,1010,1010,1010,3500
2022-04-11 09:54:00,1010,1010,1010,1010,0
2022-04-11 09:55:00,1010,1010,1010,1010,0
2022-04-11 09:56:00,1015,1015,1015,1015,7500
2022-04-11 09:57:00,1015,1015,1015,1015,0
2022-04-11 09:58:00,1015,1015,1015,1015,0
2022-04-11 09:59:00,1015,1015,1015,1015,0
2022-04-11 10:00:00,1010,1010,1010,1010,17500
2022-04-11 10:01:00,1010,1010,1010,1010,6200
2022-04-11 10:02:00,1010,1010,1010,1010,200
2022-04-11 10:03:00,1010,1010,1010,1010,0
2022-04-11 10:04:00,1010,1010,1010,1010,0
2022-04-11 10:05:00,1010,1010,1010,1010,0
2022-04-11 10:06:00,1010,1010,1010,1010,0
2022-04-11 10:07:00,1010,1010,1010,1010,0
2022-04-11 10:08:00,1010,1010,1010,1010,0
2022-04-11 10:09:00,1015,1015,1015,1015,100
2022-04-11 10:10:00,1015,1015,1015,1015,4900
2022-04-11 10:11:00,1015,1015,1015,1015,0
2022-04-11 10:12:00,1010,1010,1010,1010,10000
2022-04-11 10:13:00,1010,1010,1010,1010,0
2022-04-11 10:14:00,1010,1010,1010,1010,0
2022-04-11 10:15:00,1010,1010,1010,1010,0
2022-04-11 10:16:00,1010,1010,1010,1010,0
2022-04-11 10:17:00,1010,1010,1010,1010,0
2022-04-11 10:18:00,1010,1010,1010,1010,100
2022-04-11 10:19:00,1010,1010,1010,1010,0
2022-04-11 10:20:00,1010,1010,1010,1010,1400
2022-04-11 10:21:00,1010,1010,1010,1010,0
2022-04-11 10:22:00,1010,1010,1010,1010,500
2022-04-11 10:23:00,1010,1010,1010,1010,0
2022-04-11 10:24:00,1010,1010,1010,1010,0
2022-04-11 10:25:00,1010,1010,1010,1010,0
2022-04-11 10:26:00,1010,1010,1010,1010,500
2022-04-11 10:27:00,1010,1010,1010,1010,0
2022-04-11 10:28:00,1010,1010,1010,1010,0
2022-04-11 10:29:00,1010,1010,1010,1010,0
2022-04-11 10:30:00,1010,1010,1010,1010,200
2022-04-11 10:31:00,1010,1010,1010,1010,1000
2022-04-11 10:32:00,1010,1010,1010,1010,0
2022-04-11 10:33:00,1010,1010,1010,1010,0
2022-04-11 10:34:00,1010,1010,1010,1010,0
2022-04-11 10:35:00,1010,1010,1010,1010,0
2022-04-11 10:36:00,1010,1010,1010,1010,0
2022-04-11 10:37:00,1010,1010,1010,1010,0
2022-04-11 10:38:00,1010,1010,1010,1010,0
2022-04-11 10:39:00,1010,1010,1010,1010,0
2022-04-11 10:40:00,1010,1010,1010,1010,0
2022-04-11 10:41:00,1010,1010,1010,1010,0
2022-04-11 10:42:00,1015,1015,1015,1015,2800
2022-04-11 10:43:00,1015,1015,1015,1015,0
2022-04-11 10:44:00,1015,1015,1015,1015,300
2022-04-11 10:45:00,1015,1015,1015,1015,0
2022-04-11 10:46:00,1015,1015,1015,1015,0
2022-04-11 10:47:00,1015,1015,1015,1015,0
2022-04-11 10:48:00,1015,1015,1015,1015,0
2022-04-11 10:49:00,1015,1015,1015,1015,0
2022-04-11 10:50:00,1015,1015,1015,1015,0
2022-04-11 10:51:00,1015,1015,1015,1015,0
2022-04-11 10:52:00,1015,1015,1015,1015,0
2022-04-11 10:53:00,1015,1015,1015,1015,2000
2022-04-11 10:54:00,1015,1015,1015,1015,0
2022-04-11 10:55:00,1015,1015,1015,1015,0
2022-04-11 10:56:00,1015,1015,1015,1015,0
2022-04-11 10:57:00,1015,1015,1015,1015,0
2022-04-11 10:58:00,1015,1015,1015,1015,0
2022-04-11 10:59:00,1015,1015,1015,1015,100
2022-04-11 11:00:00,1015,1015,1015,1015,0
2022-04-11 11:01:00,1010,1010,1010,1010,12000
2022-04-11 11:02:00,1010,1010,1010,1010,1000
2022-04-11 11:03:00,1010,1010,1010,1010,3200
2022-04-11 11:04:00,1010,1010,1010,1010,0
2022-04-11 11:05:00,1010,1010,1010,1010,0
2022-04-11 11:06:00,1010,1010,1010,1010,100
2022-04-11 11:07:00,1010,1010,1010,1010,0
2022-04-11 11:08:00,1010,1010,1010,1010,0
2022-04-11 11:09:00,1010,1010,1010,1010,0
2022-04-11 11:10:00,1010,1010,1010,1010,0
2022-04-11 11:11:00,1010,1010,1010,1010,0
2022-04-11 11:12:00,1010,1010,1010,1010,0
2022-04-11 11:13:00,1010,1010,1010,1010,1000
2022-04-11 11:14:00,1010,1010,1010,1010,0
2022-04-11 11:15:00,1010,1010,1010,1010,6000
2022-04-11 11:16:00,1010,1010,1010,1010,1000
2022-04-11 11:17:00,1005,1005,1005,1005,5000
2022-04-11 11:18:00,1005,1005,1005,1005,0
2022-04-11 11:19:00,1005,1005,1005,1005,0
2022-04-11 11:20:00,1005,1005,1005,1005,1000
2022-04-11 11:21:00,1005,1005,1005,1005,6400
2022-04-11 11:22:00,1010,1005,1010,1005,400
2022-04-11 11:23:00,1010,1005,1010,1005,0
2022-04-11 11:24:00,1010,1005,1010,1005,0
2022-04-11 11:25:00,1010,1010,1015,1010,700
2022-04-11 11:26:00,1010,1005,1010,1005,5100
2022-04-11 11:27:00,1010,1005,1010,1005,0
2022-04-11 11:28:00,1010,1005,1010,1005,0
2022-04-11 11:29:00,1010,1005,1010,1005,3400
2022-04-11 11:30:00,1010,1005,1010,1005,0
2022-04-11 11:31:00,1010,1005,1010,1005,0
2022-04-11 11:32:00,1010,1005,1010,1005,0
2022-04-11 11:33:00,1010,1005,1010,1005,0
2022-04-11 11:34:00,1010,1005,1010,1005,0
2022-04-11 11:35:00,1010,1005,1010,1005,0
2022-04-11 11:36:00,1010,1005,1010,1005,0
2022-04-11 11:37:00,1010,1005,1010,1005,0
2022-04-11 11:38:00,1010,1005,1010,1005,0
2022-04-11 11:39:00,1010,1005,1010,1005,0
2022-04-11 11:40:00,1010,1005,1010,1005,0
2022-04-11 11:41:00,1010,1005,1010,1005,0
2022-04-11 11:42:00,1010,1005,1010,1005,0
2022-04-11 11:43:00,1010,1005,1010,1005,0
2022-04-11 11:44:00,1010,1005,1010,1005,0
2022-04-11 11:45:00,1010,1005,1010,1005,0
2022-04-11 11:46:00,1010,1005,1010,1005,0
2022-04-11 11:47:00,1010,1005,1010,1005,0
2022-04-11 11:48:00,1010,1005,1010,1005,0
2022-04-11 11:49:00,1010,1005,1010,1005,0
2022-04-11 11:50:00,1010,1005,1010,1005,0
2022-04-11 11:51:00,1010,1005,1010,1005,0
2022-04-11 11:52:00,1010,1005,1010,1005,0
2022-04-11 11:53:00,1010,1005,1010,1005,0
2022-04-11 11:54:00,1010,1005,1010,1005,0
2022-04-11 11:55:00,1010,1005,1010,1005,0
2022-04-11 11:56:00,1010,1005,1010,1005,0
2022-04-11 11:57:00,1010,1005,1010,1005,0
2022-04-11 11:58:00,1010,1005,1010,1005,0
2022-04-11 11:59:00,1010,1005,1010,1005,0
2022-04-11 12:00:00,1010,1005,1010,1005,0
2022-04-11 12:01:00,1010,1005,1010,1005,0
2022-04-11 12:02:00,1010,1005,1010,1005,0
2022-04-11 12:03:00,1010,1005,1010,1005,0
2022-04-11 12:04:00,1010,1005,1010,1005,0
2022-04-11 12:05:00,1010,1005,1010,1005,0
2022-04-11 12:06:00,1010,1005,1010,1005,0
2022-04-11 12:07:00,1010,1005,1010,1005,0
2022-04-11 12:08:00,1010,1005,1010,1005,0
2022-04-11 12:09:00,1010,1005,1010,1005,0
2022-04-11 12:10:00,1010,1005,1010,1005,0
2022-04-11 12:11:00,1010,1005,1010,1005,0
2022-04-11 12:12:00,1010,1005,1010,1005,0
2022-04-11 12:13:00,1010,1005,1010,1005,0
2022-04-11 12:14:00,1010,1005,1010,1005,0
2022-04-11 12:15:00,1010,1005,1010,1005,0
2022-04-11 12:16:00,1010,1005,1010,1005,0
2022-04-11 12:17:00,1010,1005,1010,1005,0
2022-04-11 12:18:00,1010,1005,1010,1005,0
2022-04-11 12:19:00,1010,1005,1010,1005,0
2022-04-11 12:20:00,1010,1005,1010,1005,0
2022-04-11 12:21:00,1010,1005,1010,1005,0
2022-04-11 12:22:00,1010,1005,1010,1005,0
2022-04-11 12:23:00,1010,1005,1010,1005,0
2022-04-11 12:24:00,1010,1005,1010,1005,0
2022-04-11 12:25:00,1010,1005,1010,1005,0
2022-04-11 12:26:00,1010,1005,1010,1005,0
2022-04-11 12:27:00,1010,1005,1010,1005,0
2022-04-11 12:28:00,1010,1005,1010,1005,0
2022-04-11 12:29:00,1010,1005,1010,1005,0
2022-04-11 12:30:00,1010,1005,1010,1005,0
2022-04-11 12:31:00,1010,1005,1010,1005,0
2022-04-11 12:32:00,1010,1005,1010,1005,0
2022-04-11 12:33:00,1010,1005,1010,1005,0
2022-04-11 12:34:00,1010,1005,1010,1005,0
2022-04-11 12:35:00,1010,1005,1010,1005,0
2022-04-11 12:36:00,1010,1005,1010,1005,0
2022-04-11 12:37:00,1010,1005,1010,1005,0
2022-04-11 12:38:00,1010,1005,1010,1005,0
2022-04-11 12:39:00,1010,1005,1010,1005,0
2022-04-11 12:40:00,1010,1005,1010,1005,0
2022-04-11 12:41:00,1010,1005,1010,1005,0
2022-04-11 12:42:00,1010,1005,1010,1005,0
2022-04-11 12:43:00,1010,1005,1010,1005,0
2022-04-11 12:44:00,1010,1005,1010,1005,0
2022-04-11 12:45:00,1010,1005,1010,1005,0
2022-04-11 12:46:00,1010,1005,1010,1005,0
2022-04-11 12:47:00,1010,1005,1010,1005,0
2022-04-11 12:48:00,1010,1005,1010,1005,0
2022-04-11 12:49:00,1010,1005,1010,1005,0
2022-04-11 12:50:00,1010,1005,1010,1005,0
2022-04-11 12:51:00,1010,1005,1010,1005,0
2022-04-11 12:52:00,1010,1005,1010,1005,0
2022-04-11 12:53:00,1010,1005,1010,1005,0
2022-04-11 12:54:00,1010,1005,1010,1005,0
2022-04-11 12:55:00,1010,1005,1010,1005,0
2022-04-11 12:56:00,1010,1005,1010,1005,0
2022-04-11 12:57:00,1010,1005,1010,1005,0
2022-04-11 12:58:00,1010,1005,1010,1005,0
2022-04-11 12:59:00,1010,1005,1010,1005,0
2022-04-11 13:00:00,1010,1005,1010,1005,0
2022-04-11 13:01:00,1010,1005,1010,1005,0
2022-04-11 13:02:00,1010,1005,1010,1005,0
2022-04-11 13:03:00,1010,1005,1010,1005,0
2022-04-11 13:04:00,1010,1005,1010,1005,0
2022-04-11 13:05:00,1010,1005,1010,1005,0
2022-04-11 13:06:00,1010,1005,1010,1005,0
2022-04-11 13:07:00,1010,1005,1010,1005,0
2022-04-11 13:08:00,1010,1005,1010,1005,0
2022-04-11 13:09:00,1010,1005,1010,1005,0
2022-04-11 13:10:00,1010,1005,1010,1005,0
2022-04-11 13:11:00,1010,1005,1010,1005,0
2022-04-11 13:12:00,1010,1005,1010,1005,0
2022-04-11 13:13:00,1010,1005,1010,1005,0
2022-04-11 13:14:00,1010,1005,1010,1005,0
2022-04-11 13:15:00,1010,1005,1010,1005,0
2022-04-11 13:16:00,1010,1005,1010,1005,0
2022-04-11 13:17:00,1010,1005,1010,1005,0
2022-04-11 13:18:00,1010,1005,1010,1005,0
2022-04-11 13:19:00,1010,1005,1010,1005,0
2022-04-11 13:20:00,1010,1005,1010,1005,0
2022-04-11 13:21:00,1010,1005,1010,1005,0
2022-04-11 13:22:00,1010,1005,1010,1005,0
2022-04-11 13:23:00,1010,1005,1010,1005,0
2022-04-11 13:24:00,1010,1005,1010,1005,0
2022-04-11 13:25:00,1010,1005,1010,1005,0
2022-04-11 13:26:00,1010,1005,1010,1005,0
2022-04-11 13:27:00,1010,1005,1010,1005,0
2022-04-11 13:28:00,1010,1005,1010,1005,0
2022-04-11 13:29:00,1010,1005,1010,1005,0
2022-04-11 13:30:00,1005,1005,1005,1005,100
2022-04-11 13:31:00,1005,1005,1005,1005,0
2022-04-11 13:32:00,1005,1005,1005,1005,0
2022-04-11 13:33:00,1005,1005,1005,1005,0
2022-04-11 13:34:00,1005,1005,1005,1005,1000
2022-04-11 13:35:00,1005,1005,1005,1005,1000
2022-04-11 13:36:00,1005,1005,1005,1005,0
2022-04-11 13:37:00,1005,1005,1005,1005,0
2022-04-11 13:38:00,1005,1005,1005,1005,2500
2022-04-11 13:39:00,1005,1005,1005,1005,0
2022-04-11 13:40:00,1005,1005,1005,1005,0
2022-04-11 13:41:00,1010,1010,1010,1010,500
2022-04-11 13:42:00,1010,1010,1010,1010,0
2022-04-11 13:43:00,1010,1010,1010,1010,0
2022-04-11 13:44:00,1010,1010,1010,1010,5700
2022-04-11 13:45:00,1010,1010,1010,1010,0
2022-04-11 13:46:00,1010,1010,1010,1010,3200
2022-04-11 13:47:00,1010,1010,1010,1010,0
2022-04-11 13:48:00,1010,1010,1010,1010,0
2022-04-11 13:49:00,1010,1010,1010,1010,2200
2022-04-11 13:50:00,1005,1005,1005,1005,200
2022-04-11 13:51:00,1005,1005,1005,1005,0
2022-04-11 13:52:00,1005,1005,1010,1010,500400
2022-04-11 13:53:00,1010,1010,1010,1010,448300
2022-04-11 13:54:00,1010,1010,1010,1010,245900
2022-04-11 13:55:00,1010,1010,1010,1010,150000
2022-04-11 13:56:00,1010,1010,1010,1010,0
2022-04-11 13:57:00,1010,1005,1010,1005,64300
2022-04-11 13:58:00,1010,1005,1010,1005,0
2022-04-11 13:59:00,1010,1010,1010,1010,7500
2022-04-11 14:00:00,1010,1010,1010,1010,6000
2022-04-11 14:01:00,1010,1010,1010,1010,0
2022-04-11 14:02:00,1005,1005,1015,1015,35700
2022-04-11 14:03:00,1010,1010,1010,1010,10000
2022-04-11 14:04:00,1010,1010,1010,1010,0
2022-04-11 14:05:00,1010,1010,1010,1010,0
2022-04-11 14:06:00,1005,1005,1005,1005,100
2022-04-11 14:07:00,1010,1010,1010,1010,500
2022-04-11 14:08:00,1010,1010,1010,1010,0
2022-04-11 14:09:00,1010,1010,1010,1010,300
2022-04-11 14:10:00,1010,1010,1010,1010,0
2022-04-11 14:11:00,1010,1010,1010,1010,0
2022-04-11 14:12:00,1010,1010,1010,1010,0
2022-04-11 14:13:00,1010,1010,1010,1010,0
2022-04-11 14:14:00,1010,1010,1010,1010,0
2022-04-11 14:15:00,1010,1010,1010,1010,0
2022-04-11 14:16:00,1010,1010,1010,1010,19700
2022-04-11 14:17:00,1010,1010,1010,1010,0
2022-04-11 14:18:00,1010,1010,1010,1010,0
2022-04-11 14:19:00,1005,1005,1005,1005,200
2022-04-11 14:20:00,1005,1005,1005,1005,0
2022-04-11 14:21:00,1005,1005,1005,1005,0
2022-04-11 14:22:00,1005,1005,1005,1005,0
2022-04-11 14:23:00,1005,1005,1005,1005,500
2022-04-11 14:24:00,1005,1005,1005,1005,0
2022-04-11 14:25:00,1005,1005,1005,1005,0
2022-04-11 14:26:00,1005,1005,1005,1005,39900
2022-04-11 14:27:00,1005,1005,1005,1005,0
2022-04-11 14:28:00,1005,1005,1005,1005,0
2022-04-11 14:29:00,1005,1005,1005,1005,100
2022-04-11 14:30:00,1005,1005,1005,1005,25000
2022-04-11 14:31:00,1005,1005,1005,1005,17300
2022-04-11 14:32:00,1005,1005,1005,1005,0
2022-04-11 14:33:00,1005,1005,1005,1005,3100
2022-04-11 14:34:00,1005,1000,1005,1000,4400
2022-04-11 14:35:00,1010,1010,1010,1010,100
2022-04-11 14:36:00,1010,1010,1010,1010,0
2022-04-11 14:37:00,1010,1010,1010,1010,0
2022-04-11 14:38:00,1010,1010,1010,1010,0
2022-04-11 14:39:00,1010,1010,1010,1010,0
2022-04-11 14:40:00,1010,1010,1010,1010,0
2022-04-11 14:41:00,1010,1010,1010,1010,0
2022-04-11 14:42:00,1010,1010,1010,1010,0
2022-04-11 14:43:00,1010,1010,1010,1010,0
2022-04-11 14:44:00,1010,1010,1010,1010,0
2022-04-11 14:45:00,1010,1010,1010,1010,400
2022-04-11 14:46:00,1005,1005,1005,1005,800
2022-04-11 14:47:00,1005,1005,1005,1005,0
2022-04-11 14:48:00,1005,1005,1005,1005,2800
2022-04-11 14:49:00,1005,1005,1005,1005,0
2022-04-11 14:50:00,1005,1005,1005,1005,0
2022-04-11 14:51:00,1005,1005,1005,1005,0
2022-04-11 14:52:00,1005,1005,1005,1005,0
2022-04-11 14:53:00,1005,1005,1005,1005,0
2022-04-11 14:54:00,1005,1005,1005,1005,0
2022-04-11 14:55:00,1005,1005,1005,1005,0
2022-04-11 14:56:00,1005,1005,1005,1005,0
2022-04-11 14:57:00,1005,1005,1005,1005,0
2022-04-11 14:58:00,1005,1005,1005,1005,0
2022-04-11 14:59:00,1005,1005,1005,1005,0
2022-04-11 15:00:00,1000,1000,1000,1000,58700
2022-04-11 15:01:00,1000,1000,1000,1000,0
2022-04-11 15:02:00,1000,1000,1000,1000,62300
2022-04-11 15:03:00,1000,1000,1000,1000,0
2022-04-11 15:04:00,1000,1000,1000,1000,10000
2022-04-11 15:05:00,1000,1000,1000,1000,3300
2022-04-11 15:06:00,1000,1000,1000,1000,3000
2022-04-11 15:07:00,1000,1000,1000,1000,900
2022-04-11 15:08:00,1000,1000,1000,1000,2000
2022-04-11 15:09:00,1000,1000,1000,1000,0
2022-04-11 15:10:00,1000,1000,1000,1000,0
2022-04-11 15:11:00,1000,1000,1000,1000,3000
2022-04-11 15:12:00,1000,1000,1000,1000,0
2022-04-11 15:13:00,1000,1000,1000,1000,0
2022-04-11 15:14:00,1000,1000,1000,1000,0
2022-04-11 15:15:00,1000,1000,1000,1000,0
2022-04-11 15:16:00,1000,1000,1000,1000,0
2022-04-11 15:17:00,1000,1000,1000,1000,0
2022-04-11 15:18:00,1000,1000,1000,1000,0
2022-04-11 15:19:00,1000,1000,1000,1000,0
2022-04-11 15:20:00,1000,1000,1000,1000,0
2022-04-11 15:21:00,1000,1000,1000,1000,0
2022-04-11 15:22:00,1000,1000,1000,1000,0
2022-04-11 15:23:00,1000,1000,1000,1000,0
2022-04-11 15:24:00,1000,1000,1000,1000,0
2022-04-11 15:25:00,1000,1000,1000,1000,0
2022-04-11 15:26:00,1000,1000,1000,1000,0
2022-04-11 15:27:00,1000,1000,1000,1000,0
2022-04-11 15:28:00,1000,1000,1000,1000,0
2022-04-11 15:29:00,1000,1000,1000,1000,0
2022-04-11 15:30:00,1000,1000,1000,1000,0
2022-04-11 15:31:00,1000,1000,1000,1000,0
2022-04-11 15:32:00,1000,1000,1000,1000,0
2022-04-11 15:33:00,1000,1000,1000,1000,0
2022-04-11 15:34:00,1000,1000,1000,1000,0
2022-04-11 15:35:00,1000,1000,1000,1000,0
2022-04-11 15:36:00,1000,1000,1000,1000,0
2022-04-11 15:37:00,1000,1000,1000,1000,0
2022-04-11 15:38:00,1000,1000,1000,1000,0
2022-04-11 15:39:00,1000,1000,1000,1000,0
2022-04-11 15:40:00,1000,1000,1000,1000,0
2022-04-11 15:41:00,1000,1000,1000,1000,0
2022-04-11 15:42:00,1000,1000,1000,1000,0
2022-04-11 15:43:00,1000,1000,1000,1000,0
2022-04-11 15:44:00,1000,1000,1000,1000,0
2022-04-11 15:45:00,1000,1000,1000,1000,0
2022-04-11 15:46:00,1000,1000,1000,1000,0
2022-04-11 15:47:00,1000,1000,1000,1000,0
2022-04-11 15:48:00,1000,1000,1000,1000,0
2022-04-11 15:49:00,1000,1000,1000,1000,0
2022-04-11 15:50:00,1000,1000,1000,1000,0
2022-04-11 15:51:00,1000,1000,1000,1000,0
2022-04-11 15:52:00,1000,1000,1000,1000,0
2022-04-11 15:53:00,1000,1000,1000,1000,0
2022-04-11 15:54:00,1000,1000,1000,1000,0
2022-04-11 15:55:00,1000,1000,1000,1000,0
2022-04-11 15:56:00,1000,1000,1000,1000,0
2022-04-11 15:57:00,1000,1000,1000,1000,0
2022-04-11 15:58:00,1000,1000,1000,1000,0
2022-04-11 15:59:00,1000,1000,1000,1000,0
2022-04-12 09:00:00,1005,1000,1005,1000,0
2022-04-12 09:01:00,1000,1000,1000,1000,10000
2022-04-12 09:02:00,1000,1000,1000,1000,3200
2022-04-12 09:03:00,1000,1000,1000,1000,5000
2022-04-12 09:04:00,1000,1000,1000,1000,0
2022-04-12 09:05:00,1000,1000,1000,1000,0
2022-04-12 09:06:00,1000,1000,1000,1000,0
2022-04-12 09:07:00,1005,1005,1005,1005,900
2022-04-12 09:08:00,1000,1000,1000,1000,3300
2022-04-12 09:09:00,1000,1000,1000,1000,1000
2022-04-12 09:10:00,1000,1000,1000,1000,100
2022-04-12 09:11:00,1000,1000,1000,1000,0
2022-04-12 09:12:00,1000,1000,1000,1000,400
2022-04-12 09:13:00,1000,1000,1000,1000,0
2022-04-12 09:14:00,1000,1000,1000,1000,0
2022-04-12 09:15:00,1000,990,1000,1000,639200
2022-04-12 09:16:00,995,990,995,995,6600
2022-04-12 09:17:00,995,990,995,990,8100
2022-04-12 09:18:00,990,990,995,990,16600
2022-04-12 09:19:00,990,990,995,995,51500
2022-04-12 09:20:00,995,995,995,995,300
2022-04-12 09:21:00,995,995,995,995,0
2022-04-12 09:22:00,995,995,995,995,7100
2022-04-12 09:23:00,995,995,995,995,3800
2022-04-12 09:24:00,995,995,995,995,500
2022-04-12 09:25:00,995,995,995,995,1000
2022-04-12 09:26:00,995,995,995,995,0
2022-04-12 09:27:00,995,995,995,995,0
2022-04-12 09:28:00,995,995,995,995,0
2022-04-12 09:29:00,995,995,995,995,0
2022-04-12 09:30:00,995,995,995,995,1400
2022-04-12 09:31:00,995,995,995,995,1500
2022-04-12 09:32:00,995,995,995,995,0
2022-04-12 09:33:00,995,995,995,995,0
2022-04-12 09:34:00,995,995,995,995,0
2022-04-12 09:35:00,995,995,995,995,0
2022-04-12 09:36:00,995,995,995,995,10900
2022-04-12 09:37:00,995,995,995,995,0
2022-04-12 09:38:00,995,995,995,995,1000
2022-04-12 09:39:00,995,995,995,995,0
2022-04-12 09:40:00,995,995,995,995,0
2022-04-12 09:41:00,995,995,995,995,0
2022-04-12 09:42:00,995,995,995,995,21500
2022-04-12 09:43:00,995,995,995,995,0
2022-04-12 09:44:00,1000,1000,1000,1000,37400
2022-04-12 09:45:00,1005,1005,1005,1005,200000
2022-04-12 09:46:00,1005,1005,1010,1010,288800
2022-04-12 09:47:00,1010,1010,1010,1010,54000
2022-04-12 09:48:00,1010,1010,1010,1010,0
2022-04-12 09:49:00,1010,1010,1010,1010,50000
2022-04-12 09:50:00,1010,1010,1010,1010,0
2022-04-12 09:51:00,1010,1010,1015,1015,27800
2022-04-12 09:52:00,1015,1010,1015,1015,236400
2022-04-12 09:53:00,1015,1010,1015,1015,50300
2022-04-12 09:54:00,1015,1015,1015,1015,10900
2022-04-12 09:55:00,1010,1010,1010,1010,8000
2022-04-12 09:56:00,1010,1010,1010,1010,0
2022-04-12 09:57:00,1010,1010,1010,1010,1600
2022-04-12 09:58:00,1010,1010,1010,1010,0
2022-04-12 09:59:00,1010,1010,1010,1010,0
2022-04-12 10:00:00,1010,1010,1010,1010,0
2022-04-12 10:01:00,1010,1010,1010,1010,5000
2022-04-12 10:02:00,1010,1010,1010,1010,0
2022-04-12 10:03:00,1010,1010,1010,1010,700
2022-04-12 10:04:00,1010,1010,1010,1010,7000
2022-04-12 10:05:00,1010,1010,1010,1010,0
2022-04-12 10:06:00,1010,1010,1010,1010,0
2022-04-12 10:07:00,1010,1010,1010,1010,0
2022-04-12 10:08:00,1005,1005,1005,1005,100
2022-04-12 10:09:00,1005,1005,1005,1005,0
2022-04-12 10:10:00,1005,1005,1005,1005,0
2022-04-12 10:11:00,1010,1010,1010,1010,300
2022-04-12 10:12:00,1010,1010,1010,1010,0
2022-04-12 10:13:00,1010,1010,1010,1010,0
2022-04-12 10:14:00,1010,1010,1010,1010,0
2022-04-12 10:15:00,1010,1010,1010,1010,0
2022-04-12 10:16:00,1010,1010,1010,1010,0
2022-04-12 10:17:00,1010,1010,1010,1010,0
2022-04-12 10:18:00,1010,1010,1010,1010,0
2022-04-12 10:19:00,1010,1010,1010,1010,0
2022-04-12 10:20:00,1010,1010,1010,1010,0
2022-04-12 10:21:00,1010,1010,1010,1010,0
2022-04-12 10:22:00,1010,1010,1010,1010,0
2022-04-12 10:23:00,1010,1010,1010,1010,0
2022-04-12 10:24:00,1010,1010,1010,1010,25500
2022-04-12 10:25:00,1010,1010,1010,1010,0
2022-04-12 10:26:00,1010,1010,1010,1010,5000
2022-04-12 10:27:00,1010,1010,1010,1010,19500
2022-04-12 10:28:00,1005,1005,1005,1005,400
2022-04-12 10:29:00,1005,1005,1005,1005,0
2022-04-12 10:30:00,1005,1005,1005,1005,0
2022-04-12 10:31:00,1005,1005,1005,1005,0
2022-04-12 10:32:00,1005,1005,1005,1005,900
2022-04-12 10:33:00,1005,1005,1005,1005,7100
2022-04-12 10:34:00,1005,1005,1005,1005,3300
2022-04-12 10:35:00,1005,1005,1005,1005,0
2022-04-12 10:36:00,1005,1005,1005,1005,0
2022-04-12 10:37:00,1005,1005,1005,1005,0
2022-04-12 10:38:00,1005,1005,1005,1005,0
2022-04-12 10:39:00,1005,1005,1005,1005,0
2022-04-12 10:40:00,1005,1005,1005,1005,0
2022-04-12 10:41:00,1005,1005,1005,1005,0
2022-04-12 10:42:00,1005,1005,1005,1005,0
2022-04-12 10:43:00,1005,1005,1005,1005,500
2022-04-12 10:44:00,1005,1005,1005,1005,0
2022-04-12 10:45:00,1010,1010,1010,1010,800
2022-04-12 10:46:00,1010,1010,1010,1010,800
2022-04-12 10:47:00,1010,1010,1010,1010,0
2022-04-12 10:48:00,1010,1010,1010,1010,0
2022-04-12 10:49:00,1005,1005,1005,1005,600
2022-04-12 10:50:00,1005,1005,1005,1005,0
2022-04-12 10:51:00,1005,1005,1005,1005,0
2022-04-12 10:52:00,1005,1005,1005,1005,0
2022-04-12 10:53:00,1010,1010,1010,1010,100
2022-04-12 10:54:00,1010,1010,1010,1010,0
2022-04-12 10:55:00,1010,1010,1010,1010,0
2022-04-12 10:56:00,1010,1010,1010,1010,0
2022-04-12 10:57:00,1010,1010,1010,1010,0
2022-04-12 10:58:00,1010,1010,1010,1010,0
2022-04-12 10:59:00,1005,1005,1005,1005,9200
2022-04-12 11:00:00,1005,1005,1005,1005,0
2022-04-12 11:01:00,1005,1005,1005,1005,0
2022-04-12 11:02:00,1005,1005,1005,1005,2500
2022-04-12 11:03:00,1005,1005,1005,1005,0
2022-04-12 11:04:00,1005,1005,1005,1005,500
2022-04-12 11:05:00,1005,1005,1005,1005,0
2022-04-12 11:06:00,1005,1005,1005,1005,0
2022-04-12 11:07:00,1000,1000,1000,1000,2000
2022-04-12 11:08:00,1000,1000,1000,1000,0
2022-04-12 11:09:00,1000,1000,1000,1000,0
2022-04-12 11:10:00,1000,1000,1000,1000,0
2022-04-12 11:11:00,1000,1000,1000,1000,0
2022-04-12 11:12:00,1000,1000,1000,1000,0
2022-04-12 11:13:00,1000,1000,1000,1000,0
2022-04-12 11:14:00,1000,1000,1000,1000,0
2022-04-12 11:15:00,1000,1000,1000,1000,0
2022-04-12 11:16:00,1000,1000,1000,1000,7200
2022-04-12 11:17:00,1000,1000,1000,1000,0
2022-04-12 11:18:00,1000,1000,1000,1000,0
2022-04-12 11:19:00,1000,1000,1000,1000,0
2022-04-12 11:20:00,1000,1000,1000,1000,0
2022-04-12 11:21:00,1000,1000,1000,1000,900
2022-04-12 11:22:00,1000,1000,1000,1000,10000
2022-04-12 11:23:00,1000,1000,1000,1000,0
2022-04-12 11:24:00,1000,1000,1000,1000,0
2022-04-12 11:25:00,1000,1000,1000,1000,0
2022-04-12 11:26:00,1000,1000,1000,1000,0
2022-04-12 11:27:00,1000,1000,1000,1000,0
2022-04-12 11:28:00,1000,1000,1000,1000,1000
2022-04-12 11:29:00,1000,1000,1000,1000,5700
2022-04-12 11:30:00,1000,1000,1000,1000,0
2022-04-12 11:31:00,1000,1000,1000,1000,0
2022-04-12 11:32:00,1000,1000,1000,1000,0
2022-04-12 11:33:00,1000,1000,1000,1000,0
2022-04-12 11:34:00,1000,1000,1000,1000,0
2022-04-12 11:35:00,1000,1000,1000,1000,0
2022-04-12 11:36:00,1000,1000,1000,1000,0
2022-04-12 11:37:00,1000,1000,1000,1000,0
2022-04-12 11:38:00,1000,1000,1000,1000,0
2022-04-12 11:39:00,1000,1000,1000,1000,0
2022-04-12 11:40:00,1000,1000,1000,1000,0
2022-04-12 11:41:00,1000,1000,1000,1000,0
2022-04-12 11:42:00,1000,1000,1000,1000,0
2022-04-12 11:43:00,1000,1000,1000,1000,0
2022-04-12 11:44:00,1000,1000,1000,1000,0
2022-04-12 11:45:00,1000,1000,1000,1000,0
2022-04-12 11:46:00,1000,1000,1000,1000,0
2022-04-12 11:47:00,1000,1000,1000,1000,0
2022-04-12 11:48:00,1000,1000,1000,1000,0
2022-04-12 11:49:00,1000,1000,1000,1000,0
2022-04-12 11:50:00,1000,1000,1000,1000,0
2022-04-12 11:51:00,1000,1000,1000,1000,0
2022-04-12 11:52:00,1000,1000,1000,1000,0
2022-04-12 11:53:00,1000,1000,1000,1000,0
2022-04-12 11:54:00,1000,1000,1000,1000,0
2022-04-12 11:55:00,1000,1000,1000,1000,0
2022-04-12 11:56:00,1000,1000,1000,1000,0
2022-04-12 11:57:00,1000,1000,1000,1000,0
2022-04-12 11:58:00,1000,1000,1000,1000,0
2022-04-12 11:59:00,1000,1000,1000,1000,0
2022-04-12 12:00:00,1000,1000,1000,1000,0
2022-04-12 12:01:00,1000,1000,1000,1000,0
2022-04-12 12:02:00,1000,1000,1000,1000,0
2022-04-12 12:03:00,1000,1000,1000,1000,0
2022-04-12 12:04:00,1000,1000,1000,1000,0
2022-04-12 12:05:00,1000,1000,1000,1000,0
2022-04-12 12:06:00,1000,1000,1000,1000,0
2022-04-12 12:07:00,1000,1000,1000,1000,0
2022-04-12 12:08:00,1000,1000,1000,1000,0
2022-04-12 12:09:00,1000,1000,1000,1000,0
2022-04-12 12:10:00,1000,1000,1000,1000,0
2022-04-12 12:11:00,1000,1000,1000,1000,0
2022-04-12 12:12:00,1000,1000,1000,1000,0
2022-04-12 12:13:00,1000,1000,1000,1000,0
2022-04-12 12:14:00,1000,1000,1000,1000,0
2022-04-12 12:15:00,1000,1000,1000,1000,0
2022-04-12 12:16:00,1000,1000,1000,1000,0
2022-04-12 12:17:00,1000,1000,1000,1000,0
2022-04-12 12:18:00,1000,1000,1000,1000,0
2022-04-12 12:19:00,1000,1000,1000,1000,0
2022-04-12 12:20:00,1000,1000,1000,1000,0
2022-04-12 12:21:00,1000,1000,1000,1000,0
2022-04-12 12:22:00,1000,1000,1000,1000,0
2022-04-12 12:23:00,1000,1000,1000,1000,0
2022-04-12 12:24:00,1000,1000,1000,1000,0
2022-04-12 12:25:00,1000,1000,1000,1000,0
2022-04-12 12:26:00,1000,1000,1000,1000,0
2022-04-12 12:27:00,1000,1000,1000,1000,0
2022-04-12 12:28:00,1000,1000,1000,1000,0
2022-04-12 12:29:00,1000,1000,1000,1000,0
2022-04-12 12:30:00,1000,1000,1000,1000,0
2022-04-12 12:31:00,1000,1000,1000,1000,0
2022-04-12 12:32:00,1000,1000,1000,1000,0
2022-04-12 12:33:00,1000,1000,1000,1000,0
2022-04-12 12:34:00,1000,1000,1000,1000,0
2022-04-12 12:35:00,1000,1000,1000,1000,0
2022-04-12 12:36:00,1000,1000,1000,1000,0
2022-04-12 12:37:00,1000,1000,1000,1000,0
2022-04-12 12:38:00,1000,1000,1000,1000,0
2022-04-12 12:39:00,1000,1000,1000,1000,0
2022-04-12 12:40:00,1000,1000,1000,1000,0
2022-04-12 12:41:00,1000,1000,1000,1000,0
2022-04-12 12:42:00,1000,1000,1000,1000,0
2022-04-12 12:43:00,1000,1000,1000,1000,0
2022-04-12 12:44:00,1000,1000,1000,1000,0
2022-04-12 12:45:00,1000,1000,1000,1000,0
2022-04-12 12:46:00,1000,1000,1000,1000,0
2022-04-12 12:47:00,1000,1000,1000,1000,0
2022-04-12 12:48:00,1000,1000,1000,1000,0
2022-04-12 12:49:00,1000,1000,1000,1000,0
2022-04-12 12:50:00,1000,1000,1000,1000,0
2022-04-12 12:51:00,1000,1000,1000,1000,0
2022-04-12 12:52:00,1000,1000,1000,1000,0
2022-04-12 12:53:00,1000,1000,1000,1000,0
2022-04-12 12:54:00,1000,1000,1000,1000,0
2022-04-12 12:55:00,1000,1000,1000,1000,0
2022-04-12 12:56:00,1000,1000,1000,1000,0
2022-04-12 12:57:00,1000,1000,1000,1000,0
2022-04-12 12:58:00,1000,1000,1000,1000,0
2022-04-12 12:59:00,1000,1000,1000,1000,0
2022-04-12 13:00:00,1000,1000,1000,1000,0
2022-04-12 13:01:00,1000,1000,1000,1000,0
2022-04-12 13:02:00,1000,1000,1000,1000,0
2022-04-12 13:03:00,1000,1000,1000,1000,0
2022-04-12 13:04:00,1000,1000,1000,1000,0
2022-04-12 13:05:00,1000,1000,1000,1000,0
2022-04-12 13:06:00,1000,1000,1000,1000,0
2022-04-12 13:07:00,1000,1000,1000,1000,0
2022-04-12 13:08:00,1000,1000,1000,1000,0
2022-04-12 13:09:00,1000,1000,1000,1000,0
2022-04-12 13:10:00,1000,1000,1000,1000,0
2022-04-12 13:11:00,1000,1000,1000,1000,0
2022-04-12 13:12:00,1000,1000,1000,1000,0
2022-04-12 13:13:00,1000,1000,1000,1000,0
2022-04-12 13:14:00,1000,1000,1000,1000,0
2022-04-12 13:15:00,1000,1000,1000,1000,0
2022-04-12 13:16:00,1000,1000,1000,1000,0
2022-04-12 13:17:00,1000,1000,1000,1000,0
2022-04-12 13:18:00,1000,1000,1000,1000,0
2022-04-12 13:19:00,1000,1000,1000,1000,0
2022-04-12 13:20:00,1000,1000,1000,1000,0
2022-04-12 13:21:00,1000,1000,1000,1000,0
2022-04-12 13:22:00,1000,1000,1000,1000,0
2022-04-12 13:23:00,1000,1000,1000,1000,0
2022-04-12 13:24:00,1000,1000,1000,1000,0
2022-04-12 13:25:00,1000,1000,1000,1000,0
2022-04-12 13:26:00,1000,1000,1000,1000,0
2022-04-12 13:27:00,1000,1000,1000,1000,0
2022-04-12 13:28:00,1000,1000,1000,1000,0
2022-04-12 13:29:00,1000,1000,1000,1000,0
2022-04-12 13:30:00,1000,1000,1000,1000,15300
2022-04-12 13:31:00,1000,1000,1000,1000,0
2022-04-12 13:32:00,1000,1000,1000,1000,0
2022-04-12 13:33:00,1000,1000,1000,1000,5000
2022-04-12 13:34:00,1005,1005,1005,1005,199000
2022-04-12 13:35:00,1005,1005,1005,1005,15000
2022-04-12 13:36:00,1005,1005,1005,1005,85000
2022-04-12 13:37:00,1005,1000,1005,1000,350500
2022-04-12 13:38:00,1005,1000,1005,1000,0
2022-04-12 13:39:00,1000,1000,1000,1000,19700
2022-04-12 13:40:00,1000,1000,1000,1000,0
2022-04-12 13:41:00,1000,1000,1000,1000,0
2022-04-12 13:42:00,1000,1000,1000,1000,0
2022-04-12 13:43:00,1000,1000,1000,1000,0
2022-04-12 13:44:00,1000,1000,1000,1000,0
2022-04-12 13:45:00,1000,1000,1000,1000,0
2022-04-12 13:46:00,1000,1000,1000,1000,0
2022-04-12 13:47:00,1000,1000,1000,1000,0
2022-04-12 13:48:00,1000,1000,1000,1000,0
2022-04-12 13:49:00,1000,1000,1000,1000,0
2022-04-12 13:50:00,1000,1000,1000,1000,100
2022-04-12 13:51:00,1000,1000,1000,1000,600
2022-04-12 13:52:00,1000,1000,1000,1000,0
2022-04-12 13:53:00,1000,1000,1000,1000,0
2022-04-12 13:54:00,1000,1000,1000,1000,0
2022-04-12 13:55:00,1000,1000,1000,1000,0
2022-04-12 13:56:00,1000,1000,1000,1000,0
2022-04-12 13:57:00,1000,1000,1000,1000,0
2022-04-12 13:58:00,1000,1000,1000,1000,0
2022-04-12 13:59:00,1000,1000,1000,1000,0
2022-04-12 14:00:00,1000,1000,1000,1000,0
2022-04-12 14:01:00,1000,1000,1000,1000,0
2022-04-12 14:02:00,1000,1000,1000,1000,0
2022-04-12 14:03:00,1000,1000,1000,1000,0
2022-04-12 14:04:00,1000,1000,1000,1000,0
2022-04-12 14:05:00,1000,1000,1000,1000,0
2022-04-12 14:06:00,1000,1000,1000,1000,0
2022-04-12 14:07:00,1000,1000,1000,1000,0
2022-04-12 14:08:00,1000,1000,1000,1000,0
2022-04-12 14:09:00,1000,1000,1000,1000,0
2022-04-12 14:10:00,1000,1000,1000,1000,0
2022-04-12 14:11:00,1000,1000,1000,1000,0
2022-04-12 14:12:00,1000,1000,1000,1000,0
2022-04-12 14:13:00,1000,1000,1000,1000,0
2022-04-12 14:14:00,1000,1000,1000,1000,0
2022-04-12 14:15:00,1000,1000,1000,1000,0
2022-04-12 14:16:00,1000,1000,1000,1000,0
2022-04-12 14:17:00,1000,1000,1000,1000,5000
2022-04-12 14:18:00,1000,1000,1000,1000,0
2022-04-12 14:19:00,1000,1000,1000,1000,0
2022-04-12 14:20:00,1000,1000,1000,1000,0
2022-04-12 14:21:00,1000,1000,1000,1000,0
2022-04-12 14:22:00,1000,1000,1000,1000,0
2022-04-12 14:23:00,995,995,995,995,2577400
2022-04-12 14:24:00,995,995,995,995,0
2022-04-12 14:25:00,995,995,995,995,600
2022-04-12 14:26:00,995,995,995,995,0
2022-04-12 14:27:00,995,995,995,995,0
2022-04-12 14:28:00,995,995,995,995,10000
2022-04-12 14:29:00,1000,1000,1000,1000,100
2022-04-12 14:30:00,1000,1000,1000,1000,0
2022-04-12 14:31:00,1000,1000,1000,1000,100
2022-04-12 14:32:00,1000,1000,1000,1000,100
2022-04-12 14:33:00,995,995,995,995,300
2022-04-12 14:34:00,995,995,995,995,0
2022-04-12 14:35:00,995,995,995,995,0
2022-04-12 14:36:00,995,995,995,995,0
2022-04-12 14:37:00,995,995,995,995,0
2022-04-12 14:38:00,1000,1000,1000,1000,600
2022-04-12 14:39:00,1000,1000,1000,1000,2000
2022-04-12 14:40:00,1000,1000,1000,1000,0
2022-04-12 14:41:00,1000,1000,1000,1000,0
2022-04-12 14:42:00,1000,995,1000,995,1700
2022-04-12 14:43:00,1000,995,1000,995,96200
2022-04-12 14:44:00,995,995,995,995,24500
2022-04-12 14:45:00,995,995,995,995,0
2022-04-12 14:46:00,995,995,995,995,10000
2022-04-12 14:47:00,995,995,995,995,1300
2022-04-12 14:48:00,995,995,995,995,800
2022-04-12 14:49:00,990,990,995,995,2000
2022-04-12 14:50:00,990,990,995,995,0
2022-04-12 14:51:00,990,990,995,995,0
2022-04-12 14:52:00,990,990,995,995,0
2022-04-12 14:53:00,990,990,995,995,0
2022-04-12 14:54:00,990,990,995,995,0
2022-04-12 14:55:00,990,990,995,995,0
2022-04-12 14:56:00,990,990,995,995,0
2022-04-12 14:57:00,990,990,995,995,0
2022-04-12 14:58:00,990,990,995,995,0
2022-04-12 14:59:00,990,990,995,995,0
2022-04-12 15:00:00,995,995,995,995,4700
2022-04-12 15:01:00,995,995,995,995,0
2022-04-12 15:02:00,995,995,995,995,0
2022-04-12 15:03:00,995,995,995,995,0
2022-04-12 15:04:00,995,995,995,995,0
2022-04-12 15:05:00,995,995,995,995,0
2022-04-12 15:06:00,995,995,995,995,0
2022-04-12 15:07:00,995,995,995,995,0
2022-04-12 15:08:00,995,995,995,995,5900
2022-04-12 15:09:00,995,995,995,995,0
2022-04-12 15:10:00,995,995,995,995,2742800
2022-04-12 15:11:00,995,995,995,995,0
2022-04-12 15:12:00,995,995,995,995,0
2022-04-12 15:13:00,995,995,995,995,0
2022-04-12 15:14:00,995,995,995,995,0
2022-04-12 15:15:00,995,995,995,995,0
2022-04-12 15:16:00,995,995,995,995,0
2022-04-12 15:17:00,995,995,995,995,0
2022-04-12 15:18:00,995,995,995,995,0
2022-04-12 15:19:00,995,995,995,995,0
2022-04-12 15:20:00,995,995,995,995,0
2022-04-12 15:21:00,995,995,995,995,0
2022-04-12 15:22:00,995,995,995,995,0
2022-04-12 15:23:00,995,995,995,995,0
2022-04-12 15:24:00,995,995,995,995,0
2022-04-12 15:25:00,995,995,995,995,0
2022-04-12 15:26:00,995,995,995,995,0
2022-04-12 15:27:00,995,995,995,995,0
2022-04-12 15:28:00,995,995,995,995,0
2022-04-12 15:29:00,995,995,995,995,0
2022-04-12 15:30:00,995,995,995,995,0
2022-04-12 15:31:00,995,995,995,995,0
2022-04-12 15:32:00,995,995,995,995,0
2022-04-12 15:33:00,995,995,995,995,0
2022-04-12 15:34:00,995,995,995,995,0
2022-04-12 15:35:00,995,995,995,995,0
2022-04-12 15:36:00,995,995,995,995,0
2022-04-12 15:37:00,995,995,995,995,0
2022-04-12 15:38:00,995,995,995,995,0
2022-04-12 15:39:00,995,995,995,995,0
2022-04-12 15:40:00,995,995,995,995,0
2022-04-12 15:41:00,995,995,995,995,0
2022-04-12 15:42:00,995,995,995,995,0
2022-04-12 15:43:00,995,995,995,995,0
2022-04-12 15:44:00,995,995,995,995,0
2022-04-12 15:45:00,995,995,995,995,0
2022-04-12 15:46:00,995,995,995,995,0
2022-04-12 15:47:00,995,995,995,995,0
2022-04-12 15:48:00,995,995,995,995,0
2022-04-12 15:49:00,995,995,995,995,0
2022-04-12 15:50:00,995,995,995,995,0
2022-04-12 15:51:00,995,995,995,995,0
2022-04-12 15:52:00,995,995,995,995,0
2022-04-12 15:53:00,995,995,995,995,0
2022-04-12 15:54:00,995,995,995,995,0
2022-04-12 15:55:00,995,995,995,995,0
2022-04-12 15:56:00,995,995,995,995,0
2022-04-12 15:57:00,995,995,995,995,0
2022-04-12 15:58:00,995,995,995,995,0
2022-04-12 15:59:00,995,995,995,995,0
2022-04-13 09:00:00,995,995,995,995,0
2022-04-13 09:01:00,995,995,995,995,281900
2022-04-13 09:02:00,1000,1000,1000,1000,208000
2022-04-13 09:03:00,1000,1000,1000,1000,100000
2022-04-13 09:04:00,1010,1010,1010,1010,60000
2022-04-13 09:05:00,1010,1010,1010,1010,95000
2022-04-13 09:06:00,1005,1005,1010,1010,74700
2022-04-13 09:07:00,1010,1010,1015,1015,267700
2022-04-13 09:08:00,1015,1015,1020,1015,274800
2022-04-13 09:09:00,1020,1020,1020,1020,50000
2022-04-13 09:10:00,1015,1015,1015,1015,11800
2022-04-13 09:11:00,1015,1015,1015,1015,500
2022-04-13 09:12:00,1015,1015,1015,1015,500
2022-04-13 09:13:00,1015,1015,1015,1015,0
2022-04-13 09:14:00,1015,1015,1015,1015,0
2022-04-13 09:15:00,1010,1010,1010,1010,300
2022-04-13 09:16:00,1010,1010,1010,1010,18900
2022-04-13 09:17:00,1010,1010,1010,1010,0
2022-04-13 09:18:00,1010,1010,1010,1010,0
2022-04-13 09:19:00,1010,1010,1010,1010,5200
2022-04-13 09:20:00,1005,1000,1005,1000,170000
2022-04-13 09:21:00,1005,1000,1005,1000,0
2022-04-13 09:22:00,1005,1000,1005,1000,0
2022-04-13 09:23:00,1005,1005,1005,1005,1600
2022-04-13 09:24:00,1005,1005,1005,1005,100
2022-04-13 09:25:00,1005,1000,1005,1000,10000
2022-04-13 09:26:00,1005,1000,1005,1000,0
2022-04-13 09:27:00,1005,1000,1005,1000,0
2022-04-13 09:28:00,1005,1000,1005,1000,0
2022-04-13 09:29:00,1005,1000,1005,1000,0
2022-04-13 09:30:00,1000,1000,1000,1000,3000
2022-04-13 09:31:00,1000,1000,1000,1000,0
2022-04-13 09:32:00,1000,1000,1000,1000,500
2022-04-13 09:33:00,1000,1000,1000,1000,100
2022-04-13 09:34:00,1000,1000,1000,1000,0
2022-04-13 09:35:00,1000,1000,1000,1000,5000
2022-04-13 09:36:00,1000,1000,1000,1000,0
2022-04-13 09:37:00,1000,1000,1000,1000,0
2022-04-13 09:38:00,1000,1000,1000,1000,0
2022-04-13 09:39:00,1000,1000,1000,1000,0
2022-04-13 09:40:00,1000,1000,1000,1000,0
2022-04-13 09:41:00,1000,1000,1000,1000,0
2022-04-13 09:42:00,1000,1000,1000,1000,0
2022-04-13 09:43:00,1000,1000,1000,1000,5000
2022-04-13 09:44:00,1000,1000,1000,1000,0
2022-04-13 09:45:00,1000,1000,1000,1000,0
2022-04-13 09:46:00,1000,1000,1000,1000,3800
2022-04-13 09:47:00,1000,1000,1000,1000,0
2022-04-13 09:48:00,1000,1000,1000,1000,400
2022-04-13 09:49:00,1000,995,1000,995,6000
2022-04-13 09:50:00,1000,995,1000,995,0
2022-04-13 09:51:00,1000,995,1000,995,0
2022-04-13 09:52:00,1000,995,1000,995,0
2022-04-13 09:53:00,1010,1010,1010,1010,100
2022-04-13 09:54:00,1010,1010,1010,1010,0
2022-04-13 09:55:00,1010,1010,1010,1010,10000
2022-04-13 09:56:00,1000,1000,1000,1000,14000
2022-04-13 09:57:00,1000,1000,1000,1000,66000
2022-04-13 09:58:00,1000,1000,1000,1000,2500
2022-04-13 09:59:00,1000,1000,1000,1000,0
2022-04-13 10:00:00,1000,1000,1000,1000,0
2022-04-13 10:01:00,1000,1000,1000,1000,0
2022-04-13 10:02:00,1000,1000,1000,1000,0
2022-04-13 10:03:00,1000,1000,1000,1000,1000
2022-04-13 10:04:00,1000,1000,1000,1000,10000
2022-04-13 10:05:00,1000,1000,1000,1000,3500
2022-04-13 10:06:00,1000,1000,1000,1000,0
2022-04-13 10:07:00,1000,1000,1000,1000,0
2022-04-13 10:08:00,1000,1000,1000,1000,0
2022-04-13 10:09:00,1000,1000,1000,1000,0
2022-04-13 10:10:00,1000,1000,1000,1000,0
2022-04-13 10:11:00,1000,1000,1000,1000,6500
2022-04-13 10:12:00,1000,1000,1000,1000,0
2022-04-13 10:13:00,1000,1000,1000,1000,0
2022-04-13 10:14:00,1000,1000,1000,1000,1000
2022-04-13 10:15:00,1000,1000,1000,1000,1000
2022-04-13 10:16:00,1000,1000,1000,1000,0
2022-04-13 10:17:00,1000,1000,1000,1000,0
2022-04-13 10:18:00,1000,1000,1000,1000,1500
2022-04-13 10:19:00,1000,995,1000,995,2500
2022-04-13 10:20:00,1000,995,1000,995,0
2022-04-13 10:21:00,1000,995,1000,995,0
2022-04-13 10:22:00,995,995,995,995,69300
2022-04-13 10:23:00,995,995,995,995,1000
2022-04-13 10:24:00,995,995,995,995,0
2022-04-13 10:25:00,995,995,995,995,0
2022-04-13 10:26:00,995,995,995,995,0
2022-04-13 10:27:00,995,995,995,995,0
2022-04-13 10:28:00,1000,1000,1000,1000,10000
2022-04-13 10:29:00,1000,1000,1000,1000,0
2022-04-13 10:30:00,1000,1000,1000,1000,200
2022-04-13 10:31:00,1000,1000,1000,1000,1000
2022-04-13 10:32:00,1000,1000,1000,1000,0
2022-04-13 10:33:00,1000,1000,1000,1000,0
2022-04-13 10:34:00,1000,1000,1000,1000,0
2022-04-13 10:35:00,1000,1000,1000,1000,0
2022-04-13 10:36:00,1000,1000,1000,1000,400
2022-04-13 10:37:00,1000,1000,1000,1000,0
2022-04-13 10:38:00,1000,1000,1000,1000,0
2022-04-13 10:39:00,1000,1000,1000,1000,2500
2022-04-13 10:40:00,1000,1000,1000,1000,0
2022-04-13 10:41:00,1000,1000,1000,1000,10000
2022-04-13 10:42:00,1000,1000,1000,1000,0
2022-04-13 10:43:00,1000,1000,1000,1000,0
2022-04-13 10:44:00,1000,1000,1000,1000,0
2022-04-13 10:45:00,1000,1000,1000,1000,0
2022-04-13 10:46:00,1000,1000,1000,1000,100
2022-04-13 10:47:00,1000,1000,1000,1000,0
2022-04-13 10:48:00,995,995,995,995,5000
2022-04-13 10:49:00,995,995,995,995,0
2022-04-13 10:50:00,995,995,995,995,0
2022-04-13 10:51:00,995,995,995,995,0
2022-04-13 10:52:00,995,995,995,995,0
2022-04-13 10:53:00,995,995,995,995,0
2022-04-13 10:54:00,995,995,995,995,0
2022-04-13 10:55:00,995,995,995,995,0
2022-04-13 10:56:00,995,995,1000,1000,50200
2022-04-13 10:57:00,1000,1000,1000,1000,100
2022-04-13 10:58:00,995,995,995,995,1000
2022-04-13 10:59:00,995,995,995,995,0
2022-04-13 11:00:00,995,995,995,995,0
2022-04-13 11:01:00,995,995,995,995,0
2022-04-13 11:02:00,995,995,995,995,0
2022-04-13 11:03:00,1000,1000,1000,1000,100
2022-04-13 11:04:00,1000,1000,1000,1000,1000
2022-04-13 11:05:00,1000,1000,1000,1000,600
2022-04-13 11:06:00,1000,1000,1000,1000,5000
2022-04-13 11:07:00,1000,1000,1000,1000,0
2022-04-13 11:08:00,1000,1000,1000,1000,6300
2022-04-13 11:09:00,1000,1000,1000,1000,0
2022-04-13 11:10:00,1000,1000,1000,1000,0
2022-04-13 11:11:00,1000,1000,1000,1000,0
2022-04-13 11:12:00,1000,1000,1000,1000,0
2022-04-13 11:13:00,1000,1000,1000,1000,0
2022-04-13 11:14:00,1000,1000,1000,1000,0
2022-04-13 11:15:00,1000,1000,1000,1000,0
2022-04-13 11:16:00,1000,1000,1000,1000,2000
2022-04-13 11:17:00,1000,1000,1000,1000,0
2022-04-13 11:18:00,1000,1000,1000,1000,1000
2022-04-13 11:19:00,1010,1010,1010,1010,500
2022-04-13 11:20:00,1000,1000,1000,1000,10000
2022-04-13 11:21:00,1000,1000,1000,1000,0
2022-04-13 11:22:00,1000,1000,1000,1000,4000
2022-04-13 11:23:00,1000,1000,1000,1000,0
2022-04-13 11:24:00,1000,1000,1000,1000,0
2022-04-13 11:25:00,1000,1000,1000,1000,0
2022-04-13 11:26:00,1000,1000,1000,1000,0
2022-04-13 11:27:00,1000,1000,1000,1000,0
2022-04-13 11:28:00,1010,1010,1010,1010,100
2022-04-13 11:29:00,1010,1010,1010,1010,5000
2022-04-13 11:30:00,1010,1010,1010,1010,0
2022-04-13 11:31:00,1010,1010,1010,1010,0
2022-04-13 11:32:00,1010,1010,1010,1010,0
2022-04-13 11:33:00,1010,1010,1010,1010,0
2022-04-13 11:34:00,1010,1010,1010,1010,0
2022-04-13 11:35:00,1010,1010,1010,1010,0
2022-04-13 11:36:00,1010,1010,1010,1010,0
2022-04-13 11:37:00,1010,1010,1010,1010,0
2022-04-13 11:38:00,1010,1010,1010,1010,0
2022-04-13 11:39:00,1010,1010,1010,1010,0
2022-04-13 11:40:00,1010,1010,1010,1010,0
2022-04-13 11:41:00,1010,1010,1010,1010,0
2022-04-13 11:42:00,1010,1010,1010,1010,0
2022-04-13 11:43:00,1010,1010,1010,1010,0
2022-04-13 11:44:00,1010,1010,1010,1010,0
2022-04-13 11:45:00,1010,1010,1010,1010,0
2022-04-13 11:46:00,1010,1010,1010,1010,0
2022-04-13 11:47:00,1010,1010,1010,1010,0
2022-04-13 11:48:00,1010,1010,1010,1010,0
2022-04-13 11:49:00,1010,1010,1010,1010,0
2022-04-13 11:50:00,1010,1010,1010,1010,0
2022-04-13 11:51:00,1010,1010,1010,1010,0
2022-04-13 11:52:00,1010,1010,1010,1010,0
2022-04-13 11:53:00,1010,1010,1010,1010,0
2022-04-13 11:54:00,1010,1010,1010,1010,0
2022-04-13 11:55:00,1010,1010,1010,1010,0
2022-04-13 11:56:00,1010,1010,1010,1010,0
2022-04-13 11:57:00,1010,1010,1010,1010,0
2022-04-13 11:58:00,1010,1010,1010,1010,0
2022-04-13 11:59:00,1010,1010,1010,1010,0
2022-04-13 12:00:00,1010,1010,1010,1010,0
2022-04-13 12:01:00,1010,1010,1010,1010,0
2022-04-13 12:02:00,1010,1010,1010,1010,0
2022-04-13 12:03:00,1010,1010,1010,1010,0
2022-04-13 12:04:00,1010,1010,1010,1010,0
2022-04-13 12:05:00,1010,1010,1010,1010,0
2022-04-13 12:06:00,1010,1010,1010,1010,0
2022-04-13 12:07:00,1010,1010,1010,1010,0
2022-04-13 12:08:00,1010,1010,1010,1010,0
2022-04-13 12:09:00,1010,1010,1010,1010,0
2022-04-13 12:10:00,1010,1010,1010,1010,0
2022-04-13 12:11:00,1010,1010,1010,1010,0
2022-04-13 12:12:00,1010,1010,1010,1010,0
2022-04-13 12:13:00,1010,1010,1010,1010,0
2022-04-13 12:14:00,1010,1010,1010,1010,0
2022-04-13 12:15:00,1010,1010,1010,1010,0
2022-04-13 12:16:00,1010,1010,1010,1010,0
2022-04-13 12:17:00,1010,1010,1010,1010,0
2022-04-13 12:18:00,1010,1010,1010,1010,0
2022-04-13 12:19:00,1010,1010,1010,1010,0
2022-04-13 12:20:00,1010,1010,1010,1010,0
2022-04-13 12:21:00,1010,1010,1010,1010,0
2022-04-13 12:22:00,1010,1010,1010,1010,0
2022-04-13 12:23:00,1010,1010,1010,1010,0
2022-04-13 12:24:00,1010,1010,1010,1010,0
2022-04-13 12:25:00,1010,1010,1010,1010,0
2022-04-13 12:26:00,1010,1010,1010,1010,0
2022-04-13 12:27:00,1010,1010,1010,1010,0
2022-04-13 12:28:00,1010,1010,1010,1010,0
2022-04-13 12:29:00,1010,1010,1010,1010,0
2022-04-13 12:30:00,1010,1010,1010,1010,0
2022-04-13 12:31:00,1010,1010,1010,1010,0
2022-04-13 12:32:00,1010,1010,1010,1010,0
2022-04-13 12:33:00,1010,1010,1010,1010,0
2022-04-13 12:34:00,1010,1010,1010,1010,0
2022-04-13 12:35:00,1010,1010,1010,1010,0
2022-04-13 12:36:00,1010,1010,1010,1010,0
2022-04-13 12:37:00,1010,1010,1010,1010,0
2022-04-13 12:38:00,1010,1010,1010,1010,0
2022-04-13 12:39:00,1010,1010,1010,1010,0
2022-04-13 12:40:00,1010,1010,1010,1010,0
2022-04-13 12:41:00,1010,1010,1010,1010,0
2022-04-13 12:42:00,1010,1010,1010,1010,0
2022-04-13 12:43:00,1010,1010,1010,1010,0
2022-04-13 12:44:00,1010,1010,1010,1010,0
2022-04-13 12:45:00,1010,1010,1010,1010,0
2022-04-13 12:46:00,1010,1010,1010,1010,0
2022-04-13 12:47:00,1010,1010,1010,1010,0
2022-04-13 12:48:00,1010,1010,1010,1010,0
2022-04-13 12:49:00,1010,1010,1010,1010,0
2022-04-13 12:50:00,1010,1010,1010,1010,0
2022-04-13 12:51:00,1010,1010,1010,1010,0
2022-04-13 12:52:00,1010,1010,1010,1010,0
2022-04-13 12:53:00,1010,1010,1010,1010,0
2022-04-13 12:54:00,1010,1010,1010,1010,0
2022-04-13 12:55:00,1010,1010,1010,1010,0
2022-04-13 12:56:00,1010,1010,1010,1010,0
2022-04-13 12:57:00,1010,1010,1010,1010,0
2022-04-13 12:58:00,1010,1010,1010,1010,0
2022-04-13 12:59:00,1010,1010,1010,1010,0
2022-04-13 13:00:00,1010,1010,1010,1010,0
2022-04-13 13:01:00,1010,1010,1010,1010,0
2022-04-13 13:02:00,1010,1010,1010,1010,0
2022-04-13 13:03:00,1010,1010,1010,1010,0
2022-04-13 13:04:00,1010,1010,1010,1010,0
2022-04-13 13:05:00,1010,1010,1010,1010,0
2022-04-13 13:06:00,1010,1010,1010,1010,0
2022-04-13 13:07:00,1010,1010,1010,1010,0
2022-04-13 13:08:00,1010,1010,1010,1010,0
2022-04-13 13:09:00,1010,1010,1010,1010,0
2022-04-13 13:10:00,1010,1010,1010,1010,0
2022-04-13 13:11:00,1010,1010,1010,1010,0
2022-04-13 13:12:00,1010,1010,1010,1010,0
2022-04-13 13:13:00,1010,1010,1010,1010,0
2022-04-13 13:14:00,1010,1010,1010,1010,0
2022-04-13 13:15:00,1010,1010,1010,1010,0
2022-04-13 13:16:00,1010,1010,1010,1010,0
2022-04-13 13:17:00,1010,1010,1010,1010,0
2022-04-13 13:18:00,1010,1010,1010,1010,0
2022-04-13 13:19:00,1010,1010,1010,1010,0
2022-04-13 13:20:00,1010,1010,1010,1010,0
2022-04-13 13:21:00,1010,1010,1010,1010,0
2022-04-13 13:22:00,1010,1010,1010,1010,0
2022-04-13 13:23:00,1010,1010,1010,1010,0
2022-04-13 13:24:00,1010,1010,1010,1010,0
2022-04-13 13:25:00,1010,1010,1010,1010,0
2022-04-13 13:26:00,1010,1010,1010,1010,0
2022-04-13 13:27:00,1010,1010,1010,1010,0
2022-04-13 13:28:00,1010,1010,1010,1010,0
2022-04-13 13:29:00,1010,1010,1010,1010,0
2022-04-13 13:30:00,1010,1005,1010,1010,2800
2022-04-13 13:31:00,1010,1005,1010,1010,0
2022-04-13 13:32:00,1010,1005,1010,1010,0
2022-04-13 13:33:00,1005,1005,1005,1005,700
2022-04-13 13:34:00,1005,1005,1005,1005,100
2022-04-13 13:35:00,1005,1005,1005,1005,0
2022-04-13 13:36:00,1005,1005,1005,1005,0
2022-04-13 13:37:00,1005,1005,1005,1005,100
2022-04-13 13:38:00,1000,1000,1000,1000,9900
2022-04-13 13:39:00,1000,1000,1000,1000,0
2022-04-13 13:40:00,1000,1000,1000,1000,0
2022-04-13 13:41:00,1000,1000,1000,1000,0
2022-04-13 13:42:00,1000,1000,1000,1000,0
2022-04-13 13:43:00,1000,1000,1000,1000,0
2022-04-13 13:44:00,1000,1000,1000,1000,0
2022-04-13 13:45:00,1000,1000,1000,1000,0
2022-04-13 13:46:00,1000,1000,1000,1000,100
2022-04-13 13:47:00,1000,1000,1000,1000,0
2022-04-13 13:48:00,1000,1000,1000,1000,0
2022-04-13 13:49:00,1000,1000,1000,1000,0
2022-04-13 13:50:00,1000,1000,1000,1000,0
2022-04-13 13:51:00,1005,1005,1005,1005,277600
2022-04-13 13:52:00,1005,1000,1010,1005,440100
2022-04-13 13:53:00,1005,1000,1010,1005,0
2022-04-13 13:54:00,1010,1010,1020,1010,689100
2022-04-13 13:55:00,1010,1010,1015,1015,374500
2022-04-13 13:56:00,1015,1015,1025,1015,379400
2022-04-13 13:57:00,1015,1015,1020,1020,516000
2022-04-13 13:58:00,1020,1020,1025,1025,76200
2022-04-13 13:59:00,1020,1020,1020,1020,30500
2022-04-13 14:00:00,1020,1020,1035,1035,544400
2022-04-13 14:01:00,1030,1030,1040,1040,582100
2022-04-13 14:02:00,1045,1040,1050,1040,653000
2022-04-13 14:03:00,1040,1040,1045,1040,151400
2022-04-13 14:04:00,1040,1040,1040,1040,6800
2022-04-13 14:05:00,1040,1040,1050,1045,580700
2022-04-13 14:06:00,1045,1045,1050,1050,7900
2022-04-13 14:07:00,1050,1050,1050,1050,11000
2022-04-13 14:08:00,1050,1050,1050,1050,100300
2022-04-13 14:09:00,1050,1050,1050,1050,0
2022-04-13 14:10:00,1045,1045,1050,1050,20600
2022-04-13 14:11:00,1045,1045,1050,1050,17900
2022-04-13 14:12:00,1050,1050,1050,1050,41600
2022-04-13 14:13:00,1050,1050,1050,1050,34200
2022-04-13 14:14:00,1050,1050,1055,1050,54800
2022-04-13 14:15:00,1045,1045,1045,1045,4500
2022-04-13 14:16:00,1045,1045,1045,1045,67600
2022-04-13 14:17:00,1040,1040,1040,1040,100
2022-04-13 14:18:00,1040,1040,1045,1040,7500
2022-04-13 14:19:00,1045,1045,1045,1045,22900
2022-04-13 14:20:00,1045,1045,1045,1045,500
2022-04-13 14:21:00,1045,1045,1045,1045,0
2022-04-13 14:22:00,1040,1040,1045,1045,18300
2022-04-13 14:23:00,1040,1040,1045,1045,0
2022-04-13 14:24:00,1040,1040,1040,1040,12300
2022-04-13 14:25:00,1040,1040,1040,1040,0
2022-04-13 14:26:00,1040,1030,1040,1040,328400
2022-04-13 14:27:00,1040,1040,1040,1040,62600
2022-04-13 14:28:00,1040,1040,1040,1040,1000
2022-04-13 14:29:00,1040,1040,1040,1040,8300
2022-04-13 14:30:00,1035,1035,1035,1035,100
2022-04-13 14:31:00,1035,1035,1035,1035,0
2022-04-13 14:32:00,1030,1030,1030,1030,37600
2022-04-13 14:33:00,1030,1030,1035,1035,3000
2022-04-13 14:34:00,1035,1035,1035,1035,2700
2022-04-13 14:35:00,1035,1035,1035,1035,0
2022-04-13 14:36:00,1035,1035,1035,1035,600
2022-04-13 14:37:00,1035,1035,1035,1035,0
2022-04-13 14:38:00,1040,1040,1040,1040,1000
2022-04-13 14:39:00,1040,1040,1040,1040,200
2022-04-13 14:40:00,1040,1040,1040,1040,1100
2022-04-13 14:41:00,1040,1040,1040,1040,0
2022-04-13 14:42:00,1040,1040,1040,1040,200
2022-04-13 14:43:00,1040,1040,1040,1040,0
2022-04-13 14:44:00,1040,1040,1040,1040,0
2022-04-13 14:45:00,1035,1035,1035,1035,1000
2022-04-13 14:46:00,1035,1035,1035,1035,0
2022-04-13 14:47:00,1035,1035,1035,1035,0
2022-04-13 14:48:00,1035,1035,1035,1035,200
2022-04-13 14:49:00,1035,1035,1035,1035,1000
2022-04-13 14:50:00,1035,1035,1035,1035,0
2022-04-13 14:51:00,1035,1035,1035,1035,0
2022-04-13 14:52:00,1035,1035,1035,1035,0
2022-04-13 14:53:00,1035,1035,1035,1035,0
2022-04-13 14:54:00,1035,1035,1035,1035,0
2022-04-13 14:55:00,1035,1035,1035,1035,0
2022-04-13 14:56:00,1035,1035,1035,1035,0
2022-04-13 14:57:00,1035,1035,1035,1035,0
2022-04-13 14:58:00,1035,1035,1035,1035,0
2022-04-13 14:59:00,1035,1035,1035,1035,0
2022-04-13 15:00:00,1040,1040,1040,1040,71500
2022-04-13 15:01:00,1040,1040,1040,1040,10100
2022-04-13 15:02:00,1040,1040,1040,1040,0
2022-04-13 15:03:00,1040,1040,1040,1040,20200
2022-04-13 15:04:00,1040,1040,1040,1040,5000
2022-04-13 15:05:00,1040,1040,1040,1040,500
2022-04-13 15:06:00,1040,1040,1040,1040,100
2022-04-13 15:07:00,1040,1040,1040,1040,0
2022-04-13 15:08:00,1040,1040,1040,1040,0
2022-04-13 15:09:00,1040,1040,1040,1040,0
2022-04-13 15:10:00,1040,1040,1040,1040,0
2022-04-13 15:11:00,1040,1040,1040,1040,3500
2022-04-13 15:12:00,1040,1040,1040,1040,200
2022-04-13 15:13:00,1040,1040,1040,1040,0
2022-04-13 15:14:00,1040,1040,1040,1040,0
2022-04-13 15:15:00,1040,1040,1040,1040,0
2022-04-13 15:16:00,1040,1040,1040,1040,0
2022-04-13 15:17:00,1040,1040,1040,1040,0
2022-04-13 15:18:00,1040,1040,1040,1040,0
2022-04-13 15:19:00,1040,1040,1040,1040,0
2022-04-13 15:20:00,1040,1040,1040,1040,0
2022-04-13 15:21:00,1040,1040,1040,1040,0
2022-04-13 15:22:00,1040,1040,1040,1040,0
2022-04-13 15:23:00,1040,1040,1040,1040,0
2022-04-13 15:24:00,1040,1040,1040,1040,0
2022-04-13 15:25:00,1040,1040,1040,1040,0
2022-04-13 15:26:00,1040,1040,1040,1040,0
2022-04-13 15:27:00,1040,1040,1040,1040,0
2022-04-13 15:28:00,1040,1040,1040,1040,0
2022-04-13 15:29:00,1040,1040,1040,1040,0
2022-04-13 15:30:00,1040,1040,1040,1040,0
2022-04-13 15:31:00,1040,1040,1040,1040,0
2022-04-13 15:32:00,1040,1040,1040,1040,0
2022-04-13 15:33:00,1040,1040,1040,1040,0
2022-04-13 15:34:00,1040,1040,1040,1040,0
2022-04-13 15:35:00,1040,1040,1040,1040,0
2022-04-13 15:36:00,1040,1040,1040,1040,0
2022-04-13 15:37:00,1040,1040,1040,1040,0
2022-04-13 15:38:00,1040,1040,1040,1040,0
2022-04-13 15:39:00,1040,1040,1040,1040,0
2022-04-13 15:40:00,1040,1040,1040,1040,0
2022-04-13 15:41:00,1040,1040,1040,1040,0
2022-04-13 15:42:00,1040,1040,1040,1040,0
2022-04-13 15:43:00,1040,1040,1040,1040,0
2022-04-13 15:44:00,1040,1040,1040,1040,0
2022-04-13 15:45:00,1040,1040,1040,1040,0
2022-04-13 15:46:00,1040,1040,1040,1040,0
2022-04-13 15:47:00,1040,1040,1040,1040,0
2022-04-13 15:48:00,1040,1040,1040,1040,0
2022-04-13 15:49:00,1040,1040,1040,1040,0
2022-04-13 15:50:00,1040,1040,1040,1040,0
2022-04-13 15:51:00,1040,1040,1040,1040,0
2022-04-13 15:52:00,1040,1040,1040,1040,0
2022-04-13 15:53:00,1040,1040,1040,1040,0
2022-04-13 15:54:00,1040,1040,1040,1040,0
2022-04-13 15:55:00,1040,1040,1040,1040,0
2022-04-13 15:56:00,1040,1040,1040,1040,0
2022-04-13 15:57:00,1040,1040,1040,1040,0
2022-04-13 15:58:00,1040,1040,1040,1040,0
2022-04-13 15:59:00,1040,1040,1040,1040,0
2022-04-14 09:00:00,1050,1040,1050,1045,0
2022-04-14 09:01:00,1050,1040,1050,1045,0
2022-04-14 09:02:00,1045,1045,1045,1045,102000
2022-04-14 09:03:00,1045,1045,1045,1045,13700
2022-04-14 09:04:00,1050,1045,1050,1045,4600
2022-04-14 09:05:00,1045,1045,1045,1045,9500
2022-04-14 09:06:00,1045,1045,1045,1045,100
2022-04-14 09:07:00,1040,1040,1045,1040,306900
2022-04-14 09:08:00,1040,1040,1040,1040,284100
2022-04-14 09:09:00,1040,1040,1040,1040,21500
2022-04-14 09:10:00,1040,1035,1040,1035,28000
2022-04-14 09:11:00,1035,1035,1040,1040,39100
2022-04-14 09:12:00,1035,1035,1035,1035,300
2022-04-14 09:13:00,1040,1040,1040,1040,800
2022-04-14 09:14:00,1040,1040,1040,1040,4200
2022-04-14 09:15:00,1040,1040,1040,1040,0
2022-04-14 09:16:00,1040,1040,1040,1040,0
2022-04-14 09:17:00,1040,1040,1040,1040,100
2022-04-14 09:18:00,1040,1040,1040,1040,200
2022-04-14 09:19:00,1040,1040,1040,1040,0
2022-04-14 09:20:00,1040,1040,1040,1040,1500
2022-04-14 09:21:00,1040,1040,1040,1040,0
2022-04-14 09:22:00,1035,1035,1035,1035,100
2022-04-14 09:23:00,1035,1035,1035,1035,100
2022-04-14 09:24:00,1035,1035,1035,1035,1900
2022-04-14 09:25:00,1035,1035,1035,1035,0
2022-04-14 09:26:00,1035,1035,1035,1035,8000
2022-04-14 09:27:00,1035,1035,1035,1035,2000
2022-04-14 09:28:00,1035,1035,1035,1035,0
2022-04-14 09:29:00,1035,1035,1035,1035,100
2022-04-14 09:30:00,1035,1035,1035,1035,0
2022-04-14 09:31:00,1035,1035,1035,1035,0
2022-04-14 09:32:00,1035,1035,1035,1035,0
2022-04-14 09:33:00,1035,1035,1035,1035,0
2022-04-14 09:34:00,1035,1035,1035,1035,0
2022-04-14 09:35:00,1035,1035,1035,1035,0
2022-04-14 09:36:00,1035,1035,1035,1035,0
2022-04-14 09:37:00,1035,1035,1035,1035,4900
2022-04-14 09:38:00,1035,1035,1035,1035,0
2022-04-14 09:39:00,1035,1030,1035,1030,5300
2022-04-14 09:40:00,1035,1030,1035,1030,0
2022-04-14 09:41:00,1035,1030,1035,1030,0
2022-04-14 09:42:00,1030,1030,1030,1030,1100
2022-04-14 09:43:00,1030,1030,1035,1035,40900
2022-04-14 09:44:00,1030,1030,1035,1035,0
2022-04-14 09:45:00,1030,1030,1035,1035,0
2022-04-14 09:46:00,1030,1030,1035,1035,0
2022-04-14 09:47:00,1035,1035,1035,1035,400
2022-04-14 09:48:00,1035,1035,1035,1035,0
2022-04-14 09:49:00,1040,1025,1040,1040,705700
2022-04-14 09:50:00,1040,1025,1040,1040,0
2022-04-14 09:51:00,1040,1025,1040,1040,0
2022-04-14 09:52:00,1040,1025,1040,1040,0
2022-04-14 09:53:00,1030,1030,1030,1030,52600
2022-04-14 09:54:00,1030,1030,1030,1030,0
2022-04-14 09:55:00,1030,1030,1030,1030,45000
2022-04-14 09:56:00,1030,1030,1030,1030,0
2022-04-14 09:57:00,1030,1030,1030,1030,0
2022-04-14 09:58:00,1030,1030,1030,1030,0
2022-04-14 09:59:00,1030,1030,1030,1030,0
2022-04-14 10:00:00,1030,1030,1030,1030,0
2022-04-14 10:01:00,1030,1030,1030,1030,0
2022-04-14 10:02:00,1030,1030,1030,1030,0
2022-04-14 10:03:00,1030,1030,1030,1030,0
2022-04-14 10:04:00,1030,1030,1030,1030,0
2022-04-14 10:05:00,1030,1030,1030,1030,0
2022-04-14 10:06:00,1030,1030,1030,1030,6100
2022-04-14 10:07:00,1030,1030,1030,1030,0
2022-04-14 10:08:00,1030,1030,1030,1030,200
2022-04-14 10:09:00,1030,1030,1030,1030,0
2022-04-14 10:10:00,1030,1030,1030,1030,800
2022-04-14 10:11:00,1030,1030,1030,1030,0
2022-04-14 10:12:00,1030,1030,1030,1030,300
2022-04-14 10:13:00,1030,1030,1030,1030,0
2022-04-14 10:14:00,1030,1030,1030,1030,0
2022-04-14 10:15:00,1030,1030,1030,1030,0
2022-04-14 10:16:00,1030,1030,1030,1030,0
2022-04-14 10:17:00,1030,1030,1030,1030,0
2022-04-14 10:18:00,1030,1030,1030,1030,0
2022-04-14 10:19:00,1030,1030,1030,1030,0
2022-04-14 10:20:00,1030,1030,1030,1030,3500
2022-04-14 10:21:00,1030,1030,1030,1030,0
2022-04-14 10:22:00,1035,1030,1035,1030,200
2022-04-14 10:23:00,1035,1030,1035,1030,0
2022-04-14 10:24:00,1030,1030,1030,1030,200
2022-04-14 10:25:00,1030,1030,1030,1030,100
2022-04-14 10:26:00,1030,1030,1030,1030,0
2022-04-14 10:27:00,1030,1030,1030,1030,0
2022-04-14 10:28:00,1030,1030,1030,1030,100
2022-04-14 10:29:00,1030,1030,1030,1030,0
2022-04-14 10:30:00,1030,1030,1030,1030,0
2022-04-14 10:31:00,1030,1030,1030,1030,0
2022-04-14 10:32:00,1030,1030,1030,1030,0
2022-04-14 10:33:00,1030,1030,1030,1030,0
2022-04-14 10:34:00,1030,1030,1030,1030,0
2022-04-14 10:35:00,1030,1030,1030,1030,0
2022-04-14 10:36:00,1030,1030,1030,1030,2000
2022-04-14 10:37:00,1030,1030,1030,1030,1000
2022-04-14 10:38:00,1030,1030,1030,1030,0
2022-04-14 10:39:00,1030,1030,1030,1030,0
2022-04-14 10:40:00,1030,1030,1030,1030,0
2022-04-14 10:41:00,1030,1030,1030,1030,0
2022-04-14 10:42:00,1030,1030,1030,1030,0
2022-04-14 10:43:00,1030,1030,1030,1030,100
2022-04-14 10:44:00,1030,1030,1030,1030,0
2022-04-14 10:45:00,1030,1030,1030,1030,0
2022-04-14 10:46:00,1030,1030,1030,1030,0
2022-04-14 10:47:00,1025,1025,1025,1025,800
2022-04-14 10:48:00,1025,1025,1025,1025,0
2022-04-14 10:49:00,1025,1025,1025,1025,0
2022-04-14 10:50:00,1025,1025,1025,1025,0
2022-04-14 10:51:00,1025,1025,1025,1025,0
2022-04-14 10:52:00,1030,1030,1030,1030,100
2022-04-14 10:53:00,1025,1025,1025,1025,100
2022-04-14 10:54:00,1025,1025,1025,1025,0
2022-04-14 10:55:00,1025,1025,1025,1025,0
2022-04-14 10:56:00,1025,1025,1025,1025,0
2022-04-14 10:57:00,1025,1025,1025,1025,30000
2022-04-14 10:58:00,1025,1025,1025,1025,4500
2022-04-14 10:59:00,1025,1025,1025,1025,0
2022-04-14 11:00:00,1025,1025,1025,1025,4700
2022-04-14 11:01:00,1025,1025,1025,1025,0
2022-04-14 11:02:00,1025,1025,1025,1025,0
2022-04-14 11:03:00,1025,1015,1025,1015,583100
2022-04-14 11:04:00,1015,1015,1025,1025,366900
2022-04-14 11:05:00,1025,1025,1025,1025,200000
2022-04-14 11:06:00,1020,1020,1020,1020,2100
2022-04-14 11:07:00,1020,1020,1020,1020,0
2022-04-14 11:08:00,1020,1020,1020,1020,100
2022-04-14 11:09:00,1020,1020,1020,1020,1100
2022-04-14 11:10:00,1020,1020,1020,1020,0
2022-04-14 11:11:00,1020,1020,1020,1020,500
2022-04-14 11:12:00,1020,1020,1020,1020,0
2022-04-14 11:13:00,1025,1025,1025,1025,2000
2022-04-14 11:14:00,1025,1025,1025,1025,1300
2022-04-14 11:15:00,1025,1025,1025,1025,1200
2022-04-14 11:16:00,1025,1025,1025,1025,200
2022-04-14 11:17:00,1025,1025,1025,1025,0
2022-04-14 11:18:00,1025,1025,1025,1025,200
2022-04-14 11:19:00,1025,1025,1025,1025,0
2022-04-14 11:20:00,1025,1025,1025,1025,0
2022-04-14 11:21:00,1020,1020,1020,1020,1400
2022-04-14 11:22:00,1020,1020,1020,1020,0
2022-04-14 11:23:00,1020,1020,1020,1020,0
2022-04-14 11:24:00,1020,1020,1020,1020,0
2022-04-14 11:25:00,1020,1020,1020,1020,5700
2022-04-14 11:26:00,1020,1020,1020,1020,0
2022-04-14 11:27:00,1015,1015,1015,1015,20000
2022-04-14 11:28:00,1015,1015,1015,1015,0
2022-04-14 11:29:00,1015,1015,1015,1015,0
2022-04-14 11:30:00,1015,1015,1015,1015,0
2022-04-14 11:31:00,1015,1015,1015,1015,0
2022-04-14 11:32:00,1015,1015,1015,1015,0
2022-04-14 11:33:00,1015,1015,1015,1015,0
2022-04-14 11:34:00,1015,1015,1015,1015,0
2022-04-14 11:35:00,1015,1015,1015,1015,0
2022-04-14 11:36:00,1015,1015,1015,1015,0
2022-04-14 11:37:00,1015,1015,1015,1015,0
2022-04-14 11:38:00,1015,1015,1015,1015,0
2022-04-14 11:39:00,1015,1015,1015,1015,0
2022-04-14 11:40:00,1015,1015,1015,1015,0
2022-04-14 11:41:00,1015,1015,1015,1015,0
2022-04-14 11:42:00,1015,1015,1015,1015,0
2022-04-14 11:43:00,1015,1015,1015,1015,0
2022-04-14 11:44:00,1015,1015,1015,1015,0
2022-04-14 11:45:00,1015,1015,1015,1015,0
2022-04-14 11:46:00,1015,1015,1015,1015,0
2022-04-14 11:47:00,1015,1015,1015,1015,0
2022-04-14 11:48:00,1015,1015,1015,1015,0
2022-04-14 11:49:00,1015,1015,1015,1015,0
2022-04-14 11:50:00,1015,1015,1015,1015,0
2022-04-14 11:51:00,1015,1015,1015,1015,0
2022-04-14 11:52:00,1015,1015,1015,1015,0
2022-04-14 11:53:00,1015,1015,1015,1015,0
2022-04-14 11:54:00,1015,1015,1015,1015,0
2022-04-14 11:55:00,1015,1015,1015,1015,0
2022-04-14 11:56:00,1015,1015,1015,1015,0
2022-04-14 11:57:00,1015,1015,1015,1015,0
2022-04-14 11:58:00,1015,1015,1015,1015,0
2022-04-14 11:59:00,1015,1015,1015,1015,0
2022-04-14 12:00:00,1015,1015,1015,1015,0
2022-04-14 12:01:00,1015,1015,1015,1015,0
2022-04-14 12:02:00,1015,1015,1015,1015,0
2022-04-14 12:03:00,1015,1015,1015,1015,0
2022-04-14 12:04:00,1015,1015,1015,1015,0
2022-04-14 12:05:00,1015,1015,1015,1015,0
2022-04-14 12:06:00,1015,1015,1015,1015,0
2022-04-14 12:07:00,1015,1015,1015,1015,0
2022-04-14 12:08:00,1015,1015,1015,1015,0
2022-04-14 12:09:00,1015,1015,1015,1015,0
2022-04-14 12:10:00,1015,1015,1015,1015,0
2022-04-14 12:11:00,1015,1015,1015,1015,0
2022-04-14 12:12:00,1015,1015,1015,1015,0
2022-04-14 12:13:00,1015,1015,1015,1015,0
2022-04-14 12:14:00,1015,1015,1015,1015,0
2022-04-14 12:15:00,1015,1015,1015,1015,0
2022-04-14 12:16:00,1015,1015,1015,1015,0
2022-04-14 12:17:00,1015,1015,1015,1015,0
2022-04-14 12:18:00,1015,1015,1015,1015,0
2022-04-14 12:19:00,1015,1015,1015,1015,0
2022-04-14 12:20:00,1015,1015,1015,1015,0
2022-04-14 12:21:00,1015,1015,1015,1015,0
2022-04-14 12:22:00,1015,1015,1015,1015,0
2022-04-14 12:23:00,1015,1015,1015,1015,0
2022-04-14 12:24:00,1015,1015,1015,1015,0
2022-04-14 12:25:00,1015,1015,1015,1015,0
2022-04-14 12:26:00,1015,1015,1015,1015,0
2022-04-14 12:27:00,1015,1015,1015,1015,0
2022-04-14 12:28:00,1015,1015,1015,1015,0
2022-04-14 12:29:00,1015,1015,1015,1015,0
2022-04-14 12:30:00,1015,1015,1015,1015,0
2022-04-14 12:31:00,1015,1015,1015,1015,0
2022-04-14 12:32:00,1015,1015,1015,1015,0
2022-04-14 12:33:00,1015,1015,1015,1015,0
2022-04-14 12:34:00,1015,1015,1015,1015,0
2022-04-14 12:35:00,1015,1015,1015,1015,0
2022-04-14 12:36:00,1015,1015,1015,1015,0
2022-04-14 12:37:00,1015,1015,1015,1015,0
2022-04-14 12:38:00,1015,1015,1015,1015,0
2022-04-14 12:39:00,1015,1015,1015,1015,0
2022-04-14 12:40:00,1015,1015,1015,1015,0
2022-04-14 12:41:00,1015,1015,1015,1015,0
2022-04-14 12:42:00,1015,1015,1015,1015,0
2022-04-14 12:43:00,1015,1015,1015,1015,0
2022-04-14 12:44:00,1015,1015,1015,1015,0
2022-04-14 12:45:00,1015,1015,1015,1015,0
2022-04-14 12:46:00,1015,1015,1015,1015,0
2022-04-14 12:47:00,1015,1015,1015,1015,0
2022-04-14 12:48:00,1015,1015,1015,1015,0
2022-04-14 12:49:00,1015,1015,1015,1015,0
2022-04-14 12:50:00,1015,1015,1015,1015,0
2022-04-14 12:51:00,1015,1015,1015,1015,0
2022-04-14 12:52:00,1015,1015,1015,1015,0
2022-04-14 12:53:00,1015,1015,1015,1015,0
2022-04-14 12:54:00,1015,1015,1015,1015,0
2022-04-14 12:55:00,1015,1015,1015,1015,0
2022-04-14 12:56:00,1015,1015,1015,1015,0
2022-04-14 12:57:00,1015,1015,1015,1015,0
2022-04-14 12:58:00,1015,1015,1015,1015,0
2022-04-14 12:59:00,1015,1015,1015,1015,0
2022-04-14 13:00:00,1015,1015,1015,1015,0
2022-04-14 13:01:00,1015,1015,1015,1015,0
2022-04-14 13:02:00,1015,1015,1015,1015,0
2022-04-14 13:03:00,1015,1015,1015,1015,0
2022-04-14 13:04:00,1015,1015,1015,1015,0
2022-04-14 13:05:00,1015,1015,1015,1015,0
2022-04-14 13:06:00,1015,1015,1015,1015,0
2022-04-14 13:07:00,1015,1015,1015,1015,0
2022-04-14 13:08:00,1015,1015,1015,1015,0
2022-04-14 13:09:00,1015,1015,1015,1015,0
2022-04-14 13:10:00,1015,1015,1015,1015,0
2022-04-14 13:11:00,1015,1015,1015,1015,0
2022-04-14 13:12:00,1015,1015,1015,1015,0
2022-04-14 13:13:00,1015,1015,1015,1015,0
2022-04-14 13:14:00,1015,1015,1015,1015,0
2022-04-14 13:15:00,1015,1015,1015,1015,0
2022-04-14 13:16:00,1015,1015,1015,1015,0
2022-04-14 13:17:00,1015,1015,1015,1015,0
2022-04-14 13:18:00,1015,1015,1015,1015,0
2022-04-14 13:19:00,1015,1015,1015,1015,0
2022-04-14 13:20:00,1015,1015,1015,1015,0
2022-04-14 13:21:00,1015,1015,1015,1015,0
2022-04-14 13:22:00,1015,1015,1015,1015,0
2022-04-14 13:23:00,1015,1015,1015,1015,0
2022-04-14 13:24:00,1015,1015,1015,1015,0
2022-04-14 13:25:00,1015,1015,1015,1015,0
2022-04-14 13:26:00,1015,1015,1015,1015,0
2022-04-14 13:27:00,1015,1015,1015,1015,0
2022-04-14 13:28:00,1015,1015,1015,1015,0
2022-04-14 13:29:00,1015,1015,1015,1015,0
2022-04-14 13:30:00,1015,1015,1015,1015,2700
2022-04-14 13:31:00,1015,1015,1015,1015,0
2022-04-14 13:32:00,1015,1010,1015,1015,906000
2022-04-14 13:33:00,1015,1015,1020,1020,237800
2022-04-14 13:34:00,1020,1020,1020,1020,329500
2022-04-14 13:35:00,1020,1020,1020,1020,0
2022-04-14 13:36:00,1030,1030,1030,1030,412400
2022-04-14 13:37:00,1030,1030,1030,1030,441300
2022-04-14 13:38:00,1030,1030,1030,1030,9700
2022-04-14 13:39:00,1030,1030,1030,1030,0
2022-04-14 13:40:00,1030,1030,1030,1030,0
2022-04-14 13:41:00,1030,1030,1030,1030,0
2022-04-14 13:42:00,1030,1030,1030,1030,300
2022-04-14 13:43:00,1030,1030,1030,1030,0
2022-04-14 13:44:00,1030,1030,1030,1030,0
2022-04-14 13:45:00,1030,1030,1030,1030,0
2022-04-14 13:46:00,1030,1030,1030,1030,0
2022-04-14 13:47:00,1030,1030,1030,1030,100
2022-04-14 13:48:00,1030,1030,1030,1030,600
2022-04-14 13:49:00,1030,1030,1030,1030,0
2022-04-14 13:50:00,1030,1030,1030,1030,0
2022-04-14 13:51:00,1030,1030,1030,1030,1500
2022-04-14 13:52:00,1030,1030,1030,1030,100
2022-04-14 13:53:00,1030,1030,1030,1030,0
2022-04-14 13:54:00,1030,1030,1030,1030,0
2022-04-14 13:55:00,1030,1030,1030,1030,0
2022-04-14 13:56:00,1030,1030,1030,1030,1000
2022-04-14 13:57:00,1030,1030,1030,1030,0
2022-04-14 13:58:00,1030,1030,1030,1030,4000
2022-04-14 13:59:00,1030,1030,1030,1030,12000
2022-04-14 14:00:00,1030,1030,1030,1030,0
2022-04-14 14:01:00,1030,1030,1030,1030,0
2022-04-14 14:02:00,1030,1030,1030,1030,0
2022-04-14 14:03:00,1030,1030,1030,1030,0
2022-04-14 14:04:00,1030,1030,1030,1030,0
2022-04-14 14:05:00,1030,1030,1030,1030,0
2022-04-14 14:06:00,1030,1030,1030,1030,400
2022-04-14 14:07:00,1030,1030,1030,1030,0
2022-04-14 14:08:00,1030,1030,1030,1030,0
2022-04-14 14:09:00,1030,1030,1030,1030,500
2022-04-14 14:10:00,1030,1030,1030,1030,6000
2022-04-14 14:11:00,1030,1030,1030,1030,600
2022-04-14 14:12:00,1030,1030,1030,1030,0
2022-04-14 14:13:00,1030,1030,1030,1030,0
2022-04-14 14:14:00,1030,1030,1030,1030,0
2022-04-14 14:15:00,1030,1030,1030,1030,500
2022-04-14 14:16:00,1030,1030,1030,1030,0
2022-04-14 14:17:00,1030,1030,1030,1030,4000
2022-04-14 14:18:00,1030,1030,1030,1030,3600
2022-04-14 14:19:00,1030,1030,1030,1030,0
2022-04-14 14:20:00,1030,1030,1030,1030,0
2022-04-14 14:21:00,1030,1030,1030,1030,200
2022-04-14 14:22:00,1030,1030,1030,1030,0
2022-04-14 14:23:00,1030,1030,1030,1030,0
2022-04-14 14:24:00,1030,1025,1030,1025,6400
2022-04-14 14:25:00,1030,1025,1030,1025,313900
2022-04-14 14:26:00,1030,1025,1030,1025,26200
2022-04-14 14:27:00,1030,1030,1030,1030,0
2022-04-14 14:28:00,1030,1030,1030,1030,0
2022-04-14 14:29:00,1030,1030,1030,1030,0
2022-04-14 14:30:00,1030,1030,1030,1030,0
2022-04-14 14:31:00,1030,1030,1030,1030,0
2022-04-14 14:32:00,1030,1030,1030,1030,0
2022-04-14 14:33:00,1030,1030,1030,1030,0
2022-04-14 14:34:00,1030,1030,1030,1030,0
2022-04-14 14:35:00,1030,1030,1030,1030,0
2022-04-14 14:36:00,1030,1030,1030,1030,0
2022-04-14 14:37:00,1030,1030,1030,1030,0
2022-04-14 14:38:00,1030,1030,1030,1030,0
2022-04-14 14:39:00,1030,1030,1030,1030,0
2022-04-14 14:40:00,1030,1030,1030,1030,0
2022-04-14 14:41:00,1030,1030,1030,1030,0
2022-04-14 14:42:00,1025,1025,1025,1025,5763400
2022-04-14 14:43:00,1025,1025,1025,1025,0
2022-04-14 14:44:00,1025,1025,1025,1025,0
2022-04-14 14:45:00,1025,1025,1025,1025,0
2022-04-14 14:46:00,1025,1025,1025,1025,0
2022-04-14 14:47:00,1025,1025,1025,1025,0
2022-04-14 14:48:00,1025,1025,1025,1025,0
2022-04-14 14:49:00,1025,1025,1030,1030,11100
2022-04-14 14:50:00,1025,1025,1030,1030,0
2022-04-14 14:51:00,1025,1025,1030,1030,0
2022-04-14 14:52:00,1025,1025,1030,1030,0
2022-04-14 14:53:00,1025,1025,1030,1030,0
2022-04-14 14:54:00,1025,1025,1030,1030,0
2022-04-14 14:55:00,1025,1025,1030,1030,0
2022-04-14 14:56:00,1025,1025,1030,1030,0
2022-04-14 14:57:00,1025,1025,1030,1030,0
2022-04-14 14:58:00,1025,1025,1030,1030,0
2022-04-14 14:59:00,1025,1025,1030,1030,0
2022-04-14 15:00:00,1030,1030,1030,1030,51600
2022-04-14 15:01:00,1030,1030,1030,1030,0
2022-04-14 15:02:00,1030,1030,1030,1030,0
2022-04-14 15:03:00,1030,1030,1030,1030,0
2022-04-14 15:04:00,1030,1030,1030,1030,0
2022-04-14 15:05:00,1030,1030,1030,1030,0
2022-04-14 15:06:00,1030,1030,1030,1030,0
2022-04-14 15:07:00,1030,1030,1030,1030,100
2022-04-14 15:08:00,1030,1030,1030,1030,0
2022-04-14 15:09:00,1030,1030,1030,1030,1600
2022-04-14 15:10:00,1030,1030,1030,1030,0
2022-04-14 15:11:00,1030,1030,1030,1030,1000
2022-04-14 15:12:00,1030,1030,1030,1030,0
2022-04-14 15:13:00,1030,1030,1030,1030,400
2022-04-14 15:14:00,1030,1030,1030,1030,5400
2022-04-14 15:15:00,1030,1030,1030,1030,0
2022-04-14 15:16:00,1030,1030,1030,1030,0
2022-04-14 15:17:00,1030,1030,1030,1030,0
2022-04-14 15:18:00,1030,1030,1030,1030,0
2022-04-14 15:19:00,1030,1030,1030,1030,0
2022-04-14 15:20:00,1030,1030,1030,1030,0
2022-04-14 15:21:00,1030,1030,1030,1030,0
2022-04-14 15:22:00,1030,1030,1030,1030,0
2022-04-14 15:23:00,1030,1030,1030,1030,0
2022-04-14 15:24:00,1030,1030,1030,1030,0
2022-04-14 15:25:00,1030,1030,1030,1030,0
2022-04-14 15:26:00,1030,1030,1030,1030,0
2022-04-14 15:27:00,1030,1030,1030,1030,0
2022-04-14 15:28:00,1030,1030,1030,1030,0
2022-04-14 15:29:00,1030,1030,1030,1030,0
2022-04-14 15:30:00,1030,1030,1030,1030,0
2022-04-14 15:31:00,1030,1030,1030,1030,0
2022-04-14 15:32:00,1030,1030,1030,1030,0
2022-04-14 15:33:00,1030,1030,1030,1030,0
2022-04-14 15:34:00,1030,1030,1030,1030,0
2022-04-14 15:35:00,1030,1030,1030,1030,0
2022-04-14 15:36:00,1030,1030,1030,1030,0
2022-04-14 15:37:00,1030,1030,1030,1030,0
2022-04-14 15:38:00,1030,1030,1030,1030,0
2022-04-14 15:39:00,1030,1030,1030,1030,0
2022-04-14 15:40:00,1030,1030,1030,1030,0
2022-04-14 15:41:00,1030,1030,1030,1030,0
2022-04-14 15:42:00,1030,1030,1030,1030,0
2022-04-14 15:43:00,1030,1030,1030,1030,0
2022-04-14 15:44:00,1030,1030,1030,1030,0
2022-04-14 15:45:00,1030,1030,1030,1030,0
2022-04-14 15:46:00,1030,1030,1030,1030,0
2022-04-14 15:47:00,1030,1030,1030,1030,0
2022-04-14 15:48:00,1030,1030,1030,1030,0
2022-04-14 15:49:00,1030,1030,1030,1030,0
2022-04-14 15:50:00,1030,1030,1030,1030,0
2022-04-14 15:51:00,1030,1030,1030,1030,0
2022-04-14 15:52:00,1030,1030,1030,1030,0
2022-04-14 15:53:00,1030,1030,1030,1030,0
2022-04-14 15:54:00,1030,1030,1030,1030,0
2022-04-14 15:55:00,1030,1030,1030,1030,0
2022-04-14 15:56:00,1030,1030,1030,1030,0
2022-04-14 15:57:00,1030,1030,1030,1030,0
2022-04-14 15:58:00,1030,1030,1030,1030,0
2022-04-14 15:59:00,1030,1030,1030,1030,0
2022-04-15 09:00:00,1030,1030,1030,1030,0
2022-04-15 09:01:00,1030,1030,1030,1030,0
2022-04-15 09:02:00,1030,1030,1030,1030,0
2022-04-15 09:03:00,1030,1030,1030,1030,0
2022-04-15 09:04:00,1030,1030,1030,1030,0
2022-04-15 09:05:00,1030,1030,1030,1030,0
2022-04-15 09:06:00,1030,1030,1030,1030,0
2022-04-15 09:07:00,1030,1030,1030,1030,0
2022-04-15 09:08:00,1030,1030,1030,1030,0
2022-04-15 09:09:00,1030,1030,1030,1030,0
2022-04-15 09:10:00,1030,1030,1030,1030,0
2022-04-15 09:11:00,1030,1030,1030,1030,0
2022-04-15 09:12:00,1030,1030,1030,1030,0
2022-04-15 09:13:00,1030,1030,1030,1030,0
2022-04-15 09:14:00,1030,1030,1030,1030,0
2022-04-15 09:15:00,1030,1030,1030,1030,0
2022-04-15 09:16:00,1030,1030,1030,1030,0
2022-04-15 09:17:00,1030,1030,1030,1030,0
2022-04-15 09:18:00,1030,1030,1030,1030,0
2022-04-15 09:19:00,1030,1030,1030,1030,0
2022-04-15 09:20:00,1030,1030,1030,1030,0
2022-04-15 09:21:00,1030,1030,1030,1030,0
2022-04-15 09:22:00,1030,1030,1030,1030,0
2022-04-15 09:23:00,1030,1030,1030,1030,0
2022-04-15 09:24:00,1030,1030,1030,1030,0
2022-04-15 09:25:00,1030,1030,1030,1030,0
2022-04-15 09:26:00,1030,1030,1030,1030,0
2022-04-15 09:27:00,1030,1030,1030,1030,0
2022-04-15 09:28:00,1030,1030,1030,1030,0
2022-04-15 09:29:00,1030,1030,1030,1030,0
2022-04-15 09:30:00,1030,1030,1030,1030,0
2022-04-15 09:31:00,1030,1030,1030,1030,0
2022-04-15 09:32:00,1030,1030,1030,1030,0
2022-04-15 09:33:00,1030,1030,1030,1030,0
2022-04-15 09:34:00,1030,1030,1030,1030,0
2022-04-15 09:35:00,1030,1030,1030,1030,0
2022-04-15 09:36:00,1030,1030,1030,1030,0
2022-04-15 09:37:00,1030,1030,1030,1030,0
2022-04-15 09:38:00,1030,1030,1030,1030,0
2022-04-15 09:39:00,1030,1030,1030,1030,0
2022-04-15 09:40:00,1030,1030,1030,1030,0
2022-04-15 09:41:00,1030,1030,1030,1030,0
2022-04-15 09:42:00,1030,1030,1030,1030,0
2022-04-15 09:43:00,1030,1030,1030,1030,0
2022-04-15 09:44:00,1030,1030,1030,1030,0
2022-04-15 09:45:00,1030,1030,1030,1030,0
2022-04-15 09:46:00,1030,1030,1030,1030,0
2022-04-15 09:47:00,1030,1030,1030,1030,0
2022-04-15 09:48:00,1030,1030,1030,1030,0
2022-04-15 09:49:00,1030,1030,1030,1030,0
2022-04-15 09:50:00,1030,1030,1030,1030,0
2022-04-15 09:51:00,1030,1030,1030,1030,0
2022-04-15 09:52:00,1030,1030,1030,1030,0
2022-04-15 09:53:00,1030,1030,1030,1030,0
2022-04-15 09:54:00,1030,1030,1030,1030,0
2022-04-15 09:55:00,1030,1030,1030,1030,0
2022-04-15 09:56:00,1030,1030,1030,1030,0
2022-04-15 09:57:00,1030,1030,1030,1030,0
2022-04-15 09:58:00,1030,1030,1030,1030,0
2022-04-15 09:59:00,1030,1030,1030,1030,0
2022-04-15 10:00:00,1030,1030,1030,1030,0
2022-04-15 10:01:00,1030,1030,1030,1030,0
2022-04-15 10:02:00,1030,1030,1030,1030,0
2022-04-15 10:03:00,1030,1030,1030,1030,0
2022-04-15 10:04:00,1030,1030,1030,1030,0
2022-04-15 10:05:00,1030,1030,1030,1030,0
2022-04-15 10:06:00,1030,1030,1030,1030,0
2022-04-15 10:07:00,1030,1030,1030,1030,0
2022-04-15 10:08:00,1030,1030,1030,1030,0
2022-04-15 10:09:00,1030,1030,1030,1030,0
2022-04-15 10:10:00,1030,1030,1030,1030,0
2022-04-15 10:11:00,1030,1030,1030,1030,0
2022-04-15 10:12:00,1030,1030,1030,1030,0
2022-04-15 10:13:00,1030,1030,1030,1030,0
2022-04-15 10:14:00,1030,1030,1030,1030,0
2022-04-15 10:15:00,1030,1030,1030,1030,0
2022-04-15 10:16:00,1030,1030,1030,1030,0
2022-04-15 10:17:00,1030,1030,1030,1030,0
2022-04-15 10:18:00,1030,1030,1030,1030,0
2022-04-15 10:19:00,1030,1030,1030,1030,0
2022-04-15 10:20:00,1030,1030,1030,1030,0
2022-04-15 10:21:00,1030,1030,1030,1030,0
2022-04-15 10:22:00,1030,1030,1030,1030,0
2022-04-15 10:23:00,1030,1030,1030,1030,0
2022-04-15 10:24:00,1030,1030,1030,1030,0
2022-04-15 10:25:00,1030,1030,1030,1030,0
2022-04-15 10:26:00,1030,1030,1030,1030,0
2022-04-15 10:27:00,1030,1030,1030,1030,0
2022-04-15 10:28:00,1030,1030,1030,1030,0
2022-04-15 10:29:00,1030,1030,1030,1030,0
2022-04-15 10:30:00,1030,1030,1030,1030,0
2022-04-15 10:31:00,1030,1030,1030,1030,0
2022-04-15 10:32:00,1030,1030,1030,1030,0
2022-04-15 10:33:00,1030,1030,1030,1030,0
2022-04-15 10:34:00,1030,1030,1030,1030,0
2022-04-15 10:35:00,1030,1030,1030,1030,0
2022-04-15 10:36:00,1030,1030,1030,1030,0
2022-04-15 10:37:00,1030,1030,1030,1030,0
2022-04-15 10:38:00,1030,1030,1030,1030,0
2022-04-15 10:39:00,1030,1030,1030,1030,0
2022-04-15 10:40:00,1030,1030,1030,1030,0
2022-04-15 10:41:00,1030,1030,1030,1030,0
2022-04-15 10:42:00,1030,1030,1030,1030,0
2022-04-15 10:43:00,1030,1030,1030,1030,0
2022-04-15 10:44:00,1030,1030,1030,1030,0
2022-04-15 10:45:00,1030,1030,1030,1030,0
2022-04-15 10:46:00,1030,1030,1030,1030,0
2022-04-15 10:47:00,1030,1030,1030,1030,0
2022-04-15 10:48:00,1030,1030,1030,1030,0
2022-04-15 10:49:00,1030,1030,1030,1030,0
2022-04-15 10:50:00,1030,1030,1030,1030,0
2022-04-15 10:51:00,1030,1030,1030,1030,0
2022-04-15 10:52:00,1030,1030,1030,1030,0
2022-04-15 10:53:00,1030,1030,1030,1030,0
2022-04-15 10:54:00,1030,1030,1030,1030,0
2022-04-15 10:55:00,1030,1030,1030,1030,0
2022-04-15 10:56:00,1030,1030,1030,1030,0
2022-04-15 10:57:00,1030,1030,1030,1030,0
2022-04-15 10:58:00,1030,1030,1030,1030,0
2022-04-15 10:59:00,1030,1030,1030,1030,0
2022-04-15 11:00:00,1030,1030,1030,1030,0
2022-04-15 11:01:00,1030,1030,1030,1030,0
2022-04-15 11:02:00,1030,1030,1030,1030,0
2022-04-15 11:03:00,1030,1030,1030,1030,0
2022-04-15 11:04:00,1030,1030,1030,1030,0
2022-04-15 11:05:00,1030,1030,1030,1030,0
2022-04-15 11:06:00,1030,1030,1030,1030,0
2022-04-15 11:07:00,1030,1030,1030,1030,0
2022-04-15 11:08:00,1030,1030,1030,1030,0
2022-04-15 11:09:00,1030,1030,1030,1030,0
2022-04-15 11:10:00,1030,1030,1030,1030,0
2022-04-15 11:11:00,1030,1030,1030,1030,0
2022-04-15 11:12:00,1030,1030,1030,1030,0
2022-04-15 11:13:00,1030,1030,1030,1030,0
2022-04-15 11:14:00,1030,1030,1030,1030,0
2022-04-15 11:15:00,1030,1030,1030,1030,0
2022-04-15 11:16:00,1030,1030,1030,1030,0
2022-04-15 11:17:00,1030,1030,1030,1030,0
2022-04-15 11:18:00,1030,1030,1030,1030,0
2022-04-15 11:19:00,1030,1030,1030,1030,0
2022-04-15 11:20:00,1030,1030,1030,1030,0
2022-04-15 11:21:00,1030,1030,1030,1030,0
2022-04-15 11:22:00,1030,1030,1030,1030,0
2022-04-15 11:23:00,1030,1030,1030,1030,0
2022-04-15 11:24:00,1030,1030,1030,1030,0
2022-04-15 11:25:00,1030,1030,1030,1030,0
2022-04-15 11:26:00,1030,1030,1030,1030,0
2022-04-15 11:27:00,1030,1030,1030,1030,0
2022-04-15 11:28:00,1030,1030,1030,1030,0
2022-04-15 11:29:00,1030,1030,1030,1030,0
2022-04-15 11:30:00,1030,1030,1030,1030,0
2022-04-15 11:31:00,1030,1030,1030,1030,0
2022-04-15 11:32:00,1030,1030,1030,1030,0
2022-04-15 11:33:00,1030,1030,1030,1030,0
2022-04-15 11:34:00,1030,1030,1030,1030,0
2022-04-15 11:35:00,1030,1030,1030,1030,0
2022-04-15 11:36:00,1030,1030,1030,1030,0
2022-04-15 11:37:00,1030,1030,1030,1030,0
2022-04-15 11:38:00,1030,1030,1030,1030,0
2022-04-15 11:39:00,1030,1030,1030,1030,0
2022-04-15 11:40:00,1030,1030,1030,1030,0
2022-04-15 11:41:00,1030,1030,1030,1030,0
2022-04-15 11:42:00,1030,1030,1030,1030,0
2022-04-15 11:43:00,1030,1030,1030,1030,0
2022-04-15 11:44:00,1030,1030,1030,1030,0
2022-04-15 11:45:00,1030,1030,1030,1030,0
2022-04-15 11:46:00,1030,1030,1030,1030,0
2022-04-15 11:47:00,1030,1030,1030,1030,0
2022-04-15 11:48:00,1030,1030,1030,1030,0
2022-04-15 11:49:00,1030,1030,1030,1030,0
2022-04-15 11:50:00,1030,1030,1030,1030,0
2022-04-15 11:51:00,1030,1030,1030,1030,0
2022-04-15 11:52:00,1030,1030,1030,1030,0
2022-04-15 11:53:00,1030,1030,1030,1030,0
2022-04-15 11:54:00,1030,1030,1030,1030,0
2022-04-15 11:55:00,1030,1030,1030,1030,0
2022-04-15 11:56:00,1030,1030,1030,1030,0
2022-04-15 11:57:00,1030,1030,1030,1030,0
2022-04-15 11:58:00,1030,1030,1030,1030,0
2022-04-15 11:59:00,1030,1030,1030,1030,0
2022-04-15 12:00:00,1030,1030,1030,1030,0
2022-04-15 12:01:00,1030,1030,1030,1030,0
2022-04-15 12:02:00,1030,1030,1030,1030,0
2022-04-15 12:03:00,1030,1030,1030,1030,0
2022-04-15 12:04:00,1030,1030,1030,1030,0
2022-04-15 12:05:00,1030,1030,1030,1030,0
2022-04-15 12:06:00,1030,1030,1030,1030,0
2022-04-15 12:07:00,1030,1030,1030,1030,0
2022-04-15 12:08:00,1030,1030,1030,1030,0
2022-04-15 12:09:00,1030,1030,1030,1030,0
2022-04-15 12:10:00,1030,1030,1030,1030,0
2022-04-15 12:11:00,1030,1030,1030,1030,0
2022-04-15 12:12:00,1030,1030,1030,1030,0
2022-04-15 12:13:00,1030,1030,1030,1030,0
2022-04-15 12:14:00,1030,1030,1030,1030,0
2022-04-15 12:15:00,1030,1030,1030,1030,0
2022-04-15 12:16:00,1030,1030,1030,1030,0
2022-04-15 12:17:00,1030,1030,1030,1030,0
2022-04-15 12:18:00,1030,1030,1030,1030,0
2022-04-15 12:19:00,1030,1030,1030,1030,0
2022-04-15 12:20:00,1030,1030,1030,1030,0
2022-04-15 12:21:00,1030,1030,1030,1030,0
2022-04-15 12:22:00,1030,1030,1030,1030,0
2022-04-15 12:23:00,1030,1030,1030,1030,0
2022-04-15 12:24:00,1030,1030,1030,1030,0
2022-04-15 12:25:00,1030,1030,1030,1030,0
2022-04-15 12:26:00,1030,1030,1030,1030,0
2022-04-15 12:27:00,1030,1030,1030,1030,0
2022-04-15 12:28:00,1030,1030,1030,1030,0
2022-04-15 12:29:00,1030,1030,1030,1030,0
2022-04-15 12:30:00,1030,1030,1030,1030,0
2022-04-15 12:31:00,1030,1030,1030,1030,0
2022-04-15 12:32:00,1030,1030,1030,1030,0
2022-04-15 12:33:00,1030,1030,1030,1030,0
2022-04-15 12:34:00,1030,1030,1030,1030,0
2022-04-15 12:35:00,1030,1030,1030,1030,0
2022-04-15 12:36:00,1030,1030,1030,1030,0
2022-04-15 12:37:00,1030,1030,1030,1030,0
2022-04-15 12:38:00,1030,1030,1030,1030,0
2022-04-15 12:39:00,1030,1030,1030,1030,0
2022-04-15 12:40:00,1030,1030,1030,1030,0
2022-04-15 12:41:00,1030,1030,1030,1030,0
2022-04-15 12:42:00,1030,1030,1030,1030,0
2022-04-15 12:43:00,1030,1030,1030,1030,0
2022-04-15 12:44:00,1030,1030,1030,1030,0
2022-04-15 12:45:00,1030,1030,1030,1030,0
2022-04-15 12:46:00,1030,1030,1030,1030,0
2022-04-15 12:47:00,1030,1030,1030,1030,0
2022-04-15 12:48:00,1030,1030,1030,1030,0
2022-04-15 12:49:00,1030,1030,1030,1030,0
2022-04-15 12:50:00,1030,1030,1030,1030,0
2022-04-15 12:51:00,1030,1030,1030,1030,0
2022-04-15 12:52:00,1030,1030,1030,1030,0
2022-04-15 12:53:00,1030,1030,1030,1030,0
2022-04-15 12:54:00,1030,1030,1030,1030,0
2022-04-15 12:55:00,1030,1030,1030,1030,0
2022-04-15 12:56:00,1030,1030,1030,1030,0
2022-04-15 12:57:00,1030,1030,1030,1030,0
2022-04-15 12:58:00,1030,1030,1030,1030,0
2022-04-15 12:59:00,1030,1030,1030,1030,0
2022-04-15 13:00:00,1030,1030,1030,1030,0
2022-04-15 13:01:00,1030,1030,1030,1030,0
2022-04-15 13:02:00,1030,1030,1030,1030,0
2022-04-15 13:03:00,1030,1030,1030,1030,0
2022-04-15 13:04:00,1030,1030,1030,1030,0
2022-04-15 13:05:00,1030,1030,1030,1030,0
2022-04-15 13:06:00,1030,1030,1030,1030,0
2022-04-15 13:07:00,1030,1030,1030,1030,0
2022-04-15 13:08:00,1030,1030,1030,1030,0
2022-04-15 13:09:00,1030,1030,1030,1030,0
2022-04-15 13:10:00,1030,1030,1030,1030,0
2022-04-15 13:11:00,1030,1030,1030,1030,0
2022-04-15 13:12:00,1030,1030,1030,1030,0
2022-04-15 13:13:00,1030,1030,1030,1030,0
2022-04-15 13:14:00,1030,1030,1030,1030,0
2022-04-15 13:15:00,1030,1030,1030,1030,0
2022-04-15 13:16:00,1030,1030,1030,1030,0
2022-04-15 13:17:00,1030,1030,1030,1030,0
2022-04-15 13:18:00,1030,1030,1030,1030,0
2022-04-15 13:19:00,1030,1030,1030,1030,0
2022-04-15 13:20:00,1030,1030,1030,1030,0
2022-04-15 13:21:00,1030,1030,1030,1030,0
2022-04-15 13:22:00,1030,1030,1030,1030,0
2022-04-15 13:23:00,1030,1030,1030,1030,0
2022-04-15 13:24:00,1030,1030,1030,1030,0
2022-04-15 13:25:00,1030,1030,1030,1030,0
2022-04-15 13:26:00,1030,1030,1030,1030,0
2022-04-15 13:27:00,1030,1030,1030,1030,0
2022-04-15 13:28:00,1030,1030,1030,1030,0
2022-04-15 13:29:00,1030,1030,1030,1030,0
2022-04-15 13:30:00,1030,1030,1030,1030,0
2022-04-15 13:31:00,1030,1030,1030,1030,0
2022-04-15 13:32:00,1030,1030,1030,1030,0
2022-04-15 13:33:00,1030,1030,1030,1030,0
2022-04-15 13:34:00,1030,1030,1030,1030,0
2022-04-15 13:35:00,1030,1030,1030,1030,0
2022-04-15 13:36:00,1030,1030,1030,1030,0
2022-04-15 13:37:00,1030,1030,1030,1030,0
2022-04-15 13:38:00,1030,1030,1030,1030,0
2022-04-15 13:39:00,1030,1030,1030,1030,0
2022-04-15 13:40:00,1030,1030,1030,1030,0
2022-04-15 13:41:00,1030,1030,1030,1030,0
2022-04-15 13:42:00,1030,1030,1030,1030,0
2022-04-15 13:43:00,1030,1030,1030,1030,0
2022-04-15 13:44:00,1030,1030,1030,1030,0
2022-04-15 13:45:00,1030,1030,1030,1030,0
2022-04-15 13:46:00,1030,1030,1030,1030,0
2022-04-15 13:47:00,1030,1030,1030,1030,0
2022-04-15 13:48:00,1030,1030,1030,1030,0
2022-04-15 13:49:00,1030,1030,1030,1030,0
2022-04-15 13:50:00,1030,1030,1030,1030,0
2022-04-15 13:51:00,1030,1030,1030,1030,0
2022-04-15 13:52:00,1030,1030,1030,1030,0
2022-04-15 13:53:00,1030,1030,1030,1030,0
2022-04-15 13:54:00,1030,1030,1030,1030,0
2022-04-15 13:55:00,1030,1030,1030,1030,0
2022-04-15 13:56:00,1030,1030,1030,1030,0
2022-04-15 13:57:00,1030,1030,1030,1030,0
2022-04-15 13:58:00,1030,1030,1030,1030,0
2022-04-15 13:59:00,1030,1030,1030,1030,0
2022-04-15 14:00:00,1030,1030,1030,1030,0
2022-04-15 14:01:00,1030,1030,1030,1030,0
2022-04-15 14:02:00,1030,1030,1030,1030,0
2022-04-15 14:03:00,1030,1030,1030,1030,0
2022-04-15 14:04:00,1030,1030,1030,1030,0
2022-04-15 14:05:00,1030,1030,1030,1030,0
2022-04-15 14:06:00,1030,1030,1030,1030,0
2022-04-15 14:07:00,1030,1030,1030,1030,0
2022-04-15 14:08:00,1030,1030,1030,1030,0
2022-04-15 14:09:00,1030,1030,1030,1030,0
2022-04-15 14:10:00,1030,1030,1030,1030,0
2022-04-15 14:11:00,1030,1030,1030,1030,0
2022-04-15 14:12:00,1030,1030,1030,1030,0
2022-04-15 14:13:00,1030,1030,1030,1030,0
2022-04-15 14:14:00,1030,1030,1030,1030,0
2022-04-15 14:15:00,1030,1030,1030,1030,0
2022-04-15 14:16:00,1030,1030,1030,1030,0
2022-04-15 14:17:00,1030,1030,1030,1030,0
2022-04-15 14:18:00,1030,1030,1030,1030,0
2022-04-15 14:19:00,1030,1030,1030,1030,0
2022-04-15 14:20:00,1030,1030,1030,1030,0
2022-04-15 14:21:00,1030,1030,1030,1030,0
2022-04-15 14:22:00,1030,1030,1030,1030,0
2022-04-15 14:23:00,1030,1030,1030,1030,0
2022-04-15 14:24:00,1030,1030,1030,1030,0
2022-04-15 14:25:00,1030,1030,1030,1030,0
2022-04-15 14:26:00,1030,1030,1030,1030,0
2022-04-15 14:27:00,1030,1030,1030,1030,0
2022-04-15 14:28:00,1030,1030,1030,1030,0
2022-04-15 14:29:00,1030,1030,1030,1030,0
2022-04-15 14:30:00,1030,1030,1030,1030,0
2022-04-15 14:31:00,1030,1030,1030,1030,0
2022-04-15 14:32:00,1030,1030,1030,1030,0
2022-04-15 14:33:00,1030,1030,1030,1030,0
2022-04-15 14:34:00,1030,1030,1030,1030,0
2022-04-15 14:35:00,1030,1030,1030,1030,0
2022-04-15 14:36:00,1030,1030,1030,1030,0
2022-04-15 14:37:00,1030,1030,1030,1030,0
2022-04-15 14:38:00,1030,1030,1030,1030,0
2022-04-15 14:39:00,1030,1030,1030,1030,0
2022-04-15 14:40:00,1030,1030,1030,1030,0
2022-04-15 14:41:00,1030,1030,1030,1030,0
2022-04-15 14:42:00,1030,1030,1030,1030,0
2022-04-15 14:43:00,1030,1030,1030,1030,0
2022-04-15 14:44:00,1030,1030,1030,1030,0
2022-04-15 14:45:00,1030,1030,1030,1030,0
2022-04-15 14:46:00,1030,1030,1030,1030,0
2022-04-15 14:47:00,1030,1030,1030,1030,0
2022-04-15 14:48:00,1030,1030,1030,1030,0
2022-04-15 14:49:00,1030,1030,1030,1030,0
2022-04-15 14:50:00,1030,1030,1030,1030,0
2022-04-15 14:51:00,1030,1030,1030,1030,0
2022-04-15 14:52:00,1030,1030,1030,1030,0
2022-04-15 14:53:00,1030,1030,1030,1030,0
2022-04-15 14:54:00,1030,1030,1030,1030,0
2022-04-15 14:55:00,1030,1030,1030,1030,0
2022-04-15 14:56:00,1030,1030,1030,1030,0
2022-04-15 14:57:00,1030,1030,1030,1030,0
2022-04-15 14:58:00,1030,1030,1030,1030,0
2022-04-15 14:59:00,1030,1030,1030,1030,0
2022-04-15 15:00:00,1030,1030,1030,1030,0
2022-04-15 15:01:00,1030,1030,1030,1030,0
2022-04-15 15:02:00,1030,1030,1030,1030,0
2022-04-15 15:03:00,1030,1030,1030,1030,0
2022-04-15 15:04:00,1030,1030,1030,1030,0
2022-04-15 15:05:00,1030,1030,1030,1030,0
2022-04-15 15:06:00,1030,1030,1030,1030,0
2022-04-15 15:07:00,1030,1030,1030,1030,0
2022-04-15 15:08:00,1030,1030,1030,1030,0
2022-04-15 15:09:00,1030,1030,1030,1030,0
2022-04-15 15:10:00,1030,1030,1030,1030,0
2022-04-15 15:11:00,1030,1030,1030,1030,0
2022-04-15 15:12:00,1030,1030,1030,1030,0
2022-04-15 15:13:00,1030,1030,1030,1030,0
2022-04-15 15:14:00,1030,1030,1030,1030,0
2022-04-15 15:15:00,1030,1030,1030,1030,0
2022-04-15 15:16:00,1030,1030,1030,1030,0
2022-04-15 15:17:00,1030,1030,1030,1030,0
2022-04-15 15:18:00,1030,1030,1030,1030,0
2022-04-15 15:19:00,1030,1030,1030,1030,0
2022-04-15 15:20:00,1030,1030,1030,1030,0
2022-04-15 15:21:00,1030,1030,1030,1030,0
2022-04-15 15:22:00,1030,1030,1030,1030,0
2022-04-15 15:23:00,1030,1030,1030,1030,0
2022-04-15 15:24:00,1030,1030,1030,1030,0
2022-04-15 15:25:00,1030,1030,1030,1030,0
2022-04-15 15:26:00,1030,1030,1030,1030,0
2022-04-15 15:27:00,1030,1030,1030,1030,0
2022-04-15 15:28:00,1030,1030,1030,1030,0
2022-04-15 15:29:00,1030,1030,1030,1030,0
2022-04-15 15:30:00,1030,1030,1030,1030,0
2022-04-15 15:31:00,1030,1030,1030,1030,0
2022-04-15 15:32:00,1030,1030,1030,1030,0
2022-04-15 15:33:00,1030,1030,1030,1030,0
2022-04-15 15:34:00,1030,1030,1030,1030,0
2022-04-15 15:35:00,1030,1030,1030,1030,0
2022-04-15 15:36:00,1030,1030,1030,1030,0
2022-04-15 15:37:00,1030,1030,1030,1030,0
2022-04-15 15:38:00,1030,1030,1030,1030,0
2022-04-15 15:39:00,1030,1030,1030,1030,0
2022-04-15 15:40:00,1030,1030,1030,1030,0
2022-04-15 15:41:00,1030,1030,1030,1030,0
2022-04-15 15:42:00,1030,1030,1030,1030,0
2022-04-15 15:43:00,1030,1030,1030,1030,0
2022-04-15 15:44:00,1030,1030,1030,1030,0
2022-04-15 15:45:00,1030,1030,1030,1030,0
2022-04-15 15:46:00,1030,1030,1030,1030,0
2022-04-15 15:47:00,1030,1030,1030,1030,0
2022-04-15 15:48:00,1030,1030,1030,1030,0
2022-04-15 15:49:00,1030,1030,1030,1030,0
2022-04-15 15:50:00,1030,1030,1030,1030,0
2022-04-15 15:51:00,1030,1030,1030,1030,0
2022-04-15 15:52:00,1030,1030,1030,1030,0
2022-04-15 15:53:00,1030,1030,1030,1030,0
2022-04-15 15:54:00,1030,1030,1030,1030,0
2022-04-15 15:55:00,1030,1030,1030,1030,0
2022-04-15 15:56:00,1030,1030,1030,1030,0
2022-04-15 15:57:00,1030,1030,1030,1030,0
2022-04-15 15:58:00,1030,1030,1030,1030,0
2022-04-15 15:59:00,1030,1030,1030,1030,0
2022-04-18 09:00:00,1030,1025,1035,1025,0
2022-04-18 09:01:00,1020,1015,1020,1015,47500
2022-04-18 09:02:00,1015,1015,1025,1025,26000
2022-04-18 09:03:00,1025,1025,1030,1030,5700
2022-04-18 09:04:00,1030,1015,1030,1015,27300
2022-04-18 09:05:00,1015,1010,1015,1015,383100
2022-04-18 09:06:00,1015,1015,1015,1015,2400
2022-04-18 09:07:00,1020,1015,1035,1035,635300
2022-04-18 09:08:00,1030,1025,1035,1035,305600
2022-04-18 09:09:00,1035,1035,1035,1035,100
2022-04-18 09:10:00,1025,1025,1035,1025,191500
2022-04-18 09:11:00,1025,1025,1025,1025,64300
2022-04-18 09:12:00,1030,1030,1030,1030,551500
2022-04-18 09:13:00,1030,1030,1040,1035,596100
2022-04-18 09:14:00,1035,1035,1040,1035,140900
2022-04-18 09:15:00,1035,1035,1035,1035,16200
2022-04-18 09:16:00,1040,1040,1040,1040,100
2022-04-18 09:17:00,1035,1035,1040,1040,222000
2022-04-18 09:18:00,1040,1040,1040,1040,231800
2022-04-18 09:19:00,1040,1040,1040,1040,10000
2022-04-18 09:20:00,1030,1030,1030,1030,200
2022-04-18 09:21:00,1030,1030,1030,1030,0
2022-04-18 09:22:00,1030,1030,1030,1030,4600
2022-04-18 09:23:00,1030,1030,1030,1030,0
2022-04-18 09:24:00,1030,1030,1030,1030,0
2022-04-18 09:25:00,1030,1030,1030,1030,0
2022-04-18 09:26:00,1030,1030,1030,1030,0
2022-04-18 09:27:00,1035,1035,1035,1035,3000
2022-04-18 09:28:00,1030,1030,1030,1030,200000
2022-04-18 09:29:00,1030,1025,1030,1025,27100
2022-04-18 09:30:00,1030,1030,1030,1030,1000
2022-04-18 09:31:00,1030,1025,1030,1030,35500
2022-04-18 09:32:00,1030,1030,1030,1030,12000
2022-04-18 09:33:00,1030,1030,1030,1030,500
2022-04-18 09:34:00,1030,1030,1030,1030,11000
2022-04-18 09:35:00,1030,1030,1030,1030,0
2022-04-18 09:36:00,1030,1030,1030,1030,0
2022-04-18 09:37:00,1030,1030,1030,1030,0
2022-04-18 09:38:00,1030,1030,1030,1030,0
2022-04-18 09:39:00,1030,1030,1030,1030,5000
2022-04-18 09:40:00,1030,1030,1030,1030,100
2022-04-18 09:41:00,1025,1025,1025,1025,7800
2022-04-18 09:42:00,1025,1025,1025,1025,100000
2022-04-18 09:43:00,1025,1025,1025,1025,0
2022-04-18 09:44:00,1025,1025,1025,1025,6000
2022-04-18 09:45:00,1025,1025,1025,1025,10000
2022-04-18 09:46:00,1025,1025,1025,1025,100
2022-04-18 09:47:00,1025,1025,1025,1025,0
2022-04-18 09:48:00,1025,1025,1025,1025,0
2022-04-18 09:49:00,1025,1025,1025,1025,0
2022-04-18 09:50:00,1025,1025,1025,1025,0
2022-04-18 09:51:00,1025,1025,1025,1025,0
2022-04-18 09:52:00,1025,1025,1025,1025,0
2022-04-18 09:53:00,1025,1025,1025,1025,0
2022-04-18 09:54:00,1025,1025,1025,1025,0
2022-04-18 09:55:00,1030,1030,1030,1030,500
2022-04-18 09:56:00,1030,1030,1030,1030,0
2022-04-18 09:57:00,1030,1030,1030,1030,0
2022-04-18 09:58:00,1030,1030,1030,1030,0
2022-04-18 09:59:00,1030,1030,1030,1030,0
2022-04-18 10:00:00,1030,1030,1030,1030,0
2022-04-18 10:01:00,1030,1030,1030,1030,0
2022-04-18 10:02:00,1030,1030,1030,1030,0
2022-04-18 10:03:00,1030,1030,1030,1030,68700
2022-04-18 10:04:00,1035,1035,1035,1035,60000
2022-04-18 10:05:00,1035,1035,1040,1040,103900
2022-04-18 10:06:00,1035,1035,1040,1040,0
2022-04-18 10:07:00,1035,1035,1040,1040,0
2022-04-18 10:08:00,1040,1040,1040,1040,500
2022-04-18 10:09:00,1040,1040,1040,1040,0
2022-04-18 10:10:00,1040,1040,1040,1040,0
2022-04-18 10:11:00,1040,1040,1040,1040,0
2022-04-18 10:12:00,1040,1040,1040,1040,0
2022-04-18 10:13:00,1040,1040,1040,1040,0
2022-04-18 10:14:00,1040,1040,1040,1040,0
2022-04-18 10:15:00,1040,1040,1040,1040,0
2022-04-18 10:16:00,1040,1040,1040,1040,0
2022-04-18 10:17:00,1040,1040,1040,1040,0
2022-04-18 10:18:00,1040,1040,1040,1040,2000
2022-04-18 10:19:00,1040,1040,1040,1040,0
2022-04-18 10:20:00,1040,1040,1040,1040,0
2022-04-18 10:21:00,1040,1040,1040,1040,0
2022-04-18 10:22:00,1040,1040,1040,1040,0
2022-04-18 10:23:00,1040,1040,1040,1040,0
2022-04-18 10:24:00,1040,1040,1040,1040,0
2022-04-18 10:25:00,1040,1040,1040,1040,0
2022-04-18 10:26:00,1035,1035,1035,1035,500
2022-04-18 10:27:00,1035,1035,1035,1035,0
2022-04-18 10:28:00,1035,1035,1035,1035,0
2022-04-18 10:29:00,1035,1035,1035,1035,2800
2022-04-18 10:30:00,1035,1035,1035,1035,0
2022-04-18 10:31:00,1035,1035,1035,1035,0
2022-04-18 10:32:00,1035,1035,1035,1035,0
2022-04-18 10:33:00,1040,1040,1040,1040,1000
2022-04-18 10:34:00,1040,1040,1040,1040,0
2022-04-18 10:35:00,1040,1040,1040,1040,0
2022-04-18 10:36:00,1040,1040,1040,1040,0
2022-04-18 10:37:00,1030,1030,1030,1030,200
2022-04-18 10:38:00,1030,1030,1030,1030,0
2022-04-18 10:39:00,1030,1030,1030,1030,0
2022-04-18 10:40:00,1030,1030,1030,1030,0
2022-04-18 10:41:00,1030,1030,1030,1030,0
2022-04-18 10:42:00,1030,1030,1030,1030,0
2022-04-18 10:43:00,1030,1030,1030,1030,0
2022-04-18 10:44:00,1030,1030,1030,1030,0
2022-04-18 10:45:00,1030,1030,1030,1030,0
2022-04-18 10:46:00,1030,1030,1030,1030,0
2022-04-18 10:47:00,1030,1030,1030,1030,0
2022-04-18 10:48:00,1030,1030,1030,1030,0
2022-04-18 10:49:00,1030,1030,1035,1035,22700
2022-04-18 10:50:00,1030,1030,1035,1035,0
2022-04-18 10:51:00,1030,1030,1035,1035,0
2022-04-18 10:52:00,1030,1030,1035,1035,0
2022-04-18 10:53:00,1030,1030,1035,1035,0
2022-04-18 10:54:00,1030,1030,1035,1035,0
2022-04-18 10:55:00,1030,1030,1035,1035,0
2022-04-18 10:56:00,1030,1030,1035,1035,0
2022-04-18 10:57:00,1030,1030,1035,1035,0
2022-04-18 10:58:00,1030,1030,1035,1035,0
2022-04-18 10:59:00,1030,1030,1035,1035,0
2022-04-18 11:00:00,1030,1030,1035,1035,0
2022-04-18 11:01:00,1030,1030,1035,1035,0
2022-04-18 11:02:00,1030,1030,1035,1035,0
2022-04-18 11:03:00,1030,1030,1035,1035,0
2022-04-18 11:04:00,1030,1030,1035,1035,0
2022-04-18 11:05:00,1030,1030,1035,1035,0
2022-04-18 11:06:00,1030,1030,1035,1035,0
2022-04-18 11:07:00,1030,1030,1035,1035,0
2022-04-18 11:08:00,1030,1030,1035,1035,0
2022-04-18 11:09:00,1030,1030,1035,1035,0
2022-04-18 11:10:00,1030,1030,1035,1035,0
2022-04-18 11:11:00,1030,1030,1035,1035,0
2022-04-18 11:12:00,1030,1030,1035,1035,0
2022-04-18 11:13:00,1030,1030,1035,1035,0
2022-04-18 11:14:00,1030,1030,1035,1035,0
2022-04-18 11:15:00,1030,1030,1035,1035,0
2022-04-18 11:16:00,1030,1030,1035,1030,5700
2022-04-18 11:17:00,1030,1030,1035,1035,19900
2022-04-18 11:18:00,1030,1030,1035,1035,0
2022-04-18 11:19:00,1030,1030,1030,1030,500
2022-04-18 11:20:00,1030,1030,1030,1030,0
2022-04-18 11:21:00,1030,1030,1030,1030,0
2022-04-18 11:22:00,1030,1030,1030,1030,0
2022-04-18 11:23:00,1030,1030,1030,1030,0
2022-04-18 11:24:00,1030,1030,1030,1030,0
2022-04-18 11:25:00,1030,1030,1030,1030,0
2022-04-18 11:26:00,1030,1030,1030,1030,0
2022-04-18 11:27:00,1030,1030,1030,1030,0
2022-04-18 11:28:00,1030,1030,1030,1030,2100
2022-04-18 11:29:00,1030,1030,1035,1035,8400
2022-04-18 11:30:00,1030,1030,1035,1035,0
2022-04-18 11:31:00,1030,1030,1035,1035,0
2022-04-18 11:32:00,1030,1030,1035,1035,0
2022-04-18 11:33:00,1030,1030,1035,1035,0
2022-04-18 11:34:00,1030,1030,1035,1035,0
2022-04-18 11:35:00,1030,1030,1035,1035,0
2022-04-18 11:36:00,1030,1030,1035,1035,0
2022-04-18 11:37:00,1030,1030,1035,1035,0
2022-04-18 11:38:00,1030,1030,1035,1035,0
2022-04-18 11:39:00,1030,1030,1035,1035,0
2022-04-18 11:40:00,1030,1030,1035,1035,0
2022-04-18 11:41:00,1030,1030,1035,1035,0
2022-04-18 11:42:00,1030,1030,1035,1035,0
2022-04-18 11:43:00,1030,1030,1035,1035,0
2022-04-18 11:44:00,1030,1030,1035,1035,0
2022-04-18 11:45:00,1030,1030,1035,1035,0
2022-04-18 11:46:00,1030,1030,1035,1035,0
2022-04-18 11:47:00,1030,1030,1035,1035,0
2022-04-18 11:48:00,1030,1030,1035,1035,0
2022-04-18 11:49:00,1030,1030,1035,1035,0
2022-04-18 11:50:00,1030,1030,1035,1035,0
2022-04-18 11:51:00,1030,1030,1035,1035,0
2022-04-18 11:52:00,1030,1030,1035,1035,0
2022-04-18 11:53:00,1030,1030,1035,1035,0
2022-04-18 11:54:00,1030,1030,1035,1035,0
2022-04-18 11:55:00,1030,1030,1035,1035,0
2022-04-18 11:56:00,1030,1030,1035,1035,0
2022-04-18 11:57:00,1030,1030,1035,1035,0
2022-04-18 11:58:00,1030,1030,1035,1035,0
2022-04-18 11:59:00,1030,1030,1035,1035,0
2022-04-18 12:00:00,1030,1030,1035,1035,0
2022-04-18 12:01:00,1030,1030,1035,1035,0
2022-04-18 12:02:00,1030,1030,1035,1035,0
2022-04-18 12:03:00,1030,1030,1035,1035,0
2022-04-18 12:04:00,1030,1030,1035,1035,0
2022-04-18 12:05:00,1030,1030,1035,1035,0
2022-04-18 12:06:00,1030,1030,1035,1035,0
2022-04-18 12:07:00,1030,1030,1035,1035,0
2022-04-18 12:08:00,1030,1030,1035,1035,0
2022-04-18 12:09:00,1030,1030,1035,1035,0
2022-04-18 12:10:00,1030,1030,1035,1035,0
2022-04-18 12:11:00,1030,1030,1035,1035,0
2022-04-18 12:12:00,1030,1030,1035,1035,0
2022-04-18 12:13:00,1030,1030,1035,1035,0
2022-04-18 12:14:00,1030,1030,1035,1035,0
2022-04-18 12:15:00,1030,1030,1035,1035,0
2022-04-18 12:16:00,1030,1030,1035,1035,0
2022-04-18 12:17:00,1030,1030,1035,1035,0
2022-04-18 12:18:00,1030,1030,1035,1035,0
2022-04-18 12:19:00,1030,1030,1035,1035,0
2022-04-18 12:20:00,1030,1030,1035,1035,0
2022-04-18 12:21:00,1030,1030,1035,1035,0
2022-04-18 12:22:00,1030,1030,1035,1035,0
2022-04-18 12:23:00,1030,1030,1035,1035,0
2022-04-18 12:24:00,1030,1030,1035,1035,0
2022-04-18 12:25:00,1030,1030,1035,1035,0
2022-04-18 12:26:00,1030,1030,1035,1035,0
2022-04-18 12:27:00,1030,1030,1035,1035,0
2022-04-18 12:28:00,1030,1030,1035,1035,0
2022-04-18 12:29:00,1030,1030,1035,1035,0
2022-04-18 12:30:00,1030,1030,1035,1035,0
2022-04-18 12:31:00,1030,1030,1035,1035,0
2022-04-18 12:32:00,1030,1030,1035,1035,0
2022-04-18 12:33:00,1030,1030,1035,1035,0
2022-04-18 12:34:00,1030,1030,1035,1035,0
2022-04-18 12:35:00,1030,1030,1035,1035,0
2022-04-18 12:36:00,1030,1030,1035,1035,0
2022-04-18 12:37:00,1030,1030,1035,1035,0
2022-04-18 12:38:00,1030,1030,1035,1035,0
2022-04-18 12:39:00,1030,1030,1035,1035,0
2022-04-18 12:40:00,1030,1030,1035,1035,0
2022-04-18 12:41:00,1030,1030,1035,1035,0
2022-04-18 12:42:00,1030,1030,1035,1035,0
2022-04-18 12:43:00,1030,1030,1035,1035,0
2022-04-18 12:44:00,1030,1030,1035,1035,0
2022-04-18 12:45:00,1030,1030,1035,1035,0
2022-04-18 12:46:00,1030,1030,1035,1035,0
2022-04-18 12:47:00,1030,1030,1035,1035,0
2022-04-18 12:48:00,1030,1030,1035,1035,0
2022-04-18 12:49:00,1030,1030,1035,1035,0
2022-04-18 12:50:00,1030,1030,1035,1035,0
2022-04-18 12:51:00,1030,1030,1035,1035,0
2022-04-18 12:52:00,1030,1030,1035,1035,0
2022-04-18 12:53:00,1030,1030,1035,1035,0
2022-04-18 12:54:00,1030,1030,1035,1035,0
2022-04-18 12:55:00,1030,1030,1035,1035,0
2022-04-18 12:56:00,1030,1030,1035,1035,0
2022-04-18 12:57:00,1030,1030,1035,1035,0
2022-04-18 12:58:00,1030,1030,1035,1035,0
2022-04-18 12:59:00,1030,1030,1035,1035,0
2022-04-18 13:00:00,1030,1030,1035,1035,0
2022-04-18 13:01:00,1030,1030,1035,1035,0
2022-04-18 13:02:00,1030,1030,1035,1035,0
2022-04-18 13:03:00,1030,1030,1035,1035,0
2022-04-18 13:04:00,1030,1030,1035,1035,0
2022-04-18 13:05:00,1030,1030,1035,1035,0
2022-04-18 13:06:00,1030,1030,1035,1035,0
2022-04-18 13:07:00,1030,1030,1035,1035,0
2022-04-18 13:08:00,1030,1030,1035,1035,0
2022-04-18 13:09:00,1030,1030,1035,1035,0
2022-04-18 13:10:00,1030,1030,1035,1035,0
2022-04-18 13:11:00,1030,1030,1035,1035,0
2022-04-18 13:12:00,1030,1030,1035,1035,0
2022-04-18 13:13:00,1030,1030,1035,1035,0
2022-04-18 13:14:00,1030,1030,1035,1035,0
2022-04-18 13:15:00,1030,1030,1035,1035,0
2022-04-18 13:16:00,1030,1030,1035,1035,0
2022-04-18 13:17:00,1030,1030,1035,1035,0
2022-04-18 13:18:00,1030,1030,1035,1035,0
2022-04-18 13:19:00,1030,1030,1035,1035,0
2022-04-18 13:20:00,1030,1030,1035,1035,0
2022-04-18 13:21:00,1030,1030,1035,1035,0
2022-04-18 13:22:00,1030,1030,1035,1035,0
2022-04-18 13:23:00,1030,1030,1035,1035,0
2022-04-18 13:24:00,1030,1030,1035,1035,0
2022-04-18 13:25:00,1030,1030,1035,1035,0
2022-04-18 13:26:00,1030,1030,1035,1035,0
2022-04-18 13:27:00,1030,1030,1035,1035,0
2022-04-18 13:28:00,1030,1030,1035,1035,0
2022-04-18 13:29:00,1030,1030,1035,1035,0
2022-04-18 13:30:00,1035,1030,1035,1035,81800
2022-04-18 13:31:00,1035,1030,1035,1035,0
2022-04-18 13:32:00,1035,1030,1035,1035,0
2022-04-18 13:33:00,1035,1030,1035,1035,0
2022-04-18 13:34:00,1035,1030,1035,1035,0
2022-04-18 13:35:00,1035,1030,1035,1035,0
2022-04-18 13:36:00,1035,1030,1035,1035,0
2022-04-18 13:37:00,1035,1030,1035,1035,0
2022-04-18 13:38:00,1035,1030,1035,1035,0
2022-04-18 13:39:00,1035,1030,1035,1035,0
2022-04-18 13:40:00,1035,1035,1035,1035,200
2022-04-18 13:41:00,1035,1035,1035,1035,0
2022-04-18 13:42:00,1035,1035,1035,1035,10000
2022-04-18 13:43:00,1035,1035,1035,1035,100
2022-04-18 13:44:00,1035,1035,1035,1035,2500
2022-04-18 13:45:00,1035,1035,1035,1035,0
2022-04-18 13:46:00,1035,1035,1035,1035,0
2022-04-18 13:47:00,1035,1035,1035,1035,0
2022-04-18 13:48:00,1035,1035,1035,1035,212000
2022-04-18 13:49:00,1035,1035,1040,1040,320900
2022-04-18 13:50:00,1045,1045,1050,1050,826600
2022-04-18 13:51:00,1045,1045,1045,1045,350000
2022-04-18 13:52:00,1050,1050,1050,1050,364900
2022-04-18 13:53:00,1055,1050,1060,1055,887300
2022-04-18 13:54:00,1055,1055,1060,1060,121800
2022-04-18 13:55:00,1060,1055,1060,1060,464100
2022-04-18 13:56:00,1065,1060,1080,1060,918300
2022-04-18 13:57:00,1065,1065,1070,1070,371700
2022-04-18 13:58:00,1070,1070,1080,1080,328700
2022-04-18 13:59:00,1080,1075,1080,1075,285400
2022-04-18 14:00:00,1080,1075,1080,1075,232900
2022-04-18 14:01:00,1075,1075,1080,1080,212600
2022-04-18 14:02:00,1075,1060,1095,1060,287800
2022-04-18 14:03:00,1060,1060,1060,1060,21900
2022-04-18 14:04:00,1060,1060,1060,1060,1000
2022-04-18 14:05:00,1055,1055,1055,1055,2500
2022-04-18 14:06:00,1060,1055,1060,1060,5300
2022-04-18 14:07:00,1060,1055,1060,1055,186700
2022-04-18 14:08:00,1060,1055,1060,1060,486300
2022-04-18 14:09:00,1060,1060,1060,1060,11500
2022-04-18 14:10:00,1060,1055,1060,1055,249600
2022-04-18 14:11:00,1050,1050,1050,1050,7700
2022-04-18 14:12:00,1055,1055,1055,1055,5500
2022-04-18 14:13:00,1055,1050,1055,1050,603400
2022-04-18 14:14:00,1055,1055,1055,1055,1000
2022-04-18 14:15:00,1055,1055,1055,1055,0
2022-04-18 14:16:00,1055,1055,1055,1055,0
2022-04-18 14:17:00,1055,1055,1055,1055,11000
2022-04-18 14:18:00,1055,1055,1055,1055,82300
2022-04-18 14:19:00,1055,1055,1055,1055,0
2022-04-18 14:20:00,1055,1055,1055,1055,10000
2022-04-18 14:21:00,1055,1055,1055,1055,0
2022-04-18 14:22:00,1055,1055,1055,1055,0
2022-04-18 14:23:00,1055,1055,1055,1055,0
2022-04-18 14:24:00,1060,1060,1060,1060,900
2022-04-18 14:25:00,1055,1055,1055,1055,13600
2022-04-18 14:26:00,1055,1055,1055,1055,100
2022-04-18 14:27:00,1055,1055,1055,1055,200
2022-04-18 14:28:00,1055,1055,1055,1055,0
2022-04-18 14:29:00,1050,1050,1055,1055,3000
2022-04-18 14:30:00,1050,1050,1055,1055,0
2022-04-18 14:31:00,1055,1055,1055,1055,47600
2022-04-18 14:32:00,1055,1055,1055,1055,2400
2022-04-18 14:33:00,1055,1055,1055,1055,100
2022-04-18 14:34:00,1055,1055,1055,1055,500
2022-04-18 14:35:00,1055,1055,1055,1055,6900
2022-04-18 14:36:00,1055,1055,1055,1055,500
2022-04-18 14:37:00,1055,1055,1055,1055,0
2022-04-18 14:38:00,1055,1055,1055,1055,400
2022-04-18 14:39:00,1055,1055,1055,1055,0
2022-04-18 14:40:00,1055,1055,1055,1055,400
2022-04-18 14:41:00,1055,1050,1055,1055,24700
2022-04-18 14:42:00,1055,1055,1055,1055,317100
2022-04-18 14:43:00,1055,1055,1055,1055,100
2022-04-18 14:44:00,1055,1055,1055,1055,300
2022-04-18 14:45:00,1055,1055,1055,1055,5600
2022-04-18 14:46:00,1055,1055,1055,1055,3100
2022-04-18 14:47:00,1055,1055,1055,1055,0
2022-04-18 14:48:00,1055,1055,1060,1060,2000
2022-04-18 14:49:00,1060,1060,1060,1060,11400
2022-04-18 14:50:00,1055,1055,1055,1055,10000
2022-04-18 14:51:00,1055,1055,1055,1055,0
2022-04-18 14:52:00,1055,1055,1055,1055,0
2022-04-18 14:53:00,1055,1055,1055,1055,0
2022-04-18 14:54:00,1055,1055,1055,1055,0
2022-04-18 14:55:00,1055,1055,1055,1055,0
2022-04-18 14:56:00,1055,1055,1055,1055,0
2022-04-18 14:57:00,1055,1055,1055,1055,0
2022-04-18 14:58:00,1055,1055,1055,1055,0
2022-04-18 14:59:00,1055,1055,1055,1055,0
2022-04-18 15:00:00,1065,1065,1065,1065,91300
2022-04-18 15:01:00,1065,1065,1065,1065,0
2022-04-18 15:02:00,1065,1065,1065,1065,0
2022-04-18 15:03:00,1065,1065,1065,1065,0
2022-04-18 15:04:00,1065,1065,1065,1065,0
2022-04-18 15:05:00,1065,1065,1065,1065,200
2022-04-18 15:06:00,1065,1065,1065,1065,44200
2022-04-18 15:07:00,1065,1065,1065,1065,9300
2022-04-18 15:08:00,1065,1065,1065,1065,12300
2022-04-18 15:09:00,1065,1065,1065,1065,5800
2022-04-18 15:10:00,1065,1065,1065,1065,9000
2022-04-18 15:11:00,1065,1065,1065,1065,600
2022-04-18 15:12:00,1065,1065,1065,1065,4600
2022-04-18 15:13:00,1065,1065,1065,1065,3100
2022-04-18 15:14:00,1065,1065,1065,1065,100
2022-04-18 15:15:00,1065,1065,1065,1065,0
2022-04-18 15:16:00,1065,1065,1065,1065,0
2022-04-18 15:17:00,1065,1065,1065,1065,0
2022-04-18 15:18:00,1065,1065,1065,1065,0
2022-04-18 15:19:00,1065,1065,1065,1065,0
2022-04-18 15:20:00,1065,1065,1065,1065,0
2022-04-18 15:21:00,1065,1065,1065,1065,0
2022-04-18 15:22:00,1065,1065,1065,1065,0
2022-04-18 15:23:00,1065,1065,1065,1065,0
2022-04-18 15:24:00,1065,1065,1065,1065,0
2022-04-18 15:25:00,1065,1065,1065,1065,0
2022-04-18 15:26:00,1065,1065,1065,1065,0
2022-04-18 15:27:00,1065,1065,1065,1065,0
2022-04-18 15:28:00,1065,1065,1065,1065,0
2022-04-18 15:29:00,1065,1065,1065,1065,0
2022-04-18 15:30:00,1065,1065,1065,1065,0
2022-04-18 15:31:00,1065,1065,1065,1065,0
2022-04-18 15:32:00,1065,1065,1065,1065,0
2022-04-18 15:33:00,1065,1065,1065,1065,0
2022-04-18 15:34:00,1065,1065,1065,1065,0
2022-04-18 15:35:00,1065,1065,1065,1065,0
2022-04-18 15:36:00,1065,1065,1065,1065,0
2022-04-18 15:37:00,1065,1065,1065,1065,0
2022-04-18 15:38:00,1065,1065,1065,1065,0
2022-04-18 15:39:00,1065,1065,1065,1065,0
2022-04-18 15:40:00,1065,1065,1065,1065,0
2022-04-18 15:41:00,1065,1065,1065,1065,0
2022-04-18 15:42:00,1065,1065,1065,1065,0
2022-04-18 15:43:00,1065,1065,1065,1065,0
2022-04-18 15:44:00,1065,1065,1065,1065,0
2022-04-18 15:45:00,1065,1065,1065,1065,0
2022-04-18 15:46:00,1065,1065,1065,1065,0
2022-04-18 15:47:00,1065,1065,1065,1065,0
2022-04-18 15:48:00,1065,1065,1065,1065,0
2022-04-18 15:49:00,1065,1065,1065,1065,0
2022-04-18 15:50:00,1065,1065,1065,1065,0
2022-04-18 15:51:00,1065,1065,1065,1065,0
2022-04-18 15:52:00,1065,1065,1065,1065,0
2022-04-18 15:53:00,1065,1065,1065,1065,0
2022-04-18 15:54:00,1065,1065,1065,1065,0
2022-04-18 15:55:00,1065,1065,1065,1065,0
2022-04-18 15:56:00,1065,1065,1065,1065,0
2022-04-18 15:57:00,1065,1065,1065,1065,0
2022-04-18 15:58:00,1065,1065,1065,1065,0
2022-04-18 15:59:00,1065,1065,1065,1065,0
2022-04-19 09:00:00,1085,1065,1090,1090,0
2022-04-19 09:01:00,1070,1070,1090,1070,27800
2022-04-19 09:02:00,1075,1075,1075,1075,2300
2022-04-19 09:03:00,1075,1075,1080,1080,7900
2022-04-19 09:04:00,1080,1080,1080,1080,500
2022-04-19 09:05:00,1080,1080,1085,1080,96900
2022-04-19 09:06:00,1080,1075,1085,1075,112100
2022-04-19 09:07:00,1075,1075,1075,1075,38300
2022-04-19 09:08:00,1075,1075,1080,1080,160300
2022-04-19 09:09:00,1080,1075,1080,1075,1400
2022-04-19 09:10:00,1080,1075,1080,1075,29300
2022-04-19 09:11:00,1075,1070,1075,1070,108200
2022-04-19 09:12:00,1065,1055,1065,1060,205400
2022-04-19 09:13:00,1060,1060,1065,1060,60300
2022-04-19 09:14:00,1065,1065,1065,1065,2000
2022-04-19 09:15:00,1060,1060,1060,1060,2000
2022-04-19 09:16:00,1065,1060,1065,1060,368700
2022-04-19 09:17:00,1065,1050,1065,1065,517200
2022-04-19 09:18:00,1065,1050,1065,1055,280900
2022-04-19 09:19:00,1055,1055,1055,1055,2000
2022-04-19 09:20:00,1065,1065,1065,1065,31800
2022-04-19 09:21:00,1065,1065,1065,1065,400
2022-04-19 09:22:00,1065,1065,1065,1065,4200
2022-04-19 09:23:00,1065,1065,1065,1065,0
2022-04-19 09:24:00,1065,1065,1065,1065,2000
2022-04-19 09:25:00,1065,1065,1065,1065,1400
2022-04-19 09:26:00,1065,1065,1065,1065,0
2022-04-19 09:27:00,1065,1060,1065,1060,900
2022-04-19 09:28:00,1065,1060,1065,1060,0
2022-04-19 09:29:00,1060,1050,1060,1050,155300
2022-04-19 09:30:00,1060,1050,1060,1050,1100
2022-04-19 09:31:00,1050,1050,1060,1060,3100
2022-04-19 09:32:00,1055,1055,1055,1055,3000
2022-04-19 09:33:00,1055,1055,1055,1055,0
2022-04-19 09:34:00,1055,1055,1055,1055,0
2022-04-19 09:35:00,1060,1060,1060,1060,60000
2022-04-19 09:36:00,1060,1060,1060,1060,1000
2022-04-19 09:37:00,1060,1060,1060,1060,0
2022-04-19 09:38:00,1060,1060,1060,1060,1900
2022-04-19 09:39:00,1060,1060,1060,1060,100
2022-04-19 09:40:00,1060,1060,1060,1060,0
2022-04-19 09:41:00,1060,1060,1060,1060,10000
2022-04-19 09:42:00,1060,1060,1060,1060,0
2022-04-19 09:43:00,1060,1060,1060,1060,0
2022-04-19 09:44:00,1060,1060,1060,1060,0
2022-04-19 09:45:00,1060,1060,1060,1060,0
2022-04-19 09:46:00,1060,1060,1060,1060,0
2022-04-19 09:47:00,1060,1060,1060,1060,0
2022-04-19 09:48:00,1060,1060,1060,1060,600
2022-04-19 09:49:00,1060,1060,1060,1060,5000
2022-04-19 09:50:00,1060,1060,1060,1060,0
2022-04-19 09:51:00,1055,1055,1055,1055,67500
2022-04-19 09:52:00,1055,1055,1055,1055,0
2022-04-19 09:53:00,1060,1060,1060,1060,500
2022-04-19 09:54:00,1060,1060,1060,1060,0
2022-04-19 09:55:00,1060,1060,1060,1060,0
2022-04-19 09:56:00,1060,1060,1060,1060,2400
2022-04-19 09:57:00,1055,1055,1055,1055,5000
2022-04-19 09:58:00,1055,1055,1060,1060,1400
2022-04-19 09:59:00,1055,1055,1060,1060,0
2022-04-19 10:00:00,1060,1060,1060,1060,2000
2022-04-19 10:01:00,1060,1060,1060,1060,0
2022-04-19 10:02:00,1060,1060,1060,1060,3100
2022-04-19 10:03:00,1060,1060,1065,1065,2300
2022-04-19 10:04:00,1060,1060,1065,1065,0
2022-04-19 10:05:00,1060,1060,1065,1065,0
2022-04-19 10:06:00,1060,1060,1065,1065,0
2022-04-19 10:07:00,1060,1060,1065,1065,0
2022-04-19 10:08:00,1060,1060,1065,1065,0
2022-04-19 10:09:00,1060,1060,1065,1065,0
2022-04-19 10:10:00,1060,1060,1065,1065,0
2022-04-19 10:11:00,1060,1060,1065,1065,0
2022-04-19 10:12:00,1060,1060,1065,1065,0
2022-04-19 10:13:00,1060,1060,1065,1065,0
2022-04-19 10:14:00,1060,1060,1065,1065,0
2022-04-19 10:15:00,1055,1055,1055,1055,15300
2022-04-19 10:16:00,1055,1055,1055,1055,0
2022-04-19 10:17:00,1055,1055,1055,1055,0
2022-04-19 10:18:00,1055,1055,1055,1055,1400
2022-04-19 10:19:00,1055,1055,1060,1060,900
2022-04-19 10:20:00,1060,1060,1060,1060,200
2022-04-19 10:21:00,1060,1060,1060,1060,0
2022-04-19 10:22:00,1055,1055,1055,1055,15000
2022-04-19 10:23:00,1060,1060,1060,1060,1600
2022-04-19 10:24:00,1060,1060,1060,1060,0
2022-04-19 10:25:00,1060,1060,1060,1060,100
2022-04-19 10:26:00,1060,1060,1060,1060,0
2022-04-19 10:27:00,1060,1060,1060,1060,0
2022-04-19 10:28:00,1060,1060,1060,1060,0
2022-04-19 10:29:00,1060,1060,1060,1060,0
2022-04-19 10:30:00,1060,1060,1060,1060,20000
2022-04-19 10:31:00,1060,1060,1060,1060,0
2022-04-19 10:32:00,1055,1055,1055,1055,100
2022-04-19 10:33:00,1055,1055,1060,1060,1100
2022-04-19 10:34:00,1055,1055,1060,1060,0
2022-04-19 10:35:00,1055,1055,1055,1055,1800
2022-04-19 10:36:00,1055,1055,1055,1055,0
2022-04-19 10:37:00,1055,1055,1055,1055,0
2022-04-19 10:38:00,1055,1055,1055,1055,0
2022-04-19 10:39:00,1055,1055,1055,1055,0
2022-04-19 10:40:00,1055,1055,1055,1055,0
2022-04-19 10:41:00,1055,1055,1055,1055,0
2022-04-19 10:42:00,1055,1050,1055,1050,70600
2022-04-19 10:43:00,1055,1050,1055,1050,0
2022-04-19 10:44:00,1055,1050,1055,1050,0
2022-04-19 10:45:00,1055,1050,1055,1050,0
2022-04-19 10:46:00,1055,1050,1055,1050,0
2022-04-19 10:47:00,1050,1050,1050,1050,3000
2022-04-19 10:48:00,1050,1050,1050,1050,700
2022-04-19 10:49:00,1050,1050,1050,1050,0
2022-04-19 10:50:00,1050,1050,1050,1050,28300
2022-04-19 10:51:00,1050,1050,1050,1050,0
2022-04-19 10:52:00,1050,1050,1050,1050,0
2022-04-19 10:53:00,1050,1050,1050,1050,200
2022-04-19 10:54:00,1050,1050,1050,1050,5400
2022-04-19 10:55:00,1050,1050,1050,1050,0
2022-04-19 10:56:00,1050,1050,1050,1050,0
2022-04-19 10:57:00,1050,1050,1050,1050,0
2022-04-19 10:58:00,1050,1050,1050,1050,2719700
2022-04-19 10:59:00,1050,1050,1050,1050,0
2022-04-19 11:00:00,1045,1045,1045,1045,1600
2022-04-19 11:01:00,1045,1045,1045,1045,0
2022-04-19 11:02:00,1050,1050,1050,1050,25000
2022-04-19 11:03:00,1050,1050,1050,1050,16300
2022-04-19 11:04:00,1050,1050,1050,1050,100
2022-04-19 11:05:00,1050,1050,1050,1050,0
2022-04-19 11:06:00,1050,1045,1050,1045,1200
2022-04-19 11:07:00,1050,1050,1050,1050,2000
2022-04-19 11:08:00,1050,1050,1050,1050,0
2022-04-19 11:09:00,1045,1045,1045,1045,20600
2022-04-19 11:10:00,1045,1045,1045,1045,0
2022-04-19 11:11:00,1045,1045,1045,1045,0
2022-04-19 11:12:00,1045,1045,1045,1045,0
2022-04-19 11:13:00,1050,1050,1050,1050,2000
2022-04-19 11:14:00,1045,1045,1050,1050,5200
2022-04-19 11:15:00,1050,1050,1060,1060,50900
2022-04-19 11:16:00,1050,1050,1060,1060,0
2022-04-19 11:17:00,1050,1050,1060,1060,0
2022-04-19 11:18:00,1050,1050,1060,1060,0
2022-04-19 11:19:00,1050,1050,1060,1060,0
2022-04-19 11:20:00,1060,1050,1060,1050,5100
2022-04-19 11:21:00,1060,1050,1060,1050,0
2022-04-19 11:22:00,1050,1050,1050,1050,4900
2022-04-19 11:23:00,1050,1050,1050,1050,0
2022-04-19 11:24:00,1050,1050,1050,1050,900
2022-04-19 11:25:00,1050,1050,1050,1050,0
2022-04-19 11:26:00,1050,1050,1050,1050,0
2022-04-19 11:27:00,1050,1050,1050,1050,0
2022-04-19 11:28:00,1050,1050,1050,1050,9900
2022-04-19 11:29:00,1050,1050,1050,1050,6500
2022-04-19 11:30:00,1050,1050,1050,1050,0
2022-04-19 11:31:00,1050,1050,1050,1050,0
2022-04-19 11:32:00,1050,1050,1050,1050,0
2022-04-19 11:33:00,1050,1050,1050,1050,0
2022-04-19 11:34:00,1050,1050,1050,1050,0
2022-04-19 11:35:00,1050,1050,1050,1050,0
2022-04-19 11:36:00,1050,1050,1050,1050,0
2022-04-19 11:37:00,1050,1050,1050,1050,0
2022-04-19 11:38:00,1050,1050,1050,1050,0
2022-04-19 11:39:00,1050,1050,1050,1050,0
2022-04-19 11:40:00,1050,1050,1050,1050,0
2022-04-19 11:41:00,1050,1050,1050,1050,0
2022-04-19 11:42:00,1050,1050,1050,1050,0
2022-04-19 11:43:00,1050,1050,1050,1050,0
2022-04-19 11:44:00,1050,1050,1050,1050,0
2022-04-19 11:45:00,1050,1050,1050,1050,0
2022-04-19 11:46:00,1050,1050,1050,1050,0
2022-04-19 11:47:00,1050,1050,1050,1050,0
2022-04-19 11:48:00,1050,1050,1050,1050,0
2022-04-19 11:49:00,1050,1050,1050,1050,0
2022-04-19 11:50:00,1050,1050,1050,1050,0
2022-04-19 11:51:00,1050,1050,1050,1050,0
2022-04-19 11:52:00,1050,1050,1050,1050,0
2022-04-19 11:53:00,1050,1050,1050,1050,0
2022-04-19 11:54:00,1050,1050,1050,1050,0
2022-04-19 11:55:00,1050,1050,1050,1050,0
2022-04-19 11:56:00,1050,1050,1050,1050,0
2022-04-19 11:57:00,1050,1050,1050,1050,0
2022-04-19 11:58:00,1050,1050,1050,1050,0
2022-04-19 11:59:00,1050,1050,1050,1050,0
2022-04-19 12:00:00,1050,1050,1050,1050,0
2022-04-19 12:01:00,1050,1050,1050,1050,0
2022-04-19 12:02:00,1050,1050,1050,1050,0
2022-04-19 12:03:00,1050,1050,1050,1050,0
2022-04-19 12:04:00,1050,1050,1050,1050,0
2022-04-19 12:05:00,1050,1050,1050,1050,0
2022-04-19 12:06:00,1050,1050,1050,1050,0
2022-04-19 12:07:00,1050,1050,1050,1050,0
2022-04-19 12:08:00,1050,1050,1050,1050,0
2022-04-19 12:09:00,1050,1050,1050,1050,0
2022-04-19 12:10:00,1050,1050,1050,1050,0
2022-04-19 12:11:00,1050,1050,1050,1050,0
2022-04-19 12:12:00,1050,1050,1050,1050,0
2022-04-19 12:13:00,1050,1050,1050,1050,0
2022-04-19 12:14:00,1050,1050,1050,1050,0
2022-04-19 12:15:00,1050,1050,1050,1050,0
2022-04-19 12:16:00,1050,1050,1050,1050,0
2022-04-19 12:17:00,1050,1050,1050,1050,0
2022-04-19 12:18:00,1050,1050,1050,1050,0
2022-04-19 12:19:00,1050,1050,1050,1050,0
2022-04-19 12:20:00,1050,1050,1050,1050,0
2022-04-19 12:21:00,1050,1050,1050,1050,0
2022-04-19 12:22:00,1050,1050,1050,1050,0
2022-04-19 12:23:00,1050,1050,1050,1050,0
2022-04-19 12:24:00,1050,1050,1050,1050,0
2022-04-19 12:25:00,1050,1050,1050,1050,0
2022-04-19 12:26:00,1050,1050,1050,1050,0
2022-04-19 12:27:00,1050,1050,1050,1050,0
2022-04-19 12:28:00,1050,1050,1050,1050,0
2022-04-19 12:29:00,1050,1050,1050,1050,0
2022-04-19 12:30:00,1050,1050,1050,1050,0
2022-04-19 12:31:00,1050,1050,1050,1050,0
2022-04-19 12:32:00,1050,1050,1050,1050,0
2022-04-19 12:33:00,1050,1050,1050,1050,0
2022-04-19 12:34:00,1050,1050,1050,1050,0
2022-04-19 12:35:00,1050,1050,1050,1050,0
2022-04-19 12:36:00,1050,1050,1050,1050,0
2022-04-19 12:37:00,1050,1050,1050,1050,0
2022-04-19 12:38:00,1050,1050,1050,1050,0
2022-04-19 12:39:00,1050,1050,1050,1050,0
2022-04-19 12:40:00,1050,1050,1050,1050,0
2022-04-19 12:41:00,1050,1050,1050,1050,0
2022-04-19 12:42:00,1050,1050,1050,1050,0
2022-04-19 12:43:00,1050,1050,1050,1050,0
2022-04-19 12:44:00,1050,1050,1050,1050,0
2022-04-19 12:45:00,1050,1050,1050,1050,0
2022-04-19 12:46:00,1050,1050,1050,1050,0
2022-04-19 12:47:00,1050,1050,1050,1050,0
2022-04-19 12:48:00,1050,1050,1050,1050,0
2022-04-19 12:49:00,1050,1050,1050,1050,0
2022-04-19 12:50:00,1050,1050,1050,1050,0
2022-04-19 12:51:00,1050,1050,1050,1050,0
2022-04-19 12:52:00,1050,1050,1050,1050,0
2022-04-19 12:53:00,1050,1050,1050,1050,0
2022-04-19 12:54:00,1050,1050,1050,1050,0
2022-04-19 12:55:00,1050,1050,1050,1050,0
2022-04-19 12:56:00,1050,1050,1050,1050,0
2022-04-19 12:57:00,1050,1050,1050,1050,0
2022-04-19 12:58:00,1050,1050,1050,1050,0
2022-04-19 12:59:00,1050,1050,1050,1050,0
2022-04-19 13:00:00,1050,1050,1050,1050,0
2022-04-19 13:01:00,1050,1050,1050,1050,0
2022-04-19 13:02:00,1050,1050,1050,1050,0
2022-04-19 13:03:00,1050,1050,1050,1050,0
2022-04-19 13:04:00,1050,1050,1050,1050,0
2022-04-19 13:05:00,1050,1050,1050,1050,0
2022-04-19 13:06:00,1050,1050,1050,1050,0
2022-04-19 13:07:00,1050,1050,1050,1050,0
2022-04-19 13:08:00,1050,1050,1050,1050,0
2022-04-19 13:09:00,1050,1050,1050,1050,0
2022-04-19 13:10:00,1050,1050,1050,1050,0
2022-04-19 13:11:00,1050,1050,1050,1050,0
2022-04-19 13:12:00,1050,1050,1050,1050,0
2022-04-19 13:13:00,1050,1050,1050,1050,0
2022-04-19 13:14:00,1050,1050,1050,1050,0
2022-04-19 13:15:00,1050,1050,1050,1050,0
2022-04-19 13:16:00,1050,1050,1050,1050,0
2022-04-19 13:17:00,1050,1050,1050,1050,0
2022-04-19 13:18:00,1050,1050,1050,1050,0
2022-04-19 13:19:00,1050,1050,1050,1050,0
2022-04-19 13:20:00,1050,1050,1050,1050,0
2022-04-19 13:21:00,1050,1050,1050,1050,0
2022-04-19 13:22:00,1050,1050,1050,1050,0
2022-04-19 13:23:00,1050,1050,1050,1050,0
2022-04-19 13:24:00,1050,1050,1050,1050,0
2022-04-19 13:25:00,1050,1050,1050,1050,0
2022-04-19 13:26:00,1050,1050,1050,1050,0
2022-04-19 13:27:00,1050,1050,1050,1050,0
2022-04-19 13:28:00,1050,1050,1050,1050,0
2022-04-19 13:29:00,1050,1050,1050,1050,0
2022-04-19 13:30:00,1050,1045,1050,1050,8400
2022-04-19 13:31:00,1050,1050,1050,1050,500
2022-04-19 13:32:00,1050,1050,1050,1050,0
2022-04-19 13:33:00,1045,1045,1045,1045,100
2022-04-19 13:34:00,1050,1050,1050,1050,300
2022-04-19 13:35:00,1050,1050,1050,1050,100
2022-04-19 13:36:00,1050,1045,1050,1045,1100
2022-04-19 13:37:00,1050,1045,1050,1045,0
2022-04-19 13:38:00,1050,1045,1050,1045,0
2022-04-19 13:39:00,1050,1050,1050,1050,1100
2022-04-19 13:40:00,1050,1050,1050,1050,0
2022-04-19 13:41:00,1050,1050,1050,1050,0
2022-04-19 13:42:00,1045,1045,1045,1045,10000
2022-04-19 13:43:00,1045,1045,1045,1045,0
2022-04-19 13:44:00,1045,1045,1045,1045,0
2022-04-19 13:45:00,1045,1045,1045,1045,1000
2022-04-19 13:46:00,1045,1045,1045,1045,0
2022-04-19 13:47:00,1050,1050,1050,1050,500
2022-04-19 13:48:00,1050,1050,1050,1050,0
2022-04-19 13:49:00,1050,1050,1050,1050,0
2022-04-19 13:50:00,1050,1050,1050,1050,800
2022-04-19 13:51:00,1050,1050,1050,1050,0
2022-04-19 13:52:00,1050,1050,1050,1050,0
2022-04-19 13:53:00,1050,1050,1050,1050,0
2022-04-19 13:54:00,1045,1045,1045,1045,38800
2022-04-19 13:55:00,1045,1045,1045,1045,76600
2022-04-19 13:56:00,1040,1040,1040,1040,7600
2022-04-19 13:57:00,1045,1045,1045,1045,100
2022-04-19 13:58:00,1040,1040,1045,1045,1500
2022-04-19 13:59:00,1040,1040,1045,1045,0
2022-04-19 14:00:00,1040,1040,1045,1045,0
2022-04-19 14:01:00,1040,1040,1045,1045,0
2022-04-19 14:02:00,1045,1045,1045,1045,200
2022-04-19 14:03:00,1045,1045,1045,1045,1200
2022-04-19 14:04:00,1045,1045,1045,1045,5000
2022-04-19 14:05:00,1045,1045,1045,1045,0
2022-04-19 14:06:00,1045,1045,1045,1045,0
2022-04-19 14:07:00,1040,1040,1040,1040,1300
2022-04-19 14:08:00,1045,1045,1045,1045,4200
2022-04-19 14:09:00,1045,1045,1045,1045,25000
2022-04-19 14:10:00,1045,1040,1045,1045,3600
2022-04-19 14:11:00,1045,1045,1045,1045,200
2022-04-19 14:12:00,1045,1045,1045,1045,6900
2022-04-19 14:13:00,1045,1045,1045,1045,22000
2022-04-19 14:14:00,1045,1045,1045,1045,1100
2022-04-19 14:15:00,1045,1045,1045,1045,6900
2022-04-19 14:16:00,1045,1045,1045,1045,0
2022-04-19 14:17:00,1045,1045,1045,1045,1000
2022-04-19 14:18:00,1045,1045,1045,1045,0
2022-04-19 14:19:00,1045,1045,1045,1045,0
2022-04-19 14:20:00,1050,1050,1050,1050,500
2022-04-19 14:21:00,1050,1050,1050,1050,0
2022-04-19 14:22:00,1050,1050,1050,1050,0
2022-04-19 14:23:00,1050,1050,1050,1050,0
2022-04-19 14:24:00,1050,1050,1050,1050,0
2022-04-19 14:25:00,1050,1050,1050,1050,0
2022-04-19 14:26:00,1050,1050,1050,1050,0
2022-04-19 14:27:00,1050,1045,1050,1045,38200
2022-04-19 14:28:00,1045,1040,1045,1040,104100
2022-04-19 14:29:00,1040,1040,1040,1040,800
2022-04-19 14:30:00,1040,1040,1040,1040,0
2022-04-19 14:31:00,1045,1045,1045,1045,200
2022-04-19 14:32:00,1040,1040,1040,1040,14400
2022-04-19 14:33:00,1040,1040,1040,1040,67700
2022-04-19 14:34:00,1040,1040,1045,1045,508400
2022-04-19 14:35:00,1040,1040,1040,1040,500
2022-04-19 14:36:00,1040,1035,1040,1035,9500
2022-04-19 14:37:00,1050,1045,1050,1050,30300
2022-04-19 14:38:00,1040,1040,1040,1040,200
2022-04-19 14:39:00,1040,1040,1040,1040,0
2022-04-19 14:40:00,1040,1040,1040,1040,100
2022-04-19 14:41:00,1040,1040,1040,1040,400
2022-04-19 14:42:00,1040,1035,1040,1035,107400
2022-04-19 14:43:00,1035,1035,1045,1045,116500
2022-04-19 14:44:00,1035,1035,1045,1045,0
2022-04-19 14:45:00,1045,1045,1045,1045,2500
2022-04-19 14:46:00,1030,1030,1030,1030,9900
2022-04-19 14:47:00,1030,1030,1030,1030,300
2022-04-19 14:48:00,1030,1030,1035,1035,1500
2022-04-19 14:49:00,1030,1030,1035,1030,66300
2022-04-19 14:50:00,1030,1030,1035,1030,0
2022-04-19 14:51:00,1030,1030,1035,1030,0
2022-04-19 14:52:00,1030,1030,1035,1030,0
2022-04-19 14:53:00,1030,1030,1035,1030,0
2022-04-19 14:54:00,1030,1030,1035,1030,0
2022-04-19 14:55:00,1030,1030,1035,1030,0
2022-04-19 14:56:00,1030,1030,1035,1030,0
2022-04-19 14:57:00,1030,1030,1035,1030,0
2022-04-19 14:58:00,1030,1030,1035,1030,0
2022-04-19 14:59:00,1030,1030,1035,1030,0
2022-04-19 15:00:00,1030,1030,1030,1030,69500
2022-04-19 15:01:00,1030,1030,1030,1030,9700
2022-04-19 15:02:00,1030,1030,1030,1030,1000
2022-04-19 15:03:00,1030,1030,1030,1030,100
2022-04-19 15:04:00,1030,1030,1030,1030,55100
2022-04-19 15:05:00,1030,1030,1030,1030,1000
2022-04-19 15:06:00,1030,1030,1030,1030,0
2022-04-19 15:07:00,1030,1030,1030,1030,400
2022-04-19 15:08:00,1030,1030,1030,1030,0
2022-04-19 15:09:00,1030,1030,1030,1030,0
2022-04-19 15:10:00,1030,1030,1030,1030,0
2022-04-19 15:11:00,1030,1030,1030,1030,400
2022-04-19 15:12:00,1030,1030,1030,1030,0
2022-04-19 15:13:00,1030,1030,1030,1030,69300
2022-04-19 15:14:00,1030,1030,1030,1030,106300
2022-04-19 15:15:00,1030,1030,1030,1030,0
2022-04-19 15:16:00,1030,1030,1030,1030,0
2022-04-19 15:17:00,1030,1030,1030,1030,0
2022-04-19 15:18:00,1030,1030,1030,1030,0
2022-04-19 15:19:00,1030,1030,1030,1030,0
2022-04-19 15:20:00,1030,1030,1030,1030,0
2022-04-19 15:21:00,1030,1030,1030,1030,0
2022-04-19 15:22:00,1030,1030,1030,1030,0
2022-04-19 15:23:00,1030,1030,1030,1030,0
2022-04-19 15:24:00,1030,1030,1030,1030,0
2022-04-19 15:25:00,1030,1030,1030,1030,0
2022-04-19 15:26:00,1030,1030,1030,1030,0
2022-04-19 15:27:00,1030,1030,1030,1030,0
2022-04-19 15:28:00,1030,1030,1030,1030,0
2022-04-19 15:29:00,1030,1030,1030,1030,0
2022-04-19 15:30:00,1030,1030,1030,1030,0
2022-04-19 15:31:00,1030,1030,1030,1030,0
2022-04-19 15:32:00,1030,1030,1030,1030,0
2022-04-19 15:33:00,1030,1030,1030,1030,0
2022-04-19 15:34:00,1030,1030,1030,1030,0
2022-04-19 15:35:00,1030,1030,1030,1030,0
2022-04-19 15:36:00,1030,1030,1030,1030,0
2022-04-19 15:37:00,1030,1030,1030,1030,0
2022-04-19 15:38:00,1030,1030,1030,1030,0
2022-04-19 15:39:00,1030,1030,1030,1030,0
2022-04-19 15:40:00,1030,1030,1030,1030,0
2022-04-19 15:41:00,1030,1030,1030,1030,0
2022-04-19 15:42:00,1030,1030,1030,1030,0
2022-04-19 15:43:00,1030,1030,1030,1030,0
2022-04-19 15:44:00,1030,1030,1030,1030,0
2022-04-19 15:45:00,1030,1030,1030,1030,0
2022-04-19 15:46:00,1030,1030,1030,1030,0
2022-04-19 15:47:00,1030,1030,1030,1030,0
2022-04-19 15:48:00,1030,1030,1030,1030,0
2022-04-19 15:49:00,1030,1030,1030,1030,0
2022-04-19 15:50:00,1030,1030,1030,1030,0
2022-04-19 15:51:00,1030,1030,1030,1030,0
2022-04-19 15:52:00,1030,1030,1030,1030,0
2022-04-19 15:53:00,1030,1030,1030,1030,0
2022-04-19 15:54:00,1030,1030,1030,1030,0
2022-04-19 15:55:00,1030,1030,1030,1030,0
2022-04-19 15:56:00,1030,1030,1030,1030,0
2022-04-19 15:57:00,1030,1030,1030,1030,0
2022-04-19 15:58:00,1030,1030,1030,1030,0
2022-04-19 15:59:00,1030,1030,1030,1030,0
2022-04-20 09:00:00,1030,1030,1030,1030,0
2022-04-20 09:01:00,1030,1030,1030,1030,800
2022-04-20 09:02:00,1030,1030,1030,1030,1000
2022-04-20 09:03:00,1030,1030,1030,1030,24900
2022-04-20 09:04:00,1030,1030,1030,1030,0
2022-04-20 09:05:00,1030,1030,1030,1030,0
2022-04-20 09:06:00,1030,1030,1030,1030,13700
2022-04-20 09:07:00,1025,1025,1025,1025,30900
2022-04-20 09:08:00,1025,1025,1025,1025,1400
2022-04-20 09:09:00,1025,1025,1025,1025,2800
2022-04-20 09:10:00,1025,1025,1025,1025,300
2022-04-20 09:11:00,1025,1025,1025,1025,10700
2022-04-20 09:12:00,1025,1025,1025,1025,556100
2022-04-20 09:13:00,1020,1020,1025,1025,28900
2022-04-20 09:14:00,1025,1025,1030,1030,557500
2022-04-20 09:15:00,1025,1025,1030,1030,0
2022-04-20 09:16:00,1025,1025,1030,1030,0
2022-04-20 09:17:00,1020,1020,1030,1030,1200
2022-04-20 09:18:00,1030,1030,1030,1030,200
2022-04-20 09:19:00,1030,1030,1030,1030,0
2022-04-20 09:20:00,1030,1030,1030,1030,2000
2022-04-20 09:21:00,1030,1030,1030,1030,1100
2022-04-20 09:22:00,1030,1030,1030,1030,300
2022-04-20 09:23:00,1030,1030,1030,1030,0
2022-04-20 09:24:00,1030,1030,1030,1030,0
2022-04-20 09:25:00,1030,1030,1030,1030,0
2022-04-20 09:26:00,1030,1030,1030,1030,600
2022-04-20 09:27:00,1030,1030,1030,1030,0
2022-04-20 09:28:00,1030,1030,1030,1030,5200
2022-04-20 09:29:00,1030,1030,1030,1030,5000
2022-04-20 09:30:00,1030,1030,1030,1030,0
2022-04-20 09:31:00,1030,1030,1030,1030,0
2022-04-20 09:32:00,1030,1030,1030,1030,0
2022-04-20 09:33:00,1030,1030,1030,1030,0
2022-04-20 09:34:00,1030,1030,1030,1030,0
2022-04-20 09:35:00,1020,1020,1030,1030,27000
2022-04-20 09:36:00,1020,1020,1030,1030,0
2022-04-20 09:37:00,1020,1020,1030,1030,0
2022-04-20 09:38:00,1020,1020,1020,1020,300
2022-04-20 09:39:00,1020,1020,1025,1025,35800
2022-04-20 09:40:00,1025,1025,1025,1025,1000
2022-04-20 09:41:00,1025,1025,1025,1025,0
2022-04-20 09:42:00,1025,1020,1025,1020,600
2022-04-20 09:43:00,1020,1020,1020,1020,57700
2022-04-20 09:44:00,1025,1020,1025,1020,16100
2022-04-20 09:45:00,1015,1010,1015,1010,83300
2022-04-20 09:46:00,1010,1005,1010,1010,86200
2022-04-20 09:47:00,1010,1010,1010,1010,6400
2022-04-20 09:48:00,1005,1005,1020,1020,17800
2022-04-20 09:49:00,1010,1010,1010,1010,8900
2022-04-20 09:50:00,1010,1010,1010,1010,14100
2022-04-20 09:51:00,1010,1005,1010,1005,69300
2022-04-20 09:52:00,1005,1005,1010,1005,56100
2022-04-20 09:53:00,1005,1000,1005,1005,37700
2022-04-20 09:54:00,1000,1000,1005,1005,16300
2022-04-20 09:55:00,1005,1005,1005,1005,4300
2022-04-20 09:56:00,1005,1005,1010,1005,900
2022-04-20 09:57:00,1005,1005,1010,1005,0
2022-04-20 09:58:00,1005,1005,1010,1005,0
2022-04-20 09:59:00,1005,1005,1010,1005,0
2022-04-20 10:00:00,1005,1005,1005,1005,400
2022-04-20 10:01:00,1005,1005,1005,1005,3200
2022-04-20 10:02:00,1005,1005,1005,1005,13000
2022-04-20 10:03:00,1005,1005,1005,1005,300
2022-04-20 10:04:00,1005,1005,1010,1010,11000
2022-04-20 10:05:00,1010,1010,1010,1010,500
2022-04-20 10:06:00,1010,1010,1010,1010,0
2022-04-20 10:07:00,1010,1010,1010,1010,0
2022-04-20 10:08:00,1010,1005,1010,1005,1800
2022-04-20 10:09:00,1005,1005,1005,1005,600
2022-04-20 10:10:00,1005,1005,1005,1005,2500
2022-04-20 10:11:00,1005,1005,1005,1005,600000
2022-04-20 10:12:00,1005,1005,1005,1005,100
2022-04-20 10:13:00,1005,1005,1005,1005,0
2022-04-20 10:14:00,1005,1005,1020,1015,271300
2022-04-20 10:15:00,1015,1015,1015,1015,250000
2022-04-20 10:16:00,1015,1015,1020,1020,615100
2022-04-20 10:17:00,1020,1020,1030,1030,180500
2022-04-20 10:18:00,1020,1020,1030,1030,0
2022-04-20 10:19:00,1015,1015,1015,1015,2300
2022-04-20 10:20:00,1015,1015,1015,1015,5000
2022-04-20 10:21:00,1020,1015,1025,1025,146500
2022-04-20 10:22:00,1030,1030,1035,1035,336900
2022-04-20 10:23:00,1040,1040,1045,1045,839900
2022-04-20 10:24:00,1050,1050,1050,1050,296800
2022-04-20 10:25:00,1050,1045,1050,1050,274300
2022-04-20 10:26:00,1050,1045,1050,1045,20400
2022-04-20 10:27:00,1050,1045,1050,1045,63900
2022-04-20 10:28:00,1045,1040,1045,1045,230900
2022-04-20 10:29:00,1040,1040,1050,1050,220700
2022-04-20 10:30:00,1055,1055,1065,1065,503700
2022-04-20 10:31:00,1065,1060,1070,1070,345200
2022-04-20 10:32:00,1070,1070,1075,1075,452800
2022-04-20 10:33:00,1075,1065,1075,1065,259800
2022-04-20 10:34:00,1060,1060,1065,1060,4500
2022-04-20 10:35:00,1060,1060,1065,1060,0
2022-04-20 10:36:00,1065,1060,1065,1060,1200
2022-04-20 10:37:00,1060,1060,1065,1065,11000
2022-04-20 10:38:00,1060,1060,1065,1065,0
2022-04-20 10:39:00,1060,1060,1065,1065,800
2022-04-20 10:40:00,1065,1065,1065,1065,3900
2022-04-20 10:41:00,1065,1065,1065,1065,0
2022-04-20 10:42:00,1065,1065,1065,1065,100
2022-04-20 10:43:00,1060,1060,1060,1060,4500
2022-04-20 10:44:00,1060,1060,1060,1060,5200
2022-04-20 10:45:00,1060,1060,1060,1060,3400
2022-04-20 10:46:00,1060,1060,1065,1065,2700
2022-04-20 10:47:00,1060,1060,1065,1065,0
2022-04-20 10:48:00,1060,1060,1060,1060,100
2022-04-20 10:49:00,1060,1060,1060,1060,5000
2022-04-20 10:50:00,1060,1060,1060,1060,0
2022-04-20 10:51:00,1060,1060,1060,1060,0
2022-04-20 10:52:00,1060,1060,1060,1060,0
2022-04-20 10:53:00,1065,1060,1065,1060,2300
2022-04-20 10:54:00,1060,1060,1060,1060,2000
2022-04-20 10:55:00,1065,1065,1065,1065,200
2022-04-20 10:56:00,1060,1060,1060,1060,300
2022-04-20 10:57:00,1060,1060,1060,1060,1000
2022-04-20 10:58:00,1060,1060,1060,1060,0
2022-04-20 10:59:00,1060,1060,1060,1060,10500
2022-04-20 11:00:00,1060,1060,1060,1060,0
2022-04-20 11:01:00,1060,1060,1060,1060,19000
2022-04-20 11:02:00,1060,1060,1060,1060,0
2022-04-20 11:03:00,1060,1060,1060,1060,600
2022-04-20 11:04:00,1060,1060,1060,1060,0
2022-04-20 11:05:00,1060,1060,1060,1060,12000
2022-04-20 11:06:00,1060,1060,1060,1060,7500
2022-04-20 11:07:00,1060,1060,1060,1060,500
2022-04-20 11:08:00,1060,1060,1060,1060,0
2022-04-20 11:09:00,1060,1060,1060,1060,2400
2022-04-20 11:10:00,1060,1060,1060,1060,5000
2022-04-20 11:11:00,1060,1060,1065,1060,13200
2022-04-20 11:12:00,1060,1060,1065,1060,0
2022-04-20 11:13:00,1060,1060,1060,1060,100
2022-04-20 11:14:00,1060,1060,1060,1060,1300
2022-04-20 11:15:00,1060,1060,1060,1060,60200
2022-04-20 11:16:00,1060,1060,1060,1060,11800
2022-04-20 11:17:00,1060,1060,1060,1060,40000
2022-04-20 11:18:00,1060,1060,1060,1060,0
2022-04-20 11:19:00,1060,1060,1060,1060,0
2022-04-20 11:20:00,1060,1060,1060,1060,0
2022-04-20 11:21:00,1060,1060,1060,1060,2000
2022-04-20 11:22:00,1060,1060,1060,1060,5000
2022-04-20 11:23:00,1060,1060,1060,1060,0
2022-04-20 11:24:00,1060,1060,1060,1060,0
2022-04-20 11:25:00,1060,1060,1060,1060,0
2022-04-20 11:26:00,1060,1060,1060,1060,4000
2022-04-20 11:27:00,1060,1060,1060,1060,200
2022-04-20 11:28:00,1060,1060,1060,1060,2000
2022-04-20 11:29:00,1060,1060,1060,1060,0
2022-04-20 11:30:00,1060,1060,1060,1060,0
2022-04-20 11:31:00,1060,1060,1060,1060,0
2022-04-20 11:32:00,1060,1060,1060,1060,0
2022-04-20 11:33:00,1060,1060,1060,1060,0
2022-04-20 11:34:00,1060,1060,1060,1060,0
2022-04-20 11:35:00,1060,1060,1060,1060,0
2022-04-20 11:36:00,1060,1060,1060,1060,0
2022-04-20 11:37:00,1060,1060,1060,1060,0
2022-04-20 11:38:00,1060,1060,1060,1060,0
2022-04-20 11:39:00,1060,1060,1060,1060,0
2022-04-20 11:40:00,1060,1060,1060,1060,0
2022-04-20 11:41:00,1060,1060,1060,1060,0
2022-04-20 11:42:00,1060,1060,1060,1060,0
2022-04-20 11:43:00,1060,1060,1060,1060,0
2022-04-20 11:44:00,1060,1060,1060,1060,0
2022-04-20 11:45:00,1060,1060,1060,1060,0
2022-04-20 11:46:00,1060,1060,1060,1060,0
2022-04-20 11:47:00,1060,1060,1060,1060,0
2022-04-20 11:48:00,1060,1060,1060,1060,0
2022-04-20 11:49:00,1060,1060,1060,1060,0
2022-04-20 11:50:00,1060,1060,1060,1060,0
2022-04-20 11:51:00,1060,1060,1060,1060,0
2022-04-20 11:52:00,1060,1060,1060,1060,0
2022-04-20 11:53:00,1060,1060,1060,1060,0
2022-04-20 11:54:00,1060,1060,1060,1060,0
2022-04-20 11:55:00,1060,1060,1060,1060,0
2022-04-20 11:56:00,1060,1060,1060,1060,0
2022-04-20 11:57:00,1060,1060,1060,1060,0
2022-04-20 11:58:00,1060,1060,1060,1060,0
2022-04-20 11:59:00,1060,1060,1060,1060,0
2022-04-20 12:00:00,1060,1060,1060,1060,0
2022-04-20 12:01:00,1060,1060,1060,1060,0
2022-04-20 12:02:00,1060,1060,1060,1060,0
2022-04-20 12:03:00,1060,1060,1060,1060,0
2022-04-20 12:04:00,1060,1060,1060,1060,0
2022-04-20 12:05:00,1060,1060,1060,1060,0
2022-04-20 12:06:00,1060,1060,1060,1060,0
2022-04-20 12:07:00,1060,1060,1060,1060,0
2022-04-20 12:08:00,1060,1060,1060,1060,0
2022-04-20 12:09:00,1060,1060,1060,1060,0
2022-04-20 12:10:00,1060,1060,1060,1060,0
2022-04-20 12:11:00,1060,1060,1060,1060,0
2022-04-20 12:12:00,1060,1060,1060,1060,0
2022-04-20 12:13:00,1060,1060,1060,1060,0
2022-04-20 12:14:00,1060,1060,1060,1060,0
2022-04-20 12:15:00,1060,1060,1060,1060,0
2022-04-20 12:16:00,1060,1060,1060,1060,0
2022-04-20 12:17:00,1060,1060,1060,1060,0
2022-04-20 12:18:00,1060,1060,1060,1060,0
2022-04-20 12:19:00,1060,1060,1060,1060,0
2022-04-20 12:20:00,1060,1060,1060,1060,0
2022-04-20 12:21:00,1060,1060,1060,1060,0
2022-04-20 12:22:00,1060,1060,1060,1060,0
2022-04-20 12:23:00,1060,1060,1060,1060,0
2022-04-20 12:24:00,1060,1060,1060,1060,0
2022-04-20 12:25:00,1060,1060,1060,1060,0
2022-04-20 12:26:00,1060,1060,1060,1060,0
2022-04-20 12:27:00,1060,1060,1060,1060,0
2022-04-20 12:28:00,1060,1060,1060,1060,0
2022-04-20 12:29:00,1060,1060,1060,1060,0
2022-04-20 12:30:00,1060,1060,1060,1060,0
2022-04-20 12:31:00,1060,1060,1060,1060,0
2022-04-20 12:32:00,1060,1060,1060,1060,0
2022-04-20 12:33:00,1060,1060,1060,1060,0
2022-04-20 12:34:00,1060,1060,1060,1060,0
2022-04-20 12:35:00,1060,1060,1060,1060,0
2022-04-20 12:36:00,1060,1060,1060,1060,0
2022-04-20 12:37:00,1060,1060,1060,1060,0
2022-04-20 12:38:00,1060,1060,1060,1060,0
2022-04-20 12:39:00,1060,1060,1060,1060,0
2022-04-20 12:40:00,1060,1060,1060,1060,0
2022-04-20 12:41:00,1060,1060,1060,1060,0
2022-04-20 12:42:00,1060,1060,1060,1060,0
2022-04-20 12:43:00,1060,1060,1060,1060,0
2022-04-20 12:44:00,1060,1060,1060,1060,0
2022-04-20 12:45:00,1060,1060,1060,1060,0
2022-04-20 12:46:00,1060,1060,1060,1060,0
2022-04-20 12:47:00,1060,1060,1060,1060,0
2022-04-20 12:48:00,1060,1060,1060,1060,0
2022-04-20 12:49:00,1060,1060,1060,1060,0
2022-04-20 12:50:00,1060,1060,1060,1060,0
2022-04-20 12:51:00,1060,1060,1060,1060,0
2022-04-20 12:52:00,1060,1060,1060,1060,0
2022-04-20 12:53:00,1060,1060,1060,1060,0
2022-04-20 12:54:00,1060,1060,1060,1060,0
2022-04-20 12:55:00,1060,1060,1060,1060,0
2022-04-20 12:56:00,1060,1060,1060,1060,0
2022-04-20 12:57:00,1060,1060,1060,1060,0
2022-04-20 12:58:00,1060,1060,1060,1060,0
2022-04-20 12:59:00,1060,1060,1060,1060,0
2022-04-20 13:00:00,1060,1060,1060,1060,0
2022-04-20 13:01:00,1060,1060,1060,1060,0
2022-04-20 13:02:00,1060,1060,1060,1060,0
2022-04-20 13:03:00,1060,1060,1060,1060,0
2022-04-20 13:04:00,1060,1060,1060,1060,0
2022-04-20 13:05:00,1060,1060,1060,1060,0
2022-04-20 13:06:00,1060,1060,1060,1060,0
2022-04-20 13:07:00,1060,1060,1060,1060,0
2022-04-20 13:08:00,1060,1060,1060,1060,0
2022-04-20 13:09:00,1060,1060,1060,1060,0
2022-04-20 13:10:00,1060,1060,1060,1060,0
2022-04-20 13:11:00,1060,1060,1060,1060,0
2022-04-20 13:12:00,1060,1060,1060,1060,0
2022-04-20 13:13:00,1060,1060,1060,1060,0
2022-04-20 13:14:00,1060,1060,1060,1060,0
2022-04-20 13:15:00,1060,1060,1060,1060,0
2022-04-20 13:16:00,1060,1060,1060,1060,0
2022-04-20 13:17:00,1060,1060,1060,1060,0
2022-04-20 13:18:00,1060,1060,1060,1060,0
2022-04-20 13:19:00,1060,1060,1060,1060,0
2022-04-20 13:20:00,1060,1060,1060,1060,0
2022-04-20 13:21:00,1060,1060,1060,1060,0
2022-04-20 13:22:00,1060,1060,1060,1060,0
2022-04-20 13:23:00,1060,1060,1060,1060,0
2022-04-20 13:24:00,1060,1060,1060,1060,0
2022-04-20 13:25:00,1060,1060,1060,1060,0
2022-04-20 13:26:00,1060,1060,1060,1060,0
2022-04-20 13:27:00,1060,1060,1060,1060,0
2022-04-20 13:28:00,1060,1060,1060,1060,0
2022-04-20 13:29:00,1060,1060,1060,1060,0
2022-04-20 13:30:00,1060,1055,1075,1075,965700
2022-04-20 13:31:00,1075,1060,1075,1060,284600
2022-04-20 13:32:00,1060,1060,1065,1060,181500
2022-04-20 13:33:00,1060,1060,1060,1060,201700
2022-04-20 13:34:00,1060,1060,1060,1060,318700
2022-04-20 13:35:00,1060,1060,1060,1060,262300
2022-04-20 13:36:00,1060,1055,1070,1060,601800
2022-04-20 13:37:00,1060,1060,1065,1065,635600
2022-04-20 13:38:00,1065,1065,1065,1065,384300
2022-04-20 13:39:00,1065,1065,1065,1065,210500
2022-04-20 13:40:00,1065,1065,1065,1065,349700
2022-04-20 13:41:00,1065,1065,1070,1070,378400
2022-04-20 13:42:00,1065,1065,1070,1065,236500
2022-04-20 13:43:00,1070,1065,1070,1065,905200
2022-04-20 13:44:00,1065,1060,1065,1060,520000
2022-04-20 13:45:00,1065,1065,1065,1065,263600
2022-04-20 13:46:00,1070,1065,1070,1065,210000
2022-04-20 13:47:00,1065,1065,1065,1065,497100
2022-04-20 13:48:00,1065,1065,1065,1065,396900
2022-04-20 13:49:00,1065,1065,1075,1075,347500
2022-04-20 13:50:00,1070,1070,1075,1070,267100
2022-04-20 13:51:00,1070,1070,1075,1070,520500
2022-04-20 13:52:00,1070,1070,1070,1070,350100
2022-04-20 13:53:00,1075,1070,1075,1070,567600
2022-04-20 13:54:00,1070,1070,1070,1070,333400
2022-04-20 13:55:00,1070,1070,1070,1070,281600
2022-04-20 13:56:00,1070,1070,1070,1070,473400
2022-04-20 13:57:00,1070,1070,1070,1070,260000
2022-04-20 13:58:00,1075,1070,1080,1075,532200
2022-04-20 13:59:00,1080,1080,1085,1085,373300
2022-04-20 14:00:00,1085,1080,1085,1080,163700
2022-04-20 14:01:00,1075,1075,1085,1080,417100
2022-04-20 14:02:00,1080,1080,1085,1080,470300
2022-04-20 14:03:00,1085,1085,1090,1085,801400
2022-04-20 14:04:00,1080,1080,1085,1085,545800
2022-04-20 14:05:00,1090,1085,1090,1090,22755500
2022-04-20 14:06:00,1090,1090,1095,1095,1178600
2022-04-20 14:07:00,1095,1095,1100,1095,1523900
2022-04-20 14:08:00,1100,1100,1100,1100,353500
2022-04-20 14:09:00,1100,1095,1100,1100,42500
2022-04-20 14:10:00,1100,1095,1100,1100,38900
2022-04-20 14:11:00,1100,1100,1105,1105,529800
2022-04-20 14:12:00,1105,1105,1110,1110,495300
2022-04-20 14:13:00,1110,1110,1130,1130,1205700
2022-04-20 14:14:00,1130,1130,1145,1145,960200
2022-04-20 14:15:00,1145,1140,1150,1145,463500
2022-04-20 14:16:00,1150,1130,1150,1130,77100
2022-04-20 14:17:00,1135,1125,1135,1125,15300
2022-04-20 14:18:00,1125,1095,1130,1095,1051100
2022-04-20 14:19:00,1100,1100,1110,1105,1181900
2022-04-20 14:20:00,1105,1105,1110,1110,19900
2022-04-20 14:21:00,1115,1115,1115,1115,3500
2022-04-20 14:22:00,1115,1110,1115,1110,9700
2022-04-20 14:23:00,1110,1110,1115,1110,64900
2022-04-20 14:24:00,1115,1110,1115,1115,32400
2022-04-20 14:25:00,1110,1110,1115,1115,5300
2022-04-20 14:26:00,1110,1110,1110,1110,3300
2022-04-20 14:27:00,1110,1110,1115,1110,28500
2022-04-20 14:28:00,1110,1110,1110,1110,5900
2022-04-20 14:29:00,1115,1115,1115,1115,14400
2022-04-20 14:30:00,1120,1120,1120,1120,4600
2022-04-20 14:31:00,1120,1120,1130,1125,326100
2022-04-20 14:32:00,1125,1120,1130,1130,224000
2022-04-20 14:33:00,1130,1130,1135,1135,582300
2022-04-20 14:34:00,1130,1130,1130,1130,5200
2022-04-20 14:35:00,1135,1115,1135,1120,433100
2022-04-20 14:36:00,1120,1115,1145,1145,73000
2022-04-20 14:37:00,1140,1140,1155,1155,570100
2022-04-20 14:38:00,1150,1150,1160,1160,598100
2022-04-20 14:39:00,1165,1160,1175,1170,758200
2022-04-20 14:40:00,1170,1165,1170,1170,269800
2022-04-20 14:41:00,1170,1165,1170,1165,161500
2022-04-20 14:42:00,1165,1165,1170,1165,9700
2022-04-20 14:43:00,1170,1165,1170,1165,218600
2022-04-20 14:44:00,1165,1150,1170,1155,1057400
2022-04-20 14:45:00,1160,1160,1170,1165,99400
2022-04-20 14:46:00,1165,1165,1170,1165,96000
2022-04-20 14:47:00,1170,1165,1170,1165,101600
2022-04-20 14:48:00,1165,1160,1165,1165,47900
2022-04-20 14:49:00,1160,1160,1180,1180,635500
2022-04-20 14:50:00,1160,1160,1180,1180,0
2022-04-20 14:51:00,1160,1160,1180,1180,0
2022-04-20 14:52:00,1160,1160,1180,1180,0
2022-04-20 14:53:00,1160,1160,1180,1180,0
2022-04-20 14:54:00,1160,1160,1180,1180,0
2022-04-20 14:55:00,1160,1160,1180,1180,0
2022-04-20 14:56:00,1160,1160,1180,1180,0
2022-04-20 14:57:00,1160,1160,1180,1180,0
2022-04-20 14:58:00,1160,1160,1180,1180,0
2022-04-20 14:59:00,1160,1160,1180,1180,0
2022-04-20 15:00:00,1180,1180,1180,1180,1415500
2022-04-20 15:01:00,1180,1180,1180,1180,69700
2022-04-20 15:02:00,1180,1180,1180,1180,41000
2022-04-20 15:03:00,1180,1180,1180,1180,178500
2022-04-20 15:04:00,1180,1180,1180,1180,109100
2022-04-20 15:05:00,1180,1180,1180,1180,33700
2022-04-20 15:06:00,1180,1180,1180,1180,212800
2022-04-20 15:07:00,1180,1180,1180,1180,201700
2022-04-20 15:08:00,1180,1180,1180,1180,17900
2022-04-20 15:09:00,1180,1180,1180,1180,22200
2022-04-20 15:10:00,1180,1180,1180,1180,207500
2022-04-20 15:11:00,1180,1180,1180,1180,118800
2022-04-20 15:12:00,1180,1180,1180,1180,900
2022-04-20 15:13:00,1180,1180,1180,1180,25500
2022-04-20 15:14:00,1180,1180,1180,1180,9600
2022-04-20 15:15:00,1180,1180,1180,1180,0
2022-04-20 15:16:00,1180,1180,1180,1180,0
2022-04-20 15:17:00,1180,1180,1180,1180,0
2022-04-20 15:18:00,1180,1180,1180,1180,0
2022-04-20 15:19:00,1180,1180,1180,1180,0
2022-04-20 15:20:00,1180,1180,1180,1180,0
2022-04-20 15:21:00,1180,1180,1180,1180,0
2022-04-20 15:22:00,1180,1180,1180,1180,0
2022-04-20 15:23:00,1180,1180,1180,1180,0
2022-04-20 15:24:00,1180,1180,1180,1180,0
2022-04-20 15:25:00,1180,1180,1180,1180,0
2022-04-20 15:26:00,1180,1180,1180,1180,0
2022-04-20 15:27:00,1180,1180,1180,1180,0
2022-04-20 15:28:00,1180,1180,1180,1180,0
2022-04-20 15:29:00,1180,1180,1180,1180,0
2022-04-20 15:30:00,1180,1180,1180,1180,0
2022-04-20 15:31:00,1180,1180,1180,1180,0
2022-04-20 15:32:00,1180,1180,1180,1180,0
2022-04-20 15:33:00,1180,1180,1180,1180,0
2022-04-20 15:34:00,1180,1180,1180,1180,0
2022-04-20 15:35:00,1180,1180,1180,1180,0
2022-04-20 15:36:00,1180,1180,1180,1180,0
2022-04-20 15:37:00,1180,1180,1180,1180,0
2022-04-20 15:38:00,1180,1180,1180,1180,0
2022-04-20 15:39:00,1180,1180,1180,1180,0
2022-04-20 15:40:00,1180,1180,1180,1180,0
2022-04-20 15:41:00,1180,1180,1180,1180,0
2022-04-20 15:42:00,1180,1180,1180,1180,0
2022-04-20 15:43:00,1180,1180,1180,1180,0
2022-04-20 15:44:00,1180,1180,1180,1180,0
2022-04-20 15:45:00,1180,1180,1180,1180,0
2022-04-20 15:46:00,1180,1180,1180,1180,0
2022-04-20 15:47:00,1180,1180,1180,1180,0
2022-04-20 15:48:00,1180,1180,1180,1180,0
2022-04-20 15:49:00,1180,1180,1180,1180,0
2022-04-20 15:50:00,1180,1180,1180,1180,0
2022-04-20 15:51:00,1180,1180,1180,1180,0
2022-04-20 15:52:00,1180,1180,1180,1180,0
2022-04-20 15:53:00,1180,1180,1180,1180,0
2022-04-20 15:54:00,1180,1180,1180,1180,0
2022-04-20 15:55:00,1180,1180,1180,1180,0
2022-04-20 15:56:00,1180,1180,1180,1180,0
2022-04-20 15:57:00,1180,1180,1180,1180,0
2022-04-20 15:58:00,1180,1180,1180,1180,0
2022-04-20 15:59:00,1180,1180,1180,1180,0
2022-04-21 09:00:00,1185,1180,1190,1190,0
2022-04-21 09:01:00,1190,1190,1200,1195,1147300
2022-04-21 09:02:00,1200,1175,1200,1180,1491900
2022-04-21 09:03:00,1175,1165,1180,1165,448600
2022-04-21 09:04:00,1170,1160,1170,1165,319200
2022-04-21 09:05:00,1165,1160,1170,1170,33100
2022-04-21 09:06:00,1165,1160,1165,1160,151700
2022-04-21 09:07:00,1160,1150,1160,1155,217700
2022-04-21 09:08:00,1150,1120,1155,1135,720900
2022-04-21 09:09:00,1135,1100,1135,1100,2161400
2022-04-21 09:10:00,1105,1100,1110,1100,860500
2022-04-21 09:11:00,1100,1100,1100,1100,100900
2022-04-21 09:12:00,1100,1100,1110,1110,1145700
2022-04-21 09:13:00,1105,1105,1120,1120,167900
2022-04-21 09:14:00,1120,1115,1135,1135,478300
2022-04-21 09:15:00,1135,1130,1150,1150,103100
2022-04-21 09:16:00,1150,1140,1150,1145,265200
2022-04-21 09:17:00,1140,1140,1150,1150,163100
2022-04-21 09:18:00,1150,1140,1155,1145,187000
2022-04-21 09:19:00,1145,1135,1145,1135,206400
2022-04-21 09:20:00,1135,1125,1140,1140,262400
2022-04-21 09:21:00,1130,1125,1130,1130,7300
2022-04-21 09:22:00,1125,1125,1130,1130,5600
2022-04-21 09:23:00,1125,1125,1130,1125,32100
2022-04-21 09:24:00,1125,1120,1125,1120,180700
2022-04-21 09:25:00,1115,1110,1115,1115,209600
2022-04-21 09:26:00,1115,1115,1120,1120,14200
2022-04-21 09:27:00,1120,1120,1120,1120,7100
2022-04-21 09:28:00,1120,1120,1120,1120,15800
2022-04-21 09:29:00,1115,1115,1115,1115,28000
2022-04-21 09:30:00,1115,1110,1115,1110,54600
2022-04-21 09:31:00,1110,1110,1115,1115,8300
2022-04-21 09:32:00,1125,1110,1125,1115,108600
2022-04-21 09:33:00,1115,1100,1115,1100,671000
2022-04-21 09:34:00,1100,1100,1100,1100,221700
2022-04-21 09:35:00,1100,1100,1100,1100,5900
2022-04-21 09:36:00,1100,1100,1100,1100,0
2022-04-21 09:37:00,1100,1100,1100,1100,0
2022-04-21 09:38:00,1100,1100,1100,1100,0
2022-04-21 09:39:00,1100,1100,1100,1100,1930400
2022-04-21 09:40:00,1100,1100,1100,1100,10900
2022-04-21 09:41:00,1100,1100,1100,1100,5100
2022-04-21 09:42:00,1100,1100,1100,1100,4100
2022-04-21 09:43:00,1100,1100,1100,1100,2600
2022-04-21 09:44:00,1100,1100,1100,1100,700
2022-04-21 09:45:00,1100,1100,1100,1100,5600
2022-04-21 09:46:00,1100,1100,1100,1100,0
2022-04-21 09:47:00,1100,1100,1100,1100,300
2022-04-21 09:48:00,1100,1100,1100,1100,1300
2022-04-21 09:49:00,1100,1100,1100,1100,6100
2022-04-21 09:50:00,1100,1100,1100,1100,24100
2022-04-21 09:51:00,1100,1100,1100,1100,2300
2022-04-21 09:52:00,1100,1100,1100,1100,1700
2022-04-21 09:53:00,1100,1100,1100,1100,1400
2022-04-21 09:54:00,1100,1100,1100,1100,0
2022-04-21 09:55:00,1100,1100,1100,1100,2600
2022-04-21 09:56:00,1100,1100,1100,1100,5000
2022-04-21 09:57:00,1100,1100,1100,1100,30800
2022-04-21 09:58:00,1100,1100,1100,1100,481800
2022-04-21 09:59:00,1100,1100,1100,1100,555000
2022-04-21 10:00:00,1100,1100,1100,1100,359700
2022-04-21 10:01:00,1100,1100,1100,1100,1900
2022-04-21 10:02:00,1100,1100,1100,1100,6500
2022-04-21 10:03:00,1100,1100,1100,1100,189500
2022-04-21 10:04:00,1100,1100,1105,1105,304400
2022-04-21 10:05:00,1100,1100,1110,1105,570100
2022-04-21 10:06:00,1105,1105,1125,1125,856400
2022-04-21 10:07:00,1120,1105,1120,1105,144300
2022-04-21 10:08:00,1105,1105,1105,1105,100
2022-04-21 10:09:00,1110,1105,1110,1105,30400
2022-04-21 10:10:00,1110,1110,1110,1110,20200
2022-04-21 10:11:00,1105,1105,1105,1105,2200
2022-04-21 10:12:00,1110,1100,1110,1100,161900
2022-04-21 10:13:00,1105,1100,1110,1110,50700
2022-04-21 10:14:00,1105,1105,1105,1105,2300
2022-04-21 10:15:00,1110,1100,1110,1100,36700
2022-04-21 10:16:00,1100,1100,1100,1100,8200
2022-04-21 10:17:00,1100,1100,1100,1100,4000
2022-04-21 10:18:00,1100,1100,1100,1100,65000
2022-04-21 10:19:00,1105,1100,1105,1100,3000
2022-04-21 10:20:00,1100,1100,1100,1100,2200
2022-04-21 10:21:00,1100,1100,1105,1100,25000
2022-04-21 10:22:00,1100,1100,1105,1100,98400
2022-04-21 10:23:00,1100,1100,1100,1100,1200
2022-04-21 10:24:00,1100,1100,1100,1100,15500
2022-04-21 10:25:00,1100,1100,1100,1100,10400
2022-04-21 10:26:00,1100,1100,1100,1100,10800
2022-04-21 10:27:00,1100,1100,1100,1100,17700
2022-04-21 10:28:00,1105,1100,1105,1100,16600
2022-04-21 10:29:00,1100,1100,1100,1100,2100
2022-04-21 10:30:00,1100,1100,1100,1100,600
2022-04-21 10:31:00,1100,1100,1100,1100,2700
2022-04-21 10:32:00,1100,1100,1100,1100,1000
2022-04-21 10:33:00,1100,1100,1100,1100,27600
2022-04-21 10:34:00,1100,1100,1100,1100,0
2022-04-21 10:35:00,1100,1100,1100,1100,800
2022-04-21 10:36:00,1100,1100,1100,1100,17900
2022-04-21 10:37:00,1100,1100,1100,1100,0
2022-04-21 10:38:00,1105,1105,1105,1105,100
2022-04-21 10:39:00,1100,1100,1100,1100,2100
2022-04-21 10:40:00,1100,1100,1100,1100,0
2022-04-21 10:41:00,1100,1100,1100,1100,300
2022-04-21 10:42:00,1100,1100,1100,1100,0
2022-04-21 10:43:00,1100,1100,1100,1100,700
2022-04-21 10:44:00,1100,1100,1100,1100,1300
2022-04-21 10:45:00,1100,1100,1100,1100,0
2022-04-21 10:46:00,1100,1100,1100,1100,10000
2022-04-21 10:47:00,1100,1100,1100,1100,5100
2022-04-21 10:48:00,1100,1100,1100,1100,0
2022-04-21 10:49:00,1100,1100,1100,1100,0
2022-04-21 10:50:00,1100,1100,1100,1100,1700
2022-04-21 10:51:00,1100,1100,1100,1100,600
2022-04-21 10:52:00,1100,1100,1100,1100,0
2022-04-21 10:53:00,1100,1100,1100,1100,47600
2022-04-21 10:54:00,1100,1100,1100,1100,5000
2022-04-21 10:55:00,1100,1100,1100,1100,1100
2022-04-21 10:56:00,1100,1100,1100,1100,22600
2022-04-21 10:57:00,1100,1100,1100,1100,100
2022-04-21 10:58:00,1100,1100,1100,1100,2000
2022-04-21 10:59:00,1100,1100,1100,1100,1100
2022-04-21 11:00:00,1100,1100,1100,1100,0
2022-04-21 11:01:00,1100,1100,1100,1100,2900
2022-04-21 11:02:00,1100,1100,1100,1100,1400
2022-04-21 11:03:00,1100,1100,1100,1100,700
2022-04-21 11:04:00,1100,1100,1100,1100,700
2022-04-21 11:05:00,1100,1100,1100,1100,1100
2022-04-21 11:06:00,1100,1100,1100,1100,200
2022-04-21 11:07:00,1100,1100,1100,1100,0
2022-04-21 11:08:00,1100,1100,1100,1100,0
2022-04-21 11:09:00,1100,1100,1100,1100,10000
2022-04-21 11:10:00,1100,1100,1100,1100,0
2022-04-21 11:11:00,1100,1100,1100,1100,3000
2022-04-21 11:12:00,1100,1100,1100,1100,0
2022-04-21 11:13:00,1100,1100,1100,1100,0
2022-04-21 11:14:00,1100,1100,1100,1100,700
2022-04-21 11:15:00,1100,1100,1100,1100,500
2022-04-21 11:16:00,1100,1100,1100,1100,0
2022-04-21 11:17:00,1100,1100,1100,1100,0
2022-04-21 11:18:00,1100,1100,1100,1100,5800
2022-04-21 11:19:00,1100,1100,1100,1100,200
2022-04-21 11:20:00,1100,1100,1100,1100,0
2022-04-21 11:21:00,1100,1100,1100,1100,0
2022-04-21 11:22:00,1100,1100,1100,1100,0
2022-04-21 11:23:00,1100,1100,1100,1100,2000
2022-04-21 11:24:00,1100,1100,1100,1100,0
2022-04-21 11:25:00,1100,1100,1100,1100,100
2022-04-21 11:26:00,1100,1100,1100,1100,600
2022-04-21 11:27:00,1100,1100,1100,1100,1000
2022-04-21 11:28:00,1100,1100,1100,1100,0
2022-04-21 11:29:00,1100,1100,1100,1100,20000
2022-04-21 11:30:00,1100,1100,1100,1100,0
2022-04-21 11:31:00,1100,1100,1100,1100,0
2022-04-21 11:32:00,1100,1100,1100,1100,0
2022-04-21 11:33:00,1100,1100,1100,1100,0
2022-04-21 11:34:00,1100,1100,1100,1100,0
2022-04-21 11:35:00,1100,1100,1100,1100,0
2022-04-21 11:36:00,1100,1100,1100,1100,0
2022-04-21 11:37:00,1100,1100,1100,1100,0
2022-04-21 11:38:00,1100,1100,1100,1100,0
2022-04-21 11:39:00,1100,1100,1100,1100,0
2022-04-21 11:40:00,1100,1100,1100,1100,0
2022-04-21 11:41:00,1100,1100,1100,1100,0
2022-04-21 11:42:00,1100,1100,1100,1100,0
2022-04-21 11:43:00,1100,1100,1100,1100,0
2022-04-21 11:44:00,1100,1100,1100,1100,0
2022-04-21 11:45:00,1100,1100,1100,1100,0
2022-04-21 11:46:00,1100,1100,1100,1100,0
2022-04-21 11:47:00,1100,1100,1100,1100,0
2022-04-21 11:48:00,1100,1100,1100,1100,0
2022-04-21 11:49:00,1100,1100,1100,1100,0
2022-04-21 11:50:00,1100,1100,1100,1100,0
2022-04-21 11:51:00,1100,1100,1100,1100,0
2022-04-21 11:52:00,1100,1100,1100,1100,0
2022-04-21 11:53:00,1100,1100,1100,1100,0
2022-04-21 11:54:00,1100,1100,1100,1100,0
2022-04-21 11:55:00,1100,1100,1100,1100,0
2022-04-21 11:56:00,1100,1100,1100,1100,0
2022-04-21 11:57:00,1100,1100,1100,1100,0
2022-04-21 11:58:00,1100,1100,1100,1100,0
2022-04-21 11:59:00,1100,1100,1100,1100,0
2022-04-21 12:00:00,1100,1100,1100,1100,0
2022-04-21 12:01:00,1100,1100,1100,1100,0
2022-04-21 12:02:00,1100,1100,1100,1100,0
2022-04-21 12:03:00,1100,1100,1100,1100,0
2022-04-21 12:04:00,1100,1100,1100,1100,0
2022-04-21 12:05:00,1100,1100,1100,1100,0
2022-04-21 12:06:00,1100,1100,1100,1100,0
2022-04-21 12:07:00,1100,1100,1100,1100,0
2022-04-21 12:08:00,1100,1100,1100,1100,0
2022-04-21 12:09:00,1100,1100,1100,1100,0
2022-04-21 12:10:00,1100,1100,1100,1100,0
2022-04-21 12:11:00,1100,1100,1100,1100,0
2022-04-21 12:12:00,1100,1100,1100,1100,0
2022-04-21 12:13:00,1100,1100,1100,1100,0
2022-04-21 12:14:00,1100,1100,1100,1100,0
2022-04-21 12:15:00,1100,1100,1100,1100,0
2022-04-21 12:16:00,1100,1100,1100,1100,0
2022-04-21 12:17:00,1100,1100,1100,1100,0
2022-04-21 12:18:00,1100,1100,1100,1100,0
2022-04-21 12:19:00,1100,1100,1100,1100,0
2022-04-21 12:20:00,1100,1100,1100,1100,0
2022-04-21 12:21:00,1100,1100,1100,1100,0
2022-04-21 12:22:00,1100,1100,1100,1100,0
2022-04-21 12:23:00,1100,1100,1100,1100,0
2022-04-21 12:24:00,1100,1100,1100,1100,0
2022-04-21 12:25:00,1100,1100,1100,1100,0
2022-04-21 12:26:00,1100,1100,1100,1100,0
2022-04-21 12:27:00,1100,1100,1100,1100,0
2022-04-21 12:28:00,1100,1100,1100,1100,0
2022-04-21 12:29:00,1100,1100,1100,1100,0
2022-04-21 12:30:00,1100,1100,1100,1100,0
2022-04-21 12:31:00,1100,1100,1100,1100,0
2022-04-21 12:32:00,1100,1100,1100,1100,0
2022-04-21 12:33:00,1100,1100,1100,1100,0
2022-04-21 12:34:00,1100,1100,1100,1100,0
2022-04-21 12:35:00,1100,1100,1100,1100,0
2022-04-21 12:36:00,1100,1100,1100,1100,0
2022-04-21 12:37:00,1100,1100,1100,1100,0
2022-04-21 12:38:00,1100,1100,1100,1100,0
2022-04-21 12:39:00,1100,1100,1100,1100,0
2022-04-21 12:40:00,1100,1100,1100,1100,0
2022-04-21 12:41:00,1100,1100,1100,1100,0
2022-04-21 12:42:00,1100,1100,1100,1100,0
2022-04-21 12:43:00,1100,1100,1100,1100,0
2022-04-21 12:44:00,1100,1100,1100,1100,0
2022-04-21 12:45:00,1100,1100,1100,1100,0
2022-04-21 12:46:00,1100,1100,1100,1100,0
2022-04-21 12:47:00,1100,1100,1100,1100,0
2022-04-21 12:48:00,1100,1100,1100,1100,0
2022-04-21 12:49:00,1100,1100,1100,1100,0
2022-04-21 12:50:00,1100,1100,1100,1100,0
2022-04-21 12:51:00,1100,1100,1100,1100,0
2022-04-21 12:52:00,1100,1100,1100,1100,0
2022-04-21 12:53:00,1100,1100,1100,1100,0
2022-04-21 12:54:00,1100,1100,1100,1100,0
2022-04-21 12:55:00,1100,1100,1100,1100,0
2022-04-21 12:56:00,1100,1100,1100,1100,0
2022-04-21 12:57:00,1100,1100,1100,1100,0
2022-04-21 12:58:00,1100,1100,1100,1100,0
2022-04-21 12:59:00,1100,1100,1100,1100,0
2022-04-21 13:00:00,1100,1100,1100,1100,0
2022-04-21 13:01:00,1100,1100,1100,1100,0
2022-04-21 13:02:00,1100,1100,1100,1100,0
2022-04-21 13:03:00,1100,1100,1100,1100,0
2022-04-21 13:04:00,1100,1100,1100,1100,0
2022-04-21 13:05:00,1100,1100,1100,1100,0
2022-04-21 13:06:00,1100,1100,1100,1100,0
2022-04-21 13:07:00,1100,1100,1100,1100,0
2022-04-21 13:08:00,1100,1100,1100,1100,0
2022-04-21 13:09:00,1100,1100,1100,1100,0
2022-04-21 13:10:00,1100,1100,1100,1100,0
2022-04-21 13:11:00,1100,1100,1100,1100,0
2022-04-21 13:12:00,1100,1100,1100,1100,0
2022-04-21 13:13:00,1100,1100,1100,1100,0
2022-04-21 13:14:00,1100,1100,1100,1100,0
2022-04-21 13:15:00,1100,1100,1100,1100,0
2022-04-21 13:16:00,1100,1100,1100,1100,0
2022-04-21 13:17:00,1100,1100,1100,1100,0
2022-04-21 13:18:00,1100,1100,1100,1100,0
2022-04-21 13:19:00,1100,1100,1100,1100,0
2022-04-21 13:20:00,1100,1100,1100,1100,0
2022-04-21 13:21:00,1100,1100,1100,1100,0
2022-04-21 13:22:00,1100,1100,1100,1100,0
2022-04-21 13:23:00,1100,1100,1100,1100,0
2022-04-21 13:24:00,1100,1100,1100,1100,0
2022-04-21 13:25:00,1100,1100,1100,1100,0
2022-04-21 13:26:00,1100,1100,1100,1100,0
2022-04-21 13:27:00,1100,1100,1100,1100,0
2022-04-21 13:28:00,1100,1100,1100,1100,0
2022-04-21 13:29:00,1100,1100,1100,1100,0
2022-04-21 13:30:00,1100,1100,1100,1100,66400
2022-04-21 13:31:00,1100,1100,1100,1100,5000
2022-04-21 13:32:00,1100,1100,1100,1100,0
2022-04-21 13:33:00,1100,1100,1100,1100,1100
2022-04-21 13:34:00,1100,1100,1100,1100,1100
2022-04-21 13:35:00,1100,1100,1100,1100,0
2022-04-21 13:36:00,1100,1100,1100,1100,100
2022-04-21 13:37:00,1100,1100,1100,1100,0
2022-04-21 13:38:00,1100,1100,1100,1100,200
2022-04-21 13:39:00,1100,1100,1100,1100,2200
2022-04-21 13:40:00,1100,1100,1100,1100,0
2022-04-21 13:41:00,1100,1100,1100,1100,0
2022-04-21 13:42:00,1100,1100,1100,1100,0
2022-04-21 13:43:00,1100,1100,1100,1100,0
2022-04-21 13:44:00,1100,1100,1100,1100,200
2022-04-21 13:45:00,1100,1100,1100,1100,500
2022-04-21 13:46:00,1100,1100,1100,1100,0
2022-04-21 13:47:00,1100,1100,1100,1100,0
2022-04-21 13:48:00,1100,1100,1100,1100,0
2022-04-21 13:49:00,1100,1100,1100,1100,10200
2022-04-21 13:50:00,1100,1100,1100,1100,100
2022-04-21 13:51:00,1100,1100,1100,1100,0
2022-04-21 13:52:00,1100,1100,1100,1100,600
2022-04-21 13:53:00,1100,1100,1100,1100,0
2022-04-21 13:54:00,1100,1100,1100,1100,0
2022-04-21 13:55:00,1100,1100,1100,1100,100
2022-04-21 13:56:00,1100,1100,1100,1100,200
2022-04-21 13:57:00,1100,1100,1100,1100,0
2022-04-21 13:58:00,1100,1100,1100,1100,0
2022-04-21 13:59:00,1100,1100,1100,1100,0
2022-04-21 14:00:00,1100,1100,1100,1100,2500
2022-04-21 14:01:00,1100,1100,1100,1100,100
2022-04-21 14:02:00,1100,1100,1100,1100,4500
2022-04-21 14:03:00,1100,1100,1100,1100,0
2022-04-21 14:04:00,1100,1100,1100,1100,0
2022-04-21 14:05:00,1100,1100,1100,1100,800
2022-04-21 14:06:00,1100,1100,1100,1100,0
2022-04-21 14:07:00,1100,1100,1100,1100,1300
2022-04-21 14:08:00,1100,1100,1100,1100,10000
2022-04-21 14:09:00,1100,1100,1100,1100,0
2022-04-21 14:10:00,1100,1100,1100,1100,6200
2022-04-21 14:11:00,1100,1100,1100,1100,1000
2022-04-21 14:12:00,1100,1100,1100,1100,25100
2022-04-21 14:13:00,1100,1100,1100,1100,0
2022-04-21 14:14:00,1100,1100,1100,1100,0
2022-04-21 14:15:00,1100,1100,1100,1100,1300
2022-04-21 14:16:00,1100,1100,1100,1100,100
2022-04-21 14:17:00,1100,1100,1100,1100,1000
2022-04-21 14:18:00,1100,1100,1100,1100,0
2022-04-21 14:19:00,1100,1100,1100,1100,0
2022-04-21 14:20:00,1100,1100,1100,1100,0
2022-04-21 14:21:00,1100,1100,1100,1100,0
2022-04-21 14:22:00,1100,1100,1100,1100,1400
2022-04-21 14:23:00,1100,1100,1100,1100,300
2022-04-21 14:24:00,1100,1100,1100,1100,0
2022-04-21 14:25:00,1100,1100,1100,1100,0
2022-04-21 14:26:00,1100,1100,1100,1100,0
2022-04-21 14:27:00,1100,1100,1100,1100,9100
2022-04-21 14:28:00,1100,1100,1100,1100,0
2022-04-21 14:29:00,1100,1100,1100,1100,100
2022-04-21 14:30:00,1100,1100,1100,1100,0
2022-04-21 14:31:00,1100,1100,1100,1100,100
2022-04-21 14:32:00,1100,1100,1100,1100,0
2022-04-21 14:33:00,1100,1100,1100,1100,1700
2022-04-21 14:34:00,1100,1100,1100,1100,100
2022-04-21 14:35:00,1100,1100,1100,1100,80000
2022-04-21 14:36:00,1100,1100,1100,1100,279100
2022-04-21 14:37:00,1100,1100,1100,1100,600
2022-04-21 14:38:00,1100,1100,1100,1100,250500
2022-04-21 14:39:00,1100,1100,1100,1100,171700
2022-04-21 14:40:00,1100,1100,1105,1100,7400
2022-04-21 14:41:00,1100,1100,1100,1100,21500
2022-04-21 14:42:00,1100,1100,1100,1100,25000
2022-04-21 14:43:00,1100,1100,1100,1100,500
2022-04-21 14:44:00,1100,1100,1100,1100,2000
2022-04-21 14:45:00,1100,1100,1100,1100,2600
2022-04-21 14:46:00,1100,1100,1100,1100,1600
2022-04-21 14:47:00,1100,1100,1100,1100,4100
2022-04-21 14:48:00,1100,1100,1100,1100,2500
2022-04-21 14:49:00,1100,1100,1100,1100,3000
2022-04-21 14:50:00,1100,1100,1100,1100,0
2022-04-21 14:51:00,1100,1100,1100,1100,0
2022-04-21 14:52:00,1100,1100,1100,1100,0
2022-04-21 14:53:00,1100,1100,1100,1100,0
2022-04-21 14:54:00,1100,1100,1100,1100,0
2022-04-21 14:55:00,1100,1100,1100,1100,0
2022-04-21 14:56:00,1100,1100,1100,1100,0
2022-04-21 14:57:00,1100,1100,1100,1100,0
2022-04-21 14:58:00,1100,1100,1100,1100,0
2022-04-21 14:59:00,1100,1100,1100,1100,0
2022-04-21 15:00:00,1100,1100,1100,1100,407700
2022-04-21 15:01:00,1100,1100,1100,1100,25000
2022-04-21 15:02:00,1100,1100,1100,1100,3000
2022-04-21 15:03:00,1100,1100,1100,1100,17700
2022-04-21 15:04:00,1100,1100,1100,1100,27000
2022-04-21 15:05:00,1100,1100,1100,1100,0
2022-04-21 15:06:00,1100,1100,1100,1100,500
2022-04-21 15:07:00,1100,1100,1100,1100,0
2022-04-21 15:08:00,1100,1100,1100,1100,0
2022-04-21 15:09:00,1100,1100,1100,1100,0
2022-04-21 15:10:00,1100,1100,1100,1100,0
2022-04-21 15:11:00,1100,1100,1100,1100,0
2022-04-21 15:12:00,1100,1100,1100,1100,31200
2022-04-21 15:13:00,1100,1100,1100,1100,1000
2022-04-21 15:14:00,1100,1100,1100,1100,100
2022-04-21 15:15:00,1100,1100,1100,1100,0
2022-04-21 15:16:00,1100,1100,1100,1100,0
2022-04-21 15:17:00,1100,1100,1100,1100,0
2022-04-21 15:18:00,1100,1100,1100,1100,0
2022-04-21 15:19:00,1100,1100,1100,1100,0
2022-04-21 15:20:00,1100,1100,1100,1100,0
2022-04-21 15:21:00,1100,1100,1100,1100,0
2022-04-21 15:22:00,1100,1100,1100,1100,0
2022-04-21 15:23:00,1100,1100,1100,1100,0
2022-04-21 15:24:00,1100,1100,1100,1100,0
2022-04-21 15:25:00,1100,1100,1100,1100,0
2022-04-21 15:26:00,1100,1100,1100,1100,0
2022-04-21 15:27:00,1100,1100,1100,1100,0
2022-04-21 15:28:00,1100,1100,1100,1100,0
2022-04-21 15:29:00,1100,1100,1100,1100,0
2022-04-21 15:30:00,1100,1100,1100,1100,0
2022-04-21 15:31:00,1100,1100,1100,1100,0
2022-04-21 15:32:00,1100,1100,1100,1100,0
2022-04-21 15:33:00,1100,1100,1100,1100,0
2022-04-21 15:34:00,1100,1100,1100,1100,0
2022-04-21 15:35:00,1100,1100,1100,1100,0
2022-04-21 15:36:00,1100,1100,1100,1100,0
2022-04-21 15:37:00,1100,1100,1100,1100,0
2022-04-21 15:38:00,1100,1100,1100,1100,0
2022-04-21 15:39:00,1100,1100,1100,1100,0
2022-04-21 15:40:00,1100,1100,1100,1100,0
2022-04-21 15:41:00,1100,1100,1100,1100,0
2022-04-21 15:42:00,1100,1100,1100,1100,0
2022-04-21 15:43:00,1100,1100,1100,1100,0
2022-04-21 15:44:00,1100,1100,1100,1100,0
2022-04-21 15:45:00,1100,1100,1100,1100,0
2022-04-21 15:46:00,1100,1100,1100,1100,0
2022-04-21 15:47:00,1100,1100,1100,1100,0
2022-04-21 15:48:00,1100,1100,1100,1100,0
2022-04-21 15:49:00,1100,1100,1100,1100,0
2022-04-21 15:50:00,1100,1100,1100,1100,0
2022-04-21 15:51:00,1100,1100,1100,1100,0
2022-04-21 15:52:00,1100,1100,1100,1100,0
2022-04-21 15:53:00,1100,1100,1100,1100,0
2022-04-21 15:54:00,1100,1100,1100,1100,0
2022-04-21 15:55:00,1100,1100,1100,1100,0
2022-04-21 15:56:00,1100,1100,1100,1100,0
2022-04-21 15:57:00,1100,1100,1100,1100,0
2022-04-21 15:58:00,1100,1100,1100,1100,0
2022-04-21 15:59:00,1100,1100,1100,1100,0
2022-04-22 09:00:00,1090,1080,1095,1080,0
2022-04-22 09:01:00,1075,1070,1080,1070,53300
2022-04-22 09:02:00,1070,1065,1075,1065,48100
2022-04-22 09:03:00,1065,1050,1065,1050,185400
2022-04-22 09:04:00,1055,1050,1065,1060,99600
2022-04-22 09:05:00,1065,1065,1075,1075,44400
2022-04-22 09:06:00,1075,1065,1075,1065,56000
2022-04-22 09:07:00,1070,1065,1070,1070,46100
2022-04-22 09:08:00,1070,1055,1070,1060,83700
2022-04-22 09:09:00,1060,1055,1060,1055,51800
2022-04-22 09:10:00,1055,1055,1060,1060,45900
2022-04-22 09:11:00,1055,1050,1055,1050,12100
2022-04-22 09:12:00,1050,1050,1055,1050,18800
2022-04-22 09:13:00,1050,1050,1055,1055,13200
2022-04-22 09:14:00,1050,1050,1055,1050,63000
2022-04-22 09:15:00,1050,1050,1050,1050,41600
2022-04-22 09:16:00,1050,1045,1050,1045,81200
2022-04-22 09:17:00,1045,1045,1050,1045,109500
2022-04-22 09:18:00,1045,1040,1045,1045,21700
2022-04-22 09:19:00,1040,1040,1055,1055,69200
2022-04-22 09:20:00,1055,1050,1055,1050,5200
2022-04-22 09:21:00,1050,1050,1055,1055,70200
2022-04-22 09:22:00,1055,1055,1060,1060,13200
2022-04-22 09:23:00,1060,1060,1070,1070,358400
2022-04-22 09:24:00,1065,1065,1065,1065,41900
2022-04-22 09:25:00,1065,1060,1065,1060,54600
2022-04-22 09:26:00,1060,1060,1060,1060,10000
2022-04-22 09:27:00,1060,1055,1060,1060,34600
2022-04-22 09:28:00,1060,1060,1060,1060,200
2022-04-22 09:29:00,1060,1060,1060,1060,0
2022-04-22 09:30:00,1055,1055,1055,1055,1400
2022-04-22 09:31:00,1055,1055,1055,1055,200
2022-04-22 09:32:00,1060,1055,1060,1055,2900
2022-04-22 09:33:00,1060,1060,1060,1060,2100
2022-04-22 09:34:00,1060,1060,1060,1060,1000
2022-04-22 09:35:00,1060,1055,1060,1055,1200
2022-04-22 09:36:00,1055,1055,1060,1055,65800
2022-04-22 09:37:00,1055,1055,1055,1055,7700
2022-04-22 09:38:00,1055,1055,1055,1055,0
2022-04-22 09:39:00,1055,1055,1055,1055,0
2022-04-22 09:40:00,1055,1055,1055,1055,0
2022-04-22 09:41:00,1055,1055,1055,1055,2000
2022-04-22 09:42:00,1055,1055,1055,1055,3400
2022-04-22 09:43:00,1055,1055,1055,1055,100
2022-04-22 09:44:00,1055,1055,1055,1055,8100
2022-04-22 09:45:00,1060,1060,1060,1060,14600
2022-04-22 09:46:00,1060,1055,1060,1060,3600
2022-04-22 09:47:00,1060,1060,1060,1060,200
2022-04-22 09:48:00,1055,1055,1055,1055,500
2022-04-22 09:49:00,1060,1055,1060,1060,3100
2022-04-22 09:50:00,1060,1060,1065,1065,19000
2022-04-22 09:51:00,1060,1060,1065,1065,0
2022-04-22 09:52:00,1065,1065,1065,1065,500
2022-04-22 09:53:00,1060,1060,1060,1060,100
2022-04-22 09:54:00,1060,1060,1060,1060,2000
2022-04-22 09:55:00,1060,1060,1060,1060,19400
2022-04-22 09:56:00,1060,1060,1060,1060,12700
2022-04-22 09:57:00,1055,1055,1060,1060,25000
2022-04-22 09:58:00,1055,1055,1060,1060,0
2022-04-22 09:59:00,1060,1060,1060,1060,200
2022-04-22 10:00:00,1055,1055,1060,1060,1600
2022-04-22 10:01:00,1060,1060,1060,1060,1000
2022-04-22 10:02:00,1055,1055,1055,1055,100
2022-04-22 10:03:00,1055,1055,1055,1055,0
2022-04-22 10:04:00,1055,1055,1055,1055,1000
2022-04-22 10:05:00,1060,1060,1060,1060,900
2022-04-22 10:06:00,1060,1060,1060,1060,2500
2022-04-22 10:07:00,1060,1060,1060,1060,0
2022-04-22 10:08:00,1060,1060,1060,1060,1500
2022-04-22 10:09:00,1055,1055,1055,1055,2000
2022-04-22 10:10:00,1060,1060,1060,1060,10000
2022-04-22 10:11:00,1055,1055,1060,1055,17600
2022-04-22 10:12:00,1055,1055,1060,1055,0
2022-04-22 10:13:00,1055,1055,1055,1055,168200
2022-04-22 10:14:00,1055,1055,1055,1055,100
2022-04-22 10:15:00,1050,1045,1050,1045,222700
2022-04-22 10:16:00,1045,1045,1045,1045,77500
2022-04-22 10:17:00,1045,1045,1050,1050,1200
2022-04-22 10:18:00,1045,1045,1050,1050,600
2022-04-22 10:19:00,1050,1050,1050,1050,8100
2022-04-22 10:20:00,1050,1050,1050,1050,400
2022-04-22 10:21:00,1050,1045,1050,1045,500
2022-04-22 10:22:00,1050,1045,1050,1045,0
2022-04-22 10:23:00,1045,1045,1045,1045,1000
2022-04-22 10:24:00,1045,1045,1045,1045,500
2022-04-22 10:25:00,1045,1045,1045,1045,500
2022-04-22 10:26:00,1045,1045,1045,1045,2300
2022-04-22 10:27:00,1045,1045,1045,1045,2700
2022-04-22 10:28:00,1045,1045,1045,1045,900
2022-04-22 10:29:00,1045,1045,1050,1050,1400
2022-04-22 10:30:00,1045,1045,1050,1050,2700
2022-04-22 10:31:00,1050,1045,1050,1050,2900
2022-04-22 10:32:00,1050,1050,1050,1050,100
2022-04-22 10:33:00,1050,1050,1050,1050,0
2022-04-22 10:34:00,1050,1050,1050,1050,0
2022-04-22 10:35:00,1045,1045,1045,1045,84400
2022-04-22 10:36:00,1045,1040,1045,1040,10100
2022-04-22 10:37:00,1040,1040,1040,1040,14000
2022-04-22 10:38:00,1040,1040,1040,1040,17000
2022-04-22 10:39:00,1040,1040,1040,1040,9500
2022-04-22 10:40:00,1040,1040,1040,1040,500
2022-04-22 10:41:00,1040,1040,1040,1040,7800
2022-04-22 10:42:00,1040,1040,1040,1040,25100
2022-04-22 10:43:00,1040,1035,1040,1035,96800
2022-04-22 10:44:00,1040,1030,1040,1030,141200
2022-04-22 10:45:00,1030,1030,1035,1030,59500
2022-04-22 10:46:00,1030,1025,1030,1030,181300
2022-04-22 10:47:00,1030,1025,1030,1030,371800
2022-04-22 10:48:00,1035,1035,1050,1045,113000
2022-04-22 10:49:00,1050,1045,1050,1045,8500
2022-04-22 10:50:00,1050,1045,1050,1045,0
2022-04-22 10:51:00,1050,1050,1050,1050,10000
2022-04-22 10:52:00,1050,1050,1050,1050,26600
2022-04-22 10:53:00,1050,1050,1050,1050,14000
2022-04-22 10:54:00,1045,1045,1045,1045,5500
2022-04-22 10:55:00,1040,1040,1040,1040,9000
2022-04-22 10:56:00,1040,1040,1040,1040,1500
2022-04-22 10:57:00,1040,1040,1040,1040,0
2022-04-22 10:58:00,1040,1040,1040,1040,0
2022-04-22 10:59:00,1035,1035,1035,1035,1000
2022-04-22 11:00:00,1035,1035,1035,1035,5500
2022-04-22 11:01:00,1035,1035,1035,1035,7500
2022-04-22 11:02:00,1035,1035,1040,1040,2800
2022-04-22 11:03:00,1040,1040,1040,1040,7300
2022-04-22 11:04:00,1040,1040,1050,1050,12400
2022-04-22 11:05:00,1040,1040,1050,1050,0
2022-04-22 11:06:00,1050,1050,1050,1050,500
2022-04-22 11:07:00,1050,1050,1050,1050,0
2022-04-22 11:08:00,1050,1050,1050,1050,0
2022-04-22 11:09:00,1050,1050,1050,1050,0
2022-04-22 11:10:00,1050,1050,1050,1050,0
2022-04-22 11:11:00,1050,1050,1050,1050,0
2022-04-22 11:12:00,1040,1040,1040,1040,1600
2022-04-22 11:13:00,1040,1040,1040,1040,0
2022-04-22 11:14:00,1040,1040,1040,1040,0
2022-04-22 11:15:00,1050,1050,1050,1050,800
2022-04-22 11:16:00,1055,1055,1055,1055,28000
2022-04-22 11:17:00,1055,1055,1055,1055,0
2022-04-22 11:18:00,1050,1050,1050,1050,2600
2022-04-22 11:19:00,1050,1050,1050,1050,1500
2022-04-22 11:20:00,1050,1050,1050,1050,2000
2022-04-22 11:21:00,1040,1040,1040,1040,100
2022-04-22 11:22:00,1040,1040,1040,1040,100
2022-04-22 11:23:00,1040,1040,1040,1040,0
2022-04-22 11:24:00,1050,1050,1050,1050,100
2022-04-22 11:25:00,1050,1050,1050,1050,0
2022-04-22 11:26:00,1050,1040,1050,1040,2800
2022-04-22 11:27:00,1050,1050,1050,1050,200
2022-04-22 11:28:00,1040,1040,1040,1040,1200
2022-04-22 11:29:00,1040,1040,1040,1040,3000
2022-04-22 11:30:00,1040,1040,1040,1040,0
2022-04-22 11:31:00,1040,1040,1040,1040,0
2022-04-22 11:32:00,1040,1040,1040,1040,0
2022-04-22 11:33:00,1040,1040,1040,1040,0
2022-04-22 11:34:00,1040,1040,1040,1040,0
2022-04-22 11:35:00,1040,1040,1040,1040,0
2022-04-22 11:36:00,1040,1040,1040,1040,0
2022-04-22 11:37:00,1040,1040,1040,1040,0
2022-04-22 11:38:00,1040,1040,1040,1040,0
2022-04-22 11:39:00,1040,1040,1040,1040,0
2022-04-22 11:40:00,1040,1040,1040,1040,0
2022-04-22 11:41:00,1040,1040,1040,1040,0
2022-04-22 11:42:00,1040,1040,1040,1040,0
2022-04-22 11:43:00,1040,1040,1040,1040,0
2022-04-22 11:44:00,1040,1040,1040,1040,0
2022-04-22 11:45:00,1040,1040,1040,1040,0
2022-04-22 11:46:00,1040,1040,1040,1040,0
2022-04-22 11:47:00,1040,1040,1040,1040,0
2022-04-22 11:48:00,1040,1040,1040,1040,0
2022-04-22 11:49:00,1040,1040,1040,1040,0
2022-04-22 11:50:00,1040,1040,1040,1040,0
2022-04-22 11:51:00,1040,1040,1040,1040,0
2022-04-22 11:52:00,1040,1040,1040,1040,0
2022-04-22 11:53:00,1040,1040,1040,1040,0
2022-04-22 11:54:00,1040,1040,1040,1040,0
2022-04-22 11:55:00,1040,1040,1040,1040,0
2022-04-22 11:56:00,1040,1040,1040,1040,0
2022-04-22 11:57:00,1040,1040,1040,1040,0
2022-04-22 11:58:00,1040,1040,1040,1040,0
2022-04-22 11:59:00,1040,1040,1040,1040,0
2022-04-22 12:00:00,1040,1040,1040,1040,0
2022-04-22 12:01:00,1040,1040,1040,1040,0
2022-04-22 12:02:00,1040,1040,1040,1040,0
2022-04-22 12:03:00,1040,1040,1040,1040,0
2022-04-22 12:04:00,1040,1040,1040,1040,0
2022-04-22 12:05:00,1040,1040,1040,1040,0
2022-04-22 12:06:00,1040,1040,1040,1040,0
2022-04-22 12:07:00,1040,1040,1040,1040,0
2022-04-22 12:08:00,1040,1040,1040,1040,0
2022-04-22 12:09:00,1040,1040,1040,1040,0
2022-04-22 12:10:00,1040,1040,1040,1040,0
2022-04-22 12:11:00,1040,1040,1040,1040,0
2022-04-22 12:12:00,1040,1040,1040,1040,0
2022-04-22 12:13:00,1040,1040,1040,1040,0
2022-04-22 12:14:00,1040,1040,1040,1040,0
2022-04-22 12:15:00,1040,1040,1040,1040,0
2022-04-22 12:16:00,1040,1040,1040,1040,0
2022-04-22 12:17:00,1040,1040,1040,1040,0
2022-04-22 12:18:00,1040,1040,1040,1040,0
2022-04-22 12:19:00,1040,1040,1040,1040,0
2022-04-22 12:20:00,1040,1040,1040,1040,0
2022-04-22 12:21:00,1040,1040,1040,1040,0
2022-04-22 12:22:00,1040,1040,1040,1040,0
2022-04-22 12:23:00,1040,1040,1040,1040,0
2022-04-22 12:24:00,1040,1040,1040,1040,0
2022-04-22 12:25:00,1040,1040,1040,1040,0
2022-04-22 12:26:00,1040,1040,1040,1040,0
2022-04-22 12:27:00,1040,1040,1040,1040,0
2022-04-22 12:28:00,1040,1040,1040,1040,0
2022-04-22 12:29:00,1040,1040,1040,1040,0
2022-04-22 12:30:00,1040,1040,1040,1040,0
2022-04-22 12:31:00,1040,1040,1040,1040,0
2022-04-22 12:32:00,1040,1040,1040,1040,0
2022-04-22 12:33:00,1040,1040,1040,1040,0
2022-04-22 12:34:00,1040,1040,1040,1040,0
2022-04-22 12:35:00,1040,1040,1040,1040,0
2022-04-22 12:36:00,1040,1040,1040,1040,0
2022-04-22 12:37:00,1040,1040,1040,1040,0
2022-04-22 12:38:00,1040,1040,1040,1040,0
2022-04-22 12:39:00,1040,1040,1040,1040,0
2022-04-22 12:40:00,1040,1040,1040,1040,0
2022-04-22 12:41:00,1040,1040,1040,1040,0
2022-04-22 12:42:00,1040,1040,1040,1040,0
2022-04-22 12:43:00,1040,1040,1040,1040,0
2022-04-22 12:44:00,1040,1040,1040,1040,0
2022-04-22 12:45:00,1040,1040,1040,1040,0
2022-04-22 12:46:00,1040,1040,1040,1040,0
2022-04-22 12:47:00,1040,1040,1040,1040,0
2022-04-22 12:48:00,1040,1040,1040,1040,0
2022-04-22 12:49:00,1040,1040,1040,1040,0
2022-04-22 12:50:00,1040,1040,1040,1040,0
2022-04-22 12:51:00,1040,1040,1040,1040,0
2022-04-22 12:52:00,1040,1040,1040,1040,0
2022-04-22 12:53:00,1040,1040,1040,1040,0
2022-04-22 12:54:00,1040,1040,1040,1040,0
2022-04-22 12:55:00,1040,1040,1040,1040,0
2022-04-22 12:56:00,1040,1040,1040,1040,0
2022-04-22 12:57:00,1040,1040,1040,1040,0
2022-04-22 12:58:00,1040,1040,1040,1040,0
2022-04-22 12:59:00,1040,1040,1040,1040,0
2022-04-22 13:00:00,1040,1040,1040,1040,0
2022-04-22 13:01:00,1040,1040,1040,1040,0
2022-04-22 13:02:00,1040,1040,1040,1040,0
2022-04-22 13:03:00,1040,1040,1040,1040,0
2022-04-22 13:04:00,1040,1040,1040,1040,0
2022-04-22 13:05:00,1040,1040,1040,1040,0
2022-04-22 13:06:00,1040,1040,1040,1040,0
2022-04-22 13:07:00,1040,1040,1040,1040,0
2022-04-22 13:08:00,1040,1040,1040,1040,0
2022-04-22 13:09:00,1040,1040,1040,1040,0
2022-04-22 13:10:00,1040,1040,1040,1040,0
2022-04-22 13:11:00,1040,1040,1040,1040,0
2022-04-22 13:12:00,1040,1040,1040,1040,0
2022-04-22 13:13:00,1040,1040,1040,1040,0
2022-04-22 13:14:00,1040,1040,1040,1040,0
2022-04-22 13:15:00,1040,1040,1040,1040,0
2022-04-22 13:16:00,1040,1040,1040,1040,0
2022-04-22 13:17:00,1040,1040,1040,1040,0
2022-04-22 13:18:00,1040,1040,1040,1040,0
2022-04-22 13:19:00,1040,1040,1040,1040,0
2022-04-22 13:20:00,1040,1040,1040,1040,0
2022-04-22 13:21:00,1040,1040,1040,1040,0
2022-04-22 13:22:00,1040,1040,1040,1040,0
2022-04-22 13:23:00,1040,1040,1040,1040,0
2022-04-22 13:24:00,1040,1040,1040,1040,0
2022-04-22 13:25:00,1040,1040,1040,1040,0
2022-04-22 13:26:00,1040,1040,1040,1040,0
2022-04-22 13:27:00,1040,1040,1040,1040,0
2022-04-22 13:28:00,1040,1040,1040,1040,0
2022-04-22 13:29:00,1040,1040,1040,1040,0
2022-04-22 13:30:00,1040,1035,1040,1040,17000
2022-04-22 13:31:00,1040,1035,1040,1040,0
2022-04-22 13:32:00,1040,1035,1040,1040,0
2022-04-22 13:33:00,1045,1045,1045,1045,400
2022-04-22 13:34:00,1045,1045,1045,1045,0
2022-04-22 13:35:00,1045,1045,1045,1045,100
2022-04-22 13:36:00,1045,1045,1045,1045,0
2022-04-22 13:37:00,1045,1040,1045,1040,7100
2022-04-22 13:38:00,1040,1040,1040,1040,5000
2022-04-22 13:39:00,1040,1040,1040,1040,0
2022-04-22 13:40:00,1040,1040,1040,1040,3200
2022-04-22 13:41:00,1035,1035,1035,1035,1000
2022-04-22 13:42:00,1035,1035,1035,1035,4100
2022-04-22 13:43:00,1035,1035,1035,1035,400
2022-04-22 13:44:00,1040,1040,1040,1040,1000
2022-04-22 13:45:00,1035,1035,1035,1035,600
2022-04-22 13:46:00,1040,1040,1040,1040,1000
2022-04-22 13:47:00,1040,1040,1040,1040,0
2022-04-22 13:48:00,1040,1035,1040,1035,4500
2022-04-22 13:49:00,1035,1035,1040,1040,41200
2022-04-22 13:50:00,1045,1045,1050,1050,38600
2022-04-22 13:51:00,1050,1030,1055,1030,888200
2022-04-22 13:52:00,1030,1030,1030,1030,9500
2022-04-22 13:53:00,1030,1030,1030,1030,3800
2022-04-22 13:54:00,1025,1025,1030,1025,28100
2022-04-22 13:55:00,1025,1025,1030,1030,27100
2022-04-22 13:56:00,1030,1030,1030,1030,8300
2022-04-22 13:57:00,1025,1025,1025,1025,3800
2022-04-22 13:58:00,1025,1025,1025,1025,44500
2022-04-22 13:59:00,1025,1025,1025,1025,25600
2022-04-22 14:00:00,1025,1025,1025,1025,6700
2022-04-22 14:01:00,1025,1025,1030,1030,9200
2022-04-22 14:02:00,1025,1025,1030,1030,0
2022-04-22 14:03:00,1025,1025,1030,1030,59400
2022-04-22 14:04:00,1025,1025,1025,1025,1000
2022-04-22 14:05:00,1030,1030,1030,1030,100
2022-04-22 14:06:00,1025,1025,1030,1030,12000
2022-04-22 14:07:00,1030,1025,1030,1025,5800
2022-04-22 14:08:00,1030,1030,1030,1030,10000
2022-04-22 14:09:00,1025,1025,1030,1030,113600
2022-04-22 14:10:00,1025,1025,1025,1025,6300
2022-04-22 14:11:00,1025,1025,1030,1025,15000
2022-04-22 14:12:00,1025,1025,1025,1025,11500
2022-04-22 14:13:00,1025,1025,1025,1025,25600
2022-04-22 14:14:00,1025,1025,1025,1025,262700
2022-04-22 14:15:00,1025,1025,1025,1025,1200
2022-04-22 14:16:00,1025,1025,1025,1025,37500
2022-04-22 14:17:00,1025,1025,1025,1025,113900
2022-04-22 14:18:00,1025,1025,1025,1025,26000
2022-04-22 14:19:00,1025,1025,1030,1030,12600
2022-04-22 14:20:00,1025,1025,1030,1030,16900
2022-04-22 14:21:00,1025,1025,1030,1030,0
2022-04-22 14:22:00,1030,1030,1030,1030,2500
2022-04-22 14:23:00,1030,1030,1030,1030,4000
2022-04-22 14:24:00,1030,1030,1030,1030,0
2022-04-22 14:25:00,1030,1030,1030,1030,0
2022-04-22 14:26:00,1030,1025,1030,1025,700
2022-04-22 14:27:00,1030,1025,1030,1025,0
2022-04-22 14:28:00,1030,1025,1030,1025,0
2022-04-22 14:29:00,1025,1025,1025,1025,51900
2022-04-22 14:30:00,1025,1025,1025,1025,1000
2022-04-22 14:31:00,1025,1025,1025,1025,300
2022-04-22 14:32:00,1025,1025,1025,1025,500
2022-04-22 14:33:00,1025,1025,1025,1025,300
2022-04-22 14:34:00,1025,1025,1025,1025,100
2022-04-22 14:35:00,1025,1025,1025,1025,300
2022-04-22 14:36:00,1025,1025,1025,1025,0
2022-04-22 14:37:00,1025,1025,1025,1025,500
2022-04-22 14:38:00,1025,1025,1025,1025,1000
2022-04-22 14:39:00,1025,1025,1025,1025,0
2022-04-22 14:40:00,1025,1025,1025,1025,0
2022-04-22 14:41:00,1025,1025,1025,1025,0
2022-04-22 14:42:00,1025,1025,1025,1025,600
2022-04-22 14:43:00,1025,1025,1025,1025,1300
2022-04-22 14:44:00,1025,1025,1025,1025,500
2022-04-22 14:45:00,1025,1025,1025,1025,0
2022-04-22 14:46:00,1025,1025,1025,1025,100
2022-04-22 14:47:00,1025,1025,1025,1025,0
2022-04-22 14:48:00,1025,1025,1025,1025,400
2022-04-22 14:49:00,1025,1025,1025,1025,0
2022-04-22 14:50:00,1025,1025,1025,1025,0
2022-04-22 14:51:00,1025,1025,1025,1025,0
2022-04-22 14:52:00,1025,1025,1025,1025,0
2022-04-22 14:53:00,1025,1025,1025,1025,0
2022-04-22 14:54:00,1025,1025,1025,1025,0
2022-04-22 14:55:00,1025,1025,1025,1025,0
2022-04-22 14:56:00,1025,1025,1025,1025,0
2022-04-22 14:57:00,1025,1025,1025,1025,0
2022-04-22 14:58:00,1025,1025,1025,1025,0
2022-04-22 14:59:00,1025,1025,1025,1025,0
2022-04-22 15:00:00,1025,1025,1025,1025,36900
2022-04-22 15:01:00,1025,1025,1025,1025,2200
2022-04-22 15:02:00,1025,1025,1025,1025,0
2022-04-22 15:03:00,1025,1025,1025,1025,0
2022-04-22 15:04:00,1025,1025,1025,1025,0
2022-04-22 15:05:00,1025,1025,1025,1025,200
2022-04-22 15:06:00,1025,1025,1025,1025,0
2022-04-22 15:07:00,1025,1025,1025,1025,0
2022-04-22 15:08:00,1025,1025,1025,1025,0
2022-04-22 15:09:00,1025,1025,1025,1025,6500
2022-04-22 15:10:00,1025,1025,1025,1025,0
2022-04-22 15:11:00,1025,1025,1025,1025,200
2022-04-22 15:12:00,1025,1025,1025,1025,0
2022-04-22 15:13:00,1025,1025,1025,1025,0
2022-04-22 15:14:00,1025,1025,1025,1025,500
2022-04-22 15:15:00,1025,1025,1025,1025,0
2022-04-22 15:16:00,1025,1025,1025,1025,0
2022-04-22 15:17:00,1025,1025,1025,1025,0
2022-04-22 15:18:00,1025,1025,1025,1025,0
2022-04-22 15:19:00,1025,1025,1025,1025,0
2022-04-22 15:20:00,1025,1025,1025,1025,0
2022-04-22 15:21:00,1025,1025,1025,1025,0
2022-04-22 15:22:00,1025,1025,1025,1025,0
2022-04-22 15:23:00,1025,1025,1025,1025,0
2022-04-22 15:24:00,1025,1025,1025,1025,0
2022-04-22 15:25:00,1025,1025,1025,1025,0
2022-04-22 15:26:00,1025,1025,1025,1025,0
2022-04-22 15:27:00,1025,1025,1025,1025,0
2022-04-22 15:28:00,1025,1025,1025,1025,0
2022-04-22 15:29:00,1025,1025,1025,1025,0
2022-04-22 15:30:00,1025,1025,1025,1025,0
2022-04-22 15:31:00,1025,1025,1025,1025,0
2022-04-22 15:32:00,1025,1025,1025,1025,0
2022-04-22 15:33:00,1025,1025,1025,1025,0
2022-04-22 15:34:00,1025,1025,1025,1025,0
2022-04-22 15:35:00,1025,1025,1025,1025,0
2022-04-22 15:36:00,1025,1025,1025,1025,0
2022-04-22 15:37:00,1025,1025,1025,1025,0
2022-04-22 15:38:00,1025,1025,1025,1025,0
2022-04-22 15:39:00,1025,1025,1025,1025,0
2022-04-22 15:40:00,1025,1025,1025,1025,0
2022-04-22 15:41:00,1025,1025,1025,1025,0
2022-04-22 15:42:00,1025,1025,1025,1025,0
2022-04-22 15:43:00,1025,1025,1025,1025,0
2022-04-22 15:44:00,1025,1025,1025,1025,0
2022-04-22 15:45:00,1025,1025,1025,1025,0
2022-04-22 15:46:00,1025,1025,1025,1025,0
2022-04-22 15:47:00,1025,1025,1025,1025,0
2022-04-22 15:48:00,1025,1025,1025,1025,0
2022-04-22 15:49:00,1025,1025,1025,1025,0
2022-04-22 15:50:00,1025,1025,1025,1025,0
2022-04-22 15:51:00,1025,1025,1025,1025,0
2022-04-22 15:52:00,1025,1025,1025,1025,0
2022-04-22 15:53:00,1025,1025,1025,1025,0
2022-04-22 15:54:00,1025,1025,1025,1025,0
2022-04-22 15:55:00,1025,1025,1025,1025,0
2022-04-22 15:56:00,1025,1025,1025,1025,0
2022-04-22 15:57:00,1025,1025,1025,1025,0
2022-04-22 15:58:00,1025,1025,1025,1025,0
2022-04-22 15:59:00,1025,1025,1025,1025,0
2022-04-25 09:00:00,1025,1015,1030,1025,0
2022-04-25 09:01:00,1025,1015,1025,1020,12600
2022-04-25 09:02:00,1015,1010,1015,1010,59600
2022-04-25 09:03:00,1010,1005,1020,1010,652800
2022-04-25 09:04:00,1010,1010,1015,1015,22900
2022-04-25 09:05:00,1010,1005,1015,1010,454200
2022-04-25 09:06:00,1005,1005,1015,1010,244800
2022-04-25 09:07:00,1010,1010,1010,1010,9100
2022-04-25 09:08:00,1010,1010,1010,1010,0
2022-04-25 09:09:00,1010,1010,1015,1015,25100
2022-04-25 09:10:00,1015,1010,1015,1010,38600
2022-04-25 09:11:00,1010,1010,1015,1015,5600
2022-04-25 09:12:00,1020,1015,1020,1015,12100
2022-04-25 09:13:00,1015,1015,1015,1015,50500
2022-04-25 09:14:00,1015,1010,1020,1020,28800
2022-04-25 09:15:00,1015,1015,1015,1015,2000
2022-04-25 09:16:00,1015,1015,1020,1020,15600
2022-04-25 09:17:00,1020,1015,1020,1015,30800
2022-04-25 09:18:00,1015,1015,1020,1020,3000
2022-04-25 09:19:00,1015,1015,1020,1020,6500
2022-04-25 09:20:00,1020,1020,1020,1020,700
2022-04-25 09:21:00,1020,1020,1020,1020,5400
2022-04-25 09:22:00,1020,1020,1020,1020,1000
2022-04-25 09:23:00,1020,1020,1020,1020,1800
2022-04-25 09:24:00,1020,1020,1020,1020,600
2022-04-25 09:25:00,1020,1020,1020,1020,1200
2022-04-25 09:26:00,1020,1020,1020,1020,15000
2022-04-25 09:27:00,1020,1020,1020,1020,100
2022-04-25 09:28:00,1020,1020,1020,1020,4500
2022-04-25 09:29:00,1020,1020,1020,1020,900
2022-04-25 09:30:00,1020,1020,1020,1020,0
2022-04-25 09:31:00,1020,1020,1020,1020,1100
2022-04-25 09:32:00,1015,1015,1015,1015,92900
2022-04-25 09:33:00,1010,1010,1010,1010,42000
2022-04-25 09:34:00,1010,1010,1010,1010,74900
2022-04-25 09:35:00,1005,1005,1010,1010,15700
2022-04-25 09:36:00,1010,1005,1010,1005,57000
2022-04-25 09:37:00,1010,1005,1010,1005,0
2022-04-25 09:38:00,1010,1010,1010,1010,50600
2022-04-25 09:39:00,1010,1010,1010,1010,2700
2022-04-25 09:40:00,1010,1010,1010,1010,1000
2022-04-25 09:41:00,1010,1010,1010,1010,5000
2022-04-25 09:42:00,1010,1010,1010,1010,16700
2022-04-25 09:43:00,1010,1005,1010,1005,12100
2022-04-25 09:44:00,1005,1005,1010,1005,10000
2022-04-25 09:45:00,1010,1010,1010,1010,4000
2022-04-25 09:46:00,1010,1010,1010,1010,0
2022-04-25 09:47:00,1015,1015,1015,1015,41000
2022-04-25 09:48:00,1015,1015,1015,1015,0
2022-04-25 09:49:00,1010,1010,1015,1015,2100
2022-04-25 09:50:00,1015,1010,1015,1010,200
2022-04-25 09:51:00,1015,1015,1015,1015,300
2022-04-25 09:52:00,1010,1010,1010,1010,1700
2022-04-25 09:53:00,1010,1010,1010,1010,0
2022-04-25 09:54:00,1010,1010,1010,1010,0
2022-04-25 09:55:00,1015,1010,1015,1010,800
2022-04-25 09:56:00,1010,1010,1010,1010,900
2022-04-25 09:57:00,1010,1010,1010,1010,0
2022-04-25 09:58:00,1010,1010,1010,1010,0
2022-04-25 09:59:00,1010,1010,1010,1010,0
2022-04-25 10:00:00,1010,1010,1010,1010,45900
2022-04-25 10:01:00,1010,1010,1010,1010,4000
2022-04-25 10:02:00,1010,1005,1010,1010,309400
2022-04-25 10:03:00,1010,1005,1010,1010,0
2022-04-25 10:04:00,1010,1005,1010,1010,0
2022-04-25 10:05:00,1010,1005,1010,1010,0
2022-04-25 10:06:00,1010,1010,1010,1010,1300
2022-04-25 10:07:00,1010,1010,1010,1010,2000
2022-04-25 10:08:00,1010,1010,1010,1010,300
2022-04-25 10:09:00,1015,1015,1015,1015,100
2022-04-25 10:10:00,1015,1015,1015,1015,500
2022-04-25 10:11:00,1015,1015,1015,1015,0
2022-04-25 10:12:00,1015,1015,1015,1015,0
2022-04-25 10:13:00,1015,1015,1015,1015,0
2022-04-25 10:14:00,1015,1015,1015,1015,0
2022-04-25 10:15:00,1015,1015,1015,1015,7500
2022-04-25 10:16:00,1015,1015,1015,1015,5000
2022-04-25 10:17:00,1015,1015,1015,1015,0
2022-04-25 10:18:00,1015,1015,1015,1015,3800
2022-04-25 10:19:00,1015,1015,1015,1015,0
2022-04-25 10:20:00,1015,1015,1015,1015,0
2022-04-25 10:21:00,1015,1015,1015,1015,200
2022-04-25 10:22:00,1015,1015,1015,1015,0
2022-04-25 10:23:00,1015,1015,1015,1015,0
2022-04-25 10:24:00,1010,1010,1010,1010,1000
2022-04-25 10:25:00,1010,1010,1010,1010,0
2022-04-25 10:26:00,1010,1010,1010,1010,10000
2022-04-25 10:27:00,1010,1010,1010,1010,0
2022-04-25 10:28:00,1010,1010,1010,1010,500
2022-04-25 10:29:00,1010,1010,1010,1010,0
2022-04-25 10:30:00,1010,1010,1010,1010,0
2022-04-25 10:31:00,1015,1015,1015,1015,1000
2022-04-25 10:32:00,1015,1015,1015,1015,0
2022-04-25 10:33:00,1015,1015,1015,1015,0
2022-04-25 10:34:00,1015,1015,1015,1015,200
2022-04-25 10:35:00,1015,1015,1020,1020,15000
2022-04-25 10:36:00,1020,1020,1020,1020,13200
2022-04-25 10:37:00,1020,1020,1025,1025,25000
2022-04-25 10:38:00,1020,1020,1025,1025,0
2022-04-25 10:39:00,1020,1020,1020,1020,4200
2022-04-25 10:40:00,1020,1020,1020,1020,0
2022-04-25 10:41:00,1015,1015,1015,1015,200
2022-04-25 10:42:00,1015,1015,1015,1015,0
2022-04-25 10:43:00,1015,1015,1015,1015,6100
2022-04-25 10:44:00,1015,1015,1015,1015,6000
2022-04-25 10:45:00,1015,1015,1015,1015,0
2022-04-25 10:46:00,1015,1015,1015,1015,0
2022-04-25 10:47:00,1015,1015,1015,1015,0
2022-04-25 10:48:00,1015,1015,1015,1015,0
2022-04-25 10:49:00,1015,1015,1015,1015,0
2022-04-25 10:50:00,1015,1015,1015,1015,0
2022-04-25 10:51:00,1015,1015,1015,1015,100
2022-04-25 10:52:00,1010,1010,1010,1010,2600
2022-04-25 10:53:00,1010,1010,1010,1010,0
2022-04-25 10:54:00,1010,1010,1010,1010,2000
2022-04-25 10:55:00,1010,1010,1010,1010,0
2022-04-25 10:56:00,1010,1010,1010,1010,0
2022-04-25 10:57:00,1010,1010,1010,1010,0
2022-04-25 10:58:00,1010,1010,1010,1010,0
2022-04-25 10:59:00,1010,1010,1010,1010,0
2022-04-25 11:00:00,1010,1010,1010,1010,13800
2022-04-25 11:01:00,1010,1010,1010,1010,0
2022-04-25 11:02:00,1010,1010,1010,1010,0
2022-04-25 11:03:00,1010,1010,1010,1010,0
2022-04-25 11:04:00,1010,1010,1010,1010,0
2022-04-25 11:05:00,1010,1010,1010,1010,0
2022-04-25 11:06:00,1010,1010,1010,1010,0
2022-04-25 11:07:00,1010,1010,1010,1010,0
2022-04-25 11:08:00,1015,1015,1015,1015,19700
2022-04-25 11:09:00,1010,1010,1015,1015,10100
2022-04-25 11:10:00,1015,1015,1015,1015,20000
2022-04-25 11:11:00,1015,1015,1015,1015,400
2022-04-25 11:12:00,1015,1015,1015,1015,2000
2022-04-25 11:13:00,1015,1015,1015,1015,0
2022-04-25 11:14:00,1015,1015,1015,1015,11000
2022-04-25 11:15:00,1015,1015,1015,1015,1100
2022-04-25 11:16:00,1015,1015,1015,1015,0
2022-04-25 11:17:00,1015,1015,1015,1015,400
2022-04-25 11:18:00,1015,1015,1015,1015,0
2022-04-25 11:19:00,1015,1015,1015,1015,8500
2022-04-25 11:20:00,1015,1015,1015,1015,200
2022-04-25 11:21:00,1015,1015,1015,1015,100
2022-04-25 11:22:00,1015,1015,1015,1015,1000
2022-04-25 11:23:00,1015,1015,1015,1015,0
2022-04-25 11:24:00,1015,1015,1015,1015,0
2022-04-25 11:25:00,1015,1015,1015,1015,0
2022-04-25 11:26:00,1015,1015,1015,1015,0
2022-04-25 11:27:00,1015,1015,1015,1015,0
2022-04-25 11:28:00,1015,1015,1015,1015,0
2022-04-25 11:29:00,1015,1015,1015,1015,0
2022-04-25 11:30:00,1015,1015,1015,1015,0
2022-04-25 11:31:00,1015,1015,1015,1015,0
2022-04-25 11:32:00,1015,1015,1015,1015,0
2022-04-25 11:33:00,1015,1015,1015,1015,0
2022-04-25 11:34:00,1015,1015,1015,1015,0
2022-04-25 11:35:00,1015,1015,1015,1015,0
2022-04-25 11:36:00,1015,1015,1015,1015,0
2022-04-25 11:37:00,1015,1015,1015,1015,0
2022-04-25 11:38:00,1015,1015,1015,1015,0
2022-04-25 11:39:00,1015,1015,1015,1015,0
2022-04-25 11:40:00,1015,1015,1015,1015,0
2022-04-25 11:41:00,1015,1015,1015,1015,0
2022-04-25 11:42:00,1015,1015,1015,1015,0
2022-04-25 11:43:00,1015,1015,1015,1015,0
2022-04-25 11:44:00,1015,1015,1015,1015,0
2022-04-25 11:45:00,1015,1015,1015,1015,0
2022-04-25 11:46:00,1015,1015,1015,1015,0
2022-04-25 11:47:00,1015,1015,1015,1015,0
2022-04-25 11:48:00,1015,1015,1015,1015,0
2022-04-25 11:49:00,1015,1015,1015,1015,0
2022-04-25 11:50:00,1015,1015,1015,1015,0
2022-04-25 11:51:00,1015,1015,1015,1015,0
2022-04-25 11:52:00,1015,1015,1015,1015,0
2022-04-25 11:53:00,1015,1015,1015,1015,0
2022-04-25 11:54:00,1015,1015,1015,1015,0
2022-04-25 11:55:00,1015,1015,1015,1015,0
2022-04-25 11:56:00,1015,1015,1015,1015,0
2022-04-25 11:57:00,1015,1015,1015,1015,0
2022-04-25 11:58:00,1015,1015,1015,1015,0
2022-04-25 11:59:00,1015,1015,1015,1015,0
2022-04-25 12:00:00,1015,1015,1015,1015,0
2022-04-25 12:01:00,1015,1015,1015,1015,0
2022-04-25 12:02:00,1015,1015,1015,1015,0
2022-04-25 12:03:00,1015,1015,1015,1015,0
2022-04-25 12:04:00,1015,1015,1015,1015,0
2022-04-25 12:05:00,1015,1015,1015,1015,0
2022-04-25 12:06:00,1015,1015,1015,1015,0
2022-04-25 12:07:00,1015,1015,1015,1015,0
2022-04-25 12:08:00,1015,1015,1015,1015,0
2022-04-25 12:09:00,1015,1015,1015,1015,0
2022-04-25 12:10:00,1015,1015,1015,1015,0
2022-04-25 12:11:00,1015,1015,1015,1015,0
2022-04-25 12:12:00,1015,1015,1015,1015,0
2022-04-25 12:13:00,1015,1015,1015,1015,0
2022-04-25 12:14:00,1015,1015,1015,1015,0
2022-04-25 12:15:00,1015,1015,1015,1015,0
2022-04-25 12:16:00,1015,1015,1015,1015,0
2022-04-25 12:17:00,1015,1015,1015,1015,0
2022-04-25 12:18:00,1015,1015,1015,1015,0
2022-04-25 12:19:00,1015,1015,1015,1015,0
2022-04-25 12:20:00,1015,1015,1015,1015,0
2022-04-25 12:21:00,1015,1015,1015,1015,0
2022-04-25 12:22:00,1015,1015,1015,1015,0
2022-04-25 12:23:00,1015,1015,1015,1015,0
2022-04-25 12:24:00,1015,1015,1015,1015,0
2022-04-25 12:25:00,1015,1015,1015,1015,0
2022-04-25 12:26:00,1015,1015,1015,1015,0
2022-04-25 12:27:00,1015,1015,1015,1015,0
2022-04-25 12:28:00,1015,1015,1015,1015,0
2022-04-25 12:29:00,1015,1015,1015,1015,0
2022-04-25 12:30:00,1015,1015,1015,1015,0
2022-04-25 12:31:00,1015,1015,1015,1015,0
2022-04-25 12:32:00,1015,1015,1015,1015,0
2022-04-25 12:33:00,1015,1015,1015,1015,0
2022-04-25 12:34:00,1015,1015,1015,1015,0
2022-04-25 12:35:00,1015,1015,1015,1015,0
2022-04-25 12:36:00,1015,1015,1015,1015,0
2022-04-25 12:37:00,1015,1015,1015,1015,0
2022-04-25 12:38:00,1015,1015,1015,1015,0
2022-04-25 12:39:00,1015,1015,1015,1015,0
2022-04-25 12:40:00,1015,1015,1015,1015,0
2022-04-25 12:41:00,1015,1015,1015,1015,0
2022-04-25 12:42:00,1015,1015,1015,1015,0
2022-04-25 12:43:00,1015,1015,1015,1015,0
2022-04-25 12:44:00,1015,1015,1015,1015,0
2022-04-25 12:45:00,1015,1015,1015,1015,0
2022-04-25 12:46:00,1015,1015,1015,1015,0
2022-04-25 12:47:00,1015,1015,1015,1015,0
2022-04-25 12:48:00,1015,1015,1015,1015,0
2022-04-25 12:49:00,1015,1015,1015,1015,0
2022-04-25 12:50:00,1015,1015,1015,1015,0
2022-04-25 12:51:00,1015,1015,1015,1015,0
2022-04-25 12:52:00,1015,1015,1015,1015,0
2022-04-25 12:53:00,1015,1015,1015,1015,0
2022-04-25 12:54:00,1015,1015,1015,1015,0
2022-04-25 12:55:00,1015,1015,1015,1015,0
2022-04-25 12:56:00,1015,1015,1015,1015,0
2022-04-25 12:57:00,1015,1015,1015,1015,0
2022-04-25 12:58:00,1015,1015,1015,1015,0
2022-04-25 12:59:00,1015,1015,1015,1015,0
2022-04-25 13:00:00,1015,1015,1015,1015,0
2022-04-25 13:01:00,1015,1015,1015,1015,0
2022-04-25 13:02:00,1015,1015,1015,1015,0
2022-04-25 13:03:00,1015,1015,1015,1015,0
2022-04-25 13:04:00,1015,1015,1015,1015,0
2022-04-25 13:05:00,1015,1015,1015,1015,0
2022-04-25 13:06:00,1015,1015,1015,1015,0
2022-04-25 13:07:00,1015,1015,1015,1015,0
2022-04-25 13:08:00,1015,1015,1015,1015,0
2022-04-25 13:09:00,1015,1015,1015,1015,0
2022-04-25 13:10:00,1015,1015,1015,1015,0
2022-04-25 13:11:00,1015,1015,1015,1015,0
2022-04-25 13:12:00,1015,1015,1015,1015,0
2022-04-25 13:13:00,1015,1015,1015,1015,0
2022-04-25 13:14:00,1015,1015,1015,1015,0
2022-04-25 13:15:00,1015,1015,1015,1015,0
2022-04-25 13:16:00,1015,1015,1015,1015,0
2022-04-25 13:17:00,1015,1015,1015,1015,0
2022-04-25 13:18:00,1015,1015,1015,1015,0
2022-04-25 13:19:00,1015,1015,1015,1015,0
2022-04-25 13:20:00,1015,1015,1015,1015,0
2022-04-25 13:21:00,1015,1015,1015,1015,0
2022-04-25 13:22:00,1015,1015,1015,1015,0
2022-04-25 13:23:00,1015,1015,1015,1015,0
2022-04-25 13:24:00,1015,1015,1015,1015,0
2022-04-25 13:25:00,1015,1015,1015,1015,0
2022-04-25 13:26:00,1015,1015,1015,1015,0
2022-04-25 13:27:00,1015,1015,1015,1015,0
2022-04-25 13:28:00,1015,1015,1015,1015,0
2022-04-25 13:29:00,1015,1015,1015,1015,0
2022-04-25 13:30:00,1020,1015,1020,1015,26800
2022-04-25 13:31:00,1020,1015,1020,1015,0
2022-04-25 13:32:00,1020,1015,1020,1015,0
2022-04-25 13:33:00,1015,1015,1015,1015,5000
2022-04-25 13:34:00,1015,1015,1015,1015,14600
2022-04-25 13:35:00,1015,1015,1015,1015,6500
2022-04-25 13:36:00,1015,1015,1015,1015,0
2022-04-25 13:37:00,1015,1015,1015,1015,1000
2022-04-25 13:38:00,1015,1015,1015,1015,0
2022-04-25 13:39:00,1015,1015,1015,1015,0
2022-04-25 13:40:00,1010,1010,1015,1015,361700
2022-04-25 13:41:00,1015,1015,1015,1015,201800
2022-04-25 13:42:00,1015,1015,1015,1015,9500
2022-04-25 13:43:00,1015,1015,1015,1015,0
2022-04-25 13:44:00,1015,1015,1015,1015,5000
2022-04-25 13:45:00,1015,1015,1015,1015,0
2022-04-25 13:46:00,1015,1015,1015,1015,51300
2022-04-25 13:47:00,1015,1015,1015,1015,0
2022-04-25 13:48:00,1015,1015,1015,1015,0
2022-04-25 13:49:00,1015,1010,1015,1010,4000
2022-04-25 13:50:00,1015,1010,1015,1010,0
2022-04-25 13:51:00,1010,1010,1010,1010,1300
2022-04-25 13:52:00,1010,1010,1010,1010,0
2022-04-25 13:53:00,1010,1010,1015,1015,20200
2022-04-25 13:54:00,1010,1010,1010,1010,48300
2022-04-25 13:55:00,1010,1010,1010,1010,1000
2022-04-25 13:56:00,1010,1010,1010,1010,0
2022-04-25 13:57:00,1010,1010,1010,1010,5000
2022-04-25 13:58:00,1010,1010,1010,1010,0
2022-04-25 13:59:00,1010,1010,1010,1010,10000
2022-04-25 14:00:00,1010,1010,1010,1010,500
2022-04-25 14:01:00,1010,1010,1010,1010,100
2022-04-25 14:02:00,1010,1010,1010,1010,0
2022-04-25 14:03:00,1010,1010,1010,1010,2000
2022-04-25 14:04:00,1010,1010,1010,1010,10000
2022-04-25 14:05:00,1010,1010,1010,1010,1000
2022-04-25 14:06:00,1010,1010,1010,1010,0
2022-04-25 14:07:00,1010,1010,1010,1010,0
2022-04-25 14:08:00,1010,1010,1010,1010,10000
2022-04-25 14:09:00,1010,1010,1010,1010,5700
2022-04-25 14:10:00,1010,1010,1010,1010,2000
2022-04-25 14:11:00,1010,1010,1010,1010,500
2022-04-25 14:12:00,1010,1010,1010,1010,500
2022-04-25 14:13:00,1005,1005,1010,1010,13500
2022-04-25 14:14:00,1010,1010,1010,1010,700
2022-04-25 14:15:00,1010,1010,1010,1010,500
2022-04-25 14:16:00,1010,1010,1010,1010,0
2022-04-25 14:17:00,1010,1010,1010,1010,11400
2022-04-25 14:18:00,1005,1005,1010,1010,29800
2022-04-25 14:19:00,1010,1010,1010,1010,200
2022-04-25 14:20:00,1010,1010,1010,1010,98400
2022-04-25 14:21:00,1015,1015,1015,1015,100
2022-04-25 14:22:00,1015,1015,1015,1015,0
2022-04-25 14:23:00,1015,1015,1015,1015,0
2022-04-25 14:24:00,1015,1015,1015,1015,0
2022-04-25 14:25:00,1015,1015,1015,1015,0
2022-04-25 14:26:00,1015,1015,1015,1015,0
2022-04-25 14:27:00,1015,1015,1015,1015,0
2022-04-25 14:28:00,1010,1010,1010,1010,34800
2022-04-25 14:29:00,1010,1010,1010,1010,0
2022-04-25 14:30:00,1005,1005,1005,1005,4000
2022-04-25 14:31:00,1010,1010,1010,1010,7500
2022-04-25 14:32:00,1010,1010,1010,1010,0
2022-04-25 14:33:00,1010,1010,1010,1010,0
2022-04-25 14:34:00,1010,1010,1010,1010,0
2022-04-25 14:35:00,1010,1010,1010,1010,0
2022-04-25 14:36:00,1005,1005,1005,1005,73100
2022-04-25 14:37:00,1005,1005,1010,1010,24200
2022-04-25 14:38:00,1005,1005,1010,1010,0
2022-04-25 14:39:00,1010,1010,1010,1010,1500
2022-04-25 14:40:00,1010,1010,1010,1010,0
2022-04-25 14:41:00,1010,1005,1010,1005,6800
2022-04-25 14:42:00,1010,1005,1010,1005,1200
2022-04-25 14:43:00,1010,1010,1010,1010,5300
2022-04-25 14:44:00,1010,1010,1010,1010,0
2022-04-25 14:45:00,1010,1010,1010,1010,79000
2022-04-25 14:46:00,1010,1010,1010,1010,500
2022-04-25 14:47:00,1015,1010,1015,1010,2600
2022-04-25 14:48:00,1010,1010,1015,1015,11400
2022-04-25 14:49:00,1010,1010,1015,1015,0
2022-04-25 14:50:00,1010,1010,1015,1015,0
2022-04-25 14:51:00,1010,1010,1015,1015,0
2022-04-25 14:52:00,1010,1010,1015,1015,0
2022-04-25 14:53:00,1010,1010,1015,1015,0
2022-04-25 14:54:00,1010,1010,1015,1015,0
2022-04-25 14:55:00,1010,1010,1015,1015,0
2022-04-25 14:56:00,1010,1010,1015,1015,0
2022-04-25 14:57:00,1010,1010,1015,1015,0
2022-04-25 14:58:00,1010,1010,1015,1015,0
2022-04-25 14:59:00,1010,1010,1015,1015,0
2022-04-25 15:00:00,1010,1010,1010,1010,34000
2022-04-25 15:01:00,1010,1010,1010,1010,0
2022-04-25 15:02:00,1010,1010,1010,1010,11100
2022-04-25 15:03:00,1010,1010,1010,1010,0
2022-04-25 15:04:00,1010,1010,1010,1010,4000
2022-04-25 15:05:00,1010,1010,1010,1010,11500
2022-04-25 15:06:00,1010,1010,1010,1010,400
2022-04-25 15:07:00,1010,1010,1010,1010,1500
2022-04-25 15:08:00,1010,1010,1010,1010,500
2022-04-25 15:09:00,1010,1010,1010,1010,0
2022-04-25 15:10:00,1010,1010,1010,1010,0
2022-04-25 15:11:00,1010,1010,1010,1010,0
2022-04-25 15:12:00,1010,1010,1010,1010,0
2022-04-25 15:13:00,1010,1010,1010,1010,0
2022-04-25 15:14:00,1010,1010,1010,1010,0
2022-04-25 15:15:00,1010,1010,1010,1010,0
2022-04-25 15:16:00,1010,1010,1010,1010,0
2022-04-25 15:17:00,1010,1010,1010,1010,0
2022-04-25 15:18:00,1010,1010,1010,1010,0
2022-04-25 15:19:00,1010,1010,1010,1010,0
2022-04-25 15:20:00,1010,1010,1010,1010,0
2022-04-25 15:21:00,1010,1010,1010,1010,0
2022-04-25 15:22:00,1010,1010,1010,1010,0
2022-04-25 15:23:00,1010,1010,1010,1010,0
2022-04-25 15:24:00,1010,1010,1010,1010,0
2022-04-25 15:25:00,1010,1010,1010,1010,0
2022-04-25 15:26:00,1010,1010,1010,1010,0
2022-04-25 15:27:00,1010,1010,1010,1010,0
2022-04-25 15:28:00,1010,1010,1010,1010,0
2022-04-25 15:29:00,1010,1010,1010,1010,0
2022-04-25 15:30:00,1010,1010,1010,1010,0
2022-04-25 15:31:00,1010,1010,1010,1010,0
2022-04-25 15:32:00,1010,1010,1010,1010,0
2022-04-25 15:33:00,1010,1010,1010,1010,0
2022-04-25 15:34:00,1010,1010,1010,1010,0
2022-04-25 15:35:00,1010,1010,1010,1010,0
2022-04-25 15:36:00,1010,1010,1010,1010,0
2022-04-25 15:37:00,1010,1010,1010,1010,0
2022-04-25 15:38:00,1010,1010,1010,1010,0
2022-04-25 15:39:00,1010,1010,1010,1010,0
2022-04-25 15:40:00,1010,1010,1010,1010,0
2022-04-25 15:41:00,1010,1010,1010,1010,0
2022-04-25 15:42:00,1010,1010,1010,1010,0
2022-04-25 15:43:00,1010,1010,1010,1010,0
2022-04-25 15:44:00,1010,1010,1010,1010,0
2022-04-25 15:45:00,1010,1010,1010,1010,0
2022-04-25 15:46:00,1010,1010,1010,1010,0
2022-04-25 15:47:00,1010,1010,1010,1010,0
2022-04-25 15:48:00,1010,1010,1010,1010,0
2022-04-25 15:49:00,1010,1010,1010,1010,0
2022-04-25 15:50:00,1010,1010,1010,1010,0
2022-04-25 15:51:00,1010,1010,1010,1010,0
2022-04-25 15:52:00,1010,1010,1010,1010,0
2022-04-25 15:53:00,1010,1010,1010,1010,0
2022-04-25 15:54:00,1010,1010,1010,1010,0
2022-04-25 15:55:00,1010,1010,1010,1010,0
2022-04-25 15:56:00,1010,1010,1010,1010,0
2022-04-25 15:57:00,1010,1010,1010,1010,0
2022-04-25 15:58:00,1010,1010,1010,1010,0
2022-04-25 15:59:00,1010,1010,1010,1010,0
2022-04-26 09:00:00,1015,1010,1015,1010,0
2022-04-26 09:01:00,1010,1010,1010,1010,1400
2022-04-26 09:02:00,1005,1005,1010,1010,1900
2022-04-26 09:03:00,1010,1005,1010,1005,7200
2022-04-26 09:04:00,1005,1005,1005,1005,1500
2022-04-26 09:05:00,1005,1005,1005,1005,2200
2022-04-26 09:06:00,1005,1005,1005,1005,0
2022-04-26 09:07:00,1010,1010,1010,1010,11100
2022-04-26 09:08:00,1010,1010,1010,1010,13000
2022-04-26 09:09:00,1010,1010,1010,1010,1500
2022-04-26 09:10:00,1010,1010,1010,1010,0
2022-04-26 09:11:00,1010,1010,1010,1010,14000
2022-04-26 09:12:00,1005,1005,1005,1005,49700
2022-04-26 09:13:00,1005,1005,1005,1005,400
2022-04-26 09:14:00,1010,1010,1010,1010,385200
2022-04-26 09:15:00,1010,1010,1010,1010,400000
2022-04-26 09:16:00,1010,1010,1010,1010,5000
2022-04-26 09:17:00,1010,1010,1010,1010,700
2022-04-26 09:18:00,1010,1010,1010,1010,0
2022-04-26 09:19:00,1010,1010,1010,1010,0
2022-04-26 09:20:00,1010,1010,1010,1010,0
2022-04-26 09:21:00,1010,1010,1010,1010,5000
2022-04-26 09:22:00,1010,1010,1010,1010,2000
2022-04-26 09:23:00,1010,1010,1010,1010,1000
2022-04-26 09:24:00,1010,1010,1010,1010,0
2022-04-26 09:25:00,1010,1010,1010,1010,900
2022-04-26 09:26:00,1010,1010,1010,1010,4000
2022-04-26 09:27:00,1010,1010,1010,1010,1000
2022-04-26 09:28:00,1010,1010,1010,1010,0
2022-04-26 09:29:00,1010,1005,1010,1005,9100
2022-04-26 09:30:00,1005,1005,1005,1005,5000
2022-04-26 09:31:00,1010,1005,1010,1005,10000
2022-04-26 09:32:00,1010,1010,1010,1010,1600
2022-04-26 09:33:00,1015,1005,1015,1005,584600
2022-04-26 09:34:00,1015,1005,1015,1005,0
2022-04-26 09:35:00,1010,1010,1010,1010,100
2022-04-26 09:36:00,1010,1010,1010,1010,5700
2022-04-26 09:37:00,1010,1010,1010,1010,0
2022-04-26 09:38:00,1010,1010,1010,1010,0
2022-04-26 09:39:00,1010,1010,1010,1010,1700
2022-04-26 09:40:00,1010,1010,1010,1010,3800
2022-04-26 09:41:00,1015,1015,1015,1015,100
2022-04-26 09:42:00,1015,1015,1015,1015,0
2022-04-26 09:43:00,1015,1015,1015,1015,13600
2022-04-26 09:44:00,1015,1015,1015,1015,0
2022-04-26 09:45:00,1015,1015,1015,1015,4800
2022-04-26 09:46:00,1015,1015,1015,1015,11600
2022-04-26 09:47:00,1015,1010,1015,1010,2600
2022-04-26 09:48:00,1015,1010,1015,1010,0
2022-04-26 09:49:00,1015,1010,1015,1010,0
2022-04-26 09:50:00,1015,1010,1015,1010,0
2022-04-26 09:51:00,1010,1010,1010,1010,40000
2022-04-26 09:52:00,1015,1015,1015,1015,1000
2022-04-26 09:53:00,1015,1015,1015,1015,0
2022-04-26 09:54:00,1015,1015,1015,1015,400
2022-04-26 09:55:00,1010,1010,1010,1010,5200
2022-04-26 09:56:00,1010,1010,1010,1010,5000
2022-04-26 09:57:00,1010,1010,1010,1010,10000
2022-04-26 09:58:00,1010,1010,1010,1010,0
2022-04-26 09:59:00,1010,1010,1010,1010,1200
2022-04-26 10:00:00,1010,1010,1010,1010,5000
2022-04-26 10:01:00,1010,1010,1010,1010,200
2022-04-26 10:02:00,1010,1010,1010,1010,0
2022-04-26 10:03:00,1015,1015,1015,1015,300
2022-04-26 10:04:00,1015,1015,1015,1015,0
2022-04-26 10:05:00,1015,1015,1015,1015,5000
2022-04-26 10:06:00,1015,1015,1015,1015,0
2022-04-26 10:07:00,1010,1010,1010,1010,1200
2022-04-26 10:08:00,1010,1010,1010,1010,7000
2022-04-26 10:09:00,1010,1010,1010,1010,0
2022-04-26 10:10:00,1010,1010,1010,1010,0
2022-04-26 10:11:00,1010,1010,1010,1010,500
2022-04-26 10:12:00,1010,1010,1010,1010,0
2022-04-26 10:13:00,1010,1010,1010,1010,0
2022-04-26 10:14:00,1010,1010,1010,1010,0
2022-04-26 10:15:00,1010,1010,1010,1010,1900
2022-04-26 10:16:00,1010,1010,1010,1010,0
2022-04-26 10:17:00,1010,1010,1010,1010,0
2022-04-26 10:18:00,1005,1005,1005,1005,100
2022-04-26 10:19:00,1005,1005,1005,1005,41000
2022-04-26 10:20:00,1005,1005,1005,1005,0
2022-04-26 10:21:00,1005,1005,1005,1005,0
2022-04-26 10:22:00,1005,1005,1005,1005,217300
2022-04-26 10:23:00,1005,1005,1005,1005,0
2022-04-26 10:24:00,1005,1005,1005,1005,25500
2022-04-26 10:25:00,1005,1000,1005,1005,119900
2022-04-26 10:26:00,1005,1000,1005,1000,15500
2022-04-26 10:27:00,1000,1000,1000,1000,93000
2022-04-26 10:28:00,1000,995,1000,995,174800
2022-04-26 10:29:00,995,995,1000,1000,14300
2022-04-26 10:30:00,995,995,1000,1000,0
2022-04-26 10:31:00,1000,1000,1000,1000,32400
2022-04-26 10:32:00,1000,1000,1000,1000,19900
2022-04-26 10:33:00,1000,985,1000,990,451600
2022-04-26 10:34:00,990,965,990,970,258500
2022-04-26 10:35:00,965,955,970,960,211200
2022-04-26 10:36:00,960,940,960,940,339700
2022-04-26 10:37:00,950,945,950,950,77100
2022-04-26 10:38:00,950,945,955,945,122600
2022-04-26 10:39:00,945,945,950,945,192400
2022-04-26 10:40:00,940,940,950,945,665500
2022-04-26 10:41:00,940,940,945,945,181900
2022-04-26 10:42:00,945,945,950,950,135100
2022-04-26 10:43:00,950,950,965,960,176000
2022-04-26 10:44:00,960,945,960,945,147500
2022-04-26 10:45:00,945,945,945,945,58200
2022-04-26 10:46:00,940,940,945,945,34500
2022-04-26 10:47:00,945,940,945,940,101900
2022-04-26 10:48:00,945,945,945,945,18100
2022-04-26 10:49:00,945,945,945,945,12100
2022-04-26 10:50:00,950,950,950,950,19800
2022-04-26 10:51:00,945,945,945,945,2000
2022-04-26 10:52:00,945,940,945,945,15200
2022-04-26 10:53:00,945,940,945,940,44100
2022-04-26 10:54:00,940,940,940,940,78900
2022-04-26 10:55:00,940,940,945,940,99600
2022-04-26 10:56:00,940,940,940,940,164700
2022-04-26 10:57:00,940,940,940,940,12000
2022-04-26 10:58:00,940,940,940,940,700
2022-04-26 10:59:00,945,945,945,945,31500
2022-04-26 11:00:00,945,945,945,945,0
2022-04-26 11:01:00,945,945,945,945,55000
2022-04-26 11:02:00,945,945,945,945,10000
2022-04-26 11:03:00,940,940,945,945,9200
2022-04-26 11:04:00,945,945,945,945,3500
2022-04-26 11:05:00,945,945,945,945,10000
2022-04-26 11:06:00,940,940,940,940,1800
2022-04-26 11:07:00,940,940,940,940,1500
2022-04-26 11:08:00,940,940,940,940,10000
2022-04-26 11:09:00,940,940,945,945,44000
2022-04-26 11:10:00,940,940,945,945,3800
2022-04-26 11:11:00,940,940,945,940,1300
2022-04-26 11:12:00,940,940,945,940,0
2022-04-26 11:13:00,940,940,940,940,12000
2022-04-26 11:14:00,940,940,940,940,5900
2022-04-26 11:15:00,940,940,940,940,39600
2022-04-26 11:16:00,940,940,940,940,0
2022-04-26 11:17:00,945,945,945,945,1200
2022-04-26 11:18:00,940,940,945,945,10100
2022-04-26 11:19:00,945,945,945,945,100
2022-04-26 11:20:00,945,945,945,945,500
2022-04-26 11:21:00,940,940,940,940,70200
2022-04-26 11:22:00,940,940,940,940,13700
2022-04-26 11:23:00,940,940,940,940,5900
2022-04-26 11:24:00,940,940,945,945,126300
2022-04-26 11:25:00,940,940,940,940,157000
2022-04-26 11:26:00,940,940,940,940,288800
2022-04-26 11:27:00,940,940,940,940,600
2022-04-26 11:28:00,940,940,940,940,800
2022-04-26 11:29:00,940,940,940,940,300
2022-04-26 11:30:00,940,940,940,940,0
2022-04-26 11:31:00,940,940,940,940,0
2022-04-26 11:32:00,940,940,940,940,0
2022-04-26 11:33:00,940,940,940,940,0
2022-04-26 11:34:00,940,940,940,940,0
2022-04-26 11:35:00,940,940,940,940,0
2022-04-26 11:36:00,940,940,940,940,0
2022-04-26 11:37:00,940,940,940,940,0
2022-04-26 11:38:00,940,940,940,940,0
2022-04-26 11:39:00,940,940,940,940,0
2022-04-26 11:40:00,940,940,940,940,0
2022-04-26 11:41:00,940,940,940,940,0
2022-04-26 11:42:00,940,940,940,940,0
2022-04-26 11:43:00,940,940,940,940,0
2022-04-26 11:44:00,940,940,940,940,0
2022-04-26 11:45:00,940,940,940,940,0
2022-04-26 11:46:00,940,940,940,940,0
2022-04-26 11:47:00,940,940,940,940,0
2022-04-26 11:48:00,940,940,940,940,0
2022-04-26 11:49:00,940,940,940,940,0
2022-04-26 11:50:00,940,940,940,940,0
2022-04-26 11:51:00,940,940,940,940,0
2022-04-26 11:52:00,940,940,940,940,0
2022-04-26 11:53:00,940,940,940,940,0
2022-04-26 11:54:00,940,940,940,940,0
2022-04-26 11:55:00,940,940,940,940,0
2022-04-26 11:56:00,940,940,940,940,0
2022-04-26 11:57:00,940,940,940,940,0
2022-04-26 11:58:00,940,940,940,940,0
2022-04-26 11:59:00,940,940,940,940,0
2022-04-26 12:00:00,940,940,940,940,0
2022-04-26 12:01:00,940,940,940,940,0
2022-04-26 12:02:00,940,940,940,940,0
2022-04-26 12:03:00,940,940,940,940,0
2022-04-26 12:04:00,940,940,940,940,0
2022-04-26 12:05:00,940,940,940,940,0
2022-04-26 12:06:00,940,940,940,940,0
2022-04-26 12:07:00,940,940,940,940,0
2022-04-26 12:08:00,940,940,940,940,0
2022-04-26 12:09:00,940,940,940,940,0
2022-04-26 12:10:00,940,940,940,940,0
2022-04-26 12:11:00,940,940,940,940,0
2022-04-26 12:12:00,940,940,940,940,0
2022-04-26 12:13:00,940,940,940,940,0
2022-04-26 12:14:00,940,940,940,940,0
2022-04-26 12:15:00,940,940,940,940,0
2022-04-26 12:16:00,940,940,940,940,0
2022-04-26 12:17:00,940,940,940,940,0
2022-04-26 12:18:00,940,940,940,940,0
2022-04-26 12:19:00,940,940,940,940,0
2022-04-26 12:20:00,940,940,940,940,0
2022-04-26 12:21:00,940,940,940,940,0
2022-04-26 12:22:00,940,940,940,940,0
2022-04-26 12:23:00,940,940,940,940,0
2022-04-26 12:24:00,940,940,940,940,0
2022-04-26 12:25:00,940,940,940,940,0
2022-04-26 12:26:00,940,940,940,940,0
2022-04-26 12:27:00,940,940,940,940,0
2022-04-26 12:28:00,940,940,940,940,0
2022-04-26 12:29:00,940,940,940,940,0
2022-04-26 12:30:00,940,940,940,940,0
2022-04-26 12:31:00,940,940,940,940,0
2022-04-26 12:32:00,940,940,940,940,0
2022-04-26 12:33:00,940,940,940,940,0
2022-04-26 12:34:00,940,940,940,940,0
2022-04-26 12:35:00,940,940,940,940,0
2022-04-26 12:36:00,940,940,940,940,0
2022-04-26 12:37:00,940,940,940,940,0
2022-04-26 12:38:00,940,940,940,940,0
2022-04-26 12:39:00,940,940,940,940,0
2022-04-26 12:40:00,940,940,940,940,0
2022-04-26 12:41:00,940,940,940,940,0
2022-04-26 12:42:00,940,940,940,940,0
2022-04-26 12:43:00,940,940,940,940,0
2022-04-26 12:44:00,940,940,940,940,0
2022-04-26 12:45:00,940,940,940,940,0
2022-04-26 12:46:00,940,940,940,940,0
2022-04-26 12:47:00,940,940,940,940,0
2022-04-26 12:48:00,940,940,940,940,0
2022-04-26 12:49:00,940,940,940,940,0
2022-04-26 12:50:00,940,940,940,940,0
2022-04-26 12:51:00,940,940,940,940,0
2022-04-26 12:52:00,940,940,940,940,0
2022-04-26 12:53:00,940,940,940,940,0
2022-04-26 12:54:00,940,940,940,940,0
2022-04-26 12:55:00,940,940,940,940,0
2022-04-26 12:56:00,940,940,940,940,0
2022-04-26 12:57:00,940,940,940,940,0
2022-04-26 12:58:00,940,940,940,940,0
2022-04-26 12:59:00,940,940,940,940,0
2022-04-26 13:00:00,940,940,940,940,0
2022-04-26 13:01:00,940,940,940,940,0
2022-04-26 13:02:00,940,940,940,940,0
2022-04-26 13:03:00,940,940,940,940,0
2022-04-26 13:04:00,940,940,940,940,0
2022-04-26 13:05:00,940,940,940,940,0
2022-04-26 13:06:00,940,940,940,940,0
2022-04-26 13:07:00,940,940,940,940,0
2022-04-26 13:08:00,940,940,940,940,0
2022-04-26 13:09:00,940,940,940,940,0
2022-04-26 13:10:00,940,940,940,940,0
2022-04-26 13:11:00,940,940,940,940,0
2022-04-26 13:12:00,940,940,940,940,0
2022-04-26 13:13:00,940,940,940,940,0
2022-04-26 13:14:00,940,940,940,940,0
2022-04-26 13:15:00,940,940,940,940,0
2022-04-26 13:16:00,940,940,940,940,0
2022-04-26 13:17:00,940,940,940,940,0
2022-04-26 13:18:00,940,940,940,940,0
2022-04-26 13:19:00,940,940,940,940,0
2022-04-26 13:20:00,940,940,940,940,0
2022-04-26 13:21:00,940,940,940,940,0
2022-04-26 13:22:00,940,940,940,940,0
2022-04-26 13:23:00,940,940,940,940,0
2022-04-26 13:24:00,940,940,940,940,0
2022-04-26 13:25:00,940,940,940,940,0
2022-04-26 13:26:00,940,940,940,940,0
2022-04-26 13:27:00,940,940,940,940,0
2022-04-26 13:28:00,940,940,940,940,0
2022-04-26 13:29:00,940,940,940,940,0
2022-04-26 13:30:00,940,940,940,940,56200
2022-04-26 13:31:00,940,940,940,940,1000
2022-04-26 13:32:00,940,940,940,940,1800
2022-04-26 13:33:00,940,940,940,940,0
2022-04-26 13:34:00,940,940,940,940,1000
2022-04-26 13:35:00,940,940,940,940,0
2022-04-26 13:36:00,940,940,940,940,5000
2022-04-26 13:37:00,940,940,940,940,0
2022-04-26 13:38:00,940,940,940,940,0
2022-04-26 13:39:00,940,940,940,940,30000
2022-04-26 13:40:00,940,940,940,940,0
2022-04-26 13:41:00,940,940,940,940,400
2022-04-26 13:42:00,940,940,940,940,1000
2022-04-26 13:43:00,940,940,940,940,0
2022-04-26 13:44:00,940,940,940,940,3000
2022-04-26 13:45:00,940,940,940,940,1600
2022-04-26 13:46:00,940,940,940,940,600
2022-04-26 13:47:00,940,940,940,940,0
2022-04-26 13:48:00,940,940,940,940,0
2022-04-26 13:49:00,940,940,940,940,0
2022-04-26 13:50:00,940,940,940,940,1000
2022-04-26 13:51:00,940,940,940,940,0
2022-04-26 13:52:00,940,940,940,940,0
2022-04-26 13:53:00,940,940,940,940,0
2022-04-26 13:54:00,940,940,940,940,0
2022-04-26 13:55:00,940,940,940,940,1000
2022-04-26 13:56:00,940,940,940,940,50200
2022-04-26 13:57:00,940,940,940,940,100
2022-04-26 13:58:00,940,940,940,940,3000
2022-04-26 13:59:00,940,940,940,940,100
2022-04-26 14:00:00,940,940,940,940,0
2022-04-26 14:01:00,940,940,940,940,600
2022-04-26 14:02:00,940,940,940,940,100600
2022-04-26 14:03:00,940,940,940,940,0
2022-04-26 14:04:00,940,940,940,940,6000
2022-04-26 14:05:00,940,940,940,940,0
2022-04-26 14:06:00,940,940,940,940,0
2022-04-26 14:07:00,940,940,940,940,2000
2022-04-26 14:08:00,940,940,940,940,100
2022-04-26 14:09:00,940,940,940,940,300
2022-04-26 14:10:00,940,940,940,940,0
2022-04-26 14:11:00,940,940,940,940,1000
2022-04-26 14:12:00,940,940,940,940,6200
2022-04-26 14:13:00,940,940,940,940,2100
2022-04-26 14:14:00,940,940,940,940,10000
2022-04-26 14:15:00,940,940,940,940,0
2022-04-26 14:16:00,940,940,940,940,0
2022-04-26 14:17:00,940,940,940,940,200
2022-04-26 14:18:00,940,940,940,940,0
2022-04-26 14:19:00,940,940,940,940,2000
2022-04-26 14:20:00,940,940,940,940,0
2022-04-26 14:21:00,940,940,940,940,0
2022-04-26 14:22:00,940,940,940,940,500
2022-04-26 14:23:00,940,940,940,940,2600
2022-04-26 14:24:00,940,940,940,940,200
2022-04-26 14:25:00,940,940,940,940,5200
2022-04-26 14:26:00,940,940,940,940,1200
2022-04-26 14:27:00,940,940,940,940,0
2022-04-26 14:28:00,940,940,940,940,100
2022-04-26 14:29:00,940,940,940,940,56000
2022-04-26 14:30:00,940,940,940,940,10500
2022-04-26 14:31:00,940,940,940,940,700
2022-04-26 14:32:00,940,940,940,940,0
2022-04-26 14:33:00,940,940,940,940,500
2022-04-26 14:34:00,940,940,940,940,10700
2022-04-26 14:35:00,940,940,940,940,500
2022-04-26 14:36:00,940,940,940,940,300
2022-04-26 14:37:00,940,940,940,940,11200
2022-04-26 14:38:00,940,940,940,940,100
2022-04-26 14:39:00,940,940,940,940,1000
2022-04-26 14:40:00,940,940,940,940,100
2022-04-26 14:41:00,940,940,940,940,400
2022-04-26 14:42:00,940,940,940,940,2000
2022-04-26 14:43:00,940,940,940,940,2000
2022-04-26 14:44:00,940,940,940,940,6000
2022-04-26 14:45:00,940,940,940,940,5500
2022-04-26 14:46:00,940,940,940,940,300
2022-04-26 14:47:00,940,940,940,940,200
2022-04-26 14:48:00,940,940,940,940,1100
2022-04-26 14:49:00,940,940,940,940,5000
2022-04-26 14:50:00,940,940,940,940,0
2022-04-26 14:51:00,940,940,940,940,0
2022-04-26 14:52:00,940,940,940,940,0
2022-04-26 14:53:00,940,940,940,940,0
2022-04-26 14:54:00,940,940,940,940,0
2022-04-26 14:55:00,940,940,940,940,0
2022-04-26 14:56:00,940,940,940,940,0
2022-04-26 14:57:00,940,940,940,940,0
2022-04-26 14:58:00,940,940,940,940,0
2022-04-26 14:59:00,940,940,940,940,0
2022-04-26 15:00:00,940,940,940,940,11400
2022-04-26 15:01:00,940,940,940,940,10100
2022-04-26 15:02:00,940,940,940,940,0
2022-04-26 15:03:00,940,940,940,940,16800
2022-04-26 15:04:00,940,940,940,940,200
2022-04-26 15:05:00,940,940,940,940,10000
2022-04-26 15:06:00,940,940,940,940,500
2022-04-26 15:07:00,940,940,940,940,900
2022-04-26 15:08:00,940,940,940,940,200
2022-04-26 15:09:00,940,940,940,940,0
2022-04-26 15:10:00,940,940,940,940,0
2022-04-26 15:11:00,940,940,940,940,0
2022-04-26 15:12:00,940,940,940,940,0
2022-04-26 15:13:00,940,940,940,940,0
2022-04-26 15:14:00,940,940,940,940,0
2022-04-26 15:15:00,940,940,940,940,0
2022-04-26 15:16:00,940,940,940,940,0
2022-04-26 15:17:00,940,940,940,940,0
2022-04-26 15:18:00,940,940,940,940,0
2022-04-26 15:19:00,940,940,940,940,0
2022-04-26 15:20:00,940,940,940,940,0
2022-04-26 15:21:00,940,940,940,940,0
2022-04-26 15:22:00,940,940,940,940,0
2022-04-26 15:23:00,940,940,940,940,0
2022-04-26 15:24:00,940,940,940,940,0
2022-04-26 15:25:00,940,940,940,940,0
2022-04-26 15:26:00,940,940,940,940,0
2022-04-26 15:27:00,940,940,940,940,0
2022-04-26 15:28:00,940,940,940,940,0
2022-04-26 15:29:00,940,940,940,940,0
2022-04-26 15:30:00,940,940,940,940,0
2022-04-26 15:31:00,940,940,940,940,0
2022-04-26 15:32:00,940,940,940,940,0
2022-04-26 15:33:00,940,940,940,940,0
2022-04-26 15:34:00,940,940,940,940,0
2022-04-26 15:35:00,940,940,940,940,0
2022-04-26 15:36:00,940,940,940,940,0
2022-04-26 15:37:00,940,940,940,940,0
2022-04-26 15:38:00,940,940,940,940,0
2022-04-26 15:39:00,940,940,940,940,0
2022-04-26 15:40:00,940,940,940,940,0
2022-04-26 15:41:00,940,940,940,940,0
2022-04-26 15:42:00,940,940,940,940,0
2022-04-26 15:43:00,940,940,940,940,0
2022-04-26 15:44:00,940,940,940,940,0
2022-04-26 15:45:00,940,940,940,940,0
2022-04-26 15:46:00,940,940,940,940,0
2022-04-26 15:47:00,940,940,940,940,0
2022-04-26 15:48:00,940,940,940,940,0
2022-04-26 15:49:00,940,940,940,940,0
2022-04-26 15:50:00,940,940,940,940,0
2022-04-26 15:51:00,940,940,940,940,0
2022-04-26 15:52:00,940,940,940,940,0
2022-04-26 15:53:00,940,940,940,940,0
2022-04-26 15:54:00,940,940,940,940,0
2022-04-26 15:55:00,940,940,940,940,0
2022-04-26 15:56:00,940,940,940,940,0
2022-04-26 15:57:00,940,940,940,940,0
2022-04-26 15:58:00,940,940,940,940,0
2022-04-26 15:59:00,940,940,940,940,0
2022-04-27 09:00:00,940,890,940,900,0
2022-04-27 09:01:00,890,890,900,900,118600
2022-04-27 09:02:00,895,895,900,895,67200
2022-04-27 09:03:00,900,895,900,895,7200
2022-04-27 09:04:00,895,895,900,895,423100
2022-04-27 09:05:00,895,895,900,900,30000
2022-04-27 09:06:00,900,895,905,905,42700
2022-04-27 09:07:00,900,895,900,895,27300
2022-04-27 09:08:00,895,890,895,890,43600
2022-04-27 09:09:00,895,890,895,890,23600
2022-04-27 09:10:00,895,890,895,890,23600
2022-04-27 09:11:00,895,890,895,890,6000
2022-04-27 09:12:00,895,890,895,895,13100
2022-04-27 09:13:00,895,895,895,895,6900
2022-04-27 09:14:00,895,895,900,895,9600
2022-04-27 09:15:00,900,895,900,900,15900
2022-04-27 09:16:00,895,895,900,895,16300
2022-04-27 09:17:00,900,895,900,900,8600
2022-04-27 09:18:00,900,895,900,895,9300
2022-04-27 09:19:00,900,895,900,900,14800
2022-04-27 09:20:00,900,895,900,900,14300
2022-04-27 09:21:00,900,895,905,905,18500
2022-04-27 09:22:00,900,890,900,890,188300
2022-04-27 09:23:00,895,890,895,890,65700
2022-04-27 09:24:00,890,880,890,885,394700
2022-04-27 09:25:00,880,880,885,885,88400
2022-04-27 09:26:00,885,880,885,880,29200
2022-04-27 09:27:00,885,880,885,880,71400
2022-04-27 09:28:00,880,875,880,880,34600
2022-04-27 09:29:00,880,880,880,880,10100
2022-04-27 09:30:00,880,880,880,880,5500
2022-04-27 09:31:00,880,880,880,880,13000
2022-04-27 09:32:00,880,880,885,885,10500
2022-04-27 09:33:00,885,885,885,885,3300
2022-04-27 09:34:00,885,880,885,885,4400
2022-04-27 09:35:00,880,880,880,880,9500
2022-04-27 09:36:00,880,880,880,880,10300
2022-04-27 09:37:00,880,880,880,880,1000
2022-04-27 09:38:00,880,880,880,880,3000
2022-04-27 09:39:00,880,880,880,880,10100
2022-04-27 09:40:00,880,880,880,880,5000
2022-04-27 09:41:00,880,880,885,885,34500
2022-04-27 09:42:00,890,890,890,890,200
2022-04-27 09:43:00,890,885,890,885,4400
2022-04-27 09:44:00,885,885,885,885,6600
2022-04-27 09:45:00,885,885,885,885,40900
2022-04-27 09:46:00,885,885,890,890,16200
2022-04-27 09:47:00,885,885,885,885,500
2022-04-27 09:48:00,885,885,885,885,800
2022-04-27 09:49:00,885,885,885,885,0
2022-04-27 09:50:00,890,890,890,890,23800
2022-04-27 09:51:00,890,890,890,890,0
2022-04-27 09:52:00,890,890,890,890,0
2022-04-27 09:53:00,895,890,895,890,26900
2022-04-27 09:54:00,895,890,895,890,0
2022-04-27 09:55:00,890,890,895,890,51400
2022-04-27 09:56:00,890,890,890,890,25100
2022-04-27 09:57:00,890,890,890,890,43000
2022-04-27 09:58:00,885,885,885,885,5000
2022-04-27 09:59:00,885,885,885,885,22000
2022-04-27 10:00:00,885,885,885,885,40500
2022-04-27 10:01:00,890,880,890,880,73400
2022-04-27 10:02:00,885,885,885,885,71300
2022-04-27 10:03:00,885,885,885,885,0
2022-04-27 10:04:00,885,885,885,885,15100
2022-04-27 10:05:00,890,885,890,885,3500
2022-04-27 10:06:00,890,885,890,885,0
2022-04-27 10:07:00,890,885,890,885,0
2022-04-27 10:08:00,890,885,890,885,0
2022-04-27 10:09:00,890,885,890,885,0
2022-04-27 10:10:00,890,885,890,885,7400
2022-04-27 10:11:00,890,890,890,890,100
2022-04-27 10:12:00,885,885,890,890,11200
2022-04-27 10:13:00,885,885,885,885,2800
2022-04-27 10:14:00,880,880,890,890,300
2022-04-27 10:15:00,890,890,890,890,100
2022-04-27 10:16:00,890,890,890,890,5000
2022-04-27 10:17:00,890,890,890,890,0
2022-04-27 10:18:00,890,890,890,890,6400
2022-04-27 10:19:00,890,890,890,890,10000
2022-04-27 10:20:00,890,890,890,890,17400
2022-04-27 10:21:00,890,890,890,890,0
2022-04-27 10:22:00,895,895,895,895,100
2022-04-27 10:23:00,895,895,895,895,10000
2022-04-27 10:24:00,890,890,890,890,25000
2022-04-27 10:25:00,895,890,895,890,20100
2022-04-27 10:26:00,890,890,890,890,400
2022-04-27 10:27:00,900,890,900,890,3500
2022-04-27 10:28:00,895,895,905,900,71300
2022-04-27 10:29:00,900,900,900,900,3400
2022-04-27 10:30:00,900,900,905,905,16200
2022-04-27 10:31:00,905,905,910,910,40100
2022-04-27 10:32:00,905,905,905,905,1700
2022-04-27 10:33:00,905,905,925,920,100100
2022-04-27 10:34:00,915,910,915,910,7000
2022-04-27 10:35:00,915,915,915,915,100
2022-04-27 10:36:00,910,910,910,910,1900
2022-04-27 10:37:00,910,910,910,910,200
2022-04-27 10:38:00,905,905,905,905,5600
2022-04-27 10:39:00,905,905,905,905,0
2022-04-27 10:40:00,905,905,905,905,100
2022-04-27 10:41:00,905,905,905,905,0
2022-04-27 10:42:00,905,905,905,905,1200
2022-04-27 10:43:00,905,905,905,905,1600
2022-04-27 10:44:00,900,900,905,905,29600
2022-04-27 10:45:00,905,905,905,905,3700
2022-04-27 10:46:00,905,905,905,905,0
2022-04-27 10:47:00,905,905,905,905,10000
2022-04-27 10:48:00,905,900,905,900,18100
2022-04-27 10:49:00,910,910,910,910,20000
2022-04-27 10:50:00,910,910,910,910,78800
2022-04-27 10:51:00,910,910,915,910,158200
2022-04-27 10:52:00,910,910,915,910,0
2022-04-27 10:53:00,910,910,910,910,1500
2022-04-27 10:54:00,910,905,910,905,900
2022-04-27 10:55:00,910,905,910,905,0
2022-04-27 10:56:00,910,905,910,905,0
2022-04-27 10:57:00,910,905,910,905,0
2022-04-27 10:58:00,905,900,905,900,28900
2022-04-27 10:59:00,905,900,905,900,0
2022-04-27 11:00:00,900,900,905,905,6400
2022-04-27 11:01:00,900,900,905,905,0
2022-04-27 11:02:00,905,905,905,905,1000
2022-04-27 11:03:00,905,905,905,905,0
2022-04-27 11:04:00,910,910,910,910,1000
2022-04-27 11:05:00,910,910,910,910,0
2022-04-27 11:06:00,910,910,910,910,0
2022-04-27 11:07:00,910,910,910,910,0
2022-04-27 11:08:00,910,910,910,910,500
2022-04-27 11:09:00,910,910,910,910,300
2022-04-27 11:10:00,910,910,910,910,10000
2022-04-27 11:11:00,910,910,910,910,0
2022-04-27 11:12:00,910,910,910,910,13700
2022-04-27 11:13:00,910,910,910,910,3400
2022-04-27 11:14:00,910,910,910,910,1200
2022-04-27 11:15:00,910,910,910,910,0
2022-04-27 11:16:00,910,910,910,910,1200
2022-04-27 11:17:00,910,910,910,910,0
2022-04-27 11:18:00,910,905,910,905,12000
2022-04-27 11:19:00,910,905,910,905,0
2022-04-27 11:20:00,910,905,910,905,0
2022-04-27 11:21:00,905,905,905,905,3000
2022-04-27 11:22:00,905,905,905,905,0
2022-04-27 11:23:00,905,905,905,905,0
2022-04-27 11:24:00,905,905,905,905,0
2022-04-27 11:25:00,905,905,905,905,600
2022-04-27 11:26:00,905,905,905,905,3800
2022-04-27 11:27:00,905,905,905,905,0
2022-04-27 11:28:00,905,905,905,905,0
2022-04-27 11:29:00,905,905,905,905,0
2022-04-27 11:30:00,905,905,905,905,0
2022-04-27 11:31:00,905,905,905,905,0
2022-04-27 11:32:00,905,905,905,905,0
2022-04-27 11:33:00,905,905,905,905,0
2022-04-27 11:34:00,905,905,905,905,0
2022-04-27 11:35:00,905,905,905,905,0
2022-04-27 11:36:00,905,905,905,905,0
2022-04-27 11:37:00,905,905,905,905,0
2022-04-27 11:38:00,905,905,905,905,0
2022-04-27 11:39:00,905,905,905,905,0
2022-04-27 11:40:00,905,905,905,905,0
2022-04-27 11:41:00,905,905,905,905,0
2022-04-27 11:42:00,905,905,905,905,0
2022-04-27 11:43:00,905,905,905,905,0
2022-04-27 11:44:00,905,905,905,905,0
2022-04-27 11:45:00,905,905,905,905,0
2022-04-27 11:46:00,905,905,905,905,0
2022-04-27 11:47:00,905,905,905,905,0
2022-04-27 11:48:00,905,905,905,905,0
2022-04-27 11:49:00,905,905,905,905,0
2022-04-27 11:50:00,905,905,905,905,0
2022-04-27 11:51:00,905,905,905,905,0
2022-04-27 11:52:00,905,905,905,905,0
2022-04-27 11:53:00,905,905,905,905,0
2022-04-27 11:54:00,905,905,905,905,0
2022-04-27 11:55:00,905,905,905,905,0
2022-04-27 11:56:00,905,905,905,905,0
2022-04-27 11:57:00,905,905,905,905,0
2022-04-27 11:58:00,905,905,905,905,0
2022-04-27 11:59:00,905,905,905,905,0
2022-04-27 12:00:00,905,905,905,905,0
2022-04-27 12:01:00,905,905,905,905,0
2022-04-27 12:02:00,905,905,905,905,0
2022-04-27 12:03:00,905,905,905,905,0
2022-04-27 12:04:00,905,905,905,905,0
2022-04-27 12:05:00,905,905,905,905,0
2022-04-27 12:06:00,905,905,905,905,0
2022-04-27 12:07:00,905,905,905,905,0
2022-04-27 12:08:00,905,905,905,905,0
2022-04-27 12:09:00,905,905,905,905,0
2022-04-27 12:10:00,905,905,905,905,0
2022-04-27 12:11:00,905,905,905,905,0
2022-04-27 12:12:00,905,905,905,905,0
2022-04-27 12:13:00,905,905,905,905,0
2022-04-27 12:14:00,905,905,905,905,0
2022-04-27 12:15:00,905,905,905,905,0
2022-04-27 12:16:00,905,905,905,905,0
2022-04-27 12:17:00,905,905,905,905,0
2022-04-27 12:18:00,905,905,905,905,0
2022-04-27 12:19:00,905,905,905,905,0
2022-04-27 12:20:00,905,905,905,905,0
2022-04-27 12:21:00,905,905,905,905,0
2022-04-27 12:22:00,905,905,905,905,0
2022-04-27 12:23:00,905,905,905,905,0
2022-04-27 12:24:00,905,905,905,905,0
2022-04-27 12:25:00,905,905,905,905,0
2022-04-27 12:26:00,905,905,905,905,0
2022-04-27 12:27:00,905,905,905,905,0
2022-04-27 12:28:00,905,905,905,905,0
2022-04-27 12:29:00,905,905,905,905,0
2022-04-27 12:30:00,905,905,905,905,0
2022-04-27 12:31:00,905,905,905,905,0
2022-04-27 12:32:00,905,905,905,905,0
2022-04-27 12:33:00,905,905,905,905,0
2022-04-27 12:34:00,905,905,905,905,0
2022-04-27 12:35:00,905,905,905,905,0
2022-04-27 12:36:00,905,905,905,905,0
2022-04-27 12:37:00,905,905,905,905,0
2022-04-27 12:38:00,905,905,905,905,0
2022-04-27 12:39:00,905,905,905,905,0
2022-04-27 12:40:00,905,905,905,905,0
2022-04-27 12:41:00,905,905,905,905,0
2022-04-27 12:42:00,905,905,905,905,0
2022-04-27 12:43:00,905,905,905,905,0
2022-04-27 12:44:00,905,905,905,905,0
2022-04-27 12:45:00,905,905,905,905,0
2022-04-27 12:46:00,905,905,905,905,0
2022-04-27 12:47:00,905,905,905,905,0
2022-04-27 12:48:00,905,905,905,905,0
2022-04-27 12:49:00,905,905,905,905,0
2022-04-27 12:50:00,905,905,905,905,0
2022-04-27 12:51:00,905,905,905,905,0
2022-04-27 12:52:00,905,905,905,905,0
2022-04-27 12:53:00,905,905,905,905,0
2022-04-27 12:54:00,905,905,905,905,0
2022-04-27 12:55:00,905,905,905,905,0
2022-04-27 12:56:00,905,905,905,905,0
2022-04-27 12:57:00,905,905,905,905,0
2022-04-27 12:58:00,905,905,905,905,0
2022-04-27 12:59:00,905,905,905,905,0
2022-04-27 13:00:00,905,905,905,905,0
2022-04-27 13:01:00,905,905,905,905,0
2022-04-27 13:02:00,905,905,905,905,0
2022-04-27 13:03:00,905,905,905,905,0
2022-04-27 13:04:00,905,905,905,905,0
2022-04-27 13:05:00,905,905,905,905,0
2022-04-27 13:06:00,905,905,905,905,0
2022-04-27 13:07:00,905,905,905,905,0
2022-04-27 13:08:00,905,905,905,905,0
2022-04-27 13:09:00,905,905,905,905,0
2022-04-27 13:10:00,905,905,905,905,0
2022-04-27 13:11:00,905,905,905,905,0
2022-04-27 13:12:00,905,905,905,905,0
2022-04-27 13:13:00,905,905,905,905,0
2022-04-27 13:14:00,905,905,905,905,0
2022-04-27 13:15:00,905,905,905,905,0
2022-04-27 13:16:00,905,905,905,905,0
2022-04-27 13:17:00,905,905,905,905,0
2022-04-27 13:18:00,905,905,905,905,0
2022-04-27 13:19:00,905,905,905,905,0
2022-04-27 13:20:00,905,905,905,905,0
2022-04-27 13:21:00,905,905,905,905,0
2022-04-27 13:22:00,905,905,905,905,0
2022-04-27 13:23:00,905,905,905,905,0
2022-04-27 13:24:00,905,905,905,905,0
2022-04-27 13:25:00,905,905,905,905,0
2022-04-27 13:26:00,905,905,905,905,0
2022-04-27 13:27:00,905,905,905,905,0
2022-04-27 13:28:00,905,905,905,905,0
2022-04-27 13:29:00,905,905,905,905,0
2022-04-27 13:30:00,900,900,905,905,2400
2022-04-27 13:31:00,900,900,900,900,200
2022-04-27 13:32:00,900,900,905,905,10200
2022-04-27 13:33:00,905,905,905,905,200
2022-04-27 13:34:00,900,900,900,900,500
2022-04-27 13:35:00,900,900,905,905,4800
2022-04-27 13:36:00,900,900,900,900,200
2022-04-27 13:37:00,905,905,905,905,8000
2022-04-27 13:38:00,905,905,905,905,0
2022-04-27 13:39:00,905,905,905,905,800
2022-04-27 13:40:00,900,900,905,905,47600
2022-04-27 13:41:00,900,900,905,905,0
2022-04-27 13:42:00,905,905,905,905,6000
2022-04-27 13:43:00,905,905,905,905,1900
2022-04-27 13:44:00,905,905,905,905,0
2022-04-27 13:45:00,905,905,905,905,3900
2022-04-27 13:46:00,905,905,905,905,0
2022-04-27 13:47:00,905,905,905,905,200
2022-04-27 13:48:00,905,905,905,905,0
2022-04-27 13:49:00,905,905,905,905,100
2022-04-27 13:50:00,905,905,905,905,0
2022-04-27 13:51:00,905,905,905,905,100
2022-04-27 13:52:00,905,900,905,900,222800
2022-04-27 13:53:00,900,900,900,900,10800
2022-04-27 13:54:00,900,900,900,900,0
2022-04-27 13:55:00,900,900,900,900,0
2022-04-27 13:56:00,900,900,900,900,23500
2022-04-27 13:57:00,900,900,900,900,1000
2022-04-27 13:58:00,900,900,900,900,0
2022-04-27 13:59:00,905,905,905,905,200
2022-04-27 14:00:00,900,900,900,900,1100
2022-04-27 14:01:00,900,900,900,900,0
2022-04-27 14:02:00,900,900,900,900,1200
2022-04-27 14:03:00,900,900,900,900,0
2022-04-27 14:04:00,900,900,900,900,700
2022-04-27 14:05:00,900,900,900,900,8700
2022-04-27 14:06:00,900,900,900,900,0
2022-04-27 14:07:00,905,900,905,900,7300
2022-04-27 14:08:00,900,900,900,900,4500
2022-04-27 14:09:00,900,900,900,900,0
2022-04-27 14:10:00,900,900,900,900,2500
2022-04-27 14:11:00,900,900,900,900,0
2022-04-27 14:12:00,900,900,900,900,2600
2022-04-27 14:13:00,900,895,900,895,600
2022-04-27 14:14:00,900,900,900,900,200
2022-04-27 14:15:00,900,900,900,900,0
2022-04-27 14:16:00,900,900,900,900,5000
2022-04-27 14:17:00,905,905,905,905,2000
2022-04-27 14:18:00,905,905,905,905,0
2022-04-27 14:19:00,905,895,905,895,8500
2022-04-27 14:20:00,895,895,895,895,1600
2022-04-27 14:21:00,900,900,900,900,300
2022-04-27 14:22:00,900,900,900,900,0
2022-04-27 14:23:00,900,900,900,900,0
2022-04-27 14:24:00,900,900,900,900,0
2022-04-27 14:25:00,900,900,900,900,0
2022-04-27 14:26:00,900,900,900,900,1500
2022-04-27 14:27:00,895,895,900,895,252000
2022-04-27 14:28:00,900,890,905,890,231400
2022-04-27 14:29:00,900,890,905,890,0
2022-04-27 14:30:00,900,890,905,890,0
2022-04-27 14:31:00,900,890,905,890,0
2022-04-27 14:32:00,890,890,890,890,2500
2022-04-27 14:33:00,890,890,890,890,0
2022-04-27 14:34:00,890,890,890,890,30000
2022-04-27 14:35:00,890,890,890,890,0
2022-04-27 14:36:00,895,890,900,890,39500
2022-04-27 14:37:00,885,885,885,885,18300
2022-04-27 14:38:00,885,885,890,890,135000
2022-04-27 14:39:00,885,885,890,890,0
2022-04-27 14:40:00,895,890,895,890,800
2022-04-27 14:41:00,890,885,895,895,1400
2022-04-27 14:42:00,895,885,895,885,40800
2022-04-27 14:43:00,885,885,885,885,7000
2022-04-27 14:44:00,885,885,895,895,1100
2022-04-27 14:45:00,895,895,895,895,314400
2022-04-27 14:46:00,895,895,895,895,0
2022-04-27 14:47:00,890,890,895,890,9200
2022-04-27 14:48:00,895,895,900,900,4300
2022-04-27 14:49:00,895,895,895,895,1000
2022-04-27 14:50:00,895,895,895,895,0
2022-04-27 14:51:00,895,895,895,895,0
2022-04-27 14:52:00,895,895,895,895,0
2022-04-27 14:53:00,895,895,895,895,0
2022-04-27 14:54:00,895,895,895,895,0
2022-04-27 14:55:00,895,895,895,895,0
2022-04-27 14:56:00,895,895,895,895,0
2022-04-27 14:57:00,895,895,895,895,0
2022-04-27 14:58:00,895,895,895,895,0
2022-04-27 14:59:00,895,895,895,895,0
2022-04-27 15:00:00,885,885,885,885,62000
2022-04-27 15:01:00,885,885,885,885,42200
2022-04-27 15:02:00,885,885,885,885,0
2022-04-27 15:03:00,885,885,885,885,400
2022-04-27 15:04:00,885,885,885,885,3000
2022-04-27 15:05:00,885,885,885,885,600
2022-04-27 15:06:00,885,885,885,885,8900
2022-04-27 15:07:00,885,885,885,885,1600
2022-04-27 15:08:00,885,885,885,885,300
2022-04-27 15:09:00,885,885,885,885,8100
2022-04-27 15:10:00,885,885,885,885,3000
2022-04-27 15:11:00,885,885,885,885,4900
2022-04-27 15:12:00,885,885,885,885,0
2022-04-27 15:13:00,885,885,885,885,0
2022-04-27 15:14:00,885,885,885,885,1000
2022-04-27 15:15:00,885,885,885,885,0
2022-04-27 15:16:00,885,885,885,885,0
2022-04-27 15:17:00,885,885,885,885,0
2022-04-27 15:18:00,885,885,885,885,0
2022-04-27 15:19:00,885,885,885,885,0
2022-04-27 15:20:00,885,885,885,885,0
2022-04-27 15:21:00,885,885,885,885,0
2022-04-27 15:22:00,885,885,885,885,0
2022-04-27 15:23:00,885,885,885,885,0
2022-04-27 15:24:00,885,885,885,885,0
2022-04-27 15:25:00,885,885,885,885,0
2022-04-27 15:26:00,885,885,885,885,0
2022-04-27 15:27:00,885,885,885,885,0
2022-04-27 15:28:00,885,885,885,885,0
2022-04-27 15:29:00,885,885,885,885,0
2022-04-27 15:30:00,885,885,885,885,0
2022-04-27 15:31:00,885,885,885,885,0
2022-04-27 15:32:00,885,885,885,885,0
2022-04-27 15:33:00,885,885,885,885,0
2022-04-27 15:34:00,885,885,885,885,0
2022-04-27 15:35:00,885,885,885,885,0
2022-04-27 15:36:00,885,885,885,885,0
2022-04-27 15:37:00,885,885,885,885,0
2022-04-27 15:38:00,885,885,885,885,0
2022-04-27 15:39:00,885,885,885,885,0
2022-04-27 15:40:00,885,885,885,885,0
2022-04-27 15:41:00,885,885,885,885,0
2022-04-27 15:42:00,885,885,885,885,0
2022-04-27 15:43:00,885,885,885,885,0
2022-04-27 15:44:00,885,885,885,885,0
2022-04-27 15:45:00,885,885,885,885,0
2022-04-27 15:46:00,885,885,885,885,0
2022-04-27 15:47:00,885,885,885,885,0
2022-04-27 15:48:00,885,885,885,885,0
2022-04-27 15:49:00,885,885,885,885,0
2022-04-27 15:50:00,885,885,885,885,0
2022-04-27 15:51:00,885,885,885,885,0
2022-04-27 15:52:00,885,885,885,885,0
2022-04-27 15:53:00,885,885,885,885,0
2022-04-27 15:54:00,885,885,885,885,0
2022-04-27 15:55:00,885,885,885,885,0
2022-04-27 15:56:00,885,885,885,885,0
2022-04-27 15:57:00,885,885,885,885,0
2022-04-27 15:58:00,885,885,885,885,0
2022-04-27 15:59:00,885,885,885,885,0
2022-04-28 09:00:00,885,860,885,885,0
2022-04-28 09:01:00,885,860,885,860,18600
2022-04-28 09:02:00,885,860,885,860,0
2022-04-28 09:03:00,870,860,870,860,200
2022-04-28 09:04:00,860,850,860,850,16900
2022-04-28 09:05:00,850,850,855,850,5100
2022-04-28 09:06:00,855,850,855,850,1100
2022-04-28 09:07:00,855,850,855,850,900
2022-04-28 09:08:00,855,850,855,855,64500
2022-04-28 09:09:00,860,855,860,855,6000
2022-04-28 09:10:00,855,855,855,855,15200
2022-04-28 09:11:00,865,865,865,865,10000
2022-04-28 09:12:00,865,865,865,865,9700
2022-04-28 09:13:00,865,865,865,865,4400
2022-04-28 09:14:00,860,860,860,860,102700
2022-04-28 09:15:00,860,860,860,860,5300
2022-04-28 09:16:00,860,860,860,860,10500
2022-04-28 09:17:00,860,855,860,860,376500
2022-04-28 09:18:00,855,850,855,855,52500
2022-04-28 09:19:00,860,860,860,860,36000
2022-04-28 09:20:00,860,860,860,860,5100
2022-04-28 09:21:00,860,860,860,860,10000
2022-04-28 09:22:00,865,865,865,865,1000
2022-04-28 09:23:00,865,865,865,865,0
2022-04-28 09:24:00,865,865,865,865,0
2022-04-28 09:25:00,865,855,865,860,32600
2022-04-28 09:26:00,865,865,885,880,67800
2022-04-28 09:27:00,875,865,905,875,106300
2022-04-28 09:28:00,875,875,875,875,1500
2022-04-28 09:29:00,880,880,880,880,400
2022-04-28 09:30:00,880,880,885,885,9100
2022-04-28 09:31:00,885,885,885,885,2800
2022-04-28 09:32:00,885,885,885,885,500
2022-04-28 09:33:00,885,885,885,885,900
2022-04-28 09:34:00,885,885,885,885,0
2022-04-28 09:35:00,885,885,885,885,0
2022-04-28 09:36:00,880,880,885,885,1100
2022-04-28 09:37:00,885,885,885,885,21800
2022-04-28 09:38:00,885,885,890,890,8100
2022-04-28 09:39:00,890,880,890,880,257300
2022-04-28 09:40:00,885,880,890,880,102600
2022-04-28 09:41:00,885,880,890,880,0
2022-04-28 09:42:00,880,880,880,880,400
2022-04-28 09:43:00,880,875,880,880,6300
2022-04-28 09:44:00,880,875,880,880,0
2022-04-28 09:45:00,880,875,880,880,0
2022-04-28 09:46:00,875,875,875,875,8600
2022-04-28 09:47:00,875,875,875,875,0
2022-04-28 09:48:00,875,875,875,875,0
2022-04-28 09:49:00,875,875,875,875,0
2022-04-28 09:50:00,875,875,875,875,10000
2022-04-28 09:51:00,875,875,875,875,1000
2022-04-28 09:52:00,875,875,875,875,0
2022-04-28 09:53:00,880,880,885,885,19900
2022-04-28 09:54:00,880,880,885,885,0
2022-04-28 09:55:00,880,880,885,885,0
2022-04-28 09:56:00,885,885,885,885,900
2022-04-28 09:57:00,885,885,885,885,600
2022-04-28 09:58:00,885,885,885,885,6000
2022-04-28 09:59:00,890,890,890,890,16800
2022-04-28 10:00:00,895,895,895,895,110000
2022-04-28 10:01:00,895,895,895,895,1800
2022-04-28 10:02:00,895,895,895,895,18700
2022-04-28 10:03:00,895,895,895,895,5000
2022-04-28 10:04:00,895,895,900,900,2300
2022-04-28 10:05:00,900,895,900,900,216300
2022-04-28 10:06:00,900,900,900,900,2000
2022-04-28 10:07:00,900,900,900,900,100
2022-04-28 10:08:00,900,900,900,900,0
2022-04-28 10:09:00,900,900,900,900,0
2022-04-28 10:10:00,900,900,900,900,200
2022-04-28 10:11:00,900,900,900,900,800
2022-04-28 10:12:00,895,895,895,895,14500
2022-04-28 10:13:00,895,895,895,895,6300
2022-04-28 10:14:00,895,895,895,895,10000
2022-04-28 10:15:00,895,890,895,890,2200
2022-04-28 10:16:00,895,895,915,915,122200
2022-04-28 10:17:00,915,915,955,950,250700
2022-04-28 10:18:00,955,935,960,935,108000
2022-04-28 10:19:00,935,920,935,925,75600
2022-04-28 10:20:00,925,925,930,930,13900
2022-04-28 10:21:00,925,920,925,925,282300
2022-04-28 10:22:00,925,925,930,930,176900
2022-04-28 10:23:00,935,930,950,950,50700
2022-04-28 10:24:00,950,950,950,950,6800
2022-04-28 10:25:00,940,935,940,935,3200
2022-04-28 10:26:00,935,930,935,935,54500
2022-04-28 10:27:00,935,935,950,935,185000
2022-04-28 10:28:00,935,935,935,935,109900
2022-04-28 10:29:00,935,935,935,935,1000
2022-04-28 10:30:00,935,935,935,935,7600
2022-04-28 10:31:00,945,945,945,945,100
2022-04-28 10:32:00,945,945,950,950,20000
2022-04-28 10:33:00,950,950,955,955,41300
2022-04-28 10:34:00,945,945,960,960,60900
2022-04-28 10:35:00,955,955,955,955,300
2022-04-28 10:36:00,955,950,955,950,600
2022-04-28 10:37:00,950,945,950,945,1200
2022-04-28 10:38:00,945,940,945,940,21100
2022-04-28 10:39:00,940,940,940,940,300
2022-04-28 10:40:00,940,940,940,940,0
2022-04-28 10:41:00,940,940,940,940,6100
2022-04-28 10:42:00,940,940,940,940,0
2022-04-28 10:43:00,940,940,940,940,2200
2022-04-28 10:44:00,940,940,940,940,0
2022-04-28 10:45:00,940,940,940,940,5800
2022-04-28 10:46:00,935,935,935,935,22900
2022-04-28 10:47:00,940,940,940,940,500
2022-04-28 10:48:00,935,935,935,935,1000
2022-04-28 10:49:00,935,935,935,935,0
2022-04-28 10:50:00,935,935,935,935,2000
2022-04-28 10:51:00,935,935,935,935,0
2022-04-28 10:52:00,935,935,935,935,900
2022-04-28 10:53:00,935,935,935,935,0
2022-04-28 10:54:00,940,940,940,940,1600
2022-04-28 10:55:00,930,930,930,930,2000
2022-04-28 10:56:00,940,940,940,940,3200
2022-04-28 10:57:00,940,940,940,940,0
2022-04-28 10:58:00,940,940,940,940,500
2022-04-28 10:59:00,940,940,940,940,7900
2022-04-28 11:00:00,935,935,935,935,4000
2022-04-28 11:01:00,935,935,935,935,0
2022-04-28 11:02:00,935,935,935,935,4400
2022-04-28 11:03:00,940,940,940,940,500
2022-04-28 11:04:00,940,940,940,940,2400
2022-04-28 11:05:00,945,945,945,945,1100
2022-04-28 11:06:00,945,945,945,945,1100
2022-04-28 11:07:00,940,940,945,945,7400
2022-04-28 11:08:00,945,940,945,940,32000
2022-04-28 11:09:00,940,940,940,940,200
2022-04-28 11:10:00,935,935,935,935,500
2022-04-28 11:11:00,940,940,940,940,1000
2022-04-28 11:12:00,940,940,940,940,0
2022-04-28 11:13:00,945,945,945,945,100
2022-04-28 11:14:00,945,940,945,940,300
2022-04-28 11:15:00,940,940,940,940,11600
2022-04-28 11:16:00,940,940,940,940,0
2022-04-28 11:17:00,935,935,935,935,2900
2022-04-28 11:18:00,935,935,935,935,0
2022-04-28 11:19:00,940,940,940,940,600
2022-04-28 11:20:00,935,935,935,935,36000
2022-04-28 11:21:00,930,930,930,930,100
2022-04-28 11:22:00,935,935,935,935,4600
2022-04-28 11:23:00,935,935,935,935,0
2022-04-28 11:24:00,935,935,935,935,0
2022-04-28 11:25:00,935,935,935,935,100
2022-04-28 11:26:00,940,940,940,940,600
2022-04-28 11:27:00,940,940,940,940,800
2022-04-28 11:28:00,940,940,940,940,1300
2022-04-28 11:29:00,940,940,940,940,6600
2022-04-28 11:30:00,940,940,940,940,0
2022-04-28 11:31:00,940,940,940,940,0
2022-04-28 11:32:00,940,940,940,940,0
2022-04-28 11:33:00,940,940,940,940,0
2022-04-28 11:34:00,940,940,940,940,0
2022-04-28 11:35:00,940,940,940,940,0
2022-04-28 11:36:00,940,940,940,940,0
2022-04-28 11:37:00,940,940,940,940,0
2022-04-28 11:38:00,940,940,940,940,0
2022-04-28 11:39:00,940,940,940,940,0
2022-04-28 11:40:00,940,940,940,940,0
2022-04-28 11:41:00,940,940,940,940,0
2022-04-28 11:42:00,940,940,940,940,0
2022-04-28 11:43:00,940,940,940,940,0
2022-04-28 11:44:00,940,940,940,940,0
2022-04-28 11:45:00,940,940,940,940,0
2022-04-28 11:46:00,940,940,940,940,0
2022-04-28 11:47:00,940,940,940,940,0
2022-04-28 11:48:00,940,940,940,940,0
2022-04-28 11:49:00,940,940,940,940,0
2022-04-28 11:50:00,940,940,940,940,0
2022-04-28 11:51:00,940,940,940,940,0
2022-04-28 11:52:00,940,940,940,940,0
2022-04-28 11:53:00,940,940,940,940,0
2022-04-28 11:54:00,940,940,940,940,0
2022-04-28 11:55:00,940,940,940,940,0
2022-04-28 11:56:00,940,940,940,940,0
2022-04-28 11:57:00,940,940,940,940,0
2022-04-28 11:58:00,940,940,940,940,0
2022-04-28 11:59:00,940,940,940,940,0
2022-04-28 12:00:00,940,940,940,940,0
2022-04-28 12:01:00,940,940,940,940,0
2022-04-28 12:02:00,940,940,940,940,0
2022-04-28 12:03:00,940,940,940,940,0
2022-04-28 12:04:00,940,940,940,940,0
2022-04-28 12:05:00,940,940,940,940,0
2022-04-28 12:06:00,940,940,940,940,0
2022-04-28 12:07:00,940,940,940,940,0
2022-04-28 12:08:00,940,940,940,940,0
2022-04-28 12:09:00,940,940,940,940,0
2022-04-28 12:10:00,940,940,940,940,0
2022-04-28 12:11:00,940,940,940,940,0
2022-04-28 12:12:00,940,940,940,940,0
2022-04-28 12:13:00,940,940,940,940,0
2022-04-28 12:14:00,940,940,940,940,0
2022-04-28 12:15:00,940,940,940,940,0
2022-04-28 12:16:00,940,940,940,940,0
2022-04-28 12:17:00,940,940,940,940,0
2022-04-28 12:18:00,940,940,940,940,0
2022-04-28 12:19:00,940,940,940,940,0
2022-04-28 12:20:00,940,940,940,940,0
2022-04-28 12:21:00,940,940,940,940,0
2022-04-28 12:22:00,940,940,940,940,0
2022-04-28 12:23:00,940,940,940,940,0
2022-04-28 12:24:00,940,940,940,940,0
2022-04-28 12:25:00,940,940,940,940,0
2022-04-28 12:26:00,940,940,940,940,0
2022-04-28 12:27:00,940,940,940,940,0
2022-04-28 12:28:00,940,940,940,940,0
2022-04-28 12:29:00,940,940,940,940,0
2022-04-28 12:30:00,940,940,940,940,0
2022-04-28 12:31:00,940,940,940,940,0
2022-04-28 12:32:00,940,940,940,940,0
2022-04-28 12:33:00,940,940,940,940,0
2022-04-28 12:34:00,940,940,940,940,0
2022-04-28 12:35:00,940,940,940,940,0
2022-04-28 12:36:00,940,940,940,940,0
2022-04-28 12:37:00,940,940,940,940,0
2022-04-28 12:38:00,940,940,940,940,0
2022-04-28 12:39:00,940,940,940,940,0
2022-04-28 12:40:00,940,940,940,940,0
2022-04-28 12:41:00,940,940,940,940,0
2022-04-28 12:42:00,940,940,940,940,0
2022-04-28 12:43:00,940,940,940,940,0
2022-04-28 12:44:00,940,940,940,940,0
2022-04-28 12:45:00,940,940,940,940,0
2022-04-28 12:46:00,940,940,940,940,0
2022-04-28 12:47:00,940,940,940,940,0
2022-04-28 12:48:00,940,940,940,940,0
2022-04-28 12:49:00,940,940,940,940,0
2022-04-28 12:50:00,940,940,940,940,0
2022-04-28 12:51:00,940,940,940,940,0
2022-04-28 12:52:00,940,940,940,940,0
2022-04-28 12:53:00,940,940,940,940,0
2022-04-28 12:54:00,940,940,940,940,0
2022-04-28 12:55:00,940,940,940,940,0
2022-04-28 12:56:00,940,940,940,940,0
2022-04-28 12:57:00,940,940,940,940,0
2022-04-28 12:58:00,940,940,940,940,0
2022-04-28 12:59:00,940,940,940,940,0
2022-04-28 13:00:00,940,940,940,940,0
2022-04-28 13:01:00,940,940,940,940,0
2022-04-28 13:02:00,940,940,940,940,0
2022-04-28 13:03:00,940,940,940,940,0
2022-04-28 13:04:00,940,940,940,940,0
2022-04-28 13:05:00,940,940,940,940,0
2022-04-28 13:06:00,940,940,940,940,0
2022-04-28 13:07:00,940,940,940,940,0
2022-04-28 13:08:00,940,940,940,940,0
2022-04-28 13:09:00,940,940,940,940,0
2022-04-28 13:10:00,940,940,940,940,0
2022-04-28 13:11:00,940,940,940,940,0
2022-04-28 13:12:00,940,940,940,940,0
2022-04-28 13:13:00,940,940,940,940,0
2022-04-28 13:14:00,940,940,940,940,0
2022-04-28 13:15:00,940,940,940,940,0
2022-04-28 13:16:00,940,940,940,940,0
2022-04-28 13:17:00,940,940,940,940,0
2022-04-28 13:18:00,940,940,940,940,0
2022-04-28 13:19:00,940,940,940,940,0
2022-04-28 13:20:00,940,940,940,940,0
2022-04-28 13:21:00,940,940,940,940,0
2022-04-28 13:22:00,940,940,940,940,0
2022-04-28 13:23:00,940,940,940,940,0
2022-04-28 13:24:00,940,940,940,940,0
2022-04-28 13:25:00,940,940,940,940,0
2022-04-28 13:26:00,940,940,940,940,0
2022-04-28 13:27:00,940,940,940,940,0
2022-04-28 13:28:00,940,940,940,940,0
2022-04-28 13:29:00,940,940,940,940,0
2022-04-28 13:30:00,940,940,945,940,17000
2022-04-28 13:31:00,940,940,945,940,0
2022-04-28 13:32:00,940,935,940,940,107500
2022-04-28 13:33:00,935,930,935,930,40000
2022-04-28 13:34:00,935,935,935,935,11300
2022-04-28 13:35:00,945,945,950,950,43100
2022-04-28 13:36:00,950,950,950,950,4500
2022-04-28 13:37:00,950,950,950,950,42100
2022-04-28 13:38:00,945,945,955,955,3800
2022-04-28 13:39:00,955,955,955,955,4200
2022-04-28 13:40:00,955,955,955,955,68800
2022-04-28 13:41:00,955,950,955,955,106600
2022-04-28 13:42:00,955,945,955,945,300
2022-04-28 13:43:00,945,945,945,945,300
2022-04-28 13:44:00,945,945,955,955,21000
2022-04-28 13:45:00,955,955,955,955,4600
2022-04-28 13:46:00,955,955,955,955,1900
2022-04-28 13:47:00,960,955,960,955,8800
2022-04-28 13:48:00,955,955,955,955,3300
2022-04-28 13:49:00,950,950,950,950,2100
2022-04-28 13:50:00,950,950,950,950,500
2022-04-28 13:51:00,950,950,950,950,0
2022-04-28 13:52:00,950,950,950,950,150000
2022-04-28 13:53:00,950,950,950,950,0
2022-04-28 13:54:00,950,950,950,950,7800
2022-04-28 13:55:00,950,950,950,950,0
2022-04-28 13:56:00,950,950,950,950,0
2022-04-28 13:57:00,950,950,950,950,0
2022-04-28 13:58:00,950,950,950,950,0
2022-04-28 13:59:00,950,950,950,950,0
2022-04-28 14:00:00,950,950,950,950,0
2022-04-28 14:01:00,950,950,950,950,0
2022-04-28 14:02:00,950,950,950,950,0
2022-04-28 14:03:00,945,945,945,945,35200
2022-04-28 14:04:00,945,945,945,945,0
2022-04-28 14:05:00,945,945,945,945,200
2022-04-28 14:06:00,945,945,945,945,1300
2022-04-28 14:07:00,945,945,945,945,0
2022-04-28 14:08:00,945,945,945,945,0
2022-04-28 14:09:00,945,940,945,940,1500
2022-04-28 14:10:00,945,945,945,945,200
2022-04-28 14:11:00,945,945,945,945,300
2022-04-28 14:12:00,945,945,945,945,0
2022-04-28 14:13:00,945,945,945,945,0
2022-04-28 14:14:00,945,945,945,945,0
2022-04-28 14:15:00,945,945,950,950,102300
2022-04-28 14:16:00,945,945,950,950,0
2022-04-28 14:17:00,950,950,950,950,1000
2022-04-28 14:18:00,950,950,950,950,0
2022-04-28 14:19:00,950,950,950,950,0
2022-04-28 14:20:00,950,950,950,950,0
2022-04-28 14:21:00,950,950,950,950,0
2022-04-28 14:22:00,945,945,945,945,1900
2022-04-28 14:23:00,945,945,945,945,3000
2022-04-28 14:24:00,945,945,945,945,0
2022-04-28 14:25:00,945,945,945,945,200
2022-04-28 14:26:00,945,945,945,945,2500
2022-04-28 14:27:00,945,945,945,945,0
2022-04-28 14:28:00,945,945,945,945,3600
2022-04-28 14:29:00,945,945,945,945,1700
2022-04-28 14:30:00,945,945,945,945,0
2022-04-28 14:31:00,945,945,945,945,2000
2022-04-28 14:32:00,945,945,945,945,0
2022-04-28 14:33:00,945,945,945,945,200
2022-04-28 14:34:00,945,945,945,945,4800
2022-04-28 14:35:00,945,945,945,945,0
2022-04-28 14:36:00,940,940,940,940,4800
2022-04-28 14:37:00,940,940,940,940,3000
2022-04-28 14:38:00,940,940,940,940,0
2022-04-28 14:39:00,940,940,940,940,0
2022-04-28 14:40:00,940,940,940,940,0
2022-04-28 14:41:00,940,940,940,940,100
2022-04-28 14:42:00,940,940,940,940,0
2022-04-28 14:43:00,940,940,940,940,0
2022-04-28 14:44:00,940,940,945,945,10700
2022-04-28 14:45:00,945,945,945,945,500
2022-04-28 14:46:00,945,945,945,945,3900
2022-04-28 14:47:00,945,945,945,945,21100
2022-04-28 14:48:00,945,945,945,945,2100
2022-04-28 14:49:00,945,945,945,945,3000
2022-04-28 14:50:00,945,945,945,945,0
2022-04-28 14:51:00,945,945,945,945,0
2022-04-28 14:52:00,945,945,945,945,0
2022-04-28 14:53:00,945,945,945,945,0
2022-04-28 14:54:00,945,945,945,945,0
2022-04-28 14:55:00,945,945,945,945,0
2022-04-28 14:56:00,945,945,945,945,0
2022-04-28 14:57:00,945,945,945,945,0
2022-04-28 14:58:00,945,945,945,945,0
2022-04-28 14:59:00,945,945,945,945,0
2022-04-28 15:00:00,955,955,955,955,177100
2022-04-28 15:01:00,955,955,955,955,1000
2022-04-28 15:02:00,955,955,955,955,100
2022-04-28 15:03:00,955,955,955,955,17400
2022-04-28 15:04:00,955,955,955,955,0
2022-04-28 15:05:00,955,955,955,955,0
2022-04-28 15:06:00,955,955,955,955,0
2022-04-28 15:07:00,955,955,955,955,400
2022-04-28 15:08:00,955,955,955,955,0
2022-04-28 15:09:00,955,955,955,955,0
2022-04-28 15:10:00,955,955,955,955,0
2022-04-28 15:11:00,955,955,955,955,0
2022-04-28 15:12:00,955,955,955,955,0
2022-04-28 15:13:00,955,955,955,955,200
2022-04-28 15:14:00,955,955,955,955,100
2022-04-28 15:15:00,955,955,955,955,0
2022-04-28 15:16:00,955,955,955,955,0
2022-04-28 15:17:00,955,955,955,955,0
2022-04-28 15:18:00,955,955,955,955,0
2022-04-28 15:19:00,955,955,955,955,0
2022-04-28 15:20:00,955,955,955,955,0
2022-04-28 15:21:00,955,955,955,955,0
2022-04-28 15:22:00,955,955,955,955,0
2022-04-28 15:23:00,955,955,955,955,0
2022-04-28 15:24:00,955,955,955,955,0
2022-04-28 15:25:00,955,955,955,955,0
2022-04-28 15:26:00,955,955,955,955,0
2022-04-28 15:27:00,955,955,955,955,0
2022-04-28 15:28:00,955,955,955,955,0
2022-04-28 15:29:00,955,955,955,955,0
2022-04-28 15:30:00,955,955,955,955,0
2022-04-28 15:31:00,955,955,955,955,0
2022-04-28 15:32:00,955,955,955,955,0
2022-04-28 15:33:00,955,955,955,955,0
2022-04-28 15:34:00,955,955,955,955,0
2022-04-28 15:35:00,955,955,955,955,0
2022-04-28 15:36:00,955,955,955,955,0
2022-04-28 15:37:00,955,955,955,955,0
2022-04-28 15:38:00,955,955,955,955,0
2022-04-28 15:39:00,955,955,955,955,0
2022-04-28 15:40:00,955,955,955,955,0
2022-04-28 15:41:00,955,955,955,955,0
2022-04-28 15:42:00,955,955,955,955,0
2022-04-28 15:43:00,955,955,955,955,0
2022-04-28 15:44:00,955,955,955,955,0
2022-04-28 15:45:00,955,955,955,955,0
2022-04-28 15:46:00,955,955,955,955,0
2022-04-28 15:47:00,955,955,955,955,0
2022-04-28 15:48:00,955,955,955,955,0
2022-04-28 15:49:00,955,955,955,955,0
2022-04-28 15:50:00,955,955,955,955,0
2022-04-28 15:51:00,955,955,955,955,0
2022-04-28 15:52:00,955,955,955,955,0
2022-04-28 15:53:00,955,955,955,955,0
2022-04-28 15:54:00,955,955,955,955,0
2022-04-28 15:55:00,955,955,955,955,0
2022-04-28 15:56:00,955,955,955,955,0
2022-04-28 15:57:00,955,955,955,955,0
2022-04-28 15:58:00,955,955,955,955,0
2022-04-28 15:59:00,955,955,955,955,0
2022-04-29 09:00:00,955,955,955,955,0
2022-04-29 09:01:00,955,955,955,955,0
2022-04-29 09:02:00,955,955,955,955,0
2022-04-29 09:03:00,955,955,955,955,0
2022-04-29 09:04:00,955,955,955,955,0
2022-04-29 09:05:00,955,955,955,955,0
2022-04-29 09:06:00,955,955,955,955,0
2022-04-29 09:07:00,955,955,955,955,0
2022-04-29 09:08:00,955,955,955,955,0
2022-04-29 09:09:00,955,955,955,955,0
2022-04-29 09:10:00,955,955,955,955,0
2022-04-29 09:11:00,955,955,955,955,0
2022-04-29 09:12:00,955,955,955,955,0
2022-04-29 09:13:00,955,955,955,955,0
2022-04-29 09:14:00,955,955,955,955,0
2022-04-29 09:15:00,955,955,955,955,0
2022-04-29 09:16:00,955,955,955,955,0
2022-04-29 09:17:00,955,955,955,955,0
2022-04-29 09:18:00,955,955,955,955,0
2022-04-29 09:19:00,955,955,955,955,0
2022-04-29 09:20:00,955,955,955,955,0
2022-04-29 09:21:00,955,955,955,955,0
2022-04-29 09:22:00,955,955,955,955,0
2022-04-29 09:23:00,955,955,955,955,0
2022-04-29 09:24:00,955,955,955,955,0
2022-04-29 09:25:00,955,955,955,955,0
2022-04-29 09:26:00,955,955,955,955,0
2022-04-29 09:27:00,955,955,955,955,0
2022-04-29 09:28:00,955,955,955,955,0
2022-04-29 09:29:00,955,955,955,955,0
2022-04-29 09:30:00,955,955,955,955,0
2022-04-29 09:31:00,955,955,955,955,0
2022-04-29 09:32:00,955,955,955,955,0
2022-04-29 09:33:00,955,955,955,955,0
2022-04-29 09:34:00,955,955,955,955,0
2022-04-29 09:35:00,955,955,955,955,0
2022-04-29 09:36:00,955,955,955,955,0
2022-04-29 09:37:00,955,955,955,955,0
2022-04-29 09:38:00,955,955,955,955,0
2022-04-29 09:39:00,955,955,955,955,0
2022-04-29 09:40:00,955,955,955,955,0
2022-04-29 09:41:00,955,955,955,955,0
2022-04-29 09:42:00,955,955,955,955,0
2022-04-29 09:43:00,955,955,955,955,0
2022-04-29 09:44:00,955,955,955,955,0
2022-04-29 09:45:00,955,955,955,955,0
2022-04-29 09:46:00,955,955,955,955,0
2022-04-29 09:47:00,955,955,955,955,0
2022-04-29 09:48:00,955,955,955,955,0
2022-04-29 09:49:00,955,955,955,955,0
2022-04-29 09:50:00,955,955,955,955,0
2022-04-29 09:51:00,955,955,955,955,0
2022-04-29 09:52:00,955,955,955,955,0
2022-04-29 09:53:00,955,955,955,955,0
2022-04-29 09:54:00,955,955,955,955,0
2022-04-29 09:55:00,955,955,955,955,0
2022-04-29 09:56:00,955,955,955,955,0
2022-04-29 09:57:00,955,955,955,955,0
2022-04-29 09:58:00,955,955,955,955,0
2022-04-29 09:59:00,955,955,955,955,0
2022-04-29 10:00:00,955,955,955,955,0
2022-04-29 10:01:00,955,955,955,955,0
2022-04-29 10:02:00,955,955,955,955,0
2022-04-29 10:03:00,955,955,955,955,0
2022-04-29 10:04:00,955,955,955,955,0
2022-04-29 10:05:00,955,955,955,955,0
2022-04-29 10:06:00,955,955,955,955,0
2022-04-29 10:07:00,955,955,955,955,0
2022-04-29 10:08:00,955,955,955,955,0
2022-04-29 10:09:00,955,955,955,955,0
2022-04-29 10:10:00,955,955,955,955,0
2022-04-29 10:11:00,955,955,955,955,0
2022-04-29 10:12:00,955,955,955,955,0
2022-04-29 10:13:00,955,955,955,955,0
2022-04-29 10:14:00,955,955,955,955,0
2022-04-29 10:15:00,955,955,955,955,0
2022-04-29 10:16:00,955,955,955,955,0
2022-04-29 10:17:00,955,955,955,955,0
2022-04-29 10:18:00,955,955,955,955,0
2022-04-29 10:19:00,955,955,955,955,0
2022-04-29 10:20:00,955,955,955,955,0
2022-04-29 10:21:00,955,955,955,955,0
2022-04-29 10:22:00,955,955,955,955,0
2022-04-29 10:23:00,955,955,955,955,0
2022-04-29 10:24:00,955,955,955,955,0
2022-04-29 10:25:00,955,955,955,955,0
2022-04-29 10:26:00,955,955,955,955,0
2022-04-29 10:27:00,955,955,955,955,0
2022-04-29 10:28:00,955,955,955,955,0
2022-04-29 10:29:00,955,955,955,955,0
2022-04-29 10:30:00,955,955,955,955,0
2022-04-29 10:31:00,955,955,955,955,0
2022-04-29 10:32:00,955,955,955,955,0
2022-04-29 10:33:00,955,955,955,955,0
2022-04-29 10:34:00,955,955,955,955,0
2022-04-29 10:35:00,955,955,955,955,0
2022-04-29 10:36:00,955,955,955,955,0
2022-04-29 10:37:00,955,955,955,955,0
2022-04-29 10:38:00,955,955,955,955,0
2022-04-29 10:39:00,955,955,955,955,0
2022-04-29 10:40:00,955,955,955,955,0
2022-04-29 10:41:00,955,955,955,955,0
2022-04-29 10:42:00,955,955,955,955,0
2022-04-29 10:43:00,955,955,955,955,0
2022-04-29 10:44:00,955,955,955,955,0
2022-04-29 10:45:00,955,955,955,955,0
2022-04-29 10:46:00,955,955,955,955,0
2022-04-29 10:47:00,955,955,955,955,0
2022-04-29 10:48:00,955,955,955,955,0
2022-04-29 10:49:00,955,955,955,955,0
2022-04-29 10:50:00,955,955,955,955,0
2022-04-29 10:51:00,955,955,955,955,0
2022-04-29 10:52:00,955,955,955,955,0
2022-04-29 10:53:00,955,955,955,955,0
2022-04-29 10:54:00,955,955,955,955,0
2022-04-29 10:55:00,955,955,955,955,0
2022-04-29 10:56:00,955,955,955,955,0
2022-04-29 10:57:00,955,955,955,955,0
2022-04-29 10:58:00,955,955,955,955,0
2022-04-29 10:59:00,955,955,955,955,0
2022-04-29 11:00:00,955,955,955,955,0
2022-04-29 11:01:00,955,955,955,955,0
2022-04-29 11:02:00,955,955,955,955,0
2022-04-29 11:03:00,955,955,955,955,0
2022-04-29 11:04:00,955,955,955,955,0
2022-04-29 11:05:00,955,955,955,955,0
2022-04-29 11:06:00,955,955,955,955,0
2022-04-29 11:07:00,955,955,955,955,0
2022-04-29 11:08:00,955,955,955,955,0
2022-04-29 11:09:00,955,955,955,955,0
2022-04-29 11:10:00,955,955,955,955,0
2022-04-29 11:11:00,955,955,955,955,0
2022-04-29 11:12:00,955,955,955,955,0
2022-04-29 11:13:00,955,955,955,955,0
2022-04-29 11:14:00,955,955,955,955,0
2022-04-29 11:15:00,955,955,955,955,0
2022-04-29 11:16:00,955,955,955,955,0
2022-04-29 11:17:00,955,955,955,955,0
2022-04-29 11:18:00,955,955,955,955,0
2022-04-29 11:19:00,955,955,955,955,0
2022-04-29 11:20:00,955,955,955,955,0
2022-04-29 11:21:00,955,955,955,955,0
2022-04-29 11:22:00,955,955,955,955,0
2022-04-29 11:23:00,955,955,955,955,0
2022-04-29 11:24:00,955,955,955,955,0
2022-04-29 11:25:00,955,955,955,955,0
2022-04-29 11:26:00,955,955,955,955,0
2022-04-29 11:27:00,955,955,955,955,0
2022-04-29 11:28:00,955,955,955,955,0
2022-04-29 11:29:00,955,955,955,955,0
2022-04-29 11:30:00,955,955,955,955,0
2022-04-29 11:31:00,955,955,955,955,0
2022-04-29 11:32:00,955,955,955,955,0
2022-04-29 11:33:00,955,955,955,955,0
2022-04-29 11:34:00,955,955,955,955,0
2022-04-29 11:35:00,955,955,955,955,0
2022-04-29 11:36:00,955,955,955,955,0
2022-04-29 11:37:00,955,955,955,955,0
2022-04-29 11:38:00,955,955,955,955,0
2022-04-29 11:39:00,955,955,955,955,0
2022-04-29 11:40:00,955,955,955,955,0
2022-04-29 11:41:00,955,955,955,955,0
2022-04-29 11:42:00,955,955,955,955,0
2022-04-29 11:43:00,955,955,955,955,0
2022-04-29 11:44:00,955,955,955,955,0
2022-04-29 11:45:00,955,955,955,955,0
2022-04-29 11:46:00,955,955,955,955,0
2022-04-29 11:47:00,955,955,955,955,0
2022-04-29 11:48:00,955,955,955,955,0
2022-04-29 11:49:00,955,955,955,955,0
2022-04-29 11:50:00,955,955,955,955,0
2022-04-29 11:51:00,955,955,955,955,0
2022-04-29 11:52:00,955,955,955,955,0
2022-04-29 11:53:00,955,955,955,955,0
2022-04-29 11:54:00,955,955,955,955,0
2022-04-29 11:55:00,955,955,955,955,0
2022-04-29 11:56:00,955,955,955,955,0
2022-04-29 11:57:00,955,955,955,955,0
2022-04-29 11:58:00,955,955,955,955,0
2022-04-29 11:59:00,955,955,955,955,0
2022-04-29 12:00:00,955,955,955,955,0
2022-04-29 12:01:00,955,955,955,955,0
2022-04-29 12:02:00,955,955,955,955,0
2022-04-29 12:03:00,955,955,955,955,0
2022-04-29 12:04:00,955,955,955,955,0
2022-04-29 12:05:00,955,955,955,955,0
2022-04-29 12:06:00,955,955,955,955,0
2022-04-29 12:07:00,955,955,955,955,0
2022-04-29 12:08:00,955,955,955,955,0
2022-04-29 12:09:00,955,955,955,955,0
2022-04-29 12:10:00,955,955,955,955,0
2022-04-29 12:11:00,955,955,955,955,0
2022-04-29 12:12:00,955,955,955,955,0
2022-04-29 12:13:00,955,955,955,955,0
2022-04-29 12:14:00,955,955,955,955,0
2022-04-29 12:15:00,955,955,955,955,0
2022-04-29 12:16:00,955,955,955,955,0
2022-04-29 12:17:00,955,955,955,955,0
2022-04-29 12:18:00,955,955,955,955,0
2022-04-29 12:19:00,955,955,955,955,0
2022-04-29 12:20:00,955,955,955,955,0
2022-04-29 12:21:00,955,955,955,955,0
2022-04-29 12:22:00,955,955,955,955,0
2022-04-29 12:23:00,955,955,955,955,0
2022-04-29 12:24:00,955,955,955,955,0
2022-04-29 12:25:00,955,955,955,955,0
2022-04-29 12:26:00,955,955,955,955,0
2022-04-29 12:27:00,955,955,955,955,0
2022-04-29 12:28:00,955,955,955,955,0
2022-04-29 12:29:00,955,955,955,955,0
2022-04-29 12:30:00,955,955,955,955,0
2022-04-29 12:31:00,955,955,955,955,0
2022-04-29 12:32:00,955,955,955,955,0
2022-04-29 12:33:00,955,955,955,955,0
2022-04-29 12:34:00,955,955,955,955,0
2022-04-29 12:35:00,955,955,955,955,0
2022-04-29 12:36:00,955,955,955,955,0
2022-04-29 12:37:00,955,955,955,955,0
2022-04-29 12:38:00,955,955,955,955,0
2022-04-29 12:39:00,955,955,955,955,0
2022-04-29 12:40:00,955,955,955,955,0
2022-04-29 12:41:00,955,955,955,955,0
2022-04-29 12:42:00,955,955,955,955,0
2022-04-29 12:43:00,955,955,955,955,0
2022-04-29 12:44:00,955,955,955,955,0
2022-04-29 12:45:00,955,955,955,955,0
2022-04-29 12:46:00,955,955,955,955,0
2022-04-29 12:47:00,955,955,955,955,0
2022-04-29 12:48:00,955,955,955,955,0
2022-04-29 12:49:00,955,955,955,955,0
2022-04-29 12:50:00,955,955,955,955,0
2022-04-29 12:51:00,955,955,955,955,0
2022-04-29 12:52:00,955,955,955,955,0
2022-04-29 12:53:00,955,955,955,955,0
2022-04-29 12:54:00,955,955,955,955,0
2022-04-29 12:55:00,955,955,955,955,0
2022-04-29 12:56:00,955,955,955,955,0
2022-04-29 12:57:00,955,955,955,955,0
2022-04-29 12:58:00,955,955,955,955,0
2022-04-29 12:59:00,955,955,955,955,0
2022-04-29 13:00:00,955,955,955,955,0
2022-04-29 13:01:00,955,955,955,955,0
2022-04-29 13:02:00,955,955,955,955,0
2022-04-29 13:03:00,955,955,955,955,0
2022-04-29 13:04:00,955,955,955,955,0
2022-04-29 13:05:00,955,955,955,955,0
2022-04-29 13:06:00,955,955,955,955,0
2022-04-29 13:07:00,955,955,955,955,0
2022-04-29 13:08:00,955,955,955,955,0
2022-04-29 13:09:00,955,955,955,955,0
2022-04-29 13:10:00,955,955,955,955,0
2022-04-29 13:11:00,955,955,955,955,0
2022-04-29 13:12:00,955,955,955,955,0
2022-04-29 13:13:00,955,955,955,955,0
2022-04-29 13:14:00,955,955,955,955,0
2022-04-29 13:15:00,955,955,955,955,0
2022-04-29 13:16:00,955,955,955,955,0
2022-04-29 13:17:00,955,955,955,955,0
2022-04-29 13:18:00,955,955,955,955,0
2022-04-29 13:19:00,955,955,955,955,0
2022-04-29 13:20:00,955,955,955,955,0
2022-04-29 13:21:00,955,955,955,955,0
2022-04-29 13:22:00,955,955,955,955,0
2022-04-29 13:23:00,955,955,955,955,0
2022-04-29 13:24:00,955,955,955,955,0
2022-04-29 13:25:00,955,955,955,955,0
2022-04-29 13:26:00,955,955,955,955,0
2022-04-29 13:27:00,955,955,955,955,0
2022-04-29 13:28:00,955,955,955,955,0
2022-04-29 13:29:00,955,955,955,955,0
2022-04-29 13:30:00,955,955,955,955,0
2022-04-29 13:31:00,955,955,955,955,0
2022-04-29 13:32:00,955,955,955,955,0
2022-04-29 13:33:00,955,955,955,955,0
2022-04-29 13:34:00,955,955,955,955,0
2022-04-29 13:35:00,955,955,955,955,0
2022-04-29 13:36:00,955,955,955,955,0
2022-04-29 13:37:00,955,955,955,955,0
2022-04-29 13:38:00,955,955,955,955,0
2022-04-29 13:39:00,955,955,955,955,0
2022-04-29 13:40:00,955,955,955,955,0
2022-04-29 13:41:00,955,955,955,955,0
2022-04-29 13:42:00,955,955,955,955,0
2022-04-29 13:43:00,955,955,955,955,0
2022-04-29 13:44:00,955,955,955,955,0
2022-04-29 13:45:00,955,955,955,955,0
2022-04-29 13:46:00,955,955,955,955,0
2022-04-29 13:47:00,955,955,955,955,0
2022-04-29 13:48:00,955,955,955,955,0
2022-04-29 13:49:00,955,955,955,955,0
2022-04-29 13:50:00,955,955,955,955,0
2022-04-29 13:51:00,955,955,955,955,0
2022-04-29 13:52:00,955,955,955,955,0
2022-04-29 13:53:00,955,955,955,955,0
2022-04-29 13:54:00,955,955,955,955,0
2022-04-29 13:55:00,955,955,955,955,0
2022-04-29 13:56:00,955,955,955,955,0
2022-04-29 13:57:00,955,955,955,955,0
2022-04-29 13:58:00,955,955,955,955,0
2022-04-29 13:59:00,955,955,955,955,0
2022-04-29 14:00:00,955,955,955,955,0
2022-04-29 14:01:00,955,955,955,955,0
2022-04-29 14:02:00,955,955,955,955,0
2022-04-29 14:03:00,955,955,955,955,0
2022-04-29 14:04:00,955,955,955,955,0
2022-04-29 14:05:00,955,955,955,955,0
2022-04-29 14:06:00,955,955,955,955,0
2022-04-29 14:07:00,955,955,955,955,0
2022-04-29 14:08:00,955,955,955,955,0
2022-04-29 14:09:00,955,955,955,955,0
2022-04-29 14:10:00,955,955,955,955,0
2022-04-29 14:11:00,955,955,955,955,0
2022-04-29 14:12:00,955,955,955,955,0
2022-04-29 14:13:00,955,955,955,955,0
2022-04-29 14:14:00,955,955,955,955,0
2022-04-29 14:15:00,955,955,955,955,0
2022-04-29 14:16:00,955,955,955,955,0
2022-04-29 14:17:00,955,955,955,955,0
2022-04-29 14:18:00,955,955,955,955,0
2022-04-29 14:19:00,955,955,955,955,0
2022-04-29 14:20:00,955,955,955,955,0
2022-04-29 14:21:00,955,955,955,955,0
2022-04-29 14:22:00,955,955,955,955,0
2022-04-29 14:23:00,955,955,955,955,0
2022-04-29 14:24:00,955,955,955,955,0
2022-04-29 14:25:00,955,955,955,955,0
2022-04-29 14:26:00,955,955,955,955,0
2022-04-29 14:27:00,955,955,955,955,0
2022-04-29 14:28:00,955,955,955,955,0
2022-04-29 14:29:00,955,955,955,955,0
2022-04-29 14:30:00,955,955,955,955,0
2022-04-29 14:31:00,955,955,955,955,0
2022-04-29 14:32:00,955,955,955,955,0
2022-04-29 14:33:00,955,955,955,955,0
2022-04-29 14:34:00,955,955,955,955,0
2022-04-29 14:35:00,955,955,955,955,0
2022-04-29 14:36:00,955,955,955,955,0
2022-04-29 14:37:00,955,955,955,955,0
2022-04-29 14:38:00,955,955,955,955,0
2022-04-29 14:39:00,955,955,955,955,0
2022-04-29 14:40:00,955,955,955,955,0
2022-04-29 14:41:00,955,955,955,955,0
2022-04-29 14:42:00,955,955,955,955,0
2022-04-29 14:43:00,955,955,955,955,0
2022-04-29 14:44:00,955,955,955,955,0
2022-04-29 14:45:00,955,955,955,955,0
2022-04-29 14:46:00,955,955,955,955,0
2022-04-29 14:47:00,955,955,955,955,0
2022-04-29 14:48:00,955,955,955,955,0
2022-04-29 14:49:00,955,955,955,955,0
2022-04-29 14:50:00,955,955,955,955,0
2022-04-29 14:51:00,955,955,955,955,0
2022-04-29 14:52:00,955,955,955,955,0
2022-04-29 14:53:00,955,955,955,955,0
2022-04-29 14:54:00,955,955,955,955,0
2022-04-29 14:55:00,955,955,955,955,0
2022-04-29 14:56:00,955,955,955,955,0
2022-04-29 14:57:00,955,955,955,955,0
2022-04-29 14:58:00,955,955,955,955,0
2022-04-29 14:59:00,955,955,955,955,0
2022-04-29 15:00:00,955,955,955,955,0
2022-04-29 15:01:00,955,955,955,955,0
2022-04-29 15:02:00,955,955,955,955,0
2022-04-29 15:03:00,955,955,955,955,0
2022-04-29 15:04:00,955,955,955,955,0
2022-04-29 15:05:00,955,955,955,955,0
2022-04-29 15:06:00,955,955,955,955,0
2022-04-29 15:07:00,955,955,955,955,0
2022-04-29 15:08:00,955,955,955,955,0
2022-04-29 15:09:00,955,955,955,955,0
2022-04-29 15:10:00,955,955,955,955,0
2022-04-29 15:11:00,955,955,955,955,0
2022-04-29 15:12:00,955,955,955,955,0
2022-04-29 15:13:00,955,955,955,955,0
2022-04-29 15:14:00,955,955,955,955,0
2022-04-29 15:15:00,955,955,955,955,0
2022-04-29 15:16:00,955,955,955,955,0
2022-04-29 15:17:00,955,955,955,955,0
2022-04-29 15:18:00,955,955,955,955,0
2022-04-29 15:19:00,955,955,955,955,0
2022-04-29 15:20:00,955,955,955,955,0
2022-04-29 15:21:00,955,955,955,955,0
2022-04-29 15:22:00,955,955,955,955,0
2022-04-29 15:23:00,955,955,955,955,0
2022-04-29 15:24:00,955,955,955,955,0
2022-04-29 15:25:00,955,955,955,955,0
2022-04-29 15:26:00,955,955,955,955,0
2022-04-29 15:27:00,955,955,955,955,0
2022-04-29 15:28:00,955,955,955,955,0
2022-04-29 15:29:00,955,955,955,955,0
2022-04-29 15:30:00,955,955,955,955,0
2022-04-29 15:31:00,955,955,955,955,0
2022-04-29 15:32:00,955,955,955,955,0
2022-04-29 15:33:00,955,955,955,955,0
2022-04-29 15:34:00,955,955,955,955,0
2022-04-29 15:35:00,955,955,955,955,0
2022-04-29 15:36:00,955,955,955,955,0
2022-04-29 15:37:00,955,955,955,955,0
2022-04-29 15:38:00,955,955,955,955,0
2022-04-29 15:39:00,955,955,955,955,0
2022-04-29 15:40:00,955,955,955,955,0
2022-04-29 15:41:00,955,955,955,955,0
2022-04-29 15:42:00,955,955,955,955,0
2022-04-29 15:43:00,955,955,955,955,0
2022-04-29 15:44:00,955,955,955,955,0
2022-04-29 15:45:00,955,955,955,955,0
2022-04-29 15:46:00,955,955,955,955,0
2022-04-29 15:47:00,955,955,955,955,0
2022-04-29 15:48:00,955,955,955,955,0
2022-04-29 15:49:00,955,955,955,955,0
2022-04-29 15:50:00,955,955,955,955,0
2022-04-29 15:51:00,955,955,955,955,0
2022-04-29 15:52:00,955,955,955,955,0
2022-04-29 15:53:00,955,955,955,955,0
2022-04-29 15:54:00,955,955,955,955,0
2022-04-29 15:55:00,955,955,955,955,0
2022-04-29 15:56:00,955,955,955,955,0
2022-04-29 15:57:00,955,955,955,955,0
2022-04-29 15:58:00,955,955,955,955,0
2022-04-29 15:59:00,955,955,955,955,0
2022-05-02 09:00:00,955,955,955,955,0
2022-05-02 09:01:00,955,955,955,955,0
2022-05-02 09:02:00,955,955,955,955,0
2022-05-02 09:03:00,955,955,955,955,0
2022-05-02 09:04:00,955,955,955,955,0
2022-05-02 09:05:00,955,955,955,955,0
2022-05-02 09:06:00,955,955,955,955,0
2022-05-02 09:07:00,955,955,955,955,0
2022-05-02 09:08:00,955,955,955,955,0
2022-05-02 09:09:00,955,955,955,955,0
2022-05-02 09:10:00,955,955,955,955,0
2022-05-02 09:11:00,955,955,955,955,0
2022-05-02 09:12:00,955,955,955,955,0
2022-05-02 09:13:00,955,955,955,955,0
2022-05-02 09:14:00,955,955,955,955,0
2022-05-02 09:15:00,955,955,955,955,0
2022-05-02 09:16:00,955,955,955,955,0
2022-05-02 09:17:00,955,955,955,955,0
2022-05-02 09:18:00,955,955,955,955,0
2022-05-02 09:19:00,955,955,955,955,0
2022-05-02 09:20:00,955,955,955,955,0
2022-05-02 09:21:00,955,955,955,955,0
2022-05-02 09:22:00,955,955,955,955,0
2022-05-02 09:23:00,955,955,955,955,0
2022-05-02 09:24:00,955,955,955,955,0
2022-05-02 09:25:00,955,955,955,955,0
2022-05-02 09:26:00,955,955,955,955,0
2022-05-02 09:27:00,955,955,955,955,0
2022-05-02 09:28:00,955,955,955,955,0
2022-05-02 09:29:00,955,955,955,955,0
2022-05-02 09:30:00,955,955,955,955,0
2022-05-02 09:31:00,955,955,955,955,0
2022-05-02 09:32:00,955,955,955,955,0
2022-05-02 09:33:00,955,955,955,955,0
2022-05-02 09:34:00,955,955,955,955,0
2022-05-02 09:35:00,955,955,955,955,0
2022-05-02 09:36:00,955,955,955,955,0
2022-05-02 09:37:00,955,955,955,955,0
2022-05-02 09:38:00,955,955,955,955,0
2022-05-02 09:39:00,955,955,955,955,0
2022-05-02 09:40:00,955,955,955,955,0
2022-05-02 09:41:00,955,955,955,955,0
2022-05-02 09:42:00,955,955,955,955,0
2022-05-02 09:43:00,955,955,955,955,0
2022-05-02 09:44:00,955,955,955,955,0
2022-05-02 09:45:00,955,955,955,955,0
2022-05-02 09:46:00,955,955,955,955,0
2022-05-02 09:47:00,955,955,955,955,0
2022-05-02 09:48:00,955,955,955,955,0
2022-05-02 09:49:00,955,955,955,955,0
2022-05-02 09:50:00,955,955,955,955,0
2022-05-02 09:51:00,955,955,955,955,0
2022-05-02 09:52:00,955,955,955,955,0
2022-05-02 09:53:00,955,955,955,955,0
2022-05-02 09:54:00,955,955,955,955,0
2022-05-02 09:55:00,955,955,955,955,0
2022-05-02 09:56:00,955,955,955,955,0
2022-05-02 09:57:00,955,955,955,955,0
2022-05-02 09:58:00,955,955,955,955,0
2022-05-02 09:59:00,955,955,955,955,0
2022-05-02 10:00:00,955,955,955,955,0
2022-05-02 10:01:00,955,955,955,955,0
2022-05-02 10:02:00,955,955,955,955,0
2022-05-02 10:03:00,955,955,955,955,0
2022-05-02 10:04:00,955,955,955,955,0
2022-05-02 10:05:00,955,955,955,955,0
2022-05-02 10:06:00,955,955,955,955,0
2022-05-02 10:07:00,955,955,955,955,0
2022-05-02 10:08:00,955,955,955,955,0
2022-05-02 10:09:00,955,955,955,955,0
2022-05-02 10:10:00,955,955,955,955,0
2022-05-02 10:11:00,955,955,955,955,0
2022-05-02 10:12:00,955,955,955,955,0
2022-05-02 10:13:00,955,955,955,955,0
2022-05-02 10:14:00,955,955,955,955,0
2022-05-02 10:15:00,955,955,955,955,0
2022-05-02 10:16:00,955,955,955,955,0
2022-05-02 10:17:00,955,955,955,955,0
2022-05-02 10:18:00,955,955,955,955,0
2022-05-02 10:19:00,955,955,955,955,0
2022-05-02 10:20:00,955,955,955,955,0
2022-05-02 10:21:00,955,955,955,955,0
2022-05-02 10:22:00,955,955,955,955,0
2022-05-02 10:23:00,955,955,955,955,0
2022-05-02 10:24:00,955,955,955,955,0
2022-05-02 10:25:00,955,955,955,955,0
2022-05-02 10:26:00,955,955,955,955,0
2022-05-02 10:27:00,955,955,955,955,0
2022-05-02 10:28:00,955,955,955,955,0
2022-05-02 10:29:00,955,955,955,955,0
2022-05-02 10:30:00,955,955,955,955,0
2022-05-02 10:31:00,955,955,955,955,0
2022-05-02 10:32:00,955,955,955,955,0
2022-05-02 10:33:00,955,955,955,955,0
2022-05-02 10:34:00,955,955,955,955,0
2022-05-02 10:35:00,955,955,955,955,0
2022-05-02 10:36:00,955,955,955,955,0
2022-05-02 10:37:00,955,955,955,955,0
2022-05-02 10:38:00,955,955,955,955,0
2022-05-02 10:39:00,955,955,955,955,0
2022-05-02 10:40:00,955,955,955,955,0
2022-05-02 10:41:00,955,955,955,955,0
2022-05-02 10:42:00,955,955,955,955,0
2022-05-02 10:43:00,955,955,955,955,0
2022-05-02 10:44:00,955,955,955,955,0
2022-05-02 10:45:00,955,955,955,955,0
2022-05-02 10:46:00,955,955,955,955,0
2022-05-02 10:47:00,955,955,955,955,0
2022-05-02 10:48:00,955,955,955,955,0
2022-05-02 10:49:00,955,955,955,955,0
2022-05-02 10:50:00,955,955,955,955,0
2022-05-02 10:51:00,955,955,955,955,0
2022-05-02 10:52:00,955,955,955,955,0
2022-05-02 10:53:00,955,955,955,955,0
2022-05-02 10:54:00,955,955,955,955,0
2022-05-02 10:55:00,955,955,955,955,0
2022-05-02 10:56:00,955,955,955,955,0
2022-05-02 10:57:00,955,955,955,955,0
2022-05-02 10:58:00,955,955,955,955,0
2022-05-02 10:59:00,955,955,955,955,0
2022-05-02 11:00:00,955,955,955,955,0
2022-05-02 11:01:00,955,955,955,955,0
2022-05-02 11:02:00,955,955,955,955,0
2022-05-02 11:03:00,955,955,955,955,0
2022-05-02 11:04:00,955,955,955,955,0
2022-05-02 11:05:00,955,955,955,955,0
2022-05-02 11:06:00,955,955,955,955,0
2022-05-02 11:07:00,955,955,955,955,0
2022-05-02 11:08:00,955,955,955,955,0
2022-05-02 11:09:00,955,955,955,955,0
2022-05-02 11:10:00,955,955,955,955,0
2022-05-02 11:11:00,955,955,955,955,0
2022-05-02 11:12:00,955,955,955,955,0
2022-05-02 11:13:00,955,955,955,955,0
2022-05-02 11:14:00,955,955,955,955,0
2022-05-02 11:15:00,955,955,955,955,0
2022-05-02 11:16:00,955,955,955,955,0
2022-05-02 11:17:00,955,955,955,955,0
2022-05-02 11:18:00,955,955,955,955,0
2022-05-02 11:19:00,955,955,955,955,0
2022-05-02 11:20:00,955,955,955,955,0
2022-05-02 11:21:00,955,955,955,955,0
2022-05-02 11:22:00,955,955,955,955,0
2022-05-02 11:23:00,955,955,955,955,0
2022-05-02 11:24:00,955,955,955,955,0
2022-05-02 11:25:00,955,955,955,955,0
2022-05-02 11:26:00,955,955,955,955,0
2022-05-02 11:27:00,955,955,955,955,0
2022-05-02 11:28:00,955,955,955,955,0
2022-05-02 11:29:00,955,955,955,955,0
2022-05-02 11:30:00,955,955,955,955,0
2022-05-02 11:31:00,955,955,955,955,0
2022-05-02 11:32:00,955,955,955,955,0
2022-05-02 11:33:00,955,955,955,955,0
2022-05-02 11:34:00,955,955,955,955,0
2022-05-02 11:35:00,955,955,955,955,0
2022-05-02 11:36:00,955,955,955,955,0
2022-05-02 11:37:00,955,955,955,955,0
2022-05-02 11:38:00,955,955,955,955,0
2022-05-02 11:39:00,955,955,955,955,0
2022-05-02 11:40:00,955,955,955,955,0
2022-05-02 11:41:00,955,955,955,955,0
2022-05-02 11:42:00,955,955,955,955,0
2022-05-02 11:43:00,955,955,955,955,0
2022-05-02 11:44:00,955,955,955,955,0
2022-05-02 11:45:00,955,955,955,955,0
2022-05-02 11:46:00,955,955,955,955,0
2022-05-02 11:47:00,955,955,955,955,0
2022-05-02 11:48:00,955,955,955,955,0
2022-05-02 11:49:00,955,955,955,955,0
2022-05-02 11:50:00,955,955,955,955,0
2022-05-02 11:51:00,955,955,955,955,0
2022-05-02 11:52:00,955,955,955,955,0
2022-05-02 11:53:00,955,955,955,955,0
2022-05-02 11:54:00,955,955,955,955,0
2022-05-02 11:55:00,955,955,955,955,0
2022-05-02 11:56:00,955,955,955,955,0
2022-05-02 11:57:00,955,955,955,955,0
2022-05-02 11:58:00,955,955,955,955,0
2022-05-02 11:59:00,955,955,955,955,0
2022-05-02 12:00:00,955,955,955,955,0
2022-05-02 12:01:00,955,955,955,955,0
2022-05-02 12:02:00,955,955,955,955,0
2022-05-02 12:03:00,955,955,955,955,0
2022-05-02 12:04:00,955,955,955,955,0
2022-05-02 12:05:00,955,955,955,955,0
2022-05-02 12:06:00,955,955,955,955,0
2022-05-02 12:07:00,955,955,955,955,0
2022-05-02 12:08:00,955,955,955,955,0
2022-05-02 12:09:00,955,955,955,955,0
2022-05-02 12:10:00,955,955,955,955,0
2022-05-02 12:11:00,955,955,955,955,0
2022-05-02 12:12:00,955,955,955,955,0
2022-05-02 12:13:00,955,955,955,955,0
2022-05-02 12:14:00,955,955,955,955,0
2022-05-02 12:15:00,955,955,955,955,0
2022-05-02 12:16:00,955,955,955,955,0
2022-05-02 12:17:00,955,955,955,955,0
2022-05-02 12:18:00,955,955,955,955,0
2022-05-02 12:19:00,955,955,955,955,0
2022-05-02 12:20:00,955,955,955,955,0
2022-05-02 12:21:00,955,955,955,955,0
2022-05-02 12:22:00,955,955,955,955,0
2022-05-02 12:23:00,955,955,955,955,0
2022-05-02 12:24:00,955,955,955,955,0
2022-05-02 12:25:00,955,955,955,955,0
2022-05-02 12:26:00,955,955,955,955,0
2022-05-02 12:27:00,955,955,955,955,0
2022-05-02 12:28:00,955,955,955,955,0
2022-05-02 12:29:00,955,955,955,955,0
2022-05-02 12:30:00,955,955,955,955,0
2022-05-02 12:31:00,955,955,955,955,0
2022-05-02 12:32:00,955,955,955,955,0
2022-05-02 12:33:00,955,955,955,955,0
2022-05-02 12:34:00,955,955,955,955,0
2022-05-02 12:35:00,955,955,955,955,0
2022-05-02 12:36:00,955,955,955,955,0
2022-05-02 12:37:00,955,955,955,955,0
2022-05-02 12:38:00,955,955,955,955,0
2022-05-02 12:39:00,955,955,955,955,0
2022-05-02 12:40:00,955,955,955,955,0
2022-05-02 12:41:00,955,955,955,955,0
2022-05-02 12:42:00,955,955,955,955,0
2022-05-02 12:43:00,955,955,955,955,0
2022-05-02 12:44:00,955,955,955,955,0
2022-05-02 12:45:00,955,955,955,955,0
2022-05-02 12:46:00,955,955,955,955,0
2022-05-02 12:47:00,955,955,955,955,0
2022-05-02 12:48:00,955,955,955,955,0
2022-05-02 12:49:00,955,955,955,955,0
2022-05-02 12:50:00,955,955,955,955,0
2022-05-02 12:51:00,955,955,955,955,0
2022-05-02 12:52:00,955,955,955,955,0
2022-05-02 12:53:00,955,955,955,955,0
2022-05-02 12:54:00,955,955,955,955,0
2022-05-02 12:55:00,955,955,955,955,0
2022-05-02 12:56:00,955,955,955,955,0
2022-05-02 12:57:00,955,955,955,955,0
2022-05-02 12:58:00,955,955,955,955,0
2022-05-02 12:59:00,955,955,955,955,0
2022-05-02 13:00:00,955,955,955,955,0
2022-05-02 13:01:00,955,955,955,955,0
2022-05-02 13:02:00,955,955,955,955,0
2022-05-02 13:03:00,955,955,955,955,0
2022-05-02 13:04:00,955,955,955,955,0
2022-05-02 13:05:00,955,955,955,955,0
2022-05-02 13:06:00,955,955,955,955,0
2022-05-02 13:07:00,955,955,955,955,0
2022-05-02 13:08:00,955,955,955,955,0
2022-05-02 13:09:00,955,955,955,955,0
2022-05-02 13:10:00,955,955,955,955,0
2022-05-02 13:11:00,955,955,955,955,0
2022-05-02 13:12:00,955,955,955,955,0
2022-05-02 13:13:00,955,955,955,955,0
2022-05-02 13:14:00,955,955,955,955,0
2022-05-02 13:15:00,955,955,955,955,0
2022-05-02 13:16:00,955,955,955,955,0
2022-05-02 13:17:00,955,955,955,955,0
2022-05-02 13:18:00,955,955,955,955,0
2022-05-02 13:19:00,955,955,955,955,0
2022-05-02 13:20:00,955,955,955,955,0
2022-05-02 13:21:00,955,955,955,955,0
2022-05-02 13:22:00,955,955,955,955,0
2022-05-02 13:23:00,955,955,955,955,0
2022-05-02 13:24:00,955,955,955,955,0
2022-05-02 13:25:00,955,955,955,955,0
2022-05-02 13:26:00,955,955,955,955,0
2022-05-02 13:27:00,955,955,955,955,0
2022-05-02 13:28:00,955,955,955,955,0
2022-05-02 13:29:00,955,955,955,955,0
2022-05-02 13:30:00,955,955,955,955,0
2022-05-02 13:31:00,955,955,955,955,0
2022-05-02 13:32:00,955,955,955,955,0
2022-05-02 13:33:00,955,955,955,955,0
2022-05-02 13:34:00,955,955,955,955,0
2022-05-02 13:35:00,955,955,955,955,0
2022-05-02 13:36:00,955,955,955,955,0
2022-05-02 13:37:00,955,955,955,955,0
2022-05-02 13:38:00,955,955,955,955,0
2022-05-02 13:39:00,955,955,955,955,0
2022-05-02 13:40:00,955,955,955,955,0
2022-05-02 13:41:00,955,955,955,955,0
2022-05-02 13:42:00,955,955,955,955,0
2022-05-02 13:43:00,955,955,955,955,0
2022-05-02 13:44:00,955,955,955,955,0
2022-05-02 13:45:00,955,955,955,955,0
2022-05-02 13:46:00,955,955,955,955,0
2022-05-02 13:47:00,955,955,955,955,0
2022-05-02 13:48:00,955,955,955,955,0
2022-05-02 13:49:00,955,955,955,955,0
2022-05-02 13:50:00,955,955,955,955,0
2022-05-02 13:51:00,955,955,955,955,0
2022-05-02 13:52:00,955,955,955,955,0
2022-05-02 13:53:00,955,955,955,955,0
2022-05-02 13:54:00,955,955,955,955,0
2022-05-02 13:55:00,955,955,955,955,0
2022-05-02 13:56:00,955,955,955,955,0
2022-05-02 13:57:00,955,955,955,955,0
2022-05-02 13:58:00,955,955,955,955,0
2022-05-02 13:59:00,955,955,955,955,0
2022-05-02 14:00:00,955,955,955,955,0
2022-05-02 14:01:00,955,955,955,955,0
2022-05-02 14:02:00,955,955,955,955,0
2022-05-02 14:03:00,955,955,955,955,0
2022-05-02 14:04:00,955,955,955,955,0
2022-05-02 14:05:00,955,955,955,955,0
2022-05-02 14:06:00,955,955,955,955,0
2022-05-02 14:07:00,955,955,955,955,0
2022-05-02 14:08:00,955,955,955,955,0
2022-05-02 14:09:00,955,955,955,955,0
2022-05-02 14:10:00,955,955,955,955,0
2022-05-02 14:11:00,955,955,955,955,0
2022-05-02 14:12:00,955,955,955,955,0
2022-05-02 14:13:00,955,955,955,955,0
2022-05-02 14:14:00,955,955,955,955,0
2022-05-02 14:15:00,955,955,955,955,0
2022-05-02 14:16:00,955,955,955,955,0
2022-05-02 14:17:00,955,955,955,955,0
2022-05-02 14:18:00,955,955,955,955,0
2022-05-02 14:19:00,955,955,955,955,0
2022-05-02 14:20:00,955,955,955,955,0
2022-05-02 14:21:00,955,955,955,955,0
2022-05-02 14:22:00,955,955,955,955,0
2022-05-02 14:23:00,955,955,955,955,0
2022-05-02 14:24:00,955,955,955,955,0
2022-05-02 14:25:00,955,955,955,955,0
2022-05-02 14:26:00,955,955,955,955,0
2022-05-02 14:27:00,955,955,955,955,0
2022-05-02 14:28:00,955,955,955,955,0
2022-05-02 14:29:00,955,955,955,955,0
2022-05-02 14:30:00,955,955,955,955,0
2022-05-02 14:31:00,955,955,955,955,0
2022-05-02 14:32:00,955,955,955,955,0
2022-05-02 14:33:00,955,955,955,955,0
2022-05-02 14:34:00,955,955,955,955,0
2022-05-02 14:35:00,955,955,955,955,0
2022-05-02 14:36:00,955,955,955,955,0
2022-05-02 14:37:00,955,955,955,955,0
2022-05-02 14:38:00,955,955,955,955,0
2022-05-02 14:39:00,955,955,955,955,0
2022-05-02 14:40:00,955,955,955,955,0
2022-05-02 14:41:00,955,955,955,955,0
2022-05-02 14:42:00,955,955,955,955,0
2022-05-02 14:43:00,955,955,955,955,0
2022-05-02 14:44:00,955,955,955,955,0
2022-05-02 14:45:00,955,955,955,955,0
2022-05-02 14:46:00,955,955,955,955,0
2022-05-02 14:47:00,955,955,955,955,0
2022-05-02 14:48:00,955,955,955,955,0
2022-05-02 14:49:00,955,955,955,955,0
2022-05-02 14:50:00,955,955,955,955,0
2022-05-02 14:51:00,955,955,955,955,0
2022-05-02 14:52:00,955,955,955,955,0
2022-05-02 14:53:00,955,955,955,955,0
2022-05-02 14:54:00,955,955,955,955,0
2022-05-02 14:55:00,955,955,955,955,0
2022-05-02 14:56:00,955,955,955,955,0
2022-05-02 14:57:00,955,955,955,955,0
2022-05-02 14:58:00,955,955,955,955,0
2022-05-02 14:59:00,955,955,955,955,0
2022-05-02 15:00:00,955,955,955,955,0
2022-05-02 15:01:00,955,955,955,955,0
2022-05-02 15:02:00,955,955,955,955,0
2022-05-02 15:03:00,955,955,955,955,0
2022-05-02 15:04:00,955,955,955,955,0
2022-05-02 15:05:00,955,955,955,955,0
2022-05-02 15:06:00,955,955,955,955,0
2022-05-02 15:07:00,955,955,955,955,0
2022-05-02 15:08:00,955,955,955,955,0
2022-05-02 15:09:00,955,955,955,955,0
2022-05-02 15:10:00,955,955,955,955,0
2022-05-02 15:11:00,955,955,955,955,0
2022-05-02 15:12:00,955,955,955,955,0
2022-05-02 15:13:00,955,955,955,955,0
2022-05-02 15:14:00,955,955,955,955,0
2022-05-02 15:15:00,955,955,955,955,0
2022-05-02 15:16:00,955,955,955,955,0
2022-05-02 15:17:00,955,955,955,955,0
2022-05-02 15:18:00,955,955,955,955,0
2022-05-02 15:19:00,955,955,955,955,0
2022-05-02 15:20:00,955,955,955,955,0
2022-05-02 15:21:00,955,955,955,955,0
2022-05-02 15:22:00,955,955,955,955,0
2022-05-02 15:23:00,955,955,955,955,0
2022-05-02 15:24:00,955,955,955,955,0
2022-05-02 15:25:00,955,955,955,955,0
2022-05-02 15:26:00,955,955,955,955,0
2022-05-02 15:27:00,955,955,955,955,0
2022-05-02 15:28:00,955,955,955,955,0
2022-05-02 15:29:00,955,955,955,955,0
2022-05-02 15:30:00,955,955,955,955,0
2022-05-02 15:31:00,955,955,955,955,0
2022-05-02 15:32:00,955,955,955,955,0
2022-05-02 15:33:00,955,955,955,955,0
2022-05-02 15:34:00,955,955,955,955,0
2022-05-02 15:35:00,955,955,955,955,0
2022-05-02 15:36:00,955,955,955,955,0
2022-05-02 15:37:00,955,955,955,955,0
2022-05-02 15:38:00,955,955,955,955,0
2022-05-02 15:39:00,955,955,955,955,0
2022-05-02 15:40:00,955,955,955,955,0
2022-05-02 15:41:00,955,955,955,955,0
2022-05-02 15:42:00,955,955,955,955,0
2022-05-02 15:43:00,955,955,955,955,0
2022-05-02 15:44:00,955,955,955,955,0
2022-05-02 15:45:00,955,955,955,955,0
2022-05-02 15:46:00,955,955,955,955,0
2022-05-02 15:47:00,955,955,955,955,0
2022-05-02 15:48:00,955,955,955,955,0
2022-05-02 15:49:00,955,955,955,955,0
2022-05-02 15:50:00,955,955,955,955,0
2022-05-02 15:51:00,955,955,955,955,0
2022-05-02 15:52:00,955,955,955,955,0
2022-05-02 15:53:00,955,955,955,955,0
2022-05-02 15:54:00,955,955,955,955,0
2022-05-02 15:55:00,955,955,955,955,0
2022-05-02 15:56:00,955,955,955,955,0
2022-05-02 15:57:00,955,955,955,955,0
2022-05-02 15:58:00,955,955,955,955,0
2022-05-02 15:59:00,955,955,955,955,0
2022-05-03 09:00:00,955,955,955,955,0
2022-05-03 09:01:00,955,955,955,955,0
2022-05-03 09:02:00,955,955,955,955,0
2022-05-03 09:03:00,955,955,955,955,0
2022-05-03 09:04:00,955,955,955,955,0
2022-05-03 09:05:00,955,955,955,955,0
2022-05-03 09:06:00,955,955,955,955,0
2022-05-03 09:07:00,955,955,955,955,0
2022-05-03 09:08:00,955,955,955,955,0
2022-05-03 09:09:00,955,955,955,955,0
2022-05-03 09:10:00,955,955,955,955,0
2022-05-03 09:11:00,955,955,955,955,0
2022-05-03 09:12:00,955,955,955,955,0
2022-05-03 09:13:00,955,955,955,955,0
2022-05-03 09:14:00,955,955,955,955,0
2022-05-03 09:15:00,955,955,955,955,0
2022-05-03 09:16:00,955,955,955,955,0
2022-05-03 09:17:00,955,955,955,955,0
2022-05-03 09:18:00,955,955,955,955,0
2022-05-03 09:19:00,955,955,955,955,0
2022-05-03 09:20:00,955,955,955,955,0
2022-05-03 09:21:00,955,955,955,955,0
2022-05-03 09:22:00,955,955,955,955,0
2022-05-03 09:23:00,955,955,955,955,0
2022-05-03 09:24:00,955,955,955,955,0
2022-05-03 09:25:00,955,955,955,955,0
2022-05-03 09:26:00,955,955,955,955,0
2022-05-03 09:27:00,955,955,955,955,0
2022-05-03 09:28:00,955,955,955,955,0
2022-05-03 09:29:00,955,955,955,955,0
2022-05-03 09:30:00,955,955,955,955,0
2022-05-03 09:31:00,955,955,955,955,0
2022-05-03 09:32:00,955,955,955,955,0
2022-05-03 09:33:00,955,955,955,955,0
2022-05-03 09:34:00,955,955,955,955,0
2022-05-03 09:35:00,955,955,955,955,0
2022-05-03 09:36:00,955,955,955,955,0
2022-05-03 09:37:00,955,955,955,955,0
2022-05-03 09:38:00,955,955,955,955,0
2022-05-03 09:39:00,955,955,955,955,0
2022-05-03 09:40:00,955,955,955,955,0
2022-05-03 09:41:00,955,955,955,955,0
2022-05-03 09:42:00,955,955,955,955,0
2022-05-03 09:43:00,955,955,955,955,0
2022-05-03 09:44:00,955,955,955,955,0
2022-05-03 09:45:00,955,955,955,955,0
2022-05-03 09:46:00,955,955,955,955,0
2022-05-03 09:47:00,955,955,955,955,0
2022-05-03 09:48:00,955,955,955,955,0
2022-05-03 09:49:00,955,955,955,955,0
2022-05-03 09:50:00,955,955,955,955,0
2022-05-03 09:51:00,955,955,955,955,0
2022-05-03 09:52:00,955,955,955,955,0
2022-05-03 09:53:00,955,955,955,955,0
2022-05-03 09:54:00,955,955,955,955,0
2022-05-03 09:55:00,955,955,955,955,0
2022-05-03 09:56:00,955,955,955,955,0
2022-05-03 09:57:00,955,955,955,955,0
2022-05-03 09:58:00,955,955,955,955,0
2022-05-03 09:59:00,955,955,955,955,0
2022-05-03 10:00:00,955,955,955,955,0
2022-05-03 10:01:00,955,955,955,955,0
2022-05-03 10:02:00,955,955,955,955,0
2022-05-03 10:03:00,955,955,955,955,0
2022-05-03 10:04:00,955,955,955,955,0
2022-05-03 10:05:00,955,955,955,955,0
2022-05-03 10:06:00,955,955,955,955,0
2022-05-03 10:07:00,955,955,955,955,0
2022-05-03 10:08:00,955,955,955,955,0
2022-05-03 10:09:00,955,955,955,955,0
2022-05-03 10:10:00,955,955,955,955,0
2022-05-03 10:11:00,955,955,955,955,0
2022-05-03 10:12:00,955,955,955,955,0
2022-05-03 10:13:00,955,955,955,955,0
2022-05-03 10:14:00,955,955,955,955,0
2022-05-03 10:15:00,955,955,955,955,0
2022-05-03 10:16:00,955,955,955,955,0
2022-05-03 10:17:00,955,955,955,955,0
2022-05-03 10:18:00,955,955,955,955,0
2022-05-03 10:19:00,955,955,955,955,0
2022-05-03 10:20:00,955,955,955,955,0
2022-05-03 10:21:00,955,955,955,955,0
2022-05-03 10:22:00,955,955,955,955,0
2022-05-03 10:23:00,955,955,955,955,0
2022-05-03 10:24:00,955,955,955,955,0
2022-05-03 10:25:00,955,955,955,955,0
2022-05-03 10:26:00,955,955,955,955,0
2022-05-03 10:27:00,955,955,955,955,0
2022-05-03 10:28:00,955,955,955,955,0
2022-05-03 10:29:00,955,955,955,955,0
2022-05-03 10:30:00,955,955,955,955,0
2022-05-03 10:31:00,955,955,955,955,0
2022-05-03 10:32:00,955,955,955,955,0
2022-05-03 10:33:00,955,955,955,955,0
2022-05-03 10:34:00,955,955,955,955,0
2022-05-03 10:35:00,955,955,955,955,0
2022-05-03 10:36:00,955,955,955,955,0
2022-05-03 10:37:00,955,955,955,955,0
2022-05-03 10:38:00,955,955,955,955,0
2022-05-03 10:39:00,955,955,955,955,0
2022-05-03 10:40:00,955,955,955,955,0
2022-05-03 10:41:00,955,955,955,955,0
2022-05-03 10:42:00,955,955,955,955,0
2022-05-03 10:43:00,955,955,955,955,0
2022-05-03 10:44:00,955,955,955,955,0
2022-05-03 10:45:00,955,955,955,955,0
2022-05-03 10:46:00,955,955,955,955,0
2022-05-03 10:47:00,955,955,955,955,0
2022-05-03 10:48:00,955,955,955,955,0
2022-05-03 10:49:00,955,955,955,955,0
2022-05-03 10:50:00,955,955,955,955,0
2022-05-03 10:51:00,955,955,955,955,0
2022-05-03 10:52:00,955,955,955,955,0
2022-05-03 10:53:00,955,955,955,955,0
2022-05-03 10:54:00,955,955,955,955,0
2022-05-03 10:55:00,955,955,955,955,0
2022-05-03 10:56:00,955,955,955,955,0
2022-05-03 10:57:00,955,955,955,955,0
2022-05-03 10:58:00,955,955,955,955,0
2022-05-03 10:59:00,955,955,955,955,0
2022-05-03 11:00:00,955,955,955,955,0
2022-05-03 11:01:00,955,955,955,955,0
2022-05-03 11:02:00,955,955,955,955,0
2022-05-03 11:03:00,955,955,955,955,0
2022-05-03 11:04:00,955,955,955,955,0
2022-05-03 11:05:00,955,955,955,955,0
2022-05-03 11:06:00,955,955,955,955,0
2022-05-03 11:07:00,955,955,955,955,0
2022-05-03 11:08:00,955,955,955,955,0
2022-05-03 11:09:00,955,955,955,955,0
2022-05-03 11:10:00,955,955,955,955,0
2022-05-03 11:11:00,955,955,955,955,0
2022-05-03 11:12:00,955,955,955,955,0
2022-05-03 11:13:00,955,955,955,955,0
2022-05-03 11:14:00,955,955,955,955,0
2022-05-03 11:15:00,955,955,955,955,0
2022-05-03 11:16:00,955,955,955,955,0
2022-05-03 11:17:00,955,955,955,955,0
2022-05-03 11:18:00,955,955,955,955,0
2022-05-03 11:19:00,955,955,955,955,0
2022-05-03 11:20:00,955,955,955,955,0
2022-05-03 11:21:00,955,955,955,955,0
2022-05-03 11:22:00,955,955,955,955,0
2022-05-03 11:23:00,955,955,955,955,0
2022-05-03 11:24:00,955,955,955,955,0
2022-05-03 11:25:00,955,955,955,955,0
2022-05-03 11:26:00,955,955,955,955,0
2022-05-03 11:27:00,955,955,955,955,0
2022-05-03 11:28:00,955,955,955,955,0
2022-05-03 11:29:00,955,955,955,955,0
2022-05-03 11:30:00,955,955,955,955,0
2022-05-03 11:31:00,955,955,955,955,0
2022-05-03 11:32:00,955,955,955,955,0
2022-05-03 11:33:00,955,955,955,955,0
2022-05-03 11:34:00,955,955,955,955,0
2022-05-03 11:35:00,955,955,955,955,0
2022-05-03 11:36:00,955,955,955,955,0
2022-05-03 11:37:00,955,955,955,955,0
2022-05-03 11:38:00,955,955,955,955,0
2022-05-03 11:39:00,955,955,955,955,0
2022-05-03 11:40:00,955,955,955,955,0
2022-05-03 11:41:00,955,955,955,955,0
2022-05-03 11:42:00,955,955,955,955,0
2022-05-03 11:43:00,955,955,955,955,0
2022-05-03 11:44:00,955,955,955,955,0
2022-05-03 11:45:00,955,955,955,955,0
2022-05-03 11:46:00,955,955,955,955,0
2022-05-03 11:47:00,955,955,955,955,0
2022-05-03 11:48:00,955,955,955,955,0
2022-05-03 11:49:00,955,955,955,955,0
2022-05-03 11:50:00,955,955,955,955,0
2022-05-03 11:51:00,955,955,955,955,0
2022-05-03 11:52:00,955,955,955,955,0
2022-05-03 11:53:00,955,955,955,955,0
2022-05-03 11:54:00,955,955,955,955,0
2022-05-03 11:55:00,955,955,955,955,0
2022-05-03 11:56:00,955,955,955,955,0
2022-05-03 11:57:00,955,955,955,955,0
2022-05-03 11:58:00,955,955,955,955,0
2022-05-03 11:59:00,955,955,955,955,0
2022-05-03 12:00:00,955,955,955,955,0
2022-05-03 12:01:00,955,955,955,955,0
2022-05-03 12:02:00,955,955,955,955,0
2022-05-03 12:03:00,955,955,955,955,0
2022-05-03 12:04:00,955,955,955,955,0
2022-05-03 12:05:00,955,955,955,955,0
2022-05-03 12:06:00,955,955,955,955,0
2022-05-03 12:07:00,955,955,955,955,0
2022-05-03 12:08:00,955,955,955,955,0
2022-05-03 12:09:00,955,955,955,955,0
2022-05-03 12:10:00,955,955,955,955,0
2022-05-03 12:11:00,955,955,955,955,0
2022-05-03 12:12:00,955,955,955,955,0
2022-05-03 12:13:00,955,955,955,955,0
2022-05-03 12:14:00,955,955,955,955,0
2022-05-03 12:15:00,955,955,955,955,0
2022-05-03 12:16:00,955,955,955,955,0
2022-05-03 12:17:00,955,955,955,955,0
2022-05-03 12:18:00,955,955,955,955,0
2022-05-03 12:19:00,955,955,955,955,0
2022-05-03 12:20:00,955,955,955,955,0
2022-05-03 12:21:00,955,955,955,955,0
2022-05-03 12:22:00,955,955,955,955,0
2022-05-03 12:23:00,955,955,955,955,0
2022-05-03 12:24:00,955,955,955,955,0
2022-05-03 12:25:00,955,955,955,955,0
2022-05-03 12:26:00,955,955,955,955,0
2022-05-03 12:27:00,955,955,955,955,0
2022-05-03 12:28:00,955,955,955,955,0
2022-05-03 12:29:00,955,955,955,955,0
2022-05-03 12:30:00,955,955,955,955,0
2022-05-03 12:31:00,955,955,955,955,0
2022-05-03 12:32:00,955,955,955,955,0
2022-05-03 12:33:00,955,955,955,955,0
2022-05-03 12:34:00,955,955,955,955,0
2022-05-03 12:35:00,955,955,955,955,0
2022-05-03 12:36:00,955,955,955,955,0
2022-05-03 12:37:00,955,955,955,955,0
2022-05-03 12:38:00,955,955,955,955,0
2022-05-03 12:39:00,955,955,955,955,0
2022-05-03 12:40:00,955,955,955,955,0
2022-05-03 12:41:00,955,955,955,955,0
2022-05-03 12:42:00,955,955,955,955,0
2022-05-03 12:43:00,955,955,955,955,0
2022-05-03 12:44:00,955,955,955,955,0
2022-05-03 12:45:00,955,955,955,955,0
2022-05-03 12:46:00,955,955,955,955,0
2022-05-03 12:47:00,955,955,955,955,0
2022-05-03 12:48:00,955,955,955,955,0
2022-05-03 12:49:00,955,955,955,955,0
2022-05-03 12:50:00,955,955,955,955,0
2022-05-03 12:51:00,955,955,955,955,0
2022-05-03 12:52:00,955,955,955,955,0
2022-05-03 12:53:00,955,955,955,955,0
2022-05-03 12:54:00,955,955,955,955,0
2022-05-03 12:55:00,955,955,955,955,0
2022-05-03 12:56:00,955,955,955,955,0
2022-05-03 12:57:00,955,955,955,955,0
2022-05-03 12:58:00,955,955,955,955,0
2022-05-03 12:59:00,955,955,955,955,0
2022-05-03 13:00:00,955,955,955,955,0
2022-05-03 13:01:00,955,955,955,955,0
2022-05-03 13:02:00,955,955,955,955,0
2022-05-03 13:03:00,955,955,955,955,0
2022-05-03 13:04:00,955,955,955,955,0
2022-05-03 13:05:00,955,955,955,955,0
2022-05-03 13:06:00,955,955,955,955,0
2022-05-03 13:07:00,955,955,955,955,0
2022-05-03 13:08:00,955,955,955,955,0
2022-05-03 13:09:00,955,955,955,955,0
2022-05-03 13:10:00,955,955,955,955,0
2022-05-03 13:11:00,955,955,955,955,0
2022-05-03 13:12:00,955,955,955,955,0
2022-05-03 13:13:00,955,955,955,955,0
2022-05-03 13:14:00,955,955,955,955,0
2022-05-03 13:15:00,955,955,955,955,0
2022-05-03 13:16:00,955,955,955,955,0
2022-05-03 13:17:00,955,955,955,955,0
2022-05-03 13:18:00,955,955,955,955,0
2022-05-03 13:19:00,955,955,955,955,0
2022-05-03 13:20:00,955,955,955,955,0
2022-05-03 13:21:00,955,955,955,955,0
2022-05-03 13:22:00,955,955,955,955,0
2022-05-03 13:23:00,955,955,955,955,0
2022-05-03 13:24:00,955,955,955,955,0
2022-05-03 13:25:00,955,955,955,955,0
2022-05-03 13:26:00,955,955,955,955,0
2022-05-03 13:27:00,955,955,955,955,0
2022-05-03 13:28:00,955,955,955,955,0
2022-05-03 13:29:00,955,955,955,955,0
2022-05-03 13:30:00,955,955,955,955,0
2022-05-03 13:31:00,955,955,955,955,0
2022-05-03 13:32:00,955,955,955,955,0
2022-05-03 13:33:00,955,955,955,955,0
2022-05-03 13:34:00,955,955,955,955,0
2022-05-03 13:35:00,955,955,955,955,0
2022-05-03 13:36:00,955,955,955,955,0
2022-05-03 13:37:00,955,955,955,955,0
2022-05-03 13:38:00,955,955,955,955,0
2022-05-03 13:39:00,955,955,955,955,0
2022-05-03 13:40:00,955,955,955,955,0
2022-05-03 13:41:00,955,955,955,955,0
2022-05-03 13:42:00,955,955,955,955,0
2022-05-03 13:43:00,955,955,955,955,0
2022-05-03 13:44:00,955,955,955,955,0
2022-05-03 13:45:00,955,955,955,955,0
2022-05-03 13:46:00,955,955,955,955,0
2022-05-03 13:47:00,955,955,955,955,0
2022-05-03 13:48:00,955,955,955,955,0
2022-05-03 13:49:00,955,955,955,955,0
2022-05-03 13:50:00,955,955,955,955,0
2022-05-03 13:51:00,955,955,955,955,0
2022-05-03 13:52:00,955,955,955,955,0
2022-05-03 13:53:00,955,955,955,955,0
2022-05-03 13:54:00,955,955,955,955,0
2022-05-03 13:55:00,955,955,955,955,0
2022-05-03 13:56:00,955,955,955,955,0
2022-05-03 13:57:00,955,955,955,955,0
2022-05-03 13:58:00,955,955,955,955,0
2022-05-03 13:59:00,955,955,955,955,0
2022-05-03 14:00:00,955,955,955,955,0
2022-05-03 14:01:00,955,955,955,955,0
2022-05-03 14:02:00,955,955,955,955,0
2022-05-03 14:03:00,955,955,955,955,0
2022-05-03 14:04:00,955,955,955,955,0
2022-05-03 14:05:00,955,955,955,955,0
2022-05-03 14:06:00,955,955,955,955,0
2022-05-03 14:07:00,955,955,955,955,0
2022-05-03 14:08:00,955,955,955,955,0
2022-05-03 14:09:00,955,955,955,955,0
2022-05-03 14:10:00,955,955,955,955,0
2022-05-03 14:11:00,955,955,955,955,0
2022-05-03 14:12:00,955,955,955,955,0
2022-05-03 14:13:00,955,955,955,955,0
2022-05-03 14:14:00,955,955,955,955,0
2022-05-03 14:15:00,955,955,955,955,0
2022-05-03 14:16:00,955,955,955,955,0
2022-05-03 14:17:00,955,955,955,955,0
2022-05-03 14:18:00,955,955,955,955,0
2022-05-03 14:19:00,955,955,955,955,0
2022-05-03 14:20:00,955,955,955,955,0
2022-05-03 14:21:00,955,955,955,955,0
2022-05-03 14:22:00,955,955,955,955,0
2022-05-03 14:23:00,955,955,955,955,0
2022-05-03 14:24:00,955,955,955,955,0
2022-05-03 14:25:00,955,955,955,955,0
2022-05-03 14:26:00,955,955,955,955,0
2022-05-03 14:27:00,955,955,955,955,0
2022-05-03 14:28:00,955,955,955,955,0
2022-05-03 14:29:00,955,955,955,955,0
2022-05-03 14:30:00,955,955,955,955,0
2022-05-03 14:31:00,955,955,955,955,0
2022-05-03 14:32:00,955,955,955,955,0
2022-05-03 14:33:00,955,955,955,955,0
2022-05-03 14:34:00,955,955,955,955,0
2022-05-03 14:35:00,955,955,955,955,0
2022-05-03 14:36:00,955,955,955,955,0
2022-05-03 14:37:00,955,955,955,955,0
2022-05-03 14:38:00,955,955,955,955,0
2022-05-03 14:39:00,955,955,955,955,0
2022-05-03 14:40:00,955,955,955,955,0
2022-05-03 14:41:00,955,955,955,955,0
2022-05-03 14:42:00,955,955,955,955,0
2022-05-03 14:43:00,955,955,955,955,0
2022-05-03 14:44:00,955,955,955,955,0
2022-05-03 14:45:00,955,955,955,955,0
2022-05-03 14:46:00,955,955,955,955,0
2022-05-03 14:47:00,955,955,955,955,0
2022-05-03 14:48:00,955,955,955,955,0
2022-05-03 14:49:00,955,955,955,955,0
2022-05-03 14:50:00,955,955,955,955,0
2022-05-03 14:51:00,955,955,955,955,0
2022-05-03 14:52:00,955,955,955,955,0
2022-05-03 14:53:00,955,955,955,955,0
2022-05-03 14:54:00,955,955,955,955,0
2022-05-03 14:55:00,955,955,955,955,0
2022-05-03 14:56:00,955,955,955,955,0
2022-05-03 14:57:00,955,955,955,955,0
2022-05-03 14:58:00,955,955,955,955,0
2022-05-03 14:59:00,955,955,955,955,0
2022-05-03 15:00:00,955,955,955,955,0
2022-05-03 15:01:00,955,955,955,955,0
2022-05-03 15:02:00,955,955,955,955,0
2022-05-03 15:03:00,955,955,955,955,0
2022-05-03 15:04:00,955,955,955,955,0
2022-05-03 15:05:00,955,955,955,955,0
2022-05-03 15:06:00,955,955,955,955,0
2022-05-03 15:07:00,955,955,955,955,0
2022-05-03 15:08:00,955,955,955,955,0
2022-05-03 15:09:00,955,955,955,955,0
2022-05-03 15:10:00,955,955,955,955,0
2022-05-03 15:11:00,955,955,955,955,0
2022-05-03 15:12:00,955,955,955,955,0
2022-05-03 15:13:00,955,955,955,955,0
2022-05-03 15:14:00,955,955,955,955,0
2022-05-03 15:15:00,955,955,955,955,0
2022-05-03 15:16:00,955,955,955,955,0
2022-05-03 15:17:00,955,955,955,955,0
2022-05-03 15:18:00,955,955,955,955,0
2022-05-03 15:19:00,955,955,955,955,0
2022-05-03 15:20:00,955,955,955,955,0
2022-05-03 15:21:00,955,955,955,955,0
2022-05-03 15:22:00,955,955,955,955,0
2022-05-03 15:23:00,955,955,955,955,0
2022-05-03 15:24:00,955,955,955,955,0
2022-05-03 15:25:00,955,955,955,955,0
2022-05-03 15:26:00,955,955,955,955,0
2022-05-03 15:27:00,955,955,955,955,0
2022-05-03 15:28:00,955,955,955,955,0
2022-05-03 15:29:00,955,955,955,955,0
2022-05-03 15:30:00,955,955,955,955,0
2022-05-03 15:31:00,955,955,955,955,0
2022-05-03 15:32:00,955,955,955,955,0
2022-05-03 15:33:00,955,955,955,955,0
2022-05-03 15:34:00,955,955,955,955,0
2022-05-03 15:35:00,955,955,955,955,0
2022-05-03 15:36:00,955,955,955,955,0
2022-05-03 15:37:00,955,955,955,955,0
2022-05-03 15:38:00,955,955,955,955,0
2022-05-03 15:39:00,955,955,955,955,0
2022-05-03 15:40:00,955,955,955,955,0
2022-05-03 15:41:00,955,955,955,955,0
2022-05-03 15:42:00,955,955,955,955,0
2022-05-03 15:43:00,955,955,955,955,0
2022-05-03 15:44:00,955,955,955,955,0
2022-05-03 15:45:00,955,955,955,955,0
2022-05-03 15:46:00,955,955,955,955,0
2022-05-03 15:47:00,955,955,955,955,0
2022-05-03 15:48:00,955,955,955,955,0
2022-05-03 15:49:00,955,955,955,955,0
2022-05-03 15:50:00,955,955,955,955,0
2022-05-03 15:51:00,955,955,955,955,0
2022-05-03 15:52:00,955,955,955,955,0
2022-05-03 15:53:00,955,955,955,955,0
2022-05-03 15:54:00,955,955,955,955,0
2022-05-03 15:55:00,955,955,955,955,0
2022-05-03 15:56:00,955,955,955,955,0
2022-05-03 15:57:00,955,955,955,955,0
2022-05-03 15:58:00,955,955,955,955,0
2022-05-03 15:59:00,955,955,955,955,0
2022-05-04 09:00:00,955,955,955,955,0
2022-05-04 09:01:00,955,955,955,955,0
2022-05-04 09:02:00,955,955,955,955,0
2022-05-04 09:03:00,955,955,955,955,0
2022-05-04 09:04:00,955,955,955,955,0
2022-05-04 09:05:00,955,955,955,955,0
2022-05-04 09:06:00,955,955,955,955,0
2022-05-04 09:07:00,955,955,955,955,0
2022-05-04 09:08:00,955,955,955,955,0
2022-05-04 09:09:00,955,955,955,955,0
2022-05-04 09:10:00,955,955,955,955,0
2022-05-04 09:11:00,955,955,955,955,0
2022-05-04 09:12:00,955,955,955,955,0
2022-05-04 09:13:00,955,955,955,955,0
2022-05-04 09:14:00,955,955,955,955,0
2022-05-04 09:15:00,955,955,955,955,0
2022-05-04 09:16:00,955,955,955,955,0
2022-05-04 09:17:00,955,955,955,955,0
2022-05-04 09:18:00,955,955,955,955,0
2022-05-04 09:19:00,955,955,955,955,0
2022-05-04 09:20:00,955,955,955,955,0
2022-05-04 09:21:00,955,955,955,955,0
2022-05-04 09:22:00,955,955,955,955,0
2022-05-04 09:23:00,955,955,955,955,0
2022-05-04 09:24:00,955,955,955,955,0
2022-05-04 09:25:00,955,955,955,955,0
2022-05-04 09:26:00,955,955,955,955,0
2022-05-04 09:27:00,955,955,955,955,0
2022-05-04 09:28:00,955,955,955,955,0
2022-05-04 09:29:00,955,955,955,955,0
2022-05-04 09:30:00,955,955,955,955,0
2022-05-04 09:31:00,955,955,955,955,0
2022-05-04 09:32:00,955,955,955,955,0
2022-05-04 09:33:00,955,955,955,955,0
2022-05-04 09:34:00,955,955,955,955,0
2022-05-04 09:35:00,955,955,955,955,0
2022-05-04 09:36:00,955,955,955,955,0
2022-05-04 09:37:00,955,955,955,955,0
2022-05-04 09:38:00,955,955,955,955,0
2022-05-04 09:39:00,955,955,955,955,0
2022-05-04 09:40:00,955,955,955,955,0
2022-05-04 09:41:00,955,955,955,955,0
2022-05-04 09:42:00,955,955,955,955,0
2022-05-04 09:43:00,955,955,955,955,0
2022-05-04 09:44:00,955,955,955,955,0
2022-05-04 09:45:00,955,955,955,955,0
2022-05-04 09:46:00,955,955,955,955,0
2022-05-04 09:47:00,955,955,955,955,0
2022-05-04 09:48:00,955,955,955,955,0
2022-05-04 09:49:00,955,955,955,955,0
2022-05-04 09:50:00,955,955,955,955,0
2022-05-04 09:51:00,955,955,955,955,0
2022-05-04 09:52:00,955,955,955,955,0
2022-05-04 09:53:00,955,955,955,955,0
2022-05-04 09:54:00,955,955,955,955,0
2022-05-04 09:55:00,955,955,955,955,0
2022-05-04 09:56:00,955,955,955,955,0
2022-05-04 09:57:00,955,955,955,955,0
2022-05-04 09:58:00,955,955,955,955,0
2022-05-04 09:59:00,955,955,955,955,0
2022-05-04 10:00:00,955,955,955,955,0
2022-05-04 10:01:00,955,955,955,955,0
2022-05-04 10:02:00,955,955,955,955,0
2022-05-04 10:03:00,955,955,955,955,0
2022-05-04 10:04:00,955,955,955,955,0
2022-05-04 10:05:00,955,955,955,955,0
2022-05-04 10:06:00,955,955,955,955,0
2022-05-04 10:07:00,955,955,955,955,0
2022-05-04 10:08:00,955,955,955,955,0
2022-05-04 10:09:00,955,955,955,955,0
2022-05-04 10:10:00,955,955,955,955,0
2022-05-04 10:11:00,955,955,955,955,0
2022-05-04 10:12:00,955,955,955,955,0
2022-05-04 10:13:00,955,955,955,955,0
2022-05-04 10:14:00,955,955,955,955,0
2022-05-04 10:15:00,955,955,955,955,0
2022-05-04 10:16:00,955,955,955,955,0
2022-05-04 10:17:00,955,955,955,955,0
2022-05-04 10:18:00,955,955,955,955,0
2022-05-04 10:19:00,955,955,955,955,0
2022-05-04 10:20:00,955,955,955,955,0
2022-05-04 10:21:00,955,955,955,955,0
2022-05-04 10:22:00,955,955,955,955,0
2022-05-04 10:23:00,955,955,955,955,0
2022-05-04 10:24:00,955,955,955,955,0
2022-05-04 10:25:00,955,955,955,955,0
2022-05-04 10:26:00,955,955,955,955,0
2022-05-04 10:27:00,955,955,955,955,0
2022-05-04 10:28:00,955,955,955,955,0
2022-05-04 10:29:00,955,955,955,955,0
2022-05-04 10:30:00,955,955,955,955,0
2022-05-04 10:31:00,955,955,955,955,0
2022-05-04 10:32:00,955,955,955,955,0
2022-05-04 10:33:00,955,955,955,955,0
2022-05-04 10:34:00,955,955,955,955,0
2022-05-04 10:35:00,955,955,955,955,0
2022-05-04 10:36:00,955,955,955,955,0
2022-05-04 10:37:00,955,955,955,955,0
2022-05-04 10:38:00,955,955,955,955,0
2022-05-04 10:39:00,955,955,955,955,0
2022-05-04 10:40:00,955,955,955,955,0
2022-05-04 10:41:00,955,955,955,955,0
2022-05-04 10:42:00,955,955,955,955,0
2022-05-04 10:43:00,955,955,955,955,0
2022-05-04 10:44:00,955,955,955,955,0
2022-05-04 10:45:00,955,955,955,955,0
2022-05-04 10:46:00,955,955,955,955,0
2022-05-04 10:47:00,955,955,955,955,0
2022-05-04 10:48:00,955,955,955,955,0
2022-05-04 10:49:00,955,955,955,955,0
2022-05-04 10:50:00,955,955,955,955,0
2022-05-04 10:51:00,955,955,955,955,0
2022-05-04 10:52:00,955,955,955,955,0
2022-05-04 10:53:00,955,955,955,955,0
2022-05-04 10:54:00,955,955,955,955,0
2022-05-04 10:55:00,955,955,955,955,0
2022-05-04 10:56:00,955,955,955,955,0
2022-05-04 10:57:00,955,955,955,955,0
2022-05-04 10:58:00,955,955,955,955,0
2022-05-04 10:59:00,955,955,955,955,0
2022-05-04 11:00:00,955,955,955,955,0
2022-05-04 11:01:00,955,955,955,955,0
2022-05-04 11:02:00,955,955,955,955,0
2022-05-04 11:03:00,955,955,955,955,0
2022-05-04 11:04:00,955,955,955,955,0
2022-05-04 11:05:00,955,955,955,955,0
2022-05-04 11:06:00,955,955,955,955,0
2022-05-04 11:07:00,955,955,955,955,0
2022-05-04 11:08:00,955,955,955,955,0
2022-05-04 11:09:00,955,955,955,955,0
2022-05-04 11:10:00,955,955,955,955,0
2022-05-04 11:11:00,955,955,955,955,0
2022-05-04 11:12:00,955,955,955,955,0
2022-05-04 11:13:00,955,955,955,955,0
2022-05-04 11:14:00,955,955,955,955,0
2022-05-04 11:15:00,955,955,955,955,0
2022-05-04 11:16:00,955,955,955,955,0
2022-05-04 11:17:00,955,955,955,955,0
2022-05-04 11:18:00,955,955,955,955,0
2022-05-04 11:19:00,955,955,955,955,0
2022-05-04 11:20:00,955,955,955,955,0
2022-05-04 11:21:00,955,955,955,955,0
2022-05-04 11:22:00,955,955,955,955,0
2022-05-04 11:23:00,955,955,955,955,0
2022-05-04 11:24:00,955,955,955,955,0
2022-05-04 11:25:00,955,955,955,955,0
2022-05-04 11:26:00,955,955,955,955,0
2022-05-04 11:27:00,955,955,955,955,0
2022-05-04 11:28:00,955,955,955,955,0
2022-05-04 11:29:00,955,955,955,955,0
2022-05-04 11:30:00,955,955,955,955,0
2022-05-04 11:31:00,955,955,955,955,0
2022-05-04 11:32:00,955,955,955,955,0
2022-05-04 11:33:00,955,955,955,955,0
2022-05-04 11:34:00,955,955,955,955,0
2022-05-04 11:35:00,955,955,955,955,0
2022-05-04 11:36:00,955,955,955,955,0
2022-05-04 11:37:00,955,955,955,955,0
2022-05-04 11:38:00,955,955,955,955,0
2022-05-04 11:39:00,955,955,955,955,0
2022-05-04 11:40:00,955,955,955,955,0
2022-05-04 11:41:00,955,955,955,955,0
2022-05-04 11:42:00,955,955,955,955,0
2022-05-04 11:43:00,955,955,955,955,0
2022-05-04 11:44:00,955,955,955,955,0
2022-05-04 11:45:00,955,955,955,955,0
2022-05-04 11:46:00,955,955,955,955,0
2022-05-04 11:47:00,955,955,955,955,0
2022-05-04 11:48:00,955,955,955,955,0
2022-05-04 11:49:00,955,955,955,955,0
2022-05-04 11:50:00,955,955,955,955,0
2022-05-04 11:51:00,955,955,955,955,0
2022-05-04 11:52:00,955,955,955,955,0
2022-05-04 11:53:00,955,955,955,955,0
2022-05-04 11:54:00,955,955,955,955,0
2022-05-04 11:55:00,955,955,955,955,0
2022-05-04 11:56:00,955,955,955,955,0
2022-05-04 11:57:00,955,955,955,955,0
2022-05-04 11:58:00,955,955,955,955,0
2022-05-04 11:59:00,955,955,955,955,0
2022-05-04 12:00:00,955,955,955,955,0
2022-05-04 12:01:00,955,955,955,955,0
2022-05-04 12:02:00,955,955,955,955,0
2022-05-04 12:03:00,955,955,955,955,0
2022-05-04 12:04:00,955,955,955,955,0
2022-05-04 12:05:00,955,955,955,955,0
2022-05-04 12:06:00,955,955,955,955,0
2022-05-04 12:07:00,955,955,955,955,0
2022-05-04 12:08:00,955,955,955,955,0
2022-05-04 12:09:00,955,955,955,955,0
2022-05-04 12:10:00,955,955,955,955,0
2022-05-04 12:11:00,955,955,955,955,0
2022-05-04 12:12:00,955,955,955,955,0
2022-05-04 12:13:00,955,955,955,955,0
2022-05-04 12:14:00,955,955,955,955,0
2022-05-04 12:15:00,955,955,955,955,0
2022-05-04 12:16:00,955,955,955,955,0
2022-05-04 12:17:00,955,955,955,955,0
2022-05-04 12:18:00,955,955,955,955,0
2022-05-04 12:19:00,955,955,955,955,0
2022-05-04 12:20:00,955,955,955,955,0
2022-05-04 12:21:00,955,955,955,955,0
2022-05-04 12:22:00,955,955,955,955,0
2022-05-04 12:23:00,955,955,955,955,0
2022-05-04 12:24:00,955,955,955,955,0
2022-05-04 12:25:00,955,955,955,955,0
2022-05-04 12:26:00,955,955,955,955,0
2022-05-04 12:27:00,955,955,955,955,0
2022-05-04 12:28:00,955,955,955,955,0
2022-05-04 12:29:00,955,955,955,955,0
2022-05-04 12:30:00,955,955,955,955,0
2022-05-04 12:31:00,955,955,955,955,0
2022-05-04 12:32:00,955,955,955,955,0
2022-05-04 12:33:00,955,955,955,955,0
2022-05-04 12:34:00,955,955,955,955,0
2022-05-04 12:35:00,955,955,955,955,0
2022-05-04 12:36:00,955,955,955,955,0
2022-05-04 12:37:00,955,955,955,955,0
2022-05-04 12:38:00,955,955,955,955,0
2022-05-04 12:39:00,955,955,955,955,0
2022-05-04 12:40:00,955,955,955,955,0
2022-05-04 12:41:00,955,955,955,955,0
2022-05-04 12:42:00,955,955,955,955,0
2022-05-04 12:43:00,955,955,955,955,0
2022-05-04 12:44:00,955,955,955,955,0
2022-05-04 12:45:00,955,955,955,955,0
2022-05-04 12:46:00,955,955,955,955,0
2022-05-04 12:47:00,955,955,955,955,0
2022-05-04 12:48:00,955,955,955,955,0
2022-05-04 12:49:00,955,955,955,955,0
2022-05-04 12:50:00,955,955,955,955,0
2022-05-04 12:51:00,955,955,955,955,0
2022-05-04 12:52:00,955,955,955,955,0
2022-05-04 12:53:00,955,955,955,955,0
2022-05-04 12:54:00,955,955,955,955,0
2022-05-04 12:55:00,955,955,955,955,0
2022-05-04 12:56:00,955,955,955,955,0
2022-05-04 12:57:00,955,955,955,955,0
2022-05-04 12:58:00,955,955,955,955,0
2022-05-04 12:59:00,955,955,955,955,0
2022-05-04 13:00:00,955,955,955,955,0
2022-05-04 13:01:00,955,955,955,955,0
2022-05-04 13:02:00,955,955,955,955,0
2022-05-04 13:03:00,955,955,955,955,0
2022-05-04 13:04:00,955,955,955,955,0
2022-05-04 13:05:00,955,955,955,955,0
2022-05-04 13:06:00,955,955,955,955,0
2022-05-04 13:07:00,955,955,955,955,0
2022-05-04 13:08:00,955,955,955,955,0
2022-05-04 13:09:00,955,955,955,955,0
2022-05-04 13:10:00,955,955,955,955,0
2022-05-04 13:11:00,955,955,955,955,0
2022-05-04 13:12:00,955,955,955,955,0
2022-05-04 13:13:00,955,955,955,955,0
2022-05-04 13:14:00,955,955,955,955,0
2022-05-04 13:15:00,955,955,955,955,0
2022-05-04 13:16:00,955,955,955,955,0
2022-05-04 13:17:00,955,955,955,955,0
2022-05-04 13:18:00,955,955,955,955,0
2022-05-04 13:19:00,955,955,955,955,0
2022-05-04 13:20:00,955,955,955,955,0
2022-05-04 13:21:00,955,955,955,955,0
2022-05-04 13:22:00,955,955,955,955,0
2022-05-04 13:23:00,955,955,955,955,0
2022-05-04 13:24:00,955,955,955,955,0
2022-05-04 13:25:00,955,955,955,955,0
2022-05-04 13:26:00,955,955,955,955,0
2022-05-04 13:27:00,955,955,955,955,0
2022-05-04 13:28:00,955,955,955,955,0
2022-05-04 13:29:00,955,955,955,955,0
2022-05-04 13:30:00,955,955,955,955,0
2022-05-04 13:31:00,955,955,955,955,0
2022-05-04 13:32:00,955,955,955,955,0
2022-05-04 13:33:00,955,955,955,955,0
2022-05-04 13:34:00,955,955,955,955,0
2022-05-04 13:35:00,955,955,955,955,0
2022-05-04 13:36:00,955,955,955,955,0
2022-05-04 13:37:00,955,955,955,955,0
2022-05-04 13:38:00,955,955,955,955,0
2022-05-04 13:39:00,955,955,955,955,0
2022-05-04 13:40:00,955,955,955,955,0
2022-05-04 13:41:00,955,955,955,955,0
2022-05-04 13:42:00,955,955,955,955,0
2022-05-04 13:43:00,955,955,955,955,0
2022-05-04 13:44:00,955,955,955,955,0
2022-05-04 13:45:00,955,955,955,955,0
2022-05-04 13:46:00,955,955,955,955,0
2022-05-04 13:47:00,955,955,955,955,0
2022-05-04 13:48:00,955,955,955,955,0
2022-05-04 13:49:00,955,955,955,955,0
2022-05-04 13:50:00,955,955,955,955,0
2022-05-04 13:51:00,955,955,955,955,0
2022-05-04 13:52:00,955,955,955,955,0
2022-05-04 13:53:00,955,955,955,955,0
2022-05-04 13:54:00,955,955,955,955,0
2022-05-04 13:55:00,955,955,955,955,0
2022-05-04 13:56:00,955,955,955,955,0
2022-05-04 13:57:00,955,955,955,955,0
2022-05-04 13:58:00,955,955,955,955,0
2022-05-04 13:59:00,955,955,955,955,0
2022-05-04 14:00:00,955,955,955,955,0
2022-05-04 14:01:00,955,955,955,955,0
2022-05-04 14:02:00,955,955,955,955,0
2022-05-04 14:03:00,955,955,955,955,0
2022-05-04 14:04:00,955,955,955,955,0
2022-05-04 14:05:00,955,955,955,955,0
2022-05-04 14:06:00,955,955,955,955,0
2022-05-04 14:07:00,955,955,955,955,0
2022-05-04 14:08:00,955,955,955,955,0
2022-05-04 14:09:00,955,955,955,955,0
2022-05-04 14:10:00,955,955,955,955,0
2022-05-04 14:11:00,955,955,955,955,0
2022-05-04 14:12:00,955,955,955,955,0
2022-05-04 14:13:00,955,955,955,955,0
2022-05-04 14:14:00,955,955,955,955,0
2022-05-04 14:15:00,955,955,955,955,0
2022-05-04 14:16:00,955,955,955,955,0
2022-05-04 14:17:00,955,955,955,955,0
2022-05-04 14:18:00,955,955,955,955,0
2022-05-04 14:19:00,955,955,955,955,0
2022-05-04 14:20:00,955,955,955,955,0
2022-05-04 14:21:00,955,955,955,955,0
2022-05-04 14:22:00,955,955,955,955,0
2022-05-04 14:23:00,955,955,955,955,0
2022-05-04 14:24:00,955,955,955,955,0
2022-05-04 14:25:00,955,955,955,955,0
2022-05-04 14:26:00,955,955,955,955,0
2022-05-04 14:27:00,955,955,955,955,0
2022-05-04 14:28:00,955,955,955,955,0
2022-05-04 14:29:00,955,955,955,955,0
2022-05-04 14:30:00,955,955,955,955,0
2022-05-04 14:31:00,955,955,955,955,0
2022-05-04 14:32:00,955,955,955,955,0
2022-05-04 14:33:00,955,955,955,955,0
2022-05-04 14:34:00,955,955,955,955,0
2022-05-04 14:35:00,955,955,955,955,0
2022-05-04 14:36:00,955,955,955,955,0
2022-05-04 14:37:00,955,955,955,955,0
2022-05-04 14:38:00,955,955,955,955,0
2022-05-04 14:39:00,955,955,955,955,0
2022-05-04 14:40:00,955,955,955,955,0
2022-05-04 14:41:00,955,955,955,955,0
2022-05-04 14:42:00,955,955,955,955,0
2022-05-04 14:43:00,955,955,955,955,0
2022-05-04 14:44:00,955,955,955,955,0
2022-05-04 14:45:00,955,955,955,955,0
2022-05-04 14:46:00,955,955,955,955,0
2022-05-04 14:47:00,955,955,955,955,0
2022-05-04 14:48:00,955,955,955,955,0
2022-05-04 14:49:00,955,955,955,955,0
2022-05-04 14:50:00,955,955,955,955,0
2022-05-04 14:51:00,955,955,955,955,0
2022-05-04 14:52:00,955,955,955,955,0
2022-05-04 14:53:00,955,955,955,955,0
2022-05-04 14:54:00,955,955,955,955,0
2022-05-04 14:55:00,955,955,955,955,0
2022-05-04 14:56:00,955,955,955,955,0
2022-05-04 14:57:00,955,955,955,955,0
2022-05-04 14:58:00,955,955,955,955,0
2022-05-04 14:59:00,955,955,955,955,0
2022-05-04 15:00:00,955,955,955,955,0
2022-05-04 15:01:00,955,955,955,955,0
2022-05-04 15:02:00,955,955,955,955,0
2022-05-04 15:03:00,955,955,955,955,0
2022-05-04 15:04:00,955,955,955,955,0
2022-05-04 15:05:00,955,955,955,955,0
2022-05-04 15:06:00,955,955,955,955,0
2022-05-04 15:07:00,955,955,955,955,0
2022-05-04 15:08:00,955,955,955,955,0
2022-05-04 15:09:00,955,955,955,955,0
2022-05-04 15:10:00,955,955,955,955,0
2022-05-04 15:11:00,955,955,955,955,0
2022-05-04 15:12:00,955,955,955,955,0
2022-05-04 15:13:00,955,955,955,955,0
2022-05-04 15:14:00,955,955,955,955,0
2022-05-04 15:15:00,955,955,955,955,0
2022-05-04 15:16:00,955,955,955,955,0
2022-05-04 15:17:00,955,955,955,955,0
2022-05-04 15:18:00,955,955,955,955,0
2022-05-04 15:19:00,955,955,955,955,0
2022-05-04 15:20:00,955,955,955,955,0
2022-05-04 15:21:00,955,955,955,955,0
2022-05-04 15:22:00,955,955,955,955,0
2022-05-04 15:23:00,955,955,955,955,0
2022-05-04 15:24:00,955,955,955,955,0
2022-05-04 15:25:00,955,955,955,955,0
2022-05-04 15:26:00,955,955,955,955,0
2022-05-04 15:27:00,955,955,955,955,0
2022-05-04 15:28:00,955,955,955,955,0
2022-05-04 15:29:00,955,955,955,955,0
2022-05-04 15:30:00,955,955,955,955,0
2022-05-04 15:31:00,955,955,955,955,0
2022-05-04 15:32:00,955,955,955,955,0
2022-05-04 15:33:00,955,955,955,955,0
2022-05-04 15:34:00,955,955,955,955,0
2022-05-04 15:35:00,955,955,955,955,0
2022-05-04 15:36:00,955,955,955,955,0
2022-05-04 15:37:00,955,955,955,955,0
2022-05-04 15:38:00,955,955,955,955,0
2022-05-04 15:39:00,955,955,955,955,0
2022-05-04 15:40:00,955,955,955,955,0
2022-05-04 15:41:00,955,955,955,955,0
2022-05-04 15:42:00,955,955,955,955,0
2022-05-04 15:43:00,955,955,955,955,0
2022-05-04 15:44:00,955,955,955,955,0
2022-05-04 15:45:00,955,955,955,955,0
2022-05-04 15:46:00,955,955,955,955,0
2022-05-04 15:47:00,955,955,955,955,0
2022-05-04 15:48:00,955,955,955,955,0
2022-05-04 15:49:00,955,955,955,955,0
2022-05-04 15:50:00,955,955,955,955,0
2022-05-04 15:51:00,955,955,955,955,0
2022-05-04 15:52:00,955,955,955,955,0
2022-05-04 15:53:00,955,955,955,955,0
2022-05-04 15:54:00,955,955,955,955,0
2022-05-04 15:55:00,955,955,955,955,0
2022-05-04 15:56:00,955,955,955,955,0
2022-05-04 15:57:00,955,955,955,955,0
2022-05-04 15:58:00,955,955,955,955,0
2022-05-04 15:59:00,955,955,955,955,0
2022-05-05 09:00:00,955,955,955,955,0
2022-05-05 09:01:00,955,955,955,955,0
2022-05-05 09:02:00,955,955,955,955,0
2022-05-05 09:03:00,955,955,955,955,0
2022-05-05 09:04:00,955,955,955,955,0
2022-05-05 09:05:00,955,955,955,955,0
2022-05-05 09:06:00,955,955,955,955,0
2022-05-05 09:07:00,955,955,955,955,0
2022-05-05 09:08:00,955,955,955,955,0
2022-05-05 09:09:00,955,955,955,955,0
2022-05-05 09:10:00,955,955,955,955,0
2022-05-05 09:11:00,955,955,955,955,0
2022-05-05 09:12:00,955,955,955,955,0
2022-05-05 09:13:00,955,955,955,955,0
2022-05-05 09:14:00,955,955,955,955,0
2022-05-05 09:15:00,955,955,955,955,0
2022-05-05 09:16:00,955,955,955,955,0
2022-05-05 09:17:00,955,955,955,955,0
2022-05-05 09:18:00,955,955,955,955,0
2022-05-05 09:19:00,955,955,955,955,0
2022-05-05 09:20:00,955,955,955,955,0
2022-05-05 09:21:00,955,955,955,955,0
2022-05-05 09:22:00,955,955,955,955,0
2022-05-05 09:23:00,955,955,955,955,0
2022-05-05 09:24:00,955,955,955,955,0
2022-05-05 09:25:00,955,955,955,955,0
2022-05-05 09:26:00,955,955,955,955,0
2022-05-05 09:27:00,955,955,955,955,0
2022-05-05 09:28:00,955,955,955,955,0
2022-05-05 09:29:00,955,955,955,955,0
2022-05-05 09:30:00,955,955,955,955,0
2022-05-05 09:31:00,955,955,955,955,0
2022-05-05 09:32:00,955,955,955,955,0
2022-05-05 09:33:00,955,955,955,955,0
2022-05-05 09:34:00,955,955,955,955,0
2022-05-05 09:35:00,955,955,955,955,0
2022-05-05 09:36:00,955,955,955,955,0
2022-05-05 09:37:00,955,955,955,955,0
2022-05-05 09:38:00,955,955,955,955,0
2022-05-05 09:39:00,955,955,955,955,0
2022-05-05 09:40:00,955,955,955,955,0
2022-05-05 09:41:00,955,955,955,955,0
2022-05-05 09:42:00,955,955,955,955,0
2022-05-05 09:43:00,955,955,955,955,0
2022-05-05 09:44:00,955,955,955,955,0
2022-05-05 09:45:00,955,955,955,955,0
2022-05-05 09:46:00,955,955,955,955,0
2022-05-05 09:47:00,955,955,955,955,0
2022-05-05 09:48:00,955,955,955,955,0
2022-05-05 09:49:00,955,955,955,955,0
2022-05-05 09:50:00,955,955,955,955,0
2022-05-05 09:51:00,955,955,955,955,0
2022-05-05 09:52:00,955,955,955,955,0
2022-05-05 09:53:00,955,955,955,955,0
2022-05-05 09:54:00,955,955,955,955,0
2022-05-05 09:55:00,955,955,955,955,0
2022-05-05 09:56:00,955,955,955,955,0
2022-05-05 09:57:00,955,955,955,955,0
2022-05-05 09:58:00,955,955,955,955,0
2022-05-05 09:59:00,955,955,955,955,0
2022-05-05 10:00:00,955,955,955,955,0
2022-05-05 10:01:00,955,955,955,955,0
2022-05-05 10:02:00,955,955,955,955,0
2022-05-05 10:03:00,955,955,955,955,0
2022-05-05 10:04:00,955,955,955,955,0
2022-05-05 10:05:00,955,955,955,955,0
2022-05-05 10:06:00,955,955,955,955,0
2022-05-05 10:07:00,955,955,955,955,0
2022-05-05 10:08:00,955,955,955,955,0
2022-05-05 10:09:00,955,955,955,955,0
2022-05-05 10:10:00,955,955,955,955,0
2022-05-05 10:11:00,955,955,955,955,0
2022-05-05 10:12:00,955,955,955,955,0
2022-05-05 10:13:00,955,955,955,955,0
2022-05-05 10:14:00,955,955,955,955,0
2022-05-05 10:15:00,955,955,955,955,0
2022-05-05 10:16:00,955,955,955,955,0
2022-05-05 10:17:00,955,955,955,955,0
2022-05-05 10:18:00,955,955,955,955,0
2022-05-05 10:19:00,955,955,955,955,0
2022-05-05 10:20:00,955,955,955,955,0
2022-05-05 10:21:00,955,955,955,955,0
2022-05-05 10:22:00,955,955,955,955,0
2022-05-05 10:23:00,955,955,955,955,0
2022-05-05 10:24:00,955,955,955,955,0
2022-05-05 10:25:00,955,955,955,955,0
2022-05-05 10:26:00,955,955,955,955,0
2022-05-05 10:27:00,955,955,955,955,0
2022-05-05 10:28:00,955,955,955,955,0
2022-05-05 10:29:00,955,955,955,955,0
2022-05-05 10:30:00,955,955,955,955,0
2022-05-05 10:31:00,955,955,955,955,0
2022-05-05 10:32:00,955,955,955,955,0
2022-05-05 10:33:00,955,955,955,955,0
2022-05-05 10:34:00,955,955,955,955,0
2022-05-05 10:35:00,955,955,955,955,0
2022-05-05 10:36:00,955,955,955,955,0
2022-05-05 10:37:00,955,955,955,955,0
2022-05-05 10:38:00,955,955,955,955,0
2022-05-05 10:39:00,955,955,955,955,0
2022-05-05 10:40:00,955,955,955,955,0
2022-05-05 10:41:00,955,955,955,955,0
2022-05-05 10:42:00,955,955,955,955,0
2022-05-05 10:43:00,955,955,955,955,0
2022-05-05 10:44:00,955,955,955,955,0
2022-05-05 10:45:00,955,955,955,955,0
2022-05-05 10:46:00,955,955,955,955,0
2022-05-05 10:47:00,955,955,955,955,0
2022-05-05 10:48:00,955,955,955,955,0
2022-05-05 10:49:00,955,955,955,955,0
2022-05-05 10:50:00,955,955,955,955,0
2022-05-05 10:51:00,955,955,955,955,0
2022-05-05 10:52:00,955,955,955,955,0
2022-05-05 10:53:00,955,955,955,955,0
2022-05-05 10:54:00,955,955,955,955,0
2022-05-05 10:55:00,955,955,955,955,0
2022-05-05 10:56:00,955,955,955,955,0
2022-05-05 10:57:00,955,955,955,955,0
2022-05-05 10:58:00,955,955,955,955,0
2022-05-05 10:59:00,955,955,955,955,0
2022-05-05 11:00:00,955,955,955,955,0
2022-05-05 11:01:00,955,955,955,955,0
2022-05-05 11:02:00,955,955,955,955,0
2022-05-05 11:03:00,955,955,955,955,0
2022-05-05 11:04:00,955,955,955,955,0
2022-05-05 11:05:00,955,955,955,955,0
2022-05-05 11:06:00,955,955,955,955,0
2022-05-05 11:07:00,955,955,955,955,0
2022-05-05 11:08:00,955,955,955,955,0
2022-05-05 11:09:00,955,955,955,955,0
2022-05-05 11:10:00,955,955,955,955,0
2022-05-05 11:11:00,955,955,955,955,0
2022-05-05 11:12:00,955,955,955,955,0
2022-05-05 11:13:00,955,955,955,955,0
2022-05-05 11:14:00,955,955,955,955,0
2022-05-05 11:15:00,955,955,955,955,0
2022-05-05 11:16:00,955,955,955,955,0
2022-05-05 11:17:00,955,955,955,955,0
2022-05-05 11:18:00,955,955,955,955,0
2022-05-05 11:19:00,955,955,955,955,0
2022-05-05 11:20:00,955,955,955,955,0
2022-05-05 11:21:00,955,955,955,955,0
2022-05-05 11:22:00,955,955,955,955,0
2022-05-05 11:23:00,955,955,955,955,0
2022-05-05 11:24:00,955,955,955,955,0
2022-05-05 11:25:00,955,955,955,955,0
2022-05-05 11:26:00,955,955,955,955,0
2022-05-05 11:27:00,955,955,955,955,0
2022-05-05 11:28:00,955,955,955,955,0
2022-05-05 11:29:00,955,955,955,955,0
2022-05-05 11:30:00,955,955,955,955,0
2022-05-05 11:31:00,955,955,955,955,0
2022-05-05 11:32:00,955,955,955,955,0
2022-05-05 11:33:00,955,955,955,955,0
2022-05-05 11:34:00,955,955,955,955,0
2022-05-05 11:35:00,955,955,955,955,0
2022-05-05 11:36:00,955,955,955,955,0
2022-05-05 11:37:00,955,955,955,955,0
2022-05-05 11:38:00,955,955,955,955,0
2022-05-05 11:39:00,955,955,955,955,0
2022-05-05 11:40:00,955,955,955,955,0
2022-05-05 11:41:00,955,955,955,955,0
2022-05-05 11:42:00,955,955,955,955,0
2022-05-05 11:43:00,955,955,955,955,0
2022-05-05 11:44:00,955,955,955,955,0
2022-05-05 11:45:00,955,955,955,955,0
2022-05-05 11:46:00,955,955,955,955,0
2022-05-05 11:47:00,955,955,955,955,0
2022-05-05 11:48:00,955,955,955,955,0
2022-05-05 11:49:00,955,955,955,955,0
2022-05-05 11:50:00,955,955,955,955,0
2022-05-05 11:51:00,955,955,955,955,0
2022-05-05 11:52:00,955,955,955,955,0
2022-05-05 11:53:00,955,955,955,955,0
2022-05-05 11:54:00,955,955,955,955,0
2022-05-05 11:55:00,955,955,955,955,0
2022-05-05 11:56:00,955,955,955,955,0
2022-05-05 11:57:00,955,955,955,955,0
2022-05-05 11:58:00,955,955,955,955,0
2022-05-05 11:59:00,955,955,955,955,0
2022-05-05 12:00:00,955,955,955,955,0
2022-05-05 12:01:00,955,955,955,955,0
2022-05-05 12:02:00,955,955,955,955,0
2022-05-05 12:03:00,955,955,955,955,0
2022-05-05 12:04:00,955,955,955,955,0
2022-05-05 12:05:00,955,955,955,955,0
2022-05-05 12:06:00,955,955,955,955,0
2022-05-05 12:07:00,955,955,955,955,0
2022-05-05 12:08:00,955,955,955,955,0
2022-05-05 12:09:00,955,955,955,955,0
2022-05-05 12:10:00,955,955,955,955,0
2022-05-05 12:11:00,955,955,955,955,0
2022-05-05 12:12:00,955,955,955,955,0
2022-05-05 12:13:00,955,955,955,955,0
2022-05-05 12:14:00,955,955,955,955,0
2022-05-05 12:15:00,955,955,955,955,0
2022-05-05 12:16:00,955,955,955,955,0
2022-05-05 12:17:00,955,955,955,955,0
2022-05-05 12:18:00,955,955,955,955,0
2022-05-05 12:19:00,955,955,955,955,0
2022-05-05 12:20:00,955,955,955,955,0
2022-05-05 12:21:00,955,955,955,955,0
2022-05-05 12:22:00,955,955,955,955,0
2022-05-05 12:23:00,955,955,955,955,0
2022-05-05 12:24:00,955,955,955,955,0
2022-05-05 12:25:00,955,955,955,955,0
2022-05-05 12:26:00,955,955,955,955,0
2022-05-05 12:27:00,955,955,955,955,0
2022-05-05 12:28:00,955,955,955,955,0
2022-05-05 12:29:00,955,955,955,955,0
2022-05-05 12:30:00,955,955,955,955,0
2022-05-05 12:31:00,955,955,955,955,0
2022-05-05 12:32:00,955,955,955,955,0
2022-05-05 12:33:00,955,955,955,955,0
2022-05-05 12:34:00,955,955,955,955,0
2022-05-05 12:35:00,955,955,955,955,0
2022-05-05 12:36:00,955,955,955,955,0
2022-05-05 12:37:00,955,955,955,955,0
2022-05-05 12:38:00,955,955,955,955,0
2022-05-05 12:39:00,955,955,955,955,0
2022-05-05 12:40:00,955,955,955,955,0
2022-05-05 12:41:00,955,955,955,955,0
2022-05-05 12:42:00,955,955,955,955,0
2022-05-05 12:43:00,955,955,955,955,0
2022-05-05 12:44:00,955,955,955,955,0
2022-05-05 12:45:00,955,955,955,955,0
2022-05-05 12:46:00,955,955,955,955,0
2022-05-05 12:47:00,955,955,955,955,0
2022-05-05 12:48:00,955,955,955,955,0
2022-05-05 12:49:00,955,955,955,955,0
2022-05-05 12:50:00,955,955,955,955,0
2022-05-05 12:51:00,955,955,955,955,0
2022-05-05 12:52:00,955,955,955,955,0
2022-05-05 12:53:00,955,955,955,955,0
2022-05-05 12:54:00,955,955,955,955,0
2022-05-05 12:55:00,955,955,955,955,0
2022-05-05 12:56:00,955,955,955,955,0
2022-05-05 12:57:00,955,955,955,955,0
2022-05-05 12:58:00,955,955,955,955,0
2022-05-05 12:59:00,955,955,955,955,0
2022-05-05 13:00:00,955,955,955,955,0
2022-05-05 13:01:00,955,955,955,955,0
2022-05-05 13:02:00,955,955,955,955,0
2022-05-05 13:03:00,955,955,955,955,0
2022-05-05 13:04:00,955,955,955,955,0
2022-05-05 13:05:00,955,955,955,955,0
2022-05-05 13:06:00,955,955,955,955,0
2022-05-05 13:07:00,955,955,955,955,0
2022-05-05 13:08:00,955,955,955,955,0
2022-05-05 13:09:00,955,955,955,955,0
2022-05-05 13:10:00,955,955,955,955,0
2022-05-05 13:11:00,955,955,955,955,0
2022-05-05 13:12:00,955,955,955,955,0
2022-05-05 13:13:00,955,955,955,955,0
2022-05-05 13:14:00,955,955,955,955,0
2022-05-05 13:15:00,955,955,955,955,0
2022-05-05 13:16:00,955,955,955,955,0
2022-05-05 13:17:00,955,955,955,955,0
2022-05-05 13:18:00,955,955,955,955,0
2022-05-05 13:19:00,955,955,955,955,0
2022-05-05 13:20:00,955,955,955,955,0
2022-05-05 13:21:00,955,955,955,955,0
2022-05-05 13:22:00,955,955,955,955,0
2022-05-05 13:23:00,955,955,955,955,0
2022-05-05 13:24:00,955,955,955,955,0
2022-05-05 13:25:00,955,955,955,955,0
2022-05-05 13:26:00,955,955,955,955,0
2022-05-05 13:27:00,955,955,955,955,0
2022-05-05 13:28:00,955,955,955,955,0
2022-05-05 13:29:00,955,955,955,955,0
2022-05-05 13:30:00,955,955,955,955,0
2022-05-05 13:31:00,955,955,955,955,0
2022-05-05 13:32:00,955,955,955,955,0
2022-05-05 13:33:00,955,955,955,955,0
2022-05-05 13:34:00,955,955,955,955,0
2022-05-05 13:35:00,955,955,955,955,0
2022-05-05 13:36:00,955,955,955,955,0
2022-05-05 13:37:00,955,955,955,955,0
2022-05-05 13:38:00,955,955,955,955,0
2022-05-05 13:39:00,955,955,955,955,0
2022-05-05 13:40:00,955,955,955,955,0
2022-05-05 13:41:00,955,955,955,955,0
2022-05-05 13:42:00,955,955,955,955,0
2022-05-05 13:43:00,955,955,955,955,0
2022-05-05 13:44:00,955,955,955,955,0
2022-05-05 13:45:00,955,955,955,955,0
2022-05-05 13:46:00,955,955,955,955,0
2022-05-05 13:47:00,955,955,955,955,0
2022-05-05 13:48:00,955,955,955,955,0
2022-05-05 13:49:00,955,955,955,955,0
2022-05-05 13:50:00,955,955,955,955,0
2022-05-05 13:51:00,955,955,955,955,0
2022-05-05 13:52:00,955,955,955,955,0
2022-05-05 13:53:00,955,955,955,955,0
2022-05-05 13:54:00,955,955,955,955,0
2022-05-05 13:55:00,955,955,955,955,0
2022-05-05 13:56:00,955,955,955,955,0
2022-05-05 13:57:00,955,955,955,955,0
2022-05-05 13:58:00,955,955,955,955,0
2022-05-05 13:59:00,955,955,955,955,0
2022-05-05 14:00:00,955,955,955,955,0
2022-05-05 14:01:00,955,955,955,955,0
2022-05-05 14:02:00,955,955,955,955,0
2022-05-05 14:03:00,955,955,955,955,0
2022-05-05 14:04:00,955,955,955,955,0
2022-05-05 14:05:00,955,955,955,955,0
2022-05-05 14:06:00,955,955,955,955,0
2022-05-05 14:07:00,955,955,955,955,0
2022-05-05 14:08:00,955,955,955,955,0
2022-05-05 14:09:00,955,955,955,955,0
2022-05-05 14:10:00,955,955,955,955,0
2022-05-05 14:11:00,955,955,955,955,0
2022-05-05 14:12:00,955,955,955,955,0
2022-05-05 14:13:00,955,955,955,955,0
2022-05-05 14:14:00,955,955,955,955,0
2022-05-05 14:15:00,955,955,955,955,0
2022-05-05 14:16:00,955,955,955,955,0
2022-05-05 14:17:00,955,955,955,955,0
2022-05-05 14:18:00,955,955,955,955,0
2022-05-05 14:19:00,955,955,955,955,0
2022-05-05 14:20:00,955,955,955,955,0
2022-05-05 14:21:00,955,955,955,955,0
2022-05-05 14:22:00,955,955,955,955,0
2022-05-05 14:23:00,955,955,955,955,0
2022-05-05 14:24:00,955,955,955,955,0
2022-05-05 14:25:00,955,955,955,955,0
2022-05-05 14:26:00,955,955,955,955,0
2022-05-05 14:27:00,955,955,955,955,0
2022-05-05 14:28:00,955,955,955,955,0
2022-05-05 14:29:00,955,955,955,955,0
2022-05-05 14:30:00,955,955,955,955,0
2022-05-05 14:31:00,955,955,955,955,0
2022-05-05 14:32:00,955,955,955,955,0
2022-05-05 14:33:00,955,955,955,955,0
2022-05-05 14:34:00,955,955,955,955,0
2022-05-05 14:35:00,955,955,955,955,0
2022-05-05 14:36:00,955,955,955,955,0
2022-05-05 14:37:00,955,955,955,955,0
2022-05-05 14:38:00,955,955,955,955,0
2022-05-05 14:39:00,955,955,955,955,0
2022-05-05 14:40:00,955,955,955,955,0
2022-05-05 14:41:00,955,955,955,955,0
2022-05-05 14:42:00,955,955,955,955,0
2022-05-05 14:43:00,955,955,955,955,0
2022-05-05 14:44:00,955,955,955,955,0
2022-05-05 14:45:00,955,955,955,955,0
2022-05-05 14:46:00,955,955,955,955,0
2022-05-05 14:47:00,955,955,955,955,0
2022-05-05 14:48:00,955,955,955,955,0
2022-05-05 14:49:00,955,955,955,955,0
2022-05-05 14:50:00,955,955,955,955,0
2022-05-05 14:51:00,955,955,955,955,0
2022-05-05 14:52:00,955,955,955,955,0
2022-05-05 14:53:00,955,955,955,955,0
2022-05-05 14:54:00,955,955,955,955,0
2022-05-05 14:55:00,955,955,955,955,0
2022-05-05 14:56:00,955,955,955,955,0
2022-05-05 14:57:00,955,955,955,955,0
2022-05-05 14:58:00,955,955,955,955,0
2022-05-05 14:59:00,955,955,955,955,0
2022-05-05 15:00:00,955,955,955,955,0
2022-05-05 15:01:00,955,955,955,955,0
2022-05-05 15:02:00,955,955,955,955,0
2022-05-05 15:03:00,955,955,955,955,0
2022-05-05 15:04:00,955,955,955,955,0
2022-05-05 15:05:00,955,955,955,955,0
2022-05-05 15:06:00,955,955,955,955,0
2022-05-05 15:07:00,955,955,955,955,0
2022-05-05 15:08:00,955,955,955,955,0
2022-05-05 15:09:00,955,955,955,955,0
2022-05-05 15:10:00,955,955,955,955,0
2022-05-05 15:11:00,955,955,955,955,0
2022-05-05 15:12:00,955,955,955,955,0
2022-05-05 15:13:00,955,955,955,955,0
2022-05-05 15:14:00,955,955,955,955,0
2022-05-05 15:15:00,955,955,955,955,0
2022-05-05 15:16:00,955,955,955,955,0
2022-05-05 15:17:00,955,955,955,955,0
2022-05-05 15:18:00,955,955,955,955,0
2022-05-05 15:19:00,955,955,955,955,0
2022-05-05 15:20:00,955,955,955,955,0
2022-05-05 15:21:00,955,955,955,955,0
2022-05-05 15:22:00,955,955,955,955,0
2022-05-05 15:23:00,955,955,955,955,0
2022-05-05 15:24:00,955,955,955,955,0
2022-05-05 15:25:00,955,955,955,955,0
2022-05-05 15:26:00,955,955,955,955,0
2022-05-05 15:27:00,955,955,955,955,0
2022-05-05 15:28:00,955,955,955,955,0
2022-05-05 15:29:00,955,955,955,955,0
2022-05-05 15:30:00,955,955,955,955,0
2022-05-05 15:31:00,955,955,955,955,0
2022-05-05 15:32:00,955,955,955,955,0
2022-05-05 15:33:00,955,955,955,955,0
2022-05-05 15:34:00,955,955,955,955,0
2022-05-05 15:35:00,955,955,955,955,0
2022-05-05 15:36:00,955,955,955,955,0
2022-05-05 15:37:00,955,955,955,955,0
2022-05-05 15:38:00,955,955,955,955,0
2022-05-05 15:39:00,955,955,955,955,0
2022-05-05 15:40:00,955,955,955,955,0
2022-05-05 15:41:00,955,955,955,955,0
2022-05-05 15:42:00,955,955,955,955,0
2022-05-05 15:43:00,955,955,955,955,0
2022-05-05 15:44:00,955,955,955,955,0
2022-05-05 15:45:00,955,955,955,955,0
2022-05-05 15:46:00,955,955,955,955,0
2022-05-05 15:47:00,955,955,955,955,0
2022-05-05 15:48:00,955,955,955,955,0
2022-05-05 15:49:00,955,955,955,955,0
2022-05-05 15:50:00,955,955,955,955,0
2022-05-05 15:51:00,955,955,955,955,0
2022-05-05 15:52:00,955,955,955,955,0
2022-05-05 15:53:00,955,955,955,955,0
2022-05-05 15:54:00,955,955,955,955,0
2022-05-05 15:55:00,955,955,955,955,0
2022-05-05 15:56:00,955,955,955,955,0
2022-05-05 15:57:00,955,955,955,955,0
2022-05-05 15:58:00,955,955,955,955,0
2022-05-05 15:59:00,955,955,955,955,0
2022-05-06 09:00:00,955,955,955,955,0
2022-05-06 09:01:00,955,955,955,955,0
2022-05-06 09:02:00,955,955,955,955,0
2022-05-06 09:03:00,955,955,955,955,0
2022-05-06 09:04:00,955,955,955,955,0
2022-05-06 09:05:00,955,955,955,955,0
2022-05-06 09:06:00,955,955,955,955,0
2022-05-06 09:07:00,955,955,955,955,0
2022-05-06 09:08:00,955,955,955,955,0
2022-05-06 09:09:00,955,955,955,955,0
2022-05-06 09:10:00,955,955,955,955,0
2022-05-06 09:11:00,955,955,955,955,0
2022-05-06 09:12:00,955,955,955,955,0
2022-05-06 09:13:00,955,955,955,955,0
2022-05-06 09:14:00,955,955,955,955,0
2022-05-06 09:15:00,955,955,955,955,0
2022-05-06 09:16:00,955,955,955,955,0
2022-05-06 09:17:00,955,955,955,955,0
2022-05-06 09:18:00,955,955,955,955,0
2022-05-06 09:19:00,955,955,955,955,0
2022-05-06 09:20:00,955,955,955,955,0
2022-05-06 09:21:00,955,955,955,955,0
2022-05-06 09:22:00,955,955,955,955,0
2022-05-06 09:23:00,955,955,955,955,0
2022-05-06 09:24:00,955,955,955,955,0
2022-05-06 09:25:00,955,955,955,955,0
2022-05-06 09:26:00,955,955,955,955,0
2022-05-06 09:27:00,955,955,955,955,0
2022-05-06 09:28:00,955,955,955,955,0
2022-05-06 09:29:00,955,955,955,955,0
2022-05-06 09:30:00,955,955,955,955,0
2022-05-06 09:31:00,955,955,955,955,0
2022-05-06 09:32:00,955,955,955,955,0
2022-05-06 09:33:00,955,955,955,955,0
2022-05-06 09:34:00,955,955,955,955,0
2022-05-06 09:35:00,955,955,955,955,0
2022-05-06 09:36:00,955,955,955,955,0
2022-05-06 09:37:00,955,955,955,955,0
2022-05-06 09:38:00,955,955,955,955,0
2022-05-06 09:39:00,955,955,955,955,0
2022-05-06 09:40:00,955,955,955,955,0
2022-05-06 09:41:00,955,955,955,955,0
2022-05-06 09:42:00,955,955,955,955,0
2022-05-06 09:43:00,955,955,955,955,0
2022-05-06 09:44:00,955,955,955,955,0
2022-05-06 09:45:00,955,955,955,955,0
2022-05-06 09:46:00,955,955,955,955,0
2022-05-06 09:47:00,955,955,955,955,0
2022-05-06 09:48:00,955,955,955,955,0
2022-05-06 09:49:00,955,955,955,955,0
2022-05-06 09:50:00,955,955,955,955,0
2022-05-06 09:51:00,955,955,955,955,0
2022-05-06 09:52:00,955,955,955,955,0
2022-05-06 09:53:00,955,955,955,955,0
2022-05-06 09:54:00,955,955,955,955,0
2022-05-06 09:55:00,955,955,955,955,0
2022-05-06 09:56:00,955,955,955,955,0
2022-05-06 09:57:00,955,955,955,955,0
2022-05-06 09:58:00,955,955,955,955,0
2022-05-06 09:59:00,955,955,955,955,0
2022-05-06 10:00:00,955,955,955,955,0
2022-05-06 10:01:00,955,955,955,955,0
2022-05-06 10:02:00,955,955,955,955,0
2022-05-06 10:03:00,955,955,955,955,0
2022-05-06 10:04:00,955,955,955,955,0
2022-05-06 10:05:00,955,955,955,955,0
2022-05-06 10:06:00,955,955,955,955,0
2022-05-06 10:07:00,955,955,955,955,0
2022-05-06 10:08:00,955,955,955,955,0
2022-05-06 10:09:00,955,955,955,955,0
2022-05-06 10:10:00,955,955,955,955,0
2022-05-06 10:11:00,955,955,955,955,0
2022-05-06 10:12:00,955,955,955,955,0
2022-05-06 10:13:00,955,955,955,955,0
2022-05-06 10:14:00,955,955,955,955,0
2022-05-06 10:15:00,955,955,955,955,0
2022-05-06 10:16:00,955,955,955,955,0
2022-05-06 10:17:00,955,955,955,955,0
2022-05-06 10:18:00,955,955,955,955,0
2022-05-06 10:19:00,955,955,955,955,0
2022-05-06 10:20:00,955,955,955,955,0
2022-05-06 10:21:00,955,955,955,955,0
2022-05-06 10:22:00,955,955,955,955,0
2022-05-06 10:23:00,955,955,955,955,0
2022-05-06 10:24:00,955,955,955,955,0
2022-05-06 10:25:00,955,955,955,955,0
2022-05-06 10:26:00,955,955,955,955,0
2022-05-06 10:27:00,955,955,955,955,0
2022-05-06 10:28:00,955,955,955,955,0
2022-05-06 10:29:00,955,955,955,955,0
2022-05-06 10:30:00,955,955,955,955,0
2022-05-06 10:31:00,955,955,955,955,0
2022-05-06 10:32:00,955,955,955,955,0
2022-05-06 10:33:00,955,955,955,955,0
2022-05-06 10:34:00,955,955,955,955,0
2022-05-06 10:35:00,955,955,955,955,0
2022-05-06 10:36:00,955,955,955,955,0
2022-05-06 10:37:00,955,955,955,955,0
2022-05-06 10:38:00,955,955,955,955,0
2022-05-06 10:39:00,955,955,955,955,0
2022-05-06 10:40:00,955,955,955,955,0
2022-05-06 10:41:00,955,955,955,955,0
2022-05-06 10:42:00,955,955,955,955,0
2022-05-06 10:43:00,955,955,955,955,0
2022-05-06 10:44:00,955,955,955,955,0
2022-05-06 10:45:00,955,955,955,955,0
2022-05-06 10:46:00,955,955,955,955,0
2022-05-06 10:47:00,955,955,955,955,0
2022-05-06 10:48:00,955,955,955,955,0
2022-05-06 10:49:00,955,955,955,955,0
2022-05-06 10:50:00,955,955,955,955,0
2022-05-06 10:51:00,955,955,955,955,0
2022-05-06 10:52:00,955,955,955,955,0
2022-05-06 10:53:00,955,955,955,955,0
2022-05-06 10:54:00,955,955,955,955,0
2022-05-06 10:55:00,955,955,955,955,0
2022-05-06 10:56:00,955,955,955,955,0
2022-05-06 10:57:00,955,955,955,955,0
2022-05-06 10:58:00,955,955,955,955,0
2022-05-06 10:59:00,955,955,955,955,0
2022-05-06 11:00:00,955,955,955,955,0
2022-05-06 11:01:00,955,955,955,955,0
2022-05-06 11:02:00,955,955,955,955,0
2022-05-06 11:03:00,955,955,955,955,0
2022-05-06 11:04:00,955,955,955,955,0
2022-05-06 11:05:00,955,955,955,955,0
2022-05-06 11:06:00,955,955,955,955,0
2022-05-06 11:07:00,955,955,955,955,0
2022-05-06 11:08:00,955,955,955,955,0
2022-05-06 11:09:00,955,955,955,955,0
2022-05-06 11:10:00,955,955,955,955,0
2022-05-06 11:11:00,955,955,955,955,0
2022-05-06 11:12:00,955,955,955,955,0
2022-05-06 11:13:00,955,955,955,955,0
2022-05-06 11:14:00,955,955,955,955,0
2022-05-06 11:15:00,955,955,955,955,0
2022-05-06 11:16:00,955,955,955,955,0
2022-05-06 11:17:00,955,955,955,955,0
2022-05-06 11:18:00,955,955,955,955,0
2022-05-06 11:19:00,955,955,955,955,0
2022-05-06 11:20:00,955,955,955,955,0
2022-05-06 11:21:00,955,955,955,955,0
2022-05-06 11:22:00,955,955,955,955,0
2022-05-06 11:23:00,955,955,955,955,0
2022-05-06 11:24:00,955,955,955,955,0
2022-05-06 11:25:00,955,955,955,955,0
2022-05-06 11:26:00,955,955,955,955,0
2022-05-06 11:27:00,955,955,955,955,0
2022-05-06 11:28:00,955,955,955,955,0
2022-05-06 11:29:00,955,955,955,955,0
2022-05-06 11:30:00,955,955,955,955,0
2022-05-06 11:31:00,955,955,955,955,0
2022-05-06 11:32:00,955,955,955,955,0
2022-05-06 11:33:00,955,955,955,955,0
2022-05-06 11:34:00,955,955,955,955,0
2022-05-06 11:35:00,955,955,955,955,0
2022-05-06 11:36:00,955,955,955,955,0
2022-05-06 11:37:00,955,955,955,955,0
2022-05-06 11:38:00,955,955,955,955,0
2022-05-06 11:39:00,955,955,955,955,0
2022-05-06 11:40:00,955,955,955,955,0
2022-05-06 11:41:00,955,955,955,955,0
2022-05-06 11:42:00,955,955,955,955,0
2022-05-06 11:43:00,955,955,955,955,0
2022-05-06 11:44:00,955,955,955,955,0
2022-05-06 11:45:00,955,955,955,955,0
2022-05-06 11:46:00,955,955,955,955,0
2022-05-06 11:47:00,955,955,955,955,0
2022-05-06 11:48:00,955,955,955,955,0
2022-05-06 11:49:00,955,955,955,955,0
2022-05-06 11:50:00,955,955,955,955,0
2022-05-06 11:51:00,955,955,955,955,0
2022-05-06 11:52:00,955,955,955,955,0
2022-05-06 11:53:00,955,955,955,955,0
2022-05-06 11:54:00,955,955,955,955,0
2022-05-06 11:55:00,955,955,955,955,0
2022-05-06 11:56:00,955,955,955,955,0
2022-05-06 11:57:00,955,955,955,955,0
2022-05-06 11:58:00,955,955,955,955,0
2022-05-06 11:59:00,955,955,955,955,0
2022-05-06 12:00:00,955,955,955,955,0
2022-05-06 12:01:00,955,955,955,955,0
2022-05-06 12:02:00,955,955,955,955,0
2022-05-06 12:03:00,955,955,955,955,0
2022-05-06 12:04:00,955,955,955,955,0
2022-05-06 12:05:00,955,955,955,955,0
2022-05-06 12:06:00,955,955,955,955,0
2022-05-06 12:07:00,955,955,955,955,0
2022-05-06 12:08:00,955,955,955,955,0
2022-05-06 12:09:00,955,955,955,955,0
2022-05-06 12:10:00,955,955,955,955,0
2022-05-06 12:11:00,955,955,955,955,0
2022-05-06 12:12:00,955,955,955,955,0
2022-05-06 12:13:00,955,955,955,955,0
2022-05-06 12:14:00,955,955,955,955,0
2022-05-06 12:15:00,955,955,955,955,0
2022-05-06 12:16:00,955,955,955,955,0
2022-05-06 12:17:00,955,955,955,955,0
2022-05-06 12:18:00,955,955,955,955,0
2022-05-06 12:19:00,955,955,955,955,0
2022-05-06 12:20:00,955,955,955,955,0
2022-05-06 12:21:00,955,955,955,955,0
2022-05-06 12:22:00,955,955,955,955,0
2022-05-06 12:23:00,955,955,955,955,0
2022-05-06 12:24:00,955,955,955,955,0
2022-05-06 12:25:00,955,955,955,955,0
2022-05-06 12:26:00,955,955,955,955,0
2022-05-06 12:27:00,955,955,955,955,0
2022-05-06 12:28:00,955,955,955,955,0
2022-05-06 12:29:00,955,955,955,955,0
2022-05-06 12:30:00,955,955,955,955,0
2022-05-06 12:31:00,955,955,955,955,0
2022-05-06 12:32:00,955,955,955,955,0
2022-05-06 12:33:00,955,955,955,955,0
2022-05-06 12:34:00,955,955,955,955,0
2022-05-06 12:35:00,955,955,955,955,0
2022-05-06 12:36:00,955,955,955,955,0
2022-05-06 12:37:00,955,955,955,955,0
2022-05-06 12:38:00,955,955,955,955,0
2022-05-06 12:39:00,955,955,955,955,0
2022-05-06 12:40:00,955,955,955,955,0
2022-05-06 12:41:00,955,955,955,955,0
2022-05-06 12:42:00,955,955,955,955,0
2022-05-06 12:43:00,955,955,955,955,0
2022-05-06 12:44:00,955,955,955,955,0
2022-05-06 12:45:00,955,955,955,955,0
2022-05-06 12:46:00,955,955,955,955,0
2022-05-06 12:47:00,955,955,955,955,0
2022-05-06 12:48:00,955,955,955,955,0
2022-05-06 12:49:00,955,955,955,955,0
2022-05-06 12:50:00,955,955,955,955,0
2022-05-06 12:51:00,955,955,955,955,0
2022-05-06 12:52:00,955,955,955,955,0
2022-05-06 12:53:00,955,955,955,955,0
2022-05-06 12:54:00,955,955,955,955,0
2022-05-06 12:55:00,955,955,955,955,0
2022-05-06 12:56:00,955,955,955,955,0
2022-05-06 12:57:00,955,955,955,955,0
2022-05-06 12:58:00,955,955,955,955,0
2022-05-06 12:59:00,955,955,955,955,0
2022-05-06 13:00:00,955,955,955,955,0
2022-05-06 13:01:00,955,955,955,955,0
2022-05-06 13:02:00,955,955,955,955,0
2022-05-06 13:03:00,955,955,955,955,0
2022-05-06 13:04:00,955,955,955,955,0
2022-05-06 13:05:00,955,955,955,955,0
2022-05-06 13:06:00,955,955,955,955,0
2022-05-06 13:07:00,955,955,955,955,0
2022-05-06 13:08:00,955,955,955,955,0
2022-05-06 13:09:00,955,955,955,955,0
2022-05-06 13:10:00,955,955,955,955,0
2022-05-06 13:11:00,955,955,955,955,0
2022-05-06 13:12:00,955,955,955,955,0
2022-05-06 13:13:00,955,955,955,955,0
2022-05-06 13:14:00,955,955,955,955,0
2022-05-06 13:15:00,955,955,955,955,0
2022-05-06 13:16:00,955,955,955,955,0
2022-05-06 13:17:00,955,955,955,955,0
2022-05-06 13:18:00,955,955,955,955,0
2022-05-06 13:19:00,955,955,955,955,0
2022-05-06 13:20:00,955,955,955,955,0
2022-05-06 13:21:00,955,955,955,955,0
2022-05-06 13:22:00,955,955,955,955,0
2022-05-06 13:23:00,955,955,955,955,0
2022-05-06 13:24:00,955,955,955,955,0
2022-05-06 13:25:00,955,955,955,955,0
2022-05-06 13:26:00,955,955,955,955,0
2022-05-06 13:27:00,955,955,955,955,0
2022-05-06 13:28:00,955,955,955,955,0
2022-05-06 13:29:00,955,955,955,955,0
2022-05-06 13:30:00,955,955,955,955,0
2022-05-06 13:31:00,955,955,955,955,0
2022-05-06 13:32:00,955,955,955,955,0
2022-05-06 13:33:00,955,955,955,955,0
2022-05-06 13:34:00,955,955,955,955,0
2022-05-06 13:35:00,955,955,955,955,0
2022-05-06 13:36:00,955,955,955,955,0
2022-05-06 13:37:00,955,955,955,955,0
2022-05-06 13:38:00,955,955,955,955,0
2022-05-06 13:39:00,955,955,955,955,0
2022-05-06 13:40:00,955,955,955,955,0
2022-05-06 13:41:00,955,955,955,955,0
2022-05-06 13:42:00,955,955,955,955,0
2022-05-06 13:43:00,955,955,955,955,0
2022-05-06 13:44:00,955,955,955,955,0
2022-05-06 13:45:00,955,955,955,955,0
2022-05-06 13:46:00,955,955,955,955,0
2022-05-06 13:47:00,955,955,955,955,0
2022-05-06 13:48:00,955,955,955,955,0
2022-05-06 13:49:00,955,955,955,955,0
2022-05-06 13:50:00,955,955,955,955,0
2022-05-06 13:51:00,955,955,955,955,0
2022-05-06 13:52:00,955,955,955,955,0
2022-05-06 13:53:00,955,955,955,955,0
2022-05-06 13:54:00,955,955,955,955,0
2022-05-06 13:55:00,955,955,955,955,0
2022-05-06 13:56:00,955,955,955,955,0
2022-05-06 13:57:00,955,955,955,955,0
2022-05-06 13:58:00,955,955,955,955,0
2022-05-06 13:59:00,955,955,955,955,0
2022-05-06 14:00:00,955,955,955,955,0
2022-05-06 14:01:00,955,955,955,955,0
2022-05-06 14:02:00,955,955,955,955,0
2022-05-06 14:03:00,955,955,955,955,0
2022-05-06 14:04:00,955,955,955,955,0
2022-05-06 14:05:00,955,955,955,955,0
2022-05-06 14:06:00,955,955,955,955,0
2022-05-06 14:07:00,955,955,955,955,0
2022-05-06 14:08:00,955,955,955,955,0
2022-05-06 14:09:00,955,955,955,955,0
2022-05-06 14:10:00,955,955,955,955,0
2022-05-06 14:11:00,955,955,955,955,0
2022-05-06 14:12:00,955,955,955,955,0
2022-05-06 14:13:00,955,955,955,955,0
2022-05-06 14:14:00,955,955,955,955,0
2022-05-06 14:15:00,955,955,955,955,0
2022-05-06 14:16:00,955,955,955,955,0
2022-05-06 14:17:00,955,955,955,955,0
2022-05-06 14:18:00,955,955,955,955,0
2022-05-06 14:19:00,955,955,955,955,0
2022-05-06 14:20:00,955,955,955,955,0
2022-05-06 14:21:00,955,955,955,955,0
2022-05-06 14:22:00,955,955,955,955,0
2022-05-06 14:23:00,955,955,955,955,0
2022-05-06 14:24:00,955,955,955,955,0
2022-05-06 14:25:00,955,955,955,955,0
2022-05-06 14:26:00,955,955,955,955,0
2022-05-06 14:27:00,955,955,955,955,0
2022-05-06 14:28:00,955,955,955,955,0
2022-05-06 14:29:00,955,955,955,955,0
2022-05-06 14:30:00,955,955,955,955,0
2022-05-06 14:31:00,955,955,955,955,0
2022-05-06 14:32:00,955,955,955,955,0
2022-05-06 14:33:00,955,955,955,955,0
2022-05-06 14:34:00,955,955,955,955,0
2022-05-06 14:35:00,955,955,955,955,0
2022-05-06 14:36:00,955,955,955,955,0
2022-05-06 14:37:00,955,955,955,955,0
2022-05-06 14:38:00,955,955,955,955,0
2022-05-06 14:39:00,955,955,955,955,0
2022-05-06 14:40:00,955,955,955,955,0
2022-05-06 14:41:00,955,955,955,955,0
2022-05-06 14:42:00,955,955,955,955,0
2022-05-06 14:43:00,955,955,955,955,0
2022-05-06 14:44:00,955,955,955,955,0
2022-05-06 14:45:00,955,955,955,955,0
2022-05-06 14:46:00,955,955,955,955,0
2022-05-06 14:47:00,955,955,955,955,0
2022-05-06 14:48:00,955,955,955,955,0
2022-05-06 14:49:00,955,955,955,955,0
2022-05-06 14:50:00,955,955,955,955,0
2022-05-06 14:51:00,955,955,955,955,0
2022-05-06 14:52:00,955,955,955,955,0
2022-05-06 14:53:00,955,955,955,955,0
2022-05-06 14:54:00,955,955,955,955,0
2022-05-06 14:55:00,955,955,955,955,0
2022-05-06 14:56:00,955,955,955,955,0
2022-05-06 14:57:00,955,955,955,955,0
2022-05-06 14:58:00,955,955,955,955,0
2022-05-06 14:59:00,955,955,955,955,0
2022-05-06 15:00:00,955,955,955,955,0
2022-05-06 15:01:00,955,955,955,955,0
2022-05-06 15:02:00,955,955,955,955,0
2022-05-06 15:03:00,955,955,955,955,0
2022-05-06 15:04:00,955,955,955,955,0
2022-05-06 15:05:00,955,955,955,955,0
2022-05-06 15:06:00,955,955,955,955,0
2022-05-06 15:07:00,955,955,955,955,0
2022-05-06 15:08:00,955,955,955,955,0
2022-05-06 15:09:00,955,955,955,955,0
2022-05-06 15:10:00,955,955,955,955,0
2022-05-06 15:11:00,955,955,955,955,0
2022-05-06 15:12:00,955,955,955,955,0
2022-05-06 15:13:00,955,955,955,955,0
2022-05-06 15:14:00,955,955,955,955,0
2022-05-06 15:15:00,955,955,955,955,0
2022-05-06 15:16:00,955,955,955,955,0
2022-05-06 15:17:00,955,955,955,955,0
2022-05-06 15:18:00,955,955,955,955,0
2022-05-06 15:19:00,955,955,955,955,0
2022-05-06 15:20:00,955,955,955,955,0
2022-05-06 15:21:00,955,955,955,955,0
2022-05-06 15:22:00,955,955,955,955,0
2022-05-06 15:23:00,955,955,955,955,0
2022-05-06 15:24:00,955,955,955,955,0
2022-05-06 15:25:00,955,955,955,955,0
2022-05-06 15:26:00,955,955,955,955,0
2022-05-06 15:27:00,955,955,955,955,0
2022-05-06 15:28:00,955,955,955,955,0
2022-05-06 15:29:00,955,955,955,955,0
2022-05-06 15:30:00,955,955,955,955,0
2022-05-06 15:31:00,955,955,955,955,0
2022-05-06 15:32:00,955,955,955,955,0
2022-05-06 15:33:00,955,955,955,955,0
2022-05-06 15:34:00,955,955,955,955,0
2022-05-06 15:35:00,955,955,955,955,0
2022-05-06 15:36:00,955,955,955,955,0
2022-05-06 15:37:00,955,955,955,955,0
2022-05-06 15:38:00,955,955,955,955,0
2022-05-06 15:39:00,955,955,955,955,0
2022-05-06 15:40:00,955,955,955,955,0
2022-05-06 15:41:00,955,955,955,955,0
2022-05-06 15:42:00,955,955,955,955,0
2022-05-06 15:43:00,955,955,955,955,0
2022-05-06 15:44:00,955,955,955,955,0
2022-05-06 15:45:00,955,955,955,955,0
2022-05-06 15:46:00,955,955,955,955,0
2022-05-06 15:47:00,955,955,955,955,0
2022-05-06 15:48:00,955,955,955,955,0
2022-05-06 15:49:00,955,955,955,955,0
2022-05-06 15:50:00,955,955,955,955,0
2022-05-06 15:51:00,955,955,955,955,0
2022-05-06 15:52:00,955,955,955,955,0
2022-05-06 15:53:00,955,955,955,955,0
2022-05-06 15:54:00,955,955,955,955,0
2022-05-06 15:55:00,955,955,955,955,0
2022-05-06 15:56:00,955,955,955,955,0
2022-05-06 15:57:00,955,955,955,955,0
2022-05-06 15:58:00,955,955,955,955,0
2022-05-06 15:59:00,955,955,955,955,0
2022-05-09 09:00:00,940,940,965,955,0
2022-05-09 09:01:00,960,955,960,955,9700
2022-05-09 09:02:00,955,955,955,955,20100
2022-05-09 09:03:00,955,955,965,965,9900
2022-05-09 09:04:00,970,970,970,970,16200
2022-05-09 09:05:00,965,965,965,965,35900
2022-05-09 09:06:00,965,965,965,965,9200
2022-05-09 09:07:00,965,965,970,965,7800
2022-05-09 09:08:00,965,965,970,965,26200
2022-05-09 09:09:00,960,960,960,960,1500
2022-05-09 09:10:00,965,965,965,965,5100
2022-05-09 09:11:00,965,965,965,965,0
2022-05-09 09:12:00,960,960,960,960,200
2022-05-09 09:13:00,965,965,965,965,1200
2022-05-09 09:14:00,965,965,965,965,11400
2022-05-09 09:15:00,965,965,965,965,0
2022-05-09 09:16:00,970,970,970,970,100
2022-05-09 09:17:00,965,965,965,965,11000
2022-05-09 09:18:00,965,965,965,965,2700
2022-05-09 09:19:00,965,965,965,965,0
2022-05-09 09:20:00,965,965,965,965,0
2022-05-09 09:21:00,965,965,965,965,0
2022-05-09 09:22:00,965,965,965,965,100
2022-05-09 09:23:00,960,960,960,960,2900
2022-05-09 09:24:00,960,960,960,960,200
2022-05-09 09:25:00,960,960,960,960,0
2022-05-09 09:26:00,960,960,960,960,200
2022-05-09 09:27:00,960,955,960,955,1500
2022-05-09 09:28:00,955,955,955,955,6100
2022-05-09 09:29:00,955,955,955,955,0
2022-05-09 09:30:00,955,955,955,955,6400
2022-05-09 09:31:00,950,950,950,950,7200
2022-05-09 09:32:00,950,950,950,950,100
2022-05-09 09:33:00,950,950,950,950,6600
2022-05-09 09:34:00,950,945,950,950,404600
2022-05-09 09:35:00,950,950,950,950,136400
2022-05-09 09:36:00,950,950,950,950,3100
2022-05-09 09:37:00,950,950,950,950,3300
2022-05-09 09:38:00,950,950,950,950,0
2022-05-09 09:39:00,950,950,950,950,0
2022-05-09 09:40:00,950,950,950,950,600
2022-05-09 09:41:00,950,950,950,950,6200
2022-05-09 09:42:00,945,945,945,945,3200
2022-05-09 09:43:00,945,945,950,945,262000
2022-05-09 09:44:00,945,945,945,945,123200
2022-05-09 09:45:00,945,945,950,950,8000
2022-05-09 09:46:00,945,945,945,945,21000
2022-05-09 09:47:00,945,945,945,945,0
2022-05-09 09:48:00,945,945,945,945,0
2022-05-09 09:49:00,945,945,945,945,0
2022-05-09 09:50:00,945,945,945,945,0
2022-05-09 09:51:00,945,945,945,945,0
2022-05-09 09:52:00,945,945,945,945,0
2022-05-09 09:53:00,945,940,945,940,64600
2022-05-09 09:54:00,945,940,945,940,0
2022-05-09 09:55:00,945,940,945,940,0
2022-05-09 09:56:00,935,935,935,935,1000
2022-05-09 09:57:00,935,935,935,935,1300
2022-05-09 09:58:00,940,940,940,940,300
2022-05-09 09:59:00,940,940,940,940,0
2022-05-09 10:00:00,940,940,940,940,0
2022-05-09 10:01:00,935,935,935,935,100
2022-05-09 10:02:00,935,935,935,935,0
2022-05-09 10:03:00,935,935,935,935,0
2022-05-09 10:04:00,935,935,935,935,0
2022-05-09 10:05:00,935,935,935,935,400
2022-05-09 10:06:00,935,935,935,935,0
2022-05-09 10:07:00,935,935,935,935,1000
2022-05-09 10:08:00,935,935,935,935,0
2022-05-09 10:09:00,935,935,935,935,5600
2022-05-09 10:10:00,940,940,940,940,100
2022-05-09 10:11:00,935,920,935,920,59500
2022-05-09 10:12:00,920,920,920,920,1000
2022-05-09 10:13:00,925,910,925,910,62600
2022-05-09 10:14:00,910,910,910,910,12000
2022-05-09 10:15:00,910,910,910,910,0
2022-05-09 10:16:00,910,910,910,910,200
2022-05-09 10:17:00,910,910,910,910,0
2022-05-09 10:18:00,910,910,910,910,0
2022-05-09 10:19:00,925,925,925,925,200
2022-05-09 10:20:00,925,925,925,925,0
2022-05-09 10:21:00,925,925,925,925,0
2022-05-09 10:22:00,910,910,910,910,22000
2022-05-09 10:23:00,910,910,910,910,8800
2022-05-09 10:24:00,910,910,910,910,4000
2022-05-09 10:25:00,910,910,910,910,600
2022-05-09 10:26:00,910,910,910,910,0
2022-05-09 10:27:00,915,915,915,915,200
2022-05-09 10:28:00,915,915,915,915,0
2022-05-09 10:29:00,915,915,915,915,0
2022-05-09 10:30:00,915,915,915,915,0
2022-05-09 10:31:00,915,915,915,915,1000
2022-05-09 10:32:00,910,910,910,910,1600
2022-05-09 10:33:00,910,910,910,910,200
2022-05-09 10:34:00,910,910,910,910,0
2022-05-09 10:35:00,910,910,910,910,0
2022-05-09 10:36:00,910,910,910,910,0
2022-05-09 10:37:00,910,910,910,910,0
2022-05-09 10:38:00,915,915,915,915,400000
2022-05-09 10:39:00,915,915,915,915,60000
2022-05-09 10:40:00,915,915,915,915,0
2022-05-09 10:41:00,925,925,925,925,8800
2022-05-09 10:42:00,930,925,930,925,323700
2022-05-09 10:43:00,915,915,915,915,2000
2022-05-09 10:44:00,915,915,915,915,0
2022-05-09 10:45:00,915,915,915,915,0
2022-05-09 10:46:00,915,915,915,915,2500
2022-05-09 10:47:00,915,915,915,915,0
2022-05-09 10:48:00,915,915,915,915,0
2022-05-09 10:49:00,915,915,915,915,0
2022-05-09 10:50:00,915,915,915,915,2600
2022-05-09 10:51:00,915,915,915,915,0
2022-05-09 10:52:00,915,915,915,915,0
2022-05-09 10:53:00,915,915,915,915,1100
2022-05-09 10:54:00,915,915,915,915,5100
2022-05-09 10:55:00,915,915,915,915,2900
2022-05-09 10:56:00,915,915,920,920,5200
2022-05-09 10:57:00,915,915,920,920,0
2022-05-09 10:58:00,915,915,920,920,0
2022-05-09 10:59:00,915,915,920,920,0
2022-05-09 11:00:00,920,920,920,920,1900
2022-05-09 11:01:00,920,915,920,915,900
2022-05-09 11:02:00,915,915,915,915,900
2022-05-09 11:03:00,915,915,915,915,900
2022-05-09 11:04:00,915,915,915,915,800
2022-05-09 11:05:00,915,915,915,915,300
2022-05-09 11:06:00,915,915,915,915,1300
2022-05-09 11:07:00,915,915,915,915,200
2022-05-09 11:08:00,915,915,915,915,400
2022-05-09 11:09:00,915,915,920,920,3000
2022-05-09 11:10:00,915,915,920,920,0
2022-05-09 11:11:00,920,920,920,920,100
2022-05-09 11:12:00,920,920,920,920,0
2022-05-09 11:13:00,920,920,920,920,0
2022-05-09 11:14:00,915,915,915,915,300
2022-05-09 11:15:00,915,915,915,915,0
2022-05-09 11:16:00,915,915,915,915,0
2022-05-09 11:17:00,915,915,915,915,600
2022-05-09 11:18:00,915,915,915,915,6000
2022-05-09 11:19:00,920,920,920,920,5500
2022-05-09 11:20:00,920,920,920,920,0
2022-05-09 11:21:00,920,920,920,920,0
2022-05-09 11:22:00,920,920,920,920,0
2022-05-09 11:23:00,920,920,920,920,0
2022-05-09 11:24:00,920,920,920,920,600
2022-05-09 11:25:00,920,920,920,920,0
2022-05-09 11:26:00,920,920,920,920,400
2022-05-09 11:27:00,920,920,920,920,400
2022-05-09 11:28:00,920,920,920,920,900
2022-05-09 11:29:00,920,920,920,920,600
2022-05-09 11:30:00,920,920,920,920,0
2022-05-09 11:31:00,920,920,920,920,0
2022-05-09 11:32:00,920,920,920,920,0
2022-05-09 11:33:00,920,920,920,920,0
2022-05-09 11:34:00,920,920,920,920,0
2022-05-09 11:35:00,920,920,920,920,0
2022-05-09 11:36:00,920,920,920,920,0
2022-05-09 11:37:00,920,920,920,920,0
2022-05-09 11:38:00,920,920,920,920,0
2022-05-09 11:39:00,920,920,920,920,0
2022-05-09 11:40:00,920,920,920,920,0
2022-05-09 11:41:00,920,920,920,920,0
2022-05-09 11:42:00,920,920,920,920,0
2022-05-09 11:43:00,920,920,920,920,0
2022-05-09 11:44:00,920,920,920,920,0
2022-05-09 11:45:00,920,920,920,920,0
2022-05-09 11:46:00,920,920,920,920,0
2022-05-09 11:47:00,920,920,920,920,0
2022-05-09 11:48:00,920,920,920,920,0
2022-05-09 11:49:00,920,920,920,920,0
2022-05-09 11:50:00,920,920,920,920,0
2022-05-09 11:51:00,920,920,920,920,0
2022-05-09 11:52:00,920,920,920,920,0
2022-05-09 11:53:00,920,920,920,920,0
2022-05-09 11:54:00,920,920,920,920,0
2022-05-09 11:55:00,920,920,920,920,0
2022-05-09 11:56:00,920,920,920,920,0
2022-05-09 11:57:00,920,920,920,920,0
2022-05-09 11:58:00,920,920,920,920,0
2022-05-09 11:59:00,920,920,920,920,0
2022-05-09 12:00:00,920,920,920,920,0
2022-05-09 12:01:00,920,920,920,920,0
2022-05-09 12:02:00,920,920,920,920,0
2022-05-09 12:03:00,920,920,920,920,0
2022-05-09 12:04:00,920,920,920,920,0
2022-05-09 12:05:00,920,920,920,920,0
2022-05-09 12:06:00,920,920,920,920,0
2022-05-09 12:07:00,920,920,920,920,0
2022-05-09 12:08:00,920,920,920,920,0
2022-05-09 12:09:00,920,920,920,920,0
2022-05-09 12:10:00,920,920,920,920,0
2022-05-09 12:11:00,920,920,920,920,0
2022-05-09 12:12:00,920,920,920,920,0
2022-05-09 12:13:00,920,920,920,920,0
2022-05-09 12:14:00,920,920,920,920,0
2022-05-09 12:15:00,920,920,920,920,0
2022-05-09 12:16:00,920,920,920,920,0
2022-05-09 12:17:00,920,920,920,920,0
2022-05-09 12:18:00,920,920,920,920,0
2022-05-09 12:19:00,920,920,920,920,0
2022-05-09 12:20:00,920,920,920,920,0
2022-05-09 12:21:00,920,920,920,920,0
2022-05-09 12:22:00,920,920,920,920,0
2022-05-09 12:23:00,920,920,920,920,0
2022-05-09 12:24:00,920,920,920,920,0
2022-05-09 12:25:00,920,920,920,920,0
2022-05-09 12:26:00,920,920,920,920,0
2022-05-09 12:27:00,920,920,920,920,0
2022-05-09 12:28:00,920,920,920,920,0
2022-05-09 12:29:00,920,920,920,920,0
2022-05-09 12:30:00,920,920,920,920,0
2022-05-09 12:31:00,920,920,920,920,0
2022-05-09 12:32:00,920,920,920,920,0
2022-05-09 12:33:00,920,920,920,920,0
2022-05-09 12:34:00,920,920,920,920,0
2022-05-09 12:35:00,920,920,920,920,0
2022-05-09 12:36:00,920,920,920,920,0
2022-05-09 12:37:00,920,920,920,920,0
2022-05-09 12:38:00,920,920,920,920,0
2022-05-09 12:39:00,920,920,920,920,0
2022-05-09 12:40:00,920,920,920,920,0
2022-05-09 12:41:00,920,920,920,920,0
2022-05-09 12:42:00,920,920,920,920,0
2022-05-09 12:43:00,920,920,920,920,0
2022-05-09 12:44:00,920,920,920,920,0
2022-05-09 12:45:00,920,920,920,920,0
2022-05-09 12:46:00,920,920,920,920,0
2022-05-09 12:47:00,920,920,920,920,0
2022-05-09 12:48:00,920,920,920,920,0
2022-05-09 12:49:00,920,920,920,920,0
2022-05-09 12:50:00,920,920,920,920,0
2022-05-09 12:51:00,920,920,920,920,0
2022-05-09 12:52:00,920,920,920,920,0
2022-05-09 12:53:00,920,920,920,920,0
2022-05-09 12:54:00,920,920,920,920,0
2022-05-09 12:55:00,920,920,920,920,0
2022-05-09 12:56:00,920,920,920,920,0
2022-05-09 12:57:00,920,920,920,920,0
2022-05-09 12:58:00,920,920,920,920,0
2022-05-09 12:59:00,920,920,920,920,0
2022-05-09 13:00:00,920,920,920,920,0
2022-05-09 13:01:00,920,920,920,920,0
2022-05-09 13:02:00,920,920,920,920,0
2022-05-09 13:03:00,920,920,920,920,0
2022-05-09 13:04:00,920,920,920,920,0
2022-05-09 13:05:00,920,920,920,920,0
2022-05-09 13:06:00,920,920,920,920,0
2022-05-09 13:07:00,920,920,920,920,0
2022-05-09 13:08:00,920,920,920,920,0
2022-05-09 13:09:00,920,920,920,920,0
2022-05-09 13:10:00,920,920,920,920,0
2022-05-09 13:11:00,920,920,920,920,0
2022-05-09 13:12:00,920,920,920,920,0
2022-05-09 13:13:00,920,920,920,920,0
2022-05-09 13:14:00,920,920,920,920,0
2022-05-09 13:15:00,920,920,920,920,0
2022-05-09 13:16:00,920,920,920,920,0
2022-05-09 13:17:00,920,920,920,920,0
2022-05-09 13:18:00,920,920,920,920,0
2022-05-09 13:19:00,920,920,920,920,0
2022-05-09 13:20:00,920,920,920,920,0
2022-05-09 13:21:00,920,920,920,920,0
2022-05-09 13:22:00,920,920,920,920,0
2022-05-09 13:23:00,920,920,920,920,0
2022-05-09 13:24:00,920,920,920,920,0
2022-05-09 13:25:00,920,920,920,920,0
2022-05-09 13:26:00,920,920,920,920,0
2022-05-09 13:27:00,920,920,920,920,0
2022-05-09 13:28:00,920,920,920,920,0
2022-05-09 13:29:00,920,920,920,920,0
2022-05-09 13:30:00,920,920,920,920,4400
2022-05-09 13:31:00,920,920,920,920,100
2022-05-09 13:32:00,920,920,920,920,1300
2022-05-09 13:33:00,920,920,920,920,200
2022-05-09 13:34:00,920,920,920,920,0
2022-05-09 13:35:00,920,920,920,920,2100
2022-05-09 13:36:00,915,915,915,915,3800
2022-05-09 13:37:00,915,915,915,915,3700
2022-05-09 13:38:00,915,915,915,915,1300
2022-05-09 13:39:00,915,915,915,915,2200
2022-05-09 13:40:00,910,910,910,910,1900
2022-05-09 13:41:00,910,910,910,910,15000
2022-05-09 13:42:00,910,910,910,910,10500
2022-05-09 13:43:00,905,905,905,905,1500
2022-05-09 13:44:00,905,905,905,905,23900
2022-05-09 13:45:00,900,890,900,890,137300
2022-05-09 13:46:00,890,890,890,890,13000
2022-05-09 13:47:00,890,890,900,900,135900
2022-05-09 13:48:00,905,905,910,910,454300
2022-05-09 13:49:00,905,905,905,905,40300
2022-05-09 13:50:00,910,910,910,910,1000
2022-05-09 13:51:00,910,910,910,910,1500
2022-05-09 13:52:00,910,910,910,910,100
2022-05-09 13:53:00,910,910,910,910,1000
2022-05-09 13:54:00,915,915,940,940,95800
2022-05-09 13:55:00,940,935,940,935,4800
2022-05-09 13:56:00,940,940,940,940,2100
2022-05-09 13:57:00,940,940,940,940,0
2022-05-09 13:58:00,940,940,940,940,0
2022-05-09 13:59:00,940,940,940,940,500
2022-05-09 14:00:00,935,935,945,945,4500
2022-05-09 14:01:00,935,935,940,940,800
2022-05-09 14:02:00,940,940,940,940,1300
2022-05-09 14:03:00,935,935,935,935,1000
2022-05-09 14:04:00,935,935,935,935,6400
2022-05-09 14:05:00,935,935,935,935,500
2022-05-09 14:06:00,935,935,935,935,2700
2022-05-09 14:07:00,930,930,930,930,800
2022-05-09 14:08:00,930,930,930,930,0
2022-05-09 14:09:00,930,930,930,930,0
2022-05-09 14:10:00,930,930,930,930,0
2022-05-09 14:11:00,930,930,930,930,0
2022-05-09 14:12:00,930,930,930,930,0
2022-05-09 14:13:00,935,935,935,935,400000
2022-05-09 14:14:00,930,930,930,930,1000
2022-05-09 14:15:00,935,935,935,935,2200
2022-05-09 14:16:00,935,935,935,935,100
2022-05-09 14:17:00,935,935,935,935,0
2022-05-09 14:18:00,935,935,935,935,0
2022-05-09 14:19:00,935,935,935,935,0
2022-05-09 14:20:00,935,935,935,935,0
2022-05-09 14:21:00,935,935,935,935,0
2022-05-09 14:22:00,935,935,945,940,6200
2022-05-09 14:23:00,935,935,945,940,0
2022-05-09 14:24:00,945,945,945,945,51800
2022-05-09 14:25:00,945,945,945,945,8300
2022-05-09 14:26:00,950,945,950,950,200200
2022-05-09 14:27:00,950,950,950,950,1000
2022-05-09 14:28:00,945,945,945,945,100
2022-05-09 14:29:00,945,945,945,945,0
2022-05-09 14:30:00,945,945,945,945,500
2022-05-09 14:31:00,945,945,945,945,0
2022-05-09 14:32:00,945,945,945,945,0
2022-05-09 14:33:00,940,940,945,945,4500
2022-05-09 14:34:00,940,940,945,945,0
2022-05-09 14:35:00,945,940,950,940,20100
2022-05-09 14:36:00,945,940,950,940,0
2022-05-09 14:37:00,945,940,950,940,0
2022-05-09 14:38:00,945,940,950,940,0
2022-05-09 14:39:00,940,940,940,940,6600
2022-05-09 14:40:00,940,940,940,940,0
2022-05-09 14:41:00,940,940,940,940,177200
2022-05-09 14:42:00,950,950,950,950,1000
2022-05-09 14:43:00,940,940,940,940,5800
2022-05-09 14:44:00,935,935,935,935,100
2022-05-09 14:45:00,935,935,935,935,0
2022-05-09 14:46:00,935,935,935,935,0
2022-05-09 14:47:00,935,935,935,935,0
2022-05-09 14:48:00,935,935,935,935,100
2022-05-09 14:49:00,935,935,935,935,0
2022-05-09 14:50:00,935,935,935,935,0
2022-05-09 14:51:00,935,935,935,935,0
2022-05-09 14:52:00,935,935,935,935,0
2022-05-09 14:53:00,935,935,935,935,0
2022-05-09 14:54:00,935,935,935,935,0
2022-05-09 14:55:00,935,935,935,935,0
2022-05-09 14:56:00,935,935,935,935,0
2022-05-09 14:57:00,935,935,935,935,0
2022-05-09 14:58:00,935,935,935,935,0
2022-05-09 14:59:00,935,935,935,935,0
2022-05-09 15:00:00,935,935,935,935,12500
2022-05-09 15:01:00,935,935,935,935,0
2022-05-09 15:02:00,935,935,935,935,0
2022-05-09 15:03:00,935,935,935,935,0
2022-05-09 15:04:00,935,935,935,935,1000
2022-05-09 15:05:00,935,935,935,935,2400
2022-05-09 15:06:00,935,935,935,935,0
2022-05-09 15:07:00,935,935,935,935,0
2022-05-09 15:08:00,935,935,935,935,0
2022-05-09 15:09:00,935,935,935,935,0
2022-05-09 15:10:00,935,935,935,935,0
2022-05-09 15:11:00,935,935,935,935,0
2022-05-09 15:12:00,935,935,935,935,0
2022-05-09 15:13:00,935,935,935,935,0
2022-05-09 15:14:00,935,935,935,935,0
2022-05-09 15:15:00,935,935,935,935,0
2022-05-09 15:16:00,935,935,935,935,0
2022-05-09 15:17:00,935,935,935,935,0
2022-05-09 15:18:00,935,935,935,935,0
2022-05-09 15:19:00,935,935,935,935,0
2022-05-09 15:20:00,935,935,935,935,0
2022-05-09 15:21:00,935,935,935,935,0
2022-05-09 15:22:00,935,935,935,935,0
2022-05-09 15:23:00,935,935,935,935,0
2022-05-09 15:24:00,935,935,935,935,0
2022-05-09 15:25:00,935,935,935,935,0
2022-05-09 15:26:00,935,935,935,935,0
2022-05-09 15:27:00,935,935,935,935,0
2022-05-09 15:28:00,935,935,935,935,0
2022-05-09 15:29:00,935,935,935,935,0
2022-05-09 15:30:00,935,935,935,935,0
2022-05-09 15:31:00,935,935,935,935,0
2022-05-09 15:32:00,935,935,935,935,0
2022-05-09 15:33:00,935,935,935,935,0
2022-05-09 15:34:00,935,935,935,935,0
2022-05-09 15:35:00,935,935,935,935,0
2022-05-09 15:36:00,935,935,935,935,0
2022-05-09 15:37:00,935,935,935,935,0
2022-05-09 15:38:00,935,935,935,935,0
2022-05-09 15:39:00,935,935,935,935,0
2022-05-09 15:40:00,935,935,935,935,0
2022-05-09 15:41:00,935,935,935,935,0
2022-05-09 15:42:00,935,935,935,935,0
2022-05-09 15:43:00,935,935,935,935,0
2022-05-09 15:44:00,935,935,935,935,0
2022-05-09 15:45:00,935,935,935,935,0
2022-05-09 15:46:00,935,935,935,935,0
2022-05-09 15:47:00,935,935,935,935,0
2022-05-09 15:48:00,935,935,935,935,0
2022-05-09 15:49:00,935,935,935,935,0
2022-05-09 15:50:00,935,935,935,935,0
2022-05-09 15:51:00,935,935,935,935,0
2022-05-09 15:52:00,935,935,935,935,0
2022-05-09 15:53:00,935,935,935,935,0
2022-05-09 15:54:00,935,935,935,935,0
2022-05-09 15:55:00,935,935,935,935,0
2022-05-09 15:56:00,935,935,935,935,0
2022-05-09 15:57:00,935,935,935,935,0
2022-05-09 15:58:00,935,935,935,935,0
2022-05-09 15:59:00,935,935,935,935,0
2022-05-10 09:00:00,935,920,935,920,0
2022-05-10 09:01:00,915,915,915,915,11100
2022-05-10 09:02:00,915,915,915,915,25700
2022-05-10 09:03:00,915,915,915,915,0
2022-05-10 09:04:00,915,915,915,915,0
2022-05-10 09:05:00,910,910,910,910,1000
2022-05-10 09:06:00,910,910,920,920,2800
2022-05-10 09:07:00,910,910,910,910,1000
2022-05-10 09:08:00,910,910,910,910,0
2022-05-10 09:09:00,915,915,915,915,2100
2022-05-10 09:10:00,915,915,915,915,7900
2022-05-10 09:11:00,915,915,915,915,0
2022-05-10 09:12:00,910,910,910,910,300
2022-05-10 09:13:00,910,895,915,900,401700
2022-05-10 09:14:00,900,900,900,900,100
2022-05-10 09:15:00,900,900,900,900,2000
2022-05-10 09:16:00,900,900,900,900,0
2022-05-10 09:17:00,895,895,895,895,6600
2022-05-10 09:18:00,895,895,895,895,7300
2022-05-10 09:19:00,895,895,895,895,0
2022-05-10 09:20:00,895,895,895,895,2200
2022-05-10 09:21:00,895,895,895,895,0
2022-05-10 09:22:00,900,900,900,900,100
2022-05-10 09:23:00,900,900,900,900,0
2022-05-10 09:24:00,895,895,895,895,100
2022-05-10 09:25:00,895,895,895,895,1200
2022-05-10 09:26:00,900,900,900,900,600
2022-05-10 09:27:00,900,900,900,900,0
2022-05-10 09:28:00,900,900,900,900,1400
2022-05-10 09:29:00,900,900,900,900,5500
2022-05-10 09:30:00,900,900,900,900,0
2022-05-10 09:31:00,900,900,900,900,0
2022-05-10 09:32:00,900,890,900,890,57500
2022-05-10 09:33:00,890,870,890,875,333000
2022-05-10 09:34:00,870,870,880,880,31100
2022-05-10 09:35:00,880,880,885,885,1600
2022-05-10 09:36:00,885,880,885,885,13300
2022-05-10 09:37:00,885,880,885,880,4400
2022-05-10 09:38:00,885,885,885,885,3000
2022-05-10 09:39:00,885,885,885,885,8500
2022-05-10 09:40:00,885,885,885,885,100
2022-05-10 09:41:00,885,885,885,885,2100
2022-05-10 09:42:00,885,885,885,885,1000
2022-05-10 09:43:00,885,885,885,885,1000
2022-05-10 09:44:00,885,885,885,885,5600
2022-05-10 09:45:00,885,885,885,885,0
2022-05-10 09:46:00,880,880,885,885,3000
2022-05-10 09:47:00,885,885,885,885,352100
2022-05-10 09:48:00,885,885,885,885,47900
2022-05-10 09:49:00,885,885,885,885,223800
2022-05-10 09:50:00,880,880,880,880,17000
2022-05-10 09:51:00,880,880,880,880,100500
2022-05-10 09:52:00,880,880,880,880,2800
2022-05-10 09:53:00,880,880,880,880,0
2022-05-10 09:54:00,880,875,880,875,40000
2022-05-10 09:55:00,875,875,875,875,8500
2022-05-10 09:56:00,875,875,875,875,3000
2022-05-10 09:57:00,880,875,880,875,1200
2022-05-10 09:58:00,880,875,880,875,0
2022-05-10 09:59:00,875,875,875,875,500
2022-05-10 10:00:00,875,875,875,875,2200
2022-05-10 10:01:00,875,875,875,875,1000
2022-05-10 10:02:00,875,875,875,875,0
2022-05-10 10:03:00,875,875,875,875,0
2022-05-10 10:04:00,875,875,875,875,1800
2022-05-10 10:05:00,875,875,875,875,0
2022-05-10 10:06:00,875,875,875,875,10800
2022-05-10 10:07:00,875,875,875,875,0
2022-05-10 10:08:00,880,880,880,880,100
2022-05-10 10:09:00,875,875,875,875,10000
2022-05-10 10:10:00,880,880,880,880,23900
2022-05-10 10:11:00,880,880,880,880,1500
2022-05-10 10:12:00,880,880,880,880,5000
2022-05-10 10:13:00,880,880,880,880,0
2022-05-10 10:14:00,880,880,880,880,4000
2022-05-10 10:15:00,880,880,880,880,7400
2022-05-10 10:16:00,880,880,880,880,0
2022-05-10 10:17:00,880,875,880,875,10100
2022-05-10 10:18:00,880,875,880,875,0
2022-05-10 10:19:00,880,875,880,875,0
2022-05-10 10:20:00,875,875,875,875,10800
2022-05-10 10:21:00,880,880,880,880,11400
2022-05-10 10:22:00,880,880,880,880,0
2022-05-10 10:23:00,880,880,880,880,100
2022-05-10 10:24:00,880,880,880,880,0
2022-05-10 10:25:00,880,880,880,880,0
2022-05-10 10:26:00,880,880,880,880,400
2022-05-10 10:27:00,880,880,880,880,1000
2022-05-10 10:28:00,875,875,875,875,2500
2022-05-10 10:29:00,875,875,875,875,100
2022-05-10 10:30:00,875,875,875,875,2000
2022-05-10 10:31:00,875,875,875,875,0
2022-05-10 10:32:00,875,875,875,875,5000
2022-05-10 10:33:00,875,875,875,875,1000
2022-05-10 10:34:00,875,875,875,875,0
2022-05-10 10:35:00,875,875,875,875,0
2022-05-10 10:36:00,875,875,875,875,100
2022-05-10 10:37:00,875,875,875,875,0
2022-05-10 10:38:00,875,875,875,875,0
2022-05-10 10:39:00,875,875,875,875,0
2022-05-10 10:40:00,875,875,875,875,0
2022-05-10 10:41:00,875,875,875,875,0
2022-05-10 10:42:00,875,875,875,875,0
2022-05-10 10:43:00,875,875,875,875,0
2022-05-10 10:44:00,880,875,880,880,5100
2022-05-10 10:45:00,875,875,875,875,31000
2022-05-10 10:46:00,875,875,875,875,800
2022-05-10 10:47:00,875,875,875,875,0
2022-05-10 10:48:00,875,875,875,875,0
2022-05-10 10:49:00,875,875,875,875,0
2022-05-10 10:50:00,875,875,875,875,3000
2022-05-10 10:51:00,875,875,875,875,0
2022-05-10 10:52:00,875,875,875,875,3900
2022-05-10 10:53:00,875,875,875,875,500
2022-05-10 10:54:00,875,875,875,875,0
2022-05-10 10:55:00,875,875,875,875,0
2022-05-10 10:56:00,875,875,875,875,60400
2022-05-10 10:57:00,875,875,875,875,100
2022-05-10 10:58:00,875,875,875,875,0
2022-05-10 10:59:00,880,880,880,880,500
2022-05-10 11:00:00,875,875,875,875,1800
2022-05-10 11:01:00,875,875,875,875,0
2022-05-10 11:02:00,875,875,880,880,17200
2022-05-10 11:03:00,875,875,880,880,0
2022-05-10 11:04:00,870,870,875,875,17500
2022-05-10 11:05:00,880,880,880,880,100
2022-05-10 11:06:00,880,880,880,880,0
2022-05-10 11:07:00,880,880,880,880,0
2022-05-10 11:08:00,870,870,870,870,200
2022-05-10 11:09:00,870,870,870,870,4300
2022-05-10 11:10:00,870,870,870,870,0
2022-05-10 11:11:00,870,870,870,870,100
2022-05-10 11:12:00,870,870,875,875,400
2022-05-10 11:13:00,870,870,875,875,0
2022-05-10 11:14:00,870,870,875,875,0
2022-05-10 11:15:00,870,870,875,875,0
2022-05-10 11:16:00,875,875,875,875,306600
2022-05-10 11:17:00,875,875,875,875,39700
2022-05-10 11:18:00,875,875,875,875,30000
2022-05-10 11:19:00,875,875,875,875,0
2022-05-10 11:20:00,875,875,875,875,0
2022-05-10 11:21:00,875,875,875,875,0
2022-05-10 11:22:00,875,875,875,875,100
2022-05-10 11:23:00,875,875,875,875,100
2022-05-10 11:24:00,875,875,875,875,100
2022-05-10 11:25:00,875,875,875,875,11000
2022-05-10 11:26:00,870,870,875,875,700
2022-05-10 11:27:00,870,870,875,875,0
2022-05-10 11:28:00,870,870,870,870,200
2022-05-10 11:29:00,870,870,875,875,1400
2022-05-10 11:30:00,870,870,875,875,0
2022-05-10 11:31:00,870,870,875,875,0
2022-05-10 11:32:00,870,870,875,875,0
2022-05-10 11:33:00,870,870,875,875,0
2022-05-10 11:34:00,870,870,875,875,0
2022-05-10 11:35:00,870,870,875,875,0
2022-05-10 11:36:00,870,870,875,875,0
2022-05-10 11:37:00,870,870,875,875,0
2022-05-10 11:38:00,870,870,875,875,0
2022-05-10 11:39:00,870,870,875,875,0
2022-05-10 11:40:00,870,870,875,875,0
2022-05-10 11:41:00,870,870,875,875,0
2022-05-10 11:42:00,870,870,875,875,0
2022-05-10 11:43:00,870,870,875,875,0
2022-05-10 11:44:00,870,870,875,875,0
2022-05-10 11:45:00,870,870,875,875,0
2022-05-10 11:46:00,870,870,875,875,0
2022-05-10 11:47:00,870,870,875,875,0
2022-05-10 11:48:00,870,870,875,875,0
2022-05-10 11:49:00,870,870,875,875,0
2022-05-10 11:50:00,870,870,875,875,0
2022-05-10 11:51:00,870,870,875,875,0
2022-05-10 11:52:00,870,870,875,875,0
2022-05-10 11:53:00,870,870,875,875,0
2022-05-10 11:54:00,870,870,875,875,0
2022-05-10 11:55:00,870,870,875,875,0
2022-05-10 11:56:00,870,870,875,875,0
2022-05-10 11:57:00,870,870,875,875,0
2022-05-10 11:58:00,870,870,875,875,0
2022-05-10 11:59:00,870,870,875,875,0
2022-05-10 12:00:00,870,870,875,875,0
2022-05-10 12:01:00,870,870,875,875,0
2022-05-10 12:02:00,870,870,875,875,0
2022-05-10 12:03:00,870,870,875,875,0
2022-05-10 12:04:00,870,870,875,875,0
2022-05-10 12:05:00,870,870,875,875,0
2022-05-10 12:06:00,870,870,875,875,0
2022-05-10 12:07:00,870,870,875,875,0
2022-05-10 12:08:00,870,870,875,875,0
2022-05-10 12:09:00,870,870,875,875,0
2022-05-10 12:10:00,870,870,875,875,0
2022-05-10 12:11:00,870,870,875,875,0
2022-05-10 12:12:00,870,870,875,875,0
2022-05-10 12:13:00,870,870,875,875,0
2022-05-10 12:14:00,870,870,875,875,0
2022-05-10 12:15:00,870,870,875,875,0
2022-05-10 12:16:00,870,870,875,875,0
2022-05-10 12:17:00,870,870,875,875,0
2022-05-10 12:18:00,870,870,875,875,0
2022-05-10 12:19:00,870,870,875,875,0
2022-05-10 12:20:00,870,870,875,875,0
2022-05-10 12:21:00,870,870,875,875,0
2022-05-10 12:22:00,870,870,875,875,0
2022-05-10 12:23:00,870,870,875,875,0
2022-05-10 12:24:00,870,870,875,875,0
2022-05-10 12:25:00,870,870,875,875,0
2022-05-10 12:26:00,870,870,875,875,0
2022-05-10 12:27:00,870,870,875,875,0
2022-05-10 12:28:00,870,870,875,875,0
2022-05-10 12:29:00,870,870,875,875,0
2022-05-10 12:30:00,870,870,875,875,0
2022-05-10 12:31:00,870,870,875,875,0
2022-05-10 12:32:00,870,870,875,875,0
2022-05-10 12:33:00,870,870,875,875,0
2022-05-10 12:34:00,870,870,875,875,0
2022-05-10 12:35:00,870,870,875,875,0
2022-05-10 12:36:00,870,870,875,875,0
2022-05-10 12:37:00,870,870,875,875,0
2022-05-10 12:38:00,870,870,875,875,0
2022-05-10 12:39:00,870,870,875,875,0
2022-05-10 12:40:00,870,870,875,875,0
2022-05-10 12:41:00,870,870,875,875,0
2022-05-10 12:42:00,870,870,875,875,0
2022-05-10 12:43:00,870,870,875,875,0
2022-05-10 12:44:00,870,870,875,875,0
2022-05-10 12:45:00,870,870,875,875,0
2022-05-10 12:46:00,870,870,875,875,0
2022-05-10 12:47:00,870,870,875,875,0
2022-05-10 12:48:00,870,870,875,875,0
2022-05-10 12:49:00,870,870,875,875,0
2022-05-10 12:50:00,870,870,875,875,0
2022-05-10 12:51:00,870,870,875,875,0
2022-05-10 12:52:00,870,870,875,875,0
2022-05-10 12:53:00,870,870,875,875,0
2022-05-10 12:54:00,870,870,875,875,0
2022-05-10 12:55:00,870,870,875,875,0
2022-05-10 12:56:00,870,870,875,875,0
2022-05-10 12:57:00,870,870,875,875,0
2022-05-10 12:58:00,870,870,875,875,0
2022-05-10 12:59:00,870,870,875,875,0
2022-05-10 13:00:00,870,870,875,875,0
2022-05-10 13:01:00,870,870,875,875,0
2022-05-10 13:02:00,870,870,875,875,0
2022-05-10 13:03:00,870,870,875,875,0
2022-05-10 13:04:00,870,870,875,875,0
2022-05-10 13:05:00,870,870,875,875,0
2022-05-10 13:06:00,870,870,875,875,0
2022-05-10 13:07:00,870,870,875,875,0
2022-05-10 13:08:00,870,870,875,875,0
2022-05-10 13:09:00,870,870,875,875,0
2022-05-10 13:10:00,870,870,875,875,0
2022-05-10 13:11:00,870,870,875,875,0
2022-05-10 13:12:00,870,870,875,875,0
2022-05-10 13:13:00,870,870,875,875,0
2022-05-10 13:14:00,870,870,875,875,0
2022-05-10 13:15:00,870,870,875,875,0
2022-05-10 13:16:00,870,870,875,875,0
2022-05-10 13:17:00,870,870,875,875,0
2022-05-10 13:18:00,870,870,875,875,0
2022-05-10 13:19:00,870,870,875,875,0
2022-05-10 13:20:00,870,870,875,875,0
2022-05-10 13:21:00,870,870,875,875,0
2022-05-10 13:22:00,870,870,875,875,0
2022-05-10 13:23:00,870,870,875,875,0
2022-05-10 13:24:00,870,870,875,875,0
2022-05-10 13:25:00,870,870,875,875,0
2022-05-10 13:26:00,870,870,875,875,0
2022-05-10 13:27:00,870,870,875,875,0
2022-05-10 13:28:00,870,870,875,875,0
2022-05-10 13:29:00,870,870,875,875,0
2022-05-10 13:30:00,875,870,875,870,4800
2022-05-10 13:31:00,875,875,875,875,10200
2022-05-10 13:32:00,875,875,875,875,0
2022-05-10 13:33:00,875,875,875,875,0
2022-05-10 13:34:00,875,875,875,875,0
2022-05-10 13:35:00,875,875,875,875,0
2022-05-10 13:36:00,875,875,875,875,800
2022-05-10 13:37:00,875,875,875,875,700
2022-05-10 13:38:00,875,875,875,875,500
2022-05-10 13:39:00,875,875,875,875,1300
2022-05-10 13:40:00,875,875,875,875,1300
2022-05-10 13:41:00,875,875,875,875,1300
2022-05-10 13:42:00,875,875,875,875,0
2022-05-10 13:43:00,875,875,880,875,21400
2022-05-10 13:44:00,875,875,875,875,800
2022-05-10 13:45:00,875,870,875,870,12100
2022-05-10 13:46:00,870,870,870,870,200
2022-05-10 13:47:00,870,870,875,875,3500
2022-05-10 13:48:00,875,870,875,870,7500
2022-05-10 13:49:00,870,870,875,875,400
2022-05-10 13:50:00,875,875,875,875,700
2022-05-10 13:51:00,875,875,875,875,300
2022-05-10 13:52:00,875,875,875,875,0
2022-05-10 13:53:00,875,875,875,875,700
2022-05-10 13:54:00,875,875,875,875,0
2022-05-10 13:55:00,875,875,875,875,2000
2022-05-10 13:56:00,880,880,880,880,3200
2022-05-10 13:57:00,880,880,880,880,900
2022-05-10 13:58:00,880,880,880,880,10000
2022-05-10 13:59:00,880,880,880,880,0
2022-05-10 14:00:00,875,875,880,880,67100
2022-05-10 14:01:00,885,885,885,885,8900
2022-05-10 14:02:00,885,885,885,885,0
2022-05-10 14:03:00,885,885,885,885,227100
2022-05-10 14:04:00,885,885,885,885,0
2022-05-10 14:05:00,885,885,890,890,298000
2022-05-10 14:06:00,890,890,890,890,1100
2022-05-10 14:07:00,885,885,900,900,10100
2022-05-10 14:08:00,885,885,900,900,0
2022-05-10 14:09:00,885,885,900,900,0
2022-05-10 14:10:00,885,885,900,900,0
2022-05-10 14:11:00,885,885,900,900,0
2022-05-10 14:12:00,895,895,900,900,500
2022-05-10 14:13:00,895,895,900,900,0
2022-05-10 14:14:00,895,895,900,900,0
2022-05-10 14:15:00,895,895,900,900,0
2022-05-10 14:16:00,895,895,900,900,0
2022-05-10 14:17:00,900,890,900,890,400
2022-05-10 14:18:00,900,900,900,900,100
2022-05-10 14:19:00,900,900,900,900,0
2022-05-10 14:20:00,900,900,900,900,0
2022-05-10 14:21:00,900,900,900,900,0
2022-05-10 14:22:00,900,900,900,900,0
2022-05-10 14:23:00,900,900,900,900,0
2022-05-10 14:24:00,900,900,900,900,0
2022-05-10 14:25:00,900,900,900,900,100
2022-05-10 14:26:00,900,900,900,900,0
2022-05-10 14:27:00,900,900,900,900,0
2022-05-10 14:28:00,900,900,900,900,0
2022-05-10 14:29:00,900,900,900,900,0
2022-05-10 14:30:00,900,900,900,900,0
2022-05-10 14:31:00,900,900,900,900,0
2022-05-10 14:32:00,900,900,900,900,0
2022-05-10 14:33:00,890,890,890,890,500
2022-05-10 14:34:00,895,890,895,890,71600
2022-05-10 14:35:00,895,895,895,895,100
2022-05-10 14:36:00,895,885,895,895,6300
2022-05-10 14:37:00,895,895,895,895,600
2022-05-10 14:38:00,895,895,895,895,100
2022-05-10 14:39:00,895,895,895,895,0
2022-05-10 14:40:00,895,895,895,895,0
2022-05-10 14:41:00,895,895,895,895,0
2022-05-10 14:42:00,890,890,890,890,100
2022-05-10 14:43:00,890,890,890,890,0
2022-05-10 14:44:00,890,890,890,890,0
2022-05-10 14:45:00,880,870,880,870,66800
2022-05-10 14:46:00,890,890,890,890,100
2022-05-10 14:47:00,890,890,890,890,0
2022-05-10 14:48:00,890,890,890,890,0
2022-05-10 14:49:00,875,875,890,890,2200
2022-05-10 14:50:00,875,875,890,890,0
2022-05-10 14:51:00,875,875,890,890,0
2022-05-10 14:52:00,875,875,890,890,0
2022-05-10 14:53:00,875,875,890,890,0
2022-05-10 14:54:00,875,875,890,890,0
2022-05-10 14:55:00,875,875,890,890,0
2022-05-10 14:56:00,875,875,890,890,0
2022-05-10 14:57:00,875,875,890,890,0
2022-05-10 14:58:00,875,875,890,890,0
2022-05-10 14:59:00,875,875,890,890,0
2022-05-10 15:00:00,890,890,890,890,16100
2022-05-10 15:01:00,890,890,890,890,0
2022-05-10 15:02:00,890,890,890,890,600
2022-05-10 15:03:00,890,890,890,890,0
2022-05-10 15:04:00,890,890,890,890,0
2022-05-10 15:05:00,890,890,890,890,0
2022-05-10 15:06:00,890,890,890,890,0
2022-05-10 15:07:00,890,890,890,890,0
2022-05-10 15:08:00,890,890,890,890,0
2022-05-10 15:09:00,890,890,890,890,0
2022-05-10 15:10:00,890,890,890,890,0
2022-05-10 15:11:00,890,890,890,890,0
2022-05-10 15:12:00,890,890,890,890,100
2022-05-10 15:13:00,890,890,890,890,0
2022-05-10 15:14:00,890,890,890,890,0
2022-05-10 15:15:00,890,890,890,890,0
2022-05-10 15:16:00,890,890,890,890,0
2022-05-10 15:17:00,890,890,890,890,0
2022-05-10 15:18:00,890,890,890,890,0
2022-05-10 15:19:00,890,890,890,890,0
2022-05-10 15:20:00,890,890,890,890,0
2022-05-10 15:21:00,890,890,890,890,0
2022-05-10 15:22:00,890,890,890,890,0
2022-05-10 15:23:00,890,890,890,890,0
2022-05-10 15:24:00,890,890,890,890,0
2022-05-10 15:25:00,890,890,890,890,0
2022-05-10 15:26:00,890,890,890,890,0
2022-05-10 15:27:00,890,890,890,890,0
2022-05-10 15:28:00,890,890,890,890,0
2022-05-10 15:29:00,890,890,890,890,0
2022-05-10 15:30:00,890,890,890,890,0
2022-05-10 15:31:00,890,890,890,890,0
2022-05-10 15:32:00,890,890,890,890,0
2022-05-10 15:33:00,890,890,890,890,0
2022-05-10 15:34:00,890,890,890,890,0
2022-05-10 15:35:00,890,890,890,890,0
2022-05-10 15:36:00,890,890,890,890,0
2022-05-10 15:37:00,890,890,890,890,0
2022-05-10 15:38:00,890,890,890,890,0
2022-05-10 15:39:00,890,890,890,890,0
2022-05-10 15:40:00,890,890,890,890,0
2022-05-10 15:41:00,890,890,890,890,0
2022-05-10 15:42:00,890,890,890,890,0
2022-05-10 15:43:00,890,890,890,890,0
2022-05-10 15:44:00,890,890,890,890,0
2022-05-10 15:45:00,890,890,890,890,0
2022-05-10 15:46:00,890,890,890,890,0
2022-05-10 15:47:00,890,890,890,890,0
2022-05-10 15:48:00,890,890,890,890,0
2022-05-10 15:49:00,890,890,890,890,0
2022-05-10 15:50:00,890,890,890,890,0
2022-05-10 15:51:00,890,890,890,890,0
2022-05-10 15:52:00,890,890,890,890,0
2022-05-10 15:53:00,890,890,890,890,0
2022-05-10 15:54:00,890,890,890,890,0
2022-05-10 15:55:00,890,890,890,890,0
2022-05-10 15:56:00,890,890,890,890,0
2022-05-10 15:57:00,890,890,890,890,0
2022-05-10 15:58:00,890,890,890,890,0
2022-05-10 15:59:00,890,890,890,890,0
2022-05-11 09:00:00,880,880,890,890,0
2022-05-11 09:01:00,880,880,890,890,0
2022-05-11 09:02:00,880,880,890,890,0
2022-05-11 09:03:00,880,880,890,890,0
2022-05-11 09:04:00,890,890,890,890,1000
2022-05-11 09:05:00,890,890,890,890,0
2022-05-11 09:06:00,890,890,890,890,0
2022-05-11 09:07:00,890,890,890,890,0
2022-05-11 09:08:00,885,885,885,885,400
2022-05-11 09:09:00,885,885,885,885,0
2022-05-11 09:10:00,885,885,885,885,0
2022-05-11 09:11:00,885,885,885,885,0
2022-05-11 09:12:00,885,885,885,885,0
2022-05-11 09:13:00,885,885,885,885,5600
2022-05-11 09:14:00,885,885,885,885,200
2022-05-11 09:15:00,885,885,885,885,0
2022-05-11 09:16:00,880,880,885,885,30800
2022-05-11 09:17:00,890,890,890,890,500
2022-05-11 09:18:00,890,890,890,890,0
2022-05-11 09:19:00,885,885,885,885,28000
2022-05-11 09:20:00,885,885,885,885,0
2022-05-11 09:21:00,885,885,885,885,300
2022-05-11 09:22:00,885,885,885,885,3000
2022-05-11 09:23:00,885,885,885,885,0
2022-05-11 09:24:00,885,885,885,885,0
2022-05-11 09:25:00,885,885,885,885,0
2022-05-11 09:26:00,890,890,890,890,500
2022-05-11 09:27:00,890,890,890,890,20800
2022-05-11 09:28:00,890,890,890,890,10300
2022-05-11 09:29:00,890,890,890,890,3300
2022-05-11 09:30:00,890,890,890,890,0
2022-05-11 09:31:00,890,890,890,890,275500
2022-05-11 09:32:00,890,890,890,890,0
2022-05-11 09:33:00,890,890,890,890,0
2022-05-11 09:34:00,890,890,890,890,0
2022-05-11 09:35:00,895,895,895,895,200
2022-05-11 09:36:00,890,890,890,890,2000
2022-05-11 09:37:00,890,890,890,890,3400
2022-05-11 09:38:00,890,890,890,890,0
2022-05-11 09:39:00,895,895,900,900,213200
2022-05-11 09:40:00,900,900,905,905,256000
2022-05-11 09:41:00,910,910,915,915,431700
2022-05-11 09:42:00,915,915,920,920,325500
2022-05-11 09:43:00,915,915,950,950,970600
2022-05-11 09:44:00,950,945,950,950,180800
2022-05-11 09:45:00,945,945,945,945,48400
2022-05-11 09:46:00,950,945,950,945,61000
2022-05-11 09:47:00,945,930,945,930,431800
2022-05-11 09:48:00,920,915,920,920,25900
2022-05-11 09:49:00,920,920,920,920,6000
2022-05-11 09:50:00,915,915,915,915,11100
2022-05-11 09:51:00,915,915,920,920,1800
2022-05-11 09:52:00,920,920,920,920,1000
2022-05-11 09:53:00,920,920,925,925,3300
2022-05-11 09:54:00,925,925,925,925,300
2022-05-11 09:55:00,925,925,925,925,2500
2022-05-11 09:56:00,925,925,925,925,0
2022-05-11 09:57:00,925,925,925,925,0
2022-05-11 09:58:00,925,925,925,925,5000
2022-05-11 09:59:00,925,925,925,925,1000
2022-05-11 10:00:00,925,925,925,925,400
2022-05-11 10:01:00,925,925,925,925,18400
2022-05-11 10:02:00,925,925,925,925,0
2022-05-11 10:03:00,920,920,920,920,700
2022-05-11 10:04:00,920,920,920,920,0
2022-05-11 10:05:00,920,920,920,920,13300
2022-05-11 10:06:00,920,920,920,920,0
2022-05-11 10:07:00,920,920,920,920,1200
2022-05-11 10:08:00,920,920,920,920,0
2022-05-11 10:09:00,920,920,920,920,0
2022-05-11 10:10:00,920,920,920,920,0
2022-05-11 10:11:00,920,920,920,920,0
2022-05-11 10:12:00,920,920,920,920,0
2022-05-11 10:13:00,920,920,920,920,0
2022-05-11 10:14:00,925,925,925,925,100
2022-05-11 10:15:00,925,925,925,925,6500
2022-05-11 10:16:00,925,925,925,925,0
2022-05-11 10:17:00,925,925,925,925,0
2022-05-11 10:18:00,925,920,925,920,63200
2022-05-11 10:19:00,920,920,920,920,5000
2022-05-11 10:20:00,920,920,920,920,0
2022-05-11 10:21:00,920,920,920,920,0
2022-05-11 10:22:00,915,915,915,915,1200
2022-05-11 10:23:00,915,915,915,915,0
2022-05-11 10:24:00,915,915,915,915,10000
2022-05-11 10:25:00,915,915,915,915,3100
2022-05-11 10:26:00,915,915,915,915,26900
2022-05-11 10:27:00,915,915,915,915,0
2022-05-11 10:28:00,920,920,920,920,3300
2022-05-11 10:29:00,920,920,920,920,0
2022-05-11 10:30:00,920,920,920,920,0
2022-05-11 10:31:00,920,920,920,920,0
2022-05-11 10:32:00,920,920,920,920,0
2022-05-11 10:33:00,920,920,920,920,900
2022-05-11 10:34:00,920,920,920,920,0
2022-05-11 10:35:00,920,920,920,920,0
2022-05-11 10:36:00,920,920,920,920,0
2022-05-11 10:37:00,925,925,925,925,2000
2022-05-11 10:38:00,925,925,925,925,0
2022-05-11 10:39:00,925,925,925,925,2000
2022-05-11 10:40:00,925,925,925,925,4000
2022-05-11 10:41:00,925,925,925,925,2000
2022-05-11 10:42:00,925,925,925,925,300
2022-05-11 10:43:00,925,925,925,925,0
2022-05-11 10:44:00,925,925,925,925,0
2022-05-11 10:45:00,925,925,925,925,0
2022-05-11 10:46:00,925,925,925,925,0
2022-05-11 10:47:00,925,925,925,925,0
2022-05-11 10:48:00,925,925,925,925,0
2022-05-11 10:49:00,920,920,920,920,200
2022-05-11 10:50:00,920,920,920,920,0
2022-05-11 10:51:00,920,920,920,920,0
2022-05-11 10:52:00,920,920,920,920,0
2022-05-11 10:53:00,920,920,920,920,0
2022-05-11 10:54:00,920,920,920,920,500
2022-05-11 10:55:00,920,920,920,920,0
2022-05-11 10:56:00,920,920,920,920,0
2022-05-11 10:57:00,920,920,920,920,0
2022-05-11 10:58:00,920,920,920,920,0
2022-05-11 10:59:00,920,920,920,920,0
2022-05-11 11:00:00,920,920,920,920,0
2022-05-11 11:01:00,920,920,920,920,0
2022-05-11 11:02:00,920,920,920,920,200
2022-05-11 11:03:00,925,925,925,925,100
2022-05-11 11:04:00,920,920,920,920,2000
2022-05-11 11:05:00,920,920,920,920,0
2022-05-11 11:06:00,920,920,920,920,200
2022-05-11 11:07:00,920,920,920,920,1000
2022-05-11 11:08:00,925,925,925,925,100
2022-05-11 11:09:00,925,925,925,925,0
2022-05-11 11:10:00,925,925,925,925,0
2022-05-11 11:11:00,925,925,925,925,0
2022-05-11 11:12:00,925,925,925,925,0
2022-05-11 11:13:00,925,925,925,925,0
2022-05-11 11:14:00,925,925,925,925,0
2022-05-11 11:15:00,925,925,925,925,0
2022-05-11 11:16:00,925,925,925,925,0
2022-05-11 11:17:00,925,925,925,925,0
2022-05-11 11:18:00,925,925,925,925,0
2022-05-11 11:19:00,925,925,925,925,0
2022-05-11 11:20:00,925,925,925,925,0
2022-05-11 11:21:00,925,925,925,925,0
2022-05-11 11:22:00,925,925,925,925,0
2022-05-11 11:23:00,925,925,925,925,200
2022-05-11 11:24:00,925,925,925,925,0
2022-05-11 11:25:00,925,925,925,925,0
2022-05-11 11:26:00,925,925,925,925,0
2022-05-11 11:27:00,925,925,925,925,0
2022-05-11 11:28:00,925,925,925,925,0
2022-05-11 11:29:00,925,925,925,925,0
2022-05-11 11:30:00,925,925,925,925,0
2022-05-11 11:31:00,925,925,925,925,0
2022-05-11 11:32:00,925,925,925,925,0
2022-05-11 11:33:00,925,925,925,925,0
2022-05-11 11:34:00,925,925,925,925,0
2022-05-11 11:35:00,925,925,925,925,0
2022-05-11 11:36:00,925,925,925,925,0
2022-05-11 11:37:00,925,925,925,925,0
2022-05-11 11:38:00,925,925,925,925,0
2022-05-11 11:39:00,925,925,925,925,0
2022-05-11 11:40:00,925,925,925,925,0
2022-05-11 11:41:00,925,925,925,925,0
2022-05-11 11:42:00,925,925,925,925,0
2022-05-11 11:43:00,925,925,925,925,0
2022-05-11 11:44:00,925,925,925,925,0
2022-05-11 11:45:00,925,925,925,925,0
2022-05-11 11:46:00,925,925,925,925,0
2022-05-11 11:47:00,925,925,925,925,0
2022-05-11 11:48:00,925,925,925,925,0
2022-05-11 11:49:00,925,925,925,925,0
2022-05-11 11:50:00,925,925,925,925,0
2022-05-11 11:51:00,925,925,925,925,0
2022-05-11 11:52:00,925,925,925,925,0
2022-05-11 11:53:00,925,925,925,925,0
2022-05-11 11:54:00,925,925,925,925,0
2022-05-11 11:55:00,925,925,925,925,0
2022-05-11 11:56:00,925,925,925,925,0
2022-05-11 11:57:00,925,925,925,925,0
2022-05-11 11:58:00,925,925,925,925,0
2022-05-11 11:59:00,925,925,925,925,0
2022-05-11 12:00:00,925,925,925,925,0
2022-05-11 12:01:00,925,925,925,925,0
2022-05-11 12:02:00,925,925,925,925,0
2022-05-11 12:03:00,925,925,925,925,0
2022-05-11 12:04:00,925,925,925,925,0
2022-05-11 12:05:00,925,925,925,925,0
2022-05-11 12:06:00,925,925,925,925,0
2022-05-11 12:07:00,925,925,925,925,0
2022-05-11 12:08:00,925,925,925,925,0
2022-05-11 12:09:00,925,925,925,925,0
2022-05-11 12:10:00,925,925,925,925,0
2022-05-11 12:11:00,925,925,925,925,0
2022-05-11 12:12:00,925,925,925,925,0
2022-05-11 12:13:00,925,925,925,925,0
2022-05-11 12:14:00,925,925,925,925,0
2022-05-11 12:15:00,925,925,925,925,0
2022-05-11 12:16:00,925,925,925,925,0
2022-05-11 12:17:00,925,925,925,925,0
2022-05-11 12:18:00,925,925,925,925,0
2022-05-11 12:19:00,925,925,925,925,0
2022-05-11 12:20:00,925,925,925,925,0
2022-05-11 12:21:00,925,925,925,925,0
2022-05-11 12:22:00,925,925,925,925,0
2022-05-11 12:23:00,925,925,925,925,0
2022-05-11 12:24:00,925,925,925,925,0
2022-05-11 12:25:00,925,925,925,925,0
2022-05-11 12:26:00,925,925,925,925,0
2022-05-11 12:27:00,925,925,925,925,0
2022-05-11 12:28:00,925,925,925,925,0
2022-05-11 12:29:00,925,925,925,925,0
2022-05-11 12:30:00,925,925,925,925,0
2022-05-11 12:31:00,925,925,925,925,0
2022-05-11 12:32:00,925,925,925,925,0
2022-05-11 12:33:00,925,925,925,925,0
2022-05-11 12:34:00,925,925,925,925,0
2022-05-11 12:35:00,925,925,925,925,0
2022-05-11 12:36:00,925,925,925,925,0
2022-05-11 12:37:00,925,925,925,925,0
2022-05-11 12:38:00,925,925,925,925,0
2022-05-11 12:39:00,925,925,925,925,0
2022-05-11 12:40:00,925,925,925,925,0
2022-05-11 12:41:00,925,925,925,925,0
2022-05-11 12:42:00,925,925,925,925,0
2022-05-11 12:43:00,925,925,925,925,0
2022-05-11 12:44:00,925,925,925,925,0
2022-05-11 12:45:00,925,925,925,925,0
2022-05-11 12:46:00,925,925,925,925,0
2022-05-11 12:47:00,925,925,925,925,0
2022-05-11 12:48:00,925,925,925,925,0
2022-05-11 12:49:00,925,925,925,925,0
2022-05-11 12:50:00,925,925,925,925,0
2022-05-11 12:51:00,925,925,925,925,0
2022-05-11 12:52:00,925,925,925,925,0
2022-05-11 12:53:00,925,925,925,925,0
2022-05-11 12:54:00,925,925,925,925,0
2022-05-11 12:55:00,925,925,925,925,0
2022-05-11 12:56:00,925,925,925,925,0
2022-05-11 12:57:00,925,925,925,925,0
2022-05-11 12:58:00,925,925,925,925,0
2022-05-11 12:59:00,925,925,925,925,0
2022-05-11 13:00:00,925,925,925,925,0
2022-05-11 13:01:00,925,925,925,925,0
2022-05-11 13:02:00,925,925,925,925,0
2022-05-11 13:03:00,925,925,925,925,0
2022-05-11 13:04:00,925,925,925,925,0
2022-05-11 13:05:00,925,925,925,925,0
2022-05-11 13:06:00,925,925,925,925,0
2022-05-11 13:07:00,925,925,925,925,0
2022-05-11 13:08:00,925,925,925,925,0
2022-05-11 13:09:00,925,925,925,925,0
2022-05-11 13:10:00,925,925,925,925,0
2022-05-11 13:11:00,925,925,925,925,0
2022-05-11 13:12:00,925,925,925,925,0
2022-05-11 13:13:00,925,925,925,925,0
2022-05-11 13:14:00,925,925,925,925,0
2022-05-11 13:15:00,925,925,925,925,0
2022-05-11 13:16:00,925,925,925,925,0
2022-05-11 13:17:00,925,925,925,925,0
2022-05-11 13:18:00,925,925,925,925,0
2022-05-11 13:19:00,925,925,925,925,0
2022-05-11 13:20:00,925,925,925,925,0
2022-05-11 13:21:00,925,925,925,925,0
2022-05-11 13:22:00,925,925,925,925,0
2022-05-11 13:23:00,925,925,925,925,0
2022-05-11 13:24:00,925,925,925,925,0
2022-05-11 13:25:00,925,925,925,925,0
2022-05-11 13:26:00,925,925,925,925,0
2022-05-11 13:27:00,925,925,925,925,0
2022-05-11 13:28:00,925,925,925,925,0
2022-05-11 13:29:00,925,925,925,925,0
2022-05-11 13:30:00,920,920,925,925,1000
2022-05-11 13:31:00,920,920,925,925,0
2022-05-11 13:32:00,920,920,925,925,0
2022-05-11 13:33:00,920,920,925,925,0
2022-05-11 13:34:00,920,920,925,925,0
2022-05-11 13:35:00,920,920,925,925,0
2022-05-11 13:36:00,920,920,925,925,0
2022-05-11 13:37:00,920,920,925,925,0
2022-05-11 13:38:00,920,920,920,920,200
2022-05-11 13:39:00,925,925,925,925,50000
2022-05-11 13:40:00,930,930,930,930,61000
2022-05-11 13:41:00,930,930,940,940,347300
2022-05-11 13:42:00,940,935,940,935,301100
2022-05-11 13:43:00,940,930,940,930,392300
2022-05-11 13:44:00,930,930,930,930,300
2022-05-11 13:45:00,930,920,930,920,25000
2022-05-11 13:46:00,930,920,930,920,0
2022-05-11 13:47:00,930,920,930,920,0
2022-05-11 13:48:00,920,920,920,920,59400
2022-05-11 13:49:00,920,920,920,920,1800
2022-05-11 13:50:00,920,920,920,920,200
2022-05-11 13:51:00,920,920,920,920,0
2022-05-11 13:52:00,915,910,920,920,27800
2022-05-11 13:53:00,915,910,920,920,0
2022-05-11 13:54:00,920,920,920,920,1000
2022-05-11 13:55:00,910,910,910,910,100
2022-05-11 13:56:00,910,910,910,910,100
2022-05-11 13:57:00,920,920,920,920,100
2022-05-11 13:58:00,920,920,920,920,0
2022-05-11 13:59:00,920,920,920,920,0
2022-05-11 14:00:00,920,920,920,920,0
2022-05-11 14:01:00,920,920,920,920,0
2022-05-11 14:02:00,920,920,920,920,0
2022-05-11 14:03:00,920,920,920,920,0
2022-05-11 14:04:00,920,920,920,920,0
2022-05-11 14:05:00,920,920,920,920,0
2022-05-11 14:06:00,920,920,920,920,0
2022-05-11 14:07:00,920,920,920,920,0
2022-05-11 14:08:00,920,920,920,920,0
2022-05-11 14:09:00,920,920,920,920,0
2022-05-11 14:10:00,920,920,920,920,0
2022-05-11 14:11:00,920,920,920,920,0
2022-05-11 14:12:00,920,920,920,920,0
2022-05-11 14:13:00,920,920,920,920,0
2022-05-11 14:14:00,915,915,915,915,4801800
2022-05-11 14:15:00,915,915,915,915,0
2022-05-11 14:16:00,915,915,915,915,0
2022-05-11 14:17:00,915,915,915,915,100
2022-05-11 14:18:00,915,915,915,915,0
2022-05-11 14:19:00,915,915,915,915,0
2022-05-11 14:20:00,915,910,915,910,35000
2022-05-11 14:21:00,915,910,915,910,0
2022-05-11 14:22:00,915,910,915,910,0
2022-05-11 14:23:00,910,910,915,915,470500
2022-05-11 14:24:00,910,910,915,915,0
2022-05-11 14:25:00,910,910,915,915,0
2022-05-11 14:26:00,910,910,915,915,0
2022-05-11 14:27:00,910,910,915,915,0
2022-05-11 14:28:00,910,910,915,915,0
2022-05-11 14:29:00,910,910,915,915,0
2022-05-11 14:30:00,910,910,915,915,0
2022-05-11 14:31:00,910,910,915,915,0
2022-05-11 14:32:00,915,915,915,915,200
2022-05-11 14:33:00,915,915,915,915,0
2022-05-11 14:34:00,915,915,915,915,0
2022-05-11 14:35:00,915,915,915,915,0
2022-05-11 14:36:00,915,915,915,915,100
2022-05-11 14:37:00,910,910,910,910,500
2022-05-11 14:38:00,910,910,910,910,0
2022-05-11 14:39:00,910,910,910,910,0
2022-05-11 14:40:00,910,910,910,910,0
2022-05-11 14:41:00,910,910,910,910,0
2022-05-11 14:42:00,910,910,910,910,300
2022-05-11 14:43:00,910,910,910,910,0
2022-05-11 14:44:00,910,910,910,910,0
2022-05-11 14:45:00,910,910,910,910,2400
2022-05-11 14:46:00,910,910,910,910,0
2022-05-11 14:47:00,910,910,910,910,0
2022-05-11 14:48:00,910,910,910,910,0
2022-05-11 14:49:00,910,910,910,910,0
2022-05-11 14:50:00,910,910,910,910,0
2022-05-11 14:51:00,910,910,910,910,0
2022-05-11 14:52:00,910,910,910,910,0
2022-05-11 14:53:00,910,910,910,910,0
2022-05-11 14:54:00,910,910,910,910,0
2022-05-11 14:55:00,910,910,910,910,0
2022-05-11 14:56:00,910,910,910,910,0
2022-05-11 14:57:00,910,910,910,910,0
2022-05-11 14:58:00,910,910,910,910,0
2022-05-11 14:59:00,910,910,910,910,0
2022-05-11 15:00:00,910,910,910,910,13400
2022-05-11 15:01:00,910,910,910,910,200
2022-05-11 15:02:00,910,910,910,910,0
2022-05-11 15:03:00,910,910,910,910,0
2022-05-11 15:04:00,910,910,910,910,0
2022-05-11 15:05:00,910,910,910,910,0
2022-05-11 15:06:00,910,910,910,910,0
2022-05-11 15:07:00,910,910,910,910,0
2022-05-11 15:08:00,910,910,910,910,0
2022-05-11 15:09:00,910,910,910,910,0
2022-05-11 15:10:00,910,910,910,910,0
2022-05-11 15:11:00,910,910,910,910,0
2022-05-11 15:12:00,910,910,910,910,0
2022-05-11 15:13:00,910,910,910,910,0
2022-05-11 15:14:00,910,910,910,910,0
2022-05-11 15:15:00,910,910,910,910,0
2022-05-11 15:16:00,910,910,910,910,0
2022-05-11 15:17:00,910,910,910,910,0
2022-05-11 15:18:00,910,910,910,910,0
2022-05-11 15:19:00,910,910,910,910,0
2022-05-11 15:20:00,910,910,910,910,0
2022-05-11 15:21:00,910,910,910,910,0
2022-05-11 15:22:00,910,910,910,910,0
2022-05-11 15:23:00,910,910,910,910,0
2022-05-11 15:24:00,910,910,910,910,0
2022-05-11 15:25:00,910,910,910,910,0
2022-05-11 15:26:00,910,910,910,910,0
2022-05-11 15:27:00,910,910,910,910,0
2022-05-11 15:28:00,910,910,910,910,0
2022-05-11 15:29:00,910,910,910,910,0
2022-05-11 15:30:00,910,910,910,910,0
2022-05-11 15:31:00,910,910,910,910,0
2022-05-11 15:32:00,910,910,910,910,0
2022-05-11 15:33:00,910,910,910,910,0
2022-05-11 15:34:00,910,910,910,910,0
2022-05-11 15:35:00,910,910,910,910,0
2022-05-11 15:36:00,910,910,910,910,0
2022-05-11 15:37:00,910,910,910,910,0
2022-05-11 15:38:00,910,910,910,910,0
2022-05-11 15:39:00,910,910,910,910,0
2022-05-11 15:40:00,910,910,910,910,0
2022-05-11 15:41:00,910,910,910,910,0
2022-05-11 15:42:00,910,910,910,910,0
2022-05-11 15:43:00,910,910,910,910,0
2022-05-11 15:44:00,910,910,910,910,0
2022-05-11 15:45:00,910,910,910,910,0
2022-05-11 15:46:00,910,910,910,910,0
2022-05-11 15:47:00,910,910,910,910,0
2022-05-11 15:48:00,910,910,910,910,0
2022-05-11 15:49:00,910,910,910,910,0
2022-05-11 15:50:00,910,910,910,910,0
2022-05-11 15:51:00,910,910,910,910,0
2022-05-11 15:52:00,910,910,910,910,0
2022-05-11 15:53:00,910,910,910,910,0
2022-05-11 15:54:00,910,910,910,910,0
2022-05-11 15:55:00,910,910,910,910,0
2022-05-11 15:56:00,910,910,910,910,0
2022-05-11 15:57:00,910,910,910,910,0
2022-05-11 15:58:00,910,910,910,910,0
2022-05-11 15:59:00,910,910,910,910,0
2022-05-12 09:00:00,915,910,915,910,0
2022-05-12 09:01:00,915,910,915,910,0
2022-05-12 09:02:00,910,910,910,910,7400
2022-05-12 09:03:00,910,910,910,910,0
2022-05-12 09:04:00,910,910,910,910,100
2022-05-12 09:05:00,910,910,910,910,0
2022-05-12 09:06:00,910,910,910,910,0
2022-05-12 09:07:00,905,905,905,905,3800
2022-05-12 09:08:00,905,905,905,905,0
2022-05-12 09:09:00,905,900,905,900,109000
2022-05-12 09:10:00,895,895,905,900,419400
2022-05-12 09:11:00,900,900,900,900,2800
2022-05-12 09:12:00,895,895,895,895,10000
2022-05-12 09:13:00,895,895,895,895,0
2022-05-12 09:14:00,900,900,900,900,100
2022-05-12 09:15:00,900,900,900,900,0
2022-05-12 09:16:00,900,900,900,900,200
2022-05-12 09:17:00,900,900,900,900,600
2022-05-12 09:18:00,900,900,900,900,0
2022-05-12 09:19:00,900,900,900,900,0
2022-05-12 09:20:00,900,900,900,900,3500
2022-05-12 09:21:00,905,905,905,905,50000
2022-05-12 09:22:00,905,905,905,905,0
2022-05-12 09:23:00,905,905,905,905,0
2022-05-12 09:24:00,900,900,900,900,100
2022-05-12 09:25:00,900,900,900,900,0
2022-05-12 09:26:00,900,900,900,900,0
2022-05-12 09:27:00,900,900,900,900,0
2022-05-12 09:28:00,900,900,900,900,0
2022-05-12 09:29:00,900,900,900,900,0
2022-05-12 09:30:00,900,900,900,900,100
2022-05-12 09:31:00,895,895,900,900,1200
2022-05-12 09:32:00,895,895,900,900,0
2022-05-12 09:33:00,895,895,900,900,0
2022-05-12 09:34:00,895,895,900,900,0
2022-05-12 09:35:00,895,895,900,900,500
2022-05-12 09:36:00,895,895,900,900,0
2022-05-12 09:37:00,895,895,900,900,0
2022-05-12 09:38:00,900,895,900,895,2100
2022-05-12 09:39:00,895,895,895,895,4900
2022-05-12 09:40:00,895,895,895,895,500
2022-05-12 09:41:00,890,890,890,890,5000
2022-05-12 09:42:00,890,890,890,890,16900
2022-05-12 09:43:00,885,885,885,885,100
2022-05-12 09:44:00,890,890,890,890,2800
2022-05-12 09:45:00,890,890,890,890,1000
2022-05-12 09:46:00,890,890,890,890,0
2022-05-12 09:47:00,890,890,890,890,2000
2022-05-12 09:48:00,890,890,890,890,1000
2022-05-12 09:49:00,890,890,890,890,0
2022-05-12 09:50:00,890,890,890,890,0
2022-05-12 09:51:00,885,885,885,885,1500
2022-05-12 09:52:00,885,885,885,885,0
2022-05-12 09:53:00,885,885,885,885,0
2022-05-12 09:54:00,885,885,885,885,11300
2022-05-12 09:55:00,885,885,885,885,200
2022-05-12 09:56:00,885,885,885,885,0
2022-05-12 09:57:00,885,885,885,885,0
2022-05-12 09:58:00,885,885,885,885,5000
2022-05-12 09:59:00,885,885,885,885,0
2022-05-12 10:00:00,885,885,885,885,0
2022-05-12 10:01:00,885,885,885,885,0
2022-05-12 10:02:00,885,885,885,885,0
2022-05-12 10:03:00,885,885,885,885,0
2022-05-12 10:04:00,885,885,885,885,0
2022-05-12 10:05:00,885,885,885,885,0
2022-05-12 10:06:00,885,885,885,885,0
2022-05-12 10:07:00,885,885,885,885,0
2022-05-12 10:08:00,885,885,885,885,0
2022-05-12 10:09:00,885,885,885,885,0
2022-05-12 10:10:00,885,885,885,885,1000
2022-05-12 10:11:00,885,885,885,885,0
2022-05-12 10:12:00,885,885,885,885,0
2022-05-12 10:13:00,885,885,885,885,400
2022-05-12 10:14:00,885,885,890,890,310000
2022-05-12 10:15:00,890,890,890,890,307600
2022-05-12 10:16:00,890,890,890,890,13500
2022-05-12 10:17:00,890,890,890,890,36500
2022-05-12 10:18:00,890,890,895,895,210600
2022-05-12 10:19:00,890,890,895,895,0
2022-05-12 10:20:00,895,895,895,895,500
2022-05-12 10:21:00,895,895,895,895,0
2022-05-12 10:22:00,895,895,895,895,0
2022-05-12 10:23:00,895,895,895,895,0
2022-05-12 10:24:00,895,895,895,895,0
2022-05-12 10:25:00,895,895,895,895,0
2022-05-12 10:26:00,895,895,895,895,0
2022-05-12 10:27:00,895,895,895,895,0
2022-05-12 10:28:00,895,895,895,895,0
2022-05-12 10:29:00,895,895,895,895,0
2022-05-12 10:30:00,900,900,900,900,208200
2022-05-12 10:31:00,900,900,900,900,300
2022-05-12 10:32:00,900,900,900,900,5000
2022-05-12 10:33:00,900,900,900,900,0
2022-05-12 10:34:00,900,900,900,900,0
2022-05-12 10:35:00,900,900,900,900,12800
2022-05-12 10:36:00,900,900,900,900,0
2022-05-12 10:37:00,900,900,900,900,0
2022-05-12 10:38:00,900,900,900,900,0
2022-05-12 10:39:00,900,900,900,900,0
2022-05-12 10:40:00,895,895,895,895,26000
2022-05-12 10:41:00,895,895,895,895,1100
2022-05-12 10:42:00,895,895,895,895,0
2022-05-12 10:43:00,895,895,895,895,4000
2022-05-12 10:44:00,895,895,895,895,0
2022-05-12 10:45:00,895,895,895,895,0
2022-05-12 10:46:00,890,890,890,890,300
2022-05-12 10:47:00,890,890,890,890,0
2022-05-12 10:48:00,890,890,890,890,0
2022-05-12 10:49:00,890,890,890,890,0
2022-05-12 10:50:00,890,890,890,890,0
2022-05-12 10:51:00,890,890,890,890,0
2022-05-12 10:52:00,890,890,890,890,500
2022-05-12 10:53:00,890,890,890,890,0
2022-05-12 10:54:00,890,890,890,890,500
2022-05-12 10:55:00,895,895,895,895,500
2022-05-12 10:56:00,895,895,895,895,0
2022-05-12 10:57:00,895,895,895,895,500
2022-05-12 10:58:00,895,895,895,895,0
2022-05-12 10:59:00,895,895,895,895,0
2022-05-12 11:00:00,895,895,895,895,11000
2022-05-12 11:01:00,895,895,895,895,0
2022-05-12 11:02:00,895,895,895,895,0
2022-05-12 11:03:00,895,895,895,895,0
2022-05-12 11:04:00,895,895,895,895,0
2022-05-12 11:05:00,890,890,890,890,5800
2022-05-12 11:06:00,890,890,890,890,0
2022-05-12 11:07:00,890,890,890,890,0
2022-05-12 11:08:00,895,895,895,895,300
2022-05-12 11:09:00,895,895,895,895,0
2022-05-12 11:10:00,895,895,895,895,7100
2022-05-12 11:11:00,895,895,895,895,0
2022-05-12 11:12:00,895,895,895,895,0
2022-05-12 11:13:00,895,895,895,895,0
2022-05-12 11:14:00,900,900,900,900,5600
2022-05-12 11:15:00,900,900,900,900,0
2022-05-12 11:16:00,900,900,900,900,0
2022-05-12 11:17:00,900,900,900,900,0
2022-05-12 11:18:00,900,900,900,900,0
2022-05-12 11:19:00,900,900,900,900,0
2022-05-12 11:20:00,900,900,900,900,0
2022-05-12 11:21:00,900,900,900,900,0
2022-05-12 11:22:00,900,900,900,900,0
2022-05-12 11:23:00,900,900,900,900,0
2022-05-12 11:24:00,900,900,900,900,0
2022-05-12 11:25:00,900,900,900,900,0
2022-05-12 11:26:00,900,900,900,900,0
2022-05-12 11:27:00,900,900,900,900,0
2022-05-12 11:28:00,900,900,900,900,0
2022-05-12 11:29:00,900,900,900,900,0
2022-05-12 11:30:00,900,900,900,900,0
2022-05-12 11:31:00,900,900,900,900,0
2022-05-12 11:32:00,900,900,900,900,0
2022-05-12 11:33:00,900,900,900,900,0
2022-05-12 11:34:00,900,900,900,900,0
2022-05-12 11:35:00,900,900,900,900,0
2022-05-12 11:36:00,900,900,900,900,0
2022-05-12 11:37:00,900,900,900,900,0
2022-05-12 11:38:00,900,900,900,900,0
2022-05-12 11:39:00,900,900,900,900,0
2022-05-12 11:40:00,900,900,900,900,0
2022-05-12 11:41:00,900,900,900,900,0
2022-05-12 11:42:00,900,900,900,900,0
2022-05-12 11:43:00,900,900,900,900,0
2022-05-12 11:44:00,900,900,900,900,0
2022-05-12 11:45:00,900,900,900,900,0
2022-05-12 11:46:00,900,900,900,900,0
2022-05-12 11:47:00,900,900,900,900,0
2022-05-12 11:48:00,900,900,900,900,0
2022-05-12 11:49:00,900,900,900,900,0
2022-05-12 11:50:00,900,900,900,900,0
2022-05-12 11:51:00,900,900,900,900,0
2022-05-12 11:52:00,900,900,900,900,0
2022-05-12 11:53:00,900,900,900,900,0
2022-05-12 11:54:00,900,900,900,900,0
2022-05-12 11:55:00,900,900,900,900,0
2022-05-12 11:56:00,900,900,900,900,0
2022-05-12 11:57:00,900,900,900,900,0
2022-05-12 11:58:00,900,900,900,900,0
2022-05-12 11:59:00,900,900,900,900,0
2022-05-12 12:00:00,900,900,900,900,0
2022-05-12 12:01:00,900,900,900,900,0
2022-05-12 12:02:00,900,900,900,900,0
2022-05-12 12:03:00,900,900,900,900,0
2022-05-12 12:04:00,900,900,900,900,0
2022-05-12 12:05:00,900,900,900,900,0
2022-05-12 12:06:00,900,900,900,900,0
2022-05-12 12:07:00,900,900,900,900,0
2022-05-12 12:08:00,900,900,900,900,0
2022-05-12 12:09:00,900,900,900,900,0
2022-05-12 12:10:00,900,900,900,900,0
2022-05-12 12:11:00,900,900,900,900,0
2022-05-12 12:12:00,900,900,900,900,0
2022-05-12 12:13:00,900,900,900,900,0
2022-05-12 12:14:00,900,900,900,900,0
2022-05-12 12:15:00,900,900,900,900,0
2022-05-12 12:16:00,900,900,900,900,0
2022-05-12 12:17:00,900,900,900,900,0
2022-05-12 12:18:00,900,900,900,900,0
2022-05-12 12:19:00,900,900,900,900,0
2022-05-12 12:20:00,900,900,900,900,0
2022-05-12 12:21:00,900,900,900,900,0
2022-05-12 12:22:00,900,900,900,900,0
2022-05-12 12:23:00,900,900,900,900,0
2022-05-12 12:24:00,900,900,900,900,0
2022-05-12 12:25:00,900,900,900,900,0
2022-05-12 12:26:00,900,900,900,900,0
2022-05-12 12:27:00,900,900,900,900,0
2022-05-12 12:28:00,900,900,900,900,0
2022-05-12 12:29:00,900,900,900,900,0
2022-05-12 12:30:00,900,900,900,900,0
2022-05-12 12:31:00,900,900,900,900,0
2022-05-12 12:32:00,900,900,900,900,0
2022-05-12 12:33:00,900,900,900,900,0
2022-05-12 12:34:00,900,900,900,900,0
2022-05-12 12:35:00,900,900,900,900,0
2022-05-12 12:36:00,900,900,900,900,0
2022-05-12 12:37:00,900,900,900,900,0
2022-05-12 12:38:00,900,900,900,900,0
2022-05-12 12:39:00,900,900,900,900,0
2022-05-12 12:40:00,900,900,900,900,0
2022-05-12 12:41:00,900,900,900,900,0
2022-05-12 12:42:00,900,900,900,900,0
2022-05-12 12:43:00,900,900,900,900,0
2022-05-12 12:44:00,900,900,900,900,0
2022-05-12 12:45:00,900,900,900,900,0
2022-05-12 12:46:00,900,900,900,900,0
2022-05-12 12:47:00,900,900,900,900,0
2022-05-12 12:48:00,900,900,900,900,0
2022-05-12 12:49:00,900,900,900,900,0
2022-05-12 12:50:00,900,900,900,900,0
2022-05-12 12:51:00,900,900,900,900,0
2022-05-12 12:52:00,900,900,900,900,0
2022-05-12 12:53:00,900,900,900,900,0
2022-05-12 12:54:00,900,900,900,900,0
2022-05-12 12:55:00,900,900,900,900,0
2022-05-12 12:56:00,900,900,900,900,0
2022-05-12 12:57:00,900,900,900,900,0
2022-05-12 12:58:00,900,900,900,900,0
2022-05-12 12:59:00,900,900,900,900,0
2022-05-12 13:00:00,900,900,900,900,0
2022-05-12 13:01:00,900,900,900,900,0
2022-05-12 13:02:00,900,900,900,900,0
2022-05-12 13:03:00,900,900,900,900,0
2022-05-12 13:04:00,900,900,900,900,0
2022-05-12 13:05:00,900,900,900,900,0
2022-05-12 13:06:00,900,900,900,900,0
2022-05-12 13:07:00,900,900,900,900,0
2022-05-12 13:08:00,900,900,900,900,0
2022-05-12 13:09:00,900,900,900,900,0
2022-05-12 13:10:00,900,900,900,900,0
2022-05-12 13:11:00,900,900,900,900,0
2022-05-12 13:12:00,900,900,900,900,0
2022-05-12 13:13:00,900,900,900,900,0
2022-05-12 13:14:00,900,900,900,900,0
2022-05-12 13:15:00,900,900,900,900,0
2022-05-12 13:16:00,900,900,900,900,0
2022-05-12 13:17:00,900,900,900,900,0
2022-05-12 13:18:00,900,900,900,900,0
2022-05-12 13:19:00,900,900,900,900,0
2022-05-12 13:20:00,900,900,900,900,0
2022-05-12 13:21:00,900,900,900,900,0
2022-05-12 13:22:00,900,900,900,900,0
2022-05-12 13:23:00,900,900,900,900,0
2022-05-12 13:24:00,900,900,900,900,0
2022-05-12 13:25:00,900,900,900,900,0
2022-05-12 13:26:00,900,900,900,900,0
2022-05-12 13:27:00,900,900,900,900,0
2022-05-12 13:28:00,900,900,900,900,0
2022-05-12 13:29:00,900,900,900,900,0
2022-05-12 13:30:00,900,900,900,900,8300
2022-05-12 13:31:00,900,900,900,900,0
2022-05-12 13:32:00,900,900,900,900,0
2022-05-12 13:33:00,900,900,900,900,0
2022-05-12 13:34:00,900,900,900,900,0
2022-05-12 13:35:00,900,900,900,900,0
2022-05-12 13:36:00,895,895,895,895,200
2022-05-12 13:37:00,895,895,895,895,13400
2022-05-12 13:38:00,895,895,895,895,0
2022-05-12 13:39:00,890,890,890,890,57900
2022-05-12 13:40:00,890,890,890,890,0
2022-05-12 13:41:00,890,890,890,890,0
2022-05-12 13:42:00,890,890,890,890,0
2022-05-12 13:43:00,885,885,885,885,19800
2022-05-12 13:44:00,885,885,885,885,100
2022-05-12 13:45:00,885,885,885,885,0
2022-05-12 13:46:00,885,885,885,885,0
2022-05-12 13:47:00,885,885,885,885,0
2022-05-12 13:48:00,885,885,885,885,0
2022-05-12 13:49:00,885,885,885,885,0
2022-05-12 13:50:00,885,885,885,885,0
2022-05-12 13:51:00,885,885,885,885,0
2022-05-12 13:52:00,885,885,885,885,0
2022-05-12 13:53:00,885,885,885,885,0
2022-05-12 13:54:00,885,885,885,885,1000
2022-05-12 13:55:00,885,885,885,885,500
2022-05-12 13:56:00,885,885,885,885,0
2022-05-12 13:57:00,885,880,890,890,10300
2022-05-12 13:58:00,885,880,890,890,0
2022-05-12 13:59:00,880,880,885,885,400
2022-05-12 14:00:00,880,880,885,885,0
2022-05-12 14:01:00,880,880,885,885,0
2022-05-12 14:02:00,880,880,885,885,0
2022-05-12 14:03:00,880,880,885,885,0
2022-05-12 14:04:00,885,885,885,885,100
2022-05-12 14:05:00,880,880,885,885,18200
2022-05-12 14:06:00,880,880,885,885,0
2022-05-12 14:07:00,880,880,885,885,0
2022-05-12 14:08:00,880,880,880,880,0
2022-05-12 14:09:00,880,880,880,880,0
2022-05-12 14:10:00,880,880,880,880,0
2022-05-12 14:11:00,880,880,880,880,0
2022-05-12 14:12:00,885,885,885,885,2035300
2022-05-12 14:13:00,885,885,885,885,0
2022-05-12 14:14:00,885,885,885,885,0
2022-05-12 14:15:00,885,885,885,885,0
2022-05-12 14:16:00,885,885,885,885,0
2022-05-12 14:17:00,885,885,885,885,1200
2022-05-12 14:18:00,885,885,885,885,0
2022-05-12 14:19:00,885,885,885,885,0
2022-05-12 14:20:00,885,885,885,885,100
2022-05-12 14:21:00,885,885,885,885,0
2022-05-12 14:22:00,885,885,885,885,0
2022-05-12 14:23:00,885,885,885,885,0
2022-05-12 14:24:00,885,885,885,885,9900
2022-05-12 14:25:00,885,885,885,885,0
2022-05-12 14:26:00,885,885,885,885,0
2022-05-12 14:27:00,885,885,885,885,0
2022-05-12 14:28:00,885,885,885,885,0
2022-05-12 14:29:00,885,885,885,885,0
2022-05-12 14:30:00,885,885,885,885,93800
2022-05-12 14:31:00,885,885,885,885,0
2022-05-12 14:32:00,885,885,885,885,0
2022-05-12 14:33:00,885,885,885,885,0
2022-05-12 14:34:00,885,885,885,885,0
2022-05-12 14:35:00,885,885,885,885,0
2022-05-12 14:36:00,885,885,885,885,1000
2022-05-12 14:37:00,885,885,885,885,0
2022-05-12 14:38:00,885,885,885,885,0
2022-05-12 14:39:00,885,885,885,885,5000
2022-05-12 14:40:00,885,885,885,885,0
2022-05-12 14:41:00,880,880,880,880,3700
2022-05-12 14:42:00,880,880,880,880,0
2022-05-12 14:43:00,880,880,880,880,5000
2022-05-12 14:44:00,880,880,880,880,2000
2022-05-12 14:45:00,885,885,885,885,5000
2022-05-12 14:46:00,885,885,885,885,0
2022-05-12 14:47:00,885,885,885,885,0
2022-05-12 14:48:00,880,880,880,880,7200
2022-05-12 14:49:00,880,880,885,885,1900
2022-05-12 14:50:00,880,880,885,885,0
2022-05-12 14:51:00,880,880,885,885,0
2022-05-12 14:52:00,880,880,885,885,0
2022-05-12 14:53:00,880,880,885,885,0
2022-05-12 14:54:00,880,880,885,885,0
2022-05-12 14:55:00,880,880,885,885,0
2022-05-12 14:56:00,880,880,885,885,0
2022-05-12 14:57:00,880,880,885,885,0
2022-05-12 14:58:00,880,880,885,885,0
2022-05-12 14:59:00,880,880,885,885,0
2022-05-12 15:00:00,885,885,885,885,1200
2022-05-12 15:01:00,885,885,885,885,0
2022-05-12 15:02:00,885,885,885,885,0
2022-05-12 15:03:00,885,885,885,885,0
2022-05-12 15:04:00,885,885,885,885,0
2022-05-12 15:05:00,885,885,885,885,0
2022-05-12 15:06:00,885,885,885,885,0
2022-05-12 15:07:00,885,885,885,885,0
2022-05-12 15:08:00,885,885,885,885,0
2022-05-12 15:09:00,885,885,885,885,0
2022-05-12 15:10:00,885,885,885,885,35000
2022-05-12 15:11:00,885,885,885,885,0
2022-05-12 15:12:00,885,885,885,885,0
2022-05-12 15:13:00,885,885,885,885,0
2022-05-12 15:14:00,885,885,885,885,0
2022-05-12 15:15:00,885,885,885,885,0
2022-05-12 15:16:00,885,885,885,885,0
2022-05-12 15:17:00,885,885,885,885,0
2022-05-12 15:18:00,885,885,885,885,0
2022-05-12 15:19:00,885,885,885,885,0
2022-05-12 15:20:00,885,885,885,885,0
2022-05-12 15:21:00,885,885,885,885,0
2022-05-12 15:22:00,885,885,885,885,0
2022-05-12 15:23:00,885,885,885,885,0
2022-05-12 15:24:00,885,885,885,885,0
2022-05-12 15:25:00,885,885,885,885,0
2022-05-12 15:26:00,885,885,885,885,0
2022-05-12 15:27:00,885,885,885,885,0
2022-05-12 15:28:00,885,885,885,885,0
2022-05-12 15:29:00,885,885,885,885,0
2022-05-12 15:30:00,885,885,885,885,0
2022-05-12 15:31:00,885,885,885,885,0
2022-05-12 15:32:00,885,885,885,885,0
2022-05-12 15:33:00,885,885,885,885,0
2022-05-12 15:34:00,885,885,885,885,0
2022-05-12 15:35:00,885,885,885,885,0
2022-05-12 15:36:00,885,885,885,885,0
2022-05-12 15:37:00,885,885,885,885,0
2022-05-12 15:38:00,885,885,885,885,0
2022-05-12 15:39:00,885,885,885,885,0
2022-05-12 15:40:00,885,885,885,885,0
2022-05-12 15:41:00,885,885,885,885,0
2022-05-12 15:42:00,885,885,885,885,0
2022-05-12 15:43:00,885,885,885,885,0
2022-05-12 15:44:00,885,885,885,885,0
2022-05-12 15:45:00,885,885,885,885,0
2022-05-12 15:46:00,885,885,885,885,0
2022-05-12 15:47:00,885,885,885,885,0
2022-05-12 15:48:00,885,885,885,885,0
2022-05-12 15:49:00,885,885,885,885,0
2022-05-12 15:50:00,885,885,885,885,0
2022-05-12 15:51:00,885,885,885,885,0
2022-05-12 15:52:00,885,885,885,885,0
2022-05-12 15:53:00,885,885,885,885,0
2022-05-12 15:54:00,885,885,885,885,0
2022-05-12 15:55:00,885,885,885,885,0
2022-05-12 15:56:00,885,885,885,885,0
2022-05-12 15:57:00,885,885,885,885,0
2022-05-12 15:58:00,885,885,885,885,0
2022-05-12 15:59:00,885,885,885,885,0
2022-05-13 09:00:00,880,880,885,885,0
2022-05-13 09:01:00,885,885,885,885,500
2022-05-13 09:02:00,885,885,885,885,0
2022-05-13 09:03:00,885,885,885,885,0
2022-05-13 09:04:00,885,885,885,885,0
2022-05-13 09:05:00,885,885,885,885,0
2022-05-13 09:06:00,885,885,885,885,0
2022-05-13 09:07:00,885,885,885,885,0
2022-05-13 09:08:00,885,885,885,885,0
2022-05-13 09:09:00,885,885,885,885,0
2022-05-13 09:10:00,885,885,885,885,0
2022-05-13 09:11:00,885,885,885,885,0
2022-05-13 09:12:00,885,885,885,885,0
2022-05-13 09:13:00,885,885,885,885,57000
2022-05-13 09:14:00,885,885,895,895,70200
2022-05-13 09:15:00,900,895,900,900,358500
2022-05-13 09:16:00,900,900,905,905,50000
2022-05-13 09:17:00,905,905,905,905,250000
2022-05-13 09:18:00,905,905,905,905,165000
2022-05-13 09:19:00,905,905,905,905,55200
2022-05-13 09:20:00,905,905,910,910,16200
2022-05-13 09:21:00,910,910,910,910,76500
2022-05-13 09:22:00,910,905,910,905,28700
2022-05-13 09:23:00,910,905,910,905,0
2022-05-13 09:24:00,910,905,910,905,0
2022-05-13 09:25:00,905,905,905,905,200
2022-05-13 09:26:00,905,905,905,905,14200
2022-05-13 09:27:00,905,905,905,905,354800
2022-05-13 09:28:00,905,905,905,905,45200
2022-05-13 09:29:00,905,905,905,905,0
2022-05-13 09:30:00,900,900,900,900,100
2022-05-13 09:31:00,900,900,900,900,0
2022-05-13 09:32:00,900,900,900,900,500
2022-05-13 09:33:00,900,900,900,900,1000
2022-05-13 09:34:00,900,900,900,900,0
2022-05-13 09:35:00,900,900,900,900,600
2022-05-13 09:36:00,900,900,900,900,300
2022-05-13 09:37:00,900,900,900,900,200
2022-05-13 09:38:00,900,885,900,900,30100
2022-05-13 09:39:00,900,885,900,900,0
2022-05-13 09:40:00,900,885,900,900,0
2022-05-13 09:41:00,900,885,900,900,0
2022-05-13 09:42:00,900,885,900,900,0
2022-05-13 09:43:00,900,885,900,900,0
2022-05-13 09:44:00,900,885,900,900,0
2022-05-13 09:45:00,885,885,885,885,100
2022-05-13 09:46:00,885,885,885,885,0
2022-05-13 09:47:00,885,885,885,885,0
2022-05-13 09:48:00,885,885,885,885,0
2022-05-13 09:49:00,885,885,885,885,0
2022-05-13 09:50:00,885,885,885,885,0
2022-05-13 09:51:00,885,885,885,885,200
2022-05-13 09:52:00,885,885,885,885,0
2022-05-13 09:53:00,885,885,885,885,500
2022-05-13 09:54:00,885,885,885,885,0
2022-05-13 09:55:00,885,885,885,885,0
2022-05-13 09:56:00,885,885,885,885,0
2022-05-13 09:57:00,885,885,885,885,0
2022-05-13 09:58:00,885,885,885,885,0
2022-05-13 09:59:00,885,885,885,885,0
2022-05-13 10:00:00,885,885,885,885,0
2022-05-13 10:01:00,885,885,885,885,0
2022-05-13 10:02:00,885,885,885,885,0
2022-05-13 10:03:00,885,885,885,885,0
2022-05-13 10:04:00,885,885,885,885,0
2022-05-13 10:05:00,885,885,885,885,0
2022-05-13 10:06:00,885,885,885,885,0
2022-05-13 10:07:00,885,885,885,885,0
2022-05-13 10:08:00,885,885,885,885,0
2022-05-13 10:09:00,885,885,885,885,0
2022-05-13 10:10:00,885,885,885,885,800
2022-05-13 10:11:00,885,885,885,885,0
2022-05-13 10:12:00,885,885,885,885,0
2022-05-13 10:13:00,885,885,885,885,0
2022-05-13 10:14:00,885,885,885,885,0
2022-05-13 10:15:00,885,885,885,885,200
2022-05-13 10:16:00,885,885,885,885,0
2022-05-13 10:17:00,885,885,885,885,0
2022-05-13 10:18:00,885,885,885,885,200
2022-05-13 10:19:00,885,885,885,885,0
2022-05-13 10:20:00,885,885,885,885,0
2022-05-13 10:21:00,885,885,885,885,0
2022-05-13 10:22:00,885,885,885,885,0
2022-05-13 10:23:00,885,885,885,885,0
2022-05-13 10:24:00,885,885,885,885,0
2022-05-13 10:25:00,885,885,885,885,0
2022-05-13 10:26:00,885,885,885,885,1588300
2022-05-13 10:27:00,885,885,885,885,0
2022-05-13 10:28:00,885,885,885,885,0
2022-05-13 10:29:00,885,885,885,885,0
2022-05-13 10:30:00,885,885,885,885,0
2022-05-13 10:31:00,885,885,885,885,0
2022-05-13 10:32:00,885,885,885,885,0
2022-05-13 10:33:00,885,885,885,885,0
2022-05-13 10:34:00,885,885,885,885,0
2022-05-13 10:35:00,885,885,885,885,0
2022-05-13 10:36:00,885,885,885,885,0
2022-05-13 10:37:00,885,885,885,885,0
2022-05-13 10:38:00,885,885,885,885,0
2022-05-13 10:39:00,885,885,885,885,0
2022-05-13 10:40:00,885,885,885,885,2800
2022-05-13 10:41:00,885,885,885,885,0
2022-05-13 10:42:00,885,885,885,885,100
2022-05-13 10:43:00,880,880,880,880,0
2022-05-13 10:44:00,880,880,880,880,0
2022-05-13 10:45:00,880,880,880,880,0
2022-05-13 10:46:00,885,885,885,885,1597700
2022-05-13 10:47:00,880,880,880,880,25000
2022-05-13 10:48:00,880,880,880,880,2200
2022-05-13 10:49:00,880,880,880,880,0
2022-05-13 10:50:00,880,880,880,880,0
2022-05-13 10:51:00,885,885,885,885,100
2022-05-13 10:52:00,885,885,885,885,100
2022-05-13 10:53:00,885,885,885,885,0
2022-05-13 10:54:00,885,885,885,885,0
2022-05-13 10:55:00,885,885,885,885,0
2022-05-13 10:56:00,885,880,885,880,8000
2022-05-13 10:57:00,885,880,885,880,0
2022-05-13 10:58:00,885,880,885,880,0
2022-05-13 10:59:00,895,895,895,895,32500
2022-05-13 11:00:00,895,895,895,895,85100
2022-05-13 11:01:00,895,895,895,895,0
2022-05-13 11:02:00,895,895,895,895,0
2022-05-13 11:03:00,895,895,895,895,2400
2022-05-13 11:04:00,895,895,895,895,0
2022-05-13 11:05:00,895,895,895,895,0
2022-05-13 11:06:00,895,895,895,895,0
2022-05-13 11:07:00,895,895,895,895,0
2022-05-13 11:08:00,895,895,895,895,0
2022-05-13 11:09:00,895,895,895,895,0
2022-05-13 11:10:00,895,895,895,895,0
2022-05-13 11:11:00,895,895,895,895,1000
2022-05-13 11:12:00,895,895,895,895,0
2022-05-13 11:13:00,895,895,895,895,0
2022-05-13 11:14:00,895,895,895,895,0
2022-05-13 11:15:00,895,895,895,895,0
2022-05-13 11:16:00,895,895,895,895,0
2022-05-13 11:17:00,885,885,885,885,900
2022-05-13 11:18:00,885,885,885,885,0
2022-05-13 11:19:00,885,885,885,885,0
2022-05-13 11:20:00,895,895,895,895,2800
2022-05-13 11:21:00,895,895,895,895,0
2022-05-13 11:22:00,895,895,895,895,0
2022-05-13 11:23:00,895,895,895,895,1500
2022-05-13 11:24:00,895,895,895,895,0
2022-05-13 11:25:00,895,895,895,895,0
2022-05-13 11:26:00,895,895,895,895,0
2022-05-13 11:27:00,895,895,895,895,0
2022-05-13 11:28:00,895,895,895,895,0
2022-05-13 11:29:00,895,895,895,895,0
2022-05-13 11:30:00,895,895,895,895,0
2022-05-13 11:31:00,895,895,895,895,0
2022-05-13 11:32:00,895,895,895,895,0
2022-05-13 11:33:00,895,895,895,895,0
2022-05-13 11:34:00,895,895,895,895,0
2022-05-13 11:35:00,895,895,895,895,0
2022-05-13 11:36:00,895,895,895,895,0
2022-05-13 11:37:00,895,895,895,895,0
2022-05-13 11:38:00,895,895,895,895,0
2022-05-13 11:39:00,895,895,895,895,0
2022-05-13 11:40:00,895,895,895,895,0
2022-05-13 11:41:00,895,895,895,895,0
2022-05-13 11:42:00,895,895,895,895,0
2022-05-13 11:43:00,895,895,895,895,0
2022-05-13 11:44:00,895,895,895,895,0
2022-05-13 11:45:00,895,895,895,895,0
2022-05-13 11:46:00,895,895,895,895,0
2022-05-13 11:47:00,895,895,895,895,0
2022-05-13 11:48:00,895,895,895,895,0
2022-05-13 11:49:00,895,895,895,895,0
2022-05-13 11:50:00,895,895,895,895,0
2022-05-13 11:51:00,895,895,895,895,0
2022-05-13 11:52:00,895,895,895,895,0
2022-05-13 11:53:00,895,895,895,895,0
2022-05-13 11:54:00,895,895,895,895,0
2022-05-13 11:55:00,895,895,895,895,0
2022-05-13 11:56:00,895,895,895,895,0
2022-05-13 11:57:00,895,895,895,895,0
2022-05-13 11:58:00,895,895,895,895,0
2022-05-13 11:59:00,895,895,895,895,0
2022-05-13 12:00:00,895,895,895,895,0
2022-05-13 12:01:00,895,895,895,895,0
2022-05-13 12:02:00,895,895,895,895,0
2022-05-13 12:03:00,895,895,895,895,0
2022-05-13 12:04:00,895,895,895,895,0
2022-05-13 12:05:00,895,895,895,895,0
2022-05-13 12:06:00,895,895,895,895,0
2022-05-13 12:07:00,895,895,895,895,0
2022-05-13 12:08:00,895,895,895,895,0
2022-05-13 12:09:00,895,895,895,895,0
2022-05-13 12:10:00,895,895,895,895,0
2022-05-13 12:11:00,895,895,895,895,0
2022-05-13 12:12:00,895,895,895,895,0
2022-05-13 12:13:00,895,895,895,895,0
2022-05-13 12:14:00,895,895,895,895,0
2022-05-13 12:15:00,895,895,895,895,0
2022-05-13 12:16:00,895,895,895,895,0
2022-05-13 12:17:00,895,895,895,895,0
2022-05-13 12:18:00,895,895,895,895,0
2022-05-13 12:19:00,895,895,895,895,0
2022-05-13 12:20:00,895,895,895,895,0
2022-05-13 12:21:00,895,895,895,895,0
2022-05-13 12:22:00,895,895,895,895,0
2022-05-13 12:23:00,895,895,895,895,0
2022-05-13 12:24:00,895,895,895,895,0
2022-05-13 12:25:00,895,895,895,895,0
2022-05-13 12:26:00,895,895,895,895,0
2022-05-13 12:27:00,895,895,895,895,0
2022-05-13 12:28:00,895,895,895,895,0
2022-05-13 12:29:00,895,895,895,895,0
2022-05-13 12:30:00,895,895,895,895,0
2022-05-13 12:31:00,895,895,895,895,0
2022-05-13 12:32:00,895,895,895,895,0
2022-05-13 12:33:00,895,895,895,895,0
2022-05-13 12:34:00,895,895,895,895,0
2022-05-13 12:35:00,895,895,895,895,0
2022-05-13 12:36:00,895,895,895,895,0
2022-05-13 12:37:00,895,895,895,895,0
2022-05-13 12:38:00,895,895,895,895,0
2022-05-13 12:39:00,895,895,895,895,0
2022-05-13 12:40:00,895,895,895,895,0
2022-05-13 12:41:00,895,895,895,895,0
2022-05-13 12:42:00,895,895,895,895,0
2022-05-13 12:43:00,895,895,895,895,0
2022-05-13 12:44:00,895,895,895,895,0
2022-05-13 12:45:00,895,895,895,895,0
2022-05-13 12:46:00,895,895,895,895,0
2022-05-13 12:47:00,895,895,895,895,0
2022-05-13 12:48:00,895,895,895,895,0
2022-05-13 12:49:00,895,895,895,895,0
2022-05-13 12:50:00,895,895,895,895,0
2022-05-13 12:51:00,895,895,895,895,0
2022-05-13 12:52:00,895,895,895,895,0
2022-05-13 12:53:00,895,895,895,895,0
2022-05-13 12:54:00,895,895,895,895,0
2022-05-13 12:55:00,895,895,895,895,0
2022-05-13 12:56:00,895,895,895,895,0
2022-05-13 12:57:00,895,895,895,895,0
2022-05-13 12:58:00,895,895,895,895,0
2022-05-13 12:59:00,895,895,895,895,0
2022-05-13 13:00:00,895,895,895,895,0
2022-05-13 13:01:00,895,895,895,895,0
2022-05-13 13:02:00,895,895,895,895,0
2022-05-13 13:03:00,895,895,895,895,0
2022-05-13 13:04:00,895,895,895,895,0
2022-05-13 13:05:00,895,895,895,895,0
2022-05-13 13:06:00,895,895,895,895,0
2022-05-13 13:07:00,895,895,895,895,0
2022-05-13 13:08:00,895,895,895,895,0
2022-05-13 13:09:00,895,895,895,895,0
2022-05-13 13:10:00,895,895,895,895,0
2022-05-13 13:11:00,895,895,895,895,0
2022-05-13 13:12:00,895,895,895,895,0
2022-05-13 13:13:00,895,895,895,895,0
2022-05-13 13:14:00,895,895,895,895,0
2022-05-13 13:15:00,895,895,895,895,0
2022-05-13 13:16:00,895,895,895,895,0
2022-05-13 13:17:00,895,895,895,895,0
2022-05-13 13:18:00,895,895,895,895,0
2022-05-13 13:19:00,895,895,895,895,0
2022-05-13 13:20:00,895,895,895,895,0
2022-05-13 13:21:00,895,895,895,895,0
2022-05-13 13:22:00,895,895,895,895,0
2022-05-13 13:23:00,895,895,895,895,0
2022-05-13 13:24:00,895,895,895,895,0
2022-05-13 13:25:00,895,895,895,895,0
2022-05-13 13:26:00,895,895,895,895,0
2022-05-13 13:27:00,895,895,895,895,0
2022-05-13 13:28:00,895,895,895,895,0
2022-05-13 13:29:00,895,895,895,895,0
2022-05-13 13:30:00,895,895,895,895,2400
2022-05-13 13:31:00,895,895,895,895,0
2022-05-13 13:32:00,895,895,895,895,0
2022-05-13 13:33:00,895,895,895,895,0
2022-05-13 13:34:00,895,895,895,895,200
2022-05-13 13:35:00,895,895,895,895,5000
2022-05-13 13:36:00,895,895,895,895,5900
2022-05-13 13:37:00,895,895,895,895,0
2022-05-13 13:38:00,895,895,895,895,0
2022-05-13 13:39:00,890,885,895,895,95800
2022-05-13 13:40:00,890,885,895,895,0
2022-05-13 13:41:00,895,895,895,895,5200
2022-05-13 13:42:00,895,895,895,895,0
2022-05-13 13:43:00,895,895,895,895,0
2022-05-13 13:44:00,895,895,895,895,0
2022-05-13 13:45:00,895,895,895,895,0
2022-05-13 13:46:00,895,895,895,895,0
2022-05-13 13:47:00,895,895,895,895,300
2022-05-13 13:48:00,895,890,895,890,100600
2022-05-13 13:49:00,890,890,890,890,50000
2022-05-13 13:50:00,890,890,890,890,400
2022-05-13 13:51:00,890,890,890,890,0
2022-05-13 13:52:00,885,885,885,885,1500
2022-05-13 13:53:00,885,885,885,885,0
2022-05-13 13:54:00,885,885,885,885,0
2022-05-13 13:55:00,885,885,885,885,0
2022-05-13 13:56:00,885,885,885,885,0
2022-05-13 13:57:00,900,900,900,900,200
2022-05-13 13:58:00,900,900,900,900,100
2022-05-13 13:59:00,900,900,900,900,0
2022-05-13 14:00:00,900,900,900,900,0
2022-05-13 14:01:00,900,900,900,900,7600
2022-05-13 14:02:00,900,900,900,900,0
2022-05-13 14:03:00,905,905,905,905,190000
2022-05-13 14:04:00,910,910,915,915,305700
2022-05-13 14:05:00,910,910,910,910,600
2022-05-13 14:06:00,910,910,910,910,400
2022-05-13 14:07:00,910,910,910,910,0
2022-05-13 14:08:00,910,910,910,910,0
2022-05-13 14:09:00,910,910,910,910,0
2022-05-13 14:10:00,910,910,910,910,1000
2022-05-13 14:11:00,910,910,910,910,0
2022-05-13 14:12:00,910,910,910,910,0
2022-05-13 14:13:00,905,905,905,905,2800
2022-05-13 14:14:00,900,900,900,900,100
2022-05-13 14:15:00,900,900,900,900,0
2022-05-13 14:16:00,905,905,905,905,1700
2022-05-13 14:17:00,905,905,905,905,0
2022-05-13 14:18:00,905,905,905,905,0
2022-05-13 14:19:00,905,905,905,905,0
2022-05-13 14:20:00,905,905,905,905,0
2022-05-13 14:21:00,900,900,900,900,200
2022-05-13 14:22:00,900,900,900,900,0
2022-05-13 14:23:00,900,900,900,900,0
2022-05-13 14:24:00,900,900,900,900,0
2022-05-13 14:25:00,900,900,900,900,0
2022-05-13 14:26:00,900,900,900,900,0
2022-05-13 14:27:00,900,900,900,900,0
2022-05-13 14:28:00,900,900,900,900,0
2022-05-13 14:29:00,900,900,900,900,0
2022-05-13 14:30:00,900,900,900,900,0
2022-05-13 14:31:00,900,900,900,900,0
2022-05-13 14:32:00,900,900,900,900,0
2022-05-13 14:33:00,900,900,900,900,0
2022-05-13 14:34:00,900,900,900,900,100
2022-05-13 14:35:00,900,900,900,900,0
2022-05-13 14:36:00,895,895,895,895,2200
2022-05-13 14:37:00,895,895,895,895,0
2022-05-13 14:38:00,890,890,890,890,3200
2022-05-13 14:39:00,895,895,895,895,200
2022-05-13 14:40:00,895,895,895,895,300
2022-05-13 14:41:00,890,890,890,890,900
2022-05-13 14:42:00,890,890,890,890,200
2022-05-13 14:43:00,890,890,890,890,0
2022-05-13 14:44:00,890,890,890,890,0
2022-05-13 14:45:00,890,890,890,890,0
2022-05-13 14:46:00,890,890,890,890,0
2022-05-13 14:47:00,890,890,890,890,0
2022-05-13 14:48:00,890,890,890,890,0
2022-05-13 14:49:00,890,890,890,890,0
2022-05-13 14:50:00,890,890,890,890,0
2022-05-13 14:51:00,890,890,890,890,0
2022-05-13 14:52:00,890,890,890,890,0
2022-05-13 14:53:00,890,890,890,890,0
2022-05-13 14:54:00,890,890,890,890,0
2022-05-13 14:55:00,890,890,890,890,0
2022-05-13 14:56:00,890,890,890,890,0
2022-05-13 14:57:00,890,890,890,890,0
2022-05-13 14:58:00,890,890,890,890,0
2022-05-13 14:59:00,890,890,890,890,0
2022-05-13 15:00:00,915,915,915,915,15400
2022-05-13 15:01:00,915,915,915,915,200
2022-05-13 15:02:00,915,915,915,915,0
2022-05-13 15:03:00,915,915,915,915,0
2022-05-13 15:04:00,915,915,915,915,0
2022-05-13 15:05:00,915,915,915,915,0
2022-05-13 15:06:00,915,915,915,915,0
2022-05-13 15:07:00,915,915,915,915,0
2022-05-13 15:08:00,915,915,915,915,0
2022-05-13 15:09:00,915,915,915,915,0
2022-05-13 15:10:00,915,915,915,915,0
2022-05-13 15:11:00,915,915,915,915,0
2022-05-13 15:12:00,915,915,915,915,0
2022-05-13 15:13:00,915,915,915,915,0
2022-05-13 15:14:00,915,915,915,915,0
2022-05-13 15:15:00,915,915,915,915,0
2022-05-13 15:16:00,915,915,915,915,0
2022-05-13 15:17:00,915,915,915,915,0
2022-05-13 15:18:00,915,915,915,915,0
2022-05-13 15:19:00,915,915,915,915,0
2022-05-13 15:20:00,915,915,915,915,0
2022-05-13 15:21:00,915,915,915,915,0
2022-05-13 15:22:00,915,915,915,915,0
2022-05-13 15:23:00,915,915,915,915,0
2022-05-13 15:24:00,915,915,915,915,0
2022-05-13 15:25:00,915,915,915,915,0
2022-05-13 15:26:00,915,915,915,915,0
2022-05-13 15:27:00,915,915,915,915,0
2022-05-13 15:28:00,915,915,915,915,0
2022-05-13 15:29:00,915,915,915,915,0
2022-05-13 15:30:00,915,915,915,915,0
2022-05-13 15:31:00,915,915,915,915,0
2022-05-13 15:32:00,915,915,915,915,0
2022-05-13 15:33:00,915,915,915,915,0
2022-05-13 15:34:00,915,915,915,915,0
2022-05-13 15:35:00,915,915,915,915,0
2022-05-13 15:36:00,915,915,915,915,0
2022-05-13 15:37:00,915,915,915,915,0
2022-05-13 15:38:00,915,915,915,915,0
2022-05-13 15:39:00,915,915,915,915,0
2022-05-13 15:40:00,915,915,915,915,0
2022-05-13 15:41:00,915,915,915,915,0
2022-05-13 15:42:00,915,915,915,915,0
2022-05-13 15:43:00,915,915,915,915,0
2022-05-13 15:44:00,915,915,915,915,0
2022-05-13 15:45:00,915,915,915,915,0
2022-05-13 15:46:00,915,915,915,915,0
2022-05-13 15:47:00,915,915,915,915,0
2022-05-13 15:48:00,915,915,915,915,0
2022-05-13 15:49:00,915,915,915,915,0
2022-05-13 15:50:00,915,915,915,915,0
2022-05-13 15:51:00,915,915,915,915,0
2022-05-13 15:52:00,915,915,915,915,0
2022-05-13 15:53:00,915,915,915,915,0
2022-05-13 15:54:00,915,915,915,915,0
2022-05-13 15:55:00,915,915,915,915,0
2022-05-13 15:56:00,915,915,915,915,0
2022-05-13 15:57:00,915,915,915,915,0
2022-05-13 15:58:00,915,915,915,915,0
2022-05-13 15:59:00,915,915,915,915,0
2022-05-16 09:00:00,915,915,915,915,0
2022-05-16 09:01:00,915,915,915,915,0
2022-05-16 09:02:00,915,915,915,915,0
2022-05-16 09:03:00,915,915,915,915,0
2022-05-16 09:04:00,915,915,915,915,0
2022-05-16 09:05:00,915,915,915,915,0
2022-05-16 09:06:00,915,915,915,915,0
2022-05-16 09:07:00,915,915,915,915,0
2022-05-16 09:08:00,915,915,915,915,0
2022-05-16 09:09:00,915,915,915,915,0
2022-05-16 09:10:00,915,915,915,915,0
2022-05-16 09:11:00,915,915,915,915,0
2022-05-16 09:12:00,915,915,915,915,0
2022-05-16 09:13:00,915,915,915,915,0
2022-05-16 09:14:00,915,915,915,915,0
2022-05-16 09:15:00,915,915,915,915,0
2022-05-16 09:16:00,915,915,915,915,0
2022-05-16 09:17:00,915,915,915,915,0
2022-05-16 09:18:00,915,915,915,915,0
2022-05-16 09:19:00,915,915,915,915,0
2022-05-16 09:20:00,915,915,915,915,0
2022-05-16 09:21:00,915,915,915,915,0
2022-05-16 09:22:00,915,915,915,915,0
2022-05-16 09:23:00,915,915,915,915,0
2022-05-16 09:24:00,915,915,915,915,0
2022-05-16 09:25:00,915,915,915,915,0
2022-05-16 09:26:00,915,915,915,915,0
2022-05-16 09:27:00,915,915,915,915,0
2022-05-16 09:28:00,915,915,915,915,0
2022-05-16 09:29:00,915,915,915,915,0
2022-05-16 09:30:00,915,915,915,915,0
2022-05-16 09:31:00,915,915,915,915,0
2022-05-16 09:32:00,915,915,915,915,0
2022-05-16 09:33:00,915,915,915,915,0
2022-05-16 09:34:00,915,915,915,915,0
2022-05-16 09:35:00,915,915,915,915,0
2022-05-16 09:36:00,915,915,915,915,0
2022-05-16 09:37:00,915,915,915,915,0
2022-05-16 09:38:00,915,915,915,915,0
2022-05-16 09:39:00,915,915,915,915,0
2022-05-16 09:40:00,915,915,915,915,0
2022-05-16 09:41:00,915,915,915,915,0
2022-05-16 09:42:00,915,915,915,915,0
2022-05-16 09:43:00,915,915,915,915,0
2022-05-16 09:44:00,915,915,915,915,0
2022-05-16 09:45:00,915,915,915,915,0
2022-05-16 09:46:00,915,915,915,915,0
2022-05-16 09:47:00,915,915,915,915,0
2022-05-16 09:48:00,915,915,915,915,0
2022-05-16 09:49:00,915,915,915,915,0
2022-05-16 09:50:00,915,915,915,915,0
2022-05-16 09:51:00,915,915,915,915,0
2022-05-16 09:52:00,915,915,915,915,0
2022-05-16 09:53:00,915,915,915,915,0
2022-05-16 09:54:00,915,915,915,915,0
2022-05-16 09:55:00,915,915,915,915,0
2022-05-16 09:56:00,915,915,915,915,0
2022-05-16 09:57:00,915,915,915,915,0
2022-05-16 09:58:00,915,915,915,915,0
2022-05-16 09:59:00,915,915,915,915,0
2022-05-16 10:00:00,915,915,915,915,0
2022-05-16 10:01:00,915,915,915,915,0
2022-05-16 10:02:00,915,915,915,915,0
2022-05-16 10:03:00,915,915,915,915,0
2022-05-16 10:04:00,915,915,915,915,0
2022-05-16 10:05:00,915,915,915,915,0
2022-05-16 10:06:00,915,915,915,915,0
2022-05-16 10:07:00,915,915,915,915,0
2022-05-16 10:08:00,915,915,915,915,0
2022-05-16 10:09:00,915,915,915,915,0
2022-05-16 10:10:00,915,915,915,915,0
2022-05-16 10:11:00,915,915,915,915,0
2022-05-16 10:12:00,915,915,915,915,0
2022-05-16 10:13:00,915,915,915,915,0
2022-05-16 10:14:00,915,915,915,915,0
2022-05-16 10:15:00,915,915,915,915,0
2022-05-16 10:16:00,915,915,915,915,0
2022-05-16 10:17:00,915,915,915,915,0
2022-05-16 10:18:00,915,915,915,915,0
2022-05-16 10:19:00,915,915,915,915,0
2022-05-16 10:20:00,915,915,915,915,0
2022-05-16 10:21:00,915,915,915,915,0
2022-05-16 10:22:00,915,915,915,915,0
2022-05-16 10:23:00,915,915,915,915,0
2022-05-16 10:24:00,915,915,915,915,0
2022-05-16 10:25:00,915,915,915,915,0
2022-05-16 10:26:00,915,915,915,915,0
2022-05-16 10:27:00,915,915,915,915,0
2022-05-16 10:28:00,915,915,915,915,0
2022-05-16 10:29:00,915,915,915,915,0
2022-05-16 10:30:00,915,915,915,915,0
2022-05-16 10:31:00,915,915,915,915,0
2022-05-16 10:32:00,915,915,915,915,0
2022-05-16 10:33:00,915,915,915,915,0
2022-05-16 10:34:00,915,915,915,915,0
2022-05-16 10:35:00,915,915,915,915,0
2022-05-16 10:36:00,915,915,915,915,0
2022-05-16 10:37:00,915,915,915,915,0
2022-05-16 10:38:00,915,915,915,915,0
2022-05-16 10:39:00,915,915,915,915,0
2022-05-16 10:40:00,915,915,915,915,0
2022-05-16 10:41:00,915,915,915,915,0
2022-05-16 10:42:00,915,915,915,915,0
2022-05-16 10:43:00,915,915,915,915,0
2022-05-16 10:44:00,915,915,915,915,0
2022-05-16 10:45:00,915,915,915,915,0
2022-05-16 10:46:00,915,915,915,915,0
2022-05-16 10:47:00,915,915,915,915,0
2022-05-16 10:48:00,915,915,915,915,0
2022-05-16 10:49:00,915,915,915,915,0
2022-05-16 10:50:00,915,915,915,915,0
2022-05-16 10:51:00,915,915,915,915,0
2022-05-16 10:52:00,915,915,915,915,0
2022-05-16 10:53:00,915,915,915,915,0
2022-05-16 10:54:00,915,915,915,915,0
2022-05-16 10:55:00,915,915,915,915,0
2022-05-16 10:56:00,915,915,915,915,0
2022-05-16 10:57:00,915,915,915,915,0
2022-05-16 10:58:00,915,915,915,915,0
2022-05-16 10:59:00,915,915,915,915,0
2022-05-16 11:00:00,915,915,915,915,0
2022-05-16 11:01:00,915,915,915,915,0
2022-05-16 11:02:00,915,915,915,915,0
2022-05-16 11:03:00,915,915,915,915,0
2022-05-16 11:04:00,915,915,915,915,0
2022-05-16 11:05:00,915,915,915,915,0
2022-05-16 11:06:00,915,915,915,915,0
2022-05-16 11:07:00,915,915,915,915,0
2022-05-16 11:08:00,915,915,915,915,0
2022-05-16 11:09:00,915,915,915,915,0
2022-05-16 11:10:00,915,915,915,915,0
2022-05-16 11:11:00,915,915,915,915,0
2022-05-16 11:12:00,915,915,915,915,0
2022-05-16 11:13:00,915,915,915,915,0
2022-05-16 11:14:00,915,915,915,915,0
2022-05-16 11:15:00,915,915,915,915,0
2022-05-16 11:16:00,915,915,915,915,0
2022-05-16 11:17:00,915,915,915,915,0
2022-05-16 11:18:00,915,915,915,915,0
2022-05-16 11:19:00,915,915,915,915,0
2022-05-16 11:20:00,915,915,915,915,0
2022-05-16 11:21:00,915,915,915,915,0
2022-05-16 11:22:00,915,915,915,915,0
2022-05-16 11:23:00,915,915,915,915,0
2022-05-16 11:24:00,915,915,915,915,0
2022-05-16 11:25:00,915,915,915,915,0
2022-05-16 11:26:00,915,915,915,915,0
2022-05-16 11:27:00,915,915,915,915,0
2022-05-16 11:28:00,915,915,915,915,0
2022-05-16 11:29:00,915,915,915,915,0
2022-05-16 11:30:00,915,915,915,915,0
2022-05-16 11:31:00,915,915,915,915,0
2022-05-16 11:32:00,915,915,915,915,0
2022-05-16 11:33:00,915,915,915,915,0
2022-05-16 11:34:00,915,915,915,915,0
2022-05-16 11:35:00,915,915,915,915,0
2022-05-16 11:36:00,915,915,915,915,0
2022-05-16 11:37:00,915,915,915,915,0
2022-05-16 11:38:00,915,915,915,915,0
2022-05-16 11:39:00,915,915,915,915,0
2022-05-16 11:40:00,915,915,915,915,0
2022-05-16 11:41:00,915,915,915,915,0
2022-05-16 11:42:00,915,915,915,915,0
2022-05-16 11:43:00,915,915,915,915,0
2022-05-16 11:44:00,915,915,915,915,0
2022-05-16 11:45:00,915,915,915,915,0
2022-05-16 11:46:00,915,915,915,915,0
2022-05-16 11:47:00,915,915,915,915,0
2022-05-16 11:48:00,915,915,915,915,0
2022-05-16 11:49:00,915,915,915,915,0
2022-05-16 11:50:00,915,915,915,915,0
2022-05-16 11:51:00,915,915,915,915,0
2022-05-16 11:52:00,915,915,915,915,0
2022-05-16 11:53:00,915,915,915,915,0
2022-05-16 11:54:00,915,915,915,915,0
2022-05-16 11:55:00,915,915,915,915,0
2022-05-16 11:56:00,915,915,915,915,0
2022-05-16 11:57:00,915,915,915,915,0
2022-05-16 11:58:00,915,915,915,915,0
2022-05-16 11:59:00,915,915,915,915,0
2022-05-16 12:00:00,915,915,915,915,0
2022-05-16 12:01:00,915,915,915,915,0
2022-05-16 12:02:00,915,915,915,915,0
2022-05-16 12:03:00,915,915,915,915,0
2022-05-16 12:04:00,915,915,915,915,0
2022-05-16 12:05:00,915,915,915,915,0
2022-05-16 12:06:00,915,915,915,915,0
2022-05-16 12:07:00,915,915,915,915,0
2022-05-16 12:08:00,915,915,915,915,0
2022-05-16 12:09:00,915,915,915,915,0
2022-05-16 12:10:00,915,915,915,915,0
2022-05-16 12:11:00,915,915,915,915,0
2022-05-16 12:12:00,915,915,915,915,0
2022-05-16 12:13:00,915,915,915,915,0
2022-05-16 12:14:00,915,915,915,915,0
2022-05-16 12:15:00,915,915,915,915,0
2022-05-16 12:16:00,915,915,915,915,0
2022-05-16 12:17:00,915,915,915,915,0
2022-05-16 12:18:00,915,915,915,915,0
2022-05-16 12:19:00,915,915,915,915,0
2022-05-16 12:20:00,915,915,915,915,0
2022-05-16 12:21:00,915,915,915,915,0
2022-05-16 12:22:00,915,915,915,915,0
2022-05-16 12:23:00,915,915,915,915,0
2022-05-16 12:24:00,915,915,915,915,0
2022-05-16 12:25:00,915,915,915,915,0
2022-05-16 12:26:00,915,915,915,915,0
2022-05-16 12:27:00,915,915,915,915,0
2022-05-16 12:28:00,915,915,915,915,0
2022-05-16 12:29:00,915,915,915,915,0
2022-05-16 12:30:00,915,915,915,915,0
2022-05-16 12:31:00,915,915,915,915,0
2022-05-16 12:32:00,915,915,915,915,0
2022-05-16 12:33:00,915,915,915,915,0
2022-05-16 12:34:00,915,915,915,915,0
2022-05-16 12:35:00,915,915,915,915,0
2022-05-16 12:36:00,915,915,915,915,0
2022-05-16 12:37:00,915,915,915,915,0
2022-05-16 12:38:00,915,915,915,915,0
2022-05-16 12:39:00,915,915,915,915,0
2022-05-16 12:40:00,915,915,915,915,0
2022-05-16 12:41:00,915,915,915,915,0
2022-05-16 12:42:00,915,915,915,915,0
2022-05-16 12:43:00,915,915,915,915,0
2022-05-16 12:44:00,915,915,915,915,0
2022-05-16 12:45:00,915,915,915,915,0
2022-05-16 12:46:00,915,915,915,915,0
2022-05-16 12:47:00,915,915,915,915,0
2022-05-16 12:48:00,915,915,915,915,0
2022-05-16 12:49:00,915,915,915,915,0
2022-05-16 12:50:00,915,915,915,915,0
2022-05-16 12:51:00,915,915,915,915,0
2022-05-16 12:52:00,915,915,915,915,0
2022-05-16 12:53:00,915,915,915,915,0
2022-05-16 12:54:00,915,915,915,915,0
2022-05-16 12:55:00,915,915,915,915,0
2022-05-16 12:56:00,915,915,915,915,0
2022-05-16 12:57:00,915,915,915,915,0
2022-05-16 12:58:00,915,915,915,915,0
2022-05-16 12:59:00,915,915,915,915,0
2022-05-16 13:00:00,915,915,915,915,0
2022-05-16 13:01:00,915,915,915,915,0
2022-05-16 13:02:00,915,915,915,915,0
2022-05-16 13:03:00,915,915,915,915,0
2022-05-16 13:04:00,915,915,915,915,0
2022-05-16 13:05:00,915,915,915,915,0
2022-05-16 13:06:00,915,915,915,915,0
2022-05-16 13:07:00,915,915,915,915,0
2022-05-16 13:08:00,915,915,915,915,0
2022-05-16 13:09:00,915,915,915,915,0
2022-05-16 13:10:00,915,915,915,915,0
2022-05-16 13:11:00,915,915,915,915,0
2022-05-16 13:12:00,915,915,915,915,0
2022-05-16 13:13:00,915,915,915,915,0
2022-05-16 13:14:00,915,915,915,915,0
2022-05-16 13:15:00,915,915,915,915,0
2022-05-16 13:16:00,915,915,915,915,0
2022-05-16 13:17:00,915,915,915,915,0
2022-05-16 13:18:00,915,915,915,915,0
2022-05-16 13:19:00,915,915,915,915,0
2022-05-16 13:20:00,915,915,915,915,0
2022-05-16 13:21:00,915,915,915,915,0
2022-05-16 13:22:00,915,915,915,915,0
2022-05-16 13:23:00,915,915,915,915,0
2022-05-16 13:24:00,915,915,915,915,0
2022-05-16 13:25:00,915,915,915,915,0
2022-05-16 13:26:00,915,915,915,915,0
2022-05-16 13:27:00,915,915,915,915,0
2022-05-16 13:28:00,915,915,915,915,0
2022-05-16 13:29:00,915,915,915,915,0
2022-05-16 13:30:00,915,915,915,915,0
2022-05-16 13:31:00,915,915,915,915,0
2022-05-16 13:32:00,915,915,915,915,0
2022-05-16 13:33:00,915,915,915,915,0
2022-05-16 13:34:00,915,915,915,915,0
2022-05-16 13:35:00,915,915,915,915,0
2022-05-16 13:36:00,915,915,915,915,0
2022-05-16 13:37:00,915,915,915,915,0
2022-05-16 13:38:00,915,915,915,915,0
2022-05-16 13:39:00,915,915,915,915,0
2022-05-16 13:40:00,915,915,915,915,0
2022-05-16 13:41:00,915,915,915,915,0
2022-05-16 13:42:00,915,915,915,915,0
2022-05-16 13:43:00,915,915,915,915,0
2022-05-16 13:44:00,915,915,915,915,0
2022-05-16 13:45:00,915,915,915,915,0
2022-05-16 13:46:00,915,915,915,915,0
2022-05-16 13:47:00,915,915,915,915,0
2022-05-16 13:48:00,915,915,915,915,0
2022-05-16 13:49:00,915,915,915,915,0
2022-05-16 13:50:00,915,915,915,915,0
2022-05-16 13:51:00,915,915,915,915,0
2022-05-16 13:52:00,915,915,915,915,0
2022-05-16 13:53:00,915,915,915,915,0
2022-05-16 13:54:00,915,915,915,915,0
2022-05-16 13:55:00,915,915,915,915,0
2022-05-16 13:56:00,915,915,915,915,0
2022-05-16 13:57:00,915,915,915,915,0
2022-05-16 13:58:00,915,915,915,915,0
2022-05-16 13:59:00,915,915,915,915,0
2022-05-16 14:00:00,915,915,915,915,0
2022-05-16 14:01:00,915,915,915,915,0
2022-05-16 14:02:00,915,915,915,915,0
2022-05-16 14:03:00,915,915,915,915,0
2022-05-16 14:04:00,915,915,915,915,0
2022-05-16 14:05:00,915,915,915,915,0
2022-05-16 14:06:00,915,915,915,915,0
2022-05-16 14:07:00,915,915,915,915,0
2022-05-16 14:08:00,915,915,915,915,0
2022-05-16 14:09:00,915,915,915,915,0
2022-05-16 14:10:00,915,915,915,915,0
2022-05-16 14:11:00,915,915,915,915,0
2022-05-16 14:12:00,915,915,915,915,0
2022-05-16 14:13:00,915,915,915,915,0
2022-05-16 14:14:00,915,915,915,915,0
2022-05-16 14:15:00,915,915,915,915,0
2022-05-16 14:16:00,915,915,915,915,0
2022-05-16 14:17:00,915,915,915,915,0
2022-05-16 14:18:00,915,915,915,915,0
2022-05-16 14:19:00,915,915,915,915,0
2022-05-16 14:20:00,915,915,915,915,0
2022-05-16 14:21:00,915,915,915,915,0
2022-05-16 14:22:00,915,915,915,915,0
2022-05-16 14:23:00,915,915,915,915,0
2022-05-16 14:24:00,915,915,915,915,0
2022-05-16 14:25:00,915,915,915,915,0
2022-05-16 14:26:00,915,915,915,915,0
2022-05-16 14:27:00,915,915,915,915,0
2022-05-16 14:28:00,915,915,915,915,0
2022-05-16 14:29:00,915,915,915,915,0
2022-05-16 14:30:00,915,915,915,915,0
2022-05-16 14:31:00,915,915,915,915,0
2022-05-16 14:32:00,915,915,915,915,0
2022-05-16 14:33:00,915,915,915,915,0
2022-05-16 14:34:00,915,915,915,915,0
2022-05-16 14:35:00,915,915,915,915,0
2022-05-16 14:36:00,915,915,915,915,0
2022-05-16 14:37:00,915,915,915,915,0
2022-05-16 14:38:00,915,915,915,915,0
2022-05-16 14:39:00,915,915,915,915,0
2022-05-16 14:40:00,915,915,915,915,0
2022-05-16 14:41:00,915,915,915,915,0
2022-05-16 14:42:00,915,915,915,915,0
2022-05-16 14:43:00,915,915,915,915,0
2022-05-16 14:44:00,915,915,915,915,0
2022-05-16 14:45:00,915,915,915,915,0
2022-05-16 14:46:00,915,915,915,915,0
2022-05-16 14:47:00,915,915,915,915,0
2022-05-16 14:48:00,915,915,915,915,0
2022-05-16 14:49:00,915,915,915,915,0
2022-05-16 14:50:00,915,915,915,915,0
2022-05-16 14:51:00,915,915,915,915,0
2022-05-16 14:52:00,915,915,915,915,0
2022-05-16 14:53:00,915,915,915,915,0
2022-05-16 14:54:00,915,915,915,915,0
2022-05-16 14:55:00,915,915,915,915,0
2022-05-16 14:56:00,915,915,915,915,0
2022-05-16 14:57:00,915,915,915,915,0
2022-05-16 14:58:00,915,915,915,915,0
2022-05-16 14:59:00,915,915,915,915,0
2022-05-16 15:00:00,915,915,915,915,0
2022-05-16 15:01:00,915,915,915,915,0
2022-05-16 15:02:00,915,915,915,915,0
2022-05-16 15:03:00,915,915,915,915,0
2022-05-16 15:04:00,915,915,915,915,0
2022-05-16 15:05:00,915,915,915,915,0
2022-05-16 15:06:00,915,915,915,915,0
2022-05-16 15:07:00,915,915,915,915,0
2022-05-16 15:08:00,915,915,915,915,0
2022-05-16 15:09:00,915,915,915,915,0
2022-05-16 15:10:00,915,915,915,915,0
2022-05-16 15:11:00,915,915,915,915,0
2022-05-16 15:12:00,915,915,915,915,0
2022-05-16 15:13:00,915,915,915,915,0
2022-05-16 15:14:00,915,915,915,915,0
2022-05-16 15:15:00,915,915,915,915,0
2022-05-16 15:16:00,915,915,915,915,0
2022-05-16 15:17:00,915,915,915,915,0
2022-05-16 15:18:00,915,915,915,915,0
2022-05-16 15:19:00,915,915,915,915,0
2022-05-16 15:20:00,915,915,915,915,0
2022-05-16 15:21:00,915,915,915,915,0
2022-05-16 15:22:00,915,915,915,915,0
2022-05-16 15:23:00,915,915,915,915,0
2022-05-16 15:24:00,915,915,915,915,0
2022-05-16 15:25:00,915,915,915,915,0
2022-05-16 15:26:00,915,915,915,915,0
2022-05-16 15:27:00,915,915,915,915,0
2022-05-16 15:28:00,915,915,915,915,0
2022-05-16 15:29:00,915,915,915,915,0
2022-05-16 15:30:00,915,915,915,915,0
2022-05-16 15:31:00,915,915,915,915,0
2022-05-16 15:32:00,915,915,915,915,0
2022-05-16 15:33:00,915,915,915,915,0
2022-05-16 15:34:00,915,915,915,915,0
2022-05-16 15:35:00,915,915,915,915,0
2022-05-16 15:36:00,915,915,915,915,0
2022-05-16 15:37:00,915,915,915,915,0
2022-05-16 15:38:00,915,915,915,915,0
2022-05-16 15:39:00,915,915,915,915,0
2022-05-16 15:40:00,915,915,915,915,0
2022-05-16 15:41:00,915,915,915,915,0
2022-05-16 15:42:00,915,915,915,915,0
2022-05-16 15:43:00,915,915,915,915,0
2022-05-16 15:44:00,915,915,915,915,0
2022-05-16 15:45:00,915,915,915,915,0
2022-05-16 15:46:00,915,915,915,915,0
2022-05-16 15:47:00,915,915,915,915,0
2022-05-16 15:48:00,915,915,915,915,0
2022-05-16 15:49:00,915,915,915,915,0
2022-05-16 15:50:00,915,915,915,915,0
2022-05-16 15:51:00,915,915,915,915,0
2022-05-16 15:52:00,915,915,915,915,0
2022-05-16 15:53:00,915,915,915,915,0
2022-05-16 15:54:00,915,915,915,915,0
2022-05-16 15:55:00,915,915,915,915,0
2022-05-16 15:56:00,915,915,915,915,0
2022-05-16 15:57:00,915,915,915,915,0
2022-05-16 15:58:00,915,915,915,915,0
2022-05-16 15:59:00,915,915,915,915,0
2022-05-17 09:00:00,915,910,915,910,0
2022-05-17 09:01:00,905,905,905,905,500
2022-05-17 09:02:00,910,910,910,910,1600
2022-05-17 09:03:00,910,910,910,910,0
2022-05-17 09:04:00,905,905,905,905,100
2022-05-17 09:05:00,905,905,905,905,100
2022-05-17 09:06:00,905,905,905,905,0
2022-05-17 09:07:00,905,905,905,905,0
2022-05-17 09:08:00,905,905,905,905,0
2022-05-17 09:09:00,905,905,905,905,0
2022-05-17 09:10:00,905,905,905,905,0
2022-05-17 09:11:00,905,905,905,905,0
2022-05-17 09:12:00,905,905,905,905,0
2022-05-17 09:13:00,905,905,905,905,0
2022-05-17 09:14:00,900,900,905,905,8300
2022-05-17 09:15:00,900,900,905,905,0
2022-05-17 09:16:00,900,900,900,900,1000
2022-05-17 09:17:00,900,900,900,900,0
2022-05-17 09:18:00,900,900,900,900,0
2022-05-17 09:19:00,900,900,900,900,200
2022-05-17 09:20:00,900,900,900,900,0
2022-05-17 09:21:00,900,900,900,900,0
2022-05-17 09:22:00,900,900,900,900,0
2022-05-17 09:23:00,905,905,905,905,400
2022-05-17 09:24:00,900,900,905,905,280700
2022-05-17 09:25:00,905,905,905,905,76500
2022-05-17 09:26:00,905,905,910,910,350900
2022-05-17 09:27:00,915,910,915,915,374800
2022-05-17 09:28:00,915,910,915,915,0
2022-05-17 09:29:00,915,915,915,915,24200
2022-05-17 09:30:00,915,915,915,915,0
2022-05-17 09:31:00,915,915,915,915,0
2022-05-17 09:32:00,915,915,915,915,0
2022-05-17 09:33:00,915,915,915,915,0
2022-05-17 09:34:00,915,915,915,915,0
2022-05-17 09:35:00,915,915,915,915,0
2022-05-17 09:36:00,915,915,915,915,0
2022-05-17 09:37:00,915,915,915,915,0
2022-05-17 09:38:00,915,915,915,915,0
2022-05-17 09:39:00,910,910,910,910,1000
2022-05-17 09:40:00,910,910,910,910,0
2022-05-17 09:41:00,910,910,910,910,0
2022-05-17 09:42:00,910,910,910,910,0
2022-05-17 09:43:00,910,910,910,910,0
2022-05-17 09:44:00,910,910,910,910,0
2022-05-17 09:45:00,910,910,910,910,0
2022-05-17 09:46:00,910,910,910,910,0
2022-05-17 09:47:00,910,910,910,910,0
2022-05-17 09:48:00,910,910,910,910,0
2022-05-17 09:49:00,910,910,910,910,0
2022-05-17 09:50:00,910,910,910,910,0
2022-05-17 09:51:00,910,910,910,910,0
2022-05-17 09:52:00,910,910,910,910,0
2022-05-17 09:53:00,910,910,910,910,0
2022-05-17 09:54:00,910,910,910,910,0
2022-05-17 09:55:00,910,910,910,910,0
2022-05-17 09:56:00,910,910,910,910,0
2022-05-17 09:57:00,910,910,910,910,0
2022-05-17 09:58:00,910,910,910,910,0
2022-05-17 09:59:00,910,910,910,910,0
2022-05-17 10:00:00,910,910,910,910,0
2022-05-17 10:01:00,910,910,910,910,400
2022-05-17 10:02:00,910,910,910,910,200
2022-05-17 10:03:00,910,910,910,910,0
2022-05-17 10:04:00,910,910,910,910,0
2022-05-17 10:05:00,910,910,910,910,0
2022-05-17 10:06:00,910,910,910,910,0
2022-05-17 10:07:00,910,910,920,915,116800
2022-05-17 10:08:00,920,920,920,920,10000
2022-05-17 10:09:00,920,920,920,920,121500
2022-05-17 10:10:00,925,925,930,930,376800
2022-05-17 10:11:00,935,935,950,950,550500
2022-05-17 10:12:00,950,945,950,950,314500
2022-05-17 10:13:00,945,940,950,940,592600
2022-05-17 10:14:00,940,940,940,940,300
2022-05-17 10:15:00,940,935,940,935,31500
2022-05-17 10:16:00,940,935,940,935,0
2022-05-17 10:17:00,940,935,940,935,0
2022-05-17 10:18:00,935,935,935,935,100
2022-05-17 10:19:00,935,935,935,935,0
2022-05-17 10:20:00,935,930,935,935,291900
2022-05-17 10:21:00,935,930,935,935,115700
2022-05-17 10:22:00,935,935,935,935,1300
2022-05-17 10:23:00,930,930,935,935,18200
2022-05-17 10:24:00,930,930,935,935,0
2022-05-17 10:25:00,935,935,935,935,4100
2022-05-17 10:26:00,935,935,935,935,0
2022-05-17 10:27:00,935,935,935,935,100
2022-05-17 10:28:00,935,935,935,935,3800
2022-05-17 10:29:00,935,935,935,935,0
2022-05-17 10:30:00,935,935,935,935,0
2022-05-17 10:31:00,935,935,935,935,0
2022-05-17 10:32:00,935,935,935,935,0
2022-05-17 10:33:00,930,930,930,930,100
2022-05-17 10:34:00,930,930,930,930,0
2022-05-17 10:35:00,930,930,930,930,0
2022-05-17 10:36:00,930,930,930,930,0
2022-05-17 10:37:00,930,930,930,930,0
2022-05-17 10:38:00,930,930,930,930,0
2022-05-17 10:39:00,930,930,935,935,200
2022-05-17 10:40:00,930,930,935,935,0
2022-05-17 10:41:00,930,930,935,935,0
2022-05-17 10:42:00,930,930,935,935,0
2022-05-17 10:43:00,930,930,935,935,0
2022-05-17 10:44:00,935,935,935,935,100
2022-05-17 10:45:00,930,930,930,930,3500
2022-05-17 10:46:00,930,930,930,930,0
2022-05-17 10:47:00,930,930,930,930,0
2022-05-17 10:48:00,930,930,930,930,0
2022-05-17 10:49:00,930,930,930,930,0
2022-05-17 10:50:00,930,930,930,930,0
2022-05-17 10:51:00,930,930,930,930,0
2022-05-17 10:52:00,930,930,930,930,0
2022-05-17 10:53:00,930,930,930,930,2500
2022-05-17 10:54:00,930,930,930,930,0
2022-05-17 10:55:00,930,930,930,930,0
2022-05-17 10:56:00,930,930,930,930,20500
2022-05-17 10:57:00,930,930,930,930,0
2022-05-17 10:58:00,930,930,930,930,0
2022-05-17 10:59:00,930,930,930,930,300
2022-05-17 11:00:00,930,930,930,930,0
2022-05-17 11:01:00,930,930,930,930,0
2022-05-17 11:02:00,930,930,930,930,0
2022-05-17 11:03:00,930,930,930,930,0
2022-05-17 11:04:00,930,930,930,930,0
2022-05-17 11:05:00,930,930,930,930,100
2022-05-17 11:06:00,930,930,930,930,0
2022-05-17 11:07:00,930,930,930,930,0
2022-05-17 11:08:00,930,930,930,930,0
2022-05-17 11:09:00,930,930,930,930,1000
2022-05-17 11:10:00,930,930,930,930,100
2022-05-17 11:11:00,930,930,930,930,0
2022-05-17 11:12:00,930,930,930,930,2500
2022-05-17 11:13:00,930,930,930,930,100
2022-05-17 11:14:00,930,930,930,930,0
2022-05-17 11:15:00,930,930,930,930,0
2022-05-17 11:16:00,930,930,930,930,0
2022-05-17 11:17:00,930,930,930,930,0
2022-05-17 11:18:00,930,930,930,930,0
2022-05-17 11:19:00,930,930,930,930,0
2022-05-17 11:20:00,930,930,930,930,0
2022-05-17 11:21:00,930,930,930,930,0
2022-05-17 11:22:00,930,930,930,930,0
2022-05-17 11:23:00,935,935,935,935,200
2022-05-17 11:24:00,935,935,935,935,0
2022-05-17 11:25:00,930,930,930,930,500
2022-05-17 11:26:00,930,930,930,930,0
2022-05-17 11:27:00,930,930,930,930,0
2022-05-17 11:28:00,930,930,930,930,0
2022-05-17 11:29:00,930,930,930,930,0
2022-05-17 11:30:00,930,930,930,930,0
2022-05-17 11:31:00,930,930,930,930,0
2022-05-17 11:32:00,930,930,930,930,0
2022-05-17 11:33:00,930,930,930,930,0
2022-05-17 11:34:00,930,930,930,930,0
2022-05-17 11:35:00,930,930,930,930,0
2022-05-17 11:36:00,930,930,930,930,0
2022-05-17 11:37:00,930,930,930,930,0
2022-05-17 11:38:00,930,930,930,930,0
2022-05-17 11:39:00,930,930,930,930,0
2022-05-17 11:40:00,930,930,930,930,0
2022-05-17 11:41:00,930,930,930,930,0
2022-05-17 11:42:00,930,930,930,930,0
2022-05-17 11:43:00,930,930,930,930,0
2022-05-17 11:44:00,930,930,930,930,0
2022-05-17 11:45:00,930,930,930,930,0
2022-05-17 11:46:00,930,930,930,930,0
2022-05-17 11:47:00,930,930,930,930,0
2022-05-17 11:48:00,930,930,930,930,0
2022-05-17 11:49:00,930,930,930,930,0
2022-05-17 11:50:00,930,930,930,930,0
2022-05-17 11:51:00,930,930,930,930,0
2022-05-17 11:52:00,930,930,930,930,0
2022-05-17 11:53:00,930,930,930,930,0
2022-05-17 11:54:00,930,930,930,930,0
2022-05-17 11:55:00,930,930,930,930,0
2022-05-17 11:56:00,930,930,930,930,0
2022-05-17 11:57:00,930,930,930,930,0
2022-05-17 11:58:00,930,930,930,930,0
2022-05-17 11:59:00,930,930,930,930,0
2022-05-17 12:00:00,930,930,930,930,0
2022-05-17 12:01:00,930,930,930,930,0
2022-05-17 12:02:00,930,930,930,930,0
2022-05-17 12:03:00,930,930,930,930,0
2022-05-17 12:04:00,930,930,930,930,0
2022-05-17 12:05:00,930,930,930,930,0
2022-05-17 12:06:00,930,930,930,930,0
2022-05-17 12:07:00,930,930,930,930,0
2022-05-17 12:08:00,930,930,930,930,0
2022-05-17 12:09:00,930,930,930,930,0
2022-05-17 12:10:00,930,930,930,930,0
2022-05-17 12:11:00,930,930,930,930,0
2022-05-17 12:12:00,930,930,930,930,0
2022-05-17 12:13:00,930,930,930,930,0
2022-05-17 12:14:00,930,930,930,930,0
2022-05-17 12:15:00,930,930,930,930,0
2022-05-17 12:16:00,930,930,930,930,0
2022-05-17 12:17:00,930,930,930,930,0
2022-05-17 12:18:00,930,930,930,930,0
2022-05-17 12:19:00,930,930,930,930,0
2022-05-17 12:20:00,930,930,930,930,0
2022-05-17 12:21:00,930,930,930,930,0
2022-05-17 12:22:00,930,930,930,930,0
2022-05-17 12:23:00,930,930,930,930,0
2022-05-17 12:24:00,930,930,930,930,0
2022-05-17 12:25:00,930,930,930,930,0
2022-05-17 12:26:00,930,930,930,930,0
2022-05-17 12:27:00,930,930,930,930,0
2022-05-17 12:28:00,930,930,930,930,0
2022-05-17 12:29:00,930,930,930,930,0
2022-05-17 12:30:00,930,930,930,930,0
2022-05-17 12:31:00,930,930,930,930,0
2022-05-17 12:32:00,930,930,930,930,0
2022-05-17 12:33:00,930,930,930,930,0
2022-05-17 12:34:00,930,930,930,930,0
2022-05-17 12:35:00,930,930,930,930,0
2022-05-17 12:36:00,930,930,930,930,0
2022-05-17 12:37:00,930,930,930,930,0
2022-05-17 12:38:00,930,930,930,930,0
2022-05-17 12:39:00,930,930,930,930,0
2022-05-17 12:40:00,930,930,930,930,0
2022-05-17 12:41:00,930,930,930,930,0
2022-05-17 12:42:00,930,930,930,930,0
2022-05-17 12:43:00,930,930,930,930,0
2022-05-17 12:44:00,930,930,930,930,0
2022-05-17 12:45:00,930,930,930,930,0
2022-05-17 12:46:00,930,930,930,930,0
2022-05-17 12:47:00,930,930,930,930,0
2022-05-17 12:48:00,930,930,930,930,0
2022-05-17 12:49:00,930,930,930,930,0
2022-05-17 12:50:00,930,930,930,930,0
2022-05-17 12:51:00,930,930,930,930,0
2022-05-17 12:52:00,930,930,930,930,0
2022-05-17 12:53:00,930,930,930,930,0
2022-05-17 12:54:00,930,930,930,930,0
2022-05-17 12:55:00,930,930,930,930,0
2022-05-17 12:56:00,930,930,930,930,0
2022-05-17 12:57:00,930,930,930,930,0
2022-05-17 12:58:00,930,930,930,930,0
2022-05-17 12:59:00,930,930,930,930,0
2022-05-17 13:00:00,930,930,930,930,0
2022-05-17 13:01:00,930,930,930,930,0
2022-05-17 13:02:00,930,930,930,930,0
2022-05-17 13:03:00,930,930,930,930,0
2022-05-17 13:04:00,930,930,930,930,0
2022-05-17 13:05:00,930,930,930,930,0
2022-05-17 13:06:00,930,930,930,930,0
2022-05-17 13:07:00,930,930,930,930,0
2022-05-17 13:08:00,930,930,930,930,0
2022-05-17 13:09:00,930,930,930,930,0
2022-05-17 13:10:00,930,930,930,930,0
2022-05-17 13:11:00,930,930,930,930,0
2022-05-17 13:12:00,930,930,930,930,0
2022-05-17 13:13:00,930,930,930,930,0
2022-05-17 13:14:00,930,930,930,930,0
2022-05-17 13:15:00,930,930,930,930,0
2022-05-17 13:16:00,930,930,930,930,0
2022-05-17 13:17:00,930,930,930,930,0
2022-05-17 13:18:00,930,930,930,930,0
2022-05-17 13:19:00,930,930,930,930,0
2022-05-17 13:20:00,930,930,930,930,0
2022-05-17 13:21:00,930,930,930,930,0
2022-05-17 13:22:00,930,930,930,930,0
2022-05-17 13:23:00,930,930,930,930,0
2022-05-17 13:24:00,930,930,930,930,0
2022-05-17 13:25:00,930,930,930,930,0
2022-05-17 13:26:00,930,930,930,930,0
2022-05-17 13:27:00,930,930,930,930,0
2022-05-17 13:28:00,930,930,930,930,0
2022-05-17 13:29:00,930,930,930,930,0
2022-05-17 13:30:00,930,930,930,930,200
2022-05-17 13:31:00,930,930,930,930,0
2022-05-17 13:32:00,930,930,930,930,0
2022-05-17 13:33:00,930,930,930,930,0
2022-05-17 13:34:00,930,930,930,930,32100
2022-05-17 13:35:00,930,930,930,930,800
2022-05-17 13:36:00,930,930,930,930,0
2022-05-17 13:37:00,930,930,930,930,0
2022-05-17 13:38:00,930,930,930,930,0
2022-05-17 13:39:00,930,930,930,930,0
2022-05-17 13:40:00,930,930,930,930,0
2022-05-17 13:41:00,935,935,935,935,200
2022-05-17 13:42:00,935,935,935,935,7100
2022-05-17 13:43:00,935,935,935,935,0
2022-05-17 13:44:00,940,940,945,945,463800
2022-05-17 13:45:00,945,945,945,945,14000
2022-05-17 13:46:00,945,945,945,945,1000
2022-05-17 13:47:00,945,945,945,945,0
2022-05-17 13:48:00,945,945,945,945,2900
2022-05-17 13:49:00,945,945,945,945,0
2022-05-17 13:50:00,945,945,945,945,0
2022-05-17 13:51:00,945,945,945,945,0
2022-05-17 13:52:00,945,945,945,945,0
2022-05-17 13:53:00,945,945,945,945,0
2022-05-17 13:54:00,945,945,945,945,4430500
2022-05-17 13:55:00,945,945,945,945,155500
2022-05-17 13:56:00,940,940,940,940,30000
2022-05-17 13:57:00,940,940,940,940,0
2022-05-17 13:58:00,940,940,940,940,0
2022-05-17 13:59:00,940,940,940,940,0
2022-05-17 14:00:00,945,945,945,945,460800
2022-05-17 14:01:00,945,945,945,945,0
2022-05-17 14:02:00,945,945,945,945,100
2022-05-17 14:03:00,945,945,945,945,0
2022-05-17 14:04:00,940,940,940,940,100
2022-05-17 14:05:00,940,940,940,940,0
2022-05-17 14:06:00,940,940,940,940,0
2022-05-17 14:07:00,940,940,940,940,0
2022-05-17 14:08:00,940,940,940,940,0
2022-05-17 14:09:00,940,940,940,940,0
2022-05-17 14:10:00,940,940,940,940,0
2022-05-17 14:11:00,940,940,940,940,0
2022-05-17 14:12:00,940,940,940,940,0
2022-05-17 14:13:00,940,940,940,940,1400
2022-05-17 14:14:00,940,940,940,940,1300
2022-05-17 14:15:00,945,940,945,940,63100
2022-05-17 14:16:00,940,940,940,940,88500
2022-05-17 14:17:00,940,940,940,940,147000
2022-05-17 14:18:00,945,945,945,945,700
2022-05-17 14:19:00,945,945,945,945,100
2022-05-17 14:20:00,940,940,940,940,100000
2022-05-17 14:21:00,940,940,940,940,110600
2022-05-17 14:22:00,940,940,940,940,0
2022-05-17 14:23:00,945,940,945,940,1100
2022-05-17 14:24:00,945,940,945,940,3400
2022-05-17 14:25:00,945,940,945,945,173600
2022-05-17 14:26:00,940,940,940,940,156500
2022-05-17 14:27:00,940,940,940,940,79900
2022-05-17 14:28:00,940,940,940,940,33600
2022-05-17 14:29:00,940,940,940,940,0
2022-05-17 14:30:00,940,940,940,940,30000
2022-05-17 14:31:00,940,940,940,940,6200
2022-05-17 14:32:00,940,940,940,940,351100
2022-05-17 14:33:00,940,940,945,945,11600
2022-05-17 14:34:00,945,945,945,945,186200
2022-05-17 14:35:00,945,945,945,945,106800
2022-05-17 14:36:00,945,945,945,945,150000
2022-05-17 14:37:00,945,945,945,945,110900
2022-05-17 14:38:00,945,945,945,945,100500
2022-05-17 14:39:00,945,945,945,945,12000
2022-05-17 14:40:00,945,945,945,945,35700
2022-05-17 14:41:00,945,945,945,945,157900
2022-05-17 14:42:00,945,945,945,945,0
2022-05-17 14:43:00,945,945,945,945,0
2022-05-17 14:44:00,950,945,950,945,100100
2022-05-17 14:45:00,950,945,950,945,0
2022-05-17 14:46:00,950,945,950,945,0
2022-05-17 14:47:00,950,950,950,950,58400
2022-05-17 14:48:00,950,950,950,950,100500
2022-05-17 14:49:00,955,950,955,955,8400
2022-05-17 14:50:00,955,950,955,955,0
2022-05-17 14:51:00,955,950,955,955,0
2022-05-17 14:52:00,955,950,955,955,0
2022-05-17 14:53:00,955,950,955,955,0
2022-05-17 14:54:00,955,950,955,955,0
2022-05-17 14:55:00,955,950,955,955,0
2022-05-17 14:56:00,955,950,955,955,0
2022-05-17 14:57:00,955,950,955,955,0
2022-05-17 14:58:00,955,950,955,955,0
2022-05-17 14:59:00,955,950,955,955,0
2022-05-17 15:00:00,950,950,950,950,117000
2022-05-17 15:01:00,950,950,950,950,0
2022-05-17 15:02:00,950,950,950,950,0
2022-05-17 15:03:00,950,950,950,950,0
2022-05-17 15:04:00,950,950,950,950,0
2022-05-17 15:05:00,950,950,950,950,0
2022-05-17 15:06:00,950,950,950,950,0
2022-05-17 15:07:00,950,950,950,950,100000
2022-05-17 15:08:00,950,950,950,950,10000
2022-05-17 15:09:00,950,950,950,950,0
2022-05-17 15:10:00,950,950,950,950,0
2022-05-17 15:11:00,950,950,950,950,0
2022-05-17 15:12:00,950,950,950,950,0
2022-05-17 15:13:00,950,950,950,950,200
2022-05-17 15:14:00,950,950,950,950,1100
2022-05-17 15:15:00,950,950,950,950,0
2022-05-17 15:16:00,950,950,950,950,0
2022-05-17 15:17:00,950,950,950,950,0
2022-05-17 15:18:00,950,950,950,950,0
2022-05-17 15:19:00,950,950,950,950,0
2022-05-17 15:20:00,950,950,950,950,0
2022-05-17 15:21:00,950,950,950,950,0
2022-05-17 15:22:00,950,950,950,950,0
2022-05-17 15:23:00,950,950,950,950,0
2022-05-17 15:24:00,950,950,950,950,0
2022-05-17 15:25:00,950,950,950,950,0
2022-05-17 15:26:00,950,950,950,950,0
2022-05-17 15:27:00,950,950,950,950,0
2022-05-17 15:28:00,950,950,950,950,0
2022-05-17 15:29:00,950,950,950,950,0
2022-05-17 15:30:00,950,950,950,950,0
2022-05-17 15:31:00,950,950,950,950,0
2022-05-17 15:32:00,950,950,950,950,0
2022-05-17 15:33:00,950,950,950,950,0
2022-05-17 15:34:00,950,950,950,950,0
2022-05-17 15:35:00,950,950,950,950,0
2022-05-17 15:36:00,950,950,950,950,0
2022-05-17 15:37:00,950,950,950,950,0
2022-05-17 15:38:00,950,950,950,950,0
2022-05-17 15:39:00,950,950,950,950,0
2022-05-17 15:40:00,950,950,950,950,0
2022-05-17 15:41:00,950,950,950,950,0
2022-05-17 15:42:00,950,950,950,950,0
2022-05-17 15:43:00,950,950,950,950,0
2022-05-17 15:44:00,950,950,950,950,0
2022-05-17 15:45:00,950,950,950,950,0
2022-05-17 15:46:00,950,950,950,950,0
2022-05-17 15:47:00,950,950,950,950,0
2022-05-17 15:48:00,950,950,950,950,0
2022-05-17 15:49:00,950,950,950,950,0
2022-05-17 15:50:00,950,950,950,950,0
2022-05-17 15:51:00,950,950,950,950,0
2022-05-17 15:52:00,950,950,950,950,0
2022-05-17 15:53:00,950,950,950,950,0
2022-05-17 15:54:00,950,950,950,950,0
2022-05-17 15:55:00,950,950,950,950,0
2022-05-17 15:56:00,950,950,950,950,0
2022-05-17 15:57:00,950,950,950,950,0
2022-05-17 15:58:00,950,950,950,950,0
2022-05-17 15:59:00,950,950,950,950,0
2022-05-18 09:00:00,950,945,950,945,0
2022-05-18 09:01:00,945,940,945,940,1700
2022-05-18 09:02:00,945,940,945,940,0
2022-05-18 09:03:00,940,940,940,940,2000
2022-05-18 09:04:00,940,940,940,940,2000
2022-05-18 09:05:00,940,940,940,940,0
2022-05-18 09:06:00,940,940,940,940,100
2022-05-18 09:07:00,940,940,940,940,1500
2022-05-18 09:08:00,940,940,940,940,0
2022-05-18 09:09:00,940,940,940,940,0
2022-05-18 09:10:00,945,945,945,945,100
2022-05-18 09:11:00,945,945,945,945,0
2022-05-18 09:12:00,945,945,945,945,0
2022-05-18 09:13:00,945,945,945,945,100
2022-05-18 09:14:00,945,945,945,945,0
2022-05-18 09:15:00,940,940,945,945,11800
2022-05-18 09:16:00,940,940,945,945,0
2022-05-18 09:17:00,940,940,945,945,0
2022-05-18 09:18:00,940,940,945,945,0
2022-05-18 09:19:00,950,950,950,950,100
2022-05-18 09:20:00,945,945,945,945,300
2022-05-18 09:21:00,945,945,950,950,800
2022-05-18 09:22:00,945,945,950,950,0
2022-05-18 09:23:00,950,940,950,940,300
2022-05-18 09:24:00,945,945,945,945,1000
2022-05-18 09:25:00,945,945,945,945,1200
2022-05-18 09:26:00,940,940,940,940,8300
2022-05-18 09:27:00,940,940,940,940,0
2022-05-18 09:28:00,940,940,940,940,0
2022-05-18 09:29:00,940,940,940,940,0
2022-05-18 09:30:00,950,950,950,950,197000
2022-05-18 09:31:00,950,950,955,955,72600
2022-05-18 09:32:00,950,950,955,955,236300
2022-05-18 09:33:00,960,960,970,970,534800
2022-05-18 09:34:00,970,970,975,970,128100
2022-05-18 09:35:00,970,970,975,975,146600
2022-05-18 09:36:00,970,970,970,970,2000
2022-05-18 09:37:00,965,960,965,965,63500
2022-05-18 09:38:00,960,960,960,960,3500
2022-05-18 09:39:00,965,965,965,965,5000
2022-05-18 09:40:00,965,965,965,965,4000
2022-05-18 09:41:00,965,960,965,965,5800
2022-05-18 09:42:00,960,960,960,960,34100
2022-05-18 09:43:00,960,960,960,960,2000
2022-05-18 09:44:00,955,955,955,955,800
2022-05-18 09:45:00,955,955,955,955,8700
2022-05-18 09:46:00,955,955,955,955,5700
2022-05-18 09:47:00,955,950,955,950,56900
2022-05-18 09:48:00,950,950,950,950,800
2022-05-18 09:49:00,950,950,950,950,0
2022-05-18 09:50:00,950,950,950,950,0
2022-05-18 09:51:00,950,950,950,950,300
2022-05-18 09:52:00,950,950,950,950,500
2022-05-18 09:53:00,950,950,950,950,11600
2022-05-18 09:54:00,950,950,950,950,7000
2022-05-18 09:55:00,945,945,945,945,4000
2022-05-18 09:56:00,945,945,945,945,0
2022-05-18 09:57:00,945,945,945,945,0
2022-05-18 09:58:00,945,945,945,945,0
2022-05-18 09:59:00,945,945,945,945,400
2022-05-18 10:00:00,940,940,940,940,9600
2022-05-18 10:01:00,940,940,940,940,0
2022-05-18 10:02:00,940,940,940,940,0
2022-05-18 10:03:00,940,940,940,940,0
2022-05-18 10:04:00,940,940,940,940,0
2022-05-18 10:05:00,940,940,940,940,0
2022-05-18 10:06:00,940,940,940,940,0
2022-05-18 10:07:00,940,940,940,940,0
2022-05-18 10:08:00,940,940,940,940,0
2022-05-18 10:09:00,945,945,945,945,2500
2022-05-18 10:10:00,945,945,945,945,0
2022-05-18 10:11:00,950,950,950,950,5300
2022-05-18 10:12:00,945,945,945,945,600
2022-05-18 10:13:00,945,945,945,945,0
2022-05-18 10:14:00,945,940,945,940,3400
2022-05-18 10:15:00,945,940,945,940,0
2022-05-18 10:16:00,945,945,945,945,100
2022-05-18 10:17:00,945,945,945,945,0
2022-05-18 10:18:00,945,945,945,945,0
2022-05-18 10:19:00,945,945,945,945,0
2022-05-18 10:20:00,945,945,945,945,0
2022-05-18 10:21:00,945,945,945,945,0
2022-05-18 10:22:00,945,945,945,945,0
2022-05-18 10:23:00,945,945,945,945,0
2022-05-18 10:24:00,945,945,945,945,0
2022-05-18 10:25:00,945,945,945,945,0
2022-05-18 10:26:00,945,945,945,945,0
2022-05-18 10:27:00,945,945,945,945,0
2022-05-18 10:28:00,945,945,945,945,10000
2022-05-18 10:29:00,945,945,945,945,100
2022-05-18 10:30:00,945,945,945,945,100
2022-05-18 10:31:00,945,945,945,945,0
2022-05-18 10:32:00,945,945,945,945,200
2022-05-18 10:33:00,945,945,945,945,0
2022-05-18 10:34:00,945,945,945,945,0
2022-05-18 10:35:00,945,945,945,945,100
2022-05-18 10:36:00,945,945,945,945,0
2022-05-18 10:37:00,945,945,945,945,0
2022-05-18 10:38:00,945,945,945,945,1000
2022-05-18 10:39:00,945,945,945,945,0
2022-05-18 10:40:00,945,945,945,945,0
2022-05-18 10:41:00,945,945,945,945,100
2022-05-18 10:42:00,945,945,945,945,0
2022-05-18 10:43:00,945,945,945,945,0
2022-05-18 10:44:00,945,945,945,945,0
2022-05-18 10:45:00,945,945,945,945,0
2022-05-18 10:46:00,945,945,945,945,1000
2022-05-18 10:47:00,940,940,940,940,5000
2022-05-18 10:48:00,940,940,940,940,0
2022-05-18 10:49:00,940,940,940,940,0
2022-05-18 10:50:00,940,940,940,940,1000
2022-05-18 10:51:00,940,940,940,940,0
2022-05-18 10:52:00,940,940,940,940,0
2022-05-18 10:53:00,940,940,940,940,0
2022-05-18 10:54:00,940,940,940,940,0
2022-05-18 10:55:00,940,940,940,940,0
2022-05-18 10:56:00,940,940,940,940,0
2022-05-18 10:57:00,940,940,940,940,0
2022-05-18 10:58:00,940,940,940,940,0
2022-05-18 10:59:00,940,940,940,940,0
2022-05-18 11:00:00,940,940,940,940,0
2022-05-18 11:01:00,940,940,940,940,0
2022-05-18 11:02:00,940,940,940,940,0
2022-05-18 11:03:00,945,945,945,945,3000
2022-05-18 11:04:00,945,945,945,945,2500
2022-05-18 11:05:00,945,945,945,945,0
2022-05-18 11:06:00,945,945,945,945,0
2022-05-18 11:07:00,945,945,945,945,600
2022-05-18 11:08:00,945,945,945,945,0
2022-05-18 11:09:00,945,945,945,945,10100
2022-05-18 11:10:00,945,945,945,945,0
2022-05-18 11:11:00,945,945,945,945,0
2022-05-18 11:12:00,940,940,940,940,100
2022-05-18 11:13:00,940,940,940,940,0
2022-05-18 11:14:00,940,940,940,940,0
2022-05-18 11:15:00,940,940,940,940,0
2022-05-18 11:16:00,940,940,940,940,0
2022-05-18 11:17:00,940,940,940,940,0
2022-05-18 11:18:00,940,940,940,940,0
2022-05-18 11:19:00,940,940,940,940,0
2022-05-18 11:20:00,940,940,940,940,0
2022-05-18 11:21:00,940,940,940,940,0
2022-05-18 11:22:00,940,940,940,940,0
2022-05-18 11:23:00,940,940,940,940,0
2022-05-18 11:24:00,940,940,940,940,5000
2022-05-18 11:25:00,940,940,940,940,0
2022-05-18 11:26:00,940,940,940,940,0
2022-05-18 11:27:00,940,940,940,940,0
2022-05-18 11:28:00,940,940,940,940,0
2022-05-18 11:29:00,940,940,940,940,0
2022-05-18 11:30:00,940,940,940,940,0
2022-05-18 11:31:00,940,940,940,940,0
2022-05-18 11:32:00,940,940,940,940,0
2022-05-18 11:33:00,940,940,940,940,0
2022-05-18 11:34:00,940,940,940,940,0
2022-05-18 11:35:00,940,940,940,940,0
2022-05-18 11:36:00,940,940,940,940,0
2022-05-18 11:37:00,940,940,940,940,0
2022-05-18 11:38:00,940,940,940,940,0
2022-05-18 11:39:00,940,940,940,940,0
2022-05-18 11:40:00,940,940,940,940,0
2022-05-18 11:41:00,940,940,940,940,0
2022-05-18 11:42:00,940,940,940,940,0
2022-05-18 11:43:00,940,940,940,940,0
2022-05-18 11:44:00,940,940,940,940,0
2022-05-18 11:45:00,940,940,940,940,0
2022-05-18 11:46:00,940,940,940,940,0
2022-05-18 11:47:00,940,940,940,940,0
2022-05-18 11:48:00,940,940,940,940,0
2022-05-18 11:49:00,940,940,940,940,0
2022-05-18 11:50:00,940,940,940,940,0
2022-05-18 11:51:00,940,940,940,940,0
2022-05-18 11:52:00,940,940,940,940,0
2022-05-18 11:53:00,940,940,940,940,0
2022-05-18 11:54:00,940,940,940,940,0
2022-05-18 11:55:00,940,940,940,940,0
2022-05-18 11:56:00,940,940,940,940,0
2022-05-18 11:57:00,940,940,940,940,0
2022-05-18 11:58:00,940,940,940,940,0
2022-05-18 11:59:00,940,940,940,940,0
2022-05-18 12:00:00,940,940,940,940,0
2022-05-18 12:01:00,940,940,940,940,0
2022-05-18 12:02:00,940,940,940,940,0
2022-05-18 12:03:00,940,940,940,940,0
2022-05-18 12:04:00,940,940,940,940,0
2022-05-18 12:05:00,940,940,940,940,0
2022-05-18 12:06:00,940,940,940,940,0
2022-05-18 12:07:00,940,940,940,940,0
2022-05-18 12:08:00,940,940,940,940,0
2022-05-18 12:09:00,940,940,940,940,0
2022-05-18 12:10:00,940,940,940,940,0
2022-05-18 12:11:00,940,940,940,940,0
2022-05-18 12:12:00,940,940,940,940,0
2022-05-18 12:13:00,940,940,940,940,0
2022-05-18 12:14:00,940,940,940,940,0
2022-05-18 12:15:00,940,940,940,940,0
2022-05-18 12:16:00,940,940,940,940,0
2022-05-18 12:17:00,940,940,940,940,0
2022-05-18 12:18:00,940,940,940,940,0
2022-05-18 12:19:00,940,940,940,940,0
2022-05-18 12:20:00,940,940,940,940,0
2022-05-18 12:21:00,940,940,940,940,0
2022-05-18 12:22:00,940,940,940,940,0
2022-05-18 12:23:00,940,940,940,940,0
2022-05-18 12:24:00,940,940,940,940,0
2022-05-18 12:25:00,940,940,940,940,0
2022-05-18 12:26:00,940,940,940,940,0
2022-05-18 12:27:00,940,940,940,940,0
2022-05-18 12:28:00,940,940,940,940,0
2022-05-18 12:29:00,940,940,940,940,0
2022-05-18 12:30:00,940,940,940,940,0
2022-05-18 12:31:00,940,940,940,940,0
2022-05-18 12:32:00,940,940,940,940,0
2022-05-18 12:33:00,940,940,940,940,0
2022-05-18 12:34:00,940,940,940,940,0
2022-05-18 12:35:00,940,940,940,940,0
2022-05-18 12:36:00,940,940,940,940,0
2022-05-18 12:37:00,940,940,940,940,0
2022-05-18 12:38:00,940,940,940,940,0
2022-05-18 12:39:00,940,940,940,940,0
2022-05-18 12:40:00,940,940,940,940,0
2022-05-18 12:41:00,940,940,940,940,0
2022-05-18 12:42:00,940,940,940,940,0
2022-05-18 12:43:00,940,940,940,940,0
2022-05-18 12:44:00,940,940,940,940,0
2022-05-18 12:45:00,940,940,940,940,0
2022-05-18 12:46:00,940,940,940,940,0
2022-05-18 12:47:00,940,940,940,940,0
2022-05-18 12:48:00,940,940,940,940,0
2022-05-18 12:49:00,940,940,940,940,0
2022-05-18 12:50:00,940,940,940,940,0
2022-05-18 12:51:00,940,940,940,940,0
2022-05-18 12:52:00,940,940,940,940,0
2022-05-18 12:53:00,940,940,940,940,0
2022-05-18 12:54:00,940,940,940,940,0
2022-05-18 12:55:00,940,940,940,940,0
2022-05-18 12:56:00,940,940,940,940,0
2022-05-18 12:57:00,940,940,940,940,0
2022-05-18 12:58:00,940,940,940,940,0
2022-05-18 12:59:00,940,940,940,940,0
2022-05-18 13:00:00,940,940,940,940,0
2022-05-18 13:01:00,940,940,940,940,0
2022-05-18 13:02:00,940,940,940,940,0
2022-05-18 13:03:00,940,940,940,940,0
2022-05-18 13:04:00,940,940,940,940,0
2022-05-18 13:05:00,940,940,940,940,0
2022-05-18 13:06:00,940,940,940,940,0
2022-05-18 13:07:00,940,940,940,940,0
2022-05-18 13:08:00,940,940,940,940,0
2022-05-18 13:09:00,940,940,940,940,0
2022-05-18 13:10:00,940,940,940,940,0
2022-05-18 13:11:00,940,940,940,940,0
2022-05-18 13:12:00,940,940,940,940,0
2022-05-18 13:13:00,940,940,940,940,0
2022-05-18 13:14:00,940,940,940,940,0
2022-05-18 13:15:00,940,940,940,940,0
2022-05-18 13:16:00,940,940,940,940,0
2022-05-18 13:17:00,940,940,940,940,0
2022-05-18 13:18:00,940,940,940,940,0
2022-05-18 13:19:00,940,940,940,940,0
2022-05-18 13:20:00,940,940,940,940,0
2022-05-18 13:21:00,940,940,940,940,0
2022-05-18 13:22:00,940,940,940,940,0
2022-05-18 13:23:00,940,940,940,940,0
2022-05-18 13:24:00,940,940,940,940,0
2022-05-18 13:25:00,940,940,940,940,0
2022-05-18 13:26:00,940,940,940,940,0
2022-05-18 13:27:00,940,940,940,940,0
2022-05-18 13:28:00,940,940,940,940,0
2022-05-18 13:29:00,940,940,940,940,0
2022-05-18 13:30:00,940,940,940,940,100
2022-05-18 13:31:00,940,940,940,940,0
2022-05-18 13:32:00,940,940,940,940,0
2022-05-18 13:33:00,940,940,940,940,0
2022-05-18 13:34:00,940,940,940,940,0
2022-05-18 13:35:00,940,940,940,940,0
2022-05-18 13:36:00,940,940,940,940,0
2022-05-18 13:37:00,940,940,940,940,0
2022-05-18 13:38:00,940,940,940,940,0
2022-05-18 13:39:00,940,940,940,940,0
2022-05-18 13:40:00,940,940,940,940,0
2022-05-18 13:41:00,940,940,940,940,0
2022-05-18 13:42:00,940,940,940,940,0
2022-05-18 13:43:00,940,940,940,940,0
2022-05-18 13:44:00,940,940,940,940,0
2022-05-18 13:45:00,940,940,940,940,0
2022-05-18 13:46:00,940,940,940,940,0
2022-05-18 13:47:00,940,940,940,940,0
2022-05-18 13:48:00,940,940,940,940,0
2022-05-18 13:49:00,940,940,940,940,0
2022-05-18 13:50:00,940,940,940,940,50000
2022-05-18 13:51:00,940,940,940,940,0
2022-05-18 13:52:00,940,940,940,940,0
2022-05-18 13:53:00,940,940,940,940,0
2022-05-18 13:54:00,940,940,940,940,0
2022-05-18 13:55:00,940,940,945,940,2063000
2022-05-18 13:56:00,940,935,940,935,5700
2022-05-18 13:57:00,940,935,940,935,0
2022-05-18 13:58:00,940,935,940,935,0
2022-05-18 13:59:00,940,940,940,940,1000
2022-05-18 14:00:00,940,940,940,940,0
2022-05-18 14:01:00,940,940,940,940,0
2022-05-18 14:02:00,940,940,940,940,0
2022-05-18 14:03:00,940,940,940,940,100
2022-05-18 14:04:00,940,940,940,940,0
2022-05-18 14:05:00,940,940,940,940,5400
2022-05-18 14:06:00,940,935,940,935,254000
2022-05-18 14:07:00,925,925,925,925,0
2022-05-18 14:08:00,925,925,925,925,0
2022-05-18 14:09:00,925,925,925,925,0
2022-05-18 14:10:00,925,925,925,925,0
2022-05-18 14:11:00,925,920,925,920,2572100
2022-05-18 14:12:00,925,925,925,925,1300
2022-05-18 14:13:00,925,925,925,925,0
2022-05-18 14:14:00,925,925,925,925,0
2022-05-18 14:15:00,925,925,925,925,0
2022-05-18 14:16:00,925,925,925,925,0
2022-05-18 14:17:00,925,925,925,925,0
2022-05-18 14:18:00,925,925,925,925,100
2022-05-18 14:19:00,920,920,925,925,6000
2022-05-18 14:20:00,925,925,925,925,2700
2022-05-18 14:21:00,925,925,925,925,0
2022-05-18 14:22:00,925,925,925,925,300
2022-05-18 14:23:00,925,925,925,925,500
2022-05-18 14:24:00,925,925,925,925,0
2022-05-18 14:25:00,925,925,925,925,0
2022-05-18 14:26:00,925,925,925,925,0
2022-05-18 14:27:00,930,930,935,935,516200
2022-05-18 14:28:00,930,930,935,935,0
2022-05-18 14:29:00,930,930,935,935,0
2022-05-18 14:30:00,935,935,935,935,300
2022-05-18 14:31:00,930,930,930,930,289100
2022-05-18 14:32:00,930,930,930,930,1000
2022-05-18 14:33:00,930,930,930,930,0
2022-05-18 14:34:00,930,930,930,930,0
2022-05-18 14:35:00,930,930,930,930,0
2022-05-18 14:36:00,930,930,930,930,1200
2022-05-18 14:37:00,930,930,930,930,0
2022-05-18 14:38:00,930,930,930,930,0
2022-05-18 14:39:00,930,925,930,925,2100
2022-05-18 14:40:00,930,925,930,925,0
2022-05-18 14:41:00,930,925,930,925,0
2022-05-18 14:42:00,930,930,930,930,100
2022-05-18 14:43:00,925,925,925,925,200
2022-05-18 14:44:00,925,925,925,925,0
2022-05-18 14:45:00,930,930,930,930,1500
2022-05-18 14:46:00,930,930,930,930,0
2022-05-18 14:47:00,930,930,930,930,0
2022-05-18 14:48:00,930,930,930,930,200
2022-05-18 14:49:00,925,925,925,925,100
2022-05-18 14:50:00,925,925,925,925,0
2022-05-18 14:51:00,925,925,925,925,0
2022-05-18 14:52:00,925,925,925,925,0
2022-05-18 14:53:00,925,925,925,925,0
2022-05-18 14:54:00,925,925,925,925,0
2022-05-18 14:55:00,925,925,925,925,0
2022-05-18 14:56:00,925,925,925,925,0
2022-05-18 14:57:00,925,925,925,925,0
2022-05-18 14:58:00,925,925,925,925,0
2022-05-18 14:59:00,925,925,925,925,0
2022-05-18 15:00:00,920,920,920,920,33100
2022-05-18 15:01:00,920,920,920,920,18100
2022-05-18 15:02:00,920,920,920,920,8200
2022-05-18 15:03:00,920,920,920,920,0
2022-05-18 15:04:00,920,920,920,920,900
2022-05-18 15:05:00,920,920,920,920,100
2022-05-18 15:06:00,920,920,920,920,0
2022-05-18 15:07:00,920,920,920,920,0
2022-05-18 15:08:00,920,920,920,920,0
2022-05-18 15:09:00,920,920,920,920,0
2022-05-18 15:10:00,920,920,920,920,0
2022-05-18 15:11:00,920,920,920,920,0
2022-05-18 15:12:00,920,920,920,920,600
2022-05-18 15:13:00,920,920,920,920,0
2022-05-18 15:14:00,920,920,920,920,100
2022-05-18 15:15:00,920,920,920,920,0
2022-05-18 15:16:00,920,920,920,920,0
2022-05-18 15:17:00,920,920,920,920,0
2022-05-18 15:18:00,920,920,920,920,0
2022-05-18 15:19:00,920,920,920,920,0
2022-05-18 15:20:00,920,920,920,920,0
2022-05-18 15:21:00,920,920,920,920,0
2022-05-18 15:22:00,920,920,920,920,0
2022-05-18 15:23:00,920,920,920,920,0
2022-05-18 15:24:00,920,920,920,920,0
2022-05-18 15:25:00,920,920,920,920,0
2022-05-18 15:26:00,920,920,920,920,0
2022-05-18 15:27:00,920,920,920,920,0
2022-05-18 15:28:00,920,920,920,920,0
2022-05-18 15:29:00,920,920,920,920,0
2022-05-18 15:30:00,920,920,920,920,0
2022-05-18 15:31:00,920,920,920,920,0
2022-05-18 15:32:00,920,920,920,920,0
2022-05-18 15:33:00,920,920,920,920,0
2022-05-18 15:34:00,920,920,920,920,0
2022-05-18 15:35:00,920,920,920,920,0
2022-05-18 15:36:00,920,920,920,920,0
2022-05-18 15:37:00,920,920,920,920,0
2022-05-18 15:38:00,920,920,920,920,0
2022-05-18 15:39:00,920,920,920,920,0
2022-05-18 15:40:00,920,920,920,920,0
2022-05-18 15:41:00,920,920,920,920,0
2022-05-18 15:42:00,920,920,920,920,0
2022-05-18 15:43:00,920,920,920,920,0
2022-05-18 15:44:00,920,920,920,920,0
2022-05-18 15:45:00,920,920,920,920,0
2022-05-18 15:46:00,920,920,920,920,0
2022-05-18 15:47:00,920,920,920,920,0
2022-05-18 15:48:00,920,920,920,920,0
2022-05-18 15:49:00,920,920,920,920,0
2022-05-18 15:50:00,920,920,920,920,0
2022-05-18 15:51:00,920,920,920,920,0
2022-05-18 15:52:00,920,920,920,920,0
2022-05-18 15:53:00,920,920,920,920,0
2022-05-18 15:54:00,920,920,920,920,0
2022-05-18 15:55:00,920,920,920,920,0
2022-05-18 15:56:00,920,920,920,920,0
2022-05-18 15:57:00,920,920,920,920,0
2022-05-18 15:58:00,920,920,920,920,0
2022-05-18 15:59:00,920,920,920,920,0
2022-05-19 09:00:00,920,920,925,920,0
2022-05-19 09:01:00,925,925,925,925,5000
2022-05-19 09:02:00,920,920,920,920,4600
2022-05-19 09:03:00,915,915,915,915,600
2022-05-19 09:04:00,915,915,915,915,5000
2022-05-19 09:05:00,915,915,915,915,1300
2022-05-19 09:06:00,915,915,915,915,0
2022-05-19 09:07:00,920,920,920,920,300
2022-05-19 09:08:00,920,920,920,920,900
2022-05-19 09:09:00,920,920,920,920,0
2022-05-19 09:10:00,920,920,920,920,0
2022-05-19 09:11:00,920,920,920,920,0
2022-05-19 09:12:00,920,920,920,920,0
2022-05-19 09:13:00,920,920,920,920,0
2022-05-19 09:14:00,920,920,920,920,1700
2022-05-19 09:15:00,920,920,920,920,0
2022-05-19 09:16:00,920,920,920,920,100
2022-05-19 09:17:00,925,925,925,925,180000
2022-05-19 09:18:00,925,925,925,925,180000
2022-05-19 09:19:00,925,920,925,920,105200
2022-05-19 09:20:00,925,925,925,925,6500
2022-05-19 09:21:00,925,925,925,925,25000
2022-05-19 09:22:00,925,925,925,925,50000
2022-05-19 09:23:00,930,930,930,930,189900
2022-05-19 09:24:00,930,930,930,930,0
2022-05-19 09:25:00,930,930,930,930,10700
2022-05-19 09:26:00,930,930,930,930,100
2022-05-19 09:27:00,930,925,930,925,1200
2022-05-19 09:28:00,930,925,930,925,0
2022-05-19 09:29:00,930,925,930,925,0
2022-05-19 09:30:00,930,925,930,925,0
2022-05-19 09:31:00,930,925,930,925,0
2022-05-19 09:32:00,930,925,930,925,0
2022-05-19 09:33:00,930,925,930,925,0
2022-05-19 09:34:00,930,930,930,930,800
2022-05-19 09:35:00,930,930,930,930,3200
2022-05-19 09:36:00,930,930,930,930,0
2022-05-19 09:37:00,930,930,930,930,0
2022-05-19 09:38:00,925,925,925,925,100
2022-05-19 09:39:00,930,930,930,930,1800
2022-05-19 09:40:00,935,930,935,930,428800
2022-05-19 09:41:00,930,930,930,930,1100
2022-05-19 09:42:00,930,930,930,930,0
2022-05-19 09:43:00,930,930,930,930,200
2022-05-19 09:44:00,930,930,930,930,0
2022-05-19 09:45:00,930,930,930,930,0
2022-05-19 09:46:00,930,930,930,930,0
2022-05-19 09:47:00,930,930,930,930,0
2022-05-19 09:48:00,930,930,930,930,0
2022-05-19 09:49:00,930,930,930,930,0
2022-05-19 09:50:00,930,930,930,930,0
2022-05-19 09:51:00,930,930,930,930,0
2022-05-19 09:52:00,930,930,930,930,0
2022-05-19 09:53:00,930,930,930,930,100
2022-05-19 09:54:00,930,930,930,930,0
2022-05-19 09:55:00,925,925,925,925,5700
2022-05-19 09:56:00,925,925,925,925,0
2022-05-19 09:57:00,925,925,925,925,500
2022-05-19 09:58:00,925,925,925,925,0
2022-05-19 09:59:00,925,925,925,925,0
2022-05-19 10:00:00,925,925,925,925,0
2022-05-19 10:01:00,920,920,920,920,9100
2022-05-19 10:02:00,925,925,925,925,2000
2022-05-19 10:03:00,930,930,930,930,200
2022-05-19 10:04:00,925,925,925,925,3000
2022-05-19 10:05:00,925,925,925,925,0
2022-05-19 10:06:00,925,925,925,925,0
2022-05-19 10:07:00,920,910,920,915,100200
2022-05-19 10:08:00,920,910,920,915,0
2022-05-19 10:09:00,920,910,920,915,0
2022-05-19 10:10:00,920,910,920,915,0
2022-05-19 10:11:00,915,915,915,915,100
2022-05-19 10:12:00,915,915,915,915,200
2022-05-19 10:13:00,915,915,915,915,0
2022-05-19 10:14:00,910,910,910,910,100
2022-05-19 10:15:00,925,925,925,925,22700
2022-05-19 10:16:00,925,925,925,925,1000
2022-05-19 10:17:00,925,925,925,925,0
2022-05-19 10:18:00,925,925,925,925,0
2022-05-19 10:19:00,920,920,925,920,5800
2022-05-19 10:20:00,920,920,925,920,0
2022-05-19 10:21:00,920,920,925,920,0
2022-05-19 10:22:00,920,920,925,920,0
2022-05-19 10:23:00,920,920,925,920,0
2022-05-19 10:24:00,920,920,925,920,0
2022-05-19 10:25:00,920,920,925,920,0
2022-05-19 10:26:00,920,920,925,920,0
2022-05-19 10:27:00,920,920,920,920,200
2022-05-19 10:28:00,920,920,920,920,0
2022-05-19 10:29:00,920,920,920,920,0
2022-05-19 10:30:00,920,920,920,920,0
2022-05-19 10:31:00,920,920,920,920,100
2022-05-19 10:32:00,920,920,920,920,0
2022-05-19 10:33:00,920,920,920,920,0
2022-05-19 10:34:00,920,920,920,920,0
2022-05-19 10:35:00,920,920,920,920,1000
2022-05-19 10:36:00,920,920,920,920,0
2022-05-19 10:37:00,920,920,920,920,0
2022-05-19 10:38:00,920,920,920,920,0
2022-05-19 10:39:00,920,920,920,920,0
2022-05-19 10:40:00,920,920,920,920,0
2022-05-19 10:41:00,920,920,920,920,0
2022-05-19 10:42:00,920,920,920,920,0
2022-05-19 10:43:00,920,920,920,920,0
2022-05-19 10:44:00,920,920,920,920,0
2022-05-19 10:45:00,920,920,920,920,0
2022-05-19 10:46:00,920,920,920,920,0
2022-05-19 10:47:00,920,920,920,920,0
2022-05-19 10:48:00,920,920,920,920,0
2022-05-19 10:49:00,920,920,920,920,2300
2022-05-19 10:50:00,920,920,920,920,0
2022-05-19 10:51:00,915,915,915,915,700
2022-05-19 10:52:00,920,920,920,920,11700
2022-05-19 10:53:00,920,920,920,920,0
2022-05-19 10:54:00,920,920,920,920,0
2022-05-19 10:55:00,920,920,920,920,0
2022-05-19 10:56:00,920,920,920,920,0
2022-05-19 10:57:00,920,920,920,920,0
2022-05-19 10:58:00,920,920,920,920,0
2022-05-19 10:59:00,920,920,920,920,0
2022-05-19 11:00:00,920,920,920,920,15900
2022-05-19 11:01:00,920,920,920,920,0
2022-05-19 11:02:00,920,920,920,920,0
2022-05-19 11:03:00,920,920,920,920,32600
2022-05-19 11:04:00,920,920,920,920,0
2022-05-19 11:05:00,920,920,920,920,0
2022-05-19 11:06:00,920,920,920,920,0
2022-05-19 11:07:00,920,920,920,920,0
2022-05-19 11:08:00,920,920,920,920,0
2022-05-19 11:09:00,920,920,920,920,2200
2022-05-19 11:10:00,920,920,920,920,0
2022-05-19 11:11:00,920,920,920,920,0
2022-05-19 11:12:00,920,920,920,920,0
2022-05-19 11:13:00,920,920,920,920,0
2022-05-19 11:14:00,920,920,920,920,0
2022-05-19 11:15:00,915,915,915,915,300
2022-05-19 11:16:00,915,915,915,915,1500
2022-05-19 11:17:00,915,915,915,915,0
2022-05-19 11:18:00,915,915,915,915,0
2022-05-19 11:19:00,915,915,915,915,0
2022-05-19 11:20:00,915,915,915,915,0
2022-05-19 11:21:00,915,915,915,915,0
2022-05-19 11:22:00,920,920,920,920,217100
2022-05-19 11:23:00,920,920,920,920,0
2022-05-19 11:24:00,920,920,920,920,17900
2022-05-19 11:25:00,920,920,920,920,0
2022-05-19 11:26:00,920,920,920,920,0
2022-05-19 11:27:00,920,920,920,920,0
2022-05-19 11:28:00,920,920,920,920,0
2022-05-19 11:29:00,920,920,920,920,0
2022-05-19 11:30:00,920,920,920,920,0
2022-05-19 11:31:00,920,920,920,920,0
2022-05-19 11:32:00,920,920,920,920,0
2022-05-19 11:33:00,920,920,920,920,0
2022-05-19 11:34:00,920,920,920,920,0
2022-05-19 11:35:00,920,920,920,920,0
2022-05-19 11:36:00,920,920,920,920,0
2022-05-19 11:37:00,920,920,920,920,0
2022-05-19 11:38:00,920,920,920,920,0
2022-05-19 11:39:00,920,920,920,920,0
2022-05-19 11:40:00,920,920,920,920,0
2022-05-19 11:41:00,920,920,920,920,0
2022-05-19 11:42:00,920,920,920,920,0
2022-05-19 11:43:00,920,920,920,920,0
2022-05-19 11:44:00,920,920,920,920,0
2022-05-19 11:45:00,920,920,920,920,0
2022-05-19 11:46:00,920,920,920,920,0
2022-05-19 11:47:00,920,920,920,920,0
2022-05-19 11:48:00,920,920,920,920,0
2022-05-19 11:49:00,920,920,920,920,0
2022-05-19 11:50:00,920,920,920,920,0
2022-05-19 11:51:00,920,920,920,920,0
2022-05-19 11:52:00,920,920,920,920,0
2022-05-19 11:53:00,920,920,920,920,0
2022-05-19 11:54:00,920,920,920,920,0
2022-05-19 11:55:00,920,920,920,920,0
2022-05-19 11:56:00,920,920,920,920,0
2022-05-19 11:57:00,920,920,920,920,0
2022-05-19 11:58:00,920,920,920,920,0
2022-05-19 11:59:00,920,920,920,920,0
2022-05-19 12:00:00,920,920,920,920,0
2022-05-19 12:01:00,920,920,920,920,0
2022-05-19 12:02:00,920,920,920,920,0
2022-05-19 12:03:00,920,920,920,920,0
2022-05-19 12:04:00,920,920,920,920,0
2022-05-19 12:05:00,920,920,920,920,0
2022-05-19 12:06:00,920,920,920,920,0
2022-05-19 12:07:00,920,920,920,920,0
2022-05-19 12:08:00,920,920,920,920,0
2022-05-19 12:09:00,920,920,920,920,0
2022-05-19 12:10:00,920,920,920,920,0
2022-05-19 12:11:00,920,920,920,920,0
2022-05-19 12:12:00,920,920,920,920,0
2022-05-19 12:13:00,920,920,920,920,0
2022-05-19 12:14:00,920,920,920,920,0
2022-05-19 12:15:00,920,920,920,920,0
2022-05-19 12:16:00,920,920,920,920,0
2022-05-19 12:17:00,920,920,920,920,0
2022-05-19 12:18:00,920,920,920,920,0
2022-05-19 12:19:00,920,920,920,920,0
2022-05-19 12:20:00,920,920,920,920,0
2022-05-19 12:21:00,920,920,920,920,0
2022-05-19 12:22:00,920,920,920,920,0
2022-05-19 12:23:00,920,920,920,920,0
2022-05-19 12:24:00,920,920,920,920,0
2022-05-19 12:25:00,920,920,920,920,0
2022-05-19 12:26:00,920,920,920,920,0
2022-05-19 12:27:00,920,920,920,920,0
2022-05-19 12:28:00,920,920,920,920,0
2022-05-19 12:29:00,920,920,920,920,0
2022-05-19 12:30:00,920,920,920,920,0
2022-05-19 12:31:00,920,920,920,920,0
2022-05-19 12:32:00,920,920,920,920,0
2022-05-19 12:33:00,920,920,920,920,0
2022-05-19 12:34:00,920,920,920,920,0
2022-05-19 12:35:00,920,920,920,920,0
2022-05-19 12:36:00,920,920,920,920,0
2022-05-19 12:37:00,920,920,920,920,0
2022-05-19 12:38:00,920,920,920,920,0
2022-05-19 12:39:00,920,920,920,920,0
2022-05-19 12:40:00,920,920,920,920,0
2022-05-19 12:41:00,920,920,920,920,0
2022-05-19 12:42:00,920,920,920,920,0
2022-05-19 12:43:00,920,920,920,920,0
2022-05-19 12:44:00,920,920,920,920,0
2022-05-19 12:45:00,920,920,920,920,0
2022-05-19 12:46:00,920,920,920,920,0
2022-05-19 12:47:00,920,920,920,920,0
2022-05-19 12:48:00,920,920,920,920,0
2022-05-19 12:49:00,920,920,920,920,0
2022-05-19 12:50:00,920,920,920,920,0
2022-05-19 12:51:00,920,920,920,920,0
2022-05-19 12:52:00,920,920,920,920,0
2022-05-19 12:53:00,920,920,920,920,0
2022-05-19 12:54:00,920,920,920,920,0
2022-05-19 12:55:00,920,920,920,920,0
2022-05-19 12:56:00,920,920,920,920,0
2022-05-19 12:57:00,920,920,920,920,0
2022-05-19 12:58:00,920,920,920,920,0
2022-05-19 12:59:00,920,920,920,920,0
2022-05-19 13:00:00,920,920,920,920,0
2022-05-19 13:01:00,920,920,920,920,0
2022-05-19 13:02:00,920,920,920,920,0
2022-05-19 13:03:00,920,920,920,920,0
2022-05-19 13:04:00,920,920,920,920,0
2022-05-19 13:05:00,920,920,920,920,0
2022-05-19 13:06:00,920,920,920,920,0
2022-05-19 13:07:00,920,920,920,920,0
2022-05-19 13:08:00,920,920,920,920,0
2022-05-19 13:09:00,920,920,920,920,0
2022-05-19 13:10:00,920,920,920,920,0
2022-05-19 13:11:00,920,920,920,920,0
2022-05-19 13:12:00,920,920,920,920,0
2022-05-19 13:13:00,920,920,920,920,0
2022-05-19 13:14:00,920,920,920,920,0
2022-05-19 13:15:00,920,920,920,920,0
2022-05-19 13:16:00,920,920,920,920,0
2022-05-19 13:17:00,920,920,920,920,0
2022-05-19 13:18:00,920,920,920,920,0
2022-05-19 13:19:00,920,920,920,920,0
2022-05-19 13:20:00,920,920,920,920,0
2022-05-19 13:21:00,920,920,920,920,0
2022-05-19 13:22:00,920,920,920,920,0
2022-05-19 13:23:00,920,920,920,920,0
2022-05-19 13:24:00,920,920,920,920,0
2022-05-19 13:25:00,920,920,920,920,0
2022-05-19 13:26:00,920,920,920,920,0
2022-05-19 13:27:00,920,920,920,920,0
2022-05-19 13:28:00,920,920,920,920,0
2022-05-19 13:29:00,920,920,920,920,0
2022-05-19 13:30:00,920,920,920,920,0
2022-05-19 13:31:00,920,920,920,920,0
2022-05-19 13:32:00,920,920,920,920,0
2022-05-19 13:33:00,920,920,920,920,0
2022-05-19 13:34:00,920,920,920,920,0
2022-05-19 13:35:00,920,920,920,920,0
2022-05-19 13:36:00,920,920,920,920,0
2022-05-19 13:37:00,920,920,920,920,0
2022-05-19 13:38:00,920,920,930,930,400
2022-05-19 13:39:00,920,920,930,930,0
2022-05-19 13:40:00,920,920,930,930,0
2022-05-19 13:41:00,920,920,930,930,0
2022-05-19 13:42:00,920,920,930,930,0
2022-05-19 13:43:00,920,920,930,930,0
2022-05-19 13:44:00,920,920,930,930,0
2022-05-19 13:45:00,920,920,930,930,0
2022-05-19 13:46:00,920,920,930,930,0
2022-05-19 13:47:00,920,920,930,930,0
2022-05-19 13:48:00,920,920,930,930,0
2022-05-19 13:49:00,920,920,930,930,0
2022-05-19 13:50:00,920,920,930,930,0
2022-05-19 13:51:00,925,925,925,925,10000
2022-05-19 13:52:00,920,920,920,920,13100
2022-05-19 13:53:00,930,930,930,930,4000
2022-05-19 13:54:00,915,915,915,915,62900
2022-05-19 13:55:00,915,915,915,915,0
2022-05-19 13:56:00,915,915,915,915,100
2022-05-19 13:57:00,915,915,915,915,0
2022-05-19 13:58:00,915,915,915,915,0
2022-05-19 13:59:00,915,915,920,920,1700
2022-05-19 14:00:00,915,915,920,920,0
2022-05-19 14:01:00,915,915,920,920,0
2022-05-19 14:02:00,915,915,920,920,0
2022-05-19 14:03:00,915,915,920,920,0
2022-05-19 14:04:00,915,915,920,920,0
2022-05-19 14:05:00,920,920,920,920,100
2022-05-19 14:06:00,915,915,915,915,200
2022-05-19 14:07:00,910,910,910,910,2500
2022-05-19 14:08:00,910,910,910,910,5000
2022-05-19 14:09:00,915,915,915,915,1200
2022-05-19 14:10:00,915,915,915,915,100
2022-05-19 14:11:00,915,915,915,915,0
2022-05-19 14:12:00,915,915,915,915,0
2022-05-19 14:13:00,915,915,915,915,0
2022-05-19 14:14:00,915,915,915,915,0
2022-05-19 14:15:00,915,915,915,915,0
2022-05-19 14:16:00,915,915,915,915,0
2022-05-19 14:17:00,915,915,915,915,0
2022-05-19 14:18:00,920,920,920,920,207000
2022-05-19 14:19:00,915,915,915,915,1300
2022-05-19 14:20:00,915,915,915,915,0
2022-05-19 14:21:00,915,915,915,915,0
2022-05-19 14:22:00,915,915,930,930,7600
2022-05-19 14:23:00,925,925,925,925,94100
2022-05-19 14:24:00,925,925,925,925,0
2022-05-19 14:25:00,925,925,925,925,0
2022-05-19 14:26:00,925,925,925,925,0
2022-05-19 14:27:00,925,925,925,925,0
2022-05-19 14:28:00,925,925,925,925,0
2022-05-19 14:29:00,925,925,925,925,0
2022-05-19 14:30:00,925,925,925,925,0
2022-05-19 14:31:00,925,925,925,925,0
2022-05-19 14:32:00,920,920,920,920,100
2022-05-19 14:33:00,920,920,920,920,0
2022-05-19 14:34:00,920,920,920,920,0
2022-05-19 14:35:00,920,920,920,920,0
2022-05-19 14:36:00,920,920,920,920,0
2022-05-19 14:37:00,920,920,920,920,0
2022-05-19 14:38:00,920,920,920,920,0
2022-05-19 14:39:00,920,920,920,920,0
2022-05-19 14:40:00,920,920,920,920,0
2022-05-19 14:41:00,920,920,920,920,100
2022-05-19 14:42:00,920,920,920,920,100
2022-05-19 14:43:00,920,920,920,920,0
2022-05-19 14:44:00,920,920,920,920,0
2022-05-19 14:45:00,920,920,920,920,0
2022-05-19 14:46:00,920,920,920,920,0
2022-05-19 14:47:00,920,920,920,920,0
2022-05-19 14:48:00,920,920,920,920,2000
2022-05-19 14:49:00,920,920,920,920,0
2022-05-19 14:50:00,920,920,920,920,0
2022-05-19 14:51:00,920,920,920,920,0
2022-05-19 14:52:00,920,920,920,920,0
2022-05-19 14:53:00,920,920,920,920,0
2022-05-19 14:54:00,920,920,920,920,0
2022-05-19 14:55:00,920,920,920,920,0
2022-05-19 14:56:00,920,920,920,920,0
2022-05-19 14:57:00,920,920,920,920,0
2022-05-19 14:58:00,920,920,920,920,0
2022-05-19 14:59:00,920,920,920,920,0
2022-05-19 15:00:00,925,925,925,925,1100
2022-05-19 15:01:00,925,925,925,925,300
2022-05-19 15:02:00,925,925,925,925,0
2022-05-19 15:03:00,925,925,925,925,0
2022-05-19 15:04:00,925,925,925,925,0
2022-05-19 15:05:00,925,925,925,925,0
2022-05-19 15:06:00,925,925,925,925,0
2022-05-19 15:07:00,925,925,925,925,0
2022-05-19 15:08:00,925,925,925,925,0
2022-05-19 15:09:00,925,925,925,925,0
2022-05-19 15:10:00,925,925,925,925,0
2022-05-19 15:11:00,925,925,925,925,0
2022-05-19 15:12:00,925,925,925,925,0
2022-05-19 15:13:00,925,925,925,925,0
2022-05-19 15:14:00,925,925,925,925,2700
2022-05-19 15:15:00,925,925,925,925,0
2022-05-19 15:16:00,925,925,925,925,0
2022-05-19 15:17:00,925,925,925,925,0
2022-05-19 15:18:00,925,925,925,925,0
2022-05-19 15:19:00,925,925,925,925,0
2022-05-19 15:20:00,925,925,925,925,0
2022-05-19 15:21:00,925,925,925,925,0
2022-05-19 15:22:00,925,925,925,925,0
2022-05-19 15:23:00,925,925,925,925,0
2022-05-19 15:24:00,925,925,925,925,0
2022-05-19 15:25:00,925,925,925,925,0
2022-05-19 15:26:00,925,925,925,925,0
2022-05-19 15:27:00,925,925,925,925,0
2022-05-19 15:28:00,925,925,925,925,0
2022-05-19 15:29:00,925,925,925,925,0
2022-05-19 15:30:00,925,925,925,925,0
2022-05-19 15:31:00,925,925,925,925,0
2022-05-19 15:32:00,925,925,925,925,0
2022-05-19 15:33:00,925,925,925,925,0
2022-05-19 15:34:00,925,925,925,925,0
2022-05-19 15:35:00,925,925,925,925,0
2022-05-19 15:36:00,925,925,925,925,0
2022-05-19 15:37:00,925,925,925,925,0
2022-05-19 15:38:00,925,925,925,925,0
2022-05-19 15:39:00,925,925,925,925,0
2022-05-19 15:40:00,925,925,925,925,0
2022-05-19 15:41:00,925,925,925,925,0
2022-05-19 15:42:00,925,925,925,925,0
2022-05-19 15:43:00,925,925,925,925,0
2022-05-19 15:44:00,925,925,925,925,0
2022-05-19 15:45:00,925,925,925,925,0
2022-05-19 15:46:00,925,925,925,925,0
2022-05-19 15:47:00,925,925,925,925,0
2022-05-19 15:48:00,925,925,925,925,0
2022-05-19 15:49:00,925,925,925,925,0
2022-05-19 15:50:00,925,925,925,925,0
2022-05-19 15:51:00,925,925,925,925,0
2022-05-19 15:52:00,925,925,925,925,0
2022-05-19 15:53:00,925,925,925,925,0
2022-05-19 15:54:00,925,925,925,925,0
2022-05-19 15:55:00,925,925,925,925,0
2022-05-19 15:56:00,925,925,925,925,0
2022-05-19 15:57:00,925,925,925,925,0
2022-05-19 15:58:00,925,925,925,925,0
2022-05-19 15:59:00,925,925,925,925,0
2022-05-20 09:00:00,925,925,935,925,0
2022-05-20 09:01:00,930,930,930,930,15000
2022-05-20 09:02:00,925,925,925,925,800
2022-05-20 09:03:00,925,925,925,925,0
2022-05-20 09:04:00,925,925,925,925,0
2022-05-20 09:05:00,925,925,925,925,0
2022-05-20 09:06:00,925,925,925,925,1000
2022-05-20 09:07:00,925,925,925,925,0
2022-05-20 09:08:00,925,925,925,925,0
2022-05-20 09:09:00,925,925,925,925,0
2022-05-20 09:10:00,925,925,925,925,0
2022-05-20 09:11:00,925,925,925,925,300
2022-05-20 09:12:00,925,925,925,925,4900
2022-05-20 09:13:00,925,925,925,925,0
2022-05-20 09:14:00,925,925,925,925,0
2022-05-20 09:15:00,925,925,925,925,0
2022-05-20 09:16:00,925,925,925,925,0
2022-05-20 09:17:00,925,925,925,925,0
2022-05-20 09:18:00,925,925,925,925,0
2022-05-20 09:19:00,925,925,925,925,0
2022-05-20 09:20:00,925,925,925,925,0
2022-05-20 09:21:00,925,925,925,925,0
2022-05-20 09:22:00,925,925,925,925,0
2022-05-20 09:23:00,925,925,925,925,0
2022-05-20 09:24:00,925,925,925,925,0
2022-05-20 09:25:00,920,920,920,920,1000
2022-05-20 09:26:00,920,920,920,920,0
2022-05-20 09:27:00,920,920,920,920,0
2022-05-20 09:28:00,920,920,920,920,0
2022-05-20 09:29:00,920,920,920,920,0
2022-05-20 09:30:00,920,920,920,920,0
2022-05-20 09:31:00,920,920,920,920,0
2022-05-20 09:32:00,920,920,920,920,0
2022-05-20 09:33:00,920,920,920,920,700
2022-05-20 09:34:00,920,920,920,920,0
2022-05-20 09:35:00,920,920,920,920,100
2022-05-20 09:36:00,920,920,920,920,0
2022-05-20 09:37:00,920,920,920,920,0
2022-05-20 09:38:00,920,920,920,920,0
2022-05-20 09:39:00,920,920,920,920,0
2022-05-20 09:40:00,920,920,920,920,0
2022-05-20 09:41:00,920,920,920,920,500
2022-05-20 09:42:00,920,920,920,920,200
2022-05-20 09:43:00,920,920,920,920,0
2022-05-20 09:44:00,920,920,920,920,10000
2022-05-20 09:45:00,920,920,920,920,0
2022-05-20 09:46:00,915,910,915,910,25000
2022-05-20 09:47:00,910,910,910,910,800
2022-05-20 09:48:00,915,915,915,915,1900
2022-05-20 09:49:00,915,915,915,915,200300
2022-05-20 09:50:00,910,910,910,910,7300
2022-05-20 09:51:00,910,910,910,910,17900
2022-05-20 09:52:00,910,910,910,910,100
2022-05-20 09:53:00,910,900,910,910,359200
2022-05-20 09:54:00,910,910,910,910,2700
2022-05-20 09:55:00,910,910,915,915,4400
2022-05-20 09:56:00,910,910,915,915,0
2022-05-20 09:57:00,915,915,915,915,1000
2022-05-20 09:58:00,915,915,915,915,100
2022-05-20 09:59:00,915,915,915,915,0
2022-05-20 10:00:00,915,915,915,915,100
2022-05-20 10:01:00,915,915,915,915,0
2022-05-20 10:02:00,915,915,915,915,0
2022-05-20 10:03:00,915,915,915,915,0
2022-05-20 10:04:00,915,915,915,915,0
2022-05-20 10:05:00,915,915,915,915,0
2022-05-20 10:06:00,915,915,915,915,0
2022-05-20 10:07:00,915,915,915,915,0
2022-05-20 10:08:00,915,915,915,915,0
2022-05-20 10:09:00,915,915,915,915,3200
2022-05-20 10:10:00,915,915,915,915,0
2022-05-20 10:11:00,920,920,920,920,100
2022-05-20 10:12:00,920,920,920,920,0
2022-05-20 10:13:00,920,920,920,920,0
2022-05-20 10:14:00,920,915,920,915,3100
2022-05-20 10:15:00,920,915,920,915,0
2022-05-20 10:16:00,920,915,920,915,0
2022-05-20 10:17:00,920,920,920,920,3100
2022-05-20 10:18:00,920,920,920,920,0
2022-05-20 10:19:00,920,920,920,920,0
2022-05-20 10:20:00,920,920,920,920,300
2022-05-20 10:21:00,920,920,920,920,100
2022-05-20 10:22:00,920,920,920,920,0
2022-05-20 10:23:00,920,920,920,920,0
2022-05-20 10:24:00,920,920,920,920,0
2022-05-20 10:25:00,920,920,920,920,0
2022-05-20 10:26:00,920,920,920,920,0
2022-05-20 10:27:00,925,925,925,925,500
2022-05-20 10:28:00,925,925,925,925,0
2022-05-20 10:29:00,925,925,925,925,0
2022-05-20 10:30:00,925,925,925,925,0
2022-05-20 10:31:00,925,925,925,925,0
2022-05-20 10:32:00,925,925,925,925,0
2022-05-20 10:33:00,925,925,925,925,0
2022-05-20 10:34:00,925,925,925,925,0
2022-05-20 10:35:00,925,925,925,925,9000
2022-05-20 10:36:00,925,925,925,925,300
2022-05-20 10:37:00,925,925,925,925,0
2022-05-20 10:38:00,925,925,925,925,0
2022-05-20 10:39:00,925,925,925,925,0
2022-05-20 10:40:00,925,925,925,925,0
2022-05-20 10:41:00,925,925,925,925,0
2022-05-20 10:42:00,925,925,925,925,0
2022-05-20 10:43:00,925,925,925,925,0
2022-05-20 10:44:00,925,925,925,925,0
2022-05-20 10:45:00,925,925,925,925,0
2022-05-20 10:46:00,925,925,925,925,0
2022-05-20 10:47:00,925,925,925,925,0
2022-05-20 10:48:00,925,925,925,925,0
2022-05-20 10:49:00,925,925,925,925,0
2022-05-20 10:50:00,930,930,930,930,10000
2022-05-20 10:51:00,930,930,930,930,100
2022-05-20 10:52:00,930,930,930,930,0
2022-05-20 10:53:00,930,930,930,930,5000
2022-05-20 10:54:00,930,930,930,930,6500
2022-05-20 10:55:00,930,930,930,930,0
2022-05-20 10:56:00,930,930,930,930,0
2022-05-20 10:57:00,930,930,930,930,0
2022-05-20 10:58:00,930,930,930,930,0
2022-05-20 10:59:00,930,930,930,930,0
2022-05-20 11:00:00,930,930,930,930,0
2022-05-20 11:01:00,930,930,930,930,0
2022-05-20 11:02:00,930,930,930,930,0
2022-05-20 11:03:00,930,930,930,930,0
2022-05-20 11:04:00,930,930,930,930,0
2022-05-20 11:05:00,930,930,930,930,0
2022-05-20 11:06:00,930,930,930,930,0
2022-05-20 11:07:00,930,930,930,930,0
2022-05-20 11:08:00,930,930,930,930,0
2022-05-20 11:09:00,930,930,930,930,0
2022-05-20 11:10:00,930,930,930,930,0
2022-05-20 11:11:00,930,930,930,930,0
2022-05-20 11:12:00,930,930,930,930,200
2022-05-20 11:13:00,930,930,930,930,0
2022-05-20 11:14:00,930,930,930,930,0
2022-05-20 11:15:00,930,930,930,930,0
2022-05-20 11:16:00,930,930,930,930,0
2022-05-20 11:17:00,930,930,930,930,0
2022-05-20 11:18:00,930,930,930,930,0
2022-05-20 11:19:00,930,930,930,930,0
2022-05-20 11:20:00,930,930,930,930,0
2022-05-20 11:21:00,930,930,930,930,0
2022-05-20 11:22:00,930,930,930,930,0
2022-05-20 11:23:00,930,930,930,930,1000
2022-05-20 11:24:00,930,930,930,930,0
2022-05-20 11:25:00,930,930,930,930,0
2022-05-20 11:26:00,930,930,930,930,0
2022-05-20 11:27:00,930,930,930,930,0
2022-05-20 11:28:00,930,930,930,930,0
2022-05-20 11:29:00,930,930,930,930,0
2022-05-20 11:30:00,930,930,930,930,0
2022-05-20 11:31:00,930,930,930,930,0
2022-05-20 11:32:00,930,930,930,930,0
2022-05-20 11:33:00,930,930,930,930,0
2022-05-20 11:34:00,930,930,930,930,0
2022-05-20 11:35:00,930,930,930,930,0
2022-05-20 11:36:00,930,930,930,930,0
2022-05-20 11:37:00,930,930,930,930,0
2022-05-20 11:38:00,930,930,930,930,0
2022-05-20 11:39:00,930,930,930,930,0
2022-05-20 11:40:00,930,930,930,930,0
2022-05-20 11:41:00,930,930,930,930,0
2022-05-20 11:42:00,930,930,930,930,0
2022-05-20 11:43:00,930,930,930,930,0
2022-05-20 11:44:00,930,930,930,930,0
2022-05-20 11:45:00,930,930,930,930,0
2022-05-20 11:46:00,930,930,930,930,0
2022-05-20 11:47:00,930,930,930,930,0
2022-05-20 11:48:00,930,930,930,930,0
2022-05-20 11:49:00,930,930,930,930,0
2022-05-20 11:50:00,930,930,930,930,0
2022-05-20 11:51:00,930,930,930,930,0
2022-05-20 11:52:00,930,930,930,930,0
2022-05-20 11:53:00,930,930,930,930,0
2022-05-20 11:54:00,930,930,930,930,0
2022-05-20 11:55:00,930,930,930,930,0
2022-05-20 11:56:00,930,930,930,930,0
2022-05-20 11:57:00,930,930,930,930,0
2022-05-20 11:58:00,930,930,930,930,0
2022-05-20 11:59:00,930,930,930,930,0
2022-05-20 12:00:00,930,930,930,930,0
2022-05-20 12:01:00,930,930,930,930,0
2022-05-20 12:02:00,930,930,930,930,0
2022-05-20 12:03:00,930,930,930,930,0
2022-05-20 12:04:00,930,930,930,930,0
2022-05-20 12:05:00,930,930,930,930,0
2022-05-20 12:06:00,930,930,930,930,0
2022-05-20 12:07:00,930,930,930,930,0
2022-05-20 12:08:00,930,930,930,930,0
2022-05-20 12:09:00,930,930,930,930,0
2022-05-20 12:10:00,930,930,930,930,0
2022-05-20 12:11:00,930,930,930,930,0
2022-05-20 12:12:00,930,930,930,930,0
2022-05-20 12:13:00,930,930,930,930,0
2022-05-20 12:14:00,930,930,930,930,0
2022-05-20 12:15:00,930,930,930,930,0
2022-05-20 12:16:00,930,930,930,930,0
2022-05-20 12:17:00,930,930,930,930,0
2022-05-20 12:18:00,930,930,930,930,0
2022-05-20 12:19:00,930,930,930,930,0
2022-05-20 12:20:00,930,930,930,930,0
2022-05-20 12:21:00,930,930,930,930,0
2022-05-20 12:22:00,930,930,930,930,0
2022-05-20 12:23:00,930,930,930,930,0
2022-05-20 12:24:00,930,930,930,930,0
2022-05-20 12:25:00,930,930,930,930,0
2022-05-20 12:26:00,930,930,930,930,0
2022-05-20 12:27:00,930,930,930,930,0
2022-05-20 12:28:00,930,930,930,930,0
2022-05-20 12:29:00,930,930,930,930,0
2022-05-20 12:30:00,930,930,930,930,0
2022-05-20 12:31:00,930,930,930,930,0
2022-05-20 12:32:00,930,930,930,930,0
2022-05-20 12:33:00,930,930,930,930,0
2022-05-20 12:34:00,930,930,930,930,0
2022-05-20 12:35:00,930,930,930,930,0
2022-05-20 12:36:00,930,930,930,930,0
2022-05-20 12:37:00,930,930,930,930,0
2022-05-20 12:38:00,930,930,930,930,0
2022-05-20 12:39:00,930,930,930,930,0
2022-05-20 12:40:00,930,930,930,930,0
2022-05-20 12:41:00,930,930,930,930,0
2022-05-20 12:42:00,930,930,930,930,0
2022-05-20 12:43:00,930,930,930,930,0
2022-05-20 12:44:00,930,930,930,930,0
2022-05-20 12:45:00,930,930,930,930,0
2022-05-20 12:46:00,930,930,930,930,0
2022-05-20 12:47:00,930,930,930,930,0
2022-05-20 12:48:00,930,930,930,930,0
2022-05-20 12:49:00,930,930,930,930,0
2022-05-20 12:50:00,930,930,930,930,0
2022-05-20 12:51:00,930,930,930,930,0
2022-05-20 12:52:00,930,930,930,930,0
2022-05-20 12:53:00,930,930,930,930,0
2022-05-20 12:54:00,930,930,930,930,0
2022-05-20 12:55:00,930,930,930,930,0
2022-05-20 12:56:00,930,930,930,930,0
2022-05-20 12:57:00,930,930,930,930,0
2022-05-20 12:58:00,930,930,930,930,0
2022-05-20 12:59:00,930,930,930,930,0
2022-05-20 13:00:00,930,930,930,930,0
2022-05-20 13:01:00,930,930,930,930,0
2022-05-20 13:02:00,930,930,930,930,0
2022-05-20 13:03:00,930,930,930,930,0
2022-05-20 13:04:00,930,930,930,930,0
2022-05-20 13:05:00,930,930,930,930,0
2022-05-20 13:06:00,930,930,930,930,0
2022-05-20 13:07:00,930,930,930,930,0
2022-05-20 13:08:00,930,930,930,930,0
2022-05-20 13:09:00,930,930,930,930,0
2022-05-20 13:10:00,930,930,930,930,0
2022-05-20 13:11:00,930,930,930,930,0
2022-05-20 13:12:00,930,930,930,930,0
2022-05-20 13:13:00,930,930,930,930,0
2022-05-20 13:14:00,930,930,930,930,0
2022-05-20 13:15:00,930,930,930,930,0
2022-05-20 13:16:00,930,930,930,930,0
2022-05-20 13:17:00,930,930,930,930,0
2022-05-20 13:18:00,930,930,930,930,0
2022-05-20 13:19:00,930,930,930,930,0
2022-05-20 13:20:00,930,930,930,930,0
2022-05-20 13:21:00,930,930,930,930,0
2022-05-20 13:22:00,930,930,930,930,0
2022-05-20 13:23:00,930,930,930,930,0
2022-05-20 13:24:00,930,930,930,930,0
2022-05-20 13:25:00,930,930,930,930,0
2022-05-20 13:26:00,930,930,930,930,0
2022-05-20 13:27:00,930,930,930,930,0
2022-05-20 13:28:00,930,930,930,930,0
2022-05-20 13:29:00,930,930,930,930,0
2022-05-20 13:30:00,935,930,935,930,4400
2022-05-20 13:31:00,935,930,935,930,0
2022-05-20 13:32:00,930,930,930,930,3000
2022-05-20 13:33:00,930,930,930,930,0
2022-05-20 13:34:00,930,930,930,930,0
2022-05-20 13:35:00,930,930,930,930,0
2022-05-20 13:36:00,930,930,930,930,0
2022-05-20 13:37:00,930,930,930,930,0
2022-05-20 13:38:00,930,930,930,930,0
2022-05-20 13:39:00,930,930,930,930,0
2022-05-20 13:40:00,930,930,930,930,0
2022-05-20 13:41:00,930,930,930,930,0
2022-05-20 13:42:00,930,930,930,930,0
2022-05-20 13:43:00,930,930,930,930,0
2022-05-20 13:44:00,930,930,930,930,0
2022-05-20 13:45:00,930,930,930,930,0
2022-05-20 13:46:00,930,930,930,930,600
2022-05-20 13:47:00,930,930,930,930,0
2022-05-20 13:48:00,930,930,930,930,0
2022-05-20 13:49:00,930,930,930,930,0
2022-05-20 13:50:00,930,930,930,930,0
2022-05-20 13:51:00,930,930,930,930,0
2022-05-20 13:52:00,930,930,930,930,0
2022-05-20 13:53:00,930,930,930,930,0
2022-05-20 13:54:00,925,925,925,925,16300
2022-05-20 13:55:00,925,925,925,925,0
2022-05-20 13:56:00,925,925,925,925,0
2022-05-20 13:57:00,925,925,925,925,0
2022-05-20 13:58:00,925,925,925,925,0
2022-05-20 13:59:00,925,925,925,925,0
2022-05-20 14:00:00,925,925,925,925,0
2022-05-20 14:01:00,925,925,925,925,0
2022-05-20 14:02:00,925,925,925,925,0
2022-05-20 14:03:00,925,925,925,925,0
2022-05-20 14:04:00,925,925,925,925,0
2022-05-20 14:05:00,925,925,925,925,0
2022-05-20 14:06:00,925,925,925,925,0
2022-05-20 14:07:00,925,925,925,925,0
2022-05-20 14:08:00,925,925,925,925,0
2022-05-20 14:09:00,925,925,925,925,200
2022-05-20 14:10:00,925,925,925,925,0
2022-05-20 14:11:00,925,925,925,925,4900
2022-05-20 14:12:00,925,925,925,925,4700
2022-05-20 14:13:00,925,925,925,925,0
2022-05-20 14:14:00,925,925,925,925,0
2022-05-20 14:15:00,925,925,925,925,0
2022-05-20 14:16:00,925,925,925,925,0
2022-05-20 14:17:00,925,925,925,925,0
2022-05-20 14:18:00,925,925,925,925,0
2022-05-20 14:19:00,925,925,925,925,0
2022-05-20 14:20:00,925,925,925,925,0
2022-05-20 14:21:00,925,925,925,925,3000
2022-05-20 14:22:00,925,925,925,925,300
2022-05-20 14:23:00,925,925,925,925,0
2022-05-20 14:24:00,925,925,925,925,1000
2022-05-20 14:25:00,925,925,925,925,0
2022-05-20 14:26:00,925,925,925,925,0
2022-05-20 14:27:00,925,925,925,925,0
2022-05-20 14:28:00,925,925,925,925,0
2022-05-20 14:29:00,925,925,925,925,0
2022-05-20 14:30:00,930,930,930,930,200
2022-05-20 14:31:00,930,930,930,930,0
2022-05-20 14:32:00,930,930,930,930,0
2022-05-20 14:33:00,930,930,930,930,0
2022-05-20 14:34:00,930,930,930,930,5400
2022-05-20 14:35:00,925,925,925,925,1000
2022-05-20 14:36:00,925,925,925,925,0
2022-05-20 14:37:00,925,925,925,925,0
2022-05-20 14:38:00,925,925,925,925,0
2022-05-20 14:39:00,925,925,925,925,3300
2022-05-20 14:40:00,925,925,925,925,1000
2022-05-20 14:41:00,925,925,925,925,0
2022-05-20 14:42:00,925,925,925,925,0
2022-05-20 14:43:00,925,925,925,925,0
2022-05-20 14:44:00,925,925,925,925,0
2022-05-20 14:45:00,925,925,925,925,100
2022-05-20 14:46:00,925,925,925,925,0
2022-05-20 14:47:00,925,925,925,925,200
2022-05-20 14:48:00,925,925,925,925,800
2022-05-20 14:49:00,925,925,925,925,0
2022-05-20 14:50:00,925,925,925,925,0
2022-05-20 14:51:00,925,925,925,925,0
2022-05-20 14:52:00,925,925,925,925,0
2022-05-20 14:53:00,925,925,925,925,0
2022-05-20 14:54:00,925,925,925,925,0
2022-05-20 14:55:00,925,925,925,925,0
2022-05-20 14:56:00,925,925,925,925,0
2022-05-20 14:57:00,925,925,925,925,0
2022-05-20 14:58:00,925,925,925,925,0
2022-05-20 14:59:00,925,925,925,925,0
2022-05-20 15:00:00,925,925,925,925,16700
2022-05-20 15:01:00,925,925,925,925,0
2022-05-20 15:02:00,925,925,925,925,0
2022-05-20 15:03:00,925,925,925,925,7300
2022-05-20 15:04:00,925,925,925,925,16700
2022-05-20 15:05:00,925,925,925,925,0
2022-05-20 15:06:00,925,925,925,925,0
2022-05-20 15:07:00,925,925,925,925,0
2022-05-20 15:08:00,925,925,925,925,0
2022-05-20 15:09:00,925,925,925,925,0
2022-05-20 15:10:00,925,925,925,925,0
2022-05-20 15:11:00,925,925,925,925,1700
2022-05-20 15:12:00,925,925,925,925,0
2022-05-20 15:13:00,925,925,925,925,0
2022-05-20 15:14:00,925,925,925,925,0
2022-05-20 15:15:00,925,925,925,925,0
2022-05-20 15:16:00,925,925,925,925,0
2022-05-20 15:17:00,925,925,925,925,0
2022-05-20 15:18:00,925,925,925,925,0
2022-05-20 15:19:00,925,925,925,925,0
2022-05-20 15:20:00,925,925,925,925,0
2022-05-20 15:21:00,925,925,925,925,0
2022-05-20 15:22:00,925,925,925,925,0
2022-05-20 15:23:00,925,925,925,925,0
2022-05-20 15:24:00,925,925,925,925,0
2022-05-20 15:25:00,925,925,925,925,0
2022-05-20 15:26:00,925,925,925,925,0
2022-05-20 15:27:00,925,925,925,925,0
2022-05-20 15:28:00,925,925,925,925,0
2022-05-20 15:29:00,925,925,925,925,0
2022-05-20 15:30:00,925,925,925,925,0
2022-05-20 15:31:00,925,925,925,925,0
2022-05-20 15:32:00,925,925,925,925,0
2022-05-20 15:33:00,925,925,925,925,0
2022-05-20 15:34:00,925,925,925,925,0
2022-05-20 15:35:00,925,925,925,925,0
2022-05-20 15:36:00,925,925,925,925,0
2022-05-20 15:37:00,925,925,925,925,0
2022-05-20 15:38:00,925,925,925,925,0
2022-05-20 15:39:00,925,925,925,925,0
2022-05-20 15:40:00,925,925,925,925,0
2022-05-20 15:41:00,925,925,925,925,0
2022-05-20 15:42:00,925,925,925,925,0
2022-05-20 15:43:00,925,925,925,925,0
2022-05-20 15:44:00,925,925,925,925,0
2022-05-20 15:45:00,925,925,925,925,0
2022-05-20 15:46:00,925,925,925,925,0
2022-05-20 15:47:00,925,925,925,925,0
2022-05-20 15:48:00,925,925,925,925,0
2022-05-20 15:49:00,925,925,925,925,0
2022-05-20 15:50:00,925,925,925,925,0
2022-05-20 15:51:00,925,925,925,925,0
2022-05-20 15:52:00,925,925,925,925,0
2022-05-20 15:53:00,925,925,925,925,0
2022-05-20 15:54:00,925,925,925,925,0
2022-05-20 15:55:00,925,925,925,925,0
2022-05-20 15:56:00,925,925,925,925,0
2022-05-20 15:57:00,925,925,925,925,0
2022-05-20 15:58:00,925,925,925,925,0
2022-05-20 15:59:00,925,925,925,925,0
2022-05-23 09:00:00,925,925,925,925,0
2022-05-23 09:01:00,925,920,925,920,2500
2022-05-23 09:02:00,915,900,915,900,38700
2022-05-23 09:03:00,905,905,905,905,100
2022-05-23 09:04:00,910,910,910,910,11500
2022-05-23 09:05:00,910,910,910,910,0
2022-05-23 09:06:00,910,910,910,910,0
2022-05-23 09:07:00,910,910,910,910,0
2022-05-23 09:08:00,910,910,910,910,0
2022-05-23 09:09:00,910,910,910,910,0
2022-05-23 09:10:00,915,915,915,915,500
2022-05-23 09:11:00,915,915,915,915,0
2022-05-23 09:12:00,915,915,915,915,0
2022-05-23 09:13:00,915,915,915,915,0
2022-05-23 09:14:00,915,915,915,915,0
2022-05-23 09:15:00,915,910,915,910,1500
2022-05-23 09:16:00,915,910,915,910,0
2022-05-23 09:17:00,915,910,915,910,0
2022-05-23 09:18:00,915,910,915,910,0
2022-05-23 09:19:00,915,910,915,910,0
2022-05-23 09:20:00,915,910,915,910,0
2022-05-23 09:21:00,915,910,915,910,0
2022-05-23 09:22:00,915,910,915,910,0
2022-05-23 09:23:00,915,910,915,910,0
2022-05-23 09:24:00,915,910,915,910,0
2022-05-23 09:25:00,915,910,915,910,0
2022-05-23 09:26:00,915,910,915,910,0
2022-05-23 09:27:00,910,910,910,910,2000
2022-05-23 09:28:00,910,910,910,910,3000
2022-05-23 09:29:00,910,910,910,910,0
2022-05-23 09:30:00,910,910,910,910,0
2022-05-23 09:31:00,910,910,910,910,0
2022-05-23 09:32:00,910,910,910,910,500
2022-05-23 09:33:00,910,910,910,910,0
2022-05-23 09:34:00,910,910,910,910,0
2022-05-23 09:35:00,910,910,910,910,0
2022-05-23 09:36:00,910,910,910,910,0
2022-05-23 09:37:00,910,910,910,910,0
2022-05-23 09:38:00,910,910,910,910,0
2022-05-23 09:39:00,910,910,910,910,0
2022-05-23 09:40:00,910,910,910,910,0
2022-05-23 09:41:00,910,910,910,910,0
2022-05-23 09:42:00,910,910,910,910,0
2022-05-23 09:43:00,910,910,910,910,0
2022-05-23 09:44:00,910,910,910,910,0
2022-05-23 09:45:00,910,910,910,910,0
2022-05-23 09:46:00,910,910,910,910,0
2022-05-23 09:47:00,910,910,910,910,0
2022-05-23 09:48:00,915,915,915,915,500
2022-05-23 09:49:00,915,915,915,915,0
2022-05-23 09:50:00,915,915,915,915,0
2022-05-23 09:51:00,915,915,915,915,0
2022-05-23 09:52:00,925,925,925,925,200
2022-05-23 09:53:00,925,925,925,925,0
2022-05-23 09:54:00,925,925,925,925,0
2022-05-23 09:55:00,925,925,925,925,2300
2022-05-23 09:56:00,925,925,925,925,0
2022-05-23 09:57:00,925,925,925,925,2700
2022-05-23 09:58:00,925,925,925,925,0
2022-05-23 09:59:00,915,915,915,915,3600
2022-05-23 10:00:00,915,915,915,915,100
2022-05-23 10:01:00,915,915,915,915,0
2022-05-23 10:02:00,915,915,915,915,0
2022-05-23 10:03:00,915,915,915,915,0
2022-05-23 10:04:00,915,915,915,915,0
2022-05-23 10:05:00,915,915,915,915,0
2022-05-23 10:06:00,915,915,915,915,0
2022-05-23 10:07:00,915,915,915,915,0
2022-05-23 10:08:00,915,915,915,915,0
2022-05-23 10:09:00,915,915,915,915,0
2022-05-23 10:10:00,915,915,915,915,0
2022-05-23 10:11:00,915,915,915,915,0
2022-05-23 10:12:00,915,915,915,915,0
2022-05-23 10:13:00,915,915,915,915,0
2022-05-23 10:14:00,925,925,925,925,5000
2022-05-23 10:15:00,925,925,925,925,0
2022-05-23 10:16:00,925,925,925,925,0
2022-05-23 10:17:00,925,925,925,925,0
2022-05-23 10:18:00,925,925,925,925,0
2022-05-23 10:19:00,925,925,925,925,0
2022-05-23 10:20:00,925,925,925,925,0
2022-05-23 10:21:00,925,925,925,925,0
2022-05-23 10:22:00,925,925,925,925,0
2022-05-23 10:23:00,925,925,925,925,0
2022-05-23 10:24:00,925,925,925,925,0
2022-05-23 10:25:00,925,925,925,925,0
2022-05-23 10:26:00,925,925,925,925,0
2022-05-23 10:27:00,925,925,925,925,0
2022-05-23 10:28:00,925,925,925,925,0
2022-05-23 10:29:00,925,925,925,925,0
2022-05-23 10:30:00,925,925,925,925,0
2022-05-23 10:31:00,925,925,925,925,0
2022-05-23 10:32:00,925,925,925,925,0
2022-05-23 10:33:00,925,925,925,925,0
2022-05-23 10:34:00,925,925,930,930,41200
2022-05-23 10:35:00,925,925,930,930,0
2022-05-23 10:36:00,925,925,930,930,0
2022-05-23 10:37:00,925,925,930,930,0
2022-05-23 10:38:00,925,925,930,930,0
2022-05-23 10:39:00,925,925,930,930,0
2022-05-23 10:40:00,925,925,930,930,0
2022-05-23 10:41:00,925,925,930,930,0
2022-05-23 10:42:00,930,930,930,930,2500
2022-05-23 10:43:00,930,930,930,930,0
2022-05-23 10:44:00,930,930,930,930,0
2022-05-23 10:45:00,930,930,930,930,0
2022-05-23 10:46:00,930,930,930,930,0
2022-05-23 10:47:00,930,930,930,930,100
2022-05-23 10:48:00,930,930,930,930,10000
2022-05-23 10:49:00,930,930,930,930,0
2022-05-23 10:50:00,930,930,930,930,900
2022-05-23 10:51:00,930,930,930,930,0
2022-05-23 10:52:00,930,930,930,930,0
2022-05-23 10:53:00,930,930,930,930,0
2022-05-23 10:54:00,930,930,930,930,0
2022-05-23 10:55:00,930,930,930,930,0
2022-05-23 10:56:00,930,930,930,930,0
2022-05-23 10:57:00,930,930,930,930,0
2022-05-23 10:58:00,930,930,930,930,0
2022-05-23 10:59:00,930,930,930,930,0
2022-05-23 11:00:00,930,930,930,930,200
2022-05-23 11:01:00,930,930,930,930,20600
2022-05-23 11:02:00,930,930,930,930,4500
2022-05-23 11:03:00,930,930,930,930,0
2022-05-23 11:04:00,930,930,930,930,0
2022-05-23 11:05:00,930,930,930,930,0
2022-05-23 11:06:00,930,930,930,930,0
2022-05-23 11:07:00,930,930,930,930,0
2022-05-23 11:08:00,930,930,930,930,0
2022-05-23 11:09:00,930,930,930,930,0
2022-05-23 11:10:00,930,930,930,930,0
2022-05-23 11:11:00,930,930,930,930,0
2022-05-23 11:12:00,930,930,930,930,200
2022-05-23 11:13:00,930,930,930,930,0
2022-05-23 11:14:00,930,930,930,930,300
2022-05-23 11:15:00,930,930,930,930,0
2022-05-23 11:16:00,930,930,930,930,0
2022-05-23 11:17:00,930,930,930,930,0
2022-05-23 11:18:00,930,930,930,930,0
2022-05-23 11:19:00,930,930,930,930,1100
2022-05-23 11:20:00,930,930,930,930,0
2022-05-23 11:21:00,930,930,930,930,0
2022-05-23 11:22:00,930,930,930,930,100
2022-05-23 11:23:00,930,930,930,930,0
2022-05-23 11:24:00,930,930,930,930,0
2022-05-23 11:25:00,930,930,930,930,0
2022-05-23 11:26:00,930,930,930,930,0
2022-05-23 11:27:00,930,930,930,930,0
2022-05-23 11:28:00,930,930,930,930,0
2022-05-23 11:29:00,930,930,930,930,500
2022-05-23 11:30:00,930,930,930,930,0
2022-05-23 11:31:00,930,930,930,930,0
2022-05-23 11:32:00,930,930,930,930,0
2022-05-23 11:33:00,930,930,930,930,0
2022-05-23 11:34:00,930,930,930,930,0
2022-05-23 11:35:00,930,930,930,930,0
2022-05-23 11:36:00,930,930,930,930,0
2022-05-23 11:37:00,930,930,930,930,0
2022-05-23 11:38:00,930,930,930,930,0
2022-05-23 11:39:00,930,930,930,930,0
2022-05-23 11:40:00,930,930,930,930,0
2022-05-23 11:41:00,930,930,930,930,0
2022-05-23 11:42:00,930,930,930,930,0
2022-05-23 11:43:00,930,930,930,930,0
2022-05-23 11:44:00,930,930,930,930,0
2022-05-23 11:45:00,930,930,930,930,0
2022-05-23 11:46:00,930,930,930,930,0
2022-05-23 11:47:00,930,930,930,930,0
2022-05-23 11:48:00,930,930,930,930,0
2022-05-23 11:49:00,930,930,930,930,0
2022-05-23 11:50:00,930,930,930,930,0
2022-05-23 11:51:00,930,930,930,930,0
2022-05-23 11:52:00,930,930,930,930,0
2022-05-23 11:53:00,930,930,930,930,0
2022-05-23 11:54:00,930,930,930,930,0
2022-05-23 11:55:00,930,930,930,930,0
2022-05-23 11:56:00,930,930,930,930,0
2022-05-23 11:57:00,930,930,930,930,0
2022-05-23 11:58:00,930,930,930,930,0
2022-05-23 11:59:00,930,930,930,930,0
2022-05-23 12:00:00,930,930,930,930,0
2022-05-23 12:01:00,930,930,930,930,0
2022-05-23 12:02:00,930,930,930,930,0
2022-05-23 12:03:00,930,930,930,930,0
2022-05-23 12:04:00,930,930,930,930,0
2022-05-23 12:05:00,930,930,930,930,0
2022-05-23 12:06:00,930,930,930,930,0
2022-05-23 12:07:00,930,930,930,930,0
2022-05-23 12:08:00,930,930,930,930,0
2022-05-23 12:09:00,930,930,930,930,0
2022-05-23 12:10:00,930,930,930,930,0
2022-05-23 12:11:00,930,930,930,930,0
2022-05-23 12:12:00,930,930,930,930,0
2022-05-23 12:13:00,930,930,930,930,0
2022-05-23 12:14:00,930,930,930,930,0
2022-05-23 12:15:00,930,930,930,930,0
2022-05-23 12:16:00,930,930,930,930,0
2022-05-23 12:17:00,930,930,930,930,0
2022-05-23 12:18:00,930,930,930,930,0
2022-05-23 12:19:00,930,930,930,930,0
2022-05-23 12:20:00,930,930,930,930,0
2022-05-23 12:21:00,930,930,930,930,0
2022-05-23 12:22:00,930,930,930,930,0
2022-05-23 12:23:00,930,930,930,930,0
2022-05-23 12:24:00,930,930,930,930,0
2022-05-23 12:25:00,930,930,930,930,0
2022-05-23 12:26:00,930,930,930,930,0
2022-05-23 12:27:00,930,930,930,930,0
2022-05-23 12:28:00,930,930,930,930,0
2022-05-23 12:29:00,930,930,930,930,0
2022-05-23 12:30:00,930,930,930,930,0
2022-05-23 12:31:00,930,930,930,930,0
2022-05-23 12:32:00,930,930,930,930,0
2022-05-23 12:33:00,930,930,930,930,0
2022-05-23 12:34:00,930,930,930,930,0
2022-05-23 12:35:00,930,930,930,930,0
2022-05-23 12:36:00,930,930,930,930,0
2022-05-23 12:37:00,930,930,930,930,0
2022-05-23 12:38:00,930,930,930,930,0
2022-05-23 12:39:00,930,930,930,930,0
2022-05-23 12:40:00,930,930,930,930,0
2022-05-23 12:41:00,930,930,930,930,0
2022-05-23 12:42:00,930,930,930,930,0
2022-05-23 12:43:00,930,930,930,930,0
2022-05-23 12:44:00,930,930,930,930,0
2022-05-23 12:45:00,930,930,930,930,0
2022-05-23 12:46:00,930,930,930,930,0
2022-05-23 12:47:00,930,930,930,930,0
2022-05-23 12:48:00,930,930,930,930,0
2022-05-23 12:49:00,930,930,930,930,0
2022-05-23 12:50:00,930,930,930,930,0
2022-05-23 12:51:00,930,930,930,930,0
2022-05-23 12:52:00,930,930,930,930,0
2022-05-23 12:53:00,930,930,930,930,0
2022-05-23 12:54:00,930,930,930,930,0
2022-05-23 12:55:00,930,930,930,930,0
2022-05-23 12:56:00,930,930,930,930,0
2022-05-23 12:57:00,930,930,930,930,0
2022-05-23 12:58:00,930,930,930,930,0
2022-05-23 12:59:00,930,930,930,930,0
2022-05-23 13:00:00,930,930,930,930,0
2022-05-23 13:01:00,930,930,930,930,0
2022-05-23 13:02:00,930,930,930,930,0
2022-05-23 13:03:00,930,930,930,930,0
2022-05-23 13:04:00,930,930,930,930,0
2022-05-23 13:05:00,930,930,930,930,0
2022-05-23 13:06:00,930,930,930,930,0
2022-05-23 13:07:00,930,930,930,930,0
2022-05-23 13:08:00,930,930,930,930,0
2022-05-23 13:09:00,930,930,930,930,0
2022-05-23 13:10:00,930,930,930,930,0
2022-05-23 13:11:00,930,930,930,930,0
2022-05-23 13:12:00,930,930,930,930,0
2022-05-23 13:13:00,930,930,930,930,0
2022-05-23 13:14:00,930,930,930,930,0
2022-05-23 13:15:00,930,930,930,930,0
2022-05-23 13:16:00,930,930,930,930,0
2022-05-23 13:17:00,930,930,930,930,0
2022-05-23 13:18:00,930,930,930,930,0
2022-05-23 13:19:00,930,930,930,930,0
2022-05-23 13:20:00,930,930,930,930,0
2022-05-23 13:21:00,930,930,930,930,0
2022-05-23 13:22:00,930,930,930,930,0
2022-05-23 13:23:00,930,930,930,930,0
2022-05-23 13:24:00,930,930,930,930,0
2022-05-23 13:25:00,930,930,930,930,0
2022-05-23 13:26:00,930,930,930,930,0
2022-05-23 13:27:00,930,930,930,930,0
2022-05-23 13:28:00,930,930,930,930,0
2022-05-23 13:29:00,930,930,930,930,0
2022-05-23 13:30:00,930,930,930,930,2700
2022-05-23 13:31:00,930,930,930,930,300
2022-05-23 13:32:00,930,930,930,930,0
2022-05-23 13:33:00,930,930,930,930,0
2022-05-23 13:34:00,930,930,930,930,0
2022-05-23 13:35:00,930,930,930,930,0
2022-05-23 13:36:00,930,930,930,930,100
2022-05-23 13:37:00,930,930,930,930,0
2022-05-23 13:38:00,930,930,930,930,0
2022-05-23 13:39:00,930,930,930,930,0
2022-05-23 13:40:00,930,930,930,930,0
2022-05-23 13:41:00,930,930,930,930,0
2022-05-23 13:42:00,930,930,930,930,0
2022-05-23 13:43:00,930,930,930,930,0
2022-05-23 13:44:00,930,930,930,930,0
2022-05-23 13:45:00,930,930,930,930,44200
2022-05-23 13:46:00,930,930,930,930,0
2022-05-23 13:47:00,930,930,930,930,0
2022-05-23 13:48:00,930,930,930,930,0
2022-05-23 13:49:00,930,930,930,930,0
2022-05-23 13:50:00,930,930,930,930,0
2022-05-23 13:51:00,930,930,930,930,0
2022-05-23 13:52:00,930,930,930,930,0
2022-05-23 13:53:00,930,930,930,930,0
2022-05-23 13:54:00,930,930,930,930,0
2022-05-23 13:55:00,930,930,930,930,0
2022-05-23 13:56:00,930,930,930,930,0
2022-05-23 13:57:00,930,930,930,930,0
2022-05-23 13:58:00,930,930,930,930,0
2022-05-23 13:59:00,930,930,930,930,0
2022-05-23 14:00:00,930,930,930,930,0
2022-05-23 14:01:00,930,930,930,930,0
2022-05-23 14:02:00,930,930,930,930,0
2022-05-23 14:03:00,930,930,930,930,0
2022-05-23 14:04:00,930,930,930,930,0
2022-05-23 14:05:00,930,930,930,930,0
2022-05-23 14:06:00,930,930,930,930,0
2022-05-23 14:07:00,930,930,930,930,0
2022-05-23 14:08:00,930,930,930,930,0
2022-05-23 14:09:00,925,925,925,925,1100
2022-05-23 14:10:00,925,925,925,925,1700
2022-05-23 14:11:00,930,930,930,930,200
2022-05-23 14:12:00,930,930,930,930,0
2022-05-23 14:13:00,930,930,930,930,0
2022-05-23 14:14:00,925,925,925,925,2000
2022-05-23 14:15:00,925,925,925,925,0
2022-05-23 14:16:00,925,925,925,925,5000
2022-05-23 14:17:00,925,925,925,925,0
2022-05-23 14:18:00,925,925,925,925,0
2022-05-23 14:19:00,925,925,925,925,0
2022-05-23 14:20:00,925,925,925,925,0
2022-05-23 14:21:00,925,925,925,925,0
2022-05-23 14:22:00,925,925,925,925,0
2022-05-23 14:23:00,925,925,925,925,0
2022-05-23 14:24:00,925,925,925,925,0
2022-05-23 14:25:00,925,925,925,925,0
2022-05-23 14:26:00,925,925,925,925,0
2022-05-23 14:27:00,925,925,925,925,0
2022-05-23 14:28:00,925,925,925,925,0
2022-05-23 14:29:00,925,925,925,925,0
2022-05-23 14:30:00,925,925,925,925,0
2022-05-23 14:31:00,925,925,925,925,1500
2022-05-23 14:32:00,925,925,925,925,0
2022-05-23 14:33:00,925,925,925,925,0
2022-05-23 14:34:00,925,925,925,925,0
2022-05-23 14:35:00,925,925,925,925,1800
2022-05-23 14:36:00,925,925,925,925,0
2022-05-23 14:37:00,925,925,925,925,0
2022-05-23 14:38:00,925,925,925,925,0
2022-05-23 14:39:00,925,925,925,925,0
2022-05-23 14:40:00,925,925,925,925,0
2022-05-23 14:41:00,925,925,925,925,7300
2022-05-23 14:42:00,925,925,925,925,0
2022-05-23 14:43:00,925,925,925,925,0
2022-05-23 14:44:00,925,925,925,925,0
2022-05-23 14:45:00,930,930,930,930,8000
2022-05-23 14:46:00,930,930,930,930,0
2022-05-23 14:47:00,930,930,930,930,0
2022-05-23 14:48:00,930,930,930,930,0
2022-05-23 14:49:00,930,930,930,930,0
2022-05-23 14:50:00,930,930,930,930,0
2022-05-23 14:51:00,930,930,930,930,0
2022-05-23 14:52:00,930,930,930,930,0
2022-05-23 14:53:00,930,930,930,930,0
2022-05-23 14:54:00,930,930,930,930,0
2022-05-23 14:55:00,930,930,930,930,0
2022-05-23 14:56:00,930,930,930,930,0
2022-05-23 14:57:00,930,930,930,930,0
2022-05-23 14:58:00,930,930,930,930,0
2022-05-23 14:59:00,930,930,930,930,0
2022-05-23 15:00:00,900,900,900,900,185100
2022-05-23 15:01:00,900,900,900,900,0
2022-05-23 15:02:00,900,900,900,900,0
2022-05-23 15:03:00,900,900,900,900,0
2022-05-23 15:04:00,900,900,900,900,0
2022-05-23 15:05:00,900,900,900,900,0
2022-05-23 15:06:00,900,900,900,900,4500
2022-05-23 15:07:00,900,900,900,900,0
2022-05-23 15:08:00,900,900,900,900,700
2022-05-23 15:09:00,900,900,900,900,0
2022-05-23 15:10:00,900,900,900,900,0
2022-05-23 15:11:00,900,900,900,900,0
2022-05-23 15:12:00,900,900,900,900,0
2022-05-23 15:13:00,900,900,900,900,0
2022-05-23 15:14:00,900,900,900,900,0
2022-05-23 15:15:00,900,900,900,900,0
2022-05-23 15:16:00,900,900,900,900,0
2022-05-23 15:17:00,900,900,900,900,0
2022-05-23 15:18:00,900,900,900,900,0
2022-05-23 15:19:00,900,900,900,900,0
2022-05-23 15:20:00,900,900,900,900,0
2022-05-23 15:21:00,900,900,900,900,0
2022-05-23 15:22:00,900,900,900,900,0
2022-05-23 15:23:00,900,900,900,900,0
2022-05-23 15:24:00,900,900,900,900,0
2022-05-23 15:25:00,900,900,900,900,0
2022-05-23 15:26:00,900,900,900,900,0
2022-05-23 15:27:00,900,900,900,900,0
2022-05-23 15:28:00,900,900,900,900,0
2022-05-23 15:29:00,900,900,900,900,0
2022-05-23 15:30:00,900,900,900,900,0
2022-05-23 15:31:00,900,900,900,900,0
2022-05-23 15:32:00,900,900,900,900,0
2022-05-23 15:33:00,900,900,900,900,0
2022-05-23 15:34:00,900,900,900,900,0
2022-05-23 15:35:00,900,900,900,900,0
2022-05-23 15:36:00,900,900,900,900,0
2022-05-23 15:37:00,900,900,900,900,0
2022-05-23 15:38:00,900,900,900,900,0
2022-05-23 15:39:00,900,900,900,900,0
2022-05-23 15:40:00,900,900,900,900,0
2022-05-23 15:41:00,900,900,900,900,0
2022-05-23 15:42:00,900,900,900,900,0
2022-05-23 15:43:00,900,900,900,900,0
2022-05-23 15:44:00,900,900,900,900,0
2022-05-23 15:45:00,900,900,900,900,0
2022-05-23 15:46:00,900,900,900,900,0
2022-05-23 15:47:00,900,900,900,900,0
2022-05-23 15:48:00,900,900,900,900,0
2022-05-23 15:49:00,900,900,900,900,0
2022-05-23 15:50:00,900,900,900,900,0
2022-05-23 15:51:00,900,900,900,900,0
2022-05-23 15:52:00,900,900,900,900,0
2022-05-23 15:53:00,900,900,900,900,0
2022-05-23 15:54:00,900,900,900,900,0
2022-05-23 15:55:00,900,900,900,900,0
2022-05-23 15:56:00,900,900,900,900,0
2022-05-23 15:57:00,900,900,900,900,0
2022-05-23 15:58:00,900,900,900,900,0
2022-05-23 15:59:00,900,900,900,900,0
2022-05-24 09:00:00,900,900,900,900,0
2022-05-24 09:01:00,900,900,900,900,300
2022-05-24 09:02:00,900,900,900,900,16400
2022-05-24 09:03:00,900,900,900,900,0
2022-05-24 09:04:00,900,900,900,900,0
2022-05-24 09:05:00,900,900,900,900,0
2022-05-24 09:06:00,910,910,910,910,4800
2022-05-24 09:07:00,910,910,910,910,0
2022-05-24 09:08:00,910,910,910,910,100
2022-05-24 09:09:00,910,910,910,910,0
2022-05-24 09:10:00,910,910,910,910,0
2022-05-24 09:11:00,910,910,910,910,0
2022-05-24 09:12:00,910,910,910,910,0
2022-05-24 09:13:00,915,915,915,915,500
2022-05-24 09:14:00,910,910,910,910,22200
2022-05-24 09:15:00,910,910,910,910,0
2022-05-24 09:16:00,910,910,910,910,4200
2022-05-24 09:17:00,910,910,910,910,25000
2022-05-24 09:18:00,910,910,910,910,0
2022-05-24 09:19:00,910,905,910,905,67000
2022-05-24 09:20:00,910,905,910,905,0
2022-05-24 09:21:00,905,905,905,905,100
2022-05-24 09:22:00,905,905,905,905,0
2022-05-24 09:23:00,905,905,905,905,0
2022-05-24 09:24:00,905,905,905,905,200
2022-05-24 09:25:00,910,910,910,910,9000
2022-05-24 09:26:00,910,910,910,910,0
2022-05-24 09:27:00,910,910,910,910,0
2022-05-24 09:28:00,910,910,910,910,0
2022-05-24 09:29:00,910,910,910,910,0
2022-05-24 09:30:00,910,910,910,910,0
2022-05-24 09:31:00,910,910,910,910,0
2022-05-24 09:32:00,910,910,910,910,0
2022-05-24 09:33:00,910,910,910,910,0
2022-05-24 09:34:00,910,910,910,910,0
2022-05-24 09:35:00,905,905,905,905,25000
2022-05-24 09:36:00,905,905,905,905,0
2022-05-24 09:37:00,905,905,905,905,0
2022-05-24 09:38:00,905,905,905,905,0
2022-05-24 09:39:00,900,900,900,900,5000
2022-05-24 09:40:00,900,900,900,900,0
2022-05-24 09:41:00,900,900,900,900,0
2022-05-24 09:42:00,900,900,900,900,0
2022-05-24 09:43:00,900,900,900,900,0
2022-05-24 09:44:00,900,900,900,900,0
2022-05-24 09:45:00,900,900,900,900,0
2022-05-24 09:46:00,900,900,900,900,0
2022-05-24 09:47:00,900,900,900,900,0
2022-05-24 09:48:00,900,900,900,900,0
2022-05-24 09:49:00,900,900,900,900,0
2022-05-24 09:50:00,900,900,900,900,0
2022-05-24 09:51:00,900,900,900,900,0
2022-05-24 09:52:00,905,905,905,905,1000
2022-05-24 09:53:00,905,905,905,905,0
2022-05-24 09:54:00,905,905,905,905,0
2022-05-24 09:55:00,905,905,905,905,0
2022-05-24 09:56:00,905,905,905,905,0
2022-05-24 09:57:00,905,905,905,905,0
2022-05-24 09:58:00,905,905,905,905,0
2022-05-24 09:59:00,905,905,905,905,0
2022-05-24 10:00:00,905,905,905,905,0
2022-05-24 10:01:00,910,910,910,910,400
2022-05-24 10:02:00,910,910,910,910,0
2022-05-24 10:03:00,910,910,910,910,0
2022-05-24 10:04:00,910,910,910,910,0
2022-05-24 10:05:00,910,905,910,905,46600
2022-05-24 10:06:00,910,905,910,905,0
2022-05-24 10:07:00,910,905,910,905,0
2022-05-24 10:08:00,910,905,910,905,0
2022-05-24 10:09:00,910,905,910,905,0
2022-05-24 10:10:00,910,905,910,905,0
2022-05-24 10:11:00,910,905,910,905,0
2022-05-24 10:12:00,905,905,905,905,17300
2022-05-24 10:13:00,905,905,905,905,0
2022-05-24 10:14:00,905,905,905,905,0
2022-05-24 10:15:00,905,905,905,905,0
2022-05-24 10:16:00,905,905,905,905,0
2022-05-24 10:17:00,905,905,905,905,0
2022-05-24 10:18:00,905,905,905,905,15000
2022-05-24 10:19:00,905,905,905,905,0
2022-05-24 10:20:00,905,905,905,905,0
2022-05-24 10:21:00,905,905,905,905,0
2022-05-24 10:22:00,905,905,905,905,0
2022-05-24 10:23:00,905,905,905,905,0
2022-05-24 10:24:00,905,905,905,905,0
2022-05-24 10:25:00,905,905,905,905,0
2022-05-24 10:26:00,905,905,905,905,0
2022-05-24 10:27:00,905,905,905,905,0
2022-05-24 10:28:00,905,905,905,905,0
2022-05-24 10:29:00,905,905,905,905,0
2022-05-24 10:30:00,905,905,905,905,0
2022-05-24 10:31:00,905,905,905,905,0
2022-05-24 10:32:00,905,905,905,905,0
2022-05-24 10:33:00,905,905,905,905,0
2022-05-24 10:34:00,905,905,905,905,0
2022-05-24 10:35:00,905,905,905,905,0
2022-05-24 10:36:00,905,905,905,905,0
2022-05-24 10:37:00,905,905,905,905,0
2022-05-24 10:38:00,905,905,905,905,0
2022-05-24 10:39:00,905,905,905,905,100
2022-05-24 10:40:00,905,905,905,905,0
2022-05-24 10:41:00,905,905,905,905,0
2022-05-24 10:42:00,905,905,905,905,0
2022-05-24 10:43:00,905,905,905,905,0
2022-05-24 10:44:00,905,905,905,905,0
2022-05-24 10:45:00,905,905,905,905,0
2022-05-24 10:46:00,905,905,905,905,0
2022-05-24 10:47:00,905,905,905,905,0
2022-05-24 10:48:00,905,905,905,905,0
2022-05-24 10:49:00,905,905,905,905,0
2022-05-24 10:50:00,905,905,905,905,0
2022-05-24 10:51:00,905,905,905,905,0
2022-05-24 10:52:00,905,905,905,905,0
2022-05-24 10:53:00,905,905,905,905,0
2022-05-24 10:54:00,905,905,905,905,0
2022-05-24 10:55:00,905,905,905,905,0
2022-05-24 10:56:00,905,905,905,905,0
2022-05-24 10:57:00,905,905,905,905,0
2022-05-24 10:58:00,910,905,910,905,25100
2022-05-24 10:59:00,905,905,905,905,100
2022-05-24 11:00:00,905,905,905,905,0
2022-05-24 11:01:00,905,905,905,905,25000
2022-05-24 11:02:00,905,905,905,905,0
2022-05-24 11:03:00,905,905,905,905,10000
2022-05-24 11:04:00,905,905,905,905,0
2022-05-24 11:05:00,905,905,905,905,0
2022-05-24 11:06:00,905,905,905,905,0
2022-05-24 11:07:00,905,905,905,905,0
2022-05-24 11:08:00,905,905,905,905,0
2022-05-24 11:09:00,905,905,905,905,0
2022-05-24 11:10:00,905,905,905,905,0
2022-05-24 11:11:00,905,905,905,905,0
2022-05-24 11:12:00,905,905,905,905,0
2022-05-24 11:13:00,905,905,905,905,0
2022-05-24 11:14:00,905,905,905,905,0
2022-05-24 11:15:00,905,905,905,905,0
2022-05-24 11:16:00,905,905,905,905,8900
2022-05-24 11:17:00,905,905,905,905,0
2022-05-24 11:18:00,905,905,905,905,0
2022-05-24 11:19:00,905,905,905,905,0
2022-05-24 11:20:00,905,905,905,905,0
2022-05-24 11:21:00,905,905,905,905,0
2022-05-24 11:22:00,905,905,905,905,0
2022-05-24 11:23:00,905,905,905,905,2000
2022-05-24 11:24:00,905,905,905,905,0
2022-05-24 11:25:00,905,905,905,905,0
2022-05-24 11:26:00,905,905,905,905,0
2022-05-24 11:27:00,905,905,905,905,0
2022-05-24 11:28:00,905,905,905,905,0
2022-05-24 11:29:00,905,905,905,905,6600
2022-05-24 11:30:00,905,905,905,905,0
2022-05-24 11:31:00,905,905,905,905,0
2022-05-24 11:32:00,905,905,905,905,0
2022-05-24 11:33:00,905,905,905,905,0
2022-05-24 11:34:00,905,905,905,905,0
2022-05-24 11:35:00,905,905,905,905,0
2022-05-24 11:36:00,905,905,905,905,0
2022-05-24 11:37:00,905,905,905,905,0
2022-05-24 11:38:00,905,905,905,905,0
2022-05-24 11:39:00,905,905,905,905,0
2022-05-24 11:40:00,905,905,905,905,0
2022-05-24 11:41:00,905,905,905,905,0
2022-05-24 11:42:00,905,905,905,905,0
2022-05-24 11:43:00,905,905,905,905,0
2022-05-24 11:44:00,905,905,905,905,0
2022-05-24 11:45:00,905,905,905,905,0
2022-05-24 11:46:00,905,905,905,905,0
2022-05-24 11:47:00,905,905,905,905,0
2022-05-24 11:48:00,905,905,905,905,0
2022-05-24 11:49:00,905,905,905,905,0
2022-05-24 11:50:00,905,905,905,905,0
2022-05-24 11:51:00,905,905,905,905,0
2022-05-24 11:52:00,905,905,905,905,0
2022-05-24 11:53:00,905,905,905,905,0
2022-05-24 11:54:00,905,905,905,905,0
2022-05-24 11:55:00,905,905,905,905,0
2022-05-24 11:56:00,905,905,905,905,0
2022-05-24 11:57:00,905,905,905,905,0
2022-05-24 11:58:00,905,905,905,905,0
2022-05-24 11:59:00,905,905,905,905,0
2022-05-24 12:00:00,905,905,905,905,0
2022-05-24 12:01:00,905,905,905,905,0
2022-05-24 12:02:00,905,905,905,905,0
2022-05-24 12:03:00,905,905,905,905,0
2022-05-24 12:04:00,905,905,905,905,0
2022-05-24 12:05:00,905,905,905,905,0
2022-05-24 12:06:00,905,905,905,905,0
2022-05-24 12:07:00,905,905,905,905,0
2022-05-24 12:08:00,905,905,905,905,0
2022-05-24 12:09:00,905,905,905,905,0
2022-05-24 12:10:00,905,905,905,905,0
2022-05-24 12:11:00,905,905,905,905,0
2022-05-24 12:12:00,905,905,905,905,0
2022-05-24 12:13:00,905,905,905,905,0
2022-05-24 12:14:00,905,905,905,905,0
2022-05-24 12:15:00,905,905,905,905,0
2022-05-24 12:16:00,905,905,905,905,0
2022-05-24 12:17:00,905,905,905,905,0
2022-05-24 12:18:00,905,905,905,905,0
2022-05-24 12:19:00,905,905,905,905,0
2022-05-24 12:20:00,905,905,905,905,0
2022-05-24 12:21:00,905,905,905,905,0
2022-05-24 12:22:00,905,905,905,905,0
2022-05-24 12:23:00,905,905,905,905,0
2022-05-24 12:24:00,905,905,905,905,0
2022-05-24 12:25:00,905,905,905,905,0
2022-05-24 12:26:00,905,905,905,905,0
2022-05-24 12:27:00,905,905,905,905,0
2022-05-24 12:28:00,905,905,905,905,0
2022-05-24 12:29:00,905,905,905,905,0
2022-05-24 12:30:00,905,905,905,905,0
2022-05-24 12:31:00,905,905,905,905,0
2022-05-24 12:32:00,905,905,905,905,0
2022-05-24 12:33:00,905,905,905,905,0
2022-05-24 12:34:00,905,905,905,905,0
2022-05-24 12:35:00,905,905,905,905,0
2022-05-24 12:36:00,905,905,905,905,0
2022-05-24 12:37:00,905,905,905,905,0
2022-05-24 12:38:00,905,905,905,905,0
2022-05-24 12:39:00,905,905,905,905,0
2022-05-24 12:40:00,905,905,905,905,0
2022-05-24 12:41:00,905,905,905,905,0
2022-05-24 12:42:00,905,905,905,905,0
2022-05-24 12:43:00,905,905,905,905,0
2022-05-24 12:44:00,905,905,905,905,0
2022-05-24 12:45:00,905,905,905,905,0
2022-05-24 12:46:00,905,905,905,905,0
2022-05-24 12:47:00,905,905,905,905,0
2022-05-24 12:48:00,905,905,905,905,0
2022-05-24 12:49:00,905,905,905,905,0
2022-05-24 12:50:00,905,905,905,905,0
2022-05-24 12:51:00,905,905,905,905,0
2022-05-24 12:52:00,905,905,905,905,0
2022-05-24 12:53:00,905,905,905,905,0
2022-05-24 12:54:00,905,905,905,905,0
2022-05-24 12:55:00,905,905,905,905,0
2022-05-24 12:56:00,905,905,905,905,0
2022-05-24 12:57:00,905,905,905,905,0
2022-05-24 12:58:00,905,905,905,905,0
2022-05-24 12:59:00,905,905,905,905,0
2022-05-24 13:00:00,905,905,905,905,0
2022-05-24 13:01:00,905,905,905,905,0
2022-05-24 13:02:00,905,905,905,905,0
2022-05-24 13:03:00,905,905,905,905,0
2022-05-24 13:04:00,905,905,905,905,0
2022-05-24 13:05:00,905,905,905,905,0
2022-05-24 13:06:00,905,905,905,905,0
2022-05-24 13:07:00,905,905,905,905,0
2022-05-24 13:08:00,905,905,905,905,0
2022-05-24 13:09:00,905,905,905,905,0
2022-05-24 13:10:00,905,905,905,905,0
2022-05-24 13:11:00,905,905,905,905,0
2022-05-24 13:12:00,905,905,905,905,0
2022-05-24 13:13:00,905,905,905,905,0
2022-05-24 13:14:00,905,905,905,905,0
2022-05-24 13:15:00,905,905,905,905,0
2022-05-24 13:16:00,905,905,905,905,0
2022-05-24 13:17:00,905,905,905,905,0
2022-05-24 13:18:00,905,905,905,905,0
2022-05-24 13:19:00,905,905,905,905,0
2022-05-24 13:20:00,905,905,905,905,0
2022-05-24 13:21:00,905,905,905,905,0
2022-05-24 13:22:00,905,905,905,905,0
2022-05-24 13:23:00,905,905,905,905,0
2022-05-24 13:24:00,905,905,905,905,0
2022-05-24 13:25:00,905,905,905,905,0
2022-05-24 13:26:00,905,905,905,905,0
2022-05-24 13:27:00,905,905,905,905,0
2022-05-24 13:28:00,905,905,905,905,0
2022-05-24 13:29:00,905,905,905,905,0
2022-05-24 13:30:00,905,905,905,905,600
2022-05-24 13:31:00,905,905,905,905,25000
2022-05-24 13:32:00,905,905,905,905,0
2022-05-24 13:33:00,905,905,905,905,0
2022-05-24 13:34:00,905,905,905,905,0
2022-05-24 13:35:00,905,905,905,905,0
2022-05-24 13:36:00,905,905,905,905,0
2022-05-24 13:37:00,905,905,905,905,32100
2022-05-24 13:38:00,905,905,905,905,3900
2022-05-24 13:39:00,905,905,905,905,0
2022-05-24 13:40:00,905,905,905,905,30000
2022-05-24 13:41:00,905,905,905,905,0
2022-05-24 13:42:00,905,905,905,905,0
2022-05-24 13:43:00,905,905,905,905,0
2022-05-24 13:44:00,905,905,905,905,0
2022-05-24 13:45:00,905,905,905,905,13600
2022-05-24 13:46:00,905,905,905,905,0
2022-05-24 13:47:00,905,905,905,905,2500
2022-05-24 13:48:00,905,905,905,905,0
2022-05-24 13:49:00,905,905,905,905,0
2022-05-24 13:50:00,900,900,900,900,27500
2022-05-24 13:51:00,905,905,905,905,100
2022-05-24 13:52:00,905,905,905,905,0
2022-05-24 13:53:00,905,905,905,905,0
2022-05-24 13:54:00,905,905,905,905,0
2022-05-24 13:55:00,905,905,905,905,0
2022-05-24 13:56:00,900,900,900,900,1100
2022-05-24 13:57:00,900,900,900,900,0
2022-05-24 13:58:00,900,900,900,900,0
2022-05-24 13:59:00,900,900,900,900,0
2022-05-24 14:00:00,900,900,900,900,0
2022-05-24 14:01:00,900,900,905,905,900
2022-05-24 14:02:00,900,900,905,905,0
2022-05-24 14:03:00,900,900,905,905,0
2022-05-24 14:04:00,900,900,905,905,0
2022-05-24 14:05:00,900,900,900,900,100
2022-05-24 14:06:00,900,900,900,900,0
2022-05-24 14:07:00,900,900,900,900,0
2022-05-24 14:08:00,900,900,900,900,0
2022-05-24 14:09:00,900,900,900,900,0
2022-05-24 14:10:00,900,900,900,900,200
2022-05-24 14:11:00,900,900,900,900,0
2022-05-24 14:12:00,900,900,900,900,0
2022-05-24 14:13:00,900,900,900,900,500
2022-05-24 14:14:00,900,900,900,900,0
2022-05-24 14:15:00,900,900,900,900,100
2022-05-24 14:16:00,900,900,900,900,0
2022-05-24 14:17:00,900,900,900,900,0
2022-05-24 14:18:00,900,900,900,900,0
2022-05-24 14:19:00,900,900,900,900,0
2022-05-24 14:20:00,900,900,900,900,0
2022-05-24 14:21:00,900,900,900,900,0
2022-05-24 14:22:00,900,900,905,905,900
2022-05-24 14:23:00,900,900,900,900,2500
2022-05-24 14:24:00,900,900,900,900,0
2022-05-24 14:25:00,900,900,900,900,0
2022-05-24 14:26:00,900,900,900,900,0
2022-05-24 14:27:00,900,900,900,900,0
2022-05-24 14:28:00,900,900,900,900,0
2022-05-24 14:29:00,900,900,900,900,0
2022-05-24 14:30:00,900,900,900,900,15500
2022-05-24 14:31:00,900,900,900,900,3600
2022-05-24 14:32:00,900,900,900,900,0
2022-05-24 14:33:00,900,900,900,900,0
2022-05-24 14:34:00,905,905,905,905,1300
2022-05-24 14:35:00,905,905,905,905,0
2022-05-24 14:36:00,905,905,905,905,0
2022-05-24 14:37:00,905,905,905,905,0
2022-05-24 14:38:00,905,905,905,905,0
2022-05-24 14:39:00,905,905,905,905,0
2022-05-24 14:40:00,905,905,905,905,0
2022-05-24 14:41:00,905,905,905,905,0
2022-05-24 14:42:00,900,900,900,900,600
2022-05-24 14:43:00,900,900,900,900,0
2022-05-24 14:44:00,900,900,900,900,0
2022-05-24 14:45:00,900,900,900,900,0
2022-05-24 14:46:00,900,900,900,900,500
2022-05-24 14:47:00,900,900,900,900,0
2022-05-24 14:48:00,900,900,900,900,0
2022-05-24 14:49:00,900,900,900,900,0
2022-05-24 14:50:00,900,900,900,900,0
2022-05-24 14:51:00,900,900,900,900,0
2022-05-24 14:52:00,900,900,900,900,0
2022-05-24 14:53:00,900,900,900,900,0
2022-05-24 14:54:00,900,900,900,900,0
2022-05-24 14:55:00,900,900,900,900,0
2022-05-24 14:56:00,900,900,900,900,0
2022-05-24 14:57:00,900,900,900,900,0
2022-05-24 14:58:00,900,900,900,900,0
2022-05-24 14:59:00,900,900,900,900,0
2022-05-24 15:00:00,905,905,905,905,13300
2022-05-24 15:01:00,905,905,905,905,0
2022-05-24 15:02:00,905,905,905,905,0
2022-05-24 15:03:00,905,905,905,905,0
2022-05-24 15:04:00,905,905,905,905,0
2022-05-24 15:05:00,905,905,905,905,0
2022-05-24 15:06:00,905,905,905,905,0
2022-05-24 15:07:00,905,905,905,905,0
2022-05-24 15:08:00,905,905,905,905,0
2022-05-24 15:09:00,905,905,905,905,0
2022-05-24 15:10:00,905,905,905,905,0
2022-05-24 15:11:00,905,905,905,905,0
2022-05-24 15:12:00,905,905,905,905,0
2022-05-24 15:13:00,905,905,905,905,0
2022-05-24 15:14:00,905,905,905,905,0
2022-05-24 15:15:00,905,905,905,905,0
2022-05-24 15:16:00,905,905,905,905,0
2022-05-24 15:17:00,905,905,905,905,0
2022-05-24 15:18:00,905,905,905,905,0
2022-05-24 15:19:00,905,905,905,905,0
2022-05-24 15:20:00,905,905,905,905,0
2022-05-24 15:21:00,905,905,905,905,0
2022-05-24 15:22:00,905,905,905,905,0
2022-05-24 15:23:00,905,905,905,905,0
2022-05-24 15:24:00,905,905,905,905,0
2022-05-24 15:25:00,905,905,905,905,0
2022-05-24 15:26:00,905,905,905,905,0
2022-05-24 15:27:00,905,905,905,905,0
2022-05-24 15:28:00,905,905,905,905,0
2022-05-24 15:29:00,905,905,905,905,0
2022-05-24 15:30:00,905,905,905,905,0
2022-05-24 15:31:00,905,905,905,905,0
2022-05-24 15:32:00,905,905,905,905,0
2022-05-24 15:33:00,905,905,905,905,0
2022-05-24 15:34:00,905,905,905,905,0
2022-05-24 15:35:00,905,905,905,905,0
2022-05-24 15:36:00,905,905,905,905,0
2022-05-24 15:37:00,905,905,905,905,0
2022-05-24 15:38:00,905,905,905,905,0
2022-05-24 15:39:00,905,905,905,905,0
2022-05-24 15:40:00,905,905,905,905,0
2022-05-24 15:41:00,905,905,905,905,0
2022-05-24 15:42:00,905,905,905,905,0
2022-05-24 15:43:00,905,905,905,905,0
2022-05-24 15:44:00,905,905,905,905,0
2022-05-24 15:45:00,905,905,905,905,0
2022-05-24 15:46:00,905,905,905,905,0
2022-05-24 15:47:00,905,905,905,905,0
2022-05-24 15:48:00,905,905,905,905,0
2022-05-24 15:49:00,905,905,905,905,0
2022-05-24 15:50:00,905,905,905,905,0
2022-05-24 15:51:00,905,905,905,905,0
2022-05-24 15:52:00,905,905,905,905,0
2022-05-24 15:53:00,905,905,905,905,0
2022-05-24 15:54:00,905,905,905,905,0
2022-05-24 15:55:00,905,905,905,905,0
2022-05-24 15:56:00,905,905,905,905,0
2022-05-24 15:57:00,905,905,905,905,0
2022-05-24 15:58:00,905,905,905,905,0
2022-05-24 15:59:00,905,905,905,905,0
2022-05-25 09:00:00,905,905,905,905,0
2022-05-25 09:01:00,905,905,905,905,0
2022-05-25 09:02:00,905,905,905,905,0
2022-05-25 09:03:00,905,905,905,905,0
2022-05-25 09:04:00,905,905,905,905,0
2022-05-25 09:05:00,905,905,905,905,0
2022-05-25 09:06:00,905,905,905,905,0
2022-05-25 09:07:00,905,905,905,905,0
2022-05-25 09:08:00,905,905,905,905,0
2022-05-25 09:09:00,905,905,905,905,1100
2022-05-25 09:10:00,905,905,905,905,0
2022-05-25 09:11:00,905,905,905,905,0
2022-05-25 09:12:00,905,905,905,905,500
2022-05-25 09:13:00,900,900,900,900,10000
2022-05-25 09:14:00,900,900,900,900,0
2022-05-25 09:15:00,900,900,900,900,17800
2022-05-25 09:16:00,900,900,900,900,0
2022-05-25 09:17:00,900,900,900,900,1000
2022-05-25 09:18:00,900,900,900,900,0
2022-05-25 09:19:00,900,900,900,900,0
2022-05-25 09:20:00,900,900,900,900,0
2022-05-25 09:21:00,900,900,900,900,0
2022-05-25 09:22:00,900,900,900,900,0
2022-05-25 09:23:00,895,895,900,900,5400
2022-05-25 09:24:00,895,895,900,900,0
2022-05-25 09:25:00,895,895,900,900,0
2022-05-25 09:26:00,895,895,895,895,7300
2022-05-25 09:27:00,890,890,890,890,100
2022-05-25 09:28:00,895,890,895,890,17500
2022-05-25 09:29:00,895,890,895,890,0
2022-05-25 09:30:00,895,890,895,890,0
2022-05-25 09:31:00,895,895,895,895,6000
2022-05-25 09:32:00,890,890,895,895,1300
2022-05-25 09:33:00,900,900,900,900,1000
2022-05-25 09:34:00,900,900,900,900,0
2022-05-25 09:35:00,900,900,900,900,0
2022-05-25 09:36:00,900,900,900,900,500
2022-05-25 09:37:00,900,900,900,900,0
2022-05-25 09:38:00,895,895,895,895,100
2022-05-25 09:39:00,895,895,895,895,0
2022-05-25 09:40:00,895,895,895,895,0
2022-05-25 09:41:00,895,895,895,895,0
2022-05-25 09:42:00,895,895,895,895,0
2022-05-25 09:43:00,895,895,895,895,500
2022-05-25 09:44:00,895,895,895,895,0
2022-05-25 09:45:00,895,895,895,895,0
2022-05-25 09:46:00,895,895,895,895,0
2022-05-25 09:47:00,895,890,895,890,11000
2022-05-25 09:48:00,895,890,895,890,0
2022-05-25 09:49:00,895,895,895,895,100
2022-05-25 09:50:00,895,895,895,895,100
2022-05-25 09:51:00,895,895,895,895,0
2022-05-25 09:52:00,895,895,895,895,1200
2022-05-25 09:53:00,895,895,895,895,0
2022-05-25 09:54:00,895,895,895,895,0
2022-05-25 09:55:00,895,895,895,895,0
2022-05-25 09:56:00,895,895,895,895,0
2022-05-25 09:57:00,895,895,895,895,2400
2022-05-25 09:58:00,895,895,895,895,0
2022-05-25 09:59:00,895,895,895,895,0
2022-05-25 10:00:00,895,895,895,895,0
2022-05-25 10:01:00,895,895,895,895,0
2022-05-25 10:02:00,895,895,895,895,0
2022-05-25 10:03:00,895,895,895,895,0
2022-05-25 10:04:00,895,895,895,895,0
2022-05-25 10:05:00,895,895,895,895,0
2022-05-25 10:06:00,895,895,895,895,0
2022-05-25 10:07:00,895,895,895,895,0
2022-05-25 10:08:00,895,895,895,895,0
2022-05-25 10:09:00,895,895,895,895,500
2022-05-25 10:10:00,895,895,895,895,0
2022-05-25 10:11:00,895,895,895,895,0
2022-05-25 10:12:00,895,895,895,895,1300
2022-05-25 10:13:00,895,895,895,895,0
2022-05-25 10:14:00,895,895,895,895,0
2022-05-25 10:15:00,895,895,895,895,600
2022-05-25 10:16:00,895,895,895,895,100
2022-05-25 10:17:00,895,895,895,895,0
2022-05-25 10:18:00,890,890,890,890,10000
2022-05-25 10:19:00,890,890,890,890,500
2022-05-25 10:20:00,890,890,890,890,0
2022-05-25 10:21:00,890,890,890,890,0
2022-05-25 10:22:00,890,890,890,890,0
2022-05-25 10:23:00,890,890,890,890,0
2022-05-25 10:24:00,890,890,890,890,0
2022-05-25 10:25:00,890,890,890,890,0
2022-05-25 10:26:00,890,890,890,890,0
2022-05-25 10:27:00,890,890,890,890,0
2022-05-25 10:28:00,895,895,895,895,400
2022-05-25 10:29:00,895,895,895,895,2000
2022-05-25 10:30:00,895,895,895,895,0
2022-05-25 10:31:00,895,895,895,895,0
2022-05-25 10:32:00,895,895,895,895,500
2022-05-25 10:33:00,895,895,895,895,4000
2022-05-25 10:34:00,895,895,895,895,1500
2022-05-25 10:35:00,895,895,895,895,0
2022-05-25 10:36:00,895,895,895,895,0
2022-05-25 10:37:00,895,895,895,895,0
2022-05-25 10:38:00,895,895,895,895,0
2022-05-25 10:39:00,895,895,895,895,0
2022-05-25 10:40:00,895,895,895,895,0
2022-05-25 10:41:00,895,895,895,895,0
2022-05-25 10:42:00,895,895,895,895,0
2022-05-25 10:43:00,895,895,895,895,0
2022-05-25 10:44:00,895,895,895,895,200
2022-05-25 10:45:00,895,895,895,895,0
2022-05-25 10:46:00,895,895,895,895,0
2022-05-25 10:47:00,895,895,895,895,0
2022-05-25 10:48:00,895,895,895,895,0
2022-05-25 10:49:00,895,895,895,895,5000
2022-05-25 10:50:00,895,895,895,895,0
2022-05-25 10:51:00,895,895,895,895,0
2022-05-25 10:52:00,895,895,895,895,38600
2022-05-25 10:53:00,895,895,895,895,0
2022-05-25 10:54:00,890,890,890,890,25000
2022-05-25 10:55:00,890,890,890,890,0
2022-05-25 10:56:00,890,890,890,890,0
2022-05-25 10:57:00,895,895,895,895,100
2022-05-25 10:58:00,895,895,895,895,1000
2022-05-25 10:59:00,895,895,895,895,0
2022-05-25 11:00:00,895,895,895,895,0
2022-05-25 11:01:00,895,895,895,895,0
2022-05-25 11:02:00,895,895,895,895,0
2022-05-25 11:03:00,895,895,895,895,0
2022-05-25 11:04:00,895,895,895,895,0
2022-05-25 11:05:00,895,895,895,895,100
2022-05-25 11:06:00,895,895,895,895,0
2022-05-25 11:07:00,895,895,895,895,0
2022-05-25 11:08:00,895,895,895,895,0
2022-05-25 11:09:00,895,895,895,895,0
2022-05-25 11:10:00,895,895,895,895,0
2022-05-25 11:11:00,895,895,895,895,500
2022-05-25 11:12:00,895,895,895,895,0
2022-05-25 11:13:00,895,895,895,895,100
2022-05-25 11:14:00,895,895,895,895,0
2022-05-25 11:15:00,895,895,895,895,0
2022-05-25 11:16:00,895,895,895,895,9900
2022-05-25 11:17:00,895,895,895,895,0
2022-05-25 11:18:00,895,895,895,895,0
2022-05-25 11:19:00,895,895,895,895,0
2022-05-25 11:20:00,895,895,895,895,0
2022-05-25 11:21:00,895,895,895,895,0
2022-05-25 11:22:00,895,895,895,895,0
2022-05-25 11:23:00,895,895,895,895,0
2022-05-25 11:24:00,895,895,895,895,0
2022-05-25 11:25:00,895,895,895,895,0
2022-05-25 11:26:00,895,895,895,895,0
2022-05-25 11:27:00,895,895,895,895,0
2022-05-25 11:28:00,895,895,895,895,0
2022-05-25 11:29:00,895,895,895,895,0
2022-05-25 11:30:00,895,895,895,895,0
2022-05-25 11:31:00,895,895,895,895,0
2022-05-25 11:32:00,895,895,895,895,0
2022-05-25 11:33:00,895,895,895,895,0
2022-05-25 11:34:00,895,895,895,895,0
2022-05-25 11:35:00,895,895,895,895,0
2022-05-25 11:36:00,895,895,895,895,0
2022-05-25 11:37:00,895,895,895,895,0
2022-05-25 11:38:00,895,895,895,895,0
2022-05-25 11:39:00,895,895,895,895,0
2022-05-25 11:40:00,895,895,895,895,0
2022-05-25 11:41:00,895,895,895,895,0
2022-05-25 11:42:00,895,895,895,895,0
2022-05-25 11:43:00,895,895,895,895,0
2022-05-25 11:44:00,895,895,895,895,0
2022-05-25 11:45:00,895,895,895,895,0
2022-05-25 11:46:00,895,895,895,895,0
2022-05-25 11:47:00,895,895,895,895,0
2022-05-25 11:48:00,895,895,895,895,0
2022-05-25 11:49:00,895,895,895,895,0
2022-05-25 11:50:00,895,895,895,895,0
2022-05-25 11:51:00,895,895,895,895,0
2022-05-25 11:52:00,895,895,895,895,0
2022-05-25 11:53:00,895,895,895,895,0
2022-05-25 11:54:00,895,895,895,895,0
2022-05-25 11:55:00,895,895,895,895,0
2022-05-25 11:56:00,895,895,895,895,0
2022-05-25 11:57:00,895,895,895,895,0
2022-05-25 11:58:00,895,895,895,895,0
2022-05-25 11:59:00,895,895,895,895,0
2022-05-25 12:00:00,895,895,895,895,0
2022-05-25 12:01:00,895,895,895,895,0
2022-05-25 12:02:00,895,895,895,895,0
2022-05-25 12:03:00,895,895,895,895,0
2022-05-25 12:04:00,895,895,895,895,0
2022-05-25 12:05:00,895,895,895,895,0
2022-05-25 12:06:00,895,895,895,895,0
2022-05-25 12:07:00,895,895,895,895,0
2022-05-25 12:08:00,895,895,895,895,0
2022-05-25 12:09:00,895,895,895,895,0
2022-05-25 12:10:00,895,895,895,895,0
2022-05-25 12:11:00,895,895,895,895,0
2022-05-25 12:12:00,895,895,895,895,0
2022-05-25 12:13:00,895,895,895,895,0
2022-05-25 12:14:00,895,895,895,895,0
2022-05-25 12:15:00,895,895,895,895,0
2022-05-25 12:16:00,895,895,895,895,0
2022-05-25 12:17:00,895,895,895,895,0
2022-05-25 12:18:00,895,895,895,895,0
2022-05-25 12:19:00,895,895,895,895,0
2022-05-25 12:20:00,895,895,895,895,0
2022-05-25 12:21:00,895,895,895,895,0
2022-05-25 12:22:00,895,895,895,895,0
2022-05-25 12:23:00,895,895,895,895,0
2022-05-25 12:24:00,895,895,895,895,0
2022-05-25 12:25:00,895,895,895,895,0
2022-05-25 12:26:00,895,895,895,895,0
2022-05-25 12:27:00,895,895,895,895,0
2022-05-25 12:28:00,895,895,895,895,0
2022-05-25 12:29:00,895,895,895,895,0
2022-05-25 12:30:00,895,895,895,895,0
2022-05-25 12:31:00,895,895,895,895,0
2022-05-25 12:32:00,895,895,895,895,0
2022-05-25 12:33:00,895,895,895,895,0
2022-05-25 12:34:00,895,895,895,895,0
2022-05-25 12:35:00,895,895,895,895,0
2022-05-25 12:36:00,895,895,895,895,0
2022-05-25 12:37:00,895,895,895,895,0
2022-05-25 12:38:00,895,895,895,895,0
2022-05-25 12:39:00,895,895,895,895,0
2022-05-25 12:40:00,895,895,895,895,0
2022-05-25 12:41:00,895,895,895,895,0
2022-05-25 12:42:00,895,895,895,895,0
2022-05-25 12:43:00,895,895,895,895,0
2022-05-25 12:44:00,895,895,895,895,0
2022-05-25 12:45:00,895,895,895,895,0
2022-05-25 12:46:00,895,895,895,895,0
2022-05-25 12:47:00,895,895,895,895,0
2022-05-25 12:48:00,895,895,895,895,0
2022-05-25 12:49:00,895,895,895,895,0
2022-05-25 12:50:00,895,895,895,895,0
2022-05-25 12:51:00,895,895,895,895,0
2022-05-25 12:52:00,895,895,895,895,0
2022-05-25 12:53:00,895,895,895,895,0
2022-05-25 12:54:00,895,895,895,895,0
2022-05-25 12:55:00,895,895,895,895,0
2022-05-25 12:56:00,895,895,895,895,0
2022-05-25 12:57:00,895,895,895,895,0
2022-05-25 12:58:00,895,895,895,895,0
2022-05-25 12:59:00,895,895,895,895,0
2022-05-25 13:00:00,895,895,895,895,0
2022-05-25 13:01:00,895,895,895,895,0
2022-05-25 13:02:00,895,895,895,895,0
2022-05-25 13:03:00,895,895,895,895,0
2022-05-25 13:04:00,895,895,895,895,0
2022-05-25 13:05:00,895,895,895,895,0
2022-05-25 13:06:00,895,895,895,895,0
2022-05-25 13:07:00,895,895,895,895,0
2022-05-25 13:08:00,895,895,895,895,0
2022-05-25 13:09:00,895,895,895,895,0
2022-05-25 13:10:00,895,895,895,895,0
2022-05-25 13:11:00,895,895,895,895,0
2022-05-25 13:12:00,895,895,895,895,0
2022-05-25 13:13:00,895,895,895,895,0
2022-05-25 13:14:00,895,895,895,895,0
2022-05-25 13:15:00,895,895,895,895,0
2022-05-25 13:16:00,895,895,895,895,0
2022-05-25 13:17:00,895,895,895,895,0
2022-05-25 13:18:00,895,895,895,895,0
2022-05-25 13:19:00,895,895,895,895,0
2022-05-25 13:20:00,895,895,895,895,0
2022-05-25 13:21:00,895,895,895,895,0
2022-05-25 13:22:00,895,895,895,895,0
2022-05-25 13:23:00,895,895,895,895,0
2022-05-25 13:24:00,895,895,895,895,0
2022-05-25 13:25:00,895,895,895,895,0
2022-05-25 13:26:00,895,895,895,895,0
2022-05-25 13:27:00,895,895,895,895,0
2022-05-25 13:28:00,895,895,895,895,0
2022-05-25 13:29:00,895,895,895,895,0
2022-05-25 13:30:00,895,895,895,895,100
2022-05-25 13:31:00,895,895,895,895,6000
2022-05-25 13:32:00,895,895,895,895,0
2022-05-25 13:33:00,895,895,895,895,0
2022-05-25 13:34:00,895,895,895,895,0
2022-05-25 13:35:00,895,895,895,895,0
2022-05-25 13:36:00,895,895,895,895,0
2022-05-25 13:37:00,895,895,895,895,0
2022-05-25 13:38:00,895,895,895,895,0
2022-05-25 13:39:00,895,895,895,895,0
2022-05-25 13:40:00,895,895,895,895,0
2022-05-25 13:41:00,895,895,895,895,0
2022-05-25 13:42:00,895,895,895,895,0
2022-05-25 13:43:00,895,895,895,895,0
2022-05-25 13:44:00,900,900,900,900,5900
2022-05-25 13:45:00,900,900,900,900,22900
2022-05-25 13:46:00,900,900,900,900,0
2022-05-25 13:47:00,900,900,900,900,0
2022-05-25 13:48:00,900,900,900,900,0
2022-05-25 13:49:00,900,900,900,900,0
2022-05-25 13:50:00,905,905,905,905,2200
2022-05-25 13:51:00,905,905,905,905,0
2022-05-25 13:52:00,905,905,905,905,0
2022-05-25 13:53:00,910,910,910,910,2000
2022-05-25 13:54:00,910,905,910,910,32500
2022-05-25 13:55:00,910,905,910,910,0
2022-05-25 13:56:00,905,905,905,905,500
2022-05-25 13:57:00,910,910,910,910,23000
2022-05-25 13:58:00,910,910,910,910,0
2022-05-25 13:59:00,905,905,905,905,2000
2022-05-25 14:00:00,905,905,905,905,0
2022-05-25 14:01:00,905,905,905,905,0
2022-05-25 14:02:00,905,905,905,905,0
2022-05-25 14:03:00,905,905,905,905,0
2022-05-25 14:04:00,905,905,910,910,10000
2022-05-25 14:05:00,905,905,910,910,0
2022-05-25 14:06:00,915,915,915,915,100
2022-05-25 14:07:00,910,910,910,910,4500
2022-05-25 14:08:00,905,905,905,905,100
2022-05-25 14:09:00,905,905,905,905,0
2022-05-25 14:10:00,905,905,905,905,0
2022-05-25 14:11:00,905,905,905,905,0
2022-05-25 14:12:00,905,905,905,905,0
2022-05-25 14:13:00,905,905,905,905,0
2022-05-25 14:14:00,905,905,905,905,0
2022-05-25 14:15:00,905,905,905,905,0
2022-05-25 14:16:00,905,905,905,905,0
2022-05-25 14:17:00,905,905,905,905,0
2022-05-25 14:18:00,905,905,905,905,0
2022-05-25 14:19:00,905,905,905,905,0
2022-05-25 14:20:00,910,910,910,910,2200
2022-05-25 14:21:00,910,910,910,910,0
2022-05-25 14:22:00,910,910,910,910,0
2022-05-25 14:23:00,910,910,910,910,0
2022-05-25 14:24:00,910,910,910,910,0
2022-05-25 14:25:00,910,910,910,910,0
2022-05-25 14:26:00,910,910,910,910,0
2022-05-25 14:27:00,910,910,910,910,0
2022-05-25 14:28:00,910,910,910,910,0
2022-05-25 14:29:00,910,910,910,910,0
2022-05-25 14:30:00,910,910,910,910,0
2022-05-25 14:31:00,910,910,910,910,4000
2022-05-25 14:32:00,910,910,910,910,8600
2022-05-25 14:33:00,905,905,905,905,11600
2022-05-25 14:34:00,905,905,905,905,0
2022-05-25 14:35:00,905,905,905,905,400
2022-05-25 14:36:00,905,905,905,905,0
2022-05-25 14:37:00,905,905,905,905,0
2022-05-25 14:38:00,905,905,905,905,0
2022-05-25 14:39:00,905,905,905,905,0
2022-05-25 14:40:00,905,905,905,905,0
2022-05-25 14:41:00,905,905,905,905,0
2022-05-25 14:42:00,905,905,905,905,0
2022-05-25 14:43:00,905,905,905,905,0
2022-05-25 14:44:00,905,905,905,905,0
2022-05-25 14:45:00,905,900,905,900,6300
2022-05-25 14:46:00,900,900,905,905,17500
2022-05-25 14:47:00,900,900,905,905,0
2022-05-25 14:48:00,900,900,905,905,0
2022-05-25 14:49:00,900,900,905,905,0
2022-05-25 14:50:00,900,900,905,905,0
2022-05-25 14:51:00,900,900,905,905,0
2022-05-25 14:52:00,900,900,905,905,0
2022-05-25 14:53:00,900,900,905,905,0
2022-05-25 14:54:00,900,900,905,905,0
2022-05-25 14:55:00,900,900,905,905,0
2022-05-25 14:56:00,900,900,905,905,0
2022-05-25 14:57:00,900,900,905,905,0
2022-05-25 14:58:00,900,900,905,905,0
2022-05-25 14:59:00,900,900,905,905,0
2022-05-25 15:00:00,905,905,905,905,10000
2022-05-25 15:01:00,905,905,905,905,0
2022-05-25 15:02:00,905,905,905,905,0
2022-05-25 15:03:00,905,905,905,905,0
2022-05-25 15:04:00,905,905,905,905,0
2022-05-25 15:05:00,905,905,905,905,0
2022-05-25 15:06:00,905,905,905,905,0
2022-05-25 15:07:00,905,905,905,905,18000
2022-05-25 15:08:00,905,905,905,905,0
2022-05-25 15:09:00,905,905,905,905,0
2022-05-25 15:10:00,905,905,905,905,0
2022-05-25 15:11:00,905,905,905,905,0
2022-05-25 15:12:00,905,905,905,905,10000
2022-05-25 15:13:00,905,905,905,905,0
2022-05-25 15:14:00,905,905,905,905,0
2022-05-25 15:15:00,905,905,905,905,0
2022-05-25 15:16:00,905,905,905,905,0
2022-05-25 15:17:00,905,905,905,905,0
2022-05-25 15:18:00,905,905,905,905,0
2022-05-25 15:19:00,905,905,905,905,0
2022-05-25 15:20:00,905,905,905,905,0
2022-05-25 15:21:00,905,905,905,905,0
2022-05-25 15:22:00,905,905,905,905,0
2022-05-25 15:23:00,905,905,905,905,0
2022-05-25 15:24:00,905,905,905,905,0
2022-05-25 15:25:00,905,905,905,905,0
2022-05-25 15:26:00,905,905,905,905,0
2022-05-25 15:27:00,905,905,905,905,0
2022-05-25 15:28:00,905,905,905,905,0
2022-05-25 15:29:00,905,905,905,905,0
2022-05-25 15:30:00,905,905,905,905,0
2022-05-25 15:31:00,905,905,905,905,0
2022-05-25 15:32:00,905,905,905,905,0
2022-05-25 15:33:00,905,905,905,905,0
2022-05-25 15:34:00,905,905,905,905,0
2022-05-25 15:35:00,905,905,905,905,0
2022-05-25 15:36:00,905,905,905,905,0
2022-05-25 15:37:00,905,905,905,905,0
2022-05-25 15:38:00,905,905,905,905,0
2022-05-25 15:39:00,905,905,905,905,0
2022-05-25 15:40:00,905,905,905,905,0
2022-05-25 15:41:00,905,905,905,905,0
2022-05-25 15:42:00,905,905,905,905,0
2022-05-25 15:43:00,905,905,905,905,0
2022-05-25 15:44:00,905,905,905,905,0
2022-05-25 15:45:00,905,905,905,905,0
2022-05-25 15:46:00,905,905,905,905,0
2022-05-25 15:47:00,905,905,905,905,0
2022-05-25 15:48:00,905,905,905,905,0
2022-05-25 15:49:00,905,905,905,905,0
2022-05-25 15:50:00,905,905,905,905,0
2022-05-25 15:51:00,905,905,905,905,0
2022-05-25 15:52:00,905,905,905,905,0
2022-05-25 15:53:00,905,905,905,905,0
2022-05-25 15:54:00,905,905,905,905,0
2022-05-25 15:55:00,905,905,905,905,0
2022-05-25 15:56:00,905,905,905,905,0
2022-05-25 15:57:00,905,905,905,905,0
2022-05-25 15:58:00,905,905,905,905,0
2022-05-25 15:59:00,905,905,905,905,0
2022-05-26 09:00:00,905,905,905,905,0
2022-05-26 09:01:00,905,905,905,905,0
2022-05-26 09:02:00,905,905,905,905,0
2022-05-26 09:03:00,905,905,905,905,0
2022-05-26 09:04:00,905,905,905,905,0
2022-05-26 09:05:00,905,905,905,905,0
2022-05-26 09:06:00,905,905,905,905,0
2022-05-26 09:07:00,905,905,905,905,0
2022-05-26 09:08:00,905,905,905,905,0
2022-05-26 09:09:00,905,905,905,905,0
2022-05-26 09:10:00,905,905,905,905,0
2022-05-26 09:11:00,905,905,905,905,0
2022-05-26 09:12:00,905,905,905,905,0
2022-05-26 09:13:00,905,905,905,905,0
2022-05-26 09:14:00,905,905,905,905,0
2022-05-26 09:15:00,905,905,905,905,0
2022-05-26 09:16:00,905,905,905,905,0
2022-05-26 09:17:00,905,905,905,905,0
2022-05-26 09:18:00,905,905,905,905,0
2022-05-26 09:19:00,905,905,905,905,0
2022-05-26 09:20:00,905,905,905,905,0
2022-05-26 09:21:00,905,905,905,905,0
2022-05-26 09:22:00,905,905,905,905,0
2022-05-26 09:23:00,905,905,905,905,0
2022-05-26 09:24:00,905,905,905,905,0
2022-05-26 09:25:00,905,905,905,905,0
2022-05-26 09:26:00,905,905,905,905,0
2022-05-26 09:27:00,905,905,905,905,0
2022-05-26 09:28:00,905,905,905,905,0
2022-05-26 09:29:00,905,905,905,905,0
2022-05-26 09:30:00,905,905,905,905,0
2022-05-26 09:31:00,905,905,905,905,0
2022-05-26 09:32:00,905,905,905,905,0
2022-05-26 09:33:00,905,905,905,905,0
2022-05-26 09:34:00,905,905,905,905,0
2022-05-26 09:35:00,905,905,905,905,0
2022-05-26 09:36:00,905,905,905,905,0
2022-05-26 09:37:00,905,905,905,905,0
2022-05-26 09:38:00,905,905,905,905,0
2022-05-26 09:39:00,905,905,905,905,0
2022-05-26 09:40:00,905,905,905,905,0
2022-05-26 09:41:00,905,905,905,905,0
2022-05-26 09:42:00,905,905,905,905,0
2022-05-26 09:43:00,905,905,905,905,0
2022-05-26 09:44:00,905,905,905,905,0
2022-05-26 09:45:00,905,905,905,905,0
2022-05-26 09:46:00,905,905,905,905,0
2022-05-26 09:47:00,905,905,905,905,0
2022-05-26 09:48:00,905,905,905,905,0
2022-05-26 09:49:00,905,905,905,905,0
2022-05-26 09:50:00,905,905,905,905,0
2022-05-26 09:51:00,905,905,905,905,0
2022-05-26 09:52:00,905,905,905,905,0
2022-05-26 09:53:00,905,905,905,905,0
2022-05-26 09:54:00,905,905,905,905,0
2022-05-26 09:55:00,905,905,905,905,0
2022-05-26 09:56:00,905,905,905,905,0
2022-05-26 09:57:00,905,905,905,905,0
2022-05-26 09:58:00,905,905,905,905,0
2022-05-26 09:59:00,905,905,905,905,0
2022-05-26 10:00:00,905,905,905,905,0
2022-05-26 10:01:00,905,905,905,905,0
2022-05-26 10:02:00,905,905,905,905,0
2022-05-26 10:03:00,905,905,905,905,0
2022-05-26 10:04:00,905,905,905,905,0
2022-05-26 10:05:00,905,905,905,905,0
2022-05-26 10:06:00,905,905,905,905,0
2022-05-26 10:07:00,905,905,905,905,0
2022-05-26 10:08:00,905,905,905,905,0
2022-05-26 10:09:00,905,905,905,905,0
2022-05-26 10:10:00,905,905,905,905,0
2022-05-26 10:11:00,905,905,905,905,0
2022-05-26 10:12:00,905,905,905,905,0
2022-05-26 10:13:00,905,905,905,905,0
2022-05-26 10:14:00,905,905,905,905,0
2022-05-26 10:15:00,905,905,905,905,0
2022-05-26 10:16:00,905,905,905,905,0
2022-05-26 10:17:00,905,905,905,905,0
2022-05-26 10:18:00,905,905,905,905,0
2022-05-26 10:19:00,905,905,905,905,0
2022-05-26 10:20:00,905,905,905,905,0
2022-05-26 10:21:00,905,905,905,905,0
2022-05-26 10:22:00,905,905,905,905,0
2022-05-26 10:23:00,905,905,905,905,0
2022-05-26 10:24:00,905,905,905,905,0
2022-05-26 10:25:00,905,905,905,905,0
2022-05-26 10:26:00,905,905,905,905,0
2022-05-26 10:27:00,905,905,905,905,0
2022-05-26 10:28:00,905,905,905,905,0
2022-05-26 10:29:00,905,905,905,905,0
2022-05-26 10:30:00,905,905,905,905,0
2022-05-26 10:31:00,905,905,905,905,0
2022-05-26 10:32:00,905,905,905,905,0
2022-05-26 10:33:00,905,905,905,905,0
2022-05-26 10:34:00,905,905,905,905,0
2022-05-26 10:35:00,905,905,905,905,0
2022-05-26 10:36:00,905,905,905,905,0
2022-05-26 10:37:00,905,905,905,905,0
2022-05-26 10:38:00,905,905,905,905,0
2022-05-26 10:39:00,905,905,905,905,0
2022-05-26 10:40:00,905,905,905,905,0
2022-05-26 10:41:00,905,905,905,905,0
2022-05-26 10:42:00,905,905,905,905,0
2022-05-26 10:43:00,905,905,905,905,0
2022-05-26 10:44:00,905,905,905,905,0
2022-05-26 10:45:00,905,905,905,905,0
2022-05-26 10:46:00,905,905,905,905,0
2022-05-26 10:47:00,905,905,905,905,0
2022-05-26 10:48:00,905,905,905,905,0
2022-05-26 10:49:00,905,905,905,905,0
2022-05-26 10:50:00,905,905,905,905,0
2022-05-26 10:51:00,905,905,905,905,0
2022-05-26 10:52:00,905,905,905,905,0
2022-05-26 10:53:00,905,905,905,905,0
2022-05-26 10:54:00,905,905,905,905,0
2022-05-26 10:55:00,905,905,905,905,0
2022-05-26 10:56:00,905,905,905,905,0
2022-05-26 10:57:00,905,905,905,905,0
2022-05-26 10:58:00,905,905,905,905,0
2022-05-26 10:59:00,905,905,905,905,0
2022-05-26 11:00:00,905,905,905,905,0
2022-05-26 11:01:00,905,905,905,905,0
2022-05-26 11:02:00,905,905,905,905,0
2022-05-26 11:03:00,905,905,905,905,0
2022-05-26 11:04:00,905,905,905,905,0
2022-05-26 11:05:00,905,905,905,905,0
2022-05-26 11:06:00,905,905,905,905,0
2022-05-26 11:07:00,905,905,905,905,0
2022-05-26 11:08:00,905,905,905,905,0
2022-05-26 11:09:00,905,905,905,905,0
2022-05-26 11:10:00,905,905,905,905,0
2022-05-26 11:11:00,905,905,905,905,0
2022-05-26 11:12:00,905,905,905,905,0
2022-05-26 11:13:00,905,905,905,905,0
2022-05-26 11:14:00,905,905,905,905,0
2022-05-26 11:15:00,905,905,905,905,0
2022-05-26 11:16:00,905,905,905,905,0
2022-05-26 11:17:00,905,905,905,905,0
2022-05-26 11:18:00,905,905,905,905,0
2022-05-26 11:19:00,905,905,905,905,0
2022-05-26 11:20:00,905,905,905,905,0
2022-05-26 11:21:00,905,905,905,905,0
2022-05-26 11:22:00,905,905,905,905,0
2022-05-26 11:23:00,905,905,905,905,0
2022-05-26 11:24:00,905,905,905,905,0
2022-05-26 11:25:00,905,905,905,905,0
2022-05-26 11:26:00,905,905,905,905,0
2022-05-26 11:27:00,905,905,905,905,0
2022-05-26 11:28:00,905,905,905,905,0
2022-05-26 11:29:00,905,905,905,905,0
2022-05-26 11:30:00,905,905,905,905,0
2022-05-26 11:31:00,905,905,905,905,0
2022-05-26 11:32:00,905,905,905,905,0
2022-05-26 11:33:00,905,905,905,905,0
2022-05-26 11:34:00,905,905,905,905,0
2022-05-26 11:35:00,905,905,905,905,0
2022-05-26 11:36:00,905,905,905,905,0
2022-05-26 11:37:00,905,905,905,905,0
2022-05-26 11:38:00,905,905,905,905,0
2022-05-26 11:39:00,905,905,905,905,0
2022-05-26 11:40:00,905,905,905,905,0
2022-05-26 11:41:00,905,905,905,905,0
2022-05-26 11:42:00,905,905,905,905,0
2022-05-26 11:43:00,905,905,905,905,0
2022-05-26 11:44:00,905,905,905,905,0
2022-05-26 11:45:00,905,905,905,905,0
2022-05-26 11:46:00,905,905,905,905,0
2022-05-26 11:47:00,905,905,905,905,0
2022-05-26 11:48:00,905,905,905,905,0
2022-05-26 11:49:00,905,905,905,905,0
2022-05-26 11:50:00,905,905,905,905,0
2022-05-26 11:51:00,905,905,905,905,0
2022-05-26 11:52:00,905,905,905,905,0
2022-05-26 11:53:00,905,905,905,905,0
2022-05-26 11:54:00,905,905,905,905,0
2022-05-26 11:55:00,905,905,905,905,0
2022-05-26 11:56:00,905,905,905,905,0
2022-05-26 11:57:00,905,905,905,905,0
2022-05-26 11:58:00,905,905,905,905,0
2022-05-26 11:59:00,905,905,905,905,0
2022-05-26 12:00:00,905,905,905,905,0
2022-05-26 12:01:00,905,905,905,905,0
2022-05-26 12:02:00,905,905,905,905,0
2022-05-26 12:03:00,905,905,905,905,0
2022-05-26 12:04:00,905,905,905,905,0
2022-05-26 12:05:00,905,905,905,905,0
2022-05-26 12:06:00,905,905,905,905,0
2022-05-26 12:07:00,905,905,905,905,0
2022-05-26 12:08:00,905,905,905,905,0
2022-05-26 12:09:00,905,905,905,905,0
2022-05-26 12:10:00,905,905,905,905,0
2022-05-26 12:11:00,905,905,905,905,0
2022-05-26 12:12:00,905,905,905,905,0
2022-05-26 12:13:00,905,905,905,905,0
2022-05-26 12:14:00,905,905,905,905,0
2022-05-26 12:15:00,905,905,905,905,0
2022-05-26 12:16:00,905,905,905,905,0
2022-05-26 12:17:00,905,905,905,905,0
2022-05-26 12:18:00,905,905,905,905,0
2022-05-26 12:19:00,905,905,905,905,0
2022-05-26 12:20:00,905,905,905,905,0
2022-05-26 12:21:00,905,905,905,905,0
2022-05-26 12:22:00,905,905,905,905,0
2022-05-26 12:23:00,905,905,905,905,0
2022-05-26 12:24:00,905,905,905,905,0
2022-05-26 12:25:00,905,905,905,905,0
2022-05-26 12:26:00,905,905,905,905,0
2022-05-26 12:27:00,905,905,905,905,0
2022-05-26 12:28:00,905,905,905,905,0
2022-05-26 12:29:00,905,905,905,905,0
2022-05-26 12:30:00,905,905,905,905,0
2022-05-26 12:31:00,905,905,905,905,0
2022-05-26 12:32:00,905,905,905,905,0
2022-05-26 12:33:00,905,905,905,905,0
2022-05-26 12:34:00,905,905,905,905,0
2022-05-26 12:35:00,905,905,905,905,0
2022-05-26 12:36:00,905,905,905,905,0
2022-05-26 12:37:00,905,905,905,905,0
2022-05-26 12:38:00,905,905,905,905,0
2022-05-26 12:39:00,905,905,905,905,0
2022-05-26 12:40:00,905,905,905,905,0
2022-05-26 12:41:00,905,905,905,905,0
2022-05-26 12:42:00,905,905,905,905,0
2022-05-26 12:43:00,905,905,905,905,0
2022-05-26 12:44:00,905,905,905,905,0
2022-05-26 12:45:00,905,905,905,905,0
2022-05-26 12:46:00,905,905,905,905,0
2022-05-26 12:47:00,905,905,905,905,0
2022-05-26 12:48:00,905,905,905,905,0
2022-05-26 12:49:00,905,905,905,905,0
2022-05-26 12:50:00,905,905,905,905,0
2022-05-26 12:51:00,905,905,905,905,0
2022-05-26 12:52:00,905,905,905,905,0
2022-05-26 12:53:00,905,905,905,905,0
2022-05-26 12:54:00,905,905,905,905,0
2022-05-26 12:55:00,905,905,905,905,0
2022-05-26 12:56:00,905,905,905,905,0
2022-05-26 12:57:00,905,905,905,905,0
2022-05-26 12:58:00,905,905,905,905,0
2022-05-26 12:59:00,905,905,905,905,0
2022-05-26 13:00:00,905,905,905,905,0
2022-05-26 13:01:00,905,905,905,905,0
2022-05-26 13:02:00,905,905,905,905,0
2022-05-26 13:03:00,905,905,905,905,0
2022-05-26 13:04:00,905,905,905,905,0
2022-05-26 13:05:00,905,905,905,905,0
2022-05-26 13:06:00,905,905,905,905,0
2022-05-26 13:07:00,905,905,905,905,0
2022-05-26 13:08:00,905,905,905,905,0
2022-05-26 13:09:00,905,905,905,905,0
2022-05-26 13:10:00,905,905,905,905,0
2022-05-26 13:11:00,905,905,905,905,0
2022-05-26 13:12:00,905,905,905,905,0
2022-05-26 13:13:00,905,905,905,905,0
2022-05-26 13:14:00,905,905,905,905,0
2022-05-26 13:15:00,905,905,905,905,0
2022-05-26 13:16:00,905,905,905,905,0
2022-05-26 13:17:00,905,905,905,905,0
2022-05-26 13:18:00,905,905,905,905,0
2022-05-26 13:19:00,905,905,905,905,0
2022-05-26 13:20:00,905,905,905,905,0
2022-05-26 13:21:00,905,905,905,905,0
2022-05-26 13:22:00,905,905,905,905,0
2022-05-26 13:23:00,905,905,905,905,0
2022-05-26 13:24:00,905,905,905,905,0
2022-05-26 13:25:00,905,905,905,905,0
2022-05-26 13:26:00,905,905,905,905,0
2022-05-26 13:27:00,905,905,905,905,0
2022-05-26 13:28:00,905,905,905,905,0
2022-05-26 13:29:00,905,905,905,905,0
2022-05-26 13:30:00,905,905,905,905,0
2022-05-26 13:31:00,905,905,905,905,0
2022-05-26 13:32:00,905,905,905,905,0
2022-05-26 13:33:00,905,905,905,905,0
2022-05-26 13:34:00,905,905,905,905,0
2022-05-26 13:35:00,905,905,905,905,0
2022-05-26 13:36:00,905,905,905,905,0
2022-05-26 13:37:00,905,905,905,905,0
2022-05-26 13:38:00,905,905,905,905,0
2022-05-26 13:39:00,905,905,905,905,0
2022-05-26 13:40:00,905,905,905,905,0
2022-05-26 13:41:00,905,905,905,905,0
2022-05-26 13:42:00,905,905,905,905,0
2022-05-26 13:43:00,905,905,905,905,0
2022-05-26 13:44:00,905,905,905,905,0
2022-05-26 13:45:00,905,905,905,905,0
2022-05-26 13:46:00,905,905,905,905,0
2022-05-26 13:47:00,905,905,905,905,0
2022-05-26 13:48:00,905,905,905,905,0
2022-05-26 13:49:00,905,905,905,905,0
2022-05-26 13:50:00,905,905,905,905,0
2022-05-26 13:51:00,905,905,905,905,0
2022-05-26 13:52:00,905,905,905,905,0
2022-05-26 13:53:00,905,905,905,905,0
2022-05-26 13:54:00,905,905,905,905,0
2022-05-26 13:55:00,905,905,905,905,0
2022-05-26 13:56:00,905,905,905,905,0
2022-05-26 13:57:00,905,905,905,905,0
2022-05-26 13:58:00,905,905,905,905,0
2022-05-26 13:59:00,905,905,905,905,0
2022-05-26 14:00:00,905,905,905,905,0
2022-05-26 14:01:00,905,905,905,905,0
2022-05-26 14:02:00,905,905,905,905,0
2022-05-26 14:03:00,905,905,905,905,0
2022-05-26 14:04:00,905,905,905,905,0
2022-05-26 14:05:00,905,905,905,905,0
2022-05-26 14:06:00,905,905,905,905,0
2022-05-26 14:07:00,905,905,905,905,0
2022-05-26 14:08:00,905,905,905,905,0
2022-05-26 14:09:00,905,905,905,905,0
2022-05-26 14:10:00,905,905,905,905,0
2022-05-26 14:11:00,905,905,905,905,0
2022-05-26 14:12:00,905,905,905,905,0
2022-05-26 14:13:00,905,905,905,905,0
2022-05-26 14:14:00,905,905,905,905,0
2022-05-26 14:15:00,905,905,905,905,0
2022-05-26 14:16:00,905,905,905,905,0
2022-05-26 14:17:00,905,905,905,905,0
2022-05-26 14:18:00,905,905,905,905,0
2022-05-26 14:19:00,905,905,905,905,0
2022-05-26 14:20:00,905,905,905,905,0
2022-05-26 14:21:00,905,905,905,905,0
2022-05-26 14:22:00,905,905,905,905,0
2022-05-26 14:23:00,905,905,905,905,0
2022-05-26 14:24:00,905,905,905,905,0
2022-05-26 14:25:00,905,905,905,905,0
2022-05-26 14:26:00,905,905,905,905,0
2022-05-26 14:27:00,905,905,905,905,0
2022-05-26 14:28:00,905,905,905,905,0
2022-05-26 14:29:00,905,905,905,905,0
2022-05-26 14:30:00,905,905,905,905,0
2022-05-26 14:31:00,905,905,905,905,0
2022-05-26 14:32:00,905,905,905,905,0
2022-05-26 14:33:00,905,905,905,905,0
2022-05-26 14:34:00,905,905,905,905,0
2022-05-26 14:35:00,905,905,905,905,0
2022-05-26 14:36:00,905,905,905,905,0
2022-05-26 14:37:00,905,905,905,905,0
2022-05-26 14:38:00,905,905,905,905,0
2022-05-26 14:39:00,905,905,905,905,0
2022-05-26 14:40:00,905,905,905,905,0
2022-05-26 14:41:00,905,905,905,905,0
2022-05-26 14:42:00,905,905,905,905,0
2022-05-26 14:43:00,905,905,905,905,0
2022-05-26 14:44:00,905,905,905,905,0
2022-05-26 14:45:00,905,905,905,905,0
2022-05-26 14:46:00,905,905,905,905,0
2022-05-26 14:47:00,905,905,905,905,0
2022-05-26 14:48:00,905,905,905,905,0
2022-05-26 14:49:00,905,905,905,905,0
2022-05-26 14:50:00,905,905,905,905,0
2022-05-26 14:51:00,905,905,905,905,0
2022-05-26 14:52:00,905,905,905,905,0
2022-05-26 14:53:00,905,905,905,905,0
2022-05-26 14:54:00,905,905,905,905,0
2022-05-26 14:55:00,905,905,905,905,0
2022-05-26 14:56:00,905,905,905,905,0
2022-05-26 14:57:00,905,905,905,905,0
2022-05-26 14:58:00,905,905,905,905,0
2022-05-26 14:59:00,905,905,905,905,0
2022-05-26 15:00:00,905,905,905,905,0
2022-05-26 15:01:00,905,905,905,905,0
2022-05-26 15:02:00,905,905,905,905,0
2022-05-26 15:03:00,905,905,905,905,0
2022-05-26 15:04:00,905,905,905,905,0
2022-05-26 15:05:00,905,905,905,905,0
2022-05-26 15:06:00,905,905,905,905,0
2022-05-26 15:07:00,905,905,905,905,0
2022-05-26 15:08:00,905,905,905,905,0
2022-05-26 15:09:00,905,905,905,905,0
2022-05-26 15:10:00,905,905,905,905,0
2022-05-26 15:11:00,905,905,905,905,0
2022-05-26 15:12:00,905,905,905,905,0
2022-05-26 15:13:00,905,905,905,905,0
2022-05-26 15:14:00,905,905,905,905,0
2022-05-26 15:15:00,905,905,905,905,0
2022-05-26 15:16:00,905,905,905,905,0
2022-05-26 15:17:00,905,905,905,905,0
2022-05-26 15:18:00,905,905,905,905,0
2022-05-26 15:19:00,905,905,905,905,0
2022-05-26 15:20:00,905,905,905,905,0
2022-05-26 15:21:00,905,905,905,905,0
2022-05-26 15:22:00,905,905,905,905,0
2022-05-26 15:23:00,905,905,905,905,0
2022-05-26 15:24:00,905,905,905,905,0
2022-05-26 15:25:00,905,905,905,905,0
2022-05-26 15:26:00,905,905,905,905,0
2022-05-26 15:27:00,905,905,905,905,0
2022-05-26 15:28:00,905,905,905,905,0
2022-05-26 15:29:00,905,905,905,905,0
2022-05-26 15:30:00,905,905,905,905,0
2022-05-26 15:31:00,905,905,905,905,0
2022-05-26 15:32:00,905,905,905,905,0
2022-05-26 15:33:00,905,905,905,905,0
2022-05-26 15:34:00,905,905,905,905,0
2022-05-26 15:35:00,905,905,905,905,0
2022-05-26 15:36:00,905,905,905,905,0
2022-05-26 15:37:00,905,905,905,905,0
2022-05-26 15:38:00,905,905,905,905,0
2022-05-26 15:39:00,905,905,905,905,0
2022-05-26 15:40:00,905,905,905,905,0
2022-05-26 15:41:00,905,905,905,905,0
2022-05-26 15:42:00,905,905,905,905,0
2022-05-26 15:43:00,905,905,905,905,0
2022-05-26 15:44:00,905,905,905,905,0
2022-05-26 15:45:00,905,905,905,905,0
2022-05-26 15:46:00,905,905,905,905,0
2022-05-26 15:47:00,905,905,905,905,0
2022-05-26 15:48:00,905,905,905,905,0
2022-05-26 15:49:00,905,905,905,905,0
2022-05-26 15:50:00,905,905,905,905,0
2022-05-26 15:51:00,905,905,905,905,0
2022-05-26 15:52:00,905,905,905,905,0
2022-05-26 15:53:00,905,905,905,905,0
2022-05-26 15:54:00,905,905,905,905,0
2022-05-26 15:55:00,905,905,905,905,0
2022-05-26 15:56:00,905,905,905,905,0
2022-05-26 15:57:00,905,905,905,905,0
2022-05-26 15:58:00,905,905,905,905,0
2022-05-26 15:59:00,905,905,905,905,0
2022-05-27 09:00:00,910,910,920,920,0
2022-05-27 09:01:00,920,920,920,920,6500
2022-05-27 09:02:00,920,920,920,920,3700
2022-05-27 09:03:00,920,920,920,920,42500
2022-05-27 09:04:00,920,920,925,925,26500
2022-05-27 09:05:00,925,925,925,925,9500
2022-05-27 09:06:00,925,925,925,925,3000
2022-05-27 09:07:00,925,925,925,925,10000
2022-05-27 09:08:00,925,925,925,925,0
2022-05-27 09:09:00,925,920,925,920,36200
2022-05-27 09:10:00,925,925,925,925,3900
2022-05-27 09:11:00,925,920,925,920,5500
2022-05-27 09:12:00,925,920,925,920,28800
2022-05-27 09:13:00,915,915,915,915,30500
2022-05-27 09:14:00,915,915,915,915,300
2022-05-27 09:15:00,915,915,915,915,0
2022-05-27 09:16:00,925,925,925,925,700
2022-05-27 09:17:00,925,925,925,925,600
2022-05-27 09:18:00,920,920,920,920,40000
2022-05-27 09:19:00,920,920,920,920,0
2022-05-27 09:20:00,925,925,930,930,46100
2022-05-27 09:21:00,930,930,930,930,24200
2022-05-27 09:22:00,930,930,935,935,600
2022-05-27 09:23:00,935,935,935,935,200
2022-05-27 09:24:00,935,930,935,935,191100
2022-05-27 09:25:00,935,935,940,935,144100
2022-05-27 09:26:00,940,940,940,940,202500
2022-05-27 09:27:00,940,940,940,940,20000
2022-05-27 09:28:00,940,940,945,940,200600
2022-05-27 09:29:00,940,940,940,940,5700
2022-05-27 09:30:00,935,935,945,945,251000
2022-05-27 09:31:00,940,940,940,940,2200
2022-05-27 09:32:00,940,940,940,940,1200
2022-05-27 09:33:00,940,940,945,945,37300
2022-05-27 09:34:00,940,940,945,945,0
2022-05-27 09:35:00,945,935,945,935,19500
2022-05-27 09:36:00,945,935,945,935,0
2022-05-27 09:37:00,935,935,935,935,1200
2022-05-27 09:38:00,935,935,935,935,23600
2022-05-27 09:39:00,935,935,935,935,8000
2022-05-27 09:40:00,935,935,935,935,0
2022-05-27 09:41:00,935,935,935,935,0
2022-05-27 09:42:00,935,935,935,935,1000
2022-05-27 09:43:00,935,935,935,935,0
2022-05-27 09:44:00,935,935,935,935,0
2022-05-27 09:45:00,935,935,935,935,0
2022-05-27 09:46:00,935,935,935,935,0
2022-05-27 09:47:00,935,935,935,935,0
2022-05-27 09:48:00,935,935,935,935,0
2022-05-27 09:49:00,935,935,935,935,0
2022-05-27 09:50:00,940,940,940,940,10000
2022-05-27 09:51:00,940,940,940,940,2100
2022-05-27 09:52:00,940,935,940,935,300
2022-05-27 09:53:00,935,935,935,935,100
2022-05-27 09:54:00,935,935,935,935,1800
2022-05-27 09:55:00,935,935,935,935,0
2022-05-27 09:56:00,935,935,935,935,0
2022-05-27 09:57:00,935,935,940,940,6600
2022-05-27 09:58:00,940,940,940,940,2000
2022-05-27 09:59:00,940,940,940,940,0
2022-05-27 10:00:00,945,945,945,945,106600
2022-05-27 10:01:00,945,945,945,945,800
2022-05-27 10:02:00,945,945,955,955,126800
2022-05-27 10:03:00,955,955,960,960,1300
2022-05-27 10:04:00,960,960,960,960,29500
2022-05-27 10:05:00,960,955,960,960,191700
2022-05-27 10:06:00,960,960,960,960,141000
2022-05-27 10:07:00,960,960,970,970,705300
2022-05-27 10:08:00,965,965,975,975,56400
2022-05-27 10:09:00,975,965,975,965,14300
2022-05-27 10:10:00,965,965,965,965,1900
2022-05-27 10:11:00,970,970,970,970,600
2022-05-27 10:12:00,970,965,970,965,25500
2022-05-27 10:13:00,965,965,970,970,35900
2022-05-27 10:14:00,970,965,970,970,344500
2022-05-27 10:15:00,970,970,970,970,1000
2022-05-27 10:16:00,970,970,970,970,600
2022-05-27 10:17:00,965,965,965,965,6100
2022-05-27 10:18:00,965,965,965,965,700
2022-05-27 10:19:00,965,965,965,965,0
2022-05-27 10:20:00,965,965,965,965,200
2022-05-27 10:21:00,965,960,965,960,2300
2022-05-27 10:22:00,965,965,965,965,100
2022-05-27 10:23:00,960,960,960,960,18400
2022-05-27 10:24:00,965,960,965,960,14400
2022-05-27 10:25:00,960,960,960,960,8000
2022-05-27 10:26:00,960,960,960,960,56900
2022-05-27 10:27:00,960,960,960,960,0
2022-05-27 10:28:00,960,960,960,960,1100
2022-05-27 10:29:00,960,960,960,960,0
2022-05-27 10:30:00,955,955,955,955,18700
2022-05-27 10:31:00,950,950,950,950,1000
2022-05-27 10:32:00,950,950,965,965,16600
2022-05-27 10:33:00,950,950,965,965,0
2022-05-27 10:34:00,950,950,965,965,0
2022-05-27 10:35:00,950,950,950,950,400
2022-05-27 10:36:00,950,950,950,950,0
2022-05-27 10:37:00,965,965,965,965,100
2022-05-27 10:38:00,950,950,950,950,2900
2022-05-27 10:39:00,945,945,945,945,10600
2022-05-27 10:40:00,945,940,945,940,21400
2022-05-27 10:41:00,940,940,940,940,200
2022-05-27 10:42:00,935,935,935,935,400
2022-05-27 10:43:00,935,935,935,935,0
2022-05-27 10:44:00,930,930,935,935,3560100
2022-05-27 10:45:00,935,935,935,935,900
2022-05-27 10:46:00,940,940,940,940,0
2022-05-27 10:47:00,940,940,940,940,3565700
2022-05-27 10:48:00,940,940,940,940,0
2022-05-27 10:49:00,940,940,945,945,18900
2022-05-27 10:50:00,940,940,945,945,0
2022-05-27 10:51:00,940,940,945,945,0
2022-05-27 10:52:00,940,940,945,945,0
2022-05-27 10:53:00,945,945,945,945,100
2022-05-27 10:54:00,945,945,945,945,0
2022-05-27 10:55:00,945,945,945,945,0
2022-05-27 10:56:00,945,945,945,945,100
2022-05-27 10:57:00,945,940,945,940,14200
2022-05-27 10:58:00,945,940,945,940,0
2022-05-27 10:59:00,945,940,945,940,0
2022-05-27 11:00:00,945,940,945,940,0
2022-05-27 11:01:00,945,940,945,940,0
2022-05-27 11:02:00,945,940,945,940,0
2022-05-27 11:03:00,945,940,945,940,0
2022-05-27 11:04:00,945,940,945,940,0
2022-05-27 11:05:00,940,940,940,940,1500
2022-05-27 11:06:00,940,940,940,940,25000
2022-05-27 11:07:00,940,940,940,940,0
2022-05-27 11:08:00,940,940,940,940,0
2022-05-27 11:09:00,940,940,940,940,900
2022-05-27 11:10:00,940,940,940,940,0
2022-05-27 11:11:00,940,940,940,940,0
2022-05-27 11:12:00,940,940,940,940,0
2022-05-27 11:13:00,940,940,940,940,0
2022-05-27 11:14:00,945,940,950,940,1000
2022-05-27 11:15:00,945,940,950,940,0
2022-05-27 11:16:00,945,940,950,940,0
2022-05-27 11:17:00,945,940,950,940,0
2022-05-27 11:18:00,945,940,950,940,0
2022-05-27 11:19:00,945,940,950,940,0
2022-05-27 11:20:00,945,940,950,940,0
2022-05-27 11:21:00,945,940,950,940,0
2022-05-27 11:22:00,945,940,950,940,0
2022-05-27 11:23:00,945,940,950,940,0
2022-05-27 11:24:00,945,940,950,940,0
2022-05-27 11:25:00,945,940,950,940,0
2022-05-27 11:26:00,940,940,940,940,3300
2022-05-27 11:27:00,940,940,940,940,0
2022-05-27 11:28:00,940,940,940,940,0
2022-05-27 11:29:00,940,940,940,940,0
2022-05-27 11:30:00,940,940,940,940,0
2022-05-27 11:31:00,940,940,940,940,0
2022-05-27 11:32:00,940,940,940,940,0
2022-05-27 11:33:00,940,940,940,940,0
2022-05-27 11:34:00,940,940,940,940,0
2022-05-27 11:35:00,940,940,940,940,0
2022-05-27 11:36:00,940,940,940,940,0
2022-05-27 11:37:00,940,940,940,940,0
2022-05-27 11:38:00,940,940,940,940,0
2022-05-27 11:39:00,940,940,940,940,0
2022-05-27 11:40:00,940,940,940,940,0
2022-05-27 11:41:00,940,940,940,940,0
2022-05-27 11:42:00,940,940,940,940,0
2022-05-27 11:43:00,940,940,940,940,0
2022-05-27 11:44:00,940,940,940,940,0
2022-05-27 11:45:00,940,940,940,940,0
2022-05-27 11:46:00,940,940,940,940,0
2022-05-27 11:47:00,940,940,940,940,0
2022-05-27 11:48:00,940,940,940,940,0
2022-05-27 11:49:00,940,940,940,940,0
2022-05-27 11:50:00,940,940,940,940,0
2022-05-27 11:51:00,940,940,940,940,0
2022-05-27 11:52:00,940,940,940,940,0
2022-05-27 11:53:00,940,940,940,940,0
2022-05-27 11:54:00,940,940,940,940,0
2022-05-27 11:55:00,940,940,940,940,0
2022-05-27 11:56:00,940,940,940,940,0
2022-05-27 11:57:00,940,940,940,940,0
2022-05-27 11:58:00,940,940,940,940,0
2022-05-27 11:59:00,940,940,940,940,0
2022-05-27 12:00:00,940,940,940,940,0
2022-05-27 12:01:00,940,940,940,940,0
2022-05-27 12:02:00,940,940,940,940,0
2022-05-27 12:03:00,940,940,940,940,0
2022-05-27 12:04:00,940,940,940,940,0
2022-05-27 12:05:00,940,940,940,940,0
2022-05-27 12:06:00,940,940,940,940,0
2022-05-27 12:07:00,940,940,940,940,0
2022-05-27 12:08:00,940,940,940,940,0
2022-05-27 12:09:00,940,940,940,940,0
2022-05-27 12:10:00,940,940,940,940,0
2022-05-27 12:11:00,940,940,940,940,0
2022-05-27 12:12:00,940,940,940,940,0
2022-05-27 12:13:00,940,940,940,940,0
2022-05-27 12:14:00,940,940,940,940,0
2022-05-27 12:15:00,940,940,940,940,0
2022-05-27 12:16:00,940,940,940,940,0
2022-05-27 12:17:00,940,940,940,940,0
2022-05-27 12:18:00,940,940,940,940,0
2022-05-27 12:19:00,940,940,940,940,0
2022-05-27 12:20:00,940,940,940,940,0
2022-05-27 12:21:00,940,940,940,940,0
2022-05-27 12:22:00,940,940,940,940,0
2022-05-27 12:23:00,940,940,940,940,0
2022-05-27 12:24:00,940,940,940,940,0
2022-05-27 12:25:00,940,940,940,940,0
2022-05-27 12:26:00,940,940,940,940,0
2022-05-27 12:27:00,940,940,940,940,0
2022-05-27 12:28:00,940,940,940,940,0
2022-05-27 12:29:00,940,940,940,940,0
2022-05-27 12:30:00,940,940,940,940,0
2022-05-27 12:31:00,940,940,940,940,0
2022-05-27 12:32:00,940,940,940,940,0
2022-05-27 12:33:00,940,940,940,940,0
2022-05-27 12:34:00,940,940,940,940,0
2022-05-27 12:35:00,940,940,940,940,0
2022-05-27 12:36:00,940,940,940,940,0
2022-05-27 12:37:00,940,940,940,940,0
2022-05-27 12:38:00,940,940,940,940,0
2022-05-27 12:39:00,940,940,940,940,0
2022-05-27 12:40:00,940,940,940,940,0
2022-05-27 12:41:00,940,940,940,940,0
2022-05-27 12:42:00,940,940,940,940,0
2022-05-27 12:43:00,940,940,940,940,0
2022-05-27 12:44:00,940,940,940,940,0
2022-05-27 12:45:00,940,940,940,940,0
2022-05-27 12:46:00,940,940,940,940,0
2022-05-27 12:47:00,940,940,940,940,0
2022-05-27 12:48:00,940,940,940,940,0
2022-05-27 12:49:00,940,940,940,940,0
2022-05-27 12:50:00,940,940,940,940,0
2022-05-27 12:51:00,940,940,940,940,0
2022-05-27 12:52:00,940,940,940,940,0
2022-05-27 12:53:00,940,940,940,940,0
2022-05-27 12:54:00,940,940,940,940,0
2022-05-27 12:55:00,940,940,940,940,0
2022-05-27 12:56:00,940,940,940,940,0
2022-05-27 12:57:00,940,940,940,940,0
2022-05-27 12:58:00,940,940,940,940,0
2022-05-27 12:59:00,940,940,940,940,0
2022-05-27 13:00:00,940,940,940,940,0
2022-05-27 13:01:00,940,940,940,940,0
2022-05-27 13:02:00,940,940,940,940,0
2022-05-27 13:03:00,940,940,940,940,0
2022-05-27 13:04:00,940,940,940,940,0
2022-05-27 13:05:00,940,940,940,940,0
2022-05-27 13:06:00,940,940,940,940,0
2022-05-27 13:07:00,940,940,940,940,0
2022-05-27 13:08:00,940,940,940,940,0
2022-05-27 13:09:00,940,940,940,940,0
2022-05-27 13:10:00,940,940,940,940,0
2022-05-27 13:11:00,940,940,940,940,0
2022-05-27 13:12:00,940,940,940,940,0
2022-05-27 13:13:00,940,940,940,940,0
2022-05-27 13:14:00,940,940,940,940,0
2022-05-27 13:15:00,940,940,940,940,0
2022-05-27 13:16:00,940,940,940,940,0
2022-05-27 13:17:00,940,940,940,940,0
2022-05-27 13:18:00,940,940,940,940,0
2022-05-27 13:19:00,940,940,940,940,0
2022-05-27 13:20:00,940,940,940,940,0
2022-05-27 13:21:00,940,940,940,940,0
2022-05-27 13:22:00,940,940,940,940,0
2022-05-27 13:23:00,940,940,940,940,0
2022-05-27 13:24:00,940,940,940,940,0
2022-05-27 13:25:00,940,940,940,940,0
2022-05-27 13:26:00,940,940,940,940,0
2022-05-27 13:27:00,940,940,940,940,0
2022-05-27 13:28:00,940,940,940,940,0
2022-05-27 13:29:00,940,940,940,940,0
2022-05-27 13:30:00,940,940,940,940,400
2022-05-27 13:31:00,940,940,940,940,0
2022-05-27 13:32:00,940,940,940,940,0
2022-05-27 13:33:00,940,940,940,940,300
2022-05-27 13:34:00,940,940,940,940,0
2022-05-27 13:35:00,940,940,940,940,0
2022-05-27 13:36:00,940,940,940,940,0
2022-05-27 13:37:00,940,940,940,940,200
2022-05-27 13:38:00,940,940,940,940,0
2022-05-27 13:39:00,940,940,950,950,12700
2022-05-27 13:40:00,940,940,950,950,0
2022-05-27 13:41:00,940,940,950,950,0
2022-05-27 13:42:00,940,940,950,950,0
2022-05-27 13:43:00,940,940,950,950,0
2022-05-27 13:44:00,950,950,950,950,1700
2022-05-27 13:45:00,950,950,950,950,2500
2022-05-27 13:46:00,950,950,950,950,0
2022-05-27 13:47:00,950,950,950,950,0
2022-05-27 13:48:00,950,950,950,950,0
2022-05-27 13:49:00,950,950,950,950,0
2022-05-27 13:50:00,950,950,950,950,0
2022-05-27 13:51:00,950,950,950,950,0
2022-05-27 13:52:00,950,950,950,950,0
2022-05-27 13:53:00,950,950,950,950,0
2022-05-27 13:54:00,950,950,950,950,0
2022-05-27 13:55:00,950,950,950,950,6000
2022-05-27 13:56:00,950,950,950,950,3500
2022-05-27 13:57:00,950,950,950,950,0
2022-05-27 13:58:00,950,950,950,950,0
2022-05-27 13:59:00,950,950,950,950,0
2022-05-27 14:00:00,950,950,950,950,0
2022-05-27 14:01:00,950,950,950,950,0
2022-05-27 14:02:00,950,950,950,950,0
2022-05-27 14:03:00,940,940,940,940,16000
2022-05-27 14:04:00,940,940,940,940,0
2022-05-27 14:05:00,940,940,940,940,0
2022-05-27 14:06:00,940,940,940,940,0
2022-05-27 14:07:00,940,940,940,940,500
2022-05-27 14:08:00,940,940,940,940,0
2022-05-27 14:09:00,940,940,940,940,15900
2022-05-27 14:10:00,940,940,940,940,0
2022-05-27 14:11:00,940,940,940,940,0
2022-05-27 14:12:00,940,940,940,940,0
2022-05-27 14:13:00,940,940,940,940,0
2022-05-27 14:14:00,940,940,940,940,0
2022-05-27 14:15:00,935,935,940,940,44100
2022-05-27 14:16:00,935,935,940,940,0
2022-05-27 14:17:00,935,935,940,940,0
2022-05-27 14:18:00,945,945,945,945,100
2022-05-27 14:19:00,945,945,945,945,0
2022-05-27 14:20:00,945,945,945,945,0
2022-05-27 14:21:00,945,945,945,945,0
2022-05-27 14:22:00,945,945,945,945,0
2022-05-27 14:23:00,945,945,945,945,0
2022-05-27 14:24:00,940,940,940,940,100
2022-05-27 14:25:00,940,940,940,940,0
2022-05-27 14:26:00,940,940,940,940,1300
2022-05-27 14:27:00,940,940,940,940,0
2022-05-27 14:28:00,940,940,940,940,200
2022-05-27 14:29:00,940,940,940,940,0
2022-05-27 14:30:00,940,940,940,940,0
2022-05-27 14:31:00,940,940,940,940,100
2022-05-27 14:32:00,940,940,940,940,0
2022-05-27 14:33:00,940,940,940,940,300
2022-05-27 14:34:00,940,940,940,940,5200
2022-05-27 14:35:00,940,940,940,940,0
2022-05-27 14:36:00,940,940,940,940,0
2022-05-27 14:37:00,940,940,940,940,3500
2022-05-27 14:38:00,940,940,940,940,0
2022-05-27 14:39:00,940,940,940,940,0
2022-05-27 14:40:00,940,940,940,940,600
2022-05-27 14:41:00,945,945,945,945,21500
2022-05-27 14:42:00,945,945,945,945,0
2022-05-27 14:43:00,940,940,940,940,2000
2022-05-27 14:44:00,940,940,940,940,2800
2022-05-27 14:45:00,940,940,940,940,0
2022-05-27 14:46:00,935,935,935,935,56400
2022-05-27 14:47:00,930,930,930,930,3600
2022-05-27 14:48:00,930,930,930,930,22000
2022-05-27 14:49:00,930,930,935,935,40000
2022-05-27 14:50:00,930,930,935,935,0
2022-05-27 14:51:00,930,930,935,935,0
2022-05-27 14:52:00,930,930,935,935,0
2022-05-27 14:53:00,930,930,935,935,0
2022-05-27 14:54:00,930,930,935,935,0
2022-05-27 14:55:00,930,930,935,935,0
2022-05-27 14:56:00,930,930,935,935,0
2022-05-27 14:57:00,930,930,935,935,0
2022-05-27 14:58:00,930,930,935,935,0
2022-05-27 14:59:00,930,930,935,935,0
2022-05-27 15:00:00,945,945,945,945,10700
2022-05-27 15:01:00,945,945,945,945,17100
2022-05-27 15:02:00,945,945,945,945,100
2022-05-27 15:03:00,945,945,945,945,0
2022-05-27 15:04:00,945,945,945,945,0
2022-05-27 15:05:00,945,945,945,945,0
2022-05-27 15:06:00,945,945,945,945,600
2022-05-27 15:07:00,945,945,945,945,400
2022-05-27 15:08:00,945,945,945,945,0
2022-05-27 15:09:00,945,945,945,945,0
2022-05-27 15:10:00,945,945,945,945,0
2022-05-27 15:11:00,945,945,945,945,0
2022-05-27 15:12:00,945,945,945,945,0
2022-05-27 15:13:00,945,945,945,945,0
2022-05-27 15:14:00,945,945,945,945,0
2022-05-27 15:15:00,945,945,945,945,0
2022-05-27 15:16:00,945,945,945,945,0
2022-05-27 15:17:00,945,945,945,945,0
2022-05-27 15:18:00,945,945,945,945,0
2022-05-27 15:19:00,945,945,945,945,0
2022-05-27 15:20:00,945,945,945,945,0
2022-05-27 15:21:00,945,945,945,945,0
2022-05-27 15:22:00,945,945,945,945,0
2022-05-27 15:23:00,945,945,945,945,0
2022-05-27 15:24:00,945,945,945,945,0
2022-05-27 15:25:00,945,945,945,945,0
2022-05-27 15:26:00,945,945,945,945,0
2022-05-27 15:27:00,945,945,945,945,0
2022-05-27 15:28:00,945,945,945,945,0
2022-05-27 15:29:00,945,945,945,945,0
2022-05-27 15:30:00,945,945,945,945,0
2022-05-27 15:31:00,945,945,945,945,0
2022-05-27 15:32:00,945,945,945,945,0
2022-05-27 15:33:00,945,945,945,945,0
2022-05-27 15:34:00,945,945,945,945,0
2022-05-27 15:35:00,945,945,945,945,0
2022-05-27 15:36:00,945,945,945,945,0
2022-05-27 15:37:00,945,945,945,945,0
2022-05-27 15:38:00,945,945,945,945,0
2022-05-27 15:39:00,945,945,945,945,0
2022-05-27 15:40:00,945,945,945,945,0
2022-05-27 15:41:00,945,945,945,945,0
2022-05-27 15:42:00,945,945,945,945,0
2022-05-27 15:43:00,945,945,945,945,0
2022-05-27 15:44:00,945,945,945,945,0
2022-05-27 15:45:00,945,945,945,945,0
2022-05-27 15:46:00,945,945,945,945,0
2022-05-27 15:47:00,945,945,945,945,0
2022-05-27 15:48:00,945,945,945,945,0
2022-05-27 15:49:00,945,945,945,945,0
2022-05-27 15:50:00,945,945,945,945,0
2022-05-27 15:51:00,945,945,945,945,0
2022-05-27 15:52:00,945,945,945,945,0
2022-05-27 15:53:00,945,945,945,945,0
2022-05-27 15:54:00,945,945,945,945,0
2022-05-27 15:55:00,945,945,945,945,0
2022-05-27 15:56:00,945,945,945,945,0
2022-05-27 15:57:00,945,945,945,945,0
2022-05-27 15:58:00,945,945,945,945,0
2022-05-27 15:59:00,945,945,945,945,0
2022-05-30 09:00:00,950,945,950,950,0
2022-05-30 09:01:00,945,945,945,945,100
2022-05-30 09:02:00,950,950,950,950,6900
2022-05-30 09:03:00,950,945,950,945,53300
2022-05-30 09:04:00,945,945,945,945,180400
2022-05-30 09:05:00,945,945,945,945,0
2022-05-30 09:06:00,945,945,945,945,0
2022-05-30 09:07:00,945,945,950,950,5200
2022-05-30 09:08:00,945,945,945,945,152000
2022-05-30 09:09:00,950,945,950,945,202500
2022-05-30 09:10:00,950,945,950,945,0
2022-05-30 09:11:00,950,945,950,945,0
2022-05-30 09:12:00,950,945,950,945,0
2022-05-30 09:13:00,950,945,950,945,0
2022-05-30 09:14:00,950,945,950,945,0
2022-05-30 09:15:00,950,945,950,945,0
2022-05-30 09:16:00,940,940,940,940,12200
2022-05-30 09:17:00,940,940,940,940,1000
2022-05-30 09:18:00,940,940,940,940,8500
2022-05-30 09:19:00,940,940,940,940,2500
2022-05-30 09:20:00,940,940,940,940,43700
2022-05-30 09:21:00,940,940,940,940,0
2022-05-30 09:22:00,940,940,940,940,100
2022-05-30 09:23:00,935,935,940,940,16000
2022-05-30 09:24:00,935,935,935,935,13500
2022-05-30 09:25:00,935,935,935,935,200
2022-05-30 09:26:00,935,935,935,935,0
2022-05-30 09:27:00,940,940,945,945,1200
2022-05-30 09:28:00,945,945,945,945,700
2022-05-30 09:29:00,945,945,945,945,0
2022-05-30 09:30:00,940,940,945,945,14300
2022-05-30 09:31:00,940,940,945,945,0
2022-05-30 09:32:00,940,940,945,945,0
2022-05-30 09:33:00,940,940,940,940,5200
2022-05-30 09:34:00,940,940,940,940,0
2022-05-30 09:35:00,940,940,940,940,0
2022-05-30 09:36:00,940,940,945,945,7000
2022-05-30 09:37:00,945,945,945,945,500
2022-05-30 09:38:00,945,945,945,945,100
2022-05-30 09:39:00,945,945,945,945,0
2022-05-30 09:40:00,945,945,945,945,0
2022-05-30 09:41:00,945,945,945,945,49600
2022-05-30 09:42:00,950,950,950,950,108700
2022-05-30 09:43:00,950,950,960,960,88100
2022-05-30 09:44:00,955,955,955,955,100
2022-05-30 09:45:00,960,960,960,960,6700
2022-05-30 09:46:00,965,965,965,965,39300
2022-05-30 09:47:00,965,965,975,975,44200
2022-05-30 09:48:00,975,970,980,975,77000
2022-05-30 09:49:00,975,975,980,975,28800
2022-05-30 09:50:00,980,975,980,975,5200
2022-05-30 09:51:00,980,975,990,980,239200
2022-05-30 09:52:00,985,975,985,975,12600
2022-05-30 09:53:00,980,980,985,985,28500
2022-05-30 09:54:00,985,985,990,985,104100
2022-05-30 09:55:00,985,985,990,990,101600
2022-05-30 09:56:00,990,990,995,990,94900
2022-05-30 09:57:00,990,985,995,990,90100
2022-05-30 09:58:00,990,985,990,985,17100
2022-05-30 09:59:00,985,970,985,970,51000
2022-05-30 10:00:00,985,970,985,970,0
2022-05-30 10:01:00,975,970,975,970,4400
2022-05-30 10:02:00,980,975,980,980,5900
2022-05-30 10:03:00,980,975,980,980,0
2022-05-30 10:04:00,980,975,980,975,1800
2022-05-30 10:05:00,975,975,975,975,2000
2022-05-30 10:06:00,980,975,980,975,6200
2022-05-30 10:07:00,980,975,980,975,0
2022-05-30 10:08:00,975,970,975,970,6800
2022-05-30 10:09:00,970,970,970,970,6700
2022-05-30 10:10:00,970,965,970,970,14000
2022-05-30 10:11:00,970,970,970,970,1000
2022-05-30 10:12:00,970,970,970,970,500
2022-05-30 10:13:00,970,970,970,970,0
2022-05-30 10:14:00,970,970,970,970,3900
2022-05-30 10:15:00,970,970,970,970,0
2022-05-30 10:16:00,970,970,970,970,0
2022-05-30 10:17:00,970,970,970,970,100
2022-05-30 10:18:00,970,970,970,970,0
2022-05-30 10:19:00,970,970,970,970,0
2022-05-30 10:20:00,970,970,970,970,500
2022-05-30 10:21:00,970,970,970,970,0
2022-05-30 10:22:00,970,970,970,970,0
2022-05-30 10:23:00,970,970,970,970,0
2022-05-30 10:24:00,970,970,970,970,11800
2022-05-30 10:25:00,970,970,970,970,3000
2022-05-30 10:26:00,970,970,970,970,8100
2022-05-30 10:27:00,970,970,970,970,0
2022-05-30 10:28:00,970,970,975,975,21000
2022-05-30 10:29:00,975,975,975,975,700
2022-05-30 10:30:00,975,975,975,975,0
2022-05-30 10:31:00,975,975,975,975,0
2022-05-30 10:32:00,975,975,975,975,0
2022-05-30 10:33:00,980,980,980,980,1200
2022-05-30 10:34:00,985,980,985,980,13000
2022-05-30 10:35:00,985,980,985,980,0
2022-05-30 10:36:00,985,980,985,980,0
2022-05-30 10:37:00,985,985,985,985,7600
2022-05-30 10:38:00,985,985,985,985,2900
2022-05-30 10:39:00,985,985,985,985,5700
2022-05-30 10:40:00,990,985,990,985,20200
2022-05-30 10:41:00,985,985,985,985,12300
2022-05-30 10:42:00,985,985,985,985,100
2022-05-30 10:43:00,980,980,980,980,200
2022-05-30 10:44:00,980,980,980,980,43200
2022-05-30 10:45:00,980,980,980,980,70100
2022-05-30 10:46:00,980,980,980,980,2000
2022-05-30 10:47:00,980,980,980,980,1800
2022-05-30 10:48:00,980,975,980,975,26500
2022-05-30 10:49:00,980,975,980,975,0
2022-05-30 10:50:00,980,975,980,975,0
2022-05-30 10:51:00,980,975,980,975,0
2022-05-30 10:52:00,980,975,980,975,0
2022-05-30 10:53:00,980,980,980,980,5400
2022-05-30 10:54:00,985,985,985,985,300
2022-05-30 10:55:00,985,985,985,985,0
2022-05-30 10:56:00,985,985,985,985,0
2022-05-30 10:57:00,980,980,980,980,100
2022-05-30 10:58:00,980,980,980,980,1000
2022-05-30 10:59:00,980,980,980,980,0
2022-05-30 11:00:00,980,980,980,980,0
2022-05-30 11:01:00,980,980,980,980,0
2022-05-30 11:02:00,980,980,980,980,300
2022-05-30 11:03:00,980,980,980,980,0
2022-05-30 11:04:00,980,980,980,980,9100
2022-05-30 11:05:00,975,975,975,975,24200
2022-05-30 11:06:00,975,975,975,975,1600
2022-05-30 11:07:00,975,965,975,965,100000
2022-05-30 11:08:00,975,965,975,965,0
2022-05-30 11:09:00,975,975,975,975,200
2022-05-30 11:10:00,975,975,975,975,0
2022-05-30 11:11:00,975,975,975,975,4400
2022-05-30 11:12:00,975,975,975,975,0
2022-05-30 11:13:00,975,975,975,975,0
2022-05-30 11:14:00,975,975,975,975,0
2022-05-30 11:15:00,975,975,975,975,200
2022-05-30 11:16:00,975,975,975,975,0
2022-05-30 11:17:00,975,975,975,975,100
2022-05-30 11:18:00,975,975,975,975,0
2022-05-30 11:19:00,975,975,975,975,0
2022-05-30 11:20:00,975,975,975,975,1800
2022-05-30 11:21:00,975,975,975,975,10400
2022-05-30 11:22:00,975,975,975,975,11700
2022-05-30 11:23:00,965,965,965,965,10000
2022-05-30 11:24:00,965,965,965,965,1000
2022-05-30 11:25:00,965,965,965,965,100
2022-05-30 11:26:00,965,965,965,965,0
2022-05-30 11:27:00,970,970,975,975,89700
2022-05-30 11:28:00,975,975,980,975,379400
2022-05-30 11:29:00,975,975,975,975,27500
2022-05-30 11:30:00,975,975,975,975,0
2022-05-30 11:31:00,975,975,975,975,0
2022-05-30 11:32:00,975,975,975,975,0
2022-05-30 11:33:00,975,975,975,975,0
2022-05-30 11:34:00,975,975,975,975,0
2022-05-30 11:35:00,975,975,975,975,0
2022-05-30 11:36:00,975,975,975,975,0
2022-05-30 11:37:00,975,975,975,975,0
2022-05-30 11:38:00,975,975,975,975,0
2022-05-30 11:39:00,975,975,975,975,0
2022-05-30 11:40:00,975,975,975,975,0
2022-05-30 11:41:00,975,975,975,975,0
2022-05-30 11:42:00,975,975,975,975,0
2022-05-30 11:43:00,975,975,975,975,0
2022-05-30 11:44:00,975,975,975,975,0
2022-05-30 11:45:00,975,975,975,975,0
2022-05-30 11:46:00,975,975,975,975,0
2022-05-30 11:47:00,975,975,975,975,0
2022-05-30 11:48:00,975,975,975,975,0
2022-05-30 11:49:00,975,975,975,975,0
2022-05-30 11:50:00,975,975,975,975,0
2022-05-30 11:51:00,975,975,975,975,0
2022-05-30 11:52:00,975,975,975,975,0
2022-05-30 11:53:00,975,975,975,975,0
2022-05-30 11:54:00,975,975,975,975,0
2022-05-30 11:55:00,975,975,975,975,0
2022-05-30 11:56:00,975,975,975,975,0
2022-05-30 11:57:00,975,975,975,975,0
2022-05-30 11:58:00,975,975,975,975,0
2022-05-30 11:59:00,975,975,975,975,0
2022-05-30 12:00:00,975,975,975,975,0
2022-05-30 12:01:00,975,975,975,975,0
2022-05-30 12:02:00,975,975,975,975,0
2022-05-30 12:03:00,975,975,975,975,0
2022-05-30 12:04:00,975,975,975,975,0
2022-05-30 12:05:00,975,975,975,975,0
2022-05-30 12:06:00,975,975,975,975,0
2022-05-30 12:07:00,975,975,975,975,0
2022-05-30 12:08:00,975,975,975,975,0
2022-05-30 12:09:00,975,975,975,975,0
2022-05-30 12:10:00,975,975,975,975,0
2022-05-30 12:11:00,975,975,975,975,0
2022-05-30 12:12:00,975,975,975,975,0
2022-05-30 12:13:00,975,975,975,975,0
2022-05-30 12:14:00,975,975,975,975,0
2022-05-30 12:15:00,975,975,975,975,0
2022-05-30 12:16:00,975,975,975,975,0
2022-05-30 12:17:00,975,975,975,975,0
2022-05-30 12:18:00,975,975,975,975,0
2022-05-30 12:19:00,975,975,975,975,0
2022-05-30 12:20:00,975,975,975,975,0
2022-05-30 12:21:00,975,975,975,975,0
2022-05-30 12:22:00,975,975,975,975,0
2022-05-30 12:23:00,975,975,975,975,0
2022-05-30 12:24:00,975,975,975,975,0
2022-05-30 12:25:00,975,975,975,975,0
2022-05-30 12:26:00,975,975,975,975,0
2022-05-30 12:27:00,975,975,975,975,0
2022-05-30 12:28:00,975,975,975,975,0
2022-05-30 12:29:00,975,975,975,975,0
2022-05-30 12:30:00,975,975,975,975,0
2022-05-30 12:31:00,975,975,975,975,0
2022-05-30 12:32:00,975,975,975,975,0
2022-05-30 12:33:00,975,975,975,975,0
2022-05-30 12:34:00,975,975,975,975,0
2022-05-30 12:35:00,975,975,975,975,0
2022-05-30 12:36:00,975,975,975,975,0
2022-05-30 12:37:00,975,975,975,975,0
2022-05-30 12:38:00,975,975,975,975,0
2022-05-30 12:39:00,975,975,975,975,0
2022-05-30 12:40:00,975,975,975,975,0
2022-05-30 12:41:00,975,975,975,975,0
2022-05-30 12:42:00,975,975,975,975,0
2022-05-30 12:43:00,975,975,975,975,0
2022-05-30 12:44:00,975,975,975,975,0
2022-05-30 12:45:00,975,975,975,975,0
2022-05-30 12:46:00,975,975,975,975,0
2022-05-30 12:47:00,975,975,975,975,0
2022-05-30 12:48:00,975,975,975,975,0
2022-05-30 12:49:00,975,975,975,975,0
2022-05-30 12:50:00,975,975,975,975,0
2022-05-30 12:51:00,975,975,975,975,0
2022-05-30 12:52:00,975,975,975,975,0
2022-05-30 12:53:00,975,975,975,975,0
2022-05-30 12:54:00,975,975,975,975,0
2022-05-30 12:55:00,975,975,975,975,0
2022-05-30 12:56:00,975,975,975,975,0
2022-05-30 12:57:00,975,975,975,975,0
2022-05-30 12:58:00,975,975,975,975,0
2022-05-30 12:59:00,975,975,975,975,0
2022-05-30 13:00:00,975,975,975,975,0
2022-05-30 13:01:00,975,975,975,975,0
2022-05-30 13:02:00,975,975,975,975,0
2022-05-30 13:03:00,975,975,975,975,0
2022-05-30 13:04:00,975,975,975,975,0
2022-05-30 13:05:00,975,975,975,975,0
2022-05-30 13:06:00,975,975,975,975,0
2022-05-30 13:07:00,975,975,975,975,0
2022-05-30 13:08:00,975,975,975,975,0
2022-05-30 13:09:00,975,975,975,975,0
2022-05-30 13:10:00,975,975,975,975,0
2022-05-30 13:11:00,975,975,975,975,0
2022-05-30 13:12:00,975,975,975,975,0
2022-05-30 13:13:00,975,975,975,975,0
2022-05-30 13:14:00,975,975,975,975,0
2022-05-30 13:15:00,975,975,975,975,0
2022-05-30 13:16:00,975,975,975,975,0
2022-05-30 13:17:00,975,975,975,975,0
2022-05-30 13:18:00,975,975,975,975,0
2022-05-30 13:19:00,975,975,975,975,0
2022-05-30 13:20:00,975,975,975,975,0
2022-05-30 13:21:00,975,975,975,975,0
2022-05-30 13:22:00,975,975,975,975,0
2022-05-30 13:23:00,975,975,975,975,0
2022-05-30 13:24:00,975,975,975,975,0
2022-05-30 13:25:00,975,975,975,975,0
2022-05-30 13:26:00,975,975,975,975,0
2022-05-30 13:27:00,975,975,975,975,0
2022-05-30 13:28:00,975,975,975,975,0
2022-05-30 13:29:00,975,975,975,975,0
2022-05-30 13:30:00,975,975,980,975,8400
2022-05-30 13:31:00,975,975,975,975,500
2022-05-30 13:32:00,975,975,975,975,4200
2022-05-30 13:33:00,975,975,975,975,0
2022-05-30 13:34:00,975,975,975,975,0
2022-05-30 13:35:00,975,975,975,975,0
2022-05-30 13:36:00,975,975,975,975,0
2022-05-30 13:37:00,970,965,970,965,18000
2022-05-30 13:38:00,975,975,975,975,1500
2022-05-30 13:39:00,975,975,975,975,2200
2022-05-30 13:40:00,975,975,975,975,11000
2022-05-30 13:41:00,975,975,975,975,1500
2022-05-30 13:42:00,975,975,975,975,400
2022-05-30 13:43:00,975,975,975,975,100
2022-05-30 13:44:00,980,980,980,980,100
2022-05-30 13:45:00,980,980,980,980,0
2022-05-30 13:46:00,965,965,965,965,400
2022-05-30 13:47:00,980,980,980,980,100
2022-05-30 13:48:00,980,980,980,980,100
2022-05-30 13:49:00,980,980,980,980,1300
2022-05-30 13:50:00,980,980,980,980,0
2022-05-30 13:51:00,980,980,980,980,24900
2022-05-30 13:52:00,985,985,985,985,37100
2022-05-30 13:53:00,985,985,985,985,0
2022-05-30 13:54:00,985,985,985,985,591100
2022-05-30 13:55:00,980,980,985,985,100100
2022-05-30 13:56:00,980,980,985,985,0
2022-05-30 13:57:00,980,980,985,985,0
2022-05-30 13:58:00,980,980,980,980,3000
2022-05-30 13:59:00,975,975,975,975,10100
2022-05-30 14:00:00,975,975,975,975,509200
2022-05-30 14:01:00,975,975,975,975,0
2022-05-30 14:02:00,975,975,975,975,0
2022-05-30 14:03:00,975,975,975,975,0
2022-05-30 14:04:00,980,980,980,980,300
2022-05-30 14:05:00,975,975,975,975,1800
2022-05-30 14:06:00,975,975,975,975,1700
2022-05-30 14:07:00,975,975,975,975,0
2022-05-30 14:08:00,975,975,975,975,0
2022-05-30 14:09:00,975,975,975,975,700
2022-05-30 14:10:00,975,975,975,975,0
2022-05-30 14:11:00,975,975,975,975,0
2022-05-30 14:12:00,970,970,970,970,1200
2022-05-30 14:13:00,970,970,970,970,0
2022-05-30 14:14:00,970,970,970,970,700
2022-05-30 14:15:00,970,970,970,970,0
2022-05-30 14:16:00,970,970,970,970,0
2022-05-30 14:17:00,970,970,970,970,0
2022-05-30 14:18:00,970,970,970,970,0
2022-05-30 14:19:00,970,970,970,970,0
2022-05-30 14:20:00,970,970,970,970,200
2022-05-30 14:21:00,970,970,970,970,0
2022-05-30 14:22:00,970,970,970,970,0
2022-05-30 14:23:00,970,970,970,970,0
2022-05-30 14:24:00,970,970,975,975,11100
2022-05-30 14:25:00,970,970,975,975,0
2022-05-30 14:26:00,970,970,975,975,0
2022-05-30 14:27:00,970,970,975,975,0
2022-05-30 14:28:00,975,975,975,975,5400
2022-05-30 14:29:00,980,975,980,975,700
2022-05-30 14:30:00,980,975,980,975,0
2022-05-30 14:31:00,980,975,980,975,0
2022-05-30 14:32:00,975,975,975,975,6900
2022-05-30 14:33:00,975,975,975,975,0
2022-05-30 14:34:00,980,975,980,975,900
2022-05-30 14:35:00,980,975,980,975,0
2022-05-30 14:36:00,980,975,980,975,3300
2022-05-30 14:37:00,980,975,980,975,0
2022-05-30 14:38:00,975,975,980,980,7000
2022-05-30 14:39:00,980,980,980,980,13200
2022-05-30 14:40:00,980,980,980,980,0
2022-05-30 14:41:00,975,975,975,975,3500
2022-05-30 14:42:00,975,975,975,975,0
2022-05-30 14:43:00,975,975,975,975,2000
2022-05-30 14:44:00,975,975,975,975,0
2022-05-30 14:45:00,975,975,975,975,0
2022-05-30 14:46:00,975,975,975,975,0
2022-05-30 14:47:00,975,975,975,975,0
2022-05-30 14:48:00,975,975,975,975,500
2022-05-30 14:49:00,975,975,980,980,1200
2022-05-30 14:50:00,975,975,980,980,0
2022-05-30 14:51:00,975,975,980,980,0
2022-05-30 14:52:00,975,975,980,980,0
2022-05-30 14:53:00,975,975,980,980,0
2022-05-30 14:54:00,975,975,980,980,0
2022-05-30 14:55:00,975,975,980,980,0
2022-05-30 14:56:00,975,975,980,980,0
2022-05-30 14:57:00,975,975,980,980,0
2022-05-30 14:58:00,975,975,980,980,0
2022-05-30 14:59:00,975,975,980,980,0
2022-05-30 15:00:00,980,980,980,980,476500
2022-05-30 15:01:00,980,980,980,980,57300
2022-05-30 15:02:00,980,980,980,980,0
2022-05-30 15:03:00,980,980,980,980,0
2022-05-30 15:04:00,980,980,980,980,30300
2022-05-30 15:05:00,980,980,980,980,5200
2022-05-30 15:06:00,980,980,980,980,0
2022-05-30 15:07:00,980,980,980,980,6700
2022-05-30 15:08:00,980,980,980,980,5500
2022-05-30 15:09:00,980,980,980,980,1400
2022-05-30 15:10:00,980,980,980,980,0
2022-05-30 15:11:00,980,980,980,980,1000
2022-05-30 15:12:00,980,980,980,980,2300
2022-05-30 15:13:00,980,980,980,980,500
2022-05-30 15:14:00,980,980,980,980,6500
2022-05-30 15:15:00,980,980,980,980,100
2022-05-30 15:16:00,980,980,980,980,0
2022-05-30 15:17:00,980,980,980,980,0
2022-05-30 15:18:00,980,980,980,980,0
2022-05-30 15:19:00,980,980,980,980,0
2022-05-30 15:20:00,980,980,980,980,0
2022-05-30 15:21:00,980,980,980,980,0
2022-05-30 15:22:00,980,980,980,980,0
2022-05-30 15:23:00,980,980,980,980,0
2022-05-30 15:24:00,980,980,980,980,0
2022-05-30 15:25:00,980,980,980,980,0
2022-05-30 15:26:00,980,980,980,980,0
2022-05-30 15:27:00,980,980,980,980,0
2022-05-30 15:28:00,980,980,980,980,0
2022-05-30 15:29:00,980,980,980,980,0
2022-05-30 15:30:00,980,980,980,980,0
2022-05-30 15:31:00,980,980,980,980,0
2022-05-30 15:32:00,980,980,980,980,0
2022-05-30 15:33:00,980,980,980,980,0
2022-05-30 15:34:00,980,980,980,980,0
2022-05-30 15:35:00,980,980,980,980,0
2022-05-30 15:36:00,980,980,980,980,0
2022-05-30 15:37:00,980,980,980,980,0
2022-05-30 15:38:00,980,980,980,980,0
2022-05-30 15:39:00,980,980,980,980,0
2022-05-30 15:40:00,980,980,980,980,0
2022-05-30 15:41:00,980,980,980,980,0
2022-05-30 15:42:00,980,980,980,980,0
2022-05-30 15:43:00,980,980,980,980,0
2022-05-30 15:44:00,980,980,980,980,0
2022-05-30 15:45:00,980,980,980,980,0
2022-05-30 15:46:00,980,980,980,980,0
2022-05-30 15:47:00,980,980,980,980,0
2022-05-30 15:48:00,980,980,980,980,0
2022-05-30 15:49:00,980,980,980,980,0
2022-05-30 15:50:00,980,980,980,980,0
2022-05-30 15:51:00,980,980,980,980,0
2022-05-30 15:52:00,980,980,980,980,0
2022-05-30 15:53:00,980,980,980,980,0
2022-05-30 15:54:00,980,980,980,980,0
2022-05-30 15:55:00,980,980,980,980,0
2022-05-30 15:56:00,980,980,980,980,0
2022-05-30 15:57:00,980,980,980,980,0
2022-05-30 15:58:00,980,980,980,980,0
2022-05-30 15:59:00,980,980,980,980,0
2022-05-31 09:00:00,980,980,985,980,0
2022-05-31 09:01:00,980,980,980,980,10000
2022-05-31 09:02:00,980,980,980,980,11000
2022-05-31 09:03:00,980,980,980,980,1100
2022-05-31 09:04:00,985,985,985,985,14300
2022-05-31 09:05:00,985,985,985,985,9000
2022-05-31 09:06:00,985,985,990,990,12300
2022-05-31 09:07:00,990,985,990,985,5300
2022-05-31 09:08:00,985,985,990,990,52700
2022-05-31 09:09:00,990,990,990,990,77800
2022-05-31 09:10:00,990,990,995,995,144600
2022-05-31 09:11:00,995,990,995,995,93600
2022-05-31 09:12:00,995,995,995,995,1300
2022-05-31 09:13:00,995,995,995,995,2500
2022-05-31 09:14:00,990,990,990,990,5000
2022-05-31 09:15:00,990,990,995,990,3700
2022-05-31 09:16:00,990,990,990,990,1100
2022-05-31 09:17:00,990,990,990,990,3000
2022-05-31 09:18:00,990,990,990,990,100
2022-05-31 09:19:00,990,985,990,985,9100
2022-05-31 09:20:00,985,985,985,985,10000
2022-05-31 09:21:00,985,985,985,985,0
2022-05-31 09:22:00,990,990,990,990,5000
2022-05-31 09:23:00,990,990,990,990,1000
2022-05-31 09:24:00,990,990,990,990,0
2022-05-31 09:25:00,990,990,990,990,0
2022-05-31 09:26:00,985,985,985,985,500
2022-05-31 09:27:00,985,985,985,985,9700
2022-05-31 09:28:00,985,980,985,980,2600
2022-05-31 09:29:00,985,980,985,980,0
2022-05-31 09:30:00,980,980,980,980,3700
2022-05-31 09:31:00,980,980,980,980,1400
2022-05-31 09:32:00,980,980,980,980,3200
2022-05-31 09:33:00,980,980,980,980,0
2022-05-31 09:34:00,980,980,980,980,0
2022-05-31 09:35:00,980,980,980,980,500
2022-05-31 09:36:00,980,980,980,980,0
2022-05-31 09:37:00,980,980,980,980,0
2022-05-31 09:38:00,980,980,980,980,0
2022-05-31 09:39:00,980,980,980,980,20000
2022-05-31 09:40:00,980,980,980,980,7400
2022-05-31 09:41:00,990,990,990,990,100
2022-05-31 09:42:00,990,990,990,990,0
2022-05-31 09:43:00,990,990,990,990,0
2022-05-31 09:44:00,985,980,985,980,4700
2022-05-31 09:45:00,985,985,985,985,2000
2022-05-31 09:46:00,985,985,985,985,0
2022-05-31 09:47:00,985,985,985,985,0
2022-05-31 09:48:00,985,985,985,985,0
2022-05-31 09:49:00,985,985,985,985,1700
2022-05-31 09:50:00,985,985,985,985,0
2022-05-31 09:51:00,985,985,985,985,0
2022-05-31 09:52:00,985,985,985,985,100
2022-05-31 09:53:00,985,985,985,985,200
2022-05-31 09:54:00,985,985,985,985,0
2022-05-31 09:55:00,985,985,985,985,300
2022-05-31 09:56:00,985,985,985,985,200
2022-05-31 09:57:00,985,985,985,985,0
2022-05-31 09:58:00,990,990,990,990,1000
2022-05-31 09:59:00,990,990,990,990,3500
2022-05-31 10:00:00,985,985,985,985,1000
2022-05-31 10:01:00,985,985,985,985,0
2022-05-31 10:02:00,985,985,985,985,0
2022-05-31 10:03:00,985,985,985,985,0
2022-05-31 10:04:00,985,985,985,985,0
2022-05-31 10:05:00,985,985,985,985,0
2022-05-31 10:06:00,985,985,985,985,0
2022-05-31 10:07:00,985,985,985,985,100
2022-05-31 10:08:00,985,985,985,985,300
2022-05-31 10:09:00,985,985,985,985,6800
2022-05-31 10:10:00,985,985,985,985,0
2022-05-31 10:11:00,985,985,985,985,2500
2022-05-31 10:12:00,985,985,985,985,0
2022-05-31 10:13:00,985,985,985,985,700
2022-05-31 10:14:00,980,980,980,980,100
2022-05-31 10:15:00,980,975,980,975,70400
2022-05-31 10:16:00,980,975,980,975,0
2022-05-31 10:17:00,975,975,975,975,1200
2022-05-31 10:18:00,975,975,975,975,0
2022-05-31 10:19:00,975,975,975,975,0
2022-05-31 10:20:00,975,975,975,975,0
2022-05-31 10:21:00,975,975,975,975,0
2022-05-31 10:22:00,975,975,975,975,1900
2022-05-31 10:23:00,975,975,975,975,0
2022-05-31 10:24:00,975,975,975,975,200
2022-05-31 10:25:00,975,975,975,975,0
2022-05-31 10:26:00,975,975,975,975,0
2022-05-31 10:27:00,975,975,975,975,14200
2022-05-31 10:28:00,975,975,975,975,500
2022-05-31 10:29:00,975,970,975,970,75000
2022-05-31 10:30:00,970,970,970,970,29400
2022-05-31 10:31:00,965,965,965,965,13600
2022-05-31 10:32:00,965,965,965,965,300
2022-05-31 10:33:00,970,970,970,970,14900
2022-05-31 10:34:00,970,970,970,970,4500
2022-05-31 10:35:00,970,965,970,965,5500
2022-05-31 10:36:00,970,965,970,965,0
2022-05-31 10:37:00,965,965,970,970,4500
2022-05-31 10:38:00,965,965,970,970,0
2022-05-31 10:39:00,965,965,970,970,0
2022-05-31 10:40:00,965,965,965,965,700
2022-05-31 10:41:00,965,965,965,965,0
2022-05-31 10:42:00,965,965,965,965,0
2022-05-31 10:43:00,965,965,965,965,1000
2022-05-31 10:44:00,965,965,965,965,0
2022-05-31 10:45:00,970,970,970,970,200
2022-05-31 10:46:00,970,970,970,970,2800
2022-05-31 10:47:00,970,970,970,970,10000
2022-05-31 10:48:00,970,970,970,970,0
2022-05-31 10:49:00,970,970,970,970,0
2022-05-31 10:50:00,970,970,970,970,0
2022-05-31 10:51:00,965,965,965,965,100
2022-05-31 10:52:00,965,965,965,965,0
2022-05-31 10:53:00,965,965,965,965,0
2022-05-31 10:54:00,965,965,965,965,100
2022-05-31 10:55:00,965,965,965,965,100
2022-05-31 10:56:00,965,965,965,965,0
2022-05-31 10:57:00,965,965,965,965,200
2022-05-31 10:58:00,970,970,970,970,2500
2022-05-31 10:59:00,970,970,970,970,10900
2022-05-31 11:00:00,970,970,970,970,0
2022-05-31 11:01:00,970,970,970,970,0
2022-05-31 11:02:00,970,970,970,970,0
2022-05-31 11:03:00,970,970,970,970,100
2022-05-31 11:04:00,970,970,970,970,0
2022-05-31 11:05:00,970,970,970,970,0
2022-05-31 11:06:00,970,970,970,970,5100
2022-05-31 11:07:00,970,970,970,970,0
2022-05-31 11:08:00,970,970,970,970,0
2022-05-31 11:09:00,970,970,970,970,0
2022-05-31 11:10:00,970,970,970,970,200
2022-05-31 11:11:00,970,970,970,970,0
2022-05-31 11:12:00,965,965,965,965,300
2022-05-31 11:13:00,965,965,965,965,3000
2022-05-31 11:14:00,965,960,965,960,115100
2022-05-31 11:15:00,960,960,960,960,100
2022-05-31 11:16:00,960,960,960,960,1400
2022-05-31 11:17:00,960,955,960,955,25400
2022-05-31 11:18:00,950,950,950,950,76200
2022-05-31 11:19:00,950,950,950,950,500
2022-05-31 11:20:00,950,945,950,950,19600
2022-05-31 11:21:00,950,950,950,950,21600
2022-05-31 11:22:00,950,950,950,950,2500
2022-05-31 11:23:00,945,945,945,945,39900
2022-05-31 11:24:00,940,935,940,940,172300
2022-05-31 11:25:00,935,935,940,940,153400
2022-05-31 11:26:00,940,940,940,940,22200
2022-05-31 11:27:00,940,940,940,940,100
2022-05-31 11:28:00,940,935,940,935,87600
2022-05-31 11:29:00,935,935,935,935,5000
2022-05-31 11:30:00,935,935,935,935,0
2022-05-31 11:31:00,935,935,935,935,0
2022-05-31 11:32:00,935,935,935,935,0
2022-05-31 11:33:00,935,935,935,935,0
2022-05-31 11:34:00,935,935,935,935,0
2022-05-31 11:35:00,935,935,935,935,0
2022-05-31 11:36:00,935,935,935,935,0
2022-05-31 11:37:00,935,935,935,935,0
2022-05-31 11:38:00,935,935,935,935,0
2022-05-31 11:39:00,935,935,935,935,0
2022-05-31 11:40:00,935,935,935,935,0
2022-05-31 11:41:00,935,935,935,935,0
2022-05-31 11:42:00,935,935,935,935,0
2022-05-31 11:43:00,935,935,935,935,0
2022-05-31 11:44:00,935,935,935,935,0
2022-05-31 11:45:00,935,935,935,935,0
2022-05-31 11:46:00,935,935,935,935,0
2022-05-31 11:47:00,935,935,935,935,0
2022-05-31 11:48:00,935,935,935,935,0
2022-05-31 11:49:00,935,935,935,935,0
2022-05-31 11:50:00,935,935,935,935,0
2022-05-31 11:51:00,935,935,935,935,0
2022-05-31 11:52:00,935,935,935,935,0
2022-05-31 11:53:00,935,935,935,935,0
2022-05-31 11:54:00,935,935,935,935,0
2022-05-31 11:55:00,935,935,935,935,0
2022-05-31 11:56:00,935,935,935,935,0
2022-05-31 11:57:00,935,935,935,935,0
2022-05-31 11:58:00,935,935,935,935,0
2022-05-31 11:59:00,935,935,935,935,0
2022-05-31 12:00:00,935,935,935,935,0
2022-05-31 12:01:00,935,935,935,935,0
2022-05-31 12:02:00,935,935,935,935,0
2022-05-31 12:03:00,935,935,935,935,0
2022-05-31 12:04:00,935,935,935,935,0
2022-05-31 12:05:00,935,935,935,935,0
2022-05-31 12:06:00,935,935,935,935,0
2022-05-31 12:07:00,935,935,935,935,0
2022-05-31 12:08:00,935,935,935,935,0
2022-05-31 12:09:00,935,935,935,935,0
2022-05-31 12:10:00,935,935,935,935,0
2022-05-31 12:11:00,935,935,935,935,0
2022-05-31 12:12:00,935,935,935,935,0
2022-05-31 12:13:00,935,935,935,935,0
2022-05-31 12:14:00,935,935,935,935,0
2022-05-31 12:15:00,935,935,935,935,0
2022-05-31 12:16:00,935,935,935,935,0
2022-05-31 12:17:00,935,935,935,935,0
2022-05-31 12:18:00,935,935,935,935,0
2022-05-31 12:19:00,935,935,935,935,0
2022-05-31 12:20:00,935,935,935,935,0
2022-05-31 12:21:00,935,935,935,935,0
2022-05-31 12:22:00,935,935,935,935,0
2022-05-31 12:23:00,935,935,935,935,0
2022-05-31 12:24:00,935,935,935,935,0
2022-05-31 12:25:00,935,935,935,935,0
2022-05-31 12:26:00,935,935,935,935,0
2022-05-31 12:27:00,935,935,935,935,0
2022-05-31 12:28:00,935,935,935,935,0
2022-05-31 12:29:00,935,935,935,935,0
2022-05-31 12:30:00,935,935,935,935,0
2022-05-31 12:31:00,935,935,935,935,0
2022-05-31 12:32:00,935,935,935,935,0
2022-05-31 12:33:00,935,935,935,935,0
2022-05-31 12:34:00,935,935,935,935,0
2022-05-31 12:35:00,935,935,935,935,0
2022-05-31 12:36:00,935,935,935,935,0
2022-05-31 12:37:00,935,935,935,935,0
2022-05-31 12:38:00,935,935,935,935,0
2022-05-31 12:39:00,935,935,935,935,0
2022-05-31 12:40:00,935,935,935,935,0
2022-05-31 12:41:00,935,935,935,935,0
2022-05-31 12:42:00,935,935,935,935,0
2022-05-31 12:43:00,935,935,935,935,0
2022-05-31 12:44:00,935,935,935,935,0
2022-05-31 12:45:00,935,935,935,935,0
2022-05-31 12:46:00,935,935,935,935,0
2022-05-31 12:47:00,935,935,935,935,0
2022-05-31 12:48:00,935,935,935,935,0
2022-05-31 12:49:00,935,935,935,935,0
2022-05-31 12:50:00,935,935,935,935,0
2022-05-31 12:51:00,935,935,935,935,0
2022-05-31 12:52:00,935,935,935,935,0
2022-05-31 12:53:00,935,935,935,935,0
2022-05-31 12:54:00,935,935,935,935,0
2022-05-31 12:55:00,935,935,935,935,0
2022-05-31 12:56:00,935,935,935,935,0
2022-05-31 12:57:00,935,935,935,935,0
2022-05-31 12:58:00,935,935,935,935,0
2022-05-31 12:59:00,935,935,935,935,0
2022-05-31 13:00:00,935,935,935,935,0
2022-05-31 13:01:00,935,935,935,935,0
2022-05-31 13:02:00,935,935,935,935,0
2022-05-31 13:03:00,935,935,935,935,0
2022-05-31 13:04:00,935,935,935,935,0
2022-05-31 13:05:00,935,935,935,935,0
2022-05-31 13:06:00,935,935,935,935,0
2022-05-31 13:07:00,935,935,935,935,0
2022-05-31 13:08:00,935,935,935,935,0
2022-05-31 13:09:00,935,935,935,935,0
2022-05-31 13:10:00,935,935,935,935,0
2022-05-31 13:11:00,935,935,935,935,0
2022-05-31 13:12:00,935,935,935,935,0
2022-05-31 13:13:00,935,935,935,935,0
2022-05-31 13:14:00,935,935,935,935,0
2022-05-31 13:15:00,935,935,935,935,0
2022-05-31 13:16:00,935,935,935,935,0
2022-05-31 13:17:00,935,935,935,935,0
2022-05-31 13:18:00,935,935,935,935,0
2022-05-31 13:19:00,935,935,935,935,0
2022-05-31 13:20:00,935,935,935,935,0
2022-05-31 13:21:00,935,935,935,935,0
2022-05-31 13:22:00,935,935,935,935,0
2022-05-31 13:23:00,935,935,935,935,0
2022-05-31 13:24:00,935,935,935,935,0
2022-05-31 13:25:00,935,935,935,935,0
2022-05-31 13:26:00,935,935,935,935,0
2022-05-31 13:27:00,935,935,935,935,0
2022-05-31 13:28:00,935,935,935,935,0
2022-05-31 13:29:00,935,935,935,935,0
2022-05-31 13:30:00,940,940,950,940,6700
2022-05-31 13:31:00,940,940,950,940,0
2022-05-31 13:32:00,940,940,950,940,0
2022-05-31 13:33:00,945,945,945,945,4000
2022-05-31 13:34:00,945,945,945,945,101600
2022-05-31 13:35:00,945,945,945,945,700
2022-05-31 13:36:00,950,950,950,950,4700
2022-05-31 13:37:00,950,950,950,950,2700
2022-05-31 13:38:00,950,945,950,950,218900
2022-05-31 13:39:00,945,940,945,945,182300
2022-05-31 13:40:00,945,945,945,945,7400
2022-05-31 13:41:00,945,945,945,945,200
2022-05-31 13:42:00,945,945,945,945,0
2022-05-31 13:43:00,945,945,945,945,0
2022-05-31 13:44:00,945,945,945,945,0
2022-05-31 13:45:00,945,945,950,945,2300
2022-05-31 13:46:00,945,945,950,945,0
2022-05-31 13:47:00,945,945,950,945,0
2022-05-31 13:48:00,945,945,950,945,0
2022-05-31 13:49:00,945,945,950,945,0
2022-05-31 13:50:00,945,945,950,945,0
2022-05-31 13:51:00,945,945,950,945,0
2022-05-31 13:52:00,945,945,950,945,0
2022-05-31 13:53:00,950,945,950,945,30800
2022-05-31 13:54:00,945,945,945,945,200
2022-05-31 13:55:00,940,940,940,940,98500
2022-05-31 13:56:00,940,940,940,940,1600
2022-05-31 13:57:00,940,940,945,945,1800
2022-05-31 13:58:00,945,945,945,945,10000
2022-05-31 13:59:00,945,945,945,945,0
2022-05-31 14:00:00,945,945,945,945,0
2022-05-31 14:01:00,945,945,945,945,0
2022-05-31 14:02:00,945,945,945,945,2700
2022-05-31 14:03:00,945,945,945,945,6000
2022-05-31 14:04:00,945,945,950,950,200
2022-05-31 14:05:00,950,950,950,950,19800
2022-05-31 14:06:00,950,950,950,950,400
2022-05-31 14:07:00,950,950,950,950,2100
2022-05-31 14:08:00,950,950,950,950,800
2022-05-31 14:09:00,950,950,950,950,0
2022-05-31 14:10:00,955,955,955,955,100
2022-05-31 14:11:00,955,950,955,950,12500
2022-05-31 14:12:00,950,950,950,950,300
2022-05-31 14:13:00,945,945,945,945,1000
2022-05-31 14:14:00,945,945,945,945,0
2022-05-31 14:15:00,945,945,945,945,0
2022-05-31 14:16:00,945,945,945,945,0
2022-05-31 14:17:00,945,945,945,945,0
2022-05-31 14:18:00,945,945,945,945,0
2022-05-31 14:19:00,945,945,945,945,0
2022-05-31 14:20:00,945,940,945,945,262400
2022-05-31 14:21:00,945,945,950,950,200100
2022-05-31 14:22:00,950,950,950,950,100
2022-05-31 14:23:00,945,945,945,945,5100
2022-05-31 14:24:00,945,945,945,945,300
2022-05-31 14:25:00,945,945,945,945,1000
2022-05-31 14:26:00,945,945,950,950,1100
2022-05-31 14:27:00,950,950,950,950,500
2022-05-31 14:28:00,950,950,950,950,1000
2022-05-31 14:29:00,950,950,955,955,45300
2022-05-31 14:30:00,950,950,955,955,0
2022-05-31 14:31:00,955,955,955,955,100
2022-05-31 14:32:00,960,960,960,960,1500
2022-05-31 14:33:00,960,960,960,960,1700
2022-05-31 14:34:00,965,965,965,965,2000
2022-05-31 14:35:00,965,965,965,965,10600
2022-05-31 14:36:00,965,965,965,965,0
2022-05-31 14:37:00,960,960,960,960,100
2022-05-31 14:38:00,960,960,965,965,101600
2022-05-31 14:39:00,960,960,965,965,0
2022-05-31 14:40:00,970,970,970,970,2000
2022-05-31 14:41:00,970,970,970,970,2800
2022-05-31 14:42:00,965,965,970,970,14400
2022-05-31 14:43:00,970,965,970,965,3900
2022-05-31 14:44:00,970,965,970,965,0
2022-05-31 14:45:00,965,965,965,965,500
2022-05-31 14:46:00,965,965,965,965,100
2022-05-31 14:47:00,960,960,970,970,7100
2022-05-31 14:48:00,960,960,960,960,9000
2022-05-31 14:49:00,965,965,970,970,5100
2022-05-31 14:50:00,965,965,970,970,0
2022-05-31 14:51:00,965,965,970,970,0
2022-05-31 14:52:00,965,965,970,970,0
2022-05-31 14:53:00,965,965,970,970,0
2022-05-31 14:54:00,965,965,970,970,0
2022-05-31 14:55:00,965,965,970,970,0
2022-05-31 14:56:00,965,965,970,970,0
2022-05-31 14:57:00,965,965,970,970,0
2022-05-31 14:58:00,965,965,970,970,0
2022-05-31 14:59:00,965,965,970,970,0
2022-05-31 15:00:00,955,955,955,955,12600
2022-05-31 15:01:00,955,955,955,955,0
2022-05-31 15:02:00,955,955,955,955,0
2022-05-31 15:03:00,955,955,955,955,0
2022-05-31 15:04:00,955,955,955,955,1700
2022-05-31 15:05:00,955,955,955,955,1000
2022-05-31 15:06:00,955,955,955,955,26200
2022-05-31 15:07:00,955,955,955,955,2800
2022-05-31 15:08:00,955,955,955,955,0
2022-05-31 15:09:00,955,955,955,955,0
2022-05-31 15:10:00,955,955,955,955,0
2022-05-31 15:11:00,955,955,955,955,0
2022-05-31 15:12:00,955,955,955,955,0
2022-05-31 15:13:00,955,955,955,955,0
2022-05-31 15:14:00,955,955,955,955,0
2022-05-31 15:15:00,955,955,955,955,0
2022-05-31 15:16:00,955,955,955,955,0
2022-05-31 15:17:00,955,955,955,955,0
2022-05-31 15:18:00,955,955,955,955,0
2022-05-31 15:19:00,955,955,955,955,0
2022-05-31 15:20:00,955,955,955,955,0
2022-05-31 15:21:00,955,955,955,955,0
2022-05-31 15:22:00,955,955,955,955,0
2022-05-31 15:23:00,955,955,955,955,0
2022-05-31 15:24:00,955,955,955,955,0
2022-05-31 15:25:00,955,955,955,955,0
2022-05-31 15:26:00,955,955,955,955,0
2022-05-31 15:27:00,955,955,955,955,0
2022-05-31 15:28:00,955,955,955,955,0
2022-05-31 15:29:00,955,955,955,955,0
2022-05-31 15:30:00,955,955,955,955,0
2022-05-31 15:31:00,955,955,955,955,0
2022-05-31 15:32:00,955,955,955,955,0
2022-05-31 15:33:00,955,955,955,955,0
2022-05-31 15:34:00,955,955,955,955,0
2022-05-31 15:35:00,955,955,955,955,0
2022-05-31 15:36:00,955,955,955,955,0
2022-05-31 15:37:00,955,955,955,955,0
2022-05-31 15:38:00,955,955,955,955,0
2022-05-31 15:39:00,955,955,955,955,0
2022-05-31 15:40:00,955,955,955,955,0
2022-05-31 15:41:00,955,955,955,955,0
2022-05-31 15:42:00,955,955,955,955,0
2022-05-31 15:43:00,955,955,955,955,0
2022-05-31 15:44:00,955,955,955,955,0
2022-05-31 15:45:00,955,955,955,955,0
2022-05-31 15:46:00,955,955,955,955,0
2022-05-31 15:47:00,955,955,955,955,0
2022-05-31 15:48:00,955,955,955,955,0
2022-05-31 15:49:00,955,955,955,955,0
2022-05-31 15:50:00,955,955,955,955,0
2022-05-31 15:51:00,955,955,955,955,0
2022-05-31 15:52:00,955,955,955,955,0
2022-05-31 15:53:00,955,955,955,955,0
2022-05-31 15:54:00,955,955,955,955,0
2022-05-31 15:55:00,955,955,955,955,0
2022-05-31 15:56:00,955,955,955,955,0
2022-05-31 15:57:00,955,955,955,955,0
2022-05-31 15:58:00,955,955,955,955,0
2022-05-31 15:59:00,955,955,955,955,0
2022-06-01 09:00:00,955,955,955,955,0
2022-06-01 09:01:00,955,955,955,955,0
2022-06-01 09:02:00,955,955,955,955,0
2022-06-01 09:03:00,955,955,955,955,0
2022-06-01 09:04:00,955,955,955,955,0
2022-06-01 09:05:00,955,955,955,955,0
2022-06-01 09:06:00,955,955,955,955,0
2022-06-01 09:07:00,955,955,955,955,0
2022-06-01 09:08:00,955,955,955,955,0
2022-06-01 09:09:00,955,955,955,955,0
2022-06-01 09:10:00,955,955,955,955,0
2022-06-01 09:11:00,955,955,955,955,0
2022-06-01 09:12:00,955,955,955,955,0
2022-06-01 09:13:00,955,955,955,955,0
2022-06-01 09:14:00,955,955,955,955,0
2022-06-01 09:15:00,955,955,955,955,0
2022-06-01 09:16:00,955,955,955,955,0
2022-06-01 09:17:00,955,955,955,955,0
2022-06-01 09:18:00,955,955,955,955,0
2022-06-01 09:19:00,955,955,955,955,0
2022-06-01 09:20:00,955,955,955,955,0
2022-06-01 09:21:00,955,955,955,955,0
2022-06-01 09:22:00,955,955,955,955,0
2022-06-01 09:23:00,955,955,955,955,0
2022-06-01 09:24:00,955,955,955,955,0
2022-06-01 09:25:00,955,955,955,955,0
2022-06-01 09:26:00,955,955,955,955,0
2022-06-01 09:27:00,955,955,955,955,0
2022-06-01 09:28:00,955,955,955,955,0
2022-06-01 09:29:00,955,955,955,955,0
2022-06-01 09:30:00,955,955,955,955,0
2022-06-01 09:31:00,955,955,955,955,0
2022-06-01 09:32:00,955,955,955,955,0
2022-06-01 09:33:00,955,955,955,955,0
2022-06-01 09:34:00,955,955,955,955,0
2022-06-01 09:35:00,955,955,955,955,0
2022-06-01 09:36:00,955,955,955,955,0
2022-06-01 09:37:00,955,955,955,955,0
2022-06-01 09:38:00,955,955,955,955,0
2022-06-01 09:39:00,955,955,955,955,0
2022-06-01 09:40:00,955,955,955,955,0
2022-06-01 09:41:00,955,955,955,955,0
2022-06-01 09:42:00,955,955,955,955,0
2022-06-01 09:43:00,955,955,955,955,0
2022-06-01 09:44:00,955,955,955,955,0
2022-06-01 09:45:00,955,955,955,955,0
2022-06-01 09:46:00,955,955,955,955,0
2022-06-01 09:47:00,955,955,955,955,0
2022-06-01 09:48:00,955,955,955,955,0
2022-06-01 09:49:00,955,955,955,955,0
2022-06-01 09:50:00,955,955,955,955,0
2022-06-01 09:51:00,955,955,955,955,0
2022-06-01 09:52:00,955,955,955,955,0
2022-06-01 09:53:00,955,955,955,955,0
2022-06-01 09:54:00,955,955,955,955,0
2022-06-01 09:55:00,955,955,955,955,0
2022-06-01 09:56:00,955,955,955,955,0
2022-06-01 09:57:00,955,955,955,955,0
2022-06-01 09:58:00,955,955,955,955,0
2022-06-01 09:59:00,955,955,955,955,0
2022-06-01 10:00:00,955,955,955,955,0
2022-06-01 10:01:00,955,955,955,955,0
2022-06-01 10:02:00,955,955,955,955,0
2022-06-01 10:03:00,955,955,955,955,0
2022-06-01 10:04:00,955,955,955,955,0
2022-06-01 10:05:00,955,955,955,955,0
2022-06-01 10:06:00,955,955,955,955,0
2022-06-01 10:07:00,955,955,955,955,0
2022-06-01 10:08:00,955,955,955,955,0
2022-06-01 10:09:00,955,955,955,955,0
2022-06-01 10:10:00,955,955,955,955,0
2022-06-01 10:11:00,955,955,955,955,0
2022-06-01 10:12:00,955,955,955,955,0
2022-06-01 10:13:00,955,955,955,955,0
2022-06-01 10:14:00,955,955,955,955,0
2022-06-01 10:15:00,955,955,955,955,0
2022-06-01 10:16:00,955,955,955,955,0
2022-06-01 10:17:00,955,955,955,955,0
2022-06-01 10:18:00,955,955,955,955,0
2022-06-01 10:19:00,955,955,955,955,0
2022-06-01 10:20:00,955,955,955,955,0
2022-06-01 10:21:00,955,955,955,955,0
2022-06-01 10:22:00,955,955,955,955,0
2022-06-01 10:23:00,955,955,955,955,0
2022-06-01 10:24:00,955,955,955,955,0
2022-06-01 10:25:00,955,955,955,955,0
2022-06-01 10:26:00,955,955,955,955,0
2022-06-01 10:27:00,955,955,955,955,0
2022-06-01 10:28:00,955,955,955,955,0
2022-06-01 10:29:00,955,955,955,955,0
2022-06-01 10:30:00,955,955,955,955,0
2022-06-01 10:31:00,955,955,955,955,0
2022-06-01 10:32:00,955,955,955,955,0
2022-06-01 10:33:00,955,955,955,955,0
2022-06-01 10:34:00,955,955,955,955,0
2022-06-01 10:35:00,955,955,955,955,0
2022-06-01 10:36:00,955,955,955,955,0
2022-06-01 10:37:00,955,955,955,955,0
2022-06-01 10:38:00,955,955,955,955,0
2022-06-01 10:39:00,955,955,955,955,0
2022-06-01 10:40:00,955,955,955,955,0
2022-06-01 10:41:00,955,955,955,955,0
2022-06-01 10:42:00,955,955,955,955,0
2022-06-01 10:43:00,955,955,955,955,0
2022-06-01 10:44:00,955,955,955,955,0
2022-06-01 10:45:00,955,955,955,955,0
2022-06-01 10:46:00,955,955,955,955,0
2022-06-01 10:47:00,955,955,955,955,0
2022-06-01 10:48:00,955,955,955,955,0
2022-06-01 10:49:00,955,955,955,955,0
2022-06-01 10:50:00,955,955,955,955,0
2022-06-01 10:51:00,955,955,955,955,0
2022-06-01 10:52:00,955,955,955,955,0
2022-06-01 10:53:00,955,955,955,955,0
2022-06-01 10:54:00,955,955,955,955,0
2022-06-01 10:55:00,955,955,955,955,0
2022-06-01 10:56:00,955,955,955,955,0
2022-06-01 10:57:00,955,955,955,955,0
2022-06-01 10:58:00,955,955,955,955,0
2022-06-01 10:59:00,955,955,955,955,0
2022-06-01 11:00:00,955,955,955,955,0
2022-06-01 11:01:00,955,955,955,955,0
2022-06-01 11:02:00,955,955,955,955,0
2022-06-01 11:03:00,955,955,955,955,0
2022-06-01 11:04:00,955,955,955,955,0
2022-06-01 11:05:00,955,955,955,955,0
2022-06-01 11:06:00,955,955,955,955,0
2022-06-01 11:07:00,955,955,955,955,0
2022-06-01 11:08:00,955,955,955,955,0
2022-06-01 11:09:00,955,955,955,955,0
2022-06-01 11:10:00,955,955,955,955,0
2022-06-01 11:11:00,955,955,955,955,0
2022-06-01 11:12:00,955,955,955,955,0
2022-06-01 11:13:00,955,955,955,955,0
2022-06-01 11:14:00,955,955,955,955,0
2022-06-01 11:15:00,955,955,955,955,0
2022-06-01 11:16:00,955,955,955,955,0
2022-06-01 11:17:00,955,955,955,955,0
2022-06-01 11:18:00,955,955,955,955,0
2022-06-01 11:19:00,955,955,955,955,0
2022-06-01 11:20:00,955,955,955,955,0
2022-06-01 11:21:00,955,955,955,955,0
2022-06-01 11:22:00,955,955,955,955,0
2022-06-01 11:23:00,955,955,955,955,0
2022-06-01 11:24:00,955,955,955,955,0
2022-06-01 11:25:00,955,955,955,955,0
2022-06-01 11:26:00,955,955,955,955,0
2022-06-01 11:27:00,955,955,955,955,0
2022-06-01 11:28:00,955,955,955,955,0
2022-06-01 11:29:00,955,955,955,955,0
2022-06-01 11:30:00,955,955,955,955,0
2022-06-01 11:31:00,955,955,955,955,0
2022-06-01 11:32:00,955,955,955,955,0
2022-06-01 11:33:00,955,955,955,955,0
2022-06-01 11:34:00,955,955,955,955,0
2022-06-01 11:35:00,955,955,955,955,0
2022-06-01 11:36:00,955,955,955,955,0
2022-06-01 11:37:00,955,955,955,955,0
2022-06-01 11:38:00,955,955,955,955,0
2022-06-01 11:39:00,955,955,955,955,0
2022-06-01 11:40:00,955,955,955,955,0
2022-06-01 11:41:00,955,955,955,955,0
2022-06-01 11:42:00,955,955,955,955,0
2022-06-01 11:43:00,955,955,955,955,0
2022-06-01 11:44:00,955,955,955,955,0
2022-06-01 11:45:00,955,955,955,955,0
2022-06-01 11:46:00,955,955,955,955,0
2022-06-01 11:47:00,955,955,955,955,0
2022-06-01 11:48:00,955,955,955,955,0
2022-06-01 11:49:00,955,955,955,955,0
2022-06-01 11:50:00,955,955,955,955,0
2022-06-01 11:51:00,955,955,955,955,0
2022-06-01 11:52:00,955,955,955,955,0
2022-06-01 11:53:00,955,955,955,955,0
2022-06-01 11:54:00,955,955,955,955,0
2022-06-01 11:55:00,955,955,955,955,0
2022-06-01 11:56:00,955,955,955,955,0
2022-06-01 11:57:00,955,955,955,955,0
2022-06-01 11:58:00,955,955,955,955,0
2022-06-01 11:59:00,955,955,955,955,0
2022-06-01 12:00:00,955,955,955,955,0
2022-06-01 12:01:00,955,955,955,955,0
2022-06-01 12:02:00,955,955,955,955,0
2022-06-01 12:03:00,955,955,955,955,0
2022-06-01 12:04:00,955,955,955,955,0
2022-06-01 12:05:00,955,955,955,955,0
2022-06-01 12:06:00,955,955,955,955,0
2022-06-01 12:07:00,955,955,955,955,0
2022-06-01 12:08:00,955,955,955,955,0
2022-06-01 12:09:00,955,955,955,955,0
2022-06-01 12:10:00,955,955,955,955,0
2022-06-01 12:11:00,955,955,955,955,0
2022-06-01 12:12:00,955,955,955,955,0
2022-06-01 12:13:00,955,955,955,955,0
2022-06-01 12:14:00,955,955,955,955,0
2022-06-01 12:15:00,955,955,955,955,0
2022-06-01 12:16:00,955,955,955,955,0
2022-06-01 12:17:00,955,955,955,955,0
2022-06-01 12:18:00,955,955,955,955,0
2022-06-01 12:19:00,955,955,955,955,0
2022-06-01 12:20:00,955,955,955,955,0
2022-06-01 12:21:00,955,955,955,955,0
2022-06-01 12:22:00,955,955,955,955,0
2022-06-01 12:23:00,955,955,955,955,0
2022-06-01 12:24:00,955,955,955,955,0
2022-06-01 12:25:00,955,955,955,955,0
2022-06-01 12:26:00,955,955,955,955,0
2022-06-01 12:27:00,955,955,955,955,0
2022-06-01 12:28:00,955,955,955,955,0
2022-06-01 12:29:00,955,955,955,955,0
2022-06-01 12:30:00,955,955,955,955,0
2022-06-01 12:31:00,955,955,955,955,0
2022-06-01 12:32:00,955,955,955,955,0
2022-06-01 12:33:00,955,955,955,955,0
2022-06-01 12:34:00,955,955,955,955,0
2022-06-01 12:35:00,955,955,955,955,0
2022-06-01 12:36:00,955,955,955,955,0
2022-06-01 12:37:00,955,955,955,955,0
2022-06-01 12:38:00,955,955,955,955,0
2022-06-01 12:39:00,955,955,955,955,0
2022-06-01 12:40:00,955,955,955,955,0
2022-06-01 12:41:00,955,955,955,955,0
2022-06-01 12:42:00,955,955,955,955,0
2022-06-01 12:43:00,955,955,955,955,0
2022-06-01 12:44:00,955,955,955,955,0
2022-06-01 12:45:00,955,955,955,955,0
2022-06-01 12:46:00,955,955,955,955,0
2022-06-01 12:47:00,955,955,955,955,0
2022-06-01 12:48:00,955,955,955,955,0
2022-06-01 12:49:00,955,955,955,955,0
2022-06-01 12:50:00,955,955,955,955,0
2022-06-01 12:51:00,955,955,955,955,0
2022-06-01 12:52:00,955,955,955,955,0
2022-06-01 12:53:00,955,955,955,955,0
2022-06-01 12:54:00,955,955,955,955,0
2022-06-01 12:55:00,955,955,955,955,0
2022-06-01 12:56:00,955,955,955,955,0
2022-06-01 12:57:00,955,955,955,955,0
2022-06-01 12:58:00,955,955,955,955,0
2022-06-01 12:59:00,955,955,955,955,0
2022-06-01 13:00:00,955,955,955,955,0
2022-06-01 13:01:00,955,955,955,955,0
2022-06-01 13:02:00,955,955,955,955,0
2022-06-01 13:03:00,955,955,955,955,0
2022-06-01 13:04:00,955,955,955,955,0
2022-06-01 13:05:00,955,955,955,955,0
2022-06-01 13:06:00,955,955,955,955,0
2022-06-01 13:07:00,955,955,955,955,0
2022-06-01 13:08:00,955,955,955,955,0
2022-06-01 13:09:00,955,955,955,955,0
2022-06-01 13:10:00,955,955,955,955,0
2022-06-01 13:11:00,955,955,955,955,0
2022-06-01 13:12:00,955,955,955,955,0
2022-06-01 13:13:00,955,955,955,955,0
2022-06-01 13:14:00,955,955,955,955,0
2022-06-01 13:15:00,955,955,955,955,0
2022-06-01 13:16:00,955,955,955,955,0
2022-06-01 13:17:00,955,955,955,955,0
2022-06-01 13:18:00,955,955,955,955,0
2022-06-01 13:19:00,955,955,955,955,0
2022-06-01 13:20:00,955,955,955,955,0
2022-06-01 13:21:00,955,955,955,955,0
2022-06-01 13:22:00,955,955,955,955,0
2022-06-01 13:23:00,955,955,955,955,0
2022-06-01 13:24:00,955,955,955,955,0
2022-06-01 13:25:00,955,955,955,955,0
2022-06-01 13:26:00,955,955,955,955,0
2022-06-01 13:27:00,955,955,955,955,0
2022-06-01 13:28:00,955,955,955,955,0
2022-06-01 13:29:00,955,955,955,955,0
2022-06-01 13:30:00,955,955,955,955,0
2022-06-01 13:31:00,955,955,955,955,0
2022-06-01 13:32:00,955,955,955,955,0
2022-06-01 13:33:00,955,955,955,955,0
2022-06-01 13:34:00,955,955,955,955,0
2022-06-01 13:35:00,955,955,955,955,0
2022-06-01 13:36:00,955,955,955,955,0
2022-06-01 13:37:00,955,955,955,955,0
2022-06-01 13:38:00,955,955,955,955,0
2022-06-01 13:39:00,955,955,955,955,0
2022-06-01 13:40:00,955,955,955,955,0
2022-06-01 13:41:00,955,955,955,955,0
2022-06-01 13:42:00,955,955,955,955,0
2022-06-01 13:43:00,955,955,955,955,0
2022-06-01 13:44:00,955,955,955,955,0
2022-06-01 13:45:00,955,955,955,955,0
2022-06-01 13:46:00,955,955,955,955,0
2022-06-01 13:47:00,955,955,955,955,0
2022-06-01 13:48:00,955,955,955,955,0
2022-06-01 13:49:00,955,955,955,955,0
2022-06-01 13:50:00,955,955,955,955,0
2022-06-01 13:51:00,955,955,955,955,0
2022-06-01 13:52:00,955,955,955,955,0
2022-06-01 13:53:00,955,955,955,955,0
2022-06-01 13:54:00,955,955,955,955,0
2022-06-01 13:55:00,955,955,955,955,0
2022-06-01 13:56:00,955,955,955,955,0
2022-06-01 13:57:00,955,955,955,955,0
2022-06-01 13:58:00,955,955,955,955,0
2022-06-01 13:59:00,955,955,955,955,0
2022-06-01 14:00:00,955,955,955,955,0
2022-06-01 14:01:00,955,955,955,955,0
2022-06-01 14:02:00,955,955,955,955,0
2022-06-01 14:03:00,955,955,955,955,0
2022-06-01 14:04:00,955,955,955,955,0
2022-06-01 14:05:00,955,955,955,955,0
2022-06-01 14:06:00,955,955,955,955,0
2022-06-01 14:07:00,955,955,955,955,0
2022-06-01 14:08:00,955,955,955,955,0
2022-06-01 14:09:00,955,955,955,955,0
2022-06-01 14:10:00,955,955,955,955,0
2022-06-01 14:11:00,955,955,955,955,0
2022-06-01 14:12:00,955,955,955,955,0
2022-06-01 14:13:00,955,955,955,955,0
2022-06-01 14:14:00,955,955,955,955,0
2022-06-01 14:15:00,955,955,955,955,0
2022-06-01 14:16:00,955,955,955,955,0
2022-06-01 14:17:00,955,955,955,955,0
2022-06-01 14:18:00,955,955,955,955,0
2022-06-01 14:19:00,955,955,955,955,0
2022-06-01 14:20:00,955,955,955,955,0
2022-06-01 14:21:00,955,955,955,955,0
2022-06-01 14:22:00,955,955,955,955,0
2022-06-01 14:23:00,955,955,955,955,0
2022-06-01 14:24:00,955,955,955,955,0
2022-06-01 14:25:00,955,955,955,955,0
2022-06-01 14:26:00,955,955,955,955,0
2022-06-01 14:27:00,955,955,955,955,0
2022-06-01 14:28:00,955,955,955,955,0
2022-06-01 14:29:00,955,955,955,955,0
2022-06-01 14:30:00,955,955,955,955,0
2022-06-01 14:31:00,955,955,955,955,0
2022-06-01 14:32:00,955,955,955,955,0
2022-06-01 14:33:00,955,955,955,955,0
2022-06-01 14:34:00,955,955,955,955,0
2022-06-01 14:35:00,955,955,955,955,0
2022-06-01 14:36:00,955,955,955,955,0
2022-06-01 14:37:00,955,955,955,955,0
2022-06-01 14:38:00,955,955,955,955,0
2022-06-01 14:39:00,955,955,955,955,0
2022-06-01 14:40:00,955,955,955,955,0
2022-06-01 14:41:00,955,955,955,955,0
2022-06-01 14:42:00,955,955,955,955,0
2022-06-01 14:43:00,955,955,955,955,0
2022-06-01 14:44:00,955,955,955,955,0
2022-06-01 14:45:00,955,955,955,955,0
2022-06-01 14:46:00,955,955,955,955,0
2022-06-01 14:47:00,955,955,955,955,0
2022-06-01 14:48:00,955,955,955,955,0
2022-06-01 14:49:00,955,955,955,955,0
2022-06-01 14:50:00,955,955,955,955,0
2022-06-01 14:51:00,955,955,955,955,0
2022-06-01 14:52:00,955,955,955,955,0
2022-06-01 14:53:00,955,955,955,955,0
2022-06-01 14:54:00,955,955,955,955,0
2022-06-01 14:55:00,955,955,955,955,0
2022-06-01 14:56:00,955,955,955,955,0
2022-06-01 14:57:00,955,955,955,955,0
2022-06-01 14:58:00,955,955,955,955,0
2022-06-01 14:59:00,955,955,955,955,0
2022-06-01 15:00:00,955,955,955,955,0
2022-06-01 15:01:00,955,955,955,955,0
2022-06-01 15:02:00,955,955,955,955,0
2022-06-01 15:03:00,955,955,955,955,0
2022-06-01 15:04:00,955,955,955,955,0
2022-06-01 15:05:00,955,955,955,955,0
2022-06-01 15:06:00,955,955,955,955,0
2022-06-01 15:07:00,955,955,955,955,0
2022-06-01 15:08:00,955,955,955,955,0
2022-06-01 15:09:00,955,955,955,955,0
2022-06-01 15:10:00,955,955,955,955,0
2022-06-01 15:11:00,955,955,955,955,0
2022-06-01 15:12:00,955,955,955,955,0
2022-06-01 15:13:00,955,955,955,955,0
2022-06-01 15:14:00,955,955,955,955,0
2022-06-01 15:15:00,955,955,955,955,0
2022-06-01 15:16:00,955,955,955,955,0
2022-06-01 15:17:00,955,955,955,955,0
2022-06-01 15:18:00,955,955,955,955,0
2022-06-01 15:19:00,955,955,955,955,0
2022-06-01 15:20:00,955,955,955,955,0
2022-06-01 15:21:00,955,955,955,955,0
2022-06-01 15:22:00,955,955,955,955,0
2022-06-01 15:23:00,955,955,955,955,0
2022-06-01 15:24:00,955,955,955,955,0
2022-06-01 15:25:00,955,955,955,955,0
2022-06-01 15:26:00,955,955,955,955,0
2022-06-01 15:27:00,955,955,955,955,0
2022-06-01 15:28:00,955,955,955,955,0
2022-06-01 15:29:00,955,955,955,955,0
2022-06-01 15:30:00,955,955,955,955,0
2022-06-01 15:31:00,955,955,955,955,0
2022-06-01 15:32:00,955,955,955,955,0
2022-06-01 15:33:00,955,955,955,955,0
2022-06-01 15:34:00,955,955,955,955,0
2022-06-01 15:35:00,955,955,955,955,0
2022-06-01 15:36:00,955,955,955,955,0
2022-06-01 15:37:00,955,955,955,955,0
2022-06-01 15:38:00,955,955,955,955,0
2022-06-01 15:39:00,955,955,955,955,0
2022-06-01 15:40:00,955,955,955,955,0
2022-06-01 15:41:00,955,955,955,955,0
2022-06-01 15:42:00,955,955,955,955,0
2022-06-01 15:43:00,955,955,955,955,0
2022-06-01 15:44:00,955,955,955,955,0
2022-06-01 15:45:00,955,955,955,955,0
2022-06-01 15:46:00,955,955,955,955,0
2022-06-01 15:47:00,955,955,955,955,0
2022-06-01 15:48:00,955,955,955,955,0
2022-06-01 15:49:00,955,955,955,955,0
2022-06-01 15:50:00,955,955,955,955,0
2022-06-01 15:51:00,955,955,955,955,0
2022-06-01 15:52:00,955,955,955,955,0
2022-06-01 15:53:00,955,955,955,955,0
2022-06-01 15:54:00,955,955,955,955,0
2022-06-01 15:55:00,955,955,955,955,0
2022-06-01 15:56:00,955,955,955,955,0
2022-06-01 15:57:00,955,955,955,955,0
2022-06-01 15:58:00,955,955,955,955,0
2022-06-01 15:59:00,955,955,955,955,0
2022-06-02 09:00:00,965,965,980,970,0
2022-06-02 09:01:00,970,960,970,960,7800
2022-06-02 09:02:00,960,960,960,960,200
2022-06-02 09:03:00,960,960,960,960,2500
2022-06-02 09:04:00,960,960,960,960,0
2022-06-02 09:05:00,955,955,955,955,10000
2022-06-02 09:06:00,955,955,955,955,1500
2022-06-02 09:07:00,955,955,955,955,800
2022-06-02 09:08:00,955,955,955,955,0
2022-06-02 09:09:00,955,955,955,955,100
2022-06-02 09:10:00,955,955,955,955,0
2022-06-02 09:11:00,955,955,955,955,1500
2022-06-02 09:12:00,955,955,955,955,0
2022-06-02 09:13:00,955,955,955,955,6000
2022-06-02 09:14:00,955,955,955,955,200
2022-06-02 09:15:00,960,960,960,960,4500
2022-06-02 09:16:00,960,960,960,960,3600
2022-06-02 09:17:00,955,955,955,955,400
2022-06-02 09:18:00,955,955,955,955,400
2022-06-02 09:19:00,955,955,955,955,0
2022-06-02 09:20:00,960,960,960,960,600
2022-06-02 09:21:00,960,960,960,960,100
2022-06-02 09:22:00,960,960,960,960,9100
2022-06-02 09:23:00,960,960,960,960,0
2022-06-02 09:24:00,955,955,955,955,100
2022-06-02 09:25:00,955,955,955,955,0
2022-06-02 09:26:00,955,955,955,955,0
2022-06-02 09:27:00,955,955,955,955,0
2022-06-02 09:28:00,960,955,960,955,5200
2022-06-02 09:29:00,960,960,960,960,400
2022-06-02 09:30:00,960,960,960,960,0
2022-06-02 09:31:00,955,955,955,955,100
2022-06-02 09:32:00,955,955,960,960,5100
2022-06-02 09:33:00,955,955,960,960,0
2022-06-02 09:34:00,955,955,960,960,0
2022-06-02 09:35:00,955,955,955,955,30500
2022-06-02 09:36:00,955,955,955,955,0
2022-06-02 09:37:00,955,955,955,955,0
2022-06-02 09:38:00,955,955,955,955,300
2022-06-02 09:39:00,955,955,955,955,300
2022-06-02 09:40:00,955,955,955,955,0
2022-06-02 09:41:00,955,955,960,960,1700
2022-06-02 09:42:00,955,955,960,960,0
2022-06-02 09:43:00,955,955,960,960,0
2022-06-02 09:44:00,955,955,960,960,0
2022-06-02 09:45:00,955,955,960,960,0
2022-06-02 09:46:00,955,955,955,955,10000
2022-06-02 09:47:00,955,955,955,955,5000
2022-06-02 09:48:00,955,955,955,955,0
2022-06-02 09:49:00,955,955,955,955,0
2022-06-02 09:50:00,955,955,955,955,0
2022-06-02 09:51:00,955,955,955,955,0
2022-06-02 09:52:00,960,960,960,960,2300
2022-06-02 09:53:00,955,955,955,955,1500
2022-06-02 09:54:00,955,955,955,955,0
2022-06-02 09:55:00,955,955,955,955,0
2022-06-02 09:56:00,955,955,955,955,0
2022-06-02 09:57:00,955,955,955,955,0
2022-06-02 09:58:00,955,955,955,955,0
2022-06-02 09:59:00,955,955,955,955,0
2022-06-02 10:00:00,955,955,955,955,5700
2022-06-02 10:01:00,960,960,960,960,200000
2022-06-02 10:02:00,960,960,960,960,255000
2022-06-02 10:03:00,960,960,960,960,5000
2022-06-02 10:04:00,960,960,960,960,0
2022-06-02 10:05:00,960,960,960,960,0
2022-06-02 10:06:00,960,960,960,960,0
2022-06-02 10:07:00,960,960,960,960,0
2022-06-02 10:08:00,960,960,960,960,0
2022-06-02 10:09:00,960,960,960,960,0
2022-06-02 10:10:00,960,960,960,960,0
2022-06-02 10:11:00,960,960,960,960,0
2022-06-02 10:12:00,955,955,955,955,800
2022-06-02 10:13:00,955,955,955,955,0
2022-06-02 10:14:00,955,955,955,955,0
2022-06-02 10:15:00,955,955,955,955,0
2022-06-02 10:16:00,955,955,955,955,0
2022-06-02 10:17:00,955,955,955,955,0
2022-06-02 10:18:00,955,955,955,955,0
2022-06-02 10:19:00,955,955,955,955,0
2022-06-02 10:20:00,955,955,955,955,0
2022-06-02 10:21:00,955,955,955,955,900
2022-06-02 10:22:00,955,955,955,955,0
2022-06-02 10:23:00,955,955,955,955,0
2022-06-02 10:24:00,955,955,955,955,0
2022-06-02 10:25:00,955,955,955,955,0
2022-06-02 10:26:00,955,955,955,955,0
2022-06-02 10:27:00,955,955,955,955,0
2022-06-02 10:28:00,960,960,960,960,1500
2022-06-02 10:29:00,960,960,960,960,0
2022-06-02 10:30:00,955,955,955,955,10000
2022-06-02 10:31:00,955,955,955,955,0
2022-06-02 10:32:00,955,955,955,955,3300
2022-06-02 10:33:00,955,955,955,955,0
2022-06-02 10:34:00,955,955,955,955,0
2022-06-02 10:35:00,955,955,955,955,0
2022-06-02 10:36:00,955,955,955,955,24000
2022-06-02 10:37:00,955,955,955,955,0
2022-06-02 10:38:00,955,955,955,955,0
2022-06-02 10:39:00,955,955,955,955,10000
2022-06-02 10:40:00,955,955,955,955,500
2022-06-02 10:41:00,955,955,955,955,0
2022-06-02 10:42:00,950,950,950,950,1700
2022-06-02 10:43:00,950,950,950,950,0
2022-06-02 10:44:00,950,950,950,950,0
2022-06-02 10:45:00,950,950,950,950,100
2022-06-02 10:46:00,950,950,950,950,0
2022-06-02 10:47:00,950,950,950,950,0
2022-06-02 10:48:00,950,950,950,950,0
2022-06-02 10:49:00,960,960,960,960,100
2022-06-02 10:50:00,960,960,960,960,0
2022-06-02 10:51:00,955,955,955,955,100
2022-06-02 10:52:00,960,960,960,960,900
2022-06-02 10:53:00,960,960,960,960,0
2022-06-02 10:54:00,960,960,960,960,0
2022-06-02 10:55:00,960,960,960,960,0
2022-06-02 10:56:00,960,960,960,960,0
2022-06-02 10:57:00,960,960,960,960,0
2022-06-02 10:58:00,960,960,960,960,0
2022-06-02 10:59:00,960,960,960,960,0
2022-06-02 11:00:00,960,960,960,960,0
2022-06-02 11:01:00,960,960,960,960,0
2022-06-02 11:02:00,960,960,960,960,0
2022-06-02 11:03:00,960,960,960,960,0
2022-06-02 11:04:00,960,960,960,960,0
2022-06-02 11:05:00,960,960,960,960,0
2022-06-02 11:06:00,960,960,960,960,0
2022-06-02 11:07:00,960,960,960,960,200
2022-06-02 11:08:00,960,960,960,960,400
2022-06-02 11:09:00,960,960,960,960,0
2022-06-02 11:10:00,960,960,960,960,0
2022-06-02 11:11:00,960,960,960,960,0
2022-06-02 11:12:00,960,960,960,960,0
2022-06-02 11:13:00,960,960,960,960,0
2022-06-02 11:14:00,960,960,960,960,0
2022-06-02 11:15:00,960,960,960,960,0
2022-06-02 11:16:00,960,960,960,960,0
2022-06-02 11:17:00,960,960,960,960,0
2022-06-02 11:18:00,960,960,960,960,0
2022-06-02 11:19:00,960,960,960,960,0
2022-06-02 11:20:00,960,960,960,960,0
2022-06-02 11:21:00,960,960,960,960,0
2022-06-02 11:22:00,960,960,960,960,0
2022-06-02 11:23:00,960,960,960,960,200
2022-06-02 11:24:00,960,960,960,960,0
2022-06-02 11:25:00,960,960,960,960,0
2022-06-02 11:26:00,960,960,960,960,0
2022-06-02 11:27:00,960,960,960,960,0
2022-06-02 11:28:00,960,960,960,960,0
2022-06-02 11:29:00,960,960,960,960,0
2022-06-02 11:30:00,960,960,960,960,0
2022-06-02 11:31:00,960,960,960,960,0
2022-06-02 11:32:00,960,960,960,960,0
2022-06-02 11:33:00,960,960,960,960,0
2022-06-02 11:34:00,960,960,960,960,0
2022-06-02 11:35:00,960,960,960,960,0
2022-06-02 11:36:00,960,960,960,960,0
2022-06-02 11:37:00,960,960,960,960,0
2022-06-02 11:38:00,960,960,960,960,0
2022-06-02 11:39:00,960,960,960,960,0
2022-06-02 11:40:00,960,960,960,960,0
2022-06-02 11:41:00,960,960,960,960,0
2022-06-02 11:42:00,960,960,960,960,0
2022-06-02 11:43:00,960,960,960,960,0
2022-06-02 11:44:00,960,960,960,960,0
2022-06-02 11:45:00,960,960,960,960,0
2022-06-02 11:46:00,960,960,960,960,0
2022-06-02 11:47:00,960,960,960,960,0
2022-06-02 11:48:00,960,960,960,960,0
2022-06-02 11:49:00,960,960,960,960,0
2022-06-02 11:50:00,960,960,960,960,0
2022-06-02 11:51:00,960,960,960,960,0
2022-06-02 11:52:00,960,960,960,960,0
2022-06-02 11:53:00,960,960,960,960,0
2022-06-02 11:54:00,960,960,960,960,0
2022-06-02 11:55:00,960,960,960,960,0
2022-06-02 11:56:00,960,960,960,960,0
2022-06-02 11:57:00,960,960,960,960,0
2022-06-02 11:58:00,960,960,960,960,0
2022-06-02 11:59:00,960,960,960,960,0
2022-06-02 12:00:00,960,960,960,960,0
2022-06-02 12:01:00,960,960,960,960,0
2022-06-02 12:02:00,960,960,960,960,0
2022-06-02 12:03:00,960,960,960,960,0
2022-06-02 12:04:00,960,960,960,960,0
2022-06-02 12:05:00,960,960,960,960,0
2022-06-02 12:06:00,960,960,960,960,0
2022-06-02 12:07:00,960,960,960,960,0
2022-06-02 12:08:00,960,960,960,960,0
2022-06-02 12:09:00,960,960,960,960,0
2022-06-02 12:10:00,960,960,960,960,0
2022-06-02 12:11:00,960,960,960,960,0
2022-06-02 12:12:00,960,960,960,960,0
2022-06-02 12:13:00,960,960,960,960,0
2022-06-02 12:14:00,960,960,960,960,0
2022-06-02 12:15:00,960,960,960,960,0
2022-06-02 12:16:00,960,960,960,960,0
2022-06-02 12:17:00,960,960,960,960,0
2022-06-02 12:18:00,960,960,960,960,0
2022-06-02 12:19:00,960,960,960,960,0
2022-06-02 12:20:00,960,960,960,960,0
2022-06-02 12:21:00,960,960,960,960,0
2022-06-02 12:22:00,960,960,960,960,0
2022-06-02 12:23:00,960,960,960,960,0
2022-06-02 12:24:00,960,960,960,960,0
2022-06-02 12:25:00,960,960,960,960,0
2022-06-02 12:26:00,960,960,960,960,0
2022-06-02 12:27:00,960,960,960,960,0
2022-06-02 12:28:00,960,960,960,960,0
2022-06-02 12:29:00,960,960,960,960,0
2022-06-02 12:30:00,960,960,960,960,0
2022-06-02 12:31:00,960,960,960,960,0
2022-06-02 12:32:00,960,960,960,960,0
2022-06-02 12:33:00,960,960,960,960,0
2022-06-02 12:34:00,960,960,960,960,0
2022-06-02 12:35:00,960,960,960,960,0
2022-06-02 12:36:00,960,960,960,960,0
2022-06-02 12:37:00,960,960,960,960,0
2022-06-02 12:38:00,960,960,960,960,0
2022-06-02 12:39:00,960,960,960,960,0
2022-06-02 12:40:00,960,960,960,960,0
2022-06-02 12:41:00,960,960,960,960,0
2022-06-02 12:42:00,960,960,960,960,0
2022-06-02 12:43:00,960,960,960,960,0
2022-06-02 12:44:00,960,960,960,960,0
2022-06-02 12:45:00,960,960,960,960,0
2022-06-02 12:46:00,960,960,960,960,0
2022-06-02 12:47:00,960,960,960,960,0
2022-06-02 12:48:00,960,960,960,960,0
2022-06-02 12:49:00,960,960,960,960,0
2022-06-02 12:50:00,960,960,960,960,0
2022-06-02 12:51:00,960,960,960,960,0
2022-06-02 12:52:00,960,960,960,960,0
2022-06-02 12:53:00,960,960,960,960,0
2022-06-02 12:54:00,960,960,960,960,0
2022-06-02 12:55:00,960,960,960,960,0
2022-06-02 12:56:00,960,960,960,960,0
2022-06-02 12:57:00,960,960,960,960,0
2022-06-02 12:58:00,960,960,960,960,0
2022-06-02 12:59:00,960,960,960,960,0
2022-06-02 13:00:00,960,960,960,960,0
2022-06-02 13:01:00,960,960,960,960,0
2022-06-02 13:02:00,960,960,960,960,0
2022-06-02 13:03:00,960,960,960,960,0
2022-06-02 13:04:00,960,960,960,960,0
2022-06-02 13:05:00,960,960,960,960,0
2022-06-02 13:06:00,960,960,960,960,0
2022-06-02 13:07:00,960,960,960,960,0
2022-06-02 13:08:00,960,960,960,960,0
2022-06-02 13:09:00,960,960,960,960,0
2022-06-02 13:10:00,960,960,960,960,0
2022-06-02 13:11:00,960,960,960,960,0
2022-06-02 13:12:00,960,960,960,960,0
2022-06-02 13:13:00,960,960,960,960,0
2022-06-02 13:14:00,960,960,960,960,0
2022-06-02 13:15:00,960,960,960,960,0
2022-06-02 13:16:00,960,960,960,960,0
2022-06-02 13:17:00,960,960,960,960,0
2022-06-02 13:18:00,960,960,960,960,0
2022-06-02 13:19:00,960,960,960,960,0
2022-06-02 13:20:00,960,960,960,960,0
2022-06-02 13:21:00,960,960,960,960,0
2022-06-02 13:22:00,960,960,960,960,0
2022-06-02 13:23:00,960,960,960,960,0
2022-06-02 13:24:00,960,960,960,960,0
2022-06-02 13:25:00,960,960,960,960,0
2022-06-02 13:26:00,960,960,960,960,0
2022-06-02 13:27:00,960,960,960,960,0
2022-06-02 13:28:00,960,960,960,960,0
2022-06-02 13:29:00,960,960,960,960,0
2022-06-02 13:30:00,960,955,960,960,14700
2022-06-02 13:31:00,960,960,960,960,3000
2022-06-02 13:32:00,960,960,960,960,0
2022-06-02 13:33:00,960,960,960,960,500
2022-06-02 13:34:00,960,960,960,960,0
2022-06-02 13:35:00,960,960,960,960,0
2022-06-02 13:36:00,960,955,960,955,5600
2022-06-02 13:37:00,960,955,960,955,0
2022-06-02 13:38:00,955,955,955,955,100
2022-06-02 13:39:00,955,955,955,955,0
2022-06-02 13:40:00,955,955,955,955,700
2022-06-02 13:41:00,955,955,955,955,0
2022-06-02 13:42:00,955,955,955,955,3000
2022-06-02 13:43:00,955,955,955,955,0
2022-06-02 13:44:00,955,955,955,955,0
2022-06-02 13:45:00,955,955,955,955,0
2022-06-02 13:46:00,955,955,955,955,3000
2022-06-02 13:47:00,955,955,955,955,600
2022-06-02 13:48:00,955,955,955,955,0
2022-06-02 13:49:00,955,955,955,955,0
2022-06-02 13:50:00,955,955,955,955,0
2022-06-02 13:51:00,955,955,955,955,3500
2022-06-02 13:52:00,955,955,955,955,0
2022-06-02 13:53:00,955,955,955,955,7000
2022-06-02 13:54:00,955,955,955,955,0
2022-06-02 13:55:00,955,955,955,955,0
2022-06-02 13:56:00,955,955,955,955,0
2022-06-02 13:57:00,955,955,955,955,0
2022-06-02 13:58:00,955,955,955,955,1000
2022-06-02 13:59:00,955,955,955,955,0
2022-06-02 14:00:00,955,955,955,955,0
2022-06-02 14:01:00,955,955,955,955,0
2022-06-02 14:02:00,955,955,955,955,0
2022-06-02 14:03:00,955,955,955,955,0
2022-06-02 14:04:00,955,955,955,955,0
2022-06-02 14:05:00,955,955,955,955,0
2022-06-02 14:06:00,955,955,955,955,0
2022-06-02 14:07:00,955,955,955,955,0
2022-06-02 14:08:00,955,955,955,955,0
2022-06-02 14:09:00,955,955,955,955,0
2022-06-02 14:10:00,955,955,955,955,0
2022-06-02 14:11:00,955,955,955,955,0
2022-06-02 14:12:00,960,960,960,960,8100
2022-06-02 14:13:00,960,960,960,960,1800
2022-06-02 14:14:00,960,960,960,960,100
2022-06-02 14:15:00,960,960,960,960,4400
2022-06-02 14:16:00,960,960,960,960,1100
2022-06-02 14:17:00,965,965,965,965,7100
2022-06-02 14:18:00,960,960,960,960,180000
2022-06-02 14:19:00,960,960,960,960,0
2022-06-02 14:20:00,960,960,960,960,0
2022-06-02 14:21:00,960,960,960,960,0
2022-06-02 14:22:00,960,960,960,960,60000
2022-06-02 14:23:00,960,960,960,960,0
2022-06-02 14:24:00,960,960,960,960,0
2022-06-02 14:25:00,960,960,960,960,0
2022-06-02 14:26:00,960,960,960,960,0
2022-06-02 14:27:00,960,960,960,960,5000
2022-06-02 14:28:00,960,960,960,960,0
2022-06-02 14:29:00,960,960,960,960,0
2022-06-02 14:30:00,965,965,965,965,9900
2022-06-02 14:31:00,965,965,965,965,0
2022-06-02 14:32:00,965,965,965,965,0
2022-06-02 14:33:00,965,965,965,965,0
2022-06-02 14:34:00,965,965,965,965,300
2022-06-02 14:35:00,965,965,965,965,0
2022-06-02 14:36:00,965,965,965,965,0
2022-06-02 14:37:00,965,965,965,965,0
2022-06-02 14:38:00,965,965,965,965,5500
2022-06-02 14:39:00,965,965,965,965,0
2022-06-02 14:40:00,970,970,970,970,248000
2022-06-02 14:41:00,975,975,975,975,40000
2022-06-02 14:42:00,975,975,975,975,0
2022-06-02 14:43:00,975,975,975,975,0
2022-06-02 14:44:00,975,975,975,975,6000
2022-06-02 14:45:00,975,975,975,975,6000
2022-06-02 14:46:00,970,970,970,970,100
2022-06-02 14:47:00,970,970,970,970,0
2022-06-02 14:48:00,970,970,975,975,4100
2022-06-02 14:49:00,970,970,975,975,8300
2022-06-02 14:50:00,970,970,975,975,0
2022-06-02 14:51:00,970,970,975,975,0
2022-06-02 14:52:00,970,970,975,975,0
2022-06-02 14:53:00,970,970,975,975,0
2022-06-02 14:54:00,970,970,975,975,0
2022-06-02 14:55:00,970,970,975,975,0
2022-06-02 14:56:00,970,970,975,975,0
2022-06-02 14:57:00,970,970,975,975,0
2022-06-02 14:58:00,970,970,975,975,0
2022-06-02 14:59:00,970,970,975,975,0
2022-06-02 15:00:00,970,970,970,970,13200
2022-06-02 15:01:00,970,970,970,970,7600
2022-06-02 15:02:00,970,970,970,970,5100
2022-06-02 15:03:00,970,970,970,970,0
2022-06-02 15:04:00,970,970,970,970,0
2022-06-02 15:05:00,970,970,970,970,100
2022-06-02 15:06:00,970,970,970,970,200
2022-06-02 15:07:00,970,970,970,970,0
2022-06-02 15:08:00,970,970,970,970,0
2022-06-02 15:09:00,970,970,970,970,0
2022-06-02 15:10:00,970,970,970,970,0
2022-06-02 15:11:00,970,970,970,970,0
2022-06-02 15:12:00,970,970,970,970,0
2022-06-02 15:13:00,970,970,970,970,0
2022-06-02 15:14:00,970,970,970,970,0
2022-06-02 15:15:00,970,970,970,970,0
2022-06-02 15:16:00,970,970,970,970,0
2022-06-02 15:17:00,970,970,970,970,0
2022-06-02 15:18:00,970,970,970,970,0
2022-06-02 15:19:00,970,970,970,970,0
2022-06-02 15:20:00,970,970,970,970,0
2022-06-02 15:21:00,970,970,970,970,0
2022-06-02 15:22:00,970,970,970,970,0
2022-06-02 15:23:00,970,970,970,970,0
2022-06-02 15:24:00,970,970,970,970,0
2022-06-02 15:25:00,970,970,970,970,0
2022-06-02 15:26:00,970,970,970,970,0
2022-06-02 15:27:00,970,970,970,970,0
2022-06-02 15:28:00,970,970,970,970,0
2022-06-02 15:29:00,970,970,970,970,0
2022-06-02 15:30:00,970,970,970,970,0
2022-06-02 15:31:00,970,970,970,970,0
2022-06-02 15:32:00,970,970,970,970,0
2022-06-02 15:33:00,970,970,970,970,0
2022-06-02 15:34:00,970,970,970,970,0
2022-06-02 15:35:00,970,970,970,970,0
2022-06-02 15:36:00,970,970,970,970,0
2022-06-02 15:37:00,970,970,970,970,0
2022-06-02 15:38:00,970,970,970,970,0
2022-06-02 15:39:00,970,970,970,970,0
2022-06-02 15:40:00,970,970,970,970,0
2022-06-02 15:41:00,970,970,970,970,0
2022-06-02 15:42:00,970,970,970,970,0
2022-06-02 15:43:00,970,970,970,970,0
2022-06-02 15:44:00,970,970,970,970,0
2022-06-02 15:45:00,970,970,970,970,0
2022-06-02 15:46:00,970,970,970,970,0
2022-06-02 15:47:00,970,970,970,970,0
2022-06-02 15:48:00,970,970,970,970,0
2022-06-02 15:49:00,970,970,970,970,0
2022-06-02 15:50:00,970,970,970,970,0
2022-06-02 15:51:00,970,970,970,970,0
2022-06-02 15:52:00,970,970,970,970,0
2022-06-02 15:53:00,970,970,970,970,0
2022-06-02 15:54:00,970,970,970,970,0
2022-06-02 15:55:00,970,970,970,970,0
2022-06-02 15:56:00,970,970,970,970,0
2022-06-02 15:57:00,970,970,970,970,0
2022-06-02 15:58:00,970,970,970,970,0
2022-06-02 15:59:00,970,970,970,970,0
2022-06-03 09:00:00,970,970,970,970,0
2022-06-03 09:01:00,970,970,970,970,200
2022-06-03 09:02:00,970,970,970,970,4700
2022-06-03 09:03:00,965,965,965,965,3400
2022-06-03 09:04:00,965,965,965,965,0
2022-06-03 09:05:00,965,965,965,965,300
2022-06-03 09:06:00,960,960,960,960,3800
2022-06-03 09:07:00,960,960,960,960,0
2022-06-03 09:08:00,960,960,960,960,0
2022-06-03 09:09:00,960,960,960,960,2000
2022-06-03 09:10:00,960,960,960,960,100
2022-06-03 09:11:00,960,960,960,960,1000
2022-06-03 09:12:00,955,955,955,955,100
2022-06-03 09:13:00,955,950,955,950,13300
2022-06-03 09:14:00,950,950,950,950,16400
2022-06-03 09:15:00,950,950,950,950,1500
2022-06-03 09:16:00,950,950,950,950,0
2022-06-03 09:17:00,950,950,950,950,0
2022-06-03 09:18:00,950,950,950,950,0
2022-06-03 09:19:00,950,950,950,950,0
2022-06-03 09:20:00,950,950,950,950,0
2022-06-03 09:21:00,955,955,955,955,100
2022-06-03 09:22:00,955,955,955,955,200
2022-06-03 09:23:00,955,955,955,955,0
2022-06-03 09:24:00,955,955,955,955,0
2022-06-03 09:25:00,955,955,955,955,0
2022-06-03 09:26:00,955,955,955,955,0
2022-06-03 09:27:00,955,955,955,955,0
2022-06-03 09:28:00,955,955,955,955,500
2022-06-03 09:29:00,955,955,955,955,0
2022-06-03 09:30:00,950,950,950,950,100
2022-06-03 09:31:00,950,950,950,950,300
2022-06-03 09:32:00,950,950,950,950,1900
2022-06-03 09:33:00,950,950,950,950,1000
2022-06-03 09:34:00,950,950,950,950,0
2022-06-03 09:35:00,955,950,955,950,200
2022-06-03 09:36:00,955,950,955,950,0
2022-06-03 09:37:00,955,950,955,955,800
2022-06-03 09:38:00,955,955,955,955,400
2022-06-03 09:39:00,955,955,955,955,0
2022-06-03 09:40:00,955,955,955,955,1100
2022-06-03 09:41:00,955,955,955,955,2600
2022-06-03 09:42:00,955,955,955,955,0
2022-06-03 09:43:00,955,955,955,955,0
2022-06-03 09:44:00,950,950,955,955,7400
2022-06-03 09:45:00,950,950,950,950,100
2022-06-03 09:46:00,950,950,950,950,800
2022-06-03 09:47:00,950,950,950,950,0
2022-06-03 09:48:00,950,950,950,950,0
2022-06-03 09:49:00,950,950,950,950,0
2022-06-03 09:50:00,955,955,955,955,1000
2022-06-03 09:51:00,955,955,955,955,0
2022-06-03 09:52:00,955,955,955,955,100
2022-06-03 09:53:00,955,955,955,955,0
2022-06-03 09:54:00,955,955,955,955,200
2022-06-03 09:55:00,955,955,955,955,0
2022-06-03 09:56:00,955,955,955,955,300
2022-06-03 09:57:00,955,955,955,955,600
2022-06-03 09:58:00,955,955,955,955,20000
2022-06-03 09:59:00,960,960,960,960,180000
2022-06-03 10:00:00,960,960,960,960,150000
2022-06-03 10:01:00,960,960,960,960,700
2022-06-03 10:02:00,960,960,960,960,0
2022-06-03 10:03:00,960,960,960,960,0
2022-06-03 10:04:00,960,960,960,960,0
2022-06-03 10:05:00,960,960,960,960,600
2022-06-03 10:06:00,955,955,955,955,1000
2022-06-03 10:07:00,955,955,955,955,0
2022-06-03 10:08:00,955,955,955,955,0
2022-06-03 10:09:00,955,955,955,955,0
2022-06-03 10:10:00,955,955,955,955,0
2022-06-03 10:11:00,955,955,955,955,0
2022-06-03 10:12:00,955,955,955,955,0
2022-06-03 10:13:00,955,955,955,955,0
2022-06-03 10:14:00,955,955,955,955,0
2022-06-03 10:15:00,955,955,955,955,0
2022-06-03 10:16:00,955,955,955,955,0
2022-06-03 10:17:00,955,955,955,955,0
2022-06-03 10:18:00,955,955,955,955,0
2022-06-03 10:19:00,955,955,955,955,0
2022-06-03 10:20:00,955,955,955,955,1000
2022-06-03 10:21:00,955,955,955,955,0
2022-06-03 10:22:00,955,955,955,955,0
2022-06-03 10:23:00,955,955,955,955,0
2022-06-03 10:24:00,955,955,955,955,0
2022-06-03 10:25:00,955,955,955,955,0
2022-06-03 10:26:00,955,955,955,955,0
2022-06-03 10:27:00,955,955,955,955,0
2022-06-03 10:28:00,955,955,955,955,0
2022-06-03 10:29:00,955,955,955,955,0
2022-06-03 10:30:00,955,955,955,955,0
2022-06-03 10:31:00,955,955,955,955,0
2022-06-03 10:32:00,955,955,955,955,0
2022-06-03 10:33:00,955,955,955,955,0
2022-06-03 10:34:00,960,960,960,960,200
2022-06-03 10:35:00,960,960,960,960,0
2022-06-03 10:36:00,960,960,960,960,0
2022-06-03 10:37:00,960,960,960,960,100
2022-06-03 10:38:00,960,960,960,960,0
2022-06-03 10:39:00,960,960,960,960,100
2022-06-03 10:40:00,960,960,960,960,0
2022-06-03 10:41:00,960,960,960,960,0
2022-06-03 10:42:00,960,960,960,960,0
2022-06-03 10:43:00,960,960,960,960,20000
2022-06-03 10:44:00,960,960,960,960,0
2022-06-03 10:45:00,960,960,960,960,300
2022-06-03 10:46:00,960,960,960,960,0
2022-06-03 10:47:00,960,960,960,960,700
2022-06-03 10:48:00,960,960,960,960,0
2022-06-03 10:49:00,960,960,960,960,0
2022-06-03 10:50:00,960,960,960,960,0
2022-06-03 10:51:00,960,960,960,960,0
2022-06-03 10:52:00,960,960,960,960,0
2022-06-03 10:53:00,960,960,960,960,0
2022-06-03 10:54:00,960,960,960,960,0
2022-06-03 10:55:00,955,955,955,955,1100
2022-06-03 10:56:00,955,955,955,955,0
2022-06-03 10:57:00,955,955,955,955,0
2022-06-03 10:58:00,955,955,955,955,0
2022-06-03 10:59:00,955,955,955,955,0
2022-06-03 11:00:00,955,955,955,955,0
2022-06-03 11:01:00,955,955,955,955,0
2022-06-03 11:02:00,955,955,955,955,0
2022-06-03 11:03:00,955,955,955,955,0
2022-06-03 11:04:00,955,955,955,955,0
2022-06-03 11:05:00,955,955,955,955,0
2022-06-03 11:06:00,955,955,955,955,0
2022-06-03 11:07:00,955,955,955,955,0
2022-06-03 11:08:00,955,955,955,955,100
2022-06-03 11:09:00,955,955,955,955,0
2022-06-03 11:10:00,955,955,955,955,0
2022-06-03 11:11:00,955,955,955,955,0
2022-06-03 11:12:00,955,955,955,955,0
2022-06-03 11:13:00,955,955,955,955,0
2022-06-03 11:14:00,955,955,955,955,0
2022-06-03 11:15:00,965,965,965,965,500
2022-06-03 11:16:00,965,965,965,965,0
2022-06-03 11:17:00,965,965,965,965,0
2022-06-03 11:18:00,965,965,965,965,0
2022-06-03 11:19:00,965,965,965,965,0
2022-06-03 11:20:00,965,965,965,965,0
2022-06-03 11:21:00,965,965,965,965,0
2022-06-03 11:22:00,965,965,965,965,0
2022-06-03 11:23:00,965,965,965,965,0
2022-06-03 11:24:00,965,965,965,965,0
2022-06-03 11:25:00,965,965,965,965,0
2022-06-03 11:26:00,965,965,965,965,0
2022-06-03 11:27:00,960,960,960,960,100
2022-06-03 11:28:00,960,960,960,960,0
2022-06-03 11:29:00,960,960,960,960,0
2022-06-03 11:30:00,960,960,960,960,0
2022-06-03 11:31:00,960,960,960,960,0
2022-06-03 11:32:00,960,960,960,960,0
2022-06-03 11:33:00,960,960,960,960,0
2022-06-03 11:34:00,960,960,960,960,0
2022-06-03 11:35:00,960,960,960,960,0
2022-06-03 11:36:00,960,960,960,960,0
2022-06-03 11:37:00,960,960,960,960,0
2022-06-03 11:38:00,960,960,960,960,0
2022-06-03 11:39:00,960,960,960,960,0
2022-06-03 11:40:00,960,960,960,960,0
2022-06-03 11:41:00,960,960,960,960,0
2022-06-03 11:42:00,960,960,960,960,0
2022-06-03 11:43:00,960,960,960,960,0
2022-06-03 11:44:00,960,960,960,960,0
2022-06-03 11:45:00,960,960,960,960,0
2022-06-03 11:46:00,960,960,960,960,0
2022-06-03 11:47:00,960,960,960,960,0
2022-06-03 11:48:00,960,960,960,960,0
2022-06-03 11:49:00,960,960,960,960,0
2022-06-03 11:50:00,960,960,960,960,0
2022-06-03 11:51:00,960,960,960,960,0
2022-06-03 11:52:00,960,960,960,960,0
2022-06-03 11:53:00,960,960,960,960,0
2022-06-03 11:54:00,960,960,960,960,0
2022-06-03 11:55:00,960,960,960,960,0
2022-06-03 11:56:00,960,960,960,960,0
2022-06-03 11:57:00,960,960,960,960,0
2022-06-03 11:58:00,960,960,960,960,0
2022-06-03 11:59:00,960,960,960,960,0
2022-06-03 12:00:00,960,960,960,960,0
2022-06-03 12:01:00,960,960,960,960,0
2022-06-03 12:02:00,960,960,960,960,0
2022-06-03 12:03:00,960,960,960,960,0
2022-06-03 12:04:00,960,960,960,960,0
2022-06-03 12:05:00,960,960,960,960,0
2022-06-03 12:06:00,960,960,960,960,0
2022-06-03 12:07:00,960,960,960,960,0
2022-06-03 12:08:00,960,960,960,960,0
2022-06-03 12:09:00,960,960,960,960,0
2022-06-03 12:10:00,960,960,960,960,0
2022-06-03 12:11:00,960,960,960,960,0
2022-06-03 12:12:00,960,960,960,960,0
2022-06-03 12:13:00,960,960,960,960,0
2022-06-03 12:14:00,960,960,960,960,0
2022-06-03 12:15:00,960,960,960,960,0
2022-06-03 12:16:00,960,960,960,960,0
2022-06-03 12:17:00,960,960,960,960,0
2022-06-03 12:18:00,960,960,960,960,0
2022-06-03 12:19:00,960,960,960,960,0
2022-06-03 12:20:00,960,960,960,960,0
2022-06-03 12:21:00,960,960,960,960,0
2022-06-03 12:22:00,960,960,960,960,0
2022-06-03 12:23:00,960,960,960,960,0
2022-06-03 12:24:00,960,960,960,960,0
2022-06-03 12:25:00,960,960,960,960,0
2022-06-03 12:26:00,960,960,960,960,0
2022-06-03 12:27:00,960,960,960,960,0
2022-06-03 12:28:00,960,960,960,960,0
2022-06-03 12:29:00,960,960,960,960,0
2022-06-03 12:30:00,960,960,960,960,0
2022-06-03 12:31:00,960,960,960,960,0
2022-06-03 12:32:00,960,960,960,960,0
2022-06-03 12:33:00,960,960,960,960,0
2022-06-03 12:34:00,960,960,960,960,0
2022-06-03 12:35:00,960,960,960,960,0
2022-06-03 12:36:00,960,960,960,960,0
2022-06-03 12:37:00,960,960,960,960,0
2022-06-03 12:38:00,960,960,960,960,0
2022-06-03 12:39:00,960,960,960,960,0
2022-06-03 12:40:00,960,960,960,960,0
2022-06-03 12:41:00,960,960,960,960,0
2022-06-03 12:42:00,960,960,960,960,0
2022-06-03 12:43:00,960,960,960,960,0
2022-06-03 12:44:00,960,960,960,960,0
2022-06-03 12:45:00,960,960,960,960,0
2022-06-03 12:46:00,960,960,960,960,0
2022-06-03 12:47:00,960,960,960,960,0
2022-06-03 12:48:00,960,960,960,960,0
2022-06-03 12:49:00,960,960,960,960,0
2022-06-03 12:50:00,960,960,960,960,0
2022-06-03 12:51:00,960,960,960,960,0
2022-06-03 12:52:00,960,960,960,960,0
2022-06-03 12:53:00,960,960,960,960,0
2022-06-03 12:54:00,960,960,960,960,0
2022-06-03 12:55:00,960,960,960,960,0
2022-06-03 12:56:00,960,960,960,960,0
2022-06-03 12:57:00,960,960,960,960,0
2022-06-03 12:58:00,960,960,960,960,0
2022-06-03 12:59:00,960,960,960,960,0
2022-06-03 13:00:00,960,960,960,960,0
2022-06-03 13:01:00,960,960,960,960,0
2022-06-03 13:02:00,960,960,960,960,0
2022-06-03 13:03:00,960,960,960,960,0
2022-06-03 13:04:00,960,960,960,960,0
2022-06-03 13:05:00,960,960,960,960,0
2022-06-03 13:06:00,960,960,960,960,0
2022-06-03 13:07:00,960,960,960,960,0
2022-06-03 13:08:00,960,960,960,960,0
2022-06-03 13:09:00,960,960,960,960,0
2022-06-03 13:10:00,960,960,960,960,0
2022-06-03 13:11:00,960,960,960,960,0
2022-06-03 13:12:00,960,960,960,960,0
2022-06-03 13:13:00,960,960,960,960,0
2022-06-03 13:14:00,960,960,960,960,0
2022-06-03 13:15:00,960,960,960,960,0
2022-06-03 13:16:00,960,960,960,960,0
2022-06-03 13:17:00,960,960,960,960,0
2022-06-03 13:18:00,960,960,960,960,0
2022-06-03 13:19:00,960,960,960,960,0
2022-06-03 13:20:00,960,960,960,960,0
2022-06-03 13:21:00,960,960,960,960,0
2022-06-03 13:22:00,960,960,960,960,0
2022-06-03 13:23:00,960,960,960,960,0
2022-06-03 13:24:00,960,960,960,960,0
2022-06-03 13:25:00,960,960,960,960,0
2022-06-03 13:26:00,960,960,960,960,0
2022-06-03 13:27:00,960,960,960,960,0
2022-06-03 13:28:00,960,960,960,960,0
2022-06-03 13:29:00,960,960,960,960,0
2022-06-03 13:30:00,955,955,960,960,6300
2022-06-03 13:31:00,955,955,960,960,0
2022-06-03 13:32:00,955,955,960,960,0
2022-06-03 13:33:00,960,960,960,960,5200
2022-06-03 13:34:00,960,960,960,960,9200
2022-06-03 13:35:00,960,960,960,960,0
2022-06-03 13:36:00,960,960,960,960,120800
2022-06-03 13:37:00,960,960,960,960,0
2022-06-03 13:38:00,960,960,960,960,2000
2022-06-03 13:39:00,960,960,960,960,0
2022-06-03 13:40:00,960,960,960,960,200
2022-06-03 13:41:00,960,960,960,960,0
2022-06-03 13:42:00,960,960,960,960,0
2022-06-03 13:43:00,960,960,960,960,0
2022-06-03 13:44:00,960,960,960,960,0
2022-06-03 13:45:00,960,960,960,960,0
2022-06-03 13:46:00,955,955,955,955,39300
2022-06-03 13:47:00,955,955,955,955,0
2022-06-03 13:48:00,955,955,955,955,0
2022-06-03 13:49:00,955,955,955,955,0
2022-06-03 13:50:00,955,955,955,955,0
2022-06-03 13:51:00,955,955,955,955,0
2022-06-03 13:52:00,955,955,955,955,500
2022-06-03 13:53:00,960,960,960,960,15000
2022-06-03 13:54:00,960,960,960,960,0
2022-06-03 13:55:00,960,960,960,960,0
2022-06-03 13:56:00,960,960,960,960,0
2022-06-03 13:57:00,960,960,960,960,0
2022-06-03 13:58:00,960,960,960,960,0
2022-06-03 13:59:00,960,960,960,960,0
2022-06-03 14:00:00,955,955,960,960,1200
2022-06-03 14:01:00,955,955,960,960,0
2022-06-03 14:02:00,955,955,960,960,0
2022-06-03 14:03:00,955,955,960,960,0
2022-06-03 14:04:00,955,955,955,955,2500
2022-06-03 14:05:00,960,960,960,960,800
2022-06-03 14:06:00,960,960,960,960,0
2022-06-03 14:07:00,960,960,960,960,0
2022-06-03 14:08:00,960,960,960,960,0
2022-06-03 14:09:00,960,960,960,960,0
2022-06-03 14:10:00,960,960,960,960,0
2022-06-03 14:11:00,955,955,955,955,5100
2022-06-03 14:12:00,955,955,955,955,0
2022-06-03 14:13:00,960,960,960,960,62500
2022-06-03 14:14:00,960,960,960,960,0
2022-06-03 14:15:00,960,960,960,960,500
2022-06-03 14:16:00,960,960,960,960,0
2022-06-03 14:17:00,965,965,965,965,1900
2022-06-03 14:18:00,965,965,965,965,0
2022-06-03 14:19:00,965,965,965,965,1000
2022-06-03 14:20:00,965,965,965,965,1500
2022-06-03 14:21:00,965,965,965,965,0
2022-06-03 14:22:00,965,965,965,965,100
2022-06-03 14:23:00,965,965,965,965,0
2022-06-03 14:24:00,965,965,965,965,0
2022-06-03 14:25:00,965,965,965,965,0
2022-06-03 14:26:00,965,965,965,965,0
2022-06-03 14:27:00,965,965,965,965,100
2022-06-03 14:28:00,965,965,965,965,0
2022-06-03 14:29:00,965,965,965,965,0
2022-06-03 14:30:00,965,965,965,965,0
2022-06-03 14:31:00,965,965,965,965,0
2022-06-03 14:32:00,965,965,965,965,0
2022-06-03 14:33:00,965,965,965,965,0
2022-06-03 14:34:00,965,965,965,965,300
2022-06-03 14:35:00,965,965,965,965,0
2022-06-03 14:36:00,965,965,965,965,0
2022-06-03 14:37:00,965,965,965,965,1000
2022-06-03 14:38:00,965,965,965,965,0
2022-06-03 14:39:00,960,960,960,960,42900
2022-06-03 14:40:00,960,960,960,960,0
2022-06-03 14:41:00,960,960,960,960,0
2022-06-03 14:42:00,960,960,960,960,0
2022-06-03 14:43:00,960,955,960,955,5300
2022-06-03 14:44:00,955,955,955,955,1000
2022-06-03 14:45:00,955,955,955,955,0
2022-06-03 14:46:00,955,955,955,955,0
2022-06-03 14:47:00,955,955,955,955,13000
2022-06-03 14:48:00,955,955,955,955,0
2022-06-03 14:49:00,960,960,965,965,3800
2022-06-03 14:50:00,960,960,965,965,0
2022-06-03 14:51:00,960,960,965,965,0
2022-06-03 14:52:00,960,960,965,965,0
2022-06-03 14:53:00,960,960,965,965,0
2022-06-03 14:54:00,960,960,965,965,0
2022-06-03 14:55:00,960,960,965,965,0
2022-06-03 14:56:00,960,960,965,965,0
2022-06-03 14:57:00,960,960,965,965,0
2022-06-03 14:58:00,960,960,965,965,0
2022-06-03 14:59:00,960,960,965,965,0
2022-06-03 15:00:00,960,960,960,960,4900
2022-06-03 15:01:00,960,960,960,960,1000
2022-06-03 15:02:00,960,960,960,960,46900
2022-06-03 15:03:00,960,960,960,960,500
2022-06-03 15:04:00,960,960,960,960,0
2022-06-03 15:05:00,960,960,960,960,200
2022-06-03 15:06:00,960,960,960,960,0
2022-06-03 15:07:00,960,960,960,960,0
2022-06-03 15:08:00,960,960,960,960,3400
2022-06-03 15:09:00,960,960,960,960,7300
2022-06-03 15:10:00,960,960,960,960,100
2022-06-03 15:11:00,960,960,960,960,1700
2022-06-03 15:12:00,960,960,960,960,0
2022-06-03 15:13:00,960,960,960,960,0
2022-06-03 15:14:00,960,960,960,960,0
2022-06-03 15:15:00,960,960,960,960,0
2022-06-03 15:16:00,960,960,960,960,0
2022-06-03 15:17:00,960,960,960,960,0
2022-06-03 15:18:00,960,960,960,960,0
2022-06-03 15:19:00,960,960,960,960,0
2022-06-03 15:20:00,960,960,960,960,0
2022-06-03 15:21:00,960,960,960,960,0
2022-06-03 15:22:00,960,960,960,960,0
2022-06-03 15:23:00,960,960,960,960,0
2022-06-03 15:24:00,960,960,960,960,0
2022-06-03 15:25:00,960,960,960,960,0
2022-06-03 15:26:00,960,960,960,960,0
2022-06-03 15:27:00,960,960,960,960,0
2022-06-03 15:28:00,960,960,960,960,0
2022-06-03 15:29:00,960,960,960,960,0
2022-06-03 15:30:00,960,960,960,960,0
2022-06-03 15:31:00,960,960,960,960,0
2022-06-03 15:32:00,960,960,960,960,0
2022-06-03 15:33:00,960,960,960,960,0
2022-06-03 15:34:00,960,960,960,960,0
2022-06-03 15:35:00,960,960,960,960,0
2022-06-03 15:36:00,960,960,960,960,0
2022-06-03 15:37:00,960,960,960,960,0
2022-06-03 15:38:00,960,960,960,960,0
2022-06-03 15:39:00,960,960,960,960,0
2022-06-03 15:40:00,960,960,960,960,0
2022-06-03 15:41:00,960,960,960,960,0
2022-06-03 15:42:00,960,960,960,960,0
2022-06-03 15:43:00,960,960,960,960,0
2022-06-03 15:44:00,960,960,960,960,0
2022-06-03 15:45:00,960,960,960,960,0
2022-06-03 15:46:00,960,960,960,960,0
2022-06-03 15:47:00,960,960,960,960,0
2022-06-03 15:48:00,960,960,960,960,0
2022-06-03 15:49:00,960,960,960,960,0
2022-06-03 15:50:00,960,960,960,960,0
2022-06-03 15:51:00,960,960,960,960,0
2022-06-03 15:52:00,960,960,960,960,0
2022-06-03 15:53:00,960,960,960,960,0
2022-06-03 15:54:00,960,960,960,960,0
2022-06-03 15:55:00,960,960,960,960,0
2022-06-03 15:56:00,960,960,960,960,0
2022-06-03 15:57:00,960,960,960,960,0
2022-06-03 15:58:00,960,960,960,960,0
2022-06-03 15:59:00,960,960,960,960,0
2022-06-06 09:00:00,960,960,965,960,0
2022-06-06 09:01:00,960,960,965,960,0
2022-06-06 09:02:00,960,960,960,960,500
2022-06-06 09:03:00,955,955,960,960,8400
2022-06-06 09:04:00,955,955,960,960,0
2022-06-06 09:05:00,955,955,960,960,0
2022-06-06 09:06:00,955,955,960,960,0
2022-06-06 09:07:00,955,955,960,960,0
2022-06-06 09:08:00,965,965,965,965,5800
2022-06-06 09:09:00,965,965,965,965,300
2022-06-06 09:10:00,965,960,965,960,9400
2022-06-06 09:11:00,965,960,965,960,0
2022-06-06 09:12:00,965,960,965,960,0
2022-06-06 09:13:00,960,960,960,960,10000
2022-06-06 09:14:00,960,960,960,960,0
2022-06-06 09:15:00,960,960,960,960,0
2022-06-06 09:16:00,960,960,960,960,0
2022-06-06 09:17:00,960,960,960,960,0
2022-06-06 09:18:00,960,960,960,960,0
2022-06-06 09:19:00,960,960,960,960,0
2022-06-06 09:20:00,960,960,960,960,1700
2022-06-06 09:21:00,960,960,960,960,0
2022-06-06 09:22:00,955,955,955,955,3000
2022-06-06 09:23:00,955,955,955,955,1900
2022-06-06 09:24:00,955,955,955,955,0
2022-06-06 09:25:00,955,955,955,955,0
2022-06-06 09:26:00,955,955,955,955,0
2022-06-06 09:27:00,955,955,955,955,0
2022-06-06 09:28:00,955,955,955,955,0
2022-06-06 09:29:00,955,955,955,955,0
2022-06-06 09:30:00,955,955,955,955,0
2022-06-06 09:31:00,955,955,955,955,0
2022-06-06 09:32:00,955,955,955,955,0
2022-06-06 09:33:00,955,955,955,955,1100
2022-06-06 09:34:00,960,960,960,960,211800
2022-06-06 09:35:00,960,960,965,965,10500
2022-06-06 09:36:00,965,965,965,965,283200
2022-06-06 09:37:00,965,965,965,965,39600
2022-06-06 09:38:00,965,965,965,965,64200
2022-06-06 09:39:00,965,960,965,960,800
2022-06-06 09:40:00,965,960,965,960,0
2022-06-06 09:41:00,960,960,960,960,9000
2022-06-06 09:42:00,960,960,960,960,0
2022-06-06 09:43:00,960,960,960,960,0
2022-06-06 09:44:00,960,960,960,960,0
2022-06-06 09:45:00,960,960,960,960,1500
2022-06-06 09:46:00,960,960,960,960,2400
2022-06-06 09:47:00,960,960,960,960,500
2022-06-06 09:48:00,960,960,960,960,0
2022-06-06 09:49:00,960,960,960,960,0
2022-06-06 09:50:00,960,960,960,960,0
2022-06-06 09:51:00,960,960,960,960,0
2022-06-06 09:52:00,960,960,960,960,0
2022-06-06 09:53:00,960,960,960,960,0
2022-06-06 09:54:00,960,960,960,960,200
2022-06-06 09:55:00,960,960,960,960,0
2022-06-06 09:56:00,960,960,960,960,0
2022-06-06 09:57:00,960,960,960,960,0
2022-06-06 09:58:00,960,960,960,960,0
2022-06-06 09:59:00,960,960,960,960,0
2022-06-06 10:00:00,960,960,960,960,0
2022-06-06 10:01:00,960,960,960,960,0
2022-06-06 10:02:00,960,960,960,960,0
2022-06-06 10:03:00,960,960,960,960,200
2022-06-06 10:04:00,960,960,960,960,0
2022-06-06 10:05:00,960,960,960,960,0
2022-06-06 10:06:00,960,960,960,960,0
2022-06-06 10:07:00,960,960,960,960,0
2022-06-06 10:08:00,960,960,960,960,0
2022-06-06 10:09:00,960,960,960,960,100
2022-06-06 10:10:00,960,960,960,960,0
2022-06-06 10:11:00,960,960,960,960,0
2022-06-06 10:12:00,960,960,960,960,200
2022-06-06 10:13:00,960,960,960,960,0
2022-06-06 10:14:00,960,960,960,960,0
2022-06-06 10:15:00,960,960,960,960,0
2022-06-06 10:16:00,960,960,960,960,2000
2022-06-06 10:17:00,960,960,960,960,0
2022-06-06 10:18:00,960,960,960,960,0
2022-06-06 10:19:00,960,960,960,960,100
2022-06-06 10:20:00,960,960,960,960,0
2022-06-06 10:21:00,960,960,960,960,0
2022-06-06 10:22:00,955,955,955,955,9000
2022-06-06 10:23:00,955,955,955,955,0
2022-06-06 10:24:00,955,955,955,955,0
2022-06-06 10:25:00,955,955,955,955,0
2022-06-06 10:26:00,955,955,955,955,0
2022-06-06 10:27:00,955,955,955,955,0
2022-06-06 10:28:00,955,955,955,955,0
2022-06-06 10:29:00,960,955,960,955,5600
2022-06-06 10:30:00,960,960,960,960,100
2022-06-06 10:31:00,960,960,960,960,0
2022-06-06 10:32:00,960,960,960,960,0
2022-06-06 10:33:00,960,960,960,960,100
2022-06-06 10:34:00,960,960,960,960,0
2022-06-06 10:35:00,960,960,960,960,5000
2022-06-06 10:36:00,955,955,955,955,26100
2022-06-06 10:37:00,955,955,955,955,0
2022-06-06 10:38:00,955,955,955,955,0
2022-06-06 10:39:00,955,955,955,955,2100
2022-06-06 10:40:00,955,955,955,955,0
2022-06-06 10:41:00,950,950,950,950,7500
2022-06-06 10:42:00,950,950,950,950,6600
2022-06-06 10:43:00,950,950,950,950,0
2022-06-06 10:44:00,950,950,950,950,500
2022-06-06 10:45:00,950,950,950,950,0
2022-06-06 10:46:00,950,950,950,950,100
2022-06-06 10:47:00,950,950,950,950,0
2022-06-06 10:48:00,950,950,950,950,0
2022-06-06 10:49:00,950,950,950,950,0
2022-06-06 10:50:00,950,950,950,950,0
2022-06-06 10:51:00,950,950,950,950,0
2022-06-06 10:52:00,950,950,950,950,0
2022-06-06 10:53:00,950,950,950,950,600
2022-06-06 10:54:00,950,950,950,950,300
2022-06-06 10:55:00,950,950,950,950,100
2022-06-06 10:56:00,950,950,950,950,0
2022-06-06 10:57:00,950,950,950,950,8700
2022-06-06 10:58:00,950,950,950,950,0
2022-06-06 10:59:00,950,950,950,950,0
2022-06-06 11:00:00,950,950,950,950,0
2022-06-06 11:01:00,950,950,950,950,0
2022-06-06 11:02:00,950,950,950,950,0
2022-06-06 11:03:00,950,950,950,950,0
2022-06-06 11:04:00,950,950,950,950,0
2022-06-06 11:05:00,950,950,950,950,0
2022-06-06 11:06:00,950,950,950,950,0
2022-06-06 11:07:00,950,950,950,950,0
2022-06-06 11:08:00,950,950,950,950,0
2022-06-06 11:09:00,950,950,950,950,0
2022-06-06 11:10:00,950,950,950,950,0
2022-06-06 11:11:00,950,950,950,950,0
2022-06-06 11:12:00,950,950,950,950,0
2022-06-06 11:13:00,950,950,950,950,0
2022-06-06 11:14:00,950,950,950,950,0
2022-06-06 11:15:00,950,950,950,950,0
2022-06-06 11:16:00,950,950,950,950,0
2022-06-06 11:17:00,950,950,950,950,200
2022-06-06 11:18:00,950,950,950,950,0
2022-06-06 11:19:00,950,950,950,950,0
2022-06-06 11:20:00,950,950,950,950,0
2022-06-06 11:21:00,950,950,950,950,0
2022-06-06 11:22:00,950,950,950,950,0
2022-06-06 11:23:00,950,950,950,950,0
2022-06-06 11:24:00,950,950,950,950,1500
2022-06-06 11:25:00,950,950,950,950,0
2022-06-06 11:26:00,950,950,950,950,0
2022-06-06 11:27:00,950,950,950,950,0
2022-06-06 11:28:00,950,950,950,950,20000
2022-06-06 11:29:00,950,950,950,950,0
2022-06-06 11:30:00,950,950,950,950,0
2022-06-06 11:31:00,950,950,950,950,0
2022-06-06 11:32:00,950,950,950,950,0
2022-06-06 11:33:00,950,950,950,950,0
2022-06-06 11:34:00,950,950,950,950,0
2022-06-06 11:35:00,950,950,950,950,0
2022-06-06 11:36:00,950,950,950,950,0
2022-06-06 11:37:00,950,950,950,950,0
2022-06-06 11:38:00,950,950,950,950,0
2022-06-06 11:39:00,950,950,950,950,0
2022-06-06 11:40:00,950,950,950,950,0
2022-06-06 11:41:00,950,950,950,950,0
2022-06-06 11:42:00,950,950,950,950,0
2022-06-06 11:43:00,950,950,950,950,0
2022-06-06 11:44:00,950,950,950,950,0
2022-06-06 11:45:00,950,950,950,950,0
2022-06-06 11:46:00,950,950,950,950,0
2022-06-06 11:47:00,950,950,950,950,0
2022-06-06 11:48:00,950,950,950,950,0
2022-06-06 11:49:00,950,950,950,950,0
2022-06-06 11:50:00,950,950,950,950,0
2022-06-06 11:51:00,950,950,950,950,0
2022-06-06 11:52:00,950,950,950,950,0
2022-06-06 11:53:00,950,950,950,950,0
2022-06-06 11:54:00,950,950,950,950,0
2022-06-06 11:55:00,950,950,950,950,0
2022-06-06 11:56:00,950,950,950,950,0
2022-06-06 11:57:00,950,950,950,950,0
2022-06-06 11:58:00,950,950,950,950,0
2022-06-06 11:59:00,950,950,950,950,0
2022-06-06 12:00:00,950,950,950,950,0
2022-06-06 12:01:00,950,950,950,950,0
2022-06-06 12:02:00,950,950,950,950,0
2022-06-06 12:03:00,950,950,950,950,0
2022-06-06 12:04:00,950,950,950,950,0
2022-06-06 12:05:00,950,950,950,950,0
2022-06-06 12:06:00,950,950,950,950,0
2022-06-06 12:07:00,950,950,950,950,0
2022-06-06 12:08:00,950,950,950,950,0
2022-06-06 12:09:00,950,950,950,950,0
2022-06-06 12:10:00,950,950,950,950,0
2022-06-06 12:11:00,950,950,950,950,0
2022-06-06 12:12:00,950,950,950,950,0
2022-06-06 12:13:00,950,950,950,950,0
2022-06-06 12:14:00,950,950,950,950,0
2022-06-06 12:15:00,950,950,950,950,0
2022-06-06 12:16:00,950,950,950,950,0
2022-06-06 12:17:00,950,950,950,950,0
2022-06-06 12:18:00,950,950,950,950,0
2022-06-06 12:19:00,950,950,950,950,0
2022-06-06 12:20:00,950,950,950,950,0
2022-06-06 12:21:00,950,950,950,950,0
2022-06-06 12:22:00,950,950,950,950,0
2022-06-06 12:23:00,950,950,950,950,0
2022-06-06 12:24:00,950,950,950,950,0
2022-06-06 12:25:00,950,950,950,950,0
2022-06-06 12:26:00,950,950,950,950,0
2022-06-06 12:27:00,950,950,950,950,0
2022-06-06 12:28:00,950,950,950,950,0
2022-06-06 12:29:00,950,950,950,950,0
2022-06-06 12:30:00,950,950,950,950,0
2022-06-06 12:31:00,950,950,950,950,0
2022-06-06 12:32:00,950,950,950,950,0
2022-06-06 12:33:00,950,950,950,950,0
2022-06-06 12:34:00,950,950,950,950,0
2022-06-06 12:35:00,950,950,950,950,0
2022-06-06 12:36:00,950,950,950,950,0
2022-06-06 12:37:00,950,950,950,950,0
2022-06-06 12:38:00,950,950,950,950,0
2022-06-06 12:39:00,950,950,950,950,0
2022-06-06 12:40:00,950,950,950,950,0
2022-06-06 12:41:00,950,950,950,950,0
2022-06-06 12:42:00,950,950,950,950,0
2022-06-06 12:43:00,950,950,950,950,0
2022-06-06 12:44:00,950,950,950,950,0
2022-06-06 12:45:00,950,950,950,950,0
2022-06-06 12:46:00,950,950,950,950,0
2022-06-06 12:47:00,950,950,950,950,0
2022-06-06 12:48:00,950,950,950,950,0
2022-06-06 12:49:00,950,950,950,950,0
2022-06-06 12:50:00,950,950,950,950,0
2022-06-06 12:51:00,950,950,950,950,0
2022-06-06 12:52:00,950,950,950,950,0
2022-06-06 12:53:00,950,950,950,950,0
2022-06-06 12:54:00,950,950,950,950,0
2022-06-06 12:55:00,950,950,950,950,0
2022-06-06 12:56:00,950,950,950,950,0
2022-06-06 12:57:00,950,950,950,950,0
2022-06-06 12:58:00,950,950,950,950,0
2022-06-06 12:59:00,950,950,950,950,0
2022-06-06 13:00:00,950,950,950,950,0
2022-06-06 13:01:00,950,950,950,950,0
2022-06-06 13:02:00,950,950,950,950,0
2022-06-06 13:03:00,950,950,950,950,0
2022-06-06 13:04:00,950,950,950,950,0
2022-06-06 13:05:00,950,950,950,950,0
2022-06-06 13:06:00,950,950,950,950,0
2022-06-06 13:07:00,950,950,950,950,0
2022-06-06 13:08:00,950,950,950,950,0
2022-06-06 13:09:00,950,950,950,950,0
2022-06-06 13:10:00,950,950,950,950,0
2022-06-06 13:11:00,950,950,950,950,0
2022-06-06 13:12:00,950,950,950,950,0
2022-06-06 13:13:00,950,950,950,950,0
2022-06-06 13:14:00,950,950,950,950,0
2022-06-06 13:15:00,950,950,950,950,0
2022-06-06 13:16:00,950,950,950,950,0
2022-06-06 13:17:00,950,950,950,950,0
2022-06-06 13:18:00,950,950,950,950,0
2022-06-06 13:19:00,950,950,950,950,0
2022-06-06 13:20:00,950,950,950,950,0
2022-06-06 13:21:00,950,950,950,950,0
2022-06-06 13:22:00,950,950,950,950,0
2022-06-06 13:23:00,950,950,950,950,0
2022-06-06 13:24:00,950,950,950,950,0
2022-06-06 13:25:00,950,950,950,950,0
2022-06-06 13:26:00,950,950,950,950,0
2022-06-06 13:27:00,950,950,950,950,0
2022-06-06 13:28:00,950,950,950,950,0
2022-06-06 13:29:00,950,950,950,950,0
2022-06-06 13:30:00,950,950,950,950,3400
2022-06-06 13:31:00,950,950,950,950,0
2022-06-06 13:32:00,950,950,950,950,0
2022-06-06 13:33:00,950,950,950,950,100
2022-06-06 13:34:00,950,950,950,950,0
2022-06-06 13:35:00,950,950,950,950,0
2022-06-06 13:36:00,950,950,950,950,0
2022-06-06 13:37:00,945,945,945,945,18000
2022-06-06 13:38:00,945,945,945,945,2500
2022-06-06 13:39:00,945,945,945,945,0
2022-06-06 13:40:00,945,945,945,945,2500
2022-06-06 13:41:00,945,945,945,945,0
2022-06-06 13:42:00,945,945,945,945,0
2022-06-06 13:43:00,945,945,945,945,0
2022-06-06 13:44:00,950,950,950,950,100
2022-06-06 13:45:00,950,950,950,950,0
2022-06-06 13:46:00,950,950,950,950,0
2022-06-06 13:47:00,950,950,950,950,0
2022-06-06 13:48:00,950,950,950,950,2800
2022-06-06 13:49:00,950,950,950,950,10000
2022-06-06 13:50:00,950,950,950,950,100
2022-06-06 13:51:00,950,950,950,950,0
2022-06-06 13:52:00,950,950,950,950,0
2022-06-06 13:53:00,950,950,950,950,100
2022-06-06 13:54:00,950,950,950,950,0
2022-06-06 13:55:00,950,950,950,950,8400
2022-06-06 13:56:00,950,950,950,950,0
2022-06-06 13:57:00,950,950,950,950,500
2022-06-06 13:58:00,950,950,950,950,0
2022-06-06 13:59:00,945,945,950,950,50100
2022-06-06 14:00:00,945,945,950,950,0
2022-06-06 14:01:00,945,945,950,950,0
2022-06-06 14:02:00,945,945,950,950,0
2022-06-06 14:03:00,945,945,950,950,0
2022-06-06 14:04:00,945,945,950,950,0
2022-06-06 14:05:00,945,945,950,950,0
2022-06-06 14:06:00,945,945,945,945,4500
2022-06-06 14:07:00,945,945,945,945,0
2022-06-06 14:08:00,945,945,945,945,3100
2022-06-06 14:09:00,945,945,945,945,0
2022-06-06 14:10:00,945,940,945,945,15300
2022-06-06 14:11:00,945,945,945,945,1500
2022-06-06 14:12:00,945,945,945,945,100
2022-06-06 14:13:00,945,945,945,945,0
2022-06-06 14:14:00,945,945,945,945,0
2022-06-06 14:15:00,945,945,945,945,0
2022-06-06 14:16:00,945,945,945,945,1200
2022-06-06 14:17:00,945,945,945,945,4000
2022-06-06 14:18:00,945,945,945,945,300
2022-06-06 14:19:00,945,945,945,945,0
2022-06-06 14:20:00,945,945,945,945,700
2022-06-06 14:21:00,945,945,945,945,0
2022-06-06 14:22:00,945,945,945,945,0
2022-06-06 14:23:00,945,945,945,945,100
2022-06-06 14:24:00,945,945,945,945,0
2022-06-06 14:25:00,940,940,945,945,6100
2022-06-06 14:26:00,940,940,945,945,0
2022-06-06 14:27:00,940,940,945,945,0
2022-06-06 14:28:00,945,945,945,945,1300
2022-06-06 14:29:00,945,945,945,945,0
2022-06-06 14:30:00,945,945,945,945,300
2022-06-06 14:31:00,945,945,950,950,2300
2022-06-06 14:32:00,945,945,950,950,0
2022-06-06 14:33:00,945,945,950,950,0
2022-06-06 14:34:00,950,950,950,950,1400
2022-06-06 14:35:00,950,950,950,950,0
2022-06-06 14:36:00,950,950,950,950,0
2022-06-06 14:37:00,950,950,950,950,0
2022-06-06 14:38:00,950,950,950,950,500
2022-06-06 14:39:00,950,950,950,950,0
2022-06-06 14:40:00,950,950,950,950,0
2022-06-06 14:41:00,950,950,950,950,0
2022-06-06 14:42:00,950,950,950,950,0
2022-06-06 14:43:00,950,950,950,950,0
2022-06-06 14:44:00,950,950,950,950,0
2022-06-06 14:45:00,950,950,950,950,100
2022-06-06 14:46:00,950,950,950,950,0
2022-06-06 14:47:00,945,945,945,945,3000
2022-06-06 14:48:00,950,950,950,950,30100
2022-06-06 14:49:00,950,945,950,945,2500
2022-06-06 14:50:00,940,940,940,940,3400
2022-06-06 14:51:00,940,940,940,940,0
2022-06-06 14:52:00,940,940,940,940,0
2022-06-06 14:53:00,940,940,940,940,0
2022-06-06 14:54:00,940,940,940,940,0
2022-06-06 14:55:00,940,940,940,940,0
2022-06-06 14:56:00,940,940,940,940,0
2022-06-06 14:57:00,940,940,940,940,0
2022-06-06 14:58:00,940,940,940,940,0
2022-06-06 14:59:00,940,940,940,940,0
2022-06-06 15:00:00,940,940,940,940,20300
2022-06-06 15:01:00,940,940,940,940,0
2022-06-06 15:02:00,940,940,940,940,0
2022-06-06 15:03:00,940,940,940,940,0
2022-06-06 15:04:00,940,940,940,940,0
2022-06-06 15:05:00,940,940,940,940,0
2022-06-06 15:06:00,940,940,940,940,0
2022-06-06 15:07:00,940,940,940,940,0
2022-06-06 15:08:00,940,940,940,940,1100
2022-06-06 15:09:00,940,940,940,940,1100
2022-06-06 15:10:00,940,940,940,940,0
2022-06-06 15:11:00,940,940,940,940,0
2022-06-06 15:12:00,940,940,940,940,0
2022-06-06 15:13:00,940,940,940,940,0
2022-06-06 15:14:00,940,940,940,940,0
2022-06-06 15:15:00,940,940,940,940,0
2022-06-06 15:16:00,940,940,940,940,0
2022-06-06 15:17:00,940,940,940,940,0
2022-06-06 15:18:00,940,940,940,940,0
2022-06-06 15:19:00,940,940,940,940,0
2022-06-06 15:20:00,940,940,940,940,0
2022-06-06 15:21:00,940,940,940,940,0
2022-06-06 15:22:00,940,940,940,940,0
2022-06-06 15:23:00,940,940,940,940,0
2022-06-06 15:24:00,940,940,940,940,0
2022-06-06 15:25:00,940,940,940,940,0
2022-06-06 15:26:00,940,940,940,940,0
2022-06-06 15:27:00,940,940,940,940,0
2022-06-06 15:28:00,940,940,940,940,0
2022-06-06 15:29:00,940,940,940,940,0
2022-06-06 15:30:00,940,940,940,940,0
2022-06-06 15:31:00,940,940,940,940,0
2022-06-06 15:32:00,940,940,940,940,0
2022-06-06 15:33:00,940,940,940,940,0
2022-06-06 15:34:00,940,940,940,940,0
2022-06-06 15:35:00,940,940,940,940,0
2022-06-06 15:36:00,940,940,940,940,0
2022-06-06 15:37:00,940,940,940,940,0
2022-06-06 15:38:00,940,940,940,940,0
2022-06-06 15:39:00,940,940,940,940,0
2022-06-06 15:40:00,940,940,940,940,0
2022-06-06 15:41:00,940,940,940,940,0
2022-06-06 15:42:00,940,940,940,940,0
2022-06-06 15:43:00,940,940,940,940,0
2022-06-06 15:44:00,940,940,940,940,0
2022-06-06 15:45:00,940,940,940,940,0
2022-06-06 15:46:00,940,940,940,940,0
2022-06-06 15:47:00,940,940,940,940,0
2022-06-06 15:48:00,940,940,940,940,0
2022-06-06 15:49:00,940,940,940,940,0
2022-06-06 15:50:00,940,940,940,940,0
2022-06-06 15:51:00,940,940,940,940,0
2022-06-06 15:52:00,940,940,940,940,0
2022-06-06 15:53:00,940,940,940,940,0
2022-06-06 15:54:00,940,940,940,940,0
2022-06-06 15:55:00,940,940,940,940,0
2022-06-06 15:56:00,940,940,940,940,0
2022-06-06 15:57:00,940,940,940,940,0
2022-06-06 15:58:00,940,940,940,940,0
2022-06-06 15:59:00,940,940,940,940,0
2022-06-07 09:00:00,940,940,940,940,0
2022-06-07 09:01:00,940,940,940,940,500
2022-06-07 09:02:00,940,940,940,940,0
2022-06-07 09:03:00,940,940,940,940,200
2022-06-07 09:04:00,940,940,940,940,200
2022-06-07 09:05:00,940,940,940,940,0
2022-06-07 09:06:00,940,940,940,940,0
2022-06-07 09:07:00,935,935,940,940,4100
2022-06-07 09:08:00,940,940,940,940,100
2022-06-07 09:09:00,940,940,940,940,0
2022-06-07 09:10:00,940,940,940,940,0
2022-06-07 09:11:00,940,940,940,940,0
2022-06-07 09:12:00,940,940,940,940,0
2022-06-07 09:13:00,940,940,940,940,0
2022-06-07 09:14:00,940,940,940,940,0
2022-06-07 09:15:00,940,940,940,940,0
2022-06-07 09:16:00,940,940,940,940,0
2022-06-07 09:17:00,940,940,940,940,0
2022-06-07 09:18:00,940,940,940,940,0
2022-06-07 09:19:00,940,940,940,940,0
2022-06-07 09:20:00,940,940,940,940,0
2022-06-07 09:21:00,940,940,940,940,500
2022-06-07 09:22:00,940,940,940,940,15500
2022-06-07 09:23:00,940,940,940,940,0
2022-06-07 09:24:00,940,940,940,940,0
2022-06-07 09:25:00,940,940,940,940,1000
2022-06-07 09:26:00,935,935,935,935,6900
2022-06-07 09:27:00,940,935,940,935,700
2022-06-07 09:28:00,940,935,940,935,81400
2022-06-07 09:29:00,935,935,935,935,500
2022-06-07 09:30:00,935,920,935,920,124100
2022-06-07 09:31:00,925,925,925,925,1100
2022-06-07 09:32:00,930,925,930,930,35700
2022-06-07 09:33:00,925,925,930,930,9400
2022-06-07 09:34:00,930,930,930,930,4000
2022-06-07 09:35:00,925,925,925,925,500
2022-06-07 09:36:00,925,925,930,930,1100
2022-06-07 09:37:00,930,930,930,930,1000
2022-06-07 09:38:00,930,930,930,930,0
2022-06-07 09:39:00,930,930,930,930,1200
2022-06-07 09:40:00,930,930,930,930,0
2022-06-07 09:41:00,925,925,925,925,7100
2022-06-07 09:42:00,925,925,925,925,0
2022-06-07 09:43:00,930,930,930,930,100
2022-06-07 09:44:00,930,930,930,930,10000
2022-06-07 09:45:00,930,930,930,930,0
2022-06-07 09:46:00,930,930,930,930,0
2022-06-07 09:47:00,930,930,930,930,0
2022-06-07 09:48:00,930,930,930,930,0
2022-06-07 09:49:00,925,925,925,925,11000
2022-06-07 09:50:00,925,925,925,925,500
2022-06-07 09:51:00,925,925,925,925,0
2022-06-07 09:52:00,925,925,925,925,0
2022-06-07 09:53:00,925,925,925,925,20000
2022-06-07 09:54:00,925,920,925,920,109200
2022-06-07 09:55:00,925,920,925,920,0
2022-06-07 09:56:00,920,920,920,920,4000
2022-06-07 09:57:00,920,920,920,920,0
2022-06-07 09:58:00,925,925,925,925,13700
2022-06-07 09:59:00,925,925,925,925,3000
2022-06-07 10:00:00,925,925,925,925,0
2022-06-07 10:01:00,925,925,925,925,2300
2022-06-07 10:02:00,925,925,925,925,100
2022-06-07 10:03:00,925,925,925,925,0
2022-06-07 10:04:00,925,925,925,925,100
2022-06-07 10:05:00,925,925,925,925,2000
2022-06-07 10:06:00,925,925,925,925,0
2022-06-07 10:07:00,925,925,925,925,0
2022-06-07 10:08:00,925,925,925,925,300
2022-06-07 10:09:00,925,925,925,925,2000
2022-06-07 10:10:00,925,925,925,925,0
2022-06-07 10:11:00,925,925,925,925,200
2022-06-07 10:12:00,925,925,925,925,0
2022-06-07 10:13:00,925,925,925,925,0
2022-06-07 10:14:00,925,925,925,925,5000
2022-06-07 10:15:00,930,930,930,930,100
2022-06-07 10:16:00,930,925,930,925,1100
2022-06-07 10:17:00,930,925,930,925,0
2022-06-07 10:18:00,925,925,925,925,10000
2022-06-07 10:19:00,925,925,925,925,0
2022-06-07 10:20:00,925,925,925,925,0
2022-06-07 10:21:00,925,925,925,925,0
2022-06-07 10:22:00,925,925,925,925,100
2022-06-07 10:23:00,925,925,925,925,1000
2022-06-07 10:24:00,925,925,925,925,0
2022-06-07 10:25:00,925,925,925,925,0
2022-06-07 10:26:00,925,925,925,925,0
2022-06-07 10:27:00,925,925,925,925,0
2022-06-07 10:28:00,925,925,925,925,0
2022-06-07 10:29:00,925,925,925,925,0
2022-06-07 10:30:00,925,925,925,925,2500
2022-06-07 10:31:00,925,925,925,925,0
2022-06-07 10:32:00,925,925,925,925,0
2022-06-07 10:33:00,925,925,930,930,600
2022-06-07 10:34:00,925,925,930,930,0
2022-06-07 10:35:00,930,930,930,930,100
2022-06-07 10:36:00,930,930,930,930,0
2022-06-07 10:37:00,930,930,930,930,0
2022-06-07 10:38:00,930,930,930,930,0
2022-06-07 10:39:00,930,930,930,930,0
2022-06-07 10:40:00,930,930,930,930,0
2022-06-07 10:41:00,930,930,930,930,0
2022-06-07 10:42:00,930,930,930,930,1600
2022-06-07 10:43:00,930,930,930,930,0
2022-06-07 10:44:00,930,930,930,930,0
2022-06-07 10:45:00,930,930,930,930,0
2022-06-07 10:46:00,930,930,930,930,0
2022-06-07 10:47:00,930,930,930,930,0
2022-06-07 10:48:00,930,930,930,930,0
2022-06-07 10:49:00,925,925,925,925,6000
2022-06-07 10:50:00,925,925,925,925,300
2022-06-07 10:51:00,925,925,925,925,0
2022-06-07 10:52:00,925,925,925,925,0
2022-06-07 10:53:00,925,925,925,925,0
2022-06-07 10:54:00,925,925,925,925,0
2022-06-07 10:55:00,925,925,925,925,0
2022-06-07 10:56:00,930,930,930,930,2000
2022-06-07 10:57:00,930,930,930,930,0
2022-06-07 10:58:00,930,930,930,930,17000
2022-06-07 10:59:00,930,930,930,930,0
2022-06-07 11:00:00,930,930,930,930,0
2022-06-07 11:01:00,930,930,930,930,0
2022-06-07 11:02:00,930,930,930,930,4000
2022-06-07 11:03:00,930,930,930,930,0
2022-06-07 11:04:00,930,930,930,930,0
2022-06-07 11:05:00,930,930,930,930,0
2022-06-07 11:06:00,930,930,930,930,1500
2022-06-07 11:07:00,930,930,930,930,0
2022-06-07 11:08:00,930,930,930,930,0
2022-06-07 11:09:00,930,930,930,930,0
2022-06-07 11:10:00,930,930,930,930,0
2022-06-07 11:11:00,930,930,930,930,0
2022-06-07 11:12:00,930,930,930,930,0
2022-06-07 11:13:00,930,930,930,930,0
2022-06-07 11:14:00,935,930,935,930,13700
2022-06-07 11:15:00,935,930,935,930,0
2022-06-07 11:16:00,935,930,935,930,0
2022-06-07 11:17:00,935,930,935,930,0
2022-06-07 11:18:00,935,930,935,930,0
2022-06-07 11:19:00,935,930,935,930,0
2022-06-07 11:20:00,935,930,935,930,0
2022-06-07 11:21:00,935,930,935,930,0
2022-06-07 11:22:00,935,930,935,935,237400
2022-06-07 11:23:00,935,930,935,935,0
2022-06-07 11:24:00,935,930,935,935,0
2022-06-07 11:25:00,935,930,935,935,0
2022-06-07 11:26:00,935,930,935,935,0
2022-06-07 11:27:00,935,930,935,935,0
2022-06-07 11:28:00,935,930,935,935,0
2022-06-07 11:29:00,935,930,935,935,0
2022-06-07 11:30:00,935,930,935,935,0
2022-06-07 11:31:00,935,930,935,935,0
2022-06-07 11:32:00,935,930,935,935,0
2022-06-07 11:33:00,935,930,935,935,0
2022-06-07 11:34:00,935,930,935,935,0
2022-06-07 11:35:00,935,930,935,935,0
2022-06-07 11:36:00,935,930,935,935,0
2022-06-07 11:37:00,935,930,935,935,0
2022-06-07 11:38:00,935,930,935,935,0
2022-06-07 11:39:00,935,930,935,935,0
2022-06-07 11:40:00,935,930,935,935,0
2022-06-07 11:41:00,935,930,935,935,0
2022-06-07 11:42:00,935,930,935,935,0
2022-06-07 11:43:00,935,930,935,935,0
2022-06-07 11:44:00,935,930,935,935,0
2022-06-07 11:45:00,935,930,935,935,0
2022-06-07 11:46:00,935,930,935,935,0
2022-06-07 11:47:00,935,930,935,935,0
2022-06-07 11:48:00,935,930,935,935,0
2022-06-07 11:49:00,935,930,935,935,0
2022-06-07 11:50:00,935,930,935,935,0
2022-06-07 11:51:00,935,930,935,935,0
2022-06-07 11:52:00,935,930,935,935,0
2022-06-07 11:53:00,935,930,935,935,0
2022-06-07 11:54:00,935,930,935,935,0
2022-06-07 11:55:00,935,930,935,935,0
2022-06-07 11:56:00,935,930,935,935,0
2022-06-07 11:57:00,935,930,935,935,0
2022-06-07 11:58:00,935,930,935,935,0
2022-06-07 11:59:00,935,930,935,935,0
2022-06-07 12:00:00,935,930,935,935,0
2022-06-07 12:01:00,935,930,935,935,0
2022-06-07 12:02:00,935,930,935,935,0
2022-06-07 12:03:00,935,930,935,935,0
2022-06-07 12:04:00,935,930,935,935,0
2022-06-07 12:05:00,935,930,935,935,0
2022-06-07 12:06:00,935,930,935,935,0
2022-06-07 12:07:00,935,930,935,935,0
2022-06-07 12:08:00,935,930,935,935,0
2022-06-07 12:09:00,935,930,935,935,0
2022-06-07 12:10:00,935,930,935,935,0
2022-06-07 12:11:00,935,930,935,935,0
2022-06-07 12:12:00,935,930,935,935,0
2022-06-07 12:13:00,935,930,935,935,0
2022-06-07 12:14:00,935,930,935,935,0
2022-06-07 12:15:00,935,930,935,935,0
2022-06-07 12:16:00,935,930,935,935,0
2022-06-07 12:17:00,935,930,935,935,0
2022-06-07 12:18:00,935,930,935,935,0
2022-06-07 12:19:00,935,930,935,935,0
2022-06-07 12:20:00,935,930,935,935,0
2022-06-07 12:21:00,935,930,935,935,0
2022-06-07 12:22:00,935,930,935,935,0
2022-06-07 12:23:00,935,930,935,935,0
2022-06-07 12:24:00,935,930,935,935,0
2022-06-07 12:25:00,935,930,935,935,0
2022-06-07 12:26:00,935,930,935,935,0
2022-06-07 12:27:00,935,930,935,935,0
2022-06-07 12:28:00,935,930,935,935,0
2022-06-07 12:29:00,935,930,935,935,0
2022-06-07 12:30:00,935,930,935,935,0
2022-06-07 12:31:00,935,930,935,935,0
2022-06-07 12:32:00,935,930,935,935,0
2022-06-07 12:33:00,935,930,935,935,0
2022-06-07 12:34:00,935,930,935,935,0
2022-06-07 12:35:00,935,930,935,935,0
2022-06-07 12:36:00,935,930,935,935,0
2022-06-07 12:37:00,935,930,935,935,0
2022-06-07 12:38:00,935,930,935,935,0
2022-06-07 12:39:00,935,930,935,935,0
2022-06-07 12:40:00,935,930,935,935,0
2022-06-07 12:41:00,935,930,935,935,0
2022-06-07 12:42:00,935,930,935,935,0
2022-06-07 12:43:00,935,930,935,935,0
2022-06-07 12:44:00,935,930,935,935,0
2022-06-07 12:45:00,935,930,935,935,0
2022-06-07 12:46:00,935,930,935,935,0
2022-06-07 12:47:00,935,930,935,935,0
2022-06-07 12:48:00,935,930,935,935,0
2022-06-07 12:49:00,935,930,935,935,0
2022-06-07 12:50:00,935,930,935,935,0
2022-06-07 12:51:00,935,930,935,935,0
2022-06-07 12:52:00,935,930,935,935,0
2022-06-07 12:53:00,935,930,935,935,0
2022-06-07 12:54:00,935,930,935,935,0
2022-06-07 12:55:00,935,930,935,935,0
2022-06-07 12:56:00,935,930,935,935,0
2022-06-07 12:57:00,935,930,935,935,0
2022-06-07 12:58:00,935,930,935,935,0
2022-06-07 12:59:00,935,930,935,935,0
2022-06-07 13:00:00,935,930,935,935,0
2022-06-07 13:01:00,935,930,935,935,0
2022-06-07 13:02:00,935,930,935,935,0
2022-06-07 13:03:00,935,930,935,935,0
2022-06-07 13:04:00,935,930,935,935,0
2022-06-07 13:05:00,935,930,935,935,0
2022-06-07 13:06:00,935,930,935,935,0
2022-06-07 13:07:00,935,930,935,935,0
2022-06-07 13:08:00,935,930,935,935,0
2022-06-07 13:09:00,935,930,935,935,0
2022-06-07 13:10:00,935,930,935,935,0
2022-06-07 13:11:00,935,930,935,935,0
2022-06-07 13:12:00,935,930,935,935,0
2022-06-07 13:13:00,935,930,935,935,0
2022-06-07 13:14:00,935,930,935,935,0
2022-06-07 13:15:00,935,930,935,935,0
2022-06-07 13:16:00,935,930,935,935,0
2022-06-07 13:17:00,935,930,935,935,0
2022-06-07 13:18:00,935,930,935,935,0
2022-06-07 13:19:00,935,930,935,935,0
2022-06-07 13:20:00,935,930,935,935,0
2022-06-07 13:21:00,935,930,935,935,0
2022-06-07 13:22:00,935,930,935,935,0
2022-06-07 13:23:00,935,930,935,935,0
2022-06-07 13:24:00,935,930,935,935,0
2022-06-07 13:25:00,935,930,935,935,0
2022-06-07 13:26:00,935,930,935,935,0
2022-06-07 13:27:00,935,930,935,935,0
2022-06-07 13:28:00,935,930,935,935,0
2022-06-07 13:29:00,935,930,935,935,0
2022-06-07 13:30:00,940,935,950,940,128800
2022-06-07 13:31:00,940,935,950,940,0
2022-06-07 13:32:00,950,950,960,955,100100
2022-06-07 13:33:00,950,950,960,955,0
2022-06-07 13:34:00,950,950,960,955,0
2022-06-07 13:35:00,955,955,955,955,1000
2022-06-07 13:36:00,955,955,955,955,0
2022-06-07 13:37:00,955,955,955,955,0
2022-06-07 13:38:00,955,955,955,955,0
2022-06-07 13:39:00,950,950,950,950,500
2022-06-07 13:40:00,950,950,950,950,0
2022-06-07 13:41:00,955,950,955,950,900
2022-06-07 13:42:00,950,950,955,955,1000
2022-06-07 13:43:00,950,950,955,955,0
2022-06-07 13:44:00,955,950,955,950,15200
2022-06-07 13:45:00,950,950,950,950,100
2022-06-07 13:46:00,950,950,950,950,0
2022-06-07 13:47:00,950,950,950,950,100
2022-06-07 13:48:00,955,955,960,960,7200
2022-06-07 13:49:00,955,955,960,960,0
2022-06-07 13:50:00,955,955,960,960,0
2022-06-07 13:51:00,955,955,960,960,0
2022-06-07 13:52:00,955,955,960,960,0
2022-06-07 13:53:00,950,950,950,950,500
2022-06-07 13:54:00,950,950,950,950,0
2022-06-07 13:55:00,950,950,950,950,300
2022-06-07 13:56:00,955,950,955,950,7400
2022-06-07 13:57:00,960,960,960,960,15000
2022-06-07 13:58:00,960,960,960,960,0
2022-06-07 13:59:00,955,955,955,955,100
2022-06-07 14:00:00,955,955,955,955,2000
2022-06-07 14:01:00,955,955,955,955,0
2022-06-07 14:02:00,955,955,955,955,0
2022-06-07 14:03:00,960,960,960,960,6800
2022-06-07 14:04:00,960,960,960,960,0
2022-06-07 14:05:00,960,960,960,960,0
2022-06-07 14:06:00,960,960,960,960,4000
2022-06-07 14:07:00,955,955,955,955,3100
2022-06-07 14:08:00,955,955,955,955,0
2022-06-07 14:09:00,955,955,955,955,1800
2022-06-07 14:10:00,950,950,950,950,400
2022-06-07 14:11:00,950,950,950,950,0
2022-06-07 14:12:00,950,950,950,950,0
2022-06-07 14:13:00,950,950,950,950,0
2022-06-07 14:14:00,950,950,950,950,0
2022-06-07 14:15:00,950,950,950,950,0
2022-06-07 14:16:00,950,950,950,950,0
2022-06-07 14:17:00,955,950,955,950,5900
2022-06-07 14:18:00,955,945,960,945,146600
2022-06-07 14:19:00,955,945,960,945,0
2022-06-07 14:20:00,955,945,960,945,0
2022-06-07 14:21:00,955,945,960,945,0
2022-06-07 14:22:00,955,945,960,945,0
2022-06-07 14:23:00,945,945,955,955,2100
2022-06-07 14:24:00,945,945,955,955,0
2022-06-07 14:25:00,955,945,955,945,2500
2022-06-07 14:26:00,955,945,955,945,0
2022-06-07 14:27:00,950,950,950,950,100
2022-06-07 14:28:00,950,950,950,950,100
2022-06-07 14:29:00,950,950,950,950,1200
2022-06-07 14:30:00,950,950,950,950,510700
2022-06-07 14:31:00,950,950,950,950,0
2022-06-07 14:32:00,950,950,950,950,0
2022-06-07 14:33:00,950,950,950,950,2200
2022-06-07 14:34:00,950,950,955,955,4100
2022-06-07 14:35:00,950,950,955,955,0
2022-06-07 14:36:00,950,950,955,955,0
2022-06-07 14:37:00,950,950,955,955,0
2022-06-07 14:38:00,950,950,955,955,0
2022-06-07 14:39:00,950,950,955,955,0
2022-06-07 14:40:00,950,950,955,955,0
2022-06-07 14:41:00,950,950,955,955,0
2022-06-07 14:42:00,950,950,955,955,0
2022-06-07 14:43:00,950,950,950,950,100
2022-06-07 14:44:00,950,950,950,950,0
2022-06-07 14:45:00,945,945,945,945,10000
2022-06-07 14:46:00,945,945,945,945,0
2022-06-07 14:47:00,945,945,945,945,0
2022-06-07 14:48:00,945,945,945,945,0
2022-06-07 14:49:00,950,950,950,950,1000
2022-06-07 14:50:00,950,950,950,950,0
2022-06-07 14:51:00,950,950,950,950,0
2022-06-07 14:52:00,950,950,950,950,0
2022-06-07 14:53:00,950,950,950,950,0
2022-06-07 14:54:00,950,950,950,950,0
2022-06-07 14:55:00,950,950,950,950,0
2022-06-07 14:56:00,950,950,950,950,0
2022-06-07 14:57:00,950,950,950,950,0
2022-06-07 14:58:00,950,950,950,950,0
2022-06-07 14:59:00,950,950,950,950,0
2022-06-07 15:00:00,950,950,950,950,10000
2022-06-07 15:01:00,950,950,950,950,1200
2022-06-07 15:02:00,950,950,950,950,8200
2022-06-07 15:03:00,950,950,950,950,0
2022-06-07 15:04:00,950,950,950,950,4000
2022-06-07 15:05:00,950,950,950,950,0
2022-06-07 15:06:00,950,950,950,950,0
2022-06-07 15:07:00,950,950,950,950,1000
2022-06-07 15:08:00,950,950,950,950,1200
2022-06-07 15:09:00,950,950,950,950,500
2022-06-07 15:10:00,950,950,950,950,2900
2022-06-07 15:11:00,950,950,950,950,0
2022-06-07 15:12:00,950,950,950,950,0
2022-06-07 15:13:00,950,950,950,950,0
2022-06-07 15:14:00,950,950,950,950,0
2022-06-07 15:15:00,950,950,950,950,0
2022-06-07 15:16:00,950,950,950,950,0
2022-06-07 15:17:00,950,950,950,950,0
2022-06-07 15:18:00,950,950,950,950,0
2022-06-07 15:19:00,950,950,950,950,0
2022-06-07 15:20:00,950,950,950,950,0
2022-06-07 15:21:00,950,950,950,950,0
2022-06-07 15:22:00,950,950,950,950,0
2022-06-07 15:23:00,950,950,950,950,0
2022-06-07 15:24:00,950,950,950,950,0
2022-06-07 15:25:00,950,950,950,950,0
2022-06-07 15:26:00,950,950,950,950,0
2022-06-07 15:27:00,950,950,950,950,0
2022-06-07 15:28:00,950,950,950,950,0
2022-06-07 15:29:00,950,950,950,950,0
2022-06-07 15:30:00,950,950,950,950,0
2022-06-07 15:31:00,950,950,950,950,0
2022-06-07 15:32:00,950,950,950,950,0
2022-06-07 15:33:00,950,950,950,950,0
2022-06-07 15:34:00,950,950,950,950,0
2022-06-07 15:35:00,950,950,950,950,0
2022-06-07 15:36:00,950,950,950,950,0
2022-06-07 15:37:00,950,950,950,950,0
2022-06-07 15:38:00,950,950,950,950,0
2022-06-07 15:39:00,950,950,950,950,0
2022-06-07 15:40:00,950,950,950,950,0
2022-06-07 15:41:00,950,950,950,950,0
2022-06-07 15:42:00,950,950,950,950,0
2022-06-07 15:43:00,950,950,950,950,0
2022-06-07 15:44:00,950,950,950,950,0
2022-06-07 15:45:00,950,950,950,950,0
2022-06-07 15:46:00,950,950,950,950,0
2022-06-07 15:47:00,950,950,950,950,0
2022-06-07 15:48:00,950,950,950,950,0
2022-06-07 15:49:00,950,950,950,950,0
2022-06-07 15:50:00,950,950,950,950,0
2022-06-07 15:51:00,950,950,950,950,0
2022-06-07 15:52:00,950,950,950,950,0
2022-06-07 15:53:00,950,950,950,950,0
2022-06-07 15:54:00,950,950,950,950,0
2022-06-07 15:55:00,950,950,950,950,0
2022-06-07 15:56:00,950,950,950,950,0
2022-06-07 15:57:00,950,950,950,950,0
2022-06-07 15:58:00,950,950,950,950,0
2022-06-07 15:59:00,950,950,950,950,0
2022-06-08 09:00:00,955,955,975,955,0
2022-06-08 09:01:00,955,955,955,955,1000
2022-06-08 09:02:00,950,950,950,950,5200
2022-06-08 09:03:00,950,950,950,950,0
2022-06-08 09:04:00,955,945,965,945,100900
2022-06-08 09:05:00,955,945,965,945,0
2022-06-08 09:06:00,955,945,965,945,0
2022-06-08 09:07:00,955,945,965,945,0
2022-06-08 09:08:00,955,945,965,945,0
2022-06-08 09:09:00,955,945,965,945,0
2022-06-08 09:10:00,955,945,965,945,0
2022-06-08 09:11:00,955,945,965,945,0
2022-06-08 09:12:00,955,945,965,945,0
2022-06-08 09:13:00,955,945,965,945,0
2022-06-08 09:14:00,955,945,965,945,0
2022-06-08 09:15:00,955,945,965,945,0
2022-06-08 09:16:00,955,945,965,945,0
2022-06-08 09:17:00,955,945,965,945,0
2022-06-08 09:18:00,955,945,965,945,0
2022-06-08 09:19:00,955,945,965,945,0
2022-06-08 09:20:00,955,945,965,945,0
2022-06-08 09:21:00,950,950,950,950,1000
2022-06-08 09:22:00,950,950,950,950,0
2022-06-08 09:23:00,955,955,960,960,3700
2022-06-08 09:24:00,960,960,960,960,21500
2022-06-08 09:25:00,960,950,960,950,9100
2022-06-08 09:26:00,960,950,960,950,0
2022-06-08 09:27:00,950,950,950,950,36000
2022-06-08 09:28:00,950,950,950,950,0
2022-06-08 09:29:00,950,950,950,950,0
2022-06-08 09:30:00,950,950,950,950,0
2022-06-08 09:31:00,950,950,950,950,0
2022-06-08 09:32:00,950,950,950,950,0
2022-06-08 09:33:00,950,950,950,950,400
2022-06-08 09:34:00,950,950,950,950,1000
2022-06-08 09:35:00,950,950,950,950,0
2022-06-08 09:36:00,950,950,950,950,0
2022-06-08 09:37:00,950,950,950,950,0
2022-06-08 09:38:00,950,950,950,950,2000
2022-06-08 09:39:00,950,950,950,950,0
2022-06-08 09:40:00,950,950,950,950,0
2022-06-08 09:41:00,950,950,950,950,0
2022-06-08 09:42:00,950,950,950,950,0
2022-06-08 09:43:00,955,955,955,955,50000
2022-06-08 09:44:00,955,955,955,955,0
2022-06-08 09:45:00,955,955,955,955,0
2022-06-08 09:46:00,955,955,955,955,0
2022-06-08 09:47:00,955,955,955,955,0
2022-06-08 09:48:00,955,955,955,955,0
2022-06-08 09:49:00,955,955,955,955,0
2022-06-08 09:50:00,955,955,955,955,0
2022-06-08 09:51:00,955,955,955,955,0
2022-06-08 09:52:00,955,955,955,955,0
2022-06-08 09:53:00,955,955,955,955,0
2022-06-08 09:54:00,955,955,955,955,19000
2022-06-08 09:55:00,955,955,955,955,0
2022-06-08 09:56:00,955,955,955,955,0
2022-06-08 09:57:00,960,960,960,960,100
2022-06-08 09:58:00,960,960,960,960,0
2022-06-08 09:59:00,960,960,960,960,600
2022-06-08 10:00:00,960,960,960,960,0
2022-06-08 10:01:00,960,960,960,960,15100
2022-06-08 10:02:00,960,960,960,960,0
2022-06-08 10:03:00,960,960,960,960,0
2022-06-08 10:04:00,960,960,960,960,1100
2022-06-08 10:05:00,960,960,960,960,0
2022-06-08 10:06:00,965,965,970,970,36100
2022-06-08 10:07:00,970,970,970,970,10700
2022-06-08 10:08:00,970,970,970,970,3200
2022-06-08 10:09:00,970,970,970,970,0
2022-06-08 10:10:00,970,970,970,970,0
2022-06-08 10:11:00,970,970,970,970,0
2022-06-08 10:12:00,970,965,970,965,600
2022-06-08 10:13:00,965,960,965,960,40300
2022-06-08 10:14:00,960,960,960,960,51500
2022-06-08 10:15:00,960,960,960,960,1000
2022-06-08 10:16:00,960,960,960,960,0
2022-06-08 10:17:00,960,960,960,960,1700
2022-06-08 10:18:00,960,960,960,960,0
2022-06-08 10:19:00,960,960,960,960,2000
2022-06-08 10:20:00,960,960,960,960,0
2022-06-08 10:21:00,960,960,960,960,0
2022-06-08 10:22:00,960,960,960,960,0
2022-06-08 10:23:00,960,960,960,960,0
2022-06-08 10:24:00,960,960,960,960,0
2022-06-08 10:25:00,960,960,960,960,0
2022-06-08 10:26:00,960,960,960,960,0
2022-06-08 10:27:00,960,960,960,960,0
2022-06-08 10:28:00,960,960,960,960,0
2022-06-08 10:29:00,960,960,960,960,4400
2022-06-08 10:30:00,960,960,960,960,600
2022-06-08 10:31:00,965,965,965,965,51200
2022-06-08 10:32:00,970,970,985,985,191100
2022-06-08 10:33:00,985,985,985,985,433900
2022-06-08 10:34:00,985,985,1010,1010,609700
2022-06-08 10:35:00,1010,1010,1020,1020,389400
2022-06-08 10:36:00,1015,1000,1020,1000,285900
2022-06-08 10:37:00,1000,1000,1015,1010,198500
2022-06-08 10:38:00,1010,1010,1030,1020,55600
2022-06-08 10:39:00,1020,1020,1030,1020,121800
2022-06-08 10:40:00,1020,1010,1020,1015,93400
2022-06-08 10:41:00,1015,1015,1020,1020,22000
2022-06-08 10:42:00,1015,1015,1015,1015,5900
2022-06-08 10:43:00,1015,1015,1025,1025,11200
2022-06-08 10:44:00,1025,1025,1035,1025,78800
2022-06-08 10:45:00,1025,1025,1040,1035,68200
2022-06-08 10:46:00,1035,1030,1040,1030,271800
2022-06-08 10:47:00,1030,1030,1050,1045,298900
2022-06-08 10:48:00,1045,1040,1050,1045,158700
2022-06-08 10:49:00,1045,1040,1050,1050,35800
2022-06-08 10:50:00,1050,1040,1050,1040,113500
2022-06-08 10:51:00,1040,1040,1045,1045,128100
2022-06-08 10:52:00,1045,1040,1055,1045,640900
2022-06-08 10:53:00,1045,1040,1050,1045,166400
2022-06-08 10:54:00,1045,1045,1075,1070,481300
2022-06-08 10:55:00,1075,1065,1075,1065,174900
2022-06-08 10:56:00,1065,1060,1070,1065,135200
2022-06-08 10:57:00,1065,1065,1075,1075,501700
2022-06-08 10:58:00,1075,1055,1075,1055,298400
2022-06-08 10:59:00,1055,1050,1055,1050,67900
2022-06-08 11:00:00,1050,1050,1060,1060,175400
2022-06-08 11:01:00,1060,1055,1060,1060,46000
2022-06-08 11:02:00,1060,1060,1065,1065,374600
2022-06-08 11:03:00,1065,1055,1065,1060,136500
2022-06-08 11:04:00,1060,1055,1060,1055,306800
2022-06-08 11:05:00,1055,1055,1060,1060,383700
2022-06-08 11:06:00,1060,1055,1060,1060,360800
2022-06-08 11:07:00,1060,1050,1065,1060,101800
2022-06-08 11:08:00,1060,1060,1065,1065,331000
2022-06-08 11:09:00,1065,1060,1065,1060,11000
2022-06-08 11:10:00,1055,1045,1055,1045,334200
2022-06-08 11:11:00,1045,1040,1045,1040,51200
2022-06-08 11:12:00,1035,1030,1040,1030,13100
2022-06-08 11:13:00,1030,1015,1030,1025,50900
2022-06-08 11:14:00,1030,1030,1050,1045,121300
2022-06-08 11:15:00,1040,1040,1050,1045,27200
2022-06-08 11:16:00,1045,1045,1045,1045,5100
2022-06-08 11:17:00,1045,1045,1050,1045,26700
2022-06-08 11:18:00,1045,1045,1045,1045,35700
2022-06-08 11:19:00,1040,1040,1045,1045,33600
2022-06-08 11:20:00,1045,1045,1045,1045,500
2022-06-08 11:21:00,1045,1045,1045,1045,0
2022-06-08 11:22:00,1045,1045,1045,1045,0
2022-06-08 11:23:00,1045,1045,1045,1045,1100
2022-06-08 11:24:00,1050,1045,1050,1045,800
2022-06-08 11:25:00,1045,1045,1045,1045,9200
2022-06-08 11:26:00,1040,1040,1045,1040,54400
2022-06-08 11:27:00,1035,1035,1035,1035,6000
2022-06-08 11:28:00,1035,1035,1035,1035,1700
2022-06-08 11:29:00,1035,1035,1040,1040,5600
2022-06-08 11:30:00,1035,1035,1040,1040,0
2022-06-08 11:31:00,1035,1035,1040,1040,0
2022-06-08 11:32:00,1035,1035,1040,1040,0
2022-06-08 11:33:00,1035,1035,1040,1040,0
2022-06-08 11:34:00,1035,1035,1040,1040,0
2022-06-08 11:35:00,1035,1035,1040,1040,0
2022-06-08 11:36:00,1035,1035,1040,1040,0
2022-06-08 11:37:00,1035,1035,1040,1040,0
2022-06-08 11:38:00,1035,1035,1040,1040,0
2022-06-08 11:39:00,1035,1035,1040,1040,0
2022-06-08 11:40:00,1035,1035,1040,1040,0
2022-06-08 11:41:00,1035,1035,1040,1040,0
2022-06-08 11:42:00,1035,1035,1040,1040,0
2022-06-08 11:43:00,1035,1035,1040,1040,0
2022-06-08 11:44:00,1035,1035,1040,1040,0
2022-06-08 11:45:00,1035,1035,1040,1040,0
2022-06-08 11:46:00,1035,1035,1040,1040,0
2022-06-08 11:47:00,1035,1035,1040,1040,0
2022-06-08 11:48:00,1035,1035,1040,1040,0
2022-06-08 11:49:00,1035,1035,1040,1040,0
2022-06-08 11:50:00,1035,1035,1040,1040,0
2022-06-08 11:51:00,1035,1035,1040,1040,0
2022-06-08 11:52:00,1035,1035,1040,1040,0
2022-06-08 11:53:00,1035,1035,1040,1040,0
2022-06-08 11:54:00,1035,1035,1040,1040,0
2022-06-08 11:55:00,1035,1035,1040,1040,0
2022-06-08 11:56:00,1035,1035,1040,1040,0
2022-06-08 11:57:00,1035,1035,1040,1040,0
2022-06-08 11:58:00,1035,1035,1040,1040,0
2022-06-08 11:59:00,1035,1035,1040,1040,0
2022-06-08 12:00:00,1035,1035,1040,1040,0
2022-06-08 12:01:00,1035,1035,1040,1040,0
2022-06-08 12:02:00,1035,1035,1040,1040,0
2022-06-08 12:03:00,1035,1035,1040,1040,0
2022-06-08 12:04:00,1035,1035,1040,1040,0
2022-06-08 12:05:00,1035,1035,1040,1040,0
2022-06-08 12:06:00,1035,1035,1040,1040,0
2022-06-08 12:07:00,1035,1035,1040,1040,0
2022-06-08 12:08:00,1035,1035,1040,1040,0
2022-06-08 12:09:00,1035,1035,1040,1040,0
2022-06-08 12:10:00,1035,1035,1040,1040,0
2022-06-08 12:11:00,1035,1035,1040,1040,0
2022-06-08 12:12:00,1035,1035,1040,1040,0
2022-06-08 12:13:00,1035,1035,1040,1040,0
2022-06-08 12:14:00,1035,1035,1040,1040,0
2022-06-08 12:15:00,1035,1035,1040,1040,0
2022-06-08 12:16:00,1035,1035,1040,1040,0
2022-06-08 12:17:00,1035,1035,1040,1040,0
2022-06-08 12:18:00,1035,1035,1040,1040,0
2022-06-08 12:19:00,1035,1035,1040,1040,0
2022-06-08 12:20:00,1035,1035,1040,1040,0
2022-06-08 12:21:00,1035,1035,1040,1040,0
2022-06-08 12:22:00,1035,1035,1040,1040,0
2022-06-08 12:23:00,1035,1035,1040,1040,0
2022-06-08 12:24:00,1035,1035,1040,1040,0
2022-06-08 12:25:00,1035,1035,1040,1040,0
2022-06-08 12:26:00,1035,1035,1040,1040,0
2022-06-08 12:27:00,1035,1035,1040,1040,0
2022-06-08 12:28:00,1035,1035,1040,1040,0
2022-06-08 12:29:00,1035,1035,1040,1040,0
2022-06-08 12:30:00,1035,1035,1040,1040,0
2022-06-08 12:31:00,1035,1035,1040,1040,0
2022-06-08 12:32:00,1035,1035,1040,1040,0
2022-06-08 12:33:00,1035,1035,1040,1040,0
2022-06-08 12:34:00,1035,1035,1040,1040,0
2022-06-08 12:35:00,1035,1035,1040,1040,0
2022-06-08 12:36:00,1035,1035,1040,1040,0
2022-06-08 12:37:00,1035,1035,1040,1040,0
2022-06-08 12:38:00,1035,1035,1040,1040,0
2022-06-08 12:39:00,1035,1035,1040,1040,0
2022-06-08 12:40:00,1035,1035,1040,1040,0
2022-06-08 12:41:00,1035,1035,1040,1040,0
2022-06-08 12:42:00,1035,1035,1040,1040,0
2022-06-08 12:43:00,1035,1035,1040,1040,0
2022-06-08 12:44:00,1035,1035,1040,1040,0
2022-06-08 12:45:00,1035,1035,1040,1040,0
2022-06-08 12:46:00,1035,1035,1040,1040,0
2022-06-08 12:47:00,1035,1035,1040,1040,0
2022-06-08 12:48:00,1035,1035,1040,1040,0
2022-06-08 12:49:00,1035,1035,1040,1040,0
2022-06-08 12:50:00,1035,1035,1040,1040,0
2022-06-08 12:51:00,1035,1035,1040,1040,0
2022-06-08 12:52:00,1035,1035,1040,1040,0
2022-06-08 12:53:00,1035,1035,1040,1040,0
2022-06-08 12:54:00,1035,1035,1040,1040,0
2022-06-08 12:55:00,1035,1035,1040,1040,0
2022-06-08 12:56:00,1035,1035,1040,1040,0
2022-06-08 12:57:00,1035,1035,1040,1040,0
2022-06-08 12:58:00,1035,1035,1040,1040,0
2022-06-08 12:59:00,1035,1035,1040,1040,0
2022-06-08 13:00:00,1035,1035,1040,1040,0
2022-06-08 13:01:00,1035,1035,1040,1040,0
2022-06-08 13:02:00,1035,1035,1040,1040,0
2022-06-08 13:03:00,1035,1035,1040,1040,0
2022-06-08 13:04:00,1035,1035,1040,1040,0
2022-06-08 13:05:00,1035,1035,1040,1040,0
2022-06-08 13:06:00,1035,1035,1040,1040,0
2022-06-08 13:07:00,1035,1035,1040,1040,0
2022-06-08 13:08:00,1035,1035,1040,1040,0
2022-06-08 13:09:00,1035,1035,1040,1040,0
2022-06-08 13:10:00,1035,1035,1040,1040,0
2022-06-08 13:11:00,1035,1035,1040,1040,0
2022-06-08 13:12:00,1035,1035,1040,1040,0
2022-06-08 13:13:00,1035,1035,1040,1040,0
2022-06-08 13:14:00,1035,1035,1040,1040,0
2022-06-08 13:15:00,1035,1035,1040,1040,0
2022-06-08 13:16:00,1035,1035,1040,1040,0
2022-06-08 13:17:00,1035,1035,1040,1040,0
2022-06-08 13:18:00,1035,1035,1040,1040,0
2022-06-08 13:19:00,1035,1035,1040,1040,0
2022-06-08 13:20:00,1035,1035,1040,1040,0
2022-06-08 13:21:00,1035,1035,1040,1040,0
2022-06-08 13:22:00,1035,1035,1040,1040,0
2022-06-08 13:23:00,1035,1035,1040,1040,0
2022-06-08 13:24:00,1035,1035,1040,1040,0
2022-06-08 13:25:00,1035,1035,1040,1040,0
2022-06-08 13:26:00,1035,1035,1040,1040,0
2022-06-08 13:27:00,1035,1035,1040,1040,0
2022-06-08 13:28:00,1035,1035,1040,1040,0
2022-06-08 13:29:00,1035,1035,1040,1040,0
2022-06-08 13:30:00,1035,1035,1040,1035,11400
2022-06-08 13:31:00,1040,1035,1040,1035,200100
2022-06-08 13:32:00,1035,1035,1045,1045,119800
2022-06-08 13:33:00,1045,1045,1045,1045,5100
2022-06-08 13:34:00,1045,1045,1045,1045,0
2022-06-08 13:35:00,1045,1045,1045,1045,100
2022-06-08 13:36:00,1045,1045,1045,1045,2800
2022-06-08 13:37:00,1045,1045,1045,1045,900
2022-06-08 13:38:00,1050,1045,1050,1045,3900
2022-06-08 13:39:00,1040,1040,1050,1050,6300
2022-06-08 13:40:00,1040,1040,1050,1050,0
2022-06-08 13:41:00,1040,1040,1050,1050,0
2022-06-08 13:42:00,1040,1040,1040,1040,4500
2022-06-08 13:43:00,1040,1040,1040,1040,30000
2022-06-08 13:44:00,1040,1040,1045,1045,1500
2022-06-08 13:45:00,1040,1040,1045,1045,0
2022-06-08 13:46:00,1040,1040,1045,1045,0
2022-06-08 13:47:00,1040,1040,1040,1040,3000
2022-06-08 13:48:00,1040,1040,1040,1040,200
2022-06-08 13:49:00,1040,1040,1040,1040,600
2022-06-08 13:50:00,1040,1040,1045,1045,4500
2022-06-08 13:51:00,1050,1050,1050,1050,100
2022-06-08 13:52:00,1050,1050,1050,1050,100
2022-06-08 13:53:00,1050,1050,1050,1050,20000
2022-06-08 13:54:00,1050,1050,1050,1050,0
2022-06-08 13:55:00,1050,1050,1050,1050,11500
2022-06-08 13:56:00,1050,1045,1055,1045,473600
2022-06-08 13:57:00,1045,1045,1045,1045,800
2022-06-08 13:58:00,1045,1045,1055,1050,1700
2022-06-08 13:59:00,1050,1050,1050,1050,100
2022-06-08 14:00:00,1050,1050,1050,1050,200
2022-06-08 14:01:00,1050,1050,1055,1050,9100
2022-06-08 14:02:00,1050,1050,1055,1055,2200
2022-06-08 14:03:00,1055,1055,1060,1060,14200
2022-06-08 14:04:00,1055,1050,1055,1050,109800
2022-06-08 14:05:00,1050,1045,1050,1045,4600
2022-06-08 14:06:00,1040,1040,1040,1040,5000
2022-06-08 14:07:00,1040,1040,1040,1040,0
2022-06-08 14:08:00,1040,1040,1040,1040,16100
2022-06-08 14:09:00,1035,1035,1040,1040,2700
2022-06-08 14:10:00,1040,1040,1040,1040,3000
2022-06-08 14:11:00,1040,1040,1040,1040,0
2022-06-08 14:12:00,1040,1040,1040,1040,0
2022-06-08 14:13:00,1040,1040,1040,1040,0
2022-06-08 14:14:00,1040,1040,1040,1040,0
2022-06-08 14:15:00,1040,1040,1045,1045,3100
2022-06-08 14:16:00,1045,1045,1045,1045,37100
2022-06-08 14:17:00,1045,1045,1045,1045,3600
2022-06-08 14:18:00,1045,1045,1045,1045,0
2022-06-08 14:19:00,1045,1045,1045,1045,1000
2022-06-08 14:20:00,1045,1045,1045,1045,900
2022-06-08 14:21:00,1045,1045,1045,1045,0
2022-06-08 14:22:00,1045,1040,1045,1045,3700
2022-06-08 14:23:00,1045,1045,1045,1045,10000
2022-06-08 14:24:00,1045,1045,1045,1045,0
2022-06-08 14:25:00,1045,1045,1045,1045,0
2022-06-08 14:26:00,1045,1045,1045,1045,2700
2022-06-08 14:27:00,1040,1040,1040,1040,17600
2022-06-08 14:28:00,1040,1010,1045,1035,101400
2022-06-08 14:29:00,1030,1030,1035,1035,1000
2022-06-08 14:30:00,1015,1015,1015,1015,100
2022-06-08 14:31:00,1020,1020,1020,1020,9000
2022-06-08 14:32:00,1030,1020,1030,1020,4500
2022-06-08 14:33:00,1020,1020,1020,1020,12200
2022-06-08 14:34:00,1020,1020,1020,1020,2400
2022-06-08 14:35:00,1030,1030,1030,1030,500
2022-06-08 14:36:00,1030,1030,1030,1030,11800
2022-06-08 14:37:00,1030,1030,1030,1030,0
2022-06-08 14:38:00,1030,1030,1030,1030,10000
2022-06-08 14:39:00,1030,1030,1030,1030,31600
2022-06-08 14:40:00,1025,1025,1035,1035,700
2022-06-08 14:41:00,1025,1025,1035,1035,0
2022-06-08 14:42:00,1035,1035,1035,1035,900
2022-06-08 14:43:00,1035,1035,1035,1035,0
2022-06-08 14:44:00,1040,1035,1040,1035,15800
2022-06-08 14:45:00,1035,1035,1060,1060,111700
2022-06-08 14:46:00,1055,1040,1055,1040,500
2022-06-08 14:47:00,1035,1035,1055,1055,2600
2022-06-08 14:48:00,1055,1055,1055,1055,200
2022-06-08 14:49:00,1055,1035,1055,1040,101900
2022-06-08 14:50:00,1055,1035,1055,1040,0
2022-06-08 14:51:00,1055,1035,1055,1040,0
2022-06-08 14:52:00,1055,1035,1055,1040,0
2022-06-08 14:53:00,1055,1035,1055,1040,0
2022-06-08 14:54:00,1055,1035,1055,1040,0
2022-06-08 14:55:00,1055,1035,1055,1040,0
2022-06-08 14:56:00,1055,1035,1055,1040,0
2022-06-08 14:57:00,1055,1035,1055,1040,0
2022-06-08 14:58:00,1055,1035,1055,1040,0
2022-06-08 14:59:00,1055,1035,1055,1040,0
2022-06-08 15:00:00,1020,1020,1020,1020,454900
2022-06-08 15:01:00,1020,1020,1020,1020,227600
2022-06-08 15:02:00,1020,1020,1020,1020,100
2022-06-08 15:03:00,1020,1020,1020,1020,15700
2022-06-08 15:04:00,1020,1020,1020,1020,600
2022-06-08 15:05:00,1020,1020,1020,1020,0
2022-06-08 15:06:00,1020,1020,1020,1020,0
2022-06-08 15:07:00,1020,1020,1020,1020,0
2022-06-08 15:08:00,1020,1020,1020,1020,0
2022-06-08 15:09:00,1020,1020,1020,1020,0
2022-06-08 15:10:00,1020,1020,1020,1020,50000
2022-06-08 15:11:00,1020,1020,1020,1020,0
2022-06-08 15:12:00,1020,1020,1020,1020,0
2022-06-08 15:13:00,1020,1020,1020,1020,0
2022-06-08 15:14:00,1020,1020,1020,1020,1500
2022-06-08 15:15:00,1020,1020,1020,1020,0
2022-06-08 15:16:00,1020,1020,1020,1020,0
2022-06-08 15:17:00,1020,1020,1020,1020,0
2022-06-08 15:18:00,1020,1020,1020,1020,0
2022-06-08 15:19:00,1020,1020,1020,1020,0
2022-06-08 15:20:00,1020,1020,1020,1020,0
2022-06-08 15:21:00,1020,1020,1020,1020,0
2022-06-08 15:22:00,1020,1020,1020,1020,0
2022-06-08 15:23:00,1020,1020,1020,1020,0
2022-06-08 15:24:00,1020,1020,1020,1020,0
2022-06-08 15:25:00,1020,1020,1020,1020,0
2022-06-08 15:26:00,1020,1020,1020,1020,0
2022-06-08 15:27:00,1020,1020,1020,1020,0
2022-06-08 15:28:00,1020,1020,1020,1020,0
2022-06-08 15:29:00,1020,1020,1020,1020,0
2022-06-08 15:30:00,1020,1020,1020,1020,0
2022-06-08 15:31:00,1020,1020,1020,1020,0
2022-06-08 15:32:00,1020,1020,1020,1020,0
2022-06-08 15:33:00,1020,1020,1020,1020,0
2022-06-08 15:34:00,1020,1020,1020,1020,0
2022-06-08 15:35:00,1020,1020,1020,1020,0
2022-06-08 15:36:00,1020,1020,1020,1020,0
2022-06-08 15:37:00,1020,1020,1020,1020,0
2022-06-08 15:38:00,1020,1020,1020,1020,0
2022-06-08 15:39:00,1020,1020,1020,1020,0
2022-06-08 15:40:00,1020,1020,1020,1020,0
2022-06-08 15:41:00,1020,1020,1020,1020,0
2022-06-08 15:42:00,1020,1020,1020,1020,0
2022-06-08 15:43:00,1020,1020,1020,1020,0
2022-06-08 15:44:00,1020,1020,1020,1020,0
2022-06-08 15:45:00,1020,1020,1020,1020,0
2022-06-08 15:46:00,1020,1020,1020,1020,0
2022-06-08 15:47:00,1020,1020,1020,1020,0
2022-06-08 15:48:00,1020,1020,1020,1020,0
2022-06-08 15:49:00,1020,1020,1020,1020,0
2022-06-08 15:50:00,1020,1020,1020,1020,0
2022-06-08 15:51:00,1020,1020,1020,1020,0
2022-06-08 15:52:00,1020,1020,1020,1020,0
2022-06-08 15:53:00,1020,1020,1020,1020,0
2022-06-08 15:54:00,1020,1020,1020,1020,0
2022-06-08 15:55:00,1020,1020,1020,1020,0
2022-06-08 15:56:00,1020,1020,1020,1020,0
2022-06-08 15:57:00,1020,1020,1020,1020,0
2022-06-08 15:58:00,1020,1020,1020,1020,0
2022-06-08 15:59:00,1020,1020,1020,1020,0
2022-06-09 09:00:00,1025,1020,1040,1025,0
2022-06-09 09:01:00,1030,1025,1030,1025,57800
2022-06-09 09:02:00,1030,1030,1030,1030,8800
2022-06-09 09:03:00,1035,1035,1035,1035,2400
2022-06-09 09:04:00,1035,1030,1035,1035,51400
2022-06-09 09:05:00,1035,1035,1035,1035,1600
2022-06-09 09:06:00,1035,1035,1040,1040,15100
2022-06-09 09:07:00,1040,1035,1040,1035,4500
2022-06-09 09:08:00,1035,1035,1035,1035,10100
2022-06-09 09:09:00,1035,1035,1035,1035,1100
2022-06-09 09:10:00,1035,1030,1035,1035,21600
2022-06-09 09:11:00,1030,1030,1030,1030,3400
2022-06-09 09:12:00,1030,1030,1035,1030,81100
2022-06-09 09:13:00,1025,1020,1025,1025,52000
2022-06-09 09:14:00,1025,1025,1025,1025,6000
2022-06-09 09:15:00,1025,1025,1025,1025,21800
2022-06-09 09:16:00,1025,1025,1025,1025,1100
2022-06-09 09:17:00,1025,1025,1025,1025,0
2022-06-09 09:18:00,1025,1020,1025,1025,274400
2022-06-09 09:19:00,1025,1025,1030,1030,182500
2022-06-09 09:20:00,1030,1030,1040,1040,12100
2022-06-09 09:21:00,1025,1025,1025,1025,100
2022-06-09 09:22:00,1030,1025,1030,1025,102800
2022-06-09 09:23:00,1020,1020,1020,1020,4000
2022-06-09 09:24:00,1025,1025,1025,1025,47200
2022-06-09 09:25:00,1030,1030,1030,1030,150000
2022-06-09 09:26:00,1030,1030,1035,1030,85600
2022-06-09 09:27:00,1035,1035,1035,1035,300
2022-06-09 09:28:00,1035,1035,1035,1035,100
2022-06-09 09:29:00,1035,1035,1040,1040,20200
2022-06-09 09:30:00,1035,1035,1035,1035,8500
2022-06-09 09:31:00,1035,1035,1035,1035,12900
2022-06-09 09:32:00,1035,1035,1035,1035,900
2022-06-09 09:33:00,1035,1035,1035,1035,7100
2022-06-09 09:34:00,1040,1040,1040,1040,45000
2022-06-09 09:35:00,1040,1040,1040,1040,1100
2022-06-09 09:36:00,1040,1040,1040,1040,2800
2022-06-09 09:37:00,1045,1040,1045,1040,4600
2022-06-09 09:38:00,1040,1040,1040,1040,2100
2022-06-09 09:39:00,1045,1040,1045,1040,2400
2022-06-09 09:40:00,1040,1040,1040,1040,2300
2022-06-09 09:41:00,1040,1040,1040,1040,30400
2022-06-09 09:42:00,1040,1040,1040,1040,0
2022-06-09 09:43:00,1035,1035,1035,1035,100
2022-06-09 09:44:00,1035,1035,1035,1035,0
2022-06-09 09:45:00,1035,1035,1035,1035,0
2022-06-09 09:46:00,1035,1035,1035,1035,0
2022-06-09 09:47:00,1035,1035,1035,1035,26100
2022-06-09 09:48:00,1035,1035,1035,1035,1100
2022-06-09 09:49:00,1035,1035,1035,1035,0
2022-06-09 09:50:00,1040,1040,1040,1040,5000
2022-06-09 09:51:00,1040,1040,1040,1040,0
2022-06-09 09:52:00,1040,1040,1040,1040,0
2022-06-09 09:53:00,1035,1035,1035,1035,200
2022-06-09 09:54:00,1035,1035,1035,1035,0
2022-06-09 09:55:00,1040,1040,1040,1040,500
2022-06-09 09:56:00,1040,1040,1040,1040,0
2022-06-09 09:57:00,1040,1040,1040,1040,0
2022-06-09 09:58:00,1040,1040,1040,1040,2800
2022-06-09 09:59:00,1035,1035,1035,1035,300
2022-06-09 10:00:00,1040,1040,1040,1040,100
2022-06-09 10:01:00,1040,1040,1040,1040,0
2022-06-09 10:02:00,1040,1040,1040,1040,100
2022-06-09 10:03:00,1040,1040,1040,1040,0
2022-06-09 10:04:00,1040,1040,1040,1040,500
2022-06-09 10:05:00,1040,1040,1040,1040,0
2022-06-09 10:06:00,1040,1040,1040,1040,0
2022-06-09 10:07:00,1040,1040,1040,1040,0
2022-06-09 10:08:00,1040,1040,1040,1040,0
2022-06-09 10:09:00,1040,1040,1040,1040,1400
2022-06-09 10:10:00,1040,1040,1040,1040,0
2022-06-09 10:11:00,1040,1040,1040,1040,0
2022-06-09 10:12:00,1040,1040,1040,1040,100
2022-06-09 10:13:00,1035,1035,1040,1040,10200
2022-06-09 10:14:00,1040,1035,1040,1035,400
2022-06-09 10:15:00,1035,1035,1040,1040,4700
2022-06-09 10:16:00,1040,1040,1040,1040,300
2022-06-09 10:17:00,1040,1040,1040,1040,0
2022-06-09 10:18:00,1040,1040,1040,1040,0
2022-06-09 10:19:00,1040,1040,1040,1040,0
2022-06-09 10:20:00,1040,1040,1040,1040,0
2022-06-09 10:21:00,1040,1040,1040,1040,200
2022-06-09 10:22:00,1040,1040,1040,1040,0
2022-06-09 10:23:00,1040,1040,1040,1040,0
2022-06-09 10:24:00,1040,1040,1040,1040,0
2022-06-09 10:25:00,1040,1040,1040,1040,0
2022-06-09 10:26:00,1040,1040,1040,1040,0
2022-06-09 10:27:00,1035,1035,1035,1035,100
2022-06-09 10:28:00,1035,1035,1035,1035,0
2022-06-09 10:29:00,1035,1035,1035,1035,0
2022-06-09 10:30:00,1035,1035,1035,1035,0
2022-06-09 10:31:00,1040,1040,1040,1040,1492300
2022-06-09 10:32:00,1040,1040,1040,1040,0
2022-06-09 10:33:00,1040,1040,1040,1040,0
2022-06-09 10:34:00,1035,1035,1035,1035,100
2022-06-09 10:35:00,1040,1040,1040,1040,2100
2022-06-09 10:36:00,1040,1040,1040,1040,6100
2022-06-09 10:37:00,1040,1040,1040,1040,2800
2022-06-09 10:38:00,1040,1040,1040,1040,1100
2022-06-09 10:39:00,1040,1040,1040,1040,1000
2022-06-09 10:40:00,1040,1040,1040,1040,1800
2022-06-09 10:41:00,1040,1040,1040,1040,0
2022-06-09 10:42:00,1040,1040,1040,1040,0
2022-06-09 10:43:00,1040,1040,1040,1040,0
2022-06-09 10:44:00,1040,1040,1040,1040,1500
2022-06-09 10:45:00,1045,1045,1045,1045,4000
2022-06-09 10:46:00,1045,1045,1045,1045,1100
2022-06-09 10:47:00,1045,1045,1045,1045,7000
2022-06-09 10:48:00,1045,1045,1045,1045,1600
2022-06-09 10:49:00,1040,1040,1045,1045,346600
2022-06-09 10:50:00,1050,1045,1050,1045,216100
2022-06-09 10:51:00,1045,1045,1050,1050,8800
2022-06-09 10:52:00,1050,1050,1055,1050,375400
2022-06-09 10:53:00,1050,1050,1050,1050,17700
2022-06-09 10:54:00,1050,1050,1055,1055,296300
2022-06-09 10:55:00,1055,1055,1065,1060,447200
2022-06-09 10:56:00,1060,1060,1060,1060,19200
2022-06-09 10:57:00,1065,1065,1075,1075,745800
2022-06-09 10:58:00,1075,1060,1075,1075,546900
2022-06-09 10:59:00,1075,1065,1080,1080,273000
2022-06-09 11:00:00,1070,1065,1070,1070,15000
2022-06-09 11:01:00,1065,1065,1070,1070,15500
2022-06-09 11:02:00,1070,1070,1070,1070,200
2022-06-09 11:03:00,1065,1065,1065,1065,30800
2022-06-09 11:04:00,1065,1065,1065,1065,2400
2022-06-09 11:05:00,1060,1055,1065,1055,38000
2022-06-09 11:06:00,1055,1050,1055,1050,36000
2022-06-09 11:07:00,1045,1045,1050,1050,41200
2022-06-09 11:08:00,1050,1050,1050,1050,100
2022-06-09 11:09:00,1050,1045,1055,1045,23200
2022-06-09 11:10:00,1050,1050,1050,1050,200
2022-06-09 11:11:00,1050,1050,1050,1050,100
2022-06-09 11:12:00,1045,1045,1050,1050,1600
2022-06-09 11:13:00,1050,1050,1050,1050,2300
2022-06-09 11:14:00,1050,1050,1050,1050,0
2022-06-09 11:15:00,1050,1050,1050,1050,0
2022-06-09 11:16:00,1050,1050,1050,1050,0
2022-06-09 11:17:00,1050,1050,1050,1050,0
2022-06-09 11:18:00,1045,1045,1045,1045,15300
2022-06-09 11:19:00,1045,1045,1045,1045,0
2022-06-09 11:20:00,1045,1045,1045,1045,600
2022-06-09 11:21:00,1045,1045,1045,1045,0
2022-06-09 11:22:00,1045,1045,1045,1045,0
2022-06-09 11:23:00,1045,1045,1045,1045,100
2022-06-09 11:24:00,1045,1045,1045,1045,0
2022-06-09 11:25:00,1045,1045,1045,1045,0
2022-06-09 11:26:00,1045,1045,1045,1045,5000
2022-06-09 11:27:00,1045,1045,1045,1045,2300
2022-06-09 11:28:00,1045,1045,1045,1045,100
2022-06-09 11:29:00,1045,1045,1045,1045,0
2022-06-09 11:30:00,1045,1045,1045,1045,0
2022-06-09 11:31:00,1045,1045,1045,1045,0
2022-06-09 11:32:00,1045,1045,1045,1045,0
2022-06-09 11:33:00,1045,1045,1045,1045,0
2022-06-09 11:34:00,1045,1045,1045,1045,0
2022-06-09 11:35:00,1045,1045,1045,1045,0
2022-06-09 11:36:00,1045,1045,1045,1045,0
2022-06-09 11:37:00,1045,1045,1045,1045,0
2022-06-09 11:38:00,1045,1045,1045,1045,0
2022-06-09 11:39:00,1045,1045,1045,1045,0
2022-06-09 11:40:00,1045,1045,1045,1045,0
2022-06-09 11:41:00,1045,1045,1045,1045,0
2022-06-09 11:42:00,1045,1045,1045,1045,0
2022-06-09 11:43:00,1045,1045,1045,1045,0
2022-06-09 11:44:00,1045,1045,1045,1045,0
2022-06-09 11:45:00,1045,1045,1045,1045,0
2022-06-09 11:46:00,1045,1045,1045,1045,0
2022-06-09 11:47:00,1045,1045,1045,1045,0
2022-06-09 11:48:00,1045,1045,1045,1045,0
2022-06-09 11:49:00,1045,1045,1045,1045,0
2022-06-09 11:50:00,1045,1045,1045,1045,0
2022-06-09 11:51:00,1045,1045,1045,1045,0
2022-06-09 11:52:00,1045,1045,1045,1045,0
2022-06-09 11:53:00,1045,1045,1045,1045,0
2022-06-09 11:54:00,1045,1045,1045,1045,0
2022-06-09 11:55:00,1045,1045,1045,1045,0
2022-06-09 11:56:00,1045,1045,1045,1045,0
2022-06-09 11:57:00,1045,1045,1045,1045,0
2022-06-09 11:58:00,1045,1045,1045,1045,0
2022-06-09 11:59:00,1045,1045,1045,1045,0
2022-06-09 12:00:00,1045,1045,1045,1045,0
2022-06-09 12:01:00,1045,1045,1045,1045,0
2022-06-09 12:02:00,1045,1045,1045,1045,0
2022-06-09 12:03:00,1045,1045,1045,1045,0
2022-06-09 12:04:00,1045,1045,1045,1045,0
2022-06-09 12:05:00,1045,1045,1045,1045,0
2022-06-09 12:06:00,1045,1045,1045,1045,0
2022-06-09 12:07:00,1045,1045,1045,1045,0
2022-06-09 12:08:00,1045,1045,1045,1045,0
2022-06-09 12:09:00,1045,1045,1045,1045,0
2022-06-09 12:10:00,1045,1045,1045,1045,0
2022-06-09 12:11:00,1045,1045,1045,1045,0
2022-06-09 12:12:00,1045,1045,1045,1045,0
2022-06-09 12:13:00,1045,1045,1045,1045,0
2022-06-09 12:14:00,1045,1045,1045,1045,0
2022-06-09 12:15:00,1045,1045,1045,1045,0
2022-06-09 12:16:00,1045,1045,1045,1045,0
2022-06-09 12:17:00,1045,1045,1045,1045,0
2022-06-09 12:18:00,1045,1045,1045,1045,0
2022-06-09 12:19:00,1045,1045,1045,1045,0
2022-06-09 12:20:00,1045,1045,1045,1045,0
2022-06-09 12:21:00,1045,1045,1045,1045,0
2022-06-09 12:22:00,1045,1045,1045,1045,0
2022-06-09 12:23:00,1045,1045,1045,1045,0
2022-06-09 12:24:00,1045,1045,1045,1045,0
2022-06-09 12:25:00,1045,1045,1045,1045,0
2022-06-09 12:26:00,1045,1045,1045,1045,0
2022-06-09 12:27:00,1045,1045,1045,1045,0
2022-06-09 12:28:00,1045,1045,1045,1045,0
2022-06-09 12:29:00,1045,1045,1045,1045,0
2022-06-09 12:30:00,1045,1045,1045,1045,0
2022-06-09 12:31:00,1045,1045,1045,1045,0
2022-06-09 12:32:00,1045,1045,1045,1045,0
2022-06-09 12:33:00,1045,1045,1045,1045,0
2022-06-09 12:34:00,1045,1045,1045,1045,0
2022-06-09 12:35:00,1045,1045,1045,1045,0
2022-06-09 12:36:00,1045,1045,1045,1045,0
2022-06-09 12:37:00,1045,1045,1045,1045,0
2022-06-09 12:38:00,1045,1045,1045,1045,0
2022-06-09 12:39:00,1045,1045,1045,1045,0
2022-06-09 12:40:00,1045,1045,1045,1045,0
2022-06-09 12:41:00,1045,1045,1045,1045,0
2022-06-09 12:42:00,1045,1045,1045,1045,0
2022-06-09 12:43:00,1045,1045,1045,1045,0
2022-06-09 12:44:00,1045,1045,1045,1045,0
2022-06-09 12:45:00,1045,1045,1045,1045,0
2022-06-09 12:46:00,1045,1045,1045,1045,0
2022-06-09 12:47:00,1045,1045,1045,1045,0
2022-06-09 12:48:00,1045,1045,1045,1045,0
2022-06-09 12:49:00,1045,1045,1045,1045,0
2022-06-09 12:50:00,1045,1045,1045,1045,0
2022-06-09 12:51:00,1045,1045,1045,1045,0
2022-06-09 12:52:00,1045,1045,1045,1045,0
2022-06-09 12:53:00,1045,1045,1045,1045,0
2022-06-09 12:54:00,1045,1045,1045,1045,0
2022-06-09 12:55:00,1045,1045,1045,1045,0
2022-06-09 12:56:00,1045,1045,1045,1045,0
2022-06-09 12:57:00,1045,1045,1045,1045,0
2022-06-09 12:58:00,1045,1045,1045,1045,0
2022-06-09 12:59:00,1045,1045,1045,1045,0
2022-06-09 13:00:00,1045,1045,1045,1045,0
2022-06-09 13:01:00,1045,1045,1045,1045,0
2022-06-09 13:02:00,1045,1045,1045,1045,0
2022-06-09 13:03:00,1045,1045,1045,1045,0
2022-06-09 13:04:00,1045,1045,1045,1045,0
2022-06-09 13:05:00,1045,1045,1045,1045,0
2022-06-09 13:06:00,1045,1045,1045,1045,0
2022-06-09 13:07:00,1045,1045,1045,1045,0
2022-06-09 13:08:00,1045,1045,1045,1045,0
2022-06-09 13:09:00,1045,1045,1045,1045,0
2022-06-09 13:10:00,1045,1045,1045,1045,0
2022-06-09 13:11:00,1045,1045,1045,1045,0
2022-06-09 13:12:00,1045,1045,1045,1045,0
2022-06-09 13:13:00,1045,1045,1045,1045,0
2022-06-09 13:14:00,1045,1045,1045,1045,0
2022-06-09 13:15:00,1045,1045,1045,1045,0
2022-06-09 13:16:00,1045,1045,1045,1045,0
2022-06-09 13:17:00,1045,1045,1045,1045,0
2022-06-09 13:18:00,1045,1045,1045,1045,0
2022-06-09 13:19:00,1045,1045,1045,1045,0
2022-06-09 13:20:00,1045,1045,1045,1045,0
2022-06-09 13:21:00,1045,1045,1045,1045,0
2022-06-09 13:22:00,1045,1045,1045,1045,0
2022-06-09 13:23:00,1045,1045,1045,1045,0
2022-06-09 13:24:00,1045,1045,1045,1045,0
2022-06-09 13:25:00,1045,1045,1045,1045,0
2022-06-09 13:26:00,1045,1045,1045,1045,0
2022-06-09 13:27:00,1045,1045,1045,1045,0
2022-06-09 13:28:00,1045,1045,1045,1045,0
2022-06-09 13:29:00,1045,1045,1045,1045,0
2022-06-09 13:30:00,1045,1045,1045,1045,10300
2022-06-09 13:31:00,1040,1035,1040,1040,86700
2022-06-09 13:32:00,1040,1030,1040,1030,405600
2022-06-09 13:33:00,1040,1040,1040,1040,157000
2022-06-09 13:34:00,1040,1040,1045,1045,51800
2022-06-09 13:35:00,1040,1040,1045,1045,0
2022-06-09 13:36:00,1040,1040,1045,1045,0
2022-06-09 13:37:00,1040,1040,1045,1045,0
2022-06-09 13:38:00,1040,1040,1040,1040,18000
2022-06-09 13:39:00,1040,1040,1040,1040,0
2022-06-09 13:40:00,1040,1040,1040,1040,0
2022-06-09 13:41:00,1040,1040,1040,1040,0
2022-06-09 13:42:00,1045,1045,1045,1045,400
2022-06-09 13:43:00,1045,1045,1045,1045,100
2022-06-09 13:44:00,1045,1040,1045,1045,5700
2022-06-09 13:45:00,1045,1045,1045,1045,100
2022-06-09 13:46:00,1045,1045,1045,1045,600
2022-06-09 13:47:00,1045,1045,1045,1045,2000
2022-06-09 13:48:00,1045,1045,1045,1045,100
2022-06-09 13:49:00,1045,1045,1045,1045,0
2022-06-09 13:50:00,1050,1045,1050,1050,15200
2022-06-09 13:51:00,1050,1050,1050,1050,112900
2022-06-09 13:52:00,1050,1050,1050,1050,0
2022-06-09 13:53:00,1050,1050,1050,1050,6012000
2022-06-09 13:54:00,1050,1050,1050,1050,100
2022-06-09 13:55:00,1050,1050,1050,1050,0
2022-06-09 13:56:00,1050,1050,1050,1050,0
2022-06-09 13:57:00,1050,1050,1050,1050,500
2022-06-09 13:58:00,1045,1045,1045,1045,6700
2022-06-09 13:59:00,1045,1045,1050,1050,384900
2022-06-09 14:00:00,1045,1045,1050,1050,6800
2022-06-09 14:01:00,1045,1045,1050,1050,0
2022-06-09 14:02:00,1050,1050,1050,1050,1800
2022-06-09 14:03:00,1050,1050,1050,1050,11400
2022-06-09 14:04:00,1050,1050,1050,1050,0
2022-06-09 14:05:00,1050,1050,1050,1050,500
2022-06-09 14:06:00,1050,1050,1050,1050,1000
2022-06-09 14:07:00,1050,1050,1050,1050,0
2022-06-09 14:08:00,1050,1050,1050,1050,0
2022-06-09 14:09:00,1050,1050,1050,1050,0
2022-06-09 14:10:00,1050,1050,1050,1050,0
2022-06-09 14:11:00,1050,1050,1050,1050,0
2022-06-09 14:12:00,1045,1045,1045,1045,500
2022-06-09 14:13:00,1045,1045,1045,1045,200
2022-06-09 14:14:00,1050,1045,1050,1045,6100
2022-06-09 14:15:00,1040,1040,1040,1040,4000
2022-06-09 14:16:00,1040,1040,1040,1040,3700
2022-06-09 14:17:00,1040,1035,1040,1035,600
2022-06-09 14:18:00,1040,1035,1040,1035,0
2022-06-09 14:19:00,1040,1035,1040,1035,0
2022-06-09 14:20:00,1040,1040,1040,1040,8000
2022-06-09 14:21:00,1040,1040,1040,1040,0
2022-06-09 14:22:00,1040,1040,1040,1040,400
2022-06-09 14:23:00,1040,1040,1040,1040,0
2022-06-09 14:24:00,1035,1035,1035,1035,13700
2022-06-09 14:25:00,1030,1030,1035,1030,29600
2022-06-09 14:26:00,1030,1030,1030,1030,1900
2022-06-09 14:27:00,1030,1030,1030,1030,4300
2022-06-09 14:28:00,1030,1030,1030,1030,1000
2022-06-09 14:29:00,1030,1030,1030,1030,0
2022-06-09 14:30:00,1030,1030,1030,1030,0
2022-06-09 14:31:00,1030,1025,1030,1030,5800
2022-06-09 14:32:00,1035,1035,1035,1035,700
2022-06-09 14:33:00,1035,1035,1035,1035,0
2022-06-09 14:34:00,1035,1035,1035,1035,0
2022-06-09 14:35:00,1030,1030,1030,1030,5100
2022-06-09 14:36:00,1030,1030,1030,1030,3400
2022-06-09 14:37:00,1030,1030,1030,1030,900
2022-06-09 14:38:00,1030,1030,1030,1030,3100
2022-06-09 14:39:00,1030,1030,1030,1030,0
2022-06-09 14:40:00,1035,1025,1040,1040,87200
2022-06-09 14:41:00,1040,1040,1040,1040,6700
2022-06-09 14:42:00,1040,1040,1040,1040,0
2022-06-09 14:43:00,1040,1040,1040,1040,0
2022-06-09 14:44:00,1040,1040,1040,1040,0
2022-06-09 14:45:00,1040,1040,1040,1040,100
2022-06-09 14:46:00,1040,1040,1050,1045,4600
2022-06-09 14:47:00,1045,1045,1045,1045,100
2022-06-09 14:48:00,1045,1045,1045,1045,200
2022-06-09 14:49:00,1040,1040,1040,1040,1000
2022-06-09 14:50:00,1040,1040,1040,1040,0
2022-06-09 14:51:00,1040,1040,1040,1040,0
2022-06-09 14:52:00,1040,1040,1040,1040,0
2022-06-09 14:53:00,1040,1040,1040,1040,0
2022-06-09 14:54:00,1040,1040,1040,1040,0
2022-06-09 14:55:00,1040,1040,1040,1040,0
2022-06-09 14:56:00,1040,1040,1040,1040,0
2022-06-09 14:57:00,1040,1040,1040,1040,0
2022-06-09 14:58:00,1040,1040,1040,1040,0
2022-06-09 14:59:00,1040,1040,1040,1040,0
2022-06-09 15:00:00,1040,1040,1040,1040,18400
2022-06-09 15:01:00,1040,1040,1040,1040,0
2022-06-09 15:02:00,1040,1040,1040,1040,100
2022-06-09 15:03:00,1040,1040,1040,1040,5400
2022-06-09 15:04:00,1040,1040,1040,1040,25200
2022-06-09 15:05:00,1040,1040,1040,1040,3800
2022-06-09 15:06:00,1040,1040,1040,1040,0
2022-06-09 15:07:00,1040,1040,1040,1040,0
2022-06-09 15:08:00,1040,1040,1040,1040,7700
2022-06-09 15:09:00,1040,1040,1040,1040,0
2022-06-09 15:10:00,1040,1040,1040,1040,0
2022-06-09 15:11:00,1040,1040,1040,1040,0
2022-06-09 15:12:00,1040,1040,1040,1040,1000
2022-06-09 15:13:00,1040,1040,1040,1040,5000
2022-06-09 15:14:00,1040,1040,1040,1040,4100
2022-06-09 15:15:00,1040,1040,1040,1040,0
2022-06-09 15:16:00,1040,1040,1040,1040,0
2022-06-09 15:17:00,1040,1040,1040,1040,0
2022-06-09 15:18:00,1040,1040,1040,1040,0
2022-06-09 15:19:00,1040,1040,1040,1040,0
2022-06-09 15:20:00,1040,1040,1040,1040,0
2022-06-09 15:21:00,1040,1040,1040,1040,0
2022-06-09 15:22:00,1040,1040,1040,1040,0
2022-06-09 15:23:00,1040,1040,1040,1040,0
2022-06-09 15:24:00,1040,1040,1040,1040,0
2022-06-09 15:25:00,1040,1040,1040,1040,0
2022-06-09 15:26:00,1040,1040,1040,1040,0
2022-06-09 15:27:00,1040,1040,1040,1040,0
2022-06-09 15:28:00,1040,1040,1040,1040,0
2022-06-09 15:29:00,1040,1040,1040,1040,0
2022-06-09 15:30:00,1040,1040,1040,1040,0
2022-06-09 15:31:00,1040,1040,1040,1040,0
2022-06-09 15:32:00,1040,1040,1040,1040,0
2022-06-09 15:33:00,1040,1040,1040,1040,0
2022-06-09 15:34:00,1040,1040,1040,1040,0
2022-06-09 15:35:00,1040,1040,1040,1040,0
2022-06-09 15:36:00,1040,1040,1040,1040,0
2022-06-09 15:37:00,1040,1040,1040,1040,0
2022-06-09 15:38:00,1040,1040,1040,1040,0
2022-06-09 15:39:00,1040,1040,1040,1040,0
2022-06-09 15:40:00,1040,1040,1040,1040,0
2022-06-09 15:41:00,1040,1040,1040,1040,0
2022-06-09 15:42:00,1040,1040,1040,1040,0
2022-06-09 15:43:00,1040,1040,1040,1040,0
2022-06-09 15:44:00,1040,1040,1040,1040,0
2022-06-09 15:45:00,1040,1040,1040,1040,0
2022-06-09 15:46:00,1040,1040,1040,1040,0
2022-06-09 15:47:00,1040,1040,1040,1040,0
2022-06-09 15:48:00,1040,1040,1040,1040,0
2022-06-09 15:49:00,1040,1040,1040,1040,0
2022-06-09 15:50:00,1040,1040,1040,1040,0
2022-06-09 15:51:00,1040,1040,1040,1040,0
2022-06-09 15:52:00,1040,1040,1040,1040,0
2022-06-09 15:53:00,1040,1040,1040,1040,0
2022-06-09 15:54:00,1040,1040,1040,1040,0
2022-06-09 15:55:00,1040,1040,1040,1040,0
2022-06-09 15:56:00,1040,1040,1040,1040,0
2022-06-09 15:57:00,1040,1040,1040,1040,0
2022-06-09 15:58:00,1040,1040,1040,1040,0
2022-06-09 15:59:00,1040,1040,1040,1040,0
2022-06-10 09:00:00,1040,1015,1045,1045,0
2022-06-10 09:01:00,1040,1015,1045,1045,0
2022-06-10 09:02:00,1040,1015,1045,1045,0
2022-06-10 09:03:00,1040,1040,1040,1040,1200
2022-06-10 09:04:00,1040,1040,1040,1040,22400
2022-06-10 09:05:00,1030,1030,1030,1030,9900
2022-06-10 09:06:00,1030,1030,1030,1030,0
2022-06-10 09:07:00,1030,1030,1030,1030,1000
2022-06-10 09:08:00,1025,1025,1025,1025,7500
2022-06-10 09:09:00,1025,1020,1025,1020,1700
2022-06-10 09:10:00,1020,1020,1020,1020,100
2022-06-10 09:11:00,1025,1025,1025,1025,455500
2022-06-10 09:12:00,1025,1025,1030,1030,206000
2022-06-10 09:13:00,1030,1030,1040,1040,65000
2022-06-10 09:14:00,1030,1030,1030,1030,11400
2022-06-10 09:15:00,1030,1030,1030,1030,200
2022-06-10 09:16:00,1030,1030,1030,1030,0
2022-06-10 09:17:00,1030,1030,1030,1030,0
2022-06-10 09:18:00,1025,1025,1025,1025,1200
2022-06-10 09:19:00,1030,1030,1030,1030,10800
2022-06-10 09:20:00,1030,1030,1030,1030,200
2022-06-10 09:21:00,1030,1030,1030,1030,0
2022-06-10 09:22:00,1025,1020,1025,1020,5900
2022-06-10 09:23:00,1025,1025,1025,1025,1500
2022-06-10 09:24:00,1025,1025,1025,1025,0
2022-06-10 09:25:00,1025,1025,1025,1025,400
2022-06-10 09:26:00,1025,1025,1025,1025,4200
2022-06-10 09:27:00,1020,1020,1020,1020,15000
2022-06-10 09:28:00,1025,1025,1025,1025,5000
2022-06-10 09:29:00,1025,1025,1025,1025,0
2022-06-10 09:30:00,1025,1025,1025,1025,0
2022-06-10 09:31:00,1025,1025,1025,1025,0
2022-06-10 09:32:00,1025,1025,1025,1025,100
2022-06-10 09:33:00,1025,1025,1025,1025,0
2022-06-10 09:34:00,1020,1020,1020,1020,800
2022-06-10 09:35:00,1020,1020,1020,1020,0
2022-06-10 09:36:00,1020,1020,1020,1020,0
2022-06-10 09:37:00,1025,1025,1025,1025,2000
2022-06-10 09:38:00,1025,1025,1025,1025,0
2022-06-10 09:39:00,1025,1025,1025,1025,0
2022-06-10 09:40:00,1025,1025,1025,1025,0
2022-06-10 09:41:00,1025,1025,1025,1025,100
2022-06-10 09:42:00,1025,1025,1025,1025,0
2022-06-10 09:43:00,1025,1025,1025,1025,0
2022-06-10 09:44:00,1025,1025,1025,1025,1100
2022-06-10 09:45:00,1025,1025,1025,1025,4500
2022-06-10 09:46:00,1025,1025,1025,1025,3900
2022-06-10 09:47:00,1025,1025,1030,1025,16000
2022-06-10 09:48:00,1025,1025,1030,1025,0
2022-06-10 09:49:00,1025,1025,1030,1025,0
2022-06-10 09:50:00,1025,1025,1025,1025,1000
2022-06-10 09:51:00,1025,1025,1025,1025,1000
2022-06-10 09:52:00,1020,1020,1020,1020,1000
2022-06-10 09:53:00,1020,1020,1020,1020,0
2022-06-10 09:54:00,1020,1020,1020,1020,0
2022-06-10 09:55:00,1020,1020,1020,1020,0
2022-06-10 09:56:00,1020,1020,1020,1020,0
2022-06-10 09:57:00,1020,1020,1020,1020,0
2022-06-10 09:58:00,1020,1020,1020,1020,0
2022-06-10 09:59:00,1020,1020,1020,1020,600
2022-06-10 10:00:00,1020,1020,1020,1020,0
2022-06-10 10:01:00,1020,1020,1020,1020,20000
2022-06-10 10:02:00,1020,1020,1020,1020,0
2022-06-10 10:03:00,1020,1020,1025,1025,10900
2022-06-10 10:04:00,1025,1025,1025,1025,100100
2022-06-10 10:05:00,1025,1025,1025,1025,0
2022-06-10 10:06:00,1025,1025,1025,1025,0
2022-06-10 10:07:00,1025,1025,1025,1025,0
2022-06-10 10:08:00,1025,1025,1025,1025,0
2022-06-10 10:09:00,1025,1025,1025,1025,0
2022-06-10 10:10:00,1025,1025,1025,1025,600
2022-06-10 10:11:00,1025,1025,1025,1025,0
2022-06-10 10:12:00,1025,1025,1025,1025,0
2022-06-10 10:13:00,1025,1025,1025,1025,0
2022-06-10 10:14:00,1030,1030,1030,1030,3200
2022-06-10 10:15:00,1030,1030,1030,1030,0
2022-06-10 10:16:00,1030,1030,1030,1030,0
2022-06-10 10:17:00,1025,1025,1030,1030,10500
2022-06-10 10:18:00,1030,1030,1030,1030,7700
2022-06-10 10:19:00,1030,1030,1030,1030,0
2022-06-10 10:20:00,1035,1035,1035,1035,100
2022-06-10 10:21:00,1035,1035,1035,1035,0
2022-06-10 10:22:00,1035,1035,1035,1035,0
2022-06-10 10:23:00,1035,1035,1035,1035,0
2022-06-10 10:24:00,1025,1025,1025,1025,10000
2022-06-10 10:25:00,1025,1025,1025,1025,0
2022-06-10 10:26:00,1025,1025,1025,1025,5000
2022-06-10 10:27:00,1025,1025,1025,1025,0
2022-06-10 10:28:00,1025,1025,1025,1025,0
2022-06-10 10:29:00,1025,1025,1025,1025,0
2022-06-10 10:30:00,1025,1025,1025,1025,0
2022-06-10 10:31:00,1025,1025,1025,1025,0
2022-06-10 10:32:00,1025,1025,1025,1025,0
2022-06-10 10:33:00,1025,1025,1025,1025,0
2022-06-10 10:34:00,1025,1025,1025,1025,0
2022-06-10 10:35:00,1025,1025,1025,1025,0
2022-06-10 10:36:00,1025,1025,1025,1025,500
2022-06-10 10:37:00,1025,1025,1025,1025,0
2022-06-10 10:38:00,1025,1025,1025,1025,0
2022-06-10 10:39:00,1025,1025,1025,1025,0
2022-06-10 10:40:00,1025,1025,1025,1025,0
2022-06-10 10:41:00,1035,1035,1035,1035,6000
2022-06-10 10:42:00,1035,1035,1035,1035,0
2022-06-10 10:43:00,1035,1035,1035,1035,0
2022-06-10 10:44:00,1035,1035,1035,1035,0
2022-06-10 10:45:00,1035,1035,1035,1035,0
2022-06-10 10:46:00,1035,1035,1035,1035,0
2022-06-10 10:47:00,1035,1035,1035,1035,0
2022-06-10 10:48:00,1035,1035,1035,1035,0
2022-06-10 10:49:00,1035,1035,1035,1035,0
2022-06-10 10:50:00,1035,1035,1035,1035,0
2022-06-10 10:51:00,1035,1035,1035,1035,0
2022-06-10 10:52:00,1035,1035,1035,1035,0
2022-06-10 10:53:00,1035,1035,1035,1035,0
2022-06-10 10:54:00,1035,1035,1035,1035,1083200
2022-06-10 10:55:00,1035,1035,1035,1035,0
2022-06-10 10:56:00,1035,1035,1035,1035,0
2022-06-10 10:57:00,1035,1035,1035,1035,0
2022-06-10 10:58:00,1035,1035,1035,1035,5200
2022-06-10 10:59:00,1035,1035,1035,1035,0
2022-06-10 11:00:00,1035,1035,1035,1035,0
2022-06-10 11:01:00,1035,1035,1035,1035,3000
2022-06-10 11:02:00,1035,1035,1035,1035,0
2022-06-10 11:03:00,1040,1040,1040,1040,3000
2022-06-10 11:04:00,1040,1040,1040,1040,1700
2022-06-10 11:05:00,1040,1040,1040,1040,0
2022-06-10 11:06:00,1040,1040,1040,1040,0
2022-06-10 11:07:00,1035,1020,1040,1040,201800
2022-06-10 11:08:00,1040,1025,1040,1025,1200
2022-06-10 11:09:00,1040,1025,1040,1025,0
2022-06-10 11:10:00,1030,1030,1030,1030,100
2022-06-10 11:11:00,1030,1030,1030,1030,200
2022-06-10 11:12:00,1035,1035,1035,1035,10000
2022-06-10 11:13:00,1035,1035,1035,1035,0
2022-06-10 11:14:00,1030,1030,1030,1030,100
2022-06-10 11:15:00,1030,1030,1030,1030,100
2022-06-10 11:16:00,1030,1030,1030,1030,0
2022-06-10 11:17:00,1030,1030,1030,1030,0
2022-06-10 11:18:00,1030,1030,1030,1030,0
2022-06-10 11:19:00,1030,1030,1030,1030,0
2022-06-10 11:20:00,1030,1030,1030,1030,0
2022-06-10 11:21:00,1030,1030,1030,1030,500
2022-06-10 11:22:00,1030,1030,1030,1030,0
2022-06-10 11:23:00,1030,1030,1030,1030,200
2022-06-10 11:24:00,1030,1030,1030,1030,0
2022-06-10 11:25:00,1030,1030,1030,1030,0
2022-06-10 11:26:00,1030,1030,1030,1030,0
2022-06-10 11:27:00,1030,1030,1030,1030,0
2022-06-10 11:28:00,1030,1030,1030,1030,20000
2022-06-10 11:29:00,1030,1030,1030,1030,0
2022-06-10 11:30:00,1030,1030,1030,1030,0
2022-06-10 11:31:00,1030,1030,1030,1030,0
2022-06-10 11:32:00,1030,1030,1030,1030,0
2022-06-10 11:33:00,1030,1030,1030,1030,0
2022-06-10 11:34:00,1030,1030,1030,1030,0
2022-06-10 11:35:00,1030,1030,1030,1030,0
2022-06-10 11:36:00,1030,1030,1030,1030,0
2022-06-10 11:37:00,1030,1030,1030,1030,0
2022-06-10 11:38:00,1030,1030,1030,1030,0
2022-06-10 11:39:00,1030,1030,1030,1030,0
2022-06-10 11:40:00,1030,1030,1030,1030,0
2022-06-10 11:41:00,1030,1030,1030,1030,0
2022-06-10 11:42:00,1030,1030,1030,1030,0
2022-06-10 11:43:00,1030,1030,1030,1030,0
2022-06-10 11:44:00,1030,1030,1030,1030,0
2022-06-10 11:45:00,1030,1030,1030,1030,0
2022-06-10 11:46:00,1030,1030,1030,1030,0
2022-06-10 11:47:00,1030,1030,1030,1030,0
2022-06-10 11:48:00,1030,1030,1030,1030,0
2022-06-10 11:49:00,1030,1030,1030,1030,0
2022-06-10 11:50:00,1030,1030,1030,1030,0
2022-06-10 11:51:00,1030,1030,1030,1030,0
2022-06-10 11:52:00,1030,1030,1030,1030,0
2022-06-10 11:53:00,1030,1030,1030,1030,0
2022-06-10 11:54:00,1030,1030,1030,1030,0
2022-06-10 11:55:00,1030,1030,1030,1030,0
2022-06-10 11:56:00,1030,1030,1030,1030,0
2022-06-10 11:57:00,1030,1030,1030,1030,0
2022-06-10 11:58:00,1030,1030,1030,1030,0
2022-06-10 11:59:00,1030,1030,1030,1030,0
2022-06-10 12:00:00,1030,1030,1030,1030,0
2022-06-10 12:01:00,1030,1030,1030,1030,0
2022-06-10 12:02:00,1030,1030,1030,1030,0
2022-06-10 12:03:00,1030,1030,1030,1030,0
2022-06-10 12:04:00,1030,1030,1030,1030,0
2022-06-10 12:05:00,1030,1030,1030,1030,0
2022-06-10 12:06:00,1030,1030,1030,1030,0
2022-06-10 12:07:00,1030,1030,1030,1030,0
2022-06-10 12:08:00,1030,1030,1030,1030,0
2022-06-10 12:09:00,1030,1030,1030,1030,0
2022-06-10 12:10:00,1030,1030,1030,1030,0
2022-06-10 12:11:00,1030,1030,1030,1030,0
2022-06-10 12:12:00,1030,1030,1030,1030,0
2022-06-10 12:13:00,1030,1030,1030,1030,0
2022-06-10 12:14:00,1030,1030,1030,1030,0
2022-06-10 12:15:00,1030,1030,1030,1030,0
2022-06-10 12:16:00,1030,1030,1030,1030,0
2022-06-10 12:17:00,1030,1030,1030,1030,0
2022-06-10 12:18:00,1030,1030,1030,1030,0
2022-06-10 12:19:00,1030,1030,1030,1030,0
2022-06-10 12:20:00,1030,1030,1030,1030,0
2022-06-10 12:21:00,1030,1030,1030,1030,0
2022-06-10 12:22:00,1030,1030,1030,1030,0
2022-06-10 12:23:00,1030,1030,1030,1030,0
2022-06-10 12:24:00,1030,1030,1030,1030,0
2022-06-10 12:25:00,1030,1030,1030,1030,0
2022-06-10 12:26:00,1030,1030,1030,1030,0
2022-06-10 12:27:00,1030,1030,1030,1030,0
2022-06-10 12:28:00,1030,1030,1030,1030,0
2022-06-10 12:29:00,1030,1030,1030,1030,0
2022-06-10 12:30:00,1030,1030,1030,1030,0
2022-06-10 12:31:00,1030,1030,1030,1030,0
2022-06-10 12:32:00,1030,1030,1030,1030,0
2022-06-10 12:33:00,1030,1030,1030,1030,0
2022-06-10 12:34:00,1030,1030,1030,1030,0
2022-06-10 12:35:00,1030,1030,1030,1030,0
2022-06-10 12:36:00,1030,1030,1030,1030,0
2022-06-10 12:37:00,1030,1030,1030,1030,0
2022-06-10 12:38:00,1030,1030,1030,1030,0
2022-06-10 12:39:00,1030,1030,1030,1030,0
2022-06-10 12:40:00,1030,1030,1030,1030,0
2022-06-10 12:41:00,1030,1030,1030,1030,0
2022-06-10 12:42:00,1030,1030,1030,1030,0
2022-06-10 12:43:00,1030,1030,1030,1030,0
2022-06-10 12:44:00,1030,1030,1030,1030,0
2022-06-10 12:45:00,1030,1030,1030,1030,0
2022-06-10 12:46:00,1030,1030,1030,1030,0
2022-06-10 12:47:00,1030,1030,1030,1030,0
2022-06-10 12:48:00,1030,1030,1030,1030,0
2022-06-10 12:49:00,1030,1030,1030,1030,0
2022-06-10 12:50:00,1030,1030,1030,1030,0
2022-06-10 12:51:00,1030,1030,1030,1030,0
2022-06-10 12:52:00,1030,1030,1030,1030,0
2022-06-10 12:53:00,1030,1030,1030,1030,0
2022-06-10 12:54:00,1030,1030,1030,1030,0
2022-06-10 12:55:00,1030,1030,1030,1030,0
2022-06-10 12:56:00,1030,1030,1030,1030,0
2022-06-10 12:57:00,1030,1030,1030,1030,0
2022-06-10 12:58:00,1030,1030,1030,1030,0
2022-06-10 12:59:00,1030,1030,1030,1030,0
2022-06-10 13:00:00,1030,1030,1030,1030,0
2022-06-10 13:01:00,1030,1030,1030,1030,0
2022-06-10 13:02:00,1030,1030,1030,1030,0
2022-06-10 13:03:00,1030,1030,1030,1030,0
2022-06-10 13:04:00,1030,1030,1030,1030,0
2022-06-10 13:05:00,1030,1030,1030,1030,0
2022-06-10 13:06:00,1030,1030,1030,1030,0
2022-06-10 13:07:00,1030,1030,1030,1030,0
2022-06-10 13:08:00,1030,1030,1030,1030,0
2022-06-10 13:09:00,1030,1030,1030,1030,0
2022-06-10 13:10:00,1030,1030,1030,1030,0
2022-06-10 13:11:00,1030,1030,1030,1030,0
2022-06-10 13:12:00,1030,1030,1030,1030,0
2022-06-10 13:13:00,1030,1030,1030,1030,0
2022-06-10 13:14:00,1030,1030,1030,1030,0
2022-06-10 13:15:00,1030,1030,1030,1030,0
2022-06-10 13:16:00,1030,1030,1030,1030,0
2022-06-10 13:17:00,1030,1030,1030,1030,0
2022-06-10 13:18:00,1030,1030,1030,1030,0
2022-06-10 13:19:00,1030,1030,1030,1030,0
2022-06-10 13:20:00,1030,1030,1030,1030,0
2022-06-10 13:21:00,1030,1030,1030,1030,0
2022-06-10 13:22:00,1030,1030,1030,1030,0
2022-06-10 13:23:00,1030,1030,1030,1030,0
2022-06-10 13:24:00,1030,1030,1030,1030,0
2022-06-10 13:25:00,1030,1030,1030,1030,0
2022-06-10 13:26:00,1030,1030,1030,1030,0
2022-06-10 13:27:00,1030,1030,1030,1030,0
2022-06-10 13:28:00,1030,1030,1030,1030,0
2022-06-10 13:29:00,1030,1030,1030,1030,0
2022-06-10 13:30:00,1030,1030,1030,1030,11000
2022-06-10 13:31:00,1030,1030,1030,1030,0
2022-06-10 13:32:00,1030,1030,1030,1030,0
2022-06-10 13:33:00,1030,1030,1030,1030,0
2022-06-10 13:34:00,1030,1030,1030,1030,0
2022-06-10 13:35:00,1030,1030,1040,1040,5700
2022-06-10 13:36:00,1040,1040,1045,1045,22500
2022-06-10 13:37:00,1045,1045,1045,1045,2500
2022-06-10 13:38:00,1045,1045,1050,1050,8600
2022-06-10 13:39:00,1045,1045,1045,1045,1600
2022-06-10 13:40:00,1045,1045,1045,1045,0
2022-06-10 13:41:00,1045,1045,1045,1045,1900
2022-06-10 13:42:00,1045,1045,1045,1045,3600
2022-06-10 13:43:00,1045,1045,1045,1045,0
2022-06-10 13:44:00,1045,1045,1045,1045,100
2022-06-10 13:45:00,1045,1045,1045,1045,200
2022-06-10 13:46:00,1040,1040,1040,1040,200
2022-06-10 13:47:00,1040,1040,1040,1040,0
2022-06-10 13:48:00,1040,1040,1040,1040,200
2022-06-10 13:49:00,1040,1040,1040,1040,1390900
2022-06-10 13:50:00,1040,1040,1040,1040,7900
2022-06-10 13:51:00,1040,1040,1040,1040,0
2022-06-10 13:52:00,1040,1040,1040,1040,0
2022-06-10 13:53:00,1040,1040,1040,1040,0
2022-06-10 13:54:00,1040,1040,1040,1040,0
2022-06-10 13:55:00,1040,1040,1040,1040,0
2022-06-10 13:56:00,1040,1040,1040,1040,0
2022-06-10 13:57:00,1040,1040,1040,1040,0
2022-06-10 13:58:00,1040,1040,1040,1040,1000
2022-06-10 13:59:00,1040,1040,1040,1040,0
2022-06-10 14:00:00,1040,1040,1040,1040,100
2022-06-10 14:01:00,1035,1035,1035,1035,500
2022-06-10 14:02:00,1035,1035,1035,1035,1000
2022-06-10 14:03:00,1035,1035,1035,1035,0
2022-06-10 14:04:00,1035,1035,1035,1035,0
2022-06-10 14:05:00,1035,1035,1040,1040,5100
2022-06-10 14:06:00,1035,1035,1040,1040,0
2022-06-10 14:07:00,1035,1035,1035,1035,100
2022-06-10 14:08:00,1035,1035,1040,1040,153100
2022-06-10 14:09:00,1035,1035,1035,1035,2000
2022-06-10 14:10:00,1035,1035,1035,1035,0
2022-06-10 14:11:00,1035,1035,1035,1035,100
2022-06-10 14:12:00,1035,1035,1035,1035,1500
2022-06-10 14:13:00,1035,1035,1035,1035,1400
2022-06-10 14:14:00,1035,1035,1040,1040,67500
2022-06-10 14:15:00,1040,1040,1040,1040,700
2022-06-10 14:16:00,1030,1030,1030,1030,100
2022-06-10 14:17:00,1030,1030,1030,1030,9900
2022-06-10 14:18:00,1030,1030,1030,1030,0
2022-06-10 14:19:00,1030,1030,1030,1030,4300
2022-06-10 14:20:00,1030,1030,1030,1030,0
2022-06-10 14:21:00,1030,1030,1030,1030,0
2022-06-10 14:22:00,1030,1030,1030,1030,0
2022-06-10 14:23:00,1030,1030,1030,1030,0
2022-06-10 14:24:00,1030,1030,1030,1030,0
2022-06-10 14:25:00,1030,1025,1030,1025,22600
2022-06-10 14:26:00,1025,1015,1025,1020,29900
2022-06-10 14:27:00,1025,1025,1025,1025,2100
2022-06-10 14:28:00,1025,1025,1025,1025,3900
2022-06-10 14:29:00,1020,1020,1020,1020,10000
2022-06-10 14:30:00,1020,1020,1020,1020,10100
2022-06-10 14:31:00,1025,1025,1025,1025,100
2022-06-10 14:32:00,1025,1025,1025,1025,0
2022-06-10 14:33:00,1025,1025,1025,1025,0
2022-06-10 14:34:00,1025,1025,1025,1025,0
2022-06-10 14:35:00,1025,1025,1025,1025,0
2022-06-10 14:36:00,1025,1025,1025,1025,0
2022-06-10 14:37:00,1025,1025,1025,1025,0
2022-06-10 14:38:00,1025,1025,1025,1025,0
2022-06-10 14:39:00,1025,1025,1025,1025,0
2022-06-10 14:40:00,1025,1025,1025,1025,0
2022-06-10 14:41:00,1025,1025,1025,1025,0
2022-06-10 14:42:00,1025,1025,1025,1025,0
2022-06-10 14:43:00,1025,1025,1025,1025,0
2022-06-10 14:44:00,1020,1020,1020,1020,8000
2022-06-10 14:45:00,1020,1020,1020,1020,0
2022-06-10 14:46:00,1020,1020,1020,1020,200
2022-06-10 14:47:00,1020,1020,1020,1020,1700
2022-06-10 14:48:00,1020,1020,1020,1020,0
2022-06-10 14:49:00,1020,1020,1020,1020,500
2022-06-10 14:50:00,1020,1020,1020,1020,0
2022-06-10 14:51:00,1020,1020,1020,1020,0
2022-06-10 14:52:00,1020,1020,1020,1020,0
2022-06-10 14:53:00,1020,1020,1020,1020,0
2022-06-10 14:54:00,1020,1020,1020,1020,0
2022-06-10 14:55:00,1020,1020,1020,1020,0
2022-06-10 14:56:00,1020,1020,1020,1020,0
2022-06-10 14:57:00,1020,1020,1020,1020,0
2022-06-10 14:58:00,1020,1020,1020,1020,0
2022-06-10 14:59:00,1020,1020,1020,1020,0
2022-06-10 15:00:00,1015,1015,1015,1015,57400
2022-06-10 15:01:00,1015,1015,1015,1015,200
2022-06-10 15:02:00,1015,1015,1015,1015,2000
2022-06-10 15:03:00,1015,1015,1015,1015,16400
2022-06-10 15:04:00,1015,1015,1015,1015,0
2022-06-10 15:05:00,1015,1015,1015,1015,3000
2022-06-10 15:06:00,1015,1015,1015,1015,10500
2022-06-10 15:07:00,1015,1015,1015,1015,0
2022-06-10 15:08:00,1015,1015,1015,1015,0
2022-06-10 15:09:00,1015,1015,1015,1015,0
2022-06-10 15:10:00,1015,1015,1015,1015,0
2022-06-10 15:11:00,1015,1015,1015,1015,0
2022-06-10 15:12:00,1015,1015,1015,1015,0
2022-06-10 15:13:00,1015,1015,1015,1015,0
2022-06-10 15:14:00,1015,1015,1015,1015,0
2022-06-10 15:15:00,1015,1015,1015,1015,0
2022-06-10 15:16:00,1015,1015,1015,1015,0
2022-06-10 15:17:00,1015,1015,1015,1015,0
2022-06-10 15:18:00,1015,1015,1015,1015,0
2022-06-10 15:19:00,1015,1015,1015,1015,0
2022-06-10 15:20:00,1015,1015,1015,1015,0
2022-06-10 15:21:00,1015,1015,1015,1015,0
2022-06-10 15:22:00,1015,1015,1015,1015,0
2022-06-10 15:23:00,1015,1015,1015,1015,0
2022-06-10 15:24:00,1015,1015,1015,1015,0
2022-06-10 15:25:00,1015,1015,1015,1015,0
2022-06-10 15:26:00,1015,1015,1015,1015,0
2022-06-10 15:27:00,1015,1015,1015,1015,0
2022-06-10 15:28:00,1015,1015,1015,1015,0
2022-06-10 15:29:00,1015,1015,1015,1015,0
2022-06-10 15:30:00,1015,1015,1015,1015,0
2022-06-10 15:31:00,1015,1015,1015,1015,0
2022-06-10 15:32:00,1015,1015,1015,1015,0
2022-06-10 15:33:00,1015,1015,1015,1015,0
2022-06-10 15:34:00,1015,1015,1015,1015,0
2022-06-10 15:35:00,1015,1015,1015,1015,0
2022-06-10 15:36:00,1015,1015,1015,1015,0
2022-06-10 15:37:00,1015,1015,1015,1015,0
2022-06-10 15:38:00,1015,1015,1015,1015,0
2022-06-10 15:39:00,1015,1015,1015,1015,0
2022-06-10 15:40:00,1015,1015,1015,1015,0
2022-06-10 15:41:00,1015,1015,1015,1015,0
2022-06-10 15:42:00,1015,1015,1015,1015,0
2022-06-10 15:43:00,1015,1015,1015,1015,0
2022-06-10 15:44:00,1015,1015,1015,1015,0
2022-06-10 15:45:00,1015,1015,1015,1015,0
2022-06-10 15:46:00,1015,1015,1015,1015,0
2022-06-10 15:47:00,1015,1015,1015,1015,0
2022-06-10 15:48:00,1015,1015,1015,1015,0
2022-06-10 15:49:00,1015,1015,1015,1015,0
2022-06-10 15:50:00,1015,1015,1015,1015,0
2022-06-10 15:51:00,1015,1015,1015,1015,0
2022-06-10 15:52:00,1015,1015,1015,1015,0
2022-06-10 15:53:00,1015,1015,1015,1015,0
2022-06-10 15:54:00,1015,1015,1015,1015,0
2022-06-10 15:55:00,1015,1015,1015,1015,0
2022-06-10 15:56:00,1015,1015,1015,1015,0
2022-06-10 15:57:00,1015,1015,1015,1015,0
2022-06-10 15:58:00,1015,1015,1015,1015,0
2022-06-10 15:59:00,1015,1015,1015,1015,0
2022-06-13 09:00:00,1015,1015,1015,1015,0
2022-06-13 09:01:00,1010,980,1010,980,25700
2022-06-13 09:02:00,980,970,980,975,39000
2022-06-13 09:03:00,975,975,990,990,36600
2022-06-13 09:04:00,995,995,1000,995,27000
2022-06-13 09:05:00,995,990,995,990,1300
2022-06-13 09:06:00,995,990,995,990,0
2022-06-13 09:07:00,1000,990,1000,1000,154100
2022-06-13 09:08:00,1000,1000,1000,1000,1800
2022-06-13 09:09:00,990,990,990,990,157400
2022-06-13 09:10:00,990,990,990,990,100
2022-06-13 09:11:00,990,990,990,990,1000
2022-06-13 09:12:00,990,990,990,990,100
2022-06-13 09:13:00,985,985,985,985,100
2022-06-13 09:14:00,985,980,985,980,30600
2022-06-13 09:15:00,980,980,980,980,52100
2022-06-13 09:16:00,980,980,980,980,1800
2022-06-13 09:17:00,980,980,980,980,2500
2022-06-13 09:18:00,980,980,980,980,100
2022-06-13 09:19:00,975,975,975,975,19300
2022-06-13 09:20:00,980,980,980,980,6600
2022-06-13 09:21:00,980,980,980,980,2400
2022-06-13 09:22:00,980,980,990,990,1900
2022-06-13 09:23:00,990,990,990,990,2900
2022-06-13 09:24:00,990,990,990,990,500
2022-06-13 09:25:00,990,990,990,990,0
2022-06-13 09:26:00,990,990,990,990,200
2022-06-13 09:27:00,990,990,990,990,3000
2022-06-13 09:28:00,990,990,990,990,800
2022-06-13 09:29:00,985,985,985,985,500
2022-06-13 09:30:00,985,985,985,985,700
2022-06-13 09:31:00,985,985,985,985,10100
2022-06-13 09:32:00,980,980,980,980,100
2022-06-13 09:33:00,980,980,980,980,0
2022-06-13 09:34:00,980,980,980,980,0
2022-06-13 09:35:00,980,980,980,980,0
2022-06-13 09:36:00,980,980,980,980,0
2022-06-13 09:37:00,980,980,980,980,0
2022-06-13 09:38:00,980,980,980,980,0
2022-06-13 09:39:00,980,980,980,980,500
2022-06-13 09:40:00,980,980,980,980,0
2022-06-13 09:41:00,985,985,985,985,305200
2022-06-13 09:42:00,985,985,985,985,0
2022-06-13 09:43:00,985,985,985,985,0
2022-06-13 09:44:00,985,985,985,985,0
2022-06-13 09:45:00,990,985,990,985,2300
2022-06-13 09:46:00,980,980,980,980,315100
2022-06-13 09:47:00,985,985,985,985,100
2022-06-13 09:48:00,985,985,985,985,0
2022-06-13 09:49:00,985,985,985,985,274400
2022-06-13 09:50:00,985,985,985,985,25600
2022-06-13 09:51:00,985,985,990,990,330300
2022-06-13 09:52:00,990,990,990,990,11800
2022-06-13 09:53:00,1000,1000,1000,1000,248000
2022-06-13 09:54:00,1000,1000,1000,1000,1245800
2022-06-13 09:55:00,1010,1005,1010,1005,200500
2022-06-13 09:56:00,1005,1005,1010,1010,120000
2022-06-13 09:57:00,1010,1010,1010,1010,4900
2022-06-13 09:58:00,1010,1010,1010,1010,100
2022-06-13 09:59:00,1010,990,1010,990,1600
2022-06-13 10:00:00,1010,990,1010,990,0
2022-06-13 10:01:00,1010,990,1010,990,0
2022-06-13 10:02:00,1010,990,1010,990,0
2022-06-13 10:03:00,990,990,990,990,5100
2022-06-13 10:04:00,990,990,990,990,0
2022-06-13 10:05:00,990,990,990,990,0
2022-06-13 10:06:00,990,990,990,990,0
2022-06-13 10:07:00,990,990,990,990,0
2022-06-13 10:08:00,990,990,990,990,0
2022-06-13 10:09:00,990,990,990,990,0
2022-06-13 10:10:00,990,990,990,990,100
2022-06-13 10:11:00,990,990,990,990,0
2022-06-13 10:12:00,990,990,990,990,0
2022-06-13 10:13:00,990,990,990,990,0
2022-06-13 10:14:00,990,990,990,990,0
2022-06-13 10:15:00,990,990,990,990,0
2022-06-13 10:16:00,990,990,990,990,0
2022-06-13 10:17:00,990,990,990,990,0
2022-06-13 10:18:00,990,990,990,990,100
2022-06-13 10:19:00,990,990,990,990,0
2022-06-13 10:20:00,990,990,990,990,0
2022-06-13 10:21:00,990,990,990,990,0
2022-06-13 10:22:00,990,990,990,990,5000
2022-06-13 10:23:00,990,990,990,990,600
2022-06-13 10:24:00,990,990,990,990,10400
2022-06-13 10:25:00,990,990,990,990,0
2022-06-13 10:26:00,990,990,990,990,5700
2022-06-13 10:27:00,990,990,990,990,0
2022-06-13 10:28:00,985,985,985,985,400
2022-06-13 10:29:00,985,985,985,985,0
2022-06-13 10:30:00,985,985,985,985,0
2022-06-13 10:31:00,985,985,985,985,0
2022-06-13 10:32:00,985,985,985,985,0
2022-06-13 10:33:00,985,985,985,985,1600500
2022-06-13 10:34:00,985,965,985,965,202000
2022-06-13 10:35:00,965,965,965,965,8000
2022-06-13 10:36:00,965,965,970,970,1500
2022-06-13 10:37:00,970,970,970,970,100
2022-06-13 10:38:00,970,970,970,970,0
2022-06-13 10:39:00,970,970,970,970,0
2022-06-13 10:40:00,970,970,970,970,0
2022-06-13 10:41:00,970,970,970,970,100
2022-06-13 10:42:00,965,965,965,965,2000
2022-06-13 10:43:00,965,965,965,965,1200
2022-06-13 10:44:00,965,965,965,965,0
2022-06-13 10:45:00,965,965,965,965,11400
2022-06-13 10:46:00,965,965,965,965,0
2022-06-13 10:47:00,965,965,965,965,0
2022-06-13 10:48:00,970,970,970,970,100
2022-06-13 10:49:00,970,970,970,970,0
2022-06-13 10:50:00,970,970,970,970,2000
2022-06-13 10:51:00,970,970,970,970,4300
2022-06-13 10:52:00,970,970,970,970,100
2022-06-13 10:53:00,970,970,970,970,0
2022-06-13 10:54:00,970,970,970,970,0
2022-06-13 10:55:00,970,970,970,970,0
2022-06-13 10:56:00,970,970,970,970,1300
2022-06-13 10:57:00,970,970,970,970,500
2022-06-13 10:58:00,970,970,970,970,0
2022-06-13 10:59:00,970,970,970,970,0
2022-06-13 11:00:00,970,970,970,970,0
2022-06-13 11:01:00,970,970,970,970,0
2022-06-13 11:02:00,970,970,970,970,0
2022-06-13 11:03:00,970,970,970,970,0
2022-06-13 11:04:00,970,970,970,970,0
2022-06-13 11:05:00,970,970,970,970,0
2022-06-13 11:06:00,970,970,970,970,0
2022-06-13 11:07:00,970,970,970,970,0
2022-06-13 11:08:00,970,970,970,970,0
2022-06-13 11:09:00,965,965,965,965,10800
2022-06-13 11:10:00,965,965,965,965,3600
2022-06-13 11:11:00,965,965,965,965,0
2022-06-13 11:12:00,965,965,965,965,2500
2022-06-13 11:13:00,965,965,965,965,0
2022-06-13 11:14:00,965,965,965,965,10000
2022-06-13 11:15:00,970,965,970,965,2000
2022-06-13 11:16:00,970,965,970,965,0
2022-06-13 11:17:00,970,965,970,965,0
2022-06-13 11:18:00,970,970,970,970,100
2022-06-13 11:19:00,970,970,970,970,2600
2022-06-13 11:20:00,970,970,970,970,2400
2022-06-13 11:21:00,970,970,970,970,0
2022-06-13 11:22:00,970,970,970,970,0
2022-06-13 11:23:00,970,970,970,970,100
2022-06-13 11:24:00,970,970,970,970,0
2022-06-13 11:25:00,970,970,970,970,0
2022-06-13 11:26:00,970,970,970,970,0
2022-06-13 11:27:00,970,970,970,970,0
2022-06-13 11:28:00,970,970,970,970,0
2022-06-13 11:29:00,970,970,970,970,0
2022-06-13 11:30:00,970,970,970,970,0
2022-06-13 11:31:00,970,970,970,970,0
2022-06-13 11:32:00,970,970,970,970,0
2022-06-13 11:33:00,970,970,970,970,0
2022-06-13 11:34:00,970,970,970,970,0
2022-06-13 11:35:00,970,970,970,970,0
2022-06-13 11:36:00,970,970,970,970,0
2022-06-13 11:37:00,970,970,970,970,0
2022-06-13 11:38:00,970,970,970,970,0
2022-06-13 11:39:00,970,970,970,970,0
2022-06-13 11:40:00,970,970,970,970,0
2022-06-13 11:41:00,970,970,970,970,0
2022-06-13 11:42:00,970,970,970,970,0
2022-06-13 11:43:00,970,970,970,970,0
2022-06-13 11:44:00,970,970,970,970,0
2022-06-13 11:45:00,970,970,970,970,0
2022-06-13 11:46:00,970,970,970,970,0
2022-06-13 11:47:00,970,970,970,970,0
2022-06-13 11:48:00,970,970,970,970,0
2022-06-13 11:49:00,970,970,970,970,0
2022-06-13 11:50:00,970,970,970,970,0
2022-06-13 11:51:00,970,970,970,970,0
2022-06-13 11:52:00,970,970,970,970,0
2022-06-13 11:53:00,970,970,970,970,0
2022-06-13 11:54:00,970,970,970,970,0
2022-06-13 11:55:00,970,970,970,970,0
2022-06-13 11:56:00,970,970,970,970,0
2022-06-13 11:57:00,970,970,970,970,0
2022-06-13 11:58:00,970,970,970,970,0
2022-06-13 11:59:00,970,970,970,970,0
2022-06-13 12:00:00,970,970,970,970,0
2022-06-13 12:01:00,970,970,970,970,0
2022-06-13 12:02:00,970,970,970,970,0
2022-06-13 12:03:00,970,970,970,970,0
2022-06-13 12:04:00,970,970,970,970,0
2022-06-13 12:05:00,970,970,970,970,0
2022-06-13 12:06:00,970,970,970,970,0
2022-06-13 12:07:00,970,970,970,970,0
2022-06-13 12:08:00,970,970,970,970,0
2022-06-13 12:09:00,970,970,970,970,0
2022-06-13 12:10:00,970,970,970,970,0
2022-06-13 12:11:00,970,970,970,970,0
2022-06-13 12:12:00,970,970,970,970,0
2022-06-13 12:13:00,970,970,970,970,0
2022-06-13 12:14:00,970,970,970,970,0
2022-06-13 12:15:00,970,970,970,970,0
2022-06-13 12:16:00,970,970,970,970,0
2022-06-13 12:17:00,970,970,970,970,0
2022-06-13 12:18:00,970,970,970,970,0
2022-06-13 12:19:00,970,970,970,970,0
2022-06-13 12:20:00,970,970,970,970,0
2022-06-13 12:21:00,970,970,970,970,0
2022-06-13 12:22:00,970,970,970,970,0
2022-06-13 12:23:00,970,970,970,970,0
2022-06-13 12:24:00,970,970,970,970,0
2022-06-13 12:25:00,970,970,970,970,0
2022-06-13 12:26:00,970,970,970,970,0
2022-06-13 12:27:00,970,970,970,970,0
2022-06-13 12:28:00,970,970,970,970,0
2022-06-13 12:29:00,970,970,970,970,0
2022-06-13 12:30:00,970,970,970,970,0
2022-06-13 12:31:00,970,970,970,970,0
2022-06-13 12:32:00,970,970,970,970,0
2022-06-13 12:33:00,970,970,970,970,0
2022-06-13 12:34:00,970,970,970,970,0
2022-06-13 12:35:00,970,970,970,970,0
2022-06-13 12:36:00,970,970,970,970,0
2022-06-13 12:37:00,970,970,970,970,0
2022-06-13 12:38:00,970,970,970,970,0
2022-06-13 12:39:00,970,970,970,970,0
2022-06-13 12:40:00,970,970,970,970,0
2022-06-13 12:41:00,970,970,970,970,0
2022-06-13 12:42:00,970,970,970,970,0
2022-06-13 12:43:00,970,970,970,970,0
2022-06-13 12:44:00,970,970,970,970,0
2022-06-13 12:45:00,970,970,970,970,0
2022-06-13 12:46:00,970,970,970,970,0
2022-06-13 12:47:00,970,970,970,970,0
2022-06-13 12:48:00,970,970,970,970,0
2022-06-13 12:49:00,970,970,970,970,0
2022-06-13 12:50:00,970,970,970,970,0
2022-06-13 12:51:00,970,970,970,970,0
2022-06-13 12:52:00,970,970,970,970,0
2022-06-13 12:53:00,970,970,970,970,0
2022-06-13 12:54:00,970,970,970,970,0
2022-06-13 12:55:00,970,970,970,970,0
2022-06-13 12:56:00,970,970,970,970,0
2022-06-13 12:57:00,970,970,970,970,0
2022-06-13 12:58:00,970,970,970,970,0
2022-06-13 12:59:00,970,970,970,970,0
2022-06-13 13:00:00,970,970,970,970,0
2022-06-13 13:01:00,970,970,970,970,0
2022-06-13 13:02:00,970,970,970,970,0
2022-06-13 13:03:00,970,970,970,970,0
2022-06-13 13:04:00,970,970,970,970,0
2022-06-13 13:05:00,970,970,970,970,0
2022-06-13 13:06:00,970,970,970,970,0
2022-06-13 13:07:00,970,970,970,970,0
2022-06-13 13:08:00,970,970,970,970,0
2022-06-13 13:09:00,970,970,970,970,0
2022-06-13 13:10:00,970,970,970,970,0
2022-06-13 13:11:00,970,970,970,970,0
2022-06-13 13:12:00,970,970,970,970,0
2022-06-13 13:13:00,970,970,970,970,0
2022-06-13 13:14:00,970,970,970,970,0
2022-06-13 13:15:00,970,970,970,970,0
2022-06-13 13:16:00,970,970,970,970,0
2022-06-13 13:17:00,970,970,970,970,0
2022-06-13 13:18:00,970,970,970,970,0
2022-06-13 13:19:00,970,970,970,970,0
2022-06-13 13:20:00,970,970,970,970,0
2022-06-13 13:21:00,970,970,970,970,0
2022-06-13 13:22:00,970,970,970,970,0
2022-06-13 13:23:00,970,970,970,970,0
2022-06-13 13:24:00,970,970,970,970,0
2022-06-13 13:25:00,970,970,970,970,0
2022-06-13 13:26:00,970,970,970,970,0
2022-06-13 13:27:00,970,970,970,970,0
2022-06-13 13:28:00,970,970,970,970,0
2022-06-13 13:29:00,970,970,970,970,0
2022-06-13 13:30:00,990,950,990,965,206100
2022-06-13 13:31:00,960,960,960,960,2600
2022-06-13 13:32:00,955,950,955,950,10000
2022-06-13 13:33:00,955,955,955,955,200000
2022-06-13 13:34:00,955,955,955,955,0
2022-06-13 13:35:00,955,955,955,955,0
2022-06-13 13:36:00,965,965,965,965,200
2022-06-13 13:37:00,965,955,965,955,2800
2022-06-13 13:38:00,950,950,955,955,4900
2022-06-13 13:39:00,955,955,955,955,1000
2022-06-13 13:40:00,955,955,955,955,5000
2022-06-13 13:41:00,955,945,955,945,253100
2022-06-13 13:42:00,965,965,965,965,20000
2022-06-13 13:43:00,965,965,965,965,0
2022-06-13 13:44:00,965,965,965,965,0
2022-06-13 13:45:00,965,965,965,965,0
2022-06-13 13:46:00,960,960,960,960,3400
2022-06-13 13:47:00,960,960,960,960,0
2022-06-13 13:48:00,960,960,960,960,0
2022-06-13 13:49:00,960,950,960,950,800
2022-06-13 13:50:00,950,950,950,950,11500
2022-06-13 13:51:00,950,950,950,950,0
2022-06-13 13:52:00,950,950,950,950,0
2022-06-13 13:53:00,950,950,950,950,2500
2022-06-13 13:54:00,950,950,950,950,0
2022-06-13 13:55:00,955,955,955,955,300
2022-06-13 13:56:00,955,955,955,955,400
2022-06-13 13:57:00,955,955,955,955,0
2022-06-13 13:58:00,955,955,955,955,0
2022-06-13 13:59:00,955,955,955,955,20000
2022-06-13 14:00:00,955,955,955,955,5700
2022-06-13 14:01:00,955,950,955,950,35300
2022-06-13 14:02:00,955,945,955,950,126100
2022-06-13 14:03:00,945,945,945,945,32300
2022-06-13 14:04:00,945,945,945,945,22800
2022-06-13 14:05:00,945,945,950,950,15000
2022-06-13 14:06:00,950,950,950,950,1500
2022-06-13 14:07:00,945,945,945,945,3000
2022-06-13 14:08:00,950,945,950,945,17300
2022-06-13 14:09:00,950,950,950,950,100
2022-06-13 14:10:00,950,945,950,945,2000
2022-06-13 14:11:00,950,945,950,945,0
2022-06-13 14:12:00,950,945,950,945,0
2022-06-13 14:13:00,950,945,950,945,0
2022-06-13 14:14:00,950,945,950,945,0
2022-06-13 14:15:00,950,945,950,945,7700
2022-06-13 14:16:00,950,945,950,945,0
2022-06-13 14:17:00,945,945,945,945,100
2022-06-13 14:18:00,945,945,950,950,7200
2022-06-13 14:19:00,945,945,945,945,100
2022-06-13 14:20:00,945,945,950,950,4700
2022-06-13 14:21:00,950,950,950,950,2200
2022-06-13 14:22:00,950,950,950,950,0
2022-06-13 14:23:00,950,950,950,950,0
2022-06-13 14:24:00,950,950,950,950,200
2022-06-13 14:25:00,950,950,950,950,0
2022-06-13 14:26:00,950,950,950,950,500
2022-06-13 14:27:00,950,950,950,950,0
2022-06-13 14:28:00,950,950,950,950,0
2022-06-13 14:29:00,950,950,950,950,0
2022-06-13 14:30:00,945,945,945,945,50000
2022-06-13 14:31:00,945,945,945,945,100
2022-06-13 14:32:00,945,945,945,945,1000
2022-06-13 14:33:00,945,945,945,945,0
2022-06-13 14:34:00,945,945,945,945,23100
2022-06-13 14:35:00,945,945,945,945,100
2022-06-13 14:36:00,945,945,945,945,10000
2022-06-13 14:37:00,945,945,950,945,20200
2022-06-13 14:38:00,945,945,945,945,200
2022-06-13 14:39:00,945,945,945,945,1300
2022-06-13 14:40:00,945,945,945,945,0
2022-06-13 14:41:00,945,945,945,945,0
2022-06-13 14:42:00,945,945,945,945,100
2022-06-13 14:43:00,945,945,945,945,0
2022-06-13 14:44:00,945,945,945,945,0
2022-06-13 14:45:00,945,945,945,945,3000
2022-06-13 14:46:00,945,945,945,945,0
2022-06-13 14:47:00,945,945,945,945,0
2022-06-13 14:48:00,945,945,945,945,10200
2022-06-13 14:49:00,945,945,945,945,100
2022-06-13 14:50:00,945,945,945,945,0
2022-06-13 14:51:00,945,945,945,945,0
2022-06-13 14:52:00,945,945,945,945,0
2022-06-13 14:53:00,945,945,945,945,0
2022-06-13 14:54:00,945,945,945,945,0
2022-06-13 14:55:00,945,945,945,945,0
2022-06-13 14:56:00,945,945,945,945,0
2022-06-13 14:57:00,945,945,945,945,0
2022-06-13 14:58:00,945,945,945,945,0
2022-06-13 14:59:00,945,945,945,945,0
2022-06-13 15:00:00,945,945,945,945,18900
2022-06-13 15:01:00,945,945,945,945,0
2022-06-13 15:02:00,945,945,945,945,0
2022-06-13 15:03:00,945,945,945,945,100
2022-06-13 15:04:00,945,945,945,945,0
2022-06-13 15:05:00,945,945,945,945,0
2022-06-13 15:06:00,945,945,945,945,0
2022-06-13 15:07:00,945,945,945,945,0
2022-06-13 15:08:00,945,945,945,945,100
2022-06-13 15:09:00,945,945,945,945,0
2022-06-13 15:10:00,945,945,945,945,900
2022-06-13 15:11:00,945,945,945,945,1100
2022-06-13 15:12:00,945,945,945,945,2100
2022-06-13 15:13:00,945,945,945,945,0
2022-06-13 15:14:00,945,945,945,945,0
2022-06-13 15:15:00,945,945,945,945,0
2022-06-13 15:16:00,945,945,945,945,0
2022-06-13 15:17:00,945,945,945,945,0
2022-06-13 15:18:00,945,945,945,945,0
2022-06-13 15:19:00,945,945,945,945,0
2022-06-13 15:20:00,945,945,945,945,0
2022-06-13 15:21:00,945,945,945,945,0
2022-06-13 15:22:00,945,945,945,945,0
2022-06-13 15:23:00,945,945,945,945,0
2022-06-13 15:24:00,945,945,945,945,0
2022-06-13 15:25:00,945,945,945,945,0
2022-06-13 15:26:00,945,945,945,945,0
2022-06-13 15:27:00,945,945,945,945,0
2022-06-13 15:28:00,945,945,945,945,0
2022-06-13 15:29:00,945,945,945,945,0
2022-06-13 15:30:00,945,945,945,945,0
2022-06-13 15:31:00,945,945,945,945,0
2022-06-13 15:32:00,945,945,945,945,0
2022-06-13 15:33:00,945,945,945,945,0
2022-06-13 15:34:00,945,945,945,945,0
2022-06-13 15:35:00,945,945,945,945,0
2022-06-13 15:36:00,945,945,945,945,0
2022-06-13 15:37:00,945,945,945,945,0
2022-06-13 15:38:00,945,945,945,945,0
2022-06-13 15:39:00,945,945,945,945,0
2022-06-13 15:40:00,945,945,945,945,0
2022-06-13 15:41:00,945,945,945,945,0
2022-06-13 15:42:00,945,945,945,945,0
2022-06-13 15:43:00,945,945,945,945,0
2022-06-13 15:44:00,945,945,945,945,0
2022-06-13 15:45:00,945,945,945,945,0
2022-06-13 15:46:00,945,945,945,945,0
2022-06-13 15:47:00,945,945,945,945,0
2022-06-13 15:48:00,945,945,945,945,0
2022-06-13 15:49:00,945,945,945,945,0
2022-06-13 15:50:00,945,945,945,945,0
2022-06-13 15:51:00,945,945,945,945,0
2022-06-13 15:52:00,945,945,945,945,0
2022-06-13 15:53:00,945,945,945,945,0
2022-06-13 15:54:00,945,945,945,945,0
2022-06-13 15:55:00,945,945,945,945,0
2022-06-13 15:56:00,945,945,945,945,0
2022-06-13 15:57:00,945,945,945,945,0
2022-06-13 15:58:00,945,945,945,945,0
2022-06-13 15:59:00,945,945,945,945,0
2022-06-14 09:00:00,940,940,945,940,0
2022-06-14 09:01:00,935,925,935,925,15600
2022-06-14 09:02:00,920,905,920,905,88100
2022-06-14 09:03:00,905,905,910,905,31800
2022-06-14 09:04:00,905,905,910,910,32000
2022-06-14 09:05:00,915,915,915,915,300
2022-06-14 09:06:00,925,925,925,925,9700
2022-06-14 09:07:00,925,925,925,925,0
2022-06-14 09:08:00,925,925,925,925,0
2022-06-14 09:09:00,925,925,925,925,1000
2022-06-14 09:10:00,925,925,925,925,100
2022-06-14 09:11:00,925,925,925,925,0
2022-06-14 09:12:00,925,925,925,925,0
2022-06-14 09:13:00,925,925,925,925,0
2022-06-14 09:14:00,925,925,925,925,10600
2022-06-14 09:15:00,925,925,925,925,0
2022-06-14 09:16:00,925,925,925,925,200
2022-06-14 09:17:00,935,935,935,935,100
2022-06-14 09:18:00,935,935,935,935,100
2022-06-14 09:19:00,935,935,935,935,0
2022-06-14 09:20:00,935,935,935,935,700
2022-06-14 09:21:00,935,935,935,935,100
2022-06-14 09:22:00,935,935,935,935,200
2022-06-14 09:23:00,930,925,930,925,16900
2022-06-14 09:24:00,925,925,925,925,4000
2022-06-14 09:25:00,925,925,925,925,0
2022-06-14 09:26:00,930,925,930,925,300
2022-06-14 09:27:00,930,925,930,925,0
2022-06-14 09:28:00,925,925,925,925,1000
2022-06-14 09:29:00,925,920,925,920,2900
2022-06-14 09:30:00,925,920,925,920,0
2022-06-14 09:31:00,920,920,920,920,1000
2022-06-14 09:32:00,920,920,920,920,0
2022-06-14 09:33:00,920,920,920,920,0
2022-06-14 09:34:00,920,920,920,920,0
2022-06-14 09:35:00,920,920,925,925,1200
2022-06-14 09:36:00,920,920,925,925,0
2022-06-14 09:37:00,920,920,920,920,100
2022-06-14 09:38:00,920,920,920,920,1000
2022-06-14 09:39:00,920,920,920,920,0
2022-06-14 09:40:00,920,920,920,920,0
2022-06-14 09:41:00,925,925,925,925,100
2022-06-14 09:42:00,925,925,925,925,600
2022-06-14 09:43:00,925,925,925,925,0
2022-06-14 09:44:00,925,925,925,925,0
2022-06-14 09:45:00,920,920,920,920,2000
2022-06-14 09:46:00,925,925,925,925,500
2022-06-14 09:47:00,925,925,925,925,0
2022-06-14 09:48:00,920,920,920,920,6800
2022-06-14 09:49:00,920,920,920,920,0
2022-06-14 09:50:00,925,925,925,925,1000
2022-06-14 09:51:00,925,925,925,925,0
2022-06-14 09:52:00,925,925,925,925,0
2022-06-14 09:53:00,925,925,925,925,0
2022-06-14 09:54:00,925,925,925,925,0
2022-06-14 09:55:00,925,925,925,925,0
2022-06-14 09:56:00,925,925,925,925,0
2022-06-14 09:57:00,925,925,925,925,12300
2022-06-14 09:58:00,925,925,925,925,0
2022-06-14 09:59:00,925,925,925,925,100
2022-06-14 10:00:00,925,925,925,925,0
2022-06-14 10:01:00,925,925,925,925,20600
2022-06-14 10:02:00,925,925,925,925,0
2022-06-14 10:03:00,925,925,925,925,0
2022-06-14 10:04:00,925,925,925,925,100
2022-06-14 10:05:00,925,925,925,925,500
2022-06-14 10:06:00,930,930,930,930,32900
2022-06-14 10:07:00,930,930,930,930,0
2022-06-14 10:08:00,930,930,930,930,0
2022-06-14 10:09:00,930,930,930,930,0
2022-06-14 10:10:00,930,930,930,930,17800
2022-06-14 10:11:00,930,930,930,930,0
2022-06-14 10:12:00,930,930,930,930,0
2022-06-14 10:13:00,930,930,930,930,0
2022-06-14 10:14:00,930,930,930,930,0
2022-06-14 10:15:00,930,930,930,930,0
2022-06-14 10:16:00,930,930,930,930,0
2022-06-14 10:17:00,935,935,935,935,19400
2022-06-14 10:18:00,935,935,935,935,5600
2022-06-14 10:19:00,935,935,935,935,200
2022-06-14 10:20:00,935,935,935,935,300
2022-06-14 10:21:00,935,935,935,935,30100
2022-06-14 10:22:00,935,935,935,935,300
2022-06-14 10:23:00,935,935,935,935,0
2022-06-14 10:24:00,935,935,935,935,700
2022-06-14 10:25:00,935,935,935,935,0
2022-06-14 10:26:00,940,940,940,940,6500
2022-06-14 10:27:00,940,940,940,940,0
2022-06-14 10:28:00,940,940,940,940,0
2022-06-14 10:29:00,940,940,940,940,0
2022-06-14 10:30:00,940,940,940,940,0
2022-06-14 10:31:00,940,940,940,940,0
2022-06-14 10:32:00,940,940,940,940,100
2022-06-14 10:33:00,935,935,935,935,5000
2022-06-14 10:34:00,935,935,935,935,63100
2022-06-14 10:35:00,935,930,935,930,25800
2022-06-14 10:36:00,935,935,935,935,50000
2022-06-14 10:37:00,935,935,935,935,0
2022-06-14 10:38:00,935,935,935,935,0
2022-06-14 10:39:00,935,935,935,935,100
2022-06-14 10:40:00,935,935,935,935,58100
2022-06-14 10:41:00,935,935,935,935,0
2022-06-14 10:42:00,935,935,935,935,0
2022-06-14 10:43:00,935,935,935,935,500
2022-06-14 10:44:00,935,935,935,935,0
2022-06-14 10:45:00,935,935,935,935,0
2022-06-14 10:46:00,935,935,935,935,0
2022-06-14 10:47:00,935,935,935,935,0
2022-06-14 10:48:00,935,935,935,935,0
2022-06-14 10:49:00,935,935,935,935,0
2022-06-14 10:50:00,935,935,935,935,0
2022-06-14 10:51:00,935,935,935,935,0
2022-06-14 10:52:00,935,935,935,935,0
2022-06-14 10:53:00,935,935,935,935,0
2022-06-14 10:54:00,935,935,935,935,41400
2022-06-14 10:55:00,935,935,935,935,0
2022-06-14 10:56:00,935,935,935,935,0
2022-06-14 10:57:00,935,935,935,935,0
2022-06-14 10:58:00,935,935,935,935,0
2022-06-14 10:59:00,930,930,930,930,100
2022-06-14 11:00:00,930,930,930,930,0
2022-06-14 11:01:00,930,930,930,930,12000
2022-06-14 11:02:00,935,935,935,935,100
2022-06-14 11:03:00,930,930,930,930,500
2022-06-14 11:04:00,930,930,930,930,5700
2022-06-14 11:05:00,930,930,930,930,0
2022-06-14 11:06:00,925,925,925,925,1000
2022-06-14 11:07:00,925,925,925,925,0
2022-06-14 11:08:00,930,930,930,930,500
2022-06-14 11:09:00,930,930,930,930,0
2022-06-14 11:10:00,930,930,930,930,2000
2022-06-14 11:11:00,930,930,930,930,0
2022-06-14 11:12:00,930,930,930,930,28700
2022-06-14 11:13:00,935,935,935,935,100
2022-06-14 11:14:00,935,935,935,935,8800
2022-06-14 11:15:00,935,935,935,935,100
2022-06-14 11:16:00,935,935,935,935,1500
2022-06-14 11:17:00,935,935,935,935,500
2022-06-14 11:18:00,935,935,935,935,7000
2022-06-14 11:19:00,935,935,935,935,600
2022-06-14 11:20:00,935,935,935,935,4000
2022-06-14 11:21:00,935,935,935,935,0
2022-06-14 11:22:00,935,935,935,935,0
2022-06-14 11:23:00,935,935,935,935,0
2022-06-14 11:24:00,935,935,935,935,0
2022-06-14 11:25:00,935,935,935,935,0
2022-06-14 11:26:00,935,935,935,935,0
2022-06-14 11:27:00,935,935,935,935,0
2022-06-14 11:28:00,935,935,935,935,0
2022-06-14 11:29:00,935,935,935,935,0
2022-06-14 11:30:00,935,935,935,935,0
2022-06-14 11:31:00,935,935,935,935,0
2022-06-14 11:32:00,935,935,935,935,0
2022-06-14 11:33:00,935,935,935,935,0
2022-06-14 11:34:00,935,935,935,935,0
2022-06-14 11:35:00,935,935,935,935,0
2022-06-14 11:36:00,935,935,935,935,0
2022-06-14 11:37:00,935,935,935,935,0
2022-06-14 11:38:00,935,935,935,935,0
2022-06-14 11:39:00,935,935,935,935,0
2022-06-14 11:40:00,935,935,935,935,0
2022-06-14 11:41:00,935,935,935,935,0
2022-06-14 11:42:00,935,935,935,935,0
2022-06-14 11:43:00,935,935,935,935,0
2022-06-14 11:44:00,935,935,935,935,0
2022-06-14 11:45:00,935,935,935,935,0
2022-06-14 11:46:00,935,935,935,935,0
2022-06-14 11:47:00,935,935,935,935,0
2022-06-14 11:48:00,935,935,935,935,0
2022-06-14 11:49:00,935,935,935,935,0
2022-06-14 11:50:00,935,935,935,935,0
2022-06-14 11:51:00,935,935,935,935,0
2022-06-14 11:52:00,935,935,935,935,0
2022-06-14 11:53:00,935,935,935,935,0
2022-06-14 11:54:00,935,935,935,935,0
2022-06-14 11:55:00,935,935,935,935,0
2022-06-14 11:56:00,935,935,935,935,0
2022-06-14 11:57:00,935,935,935,935,0
2022-06-14 11:58:00,935,935,935,935,0
2022-06-14 11:59:00,935,935,935,935,0
2022-06-14 12:00:00,935,935,935,935,0
2022-06-14 12:01:00,935,935,935,935,0
2022-06-14 12:02:00,935,935,935,935,0
2022-06-14 12:03:00,935,935,935,935,0
2022-06-14 12:04:00,935,935,935,935,0
2022-06-14 12:05:00,935,935,935,935,0
2022-06-14 12:06:00,935,935,935,935,0
2022-06-14 12:07:00,935,935,935,935,0
2022-06-14 12:08:00,935,935,935,935,0
2022-06-14 12:09:00,935,935,935,935,0
2022-06-14 12:10:00,935,935,935,935,0
2022-06-14 12:11:00,935,935,935,935,0
2022-06-14 12:12:00,935,935,935,935,0
2022-06-14 12:13:00,935,935,935,935,0
2022-06-14 12:14:00,935,935,935,935,0
2022-06-14 12:15:00,935,935,935,935,0
2022-06-14 12:16:00,935,935,935,935,0
2022-06-14 12:17:00,935,935,935,935,0
2022-06-14 12:18:00,935,935,935,935,0
2022-06-14 12:19:00,935,935,935,935,0
2022-06-14 12:20:00,935,935,935,935,0
2022-06-14 12:21:00,935,935,935,935,0
2022-06-14 12:22:00,935,935,935,935,0
2022-06-14 12:23:00,935,935,935,935,0
2022-06-14 12:24:00,935,935,935,935,0
2022-06-14 12:25:00,935,935,935,935,0
2022-06-14 12:26:00,935,935,935,935,0
2022-06-14 12:27:00,935,935,935,935,0
2022-06-14 12:28:00,935,935,935,935,0
2022-06-14 12:29:00,935,935,935,935,0
2022-06-14 12:30:00,935,935,935,935,0
2022-06-14 12:31:00,935,935,935,935,0
2022-06-14 12:32:00,935,935,935,935,0
2022-06-14 12:33:00,935,935,935,935,0
2022-06-14 12:34:00,935,935,935,935,0
2022-06-14 12:35:00,935,935,935,935,0
2022-06-14 12:36:00,935,935,935,935,0
2022-06-14 12:37:00,935,935,935,935,0
2022-06-14 12:38:00,935,935,935,935,0
2022-06-14 12:39:00,935,935,935,935,0
2022-06-14 12:40:00,935,935,935,935,0
2022-06-14 12:41:00,935,935,935,935,0
2022-06-14 12:42:00,935,935,935,935,0
2022-06-14 12:43:00,935,935,935,935,0
2022-06-14 12:44:00,935,935,935,935,0
2022-06-14 12:45:00,935,935,935,935,0
2022-06-14 12:46:00,935,935,935,935,0
2022-06-14 12:47:00,935,935,935,935,0
2022-06-14 12:48:00,935,935,935,935,0
2022-06-14 12:49:00,935,935,935,935,0
2022-06-14 12:50:00,935,935,935,935,0
2022-06-14 12:51:00,935,935,935,935,0
2022-06-14 12:52:00,935,935,935,935,0
2022-06-14 12:53:00,935,935,935,935,0
2022-06-14 12:54:00,935,935,935,935,0
2022-06-14 12:55:00,935,935,935,935,0
2022-06-14 12:56:00,935,935,935,935,0
2022-06-14 12:57:00,935,935,935,935,0
2022-06-14 12:58:00,935,935,935,935,0
2022-06-14 12:59:00,935,935,935,935,0
2022-06-14 13:00:00,935,935,935,935,0
2022-06-14 13:01:00,935,935,935,935,0
2022-06-14 13:02:00,935,935,935,935,0
2022-06-14 13:03:00,935,935,935,935,0
2022-06-14 13:04:00,935,935,935,935,0
2022-06-14 13:05:00,935,935,935,935,0
2022-06-14 13:06:00,935,935,935,935,0
2022-06-14 13:07:00,935,935,935,935,0
2022-06-14 13:08:00,935,935,935,935,0
2022-06-14 13:09:00,935,935,935,935,0
2022-06-14 13:10:00,935,935,935,935,0
2022-06-14 13:11:00,935,935,935,935,0
2022-06-14 13:12:00,935,935,935,935,0
2022-06-14 13:13:00,935,935,935,935,0
2022-06-14 13:14:00,935,935,935,935,0
2022-06-14 13:15:00,935,935,935,935,0
2022-06-14 13:16:00,935,935,935,935,0
2022-06-14 13:17:00,935,935,935,935,0
2022-06-14 13:18:00,935,935,935,935,0
2022-06-14 13:19:00,935,935,935,935,0
2022-06-14 13:20:00,935,935,935,935,0
2022-06-14 13:21:00,935,935,935,935,0
2022-06-14 13:22:00,935,935,935,935,0
2022-06-14 13:23:00,935,935,935,935,0
2022-06-14 13:24:00,935,935,935,935,0
2022-06-14 13:25:00,935,935,935,935,0
2022-06-14 13:26:00,935,935,935,935,0
2022-06-14 13:27:00,935,935,935,935,0
2022-06-14 13:28:00,935,935,935,935,0
2022-06-14 13:29:00,935,935,935,935,0
2022-06-14 13:30:00,935,935,935,935,400
2022-06-14 13:31:00,935,935,935,935,0
2022-06-14 13:32:00,935,935,935,935,0
2022-06-14 13:33:00,935,935,935,935,0
2022-06-14 13:34:00,935,935,935,935,0
2022-06-14 13:35:00,935,935,935,935,0
2022-06-14 13:36:00,935,935,935,935,0
2022-06-14 13:37:00,935,935,935,935,0
2022-06-14 13:38:00,930,930,930,930,2800
2022-06-14 13:39:00,930,930,930,930,0
2022-06-14 13:40:00,930,930,930,930,0
2022-06-14 13:41:00,930,930,930,930,0
2022-06-14 13:42:00,930,930,930,930,0
2022-06-14 13:43:00,930,930,930,930,0
2022-06-14 13:44:00,930,930,930,930,0
2022-06-14 13:45:00,935,935,935,935,700
2022-06-14 13:46:00,935,935,935,935,0
2022-06-14 13:47:00,935,935,935,935,0
2022-06-14 13:48:00,935,935,935,935,0
2022-06-14 13:49:00,935,935,935,935,0
2022-06-14 13:50:00,935,935,935,935,0
2022-06-14 13:51:00,935,935,935,935,0
2022-06-14 13:52:00,935,935,935,935,0
2022-06-14 13:53:00,935,935,935,935,0
2022-06-14 13:54:00,935,935,935,935,0
2022-06-14 13:55:00,935,935,940,940,600
2022-06-14 13:56:00,935,935,940,940,0
2022-06-14 13:57:00,935,935,940,940,0
2022-06-14 13:58:00,935,935,940,940,0
2022-06-14 13:59:00,940,940,940,940,100
2022-06-14 14:00:00,940,940,940,940,0
2022-06-14 14:01:00,940,940,940,940,0
2022-06-14 14:02:00,940,940,940,940,0
2022-06-14 14:03:00,940,940,940,940,0
2022-06-14 14:04:00,940,940,940,940,0
2022-06-14 14:05:00,940,940,940,940,0
2022-06-14 14:06:00,940,940,940,940,0
2022-06-14 14:07:00,940,940,940,940,0
2022-06-14 14:08:00,940,940,940,940,100
2022-06-14 14:09:00,940,940,940,940,0
2022-06-14 14:10:00,940,940,940,940,0
2022-06-14 14:11:00,940,940,940,940,0
2022-06-14 14:12:00,940,940,940,940,0
2022-06-14 14:13:00,940,940,940,940,0
2022-06-14 14:14:00,940,940,940,940,0
2022-06-14 14:15:00,940,940,940,940,0
2022-06-14 14:16:00,940,940,940,940,0
2022-06-14 14:17:00,940,940,940,940,0
2022-06-14 14:18:00,940,940,940,940,0
2022-06-14 14:19:00,940,940,940,940,0
2022-06-14 14:20:00,940,940,940,940,0
2022-06-14 14:21:00,940,940,940,940,0
2022-06-14 14:22:00,940,940,940,940,0
2022-06-14 14:23:00,940,940,940,940,732800
2022-06-14 14:24:00,940,940,940,940,0
2022-06-14 14:25:00,940,940,940,940,0
2022-06-14 14:26:00,940,940,940,940,0
2022-06-14 14:27:00,940,940,940,940,0
2022-06-14 14:28:00,945,945,945,945,3400
2022-06-14 14:29:00,945,945,945,945,0
2022-06-14 14:30:00,945,945,945,945,0
2022-06-14 14:31:00,945,945,945,945,0
2022-06-14 14:32:00,945,945,945,945,100
2022-06-14 14:33:00,945,945,945,945,0
2022-06-14 14:34:00,945,945,945,945,200
2022-06-14 14:35:00,945,945,945,945,10000
2022-06-14 14:36:00,945,945,945,945,0
2022-06-14 14:37:00,945,945,945,945,0
2022-06-14 14:38:00,945,945,945,945,2500
2022-06-14 14:39:00,945,945,945,945,700
2022-06-14 14:40:00,945,945,945,945,0
2022-06-14 14:41:00,945,945,945,945,0
2022-06-14 14:42:00,945,945,945,945,1500
2022-06-14 14:43:00,945,945,945,945,0
2022-06-14 14:44:00,940,940,940,940,200
2022-06-14 14:45:00,945,945,945,945,1000
2022-06-14 14:46:00,945,945,945,945,0
2022-06-14 14:47:00,945,940,945,940,10900
2022-06-14 14:48:00,940,940,945,945,2900
2022-06-14 14:49:00,940,940,945,945,0
2022-06-14 14:50:00,940,940,945,945,0
2022-06-14 14:51:00,940,940,945,945,0
2022-06-14 14:52:00,940,940,945,945,0
2022-06-14 14:53:00,940,940,945,945,0
2022-06-14 14:54:00,940,940,945,945,0
2022-06-14 14:55:00,940,940,945,945,0
2022-06-14 14:56:00,940,940,945,945,0
2022-06-14 14:57:00,940,940,945,945,0
2022-06-14 14:58:00,940,940,945,945,0
2022-06-14 14:59:00,940,940,945,945,0
2022-06-14 15:00:00,940,940,940,940,27900
2022-06-14 15:01:00,940,940,940,940,0
2022-06-14 15:02:00,940,940,940,940,0
2022-06-14 15:03:00,940,940,940,940,3000
2022-06-14 15:04:00,940,940,940,940,0
2022-06-14 15:05:00,940,940,940,940,0
2022-06-14 15:06:00,940,940,940,940,0
2022-06-14 15:07:00,940,940,940,940,7200
2022-06-14 15:08:00,940,940,940,940,3900
2022-06-14 15:09:00,940,940,940,940,0
2022-06-14 15:10:00,940,940,940,940,0
2022-06-14 15:11:00,940,940,940,940,200
2022-06-14 15:12:00,940,940,940,940,0
2022-06-14 15:13:00,940,940,940,940,0
2022-06-14 15:14:00,940,940,940,940,0
2022-06-14 15:15:00,940,940,940,940,0
2022-06-14 15:16:00,940,940,940,940,0
2022-06-14 15:17:00,940,940,940,940,0
2022-06-14 15:18:00,940,940,940,940,0
2022-06-14 15:19:00,940,940,940,940,0
2022-06-14 15:20:00,940,940,940,940,0
2022-06-14 15:21:00,940,940,940,940,0
2022-06-14 15:22:00,940,940,940,940,0
2022-06-14 15:23:00,940,940,940,940,0
2022-06-14 15:24:00,940,940,940,940,0
2022-06-14 15:25:00,940,940,940,940,0
2022-06-14 15:26:00,940,940,940,940,0
2022-06-14 15:27:00,940,940,940,940,0
2022-06-14 15:28:00,940,940,940,940,0
2022-06-14 15:29:00,940,940,940,940,0
2022-06-14 15:30:00,940,940,940,940,0
2022-06-14 15:31:00,940,940,940,940,0
2022-06-14 15:32:00,940,940,940,940,0
2022-06-14 15:33:00,940,940,940,940,0
2022-06-14 15:34:00,940,940,940,940,0
2022-06-14 15:35:00,940,940,940,940,0
2022-06-14 15:36:00,940,940,940,940,0
2022-06-14 15:37:00,940,940,940,940,0
2022-06-14 15:38:00,940,940,940,940,0
2022-06-14 15:39:00,940,940,940,940,0
2022-06-14 15:40:00,940,940,940,940,0
2022-06-14 15:41:00,940,940,940,940,0
2022-06-14 15:42:00,940,940,940,940,0
2022-06-14 15:43:00,940,940,940,940,0
2022-06-14 15:44:00,940,940,940,940,0
2022-06-14 15:45:00,940,940,940,940,0
2022-06-14 15:46:00,940,940,940,940,0
2022-06-14 15:47:00,940,940,940,940,0
2022-06-14 15:48:00,940,940,940,940,0
2022-06-14 15:49:00,940,940,940,940,0
2022-06-14 15:50:00,940,940,940,940,0
2022-06-14 15:51:00,940,940,940,940,0
2022-06-14 15:52:00,940,940,940,940,0
2022-06-14 15:53:00,940,940,940,940,0
2022-06-14 15:54:00,940,940,940,940,0
2022-06-14 15:55:00,940,940,940,940,0
2022-06-14 15:56:00,940,940,940,940,0
2022-06-14 15:57:00,940,940,940,940,0
2022-06-14 15:58:00,940,940,940,940,0
2022-06-14 15:59:00,940,940,940,940,0
2022-06-15 09:00:00,940,940,945,940,0
2022-06-15 09:01:00,940,935,940,935,7700
2022-06-15 09:02:00,940,935,940,935,0
2022-06-15 09:03:00,940,935,940,935,0
2022-06-15 09:04:00,935,935,935,935,10000
2022-06-15 09:05:00,935,935,935,935,0
2022-06-15 09:06:00,930,930,930,930,1400
2022-06-15 09:07:00,930,930,930,930,5000
2022-06-15 09:08:00,935,930,935,930,1000
2022-06-15 09:09:00,935,930,935,930,0
2022-06-15 09:10:00,925,925,925,925,11300
2022-06-15 09:11:00,925,925,925,925,6000
2022-06-15 09:12:00,925,925,925,925,0
2022-06-15 09:13:00,925,925,925,925,2000
2022-06-15 09:14:00,925,925,925,925,95500
2022-06-15 09:15:00,925,925,925,925,104700
2022-06-15 09:16:00,925,925,925,925,0
2022-06-15 09:17:00,930,930,930,930,300
2022-06-15 09:18:00,930,930,930,930,0
2022-06-15 09:19:00,930,930,930,930,0
2022-06-15 09:20:00,930,930,930,930,0
2022-06-15 09:21:00,930,930,930,930,500
2022-06-15 09:22:00,930,930,930,930,200
2022-06-15 09:23:00,930,930,930,930,0
2022-06-15 09:24:00,930,930,930,930,0
2022-06-15 09:25:00,925,925,925,925,1500
2022-06-15 09:26:00,925,925,925,925,3500
2022-06-15 09:27:00,925,925,925,925,0
2022-06-15 09:28:00,925,925,925,925,1000
2022-06-15 09:29:00,925,925,925,925,34700
2022-06-15 09:30:00,925,925,925,925,0
2022-06-15 09:31:00,925,925,925,925,700
2022-06-15 09:32:00,925,925,925,925,25500
2022-06-15 09:33:00,925,925,925,925,1000
2022-06-15 09:34:00,925,925,925,925,0
2022-06-15 09:35:00,925,925,925,925,1000
2022-06-15 09:36:00,925,925,925,925,0
2022-06-15 09:37:00,925,925,925,925,1200
2022-06-15 09:38:00,920,920,920,920,3000
2022-06-15 09:39:00,920,920,925,925,3000
2022-06-15 09:40:00,920,920,925,925,0
2022-06-15 09:41:00,920,920,925,925,0
2022-06-15 09:42:00,925,925,925,925,400
2022-06-15 09:43:00,925,925,925,925,0
2022-06-15 09:44:00,925,925,925,925,0
2022-06-15 09:45:00,925,925,925,925,0
2022-06-15 09:46:00,925,925,930,930,70000
2022-06-15 09:47:00,930,930,930,930,300
2022-06-15 09:48:00,930,930,930,930,0
2022-06-15 09:49:00,925,925,925,925,100
2022-06-15 09:50:00,925,925,925,925,500
2022-06-15 09:51:00,925,925,925,925,0
2022-06-15 09:52:00,925,925,925,925,0
2022-06-15 09:53:00,925,925,930,925,1500
2022-06-15 09:54:00,920,920,920,920,15900
2022-06-15 09:55:00,920,915,925,925,300600
2022-06-15 09:56:00,920,915,925,925,0
2022-06-15 09:57:00,920,915,925,925,0
2022-06-15 09:58:00,915,915,915,915,1000
2022-06-15 09:59:00,915,915,915,915,7200
2022-06-15 10:00:00,920,920,920,920,400
2022-06-15 10:01:00,920,920,920,920,0
2022-06-15 10:02:00,920,920,920,920,4000
2022-06-15 10:03:00,920,920,920,920,0
2022-06-15 10:04:00,920,920,920,920,3600
2022-06-15 10:05:00,920,920,920,920,0
2022-06-15 10:06:00,920,920,920,920,0
2022-06-15 10:07:00,920,920,920,920,10000
2022-06-15 10:08:00,915,910,920,910,78100
2022-06-15 10:09:00,910,900,910,900,449800
2022-06-15 10:10:00,900,890,900,890,308900
2022-06-15 10:11:00,900,900,900,900,6100
2022-06-15 10:12:00,900,900,900,900,0
2022-06-15 10:13:00,900,895,900,895,25700
2022-06-15 10:14:00,895,895,895,895,5400
2022-06-15 10:15:00,895,895,895,895,0
2022-06-15 10:16:00,895,895,895,895,0
2022-06-15 10:17:00,900,900,900,900,100
2022-06-15 10:18:00,900,900,900,900,0
2022-06-15 10:19:00,900,900,900,900,200
2022-06-15 10:20:00,895,895,895,895,200
2022-06-15 10:21:00,895,895,895,895,0
2022-06-15 10:22:00,900,900,900,900,900
2022-06-15 10:23:00,900,900,905,905,2500
2022-06-15 10:24:00,905,905,905,905,1600
2022-06-15 10:25:00,900,900,900,900,1600
2022-06-15 10:26:00,900,900,900,900,0
2022-06-15 10:27:00,900,900,900,900,0
2022-06-15 10:28:00,900,900,900,900,900
2022-06-15 10:29:00,900,900,900,900,0
2022-06-15 10:30:00,900,900,900,900,0
2022-06-15 10:31:00,900,900,900,900,0
2022-06-15 10:32:00,900,900,900,900,0
2022-06-15 10:33:00,900,900,900,900,0
2022-06-15 10:34:00,900,900,900,900,0
2022-06-15 10:35:00,900,900,900,900,0
2022-06-15 10:36:00,900,900,900,900,0
2022-06-15 10:37:00,900,900,900,900,0
2022-06-15 10:38:00,900,900,900,900,0
2022-06-15 10:39:00,900,900,900,900,0
2022-06-15 10:40:00,900,900,900,900,0
2022-06-15 10:41:00,900,900,900,900,2300
2022-06-15 10:42:00,900,900,900,900,0
2022-06-15 10:43:00,900,900,900,900,1000
2022-06-15 10:44:00,900,900,900,900,0
2022-06-15 10:45:00,905,905,905,905,100
2022-06-15 10:46:00,900,900,900,900,2500
2022-06-15 10:47:00,905,905,905,905,100
2022-06-15 10:48:00,900,895,900,895,78600
2022-06-15 10:49:00,895,895,895,895,500
2022-06-15 10:50:00,895,890,895,890,3100
2022-06-15 10:51:00,895,890,895,890,0
2022-06-15 10:52:00,895,890,895,890,0
2022-06-15 10:53:00,890,890,890,890,27100
2022-06-15 10:54:00,890,890,890,890,100
2022-06-15 10:55:00,895,895,895,895,3600
2022-06-15 10:56:00,895,895,895,895,0
2022-06-15 10:57:00,895,895,895,895,2600
2022-06-15 10:58:00,895,895,895,895,0
2022-06-15 10:59:00,895,890,895,890,800
2022-06-15 11:00:00,895,895,895,895,400
2022-06-15 11:01:00,895,895,895,895,0
2022-06-15 11:02:00,895,895,895,895,2600
2022-06-15 11:03:00,895,895,895,895,0
2022-06-15 11:04:00,895,895,895,895,0
2022-06-15 11:05:00,895,895,895,895,0
2022-06-15 11:06:00,895,895,895,895,20700
2022-06-15 11:07:00,900,900,900,900,100
2022-06-15 11:08:00,900,900,900,900,100
2022-06-15 11:09:00,900,900,900,900,0
2022-06-15 11:10:00,900,900,900,900,0
2022-06-15 11:11:00,900,900,900,900,300
2022-06-15 11:12:00,900,900,900,900,0
2022-06-15 11:13:00,900,900,900,900,0
2022-06-15 11:14:00,900,900,900,900,0
2022-06-15 11:15:00,895,895,900,900,6900
2022-06-15 11:16:00,895,895,900,900,0
2022-06-15 11:17:00,895,895,895,895,3500
2022-06-15 11:18:00,895,895,895,895,0
2022-06-15 11:19:00,895,895,895,895,0
2022-06-15 11:20:00,895,895,895,895,0
2022-06-15 11:21:00,895,895,895,895,0
2022-06-15 11:22:00,900,900,900,900,5000
2022-06-15 11:23:00,900,900,900,900,0
2022-06-15 11:24:00,900,900,900,900,0
2022-06-15 11:25:00,900,900,900,900,0
2022-06-15 11:26:00,895,895,895,895,1000
2022-06-15 11:27:00,895,895,895,895,0
2022-06-15 11:28:00,895,895,895,895,0
2022-06-15 11:29:00,895,895,895,895,4400
2022-06-15 11:30:00,895,895,895,895,0
2022-06-15 11:31:00,895,895,895,895,0
2022-06-15 11:32:00,895,895,895,895,0
2022-06-15 11:33:00,895,895,895,895,0
2022-06-15 11:34:00,895,895,895,895,0
2022-06-15 11:35:00,895,895,895,895,0
2022-06-15 11:36:00,895,895,895,895,0
2022-06-15 11:37:00,895,895,895,895,0
2022-06-15 11:38:00,895,895,895,895,0
2022-06-15 11:39:00,895,895,895,895,0
2022-06-15 11:40:00,895,895,895,895,0
2022-06-15 11:41:00,895,895,895,895,0
2022-06-15 11:42:00,895,895,895,895,0
2022-06-15 11:43:00,895,895,895,895,0
2022-06-15 11:44:00,895,895,895,895,0
2022-06-15 11:45:00,895,895,895,895,0
2022-06-15 11:46:00,895,895,895,895,0
2022-06-15 11:47:00,895,895,895,895,0
2022-06-15 11:48:00,895,895,895,895,0
2022-06-15 11:49:00,895,895,895,895,0
2022-06-15 11:50:00,895,895,895,895,0
2022-06-15 11:51:00,895,895,895,895,0
2022-06-15 11:52:00,895,895,895,895,0
2022-06-15 11:53:00,895,895,895,895,0
2022-06-15 11:54:00,895,895,895,895,0
2022-06-15 11:55:00,895,895,895,895,0
2022-06-15 11:56:00,895,895,895,895,0
2022-06-15 11:57:00,895,895,895,895,0
2022-06-15 11:58:00,895,895,895,895,0
2022-06-15 11:59:00,895,895,895,895,0
2022-06-15 12:00:00,895,895,895,895,0
2022-06-15 12:01:00,895,895,895,895,0
2022-06-15 12:02:00,895,895,895,895,0
2022-06-15 12:03:00,895,895,895,895,0
2022-06-15 12:04:00,895,895,895,895,0
2022-06-15 12:05:00,895,895,895,895,0
2022-06-15 12:06:00,895,895,895,895,0
2022-06-15 12:07:00,895,895,895,895,0
2022-06-15 12:08:00,895,895,895,895,0
2022-06-15 12:09:00,895,895,895,895,0
2022-06-15 12:10:00,895,895,895,895,0
2022-06-15 12:11:00,895,895,895,895,0
2022-06-15 12:12:00,895,895,895,895,0
2022-06-15 12:13:00,895,895,895,895,0
2022-06-15 12:14:00,895,895,895,895,0
2022-06-15 12:15:00,895,895,895,895,0
2022-06-15 12:16:00,895,895,895,895,0
2022-06-15 12:17:00,895,895,895,895,0
2022-06-15 12:18:00,895,895,895,895,0
2022-06-15 12:19:00,895,895,895,895,0
2022-06-15 12:20:00,895,895,895,895,0
2022-06-15 12:21:00,895,895,895,895,0
2022-06-15 12:22:00,895,895,895,895,0
2022-06-15 12:23:00,895,895,895,895,0
2022-06-15 12:24:00,895,895,895,895,0
2022-06-15 12:25:00,895,895,895,895,0
2022-06-15 12:26:00,895,895,895,895,0
2022-06-15 12:27:00,895,895,895,895,0
2022-06-15 12:28:00,895,895,895,895,0
2022-06-15 12:29:00,895,895,895,895,0
2022-06-15 12:30:00,895,895,895,895,0
2022-06-15 12:31:00,895,895,895,895,0
2022-06-15 12:32:00,895,895,895,895,0
2022-06-15 12:33:00,895,895,895,895,0
2022-06-15 12:34:00,895,895,895,895,0
2022-06-15 12:35:00,895,895,895,895,0
2022-06-15 12:36:00,895,895,895,895,0
2022-06-15 12:37:00,895,895,895,895,0
2022-06-15 12:38:00,895,895,895,895,0
2022-06-15 12:39:00,895,895,895,895,0
2022-06-15 12:40:00,895,895,895,895,0
2022-06-15 12:41:00,895,895,895,895,0
2022-06-15 12:42:00,895,895,895,895,0
2022-06-15 12:43:00,895,895,895,895,0
2022-06-15 12:44:00,895,895,895,895,0
2022-06-15 12:45:00,895,895,895,895,0
2022-06-15 12:46:00,895,895,895,895,0
2022-06-15 12:47:00,895,895,895,895,0
2022-06-15 12:48:00,895,895,895,895,0
2022-06-15 12:49:00,895,895,895,895,0
2022-06-15 12:50:00,895,895,895,895,0
2022-06-15 12:51:00,895,895,895,895,0
2022-06-15 12:52:00,895,895,895,895,0
2022-06-15 12:53:00,895,895,895,895,0
2022-06-15 12:54:00,895,895,895,895,0
2022-06-15 12:55:00,895,895,895,895,0
2022-06-15 12:56:00,895,895,895,895,0
2022-06-15 12:57:00,895,895,895,895,0
2022-06-15 12:58:00,895,895,895,895,0
2022-06-15 12:59:00,895,895,895,895,0
2022-06-15 13:00:00,895,895,895,895,0
2022-06-15 13:01:00,895,895,895,895,0
2022-06-15 13:02:00,895,895,895,895,0
2022-06-15 13:03:00,895,895,895,895,0
2022-06-15 13:04:00,895,895,895,895,0
2022-06-15 13:05:00,895,895,895,895,0
2022-06-15 13:06:00,895,895,895,895,0
2022-06-15 13:07:00,895,895,895,895,0
2022-06-15 13:08:00,895,895,895,895,0
2022-06-15 13:09:00,895,895,895,895,0
2022-06-15 13:10:00,895,895,895,895,0
2022-06-15 13:11:00,895,895,895,895,0
2022-06-15 13:12:00,895,895,895,895,0
2022-06-15 13:13:00,895,895,895,895,0
2022-06-15 13:14:00,895,895,895,895,0
2022-06-15 13:15:00,895,895,895,895,0
2022-06-15 13:16:00,895,895,895,895,0
2022-06-15 13:17:00,895,895,895,895,0
2022-06-15 13:18:00,895,895,895,895,0
2022-06-15 13:19:00,895,895,895,895,0
2022-06-15 13:20:00,895,895,895,895,0
2022-06-15 13:21:00,895,895,895,895,0
2022-06-15 13:22:00,895,895,895,895,0
2022-06-15 13:23:00,895,895,895,895,0
2022-06-15 13:24:00,895,895,895,895,0
2022-06-15 13:25:00,895,895,895,895,0
2022-06-15 13:26:00,895,895,895,895,0
2022-06-15 13:27:00,895,895,895,895,0
2022-06-15 13:28:00,895,895,895,895,0
2022-06-15 13:29:00,895,895,895,895,0
2022-06-15 13:30:00,895,895,900,900,3100
2022-06-15 13:31:00,895,895,900,900,0
2022-06-15 13:32:00,895,895,900,900,0
2022-06-15 13:33:00,900,900,900,900,1000
2022-06-15 13:34:00,900,900,900,900,3300
2022-06-15 13:35:00,900,900,900,900,100
2022-06-15 13:36:00,900,900,900,900,0
2022-06-15 13:37:00,900,900,900,900,14700
2022-06-15 13:38:00,900,900,900,900,0
2022-06-15 13:39:00,895,895,895,895,100
2022-06-15 13:40:00,895,895,895,895,0
2022-06-15 13:41:00,895,895,895,895,0
2022-06-15 13:42:00,895,895,895,895,5300
2022-06-15 13:43:00,895,895,895,895,9700
2022-06-15 13:44:00,895,895,895,895,0
2022-06-15 13:45:00,895,895,895,895,0
2022-06-15 13:46:00,895,895,895,895,0
2022-06-15 13:47:00,900,900,900,900,200
2022-06-15 13:48:00,900,900,900,900,0
2022-06-15 13:49:00,900,900,900,900,0
2022-06-15 13:50:00,900,900,900,900,0
2022-06-15 13:51:00,900,900,900,900,0
2022-06-15 13:52:00,900,900,900,900,0
2022-06-15 13:53:00,900,900,900,900,100
2022-06-15 13:54:00,900,900,900,900,0
2022-06-15 13:55:00,900,900,900,900,0
2022-06-15 13:56:00,900,900,900,900,0
2022-06-15 13:57:00,895,895,895,895,1800
2022-06-15 13:58:00,895,895,895,895,9900
2022-06-15 13:59:00,900,900,900,900,450200
2022-06-15 14:00:00,900,900,900,900,22800
2022-06-15 14:01:00,905,905,905,905,100
2022-06-15 14:02:00,905,905,905,905,0
2022-06-15 14:03:00,905,905,905,905,0
2022-06-15 14:04:00,905,905,905,905,0
2022-06-15 14:05:00,895,895,895,895,12200
2022-06-15 14:06:00,895,895,895,895,0
2022-06-15 14:07:00,895,895,895,895,2800
2022-06-15 14:08:00,895,895,895,895,700
2022-06-15 14:09:00,890,890,890,890,0
2022-06-15 14:10:00,890,890,890,890,0
2022-06-15 14:11:00,890,890,890,890,0
2022-06-15 14:12:00,890,890,890,890,0
2022-06-15 14:13:00,890,890,890,890,0
2022-06-15 14:14:00,905,905,905,905,2334100
2022-06-15 14:15:00,905,905,905,905,0
2022-06-15 14:16:00,905,905,905,905,0
2022-06-15 14:17:00,895,895,895,895,8500
2022-06-15 14:18:00,895,895,895,895,400
2022-06-15 14:19:00,895,895,895,895,0
2022-06-15 14:20:00,895,895,895,895,0
2022-06-15 14:21:00,895,895,895,895,500
2022-06-15 14:22:00,895,895,895,895,0
2022-06-15 14:23:00,890,890,890,890,2000
2022-06-15 14:24:00,890,890,895,890,17300
2022-06-15 14:25:00,890,890,895,890,0
2022-06-15 14:26:00,890,890,895,890,0
2022-06-15 14:27:00,890,890,895,890,0
2022-06-15 14:28:00,890,890,890,890,300
2022-06-15 14:29:00,890,890,890,890,0
2022-06-15 14:30:00,890,890,890,890,0
2022-06-15 14:31:00,890,890,890,890,5200
2022-06-15 14:32:00,890,890,895,895,15400
2022-06-15 14:33:00,890,885,890,890,208400
2022-06-15 14:34:00,890,890,890,890,200
2022-06-15 14:35:00,885,885,885,885,5000
2022-06-15 14:36:00,890,890,890,890,500
2022-06-15 14:37:00,890,890,890,890,0
2022-06-15 14:38:00,890,890,890,890,0
2022-06-15 14:39:00,890,890,890,890,100
2022-06-15 14:40:00,890,890,890,890,0
2022-06-15 14:41:00,890,890,890,890,0
2022-06-15 14:42:00,890,890,890,890,0
2022-06-15 14:43:00,890,890,890,890,300
2022-06-15 14:44:00,885,885,885,885,27900
2022-06-15 14:45:00,885,885,885,885,1000
2022-06-15 14:46:00,890,885,890,885,10800
2022-06-15 14:47:00,890,885,890,885,1100
2022-06-15 14:48:00,885,885,890,885,45800
2022-06-15 14:49:00,885,885,885,885,25500
2022-06-15 14:50:00,885,885,885,885,0
2022-06-15 14:51:00,885,885,885,885,0
2022-06-15 14:52:00,885,885,885,885,0
2022-06-15 14:53:00,885,885,885,885,0
2022-06-15 14:54:00,885,885,885,885,0
2022-06-15 14:55:00,885,885,885,885,0
2022-06-15 14:56:00,885,885,885,885,0
2022-06-15 14:57:00,885,885,885,885,0
2022-06-15 14:58:00,885,885,885,885,0
2022-06-15 14:59:00,885,885,885,885,0
2022-06-15 15:00:00,890,890,890,890,5800
2022-06-15 15:01:00,890,890,890,890,100
2022-06-15 15:02:00,890,890,890,890,0
2022-06-15 15:03:00,890,890,890,890,5000
2022-06-15 15:04:00,890,890,890,890,8200
2022-06-15 15:05:00,890,890,890,890,6400
2022-06-15 15:06:00,890,890,890,890,0
2022-06-15 15:07:00,890,890,890,890,3000
2022-06-15 15:08:00,890,890,890,890,200
2022-06-15 15:09:00,890,890,890,890,0
2022-06-15 15:10:00,890,890,890,890,0
2022-06-15 15:11:00,890,890,890,890,5000
2022-06-15 15:12:00,890,890,890,890,0
2022-06-15 15:13:00,890,890,890,890,0
2022-06-15 15:14:00,890,890,890,890,0
2022-06-15 15:15:00,890,890,890,890,0
2022-06-15 15:16:00,890,890,890,890,0
2022-06-15 15:17:00,890,890,890,890,0
2022-06-15 15:18:00,890,890,890,890,0
2022-06-15 15:19:00,890,890,890,890,0
2022-06-15 15:20:00,890,890,890,890,0
2022-06-15 15:21:00,890,890,890,890,0
2022-06-15 15:22:00,890,890,890,890,0
2022-06-15 15:23:00,890,890,890,890,0
2022-06-15 15:24:00,890,890,890,890,0
2022-06-15 15:25:00,890,890,890,890,0
2022-06-15 15:26:00,890,890,890,890,0
2022-06-15 15:27:00,890,890,890,890,0
2022-06-15 15:28:00,890,890,890,890,0
2022-06-15 15:29:00,890,890,890,890,0
2022-06-15 15:30:00,890,890,890,890,0
2022-06-15 15:31:00,890,890,890,890,0
2022-06-15 15:32:00,890,890,890,890,0
2022-06-15 15:33:00,890,890,890,890,0
2022-06-15 15:34:00,890,890,890,890,0
2022-06-15 15:35:00,890,890,890,890,0
2022-06-15 15:36:00,890,890,890,890,0
2022-06-15 15:37:00,890,890,890,890,0
2022-06-15 15:38:00,890,890,890,890,0
2022-06-15 15:39:00,890,890,890,890,0
2022-06-15 15:40:00,890,890,890,890,0
2022-06-15 15:41:00,890,890,890,890,0
2022-06-15 15:42:00,890,890,890,890,0
2022-06-15 15:43:00,890,890,890,890,0
2022-06-15 15:44:00,890,890,890,890,0
2022-06-15 15:45:00,890,890,890,890,0
2022-06-15 15:46:00,890,890,890,890,0
2022-06-15 15:47:00,890,890,890,890,0
2022-06-15 15:48:00,890,890,890,890,0
2022-06-15 15:49:00,890,890,890,890,0
2022-06-15 15:50:00,890,890,890,890,0
2022-06-15 15:51:00,890,890,890,890,0
2022-06-15 15:52:00,890,890,890,890,0
2022-06-15 15:53:00,890,890,890,890,0
2022-06-15 15:54:00,890,890,890,890,0
2022-06-15 15:55:00,890,890,890,890,0
2022-06-15 15:56:00,890,890,890,890,0
2022-06-15 15:57:00,890,890,890,890,0
2022-06-15 15:58:00,890,890,890,890,0
2022-06-15 15:59:00,890,890,890,890,0
2022-06-16 09:00:00,890,890,890,890,0
2022-06-16 09:01:00,895,895,895,895,3600
2022-06-16 09:02:00,895,890,895,890,31500
2022-06-16 09:03:00,895,890,895,890,0
2022-06-16 09:04:00,895,890,895,890,0
2022-06-16 09:05:00,895,895,895,895,8500
2022-06-16 09:06:00,895,890,895,890,18700
2022-06-16 09:07:00,890,890,890,890,2000
2022-06-16 09:08:00,895,895,895,895,27500
2022-06-16 09:09:00,900,900,900,900,1300
2022-06-16 09:10:00,895,895,895,895,1000
2022-06-16 09:11:00,895,895,895,895,0
2022-06-16 09:12:00,895,895,895,895,0
2022-06-16 09:13:00,895,895,895,895,0
2022-06-16 09:14:00,900,900,900,900,100
2022-06-16 09:15:00,900,900,900,900,200
2022-06-16 09:16:00,900,900,900,900,0
2022-06-16 09:17:00,900,900,900,900,1500
2022-06-16 09:18:00,900,900,900,900,100
2022-06-16 09:19:00,900,900,900,900,0
2022-06-16 09:20:00,900,900,900,900,500
2022-06-16 09:21:00,900,900,900,900,51300
2022-06-16 09:22:00,900,900,900,900,0
2022-06-16 09:23:00,900,900,900,900,100
2022-06-16 09:24:00,900,900,900,900,0
2022-06-16 09:25:00,900,900,900,900,0
2022-06-16 09:26:00,900,900,900,900,354000
2022-06-16 09:27:00,900,900,900,900,2200
2022-06-16 09:28:00,900,900,900,900,100
2022-06-16 09:29:00,900,900,900,900,500
2022-06-16 09:30:00,900,900,900,900,200
2022-06-16 09:31:00,900,900,900,900,400
2022-06-16 09:32:00,900,895,900,895,17500
2022-06-16 09:33:00,895,895,895,895,2600
2022-06-16 09:34:00,895,895,895,895,25000
2022-06-16 09:35:00,895,895,895,895,400
2022-06-16 09:36:00,895,895,895,895,0
2022-06-16 09:37:00,895,895,895,895,0
2022-06-16 09:38:00,895,895,895,895,0
2022-06-16 09:39:00,895,895,895,895,0
2022-06-16 09:40:00,895,895,895,895,0
2022-06-16 09:41:00,895,895,895,895,0
2022-06-16 09:42:00,895,895,895,895,0
2022-06-16 09:43:00,900,900,900,900,3400
2022-06-16 09:44:00,900,900,900,900,0
2022-06-16 09:45:00,900,900,900,900,0
2022-06-16 09:46:00,900,900,900,900,0
2022-06-16 09:47:00,895,895,895,895,2700
2022-06-16 09:48:00,895,895,895,895,0
2022-06-16 09:49:00,895,895,895,895,0
2022-06-16 09:50:00,895,895,895,895,0
2022-06-16 09:51:00,895,895,895,895,0
2022-06-16 09:52:00,895,895,895,895,0
2022-06-16 09:53:00,895,895,895,895,0
2022-06-16 09:54:00,895,895,895,895,0
2022-06-16 09:55:00,895,895,895,895,0
2022-06-16 09:56:00,900,900,900,900,39200
2022-06-16 09:57:00,900,900,900,900,0
2022-06-16 09:58:00,900,900,900,900,0
2022-06-16 09:59:00,900,900,900,900,0
2022-06-16 10:00:00,900,900,900,900,0
2022-06-16 10:01:00,900,900,900,900,0
2022-06-16 10:02:00,900,900,900,900,0
2022-06-16 10:03:00,900,900,900,900,0
2022-06-16 10:04:00,900,900,900,900,0
2022-06-16 10:05:00,900,900,900,900,0
2022-06-16 10:06:00,900,900,900,900,0
2022-06-16 10:07:00,900,900,900,900,0
2022-06-16 10:08:00,900,900,900,900,0
2022-06-16 10:09:00,900,900,900,900,0
2022-06-16 10:10:00,900,900,900,900,0
2022-06-16 10:11:00,900,900,900,900,0
2022-06-16 10:12:00,900,900,900,900,0
2022-06-16 10:13:00,900,900,900,900,0
2022-06-16 10:14:00,900,900,900,900,0
2022-06-16 10:15:00,905,905,905,905,700
2022-06-16 10:16:00,905,905,905,905,1000
2022-06-16 10:17:00,905,905,905,905,0
2022-06-16 10:18:00,905,905,905,905,0
2022-06-16 10:19:00,905,905,905,905,0
2022-06-16 10:20:00,905,905,905,905,0
2022-06-16 10:21:00,905,905,905,905,0
2022-06-16 10:22:00,905,905,905,905,1200
2022-06-16 10:23:00,905,905,905,905,0
2022-06-16 10:24:00,905,905,905,905,0
2022-06-16 10:25:00,905,905,905,905,0
2022-06-16 10:26:00,905,905,905,905,100
2022-06-16 10:27:00,905,905,905,905,0
2022-06-16 10:28:00,905,905,905,905,0
2022-06-16 10:29:00,905,905,905,905,0
2022-06-16 10:30:00,905,905,905,905,0
2022-06-16 10:31:00,905,905,905,905,50000
2022-06-16 10:32:00,905,905,905,905,20000
2022-06-16 10:33:00,905,905,905,905,500
2022-06-16 10:34:00,905,905,905,905,0
2022-06-16 10:35:00,905,905,905,905,0
2022-06-16 10:36:00,905,905,905,905,0
2022-06-16 10:37:00,905,905,905,905,0
2022-06-16 10:38:00,905,905,905,905,5900
2022-06-16 10:39:00,905,905,905,905,100
2022-06-16 10:40:00,905,905,905,905,0
2022-06-16 10:41:00,905,905,905,905,200
2022-06-16 10:42:00,905,905,905,905,0
2022-06-16 10:43:00,905,905,905,905,0
2022-06-16 10:44:00,905,905,905,905,0
2022-06-16 10:45:00,905,905,905,905,0
2022-06-16 10:46:00,905,905,905,905,0
2022-06-16 10:47:00,900,900,900,900,200
2022-06-16 10:48:00,900,900,900,900,0
2022-06-16 10:49:00,900,900,900,900,0
2022-06-16 10:50:00,900,900,900,900,200
2022-06-16 10:51:00,900,900,900,900,0
2022-06-16 10:52:00,900,900,900,900,0
2022-06-16 10:53:00,905,905,905,905,1100
2022-06-16 10:54:00,905,905,905,905,400
2022-06-16 10:55:00,905,905,905,905,0
2022-06-16 10:56:00,905,905,905,905,0
2022-06-16 10:57:00,905,905,905,905,0
2022-06-16 10:58:00,900,900,900,900,30000
2022-06-16 10:59:00,900,900,900,900,0
2022-06-16 11:00:00,900,900,900,900,10100
2022-06-16 11:01:00,900,900,900,900,2500
2022-06-16 11:02:00,900,900,900,900,24600
2022-06-16 11:03:00,900,900,900,900,30000
2022-06-16 11:04:00,900,900,900,900,0
2022-06-16 11:05:00,900,900,900,900,0
2022-06-16 11:06:00,900,900,900,900,0
2022-06-16 11:07:00,900,900,900,900,0
2022-06-16 11:08:00,900,900,900,900,0
2022-06-16 11:09:00,900,900,900,900,5000
2022-06-16 11:10:00,905,905,905,905,100
2022-06-16 11:11:00,905,905,905,905,100
2022-06-16 11:12:00,905,905,905,905,0
2022-06-16 11:13:00,900,900,900,900,100
2022-06-16 11:14:00,900,900,900,900,0
2022-06-16 11:15:00,900,900,900,900,0
2022-06-16 11:16:00,900,900,900,900,0
2022-06-16 11:17:00,900,900,900,900,0
2022-06-16 11:18:00,900,900,900,900,0
2022-06-16 11:19:00,900,900,900,900,0
2022-06-16 11:20:00,900,900,900,900,0
2022-06-16 11:21:00,905,905,905,905,400
2022-06-16 11:22:00,905,905,905,905,100
2022-06-16 11:23:00,900,890,900,890,283700
2022-06-16 11:24:00,890,890,890,890,14200
2022-06-16 11:25:00,890,885,890,890,13100
2022-06-16 11:26:00,890,890,890,890,10500
2022-06-16 11:27:00,890,890,890,890,0
2022-06-16 11:28:00,890,890,890,890,0
2022-06-16 11:29:00,890,890,890,890,400
2022-06-16 11:30:00,890,890,890,890,0
2022-06-16 11:31:00,890,890,890,890,0
2022-06-16 11:32:00,890,890,890,890,0
2022-06-16 11:33:00,890,890,890,890,0
2022-06-16 11:34:00,890,890,890,890,0
2022-06-16 11:35:00,890,890,890,890,0
2022-06-16 11:36:00,890,890,890,890,0
2022-06-16 11:37:00,890,890,890,890,0
2022-06-16 11:38:00,890,890,890,890,0
2022-06-16 11:39:00,890,890,890,890,0
2022-06-16 11:40:00,890,890,890,890,0
2022-06-16 11:41:00,890,890,890,890,0
2022-06-16 11:42:00,890,890,890,890,0
2022-06-16 11:43:00,890,890,890,890,0
2022-06-16 11:44:00,890,890,890,890,0
2022-06-16 11:45:00,890,890,890,890,0
2022-06-16 11:46:00,890,890,890,890,0
2022-06-16 11:47:00,890,890,890,890,0
2022-06-16 11:48:00,890,890,890,890,0
2022-06-16 11:49:00,890,890,890,890,0
2022-06-16 11:50:00,890,890,890,890,0
2022-06-16 11:51:00,890,890,890,890,0
2022-06-16 11:52:00,890,890,890,890,0
2022-06-16 11:53:00,890,890,890,890,0
2022-06-16 11:54:00,890,890,890,890,0
2022-06-16 11:55:00,890,890,890,890,0
2022-06-16 11:56:00,890,890,890,890,0
2022-06-16 11:57:00,890,890,890,890,0
2022-06-16 11:58:00,890,890,890,890,0
2022-06-16 11:59:00,890,890,890,890,0
2022-06-16 12:00:00,890,890,890,890,0
2022-06-16 12:01:00,890,890,890,890,0
2022-06-16 12:02:00,890,890,890,890,0
2022-06-16 12:03:00,890,890,890,890,0
2022-06-16 12:04:00,890,890,890,890,0
2022-06-16 12:05:00,890,890,890,890,0
2022-06-16 12:06:00,890,890,890,890,0
2022-06-16 12:07:00,890,890,890,890,0
2022-06-16 12:08:00,890,890,890,890,0
2022-06-16 12:09:00,890,890,890,890,0
2022-06-16 12:10:00,890,890,890,890,0
2022-06-16 12:11:00,890,890,890,890,0
2022-06-16 12:12:00,890,890,890,890,0
2022-06-16 12:13:00,890,890,890,890,0
2022-06-16 12:14:00,890,890,890,890,0
2022-06-16 12:15:00,890,890,890,890,0
2022-06-16 12:16:00,890,890,890,890,0
2022-06-16 12:17:00,890,890,890,890,0
2022-06-16 12:18:00,890,890,890,890,0
2022-06-16 12:19:00,890,890,890,890,0
2022-06-16 12:20:00,890,890,890,890,0
2022-06-16 12:21:00,890,890,890,890,0
2022-06-16 12:22:00,890,890,890,890,0
2022-06-16 12:23:00,890,890,890,890,0
2022-06-16 12:24:00,890,890,890,890,0
2022-06-16 12:25:00,890,890,890,890,0
2022-06-16 12:26:00,890,890,890,890,0
2022-06-16 12:27:00,890,890,890,890,0
2022-06-16 12:28:00,890,890,890,890,0
2022-06-16 12:29:00,890,890,890,890,0
2022-06-16 12:30:00,890,890,890,890,0
2022-06-16 12:31:00,890,890,890,890,0
2022-06-16 12:32:00,890,890,890,890,0
2022-06-16 12:33:00,890,890,890,890,0
2022-06-16 12:34:00,890,890,890,890,0
2022-06-16 12:35:00,890,890,890,890,0
2022-06-16 12:36:00,890,890,890,890,0
2022-06-16 12:37:00,890,890,890,890,0
2022-06-16 12:38:00,890,890,890,890,0
2022-06-16 12:39:00,890,890,890,890,0
2022-06-16 12:40:00,890,890,890,890,0
2022-06-16 12:41:00,890,890,890,890,0
2022-06-16 12:42:00,890,890,890,890,0
2022-06-16 12:43:00,890,890,890,890,0
2022-06-16 12:44:00,890,890,890,890,0
2022-06-16 12:45:00,890,890,890,890,0
2022-06-16 12:46:00,890,890,890,890,0
2022-06-16 12:47:00,890,890,890,890,0
2022-06-16 12:48:00,890,890,890,890,0
2022-06-16 12:49:00,890,890,890,890,0
2022-06-16 12:50:00,890,890,890,890,0
2022-06-16 12:51:00,890,890,890,890,0
2022-06-16 12:52:00,890,890,890,890,0
2022-06-16 12:53:00,890,890,890,890,0
2022-06-16 12:54:00,890,890,890,890,0
2022-06-16 12:55:00,890,890,890,890,0
2022-06-16 12:56:00,890,890,890,890,0
2022-06-16 12:57:00,890,890,890,890,0
2022-06-16 12:58:00,890,890,890,890,0
2022-06-16 12:59:00,890,890,890,890,0
2022-06-16 13:00:00,890,890,890,890,0
2022-06-16 13:01:00,890,890,890,890,0
2022-06-16 13:02:00,890,890,890,890,0
2022-06-16 13:03:00,890,890,890,890,0
2022-06-16 13:04:00,890,890,890,890,0
2022-06-16 13:05:00,890,890,890,890,0
2022-06-16 13:06:00,890,890,890,890,0
2022-06-16 13:07:00,890,890,890,890,0
2022-06-16 13:08:00,890,890,890,890,0
2022-06-16 13:09:00,890,890,890,890,0
2022-06-16 13:10:00,890,890,890,890,0
2022-06-16 13:11:00,890,890,890,890,0
2022-06-16 13:12:00,890,890,890,890,0
2022-06-16 13:13:00,890,890,890,890,0
2022-06-16 13:14:00,890,890,890,890,0
2022-06-16 13:15:00,890,890,890,890,0
2022-06-16 13:16:00,890,890,890,890,0
2022-06-16 13:17:00,890,890,890,890,0
2022-06-16 13:18:00,890,890,890,890,0
2022-06-16 13:19:00,890,890,890,890,0
2022-06-16 13:20:00,890,890,890,890,0
2022-06-16 13:21:00,890,890,890,890,0
2022-06-16 13:22:00,890,890,890,890,0
2022-06-16 13:23:00,890,890,890,890,0
2022-06-16 13:24:00,890,890,890,890,0
2022-06-16 13:25:00,890,890,890,890,0
2022-06-16 13:26:00,890,890,890,890,0
2022-06-16 13:27:00,890,890,890,890,0
2022-06-16 13:28:00,890,890,890,890,0
2022-06-16 13:29:00,890,890,890,890,0
2022-06-16 13:30:00,890,880,890,880,82400
2022-06-16 13:31:00,880,880,880,880,60100
2022-06-16 13:32:00,885,885,885,885,500
2022-06-16 13:33:00,885,885,885,885,124000
2022-06-16 13:34:00,885,885,885,885,500
2022-06-16 13:35:00,885,885,885,885,0
2022-06-16 13:36:00,885,885,885,885,500
2022-06-16 13:37:00,885,885,885,885,0
2022-06-16 13:38:00,885,885,885,885,0
2022-06-16 13:39:00,885,885,885,885,300
2022-06-16 13:40:00,885,885,885,885,1000
2022-06-16 13:41:00,880,880,880,880,22500
2022-06-16 13:42:00,880,880,880,880,80200
2022-06-16 13:43:00,880,880,880,880,0
2022-06-16 13:44:00,875,875,875,875,98900
2022-06-16 13:45:00,875,875,880,875,26300
2022-06-16 13:46:00,880,880,880,880,200
2022-06-16 13:47:00,880,880,880,880,0
2022-06-16 13:48:00,880,880,880,880,200
2022-06-16 13:49:00,880,860,880,870,106200
2022-06-16 13:50:00,875,860,875,860,23500
2022-06-16 13:51:00,875,860,875,860,0
2022-06-16 13:52:00,875,860,875,860,0
2022-06-16 13:53:00,865,865,865,865,6000
2022-06-16 13:54:00,865,865,870,870,127600
2022-06-16 13:55:00,870,870,870,870,242900
2022-06-16 13:56:00,870,870,875,875,5800
2022-06-16 13:57:00,875,875,875,875,1500
2022-06-16 13:58:00,875,875,875,875,0
2022-06-16 13:59:00,875,875,875,875,0
2022-06-16 14:00:00,870,870,870,870,5100
2022-06-16 14:01:00,870,870,870,870,1400
2022-06-16 14:02:00,870,870,870,870,0
2022-06-16 14:03:00,875,875,875,875,500
2022-06-16 14:04:00,875,875,875,875,0
2022-06-16 14:05:00,875,875,875,875,0
2022-06-16 14:06:00,875,875,875,875,0
2022-06-16 14:07:00,875,875,875,875,50000
2022-06-16 14:08:00,875,875,875,875,0
2022-06-16 14:09:00,880,880,880,880,1000
2022-06-16 14:10:00,880,880,880,880,800
2022-06-16 14:11:00,880,880,880,880,600
2022-06-16 14:12:00,875,875,875,875,200
2022-06-16 14:13:00,875,875,875,875,500
2022-06-16 14:14:00,875,875,875,875,14600
2022-06-16 14:15:00,870,870,870,870,6400
2022-06-16 14:16:00,865,860,870,860,50000
2022-06-16 14:17:00,870,870,875,875,1000
2022-06-16 14:18:00,870,870,875,875,0
2022-06-16 14:19:00,875,875,875,875,1200
2022-06-16 14:20:00,870,870,870,870,200
2022-06-16 14:21:00,870,870,870,870,0
2022-06-16 14:22:00,865,865,865,865,800
2022-06-16 14:23:00,865,865,865,865,1900
2022-06-16 14:24:00,865,865,865,865,2500
2022-06-16 14:25:00,865,865,865,865,3500
2022-06-16 14:26:00,865,865,865,865,0
2022-06-16 14:27:00,865,865,865,865,0
2022-06-16 14:28:00,865,865,865,865,0
2022-06-16 14:29:00,865,865,865,865,0
2022-06-16 14:30:00,865,865,865,865,0
2022-06-16 14:31:00,865,865,865,865,0
2022-06-16 14:32:00,865,865,865,865,0
2022-06-16 14:33:00,865,865,865,865,0
2022-06-16 14:34:00,865,865,865,865,0
2022-06-16 14:35:00,865,865,865,865,0
2022-06-16 14:36:00,865,865,870,870,900
2022-06-16 14:37:00,865,865,870,870,9300
2022-06-16 14:38:00,865,865,870,870,0
2022-06-16 14:39:00,865,865,870,870,0
2022-06-16 14:40:00,865,865,870,870,0
2022-06-16 14:41:00,865,865,870,870,0
2022-06-16 14:42:00,870,870,870,870,800
2022-06-16 14:43:00,865,865,865,865,3400
2022-06-16 14:44:00,865,865,865,865,15000
2022-06-16 14:45:00,860,860,860,860,1000
2022-06-16 14:46:00,865,865,865,865,800
2022-06-16 14:47:00,865,865,865,865,1900
2022-06-16 14:48:00,865,865,865,865,600
2022-06-16 14:49:00,860,860,870,865,24000
2022-06-16 14:50:00,860,860,870,865,0
2022-06-16 14:51:00,860,860,870,865,0
2022-06-16 14:52:00,860,860,870,865,0
2022-06-16 14:53:00,860,860,870,865,0
2022-06-16 14:54:00,860,860,870,865,0
2022-06-16 14:55:00,860,860,870,865,0
2022-06-16 14:56:00,860,860,870,865,0
2022-06-16 14:57:00,860,860,870,865,0
2022-06-16 14:58:00,860,860,870,865,0
2022-06-16 14:59:00,860,860,870,865,0
2022-06-16 15:00:00,865,865,865,865,58000
2022-06-16 15:01:00,865,865,865,865,1600
2022-06-16 15:02:00,865,865,865,865,1200
2022-06-16 15:03:00,865,865,865,865,2100
2022-06-16 15:04:00,865,865,865,865,700
2022-06-16 15:05:00,865,865,865,865,15200
2022-06-16 15:06:00,865,865,865,865,0
2022-06-16 15:07:00,865,865,865,865,0
2022-06-16 15:08:00,865,865,865,865,2398600
2022-06-16 15:09:00,865,865,865,865,0
2022-06-16 15:10:00,865,865,865,865,0
2022-06-16 15:11:00,865,865,865,865,0
2022-06-16 15:12:00,865,865,865,865,0
2022-06-16 15:13:00,865,865,865,865,0
2022-06-16 15:14:00,865,865,865,865,0
2022-06-16 15:15:00,865,865,865,865,0
2022-06-16 15:16:00,865,865,865,865,0
2022-06-16 15:17:00,865,865,865,865,0
2022-06-16 15:18:00,865,865,865,865,0
2022-06-16 15:19:00,865,865,865,865,0
2022-06-16 15:20:00,865,865,865,865,0
2022-06-16 15:21:00,865,865,865,865,0
2022-06-16 15:22:00,865,865,865,865,0
2022-06-16 15:23:00,865,865,865,865,0
2022-06-16 15:24:00,865,865,865,865,0
2022-06-16 15:25:00,865,865,865,865,0
2022-06-16 15:26:00,865,865,865,865,0
2022-06-16 15:27:00,865,865,865,865,0
2022-06-16 15:28:00,865,865,865,865,0
2022-06-16 15:29:00,865,865,865,865,0
2022-06-16 15:30:00,865,865,865,865,0
2022-06-16 15:31:00,865,865,865,865,0
2022-06-16 15:32:00,865,865,865,865,0
2022-06-16 15:33:00,865,865,865,865,0
2022-06-16 15:34:00,865,865,865,865,0
2022-06-16 15:35:00,865,865,865,865,0
2022-06-16 15:36:00,865,865,865,865,0
2022-06-16 15:37:00,865,865,865,865,0
2022-06-16 15:38:00,865,865,865,865,0
2022-06-16 15:39:00,865,865,865,865,0
2022-06-16 15:40:00,865,865,865,865,0
2022-06-16 15:41:00,865,865,865,865,0
2022-06-16 15:42:00,865,865,865,865,0
2022-06-16 15:43:00,865,865,865,865,0
2022-06-16 15:44:00,865,865,865,865,0
2022-06-16 15:45:00,865,865,865,865,0
2022-06-16 15:46:00,865,865,865,865,0
2022-06-16 15:47:00,865,865,865,865,0
2022-06-16 15:48:00,865,865,865,865,0
2022-06-16 15:49:00,865,865,865,865,0
2022-06-16 15:50:00,865,865,865,865,0
2022-06-16 15:51:00,865,865,865,865,0
2022-06-16 15:52:00,865,865,865,865,0
2022-06-16 15:53:00,865,865,865,865,0
2022-06-16 15:54:00,865,865,865,865,0
2022-06-16 15:55:00,865,865,865,865,0
2022-06-16 15:56:00,865,865,865,865,0
2022-06-16 15:57:00,865,865,865,865,0
2022-06-16 15:58:00,865,865,865,865,0
2022-06-16 15:59:00,865,865,865,865,0
2022-06-17 09:00:00,865,865,865,865,0
2022-06-17 09:01:00,865,865,865,865,900
2022-06-17 09:02:00,860,860,860,860,1900
2022-06-17 09:03:00,865,865,865,865,600
2022-06-17 09:04:00,860,860,860,860,10600
2022-06-17 09:05:00,860,860,860,860,0
2022-06-17 09:06:00,860,860,860,860,0
2022-06-17 09:07:00,860,860,860,860,0
2022-06-17 09:08:00,855,855,855,855,200
2022-06-17 09:09:00,855,855,855,855,0
2022-06-17 09:10:00,855,855,855,855,0
2022-06-17 09:11:00,855,855,855,855,3000
2022-06-17 09:12:00,855,855,855,855,1900
2022-06-17 09:13:00,855,855,855,855,100
2022-06-17 09:14:00,855,855,855,855,300
2022-06-17 09:15:00,855,855,855,855,0
2022-06-17 09:16:00,855,855,855,855,200
2022-06-17 09:17:00,855,855,855,855,0
2022-06-17 09:18:00,855,855,855,855,0
2022-06-17 09:19:00,855,855,855,855,1100
2022-06-17 09:20:00,855,855,855,855,500
2022-06-17 09:21:00,850,850,850,850,10000
2022-06-17 09:22:00,850,850,850,850,0
2022-06-17 09:23:00,850,850,850,850,1700
2022-06-17 09:24:00,850,850,850,850,70900
2022-06-17 09:25:00,850,840,850,840,36900
2022-06-17 09:26:00,840,840,845,845,1800
2022-06-17 09:27:00,840,840,845,845,0
2022-06-17 09:28:00,840,840,845,845,0
2022-06-17 09:29:00,840,840,845,845,0
2022-06-17 09:30:00,840,840,845,845,0
2022-06-17 09:31:00,840,840,840,840,83000
2022-06-17 09:32:00,835,835,835,835,38000
2022-06-17 09:33:00,830,830,835,830,15600
2022-06-17 09:34:00,825,825,825,825,13000
2022-06-17 09:35:00,820,820,820,820,35200
2022-06-17 09:36:00,825,825,830,830,28800
2022-06-17 09:37:00,830,830,830,830,1200
2022-06-17 09:38:00,830,830,830,830,0
2022-06-17 09:39:00,830,825,830,825,35000
2022-06-17 09:40:00,830,825,830,825,0
2022-06-17 09:41:00,830,825,830,825,0
2022-06-17 09:42:00,830,830,830,830,1800
2022-06-17 09:43:00,830,830,830,830,300
2022-06-17 09:44:00,830,830,830,830,8800
2022-06-17 09:45:00,830,830,830,830,0
2022-06-17 09:46:00,835,835,835,835,200
2022-06-17 09:47:00,835,835,835,835,500
2022-06-17 09:48:00,835,835,835,835,0
2022-06-17 09:49:00,840,840,840,840,2000
2022-06-17 09:50:00,840,835,840,835,2100
2022-06-17 09:51:00,835,835,835,835,500
2022-06-17 09:52:00,830,830,830,830,1000
2022-06-17 09:53:00,830,830,830,830,0
2022-06-17 09:54:00,830,810,830,810,225000
2022-06-17 09:55:00,815,810,815,815,77700
2022-06-17 09:56:00,815,810,815,815,58500
2022-06-17 09:57:00,810,810,815,815,1000
2022-06-17 09:58:00,815,815,815,815,2000
2022-06-17 09:59:00,810,810,815,815,1900
2022-06-17 10:00:00,815,810,820,810,2300
2022-06-17 10:01:00,820,810,820,820,51800
2022-06-17 10:02:00,820,810,820,820,0
2022-06-17 10:03:00,820,810,820,820,0
2022-06-17 10:04:00,820,810,820,820,0
2022-06-17 10:05:00,820,810,820,820,0
2022-06-17 10:06:00,820,820,820,820,700
2022-06-17 10:07:00,820,820,820,820,0
2022-06-17 10:08:00,820,820,820,820,17700
2022-06-17 10:09:00,820,820,820,820,0
2022-06-17 10:10:00,820,820,820,820,0
2022-06-17 10:11:00,820,820,820,820,0
2022-06-17 10:12:00,820,820,820,820,4900
2022-06-17 10:13:00,820,820,820,820,700
2022-06-17 10:14:00,820,820,820,820,0
2022-06-17 10:15:00,820,820,820,820,0
2022-06-17 10:16:00,820,820,820,820,4500
2022-06-17 10:17:00,820,820,820,820,5500
2022-06-17 10:18:00,820,820,820,820,0
2022-06-17 10:19:00,820,820,820,820,0
2022-06-17 10:20:00,820,820,820,820,0
2022-06-17 10:21:00,815,815,815,815,2400
2022-06-17 10:22:00,815,815,820,820,2500
2022-06-17 10:23:00,815,815,815,815,14000
2022-06-17 10:24:00,815,815,815,815,0
2022-06-17 10:25:00,815,815,820,820,8200
2022-06-17 10:26:00,820,820,820,820,900
2022-06-17 10:27:00,820,820,820,820,5000
2022-06-17 10:28:00,820,820,820,820,0
2022-06-17 10:29:00,820,820,820,820,0
2022-06-17 10:30:00,820,820,820,820,4000
2022-06-17 10:31:00,820,820,820,820,0
2022-06-17 10:32:00,820,820,820,820,12100
2022-06-17 10:33:00,820,820,820,820,200
2022-06-17 10:34:00,820,820,820,820,7100
2022-06-17 10:35:00,820,820,820,820,1000
2022-06-17 10:36:00,820,820,820,820,1200
2022-06-17 10:37:00,820,820,820,820,5000
2022-06-17 10:38:00,820,820,820,820,700
2022-06-17 10:39:00,820,820,820,820,700
2022-06-17 10:40:00,820,820,820,820,0
2022-06-17 10:41:00,820,820,820,820,0
2022-06-17 10:42:00,820,820,820,820,0
2022-06-17 10:43:00,820,820,820,820,0
2022-06-17 10:44:00,820,820,820,820,0
2022-06-17 10:45:00,825,825,825,825,2000
2022-06-17 10:46:00,825,825,825,825,0
2022-06-17 10:47:00,825,825,825,825,0
2022-06-17 10:48:00,825,825,825,825,0
2022-06-17 10:49:00,825,825,825,825,0
2022-06-17 10:50:00,820,820,820,820,800
2022-06-17 10:51:00,820,820,820,820,100
2022-06-17 10:52:00,820,820,820,820,0
2022-06-17 10:53:00,820,820,820,820,0
2022-06-17 10:54:00,825,825,825,825,100
2022-06-17 10:55:00,825,825,825,825,0
2022-06-17 10:56:00,825,825,825,825,0
2022-06-17 10:57:00,825,825,825,825,4100
2022-06-17 10:58:00,825,825,825,825,100
2022-06-17 10:59:00,825,825,825,825,0
2022-06-17 11:00:00,820,820,820,820,9600
2022-06-17 11:01:00,825,820,825,820,5500
2022-06-17 11:02:00,825,820,825,820,0
2022-06-17 11:03:00,825,820,825,820,0
2022-06-17 11:04:00,825,820,825,820,0
2022-06-17 11:05:00,825,825,825,825,200
2022-06-17 11:06:00,825,820,825,820,51600
2022-06-17 11:07:00,820,820,820,820,19300
2022-06-17 11:08:00,820,820,820,820,0
2022-06-17 11:09:00,815,810,815,810,35500
2022-06-17 11:10:00,815,810,815,810,0
2022-06-17 11:11:00,815,810,815,810,0
2022-06-17 11:12:00,815,815,815,815,1500
2022-06-17 11:13:00,815,815,815,815,1500
2022-06-17 11:14:00,815,815,815,815,0
2022-06-17 11:15:00,815,815,815,815,0
2022-06-17 11:16:00,815,815,815,815,100
2022-06-17 11:17:00,815,815,815,815,100
2022-06-17 11:18:00,815,815,815,815,5000
2022-06-17 11:19:00,815,815,815,815,0
2022-06-17 11:20:00,815,815,815,815,0
2022-06-17 11:21:00,815,815,815,815,0
2022-06-17 11:22:00,815,815,815,815,0
2022-06-17 11:23:00,820,820,820,820,0
2022-06-17 11:24:00,820,820,820,820,0
2022-06-17 11:25:00,820,820,820,820,0
2022-06-17 11:26:00,820,820,820,820,0
2022-06-17 11:27:00,820,820,820,820,0
2022-06-17 11:28:00,820,820,820,820,0
2022-06-17 11:29:00,820,820,820,820,0
2022-06-17 11:30:00,820,820,820,820,0
2022-06-17 11:31:00,820,820,820,820,0
2022-06-17 11:32:00,820,820,820,820,0
2022-06-17 11:33:00,820,820,820,820,0
2022-06-17 11:34:00,820,820,820,820,0
2022-06-17 11:35:00,820,820,820,820,0
2022-06-17 11:36:00,820,820,820,820,0
2022-06-17 11:37:00,820,820,820,820,0
2022-06-17 11:38:00,820,820,820,820,0
2022-06-17 11:39:00,820,820,820,820,0
2022-06-17 11:40:00,820,820,820,820,0
2022-06-17 11:41:00,820,820,820,820,0
2022-06-17 11:42:00,820,820,820,820,0
2022-06-17 11:43:00,820,820,820,820,0
2022-06-17 11:44:00,820,820,820,820,0
2022-06-17 11:45:00,820,820,820,820,0
2022-06-17 11:46:00,820,820,820,820,0
2022-06-17 11:47:00,820,820,820,820,0
2022-06-17 11:48:00,820,820,820,820,0
2022-06-17 11:49:00,820,820,820,820,0
2022-06-17 11:50:00,820,820,820,820,0
2022-06-17 11:51:00,820,820,820,820,0
2022-06-17 11:52:00,820,820,820,820,0
2022-06-17 11:53:00,820,820,820,820,0
2022-06-17 11:54:00,820,820,820,820,0
2022-06-17 11:55:00,820,820,820,820,0
2022-06-17 11:56:00,820,820,820,820,0
2022-06-17 11:57:00,820,820,820,820,0
2022-06-17 11:58:00,820,820,820,820,0
2022-06-17 11:59:00,820,820,820,820,0
2022-06-17 12:00:00,820,820,820,820,0
2022-06-17 12:01:00,820,820,820,820,0
2022-06-17 12:02:00,820,820,820,820,0
2022-06-17 12:03:00,820,820,820,820,0
2022-06-17 12:04:00,820,820,820,820,0
2022-06-17 12:05:00,820,820,820,820,0
2022-06-17 12:06:00,820,820,820,820,0
2022-06-17 12:07:00,820,820,820,820,0
2022-06-17 12:08:00,820,820,820,820,0
2022-06-17 12:09:00,820,820,820,820,0
2022-06-17 12:10:00,820,820,820,820,0
2022-06-17 12:11:00,820,820,820,820,0
2022-06-17 12:12:00,820,820,820,820,0
2022-06-17 12:13:00,820,820,820,820,0
2022-06-17 12:14:00,820,820,820,820,0
2022-06-17 12:15:00,820,820,820,820,0
2022-06-17 12:16:00,820,820,820,820,0
2022-06-17 12:17:00,820,820,820,820,0
2022-06-17 12:18:00,820,820,820,820,0
2022-06-17 12:19:00,820,820,820,820,0
2022-06-17 12:20:00,820,820,820,820,0
2022-06-17 12:21:00,820,820,820,820,0
2022-06-17 12:22:00,820,820,820,820,0
2022-06-17 12:23:00,820,820,820,820,0
2022-06-17 12:24:00,820,820,820,820,0
2022-06-17 12:25:00,820,820,820,820,0
2022-06-17 12:26:00,820,820,820,820,0
2022-06-17 12:27:00,820,820,820,820,0
2022-06-17 12:28:00,820,820,820,820,0
2022-06-17 12:29:00,820,820,820,820,0
2022-06-17 12:30:00,820,820,820,820,0
2022-06-17 12:31:00,820,820,820,820,0
2022-06-17 12:32:00,820,820,820,820,0
2022-06-17 12:33:00,820,820,820,820,0
2022-06-17 12:34:00,820,820,820,820,0
2022-06-17 12:35:00,820,820,820,820,0
2022-06-17 12:36:00,820,820,820,820,0
2022-06-17 12:37:00,820,820,820,820,0
2022-06-17 12:38:00,820,820,820,820,0
2022-06-17 12:39:00,820,820,820,820,0
2022-06-17 12:40:00,820,820,820,820,0
2022-06-17 12:41:00,820,820,820,820,0
2022-06-17 12:42:00,820,820,820,820,0
2022-06-17 12:43:00,820,820,820,820,0
2022-06-17 12:44:00,820,820,820,820,0
2022-06-17 12:45:00,820,820,820,820,0
2022-06-17 12:46:00,820,820,820,820,0
2022-06-17 12:47:00,820,820,820,820,0
2022-06-17 12:48:00,820,820,820,820,0
2022-06-17 12:49:00,820,820,820,820,0
2022-06-17 12:50:00,820,820,820,820,0
2022-06-17 12:51:00,820,820,820,820,0
2022-06-17 12:52:00,820,820,820,820,0
2022-06-17 12:53:00,820,820,820,820,0
2022-06-17 12:54:00,820,820,820,820,0
2022-06-17 12:55:00,820,820,820,820,0
2022-06-17 12:56:00,820,820,820,820,0
2022-06-17 12:57:00,820,820,820,820,0
2022-06-17 12:58:00,820,820,820,820,0
2022-06-17 12:59:00,820,820,820,820,0
2022-06-17 13:00:00,820,820,820,820,0
2022-06-17 13:01:00,820,820,820,820,0
2022-06-17 13:02:00,820,820,820,820,0
2022-06-17 13:03:00,820,820,820,820,0
2022-06-17 13:04:00,820,820,820,820,0
2022-06-17 13:05:00,820,820,820,820,0
2022-06-17 13:06:00,820,820,820,820,0
2022-06-17 13:07:00,820,820,820,820,0
2022-06-17 13:08:00,820,820,820,820,0
2022-06-17 13:09:00,820,820,820,820,0
2022-06-17 13:10:00,820,820,820,820,0
2022-06-17 13:11:00,820,820,820,820,0
2022-06-17 13:12:00,820,820,820,820,0
2022-06-17 13:13:00,820,820,820,820,0
2022-06-17 13:14:00,820,820,820,820,0
2022-06-17 13:15:00,820,820,820,820,0
2022-06-17 13:16:00,820,820,820,820,0
2022-06-17 13:17:00,820,820,820,820,0
2022-06-17 13:18:00,820,820,820,820,0
2022-06-17 13:19:00,820,820,820,820,0
2022-06-17 13:20:00,820,820,820,820,0
2022-06-17 13:21:00,820,820,820,820,0
2022-06-17 13:22:00,820,820,820,820,0
2022-06-17 13:23:00,820,820,820,820,0
2022-06-17 13:24:00,820,820,820,820,0
2022-06-17 13:25:00,820,820,820,820,0
2022-06-17 13:26:00,820,820,820,820,0
2022-06-17 13:27:00,820,820,820,820,0
2022-06-17 13:28:00,820,820,820,820,0
2022-06-17 13:29:00,820,820,820,820,0
2022-06-17 13:30:00,820,820,830,820,1075200
2022-06-17 13:31:00,820,820,830,820,0
2022-06-17 13:32:00,820,820,830,820,0
2022-06-17 13:33:00,820,820,830,820,0
2022-06-17 13:34:00,820,820,830,820,0
2022-06-17 13:35:00,820,820,830,820,0
2022-06-17 13:36:00,825,825,825,825,200
2022-06-17 13:37:00,825,825,825,825,0
2022-06-17 13:38:00,825,825,825,825,3100
2022-06-17 13:39:00,825,825,825,825,300
2022-06-17 13:40:00,830,830,830,830,200
2022-06-17 13:41:00,830,830,830,830,0
2022-06-17 13:42:00,825,825,825,825,300
2022-06-17 13:43:00,825,825,825,825,0
2022-06-17 13:44:00,825,825,825,825,0
2022-06-17 13:45:00,825,825,825,825,0
2022-06-17 13:46:00,825,825,825,825,0
2022-06-17 13:47:00,825,810,825,810,33600
2022-06-17 13:48:00,810,805,810,810,271300
2022-06-17 13:49:00,810,810,810,810,600
2022-06-17 13:50:00,810,810,810,810,0
2022-06-17 13:51:00,810,810,810,810,0
2022-06-17 13:52:00,810,810,810,810,5000
2022-06-17 13:53:00,815,815,820,820,6200
2022-06-17 13:54:00,815,815,820,820,0
2022-06-17 13:55:00,815,815,820,820,0
2022-06-17 13:56:00,820,820,820,820,10000
2022-06-17 13:57:00,820,820,820,820,0
2022-06-17 13:58:00,820,820,820,820,4100
2022-06-17 13:59:00,820,820,820,820,400
2022-06-17 14:00:00,820,820,820,820,0
2022-06-17 14:01:00,820,820,820,820,0
2022-06-17 14:02:00,820,820,820,820,0
2022-06-17 14:03:00,820,820,820,820,1000
2022-06-17 14:04:00,820,820,820,820,0
2022-06-17 14:05:00,815,815,815,815,9100
2022-06-17 14:06:00,815,810,815,815,267800
2022-06-17 14:07:00,820,820,820,820,150000
2022-06-17 14:08:00,820,820,820,820,49000
2022-06-17 14:09:00,825,825,825,825,0
2022-06-17 14:10:00,825,825,825,825,2197300
2022-06-17 14:11:00,830,830,830,830,301500
2022-06-17 14:12:00,830,830,830,830,5000
2022-06-17 14:13:00,830,825,830,825,35200
2022-06-17 14:14:00,820,820,825,825,1100
2022-06-17 14:15:00,820,820,825,825,0
2022-06-17 14:16:00,820,820,820,820,3000
2022-06-17 14:17:00,820,820,820,820,0
2022-06-17 14:18:00,820,820,820,820,0
2022-06-17 14:19:00,820,820,820,820,10000
2022-06-17 14:20:00,820,820,820,820,1400
2022-06-17 14:21:00,820,820,820,820,2000
2022-06-17 14:22:00,820,820,820,820,0
2022-06-17 14:23:00,820,820,820,820,0
2022-06-17 14:24:00,825,825,825,825,8600
2022-06-17 14:25:00,825,825,825,825,0
2022-06-17 14:26:00,825,825,825,825,0
2022-06-17 14:27:00,825,825,825,825,1000
2022-06-17 14:28:00,825,825,825,825,24300
2022-06-17 14:29:00,825,825,825,825,0
2022-06-17 14:30:00,825,825,825,825,0
2022-06-17 14:31:00,820,820,825,825,50500
2022-06-17 14:32:00,825,825,825,825,76900
2022-06-17 14:33:00,825,825,825,825,0
2022-06-17 14:34:00,825,825,825,825,0
2022-06-17 14:35:00,825,825,825,825,0
2022-06-17 14:36:00,825,825,825,825,1500
2022-06-17 14:37:00,825,825,825,825,700
2022-06-17 14:38:00,825,825,825,825,4800
2022-06-17 14:39:00,825,820,825,820,18200
2022-06-17 14:40:00,820,815,820,815,38500
2022-06-17 14:41:00,815,810,815,815,15300
2022-06-17 14:42:00,815,815,815,815,9000
2022-06-17 14:43:00,815,815,815,815,1300
2022-06-17 14:44:00,815,815,815,815,0
2022-06-17 14:45:00,810,810,815,810,900
2022-06-17 14:46:00,810,810,810,810,29600
2022-06-17 14:47:00,810,810,810,810,2300
2022-06-17 14:48:00,810,810,810,810,100
2022-06-17 14:49:00,810,810,810,810,0
2022-06-17 14:50:00,810,810,810,810,0
2022-06-17 14:51:00,810,810,810,810,0
2022-06-17 14:52:00,810,810,810,810,0
2022-06-17 14:53:00,810,810,810,810,0
2022-06-17 14:54:00,810,810,810,810,0
2022-06-17 14:55:00,810,810,810,810,0
2022-06-17 14:56:00,810,810,810,810,0
2022-06-17 14:57:00,810,810,810,810,0
2022-06-17 14:58:00,810,810,810,810,0
2022-06-17 14:59:00,810,810,810,810,0
2022-06-17 15:00:00,815,815,815,815,57800
2022-06-17 15:01:00,815,815,815,815,1000
2022-06-17 15:02:00,815,815,815,815,100
2022-06-17 15:03:00,815,815,815,815,0
2022-06-17 15:04:00,815,815,815,815,0
2022-06-17 15:05:00,815,815,815,815,269400
2022-06-17 15:06:00,815,815,815,815,0
2022-06-17 15:07:00,815,815,815,815,0
2022-06-17 15:08:00,815,815,815,815,0
2022-06-17 15:09:00,815,815,815,815,0
2022-06-17 15:10:00,815,815,815,815,0
2022-06-17 15:11:00,815,815,815,815,0
2022-06-17 15:12:00,815,815,815,815,0
2022-06-17 15:13:00,815,815,815,815,0
2022-06-17 15:14:00,815,815,815,815,0
2022-06-17 15:15:00,815,815,815,815,0
2022-06-17 15:16:00,815,815,815,815,0
2022-06-17 15:17:00,815,815,815,815,0
2022-06-17 15:18:00,815,815,815,815,0
2022-06-17 15:19:00,815,815,815,815,0
2022-06-17 15:20:00,815,815,815,815,0
2022-06-17 15:21:00,815,815,815,815,0
2022-06-17 15:22:00,815,815,815,815,0
2022-06-17 15:23:00,815,815,815,815,0
2022-06-17 15:24:00,815,815,815,815,0
2022-06-17 15:25:00,815,815,815,815,0
2022-06-17 15:26:00,815,815,815,815,0
2022-06-17 15:27:00,815,815,815,815,0
2022-06-17 15:28:00,815,815,815,815,0
2022-06-17 15:29:00,815,815,815,815,0
2022-06-17 15:30:00,815,815,815,815,0
2022-06-17 15:31:00,815,815,815,815,0
2022-06-17 15:32:00,815,815,815,815,0
2022-06-17 15:33:00,815,815,815,815,0
2022-06-17 15:34:00,815,815,815,815,0
2022-06-17 15:35:00,815,815,815,815,0
2022-06-17 15:36:00,815,815,815,815,0
2022-06-17 15:37:00,815,815,815,815,0
2022-06-17 15:38:00,815,815,815,815,0
2022-06-17 15:39:00,815,815,815,815,0
2022-06-17 15:40:00,815,815,815,815,0
2022-06-17 15:41:00,815,815,815,815,0
2022-06-17 15:42:00,815,815,815,815,0
2022-06-17 15:43:00,815,815,815,815,0
2022-06-17 15:44:00,815,815,815,815,0
2022-06-17 15:45:00,815,815,815,815,0
2022-06-17 15:46:00,815,815,815,815,0
2022-06-17 15:47:00,815,815,815,815,0
2022-06-17 15:48:00,815,815,815,815,0
2022-06-17 15:49:00,815,815,815,815,0
2022-06-17 15:50:00,815,815,815,815,0
2022-06-17 15:51:00,815,815,815,815,0
2022-06-17 15:52:00,815,815,815,815,0
2022-06-17 15:53:00,815,815,815,815,0
2022-06-17 15:54:00,815,815,815,815,0
2022-06-17 15:55:00,815,815,815,815,0
2022-06-17 15:56:00,815,815,815,815,0
2022-06-17 15:57:00,815,815,815,815,0
2022-06-17 15:58:00,815,815,815,815,0
2022-06-17 15:59:00,815,815,815,815,0
2022-06-20 09:00:00,820,820,830,830,0
2022-06-20 09:01:00,830,830,830,830,1200
2022-06-20 09:02:00,830,830,830,830,2500
2022-06-20 09:03:00,830,830,830,830,0
2022-06-20 09:04:00,830,830,830,830,2900
2022-06-20 09:05:00,830,830,830,830,17500
2022-06-20 09:06:00,835,835,835,835,64400
2022-06-20 09:07:00,835,835,835,835,5600
2022-06-20 09:08:00,835,835,835,835,5000
2022-06-20 09:09:00,835,835,835,835,26100
2022-06-20 09:10:00,835,830,835,830,3200
2022-06-20 09:11:00,830,830,830,830,3500
2022-06-20 09:12:00,830,830,830,830,0
2022-06-20 09:13:00,830,830,830,830,0
2022-06-20 09:14:00,830,830,830,830,500
2022-06-20 09:15:00,830,830,830,830,0
2022-06-20 09:16:00,830,830,830,830,0
2022-06-20 09:17:00,830,830,830,830,0
2022-06-20 09:18:00,830,830,830,830,0
2022-06-20 09:19:00,830,830,830,830,0
2022-06-20 09:20:00,830,830,830,830,14500
2022-06-20 09:21:00,830,830,830,830,6500
2022-06-20 09:22:00,825,825,825,825,125100
2022-06-20 09:23:00,825,825,825,825,110500
2022-06-20 09:24:00,820,820,820,820,100
2022-06-20 09:25:00,820,820,820,820,900
2022-06-20 09:26:00,820,820,820,820,0
2022-06-20 09:27:00,820,820,820,820,0
2022-06-20 09:28:00,815,815,815,815,2400
2022-06-20 09:29:00,820,820,820,820,9800
2022-06-20 09:30:00,820,820,820,820,0
2022-06-20 09:31:00,820,820,820,820,300
2022-06-20 09:32:00,825,825,825,825,14400
2022-06-20 09:33:00,825,825,825,825,0
2022-06-20 09:34:00,825,825,825,825,100
2022-06-20 09:35:00,825,825,825,825,0
2022-06-20 09:36:00,825,825,825,825,0
2022-06-20 09:37:00,825,825,825,825,0
2022-06-20 09:38:00,830,830,830,830,900
2022-06-20 09:39:00,830,830,830,830,290000
2022-06-20 09:40:00,830,830,830,830,60000
2022-06-20 09:41:00,830,830,830,830,200
2022-06-20 09:42:00,825,825,825,825,2800
2022-06-20 09:43:00,825,825,825,825,0
2022-06-20 09:44:00,820,820,820,820,300
2022-06-20 09:45:00,820,820,820,820,0
2022-06-20 09:46:00,825,825,825,825,2300
2022-06-20 09:47:00,825,825,825,825,0
2022-06-20 09:48:00,825,825,825,825,0
2022-06-20 09:49:00,825,825,825,825,600
2022-06-20 09:50:00,825,825,825,825,100
2022-06-20 09:51:00,825,825,825,825,0
2022-06-20 09:52:00,825,825,825,825,0
2022-06-20 09:53:00,825,825,825,825,0
2022-06-20 09:54:00,825,825,825,825,0
2022-06-20 09:55:00,825,825,825,825,0
2022-06-20 09:56:00,820,820,820,820,1500
2022-06-20 09:57:00,820,820,820,820,0
2022-06-20 09:58:00,820,820,820,820,0
2022-06-20 09:59:00,820,820,820,820,0
2022-06-20 10:00:00,820,820,820,820,0
2022-06-20 10:01:00,820,820,820,820,0
2022-06-20 10:02:00,820,820,820,820,16300
2022-06-20 10:03:00,820,820,820,820,0
2022-06-20 10:04:00,820,820,820,820,0
2022-06-20 10:05:00,820,820,820,820,0
2022-06-20 10:06:00,820,820,820,820,0
2022-06-20 10:07:00,820,820,820,820,0
2022-06-20 10:08:00,820,820,820,820,0
2022-06-20 10:09:00,820,820,820,820,0
2022-06-20 10:10:00,820,820,820,820,0
2022-06-20 10:11:00,820,820,820,820,0
2022-06-20 10:12:00,820,820,820,820,0
2022-06-20 10:13:00,820,820,820,820,0
2022-06-20 10:14:00,820,820,820,820,0
2022-06-20 10:15:00,820,820,820,820,0
2022-06-20 10:16:00,820,820,820,820,0
2022-06-20 10:17:00,820,820,820,820,0
2022-06-20 10:18:00,820,820,820,820,0
2022-06-20 10:19:00,815,815,820,820,5100
2022-06-20 10:20:00,815,815,820,820,0
2022-06-20 10:21:00,815,815,820,820,0
2022-06-20 10:22:00,815,815,815,815,1000
2022-06-20 10:23:00,815,815,815,815,500
2022-06-20 10:24:00,815,815,815,815,0
2022-06-20 10:25:00,815,815,815,815,0
2022-06-20 10:26:00,815,815,815,815,0
2022-06-20 10:27:00,815,815,815,815,809000
2022-06-20 10:28:00,810,790,810,800,69900
2022-06-20 10:29:00,795,790,795,790,700
2022-06-20 10:30:00,790,790,790,790,9500
2022-06-20 10:31:00,795,795,795,795,300
2022-06-20 10:32:00,795,795,795,795,36500
2022-06-20 10:33:00,795,795,795,795,0
2022-06-20 10:34:00,795,795,795,795,100
2022-06-20 10:35:00,795,795,795,795,0
2022-06-20 10:36:00,790,790,790,790,15600
2022-06-20 10:37:00,790,790,790,790,0
2022-06-20 10:38:00,790,790,790,790,100
2022-06-20 10:39:00,785,785,790,790,6100
2022-06-20 10:40:00,785,785,785,785,200
2022-06-20 10:41:00,785,785,785,785,0
2022-06-20 10:42:00,785,785,785,785,5000
2022-06-20 10:43:00,785,785,785,785,0
2022-06-20 10:44:00,785,785,785,785,0
2022-06-20 10:45:00,785,785,785,785,0
2022-06-20 10:46:00,790,790,790,790,14200
2022-06-20 10:47:00,790,790,790,790,0
2022-06-20 10:48:00,790,790,790,790,0
2022-06-20 10:49:00,795,790,795,790,8900
2022-06-20 10:50:00,795,790,795,790,0
2022-06-20 10:51:00,795,790,795,790,0
2022-06-20 10:52:00,795,790,795,790,0
2022-06-20 10:53:00,795,790,795,790,0
2022-06-20 10:54:00,795,790,795,790,0
2022-06-20 10:55:00,795,790,795,790,0
2022-06-20 10:56:00,795,790,795,790,0
2022-06-20 10:57:00,790,790,790,790,1100
2022-06-20 10:58:00,790,790,790,790,0
2022-06-20 10:59:00,790,790,790,790,0
2022-06-20 11:00:00,790,790,790,790,0
2022-06-20 11:01:00,800,800,800,800,800
2022-06-20 11:02:00,800,800,800,800,0
2022-06-20 11:03:00,800,800,800,800,0
2022-06-20 11:04:00,800,800,800,800,0
2022-06-20 11:05:00,800,800,800,800,300
2022-06-20 11:06:00,800,800,800,800,200
2022-06-20 11:07:00,800,800,800,800,500
2022-06-20 11:08:00,800,800,800,800,200
2022-06-20 11:09:00,800,800,800,800,500
2022-06-20 11:10:00,800,800,800,800,100
2022-06-20 11:11:00,800,800,800,800,400
2022-06-20 11:12:00,800,800,800,800,300
2022-06-20 11:13:00,800,800,800,800,100
2022-06-20 11:14:00,800,800,800,800,100
2022-06-20 11:15:00,800,800,800,800,200
2022-06-20 11:16:00,800,795,800,795,1200
2022-06-20 11:17:00,800,795,800,795,0
2022-06-20 11:18:00,800,795,800,795,0
2022-06-20 11:19:00,800,800,800,800,100
2022-06-20 11:20:00,800,800,800,800,300
2022-06-20 11:21:00,800,800,800,800,0
2022-06-20 11:22:00,800,800,800,800,0
2022-06-20 11:23:00,800,800,800,800,500
2022-06-20 11:24:00,800,800,800,800,300
2022-06-20 11:25:00,800,800,800,800,400
2022-06-20 11:26:00,800,800,800,800,700
2022-06-20 11:27:00,800,800,800,800,600
2022-06-20 11:28:00,800,800,800,800,3000
2022-06-20 11:29:00,800,795,800,795,4300
2022-06-20 11:30:00,800,795,800,795,0
2022-06-20 11:31:00,800,795,800,795,0
2022-06-20 11:32:00,800,795,800,795,0
2022-06-20 11:33:00,800,795,800,795,0
2022-06-20 11:34:00,800,795,800,795,0
2022-06-20 11:35:00,800,795,800,795,0
2022-06-20 11:36:00,800,795,800,795,0
2022-06-20 11:37:00,800,795,800,795,0
2022-06-20 11:38:00,800,795,800,795,0
2022-06-20 11:39:00,800,795,800,795,0
2022-06-20 11:40:00,800,795,800,795,0
2022-06-20 11:41:00,800,795,800,795,0
2022-06-20 11:42:00,800,795,800,795,0
2022-06-20 11:43:00,800,795,800,795,0
2022-06-20 11:44:00,800,795,800,795,0
2022-06-20 11:45:00,800,795,800,795,0
2022-06-20 11:46:00,800,795,800,795,0
2022-06-20 11:47:00,800,795,800,795,0
2022-06-20 11:48:00,800,795,800,795,0
2022-06-20 11:49:00,800,795,800,795,0
2022-06-20 11:50:00,800,795,800,795,0
2022-06-20 11:51:00,800,795,800,795,0
2022-06-20 11:52:00,800,795,800,795,0
2022-06-20 11:53:00,800,795,800,795,0
2022-06-20 11:54:00,800,795,800,795,0
2022-06-20 11:55:00,800,795,800,795,0
2022-06-20 11:56:00,800,795,800,795,0
2022-06-20 11:57:00,800,795,800,795,0
2022-06-20 11:58:00,800,795,800,795,0
2022-06-20 11:59:00,800,795,800,795,0
2022-06-20 12:00:00,800,795,800,795,0
2022-06-20 12:01:00,800,795,800,795,0
2022-06-20 12:02:00,800,795,800,795,0
2022-06-20 12:03:00,800,795,800,795,0
2022-06-20 12:04:00,800,795,800,795,0
2022-06-20 12:05:00,800,795,800,795,0
2022-06-20 12:06:00,800,795,800,795,0
2022-06-20 12:07:00,800,795,800,795,0
2022-06-20 12:08:00,800,795,800,795,0
2022-06-20 12:09:00,800,795,800,795,0
2022-06-20 12:10:00,800,795,800,795,0
2022-06-20 12:11:00,800,795,800,795,0
2022-06-20 12:12:00,800,795,800,795,0
2022-06-20 12:13:00,800,795,800,795,0
2022-06-20 12:14:00,800,795,800,795,0
2022-06-20 12:15:00,800,795,800,795,0
2022-06-20 12:16:00,800,795,800,795,0
2022-06-20 12:17:00,800,795,800,795,0
2022-06-20 12:18:00,800,795,800,795,0
2022-06-20 12:19:00,800,795,800,795,0
2022-06-20 12:20:00,800,795,800,795,0
2022-06-20 12:21:00,800,795,800,795,0
2022-06-20 12:22:00,800,795,800,795,0
2022-06-20 12:23:00,800,795,800,795,0
2022-06-20 12:24:00,800,795,800,795,0
2022-06-20 12:25:00,800,795,800,795,0
2022-06-20 12:26:00,800,795,800,795,0
2022-06-20 12:27:00,800,795,800,795,0
2022-06-20 12:28:00,800,795,800,795,0
2022-06-20 12:29:00,800,795,800,795,0
2022-06-20 12:30:00,800,795,800,795,0
2022-06-20 12:31:00,800,795,800,795,0
2022-06-20 12:32:00,800,795,800,795,0
2022-06-20 12:33:00,800,795,800,795,0
2022-06-20 12:34:00,800,795,800,795,0
2022-06-20 12:35:00,800,795,800,795,0
2022-06-20 12:36:00,800,795,800,795,0
2022-06-20 12:37:00,800,795,800,795,0
2022-06-20 12:38:00,800,795,800,795,0
2022-06-20 12:39:00,800,795,800,795,0
2022-06-20 12:40:00,800,795,800,795,0
2022-06-20 12:41:00,800,795,800,795,0
2022-06-20 12:42:00,800,795,800,795,0
2022-06-20 12:43:00,800,795,800,795,0
2022-06-20 12:44:00,800,795,800,795,0
2022-06-20 12:45:00,800,795,800,795,0
2022-06-20 12:46:00,800,795,800,795,0
2022-06-20 12:47:00,800,795,800,795,0
2022-06-20 12:48:00,800,795,800,795,0
2022-06-20 12:49:00,800,795,800,795,0
2022-06-20 12:50:00,800,795,800,795,0
2022-06-20 12:51:00,800,795,800,795,0
2022-06-20 12:52:00,800,795,800,795,0
2022-06-20 12:53:00,800,795,800,795,0
2022-06-20 12:54:00,800,795,800,795,0
2022-06-20 12:55:00,800,795,800,795,0
2022-06-20 12:56:00,800,795,800,795,0
2022-06-20 12:57:00,800,795,800,795,0
2022-06-20 12:58:00,800,795,800,795,0
2022-06-20 12:59:00,800,795,800,795,0
2022-06-20 13:00:00,800,795,800,795,0
2022-06-20 13:01:00,800,795,800,795,0
2022-06-20 13:02:00,800,795,800,795,0
2022-06-20 13:03:00,800,795,800,795,0
2022-06-20 13:04:00,800,795,800,795,0
2022-06-20 13:05:00,800,795,800,795,0
2022-06-20 13:06:00,800,795,800,795,0
2022-06-20 13:07:00,800,795,800,795,0
2022-06-20 13:08:00,800,795,800,795,0
2022-06-20 13:09:00,800,795,800,795,0
2022-06-20 13:10:00,800,795,800,795,0
2022-06-20 13:11:00,800,795,800,795,0
2022-06-20 13:12:00,800,795,800,795,0
2022-06-20 13:13:00,800,795,800,795,0
2022-06-20 13:14:00,800,795,800,795,0
2022-06-20 13:15:00,800,795,800,795,0
2022-06-20 13:16:00,800,795,800,795,0
2022-06-20 13:17:00,800,795,800,795,0
2022-06-20 13:18:00,800,795,800,795,0
2022-06-20 13:19:00,800,795,800,795,0
2022-06-20 13:20:00,800,795,800,795,0
2022-06-20 13:21:00,800,795,800,795,0
2022-06-20 13:22:00,800,795,800,795,0
2022-06-20 13:23:00,800,795,800,795,0
2022-06-20 13:24:00,800,795,800,795,0
2022-06-20 13:25:00,800,795,800,795,0
2022-06-20 13:26:00,800,795,800,795,0
2022-06-20 13:27:00,800,795,800,795,0
2022-06-20 13:28:00,800,795,800,795,0
2022-06-20 13:29:00,800,795,800,795,0
2022-06-20 13:30:00,795,785,795,785,39100
2022-06-20 13:31:00,795,785,795,785,0
2022-06-20 13:32:00,795,785,795,785,0
2022-06-20 13:33:00,790,790,795,795,13900
2022-06-20 13:34:00,795,795,795,795,300
2022-06-20 13:35:00,795,795,800,800,800
2022-06-20 13:36:00,800,800,800,800,800
2022-06-20 13:37:00,800,795,800,795,2100
2022-06-20 13:38:00,800,800,800,800,300
2022-06-20 13:39:00,800,800,800,800,1900
2022-06-20 13:40:00,800,800,800,800,41100
2022-06-20 13:41:00,810,810,810,810,700
2022-06-20 13:42:00,810,810,810,810,2500
2022-06-20 13:43:00,815,815,815,815,400
2022-06-20 13:44:00,815,815,815,815,1500
2022-06-20 13:45:00,815,815,815,815,400
2022-06-20 13:46:00,815,815,815,815,400
2022-06-20 13:47:00,815,815,815,815,300
2022-06-20 13:48:00,815,815,815,815,900
2022-06-20 13:49:00,815,810,815,810,2400
2022-06-20 13:50:00,805,805,805,805,300
2022-06-20 13:51:00,805,805,805,805,0
2022-06-20 13:52:00,805,805,805,805,0
2022-06-20 13:53:00,805,805,805,805,0
2022-06-20 13:54:00,805,805,805,805,0
2022-06-20 13:55:00,805,805,805,805,0
2022-06-20 13:56:00,800,800,800,800,170800
2022-06-20 13:57:00,800,800,800,800,128500
2022-06-20 13:58:00,800,800,800,800,0
2022-06-20 13:59:00,800,800,800,800,0
2022-06-20 14:00:00,800,800,800,800,0
2022-06-20 14:01:00,800,800,800,800,0
2022-06-20 14:02:00,800,800,800,800,0
2022-06-20 14:03:00,800,800,800,800,0
2022-06-20 14:04:00,800,800,800,800,0
2022-06-20 14:05:00,800,800,800,800,0
2022-06-20 14:06:00,800,800,800,800,0
2022-06-20 14:07:00,800,800,800,800,500
2022-06-20 14:08:00,800,800,800,800,0
2022-06-20 14:09:00,800,800,800,800,0
2022-06-20 14:10:00,800,800,800,800,1402800
2022-06-20 14:11:00,800,800,800,800,100
2022-06-20 14:12:00,800,800,800,800,2000
2022-06-20 14:13:00,800,800,800,800,5000
2022-06-20 14:14:00,800,800,800,800,0
2022-06-20 14:15:00,800,800,800,800,0
2022-06-20 14:16:00,800,800,800,800,0
2022-06-20 14:17:00,800,800,800,800,0
2022-06-20 14:18:00,805,805,805,805,1500
2022-06-20 14:19:00,805,805,815,815,18900
2022-06-20 14:20:00,805,805,815,815,0
2022-06-20 14:21:00,805,805,815,815,0
2022-06-20 14:22:00,805,805,815,815,0
2022-06-20 14:23:00,805,805,815,815,0
2022-06-20 14:24:00,805,805,815,815,0
2022-06-20 14:25:00,805,805,815,815,0
2022-06-20 14:26:00,805,805,815,815,0
2022-06-20 14:27:00,805,805,815,815,0
2022-06-20 14:28:00,805,805,815,815,0
2022-06-20 14:29:00,805,805,815,815,0
2022-06-20 14:30:00,805,805,815,815,0
2022-06-20 14:31:00,805,805,815,815,0
2022-06-20 14:32:00,805,805,815,815,0
2022-06-20 14:33:00,815,815,815,815,2700
2022-06-20 14:34:00,815,815,815,815,0
2022-06-20 14:35:00,815,815,815,815,0
2022-06-20 14:36:00,815,815,815,815,0
2022-06-20 14:37:00,815,815,815,815,0
2022-06-20 14:38:00,805,800,805,800,6600
2022-06-20 14:39:00,795,795,795,795,3400
2022-06-20 14:40:00,795,795,795,795,0
2022-06-20 14:41:00,795,795,795,795,0
2022-06-20 14:42:00,795,795,795,795,0
2022-06-20 14:43:00,800,800,800,800,100
2022-06-20 14:44:00,800,800,800,800,0
2022-06-20 14:45:00,800,800,800,800,500
2022-06-20 14:46:00,800,800,800,800,0
2022-06-20 14:47:00,800,800,800,800,400
2022-06-20 14:48:00,805,800,805,800,10700
2022-06-20 14:49:00,800,800,810,810,900
2022-06-20 14:50:00,800,800,810,810,0
2022-06-20 14:51:00,800,800,810,810,0
2022-06-20 14:52:00,800,800,810,810,0
2022-06-20 14:53:00,800,800,810,810,0
2022-06-20 14:54:00,800,800,810,810,0
2022-06-20 14:55:00,800,800,810,810,0
2022-06-20 14:56:00,800,800,810,810,0
2022-06-20 14:57:00,800,800,810,810,0
2022-06-20 14:58:00,800,800,810,810,0
2022-06-20 14:59:00,800,800,810,810,0
2022-06-20 15:00:00,815,815,815,815,4300
2022-06-20 15:01:00,815,815,815,815,0
2022-06-20 15:02:00,815,815,815,815,17100
2022-06-20 15:03:00,815,815,815,815,0
2022-06-20 15:04:00,815,815,815,815,0
2022-06-20 15:05:00,815,815,815,815,0
2022-06-20 15:06:00,815,815,815,815,0
2022-06-20 15:07:00,815,815,815,815,0
2022-06-20 15:08:00,815,815,815,815,0
2022-06-20 15:09:00,815,815,815,815,0
2022-06-20 15:10:00,815,815,815,815,0
2022-06-20 15:11:00,815,815,815,815,0
2022-06-20 15:12:00,815,815,815,815,0
2022-06-20 15:13:00,815,815,815,815,0
2022-06-20 15:14:00,815,815,815,815,200
2022-06-20 15:15:00,815,815,815,815,0
2022-06-20 15:16:00,815,815,815,815,0
2022-06-20 15:17:00,815,815,815,815,0
2022-06-20 15:18:00,815,815,815,815,0
2022-06-20 15:19:00,815,815,815,815,0
2022-06-20 15:20:00,815,815,815,815,0
2022-06-20 15:21:00,815,815,815,815,0
2022-06-20 15:22:00,815,815,815,815,0
2022-06-20 15:23:00,815,815,815,815,0
2022-06-20 15:24:00,815,815,815,815,0
2022-06-20 15:25:00,815,815,815,815,0
2022-06-20 15:26:00,815,815,815,815,0
2022-06-20 15:27:00,815,815,815,815,0
2022-06-20 15:28:00,815,815,815,815,0
2022-06-20 15:29:00,815,815,815,815,0
2022-06-20 15:30:00,815,815,815,815,0
2022-06-20 15:31:00,815,815,815,815,0
2022-06-20 15:32:00,815,815,815,815,0
2022-06-20 15:33:00,815,815,815,815,0
2022-06-20 15:34:00,815,815,815,815,0
2022-06-20 15:35:00,815,815,815,815,0
2022-06-20 15:36:00,815,815,815,815,0
2022-06-20 15:37:00,815,815,815,815,0
2022-06-20 15:38:00,815,815,815,815,0
2022-06-20 15:39:00,815,815,815,815,0
2022-06-20 15:40:00,815,815,815,815,0
2022-06-20 15:41:00,815,815,815,815,0
2022-06-20 15:42:00,815,815,815,815,0
2022-06-20 15:43:00,815,815,815,815,0
2022-06-20 15:44:00,815,815,815,815,0
2022-06-20 15:45:00,815,815,815,815,0
2022-06-20 15:46:00,815,815,815,815,0
2022-06-20 15:47:00,815,815,815,815,0
2022-06-20 15:48:00,815,815,815,815,0
2022-06-20 15:49:00,815,815,815,815,0
2022-06-20 15:50:00,815,815,815,815,0
2022-06-20 15:51:00,815,815,815,815,0
2022-06-20 15:52:00,815,815,815,815,0
2022-06-20 15:53:00,815,815,815,815,0
2022-06-20 15:54:00,815,815,815,815,0
2022-06-20 15:55:00,815,815,815,815,0
2022-06-20 15:56:00,815,815,815,815,0
2022-06-20 15:57:00,815,815,815,815,0
2022-06-20 15:58:00,815,815,815,815,0
2022-06-20 15:59:00,815,815,815,815,0
2022-06-21 09:00:00,815,815,815,815,0
2022-06-21 09:01:00,815,815,815,815,0
2022-06-21 09:02:00,815,815,815,815,0
2022-06-21 09:03:00,815,815,815,815,1400
2022-06-21 09:04:00,815,815,815,815,1000
2022-06-21 09:05:00,815,815,815,815,1000
2022-06-21 09:06:00,815,815,815,815,0
2022-06-21 09:07:00,815,815,815,815,0
2022-06-21 09:08:00,815,815,815,815,0
2022-06-21 09:09:00,815,815,815,815,0
2022-06-21 09:10:00,830,830,830,830,100
2022-06-21 09:11:00,830,830,830,830,0
2022-06-21 09:12:00,830,830,830,830,100
2022-06-21 09:13:00,830,830,830,830,0
2022-06-21 09:14:00,830,830,830,830,0
2022-06-21 09:15:00,830,830,830,830,0
2022-06-21 09:16:00,830,830,830,830,0
2022-06-21 09:17:00,830,830,830,830,0
2022-06-21 09:18:00,830,830,830,830,0
2022-06-21 09:19:00,830,830,830,830,0
2022-06-21 09:20:00,820,820,820,820,2000
2022-06-21 09:21:00,820,820,820,820,500
2022-06-21 09:22:00,820,820,820,820,0
2022-06-21 09:23:00,820,820,820,820,0
2022-06-21 09:24:00,820,820,820,820,0
2022-06-21 09:25:00,820,820,820,820,0
2022-06-21 09:26:00,820,820,820,820,0
2022-06-21 09:27:00,820,820,820,820,0
2022-06-21 09:28:00,820,820,820,820,0
2022-06-21 09:29:00,830,830,830,830,2500
2022-06-21 09:30:00,830,830,830,830,100
2022-06-21 09:31:00,830,830,830,830,0
2022-06-21 09:32:00,820,815,820,815,13000
2022-06-21 09:33:00,820,815,820,815,0
2022-06-21 09:34:00,820,815,820,815,0
2022-06-21 09:35:00,820,815,820,815,0
2022-06-21 09:36:00,820,815,820,815,0
2022-06-21 09:37:00,820,820,820,820,100
2022-06-21 09:38:00,820,820,820,820,0
2022-06-21 09:39:00,820,820,820,820,0
2022-06-21 09:40:00,820,820,820,820,700
2022-06-21 09:41:00,815,810,815,810,27000
2022-06-21 09:42:00,815,810,815,810,0
2022-06-21 09:43:00,815,810,815,810,0
2022-06-21 09:44:00,815,810,815,810,0
2022-06-21 09:45:00,815,810,815,810,0
2022-06-21 09:46:00,815,810,815,810,0
2022-06-21 09:47:00,815,810,815,810,0
2022-06-21 09:48:00,815,810,815,810,0
2022-06-21 09:49:00,815,810,815,810,0
2022-06-21 09:50:00,815,810,815,810,0
2022-06-21 09:51:00,810,810,810,810,18800
2022-06-21 09:52:00,810,810,810,810,0
2022-06-21 09:53:00,810,810,810,810,0
2022-06-21 09:54:00,810,810,810,810,0
2022-06-21 09:55:00,805,805,805,805,18900
2022-06-21 09:56:00,805,805,805,805,0
2022-06-21 09:57:00,805,805,805,805,0
2022-06-21 09:58:00,805,805,805,805,0
2022-06-21 09:59:00,805,805,805,805,0
2022-06-21 10:00:00,805,805,805,805,1100
2022-06-21 10:01:00,805,805,805,805,0
2022-06-21 10:02:00,805,805,805,805,0
2022-06-21 10:03:00,805,805,805,805,0
2022-06-21 10:04:00,805,805,805,805,2000
2022-06-21 10:05:00,805,805,805,805,0
2022-06-21 10:06:00,805,805,805,805,0
2022-06-21 10:07:00,805,805,805,805,0
2022-06-21 10:08:00,805,805,805,805,0
2022-06-21 10:09:00,805,805,805,805,0
2022-06-21 10:10:00,810,810,810,810,100
2022-06-21 10:11:00,810,810,810,810,500
2022-06-21 10:12:00,805,800,805,800,21600
2022-06-21 10:13:00,800,800,800,800,200
2022-06-21 10:14:00,800,800,800,800,100
2022-06-21 10:15:00,800,800,800,800,0
2022-06-21 10:16:00,795,795,795,795,1100
2022-06-21 10:17:00,795,795,795,795,0
2022-06-21 10:18:00,800,800,800,800,100
2022-06-21 10:19:00,800,800,800,800,100
2022-06-21 10:20:00,800,800,800,800,2100
2022-06-21 10:21:00,800,800,800,800,200
2022-06-21 10:22:00,800,800,800,800,0
2022-06-21 10:23:00,800,800,800,800,0
2022-06-21 10:24:00,800,800,800,800,200
2022-06-21 10:25:00,800,800,800,800,0
2022-06-21 10:26:00,800,800,800,800,0
2022-06-21 10:27:00,800,800,800,800,0
2022-06-21 10:28:00,800,800,800,800,6000
2022-06-21 10:29:00,800,800,800,800,0
2022-06-21 10:30:00,805,805,805,805,100
2022-06-21 10:31:00,800,800,800,800,100
2022-06-21 10:32:00,800,800,800,800,0
2022-06-21 10:33:00,800,800,800,800,100
2022-06-21 10:34:00,800,800,800,800,0
2022-06-21 10:35:00,800,800,800,800,0
2022-06-21 10:36:00,800,800,800,800,0
2022-06-21 10:37:00,800,800,800,800,25100
2022-06-21 10:38:00,800,800,800,800,0
2022-06-21 10:39:00,800,800,800,800,0
2022-06-21 10:40:00,805,805,805,805,0
2022-06-21 10:41:00,805,805,805,805,150300
2022-06-21 10:42:00,805,805,805,805,0
2022-06-21 10:43:00,805,805,805,805,0
2022-06-21 10:44:00,805,805,805,805,0
2022-06-21 10:45:00,805,805,805,805,0
2022-06-21 10:46:00,805,805,805,805,0
2022-06-21 10:47:00,805,805,805,805,0
2022-06-21 10:48:00,805,805,805,805,0
2022-06-21 10:49:00,805,805,805,805,0
2022-06-21 10:50:00,800,800,800,800,1000
2022-06-21 10:51:00,800,800,800,800,1000
2022-06-21 10:52:00,800,800,800,800,500
2022-06-21 10:53:00,800,800,800,800,0
2022-06-21 10:54:00,800,800,800,800,3500
2022-06-21 10:55:00,800,800,800,800,0
2022-06-21 10:56:00,800,800,800,800,0
2022-06-21 10:57:00,800,800,800,800,0
2022-06-21 10:58:00,800,800,800,800,14400
2022-06-21 10:59:00,800,800,800,800,1000
2022-06-21 11:00:00,800,800,800,800,0
2022-06-21 11:01:00,800,800,800,800,0
2022-06-21 11:02:00,800,800,800,800,1500
2022-06-21 11:03:00,800,800,800,800,0
2022-06-21 11:04:00,800,800,800,800,0
2022-06-21 11:05:00,800,800,800,800,0
2022-06-21 11:06:00,800,800,800,800,0
2022-06-21 11:07:00,800,800,800,800,0
2022-06-21 11:08:00,800,800,800,800,0
2022-06-21 11:09:00,800,800,800,800,0
2022-06-21 11:10:00,800,800,800,800,0
2022-06-21 11:11:00,800,800,800,800,0
2022-06-21 11:12:00,800,800,800,800,0
2022-06-21 11:13:00,800,800,800,800,0
2022-06-21 11:14:00,800,800,800,800,0
2022-06-21 11:15:00,800,800,800,800,0
2022-06-21 11:16:00,800,800,800,800,0
2022-06-21 11:17:00,800,800,800,800,0
2022-06-21 11:18:00,800,800,800,800,200
2022-06-21 11:19:00,800,800,800,800,0
2022-06-21 11:20:00,800,800,800,800,0
2022-06-21 11:21:00,800,800,800,800,100
2022-06-21 11:22:00,800,800,800,800,0
2022-06-21 11:23:00,800,800,800,800,0
2022-06-21 11:24:00,800,800,800,800,0
2022-06-21 11:25:00,800,800,800,800,0
2022-06-21 11:26:00,800,800,800,800,0
2022-06-21 11:27:00,800,800,800,800,0
2022-06-21 11:28:00,800,800,800,800,0
2022-06-21 11:29:00,800,800,800,800,0
2022-06-21 11:30:00,800,800,800,800,0
2022-06-21 11:31:00,800,800,800,800,0
2022-06-21 11:32:00,800,800,800,800,0
2022-06-21 11:33:00,800,800,800,800,0
2022-06-21 11:34:00,800,800,800,800,0
2022-06-21 11:35:00,800,800,800,800,0
2022-06-21 11:36:00,800,800,800,800,0
2022-06-21 11:37:00,800,800,800,800,0
2022-06-21 11:38:00,800,800,800,800,0
2022-06-21 11:39:00,800,800,800,800,0
2022-06-21 11:40:00,800,800,800,800,0
2022-06-21 11:41:00,800,800,800,800,0
2022-06-21 11:42:00,800,800,800,800,0
2022-06-21 11:43:00,800,800,800,800,0
2022-06-21 11:44:00,800,800,800,800,0
2022-06-21 11:45:00,800,800,800,800,0
2022-06-21 11:46:00,800,800,800,800,0
2022-06-21 11:47:00,800,800,800,800,0
2022-06-21 11:48:00,800,800,800,800,0
2022-06-21 11:49:00,800,800,800,800,0
2022-06-21 11:50:00,800,800,800,800,0
2022-06-21 11:51:00,800,800,800,800,0
2022-06-21 11:52:00,800,800,800,800,0
2022-06-21 11:53:00,800,800,800,800,0
2022-06-21 11:54:00,800,800,800,800,0
2022-06-21 11:55:00,800,800,800,800,0
2022-06-21 11:56:00,800,800,800,800,0
2022-06-21 11:57:00,800,800,800,800,0
2022-06-21 11:58:00,800,800,800,800,0
2022-06-21 11:59:00,800,800,800,800,0
2022-06-21 12:00:00,800,800,800,800,0
2022-06-21 12:01:00,800,800,800,800,0
2022-06-21 12:02:00,800,800,800,800,0
2022-06-21 12:03:00,800,800,800,800,0
2022-06-21 12:04:00,800,800,800,800,0
2022-06-21 12:05:00,800,800,800,800,0
2022-06-21 12:06:00,800,800,800,800,0
2022-06-21 12:07:00,800,800,800,800,0
2022-06-21 12:08:00,800,800,800,800,0
2022-06-21 12:09:00,800,800,800,800,0
2022-06-21 12:10:00,800,800,800,800,0
2022-06-21 12:11:00,800,800,800,800,0
2022-06-21 12:12:00,800,800,800,800,0
2022-06-21 12:13:00,800,800,800,800,0
2022-06-21 12:14:00,800,800,800,800,0
2022-06-21 12:15:00,800,800,800,800,0
2022-06-21 12:16:00,800,800,800,800,0
2022-06-21 12:17:00,800,800,800,800,0
2022-06-21 12:18:00,800,800,800,800,0
2022-06-21 12:19:00,800,800,800,800,0
2022-06-21 12:20:00,800,800,800,800,0
2022-06-21 12:21:00,800,800,800,800,0
2022-06-21 12:22:00,800,800,800,800,0
2022-06-21 12:23:00,800,800,800,800,0
2022-06-21 12:24:00,800,800,800,800,0
2022-06-21 12:25:00,800,800,800,800,0
2022-06-21 12:26:00,800,800,800,800,0
2022-06-21 12:27:00,800,800,800,800,0
2022-06-21 12:28:00,800,800,800,800,0
2022-06-21 12:29:00,800,800,800,800,0
2022-06-21 12:30:00,800,800,800,800,0
2022-06-21 12:31:00,800,800,800,800,0
2022-06-21 12:32:00,800,800,800,800,0
2022-06-21 12:33:00,800,800,800,800,0
2022-06-21 12:34:00,800,800,800,800,0
2022-06-21 12:35:00,800,800,800,800,0
2022-06-21 12:36:00,800,800,800,800,0
2022-06-21 12:37:00,800,800,800,800,0
2022-06-21 12:38:00,800,800,800,800,0
2022-06-21 12:39:00,800,800,800,800,0
2022-06-21 12:40:00,800,800,800,800,0
2022-06-21 12:41:00,800,800,800,800,0
2022-06-21 12:42:00,800,800,800,800,0
2022-06-21 12:43:00,800,800,800,800,0
2022-06-21 12:44:00,800,800,800,800,0
2022-06-21 12:45:00,800,800,800,800,0
2022-06-21 12:46:00,800,800,800,800,0
2022-06-21 12:47:00,800,800,800,800,0
2022-06-21 12:48:00,800,800,800,800,0
2022-06-21 12:49:00,800,800,800,800,0
2022-06-21 12:50:00,800,800,800,800,0
2022-06-21 12:51:00,800,800,800,800,0
2022-06-21 12:52:00,800,800,800,800,0
2022-06-21 12:53:00,800,800,800,800,0
2022-06-21 12:54:00,800,800,800,800,0
2022-06-21 12:55:00,800,800,800,800,0
2022-06-21 12:56:00,800,800,800,800,0
2022-06-21 12:57:00,800,800,800,800,0
2022-06-21 12:58:00,800,800,800,800,0
2022-06-21 12:59:00,800,800,800,800,0
2022-06-21 13:00:00,800,800,800,800,0
2022-06-21 13:01:00,800,800,800,800,0
2022-06-21 13:02:00,800,800,800,800,0
2022-06-21 13:03:00,800,800,800,800,0
2022-06-21 13:04:00,800,800,800,800,0
2022-06-21 13:05:00,800,800,800,800,0
2022-06-21 13:06:00,800,800,800,800,0
2022-06-21 13:07:00,800,800,800,800,0
2022-06-21 13:08:00,800,800,800,800,0
2022-06-21 13:09:00,800,800,800,800,0
2022-06-21 13:10:00,800,800,800,800,0
2022-06-21 13:11:00,800,800,800,800,0
2022-06-21 13:12:00,800,800,800,800,0
2022-06-21 13:13:00,800,800,800,800,0
2022-06-21 13:14:00,800,800,800,800,0
2022-06-21 13:15:00,800,800,800,800,0
2022-06-21 13:16:00,800,800,800,800,0
2022-06-21 13:17:00,800,800,800,800,0
2022-06-21 13:18:00,800,800,800,800,0
2022-06-21 13:19:00,800,800,800,800,0
2022-06-21 13:20:00,800,800,800,800,0
2022-06-21 13:21:00,800,800,800,800,0
2022-06-21 13:22:00,800,800,800,800,0
2022-06-21 13:23:00,800,800,800,800,0
2022-06-21 13:24:00,800,800,800,800,0
2022-06-21 13:25:00,800,800,800,800,0
2022-06-21 13:26:00,800,800,800,800,0
2022-06-21 13:27:00,800,800,800,800,0
2022-06-21 13:28:00,800,800,800,800,0
2022-06-21 13:29:00,800,800,800,800,0
2022-06-21 13:30:00,800,800,800,800,400
2022-06-21 13:31:00,800,800,800,800,0
2022-06-21 13:32:00,800,800,800,800,0
2022-06-21 13:33:00,800,800,800,800,0
2022-06-21 13:34:00,800,800,800,800,0
2022-06-21 13:35:00,800,800,800,800,0
2022-06-21 13:36:00,800,800,800,800,0
2022-06-21 13:37:00,805,805,805,805,15000
2022-06-21 13:38:00,805,805,805,805,0
2022-06-21 13:39:00,805,805,805,805,0
2022-06-21 13:40:00,805,805,805,805,0
2022-06-21 13:41:00,805,805,805,805,10900
2022-06-21 13:42:00,805,805,805,805,28400
2022-06-21 13:43:00,805,805,805,805,0
2022-06-21 13:44:00,805,805,805,805,0
2022-06-21 13:45:00,805,805,805,805,0
2022-06-21 13:46:00,805,805,805,805,700
2022-06-21 13:47:00,810,810,810,810,36200
2022-06-21 13:48:00,810,810,810,810,5000
2022-06-21 13:49:00,810,810,810,810,100
2022-06-21 13:50:00,810,810,810,810,0
2022-06-21 13:51:00,810,810,810,810,0
2022-06-21 13:52:00,810,810,810,810,5000
2022-06-21 13:53:00,805,805,805,805,200
2022-06-21 13:54:00,805,805,805,805,0
2022-06-21 13:55:00,810,810,810,810,7400
2022-06-21 13:56:00,810,810,810,810,0
2022-06-21 13:57:00,810,810,810,810,0
2022-06-21 13:58:00,810,810,810,810,0
2022-06-21 13:59:00,815,815,815,815,100
2022-06-21 14:00:00,815,815,815,815,0
2022-06-21 14:01:00,820,820,820,820,200700
2022-06-21 14:02:00,820,820,820,820,24200
2022-06-21 14:03:00,820,820,820,820,6300
2022-06-21 14:04:00,820,820,820,820,0
2022-06-21 14:05:00,815,815,815,815,200000
2022-06-21 14:06:00,815,815,815,815,14700
2022-06-21 14:07:00,815,815,815,815,1100
2022-06-21 14:08:00,815,815,815,815,500
2022-06-21 14:09:00,815,815,815,815,0
2022-06-21 14:10:00,815,815,815,815,800
2022-06-21 14:11:00,815,815,815,815,0
2022-06-21 14:12:00,815,815,815,815,0
2022-06-21 14:13:00,815,815,815,815,0
2022-06-21 14:14:00,815,815,815,815,0
2022-06-21 14:15:00,815,815,815,815,0
2022-06-21 14:16:00,815,815,815,815,0
2022-06-21 14:17:00,820,820,820,820,3000
2022-06-21 14:18:00,820,820,820,820,0
2022-06-21 14:19:00,820,820,820,820,0
2022-06-21 14:20:00,820,820,820,820,0
2022-06-21 14:21:00,820,820,820,820,0
2022-06-21 14:22:00,820,820,820,820,0
2022-06-21 14:23:00,820,820,820,820,3000
2022-06-21 14:24:00,820,820,820,820,0
2022-06-21 14:25:00,820,820,820,820,0
2022-06-21 14:26:00,820,820,820,820,0
2022-06-21 14:27:00,820,820,820,820,0
2022-06-21 14:28:00,820,820,820,820,100
2022-06-21 14:29:00,820,820,820,820,1700
2022-06-21 14:30:00,820,820,820,820,0
2022-06-21 14:31:00,820,820,820,820,0
2022-06-21 14:32:00,825,825,825,825,100
2022-06-21 14:33:00,825,825,825,825,0
2022-06-21 14:34:00,825,825,825,825,0
2022-06-21 14:35:00,825,825,825,825,0
2022-06-21 14:36:00,825,825,825,825,1000
2022-06-21 14:37:00,825,825,825,825,0
2022-06-21 14:38:00,825,825,825,825,0
2022-06-21 14:39:00,825,825,825,825,0
2022-06-21 14:40:00,825,825,825,825,11500
2022-06-21 14:41:00,825,825,825,825,0
2022-06-21 14:42:00,825,825,825,825,0
2022-06-21 14:43:00,825,825,825,825,0
2022-06-21 14:44:00,825,825,825,825,0
2022-06-21 14:45:00,825,825,825,825,0
2022-06-21 14:46:00,830,830,830,830,100
2022-06-21 14:47:00,830,830,830,830,0
2022-06-21 14:48:00,830,830,830,830,0
2022-06-21 14:49:00,830,830,830,830,100
2022-06-21 14:50:00,830,830,830,830,0
2022-06-21 14:51:00,830,830,830,830,0
2022-06-21 14:52:00,830,830,830,830,0
2022-06-21 14:53:00,830,830,830,830,0
2022-06-21 14:54:00,830,830,830,830,0
2022-06-21 14:55:00,830,830,830,830,0
2022-06-21 14:56:00,830,830,830,830,0
2022-06-21 14:57:00,830,830,830,830,0
2022-06-21 14:58:00,830,830,830,830,0
2022-06-21 14:59:00,830,830,830,830,0
2022-06-21 15:00:00,830,830,830,830,6200
2022-06-21 15:01:00,830,830,830,830,400
2022-06-21 15:02:00,830,830,830,830,0
2022-06-21 15:03:00,830,830,830,830,0
2022-06-21 15:04:00,830,830,830,830,0
2022-06-21 15:05:00,830,830,830,830,0
2022-06-21 15:06:00,830,830,830,830,0
2022-06-21 15:07:00,830,830,830,830,0
2022-06-21 15:08:00,830,830,830,830,0
2022-06-21 15:09:00,830,830,830,830,0
2022-06-21 15:10:00,830,830,830,830,0
2022-06-21 15:11:00,830,830,830,830,0
2022-06-21 15:12:00,830,830,830,830,0
2022-06-21 15:13:00,830,830,830,830,0
2022-06-21 15:14:00,830,830,830,830,3700
2022-06-21 15:15:00,830,830,830,830,0
2022-06-21 15:16:00,830,830,830,830,0
2022-06-21 15:17:00,830,830,830,830,0
2022-06-21 15:18:00,830,830,830,830,0
2022-06-21 15:19:00,830,830,830,830,0
2022-06-21 15:20:00,830,830,830,830,0
2022-06-21 15:21:00,830,830,830,830,0
2022-06-21 15:22:00,830,830,830,830,0
2022-06-21 15:23:00,830,830,830,830,0
2022-06-21 15:24:00,830,830,830,830,0
2022-06-21 15:25:00,830,830,830,830,0
2022-06-21 15:26:00,830,830,830,830,0
2022-06-21 15:27:00,830,830,830,830,0
2022-06-21 15:28:00,830,830,830,830,0
2022-06-21 15:29:00,830,830,830,830,0
2022-06-21 15:30:00,830,830,830,830,0
2022-06-21 15:31:00,830,830,830,830,0
2022-06-21 15:32:00,830,830,830,830,0
2022-06-21 15:33:00,830,830,830,830,0
2022-06-21 15:34:00,830,830,830,830,0
2022-06-21 15:35:00,830,830,830,830,0
2022-06-21 15:36:00,830,830,830,830,0
2022-06-21 15:37:00,830,830,830,830,0
2022-06-21 15:38:00,830,830,830,830,0
2022-06-21 15:39:00,830,830,830,830,0
2022-06-21 15:40:00,830,830,830,830,0
2022-06-21 15:41:00,830,830,830,830,0
2022-06-21 15:42:00,830,830,830,830,0
2022-06-21 15:43:00,830,830,830,830,0
2022-06-21 15:44:00,830,830,830,830,0
2022-06-21 15:45:00,830,830,830,830,0
2022-06-21 15:46:00,830,830,830,830,0
2022-06-21 15:47:00,830,830,830,830,0
2022-06-21 15:48:00,830,830,830,830,0
2022-06-21 15:49:00,830,830,830,830,0
2022-06-21 15:50:00,830,830,830,830,0
2022-06-21 15:51:00,830,830,830,830,0
2022-06-21 15:52:00,830,830,830,830,0
2022-06-21 15:53:00,830,830,830,830,0
2022-06-21 15:54:00,830,830,830,830,0
2022-06-21 15:55:00,830,830,830,830,0
2022-06-21 15:56:00,830,830,830,830,0
2022-06-21 15:57:00,830,830,830,830,0
2022-06-21 15:58:00,830,830,830,830,0
2022-06-21 15:59:00,830,830,830,830,0
2022-06-22 09:00:00,830,830,830,830,0
2022-06-22 09:01:00,830,830,830,830,0
2022-06-22 09:02:00,830,830,830,830,23700
2022-06-22 09:03:00,830,830,830,830,100
2022-06-22 09:04:00,830,830,830,830,0
2022-06-22 09:05:00,830,825,830,830,2500
2022-06-22 09:06:00,830,825,830,830,0
2022-06-22 09:07:00,830,825,830,830,0
2022-06-22 09:08:00,830,830,830,830,100
2022-06-22 09:09:00,835,835,835,835,1800
2022-06-22 09:10:00,835,835,835,835,0
2022-06-22 09:11:00,835,835,835,835,100
2022-06-22 09:12:00,835,835,835,835,24500
2022-06-22 09:13:00,835,835,835,835,200
2022-06-22 09:14:00,835,835,835,835,0
2022-06-22 09:15:00,840,840,840,840,100
2022-06-22 09:16:00,840,840,840,840,0
2022-06-22 09:17:00,835,835,835,835,1500
2022-06-22 09:18:00,835,835,835,835,0
2022-06-22 09:19:00,835,835,835,835,4000
2022-06-22 09:20:00,835,835,835,835,0
2022-06-22 09:21:00,835,835,835,835,0
2022-06-22 09:22:00,845,845,845,845,700
2022-06-22 09:23:00,840,840,840,840,300
2022-06-22 09:24:00,840,840,840,840,0
2022-06-22 09:25:00,840,840,840,840,700
2022-06-22 09:26:00,840,840,840,840,0
2022-06-22 09:27:00,840,840,840,840,0
2022-06-22 09:28:00,840,840,840,840,600
2022-06-22 09:29:00,840,840,840,840,600
2022-06-22 09:30:00,840,840,845,845,38500
2022-06-22 09:31:00,840,840,845,845,0
2022-06-22 09:32:00,840,840,845,845,0
2022-06-22 09:33:00,840,840,845,845,0
2022-06-22 09:34:00,840,840,845,845,0
2022-06-22 09:35:00,840,840,845,845,0
2022-06-22 09:36:00,840,840,845,845,0
2022-06-22 09:37:00,840,840,845,845,0
2022-06-22 09:38:00,845,845,845,845,33500
2022-06-22 09:39:00,850,850,850,850,255600
2022-06-22 09:40:00,850,850,855,855,108700
2022-06-22 09:41:00,850,850,850,850,500
2022-06-22 09:42:00,850,845,850,845,6200
2022-06-22 09:43:00,850,850,850,850,1500
2022-06-22 09:44:00,850,850,850,850,5000
2022-06-22 09:45:00,850,850,850,850,0
2022-06-22 09:46:00,850,850,850,850,0
2022-06-22 09:47:00,845,845,845,845,8600
2022-06-22 09:48:00,845,845,845,845,6400
2022-06-22 09:49:00,845,845,845,845,800
2022-06-22 09:50:00,840,840,840,840,1200
2022-06-22 09:51:00,840,840,840,840,1200
2022-06-22 09:52:00,840,840,840,840,1800
2022-06-22 09:53:00,840,840,840,840,0
2022-06-22 09:54:00,840,840,840,840,0
2022-06-22 09:55:00,840,840,840,840,0
2022-06-22 09:56:00,840,840,840,840,0
2022-06-22 09:57:00,840,840,840,840,0
2022-06-22 09:58:00,840,840,840,840,0
2022-06-22 09:59:00,840,830,840,830,50100
2022-06-22 10:00:00,830,830,830,830,10000
2022-06-22 10:01:00,830,830,830,830,0
2022-06-22 10:02:00,830,830,830,830,100
2022-06-22 10:03:00,830,830,830,830,0
2022-06-22 10:04:00,830,830,830,830,0
2022-06-22 10:05:00,830,830,830,830,0
2022-06-22 10:06:00,830,830,830,830,0
2022-06-22 10:07:00,830,830,830,830,0
2022-06-22 10:08:00,830,830,830,830,0
2022-06-22 10:09:00,830,830,830,830,0
2022-06-22 10:10:00,830,830,830,830,0
2022-06-22 10:11:00,830,830,830,830,0
2022-06-22 10:12:00,830,830,830,830,0
2022-06-22 10:13:00,830,830,830,830,0
2022-06-22 10:14:00,830,830,830,830,500
2022-06-22 10:15:00,830,830,830,830,0
2022-06-22 10:16:00,830,830,830,830,0
2022-06-22 10:17:00,830,830,830,830,1000
2022-06-22 10:18:00,830,830,830,830,0
2022-06-22 10:19:00,830,830,830,830,0
2022-06-22 10:20:00,830,830,830,830,600
2022-06-22 10:21:00,830,830,830,830,0
2022-06-22 10:22:00,830,830,830,830,0
2022-06-22 10:23:00,830,830,830,830,0
2022-06-22 10:24:00,830,830,830,830,1000
2022-06-22 10:25:00,830,830,830,830,0
2022-06-22 10:26:00,830,830,830,830,0
2022-06-22 10:27:00,830,830,830,830,0
2022-06-22 10:28:00,830,830,830,830,0
2022-06-22 10:29:00,830,830,830,830,0
2022-06-22 10:30:00,830,830,830,830,0
2022-06-22 10:31:00,830,830,830,830,0
2022-06-22 10:32:00,830,830,830,830,10100
2022-06-22 10:33:00,830,830,830,830,0
2022-06-22 10:34:00,830,830,830,830,1700
2022-06-22 10:35:00,830,830,830,830,0
2022-06-22 10:36:00,830,830,830,830,0
2022-06-22 10:37:00,830,830,830,830,0
2022-06-22 10:38:00,830,830,830,830,0
2022-06-22 10:39:00,830,830,830,830,0
2022-06-22 10:40:00,830,830,830,830,0
2022-06-22 10:41:00,830,830,830,830,0
2022-06-22 10:42:00,830,830,830,830,0
2022-06-22 10:43:00,830,830,830,830,0
2022-06-22 10:44:00,830,830,830,830,0
2022-06-22 10:45:00,830,830,830,830,0
2022-06-22 10:46:00,830,830,830,830,0
2022-06-22 10:47:00,830,830,830,830,0
2022-06-22 10:48:00,830,830,830,830,0
2022-06-22 10:49:00,830,830,830,830,0
2022-06-22 10:50:00,830,830,830,830,0
2022-06-22 10:51:00,830,830,830,830,0
2022-06-22 10:52:00,830,830,830,830,0
2022-06-22 10:53:00,830,830,830,830,0
2022-06-22 10:54:00,830,830,830,830,2300
2022-06-22 10:55:00,830,830,830,830,0
2022-06-22 10:56:00,830,830,830,830,0
2022-06-22 10:57:00,830,830,830,830,700
2022-06-22 10:58:00,830,830,830,830,0
2022-06-22 10:59:00,830,830,830,830,0
2022-06-22 11:00:00,830,830,830,830,0
2022-06-22 11:01:00,845,845,845,845,200
2022-06-22 11:02:00,845,845,845,845,0
2022-06-22 11:03:00,845,845,845,845,0
2022-06-22 11:04:00,845,845,845,845,0
2022-06-22 11:05:00,845,845,845,845,0
2022-06-22 11:06:00,845,845,845,845,200
2022-06-22 11:07:00,845,845,845,845,0
2022-06-22 11:08:00,845,845,845,845,5000
2022-06-22 11:09:00,845,845,845,845,0
2022-06-22 11:10:00,845,845,845,845,200
2022-06-22 11:11:00,845,845,845,845,0
2022-06-22 11:12:00,845,845,845,845,0
2022-06-22 11:13:00,845,845,845,845,0
2022-06-22 11:14:00,845,845,845,845,0
2022-06-22 11:15:00,845,845,845,845,200
2022-06-22 11:16:00,845,845,845,845,0
2022-06-22 11:17:00,845,845,845,845,0
2022-06-22 11:18:00,845,845,845,845,20000
2022-06-22 11:19:00,845,845,845,845,0
2022-06-22 11:20:00,845,845,845,845,200
2022-06-22 11:21:00,845,845,845,845,3800
2022-06-22 11:22:00,845,845,845,845,0
2022-06-22 11:23:00,845,845,845,845,0
2022-06-22 11:24:00,845,845,845,845,0
2022-06-22 11:25:00,850,850,850,850,300
2022-06-22 11:26:00,850,850,850,850,0
2022-06-22 11:27:00,850,850,850,850,200
2022-06-22 11:28:00,850,850,850,850,0
2022-06-22 11:29:00,850,850,850,850,0
2022-06-22 11:30:00,850,850,850,850,0
2022-06-22 11:31:00,850,850,850,850,0
2022-06-22 11:32:00,850,850,850,850,0
2022-06-22 11:33:00,850,850,850,850,0
2022-06-22 11:34:00,850,850,850,850,0
2022-06-22 11:35:00,850,850,850,850,0
2022-06-22 11:36:00,850,850,850,850,0
2022-06-22 11:37:00,850,850,850,850,0
2022-06-22 11:38:00,850,850,850,850,0
2022-06-22 11:39:00,850,850,850,850,0
2022-06-22 11:40:00,850,850,850,850,0
2022-06-22 11:41:00,850,850,850,850,0
2022-06-22 11:42:00,850,850,850,850,0
2022-06-22 11:43:00,850,850,850,850,0
2022-06-22 11:44:00,850,850,850,850,0
2022-06-22 11:45:00,850,850,850,850,0
2022-06-22 11:46:00,850,850,850,850,0
2022-06-22 11:47:00,850,850,850,850,0
2022-06-22 11:48:00,850,850,850,850,0
2022-06-22 11:49:00,850,850,850,850,0
2022-06-22 11:50:00,850,850,850,850,0
2022-06-22 11:51:00,850,850,850,850,0
2022-06-22 11:52:00,850,850,850,850,0
2022-06-22 11:53:00,850,850,850,850,0
2022-06-22 11:54:00,850,850,850,850,0
2022-06-22 11:55:00,850,850,850,850,0
2022-06-22 11:56:00,850,850,850,850,0
2022-06-22 11:57:00,850,850,850,850,0
2022-06-22 11:58:00,850,850,850,850,0
2022-06-22 11:59:00,850,850,850,850,0
2022-06-22 12:00:00,850,850,850,850,0
2022-06-22 12:01:00,850,850,850,850,0
2022-06-22 12:02:00,850,850,850,850,0
2022-06-22 12:03:00,850,850,850,850,0
2022-06-22 12:04:00,850,850,850,850,0
2022-06-22 12:05:00,850,850,850,850,0
2022-06-22 12:06:00,850,850,850,850,0
2022-06-22 12:07:00,850,850,850,850,0
2022-06-22 12:08:00,850,850,850,850,0
2022-06-22 12:09:00,850,850,850,850,0
2022-06-22 12:10:00,850,850,850,850,0
2022-06-22 12:11:00,850,850,850,850,0
2022-06-22 12:12:00,850,850,850,850,0
2022-06-22 12:13:00,850,850,850,850,0
2022-06-22 12:14:00,850,850,850,850,0
2022-06-22 12:15:00,850,850,850,850,0
2022-06-22 12:16:00,850,850,850,850,0
2022-06-22 12:17:00,850,850,850,850,0
2022-06-22 12:18:00,850,850,850,850,0
2022-06-22 12:19:00,850,850,850,850,0
2022-06-22 12:20:00,850,850,850,850,0
2022-06-22 12:21:00,850,850,850,850,0
2022-06-22 12:22:00,850,850,850,850,0
2022-06-22 12:23:00,850,850,850,850,0
2022-06-22 12:24:00,850,850,850,850,0
2022-06-22 12:25:00,850,850,850,850,0
2022-06-22 12:26:00,850,850,850,850,0
2022-06-22 12:27:00,850,850,850,850,0
2022-06-22 12:28:00,850,850,850,850,0
2022-06-22 12:29:00,850,850,850,850,0
2022-06-22 12:30:00,850,850,850,850,0
2022-06-22 12:31:00,850,850,850,850,0
2022-06-22 12:32:00,850,850,850,850,0
2022-06-22 12:33:00,850,850,850,850,0
2022-06-22 12:34:00,850,850,850,850,0
2022-06-22 12:35:00,850,850,850,850,0
2022-06-22 12:36:00,850,850,850,850,0
2022-06-22 12:37:00,850,850,850,850,0
2022-06-22 12:38:00,850,850,850,850,0
2022-06-22 12:39:00,850,850,850,850,0
2022-06-22 12:40:00,850,850,850,850,0
2022-06-22 12:41:00,850,850,850,850,0
2022-06-22 12:42:00,850,850,850,850,0
2022-06-22 12:43:00,850,850,850,850,0
2022-06-22 12:44:00,850,850,850,850,0
2022-06-22 12:45:00,850,850,850,850,0
2022-06-22 12:46:00,850,850,850,850,0
2022-06-22 12:47:00,850,850,850,850,0
2022-06-22 12:48:00,850,850,850,850,0
2022-06-22 12:49:00,850,850,850,850,0
2022-06-22 12:50:00,850,850,850,850,0
2022-06-22 12:51:00,850,850,850,850,0
2022-06-22 12:52:00,850,850,850,850,0
2022-06-22 12:53:00,850,850,850,850,0
2022-06-22 12:54:00,850,850,850,850,0
2022-06-22 12:55:00,850,850,850,850,0
2022-06-22 12:56:00,850,850,850,850,0
2022-06-22 12:57:00,850,850,850,850,0
2022-06-22 12:58:00,850,850,850,850,0
2022-06-22 12:59:00,850,850,850,850,0
2022-06-22 13:00:00,850,850,850,850,0
2022-06-22 13:01:00,850,850,850,850,0
2022-06-22 13:02:00,850,850,850,850,0
2022-06-22 13:03:00,850,850,850,850,0
2022-06-22 13:04:00,850,850,850,850,0
2022-06-22 13:05:00,850,850,850,850,0
2022-06-22 13:06:00,850,850,850,850,0
2022-06-22 13:07:00,850,850,850,850,0
2022-06-22 13:08:00,850,850,850,850,0
2022-06-22 13:09:00,850,850,850,850,0
2022-06-22 13:10:00,850,850,850,850,0
2022-06-22 13:11:00,850,850,850,850,0
2022-06-22 13:12:00,850,850,850,850,0
2022-06-22 13:13:00,850,850,850,850,0
2022-06-22 13:14:00,850,850,850,850,0
2022-06-22 13:15:00,850,850,850,850,0
2022-06-22 13:16:00,850,850,850,850,0
2022-06-22 13:17:00,850,850,850,850,0
2022-06-22 13:18:00,850,850,850,850,0
2022-06-22 13:19:00,850,850,850,850,0
2022-06-22 13:20:00,850,850,850,850,0
2022-06-22 13:21:00,850,850,850,850,0
2022-06-22 13:22:00,850,850,850,850,0
2022-06-22 13:23:00,850,850,850,850,0
2022-06-22 13:24:00,850,850,850,850,0
2022-06-22 13:25:00,850,850,850,850,0
2022-06-22 13:26:00,850,850,850,850,0
2022-06-22 13:27:00,850,850,850,850,0
2022-06-22 13:28:00,850,850,850,850,0
2022-06-22 13:29:00,850,850,850,850,0
2022-06-22 13:30:00,850,850,850,850,900
2022-06-22 13:31:00,850,850,850,850,0
2022-06-22 13:32:00,850,850,850,850,0
2022-06-22 13:33:00,850,850,850,850,200
2022-06-22 13:34:00,850,850,850,850,0
2022-06-22 13:35:00,850,850,850,850,0
2022-06-22 13:36:00,850,850,850,850,200
2022-06-22 13:37:00,850,850,850,850,0
2022-06-22 13:38:00,850,850,850,850,0
2022-06-22 13:39:00,850,850,850,850,200
2022-06-22 13:40:00,850,850,850,850,0
2022-06-22 13:41:00,850,850,850,850,0
2022-06-22 13:42:00,850,850,850,850,200
2022-06-22 13:43:00,850,850,850,850,0
2022-06-22 13:44:00,850,850,850,850,0
2022-06-22 13:45:00,845,845,845,845,100
2022-06-22 13:46:00,845,845,845,845,200
2022-06-22 13:47:00,845,845,845,845,25000
2022-06-22 13:48:00,845,845,845,845,0
2022-06-22 13:49:00,845,840,845,840,7500
2022-06-22 13:50:00,845,840,845,840,0
2022-06-22 13:51:00,845,840,845,840,0
2022-06-22 13:52:00,845,840,845,840,0
2022-06-22 13:53:00,835,835,840,840,1500
2022-06-22 13:54:00,835,835,840,840,0
2022-06-22 13:55:00,840,840,840,840,1200
2022-06-22 13:56:00,835,835,835,835,1100
2022-06-22 13:57:00,835,835,835,835,0
2022-06-22 13:58:00,835,835,835,835,0
2022-06-22 13:59:00,835,835,835,835,0
2022-06-22 14:00:00,835,835,835,835,25000
2022-06-22 14:01:00,835,835,835,835,0
2022-06-22 14:02:00,840,840,840,840,1000
2022-06-22 14:03:00,840,840,840,840,800
2022-06-22 14:04:00,840,840,840,840,0
2022-06-22 14:05:00,840,840,840,840,0
2022-06-22 14:06:00,835,835,835,835,5000
2022-06-22 14:07:00,835,835,835,835,0
2022-06-22 14:08:00,835,835,835,835,0
2022-06-22 14:09:00,840,835,840,835,5100
2022-06-22 14:10:00,835,835,835,835,100
2022-06-22 14:11:00,840,840,840,840,30000
2022-06-22 14:12:00,840,840,840,840,0
2022-06-22 14:13:00,840,840,840,840,0
2022-06-22 14:14:00,840,840,840,840,0
2022-06-22 14:15:00,840,840,840,840,0
2022-06-22 14:16:00,840,840,840,840,0
2022-06-22 14:17:00,840,840,840,840,0
2022-06-22 14:18:00,840,840,840,840,0
2022-06-22 14:19:00,840,840,840,840,0
2022-06-22 14:20:00,835,835,835,835,26500
2022-06-22 14:21:00,835,835,835,835,0
2022-06-22 14:22:00,835,835,835,835,0
2022-06-22 14:23:00,835,835,835,835,0
2022-06-22 14:24:00,835,835,835,835,0
2022-06-22 14:25:00,835,835,835,835,0
2022-06-22 14:26:00,835,835,835,835,0
2022-06-22 14:27:00,830,830,830,830,9800
2022-06-22 14:28:00,830,830,830,830,0
2022-06-22 14:29:00,825,820,825,820,10200
2022-06-22 14:30:00,825,820,825,820,0
2022-06-22 14:31:00,825,820,825,820,0
2022-06-22 14:32:00,825,820,825,820,0
2022-06-22 14:33:00,825,820,825,820,0
2022-06-22 14:34:00,825,820,825,820,0
2022-06-22 14:35:00,825,820,825,820,0
2022-06-22 14:36:00,830,830,835,835,16000
2022-06-22 14:37:00,835,835,835,835,14100
2022-06-22 14:38:00,825,820,825,820,33600
2022-06-22 14:39:00,825,820,825,820,0
2022-06-22 14:40:00,825,820,825,820,0
2022-06-22 14:41:00,820,820,820,820,2000
2022-06-22 14:42:00,820,820,820,820,0
2022-06-22 14:43:00,820,820,820,820,1000
2022-06-22 14:44:00,820,820,820,820,500
2022-06-22 14:45:00,820,820,820,820,0
2022-06-22 14:46:00,815,815,820,820,11300
2022-06-22 14:47:00,815,815,820,820,0
2022-06-22 14:48:00,815,815,820,820,0
2022-06-22 14:49:00,815,815,815,815,18400
2022-06-22 14:50:00,815,815,815,815,0
2022-06-22 14:51:00,815,815,815,815,0
2022-06-22 14:52:00,815,815,815,815,0
2022-06-22 14:53:00,815,815,815,815,0
2022-06-22 14:54:00,815,815,815,815,0
2022-06-22 14:55:00,815,815,815,815,0
2022-06-22 14:56:00,815,815,815,815,0
2022-06-22 14:57:00,815,815,815,815,0
2022-06-22 14:58:00,815,815,815,815,0
2022-06-22 14:59:00,815,815,815,815,0
2022-06-22 15:00:00,820,820,820,820,2300
2022-06-22 15:01:00,820,820,820,820,1500
2022-06-22 15:02:00,820,820,820,820,0
2022-06-22 15:03:00,820,820,820,820,0
2022-06-22 15:04:00,820,820,820,820,0
2022-06-22 15:05:00,820,820,820,820,1500
2022-06-22 15:06:00,820,820,820,820,0
2022-06-22 15:07:00,820,820,820,820,5500
2022-06-22 15:08:00,820,820,820,820,0
2022-06-22 15:09:00,820,820,820,820,0
2022-06-22 15:10:00,820,820,820,820,0
2022-06-22 15:11:00,820,820,820,820,0
2022-06-22 15:12:00,820,820,820,820,0
2022-06-22 15:13:00,820,820,820,820,0
2022-06-22 15:14:00,820,820,820,820,0
2022-06-22 15:15:00,820,820,820,820,0
2022-06-22 15:16:00,820,820,820,820,0
2022-06-22 15:17:00,820,820,820,820,0
2022-06-22 15:18:00,820,820,820,820,0
2022-06-22 15:19:00,820,820,820,820,0
2022-06-22 15:20:00,820,820,820,820,0
2022-06-22 15:21:00,820,820,820,820,0
2022-06-22 15:22:00,820,820,820,820,0
2022-06-22 15:23:00,820,820,820,820,0
2022-06-22 15:24:00,820,820,820,820,0
2022-06-22 15:25:00,820,820,820,820,0
2022-06-22 15:26:00,820,820,820,820,0
2022-06-22 15:27:00,820,820,820,820,0
2022-06-22 15:28:00,820,820,820,820,0
2022-06-22 15:29:00,820,820,820,820,0
2022-06-22 15:30:00,820,820,820,820,0
2022-06-22 15:31:00,820,820,820,820,0
2022-06-22 15:32:00,820,820,820,820,0
2022-06-22 15:33:00,820,820,820,820,0
2022-06-22 15:34:00,820,820,820,820,0
2022-06-22 15:35:00,820,820,820,820,0
2022-06-22 15:36:00,820,820,820,820,0
2022-06-22 15:37:00,820,820,820,820,0
2022-06-22 15:38:00,820,820,820,820,0
2022-06-22 15:39:00,820,820,820,820,0
2022-06-22 15:40:00,820,820,820,820,0
2022-06-22 15:41:00,820,820,820,820,0
2022-06-22 15:42:00,820,820,820,820,0
2022-06-22 15:43:00,820,820,820,820,0
2022-06-22 15:44:00,820,820,820,820,0
2022-06-22 15:45:00,820,820,820,820,0
2022-06-22 15:46:00,820,820,820,820,0
2022-06-22 15:47:00,820,820,820,820,0
2022-06-22 15:48:00,820,820,820,820,0
2022-06-22 15:49:00,820,820,820,820,0
2022-06-22 15:50:00,820,820,820,820,0
2022-06-22 15:51:00,820,820,820,820,0
2022-06-22 15:52:00,820,820,820,820,0
2022-06-22 15:53:00,820,820,820,820,0
2022-06-22 15:54:00,820,820,820,820,0
2022-06-22 15:55:00,820,820,820,820,0
2022-06-22 15:56:00,820,820,820,820,0
2022-06-22 15:57:00,820,820,820,820,0
2022-06-22 15:58:00,820,820,820,820,0
2022-06-22 15:59:00,820,820,820,820,0
2022-06-23 09:00:00,820,820,820,820,0
2022-06-23 09:01:00,820,820,820,820,0
2022-06-23 09:02:00,820,820,820,820,0
2022-06-23 09:03:00,820,820,820,820,0
2022-06-23 09:04:00,820,820,820,820,0
2022-06-23 09:05:00,820,820,820,820,0
2022-06-23 09:06:00,820,820,820,820,800
2022-06-23 09:07:00,820,820,820,820,0
2022-06-23 09:08:00,820,820,820,820,0
2022-06-23 09:09:00,820,820,820,820,0
2022-06-23 09:10:00,830,830,840,840,300
2022-06-23 09:11:00,830,830,840,840,0
2022-06-23 09:12:00,830,830,840,840,0
2022-06-23 09:13:00,835,835,835,835,100
2022-06-23 09:14:00,835,835,835,835,6000
2022-06-23 09:15:00,835,835,835,835,0
2022-06-23 09:16:00,835,835,835,835,0
2022-06-23 09:17:00,835,835,835,835,25000
2022-06-23 09:18:00,835,835,835,835,0
2022-06-23 09:19:00,835,835,835,835,0
2022-06-23 09:20:00,840,840,840,840,200
2022-06-23 09:21:00,840,840,840,840,0
2022-06-23 09:22:00,835,835,835,835,300
2022-06-23 09:23:00,835,835,835,835,0
2022-06-23 09:24:00,835,835,835,835,45000
2022-06-23 09:25:00,835,835,835,835,0
2022-06-23 09:26:00,825,820,825,820,119100
2022-06-23 09:27:00,815,815,815,815,100
2022-06-23 09:28:00,820,820,820,820,900
2022-06-23 09:29:00,820,820,820,820,500
2022-06-23 09:30:00,820,820,820,820,0
2022-06-23 09:31:00,820,820,820,820,0
2022-06-23 09:32:00,815,815,815,815,600
2022-06-23 09:33:00,820,820,820,820,200
2022-06-23 09:34:00,820,820,820,820,100
2022-06-23 09:35:00,820,820,820,820,0
2022-06-23 09:36:00,820,820,820,820,13000
2022-06-23 09:37:00,820,820,820,820,0
2022-06-23 09:38:00,820,820,820,820,0
2022-06-23 09:39:00,815,815,815,815,500
2022-06-23 09:40:00,815,815,815,815,0
2022-06-23 09:41:00,815,815,815,815,0
2022-06-23 09:42:00,815,815,815,815,0
2022-06-23 09:43:00,815,815,815,815,0
2022-06-23 09:44:00,815,815,815,815,0
2022-06-23 09:45:00,815,815,815,815,0
2022-06-23 09:46:00,815,815,815,815,0
2022-06-23 09:47:00,815,815,815,815,0
2022-06-23 09:48:00,820,820,820,820,200
2022-06-23 09:49:00,820,820,820,820,0
2022-06-23 09:50:00,820,820,820,820,0
2022-06-23 09:51:00,820,820,820,820,0
2022-06-23 09:52:00,820,820,820,820,0
2022-06-23 09:53:00,820,820,820,820,0
2022-06-23 09:54:00,820,820,820,820,0
2022-06-23 09:55:00,820,820,820,820,0
2022-06-23 09:56:00,820,820,820,820,0
2022-06-23 09:57:00,820,820,820,820,0
2022-06-23 09:58:00,820,820,820,820,4300
2022-06-23 09:59:00,820,820,820,820,0
2022-06-23 10:00:00,820,820,820,820,0
2022-06-23 10:01:00,820,820,820,820,0
2022-06-23 10:02:00,820,820,820,820,0
2022-06-23 10:03:00,820,820,820,820,0
2022-06-23 10:04:00,820,820,820,820,0
2022-06-23 10:05:00,820,820,820,820,0
2022-06-23 10:06:00,820,820,820,820,100
2022-06-23 10:07:00,820,820,820,820,0
2022-06-23 10:08:00,820,820,820,820,0
2022-06-23 10:09:00,820,820,820,820,0
2022-06-23 10:10:00,820,820,820,820,0
2022-06-23 10:11:00,820,820,820,820,0
2022-06-23 10:12:00,820,820,820,820,0
2022-06-23 10:13:00,820,820,820,820,0
2022-06-23 10:14:00,825,825,825,825,500
2022-06-23 10:15:00,825,825,825,825,0
2022-06-23 10:16:00,825,825,825,825,0
2022-06-23 10:17:00,825,825,825,825,0
2022-06-23 10:18:00,825,825,825,825,0
2022-06-23 10:19:00,825,825,825,825,0
2022-06-23 10:20:00,825,825,825,825,0
2022-06-23 10:21:00,825,825,825,825,0
2022-06-23 10:22:00,825,825,825,825,9400
2022-06-23 10:23:00,825,825,825,825,0
2022-06-23 10:24:00,825,825,825,825,0
2022-06-23 10:25:00,825,825,825,825,0
2022-06-23 10:26:00,825,825,825,825,0
2022-06-23 10:27:00,825,825,825,825,0
2022-06-23 10:28:00,825,825,825,825,0
2022-06-23 10:29:00,825,825,825,825,500
2022-06-23 10:30:00,825,825,825,825,0
2022-06-23 10:31:00,825,825,825,825,0
2022-06-23 10:32:00,825,825,825,825,0
2022-06-23 10:33:00,825,825,825,825,0
2022-06-23 10:34:00,825,825,825,825,0
2022-06-23 10:35:00,820,820,820,820,100
2022-06-23 10:36:00,820,820,820,820,0
2022-06-23 10:37:00,820,820,820,820,0
2022-06-23 10:38:00,820,820,820,820,0
2022-06-23 10:39:00,820,820,820,820,0
2022-06-23 10:40:00,820,820,820,820,0
2022-06-23 10:41:00,820,820,820,820,0
2022-06-23 10:42:00,820,820,820,820,0
2022-06-23 10:43:00,820,820,820,820,0
2022-06-23 10:44:00,820,820,820,820,0
2022-06-23 10:45:00,820,820,820,820,0
2022-06-23 10:46:00,820,820,820,820,0
2022-06-23 10:47:00,825,825,825,825,100
2022-06-23 10:48:00,825,825,825,825,0
2022-06-23 10:49:00,825,825,825,825,1300
2022-06-23 10:50:00,820,820,820,820,100
2022-06-23 10:51:00,815,810,815,810,7700
2022-06-23 10:52:00,815,810,815,810,0
2022-06-23 10:53:00,815,810,815,810,0
2022-06-23 10:54:00,815,810,815,810,0
2022-06-23 10:55:00,815,810,815,810,0
2022-06-23 10:56:00,810,810,810,810,200
2022-06-23 10:57:00,810,810,810,810,300
2022-06-23 10:58:00,810,810,810,810,0
2022-06-23 10:59:00,820,810,820,810,8100
2022-06-23 11:00:00,820,810,820,810,0
2022-06-23 11:01:00,820,810,820,810,0
2022-06-23 11:02:00,820,810,820,810,0
2022-06-23 11:03:00,820,810,820,810,0
2022-06-23 11:04:00,815,815,815,815,100
2022-06-23 11:05:00,815,815,815,815,0
2022-06-23 11:06:00,825,825,825,825,100
2022-06-23 11:07:00,825,825,825,825,0
2022-06-23 11:08:00,825,825,825,825,100
2022-06-23 11:09:00,825,825,825,825,0
2022-06-23 11:10:00,825,825,825,825,100
2022-06-23 11:11:00,825,825,825,825,100
2022-06-23 11:12:00,825,825,825,825,0
2022-06-23 11:13:00,825,825,825,825,100
2022-06-23 11:14:00,825,825,825,825,0
2022-06-23 11:15:00,820,810,820,810,44300
2022-06-23 11:16:00,820,810,820,810,0
2022-06-23 11:17:00,810,810,810,810,1000
2022-06-23 11:18:00,810,810,810,810,0
2022-06-23 11:19:00,810,810,810,810,0
2022-06-23 11:20:00,810,810,810,810,200
2022-06-23 11:21:00,810,810,810,810,0
2022-06-23 11:22:00,810,810,810,810,0
2022-06-23 11:23:00,810,810,810,810,600
2022-06-23 11:24:00,810,810,810,810,3100
2022-06-23 11:25:00,810,810,810,810,100
2022-06-23 11:26:00,810,810,810,810,100
2022-06-23 11:27:00,810,805,810,805,6200
2022-06-23 11:28:00,810,810,810,810,100
2022-06-23 11:29:00,810,810,810,810,0
2022-06-23 11:30:00,810,810,810,810,0
2022-06-23 11:31:00,810,810,810,810,0
2022-06-23 11:32:00,810,810,810,810,0
2022-06-23 11:33:00,810,810,810,810,0
2022-06-23 11:34:00,810,810,810,810,0
2022-06-23 11:35:00,810,810,810,810,0
2022-06-23 11:36:00,810,810,810,810,0
2022-06-23 11:37:00,810,810,810,810,0
2022-06-23 11:38:00,810,810,810,810,0
2022-06-23 11:39:00,810,810,810,810,0
2022-06-23 11:40:00,810,810,810,810,0
2022-06-23 11:41:00,810,810,810,810,0
2022-06-23 11:42:00,810,810,810,810,0
2022-06-23 11:43:00,810,810,810,810,0
2022-06-23 11:44:00,810,810,810,810,0
2022-06-23 11:45:00,810,810,810,810,0
2022-06-23 11:46:00,810,810,810,810,0
2022-06-23 11:47:00,810,810,810,810,0
2022-06-23 11:48:00,810,810,810,810,0
2022-06-23 11:49:00,810,810,810,810,0
2022-06-23 11:50:00,810,810,810,810,0
2022-06-23 11:51:00,810,810,810,810,0
2022-06-23 11:52:00,810,810,810,810,0
2022-06-23 11:53:00,810,810,810,810,0
2022-06-23 11:54:00,810,810,810,810,0
2022-06-23 11:55:00,810,810,810,810,0
2022-06-23 11:56:00,810,810,810,810,0
2022-06-23 11:57:00,810,810,810,810,0
2022-06-23 11:58:00,810,810,810,810,0
2022-06-23 11:59:00,810,810,810,810,0
2022-06-23 12:00:00,810,810,810,810,0
2022-06-23 12:01:00,810,810,810,810,0
2022-06-23 12:02:00,810,810,810,810,0
2022-06-23 12:03:00,810,810,810,810,0
2022-06-23 12:04:00,810,810,810,810,0
2022-06-23 12:05:00,810,810,810,810,0
2022-06-23 12:06:00,810,810,810,810,0
2022-06-23 12:07:00,810,810,810,810,0
2022-06-23 12:08:00,810,810,810,810,0
2022-06-23 12:09:00,810,810,810,810,0
2022-06-23 12:10:00,810,810,810,810,0
2022-06-23 12:11:00,810,810,810,810,0
2022-06-23 12:12:00,810,810,810,810,0
2022-06-23 12:13:00,810,810,810,810,0
2022-06-23 12:14:00,810,810,810,810,0
2022-06-23 12:15:00,810,810,810,810,0
2022-06-23 12:16:00,810,810,810,810,0
2022-06-23 12:17:00,810,810,810,810,0
2022-06-23 12:18:00,810,810,810,810,0
2022-06-23 12:19:00,810,810,810,810,0
2022-06-23 12:20:00,810,810,810,810,0
2022-06-23 12:21:00,810,810,810,810,0
2022-06-23 12:22:00,810,810,810,810,0
2022-06-23 12:23:00,810,810,810,810,0
2022-06-23 12:24:00,810,810,810,810,0
2022-06-23 12:25:00,810,810,810,810,0
2022-06-23 12:26:00,810,810,810,810,0
2022-06-23 12:27:00,810,810,810,810,0
2022-06-23 12:28:00,810,810,810,810,0
2022-06-23 12:29:00,810,810,810,810,0
2022-06-23 12:30:00,810,810,810,810,0
2022-06-23 12:31:00,810,810,810,810,0
2022-06-23 12:32:00,810,810,810,810,0
2022-06-23 12:33:00,810,810,810,810,0
2022-06-23 12:34:00,810,810,810,810,0
2022-06-23 12:35:00,810,810,810,810,0
2022-06-23 12:36:00,810,810,810,810,0
2022-06-23 12:37:00,810,810,810,810,0
2022-06-23 12:38:00,810,810,810,810,0
2022-06-23 12:39:00,810,810,810,810,0
2022-06-23 12:40:00,810,810,810,810,0
2022-06-23 12:41:00,810,810,810,810,0
2022-06-23 12:42:00,810,810,810,810,0
2022-06-23 12:43:00,810,810,810,810,0
2022-06-23 12:44:00,810,810,810,810,0
2022-06-23 12:45:00,810,810,810,810,0
2022-06-23 12:46:00,810,810,810,810,0
2022-06-23 12:47:00,810,810,810,810,0
2022-06-23 12:48:00,810,810,810,810,0
2022-06-23 12:49:00,810,810,810,810,0
2022-06-23 12:50:00,810,810,810,810,0
2022-06-23 12:51:00,810,810,810,810,0
2022-06-23 12:52:00,810,810,810,810,0
2022-06-23 12:53:00,810,810,810,810,0
2022-06-23 12:54:00,810,810,810,810,0
2022-06-23 12:55:00,810,810,810,810,0
2022-06-23 12:56:00,810,810,810,810,0
2022-06-23 12:57:00,810,810,810,810,0
2022-06-23 12:58:00,810,810,810,810,0
2022-06-23 12:59:00,810,810,810,810,0
2022-06-23 13:00:00,810,810,810,810,0
2022-06-23 13:01:00,810,810,810,810,0
2022-06-23 13:02:00,810,810,810,810,0
2022-06-23 13:03:00,810,810,810,810,0
2022-06-23 13:04:00,810,810,810,810,0
2022-06-23 13:05:00,810,810,810,810,0
2022-06-23 13:06:00,810,810,810,810,0
2022-06-23 13:07:00,810,810,810,810,0
2022-06-23 13:08:00,810,810,810,810,0
2022-06-23 13:09:00,810,810,810,810,0
2022-06-23 13:10:00,810,810,810,810,0
2022-06-23 13:11:00,810,810,810,810,0
2022-06-23 13:12:00,810,810,810,810,0
2022-06-23 13:13:00,810,810,810,810,0
2022-06-23 13:14:00,810,810,810,810,0
2022-06-23 13:15:00,810,810,810,810,0
2022-06-23 13:16:00,810,810,810,810,0
2022-06-23 13:17:00,810,810,810,810,0
2022-06-23 13:18:00,810,810,810,810,0
2022-06-23 13:19:00,810,810,810,810,0
2022-06-23 13:20:00,810,810,810,810,0
2022-06-23 13:21:00,810,810,810,810,0
2022-06-23 13:22:00,810,810,810,810,0
2022-06-23 13:23:00,810,810,810,810,0
2022-06-23 13:24:00,810,810,810,810,0
2022-06-23 13:25:00,810,810,810,810,0
2022-06-23 13:26:00,810,810,810,810,0
2022-06-23 13:27:00,810,810,810,810,0
2022-06-23 13:28:00,810,810,810,810,0
2022-06-23 13:29:00,810,810,810,810,0
2022-06-23 13:30:00,810,805,810,805,173400
2022-06-23 13:31:00,805,805,810,810,57700
2022-06-23 13:32:00,810,805,810,805,3000
2022-06-23 13:33:00,805,805,805,805,1500
2022-06-23 13:34:00,805,805,805,805,0
2022-06-23 13:35:00,820,820,820,820,100
2022-06-23 13:36:00,820,820,820,820,100
2022-06-23 13:37:00,820,820,820,820,100
2022-06-23 13:38:00,820,820,820,820,100
2022-06-23 13:39:00,820,815,820,815,40300
2022-06-23 13:40:00,815,815,815,815,270200
2022-06-23 13:41:00,815,815,815,815,0
2022-06-23 13:42:00,815,815,815,815,0
2022-06-23 13:43:00,815,815,815,815,0
2022-06-23 13:44:00,815,815,815,815,100
2022-06-23 13:45:00,815,815,815,815,100
2022-06-23 13:46:00,815,815,815,815,11500
2022-06-23 13:47:00,815,815,815,815,100
2022-06-23 13:48:00,815,815,815,815,300
2022-06-23 13:49:00,810,810,810,810,900
2022-06-23 13:50:00,810,810,810,810,0
2022-06-23 13:51:00,810,810,810,810,0
2022-06-23 13:52:00,810,810,810,810,0
2022-06-23 13:53:00,810,810,810,810,0
2022-06-23 13:54:00,810,810,810,810,0
2022-06-23 13:55:00,810,810,810,810,0
2022-06-23 13:56:00,810,810,810,810,0
2022-06-23 13:57:00,810,810,810,810,0
2022-06-23 13:58:00,810,810,810,810,100
2022-06-23 13:59:00,810,810,810,810,0
2022-06-23 14:00:00,810,810,810,810,0
2022-06-23 14:01:00,810,810,810,810,0
2022-06-23 14:02:00,810,810,810,810,0
2022-06-23 14:03:00,810,810,810,810,0
2022-06-23 14:04:00,810,810,810,810,0
2022-06-23 14:05:00,810,810,810,810,0
2022-06-23 14:06:00,810,810,810,810,0
2022-06-23 14:07:00,810,810,810,810,0
2022-06-23 14:08:00,810,810,810,810,0
2022-06-23 14:09:00,810,810,810,810,0
2022-06-23 14:10:00,810,810,810,810,0
2022-06-23 14:11:00,810,810,810,810,0
2022-06-23 14:12:00,810,810,810,810,0
2022-06-23 14:13:00,810,810,810,810,0
2022-06-23 14:14:00,815,815,815,815,100
2022-06-23 14:15:00,815,815,815,815,0
2022-06-23 14:16:00,815,815,815,815,0
2022-06-23 14:17:00,815,815,815,815,0
2022-06-23 14:18:00,815,815,815,815,0
2022-06-23 14:19:00,810,810,815,815,1100
2022-06-23 14:20:00,810,810,815,815,0
2022-06-23 14:21:00,810,810,815,815,0
2022-06-23 14:22:00,810,810,815,815,0
2022-06-23 14:23:00,810,810,815,815,0
2022-06-23 14:24:00,810,810,815,815,0
2022-06-23 14:25:00,810,810,815,815,0
2022-06-23 14:26:00,810,810,810,810,1300
2022-06-23 14:27:00,810,810,810,810,0
2022-06-23 14:28:00,810,810,810,810,0
2022-06-23 14:29:00,810,810,810,810,0
2022-06-23 14:30:00,810,810,810,810,0
2022-06-23 14:31:00,810,810,810,810,0
2022-06-23 14:32:00,810,810,810,810,0
2022-06-23 14:33:00,810,810,810,810,1000
2022-06-23 14:34:00,810,810,810,810,0
2022-06-23 14:35:00,810,810,810,810,0
2022-06-23 14:36:00,815,815,815,815,100
2022-06-23 14:37:00,815,815,815,815,0
2022-06-23 14:38:00,815,815,815,815,100
2022-06-23 14:39:00,815,815,815,815,0
2022-06-23 14:40:00,815,815,815,815,0
2022-06-23 14:41:00,815,815,815,815,0
2022-06-23 14:42:00,815,815,815,815,0
2022-06-23 14:43:00,810,810,810,810,1500
2022-06-23 14:44:00,810,810,810,810,0
2022-06-23 14:45:00,810,810,810,810,0
2022-06-23 14:46:00,810,810,810,810,0
2022-06-23 14:47:00,815,815,815,815,200
2022-06-23 14:48:00,815,815,815,815,0
2022-06-23 14:49:00,815,815,815,815,0
2022-06-23 14:50:00,815,815,815,815,0
2022-06-23 14:51:00,815,815,815,815,0
2022-06-23 14:52:00,815,815,815,815,0
2022-06-23 14:53:00,815,815,815,815,0
2022-06-23 14:54:00,815,815,815,815,0
2022-06-23 14:55:00,815,815,815,815,0
2022-06-23 14:56:00,815,815,815,815,0
2022-06-23 14:57:00,815,815,815,815,0
2022-06-23 14:58:00,815,815,815,815,0
2022-06-23 14:59:00,815,815,815,815,0
2022-06-23 15:00:00,815,815,815,815,0
2022-06-23 15:01:00,815,815,815,815,0
2022-06-23 15:02:00,815,815,815,815,100
2022-06-23 15:03:00,815,815,815,815,1400
2022-06-23 15:04:00,815,815,815,815,0
2022-06-23 15:05:00,815,815,815,815,0
2022-06-23 15:06:00,815,815,815,815,0
2022-06-23 15:07:00,815,815,815,815,0
2022-06-23 15:08:00,815,815,815,815,0
2022-06-23 15:09:00,815,815,815,815,0
2022-06-23 15:10:00,815,815,815,815,8000
2022-06-23 15:11:00,815,815,815,815,0
2022-06-23 15:12:00,815,815,815,815,0
2022-06-23 15:13:00,815,815,815,815,0
2022-06-23 15:14:00,815,815,815,815,2100
2022-06-23 15:15:00,815,815,815,815,0
2022-06-23 15:16:00,815,815,815,815,0
2022-06-23 15:17:00,815,815,815,815,0
2022-06-23 15:18:00,815,815,815,815,0
2022-06-23 15:19:00,815,815,815,815,0
2022-06-23 15:20:00,815,815,815,815,0
2022-06-23 15:21:00,815,815,815,815,0
2022-06-23 15:22:00,815,815,815,815,0
2022-06-23 15:23:00,815,815,815,815,0
2022-06-23 15:24:00,815,815,815,815,0
2022-06-23 15:25:00,815,815,815,815,0
2022-06-23 15:26:00,815,815,815,815,0
2022-06-23 15:27:00,815,815,815,815,0
2022-06-23 15:28:00,815,815,815,815,0
2022-06-23 15:29:00,815,815,815,815,0
2022-06-23 15:30:00,815,815,815,815,0
2022-06-23 15:31:00,815,815,815,815,0
2022-06-23 15:32:00,815,815,815,815,0
2022-06-23 15:33:00,815,815,815,815,0
2022-06-23 15:34:00,815,815,815,815,0
2022-06-23 15:35:00,815,815,815,815,0
2022-06-23 15:36:00,815,815,815,815,0
2022-06-23 15:37:00,815,815,815,815,0
2022-06-23 15:38:00,815,815,815,815,0
2022-06-23 15:39:00,815,815,815,815,0
2022-06-23 15:40:00,815,815,815,815,0
2022-06-23 15:41:00,815,815,815,815,0
2022-06-23 15:42:00,815,815,815,815,0
2022-06-23 15:43:00,815,815,815,815,0
2022-06-23 15:44:00,815,815,815,815,0
2022-06-23 15:45:00,815,815,815,815,0
2022-06-23 15:46:00,815,815,815,815,0
2022-06-23 15:47:00,815,815,815,815,0
2022-06-23 15:48:00,815,815,815,815,0
2022-06-23 15:49:00,815,815,815,815,0
2022-06-23 15:50:00,815,815,815,815,0
2022-06-23 15:51:00,815,815,815,815,0
2022-06-23 15:52:00,815,815,815,815,0
2022-06-23 15:53:00,815,815,815,815,0
2022-06-23 15:54:00,815,815,815,815,0
2022-06-23 15:55:00,815,815,815,815,0
2022-06-23 15:56:00,815,815,815,815,0
2022-06-23 15:57:00,815,815,815,815,0
2022-06-23 15:58:00,815,815,815,815,0
2022-06-23 15:59:00,815,815,815,815,0
2022-06-24 09:00:00,815,815,815,815,0
2022-06-24 09:01:00,815,815,815,815,0
2022-06-24 09:02:00,815,815,815,815,0
2022-06-24 09:03:00,815,815,815,815,0
2022-06-24 09:04:00,815,815,815,815,3000
2022-06-24 09:05:00,820,820,825,825,200
2022-06-24 09:06:00,820,820,825,825,0
2022-06-24 09:07:00,820,820,825,825,0
2022-06-24 09:08:00,820,820,825,825,0
2022-06-24 09:09:00,820,820,820,820,1500
2022-06-24 09:10:00,820,820,820,820,0
2022-06-24 09:11:00,820,820,820,820,0
2022-06-24 09:12:00,820,820,820,820,0
2022-06-24 09:13:00,820,820,820,820,0
2022-06-24 09:14:00,820,820,820,820,200
2022-06-24 09:15:00,820,820,820,820,0
2022-06-24 09:16:00,820,820,820,820,0
2022-06-24 09:17:00,820,820,820,820,0
2022-06-24 09:18:00,820,820,820,820,500
2022-06-24 09:19:00,820,820,820,820,7800
2022-06-24 09:20:00,820,820,820,820,0
2022-06-24 09:21:00,825,825,830,830,800
2022-06-24 09:22:00,825,825,830,830,0
2022-06-24 09:23:00,825,825,830,830,0
2022-06-24 09:24:00,825,825,825,825,100
2022-06-24 09:25:00,825,825,825,825,0
2022-06-24 09:26:00,825,825,825,825,0
2022-06-24 09:27:00,825,825,825,825,0
2022-06-24 09:28:00,825,825,825,825,0
2022-06-24 09:29:00,830,830,840,840,50700
2022-06-24 09:30:00,840,840,840,840,6200
2022-06-24 09:31:00,840,840,845,840,3100
2022-06-24 09:32:00,840,840,845,840,0
2022-06-24 09:33:00,840,840,845,840,0
2022-06-24 09:34:00,845,845,845,845,20000
2022-06-24 09:35:00,845,845,845,845,200
2022-06-24 09:36:00,845,845,845,845,0
2022-06-24 09:37:00,845,845,845,845,0
2022-06-24 09:38:00,845,845,845,845,0
2022-06-24 09:39:00,845,845,845,845,0
2022-06-24 09:40:00,845,845,845,845,0
2022-06-24 09:41:00,845,845,845,845,100
2022-06-24 09:42:00,845,845,845,845,0
2022-06-24 09:43:00,840,840,840,840,500
2022-06-24 09:44:00,840,840,840,840,100
2022-06-24 09:45:00,840,840,840,840,0
2022-06-24 09:46:00,845,845,845,845,100
2022-06-24 09:47:00,845,845,845,845,0
2022-06-24 09:48:00,845,845,845,845,0
2022-06-24 09:49:00,845,845,845,845,0
2022-06-24 09:50:00,845,845,845,845,0
2022-06-24 09:51:00,840,840,845,845,3100
2022-06-24 09:52:00,840,840,840,840,2300
2022-06-24 09:53:00,840,840,840,840,10000
2022-06-24 09:54:00,840,840,840,840,2000
2022-06-24 09:55:00,840,840,840,840,0
2022-06-24 09:56:00,840,840,840,840,0
2022-06-24 09:57:00,840,840,840,840,0
2022-06-24 09:58:00,840,840,840,840,0
2022-06-24 09:59:00,840,840,840,840,0
2022-06-24 10:00:00,845,845,845,845,1000
2022-06-24 10:01:00,845,845,845,845,0
2022-06-24 10:02:00,840,840,840,840,400
2022-06-24 10:03:00,840,840,840,840,0
2022-06-24 10:04:00,840,840,840,840,0
2022-06-24 10:05:00,845,845,845,845,1000
2022-06-24 10:06:00,845,845,845,845,0
2022-06-24 10:07:00,840,840,840,840,100
2022-06-24 10:08:00,840,840,840,840,0
2022-06-24 10:09:00,840,840,840,840,0
2022-06-24 10:10:00,840,840,840,840,0
2022-06-24 10:11:00,840,840,840,840,0
2022-06-24 10:12:00,840,840,840,840,500
2022-06-24 10:13:00,840,840,840,840,0
2022-06-24 10:14:00,840,840,840,840,100
2022-06-24 10:15:00,840,840,840,840,0
2022-06-24 10:16:00,840,840,840,840,2600
2022-06-24 10:17:00,840,840,840,840,2000
2022-06-24 10:18:00,840,840,840,840,0
2022-06-24 10:19:00,840,840,840,840,200
2022-06-24 10:20:00,840,840,840,840,1000
2022-06-24 10:21:00,840,840,840,840,0
2022-06-24 10:22:00,840,840,840,840,0
2022-06-24 10:23:00,840,840,840,840,1000
2022-06-24 10:24:00,840,840,840,840,2500
2022-06-24 10:25:00,840,840,840,840,0
2022-06-24 10:26:00,840,840,840,840,0
2022-06-24 10:27:00,840,840,840,840,0
2022-06-24 10:28:00,840,840,840,840,0
2022-06-24 10:29:00,840,840,840,840,0
2022-06-24 10:30:00,840,840,840,840,8500
2022-06-24 10:31:00,840,840,840,840,0
2022-06-24 10:32:00,840,840,840,840,0
2022-06-24 10:33:00,840,840,840,840,0
2022-06-24 10:34:00,845,845,845,845,100
2022-06-24 10:35:00,845,845,845,845,0
2022-06-24 10:36:00,845,845,845,845,0
2022-06-24 10:37:00,845,845,845,845,100
2022-06-24 10:38:00,845,845,845,845,0
2022-06-24 10:39:00,845,845,845,845,10300
2022-06-24 10:40:00,840,840,840,840,300
2022-06-24 10:41:00,845,845,845,845,100
2022-06-24 10:42:00,845,845,845,845,0
2022-06-24 10:43:00,845,845,845,845,0
2022-06-24 10:44:00,840,840,840,840,700
2022-06-24 10:45:00,840,840,840,840,0
2022-06-24 10:46:00,840,840,845,845,1100
2022-06-24 10:47:00,840,840,845,845,0
2022-06-24 10:48:00,840,840,845,845,0
2022-06-24 10:49:00,840,840,845,845,0
2022-06-24 10:50:00,840,840,845,845,0
2022-06-24 10:51:00,840,840,845,845,244600
2022-06-24 10:52:00,845,845,845,845,71400
2022-06-24 10:53:00,845,845,850,850,301200
2022-06-24 10:54:00,845,845,845,845,500
2022-06-24 10:55:00,845,845,845,845,0
2022-06-24 10:56:00,845,845,845,845,0
2022-06-24 10:57:00,845,845,845,845,0
2022-06-24 10:58:00,845,845,845,845,0
2022-06-24 10:59:00,845,845,845,845,200
2022-06-24 11:00:00,850,850,850,850,100
2022-06-24 11:01:00,850,850,850,850,0
2022-06-24 11:02:00,850,850,850,850,100
2022-06-24 11:03:00,850,850,850,850,100
2022-06-24 11:04:00,845,845,850,850,10100
2022-06-24 11:05:00,850,850,850,850,1600
2022-06-24 11:06:00,850,850,850,850,100
2022-06-24 11:07:00,850,850,850,850,0
2022-06-24 11:08:00,850,850,850,850,100
2022-06-24 11:09:00,850,850,850,850,600
2022-06-24 11:10:00,850,850,850,850,100
2022-06-24 11:11:00,850,850,850,850,0
2022-06-24 11:12:00,850,845,850,845,200
2022-06-24 11:13:00,850,845,850,845,0
2022-06-24 11:14:00,850,850,850,850,100
2022-06-24 11:15:00,845,845,845,845,1800
2022-06-24 11:16:00,845,845,845,845,3900
2022-06-24 11:17:00,845,845,845,845,0
2022-06-24 11:18:00,845,845,850,850,1600
2022-06-24 11:19:00,845,845,845,845,100
2022-06-24 11:20:00,845,845,845,845,0
2022-06-24 11:21:00,845,845,845,845,0
2022-06-24 11:22:00,850,850,850,850,100
2022-06-24 11:23:00,850,850,850,850,0
2022-06-24 11:24:00,850,850,850,850,100
2022-06-24 11:25:00,850,850,850,850,0
2022-06-24 11:26:00,850,850,850,850,100
2022-06-24 11:27:00,850,850,850,850,300
2022-06-24 11:28:00,850,850,850,850,0
2022-06-24 11:29:00,850,850,850,850,100
2022-06-24 11:30:00,850,850,850,850,0
2022-06-24 11:31:00,850,850,850,850,0
2022-06-24 11:32:00,850,850,850,850,0
2022-06-24 11:33:00,850,850,850,850,0
2022-06-24 11:34:00,850,850,850,850,0
2022-06-24 11:35:00,850,850,850,850,0
2022-06-24 11:36:00,850,850,850,850,0
2022-06-24 11:37:00,850,850,850,850,0
2022-06-24 11:38:00,850,850,850,850,0
2022-06-24 11:39:00,850,850,850,850,0
2022-06-24 11:40:00,850,850,850,850,0
2022-06-24 11:41:00,850,850,850,850,0
2022-06-24 11:42:00,850,850,850,850,0
2022-06-24 11:43:00,850,850,850,850,0
2022-06-24 11:44:00,850,850,850,850,0
2022-06-24 11:45:00,850,850,850,850,0
2022-06-24 11:46:00,850,850,850,850,0
2022-06-24 11:47:00,850,850,850,850,0
2022-06-24 11:48:00,850,850,850,850,0
2022-06-24 11:49:00,850,850,850,850,0
2022-06-24 11:50:00,850,850,850,850,0
2022-06-24 11:51:00,850,850,850,850,0
2022-06-24 11:52:00,850,850,850,850,0
2022-06-24 11:53:00,850,850,850,850,0
2022-06-24 11:54:00,850,850,850,850,0
2022-06-24 11:55:00,850,850,850,850,0
2022-06-24 11:56:00,850,850,850,850,0
2022-06-24 11:57:00,850,850,850,850,0
2022-06-24 11:58:00,850,850,850,850,0
2022-06-24 11:59:00,850,850,850,850,0
2022-06-24 12:00:00,850,850,850,850,0
2022-06-24 12:01:00,850,850,850,850,0
2022-06-24 12:02:00,850,850,850,850,0
2022-06-24 12:03:00,850,850,850,850,0
2022-06-24 12:04:00,850,850,850,850,0
2022-06-24 12:05:00,850,850,850,850,0
2022-06-24 12:06:00,850,850,850,850,0
2022-06-24 12:07:00,850,850,850,850,0
2022-06-24 12:08:00,850,850,850,850,0
2022-06-24 12:09:00,850,850,850,850,0
2022-06-24 12:10:00,850,850,850,850,0
2022-06-24 12:11:00,850,850,850,850,0
2022-06-24 12:12:00,850,850,850,850,0
2022-06-24 12:13:00,850,850,850,850,0
2022-06-24 12:14:00,850,850,850,850,0
2022-06-24 12:15:00,850,850,850,850,0
2022-06-24 12:16:00,850,850,850,850,0
2022-06-24 12:17:00,850,850,850,850,0
2022-06-24 12:18:00,850,850,850,850,0
2022-06-24 12:19:00,850,850,850,850,0
2022-06-24 12:20:00,850,850,850,850,0
2022-06-24 12:21:00,850,850,850,850,0
2022-06-24 12:22:00,850,850,850,850,0
2022-06-24 12:23:00,850,850,850,850,0
2022-06-24 12:24:00,850,850,850,850,0
2022-06-24 12:25:00,850,850,850,850,0
2022-06-24 12:26:00,850,850,850,850,0
2022-06-24 12:27:00,850,850,850,850,0
2022-06-24 12:28:00,850,850,850,850,0
2022-06-24 12:29:00,850,850,850,850,0
2022-06-24 12:30:00,850,850,850,850,0
2022-06-24 12:31:00,850,850,850,850,0
2022-06-24 12:32:00,850,850,850,850,0
2022-06-24 12:33:00,850,850,850,850,0
2022-06-24 12:34:00,850,850,850,850,0
2022-06-24 12:35:00,850,850,850,850,0
2022-06-24 12:36:00,850,850,850,850,0
2022-06-24 12:37:00,850,850,850,850,0
2022-06-24 12:38:00,850,850,850,850,0
2022-06-24 12:39:00,850,850,850,850,0
2022-06-24 12:40:00,850,850,850,850,0
2022-06-24 12:41:00,850,850,850,850,0
2022-06-24 12:42:00,850,850,850,850,0
2022-06-24 12:43:00,850,850,850,850,0
2022-06-24 12:44:00,850,850,850,850,0
2022-06-24 12:45:00,850,850,850,850,0
2022-06-24 12:46:00,850,850,850,850,0
2022-06-24 12:47:00,850,850,850,850,0
2022-06-24 12:48:00,850,850,850,850,0
2022-06-24 12:49:00,850,850,850,850,0
2022-06-24 12:50:00,850,850,850,850,0
2022-06-24 12:51:00,850,850,850,850,0
2022-06-24 12:52:00,850,850,850,850,0
2022-06-24 12:53:00,850,850,850,850,0
2022-06-24 12:54:00,850,850,850,850,0
2022-06-24 12:55:00,850,850,850,850,0
2022-06-24 12:56:00,850,850,850,850,0
2022-06-24 12:57:00,850,850,850,850,0
2022-06-24 12:58:00,850,850,850,850,0
2022-06-24 12:59:00,850,850,850,850,0
2022-06-24 13:00:00,850,850,850,850,0
2022-06-24 13:01:00,850,850,850,850,0
2022-06-24 13:02:00,850,850,850,850,0
2022-06-24 13:03:00,850,850,850,850,0
2022-06-24 13:04:00,850,850,850,850,0
2022-06-24 13:05:00,850,850,850,850,0
2022-06-24 13:06:00,850,850,850,850,0
2022-06-24 13:07:00,850,850,850,850,0
2022-06-24 13:08:00,850,850,850,850,0
2022-06-24 13:09:00,850,850,850,850,0
2022-06-24 13:10:00,850,850,850,850,0
2022-06-24 13:11:00,850,850,850,850,0
2022-06-24 13:12:00,850,850,850,850,0
2022-06-24 13:13:00,850,850,850,850,0
2022-06-24 13:14:00,850,850,850,850,0
2022-06-24 13:15:00,850,850,850,850,0
2022-06-24 13:16:00,850,850,850,850,0
2022-06-24 13:17:00,850,850,850,850,0
2022-06-24 13:18:00,850,850,850,850,0
2022-06-24 13:19:00,850,850,850,850,0
2022-06-24 13:20:00,850,850,850,850,0
2022-06-24 13:21:00,850,850,850,850,0
2022-06-24 13:22:00,850,850,850,850,0
2022-06-24 13:23:00,850,850,850,850,0
2022-06-24 13:24:00,850,850,850,850,0
2022-06-24 13:25:00,850,850,850,850,0
2022-06-24 13:26:00,850,850,850,850,0
2022-06-24 13:27:00,850,850,850,850,0
2022-06-24 13:28:00,850,850,850,850,0
2022-06-24 13:29:00,850,850,850,850,0
2022-06-24 13:30:00,850,850,850,850,500
2022-06-24 13:31:00,850,850,850,850,0
2022-06-24 13:32:00,850,850,850,850,200
2022-06-24 13:33:00,850,850,850,850,0
2022-06-24 13:34:00,850,850,850,850,300
2022-06-24 13:35:00,850,850,850,850,100
2022-06-24 13:36:00,850,850,850,850,200
2022-06-24 13:37:00,850,850,850,850,300
2022-06-24 13:38:00,850,850,850,850,100
2022-06-24 13:39:00,850,850,850,850,0
2022-06-24 13:40:00,850,850,850,850,450200
2022-06-24 13:41:00,850,850,850,850,14900
2022-06-24 13:42:00,850,850,850,850,0
2022-06-24 13:43:00,855,855,855,855,5100
2022-06-24 13:44:00,855,850,855,855,4200
2022-06-24 13:45:00,855,855,855,855,100
2022-06-24 13:46:00,855,850,855,850,6800
2022-06-24 13:47:00,850,850,850,850,3000
2022-06-24 13:48:00,850,850,850,850,200
2022-06-24 13:49:00,850,850,850,850,100
2022-06-24 13:50:00,850,850,850,850,0
2022-06-24 13:51:00,850,850,850,850,0
2022-06-24 13:52:00,850,850,850,850,0
2022-06-24 13:53:00,850,850,850,850,0
2022-06-24 13:54:00,850,850,850,850,0
2022-06-24 13:55:00,850,850,850,850,0
2022-06-24 13:56:00,850,845,850,845,5400
2022-06-24 13:57:00,850,845,850,845,0
2022-06-24 13:58:00,850,845,850,845,0
2022-06-24 13:59:00,850,845,850,845,0
2022-06-24 14:00:00,850,845,850,845,0
2022-06-24 14:01:00,850,845,850,845,0
2022-06-24 14:02:00,850,845,850,845,0
2022-06-24 14:03:00,850,845,850,845,0
2022-06-24 14:04:00,850,850,850,850,200000
2022-06-24 14:05:00,850,850,850,850,0
2022-06-24 14:06:00,850,850,850,850,0
2022-06-24 14:07:00,850,850,850,850,0
2022-06-24 14:08:00,850,850,850,850,0
2022-06-24 14:09:00,850,850,850,850,1100
2022-06-24 14:10:00,850,850,850,850,0
2022-06-24 14:11:00,850,850,850,850,0
2022-06-24 14:12:00,850,850,850,850,600
2022-06-24 14:13:00,850,850,850,850,0
2022-06-24 14:14:00,850,850,850,850,0
2022-06-24 14:15:00,850,850,850,850,0
2022-06-24 14:16:00,850,850,850,850,0
2022-06-24 14:17:00,845,845,845,845,10000
2022-06-24 14:18:00,845,845,845,845,0
2022-06-24 14:19:00,845,845,845,845,0
2022-06-24 14:20:00,845,845,845,845,0
2022-06-24 14:21:00,845,845,845,845,0
2022-06-24 14:22:00,845,845,845,845,0
2022-06-24 14:23:00,845,845,845,845,0
2022-06-24 14:24:00,845,845,845,845,1500
2022-06-24 14:25:00,845,845,845,845,0
2022-06-24 14:26:00,845,845,845,845,0
2022-06-24 14:27:00,845,845,845,845,0
2022-06-24 14:28:00,845,845,845,845,0
2022-06-24 14:29:00,845,845,845,845,4800
2022-06-24 14:30:00,845,845,845,845,0
2022-06-24 14:31:00,845,845,845,845,0
2022-06-24 14:32:00,845,845,845,845,0
2022-06-24 14:33:00,845,845,845,845,0
2022-06-24 14:34:00,840,840,840,840,15400
2022-06-24 14:35:00,840,840,840,840,0
2022-06-24 14:36:00,840,840,840,840,0
2022-06-24 14:37:00,840,840,840,840,0
2022-06-24 14:38:00,840,840,840,840,0
2022-06-24 14:39:00,840,840,840,840,0
2022-06-24 14:40:00,840,840,840,840,0
2022-06-24 14:41:00,840,840,840,840,200
2022-06-24 14:42:00,845,845,845,845,100
2022-06-24 14:43:00,845,845,845,845,4400
2022-06-24 14:44:00,845,845,845,845,0
2022-06-24 14:45:00,845,845,845,845,200
2022-06-24 14:46:00,845,845,845,845,2000
2022-06-24 14:47:00,845,845,845,845,700
2022-06-24 14:48:00,845,845,845,845,100
2022-06-24 14:49:00,845,845,845,845,0
2022-06-24 14:50:00,845,845,845,845,0
2022-06-24 14:51:00,845,845,845,845,0
2022-06-24 14:52:00,845,845,845,845,0
2022-06-24 14:53:00,845,845,845,845,0
2022-06-24 14:54:00,845,845,845,845,0
2022-06-24 14:55:00,845,845,845,845,0
2022-06-24 14:56:00,845,845,845,845,0
2022-06-24 14:57:00,845,845,845,845,0
2022-06-24 14:58:00,845,845,845,845,0
2022-06-24 14:59:00,845,845,845,845,0
2022-06-24 15:00:00,855,855,855,855,60700
2022-06-24 15:01:00,855,855,855,855,13300
2022-06-24 15:02:00,855,855,855,855,20800
2022-06-24 15:03:00,855,855,855,855,100
2022-06-24 15:04:00,855,855,855,855,100
2022-06-24 15:05:00,855,855,855,855,0
2022-06-24 15:06:00,855,855,855,855,700
2022-06-24 15:07:00,855,855,855,855,400
2022-06-24 15:08:00,855,855,855,855,0
2022-06-24 15:09:00,855,855,855,855,0
2022-06-24 15:10:00,855,855,855,855,21500
2022-06-24 15:11:00,855,855,855,855,0
2022-06-24 15:12:00,855,855,855,855,200
2022-06-24 15:13:00,855,855,855,855,0
2022-06-24 15:14:00,855,855,855,855,0
2022-06-24 15:15:00,855,855,855,855,0
2022-06-24 15:16:00,855,855,855,855,0
2022-06-24 15:17:00,855,855,855,855,0
2022-06-24 15:18:00,855,855,855,855,0
2022-06-24 15:19:00,855,855,855,855,0
2022-06-24 15:20:00,855,855,855,855,0
2022-06-24 15:21:00,855,855,855,855,0
2022-06-24 15:22:00,855,855,855,855,0
2022-06-24 15:23:00,855,855,855,855,0
2022-06-24 15:24:00,855,855,855,855,0
2022-06-24 15:25:00,855,855,855,855,0
2022-06-24 15:26:00,855,855,855,855,0
2022-06-24 15:27:00,855,855,855,855,0
2022-06-24 15:28:00,855,855,855,855,0
2022-06-24 15:29:00,855,855,855,855,0
2022-06-24 15:30:00,855,855,855,855,0
2022-06-24 15:31:00,855,855,855,855,0
2022-06-24 15:32:00,855,855,855,855,0
2022-06-24 15:33:00,855,855,855,855,0
2022-06-24 15:34:00,855,855,855,855,0
2022-06-24 15:35:00,855,855,855,855,0
2022-06-24 15:36:00,855,855,855,855,0
2022-06-24 15:37:00,855,855,855,855,0
2022-06-24 15:38:00,855,855,855,855,0
2022-06-24 15:39:00,855,855,855,855,0
2022-06-24 15:40:00,855,855,855,855,0
2022-06-24 15:41:00,855,855,855,855,0
2022-06-24 15:42:00,855,855,855,855,0
2022-06-24 15:43:00,855,855,855,855,0
2022-06-24 15:44:00,855,855,855,855,0
2022-06-24 15:45:00,855,855,855,855,0
2022-06-24 15:46:00,855,855,855,855,0
2022-06-24 15:47:00,855,855,855,855,0
2022-06-24 15:48:00,855,855,855,855,0
2022-06-24 15:49:00,855,855,855,855,0
2022-06-24 15:50:00,855,855,855,855,0
2022-06-24 15:51:00,855,855,855,855,0
2022-06-24 15:52:00,855,855,855,855,0
2022-06-24 15:53:00,855,855,855,855,0
2022-06-24 15:54:00,855,855,855,855,0
2022-06-24 15:55:00,855,855,855,855,0
2022-06-24 15:56:00,855,855,855,855,0
2022-06-24 15:57:00,855,855,855,855,0
2022-06-24 15:58:00,855,855,855,855,0
2022-06-24 15:59:00,855,855,855,855,0
2022-06-27 09:00:00,865,860,865,865,0
2022-06-27 09:01:00,865,860,865,865,0
2022-06-27 09:02:00,865,860,865,865,0
2022-06-27 09:03:00,865,860,865,865,0
2022-06-27 09:04:00,860,860,860,860,6000
2022-06-27 09:05:00,860,860,860,860,0
2022-06-27 09:06:00,860,860,860,860,300
2022-06-27 09:07:00,860,860,860,860,0
2022-06-27 09:08:00,860,860,860,860,0
2022-06-27 09:09:00,860,860,860,860,400
2022-06-27 09:10:00,860,860,860,860,0
2022-06-27 09:11:00,855,855,855,855,18700
2022-06-27 09:12:00,855,855,855,855,0
2022-06-27 09:13:00,855,855,855,855,3200
2022-06-27 09:14:00,850,850,850,850,900
2022-06-27 09:15:00,850,850,850,850,10600
2022-06-27 09:16:00,850,850,850,850,0
2022-06-27 09:17:00,850,850,850,850,0
2022-06-27 09:18:00,850,850,850,850,0
2022-06-27 09:19:00,845,845,845,845,16100
2022-06-27 09:20:00,845,845,845,845,0
2022-06-27 09:21:00,845,845,845,845,700
2022-06-27 09:22:00,845,845,845,845,900
2022-06-27 09:23:00,845,845,845,845,1000
2022-06-27 09:24:00,845,845,845,845,2900
2022-06-27 09:25:00,845,840,845,840,2000
2022-06-27 09:26:00,845,845,845,845,4800
2022-06-27 09:27:00,845,845,845,845,0
2022-06-27 09:28:00,845,845,845,845,200
2022-06-27 09:29:00,845,845,845,845,0
2022-06-27 09:30:00,850,850,850,850,500
2022-06-27 09:31:00,850,850,850,850,2000
2022-06-27 09:32:00,850,850,850,850,0
2022-06-27 09:33:00,850,850,850,850,0
2022-06-27 09:34:00,850,850,850,850,0
2022-06-27 09:35:00,850,850,850,850,0
2022-06-27 09:36:00,850,850,850,850,800
2022-06-27 09:37:00,850,850,850,850,0
2022-06-27 09:38:00,850,850,850,850,0
2022-06-27 09:39:00,850,850,850,850,2800
2022-06-27 09:40:00,850,850,850,850,0
2022-06-27 09:41:00,850,850,850,850,0
2022-06-27 09:42:00,850,850,850,850,0
2022-06-27 09:43:00,860,860,860,860,700
2022-06-27 09:44:00,860,860,860,860,0
2022-06-27 09:45:00,860,860,860,860,0
2022-06-27 09:46:00,860,860,860,860,0
2022-06-27 09:47:00,860,860,860,860,0
2022-06-27 09:48:00,860,860,860,860,0
2022-06-27 09:49:00,855,855,855,855,800
2022-06-27 09:50:00,855,855,855,855,0
2022-06-27 09:51:00,850,850,850,850,1200
2022-06-27 09:52:00,850,850,850,850,0
2022-06-27 09:53:00,850,850,850,850,0
2022-06-27 09:54:00,850,850,850,850,0
2022-06-27 09:55:00,850,850,850,850,0
2022-06-27 09:56:00,850,850,850,850,0
2022-06-27 09:57:00,850,850,850,850,0
2022-06-27 09:58:00,850,850,850,850,0
2022-06-27 09:59:00,850,850,850,850,0
2022-06-27 10:00:00,850,850,850,850,0
2022-06-27 10:01:00,850,850,850,850,0
2022-06-27 10:02:00,850,850,850,850,0
2022-06-27 10:03:00,850,850,850,850,0
2022-06-27 10:04:00,850,850,850,850,0
2022-06-27 10:05:00,850,850,850,850,0
2022-06-27 10:06:00,850,850,850,850,0
2022-06-27 10:07:00,850,850,850,850,0
2022-06-27 10:08:00,850,850,850,850,0
2022-06-27 10:09:00,850,850,850,850,3100
2022-06-27 10:10:00,850,850,850,850,0
2022-06-27 10:11:00,850,850,850,850,0
2022-06-27 10:12:00,850,850,850,850,0
2022-06-27 10:13:00,850,850,850,850,0
2022-06-27 10:14:00,850,850,850,850,0
2022-06-27 10:15:00,850,850,850,850,0
2022-06-27 10:16:00,850,850,850,850,0
2022-06-27 10:17:00,850,850,850,850,0
2022-06-27 10:18:00,850,850,850,850,0
2022-06-27 10:19:00,850,850,850,850,0
2022-06-27 10:20:00,850,850,850,850,0
2022-06-27 10:21:00,850,850,850,850,0
2022-06-27 10:22:00,850,850,850,850,0
2022-06-27 10:23:00,850,850,850,850,0
2022-06-27 10:24:00,850,850,850,850,0
2022-06-27 10:25:00,850,850,850,850,0
2022-06-27 10:26:00,850,850,850,850,0
2022-06-27 10:27:00,850,850,850,850,2000
2022-06-27 10:28:00,850,850,850,850,1000
2022-06-27 10:29:00,850,850,850,850,0
2022-06-27 10:30:00,850,850,850,850,0
2022-06-27 10:31:00,850,850,850,850,0
2022-06-27 10:32:00,850,850,850,850,0
2022-06-27 10:33:00,850,850,850,850,0
2022-06-27 10:34:00,850,850,850,850,0
2022-06-27 10:35:00,850,850,850,850,0
2022-06-27 10:36:00,850,850,850,850,0
2022-06-27 10:37:00,850,850,850,850,0
2022-06-27 10:38:00,850,850,850,850,0
2022-06-27 10:39:00,850,850,850,850,0
2022-06-27 10:40:00,850,850,850,850,1800
2022-06-27 10:41:00,850,850,850,850,0
2022-06-27 10:42:00,850,850,850,850,0
2022-06-27 10:43:00,850,850,850,850,0
2022-06-27 10:44:00,850,850,850,850,200
2022-06-27 10:45:00,850,850,850,850,0
2022-06-27 10:46:00,845,845,845,845,1700
2022-06-27 10:47:00,855,855,855,855,900
2022-06-27 10:48:00,855,855,855,855,0
2022-06-27 10:49:00,855,855,855,855,0
2022-06-27 10:50:00,855,855,855,855,0
2022-06-27 10:51:00,855,855,855,855,0
2022-06-27 10:52:00,855,855,855,855,0
2022-06-27 10:53:00,855,855,855,855,0
2022-06-27 10:54:00,855,855,855,855,1100
2022-06-27 10:55:00,855,855,855,855,500
2022-06-27 10:56:00,855,855,855,855,600
2022-06-27 10:57:00,855,855,855,855,700
2022-06-27 10:58:00,855,855,860,860,1400
2022-06-27 10:59:00,860,860,860,860,0
2022-06-27 11:00:00,855,855,855,855,2000
2022-06-27 11:01:00,855,855,855,855,0
2022-06-27 11:02:00,855,855,855,855,0
2022-06-27 11:03:00,855,855,855,855,0
2022-06-27 11:04:00,855,855,855,855,0
2022-06-27 11:05:00,855,855,855,855,200
2022-06-27 11:06:00,855,855,855,855,100
2022-06-27 11:07:00,860,855,860,855,300
2022-06-27 11:08:00,860,860,860,860,100
2022-06-27 11:09:00,860,860,860,860,200
2022-06-27 11:10:00,860,860,860,860,500
2022-06-27 11:11:00,855,855,855,855,800
2022-06-27 11:12:00,855,855,855,855,0
2022-06-27 11:13:00,855,855,855,855,0
2022-06-27 11:14:00,855,855,855,855,0
2022-06-27 11:15:00,855,855,855,855,200
2022-06-27 11:16:00,860,860,860,860,100
2022-06-27 11:17:00,860,860,860,860,100
2022-06-27 11:18:00,860,860,860,860,100
2022-06-27 11:19:00,860,860,860,860,100
2022-06-27 11:20:00,860,860,860,860,300
2022-06-27 11:21:00,860,860,860,860,200
2022-06-27 11:22:00,860,860,860,860,0
2022-06-27 11:23:00,860,860,860,860,0
2022-06-27 11:24:00,860,860,860,860,400
2022-06-27 11:25:00,860,860,860,860,0
2022-06-27 11:26:00,860,860,860,860,500
2022-06-27 11:27:00,860,855,860,855,213800
2022-06-27 11:28:00,855,855,855,855,98100
2022-06-27 11:29:00,855,855,855,855,69900
2022-06-27 11:30:00,855,855,855,855,0
2022-06-27 11:31:00,855,855,855,855,0
2022-06-27 11:32:00,855,855,855,855,0
2022-06-27 11:33:00,855,855,855,855,0
2022-06-27 11:34:00,855,855,855,855,0
2022-06-27 11:35:00,855,855,855,855,0
2022-06-27 11:36:00,855,855,855,855,0
2022-06-27 11:37:00,855,855,855,855,0
2022-06-27 11:38:00,855,855,855,855,0
2022-06-27 11:39:00,855,855,855,855,0
2022-06-27 11:40:00,855,855,855,855,0
2022-06-27 11:41:00,855,855,855,855,0
2022-06-27 11:42:00,855,855,855,855,0
2022-06-27 11:43:00,855,855,855,855,0
2022-06-27 11:44:00,855,855,855,855,0
2022-06-27 11:45:00,855,855,855,855,0
2022-06-27 11:46:00,855,855,855,855,0
2022-06-27 11:47:00,855,855,855,855,0
2022-06-27 11:48:00,855,855,855,855,0
2022-06-27 11:49:00,855,855,855,855,0
2022-06-27 11:50:00,855,855,855,855,0
2022-06-27 11:51:00,855,855,855,855,0
2022-06-27 11:52:00,855,855,855,855,0
2022-06-27 11:53:00,855,855,855,855,0
2022-06-27 11:54:00,855,855,855,855,0
2022-06-27 11:55:00,855,855,855,855,0
2022-06-27 11:56:00,855,855,855,855,0
2022-06-27 11:57:00,855,855,855,855,0
2022-06-27 11:58:00,855,855,855,855,0
2022-06-27 11:59:00,855,855,855,855,0
2022-06-27 12:00:00,855,855,855,855,0
2022-06-27 12:01:00,855,855,855,855,0
2022-06-27 12:02:00,855,855,855,855,0
2022-06-27 12:03:00,855,855,855,855,0
2022-06-27 12:04:00,855,855,855,855,0
2022-06-27 12:05:00,855,855,855,855,0
2022-06-27 12:06:00,855,855,855,855,0
2022-06-27 12:07:00,855,855,855,855,0
2022-06-27 12:08:00,855,855,855,855,0
2022-06-27 12:09:00,855,855,855,855,0
2022-06-27 12:10:00,855,855,855,855,0
2022-06-27 12:11:00,855,855,855,855,0
2022-06-27 12:12:00,855,855,855,855,0
2022-06-27 12:13:00,855,855,855,855,0
2022-06-27 12:14:00,855,855,855,855,0
2022-06-27 12:15:00,855,855,855,855,0
2022-06-27 12:16:00,855,855,855,855,0
2022-06-27 12:17:00,855,855,855,855,0
2022-06-27 12:18:00,855,855,855,855,0
2022-06-27 12:19:00,855,855,855,855,0
2022-06-27 12:20:00,855,855,855,855,0
2022-06-27 12:21:00,855,855,855,855,0
2022-06-27 12:22:00,855,855,855,855,0
2022-06-27 12:23:00,855,855,855,855,0
2022-06-27 12:24:00,855,855,855,855,0
2022-06-27 12:25:00,855,855,855,855,0
2022-06-27 12:26:00,855,855,855,855,0
2022-06-27 12:27:00,855,855,855,855,0
2022-06-27 12:28:00,855,855,855,855,0
2022-06-27 12:29:00,855,855,855,855,0
2022-06-27 12:30:00,855,855,855,855,0
2022-06-27 12:31:00,855,855,855,855,0
2022-06-27 12:32:00,855,855,855,855,0
2022-06-27 12:33:00,855,855,855,855,0
2022-06-27 12:34:00,855,855,855,855,0
2022-06-27 12:35:00,855,855,855,855,0
2022-06-27 12:36:00,855,855,855,855,0
2022-06-27 12:37:00,855,855,855,855,0
2022-06-27 12:38:00,855,855,855,855,0
2022-06-27 12:39:00,855,855,855,855,0
2022-06-27 12:40:00,855,855,855,855,0
2022-06-27 12:41:00,855,855,855,855,0
2022-06-27 12:42:00,855,855,855,855,0
2022-06-27 12:43:00,855,855,855,855,0
2022-06-27 12:44:00,855,855,855,855,0
2022-06-27 12:45:00,855,855,855,855,0
2022-06-27 12:46:00,855,855,855,855,0
2022-06-27 12:47:00,855,855,855,855,0
2022-06-27 12:48:00,855,855,855,855,0
2022-06-27 12:49:00,855,855,855,855,0
2022-06-27 12:50:00,855,855,855,855,0
2022-06-27 12:51:00,855,855,855,855,0
2022-06-27 12:52:00,855,855,855,855,0
2022-06-27 12:53:00,855,855,855,855,0
2022-06-27 12:54:00,855,855,855,855,0
2022-06-27 12:55:00,855,855,855,855,0
2022-06-27 12:56:00,855,855,855,855,0
2022-06-27 12:57:00,855,855,855,855,0
2022-06-27 12:58:00,855,855,855,855,0
2022-06-27 12:59:00,855,855,855,855,0
2022-06-27 13:00:00,855,855,855,855,0
2022-06-27 13:01:00,855,855,855,855,0
2022-06-27 13:02:00,855,855,855,855,0
2022-06-27 13:03:00,855,855,855,855,0
2022-06-27 13:04:00,855,855,855,855,0
2022-06-27 13:05:00,855,855,855,855,0
2022-06-27 13:06:00,855,855,855,855,0
2022-06-27 13:07:00,855,855,855,855,0
2022-06-27 13:08:00,855,855,855,855,0
2022-06-27 13:09:00,855,855,855,855,0
2022-06-27 13:10:00,855,855,855,855,0
2022-06-27 13:11:00,855,855,855,855,0
2022-06-27 13:12:00,855,855,855,855,0
2022-06-27 13:13:00,855,855,855,855,0
2022-06-27 13:14:00,855,855,855,855,0
2022-06-27 13:15:00,855,855,855,855,0
2022-06-27 13:16:00,855,855,855,855,0
2022-06-27 13:17:00,855,855,855,855,0
2022-06-27 13:18:00,855,855,855,855,0
2022-06-27 13:19:00,855,855,855,855,0
2022-06-27 13:20:00,855,855,855,855,0
2022-06-27 13:21:00,855,855,855,855,0
2022-06-27 13:22:00,855,855,855,855,0
2022-06-27 13:23:00,855,855,855,855,0
2022-06-27 13:24:00,855,855,855,855,0
2022-06-27 13:25:00,855,855,855,855,0
2022-06-27 13:26:00,855,855,855,855,0
2022-06-27 13:27:00,855,855,855,855,0
2022-06-27 13:28:00,855,855,855,855,0
2022-06-27 13:29:00,855,855,855,855,0
2022-06-27 13:30:00,855,845,860,845,5800
2022-06-27 13:31:00,855,845,860,845,0
2022-06-27 13:32:00,855,845,860,845,0
2022-06-27 13:33:00,845,845,845,845,18000
2022-06-27 13:34:00,845,845,845,845,0
2022-06-27 13:35:00,845,845,845,845,0
2022-06-27 13:36:00,855,855,855,855,0
2022-06-27 13:37:00,855,855,855,855,600
2022-06-27 13:38:00,855,855,855,855,100
2022-06-27 13:39:00,855,855,855,855,900
2022-06-27 13:40:00,855,855,855,855,0
2022-06-27 13:41:00,855,855,855,855,800
2022-06-27 13:42:00,855,855,855,855,0
2022-06-27 13:43:00,855,855,855,855,1100
2022-06-27 13:44:00,855,855,855,855,300
2022-06-27 13:45:00,855,855,860,860,1200
2022-06-27 13:46:00,855,855,860,860,0
2022-06-27 13:47:00,860,855,860,860,1500
2022-06-27 13:48:00,860,860,860,860,400
2022-06-27 13:49:00,860,860,860,860,0
2022-06-27 13:50:00,860,860,860,860,0
2022-06-27 13:51:00,860,860,860,860,0
2022-06-27 13:52:00,860,860,860,860,0
2022-06-27 13:53:00,860,860,860,860,0
2022-06-27 13:54:00,860,860,860,860,0
2022-06-27 13:55:00,860,860,860,860,0
2022-06-27 13:56:00,860,860,860,860,0
2022-06-27 13:57:00,860,860,860,860,0
2022-06-27 13:58:00,860,860,860,860,0
2022-06-27 13:59:00,860,860,860,860,0
2022-06-27 14:00:00,860,860,860,860,0
2022-06-27 14:01:00,860,860,860,860,0
2022-06-27 14:02:00,860,860,860,860,0
2022-06-27 14:03:00,855,855,860,860,1700
2022-06-27 14:04:00,855,855,860,860,0
2022-06-27 14:05:00,855,855,855,855,700
2022-06-27 14:06:00,855,855,855,855,0
2022-06-27 14:07:00,855,855,855,855,0
2022-06-27 14:08:00,855,855,855,855,0
2022-06-27 14:09:00,855,855,855,855,0
2022-06-27 14:10:00,855,855,855,855,0
2022-06-27 14:11:00,850,850,850,850,1200
2022-06-27 14:12:00,850,850,850,850,0
2022-06-27 14:13:00,850,850,850,850,0
2022-06-27 14:14:00,850,850,850,850,0
2022-06-27 14:15:00,850,850,850,850,0
2022-06-27 14:16:00,850,850,850,850,0
2022-06-27 14:17:00,850,850,850,850,0
2022-06-27 14:18:00,850,850,850,850,0
2022-06-27 14:19:00,850,850,850,850,0
2022-06-27 14:20:00,850,850,850,850,0
2022-06-27 14:21:00,850,850,850,850,0
2022-06-27 14:22:00,860,860,860,860,0
2022-06-27 14:23:00,860,860,860,860,400
2022-06-27 14:24:00,860,860,860,860,13200
2022-06-27 14:25:00,860,860,860,860,800
2022-06-27 14:26:00,860,860,860,860,8500
2022-06-27 14:27:00,860,860,860,860,0
2022-06-27 14:28:00,860,860,860,860,0
2022-06-27 14:29:00,860,860,860,860,0
2022-06-27 14:30:00,860,860,860,860,0
2022-06-27 14:31:00,855,855,855,855,122100
2022-06-27 14:32:00,855,855,855,855,0
2022-06-27 14:33:00,855,855,855,855,0
2022-06-27 14:34:00,855,855,855,855,0
2022-06-27 14:35:00,855,855,855,855,0
2022-06-27 14:36:00,855,855,855,855,0
2022-06-27 14:37:00,855,855,855,855,0
2022-06-27 14:38:00,855,855,855,855,0
2022-06-27 14:39:00,855,855,855,855,0
2022-06-27 14:40:00,855,855,855,855,0
2022-06-27 14:41:00,855,855,855,855,200
2022-06-27 14:42:00,855,855,855,855,0
2022-06-27 14:43:00,855,855,855,855,0
2022-06-27 14:44:00,855,855,855,855,0
2022-06-27 14:45:00,855,855,855,855,0
2022-06-27 14:46:00,855,855,855,855,4900
2022-06-27 14:47:00,855,855,855,855,0
2022-06-27 14:48:00,855,855,855,855,0
2022-06-27 14:49:00,855,855,860,860,134100
2022-06-27 14:50:00,855,855,860,860,0
2022-06-27 14:51:00,855,855,860,860,0
2022-06-27 14:52:00,855,855,860,860,0
2022-06-27 14:53:00,855,855,860,860,0
2022-06-27 14:54:00,855,855,860,860,0
2022-06-27 14:55:00,855,855,860,860,0
2022-06-27 14:56:00,855,855,860,860,0
2022-06-27 14:57:00,855,855,860,860,0
2022-06-27 14:58:00,855,855,860,860,0
2022-06-27 14:59:00,855,855,860,860,0
2022-06-27 15:00:00,860,860,860,860,0
2022-06-27 15:01:00,860,860,860,860,0
2022-06-27 15:02:00,860,860,860,860,0
2022-06-27 15:03:00,860,860,860,860,0
2022-06-27 15:04:00,860,860,860,860,0
2022-06-27 15:05:00,860,860,860,860,40200
2022-06-27 15:06:00,860,860,860,860,0
2022-06-27 15:07:00,860,860,860,860,0
2022-06-27 15:08:00,860,860,860,860,0
2022-06-27 15:09:00,860,860,860,860,0
2022-06-27 15:10:00,860,860,860,860,0
2022-06-27 15:11:00,860,860,860,860,0
2022-06-27 15:12:00,860,860,860,860,0
2022-06-27 15:13:00,860,860,860,860,0
2022-06-27 15:14:00,860,860,860,860,0
2022-06-27 15:15:00,860,860,860,860,0
2022-06-27 15:16:00,860,860,860,860,0
2022-06-27 15:17:00,860,860,860,860,0
2022-06-27 15:18:00,860,860,860,860,0
2022-06-27 15:19:00,860,860,860,860,0
2022-06-27 15:20:00,860,860,860,860,0
2022-06-27 15:21:00,860,860,860,860,0
2022-06-27 15:22:00,860,860,860,860,0
2022-06-27 15:23:00,860,860,860,860,0
2022-06-27 15:24:00,860,860,860,860,0
2022-06-27 15:25:00,860,860,860,860,0
2022-06-27 15:26:00,860,860,860,860,0
2022-06-27 15:27:00,860,860,860,860,0
2022-06-27 15:28:00,860,860,860,860,0
2022-06-27 15:29:00,860,860,860,860,0
2022-06-27 15:30:00,860,860,860,860,0
2022-06-27 15:31:00,860,860,860,860,0
2022-06-27 15:32:00,860,860,860,860,0
2022-06-27 15:33:00,860,860,860,860,0
2022-06-27 15:34:00,860,860,860,860,0
2022-06-27 15:35:00,860,860,860,860,0
2022-06-27 15:36:00,860,860,860,860,0
2022-06-27 15:37:00,860,860,860,860,0
2022-06-27 15:38:00,860,860,860,860,0
2022-06-27 15:39:00,860,860,860,860,0
2022-06-27 15:40:00,860,860,860,860,0
2022-06-27 15:41:00,860,860,860,860,0
2022-06-27 15:42:00,860,860,860,860,0
2022-06-27 15:43:00,860,860,860,860,0
2022-06-27 15:44:00,860,860,860,860,0
2022-06-27 15:45:00,860,860,860,860,0
2022-06-27 15:46:00,860,860,860,860,0
2022-06-27 15:47:00,860,860,860,860,0
2022-06-27 15:48:00,860,860,860,860,0
2022-06-27 15:49:00,860,860,860,860,0
2022-06-27 15:50:00,860,860,860,860,0
2022-06-27 15:51:00,860,860,860,860,0
2022-06-27 15:52:00,860,860,860,860,0
2022-06-27 15:53:00,860,860,860,860,0
2022-06-27 15:54:00,860,860,860,860,0
2022-06-27 15:55:00,860,860,860,860,0
2022-06-27 15:56:00,860,860,860,860,0
2022-06-27 15:57:00,860,860,860,860,0
2022-06-27 15:58:00,860,860,860,860,0
2022-06-27 15:59:00,860,860,860,860,0
2022-06-28 09:00:00,860,860,860,860,5900
2022-06-28 09:01:00,860,860,860,860,0
2022-06-28 09:02:00,860,860,860,860,200
2022-06-28 09:03:00,860,860,860,860,0
2022-06-28 09:04:00,860,860,860,860,0
2022-06-28 09:05:00,860,860,860,860,0
2022-06-28 09:06:00,860,860,860,860,0
2022-06-28 09:07:00,860,860,860,860,0
2022-06-28 09:08:00,860,860,860,860,0
2022-06-28 09:09:00,860,860,860,860,0
2022-06-28 09:10:00,860,860,860,860,0
2022-06-28 09:11:00,860,860,860,860,0
2022-06-28 09:12:00,860,860,860,860,0
2022-06-28 09:13:00,860,860,860,860,0
2022-06-28 09:14:00,860,860,860,860,0
2022-06-28 09:15:00,860,860,860,860,0
2022-06-28 09:16:00,860,860,860,860,0
2022-06-28 09:17:00,860,860,860,860,0
2022-06-28 09:18:00,860,860,860,860,0
2022-06-28 09:19:00,850,850,850,850,600
2022-06-28 09:20:00,850,850,850,850,0
2022-06-28 09:21:00,845,845,845,845,900
2022-06-28 09:22:00,845,845,845,845,0
2022-06-28 09:23:00,845,825,845,825,69200
2022-06-28 09:24:00,825,825,825,825,0
2022-06-28 09:25:00,845,825,845,825,19800
2022-06-28 09:26:00,830,825,830,825,0
2022-06-28 09:27:00,830,825,830,825,5000
2022-06-28 09:28:00,830,830,835,835,0
2022-06-28 09:29:00,830,830,835,835,0
2022-06-28 09:30:00,835,835,835,835,1800
2022-06-28 09:31:00,835,835,835,835,2000
2022-06-28 09:32:00,835,835,835,835,0
2022-06-28 09:33:00,835,835,835,835,0
2022-06-28 09:34:00,835,835,835,835,0
2022-06-28 09:35:00,835,835,835,835,0
2022-06-28 09:36:00,835,835,835,835,0
2022-06-28 09:37:00,835,835,835,835,0
2022-06-28 09:38:00,835,835,835,835,0
2022-06-28 09:39:00,835,835,835,835,0
2022-06-28 09:40:00,835,835,835,835,0
2022-06-28 09:41:00,835,835,835,835,0
2022-06-28 09:42:00,835,835,835,835,0
2022-06-28 09:43:00,830,830,830,830,5400
2022-06-28 09:44:00,830,830,830,830,0
2022-06-28 09:45:00,830,830,830,830,0
2022-06-28 09:46:00,830,830,830,830,2100
2022-06-28 09:47:00,830,830,830,830,0
2022-06-28 09:48:00,840,840,840,840,2000
2022-06-28 09:49:00,845,845,850,850,1700
2022-06-28 09:50:00,845,845,850,850,0
2022-06-28 09:51:00,845,845,850,850,0
2022-06-28 09:52:00,845,845,850,850,0
2022-06-28 09:53:00,845,845,850,850,0
2022-06-28 09:54:00,850,850,850,850,100
2022-06-28 09:55:00,850,850,850,850,0
2022-06-28 09:56:00,850,850,850,850,700
2022-06-28 09:57:00,845,845,845,845,6600
2022-06-28 09:58:00,845,845,845,845,5100
2022-06-28 09:59:00,845,845,845,845,0
2022-06-28 10:00:00,845,845,845,845,0
2022-06-28 10:01:00,845,845,845,845,800
2022-06-28 10:02:00,845,845,845,845,0
2022-06-28 10:03:00,845,845,845,845,2600
2022-06-28 10:04:00,845,845,845,845,0
2022-06-28 10:05:00,845,845,845,845,0
2022-06-28 10:06:00,845,845,845,845,0
2022-06-28 10:07:00,845,845,845,845,0
2022-06-28 10:08:00,845,845,845,845,0
2022-06-28 10:09:00,845,845,845,845,0
2022-06-28 10:10:00,845,845,845,845,0
2022-06-28 10:11:00,845,845,845,845,0
2022-06-28 10:12:00,845,845,845,845,0
2022-06-28 10:13:00,845,845,845,845,0
2022-06-28 10:14:00,845,845,845,845,0
2022-06-28 10:15:00,845,845,845,845,0
2022-06-28 10:16:00,845,845,845,845,0
2022-06-28 10:17:00,845,845,845,845,0
2022-06-28 10:18:00,845,845,845,845,0
2022-06-28 10:19:00,845,845,845,845,0
2022-06-28 10:20:00,845,845,845,845,0
2022-06-28 10:21:00,845,845,845,845,0
2022-06-28 10:22:00,845,845,845,845,0
2022-06-28 10:23:00,845,845,845,845,0
2022-06-28 10:24:00,845,845,845,845,0
2022-06-28 10:25:00,845,845,845,845,0
2022-06-28 10:26:00,845,845,845,845,0
2022-06-28 10:27:00,845,845,845,845,0
2022-06-28 10:28:00,845,845,845,845,0
2022-06-28 10:29:00,845,845,845,845,0
2022-06-28 10:30:00,835,835,835,835,700
2022-06-28 10:31:00,835,835,835,835,0
2022-06-28 10:32:00,835,835,835,835,0
2022-06-28 10:33:00,835,835,835,835,0
2022-06-28 10:34:00,835,835,835,835,0
2022-06-28 10:35:00,845,845,845,845,1300
2022-06-28 10:36:00,845,845,845,845,0
2022-06-28 10:37:00,845,845,845,845,0
2022-06-28 10:38:00,845,845,845,845,0
2022-06-28 10:39:00,845,845,845,845,0
2022-06-28 10:40:00,845,845,845,845,0
2022-06-28 10:41:00,845,845,845,845,0
2022-06-28 10:42:00,845,845,845,845,300
2022-06-28 10:43:00,845,845,845,845,0
2022-06-28 10:44:00,845,845,845,845,0
2022-06-28 10:45:00,845,845,845,845,0
2022-06-28 10:46:00,845,845,845,845,0
2022-06-28 10:47:00,845,845,845,845,0
2022-06-28 10:48:00,845,845,845,845,0
2022-06-28 10:49:00,845,845,845,845,0
2022-06-28 10:50:00,835,835,835,835,1000
2022-06-28 10:51:00,835,835,835,835,1200
2022-06-28 10:52:00,835,835,835,835,0
2022-06-28 10:53:00,835,835,835,835,0
2022-06-28 10:54:00,835,835,835,835,0
2022-06-28 10:55:00,835,835,835,835,0
2022-06-28 10:56:00,835,835,835,835,0
2022-06-28 10:57:00,835,835,835,835,0
2022-06-28 10:58:00,835,835,835,835,0
2022-06-28 10:59:00,835,835,835,835,0
2022-06-28 11:00:00,835,835,835,835,0
2022-06-28 11:01:00,835,835,835,835,0
2022-06-28 11:02:00,835,835,835,835,0
2022-06-28 11:03:00,835,835,835,835,0
2022-06-28 11:04:00,835,835,835,835,0
2022-06-28 11:05:00,835,835,835,835,800
2022-06-28 11:06:00,835,835,835,835,0
2022-06-28 11:07:00,835,835,835,835,0
2022-06-28 11:08:00,835,835,835,835,0
2022-06-28 11:09:00,835,835,835,835,0
2022-06-28 11:10:00,840,840,840,840,100
2022-06-28 11:11:00,845,835,845,835,500
2022-06-28 11:12:00,845,835,845,835,0
2022-06-28 11:13:00,845,835,845,835,0
2022-06-28 11:14:00,845,835,845,835,0
2022-06-28 11:15:00,845,835,845,835,0
2022-06-28 11:16:00,845,835,845,835,0
2022-06-28 11:17:00,845,835,845,835,0
2022-06-28 11:18:00,845,835,845,835,0
2022-06-28 11:19:00,835,835,835,835,1800
2022-06-28 11:20:00,835,835,835,835,0
2022-06-28 11:21:00,835,835,835,835,0
2022-06-28 11:22:00,835,835,835,835,0
2022-06-28 11:23:00,835,835,835,835,0
2022-06-28 11:24:00,835,835,835,835,0
2022-06-28 11:25:00,835,835,835,835,0
2022-06-28 11:26:00,835,835,835,835,0
2022-06-28 11:27:00,835,835,835,835,0
2022-06-28 11:28:00,835,835,835,835,0
2022-06-28 11:29:00,835,835,835,835,0
2022-06-28 11:30:00,835,835,835,835,0
2022-06-28 11:31:00,835,835,835,835,0
2022-06-28 11:32:00,835,835,835,835,0
2022-06-28 11:33:00,835,835,835,835,0
2022-06-28 11:34:00,835,835,835,835,0
2022-06-28 11:35:00,835,835,835,835,0
2022-06-28 11:36:00,835,835,835,835,0
2022-06-28 11:37:00,835,835,835,835,0
2022-06-28 11:38:00,835,835,835,835,0
2022-06-28 11:39:00,835,835,835,835,0
2022-06-28 11:40:00,835,835,835,835,0
2022-06-28 11:41:00,835,835,835,835,0
2022-06-28 11:42:00,835,835,835,835,0
2022-06-28 11:43:00,835,835,835,835,0
2022-06-28 11:44:00,835,835,835,835,0
2022-06-28 11:45:00,835,835,835,835,0
2022-06-28 11:46:00,835,835,835,835,0
2022-06-28 11:47:00,835,835,835,835,0
2022-06-28 11:48:00,835,835,835,835,0
2022-06-28 11:49:00,835,835,835,835,0
2022-06-28 11:50:00,835,835,835,835,0
2022-06-28 11:51:00,835,835,835,835,0
2022-06-28 11:52:00,835,835,835,835,0
2022-06-28 11:53:00,835,835,835,835,0
2022-06-28 11:54:00,835,835,835,835,0
2022-06-28 11:55:00,835,835,835,835,0
2022-06-28 11:56:00,835,835,835,835,0
2022-06-28 11:57:00,835,835,835,835,0
2022-06-28 11:58:00,835,835,835,835,0
2022-06-28 11:59:00,835,835,835,835,0
2022-06-28 12:00:00,835,835,835,835,0
2022-06-28 12:01:00,835,835,835,835,0
2022-06-28 12:02:00,835,835,835,835,0
2022-06-28 12:03:00,835,835,835,835,0
2022-06-28 12:04:00,835,835,835,835,0
2022-06-28 12:05:00,835,835,835,835,0
2022-06-28 12:06:00,835,835,835,835,0
2022-06-28 12:07:00,835,835,835,835,0
2022-06-28 12:08:00,835,835,835,835,0
2022-06-28 12:09:00,835,835,835,835,0
2022-06-28 12:10:00,835,835,835,835,0
2022-06-28 12:11:00,835,835,835,835,0
2022-06-28 12:12:00,835,835,835,835,0
2022-06-28 12:13:00,835,835,835,835,0
2022-06-28 12:14:00,835,835,835,835,0
2022-06-28 12:15:00,835,835,835,835,0
2022-06-28 12:16:00,835,835,835,835,0
2022-06-28 12:17:00,835,835,835,835,0
2022-06-28 12:18:00,835,835,835,835,0
2022-06-28 12:19:00,835,835,835,835,0
2022-06-28 12:20:00,835,835,835,835,0
2022-06-28 12:21:00,835,835,835,835,0
2022-06-28 12:22:00,835,835,835,835,0
2022-06-28 12:23:00,835,835,835,835,0
2022-06-28 12:24:00,835,835,835,835,0
2022-06-28 12:25:00,835,835,835,835,0
2022-06-28 12:26:00,835,835,835,835,0
2022-06-28 12:27:00,835,835,835,835,0
2022-06-28 12:28:00,835,835,835,835,0
2022-06-28 12:29:00,835,835,835,835,0
2022-06-28 12:30:00,835,835,835,835,0
2022-06-28 12:31:00,835,835,835,835,0
2022-06-28 12:32:00,835,835,835,835,0
2022-06-28 12:33:00,835,835,835,835,0
2022-06-28 12:34:00,835,835,835,835,0
2022-06-28 12:35:00,835,835,835,835,0
2022-06-28 12:36:00,835,835,835,835,0
2022-06-28 12:37:00,835,835,835,835,0
2022-06-28 12:38:00,835,835,835,835,0
2022-06-28 12:39:00,835,835,835,835,0
2022-06-28 12:40:00,835,835,835,835,0
2022-06-28 12:41:00,835,835,835,835,0
2022-06-28 12:42:00,835,835,835,835,0
2022-06-28 12:43:00,835,835,835,835,0
2022-06-28 12:44:00,835,835,835,835,0
2022-06-28 12:45:00,835,835,835,835,0
2022-06-28 12:46:00,835,835,835,835,0
2022-06-28 12:47:00,835,835,835,835,0
2022-06-28 12:48:00,835,835,835,835,0
2022-06-28 12:49:00,835,835,835,835,0
2022-06-28 12:50:00,835,835,835,835,0
2022-06-28 12:51:00,835,835,835,835,0
2022-06-28 12:52:00,835,835,835,835,0
2022-06-28 12:53:00,835,835,835,835,0
2022-06-28 12:54:00,835,835,835,835,0
2022-06-28 12:55:00,835,835,835,835,0
2022-06-28 12:56:00,835,835,835,835,0
2022-06-28 12:57:00,835,835,835,835,0
2022-06-28 12:58:00,835,835,835,835,0
2022-06-28 12:59:00,835,835,835,835,0
2022-06-28 13:00:00,835,835,835,835,0
2022-06-28 13:01:00,835,835,835,835,0
2022-06-28 13:02:00,835,835,835,835,0
2022-06-28 13:03:00,835,835,835,835,0
2022-06-28 13:04:00,835,835,835,835,0
2022-06-28 13:05:00,835,835,835,835,0
2022-06-28 13:06:00,835,835,835,835,0
2022-06-28 13:07:00,835,835,835,835,0
2022-06-28 13:08:00,835,835,835,835,0
2022-06-28 13:09:00,835,835,835,835,0
2022-06-28 13:10:00,835,835,835,835,0
2022-06-28 13:11:00,835,835,835,835,0
2022-06-28 13:12:00,835,835,835,835,0
2022-06-28 13:13:00,835,835,835,835,0
2022-06-28 13:14:00,835,835,835,835,0
2022-06-28 13:15:00,835,835,835,835,0
2022-06-28 13:16:00,835,835,835,835,0
2022-06-28 13:17:00,835,835,835,835,0
2022-06-28 13:18:00,835,835,835,835,0
2022-06-28 13:19:00,835,835,835,835,0
2022-06-28 13:20:00,835,835,835,835,0
2022-06-28 13:21:00,835,835,835,835,0
2022-06-28 13:22:00,835,835,835,835,0
2022-06-28 13:23:00,835,835,835,835,0
2022-06-28 13:24:00,835,835,835,835,0
2022-06-28 13:25:00,835,835,835,835,0
2022-06-28 13:26:00,835,835,835,835,0
2022-06-28 13:27:00,835,835,835,835,0
2022-06-28 13:28:00,835,835,835,835,0
2022-06-28 13:29:00,835,835,835,835,0
2022-06-28 13:30:00,835,835,845,845,336100
2022-06-28 13:31:00,835,835,845,845,0
2022-06-28 13:32:00,835,835,845,845,0
2022-06-28 13:33:00,835,835,845,845,0
2022-06-28 13:34:00,840,840,840,840,417900
2022-06-28 13:35:00,840,840,840,840,0
2022-06-28 13:36:00,840,840,840,840,0
2022-06-28 13:37:00,840,840,840,840,0
2022-06-28 13:38:00,840,840,840,840,0
2022-06-28 13:39:00,840,840,840,840,0
2022-06-28 13:40:00,840,840,840,840,0
2022-06-28 13:41:00,840,840,840,840,0
2022-06-28 13:42:00,840,840,840,840,0
2022-06-28 13:43:00,840,840,840,840,0
2022-06-28 13:44:00,840,840,840,840,0
2022-06-28 13:45:00,840,840,840,840,0
2022-06-28 13:46:00,840,840,840,840,0
2022-06-28 13:47:00,840,840,840,840,0
2022-06-28 13:48:00,840,840,840,840,0
2022-06-28 13:49:00,835,835,835,835,0
2022-06-28 13:50:00,840,840,840,840,2200
2022-06-28 13:51:00,840,840,840,840,0
2022-06-28 13:52:00,840,840,840,840,0
2022-06-28 13:53:00,840,840,840,840,1200
2022-06-28 13:54:00,840,840,840,840,0
2022-06-28 13:55:00,840,840,840,840,0
2022-06-28 13:56:00,840,840,840,840,0
2022-06-28 13:57:00,840,840,840,840,0
2022-06-28 13:58:00,840,840,840,840,0
2022-06-28 13:59:00,840,840,840,840,0
2022-06-28 14:00:00,840,840,840,840,0
2022-06-28 14:01:00,840,840,840,840,0
2022-06-28 14:02:00,840,840,840,840,0
2022-06-28 14:03:00,840,840,840,840,2000
2022-06-28 14:04:00,835,835,835,835,0
2022-06-28 14:05:00,835,835,835,835,0
2022-06-28 14:06:00,835,835,835,835,0
2022-06-28 14:07:00,835,835,835,835,0
2022-06-28 14:08:00,835,835,835,835,0
2022-06-28 14:09:00,835,835,835,835,0
2022-06-28 14:10:00,835,835,835,835,0
2022-06-28 14:11:00,835,835,835,835,0
2022-06-28 14:12:00,840,835,845,845,339600
2022-06-28 14:13:00,845,845,845,845,87600
2022-06-28 14:14:00,845,845,845,845,0
2022-06-28 14:15:00,845,845,845,845,0
2022-06-28 14:16:00,845,845,845,845,1800
2022-06-28 14:17:00,845,845,845,845,0
2022-06-28 14:18:00,845,845,845,845,0
2022-06-28 14:19:00,845,845,845,845,0
2022-06-28 14:20:00,845,845,845,845,0
2022-06-28 14:21:00,845,845,845,845,0
2022-06-28 14:22:00,845,845,845,845,0
2022-06-28 14:23:00,840,840,840,840,0
2022-06-28 14:24:00,835,835,835,835,400
2022-06-28 14:25:00,835,835,835,835,0
2022-06-28 14:26:00,835,835,835,835,0
2022-06-28 14:27:00,835,835,835,835,0
2022-06-28 14:28:00,835,835,835,835,0
2022-06-28 14:29:00,835,835,835,835,0
2022-06-28 14:30:00,835,835,835,835,0
2022-06-28 14:31:00,835,835,835,835,17300
2022-06-28 14:32:00,835,835,835,835,0
2022-06-28 14:33:00,835,835,835,835,0
2022-06-28 14:34:00,835,835,835,835,2700
2022-06-28 14:35:00,835,835,835,835,0
2022-06-28 14:36:00,835,835,835,835,0
2022-06-28 14:37:00,835,835,835,835,0
2022-06-28 14:38:00,835,835,835,835,0
2022-06-28 14:39:00,835,835,835,835,0
2022-06-28 14:40:00,835,835,835,835,0
2022-06-28 14:41:00,840,840,840,840,0
2022-06-28 14:42:00,840,840,840,840,0
2022-06-28 14:43:00,840,840,840,840,400
2022-06-28 14:44:00,840,840,840,840,0
2022-06-28 14:45:00,840,840,840,840,0
2022-06-28 14:46:00,835,835,835,835,1000
2022-06-28 14:47:00,835,835,835,835,0
2022-06-28 14:48:00,835,835,835,835,900
2022-06-28 14:49:00,835,835,835,835,0
2022-06-28 14:50:00,835,835,835,835,0
2022-06-28 14:51:00,835,835,835,835,0
2022-06-28 14:52:00,835,835,835,835,0
2022-06-28 14:53:00,835,835,835,835,0
2022-06-28 14:54:00,835,835,835,835,0
2022-06-28 14:55:00,835,835,835,835,0
2022-06-28 14:56:00,835,835,835,835,0
2022-06-28 14:57:00,835,835,835,835,0
2022-06-28 14:58:00,835,835,835,835,0
2022-06-28 14:59:00,835,835,835,835,0
2022-06-28 15:00:00,835,835,835,835,15700
2022-06-28 15:01:00,835,835,835,835,0
2022-06-28 15:02:00,835,835,835,835,20400
2022-06-28 15:03:00,835,835,835,835,0
2022-06-28 15:04:00,835,835,835,835,0
2022-06-28 15:05:00,835,835,835,835,0
2022-06-28 15:06:00,835,835,835,835,0
2022-06-28 15:07:00,835,835,835,835,0
2022-06-28 15:08:00,835,835,835,835,0
2022-06-28 15:09:00,835,835,835,835,0
2022-06-28 15:10:00,835,835,835,835,0
2022-06-28 15:11:00,835,835,835,835,0
2022-06-28 15:12:00,835,835,835,835,0
2022-06-28 15:13:00,835,835,835,835,0
2022-06-28 15:14:00,835,835,835,835,0
2022-06-28 15:15:00,835,835,835,835,0
2022-06-28 15:16:00,835,835,835,835,0
2022-06-28 15:17:00,835,835,835,835,0
2022-06-28 15:18:00,835,835,835,835,0
2022-06-28 15:19:00,835,835,835,835,0
2022-06-28 15:20:00,835,835,835,835,0
2022-06-28 15:21:00,835,835,835,835,0
2022-06-28 15:22:00,835,835,835,835,0
2022-06-28 15:23:00,835,835,835,835,0
2022-06-28 15:24:00,835,835,835,835,0
2022-06-28 15:25:00,835,835,835,835,0
2022-06-28 15:26:00,835,835,835,835,0
2022-06-28 15:27:00,835,835,835,835,0
2022-06-28 15:28:00,835,835,835,835,0
2022-06-28 15:29:00,835,835,835,835,0
2022-06-28 15:30:00,835,835,835,835,0
2022-06-28 15:31:00,835,835,835,835,0
2022-06-28 15:32:00,835,835,835,835,0
2022-06-28 15:33:00,835,835,835,835,0
2022-06-28 15:34:00,835,835,835,835,0
2022-06-28 15:35:00,835,835,835,835,0
2022-06-28 15:36:00,835,835,835,835,0
2022-06-28 15:37:00,835,835,835,835,0
2022-06-28 15:38:00,835,835,835,835,0
2022-06-28 15:39:00,835,835,835,835,0
2022-06-28 15:40:00,835,835,835,835,0
2022-06-28 15:41:00,835,835,835,835,0
2022-06-28 15:42:00,835,835,835,835,0
2022-06-28 15:43:00,835,835,835,835,0
2022-06-28 15:44:00,835,835,835,835,0
2022-06-28 15:45:00,835,835,835,835,0
2022-06-28 15:46:00,835,835,835,835,0
2022-06-28 15:47:00,835,835,835,835,0
2022-06-28 15:48:00,835,835,835,835,0
2022-06-28 15:49:00,835,835,835,835,0
2022-06-28 15:50:00,835,835,835,835,0
2022-06-28 15:51:00,835,835,835,835,0
2022-06-28 15:52:00,835,835,835,835,0
2022-06-28 15:53:00,835,835,835,835,0
2022-06-28 15:54:00,835,835,835,835,0
2022-06-28 15:55:00,835,835,835,835,0
2022-06-28 15:56:00,835,835,835,835,0
2022-06-28 15:57:00,835,835,835,835,0
2022-06-28 15:58:00,835,835,835,835,0
2022-06-28 15:59:00,835,835,835,835,0
2022-06-29 09:00:00,835,835,835,835,0
2022-06-29 09:01:00,835,835,840,840,600
2022-06-29 09:02:00,835,835,840,840,0
2022-06-29 09:03:00,835,835,835,835,3600
2022-06-29 09:04:00,835,835,835,835,20600
2022-06-29 09:05:00,835,835,835,835,0
2022-06-29 09:06:00,835,835,835,835,2100
2022-06-29 09:07:00,835,835,835,835,0
2022-06-29 09:08:00,830,830,830,830,0
2022-06-29 09:09:00,830,830,830,830,100
2022-06-29 09:10:00,825,820,825,825,7300
2022-06-29 09:11:00,825,820,825,825,0
2022-06-29 09:12:00,825,820,825,825,0
2022-06-29 09:13:00,825,820,825,825,0
2022-06-29 09:14:00,825,820,825,825,0
2022-06-29 09:15:00,825,820,825,825,0
2022-06-29 09:16:00,825,820,825,825,0
2022-06-29 09:17:00,825,820,825,825,0
2022-06-29 09:18:00,825,820,825,825,0
2022-06-29 09:19:00,825,820,825,825,0
2022-06-29 09:20:00,825,820,825,825,0
2022-06-29 09:21:00,825,820,825,825,0
2022-06-29 09:22:00,825,820,825,825,0
2022-06-29 09:23:00,825,825,825,825,1000
2022-06-29 09:24:00,825,825,825,825,0
2022-06-29 09:25:00,825,825,835,835,8100
2022-06-29 09:26:00,840,840,840,840,0
2022-06-29 09:27:00,840,840,840,840,0
2022-06-29 09:28:00,840,840,840,840,0
2022-06-29 09:29:00,840,835,840,835,0
2022-06-29 09:30:00,840,835,840,835,0
2022-06-29 09:31:00,840,835,840,835,0
2022-06-29 09:32:00,840,835,840,835,0
2022-06-29 09:33:00,840,835,840,835,0
2022-06-29 09:34:00,840,835,840,835,0
2022-06-29 09:35:00,840,835,840,835,0
2022-06-29 09:36:00,840,835,840,835,0
2022-06-29 09:37:00,840,835,840,835,0
2022-06-29 09:38:00,840,835,840,835,0
2022-06-29 09:39:00,835,835,835,835,100
2022-06-29 09:40:00,835,835,835,835,0
2022-06-29 09:41:00,835,835,835,835,0
2022-06-29 09:42:00,835,835,835,835,0
2022-06-29 09:43:00,835,835,835,835,0
2022-06-29 09:44:00,835,835,835,835,0
2022-06-29 09:45:00,835,835,835,835,600
2022-06-29 09:46:00,835,835,835,835,0
2022-06-29 09:47:00,835,835,835,835,0
2022-06-29 09:48:00,835,835,835,835,0
2022-06-29 09:49:00,835,835,835,835,0
2022-06-29 09:50:00,835,835,835,835,0
2022-06-29 09:51:00,835,835,835,835,4000
2022-06-29 09:52:00,835,835,835,835,0
2022-06-29 09:53:00,835,835,835,835,0
2022-06-29 09:54:00,835,835,835,835,0
2022-06-29 09:55:00,835,835,835,835,0
2022-06-29 09:56:00,835,835,835,835,0
2022-06-29 09:57:00,835,835,835,835,0
2022-06-29 09:58:00,835,835,835,835,0
2022-06-29 09:59:00,835,835,835,835,0
2022-06-29 10:00:00,835,835,835,835,0
2022-06-29 10:01:00,835,835,835,835,0
2022-06-29 10:02:00,835,835,835,835,0
2022-06-29 10:03:00,835,835,835,835,0
2022-06-29 10:04:00,835,835,835,835,0
2022-06-29 10:05:00,835,835,835,835,0
2022-06-29 10:06:00,835,835,835,835,0
2022-06-29 10:07:00,835,835,835,835,0
2022-06-29 10:08:00,835,835,835,835,0
2022-06-29 10:09:00,835,835,835,835,0
2022-06-29 10:10:00,835,835,835,835,0
2022-06-29 10:11:00,835,835,835,835,0
2022-06-29 10:12:00,835,835,835,835,0
2022-06-29 10:13:00,835,835,835,835,0
2022-06-29 10:14:00,835,835,835,835,0
2022-06-29 10:15:00,835,835,835,835,0
2022-06-29 10:16:00,835,835,835,835,0
2022-06-29 10:17:00,835,835,835,835,0
2022-06-29 10:18:00,835,835,835,835,0
2022-06-29 10:19:00,835,835,835,835,0
2022-06-29 10:20:00,835,835,835,835,0
2022-06-29 10:21:00,835,835,835,835,0
2022-06-29 10:22:00,835,835,835,835,700
2022-06-29 10:23:00,835,835,835,835,0
2022-06-29 10:24:00,835,835,835,835,0
2022-06-29 10:25:00,835,835,835,835,0
2022-06-29 10:26:00,835,835,835,835,0
2022-06-29 10:27:00,835,835,835,835,0
2022-06-29 10:28:00,835,835,835,835,0
2022-06-29 10:29:00,835,835,835,835,800
2022-06-29 10:30:00,835,835,835,835,0
2022-06-29 10:31:00,835,835,835,835,0
2022-06-29 10:32:00,835,835,835,835,0
2022-06-29 10:33:00,835,835,835,835,0
2022-06-29 10:34:00,835,835,835,835,0
2022-06-29 10:35:00,835,835,835,835,0
2022-06-29 10:36:00,835,835,835,835,0
2022-06-29 10:37:00,835,835,835,835,0
2022-06-29 10:38:00,835,835,835,835,0
2022-06-29 10:39:00,835,835,835,835,0
2022-06-29 10:40:00,835,835,835,835,0
2022-06-29 10:41:00,835,835,835,835,0
2022-06-29 10:42:00,835,835,835,835,0
2022-06-29 10:43:00,835,835,835,835,0
2022-06-29 10:44:00,835,835,835,835,0
2022-06-29 10:45:00,835,835,835,835,1200
2022-06-29 10:46:00,840,840,840,840,0
2022-06-29 10:47:00,840,840,840,840,0
2022-06-29 10:48:00,840,840,840,840,0
2022-06-29 10:49:00,840,840,840,840,0
2022-06-29 10:50:00,840,840,840,840,0
2022-06-29 10:51:00,840,840,840,840,0
2022-06-29 10:52:00,840,840,840,840,0
2022-06-29 10:53:00,840,840,840,840,0
2022-06-29 10:54:00,840,840,840,840,0
2022-06-29 10:55:00,840,840,840,840,0
2022-06-29 10:56:00,840,840,840,840,200
2022-06-29 10:57:00,840,835,840,835,600
2022-06-29 10:58:00,840,835,840,835,0
2022-06-29 10:59:00,840,835,840,835,0
2022-06-29 11:00:00,835,835,835,835,400
2022-06-29 11:01:00,835,835,835,835,0
2022-06-29 11:02:00,835,835,835,835,0
2022-06-29 11:03:00,840,840,840,840,0
2022-06-29 11:04:00,840,840,840,840,200
2022-06-29 11:05:00,840,840,840,840,0
2022-06-29 11:06:00,840,840,840,840,0
2022-06-29 11:07:00,840,840,840,840,100
2022-06-29 11:08:00,840,840,840,840,0
2022-06-29 11:09:00,840,840,840,840,0
2022-06-29 11:10:00,840,840,840,840,100
2022-06-29 11:11:00,840,840,840,840,0
2022-06-29 11:12:00,840,840,840,840,0
2022-06-29 11:13:00,840,840,840,840,0
2022-06-29 11:14:00,840,840,840,840,0
2022-06-29 11:15:00,835,835,835,835,800
2022-06-29 11:16:00,835,835,835,835,0
2022-06-29 11:17:00,840,840,840,840,0
2022-06-29 11:18:00,840,840,840,840,37900
2022-06-29 11:19:00,840,840,840,840,0
2022-06-29 11:20:00,840,840,840,840,0
2022-06-29 11:21:00,840,840,840,840,0
2022-06-29 11:22:00,840,840,840,840,0
2022-06-29 11:23:00,840,840,840,840,0
2022-06-29 11:24:00,840,840,840,840,0
2022-06-29 11:25:00,840,840,840,840,100
2022-06-29 11:26:00,840,840,840,840,0
2022-06-29 11:27:00,840,840,840,840,200
2022-06-29 11:28:00,840,840,840,840,0
2022-06-29 11:29:00,840,835,840,835,700
2022-06-29 11:30:00,840,835,840,835,0
2022-06-29 11:31:00,840,835,840,835,0
2022-06-29 11:32:00,840,835,840,835,0
2022-06-29 11:33:00,840,835,840,835,0
2022-06-29 11:34:00,840,835,840,835,0
2022-06-29 11:35:00,840,835,840,835,0
2022-06-29 11:36:00,840,835,840,835,0
2022-06-29 11:37:00,840,835,840,835,0
2022-06-29 11:38:00,840,835,840,835,0
2022-06-29 11:39:00,840,835,840,835,0
2022-06-29 11:40:00,840,835,840,835,0
2022-06-29 11:41:00,840,835,840,835,0
2022-06-29 11:42:00,840,835,840,835,0
2022-06-29 11:43:00,840,835,840,835,0
2022-06-29 11:44:00,840,835,840,835,0
2022-06-29 11:45:00,840,835,840,835,0
2022-06-29 11:46:00,840,835,840,835,0
2022-06-29 11:47:00,840,835,840,835,0
2022-06-29 11:48:00,840,835,840,835,0
2022-06-29 11:49:00,840,835,840,835,0
2022-06-29 11:50:00,840,835,840,835,0
2022-06-29 11:51:00,840,835,840,835,0
2022-06-29 11:52:00,840,835,840,835,0
2022-06-29 11:53:00,840,835,840,835,0
2022-06-29 11:54:00,840,835,840,835,0
2022-06-29 11:55:00,840,835,840,835,0
2022-06-29 11:56:00,840,835,840,835,0
2022-06-29 11:57:00,840,835,840,835,0
2022-06-29 11:58:00,840,835,840,835,0
2022-06-29 11:59:00,840,835,840,835,0
2022-06-29 12:00:00,840,835,840,835,0
2022-06-29 12:01:00,840,835,840,835,0
2022-06-29 12:02:00,840,835,840,835,0
2022-06-29 12:03:00,840,835,840,835,0
2022-06-29 12:04:00,840,835,840,835,0
2022-06-29 12:05:00,840,835,840,835,0
2022-06-29 12:06:00,840,835,840,835,0
2022-06-29 12:07:00,840,835,840,835,0
2022-06-29 12:08:00,840,835,840,835,0
2022-06-29 12:09:00,840,835,840,835,0
2022-06-29 12:10:00,840,835,840,835,0
2022-06-29 12:11:00,840,835,840,835,0
2022-06-29 12:12:00,840,835,840,835,0
2022-06-29 12:13:00,840,835,840,835,0
2022-06-29 12:14:00,840,835,840,835,0
2022-06-29 12:15:00,840,835,840,835,0
2022-06-29 12:16:00,840,835,840,835,0
2022-06-29 12:17:00,840,835,840,835,0
2022-06-29 12:18:00,840,835,840,835,0
2022-06-29 12:19:00,840,835,840,835,0
2022-06-29 12:20:00,840,835,840,835,0
2022-06-29 12:21:00,840,835,840,835,0
2022-06-29 12:22:00,840,835,840,835,0
2022-06-29 12:23:00,840,835,840,835,0
2022-06-29 12:24:00,840,835,840,835,0
2022-06-29 12:25:00,840,835,840,835,0
2022-06-29 12:26:00,840,835,840,835,0
2022-06-29 12:27:00,840,835,840,835,0
2022-06-29 12:28:00,840,835,840,835,0
2022-06-29 12:29:00,840,835,840,835,0
2022-06-29 12:30:00,840,835,840,835,0
2022-06-29 12:31:00,840,835,840,835,0
2022-06-29 12:32:00,840,835,840,835,0
2022-06-29 12:33:00,840,835,840,835,0
2022-06-29 12:34:00,840,835,840,835,0
2022-06-29 12:35:00,840,835,840,835,0
2022-06-29 12:36:00,840,835,840,835,0
2022-06-29 12:37:00,840,835,840,835,0
2022-06-29 12:38:00,840,835,840,835,0
2022-06-29 12:39:00,840,835,840,835,0
2022-06-29 12:40:00,840,835,840,835,0
2022-06-29 12:41:00,840,835,840,835,0
2022-06-29 12:42:00,840,835,840,835,0
2022-06-29 12:43:00,840,835,840,835,0
2022-06-29 12:44:00,840,835,840,835,0
2022-06-29 12:45:00,840,835,840,835,0
2022-06-29 12:46:00,840,835,840,835,0
2022-06-29 12:47:00,840,835,840,835,0
2022-06-29 12:48:00,840,835,840,835,0
2022-06-29 12:49:00,840,835,840,835,0
2022-06-29 12:50:00,840,835,840,835,0
2022-06-29 12:51:00,840,835,840,835,0
2022-06-29 12:52:00,840,835,840,835,0
2022-06-29 12:53:00,840,835,840,835,0
2022-06-29 12:54:00,840,835,840,835,0
2022-06-29 12:55:00,840,835,840,835,0
2022-06-29 12:56:00,840,835,840,835,0
2022-06-29 12:57:00,840,835,840,835,0
2022-06-29 12:58:00,840,835,840,835,0
2022-06-29 12:59:00,840,835,840,835,0
2022-06-29 13:00:00,840,835,840,835,0
2022-06-29 13:01:00,840,835,840,835,0
2022-06-29 13:02:00,840,835,840,835,0
2022-06-29 13:03:00,840,835,840,835,0
2022-06-29 13:04:00,840,835,840,835,0
2022-06-29 13:05:00,840,835,840,835,0
2022-06-29 13:06:00,840,835,840,835,0
2022-06-29 13:07:00,840,835,840,835,0
2022-06-29 13:08:00,840,835,840,835,0
2022-06-29 13:09:00,840,835,840,835,0
2022-06-29 13:10:00,840,835,840,835,0
2022-06-29 13:11:00,840,835,840,835,0
2022-06-29 13:12:00,840,835,840,835,0
2022-06-29 13:13:00,840,835,840,835,0
2022-06-29 13:14:00,840,835,840,835,0
2022-06-29 13:15:00,840,835,840,835,0
2022-06-29 13:16:00,840,835,840,835,0
2022-06-29 13:17:00,840,835,840,835,0
2022-06-29 13:18:00,840,835,840,835,0
2022-06-29 13:19:00,840,835,840,835,0
2022-06-29 13:20:00,840,835,840,835,0
2022-06-29 13:21:00,840,835,840,835,0
2022-06-29 13:22:00,840,835,840,835,0
2022-06-29 13:23:00,840,835,840,835,0
2022-06-29 13:24:00,840,835,840,835,0
2022-06-29 13:25:00,840,835,840,835,0
2022-06-29 13:26:00,840,835,840,835,0
2022-06-29 13:27:00,840,835,840,835,0
2022-06-29 13:28:00,840,835,840,835,0
2022-06-29 13:29:00,840,835,840,835,0
2022-06-29 13:30:00,840,840,840,840,800
2022-06-29 13:31:00,840,840,840,840,0
2022-06-29 13:32:00,840,840,840,840,0
2022-06-29 13:33:00,840,840,840,840,0
2022-06-29 13:34:00,840,840,840,840,0
2022-06-29 13:35:00,840,840,840,840,0
2022-06-29 13:36:00,840,840,840,840,200
2022-06-29 13:37:00,840,840,840,840,100
2022-06-29 13:38:00,840,840,840,840,300
2022-06-29 13:39:00,840,840,840,840,0
2022-06-29 13:40:00,840,840,840,840,100
2022-06-29 13:41:00,840,840,840,840,0
2022-06-29 13:42:00,840,840,840,840,100
2022-06-29 13:43:00,840,840,840,840,0
2022-06-29 13:44:00,840,840,840,840,200
2022-06-29 13:45:00,840,840,840,840,200
2022-06-29 13:46:00,840,840,840,840,0
2022-06-29 13:47:00,840,840,840,840,200
2022-06-29 13:48:00,840,840,840,840,100
2022-06-29 13:49:00,840,840,840,840,0
2022-06-29 13:50:00,840,840,840,840,0
2022-06-29 13:51:00,840,840,840,840,0
2022-06-29 13:52:00,840,840,840,840,0
2022-06-29 13:53:00,840,840,840,840,0
2022-06-29 13:54:00,840,840,840,840,0
2022-06-29 13:55:00,840,840,840,840,0
2022-06-29 13:56:00,840,840,845,845,301700
2022-06-29 13:57:00,850,850,855,855,596500
2022-06-29 13:58:00,855,850,855,855,275000
2022-06-29 13:59:00,860,860,865,860,643900
2022-06-29 14:00:00,860,860,865,865,19600
2022-06-29 14:01:00,865,865,880,880,642500
2022-06-29 14:02:00,880,875,880,875,820700
2022-06-29 14:03:00,880,875,885,885,242500
2022-06-29 14:04:00,885,885,885,885,338600
2022-06-29 14:05:00,890,885,890,890,598600
2022-06-29 14:06:00,890,885,890,885,30300
2022-06-29 14:07:00,880,865,880,865,78200
2022-06-29 14:08:00,865,850,865,855,162400
2022-06-29 14:09:00,850,840,855,850,111100
2022-06-29 14:10:00,855,850,865,860,137700
2022-06-29 14:11:00,865,860,865,865,0
2022-06-29 14:12:00,865,840,865,845,37700
2022-06-29 14:13:00,845,845,845,845,348600
2022-06-29 14:14:00,845,845,850,850,242000
2022-06-29 14:15:00,855,855,870,870,123000
2022-06-29 14:16:00,870,870,875,875,211600
2022-06-29 14:17:00,875,870,875,870,22700
2022-06-29 14:18:00,865,865,870,870,38000
2022-06-29 14:19:00,870,860,885,885,254300
2022-06-29 14:20:00,885,880,885,885,105300
2022-06-29 14:21:00,885,880,885,885,0
2022-06-29 14:22:00,885,875,885,875,6500
2022-06-29 14:23:00,870,865,870,865,1100
2022-06-29 14:24:00,860,860,860,860,1800
2022-06-29 14:25:00,865,865,865,865,0
2022-06-29 14:26:00,865,865,865,865,200
2022-06-29 14:27:00,865,860,865,860,14400
2022-06-29 14:28:00,860,860,860,860,1600
2022-06-29 14:29:00,860,860,860,860,0
2022-06-29 14:30:00,860,860,860,860,0
2022-06-29 14:31:00,860,855,860,860,1200
2022-06-29 14:32:00,860,855,865,865,10900
2022-06-29 14:33:00,870,870,870,870,0
2022-06-29 14:34:00,870,870,870,870,0
2022-06-29 14:35:00,870,870,870,870,400
2022-06-29 14:36:00,870,870,870,870,104500
2022-06-29 14:37:00,870,870,870,870,400
2022-06-29 14:38:00,870,870,870,870,0
2022-06-29 14:39:00,870,870,870,870,14300
2022-06-29 14:40:00,870,870,870,870,0
2022-06-29 14:41:00,865,865,875,875,2000
2022-06-29 14:42:00,875,875,875,875,200
2022-06-29 14:43:00,870,870,880,880,12700
2022-06-29 14:44:00,880,880,880,880,600
2022-06-29 14:45:00,870,870,880,880,2500
2022-06-29 14:46:00,870,870,880,880,0
2022-06-29 14:47:00,870,870,880,880,0
2022-06-29 14:48:00,880,880,880,880,400
2022-06-29 14:49:00,880,870,880,870,1000
2022-06-29 14:50:00,880,870,880,870,0
2022-06-29 14:51:00,880,870,880,870,0
2022-06-29 14:52:00,880,870,880,870,0
2022-06-29 14:53:00,880,870,880,870,0
2022-06-29 14:54:00,880,870,880,870,0
2022-06-29 14:55:00,880,870,880,870,0
2022-06-29 14:56:00,880,870,880,870,0
2022-06-29 14:57:00,880,870,880,870,0
2022-06-29 14:58:00,880,870,880,870,0
2022-06-29 14:59:00,880,870,880,870,0
2022-06-29 15:00:00,875,875,875,875,24300
2022-06-29 15:01:00,875,875,875,875,0
2022-06-29 15:02:00,875,875,875,875,0
2022-06-29 15:03:00,875,875,875,875,600
2022-06-29 15:04:00,875,875,875,875,0
2022-06-29 15:05:00,875,875,875,875,1300
2022-06-29 15:06:00,875,875,875,875,0
2022-06-29 15:07:00,875,875,875,875,0
2022-06-29 15:08:00,875,875,875,875,0
2022-06-29 15:09:00,875,875,875,875,3600
2022-06-29 15:10:00,875,875,875,875,0
2022-06-29 15:11:00,875,875,875,875,0
2022-06-29 15:12:00,875,875,875,875,9700
2022-06-29 15:13:00,875,875,875,875,0
2022-06-29 15:14:00,875,875,875,875,6656800
2022-06-29 15:15:00,875,875,875,875,0
2022-06-29 15:16:00,875,875,875,875,0
2022-06-29 15:17:00,875,875,875,875,0
2022-06-29 15:18:00,875,875,875,875,0
2022-06-29 15:19:00,875,875,875,875,0
2022-06-29 15:20:00,875,875,875,875,0
2022-06-29 15:21:00,875,875,875,875,0
2022-06-29 15:22:00,875,875,875,875,0
2022-06-29 15:23:00,875,875,875,875,0
2022-06-29 15:24:00,875,875,875,875,0
2022-06-29 15:25:00,875,875,875,875,0
2022-06-29 15:26:00,875,875,875,875,0
2022-06-29 15:27:00,875,875,875,875,0
2022-06-29 15:28:00,875,875,875,875,0
2022-06-29 15:29:00,875,875,875,875,0
2022-06-29 15:30:00,875,875,875,875,0
2022-06-29 15:31:00,875,875,875,875,0
2022-06-29 15:32:00,875,875,875,875,0
2022-06-29 15:33:00,875,875,875,875,0
2022-06-29 15:34:00,875,875,875,875,0
2022-06-29 15:35:00,875,875,875,875,0
2022-06-29 15:36:00,875,875,875,875,0
2022-06-29 15:37:00,875,875,875,875,0
2022-06-29 15:38:00,875,875,875,875,0
2022-06-29 15:39:00,875,875,875,875,0
2022-06-29 15:40:00,875,875,875,875,0
2022-06-29 15:41:00,875,875,875,875,0
2022-06-29 15:42:00,875,875,875,875,0
2022-06-29 15:43:00,875,875,875,875,0
2022-06-29 15:44:00,875,875,875,875,0
2022-06-29 15:45:00,875,875,875,875,0
2022-06-29 15:46:00,875,875,875,875,0
2022-06-29 15:47:00,875,875,875,875,0
2022-06-29 15:48:00,875,875,875,875,0
2022-06-29 15:49:00,875,875,875,875,0
2022-06-29 15:50:00,875,875,875,875,0
2022-06-29 15:51:00,875,875,875,875,0
2022-06-29 15:52:00,875,875,875,875,0
2022-06-29 15:53:00,875,875,875,875,0
2022-06-29 15:54:00,875,875,875,875,0
2022-06-29 15:55:00,875,875,875,875,0
2022-06-29 15:56:00,875,875,875,875,0
2022-06-29 15:57:00,875,875,875,875,0
2022-06-29 15:58:00,875,875,875,875,0
2022-06-29 15:59:00,875,875,875,875,0
2022-06-30 09:00:00,875,875,875,875,0
2022-06-30 09:01:00,875,875,875,875,0
2022-06-30 09:02:00,875,875,875,875,0
2022-06-30 09:03:00,875,875,875,875,0
2022-06-30 09:04:00,870,870,870,870,0
2022-06-30 09:05:00,870,870,870,870,1500
2022-06-30 09:06:00,870,870,870,870,0
2022-06-30 09:07:00,870,870,870,870,0
2022-06-30 09:08:00,870,870,870,870,0
2022-06-30 09:09:00,870,870,870,870,0
2022-06-30 09:10:00,870,870,870,870,0
2022-06-30 09:11:00,870,870,870,870,1500
2022-06-30 09:12:00,870,870,870,870,0
2022-06-30 09:13:00,870,870,870,870,2300
2022-06-30 09:14:00,870,870,870,870,0
2022-06-30 09:15:00,870,870,870,870,1400
2022-06-30 09:16:00,870,865,870,865,7400
2022-06-30 09:17:00,865,860,865,860,9600
2022-06-30 09:18:00,865,865,865,865,900
2022-06-30 09:19:00,865,865,865,865,0
2022-06-30 09:20:00,865,865,865,865,0
2022-06-30 09:21:00,865,865,865,865,0
2022-06-30 09:22:00,865,865,865,865,6000
2022-06-30 09:23:00,860,855,860,855,0
2022-06-30 09:24:00,860,855,860,855,0
2022-06-30 09:25:00,860,855,860,855,0
2022-06-30 09:26:00,860,855,860,855,0
2022-06-30 09:27:00,860,855,860,855,0
2022-06-30 09:28:00,860,855,860,855,0
2022-06-30 09:29:00,860,855,860,855,0
2022-06-30 09:30:00,860,855,860,855,0
2022-06-30 09:31:00,860,855,860,855,0
2022-06-30 09:32:00,855,855,855,855,3900
2022-06-30 09:33:00,855,855,855,855,400
2022-06-30 09:34:00,855,855,855,855,4200
2022-06-30 09:35:00,855,855,855,855,0
2022-06-30 09:36:00,855,855,855,855,0
2022-06-30 09:37:00,860,860,875,875,162800
2022-06-30 09:38:00,880,880,880,880,271200
2022-06-30 09:39:00,885,885,890,890,241000
2022-06-30 09:40:00,885,885,885,885,118400
2022-06-30 09:41:00,885,885,895,890,122000
2022-06-30 09:42:00,895,895,895,895,109300
2022-06-30 09:43:00,900,895,900,900,504400
2022-06-30 09:44:00,900,900,900,900,72300
2022-06-30 09:45:00,900,895,900,895,64000
2022-06-30 09:46:00,890,890,895,895,2400
2022-06-30 09:47:00,890,875,890,880,93200
2022-06-30 09:48:00,890,875,890,880,0
2022-06-30 09:49:00,875,875,875,875,8400
2022-06-30 09:50:00,875,875,875,875,25100
2022-06-30 09:51:00,875,875,875,875,100
2022-06-30 09:52:00,875,875,880,880,7600
2022-06-30 09:53:00,875,875,875,875,0
2022-06-30 09:54:00,875,875,875,875,0
2022-06-30 09:55:00,875,875,875,875,0
2022-06-30 09:56:00,875,875,875,875,14900
2022-06-30 09:57:00,875,875,875,875,0
2022-06-30 09:58:00,875,875,875,875,0
2022-06-30 09:59:00,875,875,875,875,19400
2022-06-30 10:00:00,875,875,875,875,600
2022-06-30 10:01:00,870,870,870,870,35600
2022-06-30 10:02:00,870,870,870,870,800
2022-06-30 10:03:00,865,865,865,865,200
2022-06-30 10:04:00,865,865,865,865,0
2022-06-30 10:05:00,865,865,865,865,0
2022-06-30 10:06:00,870,870,885,885,12600
2022-06-30 10:07:00,885,885,885,885,900
2022-06-30 10:08:00,885,885,885,885,500
2022-06-30 10:09:00,885,885,885,885,0
2022-06-30 10:10:00,875,875,875,875,100
2022-06-30 10:11:00,875,875,875,875,0
2022-06-30 10:12:00,875,875,875,875,1900
2022-06-30 10:13:00,875,875,875,875,3800
2022-06-30 10:14:00,875,875,875,875,2600
2022-06-30 10:15:00,875,875,875,875,0
2022-06-30 10:16:00,875,875,875,875,0
2022-06-30 10:17:00,875,875,875,875,0
2022-06-30 10:18:00,875,875,875,875,0
2022-06-30 10:19:00,875,875,875,875,0
2022-06-30 10:20:00,875,875,875,875,0
2022-06-30 10:21:00,875,875,875,875,0
2022-06-30 10:22:00,875,875,875,875,0
2022-06-30 10:23:00,875,875,875,875,0
2022-06-30 10:24:00,875,875,875,875,700
2022-06-30 10:25:00,875,875,875,875,1000
2022-06-30 10:26:00,875,870,875,870,7400
2022-06-30 10:27:00,875,875,875,875,0
2022-06-30 10:28:00,875,875,875,875,2300
2022-06-30 10:29:00,875,875,875,875,0
2022-06-30 10:30:00,875,875,875,875,9200
2022-06-30 10:31:00,875,875,875,875,0
2022-06-30 10:32:00,875,875,875,875,100
2022-06-30 10:33:00,875,875,875,875,3100
2022-06-30 10:34:00,875,875,875,875,0
2022-06-30 10:35:00,875,875,875,875,0
2022-06-30 10:36:00,875,875,875,875,0
2022-06-30 10:37:00,875,875,875,875,14600
2022-06-30 10:38:00,875,875,875,875,0
2022-06-30 10:39:00,875,875,875,875,4100
2022-06-30 10:40:00,875,875,875,875,0
2022-06-30 10:41:00,875,875,875,875,0
2022-06-30 10:42:00,875,875,875,875,0
2022-06-30 10:43:00,875,875,875,875,0
2022-06-30 10:44:00,875,875,875,875,0
2022-06-30 10:45:00,875,875,875,875,0
2022-06-30 10:46:00,875,870,875,870,2300
2022-06-30 10:47:00,875,870,875,870,0
2022-06-30 10:48:00,875,870,875,870,0
2022-06-30 10:49:00,875,870,875,870,0
2022-06-30 10:50:00,875,875,875,875,1200
2022-06-30 10:51:00,875,875,875,875,0
2022-06-30 10:52:00,875,875,875,875,0
2022-06-30 10:53:00,870,870,870,870,1400
2022-06-30 10:54:00,870,870,870,870,29900
2022-06-30 10:55:00,870,870,870,870,700
2022-06-30 10:56:00,870,865,870,870,700
2022-06-30 10:57:00,870,870,870,870,1900
2022-06-30 10:58:00,870,870,870,870,0
2022-06-30 10:59:00,870,870,870,870,0
2022-06-30 11:00:00,870,870,870,870,0
2022-06-30 11:01:00,870,870,870,870,0
2022-06-30 11:02:00,870,865,870,865,400
2022-06-30 11:03:00,865,865,865,865,5100
2022-06-30 11:04:00,865,865,865,865,100
2022-06-30 11:05:00,865,865,865,865,1300
2022-06-30 11:06:00,865,865,865,865,0
2022-06-30 11:07:00,865,865,865,865,0
2022-06-30 11:08:00,865,865,865,865,200
2022-06-30 11:09:00,870,870,870,870,500
2022-06-30 11:10:00,870,870,870,870,0
2022-06-30 11:11:00,870,870,870,870,200
2022-06-30 11:12:00,870,865,870,865,100
2022-06-30 11:13:00,865,865,865,865,300
2022-06-30 11:14:00,865,865,865,865,100
2022-06-30 11:15:00,865,865,865,865,200
2022-06-30 11:16:00,865,865,865,865,100
2022-06-30 11:17:00,870,870,870,870,200
2022-06-30 11:18:00,870,870,870,870,100
2022-06-30 11:19:00,870,870,870,870,100
2022-06-30 11:20:00,870,870,870,870,100
2022-06-30 11:21:00,865,865,865,865,300
2022-06-30 11:22:00,865,865,865,865,600
2022-06-30 11:23:00,865,865,865,865,0
2022-06-30 11:24:00,865,865,870,870,800
2022-06-30 11:25:00,865,865,870,870,0
2022-06-30 11:26:00,865,865,870,870,0
2022-06-30 11:27:00,870,870,870,870,800
2022-06-30 11:28:00,865,865,865,865,800
2022-06-30 11:29:00,865,865,865,865,600
2022-06-30 11:30:00,865,865,865,865,0
2022-06-30 11:31:00,865,865,865,865,0
2022-06-30 11:32:00,865,865,865,865,0
2022-06-30 11:33:00,865,865,865,865,0
2022-06-30 11:34:00,865,865,865,865,0
2022-06-30 11:35:00,865,865,865,865,0
2022-06-30 11:36:00,865,865,865,865,0
2022-06-30 11:37:00,865,865,865,865,0
2022-06-30 11:38:00,865,865,865,865,0
2022-06-30 11:39:00,865,865,865,865,0
2022-06-30 11:40:00,865,865,865,865,0
2022-06-30 11:41:00,865,865,865,865,0
2022-06-30 11:42:00,865,865,865,865,0
2022-06-30 11:43:00,865,865,865,865,0
2022-06-30 11:44:00,865,865,865,865,0
2022-06-30 11:45:00,865,865,865,865,0
2022-06-30 11:46:00,865,865,865,865,0
2022-06-30 11:47:00,865,865,865,865,0
2022-06-30 11:48:00,865,865,865,865,0
2022-06-30 11:49:00,865,865,865,865,0
2022-06-30 11:50:00,865,865,865,865,0
2022-06-30 11:51:00,865,865,865,865,0
2022-06-30 11:52:00,865,865,865,865,0
2022-06-30 11:53:00,865,865,865,865,0
2022-06-30 11:54:00,865,865,865,865,0
2022-06-30 11:55:00,865,865,865,865,0
2022-06-30 11:56:00,865,865,865,865,0
2022-06-30 11:57:00,865,865,865,865,0
2022-06-30 11:58:00,865,865,865,865,0
2022-06-30 11:59:00,865,865,865,865,0
2022-06-30 12:00:00,865,865,865,865,0
2022-06-30 12:01:00,865,865,865,865,0
2022-06-30 12:02:00,865,865,865,865,0
2022-06-30 12:03:00,865,865,865,865,0
2022-06-30 12:04:00,865,865,865,865,0
2022-06-30 12:05:00,865,865,865,865,0
2022-06-30 12:06:00,865,865,865,865,0
2022-06-30 12:07:00,865,865,865,865,0
2022-06-30 12:08:00,865,865,865,865,0
2022-06-30 12:09:00,865,865,865,865,0
2022-06-30 12:10:00,865,865,865,865,0
2022-06-30 12:11:00,865,865,865,865,0
2022-06-30 12:12:00,865,865,865,865,0
2022-06-30 12:13:00,865,865,865,865,0
2022-06-30 12:14:00,865,865,865,865,0
2022-06-30 12:15:00,865,865,865,865,0
2022-06-30 12:16:00,865,865,865,865,0
2022-06-30 12:17:00,865,865,865,865,0
2022-06-30 12:18:00,865,865,865,865,0
2022-06-30 12:19:00,865,865,865,865,0
2022-06-30 12:20:00,865,865,865,865,0
2022-06-30 12:21:00,865,865,865,865,0
2022-06-30 12:22:00,865,865,865,865,0
2022-06-30 12:23:00,865,865,865,865,0
2022-06-30 12:24:00,865,865,865,865,0
2022-06-30 12:25:00,865,865,865,865,0
2022-06-30 12:26:00,865,865,865,865,0
2022-06-30 12:27:00,865,865,865,865,0
2022-06-30 12:28:00,865,865,865,865,0
2022-06-30 12:29:00,865,865,865,865,0
2022-06-30 12:30:00,865,865,865,865,0
2022-06-30 12:31:00,865,865,865,865,0
2022-06-30 12:32:00,865,865,865,865,0
2022-06-30 12:33:00,865,865,865,865,0
2022-06-30 12:34:00,865,865,865,865,0
2022-06-30 12:35:00,865,865,865,865,0
2022-06-30 12:36:00,865,865,865,865,0
2022-06-30 12:37:00,865,865,865,865,0
2022-06-30 12:38:00,865,865,865,865,0
2022-06-30 12:39:00,865,865,865,865,0
2022-06-30 12:40:00,865,865,865,865,0
2022-06-30 12:41:00,865,865,865,865,0
2022-06-30 12:42:00,865,865,865,865,0
2022-06-30 12:43:00,865,865,865,865,0
2022-06-30 12:44:00,865,865,865,865,0
2022-06-30 12:45:00,865,865,865,865,0
2022-06-30 12:46:00,865,865,865,865,0
2022-06-30 12:47:00,865,865,865,865,0
2022-06-30 12:48:00,865,865,865,865,0
2022-06-30 12:49:00,865,865,865,865,0
2022-06-30 12:50:00,865,865,865,865,0
2022-06-30 12:51:00,865,865,865,865,0
2022-06-30 12:52:00,865,865,865,865,0
2022-06-30 12:53:00,865,865,865,865,0
2022-06-30 12:54:00,865,865,865,865,0
2022-06-30 12:55:00,865,865,865,865,0
2022-06-30 12:56:00,865,865,865,865,0
2022-06-30 12:57:00,865,865,865,865,0
2022-06-30 12:58:00,865,865,865,865,0
2022-06-30 12:59:00,865,865,865,865,0
2022-06-30 13:00:00,865,865,865,865,0
2022-06-30 13:01:00,865,865,865,865,0
2022-06-30 13:02:00,865,865,865,865,0
2022-06-30 13:03:00,865,865,865,865,0
2022-06-30 13:04:00,865,865,865,865,0
2022-06-30 13:05:00,865,865,865,865,0
2022-06-30 13:06:00,865,865,865,865,0
2022-06-30 13:07:00,865,865,865,865,0
2022-06-30 13:08:00,865,865,865,865,0
2022-06-30 13:09:00,865,865,865,865,0
2022-06-30 13:10:00,865,865,865,865,0
2022-06-30 13:11:00,865,865,865,865,0
2022-06-30 13:12:00,865,865,865,865,0
2022-06-30 13:13:00,865,865,865,865,0
2022-06-30 13:14:00,865,865,865,865,0
2022-06-30 13:15:00,865,865,865,865,0
2022-06-30 13:16:00,865,865,865,865,0
2022-06-30 13:17:00,865,865,865,865,0
2022-06-30 13:18:00,865,865,865,865,0
2022-06-30 13:19:00,865,865,865,865,0
2022-06-30 13:20:00,865,865,865,865,0
2022-06-30 13:21:00,865,865,865,865,0
2022-06-30 13:22:00,865,865,865,865,0
2022-06-30 13:23:00,865,865,865,865,0
2022-06-30 13:24:00,865,865,865,865,0
2022-06-30 13:25:00,865,865,865,865,0
2022-06-30 13:26:00,865,865,865,865,0
2022-06-30 13:27:00,865,865,865,865,0
2022-06-30 13:28:00,865,865,865,865,0
2022-06-30 13:29:00,865,865,865,865,0
2022-06-30 13:30:00,865,865,865,865,5100
2022-06-30 13:31:00,865,865,865,865,0
2022-06-30 13:32:00,865,865,865,865,0
2022-06-30 13:33:00,865,865,865,865,0
2022-06-30 13:34:00,865,865,865,865,0
2022-06-30 13:35:00,865,865,865,865,2000
2022-06-30 13:36:00,865,865,865,865,1300
2022-06-30 13:37:00,865,865,865,865,0
2022-06-30 13:38:00,865,865,865,865,1000
2022-06-30 13:39:00,865,865,865,865,200
2022-06-30 13:40:00,865,865,870,870,1800
2022-06-30 13:41:00,865,865,870,870,0
2022-06-30 13:42:00,870,870,870,870,1000
2022-06-30 13:43:00,870,870,870,870,0
2022-06-30 13:44:00,865,865,865,865,2300
2022-06-30 13:45:00,865,865,870,870,800
2022-06-30 13:46:00,865,865,865,865,900
2022-06-30 13:47:00,865,865,865,865,400
2022-06-30 13:48:00,865,865,865,865,700
2022-06-30 13:49:00,865,865,865,865,0
2022-06-30 13:50:00,865,865,865,865,0
2022-06-30 13:51:00,870,870,875,875,337400
2022-06-30 13:52:00,870,870,875,875,0
2022-06-30 13:53:00,880,880,885,885,358500
2022-06-30 13:54:00,880,880,885,885,0
2022-06-30 13:55:00,880,880,885,885,0
2022-06-30 13:56:00,880,880,885,885,0
2022-06-30 13:57:00,880,880,885,885,0
2022-06-30 13:58:00,880,880,880,880,15400
2022-06-30 13:59:00,875,875,875,875,1100
2022-06-30 14:00:00,875,875,875,875,0
2022-06-30 14:01:00,875,875,875,875,0
2022-06-30 14:02:00,875,875,875,875,0
2022-06-30 14:03:00,875,875,875,875,0
2022-06-30 14:04:00,880,880,880,880,1400
2022-06-30 14:05:00,880,880,880,880,0
2022-06-30 14:06:00,880,880,885,885,90500
2022-06-30 14:07:00,880,880,885,885,0
2022-06-30 14:08:00,880,880,885,885,0
2022-06-30 14:09:00,880,880,885,885,0
2022-06-30 14:10:00,880,880,885,885,0
2022-06-30 14:11:00,880,880,880,880,0
2022-06-30 14:12:00,880,875,880,875,3900
2022-06-30 14:13:00,880,880,880,880,0
2022-06-30 14:14:00,880,880,880,880,0
2022-06-30 14:15:00,875,875,875,875,7400
2022-06-30 14:16:00,875,875,875,875,3600
2022-06-30 14:17:00,880,880,880,880,0
2022-06-30 14:18:00,880,880,880,880,0
2022-06-30 14:19:00,880,880,880,880,3000
2022-06-30 14:20:00,880,880,880,880,0
2022-06-30 14:21:00,880,880,880,880,0
2022-06-30 14:22:00,875,875,875,875,0
2022-06-30 14:23:00,875,875,875,875,0
2022-06-30 14:24:00,875,875,875,875,0
2022-06-30 14:25:00,875,875,875,875,0
2022-06-30 14:26:00,875,875,875,875,0
2022-06-30 14:27:00,875,875,875,875,0
2022-06-30 14:28:00,875,875,875,875,1000
2022-06-30 14:29:00,875,875,875,875,50000
2022-06-30 14:30:00,875,875,875,875,0
2022-06-30 14:31:00,875,875,875,875,0
2022-06-30 14:32:00,875,875,875,875,120600
2022-06-30 14:33:00,875,875,875,875,0
2022-06-30 14:34:00,875,875,875,875,3400
2022-06-30 14:35:00,875,875,875,875,0
2022-06-30 14:36:00,875,875,875,875,600
2022-06-30 14:37:00,875,875,875,875,500
2022-06-30 14:38:00,875,875,875,875,8700
2022-06-30 14:39:00,875,875,875,875,0
2022-06-30 14:40:00,875,875,875,875,0
2022-06-30 14:41:00,875,850,875,850,193600
2022-06-30 14:42:00,875,850,875,850,0
2022-06-30 14:43:00,860,850,860,850,22100
2022-06-30 14:44:00,850,850,850,850,1100
2022-06-30 14:45:00,850,850,850,850,19300
2022-06-30 14:46:00,870,870,870,870,0
2022-06-30 14:47:00,870,870,870,870,0
2022-06-30 14:48:00,870,870,870,870,0
2022-06-30 14:49:00,870,850,875,850,1500
2022-06-30 14:50:00,870,850,875,850,0
2022-06-30 14:51:00,870,850,875,850,0
2022-06-30 14:52:00,870,850,875,850,0
2022-06-30 14:53:00,870,850,875,850,0
2022-06-30 14:54:00,870,850,875,850,0
2022-06-30 14:55:00,870,850,875,850,0
2022-06-30 14:56:00,870,850,875,850,0
2022-06-30 14:57:00,870,850,875,850,0
2022-06-30 14:58:00,870,850,875,850,0
2022-06-30 14:59:00,870,850,875,850,0
2022-06-30 15:00:00,850,850,850,850,30100
2022-06-30 15:01:00,850,850,850,850,2100
2022-06-30 15:02:00,850,850,850,850,0
2022-06-30 15:03:00,850,850,850,850,0
2022-06-30 15:04:00,850,850,850,850,55700
2022-06-30 15:05:00,850,850,850,850,0
2022-06-30 15:06:00,850,850,850,850,0
2022-06-30 15:07:00,850,850,850,850,0
2022-06-30 15:08:00,850,850,850,850,0
2022-06-30 15:09:00,850,850,850,850,9900
2022-06-30 15:10:00,850,850,850,850,0
2022-06-30 15:11:00,850,850,850,850,0
2022-06-30 15:12:00,850,850,850,850,0
2022-06-30 15:13:00,850,850,850,850,0
2022-06-30 15:14:00,850,850,850,850,0
2022-06-30 15:15:00,850,850,850,850,0
2022-06-30 15:16:00,850,850,850,850,0
2022-06-30 15:17:00,850,850,850,850,0
2022-06-30 15:18:00,850,850,850,850,0
2022-06-30 15:19:00,850,850,850,850,0
2022-06-30 15:20:00,850,850,850,850,0
2022-06-30 15:21:00,850,850,850,850,0
2022-06-30 15:22:00,850,850,850,850,0
2022-06-30 15:23:00,850,850,850,850,0
2022-06-30 15:24:00,850,850,850,850,0
2022-06-30 15:25:00,850,850,850,850,0
2022-06-30 15:26:00,850,850,850,850,0
2022-06-30 15:27:00,850,850,850,850,0
2022-06-30 15:28:00,850,850,850,850,0
2022-06-30 15:29:00,850,850,850,850,0
2022-06-30 15:30:00,850,850,850,850,0
2022-06-30 15:31:00,850,850,850,850,0
2022-06-30 15:32:00,850,850,850,850,0
2022-06-30 15:33:00,850,850,850,850,0
2022-06-30 15:34:00,850,850,850,850,0
2022-06-30 15:35:00,850,850,850,850,0
2022-06-30 15:36:00,850,850,850,850,0
2022-06-30 15:37:00,850,850,850,850,0
2022-06-30 15:38:00,850,850,850,850,0
2022-06-30 15:39:00,850,850,850,850,0
2022-06-30 15:40:00,850,850,850,850,0
2022-06-30 15:41:00,850,850,850,850,0
2022-06-30 15:42:00,850,850,850,850,0
2022-06-30 15:43:00,850,850,850,850,0
2022-06-30 15:44:00,850,850,850,850,0
2022-06-30 15:45:00,850,850,850,850,0
2022-06-30 15:46:00,850,850,850,850,0
2022-06-30 15:47:00,850,850,850,850,0
2022-06-30 15:48:00,850,850,850,850,0
2022-06-30 15:49:00,850,850,850,850,0
2022-06-30 15:50:00,850,850,850,850,0
2022-06-30 15:51:00,850,850,850,850,0
2022-06-30 15:52:00,850,850,850,850,0
2022-06-30 15:53:00,850,850,850,850,0
2022-06-30 15:54:00,850,850,850,850,0
2022-06-30 15:55:00,850,850,850,850,0
2022-06-30 15:56:00,850,850,850,850,0
2022-06-30 15:57:00,850,850,850,850,0
2022-06-30 15:58:00,850,850,850,850,0
2022-06-30 15:59:00,850,850,850,850,0
2022-07-01 09:00:00,850,850,850,850,400
2022-07-01 09:01:00,850,850,850,850,0
2022-07-01 09:02:00,850,850,850,850,0
2022-07-01 09:03:00,855,855,855,855,200
2022-07-01 09:04:00,860,860,860,860,100
2022-07-01 09:05:00,860,860,860,860,0
2022-07-01 09:06:00,855,855,855,855,300
2022-07-01 09:07:00,855,855,855,855,0
2022-07-01 09:08:00,850,850,850,850,300
2022-07-01 09:09:00,850,850,850,850,300
2022-07-01 09:10:00,850,850,850,850,200
2022-07-01 09:11:00,845,845,845,845,3500
2022-07-01 09:12:00,845,845,845,845,0
2022-07-01 09:13:00,840,840,840,840,2200
2022-07-01 09:14:00,835,830,835,830,200
2022-07-01 09:15:00,825,825,860,830,12000
2022-07-01 09:16:00,825,825,860,830,0
2022-07-01 09:17:00,835,835,855,855,1400
2022-07-01 09:18:00,835,835,855,855,0
2022-07-01 09:19:00,835,835,835,835,1800
2022-07-01 09:20:00,835,835,835,835,0
2022-07-01 09:21:00,830,830,830,830,4000
2022-07-01 09:22:00,840,840,840,840,200
2022-07-01 09:23:00,840,840,840,840,0
2022-07-01 09:24:00,840,840,840,840,0
2022-07-01 09:25:00,830,830,835,835,5900
2022-07-01 09:26:00,830,830,835,835,0
2022-07-01 09:27:00,835,835,835,835,200
2022-07-01 09:28:00,835,835,835,835,1900
2022-07-01 09:29:00,835,835,835,835,0
2022-07-01 09:30:00,835,835,835,835,0
2022-07-01 09:31:00,835,835,835,835,0
2022-07-01 09:32:00,835,835,835,835,0
2022-07-01 09:33:00,840,840,855,855,5500
2022-07-01 09:34:00,840,840,855,855,0
2022-07-01 09:35:00,855,855,855,855,1300
2022-07-01 09:36:00,855,855,855,855,0
2022-07-01 09:37:00,855,855,855,855,0
2022-07-01 09:38:00,855,855,855,855,0
2022-07-01 09:39:00,855,855,855,855,0
2022-07-01 09:40:00,855,855,855,855,5400
2022-07-01 09:41:00,855,855,855,855,0
2022-07-01 09:42:00,855,855,855,855,0
2022-07-01 09:43:00,830,830,830,830,2500
2022-07-01 09:44:00,830,825,830,825,12300
2022-07-01 09:45:00,825,825,830,830,400
2022-07-01 09:46:00,830,830,830,830,2100
2022-07-01 09:47:00,830,830,830,830,1200
2022-07-01 09:48:00,830,830,830,830,0
2022-07-01 09:49:00,830,830,830,830,0
2022-07-01 09:50:00,830,830,830,830,0
2022-07-01 09:51:00,830,830,850,850,17100
2022-07-01 09:52:00,830,830,850,850,0
2022-07-01 09:53:00,830,830,850,850,0
2022-07-01 09:54:00,840,840,840,840,3900
2022-07-01 09:55:00,830,830,830,830,0
2022-07-01 09:56:00,830,830,830,830,0
2022-07-01 09:57:00,840,840,850,850,2100
2022-07-01 09:58:00,840,840,850,850,0
2022-07-01 09:59:00,840,840,850,850,0
2022-07-01 10:00:00,835,835,835,835,2000
2022-07-01 10:01:00,835,835,835,835,0
2022-07-01 10:02:00,840,840,840,840,0
2022-07-01 10:03:00,840,840,840,840,0
2022-07-01 10:04:00,840,840,840,840,0
2022-07-01 10:05:00,840,840,840,840,5900
2022-07-01 10:06:00,840,840,840,840,0
2022-07-01 10:07:00,840,840,840,840,0
2022-07-01 10:08:00,840,840,840,840,0
2022-07-01 10:09:00,840,840,840,840,0
2022-07-01 10:10:00,840,840,840,840,0
2022-07-01 10:11:00,840,840,850,850,300
2022-07-01 10:12:00,840,835,850,850,700
2022-07-01 10:13:00,840,835,850,850,0
2022-07-01 10:14:00,840,835,850,850,0
2022-07-01 10:15:00,840,835,850,850,0
2022-07-01 10:16:00,840,835,850,850,0
2022-07-01 10:17:00,840,835,850,850,0
2022-07-01 10:18:00,840,835,850,850,0
2022-07-01 10:19:00,840,835,850,850,0
2022-07-01 10:20:00,840,835,850,850,0
2022-07-01 10:21:00,840,840,840,840,200
2022-07-01 10:22:00,835,830,835,830,21200
2022-07-01 10:23:00,835,830,835,830,0
2022-07-01 10:24:00,835,830,835,830,0
2022-07-01 10:25:00,835,830,835,830,0
2022-07-01 10:26:00,835,830,835,830,0
2022-07-01 10:27:00,845,845,845,845,0
2022-07-01 10:28:00,845,845,845,845,0
2022-07-01 10:29:00,845,845,845,845,0
2022-07-01 10:30:00,845,845,845,845,0
2022-07-01 10:31:00,845,845,845,845,0
2022-07-01 10:32:00,845,845,845,845,0
2022-07-01 10:33:00,830,830,830,830,200
2022-07-01 10:34:00,830,830,830,830,0
2022-07-01 10:35:00,830,830,830,830,0
2022-07-01 10:36:00,830,830,830,830,0
2022-07-01 10:37:00,830,830,830,830,0
2022-07-01 10:38:00,830,830,830,830,0
2022-07-01 10:39:00,835,835,835,835,270500
2022-07-01 10:40:00,835,835,835,835,0
2022-07-01 10:41:00,835,835,835,835,0
2022-07-01 10:42:00,835,835,835,835,0
2022-07-01 10:43:00,835,835,835,835,64500
2022-07-01 10:44:00,835,835,835,835,1200
2022-07-01 10:45:00,835,835,835,835,4500
2022-07-01 10:46:00,835,835,835,835,0
2022-07-01 10:47:00,835,835,835,835,0
2022-07-01 10:48:00,835,835,835,835,0
2022-07-01 10:49:00,835,835,835,835,0
2022-07-01 10:50:00,835,835,835,835,0
2022-07-01 10:51:00,835,835,835,835,0
2022-07-01 10:52:00,835,835,835,835,0
2022-07-01 10:53:00,835,820,835,820,149900
2022-07-01 10:54:00,820,820,840,840,51100
2022-07-01 10:55:00,820,820,840,840,0
2022-07-01 10:56:00,820,820,840,840,0
2022-07-01 10:57:00,820,820,840,840,0
2022-07-01 10:58:00,820,820,840,840,0
2022-07-01 10:59:00,820,820,840,840,0
2022-07-01 11:00:00,820,820,840,840,0
2022-07-01 11:01:00,820,820,840,840,0
2022-07-01 11:02:00,820,820,840,840,0
2022-07-01 11:03:00,830,830,830,830,400
2022-07-01 11:04:00,830,830,830,830,400
2022-07-01 11:05:00,830,830,830,830,0
2022-07-01 11:06:00,830,830,830,830,0
2022-07-01 11:07:00,830,830,830,830,0
2022-07-01 11:08:00,830,830,830,830,0
2022-07-01 11:09:00,825,820,825,820,700
2022-07-01 11:10:00,825,820,825,820,0
2022-07-01 11:11:00,825,820,825,820,0
2022-07-01 11:12:00,825,820,825,820,0
2022-07-01 11:13:00,825,820,825,820,0
2022-07-01 11:14:00,825,820,825,820,0
2022-07-01 11:15:00,820,820,820,820,1100
2022-07-01 11:16:00,820,820,820,820,0
2022-07-01 11:17:00,820,820,820,820,0
2022-07-01 11:18:00,820,820,820,820,0
2022-07-01 11:19:00,820,820,820,820,0
2022-07-01 11:20:00,820,820,820,820,0
2022-07-01 11:21:00,820,820,820,820,0
2022-07-01 11:22:00,820,820,820,820,0
2022-07-01 11:23:00,820,820,820,820,0
2022-07-01 11:24:00,820,820,820,820,0
2022-07-01 11:25:00,820,820,820,820,0
2022-07-01 11:26:00,820,820,820,820,0
2022-07-01 11:27:00,820,820,820,820,400
2022-07-01 11:28:00,825,825,825,825,100
2022-07-01 11:29:00,825,825,825,825,3500
2022-07-01 11:30:00,825,825,825,825,0
2022-07-01 11:31:00,825,825,825,825,0
2022-07-01 11:32:00,825,825,825,825,0
2022-07-01 11:33:00,825,825,825,825,0
2022-07-01 11:34:00,825,825,825,825,0
2022-07-01 11:35:00,825,825,825,825,0
2022-07-01 11:36:00,825,825,825,825,0
2022-07-01 11:37:00,825,825,825,825,0
2022-07-01 11:38:00,825,825,825,825,0
2022-07-01 11:39:00,825,825,825,825,0
2022-07-01 11:40:00,825,825,825,825,0
2022-07-01 11:41:00,825,825,825,825,0
2022-07-01 11:42:00,825,825,825,825,0
2022-07-01 11:43:00,825,825,825,825,0
2022-07-01 11:44:00,825,825,825,825,0
2022-07-01 11:45:00,825,825,825,825,0
2022-07-01 11:46:00,825,825,825,825,0
2022-07-01 11:47:00,825,825,825,825,0
2022-07-01 11:48:00,825,825,825,825,0
2022-07-01 11:49:00,825,825,825,825,0
2022-07-01 11:50:00,825,825,825,825,0
2022-07-01 11:51:00,825,825,825,825,0
2022-07-01 11:52:00,825,825,825,825,0
2022-07-01 11:53:00,825,825,825,825,0
2022-07-01 11:54:00,825,825,825,825,0
2022-07-01 11:55:00,825,825,825,825,0
2022-07-01 11:56:00,825,825,825,825,0
2022-07-01 11:57:00,825,825,825,825,0
2022-07-01 11:58:00,825,825,825,825,0
2022-07-01 11:59:00,825,825,825,825,0
2022-07-01 12:00:00,825,825,825,825,0
2022-07-01 12:01:00,825,825,825,825,0
2022-07-01 12:02:00,825,825,825,825,0
2022-07-01 12:03:00,825,825,825,825,0
2022-07-01 12:04:00,825,825,825,825,0
2022-07-01 12:05:00,825,825,825,825,0
2022-07-01 12:06:00,825,825,825,825,0
2022-07-01 12:07:00,825,825,825,825,0
2022-07-01 12:08:00,825,825,825,825,0
2022-07-01 12:09:00,825,825,825,825,0
2022-07-01 12:10:00,825,825,825,825,0
2022-07-01 12:11:00,825,825,825,825,0
2022-07-01 12:12:00,825,825,825,825,0
2022-07-01 12:13:00,825,825,825,825,0
2022-07-01 12:14:00,825,825,825,825,0
2022-07-01 12:15:00,825,825,825,825,0
2022-07-01 12:16:00,825,825,825,825,0
2022-07-01 12:17:00,825,825,825,825,0
2022-07-01 12:18:00,825,825,825,825,0
2022-07-01 12:19:00,825,825,825,825,0
2022-07-01 12:20:00,825,825,825,825,0
2022-07-01 12:21:00,825,825,825,825,0
2022-07-01 12:22:00,825,825,825,825,0
2022-07-01 12:23:00,825,825,825,825,0
2022-07-01 12:24:00,825,825,825,825,0
2022-07-01 12:25:00,825,825,825,825,0
2022-07-01 12:26:00,825,825,825,825,0
2022-07-01 12:27:00,825,825,825,825,0
2022-07-01 12:28:00,825,825,825,825,0
2022-07-01 12:29:00,825,825,825,825,0
2022-07-01 12:30:00,825,825,825,825,0
2022-07-01 12:31:00,825,825,825,825,0
2022-07-01 12:32:00,825,825,825,825,0
2022-07-01 12:33:00,825,825,825,825,0
2022-07-01 12:34:00,825,825,825,825,0
2022-07-01 12:35:00,825,825,825,825,0
2022-07-01 12:36:00,825,825,825,825,0
2022-07-01 12:37:00,825,825,825,825,0
2022-07-01 12:38:00,825,825,825,825,0
2022-07-01 12:39:00,825,825,825,825,0
2022-07-01 12:40:00,825,825,825,825,0
2022-07-01 12:41:00,825,825,825,825,0
2022-07-01 12:42:00,825,825,825,825,0
2022-07-01 12:43:00,825,825,825,825,0
2022-07-01 12:44:00,825,825,825,825,0
2022-07-01 12:45:00,825,825,825,825,0
2022-07-01 12:46:00,825,825,825,825,0
2022-07-01 12:47:00,825,825,825,825,0
2022-07-01 12:48:00,825,825,825,825,0
2022-07-01 12:49:00,825,825,825,825,0
2022-07-01 12:50:00,825,825,825,825,0
2022-07-01 12:51:00,825,825,825,825,0
2022-07-01 12:52:00,825,825,825,825,0
2022-07-01 12:53:00,825,825,825,825,0
2022-07-01 12:54:00,825,825,825,825,0
2022-07-01 12:55:00,825,825,825,825,0
2022-07-01 12:56:00,825,825,825,825,0
2022-07-01 12:57:00,825,825,825,825,0
2022-07-01 12:58:00,825,825,825,825,0
2022-07-01 12:59:00,825,825,825,825,0
2022-07-01 13:00:00,825,825,825,825,0
2022-07-01 13:01:00,825,825,825,825,0
2022-07-01 13:02:00,825,825,825,825,0
2022-07-01 13:03:00,825,825,825,825,0
2022-07-01 13:04:00,825,825,825,825,0
2022-07-01 13:05:00,825,825,825,825,0
2022-07-01 13:06:00,825,825,825,825,0
2022-07-01 13:07:00,825,825,825,825,0
2022-07-01 13:08:00,825,825,825,825,0
2022-07-01 13:09:00,825,825,825,825,0
2022-07-01 13:10:00,825,825,825,825,0
2022-07-01 13:11:00,825,825,825,825,0
2022-07-01 13:12:00,825,825,825,825,0
2022-07-01 13:13:00,825,825,825,825,0
2022-07-01 13:14:00,825,825,825,825,0
2022-07-01 13:15:00,825,825,825,825,0
2022-07-01 13:16:00,825,825,825,825,0
2022-07-01 13:17:00,825,825,825,825,0
2022-07-01 13:18:00,825,825,825,825,0
2022-07-01 13:19:00,825,825,825,825,0
2022-07-01 13:20:00,825,825,825,825,0
2022-07-01 13:21:00,825,825,825,825,0
2022-07-01 13:22:00,825,825,825,825,0
2022-07-01 13:23:00,825,825,825,825,0
2022-07-01 13:24:00,825,825,825,825,0
2022-07-01 13:25:00,825,825,825,825,0
2022-07-01 13:26:00,825,825,825,825,0
2022-07-01 13:27:00,825,825,825,825,0
2022-07-01 13:28:00,825,825,825,825,0
2022-07-01 13:29:00,825,825,825,825,0
2022-07-01 13:30:00,825,820,825,820,37600
2022-07-01 13:31:00,820,820,825,825,298600
2022-07-01 13:32:00,820,820,825,825,0
2022-07-01 13:33:00,820,820,825,825,0
2022-07-01 13:34:00,820,820,825,825,0
2022-07-01 13:35:00,825,825,825,825,4800
2022-07-01 13:36:00,825,825,825,825,0
2022-07-01 13:37:00,825,825,825,825,0
2022-07-01 13:38:00,820,820,820,820,0
2022-07-01 13:39:00,820,820,820,820,0
2022-07-01 13:40:00,820,820,820,820,0
2022-07-01 13:41:00,820,820,820,820,0
2022-07-01 13:42:00,820,820,820,820,0
2022-07-01 13:43:00,820,820,820,820,0
2022-07-01 13:44:00,825,825,825,825,200
2022-07-01 13:45:00,825,825,825,825,0
2022-07-01 13:46:00,825,825,825,825,0
2022-07-01 13:47:00,825,825,825,825,0
2022-07-01 13:48:00,820,820,820,820,1200
2022-07-01 13:49:00,820,820,820,820,3400
2022-07-01 13:50:00,825,825,825,825,0
2022-07-01 13:51:00,820,820,820,820,900
2022-07-01 13:52:00,820,820,820,820,0
2022-07-01 13:53:00,820,820,820,820,0
2022-07-01 13:54:00,820,820,820,820,0
2022-07-01 13:55:00,820,820,820,820,0
2022-07-01 13:56:00,820,820,820,820,0
2022-07-01 13:57:00,820,820,820,820,0
2022-07-01 13:58:00,820,820,820,820,0
2022-07-01 13:59:00,820,820,820,820,0
2022-07-01 14:00:00,825,825,825,825,77800
2022-07-01 14:01:00,825,825,825,825,0
2022-07-01 14:02:00,825,825,825,825,0
2022-07-01 14:03:00,825,825,825,825,0
2022-07-01 14:04:00,825,825,825,825,0
2022-07-01 14:05:00,825,825,825,825,0
2022-07-01 14:06:00,825,825,825,825,0
2022-07-01 14:07:00,825,825,825,825,0
2022-07-01 14:08:00,825,825,825,825,0
2022-07-01 14:09:00,825,825,825,825,0
2022-07-01 14:10:00,825,825,825,825,0
2022-07-01 14:11:00,825,825,825,825,0
2022-07-01 14:12:00,825,825,825,825,0
2022-07-01 14:13:00,820,820,820,820,0
2022-07-01 14:14:00,820,820,820,820,0
2022-07-01 14:15:00,820,820,820,820,0
2022-07-01 14:16:00,820,820,820,820,0
2022-07-01 14:17:00,820,820,820,820,0
2022-07-01 14:18:00,820,820,820,820,0
2022-07-01 14:19:00,825,825,825,825,200
2022-07-01 14:20:00,825,825,825,825,0
2022-07-01 14:21:00,825,825,825,825,255100
2022-07-01 14:22:00,825,825,825,825,0
2022-07-01 14:23:00,825,825,825,825,0
2022-07-01 14:24:00,825,825,825,825,0
2022-07-01 14:25:00,825,825,825,825,0
2022-07-01 14:26:00,825,825,825,825,0
2022-07-01 14:27:00,825,825,825,825,0
2022-07-01 14:28:00,825,825,825,825,0
2022-07-01 14:29:00,825,825,825,825,0
2022-07-01 14:30:00,825,825,825,825,0
2022-07-01 14:31:00,825,825,825,825,0
2022-07-01 14:32:00,825,825,825,825,0
2022-07-01 14:33:00,825,825,825,825,0
2022-07-01 14:34:00,825,825,825,825,0
2022-07-01 14:35:00,820,820,820,820,5000
2022-07-01 14:36:00,820,820,820,820,0
2022-07-01 14:37:00,825,820,825,820,60200
2022-07-01 14:38:00,820,820,820,820,1800
2022-07-01 14:39:00,820,820,820,820,0
2022-07-01 14:40:00,820,820,820,820,0
2022-07-01 14:41:00,825,825,835,835,32800
2022-07-01 14:42:00,825,825,835,835,0
2022-07-01 14:43:00,825,825,835,835,0
2022-07-01 14:44:00,825,825,835,835,0
2022-07-01 14:45:00,825,825,835,835,0
2022-07-01 14:46:00,825,825,835,835,0
2022-07-01 14:47:00,825,825,835,835,0
2022-07-01 14:48:00,825,825,835,835,0
2022-07-01 14:49:00,825,825,835,835,0
2022-07-01 14:50:00,825,825,835,835,0
2022-07-01 14:51:00,825,825,835,835,0
2022-07-01 14:52:00,825,825,835,835,0
2022-07-01 14:53:00,825,825,835,835,0
2022-07-01 14:54:00,825,825,835,835,0
2022-07-01 14:55:00,825,825,835,835,0
2022-07-01 14:56:00,825,825,835,835,0
2022-07-01 14:57:00,825,825,835,835,0
2022-07-01 14:58:00,825,825,835,835,0
2022-07-01 14:59:00,825,825,835,835,0
2022-07-01 15:00:00,820,820,820,820,90400
2022-07-01 15:01:00,820,820,820,820,0
2022-07-01 15:02:00,820,820,820,820,0
2022-07-01 15:03:00,820,820,820,820,0
2022-07-01 15:04:00,820,820,820,820,1400
2022-07-01 15:05:00,820,820,820,820,0
2022-07-01 15:06:00,820,820,820,820,0
2022-07-01 15:07:00,820,820,820,820,0
2022-07-01 15:08:00,820,820,820,820,0
2022-07-01 15:09:00,820,820,820,820,0
2022-07-01 15:10:00,820,820,820,820,0
2022-07-01 15:11:00,820,820,820,820,0
2022-07-01 15:12:00,820,820,820,820,0
2022-07-01 15:13:00,820,820,820,820,0
2022-07-01 15:14:00,820,820,820,820,0
2022-07-01 15:15:00,820,820,820,820,0
2022-07-01 15:16:00,820,820,820,820,0
2022-07-01 15:17:00,820,820,820,820,0
2022-07-01 15:18:00,820,820,820,820,0
2022-07-01 15:19:00,820,820,820,820,0
2022-07-01 15:20:00,820,820,820,820,0
2022-07-01 15:21:00,820,820,820,820,0
2022-07-01 15:22:00,820,820,820,820,0
2022-07-01 15:23:00,820,820,820,820,0
2022-07-01 15:24:00,820,820,820,820,0
2022-07-01 15:25:00,820,820,820,820,0
2022-07-01 15:26:00,820,820,820,820,0
2022-07-01 15:27:00,820,820,820,820,0
2022-07-01 15:28:00,820,820,820,820,0
2022-07-01 15:29:00,820,820,820,820,0
2022-07-01 15:30:00,820,820,820,820,0
2022-07-01 15:31:00,820,820,820,820,0
2022-07-01 15:32:00,820,820,820,820,0
2022-07-01 15:33:00,820,820,820,820,0
2022-07-01 15:34:00,820,820,820,820,0
2022-07-01 15:35:00,820,820,820,820,0
2022-07-01 15:36:00,820,820,820,820,0
2022-07-01 15:37:00,820,820,820,820,0
2022-07-01 15:38:00,820,820,820,820,0
2022-07-01 15:39:00,820,820,820,820,0
2022-07-01 15:40:00,820,820,820,820,0
2022-07-01 15:41:00,820,820,820,820,0
2022-07-01 15:42:00,820,820,820,820,0
2022-07-01 15:43:00,820,820,820,820,0
2022-07-01 15:44:00,820,820,820,820,0
2022-07-01 15:45:00,820,820,820,820,0
2022-07-01 15:46:00,820,820,820,820,0
2022-07-01 15:47:00,820,820,820,820,0
2022-07-01 15:48:00,820,820,820,820,0
2022-07-01 15:49:00,820,820,820,820,0
2022-07-01 15:50:00,820,820,820,820,0
2022-07-01 15:51:00,820,820,820,820,0
2022-07-01 15:52:00,820,820,820,820,0
2022-07-01 15:53:00,820,820,820,820,0
2022-07-01 15:54:00,820,820,820,820,0
2022-07-01 15:55:00,820,820,820,820,0
2022-07-01 15:56:00,820,820,820,820,0
2022-07-01 15:57:00,820,820,820,820,0
2022-07-01 15:58:00,820,820,820,820,0
2022-07-01 15:59:00,820,820,820,820,0
2022-07-04 09:00:00,820,820,820,820,0
2022-07-04 09:01:00,820,820,820,820,0
2022-07-04 09:02:00,820,820,820,820,0
2022-07-04 09:03:00,820,820,820,820,0
2022-07-04 09:04:00,820,820,820,820,0
2022-07-04 09:05:00,820,820,820,820,0
2022-07-04 09:06:00,820,820,820,820,0
2022-07-04 09:07:00,815,815,815,815,10500
2022-07-04 09:08:00,815,815,840,840,0
2022-07-04 09:09:00,815,815,840,840,0
2022-07-04 09:10:00,815,815,840,840,0
2022-07-04 09:11:00,815,815,835,835,3400
2022-07-04 09:12:00,815,815,835,835,0
2022-07-04 09:13:00,815,815,835,835,0
2022-07-04 09:14:00,835,835,835,835,200
2022-07-04 09:15:00,835,835,835,835,0
2022-07-04 09:16:00,835,835,835,835,900
2022-07-04 09:17:00,835,835,835,835,0
2022-07-04 09:18:00,835,835,835,835,0
2022-07-04 09:19:00,835,835,835,835,0
2022-07-04 09:20:00,835,835,835,835,0
2022-07-04 09:21:00,835,835,835,835,0
2022-07-04 09:22:00,835,835,835,835,0
2022-07-04 09:23:00,835,835,835,835,0
2022-07-04 09:24:00,835,835,835,835,0
2022-07-04 09:25:00,830,830,830,830,208100
2022-07-04 09:26:00,830,830,830,830,191600
2022-07-04 09:27:00,815,805,815,810,10600
2022-07-04 09:28:00,810,810,810,810,3200
2022-07-04 09:29:00,805,800,810,810,31900
2022-07-04 09:30:00,800,800,800,800,38200
2022-07-04 09:31:00,800,800,800,800,1900
2022-07-04 09:32:00,810,810,810,810,0
2022-07-04 09:33:00,810,810,810,810,100
2022-07-04 09:34:00,810,810,810,810,0
2022-07-04 09:35:00,810,810,810,810,0
2022-07-04 09:36:00,810,810,810,810,0
2022-07-04 09:37:00,810,810,810,810,3900
2022-07-04 09:38:00,800,800,800,800,0
2022-07-04 09:39:00,800,800,800,800,400
2022-07-04 09:40:00,800,800,800,800,0
2022-07-04 09:41:00,800,800,800,800,0
2022-07-04 09:42:00,800,800,800,800,0
2022-07-04 09:43:00,800,800,805,805,1900
2022-07-04 09:44:00,800,800,800,800,3900
2022-07-04 09:45:00,800,800,800,800,0
2022-07-04 09:46:00,800,800,800,800,1200
2022-07-04 09:47:00,800,800,800,800,1400
2022-07-04 09:48:00,800,800,800,800,0
2022-07-04 09:49:00,800,795,800,795,9900
2022-07-04 09:50:00,795,795,795,795,3000
2022-07-04 09:51:00,795,795,795,795,0
2022-07-04 09:52:00,795,795,795,795,16400
2022-07-04 09:53:00,795,795,795,795,0
2022-07-04 09:54:00,795,795,795,795,0
2022-07-04 09:55:00,795,795,795,795,0
2022-07-04 09:56:00,795,795,795,795,0
2022-07-04 09:57:00,800,800,800,800,100
2022-07-04 09:58:00,795,795,795,795,400
2022-07-04 09:59:00,800,800,800,800,600
2022-07-04 10:00:00,795,795,795,795,1100
2022-07-04 10:01:00,795,795,795,795,0
2022-07-04 10:02:00,795,795,795,795,0
2022-07-04 10:03:00,795,795,795,795,0
2022-07-04 10:04:00,795,795,795,795,1700
2022-07-04 10:05:00,795,795,795,795,0
2022-07-04 10:06:00,795,795,795,795,0
2022-07-04 10:07:00,795,795,795,795,0
2022-07-04 10:08:00,805,805,805,805,0
2022-07-04 10:09:00,805,805,805,805,0
2022-07-04 10:10:00,805,805,805,805,200
2022-07-04 10:11:00,805,805,805,805,0
2022-07-04 10:12:00,805,805,805,805,0
2022-07-04 10:13:00,805,805,805,805,0
2022-07-04 10:14:00,805,805,805,805,0
2022-07-04 10:15:00,805,805,805,805,0
2022-07-04 10:16:00,805,805,805,805,0
2022-07-04 10:17:00,805,805,805,805,0
2022-07-04 10:18:00,805,805,805,805,0
2022-07-04 10:19:00,805,805,805,805,0
2022-07-04 10:20:00,800,800,800,800,200
2022-07-04 10:21:00,795,795,795,795,3800
2022-07-04 10:22:00,795,795,795,795,1100
2022-07-04 10:23:00,800,800,800,800,0
2022-07-04 10:24:00,800,800,800,800,1800
2022-07-04 10:25:00,800,800,800,800,600
2022-07-04 10:26:00,800,800,800,800,0
2022-07-04 10:27:00,800,800,800,800,0
2022-07-04 10:28:00,795,785,795,785,51400
2022-07-04 10:29:00,800,780,800,780,14300
2022-07-04 10:30:00,795,795,795,795,0
2022-07-04 10:31:00,795,795,795,795,0
2022-07-04 10:32:00,795,795,795,795,0
2022-07-04 10:33:00,790,780,790,780,4800
2022-07-04 10:34:00,790,780,790,780,0
2022-07-04 10:35:00,790,780,790,780,0
2022-07-04 10:36:00,795,795,795,795,0
2022-07-04 10:37:00,785,785,785,785,1100
2022-07-04 10:38:00,785,785,785,785,3700
2022-07-04 10:39:00,785,785,785,785,0
2022-07-04 10:40:00,800,800,800,800,0
2022-07-04 10:41:00,800,800,800,800,0
2022-07-04 10:42:00,800,800,800,800,0
2022-07-04 10:43:00,800,800,800,800,200
2022-07-04 10:44:00,800,800,800,800,0
2022-07-04 10:45:00,800,800,800,800,0
2022-07-04 10:46:00,800,800,800,800,0
2022-07-04 10:47:00,800,800,800,800,0
2022-07-04 10:48:00,800,800,800,800,0
2022-07-04 10:49:00,800,800,800,800,0
2022-07-04 10:50:00,800,800,800,800,0
2022-07-04 10:51:00,800,800,800,800,0
2022-07-04 10:52:00,800,800,800,800,400
2022-07-04 10:53:00,800,800,800,800,0
2022-07-04 10:54:00,800,800,800,800,0
2022-07-04 10:55:00,800,800,800,800,0
2022-07-04 10:56:00,800,800,800,800,0
2022-07-04 10:57:00,800,800,800,800,0
2022-07-04 10:58:00,800,800,800,800,0
2022-07-04 10:59:00,800,800,800,800,0
2022-07-04 11:00:00,800,800,800,800,0
2022-07-04 11:01:00,800,800,800,800,0
2022-07-04 11:02:00,800,800,800,800,0
2022-07-04 11:03:00,800,800,800,800,0
2022-07-04 11:04:00,800,800,800,800,0
2022-07-04 11:05:00,800,800,800,800,0
2022-07-04 11:06:00,800,800,800,800,0
2022-07-04 11:07:00,800,800,800,800,0
2022-07-04 11:08:00,800,800,800,800,0
2022-07-04 11:09:00,800,800,800,800,0
2022-07-04 11:10:00,800,800,800,800,0
2022-07-04 11:11:00,800,800,800,800,0
2022-07-04 11:12:00,790,790,790,790,286000
2022-07-04 11:13:00,800,800,800,800,0
2022-07-04 11:14:00,800,800,800,800,0
2022-07-04 11:15:00,800,800,800,800,0
2022-07-04 11:16:00,800,800,800,800,0
2022-07-04 11:17:00,800,800,800,800,0
2022-07-04 11:18:00,800,800,800,800,0
2022-07-04 11:19:00,800,800,800,800,0
2022-07-04 11:20:00,800,800,800,800,900
2022-07-04 11:21:00,800,800,800,800,6900
2022-07-04 11:22:00,800,800,800,800,300
2022-07-04 11:23:00,790,790,790,790,0
2022-07-04 11:24:00,790,790,790,790,0
2022-07-04 11:25:00,790,790,790,790,0
2022-07-04 11:26:00,790,790,790,790,0
2022-07-04 11:27:00,790,790,790,790,0
2022-07-04 11:28:00,790,790,790,790,3900
2022-07-04 11:29:00,790,790,790,790,0
2022-07-04 11:30:00,790,790,790,790,0
2022-07-04 11:31:00,790,790,790,790,0
2022-07-04 11:32:00,790,790,790,790,0
2022-07-04 11:33:00,790,790,790,790,0
2022-07-04 11:34:00,790,790,790,790,0
2022-07-04 11:35:00,790,790,790,790,0
2022-07-04 11:36:00,790,790,790,790,0
2022-07-04 11:37:00,790,790,790,790,0
2022-07-04 11:38:00,790,790,790,790,0
2022-07-04 11:39:00,790,790,790,790,0
2022-07-04 11:40:00,790,790,790,790,0
2022-07-04 11:41:00,790,790,790,790,0
2022-07-04 11:42:00,790,790,790,790,0
2022-07-04 11:43:00,790,790,790,790,0
2022-07-04 11:44:00,790,790,790,790,0
2022-07-04 11:45:00,790,790,790,790,0
2022-07-04 11:46:00,790,790,790,790,0
2022-07-04 11:47:00,790,790,790,790,0
2022-07-04 11:48:00,790,790,790,790,0
2022-07-04 11:49:00,790,790,790,790,0
2022-07-04 11:50:00,790,790,790,790,0
2022-07-04 11:51:00,790,790,790,790,0
2022-07-04 11:52:00,790,790,790,790,0
2022-07-04 11:53:00,790,790,790,790,0
2022-07-04 11:54:00,790,790,790,790,0
2022-07-04 11:55:00,790,790,790,790,0
2022-07-04 11:56:00,790,790,790,790,0
2022-07-04 11:57:00,790,790,790,790,0
2022-07-04 11:58:00,790,790,790,790,0
2022-07-04 11:59:00,790,790,790,790,0
2022-07-04 12:00:00,790,790,790,790,0
2022-07-04 12:01:00,790,790,790,790,0
2022-07-04 12:02:00,790,790,790,790,0
2022-07-04 12:03:00,790,790,790,790,0
2022-07-04 12:04:00,790,790,790,790,0
2022-07-04 12:05:00,790,790,790,790,0
2022-07-04 12:06:00,790,790,790,790,0
2022-07-04 12:07:00,790,790,790,790,0
2022-07-04 12:08:00,790,790,790,790,0
2022-07-04 12:09:00,790,790,790,790,0
2022-07-04 12:10:00,790,790,790,790,0
2022-07-04 12:11:00,790,790,790,790,0
2022-07-04 12:12:00,790,790,790,790,0
2022-07-04 12:13:00,790,790,790,790,0
2022-07-04 12:14:00,790,790,790,790,0
2022-07-04 12:15:00,790,790,790,790,0
2022-07-04 12:16:00,790,790,790,790,0
2022-07-04 12:17:00,790,790,790,790,0
2022-07-04 12:18:00,790,790,790,790,0
2022-07-04 12:19:00,790,790,790,790,0
2022-07-04 12:20:00,790,790,790,790,0
2022-07-04 12:21:00,790,790,790,790,0
2022-07-04 12:22:00,790,790,790,790,0
2022-07-04 12:23:00,790,790,790,790,0
2022-07-04 12:24:00,790,790,790,790,0
2022-07-04 12:25:00,790,790,790,790,0
2022-07-04 12:26:00,790,790,790,790,0
2022-07-04 12:27:00,790,790,790,790,0
2022-07-04 12:28:00,790,790,790,790,0
2022-07-04 12:29:00,790,790,790,790,0
2022-07-04 12:30:00,790,790,790,790,0
2022-07-04 12:31:00,790,790,790,790,0
2022-07-04 12:32:00,790,790,790,790,0
2022-07-04 12:33:00,790,790,790,790,0
2022-07-04 12:34:00,790,790,790,790,0
2022-07-04 12:35:00,790,790,790,790,0
2022-07-04 12:36:00,790,790,790,790,0
2022-07-04 12:37:00,790,790,790,790,0
2022-07-04 12:38:00,790,790,790,790,0
2022-07-04 12:39:00,790,790,790,790,0
2022-07-04 12:40:00,790,790,790,790,0
2022-07-04 12:41:00,790,790,790,790,0
2022-07-04 12:42:00,790,790,790,790,0
2022-07-04 12:43:00,790,790,790,790,0
2022-07-04 12:44:00,790,790,790,790,0
2022-07-04 12:45:00,790,790,790,790,0
2022-07-04 12:46:00,790,790,790,790,0
2022-07-04 12:47:00,790,790,790,790,0
2022-07-04 12:48:00,790,790,790,790,0
2022-07-04 12:49:00,790,790,790,790,0
2022-07-04 12:50:00,790,790,790,790,0
2022-07-04 12:51:00,790,790,790,790,0
2022-07-04 12:52:00,790,790,790,790,0
2022-07-04 12:53:00,790,790,790,790,0
2022-07-04 12:54:00,790,790,790,790,0
2022-07-04 12:55:00,790,790,790,790,0
2022-07-04 12:56:00,790,790,790,790,0
2022-07-04 12:57:00,790,790,790,790,0
2022-07-04 12:58:00,790,790,790,790,0
2022-07-04 12:59:00,790,790,790,790,0
2022-07-04 13:00:00,790,790,790,790,0
2022-07-04 13:01:00,790,790,790,790,0
2022-07-04 13:02:00,790,790,790,790,0
2022-07-04 13:03:00,790,790,790,790,0
2022-07-04 13:04:00,790,790,790,790,0
2022-07-04 13:05:00,790,790,790,790,0
2022-07-04 13:06:00,790,790,790,790,0
2022-07-04 13:07:00,790,790,790,790,0
2022-07-04 13:08:00,790,790,790,790,0
2022-07-04 13:09:00,790,790,790,790,0
2022-07-04 13:10:00,790,790,790,790,0
2022-07-04 13:11:00,790,790,790,790,0
2022-07-04 13:12:00,790,790,790,790,0
2022-07-04 13:13:00,790,790,790,790,0
2022-07-04 13:14:00,790,790,790,790,0
2022-07-04 13:15:00,790,790,790,790,0
2022-07-04 13:16:00,790,790,790,790,0
2022-07-04 13:17:00,790,790,790,790,0
2022-07-04 13:18:00,790,790,790,790,0
2022-07-04 13:19:00,790,790,790,790,0
2022-07-04 13:20:00,790,790,790,790,0
2022-07-04 13:21:00,790,790,790,790,0
2022-07-04 13:22:00,790,790,790,790,0
2022-07-04 13:23:00,790,790,790,790,0
2022-07-04 13:24:00,790,790,790,790,0
2022-07-04 13:25:00,790,790,790,790,0
2022-07-04 13:26:00,790,790,790,790,0
2022-07-04 13:27:00,790,790,790,790,0
2022-07-04 13:28:00,790,790,790,790,0
2022-07-04 13:29:00,790,790,790,790,0
2022-07-04 13:30:00,790,780,790,790,100300
2022-07-04 13:31:00,790,780,790,780,12900
2022-07-04 13:32:00,790,780,790,780,0
2022-07-04 13:33:00,780,780,780,780,3900
2022-07-04 13:34:00,780,780,780,780,0
2022-07-04 13:35:00,780,780,780,780,0
2022-07-04 13:36:00,780,780,780,780,0
2022-07-04 13:37:00,780,780,780,780,0
2022-07-04 13:38:00,780,780,780,780,0
2022-07-04 13:39:00,780,780,780,780,0
2022-07-04 13:40:00,780,780,780,780,251600
2022-07-04 13:41:00,780,780,780,780,0
2022-07-04 13:42:00,780,780,780,780,0
2022-07-04 13:43:00,780,780,780,780,0
2022-07-04 13:44:00,780,780,780,780,0
2022-07-04 13:45:00,780,780,780,780,0
2022-07-04 13:46:00,780,780,780,780,0
2022-07-04 13:47:00,795,795,795,795,0
2022-07-04 13:48:00,795,795,795,795,900
2022-07-04 13:49:00,795,795,795,795,0
2022-07-04 13:50:00,795,795,795,795,0
2022-07-04 13:51:00,795,795,795,795,0
2022-07-04 13:52:00,795,795,795,795,0
2022-07-04 13:53:00,795,795,795,795,0
2022-07-04 13:54:00,795,795,795,795,0
2022-07-04 13:55:00,790,780,790,780,22600
2022-07-04 13:56:00,790,780,790,780,0
2022-07-04 13:57:00,795,795,795,795,8700
2022-07-04 13:58:00,795,795,795,795,0
2022-07-04 13:59:00,795,795,795,795,0
2022-07-04 14:00:00,795,795,795,795,0
2022-07-04 14:01:00,795,795,795,795,0
2022-07-04 14:02:00,795,795,795,795,0
2022-07-04 14:03:00,795,790,795,790,10700
2022-07-04 14:04:00,795,790,795,790,0
2022-07-04 14:05:00,795,790,795,790,0
2022-07-04 14:06:00,795,790,795,790,0
2022-07-04 14:07:00,785,785,785,785,0
2022-07-04 14:08:00,785,785,785,785,0
2022-07-04 14:09:00,785,785,785,785,0
2022-07-04 14:10:00,790,790,790,790,300
2022-07-04 14:11:00,790,790,790,790,0
2022-07-04 14:12:00,790,790,790,790,0
2022-07-04 14:13:00,790,790,790,790,0
2022-07-04 14:14:00,790,790,790,790,0
2022-07-04 14:15:00,790,790,790,790,0
2022-07-04 14:16:00,790,790,790,790,0
2022-07-04 14:17:00,790,790,790,790,0
2022-07-04 14:18:00,790,790,790,790,0
2022-07-04 14:19:00,790,790,790,790,0
2022-07-04 14:20:00,790,790,790,790,1900
2022-07-04 14:21:00,790,790,790,790,0
2022-07-04 14:22:00,790,790,790,790,0
2022-07-04 14:23:00,790,790,790,790,0
2022-07-04 14:24:00,790,790,790,790,0
2022-07-04 14:25:00,790,790,790,790,0
2022-07-04 14:26:00,790,790,790,790,0
2022-07-04 14:27:00,790,790,790,790,0
2022-07-04 14:28:00,790,790,790,790,0
2022-07-04 14:29:00,790,790,790,790,0
2022-07-04 14:30:00,790,790,790,790,0
2022-07-04 14:31:00,790,790,790,790,0
2022-07-04 14:32:00,790,790,790,790,0
2022-07-04 14:33:00,785,785,785,785,0
2022-07-04 14:34:00,785,785,785,785,0
2022-07-04 14:35:00,785,785,785,785,0
2022-07-04 14:36:00,785,785,785,785,0
2022-07-04 14:37:00,785,785,785,785,0
2022-07-04 14:38:00,785,785,785,785,0
2022-07-04 14:39:00,785,785,785,785,2200
2022-07-04 14:40:00,785,785,785,785,0
2022-07-04 14:41:00,785,785,785,785,0
2022-07-04 14:42:00,785,785,785,785,0
2022-07-04 14:43:00,785,780,785,780,5100
2022-07-04 14:44:00,780,780,780,780,8200
2022-07-04 14:45:00,780,780,780,780,0
2022-07-04 14:46:00,780,780,780,780,0
2022-07-04 14:47:00,785,785,785,785,0
2022-07-04 14:48:00,785,785,785,785,200
2022-07-04 14:49:00,790,790,790,790,0
2022-07-04 14:50:00,790,790,790,790,0
2022-07-04 14:51:00,790,790,790,790,0
2022-07-04 14:52:00,790,790,790,790,0
2022-07-04 14:53:00,790,790,790,790,0
2022-07-04 14:54:00,790,790,790,790,0
2022-07-04 14:55:00,790,790,790,790,0
2022-07-04 14:56:00,790,790,790,790,0
2022-07-04 14:57:00,790,790,790,790,0
2022-07-04 14:58:00,790,790,790,790,0
2022-07-04 14:59:00,790,790,790,790,0
2022-07-04 15:00:00,790,790,790,790,100200
2022-07-04 15:01:00,790,790,790,790,0
2022-07-04 15:02:00,790,790,790,790,0
2022-07-04 15:03:00,790,790,790,790,0
2022-07-04 15:04:00,790,790,790,790,0
2022-07-04 15:05:00,790,790,790,790,0
2022-07-04 15:06:00,790,790,790,790,0
2022-07-04 15:07:00,790,790,790,790,0
2022-07-04 15:08:00,790,790,790,790,0
2022-07-04 15:09:00,790,790,790,790,0
2022-07-04 15:10:00,790,790,790,790,0
2022-07-04 15:11:00,790,790,790,790,0
2022-07-04 15:12:00,790,790,790,790,0
2022-07-04 15:13:00,790,790,790,790,0
2022-07-04 15:14:00,790,790,790,790,600
2022-07-04 15:15:00,790,790,790,790,0
2022-07-04 15:16:00,790,790,790,790,0
2022-07-04 15:17:00,790,790,790,790,0
2022-07-04 15:18:00,790,790,790,790,0
2022-07-04 15:19:00,790,790,790,790,0
2022-07-04 15:20:00,790,790,790,790,0
2022-07-04 15:21:00,790,790,790,790,0
2022-07-04 15:22:00,790,790,790,790,0
2022-07-04 15:23:00,790,790,790,790,0
2022-07-04 15:24:00,790,790,790,790,0
2022-07-04 15:25:00,790,790,790,790,0
2022-07-04 15:26:00,790,790,790,790,0
2022-07-04 15:27:00,790,790,790,790,0
2022-07-04 15:28:00,790,790,790,790,0
2022-07-04 15:29:00,790,790,790,790,0
2022-07-04 15:30:00,790,790,790,790,0
2022-07-04 15:31:00,790,790,790,790,0
2022-07-04 15:32:00,790,790,790,790,0
2022-07-04 15:33:00,790,790,790,790,0
2022-07-04 15:34:00,790,790,790,790,0
2022-07-04 15:35:00,790,790,790,790,0
2022-07-04 15:36:00,790,790,790,790,0
2022-07-04 15:37:00,790,790,790,790,0
2022-07-04 15:38:00,790,790,790,790,0
2022-07-04 15:39:00,790,790,790,790,0
2022-07-04 15:40:00,790,790,790,790,0
2022-07-04 15:41:00,790,790,790,790,0
2022-07-04 15:42:00,790,790,790,790,0
2022-07-04 15:43:00,790,790,790,790,0
2022-07-04 15:44:00,790,790,790,790,0
2022-07-04 15:45:00,790,790,790,790,0
2022-07-04 15:46:00,790,790,790,790,0
2022-07-04 15:47:00,790,790,790,790,0
2022-07-04 15:48:00,790,790,790,790,0
2022-07-04 15:49:00,790,790,790,790,0
2022-07-04 15:50:00,790,790,790,790,0
2022-07-04 15:51:00,790,790,790,790,0
2022-07-04 15:52:00,790,790,790,790,0
2022-07-04 15:53:00,790,790,790,790,0
2022-07-04 15:54:00,790,790,790,790,0
2022-07-04 15:55:00,790,790,790,790,0
2022-07-04 15:56:00,790,790,790,790,0
2022-07-04 15:57:00,790,790,790,790,0
2022-07-04 15:58:00,790,790,790,790,0
2022-07-04 15:59:00,790,790,790,790,0
2022-07-05 09:00:00,790,790,790,790,0
2022-07-05 09:01:00,790,775,790,775,3800
2022-07-05 09:02:00,790,775,790,775,0
2022-07-05 09:03:00,790,775,790,775,0
2022-07-05 09:04:00,790,775,790,775,0
2022-07-05 09:05:00,790,775,790,775,0
2022-07-05 09:06:00,790,775,790,775,0
2022-07-05 09:07:00,790,775,790,775,0
2022-07-05 09:08:00,790,775,790,775,0
2022-07-05 09:09:00,790,775,790,775,0
2022-07-05 09:10:00,790,775,790,775,0
2022-07-05 09:11:00,790,775,790,775,0
2022-07-05 09:12:00,790,790,790,790,5700
2022-07-05 09:13:00,790,790,790,790,0
2022-07-05 09:14:00,785,780,785,780,29200
2022-07-05 09:15:00,780,775,780,775,25300
2022-07-05 09:16:00,780,780,780,780,0
2022-07-05 09:17:00,780,780,780,780,0
2022-07-05 09:18:00,780,780,780,780,0
2022-07-05 09:19:00,780,780,780,780,0
2022-07-05 09:20:00,780,770,785,770,126700
2022-07-05 09:21:00,780,770,785,770,0
2022-07-05 09:22:00,780,770,785,770,0
2022-07-05 09:23:00,785,785,785,785,0
2022-07-05 09:24:00,785,785,790,790,600
2022-07-05 09:25:00,790,790,790,790,1600
2022-07-05 09:26:00,790,790,790,790,300
2022-07-05 09:27:00,790,790,790,790,0
2022-07-05 09:28:00,790,790,790,790,0
2022-07-05 09:29:00,785,785,785,785,0
2022-07-05 09:30:00,785,785,785,785,0
2022-07-05 09:31:00,785,785,785,785,0
2022-07-05 09:32:00,785,785,785,785,0
2022-07-05 09:33:00,785,785,785,785,0
2022-07-05 09:34:00,785,785,785,785,0
2022-07-05 09:35:00,785,785,785,785,0
2022-07-05 09:36:00,785,770,785,770,25600
2022-07-05 09:37:00,790,760,790,760,165000
2022-07-05 09:38:00,790,760,790,760,0
2022-07-05 09:39:00,790,760,790,760,0
2022-07-05 09:40:00,790,760,790,760,0
2022-07-05 09:41:00,790,760,790,760,0
2022-07-05 09:42:00,790,760,790,760,0
2022-07-05 09:43:00,790,760,790,760,0
2022-07-05 09:44:00,765,765,765,765,0
2022-07-05 09:45:00,765,765,765,765,0
2022-07-05 09:46:00,765,765,765,765,0
2022-07-05 09:47:00,765,765,765,765,0
2022-07-05 09:48:00,765,765,765,765,0
2022-07-05 09:49:00,765,765,765,765,0
2022-07-05 09:50:00,765,765,765,765,0
2022-07-05 09:51:00,765,765,765,765,0
2022-07-05 09:52:00,765,765,765,765,0
2022-07-05 09:53:00,770,770,770,770,300
2022-07-05 09:54:00,770,770,770,770,0
2022-07-05 09:55:00,770,770,770,770,0
2022-07-05 09:56:00,775,775,775,775,100
2022-07-05 09:57:00,780,780,780,780,22200
2022-07-05 09:58:00,780,780,780,780,0
2022-07-05 09:59:00,780,780,780,780,0
2022-07-05 10:00:00,780,780,780,780,100
2022-07-05 10:01:00,780,780,780,780,0
2022-07-05 10:02:00,780,780,780,780,2000
2022-07-05 10:03:00,775,775,775,775,0
2022-07-05 10:04:00,775,775,775,775,0
2022-07-05 10:05:00,775,775,775,775,2100
2022-07-05 10:06:00,775,775,775,775,0
2022-07-05 10:07:00,775,775,775,775,2300
2022-07-05 10:08:00,775,770,775,770,400
2022-07-05 10:09:00,775,770,775,770,0
2022-07-05 10:10:00,775,770,775,770,0
2022-07-05 10:11:00,775,775,775,775,0
2022-07-05 10:12:00,775,775,775,775,0
2022-07-05 10:13:00,775,775,775,775,0
2022-07-05 10:14:00,775,775,775,775,0
2022-07-05 10:15:00,775,775,775,775,3500
2022-07-05 10:16:00,775,775,775,775,0
2022-07-05 10:17:00,775,775,775,775,600
2022-07-05 10:18:00,775,775,775,775,0
2022-07-05 10:19:00,775,775,775,775,0
2022-07-05 10:20:00,775,775,775,775,0
2022-07-05 10:21:00,775,775,775,775,0
2022-07-05 10:22:00,775,775,775,775,0
2022-07-05 10:23:00,775,775,775,775,0
2022-07-05 10:24:00,775,775,775,775,0
2022-07-05 10:25:00,775,775,775,775,500
2022-07-05 10:26:00,770,770,775,775,12100
2022-07-05 10:27:00,770,770,775,775,0
2022-07-05 10:28:00,770,770,775,775,0
2022-07-05 10:29:00,775,775,775,775,0
2022-07-05 10:30:00,775,775,775,775,0
2022-07-05 10:31:00,775,775,775,775,0
2022-07-05 10:32:00,775,775,775,775,0
2022-07-05 10:33:00,775,775,775,775,0
2022-07-05 10:34:00,775,775,775,775,1400
2022-07-05 10:35:00,775,775,775,775,0
2022-07-05 10:36:00,775,775,775,775,0
2022-07-05 10:37:00,775,775,775,775,0
2022-07-05 10:38:00,775,775,775,775,0
2022-07-05 10:39:00,775,775,775,775,900
2022-07-05 10:40:00,775,775,775,775,0
2022-07-05 10:41:00,775,775,775,775,0
2022-07-05 10:42:00,775,775,775,775,0
2022-07-05 10:43:00,775,775,775,775,0
2022-07-05 10:44:00,775,775,775,775,0
2022-07-05 10:45:00,775,775,775,775,0
2022-07-05 10:46:00,775,775,775,775,0
2022-07-05 10:47:00,775,775,775,775,0
2022-07-05 10:48:00,775,775,775,775,0
2022-07-05 10:49:00,775,775,775,775,0
2022-07-05 10:50:00,775,775,775,775,28800
2022-07-05 10:51:00,775,775,775,775,0
2022-07-05 10:52:00,775,775,775,775,0
2022-07-05 10:53:00,775,775,775,775,0
2022-07-05 10:54:00,775,775,775,775,0
2022-07-05 10:55:00,775,775,775,775,0
2022-07-05 10:56:00,775,775,775,775,0
2022-07-05 10:57:00,775,775,775,775,900
2022-07-05 10:58:00,775,775,775,775,0
2022-07-05 10:59:00,775,775,775,775,12500
2022-07-05 11:00:00,775,775,775,775,5400
2022-07-05 11:01:00,775,775,775,775,0
2022-07-05 11:02:00,775,775,775,775,0
2022-07-05 11:03:00,770,770,770,770,0
2022-07-05 11:04:00,770,770,770,770,0
2022-07-05 11:05:00,770,770,770,770,900
2022-07-05 11:06:00,770,770,770,770,10700
2022-07-05 11:07:00,780,770,780,770,4300
2022-07-05 11:08:00,780,770,780,770,0
2022-07-05 11:09:00,780,770,780,770,0
2022-07-05 11:10:00,780,770,780,770,0
2022-07-05 11:11:00,780,770,780,770,0
2022-07-05 11:12:00,780,770,780,770,0
2022-07-05 11:13:00,775,775,775,775,100
2022-07-05 11:14:00,775,775,775,775,0
2022-07-05 11:15:00,775,775,775,775,0
2022-07-05 11:16:00,775,775,775,775,0
2022-07-05 11:17:00,775,775,775,775,0
2022-07-05 11:18:00,775,775,775,775,0
2022-07-05 11:19:00,775,775,775,775,0
2022-07-05 11:20:00,775,775,775,775,0
2022-07-05 11:21:00,775,775,775,775,0
2022-07-05 11:22:00,775,775,775,775,0
2022-07-05 11:23:00,775,775,775,775,0
2022-07-05 11:24:00,775,775,775,775,0
2022-07-05 11:25:00,775,775,775,775,0
2022-07-05 11:26:00,775,775,775,775,0
2022-07-05 11:27:00,775,775,775,775,0
2022-07-05 11:28:00,775,775,775,775,0
2022-07-05 11:29:00,775,775,775,775,0
2022-07-05 11:30:00,775,775,775,775,0
2022-07-05 11:31:00,775,775,775,775,0
2022-07-05 11:32:00,775,775,775,775,0
2022-07-05 11:33:00,775,775,775,775,0
2022-07-05 11:34:00,775,775,775,775,0
2022-07-05 11:35:00,775,775,775,775,0
2022-07-05 11:36:00,775,775,775,775,0
2022-07-05 11:37:00,775,775,775,775,0
2022-07-05 11:38:00,775,775,775,775,0
2022-07-05 11:39:00,775,775,775,775,0
2022-07-05 11:40:00,775,775,775,775,0
2022-07-05 11:41:00,775,775,775,775,0
2022-07-05 11:42:00,775,775,775,775,0
2022-07-05 11:43:00,775,775,775,775,0
2022-07-05 11:44:00,775,775,775,775,0
2022-07-05 11:45:00,775,775,775,775,0
2022-07-05 11:46:00,775,775,775,775,0
2022-07-05 11:47:00,775,775,775,775,0
2022-07-05 11:48:00,775,775,775,775,0
2022-07-05 11:49:00,775,775,775,775,0
2022-07-05 11:50:00,775,775,775,775,0
2022-07-05 11:51:00,775,775,775,775,0
2022-07-05 11:52:00,775,775,775,775,0
2022-07-05 11:53:00,775,775,775,775,0
2022-07-05 11:54:00,775,775,775,775,0
2022-07-05 11:55:00,775,775,775,775,0
2022-07-05 11:56:00,775,775,775,775,0
2022-07-05 11:57:00,775,775,775,775,0
2022-07-05 11:58:00,775,775,775,775,0
2022-07-05 11:59:00,775,775,775,775,0
2022-07-05 12:00:00,775,775,775,775,0
2022-07-05 12:01:00,775,775,775,775,0
2022-07-05 12:02:00,775,775,775,775,0
2022-07-05 12:03:00,775,775,775,775,0
2022-07-05 12:04:00,775,775,775,775,0
2022-07-05 12:05:00,775,775,775,775,0
2022-07-05 12:06:00,775,775,775,775,0
2022-07-05 12:07:00,775,775,775,775,0
2022-07-05 12:08:00,775,775,775,775,0
2022-07-05 12:09:00,775,775,775,775,0
2022-07-05 12:10:00,775,775,775,775,0
2022-07-05 12:11:00,775,775,775,775,0
2022-07-05 12:12:00,775,775,775,775,0
2022-07-05 12:13:00,775,775,775,775,0
2022-07-05 12:14:00,775,775,775,775,0
2022-07-05 12:15:00,775,775,775,775,0
2022-07-05 12:16:00,775,775,775,775,0
2022-07-05 12:17:00,775,775,775,775,0
2022-07-05 12:18:00,775,775,775,775,0
2022-07-05 12:19:00,775,775,775,775,0
2022-07-05 12:20:00,775,775,775,775,0
2022-07-05 12:21:00,775,775,775,775,0
2022-07-05 12:22:00,775,775,775,775,0
2022-07-05 12:23:00,775,775,775,775,0
2022-07-05 12:24:00,775,775,775,775,0
2022-07-05 12:25:00,775,775,775,775,0
2022-07-05 12:26:00,775,775,775,775,0
2022-07-05 12:27:00,775,775,775,775,0
2022-07-05 12:28:00,775,775,775,775,0
2022-07-05 12:29:00,775,775,775,775,0
2022-07-05 12:30:00,775,775,775,775,0
2022-07-05 12:31:00,775,775,775,775,0
2022-07-05 12:32:00,775,775,775,775,0
2022-07-05 12:33:00,775,775,775,775,0
2022-07-05 12:34:00,775,775,775,775,0
2022-07-05 12:35:00,775,775,775,775,0
2022-07-05 12:36:00,775,775,775,775,0
2022-07-05 12:37:00,775,775,775,775,0
2022-07-05 12:38:00,775,775,775,775,0
2022-07-05 12:39:00,775,775,775,775,0
2022-07-05 12:40:00,775,775,775,775,0
2022-07-05 12:41:00,775,775,775,775,0
2022-07-05 12:42:00,775,775,775,775,0
2022-07-05 12:43:00,775,775,775,775,0
2022-07-05 12:44:00,775,775,775,775,0
2022-07-05 12:45:00,775,775,775,775,0
2022-07-05 12:46:00,775,775,775,775,0
2022-07-05 12:47:00,775,775,775,775,0
2022-07-05 12:48:00,775,775,775,775,0
2022-07-05 12:49:00,775,775,775,775,0
2022-07-05 12:50:00,775,775,775,775,0
2022-07-05 12:51:00,775,775,775,775,0
2022-07-05 12:52:00,775,775,775,775,0
2022-07-05 12:53:00,775,775,775,775,0
2022-07-05 12:54:00,775,775,775,775,0
2022-07-05 12:55:00,775,775,775,775,0
2022-07-05 12:56:00,775,775,775,775,0
2022-07-05 12:57:00,775,775,775,775,0
2022-07-05 12:58:00,775,775,775,775,0
2022-07-05 12:59:00,775,775,775,775,0
2022-07-05 13:00:00,775,775,775,775,0
2022-07-05 13:01:00,775,775,775,775,0
2022-07-05 13:02:00,775,775,775,775,0
2022-07-05 13:03:00,775,775,775,775,0
2022-07-05 13:04:00,775,775,775,775,0
2022-07-05 13:05:00,775,775,775,775,0
2022-07-05 13:06:00,775,775,775,775,0
2022-07-05 13:07:00,775,775,775,775,0
2022-07-05 13:08:00,775,775,775,775,0
2022-07-05 13:09:00,775,775,775,775,0
2022-07-05 13:10:00,775,775,775,775,0
2022-07-05 13:11:00,775,775,775,775,0
2022-07-05 13:12:00,775,775,775,775,0
2022-07-05 13:13:00,775,775,775,775,0
2022-07-05 13:14:00,775,775,775,775,0
2022-07-05 13:15:00,775,775,775,775,0
2022-07-05 13:16:00,775,775,775,775,0
2022-07-05 13:17:00,775,775,775,775,0
2022-07-05 13:18:00,775,775,775,775,0
2022-07-05 13:19:00,775,775,775,775,0
2022-07-05 13:20:00,775,775,775,775,0
2022-07-05 13:21:00,775,775,775,775,0
2022-07-05 13:22:00,775,775,775,775,0
2022-07-05 13:23:00,775,775,775,775,0
2022-07-05 13:24:00,775,775,775,775,0
2022-07-05 13:25:00,775,775,775,775,0
2022-07-05 13:26:00,775,775,775,775,0
2022-07-05 13:27:00,775,775,775,775,0
2022-07-05 13:28:00,775,775,775,775,0
2022-07-05 13:29:00,775,775,775,775,0
2022-07-05 13:30:00,780,775,780,775,19600
2022-07-05 13:31:00,780,780,780,780,346200
2022-07-05 13:32:00,780,780,785,785,311000
2022-07-05 13:33:00,785,785,785,785,12900
2022-07-05 13:34:00,785,780,785,780,9600
2022-07-05 13:35:00,780,780,780,780,0
2022-07-05 13:36:00,780,780,780,780,1700
2022-07-05 13:37:00,780,780,780,780,0
2022-07-05 13:38:00,775,775,775,775,8700
2022-07-05 13:39:00,775,775,775,775,0
2022-07-05 13:40:00,775,770,775,770,37200
2022-07-05 13:41:00,770,770,770,770,0
2022-07-05 13:42:00,770,770,770,770,800
2022-07-05 13:43:00,770,770,770,770,0
2022-07-05 13:44:00,770,770,770,770,500
2022-07-05 13:45:00,765,765,770,765,14900
2022-07-05 13:46:00,770,765,770,765,300
2022-07-05 13:47:00,775,775,775,775,100
2022-07-05 13:48:00,780,770,780,770,3400
2022-07-05 13:49:00,780,770,780,770,0
2022-07-05 13:50:00,780,770,780,770,0
2022-07-05 13:51:00,775,775,775,775,400
2022-07-05 13:52:00,775,775,775,775,33200
2022-07-05 13:53:00,780,780,780,780,6200
2022-07-05 13:54:00,780,780,780,780,100
2022-07-05 13:55:00,780,780,785,785,16300
2022-07-05 13:56:00,775,775,775,775,0
2022-07-05 13:57:00,775,775,775,775,0
2022-07-05 13:58:00,775,775,775,775,0
2022-07-05 13:59:00,775,775,775,775,400
2022-07-05 14:00:00,775,775,775,775,0
2022-07-05 14:01:00,775,775,775,775,0
2022-07-05 14:02:00,775,775,775,775,0
2022-07-05 14:03:00,775,765,775,765,80000
2022-07-05 14:04:00,775,765,775,765,0
2022-07-05 14:05:00,775,765,775,765,0
2022-07-05 14:06:00,775,765,775,765,0
2022-07-05 14:07:00,775,765,775,765,0
2022-07-05 14:08:00,775,765,775,765,0
2022-07-05 14:09:00,780,780,780,780,200
2022-07-05 14:10:00,780,780,780,780,0
2022-07-05 14:11:00,780,780,780,780,0
2022-07-05 14:12:00,780,780,780,780,0
2022-07-05 14:13:00,780,780,780,780,200
2022-07-05 14:14:00,780,780,780,780,0
2022-07-05 14:15:00,780,780,780,780,0
2022-07-05 14:16:00,775,775,775,775,200
2022-07-05 14:17:00,775,775,775,775,0
2022-07-05 14:18:00,775,775,775,775,100
2022-07-05 14:19:00,775,775,775,775,0
2022-07-05 14:20:00,775,775,775,775,0
2022-07-05 14:21:00,775,775,775,775,0
2022-07-05 14:22:00,775,775,775,775,0
2022-07-05 14:23:00,770,770,770,770,1900
2022-07-05 14:24:00,765,765,765,765,500
2022-07-05 14:25:00,765,765,765,765,1100
2022-07-05 14:26:00,770,770,770,770,0
2022-07-05 14:27:00,770,770,770,770,100
2022-07-05 14:28:00,770,770,770,770,3000
2022-07-05 14:29:00,765,765,765,765,11400
2022-07-05 14:30:00,765,765,765,765,0
2022-07-05 14:31:00,765,765,765,765,0
2022-07-05 14:32:00,765,765,765,765,0
2022-07-05 14:33:00,765,755,765,755,125600
2022-07-05 14:34:00,755,755,755,755,1600
2022-07-05 14:35:00,760,760,760,760,3700
2022-07-05 14:36:00,760,760,760,760,0
2022-07-05 14:37:00,760,760,760,760,0
2022-07-05 14:38:00,760,760,760,760,0
2022-07-05 14:39:00,760,760,760,760,0
2022-07-05 14:40:00,760,760,760,760,0
2022-07-05 14:41:00,760,760,760,760,0
2022-07-05 14:42:00,760,760,760,760,0
2022-07-05 14:43:00,760,760,760,760,37300
2022-07-05 14:44:00,760,760,760,760,0
2022-07-05 14:45:00,765,765,770,765,8100
2022-07-05 14:46:00,765,765,765,765,0
2022-07-05 14:47:00,760,760,760,760,12700
2022-07-05 14:48:00,765,765,765,765,0
2022-07-05 14:49:00,765,765,765,765,0
2022-07-05 14:50:00,765,765,765,765,0
2022-07-05 14:51:00,765,765,765,765,0
2022-07-05 14:52:00,765,765,765,765,0
2022-07-05 14:53:00,765,765,765,765,0
2022-07-05 14:54:00,765,765,765,765,0
2022-07-05 14:55:00,765,765,765,765,0
2022-07-05 14:56:00,765,765,765,765,0
2022-07-05 14:57:00,765,765,765,765,0
2022-07-05 14:58:00,765,765,765,765,0
2022-07-05 14:59:00,765,765,765,765,0
2022-07-05 15:00:00,765,765,765,765,7700
2022-07-05 15:01:00,765,765,765,765,0
2022-07-05 15:02:00,765,765,765,765,6200
2022-07-05 15:03:00,765,765,765,765,4500
2022-07-05 15:04:00,765,765,765,765,0
2022-07-05 15:05:00,765,765,765,765,0
2022-07-05 15:06:00,765,765,765,765,0
2022-07-05 15:07:00,765,765,765,765,0
2022-07-05 15:08:00,765,765,765,765,0
2022-07-05 15:09:00,765,765,765,765,0
2022-07-05 15:10:00,765,765,765,765,0
2022-07-05 15:11:00,765,765,765,765,0
2022-07-05 15:12:00,765,765,765,765,0
2022-07-05 15:13:00,765,765,765,765,0
2022-07-05 15:14:00,765,765,765,765,0
2022-07-05 15:15:00,765,765,765,765,0
2022-07-05 15:16:00,765,765,765,765,0
2022-07-05 15:17:00,765,765,765,765,0
2022-07-05 15:18:00,765,765,765,765,0
2022-07-05 15:19:00,765,765,765,765,0
2022-07-05 15:20:00,765,765,765,765,0
2022-07-05 15:21:00,765,765,765,765,0
2022-07-05 15:22:00,765,765,765,765,0
2022-07-05 15:23:00,765,765,765,765,0
2022-07-05 15:24:00,765,765,765,765,0
2022-07-05 15:25:00,765,765,765,765,0
2022-07-05 15:26:00,765,765,765,765,0
2022-07-05 15:27:00,765,765,765,765,0
2022-07-05 15:28:00,765,765,765,765,0
2022-07-05 15:29:00,765,765,765,765,0
2022-07-05 15:30:00,765,765,765,765,0
2022-07-05 15:31:00,765,765,765,765,0
2022-07-05 15:32:00,765,765,765,765,0
2022-07-05 15:33:00,765,765,765,765,0
2022-07-05 15:34:00,765,765,765,765,0
2022-07-05 15:35:00,765,765,765,765,0
2022-07-05 15:36:00,765,765,765,765,0
2022-07-05 15:37:00,765,765,765,765,0
2022-07-05 15:38:00,765,765,765,765,0
2022-07-05 15:39:00,765,765,765,765,0
2022-07-05 15:40:00,765,765,765,765,0
2022-07-05 15:41:00,765,765,765,765,0
2022-07-05 15:42:00,765,765,765,765,0
2022-07-05 15:43:00,765,765,765,765,0
2022-07-05 15:44:00,765,765,765,765,0
2022-07-05 15:45:00,765,765,765,765,0
2022-07-05 15:46:00,765,765,765,765,0
2022-07-05 15:47:00,765,765,765,765,0
2022-07-05 15:48:00,765,765,765,765,0
2022-07-05 15:49:00,765,765,765,765,0
2022-07-05 15:50:00,765,765,765,765,0
2022-07-05 15:51:00,765,765,765,765,0
2022-07-05 15:52:00,765,765,765,765,0
2022-07-05 15:53:00,765,765,765,765,0
2022-07-05 15:54:00,765,765,765,765,0
2022-07-05 15:55:00,765,765,765,765,0
2022-07-05 15:56:00,765,765,765,765,0
2022-07-05 15:57:00,765,765,765,765,0
2022-07-05 15:58:00,765,765,765,765,0
2022-07-05 15:59:00,765,765,765,765,0
2022-07-06 09:00:00,765,765,765,765,500
2022-07-06 09:01:00,765,765,765,765,0
2022-07-06 09:02:00,765,765,765,765,0
2022-07-06 09:03:00,765,765,765,765,900
2022-07-06 09:04:00,765,765,765,765,0
2022-07-06 09:05:00,765,765,765,765,0
2022-07-06 09:06:00,765,765,765,765,0
2022-07-06 09:07:00,765,765,765,765,0
2022-07-06 09:08:00,765,765,765,765,0
2022-07-06 09:09:00,765,765,765,765,300
2022-07-06 09:10:00,765,765,765,765,0
2022-07-06 09:11:00,765,765,765,765,4600
2022-07-06 09:12:00,770,770,780,780,15400
2022-07-06 09:13:00,785,785,790,790,10100
2022-07-06 09:14:00,790,790,790,790,0
2022-07-06 09:15:00,785,785,785,785,900
2022-07-06 09:16:00,785,785,785,785,500
2022-07-06 09:17:00,785,785,785,785,4000
2022-07-06 09:18:00,785,785,785,785,0
2022-07-06 09:19:00,785,785,785,785,0
2022-07-06 09:20:00,785,785,785,785,0
2022-07-06 09:21:00,780,780,780,780,0
2022-07-06 09:22:00,780,780,780,780,0
2022-07-06 09:23:00,780,780,780,780,0
2022-07-06 09:24:00,780,780,780,780,0
2022-07-06 09:25:00,780,780,780,780,0
2022-07-06 09:26:00,780,780,780,780,0
2022-07-06 09:27:00,780,780,780,780,0
2022-07-06 09:28:00,780,780,780,780,0
2022-07-06 09:29:00,780,780,780,780,0
2022-07-06 09:30:00,780,780,780,780,0
2022-07-06 09:31:00,780,780,780,780,12800
2022-07-06 09:32:00,780,780,780,780,0
2022-07-06 09:33:00,780,780,780,780,2200
2022-07-06 09:34:00,780,780,780,780,0
2022-07-06 09:35:00,780,780,780,780,0
2022-07-06 09:36:00,780,780,780,780,0
2022-07-06 09:37:00,780,780,780,780,0
2022-07-06 09:38:00,780,780,780,780,0
2022-07-06 09:39:00,780,780,780,780,0
2022-07-06 09:40:00,780,780,780,780,0
2022-07-06 09:41:00,780,780,780,780,200
2022-07-06 09:42:00,775,775,775,775,1000
2022-07-06 09:43:00,775,775,775,775,0
2022-07-06 09:44:00,775,775,775,775,0
2022-07-06 09:45:00,775,775,775,775,0
2022-07-06 09:46:00,775,775,775,775,0
2022-07-06 09:47:00,775,775,775,775,0
2022-07-06 09:48:00,775,775,775,775,0
2022-07-06 09:49:00,775,775,775,775,0
2022-07-06 09:50:00,780,780,780,780,100
2022-07-06 09:51:00,780,780,780,780,0
2022-07-06 09:52:00,770,760,770,760,49700
2022-07-06 09:53:00,770,760,770,760,0
2022-07-06 09:54:00,770,760,770,760,0
2022-07-06 09:55:00,770,760,770,760,0
2022-07-06 09:56:00,770,760,770,760,0
2022-07-06 09:57:00,765,765,765,765,2000
2022-07-06 09:58:00,765,765,765,765,0
2022-07-06 09:59:00,765,765,765,765,0
2022-07-06 10:00:00,765,765,765,765,0
2022-07-06 10:01:00,765,765,765,765,0
2022-07-06 10:02:00,765,765,765,765,0
2022-07-06 10:03:00,765,765,765,765,0
2022-07-06 10:04:00,765,765,775,775,900
2022-07-06 10:05:00,765,765,775,775,0
2022-07-06 10:06:00,765,765,775,775,0
2022-07-06 10:07:00,765,765,775,775,0
2022-07-06 10:08:00,765,765,775,775,0
2022-07-06 10:09:00,765,765,775,775,0
2022-07-06 10:10:00,765,765,775,775,0
2022-07-06 10:11:00,765,765,775,775,0
2022-07-06 10:12:00,765,765,775,775,0
2022-07-06 10:13:00,765,765,775,775,0
2022-07-06 10:14:00,765,765,775,775,0
2022-07-06 10:15:00,765,765,775,775,0
2022-07-06 10:16:00,765,765,765,765,137800
2022-07-06 10:17:00,765,765,765,765,512200
2022-07-06 10:18:00,765,765,765,765,0
2022-07-06 10:19:00,770,770,775,775,153700
2022-07-06 10:20:00,770,770,775,775,0
2022-07-06 10:21:00,770,770,775,775,0
2022-07-06 10:22:00,770,770,775,775,0
2022-07-06 10:23:00,770,770,775,775,0
2022-07-06 10:24:00,770,770,775,775,0
2022-07-06 10:25:00,770,770,775,775,0
2022-07-06 10:26:00,770,770,775,775,0
2022-07-06 10:27:00,770,770,770,770,2000
2022-07-06 10:28:00,770,770,770,770,0
2022-07-06 10:29:00,770,770,770,770,0
2022-07-06 10:30:00,770,770,770,770,0
2022-07-06 10:31:00,770,770,770,770,0
2022-07-06 10:32:00,780,780,780,780,2400
2022-07-06 10:33:00,780,780,780,780,0
2022-07-06 10:34:00,780,780,780,780,0
2022-07-06 10:35:00,780,780,780,780,0
2022-07-06 10:36:00,775,775,775,775,0
2022-07-06 10:37:00,775,775,775,775,0
2022-07-06 10:38:00,775,775,775,775,210200
2022-07-06 10:39:00,775,775,775,775,249500
2022-07-06 10:40:00,775,775,780,780,245000
2022-07-06 10:41:00,780,780,780,780,3800
2022-07-06 10:42:00,780,780,780,780,5400
2022-07-06 10:43:00,780,780,780,780,0
2022-07-06 10:44:00,780,780,780,780,0
2022-07-06 10:45:00,775,775,775,775,4200
2022-07-06 10:46:00,775,775,775,775,0
2022-07-06 10:47:00,775,775,775,775,0
2022-07-06 10:48:00,775,775,775,775,0
2022-07-06 10:49:00,775,775,775,775,0
2022-07-06 10:50:00,775,775,775,775,0
2022-07-06 10:51:00,775,775,775,775,0
2022-07-06 10:52:00,770,770,770,770,1400
2022-07-06 10:53:00,770,770,770,770,0
2022-07-06 10:54:00,770,770,770,770,0
2022-07-06 10:55:00,770,770,770,770,0
2022-07-06 10:56:00,770,770,770,770,1300
2022-07-06 10:57:00,770,770,770,770,0
2022-07-06 10:58:00,770,770,770,770,0
2022-07-06 10:59:00,770,770,770,770,0
2022-07-06 11:00:00,770,770,770,770,0
2022-07-06 11:01:00,770,770,770,770,0
2022-07-06 11:02:00,770,770,770,770,0
2022-07-06 11:03:00,775,775,775,775,1100
2022-07-06 11:04:00,775,775,775,775,0
2022-07-06 11:05:00,775,775,775,775,0
2022-07-06 11:06:00,775,775,775,775,0
2022-07-06 11:07:00,775,775,775,775,200
2022-07-06 11:08:00,775,775,775,775,0
2022-07-06 11:09:00,775,775,775,775,0
2022-07-06 11:10:00,770,770,770,770,0
2022-07-06 11:11:00,770,770,770,770,0
2022-07-06 11:12:00,775,775,775,775,900
2022-07-06 11:13:00,775,775,780,780,6600
2022-07-06 11:14:00,785,785,785,785,0
2022-07-06 11:15:00,785,785,785,785,0
2022-07-06 11:16:00,785,785,785,785,0
2022-07-06 11:17:00,785,785,785,785,600
2022-07-06 11:18:00,785,785,785,785,0
2022-07-06 11:19:00,785,785,785,785,0
2022-07-06 11:20:00,785,785,785,785,0
2022-07-06 11:21:00,785,785,785,785,900
2022-07-06 11:22:00,785,785,785,785,100
2022-07-06 11:23:00,785,785,785,785,100
2022-07-06 11:24:00,785,785,785,785,1100
2022-07-06 11:25:00,785,770,785,770,10400
2022-07-06 11:26:00,785,770,785,770,0
2022-07-06 11:27:00,785,770,785,770,0
2022-07-06 11:28:00,785,770,785,770,0
2022-07-06 11:29:00,790,790,790,790,200
2022-07-06 11:30:00,790,790,790,790,0
2022-07-06 11:31:00,790,790,790,790,0
2022-07-06 11:32:00,790,790,790,790,0
2022-07-06 11:33:00,790,790,790,790,0
2022-07-06 11:34:00,790,790,790,790,0
2022-07-06 11:35:00,790,790,790,790,0
2022-07-06 11:36:00,790,790,790,790,0
2022-07-06 11:37:00,790,790,790,790,0
2022-07-06 11:38:00,790,790,790,790,0
2022-07-06 11:39:00,790,790,790,790,0
2022-07-06 11:40:00,790,790,790,790,0
2022-07-06 11:41:00,790,790,790,790,0
2022-07-06 11:42:00,790,790,790,790,0
2022-07-06 11:43:00,790,790,790,790,0
2022-07-06 11:44:00,790,790,790,790,0
2022-07-06 11:45:00,790,790,790,790,0
2022-07-06 11:46:00,790,790,790,790,0
2022-07-06 11:47:00,790,790,790,790,0
2022-07-06 11:48:00,790,790,790,790,0
2022-07-06 11:49:00,790,790,790,790,0
2022-07-06 11:50:00,790,790,790,790,0
2022-07-06 11:51:00,790,790,790,790,0
2022-07-06 11:52:00,790,790,790,790,0
2022-07-06 11:53:00,790,790,790,790,0
2022-07-06 11:54:00,790,790,790,790,0
2022-07-06 11:55:00,790,790,790,790,0
2022-07-06 11:56:00,790,790,790,790,0
2022-07-06 11:57:00,790,790,790,790,0
2022-07-06 11:58:00,790,790,790,790,0
2022-07-06 11:59:00,790,790,790,790,0
2022-07-06 12:00:00,790,790,790,790,0
2022-07-06 12:01:00,790,790,790,790,0
2022-07-06 12:02:00,790,790,790,790,0
2022-07-06 12:03:00,790,790,790,790,0
2022-07-06 12:04:00,790,790,790,790,0
2022-07-06 12:05:00,790,790,790,790,0
2022-07-06 12:06:00,790,790,790,790,0
2022-07-06 12:07:00,790,790,790,790,0
2022-07-06 12:08:00,790,790,790,790,0
2022-07-06 12:09:00,790,790,790,790,0
2022-07-06 12:10:00,790,790,790,790,0
2022-07-06 12:11:00,790,790,790,790,0
2022-07-06 12:12:00,790,790,790,790,0
2022-07-06 12:13:00,790,790,790,790,0
2022-07-06 12:14:00,790,790,790,790,0
2022-07-06 12:15:00,790,790,790,790,0
2022-07-06 12:16:00,790,790,790,790,0
2022-07-06 12:17:00,790,790,790,790,0
2022-07-06 12:18:00,790,790,790,790,0
2022-07-06 12:19:00,790,790,790,790,0
2022-07-06 12:20:00,790,790,790,790,0
2022-07-06 12:21:00,790,790,790,790,0
2022-07-06 12:22:00,790,790,790,790,0
2022-07-06 12:23:00,790,790,790,790,0
2022-07-06 12:24:00,790,790,790,790,0
2022-07-06 12:25:00,790,790,790,790,0
2022-07-06 12:26:00,790,790,790,790,0
2022-07-06 12:27:00,790,790,790,790,0
2022-07-06 12:28:00,790,790,790,790,0
2022-07-06 12:29:00,790,790,790,790,0
2022-07-06 12:30:00,790,790,790,790,0
2022-07-06 12:31:00,790,790,790,790,0
2022-07-06 12:32:00,790,790,790,790,0
2022-07-06 12:33:00,790,790,790,790,0
2022-07-06 12:34:00,790,790,790,790,0
2022-07-06 12:35:00,790,790,790,790,0
2022-07-06 12:36:00,790,790,790,790,0
2022-07-06 12:37:00,790,790,790,790,0
2022-07-06 12:38:00,790,790,790,790,0
2022-07-06 12:39:00,790,790,790,790,0
2022-07-06 12:40:00,790,790,790,790,0
2022-07-06 12:41:00,790,790,790,790,0
2022-07-06 12:42:00,790,790,790,790,0
2022-07-06 12:43:00,790,790,790,790,0
2022-07-06 12:44:00,790,790,790,790,0
2022-07-06 12:45:00,790,790,790,790,0
2022-07-06 12:46:00,790,790,790,790,0
2022-07-06 12:47:00,790,790,790,790,0
2022-07-06 12:48:00,790,790,790,790,0
2022-07-06 12:49:00,790,790,790,790,0
2022-07-06 12:50:00,790,790,790,790,0
2022-07-06 12:51:00,790,790,790,790,0
2022-07-06 12:52:00,790,790,790,790,0
2022-07-06 12:53:00,790,790,790,790,0
2022-07-06 12:54:00,790,790,790,790,0
2022-07-06 12:55:00,790,790,790,790,0
2022-07-06 12:56:00,790,790,790,790,0
2022-07-06 12:57:00,790,790,790,790,0
2022-07-06 12:58:00,790,790,790,790,0
2022-07-06 12:59:00,790,790,790,790,0
2022-07-06 13:00:00,790,790,790,790,0
2022-07-06 13:01:00,790,790,790,790,0
2022-07-06 13:02:00,790,790,790,790,0
2022-07-06 13:03:00,790,790,790,790,0
2022-07-06 13:04:00,790,790,790,790,0
2022-07-06 13:05:00,790,790,790,790,0
2022-07-06 13:06:00,790,790,790,790,0
2022-07-06 13:07:00,790,790,790,790,0
2022-07-06 13:08:00,790,790,790,790,0
2022-07-06 13:09:00,790,790,790,790,0
2022-07-06 13:10:00,790,790,790,790,0
2022-07-06 13:11:00,790,790,790,790,0
2022-07-06 13:12:00,790,790,790,790,0
2022-07-06 13:13:00,790,790,790,790,0
2022-07-06 13:14:00,790,790,790,790,0
2022-07-06 13:15:00,790,790,790,790,0
2022-07-06 13:16:00,790,790,790,790,0
2022-07-06 13:17:00,790,790,790,790,0
2022-07-06 13:18:00,790,790,790,790,0
2022-07-06 13:19:00,790,790,790,790,0
2022-07-06 13:20:00,790,790,790,790,0
2022-07-06 13:21:00,790,790,790,790,0
2022-07-06 13:22:00,790,790,790,790,0
2022-07-06 13:23:00,790,790,790,790,0
2022-07-06 13:24:00,790,790,790,790,0
2022-07-06 13:25:00,790,790,790,790,0
2022-07-06 13:26:00,790,790,790,790,0
2022-07-06 13:27:00,790,790,790,790,0
2022-07-06 13:28:00,790,790,790,790,0
2022-07-06 13:29:00,790,790,790,790,0
2022-07-06 13:30:00,790,790,790,790,1600
2022-07-06 13:31:00,790,790,790,790,0
2022-07-06 13:32:00,790,790,790,790,0
2022-07-06 13:33:00,790,790,790,790,0
2022-07-06 13:34:00,790,790,790,790,0
2022-07-06 13:35:00,790,790,790,790,0
2022-07-06 13:36:00,790,790,790,790,0
2022-07-06 13:37:00,790,790,790,790,0
2022-07-06 13:38:00,785,785,785,785,0
2022-07-06 13:39:00,785,785,785,785,400
2022-07-06 13:40:00,785,785,785,785,2000
2022-07-06 13:41:00,785,785,785,785,0
2022-07-06 13:42:00,785,785,785,785,0
2022-07-06 13:43:00,785,785,785,785,0
2022-07-06 13:44:00,785,785,785,785,0
2022-07-06 13:45:00,785,785,785,785,0
2022-07-06 13:46:00,785,785,785,785,0
2022-07-06 13:47:00,780,780,780,780,200
2022-07-06 13:48:00,775,775,775,775,100
2022-07-06 13:49:00,780,775,785,775,3600
2022-07-06 13:50:00,785,785,785,785,7500
2022-07-06 13:51:00,780,775,780,775,2400
2022-07-06 13:52:00,780,775,780,775,0
2022-07-06 13:53:00,780,775,780,775,0
2022-07-06 13:54:00,780,775,780,775,0
2022-07-06 13:55:00,780,775,780,775,0
2022-07-06 13:56:00,780,775,780,775,0
2022-07-06 13:57:00,780,775,780,775,0
2022-07-06 13:58:00,780,775,780,775,0
2022-07-06 13:59:00,780,775,780,775,0
2022-07-06 14:00:00,780,780,780,780,900
2022-07-06 14:01:00,780,780,780,780,0
2022-07-06 14:02:00,780,780,780,780,0
2022-07-06 14:03:00,780,775,780,775,4800
2022-07-06 14:04:00,770,770,770,770,0
2022-07-06 14:05:00,785,785,785,785,100
2022-07-06 14:06:00,785,785,785,785,7700
2022-07-06 14:07:00,785,785,785,785,12900
2022-07-06 14:08:00,785,785,785,785,0
2022-07-06 14:09:00,785,785,785,785,0
2022-07-06 14:10:00,785,785,785,785,0
2022-07-06 14:11:00,785,785,785,785,0
2022-07-06 14:12:00,785,785,785,785,4800
2022-07-06 14:13:00,785,785,785,785,0
2022-07-06 14:14:00,790,790,790,790,9800
2022-07-06 14:15:00,790,790,790,790,0
2022-07-06 14:16:00,790,790,790,790,0
2022-07-06 14:17:00,790,790,790,790,0
2022-07-06 14:18:00,790,790,790,790,600
2022-07-06 14:19:00,790,790,790,790,0
2022-07-06 14:20:00,790,790,790,790,0
2022-07-06 14:21:00,790,790,790,790,1100
2022-07-06 14:22:00,790,790,790,790,0
2022-07-06 14:23:00,790,790,790,790,0
2022-07-06 14:24:00,785,785,790,790,9400
2022-07-06 14:25:00,790,790,790,790,800
2022-07-06 14:26:00,790,790,790,790,9100
2022-07-06 14:27:00,790,790,790,790,0
2022-07-06 14:28:00,785,785,785,785,32800
2022-07-06 14:29:00,785,785,785,785,594800
2022-07-06 14:30:00,785,785,785,785,0
2022-07-06 14:31:00,785,785,785,785,0
2022-07-06 14:32:00,785,785,785,785,0
2022-07-06 14:33:00,785,785,785,785,0
2022-07-06 14:34:00,785,785,785,785,0
2022-07-06 14:35:00,785,785,785,785,0
2022-07-06 14:36:00,785,785,785,785,0
2022-07-06 14:37:00,785,785,785,785,0
2022-07-06 14:38:00,785,785,785,785,0
2022-07-06 14:39:00,785,785,785,785,0
2022-07-06 14:40:00,785,785,785,785,0
2022-07-06 14:41:00,785,785,785,785,0
2022-07-06 14:42:00,785,785,785,785,0
2022-07-06 14:43:00,785,785,785,785,0
2022-07-06 14:44:00,785,785,785,785,1600
2022-07-06 14:45:00,785,785,785,785,0
2022-07-06 14:46:00,780,780,780,780,5400
2022-07-06 14:47:00,785,780,785,780,55900
2022-07-06 14:48:00,780,780,780,780,0
2022-07-06 14:49:00,785,785,785,785,0
2022-07-06 14:50:00,785,785,785,785,0
2022-07-06 14:51:00,785,785,785,785,0
2022-07-06 14:52:00,785,785,785,785,0
2022-07-06 14:53:00,785,785,785,785,0
2022-07-06 14:54:00,785,785,785,785,0
2022-07-06 14:55:00,785,785,785,785,0
2022-07-06 14:56:00,785,785,785,785,0
2022-07-06 14:57:00,785,785,785,785,0
2022-07-06 14:58:00,785,785,785,785,0
2022-07-06 14:59:00,785,785,785,785,0
2022-07-06 15:00:00,780,780,780,780,350500
2022-07-06 15:01:00,780,780,780,780,200
2022-07-06 15:02:00,780,780,780,780,0
2022-07-06 15:03:00,780,780,780,780,0
2022-07-06 15:04:00,780,780,780,780,0
2022-07-06 15:05:00,780,780,780,780,0
2022-07-06 15:06:00,780,780,780,780,0
2022-07-06 15:07:00,780,780,780,780,400
2022-07-06 15:08:00,780,780,780,780,0
2022-07-06 15:09:00,780,780,780,780,0
2022-07-06 15:10:00,780,780,780,780,0
2022-07-06 15:11:00,780,780,780,780,0
2022-07-06 15:12:00,780,780,780,780,0
2022-07-06 15:13:00,780,780,780,780,0
2022-07-06 15:14:00,780,780,780,780,0
2022-07-06 15:15:00,780,780,780,780,0
2022-07-06 15:16:00,780,780,780,780,0
2022-07-06 15:17:00,780,780,780,780,0
2022-07-06 15:18:00,780,780,780,780,0
2022-07-06 15:19:00,780,780,780,780,0
2022-07-06 15:20:00,780,780,780,780,0
2022-07-06 15:21:00,780,780,780,780,0
2022-07-06 15:22:00,780,780,780,780,0
2022-07-06 15:23:00,780,780,780,780,0
2022-07-06 15:24:00,780,780,780,780,0
2022-07-06 15:25:00,780,780,780,780,0
2022-07-06 15:26:00,780,780,780,780,0
2022-07-06 15:27:00,780,780,780,780,0
2022-07-06 15:28:00,780,780,780,780,0
2022-07-06 15:29:00,780,780,780,780,0
2022-07-06 15:30:00,780,780,780,780,0
2022-07-06 15:31:00,780,780,780,780,0
2022-07-06 15:32:00,780,780,780,780,0
2022-07-06 15:33:00,780,780,780,780,0
2022-07-06 15:34:00,780,780,780,780,0
2022-07-06 15:35:00,780,780,780,780,0
2022-07-06 15:36:00,780,780,780,780,0
2022-07-06 15:37:00,780,780,780,780,0
2022-07-06 15:38:00,780,780,780,780,0
2022-07-06 15:39:00,780,780,780,780,0
2022-07-06 15:40:00,780,780,780,780,0
2022-07-06 15:41:00,780,780,780,780,0
2022-07-06 15:42:00,780,780,780,780,0
2022-07-06 15:43:00,780,780,780,780,0
2022-07-06 15:44:00,780,780,780,780,0
2022-07-06 15:45:00,780,780,780,780,0
2022-07-06 15:46:00,780,780,780,780,0
2022-07-06 15:47:00,780,780,780,780,0
2022-07-06 15:48:00,780,780,780,780,0
2022-07-06 15:49:00,780,780,780,780,0
2022-07-06 15:50:00,780,780,780,780,0
2022-07-06 15:51:00,780,780,780,780,0
2022-07-06 15:52:00,780,780,780,780,0
2022-07-06 15:53:00,780,780,780,780,0
2022-07-06 15:54:00,780,780,780,780,0
2022-07-06 15:55:00,780,780,780,780,0
2022-07-06 15:56:00,780,780,780,780,0
2022-07-06 15:57:00,780,780,780,780,0
2022-07-06 15:58:00,780,780,780,780,0
2022-07-06 15:59:00,780,780,780,780,0
2022-07-07 09:00:00,770,770,780,780,500
2022-07-07 09:01:00,790,780,790,780,1000
2022-07-07 09:02:00,790,780,790,780,0
2022-07-07 09:03:00,790,780,790,780,0
2022-07-07 09:04:00,790,780,790,780,0
2022-07-07 09:05:00,790,780,790,780,0
2022-07-07 09:06:00,790,780,790,780,0
2022-07-07 09:07:00,790,780,790,780,0
2022-07-07 09:08:00,780,780,780,780,15000
2022-07-07 09:09:00,780,780,780,780,0
2022-07-07 09:10:00,780,780,780,780,0
2022-07-07 09:11:00,785,785,785,785,200
2022-07-07 09:12:00,785,785,785,785,100
2022-07-07 09:13:00,785,785,785,785,0
2022-07-07 09:14:00,785,780,785,780,66100
2022-07-07 09:15:00,785,780,785,785,247100
2022-07-07 09:16:00,785,785,785,785,0
2022-07-07 09:17:00,785,785,785,785,1100
2022-07-07 09:18:00,785,785,785,785,0
2022-07-07 09:19:00,785,785,785,785,0
2022-07-07 09:20:00,785,785,785,785,0
2022-07-07 09:21:00,785,785,785,785,0
2022-07-07 09:22:00,785,785,785,785,0
2022-07-07 09:23:00,785,785,785,785,0
2022-07-07 09:24:00,785,785,785,785,0
2022-07-07 09:25:00,785,785,785,785,0
2022-07-07 09:26:00,785,785,785,785,0
2022-07-07 09:27:00,785,785,785,785,400
2022-07-07 09:28:00,785,785,785,785,0
2022-07-07 09:29:00,785,785,785,785,0
2022-07-07 09:30:00,785,785,785,785,0
2022-07-07 09:31:00,785,785,785,785,0
2022-07-07 09:32:00,785,785,785,785,0
2022-07-07 09:33:00,785,785,785,785,1000
2022-07-07 09:34:00,785,785,785,785,0
2022-07-07 09:35:00,785,785,785,785,0
2022-07-07 09:36:00,785,780,785,780,8500
2022-07-07 09:37:00,785,780,785,780,0
2022-07-07 09:38:00,785,780,785,780,0
2022-07-07 09:39:00,785,785,785,785,0
2022-07-07 09:40:00,785,785,785,785,0
2022-07-07 09:41:00,785,785,785,785,0
2022-07-07 09:42:00,785,785,785,785,0
2022-07-07 09:43:00,785,785,785,785,0
2022-07-07 09:44:00,785,785,785,785,0
2022-07-07 09:45:00,785,785,785,785,0
2022-07-07 09:46:00,785,785,785,785,800
2022-07-07 09:47:00,785,785,785,785,0
2022-07-07 09:48:00,785,785,785,785,0
2022-07-07 09:49:00,785,785,785,785,0
2022-07-07 09:50:00,785,785,785,785,0
2022-07-07 09:51:00,785,785,785,785,0
2022-07-07 09:52:00,785,785,785,785,0
2022-07-07 09:53:00,785,785,785,785,0
2022-07-07 09:54:00,790,790,790,790,0
2022-07-07 09:55:00,790,790,790,790,0
2022-07-07 09:56:00,790,790,790,790,400
2022-07-07 09:57:00,790,790,790,790,400
2022-07-07 09:58:00,790,790,790,790,0
2022-07-07 09:59:00,790,790,790,790,0
2022-07-07 10:00:00,790,790,790,790,0
2022-07-07 10:01:00,790,790,790,790,0
2022-07-07 10:02:00,790,790,790,790,0
2022-07-07 10:03:00,790,790,790,790,0
2022-07-07 10:04:00,785,785,785,785,1400
2022-07-07 10:05:00,785,785,785,785,0
2022-07-07 10:06:00,785,785,785,785,0
2022-07-07 10:07:00,785,785,785,785,0
2022-07-07 10:08:00,785,785,785,785,0
2022-07-07 10:09:00,785,785,785,785,1200
2022-07-07 10:10:00,785,785,785,785,0
2022-07-07 10:11:00,785,785,785,785,0
2022-07-07 10:12:00,785,785,785,785,0
2022-07-07 10:13:00,785,785,785,785,0
2022-07-07 10:14:00,785,785,785,785,0
2022-07-07 10:15:00,785,785,785,785,0
2022-07-07 10:16:00,785,785,785,785,0
2022-07-07 10:17:00,785,785,785,785,0
2022-07-07 10:18:00,785,785,785,785,0
2022-07-07 10:19:00,785,785,785,785,0
2022-07-07 10:20:00,785,785,785,785,0
2022-07-07 10:21:00,785,785,785,785,0
2022-07-07 10:22:00,785,785,785,785,0
2022-07-07 10:23:00,785,785,785,785,0
2022-07-07 10:24:00,785,785,785,785,0
2022-07-07 10:25:00,785,785,785,785,0
2022-07-07 10:26:00,785,785,785,785,0
2022-07-07 10:27:00,785,785,785,785,0
2022-07-07 10:28:00,785,785,785,785,0
2022-07-07 10:29:00,785,785,785,785,0
2022-07-07 10:30:00,785,785,785,785,0
2022-07-07 10:31:00,785,785,785,785,0
2022-07-07 10:32:00,785,785,785,785,30000
2022-07-07 10:33:00,785,785,785,785,0
2022-07-07 10:34:00,790,790,790,790,0
2022-07-07 10:35:00,790,790,790,790,0
2022-07-07 10:36:00,790,790,790,790,0
2022-07-07 10:37:00,790,790,790,790,0
2022-07-07 10:38:00,790,790,790,790,0
2022-07-07 10:39:00,790,790,790,790,8700
2022-07-07 10:40:00,790,790,790,790,0
2022-07-07 10:41:00,790,790,790,790,400
2022-07-07 10:42:00,790,790,790,790,0
2022-07-07 10:43:00,785,785,785,785,9800
2022-07-07 10:44:00,785,785,785,785,0
2022-07-07 10:45:00,790,790,790,790,0
2022-07-07 10:46:00,790,790,790,790,0
2022-07-07 10:47:00,790,790,790,790,0
2022-07-07 10:48:00,790,790,790,790,0
2022-07-07 10:49:00,790,790,790,790,0
2022-07-07 10:50:00,790,790,790,790,0
2022-07-07 10:51:00,790,790,790,790,0
2022-07-07 10:52:00,790,790,790,790,0
2022-07-07 10:53:00,790,790,790,790,0
2022-07-07 10:54:00,790,790,790,790,0
2022-07-07 10:55:00,785,785,785,785,3800
2022-07-07 10:56:00,785,785,785,785,0
2022-07-07 10:57:00,785,785,785,785,0
2022-07-07 10:58:00,785,785,785,785,0
2022-07-07 10:59:00,785,785,785,785,0
2022-07-07 11:00:00,785,785,785,785,0
2022-07-07 11:01:00,785,785,785,785,0
2022-07-07 11:02:00,785,785,785,785,0
2022-07-07 11:03:00,785,785,785,785,100
2022-07-07 11:04:00,785,785,785,785,300
2022-07-07 11:05:00,785,785,785,785,0
2022-07-07 11:06:00,785,785,785,785,0
2022-07-07 11:07:00,780,780,780,780,400
2022-07-07 11:08:00,780,780,780,780,0
2022-07-07 11:09:00,780,780,780,780,0
2022-07-07 11:10:00,780,780,780,780,0
2022-07-07 11:11:00,780,780,780,780,0
2022-07-07 11:12:00,780,780,780,780,0
2022-07-07 11:13:00,780,780,780,780,0
2022-07-07 11:14:00,780,780,780,780,0
2022-07-07 11:15:00,785,785,785,785,2500
2022-07-07 11:16:00,785,785,785,785,0
2022-07-07 11:17:00,785,785,785,785,0
2022-07-07 11:18:00,785,785,785,785,0
2022-07-07 11:19:00,785,785,785,785,0
2022-07-07 11:20:00,785,785,785,785,0
2022-07-07 11:21:00,785,785,785,785,0
2022-07-07 11:22:00,785,785,785,785,0
2022-07-07 11:23:00,785,785,785,785,0
2022-07-07 11:24:00,785,785,785,785,0
2022-07-07 11:25:00,785,785,785,785,0
2022-07-07 11:26:00,785,785,785,785,0
2022-07-07 11:27:00,785,785,785,785,0
2022-07-07 11:28:00,785,785,785,785,0
2022-07-07 11:29:00,785,785,785,785,0
2022-07-07 11:30:00,785,785,785,785,0
2022-07-07 11:31:00,785,785,785,785,0
2022-07-07 11:32:00,785,785,785,785,0
2022-07-07 11:33:00,785,785,785,785,0
2022-07-07 11:34:00,785,785,785,785,0
2022-07-07 11:35:00,785,785,785,785,0
2022-07-07 11:36:00,785,785,785,785,0
2022-07-07 11:37:00,785,785,785,785,0
2022-07-07 11:38:00,785,785,785,785,0
2022-07-07 11:39:00,785,785,785,785,0
2022-07-07 11:40:00,785,785,785,785,0
2022-07-07 11:41:00,785,785,785,785,0
2022-07-07 11:42:00,785,785,785,785,0
2022-07-07 11:43:00,785,785,785,785,0
2022-07-07 11:44:00,785,785,785,785,0
2022-07-07 11:45:00,785,785,785,785,0
2022-07-07 11:46:00,785,785,785,785,0
2022-07-07 11:47:00,785,785,785,785,0
2022-07-07 11:48:00,785,785,785,785,0
2022-07-07 11:49:00,785,785,785,785,0
2022-07-07 11:50:00,785,785,785,785,0
2022-07-07 11:51:00,785,785,785,785,0
2022-07-07 11:52:00,785,785,785,785,0
2022-07-07 11:53:00,785,785,785,785,0
2022-07-07 11:54:00,785,785,785,785,0
2022-07-07 11:55:00,785,785,785,785,0
2022-07-07 11:56:00,785,785,785,785,0
2022-07-07 11:57:00,785,785,785,785,0
2022-07-07 11:58:00,785,785,785,785,0
2022-07-07 11:59:00,785,785,785,785,0
2022-07-07 12:00:00,785,785,785,785,0
2022-07-07 12:01:00,785,785,785,785,0
2022-07-07 12:02:00,785,785,785,785,0
2022-07-07 12:03:00,785,785,785,785,0
2022-07-07 12:04:00,785,785,785,785,0
2022-07-07 12:05:00,785,785,785,785,0
2022-07-07 12:06:00,785,785,785,785,0
2022-07-07 12:07:00,785,785,785,785,0
2022-07-07 12:08:00,785,785,785,785,0
2022-07-07 12:09:00,785,785,785,785,0
2022-07-07 12:10:00,785,785,785,785,0
2022-07-07 12:11:00,785,785,785,785,0
2022-07-07 12:12:00,785,785,785,785,0
2022-07-07 12:13:00,785,785,785,785,0
2022-07-07 12:14:00,785,785,785,785,0
2022-07-07 12:15:00,785,785,785,785,0
2022-07-07 12:16:00,785,785,785,785,0
2022-07-07 12:17:00,785,785,785,785,0
2022-07-07 12:18:00,785,785,785,785,0
2022-07-07 12:19:00,785,785,785,785,0
2022-07-07 12:20:00,785,785,785,785,0
2022-07-07 12:21:00,785,785,785,785,0
2022-07-07 12:22:00,785,785,785,785,0
2022-07-07 12:23:00,785,785,785,785,0
2022-07-07 12:24:00,785,785,785,785,0
2022-07-07 12:25:00,785,785,785,785,0
2022-07-07 12:26:00,785,785,785,785,0
2022-07-07 12:27:00,785,785,785,785,0
2022-07-07 12:28:00,785,785,785,785,0
2022-07-07 12:29:00,785,785,785,785,0
2022-07-07 12:30:00,785,785,785,785,0
2022-07-07 12:31:00,785,785,785,785,0
2022-07-07 12:32:00,785,785,785,785,0
2022-07-07 12:33:00,785,785,785,785,0
2022-07-07 12:34:00,785,785,785,785,0
2022-07-07 12:35:00,785,785,785,785,0
2022-07-07 12:36:00,785,785,785,785,0
2022-07-07 12:37:00,785,785,785,785,0
2022-07-07 12:38:00,785,785,785,785,0
2022-07-07 12:39:00,785,785,785,785,0
2022-07-07 12:40:00,785,785,785,785,0
2022-07-07 12:41:00,785,785,785,785,0
2022-07-07 12:42:00,785,785,785,785,0
2022-07-07 12:43:00,785,785,785,785,0
2022-07-07 12:44:00,785,785,785,785,0
2022-07-07 12:45:00,785,785,785,785,0
2022-07-07 12:46:00,785,785,785,785,0
2022-07-07 12:47:00,785,785,785,785,0
2022-07-07 12:48:00,785,785,785,785,0
2022-07-07 12:49:00,785,785,785,785,0
2022-07-07 12:50:00,785,785,785,785,0
2022-07-07 12:51:00,785,785,785,785,0
2022-07-07 12:52:00,785,785,785,785,0
2022-07-07 12:53:00,785,785,785,785,0
2022-07-07 12:54:00,785,785,785,785,0
2022-07-07 12:55:00,785,785,785,785,0
2022-07-07 12:56:00,785,785,785,785,0
2022-07-07 12:57:00,785,785,785,785,0
2022-07-07 12:58:00,785,785,785,785,0
2022-07-07 12:59:00,785,785,785,785,0
2022-07-07 13:00:00,785,785,785,785,0
2022-07-07 13:01:00,785,785,785,785,0
2022-07-07 13:02:00,785,785,785,785,0
2022-07-07 13:03:00,785,785,785,785,0
2022-07-07 13:04:00,785,785,785,785,0
2022-07-07 13:05:00,785,785,785,785,0
2022-07-07 13:06:00,785,785,785,785,0
2022-07-07 13:07:00,785,785,785,785,0
2022-07-07 13:08:00,785,785,785,785,0
2022-07-07 13:09:00,785,785,785,785,0
2022-07-07 13:10:00,785,785,785,785,0
2022-07-07 13:11:00,785,785,785,785,0
2022-07-07 13:12:00,785,785,785,785,0
2022-07-07 13:13:00,785,785,785,785,0
2022-07-07 13:14:00,785,785,785,785,0
2022-07-07 13:15:00,785,785,785,785,0
2022-07-07 13:16:00,785,785,785,785,0
2022-07-07 13:17:00,785,785,785,785,0
2022-07-07 13:18:00,785,785,785,785,0
2022-07-07 13:19:00,785,785,785,785,0
2022-07-07 13:20:00,785,785,785,785,0
2022-07-07 13:21:00,785,785,785,785,0
2022-07-07 13:22:00,785,785,785,785,0
2022-07-07 13:23:00,785,785,785,785,0
2022-07-07 13:24:00,785,785,785,785,0
2022-07-07 13:25:00,785,785,785,785,0
2022-07-07 13:26:00,785,785,785,785,0
2022-07-07 13:27:00,785,785,785,785,0
2022-07-07 13:28:00,785,785,785,785,0
2022-07-07 13:29:00,785,785,785,785,0
2022-07-07 13:30:00,785,780,785,785,17600
2022-07-07 13:31:00,785,780,785,785,0
2022-07-07 13:32:00,785,780,785,785,0
2022-07-07 13:33:00,785,785,785,785,1700
2022-07-07 13:34:00,785,785,785,785,100
2022-07-07 13:35:00,785,785,785,785,0
2022-07-07 13:36:00,785,785,785,785,0
2022-07-07 13:37:00,785,785,785,785,0
2022-07-07 13:38:00,785,785,785,785,0
2022-07-07 13:39:00,785,785,785,785,0
2022-07-07 13:40:00,785,785,785,785,0
2022-07-07 13:41:00,785,785,785,785,0
2022-07-07 13:42:00,785,785,785,785,0
2022-07-07 13:43:00,785,785,785,785,0
2022-07-07 13:44:00,785,785,785,785,7200
2022-07-07 13:45:00,790,790,790,790,199700
2022-07-07 13:46:00,790,790,790,790,0
2022-07-07 13:47:00,790,790,790,790,0
2022-07-07 13:48:00,790,790,790,790,0
2022-07-07 13:49:00,790,790,790,790,0
2022-07-07 13:50:00,785,785,785,785,1600
2022-07-07 13:51:00,785,785,785,785,0
2022-07-07 13:52:00,785,785,785,785,0
2022-07-07 13:53:00,785,785,785,785,0
2022-07-07 13:54:00,785,785,785,785,0
2022-07-07 13:55:00,790,790,790,790,2600
2022-07-07 13:56:00,790,790,790,790,0
2022-07-07 13:57:00,790,790,790,790,0
2022-07-07 13:58:00,790,790,790,790,0
2022-07-07 13:59:00,790,790,790,790,0
2022-07-07 14:00:00,790,790,790,790,0
2022-07-07 14:01:00,790,790,790,790,0
2022-07-07 14:02:00,790,790,795,795,23400
2022-07-07 14:03:00,790,790,795,795,0
2022-07-07 14:04:00,790,790,790,790,10600
2022-07-07 14:05:00,795,795,795,795,127900
2022-07-07 14:06:00,795,795,795,795,114400
2022-07-07 14:07:00,800,800,800,800,340500
2022-07-07 14:08:00,805,805,805,805,176100
2022-07-07 14:09:00,800,800,810,810,72900
2022-07-07 14:10:00,800,800,810,810,0
2022-07-07 14:11:00,805,805,805,805,0
2022-07-07 14:12:00,805,805,805,805,0
2022-07-07 14:13:00,800,800,800,800,1900
2022-07-07 14:14:00,800,800,800,800,0
2022-07-07 14:15:00,805,805,805,805,0
2022-07-07 14:16:00,805,805,810,810,3700
2022-07-07 14:17:00,810,810,810,810,203000
2022-07-07 14:18:00,810,805,810,805,17700
2022-07-07 14:19:00,805,805,810,810,13300
2022-07-07 14:20:00,805,805,810,810,0
2022-07-07 14:21:00,805,805,810,810,0
2022-07-07 14:22:00,805,805,810,810,0
2022-07-07 14:23:00,800,800,800,800,3800
2022-07-07 14:24:00,800,800,800,800,0
2022-07-07 14:25:00,800,800,800,800,0
2022-07-07 14:26:00,800,800,800,800,200
2022-07-07 14:27:00,800,800,800,800,0
2022-07-07 14:28:00,800,800,800,800,0
2022-07-07 14:29:00,800,800,800,800,0
2022-07-07 14:30:00,800,800,800,800,0
2022-07-07 14:31:00,800,800,800,800,0
2022-07-07 14:32:00,800,800,800,800,2900
2022-07-07 14:33:00,800,800,800,800,0
2022-07-07 14:34:00,805,805,805,805,700
2022-07-07 14:35:00,805,805,805,805,0
2022-07-07 14:36:00,805,805,805,805,1700
2022-07-07 14:37:00,805,805,805,805,0
2022-07-07 14:38:00,805,805,805,805,0
2022-07-07 14:39:00,805,805,805,805,0
2022-07-07 14:40:00,805,805,805,805,0
2022-07-07 14:41:00,805,805,805,805,0
2022-07-07 14:42:00,805,805,805,805,200
2022-07-07 14:43:00,805,805,805,805,0
2022-07-07 14:44:00,805,805,805,805,0
2022-07-07 14:45:00,805,805,805,805,0
2022-07-07 14:46:00,805,805,810,810,3100
2022-07-07 14:47:00,810,810,810,810,3200
2022-07-07 14:48:00,805,805,805,805,15700
2022-07-07 14:49:00,805,805,805,805,0
2022-07-07 14:50:00,805,805,805,805,0
2022-07-07 14:51:00,805,805,805,805,0
2022-07-07 14:52:00,805,805,805,805,0
2022-07-07 14:53:00,805,805,805,805,0
2022-07-07 14:54:00,805,805,805,805,0
2022-07-07 14:55:00,805,805,805,805,0
2022-07-07 14:56:00,805,805,805,805,0
2022-07-07 14:57:00,805,805,805,805,0
2022-07-07 14:58:00,805,805,805,805,0
2022-07-07 14:59:00,805,805,805,805,0
2022-07-07 15:00:00,805,805,805,805,1900
2022-07-07 15:01:00,805,805,805,805,5300
2022-07-07 15:02:00,805,805,805,805,0
2022-07-07 15:03:00,805,805,805,805,0
2022-07-07 15:04:00,805,805,805,805,4900
2022-07-07 15:05:00,805,805,805,805,0
2022-07-07 15:06:00,805,805,805,805,0
2022-07-07 15:07:00,805,805,805,805,0
2022-07-07 15:08:00,805,805,805,805,0
2022-07-07 15:09:00,805,805,805,805,0
2022-07-07 15:10:00,805,805,805,805,0
2022-07-07 15:11:00,805,805,805,805,0
2022-07-07 15:12:00,805,805,805,805,0
2022-07-07 15:13:00,805,805,805,805,0
2022-07-07 15:14:00,805,805,805,805,0
2022-07-07 15:15:00,805,805,805,805,0
2022-07-07 15:16:00,805,805,805,805,0
2022-07-07 15:17:00,805,805,805,805,0
2022-07-07 15:18:00,805,805,805,805,0
2022-07-07 15:19:00,805,805,805,805,0
2022-07-07 15:20:00,805,805,805,805,0
2022-07-07 15:21:00,805,805,805,805,0
2022-07-07 15:22:00,805,805,805,805,0
2022-07-07 15:23:00,805,805,805,805,0
2022-07-07 15:24:00,805,805,805,805,0
2022-07-07 15:25:00,805,805,805,805,0
2022-07-07 15:26:00,805,805,805,805,0
2022-07-07 15:27:00,805,805,805,805,0
2022-07-07 15:28:00,805,805,805,805,0
2022-07-07 15:29:00,805,805,805,805,0
2022-07-07 15:30:00,805,805,805,805,0
2022-07-07 15:31:00,805,805,805,805,0
2022-07-07 15:32:00,805,805,805,805,0
2022-07-07 15:33:00,805,805,805,805,0
2022-07-07 15:34:00,805,805,805,805,0
2022-07-07 15:35:00,805,805,805,805,0
2022-07-07 15:36:00,805,805,805,805,0
2022-07-07 15:37:00,805,805,805,805,0
2022-07-07 15:38:00,805,805,805,805,0
2022-07-07 15:39:00,805,805,805,805,0
2022-07-07 15:40:00,805,805,805,805,0
2022-07-07 15:41:00,805,805,805,805,0
2022-07-07 15:42:00,805,805,805,805,0
2022-07-07 15:43:00,805,805,805,805,0
2022-07-07 15:44:00,805,805,805,805,0
2022-07-07 15:45:00,805,805,805,805,0
2022-07-07 15:46:00,805,805,805,805,0
2022-07-07 15:47:00,805,805,805,805,0
2022-07-07 15:48:00,805,805,805,805,0
2022-07-07 15:49:00,805,805,805,805,0
2022-07-07 15:50:00,805,805,805,805,0
2022-07-07 15:51:00,805,805,805,805,0
2022-07-07 15:52:00,805,805,805,805,0
2022-07-07 15:53:00,805,805,805,805,0
2022-07-07 15:54:00,805,805,805,805,0
2022-07-07 15:55:00,805,805,805,805,0
2022-07-07 15:56:00,805,805,805,805,0
2022-07-07 15:57:00,805,805,805,805,0
2022-07-07 15:58:00,805,805,805,805,0
2022-07-07 15:59:00,805,805,805,805,0
2022-07-08 09:00:00,810,810,815,815,400
2022-07-08 09:01:00,810,810,815,815,0
2022-07-08 09:02:00,810,810,815,815,0
2022-07-08 09:03:00,810,810,815,815,0
2022-07-08 09:04:00,815,815,815,815,1900
2022-07-08 09:05:00,815,815,815,815,0
2022-07-08 09:06:00,815,815,815,815,300
2022-07-08 09:07:00,815,815,815,815,0
2022-07-08 09:08:00,815,815,815,815,0
2022-07-08 09:09:00,815,815,815,815,0
2022-07-08 09:10:00,810,810,810,810,8100
2022-07-08 09:11:00,810,810,810,810,0
2022-07-08 09:12:00,810,810,810,810,0
2022-07-08 09:13:00,810,810,810,810,0
2022-07-08 09:14:00,810,810,810,810,0
2022-07-08 09:15:00,810,810,810,810,0
2022-07-08 09:16:00,810,810,810,810,6200
2022-07-08 09:17:00,810,810,810,810,14700
2022-07-08 09:18:00,810,810,810,810,0
2022-07-08 09:19:00,810,805,810,805,0
2022-07-08 09:20:00,810,805,810,805,0
2022-07-08 09:21:00,810,810,810,810,1100
2022-07-08 09:22:00,810,810,810,810,0
2022-07-08 09:23:00,810,810,810,810,0
2022-07-08 09:24:00,810,810,810,810,0
2022-07-08 09:25:00,810,810,810,810,400
2022-07-08 09:26:00,810,810,810,810,0
2022-07-08 09:27:00,810,810,810,810,0
2022-07-08 09:28:00,810,810,810,810,0
2022-07-08 09:29:00,810,810,810,810,0
2022-07-08 09:30:00,810,810,810,810,0
2022-07-08 09:31:00,810,810,810,810,0
2022-07-08 09:32:00,810,810,810,810,400
2022-07-08 09:33:00,810,810,810,810,0
2022-07-08 09:34:00,805,805,805,805,10800
2022-07-08 09:35:00,805,805,805,805,0
2022-07-08 09:36:00,805,805,805,805,0
2022-07-08 09:37:00,805,805,805,805,0
2022-07-08 09:38:00,805,805,805,805,0
2022-07-08 09:39:00,805,805,805,805,0
2022-07-08 09:40:00,805,805,805,805,0
2022-07-08 09:41:00,805,805,805,805,0
2022-07-08 09:42:00,805,805,805,805,0
2022-07-08 09:43:00,805,805,805,805,0
2022-07-08 09:44:00,805,805,805,805,0
2022-07-08 09:45:00,805,805,805,805,0
2022-07-08 09:46:00,805,805,805,805,0
2022-07-08 09:47:00,810,810,810,810,3500
2022-07-08 09:48:00,810,810,810,810,0
2022-07-08 09:49:00,810,810,810,810,800
2022-07-08 09:50:00,810,810,810,810,0
2022-07-08 09:51:00,810,810,810,810,0
2022-07-08 09:52:00,810,810,810,810,0
2022-07-08 09:53:00,810,810,810,810,0
2022-07-08 09:54:00,810,810,810,810,0
2022-07-08 09:55:00,810,810,810,810,0
2022-07-08 09:56:00,810,810,810,810,0
2022-07-08 09:57:00,810,810,810,810,0
2022-07-08 09:58:00,810,810,810,810,0
2022-07-08 09:59:00,810,810,810,810,0
2022-07-08 10:00:00,810,810,810,810,0
2022-07-08 10:01:00,810,810,810,810,0
2022-07-08 10:02:00,810,810,810,810,0
2022-07-08 10:03:00,810,810,810,810,0
2022-07-08 10:04:00,810,810,810,810,0
2022-07-08 10:05:00,810,810,810,810,0
2022-07-08 10:06:00,810,810,810,810,0
2022-07-08 10:07:00,810,810,810,810,0
2022-07-08 10:08:00,810,810,810,810,500
2022-07-08 10:09:00,810,805,810,810,468200
2022-07-08 10:10:00,810,810,810,810,29800
2022-07-08 10:11:00,810,810,810,810,16200
2022-07-08 10:12:00,810,810,810,810,0
2022-07-08 10:13:00,815,815,820,815,315500
2022-07-08 10:14:00,820,820,820,820,199700
2022-07-08 10:15:00,820,820,820,820,0
2022-07-08 10:16:00,820,820,820,820,0
2022-07-08 10:17:00,820,820,820,820,0
2022-07-08 10:18:00,820,820,820,820,0
2022-07-08 10:19:00,820,820,820,820,0
2022-07-08 10:20:00,820,820,820,820,0
2022-07-08 10:21:00,820,820,820,820,0
2022-07-08 10:22:00,820,820,820,820,100
2022-07-08 10:23:00,820,820,820,820,0
2022-07-08 10:24:00,820,820,820,820,0
2022-07-08 10:25:00,820,820,820,820,0
2022-07-08 10:26:00,820,820,820,820,0
2022-07-08 10:27:00,820,820,820,820,0
2022-07-08 10:28:00,820,820,820,820,0
2022-07-08 10:29:00,820,820,820,820,0
2022-07-08 10:30:00,820,820,820,820,0
2022-07-08 10:31:00,820,820,820,820,0
2022-07-08 10:32:00,820,820,820,820,0
2022-07-08 10:33:00,820,820,820,820,0
2022-07-08 10:34:00,820,820,820,820,0
2022-07-08 10:35:00,820,820,820,820,0
2022-07-08 10:36:00,820,820,820,820,0
2022-07-08 10:37:00,820,820,820,820,0
2022-07-08 10:38:00,820,820,820,820,0
2022-07-08 10:39:00,820,820,820,820,0
2022-07-08 10:40:00,820,820,820,820,0
2022-07-08 10:41:00,820,820,820,820,0
2022-07-08 10:42:00,820,820,820,820,0
2022-07-08 10:43:00,820,820,820,820,0
2022-07-08 10:44:00,820,820,820,820,0
2022-07-08 10:45:00,820,820,820,820,0
2022-07-08 10:46:00,820,820,820,820,0
2022-07-08 10:47:00,820,820,820,820,0
2022-07-08 10:48:00,815,815,815,815,200
2022-07-08 10:49:00,815,815,815,815,400
2022-07-08 10:50:00,815,815,815,815,0
2022-07-08 10:51:00,815,815,815,815,0
2022-07-08 10:52:00,815,815,815,815,0
2022-07-08 10:53:00,815,815,815,815,0
2022-07-08 10:54:00,815,815,815,815,0
2022-07-08 10:55:00,815,815,815,815,200
2022-07-08 10:56:00,815,815,815,815,0
2022-07-08 10:57:00,815,815,815,815,0
2022-07-08 10:58:00,815,815,815,815,600
2022-07-08 10:59:00,815,815,815,815,0
2022-07-08 11:00:00,815,815,815,815,0
2022-07-08 11:01:00,815,815,815,815,0
2022-07-08 11:02:00,815,815,815,815,0
2022-07-08 11:03:00,815,815,815,815,0
2022-07-08 11:04:00,815,815,815,815,0
2022-07-08 11:05:00,815,815,815,815,0
2022-07-08 11:06:00,815,815,815,815,0
2022-07-08 11:07:00,815,815,815,815,0
2022-07-08 11:08:00,815,815,815,815,0
2022-07-08 11:09:00,810,810,810,810,200
2022-07-08 11:10:00,810,810,810,810,0
2022-07-08 11:11:00,810,810,810,810,0
2022-07-08 11:12:00,810,810,810,810,0
2022-07-08 11:13:00,810,810,810,810,0
2022-07-08 11:14:00,810,810,810,810,0
2022-07-08 11:15:00,820,820,820,820,100
2022-07-08 11:16:00,810,810,810,810,1100
2022-07-08 11:17:00,810,810,810,810,0
2022-07-08 11:18:00,815,815,815,815,0
2022-07-08 11:19:00,815,815,815,815,0
2022-07-08 11:20:00,815,815,815,815,0
2022-07-08 11:21:00,815,815,815,815,0
2022-07-08 11:22:00,815,815,815,815,0
2022-07-08 11:23:00,815,815,815,815,0
2022-07-08 11:24:00,815,815,815,815,0
2022-07-08 11:25:00,810,810,810,810,100
2022-07-08 11:26:00,810,810,810,810,0
2022-07-08 11:27:00,810,810,810,810,0
2022-07-08 11:28:00,810,810,810,810,0
2022-07-08 11:29:00,810,810,810,810,0
2022-07-08 11:30:00,810,810,810,810,0
2022-07-08 11:31:00,810,810,810,810,0
2022-07-08 11:32:00,810,810,810,810,0
2022-07-08 11:33:00,810,810,810,810,0
2022-07-08 11:34:00,810,810,810,810,0
2022-07-08 11:35:00,810,810,810,810,0
2022-07-08 11:36:00,810,810,810,810,0
2022-07-08 11:37:00,810,810,810,810,0
2022-07-08 11:38:00,810,810,810,810,0
2022-07-08 11:39:00,810,810,810,810,0
2022-07-08 11:40:00,810,810,810,810,0
2022-07-08 11:41:00,810,810,810,810,0
2022-07-08 11:42:00,810,810,810,810,0
2022-07-08 11:43:00,810,810,810,810,0
2022-07-08 11:44:00,810,810,810,810,0
2022-07-08 11:45:00,810,810,810,810,0
2022-07-08 11:46:00,810,810,810,810,0
2022-07-08 11:47:00,810,810,810,810,0
2022-07-08 11:48:00,810,810,810,810,0
2022-07-08 11:49:00,810,810,810,810,0
2022-07-08 11:50:00,810,810,810,810,0
2022-07-08 11:51:00,810,810,810,810,0
2022-07-08 11:52:00,810,810,810,810,0
2022-07-08 11:53:00,810,810,810,810,0
2022-07-08 11:54:00,810,810,810,810,0
2022-07-08 11:55:00,810,810,810,810,0
2022-07-08 11:56:00,810,810,810,810,0
2022-07-08 11:57:00,810,810,810,810,0
2022-07-08 11:58:00,810,810,810,810,0
2022-07-08 11:59:00,810,810,810,810,0
2022-07-08 12:00:00,810,810,810,810,0
2022-07-08 12:01:00,810,810,810,810,0
2022-07-08 12:02:00,810,810,810,810,0
2022-07-08 12:03:00,810,810,810,810,0
2022-07-08 12:04:00,810,810,810,810,0
2022-07-08 12:05:00,810,810,810,810,0
2022-07-08 12:06:00,810,810,810,810,0
2022-07-08 12:07:00,810,810,810,810,0
2022-07-08 12:08:00,810,810,810,810,0
2022-07-08 12:09:00,810,810,810,810,0
2022-07-08 12:10:00,810,810,810,810,0
2022-07-08 12:11:00,810,810,810,810,0
2022-07-08 12:12:00,810,810,810,810,0
2022-07-08 12:13:00,810,810,810,810,0
2022-07-08 12:14:00,810,810,810,810,0
2022-07-08 12:15:00,810,810,810,810,0
2022-07-08 12:16:00,810,810,810,810,0
2022-07-08 12:17:00,810,810,810,810,0
2022-07-08 12:18:00,810,810,810,810,0
2022-07-08 12:19:00,810,810,810,810,0
2022-07-08 12:20:00,810,810,810,810,0
2022-07-08 12:21:00,810,810,810,810,0
2022-07-08 12:22:00,810,810,810,810,0
2022-07-08 12:23:00,810,810,810,810,0
2022-07-08 12:24:00,810,810,810,810,0
2022-07-08 12:25:00,810,810,810,810,0
2022-07-08 12:26:00,810,810,810,810,0
2022-07-08 12:27:00,810,810,810,810,0
2022-07-08 12:28:00,810,810,810,810,0
2022-07-08 12:29:00,810,810,810,810,0
2022-07-08 12:30:00,810,810,810,810,0
2022-07-08 12:31:00,810,810,810,810,0
2022-07-08 12:32:00,810,810,810,810,0
2022-07-08 12:33:00,810,810,810,810,0
2022-07-08 12:34:00,810,810,810,810,0
2022-07-08 12:35:00,810,810,810,810,0
2022-07-08 12:36:00,810,810,810,810,0
2022-07-08 12:37:00,810,810,810,810,0
2022-07-08 12:38:00,810,810,810,810,0
2022-07-08 12:39:00,810,810,810,810,0
2022-07-08 12:40:00,810,810,810,810,0
2022-07-08 12:41:00,810,810,810,810,0
2022-07-08 12:42:00,810,810,810,810,0
2022-07-08 12:43:00,810,810,810,810,0
2022-07-08 12:44:00,810,810,810,810,0
2022-07-08 12:45:00,810,810,810,810,0
2022-07-08 12:46:00,810,810,810,810,0
2022-07-08 12:47:00,810,810,810,810,0
2022-07-08 12:48:00,810,810,810,810,0
2022-07-08 12:49:00,810,810,810,810,0
2022-07-08 12:50:00,810,810,810,810,0
2022-07-08 12:51:00,810,810,810,810,0
2022-07-08 12:52:00,810,810,810,810,0
2022-07-08 12:53:00,810,810,810,810,0
2022-07-08 12:54:00,810,810,810,810,0
2022-07-08 12:55:00,810,810,810,810,0
2022-07-08 12:56:00,810,810,810,810,0
2022-07-08 12:57:00,810,810,810,810,0
2022-07-08 12:58:00,810,810,810,810,0
2022-07-08 12:59:00,810,810,810,810,0
2022-07-08 13:00:00,810,810,810,810,0
2022-07-08 13:01:00,810,810,810,810,0
2022-07-08 13:02:00,810,810,810,810,0
2022-07-08 13:03:00,810,810,810,810,0
2022-07-08 13:04:00,810,810,810,810,0
2022-07-08 13:05:00,810,810,810,810,0
2022-07-08 13:06:00,810,810,810,810,0
2022-07-08 13:07:00,810,810,810,810,0
2022-07-08 13:08:00,810,810,810,810,0
2022-07-08 13:09:00,810,810,810,810,0
2022-07-08 13:10:00,810,810,810,810,0
2022-07-08 13:11:00,810,810,810,810,0
2022-07-08 13:12:00,810,810,810,810,0
2022-07-08 13:13:00,810,810,810,810,0
2022-07-08 13:14:00,810,810,810,810,0
2022-07-08 13:15:00,810,810,810,810,0
2022-07-08 13:16:00,810,810,810,810,0
2022-07-08 13:17:00,810,810,810,810,0
2022-07-08 13:18:00,810,810,810,810,0
2022-07-08 13:19:00,810,810,810,810,0
2022-07-08 13:20:00,810,810,810,810,0
2022-07-08 13:21:00,810,810,810,810,0
2022-07-08 13:22:00,810,810,810,810,0
2022-07-08 13:23:00,810,810,810,810,0
2022-07-08 13:24:00,810,810,810,810,0
2022-07-08 13:25:00,810,810,810,810,0
2022-07-08 13:26:00,810,810,810,810,0
2022-07-08 13:27:00,810,810,810,810,0
2022-07-08 13:28:00,810,810,810,810,0
2022-07-08 13:29:00,810,810,810,810,0
2022-07-08 13:30:00,810,790,810,790,48400
2022-07-08 13:31:00,795,795,795,795,0
2022-07-08 13:32:00,795,795,795,795,200
2022-07-08 13:33:00,795,795,795,795,0
2022-07-08 13:34:00,795,795,795,795,0
2022-07-08 13:35:00,795,795,795,795,0
2022-07-08 13:36:00,790,790,790,790,200
2022-07-08 13:37:00,795,795,810,810,5400
2022-07-08 13:38:00,795,795,810,810,0
2022-07-08 13:39:00,795,795,810,810,0
2022-07-08 13:40:00,795,795,810,810,0
2022-07-08 13:41:00,795,795,810,810,0
2022-07-08 13:42:00,795,795,810,810,0
2022-07-08 13:43:00,795,795,810,810,0
2022-07-08 13:44:00,800,800,810,810,100
2022-07-08 13:45:00,800,800,810,810,0
2022-07-08 13:46:00,800,800,810,810,0
2022-07-08 13:47:00,800,800,810,810,0
2022-07-08 13:48:00,795,795,795,795,0
2022-07-08 13:49:00,795,795,795,795,0
2022-07-08 13:50:00,795,795,795,795,0
2022-07-08 13:51:00,795,795,795,795,0
2022-07-08 13:52:00,795,795,795,795,0
2022-07-08 13:53:00,805,805,805,805,128200
2022-07-08 13:54:00,805,805,805,805,1300
2022-07-08 13:55:00,805,805,805,805,0
2022-07-08 13:56:00,805,805,805,805,0
2022-07-08 13:57:00,805,805,805,805,0
2022-07-08 13:58:00,805,805,805,805,0
2022-07-08 13:59:00,805,805,805,805,0
2022-07-08 14:00:00,800,800,800,800,0
2022-07-08 14:01:00,800,800,800,800,7500
2022-07-08 14:02:00,800,800,800,800,0
2022-07-08 14:03:00,800,800,800,800,0
2022-07-08 14:04:00,800,800,800,800,0
2022-07-08 14:05:00,800,800,800,800,0
2022-07-08 14:06:00,800,800,800,800,0
2022-07-08 14:07:00,800,800,800,800,0
2022-07-08 14:08:00,800,800,800,800,0
2022-07-08 14:09:00,800,800,800,800,0
2022-07-08 14:10:00,800,800,800,800,0
2022-07-08 14:11:00,800,800,800,800,8600
2022-07-08 14:12:00,800,800,800,800,0
2022-07-08 14:13:00,795,795,795,795,22400
2022-07-08 14:14:00,795,795,795,795,0
2022-07-08 14:15:00,795,795,795,795,0
2022-07-08 14:16:00,795,795,795,795,0
2022-07-08 14:17:00,795,795,795,795,0
2022-07-08 14:18:00,795,795,795,795,0
2022-07-08 14:19:00,795,795,795,795,11000
2022-07-08 14:20:00,795,795,795,795,0
2022-07-08 14:21:00,795,795,795,795,0
2022-07-08 14:22:00,795,795,795,795,0
2022-07-08 14:23:00,795,795,795,795,0
2022-07-08 14:24:00,790,790,790,790,3300
2022-07-08 14:25:00,795,795,795,795,18300
2022-07-08 14:26:00,795,795,795,795,0
2022-07-08 14:27:00,795,795,795,795,0
2022-07-08 14:28:00,795,795,795,795,0
2022-07-08 14:29:00,795,795,795,795,0
2022-07-08 14:30:00,795,795,795,795,0
2022-07-08 14:31:00,795,795,795,795,0
2022-07-08 14:32:00,795,795,795,795,200
2022-07-08 14:33:00,795,795,795,795,0
2022-07-08 14:34:00,795,795,795,795,200
2022-07-08 14:35:00,795,795,795,795,0
2022-07-08 14:36:00,795,795,795,795,0
2022-07-08 14:37:00,795,795,795,795,0
2022-07-08 14:38:00,795,795,795,795,0
2022-07-08 14:39:00,795,795,795,795,0
2022-07-08 14:40:00,795,795,795,795,0
2022-07-08 14:41:00,795,795,795,795,0
2022-07-08 14:42:00,795,795,795,795,0
2022-07-08 14:43:00,795,795,795,795,100
2022-07-08 14:44:00,795,795,795,795,0
2022-07-08 14:45:00,795,795,795,795,5900
2022-07-08 14:46:00,795,795,795,795,0
2022-07-08 14:47:00,795,795,795,795,0
2022-07-08 14:48:00,805,805,805,805,0
2022-07-08 14:49:00,795,795,795,795,100
2022-07-08 14:50:00,795,795,795,795,0
2022-07-08 14:51:00,795,795,795,795,0
2022-07-08 14:52:00,795,795,795,795,0
2022-07-08 14:53:00,795,795,795,795,0
2022-07-08 14:54:00,795,795,795,795,0
2022-07-08 14:55:00,795,795,795,795,0
2022-07-08 14:56:00,795,795,795,795,0
2022-07-08 14:57:00,795,795,795,795,0
2022-07-08 14:58:00,795,795,795,795,0
2022-07-08 14:59:00,795,795,795,795,0
2022-07-08 15:00:00,805,805,805,805,1800
2022-07-08 15:01:00,805,805,805,805,29900
2022-07-08 15:02:00,805,805,805,805,0
2022-07-08 15:03:00,805,805,805,805,47000
2022-07-08 15:04:00,805,805,805,805,0
2022-07-08 15:05:00,805,805,805,805,0
2022-07-08 15:06:00,805,805,805,805,0
2022-07-08 15:07:00,805,805,805,805,0
2022-07-08 15:08:00,805,805,805,805,0
2022-07-08 15:09:00,805,805,805,805,0
2022-07-08 15:10:00,805,805,805,805,0
2022-07-08 15:11:00,805,805,805,805,0
2022-07-08 15:12:00,805,805,805,805,0
2022-07-08 15:13:00,805,805,805,805,0
2022-07-08 15:14:00,805,805,805,805,0
2022-07-08 15:15:00,805,805,805,805,0
2022-07-08 15:16:00,805,805,805,805,0
2022-07-08 15:17:00,805,805,805,805,0
2022-07-08 15:18:00,805,805,805,805,0
2022-07-08 15:19:00,805,805,805,805,0
2022-07-08 15:20:00,805,805,805,805,0
2022-07-08 15:21:00,805,805,805,805,0
2022-07-08 15:22:00,805,805,805,805,0
2022-07-08 15:23:00,805,805,805,805,0
2022-07-08 15:24:00,805,805,805,805,0
2022-07-08 15:25:00,805,805,805,805,0
2022-07-08 15:26:00,805,805,805,805,0
2022-07-08 15:27:00,805,805,805,805,0
2022-07-08 15:28:00,805,805,805,805,0
2022-07-08 15:29:00,805,805,805,805,0
2022-07-08 15:30:00,805,805,805,805,0
2022-07-08 15:31:00,805,805,805,805,0
2022-07-08 15:32:00,805,805,805,805,0
2022-07-08 15:33:00,805,805,805,805,0
2022-07-08 15:34:00,805,805,805,805,0
2022-07-08 15:35:00,805,805,805,805,0
2022-07-08 15:36:00,805,805,805,805,0
2022-07-08 15:37:00,805,805,805,805,0
2022-07-08 15:38:00,805,805,805,805,0
2022-07-08 15:39:00,805,805,805,805,0
2022-07-08 15:40:00,805,805,805,805,0
2022-07-08 15:41:00,805,805,805,805,0
2022-07-08 15:42:00,805,805,805,805,0
2022-07-08 15:43:00,805,805,805,805,0
2022-07-08 15:44:00,805,805,805,805,0
2022-07-08 15:45:00,805,805,805,805,0
2022-07-08 15:46:00,805,805,805,805,0
2022-07-08 15:47:00,805,805,805,805,0
2022-07-08 15:48:00,805,805,805,805,0
2022-07-08 15:49:00,805,805,805,805,0
2022-07-08 15:50:00,805,805,805,805,0
2022-07-08 15:51:00,805,805,805,805,0
2022-07-08 15:52:00,805,805,805,805,0
2022-07-08 15:53:00,805,805,805,805,0
2022-07-08 15:54:00,805,805,805,805,0
2022-07-08 15:55:00,805,805,805,805,0
2022-07-08 15:56:00,805,805,805,805,0
2022-07-08 15:57:00,805,805,805,805,0
2022-07-08 15:58:00,805,805,805,805,0
2022-07-08 15:59:00,805,805,805,805,0
2022-07-11 09:00:00,805,805,805,805,0
2022-07-11 09:01:00,805,805,805,805,0
2022-07-11 09:02:00,805,805,805,805,0
2022-07-11 09:03:00,805,805,805,805,0
2022-07-11 09:04:00,805,805,805,805,0
2022-07-11 09:05:00,805,805,805,805,0
2022-07-11 09:06:00,800,800,800,800,1000
2022-07-11 09:07:00,805,805,805,805,1000
2022-07-11 09:08:00,805,805,805,805,0
2022-07-11 09:09:00,805,805,805,805,0
2022-07-11 09:10:00,805,805,805,805,0
2022-07-11 09:11:00,805,805,805,805,12500
2022-07-11 09:12:00,805,805,805,805,0
2022-07-11 09:13:00,805,805,805,805,0
2022-07-11 09:14:00,805,805,805,805,0
2022-07-11 09:15:00,805,805,805,805,0
2022-07-11 09:16:00,805,805,805,805,0
2022-07-11 09:17:00,805,805,805,805,0
2022-07-11 09:18:00,805,805,805,805,0
2022-07-11 09:19:00,805,805,805,805,0
2022-07-11 09:20:00,805,805,805,805,0
2022-07-11 09:21:00,805,805,805,805,0
2022-07-11 09:22:00,805,805,805,805,1100
2022-07-11 09:23:00,805,805,805,805,5300
2022-07-11 09:24:00,805,805,805,805,3800
2022-07-11 09:25:00,805,805,805,805,300
2022-07-11 09:26:00,810,810,810,810,400
2022-07-11 09:27:00,810,810,810,810,0
2022-07-11 09:28:00,810,805,810,810,122900
2022-07-11 09:29:00,805,805,815,815,542700
2022-07-11 09:30:00,815,815,820,820,271300
2022-07-11 09:31:00,820,820,820,820,0
2022-07-11 09:32:00,820,820,820,820,0
2022-07-11 09:33:00,820,820,820,820,0
2022-07-11 09:34:00,825,825,825,825,0
2022-07-11 09:35:00,825,825,825,825,0
2022-07-11 09:36:00,820,820,820,820,3000
2022-07-11 09:37:00,820,820,820,820,0
2022-07-11 09:38:00,820,810,820,810,500
2022-07-11 09:39:00,820,810,820,810,0
2022-07-11 09:40:00,820,810,820,810,0
2022-07-11 09:41:00,820,810,820,810,0
2022-07-11 09:42:00,820,810,820,810,0
2022-07-11 09:43:00,820,810,820,810,0
2022-07-11 09:44:00,820,810,820,810,0
2022-07-11 09:45:00,820,810,820,810,0
2022-07-11 09:46:00,820,810,820,810,0
2022-07-11 09:47:00,820,810,820,810,0
2022-07-11 09:48:00,820,810,820,810,0
2022-07-11 09:49:00,820,810,820,810,0
2022-07-11 09:50:00,820,810,820,810,0
2022-07-11 09:51:00,820,810,820,810,0
2022-07-11 09:52:00,820,810,820,810,0
2022-07-11 09:53:00,820,810,820,810,0
2022-07-11 09:54:00,820,810,820,810,0
2022-07-11 09:55:00,820,810,820,810,0
2022-07-11 09:56:00,810,810,810,810,2000
2022-07-11 09:57:00,810,810,810,810,0
2022-07-11 09:58:00,810,810,810,810,0
2022-07-11 09:59:00,810,810,810,810,0
2022-07-11 10:00:00,810,810,810,810,0
2022-07-11 10:01:00,810,810,810,810,0
2022-07-11 10:02:00,810,810,810,810,0
2022-07-11 10:03:00,810,810,810,810,0
2022-07-11 10:04:00,810,810,810,810,4000
2022-07-11 10:05:00,810,810,810,810,0
2022-07-11 10:06:00,810,810,810,810,0
2022-07-11 10:07:00,810,810,810,810,0
2022-07-11 10:08:00,810,810,810,810,0
2022-07-11 10:09:00,810,810,810,810,0
2022-07-11 10:10:00,815,815,815,815,500
2022-07-11 10:11:00,815,815,815,815,0
2022-07-11 10:12:00,815,815,815,815,0
2022-07-11 10:13:00,815,815,815,815,0
2022-07-11 10:14:00,815,815,815,815,0
2022-07-11 10:15:00,815,815,815,815,0
2022-07-11 10:16:00,815,815,815,815,0
2022-07-11 10:17:00,815,815,815,815,0
2022-07-11 10:18:00,815,815,815,815,0
2022-07-11 10:19:00,815,815,815,815,0
2022-07-11 10:20:00,815,815,815,815,0
2022-07-11 10:21:00,815,815,815,815,0
2022-07-11 10:22:00,815,815,815,815,0
2022-07-11 10:23:00,815,815,815,815,0
2022-07-11 10:24:00,815,815,815,815,0
2022-07-11 10:25:00,815,815,815,815,0
2022-07-11 10:26:00,815,815,815,815,0
2022-07-11 10:27:00,815,815,815,815,0
2022-07-11 10:28:00,815,815,815,815,5000
2022-07-11 10:29:00,815,815,815,815,0
2022-07-11 10:30:00,815,815,815,815,0
2022-07-11 10:31:00,815,815,815,815,0
2022-07-11 10:32:00,815,815,815,815,0
2022-07-11 10:33:00,815,815,815,815,0
2022-07-11 10:34:00,815,815,815,815,0
2022-07-11 10:35:00,815,815,815,815,104100
2022-07-11 10:36:00,815,815,815,815,0
2022-07-11 10:37:00,815,815,815,815,0
2022-07-11 10:38:00,815,815,815,815,0
2022-07-11 10:39:00,815,815,815,815,0
2022-07-11 10:40:00,815,815,815,815,0
2022-07-11 10:41:00,815,815,815,815,0
2022-07-11 10:42:00,815,815,815,815,0
2022-07-11 10:43:00,815,815,815,815,5800
2022-07-11 10:44:00,815,815,815,815,9700
2022-07-11 10:45:00,815,815,815,815,0
2022-07-11 10:46:00,815,815,815,815,0
2022-07-11 10:47:00,815,815,815,815,0
2022-07-11 10:48:00,815,815,815,815,0
2022-07-11 10:49:00,815,815,815,815,0
2022-07-11 10:50:00,815,815,815,815,0
2022-07-11 10:51:00,815,815,815,815,0
2022-07-11 10:52:00,815,815,815,815,0
2022-07-11 10:53:00,815,815,815,815,0
2022-07-11 10:54:00,815,815,815,815,200
2022-07-11 10:55:00,815,815,815,815,900
2022-07-11 10:56:00,815,815,815,815,2000
2022-07-11 10:57:00,815,815,815,815,0
2022-07-11 10:58:00,815,815,815,815,0
2022-07-11 10:59:00,815,815,815,815,0
2022-07-11 11:00:00,815,815,815,815,600
2022-07-11 11:01:00,815,815,815,815,0
2022-07-11 11:02:00,815,815,815,815,0
2022-07-11 11:03:00,815,815,815,815,0
2022-07-11 11:04:00,815,815,815,815,0
2022-07-11 11:05:00,815,815,815,815,0
2022-07-11 11:06:00,815,815,815,815,0
2022-07-11 11:07:00,815,815,815,815,0
2022-07-11 11:08:00,815,815,815,815,0
2022-07-11 11:09:00,815,815,815,815,0
2022-07-11 11:10:00,815,815,815,815,0
2022-07-11 11:11:00,815,815,815,815,0
2022-07-11 11:12:00,815,815,815,815,0
2022-07-11 11:13:00,815,815,815,815,0
2022-07-11 11:14:00,815,815,815,815,0
2022-07-11 11:15:00,815,815,815,815,0
2022-07-11 11:16:00,815,815,815,815,0
2022-07-11 11:17:00,815,815,815,815,0
2022-07-11 11:18:00,815,815,815,815,0
2022-07-11 11:19:00,815,815,815,815,0
2022-07-11 11:20:00,815,815,815,815,0
2022-07-11 11:21:00,815,815,815,815,0
2022-07-11 11:22:00,815,815,815,815,0
2022-07-11 11:23:00,815,815,815,815,0
2022-07-11 11:24:00,815,815,815,815,0
2022-07-11 11:25:00,815,815,815,815,0
2022-07-11 11:26:00,815,815,815,815,0
2022-07-11 11:27:00,815,815,815,815,0
2022-07-11 11:28:00,815,815,815,815,200
2022-07-11 11:29:00,815,815,815,815,0
2022-07-11 11:30:00,815,815,815,815,0
2022-07-11 11:31:00,815,815,815,815,0
2022-07-11 11:32:00,815,815,815,815,0
2022-07-11 11:33:00,815,815,815,815,0
2022-07-11 11:34:00,815,815,815,815,0
2022-07-11 11:35:00,815,815,815,815,0
2022-07-11 11:36:00,815,815,815,815,0
2022-07-11 11:37:00,815,815,815,815,0
2022-07-11 11:38:00,815,815,815,815,0
2022-07-11 11:39:00,815,815,815,815,0
2022-07-11 11:40:00,815,815,815,815,0
2022-07-11 11:41:00,815,815,815,815,0
2022-07-11 11:42:00,815,815,815,815,0
2022-07-11 11:43:00,815,815,815,815,0
2022-07-11 11:44:00,815,815,815,815,0
2022-07-11 11:45:00,815,815,815,815,0
2022-07-11 11:46:00,815,815,815,815,0
2022-07-11 11:47:00,815,815,815,815,0
2022-07-11 11:48:00,815,815,815,815,0
2022-07-11 11:49:00,815,815,815,815,0
2022-07-11 11:50:00,815,815,815,815,0
2022-07-11 11:51:00,815,815,815,815,0
2022-07-11 11:52:00,815,815,815,815,0
2022-07-11 11:53:00,815,815,815,815,0
2022-07-11 11:54:00,815,815,815,815,0
2022-07-11 11:55:00,815,815,815,815,0
2022-07-11 11:56:00,815,815,815,815,0
2022-07-11 11:57:00,815,815,815,815,0
2022-07-11 11:58:00,815,815,815,815,0
2022-07-11 11:59:00,815,815,815,815,0
2022-07-11 12:00:00,815,815,815,815,0
2022-07-11 12:01:00,815,815,815,815,0
2022-07-11 12:02:00,815,815,815,815,0
2022-07-11 12:03:00,815,815,815,815,0
2022-07-11 12:04:00,815,815,815,815,0
2022-07-11 12:05:00,815,815,815,815,0
2022-07-11 12:06:00,815,815,815,815,0
2022-07-11 12:07:00,815,815,815,815,0
2022-07-11 12:08:00,815,815,815,815,0
2022-07-11 12:09:00,815,815,815,815,0
2022-07-11 12:10:00,815,815,815,815,0
2022-07-11 12:11:00,815,815,815,815,0
2022-07-11 12:12:00,815,815,815,815,0
2022-07-11 12:13:00,815,815,815,815,0
2022-07-11 12:14:00,815,815,815,815,0
2022-07-11 12:15:00,815,815,815,815,0
2022-07-11 12:16:00,815,815,815,815,0
2022-07-11 12:17:00,815,815,815,815,0
2022-07-11 12:18:00,815,815,815,815,0
2022-07-11 12:19:00,815,815,815,815,0
2022-07-11 12:20:00,815,815,815,815,0
2022-07-11 12:21:00,815,815,815,815,0
2022-07-11 12:22:00,815,815,815,815,0
2022-07-11 12:23:00,815,815,815,815,0
2022-07-11 12:24:00,815,815,815,815,0
2022-07-11 12:25:00,815,815,815,815,0
2022-07-11 12:26:00,815,815,815,815,0
2022-07-11 12:27:00,815,815,815,815,0
2022-07-11 12:28:00,815,815,815,815,0
2022-07-11 12:29:00,815,815,815,815,0
2022-07-11 12:30:00,815,815,815,815,0
2022-07-11 12:31:00,815,815,815,815,0
2022-07-11 12:32:00,815,815,815,815,0
2022-07-11 12:33:00,815,815,815,815,0
2022-07-11 12:34:00,815,815,815,815,0
2022-07-11 12:35:00,815,815,815,815,0
2022-07-11 12:36:00,815,815,815,815,0
2022-07-11 12:37:00,815,815,815,815,0
2022-07-11 12:38:00,815,815,815,815,0
2022-07-11 12:39:00,815,815,815,815,0
2022-07-11 12:40:00,815,815,815,815,0
2022-07-11 12:41:00,815,815,815,815,0
2022-07-11 12:42:00,815,815,815,815,0
2022-07-11 12:43:00,815,815,815,815,0
2022-07-11 12:44:00,815,815,815,815,0
2022-07-11 12:45:00,815,815,815,815,0
2022-07-11 12:46:00,815,815,815,815,0
2022-07-11 12:47:00,815,815,815,815,0
2022-07-11 12:48:00,815,815,815,815,0
2022-07-11 12:49:00,815,815,815,815,0
2022-07-11 12:50:00,815,815,815,815,0
2022-07-11 12:51:00,815,815,815,815,0
2022-07-11 12:52:00,815,815,815,815,0
2022-07-11 12:53:00,815,815,815,815,0
2022-07-11 12:54:00,815,815,815,815,0
2022-07-11 12:55:00,815,815,815,815,0
2022-07-11 12:56:00,815,815,815,815,0
2022-07-11 12:57:00,815,815,815,815,0
2022-07-11 12:58:00,815,815,815,815,0
2022-07-11 12:59:00,815,815,815,815,0
2022-07-11 13:00:00,815,815,815,815,0
2022-07-11 13:01:00,815,815,815,815,0
2022-07-11 13:02:00,815,815,815,815,0
2022-07-11 13:03:00,815,815,815,815,0
2022-07-11 13:04:00,815,815,815,815,0
2022-07-11 13:05:00,815,815,815,815,0
2022-07-11 13:06:00,815,815,815,815,0
2022-07-11 13:07:00,815,815,815,815,0
2022-07-11 13:08:00,815,815,815,815,0
2022-07-11 13:09:00,815,815,815,815,0
2022-07-11 13:10:00,815,815,815,815,0
2022-07-11 13:11:00,815,815,815,815,0
2022-07-11 13:12:00,815,815,815,815,0
2022-07-11 13:13:00,815,815,815,815,0
2022-07-11 13:14:00,815,815,815,815,0
2022-07-11 13:15:00,815,815,815,815,0
2022-07-11 13:16:00,815,815,815,815,0
2022-07-11 13:17:00,815,815,815,815,0
2022-07-11 13:18:00,815,815,815,815,0
2022-07-11 13:19:00,815,815,815,815,0
2022-07-11 13:20:00,815,815,815,815,0
2022-07-11 13:21:00,815,815,815,815,0
2022-07-11 13:22:00,815,815,815,815,0
2022-07-11 13:23:00,815,815,815,815,0
2022-07-11 13:24:00,815,815,815,815,0
2022-07-11 13:25:00,815,815,815,815,0
2022-07-11 13:26:00,815,815,815,815,0
2022-07-11 13:27:00,815,815,815,815,0
2022-07-11 13:28:00,815,815,815,815,0
2022-07-11 13:29:00,815,815,815,815,0
2022-07-11 13:30:00,815,815,815,815,0
2022-07-11 13:31:00,815,815,815,815,0
2022-07-11 13:32:00,815,815,815,815,0
2022-07-11 13:33:00,815,815,815,815,0
2022-07-11 13:34:00,815,815,815,815,0
2022-07-11 13:35:00,815,815,815,815,0
2022-07-11 13:36:00,815,815,815,815,0
2022-07-11 13:37:00,815,815,815,815,0
2022-07-11 13:38:00,815,815,815,815,0
2022-07-11 13:39:00,815,815,815,815,0
2022-07-11 13:40:00,815,815,815,815,0
2022-07-11 13:41:00,815,815,815,815,0
2022-07-11 13:42:00,815,815,815,815,0
2022-07-11 13:43:00,815,815,815,815,0
2022-07-11 13:44:00,815,815,815,815,0
2022-07-11 13:45:00,815,815,815,815,0
2022-07-11 13:46:00,815,815,815,815,0
2022-07-11 13:47:00,815,815,815,815,0
2022-07-11 13:48:00,815,815,815,815,0
2022-07-11 13:49:00,815,815,815,815,5000
2022-07-11 13:50:00,815,815,815,815,0
2022-07-11 13:51:00,815,815,815,815,0
2022-07-11 13:52:00,815,815,815,815,0
2022-07-11 13:53:00,815,815,815,815,0
2022-07-11 13:54:00,815,815,815,815,0
2022-07-11 13:55:00,815,815,815,815,0
2022-07-11 13:56:00,820,820,820,820,40200
2022-07-11 13:57:00,825,825,825,825,240200
2022-07-11 13:58:00,825,825,825,825,18300
2022-07-11 13:59:00,825,825,825,825,0
2022-07-11 14:00:00,830,830,835,835,319900
2022-07-11 14:01:00,835,835,835,835,7700
2022-07-11 14:02:00,830,825,835,835,371500
2022-07-11 14:03:00,840,840,840,840,186900
2022-07-11 14:04:00,840,835,840,835,94200
2022-07-11 14:05:00,835,835,835,835,200
2022-07-11 14:06:00,835,835,835,835,0
2022-07-11 14:07:00,835,835,835,835,0
2022-07-11 14:08:00,840,840,845,840,11100
2022-07-11 14:09:00,845,845,845,845,416600
2022-07-11 14:10:00,845,845,850,850,12900
2022-07-11 14:11:00,845,845,850,850,305800
2022-07-11 14:12:00,850,850,850,850,14800
2022-07-11 14:13:00,855,855,855,855,600
2022-07-11 14:14:00,855,855,855,855,100
2022-07-11 14:15:00,855,845,855,845,7200
2022-07-11 14:16:00,840,840,840,840,8100
2022-07-11 14:17:00,840,840,840,840,0
2022-07-11 14:18:00,840,840,840,840,0
2022-07-11 14:19:00,840,840,840,840,4400
2022-07-11 14:20:00,840,835,840,835,40300
2022-07-11 14:21:00,840,835,840,835,0
2022-07-11 14:22:00,840,835,840,835,0
2022-07-11 14:23:00,840,835,840,835,0
2022-07-11 14:24:00,840,835,840,835,0
2022-07-11 14:25:00,840,835,840,835,0
2022-07-11 14:26:00,840,835,840,835,0
2022-07-11 14:27:00,840,840,840,840,0
2022-07-11 14:28:00,840,840,840,840,320700
2022-07-11 14:29:00,840,840,840,840,200100
2022-07-11 14:30:00,840,840,840,840,0
2022-07-11 14:31:00,830,830,830,830,1200
2022-07-11 14:32:00,830,830,830,830,0
2022-07-11 14:33:00,830,830,830,830,0
2022-07-11 14:34:00,830,830,830,830,0
2022-07-11 14:35:00,830,830,830,830,0
2022-07-11 14:36:00,830,830,830,830,0
2022-07-11 14:37:00,830,830,830,830,2200
2022-07-11 14:38:00,830,830,830,830,0
2022-07-11 14:39:00,830,830,830,830,0
2022-07-11 14:40:00,835,835,835,835,0
2022-07-11 14:41:00,835,835,835,835,0
2022-07-11 14:42:00,835,835,835,835,0
2022-07-11 14:43:00,835,835,835,835,0
2022-07-11 14:44:00,835,835,835,835,0
2022-07-11 14:45:00,835,835,835,835,0
2022-07-11 14:46:00,835,835,835,835,0
2022-07-11 14:47:00,835,835,835,835,0
2022-07-11 14:48:00,835,835,835,835,0
2022-07-11 14:49:00,835,835,835,835,0
2022-07-11 14:50:00,835,835,835,835,0
2022-07-11 14:51:00,835,835,835,835,0
2022-07-11 14:52:00,835,835,835,835,0
2022-07-11 14:53:00,835,835,835,835,0
2022-07-11 14:54:00,835,835,835,835,0
2022-07-11 14:55:00,835,835,835,835,0
2022-07-11 14:56:00,835,835,835,835,0
2022-07-11 14:57:00,835,835,835,835,0
2022-07-11 14:58:00,835,835,835,835,0
2022-07-11 14:59:00,835,835,835,835,0
2022-07-11 15:00:00,845,845,845,845,34800
2022-07-11 15:01:00,845,845,845,845,5600
2022-07-11 15:02:00,845,845,845,845,0
2022-07-11 15:03:00,845,845,845,845,2000
2022-07-11 15:04:00,845,845,845,845,6400
2022-07-11 15:05:00,845,845,845,845,0
2022-07-11 15:06:00,845,845,845,845,0
2022-07-11 15:07:00,845,845,845,845,700
2022-07-11 15:08:00,845,845,845,845,0
2022-07-11 15:09:00,845,845,845,845,0
2022-07-11 15:10:00,845,845,845,845,0
2022-07-11 15:11:00,845,845,845,845,0
2022-07-11 15:12:00,845,845,845,845,0
2022-07-11 15:13:00,845,845,845,845,0
2022-07-11 15:14:00,845,845,845,845,0
2022-07-11 15:15:00,845,845,845,845,0
2022-07-11 15:16:00,845,845,845,845,0
2022-07-11 15:17:00,845,845,845,845,0
2022-07-11 15:18:00,845,845,845,845,0
2022-07-11 15:19:00,845,845,845,845,0
2022-07-11 15:20:00,845,845,845,845,0
2022-07-11 15:21:00,845,845,845,845,0
2022-07-11 15:22:00,845,845,845,845,0
2022-07-11 15:23:00,845,845,845,845,0
2022-07-11 15:24:00,845,845,845,845,0
2022-07-11 15:25:00,845,845,845,845,0
2022-07-11 15:26:00,845,845,845,845,0
2022-07-11 15:27:00,845,845,845,845,0
2022-07-11 15:28:00,845,845,845,845,0
2022-07-11 15:29:00,845,845,845,845,0
2022-07-11 15:30:00,845,845,845,845,0
2022-07-11 15:31:00,845,845,845,845,0
2022-07-11 15:32:00,845,845,845,845,0
2022-07-11 15:33:00,845,845,845,845,0
2022-07-11 15:34:00,845,845,845,845,0
2022-07-11 15:35:00,845,845,845,845,0
2022-07-11 15:36:00,845,845,845,845,0
2022-07-11 15:37:00,845,845,845,845,0
2022-07-11 15:38:00,845,845,845,845,0
2022-07-11 15:39:00,845,845,845,845,0
2022-07-11 15:40:00,845,845,845,845,0
2022-07-11 15:41:00,845,845,845,845,0
2022-07-11 15:42:00,845,845,845,845,0
2022-07-11 15:43:00,845,845,845,845,0
2022-07-11 15:44:00,845,845,845,845,0
2022-07-11 15:45:00,845,845,845,845,0
2022-07-11 15:46:00,845,845,845,845,0
2022-07-11 15:47:00,845,845,845,845,0
2022-07-11 15:48:00,845,845,845,845,0
2022-07-11 15:49:00,845,845,845,845,0
2022-07-11 15:50:00,845,845,845,845,0
2022-07-11 15:51:00,845,845,845,845,0
2022-07-11 15:52:00,845,845,845,845,0
2022-07-11 15:53:00,845,845,845,845,0
2022-07-11 15:54:00,845,845,845,845,0
2022-07-11 15:55:00,845,845,845,845,0
2022-07-11 15:56:00,845,845,845,845,0
2022-07-11 15:57:00,845,845,845,845,0
2022-07-11 15:58:00,845,845,845,845,0
2022-07-11 15:59:00,845,845,845,845,0
2022-07-12 09:00:00,845,845,870,870,29900
2022-07-12 09:01:00,870,870,875,875,11300
2022-07-12 09:02:00,875,870,875,875,7000
2022-07-12 09:03:00,870,870,875,870,8900
2022-07-12 09:04:00,870,870,870,870,8700
2022-07-12 09:05:00,870,870,875,870,0
2022-07-12 09:06:00,870,870,870,870,29500
2022-07-12 09:07:00,870,870,870,870,5300
2022-07-12 09:08:00,870,870,870,870,0
2022-07-12 09:09:00,870,870,870,870,0
2022-07-12 09:10:00,870,870,870,870,600
2022-07-12 09:11:00,870,870,870,870,3900
2022-07-12 09:12:00,870,870,870,870,8500
2022-07-12 09:13:00,870,870,870,870,3000
2022-07-12 09:14:00,870,870,870,870,25200
2022-07-12 09:15:00,870,870,870,870,0
2022-07-12 09:16:00,870,870,870,870,8700
2022-07-12 09:17:00,870,870,870,870,25900
2022-07-12 09:18:00,870,870,870,870,0
2022-07-12 09:19:00,870,870,870,870,100
2022-07-12 09:20:00,870,870,870,870,0
2022-07-12 09:21:00,870,870,870,870,11300
2022-07-12 09:22:00,870,870,870,870,4100
2022-07-12 09:23:00,870,870,870,870,0
2022-07-12 09:24:00,870,870,870,870,2400
2022-07-12 09:25:00,870,870,870,870,0
2022-07-12 09:26:00,870,870,870,870,2000
2022-07-12 09:27:00,870,870,870,870,5200
2022-07-12 09:28:00,870,870,870,870,2200
2022-07-12 09:29:00,870,870,870,870,0
2022-07-12 09:30:00,875,875,875,875,5200
2022-07-12 09:31:00,870,870,870,870,8700
2022-07-12 09:32:00,870,870,870,870,0
2022-07-12 09:33:00,870,865,870,865,0
2022-07-12 09:34:00,860,860,860,860,20400
2022-07-12 09:35:00,850,850,850,850,499000
2022-07-12 09:36:00,845,845,850,850,125500
2022-07-12 09:37:00,860,855,860,855,32400
2022-07-12 09:38:00,855,855,855,855,155200
2022-07-12 09:39:00,855,855,855,855,0
2022-07-12 09:40:00,860,860,860,860,339400
2022-07-12 09:41:00,860,860,860,860,21200
2022-07-12 09:42:00,865,865,865,865,291100
2022-07-12 09:43:00,865,865,865,865,0
2022-07-12 09:44:00,865,865,865,865,0
2022-07-12 09:45:00,870,870,870,870,0
2022-07-12 09:46:00,870,870,870,870,500
2022-07-12 09:47:00,875,875,875,875,212100
2022-07-12 09:48:00,875,875,875,875,14600
2022-07-12 09:49:00,875,875,875,875,0
2022-07-12 09:50:00,880,880,880,880,0
2022-07-12 09:51:00,875,875,875,875,100
2022-07-12 09:52:00,875,875,875,875,0
2022-07-12 09:53:00,875,875,875,875,1100
2022-07-12 09:54:00,875,875,875,875,0
2022-07-12 09:55:00,875,875,875,875,0
2022-07-12 09:56:00,875,875,875,875,0
2022-07-12 09:57:00,875,875,875,875,0
2022-07-12 09:58:00,875,875,875,875,0
2022-07-12 09:59:00,875,875,875,875,0
2022-07-12 10:00:00,875,875,875,875,0
2022-07-12 10:01:00,875,875,875,875,0
2022-07-12 10:02:00,870,870,870,870,5000
2022-07-12 10:03:00,870,870,870,870,0
2022-07-12 10:04:00,870,870,870,870,11700
2022-07-12 10:05:00,865,865,870,870,0
2022-07-12 10:06:00,865,865,870,870,0
2022-07-12 10:07:00,865,865,870,870,0
2022-07-12 10:08:00,870,865,870,865,1900
2022-07-12 10:09:00,870,865,870,865,0
2022-07-12 10:10:00,870,865,870,865,0
2022-07-12 10:11:00,865,865,865,865,600
2022-07-12 10:12:00,865,865,865,865,0
2022-07-12 10:13:00,865,865,865,865,0
2022-07-12 10:14:00,865,865,865,865,0
2022-07-12 10:15:00,865,865,865,865,0
2022-07-12 10:16:00,865,865,865,865,0
2022-07-12 10:17:00,860,860,860,860,1400
2022-07-12 10:18:00,860,860,860,860,0
2022-07-12 10:19:00,860,860,860,860,0
2022-07-12 10:20:00,860,860,860,860,0
2022-07-12 10:21:00,860,860,860,860,0
2022-07-12 10:22:00,860,860,860,860,0
2022-07-12 10:23:00,860,860,860,860,0
2022-07-12 10:24:00,860,860,860,860,0
2022-07-12 10:25:00,855,855,855,855,7000
2022-07-12 10:26:00,855,855,855,855,0
2022-07-12 10:27:00,860,860,860,860,1700
2022-07-12 10:28:00,860,860,860,860,1000
2022-07-12 10:29:00,860,860,860,860,0
2022-07-12 10:30:00,860,860,860,860,0
2022-07-12 10:31:00,860,860,860,860,0
2022-07-12 10:32:00,860,860,860,860,0
2022-07-12 10:33:00,860,860,860,860,100
2022-07-12 10:34:00,860,860,860,860,0
2022-07-12 10:35:00,860,860,860,860,0
2022-07-12 10:36:00,855,855,855,855,1000
2022-07-12 10:37:00,855,855,855,855,0
2022-07-12 10:38:00,855,855,855,855,0
2022-07-12 10:39:00,855,855,855,855,0
2022-07-12 10:40:00,855,855,855,855,0
2022-07-12 10:41:00,855,855,855,855,0
2022-07-12 10:42:00,855,855,855,855,0
2022-07-12 10:43:00,855,855,855,855,0
2022-07-12 10:44:00,855,855,855,855,0
2022-07-12 10:45:00,855,855,855,855,0
2022-07-12 10:46:00,855,855,855,855,0
2022-07-12 10:47:00,855,855,855,855,1200
2022-07-12 10:48:00,855,855,855,855,0
2022-07-12 10:49:00,860,860,860,860,1200
2022-07-12 10:50:00,860,860,860,860,0
2022-07-12 10:51:00,860,860,860,860,0
2022-07-12 10:52:00,860,860,860,860,0
2022-07-12 10:53:00,855,855,855,855,700
2022-07-12 10:54:00,855,855,855,855,0
2022-07-12 10:55:00,855,855,855,855,1200
2022-07-12 10:56:00,855,850,855,850,0
2022-07-12 10:57:00,850,850,850,850,1200
2022-07-12 10:58:00,850,850,850,850,200
2022-07-12 10:59:00,850,850,850,850,100
2022-07-12 11:00:00,850,850,850,850,600
2022-07-12 11:01:00,850,850,850,850,700
2022-07-12 11:02:00,850,850,850,850,0
2022-07-12 11:03:00,850,850,850,850,300
2022-07-12 11:04:00,850,850,850,850,100
2022-07-12 11:05:00,850,850,850,850,2600
2022-07-12 11:06:00,850,850,850,850,0
2022-07-12 11:07:00,850,850,850,850,200
2022-07-12 11:08:00,850,850,850,850,200
2022-07-12 11:09:00,850,850,850,850,200
2022-07-12 11:10:00,850,850,850,850,400
2022-07-12 11:11:00,850,850,850,850,200
2022-07-12 11:12:00,850,850,850,850,0
2022-07-12 11:13:00,850,850,850,850,300
2022-07-12 11:14:00,850,850,850,850,300
2022-07-12 11:15:00,850,850,850,850,200
2022-07-12 11:16:00,850,850,850,850,900
2022-07-12 11:17:00,850,850,850,850,0
2022-07-12 11:18:00,850,850,850,850,0
2022-07-12 11:19:00,850,850,850,850,100
2022-07-12 11:20:00,850,850,850,850,100
2022-07-12 11:21:00,850,850,850,850,100
2022-07-12 11:22:00,850,850,850,850,200
2022-07-12 11:23:00,850,850,850,850,200
2022-07-12 11:24:00,850,850,850,850,600
2022-07-12 11:25:00,850,850,850,850,300
2022-07-12 11:26:00,850,850,850,850,0
2022-07-12 11:27:00,850,850,850,850,600
2022-07-12 11:28:00,850,850,850,850,700
2022-07-12 11:29:00,850,850,850,850,500
2022-07-12 11:30:00,850,850,850,850,0
2022-07-12 11:31:00,850,850,850,850,0
2022-07-12 11:32:00,850,850,850,850,0
2022-07-12 11:33:00,850,850,850,850,0
2022-07-12 11:34:00,850,850,850,850,0
2022-07-12 11:35:00,850,850,850,850,0
2022-07-12 11:36:00,850,850,850,850,0
2022-07-12 11:37:00,850,850,850,850,0
2022-07-12 11:38:00,850,850,850,850,0
2022-07-12 11:39:00,850,850,850,850,0
2022-07-12 11:40:00,850,850,850,850,0
2022-07-12 11:41:00,850,850,850,850,0
2022-07-12 11:42:00,850,850,850,850,0
2022-07-12 11:43:00,850,850,850,850,0
2022-07-12 11:44:00,850,850,850,850,0
2022-07-12 11:45:00,850,850,850,850,0
2022-07-12 11:46:00,850,850,850,850,0
2022-07-12 11:47:00,850,850,850,850,0
2022-07-12 11:48:00,850,850,850,850,0
2022-07-12 11:49:00,850,850,850,850,0
2022-07-12 11:50:00,850,850,850,850,0
2022-07-12 11:51:00,850,850,850,850,0
2022-07-12 11:52:00,850,850,850,850,0
2022-07-12 11:53:00,850,850,850,850,0
2022-07-12 11:54:00,850,850,850,850,0
2022-07-12 11:55:00,850,850,850,850,0
2022-07-12 11:56:00,850,850,850,850,0
2022-07-12 11:57:00,850,850,850,850,0
2022-07-12 11:58:00,850,850,850,850,0
2022-07-12 11:59:00,850,850,850,850,0
2022-07-12 12:00:00,850,850,850,850,0
2022-07-12 12:01:00,850,850,850,850,0
2022-07-12 12:02:00,850,850,850,850,0
2022-07-12 12:03:00,850,850,850,850,0
2022-07-12 12:04:00,850,850,850,850,0
2022-07-12 12:05:00,850,850,850,850,0
2022-07-12 12:06:00,850,850,850,850,0
2022-07-12 12:07:00,850,850,850,850,0
2022-07-12 12:08:00,850,850,850,850,0
2022-07-12 12:09:00,850,850,850,850,0
2022-07-12 12:10:00,850,850,850,850,0
2022-07-12 12:11:00,850,850,850,850,0
2022-07-12 12:12:00,850,850,850,850,0
2022-07-12 12:13:00,850,850,850,850,0
2022-07-12 12:14:00,850,850,850,850,0
2022-07-12 12:15:00,850,850,850,850,0
2022-07-12 12:16:00,850,850,850,850,0
2022-07-12 12:17:00,850,850,850,850,0
2022-07-12 12:18:00,850,850,850,850,0
2022-07-12 12:19:00,850,850,850,850,0
2022-07-12 12:20:00,850,850,850,850,0
2022-07-12 12:21:00,850,850,850,850,0
2022-07-12 12:22:00,850,850,850,850,0
2022-07-12 12:23:00,850,850,850,850,0
2022-07-12 12:24:00,850,850,850,850,0
2022-07-12 12:25:00,850,850,850,850,0
2022-07-12 12:26:00,850,850,850,850,0
2022-07-12 12:27:00,850,850,850,850,0
2022-07-12 12:28:00,850,850,850,850,0
2022-07-12 12:29:00,850,850,850,850,0
2022-07-12 12:30:00,850,850,850,850,0
2022-07-12 12:31:00,850,850,850,850,0
2022-07-12 12:32:00,850,850,850,850,0
2022-07-12 12:33:00,850,850,850,850,0
2022-07-12 12:34:00,850,850,850,850,0
2022-07-12 12:35:00,850,850,850,850,0
2022-07-12 12:36:00,850,850,850,850,0
2022-07-12 12:37:00,850,850,850,850,0
2022-07-12 12:38:00,850,850,850,850,0
2022-07-12 12:39:00,850,850,850,850,0
2022-07-12 12:40:00,850,850,850,850,0
2022-07-12 12:41:00,850,850,850,850,0
2022-07-12 12:42:00,850,850,850,850,0
2022-07-12 12:43:00,850,850,850,850,0
2022-07-12 12:44:00,850,850,850,850,0
2022-07-12 12:45:00,850,850,850,850,0
2022-07-12 12:46:00,850,850,850,850,0
2022-07-12 12:47:00,850,850,850,850,0
2022-07-12 12:48:00,850,850,850,850,0
2022-07-12 12:49:00,850,850,850,850,0
2022-07-12 12:50:00,850,850,850,850,0
2022-07-12 12:51:00,850,850,850,850,0
2022-07-12 12:52:00,850,850,850,850,0
2022-07-12 12:53:00,850,850,850,850,0
2022-07-12 12:54:00,850,850,850,850,0
2022-07-12 12:55:00,850,850,850,850,0
2022-07-12 12:56:00,850,850,850,850,0
2022-07-12 12:57:00,850,850,850,850,0
2022-07-12 12:58:00,850,850,850,850,0
2022-07-12 12:59:00,850,850,850,850,0
2022-07-12 13:00:00,850,850,850,850,0
2022-07-12 13:01:00,850,850,850,850,0
2022-07-12 13:02:00,850,850,850,850,0
2022-07-12 13:03:00,850,850,850,850,0
2022-07-12 13:04:00,850,850,850,850,0
2022-07-12 13:05:00,850,850,850,850,0
2022-07-12 13:06:00,850,850,850,850,0
2022-07-12 13:07:00,850,850,850,850,0
2022-07-12 13:08:00,850,850,850,850,0
2022-07-12 13:09:00,850,850,850,850,0
2022-07-12 13:10:00,850,850,850,850,0
2022-07-12 13:11:00,850,850,850,850,0
2022-07-12 13:12:00,850,850,850,850,0
2022-07-12 13:13:00,850,850,850,850,0
2022-07-12 13:14:00,850,850,850,850,0
2022-07-12 13:15:00,850,850,850,850,0
2022-07-12 13:16:00,850,850,850,850,0
2022-07-12 13:17:00,850,850,850,850,0
2022-07-12 13:18:00,850,850,850,850,0
2022-07-12 13:19:00,850,850,850,850,0
2022-07-12 13:20:00,850,850,850,850,0
2022-07-12 13:21:00,850,850,850,850,0
2022-07-12 13:22:00,850,850,850,850,0
2022-07-12 13:23:00,850,850,850,850,0
2022-07-12 13:24:00,850,850,850,850,0
2022-07-12 13:25:00,850,850,850,850,0
2022-07-12 13:26:00,850,850,850,850,0
2022-07-12 13:27:00,850,850,850,850,0
2022-07-12 13:28:00,850,850,850,850,0
2022-07-12 13:29:00,850,850,850,850,0
2022-07-12 13:30:00,850,850,855,855,900
2022-07-12 13:31:00,850,850,855,855,0
2022-07-12 13:32:00,850,850,850,850,2000
2022-07-12 13:33:00,850,850,850,850,200
2022-07-12 13:34:00,850,850,850,850,1500
2022-07-12 13:35:00,850,850,850,850,0
2022-07-12 13:36:00,850,850,850,850,3900
2022-07-12 13:37:00,850,850,850,850,0
2022-07-12 13:38:00,850,850,850,850,0
2022-07-12 13:39:00,850,850,850,850,0
2022-07-12 13:40:00,850,850,850,850,1800
2022-07-12 13:41:00,850,850,850,850,0
2022-07-12 13:42:00,850,850,850,850,0
2022-07-12 13:43:00,850,850,850,850,600
2022-07-12 13:44:00,850,850,850,850,1000
2022-07-12 13:45:00,850,850,850,850,1100
2022-07-12 13:46:00,850,850,850,850,300
2022-07-12 13:47:00,850,850,850,850,400
2022-07-12 13:48:00,850,850,850,850,300
2022-07-12 13:49:00,850,850,850,850,400
2022-07-12 13:50:00,850,850,850,850,0
2022-07-12 13:51:00,850,850,850,850,0
2022-07-12 13:52:00,850,850,850,850,0
2022-07-12 13:53:00,850,850,850,850,200
2022-07-12 13:54:00,850,850,850,850,8200
2022-07-12 13:55:00,860,860,860,860,0
2022-07-12 13:56:00,860,860,860,860,0
2022-07-12 13:57:00,860,860,860,860,0
2022-07-12 13:58:00,860,860,860,860,0
2022-07-12 13:59:00,860,860,860,860,0
2022-07-12 14:00:00,860,860,860,860,0
2022-07-12 14:01:00,860,860,860,860,0
2022-07-12 14:02:00,860,860,860,860,0
2022-07-12 14:03:00,860,860,860,860,0
2022-07-12 14:04:00,860,860,860,860,0
2022-07-12 14:05:00,860,860,860,860,0
2022-07-12 14:06:00,850,850,850,850,700
2022-07-12 14:07:00,850,850,850,850,0
2022-07-12 14:08:00,850,850,850,850,3000
2022-07-12 14:09:00,850,850,850,850,0
2022-07-12 14:10:00,850,850,850,850,0
2022-07-12 14:11:00,850,850,850,850,0
2022-07-12 14:12:00,850,850,850,850,0
2022-07-12 14:13:00,850,850,850,850,0
2022-07-12 14:14:00,850,850,850,850,400
2022-07-12 14:15:00,850,850,850,850,0
2022-07-12 14:16:00,850,850,850,850,0
2022-07-12 14:17:00,850,850,850,850,0
2022-07-12 14:18:00,850,850,850,850,0
2022-07-12 14:19:00,850,850,850,850,5400
2022-07-12 14:20:00,850,850,850,850,1100
2022-07-12 14:21:00,855,855,855,855,600
2022-07-12 14:22:00,850,845,850,850,122900
2022-07-12 14:23:00,850,845,850,850,0
2022-07-12 14:24:00,850,850,850,850,200
2022-07-12 14:25:00,850,850,850,850,0
2022-07-12 14:26:00,850,850,850,850,0
2022-07-12 14:27:00,850,850,850,850,0
2022-07-12 14:28:00,850,850,850,850,0
2022-07-12 14:29:00,850,850,850,850,0
2022-07-12 14:30:00,850,850,850,850,1900
2022-07-12 14:31:00,850,850,850,850,0
2022-07-12 14:32:00,850,850,850,850,0
2022-07-12 14:33:00,850,845,850,845,1100
2022-07-12 14:34:00,850,845,850,845,900
2022-07-12 14:35:00,850,845,850,845,0
2022-07-12 14:36:00,850,845,850,845,0
2022-07-12 14:37:00,850,845,850,845,0
2022-07-12 14:38:00,850,845,850,845,0
2022-07-12 14:39:00,850,845,850,845,0
2022-07-12 14:40:00,850,845,850,845,0
2022-07-12 14:41:00,850,845,850,845,0
2022-07-12 14:42:00,850,845,850,845,0
2022-07-12 14:43:00,850,845,850,845,0
2022-07-12 14:44:00,850,845,850,845,0
2022-07-12 14:45:00,850,845,850,845,0
2022-07-12 14:46:00,850,845,850,845,0
2022-07-12 14:47:00,850,845,850,845,0
2022-07-12 14:48:00,850,845,850,845,0
2022-07-12 14:49:00,850,845,850,845,0
2022-07-12 14:50:00,850,845,850,845,0
2022-07-12 14:51:00,850,845,850,845,0
2022-07-12 14:52:00,850,845,850,845,0
2022-07-12 14:53:00,850,845,850,845,0
2022-07-12 14:54:00,850,845,850,845,0
2022-07-12 14:55:00,850,845,850,845,0
2022-07-12 14:56:00,850,845,850,845,0
2022-07-12 14:57:00,850,845,850,845,0
2022-07-12 14:58:00,850,845,850,845,0
2022-07-12 14:59:00,850,845,850,845,0
2022-07-12 15:00:00,845,845,845,845,300
2022-07-12 15:01:00,845,845,845,845,0
2022-07-12 15:02:00,845,845,845,845,100
2022-07-12 15:03:00,845,845,845,845,1100
2022-07-12 15:04:00,845,845,845,845,0
2022-07-12 15:05:00,845,845,845,845,0
2022-07-12 15:06:00,845,845,845,845,0
2022-07-12 15:07:00,845,845,845,845,400
2022-07-12 15:08:00,845,845,845,845,0
2022-07-12 15:09:00,845,845,845,845,0
2022-07-12 15:10:00,845,845,845,845,0
2022-07-12 15:11:00,845,845,845,845,0
2022-07-12 15:12:00,845,845,845,845,0
2022-07-12 15:13:00,845,845,845,845,0
2022-07-12 15:14:00,845,845,845,845,0
2022-07-12 15:15:00,845,845,845,845,0
2022-07-12 15:16:00,845,845,845,845,0
2022-07-12 15:17:00,845,845,845,845,0
2022-07-12 15:18:00,845,845,845,845,0
2022-07-12 15:19:00,845,845,845,845,0
2022-07-12 15:20:00,845,845,845,845,0
2022-07-12 15:21:00,845,845,845,845,0
2022-07-12 15:22:00,845,845,845,845,0
2022-07-12 15:23:00,845,845,845,845,0
2022-07-12 15:24:00,845,845,845,845,0
2022-07-12 15:25:00,845,845,845,845,0
2022-07-12 15:26:00,845,845,845,845,0
2022-07-12 15:27:00,845,845,845,845,0
2022-07-12 15:28:00,845,845,845,845,0
2022-07-12 15:29:00,845,845,845,845,0
2022-07-12 15:30:00,845,845,845,845,0
2022-07-12 15:31:00,845,845,845,845,0
2022-07-12 15:32:00,845,845,845,845,0
2022-07-12 15:33:00,845,845,845,845,0
2022-07-12 15:34:00,845,845,845,845,0
2022-07-12 15:35:00,845,845,845,845,0
2022-07-12 15:36:00,845,845,845,845,0
2022-07-12 15:37:00,845,845,845,845,0
2022-07-12 15:38:00,845,845,845,845,0
2022-07-12 15:39:00,845,845,845,845,0
2022-07-12 15:40:00,845,845,845,845,0
2022-07-12 15:41:00,845,845,845,845,0
2022-07-12 15:42:00,845,845,845,845,0
2022-07-12 15:43:00,845,845,845,845,0
2022-07-12 15:44:00,845,845,845,845,0
2022-07-12 15:45:00,845,845,845,845,0
2022-07-12 15:46:00,845,845,845,845,0
2022-07-12 15:47:00,845,845,845,845,0
2022-07-12 15:48:00,845,845,845,845,0
2022-07-12 15:49:00,845,845,845,845,0
2022-07-12 15:50:00,845,845,845,845,0
2022-07-12 15:51:00,845,845,845,845,0
2022-07-12 15:52:00,845,845,845,845,0
2022-07-12 15:53:00,845,845,845,845,0
2022-07-12 15:54:00,845,845,845,845,0
2022-07-12 15:55:00,845,845,845,845,0
2022-07-12 15:56:00,845,845,845,845,0
2022-07-12 15:57:00,845,845,845,845,0
2022-07-12 15:58:00,845,845,845,845,0
2022-07-12 15:59:00,845,845,845,845,0
2022-07-13 09:00:00,845,845,845,845,0
2022-07-13 09:01:00,845,845,845,845,0
2022-07-13 09:02:00,855,845,855,845,0
2022-07-13 09:03:00,845,845,845,845,200
2022-07-13 09:04:00,845,845,845,845,0
2022-07-13 09:05:00,845,845,845,845,0
2022-07-13 09:06:00,845,845,845,845,800
2022-07-13 09:07:00,845,845,845,845,0
2022-07-13 09:08:00,845,845,845,845,0
2022-07-13 09:09:00,845,845,845,845,0
2022-07-13 09:10:00,865,865,865,865,0
2022-07-13 09:11:00,865,865,865,865,0
2022-07-13 09:12:00,865,865,865,865,0
2022-07-13 09:13:00,865,865,865,865,0
2022-07-13 09:14:00,865,865,865,865,0
2022-07-13 09:15:00,865,865,865,865,0
2022-07-13 09:16:00,860,855,860,855,1000
2022-07-13 09:17:00,860,855,860,855,0
2022-07-13 09:18:00,850,850,850,850,1200
2022-07-13 09:19:00,850,850,850,850,0
2022-07-13 09:20:00,850,850,850,850,0
2022-07-13 09:21:00,850,850,850,850,0
2022-07-13 09:22:00,850,850,850,850,0
2022-07-13 09:23:00,850,850,850,850,0
2022-07-13 09:24:00,850,850,850,850,1300
2022-07-13 09:25:00,850,850,850,850,1400
2022-07-13 09:26:00,845,845,885,885,167600
2022-07-13 09:27:00,885,880,885,885,568100
2022-07-13 09:28:00,885,880,885,880,13100
2022-07-13 09:29:00,880,880,885,885,9700
2022-07-13 09:30:00,885,885,885,885,60400
2022-07-13 09:31:00,885,885,885,885,0
2022-07-13 09:32:00,880,865,880,865,65000
2022-07-13 09:33:00,850,850,850,850,0
2022-07-13 09:34:00,850,850,850,850,0
2022-07-13 09:35:00,850,850,850,850,0
2022-07-13 09:36:00,850,850,850,850,0
2022-07-13 09:37:00,850,850,850,850,0
2022-07-13 09:38:00,850,850,850,850,0
2022-07-13 09:39:00,850,850,850,850,0
2022-07-13 09:40:00,855,855,855,855,0
2022-07-13 09:41:00,855,855,855,855,0
2022-07-13 09:42:00,855,855,855,855,0
2022-07-13 09:43:00,855,855,855,855,0
2022-07-13 09:44:00,855,855,855,855,0
2022-07-13 09:45:00,855,855,855,855,0
2022-07-13 09:46:00,855,855,855,855,100000
2022-07-13 09:47:00,855,855,855,855,0
2022-07-13 09:48:00,855,855,855,855,0
2022-07-13 09:49:00,855,855,855,855,9800
2022-07-13 09:50:00,865,865,865,865,0
2022-07-13 09:51:00,865,865,865,865,0
2022-07-13 09:52:00,865,865,865,865,0
2022-07-13 09:53:00,865,865,865,865,0
2022-07-13 09:54:00,865,865,865,865,0
2022-07-13 09:55:00,865,865,865,865,0
2022-07-13 09:56:00,865,865,865,865,0
2022-07-13 09:57:00,865,865,865,865,0
2022-07-13 09:58:00,865,865,865,865,0
2022-07-13 09:59:00,865,865,865,865,0
2022-07-13 10:00:00,865,865,865,865,0
2022-07-13 10:01:00,865,865,865,865,0
2022-07-13 10:02:00,865,865,865,865,0
2022-07-13 10:03:00,865,865,865,865,0
2022-07-13 10:04:00,865,865,865,865,0
2022-07-13 10:05:00,865,865,865,865,0
2022-07-13 10:06:00,865,865,865,865,0
2022-07-13 10:07:00,865,865,865,865,0
2022-07-13 10:08:00,865,865,865,865,0
2022-07-13 10:09:00,865,865,865,865,0
2022-07-13 10:10:00,865,865,865,865,0
2022-07-13 10:11:00,865,865,865,865,0
2022-07-13 10:12:00,865,865,865,865,0
2022-07-13 10:13:00,865,865,865,865,0
2022-07-13 10:14:00,865,865,865,865,0
2022-07-13 10:15:00,865,865,865,865,0
2022-07-13 10:16:00,865,865,865,865,0
2022-07-13 10:17:00,865,865,865,865,0
2022-07-13 10:18:00,865,865,865,865,0
2022-07-13 10:19:00,865,865,865,865,0
2022-07-13 10:20:00,865,865,865,865,0
2022-07-13 10:21:00,865,865,865,865,100
2022-07-13 10:22:00,865,865,865,865,0
2022-07-13 10:23:00,865,865,865,865,0
2022-07-13 10:24:00,865,865,865,865,0
2022-07-13 10:25:00,865,865,865,865,0
2022-07-13 10:26:00,865,865,865,865,0
2022-07-13 10:27:00,865,865,865,865,0
2022-07-13 10:28:00,865,865,865,865,0
2022-07-13 10:29:00,860,860,860,860,100
2022-07-13 10:30:00,860,860,860,860,0
2022-07-13 10:31:00,860,860,860,860,0
2022-07-13 10:32:00,860,860,860,860,0
2022-07-13 10:33:00,860,860,860,860,0
2022-07-13 10:34:00,860,860,860,860,0
2022-07-13 10:35:00,860,860,860,860,0
2022-07-13 10:36:00,860,860,860,860,0
2022-07-13 10:37:00,860,860,860,860,0
2022-07-13 10:38:00,860,860,860,860,0
2022-07-13 10:39:00,860,860,860,860,0
2022-07-13 10:40:00,860,860,860,860,300
2022-07-13 10:41:00,860,860,860,860,0
2022-07-13 10:42:00,860,860,860,860,0
2022-07-13 10:43:00,860,860,860,860,200
2022-07-13 10:44:00,855,855,855,855,700
2022-07-13 10:45:00,855,855,855,855,0
2022-07-13 10:46:00,855,855,855,855,0
2022-07-13 10:47:00,855,855,855,855,0
2022-07-13 10:48:00,855,855,855,855,0
2022-07-13 10:49:00,855,855,855,855,0
2022-07-13 10:50:00,855,855,855,855,0
2022-07-13 10:51:00,855,855,855,855,0
2022-07-13 10:52:00,855,855,855,855,0
2022-07-13 10:53:00,855,855,855,855,0
2022-07-13 10:54:00,855,855,855,855,0
2022-07-13 10:55:00,855,855,855,855,300
2022-07-13 10:56:00,855,855,855,855,0
2022-07-13 10:57:00,855,855,855,855,0
2022-07-13 10:58:00,855,855,855,855,0
2022-07-13 10:59:00,855,855,855,855,0
2022-07-13 11:00:00,855,855,855,855,0
2022-07-13 11:01:00,855,855,855,855,0
2022-07-13 11:02:00,855,855,855,855,600
2022-07-13 11:03:00,855,855,855,855,2100
2022-07-13 11:04:00,855,855,855,855,0
2022-07-13 11:05:00,855,855,855,855,0
2022-07-13 11:06:00,855,855,855,855,0
2022-07-13 11:07:00,855,855,855,855,0
2022-07-13 11:08:00,855,855,855,855,0
2022-07-13 11:09:00,855,855,855,855,0
2022-07-13 11:10:00,855,855,855,855,0
2022-07-13 11:11:00,855,855,855,855,0
2022-07-13 11:12:00,855,855,855,855,0
2022-07-13 11:13:00,855,855,855,855,0
2022-07-13 11:14:00,855,855,855,855,0
2022-07-13 11:15:00,855,855,855,855,0
2022-07-13 11:16:00,855,855,855,855,600
2022-07-13 11:17:00,855,855,855,855,0
2022-07-13 11:18:00,855,855,855,855,0
2022-07-13 11:19:00,855,855,855,855,0
2022-07-13 11:20:00,855,855,855,855,0
2022-07-13 11:21:00,855,855,855,855,0
2022-07-13 11:22:00,860,860,860,860,0
2022-07-13 11:23:00,855,855,855,855,200
2022-07-13 11:24:00,855,855,855,855,0
2022-07-13 11:25:00,855,855,855,855,0
2022-07-13 11:26:00,855,855,855,855,600
2022-07-13 11:27:00,855,855,855,855,0
2022-07-13 11:28:00,855,855,855,855,0
2022-07-13 11:29:00,855,855,855,855,0
2022-07-13 11:30:00,855,855,855,855,0
2022-07-13 11:31:00,855,855,855,855,0
2022-07-13 11:32:00,855,855,855,855,0
2022-07-13 11:33:00,855,855,855,855,0
2022-07-13 11:34:00,855,855,855,855,0
2022-07-13 11:35:00,855,855,855,855,0
2022-07-13 11:36:00,855,855,855,855,0
2022-07-13 11:37:00,855,855,855,855,0
2022-07-13 11:38:00,855,855,855,855,0
2022-07-13 11:39:00,855,855,855,855,0
2022-07-13 11:40:00,855,855,855,855,0
2022-07-13 11:41:00,855,855,855,855,0
2022-07-13 11:42:00,855,855,855,855,0
2022-07-13 11:43:00,855,855,855,855,0
2022-07-13 11:44:00,855,855,855,855,0
2022-07-13 11:45:00,855,855,855,855,0
2022-07-13 11:46:00,855,855,855,855,0
2022-07-13 11:47:00,855,855,855,855,0
2022-07-13 11:48:00,855,855,855,855,0
2022-07-13 11:49:00,855,855,855,855,0
2022-07-13 11:50:00,855,855,855,855,0
2022-07-13 11:51:00,855,855,855,855,0
2022-07-13 11:52:00,855,855,855,855,0
2022-07-13 11:53:00,855,855,855,855,0
2022-07-13 11:54:00,855,855,855,855,0
2022-07-13 11:55:00,855,855,855,855,0
2022-07-13 11:56:00,855,855,855,855,0
2022-07-13 11:57:00,855,855,855,855,0
2022-07-13 11:58:00,855,855,855,855,0
2022-07-13 11:59:00,855,855,855,855,0
2022-07-13 12:00:00,855,855,855,855,0
2022-07-13 12:01:00,855,855,855,855,0
2022-07-13 12:02:00,855,855,855,855,0
2022-07-13 12:03:00,855,855,855,855,0
2022-07-13 12:04:00,855,855,855,855,0
2022-07-13 12:05:00,855,855,855,855,0
2022-07-13 12:06:00,855,855,855,855,0
2022-07-13 12:07:00,855,855,855,855,0
2022-07-13 12:08:00,855,855,855,855,0
2022-07-13 12:09:00,855,855,855,855,0
2022-07-13 12:10:00,855,855,855,855,0
2022-07-13 12:11:00,855,855,855,855,0
2022-07-13 12:12:00,855,855,855,855,0
2022-07-13 12:13:00,855,855,855,855,0
2022-07-13 12:14:00,855,855,855,855,0
2022-07-13 12:15:00,855,855,855,855,0
2022-07-13 12:16:00,855,855,855,855,0
2022-07-13 12:17:00,855,855,855,855,0
2022-07-13 12:18:00,855,855,855,855,0
2022-07-13 12:19:00,855,855,855,855,0
2022-07-13 12:20:00,855,855,855,855,0
2022-07-13 12:21:00,855,855,855,855,0
2022-07-13 12:22:00,855,855,855,855,0
2022-07-13 12:23:00,855,855,855,855,0
2022-07-13 12:24:00,855,855,855,855,0
2022-07-13 12:25:00,855,855,855,855,0
2022-07-13 12:26:00,855,855,855,855,0
2022-07-13 12:27:00,855,855,855,855,0
2022-07-13 12:28:00,855,855,855,855,0
2022-07-13 12:29:00,855,855,855,855,0
2022-07-13 12:30:00,855,855,855,855,0
2022-07-13 12:31:00,855,855,855,855,0
2022-07-13 12:32:00,855,855,855,855,0
2022-07-13 12:33:00,855,855,855,855,0
2022-07-13 12:34:00,855,855,855,855,0
2022-07-13 12:35:00,855,855,855,855,0
2022-07-13 12:36:00,855,855,855,855,0
2022-07-13 12:37:00,855,855,855,855,0
2022-07-13 12:38:00,855,855,855,855,0
2022-07-13 12:39:00,855,855,855,855,0
2022-07-13 12:40:00,855,855,855,855,0
2022-07-13 12:41:00,855,855,855,855,0
2022-07-13 12:42:00,855,855,855,855,0
2022-07-13 12:43:00,855,855,855,855,0
2022-07-13 12:44:00,855,855,855,855,0
2022-07-13 12:45:00,855,855,855,855,0
2022-07-13 12:46:00,855,855,855,855,0
2022-07-13 12:47:00,855,855,855,855,0
2022-07-13 12:48:00,855,855,855,855,0
2022-07-13 12:49:00,855,855,855,855,0
2022-07-13 12:50:00,855,855,855,855,0
2022-07-13 12:51:00,855,855,855,855,0
2022-07-13 12:52:00,855,855,855,855,0
2022-07-13 12:53:00,855,855,855,855,0
2022-07-13 12:54:00,855,855,855,855,0
2022-07-13 12:55:00,855,855,855,855,0
2022-07-13 12:56:00,855,855,855,855,0
2022-07-13 12:57:00,855,855,855,855,0
2022-07-13 12:58:00,855,855,855,855,0
2022-07-13 12:59:00,855,855,855,855,0
2022-07-13 13:00:00,855,855,855,855,0
2022-07-13 13:01:00,855,855,855,855,0
2022-07-13 13:02:00,855,855,855,855,0
2022-07-13 13:03:00,855,855,855,855,0
2022-07-13 13:04:00,855,855,855,855,0
2022-07-13 13:05:00,855,855,855,855,0
2022-07-13 13:06:00,855,855,855,855,0
2022-07-13 13:07:00,855,855,855,855,0
2022-07-13 13:08:00,855,855,855,855,0
2022-07-13 13:09:00,855,855,855,855,0
2022-07-13 13:10:00,855,855,855,855,0
2022-07-13 13:11:00,855,855,855,855,0
2022-07-13 13:12:00,855,855,855,855,0
2022-07-13 13:13:00,855,855,855,855,0
2022-07-13 13:14:00,855,855,855,855,0
2022-07-13 13:15:00,855,855,855,855,0
2022-07-13 13:16:00,855,855,855,855,0
2022-07-13 13:17:00,855,855,855,855,0
2022-07-13 13:18:00,855,855,855,855,0
2022-07-13 13:19:00,855,855,855,855,0
2022-07-13 13:20:00,855,855,855,855,0
2022-07-13 13:21:00,855,855,855,855,0
2022-07-13 13:22:00,855,855,855,855,0
2022-07-13 13:23:00,855,855,855,855,0
2022-07-13 13:24:00,855,855,855,855,0
2022-07-13 13:25:00,855,855,855,855,0
2022-07-13 13:26:00,855,855,855,855,0
2022-07-13 13:27:00,855,855,855,855,0
2022-07-13 13:28:00,855,855,855,855,0
2022-07-13 13:29:00,855,855,855,855,0
2022-07-13 13:30:00,855,855,855,855,0
2022-07-13 13:31:00,855,855,855,855,0
2022-07-13 13:32:00,855,855,855,855,0
2022-07-13 13:33:00,855,855,855,855,600
2022-07-13 13:34:00,855,855,855,855,0
2022-07-13 13:35:00,855,855,855,855,0
2022-07-13 13:36:00,855,855,855,855,0
2022-07-13 13:37:00,855,855,855,855,0
2022-07-13 13:38:00,855,855,855,855,0
2022-07-13 13:39:00,855,855,855,855,0
2022-07-13 13:40:00,855,855,855,855,600
2022-07-13 13:41:00,855,855,855,855,1800
2022-07-13 13:42:00,855,855,855,855,0
2022-07-13 13:43:00,855,855,855,855,0
2022-07-13 13:44:00,855,855,855,855,500
2022-07-13 13:45:00,855,855,855,855,0
2022-07-13 13:46:00,855,855,855,855,0
2022-07-13 13:47:00,855,855,855,855,0
2022-07-13 13:48:00,855,855,855,855,200
2022-07-13 13:49:00,855,855,855,855,0
2022-07-13 13:50:00,855,855,855,855,0
2022-07-13 13:51:00,855,855,855,855,0
2022-07-13 13:52:00,855,855,855,855,0
2022-07-13 13:53:00,855,855,855,855,0
2022-07-13 13:54:00,855,855,855,855,0
2022-07-13 13:55:00,855,855,855,855,0
2022-07-13 13:56:00,855,855,855,855,200
2022-07-13 13:57:00,855,855,855,855,0
2022-07-13 13:58:00,855,850,855,850,360600
2022-07-13 13:59:00,855,850,855,850,0
2022-07-13 14:00:00,850,850,850,850,0
2022-07-13 14:01:00,850,850,850,850,0
2022-07-13 14:02:00,850,850,850,850,0
2022-07-13 14:03:00,850,850,850,850,0
2022-07-13 14:04:00,850,850,850,850,0
2022-07-13 14:05:00,850,850,850,850,0
2022-07-13 14:06:00,850,850,850,850,0
2022-07-13 14:07:00,850,850,850,850,0
2022-07-13 14:08:00,850,850,850,850,0
2022-07-13 14:09:00,850,850,850,850,1300
2022-07-13 14:10:00,850,850,850,850,0
2022-07-13 14:11:00,850,850,850,850,0
2022-07-13 14:12:00,850,850,850,850,200
2022-07-13 14:13:00,850,850,850,850,23900
2022-07-13 14:14:00,855,855,855,855,188000
2022-07-13 14:15:00,855,855,855,855,0
2022-07-13 14:16:00,855,855,855,855,0
2022-07-13 14:17:00,855,855,855,855,0
2022-07-13 14:18:00,855,855,855,855,0
2022-07-13 14:19:00,855,855,855,855,0
2022-07-13 14:20:00,855,855,855,855,0
2022-07-13 14:21:00,855,855,855,855,0
2022-07-13 14:22:00,855,855,855,855,0
2022-07-13 14:23:00,855,855,855,855,0
2022-07-13 14:24:00,855,855,855,855,0
2022-07-13 14:25:00,850,850,850,850,19000
2022-07-13 14:26:00,850,850,850,850,0
2022-07-13 14:27:00,850,850,850,850,0
2022-07-13 14:28:00,850,850,850,850,0
2022-07-13 14:29:00,850,850,850,850,0
2022-07-13 14:30:00,850,850,850,850,0
2022-07-13 14:31:00,855,855,860,860,0
2022-07-13 14:32:00,855,855,860,860,0
2022-07-13 14:33:00,855,855,860,860,0
2022-07-13 14:34:00,855,855,860,860,0
2022-07-13 14:35:00,855,855,860,860,0
2022-07-13 14:36:00,860,860,860,860,1000
2022-07-13 14:37:00,860,860,860,860,0
2022-07-13 14:38:00,860,860,860,860,0
2022-07-13 14:39:00,860,860,860,860,4500
2022-07-13 14:40:00,860,860,860,860,0
2022-07-13 14:41:00,860,860,860,860,0
2022-07-13 14:42:00,860,860,860,860,0
2022-07-13 14:43:00,860,860,860,860,0
2022-07-13 14:44:00,860,860,860,860,0
2022-07-13 14:45:00,860,860,860,860,0
2022-07-13 14:46:00,860,860,860,860,0
2022-07-13 14:47:00,860,860,860,860,0
2022-07-13 14:48:00,860,860,860,860,0
2022-07-13 14:49:00,860,860,860,860,0
2022-07-13 14:50:00,860,860,860,860,0
2022-07-13 14:51:00,860,860,860,860,0
2022-07-13 14:52:00,860,860,860,860,0
2022-07-13 14:53:00,860,860,860,860,0
2022-07-13 14:54:00,860,860,860,860,0
2022-07-13 14:55:00,860,860,860,860,0
2022-07-13 14:56:00,860,860,860,860,0
2022-07-13 14:57:00,860,860,860,860,0
2022-07-13 14:58:00,860,860,860,860,0
2022-07-13 14:59:00,860,860,860,860,0
2022-07-13 15:00:00,850,850,850,850,6900
2022-07-13 15:01:00,850,850,850,850,0
2022-07-13 15:02:00,850,850,850,850,86000
2022-07-13 15:03:00,850,850,850,850,0
2022-07-13 15:04:00,850,850,850,850,0
2022-07-13 15:05:00,850,850,850,850,0
2022-07-13 15:06:00,850,850,850,850,0
2022-07-13 15:07:00,850,850,850,850,0
2022-07-13 15:08:00,850,850,850,850,800
2022-07-13 15:09:00,850,850,850,850,0
2022-07-13 15:10:00,850,850,850,850,0
2022-07-13 15:11:00,850,850,850,850,0
2022-07-13 15:12:00,850,850,850,850,0
2022-07-13 15:13:00,850,850,850,850,1559100
2022-07-13 15:14:00,850,850,850,850,0
2022-07-13 15:15:00,850,850,850,850,0
2022-07-13 15:16:00,850,850,850,850,0
2022-07-13 15:17:00,850,850,850,850,0
2022-07-13 15:18:00,850,850,850,850,0
2022-07-13 15:19:00,850,850,850,850,0
2022-07-13 15:20:00,850,850,850,850,0
2022-07-13 15:21:00,850,850,850,850,0
2022-07-13 15:22:00,850,850,850,850,0
2022-07-13 15:23:00,850,850,850,850,0
2022-07-13 15:24:00,850,850,850,850,0
2022-07-13 15:25:00,850,850,850,850,0
2022-07-13 15:26:00,850,850,850,850,0
2022-07-13 15:27:00,850,850,850,850,0
2022-07-13 15:28:00,850,850,850,850,0
2022-07-13 15:29:00,850,850,850,850,0
2022-07-13 15:30:00,850,850,850,850,0
2022-07-13 15:31:00,850,850,850,850,0
2022-07-13 15:32:00,850,850,850,850,0
2022-07-13 15:33:00,850,850,850,850,0
2022-07-13 15:34:00,850,850,850,850,0
2022-07-13 15:35:00,850,850,850,850,0
2022-07-13 15:36:00,850,850,850,850,0
2022-07-13 15:37:00,850,850,850,850,0
2022-07-13 15:38:00,850,850,850,850,0
2022-07-13 15:39:00,850,850,850,850,0
2022-07-13 15:40:00,850,850,850,850,0
2022-07-13 15:41:00,850,850,850,850,0
2022-07-13 15:42:00,850,850,850,850,0
2022-07-13 15:43:00,850,850,850,850,0
2022-07-13 15:44:00,850,850,850,850,0
2022-07-13 15:45:00,850,850,850,850,0
2022-07-13 15:46:00,850,850,850,850,0
2022-07-13 15:47:00,850,850,850,850,0
2022-07-13 15:48:00,850,850,850,850,0
2022-07-13 15:49:00,850,850,850,850,0
2022-07-13 15:50:00,850,850,850,850,0
2022-07-13 15:51:00,850,850,850,850,0
2022-07-13 15:52:00,850,850,850,850,0
2022-07-13 15:53:00,850,850,850,850,0
2022-07-13 15:54:00,850,850,850,850,0
2022-07-13 15:55:00,850,850,850,850,0
2022-07-13 15:56:00,850,850,850,850,0
2022-07-13 15:57:00,850,850,850,850,0
2022-07-13 15:58:00,850,850,850,850,0
2022-07-13 15:59:00,850,850,850,850,0
2022-07-14 09:00:00,850,850,850,850,0
2022-07-14 09:01:00,850,850,850,850,0
2022-07-14 09:02:00,850,850,850,850,900
2022-07-14 09:03:00,850,850,850,850,2700
2022-07-14 09:04:00,850,850,850,850,0
2022-07-14 09:05:00,850,850,850,850,0
2022-07-14 09:06:00,850,850,850,850,0
2022-07-14 09:07:00,850,850,850,850,0
2022-07-14 09:08:00,850,850,850,850,0
2022-07-14 09:09:00,850,850,850,850,0
2022-07-14 09:10:00,850,850,850,850,0
2022-07-14 09:11:00,850,850,850,850,0
2022-07-14 09:12:00,850,850,850,850,100
2022-07-14 09:13:00,850,850,850,850,0
2022-07-14 09:14:00,850,850,850,850,0
2022-07-14 09:15:00,845,845,845,845,15200
2022-07-14 09:16:00,845,845,845,845,0
2022-07-14 09:17:00,845,845,845,845,0
2022-07-14 09:18:00,845,845,845,845,0
2022-07-14 09:19:00,845,845,845,845,0
2022-07-14 09:20:00,845,845,845,845,0
2022-07-14 09:21:00,845,845,845,845,0
2022-07-14 09:22:00,850,850,850,850,0
2022-07-14 09:23:00,850,850,850,850,0
2022-07-14 09:24:00,850,850,850,850,0
2022-07-14 09:25:00,850,850,850,850,302300
2022-07-14 09:26:00,850,850,850,850,10500
2022-07-14 09:27:00,855,855,855,855,197800
2022-07-14 09:28:00,855,855,855,855,152200
2022-07-14 09:29:00,860,860,870,870,241700
2022-07-14 09:30:00,860,860,870,870,0
2022-07-14 09:31:00,860,860,870,870,0
2022-07-14 09:32:00,860,860,870,870,0
2022-07-14 09:33:00,865,865,865,865,291900
2022-07-14 09:34:00,865,865,865,865,0
2022-07-14 09:35:00,870,865,870,865,0
2022-07-14 09:36:00,865,865,865,865,15000
2022-07-14 09:37:00,865,865,865,865,3700
2022-07-14 09:38:00,865,860,865,860,3300
2022-07-14 09:39:00,865,860,865,860,0
2022-07-14 09:40:00,865,860,865,860,0
2022-07-14 09:41:00,865,860,865,860,0
2022-07-14 09:42:00,860,860,860,860,3000
2022-07-14 09:43:00,855,855,855,855,0
2022-07-14 09:44:00,860,860,860,860,1000
2022-07-14 09:45:00,860,860,860,860,0
2022-07-14 09:46:00,860,860,860,860,300
2022-07-14 09:47:00,860,860,860,860,0
2022-07-14 09:48:00,860,860,860,860,0
2022-07-14 09:49:00,860,860,860,860,0
2022-07-14 09:50:00,860,860,860,860,0
2022-07-14 09:51:00,860,860,860,860,0
2022-07-14 09:52:00,860,860,860,860,0
2022-07-14 09:53:00,860,860,860,860,0
2022-07-14 09:54:00,860,860,860,860,0
2022-07-14 09:55:00,860,860,860,860,0
2022-07-14 09:56:00,860,860,860,860,0
2022-07-14 09:57:00,855,855,855,855,7900
2022-07-14 09:58:00,850,850,850,850,0
2022-07-14 09:59:00,850,850,850,850,0
2022-07-14 10:00:00,855,855,870,870,6300
2022-07-14 10:01:00,855,855,870,870,0
2022-07-14 10:02:00,850,850,850,850,1100
2022-07-14 10:03:00,850,850,850,850,0
2022-07-14 10:04:00,850,850,850,850,0
2022-07-14 10:05:00,850,850,850,850,0
2022-07-14 10:06:00,850,850,850,850,0
2022-07-14 10:07:00,850,850,850,850,0
2022-07-14 10:08:00,850,850,850,850,0
2022-07-14 10:09:00,850,850,850,850,0
2022-07-14 10:10:00,850,850,850,850,0
2022-07-14 10:11:00,850,850,850,850,0
2022-07-14 10:12:00,850,850,850,850,0
2022-07-14 10:13:00,870,870,870,870,200
2022-07-14 10:14:00,870,870,870,870,0
2022-07-14 10:15:00,870,870,870,870,0
2022-07-14 10:16:00,870,870,870,870,0
2022-07-14 10:17:00,870,870,870,870,0
2022-07-14 10:18:00,870,870,870,870,0
2022-07-14 10:19:00,870,870,870,870,0
2022-07-14 10:20:00,870,870,870,870,0
2022-07-14 10:21:00,870,870,870,870,0
2022-07-14 10:22:00,870,870,870,870,0
2022-07-14 10:23:00,870,870,870,870,100
2022-07-14 10:24:00,855,855,855,855,0
2022-07-14 10:25:00,855,855,855,855,0
2022-07-14 10:26:00,855,855,855,855,0
2022-07-14 10:27:00,855,855,855,855,0
2022-07-14 10:28:00,855,855,855,855,0
2022-07-14 10:29:00,855,855,855,855,0
2022-07-14 10:30:00,855,855,855,855,0
2022-07-14 10:31:00,855,855,855,855,0
2022-07-14 10:32:00,855,855,855,855,0
2022-07-14 10:33:00,855,855,855,855,0
2022-07-14 10:34:00,855,855,855,855,0
2022-07-14 10:35:00,855,855,855,855,0
2022-07-14 10:36:00,855,855,855,855,0
2022-07-14 10:37:00,855,855,855,855,0
2022-07-14 10:38:00,855,855,855,855,0
2022-07-14 10:39:00,855,855,855,855,0
2022-07-14 10:40:00,855,855,855,855,0
2022-07-14 10:41:00,860,860,860,860,300
2022-07-14 10:42:00,860,860,860,860,0
2022-07-14 10:43:00,860,860,860,860,0
2022-07-14 10:44:00,860,860,860,860,0
2022-07-14 10:45:00,855,855,855,855,100
2022-07-14 10:46:00,855,855,855,855,0
2022-07-14 10:47:00,855,855,855,855,0
2022-07-14 10:48:00,855,855,855,855,0
2022-07-14 10:49:00,855,855,855,855,0
2022-07-14 10:50:00,855,855,855,855,0
2022-07-14 10:51:00,855,855,855,855,0
2022-07-14 10:52:00,855,855,855,855,0
2022-07-14 10:53:00,855,855,855,855,0
2022-07-14 10:54:00,855,855,855,855,0
2022-07-14 10:55:00,855,855,855,855,0
2022-07-14 10:56:00,855,855,855,855,0
2022-07-14 10:57:00,855,855,855,855,0
2022-07-14 10:58:00,855,855,855,855,0
2022-07-14 10:59:00,855,855,855,855,0
2022-07-14 11:00:00,855,855,855,855,0
2022-07-14 11:01:00,855,855,855,855,0
2022-07-14 11:02:00,855,855,855,855,0
2022-07-14 11:03:00,855,855,855,855,0
2022-07-14 11:04:00,855,855,855,855,0
2022-07-14 11:05:00,855,855,855,855,400
2022-07-14 11:06:00,855,855,855,855,0
2022-07-14 11:07:00,855,845,860,860,41800
2022-07-14 11:08:00,855,845,860,860,0
2022-07-14 11:09:00,855,845,860,860,0
2022-07-14 11:10:00,855,845,860,860,0
2022-07-14 11:11:00,860,860,860,860,200
2022-07-14 11:12:00,860,860,860,860,0
2022-07-14 11:13:00,860,860,860,860,0
2022-07-14 11:14:00,860,860,860,860,0
2022-07-14 11:15:00,860,860,860,860,0
2022-07-14 11:16:00,860,860,860,860,0
2022-07-14 11:17:00,860,860,860,860,0
2022-07-14 11:18:00,860,860,860,860,0
2022-07-14 11:19:00,855,855,855,855,100
2022-07-14 11:20:00,855,855,855,855,0
2022-07-14 11:21:00,855,855,855,855,0
2022-07-14 11:22:00,855,855,855,855,1700
2022-07-14 11:23:00,855,855,855,855,0
2022-07-14 11:24:00,855,855,855,855,0
2022-07-14 11:25:00,855,855,855,855,0
2022-07-14 11:26:00,855,855,855,855,0
2022-07-14 11:27:00,855,855,855,855,0
2022-07-14 11:28:00,855,855,855,855,100
2022-07-14 11:29:00,855,855,855,855,0
2022-07-14 11:30:00,855,855,855,855,0
2022-07-14 11:31:00,855,855,855,855,0
2022-07-14 11:32:00,855,855,855,855,0
2022-07-14 11:33:00,855,855,855,855,0
2022-07-14 11:34:00,855,855,855,855,0
2022-07-14 11:35:00,855,855,855,855,0
2022-07-14 11:36:00,855,855,855,855,0
2022-07-14 11:37:00,855,855,855,855,0
2022-07-14 11:38:00,855,855,855,855,0
2022-07-14 11:39:00,855,855,855,855,0
2022-07-14 11:40:00,855,855,855,855,0
2022-07-14 11:41:00,855,855,855,855,0
2022-07-14 11:42:00,855,855,855,855,0
2022-07-14 11:43:00,855,855,855,855,0
2022-07-14 11:44:00,855,855,855,855,0
2022-07-14 11:45:00,855,855,855,855,0
2022-07-14 11:46:00,855,855,855,855,0
2022-07-14 11:47:00,855,855,855,855,0
2022-07-14 11:48:00,855,855,855,855,0
2022-07-14 11:49:00,855,855,855,855,0
2022-07-14 11:50:00,855,855,855,855,0
2022-07-14 11:51:00,855,855,855,855,0
2022-07-14 11:52:00,855,855,855,855,0
2022-07-14 11:53:00,855,855,855,855,0
2022-07-14 11:54:00,855,855,855,855,0
2022-07-14 11:55:00,855,855,855,855,0
2022-07-14 11:56:00,855,855,855,855,0
2022-07-14 11:57:00,855,855,855,855,0
2022-07-14 11:58:00,855,855,855,855,0
2022-07-14 11:59:00,855,855,855,855,0
2022-07-14 12:00:00,855,855,855,855,0
2022-07-14 12:01:00,855,855,855,855,0
2022-07-14 12:02:00,855,855,855,855,0
2022-07-14 12:03:00,855,855,855,855,0
2022-07-14 12:04:00,855,855,855,855,0
2022-07-14 12:05:00,855,855,855,855,0
2022-07-14 12:06:00,855,855,855,855,0
2022-07-14 12:07:00,855,855,855,855,0
2022-07-14 12:08:00,855,855,855,855,0
2022-07-14 12:09:00,855,855,855,855,0
2022-07-14 12:10:00,855,855,855,855,0
2022-07-14 12:11:00,855,855,855,855,0
2022-07-14 12:12:00,855,855,855,855,0
2022-07-14 12:13:00,855,855,855,855,0
2022-07-14 12:14:00,855,855,855,855,0
2022-07-14 12:15:00,855,855,855,855,0
2022-07-14 12:16:00,855,855,855,855,0
2022-07-14 12:17:00,855,855,855,855,0
2022-07-14 12:18:00,855,855,855,855,0
2022-07-14 12:19:00,855,855,855,855,0
2022-07-14 12:20:00,855,855,855,855,0
2022-07-14 12:21:00,855,855,855,855,0
2022-07-14 12:22:00,855,855,855,855,0
2022-07-14 12:23:00,855,855,855,855,0
2022-07-14 12:24:00,855,855,855,855,0
2022-07-14 12:25:00,855,855,855,855,0
2022-07-14 12:26:00,855,855,855,855,0
2022-07-14 12:27:00,855,855,855,855,0
2022-07-14 12:28:00,855,855,855,855,0
2022-07-14 12:29:00,855,855,855,855,0
2022-07-14 12:30:00,855,855,855,855,0
2022-07-14 12:31:00,855,855,855,855,0
2022-07-14 12:32:00,855,855,855,855,0
2022-07-14 12:33:00,855,855,855,855,0
2022-07-14 12:34:00,855,855,855,855,0
2022-07-14 12:35:00,855,855,855,855,0
2022-07-14 12:36:00,855,855,855,855,0
2022-07-14 12:37:00,855,855,855,855,0
2022-07-14 12:38:00,855,855,855,855,0
2022-07-14 12:39:00,855,855,855,855,0
2022-07-14 12:40:00,855,855,855,855,0
2022-07-14 12:41:00,855,855,855,855,0
2022-07-14 12:42:00,855,855,855,855,0
2022-07-14 12:43:00,855,855,855,855,0
2022-07-14 12:44:00,855,855,855,855,0
2022-07-14 12:45:00,855,855,855,855,0
2022-07-14 12:46:00,855,855,855,855,0
2022-07-14 12:47:00,855,855,855,855,0
2022-07-14 12:48:00,855,855,855,855,0
2022-07-14 12:49:00,855,855,855,855,0
2022-07-14 12:50:00,855,855,855,855,0
2022-07-14 12:51:00,855,855,855,855,0
2022-07-14 12:52:00,855,855,855,855,0
2022-07-14 12:53:00,855,855,855,855,0
2022-07-14 12:54:00,855,855,855,855,0
2022-07-14 12:55:00,855,855,855,855,0
2022-07-14 12:56:00,855,855,855,855,0
2022-07-14 12:57:00,855,855,855,855,0
2022-07-14 12:58:00,855,855,855,855,0
2022-07-14 12:59:00,855,855,855,855,0
2022-07-14 13:00:00,855,855,855,855,0
2022-07-14 13:01:00,855,855,855,855,0
2022-07-14 13:02:00,855,855,855,855,0
2022-07-14 13:03:00,855,855,855,855,0
2022-07-14 13:04:00,855,855,855,855,0
2022-07-14 13:05:00,855,855,855,855,0
2022-07-14 13:06:00,855,855,855,855,0
2022-07-14 13:07:00,855,855,855,855,0
2022-07-14 13:08:00,855,855,855,855,0
2022-07-14 13:09:00,855,855,855,855,0
2022-07-14 13:10:00,855,855,855,855,0
2022-07-14 13:11:00,855,855,855,855,0
2022-07-14 13:12:00,855,855,855,855,0
2022-07-14 13:13:00,855,855,855,855,0
2022-07-14 13:14:00,855,855,855,855,0
2022-07-14 13:15:00,855,855,855,855,0
2022-07-14 13:16:00,855,855,855,855,0
2022-07-14 13:17:00,855,855,855,855,0
2022-07-14 13:18:00,855,855,855,855,0
2022-07-14 13:19:00,855,855,855,855,0
2022-07-14 13:20:00,855,855,855,855,0
2022-07-14 13:21:00,855,855,855,855,0
2022-07-14 13:22:00,855,855,855,855,0
2022-07-14 13:23:00,855,855,855,855,0
2022-07-14 13:24:00,855,855,855,855,0
2022-07-14 13:25:00,855,855,855,855,0
2022-07-14 13:26:00,855,855,855,855,0
2022-07-14 13:27:00,855,855,855,855,0
2022-07-14 13:28:00,855,855,855,855,0
2022-07-14 13:29:00,855,855,855,855,0
2022-07-14 13:30:00,855,855,855,855,10900
2022-07-14 13:31:00,855,855,855,855,0
2022-07-14 13:32:00,855,855,855,855,0
2022-07-14 13:33:00,855,855,855,855,0
2022-07-14 13:34:00,855,855,855,855,0
2022-07-14 13:35:00,855,855,855,855,500
2022-07-14 13:36:00,855,855,855,855,0
2022-07-14 13:37:00,855,855,855,855,0
2022-07-14 13:38:00,850,840,850,840,4300
2022-07-14 13:39:00,840,840,840,840,200
2022-07-14 13:40:00,840,840,840,840,0
2022-07-14 13:41:00,840,840,840,840,0
2022-07-14 13:42:00,840,840,840,840,0
2022-07-14 13:43:00,840,840,840,840,22400
2022-07-14 13:44:00,855,855,855,855,0
2022-07-14 13:45:00,855,855,855,855,0
2022-07-14 13:46:00,855,855,855,855,0
2022-07-14 13:47:00,855,855,855,855,0
2022-07-14 13:48:00,855,855,855,855,0
2022-07-14 13:49:00,855,855,855,855,0
2022-07-14 13:50:00,855,855,855,855,0
2022-07-14 13:51:00,855,855,855,855,0
2022-07-14 13:52:00,855,855,855,855,800
2022-07-14 13:53:00,855,855,855,855,0
2022-07-14 13:54:00,855,855,855,855,0
2022-07-14 13:55:00,855,855,855,855,0
2022-07-14 13:56:00,855,855,855,855,0
2022-07-14 13:57:00,855,855,855,855,0
2022-07-14 13:58:00,855,855,855,855,0
2022-07-14 13:59:00,855,855,855,855,0
2022-07-14 14:00:00,855,855,855,855,0
2022-07-14 14:01:00,855,855,855,855,0
2022-07-14 14:02:00,855,855,855,855,0
2022-07-14 14:03:00,855,855,855,855,0
2022-07-14 14:04:00,855,855,855,855,0
2022-07-14 14:05:00,855,855,855,855,0
2022-07-14 14:06:00,855,855,855,855,0
2022-07-14 14:07:00,855,855,855,855,0
2022-07-14 14:08:00,855,855,855,855,0
2022-07-14 14:09:00,855,855,855,855,0
2022-07-14 14:10:00,845,795,845,795,77100
2022-07-14 14:11:00,795,795,840,800,252600
2022-07-14 14:12:00,820,820,820,820,500
2022-07-14 14:13:00,825,825,825,825,9700
2022-07-14 14:14:00,825,825,830,830,3500
2022-07-14 14:15:00,825,825,830,830,0
2022-07-14 14:16:00,830,830,830,830,0
2022-07-14 14:17:00,830,830,830,830,0
2022-07-14 14:18:00,815,815,830,830,45100
2022-07-14 14:19:00,815,815,830,830,0
2022-07-14 14:20:00,830,830,830,830,0
2022-07-14 14:21:00,830,830,830,830,0
2022-07-14 14:22:00,815,810,815,815,17000
2022-07-14 14:23:00,815,815,815,815,20900
2022-07-14 14:24:00,815,810,815,810,230000
2022-07-14 14:25:00,810,810,810,810,25500
2022-07-14 14:26:00,810,810,810,810,0
2022-07-14 14:27:00,820,820,820,820,0
2022-07-14 14:28:00,820,820,820,820,0
2022-07-14 14:29:00,820,820,820,820,100
2022-07-14 14:30:00,820,820,820,820,0
2022-07-14 14:31:00,815,815,815,815,100
2022-07-14 14:32:00,815,815,815,815,600
2022-07-14 14:33:00,815,815,815,815,0
2022-07-14 14:34:00,815,815,815,815,3200
2022-07-14 14:35:00,815,815,815,815,0
2022-07-14 14:36:00,815,815,815,815,0
2022-07-14 14:37:00,815,815,815,815,0
2022-07-14 14:38:00,815,815,815,815,0
2022-07-14 14:39:00,820,815,840,815,43100
2022-07-14 14:40:00,820,815,840,815,0
2022-07-14 14:41:00,820,815,840,815,0
2022-07-14 14:42:00,820,815,840,815,0
2022-07-14 14:43:00,820,815,840,815,0
2022-07-14 14:44:00,820,815,840,815,0
2022-07-14 14:45:00,820,820,820,820,1000
2022-07-14 14:46:00,820,820,820,820,0
2022-07-14 14:47:00,820,820,820,820,0
2022-07-14 14:48:00,820,820,820,820,0
2022-07-14 14:49:00,820,820,820,820,4200
2022-07-14 14:50:00,820,820,820,820,0
2022-07-14 14:51:00,820,820,820,820,0
2022-07-14 14:52:00,820,820,820,820,0
2022-07-14 14:53:00,820,820,820,820,0
2022-07-14 14:54:00,820,820,820,820,0
2022-07-14 14:55:00,820,820,820,820,0
2022-07-14 14:56:00,820,820,820,820,0
2022-07-14 14:57:00,820,820,820,820,0
2022-07-14 14:58:00,820,820,820,820,0
2022-07-14 14:59:00,820,820,820,820,0
2022-07-14 15:00:00,820,820,820,820,0
2022-07-14 15:01:00,820,820,820,820,0
2022-07-14 15:02:00,820,820,820,820,0
2022-07-14 15:03:00,820,820,820,820,0
2022-07-14 15:04:00,820,820,820,820,0
2022-07-14 15:05:00,820,820,820,820,0
2022-07-14 15:06:00,820,820,820,820,0
2022-07-14 15:07:00,820,820,820,820,0
2022-07-14 15:08:00,820,820,820,820,0
2022-07-14 15:09:00,820,820,820,820,0
2022-07-14 15:10:00,820,820,820,820,0
2022-07-14 15:11:00,820,820,820,820,0
2022-07-14 15:12:00,820,820,820,820,0
2022-07-14 15:13:00,820,820,820,820,0
2022-07-14 15:14:00,820,820,820,820,0
2022-07-14 15:15:00,820,820,820,820,0
2022-07-14 15:16:00,820,820,820,820,0
2022-07-14 15:17:00,820,820,820,820,0
2022-07-14 15:18:00,820,820,820,820,0
2022-07-14 15:19:00,820,820,820,820,0
2022-07-14 15:20:00,820,820,820,820,0
2022-07-14 15:21:00,820,820,820,820,0
2022-07-14 15:22:00,820,820,820,820,0
2022-07-14 15:23:00,820,820,820,820,0
2022-07-14 15:24:00,820,820,820,820,0
2022-07-14 15:25:00,820,820,820,820,0
2022-07-14 15:26:00,820,820,820,820,0
2022-07-14 15:27:00,820,820,820,820,0
2022-07-14 15:28:00,820,820,820,820,0
2022-07-14 15:29:00,820,820,820,820,0
2022-07-14 15:30:00,820,820,820,820,0
2022-07-14 15:31:00,820,820,820,820,0
2022-07-14 15:32:00,820,820,820,820,0
2022-07-14 15:33:00,820,820,820,820,0
2022-07-14 15:34:00,820,820,820,820,0
2022-07-14 15:35:00,820,820,820,820,0
2022-07-14 15:36:00,820,820,820,820,0
2022-07-14 15:37:00,820,820,820,820,0
2022-07-14 15:38:00,820,820,820,820,0
2022-07-14 15:39:00,820,820,820,820,0
2022-07-14 15:40:00,820,820,820,820,0
2022-07-14 15:41:00,820,820,820,820,0
2022-07-14 15:42:00,820,820,820,820,0
2022-07-14 15:43:00,820,820,820,820,0
2022-07-14 15:44:00,820,820,820,820,0
2022-07-14 15:45:00,820,820,820,820,0
2022-07-14 15:46:00,820,820,820,820,0
2022-07-14 15:47:00,820,820,820,820,0
2022-07-14 15:48:00,820,820,820,820,0
2022-07-14 15:49:00,820,820,820,820,0
2022-07-14 15:50:00,820,820,820,820,0
2022-07-14 15:51:00,820,820,820,820,0
2022-07-14 15:52:00,820,820,820,820,0
2022-07-14 15:53:00,820,820,820,820,0
2022-07-14 15:54:00,820,820,820,820,0
2022-07-14 15:55:00,820,820,820,820,0
2022-07-14 15:56:00,820,820,820,820,0
2022-07-14 15:57:00,820,820,820,820,0
2022-07-14 15:58:00,820,820,820,820,0
2022-07-14 15:59:00,820,820,820,820,0
2022-07-15 09:00:00,845,845,845,845,1000
2022-07-15 09:01:00,845,845,845,845,0
2022-07-15 09:02:00,845,845,845,845,0
2022-07-15 09:03:00,845,845,845,845,0
2022-07-15 09:04:00,845,845,845,845,0
2022-07-15 09:05:00,845,845,845,845,0
2022-07-15 09:06:00,845,845,845,845,0
2022-07-15 09:07:00,845,845,845,845,0
2022-07-15 09:08:00,845,845,845,845,0
2022-07-15 09:09:00,845,845,845,845,0
2022-07-15 09:10:00,845,845,845,845,0
2022-07-15 09:11:00,845,845,845,845,0
2022-07-15 09:12:00,805,805,805,805,1900
2022-07-15 09:13:00,805,805,805,805,0
2022-07-15 09:14:00,805,805,805,805,0
2022-07-15 09:15:00,805,805,805,805,0
2022-07-15 09:16:00,805,805,805,805,0
2022-07-15 09:17:00,805,805,805,805,0
2022-07-15 09:18:00,810,810,810,810,0
2022-07-15 09:19:00,810,810,810,810,2400
2022-07-15 09:20:00,810,810,810,810,0
2022-07-15 09:21:00,810,810,810,810,0
2022-07-15 09:22:00,810,810,810,810,0
2022-07-15 09:23:00,810,810,810,810,0
2022-07-15 09:24:00,815,815,815,815,4000
2022-07-15 09:25:00,815,815,815,815,0
2022-07-15 09:26:00,815,815,815,815,0
2022-07-15 09:27:00,815,815,815,815,0
2022-07-15 09:28:00,815,810,815,810,1500
2022-07-15 09:29:00,815,810,815,810,0
2022-07-15 09:30:00,815,810,815,810,0
2022-07-15 09:31:00,815,810,815,810,0
2022-07-15 09:32:00,815,810,815,810,0
2022-07-15 09:33:00,815,810,815,810,0
2022-07-15 09:34:00,815,810,815,810,0
2022-07-15 09:35:00,815,810,815,810,0
2022-07-15 09:36:00,815,810,815,810,0
2022-07-15 09:37:00,815,810,815,810,0
2022-07-15 09:38:00,815,810,815,810,0
2022-07-15 09:39:00,815,810,815,810,0
2022-07-15 09:40:00,815,810,815,810,0
2022-07-15 09:41:00,815,810,815,810,0
2022-07-15 09:42:00,815,810,815,810,0
2022-07-15 09:43:00,815,810,815,810,0
2022-07-15 09:44:00,815,810,815,810,0
2022-07-15 09:45:00,815,810,815,810,0
2022-07-15 09:46:00,815,810,815,810,0
2022-07-15 09:47:00,815,810,815,810,0
2022-07-15 09:48:00,815,810,815,810,0
2022-07-15 09:49:00,815,810,815,810,0
2022-07-15 09:50:00,815,810,815,810,0
2022-07-15 09:51:00,815,810,815,810,0
2022-07-15 09:52:00,815,810,815,810,0
2022-07-15 09:53:00,815,810,815,810,0
2022-07-15 09:54:00,815,810,815,810,0
2022-07-15 09:55:00,815,810,815,810,0
2022-07-15 09:56:00,815,810,815,810,0
2022-07-15 09:57:00,815,810,815,810,0
2022-07-15 09:58:00,815,810,815,810,0
2022-07-15 09:59:00,840,840,845,840,9200
2022-07-15 10:00:00,830,830,840,840,400300
2022-07-15 10:01:00,840,840,840,840,0
2022-07-15 10:02:00,840,840,845,845,409600
2022-07-15 10:03:00,845,815,850,815,253600
2022-07-15 10:04:00,840,840,850,850,315800
2022-07-15 10:05:00,850,850,850,850,0
2022-07-15 10:06:00,850,850,850,850,10600
2022-07-15 10:07:00,850,850,850,850,0
2022-07-15 10:08:00,850,850,850,850,0
2022-07-15 10:09:00,850,850,850,850,0
2022-07-15 10:10:00,850,850,850,850,0
2022-07-15 10:11:00,850,850,850,850,0
2022-07-15 10:12:00,850,850,850,850,0
2022-07-15 10:13:00,850,850,850,850,0
2022-07-15 10:14:00,850,850,850,850,0
2022-07-15 10:15:00,850,850,850,850,0
2022-07-15 10:16:00,850,850,850,850,3500
2022-07-15 10:17:00,850,850,850,850,0
2022-07-15 10:18:00,850,850,850,850,0
2022-07-15 10:19:00,850,850,850,850,0
2022-07-15 10:20:00,850,850,850,850,0
2022-07-15 10:21:00,850,850,850,850,0
2022-07-15 10:22:00,850,850,850,850,0
2022-07-15 10:23:00,850,850,850,850,0
2022-07-15 10:24:00,850,850,850,850,0
2022-07-15 10:25:00,850,850,850,850,0
2022-07-15 10:26:00,850,850,850,850,0
2022-07-15 10:27:00,850,850,850,850,0
2022-07-15 10:28:00,850,850,850,850,0
2022-07-15 10:29:00,850,850,850,850,0
2022-07-15 10:30:00,850,850,850,850,0
2022-07-15 10:31:00,850,850,850,850,0
2022-07-15 10:32:00,850,850,850,850,0
2022-07-15 10:33:00,850,850,850,850,0
2022-07-15 10:34:00,850,850,850,850,0
2022-07-15 10:35:00,850,850,850,850,0
2022-07-15 10:36:00,850,850,850,850,0
2022-07-15 10:37:00,850,850,850,850,0
2022-07-15 10:38:00,850,850,850,850,0
2022-07-15 10:39:00,850,850,850,850,0
2022-07-15 10:40:00,850,850,850,850,0
2022-07-15 10:41:00,850,850,850,850,0
2022-07-15 10:42:00,850,850,850,850,0
2022-07-15 10:43:00,850,850,850,850,0
2022-07-15 10:44:00,835,835,835,835,700
2022-07-15 10:45:00,835,835,835,835,0
2022-07-15 10:46:00,835,835,835,835,4100
2022-07-15 10:47:00,835,835,835,835,0
2022-07-15 10:48:00,835,835,835,835,0
2022-07-15 10:49:00,835,835,835,835,0
2022-07-15 10:50:00,835,835,835,835,0
2022-07-15 10:51:00,835,835,835,835,0
2022-07-15 10:52:00,835,835,835,835,0
2022-07-15 10:53:00,835,835,835,835,0
2022-07-15 10:54:00,835,835,835,835,0
2022-07-15 10:55:00,835,835,835,835,0
2022-07-15 10:56:00,835,835,835,835,0
2022-07-15 10:57:00,835,835,835,835,0
2022-07-15 10:58:00,835,835,835,835,0
2022-07-15 10:59:00,835,835,835,835,0
2022-07-15 11:00:00,835,835,835,835,0
2022-07-15 11:01:00,835,835,835,835,0
2022-07-15 11:02:00,835,835,835,835,0
2022-07-15 11:03:00,835,835,835,835,0
2022-07-15 11:04:00,835,835,835,835,0
2022-07-15 11:05:00,835,835,835,835,0
2022-07-15 11:06:00,835,835,835,835,0
2022-07-15 11:07:00,840,840,840,840,300
2022-07-15 11:08:00,835,835,835,835,100
2022-07-15 11:09:00,835,835,835,835,0
2022-07-15 11:10:00,835,835,835,835,0
2022-07-15 11:11:00,835,835,835,835,0
2022-07-15 11:12:00,835,835,835,835,0
2022-07-15 11:13:00,835,835,835,835,0
2022-07-15 11:14:00,835,835,835,835,0
2022-07-15 11:15:00,835,835,835,835,0
2022-07-15 11:16:00,835,835,835,835,0
2022-07-15 11:17:00,835,835,835,835,0
2022-07-15 11:18:00,835,835,835,835,0
2022-07-15 11:19:00,835,835,835,835,0
2022-07-15 11:20:00,835,835,835,835,0
2022-07-15 11:21:00,835,835,835,835,0
2022-07-15 11:22:00,835,835,835,835,0
2022-07-15 11:23:00,835,835,835,835,0
2022-07-15 11:24:00,835,835,835,835,0
2022-07-15 11:25:00,835,835,835,835,0
2022-07-15 11:26:00,835,835,835,835,0
2022-07-15 11:27:00,835,835,835,835,0
2022-07-15 11:28:00,835,835,835,835,0
2022-07-15 11:29:00,835,835,835,835,0
2022-07-15 11:30:00,835,835,835,835,0
2022-07-15 11:31:00,835,835,835,835,0
2022-07-15 11:32:00,835,835,835,835,0
2022-07-15 11:33:00,835,835,835,835,0
2022-07-15 11:34:00,835,835,835,835,0
2022-07-15 11:35:00,835,835,835,835,0
2022-07-15 11:36:00,835,835,835,835,0
2022-07-15 11:37:00,835,835,835,835,0
2022-07-15 11:38:00,835,835,835,835,0
2022-07-15 11:39:00,835,835,835,835,0
2022-07-15 11:40:00,835,835,835,835,0
2022-07-15 11:41:00,835,835,835,835,0
2022-07-15 11:42:00,835,835,835,835,0
2022-07-15 11:43:00,835,835,835,835,0
2022-07-15 11:44:00,835,835,835,835,0
2022-07-15 11:45:00,835,835,835,835,0
2022-07-15 11:46:00,835,835,835,835,0
2022-07-15 11:47:00,835,835,835,835,0
2022-07-15 11:48:00,835,835,835,835,0
2022-07-15 11:49:00,835,835,835,835,0
2022-07-15 11:50:00,835,835,835,835,0
2022-07-15 11:51:00,835,835,835,835,0
2022-07-15 11:52:00,835,835,835,835,0
2022-07-15 11:53:00,835,835,835,835,0
2022-07-15 11:54:00,835,835,835,835,0
2022-07-15 11:55:00,835,835,835,835,0
2022-07-15 11:56:00,835,835,835,835,0
2022-07-15 11:57:00,835,835,835,835,0
2022-07-15 11:58:00,835,835,835,835,0
2022-07-15 11:59:00,835,835,835,835,0
2022-07-15 12:00:00,835,835,835,835,0
2022-07-15 12:01:00,835,835,835,835,0
2022-07-15 12:02:00,835,835,835,835,0
2022-07-15 12:03:00,835,835,835,835,0
2022-07-15 12:04:00,835,835,835,835,0
2022-07-15 12:05:00,835,835,835,835,0
2022-07-15 12:06:00,835,835,835,835,0
2022-07-15 12:07:00,835,835,835,835,0
2022-07-15 12:08:00,835,835,835,835,0
2022-07-15 12:09:00,835,835,835,835,0
2022-07-15 12:10:00,835,835,835,835,0
2022-07-15 12:11:00,835,835,835,835,0
2022-07-15 12:12:00,835,835,835,835,0
2022-07-15 12:13:00,835,835,835,835,0
2022-07-15 12:14:00,835,835,835,835,0
2022-07-15 12:15:00,835,835,835,835,0
2022-07-15 12:16:00,835,835,835,835,0
2022-07-15 12:17:00,835,835,835,835,0
2022-07-15 12:18:00,835,835,835,835,0
2022-07-15 12:19:00,835,835,835,835,0
2022-07-15 12:20:00,835,835,835,835,0
2022-07-15 12:21:00,835,835,835,835,0
2022-07-15 12:22:00,835,835,835,835,0
2022-07-15 12:23:00,835,835,835,835,0
2022-07-15 12:24:00,835,835,835,835,0
2022-07-15 12:25:00,835,835,835,835,0
2022-07-15 12:26:00,835,835,835,835,0
2022-07-15 12:27:00,835,835,835,835,0
2022-07-15 12:28:00,835,835,835,835,0
2022-07-15 12:29:00,835,835,835,835,0
2022-07-15 12:30:00,835,835,835,835,0
2022-07-15 12:31:00,835,835,835,835,0
2022-07-15 12:32:00,835,835,835,835,0
2022-07-15 12:33:00,835,835,835,835,0
2022-07-15 12:34:00,835,835,835,835,0
2022-07-15 12:35:00,835,835,835,835,0
2022-07-15 12:36:00,835,835,835,835,0
2022-07-15 12:37:00,835,835,835,835,0
2022-07-15 12:38:00,835,835,835,835,0
2022-07-15 12:39:00,835,835,835,835,0
2022-07-15 12:40:00,835,835,835,835,0
2022-07-15 12:41:00,835,835,835,835,0
2022-07-15 12:42:00,835,835,835,835,0
2022-07-15 12:43:00,835,835,835,835,0
2022-07-15 12:44:00,835,835,835,835,0
2022-07-15 12:45:00,835,835,835,835,0
2022-07-15 12:46:00,835,835,835,835,0
2022-07-15 12:47:00,835,835,835,835,0
2022-07-15 12:48:00,835,835,835,835,0
2022-07-15 12:49:00,835,835,835,835,0
2022-07-15 12:50:00,835,835,835,835,0
2022-07-15 12:51:00,835,835,835,835,0
2022-07-15 12:52:00,835,835,835,835,0
2022-07-15 12:53:00,835,835,835,835,0
2022-07-15 12:54:00,835,835,835,835,0
2022-07-15 12:55:00,835,835,835,835,0
2022-07-15 12:56:00,835,835,835,835,0
2022-07-15 12:57:00,835,835,835,835,0
2022-07-15 12:58:00,835,835,835,835,0
2022-07-15 12:59:00,835,835,835,835,0
2022-07-15 13:00:00,835,835,835,835,0
2022-07-15 13:01:00,835,835,835,835,0
2022-07-15 13:02:00,835,835,835,835,0
2022-07-15 13:03:00,835,835,835,835,0
2022-07-15 13:04:00,835,835,835,835,0
2022-07-15 13:05:00,835,835,835,835,0
2022-07-15 13:06:00,835,835,835,835,0
2022-07-15 13:07:00,835,835,835,835,0
2022-07-15 13:08:00,835,835,835,835,0
2022-07-15 13:09:00,835,835,835,835,0
2022-07-15 13:10:00,835,835,835,835,0
2022-07-15 13:11:00,835,835,835,835,0
2022-07-15 13:12:00,835,835,835,835,0
2022-07-15 13:13:00,835,835,835,835,0
2022-07-15 13:14:00,835,835,835,835,0
2022-07-15 13:15:00,835,835,835,835,0
2022-07-15 13:16:00,835,835,835,835,0
2022-07-15 13:17:00,835,835,835,835,0
2022-07-15 13:18:00,835,835,835,835,0
2022-07-15 13:19:00,835,835,835,835,0
2022-07-15 13:20:00,835,835,835,835,0
2022-07-15 13:21:00,835,835,835,835,0
2022-07-15 13:22:00,835,835,835,835,0
2022-07-15 13:23:00,835,835,835,835,0
2022-07-15 13:24:00,835,835,835,835,0
2022-07-15 13:25:00,835,835,835,835,0
2022-07-15 13:26:00,835,835,835,835,0
2022-07-15 13:27:00,835,835,835,835,0
2022-07-15 13:28:00,835,835,835,835,0
2022-07-15 13:29:00,835,835,835,835,0
2022-07-15 13:30:00,835,835,835,835,200
2022-07-15 13:31:00,835,835,835,835,0
2022-07-15 13:32:00,835,835,835,835,0
2022-07-15 13:33:00,835,820,835,820,89900
2022-07-15 13:34:00,835,820,835,820,0
2022-07-15 13:35:00,835,820,835,820,0
2022-07-15 13:36:00,820,820,820,820,22400
2022-07-15 13:37:00,820,820,820,820,0
2022-07-15 13:38:00,835,835,835,835,0
2022-07-15 13:39:00,835,835,835,835,0
2022-07-15 13:40:00,835,835,835,835,0
2022-07-15 13:41:00,835,835,835,835,0
2022-07-15 13:42:00,835,835,835,835,0
2022-07-15 13:43:00,835,835,835,835,0
2022-07-15 13:44:00,830,830,830,830,100
2022-07-15 13:45:00,820,820,820,820,800
2022-07-15 13:46:00,820,820,820,820,0
2022-07-15 13:47:00,820,820,820,820,0
2022-07-15 13:48:00,820,820,820,820,0
2022-07-15 13:49:00,820,820,820,820,0
2022-07-15 13:50:00,820,820,820,820,0
2022-07-15 13:51:00,820,820,820,820,0
2022-07-15 13:52:00,820,820,820,820,600
2022-07-15 13:53:00,820,820,820,820,0
2022-07-15 13:54:00,820,820,820,820,0
2022-07-15 13:55:00,820,820,820,820,9700
2022-07-15 13:56:00,820,820,820,820,0
2022-07-15 13:57:00,820,820,820,820,0
2022-07-15 13:58:00,820,820,820,820,0
2022-07-15 13:59:00,820,820,820,820,0
2022-07-15 14:00:00,820,820,820,820,0
2022-07-15 14:01:00,820,820,820,820,0
2022-07-15 14:02:00,820,820,820,820,0
2022-07-15 14:03:00,820,820,820,820,0
2022-07-15 14:04:00,820,820,820,820,0
2022-07-15 14:05:00,820,820,820,820,0
2022-07-15 14:06:00,820,820,820,820,0
2022-07-15 14:07:00,820,820,820,820,0
2022-07-15 14:08:00,820,820,820,820,0
2022-07-15 14:09:00,820,820,820,820,0
2022-07-15 14:10:00,820,820,820,820,0
2022-07-15 14:11:00,820,820,820,820,0
2022-07-15 14:12:00,820,820,820,820,0
2022-07-15 14:13:00,820,820,820,820,0
2022-07-15 14:14:00,820,820,820,820,0
2022-07-15 14:15:00,820,820,820,820,0
2022-07-15 14:16:00,820,820,820,820,0
2022-07-15 14:17:00,820,820,820,820,0
2022-07-15 14:18:00,820,820,820,820,0
2022-07-15 14:19:00,820,820,820,820,0
2022-07-15 14:20:00,820,820,820,820,0
2022-07-15 14:21:00,820,820,820,820,0
2022-07-15 14:22:00,820,820,820,820,0
2022-07-15 14:23:00,820,820,820,820,116800
2022-07-15 14:24:00,820,820,820,820,0
2022-07-15 14:25:00,820,820,820,820,0
2022-07-15 14:26:00,820,820,820,820,0
2022-07-15 14:27:00,820,820,820,820,0
2022-07-15 14:28:00,820,820,820,820,0
2022-07-15 14:29:00,820,820,820,820,0
2022-07-15 14:30:00,820,820,820,820,0
2022-07-15 14:31:00,820,820,820,820,0
2022-07-15 14:32:00,820,815,820,815,232400
2022-07-15 14:33:00,820,815,820,815,0
2022-07-15 14:34:00,815,815,815,815,70700
2022-07-15 14:35:00,815,815,815,815,0
2022-07-15 14:36:00,815,815,815,815,0
2022-07-15 14:37:00,815,815,815,815,79300
2022-07-15 14:38:00,815,815,815,815,0
2022-07-15 14:39:00,815,815,815,815,0
2022-07-15 14:40:00,815,815,815,815,0
2022-07-15 14:41:00,815,815,815,815,0
2022-07-15 14:42:00,815,815,815,815,0
2022-07-15 14:43:00,815,815,815,815,0
2022-07-15 14:44:00,815,815,815,815,0
2022-07-15 14:45:00,815,815,815,815,0
2022-07-15 14:46:00,815,815,815,815,0
2022-07-15 14:47:00,815,815,815,815,0
2022-07-15 14:48:00,815,815,815,815,0
2022-07-15 14:49:00,815,815,815,815,600
2022-07-15 14:50:00,815,815,815,815,0
2022-07-15 14:51:00,815,815,815,815,0
2022-07-15 14:52:00,815,815,815,815,0
2022-07-15 14:53:00,815,815,815,815,0
2022-07-15 14:54:00,815,815,815,815,0
2022-07-15 14:55:00,815,815,815,815,0
2022-07-15 14:56:00,815,815,815,815,0
2022-07-15 14:57:00,815,815,815,815,0
2022-07-15 14:58:00,815,815,815,815,0
2022-07-15 14:59:00,815,815,815,815,0
2022-07-15 15:00:00,815,815,815,815,1400
2022-07-15 15:01:00,815,815,815,815,0
2022-07-15 15:02:00,815,815,815,815,800
2022-07-15 15:03:00,815,815,815,815,0
2022-07-15 15:04:00,815,815,815,815,0
2022-07-15 15:05:00,815,815,815,815,0
2022-07-15 15:06:00,815,815,815,815,0
2022-07-15 15:07:00,815,815,815,815,800
2022-07-15 15:08:00,815,815,815,815,0
2022-07-15 15:09:00,815,815,815,815,0
2022-07-15 15:10:00,815,815,815,815,0
2022-07-15 15:11:00,815,815,815,815,0
2022-07-15 15:12:00,815,815,815,815,0
2022-07-15 15:13:00,815,815,815,815,0
2022-07-15 15:14:00,815,815,815,815,0
2022-07-15 15:15:00,815,815,815,815,0
2022-07-15 15:16:00,815,815,815,815,0
2022-07-15 15:17:00,815,815,815,815,0
2022-07-15 15:18:00,815,815,815,815,0
2022-07-15 15:19:00,815,815,815,815,0
2022-07-15 15:20:00,815,815,815,815,0
2022-07-15 15:21:00,815,815,815,815,0
2022-07-15 15:22:00,815,815,815,815,0
2022-07-15 15:23:00,815,815,815,815,0
2022-07-15 15:24:00,815,815,815,815,0
2022-07-15 15:25:00,815,815,815,815,0
2022-07-15 15:26:00,815,815,815,815,0
2022-07-15 15:27:00,815,815,815,815,0
2022-07-15 15:28:00,815,815,815,815,0
2022-07-15 15:29:00,815,815,815,815,0
2022-07-15 15:30:00,815,815,815,815,0
2022-07-15 15:31:00,815,815,815,815,0
2022-07-15 15:32:00,815,815,815,815,0
2022-07-15 15:33:00,815,815,815,815,0
2022-07-15 15:34:00,815,815,815,815,0
2022-07-15 15:35:00,815,815,815,815,0
2022-07-15 15:36:00,815,815,815,815,0
2022-07-15 15:37:00,815,815,815,815,0
2022-07-15 15:38:00,815,815,815,815,0
2022-07-15 15:39:00,815,815,815,815,0
2022-07-15 15:40:00,815,815,815,815,0
2022-07-15 15:41:00,815,815,815,815,0
2022-07-15 15:42:00,815,815,815,815,0
2022-07-15 15:43:00,815,815,815,815,0
2022-07-15 15:44:00,815,815,815,815,0
2022-07-15 15:45:00,815,815,815,815,0
2022-07-15 15:46:00,815,815,815,815,0
2022-07-15 15:47:00,815,815,815,815,0
2022-07-15 15:48:00,815,815,815,815,0
2022-07-15 15:49:00,815,815,815,815,0
2022-07-15 15:50:00,815,815,815,815,0
2022-07-15 15:51:00,815,815,815,815,0
2022-07-15 15:52:00,815,815,815,815,0
2022-07-15 15:53:00,815,815,815,815,0
2022-07-15 15:54:00,815,815,815,815,0
2022-07-15 15:55:00,815,815,815,815,0
2022-07-15 15:56:00,815,815,815,815,0
2022-07-15 15:57:00,815,815,815,815,0
2022-07-15 15:58:00,815,815,815,815,0
2022-07-15 15:59:00,815,815,815,815,0
2022-07-18 09:00:00,805,790,805,790,0
2022-07-18 09:01:00,790,790,790,790,0
2022-07-18 09:02:00,790,790,790,790,0
2022-07-18 09:03:00,790,790,790,790,0
2022-07-18 09:04:00,790,790,790,790,0
2022-07-18 09:05:00,790,790,790,790,0
2022-07-18 09:06:00,790,790,790,790,0
2022-07-18 09:07:00,790,790,790,790,0
2022-07-18 09:08:00,790,790,790,790,0
2022-07-18 09:09:00,800,800,800,800,2100
2022-07-18 09:10:00,800,800,800,800,7900
2022-07-18 09:11:00,800,800,800,800,0
2022-07-18 09:12:00,800,800,800,800,0
2022-07-18 09:13:00,800,800,820,820,1200
2022-07-18 09:14:00,800,800,820,820,0
2022-07-18 09:15:00,800,800,820,820,0
2022-07-18 09:16:00,800,800,820,820,0
2022-07-18 09:17:00,800,800,820,820,0
2022-07-18 09:18:00,800,800,820,820,0
2022-07-18 09:19:00,800,800,820,820,0
2022-07-18 09:20:00,800,800,820,820,0
2022-07-18 09:21:00,800,800,820,820,0
2022-07-18 09:22:00,800,800,820,820,0
2022-07-18 09:23:00,800,800,820,820,0
2022-07-18 09:24:00,800,800,820,820,0
2022-07-18 09:25:00,800,800,820,820,0
2022-07-18 09:26:00,800,800,820,820,0
2022-07-18 09:27:00,800,800,820,820,0
2022-07-18 09:28:00,810,810,810,810,2000
2022-07-18 09:29:00,810,810,810,810,0
2022-07-18 09:30:00,815,815,815,815,0
2022-07-18 09:31:00,815,815,815,815,0
2022-07-18 09:32:00,815,815,815,815,0
2022-07-18 09:33:00,815,815,815,815,0
2022-07-18 09:34:00,815,815,815,815,0
2022-07-18 09:35:00,815,815,815,815,0
2022-07-18 09:36:00,815,815,815,815,0
2022-07-18 09:37:00,815,815,815,815,0
2022-07-18 09:38:00,815,815,815,815,0
2022-07-18 09:39:00,815,815,815,815,0
2022-07-18 09:40:00,815,815,815,815,0
2022-07-18 09:41:00,815,815,815,815,0
2022-07-18 09:42:00,815,815,815,815,0
2022-07-18 09:43:00,815,815,815,815,0
2022-07-18 09:44:00,815,815,815,815,0
2022-07-18 09:45:00,815,815,815,815,0
2022-07-18 09:46:00,815,815,815,815,0
2022-07-18 09:47:00,815,815,815,815,0
2022-07-18 09:48:00,815,815,815,815,0
2022-07-18 09:49:00,815,815,815,815,0
2022-07-18 09:50:00,815,815,815,815,0
2022-07-18 09:51:00,815,815,815,815,0
2022-07-18 09:52:00,815,815,815,815,0
2022-07-18 09:53:00,810,810,810,810,1000
2022-07-18 09:54:00,810,810,810,810,0
2022-07-18 09:55:00,810,810,810,810,500
2022-07-18 09:56:00,810,810,810,810,5200
2022-07-18 09:57:00,810,810,810,810,0
2022-07-18 09:58:00,810,810,810,810,0
2022-07-18 09:59:00,810,810,810,810,0
2022-07-18 10:00:00,810,810,810,810,0
2022-07-18 10:01:00,810,810,810,810,0
2022-07-18 10:02:00,810,810,810,810,0
2022-07-18 10:03:00,810,810,810,810,0
2022-07-18 10:04:00,810,810,810,810,0
2022-07-18 10:05:00,810,810,810,810,0
2022-07-18 10:06:00,810,810,810,810,0
2022-07-18 10:07:00,810,810,810,810,0
2022-07-18 10:08:00,810,810,810,810,0
2022-07-18 10:09:00,810,810,810,810,0
2022-07-18 10:10:00,810,810,810,810,0
2022-07-18 10:11:00,810,810,810,810,0
2022-07-18 10:12:00,810,810,810,810,0
2022-07-18 10:13:00,810,810,810,810,0
2022-07-18 10:14:00,810,810,810,810,0
2022-07-18 10:15:00,810,810,810,810,200
2022-07-18 10:16:00,810,810,810,810,0
2022-07-18 10:17:00,810,810,810,810,0
2022-07-18 10:18:00,810,810,810,810,0
2022-07-18 10:19:00,810,810,810,810,0
2022-07-18 10:20:00,810,810,810,810,0
2022-07-18 10:21:00,810,810,810,810,0
2022-07-18 10:22:00,810,810,810,810,0
2022-07-18 10:23:00,810,810,810,810,0
2022-07-18 10:24:00,810,810,810,810,0
2022-07-18 10:25:00,810,810,810,810,0
2022-07-18 10:26:00,810,810,810,810,0
2022-07-18 10:27:00,805,805,805,805,3100
2022-07-18 10:28:00,805,805,805,805,0
2022-07-18 10:29:00,805,805,805,805,0
2022-07-18 10:30:00,805,805,805,805,0
2022-07-18 10:31:00,805,805,805,805,0
2022-07-18 10:32:00,805,805,805,805,0
2022-07-18 10:33:00,805,805,805,805,0
2022-07-18 10:34:00,805,805,805,805,300
2022-07-18 10:35:00,805,805,805,805,0
2022-07-18 10:36:00,805,805,805,805,0
2022-07-18 10:37:00,805,805,805,805,0
2022-07-18 10:38:00,805,805,805,805,0
2022-07-18 10:39:00,805,805,805,805,0
2022-07-18 10:40:00,805,805,805,805,167500
2022-07-18 10:41:00,805,805,810,810,242200
2022-07-18 10:42:00,810,810,810,810,17400
2022-07-18 10:43:00,810,810,815,815,341600
2022-07-18 10:44:00,815,815,820,820,169100
2022-07-18 10:45:00,820,815,820,815,179600
2022-07-18 10:46:00,820,815,820,815,0
2022-07-18 10:47:00,820,815,820,815,0
2022-07-18 10:48:00,820,815,820,815,0
2022-07-18 10:49:00,820,815,820,815,0
2022-07-18 10:50:00,820,815,820,815,0
2022-07-18 10:51:00,820,815,820,815,0
2022-07-18 10:52:00,820,815,820,815,0
2022-07-18 10:53:00,820,815,820,815,0
2022-07-18 10:54:00,820,815,820,815,0
2022-07-18 10:55:00,820,815,820,815,0
2022-07-18 10:56:00,820,815,820,815,0
2022-07-18 10:57:00,820,815,820,815,0
2022-07-18 10:58:00,820,815,820,815,0
2022-07-18 10:59:00,820,815,820,815,0
2022-07-18 11:00:00,820,815,820,815,0
2022-07-18 11:01:00,820,815,820,815,0
2022-07-18 11:02:00,820,815,820,815,0
2022-07-18 11:03:00,820,815,820,815,0
2022-07-18 11:04:00,820,815,820,815,0
2022-07-18 11:05:00,820,815,820,815,0
2022-07-18 11:06:00,820,815,820,815,0
2022-07-18 11:07:00,820,815,820,815,0
2022-07-18 11:08:00,820,815,820,815,0
2022-07-18 11:09:00,820,815,820,815,0
2022-07-18 11:10:00,820,815,820,815,0
2022-07-18 11:11:00,815,815,815,815,2200
2022-07-18 11:12:00,810,810,810,810,100
2022-07-18 11:13:00,810,810,810,810,0
2022-07-18 11:14:00,810,810,810,810,0
2022-07-18 11:15:00,810,810,810,810,0
2022-07-18 11:16:00,810,810,810,810,0
2022-07-18 11:17:00,810,810,810,810,0
2022-07-18 11:18:00,810,810,810,810,0
2022-07-18 11:19:00,810,810,810,810,0
2022-07-18 11:20:00,810,810,810,810,0
2022-07-18 11:21:00,810,810,810,810,0
2022-07-18 11:22:00,810,810,810,810,0
2022-07-18 11:23:00,810,810,810,810,0
2022-07-18 11:24:00,810,810,810,810,0
2022-07-18 11:25:00,810,810,810,810,0
2022-07-18 11:26:00,810,810,810,810,0
2022-07-18 11:27:00,810,810,810,810,0
2022-07-18 11:28:00,810,810,810,810,0
2022-07-18 11:29:00,810,810,810,810,0
2022-07-18 11:30:00,810,810,810,810,0
2022-07-18 11:31:00,810,810,810,810,0
2022-07-18 11:32:00,810,810,810,810,0
2022-07-18 11:33:00,810,810,810,810,0
2022-07-18 11:34:00,810,810,810,810,0
2022-07-18 11:35:00,810,810,810,810,0
2022-07-18 11:36:00,810,810,810,810,0
2022-07-18 11:37:00,810,810,810,810,0
2022-07-18 11:38:00,810,810,810,810,0
2022-07-18 11:39:00,810,810,810,810,0
2022-07-18 11:40:00,810,810,810,810,0
2022-07-18 11:41:00,810,810,810,810,0
2022-07-18 11:42:00,810,810,810,810,0
2022-07-18 11:43:00,810,810,810,810,0
2022-07-18 11:44:00,810,810,810,810,0
2022-07-18 11:45:00,810,810,810,810,0
2022-07-18 11:46:00,810,810,810,810,0
2022-07-18 11:47:00,810,810,810,810,0
2022-07-18 11:48:00,810,810,810,810,0
2022-07-18 11:49:00,810,810,810,810,0
2022-07-18 11:50:00,810,810,810,810,0
2022-07-18 11:51:00,810,810,810,810,0
2022-07-18 11:52:00,810,810,810,810,0
2022-07-18 11:53:00,810,810,810,810,0
2022-07-18 11:54:00,810,810,810,810,0
2022-07-18 11:55:00,810,810,810,810,0
2022-07-18 11:56:00,810,810,810,810,0
2022-07-18 11:57:00,810,810,810,810,0
2022-07-18 11:58:00,810,810,810,810,0
2022-07-18 11:59:00,810,810,810,810,0
2022-07-18 12:00:00,810,810,810,810,0
2022-07-18 12:01:00,810,810,810,810,0
2022-07-18 12:02:00,810,810,810,810,0
2022-07-18 12:03:00,810,810,810,810,0
2022-07-18 12:04:00,810,810,810,810,0
2022-07-18 12:05:00,810,810,810,810,0
2022-07-18 12:06:00,810,810,810,810,0
2022-07-18 12:07:00,810,810,810,810,0
2022-07-18 12:08:00,810,810,810,810,0
2022-07-18 12:09:00,810,810,810,810,0
2022-07-18 12:10:00,810,810,810,810,0
2022-07-18 12:11:00,810,810,810,810,0
2022-07-18 12:12:00,810,810,810,810,0
2022-07-18 12:13:00,810,810,810,810,0
2022-07-18 12:14:00,810,810,810,810,0
2022-07-18 12:15:00,810,810,810,810,0
2022-07-18 12:16:00,810,810,810,810,0
2022-07-18 12:17:00,810,810,810,810,0
2022-07-18 12:18:00,810,810,810,810,0
2022-07-18 12:19:00,810,810,810,810,0
2022-07-18 12:20:00,810,810,810,810,0
2022-07-18 12:21:00,810,810,810,810,0
2022-07-18 12:22:00,810,810,810,810,0
2022-07-18 12:23:00,810,810,810,810,0
2022-07-18 12:24:00,810,810,810,810,0
2022-07-18 12:25:00,810,810,810,810,0
2022-07-18 12:26:00,810,810,810,810,0
2022-07-18 12:27:00,810,810,810,810,0
2022-07-18 12:28:00,810,810,810,810,0
2022-07-18 12:29:00,810,810,810,810,0
2022-07-18 12:30:00,810,810,810,810,0
2022-07-18 12:31:00,810,810,810,810,0
2022-07-18 12:32:00,810,810,810,810,0
2022-07-18 12:33:00,810,810,810,810,0
2022-07-18 12:34:00,810,810,810,810,0
2022-07-18 12:35:00,810,810,810,810,0
2022-07-18 12:36:00,810,810,810,810,0
2022-07-18 12:37:00,810,810,810,810,0
2022-07-18 12:38:00,810,810,810,810,0
2022-07-18 12:39:00,810,810,810,810,0
2022-07-18 12:40:00,810,810,810,810,0
2022-07-18 12:41:00,810,810,810,810,0
2022-07-18 12:42:00,810,810,810,810,0
2022-07-18 12:43:00,810,810,810,810,0
2022-07-18 12:44:00,810,810,810,810,0
2022-07-18 12:45:00,810,810,810,810,0
2022-07-18 12:46:00,810,810,810,810,0
2022-07-18 12:47:00,810,810,810,810,0
2022-07-18 12:48:00,810,810,810,810,0
2022-07-18 12:49:00,810,810,810,810,0
2022-07-18 12:50:00,810,810,810,810,0
2022-07-18 12:51:00,810,810,810,810,0
2022-07-18 12:52:00,810,810,810,810,0
2022-07-18 12:53:00,810,810,810,810,0
2022-07-18 12:54:00,810,810,810,810,0
2022-07-18 12:55:00,810,810,810,810,0
2022-07-18 12:56:00,810,810,810,810,0
2022-07-18 12:57:00,810,810,810,810,0
2022-07-18 12:58:00,810,810,810,810,0
2022-07-18 12:59:00,810,810,810,810,0
2022-07-18 13:00:00,810,810,810,810,0
2022-07-18 13:01:00,810,810,810,810,0
2022-07-18 13:02:00,810,810,810,810,0
2022-07-18 13:03:00,810,810,810,810,0
2022-07-18 13:04:00,810,810,810,810,0
2022-07-18 13:05:00,810,810,810,810,0
2022-07-18 13:06:00,810,810,810,810,0
2022-07-18 13:07:00,810,810,810,810,0
2022-07-18 13:08:00,810,810,810,810,0
2022-07-18 13:09:00,810,810,810,810,0
2022-07-18 13:10:00,810,810,810,810,0
2022-07-18 13:11:00,810,810,810,810,0
2022-07-18 13:12:00,810,810,810,810,0
2022-07-18 13:13:00,810,810,810,810,0
2022-07-18 13:14:00,810,810,810,810,0
2022-07-18 13:15:00,810,810,810,810,0
2022-07-18 13:16:00,810,810,810,810,0
2022-07-18 13:17:00,810,810,810,810,0
2022-07-18 13:18:00,810,810,810,810,0
2022-07-18 13:19:00,810,810,810,810,0
2022-07-18 13:20:00,810,810,810,810,0
2022-07-18 13:21:00,810,810,810,810,0
2022-07-18 13:22:00,810,810,810,810,0
2022-07-18 13:23:00,810,810,810,810,0
2022-07-18 13:24:00,810,810,810,810,0
2022-07-18 13:25:00,810,810,810,810,0
2022-07-18 13:26:00,810,810,810,810,0
2022-07-18 13:27:00,810,810,810,810,0
2022-07-18 13:28:00,810,810,810,810,0
2022-07-18 13:29:00,810,810,810,810,0
2022-07-18 13:30:00,810,810,810,810,2300
2022-07-18 13:31:00,810,810,810,810,0
2022-07-18 13:32:00,810,810,810,810,0
2022-07-18 13:33:00,810,810,810,810,0
2022-07-18 13:34:00,810,810,810,810,0
2022-07-18 13:35:00,810,810,810,810,0
2022-07-18 13:36:00,810,810,810,810,46700
2022-07-18 13:37:00,810,810,810,810,0
2022-07-18 13:38:00,810,810,810,810,0
2022-07-18 13:39:00,810,810,810,810,0
2022-07-18 13:40:00,810,810,810,810,0
2022-07-18 13:41:00,810,810,810,810,0
2022-07-18 13:42:00,810,810,810,810,0
2022-07-18 13:43:00,810,810,810,810,0
2022-07-18 13:44:00,810,810,810,810,0
2022-07-18 13:45:00,810,810,810,810,0
2022-07-18 13:46:00,810,810,810,810,0
2022-07-18 13:47:00,810,810,810,810,0
2022-07-18 13:48:00,810,810,810,810,0
2022-07-18 13:49:00,810,810,810,810,1500
2022-07-18 13:50:00,810,810,810,810,0
2022-07-18 13:51:00,810,810,810,810,0
2022-07-18 13:52:00,810,810,810,810,0
2022-07-18 13:53:00,810,810,810,810,0
2022-07-18 13:54:00,810,810,810,810,0
2022-07-18 13:55:00,810,810,810,810,0
2022-07-18 13:56:00,810,810,810,810,1600
2022-07-18 13:57:00,810,810,810,810,0
2022-07-18 13:58:00,810,810,810,810,0
2022-07-18 13:59:00,810,810,810,810,0
2022-07-18 14:00:00,810,810,810,810,0
2022-07-18 14:01:00,810,810,810,810,0
2022-07-18 14:02:00,810,810,810,810,0
2022-07-18 14:03:00,810,810,810,810,0
2022-07-18 14:04:00,810,810,810,810,0
2022-07-18 14:05:00,805,805,805,805,17500
2022-07-18 14:06:00,805,805,805,805,1900
2022-07-18 14:07:00,800,800,800,800,183100
2022-07-18 14:08:00,800,800,800,800,14600
2022-07-18 14:09:00,800,800,800,800,0
2022-07-18 14:10:00,800,800,800,800,0
2022-07-18 14:11:00,800,800,800,800,0
2022-07-18 14:12:00,800,800,800,800,0
2022-07-18 14:13:00,800,800,800,800,0
2022-07-18 14:14:00,800,800,800,800,265800
2022-07-18 14:15:00,800,800,800,800,0
2022-07-18 14:16:00,800,800,800,800,0
2022-07-18 14:17:00,800,800,800,800,0
2022-07-18 14:18:00,800,800,800,800,0
2022-07-18 14:19:00,800,800,800,800,0
2022-07-18 14:20:00,800,800,800,800,0
2022-07-18 14:21:00,800,800,800,800,0
2022-07-18 14:22:00,800,800,800,800,0
2022-07-18 14:23:00,800,800,800,800,0
2022-07-18 14:24:00,800,800,800,800,0
2022-07-18 14:25:00,800,800,800,800,0
2022-07-18 14:26:00,800,800,800,800,0
2022-07-18 14:27:00,800,800,800,800,0
2022-07-18 14:28:00,805,805,805,805,297300
2022-07-18 14:29:00,805,805,805,805,0
2022-07-18 14:30:00,805,805,805,805,0
2022-07-18 14:31:00,805,805,805,805,0
2022-07-18 14:32:00,805,805,805,805,0
2022-07-18 14:33:00,805,805,805,805,0
2022-07-18 14:34:00,805,805,805,805,0
2022-07-18 14:35:00,805,805,805,805,0
2022-07-18 14:36:00,805,805,805,805,2500
2022-07-18 14:37:00,805,805,805,805,0
2022-07-18 14:38:00,805,805,805,805,0
2022-07-18 14:39:00,805,805,805,805,0
2022-07-18 14:40:00,805,805,805,805,0
2022-07-18 14:41:00,805,805,805,805,0
2022-07-18 14:42:00,805,805,805,805,0
2022-07-18 14:43:00,805,805,805,805,800
2022-07-18 14:44:00,805,805,805,805,0
2022-07-18 14:45:00,805,805,805,805,0
2022-07-18 14:46:00,805,805,805,805,0
2022-07-18 14:47:00,805,805,805,805,0
2022-07-18 14:48:00,805,805,805,805,0
2022-07-18 14:49:00,810,810,810,810,700
2022-07-18 14:50:00,810,810,810,810,0
2022-07-18 14:51:00,810,810,810,810,0
2022-07-18 14:52:00,810,810,810,810,0
2022-07-18 14:53:00,810,810,810,810,0
2022-07-18 14:54:00,810,810,810,810,0
2022-07-18 14:55:00,810,810,810,810,0
2022-07-18 14:56:00,810,810,810,810,0
2022-07-18 14:57:00,810,810,810,810,0
2022-07-18 14:58:00,810,810,810,810,0
2022-07-18 14:59:00,810,810,810,810,0
2022-07-18 15:00:00,810,810,810,810,2200
2022-07-18 15:01:00,810,810,810,810,13800
2022-07-18 15:02:00,810,810,810,810,0
2022-07-18 15:03:00,810,810,810,810,0
2022-07-18 15:04:00,810,810,810,810,0
2022-07-18 15:05:00,810,810,810,810,0
2022-07-18 15:06:00,810,810,810,810,0
2022-07-18 15:07:00,810,810,810,810,0
2022-07-18 15:08:00,810,810,810,810,0
2022-07-18 15:09:00,810,810,810,810,0
2022-07-18 15:10:00,810,810,810,810,0
2022-07-18 15:11:00,810,810,810,810,0
2022-07-18 15:12:00,810,810,810,810,0
2022-07-18 15:13:00,810,810,810,810,0
2022-07-18 15:14:00,810,810,810,810,0
2022-07-18 15:15:00,810,810,810,810,0
2022-07-18 15:16:00,810,810,810,810,0
2022-07-18 15:17:00,810,810,810,810,0
2022-07-18 15:18:00,810,810,810,810,0
2022-07-18 15:19:00,810,810,810,810,0
2022-07-18 15:20:00,810,810,810,810,0
2022-07-18 15:21:00,810,810,810,810,0
2022-07-18 15:22:00,810,810,810,810,0
2022-07-18 15:23:00,810,810,810,810,0
2022-07-18 15:24:00,810,810,810,810,0
2022-07-18 15:25:00,810,810,810,810,0
2022-07-18 15:26:00,810,810,810,810,0
2022-07-18 15:27:00,810,810,810,810,0
2022-07-18 15:28:00,810,810,810,810,0
2022-07-18 15:29:00,810,810,810,810,0
2022-07-18 15:30:00,810,810,810,810,0
2022-07-18 15:31:00,810,810,810,810,0
2022-07-18 15:32:00,810,810,810,810,0
2022-07-18 15:33:00,810,810,810,810,0
2022-07-18 15:34:00,810,810,810,810,0
2022-07-18 15:35:00,810,810,810,810,0
2022-07-18 15:36:00,810,810,810,810,0
2022-07-18 15:37:00,810,810,810,810,0
2022-07-18 15:38:00,810,810,810,810,0
2022-07-18 15:39:00,810,810,810,810,0
2022-07-18 15:40:00,810,810,810,810,0
2022-07-18 15:41:00,810,810,810,810,0
2022-07-18 15:42:00,810,810,810,810,0
2022-07-18 15:43:00,810,810,810,810,0
2022-07-18 15:44:00,810,810,810,810,0
2022-07-18 15:45:00,810,810,810,810,0
2022-07-18 15:46:00,810,810,810,810,0
2022-07-18 15:47:00,810,810,810,810,0
2022-07-18 15:48:00,810,810,810,810,0
2022-07-18 15:49:00,810,810,810,810,0
2022-07-18 15:50:00,810,810,810,810,0
2022-07-18 15:51:00,810,810,810,810,0
2022-07-18 15:52:00,810,810,810,810,0
2022-07-18 15:53:00,810,810,810,810,0
2022-07-18 15:54:00,810,810,810,810,0
2022-07-18 15:55:00,810,810,810,810,0
2022-07-18 15:56:00,810,810,810,810,0
2022-07-18 15:57:00,810,810,810,810,0
2022-07-18 15:58:00,810,810,810,810,0
2022-07-18 15:59:00,810,810,810,810,0
2022-07-19 09:00:00,810,810,810,810,0
2022-07-19 09:01:00,810,810,810,810,0
2022-07-19 09:02:00,810,810,810,810,0
2022-07-19 09:03:00,810,810,810,810,0
2022-07-19 09:04:00,815,815,815,815,200
2022-07-19 09:05:00,815,815,815,815,0
2022-07-19 09:06:00,815,815,815,815,0
2022-07-19 09:07:00,820,820,820,820,107300
2022-07-19 09:08:00,820,820,820,820,120200
2022-07-19 09:09:00,820,820,820,820,0
2022-07-19 09:10:00,825,825,825,825,132700
2022-07-19 09:11:00,825,825,825,825,0
2022-07-19 09:12:00,825,825,825,825,0
2022-07-19 09:13:00,825,825,825,825,0
2022-07-19 09:14:00,825,825,825,825,0
2022-07-19 09:15:00,825,825,825,825,0
2022-07-19 09:16:00,825,825,825,825,0
2022-07-19 09:17:00,815,815,820,815,229400
2022-07-19 09:18:00,815,815,815,815,13500
2022-07-19 09:19:00,815,815,815,815,0
2022-07-19 09:20:00,815,815,815,815,0
2022-07-19 09:21:00,815,815,815,815,0
2022-07-19 09:22:00,815,815,815,815,0
2022-07-19 09:23:00,815,815,815,815,0
2022-07-19 09:24:00,815,815,815,815,0
2022-07-19 09:25:00,815,815,815,815,0
2022-07-19 09:26:00,815,815,815,815,0
2022-07-19 09:27:00,815,815,815,815,0
2022-07-19 09:28:00,815,815,815,815,0
2022-07-19 09:29:00,815,815,815,815,0
2022-07-19 09:30:00,810,800,815,815,3100
2022-07-19 09:31:00,810,800,815,815,0
2022-07-19 09:32:00,810,810,810,810,118600
2022-07-19 09:33:00,810,810,810,810,0
2022-07-19 09:34:00,815,815,815,815,0
2022-07-19 09:35:00,815,815,815,815,0
2022-07-19 09:36:00,815,815,815,815,0
2022-07-19 09:37:00,815,815,815,815,0
2022-07-19 09:38:00,815,815,815,815,0
2022-07-19 09:39:00,815,815,815,815,0
2022-07-19 09:40:00,815,815,815,815,0
2022-07-19 09:41:00,815,815,815,815,0
2022-07-19 09:42:00,815,815,815,815,0
2022-07-19 09:43:00,815,815,815,815,200
2022-07-19 09:44:00,815,815,815,815,0
2022-07-19 09:45:00,815,815,815,815,2300
2022-07-19 09:46:00,815,815,815,815,0
2022-07-19 09:47:00,815,815,815,815,0
2022-07-19 09:48:00,815,815,815,815,300
2022-07-19 09:49:00,815,815,815,815,0
2022-07-19 09:50:00,815,815,815,815,0
2022-07-19 09:51:00,815,815,815,815,0
2022-07-19 09:52:00,815,815,815,815,0
2022-07-19 09:53:00,815,815,815,815,0
2022-07-19 09:54:00,815,815,815,815,0
2022-07-19 09:55:00,815,815,815,815,0
2022-07-19 09:56:00,815,815,815,815,0
2022-07-19 09:57:00,815,815,815,815,0
2022-07-19 09:58:00,815,815,815,815,0
2022-07-19 09:59:00,815,815,815,815,0
2022-07-19 10:00:00,815,815,815,815,0
2022-07-19 10:01:00,810,810,810,810,100
2022-07-19 10:02:00,810,810,810,810,0
2022-07-19 10:03:00,810,810,810,810,0
2022-07-19 10:04:00,810,810,810,810,0
2022-07-19 10:05:00,810,810,810,810,0
2022-07-19 10:06:00,810,810,810,810,0
2022-07-19 10:07:00,810,810,810,810,0
2022-07-19 10:08:00,810,810,810,810,0
2022-07-19 10:09:00,810,810,810,810,0
2022-07-19 10:10:00,810,810,810,810,0
2022-07-19 10:11:00,810,810,810,810,0
2022-07-19 10:12:00,810,810,810,810,0
2022-07-19 10:13:00,810,810,810,810,0
2022-07-19 10:14:00,810,810,810,810,0
2022-07-19 10:15:00,810,810,810,810,0
2022-07-19 10:16:00,820,820,820,820,100
2022-07-19 10:17:00,820,820,820,820,0
2022-07-19 10:18:00,820,820,820,820,0
2022-07-19 10:19:00,820,820,820,820,0
2022-07-19 10:20:00,820,820,820,820,0
2022-07-19 10:21:00,820,820,820,820,0
2022-07-19 10:22:00,820,820,820,820,0
2022-07-19 10:23:00,820,820,820,820,0
2022-07-19 10:24:00,820,820,820,820,0
2022-07-19 10:25:00,820,820,820,820,0
2022-07-19 10:26:00,820,820,820,820,0
2022-07-19 10:27:00,820,820,820,820,0
2022-07-19 10:28:00,820,820,820,820,0
2022-07-19 10:29:00,820,820,820,820,0
2022-07-19 10:30:00,820,820,820,820,0
2022-07-19 10:31:00,820,820,820,820,0
2022-07-19 10:32:00,820,820,820,820,0
2022-07-19 10:33:00,820,820,820,820,0
2022-07-19 10:34:00,820,820,820,820,0
2022-07-19 10:35:00,820,820,820,820,0
2022-07-19 10:36:00,820,820,820,820,0
2022-07-19 10:37:00,820,820,820,820,0
2022-07-19 10:38:00,820,820,820,820,0
2022-07-19 10:39:00,820,820,820,820,0
2022-07-19 10:40:00,820,820,820,820,0
2022-07-19 10:41:00,820,820,820,820,0
2022-07-19 10:42:00,820,820,820,820,0
2022-07-19 10:43:00,820,820,820,820,0
2022-07-19 10:44:00,820,820,820,820,200
2022-07-19 10:45:00,820,820,820,820,0
2022-07-19 10:46:00,820,820,820,820,0
2022-07-19 10:47:00,820,820,820,820,100
2022-07-19 10:48:00,820,820,820,820,0
2022-07-19 10:49:00,820,820,820,820,0
2022-07-19 10:50:00,820,820,820,820,0
2022-07-19 10:51:00,820,820,820,820,0
2022-07-19 10:52:00,820,820,820,820,0
2022-07-19 10:53:00,820,820,820,820,0
2022-07-19 10:54:00,820,820,820,820,0
2022-07-19 10:55:00,820,820,820,820,0
2022-07-19 10:56:00,820,820,820,820,0
2022-07-19 10:57:00,820,820,820,820,0
2022-07-19 10:58:00,820,820,820,820,0
2022-07-19 10:59:00,820,820,820,820,0
2022-07-19 11:00:00,820,820,820,820,0
2022-07-19 11:01:00,820,820,820,820,0
2022-07-19 11:02:00,820,820,820,820,0
2022-07-19 11:03:00,820,820,820,820,0
2022-07-19 11:04:00,820,820,820,820,0
2022-07-19 11:05:00,820,820,820,820,0
2022-07-19 11:06:00,820,820,820,820,0
2022-07-19 11:07:00,820,820,820,820,0
2022-07-19 11:08:00,820,820,820,820,0
2022-07-19 11:09:00,820,820,820,820,0
2022-07-19 11:10:00,820,820,820,820,0
2022-07-19 11:11:00,820,820,820,820,0
2022-07-19 11:12:00,820,820,820,820,0
2022-07-19 11:13:00,820,820,820,820,0
2022-07-19 11:14:00,820,820,820,820,0
2022-07-19 11:15:00,820,820,820,820,0
2022-07-19 11:16:00,820,820,820,820,0
2022-07-19 11:17:00,820,820,820,820,2000
2022-07-19 11:18:00,820,820,820,820,0
2022-07-19 11:19:00,820,820,820,820,0
2022-07-19 11:20:00,820,820,820,820,0
2022-07-19 11:21:00,820,820,820,820,0
2022-07-19 11:22:00,820,820,820,820,0
2022-07-19 11:23:00,820,820,820,820,0
2022-07-19 11:24:00,820,820,820,820,0
2022-07-19 11:25:00,820,820,820,820,0
2022-07-19 11:26:00,820,820,820,820,0
2022-07-19 11:27:00,815,815,815,815,1000
2022-07-19 11:28:00,815,815,815,815,0
2022-07-19 11:29:00,815,815,815,815,500
2022-07-19 11:30:00,815,815,815,815,0
2022-07-19 11:31:00,815,815,815,815,0
2022-07-19 11:32:00,815,815,815,815,0
2022-07-19 11:33:00,815,815,815,815,0
2022-07-19 11:34:00,815,815,815,815,0
2022-07-19 11:35:00,815,815,815,815,0
2022-07-19 11:36:00,815,815,815,815,0
2022-07-19 11:37:00,815,815,815,815,0
2022-07-19 11:38:00,815,815,815,815,0
2022-07-19 11:39:00,815,815,815,815,0
2022-07-19 11:40:00,815,815,815,815,0
2022-07-19 11:41:00,815,815,815,815,0
2022-07-19 11:42:00,815,815,815,815,0
2022-07-19 11:43:00,815,815,815,815,0
2022-07-19 11:44:00,815,815,815,815,0
2022-07-19 11:45:00,815,815,815,815,0
2022-07-19 11:46:00,815,815,815,815,0
2022-07-19 11:47:00,815,815,815,815,0
2022-07-19 11:48:00,815,815,815,815,0
2022-07-19 11:49:00,815,815,815,815,0
2022-07-19 11:50:00,815,815,815,815,0
2022-07-19 11:51:00,815,815,815,815,0
2022-07-19 11:52:00,815,815,815,815,0
2022-07-19 11:53:00,815,815,815,815,0
2022-07-19 11:54:00,815,815,815,815,0
2022-07-19 11:55:00,815,815,815,815,0
2022-07-19 11:56:00,815,815,815,815,0
2022-07-19 11:57:00,815,815,815,815,0
2022-07-19 11:58:00,815,815,815,815,0
2022-07-19 11:59:00,815,815,815,815,0
2022-07-19 12:00:00,815,815,815,815,0
2022-07-19 12:01:00,815,815,815,815,0
2022-07-19 12:02:00,815,815,815,815,0
2022-07-19 12:03:00,815,815,815,815,0
2022-07-19 12:04:00,815,815,815,815,0
2022-07-19 12:05:00,815,815,815,815,0
2022-07-19 12:06:00,815,815,815,815,0
2022-07-19 12:07:00,815,815,815,815,0
2022-07-19 12:08:00,815,815,815,815,0
2022-07-19 12:09:00,815,815,815,815,0
2022-07-19 12:10:00,815,815,815,815,0
2022-07-19 12:11:00,815,815,815,815,0
2022-07-19 12:12:00,815,815,815,815,0
2022-07-19 12:13:00,815,815,815,815,0
2022-07-19 12:14:00,815,815,815,815,0
2022-07-19 12:15:00,815,815,815,815,0
2022-07-19 12:16:00,815,815,815,815,0
2022-07-19 12:17:00,815,815,815,815,0
2022-07-19 12:18:00,815,815,815,815,0
2022-07-19 12:19:00,815,815,815,815,0
2022-07-19 12:20:00,815,815,815,815,0
2022-07-19 12:21:00,815,815,815,815,0
2022-07-19 12:22:00,815,815,815,815,0
2022-07-19 12:23:00,815,815,815,815,0
2022-07-19 12:24:00,815,815,815,815,0
2022-07-19 12:25:00,815,815,815,815,0
2022-07-19 12:26:00,815,815,815,815,0
2022-07-19 12:27:00,815,815,815,815,0
2022-07-19 12:28:00,815,815,815,815,0
2022-07-19 12:29:00,815,815,815,815,0
2022-07-19 12:30:00,815,815,815,815,0
2022-07-19 12:31:00,815,815,815,815,0
2022-07-19 12:32:00,815,815,815,815,0
2022-07-19 12:33:00,815,815,815,815,0
2022-07-19 12:34:00,815,815,815,815,0
2022-07-19 12:35:00,815,815,815,815,0
2022-07-19 12:36:00,815,815,815,815,0
2022-07-19 12:37:00,815,815,815,815,0
2022-07-19 12:38:00,815,815,815,815,0
2022-07-19 12:39:00,815,815,815,815,0
2022-07-19 12:40:00,815,815,815,815,0
2022-07-19 12:41:00,815,815,815,815,0
2022-07-19 12:42:00,815,815,815,815,0
2022-07-19 12:43:00,815,815,815,815,0
2022-07-19 12:44:00,815,815,815,815,0
2022-07-19 12:45:00,815,815,815,815,0
2022-07-19 12:46:00,815,815,815,815,0
2022-07-19 12:47:00,815,815,815,815,0
2022-07-19 12:48:00,815,815,815,815,0
2022-07-19 12:49:00,815,815,815,815,0
2022-07-19 12:50:00,815,815,815,815,0
2022-07-19 12:51:00,815,815,815,815,0
2022-07-19 12:52:00,815,815,815,815,0
2022-07-19 12:53:00,815,815,815,815,0
2022-07-19 12:54:00,815,815,815,815,0
2022-07-19 12:55:00,815,815,815,815,0
2022-07-19 12:56:00,815,815,815,815,0
2022-07-19 12:57:00,815,815,815,815,0
2022-07-19 12:58:00,815,815,815,815,0
2022-07-19 12:59:00,815,815,815,815,0
2022-07-19 13:00:00,815,815,815,815,0
2022-07-19 13:01:00,815,815,815,815,0
2022-07-19 13:02:00,815,815,815,815,0
2022-07-19 13:03:00,815,815,815,815,0
2022-07-19 13:04:00,815,815,815,815,0
2022-07-19 13:05:00,815,815,815,815,0
2022-07-19 13:06:00,815,815,815,815,0
2022-07-19 13:07:00,815,815,815,815,0
2022-07-19 13:08:00,815,815,815,815,0
2022-07-19 13:09:00,815,815,815,815,0
2022-07-19 13:10:00,815,815,815,815,0
2022-07-19 13:11:00,815,815,815,815,0
2022-07-19 13:12:00,815,815,815,815,0
2022-07-19 13:13:00,815,815,815,815,0
2022-07-19 13:14:00,815,815,815,815,0
2022-07-19 13:15:00,815,815,815,815,0
2022-07-19 13:16:00,815,815,815,815,0
2022-07-19 13:17:00,815,815,815,815,0
2022-07-19 13:18:00,815,815,815,815,0
2022-07-19 13:19:00,815,815,815,815,0
2022-07-19 13:20:00,815,815,815,815,0
2022-07-19 13:21:00,815,815,815,815,0
2022-07-19 13:22:00,815,815,815,815,0
2022-07-19 13:23:00,815,815,815,815,0
2022-07-19 13:24:00,815,815,815,815,0
2022-07-19 13:25:00,815,815,815,815,0
2022-07-19 13:26:00,815,815,815,815,0
2022-07-19 13:27:00,815,815,815,815,0
2022-07-19 13:28:00,815,815,815,815,0
2022-07-19 13:29:00,815,815,815,815,0
2022-07-19 13:30:00,815,815,815,815,2700
2022-07-19 13:31:00,815,815,815,815,0
2022-07-19 13:32:00,815,815,815,815,0
2022-07-19 13:33:00,815,815,815,815,0
2022-07-19 13:34:00,815,815,815,815,0
2022-07-19 13:35:00,815,815,815,815,0
2022-07-19 13:36:00,815,815,815,815,0
2022-07-19 13:37:00,815,815,815,815,0
2022-07-19 13:38:00,815,815,815,815,0
2022-07-19 13:39:00,815,815,815,815,0
2022-07-19 13:40:00,815,815,815,815,0
2022-07-19 13:41:00,815,815,815,815,200
2022-07-19 13:42:00,815,815,815,815,0
2022-07-19 13:43:00,815,815,815,815,0
2022-07-19 13:44:00,815,815,815,815,0
2022-07-19 13:45:00,815,815,815,815,0
2022-07-19 13:46:00,810,810,810,810,18600
2022-07-19 13:47:00,810,810,810,810,0
2022-07-19 13:48:00,810,810,810,810,0
2022-07-19 13:49:00,810,810,810,810,0
2022-07-19 13:50:00,810,810,810,810,0
2022-07-19 13:51:00,810,810,810,810,0
2022-07-19 13:52:00,810,810,810,810,0
2022-07-19 13:53:00,810,810,810,810,0
2022-07-19 13:54:00,810,810,810,810,0
2022-07-19 13:55:00,810,810,810,810,0
2022-07-19 13:56:00,810,810,810,810,400
2022-07-19 13:57:00,810,810,810,810,0
2022-07-19 13:58:00,810,810,810,810,0
2022-07-19 13:59:00,810,810,810,810,0
2022-07-19 14:00:00,810,810,810,810,0
2022-07-19 14:01:00,810,810,810,810,0
2022-07-19 14:02:00,810,810,810,810,0
2022-07-19 14:03:00,810,810,810,810,0
2022-07-19 14:04:00,810,810,810,810,0
2022-07-19 14:05:00,815,815,815,815,100
2022-07-19 14:06:00,815,815,815,815,0
2022-07-19 14:07:00,815,815,815,815,600
2022-07-19 14:08:00,815,815,815,815,0
2022-07-19 14:09:00,810,810,810,810,17300
2022-07-19 14:10:00,810,810,810,810,0
2022-07-19 14:11:00,810,810,810,810,0
2022-07-19 14:12:00,810,810,810,810,0
2022-07-19 14:13:00,810,810,810,810,0
2022-07-19 14:14:00,810,810,810,810,0
2022-07-19 14:15:00,810,810,810,810,200
2022-07-19 14:16:00,810,810,810,810,0
2022-07-19 14:17:00,810,810,810,810,0
2022-07-19 14:18:00,810,810,810,810,0
2022-07-19 14:19:00,810,810,810,810,0
2022-07-19 14:20:00,810,810,810,810,700
2022-07-19 14:21:00,810,810,810,810,0
2022-07-19 14:22:00,810,810,810,810,0
2022-07-19 14:23:00,810,810,810,810,0
2022-07-19 14:24:00,810,810,810,810,0
2022-07-19 14:25:00,810,810,810,810,0
2022-07-19 14:26:00,810,810,810,810,200
2022-07-19 14:27:00,810,810,810,810,0
2022-07-19 14:28:00,810,810,810,810,0
2022-07-19 14:29:00,810,810,810,810,0
2022-07-19 14:30:00,815,815,815,815,100
2022-07-19 14:31:00,815,815,815,815,0
2022-07-19 14:32:00,810,810,815,815,2300
2022-07-19 14:33:00,810,810,815,815,0
2022-07-19 14:34:00,810,810,815,815,0
2022-07-19 14:35:00,810,810,815,815,0
2022-07-19 14:36:00,810,810,815,815,0
2022-07-19 14:37:00,810,810,815,815,0
2022-07-19 14:38:00,810,780,810,790,250000
2022-07-19 14:39:00,790,790,790,790,1800
2022-07-19 14:40:00,790,790,790,790,500
2022-07-19 14:41:00,790,790,790,790,17200
2022-07-19 14:42:00,800,800,800,800,100
2022-07-19 14:43:00,800,800,800,800,0
2022-07-19 14:44:00,800,800,800,800,500
2022-07-19 14:45:00,800,800,800,800,0
2022-07-19 14:46:00,800,800,800,800,0
2022-07-19 14:47:00,800,800,800,800,0
2022-07-19 14:48:00,800,800,800,800,0
2022-07-19 14:49:00,800,800,800,800,0
2022-07-19 14:50:00,800,800,800,800,0
2022-07-19 14:51:00,800,800,800,800,0
2022-07-19 14:52:00,800,800,800,800,0
2022-07-19 14:53:00,800,800,800,800,0
2022-07-19 14:54:00,800,800,800,800,0
2022-07-19 14:55:00,800,800,800,800,0
2022-07-19 14:56:00,800,800,800,800,0
2022-07-19 14:57:00,800,800,800,800,0
2022-07-19 14:58:00,800,800,800,800,0
2022-07-19 14:59:00,800,800,800,800,0
2022-07-19 15:00:00,805,805,805,805,6700
2022-07-19 15:01:00,805,805,805,805,100
2022-07-19 15:02:00,805,805,805,805,100
2022-07-19 15:03:00,805,805,805,805,0
2022-07-19 15:04:00,805,805,805,805,0
2022-07-19 15:05:00,805,805,805,805,0
2022-07-19 15:06:00,805,805,805,805,0
2022-07-19 15:07:00,805,805,805,805,0
2022-07-19 15:08:00,805,805,805,805,400
2022-07-19 15:09:00,805,805,805,805,0
2022-07-19 15:10:00,805,805,805,805,0
2022-07-19 15:11:00,805,805,805,805,0
2022-07-19 15:12:00,805,805,805,805,0
2022-07-19 15:13:00,805,805,805,805,0
2022-07-19 15:14:00,805,805,805,805,0
2022-07-19 15:15:00,805,805,805,805,0
2022-07-19 15:16:00,805,805,805,805,0
2022-07-19 15:17:00,805,805,805,805,0
2022-07-19 15:18:00,805,805,805,805,0
2022-07-19 15:19:00,805,805,805,805,0
2022-07-19 15:20:00,805,805,805,805,0
2022-07-19 15:21:00,805,805,805,805,0
2022-07-19 15:22:00,805,805,805,805,0
2022-07-19 15:23:00,805,805,805,805,0
2022-07-19 15:24:00,805,805,805,805,0
2022-07-19 15:25:00,805,805,805,805,0
2022-07-19 15:26:00,805,805,805,805,0
2022-07-19 15:27:00,805,805,805,805,0
2022-07-19 15:28:00,805,805,805,805,0
2022-07-19 15:29:00,805,805,805,805,0
2022-07-19 15:30:00,805,805,805,805,0
2022-07-19 15:31:00,805,805,805,805,0
2022-07-19 15:32:00,805,805,805,805,0
2022-07-19 15:33:00,805,805,805,805,0
2022-07-19 15:34:00,805,805,805,805,0
2022-07-19 15:35:00,805,805,805,805,0
2022-07-19 15:36:00,805,805,805,805,0
2022-07-19 15:37:00,805,805,805,805,0
2022-07-19 15:38:00,805,805,805,805,0
2022-07-19 15:39:00,805,805,805,805,0
2022-07-19 15:40:00,805,805,805,805,0
2022-07-19 15:41:00,805,805,805,805,0
2022-07-19 15:42:00,805,805,805,805,0
2022-07-19 15:43:00,805,805,805,805,0
2022-07-19 15:44:00,805,805,805,805,0
2022-07-19 15:45:00,805,805,805,805,0
2022-07-19 15:46:00,805,805,805,805,0
2022-07-19 15:47:00,805,805,805,805,0
2022-07-19 15:48:00,805,805,805,805,0
2022-07-19 15:49:00,805,805,805,805,0
2022-07-19 15:50:00,805,805,805,805,0
2022-07-19 15:51:00,805,805,805,805,0
2022-07-19 15:52:00,805,805,805,805,0
2022-07-19 15:53:00,805,805,805,805,0
2022-07-19 15:54:00,805,805,805,805,0
2022-07-19 15:55:00,805,805,805,805,0
2022-07-19 15:56:00,805,805,805,805,0
2022-07-19 15:57:00,805,805,805,805,0
2022-07-19 15:58:00,805,805,805,805,0
2022-07-19 15:59:00,805,805,805,805,0
2022-07-20 09:00:00,805,805,805,805,6000
2022-07-20 09:01:00,805,805,805,805,0
2022-07-20 09:02:00,805,805,805,805,0
2022-07-20 09:03:00,805,805,805,805,0
2022-07-20 09:04:00,805,805,805,805,0
2022-07-20 09:05:00,800,800,800,800,1600
2022-07-20 09:06:00,800,800,800,800,0
2022-07-20 09:07:00,800,800,800,800,0
2022-07-20 09:08:00,800,800,800,800,0
2022-07-20 09:09:00,800,800,800,800,0
2022-07-20 09:10:00,800,800,800,800,0
2022-07-20 09:11:00,800,800,800,800,0
2022-07-20 09:12:00,800,800,800,800,0
2022-07-20 09:13:00,800,800,800,800,0
2022-07-20 09:14:00,800,800,800,800,0
2022-07-20 09:15:00,800,800,800,800,0
2022-07-20 09:16:00,800,800,800,800,0
2022-07-20 09:17:00,800,800,800,800,0
2022-07-20 09:18:00,800,800,800,800,0
2022-07-20 09:19:00,800,800,800,800,0
2022-07-20 09:20:00,805,805,805,805,500
2022-07-20 09:21:00,805,805,805,805,0
2022-07-20 09:22:00,805,805,805,805,10000
2022-07-20 09:23:00,805,805,805,805,0
2022-07-20 09:24:00,805,805,805,805,0
2022-07-20 09:25:00,805,805,805,805,0
2022-07-20 09:26:00,805,805,805,805,0
2022-07-20 09:27:00,805,805,805,805,0
2022-07-20 09:28:00,805,805,805,805,0
2022-07-20 09:29:00,805,805,805,805,14800
2022-07-20 09:30:00,805,805,805,805,0
2022-07-20 09:31:00,805,805,805,805,0
2022-07-20 09:32:00,805,805,805,805,8500
2022-07-20 09:33:00,805,805,805,805,0
2022-07-20 09:34:00,805,805,805,805,0
2022-07-20 09:35:00,805,805,805,805,0
2022-07-20 09:36:00,805,805,805,805,0
2022-07-20 09:37:00,805,805,805,805,12000
2022-07-20 09:38:00,805,805,805,805,36100
2022-07-20 09:39:00,805,805,805,805,0
2022-07-20 09:40:00,805,805,805,805,0
2022-07-20 09:41:00,805,805,805,805,0
2022-07-20 09:42:00,805,805,805,805,0
2022-07-20 09:43:00,805,805,805,805,0
2022-07-20 09:44:00,805,805,805,805,0
2022-07-20 09:45:00,805,805,805,805,0
2022-07-20 09:46:00,805,805,805,805,300
2022-07-20 09:47:00,805,805,805,805,0
2022-07-20 09:48:00,805,805,805,805,1800
2022-07-20 09:49:00,805,805,805,805,0
2022-07-20 09:50:00,805,805,805,805,0
2022-07-20 09:51:00,810,810,815,815,2700
2022-07-20 09:52:00,820,820,820,820,200
2022-07-20 09:53:00,820,820,820,820,900
2022-07-20 09:54:00,820,820,820,820,0
2022-07-20 09:55:00,820,820,820,820,0
2022-07-20 09:56:00,820,820,820,820,0
2022-07-20 09:57:00,820,820,820,820,0
2022-07-20 09:58:00,820,820,820,820,0
2022-07-20 09:59:00,820,820,820,820,0
2022-07-20 10:00:00,820,820,820,820,0
2022-07-20 10:01:00,820,820,820,820,0
2022-07-20 10:02:00,820,820,820,820,0
2022-07-20 10:03:00,820,820,820,820,0
2022-07-20 10:04:00,820,820,820,820,0
2022-07-20 10:05:00,820,820,820,820,0
2022-07-20 10:06:00,815,815,815,815,4500
2022-07-20 10:07:00,815,815,815,815,700
2022-07-20 10:08:00,815,815,815,815,0
2022-07-20 10:09:00,815,815,815,815,0
2022-07-20 10:10:00,810,810,810,810,2500
2022-07-20 10:11:00,810,810,810,810,0
2022-07-20 10:12:00,810,800,810,800,98700
2022-07-20 10:13:00,810,800,810,800,0
2022-07-20 10:14:00,810,800,810,800,0
2022-07-20 10:15:00,810,800,810,800,0
2022-07-20 10:16:00,810,800,810,800,0
2022-07-20 10:17:00,810,800,810,800,0
2022-07-20 10:18:00,810,800,810,800,0
2022-07-20 10:19:00,810,800,810,800,0
2022-07-20 10:20:00,810,800,810,800,0
2022-07-20 10:21:00,810,800,810,800,0
2022-07-20 10:22:00,810,800,810,800,0
2022-07-20 10:23:00,810,800,810,800,0
2022-07-20 10:24:00,810,800,810,800,0
2022-07-20 10:25:00,810,800,810,800,0
2022-07-20 10:26:00,810,800,810,800,0
2022-07-20 10:27:00,810,800,810,800,0
2022-07-20 10:28:00,810,800,810,800,0
2022-07-20 10:29:00,810,800,810,800,0
2022-07-20 10:30:00,810,800,810,800,0
2022-07-20 10:31:00,805,805,805,805,100
2022-07-20 10:32:00,805,805,805,805,0
2022-07-20 10:33:00,805,805,805,805,0
2022-07-20 10:34:00,805,805,805,805,0
2022-07-20 10:35:00,805,805,805,805,0
2022-07-20 10:36:00,805,805,805,805,0
2022-07-20 10:37:00,815,815,815,815,100
2022-07-20 10:38:00,815,815,815,815,0
2022-07-20 10:39:00,815,815,815,815,0
2022-07-20 10:40:00,815,815,815,815,0
2022-07-20 10:41:00,815,815,815,815,0
2022-07-20 10:42:00,815,815,815,815,0
2022-07-20 10:43:00,815,815,815,815,0
2022-07-20 10:44:00,815,815,815,815,0
2022-07-20 10:45:00,815,815,815,815,0
2022-07-20 10:46:00,815,815,815,815,0
2022-07-20 10:47:00,815,815,815,815,0
2022-07-20 10:48:00,815,815,815,815,0
2022-07-20 10:49:00,815,815,815,815,0
2022-07-20 10:50:00,810,810,810,810,5200
2022-07-20 10:51:00,810,810,810,810,0
2022-07-20 10:52:00,810,810,810,810,0
2022-07-20 10:53:00,810,810,810,810,0
2022-07-20 10:54:00,810,810,810,810,0
2022-07-20 10:55:00,810,810,810,810,0
2022-07-20 10:56:00,810,810,810,810,0
2022-07-20 10:57:00,810,810,810,810,0
2022-07-20 10:58:00,810,810,810,810,2400
2022-07-20 10:59:00,810,810,810,810,0
2022-07-20 11:00:00,810,810,810,810,0
2022-07-20 11:01:00,810,810,810,810,0
2022-07-20 11:02:00,810,810,810,810,0
2022-07-20 11:03:00,810,810,810,810,0
2022-07-20 11:04:00,810,810,810,810,0
2022-07-20 11:05:00,810,810,810,810,0
2022-07-20 11:06:00,810,810,810,810,0
2022-07-20 11:07:00,810,810,810,810,0
2022-07-20 11:08:00,810,810,810,810,0
2022-07-20 11:09:00,810,810,810,810,0
2022-07-20 11:10:00,810,810,810,810,0
2022-07-20 11:11:00,810,810,810,810,0
2022-07-20 11:12:00,810,810,810,810,0
2022-07-20 11:13:00,810,810,810,810,0
2022-07-20 11:14:00,810,810,810,810,100
2022-07-20 11:15:00,810,810,810,810,0
2022-07-20 11:16:00,810,810,810,810,0
2022-07-20 11:17:00,810,810,810,810,0
2022-07-20 11:18:00,810,810,810,810,0
2022-07-20 11:19:00,810,810,810,810,0
2022-07-20 11:20:00,810,810,810,810,0
2022-07-20 11:21:00,810,810,810,810,0
2022-07-20 11:22:00,810,810,810,810,0
2022-07-20 11:23:00,810,810,810,810,0
2022-07-20 11:24:00,810,810,810,810,0
2022-07-20 11:25:00,810,810,810,810,0
2022-07-20 11:26:00,810,810,810,810,0
2022-07-20 11:27:00,810,810,810,810,0
2022-07-20 11:28:00,810,810,810,810,0
2022-07-20 11:29:00,810,810,810,810,0
2022-07-20 11:30:00,810,810,810,810,0
2022-07-20 11:31:00,810,810,810,810,0
2022-07-20 11:32:00,810,810,810,810,0
2022-07-20 11:33:00,810,810,810,810,0
2022-07-20 11:34:00,810,810,810,810,0
2022-07-20 11:35:00,810,810,810,810,0
2022-07-20 11:36:00,810,810,810,810,0
2022-07-20 11:37:00,810,810,810,810,0
2022-07-20 11:38:00,810,810,810,810,0
2022-07-20 11:39:00,810,810,810,810,0
2022-07-20 11:40:00,810,810,810,810,0
2022-07-20 11:41:00,810,810,810,810,0
2022-07-20 11:42:00,810,810,810,810,0
2022-07-20 11:43:00,810,810,810,810,0
2022-07-20 11:44:00,810,810,810,810,0
2022-07-20 11:45:00,810,810,810,810,0
2022-07-20 11:46:00,810,810,810,810,0
2022-07-20 11:47:00,810,810,810,810,0
2022-07-20 11:48:00,810,810,810,810,0
2022-07-20 11:49:00,810,810,810,810,0
2022-07-20 11:50:00,810,810,810,810,0
2022-07-20 11:51:00,810,810,810,810,0
2022-07-20 11:52:00,810,810,810,810,0
2022-07-20 11:53:00,810,810,810,810,0
2022-07-20 11:54:00,810,810,810,810,0
2022-07-20 11:55:00,810,810,810,810,0
2022-07-20 11:56:00,810,810,810,810,0
2022-07-20 11:57:00,810,810,810,810,0
2022-07-20 11:58:00,810,810,810,810,0
2022-07-20 11:59:00,810,810,810,810,0
2022-07-20 12:00:00,810,810,810,810,0
2022-07-20 12:01:00,810,810,810,810,0
2022-07-20 12:02:00,810,810,810,810,0
2022-07-20 12:03:00,810,810,810,810,0
2022-07-20 12:04:00,810,810,810,810,0
2022-07-20 12:05:00,810,810,810,810,0
2022-07-20 12:06:00,810,810,810,810,0
2022-07-20 12:07:00,810,810,810,810,0
2022-07-20 12:08:00,810,810,810,810,0
2022-07-20 12:09:00,810,810,810,810,0
2022-07-20 12:10:00,810,810,810,810,0
2022-07-20 12:11:00,810,810,810,810,0
2022-07-20 12:12:00,810,810,810,810,0
2022-07-20 12:13:00,810,810,810,810,0
2022-07-20 12:14:00,810,810,810,810,0
2022-07-20 12:15:00,810,810,810,810,0
2022-07-20 12:16:00,810,810,810,810,0
2022-07-20 12:17:00,810,810,810,810,0
2022-07-20 12:18:00,810,810,810,810,0
2022-07-20 12:19:00,810,810,810,810,0
2022-07-20 12:20:00,810,810,810,810,0
2022-07-20 12:21:00,810,810,810,810,0
2022-07-20 12:22:00,810,810,810,810,0
2022-07-20 12:23:00,810,810,810,810,0
2022-07-20 12:24:00,810,810,810,810,0
2022-07-20 12:25:00,810,810,810,810,0
2022-07-20 12:26:00,810,810,810,810,0
2022-07-20 12:27:00,810,810,810,810,0
2022-07-20 12:28:00,810,810,810,810,0
2022-07-20 12:29:00,810,810,810,810,0
2022-07-20 12:30:00,810,810,810,810,0
2022-07-20 12:31:00,810,810,810,810,0
2022-07-20 12:32:00,810,810,810,810,0
2022-07-20 12:33:00,810,810,810,810,0
2022-07-20 12:34:00,810,810,810,810,0
2022-07-20 12:35:00,810,810,810,810,0
2022-07-20 12:36:00,810,810,810,810,0
2022-07-20 12:37:00,810,810,810,810,0
2022-07-20 12:38:00,810,810,810,810,0
2022-07-20 12:39:00,810,810,810,810,0
2022-07-20 12:40:00,810,810,810,810,0
2022-07-20 12:41:00,810,810,810,810,0
2022-07-20 12:42:00,810,810,810,810,0
2022-07-20 12:43:00,810,810,810,810,0
2022-07-20 12:44:00,810,810,810,810,0
2022-07-20 12:45:00,810,810,810,810,0
2022-07-20 12:46:00,810,810,810,810,0
2022-07-20 12:47:00,810,810,810,810,0
2022-07-20 12:48:00,810,810,810,810,0
2022-07-20 12:49:00,810,810,810,810,0
2022-07-20 12:50:00,810,810,810,810,0
2022-07-20 12:51:00,810,810,810,810,0
2022-07-20 12:52:00,810,810,810,810,0
2022-07-20 12:53:00,810,810,810,810,0
2022-07-20 12:54:00,810,810,810,810,0
2022-07-20 12:55:00,810,810,810,810,0
2022-07-20 12:56:00,810,810,810,810,0
2022-07-20 12:57:00,810,810,810,810,0
2022-07-20 12:58:00,810,810,810,810,0
2022-07-20 12:59:00,810,810,810,810,0
2022-07-20 13:00:00,810,810,810,810,0
2022-07-20 13:01:00,810,810,810,810,0
2022-07-20 13:02:00,810,810,810,810,0
2022-07-20 13:03:00,810,810,810,810,0
2022-07-20 13:04:00,810,810,810,810,0
2022-07-20 13:05:00,810,810,810,810,0
2022-07-20 13:06:00,810,810,810,810,0
2022-07-20 13:07:00,810,810,810,810,0
2022-07-20 13:08:00,810,810,810,810,0
2022-07-20 13:09:00,810,810,810,810,0
2022-07-20 13:10:00,810,810,810,810,0
2022-07-20 13:11:00,810,810,810,810,0
2022-07-20 13:12:00,810,810,810,810,0
2022-07-20 13:13:00,810,810,810,810,0
2022-07-20 13:14:00,810,810,810,810,0
2022-07-20 13:15:00,810,810,810,810,0
2022-07-20 13:16:00,810,810,810,810,0
2022-07-20 13:17:00,810,810,810,810,0
2022-07-20 13:18:00,810,810,810,810,0
2022-07-20 13:19:00,810,810,810,810,0
2022-07-20 13:20:00,810,810,810,810,0
2022-07-20 13:21:00,810,810,810,810,0
2022-07-20 13:22:00,810,810,810,810,0
2022-07-20 13:23:00,810,810,810,810,0
2022-07-20 13:24:00,810,810,810,810,0
2022-07-20 13:25:00,810,810,810,810,0
2022-07-20 13:26:00,810,810,810,810,0
2022-07-20 13:27:00,810,810,810,810,0
2022-07-20 13:28:00,810,810,810,810,0
2022-07-20 13:29:00,810,810,810,810,0
2022-07-20 13:30:00,810,810,815,815,1700
2022-07-20 13:31:00,815,815,815,815,0
2022-07-20 13:32:00,815,815,815,815,0
2022-07-20 13:33:00,810,800,810,800,148900
2022-07-20 13:34:00,800,800,800,800,3800
2022-07-20 13:35:00,800,800,800,800,100
2022-07-20 13:36:00,800,800,800,800,110400
2022-07-20 13:37:00,800,800,800,800,38300
2022-07-20 13:38:00,800,800,800,800,0
2022-07-20 13:39:00,800,800,800,800,0
2022-07-20 13:40:00,800,800,800,800,0
2022-07-20 13:41:00,800,800,800,800,0
2022-07-20 13:42:00,800,800,800,800,0
2022-07-20 13:43:00,800,800,800,800,0
2022-07-20 13:44:00,810,810,810,810,0
2022-07-20 13:45:00,810,810,810,810,0
2022-07-20 13:46:00,810,810,810,810,0
2022-07-20 13:47:00,810,810,810,810,0
2022-07-20 13:48:00,810,810,810,810,0
2022-07-20 13:49:00,810,810,810,810,0
2022-07-20 13:50:00,810,810,810,810,0
2022-07-20 13:51:00,810,810,810,810,0
2022-07-20 13:52:00,810,810,810,810,0
2022-07-20 13:53:00,810,810,810,810,0
2022-07-20 13:54:00,810,810,810,810,0
2022-07-20 13:55:00,810,810,810,810,0
2022-07-20 13:56:00,810,810,810,810,0
2022-07-20 13:57:00,810,810,810,810,0
2022-07-20 13:58:00,810,810,810,810,0
2022-07-20 13:59:00,810,810,810,810,0
2022-07-20 14:00:00,810,810,810,810,0
2022-07-20 14:01:00,810,810,810,810,0
2022-07-20 14:02:00,810,810,810,810,0
2022-07-20 14:03:00,810,810,810,810,0
2022-07-20 14:04:00,810,810,810,810,0
2022-07-20 14:05:00,810,810,810,810,0
2022-07-20 14:06:00,810,810,810,810,0
2022-07-20 14:07:00,810,810,810,810,0
2022-07-20 14:08:00,810,810,810,810,0
2022-07-20 14:09:00,810,810,810,810,0
2022-07-20 14:10:00,810,810,810,810,0
2022-07-20 14:11:00,810,810,810,810,0
2022-07-20 14:12:00,810,810,810,810,0
2022-07-20 14:13:00,810,810,810,810,0
2022-07-20 14:14:00,810,810,810,810,0
2022-07-20 14:15:00,810,810,810,810,0
2022-07-20 14:16:00,810,810,810,810,200
2022-07-20 14:17:00,810,810,810,810,0
2022-07-20 14:18:00,810,810,810,810,0
2022-07-20 14:19:00,810,810,810,810,0
2022-07-20 14:20:00,810,810,810,810,0
2022-07-20 14:21:00,810,810,810,810,0
2022-07-20 14:22:00,810,810,810,810,0
2022-07-20 14:23:00,810,810,810,810,0
2022-07-20 14:24:00,805,805,805,805,700
2022-07-20 14:25:00,805,805,805,805,0
2022-07-20 14:26:00,810,810,810,810,13900
2022-07-20 14:27:00,810,810,810,810,0
2022-07-20 14:28:00,810,810,810,810,0
2022-07-20 14:29:00,810,810,810,810,0
2022-07-20 14:30:00,810,810,810,810,0
2022-07-20 14:31:00,810,810,810,810,0
2022-07-20 14:32:00,810,810,810,810,0
2022-07-20 14:33:00,810,810,810,810,0
2022-07-20 14:34:00,805,805,805,805,900
2022-07-20 14:35:00,805,805,805,805,200
2022-07-20 14:36:00,805,805,805,805,100
2022-07-20 14:37:00,805,805,805,805,0
2022-07-20 14:38:00,805,805,805,805,100
2022-07-20 14:39:00,805,805,805,805,300
2022-07-20 14:40:00,805,805,805,805,0
2022-07-20 14:41:00,805,805,805,805,0
2022-07-20 14:42:00,805,805,805,805,24900
2022-07-20 14:43:00,805,805,805,805,0
2022-07-20 14:44:00,805,805,805,805,0
2022-07-20 14:45:00,805,805,805,805,0
2022-07-20 14:46:00,805,805,805,805,0
2022-07-20 14:47:00,805,805,805,805,0
2022-07-20 14:48:00,805,805,805,805,0
2022-07-20 14:49:00,805,805,805,805,0
2022-07-20 14:50:00,805,805,805,805,0
2022-07-20 14:51:00,805,805,805,805,0
2022-07-20 14:52:00,805,805,805,805,0
2022-07-20 14:53:00,805,805,805,805,0
2022-07-20 14:54:00,805,805,805,805,0
2022-07-20 14:55:00,805,805,805,805,0
2022-07-20 14:56:00,805,805,805,805,0
2022-07-20 14:57:00,805,805,805,805,0
2022-07-20 14:58:00,805,805,805,805,0
2022-07-20 14:59:00,805,805,805,805,0
2022-07-20 15:00:00,810,810,810,810,3800
2022-07-20 15:01:00,810,810,810,810,1900
2022-07-20 15:02:00,810,810,810,810,0
2022-07-20 15:03:00,810,810,810,810,0
2022-07-20 15:04:00,810,810,810,810,0
2022-07-20 15:05:00,810,810,810,810,0
2022-07-20 15:06:00,810,810,810,810,0
2022-07-20 15:07:00,810,810,810,810,0
2022-07-20 15:08:00,810,810,810,810,0
2022-07-20 15:09:00,810,810,810,810,0
2022-07-20 15:10:00,810,810,810,810,0
2022-07-20 15:11:00,810,810,810,810,0
2022-07-20 15:12:00,810,810,810,810,400
2022-07-20 15:13:00,810,810,810,810,0
2022-07-20 15:14:00,810,810,810,810,0
2022-07-20 15:15:00,810,810,810,810,0
2022-07-20 15:16:00,810,810,810,810,0
2022-07-20 15:17:00,810,810,810,810,0
2022-07-20 15:18:00,810,810,810,810,0
2022-07-20 15:19:00,810,810,810,810,0
2022-07-20 15:20:00,810,810,810,810,0
2022-07-20 15:21:00,810,810,810,810,0
2022-07-20 15:22:00,810,810,810,810,0
2022-07-20 15:23:00,810,810,810,810,0
2022-07-20 15:24:00,810,810,810,810,0
2022-07-20 15:25:00,810,810,810,810,0
2022-07-20 15:26:00,810,810,810,810,0
2022-07-20 15:27:00,810,810,810,810,0
2022-07-20 15:28:00,810,810,810,810,0
2022-07-20 15:29:00,810,810,810,810,0
2022-07-20 15:30:00,810,810,810,810,0
2022-07-20 15:31:00,810,810,810,810,0
2022-07-20 15:32:00,810,810,810,810,0
2022-07-20 15:33:00,810,810,810,810,0
2022-07-20 15:34:00,810,810,810,810,0
2022-07-20 15:35:00,810,810,810,810,0
2022-07-20 15:36:00,810,810,810,810,0
2022-07-20 15:37:00,810,810,810,810,0
2022-07-20 15:38:00,810,810,810,810,0
2022-07-20 15:39:00,810,810,810,810,0
2022-07-20 15:40:00,810,810,810,810,0
2022-07-20 15:41:00,810,810,810,810,0
2022-07-20 15:42:00,810,810,810,810,0
2022-07-20 15:43:00,810,810,810,810,0
2022-07-20 15:44:00,810,810,810,810,0
2022-07-20 15:45:00,810,810,810,810,0
2022-07-20 15:46:00,810,810,810,810,0
2022-07-20 15:47:00,810,810,810,810,0
2022-07-20 15:48:00,810,810,810,810,0
2022-07-20 15:49:00,810,810,810,810,0
2022-07-20 15:50:00,810,810,810,810,0
2022-07-20 15:51:00,810,810,810,810,0
2022-07-20 15:52:00,810,810,810,810,0
2022-07-20 15:53:00,810,810,810,810,0
2022-07-20 15:54:00,810,810,810,810,0
2022-07-20 15:55:00,810,810,810,810,0
2022-07-20 15:56:00,810,810,810,810,0
2022-07-20 15:57:00,810,810,810,810,0
2022-07-20 15:58:00,810,810,810,810,0
2022-07-20 15:59:00,810,810,810,810,0
2022-07-21 09:00:00,810,810,815,815,15200
2022-07-21 09:01:00,810,810,815,815,0
2022-07-21 09:02:00,815,815,815,815,900
2022-07-21 09:03:00,815,815,815,815,0
2022-07-21 09:04:00,815,815,815,815,0
2022-07-21 09:05:00,820,820,820,820,0
2022-07-21 09:06:00,820,820,820,820,0
2022-07-21 09:07:00,820,820,820,820,0
2022-07-21 09:08:00,815,815,815,815,11300
2022-07-21 09:09:00,815,815,815,815,3900
2022-07-21 09:10:00,815,815,815,815,3800
2022-07-21 09:11:00,815,815,815,815,8600
2022-07-21 09:12:00,815,815,815,815,0
2022-07-21 09:13:00,810,810,810,810,600
2022-07-21 09:14:00,810,810,810,810,0
2022-07-21 09:15:00,810,810,810,810,0
2022-07-21 09:16:00,810,810,810,810,0
2022-07-21 09:17:00,810,810,810,810,0
2022-07-21 09:18:00,810,810,810,810,0
2022-07-21 09:19:00,815,815,815,815,4600
2022-07-21 09:20:00,820,820,820,820,0
2022-07-21 09:21:00,820,820,820,820,0
2022-07-21 09:22:00,820,820,820,820,0
2022-07-21 09:23:00,820,820,820,820,0
2022-07-21 09:24:00,820,820,820,820,0
2022-07-21 09:25:00,820,820,820,820,7600
2022-07-21 09:26:00,820,820,820,820,0
2022-07-21 09:27:00,820,820,820,820,0
2022-07-21 09:28:00,820,820,820,820,0
2022-07-21 09:29:00,820,820,820,820,0
2022-07-21 09:30:00,820,820,820,820,0
2022-07-21 09:31:00,820,820,820,820,100
2022-07-21 09:32:00,820,820,820,820,0
2022-07-21 09:33:00,820,820,820,820,0
2022-07-21 09:34:00,820,820,820,820,0
2022-07-21 09:35:00,820,820,820,820,0
2022-07-21 09:36:00,815,815,815,815,900
2022-07-21 09:37:00,815,815,815,815,0
2022-07-21 09:38:00,815,815,815,815,0
2022-07-21 09:39:00,815,815,815,815,0
2022-07-21 09:40:00,815,815,815,815,0
2022-07-21 09:41:00,815,815,815,815,0
2022-07-21 09:42:00,815,815,815,815,0
2022-07-21 09:43:00,815,815,815,815,2000
2022-07-21 09:44:00,815,815,815,815,0
2022-07-21 09:45:00,815,815,815,815,0
2022-07-21 09:46:00,815,815,815,815,0
2022-07-21 09:47:00,815,815,815,815,0
2022-07-21 09:48:00,815,815,815,815,0
2022-07-21 09:49:00,815,815,815,815,0
2022-07-21 09:50:00,810,810,810,810,0
2022-07-21 09:51:00,810,810,810,810,0
2022-07-21 09:52:00,815,815,815,815,10000
2022-07-21 09:53:00,815,815,815,815,6500
2022-07-21 09:54:00,815,815,815,815,0
2022-07-21 09:55:00,815,815,815,815,0
2022-07-21 09:56:00,815,815,815,815,0
2022-07-21 09:57:00,815,815,815,815,0
2022-07-21 09:58:00,815,815,815,815,0
2022-07-21 09:59:00,815,815,815,815,0
2022-07-21 10:00:00,815,815,815,815,100
2022-07-21 10:01:00,815,815,815,815,1900
2022-07-21 10:02:00,815,815,815,815,0
2022-07-21 10:03:00,810,810,810,810,0
2022-07-21 10:04:00,810,810,810,810,0
2022-07-21 10:05:00,815,815,815,815,10400
2022-07-21 10:06:00,815,815,815,815,0
2022-07-21 10:07:00,815,815,815,815,0
2022-07-21 10:08:00,815,815,815,815,200
2022-07-21 10:09:00,815,815,815,815,6300
2022-07-21 10:10:00,815,815,815,815,0
2022-07-21 10:11:00,815,815,815,815,0
2022-07-21 10:12:00,815,815,815,815,0
2022-07-21 10:13:00,815,815,815,815,0
2022-07-21 10:14:00,815,815,815,815,0
2022-07-21 10:15:00,815,815,815,815,0
2022-07-21 10:16:00,815,815,815,815,0
2022-07-21 10:17:00,815,815,815,815,0
2022-07-21 10:18:00,810,810,810,810,1200
2022-07-21 10:19:00,810,810,810,810,0
2022-07-21 10:20:00,810,810,810,810,0
2022-07-21 10:21:00,810,810,810,810,0
2022-07-21 10:22:00,810,810,810,810,0
2022-07-21 10:23:00,810,810,810,810,0
2022-07-21 10:24:00,810,810,810,810,0
2022-07-21 10:25:00,810,810,810,810,0
2022-07-21 10:26:00,810,810,810,810,0
2022-07-21 10:27:00,810,810,810,810,0
2022-07-21 10:28:00,810,810,810,810,0
2022-07-21 10:29:00,810,810,810,810,0
2022-07-21 10:30:00,810,810,810,810,0
2022-07-21 10:31:00,810,810,810,810,0
2022-07-21 10:32:00,810,810,810,810,0
2022-07-21 10:33:00,810,810,810,810,0
2022-07-21 10:34:00,810,810,810,810,0
2022-07-21 10:35:00,810,810,810,810,0
2022-07-21 10:36:00,810,810,810,810,0
2022-07-21 10:37:00,810,810,810,810,0
2022-07-21 10:38:00,810,810,810,810,0
2022-07-21 10:39:00,810,810,810,810,0
2022-07-21 10:40:00,810,810,810,810,0
2022-07-21 10:41:00,810,810,810,810,0
2022-07-21 10:42:00,815,815,815,815,600
2022-07-21 10:43:00,815,815,815,815,9700
2022-07-21 10:44:00,815,815,815,815,0
2022-07-21 10:45:00,815,815,815,815,5000
2022-07-21 10:46:00,815,815,815,815,0
2022-07-21 10:47:00,815,815,815,815,39700
2022-07-21 10:48:00,815,815,820,820,45500
2022-07-21 10:49:00,815,815,820,820,0
2022-07-21 10:50:00,820,820,825,825,20800
2022-07-21 10:51:00,825,825,825,825,77600
2022-07-21 10:52:00,825,825,825,825,2400
2022-07-21 10:53:00,825,825,825,825,1600
2022-07-21 10:54:00,825,825,825,825,0
2022-07-21 10:55:00,825,825,825,825,0
2022-07-21 10:56:00,830,830,830,830,10400
2022-07-21 10:57:00,830,825,830,825,10400
2022-07-21 10:58:00,830,825,830,825,0
2022-07-21 10:59:00,830,825,830,825,0
2022-07-21 11:00:00,825,825,825,825,8200
2022-07-21 11:01:00,825,825,825,825,3200
2022-07-21 11:02:00,830,830,830,830,0
2022-07-21 11:03:00,830,830,830,830,500
2022-07-21 11:04:00,830,830,830,830,0
2022-07-21 11:05:00,830,830,830,830,0
2022-07-21 11:06:00,825,825,825,825,55100
2022-07-21 11:07:00,825,825,825,825,0
2022-07-21 11:08:00,820,820,820,820,1400
2022-07-21 11:09:00,820,820,820,820,0
2022-07-21 11:10:00,820,820,820,820,0
2022-07-21 11:11:00,820,820,820,820,0
2022-07-21 11:12:00,820,820,820,820,0
2022-07-21 11:13:00,820,820,820,820,16600
2022-07-21 11:14:00,820,820,820,820,0
2022-07-21 11:15:00,820,820,820,820,0
2022-07-21 11:16:00,820,820,820,820,1300
2022-07-21 11:17:00,820,820,820,820,0
2022-07-21 11:18:00,820,820,820,820,0
2022-07-21 11:19:00,820,820,820,820,0
2022-07-21 11:20:00,820,820,820,820,0
2022-07-21 11:21:00,820,820,820,820,0
2022-07-21 11:22:00,820,820,820,820,0
2022-07-21 11:23:00,820,820,820,820,5100
2022-07-21 11:24:00,820,820,820,820,2500
2022-07-21 11:25:00,820,820,820,820,0
2022-07-21 11:26:00,820,820,820,820,0
2022-07-21 11:27:00,820,820,820,820,0
2022-07-21 11:28:00,820,820,820,820,0
2022-07-21 11:29:00,820,820,820,820,0
2022-07-21 11:30:00,820,820,820,820,0
2022-07-21 11:31:00,820,820,820,820,0
2022-07-21 11:32:00,820,820,820,820,0
2022-07-21 11:33:00,820,820,820,820,0
2022-07-21 11:34:00,820,820,820,820,0
2022-07-21 11:35:00,820,820,820,820,0
2022-07-21 11:36:00,820,820,820,820,0
2022-07-21 11:37:00,820,820,820,820,0
2022-07-21 11:38:00,820,820,820,820,0
2022-07-21 11:39:00,820,820,820,820,0
2022-07-21 11:40:00,820,820,820,820,0
2022-07-21 11:41:00,820,820,820,820,0
2022-07-21 11:42:00,820,820,820,820,0
2022-07-21 11:43:00,820,820,820,820,0
2022-07-21 11:44:00,820,820,820,820,0
2022-07-21 11:45:00,820,820,820,820,0
2022-07-21 11:46:00,820,820,820,820,0
2022-07-21 11:47:00,820,820,820,820,0
2022-07-21 11:48:00,820,820,820,820,0
2022-07-21 11:49:00,820,820,820,820,0
2022-07-21 11:50:00,820,820,820,820,0
2022-07-21 11:51:00,820,820,820,820,0
2022-07-21 11:52:00,820,820,820,820,0
2022-07-21 11:53:00,820,820,820,820,0
2022-07-21 11:54:00,820,820,820,820,0
2022-07-21 11:55:00,820,820,820,820,0
2022-07-21 11:56:00,820,820,820,820,0
2022-07-21 11:57:00,820,820,820,820,0
2022-07-21 11:58:00,820,820,820,820,0
2022-07-21 11:59:00,820,820,820,820,0
2022-07-21 12:00:00,820,820,820,820,0
2022-07-21 12:01:00,820,820,820,820,0
2022-07-21 12:02:00,820,820,820,820,0
2022-07-21 12:03:00,820,820,820,820,0
2022-07-21 12:04:00,820,820,820,820,0
2022-07-21 12:05:00,820,820,820,820,0
2022-07-21 12:06:00,820,820,820,820,0
2022-07-21 12:07:00,820,820,820,820,0
2022-07-21 12:08:00,820,820,820,820,0
2022-07-21 12:09:00,820,820,820,820,0
2022-07-21 12:10:00,820,820,820,820,0
2022-07-21 12:11:00,820,820,820,820,0
2022-07-21 12:12:00,820,820,820,820,0
2022-07-21 12:13:00,820,820,820,820,0
2022-07-21 12:14:00,820,820,820,820,0
2022-07-21 12:15:00,820,820,820,820,0
2022-07-21 12:16:00,820,820,820,820,0
2022-07-21 12:17:00,820,820,820,820,0
2022-07-21 12:18:00,820,820,820,820,0
2022-07-21 12:19:00,820,820,820,820,0
2022-07-21 12:20:00,820,820,820,820,0
2022-07-21 12:21:00,820,820,820,820,0
2022-07-21 12:22:00,820,820,820,820,0
2022-07-21 12:23:00,820,820,820,820,0
2022-07-21 12:24:00,820,820,820,820,0
2022-07-21 12:25:00,820,820,820,820,0
2022-07-21 12:26:00,820,820,820,820,0
2022-07-21 12:27:00,820,820,820,820,0
2022-07-21 12:28:00,820,820,820,820,0
2022-07-21 12:29:00,820,820,820,820,0
2022-07-21 12:30:00,820,820,820,820,0
2022-07-21 12:31:00,820,820,820,820,0
2022-07-21 12:32:00,820,820,820,820,0
2022-07-21 12:33:00,820,820,820,820,0
2022-07-21 12:34:00,820,820,820,820,0
2022-07-21 12:35:00,820,820,820,820,0
2022-07-21 12:36:00,820,820,820,820,0
2022-07-21 12:37:00,820,820,820,820,0
2022-07-21 12:38:00,820,820,820,820,0
2022-07-21 12:39:00,820,820,820,820,0
2022-07-21 12:40:00,820,820,820,820,0
2022-07-21 12:41:00,820,820,820,820,0
2022-07-21 12:42:00,820,820,820,820,0
2022-07-21 12:43:00,820,820,820,820,0
2022-07-21 12:44:00,820,820,820,820,0
2022-07-21 12:45:00,820,820,820,820,0
2022-07-21 12:46:00,820,820,820,820,0
2022-07-21 12:47:00,820,820,820,820,0
2022-07-21 12:48:00,820,820,820,820,0
2022-07-21 12:49:00,820,820,820,820,0
2022-07-21 12:50:00,820,820,820,820,0
2022-07-21 12:51:00,820,820,820,820,0
2022-07-21 12:52:00,820,820,820,820,0
2022-07-21 12:53:00,820,820,820,820,0
2022-07-21 12:54:00,820,820,820,820,0
2022-07-21 12:55:00,820,820,820,820,0
2022-07-21 12:56:00,820,820,820,820,0
2022-07-21 12:57:00,820,820,820,820,0
2022-07-21 12:58:00,820,820,820,820,0
2022-07-21 12:59:00,820,820,820,820,0
2022-07-21 13:00:00,820,820,820,820,0
2022-07-21 13:01:00,820,820,820,820,0
2022-07-21 13:02:00,820,820,820,820,0
2022-07-21 13:03:00,820,820,820,820,0
2022-07-21 13:04:00,820,820,820,820,0
2022-07-21 13:05:00,820,820,820,820,0
2022-07-21 13:06:00,820,820,820,820,0
2022-07-21 13:07:00,820,820,820,820,0
2022-07-21 13:08:00,820,820,820,820,0
2022-07-21 13:09:00,820,820,820,820,0
2022-07-21 13:10:00,820,820,820,820,0
2022-07-21 13:11:00,820,820,820,820,0
2022-07-21 13:12:00,820,820,820,820,0
2022-07-21 13:13:00,820,820,820,820,0
2022-07-21 13:14:00,820,820,820,820,0
2022-07-21 13:15:00,820,820,820,820,0
2022-07-21 13:16:00,820,820,820,820,0
2022-07-21 13:17:00,820,820,820,820,0
2022-07-21 13:18:00,820,820,820,820,0
2022-07-21 13:19:00,820,820,820,820,0
2022-07-21 13:20:00,820,820,820,820,0
2022-07-21 13:21:00,820,820,820,820,0
2022-07-21 13:22:00,820,820,820,820,0
2022-07-21 13:23:00,820,820,820,820,0
2022-07-21 13:24:00,820,820,820,820,0
2022-07-21 13:25:00,820,820,820,820,0
2022-07-21 13:26:00,820,820,820,820,0
2022-07-21 13:27:00,820,820,820,820,0
2022-07-21 13:28:00,820,820,820,820,0
2022-07-21 13:29:00,820,820,820,820,0
2022-07-21 13:30:00,820,820,820,820,200
2022-07-21 13:31:00,820,820,820,820,6700
2022-07-21 13:32:00,820,820,820,820,2000
2022-07-21 13:33:00,820,820,820,820,0
2022-07-21 13:34:00,820,820,820,820,0
2022-07-21 13:35:00,820,820,820,820,0
2022-07-21 13:36:00,820,820,820,820,0
2022-07-21 13:37:00,820,820,820,820,0
2022-07-21 13:38:00,820,820,820,820,0
2022-07-21 13:39:00,820,820,820,820,6500
2022-07-21 13:40:00,820,820,820,820,0
2022-07-21 13:41:00,820,820,820,820,1000
2022-07-21 13:42:00,820,820,820,820,0
2022-07-21 13:43:00,820,820,820,820,6300
2022-07-21 13:44:00,820,820,820,820,0
2022-07-21 13:45:00,815,815,815,815,23800
2022-07-21 13:46:00,815,815,815,815,0
2022-07-21 13:47:00,815,815,815,815,0
2022-07-21 13:48:00,815,815,815,815,0
2022-07-21 13:49:00,815,815,815,815,0
2022-07-21 13:50:00,820,820,825,825,10600
2022-07-21 13:51:00,820,820,825,825,0
2022-07-21 13:52:00,820,820,825,825,0
2022-07-21 13:53:00,830,830,830,830,0
2022-07-21 13:54:00,825,825,825,825,700
2022-07-21 13:55:00,825,825,825,825,5500
2022-07-21 13:56:00,825,825,825,825,0
2022-07-21 13:57:00,825,825,825,825,0
2022-07-21 13:58:00,825,825,825,825,0
2022-07-21 13:59:00,825,825,825,825,0
2022-07-21 14:00:00,825,825,825,825,0
2022-07-21 14:01:00,825,825,825,825,0
2022-07-21 14:02:00,825,825,825,825,0
2022-07-21 14:03:00,825,825,825,825,0
2022-07-21 14:04:00,820,820,820,820,2100
2022-07-21 14:05:00,820,820,820,820,0
2022-07-21 14:06:00,820,820,820,820,2200
2022-07-21 14:07:00,820,820,820,820,0
2022-07-21 14:08:00,820,820,820,820,0
2022-07-21 14:09:00,820,820,820,820,0
2022-07-21 14:10:00,820,820,820,820,0
2022-07-21 14:11:00,820,820,820,820,0
2022-07-21 14:12:00,820,820,820,820,4900
2022-07-21 14:13:00,820,820,820,820,0
2022-07-21 14:14:00,820,820,820,820,0
2022-07-21 14:15:00,820,820,820,820,0
2022-07-21 14:16:00,820,820,820,820,0
2022-07-21 14:17:00,820,820,820,820,0
2022-07-21 14:18:00,820,820,820,820,0
2022-07-21 14:19:00,820,820,820,820,0
2022-07-21 14:20:00,820,820,820,820,0
2022-07-21 14:21:00,820,820,820,820,0
2022-07-21 14:22:00,820,820,820,820,0
2022-07-21 14:23:00,820,820,820,820,0
2022-07-21 14:24:00,820,820,820,820,0
2022-07-21 14:25:00,820,820,820,820,0
2022-07-21 14:26:00,820,820,820,820,0
2022-07-21 14:27:00,820,820,820,820,0
2022-07-21 14:28:00,820,820,820,820,0
2022-07-21 14:29:00,820,820,820,820,0
2022-07-21 14:30:00,820,820,820,820,0
2022-07-21 14:31:00,820,820,820,820,0
2022-07-21 14:32:00,820,820,820,820,0
2022-07-21 14:33:00,820,820,820,820,0
2022-07-21 14:34:00,820,820,820,820,0
2022-07-21 14:35:00,820,820,820,820,0
2022-07-21 14:36:00,820,820,820,820,0
2022-07-21 14:37:00,820,820,820,820,0
2022-07-21 14:38:00,820,820,820,820,11600
2022-07-21 14:39:00,820,820,820,820,0
2022-07-21 14:40:00,820,820,820,820,0
2022-07-21 14:41:00,820,820,820,820,0
2022-07-21 14:42:00,820,820,820,820,0
2022-07-21 14:43:00,820,820,820,820,200
2022-07-21 14:44:00,825,825,825,825,2300
2022-07-21 14:45:00,825,825,825,825,100
2022-07-21 14:46:00,825,825,825,825,0
2022-07-21 14:47:00,825,825,825,825,0
2022-07-21 14:48:00,825,825,825,825,0
2022-07-21 14:49:00,825,825,825,825,0
2022-07-21 14:50:00,825,825,825,825,0
2022-07-21 14:51:00,825,825,825,825,0
2022-07-21 14:52:00,825,825,825,825,0
2022-07-21 14:53:00,825,825,825,825,0
2022-07-21 14:54:00,825,825,825,825,0
2022-07-21 14:55:00,825,825,825,825,0
2022-07-21 14:56:00,825,825,825,825,0
2022-07-21 14:57:00,825,825,825,825,0
2022-07-21 14:58:00,825,825,825,825,0
2022-07-21 14:59:00,825,825,825,825,0
2022-07-21 15:00:00,825,825,825,825,19400
2022-07-21 15:01:00,825,825,825,825,0
2022-07-21 15:02:00,825,825,825,825,0
2022-07-21 15:03:00,825,825,825,825,0
2022-07-21 15:04:00,825,825,825,825,0
2022-07-21 15:05:00,825,825,825,825,0
2022-07-21 15:06:00,825,825,825,825,0
2022-07-21 15:07:00,825,825,825,825,200
2022-07-21 15:08:00,825,825,825,825,0
2022-07-21 15:09:00,825,825,825,825,0
2022-07-21 15:10:00,825,825,825,825,0
2022-07-21 15:11:00,825,825,825,825,0
2022-07-21 15:12:00,825,825,825,825,0
2022-07-21 15:13:00,825,825,825,825,0
2022-07-21 15:14:00,825,825,825,825,0
2022-07-21 15:15:00,825,825,825,825,0
2022-07-21 15:16:00,825,825,825,825,0
2022-07-21 15:17:00,825,825,825,825,0
2022-07-21 15:18:00,825,825,825,825,0
2022-07-21 15:19:00,825,825,825,825,0
2022-07-21 15:20:00,825,825,825,825,0
2022-07-21 15:21:00,825,825,825,825,0
2022-07-21 15:22:00,825,825,825,825,0
2022-07-21 15:23:00,825,825,825,825,0
2022-07-21 15:24:00,825,825,825,825,0
2022-07-21 15:25:00,825,825,825,825,0
2022-07-21 15:26:00,825,825,825,825,0
2022-07-21 15:27:00,825,825,825,825,0
2022-07-21 15:28:00,825,825,825,825,0
2022-07-21 15:29:00,825,825,825,825,0
2022-07-21 15:30:00,825,825,825,825,0
2022-07-21 15:31:00,825,825,825,825,0
2022-07-21 15:32:00,825,825,825,825,0
2022-07-21 15:33:00,825,825,825,825,0
2022-07-21 15:34:00,825,825,825,825,0
2022-07-21 15:35:00,825,825,825,825,0
2022-07-21 15:36:00,825,825,825,825,0
2022-07-21 15:37:00,825,825,825,825,0
2022-07-21 15:38:00,825,825,825,825,0
2022-07-21 15:39:00,825,825,825,825,0
2022-07-21 15:40:00,825,825,825,825,0
2022-07-21 15:41:00,825,825,825,825,0
2022-07-21 15:42:00,825,825,825,825,0
2022-07-21 15:43:00,825,825,825,825,0
2022-07-21 15:44:00,825,825,825,825,0
2022-07-21 15:45:00,825,825,825,825,0
2022-07-21 15:46:00,825,825,825,825,0
2022-07-21 15:47:00,825,825,825,825,0
2022-07-21 15:48:00,825,825,825,825,0
2022-07-21 15:49:00,825,825,825,825,0
2022-07-21 15:50:00,825,825,825,825,0
2022-07-21 15:51:00,825,825,825,825,0
2022-07-21 15:52:00,825,825,825,825,0
2022-07-21 15:53:00,825,825,825,825,0
2022-07-21 15:54:00,825,825,825,825,0
2022-07-21 15:55:00,825,825,825,825,0
2022-07-21 15:56:00,825,825,825,825,0
2022-07-21 15:57:00,825,825,825,825,0
2022-07-21 15:58:00,825,825,825,825,0
2022-07-21 15:59:00,825,825,825,825,0
2022-07-22 09:00:00,830,825,835,835,2600
2022-07-22 09:01:00,835,830,835,830,2200
2022-07-22 09:02:00,835,830,835,830,700
2022-07-22 09:03:00,830,825,830,825,13600
2022-07-22 09:04:00,830,825,830,825,0
2022-07-22 09:05:00,835,835,835,835,0
2022-07-22 09:06:00,835,835,835,835,0
2022-07-22 09:07:00,835,835,835,835,0
2022-07-22 09:08:00,835,835,835,835,0
2022-07-22 09:09:00,835,835,835,835,0
2022-07-22 09:10:00,835,835,835,835,0
2022-07-22 09:11:00,830,830,830,830,7100
2022-07-22 09:12:00,830,830,830,830,0
2022-07-22 09:13:00,830,830,830,830,1300
2022-07-22 09:14:00,830,830,830,830,1100
2022-07-22 09:15:00,830,830,830,830,0
2022-07-22 09:16:00,830,830,830,830,0
2022-07-22 09:17:00,830,830,830,830,0
2022-07-22 09:18:00,835,835,835,835,11400
2022-07-22 09:19:00,835,835,835,835,7500
2022-07-22 09:20:00,835,835,835,835,10800
2022-07-22 09:21:00,830,830,830,830,0
2022-07-22 09:22:00,835,835,835,835,700
2022-07-22 09:23:00,835,835,835,835,0
2022-07-22 09:24:00,835,835,835,835,0
2022-07-22 09:25:00,835,835,835,835,1200
2022-07-22 09:26:00,835,835,835,835,0
2022-07-22 09:27:00,835,835,835,835,0
2022-07-22 09:28:00,835,835,835,835,41300
2022-07-22 09:29:00,835,835,840,840,1100
2022-07-22 09:30:00,835,835,840,840,0
2022-07-22 09:31:00,835,835,835,835,300
2022-07-22 09:32:00,835,835,835,835,0
2022-07-22 09:33:00,835,835,835,835,0
2022-07-22 09:34:00,835,835,835,835,0
2022-07-22 09:35:00,835,835,835,835,0
2022-07-22 09:36:00,835,835,835,835,4800
2022-07-22 09:37:00,835,835,835,835,0
2022-07-22 09:38:00,835,835,835,835,0
2022-07-22 09:39:00,835,835,835,835,1600
2022-07-22 09:40:00,835,835,835,835,0
2022-07-22 09:41:00,835,835,835,835,0
2022-07-22 09:42:00,835,835,840,840,3800
2022-07-22 09:43:00,835,835,840,840,0
2022-07-22 09:44:00,835,835,840,840,0
2022-07-22 09:45:00,835,835,840,840,0
2022-07-22 09:46:00,835,835,840,840,0
2022-07-22 09:47:00,840,840,840,840,900
2022-07-22 09:48:00,840,840,840,840,0
2022-07-22 09:49:00,840,840,840,840,0
2022-07-22 09:50:00,840,840,840,840,0
2022-07-22 09:51:00,840,840,840,840,0
2022-07-22 09:52:00,840,840,840,840,0
2022-07-22 09:53:00,840,840,840,840,35000
2022-07-22 09:54:00,840,840,840,840,0
2022-07-22 09:55:00,840,840,840,840,0
2022-07-22 09:56:00,840,840,845,845,12200
2022-07-22 09:57:00,840,840,845,845,0
2022-07-22 09:58:00,845,845,845,845,0
2022-07-22 09:59:00,840,840,840,840,9900
2022-07-22 10:00:00,840,840,845,845,0
2022-07-22 10:01:00,840,840,845,845,0
2022-07-22 10:02:00,840,840,845,845,0
2022-07-22 10:03:00,840,840,845,845,0
2022-07-22 10:04:00,840,840,845,845,0
2022-07-22 10:05:00,840,840,845,845,0
2022-07-22 10:06:00,840,840,845,845,0
2022-07-22 10:07:00,840,840,845,845,0
2022-07-22 10:08:00,840,840,840,840,800
2022-07-22 10:09:00,840,840,840,840,0
2022-07-22 10:10:00,840,840,840,840,0
2022-07-22 10:11:00,840,840,840,840,0
2022-07-22 10:12:00,840,840,840,840,0
2022-07-22 10:13:00,840,840,840,840,0
2022-07-22 10:14:00,840,840,840,840,0
2022-07-22 10:15:00,840,840,840,840,0
2022-07-22 10:16:00,840,840,840,840,900
2022-07-22 10:17:00,840,840,840,840,0
2022-07-22 10:18:00,840,840,840,840,0
2022-07-22 10:19:00,840,840,840,840,0
2022-07-22 10:20:00,840,840,845,845,10400
2022-07-22 10:21:00,845,845,845,845,1600
2022-07-22 10:22:00,845,845,845,845,0
2022-07-22 10:23:00,845,845,845,845,13300
2022-07-22 10:24:00,845,845,850,850,27700
2022-07-22 10:25:00,845,845,850,850,0
2022-07-22 10:26:00,850,850,850,850,6800
2022-07-22 10:27:00,850,850,850,850,300
2022-07-22 10:28:00,850,850,850,850,0
2022-07-22 10:29:00,850,850,850,850,0
2022-07-22 10:30:00,850,850,850,850,0
2022-07-22 10:31:00,850,850,850,850,0
2022-07-22 10:32:00,850,850,850,850,0
2022-07-22 10:33:00,850,850,850,850,0
2022-07-22 10:34:00,850,850,850,850,0
2022-07-22 10:35:00,845,845,845,845,500
2022-07-22 10:36:00,845,845,845,845,200
2022-07-22 10:37:00,845,845,845,845,0
2022-07-22 10:38:00,845,845,845,845,0
2022-07-22 10:39:00,845,845,845,845,300
2022-07-22 10:40:00,850,850,850,850,900
2022-07-22 10:41:00,845,845,845,845,200
2022-07-22 10:42:00,845,845,845,845,0
2022-07-22 10:43:00,845,845,845,845,0
2022-07-22 10:44:00,845,845,845,845,3900
2022-07-22 10:45:00,845,845,845,845,0
2022-07-22 10:46:00,845,845,845,845,0
2022-07-22 10:47:00,850,850,850,850,0
2022-07-22 10:48:00,845,845,845,845,100
2022-07-22 10:49:00,845,845,845,845,0
2022-07-22 10:50:00,845,845,845,845,0
2022-07-22 10:51:00,845,845,845,845,100
2022-07-22 10:52:00,845,845,845,845,0
2022-07-22 10:53:00,845,845,845,845,0
2022-07-22 10:54:00,845,845,845,845,0
2022-07-22 10:55:00,845,845,845,845,0
2022-07-22 10:56:00,845,845,845,845,0
2022-07-22 10:57:00,845,845,845,845,300
2022-07-22 10:58:00,845,845,845,845,900
2022-07-22 10:59:00,845,845,845,845,0
2022-07-22 11:00:00,845,845,845,845,0
2022-07-22 11:01:00,845,845,845,845,0
2022-07-22 11:02:00,845,845,845,845,0
2022-07-22 11:03:00,845,845,845,845,0
2022-07-22 11:04:00,845,845,845,845,0
2022-07-22 11:05:00,845,845,845,845,0
2022-07-22 11:06:00,845,845,845,845,0
2022-07-22 11:07:00,845,845,845,845,0
2022-07-22 11:08:00,845,845,845,845,0
2022-07-22 11:09:00,845,845,845,845,0
2022-07-22 11:10:00,845,845,845,845,600
2022-07-22 11:11:00,845,845,845,845,0
2022-07-22 11:12:00,845,845,845,845,0
2022-07-22 11:13:00,845,845,845,845,0
2022-07-22 11:14:00,850,850,850,850,1200
2022-07-22 11:15:00,850,850,850,850,0
2022-07-22 11:16:00,850,850,850,850,0
2022-07-22 11:17:00,850,850,850,850,0
2022-07-22 11:18:00,850,850,850,850,0
2022-07-22 11:19:00,850,850,850,850,0
2022-07-22 11:20:00,850,850,850,850,0
2022-07-22 11:21:00,850,850,850,850,0
2022-07-22 11:22:00,850,850,850,850,100
2022-07-22 11:23:00,850,850,850,850,0
2022-07-22 11:24:00,850,850,850,850,0
2022-07-22 11:25:00,850,850,850,850,0
2022-07-22 11:26:00,845,845,845,845,2000
2022-07-22 11:27:00,845,845,845,845,0
2022-07-22 11:28:00,845,845,850,850,100
2022-07-22 11:29:00,845,845,850,850,0
2022-07-22 11:30:00,845,845,850,850,0
2022-07-22 11:31:00,845,845,850,850,0
2022-07-22 11:32:00,845,845,850,850,0
2022-07-22 11:33:00,845,845,850,850,0
2022-07-22 11:34:00,845,845,850,850,0
2022-07-22 11:35:00,845,845,850,850,0
2022-07-22 11:36:00,845,845,850,850,0
2022-07-22 11:37:00,845,845,850,850,0
2022-07-22 11:38:00,845,845,850,850,0
2022-07-22 11:39:00,845,845,850,850,0
2022-07-22 11:40:00,845,845,850,850,0
2022-07-22 11:41:00,845,845,850,850,0
2022-07-22 11:42:00,845,845,850,850,0
2022-07-22 11:43:00,845,845,850,850,0
2022-07-22 11:44:00,845,845,850,850,0
2022-07-22 11:45:00,845,845,850,850,0
2022-07-22 11:46:00,845,845,850,850,0
2022-07-22 11:47:00,845,845,850,850,0
2022-07-22 11:48:00,845,845,850,850,0
2022-07-22 11:49:00,845,845,850,850,0
2022-07-22 11:50:00,845,845,850,850,0
2022-07-22 11:51:00,845,845,850,850,0
2022-07-22 11:52:00,845,845,850,850,0
2022-07-22 11:53:00,845,845,850,850,0
2022-07-22 11:54:00,845,845,850,850,0
2022-07-22 11:55:00,845,845,850,850,0
2022-07-22 11:56:00,845,845,850,850,0
2022-07-22 11:57:00,845,845,850,850,0
2022-07-22 11:58:00,845,845,850,850,0
2022-07-22 11:59:00,845,845,850,850,0
2022-07-22 12:00:00,845,845,850,850,0
2022-07-22 12:01:00,845,845,850,850,0
2022-07-22 12:02:00,845,845,850,850,0
2022-07-22 12:03:00,845,845,850,850,0
2022-07-22 12:04:00,845,845,850,850,0
2022-07-22 12:05:00,845,845,850,850,0
2022-07-22 12:06:00,845,845,850,850,0
2022-07-22 12:07:00,845,845,850,850,0
2022-07-22 12:08:00,845,845,850,850,0
2022-07-22 12:09:00,845,845,850,850,0
2022-07-22 12:10:00,845,845,850,850,0
2022-07-22 12:11:00,845,845,850,850,0
2022-07-22 12:12:00,845,845,850,850,0
2022-07-22 12:13:00,845,845,850,850,0
2022-07-22 12:14:00,845,845,850,850,0
2022-07-22 12:15:00,845,845,850,850,0
2022-07-22 12:16:00,845,845,850,850,0
2022-07-22 12:17:00,845,845,850,850,0
2022-07-22 12:18:00,845,845,850,850,0
2022-07-22 12:19:00,845,845,850,850,0
2022-07-22 12:20:00,845,845,850,850,0
2022-07-22 12:21:00,845,845,850,850,0
2022-07-22 12:22:00,845,845,850,850,0
2022-07-22 12:23:00,845,845,850,850,0
2022-07-22 12:24:00,845,845,850,850,0
2022-07-22 12:25:00,845,845,850,850,0
2022-07-22 12:26:00,845,845,850,850,0
2022-07-22 12:27:00,845,845,850,850,0
2022-07-22 12:28:00,845,845,850,850,0
2022-07-22 12:29:00,845,845,850,850,0
2022-07-22 12:30:00,845,845,850,850,0
2022-07-22 12:31:00,845,845,850,850,0
2022-07-22 12:32:00,845,845,850,850,0
2022-07-22 12:33:00,845,845,850,850,0
2022-07-22 12:34:00,845,845,850,850,0
2022-07-22 12:35:00,845,845,850,850,0
2022-07-22 12:36:00,845,845,850,850,0
2022-07-22 12:37:00,845,845,850,850,0
2022-07-22 12:38:00,845,845,850,850,0
2022-07-22 12:39:00,845,845,850,850,0
2022-07-22 12:40:00,845,845,850,850,0
2022-07-22 12:41:00,845,845,850,850,0
2022-07-22 12:42:00,845,845,850,850,0
2022-07-22 12:43:00,845,845,850,850,0
2022-07-22 12:44:00,845,845,850,850,0
2022-07-22 12:45:00,845,845,850,850,0
2022-07-22 12:46:00,845,845,850,850,0
2022-07-22 12:47:00,845,845,850,850,0
2022-07-22 12:48:00,845,845,850,850,0
2022-07-22 12:49:00,845,845,850,850,0
2022-07-22 12:50:00,845,845,850,850,0
2022-07-22 12:51:00,845,845,850,850,0
2022-07-22 12:52:00,845,845,850,850,0
2022-07-22 12:53:00,845,845,850,850,0
2022-07-22 12:54:00,845,845,850,850,0
2022-07-22 12:55:00,845,845,850,850,0
2022-07-22 12:56:00,845,845,850,850,0
2022-07-22 12:57:00,845,845,850,850,0
2022-07-22 12:58:00,845,845,850,850,0
2022-07-22 12:59:00,845,845,850,850,0
2022-07-22 13:00:00,845,845,850,850,0
2022-07-22 13:01:00,845,845,850,850,0
2022-07-22 13:02:00,845,845,850,850,0
2022-07-22 13:03:00,845,845,850,850,0
2022-07-22 13:04:00,845,845,850,850,0
2022-07-22 13:05:00,845,845,850,850,0
2022-07-22 13:06:00,845,845,850,850,0
2022-07-22 13:07:00,845,845,850,850,0
2022-07-22 13:08:00,845,845,850,850,0
2022-07-22 13:09:00,845,845,850,850,0
2022-07-22 13:10:00,845,845,850,850,0
2022-07-22 13:11:00,845,845,850,850,0
2022-07-22 13:12:00,845,845,850,850,0
2022-07-22 13:13:00,845,845,850,850,0
2022-07-22 13:14:00,845,845,850,850,0
2022-07-22 13:15:00,845,845,850,850,0
2022-07-22 13:16:00,845,845,850,850,0
2022-07-22 13:17:00,845,845,850,850,0
2022-07-22 13:18:00,845,845,850,850,0
2022-07-22 13:19:00,845,845,850,850,0
2022-07-22 13:20:00,845,845,850,850,0
2022-07-22 13:21:00,845,845,850,850,0
2022-07-22 13:22:00,845,845,850,850,0
2022-07-22 13:23:00,845,845,850,850,0
2022-07-22 13:24:00,845,845,850,850,0
2022-07-22 13:25:00,845,845,850,850,0
2022-07-22 13:26:00,845,845,850,850,0
2022-07-22 13:27:00,845,845,850,850,0
2022-07-22 13:28:00,845,845,850,850,0
2022-07-22 13:29:00,845,845,850,850,0
2022-07-22 13:30:00,850,845,850,850,46800
2022-07-22 13:31:00,850,845,850,850,0
2022-07-22 13:32:00,850,845,850,850,0
2022-07-22 13:33:00,850,850,850,850,16300
2022-07-22 13:34:00,850,850,850,850,0
2022-07-22 13:35:00,850,850,850,850,0
2022-07-22 13:36:00,850,850,850,850,0
2022-07-22 13:37:00,850,850,850,850,0
2022-07-22 13:38:00,850,850,850,850,0
2022-07-22 13:39:00,850,850,850,850,0
2022-07-22 13:40:00,850,850,850,850,0
2022-07-22 13:41:00,850,850,850,850,0
2022-07-22 13:42:00,850,850,850,850,2000
2022-07-22 13:43:00,850,850,850,850,0
2022-07-22 13:44:00,845,845,845,845,100
2022-07-22 13:45:00,845,845,845,845,0
2022-07-22 13:46:00,845,845,845,845,0
2022-07-22 13:47:00,845,845,845,845,200
2022-07-22 13:48:00,845,845,845,845,0
2022-07-22 13:49:00,845,845,845,845,0
2022-07-22 13:50:00,845,845,845,845,0
2022-07-22 13:51:00,845,840,850,850,136000
2022-07-22 13:52:00,840,840,845,840,142900
2022-07-22 13:53:00,840,840,850,850,0
2022-07-22 13:54:00,840,840,850,850,0
2022-07-22 13:55:00,840,840,850,850,0
2022-07-22 13:56:00,840,840,850,850,0
2022-07-22 13:57:00,840,840,850,850,0
2022-07-22 13:58:00,840,840,850,850,0
2022-07-22 13:59:00,840,840,850,850,0
2022-07-22 14:00:00,850,850,850,850,0
2022-07-22 14:01:00,850,850,850,850,0
2022-07-22 14:02:00,850,850,850,850,0
2022-07-22 14:03:00,850,850,850,850,0
2022-07-22 14:04:00,850,850,850,850,0
2022-07-22 14:05:00,850,850,850,850,0
2022-07-22 14:06:00,850,850,850,850,0
2022-07-22 14:07:00,850,850,850,850,0
2022-07-22 14:08:00,850,850,850,850,0
2022-07-22 14:09:00,850,850,850,850,0
2022-07-22 14:10:00,850,850,850,850,0
2022-07-22 14:11:00,850,850,850,850,0
2022-07-22 14:12:00,850,850,850,850,0
2022-07-22 14:13:00,850,850,850,850,0
2022-07-22 14:14:00,850,850,850,850,0
2022-07-22 14:15:00,850,850,850,850,0
2022-07-22 14:16:00,850,850,850,850,0
2022-07-22 14:17:00,850,850,850,850,0
2022-07-22 14:18:00,850,850,850,850,0
2022-07-22 14:19:00,850,850,850,850,0
2022-07-22 14:20:00,850,850,850,850,0
2022-07-22 14:21:00,850,850,850,850,0
2022-07-22 14:22:00,850,850,850,850,0
2022-07-22 14:23:00,850,850,850,850,0
2022-07-22 14:24:00,850,850,850,850,0
2022-07-22 14:25:00,850,850,850,850,0
2022-07-22 14:26:00,850,850,850,850,0
2022-07-22 14:27:00,850,850,850,850,0
2022-07-22 14:28:00,840,840,840,840,600
2022-07-22 14:29:00,840,840,840,840,0
2022-07-22 14:30:00,840,840,840,840,0
2022-07-22 14:31:00,840,840,840,840,0
2022-07-22 14:32:00,840,840,840,840,0
2022-07-22 14:33:00,840,840,840,840,0
2022-07-22 14:34:00,850,845,850,845,4600
2022-07-22 14:35:00,850,845,850,845,0
2022-07-22 14:36:00,840,840,840,840,0
2022-07-22 14:37:00,840,840,840,840,3100
2022-07-22 14:38:00,840,840,840,840,0
2022-07-22 14:39:00,840,840,840,840,0
2022-07-22 14:40:00,840,840,840,840,0
2022-07-22 14:41:00,840,840,840,840,5600
2022-07-22 14:42:00,840,840,840,840,0
2022-07-22 14:43:00,840,840,840,840,0
2022-07-22 14:44:00,840,840,840,840,0
2022-07-22 14:45:00,840,840,840,840,1000
2022-07-22 14:46:00,840,840,840,840,0
2022-07-22 14:47:00,840,840,840,840,0
2022-07-22 14:48:00,840,840,840,840,0
2022-07-22 14:49:00,840,835,845,845,55300
2022-07-22 14:50:00,840,835,845,845,0
2022-07-22 14:51:00,840,835,845,845,0
2022-07-22 14:52:00,840,835,845,845,0
2022-07-22 14:53:00,840,835,845,845,0
2022-07-22 14:54:00,840,835,845,845,0
2022-07-22 14:55:00,840,835,845,845,0
2022-07-22 14:56:00,840,835,845,845,0
2022-07-22 14:57:00,840,835,845,845,0
2022-07-22 14:58:00,840,835,845,845,0
2022-07-22 14:59:00,840,835,845,845,0
2022-07-22 15:00:00,840,835,845,845,0
2022-07-22 15:01:00,840,835,845,845,0
2022-07-22 15:02:00,840,835,845,845,0
2022-07-22 15:03:00,840,835,845,845,0
2022-07-22 15:04:00,840,835,845,845,0
2022-07-22 15:05:00,840,835,845,845,0
2022-07-22 15:06:00,840,835,845,845,0
2022-07-22 15:07:00,840,835,845,845,0
2022-07-22 15:08:00,840,835,845,845,0
2022-07-22 15:09:00,840,835,845,845,0
2022-07-22 15:10:00,840,835,845,845,0
2022-07-22 15:11:00,840,835,845,845,0
2022-07-22 15:12:00,840,835,845,845,0
2022-07-22 15:13:00,840,835,845,845,0
2022-07-22 15:14:00,840,835,845,845,0
2022-07-22 15:15:00,840,835,845,845,0
2022-07-22 15:16:00,840,835,845,845,0
2022-07-22 15:17:00,840,835,845,845,0
2022-07-22 15:18:00,840,835,845,845,0
2022-07-22 15:19:00,840,835,845,845,0
2022-07-22 15:20:00,840,835,845,845,0
2022-07-22 15:21:00,840,835,845,845,0
2022-07-22 15:22:00,840,835,845,845,0
2022-07-22 15:23:00,840,835,845,845,0
2022-07-22 15:24:00,840,835,845,845,0
2022-07-22 15:25:00,840,835,845,845,0
2022-07-22 15:26:00,840,835,845,845,0
2022-07-22 15:27:00,840,835,845,845,0
2022-07-22 15:28:00,840,835,845,845,0
2022-07-22 15:29:00,840,835,845,845,0
2022-07-22 15:30:00,840,835,845,845,0
2022-07-22 15:31:00,840,835,845,845,0
2022-07-22 15:32:00,840,835,845,845,0
2022-07-22 15:33:00,840,835,845,845,0
2022-07-22 15:34:00,840,835,845,845,0
2022-07-22 15:35:00,840,835,845,845,0
2022-07-22 15:36:00,840,835,845,845,0
2022-07-22 15:37:00,840,835,845,845,0
2022-07-22 15:38:00,840,835,845,845,0
2022-07-22 15:39:00,840,835,845,845,0
2022-07-22 15:40:00,840,835,845,845,0
2022-07-22 15:41:00,840,835,845,845,0
2022-07-22 15:42:00,840,835,845,845,0
2022-07-22 15:43:00,840,835,845,845,0
2022-07-22 15:44:00,840,835,845,845,0
2022-07-22 15:45:00,840,835,845,845,0
2022-07-22 15:46:00,840,835,845,845,0
2022-07-22 15:47:00,840,835,845,845,0
2022-07-22 15:48:00,840,835,845,845,0
2022-07-22 15:49:00,840,835,845,845,0
2022-07-22 15:50:00,840,835,845,845,0
2022-07-22 15:51:00,840,835,845,845,0
2022-07-22 15:52:00,840,835,845,845,0
2022-07-22 15:53:00,840,835,845,845,0
2022-07-22 15:54:00,840,835,845,845,0
2022-07-22 15:55:00,840,835,845,845,0
2022-07-22 15:56:00,840,835,845,845,0
2022-07-22 15:57:00,840,835,845,845,0
2022-07-22 15:58:00,840,835,845,845,0
2022-07-22 15:59:00,840,835,845,845,0
2022-07-25 09:00:00,835,835,845,845,0
2022-07-25 09:01:00,835,835,845,845,0
2022-07-25 09:02:00,835,835,845,845,0
2022-07-25 09:03:00,835,835,845,845,0
2022-07-25 09:04:00,845,845,845,845,4400
2022-07-25 09:05:00,845,845,845,845,1000
2022-07-25 09:06:00,845,845,845,845,0
2022-07-25 09:07:00,845,845,845,845,19100
2022-07-25 09:08:00,845,840,845,845,74900
2022-07-25 09:09:00,845,845,845,845,0
2022-07-25 09:10:00,850,850,850,850,3800
2022-07-25 09:11:00,850,850,850,850,200
2022-07-25 09:12:00,850,850,850,850,0
2022-07-25 09:13:00,850,850,850,850,1100
2022-07-25 09:14:00,850,850,850,850,500
2022-07-25 09:15:00,850,850,850,850,0
2022-07-25 09:16:00,850,850,850,850,0
2022-07-25 09:17:00,850,850,850,850,9700
2022-07-25 09:18:00,850,850,850,850,0
2022-07-25 09:19:00,850,850,850,850,0
2022-07-25 09:20:00,850,850,850,850,0
2022-07-25 09:21:00,850,850,850,850,0
2022-07-25 09:22:00,850,850,850,850,0
2022-07-25 09:23:00,850,850,850,850,0
2022-07-25 09:24:00,850,850,850,850,0
2022-07-25 09:25:00,855,855,855,855,0
2022-07-25 09:26:00,855,855,855,855,0
2022-07-25 09:27:00,855,855,855,855,1200
2022-07-25 09:28:00,845,845,855,855,6500
2022-07-25 09:29:00,845,845,855,855,0
2022-07-25 09:30:00,845,845,855,855,59100
2022-07-25 09:31:00,855,855,860,860,0
2022-07-25 09:32:00,845,845,845,845,82200
2022-07-25 09:33:00,840,840,840,840,0
2022-07-25 09:34:00,840,840,840,840,100
2022-07-25 09:35:00,840,840,840,840,100
2022-07-25 09:36:00,840,840,840,840,0
2022-07-25 09:37:00,840,840,840,840,0
2022-07-25 09:38:00,840,840,840,840,0
2022-07-25 09:39:00,840,840,840,840,0
2022-07-25 09:40:00,840,840,840,840,0
2022-07-25 09:41:00,845,845,860,860,26100
2022-07-25 09:42:00,860,860,860,860,12200
2022-07-25 09:43:00,860,860,860,860,0
2022-07-25 09:44:00,860,860,860,860,0
2022-07-25 09:45:00,850,845,850,845,98000
2022-07-25 09:46:00,850,845,850,845,0
2022-07-25 09:47:00,845,845,845,845,0
2022-07-25 09:48:00,845,845,845,845,0
2022-07-25 09:49:00,845,845,845,845,0
2022-07-25 09:50:00,845,845,845,845,0
2022-07-25 09:51:00,845,845,845,845,0
2022-07-25 09:52:00,845,845,845,845,0
2022-07-25 09:53:00,845,845,845,845,4600
2022-07-25 09:54:00,840,840,845,845,1500
2022-07-25 09:55:00,840,840,845,845,0
2022-07-25 09:56:00,840,840,845,845,0
2022-07-25 09:57:00,840,840,845,845,0
2022-07-25 09:58:00,845,845,845,845,700
2022-07-25 09:59:00,845,845,845,845,0
2022-07-25 10:00:00,845,845,845,845,0
2022-07-25 10:01:00,845,845,845,845,0
2022-07-25 10:02:00,845,845,845,845,0
2022-07-25 10:03:00,845,845,845,845,600
2022-07-25 10:04:00,845,845,845,845,100
2022-07-25 10:05:00,845,845,845,845,0
2022-07-25 10:06:00,840,840,845,845,5100
2022-07-25 10:07:00,840,840,845,845,0
2022-07-25 10:08:00,845,845,845,845,1900
2022-07-25 10:09:00,845,845,855,855,0
2022-07-25 10:10:00,845,845,855,855,0
2022-07-25 10:11:00,845,845,855,855,0
2022-07-25 10:12:00,845,845,855,855,0
2022-07-25 10:13:00,845,845,855,855,0
2022-07-25 10:14:00,845,845,855,855,0
2022-07-25 10:15:00,845,845,855,855,0
2022-07-25 10:16:00,845,845,855,855,0
2022-07-25 10:17:00,845,845,855,855,0
2022-07-25 10:18:00,850,845,850,845,16100
2022-07-25 10:19:00,845,845,845,845,5200
2022-07-25 10:20:00,845,845,845,845,0
2022-07-25 10:21:00,845,845,845,845,0
2022-07-25 10:22:00,845,845,845,845,0
2022-07-25 10:23:00,850,850,850,850,0
2022-07-25 10:24:00,850,850,850,850,0
2022-07-25 10:25:00,850,850,850,850,0
2022-07-25 10:26:00,850,850,850,850,0
2022-07-25 10:27:00,850,850,850,850,0
2022-07-25 10:28:00,855,855,855,855,2100
2022-07-25 10:29:00,855,855,855,855,0
2022-07-25 10:30:00,855,855,855,855,0
2022-07-25 10:31:00,855,855,855,855,0
2022-07-25 10:32:00,855,855,855,855,0
2022-07-25 10:33:00,855,855,855,855,0
2022-07-25 10:34:00,855,855,855,855,0
2022-07-25 10:35:00,855,855,855,855,0
2022-07-25 10:36:00,855,855,855,855,100
2022-07-25 10:37:00,855,855,855,855,600
2022-07-25 10:38:00,855,855,855,855,200
2022-07-25 10:39:00,855,855,855,855,300
2022-07-25 10:40:00,855,855,855,855,500
2022-07-25 10:41:00,855,855,855,855,0
2022-07-25 10:42:00,855,855,855,855,0
2022-07-25 10:43:00,855,855,855,855,200
2022-07-25 10:44:00,850,850,850,850,1900
2022-07-25 10:45:00,850,850,850,850,0
2022-07-25 10:46:00,850,850,850,850,0
2022-07-25 10:47:00,850,850,850,850,0
2022-07-25 10:48:00,850,850,850,850,0
2022-07-25 10:49:00,850,850,850,850,0
2022-07-25 10:50:00,850,850,850,850,0
2022-07-25 10:51:00,850,850,850,850,0
2022-07-25 10:52:00,850,850,850,850,0
2022-07-25 10:53:00,850,850,850,850,0
2022-07-25 10:54:00,850,840,850,840,30200
2022-07-25 10:55:00,850,840,850,840,0
2022-07-25 10:56:00,850,840,850,840,0
2022-07-25 10:57:00,850,840,850,840,0
2022-07-25 10:58:00,850,840,850,840,0
2022-07-25 10:59:00,850,840,850,840,0
2022-07-25 11:00:00,840,840,840,840,6400
2022-07-25 11:01:00,840,840,840,840,0
2022-07-25 11:02:00,840,840,840,840,0
2022-07-25 11:03:00,840,840,840,840,0
2022-07-25 11:04:00,840,840,840,840,0
2022-07-25 11:05:00,840,840,840,840,0
2022-07-25 11:06:00,840,840,840,840,0
2022-07-25 11:07:00,840,840,840,840,0
2022-07-25 11:08:00,840,840,840,840,0
2022-07-25 11:09:00,840,840,840,840,33600
2022-07-25 11:10:00,835,835,835,835,6000
2022-07-25 11:11:00,835,835,835,835,0
2022-07-25 11:12:00,835,835,835,835,0
2022-07-25 11:13:00,835,835,835,835,0
2022-07-25 11:14:00,835,835,835,835,0
2022-07-25 11:15:00,835,835,835,835,0
2022-07-25 11:16:00,835,835,835,835,0
2022-07-25 11:17:00,835,835,835,835,0
2022-07-25 11:18:00,835,835,835,835,0
2022-07-25 11:19:00,835,835,835,835,0
2022-07-25 11:20:00,835,835,835,835,0
2022-07-25 11:21:00,835,835,835,835,0
2022-07-25 11:22:00,835,835,835,835,0
2022-07-25 11:23:00,835,835,835,835,0
2022-07-25 11:24:00,835,835,835,835,0
2022-07-25 11:25:00,835,835,835,835,0
2022-07-25 11:26:00,835,835,835,835,0
2022-07-25 11:27:00,835,835,835,835,0
2022-07-25 11:28:00,835,835,835,835,0
2022-07-25 11:29:00,835,835,835,835,0
2022-07-25 11:30:00,835,835,835,835,0
2022-07-25 11:31:00,835,835,835,835,0
2022-07-25 11:32:00,835,835,835,835,0
2022-07-25 11:33:00,835,835,835,835,0
2022-07-25 11:34:00,835,835,835,835,0
2022-07-25 11:35:00,835,835,835,835,0
2022-07-25 11:36:00,835,835,835,835,0
2022-07-25 11:37:00,835,835,835,835,0
2022-07-25 11:38:00,835,835,835,835,0
2022-07-25 11:39:00,835,835,835,835,0
2022-07-25 11:40:00,835,835,835,835,0
2022-07-25 11:41:00,835,835,835,835,0
2022-07-25 11:42:00,835,835,835,835,0
2022-07-25 11:43:00,835,835,835,835,0
2022-07-25 11:44:00,835,835,835,835,0
2022-07-25 11:45:00,835,835,835,835,0
2022-07-25 11:46:00,835,835,835,835,0
2022-07-25 11:47:00,835,835,835,835,0
2022-07-25 11:48:00,835,835,835,835,0
2022-07-25 11:49:00,835,835,835,835,0
2022-07-25 11:50:00,835,835,835,835,0
2022-07-25 11:51:00,835,835,835,835,0
2022-07-25 11:52:00,835,835,835,835,0
2022-07-25 11:53:00,835,835,835,835,0
2022-07-25 11:54:00,835,835,835,835,0
2022-07-25 11:55:00,835,835,835,835,0
2022-07-25 11:56:00,835,835,835,835,0
2022-07-25 11:57:00,835,835,835,835,0
2022-07-25 11:58:00,835,835,835,835,0
2022-07-25 11:59:00,835,835,835,835,0
2022-07-25 12:00:00,835,835,835,835,0
2022-07-25 12:01:00,835,835,835,835,0
2022-07-25 12:02:00,835,835,835,835,0
2022-07-25 12:03:00,835,835,835,835,0
2022-07-25 12:04:00,835,835,835,835,0
2022-07-25 12:05:00,835,835,835,835,0
2022-07-25 12:06:00,835,835,835,835,0
2022-07-25 12:07:00,835,835,835,835,0
2022-07-25 12:08:00,835,835,835,835,0
2022-07-25 12:09:00,835,835,835,835,0
2022-07-25 12:10:00,835,835,835,835,0
2022-07-25 12:11:00,835,835,835,835,0
2022-07-25 12:12:00,835,835,835,835,0
2022-07-25 12:13:00,835,835,835,835,0
2022-07-25 12:14:00,835,835,835,835,0
2022-07-25 12:15:00,835,835,835,835,0
2022-07-25 12:16:00,835,835,835,835,0
2022-07-25 12:17:00,835,835,835,835,0
2022-07-25 12:18:00,835,835,835,835,0
2022-07-25 12:19:00,835,835,835,835,0
2022-07-25 12:20:00,835,835,835,835,0
2022-07-25 12:21:00,835,835,835,835,0
2022-07-25 12:22:00,835,835,835,835,0
2022-07-25 12:23:00,835,835,835,835,0
2022-07-25 12:24:00,835,835,835,835,0
2022-07-25 12:25:00,835,835,835,835,0
2022-07-25 12:26:00,835,835,835,835,0
2022-07-25 12:27:00,835,835,835,835,0
2022-07-25 12:28:00,835,835,835,835,0
2022-07-25 12:29:00,835,835,835,835,0
2022-07-25 12:30:00,835,835,835,835,0
2022-07-25 12:31:00,835,835,835,835,0
2022-07-25 12:32:00,835,835,835,835,0
2022-07-25 12:33:00,835,835,835,835,0
2022-07-25 12:34:00,835,835,835,835,0
2022-07-25 12:35:00,835,835,835,835,0
2022-07-25 12:36:00,835,835,835,835,0
2022-07-25 12:37:00,835,835,835,835,0
2022-07-25 12:38:00,835,835,835,835,0
2022-07-25 12:39:00,835,835,835,835,0
2022-07-25 12:40:00,835,835,835,835,0
2022-07-25 12:41:00,835,835,835,835,0
2022-07-25 12:42:00,835,835,835,835,0
2022-07-25 12:43:00,835,835,835,835,0
2022-07-25 12:44:00,835,835,835,835,0
2022-07-25 12:45:00,835,835,835,835,0
2022-07-25 12:46:00,835,835,835,835,0
2022-07-25 12:47:00,835,835,835,835,0
2022-07-25 12:48:00,835,835,835,835,0
2022-07-25 12:49:00,835,835,835,835,0
2022-07-25 12:50:00,835,835,835,835,0
2022-07-25 12:51:00,835,835,835,835,0
2022-07-25 12:52:00,835,835,835,835,0
2022-07-25 12:53:00,835,835,835,835,0
2022-07-25 12:54:00,835,835,835,835,0
2022-07-25 12:55:00,835,835,835,835,0
2022-07-25 12:56:00,835,835,835,835,0
2022-07-25 12:57:00,835,835,835,835,0
2022-07-25 12:58:00,835,835,835,835,0
2022-07-25 12:59:00,835,835,835,835,0
2022-07-25 13:00:00,835,835,835,835,0
2022-07-25 13:01:00,835,835,835,835,0
2022-07-25 13:02:00,835,835,835,835,0
2022-07-25 13:03:00,835,835,835,835,0
2022-07-25 13:04:00,835,835,835,835,0
2022-07-25 13:05:00,835,835,835,835,0
2022-07-25 13:06:00,835,835,835,835,0
2022-07-25 13:07:00,835,835,835,835,0
2022-07-25 13:08:00,835,835,835,835,0
2022-07-25 13:09:00,835,835,835,835,0
2022-07-25 13:10:00,835,835,835,835,0
2022-07-25 13:11:00,835,835,835,835,0
2022-07-25 13:12:00,835,835,835,835,0
2022-07-25 13:13:00,835,835,835,835,0
2022-07-25 13:14:00,835,835,835,835,0
2022-07-25 13:15:00,835,835,835,835,0
2022-07-25 13:16:00,835,835,835,835,0
2022-07-25 13:17:00,835,835,835,835,0
2022-07-25 13:18:00,835,835,835,835,0
2022-07-25 13:19:00,835,835,835,835,0
2022-07-25 13:20:00,835,835,835,835,0
2022-07-25 13:21:00,835,835,835,835,0
2022-07-25 13:22:00,835,835,835,835,0
2022-07-25 13:23:00,835,835,835,835,0
2022-07-25 13:24:00,835,835,835,835,0
2022-07-25 13:25:00,835,835,835,835,0
2022-07-25 13:26:00,835,835,835,835,0
2022-07-25 13:27:00,835,835,835,835,0
2022-07-25 13:28:00,835,835,835,835,0
2022-07-25 13:29:00,835,835,835,835,0
2022-07-25 13:30:00,835,835,835,835,4800
2022-07-25 13:31:00,835,835,835,835,0
2022-07-25 13:32:00,830,830,830,830,4100
2022-07-25 13:33:00,830,830,830,830,3100
2022-07-25 13:34:00,830,830,830,830,0
2022-07-25 13:35:00,830,830,830,830,0
2022-07-25 13:36:00,825,825,825,825,1100
2022-07-25 13:37:00,825,825,825,825,0
2022-07-25 13:38:00,825,825,825,825,0
2022-07-25 13:39:00,825,825,825,825,3200
2022-07-25 13:40:00,825,825,825,825,0
2022-07-25 13:41:00,825,825,825,825,0
2022-07-25 13:42:00,825,825,825,825,0
2022-07-25 13:43:00,825,825,825,825,0
2022-07-25 13:44:00,830,830,830,830,10000
2022-07-25 13:45:00,830,830,830,830,0
2022-07-25 13:46:00,830,830,830,830,0
2022-07-25 13:47:00,830,830,830,830,0
2022-07-25 13:48:00,830,830,830,830,3900
2022-07-25 13:49:00,830,830,830,830,3300
2022-07-25 13:50:00,830,830,830,830,4600
2022-07-25 13:51:00,830,830,830,830,0
2022-07-25 13:52:00,830,830,830,830,0
2022-07-25 13:53:00,830,830,830,830,0
2022-07-25 13:54:00,830,830,830,830,400
2022-07-25 13:55:00,830,830,830,830,0
2022-07-25 13:56:00,830,830,830,830,0
2022-07-25 13:57:00,830,830,830,830,0
2022-07-25 13:58:00,830,830,830,830,0
2022-07-25 13:59:00,830,830,830,830,0
2022-07-25 14:00:00,830,830,830,830,0
2022-07-25 14:01:00,830,830,830,830,0
2022-07-25 14:02:00,830,830,830,830,0
2022-07-25 14:03:00,830,830,830,830,0
2022-07-25 14:04:00,830,830,830,830,0
2022-07-25 14:05:00,830,830,830,830,0
2022-07-25 14:06:00,830,830,830,830,0
2022-07-25 14:07:00,830,830,830,830,0
2022-07-25 14:08:00,830,830,830,830,0
2022-07-25 14:09:00,830,830,830,830,0
2022-07-25 14:10:00,830,830,830,830,0
2022-07-25 14:11:00,830,830,830,830,0
2022-07-25 14:12:00,830,830,830,830,0
2022-07-25 14:13:00,830,830,830,830,0
2022-07-25 14:14:00,830,830,830,830,0
2022-07-25 14:15:00,830,830,830,830,0
2022-07-25 14:16:00,825,825,825,825,3700
2022-07-25 14:17:00,830,830,830,830,0
2022-07-25 14:18:00,830,830,830,830,400
2022-07-25 14:19:00,830,830,830,830,1500
2022-07-25 14:20:00,830,830,830,830,0
2022-07-25 14:21:00,830,830,830,830,0
2022-07-25 14:22:00,830,830,830,830,0
2022-07-25 14:23:00,830,830,830,830,0
2022-07-25 14:24:00,830,830,830,830,0
2022-07-25 14:25:00,830,830,830,830,0
2022-07-25 14:26:00,830,830,830,830,0
2022-07-25 14:27:00,830,830,830,830,0
2022-07-25 14:28:00,835,835,835,835,1800
2022-07-25 14:29:00,835,835,835,835,0
2022-07-25 14:30:00,835,835,835,835,0
2022-07-25 14:31:00,835,835,835,835,0
2022-07-25 14:32:00,835,835,835,835,0
2022-07-25 14:33:00,835,835,835,835,0
2022-07-25 14:34:00,830,830,835,835,2000
2022-07-25 14:35:00,830,830,830,830,800
2022-07-25 14:36:00,830,830,830,830,0
2022-07-25 14:37:00,830,830,830,830,2700
2022-07-25 14:38:00,830,830,830,830,0
2022-07-25 14:39:00,830,830,830,830,0
2022-07-25 14:40:00,830,830,830,830,0
2022-07-25 14:41:00,830,830,830,830,0
2022-07-25 14:42:00,830,830,835,835,15200
2022-07-25 14:43:00,830,830,835,835,0
2022-07-25 14:44:00,830,830,835,835,0
2022-07-25 14:45:00,830,830,835,835,0
2022-07-25 14:46:00,830,830,835,835,0
2022-07-25 14:47:00,830,830,830,830,0
2022-07-25 14:48:00,830,830,830,830,0
2022-07-25 14:49:00,830,830,830,830,0
2022-07-25 14:50:00,830,830,830,830,0
2022-07-25 14:51:00,830,830,830,830,0
2022-07-25 14:52:00,830,830,830,830,0
2022-07-25 14:53:00,830,830,830,830,0
2022-07-25 14:54:00,830,830,830,830,0
2022-07-25 14:55:00,830,830,830,830,0
2022-07-25 14:56:00,830,830,830,830,0
2022-07-25 14:57:00,830,830,830,830,0
2022-07-25 14:58:00,830,830,830,830,0
2022-07-25 14:59:00,830,830,830,830,0
2022-07-25 15:00:00,845,845,845,845,79800
2022-07-25 15:01:00,845,845,845,845,0
2022-07-25 15:02:00,845,845,845,845,0
2022-07-25 15:03:00,845,845,845,845,0
2022-07-25 15:04:00,845,845,845,845,0
2022-07-25 15:05:00,845,845,845,845,0
2022-07-25 15:06:00,845,845,845,845,0
2022-07-25 15:07:00,845,845,845,845,0
2022-07-25 15:08:00,845,845,845,845,0
2022-07-25 15:09:00,845,845,845,845,0
2022-07-25 15:10:00,845,845,845,845,0
2022-07-25 15:11:00,845,845,845,845,0
2022-07-25 15:12:00,845,845,845,845,0
2022-07-25 15:13:00,845,845,845,845,0
2022-07-25 15:14:00,845,845,845,845,0
2022-07-25 15:15:00,845,845,845,845,0
2022-07-25 15:16:00,845,845,845,845,0
2022-07-25 15:17:00,845,845,845,845,0
2022-07-25 15:18:00,845,845,845,845,0
2022-07-25 15:19:00,845,845,845,845,0
2022-07-25 15:20:00,845,845,845,845,0
2022-07-25 15:21:00,845,845,845,845,0
2022-07-25 15:22:00,845,845,845,845,0
2022-07-25 15:23:00,845,845,845,845,0
2022-07-25 15:24:00,845,845,845,845,0
2022-07-25 15:25:00,845,845,845,845,0
2022-07-25 15:26:00,845,845,845,845,0
2022-07-25 15:27:00,845,845,845,845,0
2022-07-25 15:28:00,845,845,845,845,0
2022-07-25 15:29:00,845,845,845,845,0
2022-07-25 15:30:00,845,845,845,845,0
2022-07-25 15:31:00,845,845,845,845,0
2022-07-25 15:32:00,845,845,845,845,0
2022-07-25 15:33:00,845,845,845,845,0
2022-07-25 15:34:00,845,845,845,845,0
2022-07-25 15:35:00,845,845,845,845,0
2022-07-25 15:36:00,845,845,845,845,0
2022-07-25 15:37:00,845,845,845,845,0
2022-07-25 15:38:00,845,845,845,845,0
2022-07-25 15:39:00,845,845,845,845,0
2022-07-25 15:40:00,845,845,845,845,0
2022-07-25 15:41:00,845,845,845,845,0
2022-07-25 15:42:00,845,845,845,845,0
2022-07-25 15:43:00,845,845,845,845,0
2022-07-25 15:44:00,845,845,845,845,0
2022-07-25 15:45:00,845,845,845,845,0
2022-07-25 15:46:00,845,845,845,845,0
2022-07-25 15:47:00,845,845,845,845,0
2022-07-25 15:48:00,845,845,845,845,0
2022-07-25 15:49:00,845,845,845,845,0
2022-07-25 15:50:00,845,845,845,845,0
2022-07-25 15:51:00,845,845,845,845,0
2022-07-25 15:52:00,845,845,845,845,0
2022-07-25 15:53:00,845,845,845,845,0
2022-07-25 15:54:00,845,845,845,845,0
2022-07-25 15:55:00,845,845,845,845,0
2022-07-25 15:56:00,845,845,845,845,0
2022-07-25 15:57:00,845,845,845,845,0
2022-07-25 15:58:00,845,845,845,845,0
2022-07-25 15:59:00,845,845,845,845,0
2022-07-26 09:00:00,845,845,845,845,700
2022-07-26 09:01:00,845,845,845,845,0
2022-07-26 09:02:00,845,845,845,845,0
2022-07-26 09:03:00,845,845,845,845,0
2022-07-26 09:04:00,845,845,845,845,0
2022-07-26 09:05:00,845,845,845,845,0
2022-07-26 09:06:00,845,845,845,845,0
2022-07-26 09:07:00,845,845,845,845,0
2022-07-26 09:08:00,845,845,845,845,0
2022-07-26 09:09:00,845,845,845,845,1900
2022-07-26 09:10:00,850,850,855,855,0
2022-07-26 09:11:00,855,855,855,855,1000
2022-07-26 09:12:00,855,855,855,855,7200
2022-07-26 09:13:00,850,850,855,855,1100
2022-07-26 09:14:00,845,845,845,845,22800
2022-07-26 09:15:00,845,835,845,835,143600
2022-07-26 09:16:00,845,835,845,835,0
2022-07-26 09:17:00,835,835,835,835,2900
2022-07-26 09:18:00,835,835,835,835,0
2022-07-26 09:19:00,835,835,835,835,0
2022-07-26 09:20:00,835,835,835,835,0
2022-07-26 09:21:00,840,840,840,840,2700
2022-07-26 09:22:00,840,840,840,840,0
2022-07-26 09:23:00,835,830,835,830,179800
2022-07-26 09:24:00,835,830,835,830,0
2022-07-26 09:25:00,830,830,830,830,0
2022-07-26 09:26:00,830,830,830,830,0
2022-07-26 09:27:00,830,830,830,830,0
2022-07-26 09:28:00,830,830,830,830,0
2022-07-26 09:29:00,830,830,830,830,0
2022-07-26 09:30:00,830,830,830,830,0
2022-07-26 09:31:00,830,830,830,830,0
2022-07-26 09:32:00,830,830,830,830,0
2022-07-26 09:33:00,830,830,830,830,0
2022-07-26 09:34:00,830,830,830,830,0
2022-07-26 09:35:00,830,830,830,830,0
2022-07-26 09:36:00,830,830,830,830,0
2022-07-26 09:37:00,835,835,835,835,1200
2022-07-26 09:38:00,835,835,835,835,0
2022-07-26 09:39:00,835,835,835,835,0
2022-07-26 09:40:00,835,835,835,835,0
2022-07-26 09:41:00,835,835,835,835,0
2022-07-26 09:42:00,840,840,840,840,600
2022-07-26 09:43:00,840,840,840,840,0
2022-07-26 09:44:00,840,840,840,840,0
2022-07-26 09:45:00,840,840,840,840,0
2022-07-26 09:46:00,840,840,840,840,0
2022-07-26 09:47:00,840,840,840,840,0
2022-07-26 09:48:00,840,840,840,840,0
2022-07-26 09:49:00,840,840,840,840,0
2022-07-26 09:50:00,840,840,840,840,0
2022-07-26 09:51:00,840,840,840,840,0
2022-07-26 09:52:00,840,840,840,840,0
2022-07-26 09:53:00,840,840,840,840,300
2022-07-26 09:54:00,840,840,840,840,0
2022-07-26 09:55:00,840,840,840,840,0
2022-07-26 09:56:00,840,840,840,840,0
2022-07-26 09:57:00,840,840,840,840,0
2022-07-26 09:58:00,840,840,840,840,0
2022-07-26 09:59:00,840,840,840,840,0
2022-07-26 10:00:00,840,840,840,840,0
2022-07-26 10:01:00,840,840,840,840,0
2022-07-26 10:02:00,840,840,840,840,0
2022-07-26 10:03:00,840,840,840,840,0
2022-07-26 10:04:00,840,840,840,840,0
2022-07-26 10:05:00,840,840,840,840,0
2022-07-26 10:06:00,840,840,840,840,0
2022-07-26 10:07:00,840,840,840,840,0
2022-07-26 10:08:00,840,840,840,840,12200
2022-07-26 10:09:00,840,840,840,840,0
2022-07-26 10:10:00,840,840,840,840,0
2022-07-26 10:11:00,840,840,840,840,0
2022-07-26 10:12:00,840,840,840,840,0
2022-07-26 10:13:00,840,840,840,840,0
2022-07-26 10:14:00,840,840,840,840,0
2022-07-26 10:15:00,840,840,840,840,0
2022-07-26 10:16:00,840,840,840,840,0
2022-07-26 10:17:00,840,840,840,840,0
2022-07-26 10:18:00,840,840,840,840,0
2022-07-26 10:19:00,840,840,840,840,7800
2022-07-26 10:20:00,840,840,840,840,0
2022-07-26 10:21:00,840,840,840,840,0
2022-07-26 10:22:00,840,840,840,840,0
2022-07-26 10:23:00,840,840,840,840,0
2022-07-26 10:24:00,840,840,840,840,0
2022-07-26 10:25:00,840,840,840,840,100
2022-07-26 10:26:00,840,840,840,840,200
2022-07-26 10:27:00,840,840,840,840,0
2022-07-26 10:28:00,840,840,840,840,0
2022-07-26 10:29:00,840,840,840,840,0
2022-07-26 10:30:00,840,840,840,840,0
2022-07-26 10:31:00,840,840,840,840,0
2022-07-26 10:32:00,840,840,840,840,0
2022-07-26 10:33:00,840,840,840,840,0
2022-07-26 10:34:00,840,840,840,840,0
2022-07-26 10:35:00,840,840,840,840,0
2022-07-26 10:36:00,840,840,840,840,1500
2022-07-26 10:37:00,840,840,840,840,0
2022-07-26 10:38:00,840,840,840,840,0
2022-07-26 10:39:00,840,840,840,840,0
2022-07-26 10:40:00,840,840,840,840,0
2022-07-26 10:41:00,840,840,840,840,0
2022-07-26 10:42:00,840,840,840,840,0
2022-07-26 10:43:00,840,840,840,840,0
2022-07-26 10:44:00,840,840,840,840,0
2022-07-26 10:45:00,840,840,840,840,200
2022-07-26 10:46:00,840,840,840,840,0
2022-07-26 10:47:00,840,840,840,840,0
2022-07-26 10:48:00,840,840,840,840,0
2022-07-26 10:49:00,840,840,840,840,0
2022-07-26 10:50:00,840,840,840,840,0
2022-07-26 10:51:00,840,840,840,840,0
2022-07-26 10:52:00,840,840,840,840,0
2022-07-26 10:53:00,840,840,840,840,0
2022-07-26 10:54:00,840,840,840,840,0
2022-07-26 10:55:00,840,840,840,840,0
2022-07-26 10:56:00,840,840,840,840,0
2022-07-26 10:57:00,845,845,845,845,200
2022-07-26 10:58:00,840,840,840,840,100
2022-07-26 10:59:00,840,840,840,840,0
2022-07-26 11:00:00,840,840,840,840,0
2022-07-26 11:01:00,840,840,840,840,0
2022-07-26 11:02:00,840,840,840,840,0
2022-07-26 11:03:00,840,840,840,840,0
2022-07-26 11:04:00,840,840,840,840,0
2022-07-26 11:05:00,840,840,840,840,0
2022-07-26 11:06:00,840,840,840,840,0
2022-07-26 11:07:00,840,840,840,840,0
2022-07-26 11:08:00,840,840,840,840,0
2022-07-26 11:09:00,840,840,840,840,0
2022-07-26 11:10:00,840,840,840,840,0
2022-07-26 11:11:00,840,840,840,840,0
2022-07-26 11:12:00,840,840,840,840,0
2022-07-26 11:13:00,840,840,840,840,0
2022-07-26 11:14:00,840,840,840,840,0
2022-07-26 11:15:00,840,840,840,840,0
2022-07-26 11:16:00,840,840,840,840,0
2022-07-26 11:17:00,840,840,840,840,0
2022-07-26 11:18:00,840,840,840,840,0
2022-07-26 11:19:00,840,840,840,840,0
2022-07-26 11:20:00,840,840,840,840,0
2022-07-26 11:21:00,840,840,840,840,0
2022-07-26 11:22:00,840,840,840,840,0
2022-07-26 11:23:00,840,840,840,840,0
2022-07-26 11:24:00,840,840,840,840,0
2022-07-26 11:25:00,845,845,845,845,1200
2022-07-26 11:26:00,845,845,845,845,0
2022-07-26 11:27:00,845,845,845,845,0
2022-07-26 11:28:00,845,845,845,845,0
2022-07-26 11:29:00,845,845,845,845,0
2022-07-26 11:30:00,845,845,845,845,0
2022-07-26 11:31:00,845,845,845,845,0
2022-07-26 11:32:00,845,845,845,845,0
2022-07-26 11:33:00,845,845,845,845,0
2022-07-26 11:34:00,845,845,845,845,0
2022-07-26 11:35:00,845,845,845,845,0
2022-07-26 11:36:00,845,845,845,845,0
2022-07-26 11:37:00,845,845,845,845,0
2022-07-26 11:38:00,845,845,845,845,0
2022-07-26 11:39:00,845,845,845,845,0
2022-07-26 11:40:00,845,845,845,845,0
2022-07-26 11:41:00,845,845,845,845,0
2022-07-26 11:42:00,845,845,845,845,0
2022-07-26 11:43:00,845,845,845,845,0
2022-07-26 11:44:00,845,845,845,845,0
2022-07-26 11:45:00,845,845,845,845,0
2022-07-26 11:46:00,845,845,845,845,0
2022-07-26 11:47:00,845,845,845,845,0
2022-07-26 11:48:00,845,845,845,845,0
2022-07-26 11:49:00,845,845,845,845,0
2022-07-26 11:50:00,845,845,845,845,0
2022-07-26 11:51:00,845,845,845,845,0
2022-07-26 11:52:00,845,845,845,845,0
2022-07-26 11:53:00,845,845,845,845,0
2022-07-26 11:54:00,845,845,845,845,0
2022-07-26 11:55:00,845,845,845,845,0
2022-07-26 11:56:00,845,845,845,845,0
2022-07-26 11:57:00,845,845,845,845,0
2022-07-26 11:58:00,845,845,845,845,0
2022-07-26 11:59:00,845,845,845,845,0
2022-07-26 12:00:00,845,845,845,845,0
2022-07-26 12:01:00,845,845,845,845,0
2022-07-26 12:02:00,845,845,845,845,0
2022-07-26 12:03:00,845,845,845,845,0
2022-07-26 12:04:00,845,845,845,845,0
2022-07-26 12:05:00,845,845,845,845,0
2022-07-26 12:06:00,845,845,845,845,0
2022-07-26 12:07:00,845,845,845,845,0
2022-07-26 12:08:00,845,845,845,845,0
2022-07-26 12:09:00,845,845,845,845,0
2022-07-26 12:10:00,845,845,845,845,0
2022-07-26 12:11:00,845,845,845,845,0
2022-07-26 12:12:00,845,845,845,845,0
2022-07-26 12:13:00,845,845,845,845,0
2022-07-26 12:14:00,845,845,845,845,0
2022-07-26 12:15:00,845,845,845,845,0
2022-07-26 12:16:00,845,845,845,845,0
2022-07-26 12:17:00,845,845,845,845,0
2022-07-26 12:18:00,845,845,845,845,0
2022-07-26 12:19:00,845,845,845,845,0
2022-07-26 12:20:00,845,845,845,845,0
2022-07-26 12:21:00,845,845,845,845,0
2022-07-26 12:22:00,845,845,845,845,0
2022-07-26 12:23:00,845,845,845,845,0
2022-07-26 12:24:00,845,845,845,845,0
2022-07-26 12:25:00,845,845,845,845,0
2022-07-26 12:26:00,845,845,845,845,0
2022-07-26 12:27:00,845,845,845,845,0
2022-07-26 12:28:00,845,845,845,845,0
2022-07-26 12:29:00,845,845,845,845,0
2022-07-26 12:30:00,845,845,845,845,0
2022-07-26 12:31:00,845,845,845,845,0
2022-07-26 12:32:00,845,845,845,845,0
2022-07-26 12:33:00,845,845,845,845,0
2022-07-26 12:34:00,845,845,845,845,0
2022-07-26 12:35:00,845,845,845,845,0
2022-07-26 12:36:00,845,845,845,845,0
2022-07-26 12:37:00,845,845,845,845,0
2022-07-26 12:38:00,845,845,845,845,0
2022-07-26 12:39:00,845,845,845,845,0
2022-07-26 12:40:00,845,845,845,845,0
2022-07-26 12:41:00,845,845,845,845,0
2022-07-26 12:42:00,845,845,845,845,0
2022-07-26 12:43:00,845,845,845,845,0
2022-07-26 12:44:00,845,845,845,845,0
2022-07-26 12:45:00,845,845,845,845,0
2022-07-26 12:46:00,845,845,845,845,0
2022-07-26 12:47:00,845,845,845,845,0
2022-07-26 12:48:00,845,845,845,845,0
2022-07-26 12:49:00,845,845,845,845,0
2022-07-26 12:50:00,845,845,845,845,0
2022-07-26 12:51:00,845,845,845,845,0
2022-07-26 12:52:00,845,845,845,845,0
2022-07-26 12:53:00,845,845,845,845,0
2022-07-26 12:54:00,845,845,845,845,0
2022-07-26 12:55:00,845,845,845,845,0
2022-07-26 12:56:00,845,845,845,845,0
2022-07-26 12:57:00,845,845,845,845,0
2022-07-26 12:58:00,845,845,845,845,0
2022-07-26 12:59:00,845,845,845,845,0
2022-07-26 13:00:00,845,845,845,845,0
2022-07-26 13:01:00,845,845,845,845,0
2022-07-26 13:02:00,845,845,845,845,0
2022-07-26 13:03:00,845,845,845,845,0
2022-07-26 13:04:00,845,845,845,845,0
2022-07-26 13:05:00,845,845,845,845,0
2022-07-26 13:06:00,845,845,845,845,0
2022-07-26 13:07:00,845,845,845,845,0
2022-07-26 13:08:00,845,845,845,845,0
2022-07-26 13:09:00,845,845,845,845,0
2022-07-26 13:10:00,845,845,845,845,0
2022-07-26 13:11:00,845,845,845,845,0
2022-07-26 13:12:00,845,845,845,845,0
2022-07-26 13:13:00,845,845,845,845,0
2022-07-26 13:14:00,845,845,845,845,0
2022-07-26 13:15:00,845,845,845,845,0
2022-07-26 13:16:00,845,845,845,845,0
2022-07-26 13:17:00,845,845,845,845,0
2022-07-26 13:18:00,845,845,845,845,0
2022-07-26 13:19:00,845,845,845,845,0
2022-07-26 13:20:00,845,845,845,845,0
2022-07-26 13:21:00,845,845,845,845,0
2022-07-26 13:22:00,845,845,845,845,0
2022-07-26 13:23:00,845,845,845,845,0
2022-07-26 13:24:00,845,845,845,845,0
2022-07-26 13:25:00,845,845,845,845,0
2022-07-26 13:26:00,845,845,845,845,0
2022-07-26 13:27:00,845,845,845,845,0
2022-07-26 13:28:00,845,845,845,845,0
2022-07-26 13:29:00,845,845,845,845,0
2022-07-26 13:30:00,850,850,850,850,4800
2022-07-26 13:31:00,850,850,850,850,0
2022-07-26 13:32:00,850,850,850,850,0
2022-07-26 13:33:00,850,850,850,850,2400
2022-07-26 13:34:00,845,845,845,845,13200
2022-07-26 13:35:00,845,845,845,845,0
2022-07-26 13:36:00,845,845,845,845,0
2022-07-26 13:37:00,840,830,840,830,146400
2022-07-26 13:38:00,840,830,840,830,0
2022-07-26 13:39:00,830,830,830,830,1000
2022-07-26 13:40:00,840,840,840,840,2000
2022-07-26 13:41:00,840,840,840,840,0
2022-07-26 13:42:00,840,840,840,840,0
2022-07-26 13:43:00,840,840,840,840,0
2022-07-26 13:44:00,840,840,840,840,0
2022-07-26 13:45:00,840,840,840,840,8800
2022-07-26 13:46:00,835,835,835,835,0
2022-07-26 13:47:00,835,835,835,835,0
2022-07-26 13:48:00,835,835,835,835,0
2022-07-26 13:49:00,840,810,840,820,82900
2022-07-26 13:50:00,815,815,815,815,0
2022-07-26 13:51:00,815,815,815,815,0
2022-07-26 13:52:00,825,825,825,825,0
2022-07-26 13:53:00,825,825,825,825,0
2022-07-26 13:54:00,825,825,825,825,0
2022-07-26 13:55:00,825,825,825,825,0
2022-07-26 13:56:00,825,825,825,825,0
2022-07-26 13:57:00,825,825,825,825,0
2022-07-26 13:58:00,825,825,825,825,0
2022-07-26 13:59:00,825,825,825,825,0
2022-07-26 14:00:00,825,825,825,825,0
2022-07-26 14:01:00,825,825,825,825,0
2022-07-26 14:02:00,825,825,825,825,0
2022-07-26 14:03:00,825,825,825,825,0
2022-07-26 14:04:00,825,825,825,825,0
2022-07-26 14:05:00,825,825,825,825,0
2022-07-26 14:06:00,825,825,825,825,0
2022-07-26 14:07:00,825,825,825,825,0
2022-07-26 14:08:00,825,825,825,825,0
2022-07-26 14:09:00,825,825,825,825,0
2022-07-26 14:10:00,825,825,825,825,0
2022-07-26 14:11:00,825,825,825,825,1000
2022-07-26 14:12:00,825,825,825,825,0
2022-07-26 14:13:00,825,825,825,825,0
2022-07-26 14:14:00,825,825,825,825,0
2022-07-26 14:15:00,825,825,825,825,0
2022-07-26 14:16:00,825,825,825,825,0
2022-07-26 14:17:00,825,825,825,825,0
2022-07-26 14:18:00,825,825,825,825,0
2022-07-26 14:19:00,825,825,825,825,0
2022-07-26 14:20:00,825,825,825,825,0
2022-07-26 14:21:00,825,825,825,825,900
2022-07-26 14:22:00,825,825,825,825,0
2022-07-26 14:23:00,825,825,825,825,0
2022-07-26 14:24:00,825,825,825,825,0
2022-07-26 14:25:00,825,825,825,825,0
2022-07-26 14:26:00,825,825,825,825,0
2022-07-26 14:27:00,825,825,825,825,0
2022-07-26 14:28:00,825,825,825,825,0
2022-07-26 14:29:00,835,835,835,835,700
2022-07-26 14:30:00,835,835,835,835,0
2022-07-26 14:31:00,830,830,830,830,1800
2022-07-26 14:32:00,830,830,830,830,0
2022-07-26 14:33:00,830,830,830,830,0
2022-07-26 14:34:00,830,830,830,830,0
2022-07-26 14:35:00,830,830,830,830,0
2022-07-26 14:36:00,830,830,830,830,0
2022-07-26 14:37:00,830,830,830,830,0
2022-07-26 14:38:00,830,830,830,830,0
2022-07-26 14:39:00,830,830,830,830,0
2022-07-26 14:40:00,830,830,830,830,0
2022-07-26 14:41:00,830,830,830,830,0
2022-07-26 14:42:00,825,825,825,825,3000
2022-07-26 14:43:00,825,825,825,825,500
2022-07-26 14:44:00,830,830,830,830,0
2022-07-26 14:45:00,830,830,830,830,0
2022-07-26 14:46:00,830,830,830,830,0
2022-07-26 14:47:00,830,830,830,830,0
2022-07-26 14:48:00,830,830,830,830,0
2022-07-26 14:49:00,830,830,830,830,0
2022-07-26 14:50:00,830,830,830,830,0
2022-07-26 14:51:00,830,830,830,830,0
2022-07-26 14:52:00,830,830,830,830,0
2022-07-26 14:53:00,830,830,830,830,0
2022-07-26 14:54:00,830,830,830,830,0
2022-07-26 14:55:00,830,830,830,830,0
2022-07-26 14:56:00,830,830,830,830,0
2022-07-26 14:57:00,830,830,830,830,0
2022-07-26 14:58:00,830,830,830,830,0
2022-07-26 14:59:00,830,830,830,830,0
2022-07-26 15:00:00,845,845,845,845,0
2022-07-26 15:01:00,845,845,845,845,0
2022-07-26 15:02:00,845,845,845,845,0
2022-07-26 15:03:00,845,845,845,845,0
2022-07-26 15:04:00,845,845,845,845,0
2022-07-26 15:05:00,845,845,845,845,0
2022-07-26 15:06:00,845,845,845,845,0
2022-07-26 15:07:00,845,845,845,845,0
2022-07-26 15:08:00,845,845,845,845,0
2022-07-26 15:09:00,845,845,845,845,0
2022-07-26 15:10:00,845,845,845,845,0
2022-07-26 15:11:00,845,845,845,845,0
2022-07-26 15:12:00,845,845,845,845,0
2022-07-26 15:13:00,845,845,845,845,0
2022-07-26 15:14:00,845,845,845,845,0
2022-07-26 15:15:00,845,845,845,845,0
2022-07-26 15:16:00,845,845,845,845,0
2022-07-26 15:17:00,845,845,845,845,0
2022-07-26 15:18:00,845,845,845,845,0
2022-07-26 15:19:00,845,845,845,845,0
2022-07-26 15:20:00,845,845,845,845,0
2022-07-26 15:21:00,845,845,845,845,0
2022-07-26 15:22:00,845,845,845,845,0
2022-07-26 15:23:00,845,845,845,845,0
2022-07-26 15:24:00,845,845,845,845,0
2022-07-26 15:25:00,845,845,845,845,0
2022-07-26 15:26:00,845,845,845,845,0
2022-07-26 15:27:00,845,845,845,845,0
2022-07-26 15:28:00,845,845,845,845,0
2022-07-26 15:29:00,845,845,845,845,0
2022-07-26 15:30:00,845,845,845,845,0
2022-07-26 15:31:00,845,845,845,845,0
2022-07-26 15:32:00,845,845,845,845,0
2022-07-26 15:33:00,845,845,845,845,0
2022-07-26 15:34:00,845,845,845,845,0
2022-07-26 15:35:00,845,845,845,845,0
2022-07-26 15:36:00,845,845,845,845,0
2022-07-26 15:37:00,845,845,845,845,0
2022-07-26 15:38:00,845,845,845,845,0
2022-07-26 15:39:00,845,845,845,845,0
2022-07-26 15:40:00,845,845,845,845,0
2022-07-26 15:41:00,845,845,845,845,0
2022-07-26 15:42:00,845,845,845,845,0
2022-07-26 15:43:00,845,845,845,845,0
2022-07-26 15:44:00,845,845,845,845,0
2022-07-26 15:45:00,845,845,845,845,0
2022-07-26 15:46:00,845,845,845,845,0
2022-07-26 15:47:00,845,845,845,845,0
2022-07-26 15:48:00,845,845,845,845,0
2022-07-26 15:49:00,845,845,845,845,0
2022-07-26 15:50:00,845,845,845,845,0
2022-07-26 15:51:00,845,845,845,845,0
2022-07-26 15:52:00,845,845,845,845,0
2022-07-26 15:53:00,845,845,845,845,0
2022-07-26 15:54:00,845,845,845,845,0
2022-07-26 15:55:00,845,845,845,845,0
2022-07-26 15:56:00,845,845,845,845,0
2022-07-26 15:57:00,845,845,845,845,0
2022-07-26 15:58:00,845,845,845,845,0
2022-07-26 15:59:00,845,845,845,845,0
2022-07-27 09:00:00,845,845,860,860,2400
2022-07-27 09:01:00,845,845,860,860,0
2022-07-27 09:02:00,845,845,860,860,0
2022-07-27 09:03:00,845,845,860,860,0
2022-07-27 09:04:00,845,845,860,860,0
2022-07-27 09:05:00,845,840,860,840,57900
2022-07-27 09:06:00,845,840,860,840,0
2022-07-27 09:07:00,845,840,860,840,0
2022-07-27 09:08:00,845,840,860,840,0
2022-07-27 09:09:00,845,840,860,840,0
2022-07-27 09:10:00,845,840,860,840,0
2022-07-27 09:11:00,845,840,860,840,0
2022-07-27 09:12:00,845,840,860,840,0
2022-07-27 09:13:00,845,840,860,840,0
2022-07-27 09:14:00,845,840,860,840,0
2022-07-27 09:15:00,845,840,860,840,0
2022-07-27 09:16:00,845,840,860,840,0
2022-07-27 09:17:00,825,825,825,825,200
2022-07-27 09:18:00,825,825,825,825,0
2022-07-27 09:19:00,825,825,825,825,0
2022-07-27 09:20:00,825,825,825,825,0
2022-07-27 09:21:00,825,825,825,825,0
2022-07-27 09:22:00,825,825,825,825,0
2022-07-27 09:23:00,825,825,825,825,0
2022-07-27 09:24:00,825,825,825,825,0
2022-07-27 09:25:00,830,825,830,825,49800
2022-07-27 09:26:00,825,825,825,825,0
2022-07-27 09:27:00,825,825,825,825,1500
2022-07-27 09:28:00,825,825,825,825,0
2022-07-27 09:29:00,825,825,825,825,0
2022-07-27 09:30:00,825,825,825,825,0
2022-07-27 09:31:00,825,825,825,825,0
2022-07-27 09:32:00,825,825,825,825,0
2022-07-27 09:33:00,825,825,825,825,0
2022-07-27 09:34:00,825,825,825,825,0
2022-07-27 09:35:00,825,825,825,825,0
2022-07-27 09:36:00,830,830,830,830,200
2022-07-27 09:37:00,830,830,830,830,0
2022-07-27 09:38:00,830,830,830,830,0
2022-07-27 09:39:00,830,830,830,830,0
2022-07-27 09:40:00,840,840,850,850,800
2022-07-27 09:41:00,840,840,850,850,0
2022-07-27 09:42:00,840,840,850,850,0
2022-07-27 09:43:00,840,840,850,850,0
2022-07-27 09:44:00,840,840,850,850,0
2022-07-27 09:45:00,830,830,830,830,1000
2022-07-27 09:46:00,830,830,830,830,0
2022-07-27 09:47:00,830,830,830,830,0
2022-07-27 09:48:00,830,830,830,830,0
2022-07-27 09:49:00,830,830,830,830,0
2022-07-27 09:50:00,830,830,830,830,0
2022-07-27 09:51:00,830,830,830,830,0
2022-07-27 09:52:00,830,830,830,830,0
2022-07-27 09:53:00,830,830,830,830,0
2022-07-27 09:54:00,830,830,830,830,0
2022-07-27 09:55:00,830,830,830,830,0
2022-07-27 09:56:00,850,850,850,850,100
2022-07-27 09:57:00,850,850,850,850,0
2022-07-27 09:58:00,850,850,850,850,0
2022-07-27 09:59:00,850,850,850,850,0
2022-07-27 10:00:00,850,850,850,850,0
2022-07-27 10:01:00,850,850,850,850,0
2022-07-27 10:02:00,850,850,850,850,0
2022-07-27 10:03:00,850,850,850,850,0
2022-07-27 10:04:00,850,850,850,850,0
2022-07-27 10:05:00,850,850,850,850,0
2022-07-27 10:06:00,850,850,850,850,0
2022-07-27 10:07:00,850,850,850,850,0
2022-07-27 10:08:00,850,850,850,850,0
2022-07-27 10:09:00,850,850,850,850,0
2022-07-27 10:10:00,850,850,850,850,0
2022-07-27 10:11:00,850,850,850,850,0
2022-07-27 10:12:00,850,850,850,850,0
2022-07-27 10:13:00,850,850,850,850,0
2022-07-27 10:14:00,850,850,850,850,0
2022-07-27 10:15:00,845,845,845,845,800
2022-07-27 10:16:00,845,845,845,845,0
2022-07-27 10:17:00,845,845,845,845,0
2022-07-27 10:18:00,845,845,845,845,0
2022-07-27 10:19:00,845,845,845,845,0
2022-07-27 10:20:00,845,845,845,845,0
2022-07-27 10:21:00,845,845,845,845,0
2022-07-27 10:22:00,845,845,845,845,0
2022-07-27 10:23:00,845,830,845,830,800
2022-07-27 10:24:00,845,830,845,830,0
2022-07-27 10:25:00,845,830,845,830,0
2022-07-27 10:26:00,845,830,845,830,0
2022-07-27 10:27:00,845,830,845,830,0
2022-07-27 10:28:00,845,830,845,830,0
2022-07-27 10:29:00,845,830,845,830,0
2022-07-27 10:30:00,845,830,845,830,0
2022-07-27 10:31:00,845,830,845,830,0
2022-07-27 10:32:00,845,830,845,830,0
2022-07-27 10:33:00,845,830,845,830,0
2022-07-27 10:34:00,845,830,845,830,0
2022-07-27 10:35:00,845,845,845,845,100
2022-07-27 10:36:00,845,845,845,845,0
2022-07-27 10:37:00,845,845,845,845,0
2022-07-27 10:38:00,845,845,845,845,0
2022-07-27 10:39:00,845,845,845,845,0
2022-07-27 10:40:00,845,845,845,845,0
2022-07-27 10:41:00,845,845,845,845,0
2022-07-27 10:42:00,845,845,845,845,0
2022-07-27 10:43:00,845,845,845,845,0
2022-07-27 10:44:00,845,845,845,845,0
2022-07-27 10:45:00,845,845,845,845,0
2022-07-27 10:46:00,845,845,845,845,0
2022-07-27 10:47:00,845,845,845,845,0
2022-07-27 10:48:00,845,845,845,845,0
2022-07-27 10:49:00,845,845,845,845,0
2022-07-27 10:50:00,845,845,845,845,0
2022-07-27 10:51:00,845,845,845,845,0
2022-07-27 10:52:00,845,845,845,845,0
2022-07-27 10:53:00,845,845,845,845,0
2022-07-27 10:54:00,845,845,845,845,0
2022-07-27 10:55:00,845,845,845,845,0
2022-07-27 10:56:00,845,845,845,845,0
2022-07-27 10:57:00,845,845,845,845,0
2022-07-27 10:58:00,845,845,845,845,0
2022-07-27 10:59:00,845,845,845,845,0
2022-07-27 11:00:00,845,845,845,845,0
2022-07-27 11:01:00,845,845,845,845,0
2022-07-27 11:02:00,845,845,845,845,0
2022-07-27 11:03:00,845,845,845,845,700
2022-07-27 11:04:00,845,845,845,845,0
2022-07-27 11:05:00,845,845,845,845,0
2022-07-27 11:06:00,845,845,845,845,0
2022-07-27 11:07:00,845,845,845,845,0
2022-07-27 11:08:00,845,845,845,845,0
2022-07-27 11:09:00,845,845,845,845,0
2022-07-27 11:10:00,845,845,845,845,0
2022-07-27 11:11:00,845,845,845,845,0
2022-07-27 11:12:00,845,845,845,845,0
2022-07-27 11:13:00,845,845,845,845,0
2022-07-27 11:14:00,845,845,845,845,0
2022-07-27 11:15:00,845,845,845,845,0
2022-07-27 11:16:00,845,845,845,845,0
2022-07-27 11:17:00,845,845,845,845,0
2022-07-27 11:18:00,845,845,845,845,0
2022-07-27 11:19:00,845,845,845,845,0
2022-07-27 11:20:00,845,845,845,845,0
2022-07-27 11:21:00,845,845,845,845,0
2022-07-27 11:22:00,845,845,845,845,0
2022-07-27 11:23:00,845,845,845,845,0
2022-07-27 11:24:00,845,845,845,845,0
2022-07-27 11:25:00,845,845,845,845,0
2022-07-27 11:26:00,845,845,845,845,0
2022-07-27 11:27:00,845,845,845,845,0
2022-07-27 11:28:00,845,845,845,845,0
2022-07-27 11:29:00,845,845,845,845,0
2022-07-27 11:30:00,845,845,845,845,0
2022-07-27 11:31:00,845,845,845,845,0
2022-07-27 11:32:00,845,845,845,845,0
2022-07-27 11:33:00,845,845,845,845,0
2022-07-27 11:34:00,845,845,845,845,0
2022-07-27 11:35:00,845,845,845,845,0
2022-07-27 11:36:00,845,845,845,845,0
2022-07-27 11:37:00,845,845,845,845,0
2022-07-27 11:38:00,845,845,845,845,0
2022-07-27 11:39:00,845,845,845,845,0
2022-07-27 11:40:00,845,845,845,845,0
2022-07-27 11:41:00,845,845,845,845,0
2022-07-27 11:42:00,845,845,845,845,0
2022-07-27 11:43:00,845,845,845,845,0
2022-07-27 11:44:00,845,845,845,845,0
2022-07-27 11:45:00,845,845,845,845,0
2022-07-27 11:46:00,845,845,845,845,0
2022-07-27 11:47:00,845,845,845,845,0
2022-07-27 11:48:00,845,845,845,845,0
2022-07-27 11:49:00,845,845,845,845,0
2022-07-27 11:50:00,845,845,845,845,0
2022-07-27 11:51:00,845,845,845,845,0
2022-07-27 11:52:00,845,845,845,845,0
2022-07-27 11:53:00,845,845,845,845,0
2022-07-27 11:54:00,845,845,845,845,0
2022-07-27 11:55:00,845,845,845,845,0
2022-07-27 11:56:00,845,845,845,845,0
2022-07-27 11:57:00,845,845,845,845,0
2022-07-27 11:58:00,845,845,845,845,0
2022-07-27 11:59:00,845,845,845,845,0
2022-07-27 12:00:00,845,845,845,845,0
2022-07-27 12:01:00,845,845,845,845,0
2022-07-27 12:02:00,845,845,845,845,0
2022-07-27 12:03:00,845,845,845,845,0
2022-07-27 12:04:00,845,845,845,845,0
2022-07-27 12:05:00,845,845,845,845,0
2022-07-27 12:06:00,845,845,845,845,0
2022-07-27 12:07:00,845,845,845,845,0
2022-07-27 12:08:00,845,845,845,845,0
2022-07-27 12:09:00,845,845,845,845,0
2022-07-27 12:10:00,845,845,845,845,0
2022-07-27 12:11:00,845,845,845,845,0
2022-07-27 12:12:00,845,845,845,845,0
2022-07-27 12:13:00,845,845,845,845,0
2022-07-27 12:14:00,845,845,845,845,0
2022-07-27 12:15:00,845,845,845,845,0
2022-07-27 12:16:00,845,845,845,845,0
2022-07-27 12:17:00,845,845,845,845,0
2022-07-27 12:18:00,845,845,845,845,0
2022-07-27 12:19:00,845,845,845,845,0
2022-07-27 12:20:00,845,845,845,845,0
2022-07-27 12:21:00,845,845,845,845,0
2022-07-27 12:22:00,845,845,845,845,0
2022-07-27 12:23:00,845,845,845,845,0
2022-07-27 12:24:00,845,845,845,845,0
2022-07-27 12:25:00,845,845,845,845,0
2022-07-27 12:26:00,845,845,845,845,0
2022-07-27 12:27:00,845,845,845,845,0
2022-07-27 12:28:00,845,845,845,845,0
2022-07-27 12:29:00,845,845,845,845,0
2022-07-27 12:30:00,845,845,845,845,0
2022-07-27 12:31:00,845,845,845,845,0
2022-07-27 12:32:00,845,845,845,845,0
2022-07-27 12:33:00,845,845,845,845,0
2022-07-27 12:34:00,845,845,845,845,0
2022-07-27 12:35:00,845,845,845,845,0
2022-07-27 12:36:00,845,845,845,845,0
2022-07-27 12:37:00,845,845,845,845,0
2022-07-27 12:38:00,845,845,845,845,0
2022-07-27 12:39:00,845,845,845,845,0
2022-07-27 12:40:00,845,845,845,845,0
2022-07-27 12:41:00,845,845,845,845,0
2022-07-27 12:42:00,845,845,845,845,0
2022-07-27 12:43:00,845,845,845,845,0
2022-07-27 12:44:00,845,845,845,845,0
2022-07-27 12:45:00,845,845,845,845,0
2022-07-27 12:46:00,845,845,845,845,0
2022-07-27 12:47:00,845,845,845,845,0
2022-07-27 12:48:00,845,845,845,845,0
2022-07-27 12:49:00,845,845,845,845,0
2022-07-27 12:50:00,845,845,845,845,0
2022-07-27 12:51:00,845,845,845,845,0
2022-07-27 12:52:00,845,845,845,845,0
2022-07-27 12:53:00,845,845,845,845,0
2022-07-27 12:54:00,845,845,845,845,0
2022-07-27 12:55:00,845,845,845,845,0
2022-07-27 12:56:00,845,845,845,845,0
2022-07-27 12:57:00,845,845,845,845,0
2022-07-27 12:58:00,845,845,845,845,0
2022-07-27 12:59:00,845,845,845,845,0
2022-07-27 13:00:00,845,845,845,845,0
2022-07-27 13:01:00,845,845,845,845,0
2022-07-27 13:02:00,845,845,845,845,0
2022-07-27 13:03:00,845,845,845,845,0
2022-07-27 13:04:00,845,845,845,845,0
2022-07-27 13:05:00,845,845,845,845,0
2022-07-27 13:06:00,845,845,845,845,0
2022-07-27 13:07:00,845,845,845,845,0
2022-07-27 13:08:00,845,845,845,845,0
2022-07-27 13:09:00,845,845,845,845,0
2022-07-27 13:10:00,845,845,845,845,0
2022-07-27 13:11:00,845,845,845,845,0
2022-07-27 13:12:00,845,845,845,845,0
2022-07-27 13:13:00,845,845,845,845,0
2022-07-27 13:14:00,845,845,845,845,0
2022-07-27 13:15:00,845,845,845,845,0
2022-07-27 13:16:00,845,845,845,845,0
2022-07-27 13:17:00,845,845,845,845,0
2022-07-27 13:18:00,845,845,845,845,0
2022-07-27 13:19:00,845,845,845,845,0
2022-07-27 13:20:00,845,845,845,845,0
2022-07-27 13:21:00,845,845,845,845,0
2022-07-27 13:22:00,845,845,845,845,0
2022-07-27 13:23:00,845,845,845,845,0
2022-07-27 13:24:00,845,845,845,845,0
2022-07-27 13:25:00,845,845,845,845,0
2022-07-27 13:26:00,845,845,845,845,0
2022-07-27 13:27:00,845,845,845,845,0
2022-07-27 13:28:00,845,845,845,845,0
2022-07-27 13:29:00,845,845,845,845,0
2022-07-27 13:30:00,845,845,845,845,300
2022-07-27 13:31:00,845,845,845,845,0
2022-07-27 13:32:00,845,845,845,845,0
2022-07-27 13:33:00,845,845,845,845,0
2022-07-27 13:34:00,845,845,845,845,0
2022-07-27 13:35:00,845,845,845,845,0
2022-07-27 13:36:00,845,845,845,845,0
2022-07-27 13:37:00,845,845,845,845,0
2022-07-27 13:38:00,845,845,845,845,0
2022-07-27 13:39:00,830,830,830,830,12200
2022-07-27 13:40:00,830,830,830,830,0
2022-07-27 13:41:00,830,830,830,830,0
2022-07-27 13:42:00,830,830,830,830,0
2022-07-27 13:43:00,830,830,830,830,0
2022-07-27 13:44:00,830,830,830,830,0
2022-07-27 13:45:00,830,830,830,830,0
2022-07-27 13:46:00,830,830,830,830,0
2022-07-27 13:47:00,830,830,830,830,0
2022-07-27 13:48:00,830,830,830,830,0
2022-07-27 13:49:00,830,830,830,830,0
2022-07-27 13:50:00,830,830,830,830,0
2022-07-27 13:51:00,830,830,830,830,0
2022-07-27 13:52:00,830,830,830,830,0
2022-07-27 13:53:00,830,830,830,830,0
2022-07-27 13:54:00,830,830,830,830,0
2022-07-27 13:55:00,830,830,830,830,0
2022-07-27 13:56:00,830,830,830,830,0
2022-07-27 13:57:00,830,830,830,830,0
2022-07-27 13:58:00,830,830,830,830,0
2022-07-27 13:59:00,830,830,830,830,400
2022-07-27 14:00:00,830,830,830,830,2400
2022-07-27 14:01:00,830,830,830,830,0
2022-07-27 14:02:00,830,830,830,830,0
2022-07-27 14:03:00,830,830,830,830,0
2022-07-27 14:04:00,830,830,830,830,0
2022-07-27 14:05:00,830,830,830,830,4600
2022-07-27 14:06:00,830,830,830,830,0
2022-07-27 14:07:00,830,830,830,830,0
2022-07-27 14:08:00,830,830,830,830,0
2022-07-27 14:09:00,830,830,830,830,0
2022-07-27 14:10:00,830,830,830,830,0
2022-07-27 14:11:00,830,830,830,830,0
2022-07-27 14:12:00,830,830,830,830,0
2022-07-27 14:13:00,830,830,830,830,0
2022-07-27 14:14:00,830,830,830,830,0
2022-07-27 14:15:00,830,830,830,830,0
2022-07-27 14:16:00,830,830,830,830,0
2022-07-27 14:17:00,830,830,830,830,0
2022-07-27 14:18:00,830,830,830,830,0
2022-07-27 14:19:00,830,830,830,830,0
2022-07-27 14:20:00,830,830,830,830,0
2022-07-27 14:21:00,830,830,830,830,0
2022-07-27 14:22:00,830,830,830,830,0
2022-07-27 14:23:00,830,830,830,830,0
2022-07-27 14:24:00,830,830,830,830,0
2022-07-27 14:25:00,845,845,845,845,100
2022-07-27 14:26:00,845,845,845,845,0
2022-07-27 14:27:00,845,845,845,845,0
2022-07-27 14:28:00,830,830,830,830,100
2022-07-27 14:29:00,830,830,830,830,5700
2022-07-27 14:30:00,830,830,830,830,0
2022-07-27 14:31:00,830,830,830,830,0
2022-07-27 14:32:00,830,830,830,830,0
2022-07-27 14:33:00,830,830,830,830,0
2022-07-27 14:34:00,830,830,830,830,0
2022-07-27 14:35:00,830,830,830,830,0
2022-07-27 14:36:00,830,830,830,830,2900
2022-07-27 14:37:00,830,830,830,830,0
2022-07-27 14:38:00,830,830,830,830,0
2022-07-27 14:39:00,830,830,830,830,0
2022-07-27 14:40:00,830,830,830,830,0
2022-07-27 14:41:00,830,830,830,830,0
2022-07-27 14:42:00,830,830,830,830,2200
2022-07-27 14:43:00,830,830,830,830,0
2022-07-27 14:44:00,830,830,830,830,0
2022-07-27 14:45:00,830,830,830,830,0
2022-07-27 14:46:00,830,830,830,830,0
2022-07-27 14:47:00,830,830,830,830,0
2022-07-27 14:48:00,830,830,830,830,2500
2022-07-27 14:49:00,830,830,830,830,0
2022-07-27 14:50:00,830,830,830,830,0
2022-07-27 14:51:00,830,830,830,830,0
2022-07-27 14:52:00,830,830,830,830,0
2022-07-27 14:53:00,830,830,830,830,0
2022-07-27 14:54:00,830,830,830,830,0
2022-07-27 14:55:00,830,830,830,830,0
2022-07-27 14:56:00,830,830,830,830,0
2022-07-27 14:57:00,830,830,830,830,0
2022-07-27 14:58:00,830,830,830,830,0
2022-07-27 14:59:00,830,830,830,830,0
2022-07-27 15:00:00,825,825,825,825,0
2022-07-27 15:01:00,825,825,825,825,0
2022-07-27 15:02:00,825,825,825,825,0
2022-07-27 15:03:00,825,825,825,825,0
2022-07-27 15:04:00,825,825,825,825,0
2022-07-27 15:05:00,825,825,825,825,0
2022-07-27 15:06:00,825,825,825,825,0
2022-07-27 15:07:00,825,825,825,825,0
2022-07-27 15:08:00,825,825,825,825,0
2022-07-27 15:09:00,825,825,825,825,0
2022-07-27 15:10:00,825,825,825,825,0
2022-07-27 15:11:00,825,825,825,825,0
2022-07-27 15:12:00,825,825,825,825,0
2022-07-27 15:13:00,825,825,825,825,0
2022-07-27 15:14:00,825,825,825,825,0
2022-07-27 15:15:00,825,825,825,825,0
2022-07-27 15:16:00,825,825,825,825,0
2022-07-27 15:17:00,825,825,825,825,0
2022-07-27 15:18:00,825,825,825,825,0
2022-07-27 15:19:00,825,825,825,825,0
2022-07-27 15:20:00,825,825,825,825,0
2022-07-27 15:21:00,825,825,825,825,0
2022-07-27 15:22:00,825,825,825,825,0
2022-07-27 15:23:00,825,825,825,825,0
2022-07-27 15:24:00,825,825,825,825,0
2022-07-27 15:25:00,825,825,825,825,0
2022-07-27 15:26:00,825,825,825,825,0
2022-07-27 15:27:00,825,825,825,825,0
2022-07-27 15:28:00,825,825,825,825,0
2022-07-27 15:29:00,825,825,825,825,0
2022-07-27 15:30:00,825,825,825,825,0
2022-07-27 15:31:00,825,825,825,825,0
2022-07-27 15:32:00,825,825,825,825,0
2022-07-27 15:33:00,825,825,825,825,0
2022-07-27 15:34:00,825,825,825,825,0
2022-07-27 15:35:00,825,825,825,825,0
2022-07-27 15:36:00,825,825,825,825,0
2022-07-27 15:37:00,825,825,825,825,0
2022-07-27 15:38:00,825,825,825,825,0
2022-07-27 15:39:00,825,825,825,825,0
2022-07-27 15:40:00,825,825,825,825,0
2022-07-27 15:41:00,825,825,825,825,0
2022-07-27 15:42:00,825,825,825,825,0
2022-07-27 15:43:00,825,825,825,825,0
2022-07-27 15:44:00,825,825,825,825,0
2022-07-27 15:45:00,825,825,825,825,0
2022-07-27 15:46:00,825,825,825,825,0
2022-07-27 15:47:00,825,825,825,825,0
2022-07-27 15:48:00,825,825,825,825,0
2022-07-27 15:49:00,825,825,825,825,0
2022-07-27 15:50:00,825,825,825,825,0
2022-07-27 15:51:00,825,825,825,825,0
2022-07-27 15:52:00,825,825,825,825,0
2022-07-27 15:53:00,825,825,825,825,0
2022-07-27 15:54:00,825,825,825,825,0
2022-07-27 15:55:00,825,825,825,825,0
2022-07-27 15:56:00,825,825,825,825,0
2022-07-27 15:57:00,825,825,825,825,0
2022-07-27 15:58:00,825,825,825,825,0
2022-07-27 15:59:00,825,825,825,825,0
2022-07-28 09:00:00,825,825,825,825,0
2022-07-28 09:01:00,825,825,825,825,8000
2022-07-28 09:02:00,825,825,825,825,0
2022-07-28 09:03:00,825,825,825,825,0
2022-07-28 09:04:00,825,825,825,825,100
2022-07-28 09:05:00,820,815,820,815,10300
2022-07-28 09:06:00,820,815,820,815,0
2022-07-28 09:07:00,820,820,820,820,57000
2022-07-28 09:08:00,820,820,820,820,0
2022-07-28 09:09:00,820,820,820,820,0
2022-07-28 09:10:00,820,820,820,820,0
2022-07-28 09:11:00,840,840,840,840,0
2022-07-28 09:12:00,840,840,840,840,0
2022-07-28 09:13:00,840,840,840,840,0
2022-07-28 09:14:00,840,840,840,840,0
2022-07-28 09:15:00,840,840,840,840,0
2022-07-28 09:16:00,840,840,840,840,0
2022-07-28 09:17:00,840,840,840,840,0
2022-07-28 09:18:00,840,840,840,840,0
2022-07-28 09:19:00,840,840,840,840,0
2022-07-28 09:20:00,840,840,840,840,0
2022-07-28 09:21:00,840,840,840,840,0
2022-07-28 09:22:00,840,840,840,840,0
2022-07-28 09:23:00,840,840,840,840,0
2022-07-28 09:24:00,840,840,840,840,0
2022-07-28 09:25:00,840,840,840,840,0
2022-07-28 09:26:00,840,840,840,840,0
2022-07-28 09:27:00,840,840,840,840,0
2022-07-28 09:28:00,840,840,840,840,0
2022-07-28 09:29:00,840,840,840,840,0
2022-07-28 09:30:00,840,840,840,840,0
2022-07-28 09:31:00,840,840,840,840,0
2022-07-28 09:32:00,840,840,840,840,0
2022-07-28 09:33:00,840,840,840,840,0
2022-07-28 09:34:00,840,840,840,840,0
2022-07-28 09:35:00,840,840,840,840,0
2022-07-28 09:36:00,840,840,840,840,0
2022-07-28 09:37:00,840,840,840,840,0
2022-07-28 09:38:00,840,840,840,840,0
2022-07-28 09:39:00,840,840,840,840,0
2022-07-28 09:40:00,840,840,840,840,0
2022-07-28 09:41:00,840,840,840,840,0
2022-07-28 09:42:00,840,840,840,840,0
2022-07-28 09:43:00,840,840,840,840,0
2022-07-28 09:44:00,830,830,830,830,900
2022-07-28 09:45:00,830,830,830,830,0
2022-07-28 09:46:00,830,830,830,830,0
2022-07-28 09:47:00,830,830,830,830,0
2022-07-28 09:48:00,830,830,830,830,0
2022-07-28 09:49:00,830,830,830,830,0
2022-07-28 09:50:00,830,830,830,830,0
2022-07-28 09:51:00,830,830,830,830,0
2022-07-28 09:52:00,830,830,830,830,600
2022-07-28 09:53:00,830,830,830,830,0
2022-07-28 09:54:00,830,830,830,830,0
2022-07-28 09:55:00,830,830,830,830,0
2022-07-28 09:56:00,830,830,830,830,0
2022-07-28 09:57:00,830,830,830,830,0
2022-07-28 09:58:00,830,830,830,830,0
2022-07-28 09:59:00,830,830,830,830,0
2022-07-28 10:00:00,830,830,830,830,0
2022-07-28 10:01:00,830,830,830,830,300
2022-07-28 10:02:00,825,825,825,825,100
2022-07-28 10:03:00,825,825,825,825,0
2022-07-28 10:04:00,825,825,825,825,0
2022-07-28 10:05:00,825,825,825,825,0
2022-07-28 10:06:00,825,825,825,825,0
2022-07-28 10:07:00,825,825,825,825,200
2022-07-28 10:08:00,825,825,825,825,0
2022-07-28 10:09:00,825,825,825,825,0
2022-07-28 10:10:00,825,825,825,825,0
2022-07-28 10:11:00,825,825,825,825,0
2022-07-28 10:12:00,825,825,825,825,0
2022-07-28 10:13:00,825,825,825,825,0
2022-07-28 10:14:00,825,825,825,825,0
2022-07-28 10:15:00,825,825,825,825,0
2022-07-28 10:16:00,825,825,825,825,0
2022-07-28 10:17:00,825,825,825,825,0
2022-07-28 10:18:00,825,825,825,825,0
2022-07-28 10:19:00,825,825,825,825,0
2022-07-28 10:20:00,825,825,825,825,0
2022-07-28 10:21:00,825,825,825,825,0
2022-07-28 10:22:00,825,825,825,825,0
2022-07-28 10:23:00,825,825,825,825,16100
2022-07-28 10:24:00,825,825,825,825,600
2022-07-28 10:25:00,825,825,825,825,4000
2022-07-28 10:26:00,825,825,825,825,0
2022-07-28 10:27:00,825,825,825,825,0
2022-07-28 10:28:00,825,825,825,825,1400
2022-07-28 10:29:00,825,825,825,825,0
2022-07-28 10:30:00,825,825,825,825,0
2022-07-28 10:31:00,825,825,825,825,0
2022-07-28 10:32:00,825,825,825,825,0
2022-07-28 10:33:00,825,825,825,825,700
2022-07-28 10:34:00,825,825,825,825,0
2022-07-28 10:35:00,825,825,825,825,0
2022-07-28 10:36:00,825,825,825,825,0
2022-07-28 10:37:00,825,825,825,825,0
2022-07-28 10:38:00,825,825,825,825,0
2022-07-28 10:39:00,825,825,825,825,0
2022-07-28 10:40:00,825,825,825,825,0
2022-07-28 10:41:00,825,825,825,825,0
2022-07-28 10:42:00,830,830,830,830,8000
2022-07-28 10:43:00,830,830,830,830,0
2022-07-28 10:44:00,830,830,830,830,0
2022-07-28 10:45:00,830,830,830,830,0
2022-07-28 10:46:00,830,830,830,830,0
2022-07-28 10:47:00,830,830,830,830,0
2022-07-28 10:48:00,830,830,830,830,0
2022-07-28 10:49:00,830,825,830,825,600
2022-07-28 10:50:00,830,825,830,825,0
2022-07-28 10:51:00,830,825,830,825,0
2022-07-28 10:52:00,830,825,830,825,0
2022-07-28 10:53:00,830,825,830,825,0
2022-07-28 10:54:00,830,825,830,825,0
2022-07-28 10:55:00,830,825,830,825,0
2022-07-28 10:56:00,830,825,830,825,0
2022-07-28 10:57:00,825,825,825,825,51100
2022-07-28 10:58:00,820,815,820,815,65500
2022-07-28 10:59:00,820,815,820,815,0
2022-07-28 11:00:00,820,820,820,820,200
2022-07-28 11:01:00,820,820,820,820,0
2022-07-28 11:02:00,820,820,820,820,0
2022-07-28 11:03:00,820,800,820,800,64400
2022-07-28 11:04:00,805,790,805,800,146400
2022-07-28 11:05:00,805,790,805,800,0
2022-07-28 11:06:00,805,805,805,805,0
2022-07-28 11:07:00,805,805,805,805,0
2022-07-28 11:08:00,805,805,805,805,2100
2022-07-28 11:09:00,805,805,805,805,11300
2022-07-28 11:10:00,805,805,805,805,0
2022-07-28 11:11:00,805,805,805,805,200
2022-07-28 11:12:00,800,800,805,805,3400
2022-07-28 11:13:00,800,800,805,805,0
2022-07-28 11:14:00,815,815,815,815,200
2022-07-28 11:15:00,810,810,810,810,700
2022-07-28 11:16:00,810,810,810,810,0
2022-07-28 11:17:00,815,815,815,815,16800
2022-07-28 11:18:00,815,815,815,815,0
2022-07-28 11:19:00,815,815,815,815,0
2022-07-28 11:20:00,815,815,815,815,0
2022-07-28 11:21:00,820,820,820,820,0
2022-07-28 11:22:00,820,820,820,820,0
2022-07-28 11:23:00,820,820,820,820,0
2022-07-28 11:24:00,820,820,820,820,0
2022-07-28 11:25:00,820,820,820,820,0
2022-07-28 11:26:00,820,820,820,820,0
2022-07-28 11:27:00,820,820,820,820,0
2022-07-28 11:28:00,820,820,820,820,0
2022-07-28 11:29:00,820,820,820,820,0
2022-07-28 11:30:00,820,820,820,820,0
2022-07-28 11:31:00,820,820,820,820,0
2022-07-28 11:32:00,820,820,820,820,0
2022-07-28 11:33:00,820,820,820,820,0
2022-07-28 11:34:00,820,820,820,820,0
2022-07-28 11:35:00,820,820,820,820,0
2022-07-28 11:36:00,820,820,820,820,0
2022-07-28 11:37:00,820,820,820,820,0
2022-07-28 11:38:00,820,820,820,820,0
2022-07-28 11:39:00,820,820,820,820,0
2022-07-28 11:40:00,820,820,820,820,0
2022-07-28 11:41:00,820,820,820,820,0
2022-07-28 11:42:00,820,820,820,820,0
2022-07-28 11:43:00,820,820,820,820,0
2022-07-28 11:44:00,820,820,820,820,0
2022-07-28 11:45:00,820,820,820,820,0
2022-07-28 11:46:00,820,820,820,820,0
2022-07-28 11:47:00,820,820,820,820,0
2022-07-28 11:48:00,820,820,820,820,0
2022-07-28 11:49:00,820,820,820,820,0
2022-07-28 11:50:00,820,820,820,820,0
2022-07-28 11:51:00,820,820,820,820,0
2022-07-28 11:52:00,820,820,820,820,0
2022-07-28 11:53:00,820,820,820,820,0
2022-07-28 11:54:00,820,820,820,820,0
2022-07-28 11:55:00,820,820,820,820,0
2022-07-28 11:56:00,820,820,820,820,0
2022-07-28 11:57:00,820,820,820,820,0
2022-07-28 11:58:00,820,820,820,820,0
2022-07-28 11:59:00,820,820,820,820,0
2022-07-28 12:00:00,820,820,820,820,0
2022-07-28 12:01:00,820,820,820,820,0
2022-07-28 12:02:00,820,820,820,820,0
2022-07-28 12:03:00,820,820,820,820,0
2022-07-28 12:04:00,820,820,820,820,0
2022-07-28 12:05:00,820,820,820,820,0
2022-07-28 12:06:00,820,820,820,820,0
2022-07-28 12:07:00,820,820,820,820,0
2022-07-28 12:08:00,820,820,820,820,0
2022-07-28 12:09:00,820,820,820,820,0
2022-07-28 12:10:00,820,820,820,820,0
2022-07-28 12:11:00,820,820,820,820,0
2022-07-28 12:12:00,820,820,820,820,0
2022-07-28 12:13:00,820,820,820,820,0
2022-07-28 12:14:00,820,820,820,820,0
2022-07-28 12:15:00,820,820,820,820,0
2022-07-28 12:16:00,820,820,820,820,0
2022-07-28 12:17:00,820,820,820,820,0
2022-07-28 12:18:00,820,820,820,820,0
2022-07-28 12:19:00,820,820,820,820,0
2022-07-28 12:20:00,820,820,820,820,0
2022-07-28 12:21:00,820,820,820,820,0
2022-07-28 12:22:00,820,820,820,820,0
2022-07-28 12:23:00,820,820,820,820,0
2022-07-28 12:24:00,820,820,820,820,0
2022-07-28 12:25:00,820,820,820,820,0
2022-07-28 12:26:00,820,820,820,820,0
2022-07-28 12:27:00,820,820,820,820,0
2022-07-28 12:28:00,820,820,820,820,0
2022-07-28 12:29:00,820,820,820,820,0
2022-07-28 12:30:00,820,820,820,820,0
2022-07-28 12:31:00,820,820,820,820,0
2022-07-28 12:32:00,820,820,820,820,0
2022-07-28 12:33:00,820,820,820,820,0
2022-07-28 12:34:00,820,820,820,820,0
2022-07-28 12:35:00,820,820,820,820,0
2022-07-28 12:36:00,820,820,820,820,0
2022-07-28 12:37:00,820,820,820,820,0
2022-07-28 12:38:00,820,820,820,820,0
2022-07-28 12:39:00,820,820,820,820,0
2022-07-28 12:40:00,820,820,820,820,0
2022-07-28 12:41:00,820,820,820,820,0
2022-07-28 12:42:00,820,820,820,820,0
2022-07-28 12:43:00,820,820,820,820,0
2022-07-28 12:44:00,820,820,820,820,0
2022-07-28 12:45:00,820,820,820,820,0
2022-07-28 12:46:00,820,820,820,820,0
2022-07-28 12:47:00,820,820,820,820,0
2022-07-28 12:48:00,820,820,820,820,0
2022-07-28 12:49:00,820,820,820,820,0
2022-07-28 12:50:00,820,820,820,820,0
2022-07-28 12:51:00,820,820,820,820,0
2022-07-28 12:52:00,820,820,820,820,0
2022-07-28 12:53:00,820,820,820,820,0
2022-07-28 12:54:00,820,820,820,820,0
2022-07-28 12:55:00,820,820,820,820,0
2022-07-28 12:56:00,820,820,820,820,0
2022-07-28 12:57:00,820,820,820,820,0
2022-07-28 12:58:00,820,820,820,820,0
2022-07-28 12:59:00,820,820,820,820,0
2022-07-28 13:00:00,820,820,820,820,0
2022-07-28 13:01:00,820,820,820,820,0
2022-07-28 13:02:00,820,820,820,820,0
2022-07-28 13:03:00,820,820,820,820,0
2022-07-28 13:04:00,820,820,820,820,0
2022-07-28 13:05:00,820,820,820,820,0
2022-07-28 13:06:00,820,820,820,820,0
2022-07-28 13:07:00,820,820,820,820,0
2022-07-28 13:08:00,820,820,820,820,0
2022-07-28 13:09:00,820,820,820,820,0
2022-07-28 13:10:00,820,820,820,820,0
2022-07-28 13:11:00,820,820,820,820,0
2022-07-28 13:12:00,820,820,820,820,0
2022-07-28 13:13:00,820,820,820,820,0
2022-07-28 13:14:00,820,820,820,820,0
2022-07-28 13:15:00,820,820,820,820,0
2022-07-28 13:16:00,820,820,820,820,0
2022-07-28 13:17:00,820,820,820,820,0
2022-07-28 13:18:00,820,820,820,820,0
2022-07-28 13:19:00,820,820,820,820,0
2022-07-28 13:20:00,820,820,820,820,0
2022-07-28 13:21:00,820,820,820,820,0
2022-07-28 13:22:00,820,820,820,820,0
2022-07-28 13:23:00,820,820,820,820,0
2022-07-28 13:24:00,820,820,820,820,0
2022-07-28 13:25:00,820,820,820,820,0
2022-07-28 13:26:00,820,820,820,820,0
2022-07-28 13:27:00,820,820,820,820,0
2022-07-28 13:28:00,820,820,820,820,0
2022-07-28 13:29:00,820,820,820,820,0
2022-07-28 13:30:00,820,810,820,810,1500
2022-07-28 13:31:00,820,820,820,820,100
2022-07-28 13:32:00,820,820,820,820,0
2022-07-28 13:33:00,820,820,820,820,0
2022-07-28 13:34:00,815,815,815,815,500
2022-07-28 13:35:00,815,815,815,815,0
2022-07-28 13:36:00,815,815,815,815,200
2022-07-28 13:37:00,815,815,815,815,0
2022-07-28 13:38:00,815,815,815,815,100
2022-07-28 13:39:00,815,815,815,815,0
2022-07-28 13:40:00,815,815,815,815,0
2022-07-28 13:41:00,815,815,815,815,400
2022-07-28 13:42:00,815,815,815,815,2400
2022-07-28 13:43:00,815,815,815,815,0
2022-07-28 13:44:00,815,815,815,815,0
2022-07-28 13:45:00,815,815,815,815,0
2022-07-28 13:46:00,815,815,815,815,0
2022-07-28 13:47:00,815,815,815,815,0
2022-07-28 13:48:00,815,815,815,815,0
2022-07-28 13:49:00,815,815,815,815,0
2022-07-28 13:50:00,815,815,815,815,0
2022-07-28 13:51:00,815,815,815,815,0
2022-07-28 13:52:00,815,815,815,815,0
2022-07-28 13:53:00,815,815,815,815,0
2022-07-28 13:54:00,815,815,815,815,0
2022-07-28 13:55:00,815,815,815,815,0
2022-07-28 13:56:00,815,815,815,815,0
2022-07-28 13:57:00,810,810,810,810,7000
2022-07-28 13:58:00,815,810,815,810,2000
2022-07-28 13:59:00,815,810,815,810,0
2022-07-28 14:00:00,815,810,815,810,0
2022-07-28 14:01:00,815,810,815,810,0
2022-07-28 14:02:00,815,810,815,810,0
2022-07-28 14:03:00,810,810,810,810,11800
2022-07-28 14:04:00,810,810,810,810,0
2022-07-28 14:05:00,810,810,810,810,0
2022-07-28 14:06:00,810,810,810,810,0
2022-07-28 14:07:00,810,810,810,810,0
2022-07-28 14:08:00,810,810,810,810,0
2022-07-28 14:09:00,810,810,810,810,0
2022-07-28 14:10:00,810,810,810,810,0
2022-07-28 14:11:00,815,810,815,810,2500
2022-07-28 14:12:00,815,810,815,810,0
2022-07-28 14:13:00,815,810,815,810,0
2022-07-28 14:14:00,815,810,815,810,0
2022-07-28 14:15:00,810,810,810,810,1300
2022-07-28 14:16:00,815,815,815,815,13000
2022-07-28 14:17:00,815,815,815,815,400
2022-07-28 14:18:00,815,815,815,815,0
2022-07-28 14:19:00,815,815,815,815,0
2022-07-28 14:20:00,815,815,815,815,0
2022-07-28 14:21:00,815,815,815,815,3700
2022-07-28 14:22:00,815,815,815,815,0
2022-07-28 14:23:00,815,815,815,815,0
2022-07-28 14:24:00,815,815,815,815,0
2022-07-28 14:25:00,815,815,815,815,0
2022-07-28 14:26:00,820,820,820,820,200
2022-07-28 14:27:00,820,820,820,820,0
2022-07-28 14:28:00,820,820,820,820,0
2022-07-28 14:29:00,820,820,820,820,0
2022-07-28 14:30:00,820,820,820,820,0
2022-07-28 14:31:00,820,820,820,820,0
2022-07-28 14:32:00,820,820,820,820,100
2022-07-28 14:33:00,820,815,820,815,2300
2022-07-28 14:34:00,820,815,820,815,0
2022-07-28 14:35:00,815,810,815,810,8700
2022-07-28 14:36:00,815,810,815,810,0
2022-07-28 14:37:00,815,810,815,810,0
2022-07-28 14:38:00,810,810,810,810,7600
2022-07-28 14:39:00,810,810,810,810,200
2022-07-28 14:40:00,810,810,810,810,0
2022-07-28 14:41:00,810,810,810,810,0
2022-07-28 14:42:00,820,810,820,810,2400
2022-07-28 14:43:00,820,810,820,810,0
2022-07-28 14:44:00,820,810,820,810,0
2022-07-28 14:45:00,820,810,820,810,0
2022-07-28 14:46:00,815,815,815,815,0
2022-07-28 14:47:00,815,815,815,815,0
2022-07-28 14:48:00,815,810,820,810,600
2022-07-28 14:49:00,815,810,820,810,0
2022-07-28 14:50:00,815,810,820,810,0
2022-07-28 14:51:00,815,810,820,810,0
2022-07-28 14:52:00,815,810,820,810,0
2022-07-28 14:53:00,815,810,820,810,0
2022-07-28 14:54:00,815,810,820,810,0
2022-07-28 14:55:00,815,810,820,810,0
2022-07-28 14:56:00,815,810,820,810,0
2022-07-28 14:57:00,815,810,820,810,0
2022-07-28 14:58:00,815,810,820,810,0
2022-07-28 14:59:00,815,810,820,810,0
2022-07-28 15:00:00,810,810,810,810,19600
2022-07-28 15:01:00,810,810,810,810,7800
2022-07-28 15:02:00,810,810,810,810,11400
2022-07-28 15:03:00,810,810,810,810,0
2022-07-28 15:04:00,810,810,810,810,0
2022-07-28 15:05:00,810,810,810,810,0
2022-07-28 15:06:00,810,810,810,810,0
2022-07-28 15:07:00,810,810,810,810,0
2022-07-28 15:08:00,810,810,810,810,0
2022-07-28 15:09:00,810,810,810,810,0
2022-07-28 15:10:00,810,810,810,810,0
2022-07-28 15:11:00,810,810,810,810,0
2022-07-28 15:12:00,810,810,810,810,0
2022-07-28 15:13:00,810,810,810,810,0
2022-07-28 15:14:00,810,810,810,810,0
2022-07-28 15:15:00,810,810,810,810,0
2022-07-28 15:16:00,810,810,810,810,0
2022-07-28 15:17:00,810,810,810,810,0
2022-07-28 15:18:00,810,810,810,810,0
2022-07-28 15:19:00,810,810,810,810,0
2022-07-28 15:20:00,810,810,810,810,0
2022-07-28 15:21:00,810,810,810,810,0
2022-07-28 15:22:00,810,810,810,810,0
2022-07-28 15:23:00,810,810,810,810,0
2022-07-28 15:24:00,810,810,810,810,0
2022-07-28 15:25:00,810,810,810,810,0
2022-07-28 15:26:00,810,810,810,810,0
2022-07-28 15:27:00,810,810,810,810,0
2022-07-28 15:28:00,810,810,810,810,0
2022-07-28 15:29:00,810,810,810,810,0
2022-07-28 15:30:00,810,810,810,810,0
2022-07-28 15:31:00,810,810,810,810,0
2022-07-28 15:32:00,810,810,810,810,0
2022-07-28 15:33:00,810,810,810,810,0
2022-07-28 15:34:00,810,810,810,810,0
2022-07-28 15:35:00,810,810,810,810,0
2022-07-28 15:36:00,810,810,810,810,0
2022-07-28 15:37:00,810,810,810,810,0
2022-07-28 15:38:00,810,810,810,810,0
2022-07-28 15:39:00,810,810,810,810,0
2022-07-28 15:40:00,810,810,810,810,0
2022-07-28 15:41:00,810,810,810,810,0
2022-07-28 15:42:00,810,810,810,810,0
2022-07-28 15:43:00,810,810,810,810,0
2022-07-28 15:44:00,810,810,810,810,0
2022-07-28 15:45:00,810,810,810,810,0
2022-07-28 15:46:00,810,810,810,810,0
2022-07-28 15:47:00,810,810,810,810,0
2022-07-28 15:48:00,810,810,810,810,0
2022-07-28 15:49:00,810,810,810,810,0
2022-07-28 15:50:00,810,810,810,810,0
2022-07-28 15:51:00,810,810,810,810,0
2022-07-28 15:52:00,810,810,810,810,0
2022-07-28 15:53:00,810,810,810,810,0
2022-07-28 15:54:00,810,810,810,810,0
2022-07-28 15:55:00,810,810,810,810,0
2022-07-28 15:56:00,810,810,810,810,0
2022-07-28 15:57:00,810,810,810,810,0
2022-07-28 15:58:00,810,810,810,810,0
2022-07-28 15:59:00,810,810,810,810,0
2022-07-29 09:00:00,810,810,810,810,1300
2022-07-29 09:01:00,810,810,810,810,0
2022-07-29 09:02:00,810,810,810,810,900
2022-07-29 09:03:00,810,810,810,810,4500
2022-07-29 09:04:00,810,810,810,810,0
2022-07-29 09:05:00,810,810,810,810,0
2022-07-29 09:06:00,810,810,810,810,200
2022-07-29 09:07:00,810,810,810,810,0
2022-07-29 09:08:00,810,810,810,810,0
2022-07-29 09:09:00,815,815,815,815,0
2022-07-29 09:10:00,815,815,815,815,0
2022-07-29 09:11:00,815,815,815,815,0
2022-07-29 09:12:00,815,815,815,815,0
2022-07-29 09:13:00,815,815,820,820,4300
2022-07-29 09:14:00,825,810,825,810,1500
2022-07-29 09:15:00,830,830,830,830,7800
2022-07-29 09:16:00,830,830,830,830,0
2022-07-29 09:17:00,830,830,835,835,6600
2022-07-29 09:18:00,835,835,835,835,2000
2022-07-29 09:19:00,835,835,840,835,19300
2022-07-29 09:20:00,835,835,835,835,0
2022-07-29 09:21:00,820,820,820,820,0
2022-07-29 09:22:00,820,820,820,820,0
2022-07-29 09:23:00,820,820,820,820,0
2022-07-29 09:24:00,820,820,820,820,0
2022-07-29 09:25:00,820,820,820,820,0
2022-07-29 09:26:00,835,835,835,835,11600
2022-07-29 09:27:00,835,835,835,835,200
2022-07-29 09:28:00,835,835,835,835,0
2022-07-29 09:29:00,835,835,835,835,100
2022-07-29 09:30:00,835,835,835,835,0
2022-07-29 09:31:00,835,835,835,835,0
2022-07-29 09:32:00,835,835,835,835,0
2022-07-29 09:33:00,835,835,835,835,0
2022-07-29 09:34:00,835,835,835,835,0
2022-07-29 09:35:00,835,835,835,835,0
2022-07-29 09:36:00,835,835,835,835,0
2022-07-29 09:37:00,835,835,835,835,0
2022-07-29 09:38:00,820,820,820,820,100
2022-07-29 09:39:00,835,835,835,835,100
2022-07-29 09:40:00,830,830,830,830,200
2022-07-29 09:41:00,830,830,830,830,0
2022-07-29 09:42:00,830,830,830,830,300
2022-07-29 09:43:00,830,830,830,830,0
2022-07-29 09:44:00,830,830,830,830,0
2022-07-29 09:45:00,825,825,825,825,100
2022-07-29 09:46:00,825,825,825,825,0
2022-07-29 09:47:00,825,825,825,825,0
2022-07-29 09:48:00,825,825,825,825,0
2022-07-29 09:49:00,825,825,825,825,0
2022-07-29 09:50:00,825,825,825,825,0
2022-07-29 09:51:00,825,825,825,825,0
2022-07-29 09:52:00,820,820,820,820,300
2022-07-29 09:53:00,820,820,820,820,2100
2022-07-29 09:54:00,820,820,820,820,0
2022-07-29 09:55:00,820,820,820,820,0
2022-07-29 09:56:00,825,825,825,825,1500
2022-07-29 09:57:00,825,825,825,825,0
2022-07-29 09:58:00,825,825,825,825,0
2022-07-29 09:59:00,825,825,825,825,0
2022-07-29 10:00:00,825,825,825,825,7000
2022-07-29 10:01:00,825,825,825,825,0
2022-07-29 10:02:00,820,820,820,820,6600
2022-07-29 10:03:00,820,820,820,820,0
2022-07-29 10:04:00,820,820,820,820,0
2022-07-29 10:05:00,820,820,820,820,0
2022-07-29 10:06:00,820,820,820,820,200
2022-07-29 10:07:00,820,820,820,820,2200
2022-07-29 10:08:00,820,820,820,820,0
2022-07-29 10:09:00,815,815,815,815,8800
2022-07-29 10:10:00,815,815,815,815,0
2022-07-29 10:11:00,815,815,815,815,5700
2022-07-29 10:12:00,815,815,815,815,11900
2022-07-29 10:13:00,815,815,815,815,0
2022-07-29 10:14:00,815,815,815,815,0
2022-07-29 10:15:00,815,815,815,815,0
2022-07-29 10:16:00,815,815,815,815,0
2022-07-29 10:17:00,815,815,815,815,0
2022-07-29 10:18:00,815,815,815,815,0
2022-07-29 10:19:00,815,815,815,815,0
2022-07-29 10:20:00,815,815,815,815,0
2022-07-29 10:21:00,815,810,815,810,0
2022-07-29 10:22:00,815,810,815,810,0
2022-07-29 10:23:00,815,815,815,815,900
2022-07-29 10:24:00,815,815,815,815,0
2022-07-29 10:25:00,815,815,815,815,0
2022-07-29 10:26:00,815,815,815,815,0
2022-07-29 10:27:00,815,815,815,815,0
2022-07-29 10:28:00,815,815,815,815,0
2022-07-29 10:29:00,815,810,820,820,60800
2022-07-29 10:30:00,815,810,820,820,0
2022-07-29 10:31:00,825,825,825,825,0
2022-07-29 10:32:00,825,825,825,825,0
2022-07-29 10:33:00,825,825,825,825,0
2022-07-29 10:34:00,825,825,825,825,0
2022-07-29 10:35:00,825,825,825,825,0
2022-07-29 10:36:00,825,825,825,825,0
2022-07-29 10:37:00,825,825,825,825,0
2022-07-29 10:38:00,825,825,825,825,0
2022-07-29 10:39:00,825,825,825,825,0
2022-07-29 10:40:00,825,825,825,825,0
2022-07-29 10:41:00,825,825,825,825,0
2022-07-29 10:42:00,825,825,825,825,0
2022-07-29 10:43:00,825,825,825,825,0
2022-07-29 10:44:00,825,825,825,825,0
2022-07-29 10:45:00,825,825,825,825,0
2022-07-29 10:46:00,825,825,825,825,0
2022-07-29 10:47:00,825,825,825,825,0
2022-07-29 10:48:00,825,825,825,825,0
2022-07-29 10:49:00,825,825,825,825,0
2022-07-29 10:50:00,825,825,825,825,0
2022-07-29 10:51:00,825,825,825,825,0
2022-07-29 10:52:00,825,825,825,825,0
2022-07-29 10:53:00,825,825,825,825,0
2022-07-29 10:54:00,825,825,825,825,0
2022-07-29 10:55:00,825,825,825,825,0
2022-07-29 10:56:00,825,825,825,825,0
2022-07-29 10:57:00,825,825,825,825,0
2022-07-29 10:58:00,825,825,825,825,0
2022-07-29 10:59:00,825,825,825,825,0
2022-07-29 11:00:00,825,825,825,825,0
2022-07-29 11:01:00,825,825,825,825,0
2022-07-29 11:02:00,820,820,820,820,400
2022-07-29 11:03:00,820,820,820,820,0
2022-07-29 11:04:00,820,820,820,820,0
2022-07-29 11:05:00,810,810,810,810,50400
2022-07-29 11:06:00,810,810,810,810,2000
2022-07-29 11:07:00,810,810,810,810,0
2022-07-29 11:08:00,820,820,820,820,0
2022-07-29 11:09:00,820,820,820,820,0
2022-07-29 11:10:00,820,820,820,820,0
2022-07-29 11:11:00,820,820,820,820,0
2022-07-29 11:12:00,820,820,820,820,0
2022-07-29 11:13:00,820,820,820,820,0
2022-07-29 11:14:00,820,820,820,820,0
2022-07-29 11:15:00,820,820,820,820,0
2022-07-29 11:16:00,820,820,820,820,0
2022-07-29 11:17:00,820,820,820,820,0
2022-07-29 11:18:00,810,810,810,810,22000
2022-07-29 11:19:00,810,810,810,810,0
2022-07-29 11:20:00,810,810,810,810,0
2022-07-29 11:21:00,810,810,810,810,0
2022-07-29 11:22:00,810,810,810,810,0
2022-07-29 11:23:00,810,810,810,810,0
2022-07-29 11:24:00,810,810,810,810,0
2022-07-29 11:25:00,810,810,810,810,0
2022-07-29 11:26:00,810,810,810,810,0
2022-07-29 11:27:00,810,810,810,810,0
2022-07-29 11:28:00,810,810,810,810,0
2022-07-29 11:29:00,810,810,810,810,0
2022-07-29 11:30:00,810,810,810,810,0
2022-07-29 11:31:00,810,810,810,810,0
2022-07-29 11:32:00,810,810,810,810,0
2022-07-29 11:33:00,810,810,810,810,0
2022-07-29 11:34:00,810,810,810,810,0
2022-07-29 11:35:00,810,810,810,810,0
2022-07-29 11:36:00,810,810,810,810,0
2022-07-29 11:37:00,810,810,810,810,0
2022-07-29 11:38:00,810,810,810,810,0
2022-07-29 11:39:00,810,810,810,810,0
2022-07-29 11:40:00,810,810,810,810,0
2022-07-29 11:41:00,810,810,810,810,0
2022-07-29 11:42:00,810,810,810,810,0
2022-07-29 11:43:00,810,810,810,810,0
2022-07-29 11:44:00,810,810,810,810,0
2022-07-29 11:45:00,810,810,810,810,0
2022-07-29 11:46:00,810,810,810,810,0
2022-07-29 11:47:00,810,810,810,810,0
2022-07-29 11:48:00,810,810,810,810,0
2022-07-29 11:49:00,810,810,810,810,0
2022-07-29 11:50:00,810,810,810,810,0
2022-07-29 11:51:00,810,810,810,810,0
2022-07-29 11:52:00,810,810,810,810,0
2022-07-29 11:53:00,810,810,810,810,0
2022-07-29 11:54:00,810,810,810,810,0
2022-07-29 11:55:00,810,810,810,810,0
2022-07-29 11:56:00,810,810,810,810,0
2022-07-29 11:57:00,810,810,810,810,0
2022-07-29 11:58:00,810,810,810,810,0
2022-07-29 11:59:00,810,810,810,810,0
2022-07-29 12:00:00,810,810,810,810,0
2022-07-29 12:01:00,810,810,810,810,0
2022-07-29 12:02:00,810,810,810,810,0
2022-07-29 12:03:00,810,810,810,810,0
2022-07-29 12:04:00,810,810,810,810,0
2022-07-29 12:05:00,810,810,810,810,0
2022-07-29 12:06:00,810,810,810,810,0
2022-07-29 12:07:00,810,810,810,810,0
2022-07-29 12:08:00,810,810,810,810,0
2022-07-29 12:09:00,810,810,810,810,0
2022-07-29 12:10:00,810,810,810,810,0
2022-07-29 12:11:00,810,810,810,810,0
2022-07-29 12:12:00,810,810,810,810,0
2022-07-29 12:13:00,810,810,810,810,0
2022-07-29 12:14:00,810,810,810,810,0
2022-07-29 12:15:00,810,810,810,810,0
2022-07-29 12:16:00,810,810,810,810,0
2022-07-29 12:17:00,810,810,810,810,0
2022-07-29 12:18:00,810,810,810,810,0
2022-07-29 12:19:00,810,810,810,810,0
2022-07-29 12:20:00,810,810,810,810,0
2022-07-29 12:21:00,810,810,810,810,0
2022-07-29 12:22:00,810,810,810,810,0
2022-07-29 12:23:00,810,810,810,810,0
2022-07-29 12:24:00,810,810,810,810,0
2022-07-29 12:25:00,810,810,810,810,0
2022-07-29 12:26:00,810,810,810,810,0
2022-07-29 12:27:00,810,810,810,810,0
2022-07-29 12:28:00,810,810,810,810,0
2022-07-29 12:29:00,810,810,810,810,0
2022-07-29 12:30:00,810,810,810,810,0
2022-07-29 12:31:00,810,810,810,810,0
2022-07-29 12:32:00,810,810,810,810,0
2022-07-29 12:33:00,810,810,810,810,0
2022-07-29 12:34:00,810,810,810,810,0
2022-07-29 12:35:00,810,810,810,810,0
2022-07-29 12:36:00,810,810,810,810,0
2022-07-29 12:37:00,810,810,810,810,0
2022-07-29 12:38:00,810,810,810,810,0
2022-07-29 12:39:00,810,810,810,810,0
2022-07-29 12:40:00,810,810,810,810,0
2022-07-29 12:41:00,810,810,810,810,0
2022-07-29 12:42:00,810,810,810,810,0
2022-07-29 12:43:00,810,810,810,810,0
2022-07-29 12:44:00,810,810,810,810,0
2022-07-29 12:45:00,810,810,810,810,0
2022-07-29 12:46:00,810,810,810,810,0
2022-07-29 12:47:00,810,810,810,810,0
2022-07-29 12:48:00,810,810,810,810,0
2022-07-29 12:49:00,810,810,810,810,0
2022-07-29 12:50:00,810,810,810,810,0
2022-07-29 12:51:00,810,810,810,810,0
2022-07-29 12:52:00,810,810,810,810,0
2022-07-29 12:53:00,810,810,810,810,0
2022-07-29 12:54:00,810,810,810,810,0
2022-07-29 12:55:00,810,810,810,810,0
2022-07-29 12:56:00,810,810,810,810,0
2022-07-29 12:57:00,810,810,810,810,0
2022-07-29 12:58:00,810,810,810,810,0
2022-07-29 12:59:00,810,810,810,810,0
2022-07-29 13:00:00,810,810,810,810,0
2022-07-29 13:01:00,810,810,810,810,0
2022-07-29 13:02:00,810,810,810,810,0
2022-07-29 13:03:00,810,810,810,810,0
2022-07-29 13:04:00,810,810,810,810,0
2022-07-29 13:05:00,810,810,810,810,0
2022-07-29 13:06:00,810,810,810,810,0
2022-07-29 13:07:00,810,810,810,810,0
2022-07-29 13:08:00,810,810,810,810,0
2022-07-29 13:09:00,810,810,810,810,0
2022-07-29 13:10:00,810,810,810,810,0
2022-07-29 13:11:00,810,810,810,810,0
2022-07-29 13:12:00,810,810,810,810,0
2022-07-29 13:13:00,810,810,810,810,0
2022-07-29 13:14:00,810,810,810,810,0
2022-07-29 13:15:00,810,810,810,810,0
2022-07-29 13:16:00,810,810,810,810,0
2022-07-29 13:17:00,810,810,810,810,0
2022-07-29 13:18:00,810,810,810,810,0
2022-07-29 13:19:00,810,810,810,810,0
2022-07-29 13:20:00,810,810,810,810,0
2022-07-29 13:21:00,810,810,810,810,0
2022-07-29 13:22:00,810,810,810,810,0
2022-07-29 13:23:00,810,810,810,810,0
2022-07-29 13:24:00,810,810,810,810,0
2022-07-29 13:25:00,810,810,810,810,0
2022-07-29 13:26:00,810,810,810,810,0
2022-07-29 13:27:00,810,810,810,810,0
2022-07-29 13:28:00,810,810,810,810,0
2022-07-29 13:29:00,810,810,810,810,0
2022-07-29 13:30:00,810,810,810,810,0
2022-07-29 13:31:00,810,810,810,810,0
2022-07-29 13:32:00,810,810,810,810,0
2022-07-29 13:33:00,810,810,810,810,14000
2022-07-29 13:34:00,810,810,810,810,5000
2022-07-29 13:35:00,810,810,810,810,0
2022-07-29 13:36:00,810,805,810,805,150400
2022-07-29 13:37:00,815,815,825,825,0
2022-07-29 13:38:00,815,815,825,825,0
2022-07-29 13:39:00,815,815,825,825,0
2022-07-29 13:40:00,815,815,825,825,0
2022-07-29 13:41:00,815,815,825,825,0
2022-07-29 13:42:00,815,815,825,825,0
2022-07-29 13:43:00,815,815,825,825,0
2022-07-29 13:44:00,815,815,825,825,0
2022-07-29 13:45:00,815,815,825,825,0
2022-07-29 13:46:00,815,815,825,825,0
2022-07-29 13:47:00,815,815,825,825,0
2022-07-29 13:48:00,815,815,825,825,0
2022-07-29 13:49:00,815,815,825,825,0
2022-07-29 13:50:00,815,815,825,825,0
2022-07-29 13:51:00,815,815,825,825,0
2022-07-29 13:52:00,815,815,825,825,0
2022-07-29 13:53:00,815,815,825,825,0
2022-07-29 13:54:00,815,815,825,825,0
2022-07-29 13:55:00,815,815,825,825,0
2022-07-29 13:56:00,815,815,825,825,0
2022-07-29 13:57:00,815,815,825,825,0
2022-07-29 13:58:00,815,815,825,825,0
2022-07-29 13:59:00,815,815,825,825,0
2022-07-29 14:00:00,810,810,810,810,400
2022-07-29 14:01:00,810,810,810,810,0
2022-07-29 14:02:00,810,810,810,810,0
2022-07-29 14:03:00,810,810,810,810,0
2022-07-29 14:04:00,810,810,810,810,0
2022-07-29 14:05:00,810,810,810,810,0
2022-07-29 14:06:00,810,810,810,810,25000
2022-07-29 14:07:00,825,825,825,825,0
2022-07-29 14:08:00,825,825,825,825,0
2022-07-29 14:09:00,825,825,825,825,0
2022-07-29 14:10:00,825,825,825,825,0
2022-07-29 14:11:00,825,825,825,825,0
2022-07-29 14:12:00,820,820,820,820,2400
2022-07-29 14:13:00,820,820,820,820,0
2022-07-29 14:14:00,820,820,820,820,0
2022-07-29 14:15:00,820,820,820,820,0
2022-07-29 14:16:00,820,820,820,820,0
2022-07-29 14:17:00,820,820,820,820,0
2022-07-29 14:18:00,820,820,820,820,0
2022-07-29 14:19:00,810,810,810,810,6900
2022-07-29 14:20:00,810,810,810,810,0
2022-07-29 14:21:00,810,810,810,810,0
2022-07-29 14:22:00,810,810,810,810,0
2022-07-29 14:23:00,810,810,810,810,10100
2022-07-29 14:24:00,810,810,810,810,0
2022-07-29 14:25:00,810,810,810,810,0
2022-07-29 14:26:00,810,810,810,810,0
2022-07-29 14:27:00,810,810,810,810,0
2022-07-29 14:28:00,810,810,810,810,0
2022-07-29 14:29:00,810,810,810,810,200
2022-07-29 14:30:00,810,810,810,810,0
2022-07-29 14:31:00,810,810,810,810,0
2022-07-29 14:32:00,810,810,810,810,0
2022-07-29 14:33:00,810,810,810,810,0
2022-07-29 14:34:00,810,810,810,810,0
2022-07-29 14:35:00,810,810,810,810,0
2022-07-29 14:36:00,810,810,810,810,0
2022-07-29 14:37:00,810,810,810,810,0
2022-07-29 14:38:00,810,810,810,810,1900
2022-07-29 14:39:00,810,810,810,810,0
2022-07-29 14:40:00,805,805,810,810,18000
2022-07-29 14:41:00,805,805,810,810,0
2022-07-29 14:42:00,805,805,810,810,0
2022-07-29 14:43:00,805,805,805,805,68200
2022-07-29 14:44:00,805,805,805,805,0
2022-07-29 14:45:00,810,810,810,810,0
2022-07-29 14:46:00,810,810,810,810,0
2022-07-29 14:47:00,810,810,810,810,0
2022-07-29 14:48:00,810,810,810,810,0
2022-07-29 14:49:00,810,810,810,810,0
2022-07-29 14:50:00,810,810,810,810,0
2022-07-29 14:51:00,810,810,810,810,0
2022-07-29 14:52:00,810,810,810,810,0
2022-07-29 14:53:00,810,810,810,810,0
2022-07-29 14:54:00,810,810,810,810,0
2022-07-29 14:55:00,810,810,810,810,0
2022-07-29 14:56:00,810,810,810,810,0
2022-07-29 14:57:00,810,810,810,810,0
2022-07-29 14:58:00,810,810,810,810,0
2022-07-29 14:59:00,810,810,810,810,0
2022-07-29 15:00:00,810,810,810,810,8000
2022-07-29 15:01:00,810,810,810,810,0
2022-07-29 15:02:00,810,810,810,810,0
2022-07-29 15:03:00,810,810,810,810,0
2022-07-29 15:04:00,810,810,810,810,0
2022-07-29 15:05:00,810,810,810,810,0
2022-07-29 15:06:00,810,810,810,810,0
2022-07-29 15:07:00,810,810,810,810,0
2022-07-29 15:08:00,810,810,810,810,0
2022-07-29 15:09:00,810,810,810,810,0
2022-07-29 15:10:00,810,810,810,810,0
2022-07-29 15:11:00,810,810,810,810,0
2022-07-29 15:12:00,810,810,810,810,0
2022-07-29 15:13:00,810,810,810,810,0
2022-07-29 15:14:00,810,810,810,810,0
2022-07-29 15:15:00,810,810,810,810,0
2022-07-29 15:16:00,810,810,810,810,0
2022-07-29 15:17:00,810,810,810,810,0
2022-07-29 15:18:00,810,810,810,810,0
2022-07-29 15:19:00,810,810,810,810,0
2022-07-29 15:20:00,810,810,810,810,0
2022-07-29 15:21:00,810,810,810,810,0
2022-07-29 15:22:00,810,810,810,810,0
2022-07-29 15:23:00,810,810,810,810,0
2022-07-29 15:24:00,810,810,810,810,0
2022-07-29 15:25:00,810,810,810,810,0
2022-07-29 15:26:00,810,810,810,810,0
2022-07-29 15:27:00,810,810,810,810,0
2022-07-29 15:28:00,810,810,810,810,0
2022-07-29 15:29:00,810,810,810,810,0
2022-07-29 15:30:00,810,810,810,810,0
2022-07-29 15:31:00,810,810,810,810,0
2022-07-29 15:32:00,810,810,810,810,0
2022-07-29 15:33:00,810,810,810,810,0
2022-07-29 15:34:00,810,810,810,810,0
2022-07-29 15:35:00,810,810,810,810,0
2022-07-29 15:36:00,810,810,810,810,0
2022-07-29 15:37:00,810,810,810,810,0
2022-07-29 15:38:00,810,810,810,810,0
2022-07-29 15:39:00,810,810,810,810,0
2022-07-29 15:40:00,810,810,810,810,0
2022-07-29 15:41:00,810,810,810,810,0
2022-07-29 15:42:00,810,810,810,810,0
2022-07-29 15:43:00,810,810,810,810,0
2022-07-29 15:44:00,810,810,810,810,0
2022-07-29 15:45:00,810,810,810,810,0
2022-07-29 15:46:00,810,810,810,810,0
2022-07-29 15:47:00,810,810,810,810,0
2022-07-29 15:48:00,810,810,810,810,0
2022-07-29 15:49:00,810,810,810,810,0
2022-07-29 15:50:00,810,810,810,810,0
2022-07-29 15:51:00,810,810,810,810,0
2022-07-29 15:52:00,810,810,810,810,0
2022-07-29 15:53:00,810,810,810,810,0
2022-07-29 15:54:00,810,810,810,810,0
2022-07-29 15:55:00,810,810,810,810,0
2022-07-29 15:56:00,810,810,810,810,0
2022-07-29 15:57:00,810,810,810,810,0
2022-07-29 15:58:00,810,810,810,810,0
2022-07-29 15:59:00,810,810,810,810,0
2022-08-01 09:00:00,800,800,800,800,0
2022-08-01 09:01:00,800,800,800,800,18500
2022-08-01 09:02:00,800,800,800,800,19900
2022-08-01 09:03:00,800,800,800,800,3600
2022-08-01 09:04:00,800,800,800,800,0
2022-08-01 09:05:00,800,800,800,800,0
2022-08-01 09:06:00,800,800,800,800,9300
2022-08-01 09:07:00,795,790,795,790,15900
2022-08-01 09:08:00,795,795,795,795,2000
2022-08-01 09:09:00,795,795,795,795,0
2022-08-01 09:10:00,795,795,795,795,0
2022-08-01 09:11:00,795,795,795,795,0
2022-08-01 09:12:00,795,795,795,795,0
2022-08-01 09:13:00,795,795,795,795,0
2022-08-01 09:14:00,795,795,795,795,0
2022-08-01 09:15:00,800,800,800,800,6200
2022-08-01 09:16:00,800,800,800,800,0
2022-08-01 09:17:00,800,800,800,800,0
2022-08-01 09:18:00,800,800,800,800,0
2022-08-01 09:19:00,810,810,810,810,2100
2022-08-01 09:20:00,810,795,810,795,64800
2022-08-01 09:21:00,810,795,810,795,0
2022-08-01 09:22:00,810,795,810,795,0
2022-08-01 09:23:00,810,795,810,795,0
2022-08-01 09:24:00,810,795,810,795,0
2022-08-01 09:25:00,810,795,810,795,0
2022-08-01 09:26:00,810,795,810,795,0
2022-08-01 09:27:00,810,795,810,795,0
2022-08-01 09:28:00,810,795,810,795,0
2022-08-01 09:29:00,810,795,810,795,0
2022-08-01 09:30:00,810,800,810,800,35900
2022-08-01 09:31:00,810,800,810,800,0
2022-08-01 09:32:00,810,800,810,800,0
2022-08-01 09:33:00,810,800,810,800,0
2022-08-01 09:34:00,810,800,810,800,0
2022-08-01 09:35:00,810,800,810,800,0
2022-08-01 09:36:00,800,800,800,800,0
2022-08-01 09:37:00,800,800,800,800,0
2022-08-01 09:38:00,800,800,800,800,0
2022-08-01 09:39:00,800,800,800,800,0
2022-08-01 09:40:00,800,800,800,800,0
2022-08-01 09:41:00,810,805,810,805,300
2022-08-01 09:42:00,810,810,810,810,100
2022-08-01 09:43:00,810,810,810,810,0
2022-08-01 09:44:00,810,810,810,810,0
2022-08-01 09:45:00,810,810,810,810,0
2022-08-01 09:46:00,810,810,810,810,0
2022-08-01 09:47:00,810,810,810,810,0
2022-08-01 09:48:00,810,810,810,810,0
2022-08-01 09:49:00,810,810,810,810,0
2022-08-01 09:50:00,810,810,810,810,0
2022-08-01 09:51:00,810,810,810,810,0
2022-08-01 09:52:00,810,810,810,810,0
2022-08-01 09:53:00,810,810,810,810,0
2022-08-01 09:54:00,810,810,810,810,0
2022-08-01 09:55:00,810,810,810,810,0
2022-08-01 09:56:00,810,810,810,810,0
2022-08-01 09:57:00,810,810,810,810,0
2022-08-01 09:58:00,810,810,810,810,0
2022-08-01 09:59:00,810,810,810,810,0
2022-08-01 10:00:00,810,810,810,810,0
2022-08-01 10:01:00,810,810,810,810,0
2022-08-01 10:02:00,810,810,810,810,0
2022-08-01 10:03:00,810,810,810,810,0
2022-08-01 10:04:00,810,810,810,810,0
2022-08-01 10:05:00,810,810,810,810,0
2022-08-01 10:06:00,810,810,810,810,0
2022-08-01 10:07:00,810,810,810,810,0
2022-08-01 10:08:00,810,810,810,810,0
2022-08-01 10:09:00,810,810,810,810,0
2022-08-01 10:10:00,810,810,810,810,0
2022-08-01 10:11:00,810,810,810,810,100
2022-08-01 10:12:00,810,810,810,810,0
2022-08-01 10:13:00,810,810,810,810,0
2022-08-01 10:14:00,810,810,810,810,3900
2022-08-01 10:15:00,810,810,820,820,3600
2022-08-01 10:16:00,810,810,820,820,0
2022-08-01 10:17:00,810,810,820,820,0
2022-08-01 10:18:00,810,810,820,820,0
2022-08-01 10:19:00,815,815,815,815,1900
2022-08-01 10:20:00,815,815,815,815,0
2022-08-01 10:21:00,815,815,815,815,0
2022-08-01 10:22:00,815,815,815,815,0
2022-08-01 10:23:00,810,810,810,810,2300
2022-08-01 10:24:00,810,810,810,810,0
2022-08-01 10:25:00,805,805,805,805,100
2022-08-01 10:26:00,805,805,805,805,0
2022-08-01 10:27:00,805,805,805,805,0
2022-08-01 10:28:00,805,805,805,805,0
2022-08-01 10:29:00,805,805,805,805,0
2022-08-01 10:30:00,810,810,810,810,100
2022-08-01 10:31:00,810,810,810,810,0
2022-08-01 10:32:00,810,810,810,810,0
2022-08-01 10:33:00,810,810,810,810,0
2022-08-01 10:34:00,810,810,810,810,0
2022-08-01 10:35:00,810,810,810,810,0
2022-08-01 10:36:00,810,810,810,810,0
2022-08-01 10:37:00,810,810,810,810,0
2022-08-01 10:38:00,810,810,810,810,0
2022-08-01 10:39:00,810,810,810,810,0
2022-08-01 10:40:00,810,810,810,810,0
2022-08-01 10:41:00,810,810,810,810,400
2022-08-01 10:42:00,810,810,810,810,0
2022-08-01 10:43:00,810,810,810,810,0
2022-08-01 10:44:00,810,810,810,810,0
2022-08-01 10:45:00,810,810,810,810,0
2022-08-01 10:46:00,810,810,810,810,0
2022-08-01 10:47:00,810,810,810,810,6100
2022-08-01 10:48:00,810,810,810,810,0
2022-08-01 10:49:00,810,810,810,810,0
2022-08-01 10:50:00,810,810,810,810,0
2022-08-01 10:51:00,810,810,810,810,0
2022-08-01 10:52:00,810,810,810,810,0
2022-08-01 10:53:00,810,810,810,810,0
2022-08-01 10:54:00,810,810,810,810,0
2022-08-01 10:55:00,810,810,810,810,0
2022-08-01 10:56:00,810,810,810,810,0
2022-08-01 10:57:00,810,810,810,810,0
2022-08-01 10:58:00,810,810,810,810,0
2022-08-01 10:59:00,810,810,810,810,0
2022-08-01 11:00:00,810,810,810,810,0
2022-08-01 11:01:00,805,805,805,805,8300
2022-08-01 11:02:00,805,805,805,805,0
2022-08-01 11:03:00,805,805,805,805,0
2022-08-01 11:04:00,805,805,805,805,0
2022-08-01 11:05:00,805,805,805,805,0
2022-08-01 11:06:00,805,805,805,805,0
2022-08-01 11:07:00,805,805,805,805,0
2022-08-01 11:08:00,805,805,805,805,0
2022-08-01 11:09:00,805,805,805,805,21200
2022-08-01 11:10:00,800,800,800,800,78300
2022-08-01 11:11:00,800,800,800,800,6400
2022-08-01 11:12:00,800,800,800,800,0
2022-08-01 11:13:00,805,805,805,805,0
2022-08-01 11:14:00,805,805,805,805,0
2022-08-01 11:15:00,805,805,805,805,0
2022-08-01 11:16:00,805,805,805,805,0
2022-08-01 11:17:00,805,805,805,805,0
2022-08-01 11:18:00,805,805,805,805,0
2022-08-01 11:19:00,805,805,805,805,100
2022-08-01 11:20:00,805,805,805,805,0
2022-08-01 11:21:00,805,805,805,805,0
2022-08-01 11:22:00,805,805,805,805,0
2022-08-01 11:23:00,800,800,800,800,12900
2022-08-01 11:24:00,800,800,800,800,0
2022-08-01 11:25:00,800,800,800,800,0
2022-08-01 11:26:00,805,805,805,805,600
2022-08-01 11:27:00,805,805,805,805,0
2022-08-01 11:28:00,805,805,805,805,0
2022-08-01 11:29:00,805,805,805,805,0
2022-08-01 11:30:00,805,805,805,805,0
2022-08-01 11:31:00,805,805,805,805,0
2022-08-01 11:32:00,805,805,805,805,0
2022-08-01 11:33:00,805,805,805,805,0
2022-08-01 11:34:00,805,805,805,805,0
2022-08-01 11:35:00,805,805,805,805,0
2022-08-01 11:36:00,805,805,805,805,0
2022-08-01 11:37:00,805,805,805,805,0
2022-08-01 11:38:00,805,805,805,805,0
2022-08-01 11:39:00,805,805,805,805,0
2022-08-01 11:40:00,805,805,805,805,0
2022-08-01 11:41:00,805,805,805,805,0
2022-08-01 11:42:00,805,805,805,805,0
2022-08-01 11:43:00,805,805,805,805,0
2022-08-01 11:44:00,805,805,805,805,0
2022-08-01 11:45:00,805,805,805,805,0
2022-08-01 11:46:00,805,805,805,805,0
2022-08-01 11:47:00,805,805,805,805,0
2022-08-01 11:48:00,805,805,805,805,0
2022-08-01 11:49:00,805,805,805,805,0
2022-08-01 11:50:00,805,805,805,805,0
2022-08-01 11:51:00,805,805,805,805,0
2022-08-01 11:52:00,805,805,805,805,0
2022-08-01 11:53:00,805,805,805,805,0
2022-08-01 11:54:00,805,805,805,805,0
2022-08-01 11:55:00,805,805,805,805,0
2022-08-01 11:56:00,805,805,805,805,0
2022-08-01 11:57:00,805,805,805,805,0
2022-08-01 11:58:00,805,805,805,805,0
2022-08-01 11:59:00,805,805,805,805,0
2022-08-01 12:00:00,805,805,805,805,0
2022-08-01 12:01:00,805,805,805,805,0
2022-08-01 12:02:00,805,805,805,805,0
2022-08-01 12:03:00,805,805,805,805,0
2022-08-01 12:04:00,805,805,805,805,0
2022-08-01 12:05:00,805,805,805,805,0
2022-08-01 12:06:00,805,805,805,805,0
2022-08-01 12:07:00,805,805,805,805,0
2022-08-01 12:08:00,805,805,805,805,0
2022-08-01 12:09:00,805,805,805,805,0
2022-08-01 12:10:00,805,805,805,805,0
2022-08-01 12:11:00,805,805,805,805,0
2022-08-01 12:12:00,805,805,805,805,0
2022-08-01 12:13:00,805,805,805,805,0
2022-08-01 12:14:00,805,805,805,805,0
2022-08-01 12:15:00,805,805,805,805,0
2022-08-01 12:16:00,805,805,805,805,0
2022-08-01 12:17:00,805,805,805,805,0
2022-08-01 12:18:00,805,805,805,805,0
2022-08-01 12:19:00,805,805,805,805,0
2022-08-01 12:20:00,805,805,805,805,0
2022-08-01 12:21:00,805,805,805,805,0
2022-08-01 12:22:00,805,805,805,805,0
2022-08-01 12:23:00,805,805,805,805,0
2022-08-01 12:24:00,805,805,805,805,0
2022-08-01 12:25:00,805,805,805,805,0
2022-08-01 12:26:00,805,805,805,805,0
2022-08-01 12:27:00,805,805,805,805,0
2022-08-01 12:28:00,805,805,805,805,0
2022-08-01 12:29:00,805,805,805,805,0
2022-08-01 12:30:00,805,805,805,805,0
2022-08-01 12:31:00,805,805,805,805,0
2022-08-01 12:32:00,805,805,805,805,0
2022-08-01 12:33:00,805,805,805,805,0
2022-08-01 12:34:00,805,805,805,805,0
2022-08-01 12:35:00,805,805,805,805,0
2022-08-01 12:36:00,805,805,805,805,0
2022-08-01 12:37:00,805,805,805,805,0
2022-08-01 12:38:00,805,805,805,805,0
2022-08-01 12:39:00,805,805,805,805,0
2022-08-01 12:40:00,805,805,805,805,0
2022-08-01 12:41:00,805,805,805,805,0
2022-08-01 12:42:00,805,805,805,805,0
2022-08-01 12:43:00,805,805,805,805,0
2022-08-01 12:44:00,805,805,805,805,0
2022-08-01 12:45:00,805,805,805,805,0
2022-08-01 12:46:00,805,805,805,805,0
2022-08-01 12:47:00,805,805,805,805,0
2022-08-01 12:48:00,805,805,805,805,0
2022-08-01 12:49:00,805,805,805,805,0
2022-08-01 12:50:00,805,805,805,805,0
2022-08-01 12:51:00,805,805,805,805,0
2022-08-01 12:52:00,805,805,805,805,0
2022-08-01 12:53:00,805,805,805,805,0
2022-08-01 12:54:00,805,805,805,805,0
2022-08-01 12:55:00,805,805,805,805,0
2022-08-01 12:56:00,805,805,805,805,0
2022-08-01 12:57:00,805,805,805,805,0
2022-08-01 12:58:00,805,805,805,805,0
2022-08-01 12:59:00,805,805,805,805,0
2022-08-01 13:00:00,805,805,805,805,0
2022-08-01 13:01:00,805,805,805,805,0
2022-08-01 13:02:00,805,805,805,805,0
2022-08-01 13:03:00,805,805,805,805,0
2022-08-01 13:04:00,805,805,805,805,0
2022-08-01 13:05:00,805,805,805,805,0
2022-08-01 13:06:00,805,805,805,805,0
2022-08-01 13:07:00,805,805,805,805,0
2022-08-01 13:08:00,805,805,805,805,0
2022-08-01 13:09:00,805,805,805,805,0
2022-08-01 13:10:00,805,805,805,805,0
2022-08-01 13:11:00,805,805,805,805,0
2022-08-01 13:12:00,805,805,805,805,0
2022-08-01 13:13:00,805,805,805,805,0
2022-08-01 13:14:00,805,805,805,805,0
2022-08-01 13:15:00,805,805,805,805,0
2022-08-01 13:16:00,805,805,805,805,0
2022-08-01 13:17:00,805,805,805,805,0
2022-08-01 13:18:00,805,805,805,805,0
2022-08-01 13:19:00,805,805,805,805,0
2022-08-01 13:20:00,805,805,805,805,0
2022-08-01 13:21:00,805,805,805,805,0
2022-08-01 13:22:00,805,805,805,805,0
2022-08-01 13:23:00,805,805,805,805,0
2022-08-01 13:24:00,805,805,805,805,0
2022-08-01 13:25:00,805,805,805,805,0
2022-08-01 13:26:00,805,805,805,805,0
2022-08-01 13:27:00,805,805,805,805,0
2022-08-01 13:28:00,805,805,805,805,0
2022-08-01 13:29:00,805,805,805,805,0
2022-08-01 13:30:00,805,805,805,805,13500
2022-08-01 13:31:00,805,805,805,805,100
2022-08-01 13:32:00,805,805,805,805,0
2022-08-01 13:33:00,805,805,805,805,19800
2022-08-01 13:34:00,805,805,805,805,0
2022-08-01 13:35:00,805,805,805,805,0
2022-08-01 13:36:00,805,805,805,805,0
2022-08-01 13:37:00,805,805,805,805,0
2022-08-01 13:38:00,805,805,805,805,0
2022-08-01 13:39:00,805,805,805,805,0
2022-08-01 13:40:00,805,805,805,805,0
2022-08-01 13:41:00,805,805,805,805,0
2022-08-01 13:42:00,805,805,805,805,0
2022-08-01 13:43:00,805,805,805,805,0
2022-08-01 13:44:00,805,805,805,805,0
2022-08-01 13:45:00,805,805,805,805,0
2022-08-01 13:46:00,800,800,800,800,6600
2022-08-01 13:47:00,800,800,800,800,0
2022-08-01 13:48:00,800,800,800,800,13500
2022-08-01 13:49:00,800,800,800,800,0
2022-08-01 13:50:00,800,800,800,800,0
2022-08-01 13:51:00,800,800,800,800,13200
2022-08-01 13:52:00,800,800,800,800,0
2022-08-01 13:53:00,800,800,800,800,0
2022-08-01 13:54:00,800,800,800,800,0
2022-08-01 13:55:00,800,800,800,800,0
2022-08-01 13:56:00,800,800,800,800,0
2022-08-01 13:57:00,800,800,800,800,0
2022-08-01 13:58:00,800,800,800,800,60000
2022-08-01 13:59:00,800,800,800,800,0
2022-08-01 14:00:00,800,800,800,800,0
2022-08-01 14:01:00,800,800,800,800,8900
2022-08-01 14:02:00,800,800,800,800,0
2022-08-01 14:03:00,800,800,800,800,0
2022-08-01 14:04:00,800,800,800,800,2900
2022-08-01 14:05:00,800,800,800,800,0
2022-08-01 14:06:00,800,800,800,800,0
2022-08-01 14:07:00,800,800,800,800,0
2022-08-01 14:08:00,800,800,800,800,0
2022-08-01 14:09:00,800,800,800,800,0
2022-08-01 14:10:00,800,800,800,800,0
2022-08-01 14:11:00,800,800,800,800,10000
2022-08-01 14:12:00,800,800,800,800,0
2022-08-01 14:13:00,800,800,800,800,0
2022-08-01 14:14:00,795,795,795,795,0
2022-08-01 14:15:00,795,795,795,795,6000
2022-08-01 14:16:00,795,795,795,795,0
2022-08-01 14:17:00,795,795,795,795,0
2022-08-01 14:18:00,795,795,795,795,0
2022-08-01 14:19:00,800,795,800,795,29600
2022-08-01 14:20:00,795,795,800,800,700
2022-08-01 14:21:00,800,800,800,800,0
2022-08-01 14:22:00,800,800,800,800,0
2022-08-01 14:23:00,800,800,800,800,0
2022-08-01 14:24:00,800,800,800,800,300
2022-08-01 14:25:00,800,800,800,800,0
2022-08-01 14:26:00,800,800,800,800,0
2022-08-01 14:27:00,800,800,800,800,0
2022-08-01 14:28:00,800,800,800,800,0
2022-08-01 14:29:00,800,800,800,800,0
2022-08-01 14:30:00,800,800,800,800,0
2022-08-01 14:31:00,800,800,800,800,0
2022-08-01 14:32:00,800,800,800,800,0
2022-08-01 14:33:00,800,800,800,800,0
2022-08-01 14:34:00,795,795,795,795,284600
2022-08-01 14:35:00,795,795,795,795,0
2022-08-01 14:36:00,795,795,795,795,0
2022-08-01 14:37:00,800,800,800,800,1900
2022-08-01 14:38:00,795,795,795,795,0
2022-08-01 14:39:00,795,795,795,795,0
2022-08-01 14:40:00,795,795,795,795,200
2022-08-01 14:41:00,795,795,795,795,0
2022-08-01 14:42:00,795,795,795,795,0
2022-08-01 14:43:00,795,795,795,795,0
2022-08-01 14:44:00,800,800,800,800,29900
2022-08-01 14:45:00,800,800,800,800,0
2022-08-01 14:46:00,800,800,800,800,0
2022-08-01 14:47:00,800,800,800,800,0
2022-08-01 14:48:00,800,800,800,800,0
2022-08-01 14:49:00,800,800,800,800,0
2022-08-01 14:50:00,800,800,800,800,0
2022-08-01 14:51:00,800,800,800,800,0
2022-08-01 14:52:00,800,800,800,800,0
2022-08-01 14:53:00,800,800,800,800,0
2022-08-01 14:54:00,800,800,800,800,0
2022-08-01 14:55:00,800,800,800,800,0
2022-08-01 14:56:00,800,800,800,800,0
2022-08-01 14:57:00,800,800,800,800,0
2022-08-01 14:58:00,800,800,800,800,0
2022-08-01 14:59:00,800,800,800,800,0
2022-08-01 15:00:00,800,800,800,800,12200
2022-08-01 15:01:00,800,800,800,800,0
2022-08-01 15:02:00,800,800,800,800,0
2022-08-01 15:03:00,800,800,800,800,0
2022-08-01 15:04:00,800,800,800,800,0
2022-08-01 15:05:00,800,800,800,800,0
2022-08-01 15:06:00,800,800,800,800,1200
2022-08-01 15:07:00,800,800,800,800,0
2022-08-01 15:08:00,800,800,800,800,0
2022-08-01 15:09:00,800,800,800,800,100
2022-08-01 15:10:00,800,800,800,800,0
2022-08-01 15:11:00,800,800,800,800,0
2022-08-01 15:12:00,800,800,800,800,0
2022-08-01 15:13:00,800,800,800,800,0
2022-08-01 15:14:00,800,800,800,800,0
2022-08-01 15:15:00,800,800,800,800,0
2022-08-01 15:16:00,800,800,800,800,0
2022-08-01 15:17:00,800,800,800,800,0
2022-08-01 15:18:00,800,800,800,800,0
2022-08-01 15:19:00,800,800,800,800,0
2022-08-01 15:20:00,800,800,800,800,0
2022-08-01 15:21:00,800,800,800,800,0
2022-08-01 15:22:00,800,800,800,800,0
2022-08-01 15:23:00,800,800,800,800,0
2022-08-01 15:24:00,800,800,800,800,0
2022-08-01 15:25:00,800,800,800,800,0
2022-08-01 15:26:00,800,800,800,800,0
2022-08-01 15:27:00,800,800,800,800,0
2022-08-01 15:28:00,800,800,800,800,0
2022-08-01 15:29:00,800,800,800,800,0
2022-08-01 15:30:00,800,800,800,800,0
2022-08-01 15:31:00,800,800,800,800,0
2022-08-01 15:32:00,800,800,800,800,0
2022-08-01 15:33:00,800,800,800,800,0
2022-08-01 15:34:00,800,800,800,800,0
2022-08-01 15:35:00,800,800,800,800,0
2022-08-01 15:36:00,800,800,800,800,0
2022-08-01 15:37:00,800,800,800,800,0
2022-08-01 15:38:00,800,800,800,800,0
2022-08-01 15:39:00,800,800,800,800,0
2022-08-01 15:40:00,800,800,800,800,0
2022-08-01 15:41:00,800,800,800,800,0
2022-08-01 15:42:00,800,800,800,800,0
2022-08-01 15:43:00,800,800,800,800,0
2022-08-01 15:44:00,800,800,800,800,0
2022-08-01 15:45:00,800,800,800,800,0
2022-08-01 15:46:00,800,800,800,800,0
2022-08-01 15:47:00,800,800,800,800,0
2022-08-01 15:48:00,800,800,800,800,0
2022-08-01 15:49:00,800,800,800,800,0
2022-08-01 15:50:00,800,800,800,800,0
2022-08-01 15:51:00,800,800,800,800,0
2022-08-01 15:52:00,800,800,800,800,0
2022-08-01 15:53:00,800,800,800,800,0
2022-08-01 15:54:00,800,800,800,800,0
2022-08-01 15:55:00,800,800,800,800,0
2022-08-01 15:56:00,800,800,800,800,0
2022-08-01 15:57:00,800,800,800,800,0
2022-08-01 15:58:00,800,800,800,800,0
2022-08-01 15:59:00,800,800,800,800,0
2022-08-02 09:00:00,800,800,810,810,13100
2022-08-02 09:01:00,810,810,810,810,4700
2022-08-02 09:02:00,810,810,810,810,2800
2022-08-02 09:03:00,810,810,810,810,0
2022-08-02 09:04:00,810,810,810,810,5500
2022-08-02 09:05:00,805,800,805,800,6400
2022-08-02 09:06:00,800,800,800,800,16600
2022-08-02 09:07:00,800,800,800,800,142900
2022-08-02 09:08:00,800,800,800,800,36900
2022-08-02 09:09:00,795,795,800,800,20800
2022-08-02 09:10:00,795,795,800,800,0
2022-08-02 09:11:00,795,795,800,800,0
2022-08-02 09:12:00,795,795,800,800,0
2022-08-02 09:13:00,795,795,800,800,0
2022-08-02 09:14:00,795,795,800,800,0
2022-08-02 09:15:00,795,795,800,800,0
2022-08-02 09:16:00,800,800,800,800,5000
2022-08-02 09:17:00,800,800,800,800,0
2022-08-02 09:18:00,800,800,800,800,0
2022-08-02 09:19:00,800,800,800,800,0
2022-08-02 09:20:00,800,800,800,800,400
2022-08-02 09:21:00,800,800,800,800,0
2022-08-02 09:22:00,800,800,800,800,0
2022-08-02 09:23:00,800,800,800,800,0
2022-08-02 09:24:00,800,800,800,800,200
2022-08-02 09:25:00,800,800,800,800,0
2022-08-02 09:26:00,800,800,800,800,0
2022-08-02 09:27:00,800,800,800,800,0
2022-08-02 09:28:00,800,800,800,800,0
2022-08-02 09:29:00,800,795,800,795,600
2022-08-02 09:30:00,800,795,800,795,0
2022-08-02 09:31:00,800,800,800,800,3100
2022-08-02 09:32:00,800,800,800,800,0
2022-08-02 09:33:00,800,800,810,810,2200
2022-08-02 09:34:00,805,805,805,805,100
2022-08-02 09:35:00,805,805,805,805,0
2022-08-02 09:36:00,800,800,800,800,2300
2022-08-02 09:37:00,800,800,800,800,0
2022-08-02 09:38:00,800,800,800,800,0
2022-08-02 09:39:00,800,800,800,800,7300
2022-08-02 09:40:00,795,795,800,800,7900
2022-08-02 09:41:00,800,800,800,800,200
2022-08-02 09:42:00,800,800,800,800,0
2022-08-02 09:43:00,800,800,800,800,0
2022-08-02 09:44:00,795,795,795,795,1000
2022-08-02 09:45:00,795,795,795,795,0
2022-08-02 09:46:00,795,795,795,795,11100
2022-08-02 09:47:00,795,795,795,795,0
2022-08-02 09:48:00,795,795,795,795,0
2022-08-02 09:49:00,795,795,795,795,0
2022-08-02 09:50:00,795,795,795,795,1900
2022-08-02 09:51:00,795,795,795,795,0
2022-08-02 09:52:00,795,795,795,795,0
2022-08-02 09:53:00,795,795,795,795,0
2022-08-02 09:54:00,795,795,795,795,0
2022-08-02 09:55:00,795,795,795,795,1000
2022-08-02 09:56:00,795,795,795,795,0
2022-08-02 09:57:00,795,795,795,795,0
2022-08-02 09:58:00,795,795,795,795,0
2022-08-02 09:59:00,800,800,800,800,200
2022-08-02 10:00:00,800,800,800,800,1900
2022-08-02 10:01:00,800,800,800,800,2300
2022-08-02 10:02:00,800,800,800,800,3000
2022-08-02 10:03:00,800,800,800,800,0
2022-08-02 10:04:00,800,800,800,800,0
2022-08-02 10:05:00,800,800,800,800,0
2022-08-02 10:06:00,800,800,800,800,0
2022-08-02 10:07:00,800,800,800,800,0
2022-08-02 10:08:00,800,800,800,800,900
2022-08-02 10:09:00,800,800,800,800,0
2022-08-02 10:10:00,800,800,800,800,100
2022-08-02 10:11:00,800,800,800,800,0
2022-08-02 10:12:00,800,800,800,800,0
2022-08-02 10:13:00,800,800,800,800,0
2022-08-02 10:14:00,800,800,800,800,6000
2022-08-02 10:15:00,800,800,800,800,0
2022-08-02 10:16:00,800,800,800,800,0
2022-08-02 10:17:00,800,800,800,800,0
2022-08-02 10:18:00,800,800,800,800,0
2022-08-02 10:19:00,800,800,800,800,0
2022-08-02 10:20:00,800,800,800,800,0
2022-08-02 10:21:00,800,800,800,800,0
2022-08-02 10:22:00,800,800,800,800,0
2022-08-02 10:23:00,800,800,800,800,0
2022-08-02 10:24:00,805,805,805,805,0
2022-08-02 10:25:00,805,805,805,805,0
2022-08-02 10:26:00,805,805,805,805,0
2022-08-02 10:27:00,805,805,805,805,0
2022-08-02 10:28:00,805,805,805,805,0
2022-08-02 10:29:00,805,805,805,805,0
2022-08-02 10:30:00,805,805,805,805,0
2022-08-02 10:31:00,805,805,805,805,0
2022-08-02 10:32:00,805,805,805,805,0
2022-08-02 10:33:00,805,805,805,805,0
2022-08-02 10:34:00,805,805,805,805,0
2022-08-02 10:35:00,805,805,805,805,0
2022-08-02 10:36:00,805,805,805,805,0
2022-08-02 10:37:00,800,800,800,800,600
2022-08-02 10:38:00,800,800,800,800,0
2022-08-02 10:39:00,800,800,800,800,0
2022-08-02 10:40:00,800,800,800,800,0
2022-08-02 10:41:00,800,800,800,800,0
2022-08-02 10:42:00,800,800,800,800,0
2022-08-02 10:43:00,800,800,800,800,0
2022-08-02 10:44:00,805,805,805,805,200
2022-08-02 10:45:00,805,805,805,805,0
2022-08-02 10:46:00,805,805,805,805,0
2022-08-02 10:47:00,805,805,805,805,0
2022-08-02 10:48:00,805,805,805,805,0
2022-08-02 10:49:00,805,805,805,805,0
2022-08-02 10:50:00,805,805,805,805,900
2022-08-02 10:51:00,805,805,805,805,0
2022-08-02 10:52:00,805,805,805,805,0
2022-08-02 10:53:00,805,805,805,805,0
2022-08-02 10:54:00,805,805,805,805,0
2022-08-02 10:55:00,805,805,805,805,0
2022-08-02 10:56:00,805,805,805,805,0
2022-08-02 10:57:00,805,805,805,805,0
2022-08-02 10:58:00,805,805,805,805,0
2022-08-02 10:59:00,805,805,805,805,0
2022-08-02 11:00:00,805,805,805,805,0
2022-08-02 11:01:00,805,805,805,805,0
2022-08-02 11:02:00,805,805,805,805,0
2022-08-02 11:03:00,805,805,805,805,0
2022-08-02 11:04:00,805,805,805,805,0
2022-08-02 11:05:00,805,805,805,805,0
2022-08-02 11:06:00,805,805,805,805,0
2022-08-02 11:07:00,805,805,805,805,0
2022-08-02 11:08:00,805,805,805,805,0
2022-08-02 11:09:00,805,805,805,805,0
2022-08-02 11:10:00,805,805,805,805,0
2022-08-02 11:11:00,805,805,805,805,0
2022-08-02 11:12:00,805,805,805,805,0
2022-08-02 11:13:00,805,805,805,805,0
2022-08-02 11:14:00,805,805,805,805,0
2022-08-02 11:15:00,805,805,805,805,0
2022-08-02 11:16:00,805,805,805,805,0
2022-08-02 11:17:00,805,805,805,805,0
2022-08-02 11:18:00,805,805,805,805,0
2022-08-02 11:19:00,800,800,800,800,2800
2022-08-02 11:20:00,800,800,800,800,0
2022-08-02 11:21:00,800,800,800,800,0
2022-08-02 11:22:00,800,800,800,800,2600
2022-08-02 11:23:00,800,800,800,800,0
2022-08-02 11:24:00,800,800,800,800,0
2022-08-02 11:25:00,800,800,800,800,0
2022-08-02 11:26:00,800,800,800,800,0
2022-08-02 11:27:00,800,800,800,800,0
2022-08-02 11:28:00,800,800,800,800,0
2022-08-02 11:29:00,800,800,800,800,0
2022-08-02 11:30:00,800,800,800,800,0
2022-08-02 11:31:00,800,800,800,800,0
2022-08-02 11:32:00,800,800,800,800,0
2022-08-02 11:33:00,800,800,800,800,0
2022-08-02 11:34:00,800,800,800,800,0
2022-08-02 11:35:00,800,800,800,800,0
2022-08-02 11:36:00,800,800,800,800,0
2022-08-02 11:37:00,800,800,800,800,0
2022-08-02 11:38:00,800,800,800,800,0
2022-08-02 11:39:00,800,800,800,800,0
2022-08-02 11:40:00,800,800,800,800,0
2022-08-02 11:41:00,800,800,800,800,0
2022-08-02 11:42:00,800,800,800,800,0
2022-08-02 11:43:00,800,800,800,800,0
2022-08-02 11:44:00,800,800,800,800,0
2022-08-02 11:45:00,800,800,800,800,0
2022-08-02 11:46:00,800,800,800,800,0
2022-08-02 11:47:00,800,800,800,800,0
2022-08-02 11:48:00,800,800,800,800,0
2022-08-02 11:49:00,800,800,800,800,0
2022-08-02 11:50:00,800,800,800,800,0
2022-08-02 11:51:00,800,800,800,800,0
2022-08-02 11:52:00,800,800,800,800,0
2022-08-02 11:53:00,800,800,800,800,0
2022-08-02 11:54:00,800,800,800,800,0
2022-08-02 11:55:00,800,800,800,800,0
2022-08-02 11:56:00,800,800,800,800,0
2022-08-02 11:57:00,800,800,800,800,0
2022-08-02 11:58:00,800,800,800,800,0
2022-08-02 11:59:00,800,800,800,800,0
2022-08-02 12:00:00,800,800,800,800,0
2022-08-02 12:01:00,800,800,800,800,0
2022-08-02 12:02:00,800,800,800,800,0
2022-08-02 12:03:00,800,800,800,800,0
2022-08-02 12:04:00,800,800,800,800,0
2022-08-02 12:05:00,800,800,800,800,0
2022-08-02 12:06:00,800,800,800,800,0
2022-08-02 12:07:00,800,800,800,800,0
2022-08-02 12:08:00,800,800,800,800,0
2022-08-02 12:09:00,800,800,800,800,0
2022-08-02 12:10:00,800,800,800,800,0
2022-08-02 12:11:00,800,800,800,800,0
2022-08-02 12:12:00,800,800,800,800,0
2022-08-02 12:13:00,800,800,800,800,0
2022-08-02 12:14:00,800,800,800,800,0
2022-08-02 12:15:00,800,800,800,800,0
2022-08-02 12:16:00,800,800,800,800,0
2022-08-02 12:17:00,800,800,800,800,0
2022-08-02 12:18:00,800,800,800,800,0
2022-08-02 12:19:00,800,800,800,800,0
2022-08-02 12:20:00,800,800,800,800,0
2022-08-02 12:21:00,800,800,800,800,0
2022-08-02 12:22:00,800,800,800,800,0
2022-08-02 12:23:00,800,800,800,800,0
2022-08-02 12:24:00,800,800,800,800,0
2022-08-02 12:25:00,800,800,800,800,0
2022-08-02 12:26:00,800,800,800,800,0
2022-08-02 12:27:00,800,800,800,800,0
2022-08-02 12:28:00,800,800,800,800,0
2022-08-02 12:29:00,800,800,800,800,0
2022-08-02 12:30:00,800,800,800,800,0
2022-08-02 12:31:00,800,800,800,800,0
2022-08-02 12:32:00,800,800,800,800,0
2022-08-02 12:33:00,800,800,800,800,0
2022-08-02 12:34:00,800,800,800,800,0
2022-08-02 12:35:00,800,800,800,800,0
2022-08-02 12:36:00,800,800,800,800,0
2022-08-02 12:37:00,800,800,800,800,0
2022-08-02 12:38:00,800,800,800,800,0
2022-08-02 12:39:00,800,800,800,800,0
2022-08-02 12:40:00,800,800,800,800,0
2022-08-02 12:41:00,800,800,800,800,0
2022-08-02 12:42:00,800,800,800,800,0
2022-08-02 12:43:00,800,800,800,800,0
2022-08-02 12:44:00,800,800,800,800,0
2022-08-02 12:45:00,800,800,800,800,0
2022-08-02 12:46:00,800,800,800,800,0
2022-08-02 12:47:00,800,800,800,800,0
2022-08-02 12:48:00,800,800,800,800,0
2022-08-02 12:49:00,800,800,800,800,0
2022-08-02 12:50:00,800,800,800,800,0
2022-08-02 12:51:00,800,800,800,800,0
2022-08-02 12:52:00,800,800,800,800,0
2022-08-02 12:53:00,800,800,800,800,0
2022-08-02 12:54:00,800,800,800,800,0
2022-08-02 12:55:00,800,800,800,800,0
2022-08-02 12:56:00,800,800,800,800,0
2022-08-02 12:57:00,800,800,800,800,0
2022-08-02 12:58:00,800,800,800,800,0
2022-08-02 12:59:00,800,800,800,800,0
2022-08-02 13:00:00,800,800,800,800,0
2022-08-02 13:01:00,800,800,800,800,0
2022-08-02 13:02:00,800,800,800,800,0
2022-08-02 13:03:00,800,800,800,800,0
2022-08-02 13:04:00,800,800,800,800,0
2022-08-02 13:05:00,800,800,800,800,0
2022-08-02 13:06:00,800,800,800,800,0
2022-08-02 13:07:00,800,800,800,800,0
2022-08-02 13:08:00,800,800,800,800,0
2022-08-02 13:09:00,800,800,800,800,0
2022-08-02 13:10:00,800,800,800,800,0
2022-08-02 13:11:00,800,800,800,800,0
2022-08-02 13:12:00,800,800,800,800,0
2022-08-02 13:13:00,800,800,800,800,0
2022-08-02 13:14:00,800,800,800,800,0
2022-08-02 13:15:00,800,800,800,800,0
2022-08-02 13:16:00,800,800,800,800,0
2022-08-02 13:17:00,800,800,800,800,0
2022-08-02 13:18:00,800,800,800,800,0
2022-08-02 13:19:00,800,800,800,800,0
2022-08-02 13:20:00,800,800,800,800,0
2022-08-02 13:21:00,800,800,800,800,0
2022-08-02 13:22:00,800,800,800,800,0
2022-08-02 13:23:00,800,800,800,800,0
2022-08-02 13:24:00,800,800,800,800,0
2022-08-02 13:25:00,800,800,800,800,0
2022-08-02 13:26:00,800,800,800,800,0
2022-08-02 13:27:00,800,800,800,800,0
2022-08-02 13:28:00,800,800,800,800,0
2022-08-02 13:29:00,800,800,800,800,0
2022-08-02 13:30:00,800,800,800,800,0
2022-08-02 13:31:00,800,800,800,800,0
2022-08-02 13:32:00,800,800,800,800,5000
2022-08-02 13:33:00,800,800,800,800,0
2022-08-02 13:34:00,800,800,800,800,0
2022-08-02 13:35:00,800,800,800,800,0
2022-08-02 13:36:00,805,805,805,805,0
2022-08-02 13:37:00,805,805,805,805,0
2022-08-02 13:38:00,805,805,805,805,0
2022-08-02 13:39:00,800,800,800,800,1600
2022-08-02 13:40:00,800,800,800,800,8500
2022-08-02 13:41:00,800,800,800,800,0
2022-08-02 13:42:00,800,800,800,800,0
2022-08-02 13:43:00,800,800,800,800,0
2022-08-02 13:44:00,800,800,800,800,0
2022-08-02 13:45:00,800,800,800,800,1300
2022-08-02 13:46:00,800,800,800,800,0
2022-08-02 13:47:00,800,800,800,800,0
2022-08-02 13:48:00,800,800,800,800,7900
2022-08-02 13:49:00,800,800,800,800,0
2022-08-02 13:50:00,800,795,800,795,2500
2022-08-02 13:51:00,800,795,800,795,0
2022-08-02 13:52:00,800,795,800,795,0
2022-08-02 13:53:00,800,795,800,795,0
2022-08-02 13:54:00,800,795,800,795,0
2022-08-02 13:55:00,800,795,800,795,0
2022-08-02 13:56:00,800,795,800,795,0
2022-08-02 13:57:00,795,795,795,795,400
2022-08-02 13:58:00,795,795,795,795,0
2022-08-02 13:59:00,795,795,795,795,0
2022-08-02 14:00:00,795,795,795,795,0
2022-08-02 14:01:00,795,795,795,795,0
2022-08-02 14:02:00,795,795,795,795,0
2022-08-02 14:03:00,795,795,795,795,0
2022-08-02 14:04:00,795,795,795,795,11700
2022-08-02 14:05:00,795,795,795,795,0
2022-08-02 14:06:00,795,795,795,795,0
2022-08-02 14:07:00,795,795,795,795,0
2022-08-02 14:08:00,795,795,795,795,0
2022-08-02 14:09:00,795,795,795,795,0
2022-08-02 14:10:00,795,795,795,795,0
2022-08-02 14:11:00,795,795,795,795,0
2022-08-02 14:12:00,795,795,795,795,0
2022-08-02 14:13:00,795,795,795,795,0
2022-08-02 14:14:00,795,795,795,795,0
2022-08-02 14:15:00,795,795,795,795,0
2022-08-02 14:16:00,795,795,795,795,0
2022-08-02 14:17:00,795,795,795,795,0
2022-08-02 14:18:00,795,795,795,795,1300
2022-08-02 14:19:00,795,795,795,795,0
2022-08-02 14:20:00,800,800,800,800,11200
2022-08-02 14:21:00,800,800,800,800,0
2022-08-02 14:22:00,800,800,800,800,0
2022-08-02 14:23:00,800,800,800,800,0
2022-08-02 14:24:00,800,800,800,800,0
2022-08-02 14:25:00,800,800,800,800,0
2022-08-02 14:26:00,800,800,800,800,0
2022-08-02 14:27:00,800,800,800,800,0
2022-08-02 14:28:00,800,800,800,800,0
2022-08-02 14:29:00,800,800,800,800,0
2022-08-02 14:30:00,800,800,800,800,0
2022-08-02 14:31:00,800,800,800,800,0
2022-08-02 14:32:00,800,800,800,800,0
2022-08-02 14:33:00,805,805,805,805,2800
2022-08-02 14:34:00,805,805,805,805,0
2022-08-02 14:35:00,805,805,805,805,0
2022-08-02 14:36:00,805,805,805,805,0
2022-08-02 14:37:00,805,805,805,805,0
2022-08-02 14:38:00,805,805,805,805,0
2022-08-02 14:39:00,805,805,805,805,200
2022-08-02 14:40:00,805,805,805,805,0
2022-08-02 14:41:00,805,805,805,805,200
2022-08-02 14:42:00,805,805,805,805,0
2022-08-02 14:43:00,805,805,805,805,0
2022-08-02 14:44:00,805,805,805,805,0
2022-08-02 14:45:00,805,805,805,805,0
2022-08-02 14:46:00,800,800,805,805,1000
2022-08-02 14:47:00,800,800,805,805,0
2022-08-02 14:48:00,805,800,805,800,5500
2022-08-02 14:49:00,805,800,805,800,0
2022-08-02 14:50:00,805,800,805,800,0
2022-08-02 14:51:00,805,800,805,800,0
2022-08-02 14:52:00,805,800,805,800,0
2022-08-02 14:53:00,805,800,805,800,0
2022-08-02 14:54:00,805,800,805,800,0
2022-08-02 14:55:00,805,800,805,800,0
2022-08-02 14:56:00,805,800,805,800,0
2022-08-02 14:57:00,805,800,805,800,0
2022-08-02 14:58:00,805,800,805,800,0
2022-08-02 14:59:00,805,800,805,800,0
2022-08-02 15:00:00,800,800,800,800,17600
2022-08-02 15:01:00,800,800,800,800,0
2022-08-02 15:02:00,800,800,800,800,0
2022-08-02 15:03:00,800,800,800,800,0
2022-08-02 15:04:00,800,800,800,800,0
2022-08-02 15:05:00,800,800,800,800,0
2022-08-02 15:06:00,800,800,800,800,0
2022-08-02 15:07:00,800,800,800,800,0
2022-08-02 15:08:00,800,800,800,800,0
2022-08-02 15:09:00,800,800,800,800,0
2022-08-02 15:10:00,800,800,800,800,0
2022-08-02 15:11:00,800,800,800,800,0
2022-08-02 15:12:00,800,800,800,800,0
2022-08-02 15:13:00,800,800,800,800,0
2022-08-02 15:14:00,800,800,800,800,0
2022-08-02 15:15:00,800,800,800,800,0
2022-08-02 15:16:00,800,800,800,800,0
2022-08-02 15:17:00,800,800,800,800,0
2022-08-02 15:18:00,800,800,800,800,0
2022-08-02 15:19:00,800,800,800,800,0
2022-08-02 15:20:00,800,800,800,800,0
2022-08-02 15:21:00,800,800,800,800,0
2022-08-02 15:22:00,800,800,800,800,0
2022-08-02 15:23:00,800,800,800,800,0
2022-08-02 15:24:00,800,800,800,800,0
2022-08-02 15:25:00,800,800,800,800,0
2022-08-02 15:26:00,800,800,800,800,0
2022-08-02 15:27:00,800,800,800,800,0
2022-08-02 15:28:00,800,800,800,800,0
2022-08-02 15:29:00,800,800,800,800,0
2022-08-02 15:30:00,800,800,800,800,0
2022-08-02 15:31:00,800,800,800,800,0
2022-08-02 15:32:00,800,800,800,800,0
2022-08-02 15:33:00,800,800,800,800,0
2022-08-02 15:34:00,800,800,800,800,0
2022-08-02 15:35:00,800,800,800,800,0
2022-08-02 15:36:00,800,800,800,800,0
2022-08-02 15:37:00,800,800,800,800,0
2022-08-02 15:38:00,800,800,800,800,0
2022-08-02 15:39:00,800,800,800,800,0
2022-08-02 15:40:00,800,800,800,800,0
2022-08-02 15:41:00,800,800,800,800,0
2022-08-02 15:42:00,800,800,800,800,0
2022-08-02 15:43:00,800,800,800,800,0
2022-08-02 15:44:00,800,800,800,800,0
2022-08-02 15:45:00,800,800,800,800,0
2022-08-02 15:46:00,800,800,800,800,0
2022-08-02 15:47:00,800,800,800,800,0
2022-08-02 15:48:00,800,800,800,800,0
2022-08-02 15:49:00,800,800,800,800,0
2022-08-02 15:50:00,800,800,800,800,0
2022-08-02 15:51:00,800,800,800,800,0
2022-08-02 15:52:00,800,800,800,800,0
2022-08-02 15:53:00,800,800,800,800,0
2022-08-02 15:54:00,800,800,800,800,0
2022-08-02 15:55:00,800,800,800,800,0
2022-08-02 15:56:00,800,800,800,800,0
2022-08-02 15:57:00,800,800,800,800,0
2022-08-02 15:58:00,800,800,800,800,0
2022-08-02 15:59:00,800,800,800,800,0
2022-08-03 09:00:00,800,800,800,800,4000
2022-08-03 09:01:00,800,800,800,800,0
2022-08-03 09:02:00,800,800,800,800,0
2022-08-03 09:03:00,800,800,800,800,0
2022-08-03 09:04:00,800,800,800,800,0
2022-08-03 09:05:00,800,800,800,800,0
2022-08-03 09:06:00,800,800,800,800,0
2022-08-03 09:07:00,805,805,805,805,1300
2022-08-03 09:08:00,805,805,805,805,0
2022-08-03 09:09:00,805,805,805,805,0
2022-08-03 09:10:00,805,805,805,805,0
2022-08-03 09:11:00,805,805,805,805,0
2022-08-03 09:12:00,805,805,805,805,0
2022-08-03 09:13:00,805,805,805,805,0
2022-08-03 09:14:00,805,805,805,805,0
2022-08-03 09:15:00,805,805,805,805,0
2022-08-03 09:16:00,805,805,805,805,0
2022-08-03 09:17:00,805,805,805,805,0
2022-08-03 09:18:00,805,805,805,805,0
2022-08-03 09:19:00,805,805,805,805,0
2022-08-03 09:20:00,805,805,805,805,0
2022-08-03 09:21:00,805,805,805,805,0
2022-08-03 09:22:00,805,805,805,805,0
2022-08-03 09:23:00,805,805,805,805,0
2022-08-03 09:24:00,805,805,805,805,0
2022-08-03 09:25:00,805,805,805,805,400
2022-08-03 09:26:00,805,805,805,805,0
2022-08-03 09:27:00,805,805,805,805,12900
2022-08-03 09:28:00,805,805,805,805,0
2022-08-03 09:29:00,805,805,805,805,0
2022-08-03 09:30:00,805,805,805,805,0
2022-08-03 09:31:00,805,805,805,805,0
2022-08-03 09:32:00,805,805,805,805,0
2022-08-03 09:33:00,805,805,805,805,0
2022-08-03 09:34:00,805,805,805,805,0
2022-08-03 09:35:00,805,805,805,805,0
2022-08-03 09:36:00,805,805,805,805,0
2022-08-03 09:37:00,805,805,805,805,0
2022-08-03 09:38:00,805,805,805,805,0
2022-08-03 09:39:00,805,805,805,805,0
2022-08-03 09:40:00,805,805,805,805,0
2022-08-03 09:41:00,805,805,805,805,0
2022-08-03 09:42:00,805,805,805,805,0
2022-08-03 09:43:00,805,805,805,805,0
2022-08-03 09:44:00,805,805,805,805,0
2022-08-03 09:45:00,805,805,805,805,0
2022-08-03 09:46:00,805,805,805,805,0
2022-08-03 09:47:00,805,805,805,805,8300
2022-08-03 09:48:00,805,805,805,805,0
2022-08-03 09:49:00,805,805,805,805,0
2022-08-03 09:50:00,805,805,805,805,0
2022-08-03 09:51:00,805,805,805,805,0
2022-08-03 09:52:00,805,805,805,805,0
2022-08-03 09:53:00,805,805,805,805,0
2022-08-03 09:54:00,805,805,805,805,0
2022-08-03 09:55:00,805,805,805,805,0
2022-08-03 09:56:00,805,805,805,805,0
2022-08-03 09:57:00,805,805,805,805,0
2022-08-03 09:58:00,805,805,805,805,0
2022-08-03 09:59:00,805,805,805,805,0
2022-08-03 10:00:00,805,805,805,805,0
2022-08-03 10:01:00,805,805,805,805,6000
2022-08-03 10:02:00,805,805,805,805,0
2022-08-03 10:03:00,805,805,805,805,0
2022-08-03 10:04:00,805,805,805,805,0
2022-08-03 10:05:00,805,805,805,805,0
2022-08-03 10:06:00,805,805,805,805,0
2022-08-03 10:07:00,805,805,805,805,0
2022-08-03 10:08:00,805,805,805,805,0
2022-08-03 10:09:00,805,805,805,805,100
2022-08-03 10:10:00,805,805,805,805,0
2022-08-03 10:11:00,805,805,805,805,0
2022-08-03 10:12:00,805,805,805,805,0
2022-08-03 10:13:00,805,805,805,805,0
2022-08-03 10:14:00,805,805,805,805,0
2022-08-03 10:15:00,805,805,805,805,0
2022-08-03 10:16:00,805,805,805,805,0
2022-08-03 10:17:00,805,805,805,805,0
2022-08-03 10:18:00,805,805,805,805,0
2022-08-03 10:19:00,805,805,805,805,0
2022-08-03 10:20:00,805,805,805,805,1200
2022-08-03 10:21:00,805,805,805,805,0
2022-08-03 10:22:00,805,805,805,805,0
2022-08-03 10:23:00,805,805,805,805,0
2022-08-03 10:24:00,805,805,805,805,0
2022-08-03 10:25:00,805,805,805,805,0
2022-08-03 10:26:00,805,805,805,805,0
2022-08-03 10:27:00,805,805,805,805,0
2022-08-03 10:28:00,805,805,805,805,0
2022-08-03 10:29:00,805,805,805,805,0
2022-08-03 10:30:00,805,805,805,805,400
2022-08-03 10:31:00,805,805,805,805,0
2022-08-03 10:32:00,805,805,805,805,0
2022-08-03 10:33:00,805,805,805,805,0
2022-08-03 10:34:00,805,805,805,805,0
2022-08-03 10:35:00,805,805,805,805,0
2022-08-03 10:36:00,805,805,805,805,0
2022-08-03 10:37:00,800,800,800,800,1000
2022-08-03 10:38:00,800,800,800,800,0
2022-08-03 10:39:00,800,800,800,800,0
2022-08-03 10:40:00,800,800,800,800,0
2022-08-03 10:41:00,800,800,800,800,0
2022-08-03 10:42:00,800,800,800,800,0
2022-08-03 10:43:00,800,800,800,800,0
2022-08-03 10:44:00,800,800,800,800,0
2022-08-03 10:45:00,800,800,800,800,0
2022-08-03 10:46:00,800,800,800,800,0
2022-08-03 10:47:00,800,800,800,800,0
2022-08-03 10:48:00,800,800,800,800,0
2022-08-03 10:49:00,800,800,800,800,0
2022-08-03 10:50:00,800,800,800,800,0
2022-08-03 10:51:00,800,800,800,800,0
2022-08-03 10:52:00,800,800,800,800,0
2022-08-03 10:53:00,800,800,800,800,0
2022-08-03 10:54:00,800,800,800,800,0
2022-08-03 10:55:00,800,800,800,800,0
2022-08-03 10:56:00,800,800,800,800,0
2022-08-03 10:57:00,800,795,800,795,70600
2022-08-03 10:58:00,795,795,795,795,1700
2022-08-03 10:59:00,790,790,790,790,1000
2022-08-03 11:00:00,795,795,795,795,31400
2022-08-03 11:01:00,795,795,795,795,0
2022-08-03 11:02:00,795,795,795,795,0
2022-08-03 11:03:00,795,795,795,795,0
2022-08-03 11:04:00,795,795,795,795,0
2022-08-03 11:05:00,795,795,795,795,0
2022-08-03 11:06:00,795,795,795,795,0
2022-08-03 11:07:00,795,795,795,795,0
2022-08-03 11:08:00,795,795,795,795,0
2022-08-03 11:09:00,795,795,795,795,0
2022-08-03 11:10:00,795,795,795,795,0
2022-08-03 11:11:00,795,795,795,795,0
2022-08-03 11:12:00,795,795,795,795,0
2022-08-03 11:13:00,795,795,795,795,0
2022-08-03 11:14:00,795,795,795,795,0
2022-08-03 11:15:00,795,795,795,795,0
2022-08-03 11:16:00,795,795,795,795,0
2022-08-03 11:17:00,795,795,795,795,0
2022-08-03 11:18:00,795,795,795,795,0
2022-08-03 11:19:00,795,795,795,795,0
2022-08-03 11:20:00,795,795,795,795,0
2022-08-03 11:21:00,795,795,795,795,0
2022-08-03 11:22:00,795,795,795,795,0
2022-08-03 11:23:00,795,795,795,795,0
2022-08-03 11:24:00,795,795,795,795,0
2022-08-03 11:25:00,795,795,795,795,900
2022-08-03 11:26:00,795,795,795,795,0
2022-08-03 11:27:00,795,795,795,795,0
2022-08-03 11:28:00,795,795,795,795,37800
2022-08-03 11:29:00,795,795,795,795,0
2022-08-03 11:30:00,795,795,795,795,0
2022-08-03 11:31:00,795,795,795,795,0
2022-08-03 11:32:00,795,795,795,795,0
2022-08-03 11:33:00,795,795,795,795,0
2022-08-03 11:34:00,795,795,795,795,0
2022-08-03 11:35:00,795,795,795,795,0
2022-08-03 11:36:00,795,795,795,795,0
2022-08-03 11:37:00,795,795,795,795,0
2022-08-03 11:38:00,795,795,795,795,0
2022-08-03 11:39:00,795,795,795,795,0
2022-08-03 11:40:00,795,795,795,795,0
2022-08-03 11:41:00,795,795,795,795,0
2022-08-03 11:42:00,795,795,795,795,0
2022-08-03 11:43:00,795,795,795,795,0
2022-08-03 11:44:00,795,795,795,795,0
2022-08-03 11:45:00,795,795,795,795,0
2022-08-03 11:46:00,795,795,795,795,0
2022-08-03 11:47:00,795,795,795,795,0
2022-08-03 11:48:00,795,795,795,795,0
2022-08-03 11:49:00,795,795,795,795,0
2022-08-03 11:50:00,795,795,795,795,0
2022-08-03 11:51:00,795,795,795,795,0
2022-08-03 11:52:00,795,795,795,795,0
2022-08-03 11:53:00,795,795,795,795,0
2022-08-03 11:54:00,795,795,795,795,0
2022-08-03 11:55:00,795,795,795,795,0
2022-08-03 11:56:00,795,795,795,795,0
2022-08-03 11:57:00,795,795,795,795,0
2022-08-03 11:58:00,795,795,795,795,0
2022-08-03 11:59:00,795,795,795,795,0
2022-08-03 12:00:00,795,795,795,795,0
2022-08-03 12:01:00,795,795,795,795,0
2022-08-03 12:02:00,795,795,795,795,0
2022-08-03 12:03:00,795,795,795,795,0
2022-08-03 12:04:00,795,795,795,795,0
2022-08-03 12:05:00,795,795,795,795,0
2022-08-03 12:06:00,795,795,795,795,0
2022-08-03 12:07:00,795,795,795,795,0
2022-08-03 12:08:00,795,795,795,795,0
2022-08-03 12:09:00,795,795,795,795,0
2022-08-03 12:10:00,795,795,795,795,0
2022-08-03 12:11:00,795,795,795,795,0
2022-08-03 12:12:00,795,795,795,795,0
2022-08-03 12:13:00,795,795,795,795,0
2022-08-03 12:14:00,795,795,795,795,0
2022-08-03 12:15:00,795,795,795,795,0
2022-08-03 12:16:00,795,795,795,795,0
2022-08-03 12:17:00,795,795,795,795,0
2022-08-03 12:18:00,795,795,795,795,0
2022-08-03 12:19:00,795,795,795,795,0
2022-08-03 12:20:00,795,795,795,795,0
2022-08-03 12:21:00,795,795,795,795,0
2022-08-03 12:22:00,795,795,795,795,0
2022-08-03 12:23:00,795,795,795,795,0
2022-08-03 12:24:00,795,795,795,795,0
2022-08-03 12:25:00,795,795,795,795,0
2022-08-03 12:26:00,795,795,795,795,0
2022-08-03 12:27:00,795,795,795,795,0
2022-08-03 12:28:00,795,795,795,795,0
2022-08-03 12:29:00,795,795,795,795,0
2022-08-03 12:30:00,795,795,795,795,0
2022-08-03 12:31:00,795,795,795,795,0
2022-08-03 12:32:00,795,795,795,795,0
2022-08-03 12:33:00,795,795,795,795,0
2022-08-03 12:34:00,795,795,795,795,0
2022-08-03 12:35:00,795,795,795,795,0
2022-08-03 12:36:00,795,795,795,795,0
2022-08-03 12:37:00,795,795,795,795,0
2022-08-03 12:38:00,795,795,795,795,0
2022-08-03 12:39:00,795,795,795,795,0
2022-08-03 12:40:00,795,795,795,795,0
2022-08-03 12:41:00,795,795,795,795,0
2022-08-03 12:42:00,795,795,795,795,0
2022-08-03 12:43:00,795,795,795,795,0
2022-08-03 12:44:00,795,795,795,795,0
2022-08-03 12:45:00,795,795,795,795,0
2022-08-03 12:46:00,795,795,795,795,0
2022-08-03 12:47:00,795,795,795,795,0
2022-08-03 12:48:00,795,795,795,795,0
2022-08-03 12:49:00,795,795,795,795,0
2022-08-03 12:50:00,795,795,795,795,0
2022-08-03 12:51:00,795,795,795,795,0
2022-08-03 12:52:00,795,795,795,795,0
2022-08-03 12:53:00,795,795,795,795,0
2022-08-03 12:54:00,795,795,795,795,0
2022-08-03 12:55:00,795,795,795,795,0
2022-08-03 12:56:00,795,795,795,795,0
2022-08-03 12:57:00,795,795,795,795,0
2022-08-03 12:58:00,795,795,795,795,0
2022-08-03 12:59:00,795,795,795,795,0
2022-08-03 13:00:00,795,795,795,795,0
2022-08-03 13:01:00,795,795,795,795,0
2022-08-03 13:02:00,795,795,795,795,0
2022-08-03 13:03:00,795,795,795,795,0
2022-08-03 13:04:00,795,795,795,795,0
2022-08-03 13:05:00,795,795,795,795,0
2022-08-03 13:06:00,795,795,795,795,0
2022-08-03 13:07:00,795,795,795,795,0
2022-08-03 13:08:00,795,795,795,795,0
2022-08-03 13:09:00,795,795,795,795,0
2022-08-03 13:10:00,795,795,795,795,0
2022-08-03 13:11:00,795,795,795,795,0
2022-08-03 13:12:00,795,795,795,795,0
2022-08-03 13:13:00,795,795,795,795,0
2022-08-03 13:14:00,795,795,795,795,0
2022-08-03 13:15:00,795,795,795,795,0
2022-08-03 13:16:00,795,795,795,795,0
2022-08-03 13:17:00,795,795,795,795,0
2022-08-03 13:18:00,795,795,795,795,0
2022-08-03 13:19:00,795,795,795,795,0
2022-08-03 13:20:00,795,795,795,795,0
2022-08-03 13:21:00,795,795,795,795,0
2022-08-03 13:22:00,795,795,795,795,0
2022-08-03 13:23:00,795,795,795,795,0
2022-08-03 13:24:00,795,795,795,795,0
2022-08-03 13:25:00,795,795,795,795,0
2022-08-03 13:26:00,795,795,795,795,0
2022-08-03 13:27:00,795,795,795,795,0
2022-08-03 13:28:00,795,795,795,795,0
2022-08-03 13:29:00,795,795,795,795,0
2022-08-03 13:30:00,795,795,795,795,17200
2022-08-03 13:31:00,795,795,795,795,0
2022-08-03 13:32:00,795,795,795,795,0
2022-08-03 13:33:00,795,795,795,795,0
2022-08-03 13:34:00,795,795,795,795,0
2022-08-03 13:35:00,795,795,795,795,0
2022-08-03 13:36:00,795,795,795,795,0
2022-08-03 13:37:00,795,795,795,795,5000
2022-08-03 13:38:00,795,795,795,795,0
2022-08-03 13:39:00,795,795,795,795,0
2022-08-03 13:40:00,795,795,795,795,0
2022-08-03 13:41:00,795,795,795,795,0
2022-08-03 13:42:00,795,795,795,795,0
2022-08-03 13:43:00,795,795,795,795,0
2022-08-03 13:44:00,795,795,795,795,0
2022-08-03 13:45:00,795,795,795,795,0
2022-08-03 13:46:00,795,795,795,795,0
2022-08-03 13:47:00,795,795,795,795,0
2022-08-03 13:48:00,795,795,795,795,0
2022-08-03 13:49:00,795,795,795,795,0
2022-08-03 13:50:00,795,795,795,795,0
2022-08-03 13:51:00,795,795,795,795,0
2022-08-03 13:52:00,795,795,795,795,0
2022-08-03 13:53:00,795,795,795,795,0
2022-08-03 13:54:00,795,795,795,795,0
2022-08-03 13:55:00,795,795,795,795,0
2022-08-03 13:56:00,795,795,795,795,0
2022-08-03 13:57:00,795,795,795,795,0
2022-08-03 13:58:00,800,800,800,800,200
2022-08-03 13:59:00,800,800,800,800,0
2022-08-03 14:00:00,800,800,800,800,0
2022-08-03 14:01:00,800,800,800,800,0
2022-08-03 14:02:00,800,800,800,800,0
2022-08-03 14:03:00,800,800,800,800,0
2022-08-03 14:04:00,800,800,800,800,0
2022-08-03 14:05:00,800,800,800,800,0
2022-08-03 14:06:00,800,800,800,800,0
2022-08-03 14:07:00,800,800,800,800,0
2022-08-03 14:08:00,800,800,800,800,0
2022-08-03 14:09:00,800,800,800,800,0
2022-08-03 14:10:00,800,800,800,800,0
2022-08-03 14:11:00,800,800,800,800,0
2022-08-03 14:12:00,800,800,800,800,0
2022-08-03 14:13:00,795,790,795,790,135500
2022-08-03 14:14:00,795,790,795,790,0
2022-08-03 14:15:00,795,790,795,790,0
2022-08-03 14:16:00,795,790,795,790,34200
2022-08-03 14:17:00,800,800,800,800,0
2022-08-03 14:18:00,800,800,800,800,0
2022-08-03 14:19:00,800,800,800,800,0
2022-08-03 14:20:00,800,800,800,800,1800
2022-08-03 14:21:00,800,800,800,800,0
2022-08-03 14:22:00,800,800,800,800,0
2022-08-03 14:23:00,800,800,800,800,0
2022-08-03 14:24:00,800,800,800,800,0
2022-08-03 14:25:00,800,800,800,800,0
2022-08-03 14:26:00,805,805,805,805,200
2022-08-03 14:27:00,805,805,805,805,0
2022-08-03 14:28:00,805,805,805,805,0
2022-08-03 14:29:00,805,805,805,805,0
2022-08-03 14:30:00,805,805,805,805,0
2022-08-03 14:31:00,805,805,805,805,0
2022-08-03 14:32:00,805,805,805,805,0
2022-08-03 14:33:00,805,805,805,805,0
2022-08-03 14:34:00,805,805,805,805,0
2022-08-03 14:35:00,805,805,805,805,0
2022-08-03 14:36:00,805,805,805,805,0
2022-08-03 14:37:00,805,805,805,805,0
2022-08-03 14:38:00,805,805,805,805,0
2022-08-03 14:39:00,805,805,805,805,0
2022-08-03 14:40:00,805,805,805,805,200
2022-08-03 14:41:00,805,805,805,805,0
2022-08-03 14:42:00,805,805,805,805,0
2022-08-03 14:43:00,805,805,805,805,0
2022-08-03 14:44:00,805,805,805,805,0
2022-08-03 14:45:00,805,805,805,805,0
2022-08-03 14:46:00,800,800,800,800,5300
2022-08-03 14:47:00,800,800,800,800,0
2022-08-03 14:48:00,800,800,800,800,0
2022-08-03 14:49:00,805,805,805,805,0
2022-08-03 14:50:00,805,805,805,805,0
2022-08-03 14:51:00,805,805,805,805,0
2022-08-03 14:52:00,805,805,805,805,0
2022-08-03 14:53:00,805,805,805,805,0
2022-08-03 14:54:00,805,805,805,805,0
2022-08-03 14:55:00,805,805,805,805,0
2022-08-03 14:56:00,805,805,805,805,0
2022-08-03 14:57:00,805,805,805,805,0
2022-08-03 14:58:00,805,805,805,805,0
2022-08-03 14:59:00,805,805,805,805,0
2022-08-03 15:00:00,805,805,805,805,1400
2022-08-03 15:01:00,805,805,805,805,0
2022-08-03 15:02:00,805,805,805,805,0
2022-08-03 15:03:00,805,805,805,805,0
2022-08-03 15:04:00,805,805,805,805,0
2022-08-03 15:05:00,805,805,805,805,0
2022-08-03 15:06:00,805,805,805,805,2200
2022-08-03 15:07:00,805,805,805,805,0
2022-08-03 15:08:00,805,805,805,805,0
2022-08-03 15:09:00,805,805,805,805,0
2022-08-03 15:10:00,805,805,805,805,0
2022-08-03 15:11:00,805,805,805,805,0
2022-08-03 15:12:00,805,805,805,805,0
2022-08-03 15:13:00,805,805,805,805,0
2022-08-03 15:14:00,805,805,805,805,0
2022-08-03 15:15:00,805,805,805,805,0
2022-08-03 15:16:00,805,805,805,805,0
2022-08-03 15:17:00,805,805,805,805,0
2022-08-03 15:18:00,805,805,805,805,0
2022-08-03 15:19:00,805,805,805,805,0
2022-08-03 15:20:00,805,805,805,805,0
2022-08-03 15:21:00,805,805,805,805,0
2022-08-03 15:22:00,805,805,805,805,0
2022-08-03 15:23:00,805,805,805,805,0
2022-08-03 15:24:00,805,805,805,805,0
2022-08-03 15:25:00,805,805,805,805,0
2022-08-03 15:26:00,805,805,805,805,0
2022-08-03 15:27:00,805,805,805,805,0
2022-08-03 15:28:00,805,805,805,805,0
2022-08-03 15:29:00,805,805,805,805,0
2022-08-03 15:30:00,805,805,805,805,0
2022-08-03 15:31:00,805,805,805,805,0
2022-08-03 15:32:00,805,805,805,805,0
2022-08-03 15:33:00,805,805,805,805,0
2022-08-03 15:34:00,805,805,805,805,0
2022-08-03 15:35:00,805,805,805,805,0
2022-08-03 15:36:00,805,805,805,805,0
2022-08-03 15:37:00,805,805,805,805,0
2022-08-03 15:38:00,805,805,805,805,0
2022-08-03 15:39:00,805,805,805,805,0
2022-08-03 15:40:00,805,805,805,805,0
2022-08-03 15:41:00,805,805,805,805,0
2022-08-03 15:42:00,805,805,805,805,0
2022-08-03 15:43:00,805,805,805,805,0
2022-08-03 15:44:00,805,805,805,805,0
2022-08-03 15:45:00,805,805,805,805,0
2022-08-03 15:46:00,805,805,805,805,0
2022-08-03 15:47:00,805,805,805,805,0
2022-08-03 15:48:00,805,805,805,805,0
2022-08-03 15:49:00,805,805,805,805,0
2022-08-03 15:50:00,805,805,805,805,0
2022-08-03 15:51:00,805,805,805,805,0
2022-08-03 15:52:00,805,805,805,805,0
2022-08-03 15:53:00,805,805,805,805,0
2022-08-03 15:54:00,805,805,805,805,0
2022-08-03 15:55:00,805,805,805,805,0
2022-08-03 15:56:00,805,805,805,805,0
2022-08-03 15:57:00,805,805,805,805,0
2022-08-03 15:58:00,805,805,805,805,0
2022-08-03 15:59:00,805,805,805,805,0
2022-08-04 09:00:00,810,805,810,810,7600
2022-08-04 09:01:00,805,805,805,805,900
2022-08-04 09:02:00,805,805,805,805,2100
2022-08-04 09:03:00,810,810,815,815,24900
2022-08-04 09:04:00,815,815,815,815,13200
2022-08-04 09:05:00,815,815,815,815,0
2022-08-04 09:06:00,815,815,815,815,0
2022-08-04 09:07:00,810,810,810,810,200
2022-08-04 09:08:00,810,810,810,810,0
2022-08-04 09:09:00,810,810,810,810,0
2022-08-04 09:10:00,810,810,810,810,0
2022-08-04 09:11:00,810,810,810,810,0
2022-08-04 09:12:00,810,810,810,810,0
2022-08-04 09:13:00,810,810,810,810,0
2022-08-04 09:14:00,810,810,810,810,0
2022-08-04 09:15:00,810,810,810,810,0
2022-08-04 09:16:00,810,810,810,810,0
2022-08-04 09:17:00,810,810,810,810,0
2022-08-04 09:18:00,800,800,800,800,1700
2022-08-04 09:19:00,795,795,795,795,200
2022-08-04 09:20:00,795,795,795,795,12600
2022-08-04 09:21:00,795,780,795,785,89600
2022-08-04 09:22:00,785,780,785,780,5700
2022-08-04 09:23:00,785,785,785,785,18400
2022-08-04 09:24:00,785,780,785,780,5800
2022-08-04 09:25:00,780,780,780,780,7500
2022-08-04 09:26:00,785,785,785,785,200
2022-08-04 09:27:00,785,785,785,785,33200
2022-08-04 09:28:00,785,785,785,785,10900
2022-08-04 09:29:00,785,785,785,785,0
2022-08-04 09:30:00,785,785,785,785,300
2022-08-04 09:31:00,785,785,785,785,27600
2022-08-04 09:32:00,785,785,785,785,0
2022-08-04 09:33:00,785,785,785,785,0
2022-08-04 09:34:00,785,785,785,785,0
2022-08-04 09:35:00,790,790,790,790,0
2022-08-04 09:36:00,795,795,795,795,0
2022-08-04 09:37:00,795,795,795,795,0
2022-08-04 09:38:00,790,780,790,780,99900
2022-08-04 09:39:00,790,780,790,780,0
2022-08-04 09:40:00,790,780,790,780,0
2022-08-04 09:41:00,780,780,780,780,8000
2022-08-04 09:42:00,780,780,780,780,0
2022-08-04 09:43:00,780,780,780,780,0
2022-08-04 09:44:00,780,780,780,780,0
2022-08-04 09:45:00,785,785,785,785,12700
2022-08-04 09:46:00,785,785,785,785,0
2022-08-04 09:47:00,785,785,785,785,1700
2022-08-04 09:48:00,785,780,785,780,7800
2022-08-04 09:49:00,785,780,785,780,0
2022-08-04 09:50:00,780,780,780,780,0
2022-08-04 09:51:00,785,785,785,785,7300
2022-08-04 09:52:00,785,785,785,785,0
2022-08-04 09:53:00,785,785,785,785,0
2022-08-04 09:54:00,785,785,785,785,0
2022-08-04 09:55:00,785,785,785,785,0
2022-08-04 09:56:00,785,785,785,785,5800
2022-08-04 09:57:00,785,785,785,785,0
2022-08-04 09:58:00,785,785,785,785,0
2022-08-04 09:59:00,785,785,785,785,0
2022-08-04 10:00:00,785,785,785,785,0
2022-08-04 10:01:00,785,785,785,785,0
2022-08-04 10:02:00,785,785,785,785,1200
2022-08-04 10:03:00,780,780,780,780,1200
2022-08-04 10:04:00,780,780,780,780,0
2022-08-04 10:05:00,785,785,785,785,0
2022-08-04 10:06:00,785,785,785,785,0
2022-08-04 10:07:00,785,785,785,785,0
2022-08-04 10:08:00,785,785,785,785,0
2022-08-04 10:09:00,785,785,785,785,0
2022-08-04 10:10:00,785,785,785,785,0
2022-08-04 10:11:00,785,785,785,785,0
2022-08-04 10:12:00,785,785,785,785,0
2022-08-04 10:13:00,785,785,785,785,0
2022-08-04 10:14:00,785,785,785,785,0
2022-08-04 10:15:00,785,785,785,785,0
2022-08-04 10:16:00,785,785,785,785,0
2022-08-04 10:17:00,785,785,785,785,0
2022-08-04 10:18:00,785,785,785,785,0
2022-08-04 10:19:00,785,785,785,785,0
2022-08-04 10:20:00,785,785,785,785,0
2022-08-04 10:21:00,785,785,785,785,0
2022-08-04 10:22:00,790,790,790,790,200
2022-08-04 10:23:00,785,780,785,780,64900
2022-08-04 10:24:00,785,780,785,780,0
2022-08-04 10:25:00,785,780,785,780,0
2022-08-04 10:26:00,785,780,785,780,0
2022-08-04 10:27:00,785,780,785,780,3900
2022-08-04 10:28:00,780,780,780,780,98000
2022-08-04 10:29:00,780,780,780,780,37700
2022-08-04 10:30:00,780,780,780,780,0
2022-08-04 10:31:00,785,785,785,785,0
2022-08-04 10:32:00,785,780,785,780,19600
2022-08-04 10:33:00,775,770,780,770,223700
2022-08-04 10:34:00,770,770,770,770,1400
2022-08-04 10:35:00,775,775,775,775,0
2022-08-04 10:36:00,775,775,775,775,0
2022-08-04 10:37:00,775,775,775,775,0
2022-08-04 10:38:00,775,775,775,775,0
2022-08-04 10:39:00,775,775,775,775,0
2022-08-04 10:40:00,775,775,775,775,7700
2022-08-04 10:41:00,775,775,775,775,20000
2022-08-04 10:42:00,775,775,775,775,0
2022-08-04 10:43:00,775,775,775,775,11000
2022-08-04 10:44:00,775,775,775,775,400
2022-08-04 10:45:00,775,775,775,775,0
2022-08-04 10:46:00,775,775,775,775,0
2022-08-04 10:47:00,775,775,775,775,4000
2022-08-04 10:48:00,770,770,770,770,22700
2022-08-04 10:49:00,770,770,770,770,0
2022-08-04 10:50:00,770,770,770,770,0
2022-08-04 10:51:00,770,770,770,770,0
2022-08-04 10:52:00,775,775,780,780,1100
2022-08-04 10:53:00,775,775,780,780,0
2022-08-04 10:54:00,780,780,780,780,400
2022-08-04 10:55:00,780,780,780,780,0
2022-08-04 10:56:00,780,780,780,780,0
2022-08-04 10:57:00,780,780,780,780,5000
2022-08-04 10:58:00,780,780,780,780,0
2022-08-04 10:59:00,780,780,780,780,0
2022-08-04 11:00:00,775,775,775,775,0
2022-08-04 11:01:00,775,775,775,775,0
2022-08-04 11:02:00,775,775,775,775,900
2022-08-04 11:03:00,775,775,775,775,0
2022-08-04 11:04:00,775,775,775,775,0
2022-08-04 11:05:00,780,780,780,780,0
2022-08-04 11:06:00,780,780,780,780,0
2022-08-04 11:07:00,780,780,780,780,27500
2022-08-04 11:08:00,780,780,780,780,7400
2022-08-04 11:09:00,775,775,775,775,65000
2022-08-04 11:10:00,775,775,775,775,0
2022-08-04 11:11:00,775,775,785,785,1300
2022-08-04 11:12:00,775,775,785,785,0
2022-08-04 11:13:00,780,780,780,780,300
2022-08-04 11:14:00,780,780,780,780,4800
2022-08-04 11:15:00,780,780,780,780,0
2022-08-04 11:16:00,780,780,780,780,0
2022-08-04 11:17:00,780,780,780,780,0
2022-08-04 11:18:00,780,780,780,780,0
2022-08-04 11:19:00,780,780,780,780,0
2022-08-04 11:20:00,780,780,780,780,0
2022-08-04 11:21:00,780,780,780,780,1800
2022-08-04 11:22:00,780,780,780,780,0
2022-08-04 11:23:00,780,780,780,780,0
2022-08-04 11:24:00,780,780,780,780,7500
2022-08-04 11:25:00,780,780,780,780,0
2022-08-04 11:26:00,780,780,780,780,9000
2022-08-04 11:27:00,780,780,780,780,6300
2022-08-04 11:28:00,780,780,780,780,0
2022-08-04 11:29:00,780,780,780,780,0
2022-08-04 11:30:00,780,780,780,780,0
2022-08-04 11:31:00,780,780,780,780,0
2022-08-04 11:32:00,780,780,780,780,0
2022-08-04 11:33:00,780,780,780,780,0
2022-08-04 11:34:00,780,780,780,780,0
2022-08-04 11:35:00,780,780,780,780,0
2022-08-04 11:36:00,780,780,780,780,0
2022-08-04 11:37:00,780,780,780,780,0
2022-08-04 11:38:00,780,780,780,780,0
2022-08-04 11:39:00,780,780,780,780,0
2022-08-04 11:40:00,780,780,780,780,0
2022-08-04 11:41:00,780,780,780,780,0
2022-08-04 11:42:00,780,780,780,780,0
2022-08-04 11:43:00,780,780,780,780,0
2022-08-04 11:44:00,780,780,780,780,0
2022-08-04 11:45:00,780,780,780,780,0
2022-08-04 11:46:00,780,780,780,780,0
2022-08-04 11:47:00,780,780,780,780,0
2022-08-04 11:48:00,780,780,780,780,0
2022-08-04 11:49:00,780,780,780,780,0
2022-08-04 11:50:00,780,780,780,780,0
2022-08-04 11:51:00,780,780,780,780,0
2022-08-04 11:52:00,780,780,780,780,0
2022-08-04 11:53:00,780,780,780,780,0
2022-08-04 11:54:00,780,780,780,780,0
2022-08-04 11:55:00,780,780,780,780,0
2022-08-04 11:56:00,780,780,780,780,0
2022-08-04 11:57:00,780,780,780,780,0
2022-08-04 11:58:00,780,780,780,780,0
2022-08-04 11:59:00,780,780,780,780,0
2022-08-04 12:00:00,780,780,780,780,0
2022-08-04 12:01:00,780,780,780,780,0
2022-08-04 12:02:00,780,780,780,780,0
2022-08-04 12:03:00,780,780,780,780,0
2022-08-04 12:04:00,780,780,780,780,0
2022-08-04 12:05:00,780,780,780,780,0
2022-08-04 12:06:00,780,780,780,780,0
2022-08-04 12:07:00,780,780,780,780,0
2022-08-04 12:08:00,780,780,780,780,0
2022-08-04 12:09:00,780,780,780,780,0
2022-08-04 12:10:00,780,780,780,780,0
2022-08-04 12:11:00,780,780,780,780,0
2022-08-04 12:12:00,780,780,780,780,0
2022-08-04 12:13:00,780,780,780,780,0
2022-08-04 12:14:00,780,780,780,780,0
2022-08-04 12:15:00,780,780,780,780,0
2022-08-04 12:16:00,780,780,780,780,0
2022-08-04 12:17:00,780,780,780,780,0
2022-08-04 12:18:00,780,780,780,780,0
2022-08-04 12:19:00,780,780,780,780,0
2022-08-04 12:20:00,780,780,780,780,0
2022-08-04 12:21:00,780,780,780,780,0
2022-08-04 12:22:00,780,780,780,780,0
2022-08-04 12:23:00,780,780,780,780,0
2022-08-04 12:24:00,780,780,780,780,0
2022-08-04 12:25:00,780,780,780,780,0
2022-08-04 12:26:00,780,780,780,780,0
2022-08-04 12:27:00,780,780,780,780,0
2022-08-04 12:28:00,780,780,780,780,0
2022-08-04 12:29:00,780,780,780,780,0
2022-08-04 12:30:00,780,780,780,780,0
2022-08-04 12:31:00,780,780,780,780,0
2022-08-04 12:32:00,780,780,780,780,0
2022-08-04 12:33:00,780,780,780,780,0
2022-08-04 12:34:00,780,780,780,780,0
2022-08-04 12:35:00,780,780,780,780,0
2022-08-04 12:36:00,780,780,780,780,0
2022-08-04 12:37:00,780,780,780,780,0
2022-08-04 12:38:00,780,780,780,780,0
2022-08-04 12:39:00,780,780,780,780,0
2022-08-04 12:40:00,780,780,780,780,0
2022-08-04 12:41:00,780,780,780,780,0
2022-08-04 12:42:00,780,780,780,780,0
2022-08-04 12:43:00,780,780,780,780,0
2022-08-04 12:44:00,780,780,780,780,0
2022-08-04 12:45:00,780,780,780,780,0
2022-08-04 12:46:00,780,780,780,780,0
2022-08-04 12:47:00,780,780,780,780,0
2022-08-04 12:48:00,780,780,780,780,0
2022-08-04 12:49:00,780,780,780,780,0
2022-08-04 12:50:00,780,780,780,780,0
2022-08-04 12:51:00,780,780,780,780,0
2022-08-04 12:52:00,780,780,780,780,0
2022-08-04 12:53:00,780,780,780,780,0
2022-08-04 12:54:00,780,780,780,780,0
2022-08-04 12:55:00,780,780,780,780,0
2022-08-04 12:56:00,780,780,780,780,0
2022-08-04 12:57:00,780,780,780,780,0
2022-08-04 12:58:00,780,780,780,780,0
2022-08-04 12:59:00,780,780,780,780,0
2022-08-04 13:00:00,780,780,780,780,0
2022-08-04 13:01:00,780,780,780,780,0
2022-08-04 13:02:00,780,780,780,780,0
2022-08-04 13:03:00,780,780,780,780,0
2022-08-04 13:04:00,780,780,780,780,0
2022-08-04 13:05:00,780,780,780,780,0
2022-08-04 13:06:00,780,780,780,780,0
2022-08-04 13:07:00,780,780,780,780,0
2022-08-04 13:08:00,780,780,780,780,0
2022-08-04 13:09:00,780,780,780,780,0
2022-08-04 13:10:00,780,780,780,780,0
2022-08-04 13:11:00,780,780,780,780,0
2022-08-04 13:12:00,780,780,780,780,0
2022-08-04 13:13:00,780,780,780,780,0
2022-08-04 13:14:00,780,780,780,780,0
2022-08-04 13:15:00,780,780,780,780,0
2022-08-04 13:16:00,780,780,780,780,0
2022-08-04 13:17:00,780,780,780,780,0
2022-08-04 13:18:00,780,780,780,780,0
2022-08-04 13:19:00,780,780,780,780,0
2022-08-04 13:20:00,780,780,780,780,0
2022-08-04 13:21:00,780,780,780,780,0
2022-08-04 13:22:00,780,780,780,780,0
2022-08-04 13:23:00,780,780,780,780,0
2022-08-04 13:24:00,780,780,780,780,0
2022-08-04 13:25:00,780,780,780,780,0
2022-08-04 13:26:00,780,780,780,780,0
2022-08-04 13:27:00,780,780,780,780,0
2022-08-04 13:28:00,780,780,780,780,0
2022-08-04 13:29:00,780,780,780,780,0
2022-08-04 13:30:00,775,775,780,780,2300
2022-08-04 13:31:00,775,775,780,780,0
2022-08-04 13:32:00,775,775,780,780,0
2022-08-04 13:33:00,775,775,780,780,0
2022-08-04 13:34:00,775,775,780,780,0
2022-08-04 13:35:00,780,780,780,780,17500
2022-08-04 13:36:00,780,780,780,780,0
2022-08-04 13:37:00,780,780,780,780,0
2022-08-04 13:38:00,780,780,780,780,300
2022-08-04 13:39:00,780,780,780,780,0
2022-08-04 13:40:00,780,780,780,780,0
2022-08-04 13:41:00,780,780,780,780,5100
2022-08-04 13:42:00,780,780,780,780,500
2022-08-04 13:43:00,780,780,780,780,0
2022-08-04 13:44:00,780,780,780,780,0
2022-08-04 13:45:00,780,780,780,780,0
2022-08-04 13:46:00,780,780,780,780,0
2022-08-04 13:47:00,780,780,780,780,0
2022-08-04 13:48:00,780,780,780,780,0
2022-08-04 13:49:00,780,780,780,780,0
2022-08-04 13:50:00,780,780,780,780,0
2022-08-04 13:51:00,780,780,780,780,0
2022-08-04 13:52:00,780,780,780,780,0
2022-08-04 13:53:00,780,780,780,780,0
2022-08-04 13:54:00,780,780,780,780,0
2022-08-04 13:55:00,780,780,780,780,0
2022-08-04 13:56:00,785,785,785,785,4200
2022-08-04 13:57:00,785,785,785,785,300
2022-08-04 13:58:00,785,785,785,785,0
2022-08-04 13:59:00,785,785,785,785,0
2022-08-04 14:00:00,785,785,785,785,1300
2022-08-04 14:01:00,785,785,785,785,0
2022-08-04 14:02:00,785,785,785,785,0
2022-08-04 14:03:00,785,785,785,785,0
2022-08-04 14:04:00,785,785,785,785,0
2022-08-04 14:05:00,785,785,785,785,3300
2022-08-04 14:06:00,785,785,785,785,0
2022-08-04 14:07:00,785,785,785,785,0
2022-08-04 14:08:00,785,785,785,785,0
2022-08-04 14:09:00,785,785,785,785,0
2022-08-04 14:10:00,785,785,785,785,0
2022-08-04 14:11:00,785,785,785,785,0
2022-08-04 14:12:00,785,785,785,785,400
2022-08-04 14:13:00,785,785,785,785,0
2022-08-04 14:14:00,785,785,785,785,9800
2022-08-04 14:15:00,785,785,785,785,0
2022-08-04 14:16:00,785,785,785,785,0
2022-08-04 14:17:00,785,785,785,785,0
2022-08-04 14:18:00,785,785,785,785,0
2022-08-04 14:19:00,785,785,785,785,0
2022-08-04 14:20:00,785,785,785,785,4000
2022-08-04 14:21:00,785,785,785,785,0
2022-08-04 14:22:00,785,785,785,785,0
2022-08-04 14:23:00,785,785,785,785,0
2022-08-04 14:24:00,785,785,785,785,1000
2022-08-04 14:25:00,785,785,785,785,500
2022-08-04 14:26:00,785,785,785,785,0
2022-08-04 14:27:00,785,785,785,785,0
2022-08-04 14:28:00,785,785,785,785,9000
2022-08-04 14:29:00,785,785,785,785,0
2022-08-04 14:30:00,790,790,790,790,35500
2022-08-04 14:31:00,785,785,785,785,0
2022-08-04 14:32:00,790,790,790,790,0
2022-08-04 14:33:00,790,790,790,790,0
2022-08-04 14:34:00,790,790,790,790,0
2022-08-04 14:35:00,790,790,790,790,0
2022-08-04 14:36:00,790,790,790,790,2000
2022-08-04 14:37:00,790,790,790,790,0
2022-08-04 14:38:00,790,790,790,790,0
2022-08-04 14:39:00,790,790,790,790,0
2022-08-04 14:40:00,790,790,790,790,0
2022-08-04 14:41:00,790,790,790,790,0
2022-08-04 14:42:00,790,790,790,790,0
2022-08-04 14:43:00,790,790,790,790,0
2022-08-04 14:44:00,790,790,790,790,0
2022-08-04 14:45:00,790,790,790,790,0
2022-08-04 14:46:00,790,790,790,790,0
2022-08-04 14:47:00,790,790,790,790,0
2022-08-04 14:48:00,785,780,785,780,5000
2022-08-04 14:49:00,785,780,785,780,0
2022-08-04 14:50:00,785,780,785,780,0
2022-08-04 14:51:00,785,780,785,780,0
2022-08-04 14:52:00,785,780,785,780,0
2022-08-04 14:53:00,785,780,785,780,0
2022-08-04 14:54:00,785,780,785,780,0
2022-08-04 14:55:00,785,780,785,780,0
2022-08-04 14:56:00,785,780,785,780,0
2022-08-04 14:57:00,785,780,785,780,0
2022-08-04 14:58:00,785,780,785,780,0
2022-08-04 14:59:00,785,780,785,780,0
2022-08-04 15:00:00,780,780,780,780,81400
2022-08-04 15:01:00,780,780,780,780,0
2022-08-04 15:02:00,780,780,780,780,0
2022-08-04 15:03:00,780,780,780,780,0
2022-08-04 15:04:00,780,780,780,780,0
2022-08-04 15:05:00,780,780,780,780,0
2022-08-04 15:06:00,780,780,780,780,0
2022-08-04 15:07:00,780,780,780,780,0
2022-08-04 15:08:00,780,780,780,780,0
2022-08-04 15:09:00,780,780,780,780,0
2022-08-04 15:10:00,780,780,780,780,0
2022-08-04 15:11:00,780,780,780,780,0
2022-08-04 15:12:00,780,780,780,780,0
2022-08-04 15:13:00,780,780,780,780,0
2022-08-04 15:14:00,780,780,780,780,0
2022-08-04 15:15:00,780,780,780,780,0
2022-08-04 15:16:00,780,780,780,780,0
2022-08-04 15:17:00,780,780,780,780,0
2022-08-04 15:18:00,780,780,780,780,0
2022-08-04 15:19:00,780,780,780,780,0
2022-08-04 15:20:00,780,780,780,780,0
2022-08-04 15:21:00,780,780,780,780,0
2022-08-04 15:22:00,780,780,780,780,0
2022-08-04 15:23:00,780,780,780,780,0
2022-08-04 15:24:00,780,780,780,780,0
2022-08-04 15:25:00,780,780,780,780,0
2022-08-04 15:26:00,780,780,780,780,0
2022-08-04 15:27:00,780,780,780,780,0
2022-08-04 15:28:00,780,780,780,780,0
2022-08-04 15:29:00,780,780,780,780,0
2022-08-04 15:30:00,780,780,780,780,0
2022-08-04 15:31:00,780,780,780,780,0
2022-08-04 15:32:00,780,780,780,780,0
2022-08-04 15:33:00,780,780,780,780,0
2022-08-04 15:34:00,780,780,780,780,0
2022-08-04 15:35:00,780,780,780,780,0
2022-08-04 15:36:00,780,780,780,780,0
2022-08-04 15:37:00,780,780,780,780,0
2022-08-04 15:38:00,780,780,780,780,0
2022-08-04 15:39:00,780,780,780,780,0
2022-08-04 15:40:00,780,780,780,780,0
2022-08-04 15:41:00,780,780,780,780,0
2022-08-04 15:42:00,780,780,780,780,0
2022-08-04 15:43:00,780,780,780,780,0
2022-08-04 15:44:00,780,780,780,780,0
2022-08-04 15:45:00,780,780,780,780,0
2022-08-04 15:46:00,780,780,780,780,0
2022-08-04 15:47:00,780,780,780,780,0
2022-08-04 15:48:00,780,780,780,780,0
2022-08-04 15:49:00,780,780,780,780,0
2022-08-04 15:50:00,780,780,780,780,0
2022-08-04 15:51:00,780,780,780,780,0
2022-08-04 15:52:00,780,780,780,780,0
2022-08-04 15:53:00,780,780,780,780,0
2022-08-04 15:54:00,780,780,780,780,0
2022-08-04 15:55:00,780,780,780,780,0
2022-08-04 15:56:00,780,780,780,780,0
2022-08-04 15:57:00,780,780,780,780,0
2022-08-04 15:58:00,780,780,780,780,0
2022-08-04 15:59:00,780,780,780,780,0
2022-08-05 09:00:00,790,780,790,780,2600
2022-08-05 09:01:00,780,780,780,780,3200
2022-08-05 09:02:00,780,780,780,780,0
2022-08-05 09:03:00,780,780,780,780,0
2022-08-05 09:04:00,780,780,780,780,2000
2022-08-05 09:05:00,775,775,780,780,0
2022-08-05 09:06:00,780,780,780,780,2100
2022-08-05 09:07:00,780,780,780,780,0
2022-08-05 09:08:00,780,780,780,780,0
2022-08-05 09:09:00,780,780,780,780,0
2022-08-05 09:10:00,780,780,780,780,0
2022-08-05 09:11:00,785,785,785,785,200
2022-08-05 09:12:00,785,785,785,785,0
2022-08-05 09:13:00,785,785,785,785,0
2022-08-05 09:14:00,785,785,785,785,0
2022-08-05 09:15:00,785,785,785,785,0
2022-08-05 09:16:00,785,785,785,785,0
2022-08-05 09:17:00,785,785,785,785,0
2022-08-05 09:18:00,785,785,785,785,0
2022-08-05 09:19:00,785,785,785,785,0
2022-08-05 09:20:00,785,785,785,785,1900
2022-08-05 09:21:00,785,785,785,785,0
2022-08-05 09:22:00,785,785,785,785,0
2022-08-05 09:23:00,785,785,785,785,0
2022-08-05 09:24:00,785,785,785,785,0
2022-08-05 09:25:00,785,785,785,785,0
2022-08-05 09:26:00,785,785,785,785,0
2022-08-05 09:27:00,785,785,785,785,600
2022-08-05 09:28:00,785,785,785,785,0
2022-08-05 09:29:00,785,785,785,785,0
2022-08-05 09:30:00,780,780,780,780,8300
2022-08-05 09:31:00,780,780,780,780,14200
2022-08-05 09:32:00,780,780,780,780,0
2022-08-05 09:33:00,780,780,780,780,0
2022-08-05 09:34:00,780,780,780,780,4000
2022-08-05 09:35:00,780,780,780,780,1000
2022-08-05 09:36:00,780,780,780,780,0
2022-08-05 09:37:00,780,780,780,780,0
2022-08-05 09:38:00,780,780,780,780,0
2022-08-05 09:39:00,780,780,780,780,0
2022-08-05 09:40:00,780,780,780,780,0
2022-08-05 09:41:00,780,780,780,780,0
2022-08-05 09:42:00,780,780,780,780,0
2022-08-05 09:43:00,780,780,780,780,2000
2022-08-05 09:44:00,780,780,780,780,0
2022-08-05 09:45:00,780,780,780,780,0
2022-08-05 09:46:00,780,780,780,780,0
2022-08-05 09:47:00,780,780,780,780,0
2022-08-05 09:48:00,780,780,780,780,0
2022-08-05 09:49:00,780,780,780,780,0
2022-08-05 09:50:00,780,780,780,780,1000
2022-08-05 09:51:00,780,780,780,780,0
2022-08-05 09:52:00,780,780,780,780,0
2022-08-05 09:53:00,780,780,780,780,0
2022-08-05 09:54:00,780,780,780,780,0
2022-08-05 09:55:00,780,780,780,780,0
2022-08-05 09:56:00,780,780,780,780,0
2022-08-05 09:57:00,780,780,780,780,0
2022-08-05 09:58:00,780,775,780,775,88500
2022-08-05 09:59:00,775,770,775,770,340200
2022-08-05 10:00:00,780,780,780,780,0
2022-08-05 10:01:00,780,780,780,780,0
2022-08-05 10:02:00,780,780,780,780,1300
2022-08-05 10:03:00,780,780,780,780,0
2022-08-05 10:04:00,780,780,780,780,0
2022-08-05 10:05:00,780,780,780,780,0
2022-08-05 10:06:00,780,780,780,780,0
2022-08-05 10:07:00,780,780,780,780,0
2022-08-05 10:08:00,780,780,780,780,500
2022-08-05 10:09:00,780,780,780,780,0
2022-08-05 10:10:00,780,780,780,780,0
2022-08-05 10:11:00,780,780,780,780,0
2022-08-05 10:12:00,780,780,780,780,2000
2022-08-05 10:13:00,780,780,780,780,0
2022-08-05 10:14:00,780,780,780,780,0
2022-08-05 10:15:00,780,780,780,780,0
2022-08-05 10:16:00,780,780,780,780,5800
2022-08-05 10:17:00,780,780,780,780,0
2022-08-05 10:18:00,780,780,780,780,0
2022-08-05 10:19:00,780,780,780,780,0
2022-08-05 10:20:00,780,780,780,780,1000
2022-08-05 10:21:00,780,780,780,780,0
2022-08-05 10:22:00,780,780,780,780,0
2022-08-05 10:23:00,780,780,780,780,0
2022-08-05 10:24:00,780,780,780,780,0
2022-08-05 10:25:00,780,780,780,780,0
2022-08-05 10:26:00,780,780,780,780,10000
2022-08-05 10:27:00,780,775,780,775,0
2022-08-05 10:28:00,780,780,780,780,1800
2022-08-05 10:29:00,780,780,780,780,0
2022-08-05 10:30:00,780,780,780,780,0
2022-08-05 10:31:00,780,780,780,780,0
2022-08-05 10:32:00,780,780,780,780,0
2022-08-05 10:33:00,780,780,780,780,0
2022-08-05 10:34:00,780,780,780,780,0
2022-08-05 10:35:00,780,780,780,780,0
2022-08-05 10:36:00,780,780,780,780,0
2022-08-05 10:37:00,780,780,780,780,400
2022-08-05 10:38:00,780,780,780,780,200
2022-08-05 10:39:00,780,780,780,780,0
2022-08-05 10:40:00,780,780,780,780,0
2022-08-05 10:41:00,780,780,780,780,0
2022-08-05 10:42:00,780,780,780,780,0
2022-08-05 10:43:00,780,780,780,780,0
2022-08-05 10:44:00,780,780,780,780,8100
2022-08-05 10:45:00,780,780,780,780,0
2022-08-05 10:46:00,780,780,780,780,0
2022-08-05 10:47:00,780,780,780,780,0
2022-08-05 10:48:00,780,780,780,780,0
2022-08-05 10:49:00,780,780,780,780,0
2022-08-05 10:50:00,780,780,780,780,0
2022-08-05 10:51:00,780,780,780,780,0
2022-08-05 10:52:00,780,780,780,780,0
2022-08-05 10:53:00,780,780,780,780,2400
2022-08-05 10:54:00,780,780,780,780,0
2022-08-05 10:55:00,780,780,780,780,0
2022-08-05 10:56:00,780,780,780,780,0
2022-08-05 10:57:00,780,780,780,780,0
2022-08-05 10:58:00,780,780,780,780,0
2022-08-05 10:59:00,780,780,780,780,0
2022-08-05 11:00:00,780,780,780,780,2000
2022-08-05 11:01:00,780,780,780,780,0
2022-08-05 11:02:00,780,780,780,780,0
2022-08-05 11:03:00,780,780,780,780,1000
2022-08-05 11:04:00,780,775,780,775,8900
2022-08-05 11:05:00,780,775,780,775,0
2022-08-05 11:06:00,770,770,770,770,1100
2022-08-05 11:07:00,770,770,770,770,0
2022-08-05 11:08:00,770,770,770,770,0
2022-08-05 11:09:00,770,770,770,770,0
2022-08-05 11:10:00,770,770,770,770,0
2022-08-05 11:11:00,770,770,770,770,0
2022-08-05 11:12:00,770,770,770,770,0
2022-08-05 11:13:00,770,770,770,770,0
2022-08-05 11:14:00,770,770,770,770,0
2022-08-05 11:15:00,770,770,770,770,0
2022-08-05 11:16:00,770,770,770,770,0
2022-08-05 11:17:00,775,775,775,775,8400
2022-08-05 11:18:00,775,775,775,775,100
2022-08-05 11:19:00,775,775,775,775,100
2022-08-05 11:20:00,775,775,775,775,300
2022-08-05 11:21:00,775,775,775,775,0
2022-08-05 11:22:00,775,775,775,775,200
2022-08-05 11:23:00,775,775,775,775,0
2022-08-05 11:24:00,775,775,775,775,100
2022-08-05 11:25:00,775,775,775,775,0
2022-08-05 11:26:00,775,775,775,775,0
2022-08-05 11:27:00,775,775,775,775,1000
2022-08-05 11:28:00,775,775,775,775,0
2022-08-05 11:29:00,775,775,775,775,0
2022-08-05 11:30:00,775,775,775,775,0
2022-08-05 11:31:00,775,775,775,775,0
2022-08-05 11:32:00,775,775,775,775,0
2022-08-05 11:33:00,775,775,775,775,0
2022-08-05 11:34:00,775,775,775,775,0
2022-08-05 11:35:00,775,775,775,775,0
2022-08-05 11:36:00,775,775,775,775,0
2022-08-05 11:37:00,775,775,775,775,0
2022-08-05 11:38:00,775,775,775,775,0
2022-08-05 11:39:00,775,775,775,775,0
2022-08-05 11:40:00,775,775,775,775,0
2022-08-05 11:41:00,775,775,775,775,0
2022-08-05 11:42:00,775,775,775,775,0
2022-08-05 11:43:00,775,775,775,775,0
2022-08-05 11:44:00,775,775,775,775,0
2022-08-05 11:45:00,775,775,775,775,0
2022-08-05 11:46:00,775,775,775,775,0
2022-08-05 11:47:00,775,775,775,775,0
2022-08-05 11:48:00,775,775,775,775,0
2022-08-05 11:49:00,775,775,775,775,0
2022-08-05 11:50:00,775,775,775,775,0
2022-08-05 11:51:00,775,775,775,775,0
2022-08-05 11:52:00,775,775,775,775,0
2022-08-05 11:53:00,775,775,775,775,0
2022-08-05 11:54:00,775,775,775,775,0
2022-08-05 11:55:00,775,775,775,775,0
2022-08-05 11:56:00,775,775,775,775,0
2022-08-05 11:57:00,775,775,775,775,0
2022-08-05 11:58:00,775,775,775,775,0
2022-08-05 11:59:00,775,775,775,775,0
2022-08-05 12:00:00,775,775,775,775,0
2022-08-05 12:01:00,775,775,775,775,0
2022-08-05 12:02:00,775,775,775,775,0
2022-08-05 12:03:00,775,775,775,775,0
2022-08-05 12:04:00,775,775,775,775,0
2022-08-05 12:05:00,775,775,775,775,0
2022-08-05 12:06:00,775,775,775,775,0
2022-08-05 12:07:00,775,775,775,775,0
2022-08-05 12:08:00,775,775,775,775,0
2022-08-05 12:09:00,775,775,775,775,0
2022-08-05 12:10:00,775,775,775,775,0
2022-08-05 12:11:00,775,775,775,775,0
2022-08-05 12:12:00,775,775,775,775,0
2022-08-05 12:13:00,775,775,775,775,0
2022-08-05 12:14:00,775,775,775,775,0
2022-08-05 12:15:00,775,775,775,775,0
2022-08-05 12:16:00,775,775,775,775,0
2022-08-05 12:17:00,775,775,775,775,0
2022-08-05 12:18:00,775,775,775,775,0
2022-08-05 12:19:00,775,775,775,775,0
2022-08-05 12:20:00,775,775,775,775,0
2022-08-05 12:21:00,775,775,775,775,0
2022-08-05 12:22:00,775,775,775,775,0
2022-08-05 12:23:00,775,775,775,775,0
2022-08-05 12:24:00,775,775,775,775,0
2022-08-05 12:25:00,775,775,775,775,0
2022-08-05 12:26:00,775,775,775,775,0
2022-08-05 12:27:00,775,775,775,775,0
2022-08-05 12:28:00,775,775,775,775,0
2022-08-05 12:29:00,775,775,775,775,0
2022-08-05 12:30:00,775,775,775,775,0
2022-08-05 12:31:00,775,775,775,775,0
2022-08-05 12:32:00,775,775,775,775,0
2022-08-05 12:33:00,775,775,775,775,0
2022-08-05 12:34:00,775,775,775,775,0
2022-08-05 12:35:00,775,775,775,775,0
2022-08-05 12:36:00,775,775,775,775,0
2022-08-05 12:37:00,775,775,775,775,0
2022-08-05 12:38:00,775,775,775,775,0
2022-08-05 12:39:00,775,775,775,775,0
2022-08-05 12:40:00,775,775,775,775,0
2022-08-05 12:41:00,775,775,775,775,0
2022-08-05 12:42:00,775,775,775,775,0
2022-08-05 12:43:00,775,775,775,775,0
2022-08-05 12:44:00,775,775,775,775,0
2022-08-05 12:45:00,775,775,775,775,0
2022-08-05 12:46:00,775,775,775,775,0
2022-08-05 12:47:00,775,775,775,775,0
2022-08-05 12:48:00,775,775,775,775,0
2022-08-05 12:49:00,775,775,775,775,0
2022-08-05 12:50:00,775,775,775,775,0
2022-08-05 12:51:00,775,775,775,775,0
2022-08-05 12:52:00,775,775,775,775,0
2022-08-05 12:53:00,775,775,775,775,0
2022-08-05 12:54:00,775,775,775,775,0
2022-08-05 12:55:00,775,775,775,775,0
2022-08-05 12:56:00,775,775,775,775,0
2022-08-05 12:57:00,775,775,775,775,0
2022-08-05 12:58:00,775,775,775,775,0
2022-08-05 12:59:00,775,775,775,775,0
2022-08-05 13:00:00,775,775,775,775,0
2022-08-05 13:01:00,775,775,775,775,0
2022-08-05 13:02:00,775,775,775,775,0
2022-08-05 13:03:00,775,775,775,775,0
2022-08-05 13:04:00,775,775,775,775,0
2022-08-05 13:05:00,775,775,775,775,0
2022-08-05 13:06:00,775,775,775,775,0
2022-08-05 13:07:00,775,775,775,775,0
2022-08-05 13:08:00,775,775,775,775,0
2022-08-05 13:09:00,775,775,775,775,0
2022-08-05 13:10:00,775,775,775,775,0
2022-08-05 13:11:00,775,775,775,775,0
2022-08-05 13:12:00,775,775,775,775,0
2022-08-05 13:13:00,775,775,775,775,0
2022-08-05 13:14:00,775,775,775,775,0
2022-08-05 13:15:00,775,775,775,775,0
2022-08-05 13:16:00,775,775,775,775,0
2022-08-05 13:17:00,775,775,775,775,0
2022-08-05 13:18:00,775,775,775,775,0
2022-08-05 13:19:00,775,775,775,775,0
2022-08-05 13:20:00,775,775,775,775,0
2022-08-05 13:21:00,775,775,775,775,0
2022-08-05 13:22:00,775,775,775,775,0
2022-08-05 13:23:00,775,775,775,775,0
2022-08-05 13:24:00,775,775,775,775,0
2022-08-05 13:25:00,775,775,775,775,0
2022-08-05 13:26:00,775,775,775,775,0
2022-08-05 13:27:00,775,775,775,775,0
2022-08-05 13:28:00,775,775,775,775,0
2022-08-05 13:29:00,775,775,775,775,0
2022-08-05 13:30:00,775,775,775,775,300
2022-08-05 13:31:00,775,775,775,775,0
2022-08-05 13:32:00,775,775,775,775,1400
2022-08-05 13:33:00,775,775,775,775,0
2022-08-05 13:34:00,775,775,775,775,0
2022-08-05 13:35:00,775,775,775,775,0
2022-08-05 13:36:00,775,775,775,775,7800
2022-08-05 13:37:00,775,775,775,775,0
2022-08-05 13:38:00,775,775,775,775,0
2022-08-05 13:39:00,775,775,775,775,6600
2022-08-05 13:40:00,775,775,775,775,0
2022-08-05 13:41:00,775,775,775,775,0
2022-08-05 13:42:00,775,775,775,775,0
2022-08-05 13:43:00,775,775,775,775,0
2022-08-05 13:44:00,775,775,775,775,0
2022-08-05 13:45:00,775,775,775,775,0
2022-08-05 13:46:00,775,775,775,775,0
2022-08-05 13:47:00,780,780,780,780,0
2022-08-05 13:48:00,780,780,780,780,0
2022-08-05 13:49:00,780,780,780,780,0
2022-08-05 13:50:00,780,780,780,780,0
2022-08-05 13:51:00,780,780,780,780,0
2022-08-05 13:52:00,780,780,780,780,600
2022-08-05 13:53:00,780,780,780,780,0
2022-08-05 13:54:00,780,780,780,780,0
2022-08-05 13:55:00,780,780,780,780,0
2022-08-05 13:56:00,780,780,780,780,0
2022-08-05 13:57:00,780,780,780,780,0
2022-08-05 13:58:00,780,780,780,780,5000
2022-08-05 13:59:00,775,775,775,775,22300
2022-08-05 14:00:00,775,775,775,775,0
2022-08-05 14:01:00,775,775,775,775,0
2022-08-05 14:02:00,775,775,775,775,0
2022-08-05 14:03:00,775,775,775,775,1500
2022-08-05 14:04:00,775,775,775,775,0
2022-08-05 14:05:00,775,775,775,775,0
2022-08-05 14:06:00,775,775,775,775,5500
2022-08-05 14:07:00,775,775,775,775,0
2022-08-05 14:08:00,775,775,775,775,200
2022-08-05 14:09:00,775,775,775,775,0
2022-08-05 14:10:00,775,775,775,775,0
2022-08-05 14:11:00,775,775,775,775,0
2022-08-05 14:12:00,775,775,775,775,400
2022-08-05 14:13:00,775,775,775,775,8700
2022-08-05 14:14:00,775,775,775,775,0
2022-08-05 14:15:00,775,775,775,775,0
2022-08-05 14:16:00,775,775,775,775,0
2022-08-05 14:17:00,775,775,775,775,0
2022-08-05 14:18:00,775,775,775,775,1200
2022-08-05 14:19:00,775,775,775,775,0
2022-08-05 14:20:00,775,775,775,775,0
2022-08-05 14:21:00,775,775,775,775,0
2022-08-05 14:22:00,775,775,775,775,0
2022-08-05 14:23:00,775,775,775,775,0
2022-08-05 14:24:00,775,775,775,775,0
2022-08-05 14:25:00,775,775,775,775,0
2022-08-05 14:26:00,775,775,775,775,2700
2022-08-05 14:27:00,775,775,775,775,0
2022-08-05 14:28:00,775,775,775,775,0
2022-08-05 14:29:00,775,775,775,775,0
2022-08-05 14:30:00,780,780,780,780,0
2022-08-05 14:31:00,780,780,780,780,0
2022-08-05 14:32:00,775,775,775,775,700
2022-08-05 14:33:00,775,775,775,775,0
2022-08-05 14:34:00,775,775,775,775,0
2022-08-05 14:35:00,775,775,775,775,0
2022-08-05 14:36:00,775,775,775,775,0
2022-08-05 14:37:00,775,775,775,775,0
2022-08-05 14:38:00,775,775,775,775,0
2022-08-05 14:39:00,775,775,775,775,0
2022-08-05 14:40:00,775,775,775,775,200
2022-08-05 14:41:00,775,775,775,775,0
2022-08-05 14:42:00,775,775,775,775,0
2022-08-05 14:43:00,775,775,775,775,0
2022-08-05 14:44:00,775,775,775,775,1900
2022-08-05 14:45:00,775,775,775,775,0
2022-08-05 14:46:00,775,775,775,775,0
2022-08-05 14:47:00,775,775,775,775,3200
2022-08-05 14:48:00,775,775,775,775,0
2022-08-05 14:49:00,775,775,780,780,1000
2022-08-05 14:50:00,775,775,780,780,0
2022-08-05 14:51:00,775,775,780,780,0
2022-08-05 14:52:00,775,775,780,780,0
2022-08-05 14:53:00,775,775,780,780,0
2022-08-05 14:54:00,775,775,780,780,0
2022-08-05 14:55:00,775,775,780,780,0
2022-08-05 14:56:00,775,775,780,780,0
2022-08-05 14:57:00,775,775,780,780,0
2022-08-05 14:58:00,775,775,780,780,0
2022-08-05 14:59:00,775,775,780,780,0
2022-08-05 15:00:00,775,775,780,780,0
2022-08-05 15:01:00,775,775,780,780,0
2022-08-05 15:02:00,775,775,780,780,0
2022-08-05 15:03:00,775,775,780,780,0
2022-08-05 15:04:00,775,775,780,780,0
2022-08-05 15:05:00,775,775,780,780,0
2022-08-05 15:06:00,775,775,780,780,0
2022-08-05 15:07:00,775,775,780,780,0
2022-08-05 15:08:00,775,775,780,780,0
2022-08-05 15:09:00,775,775,780,780,0
2022-08-05 15:10:00,775,775,780,780,0
2022-08-05 15:11:00,775,775,780,780,0
2022-08-05 15:12:00,775,775,780,780,0
2022-08-05 15:13:00,775,775,780,780,0
2022-08-05 15:14:00,775,775,780,780,0
2022-08-05 15:15:00,775,775,780,780,0
2022-08-05 15:16:00,775,775,780,780,0
2022-08-05 15:17:00,775,775,780,780,0
2022-08-05 15:18:00,775,775,780,780,0
2022-08-05 15:19:00,775,775,780,780,0
2022-08-05 15:20:00,775,775,780,780,0
2022-08-05 15:21:00,775,775,780,780,0
2022-08-05 15:22:00,775,775,780,780,0
2022-08-05 15:23:00,775,775,780,780,0
2022-08-05 15:24:00,775,775,780,780,0
2022-08-05 15:25:00,775,775,780,780,0
2022-08-05 15:26:00,775,775,780,780,0
2022-08-05 15:27:00,775,775,780,780,0
2022-08-05 15:28:00,775,775,780,780,0
2022-08-05 15:29:00,775,775,780,780,0
2022-08-05 15:30:00,775,775,780,780,0
2022-08-05 15:31:00,775,775,780,780,0
2022-08-05 15:32:00,775,775,780,780,0
2022-08-05 15:33:00,775,775,780,780,0
2022-08-05 15:34:00,775,775,780,780,0
2022-08-05 15:35:00,775,775,780,780,0
2022-08-05 15:36:00,775,775,780,780,0
2022-08-05 15:37:00,775,775,780,780,0
2022-08-05 15:38:00,775,775,780,780,0
2022-08-05 15:39:00,775,775,780,780,0
2022-08-05 15:40:00,775,775,780,780,0
2022-08-05 15:41:00,775,775,780,780,0
2022-08-05 15:42:00,775,775,780,780,0
2022-08-05 15:43:00,775,775,780,780,0
2022-08-05 15:44:00,775,775,780,780,0
2022-08-05 15:45:00,775,775,780,780,0
2022-08-05 15:46:00,775,775,780,780,0
2022-08-05 15:47:00,775,775,780,780,0
2022-08-05 15:48:00,775,775,780,780,0
2022-08-05 15:49:00,775,775,780,780,0
2022-08-05 15:50:00,775,775,780,780,0
2022-08-05 15:51:00,775,775,780,780,0
2022-08-05 15:52:00,775,775,780,780,0
2022-08-05 15:53:00,775,775,780,780,0
2022-08-05 15:54:00,775,775,780,780,0
2022-08-05 15:55:00,775,775,780,780,0
2022-08-05 15:56:00,775,775,780,780,0
2022-08-05 15:57:00,775,775,780,780,0
2022-08-05 15:58:00,775,775,780,780,0
2022-08-05 15:59:00,775,775,780,780,0
2022-08-08 09:00:00,770,770,780,775,0
2022-08-08 09:01:00,770,770,780,775,0
2022-08-08 09:02:00,770,770,780,775,0
2022-08-08 09:03:00,770,770,780,775,0
2022-08-08 09:04:00,770,770,780,775,0
2022-08-08 09:05:00,780,780,780,780,0
2022-08-08 09:06:00,780,780,780,780,0
2022-08-08 09:07:00,780,780,780,780,0
2022-08-08 09:08:00,780,780,780,780,5100
2022-08-08 09:09:00,780,780,780,780,0
2022-08-08 09:10:00,780,780,780,780,200
2022-08-08 09:11:00,780,780,780,780,0
2022-08-08 09:12:00,780,780,780,780,0
2022-08-08 09:13:00,780,780,780,780,0
2022-08-08 09:14:00,780,780,780,780,3400
2022-08-08 09:15:00,780,780,780,780,0
2022-08-08 09:16:00,780,780,780,780,0
2022-08-08 09:17:00,780,780,780,780,0
2022-08-08 09:18:00,780,780,780,780,300
2022-08-08 09:19:00,780,780,780,780,0
2022-08-08 09:20:00,780,780,780,780,0
2022-08-08 09:21:00,780,780,780,780,0
2022-08-08 09:22:00,780,780,780,780,0
2022-08-08 09:23:00,780,780,780,780,3100
2022-08-08 09:24:00,780,780,780,780,0
2022-08-08 09:25:00,780,780,780,780,0
2022-08-08 09:26:00,780,780,780,780,0
2022-08-08 09:27:00,780,780,780,780,0
2022-08-08 09:28:00,780,780,780,780,0
2022-08-08 09:29:00,775,775,775,775,9500
2022-08-08 09:30:00,770,770,770,770,12200
2022-08-08 09:31:00,770,770,770,770,0
2022-08-08 09:32:00,770,770,770,770,0
2022-08-08 09:33:00,770,770,770,770,0
2022-08-08 09:34:00,775,775,775,775,400
2022-08-08 09:35:00,775,775,775,775,0
2022-08-08 09:36:00,775,775,775,775,0
2022-08-08 09:37:00,775,775,775,775,2000
2022-08-08 09:38:00,775,775,775,775,0
2022-08-08 09:39:00,775,775,775,775,4000
2022-08-08 09:40:00,775,775,775,775,0
2022-08-08 09:41:00,775,775,775,775,0
2022-08-08 09:42:00,775,775,775,775,0
2022-08-08 09:43:00,775,775,775,775,0
2022-08-08 09:44:00,775,775,775,775,0
2022-08-08 09:45:00,775,775,775,775,0
2022-08-08 09:46:00,775,775,775,775,0
2022-08-08 09:47:00,775,775,775,775,7500
2022-08-08 09:48:00,775,775,775,775,0
2022-08-08 09:49:00,775,775,775,775,0
2022-08-08 09:50:00,770,765,775,775,103500
2022-08-08 09:51:00,770,765,775,775,0
2022-08-08 09:52:00,775,775,775,775,4000
2022-08-08 09:53:00,775,775,775,775,0
2022-08-08 09:54:00,775,775,775,775,0
2022-08-08 09:55:00,775,775,775,775,0
2022-08-08 09:56:00,775,775,775,775,0
2022-08-08 09:57:00,775,775,775,775,0
2022-08-08 09:58:00,775,775,775,775,0
2022-08-08 09:59:00,775,775,775,775,0
2022-08-08 10:00:00,775,775,775,775,0
2022-08-08 10:01:00,775,775,775,775,0
2022-08-08 10:02:00,775,775,775,775,0
2022-08-08 10:03:00,775,775,775,775,0
2022-08-08 10:04:00,775,775,775,775,100
2022-08-08 10:05:00,775,775,775,775,0
2022-08-08 10:06:00,775,775,775,775,0
2022-08-08 10:07:00,775,775,775,775,0
2022-08-08 10:08:00,775,775,775,775,0
2022-08-08 10:09:00,775,775,775,775,0
2022-08-08 10:10:00,775,775,775,775,0
2022-08-08 10:11:00,775,775,775,775,0
2022-08-08 10:12:00,775,775,775,775,0
2022-08-08 10:13:00,775,775,775,775,0
2022-08-08 10:14:00,775,775,775,775,0
2022-08-08 10:15:00,775,775,775,775,0
2022-08-08 10:16:00,775,775,775,775,0
2022-08-08 10:17:00,775,775,775,775,0
2022-08-08 10:18:00,775,775,775,775,0
2022-08-08 10:19:00,775,775,775,775,0
2022-08-08 10:20:00,775,775,775,775,0
2022-08-08 10:21:00,775,775,775,775,0
2022-08-08 10:22:00,775,775,775,775,0
2022-08-08 10:23:00,775,775,775,775,0
2022-08-08 10:24:00,775,775,775,775,0
2022-08-08 10:25:00,775,775,775,775,0
2022-08-08 10:26:00,775,775,775,775,0
2022-08-08 10:27:00,775,775,775,775,0
2022-08-08 10:28:00,775,775,775,775,0
2022-08-08 10:29:00,770,770,770,770,4900
2022-08-08 10:30:00,770,770,770,770,0
2022-08-08 10:31:00,770,770,770,770,0
2022-08-08 10:32:00,770,770,770,770,1000
2022-08-08 10:33:00,770,770,770,770,5100
2022-08-08 10:34:00,770,770,770,770,2500
2022-08-08 10:35:00,770,770,770,770,0
2022-08-08 10:36:00,770,770,770,770,0
2022-08-08 10:37:00,770,770,770,770,0
2022-08-08 10:38:00,770,770,770,770,2000
2022-08-08 10:39:00,770,770,770,770,0
2022-08-08 10:40:00,770,770,770,770,0
2022-08-08 10:41:00,770,770,770,770,0
2022-08-08 10:42:00,770,770,770,770,0
2022-08-08 10:43:00,770,770,770,770,0
2022-08-08 10:44:00,770,770,770,770,0
2022-08-08 10:45:00,775,775,775,775,1000
2022-08-08 10:46:00,775,775,775,775,0
2022-08-08 10:47:00,775,775,775,775,0
2022-08-08 10:48:00,775,775,775,775,0
2022-08-08 10:49:00,775,775,775,775,5000
2022-08-08 10:50:00,775,775,775,775,0
2022-08-08 10:51:00,775,775,775,775,0
2022-08-08 10:52:00,775,775,775,775,0
2022-08-08 10:53:00,775,775,775,775,0
2022-08-08 10:54:00,775,775,775,775,0
2022-08-08 10:55:00,775,775,775,775,0
2022-08-08 10:56:00,775,775,775,775,0
2022-08-08 10:57:00,775,775,775,775,0
2022-08-08 10:58:00,775,775,775,775,0
2022-08-08 10:59:00,775,775,775,775,0
2022-08-08 11:00:00,775,775,775,775,0
2022-08-08 11:01:00,775,775,775,775,0
2022-08-08 11:02:00,775,775,775,775,1300
2022-08-08 11:03:00,775,775,775,775,0
2022-08-08 11:04:00,775,775,775,775,0
2022-08-08 11:05:00,775,775,775,775,200
2022-08-08 11:06:00,775,775,775,775,0
2022-08-08 11:07:00,775,775,775,775,0
2022-08-08 11:08:00,775,775,775,775,3900
2022-08-08 11:09:00,775,775,775,775,0
2022-08-08 11:10:00,775,775,775,775,0
2022-08-08 11:11:00,775,775,775,775,0
2022-08-08 11:12:00,775,775,775,775,0
2022-08-08 11:13:00,775,775,775,775,0
2022-08-08 11:14:00,775,775,775,775,0
2022-08-08 11:15:00,775,775,775,775,0
2022-08-08 11:16:00,775,775,775,775,0
2022-08-08 11:17:00,775,775,775,775,0
2022-08-08 11:18:00,775,775,775,775,0
2022-08-08 11:19:00,775,775,775,775,0
2022-08-08 11:20:00,775,775,775,775,0
2022-08-08 11:21:00,775,775,775,775,0
2022-08-08 11:22:00,775,775,775,775,0
2022-08-08 11:23:00,775,775,775,775,0
2022-08-08 11:24:00,775,775,775,775,0
2022-08-08 11:25:00,775,775,775,775,0
2022-08-08 11:26:00,775,775,775,775,0
2022-08-08 11:27:00,775,775,775,775,0
2022-08-08 11:28:00,770,770,770,770,900
2022-08-08 11:29:00,770,770,770,770,100
2022-08-08 11:30:00,770,770,770,770,0
2022-08-08 11:31:00,770,770,770,770,0
2022-08-08 11:32:00,770,770,770,770,0
2022-08-08 11:33:00,770,770,770,770,0
2022-08-08 11:34:00,770,770,770,770,0
2022-08-08 11:35:00,770,770,770,770,0
2022-08-08 11:36:00,770,770,770,770,0
2022-08-08 11:37:00,770,770,770,770,0
2022-08-08 11:38:00,770,770,770,770,0
2022-08-08 11:39:00,770,770,770,770,0
2022-08-08 11:40:00,770,770,770,770,0
2022-08-08 11:41:00,770,770,770,770,0
2022-08-08 11:42:00,770,770,770,770,0
2022-08-08 11:43:00,770,770,770,770,0
2022-08-08 11:44:00,770,770,770,770,0
2022-08-08 11:45:00,770,770,770,770,0
2022-08-08 11:46:00,770,770,770,770,0
2022-08-08 11:47:00,770,770,770,770,0
2022-08-08 11:48:00,770,770,770,770,0
2022-08-08 11:49:00,770,770,770,770,0
2022-08-08 11:50:00,770,770,770,770,0
2022-08-08 11:51:00,770,770,770,770,0
2022-08-08 11:52:00,770,770,770,770,0
2022-08-08 11:53:00,770,770,770,770,0
2022-08-08 11:54:00,770,770,770,770,0
2022-08-08 11:55:00,770,770,770,770,0
2022-08-08 11:56:00,770,770,770,770,0
2022-08-08 11:57:00,770,770,770,770,0
2022-08-08 11:58:00,770,770,770,770,0
2022-08-08 11:59:00,770,770,770,770,0
2022-08-08 12:00:00,770,770,770,770,0
2022-08-08 12:01:00,770,770,770,770,0
2022-08-08 12:02:00,770,770,770,770,0
2022-08-08 12:03:00,770,770,770,770,0
2022-08-08 12:04:00,770,770,770,770,0
2022-08-08 12:05:00,770,770,770,770,0
2022-08-08 12:06:00,770,770,770,770,0
2022-08-08 12:07:00,770,770,770,770,0
2022-08-08 12:08:00,770,770,770,770,0
2022-08-08 12:09:00,770,770,770,770,0
2022-08-08 12:10:00,770,770,770,770,0
2022-08-08 12:11:00,770,770,770,770,0
2022-08-08 12:12:00,770,770,770,770,0
2022-08-08 12:13:00,770,770,770,770,0
2022-08-08 12:14:00,770,770,770,770,0
2022-08-08 12:15:00,770,770,770,770,0
2022-08-08 12:16:00,770,770,770,770,0
2022-08-08 12:17:00,770,770,770,770,0
2022-08-08 12:18:00,770,770,770,770,0
2022-08-08 12:19:00,770,770,770,770,0
2022-08-08 12:20:00,770,770,770,770,0
2022-08-08 12:21:00,770,770,770,770,0
2022-08-08 12:22:00,770,770,770,770,0
2022-08-08 12:23:00,770,770,770,770,0
2022-08-08 12:24:00,770,770,770,770,0
2022-08-08 12:25:00,770,770,770,770,0
2022-08-08 12:26:00,770,770,770,770,0
2022-08-08 12:27:00,770,770,770,770,0
2022-08-08 12:28:00,770,770,770,770,0
2022-08-08 12:29:00,770,770,770,770,0
2022-08-08 12:30:00,770,770,770,770,0
2022-08-08 12:31:00,770,770,770,770,0
2022-08-08 12:32:00,770,770,770,770,0
2022-08-08 12:33:00,770,770,770,770,0
2022-08-08 12:34:00,770,770,770,770,0
2022-08-08 12:35:00,770,770,770,770,0
2022-08-08 12:36:00,770,770,770,770,0
2022-08-08 12:37:00,770,770,770,770,0
2022-08-08 12:38:00,770,770,770,770,0
2022-08-08 12:39:00,770,770,770,770,0
2022-08-08 12:40:00,770,770,770,770,0
2022-08-08 12:41:00,770,770,770,770,0
2022-08-08 12:42:00,770,770,770,770,0
2022-08-08 12:43:00,770,770,770,770,0
2022-08-08 12:44:00,770,770,770,770,0
2022-08-08 12:45:00,770,770,770,770,0
2022-08-08 12:46:00,770,770,770,770,0
2022-08-08 12:47:00,770,770,770,770,0
2022-08-08 12:48:00,770,770,770,770,0
2022-08-08 12:49:00,770,770,770,770,0
2022-08-08 12:50:00,770,770,770,770,0
2022-08-08 12:51:00,770,770,770,770,0
2022-08-08 12:52:00,770,770,770,770,0
2022-08-08 12:53:00,770,770,770,770,0
2022-08-08 12:54:00,770,770,770,770,0
2022-08-08 12:55:00,770,770,770,770,0
2022-08-08 12:56:00,770,770,770,770,0
2022-08-08 12:57:00,770,770,770,770,0
2022-08-08 12:58:00,770,770,770,770,0
2022-08-08 12:59:00,770,770,770,770,0
2022-08-08 13:00:00,770,770,770,770,0
2022-08-08 13:01:00,770,770,770,770,0
2022-08-08 13:02:00,770,770,770,770,0
2022-08-08 13:03:00,770,770,770,770,0
2022-08-08 13:04:00,770,770,770,770,0
2022-08-08 13:05:00,770,770,770,770,0
2022-08-08 13:06:00,770,770,770,770,0
2022-08-08 13:07:00,770,770,770,770,0
2022-08-08 13:08:00,770,770,770,770,0
2022-08-08 13:09:00,770,770,770,770,0
2022-08-08 13:10:00,770,770,770,770,0
2022-08-08 13:11:00,770,770,770,770,0
2022-08-08 13:12:00,770,770,770,770,0
2022-08-08 13:13:00,770,770,770,770,0
2022-08-08 13:14:00,770,770,770,770,0
2022-08-08 13:15:00,770,770,770,770,0
2022-08-08 13:16:00,770,770,770,770,0
2022-08-08 13:17:00,770,770,770,770,0
2022-08-08 13:18:00,770,770,770,770,0
2022-08-08 13:19:00,770,770,770,770,0
2022-08-08 13:20:00,770,770,770,770,0
2022-08-08 13:21:00,770,770,770,770,0
2022-08-08 13:22:00,770,770,770,770,0
2022-08-08 13:23:00,770,770,770,770,0
2022-08-08 13:24:00,770,770,770,770,0
2022-08-08 13:25:00,770,770,770,770,0
2022-08-08 13:26:00,770,770,770,770,0
2022-08-08 13:27:00,770,770,770,770,0
2022-08-08 13:28:00,770,770,770,770,0
2022-08-08 13:29:00,770,770,770,770,0
2022-08-08 13:30:00,770,770,770,770,800
2022-08-08 13:31:00,770,770,770,770,0
2022-08-08 13:32:00,770,770,770,770,0
2022-08-08 13:33:00,770,770,770,770,0
2022-08-08 13:34:00,770,770,770,770,0
2022-08-08 13:35:00,770,770,770,770,0
2022-08-08 13:36:00,770,770,770,770,0
2022-08-08 13:37:00,770,770,770,770,0
2022-08-08 13:38:00,770,770,770,770,0
2022-08-08 13:39:00,770,770,770,770,0
2022-08-08 13:40:00,775,775,775,775,200
2022-08-08 13:41:00,775,775,775,775,0
2022-08-08 13:42:00,775,775,775,775,0
2022-08-08 13:43:00,775,775,775,775,0
2022-08-08 13:44:00,775,775,775,775,700
2022-08-08 13:45:00,775,775,775,775,0
2022-08-08 13:46:00,775,775,775,775,0
2022-08-08 13:47:00,770,770,770,770,10100
2022-08-08 13:48:00,770,770,770,770,700
2022-08-08 13:49:00,770,770,770,770,0
2022-08-08 13:50:00,770,770,770,770,0
2022-08-08 13:51:00,775,775,775,775,200
2022-08-08 13:52:00,775,770,775,770,5400
2022-08-08 13:53:00,770,770,770,770,9300
2022-08-08 13:54:00,770,770,770,770,0
2022-08-08 13:55:00,770,770,770,770,4900
2022-08-08 13:56:00,770,770,770,770,0
2022-08-08 13:57:00,770,770,770,770,0
2022-08-08 13:58:00,770,770,770,770,0
2022-08-08 13:59:00,775,775,775,775,3300
2022-08-08 14:00:00,775,775,775,775,0
2022-08-08 14:01:00,775,775,775,775,0
2022-08-08 14:02:00,775,775,775,775,0
2022-08-08 14:03:00,775,775,775,775,0
2022-08-08 14:04:00,775,775,775,775,0
2022-08-08 14:05:00,775,775,775,775,0
2022-08-08 14:06:00,775,775,775,775,0
2022-08-08 14:07:00,775,775,775,775,0
2022-08-08 14:08:00,775,775,775,775,0
2022-08-08 14:09:00,775,775,775,775,0
2022-08-08 14:10:00,775,775,775,775,0
2022-08-08 14:11:00,775,775,775,775,0
2022-08-08 14:12:00,775,775,775,775,0
2022-08-08 14:13:00,775,775,775,775,0
2022-08-08 14:14:00,775,775,775,775,0
2022-08-08 14:15:00,775,775,775,775,0
2022-08-08 14:16:00,775,775,775,775,0
2022-08-08 14:17:00,775,775,775,775,0
2022-08-08 14:18:00,775,775,775,775,4200
2022-08-08 14:19:00,775,775,775,775,0
2022-08-08 14:20:00,775,775,775,775,0
2022-08-08 14:21:00,775,775,775,775,200
2022-08-08 14:22:00,775,775,775,775,0
2022-08-08 14:23:00,775,775,775,775,7900
2022-08-08 14:24:00,775,775,775,775,0
2022-08-08 14:25:00,775,775,775,775,0
2022-08-08 14:26:00,775,775,775,775,0
2022-08-08 14:27:00,775,775,775,775,2700
2022-08-08 14:28:00,775,775,775,775,0
2022-08-08 14:29:00,775,775,775,775,0
2022-08-08 14:30:00,775,775,775,775,12800
2022-08-08 14:31:00,775,775,775,775,0
2022-08-08 14:32:00,775,775,775,775,0
2022-08-08 14:33:00,775,775,775,775,0
2022-08-08 14:34:00,780,780,780,780,1900
2022-08-08 14:35:00,780,780,780,780,0
2022-08-08 14:36:00,780,780,780,780,0
2022-08-08 14:37:00,780,780,780,780,0
2022-08-08 14:38:00,780,780,780,780,300
2022-08-08 14:39:00,780,780,780,780,600
2022-08-08 14:40:00,780,780,780,780,0
2022-08-08 14:41:00,780,780,780,780,0
2022-08-08 14:42:00,780,780,780,780,100
2022-08-08 14:43:00,780,780,780,780,0
2022-08-08 14:44:00,780,780,780,780,0
2022-08-08 14:45:00,780,780,780,780,0
2022-08-08 14:46:00,780,780,780,780,0
2022-08-08 14:47:00,780,780,780,780,0
2022-08-08 14:48:00,780,780,780,780,0
2022-08-08 14:49:00,770,770,770,770,10000
2022-08-08 14:50:00,770,770,770,770,0
2022-08-08 14:51:00,770,770,770,770,0
2022-08-08 14:52:00,770,770,770,770,0
2022-08-08 14:53:00,770,770,770,770,0
2022-08-08 14:54:00,770,770,770,770,0
2022-08-08 14:55:00,770,770,770,770,0
2022-08-08 14:56:00,770,770,770,770,0
2022-08-08 14:57:00,770,770,770,770,0
2022-08-08 14:58:00,770,770,770,770,0
2022-08-08 14:59:00,770,770,770,770,0
2022-08-08 15:00:00,770,770,770,770,10700
2022-08-08 15:01:00,770,770,770,770,0
2022-08-08 15:02:00,770,770,770,770,0
2022-08-08 15:03:00,770,770,770,770,0
2022-08-08 15:04:00,770,770,770,770,0
2022-08-08 15:05:00,770,770,770,770,0
2022-08-08 15:06:00,770,770,770,770,0
2022-08-08 15:07:00,770,770,770,770,0
2022-08-08 15:08:00,770,770,770,770,0
2022-08-08 15:09:00,770,770,770,770,0
2022-08-08 15:10:00,770,770,770,770,0
2022-08-08 15:11:00,770,770,770,770,0
2022-08-08 15:12:00,770,770,770,770,0
2022-08-08 15:13:00,770,770,770,770,0
2022-08-08 15:14:00,770,770,770,770,0
2022-08-08 15:15:00,770,770,770,770,0
2022-08-08 15:16:00,770,770,770,770,0
2022-08-08 15:17:00,770,770,770,770,0
2022-08-08 15:18:00,770,770,770,770,0
2022-08-08 15:19:00,770,770,770,770,0
2022-08-08 15:20:00,770,770,770,770,0
2022-08-08 15:21:00,770,770,770,770,0
2022-08-08 15:22:00,770,770,770,770,0
2022-08-08 15:23:00,770,770,770,770,0
2022-08-08 15:24:00,770,770,770,770,0
2022-08-08 15:25:00,770,770,770,770,0
2022-08-08 15:26:00,770,770,770,770,0
2022-08-08 15:27:00,770,770,770,770,0
2022-08-08 15:28:00,770,770,770,770,0
2022-08-08 15:29:00,770,770,770,770,0
2022-08-08 15:30:00,770,770,770,770,0
2022-08-08 15:31:00,770,770,770,770,0
2022-08-08 15:32:00,770,770,770,770,0
2022-08-08 15:33:00,770,770,770,770,0
2022-08-08 15:34:00,770,770,770,770,0
2022-08-08 15:35:00,770,770,770,770,0
2022-08-08 15:36:00,770,770,770,770,0
2022-08-08 15:37:00,770,770,770,770,0
2022-08-08 15:38:00,770,770,770,770,0
2022-08-08 15:39:00,770,770,770,770,0
2022-08-08 15:40:00,770,770,770,770,0
2022-08-08 15:41:00,770,770,770,770,0
2022-08-08 15:42:00,770,770,770,770,0
2022-08-08 15:43:00,770,770,770,770,0
2022-08-08 15:44:00,770,770,770,770,0
2022-08-08 15:45:00,770,770,770,770,0
2022-08-08 15:46:00,770,770,770,770,0
2022-08-08 15:47:00,770,770,770,770,0
2022-08-08 15:48:00,770,770,770,770,0
2022-08-08 15:49:00,770,770,770,770,0
2022-08-08 15:50:00,770,770,770,770,0
2022-08-08 15:51:00,770,770,770,770,0
2022-08-08 15:52:00,770,770,770,770,0
2022-08-08 15:53:00,770,770,770,770,0
2022-08-08 15:54:00,770,770,770,770,0
2022-08-08 15:55:00,770,770,770,770,0
2022-08-08 15:56:00,770,770,770,770,0
2022-08-08 15:57:00,770,770,770,770,0
2022-08-08 15:58:00,770,770,770,770,0
2022-08-08 15:59:00,770,770,770,770,0
2022-08-09 09:00:00,770,770,770,770,15900
2022-08-09 09:01:00,770,770,770,770,0
2022-08-09 09:02:00,770,770,770,770,0
2022-08-09 09:03:00,770,770,770,770,0
2022-08-09 09:04:00,770,770,770,770,0
2022-08-09 09:05:00,770,770,770,770,0
2022-08-09 09:06:00,770,770,770,770,0
2022-08-09 09:07:00,780,780,780,780,0
2022-08-09 09:08:00,780,780,780,780,0
2022-08-09 09:09:00,780,780,780,780,0
2022-08-09 09:10:00,780,780,780,780,0
2022-08-09 09:11:00,780,780,780,780,0
2022-08-09 09:12:00,780,780,780,780,100
2022-08-09 09:13:00,780,780,780,780,0
2022-08-09 09:14:00,780,780,780,780,0
2022-08-09 09:15:00,780,780,780,780,200
2022-08-09 09:16:00,780,780,780,780,0
2022-08-09 09:17:00,780,780,780,780,0
2022-08-09 09:18:00,775,775,775,775,700
2022-08-09 09:19:00,775,775,775,775,0
2022-08-09 09:20:00,775,775,775,775,2000
2022-08-09 09:21:00,775,775,775,775,0
2022-08-09 09:22:00,775,775,775,775,0
2022-08-09 09:23:00,775,775,775,775,0
2022-08-09 09:24:00,775,775,775,775,0
2022-08-09 09:25:00,775,775,775,775,0
2022-08-09 09:26:00,775,775,775,775,0
2022-08-09 09:27:00,780,780,780,780,12100
2022-08-09 09:28:00,780,780,780,780,0
2022-08-09 09:29:00,780,780,780,780,0
2022-08-09 09:30:00,780,780,780,780,0
2022-08-09 09:31:00,780,780,780,780,0
2022-08-09 09:32:00,775,775,775,775,7300
2022-08-09 09:33:00,775,775,775,775,0
2022-08-09 09:34:00,775,775,775,775,0
2022-08-09 09:35:00,775,775,775,775,2200
2022-08-09 09:36:00,775,775,775,775,0
2022-08-09 09:37:00,775,775,775,775,0
2022-08-09 09:38:00,775,775,775,775,0
2022-08-09 09:39:00,775,775,775,775,0
2022-08-09 09:40:00,775,775,775,775,0
2022-08-09 09:41:00,775,775,775,775,0
2022-08-09 09:42:00,775,775,775,775,0
2022-08-09 09:43:00,775,775,775,775,0
2022-08-09 09:44:00,775,775,775,775,0
2022-08-09 09:45:00,775,775,775,775,0
2022-08-09 09:46:00,775,770,775,770,14500
2022-08-09 09:47:00,775,770,775,770,0
2022-08-09 09:48:00,775,770,775,770,0
2022-08-09 09:49:00,770,770,770,770,600
2022-08-09 09:50:00,770,770,770,770,0
2022-08-09 09:51:00,770,770,770,770,0
2022-08-09 09:52:00,770,770,770,770,39700
2022-08-09 09:53:00,770,770,770,770,800
2022-08-09 09:54:00,770,770,770,770,3300
2022-08-09 09:55:00,775,775,775,775,0
2022-08-09 09:56:00,775,775,775,775,8100
2022-08-09 09:57:00,775,775,775,775,0
2022-08-09 09:58:00,775,775,775,775,0
2022-08-09 09:59:00,775,775,775,775,0
2022-08-09 10:00:00,775,775,775,775,0
2022-08-09 10:01:00,775,775,775,775,0
2022-08-09 10:02:00,775,775,775,775,0
2022-08-09 10:03:00,775,775,775,775,0
2022-08-09 10:04:00,775,775,775,775,0
2022-08-09 10:05:00,775,775,775,775,0
2022-08-09 10:06:00,775,775,775,775,2400
2022-08-09 10:07:00,775,775,775,775,0
2022-08-09 10:08:00,775,775,775,775,0
2022-08-09 10:09:00,775,775,775,775,0
2022-08-09 10:10:00,775,775,775,775,0
2022-08-09 10:11:00,775,775,775,775,0
2022-08-09 10:12:00,775,770,775,770,2200
2022-08-09 10:13:00,775,770,775,770,0
2022-08-09 10:14:00,775,770,775,770,0
2022-08-09 10:15:00,775,770,775,770,0
2022-08-09 10:16:00,775,770,775,770,0
2022-08-09 10:17:00,775,775,775,775,1100
2022-08-09 10:18:00,775,775,775,775,0
2022-08-09 10:19:00,775,775,775,775,0
2022-08-09 10:20:00,775,775,775,775,2800
2022-08-09 10:21:00,775,775,775,775,0
2022-08-09 10:22:00,775,775,775,775,0
2022-08-09 10:23:00,775,775,775,775,0
2022-08-09 10:24:00,775,775,775,775,0
2022-08-09 10:25:00,775,775,775,775,0
2022-08-09 10:26:00,775,775,775,775,0
2022-08-09 10:27:00,775,775,775,775,0
2022-08-09 10:28:00,775,775,775,775,0
2022-08-09 10:29:00,775,775,775,775,0
2022-08-09 10:30:00,770,770,770,770,1600
2022-08-09 10:31:00,770,770,770,770,0
2022-08-09 10:32:00,770,770,770,770,0
2022-08-09 10:33:00,770,770,770,770,0
2022-08-09 10:34:00,770,770,770,770,900
2022-08-09 10:35:00,770,770,770,770,0
2022-08-09 10:36:00,770,770,770,770,0
2022-08-09 10:37:00,770,770,770,770,0
2022-08-09 10:38:00,770,770,770,770,0
2022-08-09 10:39:00,770,770,770,770,0
2022-08-09 10:40:00,770,770,770,770,0
2022-08-09 10:41:00,770,770,770,770,0
2022-08-09 10:42:00,770,770,770,770,0
2022-08-09 10:43:00,770,770,770,770,0
2022-08-09 10:44:00,770,770,770,770,0
2022-08-09 10:45:00,770,770,770,770,0
2022-08-09 10:46:00,770,770,770,770,0
2022-08-09 10:47:00,770,770,770,770,0
2022-08-09 10:48:00,770,770,770,770,0
2022-08-09 10:49:00,770,770,770,770,1200
2022-08-09 10:50:00,770,770,770,770,0
2022-08-09 10:51:00,770,770,770,770,0
2022-08-09 10:52:00,770,770,770,770,0
2022-08-09 10:53:00,770,770,770,770,1600
2022-08-09 10:54:00,770,770,770,770,0
2022-08-09 10:55:00,770,770,770,770,0
2022-08-09 10:56:00,770,770,770,770,0
2022-08-09 10:57:00,770,770,770,770,0
2022-08-09 10:58:00,770,770,770,770,0
2022-08-09 10:59:00,770,770,770,770,0
2022-08-09 11:00:00,770,770,770,770,0
2022-08-09 11:01:00,770,770,770,770,0
2022-08-09 11:02:00,775,775,775,775,200
2022-08-09 11:03:00,775,775,775,775,1900
2022-08-09 11:04:00,775,775,775,775,0
2022-08-09 11:05:00,775,775,775,775,0
2022-08-09 11:06:00,775,775,775,775,0
2022-08-09 11:07:00,775,775,775,775,0
2022-08-09 11:08:00,775,775,775,775,0
2022-08-09 11:09:00,775,775,775,775,0
2022-08-09 11:10:00,775,775,775,775,100
2022-08-09 11:11:00,775,775,775,775,0
2022-08-09 11:12:00,775,775,775,775,0
2022-08-09 11:13:00,775,775,775,775,0
2022-08-09 11:14:00,775,775,775,775,0
2022-08-09 11:15:00,775,775,775,775,0
2022-08-09 11:16:00,775,775,775,775,0
2022-08-09 11:17:00,775,775,775,775,0
2022-08-09 11:18:00,775,775,775,775,0
2022-08-09 11:19:00,775,775,775,775,0
2022-08-09 11:20:00,775,775,775,775,0
2022-08-09 11:21:00,775,775,775,775,0
2022-08-09 11:22:00,775,775,775,775,0
2022-08-09 11:23:00,775,775,775,775,200
2022-08-09 11:24:00,775,775,775,775,0
2022-08-09 11:25:00,775,775,775,775,0
2022-08-09 11:26:00,775,775,775,775,0
2022-08-09 11:27:00,775,775,775,775,0
2022-08-09 11:28:00,775,775,775,775,0
2022-08-09 11:29:00,775,775,775,775,0
2022-08-09 11:30:00,775,775,775,775,0
2022-08-09 11:31:00,775,775,775,775,0
2022-08-09 11:32:00,775,775,775,775,0
2022-08-09 11:33:00,775,775,775,775,0
2022-08-09 11:34:00,775,775,775,775,0
2022-08-09 11:35:00,775,775,775,775,0
2022-08-09 11:36:00,775,775,775,775,0
2022-08-09 11:37:00,775,775,775,775,0
2022-08-09 11:38:00,775,775,775,775,0
2022-08-09 11:39:00,775,775,775,775,0
2022-08-09 11:40:00,775,775,775,775,0
2022-08-09 11:41:00,775,775,775,775,0
2022-08-09 11:42:00,775,775,775,775,0
2022-08-09 11:43:00,775,775,775,775,0
2022-08-09 11:44:00,775,775,775,775,0
2022-08-09 11:45:00,775,775,775,775,0
2022-08-09 11:46:00,775,775,775,775,0
2022-08-09 11:47:00,775,775,775,775,0
2022-08-09 11:48:00,775,775,775,775,0
2022-08-09 11:49:00,775,775,775,775,0
2022-08-09 11:50:00,775,775,775,775,0
2022-08-09 11:51:00,775,775,775,775,0
2022-08-09 11:52:00,775,775,775,775,0
2022-08-09 11:53:00,775,775,775,775,0
2022-08-09 11:54:00,775,775,775,775,0
2022-08-09 11:55:00,775,775,775,775,0
2022-08-09 11:56:00,775,775,775,775,0
2022-08-09 11:57:00,775,775,775,775,0
2022-08-09 11:58:00,775,775,775,775,0
2022-08-09 11:59:00,775,775,775,775,0
2022-08-09 12:00:00,775,775,775,775,0
2022-08-09 12:01:00,775,775,775,775,0
2022-08-09 12:02:00,775,775,775,775,0
2022-08-09 12:03:00,775,775,775,775,0
2022-08-09 12:04:00,775,775,775,775,0
2022-08-09 12:05:00,775,775,775,775,0
2022-08-09 12:06:00,775,775,775,775,0
2022-08-09 12:07:00,775,775,775,775,0
2022-08-09 12:08:00,775,775,775,775,0
2022-08-09 12:09:00,775,775,775,775,0
2022-08-09 12:10:00,775,775,775,775,0
2022-08-09 12:11:00,775,775,775,775,0
2022-08-09 12:12:00,775,775,775,775,0
2022-08-09 12:13:00,775,775,775,775,0
2022-08-09 12:14:00,775,775,775,775,0
2022-08-09 12:15:00,775,775,775,775,0
2022-08-09 12:16:00,775,775,775,775,0
2022-08-09 12:17:00,775,775,775,775,0
2022-08-09 12:18:00,775,775,775,775,0
2022-08-09 12:19:00,775,775,775,775,0
2022-08-09 12:20:00,775,775,775,775,0
2022-08-09 12:21:00,775,775,775,775,0
2022-08-09 12:22:00,775,775,775,775,0
2022-08-09 12:23:00,775,775,775,775,0
2022-08-09 12:24:00,775,775,775,775,0
2022-08-09 12:25:00,775,775,775,775,0
2022-08-09 12:26:00,775,775,775,775,0
2022-08-09 12:27:00,775,775,775,775,0
2022-08-09 12:28:00,775,775,775,775,0
2022-08-09 12:29:00,775,775,775,775,0
2022-08-09 12:30:00,775,775,775,775,0
2022-08-09 12:31:00,775,775,775,775,0
2022-08-09 12:32:00,775,775,775,775,0
2022-08-09 12:33:00,775,775,775,775,0
2022-08-09 12:34:00,775,775,775,775,0
2022-08-09 12:35:00,775,775,775,775,0
2022-08-09 12:36:00,775,775,775,775,0
2022-08-09 12:37:00,775,775,775,775,0
2022-08-09 12:38:00,775,775,775,775,0
2022-08-09 12:39:00,775,775,775,775,0
2022-08-09 12:40:00,775,775,775,775,0
2022-08-09 12:41:00,775,775,775,775,0
2022-08-09 12:42:00,775,775,775,775,0
2022-08-09 12:43:00,775,775,775,775,0
2022-08-09 12:44:00,775,775,775,775,0
2022-08-09 12:45:00,775,775,775,775,0
2022-08-09 12:46:00,775,775,775,775,0
2022-08-09 12:47:00,775,775,775,775,0
2022-08-09 12:48:00,775,775,775,775,0
2022-08-09 12:49:00,775,775,775,775,0
2022-08-09 12:50:00,775,775,775,775,0
2022-08-09 12:51:00,775,775,775,775,0
2022-08-09 12:52:00,775,775,775,775,0
2022-08-09 12:53:00,775,775,775,775,0
2022-08-09 12:54:00,775,775,775,775,0
2022-08-09 12:55:00,775,775,775,775,0
2022-08-09 12:56:00,775,775,775,775,0
2022-08-09 12:57:00,775,775,775,775,0
2022-08-09 12:58:00,775,775,775,775,0
2022-08-09 12:59:00,775,775,775,775,0
2022-08-09 13:00:00,775,775,775,775,0
2022-08-09 13:01:00,775,775,775,775,0
2022-08-09 13:02:00,775,775,775,775,0
2022-08-09 13:03:00,775,775,775,775,0
2022-08-09 13:04:00,775,775,775,775,0
2022-08-09 13:05:00,775,775,775,775,0
2022-08-09 13:06:00,775,775,775,775,0
2022-08-09 13:07:00,775,775,775,775,0
2022-08-09 13:08:00,775,775,775,775,0
2022-08-09 13:09:00,775,775,775,775,0
2022-08-09 13:10:00,775,775,775,775,0
2022-08-09 13:11:00,775,775,775,775,0
2022-08-09 13:12:00,775,775,775,775,0
2022-08-09 13:13:00,775,775,775,775,0
2022-08-09 13:14:00,775,775,775,775,0
2022-08-09 13:15:00,775,775,775,775,0
2022-08-09 13:16:00,775,775,775,775,0
2022-08-09 13:17:00,775,775,775,775,0
2022-08-09 13:18:00,775,775,775,775,0
2022-08-09 13:19:00,775,775,775,775,0
2022-08-09 13:20:00,775,775,775,775,0
2022-08-09 13:21:00,775,775,775,775,0
2022-08-09 13:22:00,775,775,775,775,0
2022-08-09 13:23:00,775,775,775,775,0
2022-08-09 13:24:00,775,775,775,775,0
2022-08-09 13:25:00,775,775,775,775,0
2022-08-09 13:26:00,775,775,775,775,0
2022-08-09 13:27:00,775,775,775,775,0
2022-08-09 13:28:00,775,775,775,775,0
2022-08-09 13:29:00,775,775,775,775,0
2022-08-09 13:30:00,775,775,775,775,5100
2022-08-09 13:31:00,775,775,775,775,0
2022-08-09 13:32:00,775,775,775,775,0
2022-08-09 13:33:00,775,775,775,775,0
2022-08-09 13:34:00,775,775,775,775,0
2022-08-09 13:35:00,775,775,775,775,0
2022-08-09 13:36:00,775,775,775,775,17000
2022-08-09 13:37:00,775,775,775,775,0
2022-08-09 13:38:00,775,775,775,775,0
2022-08-09 13:39:00,780,780,780,780,100
2022-08-09 13:40:00,780,780,780,780,0
2022-08-09 13:41:00,780,780,780,780,0
2022-08-09 13:42:00,780,780,780,780,0
2022-08-09 13:43:00,780,780,780,780,0
2022-08-09 13:44:00,780,780,780,780,0
2022-08-09 13:45:00,780,780,780,780,0
2022-08-09 13:46:00,780,780,780,780,0
2022-08-09 13:47:00,780,780,780,780,0
2022-08-09 13:48:00,780,780,780,780,0
2022-08-09 13:49:00,780,780,780,780,0
2022-08-09 13:50:00,780,780,780,780,0
2022-08-09 13:51:00,780,780,780,780,0
2022-08-09 13:52:00,780,780,780,780,0
2022-08-09 13:53:00,780,780,780,780,0
2022-08-09 13:54:00,780,780,780,780,0
2022-08-09 13:55:00,780,780,780,780,0
2022-08-09 13:56:00,780,780,780,780,0
2022-08-09 13:57:00,780,780,780,780,0
2022-08-09 13:58:00,780,780,780,780,0
2022-08-09 13:59:00,780,780,780,780,0
2022-08-09 14:00:00,780,780,780,780,5600
2022-08-09 14:01:00,780,780,780,780,0
2022-08-09 14:02:00,775,775,775,775,7100
2022-08-09 14:03:00,775,775,775,775,0
2022-08-09 14:04:00,775,775,775,775,0
2022-08-09 14:05:00,775,775,775,775,0
2022-08-09 14:06:00,775,775,775,775,0
2022-08-09 14:07:00,775,775,775,775,0
2022-08-09 14:08:00,775,775,775,775,0
2022-08-09 14:09:00,775,775,775,775,0
2022-08-09 14:10:00,775,775,775,775,0
2022-08-09 14:11:00,775,775,775,775,5700
2022-08-09 14:12:00,775,775,775,775,0
2022-08-09 14:13:00,775,775,775,775,0
2022-08-09 14:14:00,775,775,775,775,0
2022-08-09 14:15:00,775,775,775,775,0
2022-08-09 14:16:00,775,775,775,775,0
2022-08-09 14:17:00,775,775,775,775,0
2022-08-09 14:18:00,775,775,775,775,0
2022-08-09 14:19:00,775,775,775,775,0
2022-08-09 14:20:00,775,775,775,775,0
2022-08-09 14:21:00,775,775,775,775,0
2022-08-09 14:22:00,775,775,775,775,0
2022-08-09 14:23:00,775,775,775,775,0
2022-08-09 14:24:00,775,775,775,775,0
2022-08-09 14:25:00,775,775,775,775,0
2022-08-09 14:26:00,775,775,775,775,0
2022-08-09 14:27:00,775,775,775,775,0
2022-08-09 14:28:00,775,775,775,775,0
2022-08-09 14:29:00,775,775,775,775,0
2022-08-09 14:30:00,775,775,775,775,0
2022-08-09 14:31:00,775,775,775,775,0
2022-08-09 14:32:00,775,775,775,775,0
2022-08-09 14:33:00,775,775,775,775,0
2022-08-09 14:34:00,775,775,775,775,0
2022-08-09 14:35:00,775,775,775,775,10000
2022-08-09 14:36:00,775,775,775,775,0
2022-08-09 14:37:00,780,780,780,780,0
2022-08-09 14:38:00,780,780,780,780,0
2022-08-09 14:39:00,775,775,775,775,500
2022-08-09 14:40:00,775,775,775,775,0
2022-08-09 14:41:00,775,775,775,775,0
2022-08-09 14:42:00,775,775,775,775,0
2022-08-09 14:43:00,775,775,775,775,0
2022-08-09 14:44:00,775,775,775,775,0
2022-08-09 14:45:00,775,775,775,775,0
2022-08-09 14:46:00,775,775,775,775,0
2022-08-09 14:47:00,775,775,775,775,0
2022-08-09 14:48:00,775,775,775,775,0
2022-08-09 14:49:00,780,780,780,780,1100
2022-08-09 14:50:00,780,780,780,780,0
2022-08-09 14:51:00,780,780,780,780,0
2022-08-09 14:52:00,780,780,780,780,0
2022-08-09 14:53:00,780,780,780,780,0
2022-08-09 14:54:00,780,780,780,780,0
2022-08-09 14:55:00,780,780,780,780,0
2022-08-09 14:56:00,780,780,780,780,0
2022-08-09 14:57:00,780,780,780,780,0
2022-08-09 14:58:00,780,780,780,780,0
2022-08-09 14:59:00,780,780,780,780,0
2022-08-09 15:00:00,785,785,785,785,10200
2022-08-09 15:01:00,785,785,785,785,0
2022-08-09 15:02:00,785,785,785,785,0
2022-08-09 15:03:00,785,785,785,785,0
2022-08-09 15:04:00,785,785,785,785,0
2022-08-09 15:05:00,785,785,785,785,0
2022-08-09 15:06:00,785,785,785,785,0
2022-08-09 15:07:00,785,785,785,785,0
2022-08-09 15:08:00,785,785,785,785,0
2022-08-09 15:09:00,785,785,785,785,0
2022-08-09 15:10:00,785,785,785,785,0
2022-08-09 15:11:00,785,785,785,785,0
2022-08-09 15:12:00,785,785,785,785,0
2022-08-09 15:13:00,785,785,785,785,0
2022-08-09 15:14:00,785,785,785,785,0
2022-08-09 15:15:00,785,785,785,785,0
2022-08-09 15:16:00,785,785,785,785,0
2022-08-09 15:17:00,785,785,785,785,0
2022-08-09 15:18:00,785,785,785,785,0
2022-08-09 15:19:00,785,785,785,785,0
2022-08-09 15:20:00,785,785,785,785,0
2022-08-09 15:21:00,785,785,785,785,0
2022-08-09 15:22:00,785,785,785,785,0
2022-08-09 15:23:00,785,785,785,785,0
2022-08-09 15:24:00,785,785,785,785,0
2022-08-09 15:25:00,785,785,785,785,0
2022-08-09 15:26:00,785,785,785,785,0
2022-08-09 15:27:00,785,785,785,785,0
2022-08-09 15:28:00,785,785,785,785,0
2022-08-09 15:29:00,785,785,785,785,0
2022-08-09 15:30:00,785,785,785,785,0
2022-08-09 15:31:00,785,785,785,785,0
2022-08-09 15:32:00,785,785,785,785,0
2022-08-09 15:33:00,785,785,785,785,0
2022-08-09 15:34:00,785,785,785,785,0
2022-08-09 15:35:00,785,785,785,785,0
2022-08-09 15:36:00,785,785,785,785,0
2022-08-09 15:37:00,785,785,785,785,0
2022-08-09 15:38:00,785,785,785,785,0
2022-08-09 15:39:00,785,785,785,785,0
2022-08-09 15:40:00,785,785,785,785,0
2022-08-09 15:41:00,785,785,785,785,0
2022-08-09 15:42:00,785,785,785,785,0
2022-08-09 15:43:00,785,785,785,785,0
2022-08-09 15:44:00,785,785,785,785,0
2022-08-09 15:45:00,785,785,785,785,0
2022-08-09 15:46:00,785,785,785,785,0
2022-08-09 15:47:00,785,785,785,785,0
2022-08-09 15:48:00,785,785,785,785,0
2022-08-09 15:49:00,785,785,785,785,0
2022-08-09 15:50:00,785,785,785,785,0
2022-08-09 15:51:00,785,785,785,785,0
2022-08-09 15:52:00,785,785,785,785,0
2022-08-09 15:53:00,785,785,785,785,0
2022-08-09 15:54:00,785,785,785,785,0
2022-08-09 15:55:00,785,785,785,785,0
2022-08-09 15:56:00,785,785,785,785,0
2022-08-09 15:57:00,785,785,785,785,0
2022-08-09 15:58:00,785,785,785,785,0
2022-08-09 15:59:00,785,785,785,785,0
2022-08-10 09:00:00,790,790,790,790,4000
2022-08-10 09:01:00,790,790,790,790,0
2022-08-10 09:02:00,790,790,790,790,0
2022-08-10 09:03:00,785,785,785,785,4100
2022-08-10 09:04:00,785,785,785,785,0
2022-08-10 09:05:00,785,785,785,785,0
2022-08-10 09:06:00,785,785,785,785,0
2022-08-10 09:07:00,785,785,785,785,9500
2022-08-10 09:08:00,785,785,785,785,0
2022-08-10 09:09:00,785,785,785,785,0
2022-08-10 09:10:00,785,785,785,785,0
2022-08-10 09:11:00,785,785,785,785,0
2022-08-10 09:12:00,785,785,785,785,0
2022-08-10 09:13:00,785,785,785,785,0
2022-08-10 09:14:00,780,780,780,780,1500
2022-08-10 09:15:00,780,780,780,780,0
2022-08-10 09:16:00,780,780,780,780,0
2022-08-10 09:17:00,780,780,780,780,0
2022-08-10 09:18:00,780,780,780,780,0
2022-08-10 09:19:00,780,780,780,780,0
2022-08-10 09:20:00,790,790,790,790,0
2022-08-10 09:21:00,790,790,790,790,0
2022-08-10 09:22:00,790,790,790,790,0
2022-08-10 09:23:00,790,790,790,790,0
2022-08-10 09:24:00,790,790,790,790,300
2022-08-10 09:25:00,790,790,790,790,0
2022-08-10 09:26:00,785,785,785,785,400
2022-08-10 09:27:00,785,785,785,785,0
2022-08-10 09:28:00,785,785,785,785,0
2022-08-10 09:29:00,785,785,785,785,0
2022-08-10 09:30:00,785,785,785,785,500
2022-08-10 09:31:00,785,785,785,785,0
2022-08-10 09:32:00,785,785,785,785,0
2022-08-10 09:33:00,785,785,785,785,0
2022-08-10 09:34:00,785,785,785,785,0
2022-08-10 09:35:00,785,785,785,785,0
2022-08-10 09:36:00,785,785,785,785,0
2022-08-10 09:37:00,785,785,785,785,0
2022-08-10 09:38:00,785,785,785,785,0
2022-08-10 09:39:00,785,785,785,785,0
2022-08-10 09:40:00,785,785,785,785,0
2022-08-10 09:41:00,785,785,785,785,0
2022-08-10 09:42:00,785,785,785,785,0
2022-08-10 09:43:00,785,785,785,785,0
2022-08-10 09:44:00,785,785,785,785,0
2022-08-10 09:45:00,785,785,785,785,0
2022-08-10 09:46:00,785,785,785,785,0
2022-08-10 09:47:00,785,785,785,785,0
2022-08-10 09:48:00,785,785,785,785,0
2022-08-10 09:49:00,785,785,785,785,0
2022-08-10 09:50:00,785,785,785,785,0
2022-08-10 09:51:00,780,770,780,770,51900
2022-08-10 09:52:00,770,770,770,770,0
2022-08-10 09:53:00,770,770,770,770,0
2022-08-10 09:54:00,775,775,775,775,5000
2022-08-10 09:55:00,780,780,780,780,8900
2022-08-10 09:56:00,780,780,780,780,0
2022-08-10 09:57:00,780,780,780,780,0
2022-08-10 09:58:00,780,780,780,780,0
2022-08-10 09:59:00,780,780,780,780,0
2022-08-10 10:00:00,780,780,780,780,0
2022-08-10 10:01:00,780,780,780,780,0
2022-08-10 10:02:00,780,780,780,780,0
2022-08-10 10:03:00,780,780,780,780,0
2022-08-10 10:04:00,780,780,780,780,0
2022-08-10 10:05:00,780,780,780,780,0
2022-08-10 10:06:00,780,780,780,780,0
2022-08-10 10:07:00,780,780,780,780,0
2022-08-10 10:08:00,780,780,780,780,0
2022-08-10 10:09:00,780,780,780,780,0
2022-08-10 10:10:00,780,780,780,780,0
2022-08-10 10:11:00,780,780,780,780,0
2022-08-10 10:12:00,780,780,780,780,0
2022-08-10 10:13:00,780,780,780,780,0
2022-08-10 10:14:00,780,780,780,780,0
2022-08-10 10:15:00,780,780,780,780,0
2022-08-10 10:16:00,780,780,780,780,0
2022-08-10 10:17:00,780,780,780,780,0
2022-08-10 10:18:00,780,780,780,780,0
2022-08-10 10:19:00,780,780,780,780,0
2022-08-10 10:20:00,780,780,780,780,0
2022-08-10 10:21:00,780,780,780,780,0
2022-08-10 10:22:00,780,780,780,780,0
2022-08-10 10:23:00,780,780,780,780,0
2022-08-10 10:24:00,780,780,780,780,0
2022-08-10 10:25:00,780,780,780,780,0
2022-08-10 10:26:00,780,780,780,780,0
2022-08-10 10:27:00,780,780,780,780,0
2022-08-10 10:28:00,780,780,785,785,6400
2022-08-10 10:29:00,780,780,785,785,0
2022-08-10 10:30:00,780,780,785,785,0
2022-08-10 10:31:00,780,780,785,785,0
2022-08-10 10:32:00,780,780,785,785,0
2022-08-10 10:33:00,780,780,785,785,0
2022-08-10 10:34:00,780,780,785,785,0
2022-08-10 10:35:00,780,780,785,785,0
2022-08-10 10:36:00,780,780,785,785,0
2022-08-10 10:37:00,780,780,785,785,0
2022-08-10 10:38:00,780,780,785,785,0
2022-08-10 10:39:00,780,780,785,785,0
2022-08-10 10:40:00,780,780,785,785,0
2022-08-10 10:41:00,780,780,785,785,0
2022-08-10 10:42:00,780,780,785,785,0
2022-08-10 10:43:00,780,780,785,785,0
2022-08-10 10:44:00,780,780,785,785,0
2022-08-10 10:45:00,780,780,785,785,0
2022-08-10 10:46:00,780,780,785,785,0
2022-08-10 10:47:00,780,780,785,785,0
2022-08-10 10:48:00,780,780,785,785,0
2022-08-10 10:49:00,780,780,785,785,0
2022-08-10 10:50:00,780,780,785,785,0
2022-08-10 10:51:00,780,780,785,785,0
2022-08-10 10:52:00,780,780,780,780,5000
2022-08-10 10:53:00,780,780,780,780,0
2022-08-10 10:54:00,780,780,780,780,0
2022-08-10 10:55:00,780,780,780,780,4000
2022-08-10 10:56:00,780,780,780,780,0
2022-08-10 10:57:00,780,780,780,780,0
2022-08-10 10:58:00,780,780,780,780,0
2022-08-10 10:59:00,780,780,780,780,0
2022-08-10 11:00:00,780,780,780,780,0
2022-08-10 11:01:00,780,780,780,780,0
2022-08-10 11:02:00,780,780,780,780,0
2022-08-10 11:03:00,780,780,780,780,0
2022-08-10 11:04:00,785,785,785,785,0
2022-08-10 11:05:00,785,785,785,785,0
2022-08-10 11:06:00,785,785,785,785,0
2022-08-10 11:07:00,785,785,785,785,0
2022-08-10 11:08:00,785,785,785,785,0
2022-08-10 11:09:00,785,785,785,785,0
2022-08-10 11:10:00,785,785,785,785,0
2022-08-10 11:11:00,785,785,785,785,0
2022-08-10 11:12:00,785,785,785,785,0
2022-08-10 11:13:00,785,785,785,785,0
2022-08-10 11:14:00,785,785,785,785,0
2022-08-10 11:15:00,785,785,785,785,0
2022-08-10 11:16:00,785,785,785,785,0
2022-08-10 11:17:00,785,785,785,785,0
2022-08-10 11:18:00,785,785,785,785,0
2022-08-10 11:19:00,785,785,785,785,0
2022-08-10 11:20:00,785,785,785,785,0
2022-08-10 11:21:00,785,785,785,785,0
2022-08-10 11:22:00,785,785,785,785,0
2022-08-10 11:23:00,785,785,785,785,0
2022-08-10 11:24:00,785,785,785,785,0
2022-08-10 11:25:00,785,785,785,785,0
2022-08-10 11:26:00,785,785,785,785,0
2022-08-10 11:27:00,785,785,785,785,0
2022-08-10 11:28:00,785,785,785,785,0
2022-08-10 11:29:00,785,785,785,785,0
2022-08-10 11:30:00,785,785,785,785,0
2022-08-10 11:31:00,785,785,785,785,0
2022-08-10 11:32:00,785,785,785,785,0
2022-08-10 11:33:00,785,785,785,785,0
2022-08-10 11:34:00,785,785,785,785,0
2022-08-10 11:35:00,785,785,785,785,0
2022-08-10 11:36:00,785,785,785,785,0
2022-08-10 11:37:00,785,785,785,785,0
2022-08-10 11:38:00,785,785,785,785,0
2022-08-10 11:39:00,785,785,785,785,0
2022-08-10 11:40:00,785,785,785,785,0
2022-08-10 11:41:00,785,785,785,785,0
2022-08-10 11:42:00,785,785,785,785,0
2022-08-10 11:43:00,785,785,785,785,0
2022-08-10 11:44:00,785,785,785,785,0
2022-08-10 11:45:00,785,785,785,785,0
2022-08-10 11:46:00,785,785,785,785,0
2022-08-10 11:47:00,785,785,785,785,0
2022-08-10 11:48:00,785,785,785,785,0
2022-08-10 11:49:00,785,785,785,785,0
2022-08-10 11:50:00,785,785,785,785,0
2022-08-10 11:51:00,785,785,785,785,0
2022-08-10 11:52:00,785,785,785,785,0
2022-08-10 11:53:00,785,785,785,785,0
2022-08-10 11:54:00,785,785,785,785,0
2022-08-10 11:55:00,785,785,785,785,0
2022-08-10 11:56:00,785,785,785,785,0
2022-08-10 11:57:00,785,785,785,785,0
2022-08-10 11:58:00,785,785,785,785,0
2022-08-10 11:59:00,785,785,785,785,0
2022-08-10 12:00:00,785,785,785,785,0
2022-08-10 12:01:00,785,785,785,785,0
2022-08-10 12:02:00,785,785,785,785,0
2022-08-10 12:03:00,785,785,785,785,0
2022-08-10 12:04:00,785,785,785,785,0
2022-08-10 12:05:00,785,785,785,785,0
2022-08-10 12:06:00,785,785,785,785,0
2022-08-10 12:07:00,785,785,785,785,0
2022-08-10 12:08:00,785,785,785,785,0
2022-08-10 12:09:00,785,785,785,785,0
2022-08-10 12:10:00,785,785,785,785,0
2022-08-10 12:11:00,785,785,785,785,0
2022-08-10 12:12:00,785,785,785,785,0
2022-08-10 12:13:00,785,785,785,785,0
2022-08-10 12:14:00,785,785,785,785,0
2022-08-10 12:15:00,785,785,785,785,0
2022-08-10 12:16:00,785,785,785,785,0
2022-08-10 12:17:00,785,785,785,785,0
2022-08-10 12:18:00,785,785,785,785,0
2022-08-10 12:19:00,785,785,785,785,0
2022-08-10 12:20:00,785,785,785,785,0
2022-08-10 12:21:00,785,785,785,785,0
2022-08-10 12:22:00,785,785,785,785,0
2022-08-10 12:23:00,785,785,785,785,0
2022-08-10 12:24:00,785,785,785,785,0
2022-08-10 12:25:00,785,785,785,785,0
2022-08-10 12:26:00,785,785,785,785,0
2022-08-10 12:27:00,785,785,785,785,0
2022-08-10 12:28:00,785,785,785,785,0
2022-08-10 12:29:00,785,785,785,785,0
2022-08-10 12:30:00,785,785,785,785,0
2022-08-10 12:31:00,785,785,785,785,0
2022-08-10 12:32:00,785,785,785,785,0
2022-08-10 12:33:00,785,785,785,785,0
2022-08-10 12:34:00,785,785,785,785,0
2022-08-10 12:35:00,785,785,785,785,0
2022-08-10 12:36:00,785,785,785,785,0
2022-08-10 12:37:00,785,785,785,785,0
2022-08-10 12:38:00,785,785,785,785,0
2022-08-10 12:39:00,785,785,785,785,0
2022-08-10 12:40:00,785,785,785,785,0
2022-08-10 12:41:00,785,785,785,785,0
2022-08-10 12:42:00,785,785,785,785,0
2022-08-10 12:43:00,785,785,785,785,0
2022-08-10 12:44:00,785,785,785,785,0
2022-08-10 12:45:00,785,785,785,785,0
2022-08-10 12:46:00,785,785,785,785,0
2022-08-10 12:47:00,785,785,785,785,0
2022-08-10 12:48:00,785,785,785,785,0
2022-08-10 12:49:00,785,785,785,785,0
2022-08-10 12:50:00,785,785,785,785,0
2022-08-10 12:51:00,785,785,785,785,0
2022-08-10 12:52:00,785,785,785,785,0
2022-08-10 12:53:00,785,785,785,785,0
2022-08-10 12:54:00,785,785,785,785,0
2022-08-10 12:55:00,785,785,785,785,0
2022-08-10 12:56:00,785,785,785,785,0
2022-08-10 12:57:00,785,785,785,785,0
2022-08-10 12:58:00,785,785,785,785,0
2022-08-10 12:59:00,785,785,785,785,0
2022-08-10 13:00:00,785,785,785,785,0
2022-08-10 13:01:00,785,785,785,785,0
2022-08-10 13:02:00,785,785,785,785,0
2022-08-10 13:03:00,785,785,785,785,0
2022-08-10 13:04:00,785,785,785,785,0
2022-08-10 13:05:00,785,785,785,785,0
2022-08-10 13:06:00,785,785,785,785,0
2022-08-10 13:07:00,785,785,785,785,0
2022-08-10 13:08:00,785,785,785,785,0
2022-08-10 13:09:00,785,785,785,785,0
2022-08-10 13:10:00,785,785,785,785,0
2022-08-10 13:11:00,785,785,785,785,0
2022-08-10 13:12:00,785,785,785,785,0
2022-08-10 13:13:00,785,785,785,785,0
2022-08-10 13:14:00,785,785,785,785,0
2022-08-10 13:15:00,785,785,785,785,0
2022-08-10 13:16:00,785,785,785,785,0
2022-08-10 13:17:00,785,785,785,785,0
2022-08-10 13:18:00,785,785,785,785,0
2022-08-10 13:19:00,785,785,785,785,0
2022-08-10 13:20:00,785,785,785,785,0
2022-08-10 13:21:00,785,785,785,785,0
2022-08-10 13:22:00,785,785,785,785,0
2022-08-10 13:23:00,785,785,785,785,0
2022-08-10 13:24:00,785,785,785,785,0
2022-08-10 13:25:00,785,785,785,785,0
2022-08-10 13:26:00,785,785,785,785,0
2022-08-10 13:27:00,785,785,785,785,0
2022-08-10 13:28:00,785,785,785,785,0
2022-08-10 13:29:00,785,785,785,785,0
2022-08-10 13:30:00,780,770,780,770,58400
2022-08-10 13:31:00,775,775,775,775,0
2022-08-10 13:32:00,780,780,780,780,1900
2022-08-10 13:33:00,775,775,775,775,1000
2022-08-10 13:34:00,775,775,775,775,0
2022-08-10 13:35:00,775,775,775,775,0
2022-08-10 13:36:00,775,775,775,775,0
2022-08-10 13:37:00,775,775,775,775,0
2022-08-10 13:38:00,775,775,775,775,0
2022-08-10 13:39:00,775,775,775,775,0
2022-08-10 13:40:00,775,775,775,775,0
2022-08-10 13:41:00,775,775,775,775,0
2022-08-10 13:42:00,775,775,775,775,0
2022-08-10 13:43:00,775,775,775,775,0
2022-08-10 13:44:00,775,775,775,775,0
2022-08-10 13:45:00,775,775,775,775,0
2022-08-10 13:46:00,775,775,775,775,0
2022-08-10 13:47:00,775,775,775,775,0
2022-08-10 13:48:00,775,775,775,775,0
2022-08-10 13:49:00,775,775,775,775,0
2022-08-10 13:50:00,775,775,775,775,0
2022-08-10 13:51:00,775,775,775,775,0
2022-08-10 13:52:00,775,775,775,775,0
2022-08-10 13:53:00,775,775,775,775,0
2022-08-10 13:54:00,775,775,775,775,0
2022-08-10 13:55:00,775,775,775,775,0
2022-08-10 13:56:00,775,775,775,775,0
2022-08-10 13:57:00,775,775,775,775,0
2022-08-10 13:58:00,775,775,775,775,0
2022-08-10 13:59:00,775,770,775,770,67200
2022-08-10 14:00:00,770,770,770,770,1400
2022-08-10 14:01:00,770,770,770,770,0
2022-08-10 14:02:00,775,770,775,770,57400
2022-08-10 14:03:00,775,770,775,770,0
2022-08-10 14:04:00,780,780,780,780,0
2022-08-10 14:05:00,780,780,780,780,0
2022-08-10 14:06:00,780,780,780,780,0
2022-08-10 14:07:00,780,780,780,780,0
2022-08-10 14:08:00,780,780,780,780,0
2022-08-10 14:09:00,780,780,780,780,400
2022-08-10 14:10:00,780,780,780,780,0
2022-08-10 14:11:00,780,780,780,780,0
2022-08-10 14:12:00,780,780,780,780,0
2022-08-10 14:13:00,780,780,780,780,0
2022-08-10 14:14:00,780,780,780,780,0
2022-08-10 14:15:00,775,775,775,775,12900
2022-08-10 14:16:00,775,775,775,775,0
2022-08-10 14:17:00,775,775,775,775,0
2022-08-10 14:18:00,770,770,770,770,2400
2022-08-10 14:19:00,775,770,775,770,1300
2022-08-10 14:20:00,775,775,775,775,600
2022-08-10 14:21:00,775,775,775,775,0
2022-08-10 14:22:00,775,775,775,775,0
2022-08-10 14:23:00,775,775,775,775,200
2022-08-10 14:24:00,775,775,775,775,100
2022-08-10 14:25:00,775,775,775,775,500
2022-08-10 14:26:00,775,775,775,775,0
2022-08-10 14:27:00,775,775,775,775,0
2022-08-10 14:28:00,775,775,775,775,0
2022-08-10 14:29:00,770,770,770,770,0
2022-08-10 14:30:00,770,770,775,770,8100
2022-08-10 14:31:00,770,770,775,770,0
2022-08-10 14:32:00,770,770,775,770,0
2022-08-10 14:33:00,770,770,775,770,0
2022-08-10 14:34:00,770,770,775,770,0
2022-08-10 14:35:00,770,770,775,770,0
2022-08-10 14:36:00,770,770,775,770,0
2022-08-10 14:37:00,770,770,770,770,112300
2022-08-10 14:38:00,770,770,770,770,0
2022-08-10 14:39:00,770,770,770,770,0
2022-08-10 14:40:00,770,770,770,770,0
2022-08-10 14:41:00,775,770,775,770,7000
2022-08-10 14:42:00,775,770,775,770,0
2022-08-10 14:43:00,770,765,770,765,3900
2022-08-10 14:44:00,770,765,770,770,8800
2022-08-10 14:45:00,770,765,770,770,0
2022-08-10 14:46:00,770,770,770,770,8200
2022-08-10 14:47:00,770,770,770,770,0
2022-08-10 14:48:00,770,770,770,770,0
2022-08-10 14:49:00,770,770,770,770,0
2022-08-10 14:50:00,770,770,770,770,0
2022-08-10 14:51:00,770,770,770,770,0
2022-08-10 14:52:00,770,770,770,770,0
2022-08-10 14:53:00,770,770,770,770,0
2022-08-10 14:54:00,770,770,770,770,0
2022-08-10 14:55:00,770,770,770,770,0
2022-08-10 14:56:00,770,770,770,770,0
2022-08-10 14:57:00,770,770,770,770,0
2022-08-10 14:58:00,770,770,770,770,0
2022-08-10 14:59:00,770,770,770,770,0
2022-08-10 15:00:00,775,775,775,775,100
2022-08-10 15:01:00,775,775,775,775,0
2022-08-10 15:02:00,775,775,775,775,2000
2022-08-10 15:03:00,775,775,775,775,0
2022-08-10 15:04:00,775,775,775,775,600
2022-08-10 15:05:00,775,775,775,775,0
2022-08-10 15:06:00,775,775,775,775,200
2022-08-10 15:07:00,775,775,775,775,0
2022-08-10 15:08:00,775,775,775,775,0
2022-08-10 15:09:00,775,775,775,775,0
2022-08-10 15:10:00,775,775,775,775,0
2022-08-10 15:11:00,775,775,775,775,0
2022-08-10 15:12:00,775,775,775,775,0
2022-08-10 15:13:00,775,775,775,775,0
2022-08-10 15:14:00,775,775,775,775,0
2022-08-10 15:15:00,775,775,775,775,0
2022-08-10 15:16:00,775,775,775,775,0
2022-08-10 15:17:00,775,775,775,775,0
2022-08-10 15:18:00,775,775,775,775,0
2022-08-10 15:19:00,775,775,775,775,0
2022-08-10 15:20:00,775,775,775,775,0
2022-08-10 15:21:00,775,775,775,775,0
2022-08-10 15:22:00,775,775,775,775,0
2022-08-10 15:23:00,775,775,775,775,0
2022-08-10 15:24:00,775,775,775,775,0
2022-08-10 15:25:00,775,775,775,775,0
2022-08-10 15:26:00,775,775,775,775,0
2022-08-10 15:27:00,775,775,775,775,0
2022-08-10 15:28:00,775,775,775,775,0
2022-08-10 15:29:00,775,775,775,775,0
2022-08-10 15:30:00,775,775,775,775,0
2022-08-10 15:31:00,775,775,775,775,0
2022-08-10 15:32:00,775,775,775,775,0
2022-08-10 15:33:00,775,775,775,775,0
2022-08-10 15:34:00,775,775,775,775,0
2022-08-10 15:35:00,775,775,775,775,0
2022-08-10 15:36:00,775,775,775,775,0
2022-08-10 15:37:00,775,775,775,775,0
2022-08-10 15:38:00,775,775,775,775,0
2022-08-10 15:39:00,775,775,775,775,0
2022-08-10 15:40:00,775,775,775,775,0
2022-08-10 15:41:00,775,775,775,775,0
2022-08-10 15:42:00,775,775,775,775,0
2022-08-10 15:43:00,775,775,775,775,0
2022-08-10 15:44:00,775,775,775,775,0
2022-08-10 15:45:00,775,775,775,775,0
2022-08-10 15:46:00,775,775,775,775,0
2022-08-10 15:47:00,775,775,775,775,0
2022-08-10 15:48:00,775,775,775,775,0
2022-08-10 15:49:00,775,775,775,775,0
2022-08-10 15:50:00,775,775,775,775,0
2022-08-10 15:51:00,775,775,775,775,0
2022-08-10 15:52:00,775,775,775,775,0
2022-08-10 15:53:00,775,775,775,775,0
2022-08-10 15:54:00,775,775,775,775,0
2022-08-10 15:55:00,775,775,775,775,0
2022-08-10 15:56:00,775,775,775,775,0
2022-08-10 15:57:00,775,775,775,775,0
2022-08-10 15:58:00,775,775,775,775,0
2022-08-10 15:59:00,775,775,775,775,0
2022-08-11 09:00:00,780,780,780,780,4000
2022-08-11 09:01:00,780,780,780,780,0
2022-08-11 09:02:00,780,780,780,780,0
2022-08-11 09:03:00,780,780,780,780,0
2022-08-11 09:04:00,780,780,780,780,0
2022-08-11 09:05:00,780,780,780,780,0
2022-08-11 09:06:00,780,780,780,780,4000
2022-08-11 09:07:00,780,780,780,780,0
2022-08-11 09:08:00,780,780,780,780,0
2022-08-11 09:09:00,780,780,780,780,0
2022-08-11 09:10:00,780,780,780,780,0
2022-08-11 09:11:00,780,780,780,780,9400
2022-08-11 09:12:00,780,780,780,780,0
2022-08-11 09:13:00,780,780,780,780,0
2022-08-11 09:14:00,780,780,780,780,20000
2022-08-11 09:15:00,780,780,780,780,2200
2022-08-11 09:16:00,780,780,780,780,0
2022-08-11 09:17:00,775,775,775,775,4900
2022-08-11 09:18:00,775,775,775,775,0
2022-08-11 09:19:00,775,775,775,775,3900
2022-08-11 09:20:00,775,775,775,775,5500
2022-08-11 09:21:00,775,775,775,775,0
2022-08-11 09:22:00,775,775,775,775,0
2022-08-11 09:23:00,775,775,775,775,0
2022-08-11 09:24:00,775,775,775,775,0
2022-08-11 09:25:00,775,775,775,775,0
2022-08-11 09:26:00,775,775,775,775,0
2022-08-11 09:27:00,775,775,775,775,0
2022-08-11 09:28:00,775,775,775,775,0
2022-08-11 09:29:00,775,775,775,775,0
2022-08-11 09:30:00,775,775,775,775,0
2022-08-11 09:31:00,775,775,775,775,0
2022-08-11 09:32:00,775,775,775,775,0
2022-08-11 09:33:00,775,775,775,775,800
2022-08-11 09:34:00,775,775,775,775,0
2022-08-11 09:35:00,775,775,775,775,0
2022-08-11 09:36:00,770,755,770,755,148300
2022-08-11 09:37:00,760,760,760,760,100
2022-08-11 09:38:00,760,755,760,760,45100
2022-08-11 09:39:00,760,755,760,760,0
2022-08-11 09:40:00,760,755,760,760,0
2022-08-11 09:41:00,760,755,760,760,0
2022-08-11 09:42:00,760,755,760,760,0
2022-08-11 09:43:00,760,760,760,760,400
2022-08-11 09:44:00,760,760,760,760,2200
2022-08-11 09:45:00,760,760,760,760,0
2022-08-11 09:46:00,760,760,760,760,0
2022-08-11 09:47:00,770,760,770,760,2300
2022-08-11 09:48:00,760,760,760,760,100
2022-08-11 09:49:00,765,765,765,765,0
2022-08-11 09:50:00,765,765,765,765,0
2022-08-11 09:51:00,765,765,765,765,700
2022-08-11 09:52:00,765,765,765,765,0
2022-08-11 09:53:00,765,755,765,755,57300
2022-08-11 09:54:00,760,760,760,760,11600
2022-08-11 09:55:00,765,765,765,765,9500
2022-08-11 09:56:00,765,765,765,765,0
2022-08-11 09:57:00,765,765,765,765,0
2022-08-11 09:58:00,765,765,765,765,600
2022-08-11 09:59:00,765,765,765,765,0
2022-08-11 10:00:00,765,765,765,765,0
2022-08-11 10:01:00,765,765,765,765,2700
2022-08-11 10:02:00,765,760,765,760,19100
2022-08-11 10:03:00,765,760,765,760,0
2022-08-11 10:04:00,760,760,760,760,5000
2022-08-11 10:05:00,760,760,760,760,16500
2022-08-11 10:06:00,760,760,760,760,0
2022-08-11 10:07:00,760,760,760,760,0
2022-08-11 10:08:00,760,755,760,755,14600
2022-08-11 10:09:00,760,760,760,760,600
2022-08-11 10:10:00,760,760,760,760,0
2022-08-11 10:11:00,760,760,760,760,0
2022-08-11 10:12:00,760,760,760,760,19800
2022-08-11 10:13:00,760,760,760,760,0
2022-08-11 10:14:00,760,745,760,745,174700
2022-08-11 10:15:00,745,745,745,745,29200
2022-08-11 10:16:00,745,745,745,745,1500
2022-08-11 10:17:00,745,745,745,745,0
2022-08-11 10:18:00,745,745,750,750,15300
2022-08-11 10:19:00,745,745,750,750,0
2022-08-11 10:20:00,745,740,745,740,42700
2022-08-11 10:21:00,745,745,745,745,100
2022-08-11 10:22:00,745,740,745,740,200
2022-08-11 10:23:00,745,740,745,740,17500
2022-08-11 10:24:00,745,740,745,740,0
2022-08-11 10:25:00,745,740,745,740,0
2022-08-11 10:26:00,740,740,745,745,3200
2022-08-11 10:27:00,745,740,745,740,1900
2022-08-11 10:28:00,740,740,740,740,3500
2022-08-11 10:29:00,740,740,740,740,0
2022-08-11 10:30:00,740,740,740,740,500
2022-08-11 10:31:00,740,740,740,740,46500
2022-08-11 10:32:00,745,745,750,750,197200
2022-08-11 10:33:00,745,745,750,750,0
2022-08-11 10:34:00,755,755,755,755,0
2022-08-11 10:35:00,755,755,755,755,900
2022-08-11 10:36:00,755,755,755,755,3500
2022-08-11 10:37:00,755,750,755,750,0
2022-08-11 10:38:00,750,750,750,750,70300
2022-08-11 10:39:00,750,750,755,755,0
2022-08-11 10:40:00,750,750,755,755,0
2022-08-11 10:41:00,750,750,755,755,0
2022-08-11 10:42:00,755,750,755,750,9000
2022-08-11 10:43:00,755,750,755,750,0
2022-08-11 10:44:00,755,750,755,750,0
2022-08-11 10:45:00,755,750,755,750,0
2022-08-11 10:46:00,755,750,755,750,0
2022-08-11 10:47:00,755,750,755,750,0
2022-08-11 10:48:00,755,750,755,750,0
2022-08-11 10:49:00,750,750,750,750,0
2022-08-11 10:50:00,750,750,750,750,0
2022-08-11 10:51:00,750,750,750,750,5300
2022-08-11 10:52:00,750,750,750,750,0
2022-08-11 10:53:00,755,750,755,750,118400
2022-08-11 10:54:00,755,755,755,755,1800
2022-08-11 10:55:00,755,755,755,755,0
2022-08-11 10:56:00,755,755,755,755,0
2022-08-11 10:57:00,755,755,755,755,0
2022-08-11 10:58:00,755,755,755,755,0
2022-08-11 10:59:00,755,755,755,755,0
2022-08-11 11:00:00,755,755,755,755,1000
2022-08-11 11:01:00,755,755,755,755,0
2022-08-11 11:02:00,755,755,755,755,0
2022-08-11 11:03:00,755,755,755,755,0
2022-08-11 11:04:00,755,755,755,755,0
2022-08-11 11:05:00,755,755,755,755,0
2022-08-11 11:06:00,755,755,755,755,0
2022-08-11 11:07:00,755,755,755,755,0
2022-08-11 11:08:00,755,755,755,755,0
2022-08-11 11:09:00,755,755,755,755,0
2022-08-11 11:10:00,760,760,760,760,12000
2022-08-11 11:11:00,760,760,760,760,0
2022-08-11 11:12:00,760,760,760,760,0
2022-08-11 11:13:00,760,760,760,760,0
2022-08-11 11:14:00,760,760,760,760,0
2022-08-11 11:15:00,760,760,760,760,0
2022-08-11 11:16:00,760,760,760,760,0
2022-08-11 11:17:00,760,760,760,760,400
2022-08-11 11:18:00,760,760,760,760,11600
2022-08-11 11:19:00,760,760,760,760,2200
2022-08-11 11:20:00,760,760,760,760,0
2022-08-11 11:21:00,760,760,760,760,0
2022-08-11 11:22:00,760,760,760,760,0
2022-08-11 11:23:00,760,760,760,760,0
2022-08-11 11:24:00,760,760,760,760,0
2022-08-11 11:25:00,760,760,760,760,400
2022-08-11 11:26:00,760,760,760,760,0
2022-08-11 11:27:00,760,760,760,760,0
2022-08-11 11:28:00,755,755,755,755,23900
2022-08-11 11:29:00,755,755,755,755,0
2022-08-11 11:30:00,755,755,755,755,0
2022-08-11 11:31:00,755,755,755,755,0
2022-08-11 11:32:00,755,755,755,755,0
2022-08-11 11:33:00,755,755,755,755,0
2022-08-11 11:34:00,755,755,755,755,0
2022-08-11 11:35:00,755,755,755,755,0
2022-08-11 11:36:00,755,755,755,755,0
2022-08-11 11:37:00,755,755,755,755,0
2022-08-11 11:38:00,755,755,755,755,0
2022-08-11 11:39:00,755,755,755,755,0
2022-08-11 11:40:00,755,755,755,755,0
2022-08-11 11:41:00,755,755,755,755,0
2022-08-11 11:42:00,755,755,755,755,0
2022-08-11 11:43:00,755,755,755,755,0
2022-08-11 11:44:00,755,755,755,755,0
2022-08-11 11:45:00,755,755,755,755,0
2022-08-11 11:46:00,755,755,755,755,0
2022-08-11 11:47:00,755,755,755,755,0
2022-08-11 11:48:00,755,755,755,755,0
2022-08-11 11:49:00,755,755,755,755,0
2022-08-11 11:50:00,755,755,755,755,0
2022-08-11 11:51:00,755,755,755,755,0
2022-08-11 11:52:00,755,755,755,755,0
2022-08-11 11:53:00,755,755,755,755,0
2022-08-11 11:54:00,755,755,755,755,0
2022-08-11 11:55:00,755,755,755,755,0
2022-08-11 11:56:00,755,755,755,755,0
2022-08-11 11:57:00,755,755,755,755,0
2022-08-11 11:58:00,755,755,755,755,0
2022-08-11 11:59:00,755,755,755,755,0
2022-08-11 12:00:00,755,755,755,755,0
2022-08-11 12:01:00,755,755,755,755,0
2022-08-11 12:02:00,755,755,755,755,0
2022-08-11 12:03:00,755,755,755,755,0
2022-08-11 12:04:00,755,755,755,755,0
2022-08-11 12:05:00,755,755,755,755,0
2022-08-11 12:06:00,755,755,755,755,0
2022-08-11 12:07:00,755,755,755,755,0
2022-08-11 12:08:00,755,755,755,755,0
2022-08-11 12:09:00,755,755,755,755,0
2022-08-11 12:10:00,755,755,755,755,0
2022-08-11 12:11:00,755,755,755,755,0
2022-08-11 12:12:00,755,755,755,755,0
2022-08-11 12:13:00,755,755,755,755,0
2022-08-11 12:14:00,755,755,755,755,0
2022-08-11 12:15:00,755,755,755,755,0
2022-08-11 12:16:00,755,755,755,755,0
2022-08-11 12:17:00,755,755,755,755,0
2022-08-11 12:18:00,755,755,755,755,0
2022-08-11 12:19:00,755,755,755,755,0
2022-08-11 12:20:00,755,755,755,755,0
2022-08-11 12:21:00,755,755,755,755,0
2022-08-11 12:22:00,755,755,755,755,0
2022-08-11 12:23:00,755,755,755,755,0
2022-08-11 12:24:00,755,755,755,755,0
2022-08-11 12:25:00,755,755,755,755,0
2022-08-11 12:26:00,755,755,755,755,0
2022-08-11 12:27:00,755,755,755,755,0
2022-08-11 12:28:00,755,755,755,755,0
2022-08-11 12:29:00,755,755,755,755,0
2022-08-11 12:30:00,755,755,755,755,0
2022-08-11 12:31:00,755,755,755,755,0
2022-08-11 12:32:00,755,755,755,755,0
2022-08-11 12:33:00,755,755,755,755,0
2022-08-11 12:34:00,755,755,755,755,0
2022-08-11 12:35:00,755,755,755,755,0
2022-08-11 12:36:00,755,755,755,755,0
2022-08-11 12:37:00,755,755,755,755,0
2022-08-11 12:38:00,755,755,755,755,0
2022-08-11 12:39:00,755,755,755,755,0
2022-08-11 12:40:00,755,755,755,755,0
2022-08-11 12:41:00,755,755,755,755,0
2022-08-11 12:42:00,755,755,755,755,0
2022-08-11 12:43:00,755,755,755,755,0
2022-08-11 12:44:00,755,755,755,755,0
2022-08-11 12:45:00,755,755,755,755,0
2022-08-11 12:46:00,755,755,755,755,0
2022-08-11 12:47:00,755,755,755,755,0
2022-08-11 12:48:00,755,755,755,755,0
2022-08-11 12:49:00,755,755,755,755,0
2022-08-11 12:50:00,755,755,755,755,0
2022-08-11 12:51:00,755,755,755,755,0
2022-08-11 12:52:00,755,755,755,755,0
2022-08-11 12:53:00,755,755,755,755,0
2022-08-11 12:54:00,755,755,755,755,0
2022-08-11 12:55:00,755,755,755,755,0
2022-08-11 12:56:00,755,755,755,755,0
2022-08-11 12:57:00,755,755,755,755,0
2022-08-11 12:58:00,755,755,755,755,0
2022-08-11 12:59:00,755,755,755,755,0
2022-08-11 13:00:00,755,755,755,755,0
2022-08-11 13:01:00,755,755,755,755,0
2022-08-11 13:02:00,755,755,755,755,0
2022-08-11 13:03:00,755,755,755,755,0
2022-08-11 13:04:00,755,755,755,755,0
2022-08-11 13:05:00,755,755,755,755,0
2022-08-11 13:06:00,755,755,755,755,0
2022-08-11 13:07:00,755,755,755,755,0
2022-08-11 13:08:00,755,755,755,755,0
2022-08-11 13:09:00,755,755,755,755,0
2022-08-11 13:10:00,755,755,755,755,0
2022-08-11 13:11:00,755,755,755,755,0
2022-08-11 13:12:00,755,755,755,755,0
2022-08-11 13:13:00,755,755,755,755,0
2022-08-11 13:14:00,755,755,755,755,0
2022-08-11 13:15:00,755,755,755,755,0
2022-08-11 13:16:00,755,755,755,755,0
2022-08-11 13:17:00,755,755,755,755,0
2022-08-11 13:18:00,755,755,755,755,0
2022-08-11 13:19:00,755,755,755,755,0
2022-08-11 13:20:00,755,755,755,755,0
2022-08-11 13:21:00,755,755,755,755,0
2022-08-11 13:22:00,755,755,755,755,0
2022-08-11 13:23:00,755,755,755,755,0
2022-08-11 13:24:00,755,755,755,755,0
2022-08-11 13:25:00,755,755,755,755,0
2022-08-11 13:26:00,755,755,755,755,0
2022-08-11 13:27:00,755,755,755,755,0
2022-08-11 13:28:00,755,755,755,755,0
2022-08-11 13:29:00,755,755,755,755,0
2022-08-11 13:30:00,755,755,755,755,0
2022-08-11 13:31:00,755,755,755,755,0
2022-08-11 13:32:00,755,755,755,755,0
2022-08-11 13:33:00,755,755,755,755,0
2022-08-11 13:34:00,755,755,755,755,0
2022-08-11 13:35:00,755,755,755,755,0
2022-08-11 13:36:00,760,755,760,760,0
2022-08-11 13:37:00,760,755,760,755,1500
2022-08-11 13:38:00,760,755,760,755,0
2022-08-11 13:39:00,760,755,760,755,0
2022-08-11 13:40:00,760,755,760,755,0
2022-08-11 13:41:00,760,760,760,760,5500
2022-08-11 13:42:00,760,760,760,760,0
2022-08-11 13:43:00,760,760,760,760,0
2022-08-11 13:44:00,760,760,760,760,0
2022-08-11 13:45:00,760,760,760,760,0
2022-08-11 13:46:00,760,760,760,760,0
2022-08-11 13:47:00,760,760,760,760,0
2022-08-11 13:48:00,760,760,760,760,0
2022-08-11 13:49:00,760,760,760,760,0
2022-08-11 13:50:00,760,760,760,760,0
2022-08-11 13:51:00,760,760,760,760,0
2022-08-11 13:52:00,760,760,760,760,0
2022-08-11 13:53:00,760,760,760,760,0
2022-08-11 13:54:00,760,760,760,760,0
2022-08-11 13:55:00,760,760,760,760,5200
2022-08-11 13:56:00,760,760,760,760,0
2022-08-11 13:57:00,760,760,760,760,0
2022-08-11 13:58:00,765,760,765,760,21800
2022-08-11 13:59:00,765,760,765,760,0
2022-08-11 14:00:00,760,760,760,760,0
2022-08-11 14:01:00,760,755,760,755,2500
2022-08-11 14:02:00,760,755,760,755,0
2022-08-11 14:03:00,760,755,760,755,1000
2022-08-11 14:04:00,755,755,755,755,100
2022-08-11 14:05:00,755,755,755,755,0
2022-08-11 14:06:00,755,755,755,755,0
2022-08-11 14:07:00,760,760,760,760,100
2022-08-11 14:08:00,755,750,755,750,34500
2022-08-11 14:09:00,755,750,755,750,0
2022-08-11 14:10:00,755,750,755,750,0
2022-08-11 14:11:00,755,750,755,750,0
2022-08-11 14:12:00,755,750,755,750,0
2022-08-11 14:13:00,755,750,755,755,30500
2022-08-11 14:14:00,755,750,755,755,0
2022-08-11 14:15:00,755,755,755,755,4900
2022-08-11 14:16:00,755,755,755,755,0
2022-08-11 14:17:00,760,755,760,755,0
2022-08-11 14:18:00,760,760,760,760,100
2022-08-11 14:19:00,760,760,760,760,0
2022-08-11 14:20:00,760,760,760,760,0
2022-08-11 14:21:00,760,760,760,760,0
2022-08-11 14:22:00,760,760,760,760,0
2022-08-11 14:23:00,760,760,760,760,0
2022-08-11 14:24:00,755,755,755,755,9300
2022-08-11 14:25:00,755,755,755,755,300
2022-08-11 14:26:00,755,755,755,755,0
2022-08-11 14:27:00,755,755,755,755,3300
2022-08-11 14:28:00,755,755,755,755,0
2022-08-11 14:29:00,755,755,755,755,0
2022-08-11 14:30:00,755,755,755,755,0
2022-08-11 14:31:00,755,755,755,755,0
2022-08-11 14:32:00,755,755,755,755,2900
2022-08-11 14:33:00,755,755,755,755,800
2022-08-11 14:34:00,755,755,755,755,0
2022-08-11 14:35:00,755,755,755,755,0
2022-08-11 14:36:00,755,755,755,755,0
2022-08-11 14:37:00,755,755,755,755,0
2022-08-11 14:38:00,755,755,755,755,1400
2022-08-11 14:39:00,755,750,755,750,1200
2022-08-11 14:40:00,755,755,755,755,6100
2022-08-11 14:41:00,755,755,755,755,0
2022-08-11 14:42:00,755,755,755,755,0
2022-08-11 14:43:00,755,755,755,755,0
2022-08-11 14:44:00,755,755,755,755,0
2022-08-11 14:45:00,755,755,755,755,3600
2022-08-11 14:46:00,755,755,755,755,8500
2022-08-11 14:47:00,755,755,755,755,0
2022-08-11 14:48:00,755,755,755,755,0
2022-08-11 14:49:00,755,755,755,755,0
2022-08-11 14:50:00,755,755,755,755,0
2022-08-11 14:51:00,755,755,755,755,0
2022-08-11 14:52:00,755,755,755,755,0
2022-08-11 14:53:00,755,755,755,755,0
2022-08-11 14:54:00,755,755,755,755,0
2022-08-11 14:55:00,755,755,755,755,0
2022-08-11 14:56:00,755,755,755,755,0
2022-08-11 14:57:00,755,755,755,755,0
2022-08-11 14:58:00,755,755,755,755,0
2022-08-11 14:59:00,755,755,755,755,0
2022-08-11 15:00:00,750,750,750,750,122800
2022-08-11 15:01:00,750,750,750,750,0
2022-08-11 15:02:00,750,750,750,750,0
2022-08-11 15:03:00,750,750,750,750,5400
2022-08-11 15:04:00,750,750,750,750,0
2022-08-11 15:05:00,750,750,750,750,2500
2022-08-11 15:06:00,750,750,750,750,0
2022-08-11 15:07:00,750,750,750,750,157400
2022-08-11 15:08:00,750,750,750,750,0
2022-08-11 15:09:00,750,750,750,750,0
2022-08-11 15:10:00,750,750,750,750,0
2022-08-11 15:11:00,750,750,750,750,0
2022-08-11 15:12:00,750,750,750,750,0
2022-08-11 15:13:00,750,750,750,750,1509600
2022-08-11 15:14:00,750,750,750,750,0
2022-08-11 15:15:00,750,750,750,750,0
2022-08-11 15:16:00,750,750,750,750,0
2022-08-11 15:17:00,750,750,750,750,0
2022-08-11 15:18:00,750,750,750,750,0
2022-08-11 15:19:00,750,750,750,750,0
2022-08-11 15:20:00,750,750,750,750,0
2022-08-11 15:21:00,750,750,750,750,0
2022-08-11 15:22:00,750,750,750,750,0
2022-08-11 15:23:00,750,750,750,750,0
2022-08-11 15:24:00,750,750,750,750,0
2022-08-11 15:25:00,750,750,750,750,0
2022-08-11 15:26:00,750,750,750,750,0
2022-08-11 15:27:00,750,750,750,750,0
2022-08-11 15:28:00,750,750,750,750,0
2022-08-11 15:29:00,750,750,750,750,0
2022-08-11 15:30:00,750,750,750,750,0
2022-08-11 15:31:00,750,750,750,750,0
2022-08-11 15:32:00,750,750,750,750,0
2022-08-11 15:33:00,750,750,750,750,0
2022-08-11 15:34:00,750,750,750,750,0
2022-08-11 15:35:00,750,750,750,750,0
2022-08-11 15:36:00,750,750,750,750,0
2022-08-11 15:37:00,750,750,750,750,0
2022-08-11 15:38:00,750,750,750,750,0
2022-08-11 15:39:00,750,750,750,750,0
2022-08-11 15:40:00,750,750,750,750,0
2022-08-11 15:41:00,750,750,750,750,0
2022-08-11 15:42:00,750,750,750,750,0
2022-08-11 15:43:00,750,750,750,750,0
2022-08-11 15:44:00,750,750,750,750,0
2022-08-11 15:45:00,750,750,750,750,0
2022-08-11 15:46:00,750,750,750,750,0
2022-08-11 15:47:00,750,750,750,750,0
2022-08-11 15:48:00,750,750,750,750,0
2022-08-11 15:49:00,750,750,750,750,0
2022-08-11 15:50:00,750,750,750,750,0
2022-08-11 15:51:00,750,750,750,750,0
2022-08-11 15:52:00,750,750,750,750,0
2022-08-11 15:53:00,750,750,750,750,0
2022-08-11 15:54:00,750,750,750,750,0
2022-08-11 15:55:00,750,750,750,750,0
2022-08-11 15:56:00,750,750,750,750,0
2022-08-11 15:57:00,750,750,750,750,0
2022-08-11 15:58:00,750,750,750,750,0
2022-08-11 15:59:00,750,750,750,750,0
2022-08-12 09:00:00,750,750,750,750,0
2022-08-12 09:01:00,750,750,750,750,0
2022-08-12 09:02:00,750,750,750,750,0
2022-08-12 09:03:00,750,750,750,750,0
2022-08-12 09:04:00,750,750,750,750,1000
2022-08-12 09:05:00,745,745,750,750,87700
2022-08-12 09:06:00,760,760,760,760,0
2022-08-12 09:07:00,760,760,760,760,0
2022-08-12 09:08:00,760,760,760,760,0
2022-08-12 09:09:00,760,760,760,760,0
2022-08-12 09:10:00,760,760,760,760,0
2022-08-12 09:11:00,755,755,755,755,900
2022-08-12 09:12:00,755,755,755,755,0
2022-08-12 09:13:00,755,755,755,755,0
2022-08-12 09:14:00,755,755,755,755,0
2022-08-12 09:15:00,755,755,755,755,13400
2022-08-12 09:16:00,755,755,755,755,0
2022-08-12 09:17:00,750,750,750,750,0
2022-08-12 09:18:00,750,750,750,750,6600
2022-08-12 09:19:00,750,750,750,750,0
2022-08-12 09:20:00,750,750,750,750,800
2022-08-12 09:21:00,750,750,750,750,0
2022-08-12 09:22:00,750,750,755,755,300
2022-08-12 09:23:00,750,750,755,755,0
2022-08-12 09:24:00,750,750,750,750,300
2022-08-12 09:25:00,750,750,750,750,2800
2022-08-12 09:26:00,750,750,750,750,0
2022-08-12 09:27:00,750,750,750,750,0
2022-08-12 09:28:00,750,750,750,750,0
2022-08-12 09:29:00,750,750,750,750,0
2022-08-12 09:30:00,750,750,750,750,0
2022-08-12 09:31:00,750,750,750,750,2900
2022-08-12 09:32:00,750,750,750,750,0
2022-08-12 09:33:00,750,750,750,750,0
2022-08-12 09:34:00,755,755,755,755,7100
2022-08-12 09:35:00,755,755,755,755,0
2022-08-12 09:36:00,755,755,755,755,0
2022-08-12 09:37:00,755,755,755,755,2400
2022-08-12 09:38:00,755,755,755,755,0
2022-08-12 09:39:00,755,755,755,755,0
2022-08-12 09:40:00,755,755,755,755,0
2022-08-12 09:41:00,755,755,755,755,0
2022-08-12 09:42:00,755,755,755,755,0
2022-08-12 09:43:00,755,755,755,755,0
2022-08-12 09:44:00,755,755,755,755,0
2022-08-12 09:45:00,755,755,755,755,0
2022-08-12 09:46:00,755,755,755,755,0
2022-08-12 09:47:00,755,755,755,755,0
2022-08-12 09:48:00,755,755,755,755,0
2022-08-12 09:49:00,755,755,755,755,0
2022-08-12 09:50:00,755,755,755,755,0
2022-08-12 09:51:00,755,755,755,755,0
2022-08-12 09:52:00,755,755,755,755,0
2022-08-12 09:53:00,755,755,755,755,0
2022-08-12 09:54:00,755,755,755,755,0
2022-08-12 09:55:00,755,755,755,755,0
2022-08-12 09:56:00,755,755,755,755,0
2022-08-12 09:57:00,755,755,755,755,0
2022-08-12 09:58:00,755,755,755,755,0
2022-08-12 09:59:00,755,755,755,755,0
2022-08-12 10:00:00,755,755,755,755,900
2022-08-12 10:01:00,755,755,755,755,0
2022-08-12 10:02:00,755,755,755,755,0
2022-08-12 10:03:00,755,755,755,755,0
2022-08-12 10:04:00,755,755,755,755,0
2022-08-12 10:05:00,755,755,755,755,0
2022-08-12 10:06:00,750,750,750,750,2900
2022-08-12 10:07:00,750,750,750,750,0
2022-08-12 10:08:00,750,750,750,750,0
2022-08-12 10:09:00,750,750,750,750,0
2022-08-12 10:10:00,750,750,750,750,0
2022-08-12 10:11:00,750,750,750,750,0
2022-08-12 10:12:00,750,750,750,750,0
2022-08-12 10:13:00,750,750,750,750,0
2022-08-12 10:14:00,750,750,750,750,0
2022-08-12 10:15:00,750,750,750,750,0
2022-08-12 10:16:00,750,750,750,750,0
2022-08-12 10:17:00,750,750,750,750,0
2022-08-12 10:18:00,750,750,750,750,0
2022-08-12 10:19:00,750,750,750,750,0
2022-08-12 10:20:00,755,755,755,755,200
2022-08-12 10:21:00,755,755,755,755,0
2022-08-12 10:22:00,755,755,755,755,0
2022-08-12 10:23:00,755,755,755,755,5500
2022-08-12 10:24:00,755,755,755,755,0
2022-08-12 10:25:00,755,755,755,755,0
2022-08-12 10:26:00,755,755,755,755,1000
2022-08-12 10:27:00,755,755,755,755,0
2022-08-12 10:28:00,755,755,755,755,0
2022-08-12 10:29:00,755,755,755,755,0
2022-08-12 10:30:00,755,755,755,755,0
2022-08-12 10:31:00,755,755,755,755,0
2022-08-12 10:32:00,755,755,755,755,0
2022-08-12 10:33:00,755,755,755,755,0
2022-08-12 10:34:00,755,755,755,755,0
2022-08-12 10:35:00,755,755,755,755,0
2022-08-12 10:36:00,755,755,755,755,0
2022-08-12 10:37:00,755,755,755,755,0
2022-08-12 10:38:00,755,755,755,755,0
2022-08-12 10:39:00,755,755,755,755,0
2022-08-12 10:40:00,755,755,755,755,0
2022-08-12 10:41:00,755,755,755,755,0
2022-08-12 10:42:00,755,755,755,755,0
2022-08-12 10:43:00,755,755,755,755,0
2022-08-12 10:44:00,750,750,750,750,4000
2022-08-12 10:45:00,750,750,750,750,0
2022-08-12 10:46:00,750,750,750,750,0
2022-08-12 10:47:00,750,750,750,750,0
2022-08-12 10:48:00,750,750,750,750,0
2022-08-12 10:49:00,750,750,750,750,0
2022-08-12 10:50:00,750,750,750,750,0
2022-08-12 10:51:00,750,750,750,750,0
2022-08-12 10:52:00,750,750,750,750,0
2022-08-12 10:53:00,750,750,750,750,0
2022-08-12 10:54:00,750,750,750,750,0
2022-08-12 10:55:00,750,750,750,750,0
2022-08-12 10:56:00,750,750,750,750,0
2022-08-12 10:57:00,750,750,750,750,0
2022-08-12 10:58:00,750,750,750,750,0
2022-08-12 10:59:00,750,750,750,750,0
2022-08-12 11:00:00,750,750,750,750,0
2022-08-12 11:01:00,750,750,750,750,0
2022-08-12 11:02:00,750,750,750,750,0
2022-08-12 11:03:00,750,750,750,750,0
2022-08-12 11:04:00,750,750,750,750,0
2022-08-12 11:05:00,750,750,750,750,0
2022-08-12 11:06:00,750,750,750,750,0
2022-08-12 11:07:00,755,755,755,755,200
2022-08-12 11:08:00,755,755,755,755,0
2022-08-12 11:09:00,755,755,755,755,0
2022-08-12 11:10:00,755,755,755,755,1100
2022-08-12 11:11:00,755,755,755,755,600
2022-08-12 11:12:00,755,755,755,755,0
2022-08-12 11:13:00,755,755,755,755,0
2022-08-12 11:14:00,755,755,755,755,0
2022-08-12 11:15:00,755,755,755,755,0
2022-08-12 11:16:00,755,755,755,755,0
2022-08-12 11:17:00,750,750,750,750,22500
2022-08-12 11:18:00,750,750,750,750,0
2022-08-12 11:19:00,750,750,750,750,12300
2022-08-12 11:20:00,750,750,750,750,0
2022-08-12 11:21:00,750,750,750,750,0
2022-08-12 11:22:00,750,750,750,750,0
2022-08-12 11:23:00,750,750,750,750,0
2022-08-12 11:24:00,750,750,750,750,0
2022-08-12 11:25:00,750,750,750,750,0
2022-08-12 11:26:00,750,750,750,750,0
2022-08-12 11:27:00,750,750,750,750,0
2022-08-12 11:28:00,750,750,750,750,0
2022-08-12 11:29:00,750,750,750,750,2100
2022-08-12 11:30:00,750,750,750,750,0
2022-08-12 11:31:00,750,750,750,750,0
2022-08-12 11:32:00,750,750,750,750,0
2022-08-12 11:33:00,750,750,750,750,0
2022-08-12 11:34:00,750,750,750,750,0
2022-08-12 11:35:00,750,750,750,750,0
2022-08-12 11:36:00,750,750,750,750,0
2022-08-12 11:37:00,750,750,750,750,0
2022-08-12 11:38:00,750,750,750,750,0
2022-08-12 11:39:00,750,750,750,750,0
2022-08-12 11:40:00,750,750,750,750,0
2022-08-12 11:41:00,750,750,750,750,0
2022-08-12 11:42:00,750,750,750,750,0
2022-08-12 11:43:00,750,750,750,750,0
2022-08-12 11:44:00,750,750,750,750,0
2022-08-12 11:45:00,750,750,750,750,0
2022-08-12 11:46:00,750,750,750,750,0
2022-08-12 11:47:00,750,750,750,750,0
2022-08-12 11:48:00,750,750,750,750,0
2022-08-12 11:49:00,750,750,750,750,0
2022-08-12 11:50:00,750,750,750,750,0
2022-08-12 11:51:00,750,750,750,750,0
2022-08-12 11:52:00,750,750,750,750,0
2022-08-12 11:53:00,750,750,750,750,0
2022-08-12 11:54:00,750,750,750,750,0
2022-08-12 11:55:00,750,750,750,750,0
2022-08-12 11:56:00,750,750,750,750,0
2022-08-12 11:57:00,750,750,750,750,0
2022-08-12 11:58:00,750,750,750,750,0
2022-08-12 11:59:00,750,750,750,750,0
2022-08-12 12:00:00,750,750,750,750,0
2022-08-12 12:01:00,750,750,750,750,0
2022-08-12 12:02:00,750,750,750,750,0
2022-08-12 12:03:00,750,750,750,750,0
2022-08-12 12:04:00,750,750,750,750,0
2022-08-12 12:05:00,750,750,750,750,0
2022-08-12 12:06:00,750,750,750,750,0
2022-08-12 12:07:00,750,750,750,750,0
2022-08-12 12:08:00,750,750,750,750,0
2022-08-12 12:09:00,750,750,750,750,0
2022-08-12 12:10:00,750,750,750,750,0
2022-08-12 12:11:00,750,750,750,750,0
2022-08-12 12:12:00,750,750,750,750,0
2022-08-12 12:13:00,750,750,750,750,0
2022-08-12 12:14:00,750,750,750,750,0
2022-08-12 12:15:00,750,750,750,750,0
2022-08-12 12:16:00,750,750,750,750,0
2022-08-12 12:17:00,750,750,750,750,0
2022-08-12 12:18:00,750,750,750,750,0
2022-08-12 12:19:00,750,750,750,750,0
2022-08-12 12:20:00,750,750,750,750,0
2022-08-12 12:21:00,750,750,750,750,0
2022-08-12 12:22:00,750,750,750,750,0
2022-08-12 12:23:00,750,750,750,750,0
2022-08-12 12:24:00,750,750,750,750,0
2022-08-12 12:25:00,750,750,750,750,0
2022-08-12 12:26:00,750,750,750,750,0
2022-08-12 12:27:00,750,750,750,750,0
2022-08-12 12:28:00,750,750,750,750,0
2022-08-12 12:29:00,750,750,750,750,0
2022-08-12 12:30:00,750,750,750,750,0
2022-08-12 12:31:00,750,750,750,750,0
2022-08-12 12:32:00,750,750,750,750,0
2022-08-12 12:33:00,750,750,750,750,0
2022-08-12 12:34:00,750,750,750,750,0
2022-08-12 12:35:00,750,750,750,750,0
2022-08-12 12:36:00,750,750,750,750,0
2022-08-12 12:37:00,750,750,750,750,0
2022-08-12 12:38:00,750,750,750,750,0
2022-08-12 12:39:00,750,750,750,750,0
2022-08-12 12:40:00,750,750,750,750,0
2022-08-12 12:41:00,750,750,750,750,0
2022-08-12 12:42:00,750,750,750,750,0
2022-08-12 12:43:00,750,750,750,750,0
2022-08-12 12:44:00,750,750,750,750,0
2022-08-12 12:45:00,750,750,750,750,0
2022-08-12 12:46:00,750,750,750,750,0
2022-08-12 12:47:00,750,750,750,750,0
2022-08-12 12:48:00,750,750,750,750,0
2022-08-12 12:49:00,750,750,750,750,0
2022-08-12 12:50:00,750,750,750,750,0
2022-08-12 12:51:00,750,750,750,750,0
2022-08-12 12:52:00,750,750,750,750,0
2022-08-12 12:53:00,750,750,750,750,0
2022-08-12 12:54:00,750,750,750,750,0
2022-08-12 12:55:00,750,750,750,750,0
2022-08-12 12:56:00,750,750,750,750,0
2022-08-12 12:57:00,750,750,750,750,0
2022-08-12 12:58:00,750,750,750,750,0
2022-08-12 12:59:00,750,750,750,750,0
2022-08-12 13:00:00,750,750,750,750,0
2022-08-12 13:01:00,750,750,750,750,0
2022-08-12 13:02:00,750,750,750,750,0
2022-08-12 13:03:00,750,750,750,750,0
2022-08-12 13:04:00,750,750,750,750,0
2022-08-12 13:05:00,750,750,750,750,0
2022-08-12 13:06:00,750,750,750,750,0
2022-08-12 13:07:00,750,750,750,750,0
2022-08-12 13:08:00,750,750,750,750,0
2022-08-12 13:09:00,750,750,750,750,0
2022-08-12 13:10:00,750,750,750,750,0
2022-08-12 13:11:00,750,750,750,750,0
2022-08-12 13:12:00,750,750,750,750,0
2022-08-12 13:13:00,750,750,750,750,0
2022-08-12 13:14:00,750,750,750,750,0
2022-08-12 13:15:00,750,750,750,750,0
2022-08-12 13:16:00,750,750,750,750,0
2022-08-12 13:17:00,750,750,750,750,0
2022-08-12 13:18:00,750,750,750,750,0
2022-08-12 13:19:00,750,750,750,750,0
2022-08-12 13:20:00,750,750,750,750,0
2022-08-12 13:21:00,750,750,750,750,0
2022-08-12 13:22:00,750,750,750,750,0
2022-08-12 13:23:00,750,750,750,750,0
2022-08-12 13:24:00,750,750,750,750,0
2022-08-12 13:25:00,750,750,750,750,0
2022-08-12 13:26:00,750,750,750,750,0
2022-08-12 13:27:00,750,750,750,750,0
2022-08-12 13:28:00,750,750,750,750,0
2022-08-12 13:29:00,750,750,750,750,0
2022-08-12 13:30:00,755,755,755,755,1000
2022-08-12 13:31:00,755,755,755,755,1500
2022-08-12 13:32:00,755,755,755,755,0
2022-08-12 13:33:00,755,755,755,755,0
2022-08-12 13:34:00,755,755,755,755,0
2022-08-12 13:35:00,755,755,755,755,0
2022-08-12 13:36:00,755,755,755,755,0
2022-08-12 13:37:00,755,755,755,755,0
2022-08-12 13:38:00,755,755,755,755,0
2022-08-12 13:39:00,755,755,755,755,0
2022-08-12 13:40:00,755,755,755,755,0
2022-08-12 13:41:00,755,755,755,755,0
2022-08-12 13:42:00,755,755,755,755,0
2022-08-12 13:43:00,755,755,755,755,0
2022-08-12 13:44:00,755,755,755,755,0
2022-08-12 13:45:00,755,755,755,755,0
2022-08-12 13:46:00,755,755,755,755,0
2022-08-12 13:47:00,755,755,755,755,0
2022-08-12 13:48:00,755,755,755,755,0
2022-08-12 13:49:00,755,755,755,755,0
2022-08-12 13:50:00,755,755,755,755,100
2022-08-12 13:51:00,755,755,755,755,0
2022-08-12 13:52:00,755,755,755,755,0
2022-08-12 13:53:00,755,755,755,755,0
2022-08-12 13:54:00,755,755,755,755,0
2022-08-12 13:55:00,755,755,755,755,0
2022-08-12 13:56:00,755,755,755,755,0
2022-08-12 13:57:00,755,755,755,755,0
2022-08-12 13:58:00,755,755,755,755,0
2022-08-12 13:59:00,755,755,755,755,1400
2022-08-12 14:00:00,755,750,755,755,1500
2022-08-12 14:01:00,755,750,755,755,0
2022-08-12 14:02:00,755,750,755,755,0
2022-08-12 14:03:00,755,750,755,755,0
2022-08-12 14:04:00,755,750,755,755,0
2022-08-12 14:05:00,755,750,755,755,0
2022-08-12 14:06:00,755,750,755,755,0
2022-08-12 14:07:00,755,750,755,755,0
2022-08-12 14:08:00,755,750,755,755,0
2022-08-12 14:09:00,755,750,755,755,0
2022-08-12 14:10:00,750,750,750,750,100
2022-08-12 14:11:00,750,750,750,750,0
2022-08-12 14:12:00,750,750,750,750,1500
2022-08-12 14:13:00,750,750,750,750,0
2022-08-12 14:14:00,750,750,750,750,0
2022-08-12 14:15:00,755,750,755,750,0
2022-08-12 14:16:00,755,755,755,755,0
2022-08-12 14:17:00,755,755,755,755,0
2022-08-12 14:18:00,755,755,755,755,0
2022-08-12 14:19:00,755,755,755,755,0
2022-08-12 14:20:00,755,755,755,755,0
2022-08-12 14:21:00,755,755,755,755,0
2022-08-12 14:22:00,755,755,755,755,0
2022-08-12 14:23:00,755,755,755,755,0
2022-08-12 14:24:00,755,755,755,755,0
2022-08-12 14:25:00,750,745,750,745,122600
2022-08-12 14:26:00,745,745,750,750,0
2022-08-12 14:27:00,750,750,750,750,0
2022-08-12 14:28:00,750,750,750,750,0
2022-08-12 14:29:00,750,750,750,750,0
2022-08-12 14:30:00,750,750,750,750,0
2022-08-12 14:31:00,750,750,750,750,0
2022-08-12 14:32:00,750,750,750,750,0
2022-08-12 14:33:00,750,750,750,750,0
2022-08-12 14:34:00,750,750,750,750,300
2022-08-12 14:35:00,750,745,750,745,36300
2022-08-12 14:36:00,750,750,750,750,0
2022-08-12 14:37:00,750,750,750,750,0
2022-08-12 14:38:00,750,750,750,750,0
2022-08-12 14:39:00,750,750,750,750,0
2022-08-12 14:40:00,750,750,750,750,0
2022-08-12 14:41:00,755,750,755,750,1200
2022-08-12 14:42:00,755,750,755,750,0
2022-08-12 14:43:00,755,750,755,750,0
2022-08-12 14:44:00,755,750,755,750,0
2022-08-12 14:45:00,755,755,755,755,2900
2022-08-12 14:46:00,755,755,755,755,0
2022-08-12 14:47:00,755,755,755,755,0
2022-08-12 14:48:00,755,755,755,755,0
2022-08-12 14:49:00,755,755,755,755,0
2022-08-12 14:50:00,755,755,755,755,0
2022-08-12 14:51:00,755,755,755,755,0
2022-08-12 14:52:00,755,755,755,755,0
2022-08-12 14:53:00,755,755,755,755,0
2022-08-12 14:54:00,755,755,755,755,0
2022-08-12 14:55:00,755,755,755,755,0
2022-08-12 14:56:00,755,755,755,755,0
2022-08-12 14:57:00,755,755,755,755,0
2022-08-12 14:58:00,755,755,755,755,0
2022-08-12 14:59:00,755,755,755,755,0
2022-08-12 15:00:00,755,755,755,755,5400
2022-08-12 15:01:00,755,755,755,755,0
2022-08-12 15:02:00,755,755,755,755,0
2022-08-12 15:03:00,755,755,755,755,0
2022-08-12 15:04:00,755,755,755,755,0
2022-08-12 15:05:00,755,755,755,755,0
2022-08-12 15:06:00,755,755,755,755,0
2022-08-12 15:07:00,755,755,755,755,0
2022-08-12 15:08:00,755,755,755,755,0
2022-08-12 15:09:00,755,755,755,755,0
2022-08-12 15:10:00,755,755,755,755,0
2022-08-12 15:11:00,755,755,755,755,0
2022-08-12 15:12:00,755,755,755,755,0
2022-08-12 15:13:00,755,755,755,755,0
2022-08-12 15:14:00,755,755,755,755,0
2022-08-12 15:15:00,755,755,755,755,0
2022-08-12 15:16:00,755,755,755,755,0
2022-08-12 15:17:00,755,755,755,755,0
2022-08-12 15:18:00,755,755,755,755,0
2022-08-12 15:19:00,755,755,755,755,0
2022-08-12 15:20:00,755,755,755,755,0
2022-08-12 15:21:00,755,755,755,755,0
2022-08-12 15:22:00,755,755,755,755,0
2022-08-12 15:23:00,755,755,755,755,0
2022-08-12 15:24:00,755,755,755,755,0
2022-08-12 15:25:00,755,755,755,755,0
2022-08-12 15:26:00,755,755,755,755,0
2022-08-12 15:27:00,755,755,755,755,0
2022-08-12 15:28:00,755,755,755,755,0
2022-08-12 15:29:00,755,755,755,755,0
2022-08-12 15:30:00,755,755,755,755,0
2022-08-12 15:31:00,755,755,755,755,0
2022-08-12 15:32:00,755,755,755,755,0
2022-08-12 15:33:00,755,755,755,755,0
2022-08-12 15:34:00,755,755,755,755,0
2022-08-12 15:35:00,755,755,755,755,0
2022-08-12 15:36:00,755,755,755,755,0
2022-08-12 15:37:00,755,755,755,755,0
2022-08-12 15:38:00,755,755,755,755,0
2022-08-12 15:39:00,755,755,755,755,0
2022-08-12 15:40:00,755,755,755,755,0
2022-08-12 15:41:00,755,755,755,755,0
2022-08-12 15:42:00,755,755,755,755,0
2022-08-12 15:43:00,755,755,755,755,0
2022-08-12 15:44:00,755,755,755,755,0
2022-08-12 15:45:00,755,755,755,755,0
2022-08-12 15:46:00,755,755,755,755,0
2022-08-12 15:47:00,755,755,755,755,0
2022-08-12 15:48:00,755,755,755,755,0
2022-08-12 15:49:00,755,755,755,755,0
2022-08-12 15:50:00,755,755,755,755,0
2022-08-12 15:51:00,755,755,755,755,0
2022-08-12 15:52:00,755,755,755,755,0
2022-08-12 15:53:00,755,755,755,755,0
2022-08-12 15:54:00,755,755,755,755,0
2022-08-12 15:55:00,755,755,755,755,0
2022-08-12 15:56:00,755,755,755,755,0
2022-08-12 15:57:00,755,755,755,755,0
2022-08-12 15:58:00,755,755,755,755,0
2022-08-12 15:59:00,755,755,755,755,0
2022-08-15 09:00:00,755,755,760,760,6900
2022-08-15 09:01:00,760,760,760,760,3700
2022-08-15 09:02:00,760,760,760,760,0
2022-08-15 09:03:00,760,760,760,760,0
2022-08-15 09:04:00,760,760,760,760,0
2022-08-15 09:05:00,760,760,760,760,1000
2022-08-15 09:06:00,760,760,760,760,0
2022-08-15 09:07:00,760,760,760,760,3000
2022-08-15 09:08:00,755,755,755,755,0
2022-08-15 09:09:00,755,755,755,755,0
2022-08-15 09:10:00,755,750,755,750,55000
2022-08-15 09:11:00,755,755,755,755,26400
2022-08-15 09:12:00,750,750,750,750,800
2022-08-15 09:13:00,755,745,755,745,16300
2022-08-15 09:14:00,755,745,755,745,0
2022-08-15 09:15:00,755,745,755,745,0
2022-08-15 09:16:00,750,750,755,755,22700
2022-08-15 09:17:00,750,750,755,755,0
2022-08-15 09:18:00,750,750,755,755,0
2022-08-15 09:19:00,750,750,755,755,0
2022-08-15 09:20:00,750,750,755,755,0
2022-08-15 09:21:00,755,755,755,755,40200
2022-08-15 09:22:00,755,755,755,755,0
2022-08-15 09:23:00,755,755,755,755,5800
2022-08-15 09:24:00,755,755,755,755,0
2022-08-15 09:25:00,755,755,755,755,0
2022-08-15 09:26:00,760,760,760,760,2000
2022-08-15 09:27:00,760,760,760,760,0
2022-08-15 09:28:00,760,760,760,760,0
2022-08-15 09:29:00,760,760,760,760,0
2022-08-15 09:30:00,760,760,760,760,600
2022-08-15 09:31:00,760,760,760,760,0
2022-08-15 09:32:00,760,755,760,755,400
2022-08-15 09:33:00,760,755,760,755,0
2022-08-15 09:34:00,760,755,760,755,0
2022-08-15 09:35:00,760,755,760,755,0
2022-08-15 09:36:00,755,755,755,755,19600
2022-08-15 09:37:00,755,755,755,755,0
2022-08-15 09:38:00,755,755,755,755,0
2022-08-15 09:39:00,755,755,755,755,0
2022-08-15 09:40:00,760,760,765,765,1900
2022-08-15 09:41:00,760,760,765,765,0
2022-08-15 09:42:00,765,765,765,765,100
2022-08-15 09:43:00,765,765,765,765,1900
2022-08-15 09:44:00,765,765,765,765,0
2022-08-15 09:45:00,765,765,765,765,0
2022-08-15 09:46:00,765,765,765,765,0
2022-08-15 09:47:00,765,765,765,765,0
2022-08-15 09:48:00,765,765,765,765,0
2022-08-15 09:49:00,765,765,765,765,0
2022-08-15 09:50:00,765,765,765,765,0
2022-08-15 09:51:00,765,765,765,765,0
2022-08-15 09:52:00,765,765,765,765,0
2022-08-15 09:53:00,765,765,765,765,0
2022-08-15 09:54:00,765,765,765,765,0
2022-08-15 09:55:00,765,765,765,765,0
2022-08-15 09:56:00,765,765,765,765,0
2022-08-15 09:57:00,765,765,765,765,0
2022-08-15 09:58:00,765,765,765,765,0
2022-08-15 09:59:00,765,755,765,755,4200
2022-08-15 10:00:00,765,755,765,755,0
2022-08-15 10:01:00,755,755,755,755,2900
2022-08-15 10:02:00,755,755,755,755,0
2022-08-15 10:03:00,755,755,755,755,100
2022-08-15 10:04:00,755,755,755,755,0
2022-08-15 10:05:00,755,755,755,755,0
2022-08-15 10:06:00,755,755,755,755,0
2022-08-15 10:07:00,755,755,755,755,0
2022-08-15 10:08:00,755,755,755,755,0
2022-08-15 10:09:00,755,755,755,755,0
2022-08-15 10:10:00,755,755,755,755,0
2022-08-15 10:11:00,755,755,755,755,0
2022-08-15 10:12:00,755,755,755,755,0
2022-08-15 10:13:00,755,755,755,755,0
2022-08-15 10:14:00,760,760,760,760,600
2022-08-15 10:15:00,760,760,760,760,900
2022-08-15 10:16:00,760,760,760,760,0
2022-08-15 10:17:00,760,755,760,755,1400
2022-08-15 10:18:00,760,755,760,755,0
2022-08-15 10:19:00,760,755,760,755,0
2022-08-15 10:20:00,760,755,760,755,0
2022-08-15 10:21:00,760,760,760,760,1500
2022-08-15 10:22:00,760,760,760,760,100
2022-08-15 10:23:00,760,760,760,760,0
2022-08-15 10:24:00,760,760,760,760,0
2022-08-15 10:25:00,760,760,760,760,0
2022-08-15 10:26:00,760,760,760,760,0
2022-08-15 10:27:00,760,760,760,760,11100
2022-08-15 10:28:00,760,760,760,760,0
2022-08-15 10:29:00,760,760,760,760,0
2022-08-15 10:30:00,760,760,760,760,0
2022-08-15 10:31:00,760,760,760,760,0
2022-08-15 10:32:00,760,760,760,760,0
2022-08-15 10:33:00,760,760,760,760,0
2022-08-15 10:34:00,760,760,760,760,0
2022-08-15 10:35:00,760,760,760,760,0
2022-08-15 10:36:00,760,760,760,760,0
2022-08-15 10:37:00,760,760,760,760,0
2022-08-15 10:38:00,760,760,760,760,0
2022-08-15 10:39:00,760,760,760,760,0
2022-08-15 10:40:00,760,760,760,760,0
2022-08-15 10:41:00,760,760,760,760,0
2022-08-15 10:42:00,760,760,760,760,0
2022-08-15 10:43:00,760,760,760,760,0
2022-08-15 10:44:00,760,760,760,760,0
2022-08-15 10:45:00,760,760,760,760,0
2022-08-15 10:46:00,760,760,760,760,0
2022-08-15 10:47:00,760,760,760,760,700
2022-08-15 10:48:00,760,760,760,760,0
2022-08-15 10:49:00,760,760,760,760,0
2022-08-15 10:50:00,760,760,760,760,0
2022-08-15 10:51:00,760,760,760,760,0
2022-08-15 10:52:00,760,755,760,755,11000
2022-08-15 10:53:00,760,755,760,755,0
2022-08-15 10:54:00,765,765,765,765,100
2022-08-15 10:55:00,765,765,765,765,0
2022-08-15 10:56:00,765,765,765,765,0
2022-08-15 10:57:00,765,765,765,765,0
2022-08-15 10:58:00,765,765,765,765,0
2022-08-15 10:59:00,765,765,765,765,0
2022-08-15 11:00:00,765,765,765,765,0
2022-08-15 11:01:00,765,765,765,765,0
2022-08-15 11:02:00,765,755,765,755,39200
2022-08-15 11:03:00,765,755,765,755,0
2022-08-15 11:04:00,765,755,765,755,0
2022-08-15 11:05:00,765,755,765,755,0
2022-08-15 11:06:00,765,755,765,755,0
2022-08-15 11:07:00,765,755,765,755,0
2022-08-15 11:08:00,765,755,765,755,0
2022-08-15 11:09:00,765,755,765,755,0
2022-08-15 11:10:00,765,755,765,755,0
2022-08-15 11:11:00,765,755,765,755,0
2022-08-15 11:12:00,755,755,755,755,20300
2022-08-15 11:13:00,755,755,755,755,0
2022-08-15 11:14:00,755,755,755,755,0
2022-08-15 11:15:00,755,755,755,755,0
2022-08-15 11:16:00,755,755,755,755,0
2022-08-15 11:17:00,755,755,755,755,0
2022-08-15 11:18:00,755,755,755,755,0
2022-08-15 11:19:00,755,755,755,755,0
2022-08-15 11:20:00,755,755,755,755,0
2022-08-15 11:21:00,755,755,755,755,0
2022-08-15 11:22:00,755,755,755,755,0
2022-08-15 11:23:00,755,755,755,755,0
2022-08-15 11:24:00,755,755,755,755,0
2022-08-15 11:25:00,755,755,755,755,0
2022-08-15 11:26:00,755,755,755,755,0
2022-08-15 11:27:00,755,755,755,755,0
2022-08-15 11:28:00,755,755,755,755,0
2022-08-15 11:29:00,755,755,755,755,0
2022-08-15 11:30:00,755,755,755,755,0
2022-08-15 11:31:00,755,755,755,755,0
2022-08-15 11:32:00,755,755,755,755,0
2022-08-15 11:33:00,755,755,755,755,0
2022-08-15 11:34:00,755,755,755,755,0
2022-08-15 11:35:00,755,755,755,755,0
2022-08-15 11:36:00,755,755,755,755,0
2022-08-15 11:37:00,755,755,755,755,0
2022-08-15 11:38:00,755,755,755,755,0
2022-08-15 11:39:00,755,755,755,755,0
2022-08-15 11:40:00,755,755,755,755,0
2022-08-15 11:41:00,755,755,755,755,0
2022-08-15 11:42:00,755,755,755,755,0
2022-08-15 11:43:00,755,755,755,755,0
2022-08-15 11:44:00,755,755,755,755,0
2022-08-15 11:45:00,755,755,755,755,0
2022-08-15 11:46:00,755,755,755,755,0
2022-08-15 11:47:00,755,755,755,755,0
2022-08-15 11:48:00,755,755,755,755,0
2022-08-15 11:49:00,755,755,755,755,0
2022-08-15 11:50:00,755,755,755,755,0
2022-08-15 11:51:00,755,755,755,755,0
2022-08-15 11:52:00,755,755,755,755,0
2022-08-15 11:53:00,755,755,755,755,0
2022-08-15 11:54:00,755,755,755,755,0
2022-08-15 11:55:00,755,755,755,755,0
2022-08-15 11:56:00,755,755,755,755,0
2022-08-15 11:57:00,755,755,755,755,0
2022-08-15 11:58:00,755,755,755,755,0
2022-08-15 11:59:00,755,755,755,755,0
2022-08-15 12:00:00,755,755,755,755,0
2022-08-15 12:01:00,755,755,755,755,0
2022-08-15 12:02:00,755,755,755,755,0
2022-08-15 12:03:00,755,755,755,755,0
2022-08-15 12:04:00,755,755,755,755,0
2022-08-15 12:05:00,755,755,755,755,0
2022-08-15 12:06:00,755,755,755,755,0
2022-08-15 12:07:00,755,755,755,755,0
2022-08-15 12:08:00,755,755,755,755,0
2022-08-15 12:09:00,755,755,755,755,0
2022-08-15 12:10:00,755,755,755,755,0
2022-08-15 12:11:00,755,755,755,755,0
2022-08-15 12:12:00,755,755,755,755,0
2022-08-15 12:13:00,755,755,755,755,0
2022-08-15 12:14:00,755,755,755,755,0
2022-08-15 12:15:00,755,755,755,755,0
2022-08-15 12:16:00,755,755,755,755,0
2022-08-15 12:17:00,755,755,755,755,0
2022-08-15 12:18:00,755,755,755,755,0
2022-08-15 12:19:00,755,755,755,755,0
2022-08-15 12:20:00,755,755,755,755,0
2022-08-15 12:21:00,755,755,755,755,0
2022-08-15 12:22:00,755,755,755,755,0
2022-08-15 12:23:00,755,755,755,755,0
2022-08-15 12:24:00,755,755,755,755,0
2022-08-15 12:25:00,755,755,755,755,0
2022-08-15 12:26:00,755,755,755,755,0
2022-08-15 12:27:00,755,755,755,755,0
2022-08-15 12:28:00,755,755,755,755,0
2022-08-15 12:29:00,755,755,755,755,0
2022-08-15 12:30:00,755,755,755,755,0
2022-08-15 12:31:00,755,755,755,755,0
2022-08-15 12:32:00,755,755,755,755,0
2022-08-15 12:33:00,755,755,755,755,0
2022-08-15 12:34:00,755,755,755,755,0
2022-08-15 12:35:00,755,755,755,755,0
2022-08-15 12:36:00,755,755,755,755,0
2022-08-15 12:37:00,755,755,755,755,0
2022-08-15 12:38:00,755,755,755,755,0
2022-08-15 12:39:00,755,755,755,755,0
2022-08-15 12:40:00,755,755,755,755,0
2022-08-15 12:41:00,755,755,755,755,0
2022-08-15 12:42:00,755,755,755,755,0
2022-08-15 12:43:00,755,755,755,755,0
2022-08-15 12:44:00,755,755,755,755,0
2022-08-15 12:45:00,755,755,755,755,0
2022-08-15 12:46:00,755,755,755,755,0
2022-08-15 12:47:00,755,755,755,755,0
2022-08-15 12:48:00,755,755,755,755,0
2022-08-15 12:49:00,755,755,755,755,0
2022-08-15 12:50:00,755,755,755,755,0
2022-08-15 12:51:00,755,755,755,755,0
2022-08-15 12:52:00,755,755,755,755,0
2022-08-15 12:53:00,755,755,755,755,0
2022-08-15 12:54:00,755,755,755,755,0
2022-08-15 12:55:00,755,755,755,755,0
2022-08-15 12:56:00,755,755,755,755,0
2022-08-15 12:57:00,755,755,755,755,0
2022-08-15 12:58:00,755,755,755,755,0
2022-08-15 12:59:00,755,755,755,755,0
2022-08-15 13:00:00,755,755,755,755,0
2022-08-15 13:01:00,755,755,755,755,0
2022-08-15 13:02:00,755,755,755,755,0
2022-08-15 13:03:00,755,755,755,755,0
2022-08-15 13:04:00,755,755,755,755,0
2022-08-15 13:05:00,755,755,755,755,0
2022-08-15 13:06:00,755,755,755,755,0
2022-08-15 13:07:00,755,755,755,755,0
2022-08-15 13:08:00,755,755,755,755,0
2022-08-15 13:09:00,755,755,755,755,0
2022-08-15 13:10:00,755,755,755,755,0
2022-08-15 13:11:00,755,755,755,755,0
2022-08-15 13:12:00,755,755,755,755,0
2022-08-15 13:13:00,755,755,755,755,0
2022-08-15 13:14:00,755,755,755,755,0
2022-08-15 13:15:00,755,755,755,755,0
2022-08-15 13:16:00,755,755,755,755,0
2022-08-15 13:17:00,755,755,755,755,0
2022-08-15 13:18:00,755,755,755,755,0
2022-08-15 13:19:00,755,755,755,755,0
2022-08-15 13:20:00,755,755,755,755,0
2022-08-15 13:21:00,755,755,755,755,0
2022-08-15 13:22:00,755,755,755,755,0
2022-08-15 13:23:00,755,755,755,755,0
2022-08-15 13:24:00,755,755,755,755,0
2022-08-15 13:25:00,755,755,755,755,0
2022-08-15 13:26:00,755,755,755,755,0
2022-08-15 13:27:00,755,755,755,755,0
2022-08-15 13:28:00,755,755,755,755,0
2022-08-15 13:29:00,755,755,755,755,0
2022-08-15 13:30:00,765,765,765,765,34800
2022-08-15 13:31:00,765,765,765,765,500
2022-08-15 13:32:00,765,765,765,765,0
2022-08-15 13:33:00,765,765,770,770,1300
2022-08-15 13:34:00,765,765,770,770,0
2022-08-15 13:35:00,765,765,765,765,14000
2022-08-15 13:36:00,765,765,765,765,1000
2022-08-15 13:37:00,765,760,765,760,49800
2022-08-15 13:38:00,765,760,765,760,0
2022-08-15 13:39:00,765,760,765,760,0
2022-08-15 13:40:00,765,760,765,760,0
2022-08-15 13:41:00,765,760,765,760,0
2022-08-15 13:42:00,765,760,765,760,0
2022-08-15 13:43:00,765,760,765,760,0
2022-08-15 13:44:00,765,760,765,760,0
2022-08-15 13:45:00,765,760,765,760,0
2022-08-15 13:46:00,760,760,770,770,900
2022-08-15 13:47:00,765,765,765,765,4400
2022-08-15 13:48:00,765,765,765,765,0
2022-08-15 13:49:00,765,765,765,765,0
2022-08-15 13:50:00,765,765,765,765,700
2022-08-15 13:51:00,760,760,760,760,15000
2022-08-15 13:52:00,760,760,760,760,0
2022-08-15 13:53:00,760,760,760,760,0
2022-08-15 13:54:00,760,760,760,760,0
2022-08-15 13:55:00,760,760,760,760,0
2022-08-15 13:56:00,760,760,760,760,0
2022-08-15 13:57:00,760,760,760,760,0
2022-08-15 13:58:00,760,760,760,760,0
2022-08-15 13:59:00,760,760,760,760,0
2022-08-15 14:00:00,755,755,755,755,14300
2022-08-15 14:01:00,755,755,755,755,0
2022-08-15 14:02:00,755,755,755,755,0
2022-08-15 14:03:00,755,755,755,755,0
2022-08-15 14:04:00,755,755,755,755,0
2022-08-15 14:05:00,760,760,760,760,200
2022-08-15 14:06:00,760,760,760,760,0
2022-08-15 14:07:00,760,760,760,760,0
2022-08-15 14:08:00,760,760,760,760,0
2022-08-15 14:09:00,760,760,760,760,200
2022-08-15 14:10:00,760,760,760,760,0
2022-08-15 14:11:00,760,760,760,760,0
2022-08-15 14:12:00,760,760,760,760,13000
2022-08-15 14:13:00,765,765,765,765,0
2022-08-15 14:14:00,765,765,765,765,0
2022-08-15 14:15:00,765,765,765,765,0
2022-08-15 14:16:00,760,760,760,760,6500
2022-08-15 14:17:00,760,760,760,760,0
2022-08-15 14:18:00,755,755,760,760,800
2022-08-15 14:19:00,755,755,760,760,0
2022-08-15 14:20:00,755,755,760,760,0
2022-08-15 14:21:00,755,755,760,760,0
2022-08-15 14:22:00,755,755,760,760,0
2022-08-15 14:23:00,755,755,760,760,0
2022-08-15 14:24:00,755,755,760,760,0
2022-08-15 14:25:00,755,755,760,760,0
2022-08-15 14:26:00,755,755,760,760,0
2022-08-15 14:27:00,755,755,760,760,0
2022-08-15 14:28:00,760,760,760,760,500
2022-08-15 14:29:00,760,760,760,760,0
2022-08-15 14:30:00,760,760,760,760,200
2022-08-15 14:31:00,760,760,760,760,0
2022-08-15 14:32:00,760,760,760,760,0
2022-08-15 14:33:00,760,760,760,760,0
2022-08-15 14:34:00,760,760,760,760,0
2022-08-15 14:35:00,760,760,760,760,0
2022-08-15 14:36:00,760,760,760,760,0
2022-08-15 14:37:00,760,760,760,760,0
2022-08-15 14:38:00,760,760,760,760,0
2022-08-15 14:39:00,760,760,760,760,0
2022-08-15 14:40:00,760,760,760,760,0
2022-08-15 14:41:00,760,760,760,760,0
2022-08-15 14:42:00,755,755,755,755,600
2022-08-15 14:43:00,755,755,755,755,1700
2022-08-15 14:44:00,755,755,755,755,9700
2022-08-15 14:45:00,755,755,755,755,0
2022-08-15 14:46:00,755,755,755,755,0
2022-08-15 14:47:00,755,755,755,755,0
2022-08-15 14:48:00,755,755,755,755,0
2022-08-15 14:49:00,755,755,755,755,0
2022-08-15 14:50:00,755,755,755,755,0
2022-08-15 14:51:00,755,755,755,755,0
2022-08-15 14:52:00,755,755,755,755,0
2022-08-15 14:53:00,755,755,755,755,0
2022-08-15 14:54:00,755,755,755,755,0
2022-08-15 14:55:00,755,755,755,755,0
2022-08-15 14:56:00,755,755,755,755,0
2022-08-15 14:57:00,755,755,755,755,0
2022-08-15 14:58:00,755,755,755,755,0
2022-08-15 14:59:00,755,755,755,755,0
2022-08-15 15:00:00,755,755,755,755,30000
2022-08-15 15:01:00,755,755,755,755,0
2022-08-15 15:02:00,755,755,755,755,0
2022-08-15 15:03:00,755,755,755,755,0
2022-08-15 15:04:00,755,755,755,755,0
2022-08-15 15:05:00,755,755,755,755,0
2022-08-15 15:06:00,755,755,755,755,0
2022-08-15 15:07:00,755,755,755,755,0
2022-08-15 15:08:00,755,755,755,755,0
2022-08-15 15:09:00,755,755,755,755,0
2022-08-15 15:10:00,755,755,755,755,0
2022-08-15 15:11:00,755,755,755,755,0
2022-08-15 15:12:00,755,755,755,755,0
2022-08-15 15:13:00,755,755,755,755,0
2022-08-15 15:14:00,755,755,755,755,0
2022-08-15 15:15:00,755,755,755,755,0
2022-08-15 15:16:00,755,755,755,755,0
2022-08-15 15:17:00,755,755,755,755,0
2022-08-15 15:18:00,755,755,755,755,0
2022-08-15 15:19:00,755,755,755,755,0
2022-08-15 15:20:00,755,755,755,755,0
2022-08-15 15:21:00,755,755,755,755,0
2022-08-15 15:22:00,755,755,755,755,0
2022-08-15 15:23:00,755,755,755,755,0
2022-08-15 15:24:00,755,755,755,755,0
2022-08-15 15:25:00,755,755,755,755,0
2022-08-15 15:26:00,755,755,755,755,0
2022-08-15 15:27:00,755,755,755,755,0
2022-08-15 15:28:00,755,755,755,755,0
2022-08-15 15:29:00,755,755,755,755,0
2022-08-15 15:30:00,755,755,755,755,0
2022-08-15 15:31:00,755,755,755,755,0
2022-08-15 15:32:00,755,755,755,755,0
2022-08-15 15:33:00,755,755,755,755,0
2022-08-15 15:34:00,755,755,755,755,0
2022-08-15 15:35:00,755,755,755,755,0
2022-08-15 15:36:00,755,755,755,755,0
2022-08-15 15:37:00,755,755,755,755,0
2022-08-15 15:38:00,755,755,755,755,0
2022-08-15 15:39:00,755,755,755,755,0
2022-08-15 15:40:00,755,755,755,755,0
2022-08-15 15:41:00,755,755,755,755,0
2022-08-15 15:42:00,755,755,755,755,0
2022-08-15 15:43:00,755,755,755,755,0
2022-08-15 15:44:00,755,755,755,755,0
2022-08-15 15:45:00,755,755,755,755,0
2022-08-15 15:46:00,755,755,755,755,0
2022-08-15 15:47:00,755,755,755,755,0
2022-08-15 15:48:00,755,755,755,755,0
2022-08-15 15:49:00,755,755,755,755,0
2022-08-15 15:50:00,755,755,755,755,0
2022-08-15 15:51:00,755,755,755,755,0
2022-08-15 15:52:00,755,755,755,755,0
2022-08-15 15:53:00,755,755,755,755,0
2022-08-15 15:54:00,755,755,755,755,0
2022-08-15 15:55:00,755,755,755,755,0
2022-08-15 15:56:00,755,755,755,755,0
2022-08-15 15:57:00,755,755,755,755,0
2022-08-15 15:58:00,755,755,755,755,0
2022-08-15 15:59:00,755,755,755,755,0
2022-08-16 09:00:00,755,755,755,755,0
2022-08-16 09:01:00,755,755,755,755,0
2022-08-16 09:02:00,755,755,755,755,0
2022-08-16 09:03:00,755,755,755,755,0
2022-08-16 09:04:00,755,755,755,755,0
2022-08-16 09:05:00,755,755,755,755,0
2022-08-16 09:06:00,755,755,755,755,0
2022-08-16 09:07:00,755,755,755,755,0
2022-08-16 09:08:00,755,755,755,755,0
2022-08-16 09:09:00,765,765,765,765,500
2022-08-16 09:10:00,765,765,765,765,0
2022-08-16 09:11:00,765,765,765,765,0
2022-08-16 09:12:00,765,765,765,765,0
2022-08-16 09:13:00,765,765,765,765,0
2022-08-16 09:14:00,765,765,765,765,0
2022-08-16 09:15:00,765,765,765,765,0
2022-08-16 09:16:00,765,765,765,765,0
2022-08-16 09:17:00,765,765,765,765,0
2022-08-16 09:18:00,765,765,765,765,1100
2022-08-16 09:19:00,765,760,765,760,2700
2022-08-16 09:20:00,765,760,765,760,0
2022-08-16 09:21:00,765,760,765,760,0
2022-08-16 09:22:00,765,760,765,760,0
2022-08-16 09:23:00,760,760,760,760,0
2022-08-16 09:24:00,760,760,760,760,0
2022-08-16 09:25:00,760,760,760,760,500
2022-08-16 09:26:00,760,760,760,760,0
2022-08-16 09:27:00,760,760,765,765,1200
2022-08-16 09:28:00,760,760,765,765,0
2022-08-16 09:29:00,760,760,765,765,0
2022-08-16 09:30:00,760,760,765,765,0
2022-08-16 09:31:00,760,760,765,765,0
2022-08-16 09:32:00,760,760,765,765,0
2022-08-16 09:33:00,760,760,765,765,0
2022-08-16 09:34:00,760,760,765,765,0
2022-08-16 09:35:00,760,760,765,765,0
2022-08-16 09:36:00,760,760,765,765,0
2022-08-16 09:37:00,760,760,765,765,0
2022-08-16 09:38:00,760,760,765,765,0
2022-08-16 09:39:00,765,765,765,765,0
2022-08-16 09:40:00,765,765,765,765,0
2022-08-16 09:41:00,765,765,765,765,5000
2022-08-16 09:42:00,765,765,765,765,800
2022-08-16 09:43:00,765,765,765,765,0
2022-08-16 09:44:00,765,765,765,765,0
2022-08-16 09:45:00,765,765,765,765,0
2022-08-16 09:46:00,765,765,765,765,0
2022-08-16 09:47:00,765,765,765,765,0
2022-08-16 09:48:00,765,765,765,765,0
2022-08-16 09:49:00,765,765,765,765,0
2022-08-16 09:50:00,765,765,765,765,0
2022-08-16 09:51:00,765,765,765,765,0
2022-08-16 09:52:00,765,765,765,765,0
2022-08-16 09:53:00,765,765,765,765,0
2022-08-16 09:54:00,765,765,765,765,0
2022-08-16 09:55:00,765,765,765,765,0
2022-08-16 09:56:00,765,765,765,765,0
2022-08-16 09:57:00,765,765,765,765,0
2022-08-16 09:58:00,765,765,765,765,0
2022-08-16 09:59:00,765,765,765,765,0
2022-08-16 10:00:00,765,765,765,765,400
2022-08-16 10:01:00,765,765,765,765,0
2022-08-16 10:02:00,765,765,765,765,0
2022-08-16 10:03:00,765,765,765,765,0
2022-08-16 10:04:00,765,765,765,765,0
2022-08-16 10:05:00,765,765,765,765,0
2022-08-16 10:06:00,765,765,765,765,0
2022-08-16 10:07:00,765,765,765,765,0
2022-08-16 10:08:00,760,760,765,765,300
2022-08-16 10:09:00,760,760,765,765,0
2022-08-16 10:10:00,760,760,765,765,100
2022-08-16 10:11:00,760,760,765,765,0
2022-08-16 10:12:00,760,760,765,765,0
2022-08-16 10:13:00,760,760,765,765,0
2022-08-16 10:14:00,760,760,765,765,0
2022-08-16 10:15:00,760,760,765,765,0
2022-08-16 10:16:00,760,760,765,765,0
2022-08-16 10:17:00,760,760,765,765,0
2022-08-16 10:18:00,760,760,765,765,0
2022-08-16 10:19:00,765,765,765,765,300
2022-08-16 10:20:00,765,765,765,765,0
2022-08-16 10:21:00,765,765,765,765,0
2022-08-16 10:22:00,765,765,765,765,0
2022-08-16 10:23:00,765,765,765,765,0
2022-08-16 10:24:00,765,765,765,765,0
2022-08-16 10:25:00,760,755,760,755,43300
2022-08-16 10:26:00,760,755,760,755,0
2022-08-16 10:27:00,760,755,760,755,0
2022-08-16 10:28:00,760,755,760,755,0
2022-08-16 10:29:00,760,755,760,755,0
2022-08-16 10:30:00,760,755,760,755,0
2022-08-16 10:31:00,760,755,760,755,0
2022-08-16 10:32:00,760,755,760,755,0
2022-08-16 10:33:00,760,755,760,755,0
2022-08-16 10:34:00,760,755,760,755,0
2022-08-16 10:35:00,760,755,760,755,0
2022-08-16 10:36:00,755,750,755,750,50000
2022-08-16 10:37:00,755,750,755,750,0
2022-08-16 10:38:00,755,750,755,750,0
2022-08-16 10:39:00,755,750,755,750,0
2022-08-16 10:40:00,755,750,755,750,0
2022-08-16 10:41:00,755,750,755,750,0
2022-08-16 10:42:00,755,750,755,750,0
2022-08-16 10:43:00,755,755,755,755,1300
2022-08-16 10:44:00,755,755,755,755,0
2022-08-16 10:45:00,755,755,755,755,0
2022-08-16 10:46:00,755,755,755,755,0
2022-08-16 10:47:00,755,755,755,755,0
2022-08-16 10:48:00,755,755,755,755,0
2022-08-16 10:49:00,755,755,755,755,0
2022-08-16 10:50:00,755,755,755,755,0
2022-08-16 10:51:00,755,755,755,755,0
2022-08-16 10:52:00,755,755,755,755,0
2022-08-16 10:53:00,755,755,755,755,0
2022-08-16 10:54:00,755,755,755,755,0
2022-08-16 10:55:00,755,755,755,755,0
2022-08-16 10:56:00,755,755,755,755,0
2022-08-16 10:57:00,750,750,750,750,51000
2022-08-16 10:58:00,750,750,750,750,1700
2022-08-16 10:59:00,750,750,750,750,0
2022-08-16 11:00:00,755,755,755,755,4700
2022-08-16 11:01:00,755,755,755,755,0
2022-08-16 11:02:00,755,755,755,755,0
2022-08-16 11:03:00,755,755,755,755,0
2022-08-16 11:04:00,755,755,755,755,0
2022-08-16 11:05:00,755,755,755,755,0
2022-08-16 11:06:00,755,755,755,755,0
2022-08-16 11:07:00,755,755,755,755,0
2022-08-16 11:08:00,755,755,755,755,0
2022-08-16 11:09:00,755,755,755,755,0
2022-08-16 11:10:00,755,755,755,755,0
2022-08-16 11:11:00,750,750,750,750,2000
2022-08-16 11:12:00,750,750,750,750,0
2022-08-16 11:13:00,750,750,750,750,0
2022-08-16 11:14:00,750,750,750,750,0
2022-08-16 11:15:00,750,750,750,750,2000
2022-08-16 11:16:00,750,750,750,750,0
2022-08-16 11:17:00,750,750,750,750,700
2022-08-16 11:18:00,750,750,750,750,0
2022-08-16 11:19:00,750,750,750,750,0
2022-08-16 11:20:00,750,750,750,750,0
2022-08-16 11:21:00,750,750,750,750,0
2022-08-16 11:22:00,750,750,750,750,0
2022-08-16 11:23:00,750,750,750,750,4900
2022-08-16 11:24:00,750,750,750,750,0
2022-08-16 11:25:00,750,750,750,750,0
2022-08-16 11:26:00,750,750,750,750,0
2022-08-16 11:27:00,750,750,750,750,0
2022-08-16 11:28:00,750,750,750,750,0
2022-08-16 11:29:00,750,750,750,750,500
2022-08-16 11:30:00,750,750,750,750,0
2022-08-16 11:31:00,750,750,750,750,0
2022-08-16 11:32:00,750,750,750,750,0
2022-08-16 11:33:00,750,750,750,750,0
2022-08-16 11:34:00,750,750,750,750,0
2022-08-16 11:35:00,750,750,750,750,0
2022-08-16 11:36:00,750,750,750,750,0
2022-08-16 11:37:00,750,750,750,750,0
2022-08-16 11:38:00,750,750,750,750,0
2022-08-16 11:39:00,750,750,750,750,0
2022-08-16 11:40:00,750,750,750,750,0
2022-08-16 11:41:00,750,750,750,750,0
2022-08-16 11:42:00,750,750,750,750,0
2022-08-16 11:43:00,750,750,750,750,0
2022-08-16 11:44:00,750,750,750,750,0
2022-08-16 11:45:00,750,750,750,750,0
2022-08-16 11:46:00,750,750,750,750,0
2022-08-16 11:47:00,750,750,750,750,0
2022-08-16 11:48:00,750,750,750,750,0
2022-08-16 11:49:00,750,750,750,750,0
2022-08-16 11:50:00,750,750,750,750,0
2022-08-16 11:51:00,750,750,750,750,0
2022-08-16 11:52:00,750,750,750,750,0
2022-08-16 11:53:00,750,750,750,750,0
2022-08-16 11:54:00,750,750,750,750,0
2022-08-16 11:55:00,750,750,750,750,0
2022-08-16 11:56:00,750,750,750,750,0
2022-08-16 11:57:00,750,750,750,750,0
2022-08-16 11:58:00,750,750,750,750,0
2022-08-16 11:59:00,750,750,750,750,0
2022-08-16 12:00:00,750,750,750,750,0
2022-08-16 12:01:00,750,750,750,750,0
2022-08-16 12:02:00,750,750,750,750,0
2022-08-16 12:03:00,750,750,750,750,0
2022-08-16 12:04:00,750,750,750,750,0
2022-08-16 12:05:00,750,750,750,750,0
2022-08-16 12:06:00,750,750,750,750,0
2022-08-16 12:07:00,750,750,750,750,0
2022-08-16 12:08:00,750,750,750,750,0
2022-08-16 12:09:00,750,750,750,750,0
2022-08-16 12:10:00,750,750,750,750,0
2022-08-16 12:11:00,750,750,750,750,0
2022-08-16 12:12:00,750,750,750,750,0
2022-08-16 12:13:00,750,750,750,750,0
2022-08-16 12:14:00,750,750,750,750,0
2022-08-16 12:15:00,750,750,750,750,0
2022-08-16 12:16:00,750,750,750,750,0
2022-08-16 12:17:00,750,750,750,750,0
2022-08-16 12:18:00,750,750,750,750,0
2022-08-16 12:19:00,750,750,750,750,0
2022-08-16 12:20:00,750,750,750,750,0
2022-08-16 12:21:00,750,750,750,750,0
2022-08-16 12:22:00,750,750,750,750,0
2022-08-16 12:23:00,750,750,750,750,0
2022-08-16 12:24:00,750,750,750,750,0
2022-08-16 12:25:00,750,750,750,750,0
2022-08-16 12:26:00,750,750,750,750,0
2022-08-16 12:27:00,750,750,750,750,0
2022-08-16 12:28:00,750,750,750,750,0
2022-08-16 12:29:00,750,750,750,750,0
2022-08-16 12:30:00,750,750,750,750,0
2022-08-16 12:31:00,750,750,750,750,0
2022-08-16 12:32:00,750,750,750,750,0
2022-08-16 12:33:00,750,750,750,750,0
2022-08-16 12:34:00,750,750,750,750,0
2022-08-16 12:35:00,750,750,750,750,0
2022-08-16 12:36:00,750,750,750,750,0
2022-08-16 12:37:00,750,750,750,750,0
2022-08-16 12:38:00,750,750,750,750,0
2022-08-16 12:39:00,750,750,750,750,0
2022-08-16 12:40:00,750,750,750,750,0
2022-08-16 12:41:00,750,750,750,750,0
2022-08-16 12:42:00,750,750,750,750,0
2022-08-16 12:43:00,750,750,750,750,0
2022-08-16 12:44:00,750,750,750,750,0
2022-08-16 12:45:00,750,750,750,750,0
2022-08-16 12:46:00,750,750,750,750,0
2022-08-16 12:47:00,750,750,750,750,0
2022-08-16 12:48:00,750,750,750,750,0
2022-08-16 12:49:00,750,750,750,750,0
2022-08-16 12:50:00,750,750,750,750,0
2022-08-16 12:51:00,750,750,750,750,0
2022-08-16 12:52:00,750,750,750,750,0
2022-08-16 12:53:00,750,750,750,750,0
2022-08-16 12:54:00,750,750,750,750,0
2022-08-16 12:55:00,750,750,750,750,0
2022-08-16 12:56:00,750,750,750,750,0
2022-08-16 12:57:00,750,750,750,750,0
2022-08-16 12:58:00,750,750,750,750,0
2022-08-16 12:59:00,750,750,750,750,0
2022-08-16 13:00:00,750,750,750,750,0
2022-08-16 13:01:00,750,750,750,750,0
2022-08-16 13:02:00,750,750,750,750,0
2022-08-16 13:03:00,750,750,750,750,0
2022-08-16 13:04:00,750,750,750,750,0
2022-08-16 13:05:00,750,750,750,750,0
2022-08-16 13:06:00,750,750,750,750,0
2022-08-16 13:07:00,750,750,750,750,0
2022-08-16 13:08:00,750,750,750,750,0
2022-08-16 13:09:00,750,750,750,750,0
2022-08-16 13:10:00,750,750,750,750,0
2022-08-16 13:11:00,750,750,750,750,0
2022-08-16 13:12:00,750,750,750,750,0
2022-08-16 13:13:00,750,750,750,750,0
2022-08-16 13:14:00,750,750,750,750,0
2022-08-16 13:15:00,750,750,750,750,0
2022-08-16 13:16:00,750,750,750,750,0
2022-08-16 13:17:00,750,750,750,750,0
2022-08-16 13:18:00,750,750,750,750,0
2022-08-16 13:19:00,750,750,750,750,0
2022-08-16 13:20:00,750,750,750,750,0
2022-08-16 13:21:00,750,750,750,750,0
2022-08-16 13:22:00,750,750,750,750,0
2022-08-16 13:23:00,750,750,750,750,0
2022-08-16 13:24:00,750,750,750,750,0
2022-08-16 13:25:00,750,750,750,750,0
2022-08-16 13:26:00,750,750,750,750,0
2022-08-16 13:27:00,750,750,750,750,0
2022-08-16 13:28:00,750,750,750,750,0
2022-08-16 13:29:00,750,750,750,750,0
2022-08-16 13:30:00,750,750,755,755,900
2022-08-16 13:31:00,750,750,755,755,0
2022-08-16 13:32:00,750,750,755,755,0
2022-08-16 13:33:00,750,750,755,755,0
2022-08-16 13:34:00,750,750,755,755,0
2022-08-16 13:35:00,750,750,755,755,0
2022-08-16 13:36:00,750,750,755,755,0
2022-08-16 13:37:00,755,755,755,755,0
2022-08-16 13:38:00,755,755,755,755,0
2022-08-16 13:39:00,755,755,755,755,0
2022-08-16 13:40:00,755,755,755,755,0
2022-08-16 13:41:00,755,755,755,755,0
2022-08-16 13:42:00,755,755,755,755,0
2022-08-16 13:43:00,755,755,755,755,200
2022-08-16 13:44:00,755,755,755,755,0
2022-08-16 13:45:00,755,755,755,755,0
2022-08-16 13:46:00,755,755,755,755,0
2022-08-16 13:47:00,755,755,755,755,0
2022-08-16 13:48:00,755,755,755,755,0
2022-08-16 13:49:00,755,755,755,755,0
2022-08-16 13:50:00,755,755,755,755,0
2022-08-16 13:51:00,755,755,755,755,0
2022-08-16 13:52:00,755,755,755,755,100
2022-08-16 13:53:00,755,755,755,755,0
2022-08-16 13:54:00,755,755,755,755,0
2022-08-16 13:55:00,755,755,755,755,0
2022-08-16 13:56:00,755,755,755,755,0
2022-08-16 13:57:00,755,755,755,755,0
2022-08-16 13:58:00,755,755,755,755,0
2022-08-16 13:59:00,755,755,755,755,0
2022-08-16 14:00:00,755,755,755,755,0
2022-08-16 14:01:00,755,755,755,755,0
2022-08-16 14:02:00,755,755,755,755,0
2022-08-16 14:03:00,755,755,755,755,0
2022-08-16 14:04:00,755,755,755,755,0
2022-08-16 14:05:00,755,755,755,755,0
2022-08-16 14:06:00,750,750,750,750,4000
2022-08-16 14:07:00,750,750,750,750,0
2022-08-16 14:08:00,750,750,750,750,0
2022-08-16 14:09:00,750,750,750,750,8600
2022-08-16 14:10:00,750,750,750,750,0
2022-08-16 14:11:00,750,750,750,750,0
2022-08-16 14:12:00,750,750,750,750,0
2022-08-16 14:13:00,750,750,750,750,0
2022-08-16 14:14:00,750,750,750,750,0
2022-08-16 14:15:00,750,750,750,750,0
2022-08-16 14:16:00,750,750,750,750,2600
2022-08-16 14:17:00,750,750,750,750,0
2022-08-16 14:18:00,750,750,750,750,0
2022-08-16 14:19:00,750,750,750,750,0
2022-08-16 14:20:00,750,750,750,750,0
2022-08-16 14:21:00,750,750,750,750,0
2022-08-16 14:22:00,750,750,750,750,0
2022-08-16 14:23:00,750,750,750,750,0
2022-08-16 14:24:00,755,750,755,750,3200
2022-08-16 14:25:00,755,755,755,755,200
2022-08-16 14:26:00,755,755,755,755,0
2022-08-16 14:27:00,755,755,755,755,0
2022-08-16 14:28:00,755,755,755,755,0
2022-08-16 14:29:00,755,755,755,755,0
2022-08-16 14:30:00,755,755,755,755,0
2022-08-16 14:31:00,755,755,755,755,0
2022-08-16 14:32:00,755,755,755,755,0
2022-08-16 14:33:00,750,750,750,750,1900
2022-08-16 14:34:00,750,750,750,750,0
2022-08-16 14:35:00,750,750,750,750,0
2022-08-16 14:36:00,750,750,750,750,0
2022-08-16 14:37:00,750,750,750,750,0
2022-08-16 14:38:00,750,750,750,750,0
2022-08-16 14:39:00,750,750,750,750,0
2022-08-16 14:40:00,750,750,750,750,0
2022-08-16 14:41:00,755,755,755,755,200
2022-08-16 14:42:00,755,755,755,755,0
2022-08-16 14:43:00,755,755,755,755,1500
2022-08-16 14:44:00,755,755,755,755,1900
2022-08-16 14:45:00,755,755,755,755,0
2022-08-16 14:46:00,755,755,755,755,0
2022-08-16 14:47:00,755,755,755,755,0
2022-08-16 14:48:00,755,755,755,755,0
2022-08-16 14:49:00,755,755,755,755,0
2022-08-16 14:50:00,755,755,755,755,0
2022-08-16 14:51:00,755,755,755,755,0
2022-08-16 14:52:00,755,755,755,755,0
2022-08-16 14:53:00,755,755,755,755,0
2022-08-16 14:54:00,755,755,755,755,0
2022-08-16 14:55:00,755,755,755,755,0
2022-08-16 14:56:00,755,755,755,755,0
2022-08-16 14:57:00,755,755,755,755,0
2022-08-16 14:58:00,755,755,755,755,0
2022-08-16 14:59:00,755,755,755,755,0
2022-08-16 15:00:00,755,755,755,755,200
2022-08-16 15:01:00,755,755,755,755,0
2022-08-16 15:02:00,755,755,755,755,0
2022-08-16 15:03:00,755,755,755,755,0
2022-08-16 15:04:00,755,755,755,755,0
2022-08-16 15:05:00,755,755,755,755,0
2022-08-16 15:06:00,755,755,755,755,197300
2022-08-16 15:07:00,755,755,755,755,0
2022-08-16 15:08:00,755,755,755,755,0
2022-08-16 15:09:00,755,755,755,755,0
2022-08-16 15:10:00,755,755,755,755,0
2022-08-16 15:11:00,755,755,755,755,0
2022-08-16 15:12:00,755,755,755,755,0
2022-08-16 15:13:00,755,755,755,755,0
2022-08-16 15:14:00,755,755,755,755,0
2022-08-16 15:15:00,755,755,755,755,0
2022-08-16 15:16:00,755,755,755,755,0
2022-08-16 15:17:00,755,755,755,755,0
2022-08-16 15:18:00,755,755,755,755,0
2022-08-16 15:19:00,755,755,755,755,0
2022-08-16 15:20:00,755,755,755,755,0
2022-08-16 15:21:00,755,755,755,755,0
2022-08-16 15:22:00,755,755,755,755,0
2022-08-16 15:23:00,755,755,755,755,0
2022-08-16 15:24:00,755,755,755,755,0
2022-08-16 15:25:00,755,755,755,755,0
2022-08-16 15:26:00,755,755,755,755,0
2022-08-16 15:27:00,755,755,755,755,0
2022-08-16 15:28:00,755,755,755,755,0
2022-08-16 15:29:00,755,755,755,755,0
2022-08-16 15:30:00,755,755,755,755,0
2022-08-16 15:31:00,755,755,755,755,0
2022-08-16 15:32:00,755,755,755,755,0
2022-08-16 15:33:00,755,755,755,755,0
2022-08-16 15:34:00,755,755,755,755,0
2022-08-16 15:35:00,755,755,755,755,0
2022-08-16 15:36:00,755,755,755,755,0
2022-08-16 15:37:00,755,755,755,755,0
2022-08-16 15:38:00,755,755,755,755,0
2022-08-16 15:39:00,755,755,755,755,0
2022-08-16 15:40:00,755,755,755,755,0
2022-08-16 15:41:00,755,755,755,755,0
2022-08-16 15:42:00,755,755,755,755,0
2022-08-16 15:43:00,755,755,755,755,0
2022-08-16 15:44:00,755,755,755,755,0
2022-08-16 15:45:00,755,755,755,755,0
2022-08-16 15:46:00,755,755,755,755,0
2022-08-16 15:47:00,755,755,755,755,0
2022-08-16 15:48:00,755,755,755,755,0
2022-08-16 15:49:00,755,755,755,755,0
2022-08-16 15:50:00,755,755,755,755,0
2022-08-16 15:51:00,755,755,755,755,0
2022-08-16 15:52:00,755,755,755,755,0
2022-08-16 15:53:00,755,755,755,755,0
2022-08-16 15:54:00,755,755,755,755,0
2022-08-16 15:55:00,755,755,755,755,0
2022-08-16 15:56:00,755,755,755,755,0
2022-08-16 15:57:00,755,755,755,755,0
2022-08-16 15:58:00,755,755,755,755,0
2022-08-16 15:59:00,755,755,755,755,0
2022-08-17 09:00:00,755,755,755,755,0
2022-08-17 09:01:00,755,755,755,755,0
2022-08-17 09:02:00,755,755,755,755,0
2022-08-17 09:03:00,755,755,755,755,0
2022-08-17 09:04:00,755,755,755,755,0
2022-08-17 09:05:00,755,755,755,755,0
2022-08-17 09:06:00,755,755,755,755,0
2022-08-17 09:07:00,755,755,755,755,0
2022-08-17 09:08:00,755,755,755,755,0
2022-08-17 09:09:00,755,755,755,755,0
2022-08-17 09:10:00,755,755,755,755,0
2022-08-17 09:11:00,755,755,755,755,0
2022-08-17 09:12:00,755,755,755,755,0
2022-08-17 09:13:00,755,755,755,755,0
2022-08-17 09:14:00,755,755,755,755,0
2022-08-17 09:15:00,755,755,755,755,0
2022-08-17 09:16:00,755,755,755,755,0
2022-08-17 09:17:00,755,755,755,755,0
2022-08-17 09:18:00,755,755,755,755,0
2022-08-17 09:19:00,755,755,755,755,0
2022-08-17 09:20:00,755,755,755,755,0
2022-08-17 09:21:00,755,755,755,755,0
2022-08-17 09:22:00,755,755,755,755,0
2022-08-17 09:23:00,755,755,755,755,0
2022-08-17 09:24:00,755,755,755,755,0
2022-08-17 09:25:00,755,755,755,755,0
2022-08-17 09:26:00,755,755,755,755,0
2022-08-17 09:27:00,755,755,755,755,0
2022-08-17 09:28:00,755,755,755,755,0
2022-08-17 09:29:00,755,755,755,755,0
2022-08-17 09:30:00,755,755,755,755,0
2022-08-17 09:31:00,755,755,755,755,0
2022-08-17 09:32:00,755,755,755,755,0
2022-08-17 09:33:00,755,755,755,755,0
2022-08-17 09:34:00,755,755,755,755,0
2022-08-17 09:35:00,755,755,755,755,0
2022-08-17 09:36:00,755,755,755,755,0
2022-08-17 09:37:00,755,755,755,755,0
2022-08-17 09:38:00,755,755,755,755,0
2022-08-17 09:39:00,755,755,755,755,0
2022-08-17 09:40:00,755,755,755,755,0
2022-08-17 09:41:00,755,755,755,755,0
2022-08-17 09:42:00,755,755,755,755,0
2022-08-17 09:43:00,755,755,755,755,0
2022-08-17 09:44:00,755,755,755,755,0
2022-08-17 09:45:00,755,755,755,755,0
2022-08-17 09:46:00,755,755,755,755,0
2022-08-17 09:47:00,755,755,755,755,0
2022-08-17 09:48:00,755,755,755,755,0
2022-08-17 09:49:00,755,755,755,755,0
2022-08-17 09:50:00,755,755,755,755,0
2022-08-17 09:51:00,755,755,755,755,0
2022-08-17 09:52:00,755,755,755,755,0
2022-08-17 09:53:00,755,755,755,755,0
2022-08-17 09:54:00,755,755,755,755,0
2022-08-17 09:55:00,755,755,755,755,0
2022-08-17 09:56:00,755,755,755,755,0
2022-08-17 09:57:00,755,755,755,755,0
2022-08-17 09:58:00,755,755,755,755,0
2022-08-17 09:59:00,755,755,755,755,0
2022-08-17 10:00:00,755,755,755,755,0
2022-08-17 10:01:00,755,755,755,755,0
2022-08-17 10:02:00,755,755,755,755,0
2022-08-17 10:03:00,755,755,755,755,0
2022-08-17 10:04:00,755,755,755,755,0
2022-08-17 10:05:00,755,755,755,755,0
2022-08-17 10:06:00,755,755,755,755,0
2022-08-17 10:07:00,755,755,755,755,0
2022-08-17 10:08:00,755,755,755,755,0
2022-08-17 10:09:00,755,755,755,755,0
2022-08-17 10:10:00,755,755,755,755,0
2022-08-17 10:11:00,755,755,755,755,0
2022-08-17 10:12:00,755,755,755,755,0
2022-08-17 10:13:00,755,755,755,755,0
2022-08-17 10:14:00,755,755,755,755,0
2022-08-17 10:15:00,755,755,755,755,0
2022-08-17 10:16:00,755,755,755,755,0
2022-08-17 10:17:00,755,755,755,755,0
2022-08-17 10:18:00,755,755,755,755,0
2022-08-17 10:19:00,755,755,755,755,0
2022-08-17 10:20:00,755,755,755,755,0
2022-08-17 10:21:00,755,755,755,755,0
2022-08-17 10:22:00,755,755,755,755,0
2022-08-17 10:23:00,755,755,755,755,0
2022-08-17 10:24:00,755,755,755,755,0
2022-08-17 10:25:00,755,755,755,755,0
2022-08-17 10:26:00,755,755,755,755,0
2022-08-17 10:27:00,755,755,755,755,0
2022-08-17 10:28:00,755,755,755,755,0
2022-08-17 10:29:00,755,755,755,755,0
2022-08-17 10:30:00,755,755,755,755,0
2022-08-17 10:31:00,755,755,755,755,0
2022-08-17 10:32:00,755,755,755,755,0
2022-08-17 10:33:00,755,755,755,755,0
2022-08-17 10:34:00,755,755,755,755,0
2022-08-17 10:35:00,755,755,755,755,0
2022-08-17 10:36:00,755,755,755,755,0
2022-08-17 10:37:00,755,755,755,755,0
2022-08-17 10:38:00,755,755,755,755,0
2022-08-17 10:39:00,755,755,755,755,0
2022-08-17 10:40:00,755,755,755,755,0
2022-08-17 10:41:00,755,755,755,755,0
2022-08-17 10:42:00,755,755,755,755,0
2022-08-17 10:43:00,755,755,755,755,0
2022-08-17 10:44:00,755,755,755,755,0
2022-08-17 10:45:00,755,755,755,755,0
2022-08-17 10:46:00,755,755,755,755,0
2022-08-17 10:47:00,755,755,755,755,0
2022-08-17 10:48:00,755,755,755,755,0
2022-08-17 10:49:00,755,755,755,755,0
2022-08-17 10:50:00,755,755,755,755,0
2022-08-17 10:51:00,755,755,755,755,0
2022-08-17 10:52:00,755,755,755,755,0
2022-08-17 10:53:00,755,755,755,755,0
2022-08-17 10:54:00,755,755,755,755,0
2022-08-17 10:55:00,755,755,755,755,0
2022-08-17 10:56:00,755,755,755,755,0
2022-08-17 10:57:00,755,755,755,755,0
2022-08-17 10:58:00,755,755,755,755,0
2022-08-17 10:59:00,755,755,755,755,0
2022-08-17 11:00:00,755,755,755,755,0
2022-08-17 11:01:00,755,755,755,755,0
2022-08-17 11:02:00,755,755,755,755,0
2022-08-17 11:03:00,755,755,755,755,0
2022-08-17 11:04:00,755,755,755,755,0
2022-08-17 11:05:00,755,755,755,755,0
2022-08-17 11:06:00,755,755,755,755,0
2022-08-17 11:07:00,755,755,755,755,0
2022-08-17 11:08:00,755,755,755,755,0
2022-08-17 11:09:00,755,755,755,755,0
2022-08-17 11:10:00,755,755,755,755,0
2022-08-17 11:11:00,755,755,755,755,0
2022-08-17 11:12:00,755,755,755,755,0
2022-08-17 11:13:00,755,755,755,755,0
2022-08-17 11:14:00,755,755,755,755,0
2022-08-17 11:15:00,755,755,755,755,0
2022-08-17 11:16:00,755,755,755,755,0
2022-08-17 11:17:00,755,755,755,755,0
2022-08-17 11:18:00,755,755,755,755,0
2022-08-17 11:19:00,755,755,755,755,0
2022-08-17 11:20:00,755,755,755,755,0
2022-08-17 11:21:00,755,755,755,755,0
2022-08-17 11:22:00,755,755,755,755,0
2022-08-17 11:23:00,755,755,755,755,0
2022-08-17 11:24:00,755,755,755,755,0
2022-08-17 11:25:00,755,755,755,755,0
2022-08-17 11:26:00,755,755,755,755,0
2022-08-17 11:27:00,755,755,755,755,0
2022-08-17 11:28:00,755,755,755,755,0
2022-08-17 11:29:00,755,755,755,755,0
2022-08-17 11:30:00,755,755,755,755,0
2022-08-17 11:31:00,755,755,755,755,0
2022-08-17 11:32:00,755,755,755,755,0
2022-08-17 11:33:00,755,755,755,755,0
2022-08-17 11:34:00,755,755,755,755,0
2022-08-17 11:35:00,755,755,755,755,0
2022-08-17 11:36:00,755,755,755,755,0
2022-08-17 11:37:00,755,755,755,755,0
2022-08-17 11:38:00,755,755,755,755,0
2022-08-17 11:39:00,755,755,755,755,0
2022-08-17 11:40:00,755,755,755,755,0
2022-08-17 11:41:00,755,755,755,755,0
2022-08-17 11:42:00,755,755,755,755,0
2022-08-17 11:43:00,755,755,755,755,0
2022-08-17 11:44:00,755,755,755,755,0
2022-08-17 11:45:00,755,755,755,755,0
2022-08-17 11:46:00,755,755,755,755,0
2022-08-17 11:47:00,755,755,755,755,0
2022-08-17 11:48:00,755,755,755,755,0
2022-08-17 11:49:00,755,755,755,755,0
2022-08-17 11:50:00,755,755,755,755,0
2022-08-17 11:51:00,755,755,755,755,0
2022-08-17 11:52:00,755,755,755,755,0
2022-08-17 11:53:00,755,755,755,755,0
2022-08-17 11:54:00,755,755,755,755,0
2022-08-17 11:55:00,755,755,755,755,0
2022-08-17 11:56:00,755,755,755,755,0
2022-08-17 11:57:00,755,755,755,755,0
2022-08-17 11:58:00,755,755,755,755,0
2022-08-17 11:59:00,755,755,755,755,0
2022-08-17 12:00:00,755,755,755,755,0
2022-08-17 12:01:00,755,755,755,755,0
2022-08-17 12:02:00,755,755,755,755,0
2022-08-17 12:03:00,755,755,755,755,0
2022-08-17 12:04:00,755,755,755,755,0
2022-08-17 12:05:00,755,755,755,755,0
2022-08-17 12:06:00,755,755,755,755,0
2022-08-17 12:07:00,755,755,755,755,0
2022-08-17 12:08:00,755,755,755,755,0
2022-08-17 12:09:00,755,755,755,755,0
2022-08-17 12:10:00,755,755,755,755,0
2022-08-17 12:11:00,755,755,755,755,0
2022-08-17 12:12:00,755,755,755,755,0
2022-08-17 12:13:00,755,755,755,755,0
2022-08-17 12:14:00,755,755,755,755,0
2022-08-17 12:15:00,755,755,755,755,0
2022-08-17 12:16:00,755,755,755,755,0
2022-08-17 12:17:00,755,755,755,755,0
2022-08-17 12:18:00,755,755,755,755,0
2022-08-17 12:19:00,755,755,755,755,0
2022-08-17 12:20:00,755,755,755,755,0
2022-08-17 12:21:00,755,755,755,755,0
2022-08-17 12:22:00,755,755,755,755,0
2022-08-17 12:23:00,755,755,755,755,0
2022-08-17 12:24:00,755,755,755,755,0
2022-08-17 12:25:00,755,755,755,755,0
2022-08-17 12:26:00,755,755,755,755,0
2022-08-17 12:27:00,755,755,755,755,0
2022-08-17 12:28:00,755,755,755,755,0
2022-08-17 12:29:00,755,755,755,755,0
2022-08-17 12:30:00,755,755,755,755,0
2022-08-17 12:31:00,755,755,755,755,0
2022-08-17 12:32:00,755,755,755,755,0
2022-08-17 12:33:00,755,755,755,755,0
2022-08-17 12:34:00,755,755,755,755,0
2022-08-17 12:35:00,755,755,755,755,0
2022-08-17 12:36:00,755,755,755,755,0
2022-08-17 12:37:00,755,755,755,755,0
2022-08-17 12:38:00,755,755,755,755,0
2022-08-17 12:39:00,755,755,755,755,0
2022-08-17 12:40:00,755,755,755,755,0
2022-08-17 12:41:00,755,755,755,755,0
2022-08-17 12:42:00,755,755,755,755,0
2022-08-17 12:43:00,755,755,755,755,0
2022-08-17 12:44:00,755,755,755,755,0
2022-08-17 12:45:00,755,755,755,755,0
2022-08-17 12:46:00,755,755,755,755,0
2022-08-17 12:47:00,755,755,755,755,0
2022-08-17 12:48:00,755,755,755,755,0
2022-08-17 12:49:00,755,755,755,755,0
2022-08-17 12:50:00,755,755,755,755,0
2022-08-17 12:51:00,755,755,755,755,0
2022-08-17 12:52:00,755,755,755,755,0
2022-08-17 12:53:00,755,755,755,755,0
2022-08-17 12:54:00,755,755,755,755,0
2022-08-17 12:55:00,755,755,755,755,0
2022-08-17 12:56:00,755,755,755,755,0
2022-08-17 12:57:00,755,755,755,755,0
2022-08-17 12:58:00,755,755,755,755,0
2022-08-17 12:59:00,755,755,755,755,0
2022-08-17 13:00:00,755,755,755,755,0
2022-08-17 13:01:00,755,755,755,755,0
2022-08-17 13:02:00,755,755,755,755,0
2022-08-17 13:03:00,755,755,755,755,0
2022-08-17 13:04:00,755,755,755,755,0
2022-08-17 13:05:00,755,755,755,755,0
2022-08-17 13:06:00,755,755,755,755,0
2022-08-17 13:07:00,755,755,755,755,0
2022-08-17 13:08:00,755,755,755,755,0
2022-08-17 13:09:00,755,755,755,755,0
2022-08-17 13:10:00,755,755,755,755,0
2022-08-17 13:11:00,755,755,755,755,0
2022-08-17 13:12:00,755,755,755,755,0
2022-08-17 13:13:00,755,755,755,755,0
2022-08-17 13:14:00,755,755,755,755,0
2022-08-17 13:15:00,755,755,755,755,0
2022-08-17 13:16:00,755,755,755,755,0
2022-08-17 13:17:00,755,755,755,755,0
2022-08-17 13:18:00,755,755,755,755,0
2022-08-17 13:19:00,755,755,755,755,0
2022-08-17 13:20:00,755,755,755,755,0
2022-08-17 13:21:00,755,755,755,755,0
2022-08-17 13:22:00,755,755,755,755,0
2022-08-17 13:23:00,755,755,755,755,0
2022-08-17 13:24:00,755,755,755,755,0
2022-08-17 13:25:00,755,755,755,755,0
2022-08-17 13:26:00,755,755,755,755,0
2022-08-17 13:27:00,755,755,755,755,0
2022-08-17 13:28:00,755,755,755,755,0
2022-08-17 13:29:00,755,755,755,755,0
2022-08-17 13:30:00,755,755,755,755,0
2022-08-17 13:31:00,755,755,755,755,0
2022-08-17 13:32:00,755,755,755,755,0
2022-08-17 13:33:00,755,755,755,755,0
2022-08-17 13:34:00,755,755,755,755,0
2022-08-17 13:35:00,755,755,755,755,0
2022-08-17 13:36:00,755,755,755,755,0
2022-08-17 13:37:00,755,755,755,755,0
2022-08-17 13:38:00,755,755,755,755,0
2022-08-17 13:39:00,755,755,755,755,0
2022-08-17 13:40:00,755,755,755,755,0
2022-08-17 13:41:00,755,755,755,755,0
2022-08-17 13:42:00,755,755,755,755,0
2022-08-17 13:43:00,755,755,755,755,0
2022-08-17 13:44:00,755,755,755,755,0
2022-08-17 13:45:00,755,755,755,755,0
2022-08-17 13:46:00,755,755,755,755,0
2022-08-17 13:47:00,755,755,755,755,0
2022-08-17 13:48:00,755,755,755,755,0
2022-08-17 13:49:00,755,755,755,755,0
2022-08-17 13:50:00,755,755,755,755,0
2022-08-17 13:51:00,755,755,755,755,0
2022-08-17 13:52:00,755,755,755,755,0
2022-08-17 13:53:00,755,755,755,755,0
2022-08-17 13:54:00,755,755,755,755,0
2022-08-17 13:55:00,755,755,755,755,0
2022-08-17 13:56:00,755,755,755,755,0
2022-08-17 13:57:00,755,755,755,755,0
2022-08-17 13:58:00,755,755,755,755,0
2022-08-17 13:59:00,755,755,755,755,0
2022-08-17 14:00:00,755,755,755,755,0
2022-08-17 14:01:00,755,755,755,755,0
2022-08-17 14:02:00,755,755,755,755,0
2022-08-17 14:03:00,755,755,755,755,0
2022-08-17 14:04:00,755,755,755,755,0
2022-08-17 14:05:00,755,755,755,755,0
2022-08-17 14:06:00,755,755,755,755,0
2022-08-17 14:07:00,755,755,755,755,0
2022-08-17 14:08:00,755,755,755,755,0
2022-08-17 14:09:00,755,755,755,755,0
2022-08-17 14:10:00,755,755,755,755,0
2022-08-17 14:11:00,755,755,755,755,0
2022-08-17 14:12:00,755,755,755,755,0
2022-08-17 14:13:00,755,755,755,755,0
2022-08-17 14:14:00,755,755,755,755,0
2022-08-17 14:15:00,755,755,755,755,0
2022-08-17 14:16:00,755,755,755,755,0
2022-08-17 14:17:00,755,755,755,755,0
2022-08-17 14:18:00,755,755,755,755,0
2022-08-17 14:19:00,755,755,755,755,0
2022-08-17 14:20:00,755,755,755,755,0
2022-08-17 14:21:00,755,755,755,755,0
2022-08-17 14:22:00,755,755,755,755,0
2022-08-17 14:23:00,755,755,755,755,0
2022-08-17 14:24:00,755,755,755,755,0
2022-08-17 14:25:00,755,755,755,755,0
2022-08-17 14:26:00,755,755,755,755,0
2022-08-17 14:27:00,755,755,755,755,0
2022-08-17 14:28:00,755,755,755,755,0
2022-08-17 14:29:00,755,755,755,755,0
2022-08-17 14:30:00,755,755,755,755,0
2022-08-17 14:31:00,755,755,755,755,0
2022-08-17 14:32:00,755,755,755,755,0
2022-08-17 14:33:00,755,755,755,755,0
2022-08-17 14:34:00,755,755,755,755,0
2022-08-17 14:35:00,755,755,755,755,0
2022-08-17 14:36:00,755,755,755,755,0
2022-08-17 14:37:00,755,755,755,755,0
2022-08-17 14:38:00,755,755,755,755,0
2022-08-17 14:39:00,755,755,755,755,0
2022-08-17 14:40:00,755,755,755,755,0
2022-08-17 14:41:00,755,755,755,755,0
2022-08-17 14:42:00,755,755,755,755,0
2022-08-17 14:43:00,755,755,755,755,0
2022-08-17 14:44:00,755,755,755,755,0
2022-08-17 14:45:00,755,755,755,755,0
2022-08-17 14:46:00,755,755,755,755,0
2022-08-17 14:47:00,755,755,755,755,0
2022-08-17 14:48:00,755,755,755,755,0
2022-08-17 14:49:00,755,755,755,755,0
2022-08-17 14:50:00,755,755,755,755,0
2022-08-17 14:51:00,755,755,755,755,0
2022-08-17 14:52:00,755,755,755,755,0
2022-08-17 14:53:00,755,755,755,755,0
2022-08-17 14:54:00,755,755,755,755,0
2022-08-17 14:55:00,755,755,755,755,0
2022-08-17 14:56:00,755,755,755,755,0
2022-08-17 14:57:00,755,755,755,755,0
2022-08-17 14:58:00,755,755,755,755,0
2022-08-17 14:59:00,755,755,755,755,0
2022-08-17 15:00:00,755,755,755,755,0
2022-08-17 15:01:00,755,755,755,755,0
2022-08-17 15:02:00,755,755,755,755,0
2022-08-17 15:03:00,755,755,755,755,0
2022-08-17 15:04:00,755,755,755,755,0
2022-08-17 15:05:00,755,755,755,755,0
2022-08-17 15:06:00,755,755,755,755,0
2022-08-17 15:07:00,755,755,755,755,0
2022-08-17 15:08:00,755,755,755,755,0
2022-08-17 15:09:00,755,755,755,755,0
2022-08-17 15:10:00,755,755,755,755,0
2022-08-17 15:11:00,755,755,755,755,0
2022-08-17 15:12:00,755,755,755,755,0
2022-08-17 15:13:00,755,755,755,755,0
2022-08-17 15:14:00,755,755,755,755,0
2022-08-17 15:15:00,755,755,755,755,0
2022-08-17 15:16:00,755,755,755,755,0
2022-08-17 15:17:00,755,755,755,755,0
2022-08-17 15:18:00,755,755,755,755,0
2022-08-17 15:19:00,755,755,755,755,0
2022-08-17 15:20:00,755,755,755,755,0
2022-08-17 15:21:00,755,755,755,755,0
2022-08-17 15:22:00,755,755,755,755,0
2022-08-17 15:23:00,755,755,755,755,0
2022-08-17 15:24:00,755,755,755,755,0
2022-08-17 15:25:00,755,755,755,755,0
2022-08-17 15:26:00,755,755,755,755,0
2022-08-17 15:27:00,755,755,755,755,0
2022-08-17 15:28:00,755,755,755,755,0
2022-08-17 15:29:00,755,755,755,755,0
2022-08-17 15:30:00,755,755,755,755,0
2022-08-17 15:31:00,755,755,755,755,0
2022-08-17 15:32:00,755,755,755,755,0
2022-08-17 15:33:00,755,755,755,755,0
2022-08-17 15:34:00,755,755,755,755,0
2022-08-17 15:35:00,755,755,755,755,0
2022-08-17 15:36:00,755,755,755,755,0
2022-08-17 15:37:00,755,755,755,755,0
2022-08-17 15:38:00,755,755,755,755,0
2022-08-17 15:39:00,755,755,755,755,0
2022-08-17 15:40:00,755,755,755,755,0
2022-08-17 15:41:00,755,755,755,755,0
2022-08-17 15:42:00,755,755,755,755,0
2022-08-17 15:43:00,755,755,755,755,0
2022-08-17 15:44:00,755,755,755,755,0
2022-08-17 15:45:00,755,755,755,755,0
2022-08-17 15:46:00,755,755,755,755,0
2022-08-17 15:47:00,755,755,755,755,0
2022-08-17 15:48:00,755,755,755,755,0
2022-08-17 15:49:00,755,755,755,755,0
2022-08-17 15:50:00,755,755,755,755,0
2022-08-17 15:51:00,755,755,755,755,0
2022-08-17 15:52:00,755,755,755,755,0
2022-08-17 15:53:00,755,755,755,755,0
2022-08-17 15:54:00,755,755,755,755,0
2022-08-17 15:55:00,755,755,755,755,0
2022-08-17 15:56:00,755,755,755,755,0
2022-08-17 15:57:00,755,755,755,755,0
2022-08-17 15:58:00,755,755,755,755,0
2022-08-17 15:59:00,755,755,755,755,0
2022-08-18 09:00:00,755,755,755,755,0
2022-08-18 09:01:00,755,755,755,755,0
2022-08-18 09:02:00,755,755,755,755,0
2022-08-18 09:03:00,755,755,755,755,0
2022-08-18 09:04:00,755,755,755,755,0
2022-08-18 09:05:00,755,755,755,755,0
2022-08-18 09:06:00,755,755,755,755,0
2022-08-18 09:07:00,755,755,755,755,0
2022-08-18 09:08:00,755,755,755,755,0
2022-08-18 09:09:00,755,755,755,755,0
2022-08-18 09:10:00,755,755,755,755,0
2022-08-18 09:11:00,755,755,755,755,0
2022-08-18 09:12:00,755,755,755,755,0
2022-08-18 09:13:00,755,755,755,755,0
2022-08-18 09:14:00,755,755,755,755,0
2022-08-18 09:15:00,755,755,755,755,0
2022-08-18 09:16:00,755,755,755,755,400
2022-08-18 09:17:00,755,755,755,755,0
2022-08-18 09:18:00,755,755,755,755,0
2022-08-18 09:19:00,755,755,755,755,0
2022-08-18 09:20:00,755,755,755,755,0
2022-08-18 09:21:00,755,755,755,755,0
2022-08-18 09:22:00,755,755,755,755,0
2022-08-18 09:23:00,755,755,755,755,0
2022-08-18 09:24:00,755,755,755,755,800
2022-08-18 09:25:00,755,755,755,755,0
2022-08-18 09:26:00,755,755,755,755,3900
2022-08-18 09:27:00,755,755,755,755,0
2022-08-18 09:28:00,755,755,755,755,0
2022-08-18 09:29:00,755,755,755,755,0
2022-08-18 09:30:00,760,760,760,760,200
2022-08-18 09:31:00,760,760,760,760,0
2022-08-18 09:32:00,760,760,760,760,100
2022-08-18 09:33:00,760,760,760,760,13900
2022-08-18 09:34:00,760,760,760,760,0
2022-08-18 09:35:00,760,760,760,760,0
2022-08-18 09:36:00,760,760,760,760,0
2022-08-18 09:37:00,760,760,760,760,0
2022-08-18 09:38:00,760,760,760,760,0
2022-08-18 09:39:00,760,760,760,760,0
2022-08-18 09:40:00,760,760,760,760,0
2022-08-18 09:41:00,760,760,760,760,0
2022-08-18 09:42:00,760,760,760,760,0
2022-08-18 09:43:00,760,760,760,760,0
2022-08-18 09:44:00,760,760,760,760,0
2022-08-18 09:45:00,760,760,760,760,0
2022-08-18 09:46:00,760,760,760,760,0
2022-08-18 09:47:00,760,760,760,760,0
2022-08-18 09:48:00,760,760,760,760,200
2022-08-18 09:49:00,760,760,760,760,0
2022-08-18 09:50:00,760,760,760,760,7100
2022-08-18 09:51:00,765,765,765,765,28100
2022-08-18 09:52:00,765,765,765,765,0
2022-08-18 09:53:00,765,765,765,765,0
2022-08-18 09:54:00,765,765,765,765,0
2022-08-18 09:55:00,765,765,765,765,0
2022-08-18 09:56:00,765,765,765,765,0
2022-08-18 09:57:00,765,765,765,765,0
2022-08-18 09:58:00,765,765,765,765,0
2022-08-18 09:59:00,765,765,765,765,0
2022-08-18 10:00:00,765,765,765,765,0
2022-08-18 10:01:00,765,765,765,765,0
2022-08-18 10:02:00,760,760,760,760,20000
2022-08-18 10:03:00,760,760,760,760,0
2022-08-18 10:04:00,760,760,760,760,0
2022-08-18 10:05:00,760,760,760,760,4200
2022-08-18 10:06:00,760,760,760,760,0
2022-08-18 10:07:00,760,760,760,760,0
2022-08-18 10:08:00,760,760,760,760,0
2022-08-18 10:09:00,760,760,760,760,0
2022-08-18 10:10:00,760,760,760,760,0
2022-08-18 10:11:00,760,760,760,760,0
2022-08-18 10:12:00,760,760,760,760,0
2022-08-18 10:13:00,760,760,760,760,0
2022-08-18 10:14:00,760,760,760,760,0
2022-08-18 10:15:00,760,760,760,760,0
2022-08-18 10:16:00,760,760,760,760,0
2022-08-18 10:17:00,760,760,760,760,0
2022-08-18 10:18:00,760,760,760,760,0
2022-08-18 10:19:00,760,760,760,760,0
2022-08-18 10:20:00,760,760,760,760,0
2022-08-18 10:21:00,760,760,760,760,0
2022-08-18 10:22:00,760,760,760,760,0
2022-08-18 10:23:00,760,760,760,760,0
2022-08-18 10:24:00,760,760,760,760,0
2022-08-18 10:25:00,760,760,760,760,0
2022-08-18 10:26:00,760,760,760,760,0
2022-08-18 10:27:00,760,760,760,760,0
2022-08-18 10:28:00,760,760,760,760,0
2022-08-18 10:29:00,760,760,760,760,100
2022-08-18 10:30:00,760,760,760,760,0
2022-08-18 10:31:00,760,760,760,760,0
2022-08-18 10:32:00,760,760,760,760,0
2022-08-18 10:33:00,760,760,760,760,0
2022-08-18 10:34:00,760,760,760,760,0
2022-08-18 10:35:00,760,760,760,760,0
2022-08-18 10:36:00,760,760,760,760,0
2022-08-18 10:37:00,760,760,760,760,0
2022-08-18 10:38:00,760,760,760,760,0
2022-08-18 10:39:00,760,760,760,760,0
2022-08-18 10:40:00,760,760,760,760,0
2022-08-18 10:41:00,760,760,760,760,0
2022-08-18 10:42:00,760,760,760,760,0
2022-08-18 10:43:00,760,760,760,760,0
2022-08-18 10:44:00,760,760,760,760,0
2022-08-18 10:45:00,760,760,760,760,0
2022-08-18 10:46:00,760,760,760,760,0
2022-08-18 10:47:00,760,760,760,760,0
2022-08-18 10:48:00,760,760,760,760,0
2022-08-18 10:49:00,760,760,760,760,0
2022-08-18 10:50:00,760,760,760,760,0
2022-08-18 10:51:00,760,760,760,760,0
2022-08-18 10:52:00,760,760,760,760,0
2022-08-18 10:53:00,760,760,760,760,0
2022-08-18 10:54:00,760,760,760,760,0
2022-08-18 10:55:00,760,760,760,760,0
2022-08-18 10:56:00,760,760,760,760,0
2022-08-18 10:57:00,760,760,760,760,0
2022-08-18 10:58:00,760,760,760,760,0
2022-08-18 10:59:00,760,760,760,760,800
2022-08-18 11:00:00,760,760,760,760,0
2022-08-18 11:01:00,760,760,760,760,0
2022-08-18 11:02:00,760,760,760,760,0
2022-08-18 11:03:00,760,760,760,760,0
2022-08-18 11:04:00,760,760,760,760,0
2022-08-18 11:05:00,760,760,760,760,0
2022-08-18 11:06:00,760,760,760,760,0
2022-08-18 11:07:00,760,760,760,760,0
2022-08-18 11:08:00,760,760,770,770,30600
2022-08-18 11:09:00,760,760,770,770,0
2022-08-18 11:10:00,760,760,770,770,0
2022-08-18 11:11:00,760,760,770,770,0
2022-08-18 11:12:00,760,760,770,770,0
2022-08-18 11:13:00,765,765,765,765,200
2022-08-18 11:14:00,765,765,765,765,0
2022-08-18 11:15:00,765,765,765,765,0
2022-08-18 11:16:00,765,765,765,765,0
2022-08-18 11:17:00,765,765,765,765,0
2022-08-18 11:18:00,765,765,765,765,200
2022-08-18 11:19:00,765,765,765,765,0
2022-08-18 11:20:00,765,765,765,765,0
2022-08-18 11:21:00,765,765,765,765,0
2022-08-18 11:22:00,765,765,765,765,0
2022-08-18 11:23:00,765,765,765,765,0
2022-08-18 11:24:00,765,765,765,765,0
2022-08-18 11:25:00,760,760,760,760,200
2022-08-18 11:26:00,760,760,760,760,0
2022-08-18 11:27:00,760,760,760,760,0
2022-08-18 11:28:00,760,760,760,760,0
2022-08-18 11:29:00,760,760,760,760,0
2022-08-18 11:30:00,760,760,760,760,0
2022-08-18 11:31:00,760,760,760,760,0
2022-08-18 11:32:00,760,760,760,760,0
2022-08-18 11:33:00,760,760,760,760,0
2022-08-18 11:34:00,760,760,760,760,0
2022-08-18 11:35:00,760,760,760,760,0
2022-08-18 11:36:00,760,760,760,760,0
2022-08-18 11:37:00,760,760,760,760,0
2022-08-18 11:38:00,760,760,760,760,0
2022-08-18 11:39:00,760,760,760,760,0
2022-08-18 11:40:00,760,760,760,760,0
2022-08-18 11:41:00,760,760,760,760,0
2022-08-18 11:42:00,760,760,760,760,0
2022-08-18 11:43:00,760,760,760,760,0
2022-08-18 11:44:00,760,760,760,760,0
2022-08-18 11:45:00,760,760,760,760,0
2022-08-18 11:46:00,760,760,760,760,0
2022-08-18 11:47:00,760,760,760,760,0
2022-08-18 11:48:00,760,760,760,760,0
2022-08-18 11:49:00,760,760,760,760,0
2022-08-18 11:50:00,760,760,760,760,0
2022-08-18 11:51:00,760,760,760,760,0
2022-08-18 11:52:00,760,760,760,760,0
2022-08-18 11:53:00,760,760,760,760,0
2022-08-18 11:54:00,760,760,760,760,0
2022-08-18 11:55:00,760,760,760,760,0
2022-08-18 11:56:00,760,760,760,760,0
2022-08-18 11:57:00,760,760,760,760,0
2022-08-18 11:58:00,760,760,760,760,0
2022-08-18 11:59:00,760,760,760,760,0
2022-08-18 12:00:00,760,760,760,760,0
2022-08-18 12:01:00,760,760,760,760,0
2022-08-18 12:02:00,760,760,760,760,0
2022-08-18 12:03:00,760,760,760,760,0
2022-08-18 12:04:00,760,760,760,760,0
2022-08-18 12:05:00,760,760,760,760,0
2022-08-18 12:06:00,760,760,760,760,0
2022-08-18 12:07:00,760,760,760,760,0
2022-08-18 12:08:00,760,760,760,760,0
2022-08-18 12:09:00,760,760,760,760,0
2022-08-18 12:10:00,760,760,760,760,0
2022-08-18 12:11:00,760,760,760,760,0
2022-08-18 12:12:00,760,760,760,760,0
2022-08-18 12:13:00,760,760,760,760,0
2022-08-18 12:14:00,760,760,760,760,0
2022-08-18 12:15:00,760,760,760,760,0
2022-08-18 12:16:00,760,760,760,760,0
2022-08-18 12:17:00,760,760,760,760,0
2022-08-18 12:18:00,760,760,760,760,0
2022-08-18 12:19:00,760,760,760,760,0
2022-08-18 12:20:00,760,760,760,760,0
2022-08-18 12:21:00,760,760,760,760,0
2022-08-18 12:22:00,760,760,760,760,0
2022-08-18 12:23:00,760,760,760,760,0
2022-08-18 12:24:00,760,760,760,760,0
2022-08-18 12:25:00,760,760,760,760,0
2022-08-18 12:26:00,760,760,760,760,0
2022-08-18 12:27:00,760,760,760,760,0
2022-08-18 12:28:00,760,760,760,760,0
2022-08-18 12:29:00,760,760,760,760,0
2022-08-18 12:30:00,760,760,760,760,0
2022-08-18 12:31:00,760,760,760,760,0
2022-08-18 12:32:00,760,760,760,760,0
2022-08-18 12:33:00,760,760,760,760,0
2022-08-18 12:34:00,760,760,760,760,0
2022-08-18 12:35:00,760,760,760,760,0
2022-08-18 12:36:00,760,760,760,760,0
2022-08-18 12:37:00,760,760,760,760,0
2022-08-18 12:38:00,760,760,760,760,0
2022-08-18 12:39:00,760,760,760,760,0
2022-08-18 12:40:00,760,760,760,760,0
2022-08-18 12:41:00,760,760,760,760,0
2022-08-18 12:42:00,760,760,760,760,0
2022-08-18 12:43:00,760,760,760,760,0
2022-08-18 12:44:00,760,760,760,760,0
2022-08-18 12:45:00,760,760,760,760,0
2022-08-18 12:46:00,760,760,760,760,0
2022-08-18 12:47:00,760,760,760,760,0
2022-08-18 12:48:00,760,760,760,760,0
2022-08-18 12:49:00,760,760,760,760,0
2022-08-18 12:50:00,760,760,760,760,0
2022-08-18 12:51:00,760,760,760,760,0
2022-08-18 12:52:00,760,760,760,760,0
2022-08-18 12:53:00,760,760,760,760,0
2022-08-18 12:54:00,760,760,760,760,0
2022-08-18 12:55:00,760,760,760,760,0
2022-08-18 12:56:00,760,760,760,760,0
2022-08-18 12:57:00,760,760,760,760,0
2022-08-18 12:58:00,760,760,760,760,0
2022-08-18 12:59:00,760,760,760,760,0
2022-08-18 13:00:00,760,760,760,760,0
2022-08-18 13:01:00,760,760,760,760,0
2022-08-18 13:02:00,760,760,760,760,0
2022-08-18 13:03:00,760,760,760,760,0
2022-08-18 13:04:00,760,760,760,760,0
2022-08-18 13:05:00,760,760,760,760,0
2022-08-18 13:06:00,760,760,760,760,0
2022-08-18 13:07:00,760,760,760,760,0
2022-08-18 13:08:00,760,760,760,760,0
2022-08-18 13:09:00,760,760,760,760,0
2022-08-18 13:10:00,760,760,760,760,0
2022-08-18 13:11:00,760,760,760,760,0
2022-08-18 13:12:00,760,760,760,760,0
2022-08-18 13:13:00,760,760,760,760,0
2022-08-18 13:14:00,760,760,760,760,0
2022-08-18 13:15:00,760,760,760,760,0
2022-08-18 13:16:00,760,760,760,760,0
2022-08-18 13:17:00,760,760,760,760,0
2022-08-18 13:18:00,760,760,760,760,0
2022-08-18 13:19:00,760,760,760,760,0
2022-08-18 13:20:00,760,760,760,760,0
2022-08-18 13:21:00,760,760,760,760,0
2022-08-18 13:22:00,760,760,760,760,0
2022-08-18 13:23:00,760,760,760,760,0
2022-08-18 13:24:00,760,760,760,760,0
2022-08-18 13:25:00,760,760,760,760,0
2022-08-18 13:26:00,760,760,760,760,0
2022-08-18 13:27:00,760,760,760,760,0
2022-08-18 13:28:00,760,760,760,760,0
2022-08-18 13:29:00,760,760,760,760,0
2022-08-18 13:30:00,760,760,760,760,11200
2022-08-18 13:31:00,760,760,760,760,0
2022-08-18 13:32:00,760,760,760,760,0
2022-08-18 13:33:00,755,755,755,755,200
2022-08-18 13:34:00,755,755,755,755,0
2022-08-18 13:35:00,755,755,755,755,0
2022-08-18 13:36:00,755,755,755,755,0
2022-08-18 13:37:00,755,755,755,755,0
2022-08-18 13:38:00,755,755,755,755,0
2022-08-18 13:39:00,755,755,755,755,0
2022-08-18 13:40:00,755,755,755,755,0
2022-08-18 13:41:00,760,760,760,760,2900
2022-08-18 13:42:00,760,760,760,760,0
2022-08-18 13:43:00,760,760,760,760,0
2022-08-18 13:44:00,760,760,760,760,0
2022-08-18 13:45:00,760,760,760,760,0
2022-08-18 13:46:00,760,760,760,760,0
2022-08-18 13:47:00,760,760,760,760,0
2022-08-18 13:48:00,760,760,760,760,0
2022-08-18 13:49:00,755,755,755,755,79500
2022-08-18 13:50:00,750,750,750,750,9100
2022-08-18 13:51:00,750,750,750,750,0
2022-08-18 13:52:00,750,750,750,750,0
2022-08-18 13:53:00,750,750,750,750,0
2022-08-18 13:54:00,750,750,750,750,0
2022-08-18 13:55:00,750,750,750,750,0
2022-08-18 13:56:00,750,750,750,750,139800
2022-08-18 13:57:00,750,750,750,750,0
2022-08-18 13:58:00,750,750,750,750,0
2022-08-18 13:59:00,750,750,750,750,0
2022-08-18 14:00:00,750,750,750,750,0
2022-08-18 14:01:00,750,750,750,750,0
2022-08-18 14:02:00,750,750,750,750,0
2022-08-18 14:03:00,750,750,750,750,0
2022-08-18 14:04:00,750,750,750,750,0
2022-08-18 14:05:00,750,750,750,750,0
2022-08-18 14:06:00,750,750,750,750,0
2022-08-18 14:07:00,750,750,750,750,0
2022-08-18 14:08:00,750,750,750,750,0
2022-08-18 14:09:00,750,750,750,750,0
2022-08-18 14:10:00,750,750,750,750,0
2022-08-18 14:11:00,750,750,750,750,0
2022-08-18 14:12:00,750,750,750,750,0
2022-08-18 14:13:00,760,760,760,760,800
2022-08-18 14:14:00,760,760,760,760,0
2022-08-18 14:15:00,750,750,750,750,17200
2022-08-18 14:16:00,750,750,750,750,0
2022-08-18 14:17:00,750,750,750,750,0
2022-08-18 14:18:00,750,750,750,750,0
2022-08-18 14:19:00,750,740,750,740,77900
2022-08-18 14:20:00,745,745,745,745,1500
2022-08-18 14:21:00,745,745,745,745,1000
2022-08-18 14:22:00,745,740,745,740,18500
2022-08-18 14:23:00,745,740,745,740,0
2022-08-18 14:24:00,745,740,745,740,15200
2022-08-18 14:25:00,745,740,745,740,0
2022-08-18 14:26:00,740,740,740,740,7200
2022-08-18 14:27:00,740,740,740,740,0
2022-08-18 14:28:00,740,740,740,740,1700
2022-08-18 14:29:00,740,740,740,740,1200
2022-08-18 14:30:00,735,735,735,735,23700
2022-08-18 14:31:00,735,735,735,735,0
2022-08-18 14:32:00,735,735,735,735,0
2022-08-18 14:33:00,740,740,740,740,0
2022-08-18 14:34:00,740,740,740,740,600
2022-08-18 14:35:00,735,735,735,735,6300
2022-08-18 14:36:00,735,735,735,735,800
2022-08-18 14:37:00,735,735,735,735,0
2022-08-18 14:38:00,740,740,740,740,14400
2022-08-18 14:39:00,740,740,740,740,0
2022-08-18 14:40:00,740,740,740,740,0
2022-08-18 14:41:00,740,740,740,740,0
2022-08-18 14:42:00,740,740,740,740,0
2022-08-18 14:43:00,740,740,740,740,2900
2022-08-18 14:44:00,740,740,740,740,0
2022-08-18 14:45:00,740,740,740,740,0
2022-08-18 14:46:00,740,740,740,740,0
2022-08-18 14:47:00,745,745,745,745,2400
2022-08-18 14:48:00,745,745,745,745,0
2022-08-18 14:49:00,750,750,750,750,1800
2022-08-18 14:50:00,750,750,750,750,0
2022-08-18 14:51:00,750,750,750,750,0
2022-08-18 14:52:00,750,750,750,750,0
2022-08-18 14:53:00,750,750,750,750,0
2022-08-18 14:54:00,750,750,750,750,0
2022-08-18 14:55:00,750,750,750,750,0
2022-08-18 14:56:00,750,750,750,750,0
2022-08-18 14:57:00,750,750,750,750,0
2022-08-18 14:58:00,750,750,750,750,0
2022-08-18 14:59:00,750,750,750,750,0
2022-08-18 15:00:00,745,745,745,745,1700
2022-08-18 15:01:00,745,745,745,745,1000
2022-08-18 15:02:00,745,745,745,745,0
2022-08-18 15:03:00,745,745,745,745,700
2022-08-18 15:04:00,745,745,745,745,0
2022-08-18 15:05:00,745,745,745,745,0
2022-08-18 15:06:00,745,745,745,745,0
2022-08-18 15:07:00,745,745,745,745,0
2022-08-18 15:08:00,745,745,745,745,0
2022-08-18 15:09:00,745,745,745,745,0
2022-08-18 15:10:00,745,745,745,745,4800
2022-08-18 15:11:00,745,745,745,745,519600
2022-08-18 15:12:00,745,745,745,745,0
2022-08-18 15:13:00,745,745,745,745,0
2022-08-18 15:14:00,745,745,745,745,0
2022-08-18 15:15:00,745,745,745,745,0
2022-08-18 15:16:00,745,745,745,745,0
2022-08-18 15:17:00,745,745,745,745,0
2022-08-18 15:18:00,745,745,745,745,0
2022-08-18 15:19:00,745,745,745,745,0
2022-08-18 15:20:00,745,745,745,745,0
2022-08-18 15:21:00,745,745,745,745,0
2022-08-18 15:22:00,745,745,745,745,0
2022-08-18 15:23:00,745,745,745,745,0
2022-08-18 15:24:00,745,745,745,745,0
2022-08-18 15:25:00,745,745,745,745,0
2022-08-18 15:26:00,745,745,745,745,0
2022-08-18 15:27:00,745,745,745,745,0
2022-08-18 15:28:00,745,745,745,745,0
2022-08-18 15:29:00,745,745,745,745,0
2022-08-18 15:30:00,745,745,745,745,0
2022-08-18 15:31:00,745,745,745,745,0
2022-08-18 15:32:00,745,745,745,745,0
2022-08-18 15:33:00,745,745,745,745,0
2022-08-18 15:34:00,745,745,745,745,0
2022-08-18 15:35:00,745,745,745,745,0
2022-08-18 15:36:00,745,745,745,745,0
2022-08-18 15:37:00,745,745,745,745,0
2022-08-18 15:38:00,745,745,745,745,0
2022-08-18 15:39:00,745,745,745,745,0
2022-08-18 15:40:00,745,745,745,745,0
2022-08-18 15:41:00,745,745,745,745,0
2022-08-18 15:42:00,745,745,745,745,0
2022-08-18 15:43:00,745,745,745,745,0
2022-08-18 15:44:00,745,745,745,745,0
2022-08-18 15:45:00,745,745,745,745,0
2022-08-18 15:46:00,745,745,745,745,0
2022-08-18 15:47:00,745,745,745,745,0
2022-08-18 15:48:00,745,745,745,745,0
2022-08-18 15:49:00,745,745,745,745,0
2022-08-18 15:50:00,745,745,745,745,0
2022-08-18 15:51:00,745,745,745,745,0
2022-08-18 15:52:00,745,745,745,745,0
2022-08-18 15:53:00,745,745,745,745,0
2022-08-18 15:54:00,745,745,745,745,0
2022-08-18 15:55:00,745,745,745,745,0
2022-08-18 15:56:00,745,745,745,745,0
2022-08-18 15:57:00,745,745,745,745,0
2022-08-18 15:58:00,745,745,745,745,0
2022-08-18 15:59:00,745,745,745,745,0
2022-08-19 09:00:00,745,745,745,745,0
2022-08-19 09:01:00,745,745,745,745,0
2022-08-19 09:02:00,745,745,745,745,0
2022-08-19 09:03:00,745,745,745,745,0
2022-08-19 09:04:00,745,745,745,745,600
2022-08-19 09:05:00,745,745,745,745,0
2022-08-19 09:06:00,745,745,745,745,0
2022-08-19 09:07:00,745,745,745,745,100
2022-08-19 09:08:00,745,745,745,745,100
2022-08-19 09:09:00,745,745,745,745,0
2022-08-19 09:10:00,740,740,740,740,1900
2022-08-19 09:11:00,740,740,740,740,0
2022-08-19 09:12:00,745,745,745,745,0
2022-08-19 09:13:00,745,745,745,745,0
2022-08-19 09:14:00,745,745,745,745,0
2022-08-19 09:15:00,745,745,745,745,0
2022-08-19 09:16:00,740,740,740,740,10800
2022-08-19 09:17:00,740,740,740,740,0
2022-08-19 09:18:00,740,740,740,740,0
2022-08-19 09:19:00,740,740,740,740,0
2022-08-19 09:20:00,740,740,740,740,0
2022-08-19 09:21:00,740,740,740,740,0
2022-08-19 09:22:00,740,740,740,740,0
2022-08-19 09:23:00,740,740,740,740,0
2022-08-19 09:24:00,740,740,740,740,0
2022-08-19 09:25:00,740,740,740,740,0
2022-08-19 09:26:00,745,745,745,745,5100
2022-08-19 09:27:00,745,745,745,745,0
2022-08-19 09:28:00,745,745,745,745,0
2022-08-19 09:29:00,745,745,745,745,0
2022-08-19 09:30:00,740,740,740,740,63500
2022-08-19 09:31:00,740,740,740,740,0
2022-08-19 09:32:00,740,740,740,740,5900
2022-08-19 09:33:00,740,740,740,740,0
2022-08-19 09:34:00,740,740,740,740,200
2022-08-19 09:35:00,740,740,740,740,200
2022-08-19 09:36:00,740,740,740,740,0
2022-08-19 09:37:00,740,740,740,740,0
2022-08-19 09:38:00,740,740,740,740,29900
2022-08-19 09:39:00,740,740,740,740,0
2022-08-19 09:40:00,740,740,740,740,0
2022-08-19 09:41:00,740,740,740,740,0
2022-08-19 09:42:00,740,740,740,740,200
2022-08-19 09:43:00,740,740,740,740,0
2022-08-19 09:44:00,740,740,740,740,3900
2022-08-19 09:45:00,740,740,740,740,0
2022-08-19 09:46:00,740,740,740,740,0
2022-08-19 09:47:00,745,745,745,745,2900
2022-08-19 09:48:00,745,745,745,745,0
2022-08-19 09:49:00,745,745,745,745,0
2022-08-19 09:50:00,745,745,745,745,0
2022-08-19 09:51:00,745,745,745,745,0
2022-08-19 09:52:00,740,740,740,740,0
2022-08-19 09:53:00,740,740,740,740,0
2022-08-19 09:54:00,740,740,740,740,46300
2022-08-19 09:55:00,740,740,740,740,0
2022-08-19 09:56:00,735,735,740,740,6100
2022-08-19 09:57:00,735,735,740,740,0
2022-08-19 09:58:00,735,735,740,740,0
2022-08-19 09:59:00,735,735,740,740,0
2022-08-19 10:00:00,735,735,740,740,0
2022-08-19 10:01:00,740,740,740,740,13400
2022-08-19 10:02:00,740,740,740,740,0
2022-08-19 10:03:00,740,740,740,740,0
2022-08-19 10:04:00,740,740,740,740,0
2022-08-19 10:05:00,740,740,740,740,0
2022-08-19 10:06:00,740,740,740,740,0
2022-08-19 10:07:00,740,740,740,740,0
2022-08-19 10:08:00,735,735,735,735,27400
2022-08-19 10:09:00,735,735,735,735,0
2022-08-19 10:10:00,735,735,735,735,0
2022-08-19 10:11:00,735,735,735,735,0
2022-08-19 10:12:00,735,735,735,735,0
2022-08-19 10:13:00,735,725,735,725,72100
2022-08-19 10:14:00,725,725,725,725,8300
2022-08-19 10:15:00,725,725,725,725,0
2022-08-19 10:16:00,730,730,730,730,0
2022-08-19 10:17:00,730,730,730,730,14900
2022-08-19 10:18:00,730,730,730,730,0
2022-08-19 10:19:00,730,730,730,730,7800
2022-08-19 10:20:00,730,730,730,730,0
2022-08-19 10:21:00,730,730,730,730,0
2022-08-19 10:22:00,730,730,730,730,0
2022-08-19 10:23:00,730,730,730,730,0
2022-08-19 10:24:00,730,730,730,730,0
2022-08-19 10:25:00,730,730,730,730,0
2022-08-19 10:26:00,730,730,730,730,0
2022-08-19 10:27:00,730,730,730,730,0
2022-08-19 10:28:00,730,730,730,730,0
2022-08-19 10:29:00,730,730,730,730,0
2022-08-19 10:30:00,735,735,735,735,2800
2022-08-19 10:31:00,735,735,735,735,200
2022-08-19 10:32:00,735,735,735,735,0
2022-08-19 10:33:00,735,735,735,735,0
2022-08-19 10:34:00,735,735,735,735,0
2022-08-19 10:35:00,735,735,735,735,0
2022-08-19 10:36:00,735,735,735,735,0
2022-08-19 10:37:00,735,735,735,735,0
2022-08-19 10:38:00,735,735,735,735,0
2022-08-19 10:39:00,735,735,735,735,0
2022-08-19 10:40:00,735,735,735,735,0
2022-08-19 10:41:00,735,735,735,735,0
2022-08-19 10:42:00,735,735,735,735,0
2022-08-19 10:43:00,735,735,735,735,0
2022-08-19 10:44:00,735,735,735,735,0
2022-08-19 10:45:00,735,735,735,735,0
2022-08-19 10:46:00,735,735,735,735,0
2022-08-19 10:47:00,735,735,735,735,0
2022-08-19 10:48:00,735,735,735,735,0
2022-08-19 10:49:00,735,735,735,735,0
2022-08-19 10:50:00,735,735,735,735,0
2022-08-19 10:51:00,735,735,735,735,200
2022-08-19 10:52:00,735,735,735,735,0
2022-08-19 10:53:00,735,735,735,735,0
2022-08-19 10:54:00,740,740,740,740,10700
2022-08-19 10:55:00,740,740,740,740,0
2022-08-19 10:56:00,735,735,735,735,5800
2022-08-19 10:57:00,735,735,735,735,0
2022-08-19 10:58:00,735,735,735,735,0
2022-08-19 10:59:00,735,735,735,735,0
2022-08-19 11:00:00,735,735,735,735,0
2022-08-19 11:01:00,735,735,735,735,0
2022-08-19 11:02:00,735,735,735,735,0
2022-08-19 11:03:00,735,735,735,735,0
2022-08-19 11:04:00,735,735,735,735,0
2022-08-19 11:05:00,735,735,735,735,0
2022-08-19 11:06:00,735,735,735,735,0
2022-08-19 11:07:00,735,735,735,735,0
2022-08-19 11:08:00,735,735,735,735,0
2022-08-19 11:09:00,735,735,735,735,0
2022-08-19 11:10:00,735,735,735,735,0
2022-08-19 11:11:00,735,735,735,735,0
2022-08-19 11:12:00,735,735,735,735,0
2022-08-19 11:13:00,735,735,735,735,0
2022-08-19 11:14:00,735,735,735,735,0
2022-08-19 11:15:00,735,735,735,735,0
2022-08-19 11:16:00,735,735,735,735,0
2022-08-19 11:17:00,735,735,735,735,0
2022-08-19 11:18:00,735,735,735,735,0
2022-08-19 11:19:00,735,735,735,735,0
2022-08-19 11:20:00,735,735,735,735,0
2022-08-19 11:21:00,735,735,735,735,0
2022-08-19 11:22:00,735,735,735,735,600
2022-08-19 11:23:00,735,735,735,735,0
2022-08-19 11:24:00,735,735,735,735,0
2022-08-19 11:25:00,735,735,735,735,0
2022-08-19 11:26:00,735,735,735,735,0
2022-08-19 11:27:00,735,735,735,735,0
2022-08-19 11:28:00,735,735,735,735,0
2022-08-19 11:29:00,735,735,735,735,0
2022-08-19 11:30:00,735,735,735,735,0
2022-08-19 11:31:00,735,735,735,735,0
2022-08-19 11:32:00,735,735,735,735,0
2022-08-19 11:33:00,735,735,735,735,0
2022-08-19 11:34:00,735,735,735,735,0
2022-08-19 11:35:00,735,735,735,735,0
2022-08-19 11:36:00,735,735,735,735,0
2022-08-19 11:37:00,735,735,735,735,0
2022-08-19 11:38:00,735,735,735,735,0
2022-08-19 11:39:00,735,735,735,735,0
2022-08-19 11:40:00,735,735,735,735,0
2022-08-19 11:41:00,735,735,735,735,0
2022-08-19 11:42:00,735,735,735,735,0
2022-08-19 11:43:00,735,735,735,735,0
2022-08-19 11:44:00,735,735,735,735,0
2022-08-19 11:45:00,735,735,735,735,0
2022-08-19 11:46:00,735,735,735,735,0
2022-08-19 11:47:00,735,735,735,735,0
2022-08-19 11:48:00,735,735,735,735,0
2022-08-19 11:49:00,735,735,735,735,0
2022-08-19 11:50:00,735,735,735,735,0
2022-08-19 11:51:00,735,735,735,735,0
2022-08-19 11:52:00,735,735,735,735,0
2022-08-19 11:53:00,735,735,735,735,0
2022-08-19 11:54:00,735,735,735,735,0
2022-08-19 11:55:00,735,735,735,735,0
2022-08-19 11:56:00,735,735,735,735,0
2022-08-19 11:57:00,735,735,735,735,0
2022-08-19 11:58:00,735,735,735,735,0
2022-08-19 11:59:00,735,735,735,735,0
2022-08-19 12:00:00,735,735,735,735,0
2022-08-19 12:01:00,735,735,735,735,0
2022-08-19 12:02:00,735,735,735,735,0
2022-08-19 12:03:00,735,735,735,735,0
2022-08-19 12:04:00,735,735,735,735,0
2022-08-19 12:05:00,735,735,735,735,0
2022-08-19 12:06:00,735,735,735,735,0
2022-08-19 12:07:00,735,735,735,735,0
2022-08-19 12:08:00,735,735,735,735,0
2022-08-19 12:09:00,735,735,735,735,0
2022-08-19 12:10:00,735,735,735,735,0
2022-08-19 12:11:00,735,735,735,735,0
2022-08-19 12:12:00,735,735,735,735,0
2022-08-19 12:13:00,735,735,735,735,0
2022-08-19 12:14:00,735,735,735,735,0
2022-08-19 12:15:00,735,735,735,735,0
2022-08-19 12:16:00,735,735,735,735,0
2022-08-19 12:17:00,735,735,735,735,0
2022-08-19 12:18:00,735,735,735,735,0
2022-08-19 12:19:00,735,735,735,735,0
2022-08-19 12:20:00,735,735,735,735,0
2022-08-19 12:21:00,735,735,735,735,0
2022-08-19 12:22:00,735,735,735,735,0
2022-08-19 12:23:00,735,735,735,735,0
2022-08-19 12:24:00,735,735,735,735,0
2022-08-19 12:25:00,735,735,735,735,0
2022-08-19 12:26:00,735,735,735,735,0
2022-08-19 12:27:00,735,735,735,735,0
2022-08-19 12:28:00,735,735,735,735,0
2022-08-19 12:29:00,735,735,735,735,0
2022-08-19 12:30:00,735,735,735,735,0
2022-08-19 12:31:00,735,735,735,735,0
2022-08-19 12:32:00,735,735,735,735,0
2022-08-19 12:33:00,735,735,735,735,0
2022-08-19 12:34:00,735,735,735,735,0
2022-08-19 12:35:00,735,735,735,735,0
2022-08-19 12:36:00,735,735,735,735,0
2022-08-19 12:37:00,735,735,735,735,0
2022-08-19 12:38:00,735,735,735,735,0
2022-08-19 12:39:00,735,735,735,735,0
2022-08-19 12:40:00,735,735,735,735,0
2022-08-19 12:41:00,735,735,735,735,0
2022-08-19 12:42:00,735,735,735,735,0
2022-08-19 12:43:00,735,735,735,735,0
2022-08-19 12:44:00,735,735,735,735,0
2022-08-19 12:45:00,735,735,735,735,0
2022-08-19 12:46:00,735,735,735,735,0
2022-08-19 12:47:00,735,735,735,735,0
2022-08-19 12:48:00,735,735,735,735,0
2022-08-19 12:49:00,735,735,735,735,0
2022-08-19 12:50:00,735,735,735,735,0
2022-08-19 12:51:00,735,735,735,735,0
2022-08-19 12:52:00,735,735,735,735,0
2022-08-19 12:53:00,735,735,735,735,0
2022-08-19 12:54:00,735,735,735,735,0
2022-08-19 12:55:00,735,735,735,735,0
2022-08-19 12:56:00,735,735,735,735,0
2022-08-19 12:57:00,735,735,735,735,0
2022-08-19 12:58:00,735,735,735,735,0
2022-08-19 12:59:00,735,735,735,735,0
2022-08-19 13:00:00,735,735,735,735,0
2022-08-19 13:01:00,735,735,735,735,0
2022-08-19 13:02:00,735,735,735,735,0
2022-08-19 13:03:00,735,735,735,735,0
2022-08-19 13:04:00,735,735,735,735,0
2022-08-19 13:05:00,735,735,735,735,0
2022-08-19 13:06:00,735,735,735,735,0
2022-08-19 13:07:00,735,735,735,735,0
2022-08-19 13:08:00,735,735,735,735,0
2022-08-19 13:09:00,735,735,735,735,0
2022-08-19 13:10:00,735,735,735,735,0
2022-08-19 13:11:00,735,735,735,735,0
2022-08-19 13:12:00,735,735,735,735,0
2022-08-19 13:13:00,735,735,735,735,0
2022-08-19 13:14:00,735,735,735,735,0
2022-08-19 13:15:00,735,735,735,735,0
2022-08-19 13:16:00,735,735,735,735,0
2022-08-19 13:17:00,735,735,735,735,0
2022-08-19 13:18:00,735,735,735,735,0
2022-08-19 13:19:00,735,735,735,735,0
2022-08-19 13:20:00,735,735,735,735,0
2022-08-19 13:21:00,735,735,735,735,0
2022-08-19 13:22:00,735,735,735,735,0
2022-08-19 13:23:00,735,735,735,735,0
2022-08-19 13:24:00,735,735,735,735,0
2022-08-19 13:25:00,735,735,735,735,0
2022-08-19 13:26:00,735,735,735,735,0
2022-08-19 13:27:00,735,735,735,735,0
2022-08-19 13:28:00,735,735,735,735,0
2022-08-19 13:29:00,735,735,735,735,0
2022-08-19 13:30:00,735,730,735,730,3600
2022-08-19 13:31:00,735,730,735,730,0
2022-08-19 13:32:00,735,730,735,730,0
2022-08-19 13:33:00,735,730,735,730,0
2022-08-19 13:34:00,735,730,735,730,0
2022-08-19 13:35:00,735,735,735,735,100
2022-08-19 13:36:00,735,735,735,735,0
2022-08-19 13:37:00,735,735,735,735,0
2022-08-19 13:38:00,735,735,735,735,0
2022-08-19 13:39:00,735,735,735,735,100
2022-08-19 13:40:00,735,735,735,735,0
2022-08-19 13:41:00,735,735,735,735,1000
2022-08-19 13:42:00,735,735,735,735,0
2022-08-19 13:43:00,735,735,735,735,0
2022-08-19 13:44:00,735,735,735,735,3300
2022-08-19 13:45:00,735,735,735,735,0
2022-08-19 13:46:00,735,735,735,735,1900
2022-08-19 13:47:00,735,735,735,735,0
2022-08-19 13:48:00,735,735,735,735,2000
2022-08-19 13:49:00,735,735,735,735,0
2022-08-19 13:50:00,735,735,735,735,0
2022-08-19 13:51:00,735,735,735,735,0
2022-08-19 13:52:00,735,735,735,735,0
2022-08-19 13:53:00,735,735,735,735,0
2022-08-19 13:54:00,735,735,735,735,0
2022-08-19 13:55:00,735,735,735,735,0
2022-08-19 13:56:00,735,735,735,735,1000
2022-08-19 13:57:00,735,735,735,735,0
2022-08-19 13:58:00,735,735,735,735,0
2022-08-19 13:59:00,735,735,735,735,6600
2022-08-19 14:00:00,735,735,735,735,0
2022-08-19 14:01:00,735,735,735,735,0
2022-08-19 14:02:00,735,735,735,735,0
2022-08-19 14:03:00,735,735,735,735,0
2022-08-19 14:04:00,735,735,735,735,0
2022-08-19 14:05:00,735,735,735,735,0
2022-08-19 14:06:00,735,735,735,735,0
2022-08-19 14:07:00,735,735,735,735,0
2022-08-19 14:08:00,735,735,735,735,0
2022-08-19 14:09:00,735,735,735,735,0
2022-08-19 14:10:00,735,735,735,735,100
2022-08-19 14:11:00,735,735,735,735,0
2022-08-19 14:12:00,735,735,735,735,0
2022-08-19 14:13:00,735,735,735,735,0
2022-08-19 14:14:00,735,735,735,735,0
2022-08-19 14:15:00,735,735,735,735,0
2022-08-19 14:16:00,735,735,735,735,0
2022-08-19 14:17:00,735,735,735,735,0
2022-08-19 14:18:00,730,730,730,730,8600
2022-08-19 14:19:00,730,730,730,730,2000
2022-08-19 14:20:00,730,730,730,730,0
2022-08-19 14:21:00,730,730,730,730,12300
2022-08-19 14:22:00,730,730,730,730,1500
2022-08-19 14:23:00,730,730,730,730,0
2022-08-19 14:24:00,730,730,730,730,0
2022-08-19 14:25:00,730,730,730,730,0
2022-08-19 14:26:00,730,730,730,730,0
2022-08-19 14:27:00,730,730,730,730,0
2022-08-19 14:28:00,730,730,730,730,0
2022-08-19 14:29:00,730,730,730,730,0
2022-08-19 14:30:00,730,730,730,730,0
2022-08-19 14:31:00,730,730,730,730,0
2022-08-19 14:32:00,730,730,730,730,0
2022-08-19 14:33:00,730,730,730,730,0
2022-08-19 14:34:00,730,730,730,730,0
2022-08-19 14:35:00,730,730,730,730,800
2022-08-19 14:36:00,730,730,730,730,0
2022-08-19 14:37:00,730,730,730,730,1400
2022-08-19 14:38:00,730,730,730,730,100
2022-08-19 14:39:00,730,730,730,730,300
2022-08-19 14:40:00,730,730,730,730,8000
2022-08-19 14:41:00,730,730,730,730,0
2022-08-19 14:42:00,730,730,730,730,0
2022-08-19 14:43:00,730,730,730,730,0
2022-08-19 14:44:00,730,730,730,730,2000
2022-08-19 14:45:00,730,730,730,730,0
2022-08-19 14:46:00,730,730,730,730,0
2022-08-19 14:47:00,730,730,730,730,0
2022-08-19 14:48:00,730,730,730,730,0
2022-08-19 14:49:00,730,730,730,730,100
2022-08-19 14:50:00,730,730,730,730,0
2022-08-19 14:51:00,730,730,730,730,0
2022-08-19 14:52:00,730,730,730,730,0
2022-08-19 14:53:00,730,730,730,730,0
2022-08-19 14:54:00,730,730,730,730,0
2022-08-19 14:55:00,730,730,730,730,0
2022-08-19 14:56:00,730,730,730,730,0
2022-08-19 14:57:00,730,730,730,730,0
2022-08-19 14:58:00,730,730,730,730,0
2022-08-19 14:59:00,730,730,730,730,0
2022-08-19 15:00:00,730,730,730,730,400
2022-08-19 15:01:00,730,730,730,730,0
2022-08-19 15:02:00,730,730,730,730,0
2022-08-19 15:03:00,730,730,730,730,0
2022-08-19 15:04:00,730,730,730,730,0
2022-08-19 15:05:00,730,730,730,730,0
2022-08-19 15:06:00,730,730,730,730,0
2022-08-19 15:07:00,730,730,730,730,0
2022-08-19 15:08:00,730,730,730,730,0
2022-08-19 15:09:00,730,730,730,730,0
2022-08-19 15:10:00,730,730,730,730,22500
2022-08-19 15:11:00,730,730,730,730,0
2022-08-19 15:12:00,730,730,730,730,0
2022-08-19 15:13:00,730,730,730,730,0
2022-08-19 15:14:00,730,730,730,730,0
2022-08-19 15:15:00,730,730,730,730,0
2022-08-19 15:16:00,730,730,730,730,0
2022-08-19 15:17:00,730,730,730,730,0
2022-08-19 15:18:00,730,730,730,730,0
2022-08-19 15:19:00,730,730,730,730,0
2022-08-19 15:20:00,730,730,730,730,0
2022-08-19 15:21:00,730,730,730,730,0
2022-08-19 15:22:00,730,730,730,730,0
2022-08-19 15:23:00,730,730,730,730,0
2022-08-19 15:24:00,730,730,730,730,0
2022-08-19 15:25:00,730,730,730,730,0
2022-08-19 15:26:00,730,730,730,730,0
2022-08-19 15:27:00,730,730,730,730,0
2022-08-19 15:28:00,730,730,730,730,0
2022-08-19 15:29:00,730,730,730,730,0
2022-08-19 15:30:00,730,730,730,730,0
2022-08-19 15:31:00,730,730,730,730,0
2022-08-19 15:32:00,730,730,730,730,0
2022-08-19 15:33:00,730,730,730,730,0
2022-08-19 15:34:00,730,730,730,730,0
2022-08-19 15:35:00,730,730,730,730,0
2022-08-19 15:36:00,730,730,730,730,0
2022-08-19 15:37:00,730,730,730,730,0
2022-08-19 15:38:00,730,730,730,730,0
2022-08-19 15:39:00,730,730,730,730,0
2022-08-19 15:40:00,730,730,730,730,0
2022-08-19 15:41:00,730,730,730,730,0
2022-08-19 15:42:00,730,730,730,730,0
2022-08-19 15:43:00,730,730,730,730,0
2022-08-19 15:44:00,730,730,730,730,0
2022-08-19 15:45:00,730,730,730,730,0
2022-08-19 15:46:00,730,730,730,730,0
2022-08-19 15:47:00,730,730,730,730,0
2022-08-19 15:48:00,730,730,730,730,0
2022-08-19 15:49:00,730,730,730,730,0
2022-08-19 15:50:00,730,730,730,730,0
2022-08-19 15:51:00,730,730,730,730,0
2022-08-19 15:52:00,730,730,730,730,0
2022-08-19 15:53:00,730,730,730,730,0
2022-08-19 15:54:00,730,730,730,730,0
2022-08-19 15:55:00,730,730,730,730,0
2022-08-19 15:56:00,730,730,730,730,0
2022-08-19 15:57:00,730,730,730,730,0
2022-08-19 15:58:00,730,730,730,730,0
2022-08-19 15:59:00,730,730,730,730,0
2022-08-22 09:00:00,735,730,735,730,0
2022-08-22 09:01:00,735,730,735,730,0
2022-08-22 09:02:00,735,730,735,730,0
2022-08-22 09:03:00,735,730,735,730,0
2022-08-22 09:04:00,735,730,735,730,0
2022-08-22 09:05:00,730,725,730,725,40400
2022-08-22 09:06:00,730,725,730,725,0
2022-08-22 09:07:00,720,720,720,720,0
2022-08-22 09:08:00,720,720,720,720,0
2022-08-22 09:09:00,720,720,720,720,2000
2022-08-22 09:10:00,720,720,725,725,0
2022-08-22 09:11:00,725,725,725,725,13400
2022-08-22 09:12:00,725,725,725,725,0
2022-08-22 09:13:00,725,725,725,725,19000
2022-08-22 09:14:00,720,720,720,720,2500
2022-08-22 09:15:00,720,720,720,720,13100
2022-08-22 09:16:00,720,720,720,720,0
2022-08-22 09:17:00,720,720,720,720,0
2022-08-22 09:18:00,720,720,720,720,2000
2022-08-22 09:19:00,720,720,720,720,2000
2022-08-22 09:20:00,720,720,720,720,0
2022-08-22 09:21:00,720,720,720,720,600
2022-08-22 09:22:00,720,720,720,720,0
2022-08-22 09:23:00,720,715,720,715,3800
2022-08-22 09:24:00,720,715,720,715,0
2022-08-22 09:25:00,720,715,720,715,0
2022-08-22 09:26:00,720,715,720,715,0
2022-08-22 09:27:00,720,715,720,715,0
2022-08-22 09:28:00,715,715,715,715,11100
2022-08-22 09:29:00,715,715,715,715,0
2022-08-22 09:30:00,715,715,715,715,0
2022-08-22 09:31:00,715,715,715,715,0
2022-08-22 09:32:00,715,715,715,715,0
2022-08-22 09:33:00,720,720,720,720,1400
2022-08-22 09:34:00,720,720,720,720,0
2022-08-22 09:35:00,720,720,720,720,0
2022-08-22 09:36:00,720,720,720,720,0
2022-08-22 09:37:00,720,720,720,720,100
2022-08-22 09:38:00,715,715,715,715,4300
2022-08-22 09:39:00,715,715,715,715,0
2022-08-22 09:40:00,715,715,715,715,1800
2022-08-22 09:41:00,715,715,715,715,1000
2022-08-22 09:42:00,715,715,715,715,0
2022-08-22 09:43:00,715,715,715,715,1500
2022-08-22 09:44:00,715,715,715,715,0
2022-08-22 09:45:00,715,715,720,720,4300
2022-08-22 09:46:00,715,715,720,720,0
2022-08-22 09:47:00,715,715,720,720,0
2022-08-22 09:48:00,715,715,720,720,0
2022-08-22 09:49:00,715,715,720,720,0
2022-08-22 09:50:00,715,715,720,720,0
2022-08-22 09:51:00,715,715,720,720,0
2022-08-22 09:52:00,720,720,720,720,400
2022-08-22 09:53:00,720,720,720,720,19900
2022-08-22 09:54:00,720,720,720,720,0
2022-08-22 09:55:00,715,715,715,715,800
2022-08-22 09:56:00,715,715,715,715,0
2022-08-22 09:57:00,715,715,715,715,0
2022-08-22 09:58:00,715,715,715,715,4900
2022-08-22 09:59:00,720,720,720,720,0
2022-08-22 10:00:00,720,720,720,720,0
2022-08-22 10:01:00,720,720,720,720,9900
2022-08-22 10:02:00,720,720,720,720,0
2022-08-22 10:03:00,720,720,720,720,0
2022-08-22 10:04:00,720,720,720,720,0
2022-08-22 10:05:00,720,720,720,720,0
2022-08-22 10:06:00,720,720,720,720,200
2022-08-22 10:07:00,720,720,720,720,0
2022-08-22 10:08:00,720,720,720,720,0
2022-08-22 10:09:00,720,720,720,720,0
2022-08-22 10:10:00,720,720,720,720,0
2022-08-22 10:11:00,720,720,720,720,0
2022-08-22 10:12:00,720,720,720,720,0
2022-08-22 10:13:00,720,720,720,720,100
2022-08-22 10:14:00,720,720,720,720,0
2022-08-22 10:15:00,720,720,720,720,0
2022-08-22 10:16:00,720,720,720,720,0
2022-08-22 10:17:00,720,720,720,720,0
2022-08-22 10:18:00,720,720,720,720,0
2022-08-22 10:19:00,720,720,720,720,0
2022-08-22 10:20:00,720,720,720,720,0
2022-08-22 10:21:00,720,720,720,720,200
2022-08-22 10:22:00,720,720,720,720,100
2022-08-22 10:23:00,720,720,720,720,0
2022-08-22 10:24:00,720,720,720,720,0
2022-08-22 10:25:00,720,720,720,720,0
2022-08-22 10:26:00,720,720,720,720,0
2022-08-22 10:27:00,720,720,720,720,0
2022-08-22 10:28:00,720,720,720,720,0
2022-08-22 10:29:00,715,715,715,715,0
2022-08-22 10:30:00,715,715,715,715,0
2022-08-22 10:31:00,715,715,715,715,0
2022-08-22 10:32:00,715,715,715,715,0
2022-08-22 10:33:00,715,715,715,715,0
2022-08-22 10:34:00,715,715,720,720,800
2022-08-22 10:35:00,715,715,720,720,0
2022-08-22 10:36:00,715,715,720,720,0
2022-08-22 10:37:00,715,715,720,720,0
2022-08-22 10:38:00,720,720,720,720,900
2022-08-22 10:39:00,720,720,720,720,0
2022-08-22 10:40:00,720,720,720,720,0
2022-08-22 10:41:00,720,720,720,720,0
2022-08-22 10:42:00,720,720,720,720,0
2022-08-22 10:43:00,720,720,720,720,0
2022-08-22 10:44:00,720,720,720,720,0
2022-08-22 10:45:00,720,720,720,720,0
2022-08-22 10:46:00,720,720,720,720,0
2022-08-22 10:47:00,720,715,720,720,52800
2022-08-22 10:48:00,720,715,720,720,0
2022-08-22 10:49:00,720,715,720,720,0
2022-08-22 10:50:00,720,715,720,720,0
2022-08-22 10:51:00,720,715,720,720,0
2022-08-22 10:52:00,720,715,720,720,0
2022-08-22 10:53:00,720,715,720,720,0
2022-08-22 10:54:00,720,715,720,720,0
2022-08-22 10:55:00,720,715,720,720,0
2022-08-22 10:56:00,715,715,715,715,5400
2022-08-22 10:57:00,715,715,715,715,0
2022-08-22 10:58:00,715,715,715,715,28200
2022-08-22 10:59:00,715,715,715,715,0
2022-08-22 11:00:00,715,715,715,715,0
2022-08-22 11:01:00,715,715,715,715,0
2022-08-22 11:02:00,715,715,715,715,0
2022-08-22 11:03:00,715,715,715,715,0
2022-08-22 11:04:00,715,715,715,715,0
2022-08-22 11:05:00,715,715,715,715,0
2022-08-22 11:06:00,715,715,715,715,0
2022-08-22 11:07:00,715,715,715,715,77600
2022-08-22 11:08:00,715,715,715,715,0
2022-08-22 11:09:00,715,715,715,715,0
2022-08-22 11:10:00,715,715,715,715,0
2022-08-22 11:11:00,715,715,715,715,0
2022-08-22 11:12:00,715,715,715,715,0
2022-08-22 11:13:00,715,715,715,715,0
2022-08-22 11:14:00,715,715,715,715,0
2022-08-22 11:15:00,715,715,720,720,0
2022-08-22 11:16:00,715,715,720,720,0
2022-08-22 11:17:00,715,715,720,720,0
2022-08-22 11:18:00,715,715,715,715,10000
2022-08-22 11:19:00,715,715,720,720,0
2022-08-22 11:20:00,715,715,720,720,0
2022-08-22 11:21:00,715,715,720,720,0
2022-08-22 11:22:00,715,715,720,720,0
2022-08-22 11:23:00,715,715,720,720,0
2022-08-22 11:24:00,715,715,720,720,0
2022-08-22 11:25:00,715,715,720,720,0
2022-08-22 11:26:00,715,715,715,715,32300
2022-08-22 11:27:00,715,715,715,715,0
2022-08-22 11:28:00,715,715,715,715,0
2022-08-22 11:29:00,715,715,715,715,0
2022-08-22 11:30:00,715,715,715,715,0
2022-08-22 11:31:00,715,715,715,715,0
2022-08-22 11:32:00,715,715,715,715,0
2022-08-22 11:33:00,715,715,715,715,0
2022-08-22 11:34:00,715,715,715,715,0
2022-08-22 11:35:00,715,715,715,715,0
2022-08-22 11:36:00,715,715,715,715,0
2022-08-22 11:37:00,715,715,715,715,0
2022-08-22 11:38:00,715,715,715,715,0
2022-08-22 11:39:00,715,715,715,715,0
2022-08-22 11:40:00,715,715,715,715,0
2022-08-22 11:41:00,715,715,715,715,0
2022-08-22 11:42:00,715,715,715,715,0
2022-08-22 11:43:00,715,715,715,715,0
2022-08-22 11:44:00,715,715,715,715,0
2022-08-22 11:45:00,715,715,715,715,0
2022-08-22 11:46:00,715,715,715,715,0
2022-08-22 11:47:00,715,715,715,715,0
2022-08-22 11:48:00,715,715,715,715,0
2022-08-22 11:49:00,715,715,715,715,0
2022-08-22 11:50:00,715,715,715,715,0
2022-08-22 11:51:00,715,715,715,715,0
2022-08-22 11:52:00,715,715,715,715,0
2022-08-22 11:53:00,715,715,715,715,0
2022-08-22 11:54:00,715,715,715,715,0
2022-08-22 11:55:00,715,715,715,715,0
2022-08-22 11:56:00,715,715,715,715,0
2022-08-22 11:57:00,715,715,715,715,0
2022-08-22 11:58:00,715,715,715,715,0
2022-08-22 11:59:00,715,715,715,715,0
2022-08-22 12:00:00,715,715,715,715,0
2022-08-22 12:01:00,715,715,715,715,0
2022-08-22 12:02:00,715,715,715,715,0
2022-08-22 12:03:00,715,715,715,715,0
2022-08-22 12:04:00,715,715,715,715,0
2022-08-22 12:05:00,715,715,715,715,0
2022-08-22 12:06:00,715,715,715,715,0
2022-08-22 12:07:00,715,715,715,715,0
2022-08-22 12:08:00,715,715,715,715,0
2022-08-22 12:09:00,715,715,715,715,0
2022-08-22 12:10:00,715,715,715,715,0
2022-08-22 12:11:00,715,715,715,715,0
2022-08-22 12:12:00,715,715,715,715,0
2022-08-22 12:13:00,715,715,715,715,0
2022-08-22 12:14:00,715,715,715,715,0
2022-08-22 12:15:00,715,715,715,715,0
2022-08-22 12:16:00,715,715,715,715,0
2022-08-22 12:17:00,715,715,715,715,0
2022-08-22 12:18:00,715,715,715,715,0
2022-08-22 12:19:00,715,715,715,715,0
2022-08-22 12:20:00,715,715,715,715,0
2022-08-22 12:21:00,715,715,715,715,0
2022-08-22 12:22:00,715,715,715,715,0
2022-08-22 12:23:00,715,715,715,715,0
2022-08-22 12:24:00,715,715,715,715,0
2022-08-22 12:25:00,715,715,715,715,0
2022-08-22 12:26:00,715,715,715,715,0
2022-08-22 12:27:00,715,715,715,715,0
2022-08-22 12:28:00,715,715,715,715,0
2022-08-22 12:29:00,715,715,715,715,0
2022-08-22 12:30:00,715,715,715,715,0
2022-08-22 12:31:00,715,715,715,715,0
2022-08-22 12:32:00,715,715,715,715,0
2022-08-22 12:33:00,715,715,715,715,0
2022-08-22 12:34:00,715,715,715,715,0
2022-08-22 12:35:00,715,715,715,715,0
2022-08-22 12:36:00,715,715,715,715,0
2022-08-22 12:37:00,715,715,715,715,0
2022-08-22 12:38:00,715,715,715,715,0
2022-08-22 12:39:00,715,715,715,715,0
2022-08-22 12:40:00,715,715,715,715,0
2022-08-22 12:41:00,715,715,715,715,0
2022-08-22 12:42:00,715,715,715,715,0
2022-08-22 12:43:00,715,715,715,715,0
2022-08-22 12:44:00,715,715,715,715,0
2022-08-22 12:45:00,715,715,715,715,0
2022-08-22 12:46:00,715,715,715,715,0
2022-08-22 12:47:00,715,715,715,715,0
2022-08-22 12:48:00,715,715,715,715,0
2022-08-22 12:49:00,715,715,715,715,0
2022-08-22 12:50:00,715,715,715,715,0
2022-08-22 12:51:00,715,715,715,715,0
2022-08-22 12:52:00,715,715,715,715,0
2022-08-22 12:53:00,715,715,715,715,0
2022-08-22 12:54:00,715,715,715,715,0
2022-08-22 12:55:00,715,715,715,715,0
2022-08-22 12:56:00,715,715,715,715,0
2022-08-22 12:57:00,715,715,715,715,0
2022-08-22 12:58:00,715,715,715,715,0
2022-08-22 12:59:00,715,715,715,715,0
2022-08-22 13:00:00,715,715,715,715,0
2022-08-22 13:01:00,715,715,715,715,0
2022-08-22 13:02:00,715,715,715,715,0
2022-08-22 13:03:00,715,715,715,715,0
2022-08-22 13:04:00,715,715,715,715,0
2022-08-22 13:05:00,715,715,715,715,0
2022-08-22 13:06:00,715,715,715,715,0
2022-08-22 13:07:00,715,715,715,715,0
2022-08-22 13:08:00,715,715,715,715,0
2022-08-22 13:09:00,715,715,715,715,0
2022-08-22 13:10:00,715,715,715,715,0
2022-08-22 13:11:00,715,715,715,715,0
2022-08-22 13:12:00,715,715,715,715,0
2022-08-22 13:13:00,715,715,715,715,0
2022-08-22 13:14:00,715,715,715,715,0
2022-08-22 13:15:00,715,715,715,715,0
2022-08-22 13:16:00,715,715,715,715,0
2022-08-22 13:17:00,715,715,715,715,0
2022-08-22 13:18:00,715,715,715,715,0
2022-08-22 13:19:00,715,715,715,715,0
2022-08-22 13:20:00,715,715,715,715,0
2022-08-22 13:21:00,715,715,715,715,0
2022-08-22 13:22:00,715,715,715,715,0
2022-08-22 13:23:00,715,715,715,715,0
2022-08-22 13:24:00,715,715,715,715,0
2022-08-22 13:25:00,715,715,715,715,0
2022-08-22 13:26:00,715,715,715,715,0
2022-08-22 13:27:00,715,715,715,715,0
2022-08-22 13:28:00,715,715,715,715,0
2022-08-22 13:29:00,715,715,715,715,0
2022-08-22 13:30:00,715,680,715,690,317900
2022-08-22 13:31:00,690,680,690,680,114500
2022-08-22 13:32:00,680,680,680,680,35700
2022-08-22 13:33:00,680,680,680,680,11400
2022-08-22 13:34:00,690,680,700,680,52700
2022-08-22 13:35:00,685,680,685,680,88300
2022-08-22 13:36:00,700,700,700,700,0
2022-08-22 13:37:00,685,680,685,680,69700
2022-08-22 13:38:00,680,680,680,680,45000
2022-08-22 13:39:00,695,695,695,695,0
2022-08-22 13:40:00,685,680,690,680,76100
2022-08-22 13:41:00,680,680,680,680,6700
2022-08-22 13:42:00,680,680,680,680,5500
2022-08-22 13:43:00,680,680,680,680,9000
2022-08-22 13:44:00,680,680,680,680,12000
2022-08-22 13:45:00,680,680,680,680,59400
2022-08-22 13:46:00,680,680,680,680,141500
2022-08-22 13:47:00,680,680,680,680,0
2022-08-22 13:48:00,680,680,680,680,0
2022-08-22 13:49:00,680,680,690,690,4100
2022-08-22 13:50:00,690,690,690,690,100
2022-08-22 13:51:00,690,690,690,690,0
2022-08-22 13:52:00,690,690,690,690,0
2022-08-22 13:53:00,685,685,690,690,10900
2022-08-22 13:54:00,690,685,690,690,5100
2022-08-22 13:55:00,690,690,690,690,0
2022-08-22 13:56:00,690,690,690,690,1300
2022-08-22 13:57:00,690,690,690,690,0
2022-08-22 13:58:00,690,690,695,695,5900
2022-08-22 13:59:00,695,695,695,695,100
2022-08-22 14:00:00,695,695,695,695,100
2022-08-22 14:01:00,695,695,695,695,0
2022-08-22 14:02:00,695,690,695,695,49700
2022-08-22 14:03:00,695,695,695,695,5900
2022-08-22 14:04:00,690,690,695,695,600
2022-08-22 14:05:00,690,690,695,695,0
2022-08-22 14:06:00,690,690,695,695,0
2022-08-22 14:07:00,695,695,695,695,2400
2022-08-22 14:08:00,695,695,695,695,0
2022-08-22 14:09:00,695,690,695,690,1200
2022-08-22 14:10:00,695,695,695,695,1100
2022-08-22 14:11:00,695,695,695,695,4700
2022-08-22 14:12:00,695,695,695,695,0
2022-08-22 14:13:00,695,695,695,695,13800
2022-08-22 14:14:00,695,695,695,695,14200
2022-08-22 14:15:00,700,700,700,700,0
2022-08-22 14:16:00,700,700,700,700,200
2022-08-22 14:17:00,700,700,700,700,1000
2022-08-22 14:18:00,700,700,700,700,33100
2022-08-22 14:19:00,700,700,700,700,0
2022-08-22 14:20:00,700,700,700,700,0
2022-08-22 14:21:00,700,700,700,700,0
2022-08-22 14:22:00,700,700,700,700,0
2022-08-22 14:23:00,700,700,700,700,0
2022-08-22 14:24:00,700,700,700,700,0
2022-08-22 14:25:00,700,700,700,700,0
2022-08-22 14:26:00,700,700,700,700,0
2022-08-22 14:27:00,700,700,700,700,0
2022-08-22 14:28:00,695,695,695,695,400
2022-08-22 14:29:00,695,695,695,695,0
2022-08-22 14:30:00,695,695,695,695,0
2022-08-22 14:31:00,700,700,700,700,2000
2022-08-22 14:32:00,700,700,700,700,23200
2022-08-22 14:33:00,700,700,700,700,0
2022-08-22 14:34:00,700,700,700,700,0
2022-08-22 14:35:00,700,700,700,700,0
2022-08-22 14:36:00,700,700,700,700,0
2022-08-22 14:37:00,700,700,700,700,0
2022-08-22 14:38:00,700,700,700,700,0
2022-08-22 14:39:00,700,700,700,700,0
2022-08-22 14:40:00,700,700,700,700,0
2022-08-22 14:41:00,700,700,700,700,0
2022-08-22 14:42:00,700,700,700,700,0
2022-08-22 14:43:00,700,700,700,700,0
2022-08-22 14:44:00,705,705,705,705,38200
2022-08-22 14:45:00,710,710,710,710,31000
2022-08-22 14:46:00,710,710,710,710,2700
2022-08-22 14:47:00,710,710,710,710,0
2022-08-22 14:48:00,710,710,710,710,0
2022-08-22 14:49:00,715,715,715,715,18600
2022-08-22 14:50:00,715,715,715,715,0
2022-08-22 14:51:00,715,715,715,715,0
2022-08-22 14:52:00,715,715,715,715,0
2022-08-22 14:53:00,715,715,715,715,0
2022-08-22 14:54:00,715,715,715,715,0
2022-08-22 14:55:00,715,715,715,715,0
2022-08-22 14:56:00,715,715,715,715,0
2022-08-22 14:57:00,715,715,715,715,0
2022-08-22 14:58:00,715,715,715,715,0
2022-08-22 14:59:00,715,715,715,715,0
2022-08-22 15:00:00,720,720,720,720,58500
2022-08-22 15:01:00,720,720,720,720,0
2022-08-22 15:02:00,720,720,720,720,0
2022-08-22 15:03:00,720,720,720,720,0
2022-08-22 15:04:00,720,720,720,720,0
2022-08-22 15:05:00,720,720,720,720,0
2022-08-22 15:06:00,720,720,720,720,0
2022-08-22 15:07:00,720,720,720,720,0
2022-08-22 15:08:00,720,720,720,720,0
2022-08-22 15:09:00,720,720,720,720,0
2022-08-22 15:10:00,720,720,720,720,0
2022-08-22 15:11:00,720,720,720,720,0
2022-08-22 15:12:00,720,720,720,720,0
2022-08-22 15:13:00,720,720,720,720,0
2022-08-22 15:14:00,720,720,720,720,0
2022-08-22 15:15:00,720,720,720,720,0
2022-08-22 15:16:00,720,720,720,720,0
2022-08-22 15:17:00,720,720,720,720,0
2022-08-22 15:18:00,720,720,720,720,0
2022-08-22 15:19:00,720,720,720,720,0
2022-08-22 15:20:00,720,720,720,720,0
2022-08-22 15:21:00,720,720,720,720,0
2022-08-22 15:22:00,720,720,720,720,0
2022-08-22 15:23:00,720,720,720,720,0
2022-08-22 15:24:00,720,720,720,720,0
2022-08-22 15:25:00,720,720,720,720,0
2022-08-22 15:26:00,720,720,720,720,0
2022-08-22 15:27:00,720,720,720,720,0
2022-08-22 15:28:00,720,720,720,720,0
2022-08-22 15:29:00,720,720,720,720,0
2022-08-22 15:30:00,720,720,720,720,0
2022-08-22 15:31:00,720,720,720,720,0
2022-08-22 15:32:00,720,720,720,720,0
2022-08-22 15:33:00,720,720,720,720,0
2022-08-22 15:34:00,720,720,720,720,0
2022-08-22 15:35:00,720,720,720,720,0
2022-08-22 15:36:00,720,720,720,720,0
2022-08-22 15:37:00,720,720,720,720,0
2022-08-22 15:38:00,720,720,720,720,0
2022-08-22 15:39:00,720,720,720,720,0
2022-08-22 15:40:00,720,720,720,720,0
2022-08-22 15:41:00,720,720,720,720,0
2022-08-22 15:42:00,720,720,720,720,0
2022-08-22 15:43:00,720,720,720,720,0
2022-08-22 15:44:00,720,720,720,720,0
2022-08-22 15:45:00,720,720,720,720,0
2022-08-22 15:46:00,720,720,720,720,0
2022-08-22 15:47:00,720,720,720,720,0
2022-08-22 15:48:00,720,720,720,720,0
2022-08-22 15:49:00,720,720,720,720,0
2022-08-22 15:50:00,720,720,720,720,0
2022-08-22 15:51:00,720,720,720,720,0
2022-08-22 15:52:00,720,720,720,720,0
2022-08-22 15:53:00,720,720,720,720,0
2022-08-22 15:54:00,720,720,720,720,0
2022-08-22 15:55:00,720,720,720,720,0
2022-08-22 15:56:00,720,720,720,720,0
2022-08-22 15:57:00,720,720,720,720,0
2022-08-22 15:58:00,720,720,720,720,0
2022-08-22 15:59:00,720,720,720,720,0
2022-08-23 09:00:00,720,720,720,720,1700
2022-08-23 09:01:00,720,720,720,720,0
2022-08-23 09:02:00,720,720,720,720,0
2022-08-23 09:03:00,720,720,720,720,0
2022-08-23 09:04:00,720,720,720,720,0
2022-08-23 09:05:00,720,720,720,720,0
2022-08-23 09:06:00,720,720,720,720,0
2022-08-23 09:07:00,720,720,720,720,0
2022-08-23 09:08:00,720,720,720,720,0
2022-08-23 09:09:00,715,715,715,715,100
2022-08-23 09:10:00,715,715,715,715,0
2022-08-23 09:11:00,715,715,715,715,0
2022-08-23 09:12:00,715,715,715,715,0
2022-08-23 09:13:00,715,715,715,715,0
2022-08-23 09:14:00,705,705,705,705,5800
2022-08-23 09:15:00,700,700,700,700,29900
2022-08-23 09:16:00,700,700,705,705,0
2022-08-23 09:17:00,705,705,705,705,0
2022-08-23 09:18:00,705,705,705,705,2100
2022-08-23 09:19:00,705,705,705,705,0
2022-08-23 09:20:00,705,705,705,705,1200
2022-08-23 09:21:00,705,705,705,705,0
2022-08-23 09:22:00,705,705,705,705,0
2022-08-23 09:23:00,705,705,705,705,0
2022-08-23 09:24:00,705,705,705,705,0
2022-08-23 09:25:00,705,705,705,705,0
2022-08-23 09:26:00,710,710,710,710,5900
2022-08-23 09:27:00,710,710,710,710,1300
2022-08-23 09:28:00,715,715,715,715,0
2022-08-23 09:29:00,715,715,715,715,0
2022-08-23 09:30:00,715,715,715,715,0
2022-08-23 09:31:00,715,715,715,715,0
2022-08-23 09:32:00,715,715,715,715,0
2022-08-23 09:33:00,715,715,715,715,0
2022-08-23 09:34:00,715,715,715,715,0
2022-08-23 09:35:00,715,715,715,715,0
2022-08-23 09:36:00,715,715,715,715,0
2022-08-23 09:37:00,715,715,715,715,0
2022-08-23 09:38:00,715,715,715,715,0
2022-08-23 09:39:00,715,715,715,715,0
2022-08-23 09:40:00,715,715,715,715,0
2022-08-23 09:41:00,715,715,715,715,0
2022-08-23 09:42:00,715,715,715,715,0
2022-08-23 09:43:00,715,715,715,715,0
2022-08-23 09:44:00,715,715,715,715,0
2022-08-23 09:45:00,715,715,715,715,0
2022-08-23 09:46:00,715,715,715,715,0
2022-08-23 09:47:00,715,715,715,715,0
2022-08-23 09:48:00,715,715,715,715,0
2022-08-23 09:49:00,715,715,715,715,0
2022-08-23 09:50:00,710,710,710,710,100
2022-08-23 09:51:00,710,710,710,710,0
2022-08-23 09:52:00,710,710,710,710,0
2022-08-23 09:53:00,710,710,710,710,0
2022-08-23 09:54:00,710,710,710,710,0
2022-08-23 09:55:00,710,710,710,710,0
2022-08-23 09:56:00,710,710,710,710,0
2022-08-23 09:57:00,710,710,710,710,500
2022-08-23 09:58:00,710,710,710,710,900
2022-08-23 09:59:00,710,710,710,710,0
2022-08-23 10:00:00,705,705,705,705,4200
2022-08-23 10:01:00,705,705,705,705,0
2022-08-23 10:02:00,705,705,705,705,0
2022-08-23 10:03:00,705,705,705,705,300
2022-08-23 10:04:00,705,705,705,705,0
2022-08-23 10:05:00,705,705,705,705,0
2022-08-23 10:06:00,705,705,705,705,0
2022-08-23 10:07:00,705,705,705,705,0
2022-08-23 10:08:00,705,700,705,700,2200
2022-08-23 10:09:00,705,700,705,700,0
2022-08-23 10:10:00,705,700,705,700,0
2022-08-23 10:11:00,705,700,705,700,0
2022-08-23 10:12:00,705,700,705,700,0
2022-08-23 10:13:00,705,700,705,700,0
2022-08-23 10:14:00,705,700,705,700,0
2022-08-23 10:15:00,710,710,710,710,200
2022-08-23 10:16:00,710,710,710,710,0
2022-08-23 10:17:00,710,710,710,710,0
2022-08-23 10:18:00,710,710,710,710,0
2022-08-23 10:19:00,710,710,710,710,100
2022-08-23 10:20:00,705,705,705,705,300
2022-08-23 10:21:00,705,705,705,705,0
2022-08-23 10:22:00,705,705,705,705,0
2022-08-23 10:23:00,705,705,705,705,800
2022-08-23 10:24:00,705,705,705,705,500
2022-08-23 10:25:00,705,705,705,705,300
2022-08-23 10:26:00,705,705,705,705,0
2022-08-23 10:27:00,705,705,705,705,0
2022-08-23 10:28:00,710,710,710,710,0
2022-08-23 10:29:00,710,710,710,710,0
2022-08-23 10:30:00,710,710,710,710,0
2022-08-23 10:31:00,710,710,710,710,0
2022-08-23 10:32:00,710,710,710,710,0
2022-08-23 10:33:00,710,710,710,710,0
2022-08-23 10:34:00,710,710,710,710,0
2022-08-23 10:35:00,710,710,710,710,0
2022-08-23 10:36:00,710,710,710,710,0
2022-08-23 10:37:00,710,710,710,710,2400
2022-08-23 10:38:00,710,710,710,710,0
2022-08-23 10:39:00,710,710,710,710,0
2022-08-23 10:40:00,710,710,710,710,0
2022-08-23 10:41:00,710,710,710,710,0
2022-08-23 10:42:00,710,710,710,710,0
2022-08-23 10:43:00,710,710,710,710,0
2022-08-23 10:44:00,710,710,710,710,0
2022-08-23 10:45:00,710,710,710,710,400
2022-08-23 10:46:00,710,710,710,710,900
2022-08-23 10:47:00,710,710,710,710,0
2022-08-23 10:48:00,710,710,710,710,1800
2022-08-23 10:49:00,710,710,710,710,0
2022-08-23 10:50:00,710,710,710,710,0
2022-08-23 10:51:00,710,710,710,710,0
2022-08-23 10:52:00,710,710,710,710,0
2022-08-23 10:53:00,710,710,710,710,0
2022-08-23 10:54:00,710,710,710,710,0
2022-08-23 10:55:00,710,710,710,710,0
2022-08-23 10:56:00,710,710,710,710,0
2022-08-23 10:57:00,710,710,710,710,0
2022-08-23 10:58:00,710,710,710,710,5200
2022-08-23 10:59:00,710,710,710,710,0
2022-08-23 11:00:00,710,710,710,710,0
2022-08-23 11:01:00,710,710,710,710,0
2022-08-23 11:02:00,710,710,710,710,0
2022-08-23 11:03:00,705,705,705,705,22700
2022-08-23 11:04:00,700,700,700,700,0
2022-08-23 11:05:00,700,700,700,700,0
2022-08-23 11:06:00,700,700,700,700,0
2022-08-23 11:07:00,700,700,700,700,0
2022-08-23 11:08:00,700,700,700,700,0
2022-08-23 11:09:00,700,700,700,700,0
2022-08-23 11:10:00,700,700,700,700,0
2022-08-23 11:11:00,700,700,700,700,0
2022-08-23 11:12:00,700,700,700,700,0
2022-08-23 11:13:00,700,700,700,700,0
2022-08-23 11:14:00,700,700,700,700,0
2022-08-23 11:15:00,700,700,700,700,0
2022-08-23 11:16:00,705,700,705,700,162300
2022-08-23 11:17:00,705,700,705,700,0
2022-08-23 11:18:00,705,700,705,700,0
2022-08-23 11:19:00,695,695,695,695,5500
2022-08-23 11:20:00,695,695,695,695,0
2022-08-23 11:21:00,700,700,700,700,8300
2022-08-23 11:22:00,700,700,700,700,0
2022-08-23 11:23:00,700,700,700,700,0
2022-08-23 11:24:00,700,700,700,700,2300
2022-08-23 11:25:00,700,700,700,700,0
2022-08-23 11:26:00,700,700,700,700,0
2022-08-23 11:27:00,700,700,700,700,0
2022-08-23 11:28:00,700,700,700,700,0
2022-08-23 11:29:00,700,700,700,700,0
2022-08-23 11:30:00,700,700,700,700,0
2022-08-23 11:31:00,700,700,700,700,0
2022-08-23 11:32:00,700,700,700,700,0
2022-08-23 11:33:00,700,700,700,700,0
2022-08-23 11:34:00,700,700,700,700,0
2022-08-23 11:35:00,700,700,700,700,0
2022-08-23 11:36:00,700,700,700,700,0
2022-08-23 11:37:00,700,700,700,700,0
2022-08-23 11:38:00,700,700,700,700,0
2022-08-23 11:39:00,700,700,700,700,0
2022-08-23 11:40:00,700,700,700,700,0
2022-08-23 11:41:00,700,700,700,700,0
2022-08-23 11:42:00,700,700,700,700,0
2022-08-23 11:43:00,700,700,700,700,0
2022-08-23 11:44:00,700,700,700,700,0
2022-08-23 11:45:00,700,700,700,700,0
2022-08-23 11:46:00,700,700,700,700,0
2022-08-23 11:47:00,700,700,700,700,0
2022-08-23 11:48:00,700,700,700,700,0
2022-08-23 11:49:00,700,700,700,700,0
2022-08-23 11:50:00,700,700,700,700,0
2022-08-23 11:51:00,700,700,700,700,0
2022-08-23 11:52:00,700,700,700,700,0
2022-08-23 11:53:00,700,700,700,700,0
2022-08-23 11:54:00,700,700,700,700,0
2022-08-23 11:55:00,700,700,700,700,0
2022-08-23 11:56:00,700,700,700,700,0
2022-08-23 11:57:00,700,700,700,700,0
2022-08-23 11:58:00,700,700,700,700,0
2022-08-23 11:59:00,700,700,700,700,0
2022-08-23 12:00:00,700,700,700,700,0
2022-08-23 12:01:00,700,700,700,700,0
2022-08-23 12:02:00,700,700,700,700,0
2022-08-23 12:03:00,700,700,700,700,0
2022-08-23 12:04:00,700,700,700,700,0
2022-08-23 12:05:00,700,700,700,700,0
2022-08-23 12:06:00,700,700,700,700,0
2022-08-23 12:07:00,700,700,700,700,0
2022-08-23 12:08:00,700,700,700,700,0
2022-08-23 12:09:00,700,700,700,700,0
2022-08-23 12:10:00,700,700,700,700,0
2022-08-23 12:11:00,700,700,700,700,0
2022-08-23 12:12:00,700,700,700,700,0
2022-08-23 12:13:00,700,700,700,700,0
2022-08-23 12:14:00,700,700,700,700,0
2022-08-23 12:15:00,700,700,700,700,0
2022-08-23 12:16:00,700,700,700,700,0
2022-08-23 12:17:00,700,700,700,700,0
2022-08-23 12:18:00,700,700,700,700,0
2022-08-23 12:19:00,700,700,700,700,0
2022-08-23 12:20:00,700,700,700,700,0
2022-08-23 12:21:00,700,700,700,700,0
2022-08-23 12:22:00,700,700,700,700,0
2022-08-23 12:23:00,700,700,700,700,0
2022-08-23 12:24:00,700,700,700,700,0
2022-08-23 12:25:00,700,700,700,700,0
2022-08-23 12:26:00,700,700,700,700,0
2022-08-23 12:27:00,700,700,700,700,0
2022-08-23 12:28:00,700,700,700,700,0
2022-08-23 12:29:00,700,700,700,700,0
2022-08-23 12:30:00,700,700,700,700,0
2022-08-23 12:31:00,700,700,700,700,0
2022-08-23 12:32:00,700,700,700,700,0
2022-08-23 12:33:00,700,700,700,700,0
2022-08-23 12:34:00,700,700,700,700,0
2022-08-23 12:35:00,700,700,700,700,0
2022-08-23 12:36:00,700,700,700,700,0
2022-08-23 12:37:00,700,700,700,700,0
2022-08-23 12:38:00,700,700,700,700,0
2022-08-23 12:39:00,700,700,700,700,0
2022-08-23 12:40:00,700,700,700,700,0
2022-08-23 12:41:00,700,700,700,700,0
2022-08-23 12:42:00,700,700,700,700,0
2022-08-23 12:43:00,700,700,700,700,0
2022-08-23 12:44:00,700,700,700,700,0
2022-08-23 12:45:00,700,700,700,700,0
2022-08-23 12:46:00,700,700,700,700,0
2022-08-23 12:47:00,700,700,700,700,0
2022-08-23 12:48:00,700,700,700,700,0
2022-08-23 12:49:00,700,700,700,700,0
2022-08-23 12:50:00,700,700,700,700,0
2022-08-23 12:51:00,700,700,700,700,0
2022-08-23 12:52:00,700,700,700,700,0
2022-08-23 12:53:00,700,700,700,700,0
2022-08-23 12:54:00,700,700,700,700,0
2022-08-23 12:55:00,700,700,700,700,0
2022-08-23 12:56:00,700,700,700,700,0
2022-08-23 12:57:00,700,700,700,700,0
2022-08-23 12:58:00,700,700,700,700,0
2022-08-23 12:59:00,700,700,700,700,0
2022-08-23 13:00:00,700,700,700,700,0
2022-08-23 13:01:00,700,700,700,700,0
2022-08-23 13:02:00,700,700,700,700,0
2022-08-23 13:03:00,700,700,700,700,0
2022-08-23 13:04:00,700,700,700,700,0
2022-08-23 13:05:00,700,700,700,700,0
2022-08-23 13:06:00,700,700,700,700,0
2022-08-23 13:07:00,700,700,700,700,0
2022-08-23 13:08:00,700,700,700,700,0
2022-08-23 13:09:00,700,700,700,700,0
2022-08-23 13:10:00,700,700,700,700,0
2022-08-23 13:11:00,700,700,700,700,0
2022-08-23 13:12:00,700,700,700,700,0
2022-08-23 13:13:00,700,700,700,700,0
2022-08-23 13:14:00,700,700,700,700,0
2022-08-23 13:15:00,700,700,700,700,0
2022-08-23 13:16:00,700,700,700,700,0
2022-08-23 13:17:00,700,700,700,700,0
2022-08-23 13:18:00,700,700,700,700,0
2022-08-23 13:19:00,700,700,700,700,0
2022-08-23 13:20:00,700,700,700,700,0
2022-08-23 13:21:00,700,700,700,700,0
2022-08-23 13:22:00,700,700,700,700,0
2022-08-23 13:23:00,700,700,700,700,0
2022-08-23 13:24:00,700,700,700,700,0
2022-08-23 13:25:00,700,700,700,700,0
2022-08-23 13:26:00,700,700,700,700,0
2022-08-23 13:27:00,700,700,700,700,0
2022-08-23 13:28:00,700,700,700,700,0
2022-08-23 13:29:00,700,700,700,700,0
2022-08-23 13:30:00,705,705,710,710,5600
2022-08-23 13:31:00,705,705,710,710,0
2022-08-23 13:32:00,705,705,710,710,0
2022-08-23 13:33:00,710,710,710,710,0
2022-08-23 13:34:00,710,710,710,710,0
2022-08-23 13:35:00,710,710,710,710,0
2022-08-23 13:36:00,710,710,710,710,100
2022-08-23 13:37:00,710,710,710,710,0
2022-08-23 13:38:00,710,710,710,710,0
2022-08-23 13:39:00,710,710,710,710,0
2022-08-23 13:40:00,710,710,710,710,0
2022-08-23 13:41:00,710,710,710,710,0
2022-08-23 13:42:00,710,710,710,710,400
2022-08-23 13:43:00,710,710,710,710,0
2022-08-23 13:44:00,710,710,710,710,0
2022-08-23 13:45:00,710,710,710,710,0
2022-08-23 13:46:00,710,710,710,710,0
2022-08-23 13:47:00,710,710,710,710,0
2022-08-23 13:48:00,710,710,710,710,0
2022-08-23 13:49:00,710,710,710,710,0
2022-08-23 13:50:00,710,710,710,710,0
2022-08-23 13:51:00,710,710,710,710,0
2022-08-23 13:52:00,710,710,710,710,0
2022-08-23 13:53:00,710,710,710,710,0
2022-08-23 13:54:00,710,710,710,710,0
2022-08-23 13:55:00,710,710,710,710,1900
2022-08-23 13:56:00,710,710,710,710,0
2022-08-23 13:57:00,710,710,710,710,0
2022-08-23 13:58:00,710,710,710,710,0
2022-08-23 13:59:00,710,710,710,710,0
2022-08-23 14:00:00,710,710,710,710,13400
2022-08-23 14:01:00,710,710,710,710,0
2022-08-23 14:02:00,710,710,710,710,0
2022-08-23 14:03:00,710,710,710,710,0
2022-08-23 14:04:00,710,710,710,710,0
2022-08-23 14:05:00,710,710,715,715,11300
2022-08-23 14:06:00,705,705,705,705,21100
2022-08-23 14:07:00,705,705,705,705,0
2022-08-23 14:08:00,705,705,705,705,0
2022-08-23 14:09:00,705,705,705,705,0
2022-08-23 14:10:00,705,705,705,705,0
2022-08-23 14:11:00,705,705,705,705,0
2022-08-23 14:12:00,705,705,705,705,100
2022-08-23 14:13:00,705,705,705,705,0
2022-08-23 14:14:00,705,705,705,705,0
2022-08-23 14:15:00,705,705,705,705,0
2022-08-23 14:16:00,705,705,705,705,0
2022-08-23 14:17:00,705,705,705,705,0
2022-08-23 14:18:00,705,705,705,705,12400
2022-08-23 14:19:00,705,705,705,705,0
2022-08-23 14:20:00,705,705,705,705,0
2022-08-23 14:21:00,705,705,705,705,0
2022-08-23 14:22:00,705,705,705,705,0
2022-08-23 14:23:00,705,705,705,705,15000
2022-08-23 14:24:00,705,705,705,705,28900
2022-08-23 14:25:00,710,710,710,710,2000
2022-08-23 14:26:00,710,705,715,715,8200
2022-08-23 14:27:00,710,705,715,715,0
2022-08-23 14:28:00,710,705,715,715,0
2022-08-23 14:29:00,710,705,715,715,0
2022-08-23 14:30:00,710,705,715,715,0
2022-08-23 14:31:00,710,705,715,715,0
2022-08-23 14:32:00,710,705,715,715,0
2022-08-23 14:33:00,710,705,715,715,0
2022-08-23 14:34:00,710,705,715,715,0
2022-08-23 14:35:00,710,705,715,715,0
2022-08-23 14:36:00,710,705,715,715,0
2022-08-23 14:37:00,715,715,715,715,1000
2022-08-23 14:38:00,715,715,715,715,0
2022-08-23 14:39:00,715,715,715,715,0
2022-08-23 14:40:00,715,715,715,715,0
2022-08-23 14:41:00,715,715,715,715,0
2022-08-23 14:42:00,715,715,715,715,0
2022-08-23 14:43:00,715,715,715,715,0
2022-08-23 14:44:00,715,715,715,715,0
2022-08-23 14:45:00,715,715,715,715,0
2022-08-23 14:46:00,715,715,715,715,0
2022-08-23 14:47:00,715,715,715,715,0
2022-08-23 14:48:00,715,715,715,715,0
2022-08-23 14:49:00,715,715,715,715,0
2022-08-23 14:50:00,715,715,715,715,0
2022-08-23 14:51:00,715,715,715,715,0
2022-08-23 14:52:00,715,715,715,715,0
2022-08-23 14:53:00,715,715,715,715,0
2022-08-23 14:54:00,715,715,715,715,0
2022-08-23 14:55:00,715,715,715,715,0
2022-08-23 14:56:00,715,715,715,715,0
2022-08-23 14:57:00,715,715,715,715,0
2022-08-23 14:58:00,715,715,715,715,0
2022-08-23 14:59:00,715,715,715,715,0
2022-08-23 15:00:00,720,720,720,720,25000
2022-08-23 15:01:00,720,720,720,720,0
2022-08-23 15:02:00,720,720,720,720,0
2022-08-23 15:03:00,720,720,720,720,0
2022-08-23 15:04:00,720,720,720,720,0
2022-08-23 15:05:00,720,720,720,720,0
2022-08-23 15:06:00,720,720,720,720,0
2022-08-23 15:07:00,720,720,720,720,0
2022-08-23 15:08:00,720,720,720,720,0
2022-08-23 15:09:00,720,720,720,720,0
2022-08-23 15:10:00,720,720,720,720,401800
2022-08-23 15:11:00,720,720,720,720,0
2022-08-23 15:12:00,720,720,720,720,0
2022-08-23 15:13:00,720,720,720,720,0
2022-08-23 15:14:00,720,720,720,720,0
2022-08-23 15:15:00,720,720,720,720,0
2022-08-23 15:16:00,720,720,720,720,0
2022-08-23 15:17:00,720,720,720,720,0
2022-08-23 15:18:00,720,720,720,720,0
2022-08-23 15:19:00,720,720,720,720,0
2022-08-23 15:20:00,720,720,720,720,0
2022-08-23 15:21:00,720,720,720,720,0
2022-08-23 15:22:00,720,720,720,720,0
2022-08-23 15:23:00,720,720,720,720,0
2022-08-23 15:24:00,720,720,720,720,0
2022-08-23 15:25:00,720,720,720,720,0
2022-08-23 15:26:00,720,720,720,720,0
2022-08-23 15:27:00,720,720,720,720,0
2022-08-23 15:28:00,720,720,720,720,0
2022-08-23 15:29:00,720,720,720,720,0
2022-08-23 15:30:00,720,720,720,720,0
2022-08-23 15:31:00,720,720,720,720,0
2022-08-23 15:32:00,720,720,720,720,0
2022-08-23 15:33:00,720,720,720,720,0
2022-08-23 15:34:00,720,720,720,720,0
2022-08-23 15:35:00,720,720,720,720,0
2022-08-23 15:36:00,720,720,720,720,0
2022-08-23 15:37:00,720,720,720,720,0
2022-08-23 15:38:00,720,720,720,720,0
2022-08-23 15:39:00,720,720,720,720,0
2022-08-23 15:40:00,720,720,720,720,0
2022-08-23 15:41:00,720,720,720,720,0
2022-08-23 15:42:00,720,720,720,720,0
2022-08-23 15:43:00,720,720,720,720,0
2022-08-23 15:44:00,720,720,720,720,0
2022-08-23 15:45:00,720,720,720,720,0
2022-08-23 15:46:00,720,720,720,720,0
2022-08-23 15:47:00,720,720,720,720,0
2022-08-23 15:48:00,720,720,720,720,0
2022-08-23 15:49:00,720,720,720,720,0
2022-08-23 15:50:00,720,720,720,720,0
2022-08-23 15:51:00,720,720,720,720,0
2022-08-23 15:52:00,720,720,720,720,0
2022-08-23 15:53:00,720,720,720,720,0
2022-08-23 15:54:00,720,720,720,720,0
2022-08-23 15:55:00,720,720,720,720,0
2022-08-23 15:56:00,720,720,720,720,0
2022-08-23 15:57:00,720,720,720,720,0
2022-08-23 15:58:00,720,720,720,720,0
2022-08-23 15:59:00,720,720,720,720,0
2022-08-24 09:00:00,715,710,720,715,0
2022-08-24 09:01:00,715,710,720,715,0
2022-08-24 09:02:00,715,715,715,715,17900
2022-08-24 09:03:00,710,710,710,710,0
2022-08-24 09:04:00,710,710,710,710,15600
2022-08-24 09:05:00,710,710,710,710,0
2022-08-24 09:06:00,710,710,715,715,5300
2022-08-24 09:07:00,710,710,715,715,0
2022-08-24 09:08:00,710,710,715,715,0
2022-08-24 09:09:00,715,715,715,715,200
2022-08-24 09:10:00,715,715,715,715,0
2022-08-24 09:11:00,715,715,715,715,0
2022-08-24 09:12:00,715,715,715,715,0
2022-08-24 09:13:00,715,715,715,715,0
2022-08-24 09:14:00,715,715,715,715,0
2022-08-24 09:15:00,715,715,715,715,0
2022-08-24 09:16:00,715,715,715,715,0
2022-08-24 09:17:00,715,715,715,715,0
2022-08-24 09:18:00,715,715,715,715,100
2022-08-24 09:19:00,710,710,710,710,300
2022-08-24 09:20:00,710,710,710,710,10800
2022-08-24 09:21:00,710,710,710,710,0
2022-08-24 09:22:00,705,700,705,700,426500
2022-08-24 09:23:00,705,700,705,700,0
2022-08-24 09:24:00,705,700,705,700,0
2022-08-24 09:25:00,705,705,705,705,0
2022-08-24 09:26:00,705,705,705,705,0
2022-08-24 09:27:00,705,705,705,705,100
2022-08-24 09:28:00,705,705,705,705,0
2022-08-24 09:29:00,705,705,705,705,2900
2022-08-24 09:30:00,705,705,705,705,0
2022-08-24 09:31:00,705,705,705,705,0
2022-08-24 09:32:00,705,705,705,705,0
2022-08-24 09:33:00,705,705,705,705,0
2022-08-24 09:34:00,705,705,705,705,0
2022-08-24 09:35:00,700,700,700,700,500
2022-08-24 09:36:00,700,700,700,700,11800
2022-08-24 09:37:00,700,700,700,700,0
2022-08-24 09:38:00,700,700,700,700,0
2022-08-24 09:39:00,700,700,700,700,0
2022-08-24 09:40:00,700,700,700,700,0
2022-08-24 09:41:00,705,705,705,705,14900
2022-08-24 09:42:00,705,705,705,705,700
2022-08-24 09:43:00,705,705,705,705,0
2022-08-24 09:44:00,705,705,705,705,0
2022-08-24 09:45:00,705,705,705,705,0
2022-08-24 09:46:00,705,705,705,705,0
2022-08-24 09:47:00,705,705,705,705,0
2022-08-24 09:48:00,705,705,705,705,0
2022-08-24 09:49:00,705,705,705,705,500
2022-08-24 09:50:00,705,705,705,705,100
2022-08-24 09:51:00,705,705,705,705,4100
2022-08-24 09:52:00,705,705,705,705,0
2022-08-24 09:53:00,705,705,705,705,0
2022-08-24 09:54:00,705,705,705,705,0
2022-08-24 09:55:00,705,705,705,705,0
2022-08-24 09:56:00,705,705,705,705,0
2022-08-24 09:57:00,705,705,705,705,0
2022-08-24 09:58:00,705,705,705,705,0
2022-08-24 09:59:00,705,705,705,705,0
2022-08-24 10:00:00,710,710,710,710,0
2022-08-24 10:01:00,705,705,705,705,4900
2022-08-24 10:02:00,705,705,715,715,36800
2022-08-24 10:03:00,715,715,720,720,4800
2022-08-24 10:04:00,715,715,715,715,5200
2022-08-24 10:05:00,715,715,715,715,3200
2022-08-24 10:06:00,715,715,715,715,0
2022-08-24 10:07:00,715,715,715,715,0
2022-08-24 10:08:00,715,715,715,715,0
2022-08-24 10:09:00,715,715,715,715,0
2022-08-24 10:10:00,715,715,715,715,0
2022-08-24 10:11:00,715,715,715,715,200
2022-08-24 10:12:00,715,715,715,715,0
2022-08-24 10:13:00,715,715,715,715,0
2022-08-24 10:14:00,715,715,715,715,0
2022-08-24 10:15:00,705,700,705,700,7700
2022-08-24 10:16:00,705,700,705,700,0
2022-08-24 10:17:00,705,700,705,700,0
2022-08-24 10:18:00,705,700,705,700,0
2022-08-24 10:19:00,705,700,705,700,0
2022-08-24 10:20:00,705,700,705,700,0
2022-08-24 10:21:00,705,700,705,700,0
2022-08-24 10:22:00,705,700,705,700,0
2022-08-24 10:23:00,705,700,705,700,0
2022-08-24 10:24:00,705,705,705,705,500
2022-08-24 10:25:00,705,705,705,705,0
2022-08-24 10:26:00,705,705,705,705,800
2022-08-24 10:27:00,705,705,705,705,0
2022-08-24 10:28:00,705,705,705,705,0
2022-08-24 10:29:00,705,705,705,705,0
2022-08-24 10:30:00,705,705,705,705,0
2022-08-24 10:31:00,705,705,705,705,0
2022-08-24 10:32:00,705,705,705,705,0
2022-08-24 10:33:00,705,705,705,705,0
2022-08-24 10:34:00,705,705,705,705,400
2022-08-24 10:35:00,705,705,705,705,0
2022-08-24 10:36:00,705,705,705,705,0
2022-08-24 10:37:00,705,705,705,705,0
2022-08-24 10:38:00,705,705,705,705,0
2022-08-24 10:39:00,705,705,705,705,0
2022-08-24 10:40:00,705,705,705,705,0
2022-08-24 10:41:00,705,705,705,705,0
2022-08-24 10:42:00,705,705,705,705,0
2022-08-24 10:43:00,705,705,705,705,0
2022-08-24 10:44:00,705,705,705,705,0
2022-08-24 10:45:00,705,705,705,705,0
2022-08-24 10:46:00,705,705,705,705,0
2022-08-24 10:47:00,705,705,705,705,0
2022-08-24 10:48:00,705,705,705,705,0
2022-08-24 10:49:00,705,705,705,705,0
2022-08-24 10:50:00,705,705,705,705,0
2022-08-24 10:51:00,705,705,705,705,0
2022-08-24 10:52:00,705,705,705,705,0
2022-08-24 10:53:00,705,705,705,705,0
2022-08-24 10:54:00,705,705,705,705,0
2022-08-24 10:55:00,705,705,705,705,0
2022-08-24 10:56:00,710,710,710,710,1800
2022-08-24 10:57:00,710,710,710,710,200
2022-08-24 10:58:00,710,710,710,710,0
2022-08-24 10:59:00,710,710,710,710,0
2022-08-24 11:00:00,710,710,710,710,0
2022-08-24 11:01:00,710,710,710,710,0
2022-08-24 11:02:00,710,710,710,710,0
2022-08-24 11:03:00,710,710,710,710,0
2022-08-24 11:04:00,710,710,710,710,300
2022-08-24 11:05:00,710,710,710,710,100
2022-08-24 11:06:00,710,710,710,710,0
2022-08-24 11:07:00,710,710,710,710,0
2022-08-24 11:08:00,710,710,710,710,0
2022-08-24 11:09:00,710,710,710,710,0
2022-08-24 11:10:00,710,710,710,710,0
2022-08-24 11:11:00,710,710,710,710,0
2022-08-24 11:12:00,710,710,710,710,0
2022-08-24 11:13:00,710,710,710,710,0
2022-08-24 11:14:00,710,710,710,710,0
2022-08-24 11:15:00,710,710,710,710,0
2022-08-24 11:16:00,710,710,710,710,0
2022-08-24 11:17:00,710,710,710,710,0
2022-08-24 11:18:00,710,710,710,710,0
2022-08-24 11:19:00,710,710,710,710,300
2022-08-24 11:20:00,710,710,710,710,0
2022-08-24 11:21:00,710,710,710,710,0
2022-08-24 11:22:00,710,710,710,710,100
2022-08-24 11:23:00,710,710,710,710,0
2022-08-24 11:24:00,710,710,710,710,0
2022-08-24 11:25:00,710,710,710,710,0
2022-08-24 11:26:00,710,710,710,710,0
2022-08-24 11:27:00,710,710,710,710,0
2022-08-24 11:28:00,710,710,710,710,0
2022-08-24 11:29:00,710,710,710,710,0
2022-08-24 11:30:00,710,710,710,710,0
2022-08-24 11:31:00,710,710,710,710,0
2022-08-24 11:32:00,710,710,710,710,0
2022-08-24 11:33:00,710,710,710,710,0
2022-08-24 11:34:00,710,710,710,710,0
2022-08-24 11:35:00,710,710,710,710,0
2022-08-24 11:36:00,710,710,710,710,0
2022-08-24 11:37:00,710,710,710,710,0
2022-08-24 11:38:00,710,710,710,710,0
2022-08-24 11:39:00,710,710,710,710,0
2022-08-24 11:40:00,710,710,710,710,0
2022-08-24 11:41:00,710,710,710,710,0
2022-08-24 11:42:00,710,710,710,710,0
2022-08-24 11:43:00,710,710,710,710,0
2022-08-24 11:44:00,710,710,710,710,0
2022-08-24 11:45:00,710,710,710,710,0
2022-08-24 11:46:00,710,710,710,710,0
2022-08-24 11:47:00,710,710,710,710,0
2022-08-24 11:48:00,710,710,710,710,0
2022-08-24 11:49:00,710,710,710,710,0
2022-08-24 11:50:00,710,710,710,710,0
2022-08-24 11:51:00,710,710,710,710,0
2022-08-24 11:52:00,710,710,710,710,0
2022-08-24 11:53:00,710,710,710,710,0
2022-08-24 11:54:00,710,710,710,710,0
2022-08-24 11:55:00,710,710,710,710,0
2022-08-24 11:56:00,710,710,710,710,0
2022-08-24 11:57:00,710,710,710,710,0
2022-08-24 11:58:00,710,710,710,710,0
2022-08-24 11:59:00,710,710,710,710,0
2022-08-24 12:00:00,710,710,710,710,0
2022-08-24 12:01:00,710,710,710,710,0
2022-08-24 12:02:00,710,710,710,710,0
2022-08-24 12:03:00,710,710,710,710,0
2022-08-24 12:04:00,710,710,710,710,0
2022-08-24 12:05:00,710,710,710,710,0
2022-08-24 12:06:00,710,710,710,710,0
2022-08-24 12:07:00,710,710,710,710,0
2022-08-24 12:08:00,710,710,710,710,0
2022-08-24 12:09:00,710,710,710,710,0
2022-08-24 12:10:00,710,710,710,710,0
2022-08-24 12:11:00,710,710,710,710,0
2022-08-24 12:12:00,710,710,710,710,0
2022-08-24 12:13:00,710,710,710,710,0
2022-08-24 12:14:00,710,710,710,710,0
2022-08-24 12:15:00,710,710,710,710,0
2022-08-24 12:16:00,710,710,710,710,0
2022-08-24 12:17:00,710,710,710,710,0
2022-08-24 12:18:00,710,710,710,710,0
2022-08-24 12:19:00,710,710,710,710,0
2022-08-24 12:20:00,710,710,710,710,0
2022-08-24 12:21:00,710,710,710,710,0
2022-08-24 12:22:00,710,710,710,710,0
2022-08-24 12:23:00,710,710,710,710,0
2022-08-24 12:24:00,710,710,710,710,0
2022-08-24 12:25:00,710,710,710,710,0
2022-08-24 12:26:00,710,710,710,710,0
2022-08-24 12:27:00,710,710,710,710,0
2022-08-24 12:28:00,710,710,710,710,0
2022-08-24 12:29:00,710,710,710,710,0
2022-08-24 12:30:00,710,710,710,710,0
2022-08-24 12:31:00,710,710,710,710,0
2022-08-24 12:32:00,710,710,710,710,0
2022-08-24 12:33:00,710,710,710,710,0
2022-08-24 12:34:00,710,710,710,710,0
2022-08-24 12:35:00,710,710,710,710,0
2022-08-24 12:36:00,710,710,710,710,0
2022-08-24 12:37:00,710,710,710,710,0
2022-08-24 12:38:00,710,710,710,710,0
2022-08-24 12:39:00,710,710,710,710,0
2022-08-24 12:40:00,710,710,710,710,0
2022-08-24 12:41:00,710,710,710,710,0
2022-08-24 12:42:00,710,710,710,710,0
2022-08-24 12:43:00,710,710,710,710,0
2022-08-24 12:44:00,710,710,710,710,0
2022-08-24 12:45:00,710,710,710,710,0
2022-08-24 12:46:00,710,710,710,710,0
2022-08-24 12:47:00,710,710,710,710,0
2022-08-24 12:48:00,710,710,710,710,0
2022-08-24 12:49:00,710,710,710,710,0
2022-08-24 12:50:00,710,710,710,710,0
2022-08-24 12:51:00,710,710,710,710,0
2022-08-24 12:52:00,710,710,710,710,0
2022-08-24 12:53:00,710,710,710,710,0
2022-08-24 12:54:00,710,710,710,710,0
2022-08-24 12:55:00,710,710,710,710,0
2022-08-24 12:56:00,710,710,710,710,0
2022-08-24 12:57:00,710,710,710,710,0
2022-08-24 12:58:00,710,710,710,710,0
2022-08-24 12:59:00,710,710,710,710,0
2022-08-24 13:00:00,710,710,710,710,0
2022-08-24 13:01:00,710,710,710,710,0
2022-08-24 13:02:00,710,710,710,710,0
2022-08-24 13:03:00,710,710,710,710,0
2022-08-24 13:04:00,710,710,710,710,0
2022-08-24 13:05:00,710,710,710,710,0
2022-08-24 13:06:00,710,710,710,710,0
2022-08-24 13:07:00,710,710,710,710,0
2022-08-24 13:08:00,710,710,710,710,0
2022-08-24 13:09:00,710,710,710,710,0
2022-08-24 13:10:00,710,710,710,710,0
2022-08-24 13:11:00,710,710,710,710,0
2022-08-24 13:12:00,710,710,710,710,0
2022-08-24 13:13:00,710,710,710,710,0
2022-08-24 13:14:00,710,710,710,710,0
2022-08-24 13:15:00,710,710,710,710,0
2022-08-24 13:16:00,710,710,710,710,0
2022-08-24 13:17:00,710,710,710,710,0
2022-08-24 13:18:00,710,710,710,710,0
2022-08-24 13:19:00,710,710,710,710,0
2022-08-24 13:20:00,710,710,710,710,0
2022-08-24 13:21:00,710,710,710,710,0
2022-08-24 13:22:00,710,710,710,710,0
2022-08-24 13:23:00,710,710,710,710,0
2022-08-24 13:24:00,710,710,710,710,0
2022-08-24 13:25:00,710,710,710,710,0
2022-08-24 13:26:00,710,710,710,710,0
2022-08-24 13:27:00,710,710,710,710,0
2022-08-24 13:28:00,710,710,710,710,0
2022-08-24 13:29:00,710,710,710,710,0
2022-08-24 13:30:00,710,710,710,710,100
2022-08-24 13:31:00,710,710,710,710,0
2022-08-24 13:32:00,710,710,710,710,0
2022-08-24 13:33:00,710,710,710,710,0
2022-08-24 13:34:00,710,710,710,710,0
2022-08-24 13:35:00,710,710,710,710,0
2022-08-24 13:36:00,710,710,710,710,0
2022-08-24 13:37:00,710,710,710,710,0
2022-08-24 13:38:00,710,710,710,710,0
2022-08-24 13:39:00,710,710,710,710,0
2022-08-24 13:40:00,710,710,710,710,0
2022-08-24 13:41:00,710,710,710,710,0
2022-08-24 13:42:00,710,710,710,710,0
2022-08-24 13:43:00,710,710,710,710,0
2022-08-24 13:44:00,710,710,710,710,0
2022-08-24 13:45:00,710,710,710,710,0
2022-08-24 13:46:00,710,710,710,710,0
2022-08-24 13:47:00,710,710,710,710,0
2022-08-24 13:48:00,710,710,710,710,400
2022-08-24 13:49:00,710,710,710,710,100
2022-08-24 13:50:00,710,710,710,710,0
2022-08-24 13:51:00,710,710,710,710,0
2022-08-24 13:52:00,710,710,710,710,0
2022-08-24 13:53:00,710,710,710,710,0
2022-08-24 13:54:00,710,710,710,710,0
2022-08-24 13:55:00,710,710,710,710,0
2022-08-24 13:56:00,710,710,710,710,0
2022-08-24 13:57:00,710,710,710,710,0
2022-08-24 13:58:00,710,710,710,710,0
2022-08-24 13:59:00,710,710,710,710,0
2022-08-24 14:00:00,710,710,710,710,0
2022-08-24 14:01:00,710,710,710,710,0
2022-08-24 14:02:00,710,710,710,710,0
2022-08-24 14:03:00,710,710,710,710,0
2022-08-24 14:04:00,710,710,710,710,500
2022-08-24 14:05:00,710,710,710,710,800
2022-08-24 14:06:00,710,710,710,710,0
2022-08-24 14:07:00,710,710,710,710,0
2022-08-24 14:08:00,710,710,710,710,0
2022-08-24 14:09:00,710,710,710,710,0
2022-08-24 14:10:00,710,710,710,710,0
2022-08-24 14:11:00,710,710,710,710,0
2022-08-24 14:12:00,710,710,710,710,0
2022-08-24 14:13:00,710,710,710,710,0
2022-08-24 14:14:00,710,710,710,710,0
2022-08-24 14:15:00,710,710,710,710,0
2022-08-24 14:16:00,710,710,710,710,0
2022-08-24 14:17:00,715,715,715,715,0
2022-08-24 14:18:00,715,715,715,715,0
2022-08-24 14:19:00,715,715,715,715,0
2022-08-24 14:20:00,715,715,715,715,0
2022-08-24 14:21:00,715,715,715,715,0
2022-08-24 14:22:00,715,715,715,715,0
2022-08-24 14:23:00,710,710,710,710,600
2022-08-24 14:24:00,710,710,710,710,0
2022-08-24 14:25:00,710,710,710,710,0
2022-08-24 14:26:00,710,710,710,710,0
2022-08-24 14:27:00,710,710,710,710,0
2022-08-24 14:28:00,710,710,710,710,0
2022-08-24 14:29:00,710,710,710,710,0
2022-08-24 14:30:00,710,710,710,710,0
2022-08-24 14:31:00,710,710,710,710,300
2022-08-24 14:32:00,710,710,710,710,100
2022-08-24 14:33:00,710,710,710,710,500
2022-08-24 14:34:00,710,710,710,710,2400
2022-08-24 14:35:00,710,710,710,710,0
2022-08-24 14:36:00,710,710,710,710,0
2022-08-24 14:37:00,715,715,715,715,18600
2022-08-24 14:38:00,715,715,715,715,0
2022-08-24 14:39:00,720,720,720,720,200
2022-08-24 14:40:00,720,720,720,720,0
2022-08-24 14:41:00,715,715,715,715,0
2022-08-24 14:42:00,715,715,715,715,700
2022-08-24 14:43:00,715,710,715,710,15600
2022-08-24 14:44:00,715,710,715,710,0
2022-08-24 14:45:00,715,715,715,715,0
2022-08-24 14:46:00,715,715,715,715,0
2022-08-24 14:47:00,715,715,715,715,0
2022-08-24 14:48:00,715,715,715,715,0
2022-08-24 14:49:00,715,715,715,715,0
2022-08-24 14:50:00,715,715,715,715,0
2022-08-24 14:51:00,715,715,715,715,0
2022-08-24 14:52:00,715,715,715,715,0
2022-08-24 14:53:00,715,715,715,715,0
2022-08-24 14:54:00,715,715,715,715,0
2022-08-24 14:55:00,715,715,715,715,0
2022-08-24 14:56:00,715,715,715,715,0
2022-08-24 14:57:00,715,715,715,715,0
2022-08-24 14:58:00,715,715,715,715,0
2022-08-24 14:59:00,715,715,715,715,0
2022-08-24 15:00:00,710,710,710,710,0
2022-08-24 15:01:00,710,710,710,710,0
2022-08-24 15:02:00,710,710,710,710,0
2022-08-24 15:03:00,710,710,710,710,0
2022-08-24 15:04:00,710,710,710,710,0
2022-08-24 15:05:00,710,710,710,710,0
2022-08-24 15:06:00,710,710,710,710,0
2022-08-24 15:07:00,710,710,710,710,0
2022-08-24 15:08:00,710,710,710,710,0
2022-08-24 15:09:00,710,710,710,710,0
2022-08-24 15:10:00,710,710,710,710,0
2022-08-24 15:11:00,710,710,710,710,0
2022-08-24 15:12:00,710,710,710,710,0
2022-08-24 15:13:00,710,710,710,710,0
2022-08-24 15:14:00,710,710,710,710,0
2022-08-24 15:15:00,710,710,710,710,0
2022-08-24 15:16:00,710,710,710,710,0
2022-08-24 15:17:00,710,710,710,710,0
2022-08-24 15:18:00,710,710,710,710,0
2022-08-24 15:19:00,710,710,710,710,0
2022-08-24 15:20:00,710,710,710,710,0
2022-08-24 15:21:00,710,710,710,710,0
2022-08-24 15:22:00,710,710,710,710,0
2022-08-24 15:23:00,710,710,710,710,0
2022-08-24 15:24:00,710,710,710,710,0
2022-08-24 15:25:00,710,710,710,710,0
2022-08-24 15:26:00,710,710,710,710,0
2022-08-24 15:27:00,710,710,710,710,0
2022-08-24 15:28:00,710,710,710,710,0
2022-08-24 15:29:00,710,710,710,710,0
2022-08-24 15:30:00,710,710,710,710,0
2022-08-24 15:31:00,710,710,710,710,0
2022-08-24 15:32:00,710,710,710,710,0
2022-08-24 15:33:00,710,710,710,710,0
2022-08-24 15:34:00,710,710,710,710,0
2022-08-24 15:35:00,710,710,710,710,0
2022-08-24 15:36:00,710,710,710,710,0
2022-08-24 15:37:00,710,710,710,710,0
2022-08-24 15:38:00,710,710,710,710,0
2022-08-24 15:39:00,710,710,710,710,0
2022-08-24 15:40:00,710,710,710,710,0
2022-08-24 15:41:00,710,710,710,710,0
2022-08-24 15:42:00,710,710,710,710,0
2022-08-24 15:43:00,710,710,710,710,0
2022-08-24 15:44:00,710,710,710,710,0
2022-08-24 15:45:00,710,710,710,710,0
2022-08-24 15:46:00,710,710,710,710,0
2022-08-24 15:47:00,710,710,710,710,0
2022-08-24 15:48:00,710,710,710,710,0
2022-08-24 15:49:00,710,710,710,710,0
2022-08-24 15:50:00,710,710,710,710,0
2022-08-24 15:51:00,710,710,710,710,0
2022-08-24 15:52:00,710,710,710,710,0
2022-08-24 15:53:00,710,710,710,710,0
2022-08-24 15:54:00,710,710,710,710,0
2022-08-24 15:55:00,710,710,710,710,0
2022-08-24 15:56:00,710,710,710,710,0
2022-08-24 15:57:00,710,710,710,710,0
2022-08-24 15:58:00,710,710,710,710,0
2022-08-24 15:59:00,710,710,710,710,0
2022-08-25 09:00:00,710,710,710,710,0
2022-08-25 09:01:00,710,710,710,710,0
2022-08-25 09:02:00,710,710,710,710,0
2022-08-25 09:03:00,710,710,710,710,0
2022-08-25 09:04:00,710,710,710,710,0
2022-08-25 09:05:00,710,710,710,710,21000
2022-08-25 09:06:00,710,710,710,710,10200
2022-08-25 09:07:00,710,710,710,710,0
2022-08-25 09:08:00,710,710,710,710,0
2022-08-25 09:09:00,710,710,710,710,10000
2022-08-25 09:10:00,710,710,710,710,0
2022-08-25 09:11:00,710,710,710,710,10000
2022-08-25 09:12:00,710,710,710,710,0
2022-08-25 09:13:00,710,710,710,710,0
2022-08-25 09:14:00,710,710,710,710,0
2022-08-25 09:15:00,710,710,710,710,0
2022-08-25 09:16:00,710,710,710,710,0
2022-08-25 09:17:00,710,710,710,710,0
2022-08-25 09:18:00,715,715,715,715,100
2022-08-25 09:19:00,715,715,715,715,0
2022-08-25 09:20:00,710,710,710,710,700
2022-08-25 09:21:00,710,710,710,710,0
2022-08-25 09:22:00,710,710,710,710,0
2022-08-25 09:23:00,710,710,710,710,0
2022-08-25 09:24:00,710,710,710,710,0
2022-08-25 09:25:00,710,710,710,710,0
2022-08-25 09:26:00,710,710,710,710,0
2022-08-25 09:27:00,710,710,710,710,0
2022-08-25 09:28:00,710,710,710,710,0
2022-08-25 09:29:00,710,710,710,710,300
2022-08-25 09:30:00,710,710,710,710,53600
2022-08-25 09:31:00,710,710,710,710,0
2022-08-25 09:32:00,710,710,710,710,900
2022-08-25 09:33:00,710,710,710,710,0
2022-08-25 09:34:00,710,710,710,710,2000
2022-08-25 09:35:00,710,710,710,710,0
2022-08-25 09:36:00,710,710,710,710,0
2022-08-25 09:37:00,710,710,710,710,0
2022-08-25 09:38:00,710,710,710,710,0
2022-08-25 09:39:00,710,710,710,710,0
2022-08-25 09:40:00,710,710,710,710,0
2022-08-25 09:41:00,710,710,710,710,0
2022-08-25 09:42:00,710,710,710,710,0
2022-08-25 09:43:00,710,710,710,710,0
2022-08-25 09:44:00,710,710,710,710,0
2022-08-25 09:45:00,710,710,710,710,0
2022-08-25 09:46:00,710,710,715,715,700
2022-08-25 09:47:00,710,710,715,715,0
2022-08-25 09:48:00,710,710,715,715,0
2022-08-25 09:49:00,710,710,715,715,0
2022-08-25 09:50:00,710,710,715,715,0
2022-08-25 09:51:00,710,710,715,715,0
2022-08-25 09:52:00,715,715,715,715,200
2022-08-25 09:53:00,715,715,715,715,0
2022-08-25 09:54:00,715,715,715,715,500
2022-08-25 09:55:00,715,715,715,715,0
2022-08-25 09:56:00,710,710,710,710,0
2022-08-25 09:57:00,710,710,710,710,0
2022-08-25 09:58:00,710,710,710,710,700
2022-08-25 09:59:00,710,710,710,710,0
2022-08-25 10:00:00,710,710,710,710,0
2022-08-25 10:01:00,710,710,710,710,0
2022-08-25 10:02:00,710,710,710,710,0
2022-08-25 10:03:00,710,710,710,710,300
2022-08-25 10:04:00,710,710,710,710,1900
2022-08-25 10:05:00,710,710,710,710,0
2022-08-25 10:06:00,710,710,710,710,0
2022-08-25 10:07:00,705,705,705,705,7000
2022-08-25 10:08:00,705,705,705,705,8300
2022-08-25 10:09:00,705,705,705,705,0
2022-08-25 10:10:00,705,705,705,705,0
2022-08-25 10:11:00,705,705,705,705,0
2022-08-25 10:12:00,710,710,715,715,0
2022-08-25 10:13:00,710,710,715,715,0
2022-08-25 10:14:00,710,710,715,715,0
2022-08-25 10:15:00,710,710,715,715,0
2022-08-25 10:16:00,710,710,715,715,0
2022-08-25 10:17:00,710,710,715,715,0
2022-08-25 10:18:00,710,710,715,715,0
2022-08-25 10:19:00,710,710,715,715,0
2022-08-25 10:20:00,710,710,715,715,0
2022-08-25 10:21:00,710,710,715,715,0
2022-08-25 10:22:00,710,710,715,715,0
2022-08-25 10:23:00,705,705,705,705,1200
2022-08-25 10:24:00,705,705,705,705,0
2022-08-25 10:25:00,705,705,705,705,0
2022-08-25 10:26:00,705,705,705,705,0
2022-08-25 10:27:00,705,705,705,705,0
2022-08-25 10:28:00,705,705,705,705,0
2022-08-25 10:29:00,705,705,705,705,0
2022-08-25 10:30:00,705,705,705,705,3400
2022-08-25 10:31:00,705,705,705,705,0
2022-08-25 10:32:00,705,705,705,705,300
2022-08-25 10:33:00,705,705,705,705,0
2022-08-25 10:34:00,705,705,705,705,900
2022-08-25 10:35:00,705,705,705,705,16100
2022-08-25 10:36:00,705,705,705,705,0
2022-08-25 10:37:00,705,705,705,705,0
2022-08-25 10:38:00,705,705,705,705,0
2022-08-25 10:39:00,705,705,705,705,1400
2022-08-25 10:40:00,705,705,705,705,0
2022-08-25 10:41:00,705,705,705,705,0
2022-08-25 10:42:00,705,705,705,705,0
2022-08-25 10:43:00,705,705,705,705,0
2022-08-25 10:44:00,705,705,705,705,0
2022-08-25 10:45:00,705,705,705,705,0
2022-08-25 10:46:00,705,705,705,705,0
2022-08-25 10:47:00,705,705,705,705,0
2022-08-25 10:48:00,705,705,705,705,0
2022-08-25 10:49:00,700,700,700,700,162500
2022-08-25 10:50:00,705,700,705,700,0
2022-08-25 10:51:00,705,705,705,705,200
2022-08-25 10:52:00,705,705,705,705,0
2022-08-25 10:53:00,705,705,705,705,0
2022-08-25 10:54:00,705,705,705,705,0
2022-08-25 10:55:00,705,705,705,705,0
2022-08-25 10:56:00,705,705,705,705,0
2022-08-25 10:57:00,700,700,700,700,200
2022-08-25 10:58:00,700,700,700,700,100
2022-08-25 10:59:00,700,700,700,700,1000
2022-08-25 11:00:00,700,700,700,700,0
2022-08-25 11:01:00,700,700,700,700,5000
2022-08-25 11:02:00,700,700,700,700,0
2022-08-25 11:03:00,700,700,700,700,0
2022-08-25 11:04:00,700,700,700,700,0
2022-08-25 11:05:00,700,700,700,700,800
2022-08-25 11:06:00,700,700,700,700,0
2022-08-25 11:07:00,700,700,705,705,1000
2022-08-25 11:08:00,700,700,705,705,0
2022-08-25 11:09:00,700,700,705,705,0
2022-08-25 11:10:00,700,700,705,705,0
2022-08-25 11:11:00,700,700,705,705,0
2022-08-25 11:12:00,700,700,705,705,0
2022-08-25 11:13:00,700,700,705,705,0
2022-08-25 11:14:00,700,700,705,705,0
2022-08-25 11:15:00,705,705,705,705,0
2022-08-25 11:16:00,705,705,705,705,0
2022-08-25 11:17:00,705,705,705,705,0
2022-08-25 11:18:00,705,705,705,705,0
2022-08-25 11:19:00,705,705,705,705,0
2022-08-25 11:20:00,700,700,700,700,900
2022-08-25 11:21:00,700,700,700,700,0
2022-08-25 11:22:00,700,700,700,700,0
2022-08-25 11:23:00,700,700,700,700,0
2022-08-25 11:24:00,700,700,700,700,0
2022-08-25 11:25:00,700,700,700,700,0
2022-08-25 11:26:00,700,700,700,700,0
2022-08-25 11:27:00,705,705,705,705,3300
2022-08-25 11:28:00,705,705,705,705,3100
2022-08-25 11:29:00,705,705,705,705,254500
2022-08-25 11:30:00,705,705,705,705,0
2022-08-25 11:31:00,705,705,705,705,0
2022-08-25 11:32:00,705,705,705,705,0
2022-08-25 11:33:00,705,705,705,705,0
2022-08-25 11:34:00,705,705,705,705,0
2022-08-25 11:35:00,705,705,705,705,0
2022-08-25 11:36:00,705,705,705,705,0
2022-08-25 11:37:00,705,705,705,705,0
2022-08-25 11:38:00,705,705,705,705,0
2022-08-25 11:39:00,705,705,705,705,0
2022-08-25 11:40:00,705,705,705,705,0
2022-08-25 11:41:00,705,705,705,705,0
2022-08-25 11:42:00,705,705,705,705,0
2022-08-25 11:43:00,705,705,705,705,0
2022-08-25 11:44:00,705,705,705,705,0
2022-08-25 11:45:00,705,705,705,705,0
2022-08-25 11:46:00,705,705,705,705,0
2022-08-25 11:47:00,705,705,705,705,0
2022-08-25 11:48:00,705,705,705,705,0
2022-08-25 11:49:00,705,705,705,705,0
2022-08-25 11:50:00,705,705,705,705,0
2022-08-25 11:51:00,705,705,705,705,0
2022-08-25 11:52:00,705,705,705,705,0
2022-08-25 11:53:00,705,705,705,705,0
2022-08-25 11:54:00,705,705,705,705,0
2022-08-25 11:55:00,705,705,705,705,0
2022-08-25 11:56:00,705,705,705,705,0
2022-08-25 11:57:00,705,705,705,705,0
2022-08-25 11:58:00,705,705,705,705,0
2022-08-25 11:59:00,705,705,705,705,0
2022-08-25 12:00:00,705,705,705,705,0
2022-08-25 12:01:00,705,705,705,705,0
2022-08-25 12:02:00,705,705,705,705,0
2022-08-25 12:03:00,705,705,705,705,0
2022-08-25 12:04:00,705,705,705,705,0
2022-08-25 12:05:00,705,705,705,705,0
2022-08-25 12:06:00,705,705,705,705,0
2022-08-25 12:07:00,705,705,705,705,0
2022-08-25 12:08:00,705,705,705,705,0
2022-08-25 12:09:00,705,705,705,705,0
2022-08-25 12:10:00,705,705,705,705,0
2022-08-25 12:11:00,705,705,705,705,0
2022-08-25 12:12:00,705,705,705,705,0
2022-08-25 12:13:00,705,705,705,705,0
2022-08-25 12:14:00,705,705,705,705,0
2022-08-25 12:15:00,705,705,705,705,0
2022-08-25 12:16:00,705,705,705,705,0
2022-08-25 12:17:00,705,705,705,705,0
2022-08-25 12:18:00,705,705,705,705,0
2022-08-25 12:19:00,705,705,705,705,0
2022-08-25 12:20:00,705,705,705,705,0
2022-08-25 12:21:00,705,705,705,705,0
2022-08-25 12:22:00,705,705,705,705,0
2022-08-25 12:23:00,705,705,705,705,0
2022-08-25 12:24:00,705,705,705,705,0
2022-08-25 12:25:00,705,705,705,705,0
2022-08-25 12:26:00,705,705,705,705,0
2022-08-25 12:27:00,705,705,705,705,0
2022-08-25 12:28:00,705,705,705,705,0
2022-08-25 12:29:00,705,705,705,705,0
2022-08-25 12:30:00,705,705,705,705,0
2022-08-25 12:31:00,705,705,705,705,0
2022-08-25 12:32:00,705,705,705,705,0
2022-08-25 12:33:00,705,705,705,705,0
2022-08-25 12:34:00,705,705,705,705,0
2022-08-25 12:35:00,705,705,705,705,0
2022-08-25 12:36:00,705,705,705,705,0
2022-08-25 12:37:00,705,705,705,705,0
2022-08-25 12:38:00,705,705,705,705,0
2022-08-25 12:39:00,705,705,705,705,0
2022-08-25 12:40:00,705,705,705,705,0
2022-08-25 12:41:00,705,705,705,705,0
2022-08-25 12:42:00,705,705,705,705,0
2022-08-25 12:43:00,705,705,705,705,0
2022-08-25 12:44:00,705,705,705,705,0
2022-08-25 12:45:00,705,705,705,705,0
2022-08-25 12:46:00,705,705,705,705,0
2022-08-25 12:47:00,705,705,705,705,0
2022-08-25 12:48:00,705,705,705,705,0
2022-08-25 12:49:00,705,705,705,705,0
2022-08-25 12:50:00,705,705,705,705,0
2022-08-25 12:51:00,705,705,705,705,0
2022-08-25 12:52:00,705,705,705,705,0
2022-08-25 12:53:00,705,705,705,705,0
2022-08-25 12:54:00,705,705,705,705,0
2022-08-25 12:55:00,705,705,705,705,0
2022-08-25 12:56:00,705,705,705,705,0
2022-08-25 12:57:00,705,705,705,705,0
2022-08-25 12:58:00,705,705,705,705,0
2022-08-25 12:59:00,705,705,705,705,0
2022-08-25 13:00:00,705,705,705,705,0
2022-08-25 13:01:00,705,705,705,705,0
2022-08-25 13:02:00,705,705,705,705,0
2022-08-25 13:03:00,705,705,705,705,0
2022-08-25 13:04:00,705,705,705,705,0
2022-08-25 13:05:00,705,705,705,705,0
2022-08-25 13:06:00,705,705,705,705,0
2022-08-25 13:07:00,705,705,705,705,0
2022-08-25 13:08:00,705,705,705,705,0
2022-08-25 13:09:00,705,705,705,705,0
2022-08-25 13:10:00,705,705,705,705,0
2022-08-25 13:11:00,705,705,705,705,0
2022-08-25 13:12:00,705,705,705,705,0
2022-08-25 13:13:00,705,705,705,705,0
2022-08-25 13:14:00,705,705,705,705,0
2022-08-25 13:15:00,705,705,705,705,0
2022-08-25 13:16:00,705,705,705,705,0
2022-08-25 13:17:00,705,705,705,705,0
2022-08-25 13:18:00,705,705,705,705,0
2022-08-25 13:19:00,705,705,705,705,0
2022-08-25 13:20:00,705,705,705,705,0
2022-08-25 13:21:00,705,705,705,705,0
2022-08-25 13:22:00,705,705,705,705,0
2022-08-25 13:23:00,705,705,705,705,0
2022-08-25 13:24:00,705,705,705,705,0
2022-08-25 13:25:00,705,705,705,705,0
2022-08-25 13:26:00,705,705,705,705,0
2022-08-25 13:27:00,705,705,705,705,0
2022-08-25 13:28:00,705,705,705,705,0
2022-08-25 13:29:00,705,705,705,705,0
2022-08-25 13:30:00,705,705,705,705,28900
2022-08-25 13:31:00,705,705,705,705,0
2022-08-25 13:32:00,705,705,705,705,3000
2022-08-25 13:33:00,705,705,705,705,6500
2022-08-25 13:34:00,705,705,710,710,14200
2022-08-25 13:35:00,710,710,710,710,1000
2022-08-25 13:36:00,710,710,710,710,0
2022-08-25 13:37:00,710,710,710,710,0
2022-08-25 13:38:00,710,710,710,710,0
2022-08-25 13:39:00,705,705,705,705,100
2022-08-25 13:40:00,705,705,705,705,0
2022-08-25 13:41:00,705,705,705,705,100
2022-08-25 13:42:00,705,705,705,705,0
2022-08-25 13:43:00,705,705,705,705,100
2022-08-25 13:44:00,705,705,705,705,0
2022-08-25 13:45:00,705,705,705,705,0
2022-08-25 13:46:00,705,705,705,705,0
2022-08-25 13:47:00,705,705,705,705,0
2022-08-25 13:48:00,705,705,705,705,0
2022-08-25 13:49:00,705,705,705,705,0
2022-08-25 13:50:00,705,705,705,705,400
2022-08-25 13:51:00,705,705,705,705,0
2022-08-25 13:52:00,705,705,705,705,0
2022-08-25 13:53:00,705,705,705,705,0
2022-08-25 13:54:00,715,715,715,715,8700
2022-08-25 13:55:00,710,710,710,710,100
2022-08-25 13:56:00,710,710,710,710,0
2022-08-25 13:57:00,710,710,710,710,0
2022-08-25 13:58:00,710,710,710,710,10600
2022-08-25 13:59:00,715,715,715,715,0
2022-08-25 14:00:00,715,715,715,715,0
2022-08-25 14:01:00,715,715,715,715,0
2022-08-25 14:02:00,715,715,715,715,0
2022-08-25 14:03:00,710,710,710,710,2000
2022-08-25 14:04:00,710,710,710,710,0
2022-08-25 14:05:00,710,710,710,710,0
2022-08-25 14:06:00,710,710,710,710,0
2022-08-25 14:07:00,710,710,710,710,0
2022-08-25 14:08:00,710,710,710,710,0
2022-08-25 14:09:00,710,710,710,710,0
2022-08-25 14:10:00,710,710,710,710,0
2022-08-25 14:11:00,710,710,710,710,3800
2022-08-25 14:12:00,710,710,710,710,0
2022-08-25 14:13:00,710,710,710,710,0
2022-08-25 14:14:00,710,710,710,710,0
2022-08-25 14:15:00,710,710,710,710,0
2022-08-25 14:16:00,710,710,710,710,0
2022-08-25 14:17:00,710,710,710,710,0
2022-08-25 14:18:00,710,710,710,710,0
2022-08-25 14:19:00,710,710,710,710,0
2022-08-25 14:20:00,710,710,710,710,0
2022-08-25 14:21:00,710,710,710,710,0
2022-08-25 14:22:00,710,710,710,710,0
2022-08-25 14:23:00,710,710,710,710,0
2022-08-25 14:24:00,710,710,710,710,2800
2022-08-25 14:25:00,710,710,710,710,0
2022-08-25 14:26:00,710,710,710,710,0
2022-08-25 14:27:00,710,710,710,710,0
2022-08-25 14:28:00,710,710,710,710,0
2022-08-25 14:29:00,710,710,710,710,2600
2022-08-25 14:30:00,710,710,710,710,0
2022-08-25 14:31:00,710,710,710,710,0
2022-08-25 14:32:00,710,710,710,710,2700
2022-08-25 14:33:00,710,710,710,710,0
2022-08-25 14:34:00,710,710,710,710,0
2022-08-25 14:35:00,710,710,710,710,0
2022-08-25 14:36:00,710,710,710,710,0
2022-08-25 14:37:00,710,710,710,710,0
2022-08-25 14:38:00,710,710,710,710,0
2022-08-25 14:39:00,710,710,710,710,0
2022-08-25 14:40:00,710,710,710,710,0
2022-08-25 14:41:00,710,710,710,710,0
2022-08-25 14:42:00,710,710,710,710,0
2022-08-25 14:43:00,710,710,710,710,0
2022-08-25 14:44:00,710,710,710,710,600
2022-08-25 14:45:00,710,710,710,710,0
2022-08-25 14:46:00,710,710,710,710,0
2022-08-25 14:47:00,710,710,710,710,0
2022-08-25 14:48:00,710,710,715,715,4700
2022-08-25 14:49:00,705,705,705,705,0
2022-08-25 14:50:00,705,705,705,705,0
2022-08-25 14:51:00,705,705,705,705,0
2022-08-25 14:52:00,705,705,705,705,0
2022-08-25 14:53:00,705,705,705,705,0
2022-08-25 14:54:00,705,705,705,705,0
2022-08-25 14:55:00,705,705,705,705,0
2022-08-25 14:56:00,705,705,705,705,0
2022-08-25 14:57:00,705,705,705,705,0
2022-08-25 14:58:00,705,705,705,705,0
2022-08-25 14:59:00,705,705,705,705,0
2022-08-25 15:00:00,710,710,710,710,4700
2022-08-25 15:01:00,710,710,710,710,0
2022-08-25 15:02:00,710,710,710,710,0
2022-08-25 15:03:00,710,710,710,710,0
2022-08-25 15:04:00,710,710,710,710,0
2022-08-25 15:05:00,710,710,710,710,0
2022-08-25 15:06:00,710,710,710,710,0
2022-08-25 15:07:00,710,710,710,710,0
2022-08-25 15:08:00,710,710,710,710,0
2022-08-25 15:09:00,710,710,710,710,0
2022-08-25 15:10:00,710,710,710,710,0
2022-08-25 15:11:00,710,710,710,710,0
2022-08-25 15:12:00,710,710,710,710,0
2022-08-25 15:13:00,710,710,710,710,0
2022-08-25 15:14:00,710,710,710,710,0
2022-08-25 15:15:00,710,710,710,710,0
2022-08-25 15:16:00,710,710,710,710,0
2022-08-25 15:17:00,710,710,710,710,0
2022-08-25 15:18:00,710,710,710,710,0
2022-08-25 15:19:00,710,710,710,710,0
2022-08-25 15:20:00,710,710,710,710,0
2022-08-25 15:21:00,710,710,710,710,0
2022-08-25 15:22:00,710,710,710,710,0
2022-08-25 15:23:00,710,710,710,710,0
2022-08-25 15:24:00,710,710,710,710,0
2022-08-25 15:25:00,710,710,710,710,0
2022-08-25 15:26:00,710,710,710,710,0
2022-08-25 15:27:00,710,710,710,710,0
2022-08-25 15:28:00,710,710,710,710,0
2022-08-25 15:29:00,710,710,710,710,0
2022-08-25 15:30:00,710,710,710,710,0
2022-08-25 15:31:00,710,710,710,710,0
2022-08-25 15:32:00,710,710,710,710,0
2022-08-25 15:33:00,710,710,710,710,0
2022-08-25 15:34:00,710,710,710,710,0
2022-08-25 15:35:00,710,710,710,710,0
2022-08-25 15:36:00,710,710,710,710,0
2022-08-25 15:37:00,710,710,710,710,0
2022-08-25 15:38:00,710,710,710,710,0
2022-08-25 15:39:00,710,710,710,710,0
2022-08-25 15:40:00,710,710,710,710,0
2022-08-25 15:41:00,710,710,710,710,0
2022-08-25 15:42:00,710,710,710,710,0
2022-08-25 15:43:00,710,710,710,710,0
2022-08-25 15:44:00,710,710,710,710,0
2022-08-25 15:45:00,710,710,710,710,0
2022-08-25 15:46:00,710,710,710,710,0
2022-08-25 15:47:00,710,710,710,710,0
2022-08-25 15:48:00,710,710,710,710,0
2022-08-25 15:49:00,710,710,710,710,0
2022-08-25 15:50:00,710,710,710,710,0
2022-08-25 15:51:00,710,710,710,710,0
2022-08-25 15:52:00,710,710,710,710,0
2022-08-25 15:53:00,710,710,710,710,0
2022-08-25 15:54:00,710,710,710,710,0
2022-08-25 15:55:00,710,710,710,710,0
2022-08-25 15:56:00,710,710,710,710,0
2022-08-25 15:57:00,710,710,710,710,0
2022-08-25 15:58:00,710,710,710,710,0
2022-08-25 15:59:00,710,710,710,710,0
2022-08-26 09:00:00,710,710,710,710,800
2022-08-26 09:01:00,710,710,710,710,500
2022-08-26 09:02:00,710,710,710,710,1500
2022-08-26 09:03:00,710,710,710,710,0
2022-08-26 09:04:00,710,710,710,710,900
2022-08-26 09:05:00,710,710,710,710,0
2022-08-26 09:06:00,710,710,710,710,0
2022-08-26 09:07:00,710,710,710,710,0
2022-08-26 09:08:00,710,710,710,710,0
2022-08-26 09:09:00,710,710,710,710,0
2022-08-26 09:10:00,710,710,710,710,0
2022-08-26 09:11:00,710,710,710,710,0
2022-08-26 09:12:00,710,710,710,710,0
2022-08-26 09:13:00,710,710,710,710,0
2022-08-26 09:14:00,710,710,710,710,0
2022-08-26 09:15:00,710,710,710,710,0
2022-08-26 09:16:00,710,710,710,710,0
2022-08-26 09:17:00,710,710,710,710,0
2022-08-26 09:18:00,705,705,705,705,400
2022-08-26 09:19:00,705,705,705,705,0
2022-08-26 09:20:00,705,705,705,705,0
2022-08-26 09:21:00,705,705,705,705,1700
2022-08-26 09:22:00,705,705,705,705,0
2022-08-26 09:23:00,705,705,705,705,0
2022-08-26 09:24:00,705,705,705,705,0
2022-08-26 09:25:00,705,705,705,705,0
2022-08-26 09:26:00,705,705,705,705,0
2022-08-26 09:27:00,705,705,705,705,0
2022-08-26 09:28:00,705,705,705,705,0
2022-08-26 09:29:00,705,705,705,705,0
2022-08-26 09:30:00,705,705,705,705,0
2022-08-26 09:31:00,705,705,705,705,0
2022-08-26 09:32:00,705,705,705,705,0
2022-08-26 09:33:00,705,705,705,705,1600
2022-08-26 09:34:00,705,705,705,705,0
2022-08-26 09:35:00,705,705,705,705,0
2022-08-26 09:36:00,705,705,705,705,0
2022-08-26 09:37:00,705,705,705,705,0
2022-08-26 09:38:00,705,705,705,705,0
2022-08-26 09:39:00,705,705,705,705,0
2022-08-26 09:40:00,705,705,705,705,0
2022-08-26 09:41:00,705,705,705,705,0
2022-08-26 09:42:00,705,705,705,705,0
2022-08-26 09:43:00,705,705,705,705,0
2022-08-26 09:44:00,705,705,705,705,0
2022-08-26 09:45:00,710,710,710,710,1500
2022-08-26 09:46:00,710,710,710,710,0
2022-08-26 09:47:00,710,710,710,710,0
2022-08-26 09:48:00,710,710,710,710,0
2022-08-26 09:49:00,710,710,710,710,200
2022-08-26 09:50:00,710,710,710,710,0
2022-08-26 09:51:00,710,710,710,710,0
2022-08-26 09:52:00,715,715,715,715,100
2022-08-26 09:53:00,715,715,715,715,0
2022-08-26 09:54:00,715,715,715,715,0
2022-08-26 09:55:00,715,715,715,715,0
2022-08-26 09:56:00,715,715,715,715,1900
2022-08-26 09:57:00,710,710,710,710,0
2022-08-26 09:58:00,710,710,710,710,0
2022-08-26 09:59:00,710,710,710,710,0
2022-08-26 10:00:00,710,710,710,710,0
2022-08-26 10:01:00,715,715,715,715,2100
2022-08-26 10:02:00,715,715,715,715,2200
2022-08-26 10:03:00,715,715,715,715,0
2022-08-26 10:04:00,705,705,705,705,41200
2022-08-26 10:05:00,705,705,705,705,0
2022-08-26 10:06:00,710,710,710,710,0
2022-08-26 10:07:00,710,710,710,710,0
2022-08-26 10:08:00,705,705,705,705,1100
2022-08-26 10:09:00,705,705,705,705,0
2022-08-26 10:10:00,705,705,705,705,0
2022-08-26 10:11:00,705,705,705,705,0
2022-08-26 10:12:00,705,705,705,705,0
2022-08-26 10:13:00,705,705,705,705,10100
2022-08-26 10:14:00,705,705,705,705,0
2022-08-26 10:15:00,705,705,705,705,0
2022-08-26 10:16:00,705,705,705,705,0
2022-08-26 10:17:00,705,705,705,705,0
2022-08-26 10:18:00,705,705,705,705,0
2022-08-26 10:19:00,705,705,705,705,0
2022-08-26 10:20:00,705,705,705,705,0
2022-08-26 10:21:00,700,700,700,700,600
2022-08-26 10:22:00,700,700,700,700,0
2022-08-26 10:23:00,700,700,700,700,0
2022-08-26 10:24:00,700,700,700,700,0
2022-08-26 10:25:00,700,700,700,700,0
2022-08-26 10:26:00,700,700,700,700,0
2022-08-26 10:27:00,700,700,700,700,0
2022-08-26 10:28:00,700,700,700,700,0
2022-08-26 10:29:00,705,705,705,705,300
2022-08-26 10:30:00,710,710,710,710,4200
2022-08-26 10:31:00,710,710,715,715,100
2022-08-26 10:32:00,710,710,715,715,0
2022-08-26 10:33:00,710,710,710,710,100
2022-08-26 10:34:00,705,705,705,705,300
2022-08-26 10:35:00,710,710,710,710,3900
2022-08-26 10:36:00,710,710,710,710,0
2022-08-26 10:37:00,710,710,710,710,0
2022-08-26 10:38:00,710,710,710,710,0
2022-08-26 10:39:00,710,710,710,710,0
2022-08-26 10:40:00,710,710,710,710,0
2022-08-26 10:41:00,710,710,710,710,0
2022-08-26 10:42:00,710,710,710,710,0
2022-08-26 10:43:00,710,710,710,710,0
2022-08-26 10:44:00,710,710,710,710,0
2022-08-26 10:45:00,710,710,710,710,0
2022-08-26 10:46:00,710,710,710,710,0
2022-08-26 10:47:00,710,710,710,710,4200
2022-08-26 10:48:00,705,705,705,705,0
2022-08-26 10:49:00,705,705,705,705,0
2022-08-26 10:50:00,705,705,705,705,0
2022-08-26 10:51:00,705,705,705,705,0
2022-08-26 10:52:00,705,705,705,705,0
2022-08-26 10:53:00,705,705,705,705,0
2022-08-26 10:54:00,710,710,710,710,6800
2022-08-26 10:55:00,710,710,710,710,0
2022-08-26 10:56:00,710,710,710,710,0
2022-08-26 10:57:00,710,710,710,710,0
2022-08-26 10:58:00,710,710,710,710,600
2022-08-26 10:59:00,710,710,710,710,0
2022-08-26 11:00:00,710,710,710,710,0
2022-08-26 11:01:00,710,710,710,710,1900
2022-08-26 11:02:00,710,710,710,710,0
2022-08-26 11:03:00,710,710,710,710,0
2022-08-26 11:04:00,710,710,710,710,0
2022-08-26 11:05:00,710,710,710,710,0
2022-08-26 11:06:00,710,710,710,710,0
2022-08-26 11:07:00,710,710,710,710,0
2022-08-26 11:08:00,710,710,710,710,0
2022-08-26 11:09:00,710,710,710,710,0
2022-08-26 11:10:00,710,710,710,710,0
2022-08-26 11:11:00,710,710,710,710,0
2022-08-26 11:12:00,705,705,705,705,800
2022-08-26 11:13:00,705,705,705,705,0
2022-08-26 11:14:00,710,710,710,710,10000
2022-08-26 11:15:00,710,710,710,710,0
2022-08-26 11:16:00,710,710,710,710,0
2022-08-26 11:17:00,710,710,710,710,0
2022-08-26 11:18:00,705,705,705,705,0
2022-08-26 11:19:00,705,705,705,705,0
2022-08-26 11:20:00,705,705,705,705,0
2022-08-26 11:21:00,705,705,705,705,0
2022-08-26 11:22:00,705,705,705,705,0
2022-08-26 11:23:00,705,705,705,705,0
2022-08-26 11:24:00,705,705,705,705,0
2022-08-26 11:25:00,705,705,705,705,0
2022-08-26 11:26:00,705,705,705,705,0
2022-08-26 11:27:00,705,705,705,705,0
2022-08-26 11:28:00,705,705,705,705,0
2022-08-26 11:29:00,705,705,705,705,0
2022-08-26 11:30:00,705,705,705,705,0
2022-08-26 11:31:00,705,705,705,705,0
2022-08-26 11:32:00,705,705,705,705,0
2022-08-26 11:33:00,705,705,705,705,0
2022-08-26 11:34:00,705,705,705,705,0
2022-08-26 11:35:00,705,705,705,705,0
2022-08-26 11:36:00,705,705,705,705,0
2022-08-26 11:37:00,705,705,705,705,0
2022-08-26 11:38:00,705,705,705,705,0
2022-08-26 11:39:00,705,705,705,705,0
2022-08-26 11:40:00,705,705,705,705,0
2022-08-26 11:41:00,705,705,705,705,0
2022-08-26 11:42:00,705,705,705,705,0
2022-08-26 11:43:00,705,705,705,705,0
2022-08-26 11:44:00,705,705,705,705,0
2022-08-26 11:45:00,705,705,705,705,0
2022-08-26 11:46:00,705,705,705,705,0
2022-08-26 11:47:00,705,705,705,705,0
2022-08-26 11:48:00,705,705,705,705,0
2022-08-26 11:49:00,705,705,705,705,0
2022-08-26 11:50:00,705,705,705,705,0
2022-08-26 11:51:00,705,705,705,705,0
2022-08-26 11:52:00,705,705,705,705,0
2022-08-26 11:53:00,705,705,705,705,0
2022-08-26 11:54:00,705,705,705,705,0
2022-08-26 11:55:00,705,705,705,705,0
2022-08-26 11:56:00,705,705,705,705,0
2022-08-26 11:57:00,705,705,705,705,0
2022-08-26 11:58:00,705,705,705,705,0
2022-08-26 11:59:00,705,705,705,705,0
2022-08-26 12:00:00,705,705,705,705,0
2022-08-26 12:01:00,705,705,705,705,0
2022-08-26 12:02:00,705,705,705,705,0
2022-08-26 12:03:00,705,705,705,705,0
2022-08-26 12:04:00,705,705,705,705,0
2022-08-26 12:05:00,705,705,705,705,0
2022-08-26 12:06:00,705,705,705,705,0
2022-08-26 12:07:00,705,705,705,705,0
2022-08-26 12:08:00,705,705,705,705,0
2022-08-26 12:09:00,705,705,705,705,0
2022-08-26 12:10:00,705,705,705,705,0
2022-08-26 12:11:00,705,705,705,705,0
2022-08-26 12:12:00,705,705,705,705,0
2022-08-26 12:13:00,705,705,705,705,0
2022-08-26 12:14:00,705,705,705,705,0
2022-08-26 12:15:00,705,705,705,705,0
2022-08-26 12:16:00,705,705,705,705,0
2022-08-26 12:17:00,705,705,705,705,0
2022-08-26 12:18:00,705,705,705,705,0
2022-08-26 12:19:00,705,705,705,705,0
2022-08-26 12:20:00,705,705,705,705,0
2022-08-26 12:21:00,705,705,705,705,0
2022-08-26 12:22:00,705,705,705,705,0
2022-08-26 12:23:00,705,705,705,705,0
2022-08-26 12:24:00,705,705,705,705,0
2022-08-26 12:25:00,705,705,705,705,0
2022-08-26 12:26:00,705,705,705,705,0
2022-08-26 12:27:00,705,705,705,705,0
2022-08-26 12:28:00,705,705,705,705,0
2022-08-26 12:29:00,705,705,705,705,0
2022-08-26 12:30:00,705,705,705,705,0
2022-08-26 12:31:00,705,705,705,705,0
2022-08-26 12:32:00,705,705,705,705,0
2022-08-26 12:33:00,705,705,705,705,0
2022-08-26 12:34:00,705,705,705,705,0
2022-08-26 12:35:00,705,705,705,705,0
2022-08-26 12:36:00,705,705,705,705,0
2022-08-26 12:37:00,705,705,705,705,0
2022-08-26 12:38:00,705,705,705,705,0
2022-08-26 12:39:00,705,705,705,705,0
2022-08-26 12:40:00,705,705,705,705,0
2022-08-26 12:41:00,705,705,705,705,0
2022-08-26 12:42:00,705,705,705,705,0
2022-08-26 12:43:00,705,705,705,705,0
2022-08-26 12:44:00,705,705,705,705,0
2022-08-26 12:45:00,705,705,705,705,0
2022-08-26 12:46:00,705,705,705,705,0
2022-08-26 12:47:00,705,705,705,705,0
2022-08-26 12:48:00,705,705,705,705,0
2022-08-26 12:49:00,705,705,705,705,0
2022-08-26 12:50:00,705,705,705,705,0
2022-08-26 12:51:00,705,705,705,705,0
2022-08-26 12:52:00,705,705,705,705,0
2022-08-26 12:53:00,705,705,705,705,0
2022-08-26 12:54:00,705,705,705,705,0
2022-08-26 12:55:00,705,705,705,705,0
2022-08-26 12:56:00,705,705,705,705,0
2022-08-26 12:57:00,705,705,705,705,0
2022-08-26 12:58:00,705,705,705,705,0
2022-08-26 12:59:00,705,705,705,705,0
2022-08-26 13:00:00,705,705,705,705,0
2022-08-26 13:01:00,705,705,705,705,0
2022-08-26 13:02:00,705,705,705,705,0
2022-08-26 13:03:00,705,705,705,705,0
2022-08-26 13:04:00,705,705,705,705,0
2022-08-26 13:05:00,705,705,705,705,0
2022-08-26 13:06:00,705,705,705,705,0
2022-08-26 13:07:00,705,705,705,705,0
2022-08-26 13:08:00,705,705,705,705,0
2022-08-26 13:09:00,705,705,705,705,0
2022-08-26 13:10:00,705,705,705,705,0
2022-08-26 13:11:00,705,705,705,705,0
2022-08-26 13:12:00,705,705,705,705,0
2022-08-26 13:13:00,705,705,705,705,0
2022-08-26 13:14:00,705,705,705,705,0
2022-08-26 13:15:00,705,705,705,705,0
2022-08-26 13:16:00,705,705,705,705,0
2022-08-26 13:17:00,705,705,705,705,0
2022-08-26 13:18:00,705,705,705,705,0
2022-08-26 13:19:00,705,705,705,705,0
2022-08-26 13:20:00,705,705,705,705,0
2022-08-26 13:21:00,705,705,705,705,0
2022-08-26 13:22:00,705,705,705,705,0
2022-08-26 13:23:00,705,705,705,705,0
2022-08-26 13:24:00,705,705,705,705,0
2022-08-26 13:25:00,705,705,705,705,0
2022-08-26 13:26:00,705,705,705,705,0
2022-08-26 13:27:00,705,705,705,705,0
2022-08-26 13:28:00,705,705,705,705,0
2022-08-26 13:29:00,705,705,705,705,0
2022-08-26 13:30:00,705,705,705,705,0
2022-08-26 13:31:00,705,705,705,705,0
2022-08-26 13:32:00,705,705,705,705,0
2022-08-26 13:33:00,705,705,705,705,0
2022-08-26 13:34:00,705,705,710,710,10600
2022-08-26 13:35:00,705,705,710,710,0
2022-08-26 13:36:00,705,705,710,710,0
2022-08-26 13:37:00,705,705,710,710,0
2022-08-26 13:38:00,705,705,710,710,0
2022-08-26 13:39:00,705,705,710,710,0
2022-08-26 13:40:00,705,705,710,710,0
2022-08-26 13:41:00,705,705,710,710,0
2022-08-26 13:42:00,705,705,710,710,0
2022-08-26 13:43:00,705,705,710,710,0
2022-08-26 13:44:00,705,705,710,710,0
2022-08-26 13:45:00,710,710,710,710,200
2022-08-26 13:46:00,710,710,710,710,0
2022-08-26 13:47:00,710,710,710,710,0
2022-08-26 13:48:00,710,710,710,710,0
2022-08-26 13:49:00,710,710,710,710,0
2022-08-26 13:50:00,710,710,710,710,1300
2022-08-26 13:51:00,710,710,710,710,0
2022-08-26 13:52:00,710,710,710,710,0
2022-08-26 13:53:00,710,710,710,710,0
2022-08-26 13:54:00,710,710,710,710,0
2022-08-26 13:55:00,710,710,710,710,0
2022-08-26 13:56:00,710,710,710,710,0
2022-08-26 13:57:00,710,710,710,710,0
2022-08-26 13:58:00,715,715,715,715,100
2022-08-26 13:59:00,715,715,715,715,0
2022-08-26 14:00:00,715,715,715,715,0
2022-08-26 14:01:00,715,715,715,715,2000
2022-08-26 14:02:00,715,715,715,715,0
2022-08-26 14:03:00,715,715,715,715,0
2022-08-26 14:04:00,710,710,715,715,0
2022-08-26 14:05:00,710,710,710,710,100
2022-08-26 14:06:00,710,710,710,710,0
2022-08-26 14:07:00,710,710,710,710,0
2022-08-26 14:08:00,710,710,710,710,0
2022-08-26 14:09:00,710,710,710,710,0
2022-08-26 14:10:00,710,710,710,710,0
2022-08-26 14:11:00,710,710,710,710,0
2022-08-26 14:12:00,710,710,710,710,0
2022-08-26 14:13:00,710,710,710,710,0
2022-08-26 14:14:00,710,710,710,710,0
2022-08-26 14:15:00,710,710,710,710,0
2022-08-26 14:16:00,710,710,710,710,0
2022-08-26 14:17:00,710,710,710,710,0
2022-08-26 14:18:00,710,710,710,710,0
2022-08-26 14:19:00,710,710,710,710,800
2022-08-26 14:20:00,710,710,710,710,0
2022-08-26 14:21:00,710,710,710,710,0
2022-08-26 14:22:00,710,710,710,710,0
2022-08-26 14:23:00,710,710,710,710,0
2022-08-26 14:24:00,710,710,710,710,0
2022-08-26 14:25:00,710,710,710,710,0
2022-08-26 14:26:00,710,710,710,710,0
2022-08-26 14:27:00,710,710,710,710,0
2022-08-26 14:28:00,710,710,710,710,0
2022-08-26 14:29:00,710,710,710,710,0
2022-08-26 14:30:00,710,710,710,710,0
2022-08-26 14:31:00,710,710,710,710,0
2022-08-26 14:32:00,710,710,710,710,0
2022-08-26 14:33:00,710,710,710,710,900
2022-08-26 14:34:00,715,715,715,715,100
2022-08-26 14:35:00,715,715,715,715,0
2022-08-26 14:36:00,715,715,715,715,0
2022-08-26 14:37:00,715,715,715,715,0
2022-08-26 14:38:00,715,715,715,715,0
2022-08-26 14:39:00,715,715,715,715,0
2022-08-26 14:40:00,715,715,715,715,0
2022-08-26 14:41:00,715,715,715,715,0
2022-08-26 14:42:00,715,715,715,715,900
2022-08-26 14:43:00,715,715,715,715,0
2022-08-26 14:44:00,715,715,715,715,0
2022-08-26 14:45:00,715,715,715,715,0
2022-08-26 14:46:00,715,715,715,715,0
2022-08-26 14:47:00,710,710,710,710,200
2022-08-26 14:48:00,710,710,710,710,3000
2022-08-26 14:49:00,710,710,710,710,700
2022-08-26 14:50:00,710,710,710,710,0
2022-08-26 14:51:00,710,710,710,710,0
2022-08-26 14:52:00,710,710,710,710,0
2022-08-26 14:53:00,710,710,710,710,0
2022-08-26 14:54:00,710,710,710,710,0
2022-08-26 14:55:00,710,710,710,710,0
2022-08-26 14:56:00,710,710,710,710,0
2022-08-26 14:57:00,710,710,710,710,0
2022-08-26 14:58:00,710,710,710,710,0
2022-08-26 14:59:00,710,710,710,710,0
2022-08-26 15:00:00,705,705,705,705,30600
2022-08-26 15:01:00,705,705,705,705,0
2022-08-26 15:02:00,705,705,705,705,0
2022-08-26 15:03:00,705,705,705,705,0
2022-08-26 15:04:00,705,705,705,705,0
2022-08-26 15:05:00,705,705,705,705,0
2022-08-26 15:06:00,705,705,705,705,14400
2022-08-26 15:07:00,705,705,705,705,0
2022-08-26 15:08:00,705,705,705,705,0
2022-08-26 15:09:00,705,705,705,705,0
2022-08-26 15:10:00,705,705,705,705,0
2022-08-26 15:11:00,705,705,705,705,0
2022-08-26 15:12:00,705,705,705,705,12000
2022-08-26 15:13:00,705,705,705,705,0
2022-08-26 15:14:00,705,705,705,705,0
2022-08-26 15:15:00,705,705,705,705,0
2022-08-26 15:16:00,705,705,705,705,0
2022-08-26 15:17:00,705,705,705,705,0
2022-08-26 15:18:00,705,705,705,705,0
2022-08-26 15:19:00,705,705,705,705,0
2022-08-26 15:20:00,705,705,705,705,0
2022-08-26 15:21:00,705,705,705,705,0
2022-08-26 15:22:00,705,705,705,705,0
2022-08-26 15:23:00,705,705,705,705,0
2022-08-26 15:24:00,705,705,705,705,0
2022-08-26 15:25:00,705,705,705,705,0
2022-08-26 15:26:00,705,705,705,705,0
2022-08-26 15:27:00,705,705,705,705,0
2022-08-26 15:28:00,705,705,705,705,0
2022-08-26 15:29:00,705,705,705,705,0
2022-08-26 15:30:00,705,705,705,705,0
2022-08-26 15:31:00,705,705,705,705,0
2022-08-26 15:32:00,705,705,705,705,0
2022-08-26 15:33:00,705,705,705,705,0
2022-08-26 15:34:00,705,705,705,705,0
2022-08-26 15:35:00,705,705,705,705,0
2022-08-26 15:36:00,705,705,705,705,0
2022-08-26 15:37:00,705,705,705,705,0
2022-08-26 15:38:00,705,705,705,705,0
2022-08-26 15:39:00,705,705,705,705,0
2022-08-26 15:40:00,705,705,705,705,0
2022-08-26 15:41:00,705,705,705,705,0
2022-08-26 15:42:00,705,705,705,705,0
2022-08-26 15:43:00,705,705,705,705,0
2022-08-26 15:44:00,705,705,705,705,0
2022-08-26 15:45:00,705,705,705,705,0
2022-08-26 15:46:00,705,705,705,705,0
2022-08-26 15:47:00,705,705,705,705,0
2022-08-26 15:48:00,705,705,705,705,0
2022-08-26 15:49:00,705,705,705,705,0
2022-08-26 15:50:00,705,705,705,705,0
2022-08-26 15:51:00,705,705,705,705,0
2022-08-26 15:52:00,705,705,705,705,0
2022-08-26 15:53:00,705,705,705,705,0
2022-08-26 15:54:00,705,705,705,705,0
2022-08-26 15:55:00,705,705,705,705,0
2022-08-26 15:56:00,705,705,705,705,0
2022-08-26 15:57:00,705,705,705,705,0
2022-08-26 15:58:00,705,705,705,705,0
2022-08-26 15:59:00,705,705,705,705,0
2022-08-29 09:00:00,705,705,710,705,0
2022-08-29 09:01:00,705,705,705,705,0
2022-08-29 09:02:00,700,700,700,700,7500
2022-08-29 09:03:00,695,690,695,690,0
2022-08-29 09:04:00,695,690,695,690,0
2022-08-29 09:05:00,705,705,705,705,200
2022-08-29 09:06:00,700,700,700,700,32500
2022-08-29 09:07:00,700,700,705,705,0
2022-08-29 09:08:00,700,700,705,705,0
2022-08-29 09:09:00,700,700,705,705,0
2022-08-29 09:10:00,700,700,700,700,1900
2022-08-29 09:11:00,700,700,700,700,0
2022-08-29 09:12:00,700,700,700,700,2900
2022-08-29 09:13:00,700,700,700,700,8500
2022-08-29 09:14:00,700,700,700,700,0
2022-08-29 09:15:00,700,700,700,700,0
2022-08-29 09:16:00,700,700,700,700,0
2022-08-29 09:17:00,700,700,700,700,0
2022-08-29 09:18:00,700,700,700,700,0
2022-08-29 09:19:00,700,700,700,700,0
2022-08-29 09:20:00,700,700,700,700,0
2022-08-29 09:21:00,700,700,700,700,1400
2022-08-29 09:22:00,700,700,700,700,0
2022-08-29 09:23:00,700,700,700,700,59400
2022-08-29 09:24:00,700,700,700,700,0
2022-08-29 09:25:00,700,700,700,700,0
2022-08-29 09:26:00,700,700,700,700,0
2022-08-29 09:27:00,700,700,700,700,0
2022-08-29 09:28:00,700,700,700,700,0
2022-08-29 09:29:00,700,700,700,700,0
2022-08-29 09:30:00,705,705,705,705,0
2022-08-29 09:31:00,705,705,705,705,0
2022-08-29 09:32:00,705,705,705,705,0
2022-08-29 09:33:00,705,705,705,705,0
2022-08-29 09:34:00,705,705,705,705,11300
2022-08-29 09:35:00,705,705,705,705,0
2022-08-29 09:36:00,700,700,700,700,0
2022-08-29 09:37:00,700,700,700,700,0
2022-08-29 09:38:00,700,700,700,700,0
2022-08-29 09:39:00,700,700,700,700,50700
2022-08-29 09:40:00,700,700,700,700,0
2022-08-29 09:41:00,700,700,700,700,0
2022-08-29 09:42:00,700,700,700,700,0
2022-08-29 09:43:00,700,700,700,700,42900
2022-08-29 09:44:00,700,700,700,700,0
2022-08-29 09:45:00,700,700,700,700,0
2022-08-29 09:46:00,700,700,700,700,0
2022-08-29 09:47:00,700,700,700,700,0
2022-08-29 09:48:00,700,700,700,700,0
2022-08-29 09:49:00,700,700,700,700,0
2022-08-29 09:50:00,700,700,700,700,0
2022-08-29 09:51:00,695,695,695,695,1200
2022-08-29 09:52:00,695,695,695,695,0
2022-08-29 09:53:00,695,695,695,695,0
2022-08-29 09:54:00,695,695,695,695,0
2022-08-29 09:55:00,695,695,695,695,30400
2022-08-29 09:56:00,700,700,700,700,0
2022-08-29 09:57:00,700,700,700,700,0
2022-08-29 09:58:00,700,700,700,700,0
2022-08-29 09:59:00,700,700,700,700,0
2022-08-29 10:00:00,700,700,700,700,0
2022-08-29 10:01:00,695,695,695,695,9900
2022-08-29 10:02:00,695,695,695,695,0
2022-08-29 10:03:00,695,695,695,695,0
2022-08-29 10:04:00,695,695,695,695,19400
2022-08-29 10:05:00,695,695,695,695,0
2022-08-29 10:06:00,695,695,695,695,0
2022-08-29 10:07:00,695,695,695,695,0
2022-08-29 10:08:00,695,695,695,695,0
2022-08-29 10:09:00,700,700,700,700,0
2022-08-29 10:10:00,700,700,700,700,0
2022-08-29 10:11:00,700,700,700,700,0
2022-08-29 10:12:00,700,700,700,700,0
2022-08-29 10:13:00,700,700,700,700,0
2022-08-29 10:14:00,700,700,700,700,0
2022-08-29 10:15:00,700,700,700,700,0
2022-08-29 10:16:00,700,700,700,700,0
2022-08-29 10:17:00,700,700,700,700,0
2022-08-29 10:18:00,700,700,700,700,0
2022-08-29 10:19:00,700,700,700,700,0
2022-08-29 10:20:00,700,695,700,695,700
2022-08-29 10:21:00,700,695,700,695,0
2022-08-29 10:22:00,700,695,700,695,0
2022-08-29 10:23:00,700,695,700,695,0
2022-08-29 10:24:00,700,695,700,695,0
2022-08-29 10:25:00,700,695,700,695,0
2022-08-29 10:26:00,700,695,700,695,0
2022-08-29 10:27:00,700,695,700,695,0
2022-08-29 10:28:00,700,695,700,695,0
2022-08-29 10:29:00,700,695,700,695,0
2022-08-29 10:30:00,700,695,700,695,0
2022-08-29 10:31:00,700,695,700,695,0
2022-08-29 10:32:00,700,700,700,700,2800
2022-08-29 10:33:00,700,700,700,700,0
2022-08-29 10:34:00,700,700,700,700,0
2022-08-29 10:35:00,695,695,700,700,11100
2022-08-29 10:36:00,695,695,700,700,0
2022-08-29 10:37:00,695,695,700,700,0
2022-08-29 10:38:00,695,695,700,700,0
2022-08-29 10:39:00,695,695,700,700,0
2022-08-29 10:40:00,695,695,700,700,0
2022-08-29 10:41:00,695,695,700,700,0
2022-08-29 10:42:00,700,700,700,700,0
2022-08-29 10:43:00,700,700,700,700,0
2022-08-29 10:44:00,700,700,700,700,0
2022-08-29 10:45:00,700,700,700,700,0
2022-08-29 10:46:00,700,700,700,700,0
2022-08-29 10:47:00,700,700,700,700,0
2022-08-29 10:48:00,700,700,700,700,0
2022-08-29 10:49:00,695,695,695,695,200
2022-08-29 10:50:00,695,695,695,695,0
2022-08-29 10:51:00,695,695,695,695,1100
2022-08-29 10:52:00,695,695,695,695,0
2022-08-29 10:53:00,695,695,695,695,0
2022-08-29 10:54:00,695,695,695,695,0
2022-08-29 10:55:00,695,695,695,695,0
2022-08-29 10:56:00,695,695,695,695,0
2022-08-29 10:57:00,695,695,695,695,0
2022-08-29 10:58:00,700,700,700,700,9400
2022-08-29 10:59:00,700,700,700,700,0
2022-08-29 11:00:00,700,700,700,700,0
2022-08-29 11:01:00,700,700,700,700,0
2022-08-29 11:02:00,700,700,700,700,0
2022-08-29 11:03:00,700,700,700,700,0
2022-08-29 11:04:00,700,700,700,700,0
2022-08-29 11:05:00,700,700,700,700,0
2022-08-29 11:06:00,700,695,700,695,32800
2022-08-29 11:07:00,700,695,700,695,0
2022-08-29 11:08:00,700,695,700,695,0
2022-08-29 11:09:00,700,695,700,695,0
2022-08-29 11:10:00,700,695,700,695,0
2022-08-29 11:11:00,700,695,700,695,0
2022-08-29 11:12:00,700,700,700,700,200
2022-08-29 11:13:00,700,700,700,700,0
2022-08-29 11:14:00,700,700,700,700,0
2022-08-29 11:15:00,700,700,700,700,0
2022-08-29 11:16:00,700,700,700,700,0
2022-08-29 11:17:00,700,700,700,700,0
2022-08-29 11:18:00,700,700,700,700,0
2022-08-29 11:19:00,700,700,700,700,0
2022-08-29 11:20:00,700,700,700,700,0
2022-08-29 11:21:00,700,700,700,700,600
2022-08-29 11:22:00,700,700,700,700,0
2022-08-29 11:23:00,700,700,700,700,0
2022-08-29 11:24:00,700,700,700,700,0
2022-08-29 11:25:00,700,700,700,700,0
2022-08-29 11:26:00,700,700,700,700,0
2022-08-29 11:27:00,700,700,700,700,0
2022-08-29 11:28:00,700,700,700,700,0
2022-08-29 11:29:00,700,700,700,700,0
2022-08-29 11:30:00,700,700,700,700,0
2022-08-29 11:31:00,700,700,700,700,0
2022-08-29 11:32:00,700,700,700,700,0
2022-08-29 11:33:00,700,700,700,700,0
2022-08-29 11:34:00,700,700,700,700,0
2022-08-29 11:35:00,700,700,700,700,0
2022-08-29 11:36:00,700,700,700,700,0
2022-08-29 11:37:00,700,700,700,700,0
2022-08-29 11:38:00,700,700,700,700,0
2022-08-29 11:39:00,700,700,700,700,0
2022-08-29 11:40:00,700,700,700,700,0
2022-08-29 11:41:00,700,700,700,700,0
2022-08-29 11:42:00,700,700,700,700,0
2022-08-29 11:43:00,700,700,700,700,0
2022-08-29 11:44:00,700,700,700,700,0
2022-08-29 11:45:00,700,700,700,700,0
2022-08-29 11:46:00,700,700,700,700,0
2022-08-29 11:47:00,700,700,700,700,0
2022-08-29 11:48:00,700,700,700,700,0
2022-08-29 11:49:00,700,700,700,700,0
2022-08-29 11:50:00,700,700,700,700,0
2022-08-29 11:51:00,700,700,700,700,0
2022-08-29 11:52:00,700,700,700,700,0
2022-08-29 11:53:00,700,700,700,700,0
2022-08-29 11:54:00,700,700,700,700,0
2022-08-29 11:55:00,700,700,700,700,0
2022-08-29 11:56:00,700,700,700,700,0
2022-08-29 11:57:00,700,700,700,700,0
2022-08-29 11:58:00,700,700,700,700,0
2022-08-29 11:59:00,700,700,700,700,0
2022-08-29 12:00:00,700,700,700,700,0
2022-08-29 12:01:00,700,700,700,700,0
2022-08-29 12:02:00,700,700,700,700,0
2022-08-29 12:03:00,700,700,700,700,0
2022-08-29 12:04:00,700,700,700,700,0
2022-08-29 12:05:00,700,700,700,700,0
2022-08-29 12:06:00,700,700,700,700,0
2022-08-29 12:07:00,700,700,700,700,0
2022-08-29 12:08:00,700,700,700,700,0
2022-08-29 12:09:00,700,700,700,700,0
2022-08-29 12:10:00,700,700,700,700,0
2022-08-29 12:11:00,700,700,700,700,0
2022-08-29 12:12:00,700,700,700,700,0
2022-08-29 12:13:00,700,700,700,700,0
2022-08-29 12:14:00,700,700,700,700,0
2022-08-29 12:15:00,700,700,700,700,0
2022-08-29 12:16:00,700,700,700,700,0
2022-08-29 12:17:00,700,700,700,700,0
2022-08-29 12:18:00,700,700,700,700,0
2022-08-29 12:19:00,700,700,700,700,0
2022-08-29 12:20:00,700,700,700,700,0
2022-08-29 12:21:00,700,700,700,700,0
2022-08-29 12:22:00,700,700,700,700,0
2022-08-29 12:23:00,700,700,700,700,0
2022-08-29 12:24:00,700,700,700,700,0
2022-08-29 12:25:00,700,700,700,700,0
2022-08-29 12:26:00,700,700,700,700,0
2022-08-29 12:27:00,700,700,700,700,0
2022-08-29 12:28:00,700,700,700,700,0
2022-08-29 12:29:00,700,700,700,700,0
2022-08-29 12:30:00,700,700,700,700,0
2022-08-29 12:31:00,700,700,700,700,0
2022-08-29 12:32:00,700,700,700,700,0
2022-08-29 12:33:00,700,700,700,700,0
2022-08-29 12:34:00,700,700,700,700,0
2022-08-29 12:35:00,700,700,700,700,0
2022-08-29 12:36:00,700,700,700,700,0
2022-08-29 12:37:00,700,700,700,700,0
2022-08-29 12:38:00,700,700,700,700,0
2022-08-29 12:39:00,700,700,700,700,0
2022-08-29 12:40:00,700,700,700,700,0
2022-08-29 12:41:00,700,700,700,700,0
2022-08-29 12:42:00,700,700,700,700,0
2022-08-29 12:43:00,700,700,700,700,0
2022-08-29 12:44:00,700,700,700,700,0
2022-08-29 12:45:00,700,700,700,700,0
2022-08-29 12:46:00,700,700,700,700,0
2022-08-29 12:47:00,700,700,700,700,0
2022-08-29 12:48:00,700,700,700,700,0
2022-08-29 12:49:00,700,700,700,700,0
2022-08-29 12:50:00,700,700,700,700,0
2022-08-29 12:51:00,700,700,700,700,0
2022-08-29 12:52:00,700,700,700,700,0
2022-08-29 12:53:00,700,700,700,700,0
2022-08-29 12:54:00,700,700,700,700,0
2022-08-29 12:55:00,700,700,700,700,0
2022-08-29 12:56:00,700,700,700,700,0
2022-08-29 12:57:00,700,700,700,700,0
2022-08-29 12:58:00,700,700,700,700,0
2022-08-29 12:59:00,700,700,700,700,0
2022-08-29 13:00:00,700,700,700,700,0
2022-08-29 13:01:00,700,700,700,700,0
2022-08-29 13:02:00,700,700,700,700,0
2022-08-29 13:03:00,700,700,700,700,0
2022-08-29 13:04:00,700,700,700,700,0
2022-08-29 13:05:00,700,700,700,700,0
2022-08-29 13:06:00,700,700,700,700,0
2022-08-29 13:07:00,700,700,700,700,0
2022-08-29 13:08:00,700,700,700,700,0
2022-08-29 13:09:00,700,700,700,700,0
2022-08-29 13:10:00,700,700,700,700,0
2022-08-29 13:11:00,700,700,700,700,0
2022-08-29 13:12:00,700,700,700,700,0
2022-08-29 13:13:00,700,700,700,700,0
2022-08-29 13:14:00,700,700,700,700,0
2022-08-29 13:15:00,700,700,700,700,0
2022-08-29 13:16:00,700,700,700,700,0
2022-08-29 13:17:00,700,700,700,700,0
2022-08-29 13:18:00,700,700,700,700,0
2022-08-29 13:19:00,700,700,700,700,0
2022-08-29 13:20:00,700,700,700,700,0
2022-08-29 13:21:00,700,700,700,700,0
2022-08-29 13:22:00,700,700,700,700,0
2022-08-29 13:23:00,700,700,700,700,0
2022-08-29 13:24:00,700,700,700,700,0
2022-08-29 13:25:00,700,700,700,700,0
2022-08-29 13:26:00,700,700,700,700,0
2022-08-29 13:27:00,700,700,700,700,0
2022-08-29 13:28:00,700,700,700,700,0
2022-08-29 13:29:00,700,700,700,700,0
2022-08-29 13:30:00,700,695,700,695,42000
2022-08-29 13:31:00,700,695,700,695,0
2022-08-29 13:32:00,700,695,700,695,0
2022-08-29 13:33:00,700,695,700,695,0
2022-08-29 13:34:00,700,695,700,695,0
2022-08-29 13:35:00,700,695,700,695,0
2022-08-29 13:36:00,700,700,700,700,1200
2022-08-29 13:37:00,700,700,700,700,0
2022-08-29 13:38:00,700,700,700,700,0
2022-08-29 13:39:00,705,705,705,705,0
2022-08-29 13:40:00,705,705,705,705,0
2022-08-29 13:41:00,705,705,705,705,0
2022-08-29 13:42:00,705,705,705,705,0
2022-08-29 13:43:00,705,705,705,705,400
2022-08-29 13:44:00,705,705,705,705,0
2022-08-29 13:45:00,705,705,705,705,0
2022-08-29 13:46:00,705,705,705,705,0
2022-08-29 13:47:00,705,705,705,705,20000
2022-08-29 13:48:00,705,705,705,705,0
2022-08-29 13:49:00,705,705,705,705,0
2022-08-29 13:50:00,700,700,700,700,0
2022-08-29 13:51:00,700,700,700,700,0
2022-08-29 13:52:00,700,700,700,700,0
2022-08-29 13:53:00,700,700,700,700,0
2022-08-29 13:54:00,700,700,700,700,0
2022-08-29 13:55:00,700,700,700,700,0
2022-08-29 13:56:00,700,700,700,700,0
2022-08-29 13:57:00,700,700,700,700,0
2022-08-29 13:58:00,700,700,700,700,0
2022-08-29 13:59:00,700,700,700,700,0
2022-08-29 14:00:00,700,700,700,700,0
2022-08-29 14:01:00,700,700,700,700,0
2022-08-29 14:02:00,700,700,700,700,0
2022-08-29 14:03:00,700,700,700,700,0
2022-08-29 14:04:00,700,700,700,700,0
2022-08-29 14:05:00,700,700,700,700,1000
2022-08-29 14:06:00,700,700,700,700,0
2022-08-29 14:07:00,700,700,700,700,0
2022-08-29 14:08:00,700,700,700,700,0
2022-08-29 14:09:00,700,700,700,700,2300
2022-08-29 14:10:00,700,700,700,700,0
2022-08-29 14:11:00,700,700,700,700,0
2022-08-29 14:12:00,700,700,700,700,0
2022-08-29 14:13:00,700,700,700,700,0
2022-08-29 14:14:00,700,700,700,700,0
2022-08-29 14:15:00,700,700,700,700,0
2022-08-29 14:16:00,700,700,700,700,0
2022-08-29 14:17:00,700,700,700,700,200
2022-08-29 14:18:00,705,705,705,705,200
2022-08-29 14:19:00,705,705,705,705,0
2022-08-29 14:20:00,700,700,700,700,900
2022-08-29 14:21:00,700,700,700,700,0
2022-08-29 14:22:00,700,700,700,700,0
2022-08-29 14:23:00,700,700,700,700,0
2022-08-29 14:24:00,705,705,705,705,0
2022-08-29 14:25:00,705,705,705,705,0
2022-08-29 14:26:00,705,705,705,705,0
2022-08-29 14:27:00,705,705,705,705,100
2022-08-29 14:28:00,705,705,705,705,0
2022-08-29 14:29:00,705,705,705,705,0
2022-08-29 14:30:00,705,705,705,705,0
2022-08-29 14:31:00,705,705,705,705,0
2022-08-29 14:32:00,705,705,705,705,0
2022-08-29 14:33:00,705,705,705,705,0
2022-08-29 14:34:00,705,705,705,705,0
2022-08-29 14:35:00,700,700,700,700,1400
2022-08-29 14:36:00,705,705,705,705,2100
2022-08-29 14:37:00,705,705,705,705,0
2022-08-29 14:38:00,705,705,705,705,0
2022-08-29 14:39:00,705,705,705,705,0
2022-08-29 14:40:00,705,705,705,705,0
2022-08-29 14:41:00,700,700,700,700,10600
2022-08-29 14:42:00,700,700,700,700,0
2022-08-29 14:43:00,705,705,705,705,0
2022-08-29 14:44:00,700,700,700,700,100
2022-08-29 14:45:00,700,700,700,700,0
2022-08-29 14:46:00,700,700,700,700,0
2022-08-29 14:47:00,705,705,705,705,7100
2022-08-29 14:48:00,705,705,705,705,0
2022-08-29 14:49:00,705,705,705,705,0
2022-08-29 14:50:00,705,705,705,705,0
2022-08-29 14:51:00,705,705,705,705,0
2022-08-29 14:52:00,705,705,705,705,0
2022-08-29 14:53:00,705,705,705,705,0
2022-08-29 14:54:00,705,705,705,705,0
2022-08-29 14:55:00,705,705,705,705,0
2022-08-29 14:56:00,705,705,705,705,0
2022-08-29 14:57:00,705,705,705,705,0
2022-08-29 14:58:00,705,705,705,705,0
2022-08-29 14:59:00,705,705,705,705,0
2022-08-29 15:00:00,705,705,705,705,300
2022-08-29 15:01:00,705,705,705,705,0
2022-08-29 15:02:00,705,705,705,705,0
2022-08-29 15:03:00,705,705,705,705,0
2022-08-29 15:04:00,705,705,705,705,0
2022-08-29 15:05:00,705,705,705,705,0
2022-08-29 15:06:00,705,705,705,705,0
2022-08-29 15:07:00,705,705,705,705,0
2022-08-29 15:08:00,705,705,705,705,0
2022-08-29 15:09:00,705,705,705,705,0
2022-08-29 15:10:00,705,705,705,705,0
2022-08-29 15:11:00,705,705,705,705,0
2022-08-29 15:12:00,705,705,705,705,0
2022-08-29 15:13:00,705,705,705,705,0
2022-08-29 15:14:00,705,705,705,705,0
2022-08-29 15:15:00,705,705,705,705,0
2022-08-29 15:16:00,705,705,705,705,0
2022-08-29 15:17:00,705,705,705,705,0
2022-08-29 15:18:00,705,705,705,705,0
2022-08-29 15:19:00,705,705,705,705,0
2022-08-29 15:20:00,705,705,705,705,0
2022-08-29 15:21:00,705,705,705,705,0
2022-08-29 15:22:00,705,705,705,705,0
2022-08-29 15:23:00,705,705,705,705,0
2022-08-29 15:24:00,705,705,705,705,0
2022-08-29 15:25:00,705,705,705,705,0
2022-08-29 15:26:00,705,705,705,705,0
2022-08-29 15:27:00,705,705,705,705,0
2022-08-29 15:28:00,705,705,705,705,0
2022-08-29 15:29:00,705,705,705,705,0
2022-08-29 15:30:00,705,705,705,705,0
2022-08-29 15:31:00,705,705,705,705,0
2022-08-29 15:32:00,705,705,705,705,0
2022-08-29 15:33:00,705,705,705,705,0
2022-08-29 15:34:00,705,705,705,705,0
2022-08-29 15:35:00,705,705,705,705,0
2022-08-29 15:36:00,705,705,705,705,0
2022-08-29 15:37:00,705,705,705,705,0
2022-08-29 15:38:00,705,705,705,705,0
2022-08-29 15:39:00,705,705,705,705,0
2022-08-29 15:40:00,705,705,705,705,0
2022-08-29 15:41:00,705,705,705,705,0
2022-08-29 15:42:00,705,705,705,705,0
2022-08-29 15:43:00,705,705,705,705,0
2022-08-29 15:44:00,705,705,705,705,0
2022-08-29 15:45:00,705,705,705,705,0
2022-08-29 15:46:00,705,705,705,705,0
2022-08-29 15:47:00,705,705,705,705,0
2022-08-29 15:48:00,705,705,705,705,0
2022-08-29 15:49:00,705,705,705,705,0
2022-08-29 15:50:00,705,705,705,705,0
2022-08-29 15:51:00,705,705,705,705,0
2022-08-29 15:52:00,705,705,705,705,0
2022-08-29 15:53:00,705,705,705,705,0
2022-08-29 15:54:00,705,705,705,705,0
2022-08-29 15:55:00,705,705,705,705,0
2022-08-29 15:56:00,705,705,705,705,0
2022-08-29 15:57:00,705,705,705,705,0
2022-08-29 15:58:00,705,705,705,705,0
2022-08-29 15:59:00,705,705,705,705,0
2022-08-30 09:00:00,705,695,705,700,17700
2022-08-30 09:01:00,700,700,700,700,9500
2022-08-30 09:02:00,700,700,700,700,0
2022-08-30 09:03:00,700,700,700,700,0
2022-08-30 09:04:00,695,695,695,695,8200
2022-08-30 09:05:00,700,695,700,695,0
2022-08-30 09:06:00,700,700,700,700,0
2022-08-30 09:07:00,700,700,700,700,100
2022-08-30 09:08:00,700,700,700,700,0
2022-08-30 09:09:00,700,700,700,700,0
2022-08-30 09:10:00,700,700,700,700,100
2022-08-30 09:11:00,700,700,700,700,0
2022-08-30 09:12:00,700,700,700,700,700
2022-08-30 09:13:00,700,700,700,700,1400
2022-08-30 09:14:00,700,700,700,700,0
2022-08-30 09:15:00,700,700,700,700,0
2022-08-30 09:16:00,700,700,700,700,0
2022-08-30 09:17:00,700,700,700,700,0
2022-08-30 09:18:00,700,700,700,700,9900
2022-08-30 09:19:00,700,700,700,700,0
2022-08-30 09:20:00,700,700,700,700,600
2022-08-30 09:21:00,700,700,700,700,0
2022-08-30 09:22:00,700,700,700,700,0
2022-08-30 09:23:00,700,700,700,700,0
2022-08-30 09:24:00,700,700,700,700,0
2022-08-30 09:25:00,700,700,700,700,0
2022-08-30 09:26:00,700,700,700,700,0
2022-08-30 09:27:00,700,700,700,700,0
2022-08-30 09:28:00,700,700,700,700,0
2022-08-30 09:29:00,700,700,700,700,0
2022-08-30 09:30:00,705,705,705,705,200
2022-08-30 09:31:00,710,710,710,710,100
2022-08-30 09:32:00,710,710,710,710,0
2022-08-30 09:33:00,710,710,710,710,0
2022-08-30 09:34:00,700,695,700,700,22100
2022-08-30 09:35:00,695,695,695,695,88300
2022-08-30 09:36:00,695,695,695,695,400
2022-08-30 09:37:00,695,695,695,695,7300
2022-08-30 09:38:00,695,695,695,695,0
2022-08-30 09:39:00,695,695,695,695,0
2022-08-30 09:40:00,695,695,695,695,200
2022-08-30 09:41:00,695,695,695,695,0
2022-08-30 09:42:00,695,695,695,695,0
2022-08-30 09:43:00,695,695,695,695,0
2022-08-30 09:44:00,695,695,695,695,0
2022-08-30 09:45:00,695,695,695,695,0
2022-08-30 09:46:00,695,695,695,695,0
2022-08-30 09:47:00,695,695,695,695,0
2022-08-30 09:48:00,695,695,695,695,0
2022-08-30 09:49:00,695,695,695,695,0
2022-08-30 09:50:00,700,700,700,700,600
2022-08-30 09:51:00,700,700,700,700,0
2022-08-30 09:52:00,700,700,700,700,0
2022-08-30 09:53:00,700,700,700,700,0
2022-08-30 09:54:00,700,700,700,700,0
2022-08-30 09:55:00,700,700,700,700,0
2022-08-30 09:56:00,705,705,705,705,600
2022-08-30 09:57:00,705,705,705,705,0
2022-08-30 09:58:00,705,705,705,705,0
2022-08-30 09:59:00,705,705,705,705,0
2022-08-30 10:00:00,705,705,705,705,0
2022-08-30 10:01:00,705,705,705,705,0
2022-08-30 10:02:00,705,705,705,705,0
2022-08-30 10:03:00,705,705,705,705,0
2022-08-30 10:04:00,700,700,700,700,300
2022-08-30 10:05:00,700,700,700,700,0
2022-08-30 10:06:00,700,700,700,700,0
2022-08-30 10:07:00,700,700,700,700,0
2022-08-30 10:08:00,700,700,700,700,0
2022-08-30 10:09:00,700,700,700,700,0
2022-08-30 10:10:00,700,700,700,700,500
2022-08-30 10:11:00,700,700,700,700,0
2022-08-30 10:12:00,700,700,700,700,0
2022-08-30 10:13:00,700,700,700,700,200
2022-08-30 10:14:00,705,705,705,705,300
2022-08-30 10:15:00,705,705,705,705,0
2022-08-30 10:16:00,705,705,705,705,0
2022-08-30 10:17:00,705,705,705,705,0
2022-08-30 10:18:00,705,705,705,705,0
2022-08-30 10:19:00,705,705,705,705,0
2022-08-30 10:20:00,700,700,700,700,1200
2022-08-30 10:21:00,700,700,700,700,0
2022-08-30 10:22:00,700,700,700,700,0
2022-08-30 10:23:00,705,705,705,705,0
2022-08-30 10:24:00,705,705,705,705,0
2022-08-30 10:25:00,705,705,705,705,0
2022-08-30 10:26:00,705,705,705,705,0
2022-08-30 10:27:00,705,705,705,705,0
2022-08-30 10:28:00,705,705,705,705,0
2022-08-30 10:29:00,700,700,700,700,31900
2022-08-30 10:30:00,705,705,705,705,0
2022-08-30 10:31:00,705,705,705,705,0
2022-08-30 10:32:00,705,705,705,705,0
2022-08-30 10:33:00,705,705,705,705,0
2022-08-30 10:34:00,700,700,700,700,0
2022-08-30 10:35:00,700,700,700,700,800
2022-08-30 10:36:00,700,700,700,700,0
2022-08-30 10:37:00,700,700,700,700,0
2022-08-30 10:38:00,700,700,700,700,0
2022-08-30 10:39:00,700,700,700,700,0
2022-08-30 10:40:00,700,700,700,700,0
2022-08-30 10:41:00,700,700,700,700,0
2022-08-30 10:42:00,700,700,700,700,0
2022-08-30 10:43:00,700,700,700,700,0
2022-08-30 10:44:00,700,700,700,700,0
2022-08-30 10:45:00,700,700,700,700,0
2022-08-30 10:46:00,700,700,700,700,0
2022-08-30 10:47:00,700,700,700,700,0
2022-08-30 10:48:00,700,700,700,700,0
2022-08-30 10:49:00,695,695,695,695,500
2022-08-30 10:50:00,695,695,695,695,0
2022-08-30 10:51:00,695,695,695,695,0
2022-08-30 10:52:00,695,695,695,695,0
2022-08-30 10:53:00,695,695,695,695,0
2022-08-30 10:54:00,695,695,695,695,0
2022-08-30 10:55:00,695,695,695,695,0
2022-08-30 10:56:00,700,700,700,700,700
2022-08-30 10:57:00,700,700,700,700,0
2022-08-30 10:58:00,705,705,705,705,100
2022-08-30 10:59:00,705,705,705,705,0
2022-08-30 11:00:00,705,705,705,705,0
2022-08-30 11:01:00,705,705,705,705,0
2022-08-30 11:02:00,705,705,705,705,0
2022-08-30 11:03:00,705,705,705,705,0
2022-08-30 11:04:00,700,700,700,700,400
2022-08-30 11:05:00,700,700,700,700,0
2022-08-30 11:06:00,700,700,700,700,0
2022-08-30 11:07:00,700,700,700,700,0
2022-08-30 11:08:00,700,700,700,700,0
2022-08-30 11:09:00,700,700,700,700,0
2022-08-30 11:10:00,700,700,700,700,22600
2022-08-30 11:11:00,700,700,700,700,0
2022-08-30 11:12:00,700,700,700,700,19800
2022-08-30 11:13:00,695,695,700,700,1400
2022-08-30 11:14:00,695,695,700,700,0
2022-08-30 11:15:00,695,695,700,700,0
2022-08-30 11:16:00,695,695,700,700,0
2022-08-30 11:17:00,695,695,700,700,0
2022-08-30 11:18:00,695,695,695,695,0
2022-08-30 11:19:00,695,695,695,695,0
2022-08-30 11:20:00,695,695,695,695,0
2022-08-30 11:21:00,700,700,700,700,500
2022-08-30 11:22:00,700,700,700,700,0
2022-08-30 11:23:00,700,700,700,700,0
2022-08-30 11:24:00,700,700,700,700,0
2022-08-30 11:25:00,700,700,700,700,0
2022-08-30 11:26:00,700,700,700,700,1800
2022-08-30 11:27:00,700,700,700,700,0
2022-08-30 11:28:00,700,700,700,700,0
2022-08-30 11:29:00,700,700,700,700,0
2022-08-30 11:30:00,700,700,700,700,0
2022-08-30 11:31:00,700,700,700,700,0
2022-08-30 11:32:00,700,700,700,700,0
2022-08-30 11:33:00,700,700,700,700,0
2022-08-30 11:34:00,700,700,700,700,0
2022-08-30 11:35:00,700,700,700,700,0
2022-08-30 11:36:00,700,700,700,700,0
2022-08-30 11:37:00,700,700,700,700,0
2022-08-30 11:38:00,700,700,700,700,0
2022-08-30 11:39:00,700,700,700,700,0
2022-08-30 11:40:00,700,700,700,700,0
2022-08-30 11:41:00,700,700,700,700,0
2022-08-30 11:42:00,700,700,700,700,0
2022-08-30 11:43:00,700,700,700,700,0
2022-08-30 11:44:00,700,700,700,700,0
2022-08-30 11:45:00,700,700,700,700,0
2022-08-30 11:46:00,700,700,700,700,0
2022-08-30 11:47:00,700,700,700,700,0
2022-08-30 11:48:00,700,700,700,700,0
2022-08-30 11:49:00,700,700,700,700,0
2022-08-30 11:50:00,700,700,700,700,0
2022-08-30 11:51:00,700,700,700,700,0
2022-08-30 11:52:00,700,700,700,700,0
2022-08-30 11:53:00,700,700,700,700,0
2022-08-30 11:54:00,700,700,700,700,0
2022-08-30 11:55:00,700,700,700,700,0
2022-08-30 11:56:00,700,700,700,700,0
2022-08-30 11:57:00,700,700,700,700,0
2022-08-30 11:58:00,700,700,700,700,0
2022-08-30 11:59:00,700,700,700,700,0
2022-08-30 12:00:00,700,700,700,700,0
2022-08-30 12:01:00,700,700,700,700,0
2022-08-30 12:02:00,700,700,700,700,0
2022-08-30 12:03:00,700,700,700,700,0
2022-08-30 12:04:00,700,700,700,700,0
2022-08-30 12:05:00,700,700,700,700,0
2022-08-30 12:06:00,700,700,700,700,0
2022-08-30 12:07:00,700,700,700,700,0
2022-08-30 12:08:00,700,700,700,700,0
2022-08-30 12:09:00,700,700,700,700,0
2022-08-30 12:10:00,700,700,700,700,0
2022-08-30 12:11:00,700,700,700,700,0
2022-08-30 12:12:00,700,700,700,700,0
2022-08-30 12:13:00,700,700,700,700,0
2022-08-30 12:14:00,700,700,700,700,0
2022-08-30 12:15:00,700,700,700,700,0
2022-08-30 12:16:00,700,700,700,700,0
2022-08-30 12:17:00,700,700,700,700,0
2022-08-30 12:18:00,700,700,700,700,0
2022-08-30 12:19:00,700,700,700,700,0
2022-08-30 12:20:00,700,700,700,700,0
2022-08-30 12:21:00,700,700,700,700,0
2022-08-30 12:22:00,700,700,700,700,0
2022-08-30 12:23:00,700,700,700,700,0
2022-08-30 12:24:00,700,700,700,700,0
2022-08-30 12:25:00,700,700,700,700,0
2022-08-30 12:26:00,700,700,700,700,0
2022-08-30 12:27:00,700,700,700,700,0
2022-08-30 12:28:00,700,700,700,700,0
2022-08-30 12:29:00,700,700,700,700,0
2022-08-30 12:30:00,700,700,700,700,0
2022-08-30 12:31:00,700,700,700,700,0
2022-08-30 12:32:00,700,700,700,700,0
2022-08-30 12:33:00,700,700,700,700,0
2022-08-30 12:34:00,700,700,700,700,0
2022-08-30 12:35:00,700,700,700,700,0
2022-08-30 12:36:00,700,700,700,700,0
2022-08-30 12:37:00,700,700,700,700,0
2022-08-30 12:38:00,700,700,700,700,0
2022-08-30 12:39:00,700,700,700,700,0
2022-08-30 12:40:00,700,700,700,700,0
2022-08-30 12:41:00,700,700,700,700,0
2022-08-30 12:42:00,700,700,700,700,0
2022-08-30 12:43:00,700,700,700,700,0
2022-08-30 12:44:00,700,700,700,700,0
2022-08-30 12:45:00,700,700,700,700,0
2022-08-30 12:46:00,700,700,700,700,0
2022-08-30 12:47:00,700,700,700,700,0
2022-08-30 12:48:00,700,700,700,700,0
2022-08-30 12:49:00,700,700,700,700,0
2022-08-30 12:50:00,700,700,700,700,0
2022-08-30 12:51:00,700,700,700,700,0
2022-08-30 12:52:00,700,700,700,700,0
2022-08-30 12:53:00,700,700,700,700,0
2022-08-30 12:54:00,700,700,700,700,0
2022-08-30 12:55:00,700,700,700,700,0
2022-08-30 12:56:00,700,700,700,700,0
2022-08-30 12:57:00,700,700,700,700,0
2022-08-30 12:58:00,700,700,700,700,0
2022-08-30 12:59:00,700,700,700,700,0
2022-08-30 13:00:00,700,700,700,700,0
2022-08-30 13:01:00,700,700,700,700,0
2022-08-30 13:02:00,700,700,700,700,0
2022-08-30 13:03:00,700,700,700,700,0
2022-08-30 13:04:00,700,700,700,700,0
2022-08-30 13:05:00,700,700,700,700,0
2022-08-30 13:06:00,700,700,700,700,0
2022-08-30 13:07:00,700,700,700,700,0
2022-08-30 13:08:00,700,700,700,700,0
2022-08-30 13:09:00,700,700,700,700,0
2022-08-30 13:10:00,700,700,700,700,0
2022-08-30 13:11:00,700,700,700,700,0
2022-08-30 13:12:00,700,700,700,700,0
2022-08-30 13:13:00,700,700,700,700,0
2022-08-30 13:14:00,700,700,700,700,0
2022-08-30 13:15:00,700,700,700,700,0
2022-08-30 13:16:00,700,700,700,700,0
2022-08-30 13:17:00,700,700,700,700,0
2022-08-30 13:18:00,700,700,700,700,0
2022-08-30 13:19:00,700,700,700,700,0
2022-08-30 13:20:00,700,700,700,700,0
2022-08-30 13:21:00,700,700,700,700,0
2022-08-30 13:22:00,700,700,700,700,0
2022-08-30 13:23:00,700,700,700,700,0
2022-08-30 13:24:00,700,700,700,700,0
2022-08-30 13:25:00,700,700,700,700,0
2022-08-30 13:26:00,700,700,700,700,0
2022-08-30 13:27:00,700,700,700,700,0
2022-08-30 13:28:00,700,700,700,700,0
2022-08-30 13:29:00,700,700,700,700,0
2022-08-30 13:30:00,700,700,700,700,0
2022-08-30 13:31:00,700,700,700,700,0
2022-08-30 13:32:00,705,705,705,705,200
2022-08-30 13:33:00,705,700,705,700,2100
2022-08-30 13:34:00,700,700,700,700,0
2022-08-30 13:35:00,700,700,700,700,0
2022-08-30 13:36:00,700,700,700,700,0
2022-08-30 13:37:00,700,700,700,700,0
2022-08-30 13:38:00,700,700,700,700,0
2022-08-30 13:39:00,700,700,700,700,0
2022-08-30 13:40:00,700,700,700,700,0
2022-08-30 13:41:00,700,700,700,700,0
2022-08-30 13:42:00,700,700,700,700,0
2022-08-30 13:43:00,700,700,700,700,0
2022-08-30 13:44:00,700,700,700,700,0
2022-08-30 13:45:00,700,700,700,700,0
2022-08-30 13:46:00,700,700,700,700,0
2022-08-30 13:47:00,700,700,700,700,0
2022-08-30 13:48:00,700,700,700,700,600
2022-08-30 13:49:00,700,700,700,700,0
2022-08-30 13:50:00,700,700,700,700,0
2022-08-30 13:51:00,700,700,700,700,0
2022-08-30 13:52:00,700,700,700,700,0
2022-08-30 13:53:00,700,700,700,700,0
2022-08-30 13:54:00,700,700,700,700,0
2022-08-30 13:55:00,700,700,700,700,0
2022-08-30 13:56:00,700,700,700,700,0
2022-08-30 13:57:00,700,700,700,700,0
2022-08-30 13:58:00,700,700,700,700,0
2022-08-30 13:59:00,700,700,700,700,0
2022-08-30 14:00:00,700,700,700,700,0
2022-08-30 14:01:00,700,700,700,700,0
2022-08-30 14:02:00,705,705,705,705,3000
2022-08-30 14:03:00,700,700,700,700,0
2022-08-30 14:04:00,700,700,700,700,0
2022-08-30 14:05:00,700,700,700,700,0
2022-08-30 14:06:00,700,700,700,700,0
2022-08-30 14:07:00,700,700,700,700,0
2022-08-30 14:08:00,700,700,700,700,0
2022-08-30 14:09:00,700,700,700,700,4000
2022-08-30 14:10:00,700,700,700,700,0
2022-08-30 14:11:00,705,705,705,705,200
2022-08-30 14:12:00,705,705,705,705,0
2022-08-30 14:13:00,705,705,705,705,0
2022-08-30 14:14:00,705,705,705,705,0
2022-08-30 14:15:00,705,705,705,705,0
2022-08-30 14:16:00,705,705,705,705,0
2022-08-30 14:17:00,705,705,705,705,0
2022-08-30 14:18:00,705,705,705,705,0
2022-08-30 14:19:00,700,700,700,700,700
2022-08-30 14:20:00,700,700,700,700,0
2022-08-30 14:21:00,700,700,700,700,0
2022-08-30 14:22:00,700,700,700,700,0
2022-08-30 14:23:00,700,695,700,695,199700
2022-08-30 14:24:00,700,695,700,695,0
2022-08-30 14:25:00,695,695,695,695,4400
2022-08-30 14:26:00,695,695,695,695,0
2022-08-30 14:27:00,695,695,695,695,0
2022-08-30 14:28:00,695,695,695,695,0
2022-08-30 14:29:00,695,695,695,695,0
2022-08-30 14:30:00,695,695,695,695,0
2022-08-30 14:31:00,695,695,695,695,0
2022-08-30 14:32:00,695,695,695,695,0
2022-08-30 14:33:00,695,695,695,695,0
2022-08-30 14:34:00,705,695,705,695,1400
2022-08-30 14:35:00,700,700,700,700,100
2022-08-30 14:36:00,700,700,700,700,0
2022-08-30 14:37:00,700,700,700,700,0
2022-08-30 14:38:00,700,700,700,700,0
2022-08-30 14:39:00,700,700,700,700,0
2022-08-30 14:40:00,700,695,700,695,300
2022-08-30 14:41:00,700,695,700,695,0
2022-08-30 14:42:00,700,695,700,695,0
2022-08-30 14:43:00,700,695,700,695,0
2022-08-30 14:44:00,700,695,700,695,0
2022-08-30 14:45:00,700,695,700,695,0
2022-08-30 14:46:00,700,695,700,695,0
2022-08-30 14:47:00,700,695,700,695,0
2022-08-30 14:48:00,700,695,700,695,0
2022-08-30 14:49:00,695,695,695,695,400
2022-08-30 14:50:00,695,695,695,695,0
2022-08-30 14:51:00,695,695,695,695,0
2022-08-30 14:52:00,695,695,695,695,0
2022-08-30 14:53:00,695,695,695,695,0
2022-08-30 14:54:00,695,695,695,695,0
2022-08-30 14:55:00,695,695,695,695,0
2022-08-30 14:56:00,695,695,695,695,0
2022-08-30 14:57:00,695,695,695,695,0
2022-08-30 14:58:00,695,695,695,695,0
2022-08-30 14:59:00,695,695,695,695,0
2022-08-30 15:00:00,695,695,695,695,3500
2022-08-30 15:01:00,695,695,695,695,0
2022-08-30 15:02:00,695,695,695,695,0
2022-08-30 15:03:00,695,695,695,695,0
2022-08-30 15:04:00,695,695,695,695,0
2022-08-30 15:05:00,695,695,695,695,0
2022-08-30 15:06:00,695,695,695,695,0
2022-08-30 15:07:00,695,695,695,695,0
2022-08-30 15:08:00,695,695,695,695,0
2022-08-30 15:09:00,695,695,695,695,0
2022-08-30 15:10:00,695,695,695,695,0
2022-08-30 15:11:00,695,695,695,695,0
2022-08-30 15:12:00,695,695,695,695,0
2022-08-30 15:13:00,695,695,695,695,0
2022-08-30 15:14:00,695,695,695,695,0
2022-08-30 15:15:00,695,695,695,695,0
2022-08-30 15:16:00,695,695,695,695,0
2022-08-30 15:17:00,695,695,695,695,0
2022-08-30 15:18:00,695,695,695,695,0
2022-08-30 15:19:00,695,695,695,695,0
2022-08-30 15:20:00,695,695,695,695,0
2022-08-30 15:21:00,695,695,695,695,0
2022-08-30 15:22:00,695,695,695,695,0
2022-08-30 15:23:00,695,695,695,695,0
2022-08-30 15:24:00,695,695,695,695,0
2022-08-30 15:25:00,695,695,695,695,0
2022-08-30 15:26:00,695,695,695,695,0
2022-08-30 15:27:00,695,695,695,695,0
2022-08-30 15:28:00,695,695,695,695,0
2022-08-30 15:29:00,695,695,695,695,0
2022-08-30 15:30:00,695,695,695,695,0
2022-08-30 15:31:00,695,695,695,695,0
2022-08-30 15:32:00,695,695,695,695,0
2022-08-30 15:33:00,695,695,695,695,0
2022-08-30 15:34:00,695,695,695,695,0
2022-08-30 15:35:00,695,695,695,695,0
2022-08-30 15:36:00,695,695,695,695,0
2022-08-30 15:37:00,695,695,695,695,0
2022-08-30 15:38:00,695,695,695,695,0
2022-08-30 15:39:00,695,695,695,695,0
2022-08-30 15:40:00,695,695,695,695,0
2022-08-30 15:41:00,695,695,695,695,0
2022-08-30 15:42:00,695,695,695,695,0
2022-08-30 15:43:00,695,695,695,695,0
2022-08-30 15:44:00,695,695,695,695,0
2022-08-30 15:45:00,695,695,695,695,0
2022-08-30 15:46:00,695,695,695,695,0
2022-08-30 15:47:00,695,695,695,695,0
2022-08-30 15:48:00,695,695,695,695,0
2022-08-30 15:49:00,695,695,695,695,0
2022-08-30 15:50:00,695,695,695,695,0
2022-08-30 15:51:00,695,695,695,695,0
2022-08-30 15:52:00,695,695,695,695,0
2022-08-30 15:53:00,695,695,695,695,0
2022-08-30 15:54:00,695,695,695,695,0
2022-08-30 15:55:00,695,695,695,695,0
2022-08-30 15:56:00,695,695,695,695,0
2022-08-30 15:57:00,695,695,695,695,0
2022-08-30 15:58:00,695,695,695,695,0
2022-08-30 15:59:00,695,695,695,695,0
2022-08-31 09:00:00,695,695,705,705,1000
2022-08-31 09:01:00,695,695,705,705,0
2022-08-31 09:02:00,695,695,705,705,0
2022-08-31 09:03:00,695,695,705,705,0
2022-08-31 09:04:00,695,695,705,705,0
2022-08-31 09:05:00,695,695,705,705,0
2022-08-31 09:06:00,700,700,700,700,1000
2022-08-31 09:07:00,700,700,700,700,200
2022-08-31 09:08:00,700,700,700,700,0
2022-08-31 09:09:00,700,700,700,700,0
2022-08-31 09:10:00,700,700,700,700,0
2022-08-31 09:11:00,700,700,700,700,0
2022-08-31 09:12:00,700,700,700,700,0
2022-08-31 09:13:00,700,700,700,700,400
2022-08-31 09:14:00,700,700,700,700,0
2022-08-31 09:15:00,700,695,700,695,85200
2022-08-31 09:16:00,700,695,700,695,0
2022-08-31 09:17:00,700,695,700,695,0
2022-08-31 09:18:00,690,690,690,690,6400
2022-08-31 09:19:00,700,700,700,700,0
2022-08-31 09:20:00,700,700,700,700,0
2022-08-31 09:21:00,695,690,695,690,600
2022-08-31 09:22:00,695,690,695,690,0
2022-08-31 09:23:00,695,690,695,690,0
2022-08-31 09:24:00,695,690,695,690,0
2022-08-31 09:25:00,695,695,695,695,0
2022-08-31 09:26:00,695,695,695,695,0
2022-08-31 09:27:00,695,695,695,695,0
2022-08-31 09:28:00,695,695,695,695,0
2022-08-31 09:29:00,695,695,695,695,0
2022-08-31 09:30:00,695,695,695,695,0
2022-08-31 09:31:00,695,695,695,695,0
2022-08-31 09:32:00,695,695,695,695,0
2022-08-31 09:33:00,695,695,695,695,0
2022-08-31 09:34:00,695,695,695,695,0
2022-08-31 09:35:00,695,690,695,690,500
2022-08-31 09:36:00,695,690,695,690,0
2022-08-31 09:37:00,695,690,695,690,0
2022-08-31 09:38:00,695,690,695,690,0
2022-08-31 09:39:00,695,690,695,690,0
2022-08-31 09:40:00,695,690,695,690,0
2022-08-31 09:41:00,690,690,690,690,25000
2022-08-31 09:42:00,690,690,690,690,0
2022-08-31 09:43:00,690,690,690,690,1600
2022-08-31 09:44:00,690,690,690,690,0
2022-08-31 09:45:00,690,690,690,690,0
2022-08-31 09:46:00,690,690,690,690,0
2022-08-31 09:47:00,690,690,690,690,0
2022-08-31 09:48:00,690,690,690,690,0
2022-08-31 09:49:00,690,690,690,690,0
2022-08-31 09:50:00,690,690,690,690,400
2022-08-31 09:51:00,690,690,690,690,0
2022-08-31 09:52:00,690,690,690,690,0
2022-08-31 09:53:00,690,690,690,690,27300
2022-08-31 09:54:00,690,690,690,690,0
2022-08-31 09:55:00,690,690,690,690,500
2022-08-31 09:56:00,690,690,690,690,0
2022-08-31 09:57:00,690,690,690,690,0
2022-08-31 09:58:00,690,690,690,690,0
2022-08-31 09:59:00,690,690,690,690,0
2022-08-31 10:00:00,690,690,690,690,0
2022-08-31 10:01:00,690,690,690,690,0
2022-08-31 10:02:00,690,690,690,690,0
2022-08-31 10:03:00,690,690,690,690,200
2022-08-31 10:04:00,690,690,690,690,700
2022-08-31 10:05:00,690,690,690,690,0
2022-08-31 10:06:00,690,690,690,690,0
2022-08-31 10:07:00,690,690,690,690,0
2022-08-31 10:08:00,695,695,695,695,0
2022-08-31 10:09:00,695,695,695,695,0
2022-08-31 10:10:00,695,695,695,695,0
2022-08-31 10:11:00,700,700,700,700,100
2022-08-31 10:12:00,700,700,700,700,0
2022-08-31 10:13:00,700,700,700,700,0
2022-08-31 10:14:00,700,700,700,700,0
2022-08-31 10:15:00,700,700,700,700,0
2022-08-31 10:16:00,700,700,700,700,0
2022-08-31 10:17:00,700,700,700,700,0
2022-08-31 10:18:00,700,700,700,700,0
2022-08-31 10:19:00,695,695,695,695,500
2022-08-31 10:20:00,695,695,695,695,0
2022-08-31 10:21:00,695,695,695,695,0
2022-08-31 10:22:00,695,695,695,695,0
2022-08-31 10:23:00,695,695,695,695,0
2022-08-31 10:24:00,695,695,695,695,0
2022-08-31 10:25:00,695,695,695,695,0
2022-08-31 10:26:00,695,695,695,695,0
2022-08-31 10:27:00,695,695,695,695,0
2022-08-31 10:28:00,695,695,695,695,0
2022-08-31 10:29:00,695,695,695,695,0
2022-08-31 10:30:00,695,695,695,695,0
2022-08-31 10:31:00,695,695,695,695,0
2022-08-31 10:32:00,695,695,695,695,0
2022-08-31 10:33:00,695,695,695,695,1200
2022-08-31 10:34:00,700,700,700,700,800
2022-08-31 10:35:00,700,700,700,700,100
2022-08-31 10:36:00,700,700,700,700,0
2022-08-31 10:37:00,700,700,700,700,0
2022-08-31 10:38:00,700,700,700,700,0
2022-08-31 10:39:00,700,700,700,700,0
2022-08-31 10:40:00,700,700,700,700,0
2022-08-31 10:41:00,700,700,700,700,0
2022-08-31 10:42:00,695,690,695,690,119800
2022-08-31 10:43:00,690,690,690,690,2000
2022-08-31 10:44:00,690,690,690,690,0
2022-08-31 10:45:00,690,690,690,690,0
2022-08-31 10:46:00,690,690,690,690,0
2022-08-31 10:47:00,685,685,685,685,2000
2022-08-31 10:48:00,685,685,685,685,0
2022-08-31 10:49:00,685,685,685,685,0
2022-08-31 10:50:00,685,685,685,685,0
2022-08-31 10:51:00,685,685,685,685,0
2022-08-31 10:52:00,685,685,685,685,0
2022-08-31 10:53:00,685,685,685,685,0
2022-08-31 10:54:00,690,690,690,690,1500
2022-08-31 10:55:00,690,690,690,690,0
2022-08-31 10:56:00,690,690,690,690,0
2022-08-31 10:57:00,690,690,690,690,0
2022-08-31 10:58:00,690,690,690,690,0
2022-08-31 10:59:00,690,690,690,690,2000
2022-08-31 11:00:00,690,690,690,690,0
2022-08-31 11:01:00,690,690,690,690,0
2022-08-31 11:02:00,690,685,690,685,900
2022-08-31 11:03:00,690,685,690,685,0
2022-08-31 11:04:00,690,685,690,685,0
2022-08-31 11:05:00,685,685,685,685,13700
2022-08-31 11:06:00,690,690,690,690,0
2022-08-31 11:07:00,690,690,690,690,500
2022-08-31 11:08:00,690,690,690,690,0
2022-08-31 11:09:00,690,690,690,690,9500
2022-08-31 11:10:00,690,690,690,690,0
2022-08-31 11:11:00,690,690,690,690,65800
2022-08-31 11:12:00,690,690,690,690,0
2022-08-31 11:13:00,690,690,690,690,0
2022-08-31 11:14:00,690,690,690,690,0
2022-08-31 11:15:00,690,690,690,690,0
2022-08-31 11:16:00,690,690,690,690,0
2022-08-31 11:17:00,695,690,695,690,12500
2022-08-31 11:18:00,690,690,690,690,0
2022-08-31 11:19:00,690,690,690,690,0
2022-08-31 11:20:00,695,695,695,695,0
2022-08-31 11:21:00,695,695,695,695,0
2022-08-31 11:22:00,695,695,695,695,0
2022-08-31 11:23:00,695,695,695,695,0
2022-08-31 11:24:00,695,695,695,695,0
2022-08-31 11:25:00,695,695,695,695,0
2022-08-31 11:26:00,695,695,695,695,0
2022-08-31 11:27:00,695,695,695,695,0
2022-08-31 11:28:00,695,695,695,695,0
2022-08-31 11:29:00,700,700,700,700,2500
2022-08-31 11:30:00,700,700,700,700,0
2022-08-31 11:31:00,700,700,700,700,0
2022-08-31 11:32:00,700,700,700,700,0
2022-08-31 11:33:00,700,700,700,700,0
2022-08-31 11:34:00,700,700,700,700,0
2022-08-31 11:35:00,700,700,700,700,0
2022-08-31 11:36:00,700,700,700,700,0
2022-08-31 11:37:00,700,700,700,700,0
2022-08-31 11:38:00,700,700,700,700,0
2022-08-31 11:39:00,700,700,700,700,0
2022-08-31 11:40:00,700,700,700,700,0
2022-08-31 11:41:00,700,700,700,700,0
2022-08-31 11:42:00,700,700,700,700,0
2022-08-31 11:43:00,700,700,700,700,0
2022-08-31 11:44:00,700,700,700,700,0
2022-08-31 11:45:00,700,700,700,700,0
2022-08-31 11:46:00,700,700,700,700,0
2022-08-31 11:47:00,700,700,700,700,0
2022-08-31 11:48:00,700,700,700,700,0
2022-08-31 11:49:00,700,700,700,700,0
2022-08-31 11:50:00,700,700,700,700,0
2022-08-31 11:51:00,700,700,700,700,0
2022-08-31 11:52:00,700,700,700,700,0
2022-08-31 11:53:00,700,700,700,700,0
2022-08-31 11:54:00,700,700,700,700,0
2022-08-31 11:55:00,700,700,700,700,0
2022-08-31 11:56:00,700,700,700,700,0
2022-08-31 11:57:00,700,700,700,700,0
2022-08-31 11:58:00,700,700,700,700,0
2022-08-31 11:59:00,700,700,700,700,0
2022-08-31 12:00:00,700,700,700,700,0
2022-08-31 12:01:00,700,700,700,700,0
2022-08-31 12:02:00,700,700,700,700,0
2022-08-31 12:03:00,700,700,700,700,0
2022-08-31 12:04:00,700,700,700,700,0
2022-08-31 12:05:00,700,700,700,700,0
2022-08-31 12:06:00,700,700,700,700,0
2022-08-31 12:07:00,700,700,700,700,0
2022-08-31 12:08:00,700,700,700,700,0
2022-08-31 12:09:00,700,700,700,700,0
2022-08-31 12:10:00,700,700,700,700,0
2022-08-31 12:11:00,700,700,700,700,0
2022-08-31 12:12:00,700,700,700,700,0
2022-08-31 12:13:00,700,700,700,700,0
2022-08-31 12:14:00,700,700,700,700,0
2022-08-31 12:15:00,700,700,700,700,0
2022-08-31 12:16:00,700,700,700,700,0
2022-08-31 12:17:00,700,700,700,700,0
2022-08-31 12:18:00,700,700,700,700,0
2022-08-31 12:19:00,700,700,700,700,0
2022-08-31 12:20:00,700,700,700,700,0
2022-08-31 12:21:00,700,700,700,700,0
2022-08-31 12:22:00,700,700,700,700,0
2022-08-31 12:23:00,700,700,700,700,0
2022-08-31 12:24:00,700,700,700,700,0
2022-08-31 12:25:00,700,700,700,700,0
2022-08-31 12:26:00,700,700,700,700,0
2022-08-31 12:27:00,700,700,700,700,0
2022-08-31 12:28:00,700,700,700,700,0
2022-08-31 12:29:00,700,700,700,700,0
2022-08-31 12:30:00,700,700,700,700,0
2022-08-31 12:31:00,700,700,700,700,0
2022-08-31 12:32:00,700,700,700,700,0
2022-08-31 12:33:00,700,700,700,700,0
2022-08-31 12:34:00,700,700,700,700,0
2022-08-31 12:35:00,700,700,700,700,0
2022-08-31 12:36:00,700,700,700,700,0
2022-08-31 12:37:00,700,700,700,700,0
2022-08-31 12:38:00,700,700,700,700,0
2022-08-31 12:39:00,700,700,700,700,0
2022-08-31 12:40:00,700,700,700,700,0
2022-08-31 12:41:00,700,700,700,700,0
2022-08-31 12:42:00,700,700,700,700,0
2022-08-31 12:43:00,700,700,700,700,0
2022-08-31 12:44:00,700,700,700,700,0
2022-08-31 12:45:00,700,700,700,700,0
2022-08-31 12:46:00,700,700,700,700,0
2022-08-31 12:47:00,700,700,700,700,0
2022-08-31 12:48:00,700,700,700,700,0
2022-08-31 12:49:00,700,700,700,700,0
2022-08-31 12:50:00,700,700,700,700,0
2022-08-31 12:51:00,700,700,700,700,0
2022-08-31 12:52:00,700,700,700,700,0
2022-08-31 12:53:00,700,700,700,700,0
2022-08-31 12:54:00,700,700,700,700,0
2022-08-31 12:55:00,700,700,700,700,0
2022-08-31 12:56:00,700,700,700,700,0
2022-08-31 12:57:00,700,700,700,700,0
2022-08-31 12:58:00,700,700,700,700,0
2022-08-31 12:59:00,700,700,700,700,0
2022-08-31 13:00:00,700,700,700,700,0
2022-08-31 13:01:00,700,700,700,700,0
2022-08-31 13:02:00,700,700,700,700,0
2022-08-31 13:03:00,700,700,700,700,0
2022-08-31 13:04:00,700,700,700,700,0
2022-08-31 13:05:00,700,700,700,700,0
2022-08-31 13:06:00,700,700,700,700,0
2022-08-31 13:07:00,700,700,700,700,0
2022-08-31 13:08:00,700,700,700,700,0
2022-08-31 13:09:00,700,700,700,700,0
2022-08-31 13:10:00,700,700,700,700,0
2022-08-31 13:11:00,700,700,700,700,0
2022-08-31 13:12:00,700,700,700,700,0
2022-08-31 13:13:00,700,700,700,700,0
2022-08-31 13:14:00,700,700,700,700,0
2022-08-31 13:15:00,700,700,700,700,0
2022-08-31 13:16:00,700,700,700,700,0
2022-08-31 13:17:00,700,700,700,700,0
2022-08-31 13:18:00,700,700,700,700,0
2022-08-31 13:19:00,700,700,700,700,0
2022-08-31 13:20:00,700,700,700,700,0
2022-08-31 13:21:00,700,700,700,700,0
2022-08-31 13:22:00,700,700,700,700,0
2022-08-31 13:23:00,700,700,700,700,0
2022-08-31 13:24:00,700,700,700,700,0
2022-08-31 13:25:00,700,700,700,700,0
2022-08-31 13:26:00,700,700,700,700,0
2022-08-31 13:27:00,700,700,700,700,0
2022-08-31 13:28:00,700,700,700,700,0
2022-08-31 13:29:00,700,700,700,700,0
2022-08-31 13:30:00,700,700,700,700,400
2022-08-31 13:31:00,700,700,700,700,0
2022-08-31 13:32:00,700,700,700,700,0
2022-08-31 13:33:00,700,700,700,700,0
2022-08-31 13:34:00,700,700,700,700,0
2022-08-31 13:35:00,700,700,700,700,0
2022-08-31 13:36:00,700,700,700,700,0
2022-08-31 13:37:00,700,700,700,700,0
2022-08-31 13:38:00,700,700,700,700,0
2022-08-31 13:39:00,700,700,700,700,0
2022-08-31 13:40:00,700,700,700,700,0
2022-08-31 13:41:00,700,700,700,700,0
2022-08-31 13:42:00,700,700,700,700,0
2022-08-31 13:43:00,700,700,700,700,0
2022-08-31 13:44:00,700,700,700,700,0
2022-08-31 13:45:00,700,700,700,700,2000
2022-08-31 13:46:00,700,700,700,700,0
2022-08-31 13:47:00,700,700,700,700,0
2022-08-31 13:48:00,700,700,700,700,0
2022-08-31 13:49:00,700,700,700,700,0
2022-08-31 13:50:00,700,700,700,700,0
2022-08-31 13:51:00,700,700,700,700,0
2022-08-31 13:52:00,700,700,700,700,0
2022-08-31 13:53:00,700,700,700,700,0
2022-08-31 13:54:00,700,700,700,700,0
2022-08-31 13:55:00,700,700,700,700,0
2022-08-31 13:56:00,700,700,700,700,0
2022-08-31 13:57:00,700,700,700,700,0
2022-08-31 13:58:00,700,700,700,700,0
2022-08-31 13:59:00,700,700,700,700,0
2022-08-31 14:00:00,700,700,700,700,0
2022-08-31 14:01:00,700,700,700,700,0
2022-08-31 14:02:00,700,700,700,700,0
2022-08-31 14:03:00,700,700,700,700,0
2022-08-31 14:04:00,700,700,700,700,0
2022-08-31 14:05:00,700,700,700,700,0
2022-08-31 14:06:00,700,700,700,700,0
2022-08-31 14:07:00,700,700,700,700,0
2022-08-31 14:08:00,695,695,695,695,100
2022-08-31 14:09:00,695,695,695,695,0
2022-08-31 14:10:00,695,695,695,695,0
2022-08-31 14:11:00,695,695,695,695,0
2022-08-31 14:12:00,695,695,695,695,0
2022-08-31 14:13:00,695,695,695,695,0
2022-08-31 14:14:00,695,695,695,695,0
2022-08-31 14:15:00,695,695,695,695,0
2022-08-31 14:16:00,695,695,695,695,0
2022-08-31 14:17:00,695,695,695,695,0
2022-08-31 14:18:00,695,695,695,695,0
2022-08-31 14:19:00,695,695,695,695,0
2022-08-31 14:20:00,695,695,695,695,0
2022-08-31 14:21:00,695,695,695,695,0
2022-08-31 14:22:00,695,695,695,695,0
2022-08-31 14:23:00,695,695,695,695,0
2022-08-31 14:24:00,695,695,695,695,200
2022-08-31 14:25:00,695,695,695,695,0
2022-08-31 14:26:00,695,695,695,695,1400
2022-08-31 14:27:00,695,695,695,695,0
2022-08-31 14:28:00,695,695,695,695,100
2022-08-31 14:29:00,695,695,695,695,0
2022-08-31 14:30:00,695,695,695,695,0
2022-08-31 14:31:00,695,695,695,695,0
2022-08-31 14:32:00,695,695,695,695,0
2022-08-31 14:33:00,695,695,695,695,0
2022-08-31 14:34:00,695,695,695,695,0
2022-08-31 14:35:00,695,695,695,695,0
2022-08-31 14:36:00,695,695,695,695,0
2022-08-31 14:37:00,695,695,695,695,0
2022-08-31 14:38:00,695,695,695,695,0
2022-08-31 14:39:00,695,695,695,695,0
2022-08-31 14:40:00,695,695,695,695,0
2022-08-31 14:41:00,695,695,695,695,0
2022-08-31 14:42:00,695,695,695,695,0
2022-08-31 14:43:00,695,695,695,695,0
2022-08-31 14:44:00,695,695,695,695,0
2022-08-31 14:45:00,695,695,695,695,0
2022-08-31 14:46:00,695,695,695,695,0
2022-08-31 14:47:00,695,695,695,695,0
2022-08-31 14:48:00,695,695,695,695,0
2022-08-31 14:49:00,695,695,695,695,0
2022-08-31 14:50:00,695,695,695,695,0
2022-08-31 14:51:00,695,695,695,695,0
2022-08-31 14:52:00,695,695,695,695,0
2022-08-31 14:53:00,695,695,695,695,0
2022-08-31 14:54:00,695,695,695,695,0
2022-08-31 14:55:00,695,695,695,695,0
2022-08-31 14:56:00,695,695,695,695,0
2022-08-31 14:57:00,695,695,695,695,0
2022-08-31 14:58:00,695,695,695,695,0
2022-08-31 14:59:00,695,695,695,695,0
2022-08-31 15:00:00,700,700,700,700,100
2022-08-31 15:01:00,700,700,700,700,0
2022-08-31 15:02:00,700,700,700,700,0
2022-08-31 15:03:00,700,700,700,700,0
2022-08-31 15:04:00,700,700,700,700,0
2022-08-31 15:05:00,700,700,700,700,0
2022-08-31 15:06:00,700,700,700,700,0
2022-08-31 15:07:00,700,700,700,700,0
2022-08-31 15:08:00,700,700,700,700,0
2022-08-31 15:09:00,700,700,700,700,0
2022-08-31 15:10:00,700,700,700,700,0
2022-08-31 15:11:00,700,700,700,700,0
2022-08-31 15:12:00,700,700,700,700,0
2022-08-31 15:13:00,700,700,700,700,0
2022-08-31 15:14:00,700,700,700,700,0
2022-08-31 15:15:00,700,700,700,700,0
2022-08-31 15:16:00,700,700,700,700,0
2022-08-31 15:17:00,700,700,700,700,0
2022-08-31 15:18:00,700,700,700,700,0
2022-08-31 15:19:00,700,700,700,700,0
2022-08-31 15:20:00,700,700,700,700,0
2022-08-31 15:21:00,700,700,700,700,0
2022-08-31 15:22:00,700,700,700,700,0
2022-08-31 15:23:00,700,700,700,700,0
2022-08-31 15:24:00,700,700,700,700,0
2022-08-31 15:25:00,700,700,700,700,0
2022-08-31 15:26:00,700,700,700,700,0
2022-08-31 15:27:00,700,700,700,700,0
2022-08-31 15:28:00,700,700,700,700,0
2022-08-31 15:29:00,700,700,700,700,0
2022-08-31 15:30:00,700,700,700,700,0
2022-08-31 15:31:00,700,700,700,700,0
2022-08-31 15:32:00,700,700,700,700,0
2022-08-31 15:33:00,700,700,700,700,0
2022-08-31 15:34:00,700,700,700,700,0
2022-08-31 15:35:00,700,700,700,700,0
2022-08-31 15:36:00,700,700,700,700,0
2022-08-31 15:37:00,700,700,700,700,0
2022-08-31 15:38:00,700,700,700,700,0
2022-08-31 15:39:00,700,700,700,700,0
2022-08-31 15:40:00,700,700,700,700,0
2022-08-31 15:41:00,700,700,700,700,0
2022-08-31 15:42:00,700,700,700,700,0
2022-08-31 15:43:00,700,700,700,700,0
2022-08-31 15:44:00,700,700,700,700,0
2022-08-31 15:45:00,700,700,700,700,0
2022-08-31 15:46:00,700,700,700,700,0
2022-08-31 15:47:00,700,700,700,700,0
2022-08-31 15:48:00,700,700,700,700,0
2022-08-31 15:49:00,700,700,700,700,0
2022-08-31 15:50:00,700,700,700,700,0
2022-08-31 15:51:00,700,700,700,700,0
2022-08-31 15:52:00,700,700,700,700,0
2022-08-31 15:53:00,700,700,700,700,0
2022-08-31 15:54:00,700,700,700,700,0
2022-08-31 15:55:00,700,700,700,700,0
2022-08-31 15:56:00,700,700,700,700,0
2022-08-31 15:57:00,700,700,700,700,0
2022-08-31 15:58:00,700,700,700,700,0
2022-08-31 15:59:00,700,700,700,700,0
2022-09-01 09:00:00,695,695,695,695,7600
2022-09-01 09:01:00,695,695,695,695,500
2022-09-01 09:02:00,695,695,695,695,0
2022-09-01 09:03:00,695,695,695,695,13800
2022-09-01 09:04:00,700,700,700,700,3100
2022-09-01 09:05:00,695,695,695,695,0
2022-09-01 09:06:00,690,690,695,695,6700
2022-09-01 09:07:00,695,695,695,695,0
2022-09-01 09:08:00,695,695,695,695,0
2022-09-01 09:09:00,695,695,695,695,0
2022-09-01 09:10:00,695,695,695,695,0
2022-09-01 09:11:00,695,695,695,695,0
2022-09-01 09:12:00,695,695,695,695,0
2022-09-01 09:13:00,695,695,695,695,0
2022-09-01 09:14:00,695,695,695,695,0
2022-09-01 09:15:00,695,695,695,695,5600
2022-09-01 09:16:00,695,695,695,695,11000
2022-09-01 09:17:00,695,695,695,695,0
2022-09-01 09:18:00,700,700,700,700,4300
2022-09-01 09:19:00,700,700,700,700,5000
2022-09-01 09:20:00,700,700,700,700,0
2022-09-01 09:21:00,700,700,700,700,0
2022-09-01 09:22:00,700,700,700,700,0
2022-09-01 09:23:00,700,700,700,700,0
2022-09-01 09:24:00,700,700,700,700,0
2022-09-01 09:25:00,700,700,700,700,0
2022-09-01 09:26:00,700,700,700,700,0
2022-09-01 09:27:00,705,705,705,705,200
2022-09-01 09:28:00,705,705,705,705,0
2022-09-01 09:29:00,705,705,705,705,0
2022-09-01 09:30:00,705,705,705,705,300
2022-09-01 09:31:00,705,705,705,705,0
2022-09-01 09:32:00,705,705,705,705,0
2022-09-01 09:33:00,705,705,705,705,0
2022-09-01 09:34:00,700,700,700,700,2200
2022-09-01 09:35:00,700,700,700,700,0
2022-09-01 09:36:00,705,705,705,705,300
2022-09-01 09:37:00,705,705,705,705,0
2022-09-01 09:38:00,705,705,705,705,0
2022-09-01 09:39:00,705,705,705,705,0
2022-09-01 09:40:00,705,705,705,705,0
2022-09-01 09:41:00,705,705,705,705,0
2022-09-01 09:42:00,705,705,705,705,0
2022-09-01 09:43:00,705,705,705,705,0
2022-09-01 09:44:00,705,705,705,705,0
2022-09-01 09:45:00,705,705,705,705,0
2022-09-01 09:46:00,705,705,705,705,0
2022-09-01 09:47:00,700,700,700,700,8500
2022-09-01 09:48:00,700,700,700,700,0
2022-09-01 09:49:00,700,700,700,700,0
2022-09-01 09:50:00,700,700,700,700,0
2022-09-01 09:51:00,700,700,700,700,0
2022-09-01 09:52:00,700,700,700,700,0
2022-09-01 09:53:00,700,700,700,700,8700
2022-09-01 09:54:00,700,700,700,700,0
2022-09-01 09:55:00,700,700,700,700,10000
2022-09-01 09:56:00,695,690,695,690,100800
2022-09-01 09:57:00,695,690,695,690,0
2022-09-01 09:58:00,695,690,695,690,0
2022-09-01 09:59:00,695,690,695,690,0
2022-09-01 10:00:00,695,690,695,690,0
2022-09-01 10:01:00,700,700,700,700,200
2022-09-01 10:02:00,700,700,700,700,0
2022-09-01 10:03:00,700,700,700,700,0
2022-09-01 10:04:00,700,700,700,700,0
2022-09-01 10:05:00,700,700,700,700,0
2022-09-01 10:06:00,700,700,700,700,0
2022-09-01 10:07:00,700,700,700,700,0
2022-09-01 10:08:00,700,700,700,700,0
2022-09-01 10:09:00,700,700,700,700,0
2022-09-01 10:10:00,700,700,700,700,0
2022-09-01 10:11:00,700,700,700,700,100
2022-09-01 10:12:00,700,700,700,700,0
2022-09-01 10:13:00,700,700,700,700,500
2022-09-01 10:14:00,700,700,700,700,0
2022-09-01 10:15:00,700,700,700,700,0
2022-09-01 10:16:00,700,700,700,700,0
2022-09-01 10:17:00,700,700,700,700,100
2022-09-01 10:18:00,700,700,700,700,0
2022-09-01 10:19:00,700,700,700,700,0
2022-09-01 10:20:00,700,700,700,700,0
2022-09-01 10:21:00,700,700,700,700,0
2022-09-01 10:22:00,700,700,700,700,0
2022-09-01 10:23:00,700,700,700,700,0
2022-09-01 10:24:00,700,700,700,700,0
2022-09-01 10:25:00,700,700,700,700,0
2022-09-01 10:26:00,700,700,700,700,0
2022-09-01 10:27:00,700,700,700,700,0
2022-09-01 10:28:00,700,700,700,700,0
2022-09-01 10:29:00,700,700,700,700,0
2022-09-01 10:30:00,700,700,700,700,0
2022-09-01 10:31:00,700,700,700,700,0
2022-09-01 10:32:00,700,700,700,700,0
2022-09-01 10:33:00,700,700,700,700,0
2022-09-01 10:34:00,700,700,700,700,0
2022-09-01 10:35:00,700,700,700,700,2000
2022-09-01 10:36:00,700,700,700,700,0
2022-09-01 10:37:00,700,700,700,700,0
2022-09-01 10:38:00,700,700,700,700,0
2022-09-01 10:39:00,695,695,695,695,24400
2022-09-01 10:40:00,695,695,695,695,0
2022-09-01 10:41:00,695,695,695,695,0
2022-09-01 10:42:00,695,695,695,695,0
2022-09-01 10:43:00,695,695,695,695,0
2022-09-01 10:44:00,695,695,695,695,0
2022-09-01 10:45:00,695,695,695,695,0
2022-09-01 10:46:00,695,695,695,695,0
2022-09-01 10:47:00,695,695,695,695,0
2022-09-01 10:48:00,695,695,695,695,0
2022-09-01 10:49:00,695,695,695,695,0
2022-09-01 10:50:00,695,695,695,695,0
2022-09-01 10:51:00,695,695,695,695,0
2022-09-01 10:52:00,695,695,695,695,0
2022-09-01 10:53:00,695,695,695,695,0
2022-09-01 10:54:00,700,700,700,700,100
2022-09-01 10:55:00,700,700,700,700,0
2022-09-01 10:56:00,700,700,700,700,0
2022-09-01 10:57:00,700,700,700,700,0
2022-09-01 10:58:00,700,700,700,700,0
2022-09-01 10:59:00,700,700,700,700,0
2022-09-01 11:00:00,700,700,700,700,0
2022-09-01 11:01:00,700,700,700,700,0
2022-09-01 11:02:00,700,700,700,700,0
2022-09-01 11:03:00,700,700,700,700,0
2022-09-01 11:04:00,700,700,700,700,0
2022-09-01 11:05:00,700,700,700,700,0
2022-09-01 11:06:00,700,700,700,700,0
2022-09-01 11:07:00,700,700,700,700,0
2022-09-01 11:08:00,700,700,700,700,0
2022-09-01 11:09:00,700,700,700,700,0
2022-09-01 11:10:00,700,700,700,700,0
2022-09-01 11:11:00,700,700,700,700,0
2022-09-01 11:12:00,700,700,700,700,0
2022-09-01 11:13:00,700,700,700,700,0
2022-09-01 11:14:00,700,700,700,700,0
2022-09-01 11:15:00,700,700,700,700,0
2022-09-01 11:16:00,700,700,700,700,0
2022-09-01 11:17:00,695,695,695,695,800
2022-09-01 11:18:00,700,700,700,700,0
2022-09-01 11:19:00,700,700,700,700,0
2022-09-01 11:20:00,700,700,700,700,0
2022-09-01 11:21:00,700,700,700,700,0
2022-09-01 11:22:00,700,700,700,700,0
2022-09-01 11:23:00,700,700,700,700,0
2022-09-01 11:24:00,700,700,700,700,0
2022-09-01 11:25:00,700,700,700,700,0
2022-09-01 11:26:00,700,700,700,700,0
2022-09-01 11:27:00,700,700,700,700,0
2022-09-01 11:28:00,700,700,700,700,0
2022-09-01 11:29:00,700,700,700,700,0
2022-09-01 11:30:00,700,700,700,700,0
2022-09-01 11:31:00,700,700,700,700,0
2022-09-01 11:32:00,700,700,700,700,0
2022-09-01 11:33:00,700,700,700,700,0
2022-09-01 11:34:00,700,700,700,700,0
2022-09-01 11:35:00,700,700,700,700,0
2022-09-01 11:36:00,700,700,700,700,0
2022-09-01 11:37:00,700,700,700,700,0
2022-09-01 11:38:00,700,700,700,700,0
2022-09-01 11:39:00,700,700,700,700,0
2022-09-01 11:40:00,700,700,700,700,0
2022-09-01 11:41:00,700,700,700,700,0
2022-09-01 11:42:00,700,700,700,700,0
2022-09-01 11:43:00,700,700,700,700,0
2022-09-01 11:44:00,700,700,700,700,0
2022-09-01 11:45:00,700,700,700,700,0
2022-09-01 11:46:00,700,700,700,700,0
2022-09-01 11:47:00,700,700,700,700,0
2022-09-01 11:48:00,700,700,700,700,0
2022-09-01 11:49:00,700,700,700,700,0
2022-09-01 11:50:00,700,700,700,700,0
2022-09-01 11:51:00,700,700,700,700,0
2022-09-01 11:52:00,700,700,700,700,0
2022-09-01 11:53:00,700,700,700,700,0
2022-09-01 11:54:00,700,700,700,700,0
2022-09-01 11:55:00,700,700,700,700,0
2022-09-01 11:56:00,700,700,700,700,0
2022-09-01 11:57:00,700,700,700,700,0
2022-09-01 11:58:00,700,700,700,700,0
2022-09-01 11:59:00,700,700,700,700,0
2022-09-01 12:00:00,700,700,700,700,0
2022-09-01 12:01:00,700,700,700,700,0
2022-09-01 12:02:00,700,700,700,700,0
2022-09-01 12:03:00,700,700,700,700,0
2022-09-01 12:04:00,700,700,700,700,0
2022-09-01 12:05:00,700,700,700,700,0
2022-09-01 12:06:00,700,700,700,700,0
2022-09-01 12:07:00,700,700,700,700,0
2022-09-01 12:08:00,700,700,700,700,0
2022-09-01 12:09:00,700,700,700,700,0
2022-09-01 12:10:00,700,700,700,700,0
2022-09-01 12:11:00,700,700,700,700,0
2022-09-01 12:12:00,700,700,700,700,0
2022-09-01 12:13:00,700,700,700,700,0
2022-09-01 12:14:00,700,700,700,700,0
2022-09-01 12:15:00,700,700,700,700,0
2022-09-01 12:16:00,700,700,700,700,0
2022-09-01 12:17:00,700,700,700,700,0
2022-09-01 12:18:00,700,700,700,700,0
2022-09-01 12:19:00,700,700,700,700,0
2022-09-01 12:20:00,700,700,700,700,0
2022-09-01 12:21:00,700,700,700,700,0
2022-09-01 12:22:00,700,700,700,700,0
2022-09-01 12:23:00,700,700,700,700,0
2022-09-01 12:24:00,700,700,700,700,0
2022-09-01 12:25:00,700,700,700,700,0
2022-09-01 12:26:00,700,700,700,700,0
2022-09-01 12:27:00,700,700,700,700,0
2022-09-01 12:28:00,700,700,700,700,0
2022-09-01 12:29:00,700,700,700,700,0
2022-09-01 12:30:00,700,700,700,700,0
2022-09-01 12:31:00,700,700,700,700,0
2022-09-01 12:32:00,700,700,700,700,0
2022-09-01 12:33:00,700,700,700,700,0
2022-09-01 12:34:00,700,700,700,700,0
2022-09-01 12:35:00,700,700,700,700,0
2022-09-01 12:36:00,700,700,700,700,0
2022-09-01 12:37:00,700,700,700,700,0
2022-09-01 12:38:00,700,700,700,700,0
2022-09-01 12:39:00,700,700,700,700,0
2022-09-01 12:40:00,700,700,700,700,0
2022-09-01 12:41:00,700,700,700,700,0
2022-09-01 12:42:00,700,700,700,700,0
2022-09-01 12:43:00,700,700,700,700,0
2022-09-01 12:44:00,700,700,700,700,0
2022-09-01 12:45:00,700,700,700,700,0
2022-09-01 12:46:00,700,700,700,700,0
2022-09-01 12:47:00,700,700,700,700,0
2022-09-01 12:48:00,700,700,700,700,0
2022-09-01 12:49:00,700,700,700,700,0
2022-09-01 12:50:00,700,700,700,700,0
2022-09-01 12:51:00,700,700,700,700,0
2022-09-01 12:52:00,700,700,700,700,0
2022-09-01 12:53:00,700,700,700,700,0
2022-09-01 12:54:00,700,700,700,700,0
2022-09-01 12:55:00,700,700,700,700,0
2022-09-01 12:56:00,700,700,700,700,0
2022-09-01 12:57:00,700,700,700,700,0
2022-09-01 12:58:00,700,700,700,700,0
2022-09-01 12:59:00,700,700,700,700,0
2022-09-01 13:00:00,700,700,700,700,0
2022-09-01 13:01:00,700,700,700,700,0
2022-09-01 13:02:00,700,700,700,700,0
2022-09-01 13:03:00,700,700,700,700,0
2022-09-01 13:04:00,700,700,700,700,0
2022-09-01 13:05:00,700,700,700,700,0
2022-09-01 13:06:00,700,700,700,700,0
2022-09-01 13:07:00,700,700,700,700,0
2022-09-01 13:08:00,700,700,700,700,0
2022-09-01 13:09:00,700,700,700,700,0
2022-09-01 13:10:00,700,700,700,700,0
2022-09-01 13:11:00,700,700,700,700,0
2022-09-01 13:12:00,700,700,700,700,0
2022-09-01 13:13:00,700,700,700,700,0
2022-09-01 13:14:00,700,700,700,700,0
2022-09-01 13:15:00,700,700,700,700,0
2022-09-01 13:16:00,700,700,700,700,0
2022-09-01 13:17:00,700,700,700,700,0
2022-09-01 13:18:00,700,700,700,700,0
2022-09-01 13:19:00,700,700,700,700,0
2022-09-01 13:20:00,700,700,700,700,0
2022-09-01 13:21:00,700,700,700,700,0
2022-09-01 13:22:00,700,700,700,700,0
2022-09-01 13:23:00,700,700,700,700,0
2022-09-01 13:24:00,700,700,700,700,0
2022-09-01 13:25:00,700,700,700,700,0
2022-09-01 13:26:00,700,700,700,700,0
2022-09-01 13:27:00,700,700,700,700,0
2022-09-01 13:28:00,700,700,700,700,0
2022-09-01 13:29:00,700,700,700,700,0
2022-09-01 13:30:00,700,700,700,700,217400
2022-09-01 13:31:00,700,700,700,700,0
2022-09-01 13:32:00,700,700,700,700,0
2022-09-01 13:33:00,700,700,700,700,0
2022-09-01 13:34:00,700,700,700,700,0
2022-09-01 13:35:00,700,700,700,700,0
2022-09-01 13:36:00,700,700,700,700,0
2022-09-01 13:37:00,700,700,700,700,3000
2022-09-01 13:38:00,700,700,700,700,0
2022-09-01 13:39:00,695,695,700,700,900
2022-09-01 13:40:00,695,695,700,700,0
2022-09-01 13:41:00,695,695,700,700,0
2022-09-01 13:42:00,695,695,700,700,0
2022-09-01 13:43:00,695,695,700,700,0
2022-09-01 13:44:00,695,695,700,700,0
2022-09-01 13:45:00,695,695,700,700,0
2022-09-01 13:46:00,695,695,700,700,0
2022-09-01 13:47:00,695,695,700,700,0
2022-09-01 13:48:00,695,695,700,700,0
2022-09-01 13:49:00,695,695,700,700,0
2022-09-01 13:50:00,695,695,700,700,0
2022-09-01 13:51:00,695,695,700,700,0
2022-09-01 13:52:00,695,695,700,700,0
2022-09-01 13:53:00,695,695,700,700,0
2022-09-01 13:54:00,695,695,700,700,0
2022-09-01 13:55:00,695,695,700,700,0
2022-09-01 13:56:00,695,695,700,700,0
2022-09-01 13:57:00,695,695,695,695,11700
2022-09-01 13:58:00,695,695,695,695,0
2022-09-01 13:59:00,695,695,695,695,4200
2022-09-01 14:00:00,695,695,695,695,0
2022-09-01 14:01:00,695,695,695,695,0
2022-09-01 14:02:00,695,695,695,695,0
2022-09-01 14:03:00,695,695,695,695,0
2022-09-01 14:04:00,695,690,695,690,6700
2022-09-01 14:05:00,695,690,695,690,0
2022-09-01 14:06:00,695,690,695,690,0
2022-09-01 14:07:00,690,690,690,690,0
2022-09-01 14:08:00,690,690,690,690,0
2022-09-01 14:09:00,690,690,690,690,0
2022-09-01 14:10:00,690,690,690,690,0
2022-09-01 14:11:00,690,690,690,690,0
2022-09-01 14:12:00,700,700,700,700,600
2022-09-01 14:13:00,700,700,700,700,0
2022-09-01 14:14:00,700,700,700,700,0
2022-09-01 14:15:00,700,700,700,700,0
2022-09-01 14:16:00,700,700,700,700,0
2022-09-01 14:17:00,700,700,700,700,0
2022-09-01 14:18:00,700,700,700,700,0
2022-09-01 14:19:00,700,700,700,700,0
2022-09-01 14:20:00,695,695,695,695,0
2022-09-01 14:21:00,695,695,695,695,0
2022-09-01 14:22:00,695,695,695,695,0
2022-09-01 14:23:00,695,695,695,695,0
2022-09-01 14:24:00,695,695,695,695,0
2022-09-01 14:25:00,695,695,695,695,4000
2022-09-01 14:26:00,695,695,695,695,0
2022-09-01 14:27:00,695,695,695,695,0
2022-09-01 14:28:00,695,695,695,695,0
2022-09-01 14:29:00,695,695,695,695,0
2022-09-01 14:30:00,695,695,695,695,0
2022-09-01 14:31:00,695,695,695,695,0
2022-09-01 14:32:00,695,695,695,695,0
2022-09-01 14:33:00,695,695,695,695,0
2022-09-01 14:34:00,695,695,695,695,0
2022-09-01 14:35:00,695,695,695,695,0
2022-09-01 14:36:00,695,695,695,695,0
2022-09-01 14:37:00,695,695,695,695,0
2022-09-01 14:38:00,695,695,695,695,0
2022-09-01 14:39:00,695,695,695,695,0
2022-09-01 14:40:00,690,690,695,695,8600
2022-09-01 14:41:00,690,690,695,695,0
2022-09-01 14:42:00,690,690,695,695,0
2022-09-01 14:43:00,690,690,695,695,0
2022-09-01 14:44:00,690,690,695,695,0
2022-09-01 14:45:00,690,690,695,695,0
2022-09-01 14:46:00,690,690,695,695,0
2022-09-01 14:47:00,690,690,695,695,0
2022-09-01 14:48:00,690,690,695,695,0
2022-09-01 14:49:00,690,690,695,695,0
2022-09-01 14:50:00,690,690,695,695,0
2022-09-01 14:51:00,690,690,695,695,0
2022-09-01 14:52:00,690,690,695,695,0
2022-09-01 14:53:00,690,690,695,695,0
2022-09-01 14:54:00,690,690,695,695,0
2022-09-01 14:55:00,690,690,695,695,0
2022-09-01 14:56:00,690,690,695,695,0
2022-09-01 14:57:00,690,690,695,695,0
2022-09-01 14:58:00,690,690,695,695,0
2022-09-01 14:59:00,690,690,695,695,0
2022-09-01 15:00:00,700,700,700,700,0
2022-09-01 15:01:00,700,700,700,700,0
2022-09-01 15:02:00,700,700,700,700,0
2022-09-01 15:03:00,700,700,700,700,0
2022-09-01 15:04:00,700,700,700,700,0
2022-09-01 15:05:00,700,700,700,700,0
2022-09-01 15:06:00,700,700,700,700,0
2022-09-01 15:07:00,700,700,700,700,0
2022-09-01 15:08:00,700,700,700,700,0
2022-09-01 15:09:00,700,700,700,700,0
2022-09-01 15:10:00,700,700,700,700,0
2022-09-01 15:11:00,700,700,700,700,0
2022-09-01 15:12:00,700,700,700,700,0
2022-09-01 15:13:00,700,700,700,700,0
2022-09-01 15:14:00,700,700,700,700,0
2022-09-01 15:15:00,700,700,700,700,0
2022-09-01 15:16:00,700,700,700,700,0
2022-09-01 15:17:00,700,700,700,700,0
2022-09-01 15:18:00,700,700,700,700,0
2022-09-01 15:19:00,700,700,700,700,0
2022-09-01 15:20:00,700,700,700,700,0
2022-09-01 15:21:00,700,700,700,700,0
2022-09-01 15:22:00,700,700,700,700,0
2022-09-01 15:23:00,700,700,700,700,0
2022-09-01 15:24:00,700,700,700,700,0
2022-09-01 15:25:00,700,700,700,700,0
2022-09-01 15:26:00,700,700,700,700,0
2022-09-01 15:27:00,700,700,700,700,0
2022-09-01 15:28:00,700,700,700,700,0
2022-09-01 15:29:00,700,700,700,700,0
2022-09-01 15:30:00,700,700,700,700,0
2022-09-01 15:31:00,700,700,700,700,0
2022-09-01 15:32:00,700,700,700,700,0
2022-09-01 15:33:00,700,700,700,700,0
2022-09-01 15:34:00,700,700,700,700,0
2022-09-01 15:35:00,700,700,700,700,0
2022-09-01 15:36:00,700,700,700,700,0
2022-09-01 15:37:00,700,700,700,700,0
2022-09-01 15:38:00,700,700,700,700,0
2022-09-01 15:39:00,700,700,700,700,0
2022-09-01 15:40:00,700,700,700,700,0
2022-09-01 15:41:00,700,700,700,700,0
2022-09-01 15:42:00,700,700,700,700,0
2022-09-01 15:43:00,700,700,700,700,0
2022-09-01 15:44:00,700,700,700,700,0
2022-09-01 15:45:00,700,700,700,700,0
2022-09-01 15:46:00,700,700,700,700,0
2022-09-01 15:47:00,700,700,700,700,0
2022-09-01 15:48:00,700,700,700,700,0
2022-09-01 15:49:00,700,700,700,700,0
2022-09-01 15:50:00,700,700,700,700,0
2022-09-01 15:51:00,700,700,700,700,0
2022-09-01 15:52:00,700,700,700,700,0
2022-09-01 15:53:00,700,700,700,700,0
2022-09-01 15:54:00,700,700,700,700,0
2022-09-01 15:55:00,700,700,700,700,0
2022-09-01 15:56:00,700,700,700,700,0
2022-09-01 15:57:00,700,700,700,700,0
2022-09-01 15:58:00,700,700,700,700,0
2022-09-01 15:59:00,700,700,700,700,0
2022-09-02 09:00:00,700,700,700,700,0
2022-09-02 09:01:00,700,700,700,700,0
2022-09-02 09:02:00,700,700,700,700,0
2022-09-02 09:03:00,700,700,700,700,0
2022-09-02 09:04:00,700,700,700,700,0
2022-09-02 09:05:00,700,700,700,700,0
2022-09-02 09:06:00,700,700,700,700,0
2022-09-02 09:07:00,700,700,700,700,0
2022-09-02 09:08:00,700,700,700,700,0
2022-09-02 09:09:00,700,700,700,700,0
2022-09-02 09:10:00,700,700,700,700,0
2022-09-02 09:11:00,700,700,700,700,300
2022-09-02 09:12:00,700,700,700,700,0
2022-09-02 09:13:00,700,700,700,700,0
2022-09-02 09:14:00,700,700,700,700,0
2022-09-02 09:15:00,700,700,700,700,2000
2022-09-02 09:16:00,700,700,700,700,0
2022-09-02 09:17:00,700,700,700,700,0
2022-09-02 09:18:00,700,700,700,700,0
2022-09-02 09:19:00,700,700,700,700,0
2022-09-02 09:20:00,700,700,700,700,0
2022-09-02 09:21:00,700,700,700,700,0
2022-09-02 09:22:00,700,700,700,700,0
2022-09-02 09:23:00,700,700,700,700,0
2022-09-02 09:24:00,700,700,700,700,0
2022-09-02 09:25:00,700,700,700,700,0
2022-09-02 09:26:00,700,700,700,700,0
2022-09-02 09:27:00,700,700,700,700,0
2022-09-02 09:28:00,700,700,700,700,0
2022-09-02 09:29:00,700,700,700,700,0
2022-09-02 09:30:00,695,695,695,695,1000
2022-09-02 09:31:00,695,695,695,695,0
2022-09-02 09:32:00,695,695,695,695,0
2022-09-02 09:33:00,695,695,695,695,0
2022-09-02 09:34:00,695,695,695,695,0
2022-09-02 09:35:00,695,695,695,695,0
2022-09-02 09:36:00,695,695,695,695,0
2022-09-02 09:37:00,695,695,695,695,0
2022-09-02 09:38:00,695,695,695,695,0
2022-09-02 09:39:00,695,695,695,695,0
2022-09-02 09:40:00,695,695,695,695,0
2022-09-02 09:41:00,695,695,695,695,0
2022-09-02 09:42:00,695,695,695,695,0
2022-09-02 09:43:00,695,695,695,695,0
2022-09-02 09:44:00,695,695,695,695,0
2022-09-02 09:45:00,695,695,695,695,0
2022-09-02 09:46:00,695,695,695,695,0
2022-09-02 09:47:00,695,695,695,695,0
2022-09-02 09:48:00,695,695,695,695,0
2022-09-02 09:49:00,695,695,695,695,0
2022-09-02 09:50:00,695,695,695,695,0
2022-09-02 09:51:00,695,695,695,695,0
2022-09-02 09:52:00,695,695,695,695,0
2022-09-02 09:53:00,695,695,695,695,0
2022-09-02 09:54:00,695,695,695,695,0
2022-09-02 09:55:00,695,695,695,695,0
2022-09-02 09:56:00,695,695,695,695,0
2022-09-02 09:57:00,695,695,695,695,0
2022-09-02 09:58:00,695,695,695,695,0
2022-09-02 09:59:00,695,695,695,695,0
2022-09-02 10:00:00,695,695,695,695,0
2022-09-02 10:01:00,695,695,695,695,0
2022-09-02 10:02:00,695,695,695,695,0
2022-09-02 10:03:00,695,695,695,695,1400
2022-09-02 10:04:00,695,695,695,695,0
2022-09-02 10:05:00,695,695,695,695,0
2022-09-02 10:06:00,700,700,700,700,9600
2022-09-02 10:07:00,700,700,700,700,0
2022-09-02 10:08:00,700,700,700,700,0
2022-09-02 10:09:00,695,695,695,695,0
2022-09-02 10:10:00,695,695,695,695,0
2022-09-02 10:11:00,700,700,700,700,200
2022-09-02 10:12:00,700,700,700,700,0
2022-09-02 10:13:00,700,700,700,700,0
2022-09-02 10:14:00,700,700,700,700,0
2022-09-02 10:15:00,700,700,700,700,200
2022-09-02 10:16:00,700,700,700,700,0
2022-09-02 10:17:00,700,700,700,700,0
2022-09-02 10:18:00,700,700,700,700,0
2022-09-02 10:19:00,700,700,700,700,0
2022-09-02 10:20:00,700,700,700,700,0
2022-09-02 10:21:00,700,700,700,700,0
2022-09-02 10:22:00,700,700,700,700,0
2022-09-02 10:23:00,700,700,700,700,0
2022-09-02 10:24:00,700,700,700,700,0
2022-09-02 10:25:00,700,700,700,700,1000
2022-09-02 10:26:00,700,700,700,700,0
2022-09-02 10:27:00,700,700,700,700,0
2022-09-02 10:28:00,700,700,700,700,0
2022-09-02 10:29:00,700,700,700,700,0
2022-09-02 10:30:00,700,700,700,700,0
2022-09-02 10:31:00,700,700,700,700,0
2022-09-02 10:32:00,700,700,700,700,0
2022-09-02 10:33:00,700,700,700,700,0
2022-09-02 10:34:00,700,700,700,700,0
2022-09-02 10:35:00,700,700,700,700,0
2022-09-02 10:36:00,700,700,700,700,0
2022-09-02 10:37:00,700,700,700,700,0
2022-09-02 10:38:00,700,700,700,700,0
2022-09-02 10:39:00,700,700,700,700,0
2022-09-02 10:40:00,700,700,700,700,0
2022-09-02 10:41:00,695,695,695,695,18800
2022-09-02 10:42:00,695,695,695,695,0
2022-09-02 10:43:00,695,695,695,695,0
2022-09-02 10:44:00,695,695,695,695,0
2022-09-02 10:45:00,695,695,695,695,0
2022-09-02 10:46:00,695,695,695,695,0
2022-09-02 10:47:00,695,695,695,695,0
2022-09-02 10:48:00,695,695,695,695,0
2022-09-02 10:49:00,695,695,695,695,0
2022-09-02 10:50:00,695,695,695,695,0
2022-09-02 10:51:00,695,695,695,695,0
2022-09-02 10:52:00,695,695,695,695,0
2022-09-02 10:53:00,695,695,695,695,0
2022-09-02 10:54:00,695,695,695,695,0
2022-09-02 10:55:00,695,695,695,695,0
2022-09-02 10:56:00,695,695,695,695,0
2022-09-02 10:57:00,695,695,695,695,0
2022-09-02 10:58:00,695,695,695,695,0
2022-09-02 10:59:00,695,695,695,695,0
2022-09-02 11:00:00,695,695,695,695,0
2022-09-02 11:01:00,695,695,695,695,0
2022-09-02 11:02:00,695,695,695,695,0
2022-09-02 11:03:00,695,695,695,695,0
2022-09-02 11:04:00,695,695,695,695,0
2022-09-02 11:05:00,695,695,695,695,0
2022-09-02 11:06:00,695,695,695,695,0
2022-09-02 11:07:00,695,695,695,695,0
2022-09-02 11:08:00,695,695,695,695,0
2022-09-02 11:09:00,695,695,695,695,0
2022-09-02 11:10:00,695,695,695,695,0
2022-09-02 11:11:00,695,695,695,695,0
2022-09-02 11:12:00,695,695,695,695,0
2022-09-02 11:13:00,695,695,695,695,0
2022-09-02 11:14:00,695,695,695,695,0
2022-09-02 11:15:00,695,695,695,695,1500
2022-09-02 11:16:00,695,695,695,695,0
2022-09-02 11:17:00,695,695,695,695,0
2022-09-02 11:18:00,695,695,695,695,0
2022-09-02 11:19:00,695,695,695,695,0
2022-09-02 11:20:00,695,695,695,695,0
2022-09-02 11:21:00,695,695,695,695,0
2022-09-02 11:22:00,695,695,695,695,0
2022-09-02 11:23:00,695,695,695,695,0
2022-09-02 11:24:00,695,695,695,695,0
2022-09-02 11:25:00,695,695,695,695,0
2022-09-02 11:26:00,695,695,695,695,0
2022-09-02 11:27:00,695,695,695,695,0
2022-09-02 11:28:00,700,700,700,700,5000
2022-09-02 11:29:00,700,700,700,700,2000
2022-09-02 11:30:00,700,700,700,700,0
2022-09-02 11:31:00,700,700,700,700,0
2022-09-02 11:32:00,700,700,700,700,0
2022-09-02 11:33:00,700,700,700,700,0
2022-09-02 11:34:00,700,700,700,700,0
2022-09-02 11:35:00,700,700,700,700,0
2022-09-02 11:36:00,700,700,700,700,0
2022-09-02 11:37:00,700,700,700,700,0
2022-09-02 11:38:00,700,700,700,700,0
2022-09-02 11:39:00,700,700,700,700,0
2022-09-02 11:40:00,700,700,700,700,0
2022-09-02 11:41:00,700,700,700,700,0
2022-09-02 11:42:00,700,700,700,700,0
2022-09-02 11:43:00,700,700,700,700,0
2022-09-02 11:44:00,700,700,700,700,0
2022-09-02 11:45:00,700,700,700,700,0
2022-09-02 11:46:00,700,700,700,700,0
2022-09-02 11:47:00,700,700,700,700,0
2022-09-02 11:48:00,700,700,700,700,0
2022-09-02 11:49:00,700,700,700,700,0
2022-09-02 11:50:00,700,700,700,700,0
2022-09-02 11:51:00,700,700,700,700,0
2022-09-02 11:52:00,700,700,700,700,0
2022-09-02 11:53:00,700,700,700,700,0
2022-09-02 11:54:00,700,700,700,700,0
2022-09-02 11:55:00,700,700,700,700,0
2022-09-02 11:56:00,700,700,700,700,0
2022-09-02 11:57:00,700,700,700,700,0
2022-09-02 11:58:00,700,700,700,700,0
2022-09-02 11:59:00,700,700,700,700,0
2022-09-02 12:00:00,700,700,700,700,0
2022-09-02 12:01:00,700,700,700,700,0
2022-09-02 12:02:00,700,700,700,700,0
2022-09-02 12:03:00,700,700,700,700,0
2022-09-02 12:04:00,700,700,700,700,0
2022-09-02 12:05:00,700,700,700,700,0
2022-09-02 12:06:00,700,700,700,700,0
2022-09-02 12:07:00,700,700,700,700,0
2022-09-02 12:08:00,700,700,700,700,0
2022-09-02 12:09:00,700,700,700,700,0
2022-09-02 12:10:00,700,700,700,700,0
2022-09-02 12:11:00,700,700,700,700,0
2022-09-02 12:12:00,700,700,700,700,0
2022-09-02 12:13:00,700,700,700,700,0
2022-09-02 12:14:00,700,700,700,700,0
2022-09-02 12:15:00,700,700,700,700,0
2022-09-02 12:16:00,700,700,700,700,0
2022-09-02 12:17:00,700,700,700,700,0
2022-09-02 12:18:00,700,700,700,700,0
2022-09-02 12:19:00,700,700,700,700,0
2022-09-02 12:20:00,700,700,700,700,0
2022-09-02 12:21:00,700,700,700,700,0
2022-09-02 12:22:00,700,700,700,700,0
2022-09-02 12:23:00,700,700,700,700,0
2022-09-02 12:24:00,700,700,700,700,0
2022-09-02 12:25:00,700,700,700,700,0
2022-09-02 12:26:00,700,700,700,700,0
2022-09-02 12:27:00,700,700,700,700,0
2022-09-02 12:28:00,700,700,700,700,0
2022-09-02 12:29:00,700,700,700,700,0
2022-09-02 12:30:00,700,700,700,700,0
2022-09-02 12:31:00,700,700,700,700,0
2022-09-02 12:32:00,700,700,700,700,0
2022-09-02 12:33:00,700,700,700,700,0
2022-09-02 12:34:00,700,700,700,700,0
2022-09-02 12:35:00,700,700,700,700,0
2022-09-02 12:36:00,700,700,700,700,0
2022-09-02 12:37:00,700,700,700,700,0
2022-09-02 12:38:00,700,700,700,700,0
2022-09-02 12:39:00,700,700,700,700,0
2022-09-02 12:40:00,700,700,700,700,0
2022-09-02 12:41:00,700,700,700,700,0
2022-09-02 12:42:00,700,700,700,700,0
2022-09-02 12:43:00,700,700,700,700,0
2022-09-02 12:44:00,700,700,700,700,0
2022-09-02 12:45:00,700,700,700,700,0
2022-09-02 12:46:00,700,700,700,700,0
2022-09-02 12:47:00,700,700,700,700,0
2022-09-02 12:48:00,700,700,700,700,0
2022-09-02 12:49:00,700,700,700,700,0
2022-09-02 12:50:00,700,700,700,700,0
2022-09-02 12:51:00,700,700,700,700,0
2022-09-02 12:52:00,700,700,700,700,0
2022-09-02 12:53:00,700,700,700,700,0
2022-09-02 12:54:00,700,700,700,700,0
2022-09-02 12:55:00,700,700,700,700,0
2022-09-02 12:56:00,700,700,700,700,0
2022-09-02 12:57:00,700,700,700,700,0
2022-09-02 12:58:00,700,700,700,700,0
2022-09-02 12:59:00,700,700,700,700,0
2022-09-02 13:00:00,700,700,700,700,0
2022-09-02 13:01:00,700,700,700,700,0
2022-09-02 13:02:00,700,700,700,700,0
2022-09-02 13:03:00,700,700,700,700,0
2022-09-02 13:04:00,700,700,700,700,0
2022-09-02 13:05:00,700,700,700,700,0
2022-09-02 13:06:00,700,700,700,700,0
2022-09-02 13:07:00,700,700,700,700,0
2022-09-02 13:08:00,700,700,700,700,0
2022-09-02 13:09:00,700,700,700,700,0
2022-09-02 13:10:00,700,700,700,700,0
2022-09-02 13:11:00,700,700,700,700,0
2022-09-02 13:12:00,700,700,700,700,0
2022-09-02 13:13:00,700,700,700,700,0
2022-09-02 13:14:00,700,700,700,700,0
2022-09-02 13:15:00,700,700,700,700,0
2022-09-02 13:16:00,700,700,700,700,0
2022-09-02 13:17:00,700,700,700,700,0
2022-09-02 13:18:00,700,700,700,700,0
2022-09-02 13:19:00,700,700,700,700,0
2022-09-02 13:20:00,700,700,700,700,0
2022-09-02 13:21:00,700,700,700,700,0
2022-09-02 13:22:00,700,700,700,700,0
2022-09-02 13:23:00,700,700,700,700,0
2022-09-02 13:24:00,700,700,700,700,0
2022-09-02 13:25:00,700,700,700,700,0
2022-09-02 13:26:00,700,700,700,700,0
2022-09-02 13:27:00,700,700,700,700,0
2022-09-02 13:28:00,700,700,700,700,0
2022-09-02 13:29:00,700,700,700,700,0
2022-09-02 13:30:00,700,700,700,700,20600
2022-09-02 13:31:00,700,700,700,700,0
2022-09-02 13:32:00,695,695,695,695,0
2022-09-02 13:33:00,695,695,695,695,0
2022-09-02 13:34:00,695,695,695,695,0
2022-09-02 13:35:00,695,695,695,695,0
2022-09-02 13:36:00,695,695,695,695,0
2022-09-02 13:37:00,695,695,695,695,0
2022-09-02 13:38:00,695,695,695,695,0
2022-09-02 13:39:00,695,695,695,695,0
2022-09-02 13:40:00,695,695,695,695,0
2022-09-02 13:41:00,695,695,695,695,0
2022-09-02 13:42:00,695,695,695,695,0
2022-09-02 13:43:00,695,695,695,695,0
2022-09-02 13:44:00,695,695,695,695,0
2022-09-02 13:45:00,695,695,695,695,0
2022-09-02 13:46:00,695,695,695,695,0
2022-09-02 13:47:00,695,695,695,695,0
2022-09-02 13:48:00,695,695,695,695,0
2022-09-02 13:49:00,695,695,695,695,0
2022-09-02 13:50:00,695,695,695,695,0
2022-09-02 13:51:00,695,695,695,695,0
2022-09-02 13:52:00,695,695,695,695,0
2022-09-02 13:53:00,695,695,695,695,0
2022-09-02 13:54:00,695,695,695,695,0
2022-09-02 13:55:00,695,695,695,695,0
2022-09-02 13:56:00,695,695,695,695,0
2022-09-02 13:57:00,700,700,700,700,14000
2022-09-02 13:58:00,705,705,705,705,21100
2022-09-02 13:59:00,705,705,705,705,0
2022-09-02 14:00:00,705,705,705,705,0
2022-09-02 14:01:00,705,705,705,705,0
2022-09-02 14:02:00,705,705,705,705,0
2022-09-02 14:03:00,705,705,705,705,0
2022-09-02 14:04:00,705,705,705,705,0
2022-09-02 14:05:00,705,705,705,705,0
2022-09-02 14:06:00,705,705,705,705,0
2022-09-02 14:07:00,705,705,705,705,1400
2022-09-02 14:08:00,705,705,705,705,0
2022-09-02 14:09:00,705,705,705,705,0
2022-09-02 14:10:00,705,705,705,705,2600
2022-09-02 14:11:00,705,705,705,705,500
2022-09-02 14:12:00,705,705,705,705,0
2022-09-02 14:13:00,705,705,705,705,0
2022-09-02 14:14:00,705,705,705,705,0
2022-09-02 14:15:00,705,705,705,705,0
2022-09-02 14:16:00,705,705,705,705,0
2022-09-02 14:17:00,705,705,705,705,0
2022-09-02 14:18:00,705,705,705,705,0
2022-09-02 14:19:00,705,705,705,705,14700
2022-09-02 14:20:00,705,705,705,705,0
2022-09-02 14:21:00,705,705,705,705,0
2022-09-02 14:22:00,705,705,705,705,0
2022-09-02 14:23:00,705,705,705,705,0
2022-09-02 14:24:00,705,705,705,705,0
2022-09-02 14:25:00,705,705,705,705,0
2022-09-02 14:26:00,705,705,705,705,0
2022-09-02 14:27:00,705,705,705,705,0
2022-09-02 14:28:00,705,705,705,705,0
2022-09-02 14:29:00,705,705,705,705,0
2022-09-02 14:30:00,705,705,705,705,0
2022-09-02 14:31:00,705,705,705,705,0
2022-09-02 14:32:00,705,705,705,705,0
2022-09-02 14:33:00,705,705,705,705,0
2022-09-02 14:34:00,705,705,705,705,0
2022-09-02 14:35:00,705,705,705,705,0
2022-09-02 14:36:00,705,705,705,705,0
2022-09-02 14:37:00,705,705,705,705,1000
2022-09-02 14:38:00,705,705,705,705,0
2022-09-02 14:39:00,705,705,705,705,0
2022-09-02 14:40:00,705,705,705,705,0
2022-09-02 14:41:00,705,705,705,705,15500
2022-09-02 14:42:00,700,700,700,700,8800
2022-09-02 14:43:00,710,710,710,710,14600
2022-09-02 14:44:00,710,710,710,710,34100
2022-09-02 14:45:00,715,715,715,715,3800
2022-09-02 14:46:00,715,715,715,715,0
2022-09-02 14:47:00,715,715,715,715,0
2022-09-02 14:48:00,715,715,715,715,41200
2022-09-02 14:49:00,710,710,715,715,3300
2022-09-02 14:50:00,710,710,715,715,0
2022-09-02 14:51:00,710,710,715,715,0
2022-09-02 14:52:00,710,710,715,715,0
2022-09-02 14:53:00,710,710,715,715,0
2022-09-02 14:54:00,710,710,715,715,0
2022-09-02 14:55:00,710,710,715,715,0
2022-09-02 14:56:00,710,710,715,715,0
2022-09-02 14:57:00,710,710,715,715,0
2022-09-02 14:58:00,710,710,715,715,0
2022-09-02 14:59:00,710,710,715,715,0
2022-09-02 15:00:00,720,720,720,720,21900
2022-09-02 15:01:00,720,720,720,720,0
2022-09-02 15:02:00,720,720,720,720,14900
2022-09-02 15:03:00,720,720,720,720,2500
2022-09-02 15:04:00,720,720,720,720,0
2022-09-02 15:05:00,720,720,720,720,10000
2022-09-02 15:06:00,720,720,720,720,0
2022-09-02 15:07:00,720,720,720,720,15000
2022-09-02 15:08:00,720,720,720,720,0
2022-09-02 15:09:00,720,720,720,720,0
2022-09-02 15:10:00,720,720,720,720,0
2022-09-02 15:11:00,720,720,720,720,0
2022-09-02 15:12:00,720,720,720,720,0
2022-09-02 15:13:00,720,720,720,720,0
2022-09-02 15:14:00,720,720,720,720,0
2022-09-02 15:15:00,720,720,720,720,0
2022-09-02 15:16:00,720,720,720,720,0
2022-09-02 15:17:00,720,720,720,720,0
2022-09-02 15:18:00,720,720,720,720,0
2022-09-02 15:19:00,720,720,720,720,0
2022-09-02 15:20:00,720,720,720,720,0
2022-09-02 15:21:00,720,720,720,720,0
2022-09-02 15:22:00,720,720,720,720,0
2022-09-02 15:23:00,720,720,720,720,0
2022-09-02 15:24:00,720,720,720,720,0
2022-09-02 15:25:00,720,720,720,720,0
2022-09-02 15:26:00,720,720,720,720,0
2022-09-02 15:27:00,720,720,720,720,0
2022-09-02 15:28:00,720,720,720,720,0
2022-09-02 15:29:00,720,720,720,720,0
2022-09-02 15:30:00,720,720,720,720,0
2022-09-02 15:31:00,720,720,720,720,0
2022-09-02 15:32:00,720,720,720,720,0
2022-09-02 15:33:00,720,720,720,720,0
2022-09-02 15:34:00,720,720,720,720,0
2022-09-02 15:35:00,720,720,720,720,0
2022-09-02 15:36:00,720,720,720,720,0
2022-09-02 15:37:00,720,720,720,720,0
2022-09-02 15:38:00,720,720,720,720,0
2022-09-02 15:39:00,720,720,720,720,0
2022-09-02 15:40:00,720,720,720,720,0
2022-09-02 15:41:00,720,720,720,720,0
2022-09-02 15:42:00,720,720,720,720,0
2022-09-02 15:43:00,720,720,720,720,0
2022-09-02 15:44:00,720,720,720,720,0
2022-09-02 15:45:00,720,720,720,720,0
2022-09-02 15:46:00,720,720,720,720,0
2022-09-02 15:47:00,720,720,720,720,0
2022-09-02 15:48:00,720,720,720,720,0
2022-09-02 15:49:00,720,720,720,720,0
2022-09-02 15:50:00,720,720,720,720,0
2022-09-02 15:51:00,720,720,720,720,0
2022-09-02 15:52:00,720,720,720,720,0
2022-09-02 15:53:00,720,720,720,720,0
2022-09-02 15:54:00,720,720,720,720,0
2022-09-02 15:55:00,720,720,720,720,0
2022-09-02 15:56:00,720,720,720,720,0
2022-09-02 15:57:00,720,720,720,720,0
2022-09-02 15:58:00,720,720,720,720,0
2022-09-02 15:59:00,720,720,720,720,0
2022-09-05 09:00:00,720,720,725,725,0
2022-09-05 09:01:00,720,720,725,725,0
2022-09-05 09:02:00,720,720,725,725,0
2022-09-05 09:03:00,725,725,725,725,2900
2022-09-05 09:04:00,725,725,725,725,0
2022-09-05 09:05:00,725,725,725,725,19700
2022-09-05 09:06:00,730,725,730,725,800
2022-09-05 09:07:00,730,725,730,725,2200
2022-09-05 09:08:00,720,715,720,715,19300
2022-09-05 09:09:00,720,715,720,715,0
2022-09-05 09:10:00,720,715,720,715,0
2022-09-05 09:11:00,720,715,720,715,0
2022-09-05 09:12:00,710,710,710,710,400
2022-09-05 09:13:00,710,710,710,710,0
2022-09-05 09:14:00,715,715,715,715,5600
2022-09-05 09:15:00,715,715,715,715,0
2022-09-05 09:16:00,715,715,715,715,0
2022-09-05 09:17:00,710,710,710,710,51200
2022-09-05 09:18:00,710,710,710,710,0
2022-09-05 09:19:00,715,715,715,715,0
2022-09-05 09:20:00,715,715,715,715,0
2022-09-05 09:21:00,715,715,715,715,0
2022-09-05 09:22:00,715,715,715,715,1900
2022-09-05 09:23:00,715,715,715,715,0
2022-09-05 09:24:00,715,715,715,715,0
2022-09-05 09:25:00,710,710,710,710,2200
2022-09-05 09:26:00,710,710,710,710,0
2022-09-05 09:27:00,710,710,710,710,25700
2022-09-05 09:28:00,710,710,710,710,0
2022-09-05 09:29:00,715,715,715,715,0
2022-09-05 09:30:00,715,715,715,715,7000
2022-09-05 09:31:00,715,715,715,715,0
2022-09-05 09:32:00,715,715,715,715,0
2022-09-05 09:33:00,715,715,715,715,0
2022-09-05 09:34:00,715,715,715,715,0
2022-09-05 09:35:00,715,715,715,715,0
2022-09-05 09:36:00,715,715,715,715,0
2022-09-05 09:37:00,715,715,715,715,0
2022-09-05 09:38:00,715,715,715,715,0
2022-09-05 09:39:00,715,715,715,715,0
2022-09-05 09:40:00,715,715,715,715,0
2022-09-05 09:41:00,710,710,710,710,300
2022-09-05 09:42:00,710,710,710,710,0
2022-09-05 09:43:00,710,710,710,710,0
2022-09-05 09:44:00,710,710,710,710,0
2022-09-05 09:45:00,710,710,710,710,0
2022-09-05 09:46:00,715,715,715,715,12400
2022-09-05 09:47:00,715,715,715,715,0
2022-09-05 09:48:00,715,715,715,715,0
2022-09-05 09:49:00,710,710,710,710,0
2022-09-05 09:50:00,710,710,710,710,1300
2022-09-05 09:51:00,710,710,710,710,0
2022-09-05 09:52:00,710,710,710,710,2500
2022-09-05 09:53:00,710,710,710,710,0
2022-09-05 09:54:00,710,710,710,710,0
2022-09-05 09:55:00,710,710,710,710,0
2022-09-05 09:56:00,710,710,710,710,0
2022-09-05 09:57:00,705,705,705,705,900
2022-09-05 09:58:00,705,705,705,705,0
2022-09-05 09:59:00,705,705,705,705,0
2022-09-05 10:00:00,705,705,705,705,0
2022-09-05 10:01:00,705,705,705,705,28100
2022-09-05 10:02:00,710,710,710,710,0
2022-09-05 10:03:00,710,710,710,710,0
2022-09-05 10:04:00,710,710,710,710,0
2022-09-05 10:05:00,705,705,705,705,2900
2022-09-05 10:06:00,705,705,705,705,0
2022-09-05 10:07:00,705,705,705,705,1100
2022-09-05 10:08:00,705,705,705,705,0
2022-09-05 10:09:00,705,705,705,705,2000
2022-09-05 10:10:00,705,705,705,705,0
2022-09-05 10:11:00,705,705,705,705,0
2022-09-05 10:12:00,705,705,705,705,0
2022-09-05 10:13:00,705,705,705,705,0
2022-09-05 10:14:00,705,705,705,705,0
2022-09-05 10:15:00,705,705,705,705,0
2022-09-05 10:16:00,705,705,705,705,0
2022-09-05 10:17:00,705,705,705,705,0
2022-09-05 10:18:00,705,705,705,705,0
2022-09-05 10:19:00,710,710,710,710,2800
2022-09-05 10:20:00,710,710,710,710,600
2022-09-05 10:21:00,710,710,710,710,0
2022-09-05 10:22:00,710,710,710,710,2000
2022-09-05 10:23:00,710,710,710,710,0
2022-09-05 10:24:00,710,710,710,710,0
2022-09-05 10:25:00,710,710,710,710,0
2022-09-05 10:26:00,710,710,710,710,0
2022-09-05 10:27:00,710,710,710,710,2200
2022-09-05 10:28:00,710,710,710,710,0
2022-09-05 10:29:00,710,710,710,710,0
2022-09-05 10:30:00,710,710,710,710,0
2022-09-05 10:31:00,710,710,710,710,0
2022-09-05 10:32:00,710,710,710,710,0
2022-09-05 10:33:00,710,710,710,710,0
2022-09-05 10:34:00,710,710,710,710,0
2022-09-05 10:35:00,710,710,710,710,0
2022-09-05 10:36:00,710,710,710,710,0
2022-09-05 10:37:00,710,710,710,710,0
2022-09-05 10:38:00,710,710,710,710,0
2022-09-05 10:39:00,710,710,710,710,0
2022-09-05 10:40:00,710,710,710,710,0
2022-09-05 10:41:00,710,710,710,710,0
2022-09-05 10:42:00,710,710,710,710,0
2022-09-05 10:43:00,710,710,710,710,0
2022-09-05 10:44:00,710,710,710,710,200
2022-09-05 10:45:00,710,710,710,710,0
2022-09-05 10:46:00,710,710,710,710,0
2022-09-05 10:47:00,710,710,710,710,0
2022-09-05 10:48:00,710,710,710,710,0
2022-09-05 10:49:00,710,710,710,710,0
2022-09-05 10:50:00,710,710,710,710,0
2022-09-05 10:51:00,710,710,710,710,0
2022-09-05 10:52:00,710,710,710,710,0
2022-09-05 10:53:00,710,710,710,710,0
2022-09-05 10:54:00,710,710,710,710,0
2022-09-05 10:55:00,710,710,710,710,0
2022-09-05 10:56:00,710,710,710,710,0
2022-09-05 10:57:00,710,710,710,710,0
2022-09-05 10:58:00,710,710,710,710,0
2022-09-05 10:59:00,710,700,710,700,115900
2022-09-05 11:00:00,710,700,710,700,0
2022-09-05 11:01:00,700,700,700,700,4200
2022-09-05 11:02:00,700,700,700,700,0
2022-09-05 11:03:00,700,700,700,700,0
2022-09-05 11:04:00,700,700,700,700,0
2022-09-05 11:05:00,700,700,700,700,0
2022-09-05 11:06:00,700,700,700,700,2100
2022-09-05 11:07:00,700,700,700,700,0
2022-09-05 11:08:00,700,700,700,700,1700
2022-09-05 11:09:00,700,700,700,700,1000
2022-09-05 11:10:00,700,700,700,700,6400
2022-09-05 11:11:00,700,700,700,700,0
2022-09-05 11:12:00,700,700,700,700,0
2022-09-05 11:13:00,700,700,700,700,0
2022-09-05 11:14:00,700,700,700,700,0
2022-09-05 11:15:00,700,700,700,700,0
2022-09-05 11:16:00,700,700,700,700,0
2022-09-05 11:17:00,700,700,700,700,0
2022-09-05 11:18:00,705,705,705,705,0
2022-09-05 11:19:00,705,705,705,705,0
2022-09-05 11:20:00,705,705,705,705,0
2022-09-05 11:21:00,705,705,705,705,0
2022-09-05 11:22:00,705,705,705,705,0
2022-09-05 11:23:00,705,705,705,705,0
2022-09-05 11:24:00,705,705,705,705,0
2022-09-05 11:25:00,710,710,710,710,100
2022-09-05 11:26:00,705,705,705,705,1700
2022-09-05 11:27:00,705,705,705,705,0
2022-09-05 11:28:00,705,705,705,705,0
2022-09-05 11:29:00,705,705,705,705,5300
2022-09-05 11:30:00,705,705,705,705,0
2022-09-05 11:31:00,705,705,705,705,0
2022-09-05 11:32:00,705,705,705,705,0
2022-09-05 11:33:00,705,705,705,705,0
2022-09-05 11:34:00,705,705,705,705,0
2022-09-05 11:35:00,705,705,705,705,0
2022-09-05 11:36:00,705,705,705,705,0
2022-09-05 11:37:00,705,705,705,705,0
2022-09-05 11:38:00,705,705,705,705,0
2022-09-05 11:39:00,705,705,705,705,0
2022-09-05 11:40:00,705,705,705,705,0
2022-09-05 11:41:00,705,705,705,705,0
2022-09-05 11:42:00,705,705,705,705,0
2022-09-05 11:43:00,705,705,705,705,0
2022-09-05 11:44:00,705,705,705,705,0
2022-09-05 11:45:00,705,705,705,705,0
2022-09-05 11:46:00,705,705,705,705,0
2022-09-05 11:47:00,705,705,705,705,0
2022-09-05 11:48:00,705,705,705,705,0
2022-09-05 11:49:00,705,705,705,705,0
2022-09-05 11:50:00,705,705,705,705,0
2022-09-05 11:51:00,705,705,705,705,0
2022-09-05 11:52:00,705,705,705,705,0
2022-09-05 11:53:00,705,705,705,705,0
2022-09-05 11:54:00,705,705,705,705,0
2022-09-05 11:55:00,705,705,705,705,0
2022-09-05 11:56:00,705,705,705,705,0
2022-09-05 11:57:00,705,705,705,705,0
2022-09-05 11:58:00,705,705,705,705,0
2022-09-05 11:59:00,705,705,705,705,0
2022-09-05 12:00:00,705,705,705,705,0
2022-09-05 12:01:00,705,705,705,705,0
2022-09-05 12:02:00,705,705,705,705,0
2022-09-05 12:03:00,705,705,705,705,0
2022-09-05 12:04:00,705,705,705,705,0
2022-09-05 12:05:00,705,705,705,705,0
2022-09-05 12:06:00,705,705,705,705,0
2022-09-05 12:07:00,705,705,705,705,0
2022-09-05 12:08:00,705,705,705,705,0
2022-09-05 12:09:00,705,705,705,705,0
2022-09-05 12:10:00,705,705,705,705,0
2022-09-05 12:11:00,705,705,705,705,0
2022-09-05 12:12:00,705,705,705,705,0
2022-09-05 12:13:00,705,705,705,705,0
2022-09-05 12:14:00,705,705,705,705,0
2022-09-05 12:15:00,705,705,705,705,0
2022-09-05 12:16:00,705,705,705,705,0
2022-09-05 12:17:00,705,705,705,705,0
2022-09-05 12:18:00,705,705,705,705,0
2022-09-05 12:19:00,705,705,705,705,0
2022-09-05 12:20:00,705,705,705,705,0
2022-09-05 12:21:00,705,705,705,705,0
2022-09-05 12:22:00,705,705,705,705,0
2022-09-05 12:23:00,705,705,705,705,0
2022-09-05 12:24:00,705,705,705,705,0
2022-09-05 12:25:00,705,705,705,705,0
2022-09-05 12:26:00,705,705,705,705,0
2022-09-05 12:27:00,705,705,705,705,0
2022-09-05 12:28:00,705,705,705,705,0
2022-09-05 12:29:00,705,705,705,705,0
2022-09-05 12:30:00,705,705,705,705,0
2022-09-05 12:31:00,705,705,705,705,0
2022-09-05 12:32:00,705,705,705,705,0
2022-09-05 12:33:00,705,705,705,705,0
2022-09-05 12:34:00,705,705,705,705,0
2022-09-05 12:35:00,705,705,705,705,0
2022-09-05 12:36:00,705,705,705,705,0
2022-09-05 12:37:00,705,705,705,705,0
2022-09-05 12:38:00,705,705,705,705,0
2022-09-05 12:39:00,705,705,705,705,0
2022-09-05 12:40:00,705,705,705,705,0
2022-09-05 12:41:00,705,705,705,705,0
2022-09-05 12:42:00,705,705,705,705,0
2022-09-05 12:43:00,705,705,705,705,0
2022-09-05 12:44:00,705,705,705,705,0
2022-09-05 12:45:00,705,705,705,705,0
2022-09-05 12:46:00,705,705,705,705,0
2022-09-05 12:47:00,705,705,705,705,0
2022-09-05 12:48:00,705,705,705,705,0
2022-09-05 12:49:00,705,705,705,705,0
2022-09-05 12:50:00,705,705,705,705,0
2022-09-05 12:51:00,705,705,705,705,0
2022-09-05 12:52:00,705,705,705,705,0
2022-09-05 12:53:00,705,705,705,705,0
2022-09-05 12:54:00,705,705,705,705,0
2022-09-05 12:55:00,705,705,705,705,0
2022-09-05 12:56:00,705,705,705,705,0
2022-09-05 12:57:00,705,705,705,705,0
2022-09-05 12:58:00,705,705,705,705,0
2022-09-05 12:59:00,705,705,705,705,0
2022-09-05 13:00:00,705,705,705,705,0
2022-09-05 13:01:00,705,705,705,705,0
2022-09-05 13:02:00,705,705,705,705,0
2022-09-05 13:03:00,705,705,705,705,0
2022-09-05 13:04:00,705,705,705,705,0
2022-09-05 13:05:00,705,705,705,705,0
2022-09-05 13:06:00,705,705,705,705,0
2022-09-05 13:07:00,705,705,705,705,0
2022-09-05 13:08:00,705,705,705,705,0
2022-09-05 13:09:00,705,705,705,705,0
2022-09-05 13:10:00,705,705,705,705,0
2022-09-05 13:11:00,705,705,705,705,0
2022-09-05 13:12:00,705,705,705,705,0
2022-09-05 13:13:00,705,705,705,705,0
2022-09-05 13:14:00,705,705,705,705,0
2022-09-05 13:15:00,705,705,705,705,0
2022-09-05 13:16:00,705,705,705,705,0
2022-09-05 13:17:00,705,705,705,705,0
2022-09-05 13:18:00,705,705,705,705,0
2022-09-05 13:19:00,705,705,705,705,0
2022-09-05 13:20:00,705,705,705,705,0
2022-09-05 13:21:00,705,705,705,705,0
2022-09-05 13:22:00,705,705,705,705,0
2022-09-05 13:23:00,705,705,705,705,0
2022-09-05 13:24:00,705,705,705,705,0
2022-09-05 13:25:00,705,705,705,705,0
2022-09-05 13:26:00,705,705,705,705,0
2022-09-05 13:27:00,705,705,705,705,0
2022-09-05 13:28:00,705,705,705,705,0
2022-09-05 13:29:00,705,705,705,705,0
2022-09-05 13:30:00,710,710,710,710,1400
2022-09-05 13:31:00,710,710,710,710,0
2022-09-05 13:32:00,705,705,705,705,700
2022-09-05 13:33:00,705,705,705,705,0
2022-09-05 13:34:00,705,700,705,700,18900
2022-09-05 13:35:00,705,700,705,700,0
2022-09-05 13:36:00,705,700,705,700,0
2022-09-05 13:37:00,705,700,705,700,0
2022-09-05 13:38:00,705,700,705,700,0
2022-09-05 13:39:00,700,700,700,700,200
2022-09-05 13:40:00,700,700,700,700,0
2022-09-05 13:41:00,700,700,700,700,0
2022-09-05 13:42:00,700,700,700,700,0
2022-09-05 13:43:00,700,700,700,700,0
2022-09-05 13:44:00,710,710,710,710,2000
2022-09-05 13:45:00,710,710,710,710,0
2022-09-05 13:46:00,710,710,710,710,0
2022-09-05 13:47:00,710,710,710,710,0
2022-09-05 13:48:00,710,710,710,710,0
2022-09-05 13:49:00,710,710,710,710,0
2022-09-05 13:50:00,710,710,710,710,0
2022-09-05 13:51:00,710,710,710,710,0
2022-09-05 13:52:00,710,710,710,710,0
2022-09-05 13:53:00,710,710,710,710,0
2022-09-05 13:54:00,710,710,710,710,0
2022-09-05 13:55:00,710,710,710,710,0
2022-09-05 13:56:00,710,710,710,710,0
2022-09-05 13:57:00,705,705,705,705,1100
2022-09-05 13:58:00,705,705,705,705,0
2022-09-05 13:59:00,705,705,705,705,0
2022-09-05 14:00:00,705,705,705,705,0
2022-09-05 14:01:00,705,705,705,705,0
2022-09-05 14:02:00,705,705,705,705,0
2022-09-05 14:03:00,705,705,705,705,0
2022-09-05 14:04:00,705,705,705,705,0
2022-09-05 14:05:00,705,705,705,705,0
2022-09-05 14:06:00,705,705,705,705,0
2022-09-05 14:07:00,705,705,705,705,0
2022-09-05 14:08:00,705,705,705,705,0
2022-09-05 14:09:00,705,695,705,695,29300
2022-09-05 14:10:00,705,695,705,695,0
2022-09-05 14:11:00,705,695,705,695,0
2022-09-05 14:12:00,705,695,705,695,0
2022-09-05 14:13:00,705,695,705,695,0
2022-09-05 14:14:00,705,695,705,695,0
2022-09-05 14:15:00,700,700,700,700,0
2022-09-05 14:16:00,705,705,705,705,1700
2022-09-05 14:17:00,705,705,705,705,0
2022-09-05 14:18:00,705,705,705,705,0
2022-09-05 14:19:00,705,705,705,705,0
2022-09-05 14:20:00,705,705,705,705,0
2022-09-05 14:21:00,705,705,705,705,0
2022-09-05 14:22:00,705,705,705,705,0
2022-09-05 14:23:00,705,705,705,705,1500
2022-09-05 14:24:00,705,705,705,705,0
2022-09-05 14:25:00,705,705,705,705,0
2022-09-05 14:26:00,705,705,705,705,0
2022-09-05 14:27:00,705,705,705,705,0
2022-09-05 14:28:00,705,705,705,705,0
2022-09-05 14:29:00,705,705,705,705,0
2022-09-05 14:30:00,705,705,705,705,0
2022-09-05 14:31:00,700,700,700,700,14200
2022-09-05 14:32:00,700,700,700,700,0
2022-09-05 14:33:00,700,700,700,700,0
2022-09-05 14:34:00,700,700,700,700,0
2022-09-05 14:35:00,700,700,700,700,1500
2022-09-05 14:36:00,700,700,700,700,300
2022-09-05 14:37:00,700,700,700,700,4900
2022-09-05 14:38:00,700,700,700,700,0
2022-09-05 14:39:00,700,700,705,705,6600
2022-09-05 14:40:00,705,705,705,705,2700
2022-09-05 14:41:00,705,705,705,705,0
2022-09-05 14:42:00,705,705,705,705,0
2022-09-05 14:43:00,705,705,705,705,0
2022-09-05 14:44:00,705,705,705,705,0
2022-09-05 14:45:00,700,700,705,705,0
2022-09-05 14:46:00,700,700,705,705,0
2022-09-05 14:47:00,700,700,705,705,0
2022-09-05 14:48:00,700,700,705,705,0
2022-09-05 14:49:00,700,700,705,705,0
2022-09-05 14:50:00,700,700,705,705,0
2022-09-05 14:51:00,700,700,705,705,0
2022-09-05 14:52:00,700,700,705,705,0
2022-09-05 14:53:00,700,700,705,705,0
2022-09-05 14:54:00,700,700,705,705,0
2022-09-05 14:55:00,700,700,705,705,0
2022-09-05 14:56:00,700,700,705,705,0
2022-09-05 14:57:00,700,700,705,705,0
2022-09-05 14:58:00,700,700,705,705,0
2022-09-05 14:59:00,700,700,705,705,0
2022-09-05 15:00:00,700,700,700,700,6200
2022-09-05 15:01:00,700,700,700,700,0
2022-09-05 15:02:00,700,700,700,700,0
2022-09-05 15:03:00,700,700,700,700,0
2022-09-05 15:04:00,700,700,700,700,0
2022-09-05 15:05:00,700,700,700,700,0
2022-09-05 15:06:00,700,700,700,700,0
2022-09-05 15:07:00,700,700,700,700,0
2022-09-05 15:08:00,700,700,700,700,0
2022-09-05 15:09:00,700,700,700,700,0
2022-09-05 15:10:00,700,700,700,700,0
2022-09-05 15:11:00,700,700,700,700,0
2022-09-05 15:12:00,700,700,700,700,0
2022-09-05 15:13:00,700,700,700,700,0
2022-09-05 15:14:00,700,700,700,700,0
2022-09-05 15:15:00,700,700,700,700,0
2022-09-05 15:16:00,700,700,700,700,0
2022-09-05 15:17:00,700,700,700,700,0
2022-09-05 15:18:00,700,700,700,700,0
2022-09-05 15:19:00,700,700,700,700,0
2022-09-05 15:20:00,700,700,700,700,0
2022-09-05 15:21:00,700,700,700,700,0
2022-09-05 15:22:00,700,700,700,700,0
2022-09-05 15:23:00,700,700,700,700,0
2022-09-05 15:24:00,700,700,700,700,0
2022-09-05 15:25:00,700,700,700,700,0
2022-09-05 15:26:00,700,700,700,700,0
2022-09-05 15:27:00,700,700,700,700,0
2022-09-05 15:28:00,700,700,700,700,0
2022-09-05 15:29:00,700,700,700,700,0
2022-09-05 15:30:00,700,700,700,700,0
2022-09-05 15:31:00,700,700,700,700,0
2022-09-05 15:32:00,700,700,700,700,0
2022-09-05 15:33:00,700,700,700,700,0
2022-09-05 15:34:00,700,700,700,700,0
2022-09-05 15:35:00,700,700,700,700,0
2022-09-05 15:36:00,700,700,700,700,0
2022-09-05 15:37:00,700,700,700,700,0
2022-09-05 15:38:00,700,700,700,700,0
2022-09-05 15:39:00,700,700,700,700,0
2022-09-05 15:40:00,700,700,700,700,0
2022-09-05 15:41:00,700,700,700,700,0
2022-09-05 15:42:00,700,700,700,700,0
2022-09-05 15:43:00,700,700,700,700,0
2022-09-05 15:44:00,700,700,700,700,0
2022-09-05 15:45:00,700,700,700,700,0
2022-09-05 15:46:00,700,700,700,700,0
2022-09-05 15:47:00,700,700,700,700,0
2022-09-05 15:48:00,700,700,700,700,0
2022-09-05 15:49:00,700,700,700,700,0
2022-09-05 15:50:00,700,700,700,700,0
2022-09-05 15:51:00,700,700,700,700,0
2022-09-05 15:52:00,700,700,700,700,0
2022-09-05 15:53:00,700,700,700,700,0
2022-09-05 15:54:00,700,700,700,700,0
2022-09-05 15:55:00,700,700,700,700,0
2022-09-05 15:56:00,700,700,700,700,0
2022-09-05 15:57:00,700,700,700,700,0
2022-09-05 15:58:00,700,700,700,700,0
2022-09-05 15:59:00,700,700,700,700,0
2022-09-06 09:00:00,700,700,700,700,700
2022-09-06 09:01:00,700,700,700,700,0
2022-09-06 09:02:00,700,700,700,700,0
2022-09-06 09:03:00,700,700,700,700,0
2022-09-06 09:04:00,700,700,700,700,0
2022-09-06 09:05:00,700,700,700,700,0
2022-09-06 09:06:00,700,700,700,700,0
2022-09-06 09:07:00,700,700,700,700,0
2022-09-06 09:08:00,700,700,700,700,0
2022-09-06 09:09:00,700,700,700,700,0
2022-09-06 09:10:00,700,700,700,700,0
2022-09-06 09:11:00,705,705,705,705,0
2022-09-06 09:12:00,705,705,705,705,0
2022-09-06 09:13:00,705,705,705,705,0
2022-09-06 09:14:00,710,710,710,710,1000
2022-09-06 09:15:00,710,710,710,710,0
2022-09-06 09:16:00,710,710,710,710,0
2022-09-06 09:17:00,710,710,710,710,0
2022-09-06 09:18:00,710,710,710,710,0
2022-09-06 09:19:00,710,710,710,710,0
2022-09-06 09:20:00,710,710,710,710,2900
2022-09-06 09:21:00,710,710,710,710,0
2022-09-06 09:22:00,705,705,705,705,700
2022-09-06 09:23:00,700,700,700,700,35300
2022-09-06 09:24:00,700,700,700,700,2200
2022-09-06 09:25:00,700,700,700,700,500
2022-09-06 09:26:00,700,700,700,700,0
2022-09-06 09:27:00,695,690,695,690,53800
2022-09-06 09:28:00,685,685,685,685,4800
2022-09-06 09:29:00,685,685,685,685,7500
2022-09-06 09:30:00,690,685,690,685,300
2022-09-06 09:31:00,690,690,690,690,2400
2022-09-06 09:32:00,690,690,690,690,800
2022-09-06 09:33:00,690,690,690,690,19000
2022-09-06 09:34:00,690,690,690,690,0
2022-09-06 09:35:00,690,690,690,690,2100
2022-09-06 09:36:00,690,690,690,690,0
2022-09-06 09:37:00,690,690,690,690,1600
2022-09-06 09:38:00,685,685,685,685,16500
2022-09-06 09:39:00,685,685,685,685,0
2022-09-06 09:40:00,685,685,685,685,0
2022-09-06 09:41:00,685,685,685,685,0
2022-09-06 09:42:00,685,685,685,685,300
2022-09-06 09:43:00,685,685,685,685,0
2022-09-06 09:44:00,685,685,685,685,1500
2022-09-06 09:45:00,685,685,685,685,0
2022-09-06 09:46:00,690,690,690,690,0
2022-09-06 09:47:00,690,685,690,685,8600
2022-09-06 09:48:00,690,685,690,685,0
2022-09-06 09:49:00,685,685,685,685,1900
2022-09-06 09:50:00,685,685,685,685,0
2022-09-06 09:51:00,685,685,685,685,0
2022-09-06 09:52:00,690,690,690,690,0
2022-09-06 09:53:00,690,685,690,685,200
2022-09-06 09:54:00,685,685,685,685,0
2022-09-06 09:55:00,685,685,685,685,0
2022-09-06 09:56:00,685,685,685,685,400
2022-09-06 09:57:00,685,685,685,685,19800
2022-09-06 09:58:00,685,685,685,685,0
2022-09-06 09:59:00,685,685,685,685,0
2022-09-06 10:00:00,685,680,685,680,82400
2022-09-06 10:01:00,680,680,680,680,3000
2022-09-06 10:02:00,680,680,680,680,2800
2022-09-06 10:03:00,680,675,680,680,6600
2022-09-06 10:04:00,680,680,680,680,1500
2022-09-06 10:05:00,680,680,680,680,90700
2022-09-06 10:06:00,680,680,680,680,0
2022-09-06 10:07:00,680,680,685,685,44900
2022-09-06 10:08:00,685,685,685,685,2500
2022-09-06 10:09:00,685,685,685,685,4100
2022-09-06 10:10:00,685,685,685,685,0
2022-09-06 10:11:00,685,685,685,685,5000
2022-09-06 10:12:00,685,685,685,685,400
2022-09-06 10:13:00,685,685,685,685,0
2022-09-06 10:14:00,685,685,685,685,4800
2022-09-06 10:15:00,680,680,680,680,100
2022-09-06 10:16:00,680,680,680,680,0
2022-09-06 10:17:00,680,680,680,680,600
2022-09-06 10:18:00,680,680,680,680,1300
2022-09-06 10:19:00,680,680,680,680,0
2022-09-06 10:20:00,680,680,680,680,0
2022-09-06 10:21:00,680,680,680,680,0
2022-09-06 10:22:00,680,680,680,680,0
2022-09-06 10:23:00,680,680,680,680,0
2022-09-06 10:24:00,680,680,680,680,0
2022-09-06 10:25:00,685,680,685,680,4600
2022-09-06 10:26:00,685,680,685,680,0
2022-09-06 10:27:00,685,685,685,685,4000
2022-09-06 10:28:00,685,685,685,685,0
2022-09-06 10:29:00,685,685,685,685,0
2022-09-06 10:30:00,685,685,685,685,0
2022-09-06 10:31:00,685,685,685,685,200
2022-09-06 10:32:00,685,685,685,685,1900
2022-09-06 10:33:00,685,680,685,680,1600
2022-09-06 10:34:00,685,680,685,680,0
2022-09-06 10:35:00,685,685,685,685,0
2022-09-06 10:36:00,685,685,685,685,0
2022-09-06 10:37:00,685,685,685,685,0
2022-09-06 10:38:00,685,685,685,685,0
2022-09-06 10:39:00,685,685,685,685,0
2022-09-06 10:40:00,685,685,685,685,1300
2022-09-06 10:41:00,685,685,685,685,0
2022-09-06 10:42:00,685,685,685,685,0
2022-09-06 10:43:00,685,685,685,685,300
2022-09-06 10:44:00,685,685,685,685,0
2022-09-06 10:45:00,685,685,685,685,0
2022-09-06 10:46:00,685,685,685,685,0
2022-09-06 10:47:00,685,685,685,685,1900
2022-09-06 10:48:00,685,685,685,685,0
2022-09-06 10:49:00,685,685,685,685,9200
2022-09-06 10:50:00,685,685,685,685,0
2022-09-06 10:51:00,685,685,685,685,0
2022-09-06 10:52:00,685,685,685,685,700
2022-09-06 10:53:00,685,685,685,685,0
2022-09-06 10:54:00,685,685,685,685,0
2022-09-06 10:55:00,685,685,685,685,100
2022-09-06 10:56:00,685,685,685,685,0
2022-09-06 10:57:00,685,685,685,685,0
2022-09-06 10:58:00,685,685,685,685,2300
2022-09-06 10:59:00,685,685,685,685,0
2022-09-06 11:00:00,685,685,685,685,0
2022-09-06 11:01:00,685,685,685,685,0
2022-09-06 11:02:00,685,685,685,685,1000
2022-09-06 11:03:00,685,685,685,685,7600
2022-09-06 11:04:00,685,685,685,685,0
2022-09-06 11:05:00,685,685,685,685,0
2022-09-06 11:06:00,685,685,685,685,1100
2022-09-06 11:07:00,685,685,685,685,0
2022-09-06 11:08:00,685,685,685,685,0
2022-09-06 11:09:00,685,685,685,685,0
2022-09-06 11:10:00,685,685,685,685,0
2022-09-06 11:11:00,685,685,685,685,0
2022-09-06 11:12:00,685,685,685,685,0
2022-09-06 11:13:00,685,685,685,685,0
2022-09-06 11:14:00,685,685,685,685,0
2022-09-06 11:15:00,685,675,690,690,227200
2022-09-06 11:16:00,685,675,690,690,0
2022-09-06 11:17:00,685,685,685,685,100
2022-09-06 11:18:00,685,685,685,685,0
2022-09-06 11:19:00,685,685,685,685,0
2022-09-06 11:20:00,685,685,685,685,0
2022-09-06 11:21:00,685,685,685,685,0
2022-09-06 11:22:00,685,685,685,685,0
2022-09-06 11:23:00,685,685,685,685,0
2022-09-06 11:24:00,685,685,685,685,400
2022-09-06 11:25:00,685,685,685,685,0
2022-09-06 11:26:00,685,685,685,685,0
2022-09-06 11:27:00,685,685,685,685,0
2022-09-06 11:28:00,685,685,685,685,0
2022-09-06 11:29:00,685,685,685,685,0
2022-09-06 11:30:00,685,685,685,685,0
2022-09-06 11:31:00,685,685,685,685,0
2022-09-06 11:32:00,685,685,685,685,0
2022-09-06 11:33:00,685,685,685,685,0
2022-09-06 11:34:00,685,685,685,685,0
2022-09-06 11:35:00,685,685,685,685,0
2022-09-06 11:36:00,685,685,685,685,0
2022-09-06 11:37:00,685,685,685,685,0
2022-09-06 11:38:00,685,685,685,685,0
2022-09-06 11:39:00,685,685,685,685,0
2022-09-06 11:40:00,685,685,685,685,0
2022-09-06 11:41:00,685,685,685,685,0
2022-09-06 11:42:00,685,685,685,685,0
2022-09-06 11:43:00,685,685,685,685,0
2022-09-06 11:44:00,685,685,685,685,0
2022-09-06 11:45:00,685,685,685,685,0
2022-09-06 11:46:00,685,685,685,685,0
2022-09-06 11:47:00,685,685,685,685,0
2022-09-06 11:48:00,685,685,685,685,0
2022-09-06 11:49:00,685,685,685,685,0
2022-09-06 11:50:00,685,685,685,685,0
2022-09-06 11:51:00,685,685,685,685,0
2022-09-06 11:52:00,685,685,685,685,0
2022-09-06 11:53:00,685,685,685,685,0
2022-09-06 11:54:00,685,685,685,685,0
2022-09-06 11:55:00,685,685,685,685,0
2022-09-06 11:56:00,685,685,685,685,0
2022-09-06 11:57:00,685,685,685,685,0
2022-09-06 11:58:00,685,685,685,685,0
2022-09-06 11:59:00,685,685,685,685,0
2022-09-06 12:00:00,685,685,685,685,0
2022-09-06 12:01:00,685,685,685,685,0
2022-09-06 12:02:00,685,685,685,685,0
2022-09-06 12:03:00,685,685,685,685,0
2022-09-06 12:04:00,685,685,685,685,0
2022-09-06 12:05:00,685,685,685,685,0
2022-09-06 12:06:00,685,685,685,685,0
2022-09-06 12:07:00,685,685,685,685,0
2022-09-06 12:08:00,685,685,685,685,0
2022-09-06 12:09:00,685,685,685,685,0
2022-09-06 12:10:00,685,685,685,685,0
2022-09-06 12:11:00,685,685,685,685,0
2022-09-06 12:12:00,685,685,685,685,0
2022-09-06 12:13:00,685,685,685,685,0
2022-09-06 12:14:00,685,685,685,685,0
2022-09-06 12:15:00,685,685,685,685,0
2022-09-06 12:16:00,685,685,685,685,0
2022-09-06 12:17:00,685,685,685,685,0
2022-09-06 12:18:00,685,685,685,685,0
2022-09-06 12:19:00,685,685,685,685,0
2022-09-06 12:20:00,685,685,685,685,0
2022-09-06 12:21:00,685,685,685,685,0
2022-09-06 12:22:00,685,685,685,685,0
2022-09-06 12:23:00,685,685,685,685,0
2022-09-06 12:24:00,685,685,685,685,0
2022-09-06 12:25:00,685,685,685,685,0
2022-09-06 12:26:00,685,685,685,685,0
2022-09-06 12:27:00,685,685,685,685,0
2022-09-06 12:28:00,685,685,685,685,0
2022-09-06 12:29:00,685,685,685,685,0
2022-09-06 12:30:00,685,685,685,685,0
2022-09-06 12:31:00,685,685,685,685,0
2022-09-06 12:32:00,685,685,685,685,0
2022-09-06 12:33:00,685,685,685,685,0
2022-09-06 12:34:00,685,685,685,685,0
2022-09-06 12:35:00,685,685,685,685,0
2022-09-06 12:36:00,685,685,685,685,0
2022-09-06 12:37:00,685,685,685,685,0
2022-09-06 12:38:00,685,685,685,685,0
2022-09-06 12:39:00,685,685,685,685,0
2022-09-06 12:40:00,685,685,685,685,0
2022-09-06 12:41:00,685,685,685,685,0
2022-09-06 12:42:00,685,685,685,685,0
2022-09-06 12:43:00,685,685,685,685,0
2022-09-06 12:44:00,685,685,685,685,0
2022-09-06 12:45:00,685,685,685,685,0
2022-09-06 12:46:00,685,685,685,685,0
2022-09-06 12:47:00,685,685,685,685,0
2022-09-06 12:48:00,685,685,685,685,0
2022-09-06 12:49:00,685,685,685,685,0
2022-09-06 12:50:00,685,685,685,685,0
2022-09-06 12:51:00,685,685,685,685,0
2022-09-06 12:52:00,685,685,685,685,0
2022-09-06 12:53:00,685,685,685,685,0
2022-09-06 12:54:00,685,685,685,685,0
2022-09-06 12:55:00,685,685,685,685,0
2022-09-06 12:56:00,685,685,685,685,0
2022-09-06 12:57:00,685,685,685,685,0
2022-09-06 12:58:00,685,685,685,685,0
2022-09-06 12:59:00,685,685,685,685,0
2022-09-06 13:00:00,685,685,685,685,0
2022-09-06 13:01:00,685,685,685,685,0
2022-09-06 13:02:00,685,685,685,685,0
2022-09-06 13:03:00,685,685,685,685,0
2022-09-06 13:04:00,685,685,685,685,0
2022-09-06 13:05:00,685,685,685,685,0
2022-09-06 13:06:00,685,685,685,685,0
2022-09-06 13:07:00,685,685,685,685,0
2022-09-06 13:08:00,685,685,685,685,0
2022-09-06 13:09:00,685,685,685,685,0
2022-09-06 13:10:00,685,685,685,685,0
2022-09-06 13:11:00,685,685,685,685,0
2022-09-06 13:12:00,685,685,685,685,0
2022-09-06 13:13:00,685,685,685,685,0
2022-09-06 13:14:00,685,685,685,685,0
2022-09-06 13:15:00,685,685,685,685,0
2022-09-06 13:16:00,685,685,685,685,0
2022-09-06 13:17:00,685,685,685,685,0
2022-09-06 13:18:00,685,685,685,685,0
2022-09-06 13:19:00,685,685,685,685,0
2022-09-06 13:20:00,685,685,685,685,0
2022-09-06 13:21:00,685,685,685,685,0
2022-09-06 13:22:00,685,685,685,685,0
2022-09-06 13:23:00,685,685,685,685,0
2022-09-06 13:24:00,685,685,685,685,0
2022-09-06 13:25:00,685,685,685,685,0
2022-09-06 13:26:00,685,685,685,685,0
2022-09-06 13:27:00,685,685,685,685,0
2022-09-06 13:28:00,685,685,685,685,0
2022-09-06 13:29:00,685,685,685,685,0
2022-09-06 13:30:00,685,685,685,685,11800
2022-09-06 13:31:00,680,680,680,680,1900
2022-09-06 13:32:00,680,680,680,680,0
2022-09-06 13:33:00,680,680,680,680,0
2022-09-06 13:34:00,680,680,680,680,0
2022-09-06 13:35:00,685,685,685,685,300
2022-09-06 13:36:00,685,685,685,685,0
2022-09-06 13:37:00,685,685,685,685,0
2022-09-06 13:38:00,685,685,685,685,0
2022-09-06 13:39:00,685,685,685,685,0
2022-09-06 13:40:00,685,685,685,685,0
2022-09-06 13:41:00,685,685,685,685,0
2022-09-06 13:42:00,685,685,685,685,0
2022-09-06 13:43:00,685,685,685,685,0
2022-09-06 13:44:00,685,685,685,685,0
2022-09-06 13:45:00,685,685,685,685,0
2022-09-06 13:46:00,685,685,685,685,0
2022-09-06 13:47:00,685,685,685,685,200
2022-09-06 13:48:00,685,685,685,685,17500
2022-09-06 13:49:00,685,685,685,685,0
2022-09-06 13:50:00,685,685,685,685,1800
2022-09-06 13:51:00,685,685,685,685,0
2022-09-06 13:52:00,685,685,685,685,0
2022-09-06 13:53:00,685,685,685,685,0
2022-09-06 13:54:00,685,685,685,685,2700
2022-09-06 13:55:00,685,685,685,685,0
2022-09-06 13:56:00,685,685,685,685,0
2022-09-06 13:57:00,685,685,685,685,6000
2022-09-06 13:58:00,685,685,685,685,0
2022-09-06 13:59:00,685,685,685,685,0
2022-09-06 14:00:00,685,685,685,685,2000
2022-09-06 14:01:00,685,685,685,685,0
2022-09-06 14:02:00,685,685,685,685,600
2022-09-06 14:03:00,685,685,685,685,0
2022-09-06 14:04:00,685,685,685,685,10200
2022-09-06 14:05:00,685,685,685,685,0
2022-09-06 14:06:00,685,675,685,675,169300
2022-09-06 14:07:00,685,675,685,675,0
2022-09-06 14:08:00,680,680,680,680,0
2022-09-06 14:09:00,680,680,680,680,0
2022-09-06 14:10:00,680,680,680,680,6000
2022-09-06 14:11:00,680,675,680,680,49400
2022-09-06 14:12:00,670,670,680,680,31000
2022-09-06 14:13:00,670,670,680,680,0
2022-09-06 14:14:00,685,685,685,685,0
2022-09-06 14:15:00,685,685,685,685,10000
2022-09-06 14:16:00,685,685,685,685,0
2022-09-06 14:17:00,685,685,685,685,0
2022-09-06 14:18:00,685,685,685,685,0
2022-09-06 14:19:00,685,685,685,685,0
2022-09-06 14:20:00,685,685,685,685,0
2022-09-06 14:21:00,685,685,685,685,0
2022-09-06 14:22:00,680,680,680,680,8800
2022-09-06 14:23:00,680,680,680,680,0
2022-09-06 14:24:00,680,680,680,680,100
2022-09-06 14:25:00,680,680,680,680,0
2022-09-06 14:26:00,680,680,680,680,0
2022-09-06 14:27:00,680,680,680,680,0
2022-09-06 14:28:00,685,685,685,685,200
2022-09-06 14:29:00,685,685,685,685,0
2022-09-06 14:30:00,685,685,685,685,0
2022-09-06 14:31:00,685,685,685,685,0
2022-09-06 14:32:00,685,685,685,685,0
2022-09-06 14:33:00,685,685,685,685,12000
2022-09-06 14:34:00,685,685,685,685,0
2022-09-06 14:35:00,685,685,685,685,0
2022-09-06 14:36:00,685,685,685,685,0
2022-09-06 14:37:00,685,685,685,685,0
2022-09-06 14:38:00,685,685,685,685,0
2022-09-06 14:39:00,685,685,685,685,0
2022-09-06 14:40:00,685,685,685,685,0
2022-09-06 14:41:00,685,685,685,685,0
2022-09-06 14:42:00,685,685,685,685,0
2022-09-06 14:43:00,685,685,685,685,2100
2022-09-06 14:44:00,685,685,685,685,8000
2022-09-06 14:45:00,685,685,690,690,1400
2022-09-06 14:46:00,685,685,690,690,0
2022-09-06 14:47:00,685,685,690,690,0
2022-09-06 14:48:00,685,685,685,685,9900
2022-09-06 14:49:00,685,685,685,685,0
2022-09-06 14:50:00,685,685,685,685,0
2022-09-06 14:51:00,685,685,685,685,0
2022-09-06 14:52:00,685,685,685,685,0
2022-09-06 14:53:00,685,685,685,685,0
2022-09-06 14:54:00,685,685,685,685,0
2022-09-06 14:55:00,685,685,685,685,0
2022-09-06 14:56:00,685,685,685,685,0
2022-09-06 14:57:00,685,685,685,685,0
2022-09-06 14:58:00,685,685,685,685,0
2022-09-06 14:59:00,685,685,685,685,0
2022-09-06 15:00:00,685,685,685,685,21800
2022-09-06 15:01:00,685,685,685,685,0
2022-09-06 15:02:00,685,685,685,685,0
2022-09-06 15:03:00,685,685,685,685,0
2022-09-06 15:04:00,685,685,685,685,0
2022-09-06 15:05:00,685,685,685,685,0
2022-09-06 15:06:00,685,685,685,685,0
2022-09-06 15:07:00,685,685,685,685,0
2022-09-06 15:08:00,685,685,685,685,0
2022-09-06 15:09:00,685,685,685,685,0
2022-09-06 15:10:00,685,685,685,685,0
2022-09-06 15:11:00,685,685,685,685,0
2022-09-06 15:12:00,685,685,685,685,0
2022-09-06 15:13:00,685,685,685,685,0
2022-09-06 15:14:00,685,685,685,685,0
2022-09-06 15:15:00,685,685,685,685,0
2022-09-06 15:16:00,685,685,685,685,0
2022-09-06 15:17:00,685,685,685,685,0
2022-09-06 15:18:00,685,685,685,685,0
2022-09-06 15:19:00,685,685,685,685,0
2022-09-06 15:20:00,685,685,685,685,0
2022-09-06 15:21:00,685,685,685,685,0
2022-09-06 15:22:00,685,685,685,685,0
2022-09-06 15:23:00,685,685,685,685,0
2022-09-06 15:24:00,685,685,685,685,0
2022-09-06 15:25:00,685,685,685,685,0
2022-09-06 15:26:00,685,685,685,685,0
2022-09-06 15:27:00,685,685,685,685,0
2022-09-06 15:28:00,685,685,685,685,0
2022-09-06 15:29:00,685,685,685,685,0
2022-09-06 15:30:00,685,685,685,685,0
2022-09-06 15:31:00,685,685,685,685,0
2022-09-06 15:32:00,685,685,685,685,0
2022-09-06 15:33:00,685,685,685,685,0
2022-09-06 15:34:00,685,685,685,685,0
2022-09-06 15:35:00,685,685,685,685,0
2022-09-06 15:36:00,685,685,685,685,0
2022-09-06 15:37:00,685,685,685,685,0
2022-09-06 15:38:00,685,685,685,685,0
2022-09-06 15:39:00,685,685,685,685,0
2022-09-06 15:40:00,685,685,685,685,0
2022-09-06 15:41:00,685,685,685,685,0
2022-09-06 15:42:00,685,685,685,685,0
2022-09-06 15:43:00,685,685,685,685,0
2022-09-06 15:44:00,685,685,685,685,0
2022-09-06 15:45:00,685,685,685,685,0
2022-09-06 15:46:00,685,685,685,685,0
2022-09-06 15:47:00,685,685,685,685,0
2022-09-06 15:48:00,685,685,685,685,0
2022-09-06 15:49:00,685,685,685,685,0
2022-09-06 15:50:00,685,685,685,685,0
2022-09-06 15:51:00,685,685,685,685,0
2022-09-06 15:52:00,685,685,685,685,0
2022-09-06 15:53:00,685,685,685,685,0
2022-09-06 15:54:00,685,685,685,685,0
2022-09-06 15:55:00,685,685,685,685,0
2022-09-06 15:56:00,685,685,685,685,0
2022-09-06 15:57:00,685,685,685,685,0
2022-09-06 15:58:00,685,685,685,685,0
2022-09-06 15:59:00,685,685,685,685,0
2022-09-07 09:00:00,690,685,690,685,5000
2022-09-07 09:01:00,685,685,685,685,0
2022-09-07 09:02:00,685,685,685,685,10100
2022-09-07 09:03:00,685,685,685,685,147300
2022-09-07 09:04:00,685,685,685,685,0
2022-09-07 09:05:00,685,685,685,685,0
2022-09-07 09:06:00,685,685,685,685,0
2022-09-07 09:07:00,685,685,685,685,0
2022-09-07 09:08:00,685,685,685,685,0
2022-09-07 09:09:00,685,685,685,685,0
2022-09-07 09:10:00,685,685,685,685,0
2022-09-07 09:11:00,685,685,685,685,4700
2022-09-07 09:12:00,685,685,685,685,0
2022-09-07 09:13:00,685,685,685,685,0
2022-09-07 09:14:00,690,690,690,690,3100
2022-09-07 09:15:00,695,695,695,695,5300
2022-09-07 09:16:00,695,695,695,695,0
2022-09-07 09:17:00,695,695,695,695,1000
2022-09-07 09:18:00,695,695,695,695,11900
2022-09-07 09:19:00,695,695,695,695,0
2022-09-07 09:20:00,695,695,695,695,8400
2022-09-07 09:21:00,695,695,695,695,0
2022-09-07 09:22:00,695,695,695,695,0
2022-09-07 09:23:00,695,695,695,695,2200
2022-09-07 09:24:00,695,695,695,695,0
2022-09-07 09:25:00,700,695,700,695,1400
2022-09-07 09:26:00,695,695,695,695,13000
2022-09-07 09:27:00,695,695,700,700,168000
2022-09-07 09:28:00,695,695,700,700,0
2022-09-07 09:29:00,705,700,705,705,0
2022-09-07 09:30:00,705,705,705,705,40700
2022-09-07 09:31:00,705,705,705,705,13900
2022-09-07 09:32:00,710,710,710,710,0
2022-09-07 09:33:00,715,715,735,730,72300
2022-09-07 09:34:00,735,735,760,755,64900
2022-09-07 09:35:00,755,755,790,790,223700
2022-09-07 09:36:00,790,790,810,805,165900
2022-09-07 09:37:00,805,795,810,795,181900
2022-09-07 09:38:00,795,795,800,795,228300
2022-09-07 09:39:00,790,740,790,740,39300
2022-09-07 09:40:00,730,715,735,735,38000
2022-09-07 09:41:00,740,735,790,785,82900
2022-09-07 09:42:00,790,780,790,785,51500
2022-09-07 09:43:00,785,775,785,775,25900
2022-09-07 09:44:00,775,770,775,775,40500
2022-09-07 09:45:00,775,770,775,775,2200
2022-09-07 09:46:00,775,770,775,775,7600
2022-09-07 09:47:00,780,780,780,780,3700
2022-09-07 09:48:00,775,775,780,780,11000
2022-09-07 09:49:00,775,775,775,775,3600
2022-09-07 09:50:00,775,775,780,775,5700
2022-09-07 09:51:00,775,775,775,775,100
2022-09-07 09:52:00,775,770,775,770,1900
2022-09-07 09:53:00,770,770,770,770,14400
2022-09-07 09:54:00,770,765,770,765,5200
2022-09-07 09:55:00,765,750,765,750,122400
2022-09-07 09:56:00,750,750,755,755,13100
2022-09-07 09:57:00,755,755,755,755,14200
2022-09-07 09:58:00,755,750,755,750,42700
2022-09-07 09:59:00,750,750,750,750,25400
2022-09-07 10:00:00,750,750,750,750,0
2022-09-07 10:01:00,755,755,755,755,17600
2022-09-07 10:02:00,755,755,755,755,0
2022-09-07 10:03:00,745,740,745,745,38300
2022-09-07 10:04:00,740,740,740,740,23800
2022-09-07 10:05:00,735,735,735,735,61000
2022-09-07 10:06:00,735,730,740,740,170700
2022-09-07 10:07:00,740,740,740,740,23700
2022-09-07 10:08:00,740,740,740,740,0
2022-09-07 10:09:00,740,740,740,740,0
2022-09-07 10:10:00,745,740,745,740,10400
2022-09-07 10:11:00,745,740,745,740,0
2022-09-07 10:12:00,740,730,740,730,11600
2022-09-07 10:13:00,735,730,735,735,8200
2022-09-07 10:14:00,735,735,735,735,400
2022-09-07 10:15:00,735,735,735,735,0
2022-09-07 10:16:00,735,735,735,735,0
2022-09-07 10:17:00,735,735,735,735,0
2022-09-07 10:18:00,735,735,735,735,0
2022-09-07 10:19:00,735,735,735,735,1500
2022-09-07 10:20:00,735,735,735,735,5400
2022-09-07 10:21:00,735,735,735,735,0
2022-09-07 10:22:00,730,725,730,725,21900
2022-09-07 10:23:00,725,720,725,725,17500
2022-09-07 10:24:00,725,725,725,725,1600
2022-09-07 10:25:00,730,730,730,730,0
2022-09-07 10:26:00,730,730,730,730,0
2022-09-07 10:27:00,730,730,735,735,2800
2022-09-07 10:28:00,735,730,735,730,100000
2022-09-07 10:29:00,735,730,735,730,0
2022-09-07 10:30:00,735,730,735,730,0
2022-09-07 10:31:00,730,730,730,730,0
2022-09-07 10:32:00,730,730,730,730,300
2022-09-07 10:33:00,725,725,730,730,2500
2022-09-07 10:34:00,730,730,730,730,500
2022-09-07 10:35:00,730,730,730,730,0
2022-09-07 10:36:00,730,730,730,730,200
2022-09-07 10:37:00,730,730,730,730,1200
2022-09-07 10:38:00,730,730,730,730,1300
2022-09-07 10:39:00,730,730,730,730,0
2022-09-07 10:40:00,730,730,730,730,0
2022-09-07 10:41:00,735,730,735,735,5400
2022-09-07 10:42:00,735,730,735,735,0
2022-09-07 10:43:00,735,735,735,735,2000
2022-09-07 10:44:00,735,735,735,735,8500
2022-09-07 10:45:00,735,735,735,735,0
2022-09-07 10:46:00,735,735,735,735,300
2022-09-07 10:47:00,735,735,735,735,0
2022-09-07 10:48:00,735,735,735,735,600
2022-09-07 10:49:00,735,735,735,735,800
2022-09-07 10:50:00,735,735,735,735,1500
2022-09-07 10:51:00,735,735,735,735,400
2022-09-07 10:52:00,735,735,735,735,1000
2022-09-07 10:53:00,735,735,735,735,0
2022-09-07 10:54:00,735,735,735,735,0
2022-09-07 10:55:00,735,735,735,735,400
2022-09-07 10:56:00,735,735,735,735,0
2022-09-07 10:57:00,735,735,735,735,0
2022-09-07 10:58:00,735,735,735,735,6800
2022-09-07 10:59:00,735,735,735,735,0
2022-09-07 11:00:00,735,735,735,735,0
2022-09-07 11:01:00,730,730,735,735,13200
2022-09-07 11:02:00,735,735,735,735,0
2022-09-07 11:03:00,735,735,735,735,0
2022-09-07 11:04:00,740,740,745,745,34100
2022-09-07 11:05:00,745,745,745,745,1900
2022-09-07 11:06:00,740,740,740,740,0
2022-09-07 11:07:00,740,740,740,740,1500
2022-09-07 11:08:00,740,735,740,735,10200
2022-09-07 11:09:00,740,735,740,735,0
2022-09-07 11:10:00,740,735,740,735,0
2022-09-07 11:11:00,740,735,740,735,0
2022-09-07 11:12:00,740,735,740,735,0
2022-09-07 11:13:00,735,735,735,735,200
2022-09-07 11:14:00,735,735,735,735,100
2022-09-07 11:15:00,735,735,735,735,0
2022-09-07 11:16:00,735,735,735,735,900
2022-09-07 11:17:00,740,740,740,740,1500
2022-09-07 11:18:00,740,740,740,740,0
2022-09-07 11:19:00,740,740,740,740,0
2022-09-07 11:20:00,740,740,740,740,5200
2022-09-07 11:21:00,740,740,740,740,10600
2022-09-07 11:22:00,740,740,740,740,14200
2022-09-07 11:23:00,740,740,740,740,0
2022-09-07 11:24:00,740,735,740,735,3000
2022-09-07 11:25:00,740,735,740,735,0
2022-09-07 11:26:00,740,735,740,735,0
2022-09-07 11:27:00,740,735,740,735,0
2022-09-07 11:28:00,740,735,740,735,0
2022-09-07 11:29:00,740,735,740,735,0
2022-09-07 11:30:00,740,735,740,735,0
2022-09-07 11:31:00,740,735,740,735,0
2022-09-07 11:32:00,740,735,740,735,0
2022-09-07 11:33:00,740,735,740,735,0
2022-09-07 11:34:00,740,735,740,735,0
2022-09-07 11:35:00,740,735,740,735,0
2022-09-07 11:36:00,740,735,740,735,0
2022-09-07 11:37:00,740,735,740,735,0
2022-09-07 11:38:00,740,735,740,735,0
2022-09-07 11:39:00,740,735,740,735,0
2022-09-07 11:40:00,740,735,740,735,0
2022-09-07 11:41:00,740,735,740,735,0
2022-09-07 11:42:00,740,735,740,735,0
2022-09-07 11:43:00,740,735,740,735,0
2022-09-07 11:44:00,740,735,740,735,0
2022-09-07 11:45:00,740,735,740,735,0
2022-09-07 11:46:00,740,735,740,735,0
2022-09-07 11:47:00,740,735,740,735,0
2022-09-07 11:48:00,740,735,740,735,0
2022-09-07 11:49:00,740,735,740,735,0
2022-09-07 11:50:00,740,735,740,735,0
2022-09-07 11:51:00,740,735,740,735,0
2022-09-07 11:52:00,740,735,740,735,0
2022-09-07 11:53:00,740,735,740,735,0
2022-09-07 11:54:00,740,735,740,735,0
2022-09-07 11:55:00,740,735,740,735,0
2022-09-07 11:56:00,740,735,740,735,0
2022-09-07 11:57:00,740,735,740,735,0
2022-09-07 11:58:00,740,735,740,735,0
2022-09-07 11:59:00,740,735,740,735,0
2022-09-07 12:00:00,740,735,740,735,0
2022-09-07 12:01:00,740,735,740,735,0
2022-09-07 12:02:00,740,735,740,735,0
2022-09-07 12:03:00,740,735,740,735,0
2022-09-07 12:04:00,740,735,740,735,0
2022-09-07 12:05:00,740,735,740,735,0
2022-09-07 12:06:00,740,735,740,735,0
2022-09-07 12:07:00,740,735,740,735,0
2022-09-07 12:08:00,740,735,740,735,0
2022-09-07 12:09:00,740,735,740,735,0
2022-09-07 12:10:00,740,735,740,735,0
2022-09-07 12:11:00,740,735,740,735,0
2022-09-07 12:12:00,740,735,740,735,0
2022-09-07 12:13:00,740,735,740,735,0
2022-09-07 12:14:00,740,735,740,735,0
2022-09-07 12:15:00,740,735,740,735,0
2022-09-07 12:16:00,740,735,740,735,0
2022-09-07 12:17:00,740,735,740,735,0
2022-09-07 12:18:00,740,735,740,735,0
2022-09-07 12:19:00,740,735,740,735,0
2022-09-07 12:20:00,740,735,740,735,0
2022-09-07 12:21:00,740,735,740,735,0
2022-09-07 12:22:00,740,735,740,735,0
2022-09-07 12:23:00,740,735,740,735,0
2022-09-07 12:24:00,740,735,740,735,0
2022-09-07 12:25:00,740,735,740,735,0
2022-09-07 12:26:00,740,735,740,735,0
2022-09-07 12:27:00,740,735,740,735,0
2022-09-07 12:28:00,740,735,740,735,0
2022-09-07 12:29:00,740,735,740,735,0
2022-09-07 12:30:00,740,735,740,735,0
2022-09-07 12:31:00,740,735,740,735,0
2022-09-07 12:32:00,740,735,740,735,0
2022-09-07 12:33:00,740,735,740,735,0
2022-09-07 12:34:00,740,735,740,735,0
2022-09-07 12:35:00,740,735,740,735,0
2022-09-07 12:36:00,740,735,740,735,0
2022-09-07 12:37:00,740,735,740,735,0
2022-09-07 12:38:00,740,735,740,735,0
2022-09-07 12:39:00,740,735,740,735,0
2022-09-07 12:40:00,740,735,740,735,0
2022-09-07 12:41:00,740,735,740,735,0
2022-09-07 12:42:00,740,735,740,735,0
2022-09-07 12:43:00,740,735,740,735,0
2022-09-07 12:44:00,740,735,740,735,0
2022-09-07 12:45:00,740,735,740,735,0
2022-09-07 12:46:00,740,735,740,735,0
2022-09-07 12:47:00,740,735,740,735,0
2022-09-07 12:48:00,740,735,740,735,0
2022-09-07 12:49:00,740,735,740,735,0
2022-09-07 12:50:00,740,735,740,735,0
2022-09-07 12:51:00,740,735,740,735,0
2022-09-07 12:52:00,740,735,740,735,0
2022-09-07 12:53:00,740,735,740,735,0
2022-09-07 12:54:00,740,735,740,735,0
2022-09-07 12:55:00,740,735,740,735,0
2022-09-07 12:56:00,740,735,740,735,0
2022-09-07 12:57:00,740,735,740,735,0
2022-09-07 12:58:00,740,735,740,735,0
2022-09-07 12:59:00,740,735,740,735,0
2022-09-07 13:00:00,740,735,740,735,0
2022-09-07 13:01:00,740,735,740,735,0
2022-09-07 13:02:00,740,735,740,735,0
2022-09-07 13:03:00,740,735,740,735,0
2022-09-07 13:04:00,740,735,740,735,0
2022-09-07 13:05:00,740,735,740,735,0
2022-09-07 13:06:00,740,735,740,735,0
2022-09-07 13:07:00,740,735,740,735,0
2022-09-07 13:08:00,740,735,740,735,0
2022-09-07 13:09:00,740,735,740,735,0
2022-09-07 13:10:00,740,735,740,735,0
2022-09-07 13:11:00,740,735,740,735,0
2022-09-07 13:12:00,740,735,740,735,0
2022-09-07 13:13:00,740,735,740,735,0
2022-09-07 13:14:00,740,735,740,735,0
2022-09-07 13:15:00,740,735,740,735,0
2022-09-07 13:16:00,740,735,740,735,0
2022-09-07 13:17:00,740,735,740,735,0
2022-09-07 13:18:00,740,735,740,735,0
2022-09-07 13:19:00,740,735,740,735,0
2022-09-07 13:20:00,740,735,740,735,0
2022-09-07 13:21:00,740,735,740,735,0
2022-09-07 13:22:00,740,735,740,735,0
2022-09-07 13:23:00,740,735,740,735,0
2022-09-07 13:24:00,740,735,740,735,0
2022-09-07 13:25:00,740,735,740,735,0
2022-09-07 13:26:00,740,735,740,735,0
2022-09-07 13:27:00,740,735,740,735,0
2022-09-07 13:28:00,740,735,740,735,0
2022-09-07 13:29:00,740,735,740,735,0
2022-09-07 13:30:00,735,735,735,735,1600
2022-09-07 13:31:00,735,730,735,730,3900
2022-09-07 13:32:00,735,730,735,730,0
2022-09-07 13:33:00,735,730,735,730,0
2022-09-07 13:34:00,735,730,735,730,0
2022-09-07 13:35:00,730,730,730,730,0
2022-09-07 13:36:00,730,730,730,730,0
2022-09-07 13:37:00,730,730,730,730,100
2022-09-07 13:38:00,730,730,730,730,0
2022-09-07 13:39:00,730,730,730,730,0
2022-09-07 13:40:00,730,730,730,730,0
2022-09-07 13:41:00,730,730,730,730,0
2022-09-07 13:42:00,730,730,730,730,300
2022-09-07 13:43:00,730,730,730,730,0
2022-09-07 13:44:00,730,730,730,730,3900
2022-09-07 13:45:00,730,730,730,730,0
2022-09-07 13:46:00,730,730,730,730,0
2022-09-07 13:47:00,730,730,730,730,0
2022-09-07 13:48:00,730,730,730,730,0
2022-09-07 13:49:00,730,730,735,735,20000
2022-09-07 13:50:00,730,730,735,735,0
2022-09-07 13:51:00,735,735,735,735,3100
2022-09-07 13:52:00,735,735,735,735,0
2022-09-07 13:53:00,735,735,735,735,0
2022-09-07 13:54:00,735,735,735,735,0
2022-09-07 13:55:00,740,740,740,740,200
2022-09-07 13:56:00,740,740,740,740,100
2022-09-07 13:57:00,740,740,740,740,1100
2022-09-07 13:58:00,735,735,735,735,600
2022-09-07 13:59:00,735,735,735,735,500
2022-09-07 14:00:00,735,735,735,735,0
2022-09-07 14:01:00,735,735,735,735,0
2022-09-07 14:02:00,735,735,735,735,8500
2022-09-07 14:03:00,735,735,735,735,0
2022-09-07 14:04:00,735,735,735,735,0
2022-09-07 14:05:00,740,735,740,735,0
2022-09-07 14:06:00,740,735,740,735,0
2022-09-07 14:07:00,735,735,735,735,1100
2022-09-07 14:08:00,735,735,735,735,0
2022-09-07 14:09:00,740,740,740,740,0
2022-09-07 14:10:00,740,740,740,740,0
2022-09-07 14:11:00,740,740,740,740,0
2022-09-07 14:12:00,740,740,740,740,0
2022-09-07 14:13:00,740,740,740,740,2437500
2022-09-07 14:14:00,735,735,735,735,39900
2022-09-07 14:15:00,730,730,730,730,0
2022-09-07 14:16:00,730,730,730,730,0
2022-09-07 14:17:00,730,730,730,730,2000
2022-09-07 14:18:00,730,730,730,730,1800
2022-09-07 14:19:00,730,730,730,730,1200
2022-09-07 14:20:00,730,730,730,730,0
2022-09-07 14:21:00,730,730,730,730,0
2022-09-07 14:22:00,730,730,730,730,0
2022-09-07 14:23:00,735,735,735,735,14300
2022-09-07 14:24:00,735,735,740,740,800
2022-09-07 14:25:00,740,740,740,740,1000
2022-09-07 14:26:00,740,740,740,740,0
2022-09-07 14:27:00,735,735,735,735,0
2022-09-07 14:28:00,735,735,735,735,0
2022-09-07 14:29:00,735,735,735,735,0
2022-09-07 14:30:00,740,740,740,740,18300
2022-09-07 14:31:00,740,740,740,740,0
2022-09-07 14:32:00,740,740,740,740,0
2022-09-07 14:33:00,740,740,740,740,0
2022-09-07 14:34:00,740,740,740,740,0
2022-09-07 14:35:00,735,735,735,735,2000
2022-09-07 14:36:00,735,735,735,735,0
2022-09-07 14:37:00,735,735,735,735,0
2022-09-07 14:38:00,735,735,735,735,0
2022-09-07 14:39:00,735,735,735,735,200
2022-09-07 14:40:00,735,735,735,735,18900
2022-09-07 14:41:00,740,735,740,735,6500
2022-09-07 14:42:00,740,735,740,740,7300
2022-09-07 14:43:00,740,735,740,740,0
2022-09-07 14:44:00,740,740,740,740,28400
2022-09-07 14:45:00,740,735,740,735,0
2022-09-07 14:46:00,735,735,735,735,4500
2022-09-07 14:47:00,735,735,735,735,0
2022-09-07 14:48:00,735,735,735,735,0
2022-09-07 14:49:00,740,740,740,740,4800
2022-09-07 14:50:00,740,740,740,740,0
2022-09-07 14:51:00,740,740,740,740,0
2022-09-07 14:52:00,740,740,740,740,0
2022-09-07 14:53:00,740,740,740,740,0
2022-09-07 14:54:00,740,740,740,740,0
2022-09-07 14:55:00,740,740,740,740,0
2022-09-07 14:56:00,740,740,740,740,0
2022-09-07 14:57:00,740,740,740,740,0
2022-09-07 14:58:00,740,740,740,740,0
2022-09-07 14:59:00,740,740,740,740,0
2022-09-07 15:00:00,745,745,745,745,63300
2022-09-07 15:01:00,745,745,745,745,1500
2022-09-07 15:02:00,745,745,745,745,0
2022-09-07 15:03:00,745,745,745,745,2500
2022-09-07 15:04:00,745,745,745,745,0
2022-09-07 15:05:00,745,745,745,745,0
2022-09-07 15:06:00,745,745,745,745,1100
2022-09-07 15:07:00,745,745,745,745,0
2022-09-07 15:08:00,745,745,745,745,0
2022-09-07 15:09:00,745,745,745,745,0
2022-09-07 15:10:00,745,745,745,745,0
2022-09-07 15:11:00,745,745,745,745,0
2022-09-07 15:12:00,745,745,745,745,0
2022-09-07 15:13:00,745,745,745,745,0
2022-09-07 15:14:00,745,745,745,745,0
2022-09-07 15:15:00,745,745,745,745,0
2022-09-07 15:16:00,745,745,745,745,0
2022-09-07 15:17:00,745,745,745,745,0
2022-09-07 15:18:00,745,745,745,745,0
2022-09-07 15:19:00,745,745,745,745,0
2022-09-07 15:20:00,745,745,745,745,0
2022-09-07 15:21:00,745,745,745,745,0
2022-09-07 15:22:00,745,745,745,745,0
2022-09-07 15:23:00,745,745,745,745,0
2022-09-07 15:24:00,745,745,745,745,0
2022-09-07 15:25:00,745,745,745,745,0
2022-09-07 15:26:00,745,745,745,745,0
2022-09-07 15:27:00,745,745,745,745,0
2022-09-07 15:28:00,745,745,745,745,0
2022-09-07 15:29:00,745,745,745,745,0
2022-09-07 15:30:00,745,745,745,745,0
2022-09-07 15:31:00,745,745,745,745,0
2022-09-07 15:32:00,745,745,745,745,0
2022-09-07 15:33:00,745,745,745,745,0
2022-09-07 15:34:00,745,745,745,745,0
2022-09-07 15:35:00,745,745,745,745,0
2022-09-07 15:36:00,745,745,745,745,0
2022-09-07 15:37:00,745,745,745,745,0
2022-09-07 15:38:00,745,745,745,745,0
2022-09-07 15:39:00,745,745,745,745,0
2022-09-07 15:40:00,745,745,745,745,0
2022-09-07 15:41:00,745,745,745,745,0
2022-09-07 15:42:00,745,745,745,745,0
2022-09-07 15:43:00,745,745,745,745,0
2022-09-07 15:44:00,745,745,745,745,0
2022-09-07 15:45:00,745,745,745,745,0
2022-09-07 15:46:00,745,745,745,745,0
2022-09-07 15:47:00,745,745,745,745,0
2022-09-07 15:48:00,745,745,745,745,0
2022-09-07 15:49:00,745,745,745,745,0
2022-09-07 15:50:00,745,745,745,745,0
2022-09-07 15:51:00,745,745,745,745,0
2022-09-07 15:52:00,745,745,745,745,0
2022-09-07 15:53:00,745,745,745,745,0
2022-09-07 15:54:00,745,745,745,745,0
2022-09-07 15:55:00,745,745,745,745,0
2022-09-07 15:56:00,745,745,745,745,0
2022-09-07 15:57:00,745,745,745,745,0
2022-09-07 15:58:00,745,745,745,745,0
2022-09-07 15:59:00,745,745,745,745,0
2022-09-08 09:00:00,750,750,760,755,18600
2022-09-08 09:01:00,750,750,760,760,8800
2022-09-08 09:02:00,760,760,760,760,3700
2022-09-08 09:03:00,755,755,775,770,46800
2022-09-08 09:04:00,770,770,775,775,13400
2022-09-08 09:05:00,770,770,775,770,37400
2022-09-08 09:06:00,770,770,775,770,11500
2022-09-08 09:07:00,765,750,765,750,63600
2022-09-08 09:08:00,750,750,760,760,0
2022-09-08 09:09:00,760,760,760,760,4100
2022-09-08 09:10:00,760,760,765,760,3500
2022-09-08 09:11:00,760,760,765,760,0
2022-09-08 09:12:00,760,760,760,760,5200
2022-09-08 09:13:00,760,760,760,760,5400
2022-09-08 09:14:00,760,760,765,765,0
2022-09-08 09:15:00,765,765,765,765,8600
2022-09-08 09:16:00,765,765,765,765,0
2022-09-08 09:17:00,765,765,765,765,0
2022-09-08 09:18:00,765,765,765,765,0
2022-09-08 09:19:00,765,765,770,770,400
2022-09-08 09:20:00,765,765,770,770,0
2022-09-08 09:21:00,770,770,770,770,2700
2022-09-08 09:22:00,770,770,770,770,26200
2022-09-08 09:23:00,770,770,775,770,28100
2022-09-08 09:24:00,770,770,775,775,0
2022-09-08 09:25:00,775,775,775,775,20200
2022-09-08 09:26:00,770,770,770,770,318000
2022-09-08 09:27:00,765,760,770,770,100100
2022-09-08 09:28:00,765,765,770,765,2000
2022-09-08 09:29:00,760,755,765,755,32700
2022-09-08 09:30:00,750,750,750,750,800
2022-09-08 09:31:00,755,750,755,750,3800
2022-09-08 09:32:00,750,750,750,750,0
2022-09-08 09:33:00,750,750,750,750,8900
2022-09-08 09:34:00,755,755,755,755,0
2022-09-08 09:35:00,755,755,755,755,0
2022-09-08 09:36:00,755,755,755,755,0
2022-09-08 09:37:00,755,755,755,755,0
2022-09-08 09:38:00,755,755,760,760,700
2022-09-08 09:39:00,760,760,760,760,1000
2022-09-08 09:40:00,765,765,765,765,200
2022-09-08 09:41:00,765,765,770,770,7400
2022-09-08 09:42:00,770,770,770,770,3000
2022-09-08 09:43:00,770,765,770,765,1700
2022-09-08 09:44:00,770,765,770,765,0
2022-09-08 09:45:00,770,765,770,765,0
2022-09-08 09:46:00,760,760,760,760,0
2022-09-08 09:47:00,760,760,760,760,0
2022-09-08 09:48:00,760,760,760,760,5900
2022-09-08 09:49:00,760,760,760,760,0
2022-09-08 09:50:00,760,760,760,760,0
2022-09-08 09:51:00,760,760,760,760,1000
2022-09-08 09:52:00,760,760,760,760,1300
2022-09-08 09:53:00,760,760,760,760,0
2022-09-08 09:54:00,760,760,760,760,0
2022-09-08 09:55:00,760,755,760,755,19000
2022-09-08 09:56:00,760,755,760,755,0
2022-09-08 09:57:00,760,755,760,755,0
2022-09-08 09:58:00,755,755,755,755,8300
2022-09-08 09:59:00,755,755,755,755,400
2022-09-08 10:00:00,755,755,755,755,0
2022-09-08 10:01:00,755,755,755,755,5600
2022-09-08 10:02:00,755,755,755,755,0
2022-09-08 10:03:00,750,750,750,750,4300
2022-09-08 10:04:00,750,750,750,750,0
2022-09-08 10:05:00,750,750,750,750,14800
2022-09-08 10:06:00,750,750,750,750,8000
2022-09-08 10:07:00,750,750,750,750,0
2022-09-08 10:08:00,755,750,755,750,0
2022-09-08 10:09:00,755,750,755,750,0
2022-09-08 10:10:00,755,750,755,750,0
2022-09-08 10:11:00,755,750,755,750,0
2022-09-08 10:12:00,755,755,755,755,2300
2022-09-08 10:13:00,755,750,755,750,200
2022-09-08 10:14:00,755,750,755,750,0
2022-09-08 10:15:00,755,750,755,750,0
2022-09-08 10:16:00,755,750,755,750,0
2022-09-08 10:17:00,755,750,755,750,0
2022-09-08 10:18:00,760,760,760,760,2700
2022-09-08 10:19:00,760,760,760,760,0
2022-09-08 10:20:00,760,760,760,760,2800
2022-09-08 10:21:00,760,760,760,760,0
2022-09-08 10:22:00,760,760,760,760,0
2022-09-08 10:23:00,760,760,760,760,0
2022-09-08 10:24:00,760,760,760,760,0
2022-09-08 10:25:00,760,760,760,760,0
2022-09-08 10:26:00,760,760,760,760,0
2022-09-08 10:27:00,760,760,760,760,0
2022-09-08 10:28:00,760,760,760,760,0
2022-09-08 10:29:00,760,760,760,760,0
2022-09-08 10:30:00,760,760,760,760,0
2022-09-08 10:31:00,760,760,760,760,0
2022-09-08 10:32:00,760,760,760,760,0
2022-09-08 10:33:00,760,760,760,760,0
2022-09-08 10:34:00,760,760,760,760,200
2022-09-08 10:35:00,755,755,755,755,9900
2022-09-08 10:36:00,755,755,755,755,0
2022-09-08 10:37:00,755,755,755,755,0
2022-09-08 10:38:00,755,755,755,755,0
2022-09-08 10:39:00,755,755,755,755,0
2022-09-08 10:40:00,750,750,755,755,200
2022-09-08 10:41:00,750,750,750,750,123200
2022-09-08 10:42:00,750,750,750,750,9900
2022-09-08 10:43:00,750,750,750,750,0
2022-09-08 10:44:00,755,755,755,755,0
2022-09-08 10:45:00,755,750,755,750,11400
2022-09-08 10:46:00,750,750,750,750,0
2022-09-08 10:47:00,750,750,750,750,0
2022-09-08 10:48:00,750,750,750,750,0
2022-09-08 10:49:00,750,750,750,750,0
2022-09-08 10:50:00,750,750,750,750,9300
2022-09-08 10:51:00,755,750,755,750,4700
2022-09-08 10:52:00,750,750,750,750,11400
2022-09-08 10:53:00,750,750,750,750,0
2022-09-08 10:54:00,750,750,750,750,0
2022-09-08 10:55:00,755,755,755,755,20000
2022-09-08 10:56:00,755,755,755,755,0
2022-09-08 10:57:00,755,755,755,755,0
2022-09-08 10:58:00,755,755,755,755,0
2022-09-08 10:59:00,755,755,755,755,0
2022-09-08 11:00:00,755,755,755,755,0
2022-09-08 11:01:00,755,755,755,755,0
2022-09-08 11:02:00,755,755,755,755,0
2022-09-08 11:03:00,755,755,755,755,0
2022-09-08 11:04:00,755,755,755,755,0
2022-09-08 11:05:00,755,755,755,755,0
2022-09-08 11:06:00,755,755,755,755,0
2022-09-08 11:07:00,755,755,755,755,0
2022-09-08 11:08:00,755,755,755,755,0
2022-09-08 11:09:00,755,755,755,755,0
2022-09-08 11:10:00,755,755,755,755,200
2022-09-08 11:11:00,755,755,755,755,0
2022-09-08 11:12:00,755,755,755,755,0
2022-09-08 11:13:00,755,755,755,755,0
2022-09-08 11:14:00,755,755,755,755,0
2022-09-08 11:15:00,755,755,755,755,0
2022-09-08 11:16:00,755,755,755,755,0
2022-09-08 11:17:00,755,755,755,755,0
2022-09-08 11:18:00,755,755,755,755,0
2022-09-08 11:19:00,755,755,755,755,0
2022-09-08 11:20:00,755,755,755,755,0
2022-09-08 11:21:00,750,750,750,750,10500
2022-09-08 11:22:00,750,750,750,750,56100
2022-09-08 11:23:00,750,750,750,750,0
2022-09-08 11:24:00,755,755,755,755,0
2022-09-08 11:25:00,750,750,750,750,71300
2022-09-08 11:26:00,750,750,750,750,0
2022-09-08 11:27:00,750,750,750,750,0
2022-09-08 11:28:00,750,750,750,750,0
2022-09-08 11:29:00,750,750,750,750,0
2022-09-08 11:30:00,750,750,750,750,0
2022-09-08 11:31:00,750,750,750,750,0
2022-09-08 11:32:00,750,750,750,750,0
2022-09-08 11:33:00,750,750,750,750,0
2022-09-08 11:34:00,750,750,750,750,0
2022-09-08 11:35:00,750,750,750,750,0
2022-09-08 11:36:00,750,750,750,750,0
2022-09-08 11:37:00,750,750,750,750,0
2022-09-08 11:38:00,750,750,750,750,0
2022-09-08 11:39:00,750,750,750,750,0
2022-09-08 11:40:00,750,750,750,750,0
2022-09-08 11:41:00,750,750,750,750,0
2022-09-08 11:42:00,750,750,750,750,0
2022-09-08 11:43:00,750,750,750,750,0
2022-09-08 11:44:00,750,750,750,750,0
2022-09-08 11:45:00,750,750,750,750,0
2022-09-08 11:46:00,750,750,750,750,0
2022-09-08 11:47:00,750,750,750,750,0
2022-09-08 11:48:00,750,750,750,750,0
2022-09-08 11:49:00,750,750,750,750,0
2022-09-08 11:50:00,750,750,750,750,0
2022-09-08 11:51:00,750,750,750,750,0
2022-09-08 11:52:00,750,750,750,750,0
2022-09-08 11:53:00,750,750,750,750,0
2022-09-08 11:54:00,750,750,750,750,0
2022-09-08 11:55:00,750,750,750,750,0
2022-09-08 11:56:00,750,750,750,750,0
2022-09-08 11:57:00,750,750,750,750,0
2022-09-08 11:58:00,750,750,750,750,0
2022-09-08 11:59:00,750,750,750,750,0
2022-09-08 12:00:00,750,750,750,750,0
2022-09-08 12:01:00,750,750,750,750,0
2022-09-08 12:02:00,750,750,750,750,0
2022-09-08 12:03:00,750,750,750,750,0
2022-09-08 12:04:00,750,750,750,750,0
2022-09-08 12:05:00,750,750,750,750,0
2022-09-08 12:06:00,750,750,750,750,0
2022-09-08 12:07:00,750,750,750,750,0
2022-09-08 12:08:00,750,750,750,750,0
2022-09-08 12:09:00,750,750,750,750,0
2022-09-08 12:10:00,750,750,750,750,0
2022-09-08 12:11:00,750,750,750,750,0
2022-09-08 12:12:00,750,750,750,750,0
2022-09-08 12:13:00,750,750,750,750,0
2022-09-08 12:14:00,750,750,750,750,0
2022-09-08 12:15:00,750,750,750,750,0
2022-09-08 12:16:00,750,750,750,750,0
2022-09-08 12:17:00,750,750,750,750,0
2022-09-08 12:18:00,750,750,750,750,0
2022-09-08 12:19:00,750,750,750,750,0
2022-09-08 12:20:00,750,750,750,750,0
2022-09-08 12:21:00,750,750,750,750,0
2022-09-08 12:22:00,750,750,750,750,0
2022-09-08 12:23:00,750,750,750,750,0
2022-09-08 12:24:00,750,750,750,750,0
2022-09-08 12:25:00,750,750,750,750,0
2022-09-08 12:26:00,750,750,750,750,0
2022-09-08 12:27:00,750,750,750,750,0
2022-09-08 12:28:00,750,750,750,750,0
2022-09-08 12:29:00,750,750,750,750,0
2022-09-08 12:30:00,750,750,750,750,0
2022-09-08 12:31:00,750,750,750,750,0
2022-09-08 12:32:00,750,750,750,750,0
2022-09-08 12:33:00,750,750,750,750,0
2022-09-08 12:34:00,750,750,750,750,0
2022-09-08 12:35:00,750,750,750,750,0
2022-09-08 12:36:00,750,750,750,750,0
2022-09-08 12:37:00,750,750,750,750,0
2022-09-08 12:38:00,750,750,750,750,0
2022-09-08 12:39:00,750,750,750,750,0
2022-09-08 12:40:00,750,750,750,750,0
2022-09-08 12:41:00,750,750,750,750,0
2022-09-08 12:42:00,750,750,750,750,0
2022-09-08 12:43:00,750,750,750,750,0
2022-09-08 12:44:00,750,750,750,750,0
2022-09-08 12:45:00,750,750,750,750,0
2022-09-08 12:46:00,750,750,750,750,0
2022-09-08 12:47:00,750,750,750,750,0
2022-09-08 12:48:00,750,750,750,750,0
2022-09-08 12:49:00,750,750,750,750,0
2022-09-08 12:50:00,750,750,750,750,0
2022-09-08 12:51:00,750,750,750,750,0
2022-09-08 12:52:00,750,750,750,750,0
2022-09-08 12:53:00,750,750,750,750,0
2022-09-08 12:54:00,750,750,750,750,0
2022-09-08 12:55:00,750,750,750,750,0
2022-09-08 12:56:00,750,750,750,750,0
2022-09-08 12:57:00,750,750,750,750,0
2022-09-08 12:58:00,750,750,750,750,0
2022-09-08 12:59:00,750,750,750,750,0
2022-09-08 13:00:00,750,750,750,750,0
2022-09-08 13:01:00,750,750,750,750,0
2022-09-08 13:02:00,750,750,750,750,0
2022-09-08 13:03:00,750,750,750,750,0
2022-09-08 13:04:00,750,750,750,750,0
2022-09-08 13:05:00,750,750,750,750,0
2022-09-08 13:06:00,750,750,750,750,0
2022-09-08 13:07:00,750,750,750,750,0
2022-09-08 13:08:00,750,750,750,750,0
2022-09-08 13:09:00,750,750,750,750,0
2022-09-08 13:10:00,750,750,750,750,0
2022-09-08 13:11:00,750,750,750,750,0
2022-09-08 13:12:00,750,750,750,750,0
2022-09-08 13:13:00,750,750,750,750,0
2022-09-08 13:14:00,750,750,750,750,0
2022-09-08 13:15:00,750,750,750,750,0
2022-09-08 13:16:00,750,750,750,750,0
2022-09-08 13:17:00,750,750,750,750,0
2022-09-08 13:18:00,750,750,750,750,0
2022-09-08 13:19:00,750,750,750,750,0
2022-09-08 13:20:00,750,750,750,750,0
2022-09-08 13:21:00,750,750,750,750,0
2022-09-08 13:22:00,750,750,750,750,0
2022-09-08 13:23:00,750,750,750,750,0
2022-09-08 13:24:00,750,750,750,750,0
2022-09-08 13:25:00,750,750,750,750,0
2022-09-08 13:26:00,750,750,750,750,0
2022-09-08 13:27:00,750,750,750,750,0
2022-09-08 13:28:00,750,750,750,750,0
2022-09-08 13:29:00,750,750,750,750,0
2022-09-08 13:30:00,755,755,755,755,1150000
2022-09-08 13:31:00,755,755,755,755,0
2022-09-08 13:32:00,750,750,750,750,400
2022-09-08 13:33:00,750,750,750,750,0
2022-09-08 13:34:00,750,750,750,750,18700
2022-09-08 13:35:00,750,750,750,750,0
2022-09-08 13:36:00,750,750,750,750,0
2022-09-08 13:37:00,750,750,750,750,200
2022-09-08 13:38:00,750,750,750,750,6000
2022-09-08 13:39:00,755,755,755,755,4000
2022-09-08 13:40:00,755,750,755,750,14700
2022-09-08 13:41:00,755,750,755,750,0
2022-09-08 13:42:00,750,750,750,750,5400
2022-09-08 13:43:00,750,750,750,750,0
2022-09-08 13:44:00,750,750,750,750,0
2022-09-08 13:45:00,750,750,750,750,0
2022-09-08 13:46:00,750,750,750,750,0
2022-09-08 13:47:00,750,750,750,750,0
2022-09-08 13:48:00,750,750,750,750,0
2022-09-08 13:49:00,750,750,750,750,0
2022-09-08 13:50:00,750,750,750,750,0
2022-09-08 13:51:00,750,750,750,750,0
2022-09-08 13:52:00,745,745,745,745,3300
2022-09-08 13:53:00,745,745,745,745,2500
2022-09-08 13:54:00,745,745,745,745,2500
2022-09-08 13:55:00,745,745,745,745,0
2022-09-08 13:56:00,745,745,745,745,200
2022-09-08 13:57:00,745,745,745,745,0
2022-09-08 13:58:00,745,745,745,745,0
2022-09-08 13:59:00,745,745,745,745,0
2022-09-08 14:00:00,745,745,745,745,1900
2022-09-08 14:01:00,745,745,745,745,0
2022-09-08 14:02:00,745,745,745,745,19900
2022-09-08 14:03:00,745,745,745,745,0
2022-09-08 14:04:00,745,740,745,740,5500
2022-09-08 14:05:00,745,745,745,745,0
2022-09-08 14:06:00,745,745,745,745,0
2022-09-08 14:07:00,745,745,745,745,0
2022-09-08 14:08:00,745,745,745,745,0
2022-09-08 14:09:00,745,745,745,745,100
2022-09-08 14:10:00,745,745,745,745,0
2022-09-08 14:11:00,740,740,740,740,3700
2022-09-08 14:12:00,740,740,740,740,0
2022-09-08 14:13:00,745,745,745,745,2500
2022-09-08 14:14:00,745,745,745,745,0
2022-09-08 14:15:00,745,745,745,745,0
2022-09-08 14:16:00,745,745,745,745,0
2022-09-08 14:17:00,745,745,745,745,0
2022-09-08 14:18:00,745,745,745,745,0
2022-09-08 14:19:00,745,745,745,745,0
2022-09-08 14:20:00,745,745,745,745,0
2022-09-08 14:21:00,740,740,740,740,45900
2022-09-08 14:22:00,740,740,740,740,0
2022-09-08 14:23:00,740,740,740,740,0
2022-09-08 14:24:00,740,740,740,740,0
2022-09-08 14:25:00,740,740,740,740,0
2022-09-08 14:26:00,740,740,740,740,300
2022-09-08 14:27:00,740,740,740,740,0
2022-09-08 14:28:00,745,745,750,750,25500
2022-09-08 14:29:00,750,750,750,750,4300
2022-09-08 14:30:00,750,750,750,750,0
2022-09-08 14:31:00,750,750,750,750,0
2022-09-08 14:32:00,750,750,750,750,0
2022-09-08 14:33:00,740,735,740,735,29500
2022-09-08 14:34:00,735,735,735,735,5800
2022-09-08 14:35:00,735,735,735,735,0
2022-09-08 14:36:00,735,735,735,735,0
2022-09-08 14:37:00,735,735,735,735,0
2022-09-08 14:38:00,745,745,745,745,0
2022-09-08 14:39:00,745,745,745,745,0
2022-09-08 14:40:00,740,740,740,740,5300
2022-09-08 14:41:00,740,740,740,740,0
2022-09-08 14:42:00,740,740,740,740,200
2022-09-08 14:43:00,740,740,740,740,0
2022-09-08 14:44:00,740,740,740,740,0
2022-09-08 14:45:00,740,740,740,740,0
2022-09-08 14:46:00,740,740,740,740,0
2022-09-08 14:47:00,735,735,735,735,700
2022-09-08 14:48:00,735,735,735,735,2000
2022-09-08 14:49:00,735,735,735,735,0
2022-09-08 14:50:00,735,735,735,735,0
2022-09-08 14:51:00,735,735,735,735,0
2022-09-08 14:52:00,735,735,735,735,0
2022-09-08 14:53:00,735,735,735,735,0
2022-09-08 14:54:00,735,735,735,735,0
2022-09-08 14:55:00,735,735,735,735,0
2022-09-08 14:56:00,735,735,735,735,0
2022-09-08 14:57:00,735,735,735,735,0
2022-09-08 14:58:00,735,735,735,735,0
2022-09-08 14:59:00,735,735,735,735,0
2022-09-08 15:00:00,735,735,735,735,13200
2022-09-08 15:01:00,735,735,735,735,2300
2022-09-08 15:02:00,735,735,735,735,0
2022-09-08 15:03:00,735,735,735,735,0
2022-09-08 15:04:00,735,735,735,735,0
2022-09-08 15:05:00,735,735,735,735,3000
2022-09-08 15:06:00,735,735,735,735,0
2022-09-08 15:07:00,735,735,735,735,0
2022-09-08 15:08:00,735,735,735,735,0
2022-09-08 15:09:00,735,735,735,735,9700
2022-09-08 15:10:00,735,735,735,735,0
2022-09-08 15:11:00,735,735,735,735,0
2022-09-08 15:12:00,735,735,735,735,0
2022-09-08 15:13:00,735,735,735,735,1368800
2022-09-08 15:14:00,735,735,735,735,0
2022-09-08 15:15:00,735,735,735,735,0
2022-09-08 15:16:00,735,735,735,735,0
2022-09-08 15:17:00,735,735,735,735,0
2022-09-08 15:18:00,735,735,735,735,0
2022-09-08 15:19:00,735,735,735,735,0
2022-09-08 15:20:00,735,735,735,735,0
2022-09-08 15:21:00,735,735,735,735,0
2022-09-08 15:22:00,735,735,735,735,0
2022-09-08 15:23:00,735,735,735,735,0
2022-09-08 15:24:00,735,735,735,735,0
2022-09-08 15:25:00,735,735,735,735,0
2022-09-08 15:26:00,735,735,735,735,0
2022-09-08 15:27:00,735,735,735,735,0
2022-09-08 15:28:00,735,735,735,735,0
2022-09-08 15:29:00,735,735,735,735,0
2022-09-08 15:30:00,735,735,735,735,0
2022-09-08 15:31:00,735,735,735,735,0
2022-09-08 15:32:00,735,735,735,735,0
2022-09-08 15:33:00,735,735,735,735,0
2022-09-08 15:34:00,735,735,735,735,0
2022-09-08 15:35:00,735,735,735,735,0
2022-09-08 15:36:00,735,735,735,735,0
2022-09-08 15:37:00,735,735,735,735,0
2022-09-08 15:38:00,735,735,735,735,0
2022-09-08 15:39:00,735,735,735,735,0
2022-09-08 15:40:00,735,735,735,735,0
2022-09-08 15:41:00,735,735,735,735,0
2022-09-08 15:42:00,735,735,735,735,0
2022-09-08 15:43:00,735,735,735,735,0
2022-09-08 15:44:00,735,735,735,735,0
2022-09-08 15:45:00,735,735,735,735,0
2022-09-08 15:46:00,735,735,735,735,0
2022-09-08 15:47:00,735,735,735,735,0
2022-09-08 15:48:00,735,735,735,735,0
2022-09-08 15:49:00,735,735,735,735,0
2022-09-08 15:50:00,735,735,735,735,0
2022-09-08 15:51:00,735,735,735,735,0
2022-09-08 15:52:00,735,735,735,735,0
2022-09-08 15:53:00,735,735,735,735,0
2022-09-08 15:54:00,735,735,735,735,0
2022-09-08 15:55:00,735,735,735,735,0
2022-09-08 15:56:00,735,735,735,735,0
2022-09-08 15:57:00,735,735,735,735,0
2022-09-08 15:58:00,735,735,735,735,0
2022-09-08 15:59:00,735,735,735,735,0
2022-09-09 09:00:00,750,750,755,755,0
2022-09-09 09:01:00,755,755,760,760,600
2022-09-09 09:02:00,760,760,770,760,20500
2022-09-09 09:03:00,770,765,770,765,300
2022-09-09 09:04:00,765,765,765,765,2500
2022-09-09 09:05:00,765,765,765,765,9700
2022-09-09 09:06:00,765,765,765,765,0
2022-09-09 09:07:00,765,765,765,765,6400
2022-09-09 09:08:00,765,760,765,760,30900
2022-09-09 09:09:00,755,750,755,750,114000
2022-09-09 09:10:00,755,750,755,750,0
2022-09-09 09:11:00,755,750,755,750,0
2022-09-09 09:12:00,755,750,755,750,0
2022-09-09 09:13:00,755,750,755,750,1400
2022-09-09 09:14:00,750,750,750,750,21400
2022-09-09 09:15:00,750,750,750,750,0
2022-09-09 09:16:00,750,750,750,750,0
2022-09-09 09:17:00,750,750,750,750,0
2022-09-09 09:18:00,750,750,750,750,1000
2022-09-09 09:19:00,750,750,750,750,0
2022-09-09 09:20:00,750,750,750,750,0
2022-09-09 09:21:00,750,750,750,750,0
2022-09-09 09:22:00,750,750,750,750,200
2022-09-09 09:23:00,740,740,740,740,17100
2022-09-09 09:24:00,735,735,740,740,1100
2022-09-09 09:25:00,735,735,735,735,43200
2022-09-09 09:26:00,740,740,740,740,0
2022-09-09 09:27:00,740,740,740,740,0
2022-09-09 09:28:00,740,740,740,740,0
2022-09-09 09:29:00,740,740,740,740,0
2022-09-09 09:30:00,740,740,740,740,7900
2022-09-09 09:31:00,740,740,740,740,6700
2022-09-09 09:32:00,740,740,740,740,0
2022-09-09 09:33:00,740,740,740,740,0
2022-09-09 09:34:00,740,740,740,740,0
2022-09-09 09:35:00,740,740,740,740,400
2022-09-09 09:36:00,740,740,740,740,0
2022-09-09 09:37:00,735,735,740,740,300
2022-09-09 09:38:00,740,740,740,740,8000
2022-09-09 09:39:00,740,740,740,740,0
2022-09-09 09:40:00,740,740,740,740,0
2022-09-09 09:41:00,740,740,740,740,0
2022-09-09 09:42:00,740,740,740,740,500
2022-09-09 09:43:00,740,740,740,740,0
2022-09-09 09:44:00,740,740,740,740,0
2022-09-09 09:45:00,735,735,735,735,2600
2022-09-09 09:46:00,735,735,735,735,0
2022-09-09 09:47:00,735,735,735,735,0
2022-09-09 09:48:00,735,735,735,735,0
2022-09-09 09:49:00,735,735,735,735,0
2022-09-09 09:50:00,735,735,735,735,0
2022-09-09 09:51:00,735,735,735,735,0
2022-09-09 09:52:00,735,735,735,735,0
2022-09-09 09:53:00,735,735,735,735,0
2022-09-09 09:54:00,735,735,735,735,0
2022-09-09 09:55:00,735,735,735,735,0
2022-09-09 09:56:00,735,735,735,735,0
2022-09-09 09:57:00,735,735,735,735,0
2022-09-09 09:58:00,735,735,735,735,0
2022-09-09 09:59:00,740,740,740,740,200
2022-09-09 10:00:00,740,740,740,740,200
2022-09-09 10:01:00,740,740,740,740,0
2022-09-09 10:02:00,740,740,740,740,20000
2022-09-09 10:03:00,740,740,740,740,0
2022-09-09 10:04:00,740,740,740,740,0
2022-09-09 10:05:00,740,740,745,745,700
2022-09-09 10:06:00,740,740,745,745,0
2022-09-09 10:07:00,740,740,745,745,0
2022-09-09 10:08:00,750,750,750,750,300
2022-09-09 10:09:00,750,750,750,750,0
2022-09-09 10:10:00,750,750,750,750,0
2022-09-09 10:11:00,745,740,745,740,5100
2022-09-09 10:12:00,740,740,740,740,5100
2022-09-09 10:13:00,740,740,740,740,0
2022-09-09 10:14:00,740,740,740,740,0
2022-09-09 10:15:00,745,745,745,745,0
2022-09-09 10:16:00,750,750,750,750,100
2022-09-09 10:17:00,750,750,750,750,0
2022-09-09 10:18:00,745,745,750,750,18200
2022-09-09 10:19:00,745,745,750,750,0
2022-09-09 10:20:00,745,745,750,750,0
2022-09-09 10:21:00,745,745,750,750,0
2022-09-09 10:22:00,745,745,750,750,0
2022-09-09 10:23:00,745,745,750,750,0
2022-09-09 10:24:00,745,745,750,750,0
2022-09-09 10:25:00,745,745,750,750,0
2022-09-09 10:26:00,745,745,750,750,0
2022-09-09 10:27:00,745,745,750,750,0
2022-09-09 10:28:00,745,745,750,750,0
2022-09-09 10:29:00,750,750,750,750,58500
2022-09-09 10:30:00,750,750,750,750,100
2022-09-09 10:31:00,750,750,750,750,0
2022-09-09 10:32:00,750,750,750,750,0
2022-09-09 10:33:00,750,750,750,750,0
2022-09-09 10:34:00,750,750,750,750,0
2022-09-09 10:35:00,750,745,750,750,10500
2022-09-09 10:36:00,750,745,750,750,0
2022-09-09 10:37:00,750,750,750,750,19700
2022-09-09 10:38:00,750,750,750,750,0
2022-09-09 10:39:00,750,750,750,750,0
2022-09-09 10:40:00,750,750,750,750,0
2022-09-09 10:41:00,750,750,750,750,0
2022-09-09 10:42:00,750,750,750,750,0
2022-09-09 10:43:00,750,750,750,750,0
2022-09-09 10:44:00,750,750,750,750,0
2022-09-09 10:45:00,750,750,750,750,0
2022-09-09 10:46:00,750,745,750,745,5500
2022-09-09 10:47:00,750,745,750,745,0
2022-09-09 10:48:00,750,745,750,745,0
2022-09-09 10:49:00,750,745,750,745,0
2022-09-09 10:50:00,750,745,750,745,0
2022-09-09 10:51:00,750,745,750,745,0
2022-09-09 10:52:00,750,745,750,745,0
2022-09-09 10:53:00,755,755,755,755,12800
2022-09-09 10:54:00,755,755,755,755,0
2022-09-09 10:55:00,755,755,755,755,0
2022-09-09 10:56:00,755,755,755,755,0
2022-09-09 10:57:00,755,755,755,755,0
2022-09-09 10:58:00,755,755,755,755,0
2022-09-09 10:59:00,755,755,760,755,31900
2022-09-09 11:00:00,755,755,760,755,0
2022-09-09 11:01:00,755,750,755,750,1100
2022-09-09 11:02:00,755,750,755,750,0
2022-09-09 11:03:00,755,750,755,750,0
2022-09-09 11:04:00,755,750,755,750,0
2022-09-09 11:05:00,755,750,755,750,0
2022-09-09 11:06:00,755,750,755,750,0
2022-09-09 11:07:00,750,750,750,750,200
2022-09-09 11:08:00,750,750,750,750,0
2022-09-09 11:09:00,750,750,750,750,0
2022-09-09 11:10:00,750,750,750,750,0
2022-09-09 11:11:00,750,750,750,750,0
2022-09-09 11:12:00,750,750,750,750,0
2022-09-09 11:13:00,750,750,750,750,0
2022-09-09 11:14:00,750,750,750,750,0
2022-09-09 11:15:00,750,750,750,750,0
2022-09-09 11:16:00,750,750,750,750,0
2022-09-09 11:17:00,750,750,750,750,0
2022-09-09 11:18:00,750,750,750,750,0
2022-09-09 11:19:00,750,750,750,750,0
2022-09-09 11:20:00,750,750,750,750,0
2022-09-09 11:21:00,750,750,750,750,0
2022-09-09 11:22:00,750,750,750,750,0
2022-09-09 11:23:00,750,750,750,750,0
2022-09-09 11:24:00,750,750,750,750,0
2022-09-09 11:25:00,750,750,750,750,0
2022-09-09 11:26:00,750,750,750,750,0
2022-09-09 11:27:00,750,750,750,750,1400
2022-09-09 11:28:00,750,750,750,750,0
2022-09-09 11:29:00,750,750,750,750,0
2022-09-09 11:30:00,750,750,750,750,0
2022-09-09 11:31:00,750,750,750,750,0
2022-09-09 11:32:00,750,750,750,750,0
2022-09-09 11:33:00,750,750,750,750,0
2022-09-09 11:34:00,750,750,750,750,0
2022-09-09 11:35:00,750,750,750,750,0
2022-09-09 11:36:00,750,750,750,750,0
2022-09-09 11:37:00,750,750,750,750,0
2022-09-09 11:38:00,750,750,750,750,0
2022-09-09 11:39:00,750,750,750,750,0
2022-09-09 11:40:00,750,750,750,750,0
2022-09-09 11:41:00,750,750,750,750,0
2022-09-09 11:42:00,750,750,750,750,0
2022-09-09 11:43:00,750,750,750,750,0
2022-09-09 11:44:00,750,750,750,750,0
2022-09-09 11:45:00,750,750,750,750,0
2022-09-09 11:46:00,750,750,750,750,0
2022-09-09 11:47:00,750,750,750,750,0
2022-09-09 11:48:00,750,750,750,750,0
2022-09-09 11:49:00,750,750,750,750,0
2022-09-09 11:50:00,750,750,750,750,0
2022-09-09 11:51:00,750,750,750,750,0
2022-09-09 11:52:00,750,750,750,750,0
2022-09-09 11:53:00,750,750,750,750,0
2022-09-09 11:54:00,750,750,750,750,0
2022-09-09 11:55:00,750,750,750,750,0
2022-09-09 11:56:00,750,750,750,750,0
2022-09-09 11:57:00,750,750,750,750,0
2022-09-09 11:58:00,750,750,750,750,0
2022-09-09 11:59:00,750,750,750,750,0
2022-09-09 12:00:00,750,750,750,750,0
2022-09-09 12:01:00,750,750,750,750,0
2022-09-09 12:02:00,750,750,750,750,0
2022-09-09 12:03:00,750,750,750,750,0
2022-09-09 12:04:00,750,750,750,750,0
2022-09-09 12:05:00,750,750,750,750,0
2022-09-09 12:06:00,750,750,750,750,0
2022-09-09 12:07:00,750,750,750,750,0
2022-09-09 12:08:00,750,750,750,750,0
2022-09-09 12:09:00,750,750,750,750,0
2022-09-09 12:10:00,750,750,750,750,0
2022-09-09 12:11:00,750,750,750,750,0
2022-09-09 12:12:00,750,750,750,750,0
2022-09-09 12:13:00,750,750,750,750,0
2022-09-09 12:14:00,750,750,750,750,0
2022-09-09 12:15:00,750,750,750,750,0
2022-09-09 12:16:00,750,750,750,750,0
2022-09-09 12:17:00,750,750,750,750,0
2022-09-09 12:18:00,750,750,750,750,0
2022-09-09 12:19:00,750,750,750,750,0
2022-09-09 12:20:00,750,750,750,750,0
2022-09-09 12:21:00,750,750,750,750,0
2022-09-09 12:22:00,750,750,750,750,0
2022-09-09 12:23:00,750,750,750,750,0
2022-09-09 12:24:00,750,750,750,750,0
2022-09-09 12:25:00,750,750,750,750,0
2022-09-09 12:26:00,750,750,750,750,0
2022-09-09 12:27:00,750,750,750,750,0
2022-09-09 12:28:00,750,750,750,750,0
2022-09-09 12:29:00,750,750,750,750,0
2022-09-09 12:30:00,750,750,750,750,0
2022-09-09 12:31:00,750,750,750,750,0
2022-09-09 12:32:00,750,750,750,750,0
2022-09-09 12:33:00,750,750,750,750,0
2022-09-09 12:34:00,750,750,750,750,0
2022-09-09 12:35:00,750,750,750,750,0
2022-09-09 12:36:00,750,750,750,750,0
2022-09-09 12:37:00,750,750,750,750,0
2022-09-09 12:38:00,750,750,750,750,0
2022-09-09 12:39:00,750,750,750,750,0
2022-09-09 12:40:00,750,750,750,750,0
2022-09-09 12:41:00,750,750,750,750,0
2022-09-09 12:42:00,750,750,750,750,0
2022-09-09 12:43:00,750,750,750,750,0
2022-09-09 12:44:00,750,750,750,750,0
2022-09-09 12:45:00,750,750,750,750,0
2022-09-09 12:46:00,750,750,750,750,0
2022-09-09 12:47:00,750,750,750,750,0
2022-09-09 12:48:00,750,750,750,750,0
2022-09-09 12:49:00,750,750,750,750,0
2022-09-09 12:50:00,750,750,750,750,0
2022-09-09 12:51:00,750,750,750,750,0
2022-09-09 12:52:00,750,750,750,750,0
2022-09-09 12:53:00,750,750,750,750,0
2022-09-09 12:54:00,750,750,750,750,0
2022-09-09 12:55:00,750,750,750,750,0
2022-09-09 12:56:00,750,750,750,750,0
2022-09-09 12:57:00,750,750,750,750,0
2022-09-09 12:58:00,750,750,750,750,0
2022-09-09 12:59:00,750,750,750,750,0
2022-09-09 13:00:00,750,750,750,750,0
2022-09-09 13:01:00,750,750,750,750,0
2022-09-09 13:02:00,750,750,750,750,0
2022-09-09 13:03:00,750,750,750,750,0
2022-09-09 13:04:00,750,750,750,750,0
2022-09-09 13:05:00,750,750,750,750,0
2022-09-09 13:06:00,750,750,750,750,0
2022-09-09 13:07:00,750,750,750,750,0
2022-09-09 13:08:00,750,750,750,750,0
2022-09-09 13:09:00,750,750,750,750,0
2022-09-09 13:10:00,750,750,750,750,0
2022-09-09 13:11:00,750,750,750,750,0
2022-09-09 13:12:00,750,750,750,750,0
2022-09-09 13:13:00,750,750,750,750,0
2022-09-09 13:14:00,750,750,750,750,0
2022-09-09 13:15:00,750,750,750,750,0
2022-09-09 13:16:00,750,750,750,750,0
2022-09-09 13:17:00,750,750,750,750,0
2022-09-09 13:18:00,750,750,750,750,0
2022-09-09 13:19:00,750,750,750,750,0
2022-09-09 13:20:00,750,750,750,750,0
2022-09-09 13:21:00,750,750,750,750,0
2022-09-09 13:22:00,750,750,750,750,0
2022-09-09 13:23:00,750,750,750,750,0
2022-09-09 13:24:00,750,750,750,750,0
2022-09-09 13:25:00,750,750,750,750,0
2022-09-09 13:26:00,750,750,750,750,0
2022-09-09 13:27:00,750,750,750,750,0
2022-09-09 13:28:00,750,750,750,750,0
2022-09-09 13:29:00,750,750,750,750,0
2022-09-09 13:30:00,750,750,750,750,2700
2022-09-09 13:31:00,750,750,750,750,2300
2022-09-09 13:32:00,750,750,750,750,0
2022-09-09 13:33:00,750,750,750,750,4400
2022-09-09 13:34:00,750,750,750,750,2400
2022-09-09 13:35:00,745,745,745,745,1400
2022-09-09 13:36:00,745,745,745,745,0
2022-09-09 13:37:00,745,745,745,745,0
2022-09-09 13:38:00,745,745,745,745,0
2022-09-09 13:39:00,745,745,745,745,0
2022-09-09 13:40:00,745,745,745,745,0
2022-09-09 13:41:00,745,745,745,745,0
2022-09-09 13:42:00,745,745,745,745,0
2022-09-09 13:43:00,745,745,745,745,0
2022-09-09 13:44:00,745,745,745,745,0
2022-09-09 13:45:00,750,750,750,750,200
2022-09-09 13:46:00,750,750,750,750,8700
2022-09-09 13:47:00,750,750,750,750,0
2022-09-09 13:48:00,745,745,745,745,0
2022-09-09 13:49:00,755,755,760,760,39900
2022-09-09 13:50:00,755,755,760,760,0
2022-09-09 13:51:00,755,755,760,760,0
2022-09-09 13:52:00,755,755,760,760,0
2022-09-09 13:53:00,760,760,760,760,0
2022-09-09 13:54:00,755,755,755,755,0
2022-09-09 13:55:00,755,755,755,755,0
2022-09-09 13:56:00,760,755,760,755,1200
2022-09-09 13:57:00,755,750,755,750,25300
2022-09-09 13:58:00,755,750,755,750,0
2022-09-09 13:59:00,755,750,755,750,0
2022-09-09 14:00:00,755,750,755,750,0
2022-09-09 14:01:00,755,750,755,750,0
2022-09-09 14:02:00,755,750,755,750,0
2022-09-09 14:03:00,755,750,755,750,0
2022-09-09 14:04:00,755,750,755,750,0
2022-09-09 14:05:00,755,750,755,750,0
2022-09-09 14:06:00,755,750,755,750,0
2022-09-09 14:07:00,755,750,755,750,0
2022-09-09 14:08:00,755,750,755,750,0
2022-09-09 14:09:00,750,750,750,750,400
2022-09-09 14:10:00,750,750,750,750,0
2022-09-09 14:11:00,750,750,750,750,0
2022-09-09 14:12:00,750,745,750,745,5700
2022-09-09 14:13:00,750,745,750,745,0
2022-09-09 14:14:00,750,745,750,745,0
2022-09-09 14:15:00,750,745,750,745,0
2022-09-09 14:16:00,750,745,750,745,0
2022-09-09 14:17:00,750,745,750,745,0
2022-09-09 14:18:00,750,745,750,745,0
2022-09-09 14:19:00,750,745,750,745,0
2022-09-09 14:20:00,750,745,750,745,0
2022-09-09 14:21:00,750,745,750,745,0
2022-09-09 14:22:00,750,745,750,745,0
2022-09-09 14:23:00,750,745,750,745,0
2022-09-09 14:24:00,750,745,750,745,0
2022-09-09 14:25:00,750,745,750,745,0
2022-09-09 14:26:00,750,745,750,745,0
2022-09-09 14:27:00,750,745,750,745,0
2022-09-09 14:28:00,750,745,750,745,0
2022-09-09 14:29:00,750,745,750,745,0
2022-09-09 14:30:00,750,745,750,745,0
2022-09-09 14:31:00,750,745,750,745,0
2022-09-09 14:32:00,750,745,750,745,0
2022-09-09 14:33:00,750,745,750,745,0
2022-09-09 14:34:00,745,745,745,745,800
2022-09-09 14:35:00,745,745,745,745,0
2022-09-09 14:36:00,745,745,745,745,0
2022-09-09 14:37:00,745,745,745,745,0
2022-09-09 14:38:00,745,745,745,745,0
2022-09-09 14:39:00,750,750,750,750,400
2022-09-09 14:40:00,750,750,750,750,0
2022-09-09 14:41:00,750,750,750,750,700
2022-09-09 14:42:00,745,745,745,745,14700
2022-09-09 14:43:00,745,745,745,745,0
2022-09-09 14:44:00,745,745,745,745,0
2022-09-09 14:45:00,745,745,745,745,0
2022-09-09 14:46:00,745,745,745,745,0
2022-09-09 14:47:00,745,745,745,745,100
2022-09-09 14:48:00,750,750,750,750,900
2022-09-09 14:49:00,745,745,745,745,4100
2022-09-09 14:50:00,745,745,745,745,0
2022-09-09 14:51:00,745,745,745,745,0
2022-09-09 14:52:00,745,745,745,745,0
2022-09-09 14:53:00,745,745,745,745,0
2022-09-09 14:54:00,745,745,745,745,0
2022-09-09 14:55:00,745,745,745,745,0
2022-09-09 14:56:00,745,745,745,745,0
2022-09-09 14:57:00,745,745,745,745,0
2022-09-09 14:58:00,745,745,745,745,0
2022-09-09 14:59:00,745,745,745,745,0
2022-09-09 15:00:00,745,745,745,745,10900
2022-09-09 15:01:00,745,745,745,745,0
2022-09-09 15:02:00,745,745,745,745,0
2022-09-09 15:03:00,745,745,745,745,0
2022-09-09 15:04:00,745,745,745,745,0
2022-09-09 15:05:00,745,745,745,745,0
2022-09-09 15:06:00,745,745,745,745,0
2022-09-09 15:07:00,745,745,745,745,0
2022-09-09 15:08:00,745,745,745,745,0
2022-09-09 15:09:00,745,745,745,745,0
2022-09-09 15:10:00,745,745,745,745,20000
2022-09-09 15:11:00,745,745,745,745,0
2022-09-09 15:12:00,745,745,745,745,0
2022-09-09 15:13:00,745,745,745,745,0
2022-09-09 15:14:00,745,745,745,745,0
2022-09-09 15:15:00,745,745,745,745,0
2022-09-09 15:16:00,745,745,745,745,0
2022-09-09 15:17:00,745,745,745,745,0
2022-09-09 15:18:00,745,745,745,745,0
2022-09-09 15:19:00,745,745,745,745,0
2022-09-09 15:20:00,745,745,745,745,0
2022-09-09 15:21:00,745,745,745,745,0
2022-09-09 15:22:00,745,745,745,745,0
2022-09-09 15:23:00,745,745,745,745,0
2022-09-09 15:24:00,745,745,745,745,0
2022-09-09 15:25:00,745,745,745,745,0
2022-09-09 15:26:00,745,745,745,745,0
2022-09-09 15:27:00,745,745,745,745,0
2022-09-09 15:28:00,745,745,745,745,0
2022-09-09 15:29:00,745,745,745,745,0
2022-09-09 15:30:00,745,745,745,745,0
2022-09-09 15:31:00,745,745,745,745,0
2022-09-09 15:32:00,745,745,745,745,0
2022-09-09 15:33:00,745,745,745,745,0
2022-09-09 15:34:00,745,745,745,745,0
2022-09-09 15:35:00,745,745,745,745,0
2022-09-09 15:36:00,745,745,745,745,0
2022-09-09 15:37:00,745,745,745,745,0
2022-09-09 15:38:00,745,745,745,745,0
2022-09-09 15:39:00,745,745,745,745,0
2022-09-09 15:40:00,745,745,745,745,0
2022-09-09 15:41:00,745,745,745,745,0
2022-09-09 15:42:00,745,745,745,745,0
2022-09-09 15:43:00,745,745,745,745,0
2022-09-09 15:44:00,745,745,745,745,0
2022-09-09 15:45:00,745,745,745,745,0
2022-09-09 15:46:00,745,745,745,745,0
2022-09-09 15:47:00,745,745,745,745,0
2022-09-09 15:48:00,745,745,745,745,0
2022-09-09 15:49:00,745,745,745,745,0
2022-09-09 15:50:00,745,745,745,745,0
2022-09-09 15:51:00,745,745,745,745,0
2022-09-09 15:52:00,745,745,745,745,0
2022-09-09 15:53:00,745,745,745,745,0
2022-09-09 15:54:00,745,745,745,745,0
2022-09-09 15:55:00,745,745,745,745,0
2022-09-09 15:56:00,745,745,745,745,0
2022-09-09 15:57:00,745,745,745,745,0
2022-09-09 15:58:00,745,745,745,745,0
2022-09-09 15:59:00,745,745,745,745,0
2022-09-12 09:00:00,750,750,750,750,0
2022-09-12 09:01:00,750,750,750,750,0
2022-09-12 09:02:00,750,750,750,750,0
2022-09-12 09:03:00,750,750,750,750,0
2022-09-12 09:04:00,755,750,755,750,20600
2022-09-12 09:05:00,755,750,755,750,0
2022-09-12 09:06:00,755,750,755,750,0
2022-09-12 09:07:00,745,745,745,745,0
2022-09-12 09:08:00,745,745,745,745,0
2022-09-12 09:09:00,745,745,745,745,24600
2022-09-12 09:10:00,740,740,740,740,0
2022-09-12 09:11:00,740,740,740,740,44900
2022-09-12 09:12:00,740,740,740,740,9000
2022-09-12 09:13:00,740,740,740,740,200
2022-09-12 09:14:00,740,735,740,735,600
2022-09-12 09:15:00,740,740,740,740,13000
2022-09-12 09:16:00,740,740,740,740,600
2022-09-12 09:17:00,745,745,745,745,0
2022-09-12 09:18:00,745,745,750,750,3300
2022-09-12 09:19:00,745,745,750,750,0
2022-09-12 09:20:00,745,745,750,750,0
2022-09-12 09:21:00,745,745,750,750,0
2022-09-12 09:22:00,750,750,750,750,0
2022-09-12 09:23:00,750,750,750,750,300
2022-09-12 09:24:00,750,750,750,750,0
2022-09-12 09:25:00,750,750,750,750,0
2022-09-12 09:26:00,750,750,750,750,0
2022-09-12 09:27:00,750,750,750,750,0
2022-09-12 09:28:00,745,745,745,745,46200
2022-09-12 09:29:00,745,745,745,745,0
2022-09-12 09:30:00,745,745,745,745,2000
2022-09-12 09:31:00,745,745,745,745,0
2022-09-12 09:32:00,745,745,745,745,0
2022-09-12 09:33:00,745,745,745,745,0
2022-09-12 09:34:00,745,745,745,745,0
2022-09-12 09:35:00,745,745,745,745,0
2022-09-12 09:36:00,745,745,745,745,6100
2022-09-12 09:37:00,745,745,745,745,0
2022-09-12 09:38:00,740,740,740,740,12100
2022-09-12 09:39:00,740,740,740,740,0
2022-09-12 09:40:00,740,740,740,740,700
2022-09-12 09:41:00,740,740,740,740,0
2022-09-12 09:42:00,740,740,740,740,0
2022-09-12 09:43:00,745,745,745,745,9400
2022-09-12 09:44:00,745,745,745,745,0
2022-09-12 09:45:00,745,745,745,745,0
2022-09-12 09:46:00,745,745,745,745,0
2022-09-12 09:47:00,745,745,745,745,0
2022-09-12 09:48:00,740,740,740,740,29800
2022-09-12 09:49:00,740,740,740,740,25000
2022-09-12 09:50:00,740,740,740,740,0
2022-09-12 09:51:00,740,740,740,740,0
2022-09-12 09:52:00,740,740,740,740,0
2022-09-12 09:53:00,740,740,740,740,0
2022-09-12 09:54:00,740,740,740,740,0
2022-09-12 09:55:00,745,745,745,745,0
2022-09-12 09:56:00,745,745,745,745,0
2022-09-12 09:57:00,745,745,745,745,0
2022-09-12 09:58:00,745,745,745,745,2000
2022-09-12 09:59:00,745,745,745,745,0
2022-09-12 10:00:00,745,745,745,745,800
2022-09-12 10:01:00,745,745,745,745,0
2022-09-12 10:02:00,745,745,745,745,0
2022-09-12 10:03:00,740,740,740,740,25500
2022-09-12 10:04:00,740,740,740,740,0
2022-09-12 10:05:00,740,740,740,740,0
2022-09-12 10:06:00,740,740,740,740,0
2022-09-12 10:07:00,740,740,740,740,0
2022-09-12 10:08:00,740,740,740,740,0
2022-09-12 10:09:00,745,745,745,745,0
2022-09-12 10:10:00,745,745,745,745,0
2022-09-12 10:11:00,740,740,740,740,10200
2022-09-12 10:12:00,745,745,745,745,1300
2022-09-12 10:13:00,745,745,745,745,0
2022-09-12 10:14:00,745,745,745,745,0
2022-09-12 10:15:00,745,745,745,745,0
2022-09-12 10:16:00,745,745,745,745,0
2022-09-12 10:17:00,745,745,745,745,1900
2022-09-12 10:18:00,745,745,745,745,0
2022-09-12 10:19:00,745,745,745,745,0
2022-09-12 10:20:00,745,745,745,745,700
2022-09-12 10:21:00,745,745,745,745,0
2022-09-12 10:22:00,745,745,745,745,12300
2022-09-12 10:23:00,745,745,745,745,0
2022-09-12 10:24:00,745,745,745,745,0
2022-09-12 10:25:00,745,745,745,745,0
2022-09-12 10:26:00,745,745,745,745,14000
2022-09-12 10:27:00,745,745,745,745,0
2022-09-12 10:28:00,745,745,745,745,0
2022-09-12 10:29:00,745,745,745,745,0
2022-09-12 10:30:00,745,745,745,745,0
2022-09-12 10:31:00,745,745,745,745,0
2022-09-12 10:32:00,745,745,745,745,0
2022-09-12 10:33:00,745,745,745,745,0
2022-09-12 10:34:00,745,745,745,745,0
2022-09-12 10:35:00,745,745,745,745,0
2022-09-12 10:36:00,745,745,745,745,0
2022-09-12 10:37:00,745,745,745,745,0
2022-09-12 10:38:00,745,745,745,745,0
2022-09-12 10:39:00,745,745,745,745,0
2022-09-12 10:40:00,745,745,745,745,0
2022-09-12 10:41:00,745,745,745,745,0
2022-09-12 10:42:00,745,745,745,745,0
2022-09-12 10:43:00,745,745,745,745,0
2022-09-12 10:44:00,745,745,745,745,0
2022-09-12 10:45:00,745,745,745,745,5700
2022-09-12 10:46:00,745,745,745,745,0
2022-09-12 10:47:00,745,745,745,745,0
2022-09-12 10:48:00,745,745,745,745,0
2022-09-12 10:49:00,745,745,745,745,0
2022-09-12 10:50:00,745,745,745,745,0
2022-09-12 10:51:00,745,745,745,745,1700
2022-09-12 10:52:00,745,745,745,745,0
2022-09-12 10:53:00,745,745,745,745,0
2022-09-12 10:54:00,745,745,745,745,0
2022-09-12 10:55:00,745,745,745,745,0
2022-09-12 10:56:00,745,745,745,745,0
2022-09-12 10:57:00,745,745,745,745,0
2022-09-12 10:58:00,745,745,745,745,0
2022-09-12 10:59:00,745,745,745,745,0
2022-09-12 11:00:00,745,745,745,745,0
2022-09-12 11:01:00,745,745,745,745,0
2022-09-12 11:02:00,745,745,745,745,0
2022-09-12 11:03:00,745,745,745,745,0
2022-09-12 11:04:00,745,745,745,745,10600
2022-09-12 11:05:00,745,745,745,745,0
2022-09-12 11:06:00,745,745,745,745,0
2022-09-12 11:07:00,745,745,745,745,0
2022-09-12 11:08:00,745,745,745,745,0
2022-09-12 11:09:00,740,740,740,740,48000
2022-09-12 11:10:00,740,740,740,740,0
2022-09-12 11:11:00,740,740,740,740,0
2022-09-12 11:12:00,740,740,740,740,0
2022-09-12 11:13:00,740,740,740,740,0
2022-09-12 11:14:00,740,740,740,740,0
2022-09-12 11:15:00,740,740,740,740,0
2022-09-12 11:16:00,740,740,740,740,0
2022-09-12 11:17:00,740,740,740,740,0
2022-09-12 11:18:00,740,740,740,740,0
2022-09-12 11:19:00,740,740,740,740,0
2022-09-12 11:20:00,740,740,740,740,0
2022-09-12 11:21:00,740,740,740,740,0
2022-09-12 11:22:00,740,740,740,740,0
2022-09-12 11:23:00,740,740,740,740,200
2022-09-12 11:24:00,740,740,740,740,0
2022-09-12 11:25:00,740,740,740,740,0
2022-09-12 11:26:00,740,740,740,740,0
2022-09-12 11:27:00,740,740,740,740,0
2022-09-12 11:28:00,740,740,740,740,100
2022-09-12 11:29:00,740,740,740,740,0
2022-09-12 11:30:00,740,740,740,740,0
2022-09-12 11:31:00,740,740,740,740,0
2022-09-12 11:32:00,740,740,740,740,0
2022-09-12 11:33:00,740,740,740,740,0
2022-09-12 11:34:00,740,740,740,740,0
2022-09-12 11:35:00,740,740,740,740,0
2022-09-12 11:36:00,740,740,740,740,0
2022-09-12 11:37:00,740,740,740,740,0
2022-09-12 11:38:00,740,740,740,740,0
2022-09-12 11:39:00,740,740,740,740,0
2022-09-12 11:40:00,740,740,740,740,0
2022-09-12 11:41:00,740,740,740,740,0
2022-09-12 11:42:00,740,740,740,740,0
2022-09-12 11:43:00,740,740,740,740,0
2022-09-12 11:44:00,740,740,740,740,0
2022-09-12 11:45:00,740,740,740,740,0
2022-09-12 11:46:00,740,740,740,740,0
2022-09-12 11:47:00,740,740,740,740,0
2022-09-12 11:48:00,740,740,740,740,0
2022-09-12 11:49:00,740,740,740,740,0
2022-09-12 11:50:00,740,740,740,740,0
2022-09-12 11:51:00,740,740,740,740,0
2022-09-12 11:52:00,740,740,740,740,0
2022-09-12 11:53:00,740,740,740,740,0
2022-09-12 11:54:00,740,740,740,740,0
2022-09-12 11:55:00,740,740,740,740,0
2022-09-12 11:56:00,740,740,740,740,0
2022-09-12 11:57:00,740,740,740,740,0
2022-09-12 11:58:00,740,740,740,740,0
2022-09-12 11:59:00,740,740,740,740,0
2022-09-12 12:00:00,740,740,740,740,0
2022-09-12 12:01:00,740,740,740,740,0
2022-09-12 12:02:00,740,740,740,740,0
2022-09-12 12:03:00,740,740,740,740,0
2022-09-12 12:04:00,740,740,740,740,0
2022-09-12 12:05:00,740,740,740,740,0
2022-09-12 12:06:00,740,740,740,740,0
2022-09-12 12:07:00,740,740,740,740,0
2022-09-12 12:08:00,740,740,740,740,0
2022-09-12 12:09:00,740,740,740,740,0
2022-09-12 12:10:00,740,740,740,740,0
2022-09-12 12:11:00,740,740,740,740,0
2022-09-12 12:12:00,740,740,740,740,0
2022-09-12 12:13:00,740,740,740,740,0
2022-09-12 12:14:00,740,740,740,740,0
2022-09-12 12:15:00,740,740,740,740,0
2022-09-12 12:16:00,740,740,740,740,0
2022-09-12 12:17:00,740,740,740,740,0
2022-09-12 12:18:00,740,740,740,740,0
2022-09-12 12:19:00,740,740,740,740,0
2022-09-12 12:20:00,740,740,740,740,0
2022-09-12 12:21:00,740,740,740,740,0
2022-09-12 12:22:00,740,740,740,740,0
2022-09-12 12:23:00,740,740,740,740,0
2022-09-12 12:24:00,740,740,740,740,0
2022-09-12 12:25:00,740,740,740,740,0
2022-09-12 12:26:00,740,740,740,740,0
2022-09-12 12:27:00,740,740,740,740,0
2022-09-12 12:28:00,740,740,740,740,0
2022-09-12 12:29:00,740,740,740,740,0
2022-09-12 12:30:00,740,740,740,740,0
2022-09-12 12:31:00,740,740,740,740,0
2022-09-12 12:32:00,740,740,740,740,0
2022-09-12 12:33:00,740,740,740,740,0
2022-09-12 12:34:00,740,740,740,740,0
2022-09-12 12:35:00,740,740,740,740,0
2022-09-12 12:36:00,740,740,740,740,0
2022-09-12 12:37:00,740,740,740,740,0
2022-09-12 12:38:00,740,740,740,740,0
2022-09-12 12:39:00,740,740,740,740,0
2022-09-12 12:40:00,740,740,740,740,0
2022-09-12 12:41:00,740,740,740,740,0
2022-09-12 12:42:00,740,740,740,740,0
2022-09-12 12:43:00,740,740,740,740,0
2022-09-12 12:44:00,740,740,740,740,0
2022-09-12 12:45:00,740,740,740,740,0
2022-09-12 12:46:00,740,740,740,740,0
2022-09-12 12:47:00,740,740,740,740,0
2022-09-12 12:48:00,740,740,740,740,0
2022-09-12 12:49:00,740,740,740,740,0
2022-09-12 12:50:00,740,740,740,740,0
2022-09-12 12:51:00,740,740,740,740,0
2022-09-12 12:52:00,740,740,740,740,0
2022-09-12 12:53:00,740,740,740,740,0
2022-09-12 12:54:00,740,740,740,740,0
2022-09-12 12:55:00,740,740,740,740,0
2022-09-12 12:56:00,740,740,740,740,0
2022-09-12 12:57:00,740,740,740,740,0
2022-09-12 12:58:00,740,740,740,740,0
2022-09-12 12:59:00,740,740,740,740,0
2022-09-12 13:00:00,740,740,740,740,0
2022-09-12 13:01:00,740,740,740,740,0
2022-09-12 13:02:00,740,740,740,740,0
2022-09-12 13:03:00,740,740,740,740,0
2022-09-12 13:04:00,740,740,740,740,0
2022-09-12 13:05:00,740,740,740,740,0
2022-09-12 13:06:00,740,740,740,740,0
2022-09-12 13:07:00,740,740,740,740,0
2022-09-12 13:08:00,740,740,740,740,0
2022-09-12 13:09:00,740,740,740,740,0
2022-09-12 13:10:00,740,740,740,740,0
2022-09-12 13:11:00,740,740,740,740,0
2022-09-12 13:12:00,740,740,740,740,0
2022-09-12 13:13:00,740,740,740,740,0
2022-09-12 13:14:00,740,740,740,740,0
2022-09-12 13:15:00,740,740,740,740,0
2022-09-12 13:16:00,740,740,740,740,0
2022-09-12 13:17:00,740,740,740,740,0
2022-09-12 13:18:00,740,740,740,740,0
2022-09-12 13:19:00,740,740,740,740,0
2022-09-12 13:20:00,740,740,740,740,0
2022-09-12 13:21:00,740,740,740,740,0
2022-09-12 13:22:00,740,740,740,740,0
2022-09-12 13:23:00,740,740,740,740,0
2022-09-12 13:24:00,740,740,740,740,0
2022-09-12 13:25:00,740,740,740,740,0
2022-09-12 13:26:00,740,740,740,740,0
2022-09-12 13:27:00,740,740,740,740,0
2022-09-12 13:28:00,740,740,740,740,0
2022-09-12 13:29:00,740,740,740,740,0
2022-09-12 13:30:00,740,740,740,740,7000
2022-09-12 13:31:00,740,740,740,740,0
2022-09-12 13:32:00,740,740,740,740,0
2022-09-12 13:33:00,740,740,740,740,0
2022-09-12 13:34:00,740,740,740,740,0
2022-09-12 13:35:00,740,740,740,740,2900
2022-09-12 13:36:00,740,740,740,740,0
2022-09-12 13:37:00,740,740,740,740,0
2022-09-12 13:38:00,740,740,740,740,4800
2022-09-12 13:39:00,740,740,740,740,0
2022-09-12 13:40:00,740,740,740,740,0
2022-09-12 13:41:00,740,740,740,740,0
2022-09-12 13:42:00,740,740,740,740,0
2022-09-12 13:43:00,740,740,740,740,0
2022-09-12 13:44:00,740,740,740,740,0
2022-09-12 13:45:00,740,740,740,740,0
2022-09-12 13:46:00,740,740,740,740,6000
2022-09-12 13:47:00,740,740,740,740,0
2022-09-12 13:48:00,745,745,745,745,17000
2022-09-12 13:49:00,745,745,745,745,0
2022-09-12 13:50:00,745,745,745,745,0
2022-09-12 13:51:00,745,745,745,745,0
2022-09-12 13:52:00,745,745,745,745,0
2022-09-12 13:53:00,745,745,745,745,0
2022-09-12 13:54:00,745,745,745,745,0
2022-09-12 13:55:00,745,745,745,745,0
2022-09-12 13:56:00,745,745,745,745,0
2022-09-12 13:57:00,745,745,745,745,0
2022-09-12 13:58:00,745,745,745,745,0
2022-09-12 13:59:00,745,745,745,745,0
2022-09-12 14:00:00,745,745,745,745,0
2022-09-12 14:01:00,745,745,745,745,0
2022-09-12 14:02:00,745,745,745,745,0
2022-09-12 14:03:00,745,745,745,745,0
2022-09-12 14:04:00,745,745,745,745,0
2022-09-12 14:05:00,745,745,745,745,0
2022-09-12 14:06:00,745,745,745,745,0
2022-09-12 14:07:00,745,745,745,745,0
2022-09-12 14:08:00,745,745,745,745,5000
2022-09-12 14:09:00,745,745,745,745,0
2022-09-12 14:10:00,740,740,740,740,8000
2022-09-12 14:11:00,740,740,740,740,0
2022-09-12 14:12:00,740,740,740,740,0
2022-09-12 14:13:00,740,740,740,740,0
2022-09-12 14:14:00,740,740,740,740,0
2022-09-12 14:15:00,740,740,740,740,0
2022-09-12 14:16:00,740,740,740,740,0
2022-09-12 14:17:00,740,740,740,740,3000
2022-09-12 14:18:00,740,740,740,740,0
2022-09-12 14:19:00,740,740,740,740,0
2022-09-12 14:20:00,740,740,740,740,0
2022-09-12 14:21:00,740,740,740,740,0
2022-09-12 14:22:00,740,740,740,740,0
2022-09-12 14:23:00,740,740,740,740,0
2022-09-12 14:24:00,740,740,740,740,0
2022-09-12 14:25:00,745,745,745,745,10000
2022-09-12 14:26:00,745,745,745,745,0
2022-09-12 14:27:00,745,745,745,745,0
2022-09-12 14:28:00,745,745,745,745,0
2022-09-12 14:29:00,745,745,745,745,0
2022-09-12 14:30:00,745,745,745,745,0
2022-09-12 14:31:00,745,745,745,745,0
2022-09-12 14:32:00,745,745,745,745,0
2022-09-12 14:33:00,745,745,745,745,0
2022-09-12 14:34:00,745,745,745,745,0
2022-09-12 14:35:00,745,745,745,745,700
2022-09-12 14:36:00,745,745,745,745,0
2022-09-12 14:37:00,745,745,745,745,0
2022-09-12 14:38:00,745,745,745,745,0
2022-09-12 14:39:00,745,745,745,745,100
2022-09-12 14:40:00,745,745,745,745,1000
2022-09-12 14:41:00,745,745,745,745,0
2022-09-12 14:42:00,745,745,745,745,0
2022-09-12 14:43:00,745,745,745,745,0
2022-09-12 14:44:00,745,745,745,745,0
2022-09-12 14:45:00,745,745,745,745,0
2022-09-12 14:46:00,740,740,740,740,10100
2022-09-12 14:47:00,740,740,740,740,0
2022-09-12 14:48:00,740,740,740,740,0
2022-09-12 14:49:00,740,740,740,740,4100
2022-09-12 14:50:00,740,740,740,740,0
2022-09-12 14:51:00,740,740,740,740,0
2022-09-12 14:52:00,740,740,740,740,0
2022-09-12 14:53:00,740,740,740,740,0
2022-09-12 14:54:00,740,740,740,740,0
2022-09-12 14:55:00,740,740,740,740,0
2022-09-12 14:56:00,740,740,740,740,0
2022-09-12 14:57:00,740,740,740,740,0
2022-09-12 14:58:00,740,740,740,740,0
2022-09-12 14:59:00,740,740,740,740,0
2022-09-12 15:00:00,740,740,740,740,11200
2022-09-12 15:01:00,740,740,740,740,0
2022-09-12 15:02:00,740,740,740,740,0
2022-09-12 15:03:00,740,740,740,740,16500
2022-09-12 15:04:00,740,740,740,740,0
2022-09-12 15:05:00,740,740,740,740,0
2022-09-12 15:06:00,740,740,740,740,8700
2022-09-12 15:07:00,740,740,740,740,0
2022-09-12 15:08:00,740,740,740,740,0
2022-09-12 15:09:00,740,740,740,740,0
2022-09-12 15:10:00,740,740,740,740,445900
2022-09-12 15:11:00,740,740,740,740,0
2022-09-12 15:12:00,740,740,740,740,0
2022-09-12 15:13:00,740,740,740,740,0
2022-09-12 15:14:00,740,740,740,740,0
2022-09-12 15:15:00,740,740,740,740,0
2022-09-12 15:16:00,740,740,740,740,0
2022-09-12 15:17:00,740,740,740,740,0
2022-09-12 15:18:00,740,740,740,740,0
2022-09-12 15:19:00,740,740,740,740,0
2022-09-12 15:20:00,740,740,740,740,0
2022-09-12 15:21:00,740,740,740,740,0
2022-09-12 15:22:00,740,740,740,740,0
2022-09-12 15:23:00,740,740,740,740,0
2022-09-12 15:24:00,740,740,740,740,0
2022-09-12 15:25:00,740,740,740,740,0
2022-09-12 15:26:00,740,740,740,740,0
2022-09-12 15:27:00,740,740,740,740,0
2022-09-12 15:28:00,740,740,740,740,0
2022-09-12 15:29:00,740,740,740,740,0
2022-09-12 15:30:00,740,740,740,740,0
2022-09-12 15:31:00,740,740,740,740,0
2022-09-12 15:32:00,740,740,740,740,0
2022-09-12 15:33:00,740,740,740,740,0
2022-09-12 15:34:00,740,740,740,740,0
2022-09-12 15:35:00,740,740,740,740,0
2022-09-12 15:36:00,740,740,740,740,0
2022-09-12 15:37:00,740,740,740,740,0
2022-09-12 15:38:00,740,740,740,740,0
2022-09-12 15:39:00,740,740,740,740,0
2022-09-12 15:40:00,740,740,740,740,0
2022-09-12 15:41:00,740,740,740,740,0
2022-09-12 15:42:00,740,740,740,740,0
2022-09-12 15:43:00,740,740,740,740,0
2022-09-12 15:44:00,740,740,740,740,0
2022-09-12 15:45:00,740,740,740,740,0
2022-09-12 15:46:00,740,740,740,740,0
2022-09-12 15:47:00,740,740,740,740,0
2022-09-12 15:48:00,740,740,740,740,0
2022-09-12 15:49:00,740,740,740,740,0
2022-09-12 15:50:00,740,740,740,740,0
2022-09-12 15:51:00,740,740,740,740,0
2022-09-12 15:52:00,740,740,740,740,0
2022-09-12 15:53:00,740,740,740,740,0
2022-09-12 15:54:00,740,740,740,740,0
2022-09-12 15:55:00,740,740,740,740,0
2022-09-12 15:56:00,740,740,740,740,0
2022-09-12 15:57:00,740,740,740,740,0
2022-09-12 15:58:00,740,740,740,740,0
2022-09-12 15:59:00,740,740,740,740,0
2022-09-13 09:00:00,750,750,750,750,0
2022-09-13 09:01:00,740,740,740,740,15600
2022-09-13 09:02:00,740,740,740,740,0
2022-09-13 09:03:00,740,740,740,740,0
2022-09-13 09:04:00,740,740,740,740,1900
2022-09-13 09:05:00,740,740,740,740,0
2022-09-13 09:06:00,740,740,740,740,0
2022-09-13 09:07:00,740,740,740,740,0
2022-09-13 09:08:00,740,740,740,740,0
2022-09-13 09:09:00,740,740,740,740,0
2022-09-13 09:10:00,740,740,740,740,0
2022-09-13 09:11:00,740,740,740,740,0
2022-09-13 09:12:00,740,740,740,740,0
2022-09-13 09:13:00,740,735,740,735,51600
2022-09-13 09:14:00,740,735,740,735,0
2022-09-13 09:15:00,750,750,750,750,500
2022-09-13 09:16:00,750,750,750,750,0
2022-09-13 09:17:00,750,750,750,750,0
2022-09-13 09:18:00,750,750,750,750,0
2022-09-13 09:19:00,750,750,750,750,0
2022-09-13 09:20:00,750,750,750,750,0
2022-09-13 09:21:00,750,750,750,750,0
2022-09-13 09:22:00,740,740,740,740,0
2022-09-13 09:23:00,740,740,740,740,0
2022-09-13 09:24:00,740,740,740,740,0
2022-09-13 09:25:00,740,740,740,740,0
2022-09-13 09:26:00,740,740,740,740,0
2022-09-13 09:27:00,740,740,740,740,0
2022-09-13 09:28:00,740,740,740,740,0
2022-09-13 09:29:00,740,740,740,740,0
2022-09-13 09:30:00,740,740,740,740,0
2022-09-13 09:31:00,740,740,740,740,0
2022-09-13 09:32:00,740,740,740,740,0
2022-09-13 09:33:00,740,740,740,740,0
2022-09-13 09:34:00,740,740,740,740,0
2022-09-13 09:35:00,740,740,740,740,0
2022-09-13 09:36:00,740,740,740,740,0
2022-09-13 09:37:00,750,750,750,750,1000
2022-09-13 09:38:00,750,750,750,750,0
2022-09-13 09:39:00,750,750,750,750,0
2022-09-13 09:40:00,750,750,750,750,0
2022-09-13 09:41:00,750,750,750,750,0
2022-09-13 09:42:00,750,750,750,750,0
2022-09-13 09:43:00,750,750,750,750,0
2022-09-13 09:44:00,750,750,750,750,0
2022-09-13 09:45:00,750,750,750,750,0
2022-09-13 09:46:00,750,750,750,750,0
2022-09-13 09:47:00,750,750,750,750,0
2022-09-13 09:48:00,750,750,750,750,0
2022-09-13 09:49:00,750,750,750,750,19300
2022-09-13 09:50:00,750,750,750,750,0
2022-09-13 09:51:00,750,750,750,750,0
2022-09-13 09:52:00,750,750,750,750,0
2022-09-13 09:53:00,750,750,750,750,0
2022-09-13 09:54:00,750,750,750,750,6300
2022-09-13 09:55:00,750,750,750,750,500
2022-09-13 09:56:00,750,750,750,750,1000
2022-09-13 09:57:00,750,750,750,750,0
2022-09-13 09:58:00,750,750,750,750,0
2022-09-13 09:59:00,750,750,750,750,0
2022-09-13 10:00:00,750,750,750,750,200
2022-09-13 10:01:00,750,750,750,750,0
2022-09-13 10:02:00,750,750,750,750,0
2022-09-13 10:03:00,750,750,750,750,0
2022-09-13 10:04:00,750,750,750,750,0
2022-09-13 10:05:00,750,750,750,750,0
2022-09-13 10:06:00,750,750,750,750,900
2022-09-13 10:07:00,750,750,750,750,0
2022-09-13 10:08:00,750,750,750,750,8400
2022-09-13 10:09:00,750,750,750,750,0
2022-09-13 10:10:00,750,750,750,750,0
2022-09-13 10:11:00,750,750,750,750,0
2022-09-13 10:12:00,750,750,750,750,0
2022-09-13 10:13:00,755,755,755,755,1600
2022-09-13 10:14:00,755,755,755,755,0
2022-09-13 10:15:00,755,755,755,755,0
2022-09-13 10:16:00,755,755,755,755,0
2022-09-13 10:17:00,750,750,755,755,8600
2022-09-13 10:18:00,750,750,755,755,0
2022-09-13 10:19:00,750,750,755,755,0
2022-09-13 10:20:00,750,750,755,755,0
2022-09-13 10:21:00,750,750,755,755,0
2022-09-13 10:22:00,750,750,750,750,3900
2022-09-13 10:23:00,750,750,750,750,0
2022-09-13 10:24:00,750,750,750,750,0
2022-09-13 10:25:00,750,750,750,750,0
2022-09-13 10:26:00,750,750,750,750,0
2022-09-13 10:27:00,750,750,750,750,200
2022-09-13 10:28:00,750,750,750,750,0
2022-09-13 10:29:00,750,750,750,750,0
2022-09-13 10:30:00,750,750,750,750,0
2022-09-13 10:31:00,750,750,750,750,0
2022-09-13 10:32:00,750,750,750,750,0
2022-09-13 10:33:00,750,750,750,750,0
2022-09-13 10:34:00,750,750,750,750,0
2022-09-13 10:35:00,750,750,750,750,0
2022-09-13 10:36:00,750,750,750,750,2500
2022-09-13 10:37:00,750,750,750,750,200
2022-09-13 10:38:00,750,750,750,750,0
2022-09-13 10:39:00,750,750,750,750,0
2022-09-13 10:40:00,750,750,750,750,0
2022-09-13 10:41:00,755,755,755,755,200
2022-09-13 10:42:00,755,755,755,755,0
2022-09-13 10:43:00,755,755,755,755,0
2022-09-13 10:44:00,755,755,755,755,0
2022-09-13 10:45:00,755,755,755,755,0
2022-09-13 10:46:00,755,755,755,755,0
2022-09-13 10:47:00,755,755,755,755,0
2022-09-13 10:48:00,755,755,755,755,1600
2022-09-13 10:49:00,755,755,755,755,0
2022-09-13 10:50:00,755,755,755,755,0
2022-09-13 10:51:00,750,750,750,750,6500
2022-09-13 10:52:00,750,750,750,750,0
2022-09-13 10:53:00,750,750,750,750,0
2022-09-13 10:54:00,750,750,750,750,0
2022-09-13 10:55:00,750,750,750,750,0
2022-09-13 10:56:00,750,750,750,750,0
2022-09-13 10:57:00,750,750,750,750,0
2022-09-13 10:58:00,750,750,750,750,0
2022-09-13 10:59:00,750,750,750,750,200
2022-09-13 11:00:00,750,750,750,750,0
2022-09-13 11:01:00,750,750,750,750,0
2022-09-13 11:02:00,750,750,750,750,0
2022-09-13 11:03:00,755,755,755,755,1900
2022-09-13 11:04:00,755,755,755,755,0
2022-09-13 11:05:00,755,755,755,755,0
2022-09-13 11:06:00,755,755,755,755,0
2022-09-13 11:07:00,755,755,755,755,0
2022-09-13 11:08:00,750,750,750,750,7700
2022-09-13 11:09:00,750,750,750,750,0
2022-09-13 11:10:00,750,750,750,750,0
2022-09-13 11:11:00,750,750,750,750,0
2022-09-13 11:12:00,750,750,750,750,0
2022-09-13 11:13:00,750,750,750,750,0
2022-09-13 11:14:00,750,750,750,750,0
2022-09-13 11:15:00,745,745,745,745,100
2022-09-13 11:16:00,745,745,745,745,0
2022-09-13 11:17:00,745,745,745,745,0
2022-09-13 11:18:00,745,745,745,745,0
2022-09-13 11:19:00,745,745,745,745,0
2022-09-13 11:20:00,745,745,745,745,0
2022-09-13 11:21:00,745,745,745,745,0
2022-09-13 11:22:00,745,745,745,745,0
2022-09-13 11:23:00,745,745,745,745,0
2022-09-13 11:24:00,745,745,745,745,0
2022-09-13 11:25:00,745,745,745,745,0
2022-09-13 11:26:00,745,745,745,745,0
2022-09-13 11:27:00,745,745,745,745,0
2022-09-13 11:28:00,745,745,745,745,0
2022-09-13 11:29:00,745,745,745,745,0
2022-09-13 11:30:00,745,745,745,745,0
2022-09-13 11:31:00,745,745,745,745,0
2022-09-13 11:32:00,745,745,745,745,0
2022-09-13 11:33:00,745,745,745,745,0
2022-09-13 11:34:00,745,745,745,745,0
2022-09-13 11:35:00,745,745,745,745,0
2022-09-13 11:36:00,745,745,745,745,0
2022-09-13 11:37:00,745,745,745,745,0
2022-09-13 11:38:00,745,745,745,745,0
2022-09-13 11:39:00,745,745,745,745,0
2022-09-13 11:40:00,745,745,745,745,0
2022-09-13 11:41:00,745,745,745,745,0
2022-09-13 11:42:00,745,745,745,745,0
2022-09-13 11:43:00,745,745,745,745,0
2022-09-13 11:44:00,745,745,745,745,0
2022-09-13 11:45:00,745,745,745,745,0
2022-09-13 11:46:00,745,745,745,745,0
2022-09-13 11:47:00,745,745,745,745,0
2022-09-13 11:48:00,745,745,745,745,0
2022-09-13 11:49:00,745,745,745,745,0
2022-09-13 11:50:00,745,745,745,745,0
2022-09-13 11:51:00,745,745,745,745,0
2022-09-13 11:52:00,745,745,745,745,0
2022-09-13 11:53:00,745,745,745,745,0
2022-09-13 11:54:00,745,745,745,745,0
2022-09-13 11:55:00,745,745,745,745,0
2022-09-13 11:56:00,745,745,745,745,0
2022-09-13 11:57:00,745,745,745,745,0
2022-09-13 11:58:00,745,745,745,745,0
2022-09-13 11:59:00,745,745,745,745,0
2022-09-13 12:00:00,745,745,745,745,0
2022-09-13 12:01:00,745,745,745,745,0
2022-09-13 12:02:00,745,745,745,745,0
2022-09-13 12:03:00,745,745,745,745,0
2022-09-13 12:04:00,745,745,745,745,0
2022-09-13 12:05:00,745,745,745,745,0
2022-09-13 12:06:00,745,745,745,745,0
2022-09-13 12:07:00,745,745,745,745,0
2022-09-13 12:08:00,745,745,745,745,0
2022-09-13 12:09:00,745,745,745,745,0
2022-09-13 12:10:00,745,745,745,745,0
2022-09-13 12:11:00,745,745,745,745,0
2022-09-13 12:12:00,745,745,745,745,0
2022-09-13 12:13:00,745,745,745,745,0
2022-09-13 12:14:00,745,745,745,745,0
2022-09-13 12:15:00,745,745,745,745,0
2022-09-13 12:16:00,745,745,745,745,0
2022-09-13 12:17:00,745,745,745,745,0
2022-09-13 12:18:00,745,745,745,745,0
2022-09-13 12:19:00,745,745,745,745,0
2022-09-13 12:20:00,745,745,745,745,0
2022-09-13 12:21:00,745,745,745,745,0
2022-09-13 12:22:00,745,745,745,745,0
2022-09-13 12:23:00,745,745,745,745,0
2022-09-13 12:24:00,745,745,745,745,0
2022-09-13 12:25:00,745,745,745,745,0
2022-09-13 12:26:00,745,745,745,745,0
2022-09-13 12:27:00,745,745,745,745,0
2022-09-13 12:28:00,745,745,745,745,0
2022-09-13 12:29:00,745,745,745,745,0
2022-09-13 12:30:00,745,745,745,745,0
2022-09-13 12:31:00,745,745,745,745,0
2022-09-13 12:32:00,745,745,745,745,0
2022-09-13 12:33:00,745,745,745,745,0
2022-09-13 12:34:00,745,745,745,745,0
2022-09-13 12:35:00,745,745,745,745,0
2022-09-13 12:36:00,745,745,745,745,0
2022-09-13 12:37:00,745,745,745,745,0
2022-09-13 12:38:00,745,745,745,745,0
2022-09-13 12:39:00,745,745,745,745,0
2022-09-13 12:40:00,745,745,745,745,0
2022-09-13 12:41:00,745,745,745,745,0
2022-09-13 12:42:00,745,745,745,745,0
2022-09-13 12:43:00,745,745,745,745,0
2022-09-13 12:44:00,745,745,745,745,0
2022-09-13 12:45:00,745,745,745,745,0
2022-09-13 12:46:00,745,745,745,745,0
2022-09-13 12:47:00,745,745,745,745,0
2022-09-13 12:48:00,745,745,745,745,0
2022-09-13 12:49:00,745,745,745,745,0
2022-09-13 12:50:00,745,745,745,745,0
2022-09-13 12:51:00,745,745,745,745,0
2022-09-13 12:52:00,745,745,745,745,0
2022-09-13 12:53:00,745,745,745,745,0
2022-09-13 12:54:00,745,745,745,745,0
2022-09-13 12:55:00,745,745,745,745,0
2022-09-13 12:56:00,745,745,745,745,0
2022-09-13 12:57:00,745,745,745,745,0
2022-09-13 12:58:00,745,745,745,745,0
2022-09-13 12:59:00,745,745,745,745,0
2022-09-13 13:00:00,745,745,745,745,0
2022-09-13 13:01:00,745,745,745,745,0
2022-09-13 13:02:00,745,745,745,745,0
2022-09-13 13:03:00,745,745,745,745,0
2022-09-13 13:04:00,745,745,745,745,0
2022-09-13 13:05:00,745,745,745,745,0
2022-09-13 13:06:00,745,745,745,745,0
2022-09-13 13:07:00,745,745,745,745,0
2022-09-13 13:08:00,745,745,745,745,0
2022-09-13 13:09:00,745,745,745,745,0
2022-09-13 13:10:00,745,745,745,745,0
2022-09-13 13:11:00,745,745,745,745,0
2022-09-13 13:12:00,745,745,745,745,0
2022-09-13 13:13:00,745,745,745,745,0
2022-09-13 13:14:00,745,745,745,745,0
2022-09-13 13:15:00,745,745,745,745,0
2022-09-13 13:16:00,745,745,745,745,0
2022-09-13 13:17:00,745,745,745,745,0
2022-09-13 13:18:00,745,745,745,745,0
2022-09-13 13:19:00,745,745,745,745,0
2022-09-13 13:20:00,745,745,745,745,0
2022-09-13 13:21:00,745,745,745,745,0
2022-09-13 13:22:00,745,745,745,745,0
2022-09-13 13:23:00,745,745,745,745,0
2022-09-13 13:24:00,745,745,745,745,0
2022-09-13 13:25:00,745,745,745,745,0
2022-09-13 13:26:00,745,745,745,745,0
2022-09-13 13:27:00,745,745,745,745,0
2022-09-13 13:28:00,745,745,745,745,0
2022-09-13 13:29:00,745,745,745,745,0
2022-09-13 13:30:00,745,745,745,745,0
2022-09-13 13:31:00,745,745,745,745,0
2022-09-13 13:32:00,745,745,745,745,700
2022-09-13 13:33:00,745,745,745,745,0
2022-09-13 13:34:00,745,745,745,745,0
2022-09-13 13:35:00,745,745,745,745,0
2022-09-13 13:36:00,745,745,745,745,0
2022-09-13 13:37:00,745,745,745,745,0
2022-09-13 13:38:00,745,745,745,745,0
2022-09-13 13:39:00,745,745,745,745,0
2022-09-13 13:40:00,745,745,745,745,0
2022-09-13 13:41:00,745,745,745,745,0
2022-09-13 13:42:00,745,745,750,750,2600
2022-09-13 13:43:00,745,745,750,750,0
2022-09-13 13:44:00,745,745,750,750,0
2022-09-13 13:45:00,745,745,750,750,0
2022-09-13 13:46:00,745,745,750,750,0
2022-09-13 13:47:00,745,745,750,750,0
2022-09-13 13:48:00,750,750,750,750,0
2022-09-13 13:49:00,750,750,750,750,100
2022-09-13 13:50:00,750,750,750,750,0
2022-09-13 13:51:00,750,750,750,750,0
2022-09-13 13:52:00,750,750,750,750,0
2022-09-13 13:53:00,750,750,750,750,0
2022-09-13 13:54:00,750,750,750,750,0
2022-09-13 13:55:00,750,750,750,750,0
2022-09-13 13:56:00,750,750,750,750,2000
2022-09-13 13:57:00,750,750,750,750,0
2022-09-13 13:58:00,750,750,755,755,23400
2022-09-13 13:59:00,750,750,755,755,0
2022-09-13 14:00:00,750,750,750,750,0
2022-09-13 14:01:00,750,750,750,750,0
2022-09-13 14:02:00,750,750,750,750,200
2022-09-13 14:03:00,750,750,750,750,0
2022-09-13 14:04:00,750,750,750,750,4200
2022-09-13 14:05:00,750,750,750,750,0
2022-09-13 14:06:00,750,750,750,750,0
2022-09-13 14:07:00,750,750,750,750,0
2022-09-13 14:08:00,745,745,745,745,0
2022-09-13 14:09:00,745,745,745,745,0
2022-09-13 14:10:00,745,745,745,745,0
2022-09-13 14:11:00,745,745,745,745,200
2022-09-13 14:12:00,745,745,745,745,0
2022-09-13 14:13:00,745,745,745,745,0
2022-09-13 14:14:00,745,745,745,745,0
2022-09-13 14:15:00,745,745,745,745,0
2022-09-13 14:16:00,745,745,745,745,0
2022-09-13 14:17:00,745,745,745,745,0
2022-09-13 14:18:00,745,745,745,745,0
2022-09-13 14:19:00,745,745,745,745,0
2022-09-13 14:20:00,750,750,750,750,2400
2022-09-13 14:21:00,750,750,750,750,0
2022-09-13 14:22:00,750,750,750,750,0
2022-09-13 14:23:00,750,750,750,750,0
2022-09-13 14:24:00,750,750,750,750,0
2022-09-13 14:25:00,750,750,750,750,0
2022-09-13 14:26:00,750,750,750,750,0
2022-09-13 14:27:00,750,750,750,750,0
2022-09-13 14:28:00,750,750,750,750,0
2022-09-13 14:29:00,750,750,750,750,0
2022-09-13 14:30:00,750,750,750,750,15000
2022-09-13 14:31:00,750,750,750,750,0
2022-09-13 14:32:00,750,750,750,750,0
2022-09-13 14:33:00,750,750,750,750,0
2022-09-13 14:34:00,750,750,750,750,0
2022-09-13 14:35:00,750,750,750,750,0
2022-09-13 14:36:00,750,750,750,750,0
2022-09-13 14:37:00,750,750,750,750,0
2022-09-13 14:38:00,750,750,750,750,0
2022-09-13 14:39:00,750,750,750,750,0
2022-09-13 14:40:00,750,750,750,750,0
2022-09-13 14:41:00,750,750,750,750,0
2022-09-13 14:42:00,750,750,750,750,0
2022-09-13 14:43:00,750,750,750,750,0
2022-09-13 14:44:00,755,755,755,755,25000
2022-09-13 14:45:00,755,750,755,750,3900
2022-09-13 14:46:00,755,750,755,750,0
2022-09-13 14:47:00,755,750,755,750,0
2022-09-13 14:48:00,755,750,755,750,0
2022-09-13 14:49:00,755,750,755,750,0
2022-09-13 14:50:00,755,750,755,750,0
2022-09-13 14:51:00,755,750,755,750,0
2022-09-13 14:52:00,755,750,755,750,0
2022-09-13 14:53:00,755,750,755,750,0
2022-09-13 14:54:00,755,750,755,750,0
2022-09-13 14:55:00,755,750,755,750,0
2022-09-13 14:56:00,755,750,755,750,0
2022-09-13 14:57:00,755,750,755,750,0
2022-09-13 14:58:00,755,750,755,750,0
2022-09-13 14:59:00,755,750,755,750,0
2022-09-13 15:00:00,755,750,755,750,0
2022-09-13 15:01:00,755,750,755,750,0
2022-09-13 15:02:00,755,750,755,750,0
2022-09-13 15:03:00,755,750,755,750,0
2022-09-13 15:04:00,755,750,755,750,0
2022-09-13 15:05:00,755,750,755,750,0
2022-09-13 15:06:00,755,750,755,750,0
2022-09-13 15:07:00,755,750,755,750,0
2022-09-13 15:08:00,755,750,755,750,0
2022-09-13 15:09:00,755,750,755,750,0
2022-09-13 15:10:00,750,750,750,750,0
2022-09-13 15:11:00,750,750,750,750,0
2022-09-13 15:12:00,750,750,750,750,0
2022-09-13 15:13:00,750,750,750,750,0
2022-09-13 15:14:00,750,750,750,750,0
2022-09-13 15:15:00,750,750,750,750,0
2022-09-13 15:16:00,750,750,750,750,0
2022-09-13 15:17:00,750,750,750,750,0
2022-09-13 15:18:00,750,750,750,750,0
2022-09-13 15:19:00,750,750,750,750,0
2022-09-13 15:20:00,750,750,750,750,0
2022-09-13 15:21:00,750,750,750,750,0
2022-09-13 15:22:00,750,750,750,750,0
2022-09-13 15:23:00,750,750,750,750,0
2022-09-13 15:24:00,750,750,750,750,0
2022-09-13 15:25:00,750,750,750,750,0
2022-09-13 15:26:00,750,750,750,750,0
2022-09-13 15:27:00,750,750,750,750,0
2022-09-13 15:28:00,750,750,750,750,0
2022-09-13 15:29:00,750,750,750,750,0
2022-09-13 15:30:00,750,750,750,750,0
2022-09-13 15:31:00,750,750,750,750,0
2022-09-13 15:32:00,750,750,750,750,0
2022-09-13 15:33:00,750,750,750,750,0
2022-09-13 15:34:00,750,750,750,750,0
2022-09-13 15:35:00,750,750,750,750,0
2022-09-13 15:36:00,750,750,750,750,0
2022-09-13 15:37:00,750,750,750,750,0
2022-09-13 15:38:00,750,750,750,750,0
2022-09-13 15:39:00,750,750,750,750,0
2022-09-13 15:40:00,750,750,750,750,0
2022-09-13 15:41:00,750,750,750,750,0
2022-09-13 15:42:00,750,750,750,750,0
2022-09-13 15:43:00,750,750,750,750,0
2022-09-13 15:44:00,750,750,750,750,0
2022-09-13 15:45:00,750,750,750,750,0
2022-09-13 15:46:00,750,750,750,750,0
2022-09-13 15:47:00,750,750,750,750,0
2022-09-13 15:48:00,750,750,750,750,0
2022-09-13 15:49:00,750,750,750,750,0
2022-09-13 15:50:00,750,750,750,750,0
2022-09-13 15:51:00,750,750,750,750,0
2022-09-13 15:52:00,750,750,750,750,0
2022-09-13 15:53:00,750,750,750,750,0
2022-09-13 15:54:00,750,750,750,750,0
2022-09-13 15:55:00,750,750,750,750,0
2022-09-13 15:56:00,750,750,750,750,0
2022-09-13 15:57:00,750,750,750,750,0
2022-09-13 15:58:00,750,750,750,750,0
2022-09-13 15:59:00,750,750,750,750,0
2022-09-14 09:00:00,740,740,750,750,16900
2022-09-14 09:01:00,740,740,750,750,0
2022-09-14 09:02:00,740,740,750,750,0
2022-09-14 09:03:00,740,740,750,750,0
2022-09-14 09:04:00,745,745,745,745,600
2022-09-14 09:05:00,745,745,745,745,0
2022-09-14 09:06:00,745,745,745,745,0
2022-09-14 09:07:00,745,745,745,745,2700
2022-09-14 09:08:00,745,745,745,745,0
2022-09-14 09:09:00,745,745,745,745,1200
2022-09-14 09:10:00,745,745,745,745,0
2022-09-14 09:11:00,745,745,745,745,400
2022-09-14 09:12:00,745,745,745,745,0
2022-09-14 09:13:00,745,745,745,745,4000
2022-09-14 09:14:00,740,740,740,740,2400
2022-09-14 09:15:00,740,740,740,740,0
2022-09-14 09:16:00,740,735,740,735,1900
2022-09-14 09:17:00,735,735,740,740,0
2022-09-14 09:18:00,735,735,740,740,0
2022-09-14 09:19:00,735,735,740,740,0
2022-09-14 09:20:00,735,735,740,740,0
2022-09-14 09:21:00,735,735,740,740,0
2022-09-14 09:22:00,735,735,740,740,0
2022-09-14 09:23:00,735,735,740,740,0
2022-09-14 09:24:00,735,735,740,740,0
2022-09-14 09:25:00,735,735,740,740,0
2022-09-14 09:26:00,735,735,740,740,0
2022-09-14 09:27:00,735,735,740,740,0
2022-09-14 09:28:00,735,735,740,740,0
2022-09-14 09:29:00,735,735,740,740,0
2022-09-14 09:30:00,740,740,740,740,100
2022-09-14 09:31:00,740,740,740,740,0
2022-09-14 09:32:00,740,740,740,740,0
2022-09-14 09:33:00,740,740,740,740,0
2022-09-14 09:34:00,740,740,740,740,0
2022-09-14 09:35:00,740,740,740,740,0
2022-09-14 09:36:00,740,740,740,740,0
2022-09-14 09:37:00,740,740,740,740,0
2022-09-14 09:38:00,740,740,740,740,0
2022-09-14 09:39:00,740,740,740,740,0
2022-09-14 09:40:00,740,740,740,740,0
2022-09-14 09:41:00,740,740,740,740,0
2022-09-14 09:42:00,740,740,740,740,0
2022-09-14 09:43:00,740,740,740,740,0
2022-09-14 09:44:00,740,740,740,740,0
2022-09-14 09:45:00,740,740,740,740,0
2022-09-14 09:46:00,740,740,740,740,0
2022-09-14 09:47:00,740,740,740,740,0
2022-09-14 09:48:00,740,740,740,740,0
2022-09-14 09:49:00,740,740,740,740,0
2022-09-14 09:50:00,740,740,740,740,0
2022-09-14 09:51:00,740,740,740,740,0
2022-09-14 09:52:00,740,740,740,740,0
2022-09-14 09:53:00,740,740,740,740,0
2022-09-14 09:54:00,740,740,740,740,0
2022-09-14 09:55:00,740,740,740,740,2000
2022-09-14 09:56:00,740,740,740,740,0
2022-09-14 09:57:00,740,740,740,740,0
2022-09-14 09:58:00,740,740,740,740,0
2022-09-14 09:59:00,740,740,740,740,0
2022-09-14 10:00:00,740,740,740,740,0
2022-09-14 10:01:00,740,740,740,740,0
2022-09-14 10:02:00,740,740,740,740,0
2022-09-14 10:03:00,740,740,740,740,0
2022-09-14 10:04:00,745,745,745,745,3000
2022-09-14 10:05:00,745,745,745,745,0
2022-09-14 10:06:00,745,745,745,745,0
2022-09-14 10:07:00,745,745,745,745,0
2022-09-14 10:08:00,740,740,740,740,13800
2022-09-14 10:09:00,740,740,740,740,0
2022-09-14 10:10:00,740,740,740,740,0
2022-09-14 10:11:00,740,740,740,740,0
2022-09-14 10:12:00,740,740,740,740,0
2022-09-14 10:13:00,740,740,740,740,6800
2022-09-14 10:14:00,740,740,740,740,0
2022-09-14 10:15:00,740,740,740,740,0
2022-09-14 10:16:00,740,740,740,740,0
2022-09-14 10:17:00,740,740,740,740,0
2022-09-14 10:18:00,740,740,740,740,0
2022-09-14 10:19:00,735,730,735,730,30500
2022-09-14 10:20:00,730,730,730,730,14000
2022-09-14 10:21:00,735,735,735,735,0
2022-09-14 10:22:00,735,735,735,735,0
2022-09-14 10:23:00,735,735,735,735,0
2022-09-14 10:24:00,730,720,730,720,24900
2022-09-14 10:25:00,730,720,730,720,0
2022-09-14 10:26:00,730,720,730,720,0
2022-09-14 10:27:00,720,720,720,720,4500
2022-09-14 10:28:00,725,725,725,725,1800
2022-09-14 10:29:00,725,725,725,725,0
2022-09-14 10:30:00,725,725,725,725,0
2022-09-14 10:31:00,725,725,725,725,0
2022-09-14 10:32:00,725,725,725,725,0
2022-09-14 10:33:00,725,725,725,725,0
2022-09-14 10:34:00,725,725,725,725,0
2022-09-14 10:35:00,725,725,725,725,0
2022-09-14 10:36:00,725,725,725,725,0
2022-09-14 10:37:00,725,725,725,725,0
2022-09-14 10:38:00,730,730,730,730,0
2022-09-14 10:39:00,730,730,730,730,0
2022-09-14 10:40:00,730,730,730,730,0
2022-09-14 10:41:00,730,730,730,730,200
2022-09-14 10:42:00,730,730,730,730,100
2022-09-14 10:43:00,730,730,730,730,0
2022-09-14 10:44:00,730,730,730,730,0
2022-09-14 10:45:00,730,730,730,730,900
2022-09-14 10:46:00,730,730,730,730,0
2022-09-14 10:47:00,730,730,730,730,0
2022-09-14 10:48:00,730,730,730,730,0
2022-09-14 10:49:00,730,730,730,730,0
2022-09-14 10:50:00,730,730,730,730,0
2022-09-14 10:51:00,730,730,730,730,0
2022-09-14 10:52:00,730,730,730,730,0
2022-09-14 10:53:00,730,730,730,730,0
2022-09-14 10:54:00,730,730,730,730,0
2022-09-14 10:55:00,730,730,730,730,0
2022-09-14 10:56:00,730,730,730,730,0
2022-09-14 10:57:00,730,730,730,730,0
2022-09-14 10:58:00,730,730,730,730,0
2022-09-14 10:59:00,730,730,730,730,0
2022-09-14 11:00:00,730,730,730,730,0
2022-09-14 11:01:00,730,730,730,730,0
2022-09-14 11:02:00,730,730,730,730,0
2022-09-14 11:03:00,730,730,730,730,0
2022-09-14 11:04:00,730,730,730,730,0
2022-09-14 11:05:00,730,730,730,730,0
2022-09-14 11:06:00,730,730,730,730,1000
2022-09-14 11:07:00,730,730,730,730,0
2022-09-14 11:08:00,730,730,730,730,0
2022-09-14 11:09:00,730,730,730,730,0
2022-09-14 11:10:00,730,730,730,730,0
2022-09-14 11:11:00,730,730,730,730,0
2022-09-14 11:12:00,730,730,730,730,0
2022-09-14 11:13:00,730,730,730,730,0
2022-09-14 11:14:00,730,730,730,730,4800
2022-09-14 11:15:00,730,730,730,730,0
2022-09-14 11:16:00,730,730,730,730,0
2022-09-14 11:17:00,730,730,730,730,0
2022-09-14 11:18:00,730,730,730,730,0
2022-09-14 11:19:00,730,730,730,730,0
2022-09-14 11:20:00,730,730,730,730,0
2022-09-14 11:21:00,730,730,730,730,0
2022-09-14 11:22:00,730,730,730,730,0
2022-09-14 11:23:00,730,730,730,730,0
2022-09-14 11:24:00,730,730,730,730,0
2022-09-14 11:25:00,730,730,730,730,0
2022-09-14 11:26:00,730,730,730,730,0
2022-09-14 11:27:00,730,730,730,730,0
2022-09-14 11:28:00,730,730,730,730,0
2022-09-14 11:29:00,730,730,730,730,0
2022-09-14 11:30:00,730,730,730,730,0
2022-09-14 11:31:00,730,730,730,730,0
2022-09-14 11:32:00,730,730,730,730,0
2022-09-14 11:33:00,730,730,730,730,0
2022-09-14 11:34:00,730,730,730,730,0
2022-09-14 11:35:00,730,730,730,730,0
2022-09-14 11:36:00,730,730,730,730,0
2022-09-14 11:37:00,730,730,730,730,0
2022-09-14 11:38:00,730,730,730,730,0
2022-09-14 11:39:00,730,730,730,730,0
2022-09-14 11:40:00,730,730,730,730,0
2022-09-14 11:41:00,730,730,730,730,0
2022-09-14 11:42:00,730,730,730,730,0
2022-09-14 11:43:00,730,730,730,730,0
2022-09-14 11:44:00,730,730,730,730,0
2022-09-14 11:45:00,730,730,730,730,0
2022-09-14 11:46:00,730,730,730,730,0
2022-09-14 11:47:00,730,730,730,730,0
2022-09-14 11:48:00,730,730,730,730,0
2022-09-14 11:49:00,730,730,730,730,0
2022-09-14 11:50:00,730,730,730,730,0
2022-09-14 11:51:00,730,730,730,730,0
2022-09-14 11:52:00,730,730,730,730,0
2022-09-14 11:53:00,730,730,730,730,0
2022-09-14 11:54:00,730,730,730,730,0
2022-09-14 11:55:00,730,730,730,730,0
2022-09-14 11:56:00,730,730,730,730,0
2022-09-14 11:57:00,730,730,730,730,0
2022-09-14 11:58:00,730,730,730,730,0
2022-09-14 11:59:00,730,730,730,730,0
2022-09-14 12:00:00,730,730,730,730,0
2022-09-14 12:01:00,730,730,730,730,0
2022-09-14 12:02:00,730,730,730,730,0
2022-09-14 12:03:00,730,730,730,730,0
2022-09-14 12:04:00,730,730,730,730,0
2022-09-14 12:05:00,730,730,730,730,0
2022-09-14 12:06:00,730,730,730,730,0
2022-09-14 12:07:00,730,730,730,730,0
2022-09-14 12:08:00,730,730,730,730,0
2022-09-14 12:09:00,730,730,730,730,0
2022-09-14 12:10:00,730,730,730,730,0
2022-09-14 12:11:00,730,730,730,730,0
2022-09-14 12:12:00,730,730,730,730,0
2022-09-14 12:13:00,730,730,730,730,0
2022-09-14 12:14:00,730,730,730,730,0
2022-09-14 12:15:00,730,730,730,730,0
2022-09-14 12:16:00,730,730,730,730,0
2022-09-14 12:17:00,730,730,730,730,0
2022-09-14 12:18:00,730,730,730,730,0
2022-09-14 12:19:00,730,730,730,730,0
2022-09-14 12:20:00,730,730,730,730,0
2022-09-14 12:21:00,730,730,730,730,0
2022-09-14 12:22:00,730,730,730,730,0
2022-09-14 12:23:00,730,730,730,730,0
2022-09-14 12:24:00,730,730,730,730,0
2022-09-14 12:25:00,730,730,730,730,0
2022-09-14 12:26:00,730,730,730,730,0
2022-09-14 12:27:00,730,730,730,730,0
2022-09-14 12:28:00,730,730,730,730,0
2022-09-14 12:29:00,730,730,730,730,0
2022-09-14 12:30:00,730,730,730,730,0
2022-09-14 12:31:00,730,730,730,730,0
2022-09-14 12:32:00,730,730,730,730,0
2022-09-14 12:33:00,730,730,730,730,0
2022-09-14 12:34:00,730,730,730,730,0
2022-09-14 12:35:00,730,730,730,730,0
2022-09-14 12:36:00,730,730,730,730,0
2022-09-14 12:37:00,730,730,730,730,0
2022-09-14 12:38:00,730,730,730,730,0
2022-09-14 12:39:00,730,730,730,730,0
2022-09-14 12:40:00,730,730,730,730,0
2022-09-14 12:41:00,730,730,730,730,0
2022-09-14 12:42:00,730,730,730,730,0
2022-09-14 12:43:00,730,730,730,730,0
2022-09-14 12:44:00,730,730,730,730,0
2022-09-14 12:45:00,730,730,730,730,0
2022-09-14 12:46:00,730,730,730,730,0
2022-09-14 12:47:00,730,730,730,730,0
2022-09-14 12:48:00,730,730,730,730,0
2022-09-14 12:49:00,730,730,730,730,0
2022-09-14 12:50:00,730,730,730,730,0
2022-09-14 12:51:00,730,730,730,730,0
2022-09-14 12:52:00,730,730,730,730,0
2022-09-14 12:53:00,730,730,730,730,0
2022-09-14 12:54:00,730,730,730,730,0
2022-09-14 12:55:00,730,730,730,730,0
2022-09-14 12:56:00,730,730,730,730,0
2022-09-14 12:57:00,730,730,730,730,0
2022-09-14 12:58:00,730,730,730,730,0
2022-09-14 12:59:00,730,730,730,730,0
2022-09-14 13:00:00,730,730,730,730,0
2022-09-14 13:01:00,730,730,730,730,0
2022-09-14 13:02:00,730,730,730,730,0
2022-09-14 13:03:00,730,730,730,730,0
2022-09-14 13:04:00,730,730,730,730,0
2022-09-14 13:05:00,730,730,730,730,0
2022-09-14 13:06:00,730,730,730,730,0
2022-09-14 13:07:00,730,730,730,730,0
2022-09-14 13:08:00,730,730,730,730,0
2022-09-14 13:09:00,730,730,730,730,0
2022-09-14 13:10:00,730,730,730,730,0
2022-09-14 13:11:00,730,730,730,730,0
2022-09-14 13:12:00,730,730,730,730,0
2022-09-14 13:13:00,730,730,730,730,0
2022-09-14 13:14:00,730,730,730,730,0
2022-09-14 13:15:00,730,730,730,730,0
2022-09-14 13:16:00,730,730,730,730,0
2022-09-14 13:17:00,730,730,730,730,0
2022-09-14 13:18:00,730,730,730,730,0
2022-09-14 13:19:00,730,730,730,730,0
2022-09-14 13:20:00,730,730,730,730,0
2022-09-14 13:21:00,730,730,730,730,0
2022-09-14 13:22:00,730,730,730,730,0
2022-09-14 13:23:00,730,730,730,730,0
2022-09-14 13:24:00,730,730,730,730,0
2022-09-14 13:25:00,730,730,730,730,0
2022-09-14 13:26:00,730,730,730,730,0
2022-09-14 13:27:00,730,730,730,730,0
2022-09-14 13:28:00,730,730,730,730,0
2022-09-14 13:29:00,730,730,730,730,0
2022-09-14 13:30:00,735,735,735,735,1500
2022-09-14 13:31:00,735,735,735,735,0
2022-09-14 13:32:00,735,735,735,735,0
2022-09-14 13:33:00,735,735,735,735,0
2022-09-14 13:34:00,735,735,735,735,0
2022-09-14 13:35:00,735,735,735,735,0
2022-09-14 13:36:00,735,735,735,735,0
2022-09-14 13:37:00,735,735,735,735,0
2022-09-14 13:38:00,735,735,735,735,0
2022-09-14 13:39:00,735,735,735,735,0
2022-09-14 13:40:00,735,735,735,735,0
2022-09-14 13:41:00,735,735,735,735,0
2022-09-14 13:42:00,735,735,735,735,0
2022-09-14 13:43:00,735,735,735,735,0
2022-09-14 13:44:00,735,735,735,735,0
2022-09-14 13:45:00,735,735,735,735,1500
2022-09-14 13:46:00,735,735,735,735,1100
2022-09-14 13:47:00,735,735,735,735,1800
2022-09-14 13:48:00,735,735,735,735,0
2022-09-14 13:49:00,735,735,735,735,1200
2022-09-14 13:50:00,735,735,735,735,0
2022-09-14 13:51:00,735,735,735,735,0
2022-09-14 13:52:00,735,735,735,735,0
2022-09-14 13:53:00,735,735,735,735,9300
2022-09-14 13:54:00,735,735,735,735,0
2022-09-14 13:55:00,735,735,735,735,0
2022-09-14 13:56:00,735,735,735,735,20000
2022-09-14 13:57:00,735,735,735,735,0
2022-09-14 13:58:00,735,735,735,735,0
2022-09-14 13:59:00,735,735,735,735,0
2022-09-14 14:00:00,735,735,735,735,3900
2022-09-14 14:01:00,735,735,735,735,0
2022-09-14 14:02:00,735,735,735,735,0
2022-09-14 14:03:00,735,735,735,735,0
2022-09-14 14:04:00,735,735,735,735,0
2022-09-14 14:05:00,735,735,735,735,0
2022-09-14 14:06:00,735,735,735,735,0
2022-09-14 14:07:00,735,735,735,735,0
2022-09-14 14:08:00,740,740,740,740,3200
2022-09-14 14:09:00,740,740,740,740,0
2022-09-14 14:10:00,740,740,740,740,0
2022-09-14 14:11:00,740,740,740,740,0
2022-09-14 14:12:00,745,745,745,745,900
2022-09-14 14:13:00,745,745,745,745,0
2022-09-14 14:14:00,745,745,745,745,0
2022-09-14 14:15:00,745,745,745,745,0
2022-09-14 14:16:00,740,740,740,740,27100
2022-09-14 14:17:00,735,735,735,735,0
2022-09-14 14:18:00,735,735,735,735,1000
2022-09-14 14:19:00,745,745,745,745,0
2022-09-14 14:20:00,745,745,745,745,0
2022-09-14 14:21:00,745,745,745,745,0
2022-09-14 14:22:00,745,745,745,745,0
2022-09-14 14:23:00,745,745,745,745,0
2022-09-14 14:24:00,745,745,745,745,0
2022-09-14 14:25:00,745,745,745,745,0
2022-09-14 14:26:00,745,745,745,745,0
2022-09-14 14:27:00,745,745,745,745,0
2022-09-14 14:28:00,745,745,745,745,0
2022-09-14 14:29:00,745,745,745,745,0
2022-09-14 14:30:00,745,745,745,745,0
2022-09-14 14:31:00,745,745,745,745,0
2022-09-14 14:32:00,740,740,740,740,2800
2022-09-14 14:33:00,740,740,740,740,0
2022-09-14 14:34:00,740,740,740,740,0
2022-09-14 14:35:00,730,730,730,730,39400
2022-09-14 14:36:00,730,730,730,730,0
2022-09-14 14:37:00,730,730,730,730,0
2022-09-14 14:38:00,730,730,730,730,0
2022-09-14 14:39:00,730,730,730,730,20000
2022-09-14 14:40:00,730,730,730,730,10000
2022-09-14 14:41:00,730,730,730,730,0
2022-09-14 14:42:00,730,730,730,730,0
2022-09-14 14:43:00,730,730,730,730,0
2022-09-14 14:44:00,730,730,730,730,0
2022-09-14 14:45:00,730,730,730,730,0
2022-09-14 14:46:00,730,730,730,730,0
2022-09-14 14:47:00,730,730,730,730,0
2022-09-14 14:48:00,730,730,730,730,0
2022-09-14 14:49:00,730,730,730,730,0
2022-09-14 14:50:00,730,730,730,730,0
2022-09-14 14:51:00,730,730,730,730,0
2022-09-14 14:52:00,730,730,730,730,0
2022-09-14 14:53:00,730,730,730,730,0
2022-09-14 14:54:00,730,730,730,730,0
2022-09-14 14:55:00,730,730,730,730,0
2022-09-14 14:56:00,730,730,730,730,0
2022-09-14 14:57:00,730,730,730,730,0
2022-09-14 14:58:00,730,730,730,730,0
2022-09-14 14:59:00,730,730,730,730,0
2022-09-14 15:00:00,730,730,730,730,0
2022-09-14 15:01:00,730,730,730,730,0
2022-09-14 15:02:00,730,730,730,730,0
2022-09-14 15:03:00,730,730,730,730,0
2022-09-14 15:04:00,730,730,730,730,0
2022-09-14 15:05:00,730,730,730,730,0
2022-09-14 15:06:00,730,730,730,730,0
2022-09-14 15:07:00,730,730,730,730,0
2022-09-14 15:08:00,730,730,730,730,0
2022-09-14 15:09:00,730,730,730,730,0
2022-09-14 15:10:00,730,730,730,730,0
2022-09-14 15:11:00,730,730,730,730,0
2022-09-14 15:12:00,730,730,730,730,0
2022-09-14 15:13:00,730,730,730,730,0
2022-09-14 15:14:00,730,730,730,730,0
2022-09-14 15:15:00,730,730,730,730,0
2022-09-14 15:16:00,730,730,730,730,0
2022-09-14 15:17:00,730,730,730,730,0
2022-09-14 15:18:00,730,730,730,730,0
2022-09-14 15:19:00,730,730,730,730,0
2022-09-14 15:20:00,730,730,730,730,0
2022-09-14 15:21:00,730,730,730,730,0
2022-09-14 15:22:00,730,730,730,730,0
2022-09-14 15:23:00,730,730,730,730,0
2022-09-14 15:24:00,730,730,730,730,0
2022-09-14 15:25:00,730,730,730,730,0
2022-09-14 15:26:00,730,730,730,730,0
2022-09-14 15:27:00,730,730,730,730,0
2022-09-14 15:28:00,730,730,730,730,0
2022-09-14 15:29:00,730,730,730,730,0
2022-09-14 15:30:00,730,730,730,730,0
2022-09-14 15:31:00,730,730,730,730,0
2022-09-14 15:32:00,730,730,730,730,0
2022-09-14 15:33:00,730,730,730,730,0
2022-09-14 15:34:00,730,730,730,730,0
2022-09-14 15:35:00,730,730,730,730,0
2022-09-14 15:36:00,730,730,730,730,0
2022-09-14 15:37:00,730,730,730,730,0
2022-09-14 15:38:00,730,730,730,730,0
2022-09-14 15:39:00,730,730,730,730,0
2022-09-14 15:40:00,730,730,730,730,0
2022-09-14 15:41:00,730,730,730,730,0
2022-09-14 15:42:00,730,730,730,730,0
2022-09-14 15:43:00,730,730,730,730,0
2022-09-14 15:44:00,730,730,730,730,0
2022-09-14 15:45:00,730,730,730,730,0
2022-09-14 15:46:00,730,730,730,730,0
2022-09-14 15:47:00,730,730,730,730,0
2022-09-14 15:48:00,730,730,730,730,0
2022-09-14 15:49:00,730,730,730,730,0
2022-09-14 15:50:00,730,730,730,730,0
2022-09-14 15:51:00,730,730,730,730,0
2022-09-14 15:52:00,730,730,730,730,0
2022-09-14 15:53:00,730,730,730,730,0
2022-09-14 15:54:00,730,730,730,730,0
2022-09-14 15:55:00,730,730,730,730,0
2022-09-14 15:56:00,730,730,730,730,0
2022-09-14 15:57:00,730,730,730,730,0
2022-09-14 15:58:00,730,730,730,730,0
2022-09-14 15:59:00,730,730,730,730,0
2022-09-15 09:00:00,730,730,730,730,0
2022-09-15 09:01:00,730,730,730,730,0
2022-09-15 09:02:00,735,730,735,730,11000
2022-09-15 09:03:00,735,730,735,730,0
2022-09-15 09:04:00,730,730,730,730,19300
2022-09-15 09:05:00,730,730,730,730,0
2022-09-15 09:06:00,730,730,730,730,0
2022-09-15 09:07:00,735,735,735,735,0
2022-09-15 09:08:00,735,730,735,730,31100
2022-09-15 09:09:00,735,735,735,735,9100
2022-09-15 09:10:00,735,735,735,735,0
2022-09-15 09:11:00,735,735,735,735,0
2022-09-15 09:12:00,735,735,735,735,0
2022-09-15 09:13:00,735,735,735,735,0
2022-09-15 09:14:00,735,735,735,735,0
2022-09-15 09:15:00,735,735,735,735,0
2022-09-15 09:16:00,735,735,735,735,0
2022-09-15 09:17:00,735,735,735,735,200
2022-09-15 09:18:00,735,735,735,735,5900
2022-09-15 09:19:00,735,735,735,735,0
2022-09-15 09:20:00,730,730,730,730,35200
2022-09-15 09:21:00,730,730,730,730,0
2022-09-15 09:22:00,730,730,730,730,0
2022-09-15 09:23:00,730,730,730,730,0
2022-09-15 09:24:00,730,730,730,730,10100
2022-09-15 09:25:00,730,730,730,730,0
2022-09-15 09:26:00,730,730,730,730,26500
2022-09-15 09:27:00,730,730,730,730,0
2022-09-15 09:28:00,730,730,730,730,0
2022-09-15 09:29:00,730,730,730,730,0
2022-09-15 09:30:00,730,730,730,730,50100
2022-09-15 09:31:00,730,730,730,730,0
2022-09-15 09:32:00,730,730,730,730,0
2022-09-15 09:33:00,730,730,730,730,0
2022-09-15 09:34:00,730,730,730,730,500
2022-09-15 09:35:00,730,730,730,730,0
2022-09-15 09:36:00,730,730,730,730,1800
2022-09-15 09:37:00,730,730,730,730,0
2022-09-15 09:38:00,730,730,730,730,0
2022-09-15 09:39:00,730,730,730,730,0
2022-09-15 09:40:00,730,730,730,730,0
2022-09-15 09:41:00,730,730,730,730,0
2022-09-15 09:42:00,730,730,730,730,0
2022-09-15 09:43:00,730,730,730,730,4000
2022-09-15 09:44:00,730,730,730,730,0
2022-09-15 09:45:00,730,730,730,730,0
2022-09-15 09:46:00,725,725,725,725,0
2022-09-15 09:47:00,725,725,725,725,0
2022-09-15 09:48:00,725,725,725,725,0
2022-09-15 09:49:00,725,725,725,725,1000
2022-09-15 09:50:00,725,725,725,725,0
2022-09-15 09:51:00,725,725,725,725,0
2022-09-15 09:52:00,725,725,725,725,0
2022-09-15 09:53:00,725,725,725,725,0
2022-09-15 09:54:00,725,725,725,725,0
2022-09-15 09:55:00,725,725,725,725,0
2022-09-15 09:56:00,725,725,725,725,0
2022-09-15 09:57:00,725,725,725,725,0
2022-09-15 09:58:00,725,725,725,725,0
2022-09-15 09:59:00,725,725,725,725,0
2022-09-15 10:00:00,725,725,725,725,0
2022-09-15 10:01:00,725,725,725,725,0
2022-09-15 10:02:00,725,725,725,725,0
2022-09-15 10:03:00,725,725,725,725,1300
2022-09-15 10:04:00,725,725,725,725,0
2022-09-15 10:05:00,725,725,725,725,0
2022-09-15 10:06:00,725,725,725,725,0
2022-09-15 10:07:00,725,725,725,725,0
2022-09-15 10:08:00,730,730,730,730,700
2022-09-15 10:09:00,730,730,730,730,0
2022-09-15 10:10:00,730,730,730,730,0
2022-09-15 10:11:00,730,730,730,730,2000
2022-09-15 10:12:00,730,730,730,730,0
2022-09-15 10:13:00,730,730,730,730,0
2022-09-15 10:14:00,730,730,730,730,0
2022-09-15 10:15:00,730,730,730,730,0
2022-09-15 10:16:00,730,730,730,730,0
2022-09-15 10:17:00,730,730,730,730,0
2022-09-15 10:18:00,730,730,730,730,0
2022-09-15 10:19:00,725,725,725,725,6000
2022-09-15 10:20:00,725,725,725,725,0
2022-09-15 10:21:00,725,725,725,725,0
2022-09-15 10:22:00,725,725,725,725,0
2022-09-15 10:23:00,725,725,725,725,0
2022-09-15 10:24:00,725,725,725,725,0
2022-09-15 10:25:00,725,725,725,725,1500
2022-09-15 10:26:00,725,725,725,725,0
2022-09-15 10:27:00,725,725,725,725,0
2022-09-15 10:28:00,725,725,725,725,0
2022-09-15 10:29:00,725,725,725,725,48200
2022-09-15 10:30:00,725,725,725,725,0
2022-09-15 10:31:00,725,725,725,725,0
2022-09-15 10:32:00,725,725,725,725,0
2022-09-15 10:33:00,725,725,725,725,0
2022-09-15 10:34:00,725,725,725,725,0
2022-09-15 10:35:00,725,725,725,725,0
2022-09-15 10:36:00,725,725,725,725,0
2022-09-15 10:37:00,725,725,725,725,0
2022-09-15 10:38:00,725,725,725,725,0
2022-09-15 10:39:00,725,725,725,725,0
2022-09-15 10:40:00,725,725,725,725,0
2022-09-15 10:41:00,725,725,725,725,0
2022-09-15 10:42:00,725,725,725,725,0
2022-09-15 10:43:00,725,725,725,725,0
2022-09-15 10:44:00,725,725,725,725,0
2022-09-15 10:45:00,725,725,725,725,0
2022-09-15 10:46:00,725,725,725,725,0
2022-09-15 10:47:00,725,725,725,725,0
2022-09-15 10:48:00,725,725,725,725,0
2022-09-15 10:49:00,725,725,725,725,0
2022-09-15 10:50:00,730,730,730,730,400
2022-09-15 10:51:00,725,725,725,725,44300
2022-09-15 10:52:00,720,720,720,720,0
2022-09-15 10:53:00,720,720,720,720,2400
2022-09-15 10:54:00,725,725,725,725,5900
2022-09-15 10:55:00,720,720,720,720,100
2022-09-15 10:56:00,720,720,720,720,0
2022-09-15 10:57:00,720,720,720,720,0
2022-09-15 10:58:00,720,720,720,720,0
2022-09-15 10:59:00,725,720,725,720,5100
2022-09-15 11:00:00,725,720,725,720,0
2022-09-15 11:01:00,725,720,725,720,0
2022-09-15 11:02:00,725,720,725,720,0
2022-09-15 11:03:00,725,720,725,720,0
2022-09-15 11:04:00,725,720,725,720,0
2022-09-15 11:05:00,720,720,720,720,2000
2022-09-15 11:06:00,720,720,720,720,19000
2022-09-15 11:07:00,720,720,720,720,0
2022-09-15 11:08:00,720,720,720,720,0
2022-09-15 11:09:00,720,720,720,720,0
2022-09-15 11:10:00,720,720,720,720,0
2022-09-15 11:11:00,720,720,720,720,0
2022-09-15 11:12:00,720,720,720,720,0
2022-09-15 11:13:00,720,720,720,720,0
2022-09-15 11:14:00,720,720,720,720,0
2022-09-15 11:15:00,725,725,725,725,200
2022-09-15 11:16:00,725,725,725,725,0
2022-09-15 11:17:00,725,725,725,725,0
2022-09-15 11:18:00,725,725,725,725,0
2022-09-15 11:19:00,725,725,725,725,0
2022-09-15 11:20:00,725,725,725,725,0
2022-09-15 11:21:00,725,725,725,725,0
2022-09-15 11:22:00,730,730,730,730,1800
2022-09-15 11:23:00,730,730,730,730,0
2022-09-15 11:24:00,730,730,730,730,0
2022-09-15 11:25:00,730,730,730,730,0
2022-09-15 11:26:00,730,730,730,730,0
2022-09-15 11:27:00,730,730,730,730,500
2022-09-15 11:28:00,730,730,730,730,0
2022-09-15 11:29:00,730,730,730,730,0
2022-09-15 11:30:00,730,730,730,730,0
2022-09-15 11:31:00,730,730,730,730,0
2022-09-15 11:32:00,730,730,730,730,0
2022-09-15 11:33:00,730,730,730,730,0
2022-09-15 11:34:00,730,730,730,730,0
2022-09-15 11:35:00,730,730,730,730,0
2022-09-15 11:36:00,730,730,730,730,0
2022-09-15 11:37:00,730,730,730,730,0
2022-09-15 11:38:00,730,730,730,730,0
2022-09-15 11:39:00,730,730,730,730,0
2022-09-15 11:40:00,730,730,730,730,0
2022-09-15 11:41:00,730,730,730,730,0
2022-09-15 11:42:00,730,730,730,730,0
2022-09-15 11:43:00,730,730,730,730,0
2022-09-15 11:44:00,730,730,730,730,0
2022-09-15 11:45:00,730,730,730,730,0
2022-09-15 11:46:00,730,730,730,730,0
2022-09-15 11:47:00,730,730,730,730,0
2022-09-15 11:48:00,730,730,730,730,0
2022-09-15 11:49:00,730,730,730,730,0
2022-09-15 11:50:00,730,730,730,730,0
2022-09-15 11:51:00,730,730,730,730,0
2022-09-15 11:52:00,730,730,730,730,0
2022-09-15 11:53:00,730,730,730,730,0
2022-09-15 11:54:00,730,730,730,730,0
2022-09-15 11:55:00,730,730,730,730,0
2022-09-15 11:56:00,730,730,730,730,0
2022-09-15 11:57:00,730,730,730,730,0
2022-09-15 11:58:00,730,730,730,730,0
2022-09-15 11:59:00,730,730,730,730,0
2022-09-15 12:00:00,730,730,730,730,0
2022-09-15 12:01:00,730,730,730,730,0
2022-09-15 12:02:00,730,730,730,730,0
2022-09-15 12:03:00,730,730,730,730,0
2022-09-15 12:04:00,730,730,730,730,0
2022-09-15 12:05:00,730,730,730,730,0
2022-09-15 12:06:00,730,730,730,730,0
2022-09-15 12:07:00,730,730,730,730,0
2022-09-15 12:08:00,730,730,730,730,0
2022-09-15 12:09:00,730,730,730,730,0
2022-09-15 12:10:00,730,730,730,730,0
2022-09-15 12:11:00,730,730,730,730,0
2022-09-15 12:12:00,730,730,730,730,0
2022-09-15 12:13:00,730,730,730,730,0
2022-09-15 12:14:00,730,730,730,730,0
2022-09-15 12:15:00,730,730,730,730,0
2022-09-15 12:16:00,730,730,730,730,0
2022-09-15 12:17:00,730,730,730,730,0
2022-09-15 12:18:00,730,730,730,730,0
2022-09-15 12:19:00,730,730,730,730,0
2022-09-15 12:20:00,730,730,730,730,0
2022-09-15 12:21:00,730,730,730,730,0
2022-09-15 12:22:00,730,730,730,730,0
2022-09-15 12:23:00,730,730,730,730,0
2022-09-15 12:24:00,730,730,730,730,0
2022-09-15 12:25:00,730,730,730,730,0
2022-09-15 12:26:00,730,730,730,730,0
2022-09-15 12:27:00,730,730,730,730,0
2022-09-15 12:28:00,730,730,730,730,0
2022-09-15 12:29:00,730,730,730,730,0
2022-09-15 12:30:00,730,730,730,730,0
2022-09-15 12:31:00,730,730,730,730,0
2022-09-15 12:32:00,730,730,730,730,0
2022-09-15 12:33:00,730,730,730,730,0
2022-09-15 12:34:00,730,730,730,730,0
2022-09-15 12:35:00,730,730,730,730,0
2022-09-15 12:36:00,730,730,730,730,0
2022-09-15 12:37:00,730,730,730,730,0
2022-09-15 12:38:00,730,730,730,730,0
2022-09-15 12:39:00,730,730,730,730,0
2022-09-15 12:40:00,730,730,730,730,0
2022-09-15 12:41:00,730,730,730,730,0
2022-09-15 12:42:00,730,730,730,730,0
2022-09-15 12:43:00,730,730,730,730,0
2022-09-15 12:44:00,730,730,730,730,0
2022-09-15 12:45:00,730,730,730,730,0
2022-09-15 12:46:00,730,730,730,730,0
2022-09-15 12:47:00,730,730,730,730,0
2022-09-15 12:48:00,730,730,730,730,0
2022-09-15 12:49:00,730,730,730,730,0
2022-09-15 12:50:00,730,730,730,730,0
2022-09-15 12:51:00,730,730,730,730,0
2022-09-15 12:52:00,730,730,730,730,0
2022-09-15 12:53:00,730,730,730,730,0
2022-09-15 12:54:00,730,730,730,730,0
2022-09-15 12:55:00,730,730,730,730,0
2022-09-15 12:56:00,730,730,730,730,0
2022-09-15 12:57:00,730,730,730,730,0
2022-09-15 12:58:00,730,730,730,730,0
2022-09-15 12:59:00,730,730,730,730,0
2022-09-15 13:00:00,730,730,730,730,0
2022-09-15 13:01:00,730,730,730,730,0
2022-09-15 13:02:00,730,730,730,730,0
2022-09-15 13:03:00,730,730,730,730,0
2022-09-15 13:04:00,730,730,730,730,0
2022-09-15 13:05:00,730,730,730,730,0
2022-09-15 13:06:00,730,730,730,730,0
2022-09-15 13:07:00,730,730,730,730,0
2022-09-15 13:08:00,730,730,730,730,0
2022-09-15 13:09:00,730,730,730,730,0
2022-09-15 13:10:00,730,730,730,730,0
2022-09-15 13:11:00,730,730,730,730,0
2022-09-15 13:12:00,730,730,730,730,0
2022-09-15 13:13:00,730,730,730,730,0
2022-09-15 13:14:00,730,730,730,730,0
2022-09-15 13:15:00,730,730,730,730,0
2022-09-15 13:16:00,730,730,730,730,0
2022-09-15 13:17:00,730,730,730,730,0
2022-09-15 13:18:00,730,730,730,730,0
2022-09-15 13:19:00,730,730,730,730,0
2022-09-15 13:20:00,730,730,730,730,0
2022-09-15 13:21:00,730,730,730,730,0
2022-09-15 13:22:00,730,730,730,730,0
2022-09-15 13:23:00,730,730,730,730,0
2022-09-15 13:24:00,730,730,730,730,0
2022-09-15 13:25:00,730,730,730,730,0
2022-09-15 13:26:00,730,730,730,730,0
2022-09-15 13:27:00,730,730,730,730,0
2022-09-15 13:28:00,730,730,730,730,0
2022-09-15 13:29:00,730,730,730,730,0
2022-09-15 13:30:00,725,725,730,730,11500
2022-09-15 13:31:00,725,725,730,730,0
2022-09-15 13:32:00,725,725,730,730,0
2022-09-15 13:33:00,725,725,730,730,0
2022-09-15 13:34:00,725,725,730,730,0
2022-09-15 13:35:00,725,700,725,700,473200
2022-09-15 13:36:00,700,700,700,700,22800
2022-09-15 13:37:00,705,685,705,685,442600
2022-09-15 13:38:00,705,695,705,695,0
2022-09-15 13:39:00,695,690,695,695,22600
2022-09-15 13:40:00,700,695,700,695,20100
2022-09-15 13:41:00,700,695,700,695,0
2022-09-15 13:42:00,700,700,700,700,0
2022-09-15 13:43:00,700,700,700,700,400
2022-09-15 13:44:00,700,700,700,700,0
2022-09-15 13:45:00,695,695,695,695,900
2022-09-15 13:46:00,695,695,700,695,8300
2022-09-15 13:47:00,695,695,700,695,0
2022-09-15 13:48:00,695,695,695,695,2600
2022-09-15 13:49:00,700,700,700,700,17800
2022-09-15 13:50:00,700,700,705,705,4400
2022-09-15 13:51:00,705,705,705,705,22000
2022-09-15 13:52:00,705,705,705,705,0
2022-09-15 13:53:00,705,705,705,705,0
2022-09-15 13:54:00,705,705,705,705,0
2022-09-15 13:55:00,700,700,705,705,41600
2022-09-15 13:56:00,700,700,705,705,0
2022-09-15 13:57:00,710,710,710,710,0
2022-09-15 13:58:00,710,705,710,705,2800
2022-09-15 13:59:00,705,700,705,700,39100
2022-09-15 14:00:00,705,700,705,700,0
2022-09-15 14:01:00,705,700,705,700,0
2022-09-15 14:02:00,705,700,705,700,0
2022-09-15 14:03:00,705,700,705,700,20300
2022-09-15 14:04:00,700,700,700,700,9000
2022-09-15 14:05:00,700,700,700,700,0
2022-09-15 14:06:00,700,700,700,700,0
2022-09-15 14:07:00,705,705,705,705,1000
2022-09-15 14:08:00,705,705,705,705,0
2022-09-15 14:09:00,705,705,705,705,0
2022-09-15 14:10:00,705,705,705,705,0
2022-09-15 14:11:00,700,700,700,700,10400
2022-09-15 14:12:00,700,700,700,700,20100
2022-09-15 14:13:00,705,700,705,705,3200
2022-09-15 14:14:00,700,700,700,700,10700
2022-09-15 14:15:00,700,700,700,700,0
2022-09-15 14:16:00,700,700,700,700,0
2022-09-15 14:17:00,700,700,700,700,0
2022-09-15 14:18:00,700,700,700,700,6500
2022-09-15 14:19:00,695,695,700,695,29700
2022-09-15 14:20:00,695,695,700,695,0
2022-09-15 14:21:00,695,695,700,695,0
2022-09-15 14:22:00,700,700,700,700,5400
2022-09-15 14:23:00,700,700,700,700,0
2022-09-15 14:24:00,700,700,700,700,0
2022-09-15 14:25:00,700,700,700,700,0
2022-09-15 14:26:00,700,700,700,700,10000
2022-09-15 14:27:00,700,700,700,700,0
2022-09-15 14:28:00,700,700,700,700,200
2022-09-15 14:29:00,700,700,700,700,2900
2022-09-15 14:30:00,700,700,700,700,0
2022-09-15 14:31:00,705,705,705,705,0
2022-09-15 14:32:00,705,705,705,705,0
2022-09-15 14:33:00,705,705,705,705,14200
2022-09-15 14:34:00,705,705,705,705,0
2022-09-15 14:35:00,705,705,705,705,0
2022-09-15 14:36:00,705,705,705,705,0
2022-09-15 14:37:00,710,710,720,720,0
2022-09-15 14:38:00,710,710,720,720,0
2022-09-15 14:39:00,710,710,720,720,0
2022-09-15 14:40:00,710,710,720,720,0
2022-09-15 14:41:00,710,710,720,720,0
2022-09-15 14:42:00,710,710,720,720,0
2022-09-15 14:43:00,710,710,720,720,0
2022-09-15 14:44:00,710,710,720,720,0
2022-09-15 14:45:00,710,710,720,720,0
2022-09-15 14:46:00,710,710,720,720,0
2022-09-15 14:47:00,710,710,720,720,0
2022-09-15 14:48:00,710,710,720,720,0
2022-09-15 14:49:00,710,710,720,720,0
2022-09-15 14:50:00,710,710,720,720,0
2022-09-15 14:51:00,710,710,720,720,0
2022-09-15 14:52:00,710,710,720,720,0
2022-09-15 14:53:00,710,710,720,720,0
2022-09-15 14:54:00,710,710,720,720,0
2022-09-15 14:55:00,710,710,720,720,0
2022-09-15 14:56:00,710,710,720,720,0
2022-09-15 14:57:00,710,710,720,720,0
2022-09-15 14:58:00,710,710,720,720,0
2022-09-15 14:59:00,710,710,720,720,0
2022-09-15 15:00:00,715,715,715,715,0
2022-09-15 15:01:00,715,715,715,715,1498500
2022-09-15 15:02:00,715,715,715,715,0
2022-09-15 15:03:00,715,715,715,715,0
2022-09-15 15:04:00,715,715,715,715,0
2022-09-15 15:05:00,715,715,715,715,20000
2022-09-15 15:06:00,715,715,715,715,0
2022-09-15 15:07:00,715,715,715,715,0
2022-09-15 15:08:00,715,715,715,715,0
2022-09-15 15:09:00,715,715,715,715,0
2022-09-15 15:10:00,715,715,715,715,0
2022-09-15 15:11:00,715,715,715,715,0
2022-09-15 15:12:00,715,715,715,715,0
2022-09-15 15:13:00,715,715,715,715,0
2022-09-15 15:14:00,715,715,715,715,0
2022-09-15 15:15:00,715,715,715,715,0
2022-09-15 15:16:00,715,715,715,715,0
2022-09-15 15:17:00,715,715,715,715,0
2022-09-15 15:18:00,715,715,715,715,0
2022-09-15 15:19:00,715,715,715,715,0
2022-09-15 15:20:00,715,715,715,715,0
2022-09-15 15:21:00,715,715,715,715,0
2022-09-15 15:22:00,715,715,715,715,0
2022-09-15 15:23:00,715,715,715,715,0
2022-09-15 15:24:00,715,715,715,715,0
2022-09-15 15:25:00,715,715,715,715,0
2022-09-15 15:26:00,715,715,715,715,0
2022-09-15 15:27:00,715,715,715,715,0
2022-09-15 15:28:00,715,715,715,715,0
2022-09-15 15:29:00,715,715,715,715,0
2022-09-15 15:30:00,715,715,715,715,0
2022-09-15 15:31:00,715,715,715,715,0
2022-09-15 15:32:00,715,715,715,715,0
2022-09-15 15:33:00,715,715,715,715,0
2022-09-15 15:34:00,715,715,715,715,0
2022-09-15 15:35:00,715,715,715,715,0
2022-09-15 15:36:00,715,715,715,715,0
2022-09-15 15:37:00,715,715,715,715,0
2022-09-15 15:38:00,715,715,715,715,0
2022-09-15 15:39:00,715,715,715,715,0
2022-09-15 15:40:00,715,715,715,715,0
2022-09-15 15:41:00,715,715,715,715,0
2022-09-15 15:42:00,715,715,715,715,0
2022-09-15 15:43:00,715,715,715,715,0
2022-09-15 15:44:00,715,715,715,715,0
2022-09-15 15:45:00,715,715,715,715,0
2022-09-15 15:46:00,715,715,715,715,0
2022-09-15 15:47:00,715,715,715,715,0
2022-09-15 15:48:00,715,715,715,715,0
2022-09-15 15:49:00,715,715,715,715,0
2022-09-15 15:50:00,715,715,715,715,0
2022-09-15 15:51:00,715,715,715,715,0
2022-09-15 15:52:00,715,715,715,715,0
2022-09-15 15:53:00,715,715,715,715,0
2022-09-15 15:54:00,715,715,715,715,0
2022-09-15 15:55:00,715,715,715,715,0
2022-09-15 15:56:00,715,715,715,715,0
2022-09-15 15:57:00,715,715,715,715,0
2022-09-15 15:58:00,715,715,715,715,0
2022-09-15 15:59:00,715,715,715,715,0
2022-09-16 09:00:00,715,715,715,715,5500
2022-09-16 09:01:00,715,715,715,715,9900
2022-09-16 09:02:00,715,715,715,715,0
2022-09-16 09:03:00,710,705,710,705,12600
2022-09-16 09:04:00,705,700,705,700,400
2022-09-16 09:05:00,705,700,705,700,0
2022-09-16 09:06:00,700,700,700,700,58500
2022-09-16 09:07:00,700,700,700,700,0
2022-09-16 09:08:00,705,705,705,705,0
2022-09-16 09:09:00,705,705,705,705,0
2022-09-16 09:10:00,705,705,705,705,0
2022-09-16 09:11:00,705,705,705,705,0
2022-09-16 09:12:00,700,700,700,700,2700
2022-09-16 09:13:00,700,700,700,700,0
2022-09-16 09:14:00,700,700,700,700,0
2022-09-16 09:15:00,700,700,700,700,15000
2022-09-16 09:16:00,700,700,700,700,0
2022-09-16 09:17:00,705,705,705,705,0
2022-09-16 09:18:00,705,705,705,705,100
2022-09-16 09:19:00,705,705,705,705,0
2022-09-16 09:20:00,705,705,705,705,0
2022-09-16 09:21:00,705,705,705,705,0
2022-09-16 09:22:00,705,705,705,705,0
2022-09-16 09:23:00,705,705,705,705,0
2022-09-16 09:24:00,705,705,705,705,0
2022-09-16 09:25:00,705,705,705,705,0
2022-09-16 09:26:00,705,705,705,705,0
2022-09-16 09:27:00,705,705,705,705,0
2022-09-16 09:28:00,705,705,705,705,1900
2022-09-16 09:29:00,705,705,705,705,0
2022-09-16 09:30:00,705,705,705,705,0
2022-09-16 09:31:00,705,705,705,705,0
2022-09-16 09:32:00,705,705,705,705,0
2022-09-16 09:33:00,705,705,705,705,0
2022-09-16 09:34:00,705,705,705,705,0
2022-09-16 09:35:00,705,705,705,705,0
2022-09-16 09:36:00,705,705,705,705,0
2022-09-16 09:37:00,705,705,705,705,0
2022-09-16 09:38:00,705,705,705,705,0
2022-09-16 09:39:00,705,705,705,705,0
2022-09-16 09:40:00,705,705,705,705,0
2022-09-16 09:41:00,705,705,705,705,0
2022-09-16 09:42:00,705,705,705,705,0
2022-09-16 09:43:00,705,705,705,705,0
2022-09-16 09:44:00,705,705,705,705,0
2022-09-16 09:45:00,710,710,710,710,2000
2022-09-16 09:46:00,710,710,710,710,0
2022-09-16 09:47:00,705,705,705,705,0
2022-09-16 09:48:00,705,705,705,705,0
2022-09-16 09:49:00,705,705,705,705,0
2022-09-16 09:50:00,705,705,705,705,0
2022-09-16 09:51:00,705,705,705,705,0
2022-09-16 09:52:00,705,705,705,705,0
2022-09-16 09:53:00,705,705,705,705,400
2022-09-16 09:54:00,705,705,705,705,0
2022-09-16 09:55:00,705,705,705,705,0
2022-09-16 09:56:00,705,705,705,705,100
2022-09-16 09:57:00,705,705,705,705,0
2022-09-16 09:58:00,705,705,705,705,0
2022-09-16 09:59:00,715,715,715,715,1600
2022-09-16 10:00:00,715,715,715,715,0
2022-09-16 10:01:00,715,715,715,715,0
2022-09-16 10:02:00,715,715,715,715,0
2022-09-16 10:03:00,715,715,715,715,0
2022-09-16 10:04:00,715,715,715,715,0
2022-09-16 10:05:00,710,710,710,710,8800
2022-09-16 10:06:00,710,710,710,710,0
2022-09-16 10:07:00,710,710,710,710,0
2022-09-16 10:08:00,710,710,710,710,0
2022-09-16 10:09:00,710,710,710,710,0
2022-09-16 10:10:00,710,710,710,710,0
2022-09-16 10:11:00,710,710,710,710,0
2022-09-16 10:12:00,710,710,710,710,0
2022-09-16 10:13:00,710,710,710,710,2200
2022-09-16 10:14:00,705,700,705,700,24800
2022-09-16 10:15:00,705,700,705,700,0
2022-09-16 10:16:00,705,700,705,700,0
2022-09-16 10:17:00,705,700,705,700,0
2022-09-16 10:18:00,705,700,705,700,0
2022-09-16 10:19:00,705,700,705,700,0
2022-09-16 10:20:00,705,705,705,705,0
2022-09-16 10:21:00,705,700,705,700,9100
2022-09-16 10:22:00,700,700,700,700,2400
2022-09-16 10:23:00,700,700,710,710,0
2022-09-16 10:24:00,700,700,710,710,0
2022-09-16 10:25:00,700,700,710,710,0
2022-09-16 10:26:00,700,700,710,710,0
2022-09-16 10:27:00,700,700,710,710,0
2022-09-16 10:28:00,700,700,710,710,0
2022-09-16 10:29:00,700,700,710,710,0
2022-09-16 10:30:00,700,700,710,710,0
2022-09-16 10:31:00,710,710,710,710,2000
2022-09-16 10:32:00,710,710,710,710,3100
2022-09-16 10:33:00,710,710,710,710,0
2022-09-16 10:34:00,710,710,710,710,0
2022-09-16 10:35:00,710,710,710,710,0
2022-09-16 10:36:00,710,710,710,710,0
2022-09-16 10:37:00,710,710,710,710,0
2022-09-16 10:38:00,710,710,710,710,0
2022-09-16 10:39:00,710,710,710,710,0
2022-09-16 10:40:00,710,710,710,710,0
2022-09-16 10:41:00,710,710,710,710,0
2022-09-16 10:42:00,710,710,710,710,0
2022-09-16 10:43:00,710,710,710,710,0
2022-09-16 10:44:00,710,710,710,710,0
2022-09-16 10:45:00,710,710,710,710,0
2022-09-16 10:46:00,710,710,710,710,1000
2022-09-16 10:47:00,710,710,710,710,0
2022-09-16 10:48:00,710,710,710,710,0
2022-09-16 10:49:00,710,710,710,710,0
2022-09-16 10:50:00,715,715,715,715,500
2022-09-16 10:51:00,715,715,715,715,0
2022-09-16 10:52:00,715,715,715,715,0
2022-09-16 10:53:00,715,715,715,715,0
2022-09-16 10:54:00,715,715,715,715,0
2022-09-16 10:55:00,715,710,715,710,200
2022-09-16 10:56:00,715,710,715,710,0
2022-09-16 10:57:00,715,710,715,710,0
2022-09-16 10:58:00,715,710,715,710,0
2022-09-16 10:59:00,715,710,715,710,0
2022-09-16 11:00:00,715,710,715,710,0
2022-09-16 11:01:00,710,710,710,710,4000
2022-09-16 11:02:00,710,710,710,710,0
2022-09-16 11:03:00,710,710,710,710,16400
2022-09-16 11:04:00,710,710,710,710,0
2022-09-16 11:05:00,710,710,710,710,0
2022-09-16 11:06:00,710,710,710,710,0
2022-09-16 11:07:00,710,710,710,710,0
2022-09-16 11:08:00,710,710,710,710,0
2022-09-16 11:09:00,705,705,705,705,0
2022-09-16 11:10:00,705,705,705,705,0
2022-09-16 11:11:00,705,705,705,705,0
2022-09-16 11:12:00,705,705,705,705,0
2022-09-16 11:13:00,705,705,705,705,0
2022-09-16 11:14:00,705,705,705,705,0
2022-09-16 11:15:00,705,705,705,705,0
2022-09-16 11:16:00,705,705,705,705,0
2022-09-16 11:17:00,705,705,705,705,0
2022-09-16 11:18:00,705,705,705,705,0
2022-09-16 11:19:00,705,705,705,705,0
2022-09-16 11:20:00,705,705,705,705,0
2022-09-16 11:21:00,705,705,705,705,0
2022-09-16 11:22:00,705,705,705,705,0
2022-09-16 11:23:00,705,705,705,705,0
2022-09-16 11:24:00,705,705,705,705,0
2022-09-16 11:25:00,705,705,705,705,0
2022-09-16 11:26:00,705,705,705,705,0
2022-09-16 11:27:00,705,705,705,705,0
2022-09-16 11:28:00,705,705,705,705,0
2022-09-16 11:29:00,705,705,705,705,0
2022-09-16 11:30:00,705,705,705,705,0
2022-09-16 11:31:00,705,705,705,705,0
2022-09-16 11:32:00,705,705,705,705,0
2022-09-16 11:33:00,705,705,705,705,0
2022-09-16 11:34:00,705,705,705,705,0
2022-09-16 11:35:00,705,705,705,705,0
2022-09-16 11:36:00,705,705,705,705,0
2022-09-16 11:37:00,705,705,705,705,0
2022-09-16 11:38:00,705,705,705,705,0
2022-09-16 11:39:00,705,705,705,705,0
2022-09-16 11:40:00,705,705,705,705,0
2022-09-16 11:41:00,705,705,705,705,0
2022-09-16 11:42:00,705,705,705,705,0
2022-09-16 11:43:00,705,705,705,705,0
2022-09-16 11:44:00,705,705,705,705,0
2022-09-16 11:45:00,705,705,705,705,0
2022-09-16 11:46:00,705,705,705,705,0
2022-09-16 11:47:00,705,705,705,705,0
2022-09-16 11:48:00,705,705,705,705,0
2022-09-16 11:49:00,705,705,705,705,0
2022-09-16 11:50:00,705,705,705,705,0
2022-09-16 11:51:00,705,705,705,705,0
2022-09-16 11:52:00,705,705,705,705,0
2022-09-16 11:53:00,705,705,705,705,0
2022-09-16 11:54:00,705,705,705,705,0
2022-09-16 11:55:00,705,705,705,705,0
2022-09-16 11:56:00,705,705,705,705,0
2022-09-16 11:57:00,705,705,705,705,0
2022-09-16 11:58:00,705,705,705,705,0
2022-09-16 11:59:00,705,705,705,705,0
2022-09-16 12:00:00,705,705,705,705,0
2022-09-16 12:01:00,705,705,705,705,0
2022-09-16 12:02:00,705,705,705,705,0
2022-09-16 12:03:00,705,705,705,705,0
2022-09-16 12:04:00,705,705,705,705,0
2022-09-16 12:05:00,705,705,705,705,0
2022-09-16 12:06:00,705,705,705,705,0
2022-09-16 12:07:00,705,705,705,705,0
2022-09-16 12:08:00,705,705,705,705,0
2022-09-16 12:09:00,705,705,705,705,0
2022-09-16 12:10:00,705,705,705,705,0
2022-09-16 12:11:00,705,705,705,705,0
2022-09-16 12:12:00,705,705,705,705,0
2022-09-16 12:13:00,705,705,705,705,0
2022-09-16 12:14:00,705,705,705,705,0
2022-09-16 12:15:00,705,705,705,705,0
2022-09-16 12:16:00,705,705,705,705,0
2022-09-16 12:17:00,705,705,705,705,0
2022-09-16 12:18:00,705,705,705,705,0
2022-09-16 12:19:00,705,705,705,705,0
2022-09-16 12:20:00,705,705,705,705,0
2022-09-16 12:21:00,705,705,705,705,0
2022-09-16 12:22:00,705,705,705,705,0
2022-09-16 12:23:00,705,705,705,705,0
2022-09-16 12:24:00,705,705,705,705,0
2022-09-16 12:25:00,705,705,705,705,0
2022-09-16 12:26:00,705,705,705,705,0
2022-09-16 12:27:00,705,705,705,705,0
2022-09-16 12:28:00,705,705,705,705,0
2022-09-16 12:29:00,705,705,705,705,0
2022-09-16 12:30:00,705,705,705,705,0
2022-09-16 12:31:00,705,705,705,705,0
2022-09-16 12:32:00,705,705,705,705,0
2022-09-16 12:33:00,705,705,705,705,0
2022-09-16 12:34:00,705,705,705,705,0
2022-09-16 12:35:00,705,705,705,705,0
2022-09-16 12:36:00,705,705,705,705,0
2022-09-16 12:37:00,705,705,705,705,0
2022-09-16 12:38:00,705,705,705,705,0
2022-09-16 12:39:00,705,705,705,705,0
2022-09-16 12:40:00,705,705,705,705,0
2022-09-16 12:41:00,705,705,705,705,0
2022-09-16 12:42:00,705,705,705,705,0
2022-09-16 12:43:00,705,705,705,705,0
2022-09-16 12:44:00,705,705,705,705,0
2022-09-16 12:45:00,705,705,705,705,0
2022-09-16 12:46:00,705,705,705,705,0
2022-09-16 12:47:00,705,705,705,705,0
2022-09-16 12:48:00,705,705,705,705,0
2022-09-16 12:49:00,705,705,705,705,0
2022-09-16 12:50:00,705,705,705,705,0
2022-09-16 12:51:00,705,705,705,705,0
2022-09-16 12:52:00,705,705,705,705,0
2022-09-16 12:53:00,705,705,705,705,0
2022-09-16 12:54:00,705,705,705,705,0
2022-09-16 12:55:00,705,705,705,705,0
2022-09-16 12:56:00,705,705,705,705,0
2022-09-16 12:57:00,705,705,705,705,0
2022-09-16 12:58:00,705,705,705,705,0
2022-09-16 12:59:00,705,705,705,705,0
2022-09-16 13:00:00,705,705,705,705,0
2022-09-16 13:01:00,705,705,705,705,0
2022-09-16 13:02:00,705,705,705,705,0
2022-09-16 13:03:00,705,705,705,705,0
2022-09-16 13:04:00,705,705,705,705,0
2022-09-16 13:05:00,705,705,705,705,0
2022-09-16 13:06:00,705,705,705,705,0
2022-09-16 13:07:00,705,705,705,705,0
2022-09-16 13:08:00,705,705,705,705,0
2022-09-16 13:09:00,705,705,705,705,0
2022-09-16 13:10:00,705,705,705,705,0
2022-09-16 13:11:00,705,705,705,705,0
2022-09-16 13:12:00,705,705,705,705,0
2022-09-16 13:13:00,705,705,705,705,0
2022-09-16 13:14:00,705,705,705,705,0
2022-09-16 13:15:00,705,705,705,705,0
2022-09-16 13:16:00,705,705,705,705,0
2022-09-16 13:17:00,705,705,705,705,0
2022-09-16 13:18:00,705,705,705,705,0
2022-09-16 13:19:00,705,705,705,705,0
2022-09-16 13:20:00,705,705,705,705,0
2022-09-16 13:21:00,705,705,705,705,0
2022-09-16 13:22:00,705,705,705,705,0
2022-09-16 13:23:00,705,705,705,705,0
2022-09-16 13:24:00,705,705,705,705,0
2022-09-16 13:25:00,705,705,705,705,0
2022-09-16 13:26:00,705,705,705,705,0
2022-09-16 13:27:00,705,705,705,705,0
2022-09-16 13:28:00,705,705,705,705,0
2022-09-16 13:29:00,705,705,705,705,0
2022-09-16 13:30:00,710,705,710,710,1200
2022-09-16 13:31:00,710,705,710,710,0
2022-09-16 13:32:00,710,705,710,710,0
2022-09-16 13:33:00,710,705,710,710,0
2022-09-16 13:34:00,710,705,710,710,0
2022-09-16 13:35:00,710,705,710,710,0
2022-09-16 13:36:00,710,705,710,710,0
2022-09-16 13:37:00,710,705,710,710,0
2022-09-16 13:38:00,710,705,710,710,0
2022-09-16 13:39:00,710,705,710,710,0
2022-09-16 13:40:00,710,705,710,710,0
2022-09-16 13:41:00,710,705,710,710,0
2022-09-16 13:42:00,710,710,710,710,2100
2022-09-16 13:43:00,710,710,710,710,0
2022-09-16 13:44:00,710,710,710,710,0
2022-09-16 13:45:00,710,710,710,710,0
2022-09-16 13:46:00,710,710,710,710,0
2022-09-16 13:47:00,710,710,710,710,0
2022-09-16 13:48:00,710,710,710,710,0
2022-09-16 13:49:00,710,710,710,710,0
2022-09-16 13:50:00,710,710,710,710,0
2022-09-16 13:51:00,710,710,710,710,0
2022-09-16 13:52:00,710,710,710,710,0
2022-09-16 13:53:00,710,710,710,710,0
2022-09-16 13:54:00,710,710,710,710,0
2022-09-16 13:55:00,710,710,710,710,0
2022-09-16 13:56:00,710,710,710,710,0
2022-09-16 13:57:00,710,710,710,710,0
2022-09-16 13:58:00,710,710,710,710,0
2022-09-16 13:59:00,710,710,710,710,0
2022-09-16 14:00:00,710,710,710,710,0
2022-09-16 14:01:00,710,710,710,710,0
2022-09-16 14:02:00,710,710,710,710,0
2022-09-16 14:03:00,710,710,710,710,0
2022-09-16 14:04:00,710,710,710,710,0
2022-09-16 14:05:00,710,710,710,710,0
2022-09-16 14:06:00,710,710,710,710,0
2022-09-16 14:07:00,710,710,710,710,0
2022-09-16 14:08:00,710,710,710,710,0
2022-09-16 14:09:00,710,710,710,710,0
2022-09-16 14:10:00,710,710,710,710,1000
2022-09-16 14:11:00,710,710,710,710,100
2022-09-16 14:12:00,710,710,710,710,0
2022-09-16 14:13:00,710,710,710,710,0
2022-09-16 14:14:00,710,710,710,710,0
2022-09-16 14:15:00,710,710,710,710,0
2022-09-16 14:16:00,710,710,710,710,0
2022-09-16 14:17:00,710,710,710,710,0
2022-09-16 14:18:00,710,710,710,710,0
2022-09-16 14:19:00,710,710,710,710,0
2022-09-16 14:20:00,710,710,710,710,0
2022-09-16 14:21:00,710,710,710,710,0
2022-09-16 14:22:00,710,710,710,710,0
2022-09-16 14:23:00,710,710,710,710,0
2022-09-16 14:24:00,710,710,710,710,0
2022-09-16 14:25:00,710,710,710,710,0
2022-09-16 14:26:00,710,710,710,710,0
2022-09-16 14:27:00,710,710,710,710,0
2022-09-16 14:28:00,705,705,705,705,1000
2022-09-16 14:29:00,705,705,705,705,300
2022-09-16 14:30:00,705,705,705,705,0
2022-09-16 14:31:00,705,705,705,705,0
2022-09-16 14:32:00,705,705,705,705,0
2022-09-16 14:33:00,705,705,705,705,1300
2022-09-16 14:34:00,705,705,705,705,0
2022-09-16 14:35:00,705,705,705,705,0
2022-09-16 14:36:00,705,705,705,705,0
2022-09-16 14:37:00,705,705,705,705,0
2022-09-16 14:38:00,705,705,705,705,0
2022-09-16 14:39:00,705,705,705,705,0
2022-09-16 14:40:00,705,705,705,705,0
2022-09-16 14:41:00,705,705,705,705,0
2022-09-16 14:42:00,705,705,705,705,0
2022-09-16 14:43:00,705,705,705,705,0
2022-09-16 14:44:00,705,705,705,705,0
2022-09-16 14:45:00,705,705,705,705,0
2022-09-16 14:46:00,705,705,705,705,0
2022-09-16 14:47:00,705,705,705,705,0
2022-09-16 14:48:00,705,705,705,705,0
2022-09-16 14:49:00,705,705,705,705,0
2022-09-16 14:50:00,705,705,705,705,0
2022-09-16 14:51:00,705,705,705,705,0
2022-09-16 14:52:00,705,705,705,705,0
2022-09-16 14:53:00,705,705,705,705,0
2022-09-16 14:54:00,705,705,705,705,0
2022-09-16 14:55:00,705,705,705,705,0
2022-09-16 14:56:00,705,705,705,705,0
2022-09-16 14:57:00,705,705,705,705,0
2022-09-16 14:58:00,705,705,705,705,0
2022-09-16 14:59:00,705,705,705,705,0
2022-09-16 15:00:00,705,705,705,705,11800
2022-09-16 15:01:00,705,705,705,705,0
2022-09-16 15:02:00,705,705,705,705,0
2022-09-16 15:03:00,705,705,705,705,0
2022-09-16 15:04:00,705,705,705,705,0
2022-09-16 15:05:00,705,705,705,705,0
2022-09-16 15:06:00,705,705,705,705,0
2022-09-16 15:07:00,705,705,705,705,0
2022-09-16 15:08:00,705,705,705,705,0
2022-09-16 15:09:00,705,705,705,705,0
2022-09-16 15:10:00,705,705,705,705,0
2022-09-16 15:11:00,705,705,705,705,0
2022-09-16 15:12:00,705,705,705,705,0
2022-09-16 15:13:00,705,705,705,705,0
2022-09-16 15:14:00,705,705,705,705,0
2022-09-16 15:15:00,705,705,705,705,0
2022-09-16 15:16:00,705,705,705,705,0
2022-09-16 15:17:00,705,705,705,705,0
2022-09-16 15:18:00,705,705,705,705,0
2022-09-16 15:19:00,705,705,705,705,0
2022-09-16 15:20:00,705,705,705,705,0
2022-09-16 15:21:00,705,705,705,705,0
2022-09-16 15:22:00,705,705,705,705,0
2022-09-16 15:23:00,705,705,705,705,0
2022-09-16 15:24:00,705,705,705,705,0
2022-09-16 15:25:00,705,705,705,705,0
2022-09-16 15:26:00,705,705,705,705,0
2022-09-16 15:27:00,705,705,705,705,0
2022-09-16 15:28:00,705,705,705,705,0
2022-09-16 15:29:00,705,705,705,705,0
2022-09-16 15:30:00,705,705,705,705,0
2022-09-16 15:31:00,705,705,705,705,0
2022-09-16 15:32:00,705,705,705,705,0
2022-09-16 15:33:00,705,705,705,705,0
2022-09-16 15:34:00,705,705,705,705,0
2022-09-16 15:35:00,705,705,705,705,0
2022-09-16 15:36:00,705,705,705,705,0
2022-09-16 15:37:00,705,705,705,705,0
2022-09-16 15:38:00,705,705,705,705,0
2022-09-16 15:39:00,705,705,705,705,0
2022-09-16 15:40:00,705,705,705,705,0
2022-09-16 15:41:00,705,705,705,705,0
2022-09-16 15:42:00,705,705,705,705,0
2022-09-16 15:43:00,705,705,705,705,0
2022-09-16 15:44:00,705,705,705,705,0
2022-09-16 15:45:00,705,705,705,705,0
2022-09-16 15:46:00,705,705,705,705,0
2022-09-16 15:47:00,705,705,705,705,0
2022-09-16 15:48:00,705,705,705,705,0
2022-09-16 15:49:00,705,705,705,705,0
2022-09-16 15:50:00,705,705,705,705,0
2022-09-16 15:51:00,705,705,705,705,0
2022-09-16 15:52:00,705,705,705,705,0
2022-09-16 15:53:00,705,705,705,705,0
2022-09-16 15:54:00,705,705,705,705,0
2022-09-16 15:55:00,705,705,705,705,0
2022-09-16 15:56:00,705,705,705,705,0
2022-09-16 15:57:00,705,705,705,705,0
2022-09-16 15:58:00,705,705,705,705,0
2022-09-16 15:59:00,705,705,705,705,0
2022-09-19 09:00:00,715,715,715,715,0
2022-09-19 09:01:00,715,715,715,715,0
2022-09-19 09:02:00,715,715,715,715,0
2022-09-19 09:03:00,715,715,715,715,0
2022-09-19 09:04:00,715,715,715,715,0
2022-09-19 09:05:00,720,720,725,725,2400
2022-09-19 09:06:00,730,725,730,725,3900
2022-09-19 09:07:00,730,730,730,730,2100
2022-09-19 09:08:00,730,730,730,730,2200
2022-09-19 09:09:00,725,725,725,725,0
2022-09-19 09:10:00,725,725,725,725,0
2022-09-19 09:11:00,725,725,725,725,0
2022-09-19 09:12:00,725,725,725,725,100
2022-09-19 09:13:00,725,725,725,725,0
2022-09-19 09:14:00,725,725,725,725,1000
2022-09-19 09:15:00,725,725,725,725,3100
2022-09-19 09:16:00,725,725,725,725,0
2022-09-19 09:17:00,725,725,725,725,400
2022-09-19 09:18:00,725,725,725,725,0
2022-09-19 09:19:00,725,725,725,725,0
2022-09-19 09:20:00,725,725,725,725,0
2022-09-19 09:21:00,725,725,725,725,0
2022-09-19 09:22:00,725,725,725,725,0
2022-09-19 09:23:00,725,725,725,725,200
2022-09-19 09:24:00,725,725,725,725,0
2022-09-19 09:25:00,725,725,725,725,0
2022-09-19 09:26:00,725,725,725,725,0
2022-09-19 09:27:00,725,725,725,725,0
2022-09-19 09:28:00,725,725,725,725,0
2022-09-19 09:29:00,725,725,725,725,0
2022-09-19 09:30:00,725,725,725,725,0
2022-09-19 09:31:00,720,720,720,720,1800
2022-09-19 09:32:00,725,720,725,720,600
2022-09-19 09:33:00,725,720,725,720,0
2022-09-19 09:34:00,715,715,715,715,2300
2022-09-19 09:35:00,715,715,715,715,0
2022-09-19 09:36:00,715,715,715,715,0
2022-09-19 09:37:00,715,715,715,715,0
2022-09-19 09:38:00,715,715,715,715,0
2022-09-19 09:39:00,715,715,715,715,0
2022-09-19 09:40:00,720,720,720,720,0
2022-09-19 09:41:00,720,720,720,720,0
2022-09-19 09:42:00,720,720,720,720,0
2022-09-19 09:43:00,720,720,720,720,17600
2022-09-19 09:44:00,725,725,725,725,0
2022-09-19 09:45:00,725,725,725,725,0
2022-09-19 09:46:00,720,720,720,720,1000
2022-09-19 09:47:00,720,720,720,720,0
2022-09-19 09:48:00,720,720,720,720,0
2022-09-19 09:49:00,720,720,720,720,0
2022-09-19 09:50:00,720,720,720,720,0
2022-09-19 09:51:00,720,720,720,720,0
2022-09-19 09:52:00,720,720,720,720,2500
2022-09-19 09:53:00,720,720,720,720,0
2022-09-19 09:54:00,720,720,720,720,0
2022-09-19 09:55:00,720,720,720,720,6000
2022-09-19 09:56:00,720,720,720,720,0
2022-09-19 09:57:00,720,720,720,720,0
2022-09-19 09:58:00,720,720,720,720,7000
2022-09-19 09:59:00,720,720,720,720,0
2022-09-19 10:00:00,720,720,720,720,0
2022-09-19 10:01:00,720,720,720,720,0
2022-09-19 10:02:00,720,720,720,720,0
2022-09-19 10:03:00,720,720,720,720,0
2022-09-19 10:04:00,720,720,720,720,0
2022-09-19 10:05:00,720,720,720,720,1700
2022-09-19 10:06:00,720,720,720,720,0
2022-09-19 10:07:00,720,720,720,720,0
2022-09-19 10:08:00,720,720,720,720,0
2022-09-19 10:09:00,720,720,720,720,0
2022-09-19 10:10:00,720,720,720,720,0
2022-09-19 10:11:00,720,720,720,720,0
2022-09-19 10:12:00,720,720,720,720,0
2022-09-19 10:13:00,720,720,720,720,0
2022-09-19 10:14:00,720,720,720,720,0
2022-09-19 10:15:00,720,720,720,720,0
2022-09-19 10:16:00,720,720,720,720,0
2022-09-19 10:17:00,720,720,720,720,0
2022-09-19 10:18:00,720,720,720,720,0
2022-09-19 10:19:00,720,720,720,720,0
2022-09-19 10:20:00,720,720,720,720,4000
2022-09-19 10:21:00,720,720,720,720,0
2022-09-19 10:22:00,720,720,720,720,0
2022-09-19 10:23:00,720,720,720,720,0
2022-09-19 10:24:00,725,725,725,725,0
2022-09-19 10:25:00,725,725,725,725,0
2022-09-19 10:26:00,725,725,725,725,0
2022-09-19 10:27:00,720,720,720,720,400
2022-09-19 10:28:00,720,720,720,720,0
2022-09-19 10:29:00,720,720,720,720,0
2022-09-19 10:30:00,720,720,720,720,0
2022-09-19 10:31:00,725,725,725,725,3800
2022-09-19 10:32:00,725,725,725,725,0
2022-09-19 10:33:00,725,725,725,725,0
2022-09-19 10:34:00,725,725,725,725,0
2022-09-19 10:35:00,720,720,720,720,3900
2022-09-19 10:36:00,720,720,720,720,0
2022-09-19 10:37:00,720,720,720,720,0
2022-09-19 10:38:00,720,720,720,720,0
2022-09-19 10:39:00,720,720,720,720,0
2022-09-19 10:40:00,720,720,720,720,0
2022-09-19 10:41:00,720,720,720,720,0
2022-09-19 10:42:00,720,720,720,720,0
2022-09-19 10:43:00,720,720,720,720,0
2022-09-19 10:44:00,720,720,720,720,0
2022-09-19 10:45:00,720,720,720,720,0
2022-09-19 10:46:00,720,720,720,720,16600
2022-09-19 10:47:00,720,720,720,720,0
2022-09-19 10:48:00,720,720,720,720,0
2022-09-19 10:49:00,720,720,720,720,0
2022-09-19 10:50:00,720,720,720,720,0
2022-09-19 10:51:00,720,720,720,720,0
2022-09-19 10:52:00,720,720,720,720,0
2022-09-19 10:53:00,720,720,720,720,0
2022-09-19 10:54:00,720,720,720,720,0
2022-09-19 10:55:00,720,720,720,720,0
2022-09-19 10:56:00,720,720,720,720,0
2022-09-19 10:57:00,720,720,720,720,0
2022-09-19 10:58:00,720,720,720,720,0
2022-09-19 10:59:00,720,720,720,720,0
2022-09-19 11:00:00,720,720,720,720,0
2022-09-19 11:01:00,720,720,720,720,0
2022-09-19 11:02:00,720,720,720,720,0
2022-09-19 11:03:00,720,720,720,720,0
2022-09-19 11:04:00,720,720,720,720,0
2022-09-19 11:05:00,720,720,720,720,0
2022-09-19 11:06:00,720,720,720,720,0
2022-09-19 11:07:00,720,720,720,720,0
2022-09-19 11:08:00,720,720,720,720,0
2022-09-19 11:09:00,720,720,720,720,0
2022-09-19 11:10:00,720,720,720,720,0
2022-09-19 11:11:00,720,720,720,720,0
2022-09-19 11:12:00,720,720,720,720,0
2022-09-19 11:13:00,720,720,720,720,0
2022-09-19 11:14:00,720,720,720,720,0
2022-09-19 11:15:00,720,720,720,720,200
2022-09-19 11:16:00,720,720,720,720,0
2022-09-19 11:17:00,720,720,720,720,0
2022-09-19 11:18:00,720,720,720,720,0
2022-09-19 11:19:00,720,720,720,720,0
2022-09-19 11:20:00,720,720,720,720,0
2022-09-19 11:21:00,720,720,720,720,0
2022-09-19 11:22:00,720,720,720,720,0
2022-09-19 11:23:00,720,720,720,720,0
2022-09-19 11:24:00,720,720,720,720,1000
2022-09-19 11:25:00,720,720,720,720,0
2022-09-19 11:26:00,720,720,720,720,1800
2022-09-19 11:27:00,720,720,720,720,0
2022-09-19 11:28:00,720,720,720,720,0
2022-09-19 11:29:00,720,720,720,720,0
2022-09-19 11:30:00,720,720,720,720,0
2022-09-19 11:31:00,720,720,720,720,0
2022-09-19 11:32:00,720,720,720,720,0
2022-09-19 11:33:00,720,720,720,720,0
2022-09-19 11:34:00,720,720,720,720,0
2022-09-19 11:35:00,720,720,720,720,0
2022-09-19 11:36:00,720,720,720,720,0
2022-09-19 11:37:00,720,720,720,720,0
2022-09-19 11:38:00,720,720,720,720,0
2022-09-19 11:39:00,720,720,720,720,0
2022-09-19 11:40:00,720,720,720,720,0
2022-09-19 11:41:00,720,720,720,720,0
2022-09-19 11:42:00,720,720,720,720,0
2022-09-19 11:43:00,720,720,720,720,0
2022-09-19 11:44:00,720,720,720,720,0
2022-09-19 11:45:00,720,720,720,720,0
2022-09-19 11:46:00,720,720,720,720,0
2022-09-19 11:47:00,720,720,720,720,0
2022-09-19 11:48:00,720,720,720,720,0
2022-09-19 11:49:00,720,720,720,720,0
2022-09-19 11:50:00,720,720,720,720,0
2022-09-19 11:51:00,720,720,720,720,0
2022-09-19 11:52:00,720,720,720,720,0
2022-09-19 11:53:00,720,720,720,720,0
2022-09-19 11:54:00,720,720,720,720,0
2022-09-19 11:55:00,720,720,720,720,0
2022-09-19 11:56:00,720,720,720,720,0
2022-09-19 11:57:00,720,720,720,720,0
2022-09-19 11:58:00,720,720,720,720,0
2022-09-19 11:59:00,720,720,720,720,0
2022-09-19 12:00:00,720,720,720,720,0
2022-09-19 12:01:00,720,720,720,720,0
2022-09-19 12:02:00,720,720,720,720,0
2022-09-19 12:03:00,720,720,720,720,0
2022-09-19 12:04:00,720,720,720,720,0
2022-09-19 12:05:00,720,720,720,720,0
2022-09-19 12:06:00,720,720,720,720,0
2022-09-19 12:07:00,720,720,720,720,0
2022-09-19 12:08:00,720,720,720,720,0
2022-09-19 12:09:00,720,720,720,720,0
2022-09-19 12:10:00,720,720,720,720,0
2022-09-19 12:11:00,720,720,720,720,0
2022-09-19 12:12:00,720,720,720,720,0
2022-09-19 12:13:00,720,720,720,720,0
2022-09-19 12:14:00,720,720,720,720,0
2022-09-19 12:15:00,720,720,720,720,0
2022-09-19 12:16:00,720,720,720,720,0
2022-09-19 12:17:00,720,720,720,720,0
2022-09-19 12:18:00,720,720,720,720,0
2022-09-19 12:19:00,720,720,720,720,0
2022-09-19 12:20:00,720,720,720,720,0
2022-09-19 12:21:00,720,720,720,720,0
2022-09-19 12:22:00,720,720,720,720,0
2022-09-19 12:23:00,720,720,720,720,0
2022-09-19 12:24:00,720,720,720,720,0
2022-09-19 12:25:00,720,720,720,720,0
2022-09-19 12:26:00,720,720,720,720,0
2022-09-19 12:27:00,720,720,720,720,0
2022-09-19 12:28:00,720,720,720,720,0
2022-09-19 12:29:00,720,720,720,720,0
2022-09-19 12:30:00,720,720,720,720,0
2022-09-19 12:31:00,720,720,720,720,0
2022-09-19 12:32:00,720,720,720,720,0
2022-09-19 12:33:00,720,720,720,720,0
2022-09-19 12:34:00,720,720,720,720,0
2022-09-19 12:35:00,720,720,720,720,0
2022-09-19 12:36:00,720,720,720,720,0
2022-09-19 12:37:00,720,720,720,720,0
2022-09-19 12:38:00,720,720,720,720,0
2022-09-19 12:39:00,720,720,720,720,0
2022-09-19 12:40:00,720,720,720,720,0
2022-09-19 12:41:00,720,720,720,720,0
2022-09-19 12:42:00,720,720,720,720,0
2022-09-19 12:43:00,720,720,720,720,0
2022-09-19 12:44:00,720,720,720,720,0
2022-09-19 12:45:00,720,720,720,720,0
2022-09-19 12:46:00,720,720,720,720,0
2022-09-19 12:47:00,720,720,720,720,0
2022-09-19 12:48:00,720,720,720,720,0
2022-09-19 12:49:00,720,720,720,720,0
2022-09-19 12:50:00,720,720,720,720,0
2022-09-19 12:51:00,720,720,720,720,0
2022-09-19 12:52:00,720,720,720,720,0
2022-09-19 12:53:00,720,720,720,720,0
2022-09-19 12:54:00,720,720,720,720,0
2022-09-19 12:55:00,720,720,720,720,0
2022-09-19 12:56:00,720,720,720,720,0
2022-09-19 12:57:00,720,720,720,720,0
2022-09-19 12:58:00,720,720,720,720,0
2022-09-19 12:59:00,720,720,720,720,0
2022-09-19 13:00:00,720,720,720,720,0
2022-09-19 13:01:00,720,720,720,720,0
2022-09-19 13:02:00,720,720,720,720,0
2022-09-19 13:03:00,720,720,720,720,0
2022-09-19 13:04:00,720,720,720,720,0
2022-09-19 13:05:00,720,720,720,720,0
2022-09-19 13:06:00,720,720,720,720,0
2022-09-19 13:07:00,720,720,720,720,0
2022-09-19 13:08:00,720,720,720,720,0
2022-09-19 13:09:00,720,720,720,720,0
2022-09-19 13:10:00,720,720,720,720,0
2022-09-19 13:11:00,720,720,720,720,0
2022-09-19 13:12:00,720,720,720,720,0
2022-09-19 13:13:00,720,720,720,720,0
2022-09-19 13:14:00,720,720,720,720,0
2022-09-19 13:15:00,720,720,720,720,0
2022-09-19 13:16:00,720,720,720,720,0
2022-09-19 13:17:00,720,720,720,720,0
2022-09-19 13:18:00,720,720,720,720,0
2022-09-19 13:19:00,720,720,720,720,0
2022-09-19 13:20:00,720,720,720,720,0
2022-09-19 13:21:00,720,720,720,720,0
2022-09-19 13:22:00,720,720,720,720,0
2022-09-19 13:23:00,720,720,720,720,0
2022-09-19 13:24:00,720,720,720,720,0
2022-09-19 13:25:00,720,720,720,720,0
2022-09-19 13:26:00,720,720,720,720,0
2022-09-19 13:27:00,720,720,720,720,0
2022-09-19 13:28:00,720,720,720,720,0
2022-09-19 13:29:00,720,720,720,720,0
2022-09-19 13:30:00,725,720,725,720,1700
2022-09-19 13:31:00,725,720,725,720,0
2022-09-19 13:32:00,725,720,725,720,0
2022-09-19 13:33:00,725,720,725,720,0
2022-09-19 13:34:00,720,720,720,720,0
2022-09-19 13:35:00,720,720,720,720,0
2022-09-19 13:36:00,720,720,720,720,0
2022-09-19 13:37:00,720,720,720,720,0
2022-09-19 13:38:00,720,720,720,720,0
2022-09-19 13:39:00,720,720,720,720,0
2022-09-19 13:40:00,720,720,720,720,200
2022-09-19 13:41:00,720,720,720,720,0
2022-09-19 13:42:00,720,720,720,720,0
2022-09-19 13:43:00,720,720,720,720,0
2022-09-19 13:44:00,720,720,720,720,0
2022-09-19 13:45:00,720,720,720,720,0
2022-09-19 13:46:00,720,720,720,720,0
2022-09-19 13:47:00,720,720,720,720,0
2022-09-19 13:48:00,720,720,720,720,1600
2022-09-19 13:49:00,725,725,725,725,0
2022-09-19 13:50:00,725,725,725,725,0
2022-09-19 13:51:00,725,725,725,725,0
2022-09-19 13:52:00,725,725,725,725,0
2022-09-19 13:53:00,725,725,725,725,0
2022-09-19 13:54:00,725,725,725,725,6000
2022-09-19 13:55:00,725,725,725,725,0
2022-09-19 13:56:00,720,720,720,720,200
2022-09-19 13:57:00,720,720,720,720,0
2022-09-19 13:58:00,720,720,720,720,0
2022-09-19 13:59:00,720,720,720,720,0
2022-09-19 14:00:00,720,720,720,720,0
2022-09-19 14:01:00,720,720,720,720,0
2022-09-19 14:02:00,720,720,720,720,0
2022-09-19 14:03:00,720,720,720,720,0
2022-09-19 14:04:00,725,725,725,725,300
2022-09-19 14:05:00,725,725,725,725,0
2022-09-19 14:06:00,725,725,725,725,0
2022-09-19 14:07:00,725,725,725,725,0
2022-09-19 14:08:00,725,725,725,725,0
2022-09-19 14:09:00,725,725,725,725,0
2022-09-19 14:10:00,725,725,725,725,0
2022-09-19 14:11:00,725,725,725,725,0
2022-09-19 14:12:00,725,725,725,725,0
2022-09-19 14:13:00,725,725,725,725,0
2022-09-19 14:14:00,725,725,725,725,0
2022-09-19 14:15:00,725,725,725,725,0
2022-09-19 14:16:00,725,725,725,725,0
2022-09-19 14:17:00,725,725,725,725,0
2022-09-19 14:18:00,725,725,725,725,0
2022-09-19 14:19:00,725,725,725,725,0
2022-09-19 14:20:00,720,720,720,720,200
2022-09-19 14:21:00,720,720,720,720,0
2022-09-19 14:22:00,720,720,720,720,0
2022-09-19 14:23:00,720,720,720,720,0
2022-09-19 14:24:00,720,720,720,720,1700
2022-09-19 14:25:00,720,720,720,720,0
2022-09-19 14:26:00,720,720,720,720,3200
2022-09-19 14:27:00,720,720,720,720,0
2022-09-19 14:28:00,720,720,720,720,0
2022-09-19 14:29:00,720,720,720,720,0
2022-09-19 14:30:00,720,720,720,720,0
2022-09-19 14:31:00,720,720,720,720,0
2022-09-19 14:32:00,720,720,720,720,0
2022-09-19 14:33:00,720,720,720,720,800
2022-09-19 14:34:00,720,720,720,720,0
2022-09-19 14:35:00,720,720,720,720,0
2022-09-19 14:36:00,720,720,720,720,0
2022-09-19 14:37:00,720,720,720,720,0
2022-09-19 14:38:00,720,720,720,720,0
2022-09-19 14:39:00,720,720,720,720,100
2022-09-19 14:40:00,720,720,720,720,0
2022-09-19 14:41:00,720,720,720,720,0
2022-09-19 14:42:00,725,725,725,725,200
2022-09-19 14:43:00,725,725,725,725,0
2022-09-19 14:44:00,725,725,725,725,0
2022-09-19 14:45:00,725,725,725,725,0
2022-09-19 14:46:00,725,725,725,725,0
2022-09-19 14:47:00,725,725,725,725,0
2022-09-19 14:48:00,725,725,725,725,0
2022-09-19 14:49:00,725,725,725,725,0
2022-09-19 14:50:00,725,725,725,725,0
2022-09-19 14:51:00,725,725,725,725,0
2022-09-19 14:52:00,725,725,725,725,0
2022-09-19 14:53:00,725,725,725,725,0
2022-09-19 14:54:00,725,725,725,725,0
2022-09-19 14:55:00,725,725,725,725,0
2022-09-19 14:56:00,725,725,725,725,0
2022-09-19 14:57:00,725,725,725,725,0
2022-09-19 14:58:00,725,725,725,725,0
2022-09-19 14:59:00,725,725,725,725,0
2022-09-19 15:00:00,730,730,730,730,61200
2022-09-19 15:01:00,730,730,730,730,0
2022-09-19 15:02:00,730,730,730,730,0
2022-09-19 15:03:00,730,730,730,730,0
2022-09-19 15:04:00,730,730,730,730,0
2022-09-19 15:05:00,730,730,730,730,0
2022-09-19 15:06:00,730,730,730,730,0
2022-09-19 15:07:00,730,730,730,730,0
2022-09-19 15:08:00,730,730,730,730,0
2022-09-19 15:09:00,730,730,730,730,0
2022-09-19 15:10:00,730,730,730,730,0
2022-09-19 15:11:00,730,730,730,730,0
2022-09-19 15:12:00,730,730,730,730,166100
2022-09-19 15:13:00,730,730,730,730,0
2022-09-19 15:14:00,730,730,730,730,0
2022-09-19 15:15:00,730,730,730,730,0
2022-09-19 15:16:00,730,730,730,730,0
2022-09-19 15:17:00,730,730,730,730,0
2022-09-19 15:18:00,730,730,730,730,0
2022-09-19 15:19:00,730,730,730,730,0
2022-09-19 15:20:00,730,730,730,730,0
2022-09-19 15:21:00,730,730,730,730,0
2022-09-19 15:22:00,730,730,730,730,0
2022-09-19 15:23:00,730,730,730,730,0
2022-09-19 15:24:00,730,730,730,730,0
2022-09-19 15:25:00,730,730,730,730,0
2022-09-19 15:26:00,730,730,730,730,0
2022-09-19 15:27:00,730,730,730,730,0
2022-09-19 15:28:00,730,730,730,730,0
2022-09-19 15:29:00,730,730,730,730,0
2022-09-19 15:30:00,730,730,730,730,0
2022-09-19 15:31:00,730,730,730,730,0
2022-09-19 15:32:00,730,730,730,730,0
2022-09-19 15:33:00,730,730,730,730,0
2022-09-19 15:34:00,730,730,730,730,0
2022-09-19 15:35:00,730,730,730,730,0
2022-09-19 15:36:00,730,730,730,730,0
2022-09-19 15:37:00,730,730,730,730,0
2022-09-19 15:38:00,730,730,730,730,0
2022-09-19 15:39:00,730,730,730,730,0
2022-09-19 15:40:00,730,730,730,730,0
2022-09-19 15:41:00,730,730,730,730,0
2022-09-19 15:42:00,730,730,730,730,0
2022-09-19 15:43:00,730,730,730,730,0
2022-09-19 15:44:00,730,730,730,730,0
2022-09-19 15:45:00,730,730,730,730,0
2022-09-19 15:46:00,730,730,730,730,0
2022-09-19 15:47:00,730,730,730,730,0
2022-09-19 15:48:00,730,730,730,730,0
2022-09-19 15:49:00,730,730,730,730,0
2022-09-19 15:50:00,730,730,730,730,0
2022-09-19 15:51:00,730,730,730,730,0
2022-09-19 15:52:00,730,730,730,730,0
2022-09-19 15:53:00,730,730,730,730,0
2022-09-19 15:54:00,730,730,730,730,0
2022-09-19 15:55:00,730,730,730,730,0
2022-09-19 15:56:00,730,730,730,730,0
2022-09-19 15:57:00,730,730,730,730,0
2022-09-19 15:58:00,730,730,730,730,0
2022-09-19 15:59:00,730,730,730,730,0
2022-09-20 09:00:00,730,730,735,735,0
2022-09-20 09:01:00,730,730,735,735,0
2022-09-20 09:02:00,730,730,735,735,0
2022-09-20 09:03:00,730,730,735,735,0
2022-09-20 09:04:00,730,730,730,730,100
2022-09-20 09:05:00,730,730,730,730,0
2022-09-20 09:06:00,730,730,730,730,0
2022-09-20 09:07:00,730,730,730,730,0
2022-09-20 09:08:00,730,730,730,730,0
2022-09-20 09:09:00,735,735,735,735,1400
2022-09-20 09:10:00,740,735,740,735,300
2022-09-20 09:11:00,740,735,740,735,0
2022-09-20 09:12:00,740,735,740,735,0
2022-09-20 09:13:00,735,730,735,730,2300
2022-09-20 09:14:00,735,730,735,730,0
2022-09-20 09:15:00,735,730,735,730,0
2022-09-20 09:16:00,735,730,735,730,0
2022-09-20 09:17:00,735,730,735,730,0
2022-09-20 09:18:00,735,730,735,730,0
2022-09-20 09:19:00,735,730,735,730,0
2022-09-20 09:20:00,735,730,735,730,0
2022-09-20 09:21:00,735,730,735,730,0
2022-09-20 09:22:00,735,730,735,730,0
2022-09-20 09:23:00,735,730,735,730,0
2022-09-20 09:24:00,735,730,735,730,0
2022-09-20 09:25:00,735,730,735,730,0
2022-09-20 09:26:00,735,730,735,730,0
2022-09-20 09:27:00,735,730,735,730,0
2022-09-20 09:28:00,735,730,735,730,0
2022-09-20 09:29:00,735,730,735,730,0
2022-09-20 09:30:00,735,730,735,730,0
2022-09-20 09:31:00,730,730,730,730,0
2022-09-20 09:32:00,730,730,730,730,0
2022-09-20 09:33:00,730,730,730,730,0
2022-09-20 09:34:00,730,730,730,730,0
2022-09-20 09:35:00,730,730,730,730,0
2022-09-20 09:36:00,730,730,730,730,0
2022-09-20 09:37:00,730,730,730,730,0
2022-09-20 09:38:00,730,730,730,730,0
2022-09-20 09:39:00,730,730,730,730,0
2022-09-20 09:40:00,730,730,730,730,0
2022-09-20 09:41:00,730,730,730,730,0
2022-09-20 09:42:00,730,730,730,730,0
2022-09-20 09:43:00,730,730,730,730,0
2022-09-20 09:44:00,730,730,730,730,0
2022-09-20 09:45:00,730,730,730,730,0
2022-09-20 09:46:00,730,730,730,730,0
2022-09-20 09:47:00,735,735,735,735,1400
2022-09-20 09:48:00,735,735,735,735,0
2022-09-20 09:49:00,735,735,735,735,0
2022-09-20 09:50:00,735,735,735,735,0
2022-09-20 09:51:00,735,735,735,735,0
2022-09-20 09:52:00,735,735,735,735,0
2022-09-20 09:53:00,735,735,735,735,0
2022-09-20 09:54:00,735,735,735,735,700
2022-09-20 09:55:00,735,735,735,735,0
2022-09-20 09:56:00,730,730,730,730,500
2022-09-20 09:57:00,730,730,730,730,0
2022-09-20 09:58:00,730,730,730,730,0
2022-09-20 09:59:00,730,730,730,730,0
2022-09-20 10:00:00,730,730,730,730,0
2022-09-20 10:01:00,730,730,730,730,0
2022-09-20 10:02:00,735,735,735,735,400
2022-09-20 10:03:00,735,735,735,735,0
2022-09-20 10:04:00,735,735,735,735,0
2022-09-20 10:05:00,735,735,735,735,1000
2022-09-20 10:06:00,735,735,735,735,0
2022-09-20 10:07:00,735,735,735,735,0
2022-09-20 10:08:00,735,735,735,735,0
2022-09-20 10:09:00,730,730,730,730,0
2022-09-20 10:10:00,735,735,735,735,1000
2022-09-20 10:11:00,730,730,730,730,200
2022-09-20 10:12:00,730,730,730,730,25900
2022-09-20 10:13:00,730,730,730,730,0
2022-09-20 10:14:00,730,730,730,730,0
2022-09-20 10:15:00,730,730,730,730,800
2022-09-20 10:16:00,730,730,730,730,0
2022-09-20 10:17:00,730,730,730,730,0
2022-09-20 10:18:00,730,730,730,730,0
2022-09-20 10:19:00,730,730,730,730,0
2022-09-20 10:20:00,730,730,730,730,0
2022-09-20 10:21:00,730,730,730,730,0
2022-09-20 10:22:00,730,730,730,730,0
2022-09-20 10:23:00,730,730,730,730,0
2022-09-20 10:24:00,730,730,730,730,0
2022-09-20 10:25:00,730,730,730,730,0
2022-09-20 10:26:00,730,730,730,730,0
2022-09-20 10:27:00,730,730,730,730,0
2022-09-20 10:28:00,730,730,730,730,0
2022-09-20 10:29:00,730,730,730,730,0
2022-09-20 10:30:00,730,730,730,730,200
2022-09-20 10:31:00,730,730,730,730,0
2022-09-20 10:32:00,730,730,730,730,0
2022-09-20 10:33:00,730,730,730,730,0
2022-09-20 10:34:00,730,730,730,730,0
2022-09-20 10:35:00,730,730,730,730,0
2022-09-20 10:36:00,730,730,730,730,0
2022-09-20 10:37:00,730,730,730,730,0
2022-09-20 10:38:00,730,730,730,730,2900
2022-09-20 10:39:00,730,730,730,730,0
2022-09-20 10:40:00,730,730,730,730,2000
2022-09-20 10:41:00,730,730,730,730,0
2022-09-20 10:42:00,730,730,730,730,0
2022-09-20 10:43:00,730,730,730,730,0
2022-09-20 10:44:00,730,730,730,730,0
2022-09-20 10:45:00,730,730,730,730,0
2022-09-20 10:46:00,725,725,725,725,5800
2022-09-20 10:47:00,725,725,725,725,0
2022-09-20 10:48:00,725,725,725,725,0
2022-09-20 10:49:00,725,725,725,725,0
2022-09-20 10:50:00,725,725,725,725,0
2022-09-20 10:51:00,725,725,725,725,0
2022-09-20 10:52:00,725,725,725,725,0
2022-09-20 10:53:00,725,725,725,725,0
2022-09-20 10:54:00,725,725,725,725,0
2022-09-20 10:55:00,730,730,730,730,100
2022-09-20 10:56:00,730,730,730,730,0
2022-09-20 10:57:00,730,730,730,730,0
2022-09-20 10:58:00,730,730,730,730,0
2022-09-20 10:59:00,730,730,730,730,0
2022-09-20 11:00:00,730,730,730,730,0
2022-09-20 11:01:00,730,730,730,730,0
2022-09-20 11:02:00,730,730,730,730,0
2022-09-20 11:03:00,730,730,730,730,0
2022-09-20 11:04:00,730,730,730,730,0
2022-09-20 11:05:00,730,730,730,730,0
2022-09-20 11:06:00,730,730,730,730,0
2022-09-20 11:07:00,730,730,730,730,0
2022-09-20 11:08:00,730,730,730,730,0
2022-09-20 11:09:00,730,730,730,730,0
2022-09-20 11:10:00,730,730,730,730,0
2022-09-20 11:11:00,730,730,730,730,0
2022-09-20 11:12:00,730,730,730,730,200
2022-09-20 11:13:00,730,730,730,730,0
2022-09-20 11:14:00,730,730,730,730,0
2022-09-20 11:15:00,730,730,730,730,0
2022-09-20 11:16:00,730,730,730,730,0
2022-09-20 11:17:00,730,730,730,730,0
2022-09-20 11:18:00,730,730,730,730,0
2022-09-20 11:19:00,730,730,730,730,0
2022-09-20 11:20:00,730,730,730,730,0
2022-09-20 11:21:00,730,730,730,730,0
2022-09-20 11:22:00,730,730,730,730,0
2022-09-20 11:23:00,730,730,730,730,0
2022-09-20 11:24:00,730,730,730,730,0
2022-09-20 11:25:00,730,730,730,730,0
2022-09-20 11:26:00,725,725,725,725,1300
2022-09-20 11:27:00,725,725,725,725,0
2022-09-20 11:28:00,725,725,725,725,0
2022-09-20 11:29:00,725,725,725,725,0
2022-09-20 11:30:00,725,725,725,725,0
2022-09-20 11:31:00,725,725,725,725,0
2022-09-20 11:32:00,725,725,725,725,0
2022-09-20 11:33:00,725,725,725,725,0
2022-09-20 11:34:00,725,725,725,725,0
2022-09-20 11:35:00,725,725,725,725,0
2022-09-20 11:36:00,725,725,725,725,0
2022-09-20 11:37:00,725,725,725,725,0
2022-09-20 11:38:00,725,725,725,725,0
2022-09-20 11:39:00,725,725,725,725,0
2022-09-20 11:40:00,725,725,725,725,0
2022-09-20 11:41:00,725,725,725,725,0
2022-09-20 11:42:00,725,725,725,725,0
2022-09-20 11:43:00,725,725,725,725,0
2022-09-20 11:44:00,725,725,725,725,0
2022-09-20 11:45:00,725,725,725,725,0
2022-09-20 11:46:00,725,725,725,725,0
2022-09-20 11:47:00,725,725,725,725,0
2022-09-20 11:48:00,725,725,725,725,0
2022-09-20 11:49:00,725,725,725,725,0
2022-09-20 11:50:00,725,725,725,725,0
2022-09-20 11:51:00,725,725,725,725,0
2022-09-20 11:52:00,725,725,725,725,0
2022-09-20 11:53:00,725,725,725,725,0
2022-09-20 11:54:00,725,725,725,725,0
2022-09-20 11:55:00,725,725,725,725,0
2022-09-20 11:56:00,725,725,725,725,0
2022-09-20 11:57:00,725,725,725,725,0
2022-09-20 11:58:00,725,725,725,725,0
2022-09-20 11:59:00,725,725,725,725,0
2022-09-20 12:00:00,725,725,725,725,0
2022-09-20 12:01:00,725,725,725,725,0
2022-09-20 12:02:00,725,725,725,725,0
2022-09-20 12:03:00,725,725,725,725,0
2022-09-20 12:04:00,725,725,725,725,0
2022-09-20 12:05:00,725,725,725,725,0
2022-09-20 12:06:00,725,725,725,725,0
2022-09-20 12:07:00,725,725,725,725,0
2022-09-20 12:08:00,725,725,725,725,0
2022-09-20 12:09:00,725,725,725,725,0
2022-09-20 12:10:00,725,725,725,725,0
2022-09-20 12:11:00,725,725,725,725,0
2022-09-20 12:12:00,725,725,725,725,0
2022-09-20 12:13:00,725,725,725,725,0
2022-09-20 12:14:00,725,725,725,725,0
2022-09-20 12:15:00,725,725,725,725,0
2022-09-20 12:16:00,725,725,725,725,0
2022-09-20 12:17:00,725,725,725,725,0
2022-09-20 12:18:00,725,725,725,725,0
2022-09-20 12:19:00,725,725,725,725,0
2022-09-20 12:20:00,725,725,725,725,0
2022-09-20 12:21:00,725,725,725,725,0
2022-09-20 12:22:00,725,725,725,725,0
2022-09-20 12:23:00,725,725,725,725,0
2022-09-20 12:24:00,725,725,725,725,0
2022-09-20 12:25:00,725,725,725,725,0
2022-09-20 12:26:00,725,725,725,725,0
2022-09-20 12:27:00,725,725,725,725,0
2022-09-20 12:28:00,725,725,725,725,0
2022-09-20 12:29:00,725,725,725,725,0
2022-09-20 12:30:00,725,725,725,725,0
2022-09-20 12:31:00,725,725,725,725,0
2022-09-20 12:32:00,725,725,725,725,0
2022-09-20 12:33:00,725,725,725,725,0
2022-09-20 12:34:00,725,725,725,725,0
2022-09-20 12:35:00,725,725,725,725,0
2022-09-20 12:36:00,725,725,725,725,0
2022-09-20 12:37:00,725,725,725,725,0
2022-09-20 12:38:00,725,725,725,725,0
2022-09-20 12:39:00,725,725,725,725,0
2022-09-20 12:40:00,725,725,725,725,0
2022-09-20 12:41:00,725,725,725,725,0
2022-09-20 12:42:00,725,725,725,725,0
2022-09-20 12:43:00,725,725,725,725,0
2022-09-20 12:44:00,725,725,725,725,0
2022-09-20 12:45:00,725,725,725,725,0
2022-09-20 12:46:00,725,725,725,725,0
2022-09-20 12:47:00,725,725,725,725,0
2022-09-20 12:48:00,725,725,725,725,0
2022-09-20 12:49:00,725,725,725,725,0
2022-09-20 12:50:00,725,725,725,725,0
2022-09-20 12:51:00,725,725,725,725,0
2022-09-20 12:52:00,725,725,725,725,0
2022-09-20 12:53:00,725,725,725,725,0
2022-09-20 12:54:00,725,725,725,725,0
2022-09-20 12:55:00,725,725,725,725,0
2022-09-20 12:56:00,725,725,725,725,0
2022-09-20 12:57:00,725,725,725,725,0
2022-09-20 12:58:00,725,725,725,725,0
2022-09-20 12:59:00,725,725,725,725,0
2022-09-20 13:00:00,725,725,725,725,0
2022-09-20 13:01:00,725,725,725,725,0
2022-09-20 13:02:00,725,725,725,725,0
2022-09-20 13:03:00,725,725,725,725,0
2022-09-20 13:04:00,725,725,725,725,0
2022-09-20 13:05:00,725,725,725,725,0
2022-09-20 13:06:00,725,725,725,725,0
2022-09-20 13:07:00,725,725,725,725,0
2022-09-20 13:08:00,725,725,725,725,0
2022-09-20 13:09:00,725,725,725,725,0
2022-09-20 13:10:00,725,725,725,725,0
2022-09-20 13:11:00,725,725,725,725,0
2022-09-20 13:12:00,725,725,725,725,0
2022-09-20 13:13:00,725,725,725,725,0
2022-09-20 13:14:00,725,725,725,725,0
2022-09-20 13:15:00,725,725,725,725,0
2022-09-20 13:16:00,725,725,725,725,0
2022-09-20 13:17:00,725,725,725,725,0
2022-09-20 13:18:00,725,725,725,725,0
2022-09-20 13:19:00,725,725,725,725,0
2022-09-20 13:20:00,725,725,725,725,0
2022-09-20 13:21:00,725,725,725,725,0
2022-09-20 13:22:00,725,725,725,725,0
2022-09-20 13:23:00,725,725,725,725,0
2022-09-20 13:24:00,725,725,725,725,0
2022-09-20 13:25:00,725,725,725,725,0
2022-09-20 13:26:00,725,725,725,725,0
2022-09-20 13:27:00,725,725,725,725,0
2022-09-20 13:28:00,725,725,725,725,0
2022-09-20 13:29:00,725,725,725,725,0
2022-09-20 13:30:00,725,725,725,725,1800
2022-09-20 13:31:00,725,725,725,725,0
2022-09-20 13:32:00,725,725,725,725,0
2022-09-20 13:33:00,725,725,725,725,0
2022-09-20 13:34:00,725,725,725,725,0
2022-09-20 13:35:00,725,725,725,725,0
2022-09-20 13:36:00,725,725,725,725,0
2022-09-20 13:37:00,725,725,725,725,0
2022-09-20 13:38:00,725,725,725,725,0
2022-09-20 13:39:00,725,725,725,725,0
2022-09-20 13:40:00,725,725,725,725,0
2022-09-20 13:41:00,725,725,725,725,0
2022-09-20 13:42:00,725,725,725,725,2000
2022-09-20 13:43:00,725,725,725,725,0
2022-09-20 13:44:00,725,725,725,725,0
2022-09-20 13:45:00,725,725,725,725,0
2022-09-20 13:46:00,725,725,725,725,0
2022-09-20 13:47:00,725,725,725,725,0
2022-09-20 13:48:00,725,725,725,725,0
2022-09-20 13:49:00,725,725,725,725,0
2022-09-20 13:50:00,725,725,725,725,0
2022-09-20 13:51:00,725,725,725,725,0
2022-09-20 13:52:00,725,725,725,725,0
2022-09-20 13:53:00,725,725,725,725,0
2022-09-20 13:54:00,725,725,725,725,0
2022-09-20 13:55:00,725,725,725,725,0
2022-09-20 13:56:00,725,725,725,725,0
2022-09-20 13:57:00,725,725,725,725,0
2022-09-20 13:58:00,725,725,725,725,0
2022-09-20 13:59:00,725,725,725,725,0
2022-09-20 14:00:00,725,725,725,725,0
2022-09-20 14:01:00,725,725,725,725,0
2022-09-20 14:02:00,725,725,725,725,0
2022-09-20 14:03:00,725,725,725,725,0
2022-09-20 14:04:00,720,720,720,720,1600
2022-09-20 14:05:00,720,720,720,720,9700
2022-09-20 14:06:00,720,720,720,720,0
2022-09-20 14:07:00,720,720,720,720,0
2022-09-20 14:08:00,720,720,720,720,0
2022-09-20 14:09:00,720,720,720,720,0
2022-09-20 14:10:00,715,715,715,715,5500
2022-09-20 14:11:00,715,715,715,715,0
2022-09-20 14:12:00,715,715,715,715,2100
2022-09-20 14:13:00,715,715,715,715,0
2022-09-20 14:14:00,715,715,715,715,2700
2022-09-20 14:15:00,715,715,715,715,0
2022-09-20 14:16:00,715,715,715,715,0
2022-09-20 14:17:00,715,715,715,715,3100
2022-09-20 14:18:00,715,715,715,715,600
2022-09-20 14:19:00,715,715,715,715,0
2022-09-20 14:20:00,715,715,715,715,0
2022-09-20 14:21:00,715,715,715,715,0
2022-09-20 14:22:00,715,715,715,715,0
2022-09-20 14:23:00,715,715,715,715,0
2022-09-20 14:24:00,710,710,710,710,900
2022-09-20 14:25:00,710,710,710,710,1400
2022-09-20 14:26:00,710,710,710,710,0
2022-09-20 14:27:00,710,710,710,710,0
2022-09-20 14:28:00,710,710,710,710,0
2022-09-20 14:29:00,710,710,710,710,0
2022-09-20 14:30:00,710,710,710,710,0
2022-09-20 14:31:00,710,710,710,710,0
2022-09-20 14:32:00,710,710,710,710,0
2022-09-20 14:33:00,710,710,710,710,0
2022-09-20 14:34:00,710,710,710,710,0
2022-09-20 14:35:00,710,710,710,710,0
2022-09-20 14:36:00,710,710,710,710,0
2022-09-20 14:37:00,710,710,710,710,0
2022-09-20 14:38:00,710,710,710,710,0
2022-09-20 14:39:00,710,710,710,710,0
2022-09-20 14:40:00,715,715,715,715,200
2022-09-20 14:41:00,710,710,710,710,100
2022-09-20 14:42:00,710,710,710,710,0
2022-09-20 14:43:00,710,710,710,710,14100
2022-09-20 14:44:00,710,710,710,710,0
2022-09-20 14:45:00,720,720,725,725,1100
2022-09-20 14:46:00,720,720,725,725,0
2022-09-20 14:47:00,720,720,725,725,0
2022-09-20 14:48:00,715,710,715,710,500
2022-09-20 14:49:00,725,725,725,725,0
2022-09-20 14:50:00,725,725,725,725,0
2022-09-20 14:51:00,725,725,725,725,0
2022-09-20 14:52:00,725,725,725,725,0
2022-09-20 14:53:00,725,725,725,725,0
2022-09-20 14:54:00,725,725,725,725,0
2022-09-20 14:55:00,725,725,725,725,0
2022-09-20 14:56:00,725,725,725,725,0
2022-09-20 14:57:00,725,725,725,725,0
2022-09-20 14:58:00,725,725,725,725,0
2022-09-20 14:59:00,725,725,725,725,0
2022-09-20 15:00:00,725,725,725,725,2400
2022-09-20 15:01:00,725,725,725,725,0
2022-09-20 15:02:00,725,725,725,725,0
2022-09-20 15:03:00,725,725,725,725,0
2022-09-20 15:04:00,725,725,725,725,0
2022-09-20 15:05:00,725,725,725,725,0
2022-09-20 15:06:00,725,725,725,725,0
2022-09-20 15:07:00,725,725,725,725,0
2022-09-20 15:08:00,725,725,725,725,0
2022-09-20 15:09:00,725,725,725,725,0
2022-09-20 15:10:00,725,725,725,725,0
2022-09-20 15:11:00,725,725,725,725,0
2022-09-20 15:12:00,725,725,725,725,0
2022-09-20 15:13:00,725,725,725,725,0
2022-09-20 15:14:00,725,725,725,725,0
2022-09-20 15:15:00,725,725,725,725,0
2022-09-20 15:16:00,725,725,725,725,0
2022-09-20 15:17:00,725,725,725,725,0
2022-09-20 15:18:00,725,725,725,725,0
2022-09-20 15:19:00,725,725,725,725,0
2022-09-20 15:20:00,725,725,725,725,0
2022-09-20 15:21:00,725,725,725,725,0
2022-09-20 15:22:00,725,725,725,725,0
2022-09-20 15:23:00,725,725,725,725,0
2022-09-20 15:24:00,725,725,725,725,0
2022-09-20 15:25:00,725,725,725,725,0
2022-09-20 15:26:00,725,725,725,725,0
2022-09-20 15:27:00,725,725,725,725,0
2022-09-20 15:28:00,725,725,725,725,0
2022-09-20 15:29:00,725,725,725,725,0
2022-09-20 15:30:00,725,725,725,725,0
2022-09-20 15:31:00,725,725,725,725,0
2022-09-20 15:32:00,725,725,725,725,0
2022-09-20 15:33:00,725,725,725,725,0
2022-09-20 15:34:00,725,725,725,725,0
2022-09-20 15:35:00,725,725,725,725,0
2022-09-20 15:36:00,725,725,725,725,0
2022-09-20 15:37:00,725,725,725,725,0
2022-09-20 15:38:00,725,725,725,725,0
2022-09-20 15:39:00,725,725,725,725,0
2022-09-20 15:40:00,725,725,725,725,0
2022-09-20 15:41:00,725,725,725,725,0
2022-09-20 15:42:00,725,725,725,725,0
2022-09-20 15:43:00,725,725,725,725,0
2022-09-20 15:44:00,725,725,725,725,0
2022-09-20 15:45:00,725,725,725,725,0
2022-09-20 15:46:00,725,725,725,725,0
2022-09-20 15:47:00,725,725,725,725,0
2022-09-20 15:48:00,725,725,725,725,0
2022-09-20 15:49:00,725,725,725,725,0
2022-09-20 15:50:00,725,725,725,725,0
2022-09-20 15:51:00,725,725,725,725,0
2022-09-20 15:52:00,725,725,725,725,0
2022-09-20 15:53:00,725,725,725,725,0
2022-09-20 15:54:00,725,725,725,725,0
2022-09-20 15:55:00,725,725,725,725,0
2022-09-20 15:56:00,725,725,725,725,0
2022-09-20 15:57:00,725,725,725,725,0
2022-09-20 15:58:00,725,725,725,725,0
2022-09-20 15:59:00,725,725,725,725,0
2022-09-21 09:00:00,725,725,730,730,7400
2022-09-21 09:01:00,725,725,730,730,0
2022-09-21 09:02:00,730,730,730,730,55900
2022-09-21 09:03:00,730,730,730,730,0
2022-09-21 09:04:00,730,730,730,730,0
2022-09-21 09:05:00,730,730,730,730,0
2022-09-21 09:06:00,730,730,730,730,0
2022-09-21 09:07:00,730,730,730,730,1000
2022-09-21 09:08:00,730,730,730,730,1800
2022-09-21 09:09:00,730,730,730,730,0
2022-09-21 09:10:00,730,730,730,730,0
2022-09-21 09:11:00,730,730,730,730,0
2022-09-21 09:12:00,730,730,730,730,0
2022-09-21 09:13:00,730,730,730,730,0
2022-09-21 09:14:00,730,730,730,730,0
2022-09-21 09:15:00,730,730,730,730,1000
2022-09-21 09:16:00,730,730,730,730,0
2022-09-21 09:17:00,730,730,730,730,0
2022-09-21 09:18:00,730,730,730,730,0
2022-09-21 09:19:00,730,730,730,730,0
2022-09-21 09:20:00,730,730,730,730,0
2022-09-21 09:21:00,730,730,730,730,0
2022-09-21 09:22:00,730,730,730,730,0
2022-09-21 09:23:00,730,730,730,730,0
2022-09-21 09:24:00,725,725,725,725,900
2022-09-21 09:25:00,725,725,725,725,0
2022-09-21 09:26:00,725,725,725,725,0
2022-09-21 09:27:00,725,725,725,725,0
2022-09-21 09:28:00,725,725,725,725,0
2022-09-21 09:29:00,725,725,725,725,0
2022-09-21 09:30:00,725,725,725,725,0
2022-09-21 09:31:00,725,725,725,725,0
2022-09-21 09:32:00,725,725,725,725,0
2022-09-21 09:33:00,720,720,720,720,56500
2022-09-21 09:34:00,720,720,720,720,0
2022-09-21 09:35:00,720,720,720,720,0
2022-09-21 09:36:00,720,720,720,720,0
2022-09-21 09:37:00,720,720,720,720,0
2022-09-21 09:38:00,720,720,720,720,0
2022-09-21 09:39:00,715,715,715,715,0
2022-09-21 09:40:00,715,715,715,715,11600
2022-09-21 09:41:00,715,715,715,715,100
2022-09-21 09:42:00,710,710,715,715,1200
2022-09-21 09:43:00,710,710,715,715,0
2022-09-21 09:44:00,710,710,715,715,0
2022-09-21 09:45:00,710,710,710,710,900
2022-09-21 09:46:00,710,710,710,710,0
2022-09-21 09:47:00,710,710,710,710,0
2022-09-21 09:48:00,710,710,710,710,0
2022-09-21 09:49:00,710,710,710,710,0
2022-09-21 09:50:00,710,710,710,710,100
2022-09-21 09:51:00,710,710,710,710,0
2022-09-21 09:52:00,710,710,710,710,6500
2022-09-21 09:53:00,705,705,705,705,3000
2022-09-21 09:54:00,705,705,705,705,0
2022-09-21 09:55:00,705,705,705,705,0
2022-09-21 09:56:00,705,705,705,705,0
2022-09-21 09:57:00,710,710,710,710,200
2022-09-21 09:58:00,710,710,710,710,0
2022-09-21 09:59:00,710,710,710,710,0
2022-09-21 10:00:00,710,710,710,710,2900
2022-09-21 10:01:00,705,700,710,710,34300
2022-09-21 10:02:00,715,715,715,715,700
2022-09-21 10:03:00,715,715,715,715,0
2022-09-21 10:04:00,715,715,715,715,0
2022-09-21 10:05:00,715,715,715,715,0
2022-09-21 10:06:00,715,715,715,715,0
2022-09-21 10:07:00,715,715,715,715,0
2022-09-21 10:08:00,715,715,715,715,0
2022-09-21 10:09:00,715,715,715,715,0
2022-09-21 10:10:00,715,715,715,715,0
2022-09-21 10:11:00,715,715,715,715,0
2022-09-21 10:12:00,715,710,715,710,300
2022-09-21 10:13:00,715,710,715,710,0
2022-09-21 10:14:00,715,710,715,710,0
2022-09-21 10:15:00,715,710,715,710,0
2022-09-21 10:16:00,715,710,715,710,0
2022-09-21 10:17:00,715,710,715,710,0
2022-09-21 10:18:00,715,710,715,710,0
2022-09-21 10:19:00,715,710,715,710,0
2022-09-21 10:20:00,715,710,715,710,0
2022-09-21 10:21:00,715,710,715,710,0
2022-09-21 10:22:00,710,710,710,710,1800
2022-09-21 10:23:00,710,710,710,710,0
2022-09-21 10:24:00,715,715,715,715,1100
2022-09-21 10:25:00,715,715,715,715,0
2022-09-21 10:26:00,715,715,715,715,0
2022-09-21 10:27:00,715,715,715,715,0
2022-09-21 10:28:00,715,715,715,715,0
2022-09-21 10:29:00,715,715,715,715,0
2022-09-21 10:30:00,715,715,715,715,0
2022-09-21 10:31:00,715,715,715,715,0
2022-09-21 10:32:00,715,715,715,715,0
2022-09-21 10:33:00,715,715,715,715,0
2022-09-21 10:34:00,715,715,715,715,0
2022-09-21 10:35:00,715,715,715,715,0
2022-09-21 10:36:00,715,715,715,715,0
2022-09-21 10:37:00,715,715,715,715,0
2022-09-21 10:38:00,715,715,715,715,0
2022-09-21 10:39:00,715,715,715,715,0
2022-09-21 10:40:00,715,715,715,715,0
2022-09-21 10:41:00,715,715,715,715,0
2022-09-21 10:42:00,715,715,715,715,0
2022-09-21 10:43:00,715,715,715,715,0
2022-09-21 10:44:00,715,715,715,715,0
2022-09-21 10:45:00,715,715,715,715,0
2022-09-21 10:46:00,715,715,715,715,0
2022-09-21 10:47:00,715,715,715,715,0
2022-09-21 10:48:00,710,710,710,710,1300
2022-09-21 10:49:00,705,705,705,705,1500
2022-09-21 10:50:00,705,705,705,705,0
2022-09-21 10:51:00,705,705,705,705,0
2022-09-21 10:52:00,705,705,705,705,300
2022-09-21 10:53:00,705,705,705,705,0
2022-09-21 10:54:00,705,705,705,705,0
2022-09-21 10:55:00,705,705,705,705,0
2022-09-21 10:56:00,705,705,705,705,0
2022-09-21 10:57:00,705,705,705,705,0
2022-09-21 10:58:00,705,705,705,705,0
2022-09-21 10:59:00,705,705,705,705,0
2022-09-21 11:00:00,705,705,705,705,0
2022-09-21 11:01:00,705,705,705,705,0
2022-09-21 11:02:00,705,705,705,705,0
2022-09-21 11:03:00,705,705,705,705,0
2022-09-21 11:04:00,705,705,705,705,0
2022-09-21 11:05:00,705,705,705,705,0
2022-09-21 11:06:00,705,705,705,705,0
2022-09-21 11:07:00,705,705,705,705,0
2022-09-21 11:08:00,705,705,705,705,0
2022-09-21 11:09:00,705,705,705,705,0
2022-09-21 11:10:00,705,705,705,705,0
2022-09-21 11:11:00,705,705,705,705,0
2022-09-21 11:12:00,705,705,705,705,0
2022-09-21 11:13:00,705,705,705,705,0
2022-09-21 11:14:00,705,705,705,705,0
2022-09-21 11:15:00,705,705,705,705,0
2022-09-21 11:16:00,705,705,705,705,0
2022-09-21 11:17:00,715,715,715,715,200
2022-09-21 11:18:00,715,715,715,715,0
2022-09-21 11:19:00,715,715,715,715,0
2022-09-21 11:20:00,715,715,715,715,0
2022-09-21 11:21:00,715,715,715,715,0
2022-09-21 11:22:00,705,705,705,705,1500
2022-09-21 11:23:00,705,705,705,705,5200
2022-09-21 11:24:00,705,705,705,705,0
2022-09-21 11:25:00,705,705,705,705,0
2022-09-21 11:26:00,705,705,705,705,0
2022-09-21 11:27:00,705,705,705,705,0
2022-09-21 11:28:00,705,705,705,705,0
2022-09-21 11:29:00,705,705,705,705,0
2022-09-21 11:30:00,705,705,705,705,0
2022-09-21 11:31:00,705,705,705,705,0
2022-09-21 11:32:00,705,705,705,705,0
2022-09-21 11:33:00,705,705,705,705,0
2022-09-21 11:34:00,705,705,705,705,0
2022-09-21 11:35:00,705,705,705,705,0
2022-09-21 11:36:00,705,705,705,705,0
2022-09-21 11:37:00,705,705,705,705,0
2022-09-21 11:38:00,705,705,705,705,0
2022-09-21 11:39:00,705,705,705,705,0
2022-09-21 11:40:00,705,705,705,705,0
2022-09-21 11:41:00,705,705,705,705,0
2022-09-21 11:42:00,705,705,705,705,0
2022-09-21 11:43:00,705,705,705,705,0
2022-09-21 11:44:00,705,705,705,705,0
2022-09-21 11:45:00,705,705,705,705,0
2022-09-21 11:46:00,705,705,705,705,0
2022-09-21 11:47:00,705,705,705,705,0
2022-09-21 11:48:00,705,705,705,705,0
2022-09-21 11:49:00,705,705,705,705,0
2022-09-21 11:50:00,705,705,705,705,0
2022-09-21 11:51:00,705,705,705,705,0
2022-09-21 11:52:00,705,705,705,705,0
2022-09-21 11:53:00,705,705,705,705,0
2022-09-21 11:54:00,705,705,705,705,0
2022-09-21 11:55:00,705,705,705,705,0
2022-09-21 11:56:00,705,705,705,705,0
2022-09-21 11:57:00,705,705,705,705,0
2022-09-21 11:58:00,705,705,705,705,0
2022-09-21 11:59:00,705,705,705,705,0
2022-09-21 12:00:00,705,705,705,705,0
2022-09-21 12:01:00,705,705,705,705,0
2022-09-21 12:02:00,705,705,705,705,0
2022-09-21 12:03:00,705,705,705,705,0
2022-09-21 12:04:00,705,705,705,705,0
2022-09-21 12:05:00,705,705,705,705,0
2022-09-21 12:06:00,705,705,705,705,0
2022-09-21 12:07:00,705,705,705,705,0
2022-09-21 12:08:00,705,705,705,705,0
2022-09-21 12:09:00,705,705,705,705,0
2022-09-21 12:10:00,705,705,705,705,0
2022-09-21 12:11:00,705,705,705,705,0
2022-09-21 12:12:00,705,705,705,705,0
2022-09-21 12:13:00,705,705,705,705,0
2022-09-21 12:14:00,705,705,705,705,0
2022-09-21 12:15:00,705,705,705,705,0
2022-09-21 12:16:00,705,705,705,705,0
2022-09-21 12:17:00,705,705,705,705,0
2022-09-21 12:18:00,705,705,705,705,0
2022-09-21 12:19:00,705,705,705,705,0
2022-09-21 12:20:00,705,705,705,705,0
2022-09-21 12:21:00,705,705,705,705,0
2022-09-21 12:22:00,705,705,705,705,0
2022-09-21 12:23:00,705,705,705,705,0
2022-09-21 12:24:00,705,705,705,705,0
2022-09-21 12:25:00,705,705,705,705,0
2022-09-21 12:26:00,705,705,705,705,0
2022-09-21 12:27:00,705,705,705,705,0
2022-09-21 12:28:00,705,705,705,705,0
2022-09-21 12:29:00,705,705,705,705,0
2022-09-21 12:30:00,705,705,705,705,0
2022-09-21 12:31:00,705,705,705,705,0
2022-09-21 12:32:00,705,705,705,705,0
2022-09-21 12:33:00,705,705,705,705,0
2022-09-21 12:34:00,705,705,705,705,0
2022-09-21 12:35:00,705,705,705,705,0
2022-09-21 12:36:00,705,705,705,705,0
2022-09-21 12:37:00,705,705,705,705,0
2022-09-21 12:38:00,705,705,705,705,0
2022-09-21 12:39:00,705,705,705,705,0
2022-09-21 12:40:00,705,705,705,705,0
2022-09-21 12:41:00,705,705,705,705,0
2022-09-21 12:42:00,705,705,705,705,0
2022-09-21 12:43:00,705,705,705,705,0
2022-09-21 12:44:00,705,705,705,705,0
2022-09-21 12:45:00,705,705,705,705,0
2022-09-21 12:46:00,705,705,705,705,0
2022-09-21 12:47:00,705,705,705,705,0
2022-09-21 12:48:00,705,705,705,705,0
2022-09-21 12:49:00,705,705,705,705,0
2022-09-21 12:50:00,705,705,705,705,0
2022-09-21 12:51:00,705,705,705,705,0
2022-09-21 12:52:00,705,705,705,705,0
2022-09-21 12:53:00,705,705,705,705,0
2022-09-21 12:54:00,705,705,705,705,0
2022-09-21 12:55:00,705,705,705,705,0
2022-09-21 12:56:00,705,705,705,705,0
2022-09-21 12:57:00,705,705,705,705,0
2022-09-21 12:58:00,705,705,705,705,0
2022-09-21 12:59:00,705,705,705,705,0
2022-09-21 13:00:00,705,705,705,705,0
2022-09-21 13:01:00,705,705,705,705,0
2022-09-21 13:02:00,705,705,705,705,0
2022-09-21 13:03:00,705,705,705,705,0
2022-09-21 13:04:00,705,705,705,705,0
2022-09-21 13:05:00,705,705,705,705,0
2022-09-21 13:06:00,705,705,705,705,0
2022-09-21 13:07:00,705,705,705,705,0
2022-09-21 13:08:00,705,705,705,705,0
2022-09-21 13:09:00,705,705,705,705,0
2022-09-21 13:10:00,705,705,705,705,0
2022-09-21 13:11:00,705,705,705,705,0
2022-09-21 13:12:00,705,705,705,705,0
2022-09-21 13:13:00,705,705,705,705,0
2022-09-21 13:14:00,705,705,705,705,0
2022-09-21 13:15:00,705,705,705,705,0
2022-09-21 13:16:00,705,705,705,705,0
2022-09-21 13:17:00,705,705,705,705,0
2022-09-21 13:18:00,705,705,705,705,0
2022-09-21 13:19:00,705,705,705,705,0
2022-09-21 13:20:00,705,705,705,705,0
2022-09-21 13:21:00,705,705,705,705,0
2022-09-21 13:22:00,705,705,705,705,0
2022-09-21 13:23:00,705,705,705,705,0
2022-09-21 13:24:00,705,705,705,705,0
2022-09-21 13:25:00,705,705,705,705,0
2022-09-21 13:26:00,705,705,705,705,0
2022-09-21 13:27:00,705,705,705,705,0
2022-09-21 13:28:00,705,705,705,705,0
2022-09-21 13:29:00,705,705,705,705,0
2022-09-21 13:30:00,705,705,705,705,400
2022-09-21 13:31:00,705,705,705,705,0
2022-09-21 13:32:00,705,705,705,705,0
2022-09-21 13:33:00,705,705,705,705,0
2022-09-21 13:34:00,705,705,705,705,0
2022-09-21 13:35:00,705,705,705,705,0
2022-09-21 13:36:00,705,705,705,705,0
2022-09-21 13:37:00,705,705,705,705,0
2022-09-21 13:38:00,705,705,705,705,1800
2022-09-21 13:39:00,705,705,705,705,0
2022-09-21 13:40:00,705,705,705,705,0
2022-09-21 13:41:00,705,705,705,705,0
2022-09-21 13:42:00,705,705,705,705,0
2022-09-21 13:43:00,705,705,705,705,600
2022-09-21 13:44:00,705,705,705,705,0
2022-09-21 13:45:00,705,705,705,705,0
2022-09-21 13:46:00,705,705,705,705,0
2022-09-21 13:47:00,705,705,705,705,0
2022-09-21 13:48:00,705,705,705,705,0
2022-09-21 13:49:00,705,705,705,705,0
2022-09-21 13:50:00,705,705,705,705,0
2022-09-21 13:51:00,705,705,705,705,0
2022-09-21 13:52:00,705,705,705,705,0
2022-09-21 13:53:00,705,705,705,705,0
2022-09-21 13:54:00,710,710,710,710,1600
2022-09-21 13:55:00,710,710,710,710,0
2022-09-21 13:56:00,710,710,710,710,0
2022-09-21 13:57:00,710,710,710,710,0
2022-09-21 13:58:00,710,710,710,710,0
2022-09-21 13:59:00,710,710,710,710,400
2022-09-21 14:00:00,710,710,710,710,400
2022-09-21 14:01:00,710,710,710,710,0
2022-09-21 14:02:00,710,710,710,710,0
2022-09-21 14:03:00,710,710,710,710,0
2022-09-21 14:04:00,710,710,710,710,0
2022-09-21 14:05:00,710,710,710,710,0
2022-09-21 14:06:00,710,710,710,710,0
2022-09-21 14:07:00,710,710,710,710,0
2022-09-21 14:08:00,710,710,710,710,0
2022-09-21 14:09:00,710,710,710,710,0
2022-09-21 14:10:00,710,710,710,710,0
2022-09-21 14:11:00,715,715,715,715,200
2022-09-21 14:12:00,710,710,710,710,7400
2022-09-21 14:13:00,710,710,710,710,0
2022-09-21 14:14:00,710,710,710,710,0
2022-09-21 14:15:00,710,710,710,710,2900
2022-09-21 14:16:00,710,710,710,710,0
2022-09-21 14:17:00,710,710,710,710,0
2022-09-21 14:18:00,710,710,710,710,0
2022-09-21 14:19:00,710,710,710,710,0
2022-09-21 14:20:00,710,710,710,710,0
2022-09-21 14:21:00,710,710,710,710,0
2022-09-21 14:22:00,710,710,710,710,0
2022-09-21 14:23:00,710,710,710,710,0
2022-09-21 14:24:00,710,710,710,710,2200
2022-09-21 14:25:00,710,710,710,710,0
2022-09-21 14:26:00,710,710,710,710,0
2022-09-21 14:27:00,710,710,710,710,0
2022-09-21 14:28:00,710,710,710,710,0
2022-09-21 14:29:00,710,710,710,710,0
2022-09-21 14:30:00,710,710,710,710,0
2022-09-21 14:31:00,710,710,710,710,0
2022-09-21 14:32:00,710,710,710,710,0
2022-09-21 14:33:00,710,710,710,710,0
2022-09-21 14:34:00,710,710,710,710,0
2022-09-21 14:35:00,710,710,710,710,0
2022-09-21 14:36:00,715,715,715,715,200
2022-09-21 14:37:00,715,715,715,715,100
2022-09-21 14:38:00,715,715,715,715,0
2022-09-21 14:39:00,715,715,715,715,0
2022-09-21 14:40:00,715,715,715,715,0
2022-09-21 14:41:00,715,715,715,715,0
2022-09-21 14:42:00,715,715,715,715,0
2022-09-21 14:43:00,715,715,715,715,0
2022-09-21 14:44:00,715,715,715,715,0
2022-09-21 14:45:00,715,715,715,715,0
2022-09-21 14:46:00,715,715,715,715,0
2022-09-21 14:47:00,715,715,715,715,0
2022-09-21 14:48:00,715,715,715,715,0
2022-09-21 14:49:00,715,715,715,715,0
2022-09-21 14:50:00,715,715,715,715,0
2022-09-21 14:51:00,715,715,715,715,0
2022-09-21 14:52:00,715,715,715,715,0
2022-09-21 14:53:00,715,715,715,715,0
2022-09-21 14:54:00,715,715,715,715,0
2022-09-21 14:55:00,715,715,715,715,0
2022-09-21 14:56:00,715,715,715,715,0
2022-09-21 14:57:00,715,715,715,715,0
2022-09-21 14:58:00,715,715,715,715,0
2022-09-21 14:59:00,715,715,715,715,0
2022-09-21 15:00:00,705,705,705,705,0
2022-09-21 15:01:00,705,705,705,705,0
2022-09-21 15:02:00,705,705,705,705,0
2022-09-21 15:03:00,705,705,705,705,0
2022-09-21 15:04:00,705,705,705,705,0
2022-09-21 15:05:00,705,705,705,705,0
2022-09-21 15:06:00,705,705,705,705,0
2022-09-21 15:07:00,705,705,705,705,0
2022-09-21 15:08:00,705,705,705,705,0
2022-09-21 15:09:00,705,705,705,705,0
2022-09-21 15:10:00,705,705,705,705,0
2022-09-21 15:11:00,705,705,705,705,0
2022-09-21 15:12:00,705,705,705,705,0
2022-09-21 15:13:00,705,705,705,705,0
2022-09-21 15:14:00,705,705,705,705,0
2022-09-21 15:15:00,705,705,705,705,0
2022-09-21 15:16:00,705,705,705,705,0
2022-09-21 15:17:00,705,705,705,705,0
2022-09-21 15:18:00,705,705,705,705,0
2022-09-21 15:19:00,705,705,705,705,0
2022-09-21 15:20:00,705,705,705,705,0
2022-09-21 15:21:00,705,705,705,705,0
2022-09-21 15:22:00,705,705,705,705,0
2022-09-21 15:23:00,705,705,705,705,0
2022-09-21 15:24:00,705,705,705,705,0
2022-09-21 15:25:00,705,705,705,705,0
2022-09-21 15:26:00,705,705,705,705,0
2022-09-21 15:27:00,705,705,705,705,0
2022-09-21 15:28:00,705,705,705,705,0
2022-09-21 15:29:00,705,705,705,705,0
2022-09-21 15:30:00,705,705,705,705,0
2022-09-21 15:31:00,705,705,705,705,0
2022-09-21 15:32:00,705,705,705,705,0
2022-09-21 15:33:00,705,705,705,705,0
2022-09-21 15:34:00,705,705,705,705,0
2022-09-21 15:35:00,705,705,705,705,0
2022-09-21 15:36:00,705,705,705,705,0
2022-09-21 15:37:00,705,705,705,705,0
2022-09-21 15:38:00,705,705,705,705,0
2022-09-21 15:39:00,705,705,705,705,0
2022-09-21 15:40:00,705,705,705,705,0
2022-09-21 15:41:00,705,705,705,705,0
2022-09-21 15:42:00,705,705,705,705,0
2022-09-21 15:43:00,705,705,705,705,0
2022-09-21 15:44:00,705,705,705,705,0
2022-09-21 15:45:00,705,705,705,705,0
2022-09-21 15:46:00,705,705,705,705,0
2022-09-21 15:47:00,705,705,705,705,0
2022-09-21 15:48:00,705,705,705,705,0
2022-09-21 15:49:00,705,705,705,705,0
2022-09-21 15:50:00,705,705,705,705,0
2022-09-21 15:51:00,705,705,705,705,0
2022-09-21 15:52:00,705,705,705,705,0
2022-09-21 15:53:00,705,705,705,705,0
2022-09-21 15:54:00,705,705,705,705,0
2022-09-21 15:55:00,705,705,705,705,0
2022-09-21 15:56:00,705,705,705,705,0
2022-09-21 15:57:00,705,705,705,705,0
2022-09-21 15:58:00,705,705,705,705,0
2022-09-21 15:59:00,705,705,705,705,0
2022-09-22 09:00:00,705,705,715,715,400
2022-09-22 09:01:00,715,715,715,715,700
2022-09-22 09:02:00,715,715,715,715,0
2022-09-22 09:03:00,715,715,715,715,0
2022-09-22 09:04:00,715,715,715,715,0
2022-09-22 09:05:00,715,715,715,715,0
2022-09-22 09:06:00,715,715,715,715,0
2022-09-22 09:07:00,715,715,715,715,0
2022-09-22 09:08:00,715,715,715,715,0
2022-09-22 09:09:00,715,715,715,715,0
2022-09-22 09:10:00,715,715,715,715,0
2022-09-22 09:11:00,715,715,715,715,200
2022-09-22 09:12:00,715,715,715,715,0
2022-09-22 09:13:00,715,715,715,715,0
2022-09-22 09:14:00,715,715,715,715,8000
2022-09-22 09:15:00,715,715,715,715,0
2022-09-22 09:16:00,715,715,715,715,0
2022-09-22 09:17:00,715,715,715,715,0
2022-09-22 09:18:00,715,715,715,715,0
2022-09-22 09:19:00,715,715,715,715,0
2022-09-22 09:20:00,715,715,715,715,0
2022-09-22 09:21:00,715,715,715,715,0
2022-09-22 09:22:00,715,715,715,715,0
2022-09-22 09:23:00,715,715,715,715,0
2022-09-22 09:24:00,715,715,715,715,0
2022-09-22 09:25:00,715,715,715,715,0
2022-09-22 09:26:00,715,715,715,715,0
2022-09-22 09:27:00,715,715,715,715,0
2022-09-22 09:28:00,710,710,710,710,200
2022-09-22 09:29:00,710,710,710,710,0
2022-09-22 09:30:00,710,710,710,710,0
2022-09-22 09:31:00,710,710,710,710,0
2022-09-22 09:32:00,710,710,710,710,0
2022-09-22 09:33:00,710,710,710,710,0
2022-09-22 09:34:00,710,710,710,710,0
2022-09-22 09:35:00,710,710,710,710,0
2022-09-22 09:36:00,710,710,710,710,0
2022-09-22 09:37:00,710,710,710,710,0
2022-09-22 09:38:00,710,710,710,710,0
2022-09-22 09:39:00,710,710,710,710,0
2022-09-22 09:40:00,710,710,710,710,0
2022-09-22 09:41:00,710,710,710,710,100
2022-09-22 09:42:00,710,710,710,710,0
2022-09-22 09:43:00,710,710,710,710,0
2022-09-22 09:44:00,710,710,710,710,0
2022-09-22 09:45:00,715,715,715,715,200
2022-09-22 09:46:00,715,715,715,715,2900
2022-09-22 09:47:00,710,710,710,710,0
2022-09-22 09:48:00,710,710,710,710,0
2022-09-22 09:49:00,710,710,710,710,0
2022-09-22 09:50:00,710,710,710,710,0
2022-09-22 09:51:00,710,710,710,710,0
2022-09-22 09:52:00,710,710,710,710,0
2022-09-22 09:53:00,710,710,710,710,0
2022-09-22 09:54:00,710,710,710,710,500
2022-09-22 09:55:00,710,710,710,710,0
2022-09-22 09:56:00,710,710,710,710,0
2022-09-22 09:57:00,710,710,710,710,0
2022-09-22 09:58:00,710,710,710,710,600
2022-09-22 09:59:00,710,710,710,710,0
2022-09-22 10:00:00,710,710,710,710,0
2022-09-22 10:01:00,710,710,710,710,0
2022-09-22 10:02:00,710,710,710,710,0
2022-09-22 10:03:00,710,710,710,710,0
2022-09-22 10:04:00,710,710,710,710,3700
2022-09-22 10:05:00,710,710,710,710,0
2022-09-22 10:06:00,710,710,710,710,0
2022-09-22 10:07:00,710,710,710,710,0
2022-09-22 10:08:00,710,710,710,710,4000
2022-09-22 10:09:00,710,710,710,710,0
2022-09-22 10:10:00,710,710,710,710,0
2022-09-22 10:11:00,710,710,710,710,0
2022-09-22 10:12:00,710,710,710,710,0
2022-09-22 10:13:00,710,710,710,710,0
2022-09-22 10:14:00,710,710,710,710,0
2022-09-22 10:15:00,710,710,710,710,0
2022-09-22 10:16:00,710,710,710,710,0
2022-09-22 10:17:00,710,710,710,710,0
2022-09-22 10:18:00,710,710,710,710,0
2022-09-22 10:19:00,710,710,710,710,0
2022-09-22 10:20:00,710,710,710,710,0
2022-09-22 10:21:00,710,710,710,710,0
2022-09-22 10:22:00,710,710,710,710,0
2022-09-22 10:23:00,710,710,710,710,0
2022-09-22 10:24:00,710,710,710,710,0
2022-09-22 10:25:00,710,710,710,710,0
2022-09-22 10:26:00,710,710,710,710,0
2022-09-22 10:27:00,715,715,715,715,200
2022-09-22 10:28:00,715,715,715,715,0
2022-09-22 10:29:00,715,715,715,715,0
2022-09-22 10:30:00,715,715,715,715,0
2022-09-22 10:31:00,715,715,715,715,0
2022-09-22 10:32:00,715,715,715,715,0
2022-09-22 10:33:00,715,715,715,715,0
2022-09-22 10:34:00,715,715,715,715,0
2022-09-22 10:35:00,715,715,715,715,0
2022-09-22 10:36:00,715,715,715,715,0
2022-09-22 10:37:00,715,715,715,715,0
2022-09-22 10:38:00,715,715,715,715,0
2022-09-22 10:39:00,715,715,715,715,300
2022-09-22 10:40:00,715,715,715,715,0
2022-09-22 10:41:00,715,715,715,715,0
2022-09-22 10:42:00,715,715,715,715,0
2022-09-22 10:43:00,715,715,715,715,0
2022-09-22 10:44:00,715,715,715,715,0
2022-09-22 10:45:00,715,715,715,715,0
2022-09-22 10:46:00,715,715,715,715,0
2022-09-22 10:47:00,715,715,715,715,0
2022-09-22 10:48:00,715,715,715,715,0
2022-09-22 10:49:00,715,715,715,715,0
2022-09-22 10:50:00,715,715,715,715,0
2022-09-22 10:51:00,715,715,715,715,0
2022-09-22 10:52:00,715,715,715,715,0
2022-09-22 10:53:00,715,715,715,715,0
2022-09-22 10:54:00,715,715,715,715,0
2022-09-22 10:55:00,715,715,715,715,0
2022-09-22 10:56:00,715,715,715,715,0
2022-09-22 10:57:00,715,715,715,715,0
2022-09-22 10:58:00,715,715,715,715,0
2022-09-22 10:59:00,715,715,715,715,0
2022-09-22 11:00:00,715,715,715,715,0
2022-09-22 11:01:00,715,715,715,715,0
2022-09-22 11:02:00,715,715,715,715,0
2022-09-22 11:03:00,715,715,715,715,0
2022-09-22 11:04:00,715,715,715,715,0
2022-09-22 11:05:00,715,715,715,715,0
2022-09-22 11:06:00,715,715,715,715,0
2022-09-22 11:07:00,710,710,710,710,5300
2022-09-22 11:08:00,710,710,710,710,0
2022-09-22 11:09:00,710,710,710,710,0
2022-09-22 11:10:00,710,710,710,710,0
2022-09-22 11:11:00,710,710,710,710,0
2022-09-22 11:12:00,710,710,710,710,0
2022-09-22 11:13:00,710,710,710,710,0
2022-09-22 11:14:00,705,705,705,705,1800
2022-09-22 11:15:00,705,705,705,705,0
2022-09-22 11:16:00,705,705,705,705,0
2022-09-22 11:17:00,705,705,705,705,0
2022-09-22 11:18:00,705,705,705,705,0
2022-09-22 11:19:00,705,705,705,705,0
2022-09-22 11:20:00,705,705,705,705,0
2022-09-22 11:21:00,705,705,705,705,0
2022-09-22 11:22:00,705,705,705,705,0
2022-09-22 11:23:00,705,705,705,705,0
2022-09-22 11:24:00,705,705,705,705,0
2022-09-22 11:25:00,705,705,705,705,1000
2022-09-22 11:26:00,705,705,705,705,0
2022-09-22 11:27:00,705,705,705,705,0
2022-09-22 11:28:00,705,705,705,705,0
2022-09-22 11:29:00,705,705,705,705,0
2022-09-22 11:30:00,705,705,705,705,0
2022-09-22 11:31:00,705,705,705,705,0
2022-09-22 11:32:00,705,705,705,705,0
2022-09-22 11:33:00,705,705,705,705,0
2022-09-22 11:34:00,705,705,705,705,0
2022-09-22 11:35:00,705,705,705,705,0
2022-09-22 11:36:00,705,705,705,705,0
2022-09-22 11:37:00,705,705,705,705,0
2022-09-22 11:38:00,705,705,705,705,0
2022-09-22 11:39:00,705,705,705,705,0
2022-09-22 11:40:00,705,705,705,705,0
2022-09-22 11:41:00,705,705,705,705,0
2022-09-22 11:42:00,705,705,705,705,0
2022-09-22 11:43:00,705,705,705,705,0
2022-09-22 11:44:00,705,705,705,705,0
2022-09-22 11:45:00,705,705,705,705,0
2022-09-22 11:46:00,705,705,705,705,0
2022-09-22 11:47:00,705,705,705,705,0
2022-09-22 11:48:00,705,705,705,705,0
2022-09-22 11:49:00,705,705,705,705,0
2022-09-22 11:50:00,705,705,705,705,0
2022-09-22 11:51:00,705,705,705,705,0
2022-09-22 11:52:00,705,705,705,705,0
2022-09-22 11:53:00,705,705,705,705,0
2022-09-22 11:54:00,705,705,705,705,0
2022-09-22 11:55:00,705,705,705,705,0
2022-09-22 11:56:00,705,705,705,705,0
2022-09-22 11:57:00,705,705,705,705,0
2022-09-22 11:58:00,705,705,705,705,0
2022-09-22 11:59:00,705,705,705,705,0
2022-09-22 12:00:00,705,705,705,705,0
2022-09-22 12:01:00,705,705,705,705,0
2022-09-22 12:02:00,705,705,705,705,0
2022-09-22 12:03:00,705,705,705,705,0
2022-09-22 12:04:00,705,705,705,705,0
2022-09-22 12:05:00,705,705,705,705,0
2022-09-22 12:06:00,705,705,705,705,0
2022-09-22 12:07:00,705,705,705,705,0
2022-09-22 12:08:00,705,705,705,705,0
2022-09-22 12:09:00,705,705,705,705,0
2022-09-22 12:10:00,705,705,705,705,0
2022-09-22 12:11:00,705,705,705,705,0
2022-09-22 12:12:00,705,705,705,705,0
2022-09-22 12:13:00,705,705,705,705,0
2022-09-22 12:14:00,705,705,705,705,0
2022-09-22 12:15:00,705,705,705,705,0
2022-09-22 12:16:00,705,705,705,705,0
2022-09-22 12:17:00,705,705,705,705,0
2022-09-22 12:18:00,705,705,705,705,0
2022-09-22 12:19:00,705,705,705,705,0
2022-09-22 12:20:00,705,705,705,705,0
2022-09-22 12:21:00,705,705,705,705,0
2022-09-22 12:22:00,705,705,705,705,0
2022-09-22 12:23:00,705,705,705,705,0
2022-09-22 12:24:00,705,705,705,705,0
2022-09-22 12:25:00,705,705,705,705,0
2022-09-22 12:26:00,705,705,705,705,0
2022-09-22 12:27:00,705,705,705,705,0
2022-09-22 12:28:00,705,705,705,705,0
2022-09-22 12:29:00,705,705,705,705,0
2022-09-22 12:30:00,705,705,705,705,0
2022-09-22 12:31:00,705,705,705,705,0
2022-09-22 12:32:00,705,705,705,705,0
2022-09-22 12:33:00,705,705,705,705,0
2022-09-22 12:34:00,705,705,705,705,0
2022-09-22 12:35:00,705,705,705,705,0
2022-09-22 12:36:00,705,705,705,705,0
2022-09-22 12:37:00,705,705,705,705,0
2022-09-22 12:38:00,705,705,705,705,0
2022-09-22 12:39:00,705,705,705,705,0
2022-09-22 12:40:00,705,705,705,705,0
2022-09-22 12:41:00,705,705,705,705,0
2022-09-22 12:42:00,705,705,705,705,0
2022-09-22 12:43:00,705,705,705,705,0
2022-09-22 12:44:00,705,705,705,705,0
2022-09-22 12:45:00,705,705,705,705,0
2022-09-22 12:46:00,705,705,705,705,0
2022-09-22 12:47:00,705,705,705,705,0
2022-09-22 12:48:00,705,705,705,705,0
2022-09-22 12:49:00,705,705,705,705,0
2022-09-22 12:50:00,705,705,705,705,0
2022-09-22 12:51:00,705,705,705,705,0
2022-09-22 12:52:00,705,705,705,705,0
2022-09-22 12:53:00,705,705,705,705,0
2022-09-22 12:54:00,705,705,705,705,0
2022-09-22 12:55:00,705,705,705,705,0
2022-09-22 12:56:00,705,705,705,705,0
2022-09-22 12:57:00,705,705,705,705,0
2022-09-22 12:58:00,705,705,705,705,0
2022-09-22 12:59:00,705,705,705,705,0
2022-09-22 13:00:00,705,705,705,705,0
2022-09-22 13:01:00,705,705,705,705,0
2022-09-22 13:02:00,705,705,705,705,0
2022-09-22 13:03:00,705,705,705,705,0
2022-09-22 13:04:00,705,705,705,705,0
2022-09-22 13:05:00,705,705,705,705,0
2022-09-22 13:06:00,705,705,705,705,0
2022-09-22 13:07:00,705,705,705,705,0
2022-09-22 13:08:00,705,705,705,705,0
2022-09-22 13:09:00,705,705,705,705,0
2022-09-22 13:10:00,705,705,705,705,0
2022-09-22 13:11:00,705,705,705,705,0
2022-09-22 13:12:00,705,705,705,705,0
2022-09-22 13:13:00,705,705,705,705,0
2022-09-22 13:14:00,705,705,705,705,0
2022-09-22 13:15:00,705,705,705,705,0
2022-09-22 13:16:00,705,705,705,705,0
2022-09-22 13:17:00,705,705,705,705,0
2022-09-22 13:18:00,705,705,705,705,0
2022-09-22 13:19:00,705,705,705,705,0
2022-09-22 13:20:00,705,705,705,705,0
2022-09-22 13:21:00,705,705,705,705,0
2022-09-22 13:22:00,705,705,705,705,0
2022-09-22 13:23:00,705,705,705,705,0
2022-09-22 13:24:00,705,705,705,705,0
2022-09-22 13:25:00,705,705,705,705,0
2022-09-22 13:26:00,705,705,705,705,0
2022-09-22 13:27:00,705,705,705,705,0
2022-09-22 13:28:00,705,705,705,705,0
2022-09-22 13:29:00,705,705,705,705,0
2022-09-22 13:30:00,705,705,705,705,2000
2022-09-22 13:31:00,705,705,705,705,0
2022-09-22 13:32:00,705,705,705,705,0
2022-09-22 13:33:00,705,705,705,705,0
2022-09-22 13:34:00,705,705,705,705,0
2022-09-22 13:35:00,705,705,705,705,0
2022-09-22 13:36:00,705,705,705,705,0
2022-09-22 13:37:00,705,705,705,705,0
2022-09-22 13:38:00,705,705,705,705,0
2022-09-22 13:39:00,705,705,705,705,0
2022-09-22 13:40:00,705,705,705,705,0
2022-09-22 13:41:00,705,705,705,705,0
2022-09-22 13:42:00,705,705,705,705,0
2022-09-22 13:43:00,705,705,705,705,0
2022-09-22 13:44:00,705,705,705,705,0
2022-09-22 13:45:00,705,705,705,705,0
2022-09-22 13:46:00,710,710,710,710,400
2022-09-22 13:47:00,710,710,710,710,0
2022-09-22 13:48:00,710,710,710,710,5300
2022-09-22 13:49:00,710,710,710,710,0
2022-09-22 13:50:00,710,710,710,710,0
2022-09-22 13:51:00,710,710,710,710,0
2022-09-22 13:52:00,710,710,710,710,0
2022-09-22 13:53:00,710,710,710,710,0
2022-09-22 13:54:00,710,710,710,710,0
2022-09-22 13:55:00,710,710,710,710,0
2022-09-22 13:56:00,710,710,710,710,0
2022-09-22 13:57:00,710,710,710,710,0
2022-09-22 13:58:00,710,710,710,710,0
2022-09-22 13:59:00,710,710,710,710,0
2022-09-22 14:00:00,710,710,710,710,0
2022-09-22 14:01:00,710,710,710,710,0
2022-09-22 14:02:00,710,710,710,710,0
2022-09-22 14:03:00,710,710,710,710,0
2022-09-22 14:04:00,710,710,710,710,0
2022-09-22 14:05:00,710,710,710,710,0
2022-09-22 14:06:00,710,710,710,710,0
2022-09-22 14:07:00,710,710,710,710,0
2022-09-22 14:08:00,710,710,710,710,0
2022-09-22 14:09:00,710,710,710,710,0
2022-09-22 14:10:00,710,710,710,710,0
2022-09-22 14:11:00,710,710,710,710,0
2022-09-22 14:12:00,710,710,710,710,0
2022-09-22 14:13:00,710,710,710,710,0
2022-09-22 14:14:00,710,710,710,710,0
2022-09-22 14:15:00,710,710,710,710,0
2022-09-22 14:16:00,710,710,710,710,0
2022-09-22 14:17:00,710,710,710,710,0
2022-09-22 14:18:00,710,710,710,710,0
2022-09-22 14:19:00,710,710,710,710,100
2022-09-22 14:20:00,710,710,710,710,0
2022-09-22 14:21:00,710,710,710,710,0
2022-09-22 14:22:00,710,710,710,710,0
2022-09-22 14:23:00,710,710,710,710,0
2022-09-22 14:24:00,710,710,710,710,0
2022-09-22 14:25:00,710,710,710,710,0
2022-09-22 14:26:00,710,710,710,710,0
2022-09-22 14:27:00,710,710,710,710,0
2022-09-22 14:28:00,710,710,710,710,0
2022-09-22 14:29:00,710,710,710,710,0
2022-09-22 14:30:00,710,710,710,710,0
2022-09-22 14:31:00,710,710,710,710,2000
2022-09-22 14:32:00,710,710,710,710,0
2022-09-22 14:33:00,710,710,710,710,0
2022-09-22 14:34:00,710,710,710,710,0
2022-09-22 14:35:00,715,715,715,715,1500
2022-09-22 14:36:00,715,715,715,715,0
2022-09-22 14:37:00,715,715,715,715,0
2022-09-22 14:38:00,715,715,715,715,0
2022-09-22 14:39:00,715,715,715,715,0
2022-09-22 14:40:00,715,715,715,715,0
2022-09-22 14:41:00,715,715,715,715,0
2022-09-22 14:42:00,715,715,715,715,0
2022-09-22 14:43:00,715,715,715,715,0
2022-09-22 14:44:00,710,710,710,710,200
2022-09-22 14:45:00,710,710,710,710,0
2022-09-22 14:46:00,710,710,710,710,0
2022-09-22 14:47:00,710,710,710,710,0
2022-09-22 14:48:00,710,710,710,710,0
2022-09-22 14:49:00,710,710,710,710,700
2022-09-22 14:50:00,710,710,710,710,0
2022-09-22 14:51:00,710,710,710,710,0
2022-09-22 14:52:00,710,710,710,710,0
2022-09-22 14:53:00,710,710,710,710,0
2022-09-22 14:54:00,710,710,710,710,0
2022-09-22 14:55:00,710,710,710,710,0
2022-09-22 14:56:00,710,710,710,710,0
2022-09-22 14:57:00,710,710,710,710,0
2022-09-22 14:58:00,710,710,710,710,0
2022-09-22 14:59:00,710,710,710,710,0
2022-09-22 15:00:00,710,710,710,710,27000
2022-09-22 15:01:00,710,710,710,710,0
2022-09-22 15:02:00,710,710,710,710,0
2022-09-22 15:03:00,710,710,710,710,0
2022-09-22 15:04:00,710,710,710,710,0
2022-09-22 15:05:00,710,710,710,710,0
2022-09-22 15:06:00,710,710,710,710,0
2022-09-22 15:07:00,710,710,710,710,0
2022-09-22 15:08:00,710,710,710,710,0
2022-09-22 15:09:00,710,710,710,710,0
2022-09-22 15:10:00,710,710,710,710,0
2022-09-22 15:11:00,710,710,710,710,0
2022-09-22 15:12:00,710,710,710,710,0
2022-09-22 15:13:00,710,710,710,710,0
2022-09-22 15:14:00,710,710,710,710,0
2022-09-22 15:15:00,710,710,710,710,0
2022-09-22 15:16:00,710,710,710,710,0
2022-09-22 15:17:00,710,710,710,710,0
2022-09-22 15:18:00,710,710,710,710,0
2022-09-22 15:19:00,710,710,710,710,0
2022-09-22 15:20:00,710,710,710,710,0
2022-09-22 15:21:00,710,710,710,710,0
2022-09-22 15:22:00,710,710,710,710,0
2022-09-22 15:23:00,710,710,710,710,0
2022-09-22 15:24:00,710,710,710,710,0
2022-09-22 15:25:00,710,710,710,710,0
2022-09-22 15:26:00,710,710,710,710,0
2022-09-22 15:27:00,710,710,710,710,0
2022-09-22 15:28:00,710,710,710,710,0
2022-09-22 15:29:00,710,710,710,710,0
2022-09-22 15:30:00,710,710,710,710,0
2022-09-22 15:31:00,710,710,710,710,0
2022-09-22 15:32:00,710,710,710,710,0
2022-09-22 15:33:00,710,710,710,710,0
2022-09-22 15:34:00,710,710,710,710,0
2022-09-22 15:35:00,710,710,710,710,0
2022-09-22 15:36:00,710,710,710,710,0
2022-09-22 15:37:00,710,710,710,710,0
2022-09-22 15:38:00,710,710,710,710,0
2022-09-22 15:39:00,710,710,710,710,0
2022-09-22 15:40:00,710,710,710,710,0
2022-09-22 15:41:00,710,710,710,710,0
2022-09-22 15:42:00,710,710,710,710,0
2022-09-22 15:43:00,710,710,710,710,0
2022-09-22 15:44:00,710,710,710,710,0
2022-09-22 15:45:00,710,710,710,710,0
2022-09-22 15:46:00,710,710,710,710,0
2022-09-22 15:47:00,710,710,710,710,0
2022-09-22 15:48:00,710,710,710,710,0
2022-09-22 15:49:00,710,710,710,710,0
2022-09-22 15:50:00,710,710,710,710,0
2022-09-22 15:51:00,710,710,710,710,0
2022-09-22 15:52:00,710,710,710,710,0
2022-09-22 15:53:00,710,710,710,710,0
2022-09-22 15:54:00,710,710,710,710,0
2022-09-22 15:55:00,710,710,710,710,0
2022-09-22 15:56:00,710,710,710,710,0
2022-09-22 15:57:00,710,710,710,710,0
2022-09-22 15:58:00,710,710,710,710,0
2022-09-22 15:59:00,710,710,710,710,0
2022-09-23 09:00:00,710,710,710,710,0
2022-09-23 09:01:00,710,710,710,710,0
2022-09-23 09:02:00,710,710,710,710,0
2022-09-23 09:03:00,715,715,715,715,4600
2022-09-23 09:04:00,715,715,715,715,2900
2022-09-23 09:05:00,715,715,715,715,14300
2022-09-23 09:06:00,715,715,715,715,0
2022-09-23 09:07:00,715,715,715,715,0
2022-09-23 09:08:00,715,715,715,715,26400
2022-09-23 09:09:00,715,715,715,715,0
2022-09-23 09:10:00,720,720,720,720,0
2022-09-23 09:11:00,720,720,720,720,200
2022-09-23 09:12:00,720,720,720,720,0
2022-09-23 09:13:00,715,715,715,715,83000
2022-09-23 09:14:00,715,715,715,715,0
2022-09-23 09:15:00,715,715,715,715,99800
2022-09-23 09:16:00,715,715,715,715,0
2022-09-23 09:17:00,720,720,720,720,0
2022-09-23 09:18:00,720,720,720,720,2900
2022-09-23 09:19:00,720,720,720,720,100
2022-09-23 09:20:00,715,715,715,715,86100
2022-09-23 09:21:00,715,715,715,715,0
2022-09-23 09:22:00,715,715,715,715,0
2022-09-23 09:23:00,715,715,715,715,0
2022-09-23 09:24:00,715,715,715,715,99900
2022-09-23 09:25:00,720,720,720,720,0
2022-09-23 09:26:00,720,720,720,720,0
2022-09-23 09:27:00,720,715,720,715,2100
2022-09-23 09:28:00,720,715,720,715,0
2022-09-23 09:29:00,720,715,720,715,0
2022-09-23 09:30:00,720,715,720,715,0
2022-09-23 09:31:00,720,715,720,715,0
2022-09-23 09:32:00,720,715,720,715,0
2022-09-23 09:33:00,720,715,720,715,0
2022-09-23 09:34:00,720,715,720,715,0
2022-09-23 09:35:00,720,715,720,715,0
2022-09-23 09:36:00,720,715,720,715,0
2022-09-23 09:37:00,720,715,720,715,0
2022-09-23 09:38:00,720,715,720,715,0
2022-09-23 09:39:00,720,715,720,715,0
2022-09-23 09:40:00,720,715,720,715,0
2022-09-23 09:41:00,720,715,720,715,0
2022-09-23 09:42:00,720,715,720,715,0
2022-09-23 09:43:00,720,715,720,715,0
2022-09-23 09:44:00,720,715,720,715,0
2022-09-23 09:45:00,720,715,720,715,0
2022-09-23 09:46:00,720,715,720,715,0
2022-09-23 09:47:00,720,720,720,720,100
2022-09-23 09:48:00,720,720,720,720,0
2022-09-23 09:49:00,720,720,720,720,0
2022-09-23 09:50:00,720,720,720,720,0
2022-09-23 09:51:00,720,720,720,720,0
2022-09-23 09:52:00,720,720,720,720,0
2022-09-23 09:53:00,720,720,720,720,0
2022-09-23 09:54:00,720,720,720,720,0
2022-09-23 09:55:00,720,720,720,720,0
2022-09-23 09:56:00,720,720,720,720,11100
2022-09-23 09:57:00,720,720,720,720,1800
2022-09-23 09:58:00,720,720,720,720,0
2022-09-23 09:59:00,720,720,720,720,0
2022-09-23 10:00:00,720,720,720,720,0
2022-09-23 10:01:00,720,720,720,720,500
2022-09-23 10:02:00,720,720,720,720,0
2022-09-23 10:03:00,720,720,720,720,0
2022-09-23 10:04:00,720,720,720,720,0
2022-09-23 10:05:00,720,720,720,720,0
2022-09-23 10:06:00,720,720,720,720,0
2022-09-23 10:07:00,720,720,720,720,0
2022-09-23 10:08:00,715,715,715,715,21000
2022-09-23 10:09:00,710,710,710,710,0
2022-09-23 10:10:00,710,710,710,710,0
2022-09-23 10:11:00,710,710,710,710,0
2022-09-23 10:12:00,710,710,710,710,0
2022-09-23 10:13:00,710,710,710,710,0
2022-09-23 10:14:00,710,710,710,710,0
2022-09-23 10:15:00,710,710,710,710,0
2022-09-23 10:16:00,720,720,720,720,2000
2022-09-23 10:17:00,720,720,720,720,0
2022-09-23 10:18:00,715,715,715,715,200
2022-09-23 10:19:00,715,715,715,715,0
2022-09-23 10:20:00,715,715,715,715,0
2022-09-23 10:21:00,715,715,715,715,0
2022-09-23 10:22:00,715,715,715,715,8500
2022-09-23 10:23:00,715,715,715,715,0
2022-09-23 10:24:00,715,715,715,715,0
2022-09-23 10:25:00,715,715,715,715,0
2022-09-23 10:26:00,710,710,710,710,10200
2022-09-23 10:27:00,710,710,710,710,0
2022-09-23 10:28:00,715,715,715,715,1800
2022-09-23 10:29:00,715,715,715,715,2600
2022-09-23 10:30:00,715,715,715,715,0
2022-09-23 10:31:00,715,715,715,715,0
2022-09-23 10:32:00,715,715,715,715,0
2022-09-23 10:33:00,715,715,715,715,0
2022-09-23 10:34:00,715,715,715,715,0
2022-09-23 10:35:00,715,715,715,715,0
2022-09-23 10:36:00,715,715,715,715,0
2022-09-23 10:37:00,715,715,715,715,0
2022-09-23 10:38:00,715,715,715,715,0
2022-09-23 10:39:00,715,715,715,715,0
2022-09-23 10:40:00,715,715,715,715,0
2022-09-23 10:41:00,715,715,715,715,0
2022-09-23 10:42:00,715,715,715,715,4100
2022-09-23 10:43:00,715,715,715,715,0
2022-09-23 10:44:00,715,715,715,715,0
2022-09-23 10:45:00,715,715,715,715,0
2022-09-23 10:46:00,715,715,715,715,0
2022-09-23 10:47:00,715,715,715,715,0
2022-09-23 10:48:00,715,715,715,715,0
2022-09-23 10:49:00,715,715,715,715,0
2022-09-23 10:50:00,715,715,715,715,0
2022-09-23 10:51:00,715,715,715,715,0
2022-09-23 10:52:00,710,710,710,710,0
2022-09-23 10:53:00,710,710,710,710,0
2022-09-23 10:54:00,710,710,710,710,0
2022-09-23 10:55:00,710,710,710,710,11300
2022-09-23 10:56:00,710,710,710,710,400
2022-09-23 10:57:00,710,710,710,710,0
2022-09-23 10:58:00,710,710,710,710,0
2022-09-23 10:59:00,710,710,710,710,0
2022-09-23 11:00:00,710,710,710,710,0
2022-09-23 11:01:00,710,710,710,710,0
2022-09-23 11:02:00,710,710,710,710,0
2022-09-23 11:03:00,710,710,710,710,0
2022-09-23 11:04:00,710,710,710,710,0
2022-09-23 11:05:00,705,705,705,705,5200
2022-09-23 11:06:00,705,705,705,705,0
2022-09-23 11:07:00,705,705,705,705,0
2022-09-23 11:08:00,705,705,705,705,0
2022-09-23 11:09:00,710,710,710,710,0
2022-09-23 11:10:00,710,710,710,710,0
2022-09-23 11:11:00,710,710,710,710,0
2022-09-23 11:12:00,710,710,710,710,0
2022-09-23 11:13:00,710,710,710,710,0
2022-09-23 11:14:00,710,710,710,710,0
2022-09-23 11:15:00,710,710,710,710,0
2022-09-23 11:16:00,710,710,710,710,0
2022-09-23 11:17:00,710,710,710,710,0
2022-09-23 11:18:00,710,710,710,710,0
2022-09-23 11:19:00,710,710,710,710,0
2022-09-23 11:20:00,710,710,710,710,0
2022-09-23 11:21:00,710,710,710,710,0
2022-09-23 11:22:00,710,710,710,710,0
2022-09-23 11:23:00,710,710,710,710,0
2022-09-23 11:24:00,710,710,710,710,0
2022-09-23 11:25:00,710,710,710,710,0
2022-09-23 11:26:00,710,710,710,710,0
2022-09-23 11:27:00,710,710,710,710,0
2022-09-23 11:28:00,710,710,710,710,0
2022-09-23 11:29:00,710,710,710,710,0
2022-09-23 11:30:00,710,710,710,710,0
2022-09-23 11:31:00,710,710,710,710,0
2022-09-23 11:32:00,710,710,710,710,0
2022-09-23 11:33:00,710,710,710,710,0
2022-09-23 11:34:00,710,710,710,710,0
2022-09-23 11:35:00,710,710,710,710,0
2022-09-23 11:36:00,710,710,710,710,0
2022-09-23 11:37:00,710,710,710,710,0
2022-09-23 11:38:00,710,710,710,710,0
2022-09-23 11:39:00,710,710,710,710,0
2022-09-23 11:40:00,710,710,710,710,0
2022-09-23 11:41:00,710,710,710,710,0
2022-09-23 11:42:00,710,710,710,710,0
2022-09-23 11:43:00,710,710,710,710,0
2022-09-23 11:44:00,710,710,710,710,0
2022-09-23 11:45:00,710,710,710,710,0
2022-09-23 11:46:00,710,710,710,710,0
2022-09-23 11:47:00,710,710,710,710,0
2022-09-23 11:48:00,710,710,710,710,0
2022-09-23 11:49:00,710,710,710,710,0
2022-09-23 11:50:00,710,710,710,710,0
2022-09-23 11:51:00,710,710,710,710,0
2022-09-23 11:52:00,710,710,710,710,0
2022-09-23 11:53:00,710,710,710,710,0
2022-09-23 11:54:00,710,710,710,710,0
2022-09-23 11:55:00,710,710,710,710,0
2022-09-23 11:56:00,710,710,710,710,0
2022-09-23 11:57:00,710,710,710,710,0
2022-09-23 11:58:00,710,710,710,710,0
2022-09-23 11:59:00,710,710,710,710,0
2022-09-23 12:00:00,710,710,710,710,0
2022-09-23 12:01:00,710,710,710,710,0
2022-09-23 12:02:00,710,710,710,710,0
2022-09-23 12:03:00,710,710,710,710,0
2022-09-23 12:04:00,710,710,710,710,0
2022-09-23 12:05:00,710,710,710,710,0
2022-09-23 12:06:00,710,710,710,710,0
2022-09-23 12:07:00,710,710,710,710,0
2022-09-23 12:08:00,710,710,710,710,0
2022-09-23 12:09:00,710,710,710,710,0
2022-09-23 12:10:00,710,710,710,710,0
2022-09-23 12:11:00,710,710,710,710,0
2022-09-23 12:12:00,710,710,710,710,0
2022-09-23 12:13:00,710,710,710,710,0
2022-09-23 12:14:00,710,710,710,710,0
2022-09-23 12:15:00,710,710,710,710,0
2022-09-23 12:16:00,710,710,710,710,0
2022-09-23 12:17:00,710,710,710,710,0
2022-09-23 12:18:00,710,710,710,710,0
2022-09-23 12:19:00,710,710,710,710,0
2022-09-23 12:20:00,710,710,710,710,0
2022-09-23 12:21:00,710,710,710,710,0
2022-09-23 12:22:00,710,710,710,710,0
2022-09-23 12:23:00,710,710,710,710,0
2022-09-23 12:24:00,710,710,710,710,0
2022-09-23 12:25:00,710,710,710,710,0
2022-09-23 12:26:00,710,710,710,710,0
2022-09-23 12:27:00,710,710,710,710,0
2022-09-23 12:28:00,710,710,710,710,0
2022-09-23 12:29:00,710,710,710,710,0
2022-09-23 12:30:00,710,710,710,710,0
2022-09-23 12:31:00,710,710,710,710,0
2022-09-23 12:32:00,710,710,710,710,0
2022-09-23 12:33:00,710,710,710,710,0
2022-09-23 12:34:00,710,710,710,710,0
2022-09-23 12:35:00,710,710,710,710,0
2022-09-23 12:36:00,710,710,710,710,0
2022-09-23 12:37:00,710,710,710,710,0
2022-09-23 12:38:00,710,710,710,710,0
2022-09-23 12:39:00,710,710,710,710,0
2022-09-23 12:40:00,710,710,710,710,0
2022-09-23 12:41:00,710,710,710,710,0
2022-09-23 12:42:00,710,710,710,710,0
2022-09-23 12:43:00,710,710,710,710,0
2022-09-23 12:44:00,710,710,710,710,0
2022-09-23 12:45:00,710,710,710,710,0
2022-09-23 12:46:00,710,710,710,710,0
2022-09-23 12:47:00,710,710,710,710,0
2022-09-23 12:48:00,710,710,710,710,0
2022-09-23 12:49:00,710,710,710,710,0
2022-09-23 12:50:00,710,710,710,710,0
2022-09-23 12:51:00,710,710,710,710,0
2022-09-23 12:52:00,710,710,710,710,0
2022-09-23 12:53:00,710,710,710,710,0
2022-09-23 12:54:00,710,710,710,710,0
2022-09-23 12:55:00,710,710,710,710,0
2022-09-23 12:56:00,710,710,710,710,0
2022-09-23 12:57:00,710,710,710,710,0
2022-09-23 12:58:00,710,710,710,710,0
2022-09-23 12:59:00,710,710,710,710,0
2022-09-23 13:00:00,710,710,710,710,0
2022-09-23 13:01:00,710,710,710,710,0
2022-09-23 13:02:00,710,710,710,710,0
2022-09-23 13:03:00,710,710,710,710,0
2022-09-23 13:04:00,710,710,710,710,0
2022-09-23 13:05:00,710,710,710,710,0
2022-09-23 13:06:00,710,710,710,710,0
2022-09-23 13:07:00,710,710,710,710,0
2022-09-23 13:08:00,710,710,710,710,0
2022-09-23 13:09:00,710,710,710,710,0
2022-09-23 13:10:00,710,710,710,710,0
2022-09-23 13:11:00,710,710,710,710,0
2022-09-23 13:12:00,710,710,710,710,0
2022-09-23 13:13:00,710,710,710,710,0
2022-09-23 13:14:00,710,710,710,710,0
2022-09-23 13:15:00,710,710,710,710,0
2022-09-23 13:16:00,710,710,710,710,0
2022-09-23 13:17:00,710,710,710,710,0
2022-09-23 13:18:00,710,710,710,710,0
2022-09-23 13:19:00,710,710,710,710,0
2022-09-23 13:20:00,710,710,710,710,0
2022-09-23 13:21:00,710,710,710,710,0
2022-09-23 13:22:00,710,710,710,710,0
2022-09-23 13:23:00,710,710,710,710,0
2022-09-23 13:24:00,710,710,710,710,0
2022-09-23 13:25:00,710,710,710,710,0
2022-09-23 13:26:00,710,710,710,710,0
2022-09-23 13:27:00,710,710,710,710,0
2022-09-23 13:28:00,710,710,710,710,0
2022-09-23 13:29:00,710,710,710,710,0
2022-09-23 13:30:00,710,710,710,710,0
2022-09-23 13:31:00,710,710,710,710,0
2022-09-23 13:32:00,710,710,710,710,0
2022-09-23 13:33:00,710,710,710,710,0
2022-09-23 13:34:00,710,710,710,710,0
2022-09-23 13:35:00,710,710,710,710,0
2022-09-23 13:36:00,710,710,710,710,0
2022-09-23 13:37:00,710,710,710,710,0
2022-09-23 13:38:00,710,710,710,710,0
2022-09-23 13:39:00,710,710,710,710,0
2022-09-23 13:40:00,710,710,710,710,0
2022-09-23 13:41:00,710,710,710,710,340000
2022-09-23 13:42:00,710,710,710,710,13800
2022-09-23 13:43:00,710,710,710,710,0
2022-09-23 13:44:00,705,705,705,705,0
2022-09-23 13:45:00,705,705,705,705,0
2022-09-23 13:46:00,705,705,705,705,0
2022-09-23 13:47:00,705,705,705,705,0
2022-09-23 13:48:00,705,705,705,705,0
2022-09-23 13:49:00,705,705,705,705,0
2022-09-23 13:50:00,705,705,705,705,0
2022-09-23 13:51:00,705,705,705,705,0
2022-09-23 13:52:00,705,705,705,705,0
2022-09-23 13:53:00,705,705,705,705,0
2022-09-23 13:54:00,705,705,705,705,0
2022-09-23 13:55:00,705,705,705,705,0
2022-09-23 13:56:00,705,705,705,705,0
2022-09-23 13:57:00,705,705,705,705,0
2022-09-23 13:58:00,705,705,705,705,0
2022-09-23 13:59:00,705,705,705,705,0
2022-09-23 14:00:00,705,705,705,705,0
2022-09-23 14:01:00,705,705,705,705,0
2022-09-23 14:02:00,705,705,705,705,0
2022-09-23 14:03:00,705,705,705,705,0
2022-09-23 14:04:00,705,705,705,705,0
2022-09-23 14:05:00,705,705,705,705,0
2022-09-23 14:06:00,705,705,705,705,0
2022-09-23 14:07:00,705,705,705,705,0
2022-09-23 14:08:00,705,705,705,705,0
2022-09-23 14:09:00,705,705,705,705,0
2022-09-23 14:10:00,705,705,705,705,0
2022-09-23 14:11:00,705,705,705,705,0
2022-09-23 14:12:00,705,705,705,705,0
2022-09-23 14:13:00,710,710,710,710,4000
2022-09-23 14:14:00,710,710,710,710,0
2022-09-23 14:15:00,710,710,710,710,0
2022-09-23 14:16:00,710,710,710,710,0
2022-09-23 14:17:00,710,710,710,710,0
2022-09-23 14:18:00,710,710,710,710,300
2022-09-23 14:19:00,710,710,710,710,0
2022-09-23 14:20:00,710,710,710,710,0
2022-09-23 14:21:00,710,710,710,710,0
2022-09-23 14:22:00,710,710,710,710,0
2022-09-23 14:23:00,710,710,710,710,0
2022-09-23 14:24:00,710,710,710,710,0
2022-09-23 14:25:00,710,710,710,710,0
2022-09-23 14:26:00,710,710,710,710,200
2022-09-23 14:27:00,710,710,710,710,200
2022-09-23 14:28:00,710,710,710,710,100
2022-09-23 14:29:00,710,710,710,710,0
2022-09-23 14:30:00,710,710,710,710,0
2022-09-23 14:31:00,710,710,710,710,0
2022-09-23 14:32:00,710,710,710,710,0
2022-09-23 14:33:00,710,710,710,710,0
2022-09-23 14:34:00,710,710,710,710,0
2022-09-23 14:35:00,710,710,710,710,0
2022-09-23 14:36:00,710,710,710,710,0
2022-09-23 14:37:00,710,710,710,710,0
2022-09-23 14:38:00,710,710,710,710,0
2022-09-23 14:39:00,710,710,710,710,0
2022-09-23 14:40:00,710,710,710,710,0
2022-09-23 14:41:00,710,710,710,710,0
2022-09-23 14:42:00,710,710,710,710,0
2022-09-23 14:43:00,710,710,710,710,3000
2022-09-23 14:44:00,710,710,710,710,0
2022-09-23 14:45:00,710,710,710,710,0
2022-09-23 14:46:00,710,710,710,710,0
2022-09-23 14:47:00,710,710,710,710,0
2022-09-23 14:48:00,710,710,710,710,0
2022-09-23 14:49:00,710,710,710,710,0
2022-09-23 14:50:00,710,710,710,710,0
2022-09-23 14:51:00,710,710,710,710,0
2022-09-23 14:52:00,710,710,710,710,0
2022-09-23 14:53:00,710,710,710,710,0
2022-09-23 14:54:00,710,710,710,710,0
2022-09-23 14:55:00,710,710,710,710,0
2022-09-23 14:56:00,710,710,710,710,0
2022-09-23 14:57:00,710,710,710,710,0
2022-09-23 14:58:00,710,710,710,710,0
2022-09-23 14:59:00,710,710,710,710,0
2022-09-23 15:00:00,705,705,705,705,13600
2022-09-23 15:01:00,705,705,705,705,0
2022-09-23 15:02:00,705,705,705,705,0
2022-09-23 15:03:00,705,705,705,705,0
2022-09-23 15:04:00,705,705,705,705,0
2022-09-23 15:05:00,705,705,705,705,0
2022-09-23 15:06:00,705,705,705,705,0
2022-09-23 15:07:00,705,705,705,705,0
2022-09-23 15:08:00,705,705,705,705,0
2022-09-23 15:09:00,705,705,705,705,0
2022-09-23 15:10:00,705,705,705,705,0
2022-09-23 15:11:00,705,705,705,705,0
2022-09-23 15:12:00,705,705,705,705,0
2022-09-23 15:13:00,705,705,705,705,0
2022-09-23 15:14:00,705,705,705,705,0
2022-09-23 15:15:00,705,705,705,705,0
2022-09-23 15:16:00,705,705,705,705,0
2022-09-23 15:17:00,705,705,705,705,0
2022-09-23 15:18:00,705,705,705,705,0
2022-09-23 15:19:00,705,705,705,705,0
2022-09-23 15:20:00,705,705,705,705,0
2022-09-23 15:21:00,705,705,705,705,0
2022-09-23 15:22:00,705,705,705,705,0
2022-09-23 15:23:00,705,705,705,705,0
2022-09-23 15:24:00,705,705,705,705,0
2022-09-23 15:25:00,705,705,705,705,0
2022-09-23 15:26:00,705,705,705,705,0
2022-09-23 15:27:00,705,705,705,705,0
2022-09-23 15:28:00,705,705,705,705,0
2022-09-23 15:29:00,705,705,705,705,0
2022-09-23 15:30:00,705,705,705,705,0
2022-09-23 15:31:00,705,705,705,705,0
2022-09-23 15:32:00,705,705,705,705,0
2022-09-23 15:33:00,705,705,705,705,0
2022-09-23 15:34:00,705,705,705,705,0
2022-09-23 15:35:00,705,705,705,705,0
2022-09-23 15:36:00,705,705,705,705,0
2022-09-23 15:37:00,705,705,705,705,0
2022-09-23 15:38:00,705,705,705,705,0
2022-09-23 15:39:00,705,705,705,705,0
2022-09-23 15:40:00,705,705,705,705,0
2022-09-23 15:41:00,705,705,705,705,0
2022-09-23 15:42:00,705,705,705,705,0
2022-09-23 15:43:00,705,705,705,705,0
2022-09-23 15:44:00,705,705,705,705,0
2022-09-23 15:45:00,705,705,705,705,0
2022-09-23 15:46:00,705,705,705,705,0
2022-09-23 15:47:00,705,705,705,705,0
2022-09-23 15:48:00,705,705,705,705,0
2022-09-23 15:49:00,705,705,705,705,0
2022-09-23 15:50:00,705,705,705,705,0
2022-09-23 15:51:00,705,705,705,705,0
2022-09-23 15:52:00,705,705,705,705,0
2022-09-23 15:53:00,705,705,705,705,0
2022-09-23 15:54:00,705,705,705,705,0
2022-09-23 15:55:00,705,705,705,705,0
2022-09-23 15:56:00,705,705,705,705,0
2022-09-23 15:57:00,705,705,705,705,0
2022-09-23 15:58:00,705,705,705,705,0
2022-09-23 15:59:00,705,705,705,705,0
2022-09-26 09:00:00,715,715,715,715,0
2022-09-26 09:01:00,715,715,715,715,0
2022-09-26 09:02:00,715,715,715,715,0
2022-09-26 09:03:00,710,710,710,710,0
2022-09-26 09:04:00,710,680,710,700,106300
2022-09-26 09:05:00,710,680,710,700,0
2022-09-26 09:06:00,700,700,700,700,3500
2022-09-26 09:07:00,700,700,700,700,1000
2022-09-26 09:08:00,705,705,705,705,0
2022-09-26 09:09:00,705,705,705,705,0
2022-09-26 09:10:00,700,700,700,700,900
2022-09-26 09:11:00,705,705,705,705,0
2022-09-26 09:12:00,705,705,705,705,0
2022-09-26 09:13:00,705,705,705,705,0
2022-09-26 09:14:00,705,705,705,705,0
2022-09-26 09:15:00,705,705,705,705,0
2022-09-26 09:16:00,705,705,705,705,0
2022-09-26 09:17:00,700,700,700,700,26700
2022-09-26 09:18:00,700,700,700,700,0
2022-09-26 09:19:00,700,700,700,700,0
2022-09-26 09:20:00,690,690,690,690,4900
2022-09-26 09:21:00,690,690,700,700,8500
2022-09-26 09:22:00,690,690,700,700,0
2022-09-26 09:23:00,700,700,700,700,0
2022-09-26 09:24:00,700,700,700,700,0
2022-09-26 09:25:00,700,700,700,700,0
2022-09-26 09:26:00,700,700,700,700,0
2022-09-26 09:27:00,700,700,700,700,0
2022-09-26 09:28:00,700,700,700,700,0
2022-09-26 09:29:00,700,700,700,700,0
2022-09-26 09:30:00,700,700,700,700,0
2022-09-26 09:31:00,700,700,700,700,0
2022-09-26 09:32:00,700,700,700,700,0
2022-09-26 09:33:00,700,700,700,700,0
2022-09-26 09:34:00,700,700,700,700,1000
2022-09-26 09:35:00,700,700,700,700,0
2022-09-26 09:36:00,700,700,700,700,2700
2022-09-26 09:37:00,700,700,700,700,1600
2022-09-26 09:38:00,700,700,700,700,0
2022-09-26 09:39:00,695,695,695,695,0
2022-09-26 09:40:00,700,700,700,700,300
2022-09-26 09:41:00,695,695,700,700,2100
2022-09-26 09:42:00,695,695,700,700,0
2022-09-26 09:43:00,700,700,700,700,1400
2022-09-26 09:44:00,700,700,700,700,0
2022-09-26 09:45:00,700,700,700,700,400
2022-09-26 09:46:00,700,700,700,700,0
2022-09-26 09:47:00,700,700,700,700,0
2022-09-26 09:48:00,700,700,700,700,0
2022-09-26 09:49:00,700,700,700,700,0
2022-09-26 09:50:00,700,700,700,700,0
2022-09-26 09:51:00,700,700,700,700,2500
2022-09-26 09:52:00,700,700,700,700,0
2022-09-26 09:53:00,700,700,700,700,0
2022-09-26 09:54:00,700,700,700,700,0
2022-09-26 09:55:00,700,700,700,700,0
2022-09-26 09:56:00,700,700,700,700,0
2022-09-26 09:57:00,700,700,700,700,0
2022-09-26 09:58:00,700,700,700,700,200
2022-09-26 09:59:00,700,700,700,700,0
2022-09-26 10:00:00,700,700,700,700,100
2022-09-26 10:01:00,700,700,700,700,0
2022-09-26 10:02:00,700,700,700,700,0
2022-09-26 10:03:00,700,700,700,700,0
2022-09-26 10:04:00,695,695,695,695,1900
2022-09-26 10:05:00,695,695,695,695,0
2022-09-26 10:06:00,695,695,695,695,0
2022-09-26 10:07:00,695,695,695,695,0
2022-09-26 10:08:00,695,695,695,695,4800
2022-09-26 10:09:00,695,695,695,695,0
2022-09-26 10:10:00,695,695,695,695,0
2022-09-26 10:11:00,695,695,695,695,0
2022-09-26 10:12:00,695,695,695,695,0
2022-09-26 10:13:00,700,700,700,700,6000
2022-09-26 10:14:00,700,700,700,700,0
2022-09-26 10:15:00,700,700,700,700,0
2022-09-26 10:16:00,700,700,700,700,2000
2022-09-26 10:17:00,700,700,700,700,0
2022-09-26 10:18:00,700,700,700,700,0
2022-09-26 10:19:00,700,700,700,700,0
2022-09-26 10:20:00,700,700,700,700,400
2022-09-26 10:21:00,700,700,700,700,0
2022-09-26 10:22:00,700,700,700,700,0
2022-09-26 10:23:00,700,700,700,700,0
2022-09-26 10:24:00,700,700,700,700,0
2022-09-26 10:25:00,700,700,700,700,0
2022-09-26 10:26:00,700,700,700,700,0
2022-09-26 10:27:00,700,700,700,700,800
2022-09-26 10:28:00,700,700,700,700,0
2022-09-26 10:29:00,700,700,700,700,0
2022-09-26 10:30:00,700,700,700,700,32900
2022-09-26 10:31:00,700,700,700,700,0
2022-09-26 10:32:00,700,700,700,700,0
2022-09-26 10:33:00,700,700,700,700,0
2022-09-26 10:34:00,700,700,700,700,0
2022-09-26 10:35:00,700,700,700,700,0
2022-09-26 10:36:00,700,700,700,700,0
2022-09-26 10:37:00,700,700,700,700,0
2022-09-26 10:38:00,700,700,700,700,0
2022-09-26 10:39:00,700,700,700,700,0
2022-09-26 10:40:00,700,700,700,700,0
2022-09-26 10:41:00,700,700,700,700,0
2022-09-26 10:42:00,700,700,700,700,0
2022-09-26 10:43:00,700,700,700,700,0
2022-09-26 10:44:00,700,700,700,700,0
2022-09-26 10:45:00,700,700,700,700,0
2022-09-26 10:46:00,700,700,700,700,0
2022-09-26 10:47:00,700,700,700,700,0
2022-09-26 10:48:00,700,700,700,700,0
2022-09-26 10:49:00,700,700,700,700,0
2022-09-26 10:50:00,700,700,700,700,0
2022-09-26 10:51:00,700,700,700,700,0
2022-09-26 10:52:00,700,700,700,700,0
2022-09-26 10:53:00,700,700,700,700,0
2022-09-26 10:54:00,700,700,700,700,0
2022-09-26 10:55:00,700,700,700,700,0
2022-09-26 10:56:00,700,700,700,700,0
2022-09-26 10:57:00,700,700,700,700,0
2022-09-26 10:58:00,700,700,700,700,6000
2022-09-26 10:59:00,700,700,700,700,0
2022-09-26 11:00:00,700,700,700,700,0
2022-09-26 11:01:00,700,700,700,700,0
2022-09-26 11:02:00,700,700,700,700,0
2022-09-26 11:03:00,700,700,700,700,0
2022-09-26 11:04:00,700,700,700,700,0
2022-09-26 11:05:00,700,700,700,700,0
2022-09-26 11:06:00,700,700,700,700,0
2022-09-26 11:07:00,700,700,700,700,0
2022-09-26 11:08:00,700,700,700,700,0
2022-09-26 11:09:00,700,700,700,700,0
2022-09-26 11:10:00,700,700,700,700,0
2022-09-26 11:11:00,700,700,700,700,0
2022-09-26 11:12:00,700,700,700,700,0
2022-09-26 11:13:00,700,700,700,700,0
2022-09-26 11:14:00,700,700,700,700,0
2022-09-26 11:15:00,700,700,700,700,0
2022-09-26 11:16:00,700,700,700,700,0
2022-09-26 11:17:00,700,700,700,700,0
2022-09-26 11:18:00,700,700,700,700,0
2022-09-26 11:19:00,700,700,700,700,0
2022-09-26 11:20:00,700,700,700,700,0
2022-09-26 11:21:00,700,700,700,700,0
2022-09-26 11:22:00,700,700,700,700,0
2022-09-26 11:23:00,700,700,700,700,0
2022-09-26 11:24:00,700,700,700,700,0
2022-09-26 11:25:00,700,700,700,700,0
2022-09-26 11:26:00,700,700,700,700,0
2022-09-26 11:27:00,700,700,700,700,0
2022-09-26 11:28:00,700,700,700,700,0
2022-09-26 11:29:00,700,700,700,700,1000
2022-09-26 11:30:00,700,700,700,700,0
2022-09-26 11:31:00,700,700,700,700,0
2022-09-26 11:32:00,700,700,700,700,0
2022-09-26 11:33:00,700,700,700,700,0
2022-09-26 11:34:00,700,700,700,700,0
2022-09-26 11:35:00,700,700,700,700,0
2022-09-26 11:36:00,700,700,700,700,0
2022-09-26 11:37:00,700,700,700,700,0
2022-09-26 11:38:00,700,700,700,700,0
2022-09-26 11:39:00,700,700,700,700,0
2022-09-26 11:40:00,700,700,700,700,0
2022-09-26 11:41:00,700,700,700,700,0
2022-09-26 11:42:00,700,700,700,700,0
2022-09-26 11:43:00,700,700,700,700,0
2022-09-26 11:44:00,700,700,700,700,0
2022-09-26 11:45:00,700,700,700,700,0
2022-09-26 11:46:00,700,700,700,700,0
2022-09-26 11:47:00,700,700,700,700,0
2022-09-26 11:48:00,700,700,700,700,0
2022-09-26 11:49:00,700,700,700,700,0
2022-09-26 11:50:00,700,700,700,700,0
2022-09-26 11:51:00,700,700,700,700,0
2022-09-26 11:52:00,700,700,700,700,0
2022-09-26 11:53:00,700,700,700,700,0
2022-09-26 11:54:00,700,700,700,700,0
2022-09-26 11:55:00,700,700,700,700,0
2022-09-26 11:56:00,700,700,700,700,0
2022-09-26 11:57:00,700,700,700,700,0
2022-09-26 11:58:00,700,700,700,700,0
2022-09-26 11:59:00,700,700,700,700,0
2022-09-26 12:00:00,700,700,700,700,0
2022-09-26 12:01:00,700,700,700,700,0
2022-09-26 12:02:00,700,700,700,700,0
2022-09-26 12:03:00,700,700,700,700,0
2022-09-26 12:04:00,700,700,700,700,0
2022-09-26 12:05:00,700,700,700,700,0
2022-09-26 12:06:00,700,700,700,700,0
2022-09-26 12:07:00,700,700,700,700,0
2022-09-26 12:08:00,700,700,700,700,0
2022-09-26 12:09:00,700,700,700,700,0
2022-09-26 12:10:00,700,700,700,700,0
2022-09-26 12:11:00,700,700,700,700,0
2022-09-26 12:12:00,700,700,700,700,0
2022-09-26 12:13:00,700,700,700,700,0
2022-09-26 12:14:00,700,700,700,700,0
2022-09-26 12:15:00,700,700,700,700,0
2022-09-26 12:16:00,700,700,700,700,0
2022-09-26 12:17:00,700,700,700,700,0
2022-09-26 12:18:00,700,700,700,700,0
2022-09-26 12:19:00,700,700,700,700,0
2022-09-26 12:20:00,700,700,700,700,0
2022-09-26 12:21:00,700,700,700,700,0
2022-09-26 12:22:00,700,700,700,700,0
2022-09-26 12:23:00,700,700,700,700,0
2022-09-26 12:24:00,700,700,700,700,0
2022-09-26 12:25:00,700,700,700,700,0
2022-09-26 12:26:00,700,700,700,700,0
2022-09-26 12:27:00,700,700,700,700,0
2022-09-26 12:28:00,700,700,700,700,0
2022-09-26 12:29:00,700,700,700,700,0
2022-09-26 12:30:00,700,700,700,700,0
2022-09-26 12:31:00,700,700,700,700,0
2022-09-26 12:32:00,700,700,700,700,0
2022-09-26 12:33:00,700,700,700,700,0
2022-09-26 12:34:00,700,700,700,700,0
2022-09-26 12:35:00,700,700,700,700,0
2022-09-26 12:36:00,700,700,700,700,0
2022-09-26 12:37:00,700,700,700,700,0
2022-09-26 12:38:00,700,700,700,700,0
2022-09-26 12:39:00,700,700,700,700,0
2022-09-26 12:40:00,700,700,700,700,0
2022-09-26 12:41:00,700,700,700,700,0
2022-09-26 12:42:00,700,700,700,700,0
2022-09-26 12:43:00,700,700,700,700,0
2022-09-26 12:44:00,700,700,700,700,0
2022-09-26 12:45:00,700,700,700,700,0
2022-09-26 12:46:00,700,700,700,700,0
2022-09-26 12:47:00,700,700,700,700,0
2022-09-26 12:48:00,700,700,700,700,0
2022-09-26 12:49:00,700,700,700,700,0
2022-09-26 12:50:00,700,700,700,700,0
2022-09-26 12:51:00,700,700,700,700,0
2022-09-26 12:52:00,700,700,700,700,0
2022-09-26 12:53:00,700,700,700,700,0
2022-09-26 12:54:00,700,700,700,700,0
2022-09-26 12:55:00,700,700,700,700,0
2022-09-26 12:56:00,700,700,700,700,0
2022-09-26 12:57:00,700,700,700,700,0
2022-09-26 12:58:00,700,700,700,700,0
2022-09-26 12:59:00,700,700,700,700,0
2022-09-26 13:00:00,700,700,700,700,0
2022-09-26 13:01:00,700,700,700,700,0
2022-09-26 13:02:00,700,700,700,700,0
2022-09-26 13:03:00,700,700,700,700,0
2022-09-26 13:04:00,700,700,700,700,0
2022-09-26 13:05:00,700,700,700,700,0
2022-09-26 13:06:00,700,700,700,700,0
2022-09-26 13:07:00,700,700,700,700,0
2022-09-26 13:08:00,700,700,700,700,0
2022-09-26 13:09:00,700,700,700,700,0
2022-09-26 13:10:00,700,700,700,700,0
2022-09-26 13:11:00,700,700,700,700,0
2022-09-26 13:12:00,700,700,700,700,0
2022-09-26 13:13:00,700,700,700,700,0
2022-09-26 13:14:00,700,700,700,700,0
2022-09-26 13:15:00,700,700,700,700,0
2022-09-26 13:16:00,700,700,700,700,0
2022-09-26 13:17:00,700,700,700,700,0
2022-09-26 13:18:00,700,700,700,700,0
2022-09-26 13:19:00,700,700,700,700,0
2022-09-26 13:20:00,700,700,700,700,0
2022-09-26 13:21:00,700,700,700,700,0
2022-09-26 13:22:00,700,700,700,700,0
2022-09-26 13:23:00,700,700,700,700,0
2022-09-26 13:24:00,700,700,700,700,0
2022-09-26 13:25:00,700,700,700,700,0
2022-09-26 13:26:00,700,700,700,700,0
2022-09-26 13:27:00,700,700,700,700,0
2022-09-26 13:28:00,700,700,700,700,0
2022-09-26 13:29:00,700,700,700,700,0
2022-09-26 13:30:00,700,695,700,700,10400
2022-09-26 13:31:00,700,695,700,700,0
2022-09-26 13:32:00,700,695,700,700,0
2022-09-26 13:33:00,700,695,700,700,0
2022-09-26 13:34:00,700,695,700,700,0
2022-09-26 13:35:00,700,695,700,700,0
2022-09-26 13:36:00,700,695,700,700,0
2022-09-26 13:37:00,700,695,700,700,0
2022-09-26 13:38:00,700,695,700,700,0
2022-09-26 13:39:00,700,695,700,700,0
2022-09-26 13:40:00,700,695,700,700,0
2022-09-26 13:41:00,700,695,700,700,0
2022-09-26 13:42:00,700,695,700,700,0
2022-09-26 13:43:00,700,695,700,700,0
2022-09-26 13:44:00,700,695,700,700,0
2022-09-26 13:45:00,700,695,700,700,0
2022-09-26 13:46:00,700,695,700,700,0
2022-09-26 13:47:00,700,695,700,700,0
2022-09-26 13:48:00,700,695,700,700,0
2022-09-26 13:49:00,700,695,700,700,0
2022-09-26 13:50:00,700,695,700,700,0
2022-09-26 13:51:00,700,695,700,700,0
2022-09-26 13:52:00,700,695,700,700,0
2022-09-26 13:53:00,700,695,700,700,0
2022-09-26 13:54:00,700,700,700,700,1700
2022-09-26 13:55:00,700,700,700,700,0
2022-09-26 13:56:00,700,700,700,700,0
2022-09-26 13:57:00,700,700,700,700,0
2022-09-26 13:58:00,700,700,700,700,0
2022-09-26 13:59:00,700,700,700,700,0
2022-09-26 14:00:00,700,700,700,700,0
2022-09-26 14:01:00,700,700,700,700,0
2022-09-26 14:02:00,700,700,700,700,0
2022-09-26 14:03:00,700,700,700,700,0
2022-09-26 14:04:00,700,700,700,700,0
2022-09-26 14:05:00,700,700,700,700,0
2022-09-26 14:06:00,700,700,700,700,0
2022-09-26 14:07:00,700,700,700,700,0
2022-09-26 14:08:00,700,700,700,700,0
2022-09-26 14:09:00,700,700,700,700,0
2022-09-26 14:10:00,695,695,695,695,5000
2022-09-26 14:11:00,695,695,695,695,0
2022-09-26 14:12:00,695,685,695,685,51200
2022-09-26 14:13:00,695,685,695,685,0
2022-09-26 14:14:00,695,685,695,685,0
2022-09-26 14:15:00,695,685,695,685,0
2022-09-26 14:16:00,690,685,690,685,1400
2022-09-26 14:17:00,690,685,690,685,0
2022-09-26 14:18:00,695,695,695,695,1500
2022-09-26 14:19:00,690,690,690,690,9100
2022-09-26 14:20:00,690,690,690,690,0
2022-09-26 14:21:00,690,690,690,690,0
2022-09-26 14:22:00,690,690,690,690,0
2022-09-26 14:23:00,690,690,690,690,0
2022-09-26 14:24:00,690,690,690,690,0
2022-09-26 14:25:00,690,690,690,690,0
2022-09-26 14:26:00,690,690,690,690,0
2022-09-26 14:27:00,690,690,690,690,0
2022-09-26 14:28:00,690,690,690,690,0
2022-09-26 14:29:00,690,690,690,690,0
2022-09-26 14:30:00,690,690,690,690,3200
2022-09-26 14:31:00,690,690,690,690,0
2022-09-26 14:32:00,690,690,690,690,0
2022-09-26 14:33:00,690,690,690,690,0
2022-09-26 14:34:00,690,690,690,690,0
2022-09-26 14:35:00,690,690,690,690,0
2022-09-26 14:36:00,690,690,690,690,0
2022-09-26 14:37:00,690,690,690,690,0
2022-09-26 14:38:00,690,690,690,690,0
2022-09-26 14:39:00,690,690,690,690,0
2022-09-26 14:40:00,690,690,690,690,0
2022-09-26 14:41:00,690,690,690,690,1200
2022-09-26 14:42:00,690,690,690,690,12600
2022-09-26 14:43:00,690,690,690,690,0
2022-09-26 14:44:00,690,690,690,690,0
2022-09-26 14:45:00,700,700,700,700,0
2022-09-26 14:46:00,690,690,690,690,0
2022-09-26 14:47:00,690,690,690,690,0
2022-09-26 14:48:00,695,695,695,695,900
2022-09-26 14:49:00,695,695,695,695,0
2022-09-26 14:50:00,695,695,695,695,0
2022-09-26 14:51:00,695,695,695,695,0
2022-09-26 14:52:00,695,695,695,695,0
2022-09-26 14:53:00,695,695,695,695,0
2022-09-26 14:54:00,695,695,695,695,0
2022-09-26 14:55:00,695,695,695,695,0
2022-09-26 14:56:00,695,695,695,695,0
2022-09-26 14:57:00,695,695,695,695,0
2022-09-26 14:58:00,695,695,695,695,0
2022-09-26 14:59:00,695,695,695,695,0
2022-09-26 15:00:00,695,695,695,695,1000
2022-09-26 15:01:00,695,695,695,695,0
2022-09-26 15:02:00,695,695,695,695,0
2022-09-26 15:03:00,695,695,695,695,0
2022-09-26 15:04:00,695,695,695,695,0
2022-09-26 15:05:00,695,695,695,695,0
2022-09-26 15:06:00,695,695,695,695,0
2022-09-26 15:07:00,695,695,695,695,0
2022-09-26 15:08:00,695,695,695,695,0
2022-09-26 15:09:00,695,695,695,695,0
2022-09-26 15:10:00,695,695,695,695,0
2022-09-26 15:11:00,695,695,695,695,0
2022-09-26 15:12:00,695,695,695,695,304700
2022-09-26 15:13:00,695,695,695,695,0
2022-09-26 15:14:00,695,695,695,695,0
2022-09-26 15:15:00,695,695,695,695,0
2022-09-26 15:16:00,695,695,695,695,0
2022-09-26 15:17:00,695,695,695,695,0
2022-09-26 15:18:00,695,695,695,695,0
2022-09-26 15:19:00,695,695,695,695,0
2022-09-26 15:20:00,695,695,695,695,0
2022-09-26 15:21:00,695,695,695,695,0
2022-09-26 15:22:00,695,695,695,695,0
2022-09-26 15:23:00,695,695,695,695,0
2022-09-26 15:24:00,695,695,695,695,0
2022-09-26 15:25:00,695,695,695,695,0
2022-09-26 15:26:00,695,695,695,695,0
2022-09-26 15:27:00,695,695,695,695,0
2022-09-26 15:28:00,695,695,695,695,0
2022-09-26 15:29:00,695,695,695,695,0
2022-09-26 15:30:00,695,695,695,695,0
2022-09-26 15:31:00,695,695,695,695,0
2022-09-26 15:32:00,695,695,695,695,0
2022-09-26 15:33:00,695,695,695,695,0
2022-09-26 15:34:00,695,695,695,695,0
2022-09-26 15:35:00,695,695,695,695,0
2022-09-26 15:36:00,695,695,695,695,0
2022-09-26 15:37:00,695,695,695,695,0
2022-09-26 15:38:00,695,695,695,695,0
2022-09-26 15:39:00,695,695,695,695,0
2022-09-26 15:40:00,695,695,695,695,0
2022-09-26 15:41:00,695,695,695,695,0
2022-09-26 15:42:00,695,695,695,695,0
2022-09-26 15:43:00,695,695,695,695,0
2022-09-26 15:44:00,695,695,695,695,0
2022-09-26 15:45:00,695,695,695,695,0
2022-09-26 15:46:00,695,695,695,695,0
2022-09-26 15:47:00,695,695,695,695,0
2022-09-26 15:48:00,695,695,695,695,0
2022-09-26 15:49:00,695,695,695,695,0
2022-09-26 15:50:00,695,695,695,695,0
2022-09-26 15:51:00,695,695,695,695,0
2022-09-26 15:52:00,695,695,695,695,0
2022-09-26 15:53:00,695,695,695,695,0
2022-09-26 15:54:00,695,695,695,695,0
2022-09-26 15:55:00,695,695,695,695,0
2022-09-26 15:56:00,695,695,695,695,0
2022-09-26 15:57:00,695,695,695,695,0
2022-09-26 15:58:00,695,695,695,695,0
2022-09-26 15:59:00,695,695,695,695,0
2022-09-27 09:00:00,695,695,695,695,0
2022-09-27 09:01:00,695,695,695,695,0
2022-09-27 09:02:00,695,695,695,695,0
2022-09-27 09:03:00,695,695,695,695,0
2022-09-27 09:04:00,690,680,690,680,202000
2022-09-27 09:05:00,685,685,685,685,0
2022-09-27 09:06:00,685,680,685,680,1400
2022-09-27 09:07:00,685,685,685,685,2800
2022-09-27 09:08:00,685,685,685,685,0
2022-09-27 09:09:00,685,685,685,685,0
2022-09-27 09:10:00,685,685,685,685,0
2022-09-27 09:11:00,690,690,690,690,0
2022-09-27 09:12:00,690,690,690,690,0
2022-09-27 09:13:00,690,690,690,690,0
2022-09-27 09:14:00,690,690,690,690,3600
2022-09-27 09:15:00,690,690,690,690,0
2022-09-27 09:16:00,690,690,690,690,0
2022-09-27 09:17:00,690,690,690,690,2300
2022-09-27 09:18:00,690,690,690,690,0
2022-09-27 09:19:00,690,690,690,690,0
2022-09-27 09:20:00,690,690,690,690,0
2022-09-27 09:21:00,690,690,690,690,0
2022-09-27 09:22:00,690,690,690,690,0
2022-09-27 09:23:00,690,690,690,690,0
2022-09-27 09:24:00,685,685,685,685,0
2022-09-27 09:25:00,685,685,685,685,4700
2022-09-27 09:26:00,685,685,685,685,0
2022-09-27 09:27:00,685,685,685,685,0
2022-09-27 09:28:00,685,685,685,685,0
2022-09-27 09:29:00,690,690,690,690,3700
2022-09-27 09:30:00,690,690,690,690,0
2022-09-27 09:31:00,690,690,690,690,0
2022-09-27 09:32:00,685,685,685,685,13600
2022-09-27 09:33:00,690,680,690,680,140900
2022-09-27 09:34:00,680,680,680,680,0
2022-09-27 09:35:00,680,680,680,680,500
2022-09-27 09:36:00,680,680,680,680,0
2022-09-27 09:37:00,680,680,680,680,300
2022-09-27 09:38:00,680,680,680,680,2000
2022-09-27 09:39:00,680,680,680,680,0
2022-09-27 09:40:00,680,680,680,680,0
2022-09-27 09:41:00,690,690,690,690,100
2022-09-27 09:42:00,690,690,690,690,1000
2022-09-27 09:43:00,690,690,690,690,5500
2022-09-27 09:44:00,690,690,690,690,0
2022-09-27 09:45:00,690,690,690,690,0
2022-09-27 09:46:00,690,690,690,690,0
2022-09-27 09:47:00,690,690,690,690,0
2022-09-27 09:48:00,690,690,690,690,0
2022-09-27 09:49:00,690,690,690,690,0
2022-09-27 09:50:00,690,690,690,690,0
2022-09-27 09:51:00,690,690,690,690,0
2022-09-27 09:52:00,690,690,690,690,0
2022-09-27 09:53:00,690,690,690,690,0
2022-09-27 09:54:00,690,690,690,690,400
2022-09-27 09:55:00,690,690,690,690,0
2022-09-27 09:56:00,690,690,690,690,0
2022-09-27 09:57:00,690,690,690,690,0
2022-09-27 09:58:00,690,690,690,690,0
2022-09-27 09:59:00,690,690,690,690,0
2022-09-27 10:00:00,690,690,690,690,0
2022-09-27 10:01:00,690,690,690,690,0
2022-09-27 10:02:00,690,690,690,690,0
2022-09-27 10:03:00,690,690,690,690,0
2022-09-27 10:04:00,690,690,690,690,0
2022-09-27 10:05:00,690,690,690,690,0
2022-09-27 10:06:00,685,685,685,685,1500
2022-09-27 10:07:00,685,685,685,685,0
2022-09-27 10:08:00,685,685,685,685,0
2022-09-27 10:09:00,685,685,685,685,0
2022-09-27 10:10:00,685,685,685,685,0
2022-09-27 10:11:00,685,685,685,685,0
2022-09-27 10:12:00,685,685,685,685,0
2022-09-27 10:13:00,690,690,690,690,2000
2022-09-27 10:14:00,690,690,690,690,2200
2022-09-27 10:15:00,685,685,685,685,0
2022-09-27 10:16:00,685,685,685,685,0
2022-09-27 10:17:00,685,685,685,685,0
2022-09-27 10:18:00,690,690,690,690,200
2022-09-27 10:19:00,690,690,690,690,0
2022-09-27 10:20:00,690,690,690,690,0
2022-09-27 10:21:00,690,690,690,690,0
2022-09-27 10:22:00,690,690,690,690,0
2022-09-27 10:23:00,690,690,690,690,0
2022-09-27 10:24:00,690,690,690,690,0
2022-09-27 10:25:00,690,690,690,690,0
2022-09-27 10:26:00,690,690,690,690,0
2022-09-27 10:27:00,690,690,690,690,0
2022-09-27 10:28:00,690,690,690,690,0
2022-09-27 10:29:00,685,685,685,685,200
2022-09-27 10:30:00,690,690,690,690,5500
2022-09-27 10:31:00,690,690,690,690,0
2022-09-27 10:32:00,690,685,690,685,0
2022-09-27 10:33:00,690,685,690,685,0
2022-09-27 10:34:00,695,695,695,695,10700
2022-09-27 10:35:00,695,695,695,695,0
2022-09-27 10:36:00,695,695,695,695,0
2022-09-27 10:37:00,695,695,695,695,0
2022-09-27 10:38:00,695,695,695,695,0
2022-09-27 10:39:00,685,685,685,685,0
2022-09-27 10:40:00,685,685,685,685,0
2022-09-27 10:41:00,695,695,695,695,0
2022-09-27 10:42:00,695,695,695,695,0
2022-09-27 10:43:00,695,695,695,695,0
2022-09-27 10:44:00,695,695,695,695,0
2022-09-27 10:45:00,695,695,695,695,0
2022-09-27 10:46:00,695,695,695,695,0
2022-09-27 10:47:00,695,695,695,695,0
2022-09-27 10:48:00,695,695,695,695,0
2022-09-27 10:49:00,695,695,695,695,0
2022-09-27 10:50:00,695,695,695,695,0
2022-09-27 10:51:00,695,695,695,695,0
2022-09-27 10:52:00,695,695,695,695,0
2022-09-27 10:53:00,695,695,695,695,0
2022-09-27 10:54:00,695,695,695,695,0
2022-09-27 10:55:00,695,695,695,695,0
2022-09-27 10:56:00,695,695,695,695,0
2022-09-27 10:57:00,685,685,685,685,406500
2022-09-27 10:58:00,685,685,685,685,0
2022-09-27 10:59:00,685,685,685,685,4600
2022-09-27 11:00:00,695,695,695,695,0
2022-09-27 11:01:00,695,695,695,695,0
2022-09-27 11:02:00,685,685,685,685,300
2022-09-27 11:03:00,685,685,685,685,0
2022-09-27 11:04:00,685,685,685,685,0
2022-09-27 11:05:00,685,685,685,685,0
2022-09-27 11:06:00,685,685,685,685,0
2022-09-27 11:07:00,685,685,685,685,0
2022-09-27 11:08:00,685,685,685,685,0
2022-09-27 11:09:00,685,685,685,685,0
2022-09-27 11:10:00,685,685,685,685,0
2022-09-27 11:11:00,685,685,685,685,0
2022-09-27 11:12:00,685,685,685,685,0
2022-09-27 11:13:00,685,685,685,685,0
2022-09-27 11:14:00,685,685,685,685,0
2022-09-27 11:15:00,685,685,685,685,0
2022-09-27 11:16:00,685,685,685,685,0
2022-09-27 11:17:00,685,685,685,685,0
2022-09-27 11:18:00,685,685,685,685,0
2022-09-27 11:19:00,685,685,685,685,0
2022-09-27 11:20:00,685,685,685,685,0
2022-09-27 11:21:00,685,685,685,685,0
2022-09-27 11:22:00,685,685,685,685,0
2022-09-27 11:23:00,685,685,685,685,0
2022-09-27 11:24:00,685,685,685,685,0
2022-09-27 11:25:00,685,685,685,685,5000
2022-09-27 11:26:00,685,685,685,685,0
2022-09-27 11:27:00,685,685,685,685,100
2022-09-27 11:28:00,685,685,685,685,0
2022-09-27 11:29:00,685,685,685,685,0
2022-09-27 11:30:00,685,685,685,685,0
2022-09-27 11:31:00,685,685,685,685,0
2022-09-27 11:32:00,685,685,685,685,0
2022-09-27 11:33:00,685,685,685,685,0
2022-09-27 11:34:00,685,685,685,685,0
2022-09-27 11:35:00,685,685,685,685,0
2022-09-27 11:36:00,685,685,685,685,0
2022-09-27 11:37:00,685,685,685,685,0
2022-09-27 11:38:00,685,685,685,685,0
2022-09-27 11:39:00,685,685,685,685,0
2022-09-27 11:40:00,685,685,685,685,0
2022-09-27 11:41:00,685,685,685,685,0
2022-09-27 11:42:00,685,685,685,685,0
2022-09-27 11:43:00,685,685,685,685,0
2022-09-27 11:44:00,685,685,685,685,0
2022-09-27 11:45:00,685,685,685,685,0
2022-09-27 11:46:00,685,685,685,685,0
2022-09-27 11:47:00,685,685,685,685,0
2022-09-27 11:48:00,685,685,685,685,0
2022-09-27 11:49:00,685,685,685,685,0
2022-09-27 11:50:00,685,685,685,685,0
2022-09-27 11:51:00,685,685,685,685,0
2022-09-27 11:52:00,685,685,685,685,0
2022-09-27 11:53:00,685,685,685,685,0
2022-09-27 11:54:00,685,685,685,685,0
2022-09-27 11:55:00,685,685,685,685,0
2022-09-27 11:56:00,685,685,685,685,0
2022-09-27 11:57:00,685,685,685,685,0
2022-09-27 11:58:00,685,685,685,685,0
2022-09-27 11:59:00,685,685,685,685,0
2022-09-27 12:00:00,685,685,685,685,0
2022-09-27 12:01:00,685,685,685,685,0
2022-09-27 12:02:00,685,685,685,685,0
2022-09-27 12:03:00,685,685,685,685,0
2022-09-27 12:04:00,685,685,685,685,0
2022-09-27 12:05:00,685,685,685,685,0
2022-09-27 12:06:00,685,685,685,685,0
2022-09-27 12:07:00,685,685,685,685,0
2022-09-27 12:08:00,685,685,685,685,0
2022-09-27 12:09:00,685,685,685,685,0
2022-09-27 12:10:00,685,685,685,685,0
2022-09-27 12:11:00,685,685,685,685,0
2022-09-27 12:12:00,685,685,685,685,0
2022-09-27 12:13:00,685,685,685,685,0
2022-09-27 12:14:00,685,685,685,685,0
2022-09-27 12:15:00,685,685,685,685,0
2022-09-27 12:16:00,685,685,685,685,0
2022-09-27 12:17:00,685,685,685,685,0
2022-09-27 12:18:00,685,685,685,685,0
2022-09-27 12:19:00,685,685,685,685,0
2022-09-27 12:20:00,685,685,685,685,0
2022-09-27 12:21:00,685,685,685,685,0
2022-09-27 12:22:00,685,685,685,685,0
2022-09-27 12:23:00,685,685,685,685,0
2022-09-27 12:24:00,685,685,685,685,0
2022-09-27 12:25:00,685,685,685,685,0
2022-09-27 12:26:00,685,685,685,685,0
2022-09-27 12:27:00,685,685,685,685,0
2022-09-27 12:28:00,685,685,685,685,0
2022-09-27 12:29:00,685,685,685,685,0
2022-09-27 12:30:00,685,685,685,685,0
2022-09-27 12:31:00,685,685,685,685,0
2022-09-27 12:32:00,685,685,685,685,0
2022-09-27 12:33:00,685,685,685,685,0
2022-09-27 12:34:00,685,685,685,685,0
2022-09-27 12:35:00,685,685,685,685,0
2022-09-27 12:36:00,685,685,685,685,0
2022-09-27 12:37:00,685,685,685,685,0
2022-09-27 12:38:00,685,685,685,685,0
2022-09-27 12:39:00,685,685,685,685,0
2022-09-27 12:40:00,685,685,685,685,0
2022-09-27 12:41:00,685,685,685,685,0
2022-09-27 12:42:00,685,685,685,685,0
2022-09-27 12:43:00,685,685,685,685,0
2022-09-27 12:44:00,685,685,685,685,0
2022-09-27 12:45:00,685,685,685,685,0
2022-09-27 12:46:00,685,685,685,685,0
2022-09-27 12:47:00,685,685,685,685,0
2022-09-27 12:48:00,685,685,685,685,0
2022-09-27 12:49:00,685,685,685,685,0
2022-09-27 12:50:00,685,685,685,685,0
2022-09-27 12:51:00,685,685,685,685,0
2022-09-27 12:52:00,685,685,685,685,0
2022-09-27 12:53:00,685,685,685,685,0
2022-09-27 12:54:00,685,685,685,685,0
2022-09-27 12:55:00,685,685,685,685,0
2022-09-27 12:56:00,685,685,685,685,0
2022-09-27 12:57:00,685,685,685,685,0
2022-09-27 12:58:00,685,685,685,685,0
2022-09-27 12:59:00,685,685,685,685,0
2022-09-27 13:00:00,685,685,685,685,0
2022-09-27 13:01:00,685,685,685,685,0
2022-09-27 13:02:00,685,685,685,685,0
2022-09-27 13:03:00,685,685,685,685,0
2022-09-27 13:04:00,685,685,685,685,0
2022-09-27 13:05:00,685,685,685,685,0
2022-09-27 13:06:00,685,685,685,685,0
2022-09-27 13:07:00,685,685,685,685,0
2022-09-27 13:08:00,685,685,685,685,0
2022-09-27 13:09:00,685,685,685,685,0
2022-09-27 13:10:00,685,685,685,685,0
2022-09-27 13:11:00,685,685,685,685,0
2022-09-27 13:12:00,685,685,685,685,0
2022-09-27 13:13:00,685,685,685,685,0
2022-09-27 13:14:00,685,685,685,685,0
2022-09-27 13:15:00,685,685,685,685,0
2022-09-27 13:16:00,685,685,685,685,0
2022-09-27 13:17:00,685,685,685,685,0
2022-09-27 13:18:00,685,685,685,685,0
2022-09-27 13:19:00,685,685,685,685,0
2022-09-27 13:20:00,685,685,685,685,0
2022-09-27 13:21:00,685,685,685,685,0
2022-09-27 13:22:00,685,685,685,685,0
2022-09-27 13:23:00,685,685,685,685,0
2022-09-27 13:24:00,685,685,685,685,0
2022-09-27 13:25:00,685,685,685,685,0
2022-09-27 13:26:00,685,685,685,685,0
2022-09-27 13:27:00,685,685,685,685,0
2022-09-27 13:28:00,685,685,685,685,0
2022-09-27 13:29:00,685,685,685,685,0
2022-09-27 13:30:00,685,685,685,685,3600
2022-09-27 13:31:00,685,685,685,685,0
2022-09-27 13:32:00,685,685,685,685,3900
2022-09-27 13:33:00,685,685,685,685,0
2022-09-27 13:34:00,685,685,685,685,0
2022-09-27 13:35:00,685,685,685,685,0
2022-09-27 13:36:00,685,685,685,685,0
2022-09-27 13:37:00,685,685,685,685,0
2022-09-27 13:38:00,685,685,685,685,0
2022-09-27 13:39:00,685,685,685,685,0
2022-09-27 13:40:00,685,685,685,685,0
2022-09-27 13:41:00,685,685,685,685,0
2022-09-27 13:42:00,690,690,690,690,400
2022-09-27 13:43:00,690,690,690,690,0
2022-09-27 13:44:00,690,690,690,690,0
2022-09-27 13:45:00,690,690,690,690,0
2022-09-27 13:46:00,690,690,690,690,0
2022-09-27 13:47:00,690,690,690,690,0
2022-09-27 13:48:00,690,690,690,690,0
2022-09-27 13:49:00,690,690,690,690,0
2022-09-27 13:50:00,690,690,690,690,0
2022-09-27 13:51:00,690,690,690,690,0
2022-09-27 13:52:00,690,690,690,690,0
2022-09-27 13:53:00,690,690,690,690,0
2022-09-27 13:54:00,690,690,690,690,0
2022-09-27 13:55:00,695,695,695,695,200
2022-09-27 13:56:00,695,695,695,695,0
2022-09-27 13:57:00,695,695,695,695,0
2022-09-27 13:58:00,695,695,695,695,0
2022-09-27 13:59:00,695,695,695,695,0
2022-09-27 14:00:00,695,695,695,695,0
2022-09-27 14:01:00,695,695,695,695,0
2022-09-27 14:02:00,695,695,695,695,0
2022-09-27 14:03:00,695,695,695,695,0
2022-09-27 14:04:00,695,695,695,695,0
2022-09-27 14:05:00,695,695,695,695,0
2022-09-27 14:06:00,695,695,700,700,400
2022-09-27 14:07:00,695,695,700,700,0
2022-09-27 14:08:00,695,695,700,700,0
2022-09-27 14:09:00,695,695,700,700,0
2022-09-27 14:10:00,695,695,700,700,0
2022-09-27 14:11:00,695,695,700,700,0
2022-09-27 14:12:00,695,695,700,700,0
2022-09-27 14:13:00,695,695,695,695,6400
2022-09-27 14:14:00,695,695,695,695,0
2022-09-27 14:15:00,695,695,695,695,0
2022-09-27 14:16:00,695,695,695,695,0
2022-09-27 14:17:00,695,695,695,695,0
2022-09-27 14:18:00,695,695,695,695,0
2022-09-27 14:19:00,695,695,695,695,0
2022-09-27 14:20:00,695,695,695,695,0
2022-09-27 14:21:00,695,695,695,695,0
2022-09-27 14:22:00,695,695,695,695,0
2022-09-27 14:23:00,695,695,695,695,0
2022-09-27 14:24:00,695,695,695,695,0
2022-09-27 14:25:00,695,695,695,695,0
2022-09-27 14:26:00,695,695,695,695,0
2022-09-27 14:27:00,690,690,690,690,1500
2022-09-27 14:28:00,690,690,690,690,0
2022-09-27 14:29:00,690,690,690,690,0
2022-09-27 14:30:00,690,690,690,690,0
2022-09-27 14:31:00,690,690,690,690,0
2022-09-27 14:32:00,690,690,690,690,0
2022-09-27 14:33:00,690,690,690,690,0
2022-09-27 14:34:00,690,690,690,690,0
2022-09-27 14:35:00,690,690,690,690,0
2022-09-27 14:36:00,690,690,690,690,0
2022-09-27 14:37:00,690,690,690,690,0
2022-09-27 14:38:00,690,690,690,690,0
2022-09-27 14:39:00,690,690,690,690,0
2022-09-27 14:40:00,690,690,690,690,0
2022-09-27 14:41:00,690,690,690,690,0
2022-09-27 14:42:00,690,690,690,690,0
2022-09-27 14:43:00,690,690,690,690,0
2022-09-27 14:44:00,690,690,690,690,0
2022-09-27 14:45:00,690,690,690,690,0
2022-09-27 14:46:00,690,690,690,690,0
2022-09-27 14:47:00,690,690,690,690,0
2022-09-27 14:48:00,690,690,690,690,0
2022-09-27 14:49:00,690,690,690,690,0
2022-09-27 14:50:00,690,690,690,690,0
2022-09-27 14:51:00,690,690,690,690,0
2022-09-27 14:52:00,690,690,690,690,0
2022-09-27 14:53:00,690,690,690,690,0
2022-09-27 14:54:00,690,690,690,690,0
2022-09-27 14:55:00,690,690,690,690,0
2022-09-27 14:56:00,690,690,690,690,0
2022-09-27 14:57:00,690,690,690,690,0
2022-09-27 14:58:00,690,690,690,690,0
2022-09-27 14:59:00,690,690,690,690,0
2022-09-27 15:00:00,680,680,680,680,39100
2022-09-27 15:01:00,680,680,680,680,0
2022-09-27 15:02:00,680,680,680,680,0
2022-09-27 15:03:00,680,680,680,680,0
2022-09-27 15:04:00,680,680,680,680,0
2022-09-27 15:05:00,680,680,680,680,0
2022-09-27 15:06:00,680,680,680,680,0
2022-09-27 15:07:00,680,680,680,680,0
2022-09-27 15:08:00,680,680,680,680,0
2022-09-27 15:09:00,680,680,680,680,0
2022-09-27 15:10:00,680,680,680,680,0
2022-09-27 15:11:00,680,680,680,680,0
2022-09-27 15:12:00,680,680,680,680,0
2022-09-27 15:13:00,680,680,680,680,0
2022-09-27 15:14:00,680,680,680,680,0
2022-09-27 15:15:00,680,680,680,680,0
2022-09-27 15:16:00,680,680,680,680,0
2022-09-27 15:17:00,680,680,680,680,0
2022-09-27 15:18:00,680,680,680,680,0
2022-09-27 15:19:00,680,680,680,680,0
2022-09-27 15:20:00,680,680,680,680,0
2022-09-27 15:21:00,680,680,680,680,0
2022-09-27 15:22:00,680,680,680,680,0
2022-09-27 15:23:00,680,680,680,680,0
2022-09-27 15:24:00,680,680,680,680,0
2022-09-27 15:25:00,680,680,680,680,0
2022-09-27 15:26:00,680,680,680,680,0
2022-09-27 15:27:00,680,680,680,680,0
2022-09-27 15:28:00,680,680,680,680,0
2022-09-27 15:29:00,680,680,680,680,0
2022-09-27 15:30:00,680,680,680,680,0
2022-09-27 15:31:00,680,680,680,680,0
2022-09-27 15:32:00,680,680,680,680,0
2022-09-27 15:33:00,680,680,680,680,0
2022-09-27 15:34:00,680,680,680,680,0
2022-09-27 15:35:00,680,680,680,680,0
2022-09-27 15:36:00,680,680,680,680,0
2022-09-27 15:37:00,680,680,680,680,0
2022-09-27 15:38:00,680,680,680,680,0
2022-09-27 15:39:00,680,680,680,680,0
2022-09-27 15:40:00,680,680,680,680,0
2022-09-27 15:41:00,680,680,680,680,0
2022-09-27 15:42:00,680,680,680,680,0
2022-09-27 15:43:00,680,680,680,680,0
2022-09-27 15:44:00,680,680,680,680,0
2022-09-27 15:45:00,680,680,680,680,0
2022-09-27 15:46:00,680,680,680,680,0
2022-09-27 15:47:00,680,680,680,680,0
2022-09-27 15:48:00,680,680,680,680,0
2022-09-27 15:49:00,680,680,680,680,0
2022-09-27 15:50:00,680,680,680,680,0
2022-09-27 15:51:00,680,680,680,680,0
2022-09-27 15:52:00,680,680,680,680,0
2022-09-27 15:53:00,680,680,680,680,0
2022-09-27 15:54:00,680,680,680,680,0
2022-09-27 15:55:00,680,680,680,680,0
2022-09-27 15:56:00,680,680,680,680,0
2022-09-27 15:57:00,680,680,680,680,0
2022-09-27 15:58:00,680,680,680,680,0
2022-09-27 15:59:00,680,680,680,680,0
2022-09-28 09:00:00,680,680,680,680,0
2022-09-28 09:01:00,680,680,680,680,0
2022-09-28 09:02:00,680,680,680,680,0
2022-09-28 09:03:00,680,680,680,680,0
2022-09-28 09:04:00,685,680,685,680,5000
2022-09-28 09:05:00,685,680,685,680,0
2022-09-28 09:06:00,685,680,685,680,0
2022-09-28 09:07:00,680,680,680,680,0
2022-09-28 09:08:00,680,680,680,680,0
2022-09-28 09:09:00,680,680,680,680,0
2022-09-28 09:10:00,680,680,680,680,0
2022-09-28 09:11:00,680,680,680,680,0
2022-09-28 09:12:00,680,680,680,680,300
2022-09-28 09:13:00,680,680,680,680,0
2022-09-28 09:14:00,680,680,680,680,0
2022-09-28 09:15:00,680,680,680,680,0
2022-09-28 09:16:00,680,680,680,680,0
2022-09-28 09:17:00,680,680,680,680,0
2022-09-28 09:18:00,680,680,680,680,2000
2022-09-28 09:19:00,680,680,680,680,34500
2022-09-28 09:20:00,680,680,680,680,0
2022-09-28 09:21:00,680,680,680,680,0
2022-09-28 09:22:00,680,680,680,680,0
2022-09-28 09:23:00,680,680,680,680,0
2022-09-28 09:24:00,680,680,680,680,0
2022-09-28 09:25:00,705,705,705,705,0
2022-09-28 09:26:00,710,705,710,705,100
2022-09-28 09:27:00,710,705,710,705,0
2022-09-28 09:28:00,710,705,710,705,0
2022-09-28 09:29:00,710,705,710,705,0
2022-09-28 09:30:00,705,705,705,705,600
2022-09-28 09:31:00,685,680,685,680,600
2022-09-28 09:32:00,685,680,685,680,0
2022-09-28 09:33:00,685,680,685,680,0
2022-09-28 09:34:00,685,680,685,680,0
2022-09-28 09:35:00,685,680,685,680,0
2022-09-28 09:36:00,685,680,685,680,0
2022-09-28 09:37:00,685,680,685,680,0
2022-09-28 09:38:00,685,680,685,680,0
2022-09-28 09:39:00,685,680,685,680,0
2022-09-28 09:40:00,685,680,685,680,0
2022-09-28 09:41:00,685,680,685,680,0
2022-09-28 09:42:00,685,680,685,680,0
2022-09-28 09:43:00,685,680,685,680,0
2022-09-28 09:44:00,685,680,685,680,0
2022-09-28 09:45:00,685,680,685,680,0
2022-09-28 09:46:00,685,680,685,680,0
2022-09-28 09:47:00,685,680,685,680,0
2022-09-28 09:48:00,690,685,690,685,1500
2022-09-28 09:49:00,690,685,690,685,0
2022-09-28 09:50:00,690,685,690,685,0
2022-09-28 09:51:00,690,685,690,685,0
2022-09-28 09:52:00,690,685,690,685,0
2022-09-28 09:53:00,690,685,690,685,0
2022-09-28 09:54:00,690,685,690,685,0
2022-09-28 09:55:00,690,685,690,685,0
2022-09-28 09:56:00,690,685,690,685,0
2022-09-28 09:57:00,690,685,690,685,0
2022-09-28 09:58:00,690,685,690,685,0
2022-09-28 09:59:00,690,685,690,685,0
2022-09-28 10:00:00,690,685,690,685,0
2022-09-28 10:01:00,690,685,690,685,0
2022-09-28 10:02:00,690,685,690,685,0
2022-09-28 10:03:00,690,685,690,685,0
2022-09-28 10:04:00,690,685,690,685,0
2022-09-28 10:05:00,690,685,690,685,0
2022-09-28 10:06:00,690,685,690,685,0
2022-09-28 10:07:00,690,685,690,685,0
2022-09-28 10:08:00,690,685,690,685,0
2022-09-28 10:09:00,690,685,690,685,0
2022-09-28 10:10:00,690,685,690,685,0
2022-09-28 10:11:00,690,685,690,685,0
2022-09-28 10:12:00,690,685,690,685,0
2022-09-28 10:13:00,690,685,690,685,0
2022-09-28 10:14:00,690,685,690,685,0
2022-09-28 10:15:00,690,685,690,685,0
2022-09-28 10:16:00,690,685,690,685,0
2022-09-28 10:17:00,690,685,690,685,0
2022-09-28 10:18:00,690,685,690,685,0
2022-09-28 10:19:00,690,685,690,685,0
2022-09-28 10:20:00,690,685,690,685,0
2022-09-28 10:21:00,690,685,690,685,0
2022-09-28 10:22:00,690,685,690,685,0
2022-09-28 10:23:00,690,685,690,685,0
2022-09-28 10:24:00,690,685,690,685,0
2022-09-28 10:25:00,690,685,690,685,0
2022-09-28 10:26:00,690,685,690,685,0
2022-09-28 10:27:00,690,685,690,685,0
2022-09-28 10:28:00,690,685,690,685,0
2022-09-28 10:29:00,690,685,690,685,0
2022-09-28 10:30:00,690,685,690,685,0
2022-09-28 10:31:00,690,685,690,685,0
2022-09-28 10:32:00,690,685,690,685,0
2022-09-28 10:33:00,690,685,690,685,0
2022-09-28 10:34:00,690,685,690,685,0
2022-09-28 10:35:00,690,685,690,685,0
2022-09-28 10:36:00,690,685,690,685,0
2022-09-28 10:37:00,690,685,690,685,0
2022-09-28 10:38:00,690,690,690,690,100
2022-09-28 10:39:00,690,690,690,690,0
2022-09-28 10:40:00,690,690,690,690,0
2022-09-28 10:41:00,690,690,690,690,0
2022-09-28 10:42:00,690,690,690,690,0
2022-09-28 10:43:00,690,690,690,690,0
2022-09-28 10:44:00,690,690,690,690,0
2022-09-28 10:45:00,690,690,690,690,0
2022-09-28 10:46:00,690,690,690,690,0
2022-09-28 10:47:00,690,690,690,690,2700
2022-09-28 10:48:00,690,690,690,690,100
2022-09-28 10:49:00,690,690,690,690,0
2022-09-28 10:50:00,690,690,690,690,0
2022-09-28 10:51:00,690,690,690,690,0
2022-09-28 10:52:00,690,690,690,690,600
2022-09-28 10:53:00,690,690,690,690,0
2022-09-28 10:54:00,690,685,690,685,11500
2022-09-28 10:55:00,690,685,690,685,0
2022-09-28 10:56:00,690,685,690,685,0
2022-09-28 10:57:00,690,685,690,685,0
2022-09-28 10:58:00,690,685,690,685,0
2022-09-28 10:59:00,690,690,690,690,1000
2022-09-28 11:00:00,690,690,690,690,0
2022-09-28 11:01:00,690,690,690,690,0
2022-09-28 11:02:00,690,690,690,690,0
2022-09-28 11:03:00,690,690,690,690,0
2022-09-28 11:04:00,690,690,690,690,0
2022-09-28 11:05:00,690,690,690,690,0
2022-09-28 11:06:00,690,690,690,690,0
2022-09-28 11:07:00,690,690,690,690,0
2022-09-28 11:08:00,690,690,690,690,0
2022-09-28 11:09:00,690,690,690,690,0
2022-09-28 11:10:00,690,690,690,690,1600
2022-09-28 11:11:00,690,690,690,690,0
2022-09-28 11:12:00,690,690,690,690,0
2022-09-28 11:13:00,690,690,690,690,0
2022-09-28 11:14:00,690,690,690,690,0
2022-09-28 11:15:00,690,690,690,690,0
2022-09-28 11:16:00,690,690,690,690,0
2022-09-28 11:17:00,690,690,690,690,0
2022-09-28 11:18:00,690,690,690,690,0
2022-09-28 11:19:00,690,690,690,690,0
2022-09-28 11:20:00,690,690,690,690,0
2022-09-28 11:21:00,690,690,690,690,0
2022-09-28 11:22:00,690,690,690,690,0
2022-09-28 11:23:00,685,685,685,685,100
2022-09-28 11:24:00,685,685,685,685,0
2022-09-28 11:25:00,685,685,685,685,0
2022-09-28 11:26:00,685,685,685,685,0
2022-09-28 11:27:00,685,685,685,685,0
2022-09-28 11:28:00,685,685,685,685,0
2022-09-28 11:29:00,685,685,685,685,0
2022-09-28 11:30:00,685,685,685,685,0
2022-09-28 11:31:00,685,685,685,685,0
2022-09-28 11:32:00,685,685,685,685,0
2022-09-28 11:33:00,685,685,685,685,0
2022-09-28 11:34:00,685,685,685,685,0
2022-09-28 11:35:00,685,685,685,685,0
2022-09-28 11:36:00,685,685,685,685,0
2022-09-28 11:37:00,685,685,685,685,0
2022-09-28 11:38:00,685,685,685,685,0
2022-09-28 11:39:00,685,685,685,685,0
2022-09-28 11:40:00,685,685,685,685,0
2022-09-28 11:41:00,685,685,685,685,0
2022-09-28 11:42:00,685,685,685,685,0
2022-09-28 11:43:00,685,685,685,685,0
2022-09-28 11:44:00,685,685,685,685,0
2022-09-28 11:45:00,685,685,685,685,0
2022-09-28 11:46:00,685,685,685,685,0
2022-09-28 11:47:00,685,685,685,685,0
2022-09-28 11:48:00,685,685,685,685,0
2022-09-28 11:49:00,685,685,685,685,0
2022-09-28 11:50:00,685,685,685,685,0
2022-09-28 11:51:00,685,685,685,685,0
2022-09-28 11:52:00,685,685,685,685,0
2022-09-28 11:53:00,685,685,685,685,0
2022-09-28 11:54:00,685,685,685,685,0
2022-09-28 11:55:00,685,685,685,685,0
2022-09-28 11:56:00,685,685,685,685,0
2022-09-28 11:57:00,685,685,685,685,0
2022-09-28 11:58:00,685,685,685,685,0
2022-09-28 11:59:00,685,685,685,685,0
2022-09-28 12:00:00,685,685,685,685,0
2022-09-28 12:01:00,685,685,685,685,0
2022-09-28 12:02:00,685,685,685,685,0
2022-09-28 12:03:00,685,685,685,685,0
2022-09-28 12:04:00,685,685,685,685,0
2022-09-28 12:05:00,685,685,685,685,0
2022-09-28 12:06:00,685,685,685,685,0
2022-09-28 12:07:00,685,685,685,685,0
2022-09-28 12:08:00,685,685,685,685,0
2022-09-28 12:09:00,685,685,685,685,0
2022-09-28 12:10:00,685,685,685,685,0
2022-09-28 12:11:00,685,685,685,685,0
2022-09-28 12:12:00,685,685,685,685,0
2022-09-28 12:13:00,685,685,685,685,0
2022-09-28 12:14:00,685,685,685,685,0
2022-09-28 12:15:00,685,685,685,685,0
2022-09-28 12:16:00,685,685,685,685,0
2022-09-28 12:17:00,685,685,685,685,0
2022-09-28 12:18:00,685,685,685,685,0
2022-09-28 12:19:00,685,685,685,685,0
2022-09-28 12:20:00,685,685,685,685,0
2022-09-28 12:21:00,685,685,685,685,0
2022-09-28 12:22:00,685,685,685,685,0
2022-09-28 12:23:00,685,685,685,685,0
2022-09-28 12:24:00,685,685,685,685,0
2022-09-28 12:25:00,685,685,685,685,0
2022-09-28 12:26:00,685,685,685,685,0
2022-09-28 12:27:00,685,685,685,685,0
2022-09-28 12:28:00,685,685,685,685,0
2022-09-28 12:29:00,685,685,685,685,0
2022-09-28 12:30:00,685,685,685,685,0
2022-09-28 12:31:00,685,685,685,685,0
2022-09-28 12:32:00,685,685,685,685,0
2022-09-28 12:33:00,685,685,685,685,0
2022-09-28 12:34:00,685,685,685,685,0
2022-09-28 12:35:00,685,685,685,685,0
2022-09-28 12:36:00,685,685,685,685,0
2022-09-28 12:37:00,685,685,685,685,0
2022-09-28 12:38:00,685,685,685,685,0
2022-09-28 12:39:00,685,685,685,685,0
2022-09-28 12:40:00,685,685,685,685,0
2022-09-28 12:41:00,685,685,685,685,0
2022-09-28 12:42:00,685,685,685,685,0
2022-09-28 12:43:00,685,685,685,685,0
2022-09-28 12:44:00,685,685,685,685,0
2022-09-28 12:45:00,685,685,685,685,0
2022-09-28 12:46:00,685,685,685,685,0
2022-09-28 12:47:00,685,685,685,685,0
2022-09-28 12:48:00,685,685,685,685,0
2022-09-28 12:49:00,685,685,685,685,0
2022-09-28 12:50:00,685,685,685,685,0
2022-09-28 12:51:00,685,685,685,685,0
2022-09-28 12:52:00,685,685,685,685,0
2022-09-28 12:53:00,685,685,685,685,0
2022-09-28 12:54:00,685,685,685,685,0
2022-09-28 12:55:00,685,685,685,685,0
2022-09-28 12:56:00,685,685,685,685,0
2022-09-28 12:57:00,685,685,685,685,0
2022-09-28 12:58:00,685,685,685,685,0
2022-09-28 12:59:00,685,685,685,685,0
2022-09-28 13:00:00,685,685,685,685,0
2022-09-28 13:01:00,685,685,685,685,0
2022-09-28 13:02:00,685,685,685,685,0
2022-09-28 13:03:00,685,685,685,685,0
2022-09-28 13:04:00,685,685,685,685,0
2022-09-28 13:05:00,685,685,685,685,0
2022-09-28 13:06:00,685,685,685,685,0
2022-09-28 13:07:00,685,685,685,685,0
2022-09-28 13:08:00,685,685,685,685,0
2022-09-28 13:09:00,685,685,685,685,0
2022-09-28 13:10:00,685,685,685,685,0
2022-09-28 13:11:00,685,685,685,685,0
2022-09-28 13:12:00,685,685,685,685,0
2022-09-28 13:13:00,685,685,685,685,0
2022-09-28 13:14:00,685,685,685,685,0
2022-09-28 13:15:00,685,685,685,685,0
2022-09-28 13:16:00,685,685,685,685,0
2022-09-28 13:17:00,685,685,685,685,0
2022-09-28 13:18:00,685,685,685,685,0
2022-09-28 13:19:00,685,685,685,685,0
2022-09-28 13:20:00,685,685,685,685,0
2022-09-28 13:21:00,685,685,685,685,0
2022-09-28 13:22:00,685,685,685,685,0
2022-09-28 13:23:00,685,685,685,685,0
2022-09-28 13:24:00,685,685,685,685,0
2022-09-28 13:25:00,685,685,685,685,0
2022-09-28 13:26:00,685,685,685,685,0
2022-09-28 13:27:00,685,685,685,685,0
2022-09-28 13:28:00,685,685,685,685,0
2022-09-28 13:29:00,685,685,685,685,0
2022-09-28 13:30:00,685,685,685,685,0
2022-09-28 13:31:00,685,685,685,685,0
2022-09-28 13:32:00,685,685,685,685,0
2022-09-28 13:33:00,685,685,685,685,0
2022-09-28 13:34:00,685,685,685,685,0
2022-09-28 13:35:00,685,685,685,685,0
2022-09-28 13:36:00,685,685,685,685,0
2022-09-28 13:37:00,685,685,685,685,0
2022-09-28 13:38:00,685,685,685,685,0
2022-09-28 13:39:00,685,685,685,685,0
2022-09-28 13:40:00,685,685,685,685,0
2022-09-28 13:41:00,685,685,685,685,0
2022-09-28 13:42:00,685,685,685,685,0
2022-09-28 13:43:00,685,685,685,685,0
2022-09-28 13:44:00,685,685,685,685,0
2022-09-28 13:45:00,685,685,685,685,0
2022-09-28 13:46:00,685,685,685,685,0
2022-09-28 13:47:00,685,685,685,685,0
2022-09-28 13:48:00,685,685,685,685,0
2022-09-28 13:49:00,685,685,685,685,0
2022-09-28 13:50:00,685,685,685,685,0
2022-09-28 13:51:00,685,685,685,685,0
2022-09-28 13:52:00,690,690,690,690,100
2022-09-28 13:53:00,690,690,690,690,0
2022-09-28 13:54:00,690,690,690,690,0
2022-09-28 13:55:00,690,690,690,690,0
2022-09-28 13:56:00,690,690,690,690,0
2022-09-28 13:57:00,690,690,690,690,0
2022-09-28 13:58:00,690,690,690,690,0
2022-09-28 13:59:00,690,690,690,690,0
2022-09-28 14:00:00,690,690,690,690,200
2022-09-28 14:01:00,690,690,690,690,0
2022-09-28 14:02:00,690,690,690,690,0
2022-09-28 14:03:00,690,690,690,690,0
2022-09-28 14:04:00,690,690,690,690,0
2022-09-28 14:05:00,690,690,690,690,0
2022-09-28 14:06:00,690,690,690,690,0
2022-09-28 14:07:00,690,690,690,690,0
2022-09-28 14:08:00,690,690,690,690,0
2022-09-28 14:09:00,690,690,690,690,0
2022-09-28 14:10:00,690,690,690,690,0
2022-09-28 14:11:00,690,690,690,690,0
2022-09-28 14:12:00,685,685,685,685,1500
2022-09-28 14:13:00,685,685,685,685,0
2022-09-28 14:14:00,685,685,685,685,0
2022-09-28 14:15:00,685,675,685,675,164100
2022-09-28 14:16:00,685,675,685,675,0
2022-09-28 14:17:00,685,675,685,675,0
2022-09-28 14:18:00,685,675,685,675,0
2022-09-28 14:19:00,685,675,685,675,0
2022-09-28 14:20:00,685,675,685,675,0
2022-09-28 14:21:00,685,675,685,675,0
2022-09-28 14:22:00,675,675,675,675,0
2022-09-28 14:23:00,675,675,675,675,2700
2022-09-28 14:24:00,675,675,675,675,40700
2022-09-28 14:25:00,670,670,670,670,129100
2022-09-28 14:26:00,670,670,670,670,100
2022-09-28 14:27:00,670,670,670,670,0
2022-09-28 14:28:00,670,670,670,670,0
2022-09-28 14:29:00,670,670,670,670,0
2022-09-28 14:30:00,670,670,670,670,0
2022-09-28 14:31:00,670,670,670,670,0
2022-09-28 14:32:00,670,670,670,670,0
2022-09-28 14:33:00,665,665,670,670,1300
2022-09-28 14:34:00,670,670,670,670,1800
2022-09-28 14:35:00,670,665,670,665,13400
2022-09-28 14:36:00,670,665,670,665,0
2022-09-28 14:37:00,670,665,670,665,0
2022-09-28 14:38:00,665,660,665,660,703500
2022-09-28 14:39:00,660,655,660,655,23900
2022-09-28 14:40:00,660,655,660,655,0
2022-09-28 14:41:00,660,660,660,660,200
2022-09-28 14:42:00,655,650,655,650,125700
2022-09-28 14:43:00,645,645,645,645,13800
2022-09-28 14:44:00,650,650,650,650,16200
2022-09-28 14:45:00,650,650,650,650,0
2022-09-28 14:46:00,650,650,650,650,0
2022-09-28 14:47:00,650,650,650,650,0
2022-09-28 14:48:00,645,645,650,650,120800
2022-09-28 14:49:00,660,660,670,670,14300
2022-09-28 14:50:00,660,660,670,670,0
2022-09-28 14:51:00,660,660,670,670,0
2022-09-28 14:52:00,660,660,670,670,0
2022-09-28 14:53:00,660,660,670,670,0
2022-09-28 14:54:00,660,660,670,670,0
2022-09-28 14:55:00,660,660,670,670,0
2022-09-28 14:56:00,660,660,670,670,0
2022-09-28 14:57:00,660,660,670,670,0
2022-09-28 14:58:00,660,660,670,670,0
2022-09-28 14:59:00,660,660,670,670,0
2022-09-28 15:00:00,665,665,665,665,19700
2022-09-28 15:01:00,665,665,665,665,0
2022-09-28 15:02:00,665,665,665,665,0
2022-09-28 15:03:00,665,665,665,665,0
2022-09-28 15:04:00,665,665,665,665,0
2022-09-28 15:05:00,665,665,665,665,0
2022-09-28 15:06:00,665,665,665,665,0
2022-09-28 15:07:00,665,665,665,665,200
2022-09-28 15:08:00,665,665,665,665,0
2022-09-28 15:09:00,665,665,665,665,0
2022-09-28 15:10:00,665,665,665,665,0
2022-09-28 15:11:00,665,665,665,665,0
2022-09-28 15:12:00,665,665,665,665,0
2022-09-28 15:13:00,665,665,665,665,0
2022-09-28 15:14:00,665,665,665,665,0
2022-09-28 15:15:00,665,665,665,665,0
2022-09-28 15:16:00,665,665,665,665,0
2022-09-28 15:17:00,665,665,665,665,0
2022-09-28 15:18:00,665,665,665,665,0
2022-09-28 15:19:00,665,665,665,665,0
2022-09-28 15:20:00,665,665,665,665,0
2022-09-28 15:21:00,665,665,665,665,0
2022-09-28 15:22:00,665,665,665,665,0
2022-09-28 15:23:00,665,665,665,665,0
2022-09-28 15:24:00,665,665,665,665,0
2022-09-28 15:25:00,665,665,665,665,0
2022-09-28 15:26:00,665,665,665,665,0
2022-09-28 15:27:00,665,665,665,665,0
2022-09-28 15:28:00,665,665,665,665,0
2022-09-28 15:29:00,665,665,665,665,0
2022-09-28 15:30:00,665,665,665,665,0
2022-09-28 15:31:00,665,665,665,665,0
2022-09-28 15:32:00,665,665,665,665,0
2022-09-28 15:33:00,665,665,665,665,0
2022-09-28 15:34:00,665,665,665,665,0
2022-09-28 15:35:00,665,665,665,665,0
2022-09-28 15:36:00,665,665,665,665,0
2022-09-28 15:37:00,665,665,665,665,0
2022-09-28 15:38:00,665,665,665,665,0
2022-09-28 15:39:00,665,665,665,665,0
2022-09-28 15:40:00,665,665,665,665,0
2022-09-28 15:41:00,665,665,665,665,0
2022-09-28 15:42:00,665,665,665,665,0
2022-09-28 15:43:00,665,665,665,665,0
2022-09-28 15:44:00,665,665,665,665,0
2022-09-28 15:45:00,665,665,665,665,0
2022-09-28 15:46:00,665,665,665,665,0
2022-09-28 15:47:00,665,665,665,665,0
2022-09-28 15:48:00,665,665,665,665,0
2022-09-28 15:49:00,665,665,665,665,0
2022-09-28 15:50:00,665,665,665,665,0
2022-09-28 15:51:00,665,665,665,665,0
2022-09-28 15:52:00,665,665,665,665,0
2022-09-28 15:53:00,665,665,665,665,0
2022-09-28 15:54:00,665,665,665,665,0
2022-09-28 15:55:00,665,665,665,665,0
2022-09-28 15:56:00,665,665,665,665,0
2022-09-28 15:57:00,665,665,665,665,0
2022-09-28 15:58:00,665,665,665,665,0
2022-09-28 15:59:00,665,665,665,665,0
2022-09-29 09:00:00,665,665,665,665,0
2022-09-29 09:01:00,665,645,665,645,23300
2022-09-29 09:02:00,665,645,665,645,0
2022-09-29 09:03:00,650,650,650,650,700
2022-09-29 09:04:00,650,650,650,650,2600
2022-09-29 09:05:00,650,650,650,650,0
2022-09-29 09:06:00,650,650,650,650,0
2022-09-29 09:07:00,650,650,650,650,0
2022-09-29 09:08:00,655,650,655,650,0
2022-09-29 09:09:00,655,650,655,650,0
2022-09-29 09:10:00,655,650,655,650,0
2022-09-29 09:11:00,655,650,655,650,0
2022-09-29 09:12:00,655,650,655,650,0
2022-09-29 09:13:00,660,660,660,660,800
2022-09-29 09:14:00,670,670,670,670,6400
2022-09-29 09:15:00,670,670,670,670,0
2022-09-29 09:16:00,670,670,670,670,0
2022-09-29 09:17:00,670,670,670,670,0
2022-09-29 09:18:00,670,670,670,670,0
2022-09-29 09:19:00,670,670,670,670,5700
2022-09-29 09:20:00,670,670,670,670,0
2022-09-29 09:21:00,670,670,670,670,0
2022-09-29 09:22:00,670,670,670,670,0
2022-09-29 09:23:00,670,670,670,670,0
2022-09-29 09:24:00,670,670,670,670,0
2022-09-29 09:25:00,670,670,670,670,0
2022-09-29 09:26:00,675,675,675,675,0
2022-09-29 09:27:00,675,675,675,675,0
2022-09-29 09:28:00,675,675,675,675,0
2022-09-29 09:29:00,675,675,675,675,200
2022-09-29 09:30:00,670,670,670,670,100
2022-09-29 09:31:00,670,670,670,670,0
2022-09-29 09:32:00,670,670,670,670,0
2022-09-29 09:33:00,670,670,670,670,0
2022-09-29 09:34:00,670,670,670,670,0
2022-09-29 09:35:00,670,670,670,670,0
2022-09-29 09:36:00,670,670,670,670,0
2022-09-29 09:37:00,670,670,670,670,0
2022-09-29 09:38:00,670,670,670,670,0
2022-09-29 09:39:00,670,670,670,670,600
2022-09-29 09:40:00,670,670,670,670,0
2022-09-29 09:41:00,670,670,670,670,0
2022-09-29 09:42:00,670,670,670,670,22500
2022-09-29 09:43:00,670,670,670,670,0
2022-09-29 09:44:00,670,670,670,670,0
2022-09-29 09:45:00,670,670,670,670,0
2022-09-29 09:46:00,670,670,670,670,0
2022-09-29 09:47:00,670,670,670,670,0
2022-09-29 09:48:00,670,670,670,670,0
2022-09-29 09:49:00,670,670,670,670,0
2022-09-29 09:50:00,670,670,670,670,0
2022-09-29 09:51:00,670,670,670,670,0
2022-09-29 09:52:00,670,670,670,670,0
2022-09-29 09:53:00,670,670,670,670,0
2022-09-29 09:54:00,670,670,670,670,0
2022-09-29 09:55:00,670,670,670,670,0
2022-09-29 09:56:00,670,670,670,670,0
2022-09-29 09:57:00,670,670,670,670,0
2022-09-29 09:58:00,675,675,675,675,2000
2022-09-29 09:59:00,675,675,675,675,0
2022-09-29 10:00:00,675,675,675,675,0
2022-09-29 10:01:00,675,675,675,675,100
2022-09-29 10:02:00,675,675,675,675,100
2022-09-29 10:03:00,675,675,675,675,0
2022-09-29 10:04:00,675,675,675,675,0
2022-09-29 10:05:00,675,675,675,675,0
2022-09-29 10:06:00,675,675,675,675,0
2022-09-29 10:07:00,675,675,675,675,0
2022-09-29 10:08:00,675,675,675,675,0
2022-09-29 10:09:00,675,675,675,675,0
2022-09-29 10:10:00,675,675,675,675,0
2022-09-29 10:11:00,675,675,675,675,0
2022-09-29 10:12:00,675,675,675,675,5100
2022-09-29 10:13:00,675,675,675,675,0
2022-09-29 10:14:00,675,675,675,675,100
2022-09-29 10:15:00,675,675,675,675,0
2022-09-29 10:16:00,670,670,670,670,30700
2022-09-29 10:17:00,670,670,670,670,0
2022-09-29 10:18:00,670,670,670,670,0
2022-09-29 10:19:00,675,675,675,675,0
2022-09-29 10:20:00,675,675,675,675,0
2022-09-29 10:21:00,675,675,675,675,0
2022-09-29 10:22:00,675,675,675,675,0
2022-09-29 10:23:00,675,675,675,675,0
2022-09-29 10:24:00,675,675,675,675,400
2022-09-29 10:25:00,675,675,675,675,0
2022-09-29 10:26:00,675,675,675,675,0
2022-09-29 10:27:00,675,675,675,675,0
2022-09-29 10:28:00,675,675,675,675,0
2022-09-29 10:29:00,670,670,670,670,1000
2022-09-29 10:30:00,670,670,670,670,0
2022-09-29 10:31:00,670,670,670,670,0
2022-09-29 10:32:00,670,670,670,670,0
2022-09-29 10:33:00,670,670,670,670,0
2022-09-29 10:34:00,670,670,670,670,0
2022-09-29 10:35:00,670,670,670,670,0
2022-09-29 10:36:00,670,670,670,670,0
2022-09-29 10:37:00,670,670,670,670,0
2022-09-29 10:38:00,670,670,670,670,0
2022-09-29 10:39:00,670,670,670,670,0
2022-09-29 10:40:00,670,670,670,670,0
2022-09-29 10:41:00,670,670,670,670,0
2022-09-29 10:42:00,670,670,670,670,0
2022-09-29 10:43:00,670,670,670,670,0
2022-09-29 10:44:00,670,670,670,670,0
2022-09-29 10:45:00,670,670,670,670,0
2022-09-29 10:46:00,670,670,670,670,0
2022-09-29 10:47:00,670,670,670,670,0
2022-09-29 10:48:00,670,670,670,670,0
2022-09-29 10:49:00,670,670,670,670,0
2022-09-29 10:50:00,670,670,670,670,0
2022-09-29 10:51:00,670,670,670,670,0
2022-09-29 10:52:00,670,670,670,670,0
2022-09-29 10:53:00,670,670,670,670,0
2022-09-29 10:54:00,670,670,670,670,0
2022-09-29 10:55:00,670,670,670,670,0
2022-09-29 10:56:00,675,675,675,675,1000
2022-09-29 10:57:00,675,675,675,675,0
2022-09-29 10:58:00,675,675,675,675,0
2022-09-29 10:59:00,675,675,675,675,0
2022-09-29 11:00:00,675,675,675,675,0
2022-09-29 11:01:00,675,675,675,675,0
2022-09-29 11:02:00,675,675,675,675,31000
2022-09-29 11:03:00,675,675,675,675,0
2022-09-29 11:04:00,675,675,675,675,8800
2022-09-29 11:05:00,690,690,690,690,1000
2022-09-29 11:06:00,690,690,690,690,0
2022-09-29 11:07:00,690,690,690,690,0
2022-09-29 11:08:00,690,690,690,690,0
2022-09-29 11:09:00,690,690,690,690,0
2022-09-29 11:10:00,680,675,680,675,2500
2022-09-29 11:11:00,670,670,670,670,19400
2022-09-29 11:12:00,670,670,670,670,9400
2022-09-29 11:13:00,670,670,670,670,0
2022-09-29 11:14:00,670,670,670,670,0
2022-09-29 11:15:00,670,670,670,670,0
2022-09-29 11:16:00,670,670,670,670,0
2022-09-29 11:17:00,670,670,670,670,0
2022-09-29 11:18:00,670,670,670,670,0
2022-09-29 11:19:00,670,670,670,670,0
2022-09-29 11:20:00,670,670,670,670,0
2022-09-29 11:21:00,670,670,670,670,0
2022-09-29 11:22:00,670,670,670,670,0
2022-09-29 11:23:00,670,670,670,670,0
2022-09-29 11:24:00,670,670,670,670,0
2022-09-29 11:25:00,670,670,670,670,0
2022-09-29 11:26:00,670,670,670,670,0
2022-09-29 11:27:00,670,670,670,670,0
2022-09-29 11:28:00,670,670,670,670,0
2022-09-29 11:29:00,670,670,670,670,0
2022-09-29 11:30:00,670,670,670,670,0
2022-09-29 11:31:00,670,670,670,670,0
2022-09-29 11:32:00,670,670,670,670,0
2022-09-29 11:33:00,670,670,670,670,0
2022-09-29 11:34:00,670,670,670,670,0
2022-09-29 11:35:00,670,670,670,670,0
2022-09-29 11:36:00,670,670,670,670,0
2022-09-29 11:37:00,670,670,670,670,0
2022-09-29 11:38:00,670,670,670,670,0
2022-09-29 11:39:00,670,670,670,670,0
2022-09-29 11:40:00,670,670,670,670,0
2022-09-29 11:41:00,670,670,670,670,0
2022-09-29 11:42:00,670,670,670,670,0
2022-09-29 11:43:00,670,670,670,670,0
2022-09-29 11:44:00,670,670,670,670,0
2022-09-29 11:45:00,670,670,670,670,0
2022-09-29 11:46:00,670,670,670,670,0
2022-09-29 11:47:00,670,670,670,670,0
2022-09-29 11:48:00,670,670,670,670,0
2022-09-29 11:49:00,670,670,670,670,0
2022-09-29 11:50:00,670,670,670,670,0
2022-09-29 11:51:00,670,670,670,670,0
2022-09-29 11:52:00,670,670,670,670,0
2022-09-29 11:53:00,670,670,670,670,0
2022-09-29 11:54:00,670,670,670,670,0
2022-09-29 11:55:00,670,670,670,670,0
2022-09-29 11:56:00,670,670,670,670,0
2022-09-29 11:57:00,670,670,670,670,0
2022-09-29 11:58:00,670,670,670,670,0
2022-09-29 11:59:00,670,670,670,670,0
2022-09-29 12:00:00,670,670,670,670,0
2022-09-29 12:01:00,670,670,670,670,0
2022-09-29 12:02:00,670,670,670,670,0
2022-09-29 12:03:00,670,670,670,670,0
2022-09-29 12:04:00,670,670,670,670,0
2022-09-29 12:05:00,670,670,670,670,0
2022-09-29 12:06:00,670,670,670,670,0
2022-09-29 12:07:00,670,670,670,670,0
2022-09-29 12:08:00,670,670,670,670,0
2022-09-29 12:09:00,670,670,670,670,0
2022-09-29 12:10:00,670,670,670,670,0
2022-09-29 12:11:00,670,670,670,670,0
2022-09-29 12:12:00,670,670,670,670,0
2022-09-29 12:13:00,670,670,670,670,0
2022-09-29 12:14:00,670,670,670,670,0
2022-09-29 12:15:00,670,670,670,670,0
2022-09-29 12:16:00,670,670,670,670,0
2022-09-29 12:17:00,670,670,670,670,0
2022-09-29 12:18:00,670,670,670,670,0
2022-09-29 12:19:00,670,670,670,670,0
2022-09-29 12:20:00,670,670,670,670,0
2022-09-29 12:21:00,670,670,670,670,0
2022-09-29 12:22:00,670,670,670,670,0
2022-09-29 12:23:00,670,670,670,670,0
2022-09-29 12:24:00,670,670,670,670,0
2022-09-29 12:25:00,670,670,670,670,0
2022-09-29 12:26:00,670,670,670,670,0
2022-09-29 12:27:00,670,670,670,670,0
2022-09-29 12:28:00,670,670,670,670,0
2022-09-29 12:29:00,670,670,670,670,0
2022-09-29 12:30:00,670,670,670,670,0
2022-09-29 12:31:00,670,670,670,670,0
2022-09-29 12:32:00,670,670,670,670,0
2022-09-29 12:33:00,670,670,670,670,0
2022-09-29 12:34:00,670,670,670,670,0
2022-09-29 12:35:00,670,670,670,670,0
2022-09-29 12:36:00,670,670,670,670,0
2022-09-29 12:37:00,670,670,670,670,0
2022-09-29 12:38:00,670,670,670,670,0
2022-09-29 12:39:00,670,670,670,670,0
2022-09-29 12:40:00,670,670,670,670,0
2022-09-29 12:41:00,670,670,670,670,0
2022-09-29 12:42:00,670,670,670,670,0
2022-09-29 12:43:00,670,670,670,670,0
2022-09-29 12:44:00,670,670,670,670,0
2022-09-29 12:45:00,670,670,670,670,0
2022-09-29 12:46:00,670,670,670,670,0
2022-09-29 12:47:00,670,670,670,670,0
2022-09-29 12:48:00,670,670,670,670,0
2022-09-29 12:49:00,670,670,670,670,0
2022-09-29 12:50:00,670,670,670,670,0
2022-09-29 12:51:00,670,670,670,670,0
2022-09-29 12:52:00,670,670,670,670,0
2022-09-29 12:53:00,670,670,670,670,0
2022-09-29 12:54:00,670,670,670,670,0
2022-09-29 12:55:00,670,670,670,670,0
2022-09-29 12:56:00,670,670,670,670,0
2022-09-29 12:57:00,670,670,670,670,0
2022-09-29 12:58:00,670,670,670,670,0
2022-09-29 12:59:00,670,670,670,670,0
2022-09-29 13:00:00,670,670,670,670,0
2022-09-29 13:01:00,670,670,670,670,0
2022-09-29 13:02:00,670,670,670,670,0
2022-09-29 13:03:00,670,670,670,670,0
2022-09-29 13:04:00,670,670,670,670,0
2022-09-29 13:05:00,670,670,670,670,0
2022-09-29 13:06:00,670,670,670,670,0
2022-09-29 13:07:00,670,670,670,670,0
2022-09-29 13:08:00,670,670,670,670,0
2022-09-29 13:09:00,670,670,670,670,0
2022-09-29 13:10:00,670,670,670,670,0
2022-09-29 13:11:00,670,670,670,670,0
2022-09-29 13:12:00,670,670,670,670,0
2022-09-29 13:13:00,670,670,670,670,0
2022-09-29 13:14:00,670,670,670,670,0
2022-09-29 13:15:00,670,670,670,670,0
2022-09-29 13:16:00,670,670,670,670,0
2022-09-29 13:17:00,670,670,670,670,0
2022-09-29 13:18:00,670,670,670,670,0
2022-09-29 13:19:00,670,670,670,670,0
2022-09-29 13:20:00,670,670,670,670,0
2022-09-29 13:21:00,670,670,670,670,0
2022-09-29 13:22:00,670,670,670,670,0
2022-09-29 13:23:00,670,670,670,670,0
2022-09-29 13:24:00,670,670,670,670,0
2022-09-29 13:25:00,670,670,670,670,0
2022-09-29 13:26:00,670,670,670,670,0
2022-09-29 13:27:00,670,670,670,670,0
2022-09-29 13:28:00,670,670,670,670,0
2022-09-29 13:29:00,670,670,670,670,0
2022-09-29 13:30:00,670,670,690,670,27900
2022-09-29 13:31:00,670,670,690,670,0
2022-09-29 13:32:00,670,670,690,670,0
2022-09-29 13:33:00,670,670,690,670,0
2022-09-29 13:34:00,670,670,690,670,0
2022-09-29 13:35:00,670,670,690,670,0
2022-09-29 13:36:00,670,670,690,670,0
2022-09-29 13:37:00,670,670,690,670,0
2022-09-29 13:38:00,670,670,690,670,0
2022-09-29 13:39:00,670,670,690,670,0
2022-09-29 13:40:00,670,670,670,670,1500
2022-09-29 13:41:00,670,670,670,670,0
2022-09-29 13:42:00,670,670,670,670,0
2022-09-29 13:43:00,670,670,670,670,0
2022-09-29 13:44:00,670,670,670,670,0
2022-09-29 13:45:00,685,685,685,685,400
2022-09-29 13:46:00,685,685,685,685,400
2022-09-29 13:47:00,685,685,685,685,0
2022-09-29 13:48:00,685,685,685,685,0
2022-09-29 13:49:00,685,685,685,685,0
2022-09-29 13:50:00,685,685,685,685,0
2022-09-29 13:51:00,685,685,685,685,0
2022-09-29 13:52:00,685,685,685,685,0
2022-09-29 13:53:00,685,685,685,685,0
2022-09-29 13:54:00,685,685,685,685,0
2022-09-29 13:55:00,685,685,685,685,0
2022-09-29 13:56:00,685,685,685,685,0
2022-09-29 13:57:00,685,685,685,685,0
2022-09-29 13:58:00,685,685,685,685,0
2022-09-29 13:59:00,675,675,675,675,400
2022-09-29 14:00:00,675,675,675,675,0
2022-09-29 14:01:00,675,675,675,675,0
2022-09-29 14:02:00,675,675,675,675,0
2022-09-29 14:03:00,675,675,675,675,0
2022-09-29 14:04:00,675,675,675,675,0
2022-09-29 14:05:00,675,675,675,675,700
2022-09-29 14:06:00,675,675,675,675,0
2022-09-29 14:07:00,675,675,675,675,0
2022-09-29 14:08:00,675,675,675,675,0
2022-09-29 14:09:00,675,675,675,675,0
2022-09-29 14:10:00,675,675,675,675,0
2022-09-29 14:11:00,675,675,675,675,0
2022-09-29 14:12:00,675,675,675,675,0
2022-09-29 14:13:00,675,675,675,675,0
2022-09-29 14:14:00,675,675,675,675,0
2022-09-29 14:15:00,675,675,675,675,800
2022-09-29 14:16:00,675,675,675,675,0
2022-09-29 14:17:00,675,675,675,675,0
2022-09-29 14:18:00,675,675,675,675,0
2022-09-29 14:19:00,675,675,675,675,0
2022-09-29 14:20:00,675,675,675,675,0
2022-09-29 14:21:00,675,675,675,675,600
2022-09-29 14:22:00,675,675,675,675,0
2022-09-29 14:23:00,675,675,675,675,0
2022-09-29 14:24:00,675,675,675,675,0
2022-09-29 14:25:00,675,675,675,675,2900
2022-09-29 14:26:00,675,675,675,675,0
2022-09-29 14:27:00,675,675,675,675,0
2022-09-29 14:28:00,675,675,675,675,0
2022-09-29 14:29:00,675,675,675,675,0
2022-09-29 14:30:00,675,675,675,675,2400
2022-09-29 14:31:00,675,675,675,675,0
2022-09-29 14:32:00,675,675,675,675,0
2022-09-29 14:33:00,675,675,675,675,3800
2022-09-29 14:34:00,675,675,675,675,0
2022-09-29 14:35:00,675,675,675,675,0
2022-09-29 14:36:00,675,675,675,675,1500
2022-09-29 14:37:00,675,675,675,675,0
2022-09-29 14:38:00,675,675,675,675,5500
2022-09-29 14:39:00,675,675,675,675,0
2022-09-29 14:40:00,675,675,675,675,0
2022-09-29 14:41:00,675,675,675,675,0
2022-09-29 14:42:00,675,675,675,675,0
2022-09-29 14:43:00,670,670,670,670,10800
2022-09-29 14:44:00,670,670,670,670,0
2022-09-29 14:45:00,670,670,670,670,0
2022-09-29 14:46:00,670,670,670,670,19700
2022-09-29 14:47:00,670,670,670,670,0
2022-09-29 14:48:00,670,670,670,670,0
2022-09-29 14:49:00,670,670,670,670,0
2022-09-29 14:50:00,670,670,670,670,0
2022-09-29 14:51:00,670,670,670,670,0
2022-09-29 14:52:00,670,670,670,670,0
2022-09-29 14:53:00,670,670,670,670,0
2022-09-29 14:54:00,670,670,670,670,0
2022-09-29 14:55:00,670,670,670,670,0
2022-09-29 14:56:00,670,670,670,670,0
2022-09-29 14:57:00,670,670,670,670,0
2022-09-29 14:58:00,670,670,670,670,0
2022-09-29 14:59:00,670,670,670,670,0
2022-09-29 15:00:00,665,665,665,665,4300
2022-09-29 15:01:00,665,665,665,665,0
2022-09-29 15:02:00,665,665,665,665,0
2022-09-29 15:03:00,665,665,665,665,0
2022-09-29 15:04:00,665,665,665,665,0
2022-09-29 15:05:00,665,665,665,665,19100
2022-09-29 15:06:00,665,665,665,665,0
2022-09-29 15:07:00,665,665,665,665,0
2022-09-29 15:08:00,665,665,665,665,0
2022-09-29 15:09:00,665,665,665,665,200
2022-09-29 15:10:00,665,665,665,665,700
2022-09-29 15:11:00,665,665,665,665,0
2022-09-29 15:12:00,665,665,665,665,0
2022-09-29 15:13:00,665,665,665,665,0
2022-09-29 15:14:00,665,665,665,665,0
2022-09-29 15:15:00,665,665,665,665,0
2022-09-29 15:16:00,665,665,665,665,0
2022-09-29 15:17:00,665,665,665,665,0
2022-09-29 15:18:00,665,665,665,665,0
2022-09-29 15:19:00,665,665,665,665,0
2022-09-29 15:20:00,665,665,665,665,0
2022-09-29 15:21:00,665,665,665,665,0
2022-09-29 15:22:00,665,665,665,665,0
2022-09-29 15:23:00,665,665,665,665,0
2022-09-29 15:24:00,665,665,665,665,0
2022-09-29 15:25:00,665,665,665,665,0
2022-09-29 15:26:00,665,665,665,665,0
2022-09-29 15:27:00,665,665,665,665,0
2022-09-29 15:28:00,665,665,665,665,0
2022-09-29 15:29:00,665,665,665,665,0
2022-09-29 15:30:00,665,665,665,665,0
2022-09-29 15:31:00,665,665,665,665,0
2022-09-29 15:32:00,665,665,665,665,0
2022-09-29 15:33:00,665,665,665,665,0
2022-09-29 15:34:00,665,665,665,665,0
2022-09-29 15:35:00,665,665,665,665,0
2022-09-29 15:36:00,665,665,665,665,0
2022-09-29 15:37:00,665,665,665,665,0
2022-09-29 15:38:00,665,665,665,665,0
2022-09-29 15:39:00,665,665,665,665,0
2022-09-29 15:40:00,665,665,665,665,0
2022-09-29 15:41:00,665,665,665,665,0
2022-09-29 15:42:00,665,665,665,665,0
2022-09-29 15:43:00,665,665,665,665,0
2022-09-29 15:44:00,665,665,665,665,0
2022-09-29 15:45:00,665,665,665,665,0
2022-09-29 15:46:00,665,665,665,665,0
2022-09-29 15:47:00,665,665,665,665,0
2022-09-29 15:48:00,665,665,665,665,0
2022-09-29 15:49:00,665,665,665,665,0
2022-09-29 15:50:00,665,665,665,665,0
2022-09-29 15:51:00,665,665,665,665,0
2022-09-29 15:52:00,665,665,665,665,0
2022-09-29 15:53:00,665,665,665,665,0
2022-09-29 15:54:00,665,665,665,665,0
2022-09-29 15:55:00,665,665,665,665,0
2022-09-29 15:56:00,665,665,665,665,0
2022-09-29 15:57:00,665,665,665,665,0
2022-09-29 15:58:00,665,665,665,665,0
2022-09-29 15:59:00,665,665,665,665,0
2022-09-30 09:00:00,665,665,665,665,0
2022-09-30 09:01:00,665,665,665,665,0
2022-09-30 09:02:00,665,665,665,665,0
2022-09-30 09:03:00,665,655,665,655,500
2022-09-30 09:04:00,650,650,650,650,1700
2022-09-30 09:05:00,650,650,650,650,0
2022-09-30 09:06:00,650,650,650,650,3000
2022-09-30 09:07:00,650,650,650,650,0
2022-09-30 09:08:00,650,650,650,650,0
2022-09-30 09:09:00,650,650,650,650,0
2022-09-30 09:10:00,650,650,650,650,0
2022-09-30 09:11:00,650,650,650,650,0
2022-09-30 09:12:00,650,650,650,650,0
2022-09-30 09:13:00,655,655,655,655,100
2022-09-30 09:14:00,650,650,650,650,4000
2022-09-30 09:15:00,650,650,650,650,0
2022-09-30 09:16:00,650,650,650,650,0
2022-09-30 09:17:00,650,650,650,650,0
2022-09-30 09:18:00,650,650,650,650,0
2022-09-30 09:19:00,650,650,650,650,0
2022-09-30 09:20:00,650,650,650,650,0
2022-09-30 09:21:00,650,650,650,650,0
2022-09-30 09:22:00,650,650,650,650,14100
2022-09-30 09:23:00,650,650,650,650,4600
2022-09-30 09:24:00,650,650,650,650,0
2022-09-30 09:25:00,650,650,650,650,0
2022-09-30 09:26:00,650,650,650,650,0
2022-09-30 09:27:00,650,645,650,650,2200
2022-09-30 09:28:00,645,645,645,645,6700
2022-09-30 09:29:00,645,645,645,645,0
2022-09-30 09:30:00,645,645,645,645,0
2022-09-30 09:31:00,645,645,645,645,0
2022-09-30 09:32:00,645,645,645,645,0
2022-09-30 09:33:00,655,655,660,660,0
2022-09-30 09:34:00,665,665,665,665,0
2022-09-30 09:35:00,665,665,665,665,0
2022-09-30 09:36:00,665,665,665,665,0
2022-09-30 09:37:00,665,665,665,665,0
2022-09-30 09:38:00,665,665,665,665,0
2022-09-30 09:39:00,665,665,665,665,0
2022-09-30 09:40:00,665,665,665,665,0
2022-09-30 09:41:00,665,665,665,665,0
2022-09-30 09:42:00,665,665,665,665,0
2022-09-30 09:43:00,665,665,665,665,0
2022-09-30 09:44:00,665,665,665,665,0
2022-09-30 09:45:00,665,665,665,665,0
2022-09-30 09:46:00,665,665,665,665,0
2022-09-30 09:47:00,665,665,665,665,0
2022-09-30 09:48:00,650,650,650,650,6000
2022-09-30 09:49:00,650,650,650,650,0
2022-09-30 09:50:00,650,650,650,650,0
2022-09-30 09:51:00,650,650,650,650,0
2022-09-30 09:52:00,650,650,650,650,0
2022-09-30 09:53:00,650,650,650,650,0
2022-09-30 09:54:00,650,650,650,650,0
2022-09-30 09:55:00,650,650,650,650,0
2022-09-30 09:56:00,650,650,650,650,0
2022-09-30 09:57:00,660,660,660,660,100
2022-09-30 09:58:00,660,660,660,660,0
2022-09-30 09:59:00,660,660,660,660,0
2022-09-30 10:00:00,660,660,660,660,0
2022-09-30 10:01:00,660,660,660,660,0
2022-09-30 10:02:00,660,660,660,660,0
2022-09-30 10:03:00,660,660,660,660,0
2022-09-30 10:04:00,660,660,660,660,0
2022-09-30 10:05:00,660,660,660,660,0
2022-09-30 10:06:00,660,660,660,660,0
2022-09-30 10:07:00,660,660,660,660,0
2022-09-30 10:08:00,660,660,660,660,0
2022-09-30 10:09:00,660,660,660,660,0
2022-09-30 10:10:00,660,660,660,660,0
2022-09-30 10:11:00,660,660,660,660,0
2022-09-30 10:12:00,660,660,660,660,0
2022-09-30 10:13:00,660,660,660,660,0
2022-09-30 10:14:00,660,660,660,660,0
2022-09-30 10:15:00,660,660,660,660,0
2022-09-30 10:16:00,660,660,660,660,0
2022-09-30 10:17:00,660,660,660,660,0
2022-09-30 10:18:00,660,660,660,660,0
2022-09-30 10:19:00,660,660,660,660,0
2022-09-30 10:20:00,660,660,660,660,0
2022-09-30 10:21:00,660,660,660,660,0
2022-09-30 10:22:00,660,660,660,660,0
2022-09-30 10:23:00,660,660,660,660,0
2022-09-30 10:24:00,660,660,660,660,0
2022-09-30 10:25:00,660,660,660,660,1000
2022-09-30 10:26:00,660,660,660,660,0
2022-09-30 10:27:00,660,660,660,660,2100
2022-09-30 10:28:00,660,660,660,660,0
2022-09-30 10:29:00,660,660,660,660,0
2022-09-30 10:30:00,660,660,660,660,0
2022-09-30 10:31:00,660,660,660,660,0
2022-09-30 10:32:00,660,660,660,660,0
2022-09-30 10:33:00,660,660,660,660,0
2022-09-30 10:34:00,660,660,660,660,0
2022-09-30 10:35:00,660,660,660,660,0
2022-09-30 10:36:00,660,660,660,660,0
2022-09-30 10:37:00,660,660,660,660,0
2022-09-30 10:38:00,660,660,660,660,0
2022-09-30 10:39:00,660,660,660,660,0
2022-09-30 10:40:00,660,660,660,660,0
2022-09-30 10:41:00,660,660,660,660,0
2022-09-30 10:42:00,660,660,660,660,0
2022-09-30 10:43:00,660,660,660,660,0
2022-09-30 10:44:00,660,660,660,660,0
2022-09-30 10:45:00,660,660,660,660,0
2022-09-30 10:46:00,660,660,660,660,0
2022-09-30 10:47:00,660,660,660,660,0
2022-09-30 10:48:00,660,660,660,660,0
2022-09-30 10:49:00,660,660,660,660,0
2022-09-30 10:50:00,660,660,660,660,0
2022-09-30 10:51:00,660,660,660,660,0
2022-09-30 10:52:00,660,660,660,660,1000
2022-09-30 10:53:00,660,660,660,660,0
2022-09-30 10:54:00,660,660,660,660,0
2022-09-30 10:55:00,660,660,660,660,0
2022-09-30 10:56:00,660,660,660,660,0
2022-09-30 10:57:00,660,660,660,660,0
2022-09-30 10:58:00,660,660,660,660,0
2022-09-30 10:59:00,660,660,660,660,0
2022-09-30 11:00:00,660,660,660,660,0
2022-09-30 11:01:00,660,660,660,660,0
2022-09-30 11:02:00,660,660,660,660,0
2022-09-30 11:03:00,660,660,660,660,0
2022-09-30 11:04:00,660,660,660,660,0
2022-09-30 11:05:00,660,660,660,660,0
2022-09-30 11:06:00,660,660,660,660,0
2022-09-30 11:07:00,660,660,660,660,900
2022-09-30 11:08:00,660,660,660,660,0
2022-09-30 11:09:00,660,660,660,660,0
2022-09-30 11:10:00,660,660,660,660,0
2022-09-30 11:11:00,660,660,660,660,0
2022-09-30 11:12:00,660,660,660,660,0
2022-09-30 11:13:00,660,660,660,660,0
2022-09-30 11:14:00,660,660,660,660,0
2022-09-30 11:15:00,660,660,660,660,0
2022-09-30 11:16:00,660,660,660,660,0
2022-09-30 11:17:00,660,660,660,660,0
2022-09-30 11:18:00,660,660,660,660,0
2022-09-30 11:19:00,660,660,660,660,0
2022-09-30 11:20:00,660,660,660,660,0
2022-09-30 11:21:00,660,660,660,660,0
2022-09-30 11:22:00,660,660,660,660,0
2022-09-30 11:23:00,660,660,660,660,0
2022-09-30 11:24:00,660,660,660,660,0
2022-09-30 11:25:00,660,660,660,660,0
2022-09-30 11:26:00,660,660,660,660,0
2022-09-30 11:27:00,660,660,660,660,0
2022-09-30 11:28:00,660,660,660,660,0
2022-09-30 11:29:00,660,660,660,660,1700
2022-09-30 11:30:00,660,660,660,660,0
2022-09-30 11:31:00,660,660,660,660,0
2022-09-30 11:32:00,660,660,660,660,0
2022-09-30 11:33:00,660,660,660,660,0
2022-09-30 11:34:00,660,660,660,660,0
2022-09-30 11:35:00,660,660,660,660,0
2022-09-30 11:36:00,660,660,660,660,0
2022-09-30 11:37:00,660,660,660,660,0
2022-09-30 11:38:00,660,660,660,660,0
2022-09-30 11:39:00,660,660,660,660,0
2022-09-30 11:40:00,660,660,660,660,0
2022-09-30 11:41:00,660,660,660,660,0
2022-09-30 11:42:00,660,660,660,660,0
2022-09-30 11:43:00,660,660,660,660,0
2022-09-30 11:44:00,660,660,660,660,0
2022-09-30 11:45:00,660,660,660,660,0
2022-09-30 11:46:00,660,660,660,660,0
2022-09-30 11:47:00,660,660,660,660,0
2022-09-30 11:48:00,660,660,660,660,0
2022-09-30 11:49:00,660,660,660,660,0
2022-09-30 11:50:00,660,660,660,660,0
2022-09-30 11:51:00,660,660,660,660,0
2022-09-30 11:52:00,660,660,660,660,0
2022-09-30 11:53:00,660,660,660,660,0
2022-09-30 11:54:00,660,660,660,660,0
2022-09-30 11:55:00,660,660,660,660,0
2022-09-30 11:56:00,660,660,660,660,0
2022-09-30 11:57:00,660,660,660,660,0
2022-09-30 11:58:00,660,660,660,660,0
2022-09-30 11:59:00,660,660,660,660,0
2022-09-30 12:00:00,660,660,660,660,0
2022-09-30 12:01:00,660,660,660,660,0
2022-09-30 12:02:00,660,660,660,660,0
2022-09-30 12:03:00,660,660,660,660,0
2022-09-30 12:04:00,660,660,660,660,0
2022-09-30 12:05:00,660,660,660,660,0
2022-09-30 12:06:00,660,660,660,660,0
2022-09-30 12:07:00,660,660,660,660,0
2022-09-30 12:08:00,660,660,660,660,0
2022-09-30 12:09:00,660,660,660,660,0
2022-09-30 12:10:00,660,660,660,660,0
2022-09-30 12:11:00,660,660,660,660,0
2022-09-30 12:12:00,660,660,660,660,0
2022-09-30 12:13:00,660,660,660,660,0
2022-09-30 12:14:00,660,660,660,660,0
2022-09-30 12:15:00,660,660,660,660,0
2022-09-30 12:16:00,660,660,660,660,0
2022-09-30 12:17:00,660,660,660,660,0
2022-09-30 12:18:00,660,660,660,660,0
2022-09-30 12:19:00,660,660,660,660,0
2022-09-30 12:20:00,660,660,660,660,0
2022-09-30 12:21:00,660,660,660,660,0
2022-09-30 12:22:00,660,660,660,660,0
2022-09-30 12:23:00,660,660,660,660,0
2022-09-30 12:24:00,660,660,660,660,0
2022-09-30 12:25:00,660,660,660,660,0
2022-09-30 12:26:00,660,660,660,660,0
2022-09-30 12:27:00,660,660,660,660,0
2022-09-30 12:28:00,660,660,660,660,0
2022-09-30 12:29:00,660,660,660,660,0
2022-09-30 12:30:00,660,660,660,660,0
2022-09-30 12:31:00,660,660,660,660,0
2022-09-30 12:32:00,660,660,660,660,0
2022-09-30 12:33:00,660,660,660,660,0
2022-09-30 12:34:00,660,660,660,660,0
2022-09-30 12:35:00,660,660,660,660,0
2022-09-30 12:36:00,660,660,660,660,0
2022-09-30 12:37:00,660,660,660,660,0
2022-09-30 12:38:00,660,660,660,660,0
2022-09-30 12:39:00,660,660,660,660,0
2022-09-30 12:40:00,660,660,660,660,0
2022-09-30 12:41:00,660,660,660,660,0
2022-09-30 12:42:00,660,660,660,660,0
2022-09-30 12:43:00,660,660,660,660,0
2022-09-30 12:44:00,660,660,660,660,0
2022-09-30 12:45:00,660,660,660,660,0
2022-09-30 12:46:00,660,660,660,660,0
2022-09-30 12:47:00,660,660,660,660,0
2022-09-30 12:48:00,660,660,660,660,0
2022-09-30 12:49:00,660,660,660,660,0
2022-09-30 12:50:00,660,660,660,660,0
2022-09-30 12:51:00,660,660,660,660,0
2022-09-30 12:52:00,660,660,660,660,0
2022-09-30 12:53:00,660,660,660,660,0
2022-09-30 12:54:00,660,660,660,660,0
2022-09-30 12:55:00,660,660,660,660,0
2022-09-30 12:56:00,660,660,660,660,0
2022-09-30 12:57:00,660,660,660,660,0
2022-09-30 12:58:00,660,660,660,660,0
2022-09-30 12:59:00,660,660,660,660,0
2022-09-30 13:00:00,660,660,660,660,0
2022-09-30 13:01:00,660,660,660,660,0
2022-09-30 13:02:00,660,660,660,660,0
2022-09-30 13:03:00,660,660,660,660,0
2022-09-30 13:04:00,660,660,660,660,0
2022-09-30 13:05:00,660,660,660,660,0
2022-09-30 13:06:00,660,660,660,660,0
2022-09-30 13:07:00,660,660,660,660,0
2022-09-30 13:08:00,660,660,660,660,0
2022-09-30 13:09:00,660,660,660,660,0
2022-09-30 13:10:00,660,660,660,660,0
2022-09-30 13:11:00,660,660,660,660,0
2022-09-30 13:12:00,660,660,660,660,0
2022-09-30 13:13:00,660,660,660,660,0
2022-09-30 13:14:00,660,660,660,660,0
2022-09-30 13:15:00,660,660,660,660,0
2022-09-30 13:16:00,660,660,660,660,0
2022-09-30 13:17:00,660,660,660,660,0
2022-09-30 13:18:00,660,660,660,660,0
2022-09-30 13:19:00,660,660,660,660,0
2022-09-30 13:20:00,660,660,660,660,0
2022-09-30 13:21:00,660,660,660,660,0
2022-09-30 13:22:00,660,660,660,660,0
2022-09-30 13:23:00,660,660,660,660,0
2022-09-30 13:24:00,660,660,660,660,0
2022-09-30 13:25:00,660,660,660,660,0
2022-09-30 13:26:00,660,660,660,660,0
2022-09-30 13:27:00,660,660,660,660,0
2022-09-30 13:28:00,660,660,660,660,0
2022-09-30 13:29:00,660,660,660,660,0
2022-09-30 13:30:00,660,660,660,660,0
2022-09-30 13:31:00,660,660,660,660,0
2022-09-30 13:32:00,660,660,660,660,0
2022-09-30 13:33:00,660,660,660,660,0
2022-09-30 13:34:00,660,660,660,660,0
2022-09-30 13:35:00,660,660,660,660,0
2022-09-30 13:36:00,660,660,660,660,0
2022-09-30 13:37:00,660,660,660,660,0
2022-09-30 13:38:00,665,665,665,665,100
2022-09-30 13:39:00,660,660,660,660,100
2022-09-30 13:40:00,660,660,660,660,0
2022-09-30 13:41:00,660,660,660,660,0
2022-09-30 13:42:00,660,660,660,660,0
2022-09-30 13:43:00,660,660,660,660,0
2022-09-30 13:44:00,660,660,660,660,0
2022-09-30 13:45:00,660,660,660,660,0
2022-09-30 13:46:00,660,660,660,660,0
2022-09-30 13:47:00,660,660,660,660,0
2022-09-30 13:48:00,660,660,660,660,0
2022-09-30 13:49:00,660,660,660,660,0
2022-09-30 13:50:00,660,660,660,660,0
2022-09-30 13:51:00,660,660,660,660,0
2022-09-30 13:52:00,660,660,660,660,0
2022-09-30 13:53:00,660,660,660,660,0
2022-09-30 13:54:00,660,660,660,660,0
2022-09-30 13:55:00,660,660,660,660,11900
2022-09-30 13:56:00,660,660,660,660,0
2022-09-30 13:57:00,660,660,660,660,0
2022-09-30 13:58:00,660,660,660,660,0
2022-09-30 13:59:00,660,660,660,660,0
2022-09-30 14:00:00,660,660,660,660,0
2022-09-30 14:01:00,660,660,660,660,0
2022-09-30 14:02:00,660,660,660,660,0
2022-09-30 14:03:00,660,660,660,660,5000
2022-09-30 14:04:00,660,660,660,660,0
2022-09-30 14:05:00,660,660,660,660,0
2022-09-30 14:06:00,660,660,660,660,0
2022-09-30 14:07:00,660,660,660,660,0
2022-09-30 14:08:00,660,660,660,660,0
2022-09-30 14:09:00,660,660,660,660,0
2022-09-30 14:10:00,660,660,660,660,0
2022-09-30 14:11:00,660,660,660,660,0
2022-09-30 14:12:00,660,660,660,660,0
2022-09-30 14:13:00,660,660,660,660,0
2022-09-30 14:14:00,660,660,660,660,0
2022-09-30 14:15:00,660,660,660,660,0
2022-09-30 14:16:00,660,660,660,660,0
2022-09-30 14:17:00,660,660,660,660,0
2022-09-30 14:18:00,660,660,660,660,0
2022-09-30 14:19:00,660,660,660,660,0
2022-09-30 14:20:00,660,660,660,660,0
2022-09-30 14:21:00,660,660,660,660,0
2022-09-30 14:22:00,660,660,660,660,0
2022-09-30 14:23:00,660,660,660,660,0
2022-09-30 14:24:00,660,660,660,660,0
2022-09-30 14:25:00,660,660,660,660,0
2022-09-30 14:26:00,660,660,660,660,0
2022-09-30 14:27:00,660,660,660,660,2300
2022-09-30 14:28:00,660,660,660,660,0
2022-09-30 14:29:00,660,660,660,660,0
2022-09-30 14:30:00,660,660,660,660,0
2022-09-30 14:31:00,660,660,660,660,0
2022-09-30 14:32:00,660,660,660,660,0
2022-09-30 14:33:00,660,660,660,660,0
2022-09-30 14:34:00,660,660,660,660,0
2022-09-30 14:35:00,660,660,660,660,0
2022-09-30 14:36:00,660,660,660,660,0
2022-09-30 14:37:00,660,660,660,660,0
2022-09-30 14:38:00,660,660,660,660,0
2022-09-30 14:39:00,660,660,660,660,0
2022-09-30 14:40:00,660,660,660,660,0
2022-09-30 14:41:00,660,660,660,660,0
2022-09-30 14:42:00,660,660,660,660,0
2022-09-30 14:43:00,660,660,660,660,0
2022-09-30 14:44:00,660,660,660,660,0
2022-09-30 14:45:00,660,660,660,660,0
2022-09-30 14:46:00,660,660,660,660,0
2022-09-30 14:47:00,660,660,660,660,0
2022-09-30 14:48:00,660,660,660,660,0
2022-09-30 14:49:00,660,660,660,660,0
2022-09-30 14:50:00,660,660,660,660,0
2022-09-30 14:51:00,660,660,660,660,0
2022-09-30 14:52:00,660,660,660,660,0
2022-09-30 14:53:00,660,660,660,660,0
2022-09-30 14:54:00,660,660,660,660,0
2022-09-30 14:55:00,660,660,660,660,0
2022-09-30 14:56:00,660,660,660,660,0
2022-09-30 14:57:00,660,660,660,660,0
2022-09-30 14:58:00,660,660,660,660,0
2022-09-30 14:59:00,660,660,660,660,0
2022-09-30 15:00:00,655,655,655,655,3100
2022-09-30 15:01:00,655,655,655,655,0
2022-09-30 15:02:00,655,655,655,655,0
2022-09-30 15:03:00,655,655,655,655,0
2022-09-30 15:04:00,655,655,655,655,0
2022-09-30 15:05:00,655,655,655,655,0
2022-09-30 15:06:00,655,655,655,655,0
2022-09-30 15:07:00,655,655,655,655,0
2022-09-30 15:08:00,655,655,655,655,6800
2022-09-30 15:09:00,655,655,655,655,0
2022-09-30 15:10:00,655,655,655,655,0
2022-09-30 15:11:00,655,655,655,655,0
2022-09-30 15:12:00,655,655,655,655,0
2022-09-30 15:13:00,655,655,655,655,0
2022-09-30 15:14:00,655,655,655,655,0
2022-09-30 15:15:00,655,655,655,655,0
2022-09-30 15:16:00,655,655,655,655,0
2022-09-30 15:17:00,655,655,655,655,0
2022-09-30 15:18:00,655,655,655,655,0
2022-09-30 15:19:00,655,655,655,655,0
2022-09-30 15:20:00,655,655,655,655,0
2022-09-30 15:21:00,655,655,655,655,0
2022-09-30 15:22:00,655,655,655,655,0
2022-09-30 15:23:00,655,655,655,655,0
2022-09-30 15:24:00,655,655,655,655,0
2022-09-30 15:25:00,655,655,655,655,0
2022-09-30 15:26:00,655,655,655,655,0
2022-09-30 15:27:00,655,655,655,655,0
2022-09-30 15:28:00,655,655,655,655,0
2022-09-30 15:29:00,655,655,655,655,0
2022-09-30 15:30:00,655,655,655,655,0
2022-09-30 15:31:00,655,655,655,655,0
2022-09-30 15:32:00,655,655,655,655,0
2022-09-30 15:33:00,655,655,655,655,0
2022-09-30 15:34:00,655,655,655,655,0
2022-09-30 15:35:00,655,655,655,655,0
2022-09-30 15:36:00,655,655,655,655,0
2022-09-30 15:37:00,655,655,655,655,0
2022-09-30 15:38:00,655,655,655,655,0
2022-09-30 15:39:00,655,655,655,655,0
2022-09-30 15:40:00,655,655,655,655,0
2022-09-30 15:41:00,655,655,655,655,0
2022-09-30 15:42:00,655,655,655,655,0
2022-09-30 15:43:00,655,655,655,655,0
2022-09-30 15:44:00,655,655,655,655,0
2022-09-30 15:45:00,655,655,655,655,0
2022-09-30 15:46:00,655,655,655,655,0
2022-09-30 15:47:00,655,655,655,655,0
2022-09-30 15:48:00,655,655,655,655,0
2022-09-30 15:49:00,655,655,655,655,0
2022-09-30 15:50:00,655,655,655,655,0
2022-09-30 15:51:00,655,655,655,655,0
2022-09-30 15:52:00,655,655,655,655,0
2022-09-30 15:53:00,655,655,655,655,0
2022-09-30 15:54:00,655,655,655,655,0
2022-09-30 15:55:00,655,655,655,655,0
2022-09-30 15:56:00,655,655,655,655,0
2022-09-30 15:57:00,655,655,655,655,0
2022-09-30 15:58:00,655,655,655,655,0
2022-09-30 15:59:00,655,655,655,655,0
2022-10-03 09:00:00,675,675,675,675,0
2022-10-03 09:01:00,675,675,675,675,0
2022-10-03 09:02:00,675,675,675,675,0
2022-10-03 09:03:00,675,675,675,675,0
2022-10-03 09:04:00,675,675,675,675,0
2022-10-03 09:05:00,675,675,675,675,0
2022-10-03 09:06:00,675,675,675,675,0
2022-10-03 09:07:00,675,675,675,675,6000
2022-10-03 09:08:00,675,675,675,675,0
2022-10-03 09:09:00,675,675,675,675,0
2022-10-03 09:10:00,675,675,675,675,0
2022-10-03 09:11:00,660,660,660,660,0
2022-10-03 09:12:00,660,660,660,660,0
2022-10-03 09:13:00,660,660,660,660,0
2022-10-03 09:14:00,660,660,660,660,0
2022-10-03 09:15:00,660,660,660,660,0
2022-10-03 09:16:00,660,660,660,660,0
2022-10-03 09:17:00,660,660,660,660,0
2022-10-03 09:18:00,660,660,660,660,0
2022-10-03 09:19:00,655,655,655,655,2300
2022-10-03 09:20:00,650,650,650,650,3700
2022-10-03 09:21:00,650,650,650,650,0
2022-10-03 09:22:00,650,650,650,650,0
2022-10-03 09:23:00,650,650,650,650,0
2022-10-03 09:24:00,650,650,650,650,0
2022-10-03 09:25:00,650,650,650,650,0
2022-10-03 09:26:00,650,650,650,650,19400
2022-10-03 09:27:00,650,650,650,650,0
2022-10-03 09:28:00,650,650,650,650,0
2022-10-03 09:29:00,650,650,650,650,0
2022-10-03 09:30:00,650,650,650,650,1000
2022-10-03 09:31:00,650,650,650,650,200
2022-10-03 09:32:00,650,650,650,650,0
2022-10-03 09:33:00,650,650,650,650,0
2022-10-03 09:34:00,650,650,650,650,0
2022-10-03 09:35:00,650,650,650,650,0
2022-10-03 09:36:00,650,650,650,650,0
2022-10-03 09:37:00,650,650,650,650,0
2022-10-03 09:38:00,650,650,650,650,0
2022-10-03 09:39:00,650,650,650,650,0
2022-10-03 09:40:00,650,650,650,650,0
2022-10-03 09:41:00,650,650,650,650,400
2022-10-03 09:42:00,650,650,650,650,0
2022-10-03 09:43:00,650,650,650,650,0
2022-10-03 09:44:00,650,650,650,650,0
2022-10-03 09:45:00,650,650,650,650,0
2022-10-03 09:46:00,650,650,650,650,0
2022-10-03 09:47:00,650,650,650,650,0
2022-10-03 09:48:00,650,650,650,650,0
2022-10-03 09:49:00,650,650,650,650,0
2022-10-03 09:50:00,650,650,650,650,0
2022-10-03 09:51:00,650,650,650,650,0
2022-10-03 09:52:00,650,650,650,650,0
2022-10-03 09:53:00,650,650,650,650,0
2022-10-03 09:54:00,655,655,655,655,7500
2022-10-03 09:55:00,655,655,655,655,0
2022-10-03 09:56:00,650,650,650,650,1200
2022-10-03 09:57:00,655,655,655,655,0
2022-10-03 09:58:00,655,655,655,655,0
2022-10-03 09:59:00,655,655,655,655,0
2022-10-03 10:00:00,655,655,655,655,0
2022-10-03 10:01:00,655,655,655,655,0
2022-10-03 10:02:00,655,655,655,655,0
2022-10-03 10:03:00,655,655,655,655,0
2022-10-03 10:04:00,655,655,655,655,0
2022-10-03 10:05:00,655,655,655,655,0
2022-10-03 10:06:00,655,655,655,655,0
2022-10-03 10:07:00,655,655,655,655,0
2022-10-03 10:08:00,655,655,655,655,0
2022-10-03 10:09:00,655,655,655,655,0
2022-10-03 10:10:00,650,650,650,650,5000
2022-10-03 10:11:00,650,650,650,650,0
2022-10-03 10:12:00,650,650,650,650,0
2022-10-03 10:13:00,650,650,650,650,0
2022-10-03 10:14:00,650,650,650,650,0
2022-10-03 10:15:00,650,650,650,650,0
2022-10-03 10:16:00,650,650,650,650,0
2022-10-03 10:17:00,650,650,650,650,0
2022-10-03 10:18:00,650,650,650,650,0
2022-10-03 10:19:00,650,650,650,650,0
2022-10-03 10:20:00,650,650,650,650,0
2022-10-03 10:21:00,650,650,650,650,0
2022-10-03 10:22:00,650,650,650,650,0
2022-10-03 10:23:00,650,650,650,650,0
2022-10-03 10:24:00,650,650,650,650,0
2022-10-03 10:25:00,650,650,650,650,0
2022-10-03 10:26:00,650,650,650,650,0
2022-10-03 10:27:00,650,650,650,650,0
2022-10-03 10:28:00,650,650,650,650,0
2022-10-03 10:29:00,650,650,650,650,800
2022-10-03 10:30:00,650,650,650,650,0
2022-10-03 10:31:00,650,650,650,650,0
2022-10-03 10:32:00,650,650,650,650,0
2022-10-03 10:33:00,650,650,650,650,0
2022-10-03 10:34:00,650,650,650,650,0
2022-10-03 10:35:00,650,650,650,650,0
2022-10-03 10:36:00,650,650,650,650,0
2022-10-03 10:37:00,650,650,650,650,0
2022-10-03 10:38:00,650,650,650,650,0
2022-10-03 10:39:00,650,650,650,650,0
2022-10-03 10:40:00,650,650,650,650,0
2022-10-03 10:41:00,655,655,655,655,1000
2022-10-03 10:42:00,655,655,655,655,6400
2022-10-03 10:43:00,655,655,655,655,0
2022-10-03 10:44:00,655,655,655,655,0
2022-10-03 10:45:00,655,655,655,655,0
2022-10-03 10:46:00,655,655,655,655,0
2022-10-03 10:47:00,655,655,655,655,0
2022-10-03 10:48:00,655,655,655,655,0
2022-10-03 10:49:00,655,655,655,655,0
2022-10-03 10:50:00,655,655,655,655,0
2022-10-03 10:51:00,655,655,655,655,0
2022-10-03 10:52:00,655,655,655,655,0
2022-10-03 10:53:00,655,655,655,655,0
2022-10-03 10:54:00,655,655,655,655,0
2022-10-03 10:55:00,655,655,655,655,0
2022-10-03 10:56:00,655,655,655,655,0
2022-10-03 10:57:00,655,655,655,655,0
2022-10-03 10:58:00,655,655,655,655,0
2022-10-03 10:59:00,655,655,655,655,0
2022-10-03 11:00:00,655,655,655,655,0
2022-10-03 11:01:00,655,655,655,655,0
2022-10-03 11:02:00,655,655,655,655,0
2022-10-03 11:03:00,655,655,655,655,0
2022-10-03 11:04:00,655,655,655,655,0
2022-10-03 11:05:00,655,655,655,655,0
2022-10-03 11:06:00,655,655,655,655,0
2022-10-03 11:07:00,655,655,655,655,0
2022-10-03 11:08:00,655,655,655,655,0
2022-10-03 11:09:00,655,655,655,655,0
2022-10-03 11:10:00,655,655,655,655,0
2022-10-03 11:11:00,655,655,655,655,0
2022-10-03 11:12:00,655,655,655,655,0
2022-10-03 11:13:00,655,655,655,655,0
2022-10-03 11:14:00,655,655,655,655,0
2022-10-03 11:15:00,655,655,655,655,0
2022-10-03 11:16:00,655,655,655,655,0
2022-10-03 11:17:00,655,655,655,655,0
2022-10-03 11:18:00,655,655,655,655,0
2022-10-03 11:19:00,655,655,655,655,0
2022-10-03 11:20:00,655,655,655,655,0
2022-10-03 11:21:00,655,655,655,655,0
2022-10-03 11:22:00,655,655,655,655,0
2022-10-03 11:23:00,655,655,655,655,2000
2022-10-03 11:24:00,655,655,655,655,0
2022-10-03 11:25:00,655,655,655,655,0
2022-10-03 11:26:00,655,655,655,655,0
2022-10-03 11:27:00,655,655,655,655,55600
2022-10-03 11:28:00,655,655,655,655,0
2022-10-03 11:29:00,655,655,655,655,0
2022-10-03 11:30:00,655,655,655,655,0
2022-10-03 11:31:00,655,655,655,655,0
2022-10-03 11:32:00,655,655,655,655,0
2022-10-03 11:33:00,655,655,655,655,0
2022-10-03 11:34:00,655,655,655,655,0
2022-10-03 11:35:00,655,655,655,655,0
2022-10-03 11:36:00,655,655,655,655,0
2022-10-03 11:37:00,655,655,655,655,0
2022-10-03 11:38:00,655,655,655,655,0
2022-10-03 11:39:00,655,655,655,655,0
2022-10-03 11:40:00,655,655,655,655,0
2022-10-03 11:41:00,655,655,655,655,0
2022-10-03 11:42:00,655,655,655,655,0
2022-10-03 11:43:00,655,655,655,655,0
2022-10-03 11:44:00,655,655,655,655,0
2022-10-03 11:45:00,655,655,655,655,0
2022-10-03 11:46:00,655,655,655,655,0
2022-10-03 11:47:00,655,655,655,655,0
2022-10-03 11:48:00,655,655,655,655,0
2022-10-03 11:49:00,655,655,655,655,0
2022-10-03 11:50:00,655,655,655,655,0
2022-10-03 11:51:00,655,655,655,655,0
2022-10-03 11:52:00,655,655,655,655,0
2022-10-03 11:53:00,655,655,655,655,0
2022-10-03 11:54:00,655,655,655,655,0
2022-10-03 11:55:00,655,655,655,655,0
2022-10-03 11:56:00,655,655,655,655,0
2022-10-03 11:57:00,655,655,655,655,0
2022-10-03 11:58:00,655,655,655,655,0
2022-10-03 11:59:00,655,655,655,655,0
2022-10-03 12:00:00,655,655,655,655,0
2022-10-03 12:01:00,655,655,655,655,0
2022-10-03 12:02:00,655,655,655,655,0
2022-10-03 12:03:00,655,655,655,655,0
2022-10-03 12:04:00,655,655,655,655,0
2022-10-03 12:05:00,655,655,655,655,0
2022-10-03 12:06:00,655,655,655,655,0
2022-10-03 12:07:00,655,655,655,655,0
2022-10-03 12:08:00,655,655,655,655,0
2022-10-03 12:09:00,655,655,655,655,0
2022-10-03 12:10:00,655,655,655,655,0
2022-10-03 12:11:00,655,655,655,655,0
2022-10-03 12:12:00,655,655,655,655,0
2022-10-03 12:13:00,655,655,655,655,0
2022-10-03 12:14:00,655,655,655,655,0
2022-10-03 12:15:00,655,655,655,655,0
2022-10-03 12:16:00,655,655,655,655,0
2022-10-03 12:17:00,655,655,655,655,0
2022-10-03 12:18:00,655,655,655,655,0
2022-10-03 12:19:00,655,655,655,655,0
2022-10-03 12:20:00,655,655,655,655,0
2022-10-03 12:21:00,655,655,655,655,0
2022-10-03 12:22:00,655,655,655,655,0
2022-10-03 12:23:00,655,655,655,655,0
2022-10-03 12:24:00,655,655,655,655,0
2022-10-03 12:25:00,655,655,655,655,0
2022-10-03 12:26:00,655,655,655,655,0
2022-10-03 12:27:00,655,655,655,655,0
2022-10-03 12:28:00,655,655,655,655,0
2022-10-03 12:29:00,655,655,655,655,0
2022-10-03 12:30:00,655,655,655,655,0
2022-10-03 12:31:00,655,655,655,655,0
2022-10-03 12:32:00,655,655,655,655,0
2022-10-03 12:33:00,655,655,655,655,0
2022-10-03 12:34:00,655,655,655,655,0
2022-10-03 12:35:00,655,655,655,655,0
2022-10-03 12:36:00,655,655,655,655,0
2022-10-03 12:37:00,655,655,655,655,0
2022-10-03 12:38:00,655,655,655,655,0
2022-10-03 12:39:00,655,655,655,655,0
2022-10-03 12:40:00,655,655,655,655,0
2022-10-03 12:41:00,655,655,655,655,0
2022-10-03 12:42:00,655,655,655,655,0
2022-10-03 12:43:00,655,655,655,655,0
2022-10-03 12:44:00,655,655,655,655,0
2022-10-03 12:45:00,655,655,655,655,0
2022-10-03 12:46:00,655,655,655,655,0
2022-10-03 12:47:00,655,655,655,655,0
2022-10-03 12:48:00,655,655,655,655,0
2022-10-03 12:49:00,655,655,655,655,0
2022-10-03 12:50:00,655,655,655,655,0
2022-10-03 12:51:00,655,655,655,655,0
2022-10-03 12:52:00,655,655,655,655,0
2022-10-03 12:53:00,655,655,655,655,0
2022-10-03 12:54:00,655,655,655,655,0
2022-10-03 12:55:00,655,655,655,655,0
2022-10-03 12:56:00,655,655,655,655,0
2022-10-03 12:57:00,655,655,655,655,0
2022-10-03 12:58:00,655,655,655,655,0
2022-10-03 12:59:00,655,655,655,655,0
2022-10-03 13:00:00,655,655,655,655,0
2022-10-03 13:01:00,655,655,655,655,0
2022-10-03 13:02:00,655,655,655,655,0
2022-10-03 13:03:00,655,655,655,655,0
2022-10-03 13:04:00,655,655,655,655,0
2022-10-03 13:05:00,655,655,655,655,0
2022-10-03 13:06:00,655,655,655,655,0
2022-10-03 13:07:00,655,655,655,655,0
2022-10-03 13:08:00,655,655,655,655,0
2022-10-03 13:09:00,655,655,655,655,0
2022-10-03 13:10:00,655,655,655,655,0
2022-10-03 13:11:00,655,655,655,655,0
2022-10-03 13:12:00,655,655,655,655,0
2022-10-03 13:13:00,655,655,655,655,0
2022-10-03 13:14:00,655,655,655,655,0
2022-10-03 13:15:00,655,655,655,655,0
2022-10-03 13:16:00,655,655,655,655,0
2022-10-03 13:17:00,655,655,655,655,0
2022-10-03 13:18:00,655,655,655,655,0
2022-10-03 13:19:00,655,655,655,655,0
2022-10-03 13:20:00,655,655,655,655,0
2022-10-03 13:21:00,655,655,655,655,0
2022-10-03 13:22:00,655,655,655,655,0
2022-10-03 13:23:00,655,655,655,655,0
2022-10-03 13:24:00,655,655,655,655,0
2022-10-03 13:25:00,655,655,655,655,0
2022-10-03 13:26:00,655,655,655,655,0
2022-10-03 13:27:00,655,655,655,655,0
2022-10-03 13:28:00,655,655,655,655,0
2022-10-03 13:29:00,655,655,655,655,0
2022-10-03 13:30:00,655,655,655,655,200
2022-10-03 13:31:00,655,655,655,655,0
2022-10-03 13:32:00,655,655,655,655,0
2022-10-03 13:33:00,655,655,655,655,0
2022-10-03 13:34:00,655,655,655,655,0
2022-10-03 13:35:00,655,655,655,655,0
2022-10-03 13:36:00,655,655,655,655,0
2022-10-03 13:37:00,655,655,655,655,0
2022-10-03 13:38:00,655,655,655,655,0
2022-10-03 13:39:00,655,655,655,655,5500
2022-10-03 13:40:00,655,655,655,655,3800
2022-10-03 13:41:00,655,655,655,655,0
2022-10-03 13:42:00,655,655,655,655,22400
2022-10-03 13:43:00,655,655,655,655,0
2022-10-03 13:44:00,655,655,655,655,0
2022-10-03 13:45:00,655,655,655,655,0
2022-10-03 13:46:00,655,655,655,655,0
2022-10-03 13:47:00,655,655,655,655,0
2022-10-03 13:48:00,655,655,655,655,0
2022-10-03 13:49:00,655,655,655,655,0
2022-10-03 13:50:00,655,655,655,655,0
2022-10-03 13:51:00,655,655,655,655,0
2022-10-03 13:52:00,655,655,655,655,0
2022-10-03 13:53:00,655,655,655,655,0
2022-10-03 13:54:00,655,655,655,655,0
2022-10-03 13:55:00,665,665,665,665,1000
2022-10-03 13:56:00,665,665,665,665,0
2022-10-03 13:57:00,665,665,665,665,0
2022-10-03 13:58:00,665,665,665,665,100
2022-10-03 13:59:00,665,665,665,665,0
2022-10-03 14:00:00,665,665,665,665,0
2022-10-03 14:01:00,665,665,665,665,0
2022-10-03 14:02:00,665,665,665,665,0
2022-10-03 14:03:00,665,665,665,665,0
2022-10-03 14:04:00,665,665,665,665,0
2022-10-03 14:05:00,665,665,665,665,0
2022-10-03 14:06:00,665,665,665,665,0
2022-10-03 14:07:00,665,665,665,665,0
2022-10-03 14:08:00,665,665,665,665,0
2022-10-03 14:09:00,665,665,665,665,0
2022-10-03 14:10:00,665,665,665,665,0
2022-10-03 14:11:00,665,665,665,665,0
2022-10-03 14:12:00,665,665,665,665,0
2022-10-03 14:13:00,665,665,665,665,0
2022-10-03 14:14:00,665,665,665,665,0
2022-10-03 14:15:00,665,665,665,665,0
2022-10-03 14:16:00,665,665,665,665,0
2022-10-03 14:17:00,665,665,665,665,0
2022-10-03 14:18:00,665,665,665,665,0
2022-10-03 14:19:00,665,665,665,665,0
2022-10-03 14:20:00,665,665,665,665,0
2022-10-03 14:21:00,665,665,665,665,0
2022-10-03 14:22:00,665,665,665,665,0
2022-10-03 14:23:00,665,665,665,665,0
2022-10-03 14:24:00,665,665,665,665,0
2022-10-03 14:25:00,665,665,665,665,0
2022-10-03 14:26:00,665,665,665,665,100
2022-10-03 14:27:00,665,665,665,665,0
2022-10-03 14:28:00,665,665,665,665,0
2022-10-03 14:29:00,665,665,665,665,0
2022-10-03 14:30:00,665,665,665,665,0
2022-10-03 14:31:00,665,665,665,665,0
2022-10-03 14:32:00,665,665,665,665,0
2022-10-03 14:33:00,665,665,665,665,0
2022-10-03 14:34:00,665,665,665,665,0
2022-10-03 14:35:00,665,665,665,665,0
2022-10-03 14:36:00,665,665,665,665,0
2022-10-03 14:37:00,665,665,665,665,0
2022-10-03 14:38:00,665,665,665,665,0
2022-10-03 14:39:00,665,665,665,665,0
2022-10-03 14:40:00,665,665,665,665,0
2022-10-03 14:41:00,665,665,665,665,0
2022-10-03 14:42:00,665,665,665,665,0
2022-10-03 14:43:00,665,665,665,665,0
2022-10-03 14:44:00,665,665,665,665,0
2022-10-03 14:45:00,665,665,665,665,0
2022-10-03 14:46:00,665,665,665,665,0
2022-10-03 14:47:00,665,665,665,665,0
2022-10-03 14:48:00,665,665,665,665,0
2022-10-03 14:49:00,665,665,665,665,0
2022-10-03 14:50:00,665,665,665,665,0
2022-10-03 14:51:00,665,665,665,665,0
2022-10-03 14:52:00,665,665,665,665,0
2022-10-03 14:53:00,665,665,665,665,0
2022-10-03 14:54:00,665,665,665,665,0
2022-10-03 14:55:00,665,665,665,665,0
2022-10-03 14:56:00,665,665,665,665,0
2022-10-03 14:57:00,665,665,665,665,0
2022-10-03 14:58:00,665,665,665,665,0
2022-10-03 14:59:00,665,665,665,665,0
2022-10-03 15:00:00,665,665,665,665,0
2022-10-03 15:01:00,665,665,665,665,0
2022-10-03 15:02:00,665,665,665,665,0
2022-10-03 15:03:00,665,665,665,665,0
2022-10-03 15:04:00,665,665,665,665,0
2022-10-03 15:05:00,665,665,665,665,82500
2022-10-03 15:06:00,665,665,665,665,0
2022-10-03 15:07:00,665,665,665,665,0
2022-10-03 15:08:00,665,665,665,665,0
2022-10-03 15:09:00,665,665,665,665,0
2022-10-03 15:10:00,665,665,665,665,0
2022-10-03 15:11:00,665,665,665,665,0
2022-10-03 15:12:00,665,665,665,665,0
2022-10-03 15:13:00,665,665,665,665,0
2022-10-03 15:14:00,665,665,665,665,0
2022-10-03 15:15:00,665,665,665,665,0
2022-10-03 15:16:00,665,665,665,665,0
2022-10-03 15:17:00,665,665,665,665,0
2022-10-03 15:18:00,665,665,665,665,0
2022-10-03 15:19:00,665,665,665,665,0
2022-10-03 15:20:00,665,665,665,665,0
2022-10-03 15:21:00,665,665,665,665,0
2022-10-03 15:22:00,665,665,665,665,0
2022-10-03 15:23:00,665,665,665,665,0
2022-10-03 15:24:00,665,665,665,665,0
2022-10-03 15:25:00,665,665,665,665,0
2022-10-03 15:26:00,665,665,665,665,0
2022-10-03 15:27:00,665,665,665,665,0
2022-10-03 15:28:00,665,665,665,665,0
2022-10-03 15:29:00,665,665,665,665,0
2022-10-03 15:30:00,665,665,665,665,0
2022-10-03 15:31:00,665,665,665,665,0
2022-10-03 15:32:00,665,665,665,665,0
2022-10-03 15:33:00,665,665,665,665,0
2022-10-03 15:34:00,665,665,665,665,0
2022-10-03 15:35:00,665,665,665,665,0
2022-10-03 15:36:00,665,665,665,665,0
2022-10-03 15:37:00,665,665,665,665,0
2022-10-03 15:38:00,665,665,665,665,0
2022-10-03 15:39:00,665,665,665,665,0
2022-10-03 15:40:00,665,665,665,665,0
2022-10-03 15:41:00,665,665,665,665,0
2022-10-03 15:42:00,665,665,665,665,0
2022-10-03 15:43:00,665,665,665,665,0
2022-10-03 15:44:00,665,665,665,665,0
2022-10-03 15:45:00,665,665,665,665,0
2022-10-03 15:46:00,665,665,665,665,0
2022-10-03 15:47:00,665,665,665,665,0
2022-10-03 15:48:00,665,665,665,665,0
2022-10-03 15:49:00,665,665,665,665,0
2022-10-03 15:50:00,665,665,665,665,0
2022-10-03 15:51:00,665,665,665,665,0
2022-10-03 15:52:00,665,665,665,665,0
2022-10-03 15:53:00,665,665,665,665,0
2022-10-03 15:54:00,665,665,665,665,0
2022-10-03 15:55:00,665,665,665,665,0
2022-10-03 15:56:00,665,665,665,665,0
2022-10-03 15:57:00,665,665,665,665,0
2022-10-03 15:58:00,665,665,665,665,0
2022-10-03 15:59:00,665,665,665,665,0
2022-10-04 09:00:00,665,665,665,665,0
2022-10-04 09:01:00,665,665,665,665,0
2022-10-04 09:02:00,665,665,665,665,0
2022-10-04 09:03:00,665,665,665,665,0
2022-10-04 09:04:00,665,665,665,665,0
2022-10-04 09:05:00,665,665,665,665,0
2022-10-04 09:06:00,665,665,665,665,0
2022-10-04 09:07:00,665,665,665,665,0
2022-10-04 09:08:00,665,665,665,665,0
2022-10-04 09:09:00,665,665,665,665,0
2022-10-04 09:10:00,665,665,665,665,0
2022-10-04 09:11:00,660,660,660,660,22400
2022-10-04 09:12:00,655,655,655,655,0
2022-10-04 09:13:00,655,655,655,655,0
2022-10-04 09:14:00,670,670,675,675,1500
2022-10-04 09:15:00,680,680,680,680,1500
2022-10-04 09:16:00,680,680,680,680,0
2022-10-04 09:17:00,675,675,680,680,1600
2022-10-04 09:18:00,680,680,680,680,0
2022-10-04 09:19:00,680,680,680,680,0
2022-10-04 09:20:00,680,680,680,680,0
2022-10-04 09:21:00,680,680,680,680,0
2022-10-04 09:22:00,680,680,685,685,3200
2022-10-04 09:23:00,680,680,685,685,0
2022-10-04 09:24:00,680,680,685,685,0
2022-10-04 09:25:00,680,680,685,685,0
2022-10-04 09:26:00,680,680,685,685,0
2022-10-04 09:27:00,680,680,685,685,0
2022-10-04 09:28:00,680,680,685,685,0
2022-10-04 09:29:00,680,680,685,685,0
2022-10-04 09:30:00,680,680,685,685,0
2022-10-04 09:31:00,680,680,685,685,0
2022-10-04 09:32:00,680,680,685,685,0
2022-10-04 09:33:00,680,680,685,685,0
2022-10-04 09:34:00,680,680,685,685,0
2022-10-04 09:35:00,680,680,685,685,0
2022-10-04 09:36:00,675,670,675,670,600
2022-10-04 09:37:00,675,670,675,670,0
2022-10-04 09:38:00,675,670,675,670,0
2022-10-04 09:39:00,675,670,675,670,0
2022-10-04 09:40:00,660,660,660,660,1500
2022-10-04 09:41:00,660,660,660,660,0
2022-10-04 09:42:00,660,660,660,660,0
2022-10-04 09:43:00,660,660,660,660,0
2022-10-04 09:44:00,660,660,660,660,400
2022-10-04 09:45:00,660,660,660,660,2800
2022-10-04 09:46:00,660,660,660,660,0
2022-10-04 09:47:00,660,660,660,660,400
2022-10-04 09:48:00,660,660,660,660,1800
2022-10-04 09:49:00,655,655,655,655,14700
2022-10-04 09:50:00,655,655,655,655,6200
2022-10-04 09:51:00,655,655,655,655,0
2022-10-04 09:52:00,655,655,655,655,0
2022-10-04 09:53:00,655,655,655,655,0
2022-10-04 09:54:00,655,655,655,655,0
2022-10-04 09:55:00,655,655,655,655,0
2022-10-04 09:56:00,655,655,655,655,0
2022-10-04 09:57:00,655,655,655,655,0
2022-10-04 09:58:00,670,670,670,670,200
2022-10-04 09:59:00,670,670,670,670,0
2022-10-04 10:00:00,670,670,670,670,100
2022-10-04 10:01:00,665,665,665,665,5200
2022-10-04 10:02:00,665,665,665,665,0
2022-10-04 10:03:00,665,665,665,665,0
2022-10-04 10:04:00,665,665,665,665,0
2022-10-04 10:05:00,665,665,665,665,0
2022-10-04 10:06:00,665,665,665,665,0
2022-10-04 10:07:00,665,665,665,665,0
2022-10-04 10:08:00,665,665,665,665,0
2022-10-04 10:09:00,665,665,665,665,0
2022-10-04 10:10:00,665,665,665,665,200
2022-10-04 10:11:00,665,665,665,665,0
2022-10-04 10:12:00,665,665,665,665,0
2022-10-04 10:13:00,665,665,665,665,0
2022-10-04 10:14:00,665,665,665,665,0
2022-10-04 10:15:00,665,665,665,665,0
2022-10-04 10:16:00,665,665,665,665,0
2022-10-04 10:17:00,660,660,660,660,600
2022-10-04 10:18:00,660,660,665,665,1900
2022-10-04 10:19:00,660,660,665,665,0
2022-10-04 10:20:00,660,660,665,665,0
2022-10-04 10:21:00,660,660,665,665,0
2022-10-04 10:22:00,660,660,665,665,0
2022-10-04 10:23:00,660,660,665,665,0
2022-10-04 10:24:00,660,660,665,665,0
2022-10-04 10:25:00,660,660,665,665,0
2022-10-04 10:26:00,660,660,665,665,0
2022-10-04 10:27:00,665,665,665,665,200
2022-10-04 10:28:00,665,665,665,665,0
2022-10-04 10:29:00,665,665,665,665,0
2022-10-04 10:30:00,665,665,665,665,0
2022-10-04 10:31:00,665,665,665,665,0
2022-10-04 10:32:00,665,665,665,665,0
2022-10-04 10:33:00,665,665,665,665,0
2022-10-04 10:34:00,665,665,665,665,0
2022-10-04 10:35:00,665,665,665,665,0
2022-10-04 10:36:00,665,665,665,665,0
2022-10-04 10:37:00,665,665,665,665,0
2022-10-04 10:38:00,660,660,660,660,400
2022-10-04 10:39:00,660,660,660,660,0
2022-10-04 10:40:00,660,660,660,660,0
2022-10-04 10:41:00,660,660,660,660,0
2022-10-04 10:42:00,660,660,660,660,0
2022-10-04 10:43:00,660,660,660,660,0
2022-10-04 10:44:00,660,660,660,660,0
2022-10-04 10:45:00,660,660,660,660,0
2022-10-04 10:46:00,660,660,660,660,200
2022-10-04 10:47:00,660,660,660,660,0
2022-10-04 10:48:00,660,660,660,660,0
2022-10-04 10:49:00,660,660,660,660,0
2022-10-04 10:50:00,660,660,660,660,0
2022-10-04 10:51:00,660,660,660,660,0
2022-10-04 10:52:00,660,660,660,660,0
2022-10-04 10:53:00,660,660,660,660,0
2022-10-04 10:54:00,660,660,660,660,0
2022-10-04 10:55:00,660,660,660,660,5000
2022-10-04 10:56:00,660,660,660,660,0
2022-10-04 10:57:00,660,660,660,660,0
2022-10-04 10:58:00,660,660,660,660,0
2022-10-04 10:59:00,660,660,660,660,200
2022-10-04 11:00:00,660,660,660,660,0
2022-10-04 11:01:00,660,660,660,660,0
2022-10-04 11:02:00,660,660,660,660,0
2022-10-04 11:03:00,660,660,660,660,0
2022-10-04 11:04:00,660,660,660,660,0
2022-10-04 11:05:00,665,665,665,665,9900
2022-10-04 11:06:00,665,665,665,665,0
2022-10-04 11:07:00,665,665,665,665,0
2022-10-04 11:08:00,665,665,665,665,0
2022-10-04 11:09:00,665,665,665,665,0
2022-10-04 11:10:00,665,665,665,665,0
2022-10-04 11:11:00,665,665,665,665,0
2022-10-04 11:12:00,665,665,665,665,0
2022-10-04 11:13:00,665,665,665,665,0
2022-10-04 11:14:00,665,665,665,665,0
2022-10-04 11:15:00,665,665,665,665,0
2022-10-04 11:16:00,665,665,665,665,0
2022-10-04 11:17:00,665,665,665,665,0
2022-10-04 11:18:00,665,665,665,665,0
2022-10-04 11:19:00,665,665,665,665,0
2022-10-04 11:20:00,665,665,665,665,0
2022-10-04 11:21:00,665,665,665,665,0
2022-10-04 11:22:00,665,665,665,665,0
2022-10-04 11:23:00,665,665,665,665,0
2022-10-04 11:24:00,665,665,665,665,0
2022-10-04 11:25:00,665,665,665,665,0
2022-10-04 11:26:00,665,665,665,665,0
2022-10-04 11:27:00,665,665,665,665,0
2022-10-04 11:28:00,665,665,665,665,0
2022-10-04 11:29:00,665,665,665,665,0
2022-10-04 11:30:00,665,665,665,665,0
2022-10-04 11:31:00,665,665,665,665,0
2022-10-04 11:32:00,665,665,665,665,0
2022-10-04 11:33:00,665,665,665,665,0
2022-10-04 11:34:00,665,665,665,665,0
2022-10-04 11:35:00,665,665,665,665,0
2022-10-04 11:36:00,665,665,665,665,0
2022-10-04 11:37:00,665,665,665,665,0
2022-10-04 11:38:00,665,665,665,665,0
2022-10-04 11:39:00,665,665,665,665,0
2022-10-04 11:40:00,665,665,665,665,0
2022-10-04 11:41:00,665,665,665,665,0
2022-10-04 11:42:00,665,665,665,665,0
2022-10-04 11:43:00,665,665,665,665,0
2022-10-04 11:44:00,665,665,665,665,0
2022-10-04 11:45:00,665,665,665,665,0
2022-10-04 11:46:00,665,665,665,665,0
2022-10-04 11:47:00,665,665,665,665,0
2022-10-04 11:48:00,665,665,665,665,0
2022-10-04 11:49:00,665,665,665,665,0
2022-10-04 11:50:00,665,665,665,665,0
2022-10-04 11:51:00,665,665,665,665,0
2022-10-04 11:52:00,665,665,665,665,0
2022-10-04 11:53:00,665,665,665,665,0
2022-10-04 11:54:00,665,665,665,665,0
2022-10-04 11:55:00,665,665,665,665,0
2022-10-04 11:56:00,665,665,665,665,0
2022-10-04 11:57:00,665,665,665,665,0
2022-10-04 11:58:00,665,665,665,665,0
2022-10-04 11:59:00,665,665,665,665,0
2022-10-04 12:00:00,665,665,665,665,0
2022-10-04 12:01:00,665,665,665,665,0
2022-10-04 12:02:00,665,665,665,665,0
2022-10-04 12:03:00,665,665,665,665,0
2022-10-04 12:04:00,665,665,665,665,0
2022-10-04 12:05:00,665,665,665,665,0
2022-10-04 12:06:00,665,665,665,665,0
2022-10-04 12:07:00,665,665,665,665,0
2022-10-04 12:08:00,665,665,665,665,0
2022-10-04 12:09:00,665,665,665,665,0
2022-10-04 12:10:00,665,665,665,665,0
2022-10-04 12:11:00,665,665,665,665,0
2022-10-04 12:12:00,665,665,665,665,0
2022-10-04 12:13:00,665,665,665,665,0
2022-10-04 12:14:00,665,665,665,665,0
2022-10-04 12:15:00,665,665,665,665,0
2022-10-04 12:16:00,665,665,665,665,0
2022-10-04 12:17:00,665,665,665,665,0
2022-10-04 12:18:00,665,665,665,665,0
2022-10-04 12:19:00,665,665,665,665,0
2022-10-04 12:20:00,665,665,665,665,0
2022-10-04 12:21:00,665,665,665,665,0
2022-10-04 12:22:00,665,665,665,665,0
2022-10-04 12:23:00,665,665,665,665,0
2022-10-04 12:24:00,665,665,665,665,0
2022-10-04 12:25:00,665,665,665,665,0
2022-10-04 12:26:00,665,665,665,665,0
2022-10-04 12:27:00,665,665,665,665,0
2022-10-04 12:28:00,665,665,665,665,0
2022-10-04 12:29:00,665,665,665,665,0
2022-10-04 12:30:00,665,665,665,665,0
2022-10-04 12:31:00,665,665,665,665,0
2022-10-04 12:32:00,665,665,665,665,0
2022-10-04 12:33:00,665,665,665,665,0
2022-10-04 12:34:00,665,665,665,665,0
2022-10-04 12:35:00,665,665,665,665,0
2022-10-04 12:36:00,665,665,665,665,0
2022-10-04 12:37:00,665,665,665,665,0
2022-10-04 12:38:00,665,665,665,665,0
2022-10-04 12:39:00,665,665,665,665,0
2022-10-04 12:40:00,665,665,665,665,0
2022-10-04 12:41:00,665,665,665,665,0
2022-10-04 12:42:00,665,665,665,665,0
2022-10-04 12:43:00,665,665,665,665,0
2022-10-04 12:44:00,665,665,665,665,0
2022-10-04 12:45:00,665,665,665,665,0
2022-10-04 12:46:00,665,665,665,665,0
2022-10-04 12:47:00,665,665,665,665,0
2022-10-04 12:48:00,665,665,665,665,0
2022-10-04 12:49:00,665,665,665,665,0
2022-10-04 12:50:00,665,665,665,665,0
2022-10-04 12:51:00,665,665,665,665,0
2022-10-04 12:52:00,665,665,665,665,0
2022-10-04 12:53:00,665,665,665,665,0
2022-10-04 12:54:00,665,665,665,665,0
2022-10-04 12:55:00,665,665,665,665,0
2022-10-04 12:56:00,665,665,665,665,0
2022-10-04 12:57:00,665,665,665,665,0
2022-10-04 12:58:00,665,665,665,665,0
2022-10-04 12:59:00,665,665,665,665,0
2022-10-04 13:00:00,665,665,665,665,0
2022-10-04 13:01:00,665,665,665,665,0
2022-10-04 13:02:00,665,665,665,665,0
2022-10-04 13:03:00,665,665,665,665,0
2022-10-04 13:04:00,665,665,665,665,0
2022-10-04 13:05:00,665,665,665,665,0
2022-10-04 13:06:00,665,665,665,665,0
2022-10-04 13:07:00,665,665,665,665,0
2022-10-04 13:08:00,665,665,665,665,0
2022-10-04 13:09:00,665,665,665,665,0
2022-10-04 13:10:00,665,665,665,665,0
2022-10-04 13:11:00,665,665,665,665,0
2022-10-04 13:12:00,665,665,665,665,0
2022-10-04 13:13:00,665,665,665,665,0
2022-10-04 13:14:00,665,665,665,665,0
2022-10-04 13:15:00,665,665,665,665,0
2022-10-04 13:16:00,665,665,665,665,0
2022-10-04 13:17:00,665,665,665,665,0
2022-10-04 13:18:00,665,665,665,665,0
2022-10-04 13:19:00,665,665,665,665,0
2022-10-04 13:20:00,665,665,665,665,0
2022-10-04 13:21:00,665,665,665,665,0
2022-10-04 13:22:00,665,665,665,665,0
2022-10-04 13:23:00,665,665,665,665,0
2022-10-04 13:24:00,665,665,665,665,0
2022-10-04 13:25:00,665,665,665,665,0
2022-10-04 13:26:00,665,665,665,665,0
2022-10-04 13:27:00,665,665,665,665,0
2022-10-04 13:28:00,665,665,665,665,0
2022-10-04 13:29:00,665,665,665,665,0
2022-10-04 13:30:00,665,665,665,665,0
2022-10-04 13:31:00,665,665,665,665,0
2022-10-04 13:32:00,665,665,665,665,0
2022-10-04 13:33:00,665,665,665,665,0
2022-10-04 13:34:00,665,665,665,665,0
2022-10-04 13:35:00,665,665,665,665,0
2022-10-04 13:36:00,665,665,665,665,0
2022-10-04 13:37:00,665,665,665,665,20000
2022-10-04 13:38:00,665,665,665,665,0
2022-10-04 13:39:00,665,665,665,665,0
2022-10-04 13:40:00,665,665,665,665,0
2022-10-04 13:41:00,665,665,665,665,0
2022-10-04 13:42:00,665,665,665,665,0
2022-10-04 13:43:00,665,665,665,665,0
2022-10-04 13:44:00,665,665,665,665,0
2022-10-04 13:45:00,665,665,665,665,0
2022-10-04 13:46:00,665,665,665,665,0
2022-10-04 13:47:00,665,665,665,665,0
2022-10-04 13:48:00,665,665,665,665,0
2022-10-04 13:49:00,665,665,665,665,10000
2022-10-04 13:50:00,660,660,660,660,0
2022-10-04 13:51:00,660,660,660,660,0
2022-10-04 13:52:00,660,660,660,660,0
2022-10-04 13:53:00,660,660,660,660,0
2022-10-04 13:54:00,660,660,660,660,0
2022-10-04 13:55:00,665,665,665,665,16000
2022-10-04 13:56:00,665,665,665,665,0
2022-10-04 13:57:00,665,665,665,665,0
2022-10-04 13:58:00,665,665,665,665,0
2022-10-04 13:59:00,665,665,665,665,0
2022-10-04 14:00:00,665,665,665,665,0
2022-10-04 14:01:00,665,665,665,665,0
2022-10-04 14:02:00,665,665,665,665,0
2022-10-04 14:03:00,665,665,665,665,0
2022-10-04 14:04:00,665,665,665,665,0
2022-10-04 14:05:00,665,665,665,665,0
2022-10-04 14:06:00,665,665,665,665,0
2022-10-04 14:07:00,665,665,665,665,0
2022-10-04 14:08:00,665,665,665,665,0
2022-10-04 14:09:00,665,665,665,665,0
2022-10-04 14:10:00,665,665,665,665,0
2022-10-04 14:11:00,665,665,665,665,0
2022-10-04 14:12:00,665,665,665,665,0
2022-10-04 14:13:00,665,665,665,665,0
2022-10-04 14:14:00,665,665,665,665,0
2022-10-04 14:15:00,665,665,665,665,0
2022-10-04 14:16:00,665,665,665,665,0
2022-10-04 14:17:00,665,665,665,665,0
2022-10-04 14:18:00,665,665,665,665,0
2022-10-04 14:19:00,665,665,665,665,0
2022-10-04 14:20:00,665,665,665,665,0
2022-10-04 14:21:00,665,665,665,665,0
2022-10-04 14:22:00,665,665,665,665,0
2022-10-04 14:23:00,665,665,665,665,0
2022-10-04 14:24:00,655,655,655,655,0
2022-10-04 14:25:00,655,655,655,655,0
2022-10-04 14:26:00,655,655,655,655,0
2022-10-04 14:27:00,655,655,655,655,175200
2022-10-04 14:28:00,655,655,655,655,8900
2022-10-04 14:29:00,660,660,660,660,0
2022-10-04 14:30:00,660,660,660,660,0
2022-10-04 14:31:00,660,660,660,660,0
2022-10-04 14:32:00,665,665,665,665,12700
2022-10-04 14:33:00,665,665,665,665,0
2022-10-04 14:34:00,665,665,665,665,0
2022-10-04 14:35:00,665,665,665,665,0
2022-10-04 14:36:00,665,665,665,665,0
2022-10-04 14:37:00,665,665,665,665,0
2022-10-04 14:38:00,665,665,665,665,0
2022-10-04 14:39:00,665,665,665,665,0
2022-10-04 14:40:00,665,665,665,665,0
2022-10-04 14:41:00,665,665,665,665,0
2022-10-04 14:42:00,665,665,665,665,200
2022-10-04 14:43:00,670,670,680,680,3700
2022-10-04 14:44:00,680,680,685,685,900
2022-10-04 14:45:00,680,680,685,685,1000
2022-10-04 14:46:00,680,680,685,685,600
2022-10-04 14:47:00,680,680,685,685,0
2022-10-04 14:48:00,680,680,680,680,100
2022-10-04 14:49:00,675,675,675,675,0
2022-10-04 14:50:00,675,675,675,675,0
2022-10-04 14:51:00,675,675,675,675,0
2022-10-04 14:52:00,675,675,675,675,0
2022-10-04 14:53:00,675,675,675,675,0
2022-10-04 14:54:00,675,675,675,675,0
2022-10-04 14:55:00,675,675,675,675,0
2022-10-04 14:56:00,675,675,675,675,0
2022-10-04 14:57:00,675,675,675,675,0
2022-10-04 14:58:00,675,675,675,675,0
2022-10-04 14:59:00,675,675,675,675,0
2022-10-04 15:00:00,675,675,675,675,300
2022-10-04 15:01:00,675,675,675,675,0
2022-10-04 15:02:00,675,675,675,675,0
2022-10-04 15:03:00,675,675,675,675,0
2022-10-04 15:04:00,675,675,675,675,0
2022-10-04 15:05:00,675,675,675,675,0
2022-10-04 15:06:00,675,675,675,675,0
2022-10-04 15:07:00,675,675,675,675,0
2022-10-04 15:08:00,675,675,675,675,0
2022-10-04 15:09:00,675,675,675,675,0
2022-10-04 15:10:00,675,675,675,675,0
2022-10-04 15:11:00,675,675,675,675,0
2022-10-04 15:12:00,675,675,675,675,0
2022-10-04 15:13:00,675,675,675,675,0
2022-10-04 15:14:00,675,675,675,675,0
2022-10-04 15:15:00,675,675,675,675,0
2022-10-04 15:16:00,675,675,675,675,0
2022-10-04 15:17:00,675,675,675,675,0
2022-10-04 15:18:00,675,675,675,675,0
2022-10-04 15:19:00,675,675,675,675,0
2022-10-04 15:20:00,675,675,675,675,0
2022-10-04 15:21:00,675,675,675,675,0
2022-10-04 15:22:00,675,675,675,675,0
2022-10-04 15:23:00,675,675,675,675,0
2022-10-04 15:24:00,675,675,675,675,0
2022-10-04 15:25:00,675,675,675,675,0
2022-10-04 15:26:00,675,675,675,675,0
2022-10-04 15:27:00,675,675,675,675,0
2022-10-04 15:28:00,675,675,675,675,0
2022-10-04 15:29:00,675,675,675,675,0
2022-10-04 15:30:00,675,675,675,675,0
2022-10-04 15:31:00,675,675,675,675,0
2022-10-04 15:32:00,675,675,675,675,0
2022-10-04 15:33:00,675,675,675,675,0
2022-10-04 15:34:00,675,675,675,675,0
2022-10-04 15:35:00,675,675,675,675,0
2022-10-04 15:36:00,675,675,675,675,0
2022-10-04 15:37:00,675,675,675,675,0
2022-10-04 15:38:00,675,675,675,675,0
2022-10-04 15:39:00,675,675,675,675,0
2022-10-04 15:40:00,675,675,675,675,0
2022-10-04 15:41:00,675,675,675,675,0
2022-10-04 15:42:00,675,675,675,675,0
2022-10-04 15:43:00,675,675,675,675,0
2022-10-04 15:44:00,675,675,675,675,0
2022-10-04 15:45:00,675,675,675,675,0
2022-10-04 15:46:00,675,675,675,675,0
2022-10-04 15:47:00,675,675,675,675,0
2022-10-04 15:48:00,675,675,675,675,0
2022-10-04 15:49:00,675,675,675,675,0
2022-10-04 15:50:00,675,675,675,675,0
2022-10-04 15:51:00,675,675,675,675,0
2022-10-04 15:52:00,675,675,675,675,0
2022-10-04 15:53:00,675,675,675,675,0
2022-10-04 15:54:00,675,675,675,675,0
2022-10-04 15:55:00,675,675,675,675,0
2022-10-04 15:56:00,675,675,675,675,0
2022-10-04 15:57:00,675,675,675,675,0
2022-10-04 15:58:00,675,675,675,675,0
2022-10-04 15:59:00,675,675,675,675,0
2022-10-05 09:00:00,675,675,675,675,0
2022-10-05 09:01:00,675,675,675,675,100
2022-10-05 09:02:00,675,675,675,675,0
2022-10-05 09:03:00,675,675,675,675,0
2022-10-05 09:04:00,675,675,675,675,0
2022-10-05 09:05:00,675,675,675,675,0
2022-10-05 09:06:00,675,675,675,675,0
2022-10-05 09:07:00,675,675,675,675,0
2022-10-05 09:08:00,675,675,675,675,0
2022-10-05 09:09:00,675,675,675,675,0
2022-10-05 09:10:00,675,675,675,675,0
2022-10-05 09:11:00,675,675,675,675,0
2022-10-05 09:12:00,675,675,675,675,0
2022-10-05 09:13:00,675,675,685,685,3500
2022-10-05 09:14:00,690,690,690,690,0
2022-10-05 09:15:00,690,690,690,690,0
2022-10-05 09:16:00,690,690,690,690,0
2022-10-05 09:17:00,690,690,690,690,0
2022-10-05 09:18:00,680,680,680,680,100
2022-10-05 09:19:00,680,680,680,680,0
2022-10-05 09:20:00,680,680,680,680,0
2022-10-05 09:21:00,680,680,680,680,0
2022-10-05 09:22:00,680,680,680,680,0
2022-10-05 09:23:00,680,680,680,680,0
2022-10-05 09:24:00,680,680,680,680,0
2022-10-05 09:25:00,680,680,680,680,700
2022-10-05 09:26:00,680,680,680,680,0
2022-10-05 09:27:00,680,680,680,680,0
2022-10-05 09:28:00,680,680,680,680,0
2022-10-05 09:29:00,680,680,680,680,0
2022-10-05 09:30:00,680,680,680,680,0
2022-10-05 09:31:00,680,680,680,680,0
2022-10-05 09:32:00,680,680,680,680,0
2022-10-05 09:33:00,680,680,680,680,0
2022-10-05 09:34:00,680,680,680,680,0
2022-10-05 09:35:00,680,680,680,680,0
2022-10-05 09:36:00,680,680,680,680,1000
2022-10-05 09:37:00,680,680,680,680,0
2022-10-05 09:38:00,680,680,680,680,0
2022-10-05 09:39:00,680,680,680,680,0
2022-10-05 09:40:00,680,680,680,680,0
2022-10-05 09:41:00,680,680,680,680,0
2022-10-05 09:42:00,680,680,680,680,200
2022-10-05 09:43:00,680,680,680,680,0
2022-10-05 09:44:00,680,680,680,680,0
2022-10-05 09:45:00,680,680,680,680,0
2022-10-05 09:46:00,680,680,680,680,0
2022-10-05 09:47:00,680,680,680,680,0
2022-10-05 09:48:00,680,680,680,680,0
2022-10-05 09:49:00,680,680,680,680,0
2022-10-05 09:50:00,680,680,680,680,0
2022-10-05 09:51:00,680,680,680,680,0
2022-10-05 09:52:00,680,680,680,680,0
2022-10-05 09:53:00,680,680,680,680,0
2022-10-05 09:54:00,680,680,680,680,0
2022-10-05 09:55:00,680,680,680,680,0
2022-10-05 09:56:00,680,680,680,680,0
2022-10-05 09:57:00,680,680,680,680,0
2022-10-05 09:58:00,680,680,680,680,0
2022-10-05 09:59:00,680,680,680,680,0
2022-10-05 10:00:00,680,680,680,680,0
2022-10-05 10:01:00,680,680,680,680,0
2022-10-05 10:02:00,680,680,680,680,0
2022-10-05 10:03:00,680,680,680,680,0
2022-10-05 10:04:00,680,680,680,680,0
2022-10-05 10:05:00,680,680,680,680,0
2022-10-05 10:06:00,680,680,680,680,200
2022-10-05 10:07:00,680,680,680,680,700
2022-10-05 10:08:00,680,680,680,680,0
2022-10-05 10:09:00,680,680,680,680,0
2022-10-05 10:10:00,680,680,680,680,0
2022-10-05 10:11:00,680,680,680,680,0
2022-10-05 10:12:00,680,680,680,680,0
2022-10-05 10:13:00,680,680,680,680,0
2022-10-05 10:14:00,680,680,680,680,0
2022-10-05 10:15:00,680,680,680,680,0
2022-10-05 10:16:00,680,680,680,680,0
2022-10-05 10:17:00,680,680,680,680,0
2022-10-05 10:18:00,680,680,680,680,0
2022-10-05 10:19:00,680,680,680,680,0
2022-10-05 10:20:00,680,680,680,680,0
2022-10-05 10:21:00,680,680,680,680,0
2022-10-05 10:22:00,680,680,680,680,0
2022-10-05 10:23:00,680,680,680,680,0
2022-10-05 10:24:00,680,680,680,680,0
2022-10-05 10:25:00,680,680,680,680,0
2022-10-05 10:26:00,680,680,680,680,0
2022-10-05 10:27:00,680,680,680,680,5800
2022-10-05 10:28:00,680,680,680,680,0
2022-10-05 10:29:00,680,680,680,680,0
2022-10-05 10:30:00,680,680,680,680,0
2022-10-05 10:31:00,680,680,680,680,0
2022-10-05 10:32:00,680,680,680,680,0
2022-10-05 10:33:00,680,680,680,680,0
2022-10-05 10:34:00,675,675,675,675,0
2022-10-05 10:35:00,675,675,675,675,0
2022-10-05 10:36:00,675,675,675,675,0
2022-10-05 10:37:00,675,675,675,675,0
2022-10-05 10:38:00,675,675,675,675,0
2022-10-05 10:39:00,675,675,675,675,0
2022-10-05 10:40:00,675,675,675,675,0
2022-10-05 10:41:00,675,675,675,675,200
2022-10-05 10:42:00,675,675,675,675,0
2022-10-05 10:43:00,675,675,675,675,0
2022-10-05 10:44:00,675,675,675,675,0
2022-10-05 10:45:00,675,675,675,675,0
2022-10-05 10:46:00,675,675,675,675,0
2022-10-05 10:47:00,675,675,675,675,0
2022-10-05 10:48:00,675,675,675,675,0
2022-10-05 10:49:00,675,675,675,675,0
2022-10-05 10:50:00,670,665,670,665,5200
2022-10-05 10:51:00,670,665,670,665,0
2022-10-05 10:52:00,670,665,670,665,0
2022-10-05 10:53:00,670,665,670,665,0
2022-10-05 10:54:00,670,665,670,665,0
2022-10-05 10:55:00,670,665,670,665,0
2022-10-05 10:56:00,670,665,670,665,0
2022-10-05 10:57:00,670,665,670,665,0
2022-10-05 10:58:00,670,665,670,665,0
2022-10-05 10:59:00,670,665,670,665,0
2022-10-05 11:00:00,670,665,670,665,0
2022-10-05 11:01:00,670,665,670,665,0
2022-10-05 11:02:00,670,665,670,665,0
2022-10-05 11:03:00,670,665,670,665,0
2022-10-05 11:04:00,670,665,670,665,0
2022-10-05 11:05:00,670,665,670,665,0
2022-10-05 11:06:00,670,665,670,665,0
2022-10-05 11:07:00,670,665,670,665,0
2022-10-05 11:08:00,670,665,670,665,0
2022-10-05 11:09:00,670,665,670,665,0
2022-10-05 11:10:00,670,665,670,665,0
2022-10-05 11:11:00,670,665,670,665,0
2022-10-05 11:12:00,670,665,670,665,0
2022-10-05 11:13:00,670,665,670,665,0
2022-10-05 11:14:00,670,665,670,665,0
2022-10-05 11:15:00,670,665,670,665,0
2022-10-05 11:16:00,665,665,665,665,21300
2022-10-05 11:17:00,665,665,665,665,0
2022-10-05 11:18:00,665,665,665,665,0
2022-10-05 11:19:00,665,665,665,665,0
2022-10-05 11:20:00,665,665,665,665,0
2022-10-05 11:21:00,665,665,665,665,0
2022-10-05 11:22:00,665,665,665,665,0
2022-10-05 11:23:00,665,665,665,665,0
2022-10-05 11:24:00,665,665,665,665,0
2022-10-05 11:25:00,665,665,665,665,0
2022-10-05 11:26:00,665,665,665,665,0
2022-10-05 11:27:00,665,665,665,665,0
2022-10-05 11:28:00,665,665,665,665,0
2022-10-05 11:29:00,665,665,665,665,0
2022-10-05 11:30:00,665,665,665,665,0
2022-10-05 11:31:00,665,665,665,665,0
2022-10-05 11:32:00,665,665,665,665,0
2022-10-05 11:33:00,665,665,665,665,0
2022-10-05 11:34:00,665,665,665,665,0
2022-10-05 11:35:00,665,665,665,665,0
2022-10-05 11:36:00,665,665,665,665,0
2022-10-05 11:37:00,665,665,665,665,0
2022-10-05 11:38:00,665,665,665,665,0
2022-10-05 11:39:00,665,665,665,665,0
2022-10-05 11:40:00,665,665,665,665,0
2022-10-05 11:41:00,665,665,665,665,0
2022-10-05 11:42:00,665,665,665,665,0
2022-10-05 11:43:00,665,665,665,665,0
2022-10-05 11:44:00,665,665,665,665,0
2022-10-05 11:45:00,665,665,665,665,0
2022-10-05 11:46:00,665,665,665,665,0
2022-10-05 11:47:00,665,665,665,665,0
2022-10-05 11:48:00,665,665,665,665,0
2022-10-05 11:49:00,665,665,665,665,0
2022-10-05 11:50:00,665,665,665,665,0
2022-10-05 11:51:00,665,665,665,665,0
2022-10-05 11:52:00,665,665,665,665,0
2022-10-05 11:53:00,665,665,665,665,0
2022-10-05 11:54:00,665,665,665,665,0
2022-10-05 11:55:00,665,665,665,665,0
2022-10-05 11:56:00,665,665,665,665,0
2022-10-05 11:57:00,665,665,665,665,0
2022-10-05 11:58:00,665,665,665,665,0
2022-10-05 11:59:00,665,665,665,665,0
2022-10-05 12:00:00,665,665,665,665,0
2022-10-05 12:01:00,665,665,665,665,0
2022-10-05 12:02:00,665,665,665,665,0
2022-10-05 12:03:00,665,665,665,665,0
2022-10-05 12:04:00,665,665,665,665,0
2022-10-05 12:05:00,665,665,665,665,0
2022-10-05 12:06:00,665,665,665,665,0
2022-10-05 12:07:00,665,665,665,665,0
2022-10-05 12:08:00,665,665,665,665,0
2022-10-05 12:09:00,665,665,665,665,0
2022-10-05 12:10:00,665,665,665,665,0
2022-10-05 12:11:00,665,665,665,665,0
2022-10-05 12:12:00,665,665,665,665,0
2022-10-05 12:13:00,665,665,665,665,0
2022-10-05 12:14:00,665,665,665,665,0
2022-10-05 12:15:00,665,665,665,665,0
2022-10-05 12:16:00,665,665,665,665,0
2022-10-05 12:17:00,665,665,665,665,0
2022-10-05 12:18:00,665,665,665,665,0
2022-10-05 12:19:00,665,665,665,665,0
2022-10-05 12:20:00,665,665,665,665,0
2022-10-05 12:21:00,665,665,665,665,0
2022-10-05 12:22:00,665,665,665,665,0
2022-10-05 12:23:00,665,665,665,665,0
2022-10-05 12:24:00,665,665,665,665,0
2022-10-05 12:25:00,665,665,665,665,0
2022-10-05 12:26:00,665,665,665,665,0
2022-10-05 12:27:00,665,665,665,665,0
2022-10-05 12:28:00,665,665,665,665,0
2022-10-05 12:29:00,665,665,665,665,0
2022-10-05 12:30:00,665,665,665,665,0
2022-10-05 12:31:00,665,665,665,665,0
2022-10-05 12:32:00,665,665,665,665,0
2022-10-05 12:33:00,665,665,665,665,0
2022-10-05 12:34:00,665,665,665,665,0
2022-10-05 12:35:00,665,665,665,665,0
2022-10-05 12:36:00,665,665,665,665,0
2022-10-05 12:37:00,665,665,665,665,0
2022-10-05 12:38:00,665,665,665,665,0
2022-10-05 12:39:00,665,665,665,665,0
2022-10-05 12:40:00,665,665,665,665,0
2022-10-05 12:41:00,665,665,665,665,0
2022-10-05 12:42:00,665,665,665,665,0
2022-10-05 12:43:00,665,665,665,665,0
2022-10-05 12:44:00,665,665,665,665,0
2022-10-05 12:45:00,665,665,665,665,0
2022-10-05 12:46:00,665,665,665,665,0
2022-10-05 12:47:00,665,665,665,665,0
2022-10-05 12:48:00,665,665,665,665,0
2022-10-05 12:49:00,665,665,665,665,0
2022-10-05 12:50:00,665,665,665,665,0
2022-10-05 12:51:00,665,665,665,665,0
2022-10-05 12:52:00,665,665,665,665,0
2022-10-05 12:53:00,665,665,665,665,0
2022-10-05 12:54:00,665,665,665,665,0
2022-10-05 12:55:00,665,665,665,665,0
2022-10-05 12:56:00,665,665,665,665,0
2022-10-05 12:57:00,665,665,665,665,0
2022-10-05 12:58:00,665,665,665,665,0
2022-10-05 12:59:00,665,665,665,665,0
2022-10-05 13:00:00,665,665,665,665,0
2022-10-05 13:01:00,665,665,665,665,0
2022-10-05 13:02:00,665,665,665,665,0
2022-10-05 13:03:00,665,665,665,665,0
2022-10-05 13:04:00,665,665,665,665,0
2022-10-05 13:05:00,665,665,665,665,0
2022-10-05 13:06:00,665,665,665,665,0
2022-10-05 13:07:00,665,665,665,665,0
2022-10-05 13:08:00,665,665,665,665,0
2022-10-05 13:09:00,665,665,665,665,0
2022-10-05 13:10:00,665,665,665,665,0
2022-10-05 13:11:00,665,665,665,665,0
2022-10-05 13:12:00,665,665,665,665,0
2022-10-05 13:13:00,665,665,665,665,0
2022-10-05 13:14:00,665,665,665,665,0
2022-10-05 13:15:00,665,665,665,665,0
2022-10-05 13:16:00,665,665,665,665,0
2022-10-05 13:17:00,665,665,665,665,0
2022-10-05 13:18:00,665,665,665,665,0
2022-10-05 13:19:00,665,665,665,665,0
2022-10-05 13:20:00,665,665,665,665,0
2022-10-05 13:21:00,665,665,665,665,0
2022-10-05 13:22:00,665,665,665,665,0
2022-10-05 13:23:00,665,665,665,665,0
2022-10-05 13:24:00,665,665,665,665,0
2022-10-05 13:25:00,665,665,665,665,0
2022-10-05 13:26:00,665,665,665,665,0
2022-10-05 13:27:00,665,665,665,665,0
2022-10-05 13:28:00,665,665,665,665,0
2022-10-05 13:29:00,665,665,665,665,0
2022-10-05 13:30:00,665,665,675,675,300
2022-10-05 13:31:00,665,665,675,675,0
2022-10-05 13:32:00,665,665,675,675,0
2022-10-05 13:33:00,665,665,675,675,0
2022-10-05 13:34:00,665,665,675,675,0
2022-10-05 13:35:00,665,665,675,675,0
2022-10-05 13:36:00,665,665,675,675,0
2022-10-05 13:37:00,665,665,675,675,0
2022-10-05 13:38:00,665,665,675,675,0
2022-10-05 13:39:00,665,665,675,675,0
2022-10-05 13:40:00,675,675,675,675,300
2022-10-05 13:41:00,675,675,675,675,0
2022-10-05 13:42:00,675,675,675,675,400
2022-10-05 13:43:00,675,675,675,675,0
2022-10-05 13:44:00,675,675,675,675,0
2022-10-05 13:45:00,675,675,675,675,0
2022-10-05 13:46:00,675,675,675,675,0
2022-10-05 13:47:00,675,675,675,675,0
2022-10-05 13:48:00,675,675,675,675,0
2022-10-05 13:49:00,675,675,675,675,0
2022-10-05 13:50:00,675,675,675,675,0
2022-10-05 13:51:00,675,675,675,675,0
2022-10-05 13:52:00,675,675,675,675,0
2022-10-05 13:53:00,675,675,675,675,0
2022-10-05 13:54:00,675,665,675,665,5800
2022-10-05 13:55:00,675,665,675,665,0
2022-10-05 13:56:00,675,665,675,665,0
2022-10-05 13:57:00,675,665,675,665,0
2022-10-05 13:58:00,675,665,675,665,0
2022-10-05 13:59:00,675,665,675,665,0
2022-10-05 14:00:00,675,665,675,665,0
2022-10-05 14:01:00,675,665,675,665,0
2022-10-05 14:02:00,675,665,675,665,0
2022-10-05 14:03:00,675,665,675,665,0
2022-10-05 14:04:00,675,665,675,665,0
2022-10-05 14:05:00,670,665,670,665,800
2022-10-05 14:06:00,670,665,670,665,0
2022-10-05 14:07:00,670,665,670,665,0
2022-10-05 14:08:00,670,665,670,665,0
2022-10-05 14:09:00,670,665,670,665,0
2022-10-05 14:10:00,670,665,670,665,0
2022-10-05 14:11:00,670,665,670,665,0
2022-10-05 14:12:00,670,665,670,665,0
2022-10-05 14:13:00,670,665,670,665,0
2022-10-05 14:14:00,675,675,675,675,500
2022-10-05 14:15:00,675,675,675,675,0
2022-10-05 14:16:00,675,675,675,675,0
2022-10-05 14:17:00,675,675,675,675,0
2022-10-05 14:18:00,675,675,675,675,0
2022-10-05 14:19:00,675,675,675,675,0
2022-10-05 14:20:00,675,675,675,675,0
2022-10-05 14:21:00,675,675,675,675,0
2022-10-05 14:22:00,675,675,675,675,0
2022-10-05 14:23:00,675,675,675,675,0
2022-10-05 14:24:00,675,675,675,675,0
2022-10-05 14:25:00,675,675,675,675,0
2022-10-05 14:26:00,675,675,675,675,0
2022-10-05 14:27:00,675,675,675,675,0
2022-10-05 14:28:00,675,675,675,675,0
2022-10-05 14:29:00,675,675,675,675,600
2022-10-05 14:30:00,675,675,675,675,0
2022-10-05 14:31:00,675,675,675,675,0
2022-10-05 14:32:00,675,675,675,675,0
2022-10-05 14:33:00,675,675,675,675,0
2022-10-05 14:34:00,675,675,675,675,0
2022-10-05 14:35:00,675,675,675,675,0
2022-10-05 14:36:00,675,675,675,675,0
2022-10-05 14:37:00,675,675,675,675,19700
2022-10-05 14:38:00,675,675,675,675,0
2022-10-05 14:39:00,675,675,675,675,0
2022-10-05 14:40:00,675,675,675,675,0
2022-10-05 14:41:00,675,675,675,675,1600
2022-10-05 14:42:00,675,675,675,675,0
2022-10-05 14:43:00,675,675,675,675,0
2022-10-05 14:44:00,675,675,675,675,0
2022-10-05 14:45:00,675,675,675,675,0
2022-10-05 14:46:00,675,675,675,675,0
2022-10-05 14:47:00,675,675,675,675,0
2022-10-05 14:48:00,675,675,675,675,0
2022-10-05 14:49:00,675,675,675,675,0
2022-10-05 14:50:00,675,675,675,675,0
2022-10-05 14:51:00,675,675,675,675,0
2022-10-05 14:52:00,675,675,675,675,0
2022-10-05 14:53:00,675,675,675,675,0
2022-10-05 14:54:00,675,675,675,675,0
2022-10-05 14:55:00,675,675,675,675,0
2022-10-05 14:56:00,675,675,675,675,0
2022-10-05 14:57:00,675,675,675,675,0
2022-10-05 14:58:00,675,675,675,675,0
2022-10-05 14:59:00,675,675,675,675,0
2022-10-05 15:00:00,680,680,680,680,73100
2022-10-05 15:01:00,680,680,680,680,0
2022-10-05 15:02:00,680,680,680,680,0
2022-10-05 15:03:00,680,680,680,680,0
2022-10-05 15:04:00,680,680,680,680,0
2022-10-05 15:05:00,680,680,680,680,0
2022-10-05 15:06:00,680,680,680,680,0
2022-10-05 15:07:00,680,680,680,680,0
2022-10-05 15:08:00,680,680,680,680,0
2022-10-05 15:09:00,680,680,680,680,0
2022-10-05 15:10:00,680,680,680,680,0
2022-10-05 15:11:00,680,680,680,680,0
2022-10-05 15:12:00,680,680,680,680,0
2022-10-05 15:13:00,680,680,680,680,0
2022-10-05 15:14:00,680,680,680,680,0
2022-10-05 15:15:00,680,680,680,680,0
2022-10-05 15:16:00,680,680,680,680,0
2022-10-05 15:17:00,680,680,680,680,0
2022-10-05 15:18:00,680,680,680,680,0
2022-10-05 15:19:00,680,680,680,680,0
2022-10-05 15:20:00,680,680,680,680,0
2022-10-05 15:21:00,680,680,680,680,0
2022-10-05 15:22:00,680,680,680,680,0
2022-10-05 15:23:00,680,680,680,680,0
2022-10-05 15:24:00,680,680,680,680,0
2022-10-05 15:25:00,680,680,680,680,0
2022-10-05 15:26:00,680,680,680,680,0
2022-10-05 15:27:00,680,680,680,680,0
2022-10-05 15:28:00,680,680,680,680,0
2022-10-05 15:29:00,680,680,680,680,0
2022-10-05 15:30:00,680,680,680,680,0
2022-10-05 15:31:00,680,680,680,680,0
2022-10-05 15:32:00,680,680,680,680,0
2022-10-05 15:33:00,680,680,680,680,0
2022-10-05 15:34:00,680,680,680,680,0
2022-10-05 15:35:00,680,680,680,680,0
2022-10-05 15:36:00,680,680,680,680,0
2022-10-05 15:37:00,680,680,680,680,0
2022-10-05 15:38:00,680,680,680,680,0
2022-10-05 15:39:00,680,680,680,680,0
2022-10-05 15:40:00,680,680,680,680,0
2022-10-05 15:41:00,680,680,680,680,0
2022-10-05 15:42:00,680,680,680,680,0
2022-10-05 15:43:00,680,680,680,680,0
2022-10-05 15:44:00,680,680,680,680,0
2022-10-05 15:45:00,680,680,680,680,0
2022-10-05 15:46:00,680,680,680,680,0
2022-10-05 15:47:00,680,680,680,680,0
2022-10-05 15:48:00,680,680,680,680,0
2022-10-05 15:49:00,680,680,680,680,0
2022-10-05 15:50:00,680,680,680,680,0
2022-10-05 15:51:00,680,680,680,680,0
2022-10-05 15:52:00,680,680,680,680,0
2022-10-05 15:53:00,680,680,680,680,0
2022-10-05 15:54:00,680,680,680,680,0
2022-10-05 15:55:00,680,680,680,680,0
2022-10-05 15:56:00,680,680,680,680,0
2022-10-05 15:57:00,680,680,680,680,0
2022-10-05 15:58:00,680,680,680,680,0
2022-10-05 15:59:00,680,680,680,680,0
2022-10-06 09:00:00,680,680,680,680,0
2022-10-06 09:01:00,680,680,680,680,0
2022-10-06 09:02:00,680,680,680,680,0
2022-10-06 09:03:00,680,680,680,680,0
2022-10-06 09:04:00,680,680,680,680,0
2022-10-06 09:05:00,680,680,680,680,0
2022-10-06 09:06:00,680,680,680,680,0
2022-10-06 09:07:00,680,680,680,680,1700
2022-10-06 09:08:00,680,680,680,680,0
2022-10-06 09:09:00,680,680,680,680,0
2022-10-06 09:10:00,690,690,690,690,1100
2022-10-06 09:11:00,685,685,685,685,1500
2022-10-06 09:12:00,685,685,685,685,0
2022-10-06 09:13:00,685,685,685,685,3800
2022-10-06 09:14:00,685,685,685,685,0
2022-10-06 09:15:00,685,685,685,685,0
2022-10-06 09:16:00,685,685,685,685,0
2022-10-06 09:17:00,685,685,685,685,0
2022-10-06 09:18:00,685,685,685,685,0
2022-10-06 09:19:00,685,685,685,685,0
2022-10-06 09:20:00,685,685,685,685,0
2022-10-06 09:21:00,685,685,685,685,0
2022-10-06 09:22:00,685,685,685,685,0
2022-10-06 09:23:00,685,685,685,685,0
2022-10-06 09:24:00,685,685,685,685,0
2022-10-06 09:25:00,685,685,685,685,0
2022-10-06 09:26:00,685,685,685,685,0
2022-10-06 09:27:00,685,685,685,685,0
2022-10-06 09:28:00,685,685,685,685,0
2022-10-06 09:29:00,685,685,685,685,0
2022-10-06 09:30:00,685,685,685,685,0
2022-10-06 09:31:00,680,680,680,680,194700
2022-10-06 09:32:00,680,680,680,680,0
2022-10-06 09:33:00,680,680,680,680,4700
2022-10-06 09:34:00,680,675,680,675,3000
2022-10-06 09:35:00,670,670,670,670,9500
2022-10-06 09:36:00,675,675,675,675,0
2022-10-06 09:37:00,675,675,675,675,0
2022-10-06 09:38:00,675,675,675,675,0
2022-10-06 09:39:00,675,675,675,675,500
2022-10-06 09:40:00,675,675,675,675,1000
2022-10-06 09:41:00,670,670,670,670,9000
2022-10-06 09:42:00,665,655,665,655,71500
2022-10-06 09:43:00,655,655,655,655,0
2022-10-06 09:44:00,655,655,655,655,0
2022-10-06 09:45:00,655,655,655,655,0
2022-10-06 09:46:00,655,655,655,655,0
2022-10-06 09:47:00,655,655,655,655,0
2022-10-06 09:48:00,655,655,655,655,0
2022-10-06 09:49:00,655,655,655,655,0
2022-10-06 09:50:00,655,655,655,655,0
2022-10-06 09:51:00,655,655,655,655,0
2022-10-06 09:52:00,665,665,665,665,0
2022-10-06 09:53:00,665,665,665,665,0
2022-10-06 09:54:00,665,665,665,665,0
2022-10-06 09:55:00,665,665,665,665,0
2022-10-06 09:56:00,665,665,665,665,0
2022-10-06 09:57:00,665,665,665,665,0
2022-10-06 09:58:00,665,665,665,665,0
2022-10-06 09:59:00,665,665,665,665,0
2022-10-06 10:00:00,680,680,680,680,400
2022-10-06 10:01:00,680,680,680,680,0
2022-10-06 10:02:00,680,680,680,680,0
2022-10-06 10:03:00,680,680,680,680,0
2022-10-06 10:04:00,680,680,680,680,0
2022-10-06 10:05:00,680,680,680,680,0
2022-10-06 10:06:00,680,680,680,680,0
2022-10-06 10:07:00,680,680,680,680,0
2022-10-06 10:08:00,680,680,680,680,0
2022-10-06 10:09:00,680,680,680,680,0
2022-10-06 10:10:00,665,665,665,665,0
2022-10-06 10:11:00,665,665,665,665,0
2022-10-06 10:12:00,665,665,665,665,0
2022-10-06 10:13:00,665,665,665,665,0
2022-10-06 10:14:00,665,665,665,665,0
2022-10-06 10:15:00,665,665,665,665,0
2022-10-06 10:16:00,665,665,665,665,0
2022-10-06 10:17:00,665,665,665,665,0
2022-10-06 10:18:00,665,665,665,665,0
2022-10-06 10:19:00,665,665,665,665,0
2022-10-06 10:20:00,665,665,665,665,0
2022-10-06 10:21:00,665,665,665,665,0
2022-10-06 10:22:00,665,665,665,665,0
2022-10-06 10:23:00,665,665,665,665,0
2022-10-06 10:24:00,665,665,665,665,0
2022-10-06 10:25:00,665,665,665,665,0
2022-10-06 10:26:00,665,665,665,665,0
2022-10-06 10:27:00,665,665,665,665,0
2022-10-06 10:28:00,665,665,665,665,0
2022-10-06 10:29:00,665,665,665,665,0
2022-10-06 10:30:00,665,665,665,665,0
2022-10-06 10:31:00,665,665,665,665,0
2022-10-06 10:32:00,665,665,665,665,0
2022-10-06 10:33:00,665,665,665,665,0
2022-10-06 10:34:00,665,665,665,665,0
2022-10-06 10:35:00,665,665,665,665,0
2022-10-06 10:36:00,665,665,665,665,0
2022-10-06 10:37:00,665,665,665,665,0
2022-10-06 10:38:00,665,665,665,665,0
2022-10-06 10:39:00,665,665,665,665,0
2022-10-06 10:40:00,665,665,665,665,0
2022-10-06 10:41:00,665,665,665,665,0
2022-10-06 10:42:00,665,665,665,665,0
2022-10-06 10:43:00,665,665,665,665,0
2022-10-06 10:44:00,665,665,665,665,0
2022-10-06 10:45:00,665,665,665,665,0
2022-10-06 10:46:00,665,665,665,665,0
2022-10-06 10:47:00,665,665,665,665,0
2022-10-06 10:48:00,665,665,665,665,0
2022-10-06 10:49:00,665,665,665,665,0
2022-10-06 10:50:00,670,665,670,665,10000
2022-10-06 10:51:00,670,665,670,665,0
2022-10-06 10:52:00,670,665,670,665,0
2022-10-06 10:53:00,670,665,670,665,0
2022-10-06 10:54:00,670,665,670,665,0
2022-10-06 10:55:00,670,665,670,665,0
2022-10-06 10:56:00,670,665,670,665,0
2022-10-06 10:57:00,670,665,670,665,0
2022-10-06 10:58:00,670,665,670,665,0
2022-10-06 10:59:00,670,665,670,665,0
2022-10-06 11:00:00,670,665,670,665,0
2022-10-06 11:01:00,670,665,670,665,0
2022-10-06 11:02:00,670,665,670,665,0
2022-10-06 11:03:00,670,665,670,665,0
2022-10-06 11:04:00,670,665,670,665,0
2022-10-06 11:05:00,670,665,670,665,0
2022-10-06 11:06:00,670,665,670,665,0
2022-10-06 11:07:00,670,665,670,665,0
2022-10-06 11:08:00,670,665,670,665,0
2022-10-06 11:09:00,670,665,670,665,0
2022-10-06 11:10:00,670,665,670,665,0
2022-10-06 11:11:00,670,665,670,665,0
2022-10-06 11:12:00,670,665,670,665,0
2022-10-06 11:13:00,670,665,670,665,0
2022-10-06 11:14:00,670,665,670,665,0
2022-10-06 11:15:00,670,665,670,665,0
2022-10-06 11:16:00,670,665,670,665,0
2022-10-06 11:17:00,670,665,670,665,0
2022-10-06 11:18:00,670,665,670,665,0
2022-10-06 11:19:00,670,665,670,665,0
2022-10-06 11:20:00,670,665,670,665,0
2022-10-06 11:21:00,670,665,670,665,0
2022-10-06 11:22:00,670,665,670,665,0
2022-10-06 11:23:00,670,665,670,665,0
2022-10-06 11:24:00,670,665,670,665,0
2022-10-06 11:25:00,670,665,670,665,0
2022-10-06 11:26:00,670,665,670,665,0
2022-10-06 11:27:00,670,665,670,665,0
2022-10-06 11:28:00,670,665,670,665,0
2022-10-06 11:29:00,670,665,670,665,0
2022-10-06 11:30:00,670,665,670,665,0
2022-10-06 11:31:00,670,665,670,665,0
2022-10-06 11:32:00,670,665,670,665,0
2022-10-06 11:33:00,670,665,670,665,0
2022-10-06 11:34:00,670,665,670,665,0
2022-10-06 11:35:00,670,665,670,665,0
2022-10-06 11:36:00,670,665,670,665,0
2022-10-06 11:37:00,670,665,670,665,0
2022-10-06 11:38:00,670,665,670,665,0
2022-10-06 11:39:00,670,665,670,665,0
2022-10-06 11:40:00,670,665,670,665,0
2022-10-06 11:41:00,670,665,670,665,0
2022-10-06 11:42:00,670,665,670,665,0
2022-10-06 11:43:00,670,665,670,665,0
2022-10-06 11:44:00,670,665,670,665,0
2022-10-06 11:45:00,670,665,670,665,0
2022-10-06 11:46:00,670,665,670,665,0
2022-10-06 11:47:00,670,665,670,665,0
2022-10-06 11:48:00,670,665,670,665,0
2022-10-06 11:49:00,670,665,670,665,0
2022-10-06 11:50:00,670,665,670,665,0
2022-10-06 11:51:00,670,665,670,665,0
2022-10-06 11:52:00,670,665,670,665,0
2022-10-06 11:53:00,670,665,670,665,0
2022-10-06 11:54:00,670,665,670,665,0
2022-10-06 11:55:00,670,665,670,665,0
2022-10-06 11:56:00,670,665,670,665,0
2022-10-06 11:57:00,670,665,670,665,0
2022-10-06 11:58:00,670,665,670,665,0
2022-10-06 11:59:00,670,665,670,665,0
2022-10-06 12:00:00,670,665,670,665,0
2022-10-06 12:01:00,670,665,670,665,0
2022-10-06 12:02:00,670,665,670,665,0
2022-10-06 12:03:00,670,665,670,665,0
2022-10-06 12:04:00,670,665,670,665,0
2022-10-06 12:05:00,670,665,670,665,0
2022-10-06 12:06:00,670,665,670,665,0
2022-10-06 12:07:00,670,665,670,665,0
2022-10-06 12:08:00,670,665,670,665,0
2022-10-06 12:09:00,670,665,670,665,0
2022-10-06 12:10:00,670,665,670,665,0
2022-10-06 12:11:00,670,665,670,665,0
2022-10-06 12:12:00,670,665,670,665,0
2022-10-06 12:13:00,670,665,670,665,0
2022-10-06 12:14:00,670,665,670,665,0
2022-10-06 12:15:00,670,665,670,665,0
2022-10-06 12:16:00,670,665,670,665,0
2022-10-06 12:17:00,670,665,670,665,0
2022-10-06 12:18:00,670,665,670,665,0
2022-10-06 12:19:00,670,665,670,665,0
2022-10-06 12:20:00,670,665,670,665,0
2022-10-06 12:21:00,670,665,670,665,0
2022-10-06 12:22:00,670,665,670,665,0
2022-10-06 12:23:00,670,665,670,665,0
2022-10-06 12:24:00,670,665,670,665,0
2022-10-06 12:25:00,670,665,670,665,0
2022-10-06 12:26:00,670,665,670,665,0
2022-10-06 12:27:00,670,665,670,665,0
2022-10-06 12:28:00,670,665,670,665,0
2022-10-06 12:29:00,670,665,670,665,0
2022-10-06 12:30:00,670,665,670,665,0
2022-10-06 12:31:00,670,665,670,665,0
2022-10-06 12:32:00,670,665,670,665,0
2022-10-06 12:33:00,670,665,670,665,0
2022-10-06 12:34:00,670,665,670,665,0
2022-10-06 12:35:00,670,665,670,665,0
2022-10-06 12:36:00,670,665,670,665,0
2022-10-06 12:37:00,670,665,670,665,0
2022-10-06 12:38:00,670,665,670,665,0
2022-10-06 12:39:00,670,665,670,665,0
2022-10-06 12:40:00,670,665,670,665,0
2022-10-06 12:41:00,670,665,670,665,0
2022-10-06 12:42:00,670,665,670,665,0
2022-10-06 12:43:00,670,665,670,665,0
2022-10-06 12:44:00,670,665,670,665,0
2022-10-06 12:45:00,670,665,670,665,0
2022-10-06 12:46:00,670,665,670,665,0
2022-10-06 12:47:00,670,665,670,665,0
2022-10-06 12:48:00,670,665,670,665,0
2022-10-06 12:49:00,670,665,670,665,0
2022-10-06 12:50:00,670,665,670,665,0
2022-10-06 12:51:00,670,665,670,665,0
2022-10-06 12:52:00,670,665,670,665,0
2022-10-06 12:53:00,670,665,670,665,0
2022-10-06 12:54:00,670,665,670,665,0
2022-10-06 12:55:00,670,665,670,665,0
2022-10-06 12:56:00,670,665,670,665,0
2022-10-06 12:57:00,670,665,670,665,0
2022-10-06 12:58:00,670,665,670,665,0
2022-10-06 12:59:00,670,665,670,665,0
2022-10-06 13:00:00,670,665,670,665,0
2022-10-06 13:01:00,670,665,670,665,0
2022-10-06 13:02:00,670,665,670,665,0
2022-10-06 13:03:00,670,665,670,665,0
2022-10-06 13:04:00,670,665,670,665,0
2022-10-06 13:05:00,670,665,670,665,0
2022-10-06 13:06:00,670,665,670,665,0
2022-10-06 13:07:00,670,665,670,665,0
2022-10-06 13:08:00,670,665,670,665,0
2022-10-06 13:09:00,670,665,670,665,0
2022-10-06 13:10:00,670,665,670,665,0
2022-10-06 13:11:00,670,665,670,665,0
2022-10-06 13:12:00,670,665,670,665,0
2022-10-06 13:13:00,670,665,670,665,0
2022-10-06 13:14:00,670,665,670,665,0
2022-10-06 13:15:00,670,665,670,665,0
2022-10-06 13:16:00,670,665,670,665,0
2022-10-06 13:17:00,670,665,670,665,0
2022-10-06 13:18:00,670,665,670,665,0
2022-10-06 13:19:00,670,665,670,665,0
2022-10-06 13:20:00,670,665,670,665,0
2022-10-06 13:21:00,670,665,670,665,0
2022-10-06 13:22:00,670,665,670,665,0
2022-10-06 13:23:00,670,665,670,665,0
2022-10-06 13:24:00,670,665,670,665,0
2022-10-06 13:25:00,670,665,670,665,0
2022-10-06 13:26:00,670,665,670,665,0
2022-10-06 13:27:00,670,665,670,665,0
2022-10-06 13:28:00,670,665,670,665,0
2022-10-06 13:29:00,670,665,670,665,0
2022-10-06 13:30:00,665,665,665,665,2300
2022-10-06 13:31:00,665,665,665,665,0
2022-10-06 13:32:00,665,665,665,665,0
2022-10-06 13:33:00,665,665,665,665,0
2022-10-06 13:34:00,665,665,665,665,0
2022-10-06 13:35:00,665,665,665,665,0
2022-10-06 13:36:00,665,665,665,665,0
2022-10-06 13:37:00,665,665,665,665,0
2022-10-06 13:38:00,665,665,665,665,0
2022-10-06 13:39:00,665,665,665,665,0
2022-10-06 13:40:00,665,665,665,665,0
2022-10-06 13:41:00,665,665,665,665,0
2022-10-06 13:42:00,665,665,665,665,0
2022-10-06 13:43:00,665,665,665,665,0
2022-10-06 13:44:00,665,665,665,665,0
2022-10-06 13:45:00,665,665,665,665,0
2022-10-06 13:46:00,665,665,665,665,0
2022-10-06 13:47:00,665,665,665,665,0
2022-10-06 13:48:00,665,665,665,665,0
2022-10-06 13:49:00,665,665,665,665,0
2022-10-06 13:50:00,665,665,665,665,0
2022-10-06 13:51:00,665,665,665,665,0
2022-10-06 13:52:00,665,665,665,665,0
2022-10-06 13:53:00,665,665,665,665,0
2022-10-06 13:54:00,665,665,665,665,0
2022-10-06 13:55:00,665,665,665,665,0
2022-10-06 13:56:00,665,665,665,665,0
2022-10-06 13:57:00,665,665,665,665,0
2022-10-06 13:58:00,665,665,665,665,0
2022-10-06 13:59:00,665,665,665,665,0
2022-10-06 14:00:00,665,665,665,665,0
2022-10-06 14:01:00,665,665,665,665,0
2022-10-06 14:02:00,665,665,665,665,0
2022-10-06 14:03:00,665,665,665,665,0
2022-10-06 14:04:00,665,665,665,665,0
2022-10-06 14:05:00,665,665,665,665,0
2022-10-06 14:06:00,670,670,670,670,216600
2022-10-06 14:07:00,670,670,670,670,0
2022-10-06 14:08:00,670,670,670,670,0
2022-10-06 14:09:00,670,670,670,670,0
2022-10-06 14:10:00,670,670,670,670,0
2022-10-06 14:11:00,670,670,670,670,0
2022-10-06 14:12:00,670,670,670,670,0
2022-10-06 14:13:00,670,670,670,670,0
2022-10-06 14:14:00,670,670,670,670,0
2022-10-06 14:15:00,670,670,670,670,0
2022-10-06 14:16:00,670,670,670,670,0
2022-10-06 14:17:00,670,670,670,670,0
2022-10-06 14:18:00,670,670,670,670,0
2022-10-06 14:19:00,670,670,670,670,0
2022-10-06 14:20:00,670,670,670,670,0
2022-10-06 14:21:00,670,670,670,670,0
2022-10-06 14:22:00,670,670,670,670,0
2022-10-06 14:23:00,670,670,670,670,0
2022-10-06 14:24:00,680,680,680,680,900
2022-10-06 14:25:00,680,680,680,680,0
2022-10-06 14:26:00,680,680,680,680,0
2022-10-06 14:27:00,680,680,680,680,0
2022-10-06 14:28:00,680,680,680,680,0
2022-10-06 14:29:00,680,680,680,680,0
2022-10-06 14:30:00,680,680,680,680,0
2022-10-06 14:31:00,680,680,680,680,1400
2022-10-06 14:32:00,680,680,680,680,0
2022-10-06 14:33:00,680,680,680,680,0
2022-10-06 14:34:00,680,680,680,680,0
2022-10-06 14:35:00,680,680,680,680,0
2022-10-06 14:36:00,680,680,680,680,0
2022-10-06 14:37:00,680,680,680,680,0
2022-10-06 14:38:00,680,680,680,680,0
2022-10-06 14:39:00,680,680,680,680,0
2022-10-06 14:40:00,670,670,670,670,5000
2022-10-06 14:41:00,670,670,670,670,0
2022-10-06 14:42:00,670,670,670,670,0
2022-10-06 14:43:00,670,670,670,670,0
2022-10-06 14:44:00,670,670,670,670,0
2022-10-06 14:45:00,670,670,670,670,0
2022-10-06 14:46:00,670,670,670,670,0
2022-10-06 14:47:00,670,670,670,670,0
2022-10-06 14:48:00,670,670,670,670,0
2022-10-06 14:49:00,670,670,670,670,0
2022-10-06 14:50:00,670,670,670,670,0
2022-10-06 14:51:00,670,670,670,670,0
2022-10-06 14:52:00,670,670,670,670,0
2022-10-06 14:53:00,670,670,670,670,0
2022-10-06 14:54:00,670,670,670,670,0
2022-10-06 14:55:00,670,670,670,670,0
2022-10-06 14:56:00,670,670,670,670,0
2022-10-06 14:57:00,670,670,670,670,0
2022-10-06 14:58:00,670,670,670,670,0
2022-10-06 14:59:00,670,670,670,670,0
2022-10-06 15:00:00,670,670,670,670,225900
2022-10-06 15:01:00,670,670,670,670,0
2022-10-06 15:02:00,670,670,670,670,0
2022-10-06 15:03:00,670,670,670,670,0
2022-10-06 15:04:00,670,670,670,670,0
2022-10-06 15:05:00,670,670,670,670,0
2022-10-06 15:06:00,670,670,670,670,0
2022-10-06 15:07:00,670,670,670,670,0
2022-10-06 15:08:00,670,670,670,670,0
2022-10-06 15:09:00,670,670,670,670,0
2022-10-06 15:10:00,670,670,670,670,0
2022-10-06 15:11:00,670,670,670,670,0
2022-10-06 15:12:00,670,670,670,670,0
2022-10-06 15:13:00,670,670,670,670,0
2022-10-06 15:14:00,670,670,670,670,0
2022-10-06 15:15:00,670,670,670,670,0
2022-10-06 15:16:00,670,670,670,670,0
2022-10-06 15:17:00,670,670,670,670,0
2022-10-06 15:18:00,670,670,670,670,0
2022-10-06 15:19:00,670,670,670,670,0
2022-10-06 15:20:00,670,670,670,670,0
2022-10-06 15:21:00,670,670,670,670,0
2022-10-06 15:22:00,670,670,670,670,0
2022-10-06 15:23:00,670,670,670,670,0
2022-10-06 15:24:00,670,670,670,670,0
2022-10-06 15:25:00,670,670,670,670,0
2022-10-06 15:26:00,670,670,670,670,0
2022-10-06 15:27:00,670,670,670,670,0
2022-10-06 15:28:00,670,670,670,670,0
2022-10-06 15:29:00,670,670,670,670,0
2022-10-06 15:30:00,670,670,670,670,0
2022-10-06 15:31:00,670,670,670,670,0
2022-10-06 15:32:00,670,670,670,670,0
2022-10-06 15:33:00,670,670,670,670,0
2022-10-06 15:34:00,670,670,670,670,0
2022-10-06 15:35:00,670,670,670,670,0
2022-10-06 15:36:00,670,670,670,670,0
2022-10-06 15:37:00,670,670,670,670,0
2022-10-06 15:38:00,670,670,670,670,0
2022-10-06 15:39:00,670,670,670,670,0
2022-10-06 15:40:00,670,670,670,670,0
2022-10-06 15:41:00,670,670,670,670,0
2022-10-06 15:42:00,670,670,670,670,0
2022-10-06 15:43:00,670,670,670,670,0
2022-10-06 15:44:00,670,670,670,670,0
2022-10-06 15:45:00,670,670,670,670,0
2022-10-06 15:46:00,670,670,670,670,0
2022-10-06 15:47:00,670,670,670,670,0
2022-10-06 15:48:00,670,670,670,670,0
2022-10-06 15:49:00,670,670,670,670,0
2022-10-06 15:50:00,670,670,670,670,0
2022-10-06 15:51:00,670,670,670,670,0
2022-10-06 15:52:00,670,670,670,670,0
2022-10-06 15:53:00,670,670,670,670,0
2022-10-06 15:54:00,670,670,670,670,0
2022-10-06 15:55:00,670,670,670,670,0
2022-10-06 15:56:00,670,670,670,670,0
2022-10-06 15:57:00,670,670,670,670,0
2022-10-06 15:58:00,670,670,670,670,0
2022-10-06 15:59:00,670,670,670,670,0
2022-10-07 09:00:00,670,670,670,670,0
2022-10-07 09:01:00,670,670,670,670,0
2022-10-07 09:02:00,670,670,670,670,0
2022-10-07 09:03:00,670,670,670,670,0
2022-10-07 09:04:00,670,670,670,670,0
2022-10-07 09:05:00,670,670,670,670,0
2022-10-07 09:06:00,670,670,670,670,0
2022-10-07 09:07:00,670,670,670,670,0
2022-10-07 09:08:00,670,670,670,670,0
2022-10-07 09:09:00,670,670,670,670,0
2022-10-07 09:10:00,670,670,670,670,0
2022-10-07 09:11:00,670,670,670,670,0
2022-10-07 09:12:00,670,670,670,670,0
2022-10-07 09:13:00,670,670,670,670,0
2022-10-07 09:14:00,670,670,670,670,0
2022-10-07 09:15:00,670,670,670,670,0
2022-10-07 09:16:00,670,670,670,670,0
2022-10-07 09:17:00,670,670,670,670,0
2022-10-07 09:18:00,670,670,670,670,0
2022-10-07 09:19:00,670,670,670,670,0
2022-10-07 09:20:00,670,670,670,670,0
2022-10-07 09:21:00,670,670,670,670,0
2022-10-07 09:22:00,670,670,670,670,0
2022-10-07 09:23:00,670,670,670,670,0
2022-10-07 09:24:00,670,670,670,670,0
2022-10-07 09:25:00,670,670,670,670,0
2022-10-07 09:26:00,670,670,670,670,0
2022-10-07 09:27:00,670,670,670,670,0
2022-10-07 09:28:00,670,670,670,670,0
2022-10-07 09:29:00,670,670,670,670,0
2022-10-07 09:30:00,670,670,670,670,800
2022-10-07 09:31:00,670,670,670,670,0
2022-10-07 09:32:00,670,670,670,670,0
2022-10-07 09:33:00,670,670,670,670,0
2022-10-07 09:34:00,670,670,670,670,0
2022-10-07 09:35:00,670,670,670,670,0
2022-10-07 09:36:00,670,670,670,670,0
2022-10-07 09:37:00,670,670,670,670,0
2022-10-07 09:38:00,670,670,670,670,2200
2022-10-07 09:39:00,670,670,670,670,0
2022-10-07 09:40:00,670,670,670,670,0
2022-10-07 09:41:00,670,670,670,670,0
2022-10-07 09:42:00,670,670,670,670,0
2022-10-07 09:43:00,670,670,670,670,0
2022-10-07 09:44:00,670,670,670,670,0
2022-10-07 09:45:00,670,670,670,670,0
2022-10-07 09:46:00,670,670,670,670,0
2022-10-07 09:47:00,670,670,670,670,0
2022-10-07 09:48:00,670,670,670,670,0
2022-10-07 09:49:00,665,665,665,665,500
2022-10-07 09:50:00,665,665,665,665,0
2022-10-07 09:51:00,665,665,665,665,0
2022-10-07 09:52:00,665,665,665,665,0
2022-10-07 09:53:00,665,665,665,665,0
2022-10-07 09:54:00,665,665,665,665,0
2022-10-07 09:55:00,665,665,665,665,0
2022-10-07 09:56:00,665,665,665,665,0
2022-10-07 09:57:00,665,665,665,665,0
2022-10-07 09:58:00,665,665,665,665,0
2022-10-07 09:59:00,665,665,665,665,0
2022-10-07 10:00:00,665,665,665,665,0
2022-10-07 10:01:00,665,665,665,665,0
2022-10-07 10:02:00,665,665,665,665,0
2022-10-07 10:03:00,665,665,665,665,0
2022-10-07 10:04:00,665,665,665,665,0
2022-10-07 10:05:00,665,665,665,665,0
2022-10-07 10:06:00,665,665,665,665,0
2022-10-07 10:07:00,665,665,665,665,0
2022-10-07 10:08:00,665,665,665,665,0
2022-10-07 10:09:00,665,665,665,665,0
2022-10-07 10:10:00,665,665,665,665,0
2022-10-07 10:11:00,665,665,665,665,0
2022-10-07 10:12:00,665,665,665,665,0
2022-10-07 10:13:00,665,665,665,665,0
2022-10-07 10:14:00,665,665,665,665,0
2022-10-07 10:15:00,665,665,665,665,0
2022-10-07 10:16:00,665,665,665,665,0
2022-10-07 10:17:00,665,665,665,665,0
2022-10-07 10:18:00,665,665,665,665,0
2022-10-07 10:19:00,665,665,665,665,0
2022-10-07 10:20:00,665,665,665,665,0
2022-10-07 10:21:00,665,665,665,665,0
2022-10-07 10:22:00,665,665,665,665,0
2022-10-07 10:23:00,665,665,665,665,0
2022-10-07 10:24:00,665,665,665,665,0
2022-10-07 10:25:00,665,665,665,665,0
2022-10-07 10:26:00,665,665,665,665,0
2022-10-07 10:27:00,665,665,665,665,0
2022-10-07 10:28:00,665,665,665,665,0
2022-10-07 10:29:00,665,665,665,665,0
2022-10-07 10:30:00,665,665,665,665,0
2022-10-07 10:31:00,665,665,665,665,0
2022-10-07 10:32:00,665,665,665,665,0
2022-10-07 10:33:00,665,665,665,665,0
2022-10-07 10:34:00,665,665,665,665,0
2022-10-07 10:35:00,665,665,665,665,0
2022-10-07 10:36:00,665,665,665,665,0
2022-10-07 10:37:00,665,665,665,665,0
2022-10-07 10:38:00,665,665,665,665,0
2022-10-07 10:39:00,665,665,665,665,0
2022-10-07 10:40:00,665,665,665,665,0
2022-10-07 10:41:00,665,665,665,665,0
2022-10-07 10:42:00,665,665,665,665,0
2022-10-07 10:43:00,665,665,665,665,0
2022-10-07 10:44:00,665,665,665,665,0
2022-10-07 10:45:00,665,665,665,665,0
2022-10-07 10:46:00,665,665,665,665,0
2022-10-07 10:47:00,665,665,665,665,0
2022-10-07 10:48:00,665,665,665,665,0
2022-10-07 10:49:00,665,665,665,665,0
2022-10-07 10:50:00,665,665,665,665,0
2022-10-07 10:51:00,665,665,665,665,0
2022-10-07 10:52:00,665,665,665,665,0
2022-10-07 10:53:00,670,670,670,670,10000
2022-10-07 10:54:00,670,670,670,670,0
2022-10-07 10:55:00,670,670,670,670,10000
2022-10-07 10:56:00,670,670,670,670,0
2022-10-07 10:57:00,670,670,670,670,3400
2022-10-07 10:58:00,670,670,670,670,0
2022-10-07 10:59:00,670,670,670,670,0
2022-10-07 11:00:00,670,670,670,670,0
2022-10-07 11:01:00,670,670,670,670,0
2022-10-07 11:02:00,670,670,670,670,0
2022-10-07 11:03:00,670,670,670,670,0
2022-10-07 11:04:00,670,670,670,670,0
2022-10-07 11:05:00,670,670,670,670,0
2022-10-07 11:06:00,670,670,670,670,0
2022-10-07 11:07:00,670,670,670,670,0
2022-10-07 11:08:00,670,670,670,670,0
2022-10-07 11:09:00,670,670,670,670,0
2022-10-07 11:10:00,670,670,670,670,0
2022-10-07 11:11:00,670,670,670,670,0
2022-10-07 11:12:00,670,670,670,670,0
2022-10-07 11:13:00,670,670,670,670,0
2022-10-07 11:14:00,670,670,670,670,0
2022-10-07 11:15:00,670,670,670,670,0
2022-10-07 11:16:00,670,670,670,670,0
2022-10-07 11:17:00,670,670,670,670,0
2022-10-07 11:18:00,670,670,670,670,0
2022-10-07 11:19:00,670,670,670,670,0
2022-10-07 11:20:00,670,670,670,670,0
2022-10-07 11:21:00,670,670,670,670,0
2022-10-07 11:22:00,670,670,670,670,0
2022-10-07 11:23:00,670,670,670,670,0
2022-10-07 11:24:00,670,670,670,670,0
2022-10-07 11:25:00,670,670,670,670,0
2022-10-07 11:26:00,670,670,670,670,0
2022-10-07 11:27:00,670,670,670,670,0
2022-10-07 11:28:00,670,670,670,670,0
2022-10-07 11:29:00,670,670,670,670,0
2022-10-07 11:30:00,670,670,670,670,0
2022-10-07 11:31:00,670,670,670,670,0
2022-10-07 11:32:00,670,670,670,670,0
2022-10-07 11:33:00,670,670,670,670,0
2022-10-07 11:34:00,670,670,670,670,0
2022-10-07 11:35:00,670,670,670,670,0
2022-10-07 11:36:00,670,670,670,670,0
2022-10-07 11:37:00,670,670,670,670,0
2022-10-07 11:38:00,670,670,670,670,0
2022-10-07 11:39:00,670,670,670,670,0
2022-10-07 11:40:00,670,670,670,670,0
2022-10-07 11:41:00,670,670,670,670,0
2022-10-07 11:42:00,670,670,670,670,0
2022-10-07 11:43:00,670,670,670,670,0
2022-10-07 11:44:00,670,670,670,670,0
2022-10-07 11:45:00,670,670,670,670,0
2022-10-07 11:46:00,670,670,670,670,0
2022-10-07 11:47:00,670,670,670,670,0
2022-10-07 11:48:00,670,670,670,670,0
2022-10-07 11:49:00,670,670,670,670,0
2022-10-07 11:50:00,670,670,670,670,0
2022-10-07 11:51:00,670,670,670,670,0
2022-10-07 11:52:00,670,670,670,670,0
2022-10-07 11:53:00,670,670,670,670,0
2022-10-07 11:54:00,670,670,670,670,0
2022-10-07 11:55:00,670,670,670,670,0
2022-10-07 11:56:00,670,670,670,670,0
2022-10-07 11:57:00,670,670,670,670,0
2022-10-07 11:58:00,670,670,670,670,0
2022-10-07 11:59:00,670,670,670,670,0
2022-10-07 12:00:00,670,670,670,670,0
2022-10-07 12:01:00,670,670,670,670,0
2022-10-07 12:02:00,670,670,670,670,0
2022-10-07 12:03:00,670,670,670,670,0
2022-10-07 12:04:00,670,670,670,670,0
2022-10-07 12:05:00,670,670,670,670,0
2022-10-07 12:06:00,670,670,670,670,0
2022-10-07 12:07:00,670,670,670,670,0
2022-10-07 12:08:00,670,670,670,670,0
2022-10-07 12:09:00,670,670,670,670,0
2022-10-07 12:10:00,670,670,670,670,0
2022-10-07 12:11:00,670,670,670,670,0
2022-10-07 12:12:00,670,670,670,670,0
2022-10-07 12:13:00,670,670,670,670,0
2022-10-07 12:14:00,670,670,670,670,0
2022-10-07 12:15:00,670,670,670,670,0
2022-10-07 12:16:00,670,670,670,670,0
2022-10-07 12:17:00,670,670,670,670,0
2022-10-07 12:18:00,670,670,670,670,0
2022-10-07 12:19:00,670,670,670,670,0
2022-10-07 12:20:00,670,670,670,670,0
2022-10-07 12:21:00,670,670,670,670,0
2022-10-07 12:22:00,670,670,670,670,0
2022-10-07 12:23:00,670,670,670,670,0
2022-10-07 12:24:00,670,670,670,670,0
2022-10-07 12:25:00,670,670,670,670,0
2022-10-07 12:26:00,670,670,670,670,0
2022-10-07 12:27:00,670,670,670,670,0
2022-10-07 12:28:00,670,670,670,670,0
2022-10-07 12:29:00,670,670,670,670,0
2022-10-07 12:30:00,670,670,670,670,0
2022-10-07 12:31:00,670,670,670,670,0
2022-10-07 12:32:00,670,670,670,670,0
2022-10-07 12:33:00,670,670,670,670,0
2022-10-07 12:34:00,670,670,670,670,0
2022-10-07 12:35:00,670,670,670,670,0
2022-10-07 12:36:00,670,670,670,670,0
2022-10-07 12:37:00,670,670,670,670,0
2022-10-07 12:38:00,670,670,670,670,0
2022-10-07 12:39:00,670,670,670,670,0
2022-10-07 12:40:00,670,670,670,670,0
2022-10-07 12:41:00,670,670,670,670,0
2022-10-07 12:42:00,670,670,670,670,0
2022-10-07 12:43:00,670,670,670,670,0
2022-10-07 12:44:00,670,670,670,670,0
2022-10-07 12:45:00,670,670,670,670,0
2022-10-07 12:46:00,670,670,670,670,0
2022-10-07 12:47:00,670,670,670,670,0
2022-10-07 12:48:00,670,670,670,670,0
2022-10-07 12:49:00,670,670,670,670,0
2022-10-07 12:50:00,670,670,670,670,0
2022-10-07 12:51:00,670,670,670,670,0
2022-10-07 12:52:00,670,670,670,670,0
2022-10-07 12:53:00,670,670,670,670,0
2022-10-07 12:54:00,670,670,670,670,0
2022-10-07 12:55:00,670,670,670,670,0
2022-10-07 12:56:00,670,670,670,670,0
2022-10-07 12:57:00,670,670,670,670,0
2022-10-07 12:58:00,670,670,670,670,0
2022-10-07 12:59:00,670,670,670,670,0
2022-10-07 13:00:00,670,670,670,670,0
2022-10-07 13:01:00,670,670,670,670,0
2022-10-07 13:02:00,670,670,670,670,0
2022-10-07 13:03:00,670,670,670,670,0
2022-10-07 13:04:00,670,670,670,670,0
2022-10-07 13:05:00,670,670,670,670,0
2022-10-07 13:06:00,670,670,670,670,0
2022-10-07 13:07:00,670,670,670,670,0
2022-10-07 13:08:00,670,670,670,670,0
2022-10-07 13:09:00,670,670,670,670,0
2022-10-07 13:10:00,670,670,670,670,0
2022-10-07 13:11:00,670,670,670,670,0
2022-10-07 13:12:00,670,670,670,670,0
2022-10-07 13:13:00,670,670,670,670,0
2022-10-07 13:14:00,670,670,670,670,0
2022-10-07 13:15:00,670,670,670,670,0
2022-10-07 13:16:00,670,670,670,670,0
2022-10-07 13:17:00,670,670,670,670,0
2022-10-07 13:18:00,670,670,670,670,0
2022-10-07 13:19:00,670,670,670,670,0
2022-10-07 13:20:00,670,670,670,670,0
2022-10-07 13:21:00,670,670,670,670,0
2022-10-07 13:22:00,670,670,670,670,0
2022-10-07 13:23:00,670,670,670,670,0
2022-10-07 13:24:00,670,670,670,670,0
2022-10-07 13:25:00,670,670,670,670,0
2022-10-07 13:26:00,670,670,670,670,0
2022-10-07 13:27:00,670,670,670,670,0
2022-10-07 13:28:00,670,670,670,670,0
2022-10-07 13:29:00,670,670,670,670,0
2022-10-07 13:30:00,675,670,675,675,21700
2022-10-07 13:31:00,680,680,685,685,6500
2022-10-07 13:32:00,680,680,685,685,0
2022-10-07 13:33:00,690,690,700,700,45100
2022-10-07 13:34:00,700,700,700,700,500
2022-10-07 13:35:00,700,700,700,700,0
2022-10-07 13:36:00,700,700,700,700,0
2022-10-07 13:37:00,695,695,700,700,43200
2022-10-07 13:38:00,705,705,705,705,0
2022-10-07 13:39:00,705,705,705,705,0
2022-10-07 13:40:00,700,700,700,700,100
2022-10-07 13:41:00,705,700,720,700,122400
2022-10-07 13:42:00,700,700,725,725,100
2022-10-07 13:43:00,725,725,730,730,9600
2022-10-07 13:44:00,710,710,710,710,600
2022-10-07 13:45:00,710,710,730,730,41000
2022-10-07 13:46:00,710,710,730,730,0
2022-10-07 13:47:00,720,720,720,720,0
2022-10-07 13:48:00,715,695,715,695,4200
2022-10-07 13:49:00,720,715,725,720,84400
2022-10-07 13:50:00,720,720,730,730,132100
2022-10-07 13:51:00,725,725,725,725,0
2022-10-07 13:52:00,715,700,715,700,400
2022-10-07 13:53:00,715,700,715,700,0
2022-10-07 13:54:00,700,700,720,720,11900
2022-10-07 13:55:00,720,720,720,720,31300
2022-10-07 13:56:00,720,720,720,720,200
2022-10-07 13:57:00,720,720,720,720,0
2022-10-07 13:58:00,715,715,715,715,100
2022-10-07 13:59:00,720,720,725,725,10500
2022-10-07 14:00:00,720,720,730,730,16500
2022-10-07 14:01:00,725,725,740,740,108500
2022-10-07 14:02:00,740,735,745,735,48900
2022-10-07 14:03:00,740,735,745,735,0
2022-10-07 14:04:00,730,730,755,755,67200
2022-10-07 14:05:00,750,725,755,750,60500
2022-10-07 14:06:00,740,740,750,750,800
2022-10-07 14:07:00,730,730,755,750,43700
2022-10-07 14:08:00,745,730,750,750,7500
2022-10-07 14:09:00,745,745,745,745,2900
2022-10-07 14:10:00,745,745,745,745,300
2022-10-07 14:11:00,740,740,745,740,29700
2022-10-07 14:12:00,740,740,740,740,200
2022-10-07 14:13:00,740,740,740,740,0
2022-10-07 14:14:00,730,725,730,725,4100
2022-10-07 14:15:00,730,730,740,740,55200
2022-10-07 14:16:00,725,725,725,725,3900
2022-10-07 14:17:00,725,725,740,740,10200
2022-10-07 14:18:00,725,725,740,740,0
2022-10-07 14:19:00,725,725,740,740,0
2022-10-07 14:20:00,725,725,740,740,0
2022-10-07 14:21:00,735,735,735,735,2300
2022-10-07 14:22:00,735,735,735,735,0
2022-10-07 14:23:00,735,735,735,735,500
2022-10-07 14:24:00,735,735,735,735,100
2022-10-07 14:25:00,735,735,735,735,0
2022-10-07 14:26:00,725,725,735,735,300
2022-10-07 14:27:00,725,725,735,735,0
2022-10-07 14:28:00,725,725,725,725,10300
2022-10-07 14:29:00,725,725,725,725,0
2022-10-07 14:30:00,720,720,730,720,500
2022-10-07 14:31:00,730,720,735,720,4700
2022-10-07 14:32:00,730,720,735,720,0
2022-10-07 14:33:00,720,715,720,715,6900
2022-10-07 14:34:00,715,715,715,715,4600
2022-10-07 14:35:00,715,715,740,740,0
2022-10-07 14:36:00,720,720,720,720,100
2022-10-07 14:37:00,735,735,740,740,200
2022-10-07 14:38:00,740,740,740,740,200
2022-10-07 14:39:00,740,740,740,740,0
2022-10-07 14:40:00,740,740,740,740,0
2022-10-07 14:41:00,740,740,740,740,400
2022-10-07 14:42:00,735,735,735,735,2800
2022-10-07 14:43:00,735,735,735,735,1700
2022-10-07 14:44:00,735,735,735,735,300
2022-10-07 14:45:00,735,735,735,735,0
2022-10-07 14:46:00,735,735,735,735,0
2022-10-07 14:47:00,735,735,735,735,0
2022-10-07 14:48:00,735,735,735,735,0
2022-10-07 14:49:00,735,735,735,735,0
2022-10-07 14:50:00,735,735,735,735,0
2022-10-07 14:51:00,735,735,735,735,0
2022-10-07 14:52:00,735,735,735,735,0
2022-10-07 14:53:00,735,735,735,735,0
2022-10-07 14:54:00,735,735,735,735,0
2022-10-07 14:55:00,735,735,735,735,0
2022-10-07 14:56:00,735,735,735,735,0
2022-10-07 14:57:00,735,735,735,735,0
2022-10-07 14:58:00,735,735,735,735,0
2022-10-07 14:59:00,735,735,735,735,0
2022-10-07 15:00:00,735,735,735,735,4800
2022-10-07 15:01:00,735,735,735,735,4900
2022-10-07 15:02:00,735,735,735,735,0
2022-10-07 15:03:00,735,735,735,735,0
2022-10-07 15:04:00,735,735,735,735,10100
2022-10-07 15:05:00,735,735,735,735,0
2022-10-07 15:06:00,735,735,735,735,0
2022-10-07 15:07:00,735,735,735,735,0
2022-10-07 15:08:00,735,735,735,735,0
2022-10-07 15:09:00,735,735,735,735,1111600
2022-10-07 15:10:00,735,735,735,735,0
2022-10-07 15:11:00,735,735,735,735,0
2022-10-07 15:12:00,735,735,735,735,0
2022-10-07 15:13:00,735,735,735,735,0
2022-10-07 15:14:00,735,735,735,735,0
2022-10-07 15:15:00,735,735,735,735,0
2022-10-07 15:16:00,735,735,735,735,0
2022-10-07 15:17:00,735,735,735,735,0
2022-10-07 15:18:00,735,735,735,735,0
2022-10-07 15:19:00,735,735,735,735,0
2022-10-07 15:20:00,735,735,735,735,0
2022-10-07 15:21:00,735,735,735,735,0
2022-10-07 15:22:00,735,735,735,735,0
2022-10-07 15:23:00,735,735,735,735,0
2022-10-07 15:24:00,735,735,735,735,0
2022-10-07 15:25:00,735,735,735,735,0
2022-10-07 15:26:00,735,735,735,735,0
2022-10-07 15:27:00,735,735,735,735,0
2022-10-07 15:28:00,735,735,735,735,0
2022-10-07 15:29:00,735,735,735,735,0
2022-10-07 15:30:00,735,735,735,735,0
2022-10-07 15:31:00,735,735,735,735,0
2022-10-07 15:32:00,735,735,735,735,0
2022-10-07 15:33:00,735,735,735,735,0
2022-10-07 15:34:00,735,735,735,735,0
2022-10-07 15:35:00,735,735,735,735,0
2022-10-07 15:36:00,735,735,735,735,0
2022-10-07 15:37:00,735,735,735,735,0
2022-10-07 15:38:00,735,735,735,735,0
2022-10-07 15:39:00,735,735,735,735,0
2022-10-07 15:40:00,735,735,735,735,0
2022-10-07 15:41:00,735,735,735,735,0
2022-10-07 15:42:00,735,735,735,735,0
2022-10-07 15:43:00,735,735,735,735,0
2022-10-07 15:44:00,735,735,735,735,0
2022-10-07 15:45:00,735,735,735,735,0
2022-10-07 15:46:00,735,735,735,735,0
2022-10-07 15:47:00,735,735,735,735,0
2022-10-07 15:48:00,735,735,735,735,0
2022-10-07 15:49:00,735,735,735,735,0
2022-10-07 15:50:00,735,735,735,735,0
2022-10-07 15:51:00,735,735,735,735,0
2022-10-07 15:52:00,735,735,735,735,0
2022-10-07 15:53:00,735,735,735,735,0
2022-10-07 15:54:00,735,735,735,735,0
2022-10-07 15:55:00,735,735,735,735,0
2022-10-07 15:56:00,735,735,735,735,0
2022-10-07 15:57:00,735,735,735,735,0
2022-10-07 15:58:00,735,735,735,735,0
2022-10-07 15:59:00,735,735,735,735,0
2022-10-10 09:00:00,750,750,750,750,0
2022-10-10 09:01:00,750,745,750,750,0
2022-10-10 09:02:00,750,750,750,750,600
2022-10-10 09:03:00,745,740,745,740,33800
2022-10-10 09:04:00,740,740,745,745,1900
2022-10-10 09:05:00,745,745,745,745,10700
2022-10-10 09:06:00,745,745,745,745,0
2022-10-10 09:07:00,745,745,745,745,3200
2022-10-10 09:08:00,745,745,745,745,0
2022-10-10 09:09:00,745,745,750,750,3600
2022-10-10 09:10:00,745,745,750,750,0
2022-10-10 09:11:00,745,745,745,745,4900
2022-10-10 09:12:00,745,745,745,745,0
2022-10-10 09:13:00,745,745,745,745,0
2022-10-10 09:14:00,745,745,745,745,24200
2022-10-10 09:15:00,740,740,740,740,4600
2022-10-10 09:16:00,740,740,740,740,0
2022-10-10 09:17:00,740,740,740,740,0
2022-10-10 09:18:00,740,740,740,740,0
2022-10-10 09:19:00,735,735,735,735,700
2022-10-10 09:20:00,735,735,735,735,0
2022-10-10 09:21:00,735,735,735,735,0
2022-10-10 09:22:00,735,735,735,735,0
2022-10-10 09:23:00,735,735,735,735,1400
2022-10-10 09:24:00,735,735,735,735,100
2022-10-10 09:25:00,735,735,735,735,0
2022-10-10 09:26:00,735,730,735,735,6100
2022-10-10 09:27:00,735,735,735,735,10000
2022-10-10 09:28:00,740,740,740,740,23200
2022-10-10 09:29:00,745,745,745,745,29400
2022-10-10 09:30:00,745,745,745,745,300
2022-10-10 09:31:00,745,745,745,745,4800
2022-10-10 09:32:00,745,745,745,745,0
2022-10-10 09:33:00,745,745,750,750,108700
2022-10-10 09:34:00,750,750,750,750,0
2022-10-10 09:35:00,750,750,750,750,1800
2022-10-10 09:36:00,750,750,750,750,1400
2022-10-10 09:37:00,750,750,750,750,1400
2022-10-10 09:38:00,750,745,755,745,11700
2022-10-10 09:39:00,745,745,745,745,0
2022-10-10 09:40:00,745,745,745,745,0
2022-10-10 09:41:00,745,745,745,745,0
2022-10-10 09:42:00,745,745,745,745,1000
2022-10-10 09:43:00,745,745,745,745,1000
2022-10-10 09:44:00,740,740,740,740,400
2022-10-10 09:45:00,740,735,740,735,15000
2022-10-10 09:46:00,735,735,735,735,0
2022-10-10 09:47:00,735,735,735,735,0
2022-10-10 09:48:00,735,735,735,735,0
2022-10-10 09:49:00,735,735,735,735,4500
2022-10-10 09:50:00,735,735,735,735,0
2022-10-10 09:51:00,735,735,735,735,0
2022-10-10 09:52:00,735,735,735,735,4000
2022-10-10 09:53:00,730,730,730,730,4200
2022-10-10 09:54:00,730,730,730,730,10400
2022-10-10 09:55:00,730,730,730,730,0
2022-10-10 09:56:00,730,730,730,730,1800
2022-10-10 09:57:00,730,730,730,730,0
2022-10-10 09:58:00,730,730,730,730,600
2022-10-10 09:59:00,735,735,735,735,2700
2022-10-10 10:00:00,735,735,735,735,0
2022-10-10 10:01:00,735,735,740,740,1000
2022-10-10 10:02:00,745,745,745,745,15200
2022-10-10 10:03:00,745,745,745,745,0
2022-10-10 10:04:00,745,745,745,745,0
2022-10-10 10:05:00,735,735,735,735,0
2022-10-10 10:06:00,735,735,735,735,0
2022-10-10 10:07:00,735,735,735,735,0
2022-10-10 10:08:00,735,735,735,735,0
2022-10-10 10:09:00,735,735,735,735,2600
2022-10-10 10:10:00,745,745,745,745,0
2022-10-10 10:11:00,745,745,745,745,900
2022-10-10 10:12:00,745,745,745,745,800
2022-10-10 10:13:00,745,745,745,745,0
2022-10-10 10:14:00,745,745,745,745,500
2022-10-10 10:15:00,745,745,745,745,0
2022-10-10 10:16:00,745,745,745,745,0
2022-10-10 10:17:00,745,745,745,745,0
2022-10-10 10:18:00,735,735,740,735,18100
2022-10-10 10:19:00,735,735,740,735,0
2022-10-10 10:20:00,735,735,740,735,0
2022-10-10 10:21:00,735,735,740,735,0
2022-10-10 10:22:00,735,735,740,735,0
2022-10-10 10:23:00,735,735,740,735,0
2022-10-10 10:24:00,735,735,740,735,0
2022-10-10 10:25:00,735,735,740,735,0
2022-10-10 10:26:00,735,735,740,735,0
2022-10-10 10:27:00,735,735,740,735,0
2022-10-10 10:28:00,735,735,740,735,0
2022-10-10 10:29:00,735,735,740,735,0
2022-10-10 10:30:00,735,735,740,735,0
2022-10-10 10:31:00,735,735,740,735,0
2022-10-10 10:32:00,735,735,740,735,0
2022-10-10 10:33:00,735,735,740,735,0
2022-10-10 10:34:00,735,735,740,735,0
2022-10-10 10:35:00,735,735,740,735,0
2022-10-10 10:36:00,735,735,740,735,0
2022-10-10 10:37:00,745,745,745,745,5200
2022-10-10 10:38:00,745,735,745,735,37700
2022-10-10 10:39:00,745,735,745,735,0
2022-10-10 10:40:00,745,735,745,735,0
2022-10-10 10:41:00,745,745,745,745,12000
2022-10-10 10:42:00,750,750,750,750,12800
2022-10-10 10:43:00,750,750,750,750,0
2022-10-10 10:44:00,750,750,750,750,0
2022-10-10 10:45:00,750,750,750,750,0
2022-10-10 10:46:00,750,750,750,750,0
2022-10-10 10:47:00,750,750,750,750,0
2022-10-10 10:48:00,740,740,740,740,17000
2022-10-10 10:49:00,740,740,740,740,500
2022-10-10 10:50:00,740,740,740,740,0
2022-10-10 10:51:00,740,740,740,740,0
2022-10-10 10:52:00,740,740,740,740,0
2022-10-10 10:53:00,740,740,740,740,0
2022-10-10 10:54:00,740,740,740,740,0
2022-10-10 10:55:00,740,740,740,740,0
2022-10-10 10:56:00,740,740,740,740,0
2022-10-10 10:57:00,740,740,740,740,0
2022-10-10 10:58:00,740,740,740,740,0
2022-10-10 10:59:00,740,740,740,740,0
2022-10-10 11:00:00,740,740,740,740,0
2022-10-10 11:01:00,740,740,740,740,0
2022-10-10 11:02:00,740,740,740,740,200
2022-10-10 11:03:00,740,740,740,740,700
2022-10-10 11:04:00,740,740,740,740,0
2022-10-10 11:05:00,740,740,740,740,0
2022-10-10 11:06:00,740,740,740,740,0
2022-10-10 11:07:00,740,740,740,740,0
2022-10-10 11:08:00,740,740,740,740,0
2022-10-10 11:09:00,740,740,740,740,0
2022-10-10 11:10:00,740,740,740,740,0
2022-10-10 11:11:00,740,740,740,740,0
2022-10-10 11:12:00,740,740,740,740,0
2022-10-10 11:13:00,740,740,740,740,0
2022-10-10 11:14:00,740,740,740,740,0
2022-10-10 11:15:00,740,740,740,740,0
2022-10-10 11:16:00,740,740,740,740,0
2022-10-10 11:17:00,740,740,740,740,0
2022-10-10 11:18:00,740,740,740,740,0
2022-10-10 11:19:00,740,740,740,740,0
2022-10-10 11:20:00,740,740,740,740,0
2022-10-10 11:21:00,740,740,740,740,0
2022-10-10 11:22:00,740,740,740,740,0
2022-10-10 11:23:00,740,740,740,740,0
2022-10-10 11:24:00,740,740,740,740,0
2022-10-10 11:25:00,740,740,740,740,0
2022-10-10 11:26:00,740,740,740,740,0
2022-10-10 11:27:00,740,740,750,750,98900
2022-10-10 11:28:00,740,740,750,750,0
2022-10-10 11:29:00,740,740,750,750,0
2022-10-10 11:30:00,740,740,750,750,0
2022-10-10 11:31:00,740,740,750,750,0
2022-10-10 11:32:00,740,740,750,750,0
2022-10-10 11:33:00,740,740,750,750,0
2022-10-10 11:34:00,740,740,750,750,0
2022-10-10 11:35:00,740,740,750,750,0
2022-10-10 11:36:00,740,740,750,750,0
2022-10-10 11:37:00,740,740,750,750,0
2022-10-10 11:38:00,740,740,750,750,0
2022-10-10 11:39:00,740,740,750,750,0
2022-10-10 11:40:00,740,740,750,750,0
2022-10-10 11:41:00,740,740,750,750,0
2022-10-10 11:42:00,740,740,750,750,0
2022-10-10 11:43:00,740,740,750,750,0
2022-10-10 11:44:00,740,740,750,750,0
2022-10-10 11:45:00,740,740,750,750,0
2022-10-10 11:46:00,740,740,750,750,0
2022-10-10 11:47:00,740,740,750,750,0
2022-10-10 11:48:00,740,740,750,750,0
2022-10-10 11:49:00,740,740,750,750,0
2022-10-10 11:50:00,740,740,750,750,0
2022-10-10 11:51:00,740,740,750,750,0
2022-10-10 11:52:00,740,740,750,750,0
2022-10-10 11:53:00,740,740,750,750,0
2022-10-10 11:54:00,740,740,750,750,0
2022-10-10 11:55:00,740,740,750,750,0
2022-10-10 11:56:00,740,740,750,750,0
2022-10-10 11:57:00,740,740,750,750,0
2022-10-10 11:58:00,740,740,750,750,0
2022-10-10 11:59:00,740,740,750,750,0
2022-10-10 12:00:00,740,740,750,750,0
2022-10-10 12:01:00,740,740,750,750,0
2022-10-10 12:02:00,740,740,750,750,0
2022-10-10 12:03:00,740,740,750,750,0
2022-10-10 12:04:00,740,740,750,750,0
2022-10-10 12:05:00,740,740,750,750,0
2022-10-10 12:06:00,740,740,750,750,0
2022-10-10 12:07:00,740,740,750,750,0
2022-10-10 12:08:00,740,740,750,750,0
2022-10-10 12:09:00,740,740,750,750,0
2022-10-10 12:10:00,740,740,750,750,0
2022-10-10 12:11:00,740,740,750,750,0
2022-10-10 12:12:00,740,740,750,750,0
2022-10-10 12:13:00,740,740,750,750,0
2022-10-10 12:14:00,740,740,750,750,0
2022-10-10 12:15:00,740,740,750,750,0
2022-10-10 12:16:00,740,740,750,750,0
2022-10-10 12:17:00,740,740,750,750,0
2022-10-10 12:18:00,740,740,750,750,0
2022-10-10 12:19:00,740,740,750,750,0
2022-10-10 12:20:00,740,740,750,750,0
2022-10-10 12:21:00,740,740,750,750,0
2022-10-10 12:22:00,740,740,750,750,0
2022-10-10 12:23:00,740,740,750,750,0
2022-10-10 12:24:00,740,740,750,750,0
2022-10-10 12:25:00,740,740,750,750,0
2022-10-10 12:26:00,740,740,750,750,0
2022-10-10 12:27:00,740,740,750,750,0
2022-10-10 12:28:00,740,740,750,750,0
2022-10-10 12:29:00,740,740,750,750,0
2022-10-10 12:30:00,740,740,750,750,0
2022-10-10 12:31:00,740,740,750,750,0
2022-10-10 12:32:00,740,740,750,750,0
2022-10-10 12:33:00,740,740,750,750,0
2022-10-10 12:34:00,740,740,750,750,0
2022-10-10 12:35:00,740,740,750,750,0
2022-10-10 12:36:00,740,740,750,750,0
2022-10-10 12:37:00,740,740,750,750,0
2022-10-10 12:38:00,740,740,750,750,0
2022-10-10 12:39:00,740,740,750,750,0
2022-10-10 12:40:00,740,740,750,750,0
2022-10-10 12:41:00,740,740,750,750,0
2022-10-10 12:42:00,740,740,750,750,0
2022-10-10 12:43:00,740,740,750,750,0
2022-10-10 12:44:00,740,740,750,750,0
2022-10-10 12:45:00,740,740,750,750,0
2022-10-10 12:46:00,740,740,750,750,0
2022-10-10 12:47:00,740,740,750,750,0
2022-10-10 12:48:00,740,740,750,750,0
2022-10-10 12:49:00,740,740,750,750,0
2022-10-10 12:50:00,740,740,750,750,0
2022-10-10 12:51:00,740,740,750,750,0
2022-10-10 12:52:00,740,740,750,750,0
2022-10-10 12:53:00,740,740,750,750,0
2022-10-10 12:54:00,740,740,750,750,0
2022-10-10 12:55:00,740,740,750,750,0
2022-10-10 12:56:00,740,740,750,750,0
2022-10-10 12:57:00,740,740,750,750,0
2022-10-10 12:58:00,740,740,750,750,0
2022-10-10 12:59:00,740,740,750,750,0
2022-10-10 13:00:00,740,740,750,750,0
2022-10-10 13:01:00,740,740,750,750,0
2022-10-10 13:02:00,740,740,750,750,0
2022-10-10 13:03:00,740,740,750,750,0
2022-10-10 13:04:00,740,740,750,750,0
2022-10-10 13:05:00,740,740,750,750,0
2022-10-10 13:06:00,740,740,750,750,0
2022-10-10 13:07:00,740,740,750,750,0
2022-10-10 13:08:00,740,740,750,750,0
2022-10-10 13:09:00,740,740,750,750,0
2022-10-10 13:10:00,740,740,750,750,0
2022-10-10 13:11:00,740,740,750,750,0
2022-10-10 13:12:00,740,740,750,750,0
2022-10-10 13:13:00,740,740,750,750,0
2022-10-10 13:14:00,740,740,750,750,0
2022-10-10 13:15:00,740,740,750,750,0
2022-10-10 13:16:00,740,740,750,750,0
2022-10-10 13:17:00,740,740,750,750,0
2022-10-10 13:18:00,740,740,750,750,0
2022-10-10 13:19:00,740,740,750,750,0
2022-10-10 13:20:00,740,740,750,750,0
2022-10-10 13:21:00,740,740,750,750,0
2022-10-10 13:22:00,740,740,750,750,0
2022-10-10 13:23:00,740,740,750,750,0
2022-10-10 13:24:00,740,740,750,750,0
2022-10-10 13:25:00,740,740,750,750,0
2022-10-10 13:26:00,740,740,750,750,0
2022-10-10 13:27:00,740,740,750,750,0
2022-10-10 13:28:00,740,740,750,750,0
2022-10-10 13:29:00,740,740,750,750,0
2022-10-10 13:30:00,745,745,750,745,4300
2022-10-10 13:31:00,745,745,750,745,0
2022-10-10 13:32:00,745,745,750,745,0
2022-10-10 13:33:00,745,745,750,745,0
2022-10-10 13:34:00,745,745,745,745,0
2022-10-10 13:35:00,745,745,745,745,100
2022-10-10 13:36:00,745,745,745,745,0
2022-10-10 13:37:00,745,745,745,745,0
2022-10-10 13:38:00,745,745,745,745,0
2022-10-10 13:39:00,745,745,745,745,0
2022-10-10 13:40:00,745,745,745,745,1000
2022-10-10 13:41:00,745,745,745,745,0
2022-10-10 13:42:00,745,745,745,745,0
2022-10-10 13:43:00,745,745,745,745,0
2022-10-10 13:44:00,745,745,745,745,200
2022-10-10 13:45:00,745,745,745,745,0
2022-10-10 13:46:00,745,745,745,745,0
2022-10-10 13:47:00,745,745,745,745,0
2022-10-10 13:48:00,745,745,745,745,0
2022-10-10 13:49:00,745,745,745,745,0
2022-10-10 13:50:00,745,745,745,745,300
2022-10-10 13:51:00,745,745,745,745,2200
2022-10-10 13:52:00,745,745,745,745,0
2022-10-10 13:53:00,745,745,745,745,0
2022-10-10 13:54:00,745,745,745,745,0
2022-10-10 13:55:00,745,745,745,745,0
2022-10-10 13:56:00,745,745,745,745,0
2022-10-10 13:57:00,745,745,745,745,0
2022-10-10 13:58:00,745,745,745,745,0
2022-10-10 13:59:00,745,745,745,745,0
2022-10-10 14:00:00,745,745,745,745,0
2022-10-10 14:01:00,745,745,745,745,0
2022-10-10 14:02:00,745,745,745,745,0
2022-10-10 14:03:00,745,745,745,745,0
2022-10-10 14:04:00,745,745,745,745,0
2022-10-10 14:05:00,745,745,745,745,0
2022-10-10 14:06:00,745,745,745,745,0
2022-10-10 14:07:00,745,745,745,745,0
2022-10-10 14:08:00,745,745,745,745,0
2022-10-10 14:09:00,745,745,745,745,0
2022-10-10 14:10:00,745,745,745,745,0
2022-10-10 14:11:00,745,745,745,745,0
2022-10-10 14:12:00,745,745,745,745,0
2022-10-10 14:13:00,745,745,745,745,0
2022-10-10 14:14:00,745,745,745,745,0
2022-10-10 14:15:00,745,745,745,745,0
2022-10-10 14:16:00,745,745,745,745,0
2022-10-10 14:17:00,745,745,745,745,0
2022-10-10 14:18:00,745,745,745,745,0
2022-10-10 14:19:00,745,745,745,745,0
2022-10-10 14:20:00,745,745,745,745,0
2022-10-10 14:21:00,740,740,740,740,1200
2022-10-10 14:22:00,740,740,740,740,0
2022-10-10 14:23:00,740,740,740,740,0
2022-10-10 14:24:00,740,740,740,740,0
2022-10-10 14:25:00,740,740,740,740,0
2022-10-10 14:26:00,740,740,740,740,0
2022-10-10 14:27:00,740,740,740,740,0
2022-10-10 14:28:00,740,740,740,740,0
2022-10-10 14:29:00,740,740,740,740,0
2022-10-10 14:30:00,740,740,740,740,0
2022-10-10 14:31:00,740,740,740,740,0
2022-10-10 14:32:00,740,740,740,740,0
2022-10-10 14:33:00,740,740,740,740,1500
2022-10-10 14:34:00,740,740,740,740,0
2022-10-10 14:35:00,740,740,740,740,0
2022-10-10 14:36:00,740,740,740,740,0
2022-10-10 14:37:00,740,740,740,740,0
2022-10-10 14:38:00,740,740,740,740,0
2022-10-10 14:39:00,740,740,740,740,0
2022-10-10 14:40:00,740,740,740,740,0
2022-10-10 14:41:00,740,740,740,740,0
2022-10-10 14:42:00,740,740,740,740,0
2022-10-10 14:43:00,740,740,740,740,0
2022-10-10 14:44:00,740,740,740,740,0
2022-10-10 14:45:00,740,740,740,740,0
2022-10-10 14:46:00,740,740,740,740,0
2022-10-10 14:47:00,740,740,740,740,10200
2022-10-10 14:48:00,740,740,740,740,0
2022-10-10 14:49:00,740,740,740,740,0
2022-10-10 14:50:00,740,740,740,740,0
2022-10-10 14:51:00,740,740,740,740,0
2022-10-10 14:52:00,740,740,740,740,0
2022-10-10 14:53:00,740,740,740,740,0
2022-10-10 14:54:00,740,740,740,740,0
2022-10-10 14:55:00,740,740,740,740,0
2022-10-10 14:56:00,740,740,740,740,0
2022-10-10 14:57:00,740,740,740,740,0
2022-10-10 14:58:00,740,740,740,740,0
2022-10-10 14:59:00,740,740,740,740,0
2022-10-10 15:00:00,740,740,740,740,0
2022-10-10 15:01:00,740,740,740,740,620100
2022-10-10 15:02:00,740,740,740,740,0
2022-10-10 15:03:00,740,740,740,740,0
2022-10-10 15:04:00,740,740,740,740,0
2022-10-10 15:05:00,740,740,740,740,0
2022-10-10 15:06:00,740,740,740,740,0
2022-10-10 15:07:00,740,740,740,740,0
2022-10-10 15:08:00,740,740,740,740,0
2022-10-10 15:09:00,740,740,740,740,0
2022-10-10 15:10:00,740,740,740,740,0
2022-10-10 15:11:00,740,740,740,740,0
2022-10-10 15:12:00,740,740,740,740,0
2022-10-10 15:13:00,740,740,740,740,0
2022-10-10 15:14:00,740,740,740,740,0
2022-10-10 15:15:00,740,740,740,740,0
2022-10-10 15:16:00,740,740,740,740,0
2022-10-10 15:17:00,740,740,740,740,0
2022-10-10 15:18:00,740,740,740,740,0
2022-10-10 15:19:00,740,740,740,740,0
2022-10-10 15:20:00,740,740,740,740,0
2022-10-10 15:21:00,740,740,740,740,0
2022-10-10 15:22:00,740,740,740,740,0
2022-10-10 15:23:00,740,740,740,740,0
2022-10-10 15:24:00,740,740,740,740,0
2022-10-10 15:25:00,740,740,740,740,0
2022-10-10 15:26:00,740,740,740,740,0
2022-10-10 15:27:00,740,740,740,740,0
2022-10-10 15:28:00,740,740,740,740,0
2022-10-10 15:29:00,740,740,740,740,0
2022-10-10 15:30:00,740,740,740,740,0
2022-10-10 15:31:00,740,740,740,740,0
2022-10-10 15:32:00,740,740,740,740,0
2022-10-10 15:33:00,740,740,740,740,0
2022-10-10 15:34:00,740,740,740,740,0
2022-10-10 15:35:00,740,740,740,740,0
2022-10-10 15:36:00,740,740,740,740,0
2022-10-10 15:37:00,740,740,740,740,0
2022-10-10 15:38:00,740,740,740,740,0
2022-10-10 15:39:00,740,740,740,740,0
2022-10-10 15:40:00,740,740,740,740,0
2022-10-10 15:41:00,740,740,740,740,0
2022-10-10 15:42:00,740,740,740,740,0
2022-10-10 15:43:00,740,740,740,740,0
2022-10-10 15:44:00,740,740,740,740,0
2022-10-10 15:45:00,740,740,740,740,0
2022-10-10 15:46:00,740,740,740,740,0
2022-10-10 15:47:00,740,740,740,740,0
2022-10-10 15:48:00,740,740,740,740,0
2022-10-10 15:49:00,740,740,740,740,0
2022-10-10 15:50:00,740,740,740,740,0
2022-10-10 15:51:00,740,740,740,740,0
2022-10-10 15:52:00,740,740,740,740,0
2022-10-10 15:53:00,740,740,740,740,0
2022-10-10 15:54:00,740,740,740,740,0
2022-10-10 15:55:00,740,740,740,740,0
2022-10-10 15:56:00,740,740,740,740,0
2022-10-10 15:57:00,740,740,740,740,0
2022-10-10 15:58:00,740,740,740,740,0
2022-10-10 15:59:00,740,740,740,740,0
2022-10-11 09:00:00,740,740,740,740,0
2022-10-11 09:01:00,740,740,755,755,19000
2022-10-11 09:02:00,755,755,755,755,1700
2022-10-11 09:03:00,755,755,755,755,21400
2022-10-11 09:04:00,750,750,750,750,0
2022-10-11 09:05:00,750,750,750,750,200
2022-10-11 09:06:00,755,755,755,755,30100
2022-10-11 09:07:00,755,755,755,755,22100
2022-10-11 09:08:00,755,755,760,755,14000
2022-10-11 09:09:00,755,755,755,755,3300
2022-10-11 09:10:00,755,755,755,755,600
2022-10-11 09:11:00,755,755,760,755,36000
2022-10-11 09:12:00,760,755,760,755,900
2022-10-11 09:13:00,755,755,755,755,2900
2022-10-11 09:14:00,755,755,760,760,20800
2022-10-11 09:15:00,760,755,760,755,0
2022-10-11 09:16:00,755,755,755,755,10800
2022-10-11 09:17:00,755,755,755,755,33300
2022-10-11 09:18:00,755,755,760,760,11100
2022-10-11 09:19:00,755,755,760,760,0
2022-10-11 09:20:00,760,760,760,760,5800
2022-10-11 09:21:00,760,760,760,760,2200
2022-10-11 09:22:00,760,760,760,760,0
2022-10-11 09:23:00,760,760,760,760,0
2022-10-11 09:24:00,760,760,765,765,68300
2022-10-11 09:25:00,760,760,760,760,0
2022-10-11 09:26:00,760,760,760,760,0
2022-10-11 09:27:00,760,755,760,755,62500
2022-10-11 09:28:00,765,760,770,770,62700
2022-10-11 09:29:00,770,770,775,770,142000
2022-10-11 09:30:00,775,775,780,780,41700
2022-10-11 09:31:00,780,780,780,780,3700
2022-10-11 09:32:00,775,775,780,775,40100
2022-10-11 09:33:00,775,775,780,780,4600
2022-10-11 09:34:00,780,775,785,780,66300
2022-10-11 09:35:00,780,780,780,780,7900
2022-10-11 09:36:00,780,775,780,775,58800
2022-10-11 09:37:00,775,770,775,770,0
2022-10-11 09:38:00,770,770,775,775,0
2022-10-11 09:39:00,775,770,780,775,29100
2022-10-11 09:40:00,780,780,785,780,10200
2022-10-11 09:41:00,785,780,785,780,15300
2022-10-11 09:42:00,780,780,780,780,3300
2022-10-11 09:43:00,775,775,775,775,0
2022-10-11 09:44:00,775,775,780,780,851900
2022-10-11 09:45:00,775,775,780,780,0
2022-10-11 09:46:00,775,775,780,780,0
2022-10-11 09:47:00,775,775,780,780,0
2022-10-11 09:48:00,780,780,780,780,3300
2022-10-11 09:49:00,775,775,775,775,1300
2022-10-11 09:50:00,775,775,775,775,0
2022-10-11 09:51:00,775,775,775,775,300
2022-10-11 09:52:00,775,775,775,775,600
2022-10-11 09:53:00,775,775,775,775,0
2022-10-11 09:54:00,775,775,775,775,0
2022-10-11 09:55:00,780,775,780,775,2600
2022-10-11 09:56:00,775,775,775,775,11500
2022-10-11 09:57:00,775,775,775,775,700
2022-10-11 09:58:00,775,765,775,765,52700
2022-10-11 09:59:00,765,765,765,765,17800
2022-10-11 10:00:00,765,765,765,765,0
2022-10-11 10:01:00,765,765,765,765,0
2022-10-11 10:02:00,765,765,770,770,0
2022-10-11 10:03:00,765,765,770,770,0
2022-10-11 10:04:00,765,765,770,770,0
2022-10-11 10:05:00,765,765,770,770,10100
2022-10-11 10:06:00,765,765,770,770,0
2022-10-11 10:07:00,765,765,770,770,0
2022-10-11 10:08:00,765,765,770,770,0
2022-10-11 10:09:00,770,770,770,770,24300
2022-10-11 10:10:00,770,770,770,770,18700
2022-10-11 10:11:00,775,775,775,775,400
2022-10-11 10:12:00,775,775,775,775,0
2022-10-11 10:13:00,770,770,770,770,61400
2022-10-11 10:14:00,770,770,770,770,0
2022-10-11 10:15:00,770,770,770,770,0
2022-10-11 10:16:00,770,770,770,770,4500
2022-10-11 10:17:00,775,775,775,775,0
2022-10-11 10:18:00,770,770,770,770,6700
2022-10-11 10:19:00,770,770,770,770,0
2022-10-11 10:20:00,770,770,770,770,0
2022-10-11 10:21:00,770,770,770,770,0
2022-10-11 10:22:00,770,770,770,770,0
2022-10-11 10:23:00,770,770,770,770,0
2022-10-11 10:24:00,770,770,770,770,0
2022-10-11 10:25:00,770,770,770,770,1000
2022-10-11 10:26:00,765,755,765,755,151900
2022-10-11 10:27:00,755,750,770,770,10300
2022-10-11 10:28:00,755,750,770,770,0
2022-10-11 10:29:00,765,765,765,765,1000
2022-10-11 10:30:00,765,765,765,765,7500
2022-10-11 10:31:00,765,765,765,765,0
2022-10-11 10:32:00,765,765,765,765,0
2022-10-11 10:33:00,765,765,765,765,0
2022-10-11 10:34:00,765,765,765,765,0
2022-10-11 10:35:00,765,765,765,765,0
2022-10-11 10:36:00,760,760,760,760,0
2022-10-11 10:37:00,760,760,760,760,0
2022-10-11 10:38:00,760,760,760,760,100
2022-10-11 10:39:00,760,760,760,760,0
2022-10-11 10:40:00,760,760,760,760,0
2022-10-11 10:41:00,760,760,760,760,0
2022-10-11 10:42:00,760,760,760,760,3000
2022-10-11 10:43:00,760,760,760,760,0
2022-10-11 10:44:00,760,760,760,760,0
2022-10-11 10:45:00,760,760,765,765,7200
2022-10-11 10:46:00,760,760,765,765,0
2022-10-11 10:47:00,760,760,765,765,0
2022-10-11 10:48:00,765,765,765,765,0
2022-10-11 10:49:00,760,760,760,760,44800
2022-10-11 10:50:00,765,765,765,765,0
2022-10-11 10:51:00,765,765,765,765,3900
2022-10-11 10:52:00,760,755,760,755,0
2022-10-11 10:53:00,760,755,760,755,0
2022-10-11 10:54:00,755,750,755,750,59800
2022-10-11 10:55:00,750,750,750,750,100
2022-10-11 10:56:00,750,750,750,750,0
2022-10-11 10:57:00,750,750,750,750,0
2022-10-11 10:58:00,750,750,750,750,0
2022-10-11 10:59:00,755,755,755,755,1300
2022-10-11 11:00:00,755,755,755,755,400
2022-10-11 11:01:00,755,755,760,760,500
2022-10-11 11:02:00,760,760,760,760,2400
2022-10-11 11:03:00,760,760,760,760,500
2022-10-11 11:04:00,760,760,760,760,0
2022-10-11 11:05:00,755,755,755,755,30300
2022-10-11 11:06:00,755,755,760,760,0
2022-10-11 11:07:00,755,755,760,760,0
2022-10-11 11:08:00,755,755,760,760,0
2022-10-11 11:09:00,755,755,760,760,0
2022-10-11 11:10:00,755,755,755,755,30000
2022-10-11 11:11:00,750,750,750,750,0
2022-10-11 11:12:00,755,755,760,760,0
2022-10-11 11:13:00,760,760,765,765,5600
2022-10-11 11:14:00,760,760,765,765,0
2022-10-11 11:15:00,760,760,760,760,1500
2022-10-11 11:16:00,760,760,760,760,3200
2022-10-11 11:17:00,760,760,760,760,0
2022-10-11 11:18:00,760,760,760,760,0
2022-10-11 11:19:00,760,760,760,760,0
2022-10-11 11:20:00,760,760,760,760,0
2022-10-11 11:21:00,760,760,760,760,0
2022-10-11 11:22:00,750,750,750,750,7600
2022-10-11 11:23:00,760,760,760,760,0
2022-10-11 11:24:00,760,760,760,760,0
2022-10-11 11:25:00,750,750,760,760,100
2022-10-11 11:26:00,750,750,760,760,0
2022-10-11 11:27:00,750,750,760,760,0
2022-10-11 11:28:00,750,750,760,760,0
2022-10-11 11:29:00,750,750,760,760,0
2022-10-11 11:30:00,750,750,760,760,0
2022-10-11 11:31:00,750,750,760,760,0
2022-10-11 11:32:00,750,750,760,760,0
2022-10-11 11:33:00,750,750,760,760,0
2022-10-11 11:34:00,750,750,760,760,0
2022-10-11 11:35:00,750,750,760,760,0
2022-10-11 11:36:00,750,750,760,760,0
2022-10-11 11:37:00,750,750,760,760,0
2022-10-11 11:38:00,750,750,760,760,0
2022-10-11 11:39:00,750,750,760,760,0
2022-10-11 11:40:00,750,750,760,760,0
2022-10-11 11:41:00,750,750,760,760,0
2022-10-11 11:42:00,750,750,760,760,0
2022-10-11 11:43:00,750,750,760,760,0
2022-10-11 11:44:00,750,750,760,760,0
2022-10-11 11:45:00,750,750,760,760,0
2022-10-11 11:46:00,750,750,760,760,0
2022-10-11 11:47:00,750,750,760,760,0
2022-10-11 11:48:00,750,750,760,760,0
2022-10-11 11:49:00,750,750,760,760,0
2022-10-11 11:50:00,750,750,760,760,0
2022-10-11 11:51:00,750,750,760,760,0
2022-10-11 11:52:00,750,750,760,760,0
2022-10-11 11:53:00,750,750,760,760,0
2022-10-11 11:54:00,750,750,760,760,0
2022-10-11 11:55:00,750,750,760,760,0
2022-10-11 11:56:00,750,750,760,760,0
2022-10-11 11:57:00,750,750,760,760,0
2022-10-11 11:58:00,750,750,760,760,0
2022-10-11 11:59:00,750,750,760,760,0
2022-10-11 12:00:00,750,750,760,760,0
2022-10-11 12:01:00,750,750,760,760,0
2022-10-11 12:02:00,750,750,760,760,0
2022-10-11 12:03:00,750,750,760,760,0
2022-10-11 12:04:00,750,750,760,760,0
2022-10-11 12:05:00,750,750,760,760,0
2022-10-11 12:06:00,750,750,760,760,0
2022-10-11 12:07:00,750,750,760,760,0
2022-10-11 12:08:00,750,750,760,760,0
2022-10-11 12:09:00,750,750,760,760,0
2022-10-11 12:10:00,750,750,760,760,0
2022-10-11 12:11:00,750,750,760,760,0
2022-10-11 12:12:00,750,750,760,760,0
2022-10-11 12:13:00,750,750,760,760,0
2022-10-11 12:14:00,750,750,760,760,0
2022-10-11 12:15:00,750,750,760,760,0
2022-10-11 12:16:00,750,750,760,760,0
2022-10-11 12:17:00,750,750,760,760,0
2022-10-11 12:18:00,750,750,760,760,0
2022-10-11 12:19:00,750,750,760,760,0
2022-10-11 12:20:00,750,750,760,760,0
2022-10-11 12:21:00,750,750,760,760,0
2022-10-11 12:22:00,750,750,760,760,0
2022-10-11 12:23:00,750,750,760,760,0
2022-10-11 12:24:00,750,750,760,760,0
2022-10-11 12:25:00,750,750,760,760,0
2022-10-11 12:26:00,750,750,760,760,0
2022-10-11 12:27:00,750,750,760,760,0
2022-10-11 12:28:00,750,750,760,760,0
2022-10-11 12:29:00,750,750,760,760,0
2022-10-11 12:30:00,750,750,760,760,0
2022-10-11 12:31:00,750,750,760,760,0
2022-10-11 12:32:00,750,750,760,760,0
2022-10-11 12:33:00,750,750,760,760,0
2022-10-11 12:34:00,750,750,760,760,0
2022-10-11 12:35:00,750,750,760,760,0
2022-10-11 12:36:00,750,750,760,760,0
2022-10-11 12:37:00,750,750,760,760,0
2022-10-11 12:38:00,750,750,760,760,0
2022-10-11 12:39:00,750,750,760,760,0
2022-10-11 12:40:00,750,750,760,760,0
2022-10-11 12:41:00,750,750,760,760,0
2022-10-11 12:42:00,750,750,760,760,0
2022-10-11 12:43:00,750,750,760,760,0
2022-10-11 12:44:00,750,750,760,760,0
2022-10-11 12:45:00,750,750,760,760,0
2022-10-11 12:46:00,750,750,760,760,0
2022-10-11 12:47:00,750,750,760,760,0
2022-10-11 12:48:00,750,750,760,760,0
2022-10-11 12:49:00,750,750,760,760,0
2022-10-11 12:50:00,750,750,760,760,0
2022-10-11 12:51:00,750,750,760,760,0
2022-10-11 12:52:00,750,750,760,760,0
2022-10-11 12:53:00,750,750,760,760,0
2022-10-11 12:54:00,750,750,760,760,0
2022-10-11 12:55:00,750,750,760,760,0
2022-10-11 12:56:00,750,750,760,760,0
2022-10-11 12:57:00,750,750,760,760,0
2022-10-11 12:58:00,750,750,760,760,0
2022-10-11 12:59:00,750,750,760,760,0
2022-10-11 13:00:00,750,750,760,760,0
2022-10-11 13:01:00,750,750,760,760,0
2022-10-11 13:02:00,750,750,760,760,0
2022-10-11 13:03:00,750,750,760,760,0
2022-10-11 13:04:00,750,750,760,760,0
2022-10-11 13:05:00,750,750,760,760,0
2022-10-11 13:06:00,750,750,760,760,0
2022-10-11 13:07:00,750,750,760,760,0
2022-10-11 13:08:00,750,750,760,760,0
2022-10-11 13:09:00,750,750,760,760,0
2022-10-11 13:10:00,750,750,760,760,0
2022-10-11 13:11:00,750,750,760,760,0
2022-10-11 13:12:00,750,750,760,760,0
2022-10-11 13:13:00,750,750,760,760,0
2022-10-11 13:14:00,750,750,760,760,0
2022-10-11 13:15:00,750,750,760,760,0
2022-10-11 13:16:00,750,750,760,760,0
2022-10-11 13:17:00,750,750,760,760,0
2022-10-11 13:18:00,750,750,760,760,0
2022-10-11 13:19:00,750,750,760,760,0
2022-10-11 13:20:00,750,750,760,760,0
2022-10-11 13:21:00,750,750,760,760,0
2022-10-11 13:22:00,750,750,760,760,0
2022-10-11 13:23:00,750,750,760,760,0
2022-10-11 13:24:00,750,750,760,760,0
2022-10-11 13:25:00,750,750,760,760,0
2022-10-11 13:26:00,750,750,760,760,0
2022-10-11 13:27:00,750,750,760,760,0
2022-10-11 13:28:00,750,750,760,760,0
2022-10-11 13:29:00,750,750,760,760,0
2022-10-11 13:30:00,750,750,760,760,1700
2022-10-11 13:31:00,760,760,760,760,11400
2022-10-11 13:32:00,760,760,760,760,0
2022-10-11 13:33:00,760,760,760,760,0
2022-10-11 13:34:00,760,760,760,760,0
2022-10-11 13:35:00,760,760,760,760,0
2022-10-11 13:36:00,760,760,760,760,500
2022-10-11 13:37:00,760,760,760,760,100
2022-10-11 13:38:00,765,765,765,765,100
2022-10-11 13:39:00,765,765,765,765,300
2022-10-11 13:40:00,765,765,765,765,100
2022-10-11 13:41:00,765,765,765,765,0
2022-10-11 13:42:00,760,760,760,760,2200
2022-10-11 13:43:00,760,760,760,760,0
2022-10-11 13:44:00,760,760,760,760,0
2022-10-11 13:45:00,760,760,760,760,0
2022-10-11 13:46:00,760,760,760,760,800
2022-10-11 13:47:00,760,760,760,760,0
2022-10-11 13:48:00,750,750,750,750,6100
2022-10-11 13:49:00,750,750,750,750,0
2022-10-11 13:50:00,760,755,760,755,0
2022-10-11 13:51:00,755,755,755,755,5000
2022-10-11 13:52:00,755,755,755,755,7000
2022-10-11 13:53:00,755,755,755,755,0
2022-10-11 13:54:00,755,755,755,755,0
2022-10-11 13:55:00,755,755,755,755,0
2022-10-11 13:56:00,755,755,755,755,2900
2022-10-11 13:57:00,755,755,755,755,0
2022-10-11 13:58:00,755,755,755,755,0
2022-10-11 13:59:00,755,755,755,755,0
2022-10-11 14:00:00,755,755,755,755,1437700
2022-10-11 14:01:00,755,755,755,755,0
2022-10-11 14:02:00,755,755,755,755,0
2022-10-11 14:03:00,750,750,750,750,700
2022-10-11 14:04:00,755,755,755,755,11900
2022-10-11 14:05:00,755,755,755,755,0
2022-10-11 14:06:00,755,755,755,755,0
2022-10-11 14:07:00,755,755,755,755,0
2022-10-11 14:08:00,755,755,755,755,0
2022-10-11 14:09:00,755,755,755,755,0
2022-10-11 14:10:00,755,755,755,755,0
2022-10-11 14:11:00,755,755,755,755,0
2022-10-11 14:12:00,755,755,755,755,0
2022-10-11 14:13:00,755,755,755,755,6000
2022-10-11 14:14:00,755,755,755,755,0
2022-10-11 14:15:00,755,755,755,755,0
2022-10-11 14:16:00,755,755,755,755,0
2022-10-11 14:17:00,755,755,755,755,0
2022-10-11 14:18:00,755,755,755,755,0
2022-10-11 14:19:00,755,755,755,755,0
2022-10-11 14:20:00,755,755,755,755,0
2022-10-11 14:21:00,755,755,755,755,0
2022-10-11 14:22:00,755,755,755,755,0
2022-10-11 14:23:00,755,755,755,755,0
2022-10-11 14:24:00,755,755,755,755,0
2022-10-11 14:25:00,755,755,755,755,0
2022-10-11 14:26:00,755,755,755,755,9100
2022-10-11 14:27:00,755,755,755,755,0
2022-10-11 14:28:00,755,755,755,755,32100
2022-10-11 14:29:00,755,755,755,755,0
2022-10-11 14:30:00,755,755,755,755,0
2022-10-11 14:31:00,755,755,755,755,0
2022-10-11 14:32:00,755,755,755,755,0
2022-10-11 14:33:00,755,755,755,755,0
2022-10-11 14:34:00,755,755,755,755,0
2022-10-11 14:35:00,755,755,755,755,0
2022-10-11 14:36:00,755,755,755,755,29500
2022-10-11 14:37:00,755,755,755,755,0
2022-10-11 14:38:00,755,750,755,750,0
2022-10-11 14:39:00,750,750,750,750,4700
2022-10-11 14:40:00,750,750,750,750,3000
2022-10-11 14:41:00,750,750,750,750,0
2022-10-11 14:42:00,750,750,750,750,0
2022-10-11 14:43:00,750,750,750,750,0
2022-10-11 14:44:00,750,750,750,750,0
2022-10-11 14:45:00,750,750,750,750,0
2022-10-11 14:46:00,750,750,750,750,66900
2022-10-11 14:47:00,750,750,750,750,0
2022-10-11 14:48:00,760,760,760,760,0
2022-10-11 14:49:00,760,760,760,760,0
2022-10-11 14:50:00,760,760,760,760,0
2022-10-11 14:51:00,760,760,760,760,0
2022-10-11 14:52:00,760,760,760,760,0
2022-10-11 14:53:00,760,760,760,760,0
2022-10-11 14:54:00,760,760,760,760,0
2022-10-11 14:55:00,760,760,760,760,0
2022-10-11 14:56:00,760,760,760,760,0
2022-10-11 14:57:00,760,760,760,760,0
2022-10-11 14:58:00,760,760,760,760,0
2022-10-11 14:59:00,760,760,760,760,0
2022-10-11 15:00:00,760,760,760,760,25600
2022-10-11 15:01:00,760,760,760,760,0
2022-10-11 15:02:00,760,760,760,760,6000
2022-10-11 15:03:00,760,760,760,760,0
2022-10-11 15:04:00,760,760,760,760,0
2022-10-11 15:05:00,760,760,760,760,0
2022-10-11 15:06:00,760,760,760,760,900
2022-10-11 15:07:00,760,760,760,760,0
2022-10-11 15:08:00,760,760,760,760,0
2022-10-11 15:09:00,760,760,760,760,0
2022-10-11 15:10:00,760,760,760,760,0
2022-10-11 15:11:00,760,760,760,760,0
2022-10-11 15:12:00,760,760,760,760,0
2022-10-11 15:13:00,760,760,760,760,0
2022-10-11 15:14:00,760,760,760,760,1625500
2022-10-11 15:15:00,760,760,760,760,0
2022-10-11 15:16:00,760,760,760,760,0
2022-10-11 15:17:00,760,760,760,760,0
2022-10-11 15:18:00,760,760,760,760,0
2022-10-11 15:19:00,760,760,760,760,0
2022-10-11 15:20:00,760,760,760,760,0
2022-10-11 15:21:00,760,760,760,760,0
2022-10-11 15:22:00,760,760,760,760,0
2022-10-11 15:23:00,760,760,760,760,0
2022-10-11 15:24:00,760,760,760,760,0
2022-10-11 15:25:00,760,760,760,760,0
2022-10-11 15:26:00,760,760,760,760,0
2022-10-11 15:27:00,760,760,760,760,0
2022-10-11 15:28:00,760,760,760,760,0
2022-10-11 15:29:00,760,760,760,760,0
2022-10-11 15:30:00,760,760,760,760,0
2022-10-11 15:31:00,760,760,760,760,0
2022-10-11 15:32:00,760,760,760,760,0
2022-10-11 15:33:00,760,760,760,760,0
2022-10-11 15:34:00,760,760,760,760,0
2022-10-11 15:35:00,760,760,760,760,0
2022-10-11 15:36:00,760,760,760,760,0
2022-10-11 15:37:00,760,760,760,760,0
2022-10-11 15:38:00,760,760,760,760,0
2022-10-11 15:39:00,760,760,760,760,0
2022-10-11 15:40:00,760,760,760,760,0
2022-10-11 15:41:00,760,760,760,760,0
2022-10-11 15:42:00,760,760,760,760,0
2022-10-11 15:43:00,760,760,760,760,0
2022-10-11 15:44:00,760,760,760,760,0
2022-10-11 15:45:00,760,760,760,760,0
2022-10-11 15:46:00,760,760,760,760,0
2022-10-11 15:47:00,760,760,760,760,0
2022-10-11 15:48:00,760,760,760,760,0
2022-10-11 15:49:00,760,760,760,760,0
2022-10-11 15:50:00,760,760,760,760,0
2022-10-11 15:51:00,760,760,760,760,0
2022-10-11 15:52:00,760,760,760,760,0
2022-10-11 15:53:00,760,760,760,760,0
2022-10-11 15:54:00,760,760,760,760,0
2022-10-11 15:55:00,760,760,760,760,0
2022-10-11 15:56:00,760,760,760,760,0
2022-10-11 15:57:00,760,760,760,760,0
2022-10-11 15:58:00,760,760,760,760,0
2022-10-11 15:59:00,760,760,760,760,0
2022-10-12 09:00:00,760,760,760,760,0
2022-10-12 09:01:00,765,765,770,770,300
2022-10-12 09:02:00,770,765,770,770,3200
2022-10-12 09:03:00,770,770,770,770,58500
2022-10-12 09:04:00,775,775,775,775,0
2022-10-12 09:05:00,780,765,790,790,32000
2022-10-12 09:06:00,790,790,795,795,58100
2022-10-12 09:07:00,795,790,795,795,32800
2022-10-12 09:08:00,785,785,795,795,65400
2022-10-12 09:09:00,795,785,795,795,19700
2022-10-12 09:10:00,800,795,800,795,8000
2022-10-12 09:11:00,790,785,790,785,6400
2022-10-12 09:12:00,795,795,795,795,19600
2022-10-12 09:13:00,785,785,785,785,3900
2022-10-12 09:14:00,785,785,795,795,32300
2022-10-12 09:15:00,800,795,800,795,12700
2022-10-12 09:16:00,795,795,800,800,16100
2022-10-12 09:17:00,800,795,800,795,7300
2022-10-12 09:18:00,795,795,795,795,7800
2022-10-12 09:19:00,785,785,785,785,0
2022-10-12 09:20:00,790,785,795,795,0
2022-10-12 09:21:00,795,795,795,795,1100
2022-10-12 09:22:00,795,795,795,795,0
2022-10-12 09:23:00,790,790,790,790,6200
2022-10-12 09:24:00,790,790,790,790,6300
2022-10-12 09:25:00,790,790,795,795,500
2022-10-12 09:26:00,795,785,795,785,2100
2022-10-12 09:27:00,790,790,795,795,800
2022-10-12 09:28:00,790,790,795,795,0
2022-10-12 09:29:00,790,790,795,795,0
2022-10-12 09:30:00,790,790,795,795,0
2022-10-12 09:31:00,795,785,795,795,300
2022-10-12 09:32:00,795,785,795,795,0
2022-10-12 09:33:00,795,785,795,795,0
2022-10-12 09:34:00,795,785,795,795,0
2022-10-12 09:35:00,795,785,795,795,0
2022-10-12 09:36:00,795,795,795,795,100
2022-10-12 09:37:00,790,790,795,795,700
2022-10-12 09:38:00,790,790,790,790,4900
2022-10-12 09:39:00,790,785,790,785,192900
2022-10-12 09:40:00,785,785,785,785,0
2022-10-12 09:41:00,790,790,790,790,200
2022-10-12 09:42:00,785,785,785,785,7900
2022-10-12 09:43:00,785,785,785,785,24900
2022-10-12 09:44:00,785,785,785,785,0
2022-10-12 09:45:00,785,785,785,785,0
2022-10-12 09:46:00,785,785,785,785,25000
2022-10-12 09:47:00,780,775,780,775,3900
2022-10-12 09:48:00,780,775,780,775,0
2022-10-12 09:49:00,775,775,775,775,1700
2022-10-12 09:50:00,775,775,780,780,5200
2022-10-12 09:51:00,775,775,780,780,0
2022-10-12 09:52:00,775,775,780,780,0
2022-10-12 09:53:00,775,775,780,780,0
2022-10-12 09:54:00,780,780,785,785,400
2022-10-12 09:55:00,780,780,785,785,0
2022-10-12 09:56:00,780,780,785,780,5100
2022-10-12 09:57:00,785,780,785,780,500
2022-10-12 09:58:00,780,780,780,780,2000
2022-10-12 09:59:00,780,780,780,780,0
2022-10-12 10:00:00,780,780,780,780,300
2022-10-12 10:01:00,780,780,780,780,0
2022-10-12 10:02:00,780,780,780,780,0
2022-10-12 10:03:00,780,780,780,780,0
2022-10-12 10:04:00,780,780,780,780,39400
2022-10-12 10:05:00,780,780,785,785,47700
2022-10-12 10:06:00,780,780,785,785,0
2022-10-12 10:07:00,780,780,785,785,0
2022-10-12 10:08:00,780,780,785,785,0
2022-10-12 10:09:00,775,775,775,775,0
2022-10-12 10:10:00,775,775,775,775,3100
2022-10-12 10:11:00,770,770,770,770,11800
2022-10-12 10:12:00,770,770,770,770,0
2022-10-12 10:13:00,770,770,770,770,1400
2022-10-12 10:14:00,770,770,770,770,0
2022-10-12 10:15:00,770,770,770,770,0
2022-10-12 10:16:00,770,770,770,770,0
2022-10-12 10:17:00,770,770,770,770,0
2022-10-12 10:18:00,770,770,770,770,0
2022-10-12 10:19:00,770,770,770,770,0
2022-10-12 10:20:00,765,765,765,765,16700
2022-10-12 10:21:00,760,760,760,760,11300
2022-10-12 10:22:00,760,760,760,760,0
2022-10-12 10:23:00,760,760,760,760,0
2022-10-12 10:24:00,760,760,760,760,0
2022-10-12 10:25:00,765,765,765,765,0
2022-10-12 10:26:00,760,760,760,760,36800
2022-10-12 10:27:00,760,755,760,755,0
2022-10-12 10:28:00,755,755,755,755,2300
2022-10-12 10:29:00,770,770,780,780,169200
2022-10-12 10:30:00,770,770,780,780,0
2022-10-12 10:31:00,780,780,780,780,0
2022-10-12 10:32:00,785,785,785,785,15100
2022-10-12 10:33:00,780,775,780,775,8300
2022-10-12 10:34:00,780,775,780,775,0
2022-10-12 10:35:00,780,775,780,775,0
2022-10-12 10:36:00,780,775,780,775,0
2022-10-12 10:37:00,780,775,780,775,0
2022-10-12 10:38:00,780,775,780,775,0
2022-10-12 10:39:00,760,760,760,760,0
2022-10-12 10:40:00,775,775,780,780,11800
2022-10-12 10:41:00,780,780,785,785,5400
2022-10-12 10:42:00,780,780,785,785,0
2022-10-12 10:43:00,780,780,785,785,0
2022-10-12 10:44:00,780,780,785,785,0
2022-10-12 10:45:00,780,780,785,785,0
2022-10-12 10:46:00,785,785,785,785,4300
2022-10-12 10:47:00,785,785,785,785,0
2022-10-12 10:48:00,785,785,785,785,0
2022-10-12 10:49:00,785,785,785,785,0
2022-10-12 10:50:00,780,780,780,780,0
2022-10-12 10:51:00,780,780,780,780,900
2022-10-12 10:52:00,780,780,780,780,0
2022-10-12 10:53:00,780,780,780,780,0
2022-10-12 10:54:00,780,780,780,780,0
2022-10-12 10:55:00,780,780,780,780,0
2022-10-12 10:56:00,780,780,780,780,0
2022-10-12 10:57:00,780,780,780,780,0
2022-10-12 10:58:00,780,780,780,780,0
2022-10-12 10:59:00,780,780,780,780,0
2022-10-12 11:00:00,780,780,780,780,0
2022-10-12 11:01:00,780,780,780,780,0
2022-10-12 11:02:00,780,780,780,780,2000
2022-10-12 11:03:00,780,780,780,780,0
2022-10-12 11:04:00,780,780,780,780,0
2022-10-12 11:05:00,780,780,780,780,14900
2022-10-12 11:06:00,785,785,785,785,1500
2022-10-12 11:07:00,785,785,785,785,0
2022-10-12 11:08:00,785,785,785,785,0
2022-10-12 11:09:00,785,785,785,785,0
2022-10-12 11:10:00,785,785,785,785,0
2022-10-12 11:11:00,770,770,770,770,2500
2022-10-12 11:12:00,765,765,765,765,144600
2022-10-12 11:13:00,765,765,765,765,0
2022-10-12 11:14:00,770,770,770,770,0
2022-10-12 11:15:00,770,770,770,770,0
2022-10-12 11:16:00,770,770,770,770,0
2022-10-12 11:17:00,765,765,765,765,0
2022-10-12 11:18:00,765,765,780,780,11300
2022-10-12 11:19:00,765,765,780,780,0
2022-10-12 11:20:00,765,765,780,780,0
2022-10-12 11:21:00,765,765,780,780,0
2022-10-12 11:22:00,765,765,780,780,0
2022-10-12 11:23:00,765,765,765,765,0
2022-10-12 11:24:00,765,765,765,765,0
2022-10-12 11:25:00,765,765,765,765,0
2022-10-12 11:26:00,765,765,765,765,0
2022-10-12 11:27:00,765,765,765,765,0
2022-10-12 11:28:00,765,765,765,765,500
2022-10-12 11:29:00,765,765,765,765,0
2022-10-12 11:30:00,765,765,765,765,0
2022-10-12 11:31:00,765,765,765,765,0
2022-10-12 11:32:00,765,765,765,765,0
2022-10-12 11:33:00,765,765,765,765,0
2022-10-12 11:34:00,765,765,765,765,0
2022-10-12 11:35:00,765,765,765,765,0
2022-10-12 11:36:00,765,765,765,765,0
2022-10-12 11:37:00,765,765,765,765,0
2022-10-12 11:38:00,765,765,765,765,0
2022-10-12 11:39:00,765,765,765,765,0
2022-10-12 11:40:00,765,765,765,765,0
2022-10-12 11:41:00,765,765,765,765,0
2022-10-12 11:42:00,765,765,765,765,0
2022-10-12 11:43:00,765,765,765,765,0
2022-10-12 11:44:00,765,765,765,765,0
2022-10-12 11:45:00,765,765,765,765,0
2022-10-12 11:46:00,765,765,765,765,0
2022-10-12 11:47:00,765,765,765,765,0
2022-10-12 11:48:00,765,765,765,765,0
2022-10-12 11:49:00,765,765,765,765,0
2022-10-12 11:50:00,765,765,765,765,0
2022-10-12 11:51:00,765,765,765,765,0
2022-10-12 11:52:00,765,765,765,765,0
2022-10-12 11:53:00,765,765,765,765,0
2022-10-12 11:54:00,765,765,765,765,0
2022-10-12 11:55:00,765,765,765,765,0
2022-10-12 11:56:00,765,765,765,765,0
2022-10-12 11:57:00,765,765,765,765,0
2022-10-12 11:58:00,765,765,765,765,0
2022-10-12 11:59:00,765,765,765,765,0
2022-10-12 12:00:00,765,765,765,765,0
2022-10-12 12:01:00,765,765,765,765,0
2022-10-12 12:02:00,765,765,765,765,0
2022-10-12 12:03:00,765,765,765,765,0
2022-10-12 12:04:00,765,765,765,765,0
2022-10-12 12:05:00,765,765,765,765,0
2022-10-12 12:06:00,765,765,765,765,0
2022-10-12 12:07:00,765,765,765,765,0
2022-10-12 12:08:00,765,765,765,765,0
2022-10-12 12:09:00,765,765,765,765,0
2022-10-12 12:10:00,765,765,765,765,0
2022-10-12 12:11:00,765,765,765,765,0
2022-10-12 12:12:00,765,765,765,765,0
2022-10-12 12:13:00,765,765,765,765,0
2022-10-12 12:14:00,765,765,765,765,0
2022-10-12 12:15:00,765,765,765,765,0
2022-10-12 12:16:00,765,765,765,765,0
2022-10-12 12:17:00,765,765,765,765,0
2022-10-12 12:18:00,765,765,765,765,0
2022-10-12 12:19:00,765,765,765,765,0
2022-10-12 12:20:00,765,765,765,765,0
2022-10-12 12:21:00,765,765,765,765,0
2022-10-12 12:22:00,765,765,765,765,0
2022-10-12 12:23:00,765,765,765,765,0
2022-10-12 12:24:00,765,765,765,765,0
2022-10-12 12:25:00,765,765,765,765,0
2022-10-12 12:26:00,765,765,765,765,0
2022-10-12 12:27:00,765,765,765,765,0
2022-10-12 12:28:00,765,765,765,765,0
2022-10-12 12:29:00,765,765,765,765,0
2022-10-12 12:30:00,765,765,765,765,0
2022-10-12 12:31:00,765,765,765,765,0
2022-10-12 12:32:00,765,765,765,765,0
2022-10-12 12:33:00,765,765,765,765,0
2022-10-12 12:34:00,765,765,765,765,0
2022-10-12 12:35:00,765,765,765,765,0
2022-10-12 12:36:00,765,765,765,765,0
2022-10-12 12:37:00,765,765,765,765,0
2022-10-12 12:38:00,765,765,765,765,0
2022-10-12 12:39:00,765,765,765,765,0
2022-10-12 12:40:00,765,765,765,765,0
2022-10-12 12:41:00,765,765,765,765,0
2022-10-12 12:42:00,765,765,765,765,0
2022-10-12 12:43:00,765,765,765,765,0
2022-10-12 12:44:00,765,765,765,765,0
2022-10-12 12:45:00,765,765,765,765,0
2022-10-12 12:46:00,765,765,765,765,0
2022-10-12 12:47:00,765,765,765,765,0
2022-10-12 12:48:00,765,765,765,765,0
2022-10-12 12:49:00,765,765,765,765,0
2022-10-12 12:50:00,765,765,765,765,0
2022-10-12 12:51:00,765,765,765,765,0
2022-10-12 12:52:00,765,765,765,765,0
2022-10-12 12:53:00,765,765,765,765,0
2022-10-12 12:54:00,765,765,765,765,0
2022-10-12 12:55:00,765,765,765,765,0
2022-10-12 12:56:00,765,765,765,765,0
2022-10-12 12:57:00,765,765,765,765,0
2022-10-12 12:58:00,765,765,765,765,0
2022-10-12 12:59:00,765,765,765,765,0
2022-10-12 13:00:00,765,765,765,765,0
2022-10-12 13:01:00,765,765,765,765,0
2022-10-12 13:02:00,765,765,765,765,0
2022-10-12 13:03:00,765,765,765,765,0
2022-10-12 13:04:00,765,765,765,765,0
2022-10-12 13:05:00,765,765,765,765,0
2022-10-12 13:06:00,765,765,765,765,0
2022-10-12 13:07:00,765,765,765,765,0
2022-10-12 13:08:00,765,765,765,765,0
2022-10-12 13:09:00,765,765,765,765,0
2022-10-12 13:10:00,765,765,765,765,0
2022-10-12 13:11:00,765,765,765,765,0
2022-10-12 13:12:00,765,765,765,765,0
2022-10-12 13:13:00,765,765,765,765,0
2022-10-12 13:14:00,765,765,765,765,0
2022-10-12 13:15:00,765,765,765,765,0
2022-10-12 13:16:00,765,765,765,765,0
2022-10-12 13:17:00,765,765,765,765,0
2022-10-12 13:18:00,765,765,765,765,0
2022-10-12 13:19:00,765,765,765,765,0
2022-10-12 13:20:00,765,765,765,765,0
2022-10-12 13:21:00,765,765,765,765,0
2022-10-12 13:22:00,765,765,765,765,0
2022-10-12 13:23:00,765,765,765,765,0
2022-10-12 13:24:00,765,765,765,765,0
2022-10-12 13:25:00,765,765,765,765,0
2022-10-12 13:26:00,765,765,765,765,0
2022-10-12 13:27:00,765,765,765,765,0
2022-10-12 13:28:00,765,765,765,765,0
2022-10-12 13:29:00,765,765,765,765,0
2022-10-12 13:30:00,765,760,765,760,6200
2022-10-12 13:31:00,765,765,765,765,1700
2022-10-12 13:32:00,765,765,765,765,0
2022-10-12 13:33:00,765,765,765,765,0
2022-10-12 13:34:00,765,765,765,765,0
2022-10-12 13:35:00,765,765,765,765,0
2022-10-12 13:36:00,765,765,765,765,0
2022-10-12 13:37:00,765,765,765,765,0
2022-10-12 13:38:00,780,780,780,780,19300
2022-10-12 13:39:00,780,780,780,780,0
2022-10-12 13:40:00,780,780,780,780,0
2022-10-12 13:41:00,780,780,780,780,0
2022-10-12 13:42:00,780,780,780,780,0
2022-10-12 13:43:00,780,780,780,780,0
2022-10-12 13:44:00,780,780,780,780,0
2022-10-12 13:45:00,780,780,780,780,0
2022-10-12 13:46:00,780,780,780,780,0
2022-10-12 13:47:00,780,780,780,780,0
2022-10-12 13:48:00,780,780,785,785,80000
2022-10-12 13:49:00,780,780,785,785,0
2022-10-12 13:50:00,780,780,785,785,0
2022-10-12 13:51:00,765,765,765,765,15600
2022-10-12 13:52:00,765,765,765,765,0
2022-10-12 13:53:00,765,765,765,765,0
2022-10-12 13:54:00,765,765,765,765,0
2022-10-12 13:55:00,765,765,765,765,0
2022-10-12 13:56:00,765,765,765,765,0
2022-10-12 13:57:00,765,765,765,765,0
2022-10-12 13:58:00,765,765,765,765,0
2022-10-12 13:59:00,765,765,765,765,0
2022-10-12 14:00:00,765,765,765,765,0
2022-10-12 14:01:00,765,765,765,765,0
2022-10-12 14:02:00,765,765,765,765,0
2022-10-12 14:03:00,780,780,780,780,10700
2022-10-12 14:04:00,785,770,785,770,55700
2022-10-12 14:05:00,790,790,790,790,0
2022-10-12 14:06:00,790,790,790,790,0
2022-10-12 14:07:00,790,790,790,790,0
2022-10-12 14:08:00,780,780,780,780,300
2022-10-12 14:09:00,780,780,780,780,0
2022-10-12 14:10:00,780,780,780,780,9600
2022-10-12 14:11:00,780,780,780,780,0
2022-10-12 14:12:00,780,780,780,780,0
2022-10-12 14:13:00,780,780,780,780,0
2022-10-12 14:14:00,780,780,780,780,0
2022-10-12 14:15:00,780,780,780,780,0
2022-10-12 14:16:00,770,770,770,770,1000
2022-10-12 14:17:00,780,780,780,780,8500
2022-10-12 14:18:00,780,780,780,780,0
2022-10-12 14:19:00,780,780,780,780,0
2022-10-12 14:20:00,780,780,780,780,0
2022-10-12 14:21:00,780,780,780,780,0
2022-10-12 14:22:00,770,765,770,765,27600
2022-10-12 14:23:00,775,775,785,785,0
2022-10-12 14:24:00,775,775,785,785,0
2022-10-12 14:25:00,775,775,785,785,0
2022-10-12 14:26:00,775,775,785,785,0
2022-10-12 14:27:00,775,775,785,785,0
2022-10-12 14:28:00,775,775,785,785,0
2022-10-12 14:29:00,775,775,785,785,0
2022-10-12 14:30:00,775,775,785,785,0
2022-10-12 14:31:00,775,775,785,785,0
2022-10-12 14:32:00,775,775,785,785,0
2022-10-12 14:33:00,770,770,780,780,400
2022-10-12 14:34:00,770,770,780,780,0
2022-10-12 14:35:00,765,765,765,765,31700
2022-10-12 14:36:00,765,765,775,775,0
2022-10-12 14:37:00,765,765,775,775,0
2022-10-12 14:38:00,765,765,775,775,0
2022-10-12 14:39:00,765,765,775,775,0
2022-10-12 14:40:00,765,765,775,775,0
2022-10-12 14:41:00,765,765,775,775,0
2022-10-12 14:42:00,765,765,765,765,24000
2022-10-12 14:43:00,770,770,780,780,94200
2022-10-12 14:44:00,770,770,780,780,0
2022-10-12 14:45:00,765,765,765,765,3400
2022-10-12 14:46:00,780,765,780,780,85100
2022-10-12 14:47:00,780,780,780,780,0
2022-10-12 14:48:00,780,780,780,780,0
2022-10-12 14:49:00,780,780,780,780,0
2022-10-12 14:50:00,780,780,780,780,0
2022-10-12 14:51:00,780,780,780,780,0
2022-10-12 14:52:00,780,780,780,780,0
2022-10-12 14:53:00,780,780,780,780,0
2022-10-12 14:54:00,780,780,780,780,0
2022-10-12 14:55:00,780,780,780,780,0
2022-10-12 14:56:00,780,780,780,780,0
2022-10-12 14:57:00,780,780,780,780,0
2022-10-12 14:58:00,780,780,780,780,0
2022-10-12 14:59:00,780,780,780,780,0
2022-10-12 15:00:00,765,765,765,765,4600
2022-10-12 15:01:00,765,765,765,765,35000
2022-10-12 15:02:00,765,765,765,765,8000
2022-10-12 15:03:00,765,765,765,765,1509200
2022-10-12 15:04:00,765,765,765,765,0
2022-10-12 15:05:00,765,765,765,765,0
2022-10-12 15:06:00,765,765,765,765,0
2022-10-12 15:07:00,765,765,765,765,0
2022-10-12 15:08:00,765,765,765,765,0
2022-10-12 15:09:00,765,765,765,765,0
2022-10-12 15:10:00,765,765,765,765,0
2022-10-12 15:11:00,765,765,765,765,0
2022-10-12 15:12:00,765,765,765,765,0
2022-10-12 15:13:00,765,765,765,765,0
2022-10-12 15:14:00,765,765,765,765,0
2022-10-12 15:15:00,765,765,765,765,0
2022-10-12 15:16:00,765,765,765,765,0
2022-10-12 15:17:00,765,765,765,765,0
2022-10-12 15:18:00,765,765,765,765,0
2022-10-12 15:19:00,765,765,765,765,0
2022-10-12 15:20:00,765,765,765,765,0
2022-10-12 15:21:00,765,765,765,765,0
2022-10-12 15:22:00,765,765,765,765,0
2022-10-12 15:23:00,765,765,765,765,0
2022-10-12 15:24:00,765,765,765,765,0
2022-10-12 15:25:00,765,765,765,765,0
2022-10-12 15:26:00,765,765,765,765,0
2022-10-12 15:27:00,765,765,765,765,0
2022-10-12 15:28:00,765,765,765,765,0
2022-10-12 15:29:00,765,765,765,765,0
2022-10-12 15:30:00,765,765,765,765,0
2022-10-12 15:31:00,765,765,765,765,0
2022-10-12 15:32:00,765,765,765,765,0
2022-10-12 15:33:00,765,765,765,765,0
2022-10-12 15:34:00,765,765,765,765,0
2022-10-12 15:35:00,765,765,765,765,0
2022-10-12 15:36:00,765,765,765,765,0
2022-10-12 15:37:00,765,765,765,765,0
2022-10-12 15:38:00,765,765,765,765,0
2022-10-12 15:39:00,765,765,765,765,0
2022-10-12 15:40:00,765,765,765,765,0
2022-10-12 15:41:00,765,765,765,765,0
2022-10-12 15:42:00,765,765,765,765,0
2022-10-12 15:43:00,765,765,765,765,0
2022-10-12 15:44:00,765,765,765,765,0
2022-10-12 15:45:00,765,765,765,765,0
2022-10-12 15:46:00,765,765,765,765,0
2022-10-12 15:47:00,765,765,765,765,0
2022-10-12 15:48:00,765,765,765,765,0
2022-10-12 15:49:00,765,765,765,765,0
2022-10-12 15:50:00,765,765,765,765,0
2022-10-12 15:51:00,765,765,765,765,0
2022-10-12 15:52:00,765,765,765,765,0
2022-10-12 15:53:00,765,765,765,765,0
2022-10-12 15:54:00,765,765,765,765,0
2022-10-12 15:55:00,765,765,765,765,0
2022-10-12 15:56:00,765,765,765,765,0
2022-10-12 15:57:00,765,765,765,765,0
2022-10-12 15:58:00,765,765,765,765,0
2022-10-12 15:59:00,765,765,765,765,0
2022-10-13 09:00:00,775,765,775,765,0
2022-10-13 09:01:00,765,765,765,765,0
2022-10-13 09:02:00,760,760,760,760,1700
2022-10-13 09:03:00,760,760,760,760,0
2022-10-13 09:04:00,760,760,760,760,400
2022-10-13 09:05:00,760,760,760,760,0
2022-10-13 09:06:00,760,755,760,755,4200
2022-10-13 09:07:00,760,760,765,765,15500
2022-10-13 09:08:00,760,760,765,765,0
2022-10-13 09:09:00,765,765,765,765,25700
2022-10-13 09:10:00,770,770,785,785,0
2022-10-13 09:11:00,785,785,785,785,6000
2022-10-13 09:12:00,785,785,785,785,0
2022-10-13 09:13:00,785,765,785,765,10100
2022-10-13 09:14:00,785,765,785,765,0
2022-10-13 09:15:00,785,765,785,765,0
2022-10-13 09:16:00,785,765,785,765,0
2022-10-13 09:17:00,785,765,785,765,0
2022-10-13 09:18:00,775,775,775,775,5300
2022-10-13 09:19:00,775,775,775,775,0
2022-10-13 09:20:00,775,775,775,775,0
2022-10-13 09:21:00,780,780,780,780,0
2022-10-13 09:22:00,775,775,775,775,3800
2022-10-13 09:23:00,775,775,775,775,0
2022-10-13 09:24:00,775,775,775,775,0
2022-10-13 09:25:00,770,770,775,775,400
2022-10-13 09:26:00,770,770,775,775,0
2022-10-13 09:27:00,775,775,775,775,300
2022-10-13 09:28:00,775,775,775,775,0
2022-10-13 09:29:00,775,775,775,775,0
2022-10-13 09:30:00,765,765,765,765,5000
2022-10-13 09:31:00,765,765,765,765,0
2022-10-13 09:32:00,770,770,770,770,0
2022-10-13 09:33:00,770,770,770,770,0
2022-10-13 09:34:00,770,770,770,770,0
2022-10-13 09:35:00,770,770,770,770,0
2022-10-13 09:36:00,770,770,770,770,0
2022-10-13 09:37:00,770,770,770,770,0
2022-10-13 09:38:00,770,770,770,770,0
2022-10-13 09:39:00,770,770,770,770,100
2022-10-13 09:40:00,770,770,770,770,0
2022-10-13 09:41:00,770,770,770,770,0
2022-10-13 09:42:00,770,770,770,770,200
2022-10-13 09:43:00,770,770,770,770,19900
2022-10-13 09:44:00,770,770,770,770,0
2022-10-13 09:45:00,770,770,770,770,0
2022-10-13 09:46:00,770,770,770,770,0
2022-10-13 09:47:00,775,775,775,775,46600
2022-10-13 09:48:00,775,775,775,775,0
2022-10-13 09:49:00,775,775,775,775,0
2022-10-13 09:50:00,775,775,775,775,0
2022-10-13 09:51:00,775,775,775,775,0
2022-10-13 09:52:00,775,775,775,775,0
2022-10-13 09:53:00,775,775,775,775,0
2022-10-13 09:54:00,775,775,775,775,0
2022-10-13 09:55:00,775,775,775,775,0
2022-10-13 09:56:00,775,775,775,775,0
2022-10-13 09:57:00,775,775,775,775,0
2022-10-13 09:58:00,775,775,775,775,0
2022-10-13 09:59:00,775,775,775,775,0
2022-10-13 10:00:00,780,780,780,780,1000
2022-10-13 10:01:00,780,780,780,780,0
2022-10-13 10:02:00,780,780,780,780,0
2022-10-13 10:03:00,780,780,780,780,1100
2022-10-13 10:04:00,780,780,780,780,0
2022-10-13 10:05:00,780,780,780,780,0
2022-10-13 10:06:00,780,780,780,780,700
2022-10-13 10:07:00,780,780,780,780,0
2022-10-13 10:08:00,780,780,780,780,0
2022-10-13 10:09:00,780,780,780,780,0
2022-10-13 10:10:00,780,780,780,780,0
2022-10-13 10:11:00,780,780,780,780,0
2022-10-13 10:12:00,780,780,780,780,0
2022-10-13 10:13:00,780,780,780,780,0
2022-10-13 10:14:00,770,770,770,770,2900
2022-10-13 10:15:00,770,770,770,770,0
2022-10-13 10:16:00,770,770,770,770,0
2022-10-13 10:17:00,770,770,770,770,11800
2022-10-13 10:18:00,770,770,770,770,0
2022-10-13 10:19:00,765,765,765,765,0
2022-10-13 10:20:00,765,765,765,765,0
2022-10-13 10:21:00,765,765,765,765,0
2022-10-13 10:22:00,765,765,765,765,0
2022-10-13 10:23:00,765,765,765,765,11800
2022-10-13 10:24:00,765,765,765,765,0
2022-10-13 10:25:00,765,765,765,765,0
2022-10-13 10:26:00,765,765,765,765,0
2022-10-13 10:27:00,765,765,765,765,0
2022-10-13 10:28:00,765,765,765,765,0
2022-10-13 10:29:00,765,765,765,765,0
2022-10-13 10:30:00,765,765,765,765,0
2022-10-13 10:31:00,765,765,765,765,0
2022-10-13 10:32:00,765,765,765,765,3000
2022-10-13 10:33:00,765,765,765,765,0
2022-10-13 10:34:00,765,765,765,765,0
2022-10-13 10:35:00,765,765,765,765,0
2022-10-13 10:36:00,765,765,765,765,0
2022-10-13 10:37:00,765,765,765,765,0
2022-10-13 10:38:00,765,765,765,765,0
2022-10-13 10:39:00,765,765,765,765,0
2022-10-13 10:40:00,765,765,765,765,2900
2022-10-13 10:41:00,760,760,760,760,12000
2022-10-13 10:42:00,760,760,760,760,0
2022-10-13 10:43:00,760,760,760,760,3200
2022-10-13 10:44:00,760,760,760,760,0
2022-10-13 10:45:00,760,760,760,760,0
2022-10-13 10:46:00,760,760,760,760,0
2022-10-13 10:47:00,760,760,760,760,0
2022-10-13 10:48:00,760,760,760,760,0
2022-10-13 10:49:00,765,765,765,765,17900
2022-10-13 10:50:00,765,765,765,765,0
2022-10-13 10:51:00,765,765,765,765,43200
2022-10-13 10:52:00,770,770,775,775,0
2022-10-13 10:53:00,780,780,780,780,0
2022-10-13 10:54:00,780,780,780,780,0
2022-10-13 10:55:00,780,780,780,780,0
2022-10-13 10:56:00,780,780,780,780,0
2022-10-13 10:57:00,780,780,780,780,0
2022-10-13 10:58:00,780,780,780,780,0
2022-10-13 10:59:00,780,780,780,780,0
2022-10-13 11:00:00,775,775,775,775,1400
2022-10-13 11:01:00,775,775,775,775,0
2022-10-13 11:02:00,775,775,775,775,0
2022-10-13 11:03:00,775,775,775,775,0
2022-10-13 11:04:00,775,775,775,775,0
2022-10-13 11:05:00,775,775,775,775,0
2022-10-13 11:06:00,775,775,775,775,0
2022-10-13 11:07:00,775,775,775,775,0
2022-10-13 11:08:00,775,775,775,775,0
2022-10-13 11:09:00,775,775,775,775,0
2022-10-13 11:10:00,775,775,775,775,0
2022-10-13 11:11:00,775,775,775,775,0
2022-10-13 11:12:00,775,775,775,775,0
2022-10-13 11:13:00,770,770,770,770,1000
2022-10-13 11:14:00,770,770,770,770,3200
2022-10-13 11:15:00,770,770,770,770,0
2022-10-13 11:16:00,770,770,770,770,0
2022-10-13 11:17:00,770,770,770,770,0
2022-10-13 11:18:00,770,770,770,770,0
2022-10-13 11:19:00,770,770,770,770,0
2022-10-13 11:20:00,770,770,770,770,0
2022-10-13 11:21:00,770,770,770,770,0
2022-10-13 11:22:00,770,770,770,770,0
2022-10-13 11:23:00,770,770,770,770,0
2022-10-13 11:24:00,770,770,770,770,0
2022-10-13 11:25:00,770,770,770,770,0
2022-10-13 11:26:00,770,770,770,770,0
2022-10-13 11:27:00,770,770,770,770,0
2022-10-13 11:28:00,770,770,770,770,0
2022-10-13 11:29:00,770,770,770,770,0
2022-10-13 11:30:00,770,770,770,770,0
2022-10-13 11:31:00,770,770,770,770,0
2022-10-13 11:32:00,770,770,770,770,0
2022-10-13 11:33:00,770,770,770,770,0
2022-10-13 11:34:00,770,770,770,770,0
2022-10-13 11:35:00,770,770,770,770,0
2022-10-13 11:36:00,770,770,770,770,0
2022-10-13 11:37:00,770,770,770,770,0
2022-10-13 11:38:00,770,770,770,770,0
2022-10-13 11:39:00,770,770,770,770,0
2022-10-13 11:40:00,770,770,770,770,0
2022-10-13 11:41:00,770,770,770,770,0
2022-10-13 11:42:00,770,770,770,770,0
2022-10-13 11:43:00,770,770,770,770,0
2022-10-13 11:44:00,770,770,770,770,0
2022-10-13 11:45:00,770,770,770,770,0
2022-10-13 11:46:00,770,770,770,770,0
2022-10-13 11:47:00,770,770,770,770,0
2022-10-13 11:48:00,770,770,770,770,0
2022-10-13 11:49:00,770,770,770,770,0
2022-10-13 11:50:00,770,770,770,770,0
2022-10-13 11:51:00,770,770,770,770,0
2022-10-13 11:52:00,770,770,770,770,0
2022-10-13 11:53:00,770,770,770,770,0
2022-10-13 11:54:00,770,770,770,770,0
2022-10-13 11:55:00,770,770,770,770,0
2022-10-13 11:56:00,770,770,770,770,0
2022-10-13 11:57:00,770,770,770,770,0
2022-10-13 11:58:00,770,770,770,770,0
2022-10-13 11:59:00,770,770,770,770,0
2022-10-13 12:00:00,770,770,770,770,0
2022-10-13 12:01:00,770,770,770,770,0
2022-10-13 12:02:00,770,770,770,770,0
2022-10-13 12:03:00,770,770,770,770,0
2022-10-13 12:04:00,770,770,770,770,0
2022-10-13 12:05:00,770,770,770,770,0
2022-10-13 12:06:00,770,770,770,770,0
2022-10-13 12:07:00,770,770,770,770,0
2022-10-13 12:08:00,770,770,770,770,0
2022-10-13 12:09:00,770,770,770,770,0
2022-10-13 12:10:00,770,770,770,770,0
2022-10-13 12:11:00,770,770,770,770,0
2022-10-13 12:12:00,770,770,770,770,0
2022-10-13 12:13:00,770,770,770,770,0
2022-10-13 12:14:00,770,770,770,770,0
2022-10-13 12:15:00,770,770,770,770,0
2022-10-13 12:16:00,770,770,770,770,0
2022-10-13 12:17:00,770,770,770,770,0
2022-10-13 12:18:00,770,770,770,770,0
2022-10-13 12:19:00,770,770,770,770,0
2022-10-13 12:20:00,770,770,770,770,0
2022-10-13 12:21:00,770,770,770,770,0
2022-10-13 12:22:00,770,770,770,770,0
2022-10-13 12:23:00,770,770,770,770,0
2022-10-13 12:24:00,770,770,770,770,0
2022-10-13 12:25:00,770,770,770,770,0
2022-10-13 12:26:00,770,770,770,770,0
2022-10-13 12:27:00,770,770,770,770,0
2022-10-13 12:28:00,770,770,770,770,0
2022-10-13 12:29:00,770,770,770,770,0
2022-10-13 12:30:00,770,770,770,770,0
2022-10-13 12:31:00,770,770,770,770,0
2022-10-13 12:32:00,770,770,770,770,0
2022-10-13 12:33:00,770,770,770,770,0
2022-10-13 12:34:00,770,770,770,770,0
2022-10-13 12:35:00,770,770,770,770,0
2022-10-13 12:36:00,770,770,770,770,0
2022-10-13 12:37:00,770,770,770,770,0
2022-10-13 12:38:00,770,770,770,770,0
2022-10-13 12:39:00,770,770,770,770,0
2022-10-13 12:40:00,770,770,770,770,0
2022-10-13 12:41:00,770,770,770,770,0
2022-10-13 12:42:00,770,770,770,770,0
2022-10-13 12:43:00,770,770,770,770,0
2022-10-13 12:44:00,770,770,770,770,0
2022-10-13 12:45:00,770,770,770,770,0
2022-10-13 12:46:00,770,770,770,770,0
2022-10-13 12:47:00,770,770,770,770,0
2022-10-13 12:48:00,770,770,770,770,0
2022-10-13 12:49:00,770,770,770,770,0
2022-10-13 12:50:00,770,770,770,770,0
2022-10-13 12:51:00,770,770,770,770,0
2022-10-13 12:52:00,770,770,770,770,0
2022-10-13 12:53:00,770,770,770,770,0
2022-10-13 12:54:00,770,770,770,770,0
2022-10-13 12:55:00,770,770,770,770,0
2022-10-13 12:56:00,770,770,770,770,0
2022-10-13 12:57:00,770,770,770,770,0
2022-10-13 12:58:00,770,770,770,770,0
2022-10-13 12:59:00,770,770,770,770,0
2022-10-13 13:00:00,770,770,770,770,0
2022-10-13 13:01:00,770,770,770,770,0
2022-10-13 13:02:00,770,770,770,770,0
2022-10-13 13:03:00,770,770,770,770,0
2022-10-13 13:04:00,770,770,770,770,0
2022-10-13 13:05:00,770,770,770,770,0
2022-10-13 13:06:00,770,770,770,770,0
2022-10-13 13:07:00,770,770,770,770,0
2022-10-13 13:08:00,770,770,770,770,0
2022-10-13 13:09:00,770,770,770,770,0
2022-10-13 13:10:00,770,770,770,770,0
2022-10-13 13:11:00,770,770,770,770,0
2022-10-13 13:12:00,770,770,770,770,0
2022-10-13 13:13:00,770,770,770,770,0
2022-10-13 13:14:00,770,770,770,770,0
2022-10-13 13:15:00,770,770,770,770,0
2022-10-13 13:16:00,770,770,770,770,0
2022-10-13 13:17:00,770,770,770,770,0
2022-10-13 13:18:00,770,770,770,770,0
2022-10-13 13:19:00,770,770,770,770,0
2022-10-13 13:20:00,770,770,770,770,0
2022-10-13 13:21:00,770,770,770,770,0
2022-10-13 13:22:00,770,770,770,770,0
2022-10-13 13:23:00,770,770,770,770,0
2022-10-13 13:24:00,770,770,770,770,0
2022-10-13 13:25:00,770,770,770,770,0
2022-10-13 13:26:00,770,770,770,770,0
2022-10-13 13:27:00,770,770,770,770,0
2022-10-13 13:28:00,770,770,770,770,0
2022-10-13 13:29:00,770,770,770,770,0
2022-10-13 13:30:00,760,760,760,760,200
2022-10-13 13:31:00,760,760,760,760,5100
2022-10-13 13:32:00,760,760,760,760,0
2022-10-13 13:33:00,760,760,760,760,0
2022-10-13 13:34:00,760,760,760,760,0
2022-10-13 13:35:00,760,760,760,760,0
2022-10-13 13:36:00,760,760,760,760,0
2022-10-13 13:37:00,760,760,760,760,0
2022-10-13 13:38:00,760,760,760,760,0
2022-10-13 13:39:00,760,760,760,760,0
2022-10-13 13:40:00,760,760,760,760,0
2022-10-13 13:41:00,760,760,760,760,0
2022-10-13 13:42:00,760,760,760,760,0
2022-10-13 13:43:00,760,760,760,760,0
2022-10-13 13:44:00,760,760,760,760,0
2022-10-13 13:45:00,760,760,760,760,0
2022-10-13 13:46:00,760,760,760,760,0
2022-10-13 13:47:00,760,760,760,760,0
2022-10-13 13:48:00,760,760,760,760,0
2022-10-13 13:49:00,760,760,760,760,0
2022-10-13 13:50:00,760,760,760,760,0
2022-10-13 13:51:00,760,760,760,760,0
2022-10-13 13:52:00,760,760,760,760,0
2022-10-13 13:53:00,760,760,760,760,0
2022-10-13 13:54:00,760,760,760,760,0
2022-10-13 13:55:00,760,760,760,760,300
2022-10-13 13:56:00,760,760,760,760,0
2022-10-13 13:57:00,760,760,760,760,18700
2022-10-13 13:58:00,760,760,760,760,0
2022-10-13 13:59:00,760,760,760,760,0
2022-10-13 14:00:00,760,760,760,760,0
2022-10-13 14:01:00,760,760,760,760,0
2022-10-13 14:02:00,760,760,760,760,0
2022-10-13 14:03:00,760,760,760,760,0
2022-10-13 14:04:00,755,755,755,755,4500
2022-10-13 14:05:00,755,755,755,755,0
2022-10-13 14:06:00,755,755,755,755,0
2022-10-13 14:07:00,755,755,755,755,12300
2022-10-13 14:08:00,755,755,755,755,0
2022-10-13 14:09:00,755,740,755,740,13300
2022-10-13 14:10:00,745,745,745,745,0
2022-10-13 14:11:00,745,745,745,745,2800
2022-10-13 14:12:00,740,740,765,765,14300
2022-10-13 14:13:00,740,740,765,765,0
2022-10-13 14:14:00,740,740,765,765,0
2022-10-13 14:15:00,740,740,765,765,0
2022-10-13 14:16:00,740,740,765,765,0
2022-10-13 14:17:00,740,740,765,765,0
2022-10-13 14:18:00,740,740,765,765,0
2022-10-13 14:19:00,740,740,765,765,0
2022-10-13 14:20:00,740,740,765,765,0
2022-10-13 14:21:00,740,740,765,765,0
2022-10-13 14:22:00,740,740,765,765,0
2022-10-13 14:23:00,740,740,765,765,0
2022-10-13 14:24:00,740,740,765,765,0
2022-10-13 14:25:00,740,740,765,765,0
2022-10-13 14:26:00,740,740,765,765,0
2022-10-13 14:27:00,740,740,765,765,0
2022-10-13 14:28:00,740,740,765,765,0
2022-10-13 14:29:00,740,740,765,765,0
2022-10-13 14:30:00,765,765,765,765,1000
2022-10-13 14:31:00,765,765,765,765,0
2022-10-13 14:32:00,755,755,755,755,1500
2022-10-13 14:33:00,755,755,755,755,0
2022-10-13 14:34:00,755,755,755,755,0
2022-10-13 14:35:00,755,755,755,755,1100
2022-10-13 14:36:00,750,745,750,745,40600
2022-10-13 14:37:00,745,745,745,745,1200
2022-10-13 14:38:00,740,740,760,760,209700
2022-10-13 14:39:00,765,765,765,765,5000
2022-10-13 14:40:00,765,765,765,765,0
2022-10-13 14:41:00,760,760,765,765,10300
2022-10-13 14:42:00,765,765,765,765,300
2022-10-13 14:43:00,765,765,765,765,0
2022-10-13 14:44:00,765,765,765,765,0
2022-10-13 14:45:00,765,765,765,765,0
2022-10-13 14:46:00,765,765,765,765,0
2022-10-13 14:47:00,760,760,760,760,9000
2022-10-13 14:48:00,760,760,760,760,0
2022-10-13 14:49:00,760,760,760,760,0
2022-10-13 14:50:00,760,760,760,760,0
2022-10-13 14:51:00,760,760,760,760,0
2022-10-13 14:52:00,760,760,760,760,0
2022-10-13 14:53:00,760,760,760,760,0
2022-10-13 14:54:00,760,760,760,760,0
2022-10-13 14:55:00,760,760,760,760,0
2022-10-13 14:56:00,760,760,760,760,0
2022-10-13 14:57:00,760,760,760,760,0
2022-10-13 14:58:00,760,760,760,760,0
2022-10-13 14:59:00,760,760,760,760,0
2022-10-13 15:00:00,760,760,760,760,200
2022-10-13 15:01:00,760,760,760,760,100
2022-10-13 15:02:00,760,760,760,760,0
2022-10-13 15:03:00,760,760,760,760,0
2022-10-13 15:04:00,760,760,760,760,0
2022-10-13 15:05:00,760,760,760,760,0
2022-10-13 15:06:00,760,760,760,760,0
2022-10-13 15:07:00,760,760,760,760,0
2022-10-13 15:08:00,760,760,760,760,5000
2022-10-13 15:09:00,760,760,760,760,0
2022-10-13 15:10:00,760,760,760,760,0
2022-10-13 15:11:00,760,760,760,760,587200
2022-10-13 15:12:00,760,760,760,760,0
2022-10-13 15:13:00,760,760,760,760,0
2022-10-13 15:14:00,760,760,760,760,0
2022-10-13 15:15:00,760,760,760,760,0
2022-10-13 15:16:00,760,760,760,760,0
2022-10-13 15:17:00,760,760,760,760,0
2022-10-13 15:18:00,760,760,760,760,0
2022-10-13 15:19:00,760,760,760,760,0
2022-10-13 15:20:00,760,760,760,760,0
2022-10-13 15:21:00,760,760,760,760,0
2022-10-13 15:22:00,760,760,760,760,0
2022-10-13 15:23:00,760,760,760,760,0
2022-10-13 15:24:00,760,760,760,760,0
2022-10-13 15:25:00,760,760,760,760,0
2022-10-13 15:26:00,760,760,760,760,0
2022-10-13 15:27:00,760,760,760,760,0
2022-10-13 15:28:00,760,760,760,760,0
2022-10-13 15:29:00,760,760,760,760,0
2022-10-13 15:30:00,760,760,760,760,0
2022-10-13 15:31:00,760,760,760,760,0
2022-10-13 15:32:00,760,760,760,760,0
2022-10-13 15:33:00,760,760,760,760,0
2022-10-13 15:34:00,760,760,760,760,0
2022-10-13 15:35:00,760,760,760,760,0
2022-10-13 15:36:00,760,760,760,760,0
2022-10-13 15:37:00,760,760,760,760,0
2022-10-13 15:38:00,760,760,760,760,0
2022-10-13 15:39:00,760,760,760,760,0
2022-10-13 15:40:00,760,760,760,760,0
2022-10-13 15:41:00,760,760,760,760,0
2022-10-13 15:42:00,760,760,760,760,0
2022-10-13 15:43:00,760,760,760,760,0
2022-10-13 15:44:00,760,760,760,760,0
2022-10-13 15:45:00,760,760,760,760,0
2022-10-13 15:46:00,760,760,760,760,0
2022-10-13 15:47:00,760,760,760,760,0
2022-10-13 15:48:00,760,760,760,760,0
2022-10-13 15:49:00,760,760,760,760,0
2022-10-13 15:50:00,760,760,760,760,0
2022-10-13 15:51:00,760,760,760,760,0
2022-10-13 15:52:00,760,760,760,760,0
2022-10-13 15:53:00,760,760,760,760,0
2022-10-13 15:54:00,760,760,760,760,0
2022-10-13 15:55:00,760,760,760,760,0
2022-10-13 15:56:00,760,760,760,760,0
2022-10-13 15:57:00,760,760,760,760,0
2022-10-13 15:58:00,760,760,760,760,0
2022-10-13 15:59:00,760,760,760,760,0
2022-10-14 09:00:00,760,760,760,760,0
2022-10-14 09:01:00,760,760,760,760,0
2022-10-14 09:02:00,760,760,760,760,0
2022-10-14 09:03:00,760,760,760,760,0
2022-10-14 09:04:00,775,775,775,775,100
2022-10-14 09:05:00,775,775,780,775,1700
2022-10-14 09:06:00,775,775,775,775,1600
2022-10-14 09:07:00,775,775,775,775,4400
2022-10-14 09:08:00,775,775,775,775,0
2022-10-14 09:09:00,775,775,775,775,0
2022-10-14 09:10:00,770,770,770,770,11000
2022-10-14 09:11:00,770,770,770,770,0
2022-10-14 09:12:00,770,770,770,770,0
2022-10-14 09:13:00,770,770,770,770,1900
2022-10-14 09:14:00,770,770,770,770,0
2022-10-14 09:15:00,770,770,770,770,0
2022-10-14 09:16:00,770,770,770,770,0
2022-10-14 09:17:00,770,770,770,770,0
2022-10-14 09:18:00,770,770,770,770,0
2022-10-14 09:19:00,770,770,770,770,0
2022-10-14 09:20:00,770,770,770,770,0
2022-10-14 09:21:00,770,770,770,770,0
2022-10-14 09:22:00,770,770,770,770,0
2022-10-14 09:23:00,770,770,770,770,0
2022-10-14 09:24:00,770,770,770,770,0
2022-10-14 09:25:00,770,770,770,770,0
2022-10-14 09:26:00,770,770,770,770,0
2022-10-14 09:27:00,770,770,770,770,0
2022-10-14 09:28:00,770,770,770,770,0
2022-10-14 09:29:00,770,770,770,770,0
2022-10-14 09:30:00,770,770,770,770,0
2022-10-14 09:31:00,770,770,770,770,0
2022-10-14 09:32:00,770,770,770,770,0
2022-10-14 09:33:00,770,770,770,770,0
2022-10-14 09:34:00,770,770,770,770,0
2022-10-14 09:35:00,770,770,770,770,0
2022-10-14 09:36:00,770,770,770,770,0
2022-10-14 09:37:00,760,760,760,760,2500
2022-10-14 09:38:00,760,760,760,760,0
2022-10-14 09:39:00,760,760,760,760,0
2022-10-14 09:40:00,760,760,760,760,0
2022-10-14 09:41:00,760,760,760,760,0
2022-10-14 09:42:00,760,760,760,760,0
2022-10-14 09:43:00,760,760,760,760,19100
2022-10-14 09:44:00,760,760,760,760,0
2022-10-14 09:45:00,760,760,760,760,0
2022-10-14 09:46:00,760,760,760,760,0
2022-10-14 09:47:00,760,760,760,760,0
2022-10-14 09:48:00,760,760,760,760,0
2022-10-14 09:49:00,760,760,760,760,0
2022-10-14 09:50:00,760,760,760,760,0
2022-10-14 09:51:00,760,760,760,760,0
2022-10-14 09:52:00,760,760,760,760,100
2022-10-14 09:53:00,760,760,760,760,0
2022-10-14 09:54:00,760,760,760,760,0
2022-10-14 09:55:00,760,760,760,760,0
2022-10-14 09:56:00,760,760,760,760,0
2022-10-14 09:57:00,760,760,760,760,0
2022-10-14 09:58:00,755,755,755,755,1100
2022-10-14 09:59:00,755,755,755,755,1800
2022-10-14 10:00:00,755,755,755,755,0
2022-10-14 10:01:00,760,760,760,760,0
2022-10-14 10:02:00,760,760,770,770,1800
2022-10-14 10:03:00,760,760,770,770,0
2022-10-14 10:04:00,760,760,770,770,0
2022-10-14 10:05:00,760,760,770,770,0
2022-10-14 10:06:00,760,760,770,770,0
2022-10-14 10:07:00,760,760,770,770,0
2022-10-14 10:08:00,765,765,765,765,700
2022-10-14 10:09:00,765,765,765,765,0
2022-10-14 10:10:00,765,765,765,765,3900
2022-10-14 10:11:00,765,765,765,765,800
2022-10-14 10:12:00,765,765,765,765,1600
2022-10-14 10:13:00,765,765,765,765,0
2022-10-14 10:14:00,765,765,765,765,0
2022-10-14 10:15:00,765,765,765,765,0
2022-10-14 10:16:00,765,765,765,765,0
2022-10-14 10:17:00,765,765,765,765,0
2022-10-14 10:18:00,765,765,765,765,0
2022-10-14 10:19:00,765,765,765,765,0
2022-10-14 10:20:00,765,765,765,765,0
2022-10-14 10:21:00,765,765,765,765,0
2022-10-14 10:22:00,765,765,765,765,0
2022-10-14 10:23:00,765,765,765,765,0
2022-10-14 10:24:00,765,765,765,765,3600
2022-10-14 10:25:00,765,765,765,765,0
2022-10-14 10:26:00,765,765,765,765,0
2022-10-14 10:27:00,765,765,765,765,0
2022-10-14 10:28:00,765,765,765,765,0
2022-10-14 10:29:00,765,765,765,765,0
2022-10-14 10:30:00,765,765,765,765,0
2022-10-14 10:31:00,765,765,765,765,0
2022-10-14 10:32:00,765,765,765,765,0
2022-10-14 10:33:00,765,765,765,765,12400
2022-10-14 10:34:00,765,765,765,765,0
2022-10-14 10:35:00,765,765,765,765,0
2022-10-14 10:36:00,765,765,765,765,0
2022-10-14 10:37:00,765,765,765,765,0
2022-10-14 10:38:00,760,755,760,755,10100
2022-10-14 10:39:00,750,750,750,750,0
2022-10-14 10:40:00,750,750,750,750,1000
2022-10-14 10:41:00,750,750,750,750,0
2022-10-14 10:42:00,750,750,750,750,0
2022-10-14 10:43:00,750,750,750,750,0
2022-10-14 10:44:00,750,750,750,750,200
2022-10-14 10:45:00,750,750,750,750,0
2022-10-14 10:46:00,750,750,750,750,0
2022-10-14 10:47:00,750,750,750,750,0
2022-10-14 10:48:00,750,750,750,750,0
2022-10-14 10:49:00,750,750,750,750,0
2022-10-14 10:50:00,755,755,755,755,0
2022-10-14 10:51:00,755,755,755,755,0
2022-10-14 10:52:00,755,755,755,755,0
2022-10-14 10:53:00,755,755,755,755,0
2022-10-14 10:54:00,755,755,755,755,0
2022-10-14 10:55:00,750,750,750,750,56800
2022-10-14 10:56:00,750,750,750,750,0
2022-10-14 10:57:00,750,750,750,750,0
2022-10-14 10:58:00,750,750,750,750,0
2022-10-14 10:59:00,750,750,750,750,0
2022-10-14 11:00:00,750,750,750,750,0
2022-10-14 11:01:00,750,750,750,750,0
2022-10-14 11:02:00,745,745,745,745,20500
2022-10-14 11:03:00,740,740,755,755,126900
2022-10-14 11:04:00,760,760,760,760,0
2022-10-14 11:05:00,760,760,760,760,0
2022-10-14 11:06:00,760,760,760,760,0
2022-10-14 11:07:00,760,760,760,760,0
2022-10-14 11:08:00,760,760,760,760,0
2022-10-14 11:09:00,760,760,760,760,0
2022-10-14 11:10:00,760,760,760,760,0
2022-10-14 11:11:00,760,760,760,760,0
2022-10-14 11:12:00,745,745,745,745,200
2022-10-14 11:13:00,745,745,745,745,0
2022-10-14 11:14:00,745,745,745,745,0
2022-10-14 11:15:00,745,745,745,745,0
2022-10-14 11:16:00,745,745,745,745,0
2022-10-14 11:17:00,745,745,745,745,0
2022-10-14 11:18:00,745,745,745,745,0
2022-10-14 11:19:00,745,745,745,745,0
2022-10-14 11:20:00,745,745,745,745,0
2022-10-14 11:21:00,745,745,745,745,0
2022-10-14 11:22:00,745,745,745,745,0
2022-10-14 11:23:00,745,745,745,745,14900
2022-10-14 11:24:00,745,745,745,745,0
2022-10-14 11:25:00,745,745,745,745,1600
2022-10-14 11:26:00,745,745,745,745,600
2022-10-14 11:27:00,745,745,745,745,0
2022-10-14 11:28:00,745,745,745,745,0
2022-10-14 11:29:00,745,745,745,745,0
2022-10-14 11:30:00,745,745,745,745,0
2022-10-14 11:31:00,745,745,745,745,0
2022-10-14 11:32:00,745,745,745,745,0
2022-10-14 11:33:00,745,745,745,745,0
2022-10-14 11:34:00,745,745,745,745,0
2022-10-14 11:35:00,745,745,745,745,0
2022-10-14 11:36:00,745,745,745,745,0
2022-10-14 11:37:00,745,745,745,745,0
2022-10-14 11:38:00,745,745,745,745,0
2022-10-14 11:39:00,745,745,745,745,0
2022-10-14 11:40:00,745,745,745,745,0
2022-10-14 11:41:00,745,745,745,745,0
2022-10-14 11:42:00,745,745,745,745,0
2022-10-14 11:43:00,745,745,745,745,0
2022-10-14 11:44:00,745,745,745,745,0
2022-10-14 11:45:00,745,745,745,745,0
2022-10-14 11:46:00,745,745,745,745,0
2022-10-14 11:47:00,745,745,745,745,0
2022-10-14 11:48:00,745,745,745,745,0
2022-10-14 11:49:00,745,745,745,745,0
2022-10-14 11:50:00,745,745,745,745,0
2022-10-14 11:51:00,745,745,745,745,0
2022-10-14 11:52:00,745,745,745,745,0
2022-10-14 11:53:00,745,745,745,745,0
2022-10-14 11:54:00,745,745,745,745,0
2022-10-14 11:55:00,745,745,745,745,0
2022-10-14 11:56:00,745,745,745,745,0
2022-10-14 11:57:00,745,745,745,745,0
2022-10-14 11:58:00,745,745,745,745,0
2022-10-14 11:59:00,745,745,745,745,0
2022-10-14 12:00:00,745,745,745,745,0
2022-10-14 12:01:00,745,745,745,745,0
2022-10-14 12:02:00,745,745,745,745,0
2022-10-14 12:03:00,745,745,745,745,0
2022-10-14 12:04:00,745,745,745,745,0
2022-10-14 12:05:00,745,745,745,745,0
2022-10-14 12:06:00,745,745,745,745,0
2022-10-14 12:07:00,745,745,745,745,0
2022-10-14 12:08:00,745,745,745,745,0
2022-10-14 12:09:00,745,745,745,745,0
2022-10-14 12:10:00,745,745,745,745,0
2022-10-14 12:11:00,745,745,745,745,0
2022-10-14 12:12:00,745,745,745,745,0
2022-10-14 12:13:00,745,745,745,745,0
2022-10-14 12:14:00,745,745,745,745,0
2022-10-14 12:15:00,745,745,745,745,0
2022-10-14 12:16:00,745,745,745,745,0
2022-10-14 12:17:00,745,745,745,745,0
2022-10-14 12:18:00,745,745,745,745,0
2022-10-14 12:19:00,745,745,745,745,0
2022-10-14 12:20:00,745,745,745,745,0
2022-10-14 12:21:00,745,745,745,745,0
2022-10-14 12:22:00,745,745,745,745,0
2022-10-14 12:23:00,745,745,745,745,0
2022-10-14 12:24:00,745,745,745,745,0
2022-10-14 12:25:00,745,745,745,745,0
2022-10-14 12:26:00,745,745,745,745,0
2022-10-14 12:27:00,745,745,745,745,0
2022-10-14 12:28:00,745,745,745,745,0
2022-10-14 12:29:00,745,745,745,745,0
2022-10-14 12:30:00,745,745,745,745,0
2022-10-14 12:31:00,745,745,745,745,0
2022-10-14 12:32:00,745,745,745,745,0
2022-10-14 12:33:00,745,745,745,745,0
2022-10-14 12:34:00,745,745,745,745,0
2022-10-14 12:35:00,745,745,745,745,0
2022-10-14 12:36:00,745,745,745,745,0
2022-10-14 12:37:00,745,745,745,745,0
2022-10-14 12:38:00,745,745,745,745,0
2022-10-14 12:39:00,745,745,745,745,0
2022-10-14 12:40:00,745,745,745,745,0
2022-10-14 12:41:00,745,745,745,745,0
2022-10-14 12:42:00,745,745,745,745,0
2022-10-14 12:43:00,745,745,745,745,0
2022-10-14 12:44:00,745,745,745,745,0
2022-10-14 12:45:00,745,745,745,745,0
2022-10-14 12:46:00,745,745,745,745,0
2022-10-14 12:47:00,745,745,745,745,0
2022-10-14 12:48:00,745,745,745,745,0
2022-10-14 12:49:00,745,745,745,745,0
2022-10-14 12:50:00,745,745,745,745,0
2022-10-14 12:51:00,745,745,745,745,0
2022-10-14 12:52:00,745,745,745,745,0
2022-10-14 12:53:00,745,745,745,745,0
2022-10-14 12:54:00,745,745,745,745,0
2022-10-14 12:55:00,745,745,745,745,0
2022-10-14 12:56:00,745,745,745,745,0
2022-10-14 12:57:00,745,745,745,745,0
2022-10-14 12:58:00,745,745,745,745,0
2022-10-14 12:59:00,745,745,745,745,0
2022-10-14 13:00:00,745,745,745,745,0
2022-10-14 13:01:00,745,745,745,745,0
2022-10-14 13:02:00,745,745,745,745,0
2022-10-14 13:03:00,745,745,745,745,0
2022-10-14 13:04:00,745,745,745,745,0
2022-10-14 13:05:00,745,745,745,745,0
2022-10-14 13:06:00,745,745,745,745,0
2022-10-14 13:07:00,745,745,745,745,0
2022-10-14 13:08:00,745,745,745,745,0
2022-10-14 13:09:00,745,745,745,745,0
2022-10-14 13:10:00,745,745,745,745,0
2022-10-14 13:11:00,745,745,745,745,0
2022-10-14 13:12:00,745,745,745,745,0
2022-10-14 13:13:00,745,745,745,745,0
2022-10-14 13:14:00,745,745,745,745,0
2022-10-14 13:15:00,745,745,745,745,0
2022-10-14 13:16:00,745,745,745,745,0
2022-10-14 13:17:00,745,745,745,745,0
2022-10-14 13:18:00,745,745,745,745,0
2022-10-14 13:19:00,745,745,745,745,0
2022-10-14 13:20:00,745,745,745,745,0
2022-10-14 13:21:00,745,745,745,745,0
2022-10-14 13:22:00,745,745,745,745,0
2022-10-14 13:23:00,745,745,745,745,0
2022-10-14 13:24:00,745,745,745,745,0
2022-10-14 13:25:00,745,745,745,745,0
2022-10-14 13:26:00,745,745,745,745,0
2022-10-14 13:27:00,745,745,745,745,0
2022-10-14 13:28:00,745,745,745,745,0
2022-10-14 13:29:00,745,745,745,745,0
2022-10-14 13:30:00,745,745,745,745,4100
2022-10-14 13:31:00,745,745,745,745,0
2022-10-14 13:32:00,745,745,745,745,0
2022-10-14 13:33:00,745,745,745,745,300
2022-10-14 13:34:00,745,745,745,745,0
2022-10-14 13:35:00,745,745,745,745,0
2022-10-14 13:36:00,760,760,760,760,0
2022-10-14 13:37:00,760,760,760,760,0
2022-10-14 13:38:00,760,760,760,760,300
2022-10-14 13:39:00,760,760,760,760,0
2022-10-14 13:40:00,760,760,760,760,1000
2022-10-14 13:41:00,760,760,760,760,0
2022-10-14 13:42:00,760,760,760,760,0
2022-10-14 13:43:00,760,760,760,760,0
2022-10-14 13:44:00,760,760,760,760,0
2022-10-14 13:45:00,760,760,760,760,0
2022-10-14 13:46:00,760,760,760,760,0
2022-10-14 13:47:00,760,760,760,760,0
2022-10-14 13:48:00,760,760,760,760,0
2022-10-14 13:49:00,760,760,760,760,0
2022-10-14 13:50:00,760,760,760,760,0
2022-10-14 13:51:00,760,760,760,760,0
2022-10-14 13:52:00,760,760,760,760,0
2022-10-14 13:53:00,760,760,760,760,0
2022-10-14 13:54:00,760,760,760,760,0
2022-10-14 13:55:00,760,760,760,760,0
2022-10-14 13:56:00,760,760,760,760,0
2022-10-14 13:57:00,755,755,755,755,500
2022-10-14 13:58:00,755,755,755,755,0
2022-10-14 13:59:00,755,755,755,755,400
2022-10-14 14:00:00,755,755,755,755,0
2022-10-14 14:01:00,755,755,755,755,0
2022-10-14 14:02:00,745,745,745,745,0
2022-10-14 14:03:00,745,745,745,745,0
2022-10-14 14:04:00,745,745,745,745,0
2022-10-14 14:05:00,745,745,745,745,0
2022-10-14 14:06:00,745,745,745,745,0
2022-10-14 14:07:00,745,745,745,745,0
2022-10-14 14:08:00,745,745,745,745,0
2022-10-14 14:09:00,745,745,745,745,0
2022-10-14 14:10:00,745,745,745,745,0
2022-10-14 14:11:00,750,750,750,750,200
2022-10-14 14:12:00,745,740,745,740,12200
2022-10-14 14:13:00,745,740,745,740,0
2022-10-14 14:14:00,745,745,760,760,7200
2022-10-14 14:15:00,745,745,760,760,0
2022-10-14 14:16:00,745,745,760,760,0
2022-10-14 14:17:00,745,745,760,760,0
2022-10-14 14:18:00,745,745,760,760,0
2022-10-14 14:19:00,745,745,760,760,0
2022-10-14 14:20:00,745,745,760,760,0
2022-10-14 14:21:00,745,745,760,760,0
2022-10-14 14:22:00,745,745,760,760,0
2022-10-14 14:23:00,745,745,760,760,0
2022-10-14 14:24:00,745,745,760,760,0
2022-10-14 14:25:00,745,745,760,760,0
2022-10-14 14:26:00,745,745,760,760,0
2022-10-14 14:27:00,745,745,760,760,0
2022-10-14 14:28:00,745,745,760,760,0
2022-10-14 14:29:00,745,745,760,760,0
2022-10-14 14:30:00,745,745,760,760,0
2022-10-14 14:31:00,745,745,760,760,0
2022-10-14 14:32:00,745,745,760,760,0
2022-10-14 14:33:00,745,745,760,760,0
2022-10-14 14:34:00,745,745,760,760,0
2022-10-14 14:35:00,745,745,760,760,0
2022-10-14 14:36:00,745,745,760,760,0
2022-10-14 14:37:00,745,745,760,760,0
2022-10-14 14:38:00,745,745,760,760,0
2022-10-14 14:39:00,745,745,760,760,0
2022-10-14 14:40:00,745,745,760,760,0
2022-10-14 14:41:00,745,745,760,760,0
2022-10-14 14:42:00,745,745,760,760,0
2022-10-14 14:43:00,745,745,760,760,0
2022-10-14 14:44:00,745,745,760,760,0
2022-10-14 14:45:00,745,745,760,760,0
2022-10-14 14:46:00,745,745,760,760,0
2022-10-14 14:47:00,745,745,760,760,0
2022-10-14 14:48:00,745,745,760,760,0
2022-10-14 14:49:00,745,745,760,760,0
2022-10-14 14:50:00,745,745,760,760,0
2022-10-14 14:51:00,745,745,760,760,0
2022-10-14 14:52:00,745,745,760,760,0
2022-10-14 14:53:00,745,745,760,760,0
2022-10-14 14:54:00,745,745,760,760,0
2022-10-14 14:55:00,745,745,760,760,0
2022-10-14 14:56:00,745,745,760,760,0
2022-10-14 14:57:00,745,745,760,760,0
2022-10-14 14:58:00,745,745,760,760,0
2022-10-14 14:59:00,745,745,760,760,0
2022-10-14 15:00:00,740,740,740,740,4900
2022-10-14 15:01:00,740,740,740,740,14500
2022-10-14 15:02:00,740,740,740,740,800
2022-10-14 15:03:00,740,740,740,740,0
2022-10-14 15:04:00,740,740,740,740,0
2022-10-14 15:05:00,740,740,740,740,14300
2022-10-14 15:06:00,740,740,740,740,0
2022-10-14 15:07:00,740,740,740,740,0
2022-10-14 15:08:00,740,740,740,740,0
2022-10-14 15:09:00,740,740,740,740,0
2022-10-14 15:10:00,740,740,740,740,0
2022-10-14 15:11:00,740,740,740,740,0
2022-10-14 15:12:00,740,740,740,740,0
2022-10-14 15:13:00,740,740,740,740,0
2022-10-14 15:14:00,740,740,740,740,10000
2022-10-14 15:15:00,740,740,740,740,0
2022-10-14 15:16:00,740,740,740,740,0
2022-10-14 15:17:00,740,740,740,740,0
2022-10-14 15:18:00,740,740,740,740,0
2022-10-14 15:19:00,740,740,740,740,0
2022-10-14 15:20:00,740,740,740,740,0
2022-10-14 15:21:00,740,740,740,740,0
2022-10-14 15:22:00,740,740,740,740,0
2022-10-14 15:23:00,740,740,740,740,0
2022-10-14 15:24:00,740,740,740,740,0
2022-10-14 15:25:00,740,740,740,740,0
2022-10-14 15:26:00,740,740,740,740,0
2022-10-14 15:27:00,740,740,740,740,0
2022-10-14 15:28:00,740,740,740,740,0
2022-10-14 15:29:00,740,740,740,740,0
2022-10-14 15:30:00,740,740,740,740,0
2022-10-14 15:31:00,740,740,740,740,0
2022-10-14 15:32:00,740,740,740,740,0
2022-10-14 15:33:00,740,740,740,740,0
2022-10-14 15:34:00,740,740,740,740,0
2022-10-14 15:35:00,740,740,740,740,0
2022-10-14 15:36:00,740,740,740,740,0
2022-10-14 15:37:00,740,740,740,740,0
2022-10-14 15:38:00,740,740,740,740,0
2022-10-14 15:39:00,740,740,740,740,0
2022-10-14 15:40:00,740,740,740,740,0
2022-10-14 15:41:00,740,740,740,740,0
2022-10-14 15:42:00,740,740,740,740,0
2022-10-14 15:43:00,740,740,740,740,0
2022-10-14 15:44:00,740,740,740,740,0
2022-10-14 15:45:00,740,740,740,740,0
2022-10-14 15:46:00,740,740,740,740,0
2022-10-14 15:47:00,740,740,740,740,0
2022-10-14 15:48:00,740,740,740,740,0
2022-10-14 15:49:00,740,740,740,740,0
2022-10-14 15:50:00,740,740,740,740,0
2022-10-14 15:51:00,740,740,740,740,0
2022-10-14 15:52:00,740,740,740,740,0
2022-10-14 15:53:00,740,740,740,740,0
2022-10-14 15:54:00,740,740,740,740,0
2022-10-14 15:55:00,740,740,740,740,0
2022-10-14 15:56:00,740,740,740,740,0
2022-10-14 15:57:00,740,740,740,740,0
2022-10-14 15:58:00,740,740,740,740,0
2022-10-14 15:59:00,740,740,740,740,0
2022-10-17 09:00:00,740,740,740,740,0
2022-10-17 09:01:00,740,740,740,740,0
2022-10-17 09:02:00,740,740,740,740,0
2022-10-17 09:03:00,740,740,740,740,0
2022-10-17 09:04:00,740,740,740,740,1100
2022-10-17 09:05:00,735,735,735,735,3700
2022-10-17 09:06:00,735,735,735,735,4600
2022-10-17 09:07:00,735,735,735,735,0
2022-10-17 09:08:00,735,735,735,735,3900
2022-10-17 09:09:00,740,740,740,740,9000
2022-10-17 09:10:00,740,740,740,740,0
2022-10-17 09:11:00,740,740,740,740,1400
2022-10-17 09:12:00,735,735,735,735,600
2022-10-17 09:13:00,735,730,735,730,140300
2022-10-17 09:14:00,730,730,730,730,0
2022-10-17 09:15:00,730,730,730,730,0
2022-10-17 09:16:00,725,725,725,725,2200
2022-10-17 09:17:00,730,730,730,730,91600
2022-10-17 09:18:00,730,730,730,730,5900
2022-10-17 09:19:00,740,740,745,745,6400
2022-10-17 09:20:00,740,740,745,745,0
2022-10-17 09:21:00,740,740,745,745,0
2022-10-17 09:22:00,740,740,745,745,0
2022-10-17 09:23:00,740,740,745,745,0
2022-10-17 09:24:00,740,740,745,745,0
2022-10-17 09:25:00,740,740,745,745,0
2022-10-17 09:26:00,740,740,745,745,0
2022-10-17 09:27:00,740,740,745,745,0
2022-10-17 09:28:00,750,750,750,750,200
2022-10-17 09:29:00,750,750,750,750,0
2022-10-17 09:30:00,750,750,750,750,0
2022-10-17 09:31:00,750,750,750,750,0
2022-10-17 09:32:00,745,745,745,745,1900
2022-10-17 09:33:00,745,745,745,745,0
2022-10-17 09:34:00,745,745,745,745,1000
2022-10-17 09:35:00,750,750,750,750,0
2022-10-17 09:36:00,750,750,750,750,0
2022-10-17 09:37:00,750,750,750,750,900
2022-10-17 09:38:00,750,750,750,750,0
2022-10-17 09:39:00,750,750,750,750,0
2022-10-17 09:40:00,750,750,750,750,0
2022-10-17 09:41:00,750,750,750,750,0
2022-10-17 09:42:00,750,750,750,750,0
2022-10-17 09:43:00,750,750,750,750,0
2022-10-17 09:44:00,750,750,750,750,0
2022-10-17 09:45:00,750,750,750,750,0
2022-10-17 09:46:00,750,750,750,750,0
2022-10-17 09:47:00,750,750,750,750,0
2022-10-17 09:48:00,750,750,750,750,0
2022-10-17 09:49:00,750,750,750,750,0
2022-10-17 09:50:00,750,750,750,750,0
2022-10-17 09:51:00,750,750,750,750,0
2022-10-17 09:52:00,750,750,750,750,0
2022-10-17 09:53:00,750,750,750,750,0
2022-10-17 09:54:00,750,750,750,750,0
2022-10-17 09:55:00,750,750,750,750,0
2022-10-17 09:56:00,750,750,750,750,0
2022-10-17 09:57:00,750,750,750,750,0
2022-10-17 09:58:00,750,750,750,750,0
2022-10-17 09:59:00,750,750,750,750,0
2022-10-17 10:00:00,750,750,750,750,300
2022-10-17 10:01:00,750,750,750,750,100
2022-10-17 10:02:00,750,750,750,750,0
2022-10-17 10:03:00,750,750,750,750,0
2022-10-17 10:04:00,750,750,750,750,0
2022-10-17 10:05:00,750,750,750,750,0
2022-10-17 10:06:00,750,750,750,750,0
2022-10-17 10:07:00,750,750,750,750,0
2022-10-17 10:08:00,750,750,750,750,0
2022-10-17 10:09:00,750,750,750,750,300
2022-10-17 10:10:00,750,750,750,750,0
2022-10-17 10:11:00,750,750,750,750,0
2022-10-17 10:12:00,750,750,750,750,200
2022-10-17 10:13:00,750,750,750,750,0
2022-10-17 10:14:00,745,745,745,745,1800
2022-10-17 10:15:00,745,745,745,745,0
2022-10-17 10:16:00,745,745,745,745,500
2022-10-17 10:17:00,745,745,745,745,0
2022-10-17 10:18:00,745,745,745,745,0
2022-10-17 10:19:00,745,745,745,745,0
2022-10-17 10:20:00,745,745,745,745,0
2022-10-17 10:21:00,745,745,745,745,0
2022-10-17 10:22:00,745,745,745,745,0
2022-10-17 10:23:00,745,745,745,745,0
2022-10-17 10:24:00,745,745,745,745,0
2022-10-17 10:25:00,745,745,745,745,0
2022-10-17 10:26:00,745,745,745,745,0
2022-10-17 10:27:00,745,745,745,745,0
2022-10-17 10:28:00,745,745,745,745,0
2022-10-17 10:29:00,745,745,745,745,0
2022-10-17 10:30:00,745,745,745,745,0
2022-10-17 10:31:00,745,745,745,745,0
2022-10-17 10:32:00,745,745,745,745,300
2022-10-17 10:33:00,745,745,745,745,0
2022-10-17 10:34:00,745,745,745,745,0
2022-10-17 10:35:00,745,745,745,745,700
2022-10-17 10:36:00,745,745,745,745,0
2022-10-17 10:37:00,745,745,745,745,0
2022-10-17 10:38:00,745,745,745,745,0
2022-10-17 10:39:00,745,745,745,745,0
2022-10-17 10:40:00,745,745,745,745,1700
2022-10-17 10:41:00,745,745,745,745,0
2022-10-17 10:42:00,745,745,745,745,0
2022-10-17 10:43:00,745,745,745,745,0
2022-10-17 10:44:00,745,745,745,745,0
2022-10-17 10:45:00,745,745,745,745,0
2022-10-17 10:46:00,745,745,745,745,0
2022-10-17 10:47:00,745,745,745,745,0
2022-10-17 10:48:00,745,745,745,745,0
2022-10-17 10:49:00,745,745,745,745,0
2022-10-17 10:50:00,745,745,745,745,0
2022-10-17 10:51:00,745,745,745,745,0
2022-10-17 10:52:00,745,745,745,745,0
2022-10-17 10:53:00,745,745,745,745,0
2022-10-17 10:54:00,745,745,745,745,0
2022-10-17 10:55:00,745,745,745,745,0
2022-10-17 10:56:00,745,745,745,745,0
2022-10-17 10:57:00,745,745,745,745,0
2022-10-17 10:58:00,745,745,745,745,0
2022-10-17 10:59:00,745,745,745,745,0
2022-10-17 11:00:00,745,745,745,745,0
2022-10-17 11:01:00,745,745,745,745,0
2022-10-17 11:02:00,745,745,745,745,4700
2022-10-17 11:03:00,745,745,745,745,0
2022-10-17 11:04:00,745,745,745,745,0
2022-10-17 11:05:00,745,745,745,745,0
2022-10-17 11:06:00,745,745,745,745,0
2022-10-17 11:07:00,745,745,745,745,0
2022-10-17 11:08:00,745,745,745,745,0
2022-10-17 11:09:00,745,745,745,745,0
2022-10-17 11:10:00,745,745,745,745,0
2022-10-17 11:11:00,745,745,745,745,0
2022-10-17 11:12:00,745,745,745,745,0
2022-10-17 11:13:00,745,745,745,745,0
2022-10-17 11:14:00,745,745,745,745,0
2022-10-17 11:15:00,745,745,745,745,0
2022-10-17 11:16:00,745,745,745,745,0
2022-10-17 11:17:00,745,745,745,745,0
2022-10-17 11:18:00,745,745,745,745,0
2022-10-17 11:19:00,745,745,745,745,0
2022-10-17 11:20:00,745,745,745,745,0
2022-10-17 11:21:00,745,745,745,745,0
2022-10-17 11:22:00,745,745,745,745,0
2022-10-17 11:23:00,745,745,745,745,0
2022-10-17 11:24:00,745,745,745,745,2000
2022-10-17 11:25:00,745,745,745,745,0
2022-10-17 11:26:00,745,745,745,745,0
2022-10-17 11:27:00,745,745,745,745,0
2022-10-17 11:28:00,745,745,745,745,0
2022-10-17 11:29:00,745,745,745,745,0
2022-10-17 11:30:00,745,745,745,745,0
2022-10-17 11:31:00,745,745,745,745,0
2022-10-17 11:32:00,745,745,745,745,0
2022-10-17 11:33:00,745,745,745,745,0
2022-10-17 11:34:00,745,745,745,745,0
2022-10-17 11:35:00,745,745,745,745,0
2022-10-17 11:36:00,745,745,745,745,0
2022-10-17 11:37:00,745,745,745,745,0
2022-10-17 11:38:00,745,745,745,745,0
2022-10-17 11:39:00,745,745,745,745,0
2022-10-17 11:40:00,745,745,745,745,0
2022-10-17 11:41:00,745,745,745,745,0
2022-10-17 11:42:00,745,745,745,745,0
2022-10-17 11:43:00,745,745,745,745,0
2022-10-17 11:44:00,745,745,745,745,0
2022-10-17 11:45:00,745,745,745,745,0
2022-10-17 11:46:00,745,745,745,745,0
2022-10-17 11:47:00,745,745,745,745,0
2022-10-17 11:48:00,745,745,745,745,0
2022-10-17 11:49:00,745,745,745,745,0
2022-10-17 11:50:00,745,745,745,745,0
2022-10-17 11:51:00,745,745,745,745,0
2022-10-17 11:52:00,745,745,745,745,0
2022-10-17 11:53:00,745,745,745,745,0
2022-10-17 11:54:00,745,745,745,745,0
2022-10-17 11:55:00,745,745,745,745,0
2022-10-17 11:56:00,745,745,745,745,0
2022-10-17 11:57:00,745,745,745,745,0
2022-10-17 11:58:00,745,745,745,745,0
2022-10-17 11:59:00,745,745,745,745,0
2022-10-17 12:00:00,745,745,745,745,0
2022-10-17 12:01:00,745,745,745,745,0
2022-10-17 12:02:00,745,745,745,745,0
2022-10-17 12:03:00,745,745,745,745,0
2022-10-17 12:04:00,745,745,745,745,0
2022-10-17 12:05:00,745,745,745,745,0
2022-10-17 12:06:00,745,745,745,745,0
2022-10-17 12:07:00,745,745,745,745,0
2022-10-17 12:08:00,745,745,745,745,0
2022-10-17 12:09:00,745,745,745,745,0
2022-10-17 12:10:00,745,745,745,745,0
2022-10-17 12:11:00,745,745,745,745,0
2022-10-17 12:12:00,745,745,745,745,0
2022-10-17 12:13:00,745,745,745,745,0
2022-10-17 12:14:00,745,745,745,745,0
2022-10-17 12:15:00,745,745,745,745,0
2022-10-17 12:16:00,745,745,745,745,0
2022-10-17 12:17:00,745,745,745,745,0
2022-10-17 12:18:00,745,745,745,745,0
2022-10-17 12:19:00,745,745,745,745,0
2022-10-17 12:20:00,745,745,745,745,0
2022-10-17 12:21:00,745,745,745,745,0
2022-10-17 12:22:00,745,745,745,745,0
2022-10-17 12:23:00,745,745,745,745,0
2022-10-17 12:24:00,745,745,745,745,0
2022-10-17 12:25:00,745,745,745,745,0
2022-10-17 12:26:00,745,745,745,745,0
2022-10-17 12:27:00,745,745,745,745,0
2022-10-17 12:28:00,745,745,745,745,0
2022-10-17 12:29:00,745,745,745,745,0
2022-10-17 12:30:00,745,745,745,745,0
2022-10-17 12:31:00,745,745,745,745,0
2022-10-17 12:32:00,745,745,745,745,0
2022-10-17 12:33:00,745,745,745,745,0
2022-10-17 12:34:00,745,745,745,745,0
2022-10-17 12:35:00,745,745,745,745,0
2022-10-17 12:36:00,745,745,745,745,0
2022-10-17 12:37:00,745,745,745,745,0
2022-10-17 12:38:00,745,745,745,745,0
2022-10-17 12:39:00,745,745,745,745,0
2022-10-17 12:40:00,745,745,745,745,0
2022-10-17 12:41:00,745,745,745,745,0
2022-10-17 12:42:00,745,745,745,745,0
2022-10-17 12:43:00,745,745,745,745,0
2022-10-17 12:44:00,745,745,745,745,0
2022-10-17 12:45:00,745,745,745,745,0
2022-10-17 12:46:00,745,745,745,745,0
2022-10-17 12:47:00,745,745,745,745,0
2022-10-17 12:48:00,745,745,745,745,0
2022-10-17 12:49:00,745,745,745,745,0
2022-10-17 12:50:00,745,745,745,745,0
2022-10-17 12:51:00,745,745,745,745,0
2022-10-17 12:52:00,745,745,745,745,0
2022-10-17 12:53:00,745,745,745,745,0
2022-10-17 12:54:00,745,745,745,745,0
2022-10-17 12:55:00,745,745,745,745,0
2022-10-17 12:56:00,745,745,745,745,0
2022-10-17 12:57:00,745,745,745,745,0
2022-10-17 12:58:00,745,745,745,745,0
2022-10-17 12:59:00,745,745,745,745,0
2022-10-17 13:00:00,745,745,745,745,0
2022-10-17 13:01:00,745,745,745,745,0
2022-10-17 13:02:00,745,745,745,745,0
2022-10-17 13:03:00,745,745,745,745,0
2022-10-17 13:04:00,745,745,745,745,0
2022-10-17 13:05:00,745,745,745,745,0
2022-10-17 13:06:00,745,745,745,745,0
2022-10-17 13:07:00,745,745,745,745,0
2022-10-17 13:08:00,745,745,745,745,0
2022-10-17 13:09:00,745,745,745,745,0
2022-10-17 13:10:00,745,745,745,745,0
2022-10-17 13:11:00,745,745,745,745,0
2022-10-17 13:12:00,745,745,745,745,0
2022-10-17 13:13:00,745,745,745,745,0
2022-10-17 13:14:00,745,745,745,745,0
2022-10-17 13:15:00,745,745,745,745,0
2022-10-17 13:16:00,745,745,745,745,0
2022-10-17 13:17:00,745,745,745,745,0
2022-10-17 13:18:00,745,745,745,745,0
2022-10-17 13:19:00,745,745,745,745,0
2022-10-17 13:20:00,745,745,745,745,0
2022-10-17 13:21:00,745,745,745,745,0
2022-10-17 13:22:00,745,745,745,745,0
2022-10-17 13:23:00,745,745,745,745,0
2022-10-17 13:24:00,745,745,745,745,0
2022-10-17 13:25:00,745,745,745,745,0
2022-10-17 13:26:00,745,745,745,745,0
2022-10-17 13:27:00,745,745,745,745,0
2022-10-17 13:28:00,745,745,745,745,0
2022-10-17 13:29:00,745,745,745,745,0
2022-10-17 13:30:00,745,740,745,740,16700
2022-10-17 13:31:00,745,740,745,740,0
2022-10-17 13:32:00,740,740,740,740,3200
2022-10-17 13:33:00,740,740,740,740,0
2022-10-17 13:34:00,740,740,740,740,0
2022-10-17 13:35:00,740,740,740,740,0
2022-10-17 13:36:00,740,740,740,740,0
2022-10-17 13:37:00,740,740,740,740,0
2022-10-17 13:38:00,740,740,740,740,0
2022-10-17 13:39:00,740,740,740,740,0
2022-10-17 13:40:00,740,740,740,740,0
2022-10-17 13:41:00,740,740,740,740,0
2022-10-17 13:42:00,740,740,740,740,0
2022-10-17 13:43:00,740,740,740,740,0
2022-10-17 13:44:00,740,740,740,740,0
2022-10-17 13:45:00,740,740,740,740,0
2022-10-17 13:46:00,740,740,740,740,0
2022-10-17 13:47:00,745,745,745,745,27000
2022-10-17 13:48:00,745,745,745,745,0
2022-10-17 13:49:00,745,745,745,745,0
2022-10-17 13:50:00,750,750,750,750,0
2022-10-17 13:51:00,750,750,750,750,0
2022-10-17 13:52:00,750,750,750,750,0
2022-10-17 13:53:00,750,750,750,750,0
2022-10-17 13:54:00,750,750,750,750,0
2022-10-17 13:55:00,750,750,750,750,0
2022-10-17 13:56:00,750,750,750,750,0
2022-10-17 13:57:00,750,750,750,750,0
2022-10-17 13:58:00,750,750,750,750,0
2022-10-17 13:59:00,745,745,745,745,600
2022-10-17 14:00:00,745,745,745,745,0
2022-10-17 14:01:00,745,745,745,745,0
2022-10-17 14:02:00,745,745,745,745,0
2022-10-17 14:03:00,745,745,745,745,300
2022-10-17 14:04:00,745,745,745,745,0
2022-10-17 14:05:00,750,750,750,750,2500
2022-10-17 14:06:00,745,745,745,745,200
2022-10-17 14:07:00,750,750,750,750,1300
2022-10-17 14:08:00,750,750,750,750,0
2022-10-17 14:09:00,750,750,750,750,0
2022-10-17 14:10:00,750,750,750,750,0
2022-10-17 14:11:00,750,750,750,750,0
2022-10-17 14:12:00,750,750,750,750,0
2022-10-17 14:13:00,750,750,750,750,0
2022-10-17 14:14:00,750,750,750,750,0
2022-10-17 14:15:00,750,745,750,745,17300
2022-10-17 14:16:00,750,745,750,745,0
2022-10-17 14:17:00,750,745,750,745,0
2022-10-17 14:18:00,750,745,750,745,0
2022-10-17 14:19:00,750,745,750,745,0
2022-10-17 14:20:00,750,745,750,745,0
2022-10-17 14:21:00,750,745,750,745,0
2022-10-17 14:22:00,750,750,750,750,3100
2022-10-17 14:23:00,750,750,750,750,0
2022-10-17 14:24:00,750,750,750,750,0
2022-10-17 14:25:00,750,750,750,750,0
2022-10-17 14:26:00,750,750,750,750,0
2022-10-17 14:27:00,750,750,750,750,0
2022-10-17 14:28:00,750,750,750,750,0
2022-10-17 14:29:00,750,750,750,750,0
2022-10-17 14:30:00,750,750,750,750,0
2022-10-17 14:31:00,750,750,750,750,0
2022-10-17 14:32:00,750,750,750,750,0
2022-10-17 14:33:00,745,745,750,750,4300
2022-10-17 14:34:00,745,745,750,750,0
2022-10-17 14:35:00,745,745,750,750,0
2022-10-17 14:36:00,745,745,750,750,0
2022-10-17 14:37:00,750,750,750,750,16800
2022-10-17 14:38:00,750,750,750,750,6000
2022-10-17 14:39:00,750,750,750,750,0
2022-10-17 14:40:00,755,755,755,755,0
2022-10-17 14:41:00,755,755,755,755,100
2022-10-17 14:42:00,755,755,755,755,0
2022-10-17 14:43:00,755,755,755,755,0
2022-10-17 14:44:00,755,755,755,755,900
2022-10-17 14:45:00,755,755,755,755,0
2022-10-17 14:46:00,755,755,755,755,0
2022-10-17 14:47:00,755,755,755,755,0
2022-10-17 14:48:00,755,755,755,755,0
2022-10-17 14:49:00,755,755,755,755,0
2022-10-17 14:50:00,755,755,755,755,0
2022-10-17 14:51:00,755,755,755,755,0
2022-10-17 14:52:00,755,755,755,755,0
2022-10-17 14:53:00,755,755,755,755,0
2022-10-17 14:54:00,755,755,755,755,0
2022-10-17 14:55:00,755,755,755,755,0
2022-10-17 14:56:00,755,755,755,755,0
2022-10-17 14:57:00,755,755,755,755,0
2022-10-17 14:58:00,755,755,755,755,0
2022-10-17 14:59:00,755,755,755,755,0
2022-10-17 15:00:00,755,755,755,755,0
2022-10-17 15:01:00,755,755,755,755,200
2022-10-17 15:02:00,755,755,755,755,100
2022-10-17 15:03:00,755,755,755,755,0
2022-10-17 15:04:00,755,755,755,755,0
2022-10-17 15:05:00,755,755,755,755,0
2022-10-17 15:06:00,755,755,755,755,0
2022-10-17 15:07:00,755,755,755,755,0
2022-10-17 15:08:00,755,755,755,755,0
2022-10-17 15:09:00,755,755,755,755,0
2022-10-17 15:10:00,755,755,755,755,0
2022-10-17 15:11:00,755,755,755,755,0
2022-10-17 15:12:00,755,755,755,755,0
2022-10-17 15:13:00,755,755,755,755,0
2022-10-17 15:14:00,755,755,755,755,0
2022-10-17 15:15:00,755,755,755,755,0
2022-10-17 15:16:00,755,755,755,755,0
2022-10-17 15:17:00,755,755,755,755,0
2022-10-17 15:18:00,755,755,755,755,0
2022-10-17 15:19:00,755,755,755,755,0
2022-10-17 15:20:00,755,755,755,755,0
2022-10-17 15:21:00,755,755,755,755,0
2022-10-17 15:22:00,755,755,755,755,0
2022-10-17 15:23:00,755,755,755,755,0
2022-10-17 15:24:00,755,755,755,755,0
2022-10-17 15:25:00,755,755,755,755,0
2022-10-17 15:26:00,755,755,755,755,0
2022-10-17 15:27:00,755,755,755,755,0
2022-10-17 15:28:00,755,755,755,755,0
2022-10-17 15:29:00,755,755,755,755,0
2022-10-17 15:30:00,755,755,755,755,0
2022-10-17 15:31:00,755,755,755,755,0
2022-10-17 15:32:00,755,755,755,755,0
2022-10-17 15:33:00,755,755,755,755,0
2022-10-17 15:34:00,755,755,755,755,0
2022-10-17 15:35:00,755,755,755,755,0
2022-10-17 15:36:00,755,755,755,755,0
2022-10-17 15:37:00,755,755,755,755,0
2022-10-17 15:38:00,755,755,755,755,0
2022-10-17 15:39:00,755,755,755,755,0
2022-10-17 15:40:00,755,755,755,755,0
2022-10-17 15:41:00,755,755,755,755,0
2022-10-17 15:42:00,755,755,755,755,0
2022-10-17 15:43:00,755,755,755,755,0
2022-10-17 15:44:00,755,755,755,755,0
2022-10-17 15:45:00,755,755,755,755,0
2022-10-17 15:46:00,755,755,755,755,0
2022-10-17 15:47:00,755,755,755,755,0
2022-10-17 15:48:00,755,755,755,755,0
2022-10-17 15:49:00,755,755,755,755,0
2022-10-17 15:50:00,755,755,755,755,0
2022-10-17 15:51:00,755,755,755,755,0
2022-10-17 15:52:00,755,755,755,755,0
2022-10-17 15:53:00,755,755,755,755,0
2022-10-17 15:54:00,755,755,755,755,0
2022-10-17 15:55:00,755,755,755,755,0
2022-10-17 15:56:00,755,755,755,755,0
2022-10-17 15:57:00,755,755,755,755,0
2022-10-17 15:58:00,755,755,755,755,0
2022-10-17 15:59:00,755,755,755,755,0
2022-10-18 09:00:00,755,755,755,755,0
2022-10-18 09:01:00,755,755,755,755,0
2022-10-18 09:02:00,755,755,755,755,0
2022-10-18 09:03:00,755,755,755,755,0
2022-10-18 09:04:00,755,755,755,755,0
2022-10-18 09:05:00,755,755,755,755,0
2022-10-18 09:06:00,755,755,755,755,0
2022-10-18 09:07:00,755,755,755,755,900
2022-10-18 09:08:00,755,755,755,755,2500
2022-10-18 09:09:00,755,755,755,755,0
2022-10-18 09:10:00,750,750,750,750,300
2022-10-18 09:11:00,750,750,750,750,0
2022-10-18 09:12:00,755,755,760,760,1100
2022-10-18 09:13:00,755,755,760,760,0
2022-10-18 09:14:00,755,755,760,760,0
2022-10-18 09:15:00,755,755,760,760,0
2022-10-18 09:16:00,755,755,760,760,0
2022-10-18 09:17:00,755,755,760,760,2000
2022-10-18 09:18:00,755,755,755,755,4800
2022-10-18 09:19:00,760,760,775,775,1100
2022-10-18 09:20:00,765,765,765,765,700
2022-10-18 09:21:00,765,765,765,765,0
2022-10-18 09:22:00,760,760,760,760,1700
2022-10-18 09:23:00,755,755,755,755,200
2022-10-18 09:24:00,750,750,750,750,7600
2022-10-18 09:25:00,750,750,750,750,0
2022-10-18 09:26:00,750,750,750,750,0
2022-10-18 09:27:00,750,750,750,750,0
2022-10-18 09:28:00,750,750,750,750,0
2022-10-18 09:29:00,750,750,750,750,0
2022-10-18 09:30:00,750,750,750,750,0
2022-10-18 09:31:00,750,750,750,750,0
2022-10-18 09:32:00,750,750,750,750,0
2022-10-18 09:33:00,750,750,750,750,0
2022-10-18 09:34:00,750,750,750,750,0
2022-10-18 09:35:00,750,750,750,750,0
2022-10-18 09:36:00,750,750,750,750,0
2022-10-18 09:37:00,750,750,750,750,0
2022-10-18 09:38:00,750,750,750,750,0
2022-10-18 09:39:00,750,750,750,750,0
2022-10-18 09:40:00,750,750,750,750,0
2022-10-18 09:41:00,750,750,750,750,0
2022-10-18 09:42:00,755,755,760,760,1000
2022-10-18 09:43:00,755,755,760,760,0
2022-10-18 09:44:00,755,755,760,760,0
2022-10-18 09:45:00,755,755,760,760,0
2022-10-18 09:46:00,755,755,760,760,0
2022-10-18 09:47:00,755,755,760,760,0
2022-10-18 09:48:00,755,755,760,760,0
2022-10-18 09:49:00,755,755,760,760,0
2022-10-18 09:50:00,755,755,760,760,0
2022-10-18 09:51:00,755,755,760,760,0
2022-10-18 09:52:00,755,755,760,760,0
2022-10-18 09:53:00,755,755,760,760,0
2022-10-18 09:54:00,755,755,760,760,0
2022-10-18 09:55:00,755,755,760,760,0
2022-10-18 09:56:00,755,755,760,760,0
2022-10-18 09:57:00,755,755,760,760,0
2022-10-18 09:58:00,755,755,760,760,0
2022-10-18 09:59:00,755,755,760,760,0
2022-10-18 10:00:00,755,755,760,760,0
2022-10-18 10:01:00,755,755,760,760,0
2022-10-18 10:02:00,755,755,760,760,0
2022-10-18 10:03:00,755,755,755,755,400
2022-10-18 10:04:00,755,755,755,755,9600
2022-10-18 10:05:00,755,755,755,755,0
2022-10-18 10:06:00,755,755,755,755,0
2022-10-18 10:07:00,755,755,760,760,1800
2022-10-18 10:08:00,755,755,760,760,0
2022-10-18 10:09:00,755,755,760,760,0
2022-10-18 10:10:00,755,755,760,760,0
2022-10-18 10:11:00,755,755,760,760,0
2022-10-18 10:12:00,755,755,760,760,0
2022-10-18 10:13:00,755,755,760,760,0
2022-10-18 10:14:00,755,755,760,760,0
2022-10-18 10:15:00,750,750,750,750,4200
2022-10-18 10:16:00,750,750,750,750,0
2022-10-18 10:17:00,750,750,750,750,0
2022-10-18 10:18:00,750,750,750,750,0
2022-10-18 10:19:00,750,750,750,750,0
2022-10-18 10:20:00,750,750,750,750,0
2022-10-18 10:21:00,750,750,750,750,0
2022-10-18 10:22:00,750,750,750,750,0
2022-10-18 10:23:00,750,750,750,750,0
2022-10-18 10:24:00,750,750,750,750,0
2022-10-18 10:25:00,750,750,750,750,0
2022-10-18 10:26:00,750,750,750,750,0
2022-10-18 10:27:00,750,750,750,750,0
2022-10-18 10:28:00,750,750,750,750,0
2022-10-18 10:29:00,750,750,750,750,0
2022-10-18 10:30:00,750,750,750,750,0
2022-10-18 10:31:00,745,745,745,745,2000
2022-10-18 10:32:00,760,760,760,760,0
2022-10-18 10:33:00,760,760,760,760,0
2022-10-18 10:34:00,760,760,760,760,0
2022-10-18 10:35:00,760,760,760,760,0
2022-10-18 10:36:00,760,760,760,760,0
2022-10-18 10:37:00,760,760,760,760,0
2022-10-18 10:38:00,760,760,760,760,0
2022-10-18 10:39:00,760,760,760,760,0
2022-10-18 10:40:00,760,760,760,760,0
2022-10-18 10:41:00,760,760,760,760,0
2022-10-18 10:42:00,760,760,760,760,0
2022-10-18 10:43:00,760,760,760,760,0
2022-10-18 10:44:00,760,760,760,760,0
2022-10-18 10:45:00,760,760,760,760,0
2022-10-18 10:46:00,760,760,760,760,0
2022-10-18 10:47:00,760,760,760,760,0
2022-10-18 10:48:00,760,760,760,760,0
2022-10-18 10:49:00,755,755,755,755,2100
2022-10-18 10:50:00,755,755,755,755,0
2022-10-18 10:51:00,755,755,755,755,0
2022-10-18 10:52:00,755,755,755,755,0
2022-10-18 10:53:00,755,755,755,755,0
2022-10-18 10:54:00,755,755,755,755,0
2022-10-18 10:55:00,755,755,755,755,0
2022-10-18 10:56:00,755,755,755,755,0
2022-10-18 10:57:00,755,755,755,755,0
2022-10-18 10:58:00,755,755,755,755,0
2022-10-18 10:59:00,755,755,755,755,0
2022-10-18 11:00:00,755,755,755,755,0
2022-10-18 11:01:00,755,755,755,755,0
2022-10-18 11:02:00,755,755,755,755,0
2022-10-18 11:03:00,755,755,755,755,0
2022-10-18 11:04:00,755,755,755,755,0
2022-10-18 11:05:00,755,755,755,755,0
2022-10-18 11:06:00,755,755,755,755,0
2022-10-18 11:07:00,755,755,755,755,0
2022-10-18 11:08:00,755,755,755,755,0
2022-10-18 11:09:00,755,755,755,755,0
2022-10-18 11:10:00,755,755,755,755,0
2022-10-18 11:11:00,755,755,755,755,0
2022-10-18 11:12:00,755,755,755,755,0
2022-10-18 11:13:00,755,755,755,755,0
2022-10-18 11:14:00,755,755,755,755,0
2022-10-18 11:15:00,755,755,755,755,0
2022-10-18 11:16:00,755,755,755,755,0
2022-10-18 11:17:00,755,755,755,755,0
2022-10-18 11:18:00,755,755,755,755,0
2022-10-18 11:19:00,755,755,755,755,0
2022-10-18 11:20:00,755,755,755,755,0
2022-10-18 11:21:00,755,755,755,755,0
2022-10-18 11:22:00,755,755,755,755,0
2022-10-18 11:23:00,755,755,755,755,0
2022-10-18 11:24:00,755,755,755,755,0
2022-10-18 11:25:00,755,755,755,755,0
2022-10-18 11:26:00,755,755,755,755,0
2022-10-18 11:27:00,755,755,755,755,0
2022-10-18 11:28:00,755,755,755,755,0
2022-10-18 11:29:00,755,755,755,755,0
2022-10-18 11:30:00,755,755,755,755,0
2022-10-18 11:31:00,755,755,755,755,0
2022-10-18 11:32:00,755,755,755,755,0
2022-10-18 11:33:00,755,755,755,755,0
2022-10-18 11:34:00,755,755,755,755,0
2022-10-18 11:35:00,755,755,755,755,0
2022-10-18 11:36:00,755,755,755,755,0
2022-10-18 11:37:00,755,755,755,755,0
2022-10-18 11:38:00,755,755,755,755,0
2022-10-18 11:39:00,755,755,755,755,0
2022-10-18 11:40:00,755,755,755,755,0
2022-10-18 11:41:00,755,755,755,755,0
2022-10-18 11:42:00,755,755,755,755,0
2022-10-18 11:43:00,755,755,755,755,0
2022-10-18 11:44:00,755,755,755,755,0
2022-10-18 11:45:00,755,755,755,755,0
2022-10-18 11:46:00,755,755,755,755,0
2022-10-18 11:47:00,755,755,755,755,0
2022-10-18 11:48:00,755,755,755,755,0
2022-10-18 11:49:00,755,755,755,755,0
2022-10-18 11:50:00,755,755,755,755,0
2022-10-18 11:51:00,755,755,755,755,0
2022-10-18 11:52:00,755,755,755,755,0
2022-10-18 11:53:00,755,755,755,755,0
2022-10-18 11:54:00,755,755,755,755,0
2022-10-18 11:55:00,755,755,755,755,0
2022-10-18 11:56:00,755,755,755,755,0
2022-10-18 11:57:00,755,755,755,755,0
2022-10-18 11:58:00,755,755,755,755,0
2022-10-18 11:59:00,755,755,755,755,0
2022-10-18 12:00:00,755,755,755,755,0
2022-10-18 12:01:00,755,755,755,755,0
2022-10-18 12:02:00,755,755,755,755,0
2022-10-18 12:03:00,755,755,755,755,0
2022-10-18 12:04:00,755,755,755,755,0
2022-10-18 12:05:00,755,755,755,755,0
2022-10-18 12:06:00,755,755,755,755,0
2022-10-18 12:07:00,755,755,755,755,0
2022-10-18 12:08:00,755,755,755,755,0
2022-10-18 12:09:00,755,755,755,755,0
2022-10-18 12:10:00,755,755,755,755,0
2022-10-18 12:11:00,755,755,755,755,0
2022-10-18 12:12:00,755,755,755,755,0
2022-10-18 12:13:00,755,755,755,755,0
2022-10-18 12:14:00,755,755,755,755,0
2022-10-18 12:15:00,755,755,755,755,0
2022-10-18 12:16:00,755,755,755,755,0
2022-10-18 12:17:00,755,755,755,755,0
2022-10-18 12:18:00,755,755,755,755,0
2022-10-18 12:19:00,755,755,755,755,0
2022-10-18 12:20:00,755,755,755,755,0
2022-10-18 12:21:00,755,755,755,755,0
2022-10-18 12:22:00,755,755,755,755,0
2022-10-18 12:23:00,755,755,755,755,0
2022-10-18 12:24:00,755,755,755,755,0
2022-10-18 12:25:00,755,755,755,755,0
2022-10-18 12:26:00,755,755,755,755,0
2022-10-18 12:27:00,755,755,755,755,0
2022-10-18 12:28:00,755,755,755,755,0
2022-10-18 12:29:00,755,755,755,755,0
2022-10-18 12:30:00,755,755,755,755,0
2022-10-18 12:31:00,755,755,755,755,0
2022-10-18 12:32:00,755,755,755,755,0
2022-10-18 12:33:00,755,755,755,755,0
2022-10-18 12:34:00,755,755,755,755,0
2022-10-18 12:35:00,755,755,755,755,0
2022-10-18 12:36:00,755,755,755,755,0
2022-10-18 12:37:00,755,755,755,755,0
2022-10-18 12:38:00,755,755,755,755,0
2022-10-18 12:39:00,755,755,755,755,0
2022-10-18 12:40:00,755,755,755,755,0
2022-10-18 12:41:00,755,755,755,755,0
2022-10-18 12:42:00,755,755,755,755,0
2022-10-18 12:43:00,755,755,755,755,0
2022-10-18 12:44:00,755,755,755,755,0
2022-10-18 12:45:00,755,755,755,755,0
2022-10-18 12:46:00,755,755,755,755,0
2022-10-18 12:47:00,755,755,755,755,0
2022-10-18 12:48:00,755,755,755,755,0
2022-10-18 12:49:00,755,755,755,755,0
2022-10-18 12:50:00,755,755,755,755,0
2022-10-18 12:51:00,755,755,755,755,0
2022-10-18 12:52:00,755,755,755,755,0
2022-10-18 12:53:00,755,755,755,755,0
2022-10-18 12:54:00,755,755,755,755,0
2022-10-18 12:55:00,755,755,755,755,0
2022-10-18 12:56:00,755,755,755,755,0
2022-10-18 12:57:00,755,755,755,755,0
2022-10-18 12:58:00,755,755,755,755,0
2022-10-18 12:59:00,755,755,755,755,0
2022-10-18 13:00:00,755,755,755,755,0
2022-10-18 13:01:00,755,755,755,755,0
2022-10-18 13:02:00,755,755,755,755,0
2022-10-18 13:03:00,755,755,755,755,0
2022-10-18 13:04:00,755,755,755,755,0
2022-10-18 13:05:00,755,755,755,755,0
2022-10-18 13:06:00,755,755,755,755,0
2022-10-18 13:07:00,755,755,755,755,0
2022-10-18 13:08:00,755,755,755,755,0
2022-10-18 13:09:00,755,755,755,755,0
2022-10-18 13:10:00,755,755,755,755,0
2022-10-18 13:11:00,755,755,755,755,0
2022-10-18 13:12:00,755,755,755,755,0
2022-10-18 13:13:00,755,755,755,755,0
2022-10-18 13:14:00,755,755,755,755,0
2022-10-18 13:15:00,755,755,755,755,0
2022-10-18 13:16:00,755,755,755,755,0
2022-10-18 13:17:00,755,755,755,755,0
2022-10-18 13:18:00,755,755,755,755,0
2022-10-18 13:19:00,755,755,755,755,0
2022-10-18 13:20:00,755,755,755,755,0
2022-10-18 13:21:00,755,755,755,755,0
2022-10-18 13:22:00,755,755,755,755,0
2022-10-18 13:23:00,755,755,755,755,0
2022-10-18 13:24:00,755,755,755,755,0
2022-10-18 13:25:00,755,755,755,755,0
2022-10-18 13:26:00,755,755,755,755,0
2022-10-18 13:27:00,755,755,755,755,0
2022-10-18 13:28:00,755,755,755,755,0
2022-10-18 13:29:00,755,755,755,755,0
2022-10-18 13:30:00,755,755,755,755,0
2022-10-18 13:31:00,755,755,755,755,0
2022-10-18 13:32:00,755,755,755,755,0
2022-10-18 13:33:00,755,755,755,755,0
2022-10-18 13:34:00,755,755,755,755,0
2022-10-18 13:35:00,755,755,755,755,0
2022-10-18 13:36:00,755,755,755,755,0
2022-10-18 13:37:00,755,755,755,755,0
2022-10-18 13:38:00,755,755,755,755,0
2022-10-18 13:39:00,755,755,755,755,0
2022-10-18 13:40:00,755,755,755,755,0
2022-10-18 13:41:00,750,750,750,750,200
2022-10-18 13:42:00,750,750,750,750,900
2022-10-18 13:43:00,750,750,750,750,0
2022-10-18 13:44:00,750,750,750,750,0
2022-10-18 13:45:00,750,750,750,750,0
2022-10-18 13:46:00,750,750,750,750,0
2022-10-18 13:47:00,750,750,750,750,0
2022-10-18 13:48:00,750,750,750,750,0
2022-10-18 13:49:00,750,750,750,750,0
2022-10-18 13:50:00,750,750,750,750,0
2022-10-18 13:51:00,750,750,750,750,0
2022-10-18 13:52:00,750,750,750,750,0
2022-10-18 13:53:00,750,750,750,750,0
2022-10-18 13:54:00,750,750,750,750,0
2022-10-18 13:55:00,750,750,750,750,0
2022-10-18 13:56:00,750,750,750,750,0
2022-10-18 13:57:00,750,750,750,750,0
2022-10-18 13:58:00,750,750,750,750,0
2022-10-18 13:59:00,750,750,750,750,0
2022-10-18 14:00:00,750,750,750,750,0
2022-10-18 14:01:00,750,750,750,750,0
2022-10-18 14:02:00,750,750,750,750,0
2022-10-18 14:03:00,750,750,750,750,0
2022-10-18 14:04:00,750,750,750,750,0
2022-10-18 14:05:00,750,750,750,750,100
2022-10-18 14:06:00,750,750,750,750,0
2022-10-18 14:07:00,750,750,750,750,0
2022-10-18 14:08:00,750,750,750,750,0
2022-10-18 14:09:00,750,750,750,750,0
2022-10-18 14:10:00,750,745,750,745,1400
2022-10-18 14:11:00,750,745,750,745,0
2022-10-18 14:12:00,750,745,750,745,0
2022-10-18 14:13:00,750,745,750,745,0
2022-10-18 14:14:00,750,745,750,745,0
2022-10-18 14:15:00,750,745,750,745,0
2022-10-18 14:16:00,750,745,750,745,0
2022-10-18 14:17:00,750,745,750,745,0
2022-10-18 14:18:00,750,745,750,745,0
2022-10-18 14:19:00,750,745,750,745,0
2022-10-18 14:20:00,750,745,750,745,0
2022-10-18 14:21:00,750,745,750,745,0
2022-10-18 14:22:00,750,745,750,745,0
2022-10-18 14:23:00,745,745,760,760,55100
2022-10-18 14:24:00,745,745,760,760,0
2022-10-18 14:25:00,745,745,760,760,0
2022-10-18 14:26:00,745,745,760,760,0
2022-10-18 14:27:00,745,745,760,760,0
2022-10-18 14:28:00,745,745,760,760,0
2022-10-18 14:29:00,745,745,760,760,0
2022-10-18 14:30:00,745,745,760,760,0
2022-10-18 14:31:00,745,745,760,760,0
2022-10-18 14:32:00,745,745,760,760,0
2022-10-18 14:33:00,755,755,755,755,2000
2022-10-18 14:34:00,755,755,755,755,0
2022-10-18 14:35:00,755,755,755,755,0
2022-10-18 14:36:00,755,755,755,755,0
2022-10-18 14:37:00,755,755,755,755,0
2022-10-18 14:38:00,755,755,755,755,0
2022-10-18 14:39:00,755,755,755,755,0
2022-10-18 14:40:00,755,755,755,755,0
2022-10-18 14:41:00,755,755,755,755,0
2022-10-18 14:42:00,755,755,755,755,0
2022-10-18 14:43:00,755,755,755,755,0
2022-10-18 14:44:00,755,755,755,755,0
2022-10-18 14:45:00,755,755,755,755,0
2022-10-18 14:46:00,755,755,755,755,0
2022-10-18 14:47:00,755,755,755,755,0
2022-10-18 14:48:00,755,755,755,755,0
2022-10-18 14:49:00,755,755,755,755,0
2022-10-18 14:50:00,755,755,755,755,0
2022-10-18 14:51:00,755,755,755,755,0
2022-10-18 14:52:00,755,755,755,755,0
2022-10-18 14:53:00,755,755,755,755,0
2022-10-18 14:54:00,755,755,755,755,0
2022-10-18 14:55:00,755,755,755,755,0
2022-10-18 14:56:00,755,755,755,755,0
2022-10-18 14:57:00,755,755,755,755,0
2022-10-18 14:58:00,755,755,755,755,0
2022-10-18 14:59:00,755,755,755,755,0
2022-10-18 15:00:00,750,750,750,750,200
2022-10-18 15:01:00,750,750,750,750,0
2022-10-18 15:02:00,750,750,750,750,0
2022-10-18 15:03:00,750,750,750,750,0
2022-10-18 15:04:00,750,750,750,750,0
2022-10-18 15:05:00,750,750,750,750,33600
2022-10-18 15:06:00,750,750,750,750,0
2022-10-18 15:07:00,750,750,750,750,0
2022-10-18 15:08:00,750,750,750,750,0
2022-10-18 15:09:00,750,750,750,750,0
2022-10-18 15:10:00,750,750,750,750,0
2022-10-18 15:11:00,750,750,750,750,0
2022-10-18 15:12:00,750,750,750,750,0
2022-10-18 15:13:00,750,750,750,750,0
2022-10-18 15:14:00,750,750,750,750,0
2022-10-18 15:15:00,750,750,750,750,0
2022-10-18 15:16:00,750,750,750,750,0
2022-10-18 15:17:00,750,750,750,750,0
2022-10-18 15:18:00,750,750,750,750,0
2022-10-18 15:19:00,750,750,750,750,0
2022-10-18 15:20:00,750,750,750,750,0
2022-10-18 15:21:00,750,750,750,750,0
2022-10-18 15:22:00,750,750,750,750,0
2022-10-18 15:23:00,750,750,750,750,0
2022-10-18 15:24:00,750,750,750,750,0
2022-10-18 15:25:00,750,750,750,750,0
2022-10-18 15:26:00,750,750,750,750,0
2022-10-18 15:27:00,750,750,750,750,0
2022-10-18 15:28:00,750,750,750,750,0
2022-10-18 15:29:00,750,750,750,750,0
2022-10-18 15:30:00,750,750,750,750,0
2022-10-18 15:31:00,750,750,750,750,0
2022-10-18 15:32:00,750,750,750,750,0
2022-10-18 15:33:00,750,750,750,750,0
2022-10-18 15:34:00,750,750,750,750,0
2022-10-18 15:35:00,750,750,750,750,0
2022-10-18 15:36:00,750,750,750,750,0
2022-10-18 15:37:00,750,750,750,750,0
2022-10-18 15:38:00,750,750,750,750,0
2022-10-18 15:39:00,750,750,750,750,0
2022-10-18 15:40:00,750,750,750,750,0
2022-10-18 15:41:00,750,750,750,750,0
2022-10-18 15:42:00,750,750,750,750,0
2022-10-18 15:43:00,750,750,750,750,0
2022-10-18 15:44:00,750,750,750,750,0
2022-10-18 15:45:00,750,750,750,750,0
2022-10-18 15:46:00,750,750,750,750,0
2022-10-18 15:47:00,750,750,750,750,0
2022-10-18 15:48:00,750,750,750,750,0
2022-10-18 15:49:00,750,750,750,750,0
2022-10-18 15:50:00,750,750,750,750,0
2022-10-18 15:51:00,750,750,750,750,0
2022-10-18 15:52:00,750,750,750,750,0
2022-10-18 15:53:00,750,750,750,750,0
2022-10-18 15:54:00,750,750,750,750,0
2022-10-18 15:55:00,750,750,750,750,0
2022-10-18 15:56:00,750,750,750,750,0
2022-10-18 15:57:00,750,750,750,750,0
2022-10-18 15:58:00,750,750,750,750,0
2022-10-18 15:59:00,750,750,750,750,0
2022-10-19 09:00:00,750,750,750,750,0
2022-10-19 09:01:00,750,750,750,750,0
2022-10-19 09:02:00,760,760,760,760,0
2022-10-19 09:03:00,760,760,760,760,0
2022-10-19 09:04:00,760,760,760,760,0
2022-10-19 09:05:00,760,760,760,760,0
2022-10-19 09:06:00,755,755,755,755,20900
2022-10-19 09:07:00,755,755,755,755,0
2022-10-19 09:08:00,755,755,755,755,0
2022-10-19 09:09:00,755,755,755,755,0
2022-10-19 09:10:00,755,755,755,755,0
2022-10-19 09:11:00,755,755,755,755,0
2022-10-19 09:12:00,755,755,755,755,0
2022-10-19 09:13:00,755,755,755,755,0
2022-10-19 09:14:00,755,755,755,755,0
2022-10-19 09:15:00,755,755,755,755,0
2022-10-19 09:16:00,750,750,750,750,400
2022-10-19 09:17:00,750,750,750,750,0
2022-10-19 09:18:00,750,750,750,750,0
2022-10-19 09:19:00,750,750,750,750,0
2022-10-19 09:20:00,750,750,750,750,0
2022-10-19 09:21:00,750,750,750,750,1400
2022-10-19 09:22:00,750,750,750,750,0
2022-10-19 09:23:00,750,750,750,750,0
2022-10-19 09:24:00,750,750,750,750,0
2022-10-19 09:25:00,750,750,750,750,0
2022-10-19 09:26:00,750,750,750,750,0
2022-10-19 09:27:00,750,750,750,750,9200
2022-10-19 09:28:00,750,750,750,750,600
2022-10-19 09:29:00,750,750,750,750,0
2022-10-19 09:30:00,750,750,750,750,0
2022-10-19 09:31:00,750,750,750,750,0
2022-10-19 09:32:00,755,755,755,755,100
2022-10-19 09:33:00,755,755,755,755,0
2022-10-19 09:34:00,755,755,755,755,0
2022-10-19 09:35:00,755,755,755,755,0
2022-10-19 09:36:00,755,755,755,755,0
2022-10-19 09:37:00,755,755,755,755,0
2022-10-19 09:38:00,755,755,755,755,0
2022-10-19 09:39:00,755,755,755,755,0
2022-10-19 09:40:00,755,755,755,755,0
2022-10-19 09:41:00,755,755,755,755,0
2022-10-19 09:42:00,755,755,755,755,0
2022-10-19 09:43:00,755,755,755,755,0
2022-10-19 09:44:00,755,755,755,755,0
2022-10-19 09:45:00,755,755,755,755,0
2022-10-19 09:46:00,755,755,755,755,0
2022-10-19 09:47:00,755,755,755,755,0
2022-10-19 09:48:00,755,755,755,755,0
2022-10-19 09:49:00,755,755,755,755,0
2022-10-19 09:50:00,755,755,755,755,0
2022-10-19 09:51:00,755,755,755,755,0
2022-10-19 09:52:00,755,755,755,755,0
2022-10-19 09:53:00,755,755,755,755,0
2022-10-19 09:54:00,755,755,755,755,0
2022-10-19 09:55:00,755,755,755,755,0
2022-10-19 09:56:00,755,755,755,755,0
2022-10-19 09:57:00,755,755,755,755,0
2022-10-19 09:58:00,755,755,755,755,0
2022-10-19 09:59:00,755,755,755,755,0
2022-10-19 10:00:00,755,755,755,755,0
2022-10-19 10:01:00,755,755,755,755,0
2022-10-19 10:02:00,755,755,755,755,0
2022-10-19 10:03:00,755,755,755,755,0
2022-10-19 10:04:00,755,755,755,755,300
2022-10-19 10:05:00,750,750,750,750,400
2022-10-19 10:06:00,750,750,750,750,0
2022-10-19 10:07:00,750,750,750,750,0
2022-10-19 10:08:00,750,750,750,750,0
2022-10-19 10:09:00,750,750,750,750,0
2022-10-19 10:10:00,750,750,750,750,0
2022-10-19 10:11:00,750,750,750,750,0
2022-10-19 10:12:00,750,750,750,750,0
2022-10-19 10:13:00,750,750,750,750,0
2022-10-19 10:14:00,750,750,750,750,0
2022-10-19 10:15:00,750,750,750,750,0
2022-10-19 10:16:00,750,750,750,750,0
2022-10-19 10:17:00,750,750,750,750,0
2022-10-19 10:18:00,750,750,750,750,0
2022-10-19 10:19:00,750,750,750,750,0
2022-10-19 10:20:00,750,750,750,750,0
2022-10-19 10:21:00,750,750,750,750,0
2022-10-19 10:22:00,750,750,750,750,0
2022-10-19 10:23:00,750,750,750,750,0
2022-10-19 10:24:00,750,750,750,750,500
2022-10-19 10:25:00,750,750,750,750,0
2022-10-19 10:26:00,750,750,750,750,0
2022-10-19 10:27:00,750,750,750,750,0
2022-10-19 10:28:00,750,750,750,750,0
2022-10-19 10:29:00,750,750,750,750,400
2022-10-19 10:30:00,750,750,750,750,800
2022-10-19 10:31:00,750,750,750,750,0
2022-10-19 10:32:00,750,750,750,750,0
2022-10-19 10:33:00,750,750,750,750,0
2022-10-19 10:34:00,750,750,750,750,0
2022-10-19 10:35:00,750,750,750,750,0
2022-10-19 10:36:00,750,750,750,750,0
2022-10-19 10:37:00,750,750,750,750,0
2022-10-19 10:38:00,750,750,750,750,0
2022-10-19 10:39:00,750,750,750,750,0
2022-10-19 10:40:00,750,750,750,750,0
2022-10-19 10:41:00,750,750,750,750,0
2022-10-19 10:42:00,750,750,750,750,0
2022-10-19 10:43:00,750,750,750,750,0
2022-10-19 10:44:00,750,750,750,750,0
2022-10-19 10:45:00,750,750,750,750,0
2022-10-19 10:46:00,750,750,750,750,0
2022-10-19 10:47:00,750,750,750,750,0
2022-10-19 10:48:00,750,750,750,750,0
2022-10-19 10:49:00,750,750,750,750,0
2022-10-19 10:50:00,750,750,750,750,0
2022-10-19 10:51:00,750,750,750,750,0
2022-10-19 10:52:00,750,750,750,750,0
2022-10-19 10:53:00,750,750,750,750,0
2022-10-19 10:54:00,750,750,750,750,0
2022-10-19 10:55:00,750,750,750,750,0
2022-10-19 10:56:00,750,750,750,750,0
2022-10-19 10:57:00,750,750,750,750,0
2022-10-19 10:58:00,750,750,750,750,0
2022-10-19 10:59:00,750,750,750,750,0
2022-10-19 11:00:00,750,750,750,750,0
2022-10-19 11:01:00,750,750,750,750,0
2022-10-19 11:02:00,750,750,750,750,0
2022-10-19 11:03:00,750,750,750,750,0
2022-10-19 11:04:00,750,750,750,750,0
2022-10-19 11:05:00,750,750,750,750,0
2022-10-19 11:06:00,750,750,750,750,0
2022-10-19 11:07:00,750,750,750,750,0
2022-10-19 11:08:00,750,750,750,750,0
2022-10-19 11:09:00,750,750,750,750,100
2022-10-19 11:10:00,750,750,750,750,0
2022-10-19 11:11:00,750,750,750,750,0
2022-10-19 11:12:00,750,750,750,750,0
2022-10-19 11:13:00,750,750,750,750,0
2022-10-19 11:14:00,750,750,750,750,0
2022-10-19 11:15:00,750,750,750,750,0
2022-10-19 11:16:00,750,750,750,750,0
2022-10-19 11:17:00,750,750,750,750,0
2022-10-19 11:18:00,750,750,750,750,0
2022-10-19 11:19:00,750,750,750,750,0
2022-10-19 11:20:00,750,750,750,750,0
2022-10-19 11:21:00,750,750,750,750,0
2022-10-19 11:22:00,750,750,750,750,0
2022-10-19 11:23:00,750,750,750,750,300
2022-10-19 11:24:00,750,750,750,750,0
2022-10-19 11:25:00,750,750,750,750,0
2022-10-19 11:26:00,750,750,750,750,0
2022-10-19 11:27:00,750,750,750,750,0
2022-10-19 11:28:00,750,750,750,750,0
2022-10-19 11:29:00,750,750,750,750,0
2022-10-19 11:30:00,750,750,750,750,0
2022-10-19 11:31:00,750,750,750,750,0
2022-10-19 11:32:00,750,750,750,750,0
2022-10-19 11:33:00,750,750,750,750,0
2022-10-19 11:34:00,750,750,750,750,0
2022-10-19 11:35:00,750,750,750,750,0
2022-10-19 11:36:00,750,750,750,750,0
2022-10-19 11:37:00,750,750,750,750,0
2022-10-19 11:38:00,750,750,750,750,0
2022-10-19 11:39:00,750,750,750,750,0
2022-10-19 11:40:00,750,750,750,750,0
2022-10-19 11:41:00,750,750,750,750,0
2022-10-19 11:42:00,750,750,750,750,0
2022-10-19 11:43:00,750,750,750,750,0
2022-10-19 11:44:00,750,750,750,750,0
2022-10-19 11:45:00,750,750,750,750,0
2022-10-19 11:46:00,750,750,750,750,0
2022-10-19 11:47:00,750,750,750,750,0
2022-10-19 11:48:00,750,750,750,750,0
2022-10-19 11:49:00,750,750,750,750,0
2022-10-19 11:50:00,750,750,750,750,0
2022-10-19 11:51:00,750,750,750,750,0
2022-10-19 11:52:00,750,750,750,750,0
2022-10-19 11:53:00,750,750,750,750,0
2022-10-19 11:54:00,750,750,750,750,0
2022-10-19 11:55:00,750,750,750,750,0
2022-10-19 11:56:00,750,750,750,750,0
2022-10-19 11:57:00,750,750,750,750,0
2022-10-19 11:58:00,750,750,750,750,0
2022-10-19 11:59:00,750,750,750,750,0
2022-10-19 12:00:00,750,750,750,750,0
2022-10-19 12:01:00,750,750,750,750,0
2022-10-19 12:02:00,750,750,750,750,0
2022-10-19 12:03:00,750,750,750,750,0
2022-10-19 12:04:00,750,750,750,750,0
2022-10-19 12:05:00,750,750,750,750,0
2022-10-19 12:06:00,750,750,750,750,0
2022-10-19 12:07:00,750,750,750,750,0
2022-10-19 12:08:00,750,750,750,750,0
2022-10-19 12:09:00,750,750,750,750,0
2022-10-19 12:10:00,750,750,750,750,0
2022-10-19 12:11:00,750,750,750,750,0
2022-10-19 12:12:00,750,750,750,750,0
2022-10-19 12:13:00,750,750,750,750,0
2022-10-19 12:14:00,750,750,750,750,0
2022-10-19 12:15:00,750,750,750,750,0
2022-10-19 12:16:00,750,750,750,750,0
2022-10-19 12:17:00,750,750,750,750,0
2022-10-19 12:18:00,750,750,750,750,0
2022-10-19 12:19:00,750,750,750,750,0
2022-10-19 12:20:00,750,750,750,750,0
2022-10-19 12:21:00,750,750,750,750,0
2022-10-19 12:22:00,750,750,750,750,0
2022-10-19 12:23:00,750,750,750,750,0
2022-10-19 12:24:00,750,750,750,750,0
2022-10-19 12:25:00,750,750,750,750,0
2022-10-19 12:26:00,750,750,750,750,0
2022-10-19 12:27:00,750,750,750,750,0
2022-10-19 12:28:00,750,750,750,750,0
2022-10-19 12:29:00,750,750,750,750,0
2022-10-19 12:30:00,750,750,750,750,0
2022-10-19 12:31:00,750,750,750,750,0
2022-10-19 12:32:00,750,750,750,750,0
2022-10-19 12:33:00,750,750,750,750,0
2022-10-19 12:34:00,750,750,750,750,0
2022-10-19 12:35:00,750,750,750,750,0
2022-10-19 12:36:00,750,750,750,750,0
2022-10-19 12:37:00,750,750,750,750,0
2022-10-19 12:38:00,750,750,750,750,0
2022-10-19 12:39:00,750,750,750,750,0
2022-10-19 12:40:00,750,750,750,750,0
2022-10-19 12:41:00,750,750,750,750,0
2022-10-19 12:42:00,750,750,750,750,0
2022-10-19 12:43:00,750,750,750,750,0
2022-10-19 12:44:00,750,750,750,750,0
2022-10-19 12:45:00,750,750,750,750,0
2022-10-19 12:46:00,750,750,750,750,0
2022-10-19 12:47:00,750,750,750,750,0
2022-10-19 12:48:00,750,750,750,750,0
2022-10-19 12:49:00,750,750,750,750,0
2022-10-19 12:50:00,750,750,750,750,0
2022-10-19 12:51:00,750,750,750,750,0
2022-10-19 12:52:00,750,750,750,750,0
2022-10-19 12:53:00,750,750,750,750,0
2022-10-19 12:54:00,750,750,750,750,0
2022-10-19 12:55:00,750,750,750,750,0
2022-10-19 12:56:00,750,750,750,750,0
2022-10-19 12:57:00,750,750,750,750,0
2022-10-19 12:58:00,750,750,750,750,0
2022-10-19 12:59:00,750,750,750,750,0
2022-10-19 13:00:00,750,750,750,750,0
2022-10-19 13:01:00,750,750,750,750,0
2022-10-19 13:02:00,750,750,750,750,0
2022-10-19 13:03:00,750,750,750,750,0
2022-10-19 13:04:00,750,750,750,750,0
2022-10-19 13:05:00,750,750,750,750,0
2022-10-19 13:06:00,750,750,750,750,0
2022-10-19 13:07:00,750,750,750,750,0
2022-10-19 13:08:00,750,750,750,750,0
2022-10-19 13:09:00,750,750,750,750,0
2022-10-19 13:10:00,750,750,750,750,0
2022-10-19 13:11:00,750,750,750,750,0
2022-10-19 13:12:00,750,750,750,750,0
2022-10-19 13:13:00,750,750,750,750,0
2022-10-19 13:14:00,750,750,750,750,0
2022-10-19 13:15:00,750,750,750,750,0
2022-10-19 13:16:00,750,750,750,750,0
2022-10-19 13:17:00,750,750,750,750,0
2022-10-19 13:18:00,750,750,750,750,0
2022-10-19 13:19:00,750,750,750,750,0
2022-10-19 13:20:00,750,750,750,750,0
2022-10-19 13:21:00,750,750,750,750,0
2022-10-19 13:22:00,750,750,750,750,0
2022-10-19 13:23:00,750,750,750,750,0
2022-10-19 13:24:00,750,750,750,750,0
2022-10-19 13:25:00,750,750,750,750,0
2022-10-19 13:26:00,750,750,750,750,0
2022-10-19 13:27:00,750,750,750,750,0
2022-10-19 13:28:00,750,750,750,750,0
2022-10-19 13:29:00,750,750,750,750,0
2022-10-19 13:30:00,750,750,750,750,4100
2022-10-19 13:31:00,750,750,750,750,0
2022-10-19 13:32:00,750,750,750,750,0
2022-10-19 13:33:00,750,750,750,750,0
2022-10-19 13:34:00,755,755,755,755,0
2022-10-19 13:35:00,755,755,755,755,0
2022-10-19 13:36:00,755,755,755,755,0
2022-10-19 13:37:00,755,755,755,755,0
2022-10-19 13:38:00,755,755,755,755,0
2022-10-19 13:39:00,755,755,755,755,0
2022-10-19 13:40:00,755,755,755,755,0
2022-10-19 13:41:00,750,750,750,750,1600
2022-10-19 13:42:00,750,750,750,750,0
2022-10-19 13:43:00,750,750,750,750,0
2022-10-19 13:44:00,750,750,750,750,0
2022-10-19 13:45:00,750,750,750,750,0
2022-10-19 13:46:00,755,755,755,755,0
2022-10-19 13:47:00,755,755,755,755,0
2022-10-19 13:48:00,755,755,755,755,0
2022-10-19 13:49:00,755,755,755,755,0
2022-10-19 13:50:00,755,755,755,755,0
2022-10-19 13:51:00,755,755,755,755,0
2022-10-19 13:52:00,755,755,755,755,0
2022-10-19 13:53:00,755,755,755,755,0
2022-10-19 13:54:00,755,755,755,755,0
2022-10-19 13:55:00,755,755,755,755,0
2022-10-19 13:56:00,755,755,755,755,0
2022-10-19 13:57:00,750,750,750,750,100
2022-10-19 13:58:00,750,750,750,750,0
2022-10-19 13:59:00,750,750,750,750,0
2022-10-19 14:00:00,750,750,750,750,0
2022-10-19 14:01:00,750,750,750,750,0
2022-10-19 14:02:00,750,750,750,750,0
2022-10-19 14:03:00,750,750,750,750,0
2022-10-19 14:04:00,750,750,750,750,0
2022-10-19 14:05:00,750,750,750,750,0
2022-10-19 14:06:00,750,750,750,750,0
2022-10-19 14:07:00,750,750,750,750,0
2022-10-19 14:08:00,750,750,750,750,0
2022-10-19 14:09:00,750,750,750,750,0
2022-10-19 14:10:00,750,750,750,750,0
2022-10-19 14:11:00,750,750,750,750,0
2022-10-19 14:12:00,750,750,750,750,0
2022-10-19 14:13:00,750,750,750,750,0
2022-10-19 14:14:00,750,750,750,750,0
2022-10-19 14:15:00,750,750,750,750,0
2022-10-19 14:16:00,750,750,750,750,0
2022-10-19 14:17:00,750,750,750,750,0
2022-10-19 14:18:00,750,750,750,750,0
2022-10-19 14:19:00,750,750,750,750,0
2022-10-19 14:20:00,750,750,750,750,0
2022-10-19 14:21:00,750,750,750,750,0
2022-10-19 14:22:00,750,750,750,750,1400
2022-10-19 14:23:00,750,750,750,750,0
2022-10-19 14:24:00,750,750,750,750,0
2022-10-19 14:25:00,750,750,750,750,0
2022-10-19 14:26:00,750,750,750,750,0
2022-10-19 14:27:00,750,750,750,750,0
2022-10-19 14:28:00,750,750,750,750,600
2022-10-19 14:29:00,750,750,750,750,0
2022-10-19 14:30:00,750,750,750,750,0
2022-10-19 14:31:00,750,750,750,750,0
2022-10-19 14:32:00,750,750,750,750,300
2022-10-19 14:33:00,750,750,750,750,0
2022-10-19 14:34:00,750,750,750,750,0
2022-10-19 14:35:00,750,750,750,750,0
2022-10-19 14:36:00,750,750,750,750,0
2022-10-19 14:37:00,750,750,750,750,0
2022-10-19 14:38:00,750,750,750,750,0
2022-10-19 14:39:00,750,750,750,750,0
2022-10-19 14:40:00,750,750,750,750,0
2022-10-19 14:41:00,750,750,750,750,0
2022-10-19 14:42:00,750,750,750,750,0
2022-10-19 14:43:00,750,750,750,750,0
2022-10-19 14:44:00,750,750,750,750,0
2022-10-19 14:45:00,750,750,750,750,1600
2022-10-19 14:46:00,750,750,750,750,0
2022-10-19 14:47:00,750,750,750,750,0
2022-10-19 14:48:00,750,750,750,750,0
2022-10-19 14:49:00,750,750,750,750,3300
2022-10-19 14:50:00,750,750,750,750,0
2022-10-19 14:51:00,750,750,750,750,0
2022-10-19 14:52:00,750,750,750,750,0
2022-10-19 14:53:00,750,750,750,750,0
2022-10-19 14:54:00,750,750,750,750,0
2022-10-19 14:55:00,750,750,750,750,0
2022-10-19 14:56:00,750,750,750,750,0
2022-10-19 14:57:00,750,750,750,750,0
2022-10-19 14:58:00,750,750,750,750,0
2022-10-19 14:59:00,750,750,750,750,0
2022-10-19 15:00:00,745,745,745,745,4000
2022-10-19 15:01:00,745,745,745,745,0
2022-10-19 15:02:00,745,745,745,745,0
2022-10-19 15:03:00,745,745,745,745,0
2022-10-19 15:04:00,745,745,745,745,0
2022-10-19 15:05:00,745,745,745,745,0
2022-10-19 15:06:00,745,745,745,745,0
2022-10-19 15:07:00,745,745,745,745,0
2022-10-19 15:08:00,745,745,745,745,0
2022-10-19 15:09:00,745,745,745,745,0
2022-10-19 15:10:00,745,745,745,745,0
2022-10-19 15:11:00,745,745,745,745,0
2022-10-19 15:12:00,745,745,745,745,0
2022-10-19 15:13:00,745,745,745,745,0
2022-10-19 15:14:00,745,745,745,745,0
2022-10-19 15:15:00,745,745,745,745,0
2022-10-19 15:16:00,745,745,745,745,0
2022-10-19 15:17:00,745,745,745,745,0
2022-10-19 15:18:00,745,745,745,745,0
2022-10-19 15:19:00,745,745,745,745,0
2022-10-19 15:20:00,745,745,745,745,0
2022-10-19 15:21:00,745,745,745,745,0
2022-10-19 15:22:00,745,745,745,745,0
2022-10-19 15:23:00,745,745,745,745,0
2022-10-19 15:24:00,745,745,745,745,0
2022-10-19 15:25:00,745,745,745,745,0
2022-10-19 15:26:00,745,745,745,745,0
2022-10-19 15:27:00,745,745,745,745,0
2022-10-19 15:28:00,745,745,745,745,0
2022-10-19 15:29:00,745,745,745,745,0
2022-10-19 15:30:00,745,745,745,745,0
2022-10-19 15:31:00,745,745,745,745,0
2022-10-19 15:32:00,745,745,745,745,0
2022-10-19 15:33:00,745,745,745,745,0
2022-10-19 15:34:00,745,745,745,745,0
2022-10-19 15:35:00,745,745,745,745,0
2022-10-19 15:36:00,745,745,745,745,0
2022-10-19 15:37:00,745,745,745,745,0
2022-10-19 15:38:00,745,745,745,745,0
2022-10-19 15:39:00,745,745,745,745,0
2022-10-19 15:40:00,745,745,745,745,0
2022-10-19 15:41:00,745,745,745,745,0
2022-10-19 15:42:00,745,745,745,745,0
2022-10-19 15:43:00,745,745,745,745,0
2022-10-19 15:44:00,745,745,745,745,0
2022-10-19 15:45:00,745,745,745,745,0
2022-10-19 15:46:00,745,745,745,745,0
2022-10-19 15:47:00,745,745,745,745,0
2022-10-19 15:48:00,745,745,745,745,0
2022-10-19 15:49:00,745,745,745,745,0
2022-10-19 15:50:00,745,745,745,745,0
2022-10-19 15:51:00,745,745,745,745,0
2022-10-19 15:52:00,745,745,745,745,0
2022-10-19 15:53:00,745,745,745,745,0
2022-10-19 15:54:00,745,745,745,745,0
2022-10-19 15:55:00,745,745,745,745,0
2022-10-19 15:56:00,745,745,745,745,0
2022-10-19 15:57:00,745,745,745,745,0
2022-10-19 15:58:00,745,745,745,745,0
2022-10-19 15:59:00,745,745,745,745,0
2022-10-20 09:00:00,745,745,745,745,200
2022-10-20 09:01:00,745,745,745,745,0
2022-10-20 09:02:00,745,745,745,745,0
2022-10-20 09:03:00,745,745,745,745,0
2022-10-20 09:04:00,745,745,745,745,0
2022-10-20 09:05:00,745,745,745,745,0
2022-10-20 09:06:00,745,745,745,745,0
2022-10-20 09:07:00,745,745,745,745,0
2022-10-20 09:08:00,745,745,745,745,0
2022-10-20 09:09:00,745,745,745,745,0
2022-10-20 09:10:00,745,745,745,745,0
2022-10-20 09:11:00,745,745,745,745,0
2022-10-20 09:12:00,760,760,765,765,27200
2022-10-20 09:13:00,750,750,750,750,9800
2022-10-20 09:14:00,750,750,750,750,0
2022-10-20 09:15:00,750,750,750,750,0
2022-10-20 09:16:00,750,750,750,750,0
2022-10-20 09:17:00,750,750,750,750,0
2022-10-20 09:18:00,750,750,750,750,0
2022-10-20 09:19:00,750,750,750,750,0
2022-10-20 09:20:00,750,750,750,750,0
2022-10-20 09:21:00,750,750,750,750,0
2022-10-20 09:22:00,750,750,750,750,0
2022-10-20 09:23:00,750,750,750,750,0
2022-10-20 09:24:00,750,750,750,750,0
2022-10-20 09:25:00,750,750,750,750,19000
2022-10-20 09:26:00,750,750,750,750,0
2022-10-20 09:27:00,750,750,750,750,0
2022-10-20 09:28:00,750,750,750,750,0
2022-10-20 09:29:00,750,750,750,750,0
2022-10-20 09:30:00,750,750,750,750,0
2022-10-20 09:31:00,750,750,750,750,0
2022-10-20 09:32:00,750,750,750,750,0
2022-10-20 09:33:00,760,760,760,760,29200
2022-10-20 09:34:00,765,765,765,765,0
2022-10-20 09:35:00,765,765,765,765,0
2022-10-20 09:36:00,765,765,765,765,0
2022-10-20 09:37:00,765,765,765,765,0
2022-10-20 09:38:00,765,765,765,765,0
2022-10-20 09:39:00,765,765,765,765,0
2022-10-20 09:40:00,765,765,765,765,0
2022-10-20 09:41:00,765,765,765,765,0
2022-10-20 09:42:00,765,765,765,765,0
2022-10-20 09:43:00,760,760,760,760,400
2022-10-20 09:44:00,765,765,765,765,0
2022-10-20 09:45:00,765,765,765,765,0
2022-10-20 09:46:00,765,765,765,765,0
2022-10-20 09:47:00,765,765,765,765,0
2022-10-20 09:48:00,765,765,765,765,0
2022-10-20 09:49:00,765,765,765,765,200
2022-10-20 09:50:00,765,765,765,765,0
2022-10-20 09:51:00,765,765,765,765,0
2022-10-20 09:52:00,765,765,765,765,700
2022-10-20 09:53:00,765,765,765,765,0
2022-10-20 09:54:00,765,765,765,765,0
2022-10-20 09:55:00,765,765,765,765,0
2022-10-20 09:56:00,765,765,765,765,0
2022-10-20 09:57:00,765,765,765,765,200
2022-10-20 09:58:00,765,765,765,765,0
2022-10-20 09:59:00,765,765,765,765,0
2022-10-20 10:00:00,765,765,765,765,0
2022-10-20 10:01:00,765,765,765,765,33000
2022-10-20 10:02:00,770,770,770,770,200
2022-10-20 10:03:00,770,770,770,770,0
2022-10-20 10:04:00,770,770,775,775,31200
2022-10-20 10:05:00,770,770,775,775,0
2022-10-20 10:06:00,775,775,785,785,37200
2022-10-20 10:07:00,780,780,780,780,5200
2022-10-20 10:08:00,780,780,780,780,0
2022-10-20 10:09:00,780,780,780,780,0
2022-10-20 10:10:00,780,780,780,780,500
2022-10-20 10:11:00,780,780,780,780,0
2022-10-20 10:12:00,775,775,775,775,600
2022-10-20 10:13:00,775,775,775,775,0
2022-10-20 10:14:00,775,775,775,775,0
2022-10-20 10:15:00,780,775,780,775,300
2022-10-20 10:16:00,775,775,775,775,19900
2022-10-20 10:17:00,775,775,775,775,0
2022-10-20 10:18:00,775,775,775,775,0
2022-10-20 10:19:00,775,775,775,775,0
2022-10-20 10:20:00,775,775,775,775,9900
2022-10-20 10:21:00,775,775,775,775,17300
2022-10-20 10:22:00,775,775,775,775,0
2022-10-20 10:23:00,775,775,775,775,0
2022-10-20 10:24:00,775,775,775,775,0
2022-10-20 10:25:00,775,775,775,775,0
2022-10-20 10:26:00,775,775,775,775,0
2022-10-20 10:27:00,775,775,775,775,0
2022-10-20 10:28:00,775,775,775,775,0
2022-10-20 10:29:00,775,775,775,775,0
2022-10-20 10:30:00,775,775,775,775,0
2022-10-20 10:31:00,775,775,775,775,0
2022-10-20 10:32:00,775,775,775,775,0
2022-10-20 10:33:00,775,775,775,775,0
2022-10-20 10:34:00,775,775,775,775,1000
2022-10-20 10:35:00,775,775,775,775,0
2022-10-20 10:36:00,775,775,775,775,0
2022-10-20 10:37:00,775,775,775,775,0
2022-10-20 10:38:00,775,775,775,775,0
2022-10-20 10:39:00,775,775,775,775,0
2022-10-20 10:40:00,775,775,775,775,0
2022-10-20 10:41:00,775,775,775,775,0
2022-10-20 10:42:00,775,775,775,775,0
2022-10-20 10:43:00,775,775,775,775,0
2022-10-20 10:44:00,775,775,775,775,0
2022-10-20 10:45:00,775,775,775,775,0
2022-10-20 10:46:00,775,775,775,775,0
2022-10-20 10:47:00,775,775,775,775,0
2022-10-20 10:48:00,775,775,775,775,0
2022-10-20 10:49:00,775,775,775,775,0
2022-10-20 10:50:00,775,775,775,775,0
2022-10-20 10:51:00,775,775,775,775,0
2022-10-20 10:52:00,775,775,775,775,0
2022-10-20 10:53:00,775,775,775,775,0
2022-10-20 10:54:00,775,775,775,775,0
2022-10-20 10:55:00,775,775,775,775,0
2022-10-20 10:56:00,775,775,775,775,0
2022-10-20 10:57:00,775,775,775,775,0
2022-10-20 10:58:00,775,775,775,775,0
2022-10-20 10:59:00,775,775,775,775,0
2022-10-20 11:00:00,775,775,775,775,0
2022-10-20 11:01:00,775,775,775,775,2200
2022-10-20 11:02:00,775,775,775,775,0
2022-10-20 11:03:00,775,775,775,775,0
2022-10-20 11:04:00,775,775,775,775,0
2022-10-20 11:05:00,770,770,770,770,1300
2022-10-20 11:06:00,770,770,775,775,66400
2022-10-20 11:07:00,780,780,780,780,13800
2022-10-20 11:08:00,780,780,780,780,0
2022-10-20 11:09:00,780,780,780,780,0
2022-10-20 11:10:00,780,780,780,780,1000
2022-10-20 11:11:00,780,780,780,780,15400
2022-10-20 11:12:00,780,780,780,780,42300
2022-10-20 11:13:00,780,780,780,780,0
2022-10-20 11:14:00,780,780,780,780,0
2022-10-20 11:15:00,780,780,780,780,0
2022-10-20 11:16:00,780,780,780,780,0
2022-10-20 11:17:00,780,780,780,780,0
2022-10-20 11:18:00,775,775,775,775,0
2022-10-20 11:19:00,775,775,775,775,4000
2022-10-20 11:20:00,775,775,775,775,0
2022-10-20 11:21:00,775,775,775,775,0
2022-10-20 11:22:00,775,775,775,775,0
2022-10-20 11:23:00,775,775,775,775,0
2022-10-20 11:24:00,775,775,775,775,0
2022-10-20 11:25:00,775,775,775,775,0
2022-10-20 11:26:00,780,780,780,780,200
2022-10-20 11:27:00,775,775,775,775,3900
2022-10-20 11:28:00,775,775,780,780,21400
2022-10-20 11:29:00,775,775,780,780,500
2022-10-20 11:30:00,775,775,780,780,0
2022-10-20 11:31:00,775,775,780,780,0
2022-10-20 11:32:00,775,775,780,780,0
2022-10-20 11:33:00,775,775,780,780,0
2022-10-20 11:34:00,775,775,780,780,0
2022-10-20 11:35:00,775,775,780,780,0
2022-10-20 11:36:00,775,775,780,780,0
2022-10-20 11:37:00,775,775,780,780,0
2022-10-20 11:38:00,775,775,780,780,0
2022-10-20 11:39:00,775,775,780,780,0
2022-10-20 11:40:00,775,775,780,780,0
2022-10-20 11:41:00,775,775,780,780,0
2022-10-20 11:42:00,775,775,780,780,0
2022-10-20 11:43:00,775,775,780,780,0
2022-10-20 11:44:00,775,775,780,780,0
2022-10-20 11:45:00,775,775,780,780,0
2022-10-20 11:46:00,775,775,780,780,0
2022-10-20 11:47:00,775,775,780,780,0
2022-10-20 11:48:00,775,775,780,780,0
2022-10-20 11:49:00,775,775,780,780,0
2022-10-20 11:50:00,775,775,780,780,0
2022-10-20 11:51:00,775,775,780,780,0
2022-10-20 11:52:00,775,775,780,780,0
2022-10-20 11:53:00,775,775,780,780,0
2022-10-20 11:54:00,775,775,780,780,0
2022-10-20 11:55:00,775,775,780,780,0
2022-10-20 11:56:00,775,775,780,780,0
2022-10-20 11:57:00,775,775,780,780,0
2022-10-20 11:58:00,775,775,780,780,0
2022-10-20 11:59:00,775,775,780,780,0
2022-10-20 12:00:00,775,775,780,780,0
2022-10-20 12:01:00,775,775,780,780,0
2022-10-20 12:02:00,775,775,780,780,0
2022-10-20 12:03:00,775,775,780,780,0
2022-10-20 12:04:00,775,775,780,780,0
2022-10-20 12:05:00,775,775,780,780,0
2022-10-20 12:06:00,775,775,780,780,0
2022-10-20 12:07:00,775,775,780,780,0
2022-10-20 12:08:00,775,775,780,780,0
2022-10-20 12:09:00,775,775,780,780,0
2022-10-20 12:10:00,775,775,780,780,0
2022-10-20 12:11:00,775,775,780,780,0
2022-10-20 12:12:00,775,775,780,780,0
2022-10-20 12:13:00,775,775,780,780,0
2022-10-20 12:14:00,775,775,780,780,0
2022-10-20 12:15:00,775,775,780,780,0
2022-10-20 12:16:00,775,775,780,780,0
2022-10-20 12:17:00,775,775,780,780,0
2022-10-20 12:18:00,775,775,780,780,0
2022-10-20 12:19:00,775,775,780,780,0
2022-10-20 12:20:00,775,775,780,780,0
2022-10-20 12:21:00,775,775,780,780,0
2022-10-20 12:22:00,775,775,780,780,0
2022-10-20 12:23:00,775,775,780,780,0
2022-10-20 12:24:00,775,775,780,780,0
2022-10-20 12:25:00,775,775,780,780,0
2022-10-20 12:26:00,775,775,780,780,0
2022-10-20 12:27:00,775,775,780,780,0
2022-10-20 12:28:00,775,775,780,780,0
2022-10-20 12:29:00,775,775,780,780,0
2022-10-20 12:30:00,775,775,780,780,0
2022-10-20 12:31:00,775,775,780,780,0
2022-10-20 12:32:00,775,775,780,780,0
2022-10-20 12:33:00,775,775,780,780,0
2022-10-20 12:34:00,775,775,780,780,0
2022-10-20 12:35:00,775,775,780,780,0
2022-10-20 12:36:00,775,775,780,780,0
2022-10-20 12:37:00,775,775,780,780,0
2022-10-20 12:38:00,775,775,780,780,0
2022-10-20 12:39:00,775,775,780,780,0
2022-10-20 12:40:00,775,775,780,780,0
2022-10-20 12:41:00,775,775,780,780,0
2022-10-20 12:42:00,775,775,780,780,0
2022-10-20 12:43:00,775,775,780,780,0
2022-10-20 12:44:00,775,775,780,780,0
2022-10-20 12:45:00,775,775,780,780,0
2022-10-20 12:46:00,775,775,780,780,0
2022-10-20 12:47:00,775,775,780,780,0
2022-10-20 12:48:00,775,775,780,780,0
2022-10-20 12:49:00,775,775,780,780,0
2022-10-20 12:50:00,775,775,780,780,0
2022-10-20 12:51:00,775,775,780,780,0
2022-10-20 12:52:00,775,775,780,780,0
2022-10-20 12:53:00,775,775,780,780,0
2022-10-20 12:54:00,775,775,780,780,0
2022-10-20 12:55:00,775,775,780,780,0
2022-10-20 12:56:00,775,775,780,780,0
2022-10-20 12:57:00,775,775,780,780,0
2022-10-20 12:58:00,775,775,780,780,0
2022-10-20 12:59:00,775,775,780,780,0
2022-10-20 13:00:00,775,775,780,780,0
2022-10-20 13:01:00,775,775,780,780,0
2022-10-20 13:02:00,775,775,780,780,0
2022-10-20 13:03:00,775,775,780,780,0
2022-10-20 13:04:00,775,775,780,780,0
2022-10-20 13:05:00,775,775,780,780,0
2022-10-20 13:06:00,775,775,780,780,0
2022-10-20 13:07:00,775,775,780,780,0
2022-10-20 13:08:00,775,775,780,780,0
2022-10-20 13:09:00,775,775,780,780,0
2022-10-20 13:10:00,775,775,780,780,0
2022-10-20 13:11:00,775,775,780,780,0
2022-10-20 13:12:00,775,775,780,780,0
2022-10-20 13:13:00,775,775,780,780,0
2022-10-20 13:14:00,775,775,780,780,0
2022-10-20 13:15:00,775,775,780,780,0
2022-10-20 13:16:00,775,775,780,780,0
2022-10-20 13:17:00,775,775,780,780,0
2022-10-20 13:18:00,775,775,780,780,0
2022-10-20 13:19:00,775,775,780,780,0
2022-10-20 13:20:00,775,775,780,780,0
2022-10-20 13:21:00,775,775,780,780,0
2022-10-20 13:22:00,775,775,780,780,0
2022-10-20 13:23:00,775,775,780,780,0
2022-10-20 13:24:00,775,775,780,780,0
2022-10-20 13:25:00,775,775,780,780,0
2022-10-20 13:26:00,775,775,780,780,0
2022-10-20 13:27:00,775,775,780,780,0
2022-10-20 13:28:00,775,775,780,780,0
2022-10-20 13:29:00,775,775,780,780,0
2022-10-20 13:30:00,780,775,780,775,5500
2022-10-20 13:31:00,780,775,780,775,0
2022-10-20 13:32:00,775,775,775,775,0
2022-10-20 13:33:00,775,775,775,775,0
2022-10-20 13:34:00,775,775,775,775,900
2022-10-20 13:35:00,775,775,775,775,0
2022-10-20 13:36:00,775,775,775,775,0
2022-10-20 13:37:00,775,775,775,775,0
2022-10-20 13:38:00,775,775,775,775,0
2022-10-20 13:39:00,775,775,775,775,0
2022-10-20 13:40:00,775,775,775,775,0
2022-10-20 13:41:00,775,775,775,775,0
2022-10-20 13:42:00,775,775,775,775,0
2022-10-20 13:43:00,775,775,775,775,0
2022-10-20 13:44:00,775,775,775,775,0
2022-10-20 13:45:00,775,765,775,765,14900
2022-10-20 13:46:00,775,765,775,765,0
2022-10-20 13:47:00,775,765,775,765,0
2022-10-20 13:48:00,775,765,775,765,0
2022-10-20 13:49:00,775,765,775,765,0
2022-10-20 13:50:00,775,765,775,765,0
2022-10-20 13:51:00,775,765,775,765,0
2022-10-20 13:52:00,775,765,775,765,0
2022-10-20 13:53:00,775,765,775,765,0
2022-10-20 13:54:00,775,765,775,765,0
2022-10-20 13:55:00,765,765,765,765,2200
2022-10-20 13:56:00,770,770,770,770,0
2022-10-20 13:57:00,765,765,765,765,900
2022-10-20 13:58:00,765,765,765,765,0
2022-10-20 13:59:00,765,765,765,765,0
2022-10-20 14:00:00,765,765,765,765,0
2022-10-20 14:01:00,765,765,765,765,0
2022-10-20 14:02:00,765,765,765,765,0
2022-10-20 14:03:00,765,765,765,765,0
2022-10-20 14:04:00,765,765,765,765,0
2022-10-20 14:05:00,765,765,765,765,1300
2022-10-20 14:06:00,765,765,765,765,0
2022-10-20 14:07:00,765,765,765,765,0
2022-10-20 14:08:00,765,765,765,765,0
2022-10-20 14:09:00,765,765,765,765,0
2022-10-20 14:10:00,765,765,765,765,0
2022-10-20 14:11:00,765,765,765,765,0
2022-10-20 14:12:00,765,765,765,765,0
2022-10-20 14:13:00,765,765,765,765,0
2022-10-20 14:14:00,765,765,765,765,0
2022-10-20 14:15:00,765,765,765,765,0
2022-10-20 14:16:00,765,765,765,765,0
2022-10-20 14:17:00,770,770,770,770,100
2022-10-20 14:18:00,770,770,770,770,0
2022-10-20 14:19:00,770,770,770,770,4500
2022-10-20 14:20:00,770,770,770,770,0
2022-10-20 14:21:00,770,770,770,770,0
2022-10-20 14:22:00,765,765,765,765,10900
2022-10-20 14:23:00,765,765,765,765,0
2022-10-20 14:24:00,765,765,765,765,0
2022-10-20 14:25:00,765,765,765,765,19400
2022-10-20 14:26:00,765,765,765,765,0
2022-10-20 14:27:00,765,765,765,765,0
2022-10-20 14:28:00,765,765,765,765,0
2022-10-20 14:29:00,765,765,765,765,0
2022-10-20 14:30:00,765,765,765,765,0
2022-10-20 14:31:00,765,765,765,765,0
2022-10-20 14:32:00,765,765,765,765,0
2022-10-20 14:33:00,765,765,765,765,0
2022-10-20 14:34:00,765,765,765,765,0
2022-10-20 14:35:00,770,770,770,770,0
2022-10-20 14:36:00,770,770,770,770,0
2022-10-20 14:37:00,770,770,770,770,0
2022-10-20 14:38:00,770,770,770,770,0
2022-10-20 14:39:00,770,770,770,770,0
2022-10-20 14:40:00,770,770,770,770,0
2022-10-20 14:41:00,770,770,770,770,0
2022-10-20 14:42:00,765,765,765,765,1000
2022-10-20 14:43:00,765,765,765,765,0
2022-10-20 14:44:00,765,765,765,765,0
2022-10-20 14:45:00,765,765,765,765,0
2022-10-20 14:46:00,765,765,765,765,0
2022-10-20 14:47:00,765,765,765,765,500
2022-10-20 14:48:00,765,765,765,765,0
2022-10-20 14:49:00,765,755,765,755,97900
2022-10-20 14:50:00,765,755,765,755,0
2022-10-20 14:51:00,765,755,765,755,0
2022-10-20 14:52:00,765,755,765,755,0
2022-10-20 14:53:00,765,755,765,755,0
2022-10-20 14:54:00,765,755,765,755,0
2022-10-20 14:55:00,765,755,765,755,0
2022-10-20 14:56:00,765,755,765,755,0
2022-10-20 14:57:00,765,755,765,755,0
2022-10-20 14:58:00,765,755,765,755,0
2022-10-20 14:59:00,765,755,765,755,0
2022-10-20 15:00:00,770,770,770,770,10600
2022-10-20 15:01:00,770,770,770,770,0
2022-10-20 15:02:00,770,770,770,770,0
2022-10-20 15:03:00,770,770,770,770,0
2022-10-20 15:04:00,770,770,770,770,0
2022-10-20 15:05:00,770,770,770,770,0
2022-10-20 15:06:00,770,770,770,770,0
2022-10-20 15:07:00,770,770,770,770,0
2022-10-20 15:08:00,770,770,770,770,0
2022-10-20 15:09:00,770,770,770,770,0
2022-10-20 15:10:00,770,770,770,770,0
2022-10-20 15:11:00,770,770,770,770,0
2022-10-20 15:12:00,770,770,770,770,0
2022-10-20 15:13:00,770,770,770,770,0
2022-10-20 15:14:00,770,770,770,770,0
2022-10-20 15:15:00,770,770,770,770,0
2022-10-20 15:16:00,770,770,770,770,0
2022-10-20 15:17:00,770,770,770,770,0
2022-10-20 15:18:00,770,770,770,770,0
2022-10-20 15:19:00,770,770,770,770,0
2022-10-20 15:20:00,770,770,770,770,0
2022-10-20 15:21:00,770,770,770,770,0
2022-10-20 15:22:00,770,770,770,770,0
2022-10-20 15:23:00,770,770,770,770,0
2022-10-20 15:24:00,770,770,770,770,0
2022-10-20 15:25:00,770,770,770,770,0
2022-10-20 15:26:00,770,770,770,770,0
2022-10-20 15:27:00,770,770,770,770,0
2022-10-20 15:28:00,770,770,770,770,0
2022-10-20 15:29:00,770,770,770,770,0
2022-10-20 15:30:00,770,770,770,770,0
2022-10-20 15:31:00,770,770,770,770,0
2022-10-20 15:32:00,770,770,770,770,0
2022-10-20 15:33:00,770,770,770,770,0
2022-10-20 15:34:00,770,770,770,770,0
2022-10-20 15:35:00,770,770,770,770,0
2022-10-20 15:36:00,770,770,770,770,0
2022-10-20 15:37:00,770,770,770,770,0
2022-10-20 15:38:00,770,770,770,770,0
2022-10-20 15:39:00,770,770,770,770,0
2022-10-20 15:40:00,770,770,770,770,0
2022-10-20 15:41:00,770,770,770,770,0
2022-10-20 15:42:00,770,770,770,770,0
2022-10-20 15:43:00,770,770,770,770,0
2022-10-20 15:44:00,770,770,770,770,0
2022-10-20 15:45:00,770,770,770,770,0
2022-10-20 15:46:00,770,770,770,770,0
2022-10-20 15:47:00,770,770,770,770,0
2022-10-20 15:48:00,770,770,770,770,0
2022-10-20 15:49:00,770,770,770,770,0
2022-10-20 15:50:00,770,770,770,770,0
2022-10-20 15:51:00,770,770,770,770,0
2022-10-20 15:52:00,770,770,770,770,0
2022-10-20 15:53:00,770,770,770,770,0
2022-10-20 15:54:00,770,770,770,770,0
2022-10-20 15:55:00,770,770,770,770,0
2022-10-20 15:56:00,770,770,770,770,0
2022-10-20 15:57:00,770,770,770,770,0
2022-10-20 15:58:00,770,770,770,770,0
2022-10-20 15:59:00,770,770,770,770,0
2022-10-21 09:00:00,770,770,770,770,2300
2022-10-21 09:01:00,770,770,770,770,0
2022-10-21 09:02:00,770,770,785,785,4800
2022-10-21 09:03:00,770,770,785,785,0
2022-10-21 09:04:00,770,770,785,785,0
2022-10-21 09:05:00,780,780,780,780,400
2022-10-21 09:06:00,780,780,780,780,0
2022-10-21 09:07:00,780,780,780,780,0
2022-10-21 09:08:00,780,780,780,780,0
2022-10-21 09:09:00,780,780,780,780,0
2022-10-21 09:10:00,780,780,780,780,0
2022-10-21 09:11:00,780,780,780,780,0
2022-10-21 09:12:00,780,780,780,780,0
2022-10-21 09:13:00,780,780,780,780,0
2022-10-21 09:14:00,780,780,780,780,0
2022-10-21 09:15:00,775,775,775,775,400
2022-10-21 09:16:00,775,775,775,775,0
2022-10-21 09:17:00,775,775,775,775,0
2022-10-21 09:18:00,780,780,780,780,2000
2022-10-21 09:19:00,780,780,780,780,1000
2022-10-21 09:20:00,780,780,780,780,200
2022-10-21 09:21:00,780,780,790,790,158900
2022-10-21 09:22:00,790,790,790,790,1100
2022-10-21 09:23:00,790,790,790,790,0
2022-10-21 09:24:00,790,790,790,790,0
2022-10-21 09:25:00,790,790,790,790,0
2022-10-21 09:26:00,790,790,790,790,0
2022-10-21 09:27:00,790,790,795,795,3600
2022-10-21 09:28:00,790,790,795,795,0
2022-10-21 09:29:00,790,790,790,790,0
2022-10-21 09:30:00,790,790,790,790,0
2022-10-21 09:31:00,790,790,790,790,188600
2022-10-21 09:32:00,790,790,790,790,0
2022-10-21 09:33:00,790,790,790,790,0
2022-10-21 09:34:00,790,790,790,790,0
2022-10-21 09:35:00,785,785,785,785,0
2022-10-21 09:36:00,780,780,780,780,0
2022-10-21 09:37:00,780,780,780,780,0
2022-10-21 09:38:00,780,780,780,780,0
2022-10-21 09:39:00,780,780,780,780,0
2022-10-21 09:40:00,780,780,780,780,0
2022-10-21 09:41:00,780,780,780,780,0
2022-10-21 09:42:00,780,780,780,780,0
2022-10-21 09:43:00,785,785,785,785,700
2022-10-21 09:44:00,785,785,785,785,1800
2022-10-21 09:45:00,780,780,780,780,50100
2022-10-21 09:46:00,780,780,780,780,0
2022-10-21 09:47:00,780,780,780,780,0
2022-10-21 09:48:00,780,780,780,780,0
2022-10-21 09:49:00,780,780,780,780,0
2022-10-21 09:50:00,785,785,785,785,100
2022-10-21 09:51:00,785,785,785,785,0
2022-10-21 09:52:00,780,780,780,780,1400
2022-10-21 09:53:00,785,780,795,795,15700
2022-10-21 09:54:00,785,780,795,795,0
2022-10-21 09:55:00,785,780,795,795,0
2022-10-21 09:56:00,790,780,790,780,4200
2022-10-21 09:57:00,790,780,790,780,0
2022-10-21 09:58:00,790,780,790,780,0
2022-10-21 09:59:00,790,780,790,780,0
2022-10-21 10:00:00,780,780,780,780,9000
2022-10-21 10:01:00,780,780,780,780,0
2022-10-21 10:02:00,780,780,780,780,0
2022-10-21 10:03:00,780,780,780,780,0
2022-10-21 10:04:00,780,780,780,780,0
2022-10-21 10:05:00,780,780,780,780,0
2022-10-21 10:06:00,780,780,780,780,0
2022-10-21 10:07:00,780,780,780,780,0
2022-10-21 10:08:00,780,780,780,780,0
2022-10-21 10:09:00,780,780,780,780,0
2022-10-21 10:10:00,780,780,780,780,0
2022-10-21 10:11:00,780,780,780,780,1000
2022-10-21 10:12:00,780,780,780,780,0
2022-10-21 10:13:00,780,780,780,780,0
2022-10-21 10:14:00,785,785,785,785,0
2022-10-21 10:15:00,785,785,785,785,0
2022-10-21 10:16:00,785,785,785,785,0
2022-10-21 10:17:00,785,785,785,785,0
2022-10-21 10:18:00,785,780,790,785,97400
2022-10-21 10:19:00,790,785,790,785,0
2022-10-21 10:20:00,785,785,785,785,0
2022-10-21 10:21:00,785,785,785,785,0
2022-10-21 10:22:00,785,785,785,785,0
2022-10-21 10:23:00,785,785,785,785,0
2022-10-21 10:24:00,785,785,785,785,0
2022-10-21 10:25:00,785,785,785,785,0
2022-10-21 10:26:00,785,785,785,785,200
2022-10-21 10:27:00,785,785,785,785,500
2022-10-21 10:28:00,785,785,785,785,700
2022-10-21 10:29:00,785,785,785,785,0
2022-10-21 10:30:00,785,785,785,785,0
2022-10-21 10:31:00,785,785,785,785,0
2022-10-21 10:32:00,780,780,780,780,0
2022-10-21 10:33:00,780,780,780,780,0
2022-10-21 10:34:00,780,780,780,780,0
2022-10-21 10:35:00,780,780,780,780,0
2022-10-21 10:36:00,780,780,780,780,0
2022-10-21 10:37:00,780,780,780,780,0
2022-10-21 10:38:00,780,780,780,780,0
2022-10-21 10:39:00,780,780,780,780,0
2022-10-21 10:40:00,780,780,780,780,0
2022-10-21 10:41:00,780,780,780,780,0
2022-10-21 10:42:00,780,780,780,780,0
2022-10-21 10:43:00,785,780,785,780,45900
2022-10-21 10:44:00,785,780,785,780,0
2022-10-21 10:45:00,785,780,785,780,0
2022-10-21 10:46:00,785,780,785,780,0
2022-10-21 10:47:00,785,780,785,780,0
2022-10-21 10:48:00,785,780,785,780,0
2022-10-21 10:49:00,785,780,785,780,0
2022-10-21 10:50:00,785,780,785,780,0
2022-10-21 10:51:00,785,780,785,780,0
2022-10-21 10:52:00,775,775,775,775,0
2022-10-21 10:53:00,775,775,775,775,12400
2022-10-21 10:54:00,775,775,775,775,0
2022-10-21 10:55:00,775,775,775,775,0
2022-10-21 10:56:00,775,775,775,775,0
2022-10-21 10:57:00,775,775,775,775,0
2022-10-21 10:58:00,775,775,775,775,200
2022-10-21 10:59:00,775,775,775,775,0
2022-10-21 11:00:00,775,775,775,775,0
2022-10-21 11:01:00,775,775,775,775,0
2022-10-21 11:02:00,775,775,775,775,0
2022-10-21 11:03:00,775,775,775,775,0
2022-10-21 11:04:00,775,775,775,775,0
2022-10-21 11:05:00,775,775,775,775,0
2022-10-21 11:06:00,775,775,775,775,0
2022-10-21 11:07:00,775,775,775,775,0
2022-10-21 11:08:00,775,775,775,775,0
2022-10-21 11:09:00,775,775,775,775,0
2022-10-21 11:10:00,775,775,775,775,0
2022-10-21 11:11:00,775,775,775,775,1400
2022-10-21 11:12:00,775,775,775,775,0
2022-10-21 11:13:00,775,775,775,775,0
2022-10-21 11:14:00,775,775,775,775,0
2022-10-21 11:15:00,775,775,775,775,0
2022-10-21 11:16:00,775,775,775,775,0
2022-10-21 11:17:00,775,775,775,775,0
2022-10-21 11:18:00,775,775,775,775,0
2022-10-21 11:19:00,775,775,775,775,0
2022-10-21 11:20:00,775,775,775,775,0
2022-10-21 11:21:00,775,775,775,775,0
2022-10-21 11:22:00,775,775,775,775,0
2022-10-21 11:23:00,775,775,775,775,0
2022-10-21 11:24:00,775,775,775,775,0
2022-10-21 11:25:00,775,775,775,775,0
2022-10-21 11:26:00,775,775,775,775,0
2022-10-21 11:27:00,775,775,775,775,0
2022-10-21 11:28:00,775,775,775,775,0
2022-10-21 11:29:00,775,775,775,775,0
2022-10-21 11:30:00,775,775,775,775,0
2022-10-21 11:31:00,775,775,775,775,0
2022-10-21 11:32:00,775,775,775,775,0
2022-10-21 11:33:00,775,775,775,775,0
2022-10-21 11:34:00,775,775,775,775,0
2022-10-21 11:35:00,775,775,775,775,0
2022-10-21 11:36:00,775,775,775,775,0
2022-10-21 11:37:00,775,775,775,775,0
2022-10-21 11:38:00,775,775,775,775,0
2022-10-21 11:39:00,775,775,775,775,0
2022-10-21 11:40:00,775,775,775,775,0
2022-10-21 11:41:00,775,775,775,775,0
2022-10-21 11:42:00,775,775,775,775,0
2022-10-21 11:43:00,775,775,775,775,0
2022-10-21 11:44:00,775,775,775,775,0
2022-10-21 11:45:00,775,775,775,775,0
2022-10-21 11:46:00,775,775,775,775,0
2022-10-21 11:47:00,775,775,775,775,0
2022-10-21 11:48:00,775,775,775,775,0
2022-10-21 11:49:00,775,775,775,775,0
2022-10-21 11:50:00,775,775,775,775,0
2022-10-21 11:51:00,775,775,775,775,0
2022-10-21 11:52:00,775,775,775,775,0
2022-10-21 11:53:00,775,775,775,775,0
2022-10-21 11:54:00,775,775,775,775,0
2022-10-21 11:55:00,775,775,775,775,0
2022-10-21 11:56:00,775,775,775,775,0
2022-10-21 11:57:00,775,775,775,775,0
2022-10-21 11:58:00,775,775,775,775,0
2022-10-21 11:59:00,775,775,775,775,0
2022-10-21 12:00:00,775,775,775,775,0
2022-10-21 12:01:00,775,775,775,775,0
2022-10-21 12:02:00,775,775,775,775,0
2022-10-21 12:03:00,775,775,775,775,0
2022-10-21 12:04:00,775,775,775,775,0
2022-10-21 12:05:00,775,775,775,775,0
2022-10-21 12:06:00,775,775,775,775,0
2022-10-21 12:07:00,775,775,775,775,0
2022-10-21 12:08:00,775,775,775,775,0
2022-10-21 12:09:00,775,775,775,775,0
2022-10-21 12:10:00,775,775,775,775,0
2022-10-21 12:11:00,775,775,775,775,0
2022-10-21 12:12:00,775,775,775,775,0
2022-10-21 12:13:00,775,775,775,775,0
2022-10-21 12:14:00,775,775,775,775,0
2022-10-21 12:15:00,775,775,775,775,0
2022-10-21 12:16:00,775,775,775,775,0
2022-10-21 12:17:00,775,775,775,775,0
2022-10-21 12:18:00,775,775,775,775,0
2022-10-21 12:19:00,775,775,775,775,0
2022-10-21 12:20:00,775,775,775,775,0
2022-10-21 12:21:00,775,775,775,775,0
2022-10-21 12:22:00,775,775,775,775,0
2022-10-21 12:23:00,775,775,775,775,0
2022-10-21 12:24:00,775,775,775,775,0
2022-10-21 12:25:00,775,775,775,775,0
2022-10-21 12:26:00,775,775,775,775,0
2022-10-21 12:27:00,775,775,775,775,0
2022-10-21 12:28:00,775,775,775,775,0
2022-10-21 12:29:00,775,775,775,775,0
2022-10-21 12:30:00,775,775,775,775,0
2022-10-21 12:31:00,775,775,775,775,0
2022-10-21 12:32:00,775,775,775,775,0
2022-10-21 12:33:00,775,775,775,775,0
2022-10-21 12:34:00,775,775,775,775,0
2022-10-21 12:35:00,775,775,775,775,0
2022-10-21 12:36:00,775,775,775,775,0
2022-10-21 12:37:00,775,775,775,775,0
2022-10-21 12:38:00,775,775,775,775,0
2022-10-21 12:39:00,775,775,775,775,0
2022-10-21 12:40:00,775,775,775,775,0
2022-10-21 12:41:00,775,775,775,775,0
2022-10-21 12:42:00,775,775,775,775,0
2022-10-21 12:43:00,775,775,775,775,0
2022-10-21 12:44:00,775,775,775,775,0
2022-10-21 12:45:00,775,775,775,775,0
2022-10-21 12:46:00,775,775,775,775,0
2022-10-21 12:47:00,775,775,775,775,0
2022-10-21 12:48:00,775,775,775,775,0
2022-10-21 12:49:00,775,775,775,775,0
2022-10-21 12:50:00,775,775,775,775,0
2022-10-21 12:51:00,775,775,775,775,0
2022-10-21 12:52:00,775,775,775,775,0
2022-10-21 12:53:00,775,775,775,775,0
2022-10-21 12:54:00,775,775,775,775,0
2022-10-21 12:55:00,775,775,775,775,0
2022-10-21 12:56:00,775,775,775,775,0
2022-10-21 12:57:00,775,775,775,775,0
2022-10-21 12:58:00,775,775,775,775,0
2022-10-21 12:59:00,775,775,775,775,0
2022-10-21 13:00:00,775,775,775,775,0
2022-10-21 13:01:00,775,775,775,775,0
2022-10-21 13:02:00,775,775,775,775,0
2022-10-21 13:03:00,775,775,775,775,0
2022-10-21 13:04:00,775,775,775,775,0
2022-10-21 13:05:00,775,775,775,775,0
2022-10-21 13:06:00,775,775,775,775,0
2022-10-21 13:07:00,775,775,775,775,0
2022-10-21 13:08:00,775,775,775,775,0
2022-10-21 13:09:00,775,775,775,775,0
2022-10-21 13:10:00,775,775,775,775,0
2022-10-21 13:11:00,775,775,775,775,0
2022-10-21 13:12:00,775,775,775,775,0
2022-10-21 13:13:00,775,775,775,775,0
2022-10-21 13:14:00,775,775,775,775,0
2022-10-21 13:15:00,775,775,775,775,0
2022-10-21 13:16:00,775,775,775,775,0
2022-10-21 13:17:00,775,775,775,775,0
2022-10-21 13:18:00,775,775,775,775,0
2022-10-21 13:19:00,775,775,775,775,0
2022-10-21 13:20:00,775,775,775,775,0
2022-10-21 13:21:00,775,775,775,775,0
2022-10-21 13:22:00,775,775,775,775,0
2022-10-21 13:23:00,775,775,775,775,0
2022-10-21 13:24:00,775,775,775,775,0
2022-10-21 13:25:00,775,775,775,775,0
2022-10-21 13:26:00,775,775,775,775,0
2022-10-21 13:27:00,775,775,775,775,0
2022-10-21 13:28:00,775,775,775,775,0
2022-10-21 13:29:00,775,775,775,775,0
2022-10-21 13:30:00,775,775,775,775,0
2022-10-21 13:31:00,775,775,775,775,0
2022-10-21 13:32:00,775,775,775,775,0
2022-10-21 13:33:00,775,775,775,775,0
2022-10-21 13:34:00,775,775,775,775,0
2022-10-21 13:35:00,770,770,775,775,16100
2022-10-21 13:36:00,770,770,775,775,0
2022-10-21 13:37:00,770,770,775,775,0
2022-10-21 13:38:00,770,770,775,775,0
2022-10-21 13:39:00,770,770,775,775,0
2022-10-21 13:40:00,770,770,775,775,0
2022-10-21 13:41:00,770,765,770,765,2100
2022-10-21 13:42:00,770,765,770,765,0
2022-10-21 13:43:00,770,765,770,765,0
2022-10-21 13:44:00,770,765,770,765,0
2022-10-21 13:45:00,780,780,780,780,0
2022-10-21 13:46:00,780,780,780,780,900
2022-10-21 13:47:00,780,780,780,780,0
2022-10-21 13:48:00,780,780,780,780,0
2022-10-21 13:49:00,780,780,780,780,0
2022-10-21 13:50:00,780,780,780,780,0
2022-10-21 13:51:00,780,780,780,780,0
2022-10-21 13:52:00,780,780,780,780,0
2022-10-21 13:53:00,780,780,780,780,0
2022-10-21 13:54:00,780,780,780,780,100
2022-10-21 13:55:00,780,780,780,780,0
2022-10-21 13:56:00,780,780,780,780,0
2022-10-21 13:57:00,780,780,780,780,0
2022-10-21 13:58:00,780,780,780,780,0
2022-10-21 13:59:00,780,780,780,780,0
2022-10-21 14:00:00,780,780,780,780,0
2022-10-21 14:01:00,780,780,780,780,0
2022-10-21 14:02:00,780,780,780,780,0
2022-10-21 14:03:00,780,780,780,780,0
2022-10-21 14:04:00,780,780,780,780,0
2022-10-21 14:05:00,780,780,780,780,0
2022-10-21 14:06:00,780,780,780,780,0
2022-10-21 14:07:00,780,780,780,780,0
2022-10-21 14:08:00,780,780,780,780,0
2022-10-21 14:09:00,780,780,780,780,1000
2022-10-21 14:10:00,775,775,775,775,2000
2022-10-21 14:11:00,775,775,775,775,0
2022-10-21 14:12:00,775,775,775,775,0
2022-10-21 14:13:00,775,775,775,775,0
2022-10-21 14:14:00,775,775,775,775,0
2022-10-21 14:15:00,775,775,775,775,0
2022-10-21 14:16:00,775,775,775,775,1900
2022-10-21 14:17:00,775,775,775,775,0
2022-10-21 14:18:00,775,775,775,775,0
2022-10-21 14:19:00,775,775,775,775,0
2022-10-21 14:20:00,775,775,775,775,0
2022-10-21 14:21:00,770,770,770,770,200
2022-10-21 14:22:00,770,770,770,770,0
2022-10-21 14:23:00,770,770,770,770,0
2022-10-21 14:24:00,775,775,775,775,100
2022-10-21 14:25:00,775,775,775,775,0
2022-10-21 14:26:00,775,775,775,775,2000
2022-10-21 14:27:00,775,775,775,775,0
2022-10-21 14:28:00,775,775,775,775,0
2022-10-21 14:29:00,775,775,775,775,53000
2022-10-21 14:30:00,775,775,775,775,0
2022-10-21 14:31:00,775,775,775,775,0
2022-10-21 14:32:00,775,775,775,775,0
2022-10-21 14:33:00,775,775,775,775,0
2022-10-21 14:34:00,775,775,775,775,0
2022-10-21 14:35:00,775,775,775,775,0
2022-10-21 14:36:00,775,775,775,775,0
2022-10-21 14:37:00,775,775,775,775,0
2022-10-21 14:38:00,775,775,775,775,0
2022-10-21 14:39:00,775,775,775,775,0
2022-10-21 14:40:00,775,775,775,775,0
2022-10-21 14:41:00,775,775,775,775,0
2022-10-21 14:42:00,775,775,775,775,0
2022-10-21 14:43:00,775,775,775,775,0
2022-10-21 14:44:00,775,775,775,775,0
2022-10-21 14:45:00,775,775,775,775,0
2022-10-21 14:46:00,775,775,775,775,0
2022-10-21 14:47:00,775,775,775,775,0
2022-10-21 14:48:00,770,770,770,770,700
2022-10-21 14:49:00,770,770,770,770,0
2022-10-21 14:50:00,770,770,770,770,0
2022-10-21 14:51:00,770,770,770,770,0
2022-10-21 14:52:00,770,770,770,770,0
2022-10-21 14:53:00,770,770,770,770,0
2022-10-21 14:54:00,770,770,770,770,0
2022-10-21 14:55:00,770,770,770,770,0
2022-10-21 14:56:00,770,770,770,770,0
2022-10-21 14:57:00,770,770,770,770,0
2022-10-21 14:58:00,770,770,770,770,0
2022-10-21 14:59:00,770,770,770,770,0
2022-10-21 15:00:00,775,775,775,775,28400
2022-10-21 15:01:00,775,775,775,775,600
2022-10-21 15:02:00,775,775,775,775,3500
2022-10-21 15:03:00,775,775,775,775,0
2022-10-21 15:04:00,775,775,775,775,0
2022-10-21 15:05:00,775,775,775,775,0
2022-10-21 15:06:00,775,775,775,775,0
2022-10-21 15:07:00,775,775,775,775,0
2022-10-21 15:08:00,775,775,775,775,0
2022-10-21 15:09:00,775,775,775,775,0
2022-10-21 15:10:00,775,775,775,775,0
2022-10-21 15:11:00,775,775,775,775,162500
2022-10-21 15:12:00,775,775,775,775,0
2022-10-21 15:13:00,775,775,775,775,0
2022-10-21 15:14:00,775,775,775,775,0
2022-10-21 15:15:00,775,775,775,775,0
2022-10-21 15:16:00,775,775,775,775,0
2022-10-21 15:17:00,775,775,775,775,0
2022-10-21 15:18:00,775,775,775,775,0
2022-10-21 15:19:00,775,775,775,775,0
2022-10-21 15:20:00,775,775,775,775,0
2022-10-21 15:21:00,775,775,775,775,0
2022-10-21 15:22:00,775,775,775,775,0
2022-10-21 15:23:00,775,775,775,775,0
2022-10-21 15:24:00,775,775,775,775,0
2022-10-21 15:25:00,775,775,775,775,0
2022-10-21 15:26:00,775,775,775,775,0
2022-10-21 15:27:00,775,775,775,775,0
2022-10-21 15:28:00,775,775,775,775,0
2022-10-21 15:29:00,775,775,775,775,0
2022-10-21 15:30:00,775,775,775,775,0
2022-10-21 15:31:00,775,775,775,775,0
2022-10-21 15:32:00,775,775,775,775,0
2022-10-21 15:33:00,775,775,775,775,0
2022-10-21 15:34:00,775,775,775,775,0
2022-10-21 15:35:00,775,775,775,775,0
2022-10-21 15:36:00,775,775,775,775,0
2022-10-21 15:37:00,775,775,775,775,0
2022-10-21 15:38:00,775,775,775,775,0
2022-10-21 15:39:00,775,775,775,775,0
2022-10-21 15:40:00,775,775,775,775,0
2022-10-21 15:41:00,775,775,775,775,0
2022-10-21 15:42:00,775,775,775,775,0
2022-10-21 15:43:00,775,775,775,775,0
2022-10-21 15:44:00,775,775,775,775,0
2022-10-21 15:45:00,775,775,775,775,0
2022-10-21 15:46:00,775,775,775,775,0
2022-10-21 15:47:00,775,775,775,775,0
2022-10-21 15:48:00,775,775,775,775,0
2022-10-21 15:49:00,775,775,775,775,0
2022-10-21 15:50:00,775,775,775,775,0
2022-10-21 15:51:00,775,775,775,775,0
2022-10-21 15:52:00,775,775,775,775,0
2022-10-21 15:53:00,775,775,775,775,0
2022-10-21 15:54:00,775,775,775,775,0
2022-10-21 15:55:00,775,775,775,775,0
2022-10-21 15:56:00,775,775,775,775,0
2022-10-21 15:57:00,775,775,775,775,0
2022-10-21 15:58:00,775,775,775,775,0
2022-10-21 15:59:00,775,775,775,775,0
2022-10-24 09:00:00,790,785,795,795,0
2022-10-24 09:01:00,795,790,800,795,139800
2022-10-24 09:02:00,800,800,825,820,122700
2022-10-24 09:03:00,820,820,820,820,18400
2022-10-24 09:04:00,815,810,815,810,40100
2022-10-24 09:05:00,810,810,810,810,100
2022-10-24 09:06:00,810,810,810,810,0
2022-10-24 09:07:00,810,800,810,805,89600
2022-10-24 09:08:00,805,805,805,805,400
2022-10-24 09:09:00,800,800,800,800,42300
2022-10-24 09:10:00,800,800,800,800,63300
2022-10-24 09:11:00,805,805,805,805,80000
2022-10-24 09:12:00,810,810,810,810,1200
2022-10-24 09:13:00,810,810,815,810,15700
2022-10-24 09:14:00,815,810,815,810,15000
2022-10-24 09:15:00,815,815,815,815,22900
2022-10-24 09:16:00,815,815,815,815,0
2022-10-24 09:17:00,820,820,820,820,2300
2022-10-24 09:18:00,815,815,815,815,9900
2022-10-24 09:19:00,810,810,815,815,14300
2022-10-24 09:20:00,815,815,815,815,19800
2022-10-24 09:21:00,820,820,820,820,0
2022-10-24 09:22:00,810,810,820,820,10000
2022-10-24 09:23:00,810,810,810,810,40900
2022-10-24 09:24:00,810,810,810,810,19800
2022-10-24 09:25:00,810,810,810,810,0
2022-10-24 09:26:00,810,810,815,815,3200
2022-10-24 09:27:00,815,815,815,815,37400
2022-10-24 09:28:00,815,815,815,815,0
2022-10-24 09:29:00,820,820,820,820,2500
2022-10-24 09:30:00,815,815,815,815,105700
2022-10-24 09:31:00,815,815,815,815,0
2022-10-24 09:32:00,815,815,815,815,0
2022-10-24 09:33:00,815,815,815,815,19000
2022-10-24 09:34:00,810,810,820,820,2100
2022-10-24 09:35:00,810,810,820,820,0
2022-10-24 09:36:00,820,815,820,815,17300
2022-10-24 09:37:00,820,820,820,820,66900
2022-10-24 09:38:00,825,815,825,820,382600
2022-10-24 09:39:00,820,820,830,830,1100
2022-10-24 09:40:00,820,820,830,830,1200
2022-10-24 09:41:00,825,825,830,830,4700
2022-10-24 09:42:00,820,820,820,820,16900
2022-10-24 09:43:00,825,825,825,825,1900
2022-10-24 09:44:00,825,825,825,825,7100
2022-10-24 09:45:00,825,825,825,825,0
2022-10-24 09:46:00,830,825,830,825,91500
2022-10-24 09:47:00,825,825,825,825,44600
2022-10-24 09:48:00,825,825,830,825,0
2022-10-24 09:49:00,825,825,825,825,0
2022-10-24 09:50:00,825,825,825,825,32100
2022-10-24 09:51:00,825,825,825,825,0
2022-10-24 09:52:00,825,825,825,825,0
2022-10-24 09:53:00,825,825,825,825,8300
2022-10-24 09:54:00,820,820,820,820,47800
2022-10-24 09:55:00,820,820,820,820,7200
2022-10-24 09:56:00,820,820,820,820,500
2022-10-24 09:57:00,820,820,820,820,6600
2022-10-24 09:58:00,820,820,825,825,38400
2022-10-24 09:59:00,825,825,825,825,300
2022-10-24 10:00:00,825,825,825,825,11100
2022-10-24 10:01:00,820,820,820,820,7400
2022-10-24 10:02:00,825,820,825,820,30200
2022-10-24 10:03:00,825,825,825,825,2300
2022-10-24 10:04:00,825,825,825,825,0
2022-10-24 10:05:00,825,825,825,825,0
2022-10-24 10:06:00,825,825,825,825,60300
2022-10-24 10:07:00,825,825,825,825,0
2022-10-24 10:08:00,825,825,825,825,0
2022-10-24 10:09:00,825,825,825,825,0
2022-10-24 10:10:00,825,825,825,825,0
2022-10-24 10:11:00,825,825,825,825,14200
2022-10-24 10:12:00,825,825,825,825,0
2022-10-24 10:13:00,825,825,825,825,0
2022-10-24 10:14:00,825,825,825,825,0
2022-10-24 10:15:00,825,825,825,825,10100
2022-10-24 10:16:00,825,825,825,825,81600
2022-10-24 10:17:00,830,830,830,830,0
2022-10-24 10:18:00,830,830,830,830,800
2022-10-24 10:19:00,830,830,830,830,0
2022-10-24 10:20:00,830,830,830,830,16500
2022-10-24 10:21:00,830,830,830,830,8000
2022-10-24 10:22:00,825,825,825,825,19000
2022-10-24 10:23:00,825,825,825,825,10000
2022-10-24 10:24:00,825,825,825,825,0
2022-10-24 10:25:00,830,825,830,825,6100
2022-10-24 10:26:00,830,825,830,825,0
2022-10-24 10:27:00,825,825,825,825,200
2022-10-24 10:28:00,825,825,825,825,4500
2022-10-24 10:29:00,825,825,825,825,0
2022-10-24 10:30:00,830,830,830,830,5600
2022-10-24 10:31:00,830,830,830,830,0
2022-10-24 10:32:00,830,830,830,830,71700
2022-10-24 10:33:00,830,830,830,830,0
2022-10-24 10:34:00,830,830,830,830,200
2022-10-24 10:35:00,830,830,830,830,200
2022-10-24 10:36:00,830,830,830,830,65700
2022-10-24 10:37:00,830,830,835,835,700
2022-10-24 10:38:00,830,830,835,835,2300
2022-10-24 10:39:00,835,835,835,835,0
2022-10-24 10:40:00,835,835,835,835,5000
2022-10-24 10:41:00,830,830,830,830,102400
2022-10-24 10:42:00,825,825,830,830,51000
2022-10-24 10:43:00,825,825,830,830,0
2022-10-24 10:44:00,825,825,825,825,0
2022-10-24 10:45:00,825,825,825,825,0
2022-10-24 10:46:00,830,830,830,830,10600
2022-10-24 10:47:00,830,830,830,830,0
2022-10-24 10:48:00,830,830,830,830,0
2022-10-24 10:49:00,830,830,830,830,37500
2022-10-24 10:50:00,830,830,830,830,0
2022-10-24 10:51:00,830,830,830,830,0
2022-10-24 10:52:00,830,830,830,830,0
2022-10-24 10:53:00,825,825,825,825,600
2022-10-24 10:54:00,825,825,825,825,0
2022-10-24 10:55:00,825,825,825,825,500
2022-10-24 10:56:00,825,825,825,825,24900
2022-10-24 10:57:00,825,825,825,825,0
2022-10-24 10:58:00,825,825,825,825,22800
2022-10-24 10:59:00,825,825,830,825,8900
2022-10-24 11:00:00,830,830,830,830,0
2022-10-24 11:01:00,830,830,830,830,66800
2022-10-24 11:02:00,825,825,825,825,49600
2022-10-24 11:03:00,825,825,825,825,36000
2022-10-24 11:04:00,825,825,825,825,0
2022-10-24 11:05:00,825,825,825,825,25400
2022-10-24 11:06:00,830,830,830,830,0
2022-10-24 11:07:00,830,830,830,830,0
2022-10-24 11:08:00,830,830,830,830,1600
2022-10-24 11:09:00,830,825,830,825,0
2022-10-24 11:10:00,830,825,830,825,0
2022-10-24 11:11:00,825,825,825,825,8800
2022-10-24 11:12:00,825,825,825,825,0
2022-10-24 11:13:00,825,825,825,825,0
2022-10-24 11:14:00,830,830,830,830,70300
2022-10-24 11:15:00,830,825,830,825,45500
2022-10-24 11:16:00,830,825,830,825,0
2022-10-24 11:17:00,830,825,830,825,0
2022-10-24 11:18:00,830,825,830,825,0
2022-10-24 11:19:00,830,830,830,830,50900
2022-10-24 11:20:00,830,830,830,830,5100
2022-10-24 11:21:00,830,830,830,830,4200
2022-10-24 11:22:00,835,835,835,835,0
2022-10-24 11:23:00,835,835,835,835,0
2022-10-24 11:24:00,835,835,835,835,0
2022-10-24 11:25:00,835,835,835,835,3200
2022-10-24 11:26:00,835,835,835,835,5800
2022-10-24 11:27:00,835,835,835,835,0
2022-10-24 11:28:00,835,835,835,835,100
2022-10-24 11:29:00,835,835,835,835,0
2022-10-24 11:30:00,835,835,835,835,0
2022-10-24 11:31:00,835,835,835,835,0
2022-10-24 11:32:00,835,835,835,835,0
2022-10-24 11:33:00,835,835,835,835,0
2022-10-24 11:34:00,835,835,835,835,0
2022-10-24 11:35:00,835,835,835,835,0
2022-10-24 11:36:00,835,835,835,835,0
2022-10-24 11:37:00,835,835,835,835,0
2022-10-24 11:38:00,835,835,835,835,0
2022-10-24 11:39:00,835,835,835,835,0
2022-10-24 11:40:00,835,835,835,835,0
2022-10-24 11:41:00,835,835,835,835,0
2022-10-24 11:42:00,835,835,835,835,0
2022-10-24 11:43:00,835,835,835,835,0
2022-10-24 11:44:00,835,835,835,835,0
2022-10-24 11:45:00,835,835,835,835,0
2022-10-24 11:46:00,835,835,835,835,0
2022-10-24 11:47:00,835,835,835,835,0
2022-10-24 11:48:00,835,835,835,835,0
2022-10-24 11:49:00,835,835,835,835,0
2022-10-24 11:50:00,835,835,835,835,0
2022-10-24 11:51:00,835,835,835,835,0
2022-10-24 11:52:00,835,835,835,835,0
2022-10-24 11:53:00,835,835,835,835,0
2022-10-24 11:54:00,835,835,835,835,0
2022-10-24 11:55:00,835,835,835,835,0
2022-10-24 11:56:00,835,835,835,835,0
2022-10-24 11:57:00,835,835,835,835,0
2022-10-24 11:58:00,835,835,835,835,0
2022-10-24 11:59:00,835,835,835,835,0
2022-10-24 12:00:00,835,835,835,835,0
2022-10-24 12:01:00,835,835,835,835,0
2022-10-24 12:02:00,835,835,835,835,0
2022-10-24 12:03:00,835,835,835,835,0
2022-10-24 12:04:00,835,835,835,835,0
2022-10-24 12:05:00,835,835,835,835,0
2022-10-24 12:06:00,835,835,835,835,0
2022-10-24 12:07:00,835,835,835,835,0
2022-10-24 12:08:00,835,835,835,835,0
2022-10-24 12:09:00,835,835,835,835,0
2022-10-24 12:10:00,835,835,835,835,0
2022-10-24 12:11:00,835,835,835,835,0
2022-10-24 12:12:00,835,835,835,835,0
2022-10-24 12:13:00,835,835,835,835,0
2022-10-24 12:14:00,835,835,835,835,0
2022-10-24 12:15:00,835,835,835,835,0
2022-10-24 12:16:00,835,835,835,835,0
2022-10-24 12:17:00,835,835,835,835,0
2022-10-24 12:18:00,835,835,835,835,0
2022-10-24 12:19:00,835,835,835,835,0
2022-10-24 12:20:00,835,835,835,835,0
2022-10-24 12:21:00,835,835,835,835,0
2022-10-24 12:22:00,835,835,835,835,0
2022-10-24 12:23:00,835,835,835,835,0
2022-10-24 12:24:00,835,835,835,835,0
2022-10-24 12:25:00,835,835,835,835,0
2022-10-24 12:26:00,835,835,835,835,0
2022-10-24 12:27:00,835,835,835,835,0
2022-10-24 12:28:00,835,835,835,835,0
2022-10-24 12:29:00,835,835,835,835,0
2022-10-24 12:30:00,835,835,835,835,0
2022-10-24 12:31:00,835,835,835,835,0
2022-10-24 12:32:00,835,835,835,835,0
2022-10-24 12:33:00,835,835,835,835,0
2022-10-24 12:34:00,835,835,835,835,0
2022-10-24 12:35:00,835,835,835,835,0
2022-10-24 12:36:00,835,835,835,835,0
2022-10-24 12:37:00,835,835,835,835,0
2022-10-24 12:38:00,835,835,835,835,0
2022-10-24 12:39:00,835,835,835,835,0
2022-10-24 12:40:00,835,835,835,835,0
2022-10-24 12:41:00,835,835,835,835,0
2022-10-24 12:42:00,835,835,835,835,0
2022-10-24 12:43:00,835,835,835,835,0
2022-10-24 12:44:00,835,835,835,835,0
2022-10-24 12:45:00,835,835,835,835,0
2022-10-24 12:46:00,835,835,835,835,0
2022-10-24 12:47:00,835,835,835,835,0
2022-10-24 12:48:00,835,835,835,835,0
2022-10-24 12:49:00,835,835,835,835,0
2022-10-24 12:50:00,835,835,835,835,0
2022-10-24 12:51:00,835,835,835,835,0
2022-10-24 12:52:00,835,835,835,835,0
2022-10-24 12:53:00,835,835,835,835,0
2022-10-24 12:54:00,835,835,835,835,0
2022-10-24 12:55:00,835,835,835,835,0
2022-10-24 12:56:00,835,835,835,835,0
2022-10-24 12:57:00,835,835,835,835,0
2022-10-24 12:58:00,835,835,835,835,0
2022-10-24 12:59:00,835,835,835,835,0
2022-10-24 13:00:00,835,835,835,835,0
2022-10-24 13:01:00,835,835,835,835,0
2022-10-24 13:02:00,835,835,835,835,0
2022-10-24 13:03:00,835,835,835,835,0
2022-10-24 13:04:00,835,835,835,835,0
2022-10-24 13:05:00,835,835,835,835,0
2022-10-24 13:06:00,835,835,835,835,0
2022-10-24 13:07:00,835,835,835,835,0
2022-10-24 13:08:00,835,835,835,835,0
2022-10-24 13:09:00,835,835,835,835,0
2022-10-24 13:10:00,835,835,835,835,0
2022-10-24 13:11:00,835,835,835,835,0
2022-10-24 13:12:00,835,835,835,835,0
2022-10-24 13:13:00,835,835,835,835,0
2022-10-24 13:14:00,835,835,835,835,0
2022-10-24 13:15:00,835,835,835,835,0
2022-10-24 13:16:00,835,835,835,835,0
2022-10-24 13:17:00,835,835,835,835,0
2022-10-24 13:18:00,835,835,835,835,0
2022-10-24 13:19:00,835,835,835,835,0
2022-10-24 13:20:00,835,835,835,835,0
2022-10-24 13:21:00,835,835,835,835,0
2022-10-24 13:22:00,835,835,835,835,0
2022-10-24 13:23:00,835,835,835,835,0
2022-10-24 13:24:00,835,835,835,835,0
2022-10-24 13:25:00,835,835,835,835,0
2022-10-24 13:26:00,835,835,835,835,0
2022-10-24 13:27:00,835,835,835,835,0
2022-10-24 13:28:00,835,835,835,835,0
2022-10-24 13:29:00,835,835,835,835,0
2022-10-24 13:30:00,835,830,835,835,86200
2022-10-24 13:31:00,840,840,845,845,92900
2022-10-24 13:32:00,840,840,845,845,49300
2022-10-24 13:33:00,850,845,855,855,159200
2022-10-24 13:34:00,855,850,855,855,10500
2022-10-24 13:35:00,855,850,855,850,78900
2022-10-24 13:36:00,845,845,850,845,2600
2022-10-24 13:37:00,845,845,845,845,4100
2022-10-24 13:38:00,845,845,845,845,0
2022-10-24 13:39:00,845,845,845,845,5800
2022-10-24 13:40:00,850,850,850,850,5100
2022-10-24 13:41:00,850,850,850,850,1400
2022-10-24 13:42:00,850,850,850,850,1000
2022-10-24 13:43:00,845,840,845,840,2000
2022-10-24 13:44:00,845,845,845,845,11600
2022-10-24 13:45:00,850,850,850,850,0
2022-10-24 13:46:00,850,850,850,850,0
2022-10-24 13:47:00,850,850,850,850,0
2022-10-24 13:48:00,845,840,845,840,27700
2022-10-24 13:49:00,840,840,840,840,200
2022-10-24 13:50:00,845,845,850,845,9900
2022-10-24 13:51:00,845,845,850,845,0
2022-10-24 13:52:00,845,845,850,845,0
2022-10-24 13:53:00,840,840,840,840,2700
2022-10-24 13:54:00,840,840,840,840,0
2022-10-24 13:55:00,835,835,835,835,5400
2022-10-24 13:56:00,835,835,835,835,0
2022-10-24 13:57:00,835,835,840,840,0
2022-10-24 13:58:00,840,840,840,840,500
2022-10-24 13:59:00,840,835,840,835,4100
2022-10-24 14:00:00,835,835,835,835,4800
2022-10-24 14:01:00,835,825,835,825,151200
2022-10-24 14:02:00,835,835,835,835,0
2022-10-24 14:03:00,835,835,835,835,2200
2022-10-24 14:04:00,840,840,840,840,0
2022-10-24 14:05:00,840,840,840,840,0
2022-10-24 14:06:00,835,835,835,835,22300
2022-10-24 14:07:00,840,840,840,840,20400
2022-10-24 14:08:00,840,840,840,840,0
2022-10-24 14:09:00,850,850,850,850,17600
2022-10-24 14:10:00,850,845,850,845,17300
2022-10-24 14:11:00,845,845,845,845,0
2022-10-24 14:12:00,845,845,845,845,3900
2022-10-24 14:13:00,845,845,845,845,3300
2022-10-24 14:14:00,845,845,845,845,0
2022-10-24 14:15:00,840,835,845,845,15700
2022-10-24 14:16:00,845,845,845,845,23900
2022-10-24 14:17:00,840,840,840,840,0
2022-10-24 14:18:00,840,840,840,840,3700
2022-10-24 14:19:00,840,840,840,840,0
2022-10-24 14:20:00,835,825,835,830,119000
2022-10-24 14:21:00,835,835,835,835,0
2022-10-24 14:22:00,835,835,835,835,0
2022-10-24 14:23:00,830,830,830,830,3674000
2022-10-24 14:24:00,830,830,830,830,0
2022-10-24 14:25:00,840,835,840,840,2300
2022-10-24 14:26:00,830,830,840,840,35100
2022-10-24 14:27:00,840,840,845,845,2300
2022-10-24 14:28:00,845,845,845,845,100
2022-10-24 14:29:00,845,845,845,845,1600
2022-10-24 14:30:00,845,840,845,840,11000
2022-10-24 14:31:00,845,840,845,840,0
2022-10-24 14:32:00,840,840,845,845,1500
2022-10-24 14:33:00,845,845,845,845,0
2022-10-24 14:34:00,845,845,845,845,0
2022-10-24 14:35:00,845,845,845,845,1600
2022-10-24 14:36:00,845,845,845,845,0
2022-10-24 14:37:00,840,840,840,840,9600
2022-10-24 14:38:00,840,840,840,840,1500
2022-10-24 14:39:00,840,840,840,840,0
2022-10-24 14:40:00,840,840,840,840,0
2022-10-24 14:41:00,840,840,840,840,1800
2022-10-24 14:42:00,840,840,840,840,0
2022-10-24 14:43:00,840,840,840,840,79700
2022-10-24 14:44:00,840,825,840,830,66200
2022-10-24 14:45:00,830,830,830,830,0
2022-10-24 14:46:00,830,830,840,840,41000
2022-10-24 14:47:00,835,835,835,835,25500
2022-10-24 14:48:00,835,835,835,835,600
2022-10-24 14:49:00,830,825,830,825,22900
2022-10-24 14:50:00,830,825,830,825,0
2022-10-24 14:51:00,830,825,830,825,0
2022-10-24 14:52:00,830,825,830,825,0
2022-10-24 14:53:00,830,825,830,825,0
2022-10-24 14:54:00,830,825,830,825,0
2022-10-24 14:55:00,830,825,830,825,0
2022-10-24 14:56:00,830,825,830,825,0
2022-10-24 14:57:00,830,825,830,825,0
2022-10-24 14:58:00,830,825,830,825,0
2022-10-24 14:59:00,830,825,830,825,0
2022-10-24 15:00:00,850,850,850,850,60500
2022-10-24 15:01:00,850,850,850,850,34800
2022-10-24 15:02:00,850,850,850,850,16000
2022-10-24 15:03:00,850,850,850,850,0
2022-10-24 15:04:00,850,850,850,850,1900
2022-10-24 15:05:00,850,850,850,850,7900
2022-10-24 15:06:00,850,850,850,850,1500
2022-10-24 15:07:00,850,850,850,850,6100
2022-10-24 15:08:00,850,850,850,850,1800
2022-10-24 15:09:00,850,850,850,850,4099300
2022-10-24 15:10:00,850,850,850,850,0
2022-10-24 15:11:00,850,850,850,850,0
2022-10-24 15:12:00,850,850,850,850,0
2022-10-24 15:13:00,850,850,850,850,0
2022-10-24 15:14:00,850,850,850,850,0
2022-10-24 15:15:00,850,850,850,850,0
2022-10-24 15:16:00,850,850,850,850,0
2022-10-24 15:17:00,850,850,850,850,0
2022-10-24 15:18:00,850,850,850,850,0
2022-10-24 15:19:00,850,850,850,850,0
2022-10-24 15:20:00,850,850,850,850,0
2022-10-24 15:21:00,850,850,850,850,0
2022-10-24 15:22:00,850,850,850,850,0
2022-10-24 15:23:00,850,850,850,850,0
2022-10-24 15:24:00,850,850,850,850,0
2022-10-24 15:25:00,850,850,850,850,0
2022-10-24 15:26:00,850,850,850,850,0
2022-10-24 15:27:00,850,850,850,850,0
2022-10-24 15:28:00,850,850,850,850,0
2022-10-24 15:29:00,850,850,850,850,0
2022-10-24 15:30:00,850,850,850,850,0
2022-10-24 15:31:00,850,850,850,850,0
2022-10-24 15:32:00,850,850,850,850,0
2022-10-24 15:33:00,850,850,850,850,0
2022-10-24 15:34:00,850,850,850,850,0
2022-10-24 15:35:00,850,850,850,850,0
2022-10-24 15:36:00,850,850,850,850,0
2022-10-24 15:37:00,850,850,850,850,0
2022-10-24 15:38:00,850,850,850,850,0
2022-10-24 15:39:00,850,850,850,850,0
2022-10-24 15:40:00,850,850,850,850,0
2022-10-24 15:41:00,850,850,850,850,0
2022-10-24 15:42:00,850,850,850,850,0
2022-10-24 15:43:00,850,850,850,850,0
2022-10-24 15:44:00,850,850,850,850,0
2022-10-24 15:45:00,850,850,850,850,0
2022-10-24 15:46:00,850,850,850,850,0
2022-10-24 15:47:00,850,850,850,850,0
2022-10-24 15:48:00,850,850,850,850,0
2022-10-24 15:49:00,850,850,850,850,0
2022-10-24 15:50:00,850,850,850,850,0
2022-10-24 15:51:00,850,850,850,850,0
2022-10-24 15:52:00,850,850,850,850,0
2022-10-24 15:53:00,850,850,850,850,0
2022-10-24 15:54:00,850,850,850,850,0
2022-10-24 15:55:00,850,850,850,850,0
2022-10-24 15:56:00,850,850,850,850,0
2022-10-24 15:57:00,850,850,850,850,0
2022-10-24 15:58:00,850,850,850,850,0
2022-10-24 15:59:00,850,850,850,850,0
2022-10-25 09:00:00,855,855,855,855,0
2022-10-25 09:01:00,855,855,855,855,67700
2022-10-25 09:02:00,855,855,855,855,0
2022-10-25 09:03:00,855,850,855,850,10800
2022-10-25 09:04:00,855,850,855,850,0
2022-10-25 09:05:00,855,855,855,855,2800
2022-10-25 09:06:00,855,855,855,855,0
2022-10-25 09:07:00,855,855,855,855,2200
2022-10-25 09:08:00,855,850,860,850,2300
2022-10-25 09:09:00,855,855,855,855,1900
2022-10-25 09:10:00,855,855,855,855,0
2022-10-25 09:11:00,855,855,855,855,0
2022-10-25 09:12:00,860,860,865,860,16300
2022-10-25 09:13:00,860,860,860,860,7900
2022-10-25 09:14:00,860,860,860,860,2100
2022-10-25 09:15:00,860,855,860,855,14800
2022-10-25 09:16:00,860,860,860,860,0
2022-10-25 09:17:00,860,855,860,855,29200
2022-10-25 09:18:00,860,860,860,860,0
2022-10-25 09:19:00,860,860,860,860,6100
2022-10-25 09:20:00,860,860,860,860,7900
2022-10-25 09:21:00,860,860,860,860,300
2022-10-25 09:22:00,860,860,870,870,73600
2022-10-25 09:23:00,865,865,875,870,12400
2022-10-25 09:24:00,875,860,875,860,43800
2022-10-25 09:25:00,865,865,865,865,6700
2022-10-25 09:26:00,865,865,865,865,6000
2022-10-25 09:27:00,865,865,865,865,0
2022-10-25 09:28:00,870,870,870,870,5600
2022-10-25 09:29:00,870,870,870,870,1600
2022-10-25 09:30:00,870,870,870,870,2200
2022-10-25 09:31:00,865,865,865,865,17200
2022-10-25 09:32:00,865,865,865,865,0
2022-10-25 09:33:00,860,860,860,860,0
2022-10-25 09:34:00,860,850,860,860,112000
2022-10-25 09:35:00,855,855,860,860,0
2022-10-25 09:36:00,860,860,860,860,500
2022-10-25 09:37:00,855,855,855,855,8500
2022-10-25 09:38:00,855,855,860,860,0
2022-10-25 09:39:00,860,860,860,860,500
2022-10-25 09:40:00,855,855,855,855,13900
2022-10-25 09:41:00,855,855,855,855,9100
2022-10-25 09:42:00,855,855,855,855,35900
2022-10-25 09:43:00,855,855,855,855,0
2022-10-25 09:44:00,855,855,855,855,0
2022-10-25 09:45:00,855,855,855,855,8600
2022-10-25 09:46:00,850,850,850,850,27100
2022-10-25 09:47:00,850,850,850,850,5800
2022-10-25 09:48:00,850,850,850,850,2300
2022-10-25 09:49:00,850,850,850,850,500
2022-10-25 09:50:00,850,850,850,850,1500
2022-10-25 09:51:00,845,845,845,845,2000
2022-10-25 09:52:00,845,845,845,845,10800
2022-10-25 09:53:00,845,830,845,830,122300
2022-10-25 09:54:00,830,830,835,830,1700
2022-10-25 09:55:00,830,830,835,830,0
2022-10-25 09:56:00,830,830,830,830,50100
2022-10-25 09:57:00,830,830,835,835,7000
2022-10-25 09:58:00,830,830,835,835,0
2022-10-25 09:59:00,835,835,835,835,1400
2022-10-25 10:00:00,835,835,835,835,0
2022-10-25 10:01:00,835,835,835,835,16800
2022-10-25 10:02:00,835,835,835,835,0
2022-10-25 10:03:00,835,835,835,835,0
2022-10-25 10:04:00,835,835,835,835,0
2022-10-25 10:05:00,835,835,835,835,1500
2022-10-25 10:06:00,835,835,840,840,1100
2022-10-25 10:07:00,835,830,835,830,43500
2022-10-25 10:08:00,835,830,835,830,0
2022-10-25 10:09:00,835,830,835,830,0
2022-10-25 10:10:00,830,830,830,830,0
2022-10-25 10:11:00,830,830,830,830,0
2022-10-25 10:12:00,830,830,830,830,0
2022-10-25 10:13:00,825,820,825,820,94400
2022-10-25 10:14:00,820,820,825,825,10200
2022-10-25 10:15:00,820,820,825,825,0
2022-10-25 10:16:00,825,820,825,820,12400
2022-10-25 10:17:00,825,820,825,820,14500
2022-10-25 10:18:00,825,825,830,830,0
2022-10-25 10:19:00,825,825,830,830,0
2022-10-25 10:20:00,825,820,825,820,102200
2022-10-25 10:21:00,825,820,825,820,0
2022-10-25 10:22:00,825,820,825,820,0
2022-10-25 10:23:00,820,820,820,820,2600
2022-10-25 10:24:00,820,820,820,820,0
2022-10-25 10:25:00,820,820,820,820,400
2022-10-25 10:26:00,815,815,815,815,17700
2022-10-25 10:27:00,815,815,815,815,0
2022-10-25 10:28:00,815,815,825,815,9500
2022-10-25 10:29:00,815,815,815,815,900
2022-10-25 10:30:00,815,815,815,815,2500
2022-10-25 10:31:00,815,815,815,815,82700
2022-10-25 10:32:00,815,815,815,815,0
2022-10-25 10:33:00,815,815,815,815,30900
2022-10-25 10:34:00,815,810,815,810,110300
2022-10-25 10:35:00,810,810,810,810,53400
2022-10-25 10:36:00,810,805,810,805,4900
2022-10-25 10:37:00,805,805,810,810,8400
2022-10-25 10:38:00,810,810,810,810,0
2022-10-25 10:39:00,805,805,810,810,20000
2022-10-25 10:40:00,815,815,815,815,13700
2022-10-25 10:41:00,820,820,820,820,70000
2022-10-25 10:42:00,820,820,820,820,4000
2022-10-25 10:43:00,820,820,820,820,0
2022-10-25 10:44:00,820,820,820,820,0
2022-10-25 10:45:00,820,820,820,820,11300
2022-10-25 10:46:00,825,825,825,825,0
2022-10-25 10:47:00,825,825,825,825,0
2022-10-25 10:48:00,825,825,825,825,0
2022-10-25 10:49:00,825,825,825,825,0
2022-10-25 10:50:00,825,825,825,825,0
2022-10-25 10:51:00,825,825,825,825,0
2022-10-25 10:52:00,825,825,825,825,0
2022-10-25 10:53:00,825,825,825,825,0
2022-10-25 10:54:00,825,825,825,825,0
2022-10-25 10:55:00,825,825,825,825,0
2022-10-25 10:56:00,825,825,825,825,0
2022-10-25 10:57:00,825,825,825,825,0
2022-10-25 10:58:00,825,825,825,825,200
2022-10-25 10:59:00,825,825,825,825,0
2022-10-25 11:00:00,825,825,825,825,0
2022-10-25 11:01:00,825,825,825,825,0
2022-10-25 11:02:00,825,825,825,825,4100
2022-10-25 11:03:00,825,825,825,825,0
2022-10-25 11:04:00,825,825,825,825,0
2022-10-25 11:05:00,825,825,825,825,0
2022-10-25 11:06:00,825,825,825,825,0
2022-10-25 11:07:00,825,825,825,825,0
2022-10-25 11:08:00,825,825,825,825,0
2022-10-25 11:09:00,830,830,830,830,5800
2022-10-25 11:10:00,830,830,830,830,400
2022-10-25 11:11:00,835,835,835,835,400
2022-10-25 11:12:00,835,835,835,835,800
2022-10-25 11:13:00,835,835,835,835,800
2022-10-25 11:14:00,835,835,835,835,300
2022-10-25 11:15:00,835,835,835,835,0
2022-10-25 11:16:00,835,835,835,835,1000
2022-10-25 11:17:00,835,835,835,835,2300
2022-10-25 11:18:00,835,835,835,835,0
2022-10-25 11:19:00,835,835,835,835,0
2022-10-25 11:20:00,835,835,835,835,0
2022-10-25 11:21:00,835,835,835,835,0
2022-10-25 11:22:00,835,835,835,835,10200
2022-10-25 11:23:00,840,840,840,840,1500
2022-10-25 11:24:00,840,840,840,840,0
2022-10-25 11:25:00,840,840,840,840,0
2022-10-25 11:26:00,840,840,840,840,0
2022-10-25 11:27:00,840,840,840,840,0
2022-10-25 11:28:00,840,840,840,840,0
2022-10-25 11:29:00,840,840,845,840,20100
2022-10-25 11:30:00,840,840,845,840,0
2022-10-25 11:31:00,840,840,845,840,0
2022-10-25 11:32:00,840,840,845,840,0
2022-10-25 11:33:00,840,840,845,840,0
2022-10-25 11:34:00,840,840,845,840,0
2022-10-25 11:35:00,840,840,845,840,0
2022-10-25 11:36:00,840,840,845,840,0
2022-10-25 11:37:00,840,840,845,840,0
2022-10-25 11:38:00,840,840,845,840,0
2022-10-25 11:39:00,840,840,845,840,0
2022-10-25 11:40:00,840,840,845,840,0
2022-10-25 11:41:00,840,840,845,840,0
2022-10-25 11:42:00,840,840,845,840,0
2022-10-25 11:43:00,840,840,845,840,0
2022-10-25 11:44:00,840,840,845,840,0
2022-10-25 11:45:00,840,840,845,840,0
2022-10-25 11:46:00,840,840,845,840,0
2022-10-25 11:47:00,840,840,845,840,0
2022-10-25 11:48:00,840,840,845,840,0
2022-10-25 11:49:00,840,840,845,840,0
2022-10-25 11:50:00,840,840,845,840,0
2022-10-25 11:51:00,840,840,845,840,0
2022-10-25 11:52:00,840,840,845,840,0
2022-10-25 11:53:00,840,840,845,840,0
2022-10-25 11:54:00,840,840,845,840,0
2022-10-25 11:55:00,840,840,845,840,0
2022-10-25 11:56:00,840,840,845,840,0
2022-10-25 11:57:00,840,840,845,840,0
2022-10-25 11:58:00,840,840,845,840,0
2022-10-25 11:59:00,840,840,845,840,0
2022-10-25 12:00:00,840,840,845,840,0
2022-10-25 12:01:00,840,840,845,840,0
2022-10-25 12:02:00,840,840,845,840,0
2022-10-25 12:03:00,840,840,845,840,0
2022-10-25 12:04:00,840,840,845,840,0
2022-10-25 12:05:00,840,840,845,840,0
2022-10-25 12:06:00,840,840,845,840,0
2022-10-25 12:07:00,840,840,845,840,0
2022-10-25 12:08:00,840,840,845,840,0
2022-10-25 12:09:00,840,840,845,840,0
2022-10-25 12:10:00,840,840,845,840,0
2022-10-25 12:11:00,840,840,845,840,0
2022-10-25 12:12:00,840,840,845,840,0
2022-10-25 12:13:00,840,840,845,840,0
2022-10-25 12:14:00,840,840,845,840,0
2022-10-25 12:15:00,840,840,845,840,0
2022-10-25 12:16:00,840,840,845,840,0
2022-10-25 12:17:00,840,840,845,840,0
2022-10-25 12:18:00,840,840,845,840,0
2022-10-25 12:19:00,840,840,845,840,0
2022-10-25 12:20:00,840,840,845,840,0
2022-10-25 12:21:00,840,840,845,840,0
2022-10-25 12:22:00,840,840,845,840,0
2022-10-25 12:23:00,840,840,845,840,0
2022-10-25 12:24:00,840,840,845,840,0
2022-10-25 12:25:00,840,840,845,840,0
2022-10-25 12:26:00,840,840,845,840,0
2022-10-25 12:27:00,840,840,845,840,0
2022-10-25 12:28:00,840,840,845,840,0
2022-10-25 12:29:00,840,840,845,840,0
2022-10-25 12:30:00,840,840,845,840,0
2022-10-25 12:31:00,840,840,845,840,0
2022-10-25 12:32:00,840,840,845,840,0
2022-10-25 12:33:00,840,840,845,840,0
2022-10-25 12:34:00,840,840,845,840,0
2022-10-25 12:35:00,840,840,845,840,0
2022-10-25 12:36:00,840,840,845,840,0
2022-10-25 12:37:00,840,840,845,840,0
2022-10-25 12:38:00,840,840,845,840,0
2022-10-25 12:39:00,840,840,845,840,0
2022-10-25 12:40:00,840,840,845,840,0
2022-10-25 12:41:00,840,840,845,840,0
2022-10-25 12:42:00,840,840,845,840,0
2022-10-25 12:43:00,840,840,845,840,0
2022-10-25 12:44:00,840,840,845,840,0
2022-10-25 12:45:00,840,840,845,840,0
2022-10-25 12:46:00,840,840,845,840,0
2022-10-25 12:47:00,840,840,845,840,0
2022-10-25 12:48:00,840,840,845,840,0
2022-10-25 12:49:00,840,840,845,840,0
2022-10-25 12:50:00,840,840,845,840,0
2022-10-25 12:51:00,840,840,845,840,0
2022-10-25 12:52:00,840,840,845,840,0
2022-10-25 12:53:00,840,840,845,840,0
2022-10-25 12:54:00,840,840,845,840,0
2022-10-25 12:55:00,840,840,845,840,0
2022-10-25 12:56:00,840,840,845,840,0
2022-10-25 12:57:00,840,840,845,840,0
2022-10-25 12:58:00,840,840,845,840,0
2022-10-25 12:59:00,840,840,845,840,0
2022-10-25 13:00:00,840,840,845,840,0
2022-10-25 13:01:00,840,840,845,840,0
2022-10-25 13:02:00,840,840,845,840,0
2022-10-25 13:03:00,840,840,845,840,0
2022-10-25 13:04:00,840,840,845,840,0
2022-10-25 13:05:00,840,840,845,840,0
2022-10-25 13:06:00,840,840,845,840,0
2022-10-25 13:07:00,840,840,845,840,0
2022-10-25 13:08:00,840,840,845,840,0
2022-10-25 13:09:00,840,840,845,840,0
2022-10-25 13:10:00,840,840,845,840,0
2022-10-25 13:11:00,840,840,845,840,0
2022-10-25 13:12:00,840,840,845,840,0
2022-10-25 13:13:00,840,840,845,840,0
2022-10-25 13:14:00,840,840,845,840,0
2022-10-25 13:15:00,840,840,845,840,0
2022-10-25 13:16:00,840,840,845,840,0
2022-10-25 13:17:00,840,840,845,840,0
2022-10-25 13:18:00,840,840,845,840,0
2022-10-25 13:19:00,840,840,845,840,0
2022-10-25 13:20:00,840,840,845,840,0
2022-10-25 13:21:00,840,840,845,840,0
2022-10-25 13:22:00,840,840,845,840,0
2022-10-25 13:23:00,840,840,845,840,0
2022-10-25 13:24:00,840,840,845,840,0
2022-10-25 13:25:00,840,840,845,840,0
2022-10-25 13:26:00,840,840,845,840,0
2022-10-25 13:27:00,840,840,845,840,0
2022-10-25 13:28:00,840,840,845,840,0
2022-10-25 13:29:00,840,840,845,840,0
2022-10-25 13:30:00,840,835,840,840,15500
2022-10-25 13:31:00,840,835,840,840,0
2022-10-25 13:32:00,840,835,840,840,0
2022-10-25 13:33:00,835,835,835,835,11200
2022-10-25 13:34:00,835,835,835,835,0
2022-10-25 13:35:00,830,830,830,830,3800
2022-10-25 13:36:00,830,830,830,830,0
2022-10-25 13:37:00,830,830,830,830,0
2022-10-25 13:38:00,835,835,835,835,0
2022-10-25 13:39:00,835,835,835,835,7900
2022-10-25 13:40:00,835,835,835,835,0
2022-10-25 13:41:00,835,835,835,835,0
2022-10-25 13:42:00,835,835,835,835,0
2022-10-25 13:43:00,835,835,835,835,0
2022-10-25 13:44:00,835,835,835,835,0
2022-10-25 13:45:00,835,835,835,835,0
2022-10-25 13:46:00,835,835,835,835,1500
2022-10-25 13:47:00,835,835,835,835,0
2022-10-25 13:48:00,835,835,835,835,0
2022-10-25 13:49:00,835,835,835,835,4500
2022-10-25 13:50:00,835,835,835,835,0
2022-10-25 13:51:00,835,835,835,835,0
2022-10-25 13:52:00,835,835,835,835,0
2022-10-25 13:53:00,835,835,835,835,0
2022-10-25 13:54:00,835,835,835,835,0
2022-10-25 13:55:00,830,830,830,830,200
2022-10-25 13:56:00,830,830,830,830,19300
2022-10-25 13:57:00,830,830,830,830,7800
2022-10-25 13:58:00,830,830,830,830,11300
2022-10-25 13:59:00,830,830,830,830,0
2022-10-25 14:00:00,830,825,830,825,34000
2022-10-25 14:01:00,830,825,830,825,0
2022-10-25 14:02:00,825,825,825,825,0
2022-10-25 14:03:00,825,820,825,820,3800
2022-10-25 14:04:00,825,820,825,820,0
2022-10-25 14:05:00,820,820,820,820,3500
2022-10-25 14:06:00,820,820,820,820,0
2022-10-25 14:07:00,820,820,820,820,1700
2022-10-25 14:08:00,825,825,825,825,0
2022-10-25 14:09:00,825,825,825,825,0
2022-10-25 14:10:00,825,825,825,825,0
2022-10-25 14:11:00,825,825,825,825,0
2022-10-25 14:12:00,825,825,825,825,0
2022-10-25 14:13:00,825,825,825,825,0
2022-10-25 14:14:00,825,825,825,825,0
2022-10-25 14:15:00,825,825,825,825,8600
2022-10-25 14:16:00,825,825,825,825,16700
2022-10-25 14:17:00,825,825,825,825,24800
2022-10-25 14:18:00,825,825,825,825,0
2022-10-25 14:19:00,825,825,825,825,0
2022-10-25 14:20:00,825,825,825,825,0
2022-10-25 14:21:00,825,825,825,825,0
2022-10-25 14:22:00,825,820,825,820,2400
2022-10-25 14:23:00,825,820,825,820,0
2022-10-25 14:24:00,825,820,825,820,0
2022-10-25 14:25:00,825,820,825,820,0
2022-10-25 14:26:00,825,820,825,820,0
2022-10-25 14:27:00,820,820,820,820,55900
2022-10-25 14:28:00,820,820,820,820,3700
2022-10-25 14:29:00,815,815,815,815,500
2022-10-25 14:30:00,815,815,815,815,0
2022-10-25 14:31:00,815,815,815,815,400
2022-10-25 14:32:00,815,815,815,815,67600
2022-10-25 14:33:00,820,820,820,820,0
2022-10-25 14:34:00,820,820,820,820,0
2022-10-25 14:35:00,820,820,820,820,0
2022-10-25 14:36:00,825,825,835,835,13000
2022-10-25 14:37:00,825,825,835,835,0
2022-10-25 14:38:00,825,825,835,835,0
2022-10-25 14:39:00,825,825,835,835,0
2022-10-25 14:40:00,825,825,835,835,0
2022-10-25 14:41:00,825,825,835,835,0
2022-10-25 14:42:00,825,825,835,835,0
2022-10-25 14:43:00,825,825,825,825,2100
2022-10-25 14:44:00,825,825,825,825,9000
2022-10-25 14:45:00,825,825,825,825,0
2022-10-25 14:46:00,825,825,825,825,0
2022-10-25 14:47:00,825,825,825,825,15800
2022-10-25 14:48:00,825,825,825,825,15000
2022-10-25 14:49:00,820,820,825,825,0
2022-10-25 14:50:00,820,820,825,825,0
2022-10-25 14:51:00,820,820,825,825,0
2022-10-25 14:52:00,820,820,825,825,0
2022-10-25 14:53:00,820,820,825,825,0
2022-10-25 14:54:00,820,820,825,825,0
2022-10-25 14:55:00,820,820,825,825,0
2022-10-25 14:56:00,820,820,825,825,0
2022-10-25 14:57:00,820,820,825,825,0
2022-10-25 14:58:00,820,820,825,825,0
2022-10-25 14:59:00,820,820,825,825,0
2022-10-25 15:00:00,815,815,815,815,54000
2022-10-25 15:01:00,815,815,815,815,38400
2022-10-25 15:02:00,815,815,815,815,0
2022-10-25 15:03:00,815,815,815,815,0
2022-10-25 15:04:00,815,815,815,815,4100
2022-10-25 15:05:00,815,815,815,815,0
2022-10-25 15:06:00,815,815,815,815,0
2022-10-25 15:07:00,815,815,815,815,2900
2022-10-25 15:08:00,815,815,815,815,0
2022-10-25 15:09:00,815,815,815,815,0
2022-10-25 15:10:00,815,815,815,815,0
2022-10-25 15:11:00,815,815,815,815,0
2022-10-25 15:12:00,815,815,815,815,0
2022-10-25 15:13:00,815,815,815,815,0
2022-10-25 15:14:00,815,815,815,815,1890400
2022-10-25 15:15:00,815,815,815,815,0
2022-10-25 15:16:00,815,815,815,815,0
2022-10-25 15:17:00,815,815,815,815,0
2022-10-25 15:18:00,815,815,815,815,0
2022-10-25 15:19:00,815,815,815,815,0
2022-10-25 15:20:00,815,815,815,815,0
2022-10-25 15:21:00,815,815,815,815,0
2022-10-25 15:22:00,815,815,815,815,0
2022-10-25 15:23:00,815,815,815,815,0
2022-10-25 15:24:00,815,815,815,815,0
2022-10-25 15:25:00,815,815,815,815,0
2022-10-25 15:26:00,815,815,815,815,0
2022-10-25 15:27:00,815,815,815,815,0
2022-10-25 15:28:00,815,815,815,815,0
2022-10-25 15:29:00,815,815,815,815,0
2022-10-25 15:30:00,815,815,815,815,0
2022-10-25 15:31:00,815,815,815,815,0
2022-10-25 15:32:00,815,815,815,815,0
2022-10-25 15:33:00,815,815,815,815,0
2022-10-25 15:34:00,815,815,815,815,0
2022-10-25 15:35:00,815,815,815,815,0
2022-10-25 15:36:00,815,815,815,815,0
2022-10-25 15:37:00,815,815,815,815,0
2022-10-25 15:38:00,815,815,815,815,0
2022-10-25 15:39:00,815,815,815,815,0
2022-10-25 15:40:00,815,815,815,815,0
2022-10-25 15:41:00,815,815,815,815,0
2022-10-25 15:42:00,815,815,815,815,0
2022-10-25 15:43:00,815,815,815,815,0
2022-10-25 15:44:00,815,815,815,815,0
2022-10-25 15:45:00,815,815,815,815,0
2022-10-25 15:46:00,815,815,815,815,0
2022-10-25 15:47:00,815,815,815,815,0
2022-10-25 15:48:00,815,815,815,815,0
2022-10-25 15:49:00,815,815,815,815,0
2022-10-25 15:50:00,815,815,815,815,0
2022-10-25 15:51:00,815,815,815,815,0
2022-10-25 15:52:00,815,815,815,815,0
2022-10-25 15:53:00,815,815,815,815,0
2022-10-25 15:54:00,815,815,815,815,0
2022-10-25 15:55:00,815,815,815,815,0
2022-10-25 15:56:00,815,815,815,815,0
2022-10-25 15:57:00,815,815,815,815,0
2022-10-25 15:58:00,815,815,815,815,0
2022-10-25 15:59:00,815,815,815,815,0
2022-10-26 09:00:00,815,815,850,820,0
2022-10-26 09:01:00,825,825,840,840,1200
2022-10-26 09:02:00,825,825,840,840,0
2022-10-26 09:03:00,835,835,835,835,0
2022-10-26 09:04:00,830,830,835,835,500
2022-10-26 09:05:00,830,830,835,835,0
2022-10-26 09:06:00,830,830,835,835,0
2022-10-26 09:07:00,830,830,830,830,500
2022-10-26 09:08:00,830,830,830,830,100
2022-10-26 09:09:00,825,825,825,825,1000
2022-10-26 09:10:00,825,825,825,825,0
2022-10-26 09:11:00,825,825,825,825,1500
2022-10-26 09:12:00,820,820,820,820,7800
2022-10-26 09:13:00,820,820,820,820,0
2022-10-26 09:14:00,820,820,820,820,0
2022-10-26 09:15:00,820,820,820,820,5000
2022-10-26 09:16:00,820,820,820,820,0
2022-10-26 09:17:00,820,820,820,820,5400
2022-10-26 09:18:00,820,820,820,820,0
2022-10-26 09:19:00,830,830,830,830,0
2022-10-26 09:20:00,830,830,830,830,0
2022-10-26 09:21:00,830,830,830,830,0
2022-10-26 09:22:00,830,830,830,830,2800
2022-10-26 09:23:00,830,830,830,830,0
2022-10-26 09:24:00,820,820,820,820,4900
2022-10-26 09:25:00,820,820,820,820,0
2022-10-26 09:26:00,820,820,820,820,22300
2022-10-26 09:27:00,820,820,820,820,0
2022-10-26 09:28:00,820,820,820,820,0
2022-10-26 09:29:00,820,820,820,820,0
2022-10-26 09:30:00,820,820,820,820,62100
2022-10-26 09:31:00,820,820,820,820,7400
2022-10-26 09:32:00,820,820,820,820,0
2022-10-26 09:33:00,820,820,820,820,0
2022-10-26 09:34:00,820,820,820,820,0
2022-10-26 09:35:00,820,820,820,820,0
2022-10-26 09:36:00,820,820,820,820,15500
2022-10-26 09:37:00,820,820,820,820,0
2022-10-26 09:38:00,820,820,820,820,0
2022-10-26 09:39:00,820,820,820,820,11200
2022-10-26 09:40:00,820,820,820,820,0
2022-10-26 09:41:00,820,820,820,820,0
2022-10-26 09:42:00,820,820,820,820,0
2022-10-26 09:43:00,820,820,820,820,0
2022-10-26 09:44:00,820,820,820,820,0
2022-10-26 09:45:00,820,820,820,820,0
2022-10-26 09:46:00,820,820,820,820,0
2022-10-26 09:47:00,820,820,820,820,0
2022-10-26 09:48:00,820,820,820,820,0
2022-10-26 09:49:00,820,820,820,820,0
2022-10-26 09:50:00,820,820,820,820,0
2022-10-26 09:51:00,820,820,820,820,0
2022-10-26 09:52:00,820,820,820,820,0
2022-10-26 09:53:00,815,815,815,815,7800
2022-10-26 09:54:00,815,815,815,815,0
2022-10-26 09:55:00,815,815,815,815,0
2022-10-26 09:56:00,815,815,815,815,0
2022-10-26 09:57:00,815,815,815,815,0
2022-10-26 09:58:00,815,815,815,815,0
2022-10-26 09:59:00,815,810,815,810,6800
2022-10-26 10:00:00,815,810,815,810,0
2022-10-26 10:01:00,815,810,815,810,25800
2022-10-26 10:02:00,810,810,810,810,0
2022-10-26 10:03:00,810,810,810,810,0
2022-10-26 10:04:00,810,810,810,810,0
2022-10-26 10:05:00,810,810,810,810,0
2022-10-26 10:06:00,810,810,810,810,0
2022-10-26 10:07:00,810,810,810,810,0
2022-10-26 10:08:00,810,810,810,810,0
2022-10-26 10:09:00,810,810,810,810,0
2022-10-26 10:10:00,815,815,815,815,1500
2022-10-26 10:11:00,815,815,815,815,0
2022-10-26 10:12:00,815,815,815,815,16600
2022-10-26 10:13:00,815,815,815,815,0
2022-10-26 10:14:00,815,815,815,815,0
2022-10-26 10:15:00,815,815,815,815,0
2022-10-26 10:16:00,815,815,815,815,0
2022-10-26 10:17:00,815,815,815,815,0
2022-10-26 10:18:00,815,815,815,815,0
2022-10-26 10:19:00,815,815,815,815,0
2022-10-26 10:20:00,815,815,815,815,0
2022-10-26 10:21:00,815,815,815,815,0
2022-10-26 10:22:00,815,815,815,815,0
2022-10-26 10:23:00,815,815,815,815,0
2022-10-26 10:24:00,815,815,815,815,0
2022-10-26 10:25:00,815,815,815,815,0
2022-10-26 10:26:00,815,815,815,815,0
2022-10-26 10:27:00,815,815,815,815,0
2022-10-26 10:28:00,815,815,815,815,0
2022-10-26 10:29:00,820,820,820,820,600
2022-10-26 10:30:00,820,820,820,820,0
2022-10-26 10:31:00,820,820,820,820,0
2022-10-26 10:32:00,820,820,820,820,0
2022-10-26 10:33:00,820,820,820,820,0
2022-10-26 10:34:00,820,820,820,820,0
2022-10-26 10:35:00,820,820,820,820,2700
2022-10-26 10:36:00,820,820,820,820,0
2022-10-26 10:37:00,820,820,820,820,0
2022-10-26 10:38:00,820,820,820,820,0
2022-10-26 10:39:00,820,820,820,820,0
2022-10-26 10:40:00,820,820,820,820,0
2022-10-26 10:41:00,820,820,820,820,0
2022-10-26 10:42:00,820,820,820,820,0
2022-10-26 10:43:00,820,820,820,820,0
2022-10-26 10:44:00,820,820,820,820,0
2022-10-26 10:45:00,820,820,820,820,0
2022-10-26 10:46:00,820,820,820,820,0
2022-10-26 10:47:00,820,820,820,820,0
2022-10-26 10:48:00,820,820,820,820,0
2022-10-26 10:49:00,820,820,820,820,0
2022-10-26 10:50:00,820,820,820,820,0
2022-10-26 10:51:00,820,820,820,820,12600
2022-10-26 10:52:00,820,820,820,820,0
2022-10-26 10:53:00,820,820,820,820,0
2022-10-26 10:54:00,820,820,820,820,0
2022-10-26 10:55:00,820,820,820,820,0
2022-10-26 10:56:00,820,820,820,820,0
2022-10-26 10:57:00,820,820,820,820,0
2022-10-26 10:58:00,820,820,820,820,0
2022-10-26 10:59:00,820,820,820,820,0
2022-10-26 11:00:00,820,820,820,820,0
2022-10-26 11:01:00,820,820,820,820,0
2022-10-26 11:02:00,820,820,820,820,0
2022-10-26 11:03:00,820,820,820,820,0
2022-10-26 11:04:00,820,820,830,830,300
2022-10-26 11:05:00,830,830,840,840,4900
2022-10-26 11:06:00,830,830,840,840,0
2022-10-26 11:07:00,830,830,840,840,0
2022-10-26 11:08:00,830,830,840,840,0
2022-10-26 11:09:00,830,830,840,840,0
2022-10-26 11:10:00,840,840,840,840,1400
2022-10-26 11:11:00,840,840,840,840,0
2022-10-26 11:12:00,840,840,840,840,0
2022-10-26 11:13:00,840,840,840,840,0
2022-10-26 11:14:00,840,840,840,840,0
2022-10-26 11:15:00,835,835,835,835,1000
2022-10-26 11:16:00,835,835,835,835,500
2022-10-26 11:17:00,835,835,835,835,3700
2022-10-26 11:18:00,835,835,835,835,2700
2022-10-26 11:19:00,835,835,840,840,0
2022-10-26 11:20:00,835,835,840,840,0
2022-10-26 11:21:00,835,835,840,840,0
2022-10-26 11:22:00,835,835,840,840,0
2022-10-26 11:23:00,835,835,840,840,0
2022-10-26 11:24:00,835,835,840,840,0
2022-10-26 11:25:00,835,835,840,840,0
2022-10-26 11:26:00,835,835,835,835,4200
2022-10-26 11:27:00,835,835,835,835,0
2022-10-26 11:28:00,835,835,835,835,0
2022-10-26 11:29:00,835,835,835,835,0
2022-10-26 11:30:00,835,835,835,835,0
2022-10-26 11:31:00,835,835,835,835,0
2022-10-26 11:32:00,835,835,835,835,0
2022-10-26 11:33:00,835,835,835,835,0
2022-10-26 11:34:00,835,835,835,835,0
2022-10-26 11:35:00,835,835,835,835,0
2022-10-26 11:36:00,835,835,835,835,0
2022-10-26 11:37:00,835,835,835,835,0
2022-10-26 11:38:00,835,835,835,835,0
2022-10-26 11:39:00,835,835,835,835,0
2022-10-26 11:40:00,835,835,835,835,0
2022-10-26 11:41:00,835,835,835,835,0
2022-10-26 11:42:00,835,835,835,835,0
2022-10-26 11:43:00,835,835,835,835,0
2022-10-26 11:44:00,835,835,835,835,0
2022-10-26 11:45:00,835,835,835,835,0
2022-10-26 11:46:00,835,835,835,835,0
2022-10-26 11:47:00,835,835,835,835,0
2022-10-26 11:48:00,835,835,835,835,0
2022-10-26 11:49:00,835,835,835,835,0
2022-10-26 11:50:00,835,835,835,835,0
2022-10-26 11:51:00,835,835,835,835,0
2022-10-26 11:52:00,835,835,835,835,0
2022-10-26 11:53:00,835,835,835,835,0
2022-10-26 11:54:00,835,835,835,835,0
2022-10-26 11:55:00,835,835,835,835,0
2022-10-26 11:56:00,835,835,835,835,0
2022-10-26 11:57:00,835,835,835,835,0
2022-10-26 11:58:00,835,835,835,835,0
2022-10-26 11:59:00,835,835,835,835,0
2022-10-26 12:00:00,835,835,835,835,0
2022-10-26 12:01:00,835,835,835,835,0
2022-10-26 12:02:00,835,835,835,835,0
2022-10-26 12:03:00,835,835,835,835,0
2022-10-26 12:04:00,835,835,835,835,0
2022-10-26 12:05:00,835,835,835,835,0
2022-10-26 12:06:00,835,835,835,835,0
2022-10-26 12:07:00,835,835,835,835,0
2022-10-26 12:08:00,835,835,835,835,0
2022-10-26 12:09:00,835,835,835,835,0
2022-10-26 12:10:00,835,835,835,835,0
2022-10-26 12:11:00,835,835,835,835,0
2022-10-26 12:12:00,835,835,835,835,0
2022-10-26 12:13:00,835,835,835,835,0
2022-10-26 12:14:00,835,835,835,835,0
2022-10-26 12:15:00,835,835,835,835,0
2022-10-26 12:16:00,835,835,835,835,0
2022-10-26 12:17:00,835,835,835,835,0
2022-10-26 12:18:00,835,835,835,835,0
2022-10-26 12:19:00,835,835,835,835,0
2022-10-26 12:20:00,835,835,835,835,0
2022-10-26 12:21:00,835,835,835,835,0
2022-10-26 12:22:00,835,835,835,835,0
2022-10-26 12:23:00,835,835,835,835,0
2022-10-26 12:24:00,835,835,835,835,0
2022-10-26 12:25:00,835,835,835,835,0
2022-10-26 12:26:00,835,835,835,835,0
2022-10-26 12:27:00,835,835,835,835,0
2022-10-26 12:28:00,835,835,835,835,0
2022-10-26 12:29:00,835,835,835,835,0
2022-10-26 12:30:00,835,835,835,835,0
2022-10-26 12:31:00,835,835,835,835,0
2022-10-26 12:32:00,835,835,835,835,0
2022-10-26 12:33:00,835,835,835,835,0
2022-10-26 12:34:00,835,835,835,835,0
2022-10-26 12:35:00,835,835,835,835,0
2022-10-26 12:36:00,835,835,835,835,0
2022-10-26 12:37:00,835,835,835,835,0
2022-10-26 12:38:00,835,835,835,835,0
2022-10-26 12:39:00,835,835,835,835,0
2022-10-26 12:40:00,835,835,835,835,0
2022-10-26 12:41:00,835,835,835,835,0
2022-10-26 12:42:00,835,835,835,835,0
2022-10-26 12:43:00,835,835,835,835,0
2022-10-26 12:44:00,835,835,835,835,0
2022-10-26 12:45:00,835,835,835,835,0
2022-10-26 12:46:00,835,835,835,835,0
2022-10-26 12:47:00,835,835,835,835,0
2022-10-26 12:48:00,835,835,835,835,0
2022-10-26 12:49:00,835,835,835,835,0
2022-10-26 12:50:00,835,835,835,835,0
2022-10-26 12:51:00,835,835,835,835,0
2022-10-26 12:52:00,835,835,835,835,0
2022-10-26 12:53:00,835,835,835,835,0
2022-10-26 12:54:00,835,835,835,835,0
2022-10-26 12:55:00,835,835,835,835,0
2022-10-26 12:56:00,835,835,835,835,0
2022-10-26 12:57:00,835,835,835,835,0
2022-10-26 12:58:00,835,835,835,835,0
2022-10-26 12:59:00,835,835,835,835,0
2022-10-26 13:00:00,835,835,835,835,0
2022-10-26 13:01:00,835,835,835,835,0
2022-10-26 13:02:00,835,835,835,835,0
2022-10-26 13:03:00,835,835,835,835,0
2022-10-26 13:04:00,835,835,835,835,0
2022-10-26 13:05:00,835,835,835,835,0
2022-10-26 13:06:00,835,835,835,835,0
2022-10-26 13:07:00,835,835,835,835,0
2022-10-26 13:08:00,835,835,835,835,0
2022-10-26 13:09:00,835,835,835,835,0
2022-10-26 13:10:00,835,835,835,835,0
2022-10-26 13:11:00,835,835,835,835,0
2022-10-26 13:12:00,835,835,835,835,0
2022-10-26 13:13:00,835,835,835,835,0
2022-10-26 13:14:00,835,835,835,835,0
2022-10-26 13:15:00,835,835,835,835,0
2022-10-26 13:16:00,835,835,835,835,0
2022-10-26 13:17:00,835,835,835,835,0
2022-10-26 13:18:00,835,835,835,835,0
2022-10-26 13:19:00,835,835,835,835,0
2022-10-26 13:20:00,835,835,835,835,0
2022-10-26 13:21:00,835,835,835,835,0
2022-10-26 13:22:00,835,835,835,835,0
2022-10-26 13:23:00,835,835,835,835,0
2022-10-26 13:24:00,835,835,835,835,0
2022-10-26 13:25:00,835,835,835,835,0
2022-10-26 13:26:00,835,835,835,835,0
2022-10-26 13:27:00,835,835,835,835,0
2022-10-26 13:28:00,835,835,835,835,0
2022-10-26 13:29:00,835,835,835,835,0
2022-10-26 13:30:00,835,825,835,825,600
2022-10-26 13:31:00,835,825,835,825,0
2022-10-26 13:32:00,825,825,825,825,900
2022-10-26 13:33:00,825,825,825,825,0
2022-10-26 13:34:00,825,825,825,825,0
2022-10-26 13:35:00,825,825,825,825,0
2022-10-26 13:36:00,825,825,825,825,0
2022-10-26 13:37:00,825,825,825,825,0
2022-10-26 13:38:00,825,825,825,825,0
2022-10-26 13:39:00,825,825,825,825,0
2022-10-26 13:40:00,825,825,825,825,0
2022-10-26 13:41:00,825,825,825,825,0
2022-10-26 13:42:00,825,825,825,825,2600
2022-10-26 13:43:00,825,825,825,825,0
2022-10-26 13:44:00,830,830,840,840,5800
2022-10-26 13:45:00,830,830,840,840,0
2022-10-26 13:46:00,825,825,825,825,900
2022-10-26 13:47:00,825,825,825,825,5400
2022-10-26 13:48:00,825,825,825,825,0
2022-10-26 13:49:00,825,825,825,825,10000
2022-10-26 13:50:00,825,825,835,835,0
2022-10-26 13:51:00,825,825,835,835,0
2022-10-26 13:52:00,825,825,835,835,0
2022-10-26 13:53:00,825,825,835,835,0
2022-10-26 13:54:00,825,825,835,835,0
2022-10-26 13:55:00,835,820,840,820,47100
2022-10-26 13:56:00,835,835,835,835,0
2022-10-26 13:57:00,835,835,835,835,0
2022-10-26 13:58:00,835,835,835,835,0
2022-10-26 13:59:00,835,835,835,835,0
2022-10-26 14:00:00,835,835,835,835,0
2022-10-26 14:01:00,835,835,835,835,0
2022-10-26 14:02:00,830,830,830,830,9900
2022-10-26 14:03:00,830,830,830,830,0
2022-10-26 14:04:00,830,830,830,830,0
2022-10-26 14:05:00,830,830,830,830,0
2022-10-26 14:06:00,830,830,830,830,0
2022-10-26 14:07:00,830,830,830,830,0
2022-10-26 14:08:00,830,830,830,830,0
2022-10-26 14:09:00,830,830,830,830,0
2022-10-26 14:10:00,830,830,830,830,0
2022-10-26 14:11:00,830,830,830,830,0
2022-10-26 14:12:00,830,830,830,830,20000
2022-10-26 14:13:00,830,830,830,830,40000
2022-10-26 14:14:00,825,825,825,825,0
2022-10-26 14:15:00,825,825,825,825,0
2022-10-26 14:16:00,825,825,825,825,0
2022-10-26 14:17:00,825,825,825,825,0
2022-10-26 14:18:00,825,825,825,825,0
2022-10-26 14:19:00,825,820,825,820,35100
2022-10-26 14:20:00,825,820,825,820,0
2022-10-26 14:21:00,825,820,825,820,0
2022-10-26 14:22:00,825,820,825,820,0
2022-10-26 14:23:00,825,820,825,820,0
2022-10-26 14:24:00,825,820,825,820,0
2022-10-26 14:25:00,820,820,820,820,6800
2022-10-26 14:26:00,820,820,820,820,0
2022-10-26 14:27:00,820,820,820,820,0
2022-10-26 14:28:00,820,820,820,820,0
2022-10-26 14:29:00,820,820,820,820,200
2022-10-26 14:30:00,820,820,820,820,0
2022-10-26 14:31:00,820,820,820,820,0
2022-10-26 14:32:00,815,815,815,815,48000
2022-10-26 14:33:00,815,815,815,815,0
2022-10-26 14:34:00,815,815,815,815,0
2022-10-26 14:35:00,815,815,815,815,0
2022-10-26 14:36:00,815,815,815,815,0
2022-10-26 14:37:00,815,815,815,815,0
2022-10-26 14:38:00,815,815,815,815,9100
2022-10-26 14:39:00,815,815,815,815,0
2022-10-26 14:40:00,820,820,820,820,100
2022-10-26 14:41:00,820,820,820,820,0
2022-10-26 14:42:00,820,820,820,820,0
2022-10-26 14:43:00,820,820,820,820,0
2022-10-26 14:44:00,820,820,820,820,0
2022-10-26 14:45:00,820,820,820,820,900
2022-10-26 14:46:00,820,820,825,825,13300
2022-10-26 14:47:00,815,815,815,815,600
2022-10-26 14:48:00,815,815,825,825,3100
2022-10-26 14:49:00,815,815,825,825,400
2022-10-26 14:50:00,815,815,825,825,0
2022-10-26 14:51:00,815,815,825,825,0
2022-10-26 14:52:00,815,815,825,825,0
2022-10-26 14:53:00,815,815,825,825,0
2022-10-26 14:54:00,815,815,825,825,0
2022-10-26 14:55:00,815,815,825,825,0
2022-10-26 14:56:00,815,815,825,825,0
2022-10-26 14:57:00,815,815,825,825,0
2022-10-26 14:58:00,815,815,825,825,0
2022-10-26 14:59:00,815,815,825,825,0
2022-10-26 15:00:00,820,820,820,820,32400
2022-10-26 15:01:00,820,820,820,820,0
2022-10-26 15:02:00,820,820,820,820,0
2022-10-26 15:03:00,820,820,820,820,0
2022-10-26 15:04:00,820,820,820,820,0
2022-10-26 15:05:00,820,820,820,820,0
2022-10-26 15:06:00,820,820,820,820,0
2022-10-26 15:07:00,820,820,820,820,2800
2022-10-26 15:08:00,820,820,820,820,0
2022-10-26 15:09:00,820,820,820,820,0
2022-10-26 15:10:00,820,820,820,820,0
2022-10-26 15:11:00,820,820,820,820,0
2022-10-26 15:12:00,820,820,820,820,0
2022-10-26 15:13:00,820,820,820,820,0
2022-10-26 15:14:00,820,820,820,820,0
2022-10-26 15:15:00,820,820,820,820,0
2022-10-26 15:16:00,820,820,820,820,0
2022-10-26 15:17:00,820,820,820,820,0
2022-10-26 15:18:00,820,820,820,820,0
2022-10-26 15:19:00,820,820,820,820,0
2022-10-26 15:20:00,820,820,820,820,0
2022-10-26 15:21:00,820,820,820,820,0
2022-10-26 15:22:00,820,820,820,820,0
2022-10-26 15:23:00,820,820,820,820,0
2022-10-26 15:24:00,820,820,820,820,0
2022-10-26 15:25:00,820,820,820,820,0
2022-10-26 15:26:00,820,820,820,820,0
2022-10-26 15:27:00,820,820,820,820,0
2022-10-26 15:28:00,820,820,820,820,0
2022-10-26 15:29:00,820,820,820,820,0
2022-10-26 15:30:00,820,820,820,820,0
2022-10-26 15:31:00,820,820,820,820,0
2022-10-26 15:32:00,820,820,820,820,0
2022-10-26 15:33:00,820,820,820,820,0
2022-10-26 15:34:00,820,820,820,820,0
2022-10-26 15:35:00,820,820,820,820,0
2022-10-26 15:36:00,820,820,820,820,0
2022-10-26 15:37:00,820,820,820,820,0
2022-10-26 15:38:00,820,820,820,820,0
2022-10-26 15:39:00,820,820,820,820,0
2022-10-26 15:40:00,820,820,820,820,0
2022-10-26 15:41:00,820,820,820,820,0
2022-10-26 15:42:00,820,820,820,820,0
2022-10-26 15:43:00,820,820,820,820,0
2022-10-26 15:44:00,820,820,820,820,0
2022-10-26 15:45:00,820,820,820,820,0
2022-10-26 15:46:00,820,820,820,820,0
2022-10-26 15:47:00,820,820,820,820,0
2022-10-26 15:48:00,820,820,820,820,0
2022-10-26 15:49:00,820,820,820,820,0
2022-10-26 15:50:00,820,820,820,820,0
2022-10-26 15:51:00,820,820,820,820,0
2022-10-26 15:52:00,820,820,820,820,0
2022-10-26 15:53:00,820,820,820,820,0
2022-10-26 15:54:00,820,820,820,820,0
2022-10-26 15:55:00,820,820,820,820,0
2022-10-26 15:56:00,820,820,820,820,0
2022-10-26 15:57:00,820,820,820,820,0
2022-10-26 15:58:00,820,820,820,820,0
2022-10-26 15:59:00,820,820,820,820,0
2022-10-27 09:00:00,820,820,820,820,0
2022-10-27 09:01:00,820,820,820,820,800
2022-10-27 09:02:00,820,820,820,820,0
2022-10-27 09:03:00,820,820,820,820,0
2022-10-27 09:04:00,820,820,820,820,0
2022-10-27 09:05:00,820,820,820,820,0
2022-10-27 09:06:00,820,820,820,820,0
2022-10-27 09:07:00,820,820,820,820,500
2022-10-27 09:08:00,820,820,820,820,0
2022-10-27 09:09:00,820,820,820,820,0
2022-10-27 09:10:00,820,820,820,820,11100
2022-10-27 09:11:00,830,830,830,830,0
2022-10-27 09:12:00,830,830,830,830,700
2022-10-27 09:13:00,830,830,830,830,0
2022-10-27 09:14:00,830,830,830,830,0
2022-10-27 09:15:00,830,830,830,830,0
2022-10-27 09:16:00,830,830,830,830,0
2022-10-27 09:17:00,830,830,830,830,0
2022-10-27 09:18:00,830,830,830,830,0
2022-10-27 09:19:00,830,830,830,830,0
2022-10-27 09:20:00,830,830,830,830,2000
2022-10-27 09:21:00,830,830,830,830,0
2022-10-27 09:22:00,830,830,830,830,0
2022-10-27 09:23:00,825,825,825,825,3000
2022-10-27 09:24:00,825,825,825,825,0
2022-10-27 09:25:00,825,825,825,825,0
2022-10-27 09:26:00,825,825,825,825,0
2022-10-27 09:27:00,825,825,825,825,0
2022-10-27 09:28:00,825,825,825,825,0
2022-10-27 09:29:00,825,825,825,825,0
2022-10-27 09:30:00,825,825,825,825,0
2022-10-27 09:31:00,825,825,825,825,0
2022-10-27 09:32:00,825,825,825,825,0
2022-10-27 09:33:00,825,825,825,825,0
2022-10-27 09:34:00,825,825,825,825,0
2022-10-27 09:35:00,825,825,825,825,3200
2022-10-27 09:36:00,825,825,825,825,0
2022-10-27 09:37:00,825,825,825,825,0
2022-10-27 09:38:00,825,825,825,825,0
2022-10-27 09:39:00,825,825,825,825,0
2022-10-27 09:40:00,825,825,825,825,0
2022-10-27 09:41:00,825,825,825,825,0
2022-10-27 09:42:00,825,825,825,825,0
2022-10-27 09:43:00,825,825,825,825,0
2022-10-27 09:44:00,825,825,825,825,0
2022-10-27 09:45:00,825,825,825,825,0
2022-10-27 09:46:00,825,825,825,825,0
2022-10-27 09:47:00,825,825,825,825,0
2022-10-27 09:48:00,825,825,825,825,0
2022-10-27 09:49:00,825,825,825,825,0
2022-10-27 09:50:00,825,825,825,825,0
2022-10-27 09:51:00,825,825,825,825,0
2022-10-27 09:52:00,825,825,825,825,0
2022-10-27 09:53:00,825,825,825,825,0
2022-10-27 09:54:00,825,825,825,825,500
2022-10-27 09:55:00,825,825,825,825,0
2022-10-27 09:56:00,825,825,825,825,0
2022-10-27 09:57:00,825,825,825,825,0
2022-10-27 09:58:00,825,825,825,825,0
2022-10-27 09:59:00,825,825,825,825,0
2022-10-27 10:00:00,825,825,825,825,0
2022-10-27 10:01:00,825,825,825,825,0
2022-10-27 10:02:00,825,825,825,825,0
2022-10-27 10:03:00,825,825,825,825,0
2022-10-27 10:04:00,825,825,825,825,6500
2022-10-27 10:05:00,825,825,825,825,0
2022-10-27 10:06:00,825,825,825,825,0
2022-10-27 10:07:00,825,825,825,825,0
2022-10-27 10:08:00,825,825,825,825,0
2022-10-27 10:09:00,820,820,820,820,4400
2022-10-27 10:10:00,820,820,820,820,0
2022-10-27 10:11:00,820,820,820,820,0
2022-10-27 10:12:00,820,820,820,820,0
2022-10-27 10:13:00,820,820,820,820,0
2022-10-27 10:14:00,820,820,820,820,0
2022-10-27 10:15:00,820,820,820,820,0
2022-10-27 10:16:00,820,820,820,820,0
2022-10-27 10:17:00,820,820,820,820,0
2022-10-27 10:18:00,820,820,820,820,0
2022-10-27 10:19:00,820,820,820,820,0
2022-10-27 10:20:00,820,820,820,820,0
2022-10-27 10:21:00,820,820,820,820,0
2022-10-27 10:22:00,820,820,820,820,0
2022-10-27 10:23:00,820,820,820,820,0
2022-10-27 10:24:00,820,820,820,820,0
2022-10-27 10:25:00,820,820,820,820,500
2022-10-27 10:26:00,820,820,820,820,0
2022-10-27 10:27:00,820,820,820,820,0
2022-10-27 10:28:00,820,820,820,820,0
2022-10-27 10:29:00,820,820,820,820,12200
2022-10-27 10:30:00,820,820,820,820,0
2022-10-27 10:31:00,820,820,820,820,0
2022-10-27 10:32:00,820,820,820,820,0
2022-10-27 10:33:00,820,820,820,820,0
2022-10-27 10:34:00,820,820,820,820,0
2022-10-27 10:35:00,820,820,820,820,0
2022-10-27 10:36:00,820,820,820,820,400
2022-10-27 10:37:00,820,820,820,820,0
2022-10-27 10:38:00,820,820,820,820,4700
2022-10-27 10:39:00,820,820,820,820,0
2022-10-27 10:40:00,820,820,820,820,0
2022-10-27 10:41:00,820,820,820,820,0
2022-10-27 10:42:00,820,820,820,820,0
2022-10-27 10:43:00,820,820,820,820,0
2022-10-27 10:44:00,820,820,820,820,0
2022-10-27 10:45:00,815,815,815,815,1300
2022-10-27 10:46:00,815,815,815,815,0
2022-10-27 10:47:00,815,815,815,815,0
2022-10-27 10:48:00,815,815,815,815,0
2022-10-27 10:49:00,815,815,815,815,0
2022-10-27 10:50:00,815,815,815,815,0
2022-10-27 10:51:00,815,800,815,805,171100
2022-10-27 10:52:00,815,800,815,805,0
2022-10-27 10:53:00,815,800,815,805,0
2022-10-27 10:54:00,815,815,825,825,8100
2022-10-27 10:55:00,815,815,825,825,0
2022-10-27 10:56:00,815,815,825,825,0
2022-10-27 10:57:00,815,815,825,825,0
2022-10-27 10:58:00,815,815,825,825,0
2022-10-27 10:59:00,815,815,825,825,0
2022-10-27 11:00:00,815,815,825,825,0
2022-10-27 11:01:00,815,815,825,825,0
2022-10-27 11:02:00,815,815,825,825,0
2022-10-27 11:03:00,815,815,825,825,0
2022-10-27 11:04:00,815,815,825,825,0
2022-10-27 11:05:00,815,815,825,825,0
2022-10-27 11:06:00,810,805,810,805,20300
2022-10-27 11:07:00,810,805,810,805,0
2022-10-27 11:08:00,805,805,805,805,0
2022-10-27 11:09:00,800,800,800,800,400
2022-10-27 11:10:00,800,800,800,800,400
2022-10-27 11:11:00,800,800,800,800,0
2022-10-27 11:12:00,800,800,800,800,0
2022-10-27 11:13:00,800,800,800,800,9800
2022-10-27 11:14:00,805,805,805,805,3700
2022-10-27 11:15:00,805,805,805,805,0
2022-10-27 11:16:00,805,805,805,805,0
2022-10-27 11:17:00,805,805,805,805,5900
2022-10-27 11:18:00,805,805,805,805,0
2022-10-27 11:19:00,805,805,805,805,0
2022-10-27 11:20:00,805,805,805,805,0
2022-10-27 11:21:00,805,805,805,805,0
2022-10-27 11:22:00,805,805,805,805,22500
2022-10-27 11:23:00,805,805,805,805,0
2022-10-27 11:24:00,805,805,805,805,0
2022-10-27 11:25:00,805,805,805,805,0
2022-10-27 11:26:00,810,810,810,810,400
2022-10-27 11:27:00,810,810,810,810,0
2022-10-27 11:28:00,810,810,810,810,0
2022-10-27 11:29:00,810,810,810,810,0
2022-10-27 11:30:00,810,810,810,810,0
2022-10-27 11:31:00,810,810,810,810,0
2022-10-27 11:32:00,810,810,810,810,0
2022-10-27 11:33:00,810,810,810,810,0
2022-10-27 11:34:00,810,810,810,810,0
2022-10-27 11:35:00,810,810,810,810,0
2022-10-27 11:36:00,810,810,810,810,0
2022-10-27 11:37:00,810,810,810,810,0
2022-10-27 11:38:00,810,810,810,810,0
2022-10-27 11:39:00,810,810,810,810,0
2022-10-27 11:40:00,810,810,810,810,0
2022-10-27 11:41:00,810,810,810,810,0
2022-10-27 11:42:00,810,810,810,810,0
2022-10-27 11:43:00,810,810,810,810,0
2022-10-27 11:44:00,810,810,810,810,0
2022-10-27 11:45:00,810,810,810,810,0
2022-10-27 11:46:00,810,810,810,810,0
2022-10-27 11:47:00,810,810,810,810,0
2022-10-27 11:48:00,810,810,810,810,0
2022-10-27 11:49:00,810,810,810,810,0
2022-10-27 11:50:00,810,810,810,810,0
2022-10-27 11:51:00,810,810,810,810,0
2022-10-27 11:52:00,810,810,810,810,0
2022-10-27 11:53:00,810,810,810,810,0
2022-10-27 11:54:00,810,810,810,810,0
2022-10-27 11:55:00,810,810,810,810,0
2022-10-27 11:56:00,810,810,810,810,0
2022-10-27 11:57:00,810,810,810,810,0
2022-10-27 11:58:00,810,810,810,810,0
2022-10-27 11:59:00,810,810,810,810,0
2022-10-27 12:00:00,810,810,810,810,0
2022-10-27 12:01:00,810,810,810,810,0
2022-10-27 12:02:00,810,810,810,810,0
2022-10-27 12:03:00,810,810,810,810,0
2022-10-27 12:04:00,810,810,810,810,0
2022-10-27 12:05:00,810,810,810,810,0
2022-10-27 12:06:00,810,810,810,810,0
2022-10-27 12:07:00,810,810,810,810,0
2022-10-27 12:08:00,810,810,810,810,0
2022-10-27 12:09:00,810,810,810,810,0
2022-10-27 12:10:00,810,810,810,810,0
2022-10-27 12:11:00,810,810,810,810,0
2022-10-27 12:12:00,810,810,810,810,0
2022-10-27 12:13:00,810,810,810,810,0
2022-10-27 12:14:00,810,810,810,810,0
2022-10-27 12:15:00,810,810,810,810,0
2022-10-27 12:16:00,810,810,810,810,0
2022-10-27 12:17:00,810,810,810,810,0
2022-10-27 12:18:00,810,810,810,810,0
2022-10-27 12:19:00,810,810,810,810,0
2022-10-27 12:20:00,810,810,810,810,0
2022-10-27 12:21:00,810,810,810,810,0
2022-10-27 12:22:00,810,810,810,810,0
2022-10-27 12:23:00,810,810,810,810,0
2022-10-27 12:24:00,810,810,810,810,0
2022-10-27 12:25:00,810,810,810,810,0
2022-10-27 12:26:00,810,810,810,810,0
2022-10-27 12:27:00,810,810,810,810,0
2022-10-27 12:28:00,810,810,810,810,0
2022-10-27 12:29:00,810,810,810,810,0
2022-10-27 12:30:00,810,810,810,810,0
2022-10-27 12:31:00,810,810,810,810,0
2022-10-27 12:32:00,810,810,810,810,0
2022-10-27 12:33:00,810,810,810,810,0
2022-10-27 12:34:00,810,810,810,810,0
2022-10-27 12:35:00,810,810,810,810,0
2022-10-27 12:36:00,810,810,810,810,0
2022-10-27 12:37:00,810,810,810,810,0
2022-10-27 12:38:00,810,810,810,810,0
2022-10-27 12:39:00,810,810,810,810,0
2022-10-27 12:40:00,810,810,810,810,0
2022-10-27 12:41:00,810,810,810,810,0
2022-10-27 12:42:00,810,810,810,810,0
2022-10-27 12:43:00,810,810,810,810,0
2022-10-27 12:44:00,810,810,810,810,0
2022-10-27 12:45:00,810,810,810,810,0
2022-10-27 12:46:00,810,810,810,810,0
2022-10-27 12:47:00,810,810,810,810,0
2022-10-27 12:48:00,810,810,810,810,0
2022-10-27 12:49:00,810,810,810,810,0
2022-10-27 12:50:00,810,810,810,810,0
2022-10-27 12:51:00,810,810,810,810,0
2022-10-27 12:52:00,810,810,810,810,0
2022-10-27 12:53:00,810,810,810,810,0
2022-10-27 12:54:00,810,810,810,810,0
2022-10-27 12:55:00,810,810,810,810,0
2022-10-27 12:56:00,810,810,810,810,0
2022-10-27 12:57:00,810,810,810,810,0
2022-10-27 12:58:00,810,810,810,810,0
2022-10-27 12:59:00,810,810,810,810,0
2022-10-27 13:00:00,810,810,810,810,0
2022-10-27 13:01:00,810,810,810,810,0
2022-10-27 13:02:00,810,810,810,810,0
2022-10-27 13:03:00,810,810,810,810,0
2022-10-27 13:04:00,810,810,810,810,0
2022-10-27 13:05:00,810,810,810,810,0
2022-10-27 13:06:00,810,810,810,810,0
2022-10-27 13:07:00,810,810,810,810,0
2022-10-27 13:08:00,810,810,810,810,0
2022-10-27 13:09:00,810,810,810,810,0
2022-10-27 13:10:00,810,810,810,810,0
2022-10-27 13:11:00,810,810,810,810,0
2022-10-27 13:12:00,810,810,810,810,0
2022-10-27 13:13:00,810,810,810,810,0
2022-10-27 13:14:00,810,810,810,810,0
2022-10-27 13:15:00,810,810,810,810,0
2022-10-27 13:16:00,810,810,810,810,0
2022-10-27 13:17:00,810,810,810,810,0
2022-10-27 13:18:00,810,810,810,810,0
2022-10-27 13:19:00,810,810,810,810,0
2022-10-27 13:20:00,810,810,810,810,0
2022-10-27 13:21:00,810,810,810,810,0
2022-10-27 13:22:00,810,810,810,810,0
2022-10-27 13:23:00,810,810,810,810,0
2022-10-27 13:24:00,810,810,810,810,0
2022-10-27 13:25:00,810,810,810,810,0
2022-10-27 13:26:00,810,810,810,810,0
2022-10-27 13:27:00,810,810,810,810,0
2022-10-27 13:28:00,810,810,810,810,0
2022-10-27 13:29:00,810,810,810,810,0
2022-10-27 13:30:00,810,805,810,805,6200
2022-10-27 13:31:00,810,805,810,805,0
2022-10-27 13:32:00,810,805,810,805,0
2022-10-27 13:33:00,810,805,810,805,0
2022-10-27 13:34:00,810,810,810,810,5600
2022-10-27 13:35:00,815,815,815,815,0
2022-10-27 13:36:00,815,815,815,815,0
2022-10-27 13:37:00,815,815,815,815,0
2022-10-27 13:38:00,815,815,815,815,0
2022-10-27 13:39:00,815,815,815,815,0
2022-10-27 13:40:00,815,815,815,815,600
2022-10-27 13:41:00,815,815,815,815,0
2022-10-27 13:42:00,815,815,815,815,0
2022-10-27 13:43:00,815,815,815,815,0
2022-10-27 13:44:00,815,815,815,815,0
2022-10-27 13:45:00,815,815,820,820,17200
2022-10-27 13:46:00,815,815,820,820,0
2022-10-27 13:47:00,815,815,820,820,0
2022-10-27 13:48:00,815,815,820,820,0
2022-10-27 13:49:00,815,815,820,820,0
2022-10-27 13:50:00,815,815,820,820,0
2022-10-27 13:51:00,815,815,820,820,0
2022-10-27 13:52:00,815,815,820,820,0
2022-10-27 13:53:00,815,815,820,820,0
2022-10-27 13:54:00,810,810,810,810,400
2022-10-27 13:55:00,810,810,810,810,0
2022-10-27 13:56:00,810,810,820,820,600
2022-10-27 13:57:00,810,810,820,820,0
2022-10-27 13:58:00,810,810,820,820,0
2022-10-27 13:59:00,810,810,820,820,0
2022-10-27 14:00:00,810,810,820,820,0
2022-10-27 14:01:00,810,810,820,820,0
2022-10-27 14:02:00,810,810,820,820,0
2022-10-27 14:03:00,810,810,820,820,0
2022-10-27 14:04:00,810,810,820,820,0
2022-10-27 14:05:00,810,810,820,820,0
2022-10-27 14:06:00,810,810,820,820,0
2022-10-27 14:07:00,810,810,820,820,0
2022-10-27 14:08:00,810,810,820,820,0
2022-10-27 14:09:00,810,810,820,820,0
2022-10-27 14:10:00,810,810,820,820,0
2022-10-27 14:11:00,810,810,820,820,0
2022-10-27 14:12:00,810,810,820,820,0
2022-10-27 14:13:00,810,810,820,820,0
2022-10-27 14:14:00,810,810,820,820,0
2022-10-27 14:15:00,810,810,820,820,0
2022-10-27 14:16:00,810,810,820,820,0
2022-10-27 14:17:00,810,810,820,820,0
2022-10-27 14:18:00,810,810,820,820,0
2022-10-27 14:19:00,810,810,820,820,0
2022-10-27 14:20:00,810,810,820,820,0
2022-10-27 14:21:00,810,810,820,820,0
2022-10-27 14:22:00,810,810,820,820,0
2022-10-27 14:23:00,810,810,820,820,0
2022-10-27 14:24:00,810,810,810,810,700
2022-10-27 14:25:00,820,820,820,820,0
2022-10-27 14:26:00,820,820,820,820,0
2022-10-27 14:27:00,820,820,820,820,0
2022-10-27 14:28:00,820,820,820,820,0
2022-10-27 14:29:00,820,820,820,820,0
2022-10-27 14:30:00,820,820,820,820,0
2022-10-27 14:31:00,820,820,820,820,0
2022-10-27 14:32:00,820,820,820,820,0
2022-10-27 14:33:00,820,820,820,820,0
2022-10-27 14:34:00,820,820,820,820,0
2022-10-27 14:35:00,820,820,820,820,0
2022-10-27 14:36:00,820,820,820,820,0
2022-10-27 14:37:00,820,820,820,820,0
2022-10-27 14:38:00,820,820,820,820,0
2022-10-27 14:39:00,820,820,820,820,0
2022-10-27 14:40:00,820,820,820,820,0
2022-10-27 14:41:00,820,820,820,820,0
2022-10-27 14:42:00,820,820,820,820,0
2022-10-27 14:43:00,820,820,820,820,0
2022-10-27 14:44:00,820,820,820,820,0
2022-10-27 14:45:00,820,820,820,820,0
2022-10-27 14:46:00,820,820,820,820,0
2022-10-27 14:47:00,820,820,820,820,0
2022-10-27 14:48:00,820,820,820,820,0
2022-10-27 14:49:00,815,815,815,815,600
2022-10-27 14:50:00,815,815,815,815,0
2022-10-27 14:51:00,815,815,815,815,0
2022-10-27 14:52:00,815,815,815,815,0
2022-10-27 14:53:00,815,815,815,815,0
2022-10-27 14:54:00,815,815,815,815,0
2022-10-27 14:55:00,815,815,815,815,0
2022-10-27 14:56:00,815,815,815,815,0
2022-10-27 14:57:00,815,815,815,815,0
2022-10-27 14:58:00,815,815,815,815,0
2022-10-27 14:59:00,815,815,815,815,0
2022-10-27 15:00:00,800,800,800,800,42400
2022-10-27 15:01:00,800,800,800,800,0
2022-10-27 15:02:00,800,800,800,800,18400
2022-10-27 15:03:00,800,800,800,800,0
2022-10-27 15:04:00,800,800,800,800,0
2022-10-27 15:05:00,800,800,800,800,16000
2022-10-27 15:06:00,800,800,800,800,0
2022-10-27 15:07:00,800,800,800,800,0
2022-10-27 15:08:00,800,800,800,800,0
2022-10-27 15:09:00,800,800,800,800,1000
2022-10-27 15:10:00,800,800,800,800,1400
2022-10-27 15:11:00,800,800,800,800,0
2022-10-27 15:12:00,800,800,800,800,411100
2022-10-27 15:13:00,800,800,800,800,0
2022-10-27 15:14:00,800,800,800,800,0
2022-10-27 15:15:00,800,800,800,800,0
2022-10-27 15:16:00,800,800,800,800,0
2022-10-27 15:17:00,800,800,800,800,0
2022-10-27 15:18:00,800,800,800,800,0
2022-10-27 15:19:00,800,800,800,800,0
2022-10-27 15:20:00,800,800,800,800,0
2022-10-27 15:21:00,800,800,800,800,0
2022-10-27 15:22:00,800,800,800,800,0
2022-10-27 15:23:00,800,800,800,800,0
2022-10-27 15:24:00,800,800,800,800,0
2022-10-27 15:25:00,800,800,800,800,0
2022-10-27 15:26:00,800,800,800,800,0
2022-10-27 15:27:00,800,800,800,800,0
2022-10-27 15:28:00,800,800,800,800,0
2022-10-27 15:29:00,800,800,800,800,0
2022-10-27 15:30:00,800,800,800,800,0
2022-10-27 15:31:00,800,800,800,800,0
2022-10-27 15:32:00,800,800,800,800,0
2022-10-27 15:33:00,800,800,800,800,0
2022-10-27 15:34:00,800,800,800,800,0
2022-10-27 15:35:00,800,800,800,800,0
2022-10-27 15:36:00,800,800,800,800,0
2022-10-27 15:37:00,800,800,800,800,0
2022-10-27 15:38:00,800,800,800,800,0
2022-10-27 15:39:00,800,800,800,800,0
2022-10-27 15:40:00,800,800,800,800,0
2022-10-27 15:41:00,800,800,800,800,0
2022-10-27 15:42:00,800,800,800,800,0
2022-10-27 15:43:00,800,800,800,800,0
2022-10-27 15:44:00,800,800,800,800,0
2022-10-27 15:45:00,800,800,800,800,0
2022-10-27 15:46:00,800,800,800,800,0
2022-10-27 15:47:00,800,800,800,800,0
2022-10-27 15:48:00,800,800,800,800,0
2022-10-27 15:49:00,800,800,800,800,0
2022-10-27 15:50:00,800,800,800,800,0
2022-10-27 15:51:00,800,800,800,800,0
2022-10-27 15:52:00,800,800,800,800,0
2022-10-27 15:53:00,800,800,800,800,0
2022-10-27 15:54:00,800,800,800,800,0
2022-10-27 15:55:00,800,800,800,800,0
2022-10-27 15:56:00,800,800,800,800,0
2022-10-27 15:57:00,800,800,800,800,0
2022-10-27 15:58:00,800,800,800,800,0
2022-10-27 15:59:00,800,800,800,800,0
2022-10-28 09:00:00,800,800,800,800,0
2022-10-28 09:01:00,800,800,800,800,0
2022-10-28 09:02:00,800,800,800,800,0
2022-10-28 09:03:00,800,800,800,800,0
2022-10-28 09:04:00,800,800,800,800,0
2022-10-28 09:05:00,800,800,800,800,0
2022-10-28 09:06:00,800,800,800,800,25700
2022-10-28 09:07:00,800,800,800,800,2000
2022-10-28 09:08:00,800,800,800,800,0
2022-10-28 09:09:00,800,800,800,800,0
2022-10-28 09:10:00,800,800,800,800,17800
2022-10-28 09:11:00,800,800,800,800,0
2022-10-28 09:12:00,800,800,800,800,0
2022-10-28 09:13:00,800,800,800,800,2000
2022-10-28 09:14:00,800,800,800,800,0
2022-10-28 09:15:00,815,805,825,825,119000
2022-10-28 09:16:00,825,825,825,825,0
2022-10-28 09:17:00,810,810,810,810,200
2022-10-28 09:18:00,810,810,810,810,0
2022-10-28 09:19:00,810,810,810,810,0
2022-10-28 09:20:00,810,810,810,810,3200
2022-10-28 09:21:00,810,810,810,810,0
2022-10-28 09:22:00,810,810,810,810,0
2022-10-28 09:23:00,810,810,810,810,0
2022-10-28 09:24:00,810,810,810,810,9600
2022-10-28 09:25:00,810,810,810,810,0
2022-10-28 09:26:00,810,810,810,810,0
2022-10-28 09:27:00,810,810,810,810,0
2022-10-28 09:28:00,810,810,810,810,0
2022-10-28 09:29:00,815,815,815,815,200
2022-10-28 09:30:00,815,815,815,815,100
2022-10-28 09:31:00,815,815,815,815,0
2022-10-28 09:32:00,815,815,815,815,0
2022-10-28 09:33:00,815,815,815,815,0
2022-10-28 09:34:00,815,815,815,815,0
2022-10-28 09:35:00,815,815,815,815,0
2022-10-28 09:36:00,815,815,815,815,0
2022-10-28 09:37:00,815,815,815,815,0
2022-10-28 09:38:00,815,815,815,815,0
2022-10-28 09:39:00,815,815,815,815,0
2022-10-28 09:40:00,815,815,815,815,0
2022-10-28 09:41:00,815,815,815,815,0
2022-10-28 09:42:00,815,815,815,815,500
2022-10-28 09:43:00,815,815,815,815,0
2022-10-28 09:44:00,815,815,815,815,0
2022-10-28 09:45:00,815,815,815,815,0
2022-10-28 09:46:00,815,815,815,815,0
2022-10-28 09:47:00,815,815,815,815,0
2022-10-28 09:48:00,815,815,815,815,1300
2022-10-28 09:49:00,815,815,815,815,0
2022-10-28 09:50:00,815,815,815,815,0
2022-10-28 09:51:00,815,815,815,815,2200
2022-10-28 09:52:00,815,815,815,815,0
2022-10-28 09:53:00,815,815,815,815,0
2022-10-28 09:54:00,815,815,815,815,0
2022-10-28 09:55:00,815,815,815,815,0
2022-10-28 09:56:00,815,815,815,815,0
2022-10-28 09:57:00,815,815,815,815,0
2022-10-28 09:58:00,815,815,815,815,0
2022-10-28 09:59:00,815,815,815,815,0
2022-10-28 10:00:00,815,815,815,815,0
2022-10-28 10:01:00,815,815,815,815,0
2022-10-28 10:02:00,815,815,815,815,0
2022-10-28 10:03:00,815,815,815,815,200
2022-10-28 10:04:00,810,810,810,810,100
2022-10-28 10:05:00,815,815,815,815,100
2022-10-28 10:06:00,810,810,810,810,13300
2022-10-28 10:07:00,810,810,810,810,0
2022-10-28 10:08:00,810,810,810,810,0
2022-10-28 10:09:00,810,810,810,810,0
2022-10-28 10:10:00,815,815,815,815,0
2022-10-28 10:11:00,810,810,810,810,1200
2022-10-28 10:12:00,810,810,810,810,0
2022-10-28 10:13:00,810,800,810,800,40200
2022-10-28 10:14:00,810,800,810,800,0
2022-10-28 10:15:00,810,800,810,800,0
2022-10-28 10:16:00,810,800,810,800,0
2022-10-28 10:17:00,810,810,810,810,21300
2022-10-28 10:18:00,810,810,810,810,0
2022-10-28 10:19:00,810,810,810,810,0
2022-10-28 10:20:00,810,810,810,810,0
2022-10-28 10:21:00,810,810,810,810,0
2022-10-28 10:22:00,810,810,810,810,0
2022-10-28 10:23:00,810,810,810,810,0
2022-10-28 10:24:00,810,810,810,810,0
2022-10-28 10:25:00,810,810,810,810,0
2022-10-28 10:26:00,810,810,810,810,0
2022-10-28 10:27:00,810,810,810,810,0
2022-10-28 10:28:00,810,810,810,810,0
2022-10-28 10:29:00,810,810,810,810,0
2022-10-28 10:30:00,810,810,810,810,0
2022-10-28 10:31:00,810,810,810,810,0
2022-10-28 10:32:00,810,810,810,810,0
2022-10-28 10:33:00,810,810,810,810,0
2022-10-28 10:34:00,810,810,810,810,0
2022-10-28 10:35:00,810,810,810,810,0
2022-10-28 10:36:00,810,810,810,810,0
2022-10-28 10:37:00,810,810,810,810,0
2022-10-28 10:38:00,810,810,810,810,0
2022-10-28 10:39:00,810,810,810,810,0
2022-10-28 10:40:00,810,810,810,810,0
2022-10-28 10:41:00,810,810,810,810,0
2022-10-28 10:42:00,810,810,810,810,0
2022-10-28 10:43:00,810,805,810,805,39000
2022-10-28 10:44:00,810,805,810,805,0
2022-10-28 10:45:00,810,805,810,805,0
2022-10-28 10:46:00,810,805,810,805,0
2022-10-28 10:47:00,810,805,810,805,0
2022-10-28 10:48:00,810,805,810,805,0
2022-10-28 10:49:00,810,805,810,805,0
2022-10-28 10:50:00,805,805,805,805,0
2022-10-28 10:51:00,805,805,805,805,25100
2022-10-28 10:52:00,805,805,805,805,0
2022-10-28 10:53:00,805,805,805,805,0
2022-10-28 10:54:00,805,805,805,805,0
2022-10-28 10:55:00,805,805,805,805,0
2022-10-28 10:56:00,805,805,805,805,0
2022-10-28 10:57:00,805,805,805,805,0
2022-10-28 10:58:00,805,805,805,805,0
2022-10-28 10:59:00,805,805,805,805,0
2022-10-28 11:00:00,805,805,805,805,0
2022-10-28 11:01:00,805,805,805,805,0
2022-10-28 11:02:00,805,805,805,805,0
2022-10-28 11:03:00,805,805,805,805,0
2022-10-28 11:04:00,805,805,805,805,10000
2022-10-28 11:05:00,805,805,805,805,0
2022-10-28 11:06:00,805,805,805,805,0
2022-10-28 11:07:00,805,805,805,805,0
2022-10-28 11:08:00,805,805,805,805,0
2022-10-28 11:09:00,805,805,805,805,0
2022-10-28 11:10:00,805,805,805,805,0
2022-10-28 11:11:00,805,805,805,805,0
2022-10-28 11:12:00,805,805,805,805,0
2022-10-28 11:13:00,805,805,805,805,0
2022-10-28 11:14:00,805,805,805,805,0
2022-10-28 11:15:00,805,805,805,805,0
2022-10-28 11:16:00,805,805,805,805,0
2022-10-28 11:17:00,805,805,805,805,0
2022-10-28 11:18:00,805,805,805,805,0
2022-10-28 11:19:00,815,815,815,815,200
2022-10-28 11:20:00,815,815,815,815,0
2022-10-28 11:21:00,815,815,815,815,0
2022-10-28 11:22:00,815,815,815,815,0
2022-10-28 11:23:00,815,815,815,815,0
2022-10-28 11:24:00,815,815,815,815,0
2022-10-28 11:25:00,815,815,815,815,0
2022-10-28 11:26:00,815,815,815,815,0
2022-10-28 11:27:00,810,810,810,810,4000
2022-10-28 11:28:00,810,810,810,810,0
2022-10-28 11:29:00,810,810,810,810,0
2022-10-28 11:30:00,810,810,810,810,0
2022-10-28 11:31:00,810,810,810,810,0
2022-10-28 11:32:00,810,810,810,810,0
2022-10-28 11:33:00,810,810,810,810,0
2022-10-28 11:34:00,810,810,810,810,0
2022-10-28 11:35:00,810,810,810,810,0
2022-10-28 11:36:00,810,810,810,810,0
2022-10-28 11:37:00,810,810,810,810,0
2022-10-28 11:38:00,810,810,810,810,0
2022-10-28 11:39:00,810,810,810,810,0
2022-10-28 11:40:00,810,810,810,810,0
2022-10-28 11:41:00,810,810,810,810,0
2022-10-28 11:42:00,810,810,810,810,0
2022-10-28 11:43:00,810,810,810,810,0
2022-10-28 11:44:00,810,810,810,810,0
2022-10-28 11:45:00,810,810,810,810,0
2022-10-28 11:46:00,810,810,810,810,0
2022-10-28 11:47:00,810,810,810,810,0
2022-10-28 11:48:00,810,810,810,810,0
2022-10-28 11:49:00,810,810,810,810,0
2022-10-28 11:50:00,810,810,810,810,0
2022-10-28 11:51:00,810,810,810,810,0
2022-10-28 11:52:00,810,810,810,810,0
2022-10-28 11:53:00,810,810,810,810,0
2022-10-28 11:54:00,810,810,810,810,0
2022-10-28 11:55:00,810,810,810,810,0
2022-10-28 11:56:00,810,810,810,810,0
2022-10-28 11:57:00,810,810,810,810,0
2022-10-28 11:58:00,810,810,810,810,0
2022-10-28 11:59:00,810,810,810,810,0
2022-10-28 12:00:00,810,810,810,810,0
2022-10-28 12:01:00,810,810,810,810,0
2022-10-28 12:02:00,810,810,810,810,0
2022-10-28 12:03:00,810,810,810,810,0
2022-10-28 12:04:00,810,810,810,810,0
2022-10-28 12:05:00,810,810,810,810,0
2022-10-28 12:06:00,810,810,810,810,0
2022-10-28 12:07:00,810,810,810,810,0
2022-10-28 12:08:00,810,810,810,810,0
2022-10-28 12:09:00,810,810,810,810,0
2022-10-28 12:10:00,810,810,810,810,0
2022-10-28 12:11:00,810,810,810,810,0
2022-10-28 12:12:00,810,810,810,810,0
2022-10-28 12:13:00,810,810,810,810,0
2022-10-28 12:14:00,810,810,810,810,0
2022-10-28 12:15:00,810,810,810,810,0
2022-10-28 12:16:00,810,810,810,810,0
2022-10-28 12:17:00,810,810,810,810,0
2022-10-28 12:18:00,810,810,810,810,0
2022-10-28 12:19:00,810,810,810,810,0
2022-10-28 12:20:00,810,810,810,810,0
2022-10-28 12:21:00,810,810,810,810,0
2022-10-28 12:22:00,810,810,810,810,0
2022-10-28 12:23:00,810,810,810,810,0
2022-10-28 12:24:00,810,810,810,810,0
2022-10-28 12:25:00,810,810,810,810,0
2022-10-28 12:26:00,810,810,810,810,0
2022-10-28 12:27:00,810,810,810,810,0
2022-10-28 12:28:00,810,810,810,810,0
2022-10-28 12:29:00,810,810,810,810,0
2022-10-28 12:30:00,810,810,810,810,0
2022-10-28 12:31:00,810,810,810,810,0
2022-10-28 12:32:00,810,810,810,810,0
2022-10-28 12:33:00,810,810,810,810,0
2022-10-28 12:34:00,810,810,810,810,0
2022-10-28 12:35:00,810,810,810,810,0
2022-10-28 12:36:00,810,810,810,810,0
2022-10-28 12:37:00,810,810,810,810,0
2022-10-28 12:38:00,810,810,810,810,0
2022-10-28 12:39:00,810,810,810,810,0
2022-10-28 12:40:00,810,810,810,810,0
2022-10-28 12:41:00,810,810,810,810,0
2022-10-28 12:42:00,810,810,810,810,0
2022-10-28 12:43:00,810,810,810,810,0
2022-10-28 12:44:00,810,810,810,810,0
2022-10-28 12:45:00,810,810,810,810,0
2022-10-28 12:46:00,810,810,810,810,0
2022-10-28 12:47:00,810,810,810,810,0
2022-10-28 12:48:00,810,810,810,810,0
2022-10-28 12:49:00,810,810,810,810,0
2022-10-28 12:50:00,810,810,810,810,0
2022-10-28 12:51:00,810,810,810,810,0
2022-10-28 12:52:00,810,810,810,810,0
2022-10-28 12:53:00,810,810,810,810,0
2022-10-28 12:54:00,810,810,810,810,0
2022-10-28 12:55:00,810,810,810,810,0
2022-10-28 12:56:00,810,810,810,810,0
2022-10-28 12:57:00,810,810,810,810,0
2022-10-28 12:58:00,810,810,810,810,0
2022-10-28 12:59:00,810,810,810,810,0
2022-10-28 13:00:00,810,810,810,810,0
2022-10-28 13:01:00,810,810,810,810,0
2022-10-28 13:02:00,810,810,810,810,0
2022-10-28 13:03:00,810,810,810,810,0
2022-10-28 13:04:00,810,810,810,810,0
2022-10-28 13:05:00,810,810,810,810,0
2022-10-28 13:06:00,810,810,810,810,0
2022-10-28 13:07:00,810,810,810,810,0
2022-10-28 13:08:00,810,810,810,810,0
2022-10-28 13:09:00,810,810,810,810,0
2022-10-28 13:10:00,810,810,810,810,0
2022-10-28 13:11:00,810,810,810,810,0
2022-10-28 13:12:00,810,810,810,810,0
2022-10-28 13:13:00,810,810,810,810,0
2022-10-28 13:14:00,810,810,810,810,0
2022-10-28 13:15:00,810,810,810,810,0
2022-10-28 13:16:00,810,810,810,810,0
2022-10-28 13:17:00,810,810,810,810,0
2022-10-28 13:18:00,810,810,810,810,0
2022-10-28 13:19:00,810,810,810,810,0
2022-10-28 13:20:00,810,810,810,810,0
2022-10-28 13:21:00,810,810,810,810,0
2022-10-28 13:22:00,810,810,810,810,0
2022-10-28 13:23:00,810,810,810,810,0
2022-10-28 13:24:00,810,810,810,810,0
2022-10-28 13:25:00,810,810,810,810,0
2022-10-28 13:26:00,810,810,810,810,0
2022-10-28 13:27:00,810,810,810,810,0
2022-10-28 13:28:00,810,810,810,810,0
2022-10-28 13:29:00,810,810,810,810,0
2022-10-28 13:30:00,810,805,810,805,44300
2022-10-28 13:31:00,805,805,805,805,9000
2022-10-28 13:32:00,805,805,805,805,16600
2022-10-28 13:33:00,805,805,805,805,0
2022-10-28 13:34:00,805,805,805,805,0
2022-10-28 13:35:00,810,805,810,810,23000
2022-10-28 13:36:00,810,805,810,810,0
2022-10-28 13:37:00,810,805,810,810,0
2022-10-28 13:38:00,810,805,810,810,0
2022-10-28 13:39:00,810,805,810,810,0
2022-10-28 13:40:00,810,805,810,810,0
2022-10-28 13:41:00,810,805,810,810,0
2022-10-28 13:42:00,810,805,810,810,0
2022-10-28 13:43:00,810,805,810,805,16000
2022-10-28 13:44:00,810,805,810,805,0
2022-10-28 13:45:00,810,805,810,805,0
2022-10-28 13:46:00,810,805,810,805,0
2022-10-28 13:47:00,810,805,810,805,0
2022-10-28 13:48:00,810,805,810,805,0
2022-10-28 13:49:00,810,805,810,805,0
2022-10-28 13:50:00,810,805,810,805,0
2022-10-28 13:51:00,810,805,810,805,0
2022-10-28 13:52:00,810,805,810,805,0
2022-10-28 13:53:00,810,805,810,805,0
2022-10-28 13:54:00,810,805,810,805,0
2022-10-28 13:55:00,810,805,810,805,0
2022-10-28 13:56:00,810,805,810,805,0
2022-10-28 13:57:00,810,805,810,805,0
2022-10-28 13:58:00,810,805,810,805,0
2022-10-28 13:59:00,810,805,810,805,0
2022-10-28 14:00:00,810,805,810,805,0
2022-10-28 14:01:00,810,805,810,805,0
2022-10-28 14:02:00,810,810,810,810,1200
2022-10-28 14:03:00,810,810,810,810,0
2022-10-28 14:04:00,810,810,810,810,0
2022-10-28 14:05:00,810,810,810,810,0
2022-10-28 14:06:00,810,810,810,810,0
2022-10-28 14:07:00,810,810,810,810,0
2022-10-28 14:08:00,810,810,810,810,0
2022-10-28 14:09:00,810,810,810,810,0
2022-10-28 14:10:00,810,810,810,810,0
2022-10-28 14:11:00,810,810,810,810,0
2022-10-28 14:12:00,810,810,810,810,12300
2022-10-28 14:13:00,810,810,810,810,0
2022-10-28 14:14:00,810,810,810,810,0
2022-10-28 14:15:00,810,810,810,810,0
2022-10-28 14:16:00,810,810,810,810,0
2022-10-28 14:17:00,810,810,810,810,0
2022-10-28 14:18:00,805,805,805,805,10000
2022-10-28 14:19:00,805,805,805,805,0
2022-10-28 14:20:00,805,805,805,805,0
2022-10-28 14:21:00,805,805,805,805,0
2022-10-28 14:22:00,805,805,810,810,0
2022-10-28 14:23:00,805,805,810,810,0
2022-10-28 14:24:00,805,805,810,810,0
2022-10-28 14:25:00,810,810,810,810,500
2022-10-28 14:26:00,810,810,810,810,0
2022-10-28 14:27:00,810,810,810,810,0
2022-10-28 14:28:00,810,810,810,810,0
2022-10-28 14:29:00,810,810,810,810,0
2022-10-28 14:30:00,805,805,805,805,12300
2022-10-28 14:31:00,805,805,805,805,13400
2022-10-28 14:32:00,805,805,810,810,0
2022-10-28 14:33:00,810,810,810,810,3100
2022-10-28 14:34:00,810,810,810,810,0
2022-10-28 14:35:00,810,810,810,810,0
2022-10-28 14:36:00,810,810,810,810,0
2022-10-28 14:37:00,810,810,810,810,0
2022-10-28 14:38:00,805,805,805,805,2400
2022-10-28 14:39:00,805,805,805,805,1900
2022-10-28 14:40:00,805,805,805,805,0
2022-10-28 14:41:00,805,805,805,805,8900
2022-10-28 14:42:00,805,805,805,805,0
2022-10-28 14:43:00,805,805,805,805,0
2022-10-28 14:44:00,805,805,805,805,0
2022-10-28 14:45:00,805,805,805,805,0
2022-10-28 14:46:00,805,805,805,805,0
2022-10-28 14:47:00,805,805,805,805,0
2022-10-28 14:48:00,805,805,805,805,0
2022-10-28 14:49:00,805,805,805,805,0
2022-10-28 14:50:00,805,805,805,805,0
2022-10-28 14:51:00,805,805,805,805,0
2022-10-28 14:52:00,805,805,805,805,0
2022-10-28 14:53:00,805,805,805,805,0
2022-10-28 14:54:00,805,805,805,805,0
2022-10-28 14:55:00,805,805,805,805,0
2022-10-28 14:56:00,805,805,805,805,0
2022-10-28 14:57:00,805,805,805,805,0
2022-10-28 14:58:00,805,805,805,805,0
2022-10-28 14:59:00,805,805,805,805,0
2022-10-28 15:00:00,810,810,810,810,30600
2022-10-28 15:01:00,810,810,810,810,0
2022-10-28 15:02:00,810,810,810,810,0
2022-10-28 15:03:00,810,810,810,810,0
2022-10-28 15:04:00,810,810,810,810,0
2022-10-28 15:05:00,810,810,810,810,0
2022-10-28 15:06:00,810,810,810,810,400
2022-10-28 15:07:00,810,810,810,810,0
2022-10-28 15:08:00,810,810,810,810,0
2022-10-28 15:09:00,810,810,810,810,2000
2022-10-28 15:10:00,810,810,810,810,0
2022-10-28 15:11:00,810,810,810,810,0
2022-10-28 15:12:00,810,810,810,810,0
2022-10-28 15:13:00,810,810,810,810,0
2022-10-28 15:14:00,810,810,810,810,0
2022-10-28 15:15:00,810,810,810,810,0
2022-10-28 15:16:00,810,810,810,810,0
2022-10-28 15:17:00,810,810,810,810,0
2022-10-28 15:18:00,810,810,810,810,0
2022-10-28 15:19:00,810,810,810,810,0
2022-10-28 15:20:00,810,810,810,810,0
2022-10-28 15:21:00,810,810,810,810,0
2022-10-28 15:22:00,810,810,810,810,0
2022-10-28 15:23:00,810,810,810,810,0
2022-10-28 15:24:00,810,810,810,810,0
2022-10-28 15:25:00,810,810,810,810,0
2022-10-28 15:26:00,810,810,810,810,0
2022-10-28 15:27:00,810,810,810,810,0
2022-10-28 15:28:00,810,810,810,810,0
2022-10-28 15:29:00,810,810,810,810,0
2022-10-28 15:30:00,810,810,810,810,0
2022-10-28 15:31:00,810,810,810,810,0
2022-10-28 15:32:00,810,810,810,810,0
2022-10-28 15:33:00,810,810,810,810,0
2022-10-28 15:34:00,810,810,810,810,0
2022-10-28 15:35:00,810,810,810,810,0
2022-10-28 15:36:00,810,810,810,810,0
2022-10-28 15:37:00,810,810,810,810,0
2022-10-28 15:38:00,810,810,810,810,0
2022-10-28 15:39:00,810,810,810,810,0
2022-10-28 15:40:00,810,810,810,810,0
2022-10-28 15:41:00,810,810,810,810,0
2022-10-28 15:42:00,810,810,810,810,0
2022-10-28 15:43:00,810,810,810,810,0
2022-10-28 15:44:00,810,810,810,810,0
2022-10-28 15:45:00,810,810,810,810,0
2022-10-28 15:46:00,810,810,810,810,0
2022-10-28 15:47:00,810,810,810,810,0
2022-10-28 15:48:00,810,810,810,810,0
2022-10-28 15:49:00,810,810,810,810,0
2022-10-28 15:50:00,810,810,810,810,0
2022-10-28 15:51:00,810,810,810,810,0
2022-10-28 15:52:00,810,810,810,810,0
2022-10-28 15:53:00,810,810,810,810,0
2022-10-28 15:54:00,810,810,810,810,0
2022-10-28 15:55:00,810,810,810,810,0
2022-10-28 15:56:00,810,810,810,810,0
2022-10-28 15:57:00,810,810,810,810,0
2022-10-28 15:58:00,810,810,810,810,0
2022-10-28 15:59:00,810,810,810,810,0
2022-10-31 09:00:00,810,805,810,810,0
2022-10-31 09:01:00,810,810,810,810,18000
2022-10-31 09:02:00,805,805,805,805,19200
2022-10-31 09:03:00,805,805,805,805,0
2022-10-31 09:04:00,805,805,805,805,59900
2022-10-31 09:05:00,805,805,805,805,0
2022-10-31 09:06:00,810,810,820,820,0
2022-10-31 09:07:00,815,815,815,815,4900
2022-10-31 09:08:00,815,815,815,815,0
2022-10-31 09:09:00,810,810,810,810,0
2022-10-31 09:10:00,810,810,810,810,0
2022-10-31 09:11:00,810,810,810,810,0
2022-10-31 09:12:00,805,805,805,805,0
2022-10-31 09:13:00,805,805,805,805,0
2022-10-31 09:14:00,805,805,805,805,6000
2022-10-31 09:15:00,805,805,805,805,0
2022-10-31 09:16:00,805,805,805,805,0
2022-10-31 09:17:00,805,805,805,805,0
2022-10-31 09:18:00,805,805,805,805,0
2022-10-31 09:19:00,805,805,805,805,0
2022-10-31 09:20:00,805,805,805,805,0
2022-10-31 09:21:00,805,805,805,805,0
2022-10-31 09:22:00,805,805,805,805,0
2022-10-31 09:23:00,805,805,805,805,0
2022-10-31 09:24:00,805,805,805,805,0
2022-10-31 09:25:00,805,805,805,805,0
2022-10-31 09:26:00,805,805,805,805,0
2022-10-31 09:27:00,805,805,805,805,0
2022-10-31 09:28:00,810,810,810,810,1200
2022-10-31 09:29:00,810,810,810,810,0
2022-10-31 09:30:00,810,810,810,810,0
2022-10-31 09:31:00,810,810,810,810,0
2022-10-31 09:32:00,810,810,810,810,0
2022-10-31 09:33:00,810,810,810,810,0
2022-10-31 09:34:00,810,810,810,810,0
2022-10-31 09:35:00,810,810,810,810,0
2022-10-31 09:36:00,810,810,810,810,0
2022-10-31 09:37:00,810,810,810,810,0
2022-10-31 09:38:00,810,810,810,810,0
2022-10-31 09:39:00,810,810,810,810,0
2022-10-31 09:40:00,805,805,805,805,19800
2022-10-31 09:41:00,805,805,805,805,0
2022-10-31 09:42:00,805,805,805,805,2400
2022-10-31 09:43:00,805,805,805,805,0
2022-10-31 09:44:00,805,805,805,805,0
2022-10-31 09:45:00,805,805,805,805,6100
2022-10-31 09:46:00,805,805,805,805,0
2022-10-31 09:47:00,800,800,800,800,14900
2022-10-31 09:48:00,800,800,800,800,0
2022-10-31 09:49:00,800,800,800,800,0
2022-10-31 09:50:00,800,800,800,800,0
2022-10-31 09:51:00,805,805,805,805,0
2022-10-31 09:52:00,805,805,805,805,0
2022-10-31 09:53:00,805,805,805,805,0
2022-10-31 09:54:00,805,805,805,805,0
2022-10-31 09:55:00,805,805,805,805,7500
2022-10-31 09:56:00,805,805,805,805,0
2022-10-31 09:57:00,805,805,805,805,0
2022-10-31 09:58:00,805,805,805,805,0
2022-10-31 09:59:00,805,805,805,805,0
2022-10-31 10:00:00,805,805,805,805,0
2022-10-31 10:01:00,805,805,805,805,2500
2022-10-31 10:02:00,805,805,805,805,0
2022-10-31 10:03:00,805,805,805,805,0
2022-10-31 10:04:00,805,805,805,805,100
2022-10-31 10:05:00,805,805,805,805,0
2022-10-31 10:06:00,805,805,805,805,0
2022-10-31 10:07:00,805,805,805,805,0
2022-10-31 10:08:00,810,810,810,810,2900
2022-10-31 10:09:00,810,810,810,810,0
2022-10-31 10:10:00,810,810,810,810,0
2022-10-31 10:11:00,810,810,810,810,0
2022-10-31 10:12:00,810,810,810,810,0
2022-10-31 10:13:00,810,810,810,810,0
2022-10-31 10:14:00,810,810,810,810,0
2022-10-31 10:15:00,810,810,810,810,0
2022-10-31 10:16:00,810,810,810,810,0
2022-10-31 10:17:00,810,810,810,810,0
2022-10-31 10:18:00,810,810,810,810,0
2022-10-31 10:19:00,810,810,810,810,0
2022-10-31 10:20:00,805,805,805,805,44000
2022-10-31 10:21:00,805,805,805,805,0
2022-10-31 10:22:00,805,805,805,805,0
2022-10-31 10:23:00,800,800,800,800,5000
2022-10-31 10:24:00,800,800,800,800,0
2022-10-31 10:25:00,800,800,800,800,0
2022-10-31 10:26:00,800,800,800,800,0
2022-10-31 10:27:00,810,810,810,810,200
2022-10-31 10:28:00,810,810,810,810,0
2022-10-31 10:29:00,810,810,810,810,0
2022-10-31 10:30:00,810,810,810,810,0
2022-10-31 10:31:00,810,810,810,810,0
2022-10-31 10:32:00,810,810,810,810,0
2022-10-31 10:33:00,810,810,810,810,7900
2022-10-31 10:34:00,810,810,810,810,0
2022-10-31 10:35:00,810,810,810,810,0
2022-10-31 10:36:00,810,810,810,810,0
2022-10-31 10:37:00,810,810,810,810,0
2022-10-31 10:38:00,810,810,810,810,0
2022-10-31 10:39:00,810,810,810,810,0
2022-10-31 10:40:00,810,810,810,810,0
2022-10-31 10:41:00,810,810,810,810,0
2022-10-31 10:42:00,810,810,810,810,6000
2022-10-31 10:43:00,810,810,810,810,0
2022-10-31 10:44:00,810,810,810,810,0
2022-10-31 10:45:00,810,810,810,810,0
2022-10-31 10:46:00,810,810,810,810,0
2022-10-31 10:47:00,810,810,810,810,0
2022-10-31 10:48:00,810,810,810,810,18900
2022-10-31 10:49:00,810,810,810,810,0
2022-10-31 10:50:00,810,810,810,810,0
2022-10-31 10:51:00,810,810,810,810,0
2022-10-31 10:52:00,810,810,810,810,0
2022-10-31 10:53:00,810,810,810,810,0
2022-10-31 10:54:00,810,810,810,810,0
2022-10-31 10:55:00,810,810,810,810,0
2022-10-31 10:56:00,810,810,810,810,0
2022-10-31 10:57:00,810,810,810,810,0
2022-10-31 10:58:00,810,810,810,810,9900
2022-10-31 10:59:00,810,810,810,810,0
2022-10-31 11:00:00,810,810,810,810,0
2022-10-31 11:01:00,810,810,810,810,0
2022-10-31 11:02:00,810,810,810,810,0
2022-10-31 11:03:00,810,810,810,810,0
2022-10-31 11:04:00,810,810,810,810,0
2022-10-31 11:05:00,810,810,810,810,0
2022-10-31 11:06:00,810,810,810,810,0
2022-10-31 11:07:00,810,810,810,810,0
2022-10-31 11:08:00,810,810,810,810,0
2022-10-31 11:09:00,810,810,810,810,0
2022-10-31 11:10:00,810,810,810,810,0
2022-10-31 11:11:00,810,810,810,810,0
2022-10-31 11:12:00,810,810,810,810,0
2022-10-31 11:13:00,810,810,810,810,0
2022-10-31 11:14:00,810,810,810,810,0
2022-10-31 11:15:00,810,810,810,810,0
2022-10-31 11:16:00,810,810,810,810,0
2022-10-31 11:17:00,810,810,810,810,0
2022-10-31 11:18:00,810,810,810,810,300
2022-10-31 11:19:00,810,810,810,810,0
2022-10-31 11:20:00,810,810,810,810,0
2022-10-31 11:21:00,810,810,810,810,0
2022-10-31 11:22:00,810,810,810,810,0
2022-10-31 11:23:00,810,810,810,810,0
2022-10-31 11:24:00,810,810,810,810,0
2022-10-31 11:25:00,810,810,810,810,0
2022-10-31 11:26:00,810,810,810,810,0
2022-10-31 11:27:00,810,810,810,810,0
2022-10-31 11:28:00,810,810,810,810,0
2022-10-31 11:29:00,810,810,810,810,0
2022-10-31 11:30:00,810,810,810,810,0
2022-10-31 11:31:00,810,810,810,810,0
2022-10-31 11:32:00,810,810,810,810,0
2022-10-31 11:33:00,810,810,810,810,0
2022-10-31 11:34:00,810,810,810,810,0
2022-10-31 11:35:00,810,810,810,810,0
2022-10-31 11:36:00,810,810,810,810,0
2022-10-31 11:37:00,810,810,810,810,0
2022-10-31 11:38:00,810,810,810,810,0
2022-10-31 11:39:00,810,810,810,810,0
2022-10-31 11:40:00,810,810,810,810,0
2022-10-31 11:41:00,810,810,810,810,0
2022-10-31 11:42:00,810,810,810,810,0
2022-10-31 11:43:00,810,810,810,810,0
2022-10-31 11:44:00,810,810,810,810,0
2022-10-31 11:45:00,810,810,810,810,0
2022-10-31 11:46:00,810,810,810,810,0
2022-10-31 11:47:00,810,810,810,810,0
2022-10-31 11:48:00,810,810,810,810,0
2022-10-31 11:49:00,810,810,810,810,0
2022-10-31 11:50:00,810,810,810,810,0
2022-10-31 11:51:00,810,810,810,810,0
2022-10-31 11:52:00,810,810,810,810,0
2022-10-31 11:53:00,810,810,810,810,0
2022-10-31 11:54:00,810,810,810,810,0
2022-10-31 11:55:00,810,810,810,810,0
2022-10-31 11:56:00,810,810,810,810,0
2022-10-31 11:57:00,810,810,810,810,0
2022-10-31 11:58:00,810,810,810,810,0
2022-10-31 11:59:00,810,810,810,810,0
2022-10-31 12:00:00,810,810,810,810,0
2022-10-31 12:01:00,810,810,810,810,0
2022-10-31 12:02:00,810,810,810,810,0
2022-10-31 12:03:00,810,810,810,810,0
2022-10-31 12:04:00,810,810,810,810,0
2022-10-31 12:05:00,810,810,810,810,0
2022-10-31 12:06:00,810,810,810,810,0
2022-10-31 12:07:00,810,810,810,810,0
2022-10-31 12:08:00,810,810,810,810,0
2022-10-31 12:09:00,810,810,810,810,0
2022-10-31 12:10:00,810,810,810,810,0
2022-10-31 12:11:00,810,810,810,810,0
2022-10-31 12:12:00,810,810,810,810,0
2022-10-31 12:13:00,810,810,810,810,0
2022-10-31 12:14:00,810,810,810,810,0
2022-10-31 12:15:00,810,810,810,810,0
2022-10-31 12:16:00,810,810,810,810,0
2022-10-31 12:17:00,810,810,810,810,0
2022-10-31 12:18:00,810,810,810,810,0
2022-10-31 12:19:00,810,810,810,810,0
2022-10-31 12:20:00,810,810,810,810,0
2022-10-31 12:21:00,810,810,810,810,0
2022-10-31 12:22:00,810,810,810,810,0
2022-10-31 12:23:00,810,810,810,810,0
2022-10-31 12:24:00,810,810,810,810,0
2022-10-31 12:25:00,810,810,810,810,0
2022-10-31 12:26:00,810,810,810,810,0
2022-10-31 12:27:00,810,810,810,810,0
2022-10-31 12:28:00,810,810,810,810,0
2022-10-31 12:29:00,810,810,810,810,0
2022-10-31 12:30:00,810,810,810,810,0
2022-10-31 12:31:00,810,810,810,810,0
2022-10-31 12:32:00,810,810,810,810,0
2022-10-31 12:33:00,810,810,810,810,0
2022-10-31 12:34:00,810,810,810,810,0
2022-10-31 12:35:00,810,810,810,810,0
2022-10-31 12:36:00,810,810,810,810,0
2022-10-31 12:37:00,810,810,810,810,0
2022-10-31 12:38:00,810,810,810,810,0
2022-10-31 12:39:00,810,810,810,810,0
2022-10-31 12:40:00,810,810,810,810,0
2022-10-31 12:41:00,810,810,810,810,0
2022-10-31 12:42:00,810,810,810,810,0
2022-10-31 12:43:00,810,810,810,810,0
2022-10-31 12:44:00,810,810,810,810,0
2022-10-31 12:45:00,810,810,810,810,0
2022-10-31 12:46:00,810,810,810,810,0
2022-10-31 12:47:00,810,810,810,810,0
2022-10-31 12:48:00,810,810,810,810,0
2022-10-31 12:49:00,810,810,810,810,0
2022-10-31 12:50:00,810,810,810,810,0
2022-10-31 12:51:00,810,810,810,810,0
2022-10-31 12:52:00,810,810,810,810,0
2022-10-31 12:53:00,810,810,810,810,0
2022-10-31 12:54:00,810,810,810,810,0
2022-10-31 12:55:00,810,810,810,810,0
2022-10-31 12:56:00,810,810,810,810,0
2022-10-31 12:57:00,810,810,810,810,0
2022-10-31 12:58:00,810,810,810,810,0
2022-10-31 12:59:00,810,810,810,810,0
2022-10-31 13:00:00,810,810,810,810,0
2022-10-31 13:01:00,810,810,810,810,0
2022-10-31 13:02:00,810,810,810,810,0
2022-10-31 13:03:00,810,810,810,810,0
2022-10-31 13:04:00,810,810,810,810,0
2022-10-31 13:05:00,810,810,810,810,0
2022-10-31 13:06:00,810,810,810,810,0
2022-10-31 13:07:00,810,810,810,810,0
2022-10-31 13:08:00,810,810,810,810,0
2022-10-31 13:09:00,810,810,810,810,0
2022-10-31 13:10:00,810,810,810,810,0
2022-10-31 13:11:00,810,810,810,810,0
2022-10-31 13:12:00,810,810,810,810,0
2022-10-31 13:13:00,810,810,810,810,0
2022-10-31 13:14:00,810,810,810,810,0
2022-10-31 13:15:00,810,810,810,810,0
2022-10-31 13:16:00,810,810,810,810,0
2022-10-31 13:17:00,810,810,810,810,0
2022-10-31 13:18:00,810,810,810,810,0
2022-10-31 13:19:00,810,810,810,810,0
2022-10-31 13:20:00,810,810,810,810,0
2022-10-31 13:21:00,810,810,810,810,0
2022-10-31 13:22:00,810,810,810,810,0
2022-10-31 13:23:00,810,810,810,810,0
2022-10-31 13:24:00,810,810,810,810,0
2022-10-31 13:25:00,810,810,810,810,0
2022-10-31 13:26:00,810,810,810,810,0
2022-10-31 13:27:00,810,810,810,810,0
2022-10-31 13:28:00,810,810,810,810,0
2022-10-31 13:29:00,810,810,810,810,0
2022-10-31 13:30:00,810,810,810,810,8500
2022-10-31 13:31:00,810,810,810,810,0
2022-10-31 13:32:00,810,810,810,810,0
2022-10-31 13:33:00,810,810,810,810,0
2022-10-31 13:34:00,810,810,810,810,0
2022-10-31 13:35:00,810,810,810,810,0
2022-10-31 13:36:00,810,810,810,810,0
2022-10-31 13:37:00,810,810,810,810,0
2022-10-31 13:38:00,810,810,810,810,0
2022-10-31 13:39:00,810,810,810,810,0
2022-10-31 13:40:00,805,805,805,805,800
2022-10-31 13:41:00,805,805,805,805,0
2022-10-31 13:42:00,805,805,805,805,0
2022-10-31 13:43:00,810,810,810,810,1100
2022-10-31 13:44:00,810,810,810,810,0
2022-10-31 13:45:00,810,810,810,810,0
2022-10-31 13:46:00,810,810,810,810,0
2022-10-31 13:47:00,810,810,810,810,0
2022-10-31 13:48:00,810,810,810,810,0
2022-10-31 13:49:00,810,810,810,810,0
2022-10-31 13:50:00,810,810,810,810,0
2022-10-31 13:51:00,810,810,810,810,0
2022-10-31 13:52:00,810,810,810,810,0
2022-10-31 13:53:00,810,810,810,810,0
2022-10-31 13:54:00,810,810,810,810,0
2022-10-31 13:55:00,810,810,810,810,0
2022-10-31 13:56:00,810,810,810,810,0
2022-10-31 13:57:00,810,810,810,810,0
2022-10-31 13:58:00,805,805,805,805,2100
2022-10-31 13:59:00,805,805,805,805,0
2022-10-31 14:00:00,805,805,805,805,0
2022-10-31 14:01:00,805,805,805,805,0
2022-10-31 14:02:00,810,810,810,810,0
2022-10-31 14:03:00,810,810,810,810,0
2022-10-31 14:04:00,810,810,810,810,0
2022-10-31 14:05:00,810,810,810,810,0
2022-10-31 14:06:00,810,810,810,810,0
2022-10-31 14:07:00,810,810,810,810,0
2022-10-31 14:08:00,810,810,810,810,0
2022-10-31 14:09:00,810,810,810,810,0
2022-10-31 14:10:00,810,810,810,810,0
2022-10-31 14:11:00,810,810,810,810,0
2022-10-31 14:12:00,810,810,810,810,0
2022-10-31 14:13:00,810,810,810,810,0
2022-10-31 14:14:00,810,810,810,810,0
2022-10-31 14:15:00,810,810,810,810,1800
2022-10-31 14:16:00,810,810,810,810,0
2022-10-31 14:17:00,805,805,805,805,24100
2022-10-31 14:18:00,805,805,805,805,0
2022-10-31 14:19:00,805,805,805,805,0
2022-10-31 14:20:00,805,805,805,805,0
2022-10-31 14:21:00,805,805,805,805,0
2022-10-31 14:22:00,805,805,805,805,0
2022-10-31 14:23:00,805,805,805,805,900
2022-10-31 14:24:00,805,805,805,805,0
2022-10-31 14:25:00,805,805,805,805,0
2022-10-31 14:26:00,805,805,805,805,0
2022-10-31 14:27:00,805,805,805,805,0
2022-10-31 14:28:00,805,805,805,805,800
2022-10-31 14:29:00,805,805,805,805,0
2022-10-31 14:30:00,805,805,805,805,0
2022-10-31 14:31:00,805,805,805,805,0
2022-10-31 14:32:00,805,805,805,805,0
2022-10-31 14:33:00,805,805,805,805,0
2022-10-31 14:34:00,805,805,805,805,0
2022-10-31 14:35:00,805,805,805,805,0
2022-10-31 14:36:00,805,805,805,805,0
2022-10-31 14:37:00,805,805,805,805,0
2022-10-31 14:38:00,805,805,805,805,0
2022-10-31 14:39:00,805,805,805,805,0
2022-10-31 14:40:00,805,805,805,805,0
2022-10-31 14:41:00,805,805,805,805,0
2022-10-31 14:42:00,805,805,805,805,0
2022-10-31 14:43:00,805,805,805,805,0
2022-10-31 14:44:00,805,805,805,805,0
2022-10-31 14:45:00,805,805,805,805,0
2022-10-31 14:46:00,805,805,805,805,0
2022-10-31 14:47:00,805,805,805,805,0
2022-10-31 14:48:00,805,805,805,805,21200
2022-10-31 14:49:00,810,810,810,810,0
2022-10-31 14:50:00,810,810,810,810,0
2022-10-31 14:51:00,810,810,810,810,0
2022-10-31 14:52:00,810,810,810,810,0
2022-10-31 14:53:00,810,810,810,810,0
2022-10-31 14:54:00,810,810,810,810,0
2022-10-31 14:55:00,810,810,810,810,0
2022-10-31 14:56:00,810,810,810,810,0
2022-10-31 14:57:00,810,810,810,810,0
2022-10-31 14:58:00,810,810,810,810,0
2022-10-31 14:59:00,810,810,810,810,0
2022-10-31 15:00:00,810,810,810,810,53400
2022-10-31 15:01:00,810,810,810,810,0
2022-10-31 15:02:00,810,810,810,810,0
2022-10-31 15:03:00,810,810,810,810,0
2022-10-31 15:04:00,810,810,810,810,0
2022-10-31 15:05:00,810,810,810,810,0
2022-10-31 15:06:00,810,810,810,810,0
2022-10-31 15:07:00,810,810,810,810,0
2022-10-31 15:08:00,810,810,810,810,0
2022-10-31 15:09:00,810,810,810,810,0
2022-10-31 15:10:00,810,810,810,810,0
2022-10-31 15:11:00,810,810,810,810,0
2022-10-31 15:12:00,810,810,810,810,0
2022-10-31 15:13:00,810,810,810,810,0
2022-10-31 15:14:00,810,810,810,810,0
2022-10-31 15:15:00,810,810,810,810,0
2022-10-31 15:16:00,810,810,810,810,0
2022-10-31 15:17:00,810,810,810,810,0
2022-10-31 15:18:00,810,810,810,810,0
2022-10-31 15:19:00,810,810,810,810,0
2022-10-31 15:20:00,810,810,810,810,0
2022-10-31 15:21:00,810,810,810,810,0
2022-10-31 15:22:00,810,810,810,810,0
2022-10-31 15:23:00,810,810,810,810,0
2022-10-31 15:24:00,810,810,810,810,0
2022-10-31 15:25:00,810,810,810,810,0
2022-10-31 15:26:00,810,810,810,810,0
2022-10-31 15:27:00,810,810,810,810,0
2022-10-31 15:28:00,810,810,810,810,0
2022-10-31 15:29:00,810,810,810,810,0
2022-10-31 15:30:00,810,810,810,810,0
2022-10-31 15:31:00,810,810,810,810,0
2022-10-31 15:32:00,810,810,810,810,0
2022-10-31 15:33:00,810,810,810,810,0
2022-10-31 15:34:00,810,810,810,810,0
2022-10-31 15:35:00,810,810,810,810,0
2022-10-31 15:36:00,810,810,810,810,0
2022-10-31 15:37:00,810,810,810,810,0
2022-10-31 15:38:00,810,810,810,810,0
2022-10-31 15:39:00,810,810,810,810,0
2022-10-31 15:40:00,810,810,810,810,0
2022-10-31 15:41:00,810,810,810,810,0
2022-10-31 15:42:00,810,810,810,810,0
2022-10-31 15:43:00,810,810,810,810,0
2022-10-31 15:44:00,810,810,810,810,0
2022-10-31 15:45:00,810,810,810,810,0
2022-10-31 15:46:00,810,810,810,810,0
2022-10-31 15:47:00,810,810,810,810,0
2022-10-31 15:48:00,810,810,810,810,0
2022-10-31 15:49:00,810,810,810,810,0
2022-10-31 15:50:00,810,810,810,810,0
2022-10-31 15:51:00,810,810,810,810,0
2022-10-31 15:52:00,810,810,810,810,0
2022-10-31 15:53:00,810,810,810,810,0
2022-10-31 15:54:00,810,810,810,810,0
2022-10-31 15:55:00,810,810,810,810,0
2022-10-31 15:56:00,810,810,810,810,0
2022-10-31 15:57:00,810,810,810,810,0
2022-10-31 15:58:00,810,810,810,810,0
2022-10-31 15:59:00,810,810,810,810,0
2022-11-01 09:00:00,810,810,810,810,2700
2022-11-01 09:01:00,810,810,810,810,0
2022-11-01 09:02:00,820,820,820,820,300
2022-11-01 09:03:00,820,820,820,820,0
2022-11-01 09:04:00,820,820,820,820,0
2022-11-01 09:05:00,820,820,820,820,500
2022-11-01 09:06:00,810,810,810,810,4400
2022-11-01 09:07:00,810,810,810,810,4800
2022-11-01 09:08:00,810,810,810,810,0
2022-11-01 09:09:00,810,805,810,805,9000
2022-11-01 09:10:00,805,805,805,805,1900
2022-11-01 09:11:00,805,800,810,800,900
2022-11-01 09:12:00,820,820,820,820,8500
2022-11-01 09:13:00,820,820,820,820,2100
2022-11-01 09:14:00,820,820,820,820,0
2022-11-01 09:15:00,820,820,820,820,0
2022-11-01 09:16:00,820,820,820,820,7500
2022-11-01 09:17:00,820,820,835,835,16600
2022-11-01 09:18:00,840,840,870,865,210500
2022-11-01 09:19:00,870,865,880,865,38300
2022-11-01 09:20:00,865,865,865,865,40400
2022-11-01 09:21:00,865,865,870,865,91700
2022-11-01 09:22:00,865,865,865,865,0
2022-11-01 09:23:00,860,860,860,860,0
2022-11-01 09:24:00,850,850,850,850,3800
2022-11-01 09:25:00,850,850,850,850,3000
2022-11-01 09:26:00,850,850,850,850,0
2022-11-01 09:27:00,850,850,855,855,1600
2022-11-01 09:28:00,850,850,855,855,0
2022-11-01 09:29:00,850,850,855,855,0
2022-11-01 09:30:00,850,850,850,850,1300
2022-11-01 09:31:00,840,840,840,840,500
2022-11-01 09:32:00,840,840,840,840,2600
2022-11-01 09:33:00,840,840,840,840,1000
2022-11-01 09:34:00,835,835,835,835,8700
2022-11-01 09:35:00,830,830,830,830,23000
2022-11-01 09:36:00,830,830,830,830,1500
2022-11-01 09:37:00,825,825,825,825,1700
2022-11-01 09:38:00,825,825,825,825,900
2022-11-01 09:39:00,825,825,825,825,0
2022-11-01 09:40:00,830,830,830,830,0
2022-11-01 09:41:00,830,830,830,830,100
2022-11-01 09:42:00,830,830,830,830,0
2022-11-01 09:43:00,830,830,830,830,0
2022-11-01 09:44:00,830,830,830,830,0
2022-11-01 09:45:00,830,830,830,830,0
2022-11-01 09:46:00,835,835,835,835,2100
2022-11-01 09:47:00,830,830,830,830,9200
2022-11-01 09:48:00,830,830,830,830,3000
2022-11-01 09:49:00,830,830,830,830,0
2022-11-01 09:50:00,830,830,830,830,2200
2022-11-01 09:51:00,830,830,830,830,0
2022-11-01 09:52:00,830,830,830,830,0
2022-11-01 09:53:00,830,830,830,830,0
2022-11-01 09:54:00,830,830,830,830,0
2022-11-01 09:55:00,830,830,830,830,8900
2022-11-01 09:56:00,830,830,830,830,0
2022-11-01 09:57:00,830,830,830,830,2000
2022-11-01 09:58:00,830,830,850,850,47200
2022-11-01 09:59:00,855,855,860,860,11800
2022-11-01 10:00:00,860,860,860,860,0
2022-11-01 10:01:00,855,850,855,850,500
2022-11-01 10:02:00,855,850,855,850,0
2022-11-01 10:03:00,845,845,850,850,14900
2022-11-01 10:04:00,845,845,850,850,0
2022-11-01 10:05:00,845,845,850,850,0
2022-11-01 10:06:00,845,845,850,850,0
2022-11-01 10:07:00,850,850,850,850,0
2022-11-01 10:08:00,850,850,850,850,0
2022-11-01 10:09:00,855,850,855,850,200
2022-11-01 10:10:00,855,850,855,850,0
2022-11-01 10:11:00,850,850,850,850,1000
2022-11-01 10:12:00,850,850,850,850,0
2022-11-01 10:13:00,855,855,855,855,200
2022-11-01 10:14:00,855,855,855,855,0
2022-11-01 10:15:00,850,850,850,850,1900
2022-11-01 10:16:00,850,850,850,850,0
2022-11-01 10:17:00,850,850,850,850,0
2022-11-01 10:18:00,850,850,850,850,0
2022-11-01 10:19:00,850,850,850,850,3400
2022-11-01 10:20:00,850,850,850,850,0
2022-11-01 10:21:00,850,850,850,850,0
2022-11-01 10:22:00,850,850,850,850,0
2022-11-01 10:23:00,850,850,850,850,700
2022-11-01 10:24:00,855,855,855,855,3800
2022-11-01 10:25:00,855,855,855,855,0
2022-11-01 10:26:00,850,850,855,855,800
2022-11-01 10:27:00,855,855,855,855,100
2022-11-01 10:28:00,855,855,855,855,0
2022-11-01 10:29:00,850,845,850,850,59000
2022-11-01 10:30:00,850,845,850,850,0
2022-11-01 10:31:00,850,845,850,850,0
2022-11-01 10:32:00,850,845,850,850,0
2022-11-01 10:33:00,850,850,850,850,0
2022-11-01 10:34:00,850,850,850,850,0
2022-11-01 10:35:00,850,850,850,850,0
2022-11-01 10:36:00,845,845,845,845,38100
2022-11-01 10:37:00,845,845,845,845,0
2022-11-01 10:38:00,845,845,845,845,0
2022-11-01 10:39:00,845,845,845,845,0
2022-11-01 10:40:00,845,840,845,840,1100
2022-11-01 10:41:00,840,840,840,840,600
2022-11-01 10:42:00,840,840,840,840,700
2022-11-01 10:43:00,840,840,840,840,0
2022-11-01 10:44:00,840,840,840,840,0
2022-11-01 10:45:00,840,840,840,840,0
2022-11-01 10:46:00,840,840,840,840,0
2022-11-01 10:47:00,840,840,840,840,0
2022-11-01 10:48:00,840,840,840,840,0
2022-11-01 10:49:00,840,840,840,840,0
2022-11-01 10:50:00,840,840,840,840,0
2022-11-01 10:51:00,840,840,840,840,0
2022-11-01 10:52:00,845,845,855,855,3800
2022-11-01 10:53:00,845,845,855,855,0
2022-11-01 10:54:00,845,845,855,855,0
2022-11-01 10:55:00,845,845,855,855,0
2022-11-01 10:56:00,845,845,855,855,0
2022-11-01 10:57:00,845,845,855,855,0
2022-11-01 10:58:00,845,845,855,855,0
2022-11-01 10:59:00,845,845,855,855,0
2022-11-01 11:00:00,850,850,850,850,2400
2022-11-01 11:01:00,850,850,850,850,0
2022-11-01 11:02:00,850,850,850,850,0
2022-11-01 11:03:00,850,850,850,850,0
2022-11-01 11:04:00,850,850,850,850,0
2022-11-01 11:05:00,850,850,850,850,0
2022-11-01 11:06:00,850,850,850,850,0
2022-11-01 11:07:00,850,850,850,850,0
2022-11-01 11:08:00,850,850,850,850,0
2022-11-01 11:09:00,850,850,850,850,0
2022-11-01 11:10:00,850,850,850,850,0
2022-11-01 11:11:00,850,850,850,850,60000
2022-11-01 11:12:00,845,845,845,845,0
2022-11-01 11:13:00,845,845,845,845,0
2022-11-01 11:14:00,845,845,845,845,0
2022-11-01 11:15:00,845,845,845,845,0
2022-11-01 11:16:00,845,845,845,845,0
2022-11-01 11:17:00,845,845,845,845,0
2022-11-01 11:18:00,845,845,845,845,0
2022-11-01 11:19:00,845,845,845,845,0
2022-11-01 11:20:00,845,845,845,845,0
2022-11-01 11:21:00,855,855,855,855,600
2022-11-01 11:22:00,850,850,850,850,0
2022-11-01 11:23:00,850,850,850,850,0
2022-11-01 11:24:00,845,845,845,845,4900
2022-11-01 11:25:00,850,850,850,850,200
2022-11-01 11:26:00,850,850,850,850,600
2022-11-01 11:27:00,850,850,850,850,0
2022-11-01 11:28:00,850,850,850,850,0
2022-11-01 11:29:00,855,855,855,855,0
2022-11-01 11:30:00,855,855,855,855,0
2022-11-01 11:31:00,855,855,855,855,0
2022-11-01 11:32:00,855,855,855,855,0
2022-11-01 11:33:00,855,855,855,855,0
2022-11-01 11:34:00,855,855,855,855,0
2022-11-01 11:35:00,855,855,855,855,0
2022-11-01 11:36:00,855,855,855,855,0
2022-11-01 11:37:00,855,855,855,855,0
2022-11-01 11:38:00,855,855,855,855,0
2022-11-01 11:39:00,855,855,855,855,0
2022-11-01 11:40:00,855,855,855,855,0
2022-11-01 11:41:00,855,855,855,855,0
2022-11-01 11:42:00,855,855,855,855,0
2022-11-01 11:43:00,855,855,855,855,0
2022-11-01 11:44:00,855,855,855,855,0
2022-11-01 11:45:00,855,855,855,855,0
2022-11-01 11:46:00,855,855,855,855,0
2022-11-01 11:47:00,855,855,855,855,0
2022-11-01 11:48:00,855,855,855,855,0
2022-11-01 11:49:00,855,855,855,855,0
2022-11-01 11:50:00,855,855,855,855,0
2022-11-01 11:51:00,855,855,855,855,0
2022-11-01 11:52:00,855,855,855,855,0
2022-11-01 11:53:00,855,855,855,855,0
2022-11-01 11:54:00,855,855,855,855,0
2022-11-01 11:55:00,855,855,855,855,0
2022-11-01 11:56:00,855,855,855,855,0
2022-11-01 11:57:00,855,855,855,855,0
2022-11-01 11:58:00,855,855,855,855,0
2022-11-01 11:59:00,855,855,855,855,0
2022-11-01 12:00:00,855,855,855,855,0
2022-11-01 12:01:00,855,855,855,855,0
2022-11-01 12:02:00,855,855,855,855,0
2022-11-01 12:03:00,855,855,855,855,0
2022-11-01 12:04:00,855,855,855,855,0
2022-11-01 12:05:00,855,855,855,855,0
2022-11-01 12:06:00,855,855,855,855,0
2022-11-01 12:07:00,855,855,855,855,0
2022-11-01 12:08:00,855,855,855,855,0
2022-11-01 12:09:00,855,855,855,855,0
2022-11-01 12:10:00,855,855,855,855,0
2022-11-01 12:11:00,855,855,855,855,0
2022-11-01 12:12:00,855,855,855,855,0
2022-11-01 12:13:00,855,855,855,855,0
2022-11-01 12:14:00,855,855,855,855,0
2022-11-01 12:15:00,855,855,855,855,0
2022-11-01 12:16:00,855,855,855,855,0
2022-11-01 12:17:00,855,855,855,855,0
2022-11-01 12:18:00,855,855,855,855,0
2022-11-01 12:19:00,855,855,855,855,0
2022-11-01 12:20:00,855,855,855,855,0
2022-11-01 12:21:00,855,855,855,855,0
2022-11-01 12:22:00,855,855,855,855,0
2022-11-01 12:23:00,855,855,855,855,0
2022-11-01 12:24:00,855,855,855,855,0
2022-11-01 12:25:00,855,855,855,855,0
2022-11-01 12:26:00,855,855,855,855,0
2022-11-01 12:27:00,855,855,855,855,0
2022-11-01 12:28:00,855,855,855,855,0
2022-11-01 12:29:00,855,855,855,855,0
2022-11-01 12:30:00,855,855,855,855,0
2022-11-01 12:31:00,855,855,855,855,0
2022-11-01 12:32:00,855,855,855,855,0
2022-11-01 12:33:00,855,855,855,855,0
2022-11-01 12:34:00,855,855,855,855,0
2022-11-01 12:35:00,855,855,855,855,0
2022-11-01 12:36:00,855,855,855,855,0
2022-11-01 12:37:00,855,855,855,855,0
2022-11-01 12:38:00,855,855,855,855,0
2022-11-01 12:39:00,855,855,855,855,0
2022-11-01 12:40:00,855,855,855,855,0
2022-11-01 12:41:00,855,855,855,855,0
2022-11-01 12:42:00,855,855,855,855,0
2022-11-01 12:43:00,855,855,855,855,0
2022-11-01 12:44:00,855,855,855,855,0
2022-11-01 12:45:00,855,855,855,855,0
2022-11-01 12:46:00,855,855,855,855,0
2022-11-01 12:47:00,855,855,855,855,0
2022-11-01 12:48:00,855,855,855,855,0
2022-11-01 12:49:00,855,855,855,855,0
2022-11-01 12:50:00,855,855,855,855,0
2022-11-01 12:51:00,855,855,855,855,0
2022-11-01 12:52:00,855,855,855,855,0
2022-11-01 12:53:00,855,855,855,855,0
2022-11-01 12:54:00,855,855,855,855,0
2022-11-01 12:55:00,855,855,855,855,0
2022-11-01 12:56:00,855,855,855,855,0
2022-11-01 12:57:00,855,855,855,855,0
2022-11-01 12:58:00,855,855,855,855,0
2022-11-01 12:59:00,855,855,855,855,0
2022-11-01 13:00:00,855,855,855,855,0
2022-11-01 13:01:00,855,855,855,855,0
2022-11-01 13:02:00,855,855,855,855,0
2022-11-01 13:03:00,855,855,855,855,0
2022-11-01 13:04:00,855,855,855,855,0
2022-11-01 13:05:00,855,855,855,855,0
2022-11-01 13:06:00,855,855,855,855,0
2022-11-01 13:07:00,855,855,855,855,0
2022-11-01 13:08:00,855,855,855,855,0
2022-11-01 13:09:00,855,855,855,855,0
2022-11-01 13:10:00,855,855,855,855,0
2022-11-01 13:11:00,855,855,855,855,0
2022-11-01 13:12:00,855,855,855,855,0
2022-11-01 13:13:00,855,855,855,855,0
2022-11-01 13:14:00,855,855,855,855,0
2022-11-01 13:15:00,855,855,855,855,0
2022-11-01 13:16:00,855,855,855,855,0
2022-11-01 13:17:00,855,855,855,855,0
2022-11-01 13:18:00,855,855,855,855,0
2022-11-01 13:19:00,855,855,855,855,0
2022-11-01 13:20:00,855,855,855,855,0
2022-11-01 13:21:00,855,855,855,855,0
2022-11-01 13:22:00,855,855,855,855,0
2022-11-01 13:23:00,855,855,855,855,0
2022-11-01 13:24:00,855,855,855,855,0
2022-11-01 13:25:00,855,855,855,855,0
2022-11-01 13:26:00,855,855,855,855,0
2022-11-01 13:27:00,855,855,855,855,0
2022-11-01 13:28:00,855,855,855,855,0
2022-11-01 13:29:00,855,855,855,855,0
2022-11-01 13:30:00,855,850,855,855,4800
2022-11-01 13:31:00,850,850,850,850,19300
2022-11-01 13:32:00,850,850,850,850,0
2022-11-01 13:33:00,850,850,850,850,7700
2022-11-01 13:34:00,850,850,850,850,0
2022-11-01 13:35:00,850,850,850,850,0
2022-11-01 13:36:00,850,850,850,850,2500
2022-11-01 13:37:00,850,850,855,855,6400
2022-11-01 13:38:00,850,850,855,855,0
2022-11-01 13:39:00,850,850,855,855,0
2022-11-01 13:40:00,850,850,855,855,0
2022-11-01 13:41:00,850,850,850,850,5700
2022-11-01 13:42:00,850,850,850,850,0
2022-11-01 13:43:00,850,850,850,850,0
2022-11-01 13:44:00,850,850,850,850,0
2022-11-01 13:45:00,845,845,845,845,8000
2022-11-01 13:46:00,845,845,845,845,0
2022-11-01 13:47:00,845,845,845,845,0
2022-11-01 13:48:00,845,845,845,845,0
2022-11-01 13:49:00,845,845,845,845,7200
2022-11-01 13:50:00,850,850,850,850,800
2022-11-01 13:51:00,850,850,850,850,0
2022-11-01 13:52:00,850,850,850,850,0
2022-11-01 13:53:00,850,850,850,850,0
2022-11-01 13:54:00,850,850,850,850,0
2022-11-01 13:55:00,850,850,850,850,0
2022-11-01 13:56:00,850,850,850,850,0
2022-11-01 13:57:00,850,850,850,850,200
2022-11-01 13:58:00,850,850,850,850,0
2022-11-01 13:59:00,850,850,850,850,0
2022-11-01 14:00:00,845,845,845,845,19900
2022-11-01 14:01:00,845,845,845,845,0
2022-11-01 14:02:00,850,850,850,850,0
2022-11-01 14:03:00,850,850,850,850,0
2022-11-01 14:04:00,850,850,850,850,0
2022-11-01 14:05:00,845,845,845,845,0
2022-11-01 14:06:00,845,845,845,845,0
2022-11-01 14:07:00,845,845,845,845,0
2022-11-01 14:08:00,845,845,845,845,0
2022-11-01 14:09:00,845,845,845,845,0
2022-11-01 14:10:00,845,845,845,845,0
2022-11-01 14:11:00,845,845,845,845,4000
2022-11-01 14:12:00,845,845,845,845,0
2022-11-01 14:13:00,850,850,850,850,24500
2022-11-01 14:14:00,850,850,850,850,0
2022-11-01 14:15:00,850,850,850,850,0
2022-11-01 14:16:00,850,850,850,850,0
2022-11-01 14:17:00,845,845,845,845,20800
2022-11-01 14:18:00,845,845,845,845,0
2022-11-01 14:19:00,845,845,850,850,800
2022-11-01 14:20:00,845,845,850,850,0
2022-11-01 14:21:00,845,845,850,850,0
2022-11-01 14:22:00,845,845,850,845,24800
2022-11-01 14:23:00,845,845,850,845,0
2022-11-01 14:24:00,845,845,850,845,0
2022-11-01 14:25:00,845,845,845,845,500
2022-11-01 14:26:00,845,845,845,845,0
2022-11-01 14:27:00,845,845,845,845,0
2022-11-01 14:28:00,840,840,840,840,4600
2022-11-01 14:29:00,840,840,840,840,0
2022-11-01 14:30:00,840,840,840,840,0
2022-11-01 14:31:00,840,840,840,840,11000
2022-11-01 14:32:00,840,840,840,840,200
2022-11-01 14:33:00,840,840,840,840,0
2022-11-01 14:34:00,840,840,840,840,0
2022-11-01 14:35:00,840,840,840,840,0
2022-11-01 14:36:00,840,840,840,840,0
2022-11-01 14:37:00,840,840,840,840,0
2022-11-01 14:38:00,840,840,840,840,0
2022-11-01 14:39:00,840,840,840,840,0
2022-11-01 14:40:00,840,840,840,840,22600
2022-11-01 14:41:00,840,840,840,840,0
2022-11-01 14:42:00,840,840,840,840,200
2022-11-01 14:43:00,840,840,840,840,100
2022-11-01 14:44:00,840,840,840,840,0
2022-11-01 14:45:00,840,840,840,840,0
2022-11-01 14:46:00,840,840,840,840,0
2022-11-01 14:47:00,840,840,840,840,900
2022-11-01 14:48:00,840,840,840,840,0
2022-11-01 14:49:00,840,840,840,840,0
2022-11-01 14:50:00,840,840,840,840,0
2022-11-01 14:51:00,840,840,840,840,0
2022-11-01 14:52:00,840,840,840,840,0
2022-11-01 14:53:00,840,840,840,840,0
2022-11-01 14:54:00,840,840,840,840,0
2022-11-01 14:55:00,840,840,840,840,0
2022-11-01 14:56:00,840,840,840,840,0
2022-11-01 14:57:00,840,840,840,840,0
2022-11-01 14:58:00,840,840,840,840,0
2022-11-01 14:59:00,840,840,840,840,0
2022-11-01 15:00:00,840,840,840,840,76500
2022-11-01 15:01:00,840,840,840,840,0
2022-11-01 15:02:00,840,840,840,840,0
2022-11-01 15:03:00,840,840,840,840,43600
2022-11-01 15:04:00,840,840,840,840,0
2022-11-01 15:05:00,840,840,840,840,0
2022-11-01 15:06:00,840,840,840,840,2100
2022-11-01 15:07:00,840,840,840,840,0
2022-11-01 15:08:00,840,840,840,840,0
2022-11-01 15:09:00,840,840,840,840,2700
2022-11-01 15:10:00,840,840,840,840,100
2022-11-01 15:11:00,840,840,840,840,945200
2022-11-01 15:12:00,840,840,840,840,0
2022-11-01 15:13:00,840,840,840,840,0
2022-11-01 15:14:00,840,840,840,840,0
2022-11-01 15:15:00,840,840,840,840,0
2022-11-01 15:16:00,840,840,840,840,0
2022-11-01 15:17:00,840,840,840,840,0
2022-11-01 15:18:00,840,840,840,840,0
2022-11-01 15:19:00,840,840,840,840,0
2022-11-01 15:20:00,840,840,840,840,0
2022-11-01 15:21:00,840,840,840,840,0
2022-11-01 15:22:00,840,840,840,840,0
2022-11-01 15:23:00,840,840,840,840,0
2022-11-01 15:24:00,840,840,840,840,0
2022-11-01 15:25:00,840,840,840,840,0
2022-11-01 15:26:00,840,840,840,840,0
2022-11-01 15:27:00,840,840,840,840,0
2022-11-01 15:28:00,840,840,840,840,0
2022-11-01 15:29:00,840,840,840,840,0
2022-11-01 15:30:00,840,840,840,840,0
2022-11-01 15:31:00,840,840,840,840,0
2022-11-01 15:32:00,840,840,840,840,0
2022-11-01 15:33:00,840,840,840,840,0
2022-11-01 15:34:00,840,840,840,840,0
2022-11-01 15:35:00,840,840,840,840,0
2022-11-01 15:36:00,840,840,840,840,0
2022-11-01 15:37:00,840,840,840,840,0
2022-11-01 15:38:00,840,840,840,840,0
2022-11-01 15:39:00,840,840,840,840,0
2022-11-01 15:40:00,840,840,840,840,0
2022-11-01 15:41:00,840,840,840,840,0
2022-11-01 15:42:00,840,840,840,840,0
2022-11-01 15:43:00,840,840,840,840,0
2022-11-01 15:44:00,840,840,840,840,0
2022-11-01 15:45:00,840,840,840,840,0
2022-11-01 15:46:00,840,840,840,840,0
2022-11-01 15:47:00,840,840,840,840,0
2022-11-01 15:48:00,840,840,840,840,0
2022-11-01 15:49:00,840,840,840,840,0
2022-11-01 15:50:00,840,840,840,840,0
2022-11-01 15:51:00,840,840,840,840,0
2022-11-01 15:52:00,840,840,840,840,0
2022-11-01 15:53:00,840,840,840,840,0
2022-11-01 15:54:00,840,840,840,840,0
2022-11-01 15:55:00,840,840,840,840,0
2022-11-01 15:56:00,840,840,840,840,0
2022-11-01 15:57:00,840,840,840,840,0
2022-11-01 15:58:00,840,840,840,840,0
2022-11-01 15:59:00,840,840,840,840,0
2022-11-02 09:00:00,850,850,850,850,0
2022-11-02 09:01:00,850,850,850,850,0
2022-11-02 09:02:00,850,850,850,850,0
2022-11-02 09:03:00,850,850,850,850,0
2022-11-02 09:04:00,850,850,850,850,0
2022-11-02 09:05:00,855,855,855,855,2000
2022-11-02 09:06:00,855,855,855,855,0
2022-11-02 09:07:00,860,855,860,855,17500
2022-11-02 09:08:00,850,850,850,850,0
2022-11-02 09:09:00,855,855,855,855,14400
2022-11-02 09:10:00,855,855,855,855,0
2022-11-02 09:11:00,855,855,855,855,800
2022-11-02 09:12:00,855,855,855,855,12500
2022-11-02 09:13:00,850,850,855,855,13900
2022-11-02 09:14:00,855,855,855,855,0
2022-11-02 09:15:00,855,855,855,855,0
2022-11-02 09:16:00,850,850,855,855,24200
2022-11-02 09:17:00,855,850,855,850,5000
2022-11-02 09:18:00,850,850,850,850,3800
2022-11-02 09:19:00,850,850,850,850,11700
2022-11-02 09:20:00,845,845,845,845,17400
2022-11-02 09:21:00,845,845,845,845,0
2022-11-02 09:22:00,845,845,845,845,20600
2022-11-02 09:23:00,845,845,845,845,0
2022-11-02 09:24:00,845,845,845,845,0
2022-11-02 09:25:00,845,845,845,845,15500
2022-11-02 09:26:00,850,845,850,845,0
2022-11-02 09:27:00,850,845,850,845,0
2022-11-02 09:28:00,845,845,845,845,6400
2022-11-02 09:29:00,840,840,840,840,800
2022-11-02 09:30:00,840,840,840,840,100
2022-11-02 09:31:00,840,840,840,840,0
2022-11-02 09:32:00,840,840,840,840,0
2022-11-02 09:33:00,840,840,840,840,1400
2022-11-02 09:34:00,845,845,845,845,46400
2022-11-02 09:35:00,845,845,845,845,0
2022-11-02 09:36:00,845,845,845,845,0
2022-11-02 09:37:00,845,845,845,845,0
2022-11-02 09:38:00,845,845,845,845,0
2022-11-02 09:39:00,845,845,845,845,0
2022-11-02 09:40:00,845,845,845,845,0
2022-11-02 09:41:00,845,845,845,845,0
2022-11-02 09:42:00,845,845,845,845,0
2022-11-02 09:43:00,845,845,845,845,0
2022-11-02 09:44:00,845,845,845,845,1700
2022-11-02 09:45:00,845,845,845,845,0
2022-11-02 09:46:00,845,845,845,845,0
2022-11-02 09:47:00,850,850,850,850,0
2022-11-02 09:48:00,850,850,850,850,0
2022-11-02 09:49:00,845,845,845,845,1900
2022-11-02 09:50:00,845,845,845,845,0
2022-11-02 09:51:00,845,845,845,845,0
2022-11-02 09:52:00,845,845,845,845,0
2022-11-02 09:53:00,845,845,845,845,0
2022-11-02 09:54:00,845,845,845,845,0
2022-11-02 09:55:00,845,845,845,845,24900
2022-11-02 09:56:00,845,845,845,845,2000
2022-11-02 09:57:00,845,845,845,845,0
2022-11-02 09:58:00,845,845,845,845,0
2022-11-02 09:59:00,845,845,845,845,0
2022-11-02 10:00:00,845,845,845,845,0
2022-11-02 10:01:00,845,845,845,845,0
2022-11-02 10:02:00,845,845,845,845,0
2022-11-02 10:03:00,845,845,845,845,0
2022-11-02 10:04:00,845,845,845,845,0
2022-11-02 10:05:00,845,845,845,845,0
2022-11-02 10:06:00,845,845,845,845,0
2022-11-02 10:07:00,845,845,845,845,0
2022-11-02 10:08:00,845,845,845,845,0
2022-11-02 10:09:00,845,845,845,845,0
2022-11-02 10:10:00,845,845,845,845,1800
2022-11-02 10:11:00,845,845,845,845,200
2022-11-02 10:12:00,845,845,845,845,0
2022-11-02 10:13:00,845,845,845,845,0
2022-11-02 10:14:00,845,845,845,845,10000
2022-11-02 10:15:00,840,840,840,840,3700
2022-11-02 10:16:00,840,840,840,840,0
2022-11-02 10:17:00,840,840,840,840,0
2022-11-02 10:18:00,840,840,840,840,0
2022-11-02 10:19:00,840,840,840,840,0
2022-11-02 10:20:00,840,840,840,840,0
2022-11-02 10:21:00,840,840,840,840,0
2022-11-02 10:22:00,840,840,840,840,0
2022-11-02 10:23:00,840,840,840,840,0
2022-11-02 10:24:00,840,840,840,840,0
2022-11-02 10:25:00,840,840,840,840,0
2022-11-02 10:26:00,840,840,840,840,0
2022-11-02 10:27:00,840,840,840,840,200
2022-11-02 10:28:00,840,840,840,840,0
2022-11-02 10:29:00,840,840,840,840,0
2022-11-02 10:30:00,840,840,840,840,0
2022-11-02 10:31:00,840,840,840,840,0
2022-11-02 10:32:00,840,840,840,840,0
2022-11-02 10:33:00,850,850,850,850,13600
2022-11-02 10:34:00,850,840,850,840,0
2022-11-02 10:35:00,850,840,850,840,0
2022-11-02 10:36:00,850,840,850,840,0
2022-11-02 10:37:00,850,840,850,840,0
2022-11-02 10:38:00,850,840,850,840,0
2022-11-02 10:39:00,850,840,850,840,0
2022-11-02 10:40:00,850,840,850,840,0
2022-11-02 10:41:00,850,840,850,840,0
2022-11-02 10:42:00,850,840,850,840,0
2022-11-02 10:43:00,850,840,850,840,0
2022-11-02 10:44:00,850,840,850,840,0
2022-11-02 10:45:00,850,840,850,840,0
2022-11-02 10:46:00,850,840,850,840,0
2022-11-02 10:47:00,850,840,850,840,0
2022-11-02 10:48:00,840,840,840,840,8600
2022-11-02 10:49:00,840,840,840,840,0
2022-11-02 10:50:00,840,840,840,840,0
2022-11-02 10:51:00,840,840,840,840,0
2022-11-02 10:52:00,840,840,840,840,0
2022-11-02 10:53:00,840,840,840,840,0
2022-11-02 10:54:00,840,840,840,840,0
2022-11-02 10:55:00,840,840,840,840,0
2022-11-02 10:56:00,840,840,840,840,0
2022-11-02 10:57:00,840,840,840,840,0
2022-11-02 10:58:00,840,840,840,840,0
2022-11-02 10:59:00,840,840,840,840,0
2022-11-02 11:00:00,840,840,840,840,0
2022-11-02 11:01:00,840,840,840,840,0
2022-11-02 11:02:00,840,840,840,840,104600
2022-11-02 11:03:00,840,840,840,840,0
2022-11-02 11:04:00,840,840,840,840,0
2022-11-02 11:05:00,840,840,840,840,0
2022-11-02 11:06:00,840,840,840,840,0
2022-11-02 11:07:00,840,840,840,840,0
2022-11-02 11:08:00,840,840,840,840,0
2022-11-02 11:09:00,840,840,840,840,0
2022-11-02 11:10:00,840,840,840,840,0
2022-11-02 11:11:00,840,840,840,840,0
2022-11-02 11:12:00,840,840,840,840,0
2022-11-02 11:13:00,840,840,840,840,10000
2022-11-02 11:14:00,840,840,840,840,0
2022-11-02 11:15:00,840,840,840,840,0
2022-11-02 11:16:00,840,840,840,840,0
2022-11-02 11:17:00,840,840,840,840,0
2022-11-02 11:18:00,840,840,840,840,0
2022-11-02 11:19:00,840,840,840,840,0
2022-11-02 11:20:00,840,840,840,840,0
2022-11-02 11:21:00,840,840,840,840,0
2022-11-02 11:22:00,840,840,840,840,0
2022-11-02 11:23:00,840,840,840,840,0
2022-11-02 11:24:00,840,840,840,840,0
2022-11-02 11:25:00,850,850,850,850,10000
2022-11-02 11:26:00,850,850,850,850,0
2022-11-02 11:27:00,850,850,850,850,0
2022-11-02 11:28:00,850,850,850,850,0
2022-11-02 11:29:00,850,850,850,850,0
2022-11-02 11:30:00,850,850,850,850,0
2022-11-02 11:31:00,850,850,850,850,0
2022-11-02 11:32:00,850,850,850,850,0
2022-11-02 11:33:00,850,850,850,850,0
2022-11-02 11:34:00,850,850,850,850,0
2022-11-02 11:35:00,850,850,850,850,0
2022-11-02 11:36:00,850,850,850,850,0
2022-11-02 11:37:00,850,850,850,850,0
2022-11-02 11:38:00,850,850,850,850,0
2022-11-02 11:39:00,850,850,850,850,0
2022-11-02 11:40:00,850,850,850,850,0
2022-11-02 11:41:00,850,850,850,850,0
2022-11-02 11:42:00,850,850,850,850,0
2022-11-02 11:43:00,850,850,850,850,0
2022-11-02 11:44:00,850,850,850,850,0
2022-11-02 11:45:00,850,850,850,850,0
2022-11-02 11:46:00,850,850,850,850,0
2022-11-02 11:47:00,850,850,850,850,0
2022-11-02 11:48:00,850,850,850,850,0
2022-11-02 11:49:00,850,850,850,850,0
2022-11-02 11:50:00,850,850,850,850,0
2022-11-02 11:51:00,850,850,850,850,0
2022-11-02 11:52:00,850,850,850,850,0
2022-11-02 11:53:00,850,850,850,850,0
2022-11-02 11:54:00,850,850,850,850,0
2022-11-02 11:55:00,850,850,850,850,0
2022-11-02 11:56:00,850,850,850,850,0
2022-11-02 11:57:00,850,850,850,850,0
2022-11-02 11:58:00,850,850,850,850,0
2022-11-02 11:59:00,850,850,850,850,0
2022-11-02 12:00:00,850,850,850,850,0
2022-11-02 12:01:00,850,850,850,850,0
2022-11-02 12:02:00,850,850,850,850,0
2022-11-02 12:03:00,850,850,850,850,0
2022-11-02 12:04:00,850,850,850,850,0
2022-11-02 12:05:00,850,850,850,850,0
2022-11-02 12:06:00,850,850,850,850,0
2022-11-02 12:07:00,850,850,850,850,0
2022-11-02 12:08:00,850,850,850,850,0
2022-11-02 12:09:00,850,850,850,850,0
2022-11-02 12:10:00,850,850,850,850,0
2022-11-02 12:11:00,850,850,850,850,0
2022-11-02 12:12:00,850,850,850,850,0
2022-11-02 12:13:00,850,850,850,850,0
2022-11-02 12:14:00,850,850,850,850,0
2022-11-02 12:15:00,850,850,850,850,0
2022-11-02 12:16:00,850,850,850,850,0
2022-11-02 12:17:00,850,850,850,850,0
2022-11-02 12:18:00,850,850,850,850,0
2022-11-02 12:19:00,850,850,850,850,0
2022-11-02 12:20:00,850,850,850,850,0
2022-11-02 12:21:00,850,850,850,850,0
2022-11-02 12:22:00,850,850,850,850,0
2022-11-02 12:23:00,850,850,850,850,0
2022-11-02 12:24:00,850,850,850,850,0
2022-11-02 12:25:00,850,850,850,850,0
2022-11-02 12:26:00,850,850,850,850,0
2022-11-02 12:27:00,850,850,850,850,0
2022-11-02 12:28:00,850,850,850,850,0
2022-11-02 12:29:00,850,850,850,850,0
2022-11-02 12:30:00,850,850,850,850,0
2022-11-02 12:31:00,850,850,850,850,0
2022-11-02 12:32:00,850,850,850,850,0
2022-11-02 12:33:00,850,850,850,850,0
2022-11-02 12:34:00,850,850,850,850,0
2022-11-02 12:35:00,850,850,850,850,0
2022-11-02 12:36:00,850,850,850,850,0
2022-11-02 12:37:00,850,850,850,850,0
2022-11-02 12:38:00,850,850,850,850,0
2022-11-02 12:39:00,850,850,850,850,0
2022-11-02 12:40:00,850,850,850,850,0
2022-11-02 12:41:00,850,850,850,850,0
2022-11-02 12:42:00,850,850,850,850,0
2022-11-02 12:43:00,850,850,850,850,0
2022-11-02 12:44:00,850,850,850,850,0
2022-11-02 12:45:00,850,850,850,850,0
2022-11-02 12:46:00,850,850,850,850,0
2022-11-02 12:47:00,850,850,850,850,0
2022-11-02 12:48:00,850,850,850,850,0
2022-11-02 12:49:00,850,850,850,850,0
2022-11-02 12:50:00,850,850,850,850,0
2022-11-02 12:51:00,850,850,850,850,0
2022-11-02 12:52:00,850,850,850,850,0
2022-11-02 12:53:00,850,850,850,850,0
2022-11-02 12:54:00,850,850,850,850,0
2022-11-02 12:55:00,850,850,850,850,0
2022-11-02 12:56:00,850,850,850,850,0
2022-11-02 12:57:00,850,850,850,850,0
2022-11-02 12:58:00,850,850,850,850,0
2022-11-02 12:59:00,850,850,850,850,0
2022-11-02 13:00:00,850,850,850,850,0
2022-11-02 13:01:00,850,850,850,850,0
2022-11-02 13:02:00,850,850,850,850,0
2022-11-02 13:03:00,850,850,850,850,0
2022-11-02 13:04:00,850,850,850,850,0
2022-11-02 13:05:00,850,850,850,850,0
2022-11-02 13:06:00,850,850,850,850,0
2022-11-02 13:07:00,850,850,850,850,0
2022-11-02 13:08:00,850,850,850,850,0
2022-11-02 13:09:00,850,850,850,850,0
2022-11-02 13:10:00,850,850,850,850,0
2022-11-02 13:11:00,850,850,850,850,0
2022-11-02 13:12:00,850,850,850,850,0
2022-11-02 13:13:00,850,850,850,850,0
2022-11-02 13:14:00,850,850,850,850,0
2022-11-02 13:15:00,850,850,850,850,0
2022-11-02 13:16:00,850,850,850,850,0
2022-11-02 13:17:00,850,850,850,850,0
2022-11-02 13:18:00,850,850,850,850,0
2022-11-02 13:19:00,850,850,850,850,0
2022-11-02 13:20:00,850,850,850,850,0
2022-11-02 13:21:00,850,850,850,850,0
2022-11-02 13:22:00,850,850,850,850,0
2022-11-02 13:23:00,850,850,850,850,0
2022-11-02 13:24:00,850,850,850,850,0
2022-11-02 13:25:00,850,850,850,850,0
2022-11-02 13:26:00,850,850,850,850,0
2022-11-02 13:27:00,850,850,850,850,0
2022-11-02 13:28:00,850,850,850,850,0
2022-11-02 13:29:00,850,850,850,850,0
2022-11-02 13:30:00,850,845,850,850,2400
2022-11-02 13:31:00,850,845,850,850,0
2022-11-02 13:32:00,850,850,850,850,8100
2022-11-02 13:33:00,850,850,850,850,0
2022-11-02 13:34:00,850,850,850,850,4500
2022-11-02 13:35:00,850,850,850,850,0
2022-11-02 13:36:00,850,850,850,850,0
2022-11-02 13:37:00,850,850,850,850,0
2022-11-02 13:38:00,850,850,850,850,0
2022-11-02 13:39:00,850,850,850,850,4900
2022-11-02 13:40:00,850,850,850,850,0
2022-11-02 13:41:00,850,850,850,850,0
2022-11-02 13:42:00,850,850,850,850,200
2022-11-02 13:43:00,850,850,850,850,100
2022-11-02 13:44:00,850,850,850,850,100
2022-11-02 13:45:00,850,850,850,850,0
2022-11-02 13:46:00,850,850,850,850,10200
2022-11-02 13:47:00,850,850,850,850,0
2022-11-02 13:48:00,850,850,850,850,0
2022-11-02 13:49:00,850,850,850,850,0
2022-11-02 13:50:00,850,850,850,850,0
2022-11-02 13:51:00,850,850,850,850,0
2022-11-02 13:52:00,850,850,850,850,0
2022-11-02 13:53:00,850,850,850,850,0
2022-11-02 13:54:00,850,850,850,850,700
2022-11-02 13:55:00,850,850,850,850,800
2022-11-02 13:56:00,850,850,850,850,0
2022-11-02 13:57:00,850,850,850,850,0
2022-11-02 13:58:00,850,850,850,850,0
2022-11-02 13:59:00,850,850,850,850,9600
2022-11-02 14:00:00,850,850,850,850,0
2022-11-02 14:01:00,850,850,850,850,0
2022-11-02 14:02:00,850,850,850,850,0
2022-11-02 14:03:00,850,850,850,850,0
2022-11-02 14:04:00,845,845,845,845,4300
2022-11-02 14:05:00,845,845,845,845,0
2022-11-02 14:06:00,845,845,845,845,30300
2022-11-02 14:07:00,845,845,845,845,0
2022-11-02 14:08:00,845,845,845,845,0
2022-11-02 14:09:00,845,845,845,845,0
2022-11-02 14:10:00,845,845,845,845,200
2022-11-02 14:11:00,845,845,845,845,0
2022-11-02 14:12:00,845,845,845,845,0
2022-11-02 14:13:00,845,845,845,845,0
2022-11-02 14:14:00,845,845,845,845,0
2022-11-02 14:15:00,845,845,845,845,0
2022-11-02 14:16:00,845,845,845,845,0
2022-11-02 14:17:00,845,845,845,845,0
2022-11-02 14:18:00,845,845,845,845,0
2022-11-02 14:19:00,840,840,840,840,200
2022-11-02 14:20:00,840,840,840,840,0
2022-11-02 14:21:00,840,840,840,840,0
2022-11-02 14:22:00,840,840,840,840,0
2022-11-02 14:23:00,840,840,840,840,0
2022-11-02 14:24:00,840,840,840,840,36700
2022-11-02 14:25:00,840,840,840,840,0
2022-11-02 14:26:00,840,840,840,840,0
2022-11-02 14:27:00,840,840,840,840,0
2022-11-02 14:28:00,840,840,840,840,0
2022-11-02 14:29:00,840,840,840,840,0
2022-11-02 14:30:00,840,840,840,840,0
2022-11-02 14:31:00,840,840,840,840,0
2022-11-02 14:32:00,835,835,835,835,16900
2022-11-02 14:33:00,835,835,835,835,0
2022-11-02 14:34:00,835,835,835,835,5800
2022-11-02 14:35:00,835,835,835,835,0
2022-11-02 14:36:00,840,840,845,845,1500
2022-11-02 14:37:00,840,840,845,845,0
2022-11-02 14:38:00,840,840,845,845,0
2022-11-02 14:39:00,840,840,845,845,0
2022-11-02 14:40:00,840,840,845,845,0
2022-11-02 14:41:00,840,840,845,845,0
2022-11-02 14:42:00,840,840,845,845,0
2022-11-02 14:43:00,840,840,845,845,0
2022-11-02 14:44:00,840,840,845,845,0
2022-11-02 14:45:00,840,840,845,845,0
2022-11-02 14:46:00,840,840,845,845,0
2022-11-02 14:47:00,840,840,845,845,0
2022-11-02 14:48:00,840,840,845,845,0
2022-11-02 14:49:00,835,835,835,835,800
2022-11-02 14:50:00,835,835,835,835,0
2022-11-02 14:51:00,835,835,835,835,0
2022-11-02 14:52:00,835,835,835,835,0
2022-11-02 14:53:00,835,835,835,835,0
2022-11-02 14:54:00,835,835,835,835,0
2022-11-02 14:55:00,835,835,835,835,0
2022-11-02 14:56:00,835,835,835,835,0
2022-11-02 14:57:00,835,835,835,835,0
2022-11-02 14:58:00,835,835,835,835,0
2022-11-02 14:59:00,835,835,835,835,0
2022-11-02 15:00:00,845,845,845,845,4300
2022-11-02 15:01:00,845,845,845,845,0
2022-11-02 15:02:00,845,845,845,845,0
2022-11-02 15:03:00,845,845,845,845,0
2022-11-02 15:04:00,845,845,845,845,3900
2022-11-02 15:05:00,845,845,845,845,0
2022-11-02 15:06:00,845,845,845,845,0
2022-11-02 15:07:00,845,845,845,845,0
2022-11-02 15:08:00,845,845,845,845,0
2022-11-02 15:09:00,845,845,845,845,0
2022-11-02 15:10:00,845,845,845,845,0
2022-11-02 15:11:00,845,845,845,845,0
2022-11-02 15:12:00,845,845,845,845,0
2022-11-02 15:13:00,845,845,845,845,0
2022-11-02 15:14:00,845,845,845,845,493400
2022-11-02 15:15:00,845,845,845,845,0
2022-11-02 15:16:00,845,845,845,845,0
2022-11-02 15:17:00,845,845,845,845,0
2022-11-02 15:18:00,845,845,845,845,0
2022-11-02 15:19:00,845,845,845,845,0
2022-11-02 15:20:00,845,845,845,845,0
2022-11-02 15:21:00,845,845,845,845,0
2022-11-02 15:22:00,845,845,845,845,0
2022-11-02 15:23:00,845,845,845,845,0
2022-11-02 15:24:00,845,845,845,845,0
2022-11-02 15:25:00,845,845,845,845,0
2022-11-02 15:26:00,845,845,845,845,0
2022-11-02 15:27:00,845,845,845,845,0
2022-11-02 15:28:00,845,845,845,845,0
2022-11-02 15:29:00,845,845,845,845,0
2022-11-02 15:30:00,845,845,845,845,0
2022-11-02 15:31:00,845,845,845,845,0
2022-11-02 15:32:00,845,845,845,845,0
2022-11-02 15:33:00,845,845,845,845,0
2022-11-02 15:34:00,845,845,845,845,0
2022-11-02 15:35:00,845,845,845,845,0
2022-11-02 15:36:00,845,845,845,845,0
2022-11-02 15:37:00,845,845,845,845,0
2022-11-02 15:38:00,845,845,845,845,0
2022-11-02 15:39:00,845,845,845,845,0
2022-11-02 15:40:00,845,845,845,845,0
2022-11-02 15:41:00,845,845,845,845,0
2022-11-02 15:42:00,845,845,845,845,0
2022-11-02 15:43:00,845,845,845,845,0
2022-11-02 15:44:00,845,845,845,845,0
2022-11-02 15:45:00,845,845,845,845,0
2022-11-02 15:46:00,845,845,845,845,0
2022-11-02 15:47:00,845,845,845,845,0
2022-11-02 15:48:00,845,845,845,845,0
2022-11-02 15:49:00,845,845,845,845,0
2022-11-02 15:50:00,845,845,845,845,0
2022-11-02 15:51:00,845,845,845,845,0
2022-11-02 15:52:00,845,845,845,845,0
2022-11-02 15:53:00,845,845,845,845,0
2022-11-02 15:54:00,845,845,845,845,0
2022-11-02 15:55:00,845,845,845,845,0
2022-11-02 15:56:00,845,845,845,845,0
2022-11-02 15:57:00,845,845,845,845,0
2022-11-02 15:58:00,845,845,845,845,0
2022-11-02 15:59:00,845,845,845,845,0
2022-11-03 09:00:00,850,850,850,850,0
2022-11-03 09:01:00,850,850,850,850,0
2022-11-03 09:02:00,845,845,845,845,1900
2022-11-03 09:03:00,845,845,845,845,0
2022-11-03 09:04:00,845,845,845,845,0
2022-11-03 09:05:00,840,840,840,840,0
2022-11-03 09:06:00,840,840,840,840,0
2022-11-03 09:07:00,850,850,850,850,300
2022-11-03 09:08:00,850,850,850,850,0
2022-11-03 09:09:00,850,850,850,850,0
2022-11-03 09:10:00,850,850,850,850,0
2022-11-03 09:11:00,850,850,850,850,0
2022-11-03 09:12:00,850,850,850,850,0
2022-11-03 09:13:00,850,850,850,850,0
2022-11-03 09:14:00,850,850,850,850,0
2022-11-03 09:15:00,850,850,850,850,0
2022-11-03 09:16:00,850,850,850,850,0
2022-11-03 09:17:00,850,850,850,850,0
2022-11-03 09:18:00,850,850,850,850,0
2022-11-03 09:19:00,850,850,850,850,0
2022-11-03 09:20:00,850,850,850,850,0
2022-11-03 09:21:00,850,850,850,850,0
2022-11-03 09:22:00,850,850,850,850,0
2022-11-03 09:23:00,850,850,850,850,0
2022-11-03 09:24:00,850,850,850,850,0
2022-11-03 09:25:00,850,850,850,850,0
2022-11-03 09:26:00,850,850,850,850,0
2022-11-03 09:27:00,850,850,850,850,0
2022-11-03 09:28:00,845,845,845,845,2600
2022-11-03 09:29:00,840,835,840,835,2700
2022-11-03 09:30:00,840,835,840,835,0
2022-11-03 09:31:00,840,835,840,835,0
2022-11-03 09:32:00,850,850,850,850,0
2022-11-03 09:33:00,850,850,850,850,15300
2022-11-03 09:34:00,850,850,850,850,0
2022-11-03 09:35:00,850,850,850,850,0
2022-11-03 09:36:00,850,850,850,850,0
2022-11-03 09:37:00,840,840,840,840,200
2022-11-03 09:38:00,855,855,855,855,11400
2022-11-03 09:39:00,855,855,855,855,0
2022-11-03 09:40:00,855,855,855,855,0
2022-11-03 09:41:00,855,855,855,855,0
2022-11-03 09:42:00,855,855,855,855,0
2022-11-03 09:43:00,855,855,855,855,0
2022-11-03 09:44:00,855,855,855,855,3000
2022-11-03 09:45:00,855,855,855,855,0
2022-11-03 09:46:00,855,855,855,855,0
2022-11-03 09:47:00,855,855,855,855,0
2022-11-03 09:48:00,855,855,855,855,0
2022-11-03 09:49:00,845,845,845,845,14300
2022-11-03 09:50:00,845,845,845,845,0
2022-11-03 09:51:00,845,845,845,845,0
2022-11-03 09:52:00,845,845,845,845,0
2022-11-03 09:53:00,845,845,845,845,0
2022-11-03 09:54:00,845,845,845,845,0
2022-11-03 09:55:00,845,845,845,845,0
2022-11-03 09:56:00,845,845,845,845,0
2022-11-03 09:57:00,845,845,845,845,0
2022-11-03 09:58:00,845,845,845,845,0
2022-11-03 09:59:00,845,845,845,845,19600
2022-11-03 10:00:00,845,845,845,845,0
2022-11-03 10:01:00,845,845,845,845,0
2022-11-03 10:02:00,845,845,845,845,0
2022-11-03 10:03:00,845,845,845,845,0
2022-11-03 10:04:00,845,845,845,845,0
2022-11-03 10:05:00,845,845,845,845,0
2022-11-03 10:06:00,845,845,845,845,0
2022-11-03 10:07:00,845,845,845,845,0
2022-11-03 10:08:00,845,845,845,845,0
2022-11-03 10:09:00,845,845,845,845,0
2022-11-03 10:10:00,840,840,840,840,1300
2022-11-03 10:11:00,840,840,840,840,0
2022-11-03 10:12:00,840,840,840,840,0
2022-11-03 10:13:00,840,840,840,840,2800
2022-11-03 10:14:00,840,840,840,840,3300
2022-11-03 10:15:00,850,850,850,850,3500
2022-11-03 10:16:00,850,850,850,850,0
2022-11-03 10:17:00,850,850,850,850,0
2022-11-03 10:18:00,850,850,850,850,0
2022-11-03 10:19:00,850,850,850,850,0
2022-11-03 10:20:00,850,850,850,850,0
2022-11-03 10:21:00,850,850,850,850,0
2022-11-03 10:22:00,850,850,850,850,0
2022-11-03 10:23:00,850,850,850,850,0
2022-11-03 10:24:00,850,850,850,850,0
2022-11-03 10:25:00,850,850,850,850,0
2022-11-03 10:26:00,850,850,850,850,0
2022-11-03 10:27:00,850,850,850,850,0
2022-11-03 10:28:00,850,850,850,850,1000
2022-11-03 10:29:00,850,850,850,850,0
2022-11-03 10:30:00,850,850,850,850,0
2022-11-03 10:31:00,850,850,850,850,0
2022-11-03 10:32:00,850,850,850,850,0
2022-11-03 10:33:00,850,850,850,850,0
2022-11-03 10:34:00,850,850,850,850,0
2022-11-03 10:35:00,850,850,850,850,0
2022-11-03 10:36:00,850,850,850,850,0
2022-11-03 10:37:00,850,850,850,850,0
2022-11-03 10:38:00,850,850,850,850,0
2022-11-03 10:39:00,850,850,850,850,0
2022-11-03 10:40:00,850,850,850,850,0
2022-11-03 10:41:00,850,850,850,850,0
2022-11-03 10:42:00,850,850,850,850,0
2022-11-03 10:43:00,850,850,850,850,0
2022-11-03 10:44:00,850,850,850,850,0
2022-11-03 10:45:00,850,850,850,850,0
2022-11-03 10:46:00,850,850,850,850,0
2022-11-03 10:47:00,850,850,850,850,0
2022-11-03 10:48:00,850,850,850,850,0
2022-11-03 10:49:00,850,850,850,850,0
2022-11-03 10:50:00,850,850,850,850,0
2022-11-03 10:51:00,850,850,850,850,0
2022-11-03 10:52:00,850,850,850,850,0
2022-11-03 10:53:00,850,850,850,850,0
2022-11-03 10:54:00,850,850,850,850,0
2022-11-03 10:55:00,850,850,850,850,0
2022-11-03 10:56:00,850,850,850,850,0
2022-11-03 10:57:00,850,850,850,850,0
2022-11-03 10:58:00,845,845,845,845,200
2022-11-03 10:59:00,845,845,845,845,0
2022-11-03 11:00:00,845,845,845,845,0
2022-11-03 11:01:00,845,845,845,845,0
2022-11-03 11:02:00,845,845,845,845,0
2022-11-03 11:03:00,845,845,845,845,0
2022-11-03 11:04:00,845,845,845,845,0
2022-11-03 11:05:00,850,850,850,850,34200
2022-11-03 11:06:00,850,850,850,850,0
2022-11-03 11:07:00,850,850,850,850,0
2022-11-03 11:08:00,855,855,855,855,85900
2022-11-03 11:09:00,855,855,855,855,0
2022-11-03 11:10:00,855,855,855,855,0
2022-11-03 11:11:00,855,855,855,855,0
2022-11-03 11:12:00,855,855,855,855,0
2022-11-03 11:13:00,855,855,855,855,0
2022-11-03 11:14:00,855,855,855,855,0
2022-11-03 11:15:00,855,855,855,855,500
2022-11-03 11:16:00,855,855,855,855,0
2022-11-03 11:17:00,855,855,855,855,0
2022-11-03 11:18:00,855,855,855,855,0
2022-11-03 11:19:00,855,855,855,855,100
2022-11-03 11:20:00,855,855,855,855,0
2022-11-03 11:21:00,855,855,855,855,0
2022-11-03 11:22:00,855,855,855,855,0
2022-11-03 11:23:00,855,855,855,855,0
2022-11-03 11:24:00,855,855,855,855,0
2022-11-03 11:25:00,855,855,855,855,0
2022-11-03 11:26:00,855,855,855,855,2000
2022-11-03 11:27:00,855,855,855,855,0
2022-11-03 11:28:00,855,855,855,855,9700
2022-11-03 11:29:00,855,855,855,855,4300
2022-11-03 11:30:00,855,855,855,855,0
2022-11-03 11:31:00,855,855,855,855,0
2022-11-03 11:32:00,855,855,855,855,0
2022-11-03 11:33:00,855,855,855,855,0
2022-11-03 11:34:00,855,855,855,855,0
2022-11-03 11:35:00,855,855,855,855,0
2022-11-03 11:36:00,855,855,855,855,0
2022-11-03 11:37:00,855,855,855,855,0
2022-11-03 11:38:00,855,855,855,855,0
2022-11-03 11:39:00,855,855,855,855,0
2022-11-03 11:40:00,855,855,855,855,0
2022-11-03 11:41:00,855,855,855,855,0
2022-11-03 11:42:00,855,855,855,855,0
2022-11-03 11:43:00,855,855,855,855,0
2022-11-03 11:44:00,855,855,855,855,0
2022-11-03 11:45:00,855,855,855,855,0
2022-11-03 11:46:00,855,855,855,855,0
2022-11-03 11:47:00,855,855,855,855,0
2022-11-03 11:48:00,855,855,855,855,0
2022-11-03 11:49:00,855,855,855,855,0
2022-11-03 11:50:00,855,855,855,855,0
2022-11-03 11:51:00,855,855,855,855,0
2022-11-03 11:52:00,855,855,855,855,0
2022-11-03 11:53:00,855,855,855,855,0
2022-11-03 11:54:00,855,855,855,855,0
2022-11-03 11:55:00,855,855,855,855,0
2022-11-03 11:56:00,855,855,855,855,0
2022-11-03 11:57:00,855,855,855,855,0
2022-11-03 11:58:00,855,855,855,855,0
2022-11-03 11:59:00,855,855,855,855,0
2022-11-03 12:00:00,855,855,855,855,0
2022-11-03 12:01:00,855,855,855,855,0
2022-11-03 12:02:00,855,855,855,855,0
2022-11-03 12:03:00,855,855,855,855,0
2022-11-03 12:04:00,855,855,855,855,0
2022-11-03 12:05:00,855,855,855,855,0
2022-11-03 12:06:00,855,855,855,855,0
2022-11-03 12:07:00,855,855,855,855,0
2022-11-03 12:08:00,855,855,855,855,0
2022-11-03 12:09:00,855,855,855,855,0
2022-11-03 12:10:00,855,855,855,855,0
2022-11-03 12:11:00,855,855,855,855,0
2022-11-03 12:12:00,855,855,855,855,0
2022-11-03 12:13:00,855,855,855,855,0
2022-11-03 12:14:00,855,855,855,855,0
2022-11-03 12:15:00,855,855,855,855,0
2022-11-03 12:16:00,855,855,855,855,0
2022-11-03 12:17:00,855,855,855,855,0
2022-11-03 12:18:00,855,855,855,855,0
2022-11-03 12:19:00,855,855,855,855,0
2022-11-03 12:20:00,855,855,855,855,0
2022-11-03 12:21:00,855,855,855,855,0
2022-11-03 12:22:00,855,855,855,855,0
2022-11-03 12:23:00,855,855,855,855,0
2022-11-03 12:24:00,855,855,855,855,0
2022-11-03 12:25:00,855,855,855,855,0
2022-11-03 12:26:00,855,855,855,855,0
2022-11-03 12:27:00,855,855,855,855,0
2022-11-03 12:28:00,855,855,855,855,0
2022-11-03 12:29:00,855,855,855,855,0
2022-11-03 12:30:00,855,855,855,855,0
2022-11-03 12:31:00,855,855,855,855,0
2022-11-03 12:32:00,855,855,855,855,0
2022-11-03 12:33:00,855,855,855,855,0
2022-11-03 12:34:00,855,855,855,855,0
2022-11-03 12:35:00,855,855,855,855,0
2022-11-03 12:36:00,855,855,855,855,0
2022-11-03 12:37:00,855,855,855,855,0
2022-11-03 12:38:00,855,855,855,855,0
2022-11-03 12:39:00,855,855,855,855,0
2022-11-03 12:40:00,855,855,855,855,0
2022-11-03 12:41:00,855,855,855,855,0
2022-11-03 12:42:00,855,855,855,855,0
2022-11-03 12:43:00,855,855,855,855,0
2022-11-03 12:44:00,855,855,855,855,0
2022-11-03 12:45:00,855,855,855,855,0
2022-11-03 12:46:00,855,855,855,855,0
2022-11-03 12:47:00,855,855,855,855,0
2022-11-03 12:48:00,855,855,855,855,0
2022-11-03 12:49:00,855,855,855,855,0
2022-11-03 12:50:00,855,855,855,855,0
2022-11-03 12:51:00,855,855,855,855,0
2022-11-03 12:52:00,855,855,855,855,0
2022-11-03 12:53:00,855,855,855,855,0
2022-11-03 12:54:00,855,855,855,855,0
2022-11-03 12:55:00,855,855,855,855,0
2022-11-03 12:56:00,855,855,855,855,0
2022-11-03 12:57:00,855,855,855,855,0
2022-11-03 12:58:00,855,855,855,855,0
2022-11-03 12:59:00,855,855,855,855,0
2022-11-03 13:00:00,855,855,855,855,0
2022-11-03 13:01:00,855,855,855,855,0
2022-11-03 13:02:00,855,855,855,855,0
2022-11-03 13:03:00,855,855,855,855,0
2022-11-03 13:04:00,855,855,855,855,0
2022-11-03 13:05:00,855,855,855,855,0
2022-11-03 13:06:00,855,855,855,855,0
2022-11-03 13:07:00,855,855,855,855,0
2022-11-03 13:08:00,855,855,855,855,0
2022-11-03 13:09:00,855,855,855,855,0
2022-11-03 13:10:00,855,855,855,855,0
2022-11-03 13:11:00,855,855,855,855,0
2022-11-03 13:12:00,855,855,855,855,0
2022-11-03 13:13:00,855,855,855,855,0
2022-11-03 13:14:00,855,855,855,855,0
2022-11-03 13:15:00,855,855,855,855,0
2022-11-03 13:16:00,855,855,855,855,0
2022-11-03 13:17:00,855,855,855,855,0
2022-11-03 13:18:00,855,855,855,855,0
2022-11-03 13:19:00,855,855,855,855,0
2022-11-03 13:20:00,855,855,855,855,0
2022-11-03 13:21:00,855,855,855,855,0
2022-11-03 13:22:00,855,855,855,855,0
2022-11-03 13:23:00,855,855,855,855,0
2022-11-03 13:24:00,855,855,855,855,0
2022-11-03 13:25:00,855,855,855,855,0
2022-11-03 13:26:00,855,855,855,855,0
2022-11-03 13:27:00,855,855,855,855,0
2022-11-03 13:28:00,855,855,855,855,0
2022-11-03 13:29:00,855,855,855,855,0
2022-11-03 13:30:00,855,855,860,855,11300
2022-11-03 13:31:00,855,855,860,855,0
2022-11-03 13:32:00,855,855,860,855,0
2022-11-03 13:33:00,855,855,860,855,0
2022-11-03 13:34:00,855,855,860,855,0
2022-11-03 13:35:00,855,855,860,855,0
2022-11-03 13:36:00,855,855,855,855,300
2022-11-03 13:37:00,855,855,855,855,0
2022-11-03 13:38:00,860,860,860,860,9800
2022-11-03 13:39:00,860,860,860,860,0
2022-11-03 13:40:00,860,860,860,860,0
2022-11-03 13:41:00,855,855,855,855,1600
2022-11-03 13:42:00,855,855,855,855,0
2022-11-03 13:43:00,855,855,855,855,0
2022-11-03 13:44:00,855,855,855,855,0
2022-11-03 13:45:00,855,855,855,855,0
2022-11-03 13:46:00,855,855,855,855,900
2022-11-03 13:47:00,855,855,855,855,100
2022-11-03 13:48:00,855,855,855,855,0
2022-11-03 13:49:00,855,855,855,855,700
2022-11-03 13:50:00,855,855,855,855,0
2022-11-03 13:51:00,855,855,855,855,1700
2022-11-03 13:52:00,855,855,855,855,0
2022-11-03 13:53:00,855,855,855,855,0
2022-11-03 13:54:00,855,855,855,855,0
2022-11-03 13:55:00,855,855,855,855,0
2022-11-03 13:56:00,855,855,855,855,0
2022-11-03 13:57:00,855,855,855,855,0
2022-11-03 13:58:00,855,855,855,855,0
2022-11-03 13:59:00,855,855,855,855,0
2022-11-03 14:00:00,855,855,855,855,0
2022-11-03 14:01:00,855,855,855,855,0
2022-11-03 14:02:00,855,855,855,855,0
2022-11-03 14:03:00,855,855,855,855,0
2022-11-03 14:04:00,855,855,855,855,0
2022-11-03 14:05:00,855,855,855,855,0
2022-11-03 14:06:00,855,855,855,855,0
2022-11-03 14:07:00,855,855,855,855,0
2022-11-03 14:08:00,855,855,855,855,5000
2022-11-03 14:09:00,855,855,855,855,0
2022-11-03 14:10:00,855,855,855,855,0
2022-11-03 14:11:00,855,855,855,855,0
2022-11-03 14:12:00,855,855,855,855,0
2022-11-03 14:13:00,855,855,855,855,0
2022-11-03 14:14:00,855,855,855,855,0
2022-11-03 14:15:00,855,855,855,855,0
2022-11-03 14:16:00,855,855,855,855,0
2022-11-03 14:17:00,855,855,855,855,0
2022-11-03 14:18:00,855,855,855,855,1200
2022-11-03 14:19:00,855,855,855,855,0
2022-11-03 14:20:00,855,855,855,855,0
2022-11-03 14:21:00,850,850,850,850,0
2022-11-03 14:22:00,850,850,850,850,0
2022-11-03 14:23:00,850,850,850,850,0
2022-11-03 14:24:00,850,850,850,850,0
2022-11-03 14:25:00,850,850,850,850,0
2022-11-03 14:26:00,850,850,850,850,0
2022-11-03 14:27:00,850,850,850,850,37200
2022-11-03 14:28:00,855,855,855,855,0
2022-11-03 14:29:00,855,855,855,855,0
2022-11-03 14:30:00,855,855,855,855,0
2022-11-03 14:31:00,855,855,855,855,0
2022-11-03 14:32:00,855,855,855,855,400
2022-11-03 14:33:00,855,855,855,855,0
2022-11-03 14:34:00,855,855,855,855,0
2022-11-03 14:35:00,855,855,855,855,0
2022-11-03 14:36:00,855,855,855,855,0
2022-11-03 14:37:00,855,855,855,855,0
2022-11-03 14:38:00,855,855,855,855,0
2022-11-03 14:39:00,855,855,855,855,0
2022-11-03 14:40:00,855,855,855,855,0
2022-11-03 14:41:00,855,850,855,850,20000
2022-11-03 14:42:00,845,845,845,845,15100
2022-11-03 14:43:00,845,845,845,845,0
2022-11-03 14:44:00,845,845,845,845,0
2022-11-03 14:45:00,845,845,845,845,0
2022-11-03 14:46:00,845,845,845,845,0
2022-11-03 14:47:00,850,850,850,850,9700
2022-11-03 14:48:00,850,850,850,850,0
2022-11-03 14:49:00,845,845,845,845,500
2022-11-03 14:50:00,845,845,845,845,0
2022-11-03 14:51:00,845,845,845,845,0
2022-11-03 14:52:00,845,845,845,845,0
2022-11-03 14:53:00,845,845,845,845,0
2022-11-03 14:54:00,845,845,845,845,0
2022-11-03 14:55:00,845,845,845,845,0
2022-11-03 14:56:00,845,845,845,845,0
2022-11-03 14:57:00,845,845,845,845,0
2022-11-03 14:58:00,845,845,845,845,0
2022-11-03 14:59:00,845,845,845,845,0
2022-11-03 15:00:00,845,845,845,845,16700
2022-11-03 15:01:00,845,845,845,845,700
2022-11-03 15:02:00,845,845,845,845,0
2022-11-03 15:03:00,845,845,845,845,0
2022-11-03 15:04:00,845,845,845,845,0
2022-11-03 15:05:00,845,845,845,845,0
2022-11-03 15:06:00,845,845,845,845,0
2022-11-03 15:07:00,845,845,845,845,0
2022-11-03 15:08:00,845,845,845,845,0
2022-11-03 15:09:00,845,845,845,845,0
2022-11-03 15:10:00,845,845,845,845,0
2022-11-03 15:11:00,845,845,845,845,0
2022-11-03 15:12:00,845,845,845,845,0
2022-11-03 15:13:00,845,845,845,845,0
2022-11-03 15:14:00,845,845,845,845,0
2022-11-03 15:15:00,845,845,845,845,0
2022-11-03 15:16:00,845,845,845,845,0
2022-11-03 15:17:00,845,845,845,845,0
2022-11-03 15:18:00,845,845,845,845,0
2022-11-03 15:19:00,845,845,845,845,0
2022-11-03 15:20:00,845,845,845,845,0
2022-11-03 15:21:00,845,845,845,845,0
2022-11-03 15:22:00,845,845,845,845,0
2022-11-03 15:23:00,845,845,845,845,0
2022-11-03 15:24:00,845,845,845,845,0
2022-11-03 15:25:00,845,845,845,845,0
2022-11-03 15:26:00,845,845,845,845,0
2022-11-03 15:27:00,845,845,845,845,0
2022-11-03 15:28:00,845,845,845,845,0
2022-11-03 15:29:00,845,845,845,845,0
2022-11-03 15:30:00,845,845,845,845,0
2022-11-03 15:31:00,845,845,845,845,0
2022-11-03 15:32:00,845,845,845,845,0
2022-11-03 15:33:00,845,845,845,845,0
2022-11-03 15:34:00,845,845,845,845,0
2022-11-03 15:35:00,845,845,845,845,0
2022-11-03 15:36:00,845,845,845,845,0
2022-11-03 15:37:00,845,845,845,845,0
2022-11-03 15:38:00,845,845,845,845,0
2022-11-03 15:39:00,845,845,845,845,0
2022-11-03 15:40:00,845,845,845,845,0
2022-11-03 15:41:00,845,845,845,845,0
2022-11-03 15:42:00,845,845,845,845,0
2022-11-03 15:43:00,845,845,845,845,0
2022-11-03 15:44:00,845,845,845,845,0
2022-11-03 15:45:00,845,845,845,845,0
2022-11-03 15:46:00,845,845,845,845,0
2022-11-03 15:47:00,845,845,845,845,0
2022-11-03 15:48:00,845,845,845,845,0
2022-11-03 15:49:00,845,845,845,845,0
2022-11-03 15:50:00,845,845,845,845,0
2022-11-03 15:51:00,845,845,845,845,0
2022-11-03 15:52:00,845,845,845,845,0
2022-11-03 15:53:00,845,845,845,845,0
2022-11-03 15:54:00,845,845,845,845,0
2022-11-03 15:55:00,845,845,845,845,0
2022-11-03 15:56:00,845,845,845,845,0
2022-11-03 15:57:00,845,845,845,845,0
2022-11-03 15:58:00,845,845,845,845,0
2022-11-03 15:59:00,845,845,845,845,0
2022-11-04 09:00:00,845,845,845,845,200
2022-11-04 09:01:00,845,845,850,850,3600
2022-11-04 09:02:00,845,845,850,850,0
2022-11-04 09:03:00,845,845,850,850,0
2022-11-04 09:04:00,855,855,855,855,8600
2022-11-04 09:05:00,855,855,855,855,17400
2022-11-04 09:06:00,855,850,860,860,8300
2022-11-04 09:07:00,855,850,860,860,0
2022-11-04 09:08:00,860,860,865,865,121900
2022-11-04 09:09:00,870,870,870,870,14300
2022-11-04 09:10:00,870,870,875,875,8800
2022-11-04 09:11:00,875,875,880,880,39200
2022-11-04 09:12:00,875,875,880,875,11100
2022-11-04 09:13:00,880,875,880,875,20500
2022-11-04 09:14:00,875,870,875,870,20200
2022-11-04 09:15:00,870,870,870,870,1200
2022-11-04 09:16:00,865,865,865,865,800
2022-11-04 09:17:00,865,865,865,865,0
2022-11-04 09:18:00,865,865,865,865,12900
2022-11-04 09:19:00,865,855,865,855,16000
2022-11-04 09:20:00,850,850,850,850,22800
2022-11-04 09:21:00,850,850,850,850,5000
2022-11-04 09:22:00,850,850,850,850,14000
2022-11-04 09:23:00,850,850,850,850,0
2022-11-04 09:24:00,850,850,850,850,0
2022-11-04 09:25:00,855,855,855,855,100
2022-11-04 09:26:00,855,855,855,855,10400
2022-11-04 09:27:00,855,855,855,855,5100
2022-11-04 09:28:00,855,855,855,855,200
2022-11-04 09:29:00,855,850,860,860,50900
2022-11-04 09:30:00,865,865,865,865,0
2022-11-04 09:31:00,865,865,865,865,0
2022-11-04 09:32:00,865,865,865,865,0
2022-11-04 09:33:00,865,865,865,865,15200
2022-11-04 09:34:00,865,865,865,865,0
2022-11-04 09:35:00,865,865,865,865,0
2022-11-04 09:36:00,865,865,865,865,0
2022-11-04 09:37:00,865,865,865,865,0
2022-11-04 09:38:00,865,865,865,865,0
2022-11-04 09:39:00,865,865,865,865,0
2022-11-04 09:40:00,865,865,865,865,0
2022-11-04 09:41:00,865,865,865,865,0
2022-11-04 09:42:00,865,865,865,865,0
2022-11-04 09:43:00,860,860,860,860,3900
2022-11-04 09:44:00,860,860,865,865,300
2022-11-04 09:45:00,860,860,865,865,0
2022-11-04 09:46:00,865,865,865,865,100
2022-11-04 09:47:00,865,865,865,865,0
2022-11-04 09:48:00,865,865,865,865,0
2022-11-04 09:49:00,865,865,865,865,0
2022-11-04 09:50:00,865,865,865,865,600
2022-11-04 09:51:00,870,870,870,870,65400
2022-11-04 09:52:00,870,870,870,870,0
2022-11-04 09:53:00,865,865,870,870,1000
2022-11-04 09:54:00,865,865,870,870,0
2022-11-04 09:55:00,865,865,870,870,0
2022-11-04 09:56:00,865,865,870,870,0
2022-11-04 09:57:00,865,865,870,870,0
2022-11-04 09:58:00,870,870,870,870,1300
2022-11-04 09:59:00,870,870,870,870,0
2022-11-04 10:00:00,870,870,870,870,100
2022-11-04 10:01:00,870,870,870,870,0
2022-11-04 10:02:00,870,870,870,870,0
2022-11-04 10:03:00,870,870,870,870,0
2022-11-04 10:04:00,870,870,870,870,0
2022-11-04 10:05:00,870,870,870,870,0
2022-11-04 10:06:00,865,865,865,865,4900
2022-11-04 10:07:00,865,865,865,865,0
2022-11-04 10:08:00,865,865,865,865,0
2022-11-04 10:09:00,865,865,865,865,0
2022-11-04 10:10:00,865,865,865,865,0
2022-11-04 10:11:00,865,865,865,865,0
2022-11-04 10:12:00,865,865,865,865,200
2022-11-04 10:13:00,865,865,865,865,700
2022-11-04 10:14:00,865,865,865,865,0
2022-11-04 10:15:00,865,865,865,865,0
2022-11-04 10:16:00,865,865,865,865,0
2022-11-04 10:17:00,865,865,865,865,0
2022-11-04 10:18:00,865,865,865,865,0
2022-11-04 10:19:00,865,865,865,865,0
2022-11-04 10:20:00,865,865,865,865,0
2022-11-04 10:21:00,865,865,865,865,0
2022-11-04 10:22:00,870,870,870,870,15700
2022-11-04 10:23:00,870,870,870,870,0
2022-11-04 10:24:00,870,870,870,870,0
2022-11-04 10:25:00,870,870,870,870,900
2022-11-04 10:26:00,870,870,870,870,0
2022-11-04 10:27:00,875,875,875,875,400
2022-11-04 10:28:00,875,875,875,875,0
2022-11-04 10:29:00,875,875,875,875,0
2022-11-04 10:30:00,875,875,875,875,0
2022-11-04 10:31:00,875,875,875,875,0
2022-11-04 10:32:00,870,870,870,870,6800
2022-11-04 10:33:00,870,870,870,870,0
2022-11-04 10:34:00,870,870,870,870,300
2022-11-04 10:35:00,870,870,870,870,1100
2022-11-04 10:36:00,870,870,870,870,0
2022-11-04 10:37:00,870,870,870,870,0
2022-11-04 10:38:00,870,870,870,870,0
2022-11-04 10:39:00,870,870,870,870,0
2022-11-04 10:40:00,870,870,870,870,0
2022-11-04 10:41:00,865,865,865,865,1200
2022-11-04 10:42:00,865,865,865,865,0
2022-11-04 10:43:00,865,865,865,865,0
2022-11-04 10:44:00,865,865,865,865,3000
2022-11-04 10:45:00,865,865,865,865,0
2022-11-04 10:46:00,865,865,865,865,0
2022-11-04 10:47:00,870,870,870,870,3100
2022-11-04 10:48:00,870,870,870,870,7700
2022-11-04 10:49:00,870,865,870,870,9000
2022-11-04 10:50:00,870,870,870,870,30400
2022-11-04 10:51:00,870,870,870,870,0
2022-11-04 10:52:00,870,870,870,870,0
2022-11-04 10:53:00,865,865,865,865,5000
2022-11-04 10:54:00,870,870,870,870,0
2022-11-04 10:55:00,870,870,870,870,0
2022-11-04 10:56:00,870,870,870,870,0
2022-11-04 10:57:00,870,870,870,870,500
2022-11-04 10:58:00,870,870,870,870,300
2022-11-04 10:59:00,870,870,870,870,2600
2022-11-04 11:00:00,870,870,870,870,0
2022-11-04 11:01:00,870,870,870,870,0
2022-11-04 11:02:00,870,870,870,870,0
2022-11-04 11:03:00,870,870,870,870,0
2022-11-04 11:04:00,870,870,870,870,0
2022-11-04 11:05:00,870,870,870,870,0
2022-11-04 11:06:00,870,870,870,870,0
2022-11-04 11:07:00,870,870,870,870,0
2022-11-04 11:08:00,870,870,870,870,0
2022-11-04 11:09:00,870,870,870,870,0
2022-11-04 11:10:00,870,870,870,870,0
2022-11-04 11:11:00,870,870,870,870,0
2022-11-04 11:12:00,870,870,870,870,0
2022-11-04 11:13:00,870,870,870,870,0
2022-11-04 11:14:00,870,870,870,870,0
2022-11-04 11:15:00,870,870,870,870,0
2022-11-04 11:16:00,870,870,870,870,0
2022-11-04 11:17:00,870,870,870,870,0
2022-11-04 11:18:00,870,870,870,870,0
2022-11-04 11:19:00,870,870,870,870,1000
2022-11-04 11:20:00,870,870,870,870,5500
2022-11-04 11:21:00,865,865,865,865,0
2022-11-04 11:22:00,865,865,865,865,1500
2022-11-04 11:23:00,865,865,865,865,0
2022-11-04 11:24:00,865,865,865,865,0
2022-11-04 11:25:00,870,870,870,870,14000
2022-11-04 11:26:00,870,870,870,870,0
2022-11-04 11:27:00,870,870,870,870,0
2022-11-04 11:28:00,870,870,870,870,0
2022-11-04 11:29:00,870,870,870,870,0
2022-11-04 11:30:00,870,870,870,870,0
2022-11-04 11:31:00,870,870,870,870,0
2022-11-04 11:32:00,870,870,870,870,0
2022-11-04 11:33:00,870,870,870,870,0
2022-11-04 11:34:00,870,870,870,870,0
2022-11-04 11:35:00,870,870,870,870,0
2022-11-04 11:36:00,870,870,870,870,0
2022-11-04 11:37:00,870,870,870,870,0
2022-11-04 11:38:00,870,870,870,870,0
2022-11-04 11:39:00,870,870,870,870,0
2022-11-04 11:40:00,870,870,870,870,0
2022-11-04 11:41:00,870,870,870,870,0
2022-11-04 11:42:00,870,870,870,870,0
2022-11-04 11:43:00,870,870,870,870,0
2022-11-04 11:44:00,870,870,870,870,0
2022-11-04 11:45:00,870,870,870,870,0
2022-11-04 11:46:00,870,870,870,870,0
2022-11-04 11:47:00,870,870,870,870,0
2022-11-04 11:48:00,870,870,870,870,0
2022-11-04 11:49:00,870,870,870,870,0
2022-11-04 11:50:00,870,870,870,870,0
2022-11-04 11:51:00,870,870,870,870,0
2022-11-04 11:52:00,870,870,870,870,0
2022-11-04 11:53:00,870,870,870,870,0
2022-11-04 11:54:00,870,870,870,870,0
2022-11-04 11:55:00,870,870,870,870,0
2022-11-04 11:56:00,870,870,870,870,0
2022-11-04 11:57:00,870,870,870,870,0
2022-11-04 11:58:00,870,870,870,870,0
2022-11-04 11:59:00,870,870,870,870,0
2022-11-04 12:00:00,870,870,870,870,0
2022-11-04 12:01:00,870,870,870,870,0
2022-11-04 12:02:00,870,870,870,870,0
2022-11-04 12:03:00,870,870,870,870,0
2022-11-04 12:04:00,870,870,870,870,0
2022-11-04 12:05:00,870,870,870,870,0
2022-11-04 12:06:00,870,870,870,870,0
2022-11-04 12:07:00,870,870,870,870,0
2022-11-04 12:08:00,870,870,870,870,0
2022-11-04 12:09:00,870,870,870,870,0
2022-11-04 12:10:00,870,870,870,870,0
2022-11-04 12:11:00,870,870,870,870,0
2022-11-04 12:12:00,870,870,870,870,0
2022-11-04 12:13:00,870,870,870,870,0
2022-11-04 12:14:00,870,870,870,870,0
2022-11-04 12:15:00,870,870,870,870,0
2022-11-04 12:16:00,870,870,870,870,0
2022-11-04 12:17:00,870,870,870,870,0
2022-11-04 12:18:00,870,870,870,870,0
2022-11-04 12:19:00,870,870,870,870,0
2022-11-04 12:20:00,870,870,870,870,0
2022-11-04 12:21:00,870,870,870,870,0
2022-11-04 12:22:00,870,870,870,870,0
2022-11-04 12:23:00,870,870,870,870,0
2022-11-04 12:24:00,870,870,870,870,0
2022-11-04 12:25:00,870,870,870,870,0
2022-11-04 12:26:00,870,870,870,870,0
2022-11-04 12:27:00,870,870,870,870,0
2022-11-04 12:28:00,870,870,870,870,0
2022-11-04 12:29:00,870,870,870,870,0
2022-11-04 12:30:00,870,870,870,870,0
2022-11-04 12:31:00,870,870,870,870,0
2022-11-04 12:32:00,870,870,870,870,0
2022-11-04 12:33:00,870,870,870,870,0
2022-11-04 12:34:00,870,870,870,870,0
2022-11-04 12:35:00,870,870,870,870,0
2022-11-04 12:36:00,870,870,870,870,0
2022-11-04 12:37:00,870,870,870,870,0
2022-11-04 12:38:00,870,870,870,870,0
2022-11-04 12:39:00,870,870,870,870,0
2022-11-04 12:40:00,870,870,870,870,0
2022-11-04 12:41:00,870,870,870,870,0
2022-11-04 12:42:00,870,870,870,870,0
2022-11-04 12:43:00,870,870,870,870,0
2022-11-04 12:44:00,870,870,870,870,0
2022-11-04 12:45:00,870,870,870,870,0
2022-11-04 12:46:00,870,870,870,870,0
2022-11-04 12:47:00,870,870,870,870,0
2022-11-04 12:48:00,870,870,870,870,0
2022-11-04 12:49:00,870,870,870,870,0
2022-11-04 12:50:00,870,870,870,870,0
2022-11-04 12:51:00,870,870,870,870,0
2022-11-04 12:52:00,870,870,870,870,0
2022-11-04 12:53:00,870,870,870,870,0
2022-11-04 12:54:00,870,870,870,870,0
2022-11-04 12:55:00,870,870,870,870,0
2022-11-04 12:56:00,870,870,870,870,0
2022-11-04 12:57:00,870,870,870,870,0
2022-11-04 12:58:00,870,870,870,870,0
2022-11-04 12:59:00,870,870,870,870,0
2022-11-04 13:00:00,870,870,870,870,0
2022-11-04 13:01:00,870,870,870,870,0
2022-11-04 13:02:00,870,870,870,870,0
2022-11-04 13:03:00,870,870,870,870,0
2022-11-04 13:04:00,870,870,870,870,0
2022-11-04 13:05:00,870,870,870,870,0
2022-11-04 13:06:00,870,870,870,870,0
2022-11-04 13:07:00,870,870,870,870,0
2022-11-04 13:08:00,870,870,870,870,0
2022-11-04 13:09:00,870,870,870,870,0
2022-11-04 13:10:00,870,870,870,870,0
2022-11-04 13:11:00,870,870,870,870,0
2022-11-04 13:12:00,870,870,870,870,0
2022-11-04 13:13:00,870,870,870,870,0
2022-11-04 13:14:00,870,870,870,870,0
2022-11-04 13:15:00,870,870,870,870,0
2022-11-04 13:16:00,870,870,870,870,0
2022-11-04 13:17:00,870,870,870,870,0
2022-11-04 13:18:00,870,870,870,870,0
2022-11-04 13:19:00,870,870,870,870,0
2022-11-04 13:20:00,870,870,870,870,0
2022-11-04 13:21:00,870,870,870,870,0
2022-11-04 13:22:00,870,870,870,870,0
2022-11-04 13:23:00,870,870,870,870,0
2022-11-04 13:24:00,870,870,870,870,0
2022-11-04 13:25:00,870,870,870,870,0
2022-11-04 13:26:00,870,870,870,870,0
2022-11-04 13:27:00,870,870,870,870,0
2022-11-04 13:28:00,870,870,870,870,0
2022-11-04 13:29:00,870,870,870,870,0
2022-11-04 13:30:00,865,860,870,870,46700
2022-11-04 13:31:00,865,860,870,870,0
2022-11-04 13:32:00,865,860,870,870,0
2022-11-04 13:33:00,870,870,870,870,3000
2022-11-04 13:34:00,870,870,870,870,0
2022-11-04 13:35:00,870,870,870,870,0
2022-11-04 13:36:00,870,870,870,870,0
2022-11-04 13:37:00,870,870,870,870,0
2022-11-04 13:38:00,870,870,870,870,0
2022-11-04 13:39:00,870,870,870,870,0
2022-11-04 13:40:00,870,870,870,870,39200
2022-11-04 13:41:00,870,870,870,870,300
2022-11-04 13:42:00,865,865,865,865,1100
2022-11-04 13:43:00,865,865,865,865,0
2022-11-04 13:44:00,865,865,865,865,0
2022-11-04 13:45:00,865,865,865,865,0
2022-11-04 13:46:00,870,870,870,870,0
2022-11-04 13:47:00,870,870,870,870,0
2022-11-04 13:48:00,870,870,870,870,0
2022-11-04 13:49:00,870,870,870,870,0
2022-11-04 13:50:00,870,870,870,870,0
2022-11-04 13:51:00,870,870,870,870,0
2022-11-04 13:52:00,870,870,870,870,0
2022-11-04 13:53:00,870,870,870,870,0
2022-11-04 13:54:00,870,870,870,870,0
2022-11-04 13:55:00,870,870,870,870,0
2022-11-04 13:56:00,870,870,870,870,0
2022-11-04 13:57:00,870,870,870,870,0
2022-11-04 13:58:00,870,870,870,870,0
2022-11-04 13:59:00,870,870,870,870,0
2022-11-04 14:00:00,870,870,870,870,0
2022-11-04 14:01:00,870,870,870,870,0
2022-11-04 14:02:00,870,870,870,870,0
2022-11-04 14:03:00,865,865,865,865,900
2022-11-04 14:04:00,865,865,865,865,0
2022-11-04 14:05:00,870,870,870,870,2100
2022-11-04 14:06:00,870,870,870,870,0
2022-11-04 14:07:00,870,870,870,870,0
2022-11-04 14:08:00,870,865,870,865,12700
2022-11-04 14:09:00,865,865,865,865,36800
2022-11-04 14:10:00,865,865,865,865,0
2022-11-04 14:11:00,865,865,865,865,0
2022-11-04 14:12:00,865,865,865,865,0
2022-11-04 14:13:00,865,865,865,865,0
2022-11-04 14:14:00,865,865,865,865,8400
2022-11-04 14:15:00,865,865,865,865,0
2022-11-04 14:16:00,865,865,865,865,1600
2022-11-04 14:17:00,865,865,865,865,0
2022-11-04 14:18:00,865,865,865,865,0
2022-11-04 14:19:00,865,865,865,865,0
2022-11-04 14:20:00,865,865,865,865,0
2022-11-04 14:21:00,865,865,865,865,0
2022-11-04 14:22:00,865,865,865,865,0
2022-11-04 14:23:00,865,865,865,865,0
2022-11-04 14:24:00,865,865,865,865,0
2022-11-04 14:25:00,865,865,865,865,0
2022-11-04 14:26:00,865,865,865,865,10500
2022-11-04 14:27:00,865,865,865,865,0
2022-11-04 14:28:00,865,865,865,865,0
2022-11-04 14:29:00,865,865,865,865,0
2022-11-04 14:30:00,860,860,860,860,10300
2022-11-04 14:31:00,860,860,860,860,0
2022-11-04 14:32:00,860,860,860,860,0
2022-11-04 14:33:00,865,865,865,865,400
2022-11-04 14:34:00,860,860,860,860,0
2022-11-04 14:35:00,860,860,860,860,0
2022-11-04 14:36:00,860,860,860,860,0
2022-11-04 14:37:00,860,860,860,860,200
2022-11-04 14:38:00,860,860,860,860,0
2022-11-04 14:39:00,860,860,860,860,0
2022-11-04 14:40:00,860,860,860,860,12000
2022-11-04 14:41:00,860,860,860,860,0
2022-11-04 14:42:00,860,860,860,860,0
2022-11-04 14:43:00,860,860,860,860,0
2022-11-04 14:44:00,860,860,860,860,0
2022-11-04 14:45:00,860,860,860,860,0
2022-11-04 14:46:00,860,860,860,860,800
2022-11-04 14:47:00,860,860,860,860,0
2022-11-04 14:48:00,860,860,860,860,0
2022-11-04 14:49:00,855,855,855,855,6500
2022-11-04 14:50:00,855,855,855,855,0
2022-11-04 14:51:00,855,855,855,855,0
2022-11-04 14:52:00,855,855,855,855,0
2022-11-04 14:53:00,855,855,855,855,0
2022-11-04 14:54:00,855,855,855,855,0
2022-11-04 14:55:00,855,855,855,855,0
2022-11-04 14:56:00,855,855,855,855,0
2022-11-04 14:57:00,855,855,855,855,0
2022-11-04 14:58:00,855,855,855,855,0
2022-11-04 14:59:00,855,855,855,855,0
2022-11-04 15:00:00,860,860,860,860,5800
2022-11-04 15:01:00,860,860,860,860,0
2022-11-04 15:02:00,860,860,860,860,0
2022-11-04 15:03:00,860,860,860,860,0
2022-11-04 15:04:00,860,860,860,860,0
2022-11-04 15:05:00,860,860,860,860,0
2022-11-04 15:06:00,860,860,860,860,0
2022-11-04 15:07:00,860,860,860,860,0
2022-11-04 15:08:00,860,860,860,860,0
2022-11-04 15:09:00,860,860,860,860,0
2022-11-04 15:10:00,860,860,860,860,0
2022-11-04 15:11:00,860,860,860,860,0
2022-11-04 15:12:00,860,860,860,860,0
2022-11-04 15:13:00,860,860,860,860,0
2022-11-04 15:14:00,860,860,860,860,0
2022-11-04 15:15:00,860,860,860,860,0
2022-11-04 15:16:00,860,860,860,860,0
2022-11-04 15:17:00,860,860,860,860,0
2022-11-04 15:18:00,860,860,860,860,0
2022-11-04 15:19:00,860,860,860,860,0
2022-11-04 15:20:00,860,860,860,860,0
2022-11-04 15:21:00,860,860,860,860,0
2022-11-04 15:22:00,860,860,860,860,0
2022-11-04 15:23:00,860,860,860,860,0
2022-11-04 15:24:00,860,860,860,860,0
2022-11-04 15:25:00,860,860,860,860,0
2022-11-04 15:26:00,860,860,860,860,0
2022-11-04 15:27:00,860,860,860,860,0
2022-11-04 15:28:00,860,860,860,860,0
2022-11-04 15:29:00,860,860,860,860,0
2022-11-04 15:30:00,860,860,860,860,0
2022-11-04 15:31:00,860,860,860,860,0
2022-11-04 15:32:00,860,860,860,860,0
2022-11-04 15:33:00,860,860,860,860,0
2022-11-04 15:34:00,860,860,860,860,0
2022-11-04 15:35:00,860,860,860,860,0
2022-11-04 15:36:00,860,860,860,860,0
2022-11-04 15:37:00,860,860,860,860,0
2022-11-04 15:38:00,860,860,860,860,0
2022-11-04 15:39:00,860,860,860,860,0
2022-11-04 15:40:00,860,860,860,860,0
2022-11-04 15:41:00,860,860,860,860,0
2022-11-04 15:42:00,860,860,860,860,0
2022-11-04 15:43:00,860,860,860,860,0
2022-11-04 15:44:00,860,860,860,860,0
2022-11-04 15:45:00,860,860,860,860,0
2022-11-04 15:46:00,860,860,860,860,0
2022-11-04 15:47:00,860,860,860,860,0
2022-11-04 15:48:00,860,860,860,860,0
2022-11-04 15:49:00,860,860,860,860,0
2022-11-04 15:50:00,860,860,860,860,0
2022-11-04 15:51:00,860,860,860,860,0
2022-11-04 15:52:00,860,860,860,860,0
2022-11-04 15:53:00,860,860,860,860,0
2022-11-04 15:54:00,860,860,860,860,0
2022-11-04 15:55:00,860,860,860,860,0
2022-11-04 15:56:00,860,860,860,860,0
2022-11-04 15:57:00,860,860,860,860,0
2022-11-04 15:58:00,860,860,860,860,0
2022-11-04 15:59:00,860,860,860,860,0
2022-11-07 09:00:00,840,840,840,840,0
2022-11-07 09:01:00,840,840,840,840,0
2022-11-07 09:02:00,840,840,840,840,0
2022-11-07 09:03:00,840,840,840,840,0
2022-11-07 09:04:00,840,840,840,840,0
2022-11-07 09:05:00,840,840,840,840,0
2022-11-07 09:06:00,840,840,840,840,0
2022-11-07 09:07:00,840,840,840,840,0
2022-11-07 09:08:00,840,840,840,840,0
2022-11-07 09:09:00,840,840,840,840,0
2022-11-07 09:10:00,840,840,840,840,0
2022-11-07 09:11:00,840,840,840,840,0
2022-11-07 09:12:00,840,840,840,840,0
2022-11-07 09:13:00,840,840,840,840,0
2022-11-07 09:14:00,840,840,840,840,0
2022-11-07 09:15:00,840,840,840,840,0
2022-11-07 09:16:00,840,840,840,840,0
2022-11-07 09:17:00,840,840,840,840,0
2022-11-07 09:18:00,840,840,840,840,0
2022-11-07 09:19:00,840,840,840,840,0
2022-11-07 09:20:00,840,840,840,840,0
2022-11-07 09:21:00,840,840,840,840,0
2022-11-07 09:22:00,840,840,840,840,0
2022-11-07 09:23:00,840,840,840,840,0
2022-11-07 09:24:00,840,840,840,840,0
2022-11-07 09:25:00,840,840,840,840,0
2022-11-07 09:26:00,840,840,840,840,0
2022-11-07 09:27:00,840,840,840,840,0
2022-11-07 09:28:00,840,840,840,840,0
2022-11-07 09:29:00,840,840,840,840,0
2022-11-07 09:30:00,840,840,840,840,0
2022-11-07 09:31:00,840,840,840,840,0
2022-11-07 09:32:00,840,840,840,840,0
2022-11-07 09:33:00,840,840,840,840,0
2022-11-07 09:34:00,840,840,840,840,0
2022-11-07 09:35:00,840,840,840,840,0
2022-11-07 09:36:00,840,840,840,840,0
2022-11-07 09:37:00,840,840,840,840,0
2022-11-07 09:38:00,840,840,840,840,0
2022-11-07 09:39:00,840,840,840,840,0
2022-11-07 09:40:00,840,840,840,840,0
2022-11-07 09:41:00,840,840,840,840,0
2022-11-07 09:42:00,840,840,840,840,0
2022-11-07 09:43:00,840,840,840,840,0
2022-11-07 09:44:00,840,840,840,840,0
2022-11-07 09:45:00,840,840,840,840,0
2022-11-07 09:46:00,840,840,840,840,0
2022-11-07 09:47:00,840,840,840,840,0
2022-11-07 09:48:00,840,840,840,840,0
2022-11-07 09:49:00,840,840,840,840,0
2022-11-07 09:50:00,840,840,840,840,0
2022-11-07 09:51:00,840,840,840,840,0
2022-11-07 09:52:00,840,840,840,840,0
2022-11-07 09:53:00,840,840,840,840,0
2022-11-07 09:54:00,840,840,840,840,0
2022-11-07 09:55:00,840,840,840,840,0
2022-11-07 09:56:00,840,840,840,840,0
2022-11-07 09:57:00,840,840,840,840,0
2022-11-07 09:58:00,840,840,840,840,0
2022-11-07 09:59:00,840,840,840,840,0
2022-11-07 10:00:00,840,840,840,840,0
2022-11-07 10:01:00,840,840,840,840,0
2022-11-07 10:02:00,840,840,840,840,0
2022-11-07 10:03:00,840,840,840,840,0
2022-11-07 10:04:00,840,840,840,840,0
2022-11-07 10:05:00,840,840,840,840,0
2022-11-07 10:06:00,840,840,840,840,0
2022-11-07 10:07:00,840,840,840,840,0
2022-11-07 10:08:00,840,840,840,840,0
2022-11-07 10:09:00,840,840,840,840,0
2022-11-07 10:10:00,840,840,840,840,0
2022-11-07 10:11:00,840,840,840,840,0
2022-11-07 10:12:00,840,840,840,840,0
2022-11-07 10:13:00,840,840,840,840,0
2022-11-07 10:14:00,840,840,840,840,0
2022-11-07 10:15:00,840,840,840,840,0
2022-11-07 10:16:00,840,840,840,840,0
2022-11-07 10:17:00,840,840,840,840,0
2022-11-07 10:18:00,840,840,840,840,0
2022-11-07 10:19:00,840,840,840,840,0
2022-11-07 10:20:00,840,840,840,840,0
2022-11-07 10:21:00,840,840,840,840,0
2022-11-07 10:22:00,840,840,840,840,0
2022-11-07 10:23:00,840,840,840,840,0
2022-11-07 10:24:00,840,840,840,840,0
2022-11-07 10:25:00,840,840,840,840,0
2022-11-07 10:26:00,840,840,840,840,0
2022-11-07 10:27:00,840,840,840,840,0
2022-11-07 10:28:00,840,840,840,840,0
2022-11-07 10:29:00,840,840,840,840,0
2022-11-07 10:30:00,840,840,840,840,0
2022-11-07 10:31:00,840,840,840,840,0
2022-11-07 10:32:00,840,840,840,840,0
2022-11-07 10:33:00,840,840,840,840,0
2022-11-07 10:34:00,840,840,840,840,0
2022-11-07 10:35:00,840,840,840,840,0
2022-11-07 10:36:00,840,840,840,840,0
2022-11-07 10:37:00,840,840,840,840,0
2022-11-07 10:38:00,840,840,840,840,0
2022-11-07 10:39:00,840,840,840,840,0
2022-11-07 10:40:00,840,840,840,840,0
2022-11-07 10:41:00,840,840,840,840,0
2022-11-07 10:42:00,840,840,840,840,0
2022-11-07 10:43:00,840,840,840,840,0
2022-11-07 10:44:00,840,840,840,840,0
2022-11-07 10:45:00,840,840,840,840,0
2022-11-07 10:46:00,840,840,840,840,0
2022-11-07 10:47:00,840,840,840,840,0
2022-11-07 10:48:00,840,840,840,840,0
2022-11-07 10:49:00,840,840,840,840,0
2022-11-07 10:50:00,840,840,840,840,0
2022-11-07 10:51:00,840,840,840,840,0
2022-11-07 10:52:00,840,840,840,840,0
2022-11-07 10:53:00,840,840,840,840,0
2022-11-07 10:54:00,840,840,840,840,0
2022-11-07 10:55:00,840,840,840,840,0
2022-11-07 10:56:00,840,840,840,840,0
2022-11-07 10:57:00,840,840,840,840,0
2022-11-07 10:58:00,840,840,840,840,0
2022-11-07 10:59:00,840,840,840,840,0
2022-11-07 11:00:00,840,840,840,840,0
2022-11-07 11:01:00,840,840,840,840,0
2022-11-07 11:02:00,840,840,840,840,0
2022-11-07 11:03:00,840,840,840,840,0
2022-11-07 11:04:00,840,840,840,840,0
2022-11-07 11:05:00,840,840,840,840,0
2022-11-07 11:06:00,840,840,840,840,0
2022-11-07 11:07:00,840,840,840,840,0
2022-11-07 11:08:00,840,840,840,840,0
2022-11-07 11:09:00,840,840,840,840,0
2022-11-07 11:10:00,840,840,840,840,0
2022-11-07 11:11:00,840,840,840,840,0
2022-11-07 11:12:00,840,840,840,840,0
2022-11-07 11:13:00,840,840,840,840,0
2022-11-07 11:14:00,840,840,840,840,0
2022-11-07 11:15:00,840,840,840,840,0
2022-11-07 11:16:00,840,840,840,840,0
2022-11-07 11:17:00,840,840,840,840,0
2022-11-07 11:18:00,840,840,840,840,0
2022-11-07 11:19:00,840,840,840,840,0
2022-11-07 11:20:00,840,840,840,840,0
2022-11-07 11:21:00,840,840,840,840,0
2022-11-07 11:22:00,840,840,840,840,0
2022-11-07 11:23:00,840,840,840,840,0
2022-11-07 11:24:00,840,840,840,840,0
2022-11-07 11:25:00,840,840,840,840,0
2022-11-07 11:26:00,840,840,840,840,0
2022-11-07 11:27:00,840,840,840,840,0
2022-11-07 11:28:00,840,840,840,840,0
2022-11-07 11:29:00,840,840,840,840,0
2022-11-07 11:30:00,840,840,840,840,0
2022-11-07 11:31:00,840,840,840,840,0
2022-11-07 11:32:00,840,840,840,840,0
2022-11-07 11:33:00,840,840,840,840,0
2022-11-07 11:34:00,840,840,840,840,0
2022-11-07 11:35:00,840,840,840,840,0
2022-11-07 11:36:00,840,840,840,840,0
2022-11-07 11:37:00,840,840,840,840,0
2022-11-07 11:38:00,840,840,840,840,0
2022-11-07 11:39:00,840,840,840,840,0
2022-11-07 11:40:00,840,840,840,840,0
2022-11-07 11:41:00,840,840,840,840,0
2022-11-07 11:42:00,840,840,840,840,0
2022-11-07 11:43:00,840,840,840,840,0
2022-11-07 11:44:00,840,840,840,840,0
2022-11-07 11:45:00,840,840,840,840,0
2022-11-07 11:46:00,840,840,840,840,0
2022-11-07 11:47:00,840,840,840,840,0
2022-11-07 11:48:00,840,840,840,840,0
2022-11-07 11:49:00,840,840,840,840,0
2022-11-07 11:50:00,840,840,840,840,0
2022-11-07 11:51:00,840,840,840,840,0
2022-11-07 11:52:00,840,840,840,840,0
2022-11-07 11:53:00,840,840,840,840,0
2022-11-07 11:54:00,840,840,840,840,0
2022-11-07 11:55:00,840,840,840,840,0
2022-11-07 11:56:00,840,840,840,840,0
2022-11-07 11:57:00,840,840,840,840,0
2022-11-07 11:58:00,840,840,840,840,0
2022-11-07 11:59:00,840,840,840,840,0
2022-11-07 12:00:00,840,840,840,840,0
2022-11-07 12:01:00,840,840,840,840,0
2022-11-07 12:02:00,840,840,840,840,0
2022-11-07 12:03:00,840,840,840,840,0
2022-11-07 12:04:00,840,840,840,840,0
2022-11-07 12:05:00,840,840,840,840,0
2022-11-07 12:06:00,840,840,840,840,0
2022-11-07 12:07:00,840,840,840,840,0
2022-11-07 12:08:00,840,840,840,840,0
2022-11-07 12:09:00,840,840,840,840,0
2022-11-07 12:10:00,840,840,840,840,0
2022-11-07 12:11:00,840,840,840,840,0
2022-11-07 12:12:00,840,840,840,840,0
2022-11-07 12:13:00,840,840,840,840,0
2022-11-07 12:14:00,840,840,840,840,0
2022-11-07 12:15:00,840,840,840,840,0
2022-11-07 12:16:00,840,840,840,840,0
2022-11-07 12:17:00,840,840,840,840,0
2022-11-07 12:18:00,840,840,840,840,0
2022-11-07 12:19:00,840,840,840,840,0
2022-11-07 12:20:00,840,840,840,840,0
2022-11-07 12:21:00,840,840,840,840,0
2022-11-07 12:22:00,840,840,840,840,0
2022-11-07 12:23:00,840,840,840,840,0
2022-11-07 12:24:00,840,840,840,840,0
2022-11-07 12:25:00,840,840,840,840,0
2022-11-07 12:26:00,840,840,840,840,0
2022-11-07 12:27:00,840,840,840,840,0
2022-11-07 12:28:00,840,840,840,840,0
2022-11-07 12:29:00,840,840,840,840,0
2022-11-07 12:30:00,840,840,840,840,0
2022-11-07 12:31:00,840,840,840,840,0
2022-11-07 12:32:00,840,840,840,840,0
2022-11-07 12:33:00,840,840,840,840,0
2022-11-07 12:34:00,840,840,840,840,0
2022-11-07 12:35:00,840,840,840,840,0
2022-11-07 12:36:00,840,840,840,840,0
2022-11-07 12:37:00,840,840,840,840,0
2022-11-07 12:38:00,840,840,840,840,0
2022-11-07 12:39:00,840,840,840,840,0
2022-11-07 12:40:00,840,840,840,840,0
2022-11-07 12:41:00,840,840,840,840,0
2022-11-07 12:42:00,840,840,840,840,0
2022-11-07 12:43:00,840,840,840,840,0
2022-11-07 12:44:00,840,840,840,840,0
2022-11-07 12:45:00,840,840,840,840,0
2022-11-07 12:46:00,840,840,840,840,0
2022-11-07 12:47:00,840,840,840,840,0
2022-11-07 12:48:00,840,840,840,840,0
2022-11-07 12:49:00,840,840,840,840,0
2022-11-07 12:50:00,840,840,840,840,0
2022-11-07 12:51:00,840,840,840,840,0
2022-11-07 12:52:00,840,840,840,840,0
2022-11-07 12:53:00,840,840,840,840,0
2022-11-07 12:54:00,840,840,840,840,0
2022-11-07 12:55:00,840,840,840,840,0
2022-11-07 12:56:00,840,840,840,840,0
2022-11-07 12:57:00,840,840,840,840,0
2022-11-07 12:58:00,840,840,840,840,0
2022-11-07 12:59:00,840,840,840,840,0
2022-11-07 13:00:00,840,840,840,840,0
2022-11-07 13:01:00,840,840,840,840,0
2022-11-07 13:02:00,840,840,840,840,0
2022-11-07 13:03:00,840,840,840,840,0
2022-11-07 13:04:00,840,840,840,840,0
2022-11-07 13:05:00,840,840,840,840,0
2022-11-07 13:06:00,840,840,840,840,0
2022-11-07 13:07:00,840,840,840,840,0
2022-11-07 13:08:00,840,840,840,840,0
2022-11-07 13:09:00,840,840,840,840,0
2022-11-07 13:10:00,840,840,840,840,0
2022-11-07 13:11:00,840,840,840,840,0
2022-11-07 13:12:00,840,840,840,840,0
2022-11-07 13:13:00,840,840,840,840,0
2022-11-07 13:14:00,840,840,840,840,0
2022-11-07 13:15:00,840,840,840,840,0
2022-11-07 13:16:00,840,840,840,840,0
2022-11-07 13:17:00,840,840,840,840,0
2022-11-07 13:18:00,840,840,840,840,0
2022-11-07 13:19:00,840,840,840,840,0
2022-11-07 13:20:00,840,840,840,840,0
2022-11-07 13:21:00,840,840,840,840,0
2022-11-07 13:22:00,840,840,840,840,0
2022-11-07 13:23:00,840,840,840,840,0
2022-11-07 13:24:00,840,840,840,840,0
2022-11-07 13:25:00,840,840,840,840,0
2022-11-07 13:26:00,840,840,840,840,0
2022-11-07 13:27:00,840,840,840,840,0
2022-11-07 13:28:00,840,840,840,840,0
2022-11-07 13:29:00,840,840,840,840,0
2022-11-07 13:30:00,840,840,840,840,0
2022-11-07 13:31:00,840,840,840,840,0
2022-11-07 13:32:00,840,840,840,840,0
2022-11-07 13:33:00,840,840,840,840,0
2022-11-07 13:34:00,840,840,840,840,0
2022-11-07 13:35:00,840,840,840,840,0
2022-11-07 13:36:00,840,840,840,840,0
2022-11-07 13:37:00,840,840,840,840,0
2022-11-07 13:38:00,840,840,840,840,0
2022-11-07 13:39:00,840,840,840,840,0
2022-11-07 13:40:00,840,840,840,840,0
2022-11-07 13:41:00,840,840,840,840,0
2022-11-07 13:42:00,840,840,840,840,0
2022-11-07 13:43:00,840,840,840,840,0
2022-11-07 13:44:00,840,840,840,840,0
2022-11-07 13:45:00,840,840,840,840,0
2022-11-07 13:46:00,840,840,840,840,0
2022-11-07 13:47:00,840,840,840,840,0
2022-11-07 13:48:00,840,840,840,840,0
2022-11-07 13:49:00,840,840,840,840,0
2022-11-07 13:50:00,840,840,840,840,0
2022-11-07 13:51:00,840,840,840,840,0
2022-11-07 13:52:00,840,840,840,840,0
2022-11-07 13:53:00,840,840,840,840,0
2022-11-07 13:54:00,840,840,840,840,0
2022-11-07 13:55:00,840,840,840,840,0
2022-11-07 13:56:00,840,840,840,840,0
2022-11-07 13:57:00,840,840,840,840,0
2022-11-07 13:58:00,840,840,840,840,0
2022-11-07 13:59:00,840,840,840,840,0
2022-11-07 14:00:00,840,840,840,840,0
2022-11-07 14:01:00,840,840,840,840,0
2022-11-07 14:02:00,840,840,840,840,0
2022-11-07 14:03:00,840,840,840,840,0
2022-11-07 14:04:00,840,840,840,840,0
2022-11-07 14:05:00,840,840,840,840,0
2022-11-07 14:06:00,840,840,840,840,0
2022-11-07 14:07:00,840,840,840,840,0
2022-11-07 14:08:00,840,840,840,840,0
2022-11-07 14:09:00,840,840,840,840,0
2022-11-07 14:10:00,840,840,840,840,0
2022-11-07 14:11:00,840,840,840,840,0
2022-11-07 14:12:00,840,840,840,840,0
2022-11-07 14:13:00,840,840,840,840,0
2022-11-07 14:14:00,840,840,840,840,0
2022-11-07 14:15:00,840,840,840,840,0
2022-11-07 14:16:00,840,840,840,840,0
2022-11-07 14:17:00,840,840,840,840,0
2022-11-07 14:18:00,840,840,840,840,0
2022-11-07 14:19:00,840,840,840,840,0
2022-11-07 14:20:00,840,840,840,840,0
2022-11-07 14:21:00,840,840,840,840,0
2022-11-07 14:22:00,840,840,840,840,0
2022-11-07 14:23:00,840,840,840,840,0
2022-11-07 14:24:00,840,840,840,840,0
2022-11-07 14:25:00,840,840,840,840,0
2022-11-07 14:26:00,840,840,840,840,0
2022-11-07 14:27:00,840,840,840,840,0
2022-11-07 14:28:00,840,840,840,840,0
2022-11-07 14:29:00,840,840,840,840,0
2022-11-07 14:30:00,840,840,840,840,0
2022-11-07 14:31:00,840,840,840,840,0
2022-11-07 14:32:00,840,840,840,840,0
2022-11-07 14:33:00,840,840,840,840,0
2022-11-07 14:34:00,840,840,840,840,0
2022-11-07 14:35:00,840,840,840,840,0
2022-11-07 14:36:00,840,840,840,840,0
2022-11-07 14:37:00,840,840,840,840,0
2022-11-07 14:38:00,840,840,840,840,0
2022-11-07 14:39:00,840,840,840,840,0
2022-11-07 14:40:00,840,840,840,840,0
2022-11-07 14:41:00,840,840,840,840,0
2022-11-07 14:42:00,840,840,840,840,0
2022-11-07 14:43:00,840,840,840,840,0
2022-11-07 14:44:00,840,840,840,840,0
2022-11-07 14:45:00,840,840,840,840,0
2022-11-07 14:46:00,840,840,840,840,0
2022-11-07 14:47:00,840,840,840,840,0
2022-11-07 14:48:00,840,840,840,840,0
2022-11-07 14:49:00,840,840,840,840,0
2022-11-07 14:50:00,840,840,840,840,0
2022-11-07 14:51:00,840,840,840,840,0
2022-11-07 14:52:00,840,840,840,840,0
2022-11-07 14:53:00,840,840,840,840,0
2022-11-07 14:54:00,840,840,840,840,0
2022-11-07 14:55:00,840,840,840,840,0
2022-11-07 14:56:00,840,840,840,840,0
2022-11-07 14:57:00,840,840,840,840,0
2022-11-07 14:58:00,840,840,840,840,0
2022-11-07 14:59:00,840,840,840,840,0
2022-11-07 15:00:00,840,840,840,840,0
2022-11-07 15:01:00,840,840,840,840,0
2022-11-07 15:02:00,840,840,840,840,0
2022-11-07 15:03:00,840,840,840,840,0
2022-11-07 15:04:00,840,840,840,840,0
2022-11-07 15:05:00,840,840,840,840,0
2022-11-07 15:06:00,840,840,840,840,0
2022-11-07 15:07:00,840,840,840,840,0
2022-11-07 15:08:00,840,840,840,840,0
2022-11-07 15:09:00,840,840,840,840,0
2022-11-07 15:10:00,840,840,840,840,0
2022-11-07 15:11:00,840,840,840,840,0
2022-11-07 15:12:00,840,840,840,840,0
2022-11-07 15:13:00,840,840,840,840,0
2022-11-07 15:14:00,840,840,840,840,0
2022-11-07 15:15:00,840,840,840,840,0
2022-11-07 15:16:00,840,840,840,840,0
2022-11-07 15:17:00,840,840,840,840,0
2022-11-07 15:18:00,840,840,840,840,0
2022-11-07 15:19:00,840,840,840,840,0
2022-11-07 15:20:00,840,840,840,840,0
2022-11-07 15:21:00,840,840,840,840,0
2022-11-07 15:22:00,840,840,840,840,0
2022-11-07 15:23:00,840,840,840,840,0
2022-11-07 15:24:00,840,840,840,840,0
2022-11-07 15:25:00,840,840,840,840,0
2022-11-07 15:26:00,840,840,840,840,0
2022-11-07 15:27:00,840,840,840,840,0
2022-11-07 15:28:00,840,840,840,840,0
2022-11-07 15:29:00,840,840,840,840,0
2022-11-07 15:30:00,840,840,840,840,0
2022-11-07 15:31:00,840,840,840,840,0
2022-11-07 15:32:00,840,840,840,840,0
2022-11-07 15:33:00,840,840,840,840,0
2022-11-07 15:34:00,840,840,840,840,0
2022-11-07 15:35:00,840,840,840,840,0
2022-11-07 15:36:00,840,840,840,840,0
2022-11-07 15:37:00,840,840,840,840,0
2022-11-07 15:38:00,840,840,840,840,0
2022-11-07 15:39:00,840,840,840,840,0
2022-11-07 15:40:00,840,840,840,840,0
2022-11-07 15:41:00,840,840,840,840,0
2022-11-07 15:42:00,840,840,840,840,0
2022-11-07 15:43:00,840,840,840,840,0
2022-11-07 15:44:00,840,840,840,840,0
2022-11-07 15:45:00,840,840,840,840,0
2022-11-07 15:46:00,840,840,840,840,0
2022-11-07 15:47:00,840,840,840,840,0
2022-11-07 15:48:00,840,840,840,840,0
2022-11-07 15:49:00,840,840,840,840,0
2022-11-07 15:50:00,840,840,840,840,0
2022-11-07 15:51:00,840,840,840,840,0
2022-11-07 15:52:00,840,840,840,840,0
2022-11-07 15:53:00,840,840,840,840,0
2022-11-07 15:54:00,840,840,840,840,0
2022-11-07 15:55:00,840,840,840,840,0
2022-11-07 15:56:00,840,840,840,840,0
2022-11-07 15:57:00,840,840,840,840,0
2022-11-07 15:58:00,840,840,840,840,0
2022-11-07 15:59:00,840,840,840,840,0
2022-11-08 09:00:00,840,840,840,840,0
2022-11-08 09:01:00,840,840,840,840,0
2022-11-08 09:02:00,840,840,840,840,0
2022-11-08 09:03:00,840,840,840,840,0
2022-11-08 09:04:00,840,840,840,840,0
2022-11-08 09:05:00,840,840,840,840,0
2022-11-08 09:06:00,840,840,840,840,0
2022-11-08 09:07:00,840,840,840,840,0
2022-11-08 09:08:00,840,840,840,840,0
2022-11-08 09:09:00,840,840,840,840,0
2022-11-08 09:10:00,840,840,840,840,0
2022-11-08 09:11:00,840,840,840,840,0
2022-11-08 09:12:00,840,840,840,840,0
2022-11-08 09:13:00,840,840,840,840,0
2022-11-08 09:14:00,840,840,840,840,0
2022-11-08 09:15:00,840,840,840,840,0
2022-11-08 09:16:00,840,840,840,840,0
2022-11-08 09:17:00,840,840,840,840,0
2022-11-08 09:18:00,840,840,840,840,0
2022-11-08 09:19:00,840,840,840,840,0
2022-11-08 09:20:00,840,840,840,840,0
2022-11-08 09:21:00,840,840,840,840,0
2022-11-08 09:22:00,840,840,840,840,0
2022-11-08 09:23:00,840,840,840,840,0
2022-11-08 09:24:00,840,840,840,840,0
2022-11-08 09:25:00,840,840,840,840,0
2022-11-08 09:26:00,840,840,840,840,0
2022-11-08 09:27:00,840,840,840,840,0
2022-11-08 09:28:00,840,840,840,840,0
2022-11-08 09:29:00,840,840,840,840,0
2022-11-08 09:30:00,840,840,840,840,0
2022-11-08 09:31:00,840,840,840,840,0
2022-11-08 09:32:00,840,840,840,840,0
2022-11-08 09:33:00,840,840,840,840,0
2022-11-08 09:34:00,840,840,840,840,0
2022-11-08 09:35:00,840,840,840,840,0
2022-11-08 09:36:00,840,840,840,840,0
2022-11-08 09:37:00,840,840,840,840,0
2022-11-08 09:38:00,840,840,840,840,0
2022-11-08 09:39:00,840,840,840,840,0
2022-11-08 09:40:00,840,840,840,840,0
2022-11-08 09:41:00,840,840,840,840,0
2022-11-08 09:42:00,840,840,840,840,0
2022-11-08 09:43:00,840,840,840,840,0
2022-11-08 09:44:00,840,840,840,840,0
2022-11-08 09:45:00,840,840,840,840,0
2022-11-08 09:46:00,840,840,840,840,0
2022-11-08 09:47:00,840,840,840,840,0
2022-11-08 09:48:00,840,840,840,840,0
2022-11-08 09:49:00,840,840,840,840,0
2022-11-08 09:50:00,840,840,840,840,0
2022-11-08 09:51:00,840,840,840,840,0
2022-11-08 09:52:00,840,840,840,840,0
2022-11-08 09:53:00,840,840,840,840,0
2022-11-08 09:54:00,840,840,840,840,0
2022-11-08 09:55:00,840,840,840,840,0
2022-11-08 09:56:00,840,840,840,840,0
2022-11-08 09:57:00,840,840,840,840,0
2022-11-08 09:58:00,840,840,840,840,0
2022-11-08 09:59:00,840,840,840,840,0
2022-11-08 10:00:00,840,840,840,840,0
2022-11-08 10:01:00,840,840,840,840,0
2022-11-08 10:02:00,840,840,840,840,0
2022-11-08 10:03:00,840,840,840,840,0
2022-11-08 10:04:00,840,840,840,840,0
2022-11-08 10:05:00,840,840,840,840,0
2022-11-08 10:06:00,840,840,840,840,0
2022-11-08 10:07:00,840,840,840,840,0
2022-11-08 10:08:00,840,840,840,840,0
2022-11-08 10:09:00,840,840,840,840,0
2022-11-08 10:10:00,840,840,840,840,0
2022-11-08 10:11:00,840,840,840,840,0
2022-11-08 10:12:00,840,840,840,840,0
2022-11-08 10:13:00,840,840,840,840,0
2022-11-08 10:14:00,840,840,840,840,0
2022-11-08 10:15:00,840,840,840,840,0
2022-11-08 10:16:00,840,840,840,840,0
2022-11-08 10:17:00,840,840,840,840,0
2022-11-08 10:18:00,840,840,840,840,0
2022-11-08 10:19:00,840,840,840,840,0
2022-11-08 10:20:00,840,840,840,840,0
2022-11-08 10:21:00,840,840,840,840,0
2022-11-08 10:22:00,840,840,840,840,0
2022-11-08 10:23:00,840,840,840,840,0
2022-11-08 10:24:00,840,840,840,840,0
2022-11-08 10:25:00,840,840,840,840,0
2022-11-08 10:26:00,840,840,840,840,0
2022-11-08 10:27:00,840,840,840,840,0
2022-11-08 10:28:00,840,840,840,840,0
2022-11-08 10:29:00,840,840,840,840,0
2022-11-08 10:30:00,840,840,840,840,0
2022-11-08 10:31:00,840,840,840,840,0
2022-11-08 10:32:00,840,840,840,840,0
2022-11-08 10:33:00,840,840,840,840,0
2022-11-08 10:34:00,840,840,840,840,0
2022-11-08 10:35:00,840,840,840,840,0
2022-11-08 10:36:00,840,840,840,840,0
2022-11-08 10:37:00,840,840,840,840,0
2022-11-08 10:38:00,840,840,840,840,0
2022-11-08 10:39:00,840,840,840,840,0
2022-11-08 10:40:00,840,840,840,840,0
2022-11-08 10:41:00,840,840,840,840,0
2022-11-08 10:42:00,840,840,840,840,0
2022-11-08 10:43:00,840,840,840,840,0
2022-11-08 10:44:00,840,840,840,840,0
2022-11-08 10:45:00,840,840,840,840,0
2022-11-08 10:46:00,840,840,840,840,0
2022-11-08 10:47:00,840,840,840,840,0
2022-11-08 10:48:00,840,840,840,840,0
2022-11-08 10:49:00,840,840,840,840,0
2022-11-08 10:50:00,840,840,840,840,0
2022-11-08 10:51:00,840,840,840,840,0
2022-11-08 10:52:00,840,840,840,840,0
2022-11-08 10:53:00,840,840,840,840,0
2022-11-08 10:54:00,840,840,840,840,0
2022-11-08 10:55:00,840,840,840,840,0
2022-11-08 10:56:00,840,840,840,840,0
2022-11-08 10:57:00,840,840,840,840,0
2022-11-08 10:58:00,840,840,840,840,0
2022-11-08 10:59:00,840,840,840,840,0
2022-11-08 11:00:00,840,840,840,840,0
2022-11-08 11:01:00,840,840,840,840,0
2022-11-08 11:02:00,840,840,840,840,0
2022-11-08 11:03:00,840,840,840,840,0
2022-11-08 11:04:00,840,840,840,840,0
2022-11-08 11:05:00,840,840,840,840,0
2022-11-08 11:06:00,840,840,840,840,0
2022-11-08 11:07:00,840,840,840,840,0
2022-11-08 11:08:00,840,840,840,840,0
2022-11-08 11:09:00,840,840,840,840,0
2022-11-08 11:10:00,840,840,840,840,0
2022-11-08 11:11:00,840,840,840,840,0
2022-11-08 11:12:00,840,840,840,840,0
2022-11-08 11:13:00,840,840,840,840,0
2022-11-08 11:14:00,840,840,840,840,0
2022-11-08 11:15:00,840,840,840,840,0
2022-11-08 11:16:00,840,840,840,840,0
2022-11-08 11:17:00,840,840,840,840,0
2022-11-08 11:18:00,840,840,840,840,0
2022-11-08 11:19:00,840,840,840,840,0
2022-11-08 11:20:00,840,840,840,840,0
2022-11-08 11:21:00,840,840,840,840,0
2022-11-08 11:22:00,840,840,840,840,0
2022-11-08 11:23:00,840,840,840,840,0
2022-11-08 11:24:00,840,840,840,840,0
2022-11-08 11:25:00,840,840,840,840,0
2022-11-08 11:26:00,840,840,840,840,0
2022-11-08 11:27:00,840,840,840,840,0
2022-11-08 11:28:00,840,840,840,840,0
2022-11-08 11:29:00,840,840,840,840,0
2022-11-08 11:30:00,840,840,840,840,0
2022-11-08 11:31:00,840,840,840,840,0
2022-11-08 11:32:00,840,840,840,840,0
2022-11-08 11:33:00,840,840,840,840,0
2022-11-08 11:34:00,840,840,840,840,0
2022-11-08 11:35:00,840,840,840,840,0
2022-11-08 11:36:00,840,840,840,840,0
2022-11-08 11:37:00,840,840,840,840,0
2022-11-08 11:38:00,840,840,840,840,0
2022-11-08 11:39:00,840,840,840,840,0
2022-11-08 11:40:00,840,840,840,840,0
2022-11-08 11:41:00,840,840,840,840,0
2022-11-08 11:42:00,840,840,840,840,0
2022-11-08 11:43:00,840,840,840,840,0
2022-11-08 11:44:00,840,840,840,840,0
2022-11-08 11:45:00,840,840,840,840,0
2022-11-08 11:46:00,840,840,840,840,0
2022-11-08 11:47:00,840,840,840,840,0
2022-11-08 11:48:00,840,840,840,840,0
2022-11-08 11:49:00,840,840,840,840,0
2022-11-08 11:50:00,840,840,840,840,0
2022-11-08 11:51:00,840,840,840,840,0
2022-11-08 11:52:00,840,840,840,840,0
2022-11-08 11:53:00,840,840,840,840,0
2022-11-08 11:54:00,840,840,840,840,0
2022-11-08 11:55:00,840,840,840,840,0
2022-11-08 11:56:00,840,840,840,840,0
2022-11-08 11:57:00,840,840,840,840,0
2022-11-08 11:58:00,840,840,840,840,0
2022-11-08 11:59:00,840,840,840,840,0
2022-11-08 12:00:00,840,840,840,840,0
2022-11-08 12:01:00,840,840,840,840,0
2022-11-08 12:02:00,840,840,840,840,0
2022-11-08 12:03:00,840,840,840,840,0
2022-11-08 12:04:00,840,840,840,840,0
2022-11-08 12:05:00,840,840,840,840,0
2022-11-08 12:06:00,840,840,840,840,0
2022-11-08 12:07:00,840,840,840,840,0
2022-11-08 12:08:00,840,840,840,840,0
2022-11-08 12:09:00,840,840,840,840,0
2022-11-08 12:10:00,840,840,840,840,0
2022-11-08 12:11:00,840,840,840,840,0
2022-11-08 12:12:00,840,840,840,840,0
2022-11-08 12:13:00,840,840,840,840,0
2022-11-08 12:14:00,840,840,840,840,0
2022-11-08 12:15:00,840,840,840,840,0
2022-11-08 12:16:00,840,840,840,840,0
2022-11-08 12:17:00,840,840,840,840,0
2022-11-08 12:18:00,840,840,840,840,0
2022-11-08 12:19:00,840,840,840,840,0
2022-11-08 12:20:00,840,840,840,840,0
2022-11-08 12:21:00,840,840,840,840,0
2022-11-08 12:22:00,840,840,840,840,0
2022-11-08 12:23:00,840,840,840,840,0
2022-11-08 12:24:00,840,840,840,840,0
2022-11-08 12:25:00,840,840,840,840,0
2022-11-08 12:26:00,840,840,840,840,0
2022-11-08 12:27:00,840,840,840,840,0
2022-11-08 12:28:00,840,840,840,840,0
2022-11-08 12:29:00,840,840,840,840,0
2022-11-08 12:30:00,840,840,840,840,0
2022-11-08 12:31:00,840,840,840,840,0
2022-11-08 12:32:00,840,840,840,840,0
2022-11-08 12:33:00,840,840,840,840,0
2022-11-08 12:34:00,840,840,840,840,0
2022-11-08 12:35:00,840,840,840,840,0
2022-11-08 12:36:00,840,840,840,840,0
2022-11-08 12:37:00,840,840,840,840,0
2022-11-08 12:38:00,840,840,840,840,0
2022-11-08 12:39:00,840,840,840,840,0
2022-11-08 12:40:00,840,840,840,840,0
2022-11-08 12:41:00,840,840,840,840,0
2022-11-08 12:42:00,840,840,840,840,0
2022-11-08 12:43:00,840,840,840,840,0
2022-11-08 12:44:00,840,840,840,840,0
2022-11-08 12:45:00,840,840,840,840,0
2022-11-08 12:46:00,840,840,840,840,0
2022-11-08 12:47:00,840,840,840,840,0
2022-11-08 12:48:00,840,840,840,840,0
2022-11-08 12:49:00,840,840,840,840,0
2022-11-08 12:50:00,840,840,840,840,0
2022-11-08 12:51:00,840,840,840,840,0
2022-11-08 12:52:00,840,840,840,840,0
2022-11-08 12:53:00,840,840,840,840,0
2022-11-08 12:54:00,840,840,840,840,0
2022-11-08 12:55:00,840,840,840,840,0
2022-11-08 12:56:00,840,840,840,840,0
2022-11-08 12:57:00,840,840,840,840,0
2022-11-08 12:58:00,840,840,840,840,0
2022-11-08 12:59:00,840,840,840,840,0
2022-11-08 13:00:00,840,840,840,840,0
2022-11-08 13:01:00,840,840,840,840,0
2022-11-08 13:02:00,840,840,840,840,0
2022-11-08 13:03:00,840,840,840,840,0
2022-11-08 13:04:00,840,840,840,840,0
2022-11-08 13:05:00,840,840,840,840,0
2022-11-08 13:06:00,840,840,840,840,0
2022-11-08 13:07:00,840,840,840,840,0
2022-11-08 13:08:00,840,840,840,840,0
2022-11-08 13:09:00,840,840,840,840,0
2022-11-08 13:10:00,840,840,840,840,0
2022-11-08 13:11:00,840,840,840,840,0
2022-11-08 13:12:00,840,840,840,840,0
2022-11-08 13:13:00,840,840,840,840,0
2022-11-08 13:14:00,840,840,840,840,0
2022-11-08 13:15:00,840,840,840,840,0
2022-11-08 13:16:00,840,840,840,840,0
2022-11-08 13:17:00,840,840,840,840,0
2022-11-08 13:18:00,840,840,840,840,0
2022-11-08 13:19:00,840,840,840,840,0
2022-11-08 13:20:00,840,840,840,840,0
2022-11-08 13:21:00,840,840,840,840,0
2022-11-08 13:22:00,840,840,840,840,0
2022-11-08 13:23:00,840,840,840,840,0
2022-11-08 13:24:00,840,840,840,840,0
2022-11-08 13:25:00,840,840,840,840,0
2022-11-08 13:26:00,840,840,840,840,0
2022-11-08 13:27:00,840,840,840,840,0
2022-11-08 13:28:00,840,840,840,840,0
2022-11-08 13:29:00,840,840,840,840,0
2022-11-08 13:30:00,840,840,840,840,0
2022-11-08 13:31:00,840,840,840,840,0
2022-11-08 13:32:00,840,840,840,840,0
2022-11-08 13:33:00,840,840,840,840,0
2022-11-08 13:34:00,840,840,840,840,0
2022-11-08 13:35:00,840,840,840,840,0
2022-11-08 13:36:00,840,840,840,840,0
2022-11-08 13:37:00,840,840,840,840,0
2022-11-08 13:38:00,840,840,840,840,0
2022-11-08 13:39:00,840,840,840,840,0
2022-11-08 13:40:00,840,840,840,840,0
2022-11-08 13:41:00,840,840,840,840,0
2022-11-08 13:42:00,840,840,840,840,0
2022-11-08 13:43:00,840,840,840,840,0
2022-11-08 13:44:00,840,840,840,840,0
2022-11-08 13:45:00,840,840,840,840,0
2022-11-08 13:46:00,840,840,840,840,0
2022-11-08 13:47:00,840,840,840,840,0
2022-11-08 13:48:00,840,840,840,840,0
2022-11-08 13:49:00,840,840,840,840,0
2022-11-08 13:50:00,840,840,840,840,0
2022-11-08 13:51:00,840,840,840,840,0
2022-11-08 13:52:00,840,840,840,840,0
2022-11-08 13:53:00,840,840,840,840,0
2022-11-08 13:54:00,840,840,840,840,0
2022-11-08 13:55:00,840,840,840,840,0
2022-11-08 13:56:00,840,840,840,840,0
2022-11-08 13:57:00,840,840,840,840,0
2022-11-08 13:58:00,840,840,840,840,0
2022-11-08 13:59:00,840,840,840,840,0
2022-11-08 14:00:00,840,840,840,840,0
2022-11-08 14:01:00,840,840,840,840,0
2022-11-08 14:02:00,840,840,840,840,0
2022-11-08 14:03:00,840,840,840,840,0
2022-11-08 14:04:00,840,840,840,840,0
2022-11-08 14:05:00,840,840,840,840,0
2022-11-08 14:06:00,840,840,840,840,0
2022-11-08 14:07:00,840,840,840,840,0
2022-11-08 14:08:00,840,840,840,840,0
2022-11-08 14:09:00,840,840,840,840,0
2022-11-08 14:10:00,840,840,840,840,0
2022-11-08 14:11:00,840,840,840,840,0
2022-11-08 14:12:00,840,840,840,840,0
2022-11-08 14:13:00,840,840,840,840,0
2022-11-08 14:14:00,840,840,840,840,0
2022-11-08 14:15:00,840,840,840,840,0
2022-11-08 14:16:00,840,840,840,840,0
2022-11-08 14:17:00,840,840,840,840,0
2022-11-08 14:18:00,840,840,840,840,0
2022-11-08 14:19:00,840,840,840,840,0
2022-11-08 14:20:00,840,840,840,840,0
2022-11-08 14:21:00,840,840,840,840,0
2022-11-08 14:22:00,840,840,840,840,0
2022-11-08 14:23:00,840,840,840,840,0
2022-11-08 14:24:00,840,840,840,840,0
2022-11-08 14:25:00,840,840,840,840,0
2022-11-08 14:26:00,840,840,840,840,0
2022-11-08 14:27:00,840,840,840,840,0
2022-11-08 14:28:00,840,840,840,840,0
2022-11-08 14:29:00,840,840,840,840,0
2022-11-08 14:30:00,840,840,840,840,0
2022-11-08 14:31:00,840,840,840,840,0
2022-11-08 14:32:00,840,840,840,840,0
2022-11-08 14:33:00,840,840,840,840,0
2022-11-08 14:34:00,840,840,840,840,0
2022-11-08 14:35:00,840,840,840,840,0
2022-11-08 14:36:00,840,840,840,840,0
2022-11-08 14:37:00,840,840,840,840,0
2022-11-08 14:38:00,840,840,840,840,0
2022-11-08 14:39:00,840,840,840,840,0
2022-11-08 14:40:00,840,840,840,840,0
2022-11-08 14:41:00,840,840,840,840,0
2022-11-08 14:42:00,840,840,840,840,0
2022-11-08 14:43:00,840,840,840,840,0
2022-11-08 14:44:00,840,840,840,840,0
2022-11-08 14:45:00,840,840,840,840,0
2022-11-08 14:46:00,840,840,840,840,0
2022-11-08 14:47:00,840,840,840,840,0
2022-11-08 14:48:00,840,840,840,840,0
2022-11-08 14:49:00,840,840,840,840,0
2022-11-08 14:50:00,840,840,840,840,0
2022-11-08 14:51:00,840,840,840,840,0
2022-11-08 14:52:00,840,840,840,840,0
2022-11-08 14:53:00,840,840,840,840,0
2022-11-08 14:54:00,840,840,840,840,0
2022-11-08 14:55:00,840,840,840,840,0
2022-11-08 14:56:00,840,840,840,840,0
2022-11-08 14:57:00,840,840,840,840,0
2022-11-08 14:58:00,840,840,840,840,0
2022-11-08 14:59:00,840,840,840,840,0
2022-11-08 15:00:00,840,840,840,840,0
2022-11-08 15:01:00,840,840,840,840,0
2022-11-08 15:02:00,840,840,840,840,0
2022-11-08 15:03:00,840,840,840,840,0
2022-11-08 15:04:00,840,840,840,840,0
2022-11-08 15:05:00,840,840,840,840,0
2022-11-08 15:06:00,840,840,840,840,0
2022-11-08 15:07:00,840,840,840,840,0
2022-11-08 15:08:00,840,840,840,840,0
2022-11-08 15:09:00,840,840,840,840,0
2022-11-08 15:10:00,840,840,840,840,0
2022-11-08 15:11:00,840,840,840,840,0
2022-11-08 15:12:00,840,840,840,840,0
2022-11-08 15:13:00,840,840,840,840,0
2022-11-08 15:14:00,840,840,840,840,0
2022-11-08 15:15:00,840,840,840,840,0
2022-11-08 15:16:00,840,840,840,840,0
2022-11-08 15:17:00,840,840,840,840,0
2022-11-08 15:18:00,840,840,840,840,0
2022-11-08 15:19:00,840,840,840,840,0
2022-11-08 15:20:00,840,840,840,840,0
2022-11-08 15:21:00,840,840,840,840,0
2022-11-08 15:22:00,840,840,840,840,0
2022-11-08 15:23:00,840,840,840,840,0
2022-11-08 15:24:00,840,840,840,840,0
2022-11-08 15:25:00,840,840,840,840,0
2022-11-08 15:26:00,840,840,840,840,0
2022-11-08 15:27:00,840,840,840,840,0
2022-11-08 15:28:00,840,840,840,840,0
2022-11-08 15:29:00,840,840,840,840,0
2022-11-08 15:30:00,840,840,840,840,0
2022-11-08 15:31:00,840,840,840,840,0
2022-11-08 15:32:00,840,840,840,840,0
2022-11-08 15:33:00,840,840,840,840,0
2022-11-08 15:34:00,840,840,840,840,0
2022-11-08 15:35:00,840,840,840,840,0
2022-11-08 15:36:00,840,840,840,840,0
2022-11-08 15:37:00,840,840,840,840,0
2022-11-08 15:38:00,840,840,840,840,0
2022-11-08 15:39:00,840,840,840,840,0
2022-11-08 15:40:00,840,840,840,840,0
2022-11-08 15:41:00,840,840,840,840,0
2022-11-08 15:42:00,840,840,840,840,0
2022-11-08 15:43:00,840,840,840,840,0
2022-11-08 15:44:00,840,840,840,840,0
2022-11-08 15:45:00,840,840,840,840,0
2022-11-08 15:46:00,840,840,840,840,0
2022-11-08 15:47:00,840,840,840,840,0
2022-11-08 15:48:00,840,840,840,840,0
2022-11-08 15:49:00,840,840,840,840,0
2022-11-08 15:50:00,840,840,840,840,0
2022-11-08 15:51:00,840,840,840,840,0
2022-11-08 15:52:00,840,840,840,840,0
2022-11-08 15:53:00,840,840,840,840,0
2022-11-08 15:54:00,840,840,840,840,0
2022-11-08 15:55:00,840,840,840,840,0
2022-11-08 15:56:00,840,840,840,840,0
2022-11-08 15:57:00,840,840,840,840,0
2022-11-08 15:58:00,840,840,840,840,0
2022-11-08 15:59:00,840,840,840,840,0
2022-11-09 09:00:00,840,840,840,840,0
2022-11-09 09:01:00,840,840,840,840,0
2022-11-09 09:02:00,840,840,840,840,0
2022-11-09 09:03:00,840,815,840,815,121900
2022-11-09 09:04:00,820,820,830,830,16600
2022-11-09 09:05:00,830,830,830,830,500
2022-11-09 09:06:00,830,830,830,830,0
2022-11-09 09:07:00,830,830,830,830,0
2022-11-09 09:08:00,830,830,830,830,0
2022-11-09 09:09:00,830,830,835,835,6500
2022-11-09 09:10:00,835,835,835,835,6900
2022-11-09 09:11:00,835,835,835,835,0
2022-11-09 09:12:00,835,835,835,835,0
2022-11-09 09:13:00,830,830,830,830,20400
2022-11-09 09:14:00,830,830,830,830,1500
2022-11-09 09:15:00,830,830,830,830,600
2022-11-09 09:16:00,830,830,830,830,0
2022-11-09 09:17:00,830,815,830,815,259600
2022-11-09 09:18:00,815,815,830,815,0
2022-11-09 09:19:00,835,830,835,835,26800
2022-11-09 09:20:00,850,850,855,855,21500
2022-11-09 09:21:00,850,850,855,855,0
2022-11-09 09:22:00,825,825,825,825,2400
2022-11-09 09:23:00,850,850,850,850,0
2022-11-09 09:24:00,850,850,850,850,0
2022-11-09 09:25:00,850,850,850,850,0
2022-11-09 09:26:00,850,850,850,850,0
2022-11-09 09:27:00,850,850,850,850,0
2022-11-09 09:28:00,850,850,850,850,0
2022-11-09 09:29:00,850,850,850,850,0
2022-11-09 09:30:00,850,850,850,850,0
2022-11-09 09:31:00,850,850,850,850,0
2022-11-09 09:32:00,850,850,850,850,0
2022-11-09 09:33:00,850,850,850,850,0
2022-11-09 09:34:00,850,850,850,850,0
2022-11-09 09:35:00,850,850,850,850,0
2022-11-09 09:36:00,845,845,845,845,31000
2022-11-09 09:37:00,845,845,845,845,0
2022-11-09 09:38:00,840,835,840,835,1300
2022-11-09 09:39:00,840,840,845,845,30600
2022-11-09 09:40:00,845,840,845,840,0
2022-11-09 09:41:00,835,835,835,835,4300
2022-11-09 09:42:00,835,835,835,835,0
2022-11-09 09:43:00,835,835,835,835,0
2022-11-09 09:44:00,835,835,835,835,0
2022-11-09 09:45:00,835,835,835,835,0
2022-11-09 09:46:00,835,835,835,835,0
2022-11-09 09:47:00,835,835,835,835,15700
2022-11-09 09:48:00,835,835,835,835,0
2022-11-09 09:49:00,835,835,835,835,0
2022-11-09 09:50:00,835,835,835,835,0
2022-11-09 09:51:00,835,835,835,835,0
2022-11-09 09:52:00,835,835,835,835,0
2022-11-09 09:53:00,835,835,835,835,0
2022-11-09 09:54:00,835,835,835,835,0
2022-11-09 09:55:00,835,835,835,835,6000
2022-11-09 09:56:00,835,835,835,835,1000
2022-11-09 09:57:00,835,835,835,835,100
2022-11-09 09:58:00,835,835,835,835,0
2022-11-09 09:59:00,835,835,835,835,0
2022-11-09 10:00:00,840,840,840,840,12500
2022-11-09 10:01:00,840,840,840,840,0
2022-11-09 10:02:00,840,840,840,840,0
2022-11-09 10:03:00,840,840,840,840,0
2022-11-09 10:04:00,840,840,840,840,0
2022-11-09 10:05:00,840,840,840,840,0
2022-11-09 10:06:00,840,840,840,840,0
2022-11-09 10:07:00,840,840,840,840,0
2022-11-09 10:08:00,840,840,840,840,0
2022-11-09 10:09:00,840,840,840,840,0
2022-11-09 10:10:00,840,840,840,840,0
2022-11-09 10:11:00,840,840,840,840,0
2022-11-09 10:12:00,840,840,840,840,0
2022-11-09 10:13:00,840,840,840,840,0
2022-11-09 10:14:00,840,840,840,840,0
2022-11-09 10:15:00,840,840,840,840,0
2022-11-09 10:16:00,840,840,840,840,0
2022-11-09 10:17:00,840,840,840,840,0
2022-11-09 10:18:00,840,840,840,840,0
2022-11-09 10:19:00,840,840,840,840,0
2022-11-09 10:20:00,840,840,840,840,0
2022-11-09 10:21:00,840,840,840,840,0
2022-11-09 10:22:00,840,840,840,840,0
2022-11-09 10:23:00,840,840,840,840,0
2022-11-09 10:24:00,840,840,840,840,0
2022-11-09 10:25:00,840,840,840,840,0
2022-11-09 10:26:00,840,840,840,840,0
2022-11-09 10:27:00,840,840,840,840,0
2022-11-09 10:28:00,835,835,835,835,200
2022-11-09 10:29:00,835,835,835,835,0
2022-11-09 10:30:00,835,835,835,835,0
2022-11-09 10:31:00,835,835,835,835,0
2022-11-09 10:32:00,835,835,835,835,23600
2022-11-09 10:33:00,840,840,840,840,4800
2022-11-09 10:34:00,845,845,845,845,0
2022-11-09 10:35:00,845,845,845,845,0
2022-11-09 10:36:00,845,845,845,845,0
2022-11-09 10:37:00,845,845,845,845,0
2022-11-09 10:38:00,845,845,845,845,0
2022-11-09 10:39:00,845,845,845,845,0
2022-11-09 10:40:00,845,845,845,845,0
2022-11-09 10:41:00,845,845,845,845,0
2022-11-09 10:42:00,845,845,845,845,0
2022-11-09 10:43:00,845,845,845,845,0
2022-11-09 10:44:00,845,845,845,845,0
2022-11-09 10:45:00,845,845,845,845,0
2022-11-09 10:46:00,845,845,845,845,0
2022-11-09 10:47:00,845,845,845,845,0
2022-11-09 10:48:00,845,845,845,845,0
2022-11-09 10:49:00,845,845,845,845,0
2022-11-09 10:50:00,845,845,845,845,1300
2022-11-09 10:51:00,845,845,845,845,0
2022-11-09 10:52:00,845,845,845,845,0
2022-11-09 10:53:00,845,845,845,845,0
2022-11-09 10:54:00,845,845,845,845,0
2022-11-09 10:55:00,845,845,845,845,0
2022-11-09 10:56:00,845,845,845,845,0
2022-11-09 10:57:00,845,845,845,845,0
2022-11-09 10:58:00,840,840,840,840,200
2022-11-09 10:59:00,840,840,840,840,0
2022-11-09 11:00:00,840,840,840,840,0
2022-11-09 11:01:00,840,840,840,840,0
2022-11-09 11:02:00,845,845,845,845,11300
2022-11-09 11:03:00,845,845,845,845,0
2022-11-09 11:04:00,845,845,845,845,0
2022-11-09 11:05:00,845,845,845,845,0
2022-11-09 11:06:00,845,845,845,845,0
2022-11-09 11:07:00,845,845,845,845,0
2022-11-09 11:08:00,845,845,845,845,8600
2022-11-09 11:09:00,845,845,845,845,0
2022-11-09 11:10:00,845,845,845,845,0
2022-11-09 11:11:00,845,845,845,845,0
2022-11-09 11:12:00,845,845,845,845,0
2022-11-09 11:13:00,845,845,845,845,0
2022-11-09 11:14:00,845,845,845,845,0
2022-11-09 11:15:00,845,845,845,845,0
2022-11-09 11:16:00,845,845,845,845,0
2022-11-09 11:17:00,845,845,845,845,0
2022-11-09 11:18:00,845,845,845,845,0
2022-11-09 11:19:00,845,845,845,845,0
2022-11-09 11:20:00,845,845,845,845,0
2022-11-09 11:21:00,845,845,845,845,0
2022-11-09 11:22:00,845,845,845,845,0
2022-11-09 11:23:00,845,845,845,845,0
2022-11-09 11:24:00,845,845,845,845,0
2022-11-09 11:25:00,845,845,845,845,0
2022-11-09 11:26:00,845,845,845,845,0
2022-11-09 11:27:00,845,845,845,845,0
2022-11-09 11:28:00,845,845,850,850,2000
2022-11-09 11:29:00,845,845,850,850,0
2022-11-09 11:30:00,845,845,850,850,0
2022-11-09 11:31:00,845,845,850,850,0
2022-11-09 11:32:00,845,845,850,850,0
2022-11-09 11:33:00,845,845,850,850,0
2022-11-09 11:34:00,845,845,850,850,0
2022-11-09 11:35:00,845,845,850,850,0
2022-11-09 11:36:00,845,845,850,850,0
2022-11-09 11:37:00,845,845,850,850,0
2022-11-09 11:38:00,845,845,850,850,0
2022-11-09 11:39:00,845,845,850,850,0
2022-11-09 11:40:00,845,845,850,850,0
2022-11-09 11:41:00,845,845,850,850,0
2022-11-09 11:42:00,845,845,850,850,0
2022-11-09 11:43:00,845,845,850,850,0
2022-11-09 11:44:00,845,845,850,850,0
2022-11-09 11:45:00,845,845,850,850,0
2022-11-09 11:46:00,845,845,850,850,0
2022-11-09 11:47:00,845,845,850,850,0
2022-11-09 11:48:00,845,845,850,850,0
2022-11-09 11:49:00,845,845,850,850,0
2022-11-09 11:50:00,845,845,850,850,0
2022-11-09 11:51:00,845,845,850,850,0
2022-11-09 11:52:00,845,845,850,850,0
2022-11-09 11:53:00,845,845,850,850,0
2022-11-09 11:54:00,845,845,850,850,0
2022-11-09 11:55:00,845,845,850,850,0
2022-11-09 11:56:00,845,845,850,850,0
2022-11-09 11:57:00,845,845,850,850,0
2022-11-09 11:58:00,845,845,850,850,0
2022-11-09 11:59:00,845,845,850,850,0
2022-11-09 12:00:00,845,845,850,850,0
2022-11-09 12:01:00,845,845,850,850,0
2022-11-09 12:02:00,845,845,850,850,0
2022-11-09 12:03:00,845,845,850,850,0
2022-11-09 12:04:00,845,845,850,850,0
2022-11-09 12:05:00,845,845,850,850,0
2022-11-09 12:06:00,845,845,850,850,0
2022-11-09 12:07:00,845,845,850,850,0
2022-11-09 12:08:00,845,845,850,850,0
2022-11-09 12:09:00,845,845,850,850,0
2022-11-09 12:10:00,845,845,850,850,0
2022-11-09 12:11:00,845,845,850,850,0
2022-11-09 12:12:00,845,845,850,850,0
2022-11-09 12:13:00,845,845,850,850,0
2022-11-09 12:14:00,845,845,850,850,0
2022-11-09 12:15:00,845,845,850,850,0
2022-11-09 12:16:00,845,845,850,850,0
2022-11-09 12:17:00,845,845,850,850,0
2022-11-09 12:18:00,845,845,850,850,0
2022-11-09 12:19:00,845,845,850,850,0
2022-11-09 12:20:00,845,845,850,850,0
2022-11-09 12:21:00,845,845,850,850,0
2022-11-09 12:22:00,845,845,850,850,0
2022-11-09 12:23:00,845,845,850,850,0
2022-11-09 12:24:00,845,845,850,850,0
2022-11-09 12:25:00,845,845,850,850,0
2022-11-09 12:26:00,845,845,850,850,0
2022-11-09 12:27:00,845,845,850,850,0
2022-11-09 12:28:00,845,845,850,850,0
2022-11-09 12:29:00,845,845,850,850,0
2022-11-09 12:30:00,845,845,850,850,0
2022-11-09 12:31:00,845,845,850,850,0
2022-11-09 12:32:00,845,845,850,850,0
2022-11-09 12:33:00,845,845,850,850,0
2022-11-09 12:34:00,845,845,850,850,0
2022-11-09 12:35:00,845,845,850,850,0
2022-11-09 12:36:00,845,845,850,850,0
2022-11-09 12:37:00,845,845,850,850,0
2022-11-09 12:38:00,845,845,850,850,0
2022-11-09 12:39:00,845,845,850,850,0
2022-11-09 12:40:00,845,845,850,850,0
2022-11-09 12:41:00,845,845,850,850,0
2022-11-09 12:42:00,845,845,850,850,0
2022-11-09 12:43:00,845,845,850,850,0
2022-11-09 12:44:00,845,845,850,850,0
2022-11-09 12:45:00,845,845,850,850,0
2022-11-09 12:46:00,845,845,850,850,0
2022-11-09 12:47:00,845,845,850,850,0
2022-11-09 12:48:00,845,845,850,850,0
2022-11-09 12:49:00,845,845,850,850,0
2022-11-09 12:50:00,845,845,850,850,0
2022-11-09 12:51:00,845,845,850,850,0
2022-11-09 12:52:00,845,845,850,850,0
2022-11-09 12:53:00,845,845,850,850,0
2022-11-09 12:54:00,845,845,850,850,0
2022-11-09 12:55:00,845,845,850,850,0
2022-11-09 12:56:00,845,845,850,850,0
2022-11-09 12:57:00,845,845,850,850,0
2022-11-09 12:58:00,845,845,850,850,0
2022-11-09 12:59:00,845,845,850,850,0
2022-11-09 13:00:00,845,845,850,850,0
2022-11-09 13:01:00,845,845,850,850,0
2022-11-09 13:02:00,845,845,850,850,0
2022-11-09 13:03:00,845,845,850,850,0
2022-11-09 13:04:00,845,845,850,850,0
2022-11-09 13:05:00,845,845,850,850,0
2022-11-09 13:06:00,845,845,850,850,0
2022-11-09 13:07:00,845,845,850,850,0
2022-11-09 13:08:00,845,845,850,850,0
2022-11-09 13:09:00,845,845,850,850,0
2022-11-09 13:10:00,845,845,850,850,0
2022-11-09 13:11:00,845,845,850,850,0
2022-11-09 13:12:00,845,845,850,850,0
2022-11-09 13:13:00,845,845,850,850,0
2022-11-09 13:14:00,845,845,850,850,0
2022-11-09 13:15:00,845,845,850,850,0
2022-11-09 13:16:00,845,845,850,850,0
2022-11-09 13:17:00,845,845,850,850,0
2022-11-09 13:18:00,845,845,850,850,0
2022-11-09 13:19:00,845,845,850,850,0
2022-11-09 13:20:00,845,845,850,850,0
2022-11-09 13:21:00,845,845,850,850,0
2022-11-09 13:22:00,845,845,850,850,0
2022-11-09 13:23:00,845,845,850,850,0
2022-11-09 13:24:00,845,845,850,850,0
2022-11-09 13:25:00,845,845,850,850,0
2022-11-09 13:26:00,845,845,850,850,0
2022-11-09 13:27:00,845,845,850,850,0
2022-11-09 13:28:00,845,845,850,850,0
2022-11-09 13:29:00,845,845,850,850,0
2022-11-09 13:30:00,840,840,840,840,500
2022-11-09 13:31:00,840,840,840,840,0
2022-11-09 13:32:00,840,840,840,840,0
2022-11-09 13:33:00,840,840,840,840,0
2022-11-09 13:34:00,840,840,840,840,0
2022-11-09 13:35:00,850,850,850,850,0
2022-11-09 13:36:00,850,850,850,850,0
2022-11-09 13:37:00,850,850,850,850,0
2022-11-09 13:38:00,850,850,850,850,0
2022-11-09 13:39:00,850,850,850,850,0
2022-11-09 13:40:00,850,850,850,850,0
2022-11-09 13:41:00,850,850,850,850,0
2022-11-09 13:42:00,850,850,850,850,0
2022-11-09 13:43:00,850,850,850,850,0
2022-11-09 13:44:00,845,845,845,845,20000
2022-11-09 13:45:00,845,845,845,845,0
2022-11-09 13:46:00,845,845,845,845,0
2022-11-09 13:47:00,845,845,845,845,0
2022-11-09 13:48:00,845,845,845,845,0
2022-11-09 13:49:00,845,845,845,845,0
2022-11-09 13:50:00,845,845,845,845,0
2022-11-09 13:51:00,845,845,845,845,0
2022-11-09 13:52:00,850,850,850,850,0
2022-11-09 13:53:00,850,850,850,850,0
2022-11-09 13:54:00,850,850,850,850,0
2022-11-09 13:55:00,850,850,850,850,0
2022-11-09 13:56:00,850,850,850,850,0
2022-11-09 13:57:00,850,850,850,850,0
2022-11-09 13:58:00,850,850,850,850,0
2022-11-09 13:59:00,850,850,850,850,0
2022-11-09 14:00:00,850,850,850,850,0
2022-11-09 14:01:00,850,850,850,850,0
2022-11-09 14:02:00,845,840,845,840,500
2022-11-09 14:03:00,845,840,845,840,0
2022-11-09 14:04:00,845,840,845,840,0
2022-11-09 14:05:00,845,840,845,840,0
2022-11-09 14:06:00,845,840,845,840,0
2022-11-09 14:07:00,850,850,850,850,0
2022-11-09 14:08:00,850,850,850,850,0
2022-11-09 14:09:00,850,850,850,850,0
2022-11-09 14:10:00,850,850,850,850,0
2022-11-09 14:11:00,850,850,850,850,0
2022-11-09 14:12:00,850,850,850,850,0
2022-11-09 14:13:00,850,850,850,850,0
2022-11-09 14:14:00,840,840,840,840,5200
2022-11-09 14:15:00,840,840,840,840,0
2022-11-09 14:16:00,840,840,840,840,0
2022-11-09 14:17:00,840,840,840,840,0
2022-11-09 14:18:00,840,840,840,840,0
2022-11-09 14:19:00,840,840,850,850,5200
2022-11-09 14:20:00,840,840,850,850,0
2022-11-09 14:21:00,840,840,850,850,0
2022-11-09 14:22:00,840,840,850,850,0
2022-11-09 14:23:00,840,840,850,850,0
2022-11-09 14:24:00,840,840,850,850,0
2022-11-09 14:25:00,840,840,850,850,0
2022-11-09 14:26:00,840,840,850,850,0
2022-11-09 14:27:00,840,840,850,850,0
2022-11-09 14:28:00,840,840,850,850,0
2022-11-09 14:29:00,840,840,850,850,0
2022-11-09 14:30:00,840,840,850,850,0
2022-11-09 14:31:00,840,840,850,850,0
2022-11-09 14:32:00,840,840,850,850,0
2022-11-09 14:33:00,840,840,850,850,0
2022-11-09 14:34:00,840,840,850,850,0
2022-11-09 14:35:00,840,840,850,850,0
2022-11-09 14:36:00,840,840,840,840,1000
2022-11-09 14:37:00,840,840,840,840,100
2022-11-09 14:38:00,840,840,840,840,200
2022-11-09 14:39:00,840,840,840,840,0
2022-11-09 14:40:00,840,840,840,840,0
2022-11-09 14:41:00,840,840,840,840,0
2022-11-09 14:42:00,840,840,840,840,0
2022-11-09 14:43:00,835,835,835,835,31300
2022-11-09 14:44:00,835,835,835,835,0
2022-11-09 14:45:00,835,835,835,835,4000
2022-11-09 14:46:00,835,835,835,835,0
2022-11-09 14:47:00,840,840,840,840,8500
2022-11-09 14:48:00,840,840,840,840,0
2022-11-09 14:49:00,840,840,840,840,0
2022-11-09 14:50:00,840,840,840,840,0
2022-11-09 14:51:00,840,840,840,840,0
2022-11-09 14:52:00,840,840,840,840,0
2022-11-09 14:53:00,840,840,840,840,0
2022-11-09 14:54:00,840,840,840,840,0
2022-11-09 14:55:00,840,840,840,840,0
2022-11-09 14:56:00,840,840,840,840,0
2022-11-09 14:57:00,840,840,840,840,0
2022-11-09 14:58:00,840,840,840,840,0
2022-11-09 14:59:00,840,840,840,840,0
2022-11-09 15:00:00,850,850,850,850,52000
2022-11-09 15:01:00,850,850,850,850,0
2022-11-09 15:02:00,850,850,850,850,0
2022-11-09 15:03:00,850,850,850,850,0
2022-11-09 15:04:00,850,850,850,850,0
2022-11-09 15:05:00,850,850,850,850,0
2022-11-09 15:06:00,850,850,850,850,0
2022-11-09 15:07:00,850,850,850,850,0
2022-11-09 15:08:00,850,850,850,850,0
2022-11-09 15:09:00,850,850,850,850,0
2022-11-09 15:10:00,850,850,850,850,0
2022-11-09 15:11:00,850,850,850,850,0
2022-11-09 15:12:00,850,850,850,850,0
2022-11-09 15:13:00,850,850,850,850,0
2022-11-09 15:14:00,850,850,850,850,0
2022-11-09 15:15:00,850,850,850,850,0
2022-11-09 15:16:00,850,850,850,850,0
2022-11-09 15:17:00,850,850,850,850,0
2022-11-09 15:18:00,850,850,850,850,0
2022-11-09 15:19:00,850,850,850,850,0
2022-11-09 15:20:00,850,850,850,850,0
2022-11-09 15:21:00,850,850,850,850,0
2022-11-09 15:22:00,850,850,850,850,0
2022-11-09 15:23:00,850,850,850,850,0
2022-11-09 15:24:00,850,850,850,850,0
2022-11-09 15:25:00,850,850,850,850,0
2022-11-09 15:26:00,850,850,850,850,0
2022-11-09 15:27:00,850,850,850,850,0
2022-11-09 15:28:00,850,850,850,850,0
2022-11-09 15:29:00,850,850,850,850,0
2022-11-09 15:30:00,850,850,850,850,0
2022-11-09 15:31:00,850,850,850,850,0
2022-11-09 15:32:00,850,850,850,850,0
2022-11-09 15:33:00,850,850,850,850,0
2022-11-09 15:34:00,850,850,850,850,0
2022-11-09 15:35:00,850,850,850,850,0
2022-11-09 15:36:00,850,850,850,850,0
2022-11-09 15:37:00,850,850,850,850,0
2022-11-09 15:38:00,850,850,850,850,0
2022-11-09 15:39:00,850,850,850,850,0
2022-11-09 15:40:00,850,850,850,850,0
2022-11-09 15:41:00,850,850,850,850,0
2022-11-09 15:42:00,850,850,850,850,0
2022-11-09 15:43:00,850,850,850,850,0
2022-11-09 15:44:00,850,850,850,850,0
2022-11-09 15:45:00,850,850,850,850,0
2022-11-09 15:46:00,850,850,850,850,0
2022-11-09 15:47:00,850,850,850,850,0
2022-11-09 15:48:00,850,850,850,850,0
2022-11-09 15:49:00,850,850,850,850,0
2022-11-09 15:50:00,850,850,850,850,0
2022-11-09 15:51:00,850,850,850,850,0
2022-11-09 15:52:00,850,850,850,850,0
2022-11-09 15:53:00,850,850,850,850,0
2022-11-09 15:54:00,850,850,850,850,0
2022-11-09 15:55:00,850,850,850,850,0
2022-11-09 15:56:00,850,850,850,850,0
2022-11-09 15:57:00,850,850,850,850,0
2022-11-09 15:58:00,850,850,850,850,0
2022-11-09 15:59:00,850,850,850,850,0
2022-11-10 09:00:00,850,850,850,850,3000
2022-11-10 09:01:00,850,850,850,850,0
2022-11-10 09:02:00,850,850,850,850,0
2022-11-10 09:03:00,850,850,850,850,1500
2022-11-10 09:04:00,850,850,850,850,0
2022-11-10 09:05:00,850,850,850,850,0
2022-11-10 09:06:00,850,850,850,850,0
2022-11-10 09:07:00,850,850,850,850,0
2022-11-10 09:08:00,850,850,850,850,0
2022-11-10 09:09:00,850,850,850,850,0
2022-11-10 09:10:00,850,850,850,850,0
2022-11-10 09:11:00,850,850,850,850,0
2022-11-10 09:12:00,850,850,850,850,0
2022-11-10 09:13:00,845,845,845,845,200
2022-11-10 09:14:00,845,845,850,850,1000
2022-11-10 09:15:00,850,840,850,840,10800
2022-11-10 09:16:00,850,850,860,860,2300
2022-11-10 09:17:00,860,860,860,860,4300
2022-11-10 09:18:00,865,850,865,850,300
2022-11-10 09:19:00,840,835,840,835,7600
2022-11-10 09:20:00,835,835,835,835,0
2022-11-10 09:21:00,835,835,855,855,600
2022-11-10 09:22:00,855,855,855,855,300
2022-11-10 09:23:00,855,855,855,855,0
2022-11-10 09:24:00,855,855,855,855,0
2022-11-10 09:25:00,855,855,855,855,800
2022-11-10 09:26:00,855,855,855,855,0
2022-11-10 09:27:00,855,855,855,855,0
2022-11-10 09:28:00,855,855,855,855,0
2022-11-10 09:29:00,855,855,855,855,0
2022-11-10 09:30:00,855,855,855,855,0
2022-11-10 09:31:00,855,855,855,855,0
2022-11-10 09:32:00,855,855,855,855,0
2022-11-10 09:33:00,855,855,855,855,0
2022-11-10 09:34:00,855,855,855,855,0
2022-11-10 09:35:00,855,855,855,855,0
2022-11-10 09:36:00,855,855,855,855,0
2022-11-10 09:37:00,855,855,855,855,0
2022-11-10 09:38:00,855,855,855,855,0
2022-11-10 09:39:00,855,855,855,855,0
2022-11-10 09:40:00,855,855,855,855,0
2022-11-10 09:41:00,855,855,855,855,0
2022-11-10 09:42:00,855,855,855,855,0
2022-11-10 09:43:00,855,855,855,855,0
2022-11-10 09:44:00,845,845,845,845,600
2022-11-10 09:45:00,840,840,840,840,800
2022-11-10 09:46:00,840,840,840,840,0
2022-11-10 09:47:00,840,840,840,840,0
2022-11-10 09:48:00,840,840,840,840,0
2022-11-10 09:49:00,840,840,840,840,0
2022-11-10 09:50:00,840,840,840,840,0
2022-11-10 09:51:00,845,845,855,855,200
2022-11-10 09:52:00,845,845,855,855,0
2022-11-10 09:53:00,845,845,855,855,0
2022-11-10 09:54:00,845,845,855,855,0
2022-11-10 09:55:00,845,845,855,855,0
2022-11-10 09:56:00,845,845,855,855,0
2022-11-10 09:57:00,845,845,855,855,0
2022-11-10 09:58:00,845,845,855,855,0
2022-11-10 09:59:00,845,845,855,855,0
2022-11-10 10:00:00,855,855,855,855,1900
2022-11-10 10:01:00,855,855,855,855,0
2022-11-10 10:02:00,855,855,855,855,0
2022-11-10 10:03:00,855,855,855,855,0
2022-11-10 10:04:00,840,840,840,840,0
2022-11-10 10:05:00,840,840,840,840,0
2022-11-10 10:06:00,840,840,840,840,0
2022-11-10 10:07:00,840,840,840,840,0
2022-11-10 10:08:00,840,840,840,840,0
2022-11-10 10:09:00,840,840,840,840,0
2022-11-10 10:10:00,840,840,840,840,0
2022-11-10 10:11:00,840,840,840,840,0
2022-11-10 10:12:00,840,840,840,840,0
2022-11-10 10:13:00,840,840,840,840,0
2022-11-10 10:14:00,840,840,840,840,0
2022-11-10 10:15:00,840,840,840,840,0
2022-11-10 10:16:00,840,840,840,840,0
2022-11-10 10:17:00,840,840,840,840,0
2022-11-10 10:18:00,840,840,840,840,0
2022-11-10 10:19:00,840,840,840,840,0
2022-11-10 10:20:00,840,840,840,840,0
2022-11-10 10:21:00,840,840,840,840,0
2022-11-10 10:22:00,840,840,840,840,0
2022-11-10 10:23:00,840,840,840,840,0
2022-11-10 10:24:00,840,840,840,840,0
2022-11-10 10:25:00,840,840,840,840,0
2022-11-10 10:26:00,840,840,840,840,0
2022-11-10 10:27:00,840,840,840,840,0
2022-11-10 10:28:00,840,840,840,840,0
2022-11-10 10:29:00,840,840,840,840,0
2022-11-10 10:30:00,840,840,840,840,4000
2022-11-10 10:31:00,840,840,840,840,0
2022-11-10 10:32:00,840,840,840,840,0
2022-11-10 10:33:00,840,840,840,840,0
2022-11-10 10:34:00,840,840,840,840,0
2022-11-10 10:35:00,840,840,840,840,0
2022-11-10 10:36:00,840,840,840,840,0
2022-11-10 10:37:00,840,840,840,840,0
2022-11-10 10:38:00,840,840,840,840,0
2022-11-10 10:39:00,840,840,840,840,0
2022-11-10 10:40:00,840,840,840,840,0
2022-11-10 10:41:00,840,815,840,830,109000
2022-11-10 10:42:00,840,815,840,830,0
2022-11-10 10:43:00,840,815,840,830,0
2022-11-10 10:44:00,840,815,840,830,0
2022-11-10 10:45:00,825,825,825,825,0
2022-11-10 10:46:00,825,825,825,825,148800
2022-11-10 10:47:00,825,825,825,825,0
2022-11-10 10:48:00,825,825,825,825,0
2022-11-10 10:49:00,825,825,825,825,0
2022-11-10 10:50:00,825,825,825,825,0
2022-11-10 10:51:00,825,825,825,825,0
2022-11-10 10:52:00,825,825,825,825,0
2022-11-10 10:53:00,825,825,825,825,0
2022-11-10 10:54:00,825,825,825,825,0
2022-11-10 10:55:00,825,825,825,825,0
2022-11-10 10:56:00,825,825,825,825,0
2022-11-10 10:57:00,825,825,825,825,2000
2022-11-10 10:58:00,825,825,825,825,3000
2022-11-10 10:59:00,825,825,825,825,0
2022-11-10 11:00:00,825,825,825,825,0
2022-11-10 11:01:00,825,825,825,825,0
2022-11-10 11:02:00,825,825,825,825,0
2022-11-10 11:03:00,825,825,825,825,0
2022-11-10 11:04:00,825,825,825,825,0
2022-11-10 11:05:00,825,825,825,825,0
2022-11-10 11:06:00,825,825,825,825,0
2022-11-10 11:07:00,825,825,825,825,0
2022-11-10 11:08:00,825,825,825,825,0
2022-11-10 11:09:00,825,825,825,825,0
2022-11-10 11:10:00,825,825,825,825,0
2022-11-10 11:11:00,825,825,825,825,0
2022-11-10 11:12:00,825,825,825,825,0
2022-11-10 11:13:00,825,825,825,825,0
2022-11-10 11:14:00,825,825,825,825,3000
2022-11-10 11:15:00,825,825,825,825,0
2022-11-10 11:16:00,825,825,825,825,0
2022-11-10 11:17:00,825,825,825,825,0
2022-11-10 11:18:00,825,825,825,825,0
2022-11-10 11:19:00,825,825,825,825,0
2022-11-10 11:20:00,825,825,825,825,0
2022-11-10 11:21:00,825,825,825,825,0
2022-11-10 11:22:00,825,825,825,825,0
2022-11-10 11:23:00,825,825,825,825,0
2022-11-10 11:24:00,825,825,825,825,0
2022-11-10 11:25:00,830,830,830,830,100
2022-11-10 11:26:00,830,830,830,830,0
2022-11-10 11:27:00,830,830,830,830,0
2022-11-10 11:28:00,830,830,830,830,0
2022-11-10 11:29:00,830,830,830,830,0
2022-11-10 11:30:00,830,830,830,830,0
2022-11-10 11:31:00,830,830,830,830,0
2022-11-10 11:32:00,830,830,830,830,0
2022-11-10 11:33:00,830,830,830,830,0
2022-11-10 11:34:00,830,830,830,830,0
2022-11-10 11:35:00,830,830,830,830,0
2022-11-10 11:36:00,830,830,830,830,0
2022-11-10 11:37:00,830,830,830,830,0
2022-11-10 11:38:00,830,830,830,830,0
2022-11-10 11:39:00,830,830,830,830,0
2022-11-10 11:40:00,830,830,830,830,0
2022-11-10 11:41:00,830,830,830,830,0
2022-11-10 11:42:00,830,830,830,830,0
2022-11-10 11:43:00,830,830,830,830,0
2022-11-10 11:44:00,830,830,830,830,0
2022-11-10 11:45:00,830,830,830,830,0
2022-11-10 11:46:00,830,830,830,830,0
2022-11-10 11:47:00,830,830,830,830,0
2022-11-10 11:48:00,830,830,830,830,0
2022-11-10 11:49:00,830,830,830,830,0
2022-11-10 11:50:00,830,830,830,830,0
2022-11-10 11:51:00,830,830,830,830,0
2022-11-10 11:52:00,830,830,830,830,0
2022-11-10 11:53:00,830,830,830,830,0
2022-11-10 11:54:00,830,830,830,830,0
2022-11-10 11:55:00,830,830,830,830,0
2022-11-10 11:56:00,830,830,830,830,0
2022-11-10 11:57:00,830,830,830,830,0
2022-11-10 11:58:00,830,830,830,830,0
2022-11-10 11:59:00,830,830,830,830,0
2022-11-10 12:00:00,830,830,830,830,0
2022-11-10 12:01:00,830,830,830,830,0
2022-11-10 12:02:00,830,830,830,830,0
2022-11-10 12:03:00,830,830,830,830,0
2022-11-10 12:04:00,830,830,830,830,0
2022-11-10 12:05:00,830,830,830,830,0
2022-11-10 12:06:00,830,830,830,830,0
2022-11-10 12:07:00,830,830,830,830,0
2022-11-10 12:08:00,830,830,830,830,0
2022-11-10 12:09:00,830,830,830,830,0
2022-11-10 12:10:00,830,830,830,830,0
2022-11-10 12:11:00,830,830,830,830,0
2022-11-10 12:12:00,830,830,830,830,0
2022-11-10 12:13:00,830,830,830,830,0
2022-11-10 12:14:00,830,830,830,830,0
2022-11-10 12:15:00,830,830,830,830,0
2022-11-10 12:16:00,830,830,830,830,0
2022-11-10 12:17:00,830,830,830,830,0
2022-11-10 12:18:00,830,830,830,830,0
2022-11-10 12:19:00,830,830,830,830,0
2022-11-10 12:20:00,830,830,830,830,0
2022-11-10 12:21:00,830,830,830,830,0
2022-11-10 12:22:00,830,830,830,830,0
2022-11-10 12:23:00,830,830,830,830,0
2022-11-10 12:24:00,830,830,830,830,0
2022-11-10 12:25:00,830,830,830,830,0
2022-11-10 12:26:00,830,830,830,830,0
2022-11-10 12:27:00,830,830,830,830,0
2022-11-10 12:28:00,830,830,830,830,0
2022-11-10 12:29:00,830,830,830,830,0
2022-11-10 12:30:00,830,830,830,830,0
2022-11-10 12:31:00,830,830,830,830,0
2022-11-10 12:32:00,830,830,830,830,0
2022-11-10 12:33:00,830,830,830,830,0
2022-11-10 12:34:00,830,830,830,830,0
2022-11-10 12:35:00,830,830,830,830,0
2022-11-10 12:36:00,830,830,830,830,0
2022-11-10 12:37:00,830,830,830,830,0
2022-11-10 12:38:00,830,830,830,830,0
2022-11-10 12:39:00,830,830,830,830,0
2022-11-10 12:40:00,830,830,830,830,0
2022-11-10 12:41:00,830,830,830,830,0
2022-11-10 12:42:00,830,830,830,830,0
2022-11-10 12:43:00,830,830,830,830,0
2022-11-10 12:44:00,830,830,830,830,0
2022-11-10 12:45:00,830,830,830,830,0
2022-11-10 12:46:00,830,830,830,830,0
2022-11-10 12:47:00,830,830,830,830,0
2022-11-10 12:48:00,830,830,830,830,0
2022-11-10 12:49:00,830,830,830,830,0
2022-11-10 12:50:00,830,830,830,830,0
2022-11-10 12:51:00,830,830,830,830,0
2022-11-10 12:52:00,830,830,830,830,0
2022-11-10 12:53:00,830,830,830,830,0
2022-11-10 12:54:00,830,830,830,830,0
2022-11-10 12:55:00,830,830,830,830,0
2022-11-10 12:56:00,830,830,830,830,0
2022-11-10 12:57:00,830,830,830,830,0
2022-11-10 12:58:00,830,830,830,830,0
2022-11-10 12:59:00,830,830,830,830,0
2022-11-10 13:00:00,830,830,830,830,0
2022-11-10 13:01:00,830,830,830,830,0
2022-11-10 13:02:00,830,830,830,830,0
2022-11-10 13:03:00,830,830,830,830,0
2022-11-10 13:04:00,830,830,830,830,0
2022-11-10 13:05:00,830,830,830,830,0
2022-11-10 13:06:00,830,830,830,830,0
2022-11-10 13:07:00,830,830,830,830,0
2022-11-10 13:08:00,830,830,830,830,0
2022-11-10 13:09:00,830,830,830,830,0
2022-11-10 13:10:00,830,830,830,830,0
2022-11-10 13:11:00,830,830,830,830,0
2022-11-10 13:12:00,830,830,830,830,0
2022-11-10 13:13:00,830,830,830,830,0
2022-11-10 13:14:00,830,830,830,830,0
2022-11-10 13:15:00,830,830,830,830,0
2022-11-10 13:16:00,830,830,830,830,0
2022-11-10 13:17:00,830,830,830,830,0
2022-11-10 13:18:00,830,830,830,830,0
2022-11-10 13:19:00,830,830,830,830,0
2022-11-10 13:20:00,830,830,830,830,0
2022-11-10 13:21:00,830,830,830,830,0
2022-11-10 13:22:00,830,830,830,830,0
2022-11-10 13:23:00,830,830,830,830,0
2022-11-10 13:24:00,830,830,830,830,0
2022-11-10 13:25:00,830,830,830,830,0
2022-11-10 13:26:00,830,830,830,830,0
2022-11-10 13:27:00,830,830,830,830,0
2022-11-10 13:28:00,830,830,830,830,0
2022-11-10 13:29:00,830,830,830,830,0
2022-11-10 13:30:00,835,830,835,830,2200
2022-11-10 13:31:00,835,830,835,830,0
2022-11-10 13:32:00,835,830,835,830,0
2022-11-10 13:33:00,835,830,835,830,0
2022-11-10 13:34:00,825,825,825,825,0
2022-11-10 13:35:00,825,825,825,825,0
2022-11-10 13:36:00,825,825,825,825,0
2022-11-10 13:37:00,825,825,825,825,0
2022-11-10 13:38:00,825,825,825,825,0
2022-11-10 13:39:00,825,825,825,825,0
2022-11-10 13:40:00,825,825,825,825,0
2022-11-10 13:41:00,825,825,825,825,3400
2022-11-10 13:42:00,825,825,825,825,0
2022-11-10 13:43:00,825,825,825,825,0
2022-11-10 13:44:00,825,825,825,825,0
2022-11-10 13:45:00,825,825,825,825,0
2022-11-10 13:46:00,830,830,830,830,200
2022-11-10 13:47:00,830,830,830,830,0
2022-11-10 13:48:00,830,830,830,830,0
2022-11-10 13:49:00,830,830,830,830,0
2022-11-10 13:50:00,830,830,830,830,0
2022-11-10 13:51:00,830,830,830,830,0
2022-11-10 13:52:00,830,830,830,830,0
2022-11-10 13:53:00,830,830,830,830,0
2022-11-10 13:54:00,830,830,830,830,0
2022-11-10 13:55:00,830,830,830,830,0
2022-11-10 13:56:00,830,830,830,830,0
2022-11-10 13:57:00,830,830,830,830,0
2022-11-10 13:58:00,830,830,830,830,0
2022-11-10 13:59:00,830,830,830,830,0
2022-11-10 14:00:00,830,830,830,830,0
2022-11-10 14:01:00,830,830,830,830,0
2022-11-10 14:02:00,830,830,830,830,0
2022-11-10 14:03:00,830,830,830,830,0
2022-11-10 14:04:00,830,830,830,830,0
2022-11-10 14:05:00,830,830,830,830,0
2022-11-10 14:06:00,830,830,830,830,0
2022-11-10 14:07:00,830,830,830,830,0
2022-11-10 14:08:00,830,830,830,830,0
2022-11-10 14:09:00,830,830,830,830,0
2022-11-10 14:10:00,830,830,830,830,0
2022-11-10 14:11:00,830,830,830,830,0
2022-11-10 14:12:00,830,830,830,830,14000
2022-11-10 14:13:00,830,830,830,830,0
2022-11-10 14:14:00,830,830,830,830,0
2022-11-10 14:15:00,830,830,830,830,0
2022-11-10 14:16:00,835,835,835,835,1500
2022-11-10 14:17:00,835,835,835,835,500
2022-11-10 14:18:00,835,835,835,835,0
2022-11-10 14:19:00,835,835,835,835,0
2022-11-10 14:20:00,835,835,835,835,0
2022-11-10 14:21:00,835,835,835,835,0
2022-11-10 14:22:00,835,835,835,835,0
2022-11-10 14:23:00,835,835,835,835,0
2022-11-10 14:24:00,835,835,835,835,0
2022-11-10 14:25:00,835,835,835,835,0
2022-11-10 14:26:00,835,835,835,835,0
2022-11-10 14:27:00,835,835,835,835,0
2022-11-10 14:28:00,835,835,835,835,0
2022-11-10 14:29:00,835,835,835,835,0
2022-11-10 14:30:00,835,835,835,835,0
2022-11-10 14:31:00,835,835,835,835,0
2022-11-10 14:32:00,835,835,835,835,0
2022-11-10 14:33:00,835,835,835,835,0
2022-11-10 14:34:00,835,835,835,835,0
2022-11-10 14:35:00,835,835,835,835,0
2022-11-10 14:36:00,835,835,835,835,0
2022-11-10 14:37:00,835,835,835,835,0
2022-11-10 14:38:00,835,835,835,835,0
2022-11-10 14:39:00,835,835,835,835,0
2022-11-10 14:40:00,835,835,835,835,0
2022-11-10 14:41:00,835,835,835,835,0
2022-11-10 14:42:00,840,840,840,840,200
2022-11-10 14:43:00,840,840,840,840,0
2022-11-10 14:44:00,835,835,835,835,100
2022-11-10 14:45:00,835,835,835,835,0
2022-11-10 14:46:00,835,835,835,835,0
2022-11-10 14:47:00,835,835,835,835,0
2022-11-10 14:48:00,835,835,835,835,11300
2022-11-10 14:49:00,835,835,835,835,400
2022-11-10 14:50:00,835,835,835,835,0
2022-11-10 14:51:00,835,835,835,835,0
2022-11-10 14:52:00,835,835,835,835,0
2022-11-10 14:53:00,835,835,835,835,0
2022-11-10 14:54:00,835,835,835,835,0
2022-11-10 14:55:00,835,835,835,835,0
2022-11-10 14:56:00,835,835,835,835,0
2022-11-10 14:57:00,835,835,835,835,0
2022-11-10 14:58:00,835,835,835,835,0
2022-11-10 14:59:00,835,835,835,835,0
2022-11-10 15:00:00,825,825,825,825,67000
2022-11-10 15:01:00,825,825,825,825,0
2022-11-10 15:02:00,825,825,825,825,0
2022-11-10 15:03:00,825,825,825,825,0
2022-11-10 15:04:00,825,825,825,825,0
2022-11-10 15:05:00,825,825,825,825,0
2022-11-10 15:06:00,825,825,825,825,0
2022-11-10 15:07:00,825,825,825,825,1000
2022-11-10 15:08:00,825,825,825,825,0
2022-11-10 15:09:00,825,825,825,825,0
2022-11-10 15:10:00,825,825,825,825,0
2022-11-10 15:11:00,825,825,825,825,0
2022-11-10 15:12:00,825,825,825,825,0
2022-11-10 15:13:00,825,825,825,825,0
2022-11-10 15:14:00,825,825,825,825,259800
2022-11-10 15:15:00,825,825,825,825,0
2022-11-10 15:16:00,825,825,825,825,0
2022-11-10 15:17:00,825,825,825,825,0
2022-11-10 15:18:00,825,825,825,825,0
2022-11-10 15:19:00,825,825,825,825,0
2022-11-10 15:20:00,825,825,825,825,0
2022-11-10 15:21:00,825,825,825,825,0
2022-11-10 15:22:00,825,825,825,825,0
2022-11-10 15:23:00,825,825,825,825,0
2022-11-10 15:24:00,825,825,825,825,0
2022-11-10 15:25:00,825,825,825,825,0
2022-11-10 15:26:00,825,825,825,825,0
2022-11-10 15:27:00,825,825,825,825,0
2022-11-10 15:28:00,825,825,825,825,0
2022-11-10 15:29:00,825,825,825,825,0
2022-11-10 15:30:00,825,825,825,825,0
2022-11-10 15:31:00,825,825,825,825,0
2022-11-10 15:32:00,825,825,825,825,0
2022-11-10 15:33:00,825,825,825,825,0
2022-11-10 15:34:00,825,825,825,825,0
2022-11-10 15:35:00,825,825,825,825,0
2022-11-10 15:36:00,825,825,825,825,0
2022-11-10 15:37:00,825,825,825,825,0
2022-11-10 15:38:00,825,825,825,825,0
2022-11-10 15:39:00,825,825,825,825,0
2022-11-10 15:40:00,825,825,825,825,0
2022-11-10 15:41:00,825,825,825,825,0
2022-11-10 15:42:00,825,825,825,825,0
2022-11-10 15:43:00,825,825,825,825,0
2022-11-10 15:44:00,825,825,825,825,0
2022-11-10 15:45:00,825,825,825,825,0
2022-11-10 15:46:00,825,825,825,825,0
2022-11-10 15:47:00,825,825,825,825,0
2022-11-10 15:48:00,825,825,825,825,0
2022-11-10 15:49:00,825,825,825,825,0
2022-11-10 15:50:00,825,825,825,825,0
2022-11-10 15:51:00,825,825,825,825,0
2022-11-10 15:52:00,825,825,825,825,0
2022-11-10 15:53:00,825,825,825,825,0
2022-11-10 15:54:00,825,825,825,825,0
2022-11-10 15:55:00,825,825,825,825,0
2022-11-10 15:56:00,825,825,825,825,0
2022-11-10 15:57:00,825,825,825,825,0
2022-11-10 15:58:00,825,825,825,825,0
2022-11-10 15:59:00,825,825,825,825,0
2022-11-11 09:00:00,825,825,825,825,0
2022-11-11 09:01:00,825,825,825,825,0
2022-11-11 09:02:00,825,825,825,825,1900
2022-11-11 09:03:00,825,825,845,845,0
2022-11-11 09:04:00,825,825,845,845,0
2022-11-11 09:05:00,825,825,845,845,0
2022-11-11 09:06:00,825,825,845,845,0
2022-11-11 09:07:00,825,825,845,845,0
2022-11-11 09:08:00,825,825,845,845,0
2022-11-11 09:09:00,825,825,845,845,0
2022-11-11 09:10:00,825,825,845,845,0
2022-11-11 09:11:00,825,825,845,845,0
2022-11-11 09:12:00,825,825,845,845,0
2022-11-11 09:13:00,825,825,845,845,0
2022-11-11 09:14:00,825,825,845,845,0
2022-11-11 09:15:00,825,825,845,845,0
2022-11-11 09:16:00,825,825,845,845,0
2022-11-11 09:17:00,825,825,845,845,0
2022-11-11 09:18:00,825,825,845,845,0
2022-11-11 09:19:00,825,825,845,845,0
2022-11-11 09:20:00,825,825,845,845,0
2022-11-11 09:21:00,825,825,845,845,0
2022-11-11 09:22:00,825,825,845,845,0
2022-11-11 09:23:00,825,825,845,845,0
2022-11-11 09:24:00,825,825,845,845,0
2022-11-11 09:25:00,825,825,845,845,0
2022-11-11 09:26:00,825,825,845,845,0
2022-11-11 09:27:00,825,825,845,845,0
2022-11-11 09:28:00,825,825,845,845,0
2022-11-11 09:29:00,840,840,840,840,1900
2022-11-11 09:30:00,840,840,840,840,0
2022-11-11 09:31:00,840,840,840,840,0
2022-11-11 09:32:00,840,840,840,840,0
2022-11-11 09:33:00,840,840,840,840,0
2022-11-11 09:34:00,835,835,835,835,0
2022-11-11 09:35:00,835,835,835,835,600
2022-11-11 09:36:00,835,835,835,835,0
2022-11-11 09:37:00,835,835,835,835,0
2022-11-11 09:38:00,830,830,830,830,0
2022-11-11 09:39:00,830,830,830,830,0
2022-11-11 09:40:00,830,830,830,830,0
2022-11-11 09:41:00,830,830,830,830,0
2022-11-11 09:42:00,830,830,830,830,0
2022-11-11 09:43:00,830,830,830,830,0
2022-11-11 09:44:00,830,830,830,830,0
2022-11-11 09:45:00,825,825,825,825,2600
2022-11-11 09:46:00,825,825,825,825,0
2022-11-11 09:47:00,825,825,825,825,0
2022-11-11 09:48:00,825,825,825,825,0
2022-11-11 09:49:00,825,825,825,825,0
2022-11-11 09:50:00,825,825,825,825,0
2022-11-11 09:51:00,825,825,825,825,0
2022-11-11 09:52:00,825,825,825,825,0
2022-11-11 09:53:00,825,825,825,825,0
2022-11-11 09:54:00,825,825,825,825,0
2022-11-11 09:55:00,825,825,825,825,0
2022-11-11 09:56:00,825,825,825,825,0
2022-11-11 09:57:00,825,825,825,825,0
2022-11-11 09:58:00,830,830,830,830,200
2022-11-11 09:59:00,830,830,830,830,0
2022-11-11 10:00:00,830,830,830,830,0
2022-11-11 10:01:00,830,830,830,830,0
2022-11-11 10:02:00,830,830,830,830,0
2022-11-11 10:03:00,830,825,830,825,32800
2022-11-11 10:04:00,830,825,830,825,0
2022-11-11 10:05:00,830,825,830,825,0
2022-11-11 10:06:00,830,825,830,825,0
2022-11-11 10:07:00,830,830,830,830,0
2022-11-11 10:08:00,830,830,830,830,0
2022-11-11 10:09:00,830,830,830,830,0
2022-11-11 10:10:00,830,830,830,830,0
2022-11-11 10:11:00,830,830,830,830,0
2022-11-11 10:12:00,830,830,830,830,0
2022-11-11 10:13:00,830,830,830,830,0
2022-11-11 10:14:00,830,830,830,830,0
2022-11-11 10:15:00,830,830,830,830,0
2022-11-11 10:16:00,825,825,830,830,46000
2022-11-11 10:17:00,825,825,830,830,0
2022-11-11 10:18:00,825,825,830,830,0
2022-11-11 10:19:00,825,825,830,830,0
2022-11-11 10:20:00,825,825,830,830,0
2022-11-11 10:21:00,825,825,830,830,0
2022-11-11 10:22:00,825,825,825,825,8800
2022-11-11 10:23:00,825,825,825,825,0
2022-11-11 10:24:00,825,825,825,825,0
2022-11-11 10:25:00,825,825,825,825,0
2022-11-11 10:26:00,825,825,825,825,0
2022-11-11 10:27:00,825,825,825,825,0
2022-11-11 10:28:00,825,825,825,825,0
2022-11-11 10:29:00,825,825,825,825,0
2022-11-11 10:30:00,825,825,825,825,2000
2022-11-11 10:31:00,825,825,825,825,0
2022-11-11 10:32:00,825,825,825,825,0
2022-11-11 10:33:00,825,825,825,825,0
2022-11-11 10:34:00,825,825,825,825,0
2022-11-11 10:35:00,825,825,825,825,0
2022-11-11 10:36:00,825,825,825,825,0
2022-11-11 10:37:00,825,825,825,825,0
2022-11-11 10:38:00,825,825,825,825,0
2022-11-11 10:39:00,825,825,825,825,0
2022-11-11 10:40:00,825,825,825,825,0
2022-11-11 10:41:00,825,825,825,825,0
2022-11-11 10:42:00,825,825,825,825,0
2022-11-11 10:43:00,825,825,825,825,0
2022-11-11 10:44:00,825,825,825,825,400
2022-11-11 10:45:00,825,825,825,825,0
2022-11-11 10:46:00,825,825,825,825,0
2022-11-11 10:47:00,825,825,825,825,0
2022-11-11 10:48:00,825,825,825,825,0
2022-11-11 10:49:00,820,820,820,820,22500
2022-11-11 10:50:00,820,820,820,820,0
2022-11-11 10:51:00,820,820,820,820,0
2022-11-11 10:52:00,825,825,825,825,12900
2022-11-11 10:53:00,825,825,825,825,0
2022-11-11 10:54:00,825,825,825,825,0
2022-11-11 10:55:00,825,825,825,825,0
2022-11-11 10:56:00,825,825,825,825,0
2022-11-11 10:57:00,825,825,825,825,0
2022-11-11 10:58:00,820,820,820,820,400
2022-11-11 10:59:00,825,825,825,825,4700
2022-11-11 11:00:00,825,825,825,825,0
2022-11-11 11:01:00,825,825,825,825,0
2022-11-11 11:02:00,825,825,825,825,0
2022-11-11 11:03:00,825,825,825,825,0
2022-11-11 11:04:00,830,830,830,830,0
2022-11-11 11:05:00,830,830,830,830,0
2022-11-11 11:06:00,830,830,830,830,0
2022-11-11 11:07:00,830,830,830,830,0
2022-11-11 11:08:00,830,830,830,830,0
2022-11-11 11:09:00,830,830,830,830,0
2022-11-11 11:10:00,830,830,830,830,0
2022-11-11 11:11:00,830,830,830,830,0
2022-11-11 11:12:00,830,830,830,830,0
2022-11-11 11:13:00,830,830,830,830,0
2022-11-11 11:14:00,830,825,830,825,2300
2022-11-11 11:15:00,830,825,830,825,0
2022-11-11 11:16:00,830,825,830,825,0
2022-11-11 11:17:00,830,825,830,825,0
2022-11-11 11:18:00,830,825,830,825,0
2022-11-11 11:19:00,830,825,830,825,0
2022-11-11 11:20:00,830,825,830,825,0
2022-11-11 11:21:00,830,825,830,825,0
2022-11-11 11:22:00,830,825,830,825,0
2022-11-11 11:23:00,830,825,830,825,0
2022-11-11 11:24:00,825,825,825,825,24100
2022-11-11 11:25:00,825,825,825,825,0
2022-11-11 11:26:00,825,825,825,825,0
2022-11-11 11:27:00,825,825,825,825,0
2022-11-11 11:28:00,825,825,825,825,0
2022-11-11 11:29:00,825,825,825,825,0
2022-11-11 11:30:00,825,825,825,825,0
2022-11-11 11:31:00,825,825,825,825,0
2022-11-11 11:32:00,825,825,825,825,0
2022-11-11 11:33:00,825,825,825,825,0
2022-11-11 11:34:00,825,825,825,825,0
2022-11-11 11:35:00,825,825,825,825,0
2022-11-11 11:36:00,825,825,825,825,0
2022-11-11 11:37:00,825,825,825,825,0
2022-11-11 11:38:00,825,825,825,825,0
2022-11-11 11:39:00,825,825,825,825,0
2022-11-11 11:40:00,825,825,825,825,0
2022-11-11 11:41:00,825,825,825,825,0
2022-11-11 11:42:00,825,825,825,825,0
2022-11-11 11:43:00,825,825,825,825,0
2022-11-11 11:44:00,825,825,825,825,0
2022-11-11 11:45:00,825,825,825,825,0
2022-11-11 11:46:00,825,825,825,825,0
2022-11-11 11:47:00,825,825,825,825,0
2022-11-11 11:48:00,825,825,825,825,0
2022-11-11 11:49:00,825,825,825,825,0
2022-11-11 11:50:00,825,825,825,825,0
2022-11-11 11:51:00,825,825,825,825,0
2022-11-11 11:52:00,825,825,825,825,0
2022-11-11 11:53:00,825,825,825,825,0
2022-11-11 11:54:00,825,825,825,825,0
2022-11-11 11:55:00,825,825,825,825,0
2022-11-11 11:56:00,825,825,825,825,0
2022-11-11 11:57:00,825,825,825,825,0
2022-11-11 11:58:00,825,825,825,825,0
2022-11-11 11:59:00,825,825,825,825,0
2022-11-11 12:00:00,825,825,825,825,0
2022-11-11 12:01:00,825,825,825,825,0
2022-11-11 12:02:00,825,825,825,825,0
2022-11-11 12:03:00,825,825,825,825,0
2022-11-11 12:04:00,825,825,825,825,0
2022-11-11 12:05:00,825,825,825,825,0
2022-11-11 12:06:00,825,825,825,825,0
2022-11-11 12:07:00,825,825,825,825,0
2022-11-11 12:08:00,825,825,825,825,0
2022-11-11 12:09:00,825,825,825,825,0
2022-11-11 12:10:00,825,825,825,825,0
2022-11-11 12:11:00,825,825,825,825,0
2022-11-11 12:12:00,825,825,825,825,0
2022-11-11 12:13:00,825,825,825,825,0
2022-11-11 12:14:00,825,825,825,825,0
2022-11-11 12:15:00,825,825,825,825,0
2022-11-11 12:16:00,825,825,825,825,0
2022-11-11 12:17:00,825,825,825,825,0
2022-11-11 12:18:00,825,825,825,825,0
2022-11-11 12:19:00,825,825,825,825,0
2022-11-11 12:20:00,825,825,825,825,0
2022-11-11 12:21:00,825,825,825,825,0
2022-11-11 12:22:00,825,825,825,825,0
2022-11-11 12:23:00,825,825,825,825,0
2022-11-11 12:24:00,825,825,825,825,0
2022-11-11 12:25:00,825,825,825,825,0
2022-11-11 12:26:00,825,825,825,825,0
2022-11-11 12:27:00,825,825,825,825,0
2022-11-11 12:28:00,825,825,825,825,0
2022-11-11 12:29:00,825,825,825,825,0
2022-11-11 12:30:00,825,825,825,825,0
2022-11-11 12:31:00,825,825,825,825,0
2022-11-11 12:32:00,825,825,825,825,0
2022-11-11 12:33:00,825,825,825,825,0
2022-11-11 12:34:00,825,825,825,825,0
2022-11-11 12:35:00,825,825,825,825,0
2022-11-11 12:36:00,825,825,825,825,0
2022-11-11 12:37:00,825,825,825,825,0
2022-11-11 12:38:00,825,825,825,825,0
2022-11-11 12:39:00,825,825,825,825,0
2022-11-11 12:40:00,825,825,825,825,0
2022-11-11 12:41:00,825,825,825,825,0
2022-11-11 12:42:00,825,825,825,825,0
2022-11-11 12:43:00,825,825,825,825,0
2022-11-11 12:44:00,825,825,825,825,0
2022-11-11 12:45:00,825,825,825,825,0
2022-11-11 12:46:00,825,825,825,825,0
2022-11-11 12:47:00,825,825,825,825,0
2022-11-11 12:48:00,825,825,825,825,0
2022-11-11 12:49:00,825,825,825,825,0
2022-11-11 12:50:00,825,825,825,825,0
2022-11-11 12:51:00,825,825,825,825,0
2022-11-11 12:52:00,825,825,825,825,0
2022-11-11 12:53:00,825,825,825,825,0
2022-11-11 12:54:00,825,825,825,825,0
2022-11-11 12:55:00,825,825,825,825,0
2022-11-11 12:56:00,825,825,825,825,0
2022-11-11 12:57:00,825,825,825,825,0
2022-11-11 12:58:00,825,825,825,825,0
2022-11-11 12:59:00,825,825,825,825,0
2022-11-11 13:00:00,825,825,825,825,0
2022-11-11 13:01:00,825,825,825,825,0
2022-11-11 13:02:00,825,825,825,825,0
2022-11-11 13:03:00,825,825,825,825,0
2022-11-11 13:04:00,825,825,825,825,0
2022-11-11 13:05:00,825,825,825,825,0
2022-11-11 13:06:00,825,825,825,825,0
2022-11-11 13:07:00,825,825,825,825,0
2022-11-11 13:08:00,825,825,825,825,0
2022-11-11 13:09:00,825,825,825,825,0
2022-11-11 13:10:00,825,825,825,825,0
2022-11-11 13:11:00,825,825,825,825,0
2022-11-11 13:12:00,825,825,825,825,0
2022-11-11 13:13:00,825,825,825,825,0
2022-11-11 13:14:00,825,825,825,825,0
2022-11-11 13:15:00,825,825,825,825,0
2022-11-11 13:16:00,825,825,825,825,0
2022-11-11 13:17:00,825,825,825,825,0
2022-11-11 13:18:00,825,825,825,825,0
2022-11-11 13:19:00,825,825,825,825,0
2022-11-11 13:20:00,825,825,825,825,0
2022-11-11 13:21:00,825,825,825,825,0
2022-11-11 13:22:00,825,825,825,825,0
2022-11-11 13:23:00,825,825,825,825,0
2022-11-11 13:24:00,825,825,825,825,0
2022-11-11 13:25:00,825,825,825,825,0
2022-11-11 13:26:00,825,825,825,825,0
2022-11-11 13:27:00,825,825,825,825,0
2022-11-11 13:28:00,825,825,825,825,0
2022-11-11 13:29:00,825,825,825,825,0
2022-11-11 13:30:00,825,825,825,825,0
2022-11-11 13:31:00,825,825,825,825,0
2022-11-11 13:32:00,825,825,825,825,0
2022-11-11 13:33:00,825,825,825,825,0
2022-11-11 13:34:00,825,825,825,825,0
2022-11-11 13:35:00,825,825,825,825,0
2022-11-11 13:36:00,825,825,825,825,0
2022-11-11 13:37:00,825,825,825,825,0
2022-11-11 13:38:00,825,825,825,825,0
2022-11-11 13:39:00,825,825,825,825,0
2022-11-11 13:40:00,825,825,825,825,0
2022-11-11 13:41:00,825,825,825,825,0
2022-11-11 13:42:00,825,825,825,825,0
2022-11-11 13:43:00,825,825,825,825,0
2022-11-11 13:44:00,825,825,825,825,0
2022-11-11 13:45:00,825,825,825,825,21300
2022-11-11 13:46:00,830,830,830,830,40600
2022-11-11 13:47:00,830,830,830,830,0
2022-11-11 13:48:00,830,830,830,830,0
2022-11-11 13:49:00,830,830,830,830,0
2022-11-11 13:50:00,830,830,830,830,0
2022-11-11 13:51:00,830,830,830,830,0
2022-11-11 13:52:00,830,830,830,830,0
2022-11-11 13:53:00,830,830,830,830,0
2022-11-11 13:54:00,830,830,830,830,0
2022-11-11 13:55:00,830,830,830,830,0
2022-11-11 13:56:00,830,830,830,830,0
2022-11-11 13:57:00,830,830,830,830,0
2022-11-11 13:58:00,830,830,830,830,0
2022-11-11 13:59:00,830,830,830,830,0
2022-11-11 14:00:00,830,830,830,830,0
2022-11-11 14:01:00,830,830,830,830,0
2022-11-11 14:02:00,825,825,825,825,3900
2022-11-11 14:03:00,825,825,825,825,0
2022-11-11 14:04:00,825,825,825,825,0
2022-11-11 14:05:00,825,825,825,825,0
2022-11-11 14:06:00,825,825,825,825,0
2022-11-11 14:07:00,825,825,825,825,0
2022-11-11 14:08:00,825,825,825,825,0
2022-11-11 14:09:00,825,825,825,825,0
2022-11-11 14:10:00,825,825,825,825,0
2022-11-11 14:11:00,825,825,825,825,0
2022-11-11 14:12:00,825,825,825,825,0
2022-11-11 14:13:00,825,825,825,825,0
2022-11-11 14:14:00,825,825,825,825,0
2022-11-11 14:15:00,825,825,825,825,0
2022-11-11 14:16:00,825,825,825,825,0
2022-11-11 14:17:00,825,825,825,825,0
2022-11-11 14:18:00,825,825,825,825,0
2022-11-11 14:19:00,835,835,835,835,100
2022-11-11 14:20:00,835,835,835,835,0
2022-11-11 14:21:00,835,835,835,835,0
2022-11-11 14:22:00,835,835,835,835,0
2022-11-11 14:23:00,835,835,835,835,0
2022-11-11 14:24:00,835,835,835,835,0
2022-11-11 14:25:00,835,835,835,835,0
2022-11-11 14:26:00,835,835,835,835,0
2022-11-11 14:27:00,835,835,835,835,0
2022-11-11 14:28:00,835,835,835,835,0
2022-11-11 14:29:00,835,835,835,835,0
2022-11-11 14:30:00,835,835,835,835,0
2022-11-11 14:31:00,835,835,835,835,0
2022-11-11 14:32:00,835,835,835,835,0
2022-11-11 14:33:00,835,835,835,835,0
2022-11-11 14:34:00,835,835,835,835,0
2022-11-11 14:35:00,835,835,835,835,0
2022-11-11 14:36:00,835,835,835,835,0
2022-11-11 14:37:00,835,835,835,835,0
2022-11-11 14:38:00,835,835,835,835,0
2022-11-11 14:39:00,835,835,835,835,0
2022-11-11 14:40:00,835,835,835,835,0
2022-11-11 14:41:00,835,835,835,835,0
2022-11-11 14:42:00,835,835,835,835,0
2022-11-11 14:43:00,835,835,835,835,0
2022-11-11 14:44:00,835,835,835,835,0
2022-11-11 14:45:00,835,835,835,835,0
2022-11-11 14:46:00,835,835,835,835,0
2022-11-11 14:47:00,835,835,835,835,0
2022-11-11 14:48:00,835,835,835,835,0
2022-11-11 14:49:00,835,835,835,835,0
2022-11-11 14:50:00,835,835,835,835,0
2022-11-11 14:51:00,835,835,835,835,0
2022-11-11 14:52:00,835,835,835,835,0
2022-11-11 14:53:00,835,835,835,835,0
2022-11-11 14:54:00,835,835,835,835,0
2022-11-11 14:55:00,835,835,835,835,0
2022-11-11 14:56:00,835,835,835,835,0
2022-11-11 14:57:00,835,835,835,835,0
2022-11-11 14:58:00,835,835,835,835,0
2022-11-11 14:59:00,835,835,835,835,0
2022-11-11 15:00:00,845,845,845,845,26300
2022-11-11 15:01:00,845,845,845,845,1800
2022-11-11 15:02:00,845,845,845,845,0
2022-11-11 15:03:00,845,845,845,845,0
2022-11-11 15:04:00,845,845,845,845,0
2022-11-11 15:05:00,845,845,845,845,0
2022-11-11 15:06:00,845,845,845,845,0
2022-11-11 15:07:00,845,845,845,845,0
2022-11-11 15:08:00,845,845,845,845,0
2022-11-11 15:09:00,845,845,845,845,0
2022-11-11 15:10:00,845,845,845,845,0
2022-11-11 15:11:00,845,845,845,845,239500
2022-11-11 15:12:00,845,845,845,845,0
2022-11-11 15:13:00,845,845,845,845,0
2022-11-11 15:14:00,845,845,845,845,0
2022-11-11 15:15:00,845,845,845,845,0
2022-11-11 15:16:00,845,845,845,845,0
2022-11-11 15:17:00,845,845,845,845,0
2022-11-11 15:18:00,845,845,845,845,0
2022-11-11 15:19:00,845,845,845,845,0
2022-11-11 15:20:00,845,845,845,845,0
2022-11-11 15:21:00,845,845,845,845,0
2022-11-11 15:22:00,845,845,845,845,0
2022-11-11 15:23:00,845,845,845,845,0
2022-11-11 15:24:00,845,845,845,845,0
2022-11-11 15:25:00,845,845,845,845,0
2022-11-11 15:26:00,845,845,845,845,0
2022-11-11 15:27:00,845,845,845,845,0
2022-11-11 15:28:00,845,845,845,845,0
2022-11-11 15:29:00,845,845,845,845,0
2022-11-11 15:30:00,845,845,845,845,0
2022-11-11 15:31:00,845,845,845,845,0
2022-11-11 15:32:00,845,845,845,845,0
2022-11-11 15:33:00,845,845,845,845,0
2022-11-11 15:34:00,845,845,845,845,0
2022-11-11 15:35:00,845,845,845,845,0
2022-11-11 15:36:00,845,845,845,845,0
2022-11-11 15:37:00,845,845,845,845,0
2022-11-11 15:38:00,845,845,845,845,0
2022-11-11 15:39:00,845,845,845,845,0
2022-11-11 15:40:00,845,845,845,845,0
2022-11-11 15:41:00,845,845,845,845,0
2022-11-11 15:42:00,845,845,845,845,0
2022-11-11 15:43:00,845,845,845,845,0
2022-11-11 15:44:00,845,845,845,845,0
2022-11-11 15:45:00,845,845,845,845,0
2022-11-11 15:46:00,845,845,845,845,0
2022-11-11 15:47:00,845,845,845,845,0
2022-11-11 15:48:00,845,845,845,845,0
2022-11-11 15:49:00,845,845,845,845,0
2022-11-11 15:50:00,845,845,845,845,0
2022-11-11 15:51:00,845,845,845,845,0
2022-11-11 15:52:00,845,845,845,845,0
2022-11-11 15:53:00,845,845,845,845,0
2022-11-11 15:54:00,845,845,845,845,0
2022-11-11 15:55:00,845,845,845,845,0
2022-11-11 15:56:00,845,845,845,845,0
2022-11-11 15:57:00,845,845,845,845,0
2022-11-11 15:58:00,845,845,845,845,0
2022-11-11 15:59:00,845,845,845,845,0
2022-11-14 09:00:00,845,845,845,845,0
2022-11-14 09:01:00,845,845,845,845,0
2022-11-14 09:02:00,845,845,845,845,0
2022-11-14 09:03:00,845,845,845,845,0
2022-11-14 09:04:00,845,845,845,845,0
2022-11-14 09:05:00,845,845,845,845,0
2022-11-14 09:06:00,845,845,845,845,5900
2022-11-14 09:07:00,845,845,845,845,0
2022-11-14 09:08:00,845,845,845,845,0
2022-11-14 09:09:00,845,845,845,845,0
2022-11-14 09:10:00,845,845,845,845,13100
2022-11-14 09:11:00,845,845,845,845,0
2022-11-14 09:12:00,845,845,845,845,0
2022-11-14 09:13:00,845,845,845,845,0
2022-11-14 09:14:00,845,845,845,845,0
2022-11-14 09:15:00,845,845,845,845,0
2022-11-14 09:16:00,845,845,845,845,2800
2022-11-14 09:17:00,845,845,845,845,0
2022-11-14 09:18:00,845,845,845,845,0
2022-11-14 09:19:00,845,845,845,845,0
2022-11-14 09:20:00,845,845,845,845,0
2022-11-14 09:21:00,845,845,845,845,0
2022-11-14 09:22:00,845,845,845,845,0
2022-11-14 09:23:00,845,845,845,845,0
2022-11-14 09:24:00,845,845,845,845,0
2022-11-14 09:25:00,845,845,845,845,0
2022-11-14 09:26:00,845,845,845,845,0
2022-11-14 09:27:00,845,845,845,845,0
2022-11-14 09:28:00,845,845,845,845,0
2022-11-14 09:29:00,845,845,845,845,0
2022-11-14 09:30:00,845,845,845,845,1500
2022-11-14 09:31:00,845,845,845,845,0
2022-11-14 09:32:00,845,845,845,845,0
2022-11-14 09:33:00,845,845,845,845,0
2022-11-14 09:34:00,845,845,845,845,0
2022-11-14 09:35:00,845,845,845,845,0
2022-11-14 09:36:00,845,845,845,845,0
2022-11-14 09:37:00,845,845,845,845,0
2022-11-14 09:38:00,845,845,845,845,500
2022-11-14 09:39:00,845,845,845,845,0
2022-11-14 09:40:00,845,845,845,845,0
2022-11-14 09:41:00,845,845,845,845,0
2022-11-14 09:42:00,845,845,845,845,0
2022-11-14 09:43:00,845,845,845,845,0
2022-11-14 09:44:00,845,845,845,845,0
2022-11-14 09:45:00,845,845,845,845,0
2022-11-14 09:46:00,845,845,845,845,0
2022-11-14 09:47:00,845,845,845,845,0
2022-11-14 09:48:00,845,845,845,845,0
2022-11-14 09:49:00,845,845,845,845,0
2022-11-14 09:50:00,845,845,845,845,0
2022-11-14 09:51:00,845,845,845,845,0
2022-11-14 09:52:00,845,845,845,845,0
2022-11-14 09:53:00,845,845,845,845,0
2022-11-14 09:54:00,845,845,845,845,0
2022-11-14 09:55:00,845,845,845,845,0
2022-11-14 09:56:00,845,845,845,845,0
2022-11-14 09:57:00,845,845,845,845,0
2022-11-14 09:58:00,845,845,845,845,0
2022-11-14 09:59:00,845,845,845,845,0
2022-11-14 10:00:00,845,845,845,845,0
2022-11-14 10:01:00,845,845,845,845,0
2022-11-14 10:02:00,840,840,840,840,200
2022-11-14 10:03:00,840,840,840,840,0
2022-11-14 10:04:00,840,840,840,840,0
2022-11-14 10:05:00,840,840,840,840,0
2022-11-14 10:06:00,840,840,840,840,0
2022-11-14 10:07:00,840,840,840,840,0
2022-11-14 10:08:00,840,840,840,840,0
2022-11-14 10:09:00,840,840,840,840,0
2022-11-14 10:10:00,840,840,840,840,0
2022-11-14 10:11:00,840,840,840,840,0
2022-11-14 10:12:00,840,840,840,840,0
2022-11-14 10:13:00,840,840,840,840,0
2022-11-14 10:14:00,840,840,840,840,0
2022-11-14 10:15:00,840,840,840,840,0
2022-11-14 10:16:00,840,840,840,840,0
2022-11-14 10:17:00,840,840,840,840,0
2022-11-14 10:18:00,840,840,840,840,100
2022-11-14 10:19:00,840,840,840,840,0
2022-11-14 10:20:00,840,840,840,840,0
2022-11-14 10:21:00,840,840,840,840,0
2022-11-14 10:22:00,840,840,840,840,0
2022-11-14 10:23:00,840,840,840,840,0
2022-11-14 10:24:00,840,840,840,840,0
2022-11-14 10:25:00,840,840,840,840,0
2022-11-14 10:26:00,840,840,840,840,0
2022-11-14 10:27:00,840,840,840,840,0
2022-11-14 10:28:00,840,840,840,840,0
2022-11-14 10:29:00,840,840,840,840,0
2022-11-14 10:30:00,840,840,840,840,0
2022-11-14 10:31:00,840,840,840,840,0
2022-11-14 10:32:00,840,835,840,835,4400
2022-11-14 10:33:00,840,835,840,835,0
2022-11-14 10:34:00,840,835,840,835,0
2022-11-14 10:35:00,840,835,840,835,0
2022-11-14 10:36:00,840,835,840,835,0
2022-11-14 10:37:00,840,835,840,835,0
2022-11-14 10:38:00,840,835,840,835,0
2022-11-14 10:39:00,840,835,840,835,0
2022-11-14 10:40:00,840,835,840,835,0
2022-11-14 10:41:00,840,835,840,835,0
2022-11-14 10:42:00,840,835,840,835,0
2022-11-14 10:43:00,840,835,840,835,0
2022-11-14 10:44:00,840,835,840,835,0
2022-11-14 10:45:00,840,835,840,835,0
2022-11-14 10:46:00,840,835,840,835,0
2022-11-14 10:47:00,840,835,840,835,0
2022-11-14 10:48:00,840,835,840,835,0
2022-11-14 10:49:00,840,835,840,835,0
2022-11-14 10:50:00,840,835,840,835,0
2022-11-14 10:51:00,840,835,840,835,0
2022-11-14 10:52:00,840,835,840,835,0
2022-11-14 10:53:00,840,835,840,835,0
2022-11-14 10:54:00,840,835,840,835,0
2022-11-14 10:55:00,840,835,840,835,0
2022-11-14 10:56:00,840,835,840,835,0
2022-11-14 10:57:00,840,835,840,835,0
2022-11-14 10:58:00,840,835,840,835,0
2022-11-14 10:59:00,840,835,840,835,0
2022-11-14 11:00:00,840,835,840,835,0
2022-11-14 11:01:00,840,835,840,835,0
2022-11-14 11:02:00,840,835,840,835,0
2022-11-14 11:03:00,840,835,840,835,0
2022-11-14 11:04:00,840,835,840,835,0
2022-11-14 11:05:00,840,835,840,835,0
2022-11-14 11:06:00,840,840,840,840,10000
2022-11-14 11:07:00,840,840,840,840,0
2022-11-14 11:08:00,840,840,840,840,0
2022-11-14 11:09:00,840,840,840,840,0
2022-11-14 11:10:00,840,840,840,840,0
2022-11-14 11:11:00,840,840,840,840,400
2022-11-14 11:12:00,840,840,840,840,0
2022-11-14 11:13:00,835,835,835,835,4300
2022-11-14 11:14:00,835,835,835,835,0
2022-11-14 11:15:00,835,835,835,835,0
2022-11-14 11:16:00,835,835,835,835,0
2022-11-14 11:17:00,835,835,835,835,0
2022-11-14 11:18:00,835,835,835,835,0
2022-11-14 11:19:00,835,835,835,835,0
2022-11-14 11:20:00,835,835,835,835,0
2022-11-14 11:21:00,835,835,835,835,0
2022-11-14 11:22:00,835,835,835,835,0
2022-11-14 11:23:00,835,835,835,835,0
2022-11-14 11:24:00,835,835,835,835,0
2022-11-14 11:25:00,835,835,835,835,0
2022-11-14 11:26:00,835,835,835,835,0
2022-11-14 11:27:00,835,835,835,835,0
2022-11-14 11:28:00,835,835,835,835,0
2022-11-14 11:29:00,835,835,835,835,0
2022-11-14 11:30:00,835,835,835,835,0
2022-11-14 11:31:00,835,835,835,835,0
2022-11-14 11:32:00,835,835,835,835,0
2022-11-14 11:33:00,835,835,835,835,0
2022-11-14 11:34:00,835,835,835,835,0
2022-11-14 11:35:00,835,835,835,835,0
2022-11-14 11:36:00,835,835,835,835,0
2022-11-14 11:37:00,835,835,835,835,0
2022-11-14 11:38:00,835,835,835,835,0
2022-11-14 11:39:00,835,835,835,835,0
2022-11-14 11:40:00,835,835,835,835,0
2022-11-14 11:41:00,835,835,835,835,0
2022-11-14 11:42:00,835,835,835,835,0
2022-11-14 11:43:00,835,835,835,835,0
2022-11-14 11:44:00,835,835,835,835,0
2022-11-14 11:45:00,835,835,835,835,0
2022-11-14 11:46:00,835,835,835,835,0
2022-11-14 11:47:00,835,835,835,835,0
2022-11-14 11:48:00,835,835,835,835,0
2022-11-14 11:49:00,835,835,835,835,0
2022-11-14 11:50:00,835,835,835,835,0
2022-11-14 11:51:00,835,835,835,835,0
2022-11-14 11:52:00,835,835,835,835,0
2022-11-14 11:53:00,835,835,835,835,0
2022-11-14 11:54:00,835,835,835,835,0
2022-11-14 11:55:00,835,835,835,835,0
2022-11-14 11:56:00,835,835,835,835,0
2022-11-14 11:57:00,835,835,835,835,0
2022-11-14 11:58:00,835,835,835,835,0
2022-11-14 11:59:00,835,835,835,835,0
2022-11-14 12:00:00,835,835,835,835,0
2022-11-14 12:01:00,835,835,835,835,0
2022-11-14 12:02:00,835,835,835,835,0
2022-11-14 12:03:00,835,835,835,835,0
2022-11-14 12:04:00,835,835,835,835,0
2022-11-14 12:05:00,835,835,835,835,0
2022-11-14 12:06:00,835,835,835,835,0
2022-11-14 12:07:00,835,835,835,835,0
2022-11-14 12:08:00,835,835,835,835,0
2022-11-14 12:09:00,835,835,835,835,0
2022-11-14 12:10:00,835,835,835,835,0
2022-11-14 12:11:00,835,835,835,835,0
2022-11-14 12:12:00,835,835,835,835,0
2022-11-14 12:13:00,835,835,835,835,0
2022-11-14 12:14:00,835,835,835,835,0
2022-11-14 12:15:00,835,835,835,835,0
2022-11-14 12:16:00,835,835,835,835,0
2022-11-14 12:17:00,835,835,835,835,0
2022-11-14 12:18:00,835,835,835,835,0
2022-11-14 12:19:00,835,835,835,835,0
2022-11-14 12:20:00,835,835,835,835,0
2022-11-14 12:21:00,835,835,835,835,0
2022-11-14 12:22:00,835,835,835,835,0
2022-11-14 12:23:00,835,835,835,835,0
2022-11-14 12:24:00,835,835,835,835,0
2022-11-14 12:25:00,835,835,835,835,0
2022-11-14 12:26:00,835,835,835,835,0
2022-11-14 12:27:00,835,835,835,835,0
2022-11-14 12:28:00,835,835,835,835,0
2022-11-14 12:29:00,835,835,835,835,0
2022-11-14 12:30:00,835,835,835,835,0
2022-11-14 12:31:00,835,835,835,835,0
2022-11-14 12:32:00,835,835,835,835,0
2022-11-14 12:33:00,835,835,835,835,0
2022-11-14 12:34:00,835,835,835,835,0
2022-11-14 12:35:00,835,835,835,835,0
2022-11-14 12:36:00,835,835,835,835,0
2022-11-14 12:37:00,835,835,835,835,0
2022-11-14 12:38:00,835,835,835,835,0
2022-11-14 12:39:00,835,835,835,835,0
2022-11-14 12:40:00,835,835,835,835,0
2022-11-14 12:41:00,835,835,835,835,0
2022-11-14 12:42:00,835,835,835,835,0
2022-11-14 12:43:00,835,835,835,835,0
2022-11-14 12:44:00,835,835,835,835,0
2022-11-14 12:45:00,835,835,835,835,0
2022-11-14 12:46:00,835,835,835,835,0
2022-11-14 12:47:00,835,835,835,835,0
2022-11-14 12:48:00,835,835,835,835,0
2022-11-14 12:49:00,835,835,835,835,0
2022-11-14 12:50:00,835,835,835,835,0
2022-11-14 12:51:00,835,835,835,835,0
2022-11-14 12:52:00,835,835,835,835,0
2022-11-14 12:53:00,835,835,835,835,0
2022-11-14 12:54:00,835,835,835,835,0
2022-11-14 12:55:00,835,835,835,835,0
2022-11-14 12:56:00,835,835,835,835,0
2022-11-14 12:57:00,835,835,835,835,0
2022-11-14 12:58:00,835,835,835,835,0
2022-11-14 12:59:00,835,835,835,835,0
2022-11-14 13:00:00,835,835,835,835,0
2022-11-14 13:01:00,835,835,835,835,0
2022-11-14 13:02:00,835,835,835,835,0
2022-11-14 13:03:00,835,835,835,835,0
2022-11-14 13:04:00,835,835,835,835,0
2022-11-14 13:05:00,835,835,835,835,0
2022-11-14 13:06:00,835,835,835,835,0
2022-11-14 13:07:00,835,835,835,835,0
2022-11-14 13:08:00,835,835,835,835,0
2022-11-14 13:09:00,835,835,835,835,0
2022-11-14 13:10:00,835,835,835,835,0
2022-11-14 13:11:00,835,835,835,835,0
2022-11-14 13:12:00,835,835,835,835,0
2022-11-14 13:13:00,835,835,835,835,0
2022-11-14 13:14:00,835,835,835,835,0
2022-11-14 13:15:00,835,835,835,835,0
2022-11-14 13:16:00,835,835,835,835,0
2022-11-14 13:17:00,835,835,835,835,0
2022-11-14 13:18:00,835,835,835,835,0
2022-11-14 13:19:00,835,835,835,835,0
2022-11-14 13:20:00,835,835,835,835,0
2022-11-14 13:21:00,835,835,835,835,0
2022-11-14 13:22:00,835,835,835,835,0
2022-11-14 13:23:00,835,835,835,835,0
2022-11-14 13:24:00,835,835,835,835,0
2022-11-14 13:25:00,835,835,835,835,0
2022-11-14 13:26:00,835,835,835,835,0
2022-11-14 13:27:00,835,835,835,835,0
2022-11-14 13:28:00,835,835,835,835,0
2022-11-14 13:29:00,835,835,835,835,0
2022-11-14 13:30:00,835,835,835,835,8400
2022-11-14 13:31:00,835,835,835,835,0
2022-11-14 13:32:00,835,835,835,835,0
2022-11-14 13:33:00,835,835,835,835,0
2022-11-14 13:34:00,840,840,840,840,2200
2022-11-14 13:35:00,840,840,840,840,0
2022-11-14 13:36:00,840,840,840,840,0
2022-11-14 13:37:00,840,840,840,840,0
2022-11-14 13:38:00,840,840,840,840,0
2022-11-14 13:39:00,840,840,840,840,0
2022-11-14 13:40:00,840,840,840,840,100
2022-11-14 13:41:00,840,840,840,840,0
2022-11-14 13:42:00,840,840,840,840,0
2022-11-14 13:43:00,840,840,840,840,0
2022-11-14 13:44:00,840,840,840,840,0
2022-11-14 13:45:00,840,840,840,840,0
2022-11-14 13:46:00,840,840,840,840,0
2022-11-14 13:47:00,840,840,840,840,0
2022-11-14 13:48:00,840,840,840,840,0
2022-11-14 13:49:00,840,840,840,840,0
2022-11-14 13:50:00,840,840,840,840,0
2022-11-14 13:51:00,840,840,840,840,0
2022-11-14 13:52:00,840,840,840,840,0
2022-11-14 13:53:00,840,840,840,840,0
2022-11-14 13:54:00,840,840,840,840,0
2022-11-14 13:55:00,840,840,840,840,0
2022-11-14 13:56:00,840,840,840,840,0
2022-11-14 13:57:00,840,840,840,840,0
2022-11-14 13:58:00,840,840,840,840,1000
2022-11-14 13:59:00,840,840,840,840,500
2022-11-14 14:00:00,840,840,840,840,0
2022-11-14 14:01:00,840,840,840,840,0
2022-11-14 14:02:00,840,840,840,840,0
2022-11-14 14:03:00,840,840,840,840,0
2022-11-14 14:04:00,840,840,840,840,0
2022-11-14 14:05:00,840,840,840,840,0
2022-11-14 14:06:00,840,840,840,840,0
2022-11-14 14:07:00,840,840,840,840,0
2022-11-14 14:08:00,840,840,840,840,0
2022-11-14 14:09:00,840,840,840,840,0
2022-11-14 14:10:00,840,840,840,840,2400
2022-11-14 14:11:00,840,840,840,840,0
2022-11-14 14:12:00,840,840,840,840,0
2022-11-14 14:13:00,840,840,840,840,0
2022-11-14 14:14:00,840,840,840,840,0
2022-11-14 14:15:00,840,840,840,840,0
2022-11-14 14:16:00,840,840,840,840,0
2022-11-14 14:17:00,840,840,840,840,0
2022-11-14 14:18:00,840,840,840,840,0
2022-11-14 14:19:00,840,840,840,840,17000
2022-11-14 14:20:00,840,840,840,840,0
2022-11-14 14:21:00,835,835,835,835,16400
2022-11-14 14:22:00,835,835,835,835,0
2022-11-14 14:23:00,835,835,835,835,0
2022-11-14 14:24:00,835,835,835,835,0
2022-11-14 14:25:00,835,835,835,835,1300
2022-11-14 14:26:00,835,835,835,835,0
2022-11-14 14:27:00,835,835,835,835,0
2022-11-14 14:28:00,835,835,835,835,7200
2022-11-14 14:29:00,835,835,835,835,0
2022-11-14 14:30:00,835,835,835,835,0
2022-11-14 14:31:00,835,835,835,835,0
2022-11-14 14:32:00,835,835,835,835,0
2022-11-14 14:33:00,835,835,835,835,0
2022-11-14 14:34:00,835,835,835,835,500
2022-11-14 14:35:00,835,835,835,835,0
2022-11-14 14:36:00,835,835,835,835,0
2022-11-14 14:37:00,835,835,835,835,0
2022-11-14 14:38:00,835,835,835,835,0
2022-11-14 14:39:00,835,835,835,835,0
2022-11-14 14:40:00,840,840,840,840,20000
2022-11-14 14:41:00,840,840,840,840,0
2022-11-14 14:42:00,840,840,840,840,0
2022-11-14 14:43:00,840,840,840,840,0
2022-11-14 14:44:00,840,840,840,840,0
2022-11-14 14:45:00,840,840,840,840,0
2022-11-14 14:46:00,840,840,840,840,0
2022-11-14 14:47:00,840,840,840,840,0
2022-11-14 14:48:00,840,840,840,840,0
2022-11-14 14:49:00,840,840,840,840,0
2022-11-14 14:50:00,840,840,840,840,0
2022-11-14 14:51:00,840,840,840,840,0
2022-11-14 14:52:00,840,840,840,840,0
2022-11-14 14:53:00,840,840,840,840,0
2022-11-14 14:54:00,840,840,840,840,0
2022-11-14 14:55:00,840,840,840,840,0
2022-11-14 14:56:00,840,840,840,840,0
2022-11-14 14:57:00,840,840,840,840,0
2022-11-14 14:58:00,840,840,840,840,0
2022-11-14 14:59:00,840,840,840,840,0
2022-11-14 15:00:00,835,835,835,835,2800
2022-11-14 15:01:00,835,835,835,835,0
2022-11-14 15:02:00,835,835,835,835,0
2022-11-14 15:03:00,835,835,835,835,0
2022-11-14 15:04:00,835,835,835,835,0
2022-11-14 15:05:00,835,835,835,835,0
2022-11-14 15:06:00,835,835,835,835,0
2022-11-14 15:07:00,835,835,835,835,0
2022-11-14 15:08:00,835,835,835,835,0
2022-11-14 15:09:00,835,835,835,835,0
2022-11-14 15:10:00,835,835,835,835,0
2022-11-14 15:11:00,835,835,835,835,0
2022-11-14 15:12:00,835,835,835,835,0
2022-11-14 15:13:00,835,835,835,835,0
2022-11-14 15:14:00,835,835,835,835,0
2022-11-14 15:15:00,835,835,835,835,0
2022-11-14 15:16:00,835,835,835,835,0
2022-11-14 15:17:00,835,835,835,835,0
2022-11-14 15:18:00,835,835,835,835,0
2022-11-14 15:19:00,835,835,835,835,0
2022-11-14 15:20:00,835,835,835,835,0
2022-11-14 15:21:00,835,835,835,835,0
2022-11-14 15:22:00,835,835,835,835,0
2022-11-14 15:23:00,835,835,835,835,0
2022-11-14 15:24:00,835,835,835,835,0
2022-11-14 15:25:00,835,835,835,835,0
2022-11-14 15:26:00,835,835,835,835,0
2022-11-14 15:27:00,835,835,835,835,0
2022-11-14 15:28:00,835,835,835,835,0
2022-11-14 15:29:00,835,835,835,835,0
2022-11-14 15:30:00,835,835,835,835,0
2022-11-14 15:31:00,835,835,835,835,0
2022-11-14 15:32:00,835,835,835,835,0
2022-11-14 15:33:00,835,835,835,835,0
2022-11-14 15:34:00,835,835,835,835,0
2022-11-14 15:35:00,835,835,835,835,0
2022-11-14 15:36:00,835,835,835,835,0
2022-11-14 15:37:00,835,835,835,835,0
2022-11-14 15:38:00,835,835,835,835,0
2022-11-14 15:39:00,835,835,835,835,0
2022-11-14 15:40:00,835,835,835,835,0
2022-11-14 15:41:00,835,835,835,835,0
2022-11-14 15:42:00,835,835,835,835,0
2022-11-14 15:43:00,835,835,835,835,0
2022-11-14 15:44:00,835,835,835,835,0
2022-11-14 15:45:00,835,835,835,835,0
2022-11-14 15:46:00,835,835,835,835,0
2022-11-14 15:47:00,835,835,835,835,0
2022-11-14 15:48:00,835,835,835,835,0
2022-11-14 15:49:00,835,835,835,835,0
2022-11-14 15:50:00,835,835,835,835,0
2022-11-14 15:51:00,835,835,835,835,0
2022-11-14 15:52:00,835,835,835,835,0
2022-11-14 15:53:00,835,835,835,835,0
2022-11-14 15:54:00,835,835,835,835,0
2022-11-14 15:55:00,835,835,835,835,0
2022-11-14 15:56:00,835,835,835,835,0
2022-11-14 15:57:00,835,835,835,835,0
2022-11-14 15:58:00,835,835,835,835,0
2022-11-14 15:59:00,835,835,835,835,0
2022-11-15 09:00:00,835,835,835,835,0
2022-11-15 09:01:00,835,835,835,835,300
2022-11-15 09:02:00,835,835,835,835,0
2022-11-15 09:03:00,835,835,835,835,1000
2022-11-15 09:04:00,830,830,830,830,100
2022-11-15 09:05:00,830,830,830,830,1700
2022-11-15 09:06:00,830,830,830,830,0
2022-11-15 09:07:00,830,830,830,830,0
2022-11-15 09:08:00,830,830,830,830,6000
2022-11-15 09:09:00,830,830,830,830,0
2022-11-15 09:10:00,830,830,830,830,0
2022-11-15 09:11:00,830,830,830,830,0
2022-11-15 09:12:00,830,830,830,830,0
2022-11-15 09:13:00,830,830,830,830,0
2022-11-15 09:14:00,830,830,830,830,1000
2022-11-15 09:15:00,830,830,830,830,0
2022-11-15 09:16:00,830,830,830,830,0
2022-11-15 09:17:00,830,830,830,830,0
2022-11-15 09:18:00,830,830,830,830,0
2022-11-15 09:19:00,830,830,830,830,0
2022-11-15 09:20:00,830,830,830,830,0
2022-11-15 09:21:00,830,830,830,830,0
2022-11-15 09:22:00,830,830,830,830,5000
2022-11-15 09:23:00,830,830,830,830,0
2022-11-15 09:24:00,830,830,830,830,2600
2022-11-15 09:25:00,830,830,830,830,0
2022-11-15 09:26:00,830,830,830,830,0
2022-11-15 09:27:00,830,830,830,830,0
2022-11-15 09:28:00,830,830,830,830,0
2022-11-15 09:29:00,830,830,830,830,0
2022-11-15 09:30:00,830,830,830,830,0
2022-11-15 09:31:00,830,830,830,830,0
2022-11-15 09:32:00,830,830,830,830,0
2022-11-15 09:33:00,830,830,835,835,16600
2022-11-15 09:34:00,830,830,835,835,0
2022-11-15 09:35:00,830,830,835,835,0
2022-11-15 09:36:00,830,830,835,835,0
2022-11-15 09:37:00,845,845,845,845,100
2022-11-15 09:38:00,845,845,845,845,0
2022-11-15 09:39:00,845,845,845,845,5600
2022-11-15 09:40:00,845,845,845,845,0
2022-11-15 09:41:00,845,845,845,845,0
2022-11-15 09:42:00,845,845,845,845,0
2022-11-15 09:43:00,845,845,845,845,0
2022-11-15 09:44:00,845,845,845,845,0
2022-11-15 09:45:00,845,845,845,845,0
2022-11-15 09:46:00,845,845,845,845,8200
2022-11-15 09:47:00,845,845,845,845,0
2022-11-15 09:48:00,845,845,845,845,0
2022-11-15 09:49:00,845,845,845,845,0
2022-11-15 09:50:00,840,840,840,840,300
2022-11-15 09:51:00,840,840,840,840,0
2022-11-15 09:52:00,840,840,840,840,0
2022-11-15 09:53:00,840,840,840,840,0
2022-11-15 09:54:00,840,840,840,840,0
2022-11-15 09:55:00,840,840,840,840,10000
2022-11-15 09:56:00,840,840,840,840,0
2022-11-15 09:57:00,840,840,840,840,0
2022-11-15 09:58:00,840,840,840,840,0
2022-11-15 09:59:00,840,840,840,840,0
2022-11-15 10:00:00,840,840,840,840,0
2022-11-15 10:01:00,840,840,840,840,0
2022-11-15 10:02:00,840,840,840,840,0
2022-11-15 10:03:00,840,840,840,840,0
2022-11-15 10:04:00,840,840,840,840,0
2022-11-15 10:05:00,840,840,840,840,0
2022-11-15 10:06:00,840,840,840,840,0
2022-11-15 10:07:00,840,840,840,840,0
2022-11-15 10:08:00,840,840,840,840,0
2022-11-15 10:09:00,840,840,840,840,0
2022-11-15 10:10:00,840,840,840,840,0
2022-11-15 10:11:00,840,840,840,840,0
2022-11-15 10:12:00,840,840,840,840,0
2022-11-15 10:13:00,840,840,840,840,0
2022-11-15 10:14:00,840,840,840,840,0
2022-11-15 10:15:00,845,845,845,845,2000
2022-11-15 10:16:00,845,845,845,845,0
2022-11-15 10:17:00,845,845,845,845,0
2022-11-15 10:18:00,845,845,845,845,0
2022-11-15 10:19:00,845,845,845,845,0
2022-11-15 10:20:00,845,845,845,845,0
2022-11-15 10:21:00,845,845,845,845,0
2022-11-15 10:22:00,845,845,845,845,0
2022-11-15 10:23:00,845,845,845,845,0
2022-11-15 10:24:00,845,845,845,845,0
2022-11-15 10:25:00,845,845,845,845,0
2022-11-15 10:26:00,845,845,845,845,0
2022-11-15 10:27:00,840,840,840,840,100
2022-11-15 10:28:00,840,840,840,840,0
2022-11-15 10:29:00,840,840,840,840,0
2022-11-15 10:30:00,840,840,840,840,0
2022-11-15 10:31:00,840,840,840,840,0
2022-11-15 10:32:00,840,840,840,840,0
2022-11-15 10:33:00,840,840,840,840,0
2022-11-15 10:34:00,840,840,840,840,0
2022-11-15 10:35:00,840,840,840,840,0
2022-11-15 10:36:00,845,845,845,845,800
2022-11-15 10:37:00,845,845,845,845,0
2022-11-15 10:38:00,845,845,845,845,0
2022-11-15 10:39:00,845,845,845,845,0
2022-11-15 10:40:00,845,845,845,845,0
2022-11-15 10:41:00,845,845,845,845,0
2022-11-15 10:42:00,845,845,845,845,0
2022-11-15 10:43:00,845,845,845,845,0
2022-11-15 10:44:00,845,845,845,845,0
2022-11-15 10:45:00,845,845,845,845,0
2022-11-15 10:46:00,840,840,840,840,10900
2022-11-15 10:47:00,840,840,840,840,0
2022-11-15 10:48:00,840,840,840,840,0
2022-11-15 10:49:00,840,840,840,840,0
2022-11-15 10:50:00,840,840,840,840,0
2022-11-15 10:51:00,840,840,840,840,0
2022-11-15 10:52:00,840,840,840,840,0
2022-11-15 10:53:00,840,840,840,840,0
2022-11-15 10:54:00,840,840,840,840,40000
2022-11-15 10:55:00,840,840,840,840,0
2022-11-15 10:56:00,840,840,840,840,0
2022-11-15 10:57:00,840,840,840,840,0
2022-11-15 10:58:00,840,840,840,840,0
2022-11-15 10:59:00,840,840,840,840,0
2022-11-15 11:00:00,840,840,840,840,0
2022-11-15 11:01:00,840,840,840,840,0
2022-11-15 11:02:00,840,840,840,840,0
2022-11-15 11:03:00,840,840,840,840,0
2022-11-15 11:04:00,840,840,840,840,2100
2022-11-15 11:05:00,840,840,840,840,0
2022-11-15 11:06:00,840,840,840,840,0
2022-11-15 11:07:00,840,840,840,840,0
2022-11-15 11:08:00,840,840,840,840,0
2022-11-15 11:09:00,840,840,840,840,0
2022-11-15 11:10:00,840,840,840,840,0
2022-11-15 11:11:00,840,840,840,840,0
2022-11-15 11:12:00,840,835,840,835,9300
2022-11-15 11:13:00,840,835,840,835,0
2022-11-15 11:14:00,840,835,840,835,0
2022-11-15 11:15:00,840,835,840,835,0
2022-11-15 11:16:00,840,835,840,835,0
2022-11-15 11:17:00,840,835,840,835,0
2022-11-15 11:18:00,840,835,840,835,0
2022-11-15 11:19:00,840,835,840,835,0
2022-11-15 11:20:00,840,835,840,835,0
2022-11-15 11:21:00,840,835,840,835,0
2022-11-15 11:22:00,840,835,840,835,0
2022-11-15 11:23:00,840,835,840,835,0
2022-11-15 11:24:00,840,835,840,835,0
2022-11-15 11:25:00,840,835,840,835,0
2022-11-15 11:26:00,840,835,840,835,0
2022-11-15 11:27:00,840,835,840,835,0
2022-11-15 11:28:00,840,835,840,835,0
2022-11-15 11:29:00,840,835,840,835,0
2022-11-15 11:30:00,840,835,840,835,0
2022-11-15 11:31:00,840,835,840,835,0
2022-11-15 11:32:00,840,835,840,835,0
2022-11-15 11:33:00,840,835,840,835,0
2022-11-15 11:34:00,840,835,840,835,0
2022-11-15 11:35:00,840,835,840,835,0
2022-11-15 11:36:00,840,835,840,835,0
2022-11-15 11:37:00,840,835,840,835,0
2022-11-15 11:38:00,840,835,840,835,0
2022-11-15 11:39:00,840,835,840,835,0
2022-11-15 11:40:00,840,835,840,835,0
2022-11-15 11:41:00,840,835,840,835,0
2022-11-15 11:42:00,840,835,840,835,0
2022-11-15 11:43:00,840,835,840,835,0
2022-11-15 11:44:00,840,835,840,835,0
2022-11-15 11:45:00,840,835,840,835,0
2022-11-15 11:46:00,840,835,840,835,0
2022-11-15 11:47:00,840,835,840,835,0
2022-11-15 11:48:00,840,835,840,835,0
2022-11-15 11:49:00,840,835,840,835,0
2022-11-15 11:50:00,840,835,840,835,0
2022-11-15 11:51:00,840,835,840,835,0
2022-11-15 11:52:00,840,835,840,835,0
2022-11-15 11:53:00,840,835,840,835,0
2022-11-15 11:54:00,840,835,840,835,0
2022-11-15 11:55:00,840,835,840,835,0
2022-11-15 11:56:00,840,835,840,835,0
2022-11-15 11:57:00,840,835,840,835,0
2022-11-15 11:58:00,840,835,840,835,0
2022-11-15 11:59:00,840,835,840,835,0
2022-11-15 12:00:00,840,835,840,835,0
2022-11-15 12:01:00,840,835,840,835,0
2022-11-15 12:02:00,840,835,840,835,0
2022-11-15 12:03:00,840,835,840,835,0
2022-11-15 12:04:00,840,835,840,835,0
2022-11-15 12:05:00,840,835,840,835,0
2022-11-15 12:06:00,840,835,840,835,0
2022-11-15 12:07:00,840,835,840,835,0
2022-11-15 12:08:00,840,835,840,835,0
2022-11-15 12:09:00,840,835,840,835,0
2022-11-15 12:10:00,840,835,840,835,0
2022-11-15 12:11:00,840,835,840,835,0
2022-11-15 12:12:00,840,835,840,835,0
2022-11-15 12:13:00,840,835,840,835,0
2022-11-15 12:14:00,840,835,840,835,0
2022-11-15 12:15:00,840,835,840,835,0
2022-11-15 12:16:00,840,835,840,835,0
2022-11-15 12:17:00,840,835,840,835,0
2022-11-15 12:18:00,840,835,840,835,0
2022-11-15 12:19:00,840,835,840,835,0
2022-11-15 12:20:00,840,835,840,835,0
2022-11-15 12:21:00,840,835,840,835,0
2022-11-15 12:22:00,840,835,840,835,0
2022-11-15 12:23:00,840,835,840,835,0
2022-11-15 12:24:00,840,835,840,835,0
2022-11-15 12:25:00,840,835,840,835,0
2022-11-15 12:26:00,840,835,840,835,0
2022-11-15 12:27:00,840,835,840,835,0
2022-11-15 12:28:00,840,835,840,835,0
2022-11-15 12:29:00,840,835,840,835,0
2022-11-15 12:30:00,840,835,840,835,0
2022-11-15 12:31:00,840,835,840,835,0
2022-11-15 12:32:00,840,835,840,835,0
2022-11-15 12:33:00,840,835,840,835,0
2022-11-15 12:34:00,840,835,840,835,0
2022-11-15 12:35:00,840,835,840,835,0
2022-11-15 12:36:00,840,835,840,835,0
2022-11-15 12:37:00,840,835,840,835,0
2022-11-15 12:38:00,840,835,840,835,0
2022-11-15 12:39:00,840,835,840,835,0
2022-11-15 12:40:00,840,835,840,835,0
2022-11-15 12:41:00,840,835,840,835,0
2022-11-15 12:42:00,840,835,840,835,0
2022-11-15 12:43:00,840,835,840,835,0
2022-11-15 12:44:00,840,835,840,835,0
2022-11-15 12:45:00,840,835,840,835,0
2022-11-15 12:46:00,840,835,840,835,0
2022-11-15 12:47:00,840,835,840,835,0
2022-11-15 12:48:00,840,835,840,835,0
2022-11-15 12:49:00,840,835,840,835,0
2022-11-15 12:50:00,840,835,840,835,0
2022-11-15 12:51:00,840,835,840,835,0
2022-11-15 12:52:00,840,835,840,835,0
2022-11-15 12:53:00,840,835,840,835,0
2022-11-15 12:54:00,840,835,840,835,0
2022-11-15 12:55:00,840,835,840,835,0
2022-11-15 12:56:00,840,835,840,835,0
2022-11-15 12:57:00,840,835,840,835,0
2022-11-15 12:58:00,840,835,840,835,0
2022-11-15 12:59:00,840,835,840,835,0
2022-11-15 13:00:00,840,835,840,835,0
2022-11-15 13:01:00,840,835,840,835,0
2022-11-15 13:02:00,840,835,840,835,0
2022-11-15 13:03:00,840,835,840,835,0
2022-11-15 13:04:00,840,835,840,835,0
2022-11-15 13:05:00,840,835,840,835,0
2022-11-15 13:06:00,840,835,840,835,0
2022-11-15 13:07:00,840,835,840,835,0
2022-11-15 13:08:00,840,835,840,835,0
2022-11-15 13:09:00,840,835,840,835,0
2022-11-15 13:10:00,840,835,840,835,0
2022-11-15 13:11:00,840,835,840,835,0
2022-11-15 13:12:00,840,835,840,835,0
2022-11-15 13:13:00,840,835,840,835,0
2022-11-15 13:14:00,840,835,840,835,0
2022-11-15 13:15:00,840,835,840,835,0
2022-11-15 13:16:00,840,835,840,835,0
2022-11-15 13:17:00,840,835,840,835,0
2022-11-15 13:18:00,840,835,840,835,0
2022-11-15 13:19:00,840,835,840,835,0
2022-11-15 13:20:00,840,835,840,835,0
2022-11-15 13:21:00,840,835,840,835,0
2022-11-15 13:22:00,840,835,840,835,0
2022-11-15 13:23:00,840,835,840,835,0
2022-11-15 13:24:00,840,835,840,835,0
2022-11-15 13:25:00,840,835,840,835,0
2022-11-15 13:26:00,840,835,840,835,0
2022-11-15 13:27:00,840,835,840,835,0
2022-11-15 13:28:00,840,835,840,835,0
2022-11-15 13:29:00,840,835,840,835,0
2022-11-15 13:30:00,840,840,845,840,23800
2022-11-15 13:31:00,840,840,845,840,0
2022-11-15 13:32:00,840,840,845,840,0
2022-11-15 13:33:00,840,840,845,840,0
2022-11-15 13:34:00,840,840,845,840,0
2022-11-15 13:35:00,840,840,840,840,900
2022-11-15 13:36:00,840,840,840,840,0
2022-11-15 13:37:00,840,840,840,840,0
2022-11-15 13:38:00,840,840,840,840,0
2022-11-15 13:39:00,840,840,840,840,0
2022-11-15 13:40:00,840,840,840,840,0
2022-11-15 13:41:00,840,840,840,840,0
2022-11-15 13:42:00,840,840,840,840,0
2022-11-15 13:43:00,840,840,840,840,0
2022-11-15 13:44:00,840,840,840,840,0
2022-11-15 13:45:00,840,840,840,840,0
2022-11-15 13:46:00,840,840,840,840,0
2022-11-15 13:47:00,840,840,840,840,2000
2022-11-15 13:48:00,840,840,840,840,0
2022-11-15 13:49:00,840,840,840,840,0
2022-11-15 13:50:00,840,840,840,840,400
2022-11-15 13:51:00,840,840,840,840,0
2022-11-15 13:52:00,840,840,840,840,400
2022-11-15 13:53:00,840,840,840,840,800
2022-11-15 13:54:00,840,840,840,840,0
2022-11-15 13:55:00,840,840,840,840,0
2022-11-15 13:56:00,840,840,840,840,0
2022-11-15 13:57:00,840,840,840,840,4800
2022-11-15 13:58:00,840,840,840,840,0
2022-11-15 13:59:00,840,840,840,840,0
2022-11-15 14:00:00,840,840,840,840,0
2022-11-15 14:01:00,840,840,840,840,0
2022-11-15 14:02:00,840,840,840,840,0
2022-11-15 14:03:00,840,840,840,840,10800
2022-11-15 14:04:00,840,840,840,840,0
2022-11-15 14:05:00,840,840,840,840,0
2022-11-15 14:06:00,845,845,845,845,100
2022-11-15 14:07:00,845,845,845,845,0
2022-11-15 14:08:00,845,845,845,845,0
2022-11-15 14:09:00,845,845,845,845,0
2022-11-15 14:10:00,845,845,845,845,0
2022-11-15 14:11:00,845,845,845,845,0
2022-11-15 14:12:00,845,845,845,845,0
2022-11-15 14:13:00,845,845,845,845,0
2022-11-15 14:14:00,845,845,845,845,0
2022-11-15 14:15:00,845,845,845,845,0
2022-11-15 14:16:00,845,845,845,845,0
2022-11-15 14:17:00,845,845,845,845,0
2022-11-15 14:18:00,845,845,845,845,0
2022-11-15 14:19:00,845,845,845,845,0
2022-11-15 14:20:00,845,845,845,845,0
2022-11-15 14:21:00,845,845,845,845,0
2022-11-15 14:22:00,845,845,845,845,0
2022-11-15 14:23:00,845,845,845,845,0
2022-11-15 14:24:00,845,845,845,845,0
2022-11-15 14:25:00,845,845,845,845,0
2022-11-15 14:26:00,845,845,845,845,0
2022-11-15 14:27:00,845,845,845,845,0
2022-11-15 14:28:00,840,840,840,840,1000
2022-11-15 14:29:00,840,840,840,840,0
2022-11-15 14:30:00,840,840,840,840,0
2022-11-15 14:31:00,840,840,840,840,0
2022-11-15 14:32:00,840,840,840,840,0
2022-11-15 14:33:00,840,840,840,840,0
2022-11-15 14:34:00,840,840,840,840,0
2022-11-15 14:35:00,840,840,840,840,0
2022-11-15 14:36:00,840,840,840,840,0
2022-11-15 14:37:00,840,840,840,840,0
2022-11-15 14:38:00,840,840,840,840,0
2022-11-15 14:39:00,845,845,845,845,1000
2022-11-15 14:40:00,845,845,845,845,0
2022-11-15 14:41:00,845,845,845,845,0
2022-11-15 14:42:00,845,845,845,845,0
2022-11-15 14:43:00,845,845,845,845,0
2022-11-15 14:44:00,845,845,845,845,0
2022-11-15 14:45:00,845,845,845,845,0
2022-11-15 14:46:00,845,845,845,845,0
2022-11-15 14:47:00,845,845,845,845,0
2022-11-15 14:48:00,840,840,840,840,500
2022-11-15 14:49:00,840,840,840,840,500
2022-11-15 14:50:00,840,840,840,840,0
2022-11-15 14:51:00,840,840,840,840,0
2022-11-15 14:52:00,840,840,840,840,0
2022-11-15 14:53:00,840,840,840,840,0
2022-11-15 14:54:00,840,840,840,840,0
2022-11-15 14:55:00,840,840,840,840,0
2022-11-15 14:56:00,840,840,840,840,0
2022-11-15 14:57:00,840,840,840,840,0
2022-11-15 14:58:00,840,840,840,840,0
2022-11-15 14:59:00,840,840,840,840,0
2022-11-15 15:00:00,840,840,840,840,0
2022-11-15 15:01:00,840,840,840,840,0
2022-11-15 15:02:00,840,840,840,840,0
2022-11-15 15:03:00,840,840,840,840,0
2022-11-15 15:04:00,840,840,840,840,0
2022-11-15 15:05:00,840,840,840,840,0
2022-11-15 15:06:00,840,840,840,840,0
2022-11-15 15:07:00,840,840,840,840,0
2022-11-15 15:08:00,840,840,840,840,0
2022-11-15 15:09:00,840,840,840,840,0
2022-11-15 15:10:00,840,840,840,840,0
2022-11-15 15:11:00,840,840,840,840,0
2022-11-15 15:12:00,840,840,840,840,0
2022-11-15 15:13:00,840,840,840,840,0
2022-11-15 15:14:00,840,840,840,840,0
2022-11-15 15:15:00,840,840,840,840,0
2022-11-15 15:16:00,840,840,840,840,0
2022-11-15 15:17:00,840,840,840,840,0
2022-11-15 15:18:00,840,840,840,840,0
2022-11-15 15:19:00,840,840,840,840,0
2022-11-15 15:20:00,840,840,840,840,0
2022-11-15 15:21:00,840,840,840,840,0
2022-11-15 15:22:00,840,840,840,840,0
2022-11-15 15:23:00,840,840,840,840,0
2022-11-15 15:24:00,840,840,840,840,0
2022-11-15 15:25:00,840,840,840,840,0
2022-11-15 15:26:00,840,840,840,840,0
2022-11-15 15:27:00,840,840,840,840,0
2022-11-15 15:28:00,840,840,840,840,0
2022-11-15 15:29:00,840,840,840,840,0
2022-11-15 15:30:00,840,840,840,840,0
2022-11-15 15:31:00,840,840,840,840,0
2022-11-15 15:32:00,840,840,840,840,0
2022-11-15 15:33:00,840,840,840,840,0
2022-11-15 15:34:00,840,840,840,840,0
2022-11-15 15:35:00,840,840,840,840,0
2022-11-15 15:36:00,840,840,840,840,0
2022-11-15 15:37:00,840,840,840,840,0
2022-11-15 15:38:00,840,840,840,840,0
2022-11-15 15:39:00,840,840,840,840,0
2022-11-15 15:40:00,840,840,840,840,0
2022-11-15 15:41:00,840,840,840,840,0
2022-11-15 15:42:00,840,840,840,840,0
2022-11-15 15:43:00,840,840,840,840,0
2022-11-15 15:44:00,840,840,840,840,0
2022-11-15 15:45:00,840,840,840,840,0
2022-11-15 15:46:00,840,840,840,840,0
2022-11-15 15:47:00,840,840,840,840,0
2022-11-15 15:48:00,840,840,840,840,0
2022-11-15 15:49:00,840,840,840,840,0
2022-11-15 15:50:00,840,840,840,840,0
2022-11-15 15:51:00,840,840,840,840,0
2022-11-15 15:52:00,840,840,840,840,0
2022-11-15 15:53:00,840,840,840,840,0
2022-11-15 15:54:00,840,840,840,840,0
2022-11-15 15:55:00,840,840,840,840,0
2022-11-15 15:56:00,840,840,840,840,0
2022-11-15 15:57:00,840,840,840,840,0
2022-11-15 15:58:00,840,840,840,840,0
2022-11-15 15:59:00,840,840,840,840,0
2022-11-16 09:00:00,840,840,840,840,100
2022-11-16 09:01:00,840,840,840,840,0
2022-11-16 09:02:00,840,840,840,840,0
2022-11-16 09:03:00,840,840,840,840,0
2022-11-16 09:04:00,840,840,840,840,0
2022-11-16 09:05:00,840,840,840,840,0
2022-11-16 09:06:00,840,840,840,840,0
2022-11-16 09:07:00,840,840,840,840,0
2022-11-16 09:08:00,840,840,840,840,0
2022-11-16 09:09:00,840,840,840,840,0
2022-11-16 09:10:00,840,840,840,840,0
2022-11-16 09:11:00,840,840,840,840,0
2022-11-16 09:12:00,840,840,840,840,0
2022-11-16 09:13:00,840,840,840,840,0
2022-11-16 09:14:00,840,840,840,840,0
2022-11-16 09:15:00,840,840,840,840,0
2022-11-16 09:16:00,840,840,840,840,0
2022-11-16 09:17:00,840,840,840,840,0
2022-11-16 09:18:00,840,840,840,840,0
2022-11-16 09:19:00,840,840,840,840,0
2022-11-16 09:20:00,840,840,840,840,0
2022-11-16 09:21:00,835,835,835,835,2000
2022-11-16 09:22:00,835,835,835,835,0
2022-11-16 09:23:00,835,835,835,835,0
2022-11-16 09:24:00,835,835,835,835,0
2022-11-16 09:25:00,835,835,835,835,500
2022-11-16 09:26:00,835,835,835,835,0
2022-11-16 09:27:00,835,835,835,835,0
2022-11-16 09:28:00,835,835,835,835,0
2022-11-16 09:29:00,835,835,835,835,0
2022-11-16 09:30:00,840,840,840,840,3300
2022-11-16 09:31:00,840,840,840,840,0
2022-11-16 09:32:00,840,840,840,840,200
2022-11-16 09:33:00,840,840,840,840,0
2022-11-16 09:34:00,840,840,840,840,0
2022-11-16 09:35:00,840,840,840,840,0
2022-11-16 09:36:00,840,840,840,840,0
2022-11-16 09:37:00,840,840,840,840,0
2022-11-16 09:38:00,840,840,840,840,0
2022-11-16 09:39:00,840,840,840,840,0
2022-11-16 09:40:00,840,840,840,840,0
2022-11-16 09:41:00,840,840,840,840,0
2022-11-16 09:42:00,840,840,840,840,0
2022-11-16 09:43:00,840,840,840,840,0
2022-11-16 09:44:00,840,840,840,840,0
2022-11-16 09:45:00,850,850,850,850,100
2022-11-16 09:46:00,850,850,850,850,0
2022-11-16 09:47:00,850,850,850,850,0
2022-11-16 09:48:00,850,850,850,850,0
2022-11-16 09:49:00,850,850,850,850,0
2022-11-16 09:50:00,850,850,850,850,0
2022-11-16 09:51:00,850,850,850,850,0
2022-11-16 09:52:00,850,850,850,850,0
2022-11-16 09:53:00,850,850,850,850,0
2022-11-16 09:54:00,850,850,850,850,0
2022-11-16 09:55:00,850,850,850,850,0
2022-11-16 09:56:00,850,850,850,850,0
2022-11-16 09:57:00,850,850,850,850,0
2022-11-16 09:58:00,850,850,850,850,0
2022-11-16 09:59:00,850,850,850,850,0
2022-11-16 10:00:00,845,845,845,845,200
2022-11-16 10:01:00,845,845,845,845,0
2022-11-16 10:02:00,845,845,845,845,0
2022-11-16 10:03:00,845,845,845,845,0
2022-11-16 10:04:00,845,845,845,845,0
2022-11-16 10:05:00,845,845,845,845,0
2022-11-16 10:06:00,845,845,845,845,0
2022-11-16 10:07:00,845,845,845,845,0
2022-11-16 10:08:00,845,845,845,845,0
2022-11-16 10:09:00,845,845,845,845,0
2022-11-16 10:10:00,845,845,845,845,0
2022-11-16 10:11:00,845,845,845,845,0
2022-11-16 10:12:00,845,845,845,845,0
2022-11-16 10:13:00,845,845,845,845,0
2022-11-16 10:14:00,845,845,845,845,0
2022-11-16 10:15:00,845,845,845,845,0
2022-11-16 10:16:00,845,845,845,845,0
2022-11-16 10:17:00,845,845,845,845,0
2022-11-16 10:18:00,845,845,845,845,0
2022-11-16 10:19:00,845,845,845,845,0
2022-11-16 10:20:00,845,845,845,845,0
2022-11-16 10:21:00,845,845,845,845,0
2022-11-16 10:22:00,845,845,845,845,0
2022-11-16 10:23:00,845,845,845,845,0
2022-11-16 10:24:00,845,845,845,845,0
2022-11-16 10:25:00,845,845,845,845,0
2022-11-16 10:26:00,845,845,845,845,0
2022-11-16 10:27:00,845,845,845,845,0
2022-11-16 10:28:00,845,845,845,845,0
2022-11-16 10:29:00,845,845,845,845,0
2022-11-16 10:30:00,845,845,845,845,0
2022-11-16 10:31:00,845,845,845,845,0
2022-11-16 10:32:00,845,845,845,845,0
2022-11-16 10:33:00,845,845,845,845,0
2022-11-16 10:34:00,845,845,845,845,0
2022-11-16 10:35:00,845,845,845,845,0
2022-11-16 10:36:00,845,845,845,845,0
2022-11-16 10:37:00,845,845,845,845,0
2022-11-16 10:38:00,845,845,845,845,0
2022-11-16 10:39:00,845,845,845,845,0
2022-11-16 10:40:00,845,845,845,845,0
2022-11-16 10:41:00,845,845,845,845,0
2022-11-16 10:42:00,845,845,845,845,0
2022-11-16 10:43:00,845,845,845,845,0
2022-11-16 10:44:00,845,845,845,845,0
2022-11-16 10:45:00,845,845,845,845,0
2022-11-16 10:46:00,845,845,845,845,0
2022-11-16 10:47:00,845,845,845,845,0
2022-11-16 10:48:00,845,845,845,845,0
2022-11-16 10:49:00,845,845,845,845,0
2022-11-16 10:50:00,845,845,845,845,0
2022-11-16 10:51:00,845,845,845,845,0
2022-11-16 10:52:00,845,845,845,845,0
2022-11-16 10:53:00,845,845,845,845,0
2022-11-16 10:54:00,845,845,845,845,0
2022-11-16 10:55:00,840,835,840,835,30000
2022-11-16 10:56:00,840,835,840,835,0
2022-11-16 10:57:00,840,835,840,835,0
2022-11-16 10:58:00,840,835,840,835,0
2022-11-16 10:59:00,835,835,835,835,2800
2022-11-16 11:00:00,835,835,835,835,0
2022-11-16 11:01:00,835,835,835,835,0
2022-11-16 11:02:00,835,835,835,835,0
2022-11-16 11:03:00,835,835,835,835,0
2022-11-16 11:04:00,835,835,835,835,0
2022-11-16 11:05:00,835,835,835,835,0
2022-11-16 11:06:00,835,835,835,835,0
2022-11-16 11:07:00,835,835,835,835,0
2022-11-16 11:08:00,835,835,835,835,0
2022-11-16 11:09:00,840,840,840,840,0
2022-11-16 11:10:00,840,840,840,840,0
2022-11-16 11:11:00,840,840,840,840,0
2022-11-16 11:12:00,840,840,840,840,5000
2022-11-16 11:13:00,840,840,840,840,0
2022-11-16 11:14:00,840,840,840,840,0
2022-11-16 11:15:00,840,840,840,840,0
2022-11-16 11:16:00,840,840,840,840,0
2022-11-16 11:17:00,840,840,840,840,0
2022-11-16 11:18:00,840,840,840,840,0
2022-11-16 11:19:00,840,840,840,840,0
2022-11-16 11:20:00,840,840,840,840,0
2022-11-16 11:21:00,840,840,840,840,0
2022-11-16 11:22:00,840,840,840,840,0
2022-11-16 11:23:00,840,840,840,840,0
2022-11-16 11:24:00,840,840,840,840,0
2022-11-16 11:25:00,840,840,840,840,0
2022-11-16 11:26:00,840,840,840,840,0
2022-11-16 11:27:00,840,840,840,840,0
2022-11-16 11:28:00,840,840,840,840,0
2022-11-16 11:29:00,840,840,840,840,0
2022-11-16 11:30:00,840,840,840,840,0
2022-11-16 11:31:00,840,840,840,840,0
2022-11-16 11:32:00,840,840,840,840,0
2022-11-16 11:33:00,840,840,840,840,0
2022-11-16 11:34:00,840,840,840,840,0
2022-11-16 11:35:00,840,840,840,840,0
2022-11-16 11:36:00,840,840,840,840,0
2022-11-16 11:37:00,840,840,840,840,0
2022-11-16 11:38:00,840,840,840,840,0
2022-11-16 11:39:00,840,840,840,840,0
2022-11-16 11:40:00,840,840,840,840,0
2022-11-16 11:41:00,840,840,840,840,0
2022-11-16 11:42:00,840,840,840,840,0
2022-11-16 11:43:00,840,840,840,840,0
2022-11-16 11:44:00,840,840,840,840,0
2022-11-16 11:45:00,840,840,840,840,0
2022-11-16 11:46:00,840,840,840,840,0
2022-11-16 11:47:00,840,840,840,840,0
2022-11-16 11:48:00,840,840,840,840,0
2022-11-16 11:49:00,840,840,840,840,0
2022-11-16 11:50:00,840,840,840,840,0
2022-11-16 11:51:00,840,840,840,840,0
2022-11-16 11:52:00,840,840,840,840,0
2022-11-16 11:53:00,840,840,840,840,0
2022-11-16 11:54:00,840,840,840,840,0
2022-11-16 11:55:00,840,840,840,840,0
2022-11-16 11:56:00,840,840,840,840,0
2022-11-16 11:57:00,840,840,840,840,0
2022-11-16 11:58:00,840,840,840,840,0
2022-11-16 11:59:00,840,840,840,840,0
2022-11-16 12:00:00,840,840,840,840,0
2022-11-16 12:01:00,840,840,840,840,0
2022-11-16 12:02:00,840,840,840,840,0
2022-11-16 12:03:00,840,840,840,840,0
2022-11-16 12:04:00,840,840,840,840,0
2022-11-16 12:05:00,840,840,840,840,0
2022-11-16 12:06:00,840,840,840,840,0
2022-11-16 12:07:00,840,840,840,840,0
2022-11-16 12:08:00,840,840,840,840,0
2022-11-16 12:09:00,840,840,840,840,0
2022-11-16 12:10:00,840,840,840,840,0
2022-11-16 12:11:00,840,840,840,840,0
2022-11-16 12:12:00,840,840,840,840,0
2022-11-16 12:13:00,840,840,840,840,0
2022-11-16 12:14:00,840,840,840,840,0
2022-11-16 12:15:00,840,840,840,840,0
2022-11-16 12:16:00,840,840,840,840,0
2022-11-16 12:17:00,840,840,840,840,0
2022-11-16 12:18:00,840,840,840,840,0
2022-11-16 12:19:00,840,840,840,840,0
2022-11-16 12:20:00,840,840,840,840,0
2022-11-16 12:21:00,840,840,840,840,0
2022-11-16 12:22:00,840,840,840,840,0
2022-11-16 12:23:00,840,840,840,840,0
2022-11-16 12:24:00,840,840,840,840,0
2022-11-16 12:25:00,840,840,840,840,0
2022-11-16 12:26:00,840,840,840,840,0
2022-11-16 12:27:00,840,840,840,840,0
2022-11-16 12:28:00,840,840,840,840,0
2022-11-16 12:29:00,840,840,840,840,0
2022-11-16 12:30:00,840,840,840,840,0
2022-11-16 12:31:00,840,840,840,840,0
2022-11-16 12:32:00,840,840,840,840,0
2022-11-16 12:33:00,840,840,840,840,0
2022-11-16 12:34:00,840,840,840,840,0
2022-11-16 12:35:00,840,840,840,840,0
2022-11-16 12:36:00,840,840,840,840,0
2022-11-16 12:37:00,840,840,840,840,0
2022-11-16 12:38:00,840,840,840,840,0
2022-11-16 12:39:00,840,840,840,840,0
2022-11-16 12:40:00,840,840,840,840,0
2022-11-16 12:41:00,840,840,840,840,0
2022-11-16 12:42:00,840,840,840,840,0
2022-11-16 12:43:00,840,840,840,840,0
2022-11-16 12:44:00,840,840,840,840,0
2022-11-16 12:45:00,840,840,840,840,0
2022-11-16 12:46:00,840,840,840,840,0
2022-11-16 12:47:00,840,840,840,840,0
2022-11-16 12:48:00,840,840,840,840,0
2022-11-16 12:49:00,840,840,840,840,0
2022-11-16 12:50:00,840,840,840,840,0
2022-11-16 12:51:00,840,840,840,840,0
2022-11-16 12:52:00,840,840,840,840,0
2022-11-16 12:53:00,840,840,840,840,0
2022-11-16 12:54:00,840,840,840,840,0
2022-11-16 12:55:00,840,840,840,840,0
2022-11-16 12:56:00,840,840,840,840,0
2022-11-16 12:57:00,840,840,840,840,0
2022-11-16 12:58:00,840,840,840,840,0
2022-11-16 12:59:00,840,840,840,840,0
2022-11-16 13:00:00,840,840,840,840,0
2022-11-16 13:01:00,840,840,840,840,0
2022-11-16 13:02:00,840,840,840,840,0
2022-11-16 13:03:00,840,840,840,840,0
2022-11-16 13:04:00,840,840,840,840,0
2022-11-16 13:05:00,840,840,840,840,0
2022-11-16 13:06:00,840,840,840,840,0
2022-11-16 13:07:00,840,840,840,840,0
2022-11-16 13:08:00,840,840,840,840,0
2022-11-16 13:09:00,840,840,840,840,0
2022-11-16 13:10:00,840,840,840,840,0
2022-11-16 13:11:00,840,840,840,840,0
2022-11-16 13:12:00,840,840,840,840,0
2022-11-16 13:13:00,840,840,840,840,0
2022-11-16 13:14:00,840,840,840,840,0
2022-11-16 13:15:00,840,840,840,840,0
2022-11-16 13:16:00,840,840,840,840,0
2022-11-16 13:17:00,840,840,840,840,0
2022-11-16 13:18:00,840,840,840,840,0
2022-11-16 13:19:00,840,840,840,840,0
2022-11-16 13:20:00,840,840,840,840,0
2022-11-16 13:21:00,840,840,840,840,0
2022-11-16 13:22:00,840,840,840,840,0
2022-11-16 13:23:00,840,840,840,840,0
2022-11-16 13:24:00,840,840,840,840,0
2022-11-16 13:25:00,840,840,840,840,0
2022-11-16 13:26:00,840,840,840,840,0
2022-11-16 13:27:00,840,840,840,840,0
2022-11-16 13:28:00,840,840,840,840,0
2022-11-16 13:29:00,840,840,840,840,0
2022-11-16 13:30:00,840,840,850,850,52100
2022-11-16 13:31:00,840,840,850,850,0
2022-11-16 13:32:00,840,840,850,850,0
2022-11-16 13:33:00,840,840,850,850,0
2022-11-16 13:34:00,840,840,850,850,0
2022-11-16 13:35:00,840,840,850,850,0
2022-11-16 13:36:00,840,840,850,850,0
2022-11-16 13:37:00,840,840,850,850,0
2022-11-16 13:38:00,840,840,850,850,0
2022-11-16 13:39:00,840,840,850,850,0
2022-11-16 13:40:00,840,840,850,850,0
2022-11-16 13:41:00,840,840,850,850,0
2022-11-16 13:42:00,840,840,850,850,0
2022-11-16 13:43:00,850,850,850,850,800
2022-11-16 13:44:00,850,850,850,850,2300
2022-11-16 13:45:00,850,850,850,850,0
2022-11-16 13:46:00,850,850,850,850,0
2022-11-16 13:47:00,850,850,850,850,0
2022-11-16 13:48:00,850,850,850,850,0
2022-11-16 13:49:00,845,845,845,845,300
2022-11-16 13:50:00,845,845,845,845,2200
2022-11-16 13:51:00,845,845,845,845,0
2022-11-16 13:52:00,845,845,845,845,0
2022-11-16 13:53:00,845,845,845,845,0
2022-11-16 13:54:00,845,845,845,845,0
2022-11-16 13:55:00,845,845,845,845,0
2022-11-16 13:56:00,845,845,845,845,0
2022-11-16 13:57:00,845,845,845,845,0
2022-11-16 13:58:00,845,845,845,845,600
2022-11-16 13:59:00,845,845,845,845,0
2022-11-16 14:00:00,845,845,845,845,0
2022-11-16 14:01:00,845,845,845,845,0
2022-11-16 14:02:00,845,845,845,845,0
2022-11-16 14:03:00,845,845,845,845,0
2022-11-16 14:04:00,845,845,845,845,0
2022-11-16 14:05:00,845,845,845,845,100
2022-11-16 14:06:00,845,845,845,845,0
2022-11-16 14:07:00,845,845,845,845,0
2022-11-16 14:08:00,845,845,845,845,0
2022-11-16 14:09:00,845,845,845,845,0
2022-11-16 14:10:00,845,845,845,845,0
2022-11-16 14:11:00,845,845,845,845,0
2022-11-16 14:12:00,845,845,845,845,0
2022-11-16 14:13:00,845,845,845,845,0
2022-11-16 14:14:00,845,845,845,845,0
2022-11-16 14:15:00,845,845,845,845,0
2022-11-16 14:16:00,845,845,845,845,0
2022-11-16 14:17:00,845,845,845,845,0
2022-11-16 14:18:00,845,845,845,845,0
2022-11-16 14:19:00,840,840,855,855,1400
2022-11-16 14:20:00,840,840,855,855,0
2022-11-16 14:21:00,840,840,855,855,0
2022-11-16 14:22:00,840,840,855,855,0
2022-11-16 14:23:00,840,840,855,855,0
2022-11-16 14:24:00,840,840,855,855,0
2022-11-16 14:25:00,840,840,855,855,0
2022-11-16 14:26:00,840,840,855,855,0
2022-11-16 14:27:00,840,840,855,855,0
2022-11-16 14:28:00,840,840,855,855,0
2022-11-16 14:29:00,840,840,855,855,0
2022-11-16 14:30:00,840,840,855,855,0
2022-11-16 14:31:00,855,855,855,855,800
2022-11-16 14:32:00,855,855,855,855,0
2022-11-16 14:33:00,855,855,855,855,0
2022-11-16 14:34:00,855,855,855,855,0
2022-11-16 14:35:00,855,855,855,855,0
2022-11-16 14:36:00,855,855,855,855,0
2022-11-16 14:37:00,855,855,855,855,0
2022-11-16 14:38:00,855,855,855,855,0
2022-11-16 14:39:00,855,855,855,855,0
2022-11-16 14:40:00,855,855,855,855,0
2022-11-16 14:41:00,855,855,855,855,0
2022-11-16 14:42:00,855,855,855,855,0
2022-11-16 14:43:00,855,855,855,855,2100
2022-11-16 14:44:00,855,855,855,855,0
2022-11-16 14:45:00,855,855,855,855,0
2022-11-16 14:46:00,855,855,855,855,0
2022-11-16 14:47:00,855,855,855,855,0
2022-11-16 14:48:00,855,855,855,855,0
2022-11-16 14:49:00,855,855,855,855,0
2022-11-16 14:50:00,855,855,855,855,0
2022-11-16 14:51:00,855,855,855,855,0
2022-11-16 14:52:00,855,855,855,855,0
2022-11-16 14:53:00,855,855,855,855,0
2022-11-16 14:54:00,855,855,855,855,0
2022-11-16 14:55:00,855,855,855,855,0
2022-11-16 14:56:00,855,855,855,855,0
2022-11-16 14:57:00,855,855,855,855,0
2022-11-16 14:58:00,855,855,855,855,0
2022-11-16 14:59:00,855,855,855,855,0
2022-11-16 15:00:00,850,850,850,850,600
2022-11-16 15:01:00,850,850,850,850,500
2022-11-16 15:02:00,850,850,850,850,0
2022-11-16 15:03:00,850,850,850,850,0
2022-11-16 15:04:00,850,850,850,850,0
2022-11-16 15:05:00,850,850,850,850,0
2022-11-16 15:06:00,850,850,850,850,0
2022-11-16 15:07:00,850,850,850,850,0
2022-11-16 15:08:00,850,850,850,850,0
2022-11-16 15:09:00,850,850,850,850,0
2022-11-16 15:10:00,850,850,850,850,0
2022-11-16 15:11:00,850,850,850,850,0
2022-11-16 15:12:00,850,850,850,850,0
2022-11-16 15:13:00,850,850,850,850,0
2022-11-16 15:14:00,850,850,850,850,0
2022-11-16 15:15:00,850,850,850,850,0
2022-11-16 15:16:00,850,850,850,850,0
2022-11-16 15:17:00,850,850,850,850,0
2022-11-16 15:18:00,850,850,850,850,0
2022-11-16 15:19:00,850,850,850,850,0
2022-11-16 15:20:00,850,850,850,850,0
2022-11-16 15:21:00,850,850,850,850,0
2022-11-16 15:22:00,850,850,850,850,0
2022-11-16 15:23:00,850,850,850,850,0
2022-11-16 15:24:00,850,850,850,850,0
2022-11-16 15:25:00,850,850,850,850,0
2022-11-16 15:26:00,850,850,850,850,0
2022-11-16 15:27:00,850,850,850,850,0
2022-11-16 15:28:00,850,850,850,850,0
2022-11-16 15:29:00,850,850,850,850,0
2022-11-16 15:30:00,850,850,850,850,0
2022-11-16 15:31:00,850,850,850,850,0
2022-11-16 15:32:00,850,850,850,850,0
2022-11-16 15:33:00,850,850,850,850,0
2022-11-16 15:34:00,850,850,850,850,0
2022-11-16 15:35:00,850,850,850,850,0
2022-11-16 15:36:00,850,850,850,850,0
2022-11-16 15:37:00,850,850,850,850,0
2022-11-16 15:38:00,850,850,850,850,0
2022-11-16 15:39:00,850,850,850,850,0
2022-11-16 15:40:00,850,850,850,850,0
2022-11-16 15:41:00,850,850,850,850,0
2022-11-16 15:42:00,850,850,850,850,0
2022-11-16 15:43:00,850,850,850,850,0
2022-11-16 15:44:00,850,850,850,850,0
2022-11-16 15:45:00,850,850,850,850,0
2022-11-16 15:46:00,850,850,850,850,0
2022-11-16 15:47:00,850,850,850,850,0
2022-11-16 15:48:00,850,850,850,850,0
2022-11-16 15:49:00,850,850,850,850,0
2022-11-16 15:50:00,850,850,850,850,0
2022-11-16 15:51:00,850,850,850,850,0
2022-11-16 15:52:00,850,850,850,850,0
2022-11-16 15:53:00,850,850,850,850,0
2022-11-16 15:54:00,850,850,850,850,0
2022-11-16 15:55:00,850,850,850,850,0
2022-11-16 15:56:00,850,850,850,850,0
2022-11-16 15:57:00,850,850,850,850,0
2022-11-16 15:58:00,850,850,850,850,0
2022-11-16 15:59:00,850,850,850,850,0
2022-11-17 09:00:00,850,850,850,850,2300
2022-11-17 09:01:00,850,850,850,850,0
2022-11-17 09:02:00,850,850,850,850,0
2022-11-17 09:03:00,855,855,855,855,900
2022-11-17 09:04:00,855,855,855,855,0
2022-11-17 09:05:00,855,855,865,860,8500
2022-11-17 09:06:00,860,860,860,860,0
2022-11-17 09:07:00,855,855,855,855,200
2022-11-17 09:08:00,855,855,855,855,0
2022-11-17 09:09:00,855,855,855,855,0
2022-11-17 09:10:00,855,855,855,855,0
2022-11-17 09:11:00,855,855,855,855,0
2022-11-17 09:12:00,855,855,855,855,0
2022-11-17 09:13:00,855,855,855,855,0
2022-11-17 09:14:00,855,855,855,855,0
2022-11-17 09:15:00,855,855,855,855,0
2022-11-17 09:16:00,855,855,855,855,0
2022-11-17 09:17:00,855,855,855,855,0
2022-11-17 09:18:00,860,860,860,860,26900
2022-11-17 09:19:00,860,860,860,860,0
2022-11-17 09:20:00,860,860,860,860,0
2022-11-17 09:21:00,860,860,860,860,0
2022-11-17 09:22:00,860,860,860,860,0
2022-11-17 09:23:00,860,860,860,860,0
2022-11-17 09:24:00,860,860,860,860,0
2022-11-17 09:25:00,860,860,860,860,0
2022-11-17 09:26:00,860,860,860,860,0
2022-11-17 09:27:00,860,860,860,860,0
2022-11-17 09:28:00,860,860,860,860,0
2022-11-17 09:29:00,860,860,860,860,0
2022-11-17 09:30:00,860,860,860,860,0
2022-11-17 09:31:00,860,860,860,860,0
2022-11-17 09:32:00,860,860,860,860,31900
2022-11-17 09:33:00,860,860,860,860,0
2022-11-17 09:34:00,860,860,860,860,0
2022-11-17 09:35:00,860,860,860,860,0
2022-11-17 09:36:00,860,860,860,860,2500
2022-11-17 09:37:00,860,860,860,860,5500
2022-11-17 09:38:00,860,860,860,860,0
2022-11-17 09:39:00,860,860,860,860,12000
2022-11-17 09:40:00,860,860,860,860,0
2022-11-17 09:41:00,860,860,860,860,0
2022-11-17 09:42:00,860,860,860,860,0
2022-11-17 09:43:00,860,850,860,850,58600
2022-11-17 09:44:00,860,850,860,850,0
2022-11-17 09:45:00,860,850,860,850,0
2022-11-17 09:46:00,860,850,860,850,0
2022-11-17 09:47:00,860,850,860,850,0
2022-11-17 09:48:00,860,850,860,850,0
2022-11-17 09:49:00,860,850,860,850,0
2022-11-17 09:50:00,860,850,860,850,0
2022-11-17 09:51:00,845,845,845,845,16000
2022-11-17 09:52:00,850,850,850,850,0
2022-11-17 09:53:00,850,850,850,850,0
2022-11-17 09:54:00,850,850,855,855,15100
2022-11-17 09:55:00,860,860,865,865,2100
2022-11-17 09:56:00,855,855,855,855,4800
2022-11-17 09:57:00,845,845,845,845,6000
2022-11-17 09:58:00,850,850,850,850,8000
2022-11-17 09:59:00,855,845,855,855,21200
2022-11-17 10:00:00,850,850,850,850,10000
2022-11-17 10:01:00,855,855,860,860,200
2022-11-17 10:02:00,855,855,860,860,0
2022-11-17 10:03:00,855,855,860,860,0
2022-11-17 10:04:00,855,855,860,860,0
2022-11-17 10:05:00,855,855,860,860,0
2022-11-17 10:06:00,855,855,860,860,0
2022-11-17 10:07:00,855,855,860,860,0
2022-11-17 10:08:00,855,855,860,860,0
2022-11-17 10:09:00,845,840,845,840,32900
2022-11-17 10:10:00,845,840,845,840,0
2022-11-17 10:11:00,835,835,840,840,2400
2022-11-17 10:12:00,835,835,840,840,0
2022-11-17 10:13:00,835,835,840,840,0
2022-11-17 10:14:00,835,835,840,840,0
2022-11-17 10:15:00,835,835,840,840,0
2022-11-17 10:16:00,835,835,840,840,0
2022-11-17 10:17:00,840,840,840,840,1800
2022-11-17 10:18:00,835,835,835,835,39500
2022-11-17 10:19:00,835,835,835,835,0
2022-11-17 10:20:00,835,835,835,835,0
2022-11-17 10:21:00,835,835,835,835,0
2022-11-17 10:22:00,835,835,835,835,0
2022-11-17 10:23:00,835,835,835,835,0
2022-11-17 10:24:00,835,835,835,835,0
2022-11-17 10:25:00,835,835,835,835,400
2022-11-17 10:26:00,835,835,835,835,0
2022-11-17 10:27:00,835,835,835,835,0
2022-11-17 10:28:00,835,835,835,835,0
2022-11-17 10:29:00,835,835,835,835,0
2022-11-17 10:30:00,835,835,835,835,0
2022-11-17 10:31:00,835,835,835,835,0
2022-11-17 10:32:00,835,835,835,835,0
2022-11-17 10:33:00,835,835,835,835,0
2022-11-17 10:34:00,835,835,835,835,2000
2022-11-17 10:35:00,835,835,835,835,15200
2022-11-17 10:36:00,835,835,835,835,0
2022-11-17 10:37:00,835,835,835,835,0
2022-11-17 10:38:00,840,840,840,840,0
2022-11-17 10:39:00,845,845,850,850,3100
2022-11-17 10:40:00,845,845,850,850,0
2022-11-17 10:41:00,850,850,850,850,400
2022-11-17 10:42:00,850,850,850,850,0
2022-11-17 10:43:00,850,850,850,850,400
2022-11-17 10:44:00,850,850,850,850,0
2022-11-17 10:45:00,850,850,850,850,0
2022-11-17 10:46:00,850,850,850,850,0
2022-11-17 10:47:00,850,850,850,850,400
2022-11-17 10:48:00,850,850,850,850,0
2022-11-17 10:49:00,850,850,850,850,0
2022-11-17 10:50:00,850,850,850,850,0
2022-11-17 10:51:00,850,840,850,840,9000
2022-11-17 10:52:00,840,840,840,840,400
2022-11-17 10:53:00,840,840,840,840,0
2022-11-17 10:54:00,840,840,840,840,0
2022-11-17 10:55:00,840,840,840,840,0
2022-11-17 10:56:00,840,840,840,840,0
2022-11-17 10:57:00,840,840,840,840,0
2022-11-17 10:58:00,840,840,840,840,0
2022-11-17 10:59:00,840,840,840,840,0
2022-11-17 11:00:00,835,835,835,835,44900
2022-11-17 11:01:00,835,835,835,835,0
2022-11-17 11:02:00,835,835,835,835,0
2022-11-17 11:03:00,835,835,835,835,0
2022-11-17 11:04:00,835,835,835,835,0
2022-11-17 11:05:00,835,835,835,835,0
2022-11-17 11:06:00,835,830,835,830,25900
2022-11-17 11:07:00,840,840,850,845,16200
2022-11-17 11:08:00,860,845,860,845,14800
2022-11-17 11:09:00,845,845,845,845,0
2022-11-17 11:10:00,845,845,845,845,20000
2022-11-17 11:11:00,845,845,845,845,5500
2022-11-17 11:12:00,845,845,845,845,0
2022-11-17 11:13:00,845,845,845,845,0
2022-11-17 11:14:00,845,845,845,845,0
2022-11-17 11:15:00,845,845,845,845,0
2022-11-17 11:16:00,845,845,845,845,0
2022-11-17 11:17:00,845,845,845,845,0
2022-11-17 11:18:00,845,845,845,845,0
2022-11-17 11:19:00,845,845,845,845,0
2022-11-17 11:20:00,845,845,845,845,0
2022-11-17 11:21:00,845,845,845,845,0
2022-11-17 11:22:00,845,845,845,845,0
2022-11-17 11:23:00,845,845,845,845,0
2022-11-17 11:24:00,845,845,845,845,0
2022-11-17 11:25:00,845,845,845,845,0
2022-11-17 11:26:00,845,845,845,845,0
2022-11-17 11:27:00,840,835,840,835,2300
2022-11-17 11:28:00,840,835,840,835,0
2022-11-17 11:29:00,840,835,840,835,0
2022-11-17 11:30:00,840,835,840,835,0
2022-11-17 11:31:00,840,835,840,835,0
2022-11-17 11:32:00,840,835,840,835,0
2022-11-17 11:33:00,840,835,840,835,0
2022-11-17 11:34:00,840,835,840,835,0
2022-11-17 11:35:00,840,835,840,835,0
2022-11-17 11:36:00,840,835,840,835,0
2022-11-17 11:37:00,840,835,840,835,0
2022-11-17 11:38:00,840,835,840,835,0
2022-11-17 11:39:00,840,835,840,835,0
2022-11-17 11:40:00,840,835,840,835,0
2022-11-17 11:41:00,840,835,840,835,0
2022-11-17 11:42:00,840,835,840,835,0
2022-11-17 11:43:00,840,835,840,835,0
2022-11-17 11:44:00,840,835,840,835,0
2022-11-17 11:45:00,840,835,840,835,0
2022-11-17 11:46:00,840,835,840,835,0
2022-11-17 11:47:00,840,835,840,835,0
2022-11-17 11:48:00,840,835,840,835,0
2022-11-17 11:49:00,840,835,840,835,0
2022-11-17 11:50:00,840,835,840,835,0
2022-11-17 11:51:00,840,835,840,835,0
2022-11-17 11:52:00,840,835,840,835,0
2022-11-17 11:53:00,840,835,840,835,0
2022-11-17 11:54:00,840,835,840,835,0
2022-11-17 11:55:00,840,835,840,835,0
2022-11-17 11:56:00,840,835,840,835,0
2022-11-17 11:57:00,840,835,840,835,0
2022-11-17 11:58:00,840,835,840,835,0
2022-11-17 11:59:00,840,835,840,835,0
2022-11-17 12:00:00,840,835,840,835,0
2022-11-17 12:01:00,840,835,840,835,0
2022-11-17 12:02:00,840,835,840,835,0
2022-11-17 12:03:00,840,835,840,835,0
2022-11-17 12:04:00,840,835,840,835,0
2022-11-17 12:05:00,840,835,840,835,0
2022-11-17 12:06:00,840,835,840,835,0
2022-11-17 12:07:00,840,835,840,835,0
2022-11-17 12:08:00,840,835,840,835,0
2022-11-17 12:09:00,840,835,840,835,0
2022-11-17 12:10:00,840,835,840,835,0
2022-11-17 12:11:00,840,835,840,835,0
2022-11-17 12:12:00,840,835,840,835,0
2022-11-17 12:13:00,840,835,840,835,0
2022-11-17 12:14:00,840,835,840,835,0
2022-11-17 12:15:00,840,835,840,835,0
2022-11-17 12:16:00,840,835,840,835,0
2022-11-17 12:17:00,840,835,840,835,0
2022-11-17 12:18:00,840,835,840,835,0
2022-11-17 12:19:00,840,835,840,835,0
2022-11-17 12:20:00,840,835,840,835,0
2022-11-17 12:21:00,840,835,840,835,0
2022-11-17 12:22:00,840,835,840,835,0
2022-11-17 12:23:00,840,835,840,835,0
2022-11-17 12:24:00,840,835,840,835,0
2022-11-17 12:25:00,840,835,840,835,0
2022-11-17 12:26:00,840,835,840,835,0
2022-11-17 12:27:00,840,835,840,835,0
2022-11-17 12:28:00,840,835,840,835,0
2022-11-17 12:29:00,840,835,840,835,0
2022-11-17 12:30:00,840,835,840,835,0
2022-11-17 12:31:00,840,835,840,835,0
2022-11-17 12:32:00,840,835,840,835,0
2022-11-17 12:33:00,840,835,840,835,0
2022-11-17 12:34:00,840,835,840,835,0
2022-11-17 12:35:00,840,835,840,835,0
2022-11-17 12:36:00,840,835,840,835,0
2022-11-17 12:37:00,840,835,840,835,0
2022-11-17 12:38:00,840,835,840,835,0
2022-11-17 12:39:00,840,835,840,835,0
2022-11-17 12:40:00,840,835,840,835,0
2022-11-17 12:41:00,840,835,840,835,0
2022-11-17 12:42:00,840,835,840,835,0
2022-11-17 12:43:00,840,835,840,835,0
2022-11-17 12:44:00,840,835,840,835,0
2022-11-17 12:45:00,840,835,840,835,0
2022-11-17 12:46:00,840,835,840,835,0
2022-11-17 12:47:00,840,835,840,835,0
2022-11-17 12:48:00,840,835,840,835,0
2022-11-17 12:49:00,840,835,840,835,0
2022-11-17 12:50:00,840,835,840,835,0
2022-11-17 12:51:00,840,835,840,835,0
2022-11-17 12:52:00,840,835,840,835,0
2022-11-17 12:53:00,840,835,840,835,0
2022-11-17 12:54:00,840,835,840,835,0
2022-11-17 12:55:00,840,835,840,835,0
2022-11-17 12:56:00,840,835,840,835,0
2022-11-17 12:57:00,840,835,840,835,0
2022-11-17 12:58:00,840,835,840,835,0
2022-11-17 12:59:00,840,835,840,835,0
2022-11-17 13:00:00,840,835,840,835,0
2022-11-17 13:01:00,840,835,840,835,0
2022-11-17 13:02:00,840,835,840,835,0
2022-11-17 13:03:00,840,835,840,835,0
2022-11-17 13:04:00,840,835,840,835,0
2022-11-17 13:05:00,840,835,840,835,0
2022-11-17 13:06:00,840,835,840,835,0
2022-11-17 13:07:00,840,835,840,835,0
2022-11-17 13:08:00,840,835,840,835,0
2022-11-17 13:09:00,840,835,840,835,0
2022-11-17 13:10:00,840,835,840,835,0
2022-11-17 13:11:00,840,835,840,835,0
2022-11-17 13:12:00,840,835,840,835,0
2022-11-17 13:13:00,840,835,840,835,0
2022-11-17 13:14:00,840,835,840,835,0
2022-11-17 13:15:00,840,835,840,835,0
2022-11-17 13:16:00,840,835,840,835,0
2022-11-17 13:17:00,840,835,840,835,0
2022-11-17 13:18:00,840,835,840,835,0
2022-11-17 13:19:00,840,835,840,835,0
2022-11-17 13:20:00,840,835,840,835,0
2022-11-17 13:21:00,840,835,840,835,0
2022-11-17 13:22:00,840,835,840,835,0
2022-11-17 13:23:00,840,835,840,835,0
2022-11-17 13:24:00,840,835,840,835,0
2022-11-17 13:25:00,840,835,840,835,0
2022-11-17 13:26:00,840,835,840,835,0
2022-11-17 13:27:00,840,835,840,835,0
2022-11-17 13:28:00,840,835,840,835,0
2022-11-17 13:29:00,840,835,840,835,0
2022-11-17 13:30:00,835,835,835,835,4000
2022-11-17 13:31:00,835,835,835,835,0
2022-11-17 13:32:00,840,840,850,850,16700
2022-11-17 13:33:00,855,855,860,860,10200
2022-11-17 13:34:00,855,855,860,860,0
2022-11-17 13:35:00,855,855,860,860,0
2022-11-17 13:36:00,855,855,860,860,0
2022-11-17 13:37:00,855,855,860,860,0
2022-11-17 13:38:00,855,855,860,860,0
2022-11-17 13:39:00,855,855,860,860,0
2022-11-17 13:40:00,855,855,860,860,0
2022-11-17 13:41:00,855,855,860,860,0
2022-11-17 13:42:00,855,855,860,860,0
2022-11-17 13:43:00,855,855,860,860,0
2022-11-17 13:44:00,855,855,860,860,0
2022-11-17 13:45:00,855,855,860,860,0
2022-11-17 13:46:00,855,855,860,860,0
2022-11-17 13:47:00,855,855,860,860,0
2022-11-17 13:48:00,855,855,860,860,0
2022-11-17 13:49:00,855,855,860,860,0
2022-11-17 13:50:00,860,860,860,860,200
2022-11-17 13:51:00,860,860,860,860,0
2022-11-17 13:52:00,860,860,860,860,0
2022-11-17 13:53:00,860,860,860,860,0
2022-11-17 13:54:00,860,860,860,860,0
2022-11-17 13:55:00,860,860,860,860,0
2022-11-17 13:56:00,860,860,860,860,0
2022-11-17 13:57:00,860,860,860,860,0
2022-11-17 13:58:00,860,860,860,860,0
2022-11-17 13:59:00,860,860,860,860,0
2022-11-17 14:00:00,860,860,860,860,0
2022-11-17 14:01:00,860,860,860,860,28900
2022-11-17 14:02:00,860,860,860,860,0
2022-11-17 14:03:00,860,860,860,860,0
2022-11-17 14:04:00,860,860,860,860,0
2022-11-17 14:05:00,860,860,860,860,0
2022-11-17 14:06:00,860,860,860,860,0
2022-11-17 14:07:00,860,860,860,860,0
2022-11-17 14:08:00,860,860,860,860,0
2022-11-17 14:09:00,860,860,860,860,0
2022-11-17 14:10:00,860,860,860,860,0
2022-11-17 14:11:00,860,860,860,860,0
2022-11-17 14:12:00,860,860,860,860,0
2022-11-17 14:13:00,860,860,860,860,0
2022-11-17 14:14:00,860,860,860,860,0
2022-11-17 14:15:00,850,850,850,850,100
2022-11-17 14:16:00,850,850,850,850,0
2022-11-17 14:17:00,850,850,850,850,0
2022-11-17 14:18:00,850,850,850,850,0
2022-11-17 14:19:00,850,850,850,850,0
2022-11-17 14:20:00,850,850,850,850,0
2022-11-17 14:21:00,850,850,850,850,0
2022-11-17 14:22:00,850,850,850,850,0
2022-11-17 14:23:00,850,850,850,850,0
2022-11-17 14:24:00,850,850,850,850,0
2022-11-17 14:25:00,850,850,850,850,0
2022-11-17 14:26:00,850,850,850,850,3400
2022-11-17 14:27:00,850,850,850,850,0
2022-11-17 14:28:00,850,850,850,850,0
2022-11-17 14:29:00,850,850,850,850,0
2022-11-17 14:30:00,850,850,850,850,0
2022-11-17 14:31:00,850,850,850,850,0
2022-11-17 14:32:00,850,850,850,850,0
2022-11-17 14:33:00,850,850,850,850,0
2022-11-17 14:34:00,850,850,850,850,0
2022-11-17 14:35:00,850,850,850,850,0
2022-11-17 14:36:00,850,850,850,850,1700
2022-11-17 14:37:00,850,850,850,850,0
2022-11-17 14:38:00,850,850,850,850,0
2022-11-17 14:39:00,850,850,850,850,0
2022-11-17 14:40:00,850,850,850,850,0
2022-11-17 14:41:00,850,850,850,850,0
2022-11-17 14:42:00,850,850,850,850,0
2022-11-17 14:43:00,850,850,850,850,0
2022-11-17 14:44:00,850,850,850,850,0
2022-11-17 14:45:00,850,850,850,850,0
2022-11-17 14:46:00,850,850,850,850,0
2022-11-17 14:47:00,850,850,850,850,0
2022-11-17 14:48:00,850,850,850,850,0
2022-11-17 14:49:00,850,850,850,850,0
2022-11-17 14:50:00,850,850,850,850,0
2022-11-17 14:51:00,850,850,850,850,0
2022-11-17 14:52:00,850,850,850,850,0
2022-11-17 14:53:00,850,850,850,850,0
2022-11-17 14:54:00,850,850,850,850,0
2022-11-17 14:55:00,850,850,850,850,0
2022-11-17 14:56:00,850,850,850,850,0
2022-11-17 14:57:00,850,850,850,850,0
2022-11-17 14:58:00,850,850,850,850,0
2022-11-17 14:59:00,850,850,850,850,0
2022-11-17 15:00:00,845,845,845,845,87400
2022-11-17 15:01:00,845,845,845,845,800
2022-11-17 15:02:00,845,845,845,845,0
2022-11-17 15:03:00,845,845,845,845,0
2022-11-17 15:04:00,845,845,845,845,0
2022-11-17 15:05:00,845,845,845,845,0
2022-11-17 15:06:00,845,845,845,845,0
2022-11-17 15:07:00,845,845,845,845,0
2022-11-17 15:08:00,845,845,845,845,0
2022-11-17 15:09:00,845,845,845,845,0
2022-11-17 15:10:00,845,845,845,845,0
2022-11-17 15:11:00,845,845,845,845,0
2022-11-17 15:12:00,845,845,845,845,0
2022-11-17 15:13:00,845,845,845,845,0
2022-11-17 15:14:00,845,845,845,845,609300
2022-11-17 15:15:00,845,845,845,845,0
2022-11-17 15:16:00,845,845,845,845,0
2022-11-17 15:17:00,845,845,845,845,0
2022-11-17 15:18:00,845,845,845,845,0
2022-11-17 15:19:00,845,845,845,845,0
2022-11-17 15:20:00,845,845,845,845,0
2022-11-17 15:21:00,845,845,845,845,0
2022-11-17 15:22:00,845,845,845,845,0
2022-11-17 15:23:00,845,845,845,845,0
2022-11-17 15:24:00,845,845,845,845,0
2022-11-17 15:25:00,845,845,845,845,0
2022-11-17 15:26:00,845,845,845,845,0
2022-11-17 15:27:00,845,845,845,845,0
2022-11-17 15:28:00,845,845,845,845,0
2022-11-17 15:29:00,845,845,845,845,0
2022-11-17 15:30:00,845,845,845,845,0
2022-11-17 15:31:00,845,845,845,845,0
2022-11-17 15:32:00,845,845,845,845,0
2022-11-17 15:33:00,845,845,845,845,0
2022-11-17 15:34:00,845,845,845,845,0
2022-11-17 15:35:00,845,845,845,845,0
2022-11-17 15:36:00,845,845,845,845,0
2022-11-17 15:37:00,845,845,845,845,0
2022-11-17 15:38:00,845,845,845,845,0
2022-11-17 15:39:00,845,845,845,845,0
2022-11-17 15:40:00,845,845,845,845,0
2022-11-17 15:41:00,845,845,845,845,0
2022-11-17 15:42:00,845,845,845,845,0
2022-11-17 15:43:00,845,845,845,845,0
2022-11-17 15:44:00,845,845,845,845,0
2022-11-17 15:45:00,845,845,845,845,0
2022-11-17 15:46:00,845,845,845,845,0
2022-11-17 15:47:00,845,845,845,845,0
2022-11-17 15:48:00,845,845,845,845,0
2022-11-17 15:49:00,845,845,845,845,0
2022-11-17 15:50:00,845,845,845,845,0
2022-11-17 15:51:00,845,845,845,845,0
2022-11-17 15:52:00,845,845,845,845,0
2022-11-17 15:53:00,845,845,845,845,0
2022-11-17 15:54:00,845,845,845,845,0
2022-11-17 15:55:00,845,845,845,845,0
2022-11-17 15:56:00,845,845,845,845,0
2022-11-17 15:57:00,845,845,845,845,0
2022-11-17 15:58:00,845,845,845,845,0
2022-11-17 15:59:00,845,845,845,845,0
2022-11-18 09:00:00,845,845,845,845,0
2022-11-18 09:01:00,850,850,850,850,0
2022-11-18 09:02:00,850,850,850,850,1400
2022-11-18 09:03:00,850,850,850,850,11800
2022-11-18 09:04:00,850,850,850,850,2400
2022-11-18 09:05:00,855,855,860,860,22100
2022-11-18 09:06:00,860,855,860,855,19600
2022-11-18 09:07:00,855,855,855,855,0
2022-11-18 09:08:00,855,855,860,860,0
2022-11-18 09:09:00,860,860,860,860,1200
2022-11-18 09:10:00,860,860,860,860,0
2022-11-18 09:11:00,860,860,860,860,0
2022-11-18 09:12:00,860,860,860,860,0
2022-11-18 09:13:00,860,860,860,860,0
2022-11-18 09:14:00,860,860,860,860,0
2022-11-18 09:15:00,860,860,860,860,0
2022-11-18 09:16:00,860,860,860,860,0
2022-11-18 09:17:00,860,860,860,860,0
2022-11-18 09:18:00,860,860,860,860,8700
2022-11-18 09:19:00,860,860,860,860,0
2022-11-18 09:20:00,860,860,860,860,0
2022-11-18 09:21:00,860,860,860,860,0
2022-11-18 09:22:00,860,860,860,860,0
2022-11-18 09:23:00,860,860,860,860,0
2022-11-18 09:24:00,855,855,855,855,500
2022-11-18 09:25:00,855,850,855,850,25700
2022-11-18 09:26:00,850,845,850,845,2400
2022-11-18 09:27:00,850,845,850,845,0
2022-11-18 09:28:00,850,845,850,845,0
2022-11-18 09:29:00,850,845,850,845,0
2022-11-18 09:30:00,850,845,850,845,0
2022-11-18 09:31:00,850,845,850,845,0
2022-11-18 09:32:00,850,845,850,845,0
2022-11-18 09:33:00,850,845,850,845,0
2022-11-18 09:34:00,850,845,850,845,0
2022-11-18 09:35:00,850,845,850,845,0
2022-11-18 09:36:00,850,845,850,845,0
2022-11-18 09:37:00,850,845,850,845,0
2022-11-18 09:38:00,850,845,850,845,0
2022-11-18 09:39:00,850,845,850,845,0
2022-11-18 09:40:00,850,845,850,845,0
2022-11-18 09:41:00,850,845,850,845,0
2022-11-18 09:42:00,850,845,850,845,0
2022-11-18 09:43:00,850,845,850,845,0
2022-11-18 09:44:00,845,845,845,845,46700
2022-11-18 09:45:00,845,845,845,845,2200
2022-11-18 09:46:00,840,840,840,840,3400
2022-11-18 09:47:00,840,840,840,840,0
2022-11-18 09:48:00,840,840,840,840,0
2022-11-18 09:49:00,840,840,840,840,0
2022-11-18 09:50:00,840,840,840,840,8300
2022-11-18 09:51:00,845,845,855,855,7200
2022-11-18 09:52:00,845,845,855,855,0
2022-11-18 09:53:00,845,845,855,855,0
2022-11-18 09:54:00,845,845,855,855,0
2022-11-18 09:55:00,845,845,855,855,0
2022-11-18 09:56:00,845,845,855,855,0
2022-11-18 09:57:00,845,845,855,855,0
2022-11-18 09:58:00,855,845,855,845,17000
2022-11-18 09:59:00,855,845,855,845,0
2022-11-18 10:00:00,855,845,855,845,0
2022-11-18 10:01:00,855,845,855,845,0
2022-11-18 10:02:00,855,845,855,845,0
2022-11-18 10:03:00,855,845,855,845,0
2022-11-18 10:04:00,855,845,855,845,0
2022-11-18 10:05:00,855,845,855,845,0
2022-11-18 10:06:00,855,845,855,845,0
2022-11-18 10:07:00,855,845,855,845,0
2022-11-18 10:08:00,855,845,855,845,0
2022-11-18 10:09:00,850,850,850,850,5000
2022-11-18 10:10:00,855,855,855,855,1400
2022-11-18 10:11:00,855,855,855,855,0
2022-11-18 10:12:00,855,855,855,855,0
2022-11-18 10:13:00,855,855,855,855,0
2022-11-18 10:14:00,855,855,855,855,0
2022-11-18 10:15:00,855,855,855,855,0
2022-11-18 10:16:00,855,855,855,855,100
2022-11-18 10:17:00,855,855,855,855,0
2022-11-18 10:18:00,855,855,855,855,0
2022-11-18 10:19:00,855,855,855,855,0
2022-11-18 10:20:00,855,855,855,855,0
2022-11-18 10:21:00,855,855,855,855,0
2022-11-18 10:22:00,855,855,855,855,0
2022-11-18 10:23:00,855,855,855,855,0
2022-11-18 10:24:00,855,855,855,855,0
2022-11-18 10:25:00,855,855,855,855,100
2022-11-18 10:26:00,855,855,855,855,0
2022-11-18 10:27:00,855,855,855,855,0
2022-11-18 10:28:00,855,855,855,855,0
2022-11-18 10:29:00,855,855,855,855,0
2022-11-18 10:30:00,855,855,855,855,0
2022-11-18 10:31:00,855,855,855,855,0
2022-11-18 10:32:00,850,850,850,850,200
2022-11-18 10:33:00,850,850,850,850,0
2022-11-18 10:34:00,850,850,850,850,0
2022-11-18 10:35:00,850,850,850,850,0
2022-11-18 10:36:00,850,850,850,850,0
2022-11-18 10:37:00,850,850,850,850,0
2022-11-18 10:38:00,850,850,850,850,5800
2022-11-18 10:39:00,850,850,850,850,0
2022-11-18 10:40:00,850,850,850,850,0
2022-11-18 10:41:00,850,850,850,850,0
2022-11-18 10:42:00,850,850,850,850,0
2022-11-18 10:43:00,850,850,850,850,2300
2022-11-18 10:44:00,850,850,850,850,0
2022-11-18 10:45:00,850,850,850,850,0
2022-11-18 10:46:00,850,850,850,850,0
2022-11-18 10:47:00,850,850,850,850,0
2022-11-18 10:48:00,850,850,850,850,0
2022-11-18 10:49:00,850,850,850,850,0
2022-11-18 10:50:00,850,850,850,850,0
2022-11-18 10:51:00,850,850,850,850,0
2022-11-18 10:52:00,850,850,850,850,0
2022-11-18 10:53:00,850,850,850,850,0
2022-11-18 10:54:00,850,850,850,850,0
2022-11-18 10:55:00,850,850,850,850,0
2022-11-18 10:56:00,850,850,850,850,0
2022-11-18 10:57:00,850,850,850,850,0
2022-11-18 10:58:00,850,850,850,850,0
2022-11-18 10:59:00,850,850,850,850,0
2022-11-18 11:00:00,850,850,850,850,0
2022-11-18 11:01:00,850,850,850,850,0
2022-11-18 11:02:00,850,850,850,850,0
2022-11-18 11:03:00,850,850,850,850,0
2022-11-18 11:04:00,850,850,850,850,0
2022-11-18 11:05:00,850,850,850,850,0
2022-11-18 11:06:00,850,850,850,850,0
2022-11-18 11:07:00,850,850,850,850,0
2022-11-18 11:08:00,850,850,850,850,0
2022-11-18 11:09:00,850,850,850,850,0
2022-11-18 11:10:00,850,850,850,850,0
2022-11-18 11:11:00,850,850,850,850,0
2022-11-18 11:12:00,850,850,850,850,0
2022-11-18 11:13:00,850,850,850,850,0
2022-11-18 11:14:00,850,850,850,850,0
2022-11-18 11:15:00,850,850,850,850,0
2022-11-18 11:16:00,850,850,850,850,0
2022-11-18 11:17:00,850,850,850,850,0
2022-11-18 11:18:00,850,850,850,850,0
2022-11-18 11:19:00,850,850,850,850,0
2022-11-18 11:20:00,850,850,850,850,0
2022-11-18 11:21:00,850,850,850,850,0
2022-11-18 11:22:00,850,850,850,850,0
2022-11-18 11:23:00,850,850,850,850,0
2022-11-18 11:24:00,850,850,850,850,0
2022-11-18 11:25:00,850,850,850,850,0
2022-11-18 11:26:00,850,850,850,850,0
2022-11-18 11:27:00,850,850,850,850,0
2022-11-18 11:28:00,850,850,850,850,0
2022-11-18 11:29:00,850,850,850,850,0
2022-11-18 11:30:00,850,850,850,850,0
2022-11-18 11:31:00,850,850,850,850,0
2022-11-18 11:32:00,850,850,850,850,0
2022-11-18 11:33:00,850,850,850,850,0
2022-11-18 11:34:00,850,850,850,850,0
2022-11-18 11:35:00,850,850,850,850,0
2022-11-18 11:36:00,850,850,850,850,0
2022-11-18 11:37:00,850,850,850,850,0
2022-11-18 11:38:00,850,850,850,850,0
2022-11-18 11:39:00,850,850,850,850,0
2022-11-18 11:40:00,850,850,850,850,0
2022-11-18 11:41:00,850,850,850,850,0
2022-11-18 11:42:00,850,850,850,850,0
2022-11-18 11:43:00,850,850,850,850,0
2022-11-18 11:44:00,850,850,850,850,0
2022-11-18 11:45:00,850,850,850,850,0
2022-11-18 11:46:00,850,850,850,850,0
2022-11-18 11:47:00,850,850,850,850,0
2022-11-18 11:48:00,850,850,850,850,0
2022-11-18 11:49:00,850,850,850,850,0
2022-11-18 11:50:00,850,850,850,850,0
2022-11-18 11:51:00,850,850,850,850,0
2022-11-18 11:52:00,850,850,850,850,0
2022-11-18 11:53:00,850,850,850,850,0
2022-11-18 11:54:00,850,850,850,850,0
2022-11-18 11:55:00,850,850,850,850,0
2022-11-18 11:56:00,850,850,850,850,0
2022-11-18 11:57:00,850,850,850,850,0
2022-11-18 11:58:00,850,850,850,850,0
2022-11-18 11:59:00,850,850,850,850,0
2022-11-18 12:00:00,850,850,850,850,0
2022-11-18 12:01:00,850,850,850,850,0
2022-11-18 12:02:00,850,850,850,850,0
2022-11-18 12:03:00,850,850,850,850,0
2022-11-18 12:04:00,850,850,850,850,0
2022-11-18 12:05:00,850,850,850,850,0
2022-11-18 12:06:00,850,850,850,850,0
2022-11-18 12:07:00,850,850,850,850,0
2022-11-18 12:08:00,850,850,850,850,0
2022-11-18 12:09:00,850,850,850,850,0
2022-11-18 12:10:00,850,850,850,850,0
2022-11-18 12:11:00,850,850,850,850,0
2022-11-18 12:12:00,850,850,850,850,0
2022-11-18 12:13:00,850,850,850,850,0
2022-11-18 12:14:00,850,850,850,850,0
2022-11-18 12:15:00,850,850,850,850,0
2022-11-18 12:16:00,850,850,850,850,0
2022-11-18 12:17:00,850,850,850,850,0
2022-11-18 12:18:00,850,850,850,850,0
2022-11-18 12:19:00,850,850,850,850,0
2022-11-18 12:20:00,850,850,850,850,0
2022-11-18 12:21:00,850,850,850,850,0
2022-11-18 12:22:00,850,850,850,850,0
2022-11-18 12:23:00,850,850,850,850,0
2022-11-18 12:24:00,850,850,850,850,0
2022-11-18 12:25:00,850,850,850,850,0
2022-11-18 12:26:00,850,850,850,850,0
2022-11-18 12:27:00,850,850,850,850,0
2022-11-18 12:28:00,850,850,850,850,0
2022-11-18 12:29:00,850,850,850,850,0
2022-11-18 12:30:00,850,850,850,850,0
2022-11-18 12:31:00,850,850,850,850,0
2022-11-18 12:32:00,850,850,850,850,0
2022-11-18 12:33:00,850,850,850,850,0
2022-11-18 12:34:00,850,850,850,850,0
2022-11-18 12:35:00,850,850,850,850,0
2022-11-18 12:36:00,850,850,850,850,0
2022-11-18 12:37:00,850,850,850,850,0
2022-11-18 12:38:00,850,850,850,850,0
2022-11-18 12:39:00,850,850,850,850,0
2022-11-18 12:40:00,850,850,850,850,0
2022-11-18 12:41:00,850,850,850,850,0
2022-11-18 12:42:00,850,850,850,850,0
2022-11-18 12:43:00,850,850,850,850,0
2022-11-18 12:44:00,850,850,850,850,0
2022-11-18 12:45:00,850,850,850,850,0
2022-11-18 12:46:00,850,850,850,850,0
2022-11-18 12:47:00,850,850,850,850,0
2022-11-18 12:48:00,850,850,850,850,0
2022-11-18 12:49:00,850,850,850,850,0
2022-11-18 12:50:00,850,850,850,850,0
2022-11-18 12:51:00,850,850,850,850,0
2022-11-18 12:52:00,850,850,850,850,0
2022-11-18 12:53:00,850,850,850,850,0
2022-11-18 12:54:00,850,850,850,850,0
2022-11-18 12:55:00,850,850,850,850,0
2022-11-18 12:56:00,850,850,850,850,0
2022-11-18 12:57:00,850,850,850,850,0
2022-11-18 12:58:00,850,850,850,850,0
2022-11-18 12:59:00,850,850,850,850,0
2022-11-18 13:00:00,850,850,850,850,0
2022-11-18 13:01:00,850,850,850,850,0
2022-11-18 13:02:00,850,850,850,850,0
2022-11-18 13:03:00,850,850,850,850,0
2022-11-18 13:04:00,850,850,850,850,0
2022-11-18 13:05:00,850,850,850,850,0
2022-11-18 13:06:00,850,850,850,850,0
2022-11-18 13:07:00,850,850,850,850,0
2022-11-18 13:08:00,850,850,850,850,0
2022-11-18 13:09:00,850,850,850,850,0
2022-11-18 13:10:00,850,850,850,850,0
2022-11-18 13:11:00,850,850,850,850,0
2022-11-18 13:12:00,850,850,850,850,0
2022-11-18 13:13:00,850,850,850,850,0
2022-11-18 13:14:00,850,850,850,850,0
2022-11-18 13:15:00,850,850,850,850,0
2022-11-18 13:16:00,850,850,850,850,0
2022-11-18 13:17:00,850,850,850,850,0
2022-11-18 13:18:00,850,850,850,850,0
2022-11-18 13:19:00,850,850,850,850,0
2022-11-18 13:20:00,850,850,850,850,0
2022-11-18 13:21:00,850,850,850,850,0
2022-11-18 13:22:00,850,850,850,850,0
2022-11-18 13:23:00,850,850,850,850,0
2022-11-18 13:24:00,850,850,850,850,0
2022-11-18 13:25:00,850,850,850,850,0
2022-11-18 13:26:00,850,850,850,850,0
2022-11-18 13:27:00,850,850,850,850,0
2022-11-18 13:28:00,850,850,850,850,0
2022-11-18 13:29:00,850,850,850,850,0
2022-11-18 13:30:00,850,850,850,850,10000
2022-11-18 13:31:00,850,850,850,850,0
2022-11-18 13:32:00,850,850,850,850,0
2022-11-18 13:33:00,850,850,850,850,0
2022-11-18 13:34:00,850,850,850,850,0
2022-11-18 13:35:00,850,850,850,850,0
2022-11-18 13:36:00,850,850,850,850,0
2022-11-18 13:37:00,850,850,850,850,0
2022-11-18 13:38:00,850,850,850,850,0
2022-11-18 13:39:00,850,850,850,850,0
2022-11-18 13:40:00,850,850,850,850,0
2022-11-18 13:41:00,850,850,850,850,0
2022-11-18 13:42:00,845,845,845,845,4800
2022-11-18 13:43:00,845,845,845,845,0
2022-11-18 13:44:00,845,845,845,845,0
2022-11-18 13:45:00,845,845,845,845,0
2022-11-18 13:46:00,845,845,845,845,0
2022-11-18 13:47:00,845,845,845,845,0
2022-11-18 13:48:00,845,845,845,845,0
2022-11-18 13:49:00,845,845,845,845,0
2022-11-18 13:50:00,845,845,845,845,0
2022-11-18 13:51:00,845,845,845,845,17600
2022-11-18 13:52:00,845,845,845,845,0
2022-11-18 13:53:00,845,845,845,845,0
2022-11-18 13:54:00,845,845,845,845,0
2022-11-18 13:55:00,845,845,845,845,0
2022-11-18 13:56:00,845,845,845,845,0
2022-11-18 13:57:00,845,845,845,845,0
2022-11-18 13:58:00,845,845,845,845,0
2022-11-18 13:59:00,845,845,845,845,0
2022-11-18 14:00:00,845,845,845,845,0
2022-11-18 14:01:00,845,845,845,845,2200
2022-11-18 14:02:00,845,845,845,845,0
2022-11-18 14:03:00,845,845,845,845,0
2022-11-18 14:04:00,845,845,845,845,0
2022-11-18 14:05:00,845,845,845,845,0
2022-11-18 14:06:00,840,840,840,840,1900
2022-11-18 14:07:00,840,840,840,840,0
2022-11-18 14:08:00,840,840,840,840,0
2022-11-18 14:09:00,840,840,840,840,0
2022-11-18 14:10:00,840,840,840,840,0
2022-11-18 14:11:00,840,840,840,840,0
2022-11-18 14:12:00,840,840,840,840,2900
2022-11-18 14:13:00,840,840,840,840,0
2022-11-18 14:14:00,845,845,845,845,5300
2022-11-18 14:15:00,850,850,850,850,7800
2022-11-18 14:16:00,850,850,850,850,0
2022-11-18 14:17:00,855,855,855,855,8500
2022-11-18 14:18:00,855,855,855,855,0
2022-11-18 14:19:00,855,855,855,855,0
2022-11-18 14:20:00,855,855,855,855,0
2022-11-18 14:21:00,855,855,855,855,0
2022-11-18 14:22:00,855,855,855,855,0
2022-11-18 14:23:00,855,855,855,855,0
2022-11-18 14:24:00,855,855,855,855,0
2022-11-18 14:25:00,855,855,855,855,0
2022-11-18 14:26:00,855,855,855,855,0
2022-11-18 14:27:00,855,855,855,855,0
2022-11-18 14:28:00,855,855,855,855,0
2022-11-18 14:29:00,855,855,855,855,0
2022-11-18 14:30:00,855,855,855,855,0
2022-11-18 14:31:00,855,855,855,855,0
2022-11-18 14:32:00,855,855,855,855,0
2022-11-18 14:33:00,855,855,855,855,0
2022-11-18 14:34:00,855,855,855,855,0
2022-11-18 14:35:00,855,855,855,855,0
2022-11-18 14:36:00,855,855,855,855,0
2022-11-18 14:37:00,855,855,855,855,0
2022-11-18 14:38:00,855,855,855,855,0
2022-11-18 14:39:00,855,855,855,855,0
2022-11-18 14:40:00,855,855,855,855,0
2022-11-18 14:41:00,855,855,855,855,0
2022-11-18 14:42:00,855,855,855,855,0
2022-11-18 14:43:00,855,855,855,855,0
2022-11-18 14:44:00,855,855,855,855,100
2022-11-18 14:45:00,855,855,855,855,0
2022-11-18 14:46:00,855,855,855,855,0
2022-11-18 14:47:00,855,855,855,855,0
2022-11-18 14:48:00,855,855,855,855,0
2022-11-18 14:49:00,855,855,855,855,0
2022-11-18 14:50:00,855,855,855,855,0
2022-11-18 14:51:00,855,855,855,855,0
2022-11-18 14:52:00,855,855,855,855,0
2022-11-18 14:53:00,855,855,855,855,0
2022-11-18 14:54:00,855,855,855,855,0
2022-11-18 14:55:00,855,855,855,855,0
2022-11-18 14:56:00,855,855,855,855,0
2022-11-18 14:57:00,855,855,855,855,0
2022-11-18 14:58:00,855,855,855,855,0
2022-11-18 14:59:00,855,855,855,855,0
2022-11-18 15:00:00,855,855,855,855,0
2022-11-18 15:01:00,855,855,855,855,0
2022-11-18 15:02:00,855,855,855,855,0
2022-11-18 15:03:00,855,855,855,855,0
2022-11-18 15:04:00,855,855,855,855,0
2022-11-18 15:05:00,855,855,855,855,0
2022-11-18 15:06:00,855,855,855,855,0
2022-11-18 15:07:00,855,855,855,855,0
2022-11-18 15:08:00,855,855,855,855,0
2022-11-18 15:09:00,855,855,855,855,0
2022-11-18 15:10:00,855,855,855,855,0
2022-11-18 15:11:00,855,855,855,855,0
2022-11-18 15:12:00,855,855,855,855,0
2022-11-18 15:13:00,855,855,855,855,0
2022-11-18 15:14:00,855,855,855,855,0
2022-11-18 15:15:00,855,855,855,855,0
2022-11-18 15:16:00,855,855,855,855,0
2022-11-18 15:17:00,855,855,855,855,0
2022-11-18 15:18:00,855,855,855,855,0
2022-11-18 15:19:00,855,855,855,855,0
2022-11-18 15:20:00,855,855,855,855,0
2022-11-18 15:21:00,855,855,855,855,0
2022-11-18 15:22:00,855,855,855,855,0
2022-11-18 15:23:00,855,855,855,855,0
2022-11-18 15:24:00,855,855,855,855,0
2022-11-18 15:25:00,855,855,855,855,0
2022-11-18 15:26:00,855,855,855,855,0
2022-11-18 15:27:00,855,855,855,855,0
2022-11-18 15:28:00,855,855,855,855,0
2022-11-18 15:29:00,855,855,855,855,0
2022-11-18 15:30:00,855,855,855,855,0
2022-11-18 15:31:00,855,855,855,855,0
2022-11-18 15:32:00,855,855,855,855,0
2022-11-18 15:33:00,855,855,855,855,0
2022-11-18 15:34:00,855,855,855,855,0
2022-11-18 15:35:00,855,855,855,855,0
2022-11-18 15:36:00,855,855,855,855,0
2022-11-18 15:37:00,855,855,855,855,0
2022-11-18 15:38:00,855,855,855,855,0
2022-11-18 15:39:00,855,855,855,855,0
2022-11-18 15:40:00,855,855,855,855,0
2022-11-18 15:41:00,855,855,855,855,0
2022-11-18 15:42:00,855,855,855,855,0
2022-11-18 15:43:00,855,855,855,855,0
2022-11-18 15:44:00,855,855,855,855,0
2022-11-18 15:45:00,855,855,855,855,0
2022-11-18 15:46:00,855,855,855,855,0
2022-11-18 15:47:00,855,855,855,855,0
2022-11-18 15:48:00,855,855,855,855,0
2022-11-18 15:49:00,855,855,855,855,0
2022-11-18 15:50:00,855,855,855,855,0
2022-11-18 15:51:00,855,855,855,855,0
2022-11-18 15:52:00,855,855,855,855,0
2022-11-18 15:53:00,855,855,855,855,0
2022-11-18 15:54:00,855,855,855,855,0
2022-11-18 15:55:00,855,855,855,855,0
2022-11-18 15:56:00,855,855,855,855,0
2022-11-18 15:57:00,855,855,855,855,0
2022-11-18 15:58:00,855,855,855,855,0
2022-11-18 15:59:00,855,855,855,855,0
2022-11-21 09:00:00,840,840,840,840,0
2022-11-21 09:01:00,840,840,840,840,0
2022-11-21 09:02:00,840,840,840,840,0
2022-11-21 09:03:00,840,840,840,840,3200
2022-11-21 09:04:00,840,840,840,840,0
2022-11-21 09:05:00,840,840,845,845,4900
2022-11-21 09:06:00,840,840,845,845,0
2022-11-21 09:07:00,840,840,845,845,0
2022-11-21 09:08:00,845,845,845,845,3400
2022-11-21 09:09:00,845,845,845,845,0
2022-11-21 09:10:00,845,845,845,845,0
2022-11-21 09:11:00,845,845,845,845,0
2022-11-21 09:12:00,845,845,845,845,0
2022-11-21 09:13:00,845,845,845,845,0
2022-11-21 09:14:00,845,845,845,845,0
2022-11-21 09:15:00,845,845,845,845,0
2022-11-21 09:16:00,845,845,845,845,0
2022-11-21 09:17:00,845,845,845,845,0
2022-11-21 09:18:00,845,845,845,845,0
2022-11-21 09:19:00,845,845,845,845,0
2022-11-21 09:20:00,845,845,845,845,5400
2022-11-21 09:21:00,845,845,845,845,0
2022-11-21 09:22:00,845,845,845,845,0
2022-11-21 09:23:00,845,845,845,845,0
2022-11-21 09:24:00,850,850,850,850,0
2022-11-21 09:25:00,850,850,850,850,0
2022-11-21 09:26:00,850,850,850,850,0
2022-11-21 09:27:00,850,850,850,850,10700
2022-11-21 09:28:00,850,850,850,850,0
2022-11-21 09:29:00,850,840,850,840,400
2022-11-21 09:30:00,840,840,840,840,0
2022-11-21 09:31:00,840,840,840,840,0
2022-11-21 09:32:00,840,840,840,840,0
2022-11-21 09:33:00,840,840,840,840,0
2022-11-21 09:34:00,840,840,840,840,13000
2022-11-21 09:35:00,840,840,840,840,0
2022-11-21 09:36:00,840,840,840,840,0
2022-11-21 09:37:00,840,840,840,840,0
2022-11-21 09:38:00,840,840,840,840,0
2022-11-21 09:39:00,840,840,840,840,1500
2022-11-21 09:40:00,840,840,840,840,0
2022-11-21 09:41:00,830,830,835,835,2500
2022-11-21 09:42:00,830,830,835,835,0
2022-11-21 09:43:00,830,830,835,835,0
2022-11-21 09:44:00,830,830,835,835,0
2022-11-21 09:45:00,830,830,835,835,0
2022-11-21 09:46:00,830,830,835,835,0
2022-11-21 09:47:00,830,830,835,835,0
2022-11-21 09:48:00,830,830,835,835,0
2022-11-21 09:49:00,830,830,835,835,0
2022-11-21 09:50:00,830,830,835,835,0
2022-11-21 09:51:00,835,835,835,835,3900
2022-11-21 09:52:00,830,830,830,830,8300
2022-11-21 09:53:00,830,830,830,830,0
2022-11-21 09:54:00,835,835,835,835,1100
2022-11-21 09:55:00,835,835,835,835,0
2022-11-21 09:56:00,835,835,835,835,0
2022-11-21 09:57:00,835,835,835,835,0
2022-11-21 09:58:00,835,835,835,835,0
2022-11-21 09:59:00,835,835,835,835,0
2022-11-21 10:00:00,835,835,835,835,0
2022-11-21 10:01:00,835,835,835,835,0
2022-11-21 10:02:00,830,830,830,830,3000
2022-11-21 10:03:00,830,830,830,830,2300
2022-11-21 10:04:00,830,830,830,830,0
2022-11-21 10:05:00,830,830,830,830,0
2022-11-21 10:06:00,830,830,830,830,0
2022-11-21 10:07:00,830,830,830,830,0
2022-11-21 10:08:00,830,830,830,830,0
2022-11-21 10:09:00,830,830,830,830,0
2022-11-21 10:10:00,830,830,830,830,0
2022-11-21 10:11:00,830,830,830,830,0
2022-11-21 10:12:00,830,830,830,830,0
2022-11-21 10:13:00,830,830,830,830,0
2022-11-21 10:14:00,830,830,830,830,0
2022-11-21 10:15:00,830,830,830,830,0
2022-11-21 10:16:00,830,830,830,830,0
2022-11-21 10:17:00,830,830,830,830,200
2022-11-21 10:18:00,830,830,830,830,0
2022-11-21 10:19:00,830,830,830,830,0
2022-11-21 10:20:00,830,830,830,830,0
2022-11-21 10:21:00,830,830,830,830,0
2022-11-21 10:22:00,830,830,830,830,0
2022-11-21 10:23:00,830,830,830,830,0
2022-11-21 10:24:00,830,830,830,830,0
2022-11-21 10:25:00,830,830,830,830,0
2022-11-21 10:26:00,830,830,830,830,0
2022-11-21 10:27:00,830,830,830,830,0
2022-11-21 10:28:00,835,835,835,835,2500
2022-11-21 10:29:00,835,835,835,835,500
2022-11-21 10:30:00,835,835,835,835,0
2022-11-21 10:31:00,835,835,835,835,500
2022-11-21 10:32:00,840,840,840,840,0
2022-11-21 10:33:00,840,840,840,840,0
2022-11-21 10:34:00,840,840,840,840,0
2022-11-21 10:35:00,840,840,840,840,0
2022-11-21 10:36:00,840,840,840,840,0
2022-11-21 10:37:00,840,840,840,840,0
2022-11-21 10:38:00,840,840,840,840,0
2022-11-21 10:39:00,840,840,840,840,0
2022-11-21 10:40:00,840,840,840,840,0
2022-11-21 10:41:00,845,845,845,845,3000
2022-11-21 10:42:00,845,845,845,845,0
2022-11-21 10:43:00,845,845,845,845,0
2022-11-21 10:44:00,845,845,845,845,0
2022-11-21 10:45:00,845,845,845,845,0
2022-11-21 10:46:00,845,845,845,845,600
2022-11-21 10:47:00,845,845,845,845,10200
2022-11-21 10:48:00,850,850,850,850,59500
2022-11-21 10:49:00,845,845,845,845,0
2022-11-21 10:50:00,845,845,845,845,100
2022-11-21 10:51:00,845,845,845,845,0
2022-11-21 10:52:00,845,845,845,845,400
2022-11-21 10:53:00,845,845,845,845,0
2022-11-21 10:54:00,845,845,845,845,0
2022-11-21 10:55:00,845,845,845,845,0
2022-11-21 10:56:00,845,845,845,845,0
2022-11-21 10:57:00,845,845,845,845,0
2022-11-21 10:58:00,845,845,845,845,0
2022-11-21 10:59:00,845,845,845,845,0
2022-11-21 11:00:00,845,845,845,845,0
2022-11-21 11:01:00,850,850,850,850,14500
2022-11-21 11:02:00,850,850,850,850,0
2022-11-21 11:03:00,850,850,850,850,4100
2022-11-21 11:04:00,855,855,870,870,50700
2022-11-21 11:05:00,865,865,870,865,17700
2022-11-21 11:06:00,865,865,870,865,0
2022-11-21 11:07:00,865,865,865,865,1200
2022-11-21 11:08:00,865,865,865,865,300
2022-11-21 11:09:00,865,865,865,865,0
2022-11-21 11:10:00,860,860,860,860,5700
2022-11-21 11:11:00,860,860,860,860,0
2022-11-21 11:12:00,860,860,860,860,0
2022-11-21 11:13:00,860,860,860,860,14800
2022-11-21 11:14:00,860,860,860,860,0
2022-11-21 11:15:00,860,860,860,860,0
2022-11-21 11:16:00,860,860,860,860,0
2022-11-21 11:17:00,860,860,860,860,0
2022-11-21 11:18:00,860,860,860,860,0
2022-11-21 11:19:00,860,860,860,860,0
2022-11-21 11:20:00,860,860,860,860,0
2022-11-21 11:21:00,860,860,860,860,0
2022-11-21 11:22:00,860,860,860,860,0
2022-11-21 11:23:00,860,860,860,860,0
2022-11-21 11:24:00,860,860,860,860,0
2022-11-21 11:25:00,860,860,860,860,0
2022-11-21 11:26:00,860,860,860,860,0
2022-11-21 11:27:00,860,860,860,860,0
2022-11-21 11:28:00,860,860,860,860,0
2022-11-21 11:29:00,860,860,860,860,0
2022-11-21 11:30:00,860,860,860,860,0
2022-11-21 11:31:00,860,860,860,860,0
2022-11-21 11:32:00,860,860,860,860,0
2022-11-21 11:33:00,860,860,860,860,0
2022-11-21 11:34:00,860,860,860,860,0
2022-11-21 11:35:00,860,860,860,860,0
2022-11-21 11:36:00,860,860,860,860,0
2022-11-21 11:37:00,860,860,860,860,0
2022-11-21 11:38:00,860,860,860,860,0
2022-11-21 11:39:00,860,860,860,860,0
2022-11-21 11:40:00,860,860,860,860,0
2022-11-21 11:41:00,860,860,860,860,0
2022-11-21 11:42:00,860,860,860,860,0
2022-11-21 11:43:00,860,860,860,860,0
2022-11-21 11:44:00,860,860,860,860,0
2022-11-21 11:45:00,860,860,860,860,0
2022-11-21 11:46:00,860,860,860,860,0
2022-11-21 11:47:00,860,860,860,860,0
2022-11-21 11:48:00,860,860,860,860,0
2022-11-21 11:49:00,860,860,860,860,0
2022-11-21 11:50:00,860,860,860,860,0
2022-11-21 11:51:00,860,860,860,860,0
2022-11-21 11:52:00,860,860,860,860,0
2022-11-21 11:53:00,860,860,860,860,0
2022-11-21 11:54:00,860,860,860,860,0
2022-11-21 11:55:00,860,860,860,860,0
2022-11-21 11:56:00,860,860,860,860,0
2022-11-21 11:57:00,860,860,860,860,0
2022-11-21 11:58:00,860,860,860,860,0
2022-11-21 11:59:00,860,860,860,860,0
2022-11-21 12:00:00,860,860,860,860,0
2022-11-21 12:01:00,860,860,860,860,0
2022-11-21 12:02:00,860,860,860,860,0
2022-11-21 12:03:00,860,860,860,860,0
2022-11-21 12:04:00,860,860,860,860,0
2022-11-21 12:05:00,860,860,860,860,0
2022-11-21 12:06:00,860,860,860,860,0
2022-11-21 12:07:00,860,860,860,860,0
2022-11-21 12:08:00,860,860,860,860,0
2022-11-21 12:09:00,860,860,860,860,0
2022-11-21 12:10:00,860,860,860,860,0
2022-11-21 12:11:00,860,860,860,860,0
2022-11-21 12:12:00,860,860,860,860,0
2022-11-21 12:13:00,860,860,860,860,0
2022-11-21 12:14:00,860,860,860,860,0
2022-11-21 12:15:00,860,860,860,860,0
2022-11-21 12:16:00,860,860,860,860,0
2022-11-21 12:17:00,860,860,860,860,0
2022-11-21 12:18:00,860,860,860,860,0
2022-11-21 12:19:00,860,860,860,860,0
2022-11-21 12:20:00,860,860,860,860,0
2022-11-21 12:21:00,860,860,860,860,0
2022-11-21 12:22:00,860,860,860,860,0
2022-11-21 12:23:00,860,860,860,860,0
2022-11-21 12:24:00,860,860,860,860,0
2022-11-21 12:25:00,860,860,860,860,0
2022-11-21 12:26:00,860,860,860,860,0
2022-11-21 12:27:00,860,860,860,860,0
2022-11-21 12:28:00,860,860,860,860,0
2022-11-21 12:29:00,860,860,860,860,0
2022-11-21 12:30:00,860,860,860,860,0
2022-11-21 12:31:00,860,860,860,860,0
2022-11-21 12:32:00,860,860,860,860,0
2022-11-21 12:33:00,860,860,860,860,0
2022-11-21 12:34:00,860,860,860,860,0
2022-11-21 12:35:00,860,860,860,860,0
2022-11-21 12:36:00,860,860,860,860,0
2022-11-21 12:37:00,860,860,860,860,0
2022-11-21 12:38:00,860,860,860,860,0
2022-11-21 12:39:00,860,860,860,860,0
2022-11-21 12:40:00,860,860,860,860,0
2022-11-21 12:41:00,860,860,860,860,0
2022-11-21 12:42:00,860,860,860,860,0
2022-11-21 12:43:00,860,860,860,860,0
2022-11-21 12:44:00,860,860,860,860,0
2022-11-21 12:45:00,860,860,860,860,0
2022-11-21 12:46:00,860,860,860,860,0
2022-11-21 12:47:00,860,860,860,860,0
2022-11-21 12:48:00,860,860,860,860,0
2022-11-21 12:49:00,860,860,860,860,0
2022-11-21 12:50:00,860,860,860,860,0
2022-11-21 12:51:00,860,860,860,860,0
2022-11-21 12:52:00,860,860,860,860,0
2022-11-21 12:53:00,860,860,860,860,0
2022-11-21 12:54:00,860,860,860,860,0
2022-11-21 12:55:00,860,860,860,860,0
2022-11-21 12:56:00,860,860,860,860,0
2022-11-21 12:57:00,860,860,860,860,0
2022-11-21 12:58:00,860,860,860,860,0
2022-11-21 12:59:00,860,860,860,860,0
2022-11-21 13:00:00,860,860,860,860,0
2022-11-21 13:01:00,860,860,860,860,0
2022-11-21 13:02:00,860,860,860,860,0
2022-11-21 13:03:00,860,860,860,860,0
2022-11-21 13:04:00,860,860,860,860,0
2022-11-21 13:05:00,860,860,860,860,0
2022-11-21 13:06:00,860,860,860,860,0
2022-11-21 13:07:00,860,860,860,860,0
2022-11-21 13:08:00,860,860,860,860,0
2022-11-21 13:09:00,860,860,860,860,0
2022-11-21 13:10:00,860,860,860,860,0
2022-11-21 13:11:00,860,860,860,860,0
2022-11-21 13:12:00,860,860,860,860,0
2022-11-21 13:13:00,860,860,860,860,0
2022-11-21 13:14:00,860,860,860,860,0
2022-11-21 13:15:00,860,860,860,860,0
2022-11-21 13:16:00,860,860,860,860,0
2022-11-21 13:17:00,860,860,860,860,0
2022-11-21 13:18:00,860,860,860,860,0
2022-11-21 13:19:00,860,860,860,860,0
2022-11-21 13:20:00,860,860,860,860,0
2022-11-21 13:21:00,860,860,860,860,0
2022-11-21 13:22:00,860,860,860,860,0
2022-11-21 13:23:00,860,860,860,860,0
2022-11-21 13:24:00,860,860,860,860,0
2022-11-21 13:25:00,860,860,860,860,0
2022-11-21 13:26:00,860,860,860,860,0
2022-11-21 13:27:00,860,860,860,860,0
2022-11-21 13:28:00,860,860,860,860,0
2022-11-21 13:29:00,860,860,860,860,0
2022-11-21 13:30:00,860,860,860,860,0
2022-11-21 13:31:00,860,860,860,860,0
2022-11-21 13:32:00,860,860,860,860,0
2022-11-21 13:33:00,855,855,855,855,200
2022-11-21 13:34:00,855,855,855,855,0
2022-11-21 13:35:00,855,855,855,855,0
2022-11-21 13:36:00,855,855,855,855,0
2022-11-21 13:37:00,855,855,855,855,0
2022-11-21 13:38:00,855,855,855,855,0
2022-11-21 13:39:00,855,855,855,855,0
2022-11-21 13:40:00,855,855,855,855,0
2022-11-21 13:41:00,855,855,855,855,0
2022-11-21 13:42:00,855,855,855,855,0
2022-11-21 13:43:00,855,855,855,855,0
2022-11-21 13:44:00,855,855,855,855,0
2022-11-21 13:45:00,855,855,855,855,1300
2022-11-21 13:46:00,855,855,855,855,0
2022-11-21 13:47:00,855,855,855,855,0
2022-11-21 13:48:00,855,855,855,855,0
2022-11-21 13:49:00,855,855,855,855,0
2022-11-21 13:50:00,855,855,855,855,0
2022-11-21 13:51:00,855,855,855,855,0
2022-11-21 13:52:00,860,860,860,860,2500
2022-11-21 13:53:00,860,860,860,860,0
2022-11-21 13:54:00,860,860,860,860,1100
2022-11-21 13:55:00,860,860,860,860,31600
2022-11-21 13:56:00,865,865,865,865,33300
2022-11-21 13:57:00,865,865,865,865,0
2022-11-21 13:58:00,865,865,865,865,0
2022-11-21 13:59:00,860,860,865,865,0
2022-11-21 14:00:00,860,860,865,865,0
2022-11-21 14:01:00,860,860,860,860,1400
2022-11-21 14:02:00,860,860,860,860,0
2022-11-21 14:03:00,860,860,860,860,300
2022-11-21 14:04:00,860,860,860,860,0
2022-11-21 14:05:00,860,860,860,860,12200
2022-11-21 14:06:00,860,860,860,860,0
2022-11-21 14:07:00,860,860,860,860,0
2022-11-21 14:08:00,860,860,860,860,0
2022-11-21 14:09:00,860,860,860,860,1000
2022-11-21 14:10:00,860,860,860,860,0
2022-11-21 14:11:00,860,860,860,860,0
2022-11-21 14:12:00,855,855,855,855,3000
2022-11-21 14:13:00,855,855,855,855,3500
2022-11-21 14:14:00,855,855,855,855,0
2022-11-21 14:15:00,855,855,855,855,0
2022-11-21 14:16:00,855,855,855,855,0
2022-11-21 14:17:00,855,855,855,855,0
2022-11-21 14:18:00,855,855,855,855,0
2022-11-21 14:19:00,855,855,855,855,0
2022-11-21 14:20:00,855,855,855,855,0
2022-11-21 14:21:00,855,855,855,855,0
2022-11-21 14:22:00,855,855,855,855,0
2022-11-21 14:23:00,860,860,865,865,28100
2022-11-21 14:24:00,860,860,865,865,0
2022-11-21 14:25:00,860,860,865,865,0
2022-11-21 14:26:00,860,860,865,865,0
2022-11-21 14:27:00,860,860,865,865,0
2022-11-21 14:28:00,860,860,865,865,0
2022-11-21 14:29:00,860,860,865,865,0
2022-11-21 14:30:00,860,860,865,865,0
2022-11-21 14:31:00,855,845,855,845,57900
2022-11-21 14:32:00,855,845,855,845,0
2022-11-21 14:33:00,850,850,860,860,42200
2022-11-21 14:34:00,850,850,860,860,0
2022-11-21 14:35:00,850,850,860,860,0
2022-11-21 14:36:00,860,860,875,875,198800
2022-11-21 14:37:00,860,860,875,875,0
2022-11-21 14:38:00,865,865,865,865,0
2022-11-21 14:39:00,855,850,855,850,5800
2022-11-21 14:40:00,870,870,870,870,1000
2022-11-21 14:41:00,870,870,870,870,0
2022-11-21 14:42:00,865,865,865,865,11200
2022-11-21 14:43:00,865,865,865,865,0
2022-11-21 14:44:00,865,865,865,865,0
2022-11-21 14:45:00,865,865,865,865,0
2022-11-21 14:46:00,865,865,865,865,0
2022-11-21 14:47:00,865,865,865,865,0
2022-11-21 14:48:00,865,865,865,865,0
2022-11-21 14:49:00,865,865,865,865,0
2022-11-21 14:50:00,865,865,865,865,0
2022-11-21 14:51:00,865,865,865,865,0
2022-11-21 14:52:00,865,865,865,865,0
2022-11-21 14:53:00,865,865,865,865,0
2022-11-21 14:54:00,865,865,865,865,0
2022-11-21 14:55:00,865,865,865,865,0
2022-11-21 14:56:00,865,865,865,865,0
2022-11-21 14:57:00,865,865,865,865,0
2022-11-21 14:58:00,865,865,865,865,0
2022-11-21 14:59:00,865,865,865,865,0
2022-11-21 15:00:00,860,860,860,860,68300
2022-11-21 15:01:00,860,860,860,860,7300
2022-11-21 15:02:00,860,860,860,860,0
2022-11-21 15:03:00,860,860,860,860,0
2022-11-21 15:04:00,860,860,860,860,0
2022-11-21 15:05:00,860,860,860,860,0
2022-11-21 15:06:00,860,860,860,860,700
2022-11-21 15:07:00,860,860,860,860,0
2022-11-21 15:08:00,860,860,860,860,0
2022-11-21 15:09:00,860,860,860,860,0
2022-11-21 15:10:00,860,860,860,860,0
2022-11-21 15:11:00,860,860,860,860,0
2022-11-21 15:12:00,860,860,860,860,0
2022-11-21 15:13:00,860,860,860,860,0
2022-11-21 15:14:00,860,860,860,860,0
2022-11-21 15:15:00,860,860,860,860,0
2022-11-21 15:16:00,860,860,860,860,0
2022-11-21 15:17:00,860,860,860,860,0
2022-11-21 15:18:00,860,860,860,860,0
2022-11-21 15:19:00,860,860,860,860,0
2022-11-21 15:20:00,860,860,860,860,0
2022-11-21 15:21:00,860,860,860,860,0
2022-11-21 15:22:00,860,860,860,860,0
2022-11-21 15:23:00,860,860,860,860,0
2022-11-21 15:24:00,860,860,860,860,0
2022-11-21 15:25:00,860,860,860,860,0
2022-11-21 15:26:00,860,860,860,860,0
2022-11-21 15:27:00,860,860,860,860,0
2022-11-21 15:28:00,860,860,860,860,0
2022-11-21 15:29:00,860,860,860,860,0
2022-11-21 15:30:00,860,860,860,860,0
2022-11-21 15:31:00,860,860,860,860,0
2022-11-21 15:32:00,860,860,860,860,0
2022-11-21 15:33:00,860,860,860,860,0
2022-11-21 15:34:00,860,860,860,860,0
2022-11-21 15:35:00,860,860,860,860,0
2022-11-21 15:36:00,860,860,860,860,0
2022-11-21 15:37:00,860,860,860,860,0
2022-11-21 15:38:00,860,860,860,860,0
2022-11-21 15:39:00,860,860,860,860,0
2022-11-21 15:40:00,860,860,860,860,0
2022-11-21 15:41:00,860,860,860,860,0
2022-11-21 15:42:00,860,860,860,860,0
2022-11-21 15:43:00,860,860,860,860,0
2022-11-21 15:44:00,860,860,860,860,0
2022-11-21 15:45:00,860,860,860,860,0
2022-11-21 15:46:00,860,860,860,860,0
2022-11-21 15:47:00,860,860,860,860,0
2022-11-21 15:48:00,860,860,860,860,0
2022-11-21 15:49:00,860,860,860,860,0
2022-11-21 15:50:00,860,860,860,860,0
2022-11-21 15:51:00,860,860,860,860,0
2022-11-21 15:52:00,860,860,860,860,0
2022-11-21 15:53:00,860,860,860,860,0
2022-11-21 15:54:00,860,860,860,860,0
2022-11-21 15:55:00,860,860,860,860,0
2022-11-21 15:56:00,860,860,860,860,0
2022-11-21 15:57:00,860,860,860,860,0
2022-11-21 15:58:00,860,860,860,860,0
2022-11-21 15:59:00,860,860,860,860,0
2022-11-22 09:00:00,860,860,865,865,2100
2022-11-22 09:01:00,860,860,865,865,0
2022-11-22 09:02:00,860,860,865,865,0
2022-11-22 09:03:00,860,860,865,865,0
2022-11-22 09:04:00,860,860,865,865,0
2022-11-22 09:05:00,860,860,865,865,0
2022-11-22 09:06:00,860,860,865,865,0
2022-11-22 09:07:00,860,860,865,865,0
2022-11-22 09:08:00,865,865,865,865,0
2022-11-22 09:09:00,865,865,865,865,0
2022-11-22 09:10:00,865,865,865,865,0
2022-11-22 09:11:00,865,865,865,865,0
2022-11-22 09:12:00,865,865,865,865,12500
2022-11-22 09:13:00,865,865,865,865,0
2022-11-22 09:14:00,865,865,865,865,0
2022-11-22 09:15:00,865,865,865,865,200
2022-11-22 09:16:00,865,865,865,865,100
2022-11-22 09:17:00,865,865,865,865,500
2022-11-22 09:18:00,865,860,865,860,4500
2022-11-22 09:19:00,860,860,860,860,0
2022-11-22 09:20:00,865,865,870,870,14600
2022-11-22 09:21:00,865,865,880,880,53800
2022-11-22 09:22:00,880,880,885,885,42000
2022-11-22 09:23:00,885,885,890,885,14600
2022-11-22 09:24:00,885,885,885,885,9900
2022-11-22 09:25:00,885,885,885,885,13200
2022-11-22 09:26:00,885,885,890,890,3800
2022-11-22 09:27:00,885,885,890,890,40600
2022-11-22 09:28:00,890,890,890,890,10800
2022-11-22 09:29:00,890,890,895,895,9300
2022-11-22 09:30:00,895,890,895,890,10400
2022-11-22 09:31:00,895,890,895,890,0
2022-11-22 09:32:00,890,890,890,890,2500
2022-11-22 09:33:00,885,885,885,885,39000
2022-11-22 09:34:00,885,885,890,890,0
2022-11-22 09:35:00,890,890,890,890,8100
2022-11-22 09:36:00,890,890,890,890,18400
2022-11-22 09:37:00,890,890,890,890,0
2022-11-22 09:38:00,890,890,890,890,0
2022-11-22 09:39:00,890,885,890,885,2800
2022-11-22 09:40:00,890,885,890,885,0
2022-11-22 09:41:00,890,885,890,885,0
2022-11-22 09:42:00,885,885,885,885,2800
2022-11-22 09:43:00,885,885,885,885,300
2022-11-22 09:44:00,885,885,885,885,0
2022-11-22 09:45:00,885,885,885,885,0
2022-11-22 09:46:00,885,885,885,885,0
2022-11-22 09:47:00,885,885,885,885,0
2022-11-22 09:48:00,885,885,885,885,11200
2022-11-22 09:49:00,890,880,890,880,300
2022-11-22 09:50:00,880,880,880,880,2200
2022-11-22 09:51:00,890,890,890,890,0
2022-11-22 09:52:00,890,890,890,890,0
2022-11-22 09:53:00,890,890,890,890,0
2022-11-22 09:54:00,890,890,890,890,0
2022-11-22 09:55:00,890,890,890,890,21900
2022-11-22 09:56:00,890,890,890,890,0
2022-11-22 09:57:00,890,890,890,890,0
2022-11-22 09:58:00,890,890,890,890,0
2022-11-22 09:59:00,890,890,890,890,0
2022-11-22 10:00:00,890,890,890,890,0
2022-11-22 10:01:00,880,880,880,880,7600
2022-11-22 10:02:00,880,880,880,880,0
2022-11-22 10:03:00,880,880,880,880,0
2022-11-22 10:04:00,885,885,885,885,1700
2022-11-22 10:05:00,885,885,885,885,0
2022-11-22 10:06:00,885,885,885,885,17900
2022-11-22 10:07:00,885,885,885,885,0
2022-11-22 10:08:00,885,885,885,885,0
2022-11-22 10:09:00,885,885,885,885,0
2022-11-22 10:10:00,885,885,885,885,0
2022-11-22 10:11:00,885,885,885,885,0
2022-11-22 10:12:00,885,885,885,885,0
2022-11-22 10:13:00,885,885,885,885,0
2022-11-22 10:14:00,885,885,885,885,600
2022-11-22 10:15:00,885,885,885,885,10900
2022-11-22 10:16:00,885,885,885,885,0
2022-11-22 10:17:00,890,890,890,890,0
2022-11-22 10:18:00,890,890,890,890,0
2022-11-22 10:19:00,890,890,890,890,11600
2022-11-22 10:20:00,890,890,890,890,0
2022-11-22 10:21:00,885,885,885,885,0
2022-11-22 10:22:00,885,885,885,885,0
2022-11-22 10:23:00,885,885,885,885,0
2022-11-22 10:24:00,885,885,885,885,0
2022-11-22 10:25:00,885,885,885,885,0
2022-11-22 10:26:00,885,885,885,885,0
2022-11-22 10:27:00,885,885,885,885,0
2022-11-22 10:28:00,885,885,885,885,0
2022-11-22 10:29:00,885,885,890,890,54600
2022-11-22 10:30:00,885,885,885,885,0
2022-11-22 10:31:00,895,895,895,895,102700
2022-11-22 10:32:00,895,895,895,895,0
2022-11-22 10:33:00,890,885,890,890,0
2022-11-22 10:34:00,890,885,890,890,0
2022-11-22 10:35:00,890,885,890,890,0
2022-11-22 10:36:00,890,885,890,890,0
2022-11-22 10:37:00,890,885,890,890,0
2022-11-22 10:38:00,890,885,890,890,0
2022-11-22 10:39:00,890,885,890,890,0
2022-11-22 10:40:00,885,885,885,885,0
2022-11-22 10:41:00,885,885,885,885,0
2022-11-22 10:42:00,890,890,890,890,7400
2022-11-22 10:43:00,890,890,890,890,0
2022-11-22 10:44:00,895,895,895,895,1300
2022-11-22 10:45:00,895,895,895,895,0
2022-11-22 10:46:00,895,895,895,895,0
2022-11-22 10:47:00,895,895,895,895,11700
2022-11-22 10:48:00,895,895,895,895,0
2022-11-22 10:49:00,895,895,895,895,0
2022-11-22 10:50:00,895,895,895,895,36000
2022-11-22 10:51:00,895,895,895,895,0
2022-11-22 10:52:00,895,895,895,895,0
2022-11-22 10:53:00,895,895,895,895,0
2022-11-22 10:54:00,895,895,895,895,0
2022-11-22 10:55:00,900,900,900,900,171700
2022-11-22 10:56:00,900,900,905,905,23300
2022-11-22 10:57:00,900,900,905,905,26500
2022-11-22 10:58:00,905,905,910,910,2500
2022-11-22 10:59:00,910,905,910,910,13100
2022-11-22 11:00:00,910,910,910,910,0
2022-11-22 11:01:00,910,910,910,910,100
2022-11-22 11:02:00,910,910,910,910,200
2022-11-22 11:03:00,910,910,910,910,15900
2022-11-22 11:04:00,915,910,915,910,700
2022-11-22 11:05:00,910,910,910,910,5800
2022-11-22 11:06:00,910,910,910,910,0
2022-11-22 11:07:00,915,910,915,915,38100
2022-11-22 11:08:00,915,915,920,920,4800
2022-11-22 11:09:00,920,915,920,915,10200
2022-11-22 11:10:00,920,915,920,915,0
2022-11-22 11:11:00,915,915,915,915,8800
2022-11-22 11:12:00,920,915,920,920,500
2022-11-22 11:13:00,915,915,920,915,11800
2022-11-22 11:14:00,920,920,920,920,77200
2022-11-22 11:15:00,920,920,920,920,15600
2022-11-22 11:16:00,920,920,920,920,0
2022-11-22 11:17:00,915,915,925,925,64600
2022-11-22 11:18:00,925,925,925,925,100
2022-11-22 11:19:00,920,900,920,900,98700
2022-11-22 11:20:00,900,895,900,895,0
2022-11-22 11:21:00,900,900,900,900,4100
2022-11-22 11:22:00,900,900,900,900,10500
2022-11-22 11:23:00,900,900,900,900,0
2022-11-22 11:24:00,900,900,900,900,0
2022-11-22 11:25:00,895,895,895,895,27000
2022-11-22 11:26:00,895,895,895,895,4100
2022-11-22 11:27:00,890,890,890,890,700
2022-11-22 11:28:00,890,890,890,890,0
2022-11-22 11:29:00,890,890,895,895,3200
2022-11-22 11:30:00,890,890,895,895,0
2022-11-22 11:31:00,890,890,895,895,0
2022-11-22 11:32:00,890,890,895,895,0
2022-11-22 11:33:00,890,890,895,895,0
2022-11-22 11:34:00,890,890,895,895,0
2022-11-22 11:35:00,890,890,895,895,0
2022-11-22 11:36:00,890,890,895,895,0
2022-11-22 11:37:00,890,890,895,895,0
2022-11-22 11:38:00,890,890,895,895,0
2022-11-22 11:39:00,890,890,895,895,0
2022-11-22 11:40:00,890,890,895,895,0
2022-11-22 11:41:00,890,890,895,895,0
2022-11-22 11:42:00,890,890,895,895,0
2022-11-22 11:43:00,890,890,895,895,0
2022-11-22 11:44:00,890,890,895,895,0
2022-11-22 11:45:00,890,890,895,895,0
2022-11-22 11:46:00,890,890,895,895,0
2022-11-22 11:47:00,890,890,895,895,0
2022-11-22 11:48:00,890,890,895,895,0
2022-11-22 11:49:00,890,890,895,895,0
2022-11-22 11:50:00,890,890,895,895,0
2022-11-22 11:51:00,890,890,895,895,0
2022-11-22 11:52:00,890,890,895,895,0
2022-11-22 11:53:00,890,890,895,895,0
2022-11-22 11:54:00,890,890,895,895,0
2022-11-22 11:55:00,890,890,895,895,0
2022-11-22 11:56:00,890,890,895,895,0
2022-11-22 11:57:00,890,890,895,895,0
2022-11-22 11:58:00,890,890,895,895,0
2022-11-22 11:59:00,890,890,895,895,0
2022-11-22 12:00:00,890,890,895,895,0
2022-11-22 12:01:00,890,890,895,895,0
2022-11-22 12:02:00,890,890,895,895,0
2022-11-22 12:03:00,890,890,895,895,0
2022-11-22 12:04:00,890,890,895,895,0
2022-11-22 12:05:00,890,890,895,895,0
2022-11-22 12:06:00,890,890,895,895,0
2022-11-22 12:07:00,890,890,895,895,0
2022-11-22 12:08:00,890,890,895,895,0
2022-11-22 12:09:00,890,890,895,895,0
2022-11-22 12:10:00,890,890,895,895,0
2022-11-22 12:11:00,890,890,895,895,0
2022-11-22 12:12:00,890,890,895,895,0
2022-11-22 12:13:00,890,890,895,895,0
2022-11-22 12:14:00,890,890,895,895,0
2022-11-22 12:15:00,890,890,895,895,0
2022-11-22 12:16:00,890,890,895,895,0
2022-11-22 12:17:00,890,890,895,895,0
2022-11-22 12:18:00,890,890,895,895,0
2022-11-22 12:19:00,890,890,895,895,0
2022-11-22 12:20:00,890,890,895,895,0
2022-11-22 12:21:00,890,890,895,895,0
2022-11-22 12:22:00,890,890,895,895,0
2022-11-22 12:23:00,890,890,895,895,0
2022-11-22 12:24:00,890,890,895,895,0
2022-11-22 12:25:00,890,890,895,895,0
2022-11-22 12:26:00,890,890,895,895,0
2022-11-22 12:27:00,890,890,895,895,0
2022-11-22 12:28:00,890,890,895,895,0
2022-11-22 12:29:00,890,890,895,895,0
2022-11-22 12:30:00,890,890,895,895,0
2022-11-22 12:31:00,890,890,895,895,0
2022-11-22 12:32:00,890,890,895,895,0
2022-11-22 12:33:00,890,890,895,895,0
2022-11-22 12:34:00,890,890,895,895,0
2022-11-22 12:35:00,890,890,895,895,0
2022-11-22 12:36:00,890,890,895,895,0
2022-11-22 12:37:00,890,890,895,895,0
2022-11-22 12:38:00,890,890,895,895,0
2022-11-22 12:39:00,890,890,895,895,0
2022-11-22 12:40:00,890,890,895,895,0
2022-11-22 12:41:00,890,890,895,895,0
2022-11-22 12:42:00,890,890,895,895,0
2022-11-22 12:43:00,890,890,895,895,0
2022-11-22 12:44:00,890,890,895,895,0
2022-11-22 12:45:00,890,890,895,895,0
2022-11-22 12:46:00,890,890,895,895,0
2022-11-22 12:47:00,890,890,895,895,0
2022-11-22 12:48:00,890,890,895,895,0
2022-11-22 12:49:00,890,890,895,895,0
2022-11-22 12:50:00,890,890,895,895,0
2022-11-22 12:51:00,890,890,895,895,0
2022-11-22 12:52:00,890,890,895,895,0
2022-11-22 12:53:00,890,890,895,895,0
2022-11-22 12:54:00,890,890,895,895,0
2022-11-22 12:55:00,890,890,895,895,0
2022-11-22 12:56:00,890,890,895,895,0
2022-11-22 12:57:00,890,890,895,895,0
2022-11-22 12:58:00,890,890,895,895,0
2022-11-22 12:59:00,890,890,895,895,0
2022-11-22 13:00:00,890,890,895,895,0
2022-11-22 13:01:00,890,890,895,895,0
2022-11-22 13:02:00,890,890,895,895,0
2022-11-22 13:03:00,890,890,895,895,0
2022-11-22 13:04:00,890,890,895,895,0
2022-11-22 13:05:00,890,890,895,895,0
2022-11-22 13:06:00,890,890,895,895,0
2022-11-22 13:07:00,890,890,895,895,0
2022-11-22 13:08:00,890,890,895,895,0
2022-11-22 13:09:00,890,890,895,895,0
2022-11-22 13:10:00,890,890,895,895,0
2022-11-22 13:11:00,890,890,895,895,0
2022-11-22 13:12:00,890,890,895,895,0
2022-11-22 13:13:00,890,890,895,895,0
2022-11-22 13:14:00,890,890,895,895,0
2022-11-22 13:15:00,890,890,895,895,0
2022-11-22 13:16:00,890,890,895,895,0
2022-11-22 13:17:00,890,890,895,895,0
2022-11-22 13:18:00,890,890,895,895,0
2022-11-22 13:19:00,890,890,895,895,0
2022-11-22 13:20:00,890,890,895,895,0
2022-11-22 13:21:00,890,890,895,895,0
2022-11-22 13:22:00,890,890,895,895,0
2022-11-22 13:23:00,890,890,895,895,0
2022-11-22 13:24:00,890,890,895,895,0
2022-11-22 13:25:00,890,890,895,895,0
2022-11-22 13:26:00,890,890,895,895,0
2022-11-22 13:27:00,890,890,895,895,0
2022-11-22 13:28:00,890,890,895,895,0
2022-11-22 13:29:00,890,890,895,895,0
2022-11-22 13:30:00,895,895,900,900,28400
2022-11-22 13:31:00,895,895,900,900,0
2022-11-22 13:32:00,895,895,900,900,0
2022-11-22 13:33:00,895,895,900,900,0
2022-11-22 13:34:00,895,895,900,900,0
2022-11-22 13:35:00,895,895,900,900,0
2022-11-22 13:36:00,905,900,905,900,0
2022-11-22 13:37:00,900,900,900,900,2700
2022-11-22 13:38:00,900,900,900,900,0
2022-11-22 13:39:00,900,900,900,900,0
2022-11-22 13:40:00,900,900,900,900,6000
2022-11-22 13:41:00,900,900,900,900,0
2022-11-22 13:42:00,900,900,900,900,0
2022-11-22 13:43:00,900,890,900,890,22800
2022-11-22 13:44:00,895,895,905,905,600
2022-11-22 13:45:00,895,895,905,905,0
2022-11-22 13:46:00,905,900,905,900,600
2022-11-22 13:47:00,895,895,905,905,200
2022-11-22 13:48:00,900,900,900,900,1900
2022-11-22 13:49:00,900,900,900,900,0
2022-11-22 13:50:00,900,900,900,900,1900
2022-11-22 13:51:00,900,900,905,905,2400
2022-11-22 13:52:00,905,905,905,905,23900
2022-11-22 13:53:00,900,900,900,900,0
2022-11-22 13:54:00,900,900,900,900,500
2022-11-22 13:55:00,900,900,900,900,0
2022-11-22 13:56:00,900,900,900,900,800
2022-11-22 13:57:00,900,900,900,900,7500
2022-11-22 13:58:00,900,900,900,900,4300
2022-11-22 13:59:00,905,905,905,905,12600
2022-11-22 14:00:00,905,905,905,905,0
2022-11-22 14:01:00,900,900,900,900,5900
2022-11-22 14:02:00,895,895,900,900,16600
2022-11-22 14:03:00,895,895,900,900,0
2022-11-22 14:04:00,900,900,900,900,100
2022-11-22 14:05:00,900,900,900,900,0
2022-11-22 14:06:00,900,900,900,900,0
2022-11-22 14:07:00,895,895,900,900,3600
2022-11-22 14:08:00,905,905,905,905,0
2022-11-22 14:09:00,905,905,905,905,0
2022-11-22 14:10:00,905,905,905,905,0
2022-11-22 14:11:00,905,905,905,905,200
2022-11-22 14:12:00,905,905,905,905,0
2022-11-22 14:13:00,905,905,905,905,100
2022-11-22 14:14:00,905,905,905,905,200
2022-11-22 14:15:00,900,900,905,905,6100
2022-11-22 14:16:00,905,905,905,905,700
2022-11-22 14:17:00,900,900,905,905,1100
2022-11-22 14:18:00,900,900,905,905,300
2022-11-22 14:19:00,905,905,905,905,500
2022-11-22 14:20:00,905,905,905,905,0
2022-11-22 14:21:00,900,900,900,900,1100
2022-11-22 14:22:00,900,900,900,900,0
2022-11-22 14:23:00,900,900,900,900,100
2022-11-22 14:24:00,900,900,900,900,0
2022-11-22 14:25:00,900,900,905,900,600
2022-11-22 14:26:00,900,900,905,900,0
2022-11-22 14:27:00,900,900,900,900,16900
2022-11-22 14:28:00,900,900,900,900,0
2022-11-22 14:29:00,900,900,900,900,0
2022-11-22 14:30:00,905,905,905,905,0
2022-11-22 14:31:00,900,900,900,900,14900
2022-11-22 14:32:00,905,905,905,905,0
2022-11-22 14:33:00,905,905,905,905,900
2022-11-22 14:34:00,905,905,905,905,0
2022-11-22 14:35:00,900,900,905,905,4800
2022-11-22 14:36:00,905,905,910,910,102400
2022-11-22 14:37:00,910,910,915,915,4000
2022-11-22 14:38:00,920,915,925,925,33500
2022-11-22 14:39:00,925,925,925,925,18400
2022-11-22 14:40:00,920,920,920,920,400
2022-11-22 14:41:00,915,915,930,915,99000
2022-11-22 14:42:00,925,925,930,930,0
2022-11-22 14:43:00,925,925,930,930,6800
2022-11-22 14:44:00,930,925,930,930,4100
2022-11-22 14:45:00,930,930,940,940,22100
2022-11-22 14:46:00,935,930,935,935,700
2022-11-22 14:47:00,930,915,935,920,69700
2022-11-22 14:48:00,930,915,930,915,1100
2022-11-22 14:49:00,910,905,925,925,59700
2022-11-22 14:50:00,910,905,925,925,0
2022-11-22 14:51:00,910,905,925,925,0
2022-11-22 14:52:00,910,905,925,925,0
2022-11-22 14:53:00,910,905,925,925,0
2022-11-22 14:54:00,910,905,925,925,0
2022-11-22 14:55:00,910,905,925,925,0
2022-11-22 14:56:00,910,905,925,925,0
2022-11-22 14:57:00,910,905,925,925,0
2022-11-22 14:58:00,910,905,925,925,0
2022-11-22 14:59:00,910,905,925,925,0
2022-11-22 15:00:00,925,925,925,925,47600
2022-11-22 15:01:00,925,925,925,925,1000
2022-11-22 15:02:00,925,925,925,925,6400
2022-11-22 15:03:00,925,925,925,925,4700
2022-11-22 15:04:00,925,925,925,925,0
2022-11-22 15:05:00,925,925,925,925,29100
2022-11-22 15:06:00,925,925,925,925,0
2022-11-22 15:07:00,925,925,925,925,0
2022-11-22 15:08:00,925,925,925,925,0
2022-11-22 15:09:00,925,925,925,925,0
2022-11-22 15:10:00,925,925,925,925,0
2022-11-22 15:11:00,925,925,925,925,1800
2022-11-22 15:12:00,925,925,925,925,0
2022-11-22 15:13:00,925,925,925,925,0
2022-11-22 15:14:00,925,925,925,925,0
2022-11-22 15:15:00,925,925,925,925,0
2022-11-22 15:16:00,925,925,925,925,0
2022-11-22 15:17:00,925,925,925,925,0
2022-11-22 15:18:00,925,925,925,925,0
2022-11-22 15:19:00,925,925,925,925,0
2022-11-22 15:20:00,925,925,925,925,0
2022-11-22 15:21:00,925,925,925,925,0
2022-11-22 15:22:00,925,925,925,925,0
2022-11-22 15:23:00,925,925,925,925,0
2022-11-22 15:24:00,925,925,925,925,0
2022-11-22 15:25:00,925,925,925,925,0
2022-11-22 15:26:00,925,925,925,925,0
2022-11-22 15:27:00,925,925,925,925,0
2022-11-22 15:28:00,925,925,925,925,0
2022-11-22 15:29:00,925,925,925,925,0
2022-11-22 15:30:00,925,925,925,925,0
2022-11-22 15:31:00,925,925,925,925,0
2022-11-22 15:32:00,925,925,925,925,0
2022-11-22 15:33:00,925,925,925,925,0
2022-11-22 15:34:00,925,925,925,925,0
2022-11-22 15:35:00,925,925,925,925,0
2022-11-22 15:36:00,925,925,925,925,0
2022-11-22 15:37:00,925,925,925,925,0
2022-11-22 15:38:00,925,925,925,925,0
2022-11-22 15:39:00,925,925,925,925,0
2022-11-22 15:40:00,925,925,925,925,0
2022-11-22 15:41:00,925,925,925,925,0
2022-11-22 15:42:00,925,925,925,925,0
2022-11-22 15:43:00,925,925,925,925,0
2022-11-22 15:44:00,925,925,925,925,0
2022-11-22 15:45:00,925,925,925,925,0
2022-11-22 15:46:00,925,925,925,925,0
2022-11-22 15:47:00,925,925,925,925,0
2022-11-22 15:48:00,925,925,925,925,0
2022-11-22 15:49:00,925,925,925,925,0
2022-11-22 15:50:00,925,925,925,925,0
2022-11-22 15:51:00,925,925,925,925,0
2022-11-22 15:52:00,925,925,925,925,0
2022-11-22 15:53:00,925,925,925,925,0
2022-11-22 15:54:00,925,925,925,925,0
2022-11-22 15:55:00,925,925,925,925,0
2022-11-22 15:56:00,925,925,925,925,0
2022-11-22 15:57:00,925,925,925,925,0
2022-11-22 15:58:00,925,925,925,925,0
2022-11-22 15:59:00,925,925,925,925,0
2022-11-23 09:00:00,895,895,935,935,79600
2022-11-23 09:01:00,930,925,930,925,34900
2022-11-23 09:02:00,925,925,930,925,1400
2022-11-23 09:03:00,925,925,925,925,500
2022-11-23 09:04:00,925,925,925,925,0
2022-11-23 09:05:00,920,920,920,920,0
2022-11-23 09:06:00,920,920,920,920,400
2022-11-23 09:07:00,915,910,920,920,1800
2022-11-23 09:08:00,920,920,920,920,500
2022-11-23 09:09:00,920,910,920,920,3500
2022-11-23 09:10:00,925,925,925,925,6100
2022-11-23 09:11:00,925,925,930,930,14100
2022-11-23 09:12:00,930,930,930,930,1000
2022-11-23 09:13:00,930,930,935,935,8200
2022-11-23 09:14:00,935,930,935,930,1100
2022-11-23 09:15:00,930,930,930,930,10200
2022-11-23 09:16:00,930,930,930,930,100
2022-11-23 09:17:00,930,930,930,930,7800
2022-11-23 09:18:00,925,925,925,925,0
2022-11-23 09:19:00,925,925,925,925,13200
2022-11-23 09:20:00,925,920,925,920,29300
2022-11-23 09:21:00,920,920,920,920,0
2022-11-23 09:22:00,920,920,920,920,100
2022-11-23 09:23:00,920,920,920,920,8300
2022-11-23 09:24:00,920,920,920,920,700
2022-11-23 09:25:00,920,920,920,920,0
2022-11-23 09:26:00,920,920,920,920,4300
2022-11-23 09:27:00,915,915,915,915,400
2022-11-23 09:28:00,910,910,910,910,10000
2022-11-23 09:29:00,910,910,910,910,15700
2022-11-23 09:30:00,910,910,910,910,0
2022-11-23 09:31:00,910,910,910,910,0
2022-11-23 09:32:00,910,910,910,910,5500
2022-11-23 09:33:00,910,910,910,910,0
2022-11-23 09:34:00,910,910,910,910,0
2022-11-23 09:35:00,910,910,910,910,6100
2022-11-23 09:36:00,910,910,910,910,0
2022-11-23 09:37:00,910,910,925,925,1400
2022-11-23 09:38:00,910,910,925,925,0
2022-11-23 09:39:00,910,910,925,925,0
2022-11-23 09:40:00,925,925,925,925,900
2022-11-23 09:41:00,925,925,925,925,0
2022-11-23 09:42:00,925,925,925,925,0
2022-11-23 09:43:00,910,910,925,920,16400
2022-11-23 09:44:00,915,915,915,915,0
2022-11-23 09:45:00,915,915,915,915,0
2022-11-23 09:46:00,920,920,920,920,1300
2022-11-23 09:47:00,925,925,925,925,19500
2022-11-23 09:48:00,915,915,915,915,0
2022-11-23 09:49:00,915,915,915,915,0
2022-11-23 09:50:00,920,920,920,920,0
2022-11-23 09:51:00,920,920,920,920,0
2022-11-23 09:52:00,920,920,920,920,900
2022-11-23 09:53:00,915,915,915,915,10600
2022-11-23 09:54:00,920,915,920,920,5900
2022-11-23 09:55:00,920,915,920,920,0
2022-11-23 09:56:00,920,915,920,920,0
2022-11-23 09:57:00,920,915,920,920,0
2022-11-23 09:58:00,920,915,920,920,0
2022-11-23 09:59:00,920,915,920,920,0
2022-11-23 10:00:00,925,925,925,925,200
2022-11-23 10:01:00,925,925,925,925,0
2022-11-23 10:02:00,925,925,925,925,900
2022-11-23 10:03:00,925,925,925,925,6000
2022-11-23 10:04:00,925,925,925,925,0
2022-11-23 10:05:00,925,925,925,925,0
2022-11-23 10:06:00,925,925,925,925,0
2022-11-23 10:07:00,925,925,925,925,0
2022-11-23 10:08:00,925,925,925,925,400
2022-11-23 10:09:00,920,920,920,920,0
2022-11-23 10:10:00,920,920,920,920,0
2022-11-23 10:11:00,920,920,920,920,20900
2022-11-23 10:12:00,915,915,915,915,3600
2022-11-23 10:13:00,915,915,915,915,0
2022-11-23 10:14:00,915,915,915,915,100
2022-11-23 10:15:00,915,915,920,920,10200
2022-11-23 10:16:00,920,920,920,920,69500
2022-11-23 10:17:00,920,920,920,920,0
2022-11-23 10:18:00,920,920,920,920,2800
2022-11-23 10:19:00,920,920,920,920,0
2022-11-23 10:20:00,920,920,920,920,0
2022-11-23 10:21:00,920,920,920,920,0
2022-11-23 10:22:00,920,920,925,925,9000
2022-11-23 10:23:00,920,920,925,925,0
2022-11-23 10:24:00,920,920,925,925,0
2022-11-23 10:25:00,925,925,925,925,6900
2022-11-23 10:26:00,925,925,925,925,200
2022-11-23 10:27:00,925,925,925,925,0
2022-11-23 10:28:00,920,920,920,920,100
2022-11-23 10:29:00,920,920,920,920,0
2022-11-23 10:30:00,925,925,925,925,15000
2022-11-23 10:31:00,925,925,925,925,0
2022-11-23 10:32:00,925,925,925,925,0
2022-11-23 10:33:00,925,925,925,925,0
2022-11-23 10:34:00,925,925,925,925,0
2022-11-23 10:35:00,925,925,925,925,0
2022-11-23 10:36:00,925,925,925,925,0
2022-11-23 10:37:00,925,925,925,925,0
2022-11-23 10:38:00,925,925,925,925,0
2022-11-23 10:39:00,925,925,925,925,0
2022-11-23 10:40:00,925,925,925,925,4000
2022-11-23 10:41:00,925,925,925,925,0
2022-11-23 10:42:00,925,925,925,925,0
2022-11-23 10:43:00,925,925,925,925,0
2022-11-23 10:44:00,925,925,925,925,0
2022-11-23 10:45:00,925,925,925,925,0
2022-11-23 10:46:00,920,920,920,920,200
2022-11-23 10:47:00,920,920,920,920,0
2022-11-23 10:48:00,920,920,920,920,0
2022-11-23 10:49:00,920,920,920,920,0
2022-11-23 10:50:00,920,920,920,920,0
2022-11-23 10:51:00,920,920,920,920,20300
2022-11-23 10:52:00,920,920,920,920,0
2022-11-23 10:53:00,920,920,920,920,0
2022-11-23 10:54:00,920,920,920,920,0
2022-11-23 10:55:00,920,920,920,920,0
2022-11-23 10:56:00,920,920,920,920,0
2022-11-23 10:57:00,920,920,920,920,0
2022-11-23 10:58:00,920,920,920,920,0
2022-11-23 10:59:00,920,920,920,920,500
2022-11-23 11:00:00,920,920,920,920,0
2022-11-23 11:01:00,920,920,920,920,0
2022-11-23 11:02:00,920,920,920,920,0
2022-11-23 11:03:00,920,920,920,920,0
2022-11-23 11:04:00,920,920,920,920,0
2022-11-23 11:05:00,920,920,920,920,0
2022-11-23 11:06:00,920,920,920,920,0
2022-11-23 11:07:00,920,920,920,920,0
2022-11-23 11:08:00,920,920,920,920,0
2022-11-23 11:09:00,920,920,920,920,0
2022-11-23 11:10:00,920,920,920,920,0
2022-11-23 11:11:00,920,920,920,920,0
2022-11-23 11:12:00,920,920,920,920,10200
2022-11-23 11:13:00,920,920,920,920,0
2022-11-23 11:14:00,920,920,920,920,0
2022-11-23 11:15:00,920,920,920,920,0
2022-11-23 11:16:00,915,915,915,915,1800
2022-11-23 11:17:00,915,915,915,915,0
2022-11-23 11:18:00,915,915,915,915,0
2022-11-23 11:19:00,915,915,915,915,0
2022-11-23 11:20:00,915,915,915,915,0
2022-11-23 11:21:00,920,920,920,920,0
2022-11-23 11:22:00,920,920,920,920,0
2022-11-23 11:23:00,920,920,920,920,0
2022-11-23 11:24:00,920,920,920,920,0
2022-11-23 11:25:00,920,920,920,920,5400
2022-11-23 11:26:00,920,920,920,920,0
2022-11-23 11:27:00,920,920,920,920,0
2022-11-23 11:28:00,920,915,920,915,4500
2022-11-23 11:29:00,915,915,915,915,3000
2022-11-23 11:30:00,915,915,915,915,0
2022-11-23 11:31:00,915,915,915,915,0
2022-11-23 11:32:00,915,915,915,915,0
2022-11-23 11:33:00,915,915,915,915,0
2022-11-23 11:34:00,915,915,915,915,0
2022-11-23 11:35:00,915,915,915,915,0
2022-11-23 11:36:00,915,915,915,915,0
2022-11-23 11:37:00,915,915,915,915,0
2022-11-23 11:38:00,915,915,915,915,0
2022-11-23 11:39:00,915,915,915,915,0
2022-11-23 11:40:00,915,915,915,915,0
2022-11-23 11:41:00,915,915,915,915,0
2022-11-23 11:42:00,915,915,915,915,0
2022-11-23 11:43:00,915,915,915,915,0
2022-11-23 11:44:00,915,915,915,915,0
2022-11-23 11:45:00,915,915,915,915,0
2022-11-23 11:46:00,915,915,915,915,0
2022-11-23 11:47:00,915,915,915,915,0
2022-11-23 11:48:00,915,915,915,915,0
2022-11-23 11:49:00,915,915,915,915,0
2022-11-23 11:50:00,915,915,915,915,0
2022-11-23 11:51:00,915,915,915,915,0
2022-11-23 11:52:00,915,915,915,915,0
2022-11-23 11:53:00,915,915,915,915,0
2022-11-23 11:54:00,915,915,915,915,0
2022-11-23 11:55:00,915,915,915,915,0
2022-11-23 11:56:00,915,915,915,915,0
2022-11-23 11:57:00,915,915,915,915,0
2022-11-23 11:58:00,915,915,915,915,0
2022-11-23 11:59:00,915,915,915,915,0
2022-11-23 12:00:00,915,915,915,915,0
2022-11-23 12:01:00,915,915,915,915,0
2022-11-23 12:02:00,915,915,915,915,0
2022-11-23 12:03:00,915,915,915,915,0
2022-11-23 12:04:00,915,915,915,915,0
2022-11-23 12:05:00,915,915,915,915,0
2022-11-23 12:06:00,915,915,915,915,0
2022-11-23 12:07:00,915,915,915,915,0
2022-11-23 12:08:00,915,915,915,915,0
2022-11-23 12:09:00,915,915,915,915,0
2022-11-23 12:10:00,915,915,915,915,0
2022-11-23 12:11:00,915,915,915,915,0
2022-11-23 12:12:00,915,915,915,915,0
2022-11-23 12:13:00,915,915,915,915,0
2022-11-23 12:14:00,915,915,915,915,0
2022-11-23 12:15:00,915,915,915,915,0
2022-11-23 12:16:00,915,915,915,915,0
2022-11-23 12:17:00,915,915,915,915,0
2022-11-23 12:18:00,915,915,915,915,0
2022-11-23 12:19:00,915,915,915,915,0
2022-11-23 12:20:00,915,915,915,915,0
2022-11-23 12:21:00,915,915,915,915,0
2022-11-23 12:22:00,915,915,915,915,0
2022-11-23 12:23:00,915,915,915,915,0
2022-11-23 12:24:00,915,915,915,915,0
2022-11-23 12:25:00,915,915,915,915,0
2022-11-23 12:26:00,915,915,915,915,0
2022-11-23 12:27:00,915,915,915,915,0
2022-11-23 12:28:00,915,915,915,915,0
2022-11-23 12:29:00,915,915,915,915,0
2022-11-23 12:30:00,915,915,915,915,0
2022-11-23 12:31:00,915,915,915,915,0
2022-11-23 12:32:00,915,915,915,915,0
2022-11-23 12:33:00,915,915,915,915,0
2022-11-23 12:34:00,915,915,915,915,0
2022-11-23 12:35:00,915,915,915,915,0
2022-11-23 12:36:00,915,915,915,915,0
2022-11-23 12:37:00,915,915,915,915,0
2022-11-23 12:38:00,915,915,915,915,0
2022-11-23 12:39:00,915,915,915,915,0
2022-11-23 12:40:00,915,915,915,915,0
2022-11-23 12:41:00,915,915,915,915,0
2022-11-23 12:42:00,915,915,915,915,0
2022-11-23 12:43:00,915,915,915,915,0
2022-11-23 12:44:00,915,915,915,915,0
2022-11-23 12:45:00,915,915,915,915,0
2022-11-23 12:46:00,915,915,915,915,0
2022-11-23 12:47:00,915,915,915,915,0
2022-11-23 12:48:00,915,915,915,915,0
2022-11-23 12:49:00,915,915,915,915,0
2022-11-23 12:50:00,915,915,915,915,0
2022-11-23 12:51:00,915,915,915,915,0
2022-11-23 12:52:00,915,915,915,915,0
2022-11-23 12:53:00,915,915,915,915,0
2022-11-23 12:54:00,915,915,915,915,0
2022-11-23 12:55:00,915,915,915,915,0
2022-11-23 12:56:00,915,915,915,915,0
2022-11-23 12:57:00,915,915,915,915,0
2022-11-23 12:58:00,915,915,915,915,0
2022-11-23 12:59:00,915,915,915,915,0
2022-11-23 13:00:00,915,915,915,915,0
2022-11-23 13:01:00,915,915,915,915,0
2022-11-23 13:02:00,915,915,915,915,0
2022-11-23 13:03:00,915,915,915,915,0
2022-11-23 13:04:00,915,915,915,915,0
2022-11-23 13:05:00,915,915,915,915,0
2022-11-23 13:06:00,915,915,915,915,0
2022-11-23 13:07:00,915,915,915,915,0
2022-11-23 13:08:00,915,915,915,915,0
2022-11-23 13:09:00,915,915,915,915,0
2022-11-23 13:10:00,915,915,915,915,0
2022-11-23 13:11:00,915,915,915,915,0
2022-11-23 13:12:00,915,915,915,915,0
2022-11-23 13:13:00,915,915,915,915,0
2022-11-23 13:14:00,915,915,915,915,0
2022-11-23 13:15:00,915,915,915,915,0
2022-11-23 13:16:00,915,915,915,915,0
2022-11-23 13:17:00,915,915,915,915,0
2022-11-23 13:18:00,915,915,915,915,0
2022-11-23 13:19:00,915,915,915,915,0
2022-11-23 13:20:00,915,915,915,915,0
2022-11-23 13:21:00,915,915,915,915,0
2022-11-23 13:22:00,915,915,915,915,0
2022-11-23 13:23:00,915,915,915,915,0
2022-11-23 13:24:00,915,915,915,915,0
2022-11-23 13:25:00,915,915,915,915,0
2022-11-23 13:26:00,915,915,915,915,0
2022-11-23 13:27:00,915,915,915,915,0
2022-11-23 13:28:00,915,915,915,915,0
2022-11-23 13:29:00,915,915,915,915,0
2022-11-23 13:30:00,915,915,920,915,2800
2022-11-23 13:31:00,915,915,920,915,0
2022-11-23 13:32:00,915,915,915,915,0
2022-11-23 13:33:00,915,915,915,915,0
2022-11-23 13:34:00,915,915,915,915,0
2022-11-23 13:35:00,915,915,915,915,0
2022-11-23 13:36:00,915,915,915,915,0
2022-11-23 13:37:00,915,915,915,915,0
2022-11-23 13:38:00,915,915,915,915,0
2022-11-23 13:39:00,915,915,915,915,0
2022-11-23 13:40:00,915,915,915,915,0
2022-11-23 13:41:00,915,915,915,915,0
2022-11-23 13:42:00,915,915,915,915,0
2022-11-23 13:43:00,915,915,915,915,0
2022-11-23 13:44:00,915,915,915,915,0
2022-11-23 13:45:00,915,915,915,915,0
2022-11-23 13:46:00,915,915,915,915,0
2022-11-23 13:47:00,915,915,915,915,13100
2022-11-23 13:48:00,915,915,915,915,0
2022-11-23 13:49:00,915,915,915,915,0
2022-11-23 13:50:00,915,915,915,915,0
2022-11-23 13:51:00,915,915,915,915,0
2022-11-23 13:52:00,915,915,915,915,0
2022-11-23 13:53:00,915,915,915,915,0
2022-11-23 13:54:00,915,915,915,915,0
2022-11-23 13:55:00,915,915,915,915,9400
2022-11-23 13:56:00,910,910,910,910,25100
2022-11-23 13:57:00,910,910,910,910,0
2022-11-23 13:58:00,910,910,910,910,0
2022-11-23 13:59:00,910,910,910,910,0
2022-11-23 14:00:00,910,905,910,905,64900
2022-11-23 14:01:00,910,905,910,905,0
2022-11-23 14:02:00,920,920,920,920,0
2022-11-23 14:03:00,920,920,920,920,0
2022-11-23 14:04:00,920,920,920,920,0
2022-11-23 14:05:00,920,920,920,920,0
2022-11-23 14:06:00,920,920,920,920,0
2022-11-23 14:07:00,920,920,920,920,0
2022-11-23 14:08:00,920,920,920,920,0
2022-11-23 14:09:00,920,920,920,920,0
2022-11-23 14:10:00,920,920,920,920,0
2022-11-23 14:11:00,920,920,920,920,0
2022-11-23 14:12:00,920,920,920,920,0
2022-11-23 14:13:00,920,920,920,920,0
2022-11-23 14:14:00,920,920,920,920,0
2022-11-23 14:15:00,920,920,920,920,0
2022-11-23 14:16:00,920,920,920,920,0
2022-11-23 14:17:00,920,920,920,920,0
2022-11-23 14:18:00,910,910,910,910,1600
2022-11-23 14:19:00,910,910,910,910,25000
2022-11-23 14:20:00,910,910,910,910,0
2022-11-23 14:21:00,910,910,910,910,0
2022-11-23 14:22:00,910,910,910,910,0
2022-11-23 14:23:00,910,910,910,910,0
2022-11-23 14:24:00,910,910,910,910,0
2022-11-23 14:25:00,910,910,910,910,0
2022-11-23 14:26:00,910,910,910,910,0
2022-11-23 14:27:00,910,910,910,910,0
2022-11-23 14:28:00,910,910,910,910,20300
2022-11-23 14:29:00,910,910,910,910,0
2022-11-23 14:30:00,910,910,910,910,0
2022-11-23 14:31:00,910,910,910,910,0
2022-11-23 14:32:00,910,910,910,910,300
2022-11-23 14:33:00,910,910,910,910,0
2022-11-23 14:34:00,910,910,910,910,0
2022-11-23 14:35:00,910,910,910,910,800
2022-11-23 14:36:00,910,910,910,910,0
2022-11-23 14:37:00,905,900,905,900,12900
2022-11-23 14:38:00,900,900,900,900,0
2022-11-23 14:39:00,905,905,905,905,200
2022-11-23 14:40:00,905,905,905,905,6000
2022-11-23 14:41:00,905,905,905,905,2000
2022-11-23 14:42:00,905,905,905,905,10000
2022-11-23 14:43:00,905,905,905,905,0
2022-11-23 14:44:00,905,905,905,905,0
2022-11-23 14:45:00,905,905,905,905,0
2022-11-23 14:46:00,915,915,920,915,2400
2022-11-23 14:47:00,915,915,920,915,0
2022-11-23 14:48:00,905,905,905,905,0
2022-11-23 14:49:00,915,915,920,920,100
2022-11-23 14:50:00,915,915,920,920,0
2022-11-23 14:51:00,915,915,920,920,0
2022-11-23 14:52:00,915,915,920,920,0
2022-11-23 14:53:00,915,915,920,920,0
2022-11-23 14:54:00,915,915,920,920,0
2022-11-23 14:55:00,915,915,920,920,0
2022-11-23 14:56:00,915,915,920,920,0
2022-11-23 14:57:00,915,915,920,920,0
2022-11-23 14:58:00,915,915,920,920,0
2022-11-23 14:59:00,915,915,920,920,0
2022-11-23 15:00:00,900,900,900,900,33500
2022-11-23 15:01:00,900,900,900,900,0
2022-11-23 15:02:00,900,900,900,900,2300
2022-11-23 15:03:00,900,900,900,900,3000
2022-11-23 15:04:00,900,900,900,900,0
2022-11-23 15:05:00,900,900,900,900,0
2022-11-23 15:06:00,900,900,900,900,0
2022-11-23 15:07:00,900,900,900,900,0
2022-11-23 15:08:00,900,900,900,900,0
2022-11-23 15:09:00,900,900,900,900,0
2022-11-23 15:10:00,900,900,900,900,0
2022-11-23 15:11:00,900,900,900,900,0
2022-11-23 15:12:00,900,900,900,900,0
2022-11-23 15:13:00,900,900,900,900,0
2022-11-23 15:14:00,900,900,900,900,0
2022-11-23 15:15:00,900,900,900,900,0
2022-11-23 15:16:00,900,900,900,900,0
2022-11-23 15:17:00,900,900,900,900,0
2022-11-23 15:18:00,900,900,900,900,0
2022-11-23 15:19:00,900,900,900,900,0
2022-11-23 15:20:00,900,900,900,900,0
2022-11-23 15:21:00,900,900,900,900,0
2022-11-23 15:22:00,900,900,900,900,0
2022-11-23 15:23:00,900,900,900,900,0
2022-11-23 15:24:00,900,900,900,900,0
2022-11-23 15:25:00,900,900,900,900,0
2022-11-23 15:26:00,900,900,900,900,0
2022-11-23 15:27:00,900,900,900,900,0
2022-11-23 15:28:00,900,900,900,900,0
2022-11-23 15:29:00,900,900,900,900,0
2022-11-23 15:30:00,900,900,900,900,0
2022-11-23 15:31:00,900,900,900,900,0
2022-11-23 15:32:00,900,900,900,900,0
2022-11-23 15:33:00,900,900,900,900,0
2022-11-23 15:34:00,900,900,900,900,0
2022-11-23 15:35:00,900,900,900,900,0
2022-11-23 15:36:00,900,900,900,900,0
2022-11-23 15:37:00,900,900,900,900,0
2022-11-23 15:38:00,900,900,900,900,0
2022-11-23 15:39:00,900,900,900,900,0
2022-11-23 15:40:00,900,900,900,900,0
2022-11-23 15:41:00,900,900,900,900,0
2022-11-23 15:42:00,900,900,900,900,0
2022-11-23 15:43:00,900,900,900,900,0
2022-11-23 15:44:00,900,900,900,900,0
2022-11-23 15:45:00,900,900,900,900,0
2022-11-23 15:46:00,900,900,900,900,0
2022-11-23 15:47:00,900,900,900,900,0
2022-11-23 15:48:00,900,900,900,900,0
2022-11-23 15:49:00,900,900,900,900,0
2022-11-23 15:50:00,900,900,900,900,0
2022-11-23 15:51:00,900,900,900,900,0
2022-11-23 15:52:00,900,900,900,900,0
2022-11-23 15:53:00,900,900,900,900,0
2022-11-23 15:54:00,900,900,900,900,0
2022-11-23 15:55:00,900,900,900,900,0
2022-11-23 15:56:00,900,900,900,900,0
2022-11-23 15:57:00,900,900,900,900,0
2022-11-23 15:58:00,900,900,900,900,0
2022-11-23 15:59:00,900,900,900,900,0
2022-11-24 09:00:00,900,895,900,895,2000
2022-11-24 09:01:00,890,890,890,890,1200
2022-11-24 09:02:00,885,885,890,885,3700
2022-11-24 09:03:00,885,885,885,885,8600
2022-11-24 09:04:00,880,880,885,885,20600
2022-11-24 09:05:00,885,885,885,885,8700
2022-11-24 09:06:00,885,885,885,885,0
2022-11-24 09:07:00,885,885,885,885,0
2022-11-24 09:08:00,885,885,885,885,0
2022-11-24 09:09:00,885,885,885,885,0
2022-11-24 09:10:00,885,885,885,885,0
2022-11-24 09:11:00,890,890,890,890,2400
2022-11-24 09:12:00,890,890,890,890,0
2022-11-24 09:13:00,895,895,895,895,8000
2022-11-24 09:14:00,895,895,895,895,0
2022-11-24 09:15:00,895,895,895,895,0
2022-11-24 09:16:00,895,890,895,890,13000
2022-11-24 09:17:00,890,890,890,890,1300
2022-11-24 09:18:00,890,890,890,890,5400
2022-11-24 09:19:00,890,890,890,890,0
2022-11-24 09:20:00,890,890,890,890,0
2022-11-24 09:21:00,890,890,890,890,0
2022-11-24 09:22:00,890,890,890,890,0
2022-11-24 09:23:00,890,890,890,890,0
2022-11-24 09:24:00,890,890,890,890,11500
2022-11-24 09:25:00,890,890,890,890,0
2022-11-24 09:26:00,895,895,895,895,2500
2022-11-24 09:27:00,895,895,895,895,0
2022-11-24 09:28:00,895,895,895,895,0
2022-11-24 09:29:00,895,895,895,895,4200
2022-11-24 09:30:00,895,895,895,895,0
2022-11-24 09:31:00,895,895,895,895,0
2022-11-24 09:32:00,895,895,895,895,0
2022-11-24 09:33:00,895,895,895,895,0
2022-11-24 09:34:00,895,895,895,895,0
2022-11-24 09:35:00,895,895,895,895,0
2022-11-24 09:36:00,895,895,895,895,0
2022-11-24 09:37:00,895,895,895,895,0
2022-11-24 09:38:00,895,895,895,895,0
2022-11-24 09:39:00,895,895,895,895,0
2022-11-24 09:40:00,890,890,890,890,900
2022-11-24 09:41:00,890,890,890,890,1900
2022-11-24 09:42:00,890,890,890,890,0
2022-11-24 09:43:00,890,890,890,890,10200
2022-11-24 09:44:00,890,890,890,890,0
2022-11-24 09:45:00,890,890,895,895,900
2022-11-24 09:46:00,895,895,895,895,0
2022-11-24 09:47:00,890,890,890,890,11800
2022-11-24 09:48:00,890,890,890,890,0
2022-11-24 09:49:00,890,890,890,890,0
2022-11-24 09:50:00,885,885,885,885,10500
2022-11-24 09:51:00,885,885,885,885,0
2022-11-24 09:52:00,885,885,885,885,4000
2022-11-24 09:53:00,885,885,885,885,0
2022-11-24 09:54:00,885,885,885,885,1000
2022-11-24 09:55:00,885,885,885,885,0
2022-11-24 09:56:00,885,885,885,885,0
2022-11-24 09:57:00,885,885,885,885,0
2022-11-24 09:58:00,885,885,885,885,2600
2022-11-24 09:59:00,885,885,885,885,0
2022-11-24 10:00:00,885,885,885,885,0
2022-11-24 10:01:00,895,895,895,895,4100
2022-11-24 10:02:00,895,895,895,895,300
2022-11-24 10:03:00,895,895,895,895,0
2022-11-24 10:04:00,895,895,895,895,0
2022-11-24 10:05:00,895,895,895,895,0
2022-11-24 10:06:00,895,895,895,895,0
2022-11-24 10:07:00,895,895,895,895,0
2022-11-24 10:08:00,895,895,895,895,4000
2022-11-24 10:09:00,895,895,895,895,0
2022-11-24 10:10:00,895,895,895,895,0
2022-11-24 10:11:00,895,895,895,895,0
2022-11-24 10:12:00,895,895,895,895,0
2022-11-24 10:13:00,895,895,895,895,0
2022-11-24 10:14:00,895,895,895,895,0
2022-11-24 10:15:00,895,895,895,895,0
2022-11-24 10:16:00,895,895,895,895,0
2022-11-24 10:17:00,895,895,895,895,0
2022-11-24 10:18:00,895,895,895,895,0
2022-11-24 10:19:00,895,895,895,895,0
2022-11-24 10:20:00,895,895,895,895,0
2022-11-24 10:21:00,895,895,895,895,0
2022-11-24 10:22:00,895,895,895,895,0
2022-11-24 10:23:00,895,895,895,895,0
2022-11-24 10:24:00,895,895,895,895,0
2022-11-24 10:25:00,895,895,895,895,0
2022-11-24 10:26:00,895,895,895,895,0
2022-11-24 10:27:00,895,895,895,895,0
2022-11-24 10:28:00,895,895,895,895,0
2022-11-24 10:29:00,895,895,895,895,0
2022-11-24 10:30:00,895,895,895,895,0
2022-11-24 10:31:00,895,895,895,895,0
2022-11-24 10:32:00,895,895,895,895,0
2022-11-24 10:33:00,895,895,895,895,0
2022-11-24 10:34:00,895,895,895,895,0
2022-11-24 10:35:00,895,895,895,895,0
2022-11-24 10:36:00,895,895,895,895,0
2022-11-24 10:37:00,895,895,895,895,0
2022-11-24 10:38:00,895,895,895,895,0
2022-11-24 10:39:00,895,895,895,895,0
2022-11-24 10:40:00,895,895,895,895,0
2022-11-24 10:41:00,895,895,895,895,0
2022-11-24 10:42:00,895,895,895,895,0
2022-11-24 10:43:00,895,895,895,895,0
2022-11-24 10:44:00,895,895,895,895,0
2022-11-24 10:45:00,895,895,895,895,0
2022-11-24 10:46:00,895,895,895,895,0
2022-11-24 10:47:00,895,895,895,895,0
2022-11-24 10:48:00,895,895,895,895,0
2022-11-24 10:49:00,895,895,895,895,0
2022-11-24 10:50:00,895,895,895,895,0
2022-11-24 10:51:00,895,895,895,895,0
2022-11-24 10:52:00,895,895,895,895,0
2022-11-24 10:53:00,895,895,895,895,0
2022-11-24 10:54:00,895,895,895,895,0
2022-11-24 10:55:00,895,895,895,895,0
2022-11-24 10:56:00,895,895,895,895,0
2022-11-24 10:57:00,895,895,895,895,0
2022-11-24 10:58:00,895,895,895,895,0
2022-11-24 10:59:00,895,895,895,895,0
2022-11-24 11:00:00,895,895,895,895,0
2022-11-24 11:01:00,895,895,895,895,2000
2022-11-24 11:02:00,895,895,895,895,0
2022-11-24 11:03:00,895,895,895,895,0
2022-11-24 11:04:00,895,895,895,895,0
2022-11-24 11:05:00,895,895,895,895,0
2022-11-24 11:06:00,895,895,895,895,0
2022-11-24 11:07:00,895,895,895,895,0
2022-11-24 11:08:00,895,895,895,895,0
2022-11-24 11:09:00,895,895,895,895,0
2022-11-24 11:10:00,895,895,895,895,0
2022-11-24 11:11:00,895,895,895,895,0
2022-11-24 11:12:00,895,895,895,895,0
2022-11-24 11:13:00,895,895,895,895,0
2022-11-24 11:14:00,895,895,895,895,0
2022-11-24 11:15:00,895,895,895,895,0
2022-11-24 11:16:00,895,895,895,895,0
2022-11-24 11:17:00,895,895,895,895,0
2022-11-24 11:18:00,895,895,895,895,0
2022-11-24 11:19:00,895,895,895,895,0
2022-11-24 11:20:00,895,895,895,895,0
2022-11-24 11:21:00,895,895,895,895,0
2022-11-24 11:22:00,895,895,895,895,0
2022-11-24 11:23:00,895,895,895,895,0
2022-11-24 11:24:00,895,895,895,895,0
2022-11-24 11:25:00,895,895,895,895,0
2022-11-24 11:26:00,895,895,895,895,0
2022-11-24 11:27:00,895,895,895,895,0
2022-11-24 11:28:00,895,895,895,895,0
2022-11-24 11:29:00,895,895,895,895,0
2022-11-24 11:30:00,895,895,895,895,0
2022-11-24 11:31:00,895,895,895,895,0
2022-11-24 11:32:00,895,895,895,895,0
2022-11-24 11:33:00,895,895,895,895,0
2022-11-24 11:34:00,895,895,895,895,0
2022-11-24 11:35:00,895,895,895,895,0
2022-11-24 11:36:00,895,895,895,895,0
2022-11-24 11:37:00,895,895,895,895,0
2022-11-24 11:38:00,895,895,895,895,0
2022-11-24 11:39:00,895,895,895,895,0
2022-11-24 11:40:00,895,895,895,895,0
2022-11-24 11:41:00,895,895,895,895,0
2022-11-24 11:42:00,895,895,895,895,0
2022-11-24 11:43:00,895,895,895,895,0
2022-11-24 11:44:00,895,895,895,895,0
2022-11-24 11:45:00,895,895,895,895,0
2022-11-24 11:46:00,895,895,895,895,0
2022-11-24 11:47:00,895,895,895,895,0
2022-11-24 11:48:00,895,895,895,895,0
2022-11-24 11:49:00,895,895,895,895,0
2022-11-24 11:50:00,895,895,895,895,0
2022-11-24 11:51:00,895,895,895,895,0
2022-11-24 11:52:00,895,895,895,895,0
2022-11-24 11:53:00,895,895,895,895,0
2022-11-24 11:54:00,895,895,895,895,0
2022-11-24 11:55:00,895,895,895,895,0
2022-11-24 11:56:00,895,895,895,895,0
2022-11-24 11:57:00,895,895,895,895,0
2022-11-24 11:58:00,895,895,895,895,0
2022-11-24 11:59:00,895,895,895,895,0
2022-11-24 12:00:00,895,895,895,895,0
2022-11-24 12:01:00,895,895,895,895,0
2022-11-24 12:02:00,895,895,895,895,0
2022-11-24 12:03:00,895,895,895,895,0
2022-11-24 12:04:00,895,895,895,895,0
2022-11-24 12:05:00,895,895,895,895,0
2022-11-24 12:06:00,895,895,895,895,0
2022-11-24 12:07:00,895,895,895,895,0
2022-11-24 12:08:00,895,895,895,895,0
2022-11-24 12:09:00,895,895,895,895,0
2022-11-24 12:10:00,895,895,895,895,0
2022-11-24 12:11:00,895,895,895,895,0
2022-11-24 12:12:00,895,895,895,895,0
2022-11-24 12:13:00,895,895,895,895,0
2022-11-24 12:14:00,895,895,895,895,0
2022-11-24 12:15:00,895,895,895,895,0
2022-11-24 12:16:00,895,895,895,895,0
2022-11-24 12:17:00,895,895,895,895,0
2022-11-24 12:18:00,895,895,895,895,0
2022-11-24 12:19:00,895,895,895,895,0
2022-11-24 12:20:00,895,895,895,895,0
2022-11-24 12:21:00,895,895,895,895,0
2022-11-24 12:22:00,895,895,895,895,0
2022-11-24 12:23:00,895,895,895,895,0
2022-11-24 12:24:00,895,895,895,895,0
2022-11-24 12:25:00,895,895,895,895,0
2022-11-24 12:26:00,895,895,895,895,0
2022-11-24 12:27:00,895,895,895,895,0
2022-11-24 12:28:00,895,895,895,895,0
2022-11-24 12:29:00,895,895,895,895,0
2022-11-24 12:30:00,895,895,895,895,0
2022-11-24 12:31:00,895,895,895,895,0
2022-11-24 12:32:00,895,895,895,895,0
2022-11-24 12:33:00,895,895,895,895,0
2022-11-24 12:34:00,895,895,895,895,0
2022-11-24 12:35:00,895,895,895,895,0
2022-11-24 12:36:00,895,895,895,895,0
2022-11-24 12:37:00,895,895,895,895,0
2022-11-24 12:38:00,895,895,895,895,0
2022-11-24 12:39:00,895,895,895,895,0
2022-11-24 12:40:00,895,895,895,895,0
2022-11-24 12:41:00,895,895,895,895,0
2022-11-24 12:42:00,895,895,895,895,0
2022-11-24 12:43:00,895,895,895,895,0
2022-11-24 12:44:00,895,895,895,895,0
2022-11-24 12:45:00,895,895,895,895,0
2022-11-24 12:46:00,895,895,895,895,0
2022-11-24 12:47:00,895,895,895,895,0
2022-11-24 12:48:00,895,895,895,895,0
2022-11-24 12:49:00,895,895,895,895,0
2022-11-24 12:50:00,895,895,895,895,0
2022-11-24 12:51:00,895,895,895,895,0
2022-11-24 12:52:00,895,895,895,895,0
2022-11-24 12:53:00,895,895,895,895,0
2022-11-24 12:54:00,895,895,895,895,0
2022-11-24 12:55:00,895,895,895,895,0
2022-11-24 12:56:00,895,895,895,895,0
2022-11-24 12:57:00,895,895,895,895,0
2022-11-24 12:58:00,895,895,895,895,0
2022-11-24 12:59:00,895,895,895,895,0
2022-11-24 13:00:00,895,895,895,895,0
2022-11-24 13:01:00,895,895,895,895,0
2022-11-24 13:02:00,895,895,895,895,0
2022-11-24 13:03:00,895,895,895,895,0
2022-11-24 13:04:00,895,895,895,895,0
2022-11-24 13:05:00,895,895,895,895,0
2022-11-24 13:06:00,895,895,895,895,0
2022-11-24 13:07:00,895,895,895,895,0
2022-11-24 13:08:00,895,895,895,895,0
2022-11-24 13:09:00,895,895,895,895,0
2022-11-24 13:10:00,895,895,895,895,0
2022-11-24 13:11:00,895,895,895,895,0
2022-11-24 13:12:00,895,895,895,895,0
2022-11-24 13:13:00,895,895,895,895,0
2022-11-24 13:14:00,895,895,895,895,0
2022-11-24 13:15:00,895,895,895,895,0
2022-11-24 13:16:00,895,895,895,895,0
2022-11-24 13:17:00,895,895,895,895,0
2022-11-24 13:18:00,895,895,895,895,0
2022-11-24 13:19:00,895,895,895,895,0
2022-11-24 13:20:00,895,895,895,895,0
2022-11-24 13:21:00,895,895,895,895,0
2022-11-24 13:22:00,895,895,895,895,0
2022-11-24 13:23:00,895,895,895,895,0
2022-11-24 13:24:00,895,895,895,895,0
2022-11-24 13:25:00,895,895,895,895,0
2022-11-24 13:26:00,895,895,895,895,0
2022-11-24 13:27:00,895,895,895,895,0
2022-11-24 13:28:00,895,895,895,895,0
2022-11-24 13:29:00,895,895,895,895,0
2022-11-24 13:30:00,895,895,895,895,7000
2022-11-24 13:31:00,895,895,895,895,0
2022-11-24 13:32:00,895,895,895,895,0
2022-11-24 13:33:00,895,895,895,895,0
2022-11-24 13:34:00,895,895,895,895,0
2022-11-24 13:35:00,895,895,895,895,0
2022-11-24 13:36:00,895,895,895,895,0
2022-11-24 13:37:00,895,895,895,895,0
2022-11-24 13:38:00,895,895,895,895,0
2022-11-24 13:39:00,895,895,895,895,0
2022-11-24 13:40:00,895,895,895,895,0
2022-11-24 13:41:00,895,895,895,895,0
2022-11-24 13:42:00,890,890,890,890,5400
2022-11-24 13:43:00,890,890,890,890,0
2022-11-24 13:44:00,890,890,890,890,0
2022-11-24 13:45:00,890,890,890,890,0
2022-11-24 13:46:00,890,890,890,890,1300
2022-11-24 13:47:00,885,885,885,885,1000
2022-11-24 13:48:00,885,885,885,885,0
2022-11-24 13:49:00,890,890,890,890,4500
2022-11-24 13:50:00,890,890,890,890,0
2022-11-24 13:51:00,890,890,890,890,0
2022-11-24 13:52:00,890,890,890,890,0
2022-11-24 13:53:00,890,890,890,890,0
2022-11-24 13:54:00,890,890,890,890,0
2022-11-24 13:55:00,890,890,890,890,0
2022-11-24 13:56:00,890,890,890,890,0
2022-11-24 13:57:00,895,895,895,895,20700
2022-11-24 13:58:00,895,895,895,895,0
2022-11-24 13:59:00,895,895,895,895,0
2022-11-24 14:00:00,900,900,900,900,0
2022-11-24 14:01:00,900,900,900,900,0
2022-11-24 14:02:00,900,900,900,900,0
2022-11-24 14:03:00,900,900,925,925,14900
2022-11-24 14:04:00,910,900,910,900,1500
2022-11-24 14:05:00,910,900,910,900,0
2022-11-24 14:06:00,910,900,910,900,0
2022-11-24 14:07:00,910,900,910,900,0
2022-11-24 14:08:00,910,900,910,900,0
2022-11-24 14:09:00,910,900,910,900,0
2022-11-24 14:10:00,910,900,910,900,0
2022-11-24 14:11:00,910,900,910,900,0
2022-11-24 14:12:00,910,900,910,900,0
2022-11-24 14:13:00,910,900,910,900,0
2022-11-24 14:14:00,900,900,905,905,1100
2022-11-24 14:15:00,900,900,905,905,0
2022-11-24 14:16:00,905,905,905,905,100
2022-11-24 14:17:00,905,905,905,905,0
2022-11-24 14:18:00,905,905,905,905,0
2022-11-24 14:19:00,905,905,905,905,0
2022-11-24 14:20:00,905,905,905,905,1400
2022-11-24 14:21:00,905,905,905,905,0
2022-11-24 14:22:00,905,905,905,905,900
2022-11-24 14:23:00,900,900,905,905,3300
2022-11-24 14:24:00,900,900,905,905,0
2022-11-24 14:25:00,900,900,905,905,0
2022-11-24 14:26:00,900,900,905,905,0
2022-11-24 14:27:00,900,900,905,905,0
2022-11-24 14:28:00,900,900,900,900,200
2022-11-24 14:29:00,900,900,900,900,0
2022-11-24 14:30:00,895,895,895,895,100
2022-11-24 14:31:00,895,895,895,895,0
2022-11-24 14:32:00,895,895,895,895,0
2022-11-24 14:33:00,895,895,895,895,0
2022-11-24 14:34:00,900,900,900,900,100
2022-11-24 14:35:00,900,900,905,905,400
2022-11-24 14:36:00,905,905,910,910,1700
2022-11-24 14:37:00,905,905,910,910,0
2022-11-24 14:38:00,905,905,910,910,0
2022-11-24 14:39:00,905,905,910,910,0
2022-11-24 14:40:00,905,905,910,910,0
2022-11-24 14:41:00,905,905,910,910,0
2022-11-24 14:42:00,910,910,910,910,1000
2022-11-24 14:43:00,905,905,905,905,100
2022-11-24 14:44:00,905,905,910,910,1100
2022-11-24 14:45:00,905,905,910,910,0
2022-11-24 14:46:00,905,905,910,910,0
2022-11-24 14:47:00,905,905,910,910,0
2022-11-24 14:48:00,910,910,910,910,1600
2022-11-24 14:49:00,910,910,910,910,0
2022-11-24 14:50:00,910,910,910,910,0
2022-11-24 14:51:00,910,910,910,910,0
2022-11-24 14:52:00,910,910,910,910,0
2022-11-24 14:53:00,910,910,910,910,0
2022-11-24 14:54:00,910,910,910,910,0
2022-11-24 14:55:00,910,910,910,910,0
2022-11-24 14:56:00,910,910,910,910,0
2022-11-24 14:57:00,910,910,910,910,0
2022-11-24 14:58:00,910,910,910,910,0
2022-11-24 14:59:00,910,910,910,910,0
2022-11-24 15:00:00,915,915,915,915,9100
2022-11-24 15:01:00,915,915,915,915,0
2022-11-24 15:02:00,915,915,915,915,0
2022-11-24 15:03:00,915,915,915,915,0
2022-11-24 15:04:00,915,915,915,915,0
2022-11-24 15:05:00,915,915,915,915,0
2022-11-24 15:06:00,915,915,915,915,900
2022-11-24 15:07:00,915,915,915,915,0
2022-11-24 15:08:00,915,915,915,915,0
2022-11-24 15:09:00,915,915,915,915,0
2022-11-24 15:10:00,915,915,915,915,0
2022-11-24 15:11:00,915,915,915,915,0
2022-11-24 15:12:00,915,915,915,915,0
2022-11-24 15:13:00,915,915,915,915,0
2022-11-24 15:14:00,915,915,915,915,0
2022-11-24 15:15:00,915,915,915,915,0
2022-11-24 15:16:00,915,915,915,915,0
2022-11-24 15:17:00,915,915,915,915,0
2022-11-24 15:18:00,915,915,915,915,0
2022-11-24 15:19:00,915,915,915,915,0
2022-11-24 15:20:00,915,915,915,915,0
2022-11-24 15:21:00,915,915,915,915,0
2022-11-24 15:22:00,915,915,915,915,0
2022-11-24 15:23:00,915,915,915,915,0
2022-11-24 15:24:00,915,915,915,915,0
2022-11-24 15:25:00,915,915,915,915,0
2022-11-24 15:26:00,915,915,915,915,0
2022-11-24 15:27:00,915,915,915,915,0
2022-11-24 15:28:00,915,915,915,915,0
2022-11-24 15:29:00,915,915,915,915,0
2022-11-24 15:30:00,915,915,915,915,0
2022-11-24 15:31:00,915,915,915,915,0
2022-11-24 15:32:00,915,915,915,915,0
2022-11-24 15:33:00,915,915,915,915,0
2022-11-24 15:34:00,915,915,915,915,0
2022-11-24 15:35:00,915,915,915,915,0
2022-11-24 15:36:00,915,915,915,915,0
2022-11-24 15:37:00,915,915,915,915,0
2022-11-24 15:38:00,915,915,915,915,0
2022-11-24 15:39:00,915,915,915,915,0
2022-11-24 15:40:00,915,915,915,915,0
2022-11-24 15:41:00,915,915,915,915,0
2022-11-24 15:42:00,915,915,915,915,0
2022-11-24 15:43:00,915,915,915,915,0
2022-11-24 15:44:00,915,915,915,915,0
2022-11-24 15:45:00,915,915,915,915,0
2022-11-24 15:46:00,915,915,915,915,0
2022-11-24 15:47:00,915,915,915,915,0
2022-11-24 15:48:00,915,915,915,915,0
2022-11-24 15:49:00,915,915,915,915,0
2022-11-24 15:50:00,915,915,915,915,0
2022-11-24 15:51:00,915,915,915,915,0
2022-11-24 15:52:00,915,915,915,915,0
2022-11-24 15:53:00,915,915,915,915,0
2022-11-24 15:54:00,915,915,915,915,0
2022-11-24 15:55:00,915,915,915,915,0
2022-11-24 15:56:00,915,915,915,915,0
2022-11-24 15:57:00,915,915,915,915,0
2022-11-24 15:58:00,915,915,915,915,0
2022-11-24 15:59:00,915,915,915,915,0
2022-11-25 09:00:00,920,915,920,915,4400
2022-11-25 09:01:00,920,915,920,915,0
2022-11-25 09:02:00,920,920,920,920,0
2022-11-25 09:03:00,910,910,910,910,1400
2022-11-25 09:04:00,910,910,910,910,0
2022-11-25 09:05:00,920,910,920,910,600
2022-11-25 09:06:00,905,905,920,920,9300
2022-11-25 09:07:00,905,905,920,920,0
2022-11-25 09:08:00,905,905,920,920,0
2022-11-25 09:09:00,905,905,920,920,0
2022-11-25 09:10:00,905,905,905,905,2000
2022-11-25 09:11:00,905,905,905,905,0
2022-11-25 09:12:00,905,905,905,905,0
2022-11-25 09:13:00,905,905,905,905,0
2022-11-25 09:14:00,905,905,905,905,0
2022-11-25 09:15:00,905,905,905,905,0
2022-11-25 09:16:00,905,905,905,905,0
2022-11-25 09:17:00,905,905,905,905,2000
2022-11-25 09:18:00,905,905,905,905,0
2022-11-25 09:19:00,905,905,905,905,0
2022-11-25 09:20:00,905,905,905,905,0
2022-11-25 09:21:00,905,905,905,905,0
2022-11-25 09:22:00,905,905,905,905,0
2022-11-25 09:23:00,905,905,905,905,0
2022-11-25 09:24:00,900,900,900,900,1000
2022-11-25 09:25:00,900,900,900,900,0
2022-11-25 09:26:00,900,900,900,900,1000
2022-11-25 09:27:00,900,900,900,900,0
2022-11-25 09:28:00,900,900,900,900,0
2022-11-25 09:29:00,900,900,900,900,62200
2022-11-25 09:30:00,900,900,900,900,0
2022-11-25 09:31:00,895,895,895,895,2400
2022-11-25 09:32:00,895,895,895,895,0
2022-11-25 09:33:00,900,900,915,915,0
2022-11-25 09:34:00,915,915,920,920,0
2022-11-25 09:35:00,915,915,920,920,0
2022-11-25 09:36:00,915,915,920,920,0
2022-11-25 09:37:00,915,915,920,920,0
2022-11-25 09:38:00,915,915,920,920,0
2022-11-25 09:39:00,900,900,900,900,1300
2022-11-25 09:40:00,900,900,900,900,0
2022-11-25 09:41:00,900,900,900,900,0
2022-11-25 09:42:00,915,915,915,915,200
2022-11-25 09:43:00,900,900,900,900,23000
2022-11-25 09:44:00,895,890,895,890,39100
2022-11-25 09:45:00,895,890,895,890,0
2022-11-25 09:46:00,900,900,920,920,0
2022-11-25 09:47:00,900,900,920,920,0
2022-11-25 09:48:00,900,900,920,920,0
2022-11-25 09:49:00,900,900,920,920,0
2022-11-25 09:50:00,900,900,920,920,0
2022-11-25 09:51:00,900,900,920,920,0
2022-11-25 09:52:00,900,900,920,920,0
2022-11-25 09:53:00,900,900,920,920,0
2022-11-25 09:54:00,900,900,920,920,0
2022-11-25 09:55:00,900,900,920,920,0
2022-11-25 09:56:00,900,900,920,920,0
2022-11-25 09:57:00,900,900,920,920,0
2022-11-25 09:58:00,900,900,920,920,0
2022-11-25 09:59:00,900,900,920,920,0
2022-11-25 10:00:00,900,900,920,920,0
2022-11-25 10:01:00,900,900,920,920,0
2022-11-25 10:02:00,900,900,920,920,0
2022-11-25 10:03:00,900,900,920,920,0
2022-11-25 10:04:00,910,910,910,910,800
2022-11-25 10:05:00,910,910,910,910,0
2022-11-25 10:06:00,910,910,910,910,0
2022-11-25 10:07:00,910,910,910,910,0
2022-11-25 10:08:00,900,890,900,890,28700
2022-11-25 10:09:00,900,890,900,890,0
2022-11-25 10:10:00,890,890,890,890,20900
2022-11-25 10:11:00,890,890,890,890,0
2022-11-25 10:12:00,890,890,890,890,0
2022-11-25 10:13:00,890,890,890,890,0
2022-11-25 10:14:00,890,890,890,890,0
2022-11-25 10:15:00,890,890,890,890,0
2022-11-25 10:16:00,890,890,890,890,0
2022-11-25 10:17:00,905,905,905,905,200
2022-11-25 10:18:00,905,905,905,905,0
2022-11-25 10:19:00,900,900,900,900,0
2022-11-25 10:20:00,900,900,900,900,0
2022-11-25 10:21:00,900,900,900,900,0
2022-11-25 10:22:00,900,900,900,900,0
2022-11-25 10:23:00,900,900,900,900,0
2022-11-25 10:24:00,900,900,900,900,0
2022-11-25 10:25:00,900,900,900,900,0
2022-11-25 10:26:00,895,895,895,895,200
2022-11-25 10:27:00,895,895,895,895,0
2022-11-25 10:28:00,895,895,895,895,0
2022-11-25 10:29:00,895,895,895,895,0
2022-11-25 10:30:00,895,895,895,895,0
2022-11-25 10:31:00,900,900,900,900,700
2022-11-25 10:32:00,900,900,920,920,30100
2022-11-25 10:33:00,915,915,915,915,0
2022-11-25 10:34:00,915,915,915,915,500
2022-11-25 10:35:00,915,915,915,915,0
2022-11-25 10:36:00,915,915,915,915,0
2022-11-25 10:37:00,915,915,915,915,0
2022-11-25 10:38:00,915,915,915,915,0
2022-11-25 10:39:00,915,915,915,915,0
2022-11-25 10:40:00,915,915,915,915,0
2022-11-25 10:41:00,915,915,915,915,0
2022-11-25 10:42:00,915,915,915,915,0
2022-11-25 10:43:00,915,915,915,915,0
2022-11-25 10:44:00,915,915,915,915,0
2022-11-25 10:45:00,915,915,915,915,0
2022-11-25 10:46:00,915,915,915,915,0
2022-11-25 10:47:00,915,915,915,915,0
2022-11-25 10:48:00,915,915,915,915,1500
2022-11-25 10:49:00,915,915,915,915,1200
2022-11-25 10:50:00,915,915,915,915,0
2022-11-25 10:51:00,915,915,915,915,0
2022-11-25 10:52:00,915,915,915,915,0
2022-11-25 10:53:00,915,915,915,915,0
2022-11-25 10:54:00,910,910,910,910,6400
2022-11-25 10:55:00,910,910,910,910,0
2022-11-25 10:56:00,910,910,910,910,0
2022-11-25 10:57:00,910,910,910,910,0
2022-11-25 10:58:00,910,910,910,910,0
2022-11-25 10:59:00,910,910,910,910,0
2022-11-25 11:00:00,910,910,910,910,0
2022-11-25 11:01:00,910,910,910,910,0
2022-11-25 11:02:00,910,910,910,910,0
2022-11-25 11:03:00,910,910,910,910,0
2022-11-25 11:04:00,910,910,910,910,1000
2022-11-25 11:05:00,910,910,910,910,0
2022-11-25 11:06:00,910,910,910,910,0
2022-11-25 11:07:00,910,910,910,910,0
2022-11-25 11:08:00,910,910,910,910,0
2022-11-25 11:09:00,910,910,910,910,0
2022-11-25 11:10:00,910,910,910,910,0
2022-11-25 11:11:00,910,910,910,910,0
2022-11-25 11:12:00,910,910,910,910,0
2022-11-25 11:13:00,910,910,910,910,0
2022-11-25 11:14:00,910,910,910,910,0
2022-11-25 11:15:00,910,910,910,910,0
2022-11-25 11:16:00,910,910,910,910,0
2022-11-25 11:17:00,910,910,910,910,0
2022-11-25 11:18:00,910,910,910,910,0
2022-11-25 11:19:00,910,910,910,910,0
2022-11-25 11:20:00,910,910,910,910,0
2022-11-25 11:21:00,910,910,910,910,0
2022-11-25 11:22:00,910,910,910,910,0
2022-11-25 11:23:00,905,905,905,905,500
2022-11-25 11:24:00,905,905,905,905,0
2022-11-25 11:25:00,905,905,905,905,0
2022-11-25 11:26:00,905,905,905,905,0
2022-11-25 11:27:00,905,905,905,905,0
2022-11-25 11:28:00,905,905,905,905,0
2022-11-25 11:29:00,905,905,905,905,0
2022-11-25 11:30:00,905,905,905,905,0
2022-11-25 11:31:00,905,905,905,905,0
2022-11-25 11:32:00,905,905,905,905,0
2022-11-25 11:33:00,905,905,905,905,0
2022-11-25 11:34:00,905,905,905,905,0
2022-11-25 11:35:00,905,905,905,905,0
2022-11-25 11:36:00,905,905,905,905,0
2022-11-25 11:37:00,905,905,905,905,0
2022-11-25 11:38:00,905,905,905,905,0
2022-11-25 11:39:00,905,905,905,905,0
2022-11-25 11:40:00,905,905,905,905,0
2022-11-25 11:41:00,905,905,905,905,0
2022-11-25 11:42:00,905,905,905,905,0
2022-11-25 11:43:00,905,905,905,905,0
2022-11-25 11:44:00,905,905,905,905,0
2022-11-25 11:45:00,905,905,905,905,0
2022-11-25 11:46:00,905,905,905,905,0
2022-11-25 11:47:00,905,905,905,905,0
2022-11-25 11:48:00,905,905,905,905,0
2022-11-25 11:49:00,905,905,905,905,0
2022-11-25 11:50:00,905,905,905,905,0
2022-11-25 11:51:00,905,905,905,905,0
2022-11-25 11:52:00,905,905,905,905,0
2022-11-25 11:53:00,905,905,905,905,0
2022-11-25 11:54:00,905,905,905,905,0
2022-11-25 11:55:00,905,905,905,905,0
2022-11-25 11:56:00,905,905,905,905,0
2022-11-25 11:57:00,905,905,905,905,0
2022-11-25 11:58:00,905,905,905,905,0
2022-11-25 11:59:00,905,905,905,905,0
2022-11-25 12:00:00,905,905,905,905,0
2022-11-25 12:01:00,905,905,905,905,0
2022-11-25 12:02:00,905,905,905,905,0
2022-11-25 12:03:00,905,905,905,905,0
2022-11-25 12:04:00,905,905,905,905,0
2022-11-25 12:05:00,905,905,905,905,0
2022-11-25 12:06:00,905,905,905,905,0
2022-11-25 12:07:00,905,905,905,905,0
2022-11-25 12:08:00,905,905,905,905,0
2022-11-25 12:09:00,905,905,905,905,0
2022-11-25 12:10:00,905,905,905,905,0
2022-11-25 12:11:00,905,905,905,905,0
2022-11-25 12:12:00,905,905,905,905,0
2022-11-25 12:13:00,905,905,905,905,0
2022-11-25 12:14:00,905,905,905,905,0
2022-11-25 12:15:00,905,905,905,905,0
2022-11-25 12:16:00,905,905,905,905,0
2022-11-25 12:17:00,905,905,905,905,0
2022-11-25 12:18:00,905,905,905,905,0
2022-11-25 12:19:00,905,905,905,905,0
2022-11-25 12:20:00,905,905,905,905,0
2022-11-25 12:21:00,905,905,905,905,0
2022-11-25 12:22:00,905,905,905,905,0
2022-11-25 12:23:00,905,905,905,905,0
2022-11-25 12:24:00,905,905,905,905,0
2022-11-25 12:25:00,905,905,905,905,0
2022-11-25 12:26:00,905,905,905,905,0
2022-11-25 12:27:00,905,905,905,905,0
2022-11-25 12:28:00,905,905,905,905,0
2022-11-25 12:29:00,905,905,905,905,0
2022-11-25 12:30:00,905,905,905,905,0
2022-11-25 12:31:00,905,905,905,905,0
2022-11-25 12:32:00,905,905,905,905,0
2022-11-25 12:33:00,905,905,905,905,0
2022-11-25 12:34:00,905,905,905,905,0
2022-11-25 12:35:00,905,905,905,905,0
2022-11-25 12:36:00,905,905,905,905,0
2022-11-25 12:37:00,905,905,905,905,0
2022-11-25 12:38:00,905,905,905,905,0
2022-11-25 12:39:00,905,905,905,905,0
2022-11-25 12:40:00,905,905,905,905,0
2022-11-25 12:41:00,905,905,905,905,0
2022-11-25 12:42:00,905,905,905,905,0
2022-11-25 12:43:00,905,905,905,905,0
2022-11-25 12:44:00,905,905,905,905,0
2022-11-25 12:45:00,905,905,905,905,0
2022-11-25 12:46:00,905,905,905,905,0
2022-11-25 12:47:00,905,905,905,905,0
2022-11-25 12:48:00,905,905,905,905,0
2022-11-25 12:49:00,905,905,905,905,0
2022-11-25 12:50:00,905,905,905,905,0
2022-11-25 12:51:00,905,905,905,905,0
2022-11-25 12:52:00,905,905,905,905,0
2022-11-25 12:53:00,905,905,905,905,0
2022-11-25 12:54:00,905,905,905,905,0
2022-11-25 12:55:00,905,905,905,905,0
2022-11-25 12:56:00,905,905,905,905,0
2022-11-25 12:57:00,905,905,905,905,0
2022-11-25 12:58:00,905,905,905,905,0
2022-11-25 12:59:00,905,905,905,905,0
2022-11-25 13:00:00,905,905,905,905,0
2022-11-25 13:01:00,905,905,905,905,0
2022-11-25 13:02:00,905,905,905,905,0
2022-11-25 13:03:00,905,905,905,905,0
2022-11-25 13:04:00,905,905,905,905,0
2022-11-25 13:05:00,905,905,905,905,0
2022-11-25 13:06:00,905,905,905,905,0
2022-11-25 13:07:00,905,905,905,905,0
2022-11-25 13:08:00,905,905,905,905,0
2022-11-25 13:09:00,905,905,905,905,0
2022-11-25 13:10:00,905,905,905,905,0
2022-11-25 13:11:00,905,905,905,905,0
2022-11-25 13:12:00,905,905,905,905,0
2022-11-25 13:13:00,905,905,905,905,0
2022-11-25 13:14:00,905,905,905,905,0
2022-11-25 13:15:00,905,905,905,905,0
2022-11-25 13:16:00,905,905,905,905,0
2022-11-25 13:17:00,905,905,905,905,0
2022-11-25 13:18:00,905,905,905,905,0
2022-11-25 13:19:00,905,905,905,905,0
2022-11-25 13:20:00,905,905,905,905,0
2022-11-25 13:21:00,905,905,905,905,0
2022-11-25 13:22:00,905,905,905,905,0
2022-11-25 13:23:00,905,905,905,905,0
2022-11-25 13:24:00,905,905,905,905,0
2022-11-25 13:25:00,905,905,905,905,0
2022-11-25 13:26:00,905,905,905,905,0
2022-11-25 13:27:00,905,905,905,905,0
2022-11-25 13:28:00,905,905,905,905,0
2022-11-25 13:29:00,905,905,905,905,0
2022-11-25 13:30:00,905,905,905,905,1600
2022-11-25 13:31:00,905,905,905,905,0
2022-11-25 13:32:00,905,905,905,905,0
2022-11-25 13:33:00,905,905,905,905,0
2022-11-25 13:34:00,905,905,905,905,0
2022-11-25 13:35:00,905,905,905,905,0
2022-11-25 13:36:00,905,905,905,905,0
2022-11-25 13:37:00,905,905,905,905,0
2022-11-25 13:38:00,905,905,905,905,0
2022-11-25 13:39:00,905,905,905,905,0
2022-11-25 13:40:00,905,905,905,905,1700
2022-11-25 13:41:00,900,900,900,900,5200
2022-11-25 13:42:00,900,900,900,900,0
2022-11-25 13:43:00,900,900,900,900,0
2022-11-25 13:44:00,900,900,920,920,9900
2022-11-25 13:45:00,900,900,920,920,0
2022-11-25 13:46:00,900,900,920,920,0
2022-11-25 13:47:00,900,900,920,920,0
2022-11-25 13:48:00,900,900,920,920,0
2022-11-25 13:49:00,900,900,920,920,0
2022-11-25 13:50:00,900,900,920,920,0
2022-11-25 13:51:00,915,915,915,915,54500
2022-11-25 13:52:00,915,915,915,915,0
2022-11-25 13:53:00,915,915,915,915,0
2022-11-25 13:54:00,915,915,915,915,0
2022-11-25 13:55:00,915,915,915,915,0
2022-11-25 13:56:00,915,915,915,915,0
2022-11-25 13:57:00,915,915,915,915,0
2022-11-25 13:58:00,915,915,915,915,0
2022-11-25 13:59:00,915,915,915,915,0
2022-11-25 14:00:00,915,915,915,915,0
2022-11-25 14:01:00,915,915,915,915,0
2022-11-25 14:02:00,915,915,915,915,0
2022-11-25 14:03:00,915,915,915,915,3400
2022-11-25 14:04:00,915,915,915,915,0
2022-11-25 14:05:00,915,915,915,915,0
2022-11-25 14:06:00,915,915,915,915,0
2022-11-25 14:07:00,915,915,915,915,1300
2022-11-25 14:08:00,915,915,915,915,0
2022-11-25 14:09:00,915,915,920,915,4600
2022-11-25 14:10:00,915,915,915,915,1000
2022-11-25 14:11:00,915,915,915,915,0
2022-11-25 14:12:00,915,915,915,915,3500
2022-11-25 14:13:00,915,915,915,915,5500
2022-11-25 14:14:00,915,915,915,915,0
2022-11-25 14:15:00,910,910,910,910,6700
2022-11-25 14:16:00,910,910,910,910,0
2022-11-25 14:17:00,910,910,910,910,0
2022-11-25 14:18:00,910,910,910,910,0
2022-11-25 14:19:00,910,910,910,910,0
2022-11-25 14:20:00,910,910,910,910,0
2022-11-25 14:21:00,910,910,910,910,0
2022-11-25 14:22:00,910,910,910,910,0
2022-11-25 14:23:00,910,910,910,910,0
2022-11-25 14:24:00,910,910,910,910,0
2022-11-25 14:25:00,910,910,910,910,0
2022-11-25 14:26:00,910,910,910,910,0
2022-11-25 14:27:00,910,910,910,910,0
2022-11-25 14:28:00,910,910,910,910,0
2022-11-25 14:29:00,910,910,910,910,0
2022-11-25 14:30:00,910,910,910,910,3000
2022-11-25 14:31:00,910,910,910,910,0
2022-11-25 14:32:00,910,910,910,910,0
2022-11-25 14:33:00,910,910,910,910,0
2022-11-25 14:34:00,910,910,910,910,0
2022-11-25 14:35:00,910,910,910,910,0
2022-11-25 14:36:00,910,910,910,910,0
2022-11-25 14:37:00,910,910,910,910,0
2022-11-25 14:38:00,910,910,910,910,0
2022-11-25 14:39:00,910,910,910,910,0
2022-11-25 14:40:00,910,910,910,910,0
2022-11-25 14:41:00,910,910,910,910,69200
2022-11-25 14:42:00,910,910,910,910,0
2022-11-25 14:43:00,910,910,910,910,0
2022-11-25 14:44:00,910,910,910,910,0
2022-11-25 14:45:00,910,910,910,910,0
2022-11-25 14:46:00,910,910,910,910,0
2022-11-25 14:47:00,910,910,910,910,0
2022-11-25 14:48:00,910,910,910,910,0
2022-11-25 14:49:00,910,910,910,910,0
2022-11-25 14:50:00,910,910,910,910,0
2022-11-25 14:51:00,910,910,910,910,0
2022-11-25 14:52:00,910,910,910,910,0
2022-11-25 14:53:00,910,910,910,910,0
2022-11-25 14:54:00,910,910,910,910,0
2022-11-25 14:55:00,910,910,910,910,0
2022-11-25 14:56:00,910,910,910,910,0
2022-11-25 14:57:00,910,910,910,910,0
2022-11-25 14:58:00,910,910,910,910,0
2022-11-25 14:59:00,910,910,910,910,0
2022-11-25 15:00:00,910,910,910,910,13800
2022-11-25 15:01:00,910,910,910,910,0
2022-11-25 15:02:00,910,910,910,910,0
2022-11-25 15:03:00,910,910,910,910,0
2022-11-25 15:04:00,910,910,910,910,0
2022-11-25 15:05:00,910,910,910,910,0
2022-11-25 15:06:00,910,910,910,910,0
2022-11-25 15:07:00,910,910,910,910,12000
2022-11-25 15:08:00,910,910,910,910,0
2022-11-25 15:09:00,910,910,910,910,0
2022-11-25 15:10:00,910,910,910,910,0
2022-11-25 15:11:00,910,910,910,910,0
2022-11-25 15:12:00,910,910,910,910,0
2022-11-25 15:13:00,910,910,910,910,0
2022-11-25 15:14:00,910,910,910,910,0
2022-11-25 15:15:00,910,910,910,910,0
2022-11-25 15:16:00,910,910,910,910,0
2022-11-25 15:17:00,910,910,910,910,0
2022-11-25 15:18:00,910,910,910,910,0
2022-11-25 15:19:00,910,910,910,910,0
2022-11-25 15:20:00,910,910,910,910,0
2022-11-25 15:21:00,910,910,910,910,0
2022-11-25 15:22:00,910,910,910,910,0
2022-11-25 15:23:00,910,910,910,910,0
2022-11-25 15:24:00,910,910,910,910,0
2022-11-25 15:25:00,910,910,910,910,0
2022-11-25 15:26:00,910,910,910,910,0
2022-11-25 15:27:00,910,910,910,910,0
2022-11-25 15:28:00,910,910,910,910,0
2022-11-25 15:29:00,910,910,910,910,0
2022-11-25 15:30:00,910,910,910,910,0
2022-11-25 15:31:00,910,910,910,910,0
2022-11-25 15:32:00,910,910,910,910,0
2022-11-25 15:33:00,910,910,910,910,0
2022-11-25 15:34:00,910,910,910,910,0
2022-11-25 15:35:00,910,910,910,910,0
2022-11-25 15:36:00,910,910,910,910,0
2022-11-25 15:37:00,910,910,910,910,0
2022-11-25 15:38:00,910,910,910,910,0
2022-11-25 15:39:00,910,910,910,910,0
2022-11-25 15:40:00,910,910,910,910,0
2022-11-25 15:41:00,910,910,910,910,0
2022-11-25 15:42:00,910,910,910,910,0
2022-11-25 15:43:00,910,910,910,910,0
2022-11-25 15:44:00,910,910,910,910,0
2022-11-25 15:45:00,910,910,910,910,0
2022-11-25 15:46:00,910,910,910,910,0
2022-11-25 15:47:00,910,910,910,910,0
2022-11-25 15:48:00,910,910,910,910,0
2022-11-25 15:49:00,910,910,910,910,0
2022-11-25 15:50:00,910,910,910,910,0
2022-11-25 15:51:00,910,910,910,910,0
2022-11-25 15:52:00,910,910,910,910,0
2022-11-25 15:53:00,910,910,910,910,0
2022-11-25 15:54:00,910,910,910,910,0
2022-11-25 15:55:00,910,910,910,910,0
2022-11-25 15:56:00,910,910,910,910,0
2022-11-25 15:57:00,910,910,910,910,0
2022-11-25 15:58:00,910,910,910,910,0
2022-11-25 15:59:00,910,910,910,910,0
2022-11-28 09:00:00,920,910,920,910,0
2022-11-28 09:01:00,920,910,920,910,0
2022-11-28 09:02:00,920,910,920,910,0
2022-11-28 09:03:00,920,910,920,910,0
2022-11-28 09:04:00,920,910,920,910,0
2022-11-28 09:05:00,920,910,920,910,0
2022-11-28 09:06:00,920,900,920,900,53000
2022-11-28 09:07:00,920,900,920,900,0
2022-11-28 09:08:00,920,900,920,900,0
2022-11-28 09:09:00,900,900,900,900,0
2022-11-28 09:10:00,900,900,900,900,3000
2022-11-28 09:11:00,900,900,900,900,0
2022-11-28 09:12:00,910,910,910,910,2000
2022-11-28 09:13:00,910,910,910,910,0
2022-11-28 09:14:00,910,910,910,910,0
2022-11-28 09:15:00,910,910,910,910,0
2022-11-28 09:16:00,910,910,910,910,0
2022-11-28 09:17:00,910,910,910,910,0
2022-11-28 09:18:00,910,910,910,910,0
2022-11-28 09:19:00,920,920,925,925,1100
2022-11-28 09:20:00,920,920,925,925,0
2022-11-28 09:21:00,920,920,925,925,0
2022-11-28 09:22:00,920,920,925,925,0
2022-11-28 09:23:00,920,920,925,925,0
2022-11-28 09:24:00,920,920,925,925,0
2022-11-28 09:25:00,920,920,925,925,0
2022-11-28 09:26:00,920,920,925,925,0
2022-11-28 09:27:00,920,920,925,925,0
2022-11-28 09:28:00,920,920,925,925,0
2022-11-28 09:29:00,920,920,925,925,0
2022-11-28 09:30:00,920,920,925,925,0
2022-11-28 09:31:00,920,920,925,925,0
2022-11-28 09:32:00,915,915,915,915,2000
2022-11-28 09:33:00,915,915,915,915,0
2022-11-28 09:34:00,915,915,915,915,0
2022-11-28 09:35:00,915,915,915,915,0
2022-11-28 09:36:00,915,915,915,915,0
2022-11-28 09:37:00,915,915,915,915,0
2022-11-28 09:38:00,915,915,915,915,0
2022-11-28 09:39:00,915,915,915,915,0
2022-11-28 09:40:00,915,915,915,915,0
2022-11-28 09:41:00,915,915,915,915,0
2022-11-28 09:42:00,915,915,915,915,0
2022-11-28 09:43:00,915,915,915,915,4400
2022-11-28 09:44:00,915,915,915,915,0
2022-11-28 09:45:00,915,915,915,915,0
2022-11-28 09:46:00,915,915,915,915,0
2022-11-28 09:47:00,915,915,915,915,0
2022-11-28 09:48:00,915,915,915,915,0
2022-11-28 09:49:00,915,915,915,915,4100
2022-11-28 09:50:00,915,915,915,915,35300
2022-11-28 09:51:00,915,915,915,915,0
2022-11-28 09:52:00,915,915,915,915,0
2022-11-28 09:53:00,915,915,915,915,0
2022-11-28 09:54:00,915,915,915,915,0
2022-11-28 09:55:00,915,915,915,915,0
2022-11-28 09:56:00,915,915,915,915,0
2022-11-28 09:57:00,915,915,915,915,0
2022-11-28 09:58:00,915,915,915,915,0
2022-11-28 09:59:00,915,915,915,915,0
2022-11-28 10:00:00,915,915,915,915,0
2022-11-28 10:01:00,915,915,915,915,0
2022-11-28 10:02:00,915,915,915,915,0
2022-11-28 10:03:00,915,915,915,915,2700
2022-11-28 10:04:00,915,915,915,915,0
2022-11-28 10:05:00,915,915,915,915,0
2022-11-28 10:06:00,915,915,915,915,0
2022-11-28 10:07:00,915,915,915,915,0
2022-11-28 10:08:00,915,915,915,915,0
2022-11-28 10:09:00,915,915,915,915,0
2022-11-28 10:10:00,910,910,910,910,0
2022-11-28 10:11:00,910,910,910,910,1000
2022-11-28 10:12:00,910,910,910,910,0
2022-11-28 10:13:00,910,910,915,915,1100
2022-11-28 10:14:00,910,910,915,915,0
2022-11-28 10:15:00,920,920,920,920,100
2022-11-28 10:16:00,915,915,915,915,100
2022-11-28 10:17:00,915,915,915,915,0
2022-11-28 10:18:00,915,915,915,915,300
2022-11-28 10:19:00,915,915,915,915,400
2022-11-28 10:20:00,915,915,915,915,0
2022-11-28 10:21:00,915,915,915,915,0
2022-11-28 10:22:00,915,915,915,915,0
2022-11-28 10:23:00,915,915,915,915,0
2022-11-28 10:24:00,915,915,915,915,0
2022-11-28 10:25:00,915,915,915,915,0
2022-11-28 10:26:00,915,915,915,915,0
2022-11-28 10:27:00,915,915,915,915,0
2022-11-28 10:28:00,915,915,915,915,0
2022-11-28 10:29:00,915,915,915,915,0
2022-11-28 10:30:00,915,915,915,915,0
2022-11-28 10:31:00,915,915,915,915,0
2022-11-28 10:32:00,915,915,915,915,6400
2022-11-28 10:33:00,915,915,915,915,0
2022-11-28 10:34:00,915,915,915,915,0
2022-11-28 10:35:00,915,915,915,915,0
2022-11-28 10:36:00,915,915,915,915,0
2022-11-28 10:37:00,915,915,915,915,0
2022-11-28 10:38:00,915,915,915,915,0
2022-11-28 10:39:00,915,915,915,915,0
2022-11-28 10:40:00,915,915,915,915,0
2022-11-28 10:41:00,915,915,915,915,0
2022-11-28 10:42:00,915,915,915,915,14800
2022-11-28 10:43:00,905,905,905,905,200
2022-11-28 10:44:00,905,905,905,905,0
2022-11-28 10:45:00,915,915,915,915,0
2022-11-28 10:46:00,915,915,915,915,0
2022-11-28 10:47:00,915,915,915,915,0
2022-11-28 10:48:00,915,915,915,915,0
2022-11-28 10:49:00,915,915,915,915,0
2022-11-28 10:50:00,915,915,915,915,0
2022-11-28 10:51:00,915,915,915,915,0
2022-11-28 10:52:00,915,915,915,915,0
2022-11-28 10:53:00,915,915,915,915,0
2022-11-28 10:54:00,915,915,915,915,0
2022-11-28 10:55:00,915,915,915,915,0
2022-11-28 10:56:00,915,915,915,915,0
2022-11-28 10:57:00,915,915,915,915,0
2022-11-28 10:58:00,915,915,915,915,0
2022-11-28 10:59:00,905,900,905,900,5900
2022-11-28 11:00:00,905,900,905,900,0
2022-11-28 11:01:00,905,900,905,900,0
2022-11-28 11:02:00,905,900,905,900,0
2022-11-28 11:03:00,905,900,905,900,0
2022-11-28 11:04:00,905,900,905,900,0
2022-11-28 11:05:00,905,900,905,900,0
2022-11-28 11:06:00,905,900,905,900,0
2022-11-28 11:07:00,900,900,900,900,0
2022-11-28 11:08:00,900,900,900,900,0
2022-11-28 11:09:00,900,900,900,900,0
2022-11-28 11:10:00,905,905,905,905,1100
2022-11-28 11:11:00,905,905,905,905,0
2022-11-28 11:12:00,905,905,905,905,0
2022-11-28 11:13:00,905,905,905,905,0
2022-11-28 11:14:00,905,905,905,905,0
2022-11-28 11:15:00,905,905,905,905,0
2022-11-28 11:16:00,905,905,905,905,0
2022-11-28 11:17:00,905,905,905,905,0
2022-11-28 11:18:00,905,905,905,905,0
2022-11-28 11:19:00,905,905,905,905,0
2022-11-28 11:20:00,905,905,905,905,0
2022-11-28 11:21:00,905,905,905,905,0
2022-11-28 11:22:00,905,905,905,905,0
2022-11-28 11:23:00,905,905,905,905,0
2022-11-28 11:24:00,905,905,905,905,0
2022-11-28 11:25:00,905,905,905,905,0
2022-11-28 11:26:00,905,905,905,905,0
2022-11-28 11:27:00,905,905,905,905,0
2022-11-28 11:28:00,905,905,905,905,0
2022-11-28 11:29:00,905,905,905,905,0
2022-11-28 11:30:00,905,905,905,905,0
2022-11-28 11:31:00,905,905,905,905,0
2022-11-28 11:32:00,905,905,905,905,0
2022-11-28 11:33:00,905,905,905,905,0
2022-11-28 11:34:00,905,905,905,905,0
2022-11-28 11:35:00,905,905,905,905,0
2022-11-28 11:36:00,905,905,905,905,0
2022-11-28 11:37:00,905,905,905,905,0
2022-11-28 11:38:00,905,905,905,905,0
2022-11-28 11:39:00,905,905,905,905,0
2022-11-28 11:40:00,905,905,905,905,0
2022-11-28 11:41:00,905,905,905,905,0
2022-11-28 11:42:00,905,905,905,905,0
2022-11-28 11:43:00,905,905,905,905,0
2022-11-28 11:44:00,905,905,905,905,0
2022-11-28 11:45:00,905,905,905,905,0
2022-11-28 11:46:00,905,905,905,905,0
2022-11-28 11:47:00,905,905,905,905,0
2022-11-28 11:48:00,905,905,905,905,0
2022-11-28 11:49:00,905,905,905,905,0
2022-11-28 11:50:00,905,905,905,905,0
2022-11-28 11:51:00,905,905,905,905,0
2022-11-28 11:52:00,905,905,905,905,0
2022-11-28 11:53:00,905,905,905,905,0
2022-11-28 11:54:00,905,905,905,905,0
2022-11-28 11:55:00,905,905,905,905,0
2022-11-28 11:56:00,905,905,905,905,0
2022-11-28 11:57:00,905,905,905,905,0
2022-11-28 11:58:00,905,905,905,905,0
2022-11-28 11:59:00,905,905,905,905,0
2022-11-28 12:00:00,905,905,905,905,0
2022-11-28 12:01:00,905,905,905,905,0
2022-11-28 12:02:00,905,905,905,905,0
2022-11-28 12:03:00,905,905,905,905,0
2022-11-28 12:04:00,905,905,905,905,0
2022-11-28 12:05:00,905,905,905,905,0
2022-11-28 12:06:00,905,905,905,905,0
2022-11-28 12:07:00,905,905,905,905,0
2022-11-28 12:08:00,905,905,905,905,0
2022-11-28 12:09:00,905,905,905,905,0
2022-11-28 12:10:00,905,905,905,905,0
2022-11-28 12:11:00,905,905,905,905,0
2022-11-28 12:12:00,905,905,905,905,0
2022-11-28 12:13:00,905,905,905,905,0
2022-11-28 12:14:00,905,905,905,905,0
2022-11-28 12:15:00,905,905,905,905,0
2022-11-28 12:16:00,905,905,905,905,0
2022-11-28 12:17:00,905,905,905,905,0
2022-11-28 12:18:00,905,905,905,905,0
2022-11-28 12:19:00,905,905,905,905,0
2022-11-28 12:20:00,905,905,905,905,0
2022-11-28 12:21:00,905,905,905,905,0
2022-11-28 12:22:00,905,905,905,905,0
2022-11-28 12:23:00,905,905,905,905,0
2022-11-28 12:24:00,905,905,905,905,0
2022-11-28 12:25:00,905,905,905,905,0
2022-11-28 12:26:00,905,905,905,905,0
2022-11-28 12:27:00,905,905,905,905,0
2022-11-28 12:28:00,905,905,905,905,0
2022-11-28 12:29:00,905,905,905,905,0
2022-11-28 12:30:00,905,905,905,905,0
2022-11-28 12:31:00,905,905,905,905,0
2022-11-28 12:32:00,905,905,905,905,0
2022-11-28 12:33:00,905,905,905,905,0
2022-11-28 12:34:00,905,905,905,905,0
2022-11-28 12:35:00,905,905,905,905,0
2022-11-28 12:36:00,905,905,905,905,0
2022-11-28 12:37:00,905,905,905,905,0
2022-11-28 12:38:00,905,905,905,905,0
2022-11-28 12:39:00,905,905,905,905,0
2022-11-28 12:40:00,905,905,905,905,0
2022-11-28 12:41:00,905,905,905,905,0
2022-11-28 12:42:00,905,905,905,905,0
2022-11-28 12:43:00,905,905,905,905,0
2022-11-28 12:44:00,905,905,905,905,0
2022-11-28 12:45:00,905,905,905,905,0
2022-11-28 12:46:00,905,905,905,905,0
2022-11-28 12:47:00,905,905,905,905,0
2022-11-28 12:48:00,905,905,905,905,0
2022-11-28 12:49:00,905,905,905,905,0
2022-11-28 12:50:00,905,905,905,905,0
2022-11-28 12:51:00,905,905,905,905,0
2022-11-28 12:52:00,905,905,905,905,0
2022-11-28 12:53:00,905,905,905,905,0
2022-11-28 12:54:00,905,905,905,905,0
2022-11-28 12:55:00,905,905,905,905,0
2022-11-28 12:56:00,905,905,905,905,0
2022-11-28 12:57:00,905,905,905,905,0
2022-11-28 12:58:00,905,905,905,905,0
2022-11-28 12:59:00,905,905,905,905,0
2022-11-28 13:00:00,905,905,905,905,0
2022-11-28 13:01:00,905,905,905,905,0
2022-11-28 13:02:00,905,905,905,905,0
2022-11-28 13:03:00,905,905,905,905,0
2022-11-28 13:04:00,905,905,905,905,0
2022-11-28 13:05:00,905,905,905,905,0
2022-11-28 13:06:00,905,905,905,905,0
2022-11-28 13:07:00,905,905,905,905,0
2022-11-28 13:08:00,905,905,905,905,0
2022-11-28 13:09:00,905,905,905,905,0
2022-11-28 13:10:00,905,905,905,905,0
2022-11-28 13:11:00,905,905,905,905,0
2022-11-28 13:12:00,905,905,905,905,0
2022-11-28 13:13:00,905,905,905,905,0
2022-11-28 13:14:00,905,905,905,905,0
2022-11-28 13:15:00,905,905,905,905,0
2022-11-28 13:16:00,905,905,905,905,0
2022-11-28 13:17:00,905,905,905,905,0
2022-11-28 13:18:00,905,905,905,905,0
2022-11-28 13:19:00,905,905,905,905,0
2022-11-28 13:20:00,905,905,905,905,0
2022-11-28 13:21:00,905,905,905,905,0
2022-11-28 13:22:00,905,905,905,905,0
2022-11-28 13:23:00,905,905,905,905,0
2022-11-28 13:24:00,905,905,905,905,0
2022-11-28 13:25:00,905,905,905,905,0
2022-11-28 13:26:00,905,905,905,905,0
2022-11-28 13:27:00,905,905,905,905,0
2022-11-28 13:28:00,905,905,905,905,0
2022-11-28 13:29:00,905,905,905,905,0
2022-11-28 13:30:00,905,905,905,905,14700
2022-11-28 13:31:00,905,905,905,905,100
2022-11-28 13:32:00,905,905,905,905,0
2022-11-28 13:33:00,905,905,905,905,0
2022-11-28 13:34:00,905,905,905,905,0
2022-11-28 13:35:00,900,900,905,905,12400
2022-11-28 13:36:00,900,900,905,905,0
2022-11-28 13:37:00,900,900,905,905,0
2022-11-28 13:38:00,900,900,905,905,0
2022-11-28 13:39:00,900,900,900,900,4900
2022-11-28 13:40:00,900,895,900,895,38900
2022-11-28 13:41:00,895,895,895,895,5000
2022-11-28 13:42:00,895,895,895,895,0
2022-11-28 13:43:00,895,895,895,895,0
2022-11-28 13:44:00,895,895,895,895,0
2022-11-28 13:45:00,895,895,895,895,0
2022-11-28 13:46:00,895,895,895,895,0
2022-11-28 13:47:00,895,895,895,895,5800
2022-11-28 13:48:00,895,895,895,895,600
2022-11-28 13:49:00,895,895,895,895,700
2022-11-28 13:50:00,895,895,895,895,0
2022-11-28 13:51:00,895,895,895,895,0
2022-11-28 13:52:00,895,895,895,895,0
2022-11-28 13:53:00,895,895,895,895,0
2022-11-28 13:54:00,895,895,895,895,0
2022-11-28 13:55:00,895,895,895,895,0
2022-11-28 13:56:00,895,895,895,895,0
2022-11-28 13:57:00,895,895,895,895,0
2022-11-28 13:58:00,895,895,895,895,0
2022-11-28 13:59:00,895,895,895,895,0
2022-11-28 14:00:00,895,895,895,895,0
2022-11-28 14:01:00,895,895,895,895,1900
2022-11-28 14:02:00,895,895,895,895,0
2022-11-28 14:03:00,895,895,895,895,0
2022-11-28 14:04:00,895,895,895,895,0
2022-11-28 14:05:00,900,900,900,900,0
2022-11-28 14:06:00,905,905,905,905,0
2022-11-28 14:07:00,905,905,905,905,0
2022-11-28 14:08:00,905,905,905,905,0
2022-11-28 14:09:00,905,905,905,905,0
2022-11-28 14:10:00,905,905,905,905,0
2022-11-28 14:11:00,905,905,905,905,0
2022-11-28 14:12:00,905,905,905,905,0
2022-11-28 14:13:00,905,905,905,905,0
2022-11-28 14:14:00,905,905,905,905,0
2022-11-28 14:15:00,905,905,905,905,0
2022-11-28 14:16:00,905,905,905,905,0
2022-11-28 14:17:00,905,905,905,905,0
2022-11-28 14:18:00,905,905,905,905,0
2022-11-28 14:19:00,905,905,905,905,0
2022-11-28 14:20:00,905,905,905,905,0
2022-11-28 14:21:00,905,905,905,905,5000
2022-11-28 14:22:00,905,905,905,905,0
2022-11-28 14:23:00,900,895,900,895,48500
2022-11-28 14:24:00,895,890,895,890,0
2022-11-28 14:25:00,895,895,895,895,200
2022-11-28 14:26:00,895,895,895,895,0
2022-11-28 14:27:00,895,895,895,895,0
2022-11-28 14:28:00,895,895,895,895,0
2022-11-28 14:29:00,895,895,895,895,0
2022-11-28 14:30:00,895,895,895,895,0
2022-11-28 14:31:00,895,895,895,895,0
2022-11-28 14:32:00,895,895,895,895,0
2022-11-28 14:33:00,895,895,895,895,0
2022-11-28 14:34:00,895,895,895,895,0
2022-11-28 14:35:00,895,895,895,895,0
2022-11-28 14:36:00,895,895,895,895,0
2022-11-28 14:37:00,895,895,895,895,0
2022-11-28 14:38:00,895,895,895,895,0
2022-11-28 14:39:00,895,885,895,885,36300
2022-11-28 14:40:00,885,880,890,880,71900
2022-11-28 14:41:00,880,880,890,890,9100
2022-11-28 14:42:00,880,880,890,890,0
2022-11-28 14:43:00,890,890,890,890,2100
2022-11-28 14:44:00,890,890,890,890,1200
2022-11-28 14:45:00,890,890,890,890,0
2022-11-28 14:46:00,880,855,880,860,182000
2022-11-28 14:47:00,855,855,875,875,36700
2022-11-28 14:48:00,880,865,880,865,17700
2022-11-28 14:49:00,880,875,880,875,4100
2022-11-28 14:50:00,880,875,880,875,0
2022-11-28 14:51:00,880,875,880,875,0
2022-11-28 14:52:00,880,875,880,875,0
2022-11-28 14:53:00,880,875,880,875,0
2022-11-28 14:54:00,880,875,880,875,0
2022-11-28 14:55:00,880,875,880,875,0
2022-11-28 14:56:00,880,875,880,875,0
2022-11-28 14:57:00,880,875,880,875,0
2022-11-28 14:58:00,880,875,880,875,0
2022-11-28 14:59:00,880,875,880,875,0
2022-11-28 15:00:00,865,865,865,865,49800
2022-11-28 15:01:00,865,865,865,865,13900
2022-11-28 15:02:00,865,865,865,865,693700
2022-11-28 15:03:00,865,865,865,865,0
2022-11-28 15:04:00,865,865,865,865,0
2022-11-28 15:05:00,865,865,865,865,0
2022-11-28 15:06:00,865,865,865,865,0
2022-11-28 15:07:00,865,865,865,865,0
2022-11-28 15:08:00,865,865,865,865,0
2022-11-28 15:09:00,865,865,865,865,0
2022-11-28 15:10:00,865,865,865,865,0
2022-11-28 15:11:00,865,865,865,865,0
2022-11-28 15:12:00,865,865,865,865,0
2022-11-28 15:13:00,865,865,865,865,0
2022-11-28 15:14:00,865,865,865,865,0
2022-11-28 15:15:00,865,865,865,865,0
2022-11-28 15:16:00,865,865,865,865,0
2022-11-28 15:17:00,865,865,865,865,0
2022-11-28 15:18:00,865,865,865,865,0
2022-11-28 15:19:00,865,865,865,865,0
2022-11-28 15:20:00,865,865,865,865,0
2022-11-28 15:21:00,865,865,865,865,0
2022-11-28 15:22:00,865,865,865,865,0
2022-11-28 15:23:00,865,865,865,865,0
2022-11-28 15:24:00,865,865,865,865,0
2022-11-28 15:25:00,865,865,865,865,0
2022-11-28 15:26:00,865,865,865,865,0
2022-11-28 15:27:00,865,865,865,865,0
2022-11-28 15:28:00,865,865,865,865,0
2022-11-28 15:29:00,865,865,865,865,0
2022-11-28 15:30:00,865,865,865,865,0
2022-11-28 15:31:00,865,865,865,865,0
2022-11-28 15:32:00,865,865,865,865,0
2022-11-28 15:33:00,865,865,865,865,0
2022-11-28 15:34:00,865,865,865,865,0
2022-11-28 15:35:00,865,865,865,865,0
2022-11-28 15:36:00,865,865,865,865,0
2022-11-28 15:37:00,865,865,865,865,0
2022-11-28 15:38:00,865,865,865,865,0
2022-11-28 15:39:00,865,865,865,865,0
2022-11-28 15:40:00,865,865,865,865,0
2022-11-28 15:41:00,865,865,865,865,0
2022-11-28 15:42:00,865,865,865,865,0
2022-11-28 15:43:00,865,865,865,865,0
2022-11-28 15:44:00,865,865,865,865,0
2022-11-28 15:45:00,865,865,865,865,0
2022-11-28 15:46:00,865,865,865,865,0
2022-11-28 15:47:00,865,865,865,865,0
2022-11-28 15:48:00,865,865,865,865,0
2022-11-28 15:49:00,865,865,865,865,0
2022-11-28 15:50:00,865,865,865,865,0
2022-11-28 15:51:00,865,865,865,865,0
2022-11-28 15:52:00,865,865,865,865,0
2022-11-28 15:53:00,865,865,865,865,0
2022-11-28 15:54:00,865,865,865,865,0
2022-11-28 15:55:00,865,865,865,865,0
2022-11-28 15:56:00,865,865,865,865,0
2022-11-28 15:57:00,865,865,865,865,0
2022-11-28 15:58:00,865,865,865,865,0
2022-11-28 15:59:00,865,865,865,865,0
2022-11-29 09:00:00,865,865,865,865,0
2022-11-29 09:01:00,865,865,865,865,0
2022-11-29 09:02:00,865,835,865,840,31600
2022-11-29 09:03:00,840,805,840,805,173100
2022-11-29 09:04:00,810,810,815,810,0
2022-11-29 09:05:00,810,805,810,805,215300
2022-11-29 09:06:00,810,805,810,805,48100
2022-11-29 09:07:00,805,805,805,805,4900
2022-11-29 09:08:00,805,805,805,805,29600
2022-11-29 09:09:00,805,805,805,805,18300
2022-11-29 09:10:00,805,805,805,805,10200
2022-11-29 09:11:00,805,805,805,805,0
2022-11-29 09:12:00,805,805,805,805,6500
2022-11-29 09:13:00,810,805,810,810,10200
2022-11-29 09:14:00,810,805,810,810,0
2022-11-29 09:15:00,810,810,810,810,1000
2022-11-29 09:16:00,810,810,810,810,15600
2022-11-29 09:17:00,810,805,810,810,1800
2022-11-29 09:18:00,810,805,810,810,0
2022-11-29 09:19:00,810,810,810,810,11500
2022-11-29 09:20:00,810,810,815,815,38700
2022-11-29 09:21:00,810,810,810,810,0
2022-11-29 09:22:00,810,810,810,810,0
2022-11-29 09:23:00,810,810,810,810,40500
2022-11-29 09:24:00,805,805,805,805,2700
2022-11-29 09:25:00,805,805,805,805,0
2022-11-29 09:26:00,810,810,810,810,20700
2022-11-29 09:27:00,810,810,810,810,1100
2022-11-29 09:28:00,810,810,810,810,4500
2022-11-29 09:29:00,810,810,810,810,0
2022-11-29 09:30:00,810,810,810,810,600
2022-11-29 09:31:00,810,810,810,810,0
2022-11-29 09:32:00,810,810,810,810,0
2022-11-29 09:33:00,810,810,810,810,2700
2022-11-29 09:34:00,810,810,810,810,4800
2022-11-29 09:35:00,810,810,810,810,0
2022-11-29 09:36:00,810,810,810,810,0
2022-11-29 09:37:00,810,810,810,810,0
2022-11-29 09:38:00,810,810,810,810,0
2022-11-29 09:39:00,810,810,810,810,4200
2022-11-29 09:40:00,815,815,815,815,5800
2022-11-29 09:41:00,810,810,810,810,500
2022-11-29 09:42:00,815,815,815,815,30500
2022-11-29 09:43:00,815,815,820,820,15000
2022-11-29 09:44:00,820,820,820,820,12500
2022-11-29 09:45:00,820,820,820,820,0
2022-11-29 09:46:00,820,820,820,820,0
2022-11-29 09:47:00,820,820,820,820,0
2022-11-29 09:48:00,815,815,815,815,9000
2022-11-29 09:49:00,820,815,820,815,700
2022-11-29 09:50:00,815,815,815,815,400
2022-11-29 09:51:00,820,820,820,820,3200
2022-11-29 09:52:00,820,820,820,820,17300
2022-11-29 09:53:00,820,820,820,820,0
2022-11-29 09:54:00,820,820,820,820,300
2022-11-29 09:55:00,820,820,820,820,0
2022-11-29 09:56:00,820,820,820,820,0
2022-11-29 09:57:00,820,820,820,820,0
2022-11-29 09:58:00,820,820,820,820,1200
2022-11-29 09:59:00,820,820,820,820,0
2022-11-29 10:00:00,820,820,820,820,3100
2022-11-29 10:01:00,820,820,820,820,0
2022-11-29 10:02:00,820,820,820,820,0
2022-11-29 10:03:00,820,815,820,815,37500
2022-11-29 10:04:00,820,815,820,815,0
2022-11-29 10:05:00,820,815,820,815,0
2022-11-29 10:06:00,820,815,820,815,0
2022-11-29 10:07:00,815,815,820,820,109200
2022-11-29 10:08:00,815,815,820,820,0
2022-11-29 10:09:00,815,815,820,820,0
2022-11-29 10:10:00,815,815,820,820,0
2022-11-29 10:11:00,815,815,815,815,400
2022-11-29 10:12:00,815,815,815,815,0
2022-11-29 10:13:00,815,815,815,815,0
2022-11-29 10:14:00,815,815,815,815,0
2022-11-29 10:15:00,815,815,820,820,10000
2022-11-29 10:16:00,815,815,820,820,0
2022-11-29 10:17:00,820,820,820,820,0
2022-11-29 10:18:00,820,820,820,820,0
2022-11-29 10:19:00,820,820,820,820,0
2022-11-29 10:20:00,820,820,820,820,0
2022-11-29 10:21:00,820,815,820,815,2000
2022-11-29 10:22:00,820,815,820,815,0
2022-11-29 10:23:00,815,815,815,815,9300
2022-11-29 10:24:00,815,815,815,815,0
2022-11-29 10:25:00,815,815,815,815,0
2022-11-29 10:26:00,815,815,815,815,0
2022-11-29 10:27:00,815,815,815,815,0
2022-11-29 10:28:00,815,815,815,815,0
2022-11-29 10:29:00,815,815,815,815,0
2022-11-29 10:30:00,815,815,815,815,0
2022-11-29 10:31:00,815,815,815,815,0
2022-11-29 10:32:00,815,815,815,815,1100
2022-11-29 10:33:00,815,815,815,815,0
2022-11-29 10:34:00,815,815,815,815,0
2022-11-29 10:35:00,815,815,815,815,0
2022-11-29 10:36:00,815,815,815,815,0
2022-11-29 10:37:00,815,815,815,815,0
2022-11-29 10:38:00,815,815,815,815,0
2022-11-29 10:39:00,815,815,815,815,0
2022-11-29 10:40:00,815,815,815,815,0
2022-11-29 10:41:00,815,815,815,815,0
2022-11-29 10:42:00,815,815,815,815,2000
2022-11-29 10:43:00,815,815,815,815,0
2022-11-29 10:44:00,815,815,815,815,0
2022-11-29 10:45:00,815,815,815,815,0
2022-11-29 10:46:00,815,815,815,815,0
2022-11-29 10:47:00,815,815,815,815,0
2022-11-29 10:48:00,815,815,815,815,0
2022-11-29 10:49:00,815,815,815,815,0
2022-11-29 10:50:00,815,815,815,815,0
2022-11-29 10:51:00,815,815,815,815,0
2022-11-29 10:52:00,815,815,815,815,0
2022-11-29 10:53:00,815,815,815,815,1900
2022-11-29 10:54:00,820,820,820,820,0
2022-11-29 10:55:00,820,820,820,820,0
2022-11-29 10:56:00,820,820,820,820,0
2022-11-29 10:57:00,820,820,820,820,0
2022-11-29 10:58:00,820,820,820,820,1400
2022-11-29 10:59:00,820,820,820,820,0
2022-11-29 11:00:00,815,810,815,810,298900
2022-11-29 11:01:00,805,805,805,805,24700
2022-11-29 11:02:00,805,805,805,805,64800
2022-11-29 11:03:00,805,805,805,805,0
2022-11-29 11:04:00,805,805,805,805,0
2022-11-29 11:05:00,805,805,805,805,0
2022-11-29 11:06:00,805,805,805,805,0
2022-11-29 11:07:00,805,805,805,805,2200
2022-11-29 11:08:00,805,805,805,805,7200
2022-11-29 11:09:00,805,805,805,805,0
2022-11-29 11:10:00,805,805,805,805,0
2022-11-29 11:11:00,805,805,805,805,0
2022-11-29 11:12:00,805,805,805,805,128500
2022-11-29 11:13:00,805,805,805,805,0
2022-11-29 11:14:00,805,805,805,805,0
2022-11-29 11:15:00,805,805,805,805,0
2022-11-29 11:16:00,805,805,805,805,26400
2022-11-29 11:17:00,805,805,805,805,0
2022-11-29 11:18:00,805,805,810,810,10400
2022-11-29 11:19:00,810,810,810,810,38800
2022-11-29 11:20:00,810,810,810,810,100
2022-11-29 11:21:00,805,805,805,805,1600
2022-11-29 11:22:00,805,805,805,805,0
2022-11-29 11:23:00,805,805,805,805,0
2022-11-29 11:24:00,805,805,805,805,0
2022-11-29 11:25:00,805,805,805,805,0
2022-11-29 11:26:00,805,805,805,805,0
2022-11-29 11:27:00,805,805,810,805,7800
2022-11-29 11:28:00,805,805,810,805,0
2022-11-29 11:29:00,805,805,805,805,20800
2022-11-29 11:30:00,805,805,805,805,0
2022-11-29 11:31:00,805,805,805,805,0
2022-11-29 11:32:00,805,805,805,805,0
2022-11-29 11:33:00,805,805,805,805,0
2022-11-29 11:34:00,805,805,805,805,0
2022-11-29 11:35:00,805,805,805,805,0
2022-11-29 11:36:00,805,805,805,805,0
2022-11-29 11:37:00,805,805,805,805,0
2022-11-29 11:38:00,805,805,805,805,0
2022-11-29 11:39:00,805,805,805,805,0
2022-11-29 11:40:00,805,805,805,805,0
2022-11-29 11:41:00,805,805,805,805,0
2022-11-29 11:42:00,805,805,805,805,0
2022-11-29 11:43:00,805,805,805,805,0
2022-11-29 11:44:00,805,805,805,805,0
2022-11-29 11:45:00,805,805,805,805,0
2022-11-29 11:46:00,805,805,805,805,0
2022-11-29 11:47:00,805,805,805,805,0
2022-11-29 11:48:00,805,805,805,805,0
2022-11-29 11:49:00,805,805,805,805,0
2022-11-29 11:50:00,805,805,805,805,0
2022-11-29 11:51:00,805,805,805,805,0
2022-11-29 11:52:00,805,805,805,805,0
2022-11-29 11:53:00,805,805,805,805,0
2022-11-29 11:54:00,805,805,805,805,0
2022-11-29 11:55:00,805,805,805,805,0
2022-11-29 11:56:00,805,805,805,805,0
2022-11-29 11:57:00,805,805,805,805,0
2022-11-29 11:58:00,805,805,805,805,0
2022-11-29 11:59:00,805,805,805,805,0
2022-11-29 12:00:00,805,805,805,805,0
2022-11-29 12:01:00,805,805,805,805,0
2022-11-29 12:02:00,805,805,805,805,0
2022-11-29 12:03:00,805,805,805,805,0
2022-11-29 12:04:00,805,805,805,805,0
2022-11-29 12:05:00,805,805,805,805,0
2022-11-29 12:06:00,805,805,805,805,0
2022-11-29 12:07:00,805,805,805,805,0
2022-11-29 12:08:00,805,805,805,805,0
2022-11-29 12:09:00,805,805,805,805,0
2022-11-29 12:10:00,805,805,805,805,0
2022-11-29 12:11:00,805,805,805,805,0
2022-11-29 12:12:00,805,805,805,805,0
2022-11-29 12:13:00,805,805,805,805,0
2022-11-29 12:14:00,805,805,805,805,0
2022-11-29 12:15:00,805,805,805,805,0
2022-11-29 12:16:00,805,805,805,805,0
2022-11-29 12:17:00,805,805,805,805,0
2022-11-29 12:18:00,805,805,805,805,0
2022-11-29 12:19:00,805,805,805,805,0
2022-11-29 12:20:00,805,805,805,805,0
2022-11-29 12:21:00,805,805,805,805,0
2022-11-29 12:22:00,805,805,805,805,0
2022-11-29 12:23:00,805,805,805,805,0
2022-11-29 12:24:00,805,805,805,805,0
2022-11-29 12:25:00,805,805,805,805,0
2022-11-29 12:26:00,805,805,805,805,0
2022-11-29 12:27:00,805,805,805,805,0
2022-11-29 12:28:00,805,805,805,805,0
2022-11-29 12:29:00,805,805,805,805,0
2022-11-29 12:30:00,805,805,805,805,0
2022-11-29 12:31:00,805,805,805,805,0
2022-11-29 12:32:00,805,805,805,805,0
2022-11-29 12:33:00,805,805,805,805,0
2022-11-29 12:34:00,805,805,805,805,0
2022-11-29 12:35:00,805,805,805,805,0
2022-11-29 12:36:00,805,805,805,805,0
2022-11-29 12:37:00,805,805,805,805,0
2022-11-29 12:38:00,805,805,805,805,0
2022-11-29 12:39:00,805,805,805,805,0
2022-11-29 12:40:00,805,805,805,805,0
2022-11-29 12:41:00,805,805,805,805,0
2022-11-29 12:42:00,805,805,805,805,0
2022-11-29 12:43:00,805,805,805,805,0
2022-11-29 12:44:00,805,805,805,805,0
2022-11-29 12:45:00,805,805,805,805,0
2022-11-29 12:46:00,805,805,805,805,0
2022-11-29 12:47:00,805,805,805,805,0
2022-11-29 12:48:00,805,805,805,805,0
2022-11-29 12:49:00,805,805,805,805,0
2022-11-29 12:50:00,805,805,805,805,0
2022-11-29 12:51:00,805,805,805,805,0
2022-11-29 12:52:00,805,805,805,805,0
2022-11-29 12:53:00,805,805,805,805,0
2022-11-29 12:54:00,805,805,805,805,0
2022-11-29 12:55:00,805,805,805,805,0
2022-11-29 12:56:00,805,805,805,805,0
2022-11-29 12:57:00,805,805,805,805,0
2022-11-29 12:58:00,805,805,805,805,0
2022-11-29 12:59:00,805,805,805,805,0
2022-11-29 13:00:00,805,805,805,805,0
2022-11-29 13:01:00,805,805,805,805,0
2022-11-29 13:02:00,805,805,805,805,0
2022-11-29 13:03:00,805,805,805,805,0
2022-11-29 13:04:00,805,805,805,805,0
2022-11-29 13:05:00,805,805,805,805,0
2022-11-29 13:06:00,805,805,805,805,0
2022-11-29 13:07:00,805,805,805,805,0
2022-11-29 13:08:00,805,805,805,805,0
2022-11-29 13:09:00,805,805,805,805,0
2022-11-29 13:10:00,805,805,805,805,0
2022-11-29 13:11:00,805,805,805,805,0
2022-11-29 13:12:00,805,805,805,805,0
2022-11-29 13:13:00,805,805,805,805,0
2022-11-29 13:14:00,805,805,805,805,0
2022-11-29 13:15:00,805,805,805,805,0
2022-11-29 13:16:00,805,805,805,805,0
2022-11-29 13:17:00,805,805,805,805,0
2022-11-29 13:18:00,805,805,805,805,0
2022-11-29 13:19:00,805,805,805,805,0
2022-11-29 13:20:00,805,805,805,805,0
2022-11-29 13:21:00,805,805,805,805,0
2022-11-29 13:22:00,805,805,805,805,0
2022-11-29 13:23:00,805,805,805,805,0
2022-11-29 13:24:00,805,805,805,805,0
2022-11-29 13:25:00,805,805,805,805,0
2022-11-29 13:26:00,805,805,805,805,0
2022-11-29 13:27:00,805,805,805,805,0
2022-11-29 13:28:00,805,805,805,805,0
2022-11-29 13:29:00,805,805,805,805,0
2022-11-29 13:30:00,810,805,810,805,36700
2022-11-29 13:31:00,810,810,810,810,35700
2022-11-29 13:32:00,810,810,810,810,0
2022-11-29 13:33:00,810,810,810,810,4300
2022-11-29 13:34:00,810,810,810,810,0
2022-11-29 13:35:00,810,810,810,810,500
2022-11-29 13:36:00,810,810,810,810,0
2022-11-29 13:37:00,810,810,810,810,1900
2022-11-29 13:38:00,810,810,810,810,0
2022-11-29 13:39:00,810,810,810,810,6000
2022-11-29 13:40:00,810,810,810,810,0
2022-11-29 13:41:00,810,810,810,810,0
2022-11-29 13:42:00,810,810,810,810,0
2022-11-29 13:43:00,810,810,810,810,0
2022-11-29 13:44:00,810,810,810,810,0
2022-11-29 13:45:00,810,810,810,810,0
2022-11-29 13:46:00,810,810,810,810,0
2022-11-29 13:47:00,805,805,805,805,12500
2022-11-29 13:48:00,805,805,805,805,0
2022-11-29 13:49:00,805,805,805,805,18900
2022-11-29 13:50:00,805,805,805,805,0
2022-11-29 13:51:00,805,805,805,805,0
2022-11-29 13:52:00,805,805,805,805,0
2022-11-29 13:53:00,805,805,805,805,0
2022-11-29 13:54:00,810,810,810,810,3800
2022-11-29 13:55:00,810,810,810,810,0
2022-11-29 13:56:00,810,810,810,810,200
2022-11-29 13:57:00,810,810,810,810,1100
2022-11-29 13:58:00,810,810,810,810,0
2022-11-29 13:59:00,810,810,810,810,0
2022-11-29 14:00:00,810,810,810,810,0
2022-11-29 14:01:00,805,805,805,805,94200
2022-11-29 14:02:00,805,805,805,805,0
2022-11-29 14:03:00,805,805,805,805,200
2022-11-29 14:04:00,810,810,810,810,1400
2022-11-29 14:05:00,810,810,810,810,0
2022-11-29 14:06:00,810,810,810,810,0
2022-11-29 14:07:00,810,810,810,810,0
2022-11-29 14:08:00,810,810,810,810,0
2022-11-29 14:09:00,810,810,810,810,48400
2022-11-29 14:10:00,810,810,810,810,0
2022-11-29 14:11:00,810,810,810,810,0
2022-11-29 14:12:00,820,820,820,820,9800
2022-11-29 14:13:00,820,820,820,820,0
2022-11-29 14:14:00,820,820,820,820,0
2022-11-29 14:15:00,820,820,820,820,0
2022-11-29 14:16:00,820,820,820,820,0
2022-11-29 14:17:00,820,820,820,820,0
2022-11-29 14:18:00,820,820,820,820,0
2022-11-29 14:19:00,820,820,820,820,0
2022-11-29 14:20:00,820,820,820,820,0
2022-11-29 14:21:00,820,820,820,820,0
2022-11-29 14:22:00,820,820,820,820,0
2022-11-29 14:23:00,820,820,820,820,0
2022-11-29 14:24:00,815,815,815,815,0
2022-11-29 14:25:00,810,810,810,810,2000
2022-11-29 14:26:00,810,810,810,810,0
2022-11-29 14:27:00,810,810,810,810,0
2022-11-29 14:28:00,810,810,810,810,0
2022-11-29 14:29:00,810,805,810,805,108800
2022-11-29 14:30:00,810,805,810,805,0
2022-11-29 14:31:00,810,805,810,805,0
2022-11-29 14:32:00,805,805,805,805,9800
2022-11-29 14:33:00,805,805,805,805,0
2022-11-29 14:34:00,810,810,810,810,1100
2022-11-29 14:35:00,810,810,810,810,0
2022-11-29 14:36:00,810,810,810,810,0
2022-11-29 14:37:00,810,810,810,810,0
2022-11-29 14:38:00,810,810,810,810,0
2022-11-29 14:39:00,810,810,810,810,0
2022-11-29 14:40:00,810,810,810,810,0
2022-11-29 14:41:00,810,810,810,810,28900
2022-11-29 14:42:00,810,810,820,820,2600
2022-11-29 14:43:00,810,810,820,820,0
2022-11-29 14:44:00,820,820,820,820,4000
2022-11-29 14:45:00,820,820,820,820,0
2022-11-29 14:46:00,820,820,820,820,0
2022-11-29 14:47:00,820,820,820,820,0
2022-11-29 14:48:00,820,820,820,820,0
2022-11-29 14:49:00,815,815,815,815,4500
2022-11-29 14:50:00,815,815,815,815,0
2022-11-29 14:51:00,815,815,815,815,0
2022-11-29 14:52:00,815,815,815,815,0
2022-11-29 14:53:00,815,815,815,815,0
2022-11-29 14:54:00,815,815,815,815,0
2022-11-29 14:55:00,815,815,815,815,0
2022-11-29 14:56:00,815,815,815,815,0
2022-11-29 14:57:00,815,815,815,815,0
2022-11-29 14:58:00,815,815,815,815,0
2022-11-29 14:59:00,815,815,815,815,0
2022-11-29 15:00:00,810,810,810,810,111600
2022-11-29 15:01:00,810,810,810,810,26500
2022-11-29 15:02:00,810,810,810,810,1900
2022-11-29 15:03:00,810,810,810,810,0
2022-11-29 15:04:00,810,810,810,810,4800
2022-11-29 15:05:00,810,810,810,810,2000
2022-11-29 15:06:00,810,810,810,810,0
2022-11-29 15:07:00,810,810,810,810,0
2022-11-29 15:08:00,810,810,810,810,0
2022-11-29 15:09:00,810,810,810,810,0
2022-11-29 15:10:00,810,810,810,810,0
2022-11-29 15:11:00,810,810,810,810,40700
2022-11-29 15:12:00,810,810,810,810,2150600
2022-11-29 15:13:00,810,810,810,810,0
2022-11-29 15:14:00,810,810,810,810,0
2022-11-29 15:15:00,810,810,810,810,0
2022-11-29 15:16:00,810,810,810,810,0
2022-11-29 15:17:00,810,810,810,810,0
2022-11-29 15:18:00,810,810,810,810,0
2022-11-29 15:19:00,810,810,810,810,0
2022-11-29 15:20:00,810,810,810,810,0
2022-11-29 15:21:00,810,810,810,810,0
2022-11-29 15:22:00,810,810,810,810,0
2022-11-29 15:23:00,810,810,810,810,0
2022-11-29 15:24:00,810,810,810,810,0
2022-11-29 15:25:00,810,810,810,810,0
2022-11-29 15:26:00,810,810,810,810,0
2022-11-29 15:27:00,810,810,810,810,0
2022-11-29 15:28:00,810,810,810,810,0
2022-11-29 15:29:00,810,810,810,810,0
2022-11-29 15:30:00,810,810,810,810,0
2022-11-29 15:31:00,810,810,810,810,0
2022-11-29 15:32:00,810,810,810,810,0
2022-11-29 15:33:00,810,810,810,810,0
2022-11-29 15:34:00,810,810,810,810,0
2022-11-29 15:35:00,810,810,810,810,0
2022-11-29 15:36:00,810,810,810,810,0
2022-11-29 15:37:00,810,810,810,810,0
2022-11-29 15:38:00,810,810,810,810,0
2022-11-29 15:39:00,810,810,810,810,0
2022-11-29 15:40:00,810,810,810,810,0
2022-11-29 15:41:00,810,810,810,810,0
2022-11-29 15:42:00,810,810,810,810,0
2022-11-29 15:43:00,810,810,810,810,0
2022-11-29 15:44:00,810,810,810,810,0
2022-11-29 15:45:00,810,810,810,810,0
2022-11-29 15:46:00,810,810,810,810,0
2022-11-29 15:47:00,810,810,810,810,0
2022-11-29 15:48:00,810,810,810,810,0
2022-11-29 15:49:00,810,810,810,810,0
2022-11-29 15:50:00,810,810,810,810,0
2022-11-29 15:51:00,810,810,810,810,0
2022-11-29 15:52:00,810,810,810,810,0
2022-11-29 15:53:00,810,810,810,810,0
2022-11-29 15:54:00,810,810,810,810,0
2022-11-29 15:55:00,810,810,810,810,0
2022-11-29 15:56:00,810,810,810,810,0
2022-11-29 15:57:00,810,810,810,810,0
2022-11-29 15:58:00,810,810,810,810,0
2022-11-29 15:59:00,810,810,810,810,0
2022-11-30 09:00:00,805,805,805,805,0
2022-11-30 09:01:00,805,805,805,805,3500
2022-11-30 09:02:00,805,805,805,805,8700
2022-11-30 09:03:00,805,805,805,805,0
2022-11-30 09:04:00,805,805,805,805,0
2022-11-30 09:05:00,805,805,805,805,0
2022-11-30 09:06:00,805,805,805,805,27500
2022-11-30 09:07:00,805,805,805,805,0
2022-11-30 09:08:00,805,805,805,805,0
2022-11-30 09:09:00,805,805,805,805,7100
2022-11-30 09:10:00,805,805,805,805,5500
2022-11-30 09:11:00,805,805,805,805,0
2022-11-30 09:12:00,805,805,805,805,0
2022-11-30 09:13:00,805,805,805,805,900
2022-11-30 09:14:00,805,805,805,805,2000
2022-11-30 09:15:00,805,805,805,805,0
2022-11-30 09:16:00,805,805,805,805,0
2022-11-30 09:17:00,805,805,805,805,0
2022-11-30 09:18:00,805,805,820,820,81500
2022-11-30 09:19:00,805,805,820,820,0
2022-11-30 09:20:00,820,820,820,820,1000
2022-11-30 09:21:00,820,820,820,820,0
2022-11-30 09:22:00,820,820,820,820,0
2022-11-30 09:23:00,820,820,820,820,0
2022-11-30 09:24:00,820,820,820,820,0
2022-11-30 09:25:00,820,820,820,820,0
2022-11-30 09:26:00,820,820,820,820,0
2022-11-30 09:27:00,820,820,820,820,0
2022-11-30 09:28:00,820,820,820,820,100
2022-11-30 09:29:00,815,815,815,815,1100
2022-11-30 09:30:00,815,815,815,815,0
2022-11-30 09:31:00,815,815,815,815,0
2022-11-30 09:32:00,810,805,815,815,6400
2022-11-30 09:33:00,815,815,815,815,2000
2022-11-30 09:34:00,815,815,815,815,600
2022-11-30 09:35:00,815,815,815,815,0
2022-11-30 09:36:00,815,815,815,815,11800
2022-11-30 09:37:00,815,815,815,815,0
2022-11-30 09:38:00,815,815,815,815,0
2022-11-30 09:39:00,815,815,815,815,0
2022-11-30 09:40:00,815,815,815,815,0
2022-11-30 09:41:00,815,815,815,815,0
2022-11-30 09:42:00,815,815,815,815,0
2022-11-30 09:43:00,815,815,815,815,0
2022-11-30 09:44:00,815,815,815,815,1700
2022-11-30 09:45:00,815,815,815,815,0
2022-11-30 09:46:00,815,815,815,815,0
2022-11-30 09:47:00,815,815,815,815,0
2022-11-30 09:48:00,815,815,815,815,0
2022-11-30 09:49:00,815,815,815,815,0
2022-11-30 09:50:00,815,815,815,815,1400
2022-11-30 09:51:00,815,815,815,815,0
2022-11-30 09:52:00,815,815,815,815,0
2022-11-30 09:53:00,815,815,815,815,0
2022-11-30 09:54:00,815,815,815,815,0
2022-11-30 09:55:00,815,815,815,815,0
2022-11-30 09:56:00,815,815,820,820,2000
2022-11-30 09:57:00,815,815,820,820,0
2022-11-30 09:58:00,820,820,820,820,0
2022-11-30 09:59:00,820,820,820,820,0
2022-11-30 10:00:00,820,820,820,820,800
2022-11-30 10:01:00,820,820,820,820,0
2022-11-30 10:02:00,820,820,820,820,6400
2022-11-30 10:03:00,820,820,820,820,0
2022-11-30 10:04:00,820,820,820,820,0
2022-11-30 10:05:00,820,820,820,820,0
2022-11-30 10:06:00,820,820,820,820,0
2022-11-30 10:07:00,820,820,820,820,0
2022-11-30 10:08:00,820,820,820,820,0
2022-11-30 10:09:00,820,820,820,820,0
2022-11-30 10:10:00,825,825,830,830,13700
2022-11-30 10:11:00,825,825,830,830,0
2022-11-30 10:12:00,825,825,830,830,0
2022-11-30 10:13:00,825,825,830,830,0
2022-11-30 10:14:00,825,825,830,830,0
2022-11-30 10:15:00,825,825,830,830,0
2022-11-30 10:16:00,830,830,830,830,0
2022-11-30 10:17:00,830,830,830,830,0
2022-11-30 10:18:00,830,830,830,830,0
2022-11-30 10:19:00,830,830,830,830,0
2022-11-30 10:20:00,830,830,830,830,0
2022-11-30 10:21:00,830,830,830,830,0
2022-11-30 10:22:00,830,830,830,830,0
2022-11-30 10:23:00,830,830,830,830,0
2022-11-30 10:24:00,830,830,830,830,0
2022-11-30 10:25:00,830,830,830,830,1000
2022-11-30 10:26:00,830,830,830,830,0
2022-11-30 10:27:00,830,830,830,830,0
2022-11-30 10:28:00,830,830,830,830,0
2022-11-30 10:29:00,830,830,830,830,0
2022-11-30 10:30:00,830,830,835,835,200
2022-11-30 10:31:00,830,830,835,835,0
2022-11-30 10:32:00,830,830,835,835,0
2022-11-30 10:33:00,830,830,835,835,0
2022-11-30 10:34:00,830,830,835,835,0
2022-11-30 10:35:00,835,835,835,835,200
2022-11-30 10:36:00,835,835,835,835,0
2022-11-30 10:37:00,835,835,835,835,0
2022-11-30 10:38:00,835,835,835,835,0
2022-11-30 10:39:00,835,835,835,835,0
2022-11-30 10:40:00,835,835,835,835,0
2022-11-30 10:41:00,835,835,835,835,0
2022-11-30 10:42:00,835,835,835,835,0
2022-11-30 10:43:00,835,835,835,835,0
2022-11-30 10:44:00,835,835,835,835,0
2022-11-30 10:45:00,830,830,830,830,4900
2022-11-30 10:46:00,830,830,830,830,0
2022-11-30 10:47:00,830,830,830,830,2500
2022-11-30 10:48:00,830,830,830,830,4400
2022-11-30 10:49:00,830,830,830,830,0
2022-11-30 10:50:00,825,825,825,825,700
2022-11-30 10:51:00,825,825,825,825,0
2022-11-30 10:52:00,825,825,825,825,0
2022-11-30 10:53:00,825,825,825,825,0
2022-11-30 10:54:00,825,825,825,825,0
2022-11-30 10:55:00,825,825,825,825,1000
2022-11-30 10:56:00,825,825,825,825,0
2022-11-30 10:57:00,825,825,825,825,0
2022-11-30 10:58:00,825,825,825,825,0
2022-11-30 10:59:00,825,825,825,825,0
2022-11-30 11:00:00,825,825,825,825,0
2022-11-30 11:01:00,825,825,825,825,0
2022-11-30 11:02:00,830,830,830,830,200
2022-11-30 11:03:00,830,830,830,830,0
2022-11-30 11:04:00,825,800,825,800,283800
2022-11-30 11:05:00,810,800,825,825,234500
2022-11-30 11:06:00,810,800,825,825,0
2022-11-30 11:07:00,805,805,820,820,500
2022-11-30 11:08:00,805,805,805,805,100
2022-11-30 11:09:00,815,815,815,815,100
2022-11-30 11:10:00,815,815,815,815,0
2022-11-30 11:11:00,815,815,815,815,0
2022-11-30 11:12:00,815,815,815,815,0
2022-11-30 11:13:00,815,815,815,815,0
2022-11-30 11:14:00,815,815,815,815,0
2022-11-30 11:15:00,815,815,815,815,0
2022-11-30 11:16:00,815,815,815,815,0
2022-11-30 11:17:00,815,815,815,815,0
2022-11-30 11:18:00,815,815,815,815,0
2022-11-30 11:19:00,815,815,815,815,0
2022-11-30 11:20:00,815,815,815,815,0
2022-11-30 11:21:00,815,815,815,815,0
2022-11-30 11:22:00,815,815,815,815,0
2022-11-30 11:23:00,815,815,815,815,0
2022-11-30 11:24:00,815,815,815,815,0
2022-11-30 11:25:00,810,810,810,810,3000
2022-11-30 11:26:00,810,810,810,810,0
2022-11-30 11:27:00,810,810,810,810,0
2022-11-30 11:28:00,815,815,820,820,2000
2022-11-30 11:29:00,815,815,820,820,0
2022-11-30 11:30:00,815,815,820,820,0
2022-11-30 11:31:00,815,815,820,820,0
2022-11-30 11:32:00,815,815,820,820,0
2022-11-30 11:33:00,815,815,820,820,0
2022-11-30 11:34:00,815,815,820,820,0
2022-11-30 11:35:00,815,815,820,820,0
2022-11-30 11:36:00,815,815,820,820,0
2022-11-30 11:37:00,815,815,820,820,0
2022-11-30 11:38:00,815,815,820,820,0
2022-11-30 11:39:00,815,815,820,820,0
2022-11-30 11:40:00,815,815,820,820,0
2022-11-30 11:41:00,815,815,820,820,0
2022-11-30 11:42:00,815,815,820,820,0
2022-11-30 11:43:00,815,815,820,820,0
2022-11-30 11:44:00,815,815,820,820,0
2022-11-30 11:45:00,815,815,820,820,0
2022-11-30 11:46:00,815,815,820,820,0
2022-11-30 11:47:00,815,815,820,820,0
2022-11-30 11:48:00,815,815,820,820,0
2022-11-30 11:49:00,815,815,820,820,0
2022-11-30 11:50:00,815,815,820,820,0
2022-11-30 11:51:00,815,815,820,820,0
2022-11-30 11:52:00,815,815,820,820,0
2022-11-30 11:53:00,815,815,820,820,0
2022-11-30 11:54:00,815,815,820,820,0
2022-11-30 11:55:00,815,815,820,820,0
2022-11-30 11:56:00,815,815,820,820,0
2022-11-30 11:57:00,815,815,820,820,0
2022-11-30 11:58:00,815,815,820,820,0
2022-11-30 11:59:00,815,815,820,820,0
2022-11-30 12:00:00,815,815,820,820,0
2022-11-30 12:01:00,815,815,820,820,0
2022-11-30 12:02:00,815,815,820,820,0
2022-11-30 12:03:00,815,815,820,820,0
2022-11-30 12:04:00,815,815,820,820,0
2022-11-30 12:05:00,815,815,820,820,0
2022-11-30 12:06:00,815,815,820,820,0
2022-11-30 12:07:00,815,815,820,820,0
2022-11-30 12:08:00,815,815,820,820,0
2022-11-30 12:09:00,815,815,820,820,0
2022-11-30 12:10:00,815,815,820,820,0
2022-11-30 12:11:00,815,815,820,820,0
2022-11-30 12:12:00,815,815,820,820,0
2022-11-30 12:13:00,815,815,820,820,0
2022-11-30 12:14:00,815,815,820,820,0
2022-11-30 12:15:00,815,815,820,820,0
2022-11-30 12:16:00,815,815,820,820,0
2022-11-30 12:17:00,815,815,820,820,0
2022-11-30 12:18:00,815,815,820,820,0
2022-11-30 12:19:00,815,815,820,820,0
2022-11-30 12:20:00,815,815,820,820,0
2022-11-30 12:21:00,815,815,820,820,0
2022-11-30 12:22:00,815,815,820,820,0
2022-11-30 12:23:00,815,815,820,820,0
2022-11-30 12:24:00,815,815,820,820,0
2022-11-30 12:25:00,815,815,820,820,0
2022-11-30 12:26:00,815,815,820,820,0
2022-11-30 12:27:00,815,815,820,820,0
2022-11-30 12:28:00,815,815,820,820,0
2022-11-30 12:29:00,815,815,820,820,0
2022-11-30 12:30:00,815,815,820,820,0
2022-11-30 12:31:00,815,815,820,820,0
2022-11-30 12:32:00,815,815,820,820,0
2022-11-30 12:33:00,815,815,820,820,0
2022-11-30 12:34:00,815,815,820,820,0
2022-11-30 12:35:00,815,815,820,820,0
2022-11-30 12:36:00,815,815,820,820,0
2022-11-30 12:37:00,815,815,820,820,0
2022-11-30 12:38:00,815,815,820,820,0
2022-11-30 12:39:00,815,815,820,820,0
2022-11-30 12:40:00,815,815,820,820,0
2022-11-30 12:41:00,815,815,820,820,0
2022-11-30 12:42:00,815,815,820,820,0
2022-11-30 12:43:00,815,815,820,820,0
2022-11-30 12:44:00,815,815,820,820,0
2022-11-30 12:45:00,815,815,820,820,0
2022-11-30 12:46:00,815,815,820,820,0
2022-11-30 12:47:00,815,815,820,820,0
2022-11-30 12:48:00,815,815,820,820,0
2022-11-30 12:49:00,815,815,820,820,0
2022-11-30 12:50:00,815,815,820,820,0
2022-11-30 12:51:00,815,815,820,820,0
2022-11-30 12:52:00,815,815,820,820,0
2022-11-30 12:53:00,815,815,820,820,0
2022-11-30 12:54:00,815,815,820,820,0
2022-11-30 12:55:00,815,815,820,820,0
2022-11-30 12:56:00,815,815,820,820,0
2022-11-30 12:57:00,815,815,820,820,0
2022-11-30 12:58:00,815,815,820,820,0
2022-11-30 12:59:00,815,815,820,820,0
2022-11-30 13:00:00,815,815,820,820,0
2022-11-30 13:01:00,815,815,820,820,0
2022-11-30 13:02:00,815,815,820,820,0
2022-11-30 13:03:00,815,815,820,820,0
2022-11-30 13:04:00,815,815,820,820,0
2022-11-30 13:05:00,815,815,820,820,0
2022-11-30 13:06:00,815,815,820,820,0
2022-11-30 13:07:00,815,815,820,820,0
2022-11-30 13:08:00,815,815,820,820,0
2022-11-30 13:09:00,815,815,820,820,0
2022-11-30 13:10:00,815,815,820,820,0
2022-11-30 13:11:00,815,815,820,820,0
2022-11-30 13:12:00,815,815,820,820,0
2022-11-30 13:13:00,815,815,820,820,0
2022-11-30 13:14:00,815,815,820,820,0
2022-11-30 13:15:00,815,815,820,820,0
2022-11-30 13:16:00,815,815,820,820,0
2022-11-30 13:17:00,815,815,820,820,0
2022-11-30 13:18:00,815,815,820,820,0
2022-11-30 13:19:00,815,815,820,820,0
2022-11-30 13:20:00,815,815,820,820,0
2022-11-30 13:21:00,815,815,820,820,0
2022-11-30 13:22:00,815,815,820,820,0
2022-11-30 13:23:00,815,815,820,820,0
2022-11-30 13:24:00,815,815,820,820,0
2022-11-30 13:25:00,815,815,820,820,0
2022-11-30 13:26:00,815,815,820,820,0
2022-11-30 13:27:00,815,815,820,820,0
2022-11-30 13:28:00,815,815,820,820,0
2022-11-30 13:29:00,815,815,820,820,0
2022-11-30 13:30:00,820,820,820,820,600
2022-11-30 13:31:00,820,820,830,830,5800
2022-11-30 13:32:00,820,820,830,830,0
2022-11-30 13:33:00,820,820,830,830,0
2022-11-30 13:34:00,815,810,815,810,3800
2022-11-30 13:35:00,825,805,825,805,12100
2022-11-30 13:36:00,825,825,825,825,0
2022-11-30 13:37:00,825,825,825,825,0
2022-11-30 13:38:00,820,820,820,820,200
2022-11-30 13:39:00,820,820,820,820,0
2022-11-30 13:40:00,820,820,820,820,0
2022-11-30 13:41:00,820,820,820,820,0
2022-11-30 13:42:00,815,805,815,805,6400
2022-11-30 13:43:00,815,805,815,805,0
2022-11-30 13:44:00,815,805,815,805,0
2022-11-30 13:45:00,815,805,815,805,0
2022-11-30 13:46:00,805,805,805,805,18300
2022-11-30 13:47:00,805,805,805,805,0
2022-11-30 13:48:00,805,805,805,805,0
2022-11-30 13:49:00,805,805,805,805,0
2022-11-30 13:50:00,805,805,805,805,0
2022-11-30 13:51:00,805,805,805,805,0
2022-11-30 13:52:00,805,805,805,805,0
2022-11-30 13:53:00,805,805,805,805,23700
2022-11-30 13:54:00,800,800,800,800,26200
2022-11-30 13:55:00,800,800,800,800,100
2022-11-30 13:56:00,815,815,815,815,0
2022-11-30 13:57:00,815,815,815,815,0
2022-11-30 13:58:00,815,815,815,815,0
2022-11-30 13:59:00,815,815,815,815,0
2022-11-30 14:00:00,815,815,815,815,0
2022-11-30 14:01:00,815,815,815,815,0
2022-11-30 14:02:00,815,815,815,815,0
2022-11-30 14:03:00,815,815,815,815,0
2022-11-30 14:04:00,815,815,815,815,0
2022-11-30 14:05:00,805,805,815,815,4400
2022-11-30 14:06:00,805,805,815,815,0
2022-11-30 14:07:00,815,815,815,815,2600
2022-11-30 14:08:00,815,815,815,815,0
2022-11-30 14:09:00,815,815,815,815,0
2022-11-30 14:10:00,815,815,815,815,0
2022-11-30 14:11:00,815,815,815,815,0
2022-11-30 14:12:00,810,810,810,810,0
2022-11-30 14:13:00,810,810,815,815,4000
2022-11-30 14:14:00,810,810,815,815,0
2022-11-30 14:15:00,810,810,815,815,0
2022-11-30 14:16:00,810,810,815,815,0
2022-11-30 14:17:00,810,810,815,815,0
2022-11-30 14:18:00,810,810,815,815,0
2022-11-30 14:19:00,810,810,815,815,0
2022-11-30 14:20:00,810,810,815,815,0
2022-11-30 14:21:00,810,810,815,815,0
2022-11-30 14:22:00,810,810,815,815,0
2022-11-30 14:23:00,810,810,815,815,0
2022-11-30 14:24:00,815,815,820,820,1000
2022-11-30 14:25:00,815,815,820,820,0
2022-11-30 14:26:00,815,815,815,815,100
2022-11-30 14:27:00,815,815,815,815,0
2022-11-30 14:28:00,815,815,815,815,400
2022-11-30 14:29:00,815,815,815,815,0
2022-11-30 14:30:00,820,820,820,820,0
2022-11-30 14:31:00,820,820,820,820,0
2022-11-30 14:32:00,820,820,820,820,0
2022-11-30 14:33:00,820,820,820,820,0
2022-11-30 14:34:00,820,820,820,820,0
2022-11-30 14:35:00,820,820,820,820,0
2022-11-30 14:36:00,820,820,820,820,0
2022-11-30 14:37:00,820,820,820,820,0
2022-11-30 14:38:00,820,820,820,820,0
2022-11-30 14:39:00,820,820,820,820,0
2022-11-30 14:40:00,820,820,820,820,0
2022-11-30 14:41:00,820,820,820,820,0
2022-11-30 14:42:00,820,820,820,820,0
2022-11-30 14:43:00,820,820,820,820,0
2022-11-30 14:44:00,820,820,820,820,0
2022-11-30 14:45:00,820,820,820,820,0
2022-11-30 14:46:00,820,820,820,820,0
2022-11-30 14:47:00,820,820,820,820,0
2022-11-30 14:48:00,810,810,810,810,49500
2022-11-30 14:49:00,810,810,810,810,0
2022-11-30 14:50:00,810,810,810,810,0
2022-11-30 14:51:00,810,810,810,810,0
2022-11-30 14:52:00,810,810,810,810,0
2022-11-30 14:53:00,810,810,810,810,0
2022-11-30 14:54:00,810,810,810,810,0
2022-11-30 14:55:00,810,810,810,810,0
2022-11-30 14:56:00,810,810,810,810,0
2022-11-30 14:57:00,810,810,810,810,0
2022-11-30 14:58:00,810,810,810,810,0
2022-11-30 14:59:00,810,810,810,810,0
2022-11-30 15:00:00,815,815,815,815,12700
2022-11-30 15:01:00,815,815,815,815,0
2022-11-30 15:02:00,815,815,815,815,0
2022-11-30 15:03:00,815,815,815,815,0
2022-11-30 15:04:00,815,815,815,815,8700
2022-11-30 15:05:00,815,815,815,815,0
2022-11-30 15:06:00,815,815,815,815,0
2022-11-30 15:07:00,815,815,815,815,0
2022-11-30 15:08:00,815,815,815,815,0
2022-11-30 15:09:00,815,815,815,815,0
2022-11-30 15:10:00,815,815,815,815,0
2022-11-30 15:11:00,815,815,815,815,0
2022-11-30 15:12:00,815,815,815,815,0
2022-11-30 15:13:00,815,815,815,815,0
2022-11-30 15:14:00,815,815,815,815,0
2022-11-30 15:15:00,815,815,815,815,0
2022-11-30 15:16:00,815,815,815,815,0
2022-11-30 15:17:00,815,815,815,815,0
2022-11-30 15:18:00,815,815,815,815,0
2022-11-30 15:19:00,815,815,815,815,0
2022-11-30 15:20:00,815,815,815,815,0
2022-11-30 15:21:00,815,815,815,815,0
2022-11-30 15:22:00,815,815,815,815,0
2022-11-30 15:23:00,815,815,815,815,0
2022-11-30 15:24:00,815,815,815,815,0
2022-11-30 15:25:00,815,815,815,815,0
2022-11-30 15:26:00,815,815,815,815,0
2022-11-30 15:27:00,815,815,815,815,0
2022-11-30 15:28:00,815,815,815,815,0
2022-11-30 15:29:00,815,815,815,815,0
2022-11-30 15:30:00,815,815,815,815,0
2022-11-30 15:31:00,815,815,815,815,0
2022-11-30 15:32:00,815,815,815,815,0
2022-11-30 15:33:00,815,815,815,815,0
2022-11-30 15:34:00,815,815,815,815,0
2022-11-30 15:35:00,815,815,815,815,0
2022-11-30 15:36:00,815,815,815,815,0
2022-11-30 15:37:00,815,815,815,815,0
2022-11-30 15:38:00,815,815,815,815,0
2022-11-30 15:39:00,815,815,815,815,0
2022-11-30 15:40:00,815,815,815,815,0
2022-11-30 15:41:00,815,815,815,815,0
2022-11-30 15:42:00,815,815,815,815,0
2022-11-30 15:43:00,815,815,815,815,0
2022-11-30 15:44:00,815,815,815,815,0
2022-11-30 15:45:00,815,815,815,815,0
2022-11-30 15:46:00,815,815,815,815,0
2022-11-30 15:47:00,815,815,815,815,0
2022-11-30 15:48:00,815,815,815,815,0
2022-11-30 15:49:00,815,815,815,815,0
2022-11-30 15:50:00,815,815,815,815,0
2022-11-30 15:51:00,815,815,815,815,0
2022-11-30 15:52:00,815,815,815,815,0
2022-11-30 15:53:00,815,815,815,815,0
2022-11-30 15:54:00,815,815,815,815,0
2022-11-30 15:55:00,815,815,815,815,0
2022-11-30 15:56:00,815,815,815,815,0
2022-11-30 15:57:00,815,815,815,815,0
2022-11-30 15:58:00,815,815,815,815,0
2022-11-30 15:59:00,815,815,815,815,0
2022-12-01 09:00:00,820,820,820,820,800
2022-12-01 09:01:00,820,820,820,820,0
2022-12-01 09:02:00,820,820,820,820,0
2022-12-01 09:03:00,820,820,820,820,0
2022-12-01 09:04:00,820,820,820,820,0
2022-12-01 09:05:00,825,825,825,825,0
2022-12-01 09:06:00,820,805,820,805,234400
2022-12-01 09:07:00,825,825,825,825,0
2022-12-01 09:08:00,825,825,825,825,2100
2022-12-01 09:09:00,825,825,825,825,0
2022-12-01 09:10:00,825,825,825,825,0
2022-12-01 09:11:00,825,825,825,825,4200
2022-12-01 09:12:00,825,825,825,825,0
2022-12-01 09:13:00,825,825,825,825,0
2022-12-01 09:14:00,825,825,825,825,0
2022-12-01 09:15:00,825,825,825,825,4000
2022-12-01 09:16:00,825,825,825,825,0
2022-12-01 09:17:00,825,825,825,825,0
2022-12-01 09:18:00,820,820,820,820,0
2022-12-01 09:19:00,820,820,820,820,0
2022-12-01 09:20:00,820,820,820,820,0
2022-12-01 09:21:00,820,820,820,820,0
2022-12-01 09:22:00,820,820,820,820,0
2022-12-01 09:23:00,820,820,820,820,0
2022-12-01 09:24:00,820,820,820,820,0
2022-12-01 09:25:00,820,820,820,820,0
2022-12-01 09:26:00,820,820,820,820,0
2022-12-01 09:27:00,815,815,815,815,26000
2022-12-01 09:28:00,815,815,815,815,1000
2022-12-01 09:29:00,815,815,815,815,0
2022-12-01 09:30:00,815,815,815,815,1500
2022-12-01 09:31:00,815,815,815,815,0
2022-12-01 09:32:00,815,815,815,815,0
2022-12-01 09:33:00,815,815,815,815,0
2022-12-01 09:34:00,815,815,815,815,300
2022-12-01 09:35:00,815,815,815,815,0
2022-12-01 09:36:00,815,815,815,815,0
2022-12-01 09:37:00,815,815,815,815,0
2022-12-01 09:38:00,815,815,815,815,0
2022-12-01 09:39:00,815,810,815,810,30000
2022-12-01 09:40:00,810,810,810,810,0
2022-12-01 09:41:00,815,815,815,815,0
2022-12-01 09:42:00,815,815,815,815,0
2022-12-01 09:43:00,815,815,815,815,200
2022-12-01 09:44:00,815,815,815,815,0
2022-12-01 09:45:00,810,810,810,810,400
2022-12-01 09:46:00,810,810,810,810,0
2022-12-01 09:47:00,810,810,810,810,0
2022-12-01 09:48:00,810,810,810,810,0
2022-12-01 09:49:00,810,810,810,810,0
2022-12-01 09:50:00,810,810,810,810,0
2022-12-01 09:51:00,810,810,810,810,0
2022-12-01 09:52:00,810,810,810,810,0
2022-12-01 09:53:00,810,810,810,810,0
2022-12-01 09:54:00,810,810,810,810,0
2022-12-01 09:55:00,810,810,810,810,0
2022-12-01 09:56:00,810,810,810,810,0
2022-12-01 09:57:00,810,810,810,810,3600
2022-12-01 09:58:00,810,810,810,810,0
2022-12-01 09:59:00,810,810,810,810,0
2022-12-01 10:00:00,810,810,810,810,0
2022-12-01 10:01:00,810,810,810,810,0
2022-12-01 10:02:00,810,810,810,810,0
2022-12-01 10:03:00,810,810,810,810,0
2022-12-01 10:04:00,815,815,815,815,1900
2022-12-01 10:05:00,815,815,815,815,0
2022-12-01 10:06:00,815,815,815,815,0
2022-12-01 10:07:00,815,815,815,815,0
2022-12-01 10:08:00,815,815,815,815,0
2022-12-01 10:09:00,815,815,815,815,0
2022-12-01 10:10:00,815,815,815,815,0
2022-12-01 10:11:00,815,815,815,815,0
2022-12-01 10:12:00,815,815,815,815,0
2022-12-01 10:13:00,815,815,815,815,0
2022-12-01 10:14:00,815,815,815,815,0
2022-12-01 10:15:00,815,815,815,815,0
2022-12-01 10:16:00,815,815,815,815,20800
2022-12-01 10:17:00,815,815,815,815,0
2022-12-01 10:18:00,815,815,815,815,0
2022-12-01 10:19:00,815,815,815,815,0
2022-12-01 10:20:00,815,815,815,815,0
2022-12-01 10:21:00,815,815,815,815,0
2022-12-01 10:22:00,815,815,815,815,0
2022-12-01 10:23:00,815,815,815,815,0
2022-12-01 10:24:00,815,815,815,815,0
2022-12-01 10:25:00,815,815,815,815,0
2022-12-01 10:26:00,815,815,815,815,0
2022-12-01 10:27:00,820,820,820,820,2100
2022-12-01 10:28:00,820,820,820,820,0
2022-12-01 10:29:00,820,820,820,820,0
2022-12-01 10:30:00,820,820,820,820,0
2022-12-01 10:31:00,815,815,815,815,0
2022-12-01 10:32:00,815,815,815,815,0
2022-12-01 10:33:00,815,815,815,815,0
2022-12-01 10:34:00,815,815,815,815,0
2022-12-01 10:35:00,815,815,815,815,0
2022-12-01 10:36:00,815,815,815,815,0
2022-12-01 10:37:00,815,815,815,815,0
2022-12-01 10:38:00,815,815,815,815,0
2022-12-01 10:39:00,815,815,815,815,0
2022-12-01 10:40:00,815,815,815,815,0
2022-12-01 10:41:00,815,815,815,815,0
2022-12-01 10:42:00,815,815,815,815,0
2022-12-01 10:43:00,815,815,815,815,0
2022-12-01 10:44:00,815,815,815,815,12400
2022-12-01 10:45:00,815,815,815,815,0
2022-12-01 10:46:00,815,815,815,815,0
2022-12-01 10:47:00,815,815,815,815,0
2022-12-01 10:48:00,815,815,815,815,0
2022-12-01 10:49:00,815,815,815,815,0
2022-12-01 10:50:00,815,815,815,815,0
2022-12-01 10:51:00,815,815,815,815,0
2022-12-01 10:52:00,815,815,815,815,0
2022-12-01 10:53:00,815,815,815,815,0
2022-12-01 10:54:00,815,815,815,815,0
2022-12-01 10:55:00,815,815,815,815,0
2022-12-01 10:56:00,815,815,815,815,0
2022-12-01 10:57:00,815,815,815,815,0
2022-12-01 10:58:00,815,815,815,815,0
2022-12-01 10:59:00,815,815,815,815,0
2022-12-01 11:00:00,815,815,820,820,3100
2022-12-01 11:01:00,815,815,820,820,0
2022-12-01 11:02:00,815,815,820,820,0
2022-12-01 11:03:00,815,815,820,820,0
2022-12-01 11:04:00,815,815,820,820,0
2022-12-01 11:05:00,815,815,820,820,0
2022-12-01 11:06:00,815,815,820,820,0
2022-12-01 11:07:00,815,815,820,820,0
2022-12-01 11:08:00,815,815,820,820,0
2022-12-01 11:09:00,815,815,820,820,0
2022-12-01 11:10:00,820,820,820,820,100
2022-12-01 11:11:00,820,820,820,820,0
2022-12-01 11:12:00,820,820,820,820,0
2022-12-01 11:13:00,820,820,820,820,0
2022-12-01 11:14:00,820,820,820,820,0
2022-12-01 11:15:00,820,820,820,820,0
2022-12-01 11:16:00,820,820,820,820,0
2022-12-01 11:17:00,820,820,820,820,0
2022-12-01 11:18:00,820,820,820,820,0
2022-12-01 11:19:00,810,810,810,810,1500
2022-12-01 11:20:00,810,810,810,810,0
2022-12-01 11:21:00,810,810,810,810,0
2022-12-01 11:22:00,810,810,810,810,0
2022-12-01 11:23:00,810,810,810,810,0
2022-12-01 11:24:00,810,810,810,810,0
2022-12-01 11:25:00,810,810,810,810,0
2022-12-01 11:26:00,810,810,810,810,0
2022-12-01 11:27:00,810,810,810,810,0
2022-12-01 11:28:00,810,810,810,810,0
2022-12-01 11:29:00,810,810,810,810,0
2022-12-01 11:30:00,810,810,810,810,0
2022-12-01 11:31:00,810,810,810,810,0
2022-12-01 11:32:00,810,810,810,810,0
2022-12-01 11:33:00,810,810,810,810,0
2022-12-01 11:34:00,810,810,810,810,0
2022-12-01 11:35:00,810,810,810,810,0
2022-12-01 11:36:00,810,810,810,810,0
2022-12-01 11:37:00,810,810,810,810,0
2022-12-01 11:38:00,810,810,810,810,0
2022-12-01 11:39:00,810,810,810,810,0
2022-12-01 11:40:00,810,810,810,810,0
2022-12-01 11:41:00,810,810,810,810,0
2022-12-01 11:42:00,810,810,810,810,0
2022-12-01 11:43:00,810,810,810,810,0
2022-12-01 11:44:00,810,810,810,810,0
2022-12-01 11:45:00,810,810,810,810,0
2022-12-01 11:46:00,810,810,810,810,0
2022-12-01 11:47:00,810,810,810,810,0
2022-12-01 11:48:00,810,810,810,810,0
2022-12-01 11:49:00,810,810,810,810,0
2022-12-01 11:50:00,810,810,810,810,0
2022-12-01 11:51:00,810,810,810,810,0
2022-12-01 11:52:00,810,810,810,810,0
2022-12-01 11:53:00,810,810,810,810,0
2022-12-01 11:54:00,810,810,810,810,0
2022-12-01 11:55:00,810,810,810,810,0
2022-12-01 11:56:00,810,810,810,810,0
2022-12-01 11:57:00,810,810,810,810,0
2022-12-01 11:58:00,810,810,810,810,0
2022-12-01 11:59:00,810,810,810,810,0
2022-12-01 12:00:00,810,810,810,810,0
2022-12-01 12:01:00,810,810,810,810,0
2022-12-01 12:02:00,810,810,810,810,0
2022-12-01 12:03:00,810,810,810,810,0
2022-12-01 12:04:00,810,810,810,810,0
2022-12-01 12:05:00,810,810,810,810,0
2022-12-01 12:06:00,810,810,810,810,0
2022-12-01 12:07:00,810,810,810,810,0
2022-12-01 12:08:00,810,810,810,810,0
2022-12-01 12:09:00,810,810,810,810,0
2022-12-01 12:10:00,810,810,810,810,0
2022-12-01 12:11:00,810,810,810,810,0
2022-12-01 12:12:00,810,810,810,810,0
2022-12-01 12:13:00,810,810,810,810,0
2022-12-01 12:14:00,810,810,810,810,0
2022-12-01 12:15:00,810,810,810,810,0
2022-12-01 12:16:00,810,810,810,810,0
2022-12-01 12:17:00,810,810,810,810,0
2022-12-01 12:18:00,810,810,810,810,0
2022-12-01 12:19:00,810,810,810,810,0
2022-12-01 12:20:00,810,810,810,810,0
2022-12-01 12:21:00,810,810,810,810,0
2022-12-01 12:22:00,810,810,810,810,0
2022-12-01 12:23:00,810,810,810,810,0
2022-12-01 12:24:00,810,810,810,810,0
2022-12-01 12:25:00,810,810,810,810,0
2022-12-01 12:26:00,810,810,810,810,0
2022-12-01 12:27:00,810,810,810,810,0
2022-12-01 12:28:00,810,810,810,810,0
2022-12-01 12:29:00,810,810,810,810,0
2022-12-01 12:30:00,810,810,810,810,0
2022-12-01 12:31:00,810,810,810,810,0
2022-12-01 12:32:00,810,810,810,810,0
2022-12-01 12:33:00,810,810,810,810,0
2022-12-01 12:34:00,810,810,810,810,0
2022-12-01 12:35:00,810,810,810,810,0
2022-12-01 12:36:00,810,810,810,810,0
2022-12-01 12:37:00,810,810,810,810,0
2022-12-01 12:38:00,810,810,810,810,0
2022-12-01 12:39:00,810,810,810,810,0
2022-12-01 12:40:00,810,810,810,810,0
2022-12-01 12:41:00,810,810,810,810,0
2022-12-01 12:42:00,810,810,810,810,0
2022-12-01 12:43:00,810,810,810,810,0
2022-12-01 12:44:00,810,810,810,810,0
2022-12-01 12:45:00,810,810,810,810,0
2022-12-01 12:46:00,810,810,810,810,0
2022-12-01 12:47:00,810,810,810,810,0
2022-12-01 12:48:00,810,810,810,810,0
2022-12-01 12:49:00,810,810,810,810,0
2022-12-01 12:50:00,810,810,810,810,0
2022-12-01 12:51:00,810,810,810,810,0
2022-12-01 12:52:00,810,810,810,810,0
2022-12-01 12:53:00,810,810,810,810,0
2022-12-01 12:54:00,810,810,810,810,0
2022-12-01 12:55:00,810,810,810,810,0
2022-12-01 12:56:00,810,810,810,810,0
2022-12-01 12:57:00,810,810,810,810,0
2022-12-01 12:58:00,810,810,810,810,0
2022-12-01 12:59:00,810,810,810,810,0
2022-12-01 13:00:00,810,810,810,810,0
2022-12-01 13:01:00,810,810,810,810,0
2022-12-01 13:02:00,810,810,810,810,0
2022-12-01 13:03:00,810,810,810,810,0
2022-12-01 13:04:00,810,810,810,810,0
2022-12-01 13:05:00,810,810,810,810,0
2022-12-01 13:06:00,810,810,810,810,0
2022-12-01 13:07:00,810,810,810,810,0
2022-12-01 13:08:00,810,810,810,810,0
2022-12-01 13:09:00,810,810,810,810,0
2022-12-01 13:10:00,810,810,810,810,0
2022-12-01 13:11:00,810,810,810,810,0
2022-12-01 13:12:00,810,810,810,810,0
2022-12-01 13:13:00,810,810,810,810,0
2022-12-01 13:14:00,810,810,810,810,0
2022-12-01 13:15:00,810,810,810,810,0
2022-12-01 13:16:00,810,810,810,810,0
2022-12-01 13:17:00,810,810,810,810,0
2022-12-01 13:18:00,810,810,810,810,0
2022-12-01 13:19:00,810,810,810,810,0
2022-12-01 13:20:00,810,810,810,810,0
2022-12-01 13:21:00,810,810,810,810,0
2022-12-01 13:22:00,810,810,810,810,0
2022-12-01 13:23:00,810,810,810,810,0
2022-12-01 13:24:00,810,810,810,810,0
2022-12-01 13:25:00,810,810,810,810,0
2022-12-01 13:26:00,810,810,810,810,0
2022-12-01 13:27:00,810,810,810,810,0
2022-12-01 13:28:00,810,810,810,810,0
2022-12-01 13:29:00,810,810,810,810,0
2022-12-01 13:30:00,810,810,810,810,131500
2022-12-01 13:31:00,810,810,810,810,0
2022-12-01 13:32:00,810,810,810,810,3700
2022-12-01 13:33:00,810,810,810,810,28200
2022-12-01 13:34:00,810,810,810,810,0
2022-12-01 13:35:00,820,820,820,820,0
2022-12-01 13:36:00,820,820,820,820,0
2022-12-01 13:37:00,820,820,820,820,500
2022-12-01 13:38:00,820,820,820,820,0
2022-12-01 13:39:00,815,815,815,815,0
2022-12-01 13:40:00,815,815,815,815,2500
2022-12-01 13:41:00,815,815,815,815,0
2022-12-01 13:42:00,815,815,815,815,0
2022-12-01 13:43:00,815,815,815,815,0
2022-12-01 13:44:00,815,815,815,815,0
2022-12-01 13:45:00,815,815,815,815,0
2022-12-01 13:46:00,815,815,815,815,0
2022-12-01 13:47:00,815,815,815,815,0
2022-12-01 13:48:00,815,815,815,815,0
2022-12-01 13:49:00,815,815,815,815,0
2022-12-01 13:50:00,815,815,815,815,0
2022-12-01 13:51:00,815,815,815,815,0
2022-12-01 13:52:00,815,815,815,815,0
2022-12-01 13:53:00,815,815,815,815,0
2022-12-01 13:54:00,815,815,815,815,0
2022-12-01 13:55:00,815,815,815,815,0
2022-12-01 13:56:00,815,815,815,815,0
2022-12-01 13:57:00,815,815,815,815,0
2022-12-01 13:58:00,815,815,815,815,2000
2022-12-01 13:59:00,810,810,810,810,1000
2022-12-01 14:00:00,810,810,810,810,0
2022-12-01 14:01:00,810,810,810,810,65100
2022-12-01 14:02:00,810,810,810,810,0
2022-12-01 14:03:00,810,810,810,810,0
2022-12-01 14:04:00,810,810,810,810,0
2022-12-01 14:05:00,810,810,810,810,0
2022-12-01 14:06:00,810,810,810,810,19700
2022-12-01 14:07:00,810,810,810,810,0
2022-12-01 14:08:00,810,810,810,810,0
2022-12-01 14:09:00,810,810,810,810,0
2022-12-01 14:10:00,810,810,810,810,0
2022-12-01 14:11:00,810,810,810,810,0
2022-12-01 14:12:00,810,810,810,810,40100
2022-12-01 14:13:00,810,810,810,810,0
2022-12-01 14:14:00,810,810,810,810,12000
2022-12-01 14:15:00,810,810,810,810,0
2022-12-01 14:16:00,810,810,810,810,0
2022-12-01 14:17:00,810,810,810,810,0
2022-12-01 14:18:00,810,810,810,810,0
2022-12-01 14:19:00,810,810,810,810,0
2022-12-01 14:20:00,810,810,810,810,35000
2022-12-01 14:21:00,810,810,810,810,0
2022-12-01 14:22:00,810,810,810,810,0
2022-12-01 14:23:00,810,810,810,810,0
2022-12-01 14:24:00,810,810,810,810,0
2022-12-01 14:25:00,810,810,810,810,55000
2022-12-01 14:26:00,810,810,810,810,0
2022-12-01 14:27:00,810,810,810,810,0
2022-12-01 14:28:00,810,810,810,810,15000
2022-12-01 14:29:00,810,810,810,810,0
2022-12-01 14:30:00,810,810,810,810,0
2022-12-01 14:31:00,810,810,810,810,42500
2022-12-01 14:32:00,810,810,810,810,0
2022-12-01 14:33:00,810,810,810,810,0
2022-12-01 14:34:00,810,810,810,810,0
2022-12-01 14:35:00,810,810,810,810,0
2022-12-01 14:36:00,810,810,810,810,0
2022-12-01 14:37:00,810,810,810,810,0
2022-12-01 14:38:00,810,810,810,810,0
2022-12-01 14:39:00,810,810,810,810,0
2022-12-01 14:40:00,810,810,810,810,0
2022-12-01 14:41:00,810,810,810,810,0
2022-12-01 14:42:00,810,810,810,810,0
2022-12-01 14:43:00,810,810,810,810,0
2022-12-01 14:44:00,810,810,810,810,1400
2022-12-01 14:45:00,810,810,810,810,0
2022-12-01 14:46:00,810,810,810,810,9300
2022-12-01 14:47:00,810,810,810,810,0
2022-12-01 14:48:00,810,810,810,810,0
2022-12-01 14:49:00,810,810,810,810,0
2022-12-01 14:50:00,810,810,810,810,0
2022-12-01 14:51:00,810,810,810,810,0
2022-12-01 14:52:00,810,810,810,810,0
2022-12-01 14:53:00,810,810,810,810,0
2022-12-01 14:54:00,810,810,810,810,0
2022-12-01 14:55:00,810,810,810,810,0
2022-12-01 14:56:00,810,810,810,810,0
2022-12-01 14:57:00,810,810,810,810,0
2022-12-01 14:58:00,810,810,810,810,0
2022-12-01 14:59:00,810,810,810,810,0
2022-12-01 15:00:00,810,810,810,810,0
2022-12-01 15:01:00,810,810,810,810,9500
2022-12-01 15:02:00,810,810,810,810,7200
2022-12-01 15:03:00,810,810,810,810,0
2022-12-01 15:04:00,810,810,810,810,0
2022-12-01 15:05:00,810,810,810,810,0
2022-12-01 15:06:00,810,810,810,810,0
2022-12-01 15:07:00,810,810,810,810,0
2022-12-01 15:08:00,810,810,810,810,0
2022-12-01 15:09:00,810,810,810,810,0
2022-12-01 15:10:00,810,810,810,810,0
2022-12-01 15:11:00,810,810,810,810,0
2022-12-01 15:12:00,810,810,810,810,0
2022-12-01 15:13:00,810,810,810,810,0
2022-12-01 15:14:00,810,810,810,810,0
2022-12-01 15:15:00,810,810,810,810,0
2022-12-01 15:16:00,810,810,810,810,0
2022-12-01 15:17:00,810,810,810,810,0
2022-12-01 15:18:00,810,810,810,810,0
2022-12-01 15:19:00,810,810,810,810,0
2022-12-01 15:20:00,810,810,810,810,0
2022-12-01 15:21:00,810,810,810,810,0
2022-12-01 15:22:00,810,810,810,810,0
2022-12-01 15:23:00,810,810,810,810,0
2022-12-01 15:24:00,810,810,810,810,0
2022-12-01 15:25:00,810,810,810,810,0
2022-12-01 15:26:00,810,810,810,810,0
2022-12-01 15:27:00,810,810,810,810,0
2022-12-01 15:28:00,810,810,810,810,0
2022-12-01 15:29:00,810,810,810,810,0
2022-12-01 15:30:00,810,810,810,810,0
2022-12-01 15:31:00,810,810,810,810,0
2022-12-01 15:32:00,810,810,810,810,0
2022-12-01 15:33:00,810,810,810,810,0
2022-12-01 15:34:00,810,810,810,810,0
2022-12-01 15:35:00,810,810,810,810,0
2022-12-01 15:36:00,810,810,810,810,0
2022-12-01 15:37:00,810,810,810,810,0
2022-12-01 15:38:00,810,810,810,810,0
2022-12-01 15:39:00,810,810,810,810,0
2022-12-01 15:40:00,810,810,810,810,0
2022-12-01 15:41:00,810,810,810,810,0
2022-12-01 15:42:00,810,810,810,810,0
2022-12-01 15:43:00,810,810,810,810,0
2022-12-01 15:44:00,810,810,810,810,0
2022-12-01 15:45:00,810,810,810,810,0
2022-12-01 15:46:00,810,810,810,810,0
2022-12-01 15:47:00,810,810,810,810,0
2022-12-01 15:48:00,810,810,810,810,0
2022-12-01 15:49:00,810,810,810,810,0
2022-12-01 15:50:00,810,810,810,810,0
2022-12-01 15:51:00,810,810,810,810,0
2022-12-01 15:52:00,810,810,810,810,0
2022-12-01 15:53:00,810,810,810,810,0
2022-12-01 15:54:00,810,810,810,810,0
2022-12-01 15:55:00,810,810,810,810,0
2022-12-01 15:56:00,810,810,810,810,0
2022-12-01 15:57:00,810,810,810,810,0
2022-12-01 15:58:00,810,810,810,810,0
2022-12-01 15:59:00,810,810,810,810,0
2022-12-02 09:00:00,810,810,810,810,0
2022-12-02 09:01:00,810,810,810,810,0
2022-12-02 09:02:00,810,810,810,810,0
2022-12-02 09:03:00,810,810,810,810,0
2022-12-02 09:04:00,825,825,825,825,200
2022-12-02 09:05:00,825,825,825,825,0
2022-12-02 09:06:00,825,825,825,825,0
2022-12-02 09:07:00,825,825,825,825,0
2022-12-02 09:08:00,825,825,825,825,0
2022-12-02 09:09:00,825,825,825,825,0
2022-12-02 09:10:00,825,825,825,825,0
2022-12-02 09:11:00,825,825,825,825,0
2022-12-02 09:12:00,820,820,820,820,200
2022-12-02 09:13:00,820,820,820,820,0
2022-12-02 09:14:00,820,820,820,820,0
2022-12-02 09:15:00,820,820,820,820,0
2022-12-02 09:16:00,820,820,820,820,2500
2022-12-02 09:17:00,820,820,820,820,0
2022-12-02 09:18:00,820,820,820,820,1700
2022-12-02 09:19:00,820,820,820,820,0
2022-12-02 09:20:00,820,820,820,820,0
2022-12-02 09:21:00,820,820,820,820,3900
2022-12-02 09:22:00,820,820,820,820,0
2022-12-02 09:23:00,820,820,820,820,0
2022-12-02 09:24:00,820,820,820,820,0
2022-12-02 09:25:00,820,820,820,820,0
2022-12-02 09:26:00,820,820,820,820,2500
2022-12-02 09:27:00,820,820,820,820,0
2022-12-02 09:28:00,820,820,820,820,2300
2022-12-02 09:29:00,820,820,820,820,0
2022-12-02 09:30:00,820,820,820,820,0
2022-12-02 09:31:00,820,820,820,820,0
2022-12-02 09:32:00,820,820,820,820,0
2022-12-02 09:33:00,820,820,820,820,0
2022-12-02 09:34:00,820,820,820,820,0
2022-12-02 09:35:00,820,820,820,820,0
2022-12-02 09:36:00,820,820,820,820,0
2022-12-02 09:37:00,820,820,820,820,0
2022-12-02 09:38:00,820,820,820,820,0
2022-12-02 09:39:00,820,820,820,820,0
2022-12-02 09:40:00,820,820,820,820,0
2022-12-02 09:41:00,815,815,815,815,1400
2022-12-02 09:42:00,815,815,815,815,0
2022-12-02 09:43:00,815,815,815,815,0
2022-12-02 09:44:00,815,815,815,815,0
2022-12-02 09:45:00,815,815,815,815,0
2022-12-02 09:46:00,815,815,815,815,0
2022-12-02 09:47:00,815,815,815,815,0
2022-12-02 09:48:00,815,815,815,815,0
2022-12-02 09:49:00,815,815,815,815,0
2022-12-02 09:50:00,815,815,815,815,0
2022-12-02 09:51:00,815,815,815,815,0
2022-12-02 09:52:00,815,815,815,815,0
2022-12-02 09:53:00,815,815,815,815,0
2022-12-02 09:54:00,815,815,815,815,0
2022-12-02 09:55:00,815,815,815,815,0
2022-12-02 09:56:00,815,815,815,815,0
2022-12-02 09:57:00,815,815,815,815,14800
2022-12-02 09:58:00,815,815,815,815,0
2022-12-02 09:59:00,815,815,815,815,0
2022-12-02 10:00:00,815,815,815,815,0
2022-12-02 10:01:00,815,815,815,815,0
2022-12-02 10:02:00,815,815,815,815,0
2022-12-02 10:03:00,815,815,815,815,0
2022-12-02 10:04:00,815,815,815,815,0
2022-12-02 10:05:00,815,815,815,815,0
2022-12-02 10:06:00,815,815,815,815,0
2022-12-02 10:07:00,815,815,815,815,0
2022-12-02 10:08:00,820,820,820,820,0
2022-12-02 10:09:00,820,820,820,820,600
2022-12-02 10:10:00,820,820,820,820,0
2022-12-02 10:11:00,820,820,820,820,0
2022-12-02 10:12:00,820,820,820,820,0
2022-12-02 10:13:00,820,820,820,820,0
2022-12-02 10:14:00,820,820,820,820,0
2022-12-02 10:15:00,820,820,820,820,200
2022-12-02 10:16:00,820,820,820,820,0
2022-12-02 10:17:00,820,820,820,820,0
2022-12-02 10:18:00,815,815,815,815,100
2022-12-02 10:19:00,815,815,815,815,0
2022-12-02 10:20:00,815,815,815,815,0
2022-12-02 10:21:00,815,815,815,815,0
2022-12-02 10:22:00,815,815,815,815,0
2022-12-02 10:23:00,815,815,815,815,0
2022-12-02 10:24:00,815,815,815,815,0
2022-12-02 10:25:00,815,815,815,815,0
2022-12-02 10:26:00,815,815,815,815,0
2022-12-02 10:27:00,815,815,815,815,0
2022-12-02 10:28:00,815,815,815,815,0
2022-12-02 10:29:00,815,815,815,815,0
2022-12-02 10:30:00,815,815,815,815,0
2022-12-02 10:31:00,815,815,815,815,0
2022-12-02 10:32:00,815,815,815,815,0
2022-12-02 10:33:00,815,815,815,815,1100
2022-12-02 10:34:00,815,815,815,815,0
2022-12-02 10:35:00,815,815,815,815,0
2022-12-02 10:36:00,815,815,815,815,0
2022-12-02 10:37:00,815,815,815,815,0
2022-12-02 10:38:00,815,815,815,815,0
2022-12-02 10:39:00,815,815,815,815,0
2022-12-02 10:40:00,815,815,815,815,0
2022-12-02 10:41:00,815,815,815,815,0
2022-12-02 10:42:00,815,815,815,815,0
2022-12-02 10:43:00,815,815,815,815,0
2022-12-02 10:44:00,815,815,815,815,0
2022-12-02 10:45:00,815,815,815,815,0
2022-12-02 10:46:00,815,815,815,815,0
2022-12-02 10:47:00,815,815,815,815,0
2022-12-02 10:48:00,815,815,815,815,0
2022-12-02 10:49:00,815,815,815,815,0
2022-12-02 10:50:00,815,815,815,815,0
2022-12-02 10:51:00,815,815,815,815,0
2022-12-02 10:52:00,815,815,815,815,0
2022-12-02 10:53:00,815,815,815,815,20000
2022-12-02 10:54:00,815,815,815,815,0
2022-12-02 10:55:00,815,815,815,815,0
2022-12-02 10:56:00,815,815,815,815,0
2022-12-02 10:57:00,815,815,815,815,0
2022-12-02 10:58:00,815,815,815,815,0
2022-12-02 10:59:00,815,815,815,815,0
2022-12-02 11:00:00,815,815,815,815,0
2022-12-02 11:01:00,815,815,815,815,0
2022-12-02 11:02:00,815,815,815,815,0
2022-12-02 11:03:00,815,815,815,815,0
2022-12-02 11:04:00,815,815,815,815,0
2022-12-02 11:05:00,815,815,815,815,0
2022-12-02 11:06:00,815,815,815,815,0
2022-12-02 11:07:00,815,815,815,815,0
2022-12-02 11:08:00,815,815,815,815,0
2022-12-02 11:09:00,815,815,815,815,0
2022-12-02 11:10:00,815,815,815,815,0
2022-12-02 11:11:00,815,815,815,815,0
2022-12-02 11:12:00,815,815,815,815,0
2022-12-02 11:13:00,815,815,815,815,0
2022-12-02 11:14:00,815,815,815,815,0
2022-12-02 11:15:00,815,815,815,815,0
2022-12-02 11:16:00,815,815,815,815,0
2022-12-02 11:17:00,815,815,815,815,0
2022-12-02 11:18:00,815,815,815,815,0
2022-12-02 11:19:00,815,815,815,815,0
2022-12-02 11:20:00,815,815,815,815,0
2022-12-02 11:21:00,815,815,815,815,0
2022-12-02 11:22:00,815,815,815,815,0
2022-12-02 11:23:00,815,815,815,815,0
2022-12-02 11:24:00,815,815,815,815,200
2022-12-02 11:25:00,815,815,815,815,0
2022-12-02 11:26:00,815,815,815,815,0
2022-12-02 11:27:00,815,815,815,815,0
2022-12-02 11:28:00,815,815,815,815,0
2022-12-02 11:29:00,815,815,815,815,0
2022-12-02 11:30:00,815,815,815,815,0
2022-12-02 11:31:00,815,815,815,815,0
2022-12-02 11:32:00,815,815,815,815,0
2022-12-02 11:33:00,815,815,815,815,0
2022-12-02 11:34:00,815,815,815,815,0
2022-12-02 11:35:00,815,815,815,815,0
2022-12-02 11:36:00,815,815,815,815,0
2022-12-02 11:37:00,815,815,815,815,0
2022-12-02 11:38:00,815,815,815,815,0
2022-12-02 11:39:00,815,815,815,815,0
2022-12-02 11:40:00,815,815,815,815,0
2022-12-02 11:41:00,815,815,815,815,0
2022-12-02 11:42:00,815,815,815,815,0
2022-12-02 11:43:00,815,815,815,815,0
2022-12-02 11:44:00,815,815,815,815,0
2022-12-02 11:45:00,815,815,815,815,0
2022-12-02 11:46:00,815,815,815,815,0
2022-12-02 11:47:00,815,815,815,815,0
2022-12-02 11:48:00,815,815,815,815,0
2022-12-02 11:49:00,815,815,815,815,0
2022-12-02 11:50:00,815,815,815,815,0
2022-12-02 11:51:00,815,815,815,815,0
2022-12-02 11:52:00,815,815,815,815,0
2022-12-02 11:53:00,815,815,815,815,0
2022-12-02 11:54:00,815,815,815,815,0
2022-12-02 11:55:00,815,815,815,815,0
2022-12-02 11:56:00,815,815,815,815,0
2022-12-02 11:57:00,815,815,815,815,0
2022-12-02 11:58:00,815,815,815,815,0
2022-12-02 11:59:00,815,815,815,815,0
2022-12-02 12:00:00,815,815,815,815,0
2022-12-02 12:01:00,815,815,815,815,0
2022-12-02 12:02:00,815,815,815,815,0
2022-12-02 12:03:00,815,815,815,815,0
2022-12-02 12:04:00,815,815,815,815,0
2022-12-02 12:05:00,815,815,815,815,0
2022-12-02 12:06:00,815,815,815,815,0
2022-12-02 12:07:00,815,815,815,815,0
2022-12-02 12:08:00,815,815,815,815,0
2022-12-02 12:09:00,815,815,815,815,0
2022-12-02 12:10:00,815,815,815,815,0
2022-12-02 12:11:00,815,815,815,815,0
2022-12-02 12:12:00,815,815,815,815,0
2022-12-02 12:13:00,815,815,815,815,0
2022-12-02 12:14:00,815,815,815,815,0
2022-12-02 12:15:00,815,815,815,815,0
2022-12-02 12:16:00,815,815,815,815,0
2022-12-02 12:17:00,815,815,815,815,0
2022-12-02 12:18:00,815,815,815,815,0
2022-12-02 12:19:00,815,815,815,815,0
2022-12-02 12:20:00,815,815,815,815,0
2022-12-02 12:21:00,815,815,815,815,0
2022-12-02 12:22:00,815,815,815,815,0
2022-12-02 12:23:00,815,815,815,815,0
2022-12-02 12:24:00,815,815,815,815,0
2022-12-02 12:25:00,815,815,815,815,0
2022-12-02 12:26:00,815,815,815,815,0
2022-12-02 12:27:00,815,815,815,815,0
2022-12-02 12:28:00,815,815,815,815,0
2022-12-02 12:29:00,815,815,815,815,0
2022-12-02 12:30:00,815,815,815,815,0
2022-12-02 12:31:00,815,815,815,815,0
2022-12-02 12:32:00,815,815,815,815,0
2022-12-02 12:33:00,815,815,815,815,0
2022-12-02 12:34:00,815,815,815,815,0
2022-12-02 12:35:00,815,815,815,815,0
2022-12-02 12:36:00,815,815,815,815,0
2022-12-02 12:37:00,815,815,815,815,0
2022-12-02 12:38:00,815,815,815,815,0
2022-12-02 12:39:00,815,815,815,815,0
2022-12-02 12:40:00,815,815,815,815,0
2022-12-02 12:41:00,815,815,815,815,0
2022-12-02 12:42:00,815,815,815,815,0
2022-12-02 12:43:00,815,815,815,815,0
2022-12-02 12:44:00,815,815,815,815,0
2022-12-02 12:45:00,815,815,815,815,0
2022-12-02 12:46:00,815,815,815,815,0
2022-12-02 12:47:00,815,815,815,815,0
2022-12-02 12:48:00,815,815,815,815,0
2022-12-02 12:49:00,815,815,815,815,0
2022-12-02 12:50:00,815,815,815,815,0
2022-12-02 12:51:00,815,815,815,815,0
2022-12-02 12:52:00,815,815,815,815,0
2022-12-02 12:53:00,815,815,815,815,0
2022-12-02 12:54:00,815,815,815,815,0
2022-12-02 12:55:00,815,815,815,815,0
2022-12-02 12:56:00,815,815,815,815,0
2022-12-02 12:57:00,815,815,815,815,0
2022-12-02 12:58:00,815,815,815,815,0
2022-12-02 12:59:00,815,815,815,815,0
2022-12-02 13:00:00,815,815,815,815,0
2022-12-02 13:01:00,815,815,815,815,0
2022-12-02 13:02:00,815,815,815,815,0
2022-12-02 13:03:00,815,815,815,815,0
2022-12-02 13:04:00,815,815,815,815,0
2022-12-02 13:05:00,815,815,815,815,0
2022-12-02 13:06:00,815,815,815,815,0
2022-12-02 13:07:00,815,815,815,815,0
2022-12-02 13:08:00,815,815,815,815,0
2022-12-02 13:09:00,815,815,815,815,0
2022-12-02 13:10:00,815,815,815,815,0
2022-12-02 13:11:00,815,815,815,815,0
2022-12-02 13:12:00,815,815,815,815,0
2022-12-02 13:13:00,815,815,815,815,0
2022-12-02 13:14:00,815,815,815,815,0
2022-12-02 13:15:00,815,815,815,815,0
2022-12-02 13:16:00,815,815,815,815,0
2022-12-02 13:17:00,815,815,815,815,0
2022-12-02 13:18:00,815,815,815,815,0
2022-12-02 13:19:00,815,815,815,815,0
2022-12-02 13:20:00,815,815,815,815,0
2022-12-02 13:21:00,815,815,815,815,0
2022-12-02 13:22:00,815,815,815,815,0
2022-12-02 13:23:00,815,815,815,815,0
2022-12-02 13:24:00,815,815,815,815,0
2022-12-02 13:25:00,815,815,815,815,0
2022-12-02 13:26:00,815,815,815,815,0
2022-12-02 13:27:00,815,815,815,815,0
2022-12-02 13:28:00,815,815,815,815,0
2022-12-02 13:29:00,815,815,815,815,0
2022-12-02 13:30:00,815,815,815,815,0
2022-12-02 13:31:00,815,815,815,815,0
2022-12-02 13:32:00,815,815,815,815,0
2022-12-02 13:33:00,815,815,815,815,0
2022-12-02 13:34:00,815,815,815,815,0
2022-12-02 13:35:00,815,815,815,815,0
2022-12-02 13:36:00,815,815,815,815,0
2022-12-02 13:37:00,815,815,815,815,0
2022-12-02 13:38:00,815,815,815,815,0
2022-12-02 13:39:00,815,815,815,815,0
2022-12-02 13:40:00,815,815,815,815,0
2022-12-02 13:41:00,815,815,815,815,0
2022-12-02 13:42:00,815,815,815,815,0
2022-12-02 13:43:00,815,815,815,815,0
2022-12-02 13:44:00,815,815,815,815,0
2022-12-02 13:45:00,815,815,815,815,0
2022-12-02 13:46:00,815,815,815,815,0
2022-12-02 13:47:00,815,815,815,815,0
2022-12-02 13:48:00,815,815,815,815,0
2022-12-02 13:49:00,815,815,815,815,0
2022-12-02 13:50:00,815,815,815,815,0
2022-12-02 13:51:00,815,815,815,815,0
2022-12-02 13:52:00,815,815,815,815,0
2022-12-02 13:53:00,815,815,815,815,0
2022-12-02 13:54:00,815,815,815,815,0
2022-12-02 13:55:00,815,815,815,815,0
2022-12-02 13:56:00,815,815,815,815,0
2022-12-02 13:57:00,815,815,815,815,0
2022-12-02 13:58:00,815,815,815,815,0
2022-12-02 13:59:00,815,815,815,815,0
2022-12-02 14:00:00,815,815,815,815,0
2022-12-02 14:01:00,815,815,815,815,0
2022-12-02 14:02:00,815,815,815,815,0
2022-12-02 14:03:00,815,815,815,815,300
2022-12-02 14:04:00,815,815,815,815,0
2022-12-02 14:05:00,815,815,815,815,0
2022-12-02 14:06:00,815,815,815,815,0
2022-12-02 14:07:00,815,815,815,815,0
2022-12-02 14:08:00,815,815,815,815,0
2022-12-02 14:09:00,815,815,815,815,0
2022-12-02 14:10:00,815,815,815,815,0
2022-12-02 14:11:00,815,815,815,815,0
2022-12-02 14:12:00,815,815,815,815,8400
2022-12-02 14:13:00,815,815,815,815,0
2022-12-02 14:14:00,815,815,815,815,0
2022-12-02 14:15:00,815,815,815,815,0
2022-12-02 14:16:00,815,815,815,815,0
2022-12-02 14:17:00,815,815,815,815,0
2022-12-02 14:18:00,815,815,815,815,0
2022-12-02 14:19:00,815,815,815,815,0
2022-12-02 14:20:00,815,815,815,815,0
2022-12-02 14:21:00,815,815,815,815,0
2022-12-02 14:22:00,815,815,815,815,0
2022-12-02 14:23:00,815,815,815,815,0
2022-12-02 14:24:00,815,815,815,815,0
2022-12-02 14:25:00,820,820,820,820,2400
2022-12-02 14:26:00,820,820,820,820,100
2022-12-02 14:27:00,825,825,825,825,100
2022-12-02 14:28:00,825,825,825,825,0
2022-12-02 14:29:00,825,825,825,825,0
2022-12-02 14:30:00,825,825,825,825,0
2022-12-02 14:31:00,825,825,830,830,3600
2022-12-02 14:32:00,825,825,830,830,0
2022-12-02 14:33:00,825,825,830,830,0
2022-12-02 14:34:00,825,825,830,830,0
2022-12-02 14:35:00,825,825,830,830,0
2022-12-02 14:36:00,825,825,830,830,0
2022-12-02 14:37:00,825,825,830,830,0
2022-12-02 14:38:00,825,825,830,830,0
2022-12-02 14:39:00,830,830,830,830,11900
2022-12-02 14:40:00,830,830,830,830,0
2022-12-02 14:41:00,830,830,830,830,0
2022-12-02 14:42:00,830,830,830,830,0
2022-12-02 14:43:00,830,830,830,830,0
2022-12-02 14:44:00,830,830,830,830,0
2022-12-02 14:45:00,830,830,830,830,0
2022-12-02 14:46:00,830,830,830,830,0
2022-12-02 14:47:00,830,830,830,830,0
2022-12-02 14:48:00,830,830,830,830,0
2022-12-02 14:49:00,830,830,830,830,0
2022-12-02 14:50:00,830,830,830,830,0
2022-12-02 14:51:00,830,830,830,830,0
2022-12-02 14:52:00,830,830,830,830,0
2022-12-02 14:53:00,830,830,830,830,0
2022-12-02 14:54:00,830,830,830,830,0
2022-12-02 14:55:00,830,830,830,830,0
2022-12-02 14:56:00,830,830,830,830,0
2022-12-02 14:57:00,830,830,830,830,0
2022-12-02 14:58:00,830,830,830,830,0
2022-12-02 14:59:00,830,830,830,830,0
2022-12-02 15:00:00,820,820,820,820,1000
2022-12-02 15:01:00,820,820,820,820,0
2022-12-02 15:02:00,820,820,820,820,0
2022-12-02 15:03:00,820,820,820,820,0
2022-12-02 15:04:00,820,820,820,820,0
2022-12-02 15:05:00,820,820,820,820,0
2022-12-02 15:06:00,820,820,820,820,0
2022-12-02 15:07:00,820,820,820,820,0
2022-12-02 15:08:00,820,820,820,820,0
2022-12-02 15:09:00,820,820,820,820,0
2022-12-02 15:10:00,820,820,820,820,0
2022-12-02 15:11:00,820,820,820,820,0
2022-12-02 15:12:00,820,820,820,820,0
2022-12-02 15:13:00,820,820,820,820,0
2022-12-02 15:14:00,820,820,820,820,0
2022-12-02 15:15:00,820,820,820,820,0
2022-12-02 15:16:00,820,820,820,820,0
2022-12-02 15:17:00,820,820,820,820,0
2022-12-02 15:18:00,820,820,820,820,0
2022-12-02 15:19:00,820,820,820,820,0
2022-12-02 15:20:00,820,820,820,820,0
2022-12-02 15:21:00,820,820,820,820,0
2022-12-02 15:22:00,820,820,820,820,0
2022-12-02 15:23:00,820,820,820,820,0
2022-12-02 15:24:00,820,820,820,820,0
2022-12-02 15:25:00,820,820,820,820,0
2022-12-02 15:26:00,820,820,820,820,0
2022-12-02 15:27:00,820,820,820,820,0
2022-12-02 15:28:00,820,820,820,820,0
2022-12-02 15:29:00,820,820,820,820,0
2022-12-02 15:30:00,820,820,820,820,0
2022-12-02 15:31:00,820,820,820,820,0
2022-12-02 15:32:00,820,820,820,820,0
2022-12-02 15:33:00,820,820,820,820,0
2022-12-02 15:34:00,820,820,820,820,0
2022-12-02 15:35:00,820,820,820,820,0
2022-12-02 15:36:00,820,820,820,820,0
2022-12-02 15:37:00,820,820,820,820,0
2022-12-02 15:38:00,820,820,820,820,0
2022-12-02 15:39:00,820,820,820,820,0
2022-12-02 15:40:00,820,820,820,820,0
2022-12-02 15:41:00,820,820,820,820,0
2022-12-02 15:42:00,820,820,820,820,0
2022-12-02 15:43:00,820,820,820,820,0
2022-12-02 15:44:00,820,820,820,820,0
2022-12-02 15:45:00,820,820,820,820,0
2022-12-02 15:46:00,820,820,820,820,0
2022-12-02 15:47:00,820,820,820,820,0
2022-12-02 15:48:00,820,820,820,820,0
2022-12-02 15:49:00,820,820,820,820,0
2022-12-02 15:50:00,820,820,820,820,0
2022-12-02 15:51:00,820,820,820,820,0
2022-12-02 15:52:00,820,820,820,820,0
2022-12-02 15:53:00,820,820,820,820,0
2022-12-02 15:54:00,820,820,820,820,0
2022-12-02 15:55:00,820,820,820,820,0
2022-12-02 15:56:00,820,820,820,820,0
2022-12-02 15:57:00,820,820,820,820,0
2022-12-02 15:58:00,820,820,820,820,0
2022-12-02 15:59:00,820,820,820,820,0
2022-12-05 09:00:00,820,815,820,815,0
2022-12-05 09:01:00,820,815,820,815,0
2022-12-05 09:02:00,820,815,820,815,0
2022-12-05 09:03:00,820,815,820,815,0
2022-12-05 09:04:00,820,815,820,815,0
2022-12-05 09:05:00,820,815,820,815,0
2022-12-05 09:06:00,820,815,820,815,0
2022-12-05 09:07:00,810,810,810,810,0
2022-12-05 09:08:00,810,800,810,800,63500
2022-12-05 09:09:00,810,800,810,800,0
2022-12-05 09:10:00,810,800,810,800,0
2022-12-05 09:11:00,810,800,810,800,0
2022-12-05 09:12:00,810,810,810,810,100
2022-12-05 09:13:00,810,810,810,810,0
2022-12-05 09:14:00,810,810,810,810,0
2022-12-05 09:15:00,815,815,815,815,400
2022-12-05 09:16:00,815,815,815,815,0
2022-12-05 09:17:00,815,815,815,815,0
2022-12-05 09:18:00,815,815,815,815,300
2022-12-05 09:19:00,815,815,815,815,0
2022-12-05 09:20:00,815,815,815,815,1300
2022-12-05 09:21:00,815,815,815,815,0
2022-12-05 09:22:00,815,815,815,815,0
2022-12-05 09:23:00,815,815,815,815,0
2022-12-05 09:24:00,815,815,815,815,0
2022-12-05 09:25:00,815,815,815,815,0
2022-12-05 09:26:00,810,810,810,810,1700
2022-12-05 09:27:00,810,810,810,810,0
2022-12-05 09:28:00,810,810,810,810,0
2022-12-05 09:29:00,810,810,810,810,0
2022-12-05 09:30:00,810,810,810,810,0
2022-12-05 09:31:00,810,810,810,810,0
2022-12-05 09:32:00,815,815,815,815,3000
2022-12-05 09:33:00,815,815,815,815,0
2022-12-05 09:34:00,815,815,815,815,0
2022-12-05 09:35:00,815,815,815,815,0
2022-12-05 09:36:00,815,815,815,815,0
2022-12-05 09:37:00,815,815,815,815,0
2022-12-05 09:38:00,815,815,815,815,0
2022-12-05 09:39:00,815,815,815,815,0
2022-12-05 09:40:00,815,815,815,815,0
2022-12-05 09:41:00,815,815,815,815,0
2022-12-05 09:42:00,815,815,815,815,0
2022-12-05 09:43:00,815,815,815,815,0
2022-12-05 09:44:00,815,815,815,815,0
2022-12-05 09:45:00,815,815,815,815,0
2022-12-05 09:46:00,815,815,815,815,0
2022-12-05 09:47:00,815,815,815,815,0
2022-12-05 09:48:00,815,810,815,810,8100
2022-12-05 09:49:00,815,810,815,810,0
2022-12-05 09:50:00,815,810,815,810,0
2022-12-05 09:51:00,815,810,815,810,0
2022-12-05 09:52:00,815,810,815,810,0
2022-12-05 09:53:00,815,810,815,810,0
2022-12-05 09:54:00,815,810,815,810,0
2022-12-05 09:55:00,815,810,815,810,0
2022-12-05 09:56:00,815,810,815,810,0
2022-12-05 09:57:00,810,810,810,810,21900
2022-12-05 09:58:00,810,810,810,810,0
2022-12-05 09:59:00,810,810,810,810,0
2022-12-05 10:00:00,810,810,810,810,0
2022-12-05 10:01:00,810,810,810,810,0
2022-12-05 10:02:00,810,810,810,810,0
2022-12-05 10:03:00,810,810,810,810,0
2022-12-05 10:04:00,810,810,810,810,0
2022-12-05 10:05:00,810,810,810,810,0
2022-12-05 10:06:00,810,810,810,810,0
2022-12-05 10:07:00,810,810,810,810,0
2022-12-05 10:08:00,810,810,810,810,0
2022-12-05 10:09:00,810,810,810,810,0
2022-12-05 10:10:00,810,810,810,810,0
2022-12-05 10:11:00,810,810,810,810,0
2022-12-05 10:12:00,810,810,810,810,0
2022-12-05 10:13:00,810,810,810,810,0
2022-12-05 10:14:00,810,810,810,810,2000
2022-12-05 10:15:00,810,810,810,810,0
2022-12-05 10:16:00,810,810,810,810,0
2022-12-05 10:17:00,810,810,810,810,0
2022-12-05 10:18:00,810,810,810,810,0
2022-12-05 10:19:00,810,810,810,810,0
2022-12-05 10:20:00,810,810,810,810,800
2022-12-05 10:21:00,810,810,810,810,0
2022-12-05 10:22:00,810,810,810,810,0
2022-12-05 10:23:00,810,810,810,810,0
2022-12-05 10:24:00,810,810,810,810,0
2022-12-05 10:25:00,810,810,810,810,0
2022-12-05 10:26:00,810,810,810,810,2400
2022-12-05 10:27:00,810,810,810,810,0
2022-12-05 10:28:00,810,810,810,810,0
2022-12-05 10:29:00,810,810,810,810,0
2022-12-05 10:30:00,810,810,810,810,0
2022-12-05 10:31:00,810,810,810,810,0
2022-12-05 10:32:00,810,810,810,810,0
2022-12-05 10:33:00,810,810,810,810,0
2022-12-05 10:34:00,810,810,810,810,0
2022-12-05 10:35:00,810,810,810,810,0
2022-12-05 10:36:00,810,810,810,810,0
2022-12-05 10:37:00,810,810,810,810,0
2022-12-05 10:38:00,810,810,810,810,0
2022-12-05 10:39:00,810,810,810,810,0
2022-12-05 10:40:00,810,810,810,810,0
2022-12-05 10:41:00,810,810,810,810,700
2022-12-05 10:42:00,810,810,810,810,0
2022-12-05 10:43:00,810,810,810,810,0
2022-12-05 10:44:00,810,810,810,810,0
2022-12-05 10:45:00,810,810,810,810,0
2022-12-05 10:46:00,810,810,810,810,0
2022-12-05 10:47:00,810,810,810,810,0
2022-12-05 10:48:00,810,810,810,810,0
2022-12-05 10:49:00,810,810,810,810,0
2022-12-05 10:50:00,810,810,810,810,0
2022-12-05 10:51:00,810,810,810,810,0
2022-12-05 10:52:00,810,810,810,810,0
2022-12-05 10:53:00,810,810,810,810,0
2022-12-05 10:54:00,810,810,810,810,0
2022-12-05 10:55:00,810,810,810,810,0
2022-12-05 10:56:00,805,805,805,805,1000
2022-12-05 10:57:00,805,805,805,805,0
2022-12-05 10:58:00,805,805,805,805,0
2022-12-05 10:59:00,810,810,810,810,9500
2022-12-05 11:00:00,810,810,810,810,0
2022-12-05 11:01:00,810,810,810,810,0
2022-12-05 11:02:00,810,810,810,810,0
2022-12-05 11:03:00,810,810,810,810,0
2022-12-05 11:04:00,810,810,810,810,0
2022-12-05 11:05:00,810,810,810,810,0
2022-12-05 11:06:00,810,810,810,810,0
2022-12-05 11:07:00,810,810,810,810,0
2022-12-05 11:08:00,810,810,810,810,0
2022-12-05 11:09:00,810,810,810,810,1000
2022-12-05 11:10:00,810,810,810,810,0
2022-12-05 11:11:00,810,810,810,810,0
2022-12-05 11:12:00,810,810,810,810,0
2022-12-05 11:13:00,810,810,810,810,0
2022-12-05 11:14:00,810,810,810,810,0
2022-12-05 11:15:00,810,810,810,810,0
2022-12-05 11:16:00,810,810,810,810,0
2022-12-05 11:17:00,810,810,810,810,0
2022-12-05 11:18:00,810,810,810,810,1000
2022-12-05 11:19:00,810,810,810,810,4700
2022-12-05 11:20:00,810,810,810,810,0
2022-12-05 11:21:00,810,810,810,810,0
2022-12-05 11:22:00,810,810,810,810,0
2022-12-05 11:23:00,810,810,810,810,0
2022-12-05 11:24:00,810,810,810,810,0
2022-12-05 11:25:00,810,810,810,810,0
2022-12-05 11:26:00,810,810,810,810,0
2022-12-05 11:27:00,810,810,810,810,0
2022-12-05 11:28:00,810,810,810,810,0
2022-12-05 11:29:00,810,810,810,810,0
2022-12-05 11:30:00,810,810,810,810,0
2022-12-05 11:31:00,810,810,810,810,0
2022-12-05 11:32:00,810,810,810,810,0
2022-12-05 11:33:00,810,810,810,810,0
2022-12-05 11:34:00,810,810,810,810,0
2022-12-05 11:35:00,810,810,810,810,0
2022-12-05 11:36:00,810,810,810,810,0
2022-12-05 11:37:00,810,810,810,810,0
2022-12-05 11:38:00,810,810,810,810,0
2022-12-05 11:39:00,810,810,810,810,0
2022-12-05 11:40:00,810,810,810,810,0
2022-12-05 11:41:00,810,810,810,810,0
2022-12-05 11:42:00,810,810,810,810,0
2022-12-05 11:43:00,810,810,810,810,0
2022-12-05 11:44:00,810,810,810,810,0
2022-12-05 11:45:00,810,810,810,810,0
2022-12-05 11:46:00,810,810,810,810,0
2022-12-05 11:47:00,810,810,810,810,0
2022-12-05 11:48:00,810,810,810,810,0
2022-12-05 11:49:00,810,810,810,810,0
2022-12-05 11:50:00,810,810,810,810,0
2022-12-05 11:51:00,810,810,810,810,0
2022-12-05 11:52:00,810,810,810,810,0
2022-12-05 11:53:00,810,810,810,810,0
2022-12-05 11:54:00,810,810,810,810,0
2022-12-05 11:55:00,810,810,810,810,0
2022-12-05 11:56:00,810,810,810,810,0
2022-12-05 11:57:00,810,810,810,810,0
2022-12-05 11:58:00,810,810,810,810,0
2022-12-05 11:59:00,810,810,810,810,0
2022-12-05 12:00:00,810,810,810,810,0
2022-12-05 12:01:00,810,810,810,810,0
2022-12-05 12:02:00,810,810,810,810,0
2022-12-05 12:03:00,810,810,810,810,0
2022-12-05 12:04:00,810,810,810,810,0
2022-12-05 12:05:00,810,810,810,810,0
2022-12-05 12:06:00,810,810,810,810,0
2022-12-05 12:07:00,810,810,810,810,0
2022-12-05 12:08:00,810,810,810,810,0
2022-12-05 12:09:00,810,810,810,810,0
2022-12-05 12:10:00,810,810,810,810,0
2022-12-05 12:11:00,810,810,810,810,0
2022-12-05 12:12:00,810,810,810,810,0
2022-12-05 12:13:00,810,810,810,810,0
2022-12-05 12:14:00,810,810,810,810,0
2022-12-05 12:15:00,810,810,810,810,0
2022-12-05 12:16:00,810,810,810,810,0
2022-12-05 12:17:00,810,810,810,810,0
2022-12-05 12:18:00,810,810,810,810,0
2022-12-05 12:19:00,810,810,810,810,0
2022-12-05 12:20:00,810,810,810,810,0
2022-12-05 12:21:00,810,810,810,810,0
2022-12-05 12:22:00,810,810,810,810,0
2022-12-05 12:23:00,810,810,810,810,0
2022-12-05 12:24:00,810,810,810,810,0
2022-12-05 12:25:00,810,810,810,810,0
2022-12-05 12:26:00,810,810,810,810,0
2022-12-05 12:27:00,810,810,810,810,0
2022-12-05 12:28:00,810,810,810,810,0
2022-12-05 12:29:00,810,810,810,810,0
2022-12-05 12:30:00,810,810,810,810,0
2022-12-05 12:31:00,810,810,810,810,0
2022-12-05 12:32:00,810,810,810,810,0
2022-12-05 12:33:00,810,810,810,810,0
2022-12-05 12:34:00,810,810,810,810,0
2022-12-05 12:35:00,810,810,810,810,0
2022-12-05 12:36:00,810,810,810,810,0
2022-12-05 12:37:00,810,810,810,810,0
2022-12-05 12:38:00,810,810,810,810,0
2022-12-05 12:39:00,810,810,810,810,0
2022-12-05 12:40:00,810,810,810,810,0
2022-12-05 12:41:00,810,810,810,810,0
2022-12-05 12:42:00,810,810,810,810,0
2022-12-05 12:43:00,810,810,810,810,0
2022-12-05 12:44:00,810,810,810,810,0
2022-12-05 12:45:00,810,810,810,810,0
2022-12-05 12:46:00,810,810,810,810,0
2022-12-05 12:47:00,810,810,810,810,0
2022-12-05 12:48:00,810,810,810,810,0
2022-12-05 12:49:00,810,810,810,810,0
2022-12-05 12:50:00,810,810,810,810,0
2022-12-05 12:51:00,810,810,810,810,0
2022-12-05 12:52:00,810,810,810,810,0
2022-12-05 12:53:00,810,810,810,810,0
2022-12-05 12:54:00,810,810,810,810,0
2022-12-05 12:55:00,810,810,810,810,0
2022-12-05 12:56:00,810,810,810,810,0
2022-12-05 12:57:00,810,810,810,810,0
2022-12-05 12:58:00,810,810,810,810,0
2022-12-05 12:59:00,810,810,810,810,0
2022-12-05 13:00:00,810,810,810,810,0
2022-12-05 13:01:00,810,810,810,810,0
2022-12-05 13:02:00,810,810,810,810,0
2022-12-05 13:03:00,810,810,810,810,0
2022-12-05 13:04:00,810,810,810,810,0
2022-12-05 13:05:00,810,810,810,810,0
2022-12-05 13:06:00,810,810,810,810,0
2022-12-05 13:07:00,810,810,810,810,0
2022-12-05 13:08:00,810,810,810,810,0
2022-12-05 13:09:00,810,810,810,810,0
2022-12-05 13:10:00,810,810,810,810,0
2022-12-05 13:11:00,810,810,810,810,0
2022-12-05 13:12:00,810,810,810,810,0
2022-12-05 13:13:00,810,810,810,810,0
2022-12-05 13:14:00,810,810,810,810,0
2022-12-05 13:15:00,810,810,810,810,0
2022-12-05 13:16:00,810,810,810,810,0
2022-12-05 13:17:00,810,810,810,810,0
2022-12-05 13:18:00,810,810,810,810,0
2022-12-05 13:19:00,810,810,810,810,0
2022-12-05 13:20:00,810,810,810,810,0
2022-12-05 13:21:00,810,810,810,810,0
2022-12-05 13:22:00,810,810,810,810,0
2022-12-05 13:23:00,810,810,810,810,0
2022-12-05 13:24:00,810,810,810,810,0
2022-12-05 13:25:00,810,810,810,810,0
2022-12-05 13:26:00,810,810,810,810,0
2022-12-05 13:27:00,810,810,810,810,0
2022-12-05 13:28:00,810,810,810,810,0
2022-12-05 13:29:00,810,810,810,810,0
2022-12-05 13:30:00,815,815,815,815,400
2022-12-05 13:31:00,815,815,815,815,0
2022-12-05 13:32:00,815,815,815,815,700
2022-12-05 13:33:00,815,815,815,815,0
2022-12-05 13:34:00,815,815,815,815,0
2022-12-05 13:35:00,815,815,815,815,0
2022-12-05 13:36:00,815,815,815,815,0
2022-12-05 13:37:00,815,815,815,815,0
2022-12-05 13:38:00,815,815,815,815,0
2022-12-05 13:39:00,815,815,815,815,0
2022-12-05 13:40:00,815,815,815,815,0
2022-12-05 13:41:00,815,815,815,815,0
2022-12-05 13:42:00,815,815,815,815,0
2022-12-05 13:43:00,815,815,815,815,0
2022-12-05 13:44:00,815,815,815,815,0
2022-12-05 13:45:00,815,815,815,815,0
2022-12-05 13:46:00,815,815,815,815,0
2022-12-05 13:47:00,815,815,815,815,0
2022-12-05 13:48:00,815,815,815,815,0
2022-12-05 13:49:00,815,815,815,815,0
2022-12-05 13:50:00,815,815,815,815,0
2022-12-05 13:51:00,815,815,815,815,0
2022-12-05 13:52:00,815,815,815,815,0
2022-12-05 13:53:00,810,810,810,810,500
2022-12-05 13:54:00,810,810,810,810,0
2022-12-05 13:55:00,810,810,810,810,0
2022-12-05 13:56:00,810,810,810,810,0
2022-12-05 13:57:00,810,810,810,810,0
2022-12-05 13:58:00,810,810,810,810,0
2022-12-05 13:59:00,810,810,810,810,0
2022-12-05 14:00:00,810,810,810,810,0
2022-12-05 14:01:00,810,810,810,810,0
2022-12-05 14:02:00,810,810,810,810,0
2022-12-05 14:03:00,810,810,810,810,0
2022-12-05 14:04:00,810,810,810,810,300
2022-12-05 14:05:00,810,810,810,810,0
2022-12-05 14:06:00,810,810,810,810,0
2022-12-05 14:07:00,810,810,810,810,0
2022-12-05 14:08:00,810,810,810,810,0
2022-12-05 14:09:00,810,810,810,810,0
2022-12-05 14:10:00,810,810,810,810,0
2022-12-05 14:11:00,810,810,810,810,0
2022-12-05 14:12:00,810,810,810,810,0
2022-12-05 14:13:00,810,810,810,810,0
2022-12-05 14:14:00,810,810,810,810,0
2022-12-05 14:15:00,810,810,810,810,0
2022-12-05 14:16:00,810,810,810,810,0
2022-12-05 14:17:00,810,810,810,810,0
2022-12-05 14:18:00,810,810,810,810,0
2022-12-05 14:19:00,810,810,810,810,0
2022-12-05 14:20:00,810,810,810,810,0
2022-12-05 14:21:00,810,810,810,810,0
2022-12-05 14:22:00,815,815,815,815,1000
2022-12-05 14:23:00,815,815,815,815,0
2022-12-05 14:24:00,815,815,815,815,0
2022-12-05 14:25:00,815,815,815,815,0
2022-12-05 14:26:00,815,815,815,815,0
2022-12-05 14:27:00,815,815,815,815,0
2022-12-05 14:28:00,815,815,815,815,0
2022-12-05 14:29:00,815,815,815,815,0
2022-12-05 14:30:00,815,815,815,815,0
2022-12-05 14:31:00,815,815,815,815,0
2022-12-05 14:32:00,815,815,815,815,0
2022-12-05 14:33:00,815,815,815,815,0
2022-12-05 14:34:00,815,815,815,815,0
2022-12-05 14:35:00,810,810,810,810,2000
2022-12-05 14:36:00,810,810,810,810,0
2022-12-05 14:37:00,810,810,810,810,4000
2022-12-05 14:38:00,810,810,810,810,0
2022-12-05 14:39:00,810,810,810,810,0
2022-12-05 14:40:00,810,810,810,810,0
2022-12-05 14:41:00,810,810,810,810,0
2022-12-05 14:42:00,810,810,810,810,1000
2022-12-05 14:43:00,810,810,810,810,0
2022-12-05 14:44:00,810,810,810,810,0
2022-12-05 14:45:00,810,810,810,810,0
2022-12-05 14:46:00,810,810,810,810,0
2022-12-05 14:47:00,810,810,810,810,0
2022-12-05 14:48:00,810,810,810,810,0
2022-12-05 14:49:00,810,810,810,810,0
2022-12-05 14:50:00,810,810,810,810,0
2022-12-05 14:51:00,810,810,810,810,0
2022-12-05 14:52:00,810,810,810,810,0
2022-12-05 14:53:00,810,810,810,810,0
2022-12-05 14:54:00,810,810,810,810,0
2022-12-05 14:55:00,810,810,810,810,0
2022-12-05 14:56:00,810,810,810,810,0
2022-12-05 14:57:00,810,810,810,810,0
2022-12-05 14:58:00,810,810,810,810,0
2022-12-05 14:59:00,810,810,810,810,0
2022-12-05 15:00:00,810,810,810,810,200
2022-12-05 15:01:00,810,810,810,810,0
2022-12-05 15:02:00,810,810,810,810,0
2022-12-05 15:03:00,810,810,810,810,0
2022-12-05 15:04:00,810,810,810,810,0
2022-12-05 15:05:00,810,810,810,810,0
2022-12-05 15:06:00,810,810,810,810,0
2022-12-05 15:07:00,810,810,810,810,0
2022-12-05 15:08:00,810,810,810,810,0
2022-12-05 15:09:00,810,810,810,810,0
2022-12-05 15:10:00,810,810,810,810,0
2022-12-05 15:11:00,810,810,810,810,0
2022-12-05 15:12:00,810,810,810,810,0
2022-12-05 15:13:00,810,810,810,810,0
2022-12-05 15:14:00,810,810,810,810,0
2022-12-05 15:15:00,810,810,810,810,0
2022-12-05 15:16:00,810,810,810,810,0
2022-12-05 15:17:00,810,810,810,810,0
2022-12-05 15:18:00,810,810,810,810,0
2022-12-05 15:19:00,810,810,810,810,0
2022-12-05 15:20:00,810,810,810,810,0
2022-12-05 15:21:00,810,810,810,810,0
2022-12-05 15:22:00,810,810,810,810,0
2022-12-05 15:23:00,810,810,810,810,0
2022-12-05 15:24:00,810,810,810,810,0
2022-12-05 15:25:00,810,810,810,810,0
2022-12-05 15:26:00,810,810,810,810,0
2022-12-05 15:27:00,810,810,810,810,0
2022-12-05 15:28:00,810,810,810,810,0
2022-12-05 15:29:00,810,810,810,810,0
2022-12-05 15:30:00,810,810,810,810,0
2022-12-05 15:31:00,810,810,810,810,0
2022-12-05 15:32:00,810,810,810,810,0
2022-12-05 15:33:00,810,810,810,810,0
2022-12-05 15:34:00,810,810,810,810,0
2022-12-05 15:35:00,810,810,810,810,0
2022-12-05 15:36:00,810,810,810,810,0
2022-12-05 15:37:00,810,810,810,810,0
2022-12-05 15:38:00,810,810,810,810,0
2022-12-05 15:39:00,810,810,810,810,0
2022-12-05 15:40:00,810,810,810,810,0
2022-12-05 15:41:00,810,810,810,810,0
2022-12-05 15:42:00,810,810,810,810,0
2022-12-05 15:43:00,810,810,810,810,0
2022-12-05 15:44:00,810,810,810,810,0
2022-12-05 15:45:00,810,810,810,810,0
2022-12-05 15:46:00,810,810,810,810,0
2022-12-05 15:47:00,810,810,810,810,0
2022-12-05 15:48:00,810,810,810,810,0
2022-12-05 15:49:00,810,810,810,810,0
2022-12-05 15:50:00,810,810,810,810,0
2022-12-05 15:51:00,810,810,810,810,0
2022-12-05 15:52:00,810,810,810,810,0
2022-12-05 15:53:00,810,810,810,810,0
2022-12-05 15:54:00,810,810,810,810,0
2022-12-05 15:55:00,810,810,810,810,0
2022-12-05 15:56:00,810,810,810,810,0
2022-12-05 15:57:00,810,810,810,810,0
2022-12-05 15:58:00,810,810,810,810,0
2022-12-05 15:59:00,810,810,810,810,0
2022-12-06 09:00:00,810,810,810,810,5400
2022-12-06 09:01:00,810,810,810,810,0
2022-12-06 09:02:00,810,810,810,810,0
2022-12-06 09:03:00,810,810,810,810,0
2022-12-06 09:04:00,810,810,810,810,0
2022-12-06 09:05:00,815,815,815,815,500
2022-12-06 09:06:00,815,815,815,815,0
2022-12-06 09:07:00,815,815,815,815,0
2022-12-06 09:08:00,815,815,815,815,0
2022-12-06 09:09:00,815,815,815,815,0
2022-12-06 09:10:00,810,810,810,810,700
2022-12-06 09:11:00,810,810,810,810,2500
2022-12-06 09:12:00,810,810,810,810,500
2022-12-06 09:13:00,810,810,810,810,0
2022-12-06 09:14:00,810,810,810,810,20000
2022-12-06 09:15:00,810,810,810,810,0
2022-12-06 09:16:00,810,810,810,810,0
2022-12-06 09:17:00,810,810,810,810,0
2022-12-06 09:18:00,810,810,810,810,0
2022-12-06 09:19:00,810,810,810,810,0
2022-12-06 09:20:00,810,810,810,810,0
2022-12-06 09:21:00,810,810,810,810,175900
2022-12-06 09:22:00,810,810,810,810,0
2022-12-06 09:23:00,810,810,810,810,0
2022-12-06 09:24:00,810,810,810,810,0
2022-12-06 09:25:00,810,810,810,810,0
2022-12-06 09:26:00,810,810,810,810,0
2022-12-06 09:27:00,810,810,810,810,0
2022-12-06 09:28:00,810,810,810,810,0
2022-12-06 09:29:00,815,815,815,815,1900
2022-12-06 09:30:00,815,815,815,815,0
2022-12-06 09:31:00,815,815,815,815,0
2022-12-06 09:32:00,815,815,815,815,0
2022-12-06 09:33:00,815,815,815,815,0
2022-12-06 09:34:00,815,815,815,815,0
2022-12-06 09:35:00,815,815,815,815,0
2022-12-06 09:36:00,815,815,815,815,0
2022-12-06 09:37:00,815,815,815,815,0
2022-12-06 09:38:00,815,815,815,815,0
2022-12-06 09:39:00,815,815,815,815,0
2022-12-06 09:40:00,815,815,815,815,0
2022-12-06 09:41:00,815,815,815,815,0
2022-12-06 09:42:00,815,815,815,815,0
2022-12-06 09:43:00,815,815,815,815,0
2022-12-06 09:44:00,815,815,815,815,0
2022-12-06 09:45:00,815,815,815,815,0
2022-12-06 09:46:00,815,815,815,815,0
2022-12-06 09:47:00,815,815,815,815,0
2022-12-06 09:48:00,815,815,815,815,0
2022-12-06 09:49:00,810,805,810,805,243900
2022-12-06 09:50:00,810,805,810,805,0
2022-12-06 09:51:00,805,805,805,805,14700
2022-12-06 09:52:00,805,805,805,805,0
2022-12-06 09:53:00,805,805,805,805,0
2022-12-06 09:54:00,805,805,805,805,0
2022-12-06 09:55:00,805,805,805,805,0
2022-12-06 09:56:00,805,805,805,805,0
2022-12-06 09:57:00,805,805,805,805,0
2022-12-06 09:58:00,805,805,805,805,0
2022-12-06 09:59:00,805,805,805,805,0
2022-12-06 10:00:00,805,805,805,805,0
2022-12-06 10:01:00,815,815,815,815,200
2022-12-06 10:02:00,815,815,815,815,0
2022-12-06 10:03:00,815,815,815,815,0
2022-12-06 10:04:00,815,815,815,815,0
2022-12-06 10:05:00,815,815,815,815,0
2022-12-06 10:06:00,815,815,815,815,0
2022-12-06 10:07:00,815,815,815,815,0
2022-12-06 10:08:00,815,815,815,815,0
2022-12-06 10:09:00,810,810,810,810,0
2022-12-06 10:10:00,810,810,810,810,0
2022-12-06 10:11:00,810,810,810,810,0
2022-12-06 10:12:00,810,810,810,810,0
2022-12-06 10:13:00,810,810,810,810,0
2022-12-06 10:14:00,810,810,810,810,0
2022-12-06 10:15:00,810,810,810,810,0
2022-12-06 10:16:00,810,810,810,810,0
2022-12-06 10:17:00,810,810,810,810,0
2022-12-06 10:18:00,810,810,810,810,0
2022-12-06 10:19:00,810,810,810,810,0
2022-12-06 10:20:00,810,810,810,810,0
2022-12-06 10:21:00,810,810,810,810,0
2022-12-06 10:22:00,810,810,810,810,0
2022-12-06 10:23:00,810,810,810,810,0
2022-12-06 10:24:00,810,810,810,810,0
2022-12-06 10:25:00,810,810,810,810,0
2022-12-06 10:26:00,810,810,810,810,0
2022-12-06 10:27:00,810,810,810,810,0
2022-12-06 10:28:00,810,810,810,810,0
2022-12-06 10:29:00,810,810,810,810,0
2022-12-06 10:30:00,810,810,810,810,0
2022-12-06 10:31:00,810,810,810,810,0
2022-12-06 10:32:00,810,810,810,810,0
2022-12-06 10:33:00,810,810,810,810,0
2022-12-06 10:34:00,810,810,810,810,0
2022-12-06 10:35:00,810,805,810,805,3000
2022-12-06 10:36:00,805,805,805,805,0
2022-12-06 10:37:00,805,805,805,805,9800
2022-12-06 10:38:00,805,805,805,805,0
2022-12-06 10:39:00,805,805,805,805,0
2022-12-06 10:40:00,805,805,805,805,0
2022-12-06 10:41:00,805,805,805,805,0
2022-12-06 10:42:00,805,805,805,805,0
2022-12-06 10:43:00,805,805,805,805,0
2022-12-06 10:44:00,805,805,805,805,0
2022-12-06 10:45:00,805,805,805,805,0
2022-12-06 10:46:00,805,805,805,805,0
2022-12-06 10:47:00,805,805,805,805,0
2022-12-06 10:48:00,805,805,805,805,0
2022-12-06 10:49:00,805,805,805,805,0
2022-12-06 10:50:00,805,805,805,805,0
2022-12-06 10:51:00,805,805,805,805,0
2022-12-06 10:52:00,805,805,805,805,24200
2022-12-06 10:53:00,805,805,805,805,0
2022-12-06 10:54:00,805,805,805,805,0
2022-12-06 10:55:00,805,805,805,805,0
2022-12-06 10:56:00,805,805,805,805,0
2022-12-06 10:57:00,805,805,805,805,0
2022-12-06 10:58:00,805,805,805,805,0
2022-12-06 10:59:00,805,805,805,805,0
2022-12-06 11:00:00,805,805,805,805,0
2022-12-06 11:01:00,805,805,805,805,0
2022-12-06 11:02:00,805,805,805,805,0
2022-12-06 11:03:00,805,805,805,805,0
2022-12-06 11:04:00,805,805,805,805,0
2022-12-06 11:05:00,805,805,805,805,0
2022-12-06 11:06:00,805,805,805,805,0
2022-12-06 11:07:00,805,805,805,805,0
2022-12-06 11:08:00,805,805,805,805,0
2022-12-06 11:09:00,805,805,805,805,0
2022-12-06 11:10:00,805,805,805,805,0
2022-12-06 11:11:00,805,805,805,805,0
2022-12-06 11:12:00,805,805,805,805,0
2022-12-06 11:13:00,805,805,805,805,0
2022-12-06 11:14:00,805,805,805,805,0
2022-12-06 11:15:00,805,805,805,805,0
2022-12-06 11:16:00,805,805,805,805,0
2022-12-06 11:17:00,805,805,805,805,0
2022-12-06 11:18:00,805,805,805,805,0
2022-12-06 11:19:00,805,805,805,805,0
2022-12-06 11:20:00,805,805,805,805,0
2022-12-06 11:21:00,805,805,805,805,0
2022-12-06 11:22:00,805,805,805,805,0
2022-12-06 11:23:00,805,805,805,805,0
2022-12-06 11:24:00,805,805,805,805,0
2022-12-06 11:25:00,805,805,805,805,0
2022-12-06 11:26:00,805,805,805,805,0
2022-12-06 11:27:00,805,805,805,805,0
2022-12-06 11:28:00,805,805,805,805,3700
2022-12-06 11:29:00,805,805,805,805,0
2022-12-06 11:30:00,805,805,805,805,0
2022-12-06 11:31:00,805,805,805,805,0
2022-12-06 11:32:00,805,805,805,805,0
2022-12-06 11:33:00,805,805,805,805,0
2022-12-06 11:34:00,805,805,805,805,0
2022-12-06 11:35:00,805,805,805,805,0
2022-12-06 11:36:00,805,805,805,805,0
2022-12-06 11:37:00,805,805,805,805,0
2022-12-06 11:38:00,805,805,805,805,0
2022-12-06 11:39:00,805,805,805,805,0
2022-12-06 11:40:00,805,805,805,805,0
2022-12-06 11:41:00,805,805,805,805,0
2022-12-06 11:42:00,805,805,805,805,0
2022-12-06 11:43:00,805,805,805,805,0
2022-12-06 11:44:00,805,805,805,805,0
2022-12-06 11:45:00,805,805,805,805,0
2022-12-06 11:46:00,805,805,805,805,0
2022-12-06 11:47:00,805,805,805,805,0
2022-12-06 11:48:00,805,805,805,805,0
2022-12-06 11:49:00,805,805,805,805,0
2022-12-06 11:50:00,805,805,805,805,0
2022-12-06 11:51:00,805,805,805,805,0
2022-12-06 11:52:00,805,805,805,805,0
2022-12-06 11:53:00,805,805,805,805,0
2022-12-06 11:54:00,805,805,805,805,0
2022-12-06 11:55:00,805,805,805,805,0
2022-12-06 11:56:00,805,805,805,805,0
2022-12-06 11:57:00,805,805,805,805,0
2022-12-06 11:58:00,805,805,805,805,0
2022-12-06 11:59:00,805,805,805,805,0
2022-12-06 12:00:00,805,805,805,805,0
2022-12-06 12:01:00,805,805,805,805,0
2022-12-06 12:02:00,805,805,805,805,0
2022-12-06 12:03:00,805,805,805,805,0
2022-12-06 12:04:00,805,805,805,805,0
2022-12-06 12:05:00,805,805,805,805,0
2022-12-06 12:06:00,805,805,805,805,0
2022-12-06 12:07:00,805,805,805,805,0
2022-12-06 12:08:00,805,805,805,805,0
2022-12-06 12:09:00,805,805,805,805,0
2022-12-06 12:10:00,805,805,805,805,0
2022-12-06 12:11:00,805,805,805,805,0
2022-12-06 12:12:00,805,805,805,805,0
2022-12-06 12:13:00,805,805,805,805,0
2022-12-06 12:14:00,805,805,805,805,0
2022-12-06 12:15:00,805,805,805,805,0
2022-12-06 12:16:00,805,805,805,805,0
2022-12-06 12:17:00,805,805,805,805,0
2022-12-06 12:18:00,805,805,805,805,0
2022-12-06 12:19:00,805,805,805,805,0
2022-12-06 12:20:00,805,805,805,805,0
2022-12-06 12:21:00,805,805,805,805,0
2022-12-06 12:22:00,805,805,805,805,0
2022-12-06 12:23:00,805,805,805,805,0
2022-12-06 12:24:00,805,805,805,805,0
2022-12-06 12:25:00,805,805,805,805,0
2022-12-06 12:26:00,805,805,805,805,0
2022-12-06 12:27:00,805,805,805,805,0
2022-12-06 12:28:00,805,805,805,805,0
2022-12-06 12:29:00,805,805,805,805,0
2022-12-06 12:30:00,805,805,805,805,0
2022-12-06 12:31:00,805,805,805,805,0
2022-12-06 12:32:00,805,805,805,805,0
2022-12-06 12:33:00,805,805,805,805,0
2022-12-06 12:34:00,805,805,805,805,0
2022-12-06 12:35:00,805,805,805,805,0
2022-12-06 12:36:00,805,805,805,805,0
2022-12-06 12:37:00,805,805,805,805,0
2022-12-06 12:38:00,805,805,805,805,0
2022-12-06 12:39:00,805,805,805,805,0
2022-12-06 12:40:00,805,805,805,805,0
2022-12-06 12:41:00,805,805,805,805,0
2022-12-06 12:42:00,805,805,805,805,0
2022-12-06 12:43:00,805,805,805,805,0
2022-12-06 12:44:00,805,805,805,805,0
2022-12-06 12:45:00,805,805,805,805,0
2022-12-06 12:46:00,805,805,805,805,0
2022-12-06 12:47:00,805,805,805,805,0
2022-12-06 12:48:00,805,805,805,805,0
2022-12-06 12:49:00,805,805,805,805,0
2022-12-06 12:50:00,805,805,805,805,0
2022-12-06 12:51:00,805,805,805,805,0
2022-12-06 12:52:00,805,805,805,805,0
2022-12-06 12:53:00,805,805,805,805,0
2022-12-06 12:54:00,805,805,805,805,0
2022-12-06 12:55:00,805,805,805,805,0
2022-12-06 12:56:00,805,805,805,805,0
2022-12-06 12:57:00,805,805,805,805,0
2022-12-06 12:58:00,805,805,805,805,0
2022-12-06 12:59:00,805,805,805,805,0
2022-12-06 13:00:00,805,805,805,805,0
2022-12-06 13:01:00,805,805,805,805,0
2022-12-06 13:02:00,805,805,805,805,0
2022-12-06 13:03:00,805,805,805,805,0
2022-12-06 13:04:00,805,805,805,805,0
2022-12-06 13:05:00,805,805,805,805,0
2022-12-06 13:06:00,805,805,805,805,0
2022-12-06 13:07:00,805,805,805,805,0
2022-12-06 13:08:00,805,805,805,805,0
2022-12-06 13:09:00,805,805,805,805,0
2022-12-06 13:10:00,805,805,805,805,0
2022-12-06 13:11:00,805,805,805,805,0
2022-12-06 13:12:00,805,805,805,805,0
2022-12-06 13:13:00,805,805,805,805,0
2022-12-06 13:14:00,805,805,805,805,0
2022-12-06 13:15:00,805,805,805,805,0
2022-12-06 13:16:00,805,805,805,805,0
2022-12-06 13:17:00,805,805,805,805,0
2022-12-06 13:18:00,805,805,805,805,0
2022-12-06 13:19:00,805,805,805,805,0
2022-12-06 13:20:00,805,805,805,805,0
2022-12-06 13:21:00,805,805,805,805,0
2022-12-06 13:22:00,805,805,805,805,0
2022-12-06 13:23:00,805,805,805,805,0
2022-12-06 13:24:00,805,805,805,805,0
2022-12-06 13:25:00,805,805,805,805,0
2022-12-06 13:26:00,805,805,805,805,0
2022-12-06 13:27:00,805,805,805,805,0
2022-12-06 13:28:00,805,805,805,805,0
2022-12-06 13:29:00,805,805,805,805,0
2022-12-06 13:30:00,805,805,805,805,0
2022-12-06 13:31:00,805,805,805,805,0
2022-12-06 13:32:00,805,805,805,805,0
2022-12-06 13:33:00,805,805,805,805,0
2022-12-06 13:34:00,805,805,805,805,0
2022-12-06 13:35:00,805,805,805,805,0
2022-12-06 13:36:00,805,805,805,805,0
2022-12-06 13:37:00,805,805,805,805,0
2022-12-06 13:38:00,805,805,805,805,600
2022-12-06 13:39:00,805,805,805,805,5400
2022-12-06 13:40:00,805,805,805,805,0
2022-12-06 13:41:00,805,805,805,805,2500
2022-12-06 13:42:00,805,805,805,805,0
2022-12-06 13:43:00,805,805,805,805,0
2022-12-06 13:44:00,805,805,805,805,100
2022-12-06 13:45:00,805,805,805,805,100
2022-12-06 13:46:00,800,800,800,800,100
2022-12-06 13:47:00,800,800,800,800,0
2022-12-06 13:48:00,805,805,805,805,100
2022-12-06 13:49:00,805,805,805,805,1000
2022-12-06 13:50:00,805,805,805,805,0
2022-12-06 13:51:00,805,805,805,805,0
2022-12-06 13:52:00,805,805,805,805,0
2022-12-06 13:53:00,805,805,805,805,0
2022-12-06 13:54:00,805,805,805,805,0
2022-12-06 13:55:00,805,805,805,805,0
2022-12-06 13:56:00,805,805,805,805,0
2022-12-06 13:57:00,805,805,805,805,0
2022-12-06 13:58:00,805,805,805,805,0
2022-12-06 13:59:00,805,805,805,805,0
2022-12-06 14:00:00,805,805,805,805,0
2022-12-06 14:01:00,805,805,805,805,0
2022-12-06 14:02:00,805,805,805,805,0
2022-12-06 14:03:00,805,805,805,805,0
2022-12-06 14:04:00,805,805,805,805,0
2022-12-06 14:05:00,805,805,805,805,0
2022-12-06 14:06:00,805,805,805,805,100
2022-12-06 14:07:00,805,805,805,805,0
2022-12-06 14:08:00,805,805,805,805,0
2022-12-06 14:09:00,805,805,805,805,0
2022-12-06 14:10:00,805,805,805,805,0
2022-12-06 14:11:00,805,805,805,805,0
2022-12-06 14:12:00,805,805,805,805,0
2022-12-06 14:13:00,805,805,805,805,0
2022-12-06 14:14:00,805,805,805,805,0
2022-12-06 14:15:00,805,805,805,805,0
2022-12-06 14:16:00,805,805,805,805,200
2022-12-06 14:17:00,805,805,805,805,0
2022-12-06 14:18:00,805,805,805,805,0
2022-12-06 14:19:00,805,805,805,805,0
2022-12-06 14:20:00,805,805,805,805,0
2022-12-06 14:21:00,805,805,805,805,300
2022-12-06 14:22:00,805,805,805,805,0
2022-12-06 14:23:00,805,805,805,805,0
2022-12-06 14:24:00,805,805,805,805,0
2022-12-06 14:25:00,800,800,800,800,21000
2022-12-06 14:26:00,800,800,800,800,0
2022-12-06 14:27:00,800,800,800,800,12000
2022-12-06 14:28:00,800,800,800,800,0
2022-12-06 14:29:00,800,800,800,800,0
2022-12-06 14:30:00,800,800,800,800,0
2022-12-06 14:31:00,800,800,800,800,0
2022-12-06 14:32:00,800,800,800,800,0
2022-12-06 14:33:00,800,800,800,800,0
2022-12-06 14:34:00,800,800,800,800,15600
2022-12-06 14:35:00,800,800,800,800,0
2022-12-06 14:36:00,800,800,800,800,0
2022-12-06 14:37:00,800,800,800,800,0
2022-12-06 14:38:00,800,800,800,800,0
2022-12-06 14:39:00,800,800,800,800,0
2022-12-06 14:40:00,800,800,800,800,0
2022-12-06 14:41:00,800,800,800,800,0
2022-12-06 14:42:00,800,800,800,800,18000
2022-12-06 14:43:00,800,800,800,800,0
2022-12-06 14:44:00,800,800,800,800,0
2022-12-06 14:45:00,800,800,800,800,0
2022-12-06 14:46:00,800,800,800,800,0
2022-12-06 14:47:00,800,800,800,800,0
2022-12-06 14:48:00,800,800,800,800,0
2022-12-06 14:49:00,800,800,800,800,0
2022-12-06 14:50:00,800,800,800,800,0
2022-12-06 14:51:00,800,800,800,800,0
2022-12-06 14:52:00,800,800,800,800,0
2022-12-06 14:53:00,800,800,800,800,0
2022-12-06 14:54:00,800,800,800,800,0
2022-12-06 14:55:00,800,800,800,800,0
2022-12-06 14:56:00,800,800,800,800,0
2022-12-06 14:57:00,800,800,800,800,0
2022-12-06 14:58:00,800,800,800,800,0
2022-12-06 14:59:00,800,800,800,800,0
2022-12-06 15:00:00,805,805,805,805,3200
2022-12-06 15:01:00,805,805,805,805,0
2022-12-06 15:02:00,805,805,805,805,0
2022-12-06 15:03:00,805,805,805,805,0
2022-12-06 15:04:00,805,805,805,805,0
2022-12-06 15:05:00,805,805,805,805,0
2022-12-06 15:06:00,805,805,805,805,0
2022-12-06 15:07:00,805,805,805,805,0
2022-12-06 15:08:00,805,805,805,805,0
2022-12-06 15:09:00,805,805,805,805,0
2022-12-06 15:10:00,805,805,805,805,0
2022-12-06 15:11:00,805,805,805,805,0
2022-12-06 15:12:00,805,805,805,805,0
2022-12-06 15:13:00,805,805,805,805,0
2022-12-06 15:14:00,805,805,805,805,0
2022-12-06 15:15:00,805,805,805,805,0
2022-12-06 15:16:00,805,805,805,805,0
2022-12-06 15:17:00,805,805,805,805,0
2022-12-06 15:18:00,805,805,805,805,0
2022-12-06 15:19:00,805,805,805,805,0
2022-12-06 15:20:00,805,805,805,805,0
2022-12-06 15:21:00,805,805,805,805,0
2022-12-06 15:22:00,805,805,805,805,0
2022-12-06 15:23:00,805,805,805,805,0
2022-12-06 15:24:00,805,805,805,805,0
2022-12-06 15:25:00,805,805,805,805,0
2022-12-06 15:26:00,805,805,805,805,0
2022-12-06 15:27:00,805,805,805,805,0
2022-12-06 15:28:00,805,805,805,805,0
2022-12-06 15:29:00,805,805,805,805,0
2022-12-06 15:30:00,805,805,805,805,0
2022-12-06 15:31:00,805,805,805,805,0
2022-12-06 15:32:00,805,805,805,805,0
2022-12-06 15:33:00,805,805,805,805,0
2022-12-06 15:34:00,805,805,805,805,0
2022-12-06 15:35:00,805,805,805,805,0
2022-12-06 15:36:00,805,805,805,805,0
2022-12-06 15:37:00,805,805,805,805,0
2022-12-06 15:38:00,805,805,805,805,0
2022-12-06 15:39:00,805,805,805,805,0
2022-12-06 15:40:00,805,805,805,805,0
2022-12-06 15:41:00,805,805,805,805,0
2022-12-06 15:42:00,805,805,805,805,0
2022-12-06 15:43:00,805,805,805,805,0
2022-12-06 15:44:00,805,805,805,805,0
2022-12-06 15:45:00,805,805,805,805,0
2022-12-06 15:46:00,805,805,805,805,0
2022-12-06 15:47:00,805,805,805,805,0
2022-12-06 15:48:00,805,805,805,805,0
2022-12-06 15:49:00,805,805,805,805,0
2022-12-06 15:50:00,805,805,805,805,0
2022-12-06 15:51:00,805,805,805,805,0
2022-12-06 15:52:00,805,805,805,805,0
2022-12-06 15:53:00,805,805,805,805,0
2022-12-06 15:54:00,805,805,805,805,0
2022-12-06 15:55:00,805,805,805,805,0
2022-12-06 15:56:00,805,805,805,805,0
2022-12-06 15:57:00,805,805,805,805,0
2022-12-06 15:58:00,805,805,805,805,0
2022-12-06 15:59:00,805,805,805,805,0
2022-12-07 09:00:00,805,805,805,805,0
2022-12-07 09:01:00,805,805,805,805,0
2022-12-07 09:02:00,805,805,805,805,0
2022-12-07 09:03:00,805,805,805,805,0
2022-12-07 09:04:00,805,805,805,805,0
2022-12-07 09:05:00,800,800,800,800,3000
2022-12-07 09:06:00,800,800,800,800,0
2022-12-07 09:07:00,800,800,800,800,0
2022-12-07 09:08:00,800,800,800,800,0
2022-12-07 09:09:00,800,800,800,800,0
2022-12-07 09:10:00,800,800,800,800,0
2022-12-07 09:11:00,800,800,800,800,0
2022-12-07 09:12:00,800,800,800,800,0
2022-12-07 09:13:00,800,800,800,800,0
2022-12-07 09:14:00,800,800,800,800,0
2022-12-07 09:15:00,800,800,800,800,0
2022-12-07 09:16:00,800,800,800,800,0
2022-12-07 09:17:00,800,800,800,800,0
2022-12-07 09:18:00,800,800,800,800,0
2022-12-07 09:19:00,815,815,815,815,200
2022-12-07 09:20:00,815,815,815,815,0
2022-12-07 09:21:00,815,815,815,815,0
2022-12-07 09:22:00,815,815,815,815,0
2022-12-07 09:23:00,815,815,815,815,900
2022-12-07 09:24:00,815,815,815,815,0
2022-12-07 09:25:00,815,815,815,815,100
2022-12-07 09:26:00,815,815,815,815,0
2022-12-07 09:27:00,815,815,815,815,0
2022-12-07 09:28:00,815,815,815,815,0
2022-12-07 09:29:00,815,815,815,815,0
2022-12-07 09:30:00,815,815,815,815,0
2022-12-07 09:31:00,815,815,815,815,0
2022-12-07 09:32:00,815,815,815,815,1100
2022-12-07 09:33:00,815,815,815,815,0
2022-12-07 09:34:00,815,815,815,815,0
2022-12-07 09:35:00,815,815,815,815,0
2022-12-07 09:36:00,815,815,815,815,0
2022-12-07 09:37:00,815,815,815,815,0
2022-12-07 09:38:00,815,815,815,815,0
2022-12-07 09:39:00,815,815,815,815,0
2022-12-07 09:40:00,815,815,815,815,0
2022-12-07 09:41:00,815,815,815,815,0
2022-12-07 09:42:00,815,815,815,815,0
2022-12-07 09:43:00,810,810,810,810,200
2022-12-07 09:44:00,805,805,805,805,0
2022-12-07 09:45:00,805,805,805,805,0
2022-12-07 09:46:00,805,805,805,805,0
2022-12-07 09:47:00,805,805,805,805,0
2022-12-07 09:48:00,805,805,805,805,0
2022-12-07 09:49:00,805,805,805,805,0
2022-12-07 09:50:00,805,805,805,805,0
2022-12-07 09:51:00,805,805,805,805,0
2022-12-07 09:52:00,805,805,805,805,0
2022-12-07 09:53:00,805,805,805,805,0
2022-12-07 09:54:00,805,805,805,805,0
2022-12-07 09:55:00,805,805,805,805,0
2022-12-07 09:56:00,805,805,805,805,0
2022-12-07 09:57:00,805,805,805,805,0
2022-12-07 09:58:00,805,805,805,805,0
2022-12-07 09:59:00,805,805,805,805,0
2022-12-07 10:00:00,805,805,805,805,0
2022-12-07 10:01:00,805,805,805,805,0
2022-12-07 10:02:00,805,805,805,805,0
2022-12-07 10:03:00,805,805,805,805,0
2022-12-07 10:04:00,805,805,805,805,0
2022-12-07 10:05:00,805,805,805,805,0
2022-12-07 10:06:00,805,805,805,805,0
2022-12-07 10:07:00,805,805,805,805,0
2022-12-07 10:08:00,805,805,805,805,0
2022-12-07 10:09:00,805,805,805,805,5400
2022-12-07 10:10:00,805,805,805,805,0
2022-12-07 10:11:00,805,805,805,805,11000
2022-12-07 10:12:00,805,805,805,805,0
2022-12-07 10:13:00,805,805,805,805,0
2022-12-07 10:14:00,805,805,805,805,0
2022-12-07 10:15:00,805,805,805,805,0
2022-12-07 10:16:00,805,800,805,800,14900
2022-12-07 10:17:00,805,800,805,800,0
2022-12-07 10:18:00,805,800,805,800,0
2022-12-07 10:19:00,805,800,805,800,0
2022-12-07 10:20:00,805,800,805,800,0
2022-12-07 10:21:00,805,800,805,800,0
2022-12-07 10:22:00,805,800,805,800,0
2022-12-07 10:23:00,805,800,805,800,0
2022-12-07 10:24:00,805,800,805,800,0
2022-12-07 10:25:00,805,800,805,800,0
2022-12-07 10:26:00,805,800,805,800,0
2022-12-07 10:27:00,805,800,805,800,0
2022-12-07 10:28:00,805,800,805,800,0
2022-12-07 10:29:00,805,800,805,800,0
2022-12-07 10:30:00,805,800,805,800,0
2022-12-07 10:31:00,805,800,805,800,0
2022-12-07 10:32:00,805,800,805,800,0
2022-12-07 10:33:00,805,800,805,800,0
2022-12-07 10:34:00,805,800,805,800,0
2022-12-07 10:35:00,805,800,805,800,0
2022-12-07 10:36:00,805,800,805,800,0
2022-12-07 10:37:00,805,800,805,800,0
2022-12-07 10:38:00,805,800,805,800,0
2022-12-07 10:39:00,805,805,805,805,700
2022-12-07 10:40:00,805,805,805,805,600
2022-12-07 10:41:00,800,800,800,800,0
2022-12-07 10:42:00,800,800,800,800,0
2022-12-07 10:43:00,800,800,800,800,2200
2022-12-07 10:44:00,800,800,800,800,0
2022-12-07 10:45:00,800,800,800,800,0
2022-12-07 10:46:00,800,800,800,800,0
2022-12-07 10:47:00,800,800,800,800,0
2022-12-07 10:48:00,800,800,800,800,0
2022-12-07 10:49:00,800,800,800,800,0
2022-12-07 10:50:00,810,810,810,810,1700
2022-12-07 10:51:00,810,810,810,810,0
2022-12-07 10:52:00,810,810,810,810,0
2022-12-07 10:53:00,810,810,810,810,0
2022-12-07 10:54:00,810,810,810,810,0
2022-12-07 10:55:00,810,810,810,810,0
2022-12-07 10:56:00,810,810,810,810,0
2022-12-07 10:57:00,810,810,810,810,0
2022-12-07 10:58:00,810,810,810,810,0
2022-12-07 10:59:00,810,810,810,810,0
2022-12-07 11:00:00,810,810,810,810,0
2022-12-07 11:01:00,810,810,810,810,7200
2022-12-07 11:02:00,810,810,810,810,0
2022-12-07 11:03:00,810,810,810,810,0
2022-12-07 11:04:00,810,810,810,810,0
2022-12-07 11:05:00,810,810,810,810,0
2022-12-07 11:06:00,810,810,810,810,400
2022-12-07 11:07:00,810,810,810,810,0
2022-12-07 11:08:00,810,810,810,810,0
2022-12-07 11:09:00,810,810,810,810,0
2022-12-07 11:10:00,810,810,810,810,0
2022-12-07 11:11:00,810,810,810,810,0
2022-12-07 11:12:00,810,810,810,810,6000
2022-12-07 11:13:00,810,810,810,810,0
2022-12-07 11:14:00,810,810,810,810,19500
2022-12-07 11:15:00,810,810,810,810,0
2022-12-07 11:16:00,810,810,810,810,0
2022-12-07 11:17:00,810,810,810,810,0
2022-12-07 11:18:00,810,810,810,810,0
2022-12-07 11:19:00,810,810,810,810,0
2022-12-07 11:20:00,810,810,810,810,0
2022-12-07 11:21:00,810,810,810,810,0
2022-12-07 11:22:00,810,810,810,810,0
2022-12-07 11:23:00,810,810,810,810,0
2022-12-07 11:24:00,810,810,810,810,0
2022-12-07 11:25:00,810,810,810,810,0
2022-12-07 11:26:00,810,810,810,810,4600
2022-12-07 11:27:00,810,810,810,810,0
2022-12-07 11:28:00,810,810,810,810,0
2022-12-07 11:29:00,810,810,810,810,0
2022-12-07 11:30:00,810,810,810,810,0
2022-12-07 11:31:00,810,810,810,810,0
2022-12-07 11:32:00,810,810,810,810,0
2022-12-07 11:33:00,810,810,810,810,0
2022-12-07 11:34:00,810,810,810,810,0
2022-12-07 11:35:00,810,810,810,810,0
2022-12-07 11:36:00,810,810,810,810,0
2022-12-07 11:37:00,810,810,810,810,0
2022-12-07 11:38:00,810,810,810,810,0
2022-12-07 11:39:00,810,810,810,810,0
2022-12-07 11:40:00,810,810,810,810,0
2022-12-07 11:41:00,810,810,810,810,0
2022-12-07 11:42:00,810,810,810,810,0
2022-12-07 11:43:00,810,810,810,810,0
2022-12-07 11:44:00,810,810,810,810,0
2022-12-07 11:45:00,810,810,810,810,0
2022-12-07 11:46:00,810,810,810,810,0
2022-12-07 11:47:00,810,810,810,810,0
2022-12-07 11:48:00,810,810,810,810,0
2022-12-07 11:49:00,810,810,810,810,0
2022-12-07 11:50:00,810,810,810,810,0
2022-12-07 11:51:00,810,810,810,810,0
2022-12-07 11:52:00,810,810,810,810,0
2022-12-07 11:53:00,810,810,810,810,0
2022-12-07 11:54:00,810,810,810,810,0
2022-12-07 11:55:00,810,810,810,810,0
2022-12-07 11:56:00,810,810,810,810,0
2022-12-07 11:57:00,810,810,810,810,0
2022-12-07 11:58:00,810,810,810,810,0
2022-12-07 11:59:00,810,810,810,810,0
2022-12-07 12:00:00,810,810,810,810,0
2022-12-07 12:01:00,810,810,810,810,0
2022-12-07 12:02:00,810,810,810,810,0
2022-12-07 12:03:00,810,810,810,810,0
2022-12-07 12:04:00,810,810,810,810,0
2022-12-07 12:05:00,810,810,810,810,0
2022-12-07 12:06:00,810,810,810,810,0
2022-12-07 12:07:00,810,810,810,810,0
2022-12-07 12:08:00,810,810,810,810,0
2022-12-07 12:09:00,810,810,810,810,0
2022-12-07 12:10:00,810,810,810,810,0
2022-12-07 12:11:00,810,810,810,810,0
2022-12-07 12:12:00,810,810,810,810,0
2022-12-07 12:13:00,810,810,810,810,0
2022-12-07 12:14:00,810,810,810,810,0
2022-12-07 12:15:00,810,810,810,810,0
2022-12-07 12:16:00,810,810,810,810,0
2022-12-07 12:17:00,810,810,810,810,0
2022-12-07 12:18:00,810,810,810,810,0
2022-12-07 12:19:00,810,810,810,810,0
2022-12-07 12:20:00,810,810,810,810,0
2022-12-07 12:21:00,810,810,810,810,0
2022-12-07 12:22:00,810,810,810,810,0
2022-12-07 12:23:00,810,810,810,810,0
2022-12-07 12:24:00,810,810,810,810,0
2022-12-07 12:25:00,810,810,810,810,0
2022-12-07 12:26:00,810,810,810,810,0
2022-12-07 12:27:00,810,810,810,810,0
2022-12-07 12:28:00,810,810,810,810,0
2022-12-07 12:29:00,810,810,810,810,0
2022-12-07 12:30:00,810,810,810,810,0
2022-12-07 12:31:00,810,810,810,810,0
2022-12-07 12:32:00,810,810,810,810,0
2022-12-07 12:33:00,810,810,810,810,0
2022-12-07 12:34:00,810,810,810,810,0
2022-12-07 12:35:00,810,810,810,810,0
2022-12-07 12:36:00,810,810,810,810,0
2022-12-07 12:37:00,810,810,810,810,0
2022-12-07 12:38:00,810,810,810,810,0
2022-12-07 12:39:00,810,810,810,810,0
2022-12-07 12:40:00,810,810,810,810,0
2022-12-07 12:41:00,810,810,810,810,0
2022-12-07 12:42:00,810,810,810,810,0
2022-12-07 12:43:00,810,810,810,810,0
2022-12-07 12:44:00,810,810,810,810,0
2022-12-07 12:45:00,810,810,810,810,0
2022-12-07 12:46:00,810,810,810,810,0
2022-12-07 12:47:00,810,810,810,810,0
2022-12-07 12:48:00,810,810,810,810,0
2022-12-07 12:49:00,810,810,810,810,0
2022-12-07 12:50:00,810,810,810,810,0
2022-12-07 12:51:00,810,810,810,810,0
2022-12-07 12:52:00,810,810,810,810,0
2022-12-07 12:53:00,810,810,810,810,0
2022-12-07 12:54:00,810,810,810,810,0
2022-12-07 12:55:00,810,810,810,810,0
2022-12-07 12:56:00,810,810,810,810,0
2022-12-07 12:57:00,810,810,810,810,0
2022-12-07 12:58:00,810,810,810,810,0
2022-12-07 12:59:00,810,810,810,810,0
2022-12-07 13:00:00,810,810,810,810,0
2022-12-07 13:01:00,810,810,810,810,0
2022-12-07 13:02:00,810,810,810,810,0
2022-12-07 13:03:00,810,810,810,810,0
2022-12-07 13:04:00,810,810,810,810,0
2022-12-07 13:05:00,810,810,810,810,0
2022-12-07 13:06:00,810,810,810,810,0
2022-12-07 13:07:00,810,810,810,810,0
2022-12-07 13:08:00,810,810,810,810,0
2022-12-07 13:09:00,810,810,810,810,0
2022-12-07 13:10:00,810,810,810,810,0
2022-12-07 13:11:00,810,810,810,810,0
2022-12-07 13:12:00,810,810,810,810,0
2022-12-07 13:13:00,810,810,810,810,0
2022-12-07 13:14:00,810,810,810,810,0
2022-12-07 13:15:00,810,810,810,810,0
2022-12-07 13:16:00,810,810,810,810,0
2022-12-07 13:17:00,810,810,810,810,0
2022-12-07 13:18:00,810,810,810,810,0
2022-12-07 13:19:00,810,810,810,810,0
2022-12-07 13:20:00,810,810,810,810,0
2022-12-07 13:21:00,810,810,810,810,0
2022-12-07 13:22:00,810,810,810,810,0
2022-12-07 13:23:00,810,810,810,810,0
2022-12-07 13:24:00,810,810,810,810,0
2022-12-07 13:25:00,810,810,810,810,0
2022-12-07 13:26:00,810,810,810,810,0
2022-12-07 13:27:00,810,810,810,810,0
2022-12-07 13:28:00,810,810,810,810,0
2022-12-07 13:29:00,810,810,810,810,0
2022-12-07 13:30:00,805,805,810,810,3700
2022-12-07 13:31:00,810,810,810,810,199900
2022-12-07 13:32:00,810,810,810,810,0
2022-12-07 13:33:00,810,810,810,810,0
2022-12-07 13:34:00,810,810,810,810,0
2022-12-07 13:35:00,810,810,810,810,0
2022-12-07 13:36:00,810,810,810,810,0
2022-12-07 13:37:00,810,810,810,810,0
2022-12-07 13:38:00,810,810,810,810,0
2022-12-07 13:39:00,810,810,810,810,0
2022-12-07 13:40:00,810,810,810,810,0
2022-12-07 13:41:00,810,810,810,810,0
2022-12-07 13:42:00,810,810,810,810,0
2022-12-07 13:43:00,810,810,810,810,0
2022-12-07 13:44:00,810,810,810,810,0
2022-12-07 13:45:00,810,810,810,810,0
2022-12-07 13:46:00,810,810,810,810,0
2022-12-07 13:47:00,810,810,810,810,0
2022-12-07 13:48:00,810,810,810,810,0
2022-12-07 13:49:00,810,810,810,810,0
2022-12-07 13:50:00,810,810,810,810,0
2022-12-07 13:51:00,810,810,810,810,0
2022-12-07 13:52:00,810,810,810,810,0
2022-12-07 13:53:00,810,810,810,810,0
2022-12-07 13:54:00,810,810,810,810,0
2022-12-07 13:55:00,810,810,810,810,0
2022-12-07 13:56:00,810,810,810,810,200
2022-12-07 13:57:00,810,810,810,810,0
2022-12-07 13:58:00,810,810,810,810,0
2022-12-07 13:59:00,810,810,810,810,1900
2022-12-07 14:00:00,810,810,810,810,0
2022-12-07 14:01:00,810,810,810,810,0
2022-12-07 14:02:00,810,810,810,810,0
2022-12-07 14:03:00,810,810,810,810,0
2022-12-07 14:04:00,810,810,810,810,0
2022-12-07 14:05:00,810,810,810,810,0
2022-12-07 14:06:00,805,805,805,805,14400
2022-12-07 14:07:00,805,805,805,805,0
2022-12-07 14:08:00,805,805,805,805,0
2022-12-07 14:09:00,805,805,805,805,0
2022-12-07 14:10:00,805,805,805,805,0
2022-12-07 14:11:00,805,805,805,805,0
2022-12-07 14:12:00,805,805,805,805,0
2022-12-07 14:13:00,805,805,805,805,0
2022-12-07 14:14:00,805,805,805,805,0
2022-12-07 14:15:00,805,805,805,805,0
2022-12-07 14:16:00,805,805,805,805,0
2022-12-07 14:17:00,805,805,805,805,0
2022-12-07 14:18:00,805,805,805,805,0
2022-12-07 14:19:00,805,805,805,805,4800
2022-12-07 14:20:00,805,805,805,805,0
2022-12-07 14:21:00,805,805,805,805,0
2022-12-07 14:22:00,800,800,800,800,6000
2022-12-07 14:23:00,800,800,800,800,0
2022-12-07 14:24:00,800,800,800,800,0
2022-12-07 14:25:00,800,800,800,800,0
2022-12-07 14:26:00,800,800,800,800,200
2022-12-07 14:27:00,800,800,800,800,0
2022-12-07 14:28:00,800,800,800,800,0
2022-12-07 14:29:00,800,800,800,800,0
2022-12-07 14:30:00,800,800,800,800,0
2022-12-07 14:31:00,800,800,800,800,0
2022-12-07 14:32:00,800,800,800,800,0
2022-12-07 14:33:00,800,800,800,800,0
2022-12-07 14:34:00,800,800,800,800,0
2022-12-07 14:35:00,800,800,800,800,0
2022-12-07 14:36:00,800,800,800,800,0
2022-12-07 14:37:00,800,800,800,800,0
2022-12-07 14:38:00,800,800,800,800,0
2022-12-07 14:39:00,800,800,800,800,0
2022-12-07 14:40:00,800,800,800,800,0
2022-12-07 14:41:00,800,800,800,800,0
2022-12-07 14:42:00,800,800,800,800,0
2022-12-07 14:43:00,800,800,800,800,0
2022-12-07 14:44:00,800,800,800,800,0
2022-12-07 14:45:00,805,800,805,800,12000
2022-12-07 14:46:00,805,800,805,800,0
2022-12-07 14:47:00,805,800,805,800,0
2022-12-07 14:48:00,805,800,805,800,0
2022-12-07 14:49:00,805,800,805,800,0
2022-12-07 14:50:00,805,800,805,800,0
2022-12-07 14:51:00,805,800,805,800,0
2022-12-07 14:52:00,805,800,805,800,0
2022-12-07 14:53:00,805,800,805,800,0
2022-12-07 14:54:00,805,800,805,800,0
2022-12-07 14:55:00,805,800,805,800,0
2022-12-07 14:56:00,805,800,805,800,0
2022-12-07 14:57:00,805,800,805,800,0
2022-12-07 14:58:00,805,800,805,800,0
2022-12-07 14:59:00,805,800,805,800,0
2022-12-07 15:00:00,805,800,805,800,0
2022-12-07 15:01:00,800,800,800,800,2300
2022-12-07 15:02:00,800,800,800,800,0
2022-12-07 15:03:00,800,800,800,800,0
2022-12-07 15:04:00,800,800,800,800,0
2022-12-07 15:05:00,800,800,800,800,0
2022-12-07 15:06:00,800,800,800,800,0
2022-12-07 15:07:00,800,800,800,800,0
2022-12-07 15:08:00,800,800,800,800,0
2022-12-07 15:09:00,800,800,800,800,0
2022-12-07 15:10:00,800,800,800,800,0
2022-12-07 15:11:00,800,800,800,800,0
2022-12-07 15:12:00,800,800,800,800,0
2022-12-07 15:13:00,800,800,800,800,223000
2022-12-07 15:14:00,800,800,800,800,0
2022-12-07 15:15:00,800,800,800,800,0
2022-12-07 15:16:00,800,800,800,800,0
2022-12-07 15:17:00,800,800,800,800,0
2022-12-07 15:18:00,800,800,800,800,0
2022-12-07 15:19:00,800,800,800,800,0
2022-12-07 15:20:00,800,800,800,800,0
2022-12-07 15:21:00,800,800,800,800,0
2022-12-07 15:22:00,800,800,800,800,0
2022-12-07 15:23:00,800,800,800,800,0
2022-12-07 15:24:00,800,800,800,800,0
2022-12-07 15:25:00,800,800,800,800,0
2022-12-07 15:26:00,800,800,800,800,0
2022-12-07 15:27:00,800,800,800,800,0
2022-12-07 15:28:00,800,800,800,800,0
2022-12-07 15:29:00,800,800,800,800,0
2022-12-07 15:30:00,800,800,800,800,0
2022-12-07 15:31:00,800,800,800,800,0
2022-12-07 15:32:00,800,800,800,800,0
2022-12-07 15:33:00,800,800,800,800,0
2022-12-07 15:34:00,800,800,800,800,0
2022-12-07 15:35:00,800,800,800,800,0
2022-12-07 15:36:00,800,800,800,800,0
2022-12-07 15:37:00,800,800,800,800,0
2022-12-07 15:38:00,800,800,800,800,0
2022-12-07 15:39:00,800,800,800,800,0
2022-12-07 15:40:00,800,800,800,800,0
2022-12-07 15:41:00,800,800,800,800,0
2022-12-07 15:42:00,800,800,800,800,0
2022-12-07 15:43:00,800,800,800,800,0
2022-12-07 15:44:00,800,800,800,800,0
2022-12-07 15:45:00,800,800,800,800,0
2022-12-07 15:46:00,800,800,800,800,0
2022-12-07 15:47:00,800,800,800,800,0
2022-12-07 15:48:00,800,800,800,800,0
2022-12-07 15:49:00,800,800,800,800,0
2022-12-07 15:50:00,800,800,800,800,0
2022-12-07 15:51:00,800,800,800,800,0
2022-12-07 15:52:00,800,800,800,800,0
2022-12-07 15:53:00,800,800,800,800,0
2022-12-07 15:54:00,800,800,800,800,0
2022-12-07 15:55:00,800,800,800,800,0
2022-12-07 15:56:00,800,800,800,800,0
2022-12-07 15:57:00,800,800,800,800,0
2022-12-07 15:58:00,800,800,800,800,0
2022-12-07 15:59:00,800,800,800,800,0
2022-12-08 09:00:00,800,800,800,800,0
2022-12-08 09:01:00,800,800,800,800,0
2022-12-08 09:02:00,800,800,800,800,0
2022-12-08 09:03:00,800,800,800,800,0
2022-12-08 09:04:00,805,805,805,805,0
2022-12-08 09:05:00,805,805,805,805,0
2022-12-08 09:06:00,805,805,805,805,0
2022-12-08 09:07:00,805,805,805,805,0
2022-12-08 09:08:00,805,805,805,805,0
2022-12-08 09:09:00,805,805,805,805,0
2022-12-08 09:10:00,805,805,805,805,0
2022-12-08 09:11:00,805,805,805,805,0
2022-12-08 09:12:00,805,805,805,805,0
2022-12-08 09:13:00,805,805,805,805,0
2022-12-08 09:14:00,805,805,805,805,0
2022-12-08 09:15:00,805,805,805,805,0
2022-12-08 09:16:00,805,805,805,805,0
2022-12-08 09:17:00,805,805,805,805,0
2022-12-08 09:18:00,805,805,805,805,0
2022-12-08 09:19:00,805,805,805,805,0
2022-12-08 09:20:00,805,805,805,805,0
2022-12-08 09:21:00,805,805,805,805,0
2022-12-08 09:22:00,805,805,805,805,0
2022-12-08 09:23:00,805,805,805,805,0
2022-12-08 09:24:00,805,805,805,805,0
2022-12-08 09:25:00,805,805,805,805,0
2022-12-08 09:26:00,805,805,805,805,0
2022-12-08 09:27:00,820,805,825,805,500
2022-12-08 09:28:00,820,805,825,805,0
2022-12-08 09:29:00,825,800,825,800,500
2022-12-08 09:30:00,825,800,825,800,0
2022-12-08 09:31:00,825,800,825,800,0
2022-12-08 09:32:00,825,800,825,800,0
2022-12-08 09:33:00,825,800,825,800,0
2022-12-08 09:34:00,825,800,825,800,0
2022-12-08 09:35:00,825,800,825,800,0
2022-12-08 09:36:00,825,800,825,800,0
2022-12-08 09:37:00,825,800,825,800,0
2022-12-08 09:38:00,820,820,825,825,0
2022-12-08 09:39:00,820,820,825,825,0
2022-12-08 09:40:00,820,820,825,825,0
2022-12-08 09:41:00,820,820,825,825,0
2022-12-08 09:42:00,810,805,810,805,200
2022-12-08 09:43:00,810,805,810,805,0
2022-12-08 09:44:00,810,805,810,805,0
2022-12-08 09:45:00,810,805,810,805,0
2022-12-08 09:46:00,810,805,810,805,0
2022-12-08 09:47:00,805,805,805,805,3400
2022-12-08 09:48:00,805,805,805,805,0
2022-12-08 09:49:00,805,805,805,805,0
2022-12-08 09:50:00,805,805,805,805,8800
2022-12-08 09:51:00,805,805,805,805,0
2022-12-08 09:52:00,805,805,805,805,0
2022-12-08 09:53:00,805,800,805,800,13600
2022-12-08 09:54:00,800,800,800,800,0
2022-12-08 09:55:00,800,800,800,800,0
2022-12-08 09:56:00,800,800,800,800,0
2022-12-08 09:57:00,800,800,800,800,0
2022-12-08 09:58:00,800,800,800,800,0
2022-12-08 09:59:00,800,800,800,800,0
2022-12-08 10:00:00,800,800,800,800,0
2022-12-08 10:01:00,800,800,800,800,0
2022-12-08 10:02:00,800,800,800,800,0
2022-12-08 10:03:00,800,800,800,800,0
2022-12-08 10:04:00,800,800,800,800,0
2022-12-08 10:05:00,800,800,800,800,0
2022-12-08 10:06:00,800,800,800,800,0
2022-12-08 10:07:00,805,805,805,805,8000
2022-12-08 10:08:00,805,805,805,805,0
2022-12-08 10:09:00,805,805,805,805,0
2022-12-08 10:10:00,805,805,805,805,0
2022-12-08 10:11:00,805,805,805,805,0
2022-12-08 10:12:00,800,800,800,800,4600
2022-12-08 10:13:00,800,800,800,800,0
2022-12-08 10:14:00,800,800,800,800,0
2022-12-08 10:15:00,800,800,800,800,0
2022-12-08 10:16:00,800,800,800,800,0
2022-12-08 10:17:00,800,800,800,800,0
2022-12-08 10:18:00,800,800,800,800,900
2022-12-08 10:19:00,800,800,800,800,0
2022-12-08 10:20:00,800,800,800,800,133700
2022-12-08 10:21:00,800,780,800,780,42700
2022-12-08 10:22:00,780,775,780,775,24000
2022-12-08 10:23:00,780,775,780,775,0
2022-12-08 10:24:00,780,775,780,775,3600
2022-12-08 10:25:00,780,775,780,775,0
2022-12-08 10:26:00,780,775,780,775,0
2022-12-08 10:27:00,780,775,780,775,0
2022-12-08 10:28:00,780,775,780,775,0
2022-12-08 10:29:00,775,775,775,775,200
2022-12-08 10:30:00,775,775,775,775,0
2022-12-08 10:31:00,775,775,775,775,0
2022-12-08 10:32:00,775,775,775,775,1200
2022-12-08 10:33:00,770,770,775,770,300
2022-12-08 10:34:00,770,770,770,770,3500
2022-12-08 10:35:00,770,770,770,770,0
2022-12-08 10:36:00,770,770,770,770,0
2022-12-08 10:37:00,775,775,775,775,0
2022-12-08 10:38:00,775,775,775,775,0
2022-12-08 10:39:00,770,750,775,775,15400
2022-12-08 10:40:00,780,780,780,780,0
2022-12-08 10:41:00,780,780,780,780,0
2022-12-08 10:42:00,780,780,780,780,0
2022-12-08 10:43:00,780,780,780,780,0
2022-12-08 10:44:00,780,780,780,780,0
2022-12-08 10:45:00,780,780,780,780,0
2022-12-08 10:46:00,780,780,780,780,0
2022-12-08 10:47:00,780,755,780,755,29600
2022-12-08 10:48:00,780,755,780,755,0
2022-12-08 10:49:00,765,755,765,755,14500
2022-12-08 10:50:00,765,755,765,755,4100
2022-12-08 10:51:00,765,755,765,755,0
2022-12-08 10:52:00,750,750,750,750,3100
2022-12-08 10:53:00,750,750,770,750,3600
2022-12-08 10:54:00,770,770,770,770,0
2022-12-08 10:55:00,770,770,770,770,0
2022-12-08 10:56:00,770,770,770,770,0
2022-12-08 10:57:00,755,755,755,755,200
2022-12-08 10:58:00,765,765,765,765,100
2022-12-08 10:59:00,765,765,765,765,0
2022-12-08 11:00:00,765,765,765,765,0
2022-12-08 11:01:00,765,765,765,765,2600
2022-12-08 11:02:00,755,755,755,755,1400
2022-12-08 11:03:00,755,755,755,755,0
2022-12-08 11:04:00,755,755,755,755,0
2022-12-08 11:05:00,755,755,755,755,0
2022-12-08 11:06:00,755,755,755,755,0
2022-12-08 11:07:00,755,755,755,755,0
2022-12-08 11:08:00,755,755,755,755,0
2022-12-08 11:09:00,755,755,755,755,0
2022-12-08 11:10:00,755,755,755,755,0
2022-12-08 11:11:00,755,755,755,755,0
2022-12-08 11:12:00,765,765,765,765,3200
2022-12-08 11:13:00,765,765,765,765,5900
2022-12-08 11:14:00,765,765,765,765,0
2022-12-08 11:15:00,765,765,765,765,0
2022-12-08 11:16:00,765,765,765,765,5000
2022-12-08 11:17:00,755,755,755,755,3000
2022-12-08 11:18:00,765,765,765,765,3500
2022-12-08 11:19:00,765,765,765,765,1400
2022-12-08 11:20:00,765,765,765,765,0
2022-12-08 11:21:00,765,765,765,765,0
2022-12-08 11:22:00,765,765,765,765,0
2022-12-08 11:23:00,765,765,765,765,0
2022-12-08 11:24:00,765,755,765,755,18400
2022-12-08 11:25:00,765,755,765,755,0
2022-12-08 11:26:00,765,755,765,755,0
2022-12-08 11:27:00,765,755,765,755,0
2022-12-08 11:28:00,765,755,765,755,0
2022-12-08 11:29:00,765,765,785,785,47900
2022-12-08 11:30:00,765,765,785,785,0
2022-12-08 11:31:00,765,765,785,785,0
2022-12-08 11:32:00,765,765,785,785,0
2022-12-08 11:33:00,765,765,785,785,0
2022-12-08 11:34:00,765,765,785,785,0
2022-12-08 11:35:00,765,765,785,785,0
2022-12-08 11:36:00,765,765,785,785,0
2022-12-08 11:37:00,765,765,785,785,0
2022-12-08 11:38:00,765,765,785,785,0
2022-12-08 11:39:00,765,765,785,785,0
2022-12-08 11:40:00,765,765,785,785,0
2022-12-08 11:41:00,765,765,785,785,0
2022-12-08 11:42:00,765,765,785,785,0
2022-12-08 11:43:00,765,765,785,785,0
2022-12-08 11:44:00,765,765,785,785,0
2022-12-08 11:45:00,765,765,785,785,0
2022-12-08 11:46:00,765,765,785,785,0
2022-12-08 11:47:00,765,765,785,785,0
2022-12-08 11:48:00,765,765,785,785,0
2022-12-08 11:49:00,765,765,785,785,0
2022-12-08 11:50:00,765,765,785,785,0
2022-12-08 11:51:00,765,765,785,785,0
2022-12-08 11:52:00,765,765,785,785,0
2022-12-08 11:53:00,765,765,785,785,0
2022-12-08 11:54:00,765,765,785,785,0
2022-12-08 11:55:00,765,765,785,785,0
2022-12-08 11:56:00,765,765,785,785,0
2022-12-08 11:57:00,765,765,785,785,0
2022-12-08 11:58:00,765,765,785,785,0
2022-12-08 11:59:00,765,765,785,785,0
2022-12-08 12:00:00,765,765,785,785,0
2022-12-08 12:01:00,765,765,785,785,0
2022-12-08 12:02:00,765,765,785,785,0
2022-12-08 12:03:00,765,765,785,785,0
2022-12-08 12:04:00,765,765,785,785,0
2022-12-08 12:05:00,765,765,785,785,0
2022-12-08 12:06:00,765,765,785,785,0
2022-12-08 12:07:00,765,765,785,785,0
2022-12-08 12:08:00,765,765,785,785,0
2022-12-08 12:09:00,765,765,785,785,0
2022-12-08 12:10:00,765,765,785,785,0
2022-12-08 12:11:00,765,765,785,785,0
2022-12-08 12:12:00,765,765,785,785,0
2022-12-08 12:13:00,765,765,785,785,0
2022-12-08 12:14:00,765,765,785,785,0
2022-12-08 12:15:00,765,765,785,785,0
2022-12-08 12:16:00,765,765,785,785,0
2022-12-08 12:17:00,765,765,785,785,0
2022-12-08 12:18:00,765,765,785,785,0
2022-12-08 12:19:00,765,765,785,785,0
2022-12-08 12:20:00,765,765,785,785,0
2022-12-08 12:21:00,765,765,785,785,0
2022-12-08 12:22:00,765,765,785,785,0
2022-12-08 12:23:00,765,765,785,785,0
2022-12-08 12:24:00,765,765,785,785,0
2022-12-08 12:25:00,765,765,785,785,0
2022-12-08 12:26:00,765,765,785,785,0
2022-12-08 12:27:00,765,765,785,785,0
2022-12-08 12:28:00,765,765,785,785,0
2022-12-08 12:29:00,765,765,785,785,0
2022-12-08 12:30:00,765,765,785,785,0
2022-12-08 12:31:00,765,765,785,785,0
2022-12-08 12:32:00,765,765,785,785,0
2022-12-08 12:33:00,765,765,785,785,0
2022-12-08 12:34:00,765,765,785,785,0
2022-12-08 12:35:00,765,765,785,785,0
2022-12-08 12:36:00,765,765,785,785,0
2022-12-08 12:37:00,765,765,785,785,0
2022-12-08 12:38:00,765,765,785,785,0
2022-12-08 12:39:00,765,765,785,785,0
2022-12-08 12:40:00,765,765,785,785,0
2022-12-08 12:41:00,765,765,785,785,0
2022-12-08 12:42:00,765,765,785,785,0
2022-12-08 12:43:00,765,765,785,785,0
2022-12-08 12:44:00,765,765,785,785,0
2022-12-08 12:45:00,765,765,785,785,0
2022-12-08 12:46:00,765,765,785,785,0
2022-12-08 12:47:00,765,765,785,785,0
2022-12-08 12:48:00,765,765,785,785,0
2022-12-08 12:49:00,765,765,785,785,0
2022-12-08 12:50:00,765,765,785,785,0
2022-12-08 12:51:00,765,765,785,785,0
2022-12-08 12:52:00,765,765,785,785,0
2022-12-08 12:53:00,765,765,785,785,0
2022-12-08 12:54:00,765,765,785,785,0
2022-12-08 12:55:00,765,765,785,785,0
2022-12-08 12:56:00,765,765,785,785,0
2022-12-08 12:57:00,765,765,785,785,0
2022-12-08 12:58:00,765,765,785,785,0
2022-12-08 12:59:00,765,765,785,785,0
2022-12-08 13:00:00,765,765,785,785,0
2022-12-08 13:01:00,765,765,785,785,0
2022-12-08 13:02:00,765,765,785,785,0
2022-12-08 13:03:00,765,765,785,785,0
2022-12-08 13:04:00,765,765,785,785,0
2022-12-08 13:05:00,765,765,785,785,0
2022-12-08 13:06:00,765,765,785,785,0
2022-12-08 13:07:00,765,765,785,785,0
2022-12-08 13:08:00,765,765,785,785,0
2022-12-08 13:09:00,765,765,785,785,0
2022-12-08 13:10:00,765,765,785,785,0
2022-12-08 13:11:00,765,765,785,785,0
2022-12-08 13:12:00,765,765,785,785,0
2022-12-08 13:13:00,765,765,785,785,0
2022-12-08 13:14:00,765,765,785,785,0
2022-12-08 13:15:00,765,765,785,785,0
2022-12-08 13:16:00,765,765,785,785,0
2022-12-08 13:17:00,765,765,785,785,0
2022-12-08 13:18:00,765,765,785,785,0
2022-12-08 13:19:00,765,765,785,785,0
2022-12-08 13:20:00,765,765,785,785,0
2022-12-08 13:21:00,765,765,785,785,0
2022-12-08 13:22:00,765,765,785,785,0
2022-12-08 13:23:00,765,765,785,785,0
2022-12-08 13:24:00,765,765,785,785,0
2022-12-08 13:25:00,765,765,785,785,0
2022-12-08 13:26:00,765,765,785,785,0
2022-12-08 13:27:00,765,765,785,785,0
2022-12-08 13:28:00,765,765,785,785,0
2022-12-08 13:29:00,765,765,785,785,0
2022-12-08 13:30:00,785,785,790,790,24900
2022-12-08 13:31:00,780,780,805,805,5400
2022-12-08 13:32:00,780,780,805,805,0
2022-12-08 13:33:00,780,780,805,805,0
2022-12-08 13:34:00,780,780,805,805,0
2022-12-08 13:35:00,780,780,805,805,0
2022-12-08 13:36:00,780,780,805,805,0
2022-12-08 13:37:00,780,780,805,805,0
2022-12-08 13:38:00,780,780,805,805,0
2022-12-08 13:39:00,780,780,805,805,0
2022-12-08 13:40:00,800,800,815,815,3100
2022-12-08 13:41:00,800,800,815,815,0
2022-12-08 13:42:00,800,800,815,815,0
2022-12-08 13:43:00,800,800,815,815,0
2022-12-08 13:44:00,800,800,815,815,0
2022-12-08 13:45:00,800,800,815,815,0
2022-12-08 13:46:00,800,800,815,815,0
2022-12-08 13:47:00,800,800,815,815,0
2022-12-08 13:48:00,810,810,810,810,1700
2022-12-08 13:49:00,810,810,810,810,0
2022-12-08 13:50:00,810,810,810,810,0
2022-12-08 13:51:00,810,810,810,810,0
2022-12-08 13:52:00,810,810,810,810,0
2022-12-08 13:53:00,810,810,810,810,0
2022-12-08 13:54:00,810,810,810,810,0
2022-12-08 13:55:00,810,810,810,810,0
2022-12-08 13:56:00,810,810,810,810,0
2022-12-08 13:57:00,810,810,810,810,0
2022-12-08 13:58:00,810,810,810,810,0
2022-12-08 13:59:00,810,810,810,810,0
2022-12-08 14:00:00,810,810,810,810,0
2022-12-08 14:01:00,810,810,810,810,600
2022-12-08 14:02:00,810,810,810,810,0
2022-12-08 14:03:00,810,810,810,810,0
2022-12-08 14:04:00,810,810,810,810,0
2022-12-08 14:05:00,810,810,810,810,0
2022-12-08 14:06:00,810,810,810,810,0
2022-12-08 14:07:00,810,810,810,810,0
2022-12-08 14:08:00,810,810,810,810,0
2022-12-08 14:09:00,810,810,810,810,0
2022-12-08 14:10:00,810,810,810,810,0
2022-12-08 14:11:00,810,810,810,810,0
2022-12-08 14:12:00,810,810,810,810,0
2022-12-08 14:13:00,810,810,810,810,0
2022-12-08 14:14:00,810,810,810,810,0
2022-12-08 14:15:00,810,810,810,810,300
2022-12-08 14:16:00,810,810,810,810,0
2022-12-08 14:17:00,810,810,810,810,0
2022-12-08 14:18:00,810,810,810,810,0
2022-12-08 14:19:00,810,810,810,810,0
2022-12-08 14:20:00,810,810,810,810,0
2022-12-08 14:21:00,810,810,810,810,0
2022-12-08 14:22:00,810,810,810,810,0
2022-12-08 14:23:00,810,810,810,810,0
2022-12-08 14:24:00,810,810,810,810,0
2022-12-08 14:25:00,810,810,810,810,0
2022-12-08 14:26:00,810,810,810,810,0
2022-12-08 14:27:00,810,810,810,810,0
2022-12-08 14:28:00,805,805,805,805,200
2022-12-08 14:29:00,805,805,805,805,0
2022-12-08 14:30:00,805,805,805,805,0
2022-12-08 14:31:00,805,805,805,805,0
2022-12-08 14:32:00,805,805,805,805,0
2022-12-08 14:33:00,805,805,810,810,1100
2022-12-08 14:34:00,805,805,810,810,0
2022-12-08 14:35:00,805,805,810,810,0
2022-12-08 14:36:00,805,805,810,810,0
2022-12-08 14:37:00,805,805,810,810,0
2022-12-08 14:38:00,805,805,810,810,0
2022-12-08 14:39:00,805,805,810,810,0
2022-12-08 14:40:00,805,805,810,810,0
2022-12-08 14:41:00,805,805,810,810,0
2022-12-08 14:42:00,805,805,810,810,0
2022-12-08 14:43:00,805,805,810,810,0
2022-12-08 14:44:00,805,805,810,810,0
2022-12-08 14:45:00,805,805,810,810,0
2022-12-08 14:46:00,805,805,810,810,0
2022-12-08 14:47:00,805,805,805,805,300
2022-12-08 14:48:00,805,785,810,810,2000
2022-12-08 14:49:00,785,785,805,805,0
2022-12-08 14:50:00,785,785,805,805,0
2022-12-08 14:51:00,785,785,805,805,0
2022-12-08 14:52:00,785,785,805,805,0
2022-12-08 14:53:00,785,785,805,805,0
2022-12-08 14:54:00,785,785,805,805,0
2022-12-08 14:55:00,785,785,805,805,0
2022-12-08 14:56:00,785,785,805,805,0
2022-12-08 14:57:00,785,785,805,805,0
2022-12-08 14:58:00,785,785,805,805,0
2022-12-08 14:59:00,785,785,805,805,0
2022-12-08 15:00:00,785,785,785,785,1400
2022-12-08 15:01:00,785,785,785,785,100
2022-12-08 15:02:00,785,785,785,785,0
2022-12-08 15:03:00,785,785,785,785,439600
2022-12-08 15:04:00,785,785,785,785,0
2022-12-08 15:05:00,785,785,785,785,0
2022-12-08 15:06:00,785,785,785,785,0
2022-12-08 15:07:00,785,785,785,785,0
2022-12-08 15:08:00,785,785,785,785,0
2022-12-08 15:09:00,785,785,785,785,0
2022-12-08 15:10:00,785,785,785,785,0
2022-12-08 15:11:00,785,785,785,785,0
2022-12-08 15:12:00,785,785,785,785,0
2022-12-08 15:13:00,785,785,785,785,0
2022-12-08 15:14:00,785,785,785,785,0
2022-12-08 15:15:00,785,785,785,785,0
2022-12-08 15:16:00,785,785,785,785,0
2022-12-08 15:17:00,785,785,785,785,0
2022-12-08 15:18:00,785,785,785,785,0
2022-12-08 15:19:00,785,785,785,785,0
2022-12-08 15:20:00,785,785,785,785,0
2022-12-08 15:21:00,785,785,785,785,0
2022-12-08 15:22:00,785,785,785,785,0
2022-12-08 15:23:00,785,785,785,785,0
2022-12-08 15:24:00,785,785,785,785,0
2022-12-08 15:25:00,785,785,785,785,0
2022-12-08 15:26:00,785,785,785,785,0
2022-12-08 15:27:00,785,785,785,785,0
2022-12-08 15:28:00,785,785,785,785,0
2022-12-08 15:29:00,785,785,785,785,0
2022-12-08 15:30:00,785,785,785,785,0
2022-12-08 15:31:00,785,785,785,785,0
2022-12-08 15:32:00,785,785,785,785,0
2022-12-08 15:33:00,785,785,785,785,0
2022-12-08 15:34:00,785,785,785,785,0
2022-12-08 15:35:00,785,785,785,785,0
2022-12-08 15:36:00,785,785,785,785,0
2022-12-08 15:37:00,785,785,785,785,0
2022-12-08 15:38:00,785,785,785,785,0
2022-12-08 15:39:00,785,785,785,785,0
2022-12-08 15:40:00,785,785,785,785,0
2022-12-08 15:41:00,785,785,785,785,0
2022-12-08 15:42:00,785,785,785,785,0
2022-12-08 15:43:00,785,785,785,785,0
2022-12-08 15:44:00,785,785,785,785,0
2022-12-08 15:45:00,785,785,785,785,0
2022-12-08 15:46:00,785,785,785,785,0
2022-12-08 15:47:00,785,785,785,785,0
2022-12-08 15:48:00,785,785,785,785,0
2022-12-08 15:49:00,785,785,785,785,0
2022-12-08 15:50:00,785,785,785,785,0
2022-12-08 15:51:00,785,785,785,785,0
2022-12-08 15:52:00,785,785,785,785,0
2022-12-08 15:53:00,785,785,785,785,0
2022-12-08 15:54:00,785,785,785,785,0
2022-12-08 15:55:00,785,785,785,785,0
2022-12-08 15:56:00,785,785,785,785,0
2022-12-08 15:57:00,785,785,785,785,0
2022-12-08 15:58:00,785,785,785,785,0
2022-12-08 15:59:00,785,785,785,785,0
2022-12-09 09:00:00,935,775,935,775,0
2022-12-09 09:01:00,935,775,935,775,0
2022-12-09 09:02:00,935,775,935,775,0
2022-12-09 09:03:00,775,775,775,775,3000
2022-12-09 09:04:00,775,775,775,775,0
2022-12-09 09:05:00,785,785,785,785,0
2022-12-09 09:06:00,795,795,815,815,2200
2022-12-09 09:07:00,795,795,815,815,0
2022-12-09 09:08:00,795,795,815,815,0
2022-12-09 09:09:00,795,795,815,815,0
2022-12-09 09:10:00,795,795,815,815,0
2022-12-09 09:11:00,795,795,815,815,0
2022-12-09 09:12:00,795,795,815,815,0
2022-12-09 09:13:00,795,795,815,815,0
2022-12-09 09:14:00,795,795,815,815,0
2022-12-09 09:15:00,810,810,810,810,100
2022-12-09 09:16:00,810,810,810,810,0
2022-12-09 09:17:00,810,810,810,810,0
2022-12-09 09:18:00,810,810,810,810,0
2022-12-09 09:19:00,810,810,810,810,0
2022-12-09 09:20:00,810,810,810,810,0
2022-12-09 09:21:00,810,810,810,810,0
2022-12-09 09:22:00,810,810,810,810,0
2022-12-09 09:23:00,810,810,810,810,0
2022-12-09 09:24:00,810,810,810,810,0
2022-12-09 09:25:00,810,810,810,810,0
2022-12-09 09:26:00,810,810,810,810,0
2022-12-09 09:27:00,810,810,810,810,0
2022-12-09 09:28:00,810,810,810,810,0
2022-12-09 09:29:00,810,810,810,810,0
2022-12-09 09:30:00,810,810,810,810,0
2022-12-09 09:31:00,810,810,810,810,0
2022-12-09 09:32:00,810,810,810,810,0
2022-12-09 09:33:00,810,810,810,810,0
2022-12-09 09:34:00,810,810,810,810,0
2022-12-09 09:35:00,810,810,810,810,0
2022-12-09 09:36:00,810,810,810,810,0
2022-12-09 09:37:00,810,810,810,810,0
2022-12-09 09:38:00,805,805,805,805,3800
2022-12-09 09:39:00,805,805,805,805,0
2022-12-09 09:40:00,805,805,805,805,6800
2022-12-09 09:41:00,805,805,805,805,0
2022-12-09 09:42:00,805,805,805,805,0
2022-12-09 09:43:00,810,810,810,810,200
2022-12-09 09:44:00,810,810,810,810,0
2022-12-09 09:45:00,810,810,810,810,0
2022-12-09 09:46:00,810,810,810,810,0
2022-12-09 09:47:00,810,810,810,810,0
2022-12-09 09:48:00,810,810,810,810,0
2022-12-09 09:49:00,810,810,810,810,0
2022-12-09 09:50:00,805,805,805,805,1900
2022-12-09 09:51:00,805,805,805,805,0
2022-12-09 09:52:00,805,805,805,805,0
2022-12-09 09:53:00,810,810,810,810,0
2022-12-09 09:54:00,810,810,810,810,0
2022-12-09 09:55:00,810,810,810,810,0
2022-12-09 09:56:00,810,810,810,810,0
2022-12-09 09:57:00,810,810,810,810,0
2022-12-09 09:58:00,810,810,810,810,0
2022-12-09 09:59:00,810,810,810,810,0
2022-12-09 10:00:00,810,810,810,810,0
2022-12-09 10:01:00,810,810,810,810,0
2022-12-09 10:02:00,810,810,810,810,0
2022-12-09 10:03:00,810,810,810,810,0
2022-12-09 10:04:00,810,810,810,810,0
2022-12-09 10:05:00,810,810,810,810,0
2022-12-09 10:06:00,810,810,810,810,0
2022-12-09 10:07:00,810,810,810,810,0
2022-12-09 10:08:00,810,810,810,810,0
2022-12-09 10:09:00,810,810,810,810,0
2022-12-09 10:10:00,810,810,810,810,0
2022-12-09 10:11:00,810,810,810,810,0
2022-12-09 10:12:00,810,810,810,810,0
2022-12-09 10:13:00,810,810,810,810,0
2022-12-09 10:14:00,810,810,810,810,0
2022-12-09 10:15:00,810,810,810,810,0
2022-12-09 10:16:00,810,810,810,810,0
2022-12-09 10:17:00,810,810,810,810,0
2022-12-09 10:18:00,810,810,810,810,0
2022-12-09 10:19:00,810,810,810,810,0
2022-12-09 10:20:00,810,810,810,810,0
2022-12-09 10:21:00,810,810,810,810,0
2022-12-09 10:22:00,810,810,810,810,0
2022-12-09 10:23:00,810,810,810,810,0
2022-12-09 10:24:00,810,810,810,810,0
2022-12-09 10:25:00,810,810,810,810,0
2022-12-09 10:26:00,810,810,810,810,0
2022-12-09 10:27:00,810,810,810,810,0
2022-12-09 10:28:00,810,810,810,810,0
2022-12-09 10:29:00,805,805,805,805,300
2022-12-09 10:30:00,805,805,805,805,0
2022-12-09 10:31:00,805,805,805,805,0
2022-12-09 10:32:00,805,805,805,805,0
2022-12-09 10:33:00,810,810,810,810,17600
2022-12-09 10:34:00,810,810,810,810,0
2022-12-09 10:35:00,810,810,810,810,0
2022-12-09 10:36:00,810,810,810,810,0
2022-12-09 10:37:00,810,810,810,810,0
2022-12-09 10:38:00,815,815,815,815,0
2022-12-09 10:39:00,815,815,815,815,0
2022-12-09 10:40:00,815,815,815,815,0
2022-12-09 10:41:00,805,805,805,805,5700
2022-12-09 10:42:00,805,805,805,805,0
2022-12-09 10:43:00,805,805,805,805,0
2022-12-09 10:44:00,805,805,805,805,0
2022-12-09 10:45:00,805,805,805,805,0
2022-12-09 10:46:00,805,805,805,805,0
2022-12-09 10:47:00,805,805,805,805,0
2022-12-09 10:48:00,805,805,805,805,0
2022-12-09 10:49:00,805,805,805,805,0
2022-12-09 10:50:00,805,805,805,805,0
2022-12-09 10:51:00,805,805,805,805,0
2022-12-09 10:52:00,805,805,805,805,0
2022-12-09 10:53:00,805,805,805,805,0
2022-12-09 10:54:00,805,805,805,805,0
2022-12-09 10:55:00,805,805,805,805,0
2022-12-09 10:56:00,805,805,805,805,0
2022-12-09 10:57:00,805,805,805,805,0
2022-12-09 10:58:00,805,805,805,805,0
2022-12-09 10:59:00,805,805,805,805,0
2022-12-09 11:00:00,805,805,805,805,0
2022-12-09 11:01:00,805,805,805,805,0
2022-12-09 11:02:00,805,805,805,805,0
2022-12-09 11:03:00,805,805,805,805,0
2022-12-09 11:04:00,805,805,805,805,0
2022-12-09 11:05:00,805,805,805,805,0
2022-12-09 11:06:00,805,805,805,805,3000
2022-12-09 11:07:00,805,805,805,805,0
2022-12-09 11:08:00,805,805,805,805,0
2022-12-09 11:09:00,805,805,805,805,0
2022-12-09 11:10:00,805,805,805,805,0
2022-12-09 11:11:00,805,805,805,805,0
2022-12-09 11:12:00,805,805,805,805,0
2022-12-09 11:13:00,805,805,805,805,1600
2022-12-09 11:14:00,805,805,805,805,0
2022-12-09 11:15:00,805,805,805,805,0
2022-12-09 11:16:00,805,805,805,805,0
2022-12-09 11:17:00,805,805,805,805,0
2022-12-09 11:18:00,805,805,805,805,0
2022-12-09 11:19:00,805,805,805,805,0
2022-12-09 11:20:00,805,805,805,805,0
2022-12-09 11:21:00,805,805,805,805,0
2022-12-09 11:22:00,805,805,805,805,0
2022-12-09 11:23:00,805,805,805,805,0
2022-12-09 11:24:00,805,805,805,805,0
2022-12-09 11:25:00,805,805,805,805,0
2022-12-09 11:26:00,805,805,805,805,0
2022-12-09 11:27:00,805,805,805,805,0
2022-12-09 11:28:00,805,805,805,805,0
2022-12-09 11:29:00,805,805,805,805,0
2022-12-09 11:30:00,805,805,805,805,0
2022-12-09 11:31:00,805,805,805,805,0
2022-12-09 11:32:00,805,805,805,805,0
2022-12-09 11:33:00,805,805,805,805,0
2022-12-09 11:34:00,805,805,805,805,0
2022-12-09 11:35:00,805,805,805,805,0
2022-12-09 11:36:00,805,805,805,805,0
2022-12-09 11:37:00,805,805,805,805,0
2022-12-09 11:38:00,805,805,805,805,0
2022-12-09 11:39:00,805,805,805,805,0
2022-12-09 11:40:00,805,805,805,805,0
2022-12-09 11:41:00,805,805,805,805,0
2022-12-09 11:42:00,805,805,805,805,0
2022-12-09 11:43:00,805,805,805,805,0
2022-12-09 11:44:00,805,805,805,805,0
2022-12-09 11:45:00,805,805,805,805,0
2022-12-09 11:46:00,805,805,805,805,0
2022-12-09 11:47:00,805,805,805,805,0
2022-12-09 11:48:00,805,805,805,805,0
2022-12-09 11:49:00,805,805,805,805,0
2022-12-09 11:50:00,805,805,805,805,0
2022-12-09 11:51:00,805,805,805,805,0
2022-12-09 11:52:00,805,805,805,805,0
2022-12-09 11:53:00,805,805,805,805,0
2022-12-09 11:54:00,805,805,805,805,0
2022-12-09 11:55:00,805,805,805,805,0
2022-12-09 11:56:00,805,805,805,805,0
2022-12-09 11:57:00,805,805,805,805,0
2022-12-09 11:58:00,805,805,805,805,0
2022-12-09 11:59:00,805,805,805,805,0
2022-12-09 12:00:00,805,805,805,805,0
2022-12-09 12:01:00,805,805,805,805,0
2022-12-09 12:02:00,805,805,805,805,0
2022-12-09 12:03:00,805,805,805,805,0
2022-12-09 12:04:00,805,805,805,805,0
2022-12-09 12:05:00,805,805,805,805,0
2022-12-09 12:06:00,805,805,805,805,0
2022-12-09 12:07:00,805,805,805,805,0
2022-12-09 12:08:00,805,805,805,805,0
2022-12-09 12:09:00,805,805,805,805,0
2022-12-09 12:10:00,805,805,805,805,0
2022-12-09 12:11:00,805,805,805,805,0
2022-12-09 12:12:00,805,805,805,805,0
2022-12-09 12:13:00,805,805,805,805,0
2022-12-09 12:14:00,805,805,805,805,0
2022-12-09 12:15:00,805,805,805,805,0
2022-12-09 12:16:00,805,805,805,805,0
2022-12-09 12:17:00,805,805,805,805,0
2022-12-09 12:18:00,805,805,805,805,0
2022-12-09 12:19:00,805,805,805,805,0
2022-12-09 12:20:00,805,805,805,805,0
2022-12-09 12:21:00,805,805,805,805,0
2022-12-09 12:22:00,805,805,805,805,0
2022-12-09 12:23:00,805,805,805,805,0
2022-12-09 12:24:00,805,805,805,805,0
2022-12-09 12:25:00,805,805,805,805,0
2022-12-09 12:26:00,805,805,805,805,0
2022-12-09 12:27:00,805,805,805,805,0
2022-12-09 12:28:00,805,805,805,805,0
2022-12-09 12:29:00,805,805,805,805,0
2022-12-09 12:30:00,805,805,805,805,0
2022-12-09 12:31:00,805,805,805,805,0
2022-12-09 12:32:00,805,805,805,805,0
2022-12-09 12:33:00,805,805,805,805,0
2022-12-09 12:34:00,805,805,805,805,0
2022-12-09 12:35:00,805,805,805,805,0
2022-12-09 12:36:00,805,805,805,805,0
2022-12-09 12:37:00,805,805,805,805,0
2022-12-09 12:38:00,805,805,805,805,0
2022-12-09 12:39:00,805,805,805,805,0
2022-12-09 12:40:00,805,805,805,805,0
2022-12-09 12:41:00,805,805,805,805,0
2022-12-09 12:42:00,805,805,805,805,0
2022-12-09 12:43:00,805,805,805,805,0
2022-12-09 12:44:00,805,805,805,805,0
2022-12-09 12:45:00,805,805,805,805,0
2022-12-09 12:46:00,805,805,805,805,0
2022-12-09 12:47:00,805,805,805,805,0
2022-12-09 12:48:00,805,805,805,805,0
2022-12-09 12:49:00,805,805,805,805,0
2022-12-09 12:50:00,805,805,805,805,0
2022-12-09 12:51:00,805,805,805,805,0
2022-12-09 12:52:00,805,805,805,805,0
2022-12-09 12:53:00,805,805,805,805,0
2022-12-09 12:54:00,805,805,805,805,0
2022-12-09 12:55:00,805,805,805,805,0
2022-12-09 12:56:00,805,805,805,805,0
2022-12-09 12:57:00,805,805,805,805,0
2022-12-09 12:58:00,805,805,805,805,0
2022-12-09 12:59:00,805,805,805,805,0
2022-12-09 13:00:00,805,805,805,805,0
2022-12-09 13:01:00,805,805,805,805,0
2022-12-09 13:02:00,805,805,805,805,0
2022-12-09 13:03:00,805,805,805,805,0
2022-12-09 13:04:00,805,805,805,805,0
2022-12-09 13:05:00,805,805,805,805,0
2022-12-09 13:06:00,805,805,805,805,0
2022-12-09 13:07:00,805,805,805,805,0
2022-12-09 13:08:00,805,805,805,805,0
2022-12-09 13:09:00,805,805,805,805,0
2022-12-09 13:10:00,805,805,805,805,0
2022-12-09 13:11:00,805,805,805,805,0
2022-12-09 13:12:00,805,805,805,805,0
2022-12-09 13:13:00,805,805,805,805,0
2022-12-09 13:14:00,805,805,805,805,0
2022-12-09 13:15:00,805,805,805,805,0
2022-12-09 13:16:00,805,805,805,805,0
2022-12-09 13:17:00,805,805,805,805,0
2022-12-09 13:18:00,805,805,805,805,0
2022-12-09 13:19:00,805,805,805,805,0
2022-12-09 13:20:00,805,805,805,805,0
2022-12-09 13:21:00,805,805,805,805,0
2022-12-09 13:22:00,805,805,805,805,0
2022-12-09 13:23:00,805,805,805,805,0
2022-12-09 13:24:00,805,805,805,805,0
2022-12-09 13:25:00,805,805,805,805,0
2022-12-09 13:26:00,805,805,805,805,0
2022-12-09 13:27:00,805,805,805,805,0
2022-12-09 13:28:00,805,805,805,805,0
2022-12-09 13:29:00,805,805,805,805,0
2022-12-09 13:30:00,805,805,805,805,0
2022-12-09 13:31:00,805,805,805,805,0
2022-12-09 13:32:00,805,805,805,805,4500
2022-12-09 13:33:00,805,805,805,805,0
2022-12-09 13:34:00,805,805,805,805,0
2022-12-09 13:35:00,805,805,805,805,0
2022-12-09 13:36:00,805,805,805,805,0
2022-12-09 13:37:00,805,805,805,805,0
2022-12-09 13:38:00,805,805,805,805,0
2022-12-09 13:39:00,805,805,805,805,0
2022-12-09 13:40:00,805,805,805,805,0
2022-12-09 13:41:00,805,805,805,805,0
2022-12-09 13:42:00,805,805,805,805,0
2022-12-09 13:43:00,805,805,805,805,0
2022-12-09 13:44:00,805,805,805,805,200
2022-12-09 13:45:00,805,805,805,805,0
2022-12-09 13:46:00,805,805,805,805,0
2022-12-09 13:47:00,805,805,805,805,0
2022-12-09 13:48:00,805,805,805,805,0
2022-12-09 13:49:00,805,805,805,805,0
2022-12-09 13:50:00,805,805,805,805,0
2022-12-09 13:51:00,805,805,805,805,0
2022-12-09 13:52:00,805,805,805,805,0
2022-12-09 13:53:00,805,805,805,805,0
2022-12-09 13:54:00,805,805,805,805,0
2022-12-09 13:55:00,805,805,805,805,0
2022-12-09 13:56:00,805,805,805,805,0
2022-12-09 13:57:00,805,805,805,805,0
2022-12-09 13:58:00,805,805,805,805,0
2022-12-09 13:59:00,805,805,805,805,0
2022-12-09 14:00:00,805,805,805,805,0
2022-12-09 14:01:00,805,805,805,805,0
2022-12-09 14:02:00,805,805,805,805,0
2022-12-09 14:03:00,805,805,805,805,0
2022-12-09 14:04:00,805,805,805,805,1300
2022-12-09 14:05:00,805,805,805,805,0
2022-12-09 14:06:00,805,805,805,805,0
2022-12-09 14:07:00,805,805,805,805,0
2022-12-09 14:08:00,805,805,805,805,0
2022-12-09 14:09:00,805,805,805,805,0
2022-12-09 14:10:00,805,805,805,805,0
2022-12-09 14:11:00,805,805,805,805,0
2022-12-09 14:12:00,805,805,805,805,0
2022-12-09 14:13:00,805,805,805,805,0
2022-12-09 14:14:00,805,805,805,805,0
2022-12-09 14:15:00,805,805,805,805,0
2022-12-09 14:16:00,805,805,805,805,0
2022-12-09 14:17:00,805,805,805,805,0
2022-12-09 14:18:00,805,805,805,805,0
2022-12-09 14:19:00,805,805,805,805,0
2022-12-09 14:20:00,805,805,805,805,0
2022-12-09 14:21:00,805,805,805,805,0
2022-12-09 14:22:00,805,805,805,805,1000
2022-12-09 14:23:00,805,805,805,805,0
2022-12-09 14:24:00,805,805,805,805,0
2022-12-09 14:25:00,805,805,805,805,0
2022-12-09 14:26:00,805,805,805,805,0
2022-12-09 14:27:00,805,805,805,805,0
2022-12-09 14:28:00,805,805,805,805,0
2022-12-09 14:29:00,805,805,805,805,0
2022-12-09 14:30:00,805,805,805,805,0
2022-12-09 14:31:00,790,790,790,790,1000
2022-12-09 14:32:00,790,790,790,790,0
2022-12-09 14:33:00,790,790,790,790,0
2022-12-09 14:34:00,790,790,790,790,0
2022-12-09 14:35:00,790,790,790,790,0
2022-12-09 14:36:00,790,790,790,790,0
2022-12-09 14:37:00,790,790,790,790,0
2022-12-09 14:38:00,790,790,790,790,0
2022-12-09 14:39:00,790,790,790,790,0
2022-12-09 14:40:00,810,810,810,810,100
2022-12-09 14:41:00,810,790,825,790,13400
2022-12-09 14:42:00,825,825,825,825,0
2022-12-09 14:43:00,825,825,825,825,0
2022-12-09 14:44:00,825,825,825,825,0
2022-12-09 14:45:00,825,825,825,825,0
2022-12-09 14:46:00,825,825,825,825,0
2022-12-09 14:47:00,825,825,825,825,0
2022-12-09 14:48:00,825,825,825,825,0
2022-12-09 14:49:00,825,825,825,825,0
2022-12-09 14:50:00,825,825,825,825,0
2022-12-09 14:51:00,825,825,825,825,0
2022-12-09 14:52:00,825,825,825,825,0
2022-12-09 14:53:00,825,825,825,825,0
2022-12-09 14:54:00,825,825,825,825,0
2022-12-09 14:55:00,825,825,825,825,0
2022-12-09 14:56:00,825,825,825,825,0
2022-12-09 14:57:00,825,825,825,825,0
2022-12-09 14:58:00,825,825,825,825,0
2022-12-09 14:59:00,825,825,825,825,0
2022-12-09 15:00:00,825,825,825,825,0
2022-12-09 15:01:00,825,825,825,825,0
2022-12-09 15:02:00,825,825,825,825,0
2022-12-09 15:03:00,825,825,825,825,0
2022-12-09 15:04:00,825,825,825,825,0
2022-12-09 15:05:00,825,825,825,825,0
2022-12-09 15:06:00,825,825,825,825,0
2022-12-09 15:07:00,825,825,825,825,0
2022-12-09 15:08:00,825,825,825,825,0
2022-12-09 15:09:00,825,825,825,825,0
2022-12-09 15:10:00,825,825,825,825,0
2022-12-09 15:11:00,825,825,825,825,0
2022-12-09 15:12:00,825,825,825,825,0
2022-12-09 15:13:00,825,825,825,825,0
2022-12-09 15:14:00,825,825,825,825,0
2022-12-09 15:15:00,825,825,825,825,0
2022-12-09 15:16:00,825,825,825,825,0
2022-12-09 15:17:00,825,825,825,825,0
2022-12-09 15:18:00,825,825,825,825,0
2022-12-09 15:19:00,825,825,825,825,0
2022-12-09 15:20:00,825,825,825,825,0
2022-12-09 15:21:00,825,825,825,825,0
2022-12-09 15:22:00,825,825,825,825,0
2022-12-09 15:23:00,825,825,825,825,0
2022-12-09 15:24:00,825,825,825,825,0
2022-12-09 15:25:00,825,825,825,825,0
2022-12-09 15:26:00,825,825,825,825,0
2022-12-09 15:27:00,825,825,825,825,0
2022-12-09 15:28:00,825,825,825,825,0
2022-12-09 15:29:00,825,825,825,825,0
2022-12-09 15:30:00,825,825,825,825,0
2022-12-09 15:31:00,825,825,825,825,0
2022-12-09 15:32:00,825,825,825,825,0
2022-12-09 15:33:00,825,825,825,825,0
2022-12-09 15:34:00,825,825,825,825,0
2022-12-09 15:35:00,825,825,825,825,0
2022-12-09 15:36:00,825,825,825,825,0
2022-12-09 15:37:00,825,825,825,825,0
2022-12-09 15:38:00,825,825,825,825,0
2022-12-09 15:39:00,825,825,825,825,0
2022-12-09 15:40:00,825,825,825,825,0
2022-12-09 15:41:00,825,825,825,825,0
2022-12-09 15:42:00,825,825,825,825,0
2022-12-09 15:43:00,825,825,825,825,0
2022-12-09 15:44:00,825,825,825,825,0
2022-12-09 15:45:00,825,825,825,825,0
2022-12-09 15:46:00,825,825,825,825,0
2022-12-09 15:47:00,825,825,825,825,0
2022-12-09 15:48:00,825,825,825,825,0
2022-12-09 15:49:00,825,825,825,825,0
2022-12-09 15:50:00,825,825,825,825,0
2022-12-09 15:51:00,825,825,825,825,0
2022-12-09 15:52:00,825,825,825,825,0
2022-12-09 15:53:00,825,825,825,825,0
2022-12-09 15:54:00,825,825,825,825,0
2022-12-09 15:55:00,825,825,825,825,0
2022-12-09 15:56:00,825,825,825,825,0
2022-12-09 15:57:00,825,825,825,825,0
2022-12-09 15:58:00,825,825,825,825,0
2022-12-09 15:59:00,825,825,825,825,0
2022-12-12 09:00:00,825,825,825,825,0
2022-12-12 09:01:00,0,0,0,0,0
2022-12-12 09:02:00,0,0,0,0,0
2022-12-12 09:03:00,0,0,0,0,0
2022-12-12 09:04:00,0,0,0,0,0
2022-12-12 09:05:00,0,0,0,0,0
2022-12-12 09:06:00,0,0,0,0,0
2022-12-12 09:07:00,0,0,0,0,0
2022-12-12 09:08:00,0,0,0,0,0
2022-12-12 09:09:00,0,0,0,0,0
2022-12-12 09:10:00,0,0,0,0,0
2022-12-12 09:11:00,0,0,0,0,0
2022-12-12 09:12:00,825,825,825,825,0
2022-12-12 09:13:00,0,0,0,0,0
2022-12-12 09:14:00,0,0,0,0,0
2022-12-12 09:15:00,0,0,0,0,0
2022-12-12 09:16:00,0,0,0,0,0
2022-12-12 09:17:00,0,0,0,0,0
2022-12-12 09:18:00,0,0,0,0,0
2022-12-12 09:19:00,0,0,0,0,0
2022-12-12 09:20:00,0,0,0,0,0
2022-12-12 09:21:00,0,0,0,0,0
2022-12-12 09:22:00,0,0,0,0,0
2022-12-12 09:23:00,0,0,0,0,0
2022-12-12 09:24:00,0,0,0,0,0
2022-12-12 09:25:00,0,0,0,0,0
2022-12-12 09:26:00,0,0,0,0,0
2022-12-12 09:27:00,0,0,0,0,0
2022-12-12 09:28:00,0,0,0,0,0
2022-12-12 09:29:00,0,0,0,0,0
2022-12-12 09:30:00,0,0,0,0,0
2022-12-12 09:31:00,0,0,0,0,0
2022-12-12 09:32:00,805,805,805,805,5000
2022-12-12 09:33:00,0,0,0,0,0
2022-12-12 09:34:00,0,0,0,0,0
2022-12-12 09:35:00,0,0,0,0,0
2022-12-12 09:36:00,0,0,0,0,0
2022-12-12 09:37:00,810,810,810,810,37300
2022-12-12 09:38:00,810,810,810,810,0
2022-12-12 09:39:00,0,0,0,0,0
2022-12-12 09:40:00,0,0,0,0,0
2022-12-12 09:41:00,0,0,0,0,0
2022-12-12 09:42:00,0,0,0,0,0
2022-12-12 09:43:00,0,0,0,0,0
2022-12-12 09:44:00,810,810,810,810,1000
2022-12-12 09:45:00,0,0,0,0,0
2022-12-12 09:46:00,0,0,0,0,0
2022-12-12 09:47:00,810,810,810,810,0
2022-12-12 09:48:00,0,0,0,0,0
2022-12-12 09:49:00,820,820,820,820,0
2022-12-12 09:50:00,0,0,0,0,0
2022-12-12 09:51:00,0,0,0,0,0
2022-12-12 09:52:00,0,0,0,0,0
2022-12-12 09:53:00,0,0,0,0,0
2022-12-12 09:54:00,0,0,0,0,0
2022-12-12 09:55:00,0,0,0,0,0
2022-12-12 09:56:00,0,0,0,0,0
2022-12-12 09:57:00,0,0,0,0,0
2022-12-12 09:58:00,820,820,820,820,3600
2022-12-12 09:59:00,0,0,0,0,0
2022-12-12 10:00:00,0,0,0,0,0
2022-12-12 10:01:00,0,0,0,0,0
2022-12-12 10:02:00,0,0,0,0,0
2022-12-12 10:03:00,0,0,0,0,0
2022-12-12 10:04:00,0,0,0,0,0
2022-12-12 10:05:00,0,0,0,0,0
2022-12-12 10:06:00,0,0,0,0,0
2022-12-12 10:07:00,0,0,0,0,0
2022-12-12 10:08:00,0,0,0,0,0
2022-12-12 10:09:00,0,0,0,0,0
2022-12-12 10:10:00,0,0,0,0,0
2022-12-12 10:11:00,0,0,0,0,0
2022-12-12 10:12:00,0,0,0,0,0
2022-12-12 10:13:00,0,0,0,0,0
2022-12-12 10:14:00,0,0,0,0,0
2022-12-12 10:15:00,0,0,0,0,0
2022-12-12 10:16:00,0,0,0,0,0
2022-12-12 10:17:00,0,0,0,0,0
2022-12-12 10:18:00,0,0,0,0,0
2022-12-12 10:19:00,0,0,0,0,0
2022-12-12 10:20:00,0,0,0,0,0
2022-12-12 10:21:00,0,0,0,0,0
2022-12-12 10:22:00,0,0,0,0,0
2022-12-12 10:23:00,0,0,0,0,0
2022-12-12 10:24:00,0,0,0,0,0
2022-12-12 10:25:00,0,0,0,0,0
2022-12-12 10:26:00,0,0,0,0,0
2022-12-12 10:27:00,0,0,0,0,0
2022-12-12 10:28:00,0,0,0,0,0
2022-12-12 10:29:00,0,0,0,0,0
2022-12-12 10:30:00,0,0,0,0,0
2022-12-12 10:31:00,0,0,0,0,0
2022-12-12 10:32:00,815,815,820,820,20000
2022-12-12 10:33:00,0,0,0,0,0
2022-12-12 10:34:00,0,0,0,0,0
2022-12-12 10:35:00,0,0,0,0,0
2022-12-12 10:36:00,0,0,0,0,0
2022-12-12 10:37:00,0,0,0,0,0
2022-12-12 10:38:00,0,0,0,0,0
2022-12-12 10:39:00,0,0,0,0,0
2022-12-12 10:40:00,0,0,0,0,0
2022-12-12 10:41:00,0,0,0,0,0
2022-12-12 10:42:00,0,0,0,0,0
2022-12-12 10:43:00,0,0,0,0,0
2022-12-12 10:44:00,815,815,815,815,1600
2022-12-12 10:45:00,0,0,0,0,0
2022-12-12 10:46:00,0,0,0,0,0
2022-12-12 10:47:00,0,0,0,0,0
2022-12-12 10:48:00,0,0,0,0,0
2022-12-12 10:49:00,0,0,0,0,0
2022-12-12 10:50:00,0,0,0,0,0
2022-12-12 10:51:00,0,0,0,0,0
2022-12-12 10:52:00,815,815,840,840,11800
2022-12-12 10:53:00,840,820,845,845,400
2022-12-12 10:54:00,0,0,0,0,0
2022-12-12 10:55:00,0,0,0,0,0
2022-12-12 10:56:00,0,0,0,0,0
2022-12-12 10:57:00,0,0,0,0,0
2022-12-12 10:58:00,0,0,0,0,0
2022-12-12 10:59:00,0,0,0,0,0
2022-12-12 11:00:00,0,0,0,0,0
2022-12-12 11:01:00,0,0,0,0,0
2022-12-12 11:02:00,0,0,0,0,0
2022-12-12 11:03:00,0,0,0,0,0
2022-12-12 11:04:00,0,0,0,0,0
2022-12-12 11:05:00,0,0,0,0,0
2022-12-12 11:06:00,0,0,0,0,0
2022-12-12 11:07:00,0,0,0,0,0
2022-12-12 11:08:00,0,0,0,0,0
2022-12-12 11:09:00,0,0,0,0,0
2022-12-12 11:10:00,0,0,0,0,0
2022-12-12 11:11:00,0,0,0,0,0
2022-12-12 11:12:00,0,0,0,0,0
2022-12-12 11:13:00,0,0,0,0,0
2022-12-12 11:14:00,0,0,0,0,0
2022-12-12 11:15:00,825,825,825,825,600
2022-12-12 11:16:00,0,0,0,0,0
2022-12-12 11:17:00,0,0,0,0,0
2022-12-12 11:18:00,835,835,835,835,1600
2022-12-12 11:19:00,840,840,840,840,0
2022-12-12 11:20:00,0,0,0,0,0
2022-12-12 11:21:00,0,0,0,0,0
2022-12-12 11:22:00,0,0,0,0,0
2022-12-12 11:23:00,0,0,0,0,0
2022-12-12 11:24:00,0,0,0,0,0
2022-12-12 11:25:00,0,0,0,0,0
2022-12-12 11:26:00,0,0,0,0,0
2022-12-12 11:27:00,0,0,0,0,0
2022-12-12 11:28:00,0,0,0,0,0
2022-12-12 11:29:00,0,0,0,0,0
2022-12-12 11:30:00,0,0,0,0,0
2022-12-12 11:31:00,0,0,0,0,0
2022-12-12 11:32:00,0,0,0,0,0
2022-12-12 11:33:00,0,0,0,0,0
2022-12-12 11:34:00,0,0,0,0,0
2022-12-12 11:35:00,0,0,0,0,0
2022-12-12 11:36:00,0,0,0,0,0
2022-12-12 11:37:00,0,0,0,0,0
2022-12-12 11:38:00,0,0,0,0,0
2022-12-12 11:39:00,0,0,0,0,0
2022-12-12 11:40:00,0,0,0,0,0
2022-12-12 11:41:00,0,0,0,0,0
2022-12-12 11:42:00,0,0,0,0,0
2022-12-12 11:43:00,0,0,0,0,0
2022-12-12 11:44:00,0,0,0,0,0
2022-12-12 11:45:00,0,0,0,0,0
2022-12-12 11:46:00,0,0,0,0,0
2022-12-12 11:47:00,0,0,0,0,0
2022-12-12 11:48:00,0,0,0,0,0
2022-12-12 11:49:00,0,0,0,0,0
2022-12-12 11:50:00,0,0,0,0,0
2022-12-12 11:51:00,0,0,0,0,0
2022-12-12 11:52:00,0,0,0,0,0
2022-12-12 11:53:00,0,0,0,0,0
2022-12-12 11:54:00,0,0,0,0,0
2022-12-12 11:55:00,0,0,0,0,0
2022-12-12 11:56:00,0,0,0,0,0
2022-12-12 11:57:00,0,0,0,0,0
2022-12-12 11:58:00,0,0,0,0,0
2022-12-12 11:59:00,0,0,0,0,0
2022-12-12 12:00:00,0,0,0,0,0
2022-12-12 12:01:00,0,0,0,0,0
2022-12-12 12:02:00,0,0,0,0,0
2022-12-12 12:03:00,0,0,0,0,0
2022-12-12 12:04:00,0,0,0,0,0
2022-12-12 12:05:00,0,0,0,0,0
2022-12-12 12:06:00,0,0,0,0,0
2022-12-12 12:07:00,0,0,0,0,0
2022-12-12 12:08:00,0,0,0,0,0
2022-12-12 12:09:00,0,0,0,0,0
2022-12-12 12:10:00,0,0,0,0,0
2022-12-12 12:11:00,0,0,0,0,0
2022-12-12 12:12:00,0,0,0,0,0
2022-12-12 12:13:00,0,0,0,0,0
2022-12-12 12:14:00,0,0,0,0,0
2022-12-12 12:15:00,0,0,0,0,0
2022-12-12 12:16:00,0,0,0,0,0
2022-12-12 12:17:00,0,0,0,0,0
2022-12-12 12:18:00,0,0,0,0,0
2022-12-12 12:19:00,0,0,0,0,0
2022-12-12 12:20:00,0,0,0,0,0
2022-12-12 12:21:00,0,0,0,0,0
2022-12-12 12:22:00,0,0,0,0,0
2022-12-12 12:23:00,0,0,0,0,0
2022-12-12 12:24:00,0,0,0,0,0
2022-12-12 12:25:00,0,0,0,0,0
2022-12-12 12:26:00,0,0,0,0,0
2022-12-12 12:27:00,0,0,0,0,0
2022-12-12 12:28:00,0,0,0,0,0
2022-12-12 12:29:00,0,0,0,0,0
2022-12-12 12:30:00,0,0,0,0,0
2022-12-12 12:31:00,0,0,0,0,0
2022-12-12 12:32:00,0,0,0,0,0
2022-12-12 12:33:00,0,0,0,0,0
2022-12-12 12:34:00,0,0,0,0,0
2022-12-12 12:35:00,0,0,0,0,0
2022-12-12 12:36:00,0,0,0,0,0
2022-12-12 12:37:00,0,0,0,0,0
2022-12-12 12:38:00,0,0,0,0,0
2022-12-12 12:39:00,0,0,0,0,0
2022-12-12 12:40:00,0,0,0,0,0
2022-12-12 12:41:00,0,0,0,0,0
2022-12-12 12:42:00,0,0,0,0,0
2022-12-12 12:43:00,0,0,0,0,0
2022-12-12 12:44:00,0,0,0,0,0
2022-12-12 12:45:00,0,0,0,0,0
2022-12-12 12:46:00,0,0,0,0,0
2022-12-12 12:47:00,0,0,0,0,0
2022-12-12 12:48:00,0,0,0,0,0
2022-12-12 12:49:00,0,0,0,0,0
2022-12-12 12:50:00,0,0,0,0,0
2022-12-12 12:51:00,0,0,0,0,0
2022-12-12 12:52:00,0,0,0,0,0
2022-12-12 12:53:00,0,0,0,0,0
2022-12-12 12:54:00,0,0,0,0,0
2022-12-12 12:55:00,0,0,0,0,0
2022-12-12 12:56:00,0,0,0,0,0
2022-12-12 12:57:00,0,0,0,0,0
2022-12-12 12:58:00,0,0,0,0,0
2022-12-12 12:59:00,0,0,0,0,0
2022-12-12 13:00:00,0,0,0,0,0
2022-12-12 13:01:00,0,0,0,0,0
2022-12-12 13:02:00,0,0,0,0,0
2022-12-12 13:03:00,0,0,0,0,0
2022-12-12 13:04:00,0,0,0,0,0
2022-12-12 13:05:00,0,0,0,0,0
2022-12-12 13:06:00,0,0,0,0,0
2022-12-12 13:07:00,0,0,0,0,0
2022-12-12 13:08:00,0,0,0,0,0
2022-12-12 13:09:00,0,0,0,0,0
2022-12-12 13:10:00,0,0,0,0,0
2022-12-12 13:11:00,0,0,0,0,0
2022-12-12 13:12:00,0,0,0,0,0
2022-12-12 13:13:00,0,0,0,0,0
2022-12-12 13:14:00,0,0,0,0,0
2022-12-12 13:15:00,0,0,0,0,0
2022-12-12 13:16:00,0,0,0,0,0
2022-12-12 13:17:00,0,0,0,0,0
2022-12-12 13:18:00,0,0,0,0,0
2022-12-12 13:19:00,0,0,0,0,0
2022-12-12 13:20:00,0,0,0,0,0
2022-12-12 13:21:00,0,0,0,0,0
2022-12-12 13:22:00,0,0,0,0,0
2022-12-12 13:23:00,0,0,0,0,0
2022-12-12 13:24:00,0,0,0,0,0
2022-12-12 13:25:00,0,0,0,0,0
2022-12-12 13:26:00,0,0,0,0,0
2022-12-12 13:27:00,0,0,0,0,0
2022-12-12 13:28:00,0,0,0,0,0
2022-12-12 13:29:00,0,0,0,0,0
2022-12-12 13:30:00,0,0,0,0,0
2022-12-12 13:31:00,0,0,0,0,0
2022-12-12 13:32:00,0,0,0,0,0
2022-12-12 13:33:00,0,0,0,0,0
2022-12-12 13:34:00,0,0,0,0,0
2022-12-12 13:35:00,825,825,825,825,200
2022-12-12 13:36:00,825,825,825,825,7100
2022-12-12 13:37:00,0,0,0,0,0
2022-12-12 13:38:00,825,820,825,820,0
2022-12-12 13:39:00,820,820,820,820,200
2022-12-12 13:40:00,0,0,0,0,0
2022-12-12 13:41:00,0,0,0,0,0
2022-12-12 13:42:00,815,815,815,815,28800
2022-12-12 13:43:00,0,0,0,0,0
2022-12-12 13:44:00,0,0,0,0,0
2022-12-12 13:45:00,815,815,815,815,72400
2022-12-12 13:46:00,0,0,0,0,0
2022-12-12 13:47:00,0,0,0,0,0
2022-12-12 13:48:00,0,0,0,0,0
2022-12-12 13:49:00,810,810,810,810,800
2022-12-12 13:50:00,0,0,0,0,0
2022-12-12 13:51:00,0,0,0,0,0
2022-12-12 13:52:00,0,0,0,0,0
2022-12-12 13:53:00,0,0,0,0,0
2022-12-12 13:54:00,0,0,0,0,0
2022-12-12 13:55:00,0,0,0,0,0
2022-12-12 13:56:00,0,0,0,0,0
2022-12-12 13:57:00,0,0,0,0,0
2022-12-12 13:58:00,0,0,0,0,0
2022-12-12 13:59:00,815,815,815,815,400
2022-12-12 14:00:00,815,815,815,815,0
2022-12-12 14:01:00,0,0,0,0,0
2022-12-12 14:02:00,0,0,0,0,0
2022-12-12 14:03:00,0,0,0,0,0
2022-12-12 14:04:00,0,0,0,0,0
2022-12-12 14:05:00,0,0,0,0,0
2022-12-12 14:06:00,0,0,0,0,0
2022-12-12 14:07:00,0,0,0,0,0
2022-12-12 14:08:00,0,0,0,0,0
2022-12-12 14:09:00,0,0,0,0,0
2022-12-12 14:10:00,0,0,0,0,0
2022-12-12 14:11:00,0,0,0,0,0
2022-12-12 14:12:00,0,0,0,0,0
2022-12-12 14:13:00,0,0,0,0,0
2022-12-12 14:14:00,0,0,0,0,0
2022-12-12 14:15:00,815,815,815,815,13400
2022-12-12 14:16:00,0,0,0,0,0
2022-12-12 14:17:00,0,0,0,0,0
2022-12-12 14:18:00,0,0,0,0,0
2022-12-12 14:19:00,0,0,0,0,0
2022-12-12 14:20:00,0,0,0,0,0
2022-12-12 14:21:00,0,0,0,0,0
2022-12-12 14:22:00,0,0,0,0,0
2022-12-12 14:23:00,0,0,0,0,0
2022-12-12 14:24:00,0,0,0,0,0
2022-12-12 14:25:00,0,0,0,0,0
2022-12-12 14:26:00,0,0,0,0,0
2022-12-12 14:27:00,0,0,0,0,0
2022-12-12 14:28:00,0,0,0,0,0
2022-12-12 14:29:00,0,0,0,0,0
2022-12-12 14:30:00,0,0,0,0,0
2022-12-12 14:31:00,0,0,0,0,0
2022-12-12 14:32:00,810,810,810,810,1500
2022-12-12 14:33:00,0,0,0,0,0
2022-12-12 14:34:00,0,0,0,0,0
2022-12-12 14:35:00,0,0,0,0,0
2022-12-12 14:36:00,0,0,0,0,0
2022-12-12 14:37:00,0,0,0,0,0
2022-12-12 14:38:00,0,0,0,0,0
2022-12-12 14:39:00,0,0,0,0,0
2022-12-12 14:40:00,0,0,0,0,0
2022-12-12 14:41:00,0,0,0,0,0
2022-12-12 14:42:00,0,0,0,0,0
2022-12-12 14:43:00,0,0,0,0,0
2022-12-12 14:44:00,0,0,0,0,0
2022-12-12 14:45:00,0,0,0,0,0
2022-12-12 14:46:00,0,0,0,0,0
2022-12-12 14:47:00,0,0,0,0,0
2022-12-12 14:48:00,0,0,0,0,0
2022-12-12 14:49:00,825,825,825,825,188600
2022-12-12 14:50:00,0,0,0,0,0
2022-12-12 14:51:00,0,0,0,0,0
2022-12-12 14:52:00,0,0,0,0,0
2022-12-12 14:53:00,0,0,0,0,0
2022-12-12 14:54:00,0,0,0,0,0
2022-12-12 14:55:00,0,0,0,0,0
2022-12-12 14:56:00,0,0,0,0,0
2022-12-12 14:57:00,0,0,0,0,0
2022-12-12 14:58:00,0,0,0,0,0
2022-12-12 14:59:00,0,0,0,0,0
2022-12-12 15:00:00,0,0,0,0,0
2022-12-12 15:01:00,0,0,0,0,0
2022-12-12 15:02:00,0,0,0,0,0
2022-12-12 15:03:00,0,0,0,0,0
2022-12-12 15:04:00,0,0,0,0,0
2022-12-12 15:05:00,0,0,0,0,0
2022-12-12 15:06:00,0,0,0,0,0
2022-12-12 15:07:00,0,0,0,0,0
2022-12-12 15:08:00,0,0,0,0,0
2022-12-12 15:09:00,0,0,0,0,0
2022-12-12 15:10:00,0,0,0,0,0
2022-12-12 15:11:00,0,0,0,0,0
2022-12-12 15:12:00,0,0,0,0,0
2022-12-12 15:13:00,0,0,0,0,0
2022-12-12 15:14:00,0,0,0,0,0
2022-12-12 15:15:00,0,0,0,0,0
2022-12-12 15:16:00,0,0,0,0,0
2022-12-12 15:17:00,0,0,0,0,0
2022-12-12 15:18:00,0,0,0,0,0
2022-12-12 15:19:00,0,0,0,0,0
2022-12-12 15:20:00,0,0,0,0,0
2022-12-12 15:21:00,0,0,0,0,0
2022-12-12 15:22:00,0,0,0,0,0
2022-12-12 15:23:00,0,0,0,0,0
2022-12-12 15:24:00,0,0,0,0,0
2022-12-12 15:25:00,0,0,0,0,0
2022-12-12 15:26:00,0,0,0,0,0
2022-12-12 15:27:00,0,0,0,0,0
2022-12-12 15:28:00,0,0,0,0,0
2022-12-12 15:29:00,0,0,0,0,0
2022-12-12 15:30:00,0,0,0,0,0
2022-12-12 15:31:00,0,0,0,0,0
2022-12-12 15:32:00,0,0,0,0,0
2022-12-12 15:33:00,0,0,0,0,0
2022-12-12 15:34:00,0,0,0,0,0
2022-12-12 15:35:00,0,0,0,0,0
2022-12-12 15:36:00,0,0,0,0,0
2022-12-12 15:37:00,0,0,0,0,0
2022-12-12 15:38:00,0,0,0,0,0
2022-12-12 15:39:00,0,0,0,0,0
2022-12-12 15:40:00,0,0,0,0,0
2022-12-12 15:41:00,0,0,0,0,0
2022-12-12 15:42:00,0,0,0,0,0
2022-12-12 15:43:00,0,0,0,0,0
2022-12-12 15:44:00,0,0,0,0,0
2022-12-12 15:45:00,0,0,0,0,0
2022-12-12 15:46:00,0,0,0,0,0
2022-12-12 15:47:00,0,0,0,0,0
2022-12-12 15:48:00,0,0,0,0,0
2022-12-12 15:49:00,0,0,0,0,0
2022-12-12 15:50:00,0,0,0,0,0
2022-12-12 15:51:00,0,0,0,0,0
2022-12-12 15:52:00,0,0,0,0,0
2022-12-12 15:53:00,0,0,0,0,0
2022-12-12 15:54:00,0,0,0,0,0
2022-12-12 15:55:00,0,0,0,0,0
2022-12-12 15:56:00,0,0,0,0,0
2022-12-12 15:57:00,0,0,0,0,0
2022-12-12 15:58:00,0,0,0,0,0
2022-12-12 15:59:00,0,0,0,0,0
2022-12-13 09:00:00,0,0,0,0,0
2022-12-13 09:01:00,0,0,0,0,0
2022-12-13 09:02:00,0,0,0,0,0
2022-12-13 09:03:00,0,0,0,0,0
2022-12-13 09:04:00,0,0,0,0,0
2022-12-13 09:05:00,810,810,810,810,0
2022-12-13 09:06:00,0,0,0,0,0
2022-12-13 09:07:00,0,0,0,0,0
2022-12-13 09:08:00,810,810,810,810,1100
2022-12-13 09:09:00,0,0,0,0,0
2022-12-13 09:10:00,0,0,0,0,0
2022-12-13 09:11:00,0,0,0,0,0
2022-12-13 09:12:00,825,825,825,825,1000
2022-12-13 09:13:00,0,0,0,0,0
2022-12-13 09:14:00,0,0,0,0,0
2022-12-13 09:15:00,0,0,0,0,0
2022-12-13 09:16:00,0,0,0,0,0
2022-12-13 09:17:00,0,0,0,0,0
2022-12-13 09:18:00,0,0,0,0,0
2022-12-13 09:19:00,0,0,0,0,0
2022-12-13 09:20:00,0,0,0,0,0
2022-12-13 09:21:00,0,0,0,0,0
2022-12-13 09:22:00,0,0,0,0,0
2022-12-13 09:23:00,0,0,0,0,0
2022-12-13 09:24:00,0,0,0,0,0
2022-12-13 09:25:00,0,0,0,0,0
2022-12-13 09:26:00,0,0,0,0,0
2022-12-13 09:27:00,0,0,0,0,0
2022-12-13 09:28:00,0,0,0,0,0
2022-12-13 09:29:00,0,0,0,0,0
2022-12-13 09:30:00,825,825,825,825,2000
2022-12-13 09:31:00,0,0,0,0,0
2022-12-13 09:32:00,825,825,825,825,1000
2022-12-13 09:33:00,825,825,825,825,0
2022-12-13 09:34:00,0,0,0,0,0
2022-12-13 09:35:00,0,0,0,0,0
2022-12-13 09:36:00,0,0,0,0,0
2022-12-13 09:37:00,0,0,0,0,0
2022-12-13 09:38:00,0,0,0,0,0
2022-12-13 09:39:00,0,0,0,0,0
2022-12-13 09:40:00,0,0,0,0,0
2022-12-13 09:41:00,0,0,0,0,0
2022-12-13 09:42:00,0,0,0,0,0
2022-12-13 09:43:00,0,0,0,0,0
2022-12-13 09:44:00,825,825,825,825,200
2022-12-13 09:45:00,820,820,820,820,900
2022-12-13 09:46:00,0,0,0,0,0
2022-12-13 09:47:00,0,0,0,0,0
2022-12-13 09:48:00,0,0,0,0,0
2022-12-13 09:49:00,0,0,0,0,0
2022-12-13 09:50:00,0,0,0,0,0
2022-12-13 09:51:00,0,0,0,0,0
2022-12-13 09:52:00,0,0,0,0,0
2022-12-13 09:53:00,0,0,0,0,0
2022-12-13 09:54:00,0,0,0,0,0
2022-12-13 09:55:00,0,0,0,0,0
2022-12-13 09:56:00,0,0,0,0,0
2022-12-13 09:57:00,0,0,0,0,0
2022-12-13 09:58:00,0,0,0,0,0
2022-12-13 09:59:00,0,0,0,0,0
2022-12-13 10:00:00,0,0,0,0,0
2022-12-13 10:01:00,0,0,0,0,0
2022-12-13 10:02:00,0,0,0,0,0
2022-12-13 10:03:00,0,0,0,0,0
2022-12-13 10:04:00,0,0,0,0,0
2022-12-13 10:05:00,0,0,0,0,0
2022-12-13 10:06:00,0,0,0,0,0
2022-12-13 10:07:00,820,820,820,820,500
2022-12-13 10:08:00,0,0,0,0,0
2022-12-13 10:09:00,0,0,0,0,0
2022-12-13 10:10:00,0,0,0,0,0
2022-12-13 10:11:00,0,0,0,0,0
2022-12-13 10:12:00,0,0,0,0,0
2022-12-13 10:13:00,0,0,0,0,0
2022-12-13 10:14:00,0,0,0,0,0
2022-12-13 10:15:00,0,0,0,0,0
2022-12-13 10:16:00,0,0,0,0,0
2022-12-13 10:17:00,0,0,0,0,0
2022-12-13 10:18:00,0,0,0,0,0
2022-12-13 10:19:00,0,0,0,0,0
2022-12-13 10:20:00,0,0,0,0,0
2022-12-13 10:21:00,0,0,0,0,0
2022-12-13 10:22:00,0,0,0,0,0
2022-12-13 10:23:00,0,0,0,0,0
2022-12-13 10:24:00,0,0,0,0,0
2022-12-13 10:25:00,0,0,0,0,0
2022-12-13 10:26:00,0,0,0,0,0
2022-12-13 10:27:00,0,0,0,0,0
2022-12-13 10:28:00,0,0,0,0,0
2022-12-13 10:29:00,0,0,0,0,0
2022-12-13 10:30:00,0,0,0,0,0
2022-12-13 10:31:00,0,0,0,0,0
2022-12-13 10:32:00,0,0,0,0,0
2022-12-13 10:33:00,0,0,0,0,0
2022-12-13 10:34:00,0,0,0,0,0
2022-12-13 10:35:00,0,0,0,0,0
2022-12-13 10:36:00,0,0,0,0,0
2022-12-13 10:37:00,0,0,0,0,0
2022-12-13 10:38:00,0,0,0,0,0
2022-12-13 10:39:00,0,0,0,0,0
2022-12-13 10:40:00,0,0,0,0,0
2022-12-13 10:41:00,0,0,0,0,0
2022-12-13 10:42:00,0,0,0,0,0
2022-12-13 10:43:00,0,0,0,0,0
2022-12-13 10:44:00,0,0,0,0,0
2022-12-13 10:45:00,0,0,0,0,0
2022-12-13 10:46:00,0,0,0,0,0
2022-12-13 10:47:00,0,0,0,0,0
2022-12-13 10:48:00,0,0,0,0,0
2022-12-13 10:49:00,0,0,0,0,0
2022-12-13 10:50:00,0,0,0,0,0
2022-12-13 10:51:00,0,0,0,0,0
2022-12-13 10:52:00,0,0,0,0,0
2022-12-13 10:53:00,0,0,0,0,0
2022-12-13 10:54:00,0,0,0,0,0
2022-12-13 10:55:00,0,0,0,0,0
2022-12-13 10:56:00,0,0,0,0,0
2022-12-13 10:57:00,0,0,0,0,0
2022-12-13 10:58:00,0,0,0,0,0
2022-12-13 10:59:00,0,0,0,0,0
2022-12-13 11:00:00,0,0,0,0,0
2022-12-13 11:01:00,0,0,0,0,0
2022-12-13 11:02:00,815,815,815,815,100
2022-12-13 11:03:00,0,0,0,0,0
2022-12-13 11:04:00,0,0,0,0,0
2022-12-13 11:05:00,0,0,0,0,0
2022-12-13 11:06:00,0,0,0,0,0
2022-12-13 11:07:00,0,0,0,0,0
2022-12-13 11:08:00,0,0,0,0,0
2022-12-13 11:09:00,0,0,0,0,0
2022-12-13 11:10:00,0,0,0,0,0
2022-12-13 11:11:00,0,0,0,0,0
2022-12-13 11:12:00,0,0,0,0,0
2022-12-13 11:13:00,0,0,0,0,0
2022-12-13 11:14:00,0,0,0,0,0
2022-12-13 11:15:00,0,0,0,0,0
2022-12-13 11:16:00,0,0,0,0,0
2022-12-13 11:17:00,820,820,820,820,6000
2022-12-13 11:18:00,820,820,820,820,0
2022-12-13 11:19:00,0,0,0,0,0
2022-12-13 11:20:00,0,0,0,0,0
2022-12-13 11:21:00,0,0,0,0,0
2022-12-13 11:22:00,0,0,0,0,0
2022-12-13 11:23:00,0,0,0,0,0
2022-12-13 11:24:00,0,0,0,0,0
2022-12-13 11:25:00,0,0,0,0,0
2022-12-13 11:26:00,0,0,0,0,0
2022-12-13 11:27:00,0,0,0,0,0
2022-12-13 11:28:00,0,0,0,0,0
2022-12-13 11:29:00,0,0,0,0,0
2022-12-13 11:30:00,0,0,0,0,0
2022-12-13 11:31:00,0,0,0,0,0
2022-12-13 11:32:00,0,0,0,0,0
2022-12-13 11:33:00,0,0,0,0,0
2022-12-13 11:34:00,0,0,0,0,0
2022-12-13 11:35:00,0,0,0,0,0
2022-12-13 11:36:00,0,0,0,0,0
2022-12-13 11:37:00,0,0,0,0,0
2022-12-13 11:38:00,0,0,0,0,0
2022-12-13 11:39:00,0,0,0,0,0
2022-12-13 11:40:00,0,0,0,0,0
2022-12-13 11:41:00,0,0,0,0,0
2022-12-13 11:42:00,0,0,0,0,0
2022-12-13 11:43:00,0,0,0,0,0
2022-12-13 11:44:00,0,0,0,0,0
2022-12-13 11:45:00,0,0,0,0,0
2022-12-13 11:46:00,0,0,0,0,0
2022-12-13 11:47:00,0,0,0,0,0
2022-12-13 11:48:00,0,0,0,0,0
2022-12-13 11:49:00,0,0,0,0,0
2022-12-13 11:50:00,0,0,0,0,0
2022-12-13 11:51:00,0,0,0,0,0
2022-12-13 11:52:00,0,0,0,0,0
2022-12-13 11:53:00,0,0,0,0,0
2022-12-13 11:54:00,0,0,0,0,0
2022-12-13 11:55:00,0,0,0,0,0
2022-12-13 11:56:00,0,0,0,0,0
2022-12-13 11:57:00,0,0,0,0,0
2022-12-13 11:58:00,0,0,0,0,0
2022-12-13 11:59:00,0,0,0,0,0
2022-12-13 12:00:00,0,0,0,0,0
2022-12-13 12:01:00,0,0,0,0,0
2022-12-13 12:02:00,0,0,0,0,0
2022-12-13 12:03:00,0,0,0,0,0
2022-12-13 12:04:00,0,0,0,0,0
2022-12-13 12:05:00,0,0,0,0,0
2022-12-13 12:06:00,0,0,0,0,0
2022-12-13 12:07:00,0,0,0,0,0
2022-12-13 12:08:00,0,0,0,0,0
2022-12-13 12:09:00,0,0,0,0,0
2022-12-13 12:10:00,0,0,0,0,0
2022-12-13 12:11:00,0,0,0,0,0
2022-12-13 12:12:00,0,0,0,0,0
2022-12-13 12:13:00,0,0,0,0,0
2022-12-13 12:14:00,0,0,0,0,0
2022-12-13 12:15:00,0,0,0,0,0
2022-12-13 12:16:00,0,0,0,0,0
2022-12-13 12:17:00,0,0,0,0,0
2022-12-13 12:18:00,0,0,0,0,0
2022-12-13 12:19:00,0,0,0,0,0
2022-12-13 12:20:00,0,0,0,0,0
2022-12-13 12:21:00,0,0,0,0,0
2022-12-13 12:22:00,0,0,0,0,0
2022-12-13 12:23:00,0,0,0,0,0
2022-12-13 12:24:00,0,0,0,0,0
2022-12-13 12:25:00,0,0,0,0,0
2022-12-13 12:26:00,0,0,0,0,0
2022-12-13 12:27:00,0,0,0,0,0
2022-12-13 12:28:00,0,0,0,0,0
2022-12-13 12:29:00,0,0,0,0,0
2022-12-13 12:30:00,0,0,0,0,0
2022-12-13 12:31:00,0,0,0,0,0
2022-12-13 12:32:00,0,0,0,0,0
2022-12-13 12:33:00,0,0,0,0,0
2022-12-13 12:34:00,0,0,0,0,0
2022-12-13 12:35:00,0,0,0,0,0
2022-12-13 12:36:00,0,0,0,0,0
2022-12-13 12:37:00,0,0,0,0,0
2022-12-13 12:38:00,0,0,0,0,0
2022-12-13 12:39:00,0,0,0,0,0
2022-12-13 12:40:00,0,0,0,0,0
2022-12-13 12:41:00,0,0,0,0,0
2022-12-13 12:42:00,0,0,0,0,0
2022-12-13 12:43:00,0,0,0,0,0
2022-12-13 12:44:00,0,0,0,0,0
2022-12-13 12:45:00,0,0,0,0,0
2022-12-13 12:46:00,0,0,0,0,0
2022-12-13 12:47:00,0,0,0,0,0
2022-12-13 12:48:00,0,0,0,0,0
2022-12-13 12:49:00,0,0,0,0,0
2022-12-13 12:50:00,0,0,0,0,0
2022-12-13 12:51:00,0,0,0,0,0
2022-12-13 12:52:00,0,0,0,0,0
2022-12-13 12:53:00,0,0,0,0,0
2022-12-13 12:54:00,0,0,0,0,0
2022-12-13 12:55:00,0,0,0,0,0
2022-12-13 12:56:00,0,0,0,0,0
2022-12-13 12:57:00,0,0,0,0,0
2022-12-13 12:58:00,0,0,0,0,0
2022-12-13 12:59:00,0,0,0,0,0
2022-12-13 13:00:00,0,0,0,0,0
2022-12-13 13:01:00,0,0,0,0,0
2022-12-13 13:02:00,0,0,0,0,0
2022-12-13 13:03:00,0,0,0,0,0
2022-12-13 13:04:00,0,0,0,0,0
2022-12-13 13:05:00,0,0,0,0,0
2022-12-13 13:06:00,0,0,0,0,0
2022-12-13 13:07:00,0,0,0,0,0
2022-12-13 13:08:00,0,0,0,0,0
2022-12-13 13:09:00,0,0,0,0,0
2022-12-13 13:10:00,0,0,0,0,0
2022-12-13 13:11:00,0,0,0,0,0
2022-12-13 13:12:00,0,0,0,0,0
2022-12-13 13:13:00,0,0,0,0,0
2022-12-13 13:14:00,0,0,0,0,0
2022-12-13 13:15:00,0,0,0,0,0
2022-12-13 13:16:00,0,0,0,0,0
2022-12-13 13:17:00,0,0,0,0,0
2022-12-13 13:18:00,0,0,0,0,0
2022-12-13 13:19:00,0,0,0,0,0
2022-12-13 13:20:00,0,0,0,0,0
2022-12-13 13:21:00,0,0,0,0,0
2022-12-13 13:22:00,0,0,0,0,0
2022-12-13 13:23:00,0,0,0,0,0
2022-12-13 13:24:00,0,0,0,0,0
2022-12-13 13:25:00,0,0,0,0,0
2022-12-13 13:26:00,0,0,0,0,0
2022-12-13 13:27:00,0,0,0,0,0
2022-12-13 13:28:00,0,0,0,0,0
2022-12-13 13:29:00,0,0,0,0,0
2022-12-13 13:30:00,815,815,815,815,1000
2022-12-13 13:31:00,0,0,0,0,0
2022-12-13 13:32:00,0,0,0,0,0
2022-12-13 13:33:00,0,0,0,0,0
2022-12-13 13:34:00,820,820,820,820,1300
2022-12-13 13:35:00,0,0,0,0,0
2022-12-13 13:36:00,0,0,0,0,0
2022-12-13 13:37:00,0,0,0,0,0
2022-12-13 13:38:00,815,815,815,815,2500
2022-12-13 13:39:00,810,810,810,810,600
2022-12-13 13:40:00,0,0,0,0,0
2022-12-13 13:41:00,820,820,820,820,200
2022-12-13 13:42:00,0,0,0,0,0
2022-12-13 13:43:00,810,810,810,810,900
2022-12-13 13:44:00,0,0,0,0,0
2022-12-13 13:45:00,0,0,0,0,0
2022-12-13 13:46:00,0,0,0,0,0
2022-12-13 13:47:00,0,0,0,0,0
2022-12-13 13:48:00,0,0,0,0,0
2022-12-13 13:49:00,0,0,0,0,0
2022-12-13 13:50:00,0,0,0,0,0
2022-12-13 13:51:00,0,0,0,0,0
2022-12-13 13:52:00,0,0,0,0,0
2022-12-13 13:53:00,0,0,0,0,0
2022-12-13 13:54:00,0,0,0,0,0
2022-12-13 13:55:00,820,820,820,820,31400
2022-12-13 13:56:00,825,825,840,840,17300
2022-12-13 13:57:00,845,845,845,845,100
2022-12-13 13:58:00,0,0,0,0,0
2022-12-13 13:59:00,0,0,0,0,0
2022-12-13 14:00:00,0,0,0,0,0
2022-12-13 14:01:00,835,835,835,835,0
2022-12-13 14:02:00,0,0,0,0,0
2022-12-13 14:03:00,0,0,0,0,0
2022-12-13 14:04:00,0,0,0,0,0
2022-12-13 14:05:00,0,0,0,0,0
2022-12-13 14:06:00,0,0,0,0,0
2022-12-13 14:07:00,0,0,0,0,0
2022-12-13 14:08:00,0,0,0,0,0
2022-12-13 14:09:00,0,0,0,0,0
2022-12-13 14:10:00,0,0,0,0,0
2022-12-13 14:11:00,0,0,0,0,0
2022-12-13 14:12:00,0,0,0,0,0
2022-12-13 14:13:00,0,0,0,0,0
2022-12-13 14:14:00,0,0,0,0,0
2022-12-13 14:15:00,835,835,835,835,3600
2022-12-13 14:16:00,835,835,835,835,0
2022-12-13 14:17:00,835,835,835,835,72100
2022-12-13 14:18:00,0,0,0,0,0
2022-12-13 14:19:00,0,0,0,0,0
2022-12-13 14:20:00,0,0,0,0,0
2022-12-13 14:21:00,0,0,0,0,0
2022-12-13 14:22:00,0,0,0,0,0
2022-12-13 14:23:00,0,0,0,0,0
2022-12-13 14:24:00,0,0,0,0,0
2022-12-13 14:25:00,0,0,0,0,0
2022-12-13 14:26:00,0,0,0,0,0
2022-12-13 14:27:00,0,0,0,0,0
2022-12-13 14:28:00,0,0,0,0,0
2022-12-13 14:29:00,0,0,0,0,0
2022-12-13 14:30:00,0,0,0,0,0
2022-12-13 14:31:00,0,0,0,0,0
2022-12-13 14:32:00,0,0,0,0,0
2022-12-13 14:33:00,0,0,0,0,0
2022-12-13 14:34:00,0,0,0,0,0
2022-12-13 14:35:00,0,0,0,0,0
2022-12-13 14:36:00,0,0,0,0,0
2022-12-13 14:37:00,0,0,0,0,0
2022-12-13 14:38:00,0,0,0,0,0
2022-12-13 14:39:00,0,0,0,0,0
2022-12-13 14:40:00,0,0,0,0,0
2022-12-13 14:41:00,0,0,0,0,0
2022-12-13 14:42:00,0,0,0,0,0
2022-12-13 14:43:00,0,0,0,0,0
2022-12-13 14:44:00,0,0,0,0,0
2022-12-13 14:45:00,0,0,0,0,0
2022-12-13 14:46:00,0,0,0,0,0
2022-12-13 14:47:00,0,0,0,0,0
2022-12-13 14:48:00,0,0,0,0,0
2022-12-13 14:49:00,0,0,0,0,0
2022-12-13 14:50:00,0,0,0,0,0
2022-12-13 14:51:00,0,0,0,0,0
2022-12-13 14:52:00,0,0,0,0,0
2022-12-13 14:53:00,0,0,0,0,0
2022-12-13 14:54:00,0,0,0,0,0
2022-12-13 14:55:00,0,0,0,0,0
2022-12-13 14:56:00,0,0,0,0,0
2022-12-13 14:57:00,0,0,0,0,0
2022-12-13 14:58:00,0,0,0,0,0
2022-12-13 14:59:00,0,0,0,0,0
2022-12-13 15:00:00,0,0,0,0,0
2022-12-13 15:01:00,0,0,0,0,0
2022-12-13 15:02:00,0,0,0,0,0
2022-12-13 15:03:00,0,0,0,0,0
2022-12-13 15:04:00,0,0,0,0,0
2022-12-13 15:05:00,0,0,0,0,0
2022-12-13 15:06:00,0,0,0,0,0
2022-12-13 15:07:00,0,0,0,0,0
2022-12-13 15:08:00,0,0,0,0,0
2022-12-13 15:09:00,0,0,0,0,0
2022-12-13 15:10:00,0,0,0,0,0
2022-12-13 15:11:00,0,0,0,0,0
2022-12-13 15:12:00,0,0,0,0,0
2022-12-13 15:13:00,0,0,0,0,0
2022-12-13 15:14:00,0,0,0,0,0
2022-12-13 15:15:00,0,0,0,0,0
2022-12-13 15:16:00,0,0,0,0,0
2022-12-13 15:17:00,0,0,0,0,0
2022-12-13 15:18:00,0,0,0,0,0
2022-12-13 15:19:00,0,0,0,0,0
2022-12-13 15:20:00,0,0,0,0,0
2022-12-13 15:21:00,0,0,0,0,0
2022-12-13 15:22:00,0,0,0,0,0
2022-12-13 15:23:00,0,0,0,0,0
2022-12-13 15:24:00,0,0,0,0,0
2022-12-13 15:25:00,0,0,0,0,0
2022-12-13 15:26:00,0,0,0,0,0
2022-12-13 15:27:00,0,0,0,0,0
2022-12-13 15:28:00,0,0,0,0,0
2022-12-13 15:29:00,0,0,0,0,0
2022-12-13 15:30:00,0,0,0,0,0
2022-12-13 15:31:00,0,0,0,0,0
2022-12-13 15:32:00,0,0,0,0,0
2022-12-13 15:33:00,0,0,0,0,0
2022-12-13 15:34:00,0,0,0,0,0
2022-12-13 15:35:00,0,0,0,0,0
2022-12-13 15:36:00,0,0,0,0,0
2022-12-13 15:37:00,0,0,0,0,0
2022-12-13 15:38:00,0,0,0,0,0
2022-12-13 15:39:00,0,0,0,0,0
2022-12-13 15:40:00,0,0,0,0,0
2022-12-13 15:41:00,0,0,0,0,0
2022-12-13 15:42:00,0,0,0,0,0
2022-12-13 15:43:00,0,0,0,0,0
2022-12-13 15:44:00,0,0,0,0,0
2022-12-13 15:45:00,0,0,0,0,0
2022-12-13 15:46:00,0,0,0,0,0
2022-12-13 15:47:00,0,0,0,0,0
2022-12-13 15:48:00,0,0,0,0,0
2022-12-13 15:49:00,0,0,0,0,0
2022-12-13 15:50:00,0,0,0,0,0
2022-12-13 15:51:00,0,0,0,0,0
2022-12-13 15:52:00,0,0,0,0,0
2022-12-13 15:53:00,0,0,0,0,0
2022-12-13 15:54:00,0,0,0,0,0
2022-12-13 15:55:00,0,0,0,0,0
2022-12-13 15:56:00,0,0,0,0,0
2022-12-13 15:57:00,0,0,0,0,0
2022-12-13 15:58:00,0,0,0,0,0
2022-12-13 15:59:00,0,0,0,0,0
2022-12-14 09:00:00,0,0,0,0,0
2022-12-14 09:01:00,0,0,0,0,0
2022-12-14 09:02:00,0,0,0,0,0
2022-12-14 09:03:00,0,0,0,0,0
2022-12-14 09:04:00,0,0,0,0,0
2022-12-14 09:05:00,0,0,0,0,0
2022-12-14 09:06:00,0,0,0,0,0
2022-12-14 09:07:00,0,0,0,0,0
2022-12-14 09:08:00,0,0,0,0,0
2022-12-14 09:09:00,0,0,0,0,0
2022-12-14 09:10:00,0,0,0,0,0
2022-12-14 09:11:00,0,0,0,0,0
2022-12-14 09:12:00,835,835,835,835,0
2022-12-14 09:13:00,840,840,840,840,200
2022-12-14 09:14:00,0,0,0,0,0
2022-12-14 09:15:00,0,0,0,0,0
2022-12-14 09:16:00,0,0,0,0,0
2022-12-14 09:17:00,0,0,0,0,0
2022-12-14 09:18:00,0,0,0,0,0
2022-12-14 09:19:00,0,0,0,0,0
2022-12-14 09:20:00,0,0,0,0,0
2022-12-14 09:21:00,0,0,0,0,0
2022-12-14 09:22:00,0,0,0,0,0
2022-12-14 09:23:00,0,0,0,0,0
2022-12-14 09:24:00,0,0,0,0,0
2022-12-14 09:25:00,835,835,835,835,900
2022-12-14 09:26:00,835,835,835,835,700
2022-12-14 09:27:00,0,0,0,0,0
2022-12-14 09:28:00,0,0,0,0,0
2022-12-14 09:29:00,0,0,0,0,0
2022-12-14 09:30:00,0,0,0,0,0
2022-12-14 09:31:00,0,0,0,0,0
2022-12-14 09:32:00,0,0,0,0,0
2022-12-14 09:33:00,835,835,835,835,1600
2022-12-14 09:34:00,0,0,0,0,0
2022-12-14 09:35:00,0,0,0,0,0
2022-12-14 09:36:00,0,0,0,0,0
2022-12-14 09:37:00,0,0,0,0,0
2022-12-14 09:38:00,0,0,0,0,0
2022-12-14 09:39:00,0,0,0,0,0
2022-12-14 09:40:00,0,0,0,0,0
2022-12-14 09:41:00,0,0,0,0,0
2022-12-14 09:42:00,0,0,0,0,0
2022-12-14 09:43:00,0,0,0,0,0
2022-12-14 09:44:00,0,0,0,0,0
2022-12-14 09:45:00,835,835,835,835,600
2022-12-14 09:46:00,0,0,0,0,0
2022-12-14 09:47:00,0,0,0,0,0
2022-12-14 09:48:00,0,0,0,0,0
2022-12-14 09:49:00,0,0,0,0,0
2022-12-14 09:50:00,0,0,0,0,0
2022-12-14 09:51:00,835,835,835,835,100
2022-12-14 09:52:00,0,0,0,0,0
2022-12-14 09:53:00,0,0,0,0,0
2022-12-14 09:54:00,0,0,0,0,0
2022-12-14 09:55:00,0,0,0,0,0
2022-12-14 09:56:00,0,0,0,0,0
2022-12-14 09:57:00,0,0,0,0,0
2022-12-14 09:58:00,0,0,0,0,0
2022-12-14 09:59:00,0,0,0,0,0
2022-12-14 10:00:00,0,0,0,0,0
2022-12-14 10:01:00,0,0,0,0,0
2022-12-14 10:02:00,0,0,0,0,0
2022-12-14 10:03:00,0,0,0,0,0
2022-12-14 10:04:00,0,0,0,0,0
2022-12-14 10:05:00,0,0,0,0,0
2022-12-14 10:06:00,0,0,0,0,0
2022-12-14 10:07:00,0,0,0,0,0
2022-12-14 10:08:00,0,0,0,0,0
2022-12-14 10:09:00,0,0,0,0,0
2022-12-14 10:10:00,0,0,0,0,0
2022-12-14 10:11:00,0,0,0,0,0
2022-12-14 10:12:00,0,0,0,0,0
2022-12-14 10:13:00,0,0,0,0,0
2022-12-14 10:14:00,0,0,0,0,0
2022-12-14 10:15:00,0,0,0,0,0
2022-12-14 10:16:00,0,0,0,0,0
2022-12-14 10:17:00,0,0,0,0,0
2022-12-14 10:18:00,0,0,0,0,0
2022-12-14 10:19:00,0,0,0,0,0
2022-12-14 10:20:00,0,0,0,0,0
2022-12-14 10:21:00,0,0,0,0,0
2022-12-14 10:22:00,0,0,0,0,0
2022-12-14 10:23:00,0,0,0,0,0
2022-12-14 10:24:00,0,0,0,0,0
2022-12-14 10:25:00,0,0,0,0,0
2022-12-14 10:26:00,0,0,0,0,0
2022-12-14 10:27:00,0,0,0,0,0
2022-12-14 10:28:00,0,0,0,0,0
2022-12-14 10:29:00,0,0,0,0,0
2022-12-14 10:30:00,0,0,0,0,0
2022-12-14 10:31:00,0,0,0,0,0
2022-12-14 10:32:00,0,0,0,0,0
2022-12-14 10:33:00,0,0,0,0,0
2022-12-14 10:34:00,0,0,0,0,0
2022-12-14 10:35:00,0,0,0,0,0
2022-12-14 10:36:00,0,0,0,0,0
2022-12-14 10:37:00,0,0,0,0,0
2022-12-14 10:38:00,0,0,0,0,0
2022-12-14 10:39:00,0,0,0,0,0
2022-12-14 10:40:00,0,0,0,0,0
2022-12-14 10:41:00,0,0,0,0,0
2022-12-14 10:42:00,0,0,0,0,0
2022-12-14 10:43:00,0,0,0,0,0
2022-12-14 10:44:00,0,0,0,0,0
2022-12-14 10:45:00,0,0,0,0,0
2022-12-14 10:46:00,0,0,0,0,0
2022-12-14 10:47:00,0,0,0,0,0
2022-12-14 10:48:00,0,0,0,0,0
2022-12-14 10:49:00,0,0,0,0,0
2022-12-14 10:50:00,0,0,0,0,0
2022-12-14 10:51:00,0,0,0,0,0
2022-12-14 10:52:00,0,0,0,0,0
2022-12-14 10:53:00,0,0,0,0,0
2022-12-14 10:54:00,0,0,0,0,0
2022-12-14 10:55:00,0,0,0,0,0
2022-12-14 10:56:00,0,0,0,0,0
2022-12-14 10:57:00,0,0,0,0,0
2022-12-14 10:58:00,0,0,0,0,0
2022-12-14 10:59:00,0,0,0,0,0
2022-12-14 11:00:00,0,0,0,0,0
2022-12-14 11:01:00,0,0,0,0,0
2022-12-14 11:02:00,830,830,830,830,500
2022-12-14 11:03:00,0,0,0,0,0
2022-12-14 11:04:00,0,0,0,0,0
2022-12-14 11:05:00,0,0,0,0,0
2022-12-14 11:06:00,0,0,0,0,0
2022-12-14 11:07:00,0,0,0,0,0
2022-12-14 11:08:00,0,0,0,0,0
2022-12-14 11:09:00,0,0,0,0,0
2022-12-14 11:10:00,0,0,0,0,0
2022-12-14 11:11:00,0,0,0,0,0
2022-12-14 11:12:00,0,0,0,0,0
2022-12-14 11:13:00,0,0,0,0,0
2022-12-14 11:14:00,0,0,0,0,0
2022-12-14 11:15:00,0,0,0,0,0
2022-12-14 11:16:00,0,0,0,0,0
2022-12-14 11:17:00,0,0,0,0,0
2022-12-14 11:18:00,0,0,0,0,0
2022-12-14 11:19:00,0,0,0,0,0
2022-12-14 11:20:00,0,0,0,0,0
2022-12-14 11:21:00,0,0,0,0,0
2022-12-14 11:22:00,0,0,0,0,0
2022-12-14 11:23:00,0,0,0,0,0
2022-12-14 11:24:00,830,830,830,830,100
2022-12-14 11:25:00,0,0,0,0,0
2022-12-14 11:26:00,0,0,0,0,0
2022-12-14 11:27:00,830,830,830,830,500
2022-12-14 11:28:00,0,0,0,0,0
2022-12-14 11:29:00,0,0,0,0,0
2022-12-14 11:30:00,0,0,0,0,0
2022-12-14 11:31:00,0,0,0,0,0
2022-12-14 11:32:00,0,0,0,0,0
2022-12-14 11:33:00,0,0,0,0,0
2022-12-14 11:34:00,0,0,0,0,0
2022-12-14 11:35:00,0,0,0,0,0
2022-12-14 11:36:00,0,0,0,0,0
2022-12-14 11:37:00,0,0,0,0,0
2022-12-14 11:38:00,0,0,0,0,0
2022-12-14 11:39:00,0,0,0,0,0
2022-12-14 11:40:00,0,0,0,0,0
2022-12-14 11:41:00,0,0,0,0,0
2022-12-14 11:42:00,0,0,0,0,0
2022-12-14 11:43:00,0,0,0,0,0
2022-12-14 11:44:00,0,0,0,0,0
2022-12-14 11:45:00,0,0,0,0,0
2022-12-14 11:46:00,0,0,0,0,0
2022-12-14 11:47:00,0,0,0,0,0
2022-12-14 11:48:00,0,0,0,0,0
2022-12-14 11:49:00,0,0,0,0,0
2022-12-14 11:50:00,0,0,0,0,0
2022-12-14 11:51:00,0,0,0,0,0
2022-12-14 11:52:00,0,0,0,0,0
2022-12-14 11:53:00,0,0,0,0,0
2022-12-14 11:54:00,0,0,0,0,0
2022-12-14 11:55:00,0,0,0,0,0
2022-12-14 11:56:00,0,0,0,0,0
2022-12-14 11:57:00,0,0,0,0,0
2022-12-14 11:58:00,0,0,0,0,0
2022-12-14 11:59:00,0,0,0,0,0
2022-12-14 12:00:00,0,0,0,0,0
2022-12-14 12:01:00,0,0,0,0,0
2022-12-14 12:02:00,0,0,0,0,0
2022-12-14 12:03:00,0,0,0,0,0
2022-12-14 12:04:00,0,0,0,0,0
2022-12-14 12:05:00,0,0,0,0,0
2022-12-14 12:06:00,0,0,0,0,0
2022-12-14 12:07:00,0,0,0,0,0
2022-12-14 12:08:00,0,0,0,0,0
2022-12-14 12:09:00,0,0,0,0,0
2022-12-14 12:10:00,0,0,0,0,0
2022-12-14 12:11:00,0,0,0,0,0
2022-12-14 12:12:00,0,0,0,0,0
2022-12-14 12:13:00,0,0,0,0,0
2022-12-14 12:14:00,0,0,0,0,0
2022-12-14 12:15:00,0,0,0,0,0
2022-12-14 12:16:00,0,0,0,0,0
2022-12-14 12:17:00,0,0,0,0,0
2022-12-14 12:18:00,0,0,0,0,0
2022-12-14 12:19:00,0,0,0,0,0
2022-12-14 12:20:00,0,0,0,0,0
2022-12-14 12:21:00,0,0,0,0,0
2022-12-14 12:22:00,0,0,0,0,0
2022-12-14 12:23:00,0,0,0,0,0
2022-12-14 12:24:00,0,0,0,0,0
2022-12-14 12:25:00,0,0,0,0,0
2022-12-14 12:26:00,0,0,0,0,0
2022-12-14 12:27:00,0,0,0,0,0
2022-12-14 12:28:00,0,0,0,0,0
2022-12-14 12:29:00,0,0,0,0,0
2022-12-14 12:30:00,0,0,0,0,0
2022-12-14 12:31:00,0,0,0,0,0
2022-12-14 12:32:00,0,0,0,0,0
2022-12-14 12:33:00,0,0,0,0,0
2022-12-14 12:34:00,0,0,0,0,0
2022-12-14 12:35:00,0,0,0,0,0
2022-12-14 12:36:00,0,0,0,0,0
2022-12-14 12:37:00,0,0,0,0,0
2022-12-14 12:38:00,0,0,0,0,0
2022-12-14 12:39:00,0,0,0,0,0
2022-12-14 12:40:00,0,0,0,0,0
2022-12-14 12:41:00,0,0,0,0,0
2022-12-14 12:42:00,0,0,0,0,0
2022-12-14 12:43:00,0,0,0,0,0
2022-12-14 12:44:00,0,0,0,0,0
2022-12-14 12:45:00,0,0,0,0,0
2022-12-14 12:46:00,0,0,0,0,0
2022-12-14 12:47:00,0,0,0,0,0
2022-12-14 12:48:00,0,0,0,0,0
2022-12-14 12:49:00,0,0,0,0,0
2022-12-14 12:50:00,0,0,0,0,0
2022-12-14 12:51:00,0,0,0,0,0
2022-12-14 12:52:00,0,0,0,0,0
2022-12-14 12:53:00,0,0,0,0,0
2022-12-14 12:54:00,0,0,0,0,0
2022-12-14 12:55:00,0,0,0,0,0
2022-12-14 12:56:00,0,0,0,0,0
2022-12-14 12:57:00,0,0,0,0,0
2022-12-14 12:58:00,0,0,0,0,0
2022-12-14 12:59:00,0,0,0,0,0
2022-12-14 13:00:00,0,0,0,0,0
2022-12-14 13:01:00,0,0,0,0,0
2022-12-14 13:02:00,0,0,0,0,0
2022-12-14 13:03:00,0,0,0,0,0
2022-12-14 13:04:00,0,0,0,0,0
2022-12-14 13:05:00,0,0,0,0,0
2022-12-14 13:06:00,0,0,0,0,0
2022-12-14 13:07:00,0,0,0,0,0
2022-12-14 13:08:00,0,0,0,0,0
2022-12-14 13:09:00,0,0,0,0,0
2022-12-14 13:10:00,0,0,0,0,0
2022-12-14 13:11:00,0,0,0,0,0
2022-12-14 13:12:00,0,0,0,0,0
2022-12-14 13:13:00,0,0,0,0,0
2022-12-14 13:14:00,0,0,0,0,0
2022-12-14 13:15:00,0,0,0,0,0
2022-12-14 13:16:00,0,0,0,0,0
2022-12-14 13:17:00,0,0,0,0,0
2022-12-14 13:18:00,0,0,0,0,0
2022-12-14 13:19:00,0,0,0,0,0
2022-12-14 13:20:00,0,0,0,0,0
2022-12-14 13:21:00,0,0,0,0,0
2022-12-14 13:22:00,0,0,0,0,0
2022-12-14 13:23:00,0,0,0,0,0
2022-12-14 13:24:00,0,0,0,0,0
2022-12-14 13:25:00,0,0,0,0,0
2022-12-14 13:26:00,0,0,0,0,0
2022-12-14 13:27:00,0,0,0,0,0
2022-12-14 13:28:00,0,0,0,0,0
2022-12-14 13:29:00,0,0,0,0,0
2022-12-14 13:30:00,825,800,825,800,394700
2022-12-14 13:31:00,0,0,0,0,0
2022-12-14 13:32:00,0,0,0,0,0
2022-12-14 13:33:00,0,0,0,0,0
2022-12-14 13:34:00,0,0,0,0,0
2022-12-14 13:35:00,0,0,0,0,0
2022-12-14 13:36:00,0,0,0,0,0
2022-12-14 13:37:00,0,0,0,0,0
2022-12-14 13:38:00,0,0,0,0,0
2022-12-14 13:39:00,0,0,0,0,0
2022-12-14 13:40:00,0,0,0,0,0
2022-12-14 13:41:00,0,0,0,0,0
2022-12-14 13:42:00,0,0,0,0,0
2022-12-14 13:43:00,0,0,0,0,0
2022-12-14 13:44:00,0,0,0,0,0
2022-12-14 13:45:00,805,805,805,805,100
2022-12-14 13:46:00,0,0,0,0,0
2022-12-14 13:47:00,0,0,0,0,0
2022-12-14 13:48:00,0,0,0,0,0
2022-12-14 13:49:00,0,0,0,0,0
2022-12-14 13:50:00,0,0,0,0,0
2022-12-14 13:51:00,0,0,0,0,0
2022-12-14 13:52:00,0,0,0,0,0
2022-12-14 13:53:00,0,0,0,0,0
2022-12-14 13:54:00,0,0,0,0,0
2022-12-14 13:55:00,0,0,0,0,0
2022-12-14 13:56:00,0,0,0,0,0
2022-12-14 13:57:00,0,0,0,0,0
2022-12-14 13:58:00,0,0,0,0,0
2022-12-14 13:59:00,0,0,0,0,0
2022-12-14 14:00:00,0,0,0,0,0
2022-12-14 14:01:00,805,805,805,805,600
2022-12-14 14:02:00,0,0,0,0,0
2022-12-14 14:03:00,825,825,825,825,0
2022-12-14 14:04:00,0,0,0,0,0
2022-12-14 14:05:00,0,0,0,0,0
2022-12-14 14:06:00,0,0,0,0,0
2022-12-14 14:07:00,0,0,0,0,0
2022-12-14 14:08:00,0,0,0,0,0
2022-12-14 14:09:00,805,805,805,805,200
2022-12-14 14:10:00,825,825,825,825,100
2022-12-14 14:11:00,0,0,0,0,0
2022-12-14 14:12:00,0,0,0,0,0
2022-12-14 14:13:00,0,0,0,0,0
2022-12-14 14:14:00,0,0,0,0,0
2022-12-14 14:15:00,0,0,0,0,0
2022-12-14 14:16:00,0,0,0,0,0
2022-12-14 14:17:00,0,0,0,0,0
2022-12-14 14:18:00,810,805,810,805,17300
2022-12-14 14:19:00,0,0,0,0,0
2022-12-14 14:20:00,0,0,0,0,0
2022-12-14 14:21:00,0,0,0,0,0
2022-12-14 14:22:00,0,0,0,0,0
2022-12-14 14:23:00,805,805,805,805,92700
2022-12-14 14:24:00,0,0,0,0,0
2022-12-14 14:25:00,0,0,0,0,0
2022-12-14 14:26:00,0,0,0,0,0
2022-12-14 14:27:00,0,0,0,0,0
2022-12-14 14:28:00,0,0,0,0,0
2022-12-14 14:29:00,0,0,0,0,0
2022-12-14 14:30:00,0,0,0,0,0
2022-12-14 14:31:00,0,0,0,0,0
2022-12-14 14:32:00,0,0,0,0,0
2022-12-14 14:33:00,0,0,0,0,0
2022-12-14 14:34:00,0,0,0,0,0
2022-12-14 14:35:00,0,0,0,0,0
2022-12-14 14:36:00,820,820,820,820,100
2022-12-14 14:37:00,0,0,0,0,0
2022-12-14 14:38:00,0,0,0,0,0
2022-12-14 14:39:00,0,0,0,0,0
2022-12-14 14:40:00,0,0,0,0,0
2022-12-14 14:41:00,0,0,0,0,0
2022-12-14 14:42:00,0,0,0,0,0
2022-12-14 14:43:00,0,0,0,0,0
2022-12-14 14:44:00,0,0,0,0,0
2022-12-14 14:45:00,0,0,0,0,0
2022-12-14 14:46:00,0,0,0,0,0
2022-12-14 14:47:00,0,0,0,0,0
2022-12-14 14:48:00,0,0,0,0,0
2022-12-14 14:49:00,0,0,0,0,0
2022-12-14 14:50:00,0,0,0,0,0
2022-12-14 14:51:00,0,0,0,0,0
2022-12-14 14:52:00,0,0,0,0,0
2022-12-14 14:53:00,0,0,0,0,0
2022-12-14 14:54:00,0,0,0,0,0
2022-12-14 14:55:00,0,0,0,0,0
2022-12-14 14:56:00,0,0,0,0,0
2022-12-14 14:57:00,0,0,0,0,0
2022-12-14 14:58:00,0,0,0,0,0
2022-12-14 14:59:00,0,0,0,0,0
2022-12-14 15:00:00,820,820,820,820,6900
2022-12-14 15:01:00,820,820,820,820,524900
2022-12-14 15:02:00,0,0,0,0,0
2022-12-14 15:03:00,0,0,0,0,0
2022-12-14 15:04:00,0,0,0,0,0
2022-12-14 15:05:00,0,0,0,0,0
2022-12-14 15:06:00,0,0,0,0,0
2022-12-14 15:07:00,0,0,0,0,0
2022-12-14 15:08:00,0,0,0,0,0
2022-12-14 15:09:00,0,0,0,0,0
2022-12-14 15:10:00,0,0,0,0,0
2022-12-14 15:11:00,0,0,0,0,0
2022-12-14 15:12:00,0,0,0,0,0
2022-12-14 15:13:00,0,0,0,0,0
2022-12-14 15:14:00,0,0,0,0,0
2022-12-14 15:15:00,0,0,0,0,0
2022-12-14 15:16:00,0,0,0,0,0
2022-12-14 15:17:00,0,0,0,0,0
2022-12-14 15:18:00,0,0,0,0,0
2022-12-14 15:19:00,0,0,0,0,0
2022-12-14 15:20:00,0,0,0,0,0
2022-12-14 15:21:00,0,0,0,0,0
2022-12-14 15:22:00,0,0,0,0,0
2022-12-14 15:23:00,0,0,0,0,0
2022-12-14 15:24:00,0,0,0,0,0
2022-12-14 15:25:00,0,0,0,0,0
2022-12-14 15:26:00,0,0,0,0,0
2022-12-14 15:27:00,0,0,0,0,0
2022-12-14 15:28:00,0,0,0,0,0
2022-12-14 15:29:00,0,0,0,0,0
2022-12-14 15:30:00,0,0,0,0,0
2022-12-14 15:31:00,0,0,0,0,0
2022-12-14 15:32:00,0,0,0,0,0
2022-12-14 15:33:00,0,0,0,0,0
2022-12-14 15:34:00,0,0,0,0,0
2022-12-14 15:35:00,0,0,0,0,0
2022-12-14 15:36:00,0,0,0,0,0
2022-12-14 15:37:00,0,0,0,0,0
2022-12-14 15:38:00,0,0,0,0,0
2022-12-14 15:39:00,0,0,0,0,0
2022-12-14 15:40:00,0,0,0,0,0
2022-12-14 15:41:00,0,0,0,0,0
2022-12-14 15:42:00,0,0,0,0,0
2022-12-14 15:43:00,0,0,0,0,0
2022-12-14 15:44:00,0,0,0,0,0
2022-12-14 15:45:00,0,0,0,0,0
2022-12-14 15:46:00,0,0,0,0,0
2022-12-14 15:47:00,0,0,0,0,0
2022-12-14 15:48:00,0,0,0,0,0
2022-12-14 15:49:00,0,0,0,0,0
2022-12-14 15:50:00,0,0,0,0,0
2022-12-14 15:51:00,0,0,0,0,0
2022-12-14 15:52:00,0,0,0,0,0
2022-12-14 15:53:00,0,0,0,0,0
2022-12-14 15:54:00,0,0,0,0,0
2022-12-14 15:55:00,0,0,0,0,0
2022-12-14 15:56:00,0,0,0,0,0
2022-12-14 15:57:00,0,0,0,0,0
2022-12-14 15:58:00,0,0,0,0,0
2022-12-14 15:59:00,0,0,0,0,0
2022-12-15 09:00:00,0,0,0,0,0
2022-12-15 09:01:00,0,0,0,0,0
2022-12-15 09:02:00,0,0,0,0,0
2022-12-15 09:03:00,0,0,0,0,0
2022-12-15 09:04:00,0,0,0,0,0
2022-12-15 09:05:00,0,0,0,0,0
2022-12-15 09:06:00,0,0,0,0,0
2022-12-15 09:07:00,0,0,0,0,0
2022-12-15 09:08:00,0,0,0,0,0
2022-12-15 09:09:00,0,0,0,0,0
2022-12-15 09:10:00,0,0,0,0,0
2022-12-15 09:11:00,0,0,0,0,0
2022-12-15 09:12:00,0,0,0,0,0
2022-12-15 09:13:00,0,0,0,0,0
2022-12-15 09:14:00,0,0,0,0,0
2022-12-15 09:15:00,0,0,0,0,0
2022-12-15 09:16:00,0,0,0,0,0
2022-12-15 09:17:00,0,0,0,0,0
2022-12-15 09:18:00,0,0,0,0,0
2022-12-15 09:19:00,0,0,0,0,0
2022-12-15 09:20:00,0,0,0,0,0
2022-12-15 09:21:00,0,0,0,0,0
2022-12-15 09:22:00,0,0,0,0,0
2022-12-15 09:23:00,0,0,0,0,0
2022-12-15 09:24:00,0,0,0,0,0
2022-12-15 09:25:00,0,0,0,0,0
2022-12-15 09:26:00,0,0,0,0,0
2022-12-15 09:27:00,0,0,0,0,0
2022-12-15 09:28:00,0,0,0,0,0
2022-12-15 09:29:00,0,0,0,0,0
2022-12-15 09:30:00,0,0,0,0,0
2022-12-15 09:31:00,0,0,0,0,0
2022-12-15 09:32:00,0,0,0,0,0
2022-12-15 09:33:00,0,0,0,0,0
2022-12-15 09:34:00,0,0,0,0,0
2022-12-15 09:35:00,815,815,815,815,0
2022-12-15 09:36:00,815,810,815,810,0
2022-12-15 09:37:00,0,0,0,0,0
2022-12-15 09:38:00,0,0,0,0,0
2022-12-15 09:39:00,0,0,0,0,0
2022-12-15 09:40:00,0,0,0,0,0
2022-12-15 09:41:00,0,0,0,0,0
2022-12-15 09:42:00,0,0,0,0,0
2022-12-15 09:43:00,0,0,0,0,0
2022-12-15 09:44:00,0,0,0,0,0
2022-12-15 09:45:00,0,0,0,0,0
2022-12-15 09:46:00,820,820,825,825,400
2022-12-15 09:47:00,0,0,0,0,0
2022-12-15 09:48:00,0,0,0,0,0
2022-12-15 09:49:00,0,0,0,0,0
2022-12-15 09:50:00,0,0,0,0,0
2022-12-15 09:51:00,0,0,0,0,0
2022-12-15 09:52:00,0,0,0,0,0
2022-12-15 09:53:00,0,0,0,0,0
2022-12-15 09:54:00,0,0,0,0,0
2022-12-15 09:55:00,0,0,0,0,0
2022-12-15 09:56:00,0,0,0,0,0
2022-12-15 09:57:00,0,0,0,0,0
2022-12-15 09:58:00,0,0,0,0,0
2022-12-15 09:59:00,0,0,0,0,0
2022-12-15 10:00:00,0,0,0,0,0
2022-12-15 10:01:00,0,0,0,0,0
2022-12-15 10:02:00,0,0,0,0,0
2022-12-15 10:03:00,0,0,0,0,0
2022-12-15 10:04:00,0,0,0,0,0
2022-12-15 10:05:00,0,0,0,0,0
2022-12-15 10:06:00,0,0,0,0,0
2022-12-15 10:07:00,0,0,0,0,0
2022-12-15 10:08:00,0,0,0,0,0
2022-12-15 10:09:00,0,0,0,0,0
2022-12-15 10:10:00,0,0,0,0,0
2022-12-15 10:11:00,0,0,0,0,0
2022-12-15 10:12:00,0,0,0,0,0
2022-12-15 10:13:00,0,0,0,0,0
2022-12-15 10:14:00,0,0,0,0,0
2022-12-15 10:15:00,0,0,0,0,0
2022-12-15 10:16:00,0,0,0,0,0
2022-12-15 10:17:00,0,0,0,0,0
2022-12-15 10:18:00,0,0,0,0,0
2022-12-15 10:19:00,0,0,0,0,0
2022-12-15 10:20:00,0,0,0,0,0
2022-12-15 10:21:00,0,0,0,0,0
2022-12-15 10:22:00,0,0,0,0,0
2022-12-15 10:23:00,0,0,0,0,0
2022-12-15 10:24:00,0,0,0,0,0
2022-12-15 10:25:00,0,0,0,0,0
2022-12-15 10:26:00,0,0,0,0,0
2022-12-15 10:27:00,0,0,0,0,0
2022-12-15 10:28:00,0,0,0,0,0
2022-12-15 10:29:00,0,0,0,0,0
2022-12-15 10:30:00,0,0,0,0,0
2022-12-15 10:31:00,0,0,0,0,0
2022-12-15 10:32:00,0,0,0,0,0
2022-12-15 10:33:00,0,0,0,0,0
2022-12-15 10:34:00,0,0,0,0,0
2022-12-15 10:35:00,0,0,0,0,0
2022-12-15 10:36:00,0,0,0,0,0
2022-12-15 10:37:00,0,0,0,0,0
2022-12-15 10:38:00,0,0,0,0,0
2022-12-15 10:39:00,0,0,0,0,0
2022-12-15 10:40:00,0,0,0,0,0
2022-12-15 10:41:00,0,0,0,0,0
2022-12-15 10:42:00,825,825,825,825,200
2022-12-15 10:43:00,0,0,0,0,0
2022-12-15 10:44:00,0,0,0,0,0
2022-12-15 10:45:00,0,0,0,0,0
2022-12-15 10:46:00,0,0,0,0,0
2022-12-15 10:47:00,0,0,0,0,0
2022-12-15 10:48:00,820,820,820,820,900
2022-12-15 10:49:00,0,0,0,0,0
2022-12-15 10:50:00,0,0,0,0,0
2022-12-15 10:51:00,0,0,0,0,0
2022-12-15 10:52:00,0,0,0,0,0
2022-12-15 10:53:00,0,0,0,0,0
2022-12-15 10:54:00,0,0,0,0,0
2022-12-15 10:55:00,0,0,0,0,0
2022-12-15 10:56:00,0,0,0,0,0
2022-12-15 10:57:00,0,0,0,0,0
2022-12-15 10:58:00,0,0,0,0,0
2022-12-15 10:59:00,0,0,0,0,0
2022-12-15 11:00:00,0,0,0,0,0
2022-12-15 11:01:00,0,0,0,0,0
2022-12-15 11:02:00,0,0,0,0,0
2022-12-15 11:03:00,820,820,820,820,1700
2022-12-15 11:04:00,0,0,0,0,0
2022-12-15 11:05:00,0,0,0,0,0
2022-12-15 11:06:00,0,0,0,0,0
2022-12-15 11:07:00,0,0,0,0,0
2022-12-15 11:08:00,0,0,0,0,0
2022-12-15 11:09:00,0,0,0,0,0
2022-12-15 11:10:00,0,0,0,0,0
2022-12-15 11:11:00,0,0,0,0,0
2022-12-15 11:12:00,0,0,0,0,0
2022-12-15 11:13:00,0,0,0,0,0
2022-12-15 11:14:00,0,0,0,0,0
2022-12-15 11:15:00,0,0,0,0,0
2022-12-15 11:16:00,0,0,0,0,0
2022-12-15 11:17:00,0,0,0,0,0
2022-12-15 11:18:00,0,0,0,0,0
2022-12-15 11:19:00,0,0,0,0,0
2022-12-15 11:20:00,0,0,0,0,0
2022-12-15 11:21:00,0,0,0,0,0
2022-12-15 11:22:00,0,0,0,0,0
2022-12-15 11:23:00,0,0,0,0,0
2022-12-15 11:24:00,0,0,0,0,0
2022-12-15 11:25:00,0,0,0,0,0
2022-12-15 11:26:00,0,0,0,0,0
2022-12-15 11:27:00,0,0,0,0,0
2022-12-15 11:28:00,0,0,0,0,0
2022-12-15 11:29:00,0,0,0,0,0
2022-12-15 11:30:00,0,0,0,0,0
2022-12-15 11:31:00,0,0,0,0,0
2022-12-15 11:32:00,0,0,0,0,0
2022-12-15 11:33:00,0,0,0,0,0
2022-12-15 11:34:00,0,0,0,0,0
2022-12-15 11:35:00,0,0,0,0,0
2022-12-15 11:36:00,0,0,0,0,0
2022-12-15 11:37:00,0,0,0,0,0
2022-12-15 11:38:00,0,0,0,0,0
2022-12-15 11:39:00,0,0,0,0,0
2022-12-15 11:40:00,0,0,0,0,0
2022-12-15 11:41:00,0,0,0,0,0
2022-12-15 11:42:00,0,0,0,0,0
2022-12-15 11:43:00,0,0,0,0,0
2022-12-15 11:44:00,0,0,0,0,0
2022-12-15 11:45:00,0,0,0,0,0
2022-12-15 11:46:00,0,0,0,0,0
2022-12-15 11:47:00,0,0,0,0,0
2022-12-15 11:48:00,0,0,0,0,0
2022-12-15 11:49:00,0,0,0,0,0
2022-12-15 11:50:00,0,0,0,0,0
2022-12-15 11:51:00,0,0,0,0,0
2022-12-15 11:52:00,0,0,0,0,0
2022-12-15 11:53:00,0,0,0,0,0
2022-12-15 11:54:00,0,0,0,0,0
2022-12-15 11:55:00,0,0,0,0,0
2022-12-15 11:56:00,0,0,0,0,0
2022-12-15 11:57:00,0,0,0,0,0
2022-12-15 11:58:00,0,0,0,0,0
2022-12-15 11:59:00,0,0,0,0,0
2022-12-15 12:00:00,0,0,0,0,0
2022-12-15 12:01:00,0,0,0,0,0
2022-12-15 12:02:00,0,0,0,0,0
2022-12-15 12:03:00,0,0,0,0,0
2022-12-15 12:04:00,0,0,0,0,0
2022-12-15 12:05:00,0,0,0,0,0
2022-12-15 12:06:00,0,0,0,0,0
2022-12-15 12:07:00,0,0,0,0,0
2022-12-15 12:08:00,0,0,0,0,0
2022-12-15 12:09:00,0,0,0,0,0
2022-12-15 12:10:00,0,0,0,0,0
2022-12-15 12:11:00,0,0,0,0,0
2022-12-15 12:12:00,0,0,0,0,0
2022-12-15 12:13:00,0,0,0,0,0
2022-12-15 12:14:00,0,0,0,0,0
2022-12-15 12:15:00,0,0,0,0,0
2022-12-15 12:16:00,0,0,0,0,0
2022-12-15 12:17:00,0,0,0,0,0
2022-12-15 12:18:00,0,0,0,0,0
2022-12-15 12:19:00,0,0,0,0,0
2022-12-15 12:20:00,0,0,0,0,0
2022-12-15 12:21:00,0,0,0,0,0
2022-12-15 12:22:00,0,0,0,0,0
2022-12-15 12:23:00,0,0,0,0,0
2022-12-15 12:24:00,0,0,0,0,0
2022-12-15 12:25:00,0,0,0,0,0
2022-12-15 12:26:00,0,0,0,0,0
2022-12-15 12:27:00,0,0,0,0,0
2022-12-15 12:28:00,0,0,0,0,0
2022-12-15 12:29:00,0,0,0,0,0
2022-12-15 12:30:00,0,0,0,0,0
2022-12-15 12:31:00,0,0,0,0,0
2022-12-15 12:32:00,0,0,0,0,0
2022-12-15 12:33:00,0,0,0,0,0
2022-12-15 12:34:00,0,0,0,0,0
2022-12-15 12:35:00,0,0,0,0,0
2022-12-15 12:36:00,0,0,0,0,0
2022-12-15 12:37:00,0,0,0,0,0
2022-12-15 12:38:00,0,0,0,0,0
2022-12-15 12:39:00,0,0,0,0,0
2022-12-15 12:40:00,0,0,0,0,0
2022-12-15 12:41:00,0,0,0,0,0
2022-12-15 12:42:00,0,0,0,0,0
2022-12-15 12:43:00,0,0,0,0,0
2022-12-15 12:44:00,0,0,0,0,0
2022-12-15 12:45:00,0,0,0,0,0
2022-12-15 12:46:00,0,0,0,0,0
2022-12-15 12:47:00,0,0,0,0,0
2022-12-15 12:48:00,0,0,0,0,0
2022-12-15 12:49:00,0,0,0,0,0
2022-12-15 12:50:00,0,0,0,0,0
2022-12-15 12:51:00,0,0,0,0,0
2022-12-15 12:52:00,0,0,0,0,0
2022-12-15 12:53:00,0,0,0,0,0
2022-12-15 12:54:00,0,0,0,0,0
2022-12-15 12:55:00,0,0,0,0,0
2022-12-15 12:56:00,0,0,0,0,0
2022-12-15 12:57:00,0,0,0,0,0
2022-12-15 12:58:00,0,0,0,0,0
2022-12-15 12:59:00,0,0,0,0,0
2022-12-15 13:00:00,0,0,0,0,0
2022-12-15 13:01:00,0,0,0,0,0
2022-12-15 13:02:00,0,0,0,0,0
2022-12-15 13:03:00,0,0,0,0,0
2022-12-15 13:04:00,0,0,0,0,0
2022-12-15 13:05:00,0,0,0,0,0
2022-12-15 13:06:00,0,0,0,0,0
2022-12-15 13:07:00,0,0,0,0,0
2022-12-15 13:08:00,0,0,0,0,0
2022-12-15 13:09:00,0,0,0,0,0
2022-12-15 13:10:00,0,0,0,0,0
2022-12-15 13:11:00,0,0,0,0,0
2022-12-15 13:12:00,0,0,0,0,0
2022-12-15 13:13:00,0,0,0,0,0
2022-12-15 13:14:00,0,0,0,0,0
2022-12-15 13:15:00,0,0,0,0,0
2022-12-15 13:16:00,0,0,0,0,0
2022-12-15 13:17:00,0,0,0,0,0
2022-12-15 13:18:00,0,0,0,0,0
2022-12-15 13:19:00,0,0,0,0,0
2022-12-15 13:20:00,0,0,0,0,0
2022-12-15 13:21:00,0,0,0,0,0
2022-12-15 13:22:00,0,0,0,0,0
2022-12-15 13:23:00,0,0,0,0,0
2022-12-15 13:24:00,0,0,0,0,0
2022-12-15 13:25:00,0,0,0,0,0
2022-12-15 13:26:00,0,0,0,0,0
2022-12-15 13:27:00,0,0,0,0,0
2022-12-15 13:28:00,0,0,0,0,0
2022-12-15 13:29:00,0,0,0,0,0
2022-12-15 13:30:00,820,820,820,820,1800
2022-12-15 13:31:00,0,0,0,0,0
2022-12-15 13:32:00,0,0,0,0,0
2022-12-15 13:33:00,0,0,0,0,0
2022-12-15 13:34:00,820,820,820,820,10400
2022-12-15 13:35:00,0,0,0,0,0
2022-12-15 13:36:00,0,0,0,0,0
2022-12-15 13:37:00,0,0,0,0,0
2022-12-15 13:38:00,0,0,0,0,0
2022-12-15 13:39:00,0,0,0,0,0
2022-12-15 13:40:00,0,0,0,0,0
2022-12-15 13:41:00,0,0,0,0,0
2022-12-15 13:42:00,0,0,0,0,0
2022-12-15 13:43:00,0,0,0,0,0
2022-12-15 13:44:00,0,0,0,0,0
2022-12-15 13:45:00,0,0,0,0,0
2022-12-15 13:46:00,820,820,820,820,200
2022-12-15 13:47:00,0,0,0,0,0
2022-12-15 13:48:00,0,0,0,0,0
2022-12-15 13:49:00,0,0,0,0,0
2022-12-15 13:50:00,0,0,0,0,0
2022-12-15 13:51:00,815,815,815,815,200
2022-12-15 13:52:00,0,0,0,0,0
2022-12-15 13:53:00,0,0,0,0,0
2022-12-15 13:54:00,0,0,0,0,0
2022-12-15 13:55:00,0,0,0,0,0
2022-12-15 13:56:00,0,0,0,0,0
2022-12-15 13:57:00,815,815,815,815,300
2022-12-15 13:58:00,0,0,0,0,0
2022-12-15 13:59:00,0,0,0,0,0
2022-12-15 14:00:00,0,0,0,0,0
2022-12-15 14:01:00,0,0,0,0,0
2022-12-15 14:02:00,0,0,0,0,0
2022-12-15 14:03:00,0,0,0,0,0
2022-12-15 14:04:00,0,0,0,0,0
2022-12-15 14:05:00,0,0,0,0,0
2022-12-15 14:06:00,0,0,0,0,0
2022-12-15 14:07:00,0,0,0,0,0
2022-12-15 14:08:00,0,0,0,0,0
2022-12-15 14:09:00,0,0,0,0,0
2022-12-15 14:10:00,0,0,0,0,0
2022-12-15 14:11:00,0,0,0,0,0
2022-12-15 14:12:00,0,0,0,0,0
2022-12-15 14:13:00,0,0,0,0,0
2022-12-15 14:14:00,0,0,0,0,0
2022-12-15 14:15:00,0,0,0,0,0
2022-12-15 14:16:00,0,0,0,0,0
2022-12-15 14:17:00,0,0,0,0,0
2022-12-15 14:18:00,0,0,0,0,0
2022-12-15 14:19:00,0,0,0,0,0
2022-12-15 14:20:00,0,0,0,0,0
2022-12-15 14:21:00,0,0,0,0,0
2022-12-15 14:22:00,0,0,0,0,0
2022-12-15 14:23:00,815,815,815,815,2000
2022-12-15 14:24:00,0,0,0,0,0
2022-12-15 14:25:00,0,0,0,0,0
2022-12-15 14:26:00,0,0,0,0,0
2022-12-15 14:27:00,0,0,0,0,0
2022-12-15 14:28:00,0,0,0,0,0
2022-12-15 14:29:00,0,0,0,0,0
2022-12-15 14:30:00,0,0,0,0,0
2022-12-15 14:31:00,0,0,0,0,0
2022-12-15 14:32:00,0,0,0,0,0
2022-12-15 14:33:00,0,0,0,0,0
2022-12-15 14:34:00,0,0,0,0,0
2022-12-15 14:35:00,0,0,0,0,0
2022-12-15 14:36:00,0,0,0,0,0
2022-12-15 14:37:00,820,820,820,820,600
2022-12-15 14:38:00,0,0,0,0,0
2022-12-15 14:39:00,0,0,0,0,0
2022-12-15 14:40:00,0,0,0,0,0
2022-12-15 14:41:00,0,0,0,0,0
2022-12-15 14:42:00,0,0,0,0,0
2022-12-15 14:43:00,0,0,0,0,0
2022-12-15 14:44:00,0,0,0,0,0
2022-12-15 14:45:00,0,0,0,0,0
2022-12-15 14:46:00,0,0,0,0,0
2022-12-15 14:47:00,0,0,0,0,0
2022-12-15 14:48:00,820,820,820,820,3500
2022-12-15 14:49:00,0,0,0,0,0
2022-12-15 14:50:00,0,0,0,0,0
2022-12-15 14:51:00,0,0,0,0,0
2022-12-15 14:52:00,0,0,0,0,0
2022-12-15 14:53:00,0,0,0,0,0
2022-12-15 14:54:00,0,0,0,0,0
2022-12-15 14:55:00,0,0,0,0,0
2022-12-15 14:56:00,0,0,0,0,0
2022-12-15 14:57:00,0,0,0,0,0
2022-12-15 14:58:00,0,0,0,0,0
2022-12-15 14:59:00,0,0,0,0,0
2022-12-15 15:00:00,825,825,825,825,3000
2022-12-15 15:01:00,825,825,825,825,25900
2022-12-15 15:02:00,0,0,0,0,0
2022-12-15 15:03:00,0,0,0,0,0
2022-12-15 15:04:00,0,0,0,0,0
2022-12-15 15:05:00,0,0,0,0,0
2022-12-15 15:06:00,0,0,0,0,0
2022-12-15 15:07:00,0,0,0,0,0
2022-12-15 15:08:00,0,0,0,0,0
2022-12-15 15:09:00,0,0,0,0,0
2022-12-15 15:10:00,0,0,0,0,0
2022-12-15 15:11:00,0,0,0,0,0
2022-12-15 15:12:00,0,0,0,0,0
2022-12-15 15:13:00,0,0,0,0,0
2022-12-15 15:14:00,0,0,0,0,0
2022-12-15 15:15:00,0,0,0,0,0
2022-12-15 15:16:00,0,0,0,0,0
2022-12-15 15:17:00,0,0,0,0,0
2022-12-15 15:18:00,0,0,0,0,0
2022-12-15 15:19:00,0,0,0,0,0
2022-12-15 15:20:00,0,0,0,0,0
2022-12-15 15:21:00,0,0,0,0,0
2022-12-15 15:22:00,0,0,0,0,0
2022-12-15 15:23:00,0,0,0,0,0
2022-12-15 15:24:00,0,0,0,0,0
2022-12-15 15:25:00,0,0,0,0,0
2022-12-15 15:26:00,0,0,0,0,0
2022-12-15 15:27:00,0,0,0,0,0
2022-12-15 15:28:00,0,0,0,0,0
2022-12-15 15:29:00,0,0,0,0,0
2022-12-15 15:30:00,0,0,0,0,0
2022-12-15 15:31:00,0,0,0,0,0
2022-12-15 15:32:00,0,0,0,0,0
2022-12-15 15:33:00,0,0,0,0,0
2022-12-15 15:34:00,0,0,0,0,0
2022-12-15 15:35:00,0,0,0,0,0
2022-12-15 15:36:00,0,0,0,0,0
2022-12-15 15:37:00,0,0,0,0,0
2022-12-15 15:38:00,0,0,0,0,0
2022-12-15 15:39:00,0,0,0,0,0
2022-12-15 15:40:00,0,0,0,0,0
2022-12-15 15:41:00,0,0,0,0,0
2022-12-15 15:42:00,0,0,0,0,0
2022-12-15 15:43:00,0,0,0,0,0
2022-12-15 15:44:00,0,0,0,0,0
2022-12-15 15:45:00,0,0,0,0,0
2022-12-15 15:46:00,0,0,0,0,0
2022-12-15 15:47:00,0,0,0,0,0
2022-12-15 15:48:00,0,0,0,0,0
2022-12-15 15:49:00,0,0,0,0,0
2022-12-15 15:50:00,0,0,0,0,0
2022-12-15 15:51:00,0,0,0,0,0
2022-12-15 15:52:00,0,0,0,0,0
2022-12-15 15:53:00,0,0,0,0,0
2022-12-15 15:54:00,0,0,0,0,0
2022-12-15 15:55:00,0,0,0,0,0
2022-12-15 15:56:00,0,0,0,0,0
2022-12-15 15:57:00,0,0,0,0,0
2022-12-15 15:58:00,0,0,0,0,0
2022-12-15 15:59:00,0,0,0,0,0
2022-12-16 09:00:00,0,0,0,0,0
2022-12-16 09:01:00,0,0,0,0,0
2022-12-16 09:02:00,0,0,0,0,0
2022-12-16 09:03:00,0,0,0,0,0
2022-12-16 09:04:00,815,775,815,775,0
2022-12-16 09:05:00,0,0,0,0,0
2022-12-16 09:06:00,800,800,800,800,1500
2022-12-16 09:07:00,0,0,0,0,0
2022-12-16 09:08:00,0,0,0,0,0
2022-12-16 09:09:00,0,0,0,0,0
2022-12-16 09:10:00,0,0,0,0,0
2022-12-16 09:11:00,0,0,0,0,0
2022-12-16 09:12:00,0,0,0,0,0
2022-12-16 09:13:00,0,0,0,0,0
2022-12-16 09:14:00,0,0,0,0,0
2022-12-16 09:15:00,0,0,0,0,0
2022-12-16 09:16:00,0,0,0,0,0
2022-12-16 09:17:00,0,0,0,0,0
2022-12-16 09:18:00,0,0,0,0,0
2022-12-16 09:19:00,0,0,0,0,0
2022-12-16 09:20:00,0,0,0,0,0
2022-12-16 09:21:00,0,0,0,0,0
2022-12-16 09:22:00,0,0,0,0,0
2022-12-16 09:23:00,0,0,0,0,0
2022-12-16 09:24:00,0,0,0,0,0
2022-12-16 09:25:00,0,0,0,0,0
2022-12-16 09:26:00,0,0,0,0,0
2022-12-16 09:27:00,0,0,0,0,0
2022-12-16 09:28:00,0,0,0,0,0
2022-12-16 09:29:00,0,0,0,0,0
2022-12-16 09:30:00,0,0,0,0,0
2022-12-16 09:31:00,0,0,0,0,0
2022-12-16 09:32:00,0,0,0,0,0
2022-12-16 09:33:00,0,0,0,0,0
2022-12-16 09:34:00,0,0,0,0,0
2022-12-16 09:35:00,0,0,0,0,0
2022-12-16 09:36:00,0,0,0,0,0
2022-12-16 09:37:00,825,825,825,825,600
2022-12-16 09:38:00,825,825,825,825,300
2022-12-16 09:39:00,0,0,0,0,0
2022-12-16 09:40:00,0,0,0,0,0
2022-12-16 09:41:00,0,0,0,0,0
2022-12-16 09:42:00,0,0,0,0,0
2022-12-16 09:43:00,0,0,0,0,0
2022-12-16 09:44:00,0,0,0,0,0
2022-12-16 09:45:00,0,0,0,0,0
2022-12-16 09:46:00,0,0,0,0,0
2022-12-16 09:47:00,0,0,0,0,0
2022-12-16 09:48:00,0,0,0,0,0
2022-12-16 09:49:00,0,0,0,0,0
2022-12-16 09:50:00,0,0,0,0,0
2022-12-16 09:51:00,0,0,0,0,0
2022-12-16 09:52:00,825,825,825,825,2900
2022-12-16 09:53:00,0,0,0,0,0
2022-12-16 09:54:00,0,0,0,0,0
2022-12-16 09:55:00,0,0,0,0,0
2022-12-16 09:56:00,0,0,0,0,0
2022-12-16 09:57:00,0,0,0,0,0
2022-12-16 09:58:00,0,0,0,0,0
2022-12-16 09:59:00,0,0,0,0,0
2022-12-16 10:00:00,0,0,0,0,0
2022-12-16 10:01:00,0,0,0,0,0
2022-12-16 10:02:00,0,0,0,0,0
2022-12-16 10:03:00,0,0,0,0,0
2022-12-16 10:04:00,0,0,0,0,0
2022-12-16 10:05:00,0,0,0,0,0
2022-12-16 10:06:00,0,0,0,0,0
2022-12-16 10:07:00,0,0,0,0,0
2022-12-16 10:08:00,0,0,0,0,0
2022-12-16 10:09:00,0,0,0,0,0
2022-12-16 10:10:00,0,0,0,0,0
2022-12-16 10:11:00,0,0,0,0,0
2022-12-16 10:12:00,0,0,0,0,0
2022-12-16 10:13:00,0,0,0,0,0
2022-12-16 10:14:00,0,0,0,0,0
2022-12-16 10:15:00,0,0,0,0,0
2022-12-16 10:16:00,0,0,0,0,0
2022-12-16 10:17:00,0,0,0,0,0
2022-12-16 10:18:00,0,0,0,0,0
2022-12-16 10:19:00,0,0,0,0,0
2022-12-16 10:20:00,0,0,0,0,0
2022-12-16 10:21:00,0,0,0,0,0
2022-12-16 10:22:00,0,0,0,0,0
2022-12-16 10:23:00,0,0,0,0,0
2022-12-16 10:24:00,0,0,0,0,0
2022-12-16 10:25:00,0,0,0,0,0
2022-12-16 10:26:00,0,0,0,0,0
2022-12-16 10:27:00,0,0,0,0,0
2022-12-16 10:28:00,0,0,0,0,0
2022-12-16 10:29:00,825,825,825,825,100
2022-12-16 10:30:00,0,0,0,0,0
2022-12-16 10:31:00,0,0,0,0,0
2022-12-16 10:32:00,0,0,0,0,0
2022-12-16 10:33:00,0,0,0,0,0
2022-12-16 10:34:00,0,0,0,0,0
2022-12-16 10:35:00,0,0,0,0,0
2022-12-16 10:36:00,0,0,0,0,0
2022-12-16 10:37:00,0,0,0,0,0
2022-12-16 10:38:00,0,0,0,0,0
2022-12-16 10:39:00,0,0,0,0,0
2022-12-16 10:40:00,0,0,0,0,0
2022-12-16 10:41:00,0,0,0,0,0
2022-12-16 10:42:00,0,0,0,0,0
2022-12-16 10:43:00,0,0,0,0,0
2022-12-16 10:44:00,0,0,0,0,0
2022-12-16 10:45:00,0,0,0,0,0
2022-12-16 10:46:00,0,0,0,0,0
2022-12-16 10:47:00,0,0,0,0,0
2022-12-16 10:48:00,0,0,0,0,0
2022-12-16 10:49:00,0,0,0,0,0
2022-12-16 10:50:00,0,0,0,0,0
2022-12-16 10:51:00,0,0,0,0,0
2022-12-16 10:52:00,0,0,0,0,0
2022-12-16 10:53:00,0,0,0,0,0
2022-12-16 10:54:00,0,0,0,0,0
2022-12-16 10:55:00,0,0,0,0,0
2022-12-16 10:56:00,0,0,0,0,0
2022-12-16 10:57:00,0,0,0,0,0
2022-12-16 10:58:00,0,0,0,0,0
2022-12-16 10:59:00,0,0,0,0,0
2022-12-16 11:00:00,0,0,0,0,0
2022-12-16 11:01:00,0,0,0,0,0
2022-12-16 11:02:00,0,0,0,0,0
2022-12-16 11:03:00,0,0,0,0,0
2022-12-16 11:04:00,0,0,0,0,0
2022-12-16 11:05:00,0,0,0,0,0
2022-12-16 11:06:00,0,0,0,0,0
2022-12-16 11:07:00,0,0,0,0,0
2022-12-16 11:08:00,0,0,0,0,0
2022-12-16 11:09:00,0,0,0,0,0
2022-12-16 11:10:00,0,0,0,0,0
2022-12-16 11:11:00,0,0,0,0,0
2022-12-16 11:12:00,0,0,0,0,0
2022-12-16 11:13:00,0,0,0,0,0
2022-12-16 11:14:00,0,0,0,0,0
2022-12-16 11:15:00,0,0,0,0,0
2022-12-16 11:16:00,0,0,0,0,0
2022-12-16 11:17:00,0,0,0,0,0
2022-12-16 11:18:00,0,0,0,0,0
2022-12-16 11:19:00,0,0,0,0,0
2022-12-16 11:20:00,0,0,0,0,0
2022-12-16 11:21:00,0,0,0,0,0
2022-12-16 11:22:00,0,0,0,0,0
2022-12-16 11:23:00,0,0,0,0,0
2022-12-16 11:24:00,0,0,0,0,0
2022-12-16 11:25:00,0,0,0,0,0
2022-12-16 11:26:00,0,0,0,0,0
2022-12-16 11:27:00,0,0,0,0,0
2022-12-16 11:28:00,0,0,0,0,0
2022-12-16 11:29:00,0,0,0,0,0
2022-12-16 11:30:00,0,0,0,0,0
2022-12-16 11:31:00,0,0,0,0,0
2022-12-16 11:32:00,0,0,0,0,0
2022-12-16 11:33:00,0,0,0,0,0
2022-12-16 11:34:00,0,0,0,0,0
2022-12-16 11:35:00,0,0,0,0,0
2022-12-16 11:36:00,0,0,0,0,0
2022-12-16 11:37:00,0,0,0,0,0
2022-12-16 11:38:00,0,0,0,0,0
2022-12-16 11:39:00,0,0,0,0,0
2022-12-16 11:40:00,0,0,0,0,0
2022-12-16 11:41:00,0,0,0,0,0
2022-12-16 11:42:00,0,0,0,0,0
2022-12-16 11:43:00,0,0,0,0,0
2022-12-16 11:44:00,0,0,0,0,0
2022-12-16 11:45:00,0,0,0,0,0
2022-12-16 11:46:00,0,0,0,0,0
2022-12-16 11:47:00,0,0,0,0,0
2022-12-16 11:48:00,0,0,0,0,0
2022-12-16 11:49:00,0,0,0,0,0
2022-12-16 11:50:00,0,0,0,0,0
2022-12-16 11:51:00,0,0,0,0,0
2022-12-16 11:52:00,0,0,0,0,0
2022-12-16 11:53:00,0,0,0,0,0
2022-12-16 11:54:00,0,0,0,0,0
2022-12-16 11:55:00,0,0,0,0,0
2022-12-16 11:56:00,0,0,0,0,0
2022-12-16 11:57:00,0,0,0,0,0
2022-12-16 11:58:00,0,0,0,0,0
2022-12-16 11:59:00,0,0,0,0,0
2022-12-16 12:00:00,0,0,0,0,0
2022-12-16 12:01:00,0,0,0,0,0
2022-12-16 12:02:00,0,0,0,0,0
2022-12-16 12:03:00,0,0,0,0,0
2022-12-16 12:04:00,0,0,0,0,0
2022-12-16 12:05:00,0,0,0,0,0
2022-12-16 12:06:00,0,0,0,0,0
2022-12-16 12:07:00,0,0,0,0,0
2022-12-16 12:08:00,0,0,0,0,0
2022-12-16 12:09:00,0,0,0,0,0
2022-12-16 12:10:00,0,0,0,0,0
2022-12-16 12:11:00,0,0,0,0,0
2022-12-16 12:12:00,0,0,0,0,0
2022-12-16 12:13:00,0,0,0,0,0
2022-12-16 12:14:00,0,0,0,0,0
2022-12-16 12:15:00,0,0,0,0,0
2022-12-16 12:16:00,0,0,0,0,0
2022-12-16 12:17:00,0,0,0,0,0
2022-12-16 12:18:00,0,0,0,0,0
2022-12-16 12:19:00,0,0,0,0,0
2022-12-16 12:20:00,0,0,0,0,0
2022-12-16 12:21:00,0,0,0,0,0
2022-12-16 12:22:00,0,0,0,0,0
2022-12-16 12:23:00,0,0,0,0,0
2022-12-16 12:24:00,0,0,0,0,0
2022-12-16 12:25:00,0,0,0,0,0
2022-12-16 12:26:00,0,0,0,0,0
2022-12-16 12:27:00,0,0,0,0,0
2022-12-16 12:28:00,0,0,0,0,0
2022-12-16 12:29:00,0,0,0,0,0
2022-12-16 12:30:00,0,0,0,0,0
2022-12-16 12:31:00,0,0,0,0,0
2022-12-16 12:32:00,0,0,0,0,0
2022-12-16 12:33:00,0,0,0,0,0
2022-12-16 12:34:00,0,0,0,0,0
2022-12-16 12:35:00,0,0,0,0,0
2022-12-16 12:36:00,0,0,0,0,0
2022-12-16 12:37:00,0,0,0,0,0
2022-12-16 12:38:00,0,0,0,0,0
2022-12-16 12:39:00,0,0,0,0,0
2022-12-16 12:40:00,0,0,0,0,0
2022-12-16 12:41:00,0,0,0,0,0
2022-12-16 12:42:00,0,0,0,0,0
2022-12-16 12:43:00,0,0,0,0,0
2022-12-16 12:44:00,0,0,0,0,0
2022-12-16 12:45:00,0,0,0,0,0
2022-12-16 12:46:00,0,0,0,0,0
2022-12-16 12:47:00,0,0,0,0,0
2022-12-16 12:48:00,0,0,0,0,0
2022-12-16 12:49:00,0,0,0,0,0
2022-12-16 12:50:00,0,0,0,0,0
2022-12-16 12:51:00,0,0,0,0,0
2022-12-16 12:52:00,0,0,0,0,0
2022-12-16 12:53:00,0,0,0,0,0
2022-12-16 12:54:00,0,0,0,0,0
2022-12-16 12:55:00,0,0,0,0,0
2022-12-16 12:56:00,0,0,0,0,0
2022-12-16 12:57:00,0,0,0,0,0
2022-12-16 12:58:00,0,0,0,0,0
2022-12-16 12:59:00,0,0,0,0,0
2022-12-16 13:00:00,0,0,0,0,0
2022-12-16 13:01:00,0,0,0,0,0
2022-12-16 13:02:00,0,0,0,0,0
2022-12-16 13:03:00,0,0,0,0,0
2022-12-16 13:04:00,0,0,0,0,0
2022-12-16 13:05:00,0,0,0,0,0
2022-12-16 13:06:00,0,0,0,0,0
2022-12-16 13:07:00,0,0,0,0,0
2022-12-16 13:08:00,0,0,0,0,0
2022-12-16 13:09:00,0,0,0,0,0
2022-12-16 13:10:00,0,0,0,0,0
2022-12-16 13:11:00,0,0,0,0,0
2022-12-16 13:12:00,0,0,0,0,0
2022-12-16 13:13:00,0,0,0,0,0
2022-12-16 13:14:00,0,0,0,0,0
2022-12-16 13:15:00,0,0,0,0,0
2022-12-16 13:16:00,0,0,0,0,0
2022-12-16 13:17:00,0,0,0,0,0
2022-12-16 13:18:00,0,0,0,0,0
2022-12-16 13:19:00,0,0,0,0,0
2022-12-16 13:20:00,0,0,0,0,0
2022-12-16 13:21:00,0,0,0,0,0
2022-12-16 13:22:00,0,0,0,0,0
2022-12-16 13:23:00,0,0,0,0,0
2022-12-16 13:24:00,0,0,0,0,0
2022-12-16 13:25:00,0,0,0,0,0
2022-12-16 13:26:00,0,0,0,0,0
2022-12-16 13:27:00,0,0,0,0,0
2022-12-16 13:28:00,0,0,0,0,0
2022-12-16 13:29:00,0,0,0,0,0
2022-12-16 13:30:00,0,0,0,0,0
2022-12-16 13:31:00,0,0,0,0,0
2022-12-16 13:32:00,0,0,0,0,0
2022-12-16 13:33:00,0,0,0,0,0
2022-12-16 13:34:00,0,0,0,0,0
2022-12-16 13:35:00,0,0,0,0,0
2022-12-16 13:36:00,0,0,0,0,0
2022-12-16 13:37:00,0,0,0,0,0
2022-12-16 13:38:00,0,0,0,0,0
2022-12-16 13:39:00,0,0,0,0,0
2022-12-16 13:40:00,0,0,0,0,0
2022-12-16 13:41:00,0,0,0,0,0
2022-12-16 13:42:00,0,0,0,0,0
2022-12-16 13:43:00,0,0,0,0,0
2022-12-16 13:44:00,0,0,0,0,0
2022-12-16 13:45:00,0,0,0,0,0
2022-12-16 13:46:00,0,0,0,0,0
2022-12-16 13:47:00,0,0,0,0,0
2022-12-16 13:48:00,0,0,0,0,0
2022-12-16 13:49:00,0,0,0,0,0
2022-12-16 13:50:00,0,0,0,0,0
2022-12-16 13:51:00,810,810,810,810,300
2022-12-16 13:52:00,0,0,0,0,0
2022-12-16 13:53:00,0,0,0,0,0
2022-12-16 13:54:00,0,0,0,0,0
2022-12-16 13:55:00,0,0,0,0,0
2022-12-16 13:56:00,0,0,0,0,0
2022-12-16 13:57:00,0,0,0,0,0
2022-12-16 13:58:00,0,0,0,0,0
2022-12-16 13:59:00,810,810,810,810,300
2022-12-16 14:00:00,0,0,0,0,0
2022-12-16 14:01:00,0,0,0,0,0
2022-12-16 14:02:00,0,0,0,0,0
2022-12-16 14:03:00,0,0,0,0,0
2022-12-16 14:04:00,0,0,0,0,0
2022-12-16 14:05:00,810,810,810,810,4000
2022-12-16 14:06:00,0,0,0,0,0
2022-12-16 14:07:00,0,0,0,0,0
2022-12-16 14:08:00,805,805,805,805,14000
2022-12-16 14:09:00,0,0,0,0,0
2022-12-16 14:10:00,0,0,0,0,0
2022-12-16 14:11:00,0,0,0,0,0
2022-12-16 14:12:00,0,0,0,0,0
2022-12-16 14:13:00,0,0,0,0,0
2022-12-16 14:14:00,0,0,0,0,0
2022-12-16 14:15:00,0,0,0,0,0
2022-12-16 14:16:00,0,0,0,0,0
2022-12-16 14:17:00,0,0,0,0,0
2022-12-16 14:18:00,0,0,0,0,0
2022-12-16 14:19:00,0,0,0,0,0
2022-12-16 14:20:00,0,0,0,0,0
2022-12-16 14:21:00,0,0,0,0,0
2022-12-16 14:22:00,0,0,0,0,0
2022-12-16 14:23:00,0,0,0,0,0
2022-12-16 14:24:00,0,0,0,0,0
2022-12-16 14:25:00,0,0,0,0,0
2022-12-16 14:26:00,0,0,0,0,0
2022-12-16 14:27:00,810,805,810,805,3800
2022-12-16 14:28:00,0,0,0,0,0
2022-12-16 14:29:00,0,0,0,0,0
2022-12-16 14:30:00,0,0,0,0,0
2022-12-16 14:31:00,0,0,0,0,0
2022-12-16 14:32:00,0,0,0,0,0
2022-12-16 14:33:00,0,0,0,0,0
2022-12-16 14:34:00,0,0,0,0,0
2022-12-16 14:35:00,820,820,825,825,0
2022-12-16 14:36:00,0,0,0,0,0
2022-12-16 14:37:00,0,0,0,0,0
2022-12-16 14:38:00,0,0,0,0,0
2022-12-16 14:39:00,0,0,0,0,0
2022-12-16 14:40:00,0,0,0,0,0
2022-12-16 14:41:00,0,0,0,0,0
2022-12-16 14:42:00,0,0,0,0,0
2022-12-16 14:43:00,0,0,0,0,0
2022-12-16 14:44:00,0,0,0,0,0
2022-12-16 14:45:00,0,0,0,0,0
2022-12-16 14:46:00,0,0,0,0,0
2022-12-16 14:47:00,0,0,0,0,0
2022-12-16 14:48:00,0,0,0,0,0
2022-12-16 14:49:00,0,0,0,0,0
2022-12-16 14:50:00,0,0,0,0,0
2022-12-16 14:51:00,0,0,0,0,0
2022-12-16 14:52:00,0,0,0,0,0
2022-12-16 14:53:00,0,0,0,0,0
2022-12-16 14:54:00,0,0,0,0,0
2022-12-16 14:55:00,0,0,0,0,0
2022-12-16 14:56:00,0,0,0,0,0
2022-12-16 14:57:00,0,0,0,0,0
2022-12-16 14:58:00,0,0,0,0,0
2022-12-16 14:59:00,0,0,0,0,0
2022-12-16 15:00:00,825,825,825,825,30700
2022-12-16 15:01:00,0,0,0,0,0
2022-12-16 15:02:00,0,0,0,0,0
2022-12-16 15:03:00,0,0,0,0,0
2022-12-16 15:04:00,0,0,0,0,0
2022-12-16 15:05:00,0,0,0,0,0
2022-12-16 15:06:00,0,0,0,0,0
2022-12-16 15:07:00,0,0,0,0,0
2022-12-16 15:08:00,0,0,0,0,0
2022-12-16 15:09:00,0,0,0,0,0
2022-12-16 15:10:00,0,0,0,0,0
2022-12-16 15:11:00,0,0,0,0,0
2022-12-16 15:12:00,0,0,0,0,0
2022-12-16 15:13:00,0,0,0,0,0
2022-12-16 15:14:00,0,0,0,0,0
2022-12-16 15:15:00,0,0,0,0,0
2022-12-16 15:16:00,0,0,0,0,0
2022-12-16 15:17:00,0,0,0,0,0
2022-12-16 15:18:00,0,0,0,0,0
2022-12-16 15:19:00,0,0,0,0,0
2022-12-16 15:20:00,0,0,0,0,0
2022-12-16 15:21:00,0,0,0,0,0
2022-12-16 15:22:00,0,0,0,0,0
2022-12-16 15:23:00,0,0,0,0,0
2022-12-16 15:24:00,0,0,0,0,0
2022-12-16 15:25:00,0,0,0,0,0
2022-12-16 15:26:00,0,0,0,0,0
2022-12-16 15:27:00,0,0,0,0,0
2022-12-16 15:28:00,0,0,0,0,0
2022-12-16 15:29:00,0,0,0,0,0
2022-12-16 15:30:00,0,0,0,0,0
2022-12-16 15:31:00,0,0,0,0,0
2022-12-16 15:32:00,0,0,0,0,0
2022-12-16 15:33:00,0,0,0,0,0
2022-12-16 15:34:00,0,0,0,0,0
2022-12-16 15:35:00,0,0,0,0,0
2022-12-16 15:36:00,0,0,0,0,0
2022-12-16 15:37:00,0,0,0,0,0
2022-12-16 15:38:00,0,0,0,0,0
2022-12-16 15:39:00,0,0,0,0,0
2022-12-16 15:40:00,0,0,0,0,0
2022-12-16 15:41:00,0,0,0,0,0
2022-12-16 15:42:00,0,0,0,0,0
2022-12-16 15:43:00,0,0,0,0,0
2022-12-16 15:44:00,0,0,0,0,0
2022-12-16 15:45:00,0,0,0,0,0
2022-12-16 15:46:00,0,0,0,0,0
2022-12-16 15:47:00,0,0,0,0,0
2022-12-16 15:48:00,0,0,0,0,0
2022-12-16 15:49:00,0,0,0,0,0
2022-12-16 15:50:00,0,0,0,0,0
2022-12-16 15:51:00,0,0,0,0,0
2022-12-16 15:52:00,0,0,0,0,0
2022-12-16 15:53:00,0,0,0,0,0
2022-12-16 15:54:00,0,0,0,0,0
2022-12-16 15:55:00,0,0,0,0,0
2022-12-16 15:56:00,0,0,0,0,0
2022-12-16 15:57:00,0,0,0,0,0
2022-12-16 15:58:00,0,0,0,0,0
2022-12-16 15:59:00,0,0,0,0,0
2022-12-19 09:00:00,0,0,0,0,0
2022-12-19 09:01:00,0,0,0,0,0
2022-12-19 09:02:00,0,0,0,0,0
2022-12-19 09:03:00,0,0,0,0,0
2022-12-19 09:04:00,0,0,0,0,0
2022-12-19 09:05:00,0,0,0,0,0
2022-12-19 09:06:00,0,0,0,0,0
2022-12-19 09:07:00,0,0,0,0,0
2022-12-19 09:08:00,0,0,0,0,0
2022-12-19 09:09:00,0,0,0,0,0
2022-12-19 09:10:00,0,0,0,0,0
2022-12-19 09:11:00,0,0,0,0,0
2022-12-19 09:12:00,0,0,0,0,0
2022-12-19 09:13:00,0,0,0,0,0
2022-12-19 09:14:00,0,0,0,0,0
2022-12-19 09:15:00,0,0,0,0,0
2022-12-19 09:16:00,0,0,0,0,0
2022-12-19 09:17:00,0,0,0,0,0
2022-12-19 09:18:00,0,0,0,0,0
2022-12-19 09:19:00,0,0,0,0,0
2022-12-19 09:20:00,0,0,0,0,0
2022-12-19 09:21:00,0,0,0,0,0
2022-12-19 09:22:00,0,0,0,0,0
2022-12-19 09:23:00,0,0,0,0,0
2022-12-19 09:24:00,0,0,0,0,0
2022-12-19 09:25:00,0,0,0,0,0
2022-12-19 09:26:00,0,0,0,0,0
2022-12-19 09:27:00,0,0,0,0,0
2022-12-19 09:28:00,0,0,0,0,0
2022-12-19 09:29:00,0,0,0,0,0
2022-12-19 09:30:00,0,0,0,0,0
2022-12-19 09:31:00,0,0,0,0,0
2022-12-19 09:32:00,0,0,0,0,0
2022-12-19 09:33:00,0,0,0,0,0
2022-12-19 09:34:00,0,0,0,0,0
2022-12-19 09:35:00,0,0,0,0,0
2022-12-19 09:36:00,0,0,0,0,0
2022-12-19 09:37:00,0,0,0,0,0
2022-12-19 09:38:00,0,0,0,0,0
2022-12-19 09:39:00,0,0,0,0,0
2022-12-19 09:40:00,810,810,810,810,0
2022-12-19 09:41:00,0,0,0,0,0
2022-12-19 09:42:00,0,0,0,0,0
2022-12-19 09:43:00,0,0,0,0,0
2022-12-19 09:44:00,0,0,0,0,0
2022-12-19 09:45:00,0,0,0,0,0
2022-12-19 09:46:00,0,0,0,0,0
2022-12-19 09:47:00,0,0,0,0,0
2022-12-19 09:48:00,0,0,0,0,0
2022-12-19 09:49:00,0,0,0,0,0
2022-12-19 09:50:00,0,0,0,0,0
2022-12-19 09:51:00,0,0,0,0,0
2022-12-19 09:52:00,0,0,0,0,0
2022-12-19 09:53:00,0,0,0,0,0
2022-12-19 09:54:00,0,0,0,0,0
2022-12-19 09:55:00,0,0,0,0,0
2022-12-19 09:56:00,0,0,0,0,0
2022-12-19 09:57:00,0,0,0,0,0
2022-12-19 09:58:00,0,0,0,0,0
2022-12-19 09:59:00,0,0,0,0,0
2022-12-19 10:00:00,0,0,0,0,0
2022-12-19 10:01:00,0,0,0,0,0
2022-12-19 10:02:00,0,0,0,0,0
2022-12-19 10:03:00,0,0,0,0,0
2022-12-19 10:04:00,0,0,0,0,0
2022-12-19 10:05:00,0,0,0,0,0
2022-12-19 10:06:00,0,0,0,0,0
2022-12-19 10:07:00,0,0,0,0,0
2022-12-19 10:08:00,0,0,0,0,0
2022-12-19 10:09:00,0,0,0,0,0
2022-12-19 10:10:00,0,0,0,0,0
2022-12-19 10:11:00,0,0,0,0,0
2022-12-19 10:12:00,0,0,0,0,0
2022-12-19 10:13:00,0,0,0,0,0
2022-12-19 10:14:00,0,0,0,0,0
2022-12-19 10:15:00,0,0,0,0,0
2022-12-19 10:16:00,0,0,0,0,0
2022-12-19 10:17:00,0,0,0,0,0
2022-12-19 10:18:00,0,0,0,0,0
2022-12-19 10:19:00,0,0,0,0,0
2022-12-19 10:20:00,0,0,0,0,0
2022-12-19 10:21:00,0,0,0,0,0
2022-12-19 10:22:00,0,0,0,0,0
2022-12-19 10:23:00,0,0,0,0,0
2022-12-19 10:24:00,0,0,0,0,0
2022-12-19 10:25:00,0,0,0,0,0
2022-12-19 10:26:00,0,0,0,0,0
2022-12-19 10:27:00,0,0,0,0,0
2022-12-19 10:28:00,0,0,0,0,0
2022-12-19 10:29:00,0,0,0,0,0
2022-12-19 10:30:00,0,0,0,0,0
2022-12-19 10:31:00,0,0,0,0,0
2022-12-19 10:32:00,0,0,0,0,0
2022-12-19 10:33:00,0,0,0,0,0
2022-12-19 10:34:00,0,0,0,0,0
2022-12-19 10:35:00,0,0,0,0,0
2022-12-19 10:36:00,0,0,0,0,0
2022-12-19 10:37:00,0,0,0,0,0
2022-12-19 10:38:00,0,0,0,0,0
2022-12-19 10:39:00,0,0,0,0,0
2022-12-19 10:40:00,0,0,0,0,0
2022-12-19 10:41:00,0,0,0,0,0
2022-12-19 10:42:00,0,0,0,0,0
2022-12-19 10:43:00,0,0,0,0,0
2022-12-19 10:44:00,0,0,0,0,0
2022-12-19 10:45:00,0,0,0,0,0
2022-12-19 10:46:00,0,0,0,0,0
2022-12-19 10:47:00,0,0,0,0,0
2022-12-19 10:48:00,0,0,0,0,0
2022-12-19 10:49:00,0,0,0,0,0
2022-12-19 10:50:00,0,0,0,0,0
2022-12-19 10:51:00,0,0,0,0,0
2022-12-19 10:52:00,0,0,0,0,0
2022-12-19 10:53:00,0,0,0,0,0
2022-12-19 10:54:00,0,0,0,0,0
2022-12-19 10:55:00,0,0,0,0,0
2022-12-19 10:56:00,0,0,0,0,0
2022-12-19 10:57:00,0,0,0,0,0
2022-12-19 10:58:00,0,0,0,0,0
2022-12-19 10:59:00,0,0,0,0,0
2022-12-19 11:00:00,0,0,0,0,0
2022-12-19 11:01:00,0,0,0,0,0
2022-12-19 11:02:00,0,0,0,0,0
2022-12-19 11:03:00,0,0,0,0,0
2022-12-19 11:04:00,0,0,0,0,0
2022-12-19 11:05:00,0,0,0,0,0
2022-12-19 11:06:00,0,0,0,0,0
2022-12-19 11:07:00,0,0,0,0,0
2022-12-19 11:08:00,0,0,0,0,0
2022-12-19 11:09:00,0,0,0,0,0
2022-12-19 11:10:00,0,0,0,0,0
2022-12-19 11:11:00,810,810,810,810,7600
2022-12-19 11:12:00,0,0,0,0,0
2022-12-19 11:13:00,0,0,0,0,0
2022-12-19 11:14:00,0,0,0,0,0
2022-12-19 11:15:00,820,820,825,825,43000
2022-12-19 11:16:00,0,0,0,0,0
2022-12-19 11:17:00,825,825,825,825,3200
2022-12-19 11:17:46,825,825,825,825,0
2022-12-19 11:18:00,0,0,0,0,0
2022-12-19 11:19:00,0,0,0,0,0
2022-12-19 11:20:00,0,0,0,0,0
2022-12-19 11:21:00,0,0,0,0,0
2022-12-19 11:22:00,0,0,0,0,0
2022-12-19 11:23:00,0,0,0,0,0
2022-12-19 11:24:00,0,0,0,0,0
2022-12-19 11:25:00,0,0,0,0,0
2022-12-19 11:26:00,0,0,0,0,0
2022-12-19 11:27:00,0,0,0,0,0
2022-12-19 11:28:00,0,0,0,0,0
2022-12-19 11:29:00,0,0,0,0,0
2022-12-19 11:30:00,0,0,0,0,0
2022-12-19 11:31:00,0,0,0,0,0
2022-12-19 11:32:00,0,0,0,0,0
2022-12-19 11:33:00,0,0,0,0,0
2022-12-19 11:34:00,0,0,0,0,0
2022-12-19 11:35:00,0,0,0,0,0
2022-12-19 11:36:00,0,0,0,0,0
2022-12-19 11:37:00,0,0,0,0,0
2022-12-19 11:38:00,0,0,0,0,0
2022-12-19 11:39:00,0,0,0,0,0
2022-12-19 11:40:00,0,0,0,0,0
2022-12-19 11:41:00,0,0,0,0,0
2022-12-19 11:42:00,0,0,0,0,0
2022-12-19 11:43:00,0,0,0,0,0
2022-12-19 11:44:00,0,0,0,0,0
2022-12-19 11:45:00,0,0,0,0,0
2022-12-19 11:46:00,0,0,0,0,0
2022-12-19 11:47:00,0,0,0,0,0
2022-12-19 11:48:00,0,0,0,0,0
2022-12-19 11:49:00,0,0,0,0,0
2022-12-19 11:50:00,0,0,0,0,0
2022-12-19 11:51:00,0,0,0,0,0
2022-12-19 11:52:00,0,0,0,0,0
2022-12-19 11:53:00,0,0,0,0,0
2022-12-19 11:54:00,0,0,0,0,0
2022-12-19 11:55:00,0,0,0,0,0
2022-12-19 11:56:00,0,0,0,0,0
2022-12-19 11:57:00,0,0,0,0,0
2022-12-19 11:58:00,0,0,0,0,0
2022-12-19 11:59:00,0,0,0,0,0
2022-12-19 12:00:00,0,0,0,0,0
2022-12-19 12:01:00,0,0,0,0,0
2022-12-19 12:02:00,0,0,0,0,0
2022-12-19 12:03:00,0,0,0,0,0
2022-12-19 12:04:00,0,0,0,0,0
2022-12-19 12:05:00,0,0,0,0,0
2022-12-19 12:06:00,0,0,0,0,0
2022-12-19 12:07:00,0,0,0,0,0
2022-12-19 12:08:00,0,0,0,0,0
2022-12-19 12:09:00,0,0,0,0,0
2022-12-19 12:10:00,0,0,0,0,0
2022-12-19 12:11:00,0,0,0,0,0
2022-12-19 12:12:00,0,0,0,0,0
2022-12-19 12:13:00,0,0,0,0,0
2022-12-19 12:14:00,0,0,0,0,0
2022-12-19 12:15:00,0,0,0,0,0
2022-12-19 12:16:00,0,0,0,0,0
2022-12-19 12:17:00,0,0,0,0,0
2022-12-19 12:18:00,0,0,0,0,0
2022-12-19 12:19:00,0,0,0,0,0
2022-12-19 12:20:00,0,0,0,0,0
2022-12-19 12:21:00,0,0,0,0,0
2022-12-19 12:22:00,0,0,0,0,0
2022-12-19 12:23:00,0,0,0,0,0
2022-12-19 12:24:00,0,0,0,0,0
2022-12-19 12:25:00,0,0,0,0,0
2022-12-19 12:26:00,0,0,0,0,0
2022-12-19 12:27:00,0,0,0,0,0
2022-12-19 12:28:00,0,0,0,0,0
2022-12-19 12:29:00,0,0,0,0,0
2022-12-19 12:30:00,0,0,0,0,0
2022-12-19 12:31:00,0,0,0,0,0
2022-12-19 12:32:00,0,0,0,0,0
2022-12-19 12:33:00,0,0,0,0,0
2022-12-19 12:34:00,0,0,0,0,0
2022-12-19 12:35:00,0,0,0,0,0
2022-12-19 12:36:00,0,0,0,0,0
2022-12-19 12:37:00,0,0,0,0,0
2022-12-19 12:38:00,0,0,0,0,0
2022-12-19 12:39:00,0,0,0,0,0
2022-12-19 12:40:00,0,0,0,0,0
2022-12-19 12:41:00,0,0,0,0,0
2022-12-19 12:42:00,0,0,0,0,0
2022-12-19 12:43:00,0,0,0,0,0
2022-12-19 12:44:00,0,0,0,0,0
2022-12-19 12:45:00,0,0,0,0,0
2022-12-19 12:46:00,0,0,0,0,0
2022-12-19 12:47:00,0,0,0,0,0
2022-12-19 12:48:00,0,0,0,0,0
2022-12-19 12:49:00,0,0,0,0,0
2022-12-19 12:50:00,0,0,0,0,0
2022-12-19 12:51:00,0,0,0,0,0
2022-12-19 12:52:00,0,0,0,0,0
2022-12-19 12:53:00,0,0,0,0,0
2022-12-19 12:54:00,0,0,0,0,0
2022-12-19 12:55:00,0,0,0,0,0
2022-12-19 12:56:00,0,0,0,0,0
2022-12-19 12:57:00,0,0,0,0,0
2022-12-19 12:58:00,0,0,0,0,0
2022-12-19 12:59:00,0,0,0,0,0
2022-12-19 13:00:00,0,0,0,0,0
2022-12-19 13:01:00,0,0,0,0,0
2022-12-19 13:02:00,0,0,0,0,0
2022-12-19 13:03:00,0,0,0,0,0
2022-12-19 13:04:00,0,0,0,0,0
2022-12-19 13:05:00,0,0,0,0,0
2022-12-19 13:06:00,0,0,0,0,0
2022-12-19 13:07:00,0,0,0,0,0
2022-12-19 13:08:00,0,0,0,0,0
2022-12-19 13:09:00,0,0,0,0,0
2022-12-19 13:10:00,0,0,0,0,0
2022-12-19 13:11:00,0,0,0,0,0
2022-12-19 13:12:00,0,0,0,0,0
2022-12-19 13:13:00,0,0,0,0,0
2022-12-19 13:14:00,0,0,0,0,0
2022-12-19 13:15:00,0,0,0,0,0
2022-12-19 13:16:00,0,0,0,0,0
2022-12-19 13:17:00,0,0,0,0,0
2022-12-19 13:18:00,0,0,0,0,0
2022-12-19 13:19:00,0,0,0,0,0
2022-12-19 13:20:00,0,0,0,0,0
2022-12-19 13:21:00,0,0,0,0,0
2022-12-19 13:22:00,0,0,0,0,0
2022-12-19 13:23:00,0,0,0,0,0
2022-12-19 13:24:00,0,0,0,0,0
2022-12-19 13:25:00,0,0,0,0,0
2022-12-19 13:26:00,0,0,0,0,0
2022-12-19 13:27:00,0,0,0,0,0
2022-12-19 13:28:00,0,0,0,0,0
2022-12-19 13:29:00,0,0,0,0,0
2022-12-19 13:30:00,0,0,0,0,0
2022-12-19 13:31:00,0,0,0,0,0
2022-12-19 13:32:00,0,0,0,0,0
2022-12-19 13:33:00,0,0,0,0,0
2022-12-19 13:34:00,0,0,0,0,0
2022-12-19 13:35:00,0,0,0,0,0
2022-12-19 13:36:00,0,0,0,0,0
2022-12-19 13:37:00,0,0,0,0,0
2022-12-19 13:38:00,0,0,0,0,0
2022-12-19 13:39:00,0,0,0,0,0
2022-12-19 13:40:00,0,0,0,0,0
2022-12-19 13:41:00,0,0,0,0,0
2022-12-19 13:42:00,0,0,0,0,0
2022-12-19 13:43:00,0,0,0,0,0
2022-12-19 13:44:00,0,0,0,0,0
2022-12-19 13:45:00,0,0,0,0,0
2022-12-19 13:46:00,0,0,0,0,0
2022-12-19 13:47:00,0,0,0,0,0
2022-12-19 13:48:00,0,0,0,0,0
2022-12-19 13:49:00,0,0,0,0,0
2022-12-19 13:50:00,0,0,0,0,0
2022-12-19 13:51:00,0,0,0,0,0
2022-12-19 13:52:00,0,0,0,0,0
2022-12-19 13:53:00,0,0,0,0,0
2022-12-19 13:54:00,0,0,0,0,0
2022-12-19 13:55:00,810,810,810,810,200
2022-12-19 13:56:00,0,0,0,0,0
2022-12-19 13:57:00,0,0,0,0,0
2022-12-19 13:58:00,0,0,0,0,0
2022-12-19 13:59:00,810,810,810,810,4400
2022-12-19 14:00:00,0,0,0,0,0
2022-12-19 14:01:00,0,0,0,0,0
2022-12-19 14:02:00,0,0,0,0,0
2022-12-19 14:03:00,0,0,0,0,0
2022-12-19 14:04:00,0,0,0,0,0
2022-12-19 14:05:00,810,810,810,810,0
2022-12-19 14:06:00,810,810,810,810,300
2022-12-19 14:07:00,0,0,0,0,0
2022-12-19 14:08:00,0,0,0,0,0
2022-12-19 14:09:00,0,0,0,0,0
2022-12-19 14:10:00,0,0,0,0,0
2022-12-19 14:11:00,810,810,810,810,0
2022-12-19 14:12:00,0,0,0,0,0
2022-12-19 14:13:00,0,0,0,0,0
2022-12-19 14:14:00,0,0,0,0,0
2022-12-19 14:15:00,0,0,0,0,0
2022-12-19 14:16:00,0,0,0,0,0
2022-12-19 14:17:00,0,0,0,0,0
2022-12-19 14:18:00,0,0,0,0,0
2022-12-19 14:19:00,0,0,0,0,0
2022-12-19 14:20:00,0,0,0,0,0
2022-12-19 14:21:00,0,0,0,0,0
2022-12-19 14:22:00,0,0,0,0,0
2022-12-19 14:23:00,0,0,0,0,0
2022-12-19 14:24:00,0,0,0,0,0
2022-12-19 14:25:00,0,0,0,0,0
2022-12-19 14:26:00,810,810,810,810,600
2022-12-19 14:27:00,0,0,0,0,0
2022-12-19 14:28:00,0,0,0,0,0
2022-12-19 14:29:00,0,0,0,0,0
2022-12-19 14:30:00,825,825,825,825,62300
2022-12-19 14:31:00,0,0,0,0,0
2022-12-19 14:32:00,0,0,0,0,0
2022-12-19 14:33:00,0,0,0,0,0
2022-12-19 14:34:00,0,0,0,0,0
2022-12-19 14:35:00,0,0,0,0,0
2022-12-19 14:36:00,0,0,0,0,0
2022-12-19 14:37:00,0,0,0,0,0
2022-12-19 14:38:00,0,0,0,0,0
2022-12-19 14:39:00,0,0,0,0,0
2022-12-19 14:40:00,0,0,0,0,0
2022-12-19 14:41:00,0,0,0,0,0
2022-12-19 14:42:00,0,0,0,0,0
2022-12-19 14:43:00,0,0,0,0,0
2022-12-19 14:44:00,0,0,0,0,0
2022-12-19 14:45:00,0,0,0,0,0
2022-12-19 14:46:00,0,0,0,0,0
2022-12-19 14:47:00,0,0,0,0,0
2022-12-19 14:48:00,0,0,0,0,0
2022-12-19 14:49:00,0,0,0,0,0
2022-12-19 14:50:00,0,0,0,0,0
2022-12-19 14:51:00,0,0,0,0,0
2022-12-19 14:52:00,0,0,0,0,0
2022-12-19 14:53:00,0,0,0,0,0
2022-12-19 14:54:00,0,0,0,0,0
2022-12-19 14:55:00,0,0,0,0,0
2022-12-19 14:56:00,0,0,0,0,0
2022-12-19 14:57:00,0,0,0,0,0
2022-12-19 14:58:00,0,0,0,0,0
2022-12-19 14:59:00,0,0,0,0,0
2022-12-19 15:00:00,0,0,0,0,0
2022-12-19 15:01:00,0,0,0,0,0
2022-12-19 15:02:00,0,0,0,0,0
2022-12-19 15:03:00,0,0,0,0,0
2022-12-19 15:04:00,0,0,0,0,0
2022-12-19 15:05:00,0,0,0,0,0
2022-12-19 15:06:00,0,0,0,0,0
2022-12-19 15:07:00,0,0,0,0,0
2022-12-19 15:08:00,0,0,0,0,0
2022-12-19 15:09:00,0,0,0,0,0
2022-12-19 15:10:00,0,0,0,0,0
2022-12-19 15:11:00,0,0,0,0,0
2022-12-19 15:12:00,0,0,0,0,0
2022-12-19 15:13:00,0,0,0,0,0
2022-12-19 15:14:00,0,0,0,0,0
2022-12-19 15:15:00,0,0,0,0,0
2022-12-19 15:16:00,0,0,0,0,0
2022-12-19 15:17:00,0,0,0,0,0
2022-12-19 15:18:00,0,0,0,0,0
2022-12-19 15:19:00,0,0,0,0,0
2022-12-19 15:20:00,0,0,0,0,0
2022-12-19 15:21:00,0,0,0,0,0
2022-12-19 15:22:00,0,0,0,0,0
2022-12-19 15:23:00,0,0,0,0,0
2022-12-19 15:24:00,0,0,0,0,0
2022-12-19 15:25:00,0,0,0,0,0
2022-12-19 15:26:00,0,0,0,0,0
2022-12-19 15:27:00,0,0,0,0,0
2022-12-19 15:28:00,0,0,0,0,0
2022-12-19 15:29:00,0,0,0,0,0
2022-12-19 15:30:00,0,0,0,0,0
2022-12-19 15:31:00,0,0,0,0,0
2022-12-19 15:32:00,0,0,0,0,0
2022-12-19 15:33:00,0,0,0,0,0
2022-12-19 15:34:00,0,0,0,0,0
2022-12-19 15:35:00,0,0,0,0,0
2022-12-19 15:36:00,0,0,0,0,0
2022-12-19 15:37:00,0,0,0,0,0
2022-12-19 15:38:00,0,0,0,0,0
2022-12-19 15:39:00,0,0,0,0,0
2022-12-19 15:40:00,0,0,0,0,0
2022-12-19 15:41:00,0,0,0,0,0
2022-12-19 15:42:00,0,0,0,0,0
2022-12-19 15:43:00,0,0,0,0,0
2022-12-19 15:44:00,0,0,0,0,0
2022-12-19 15:45:00,0,0,0,0,0
2022-12-19 15:46:00,0,0,0,0,0
2022-12-19 15:47:00,0,0,0,0,0
2022-12-19 15:48:00,0,0,0,0,0
2022-12-19 15:49:00,0,0,0,0,0
2022-12-19 15:50:00,0,0,0,0,0
2022-12-19 15:51:00,0,0,0,0,0
2022-12-19 15:52:00,0,0,0,0,0
2022-12-19 15:53:00,0,0,0,0,0
2022-12-19 15:54:00,0,0,0,0,0
2022-12-19 15:55:00,0,0,0,0,0
2022-12-19 15:56:00,0,0,0,0,0
2022-12-19 15:57:00,0,0,0,0,0
2022-12-19 15:58:00,0,0,0,0,0
2022-12-19 15:59:00,0,0,0,0,0
2022-12-20 09:00:00,825,825,825,825,0
2022-12-20 09:01:00,0,0,0,0,0
2022-12-20 09:02:00,0,0,0,0,0
2022-12-20 09:03:00,0,0,0,0,0
2022-12-20 09:04:00,0,0,0,0,0
2022-12-20 09:05:00,0,0,0,0,0
2022-12-20 09:06:00,0,0,0,0,0
2022-12-20 09:07:00,0,0,0,0,0
2022-12-20 09:08:00,0,0,0,0,0
2022-12-20 09:09:00,0,0,0,0,0
2022-12-20 09:10:00,0,0,0,0,0
2022-12-20 09:11:00,0,0,0,0,0
2022-12-20 09:12:00,0,0,0,0,0
2022-12-20 09:13:00,0,0,0,0,0
2022-12-20 09:14:00,0,0,0,0,0
2022-12-20 09:15:00,0,0,0,0,0
2022-12-20 09:16:00,0,0,0,0,0
2022-12-20 09:17:00,0,0,0,0,0
2022-12-20 09:18:00,0,0,0,0,0
2022-12-20 09:19:00,0,0,0,0,0
2022-12-20 09:20:00,0,0,0,0,0
2022-12-20 09:21:00,0,0,0,0,0
2022-12-20 09:22:00,0,0,0,0,0
2022-12-20 09:23:00,0,0,0,0,0
2022-12-20 09:24:00,0,0,0,0,0
2022-12-20 09:25:00,0,0,0,0,0
2022-12-20 09:26:00,0,0,0,0,0
2022-12-20 09:27:00,0,0,0,0,0
2022-12-20 09:28:00,0,0,0,0,0
2022-12-20 09:29:00,0,0,0,0,0
2022-12-20 09:30:00,0,0,0,0,0
2022-12-20 09:31:00,0,0,0,0,0
2022-12-20 09:32:00,0,0,0,0,0
2022-12-20 09:33:00,0,0,0,0,0
2022-12-20 09:34:00,0,0,0,0,0
2022-12-20 09:35:00,0,0,0,0,0
2022-12-20 09:36:00,0,0,0,0,0
2022-12-20 09:37:00,0,0,0,0,0
2022-12-20 09:38:00,0,0,0,0,0
2022-12-20 09:39:00,0,0,0,0,0
2022-12-20 09:40:00,0,0,0,0,0
2022-12-20 09:41:00,0,0,0,0,0
2022-12-20 09:42:00,0,0,0,0,0
2022-12-20 09:43:00,0,0,0,0,0
2022-12-20 09:44:00,0,0,0,0,0
2022-12-20 09:45:00,0,0,0,0,0
2022-12-20 09:46:00,0,0,0,0,0
2022-12-20 09:47:00,0,0,0,0,0
2022-12-20 09:48:00,0,0,0,0,0
2022-12-20 09:49:00,0,0,0,0,0
2022-12-20 09:50:00,0,0,0,0,0
2022-12-20 09:51:00,0,0,0,0,0
2022-12-20 09:52:00,0,0,0,0,0
2022-12-20 09:53:00,0,0,0,0,0
2022-12-20 09:54:00,0,0,0,0,0
2022-12-20 09:55:00,0,0,0,0,0
2022-12-20 09:56:00,0,0,0,0,0
2022-12-20 09:57:00,0,0,0,0,0
2022-12-20 09:58:00,0,0,0,0,0
2022-12-20 09:59:00,0,0,0,0,0
2022-12-20 10:00:00,0,0,0,0,0
2022-12-20 10:01:00,0,0,0,0,0
2022-12-20 10:02:00,0,0,0,0,0
2022-12-20 10:03:00,0,0,0,0,0
2022-12-20 10:04:00,0,0,0,0,0
2022-12-20 10:05:00,0,0,0,0,0
2022-12-20 10:06:00,0,0,0,0,0
2022-12-20 10:07:00,0,0,0,0,0
2022-12-20 10:08:00,0,0,0,0,0
2022-12-20 10:09:00,0,0,0,0,0
2022-12-20 10:10:00,0,0,0,0,0
2022-12-20 10:11:00,0,0,0,0,0
2022-12-20 10:12:00,0,0,0,0,0
2022-12-20 10:13:00,0,0,0,0,0
2022-12-20 10:14:00,0,0,0,0,0
2022-12-20 10:15:00,0,0,0,0,0
2022-12-20 10:16:00,0,0,0,0,0
2022-12-20 10:17:00,0,0,0,0,0
2022-12-20 10:18:00,0,0,0,0,0
2022-12-20 10:19:00,820,820,820,820,100
2022-12-20 10:20:00,0,0,0,0,0
2022-12-20 10:21:00,0,0,0,0,0
2022-12-20 10:22:00,0,0,0,0,0
2022-12-20 10:23:00,0,0,0,0,0
2022-12-20 10:24:00,0,0,0,0,0
2022-12-20 10:25:00,0,0,0,0,0
2022-12-20 10:26:00,0,0,0,0,0
2022-12-20 10:27:00,0,0,0,0,0
2022-12-20 10:28:00,0,0,0,0,0
2022-12-20 10:29:00,0,0,0,0,0
2022-12-20 10:30:00,0,0,0,0,0
2022-12-20 10:31:00,0,0,0,0,0
2022-12-20 10:32:00,0,0,0,0,0
2022-12-20 10:33:00,0,0,0,0,0
2022-12-20 10:34:00,0,0,0,0,0
2022-12-20 10:35:00,0,0,0,0,0
2022-12-20 10:36:00,0,0,0,0,0
2022-12-20 10:37:00,0,0,0,0,0
2022-12-20 10:38:00,0,0,0,0,0
2022-12-20 10:39:00,0,0,0,0,0
2022-12-20 10:40:00,0,0,0,0,0
2022-12-20 10:41:00,0,0,0,0,0
2022-12-20 10:42:00,0,0,0,0,0
2022-12-20 10:43:00,0,0,0,0,0
2022-12-20 10:44:00,0,0,0,0,0
2022-12-20 10:45:00,0,0,0,0,0
2022-12-20 10:46:00,0,0,0,0,0
2022-12-20 10:47:00,0,0,0,0,0
2022-12-20 10:48:00,0,0,0,0,0
2022-12-20 10:49:00,0,0,0,0,0
2022-12-20 10:50:00,0,0,0,0,0
2022-12-20 10:51:00,0,0,0,0,0
2022-12-20 10:52:00,0,0,0,0,0
2022-12-20 10:53:00,0,0,0,0,0
2022-12-20 10:54:00,0,0,0,0,0
2022-12-20 10:55:00,0,0,0,0,0
2022-12-20 10:56:00,0,0,0,0,0
2022-12-20 10:57:00,0,0,0,0,0
2022-12-20 10:58:00,0,0,0,0,0
2022-12-20 10:59:00,0,0,0,0,0
2022-12-20 11:00:00,0,0,0,0,0
2022-12-20 11:01:00,0,0,0,0,0
2022-12-20 11:02:00,0,0,0,0,0
2022-12-20 11:03:00,0,0,0,0,0
2022-12-20 11:04:00,0,0,0,0,0
2022-12-20 11:05:00,0,0,0,0,0
2022-12-20 11:06:00,820,820,820,820,100
2022-12-20 11:07:00,0,0,0,0,0
2022-12-20 11:08:00,0,0,0,0,0
2022-12-20 11:09:00,0,0,0,0,0
2022-12-20 11:10:00,0,0,0,0,0
2022-12-20 11:11:00,0,0,0,0,0
2022-12-20 11:12:00,0,0,0,0,0
2022-12-20 11:13:00,0,0,0,0,0
2022-12-20 11:14:00,0,0,0,0,0
2022-12-20 11:15:00,0,0,0,0,0
2022-12-20 11:16:00,0,0,0,0,0
2022-12-20 11:17:00,0,0,0,0,0
2022-12-20 11:18:00,0,0,0,0,0
2022-12-20 11:19:00,0,0,0,0,0
2022-12-20 11:20:00,0,0,0,0,0
2022-12-20 11:21:00,0,0,0,0,0
2022-12-20 11:22:00,0,0,0,0,0
2022-12-20 11:23:00,0,0,0,0,0
2022-12-20 11:24:00,0,0,0,0,0
2022-12-20 11:25:00,0,0,0,0,0
2022-12-20 11:26:00,0,0,0,0,0
2022-12-20 11:27:00,0,0,0,0,0
2022-12-20 11:28:00,0,0,0,0,0
2022-12-20 11:29:00,0,0,0,0,0
2022-12-20 11:30:00,0,0,0,0,0
2022-12-20 11:31:00,0,0,0,0,0
2022-12-20 11:32:00,0,0,0,0,0
2022-12-20 11:33:00,0,0,0,0,0
2022-12-20 11:34:00,0,0,0,0,0
2022-12-20 11:35:00,0,0,0,0,0
2022-12-20 11:36:00,0,0,0,0,0
2022-12-20 11:37:00,0,0,0,0,0
2022-12-20 11:38:00,0,0,0,0,0
2022-12-20 11:39:00,0,0,0,0,0
2022-12-20 11:40:00,0,0,0,0,0
2022-12-20 11:41:00,0,0,0,0,0
2022-12-20 11:42:00,0,0,0,0,0
2022-12-20 11:43:00,0,0,0,0,0
2022-12-20 11:44:00,0,0,0,0,0
2022-12-20 11:45:00,0,0,0,0,0
2022-12-20 11:46:00,0,0,0,0,0
2022-12-20 11:47:00,0,0,0,0,0
2022-12-20 11:48:00,0,0,0,0,0
2022-12-20 11:49:00,0,0,0,0,0
2022-12-20 11:50:00,0,0,0,0,0
2022-12-20 11:51:00,0,0,0,0,0
2022-12-20 11:52:00,0,0,0,0,0
2022-12-20 11:53:00,0,0,0,0,0
2022-12-20 11:54:00,0,0,0,0,0
2022-12-20 11:55:00,0,0,0,0,0
2022-12-20 11:56:00,0,0,0,0,0
2022-12-20 11:57:00,0,0,0,0,0
2022-12-20 11:58:00,0,0,0,0,0
2022-12-20 11:59:00,0,0,0,0,0
2022-12-20 12:00:00,0,0,0,0,0
2022-12-20 12:01:00,0,0,0,0,0
2022-12-20 12:02:00,0,0,0,0,0
2022-12-20 12:03:00,0,0,0,0,0
2022-12-20 12:04:00,0,0,0,0,0
2022-12-20 12:05:00,0,0,0,0,0
2022-12-20 12:06:00,0,0,0,0,0
2022-12-20 12:07:00,0,0,0,0,0
2022-12-20 12:08:00,0,0,0,0,0
2022-12-20 12:09:00,0,0,0,0,0
2022-12-20 12:10:00,0,0,0,0,0
2022-12-20 12:11:00,0,0,0,0,0
2022-12-20 12:12:00,0,0,0,0,0
2022-12-20 12:13:00,0,0,0,0,0
2022-12-20 12:14:00,0,0,0,0,0
2022-12-20 12:15:00,0,0,0,0,0
2022-12-20 12:16:00,0,0,0,0,0
2022-12-20 12:17:00,0,0,0,0,0
2022-12-20 12:18:00,0,0,0,0,0
2022-12-20 12:19:00,0,0,0,0,0
2022-12-20 12:20:00,0,0,0,0,0
2022-12-20 12:21:00,0,0,0,0,0
2022-12-20 12:22:00,0,0,0,0,0
2022-12-20 12:23:00,0,0,0,0,0
2022-12-20 12:24:00,0,0,0,0,0
2022-12-20 12:25:00,0,0,0,0,0
2022-12-20 12:26:00,0,0,0,0,0
2022-12-20 12:27:00,0,0,0,0,0
2022-12-20 12:28:00,0,0,0,0,0
2022-12-20 12:29:00,0,0,0,0,0
2022-12-20 12:30:00,0,0,0,0,0
2022-12-20 12:31:00,0,0,0,0,0
2022-12-20 12:32:00,0,0,0,0,0
2022-12-20 12:33:00,0,0,0,0,0
2022-12-20 12:34:00,0,0,0,0,0
2022-12-20 12:35:00,0,0,0,0,0
2022-12-20 12:36:00,0,0,0,0,0
2022-12-20 12:37:00,0,0,0,0,0
2022-12-20 12:38:00,0,0,0,0,0
2022-12-20 12:39:00,0,0,0,0,0
2022-12-20 12:40:00,0,0,0,0,0
2022-12-20 12:41:00,0,0,0,0,0
2022-12-20 12:42:00,0,0,0,0,0
2022-12-20 12:43:00,0,0,0,0,0
2022-12-20 12:44:00,0,0,0,0,0
2022-12-20 12:45:00,0,0,0,0,0
2022-12-20 12:46:00,0,0,0,0,0
2022-12-20 12:47:00,0,0,0,0,0
2022-12-20 12:48:00,0,0,0,0,0
2022-12-20 12:49:00,0,0,0,0,0
2022-12-20 12:50:00,0,0,0,0,0
2022-12-20 12:51:00,0,0,0,0,0
2022-12-20 12:52:00,0,0,0,0,0
2022-12-20 12:53:00,0,0,0,0,0
2022-12-20 12:54:00,0,0,0,0,0
2022-12-20 12:55:00,0,0,0,0,0
2022-12-20 12:56:00,0,0,0,0,0
2022-12-20 12:57:00,0,0,0,0,0
2022-12-20 12:58:00,0,0,0,0,0
2022-12-20 12:59:00,0,0,0,0,0
2022-12-20 13:00:00,0,0,0,0,0
2022-12-20 13:01:00,0,0,0,0,0
2022-12-20 13:02:00,0,0,0,0,0
2022-12-20 13:03:00,0,0,0,0,0
2022-12-20 13:04:00,0,0,0,0,0
2022-12-20 13:05:00,0,0,0,0,0
2022-12-20 13:06:00,0,0,0,0,0
2022-12-20 13:07:00,0,0,0,0,0
2022-12-20 13:08:00,0,0,0,0,0
2022-12-20 13:09:00,0,0,0,0,0
2022-12-20 13:10:00,0,0,0,0,0
2022-12-20 13:11:00,0,0,0,0,0
2022-12-20 13:12:00,0,0,0,0,0
2022-12-20 13:13:00,0,0,0,0,0
2022-12-20 13:14:00,0,0,0,0,0
2022-12-20 13:15:00,0,0,0,0,0
2022-12-20 13:16:00,0,0,0,0,0
2022-12-20 13:17:00,0,0,0,0,0
2022-12-20 13:18:00,0,0,0,0,0
2022-12-20 13:19:00,0,0,0,0,0
2022-12-20 13:20:00,0,0,0,0,0
2022-12-20 13:21:00,0,0,0,0,0
2022-12-20 13:22:00,0,0,0,0,0
2022-12-20 13:23:00,0,0,0,0,0
2022-12-20 13:24:00,0,0,0,0,0
2022-12-20 13:25:00,0,0,0,0,0
2022-12-20 13:26:00,0,0,0,0,0
2022-12-20 13:27:00,0,0,0,0,0
2022-12-20 13:28:00,0,0,0,0,0
2022-12-20 13:29:00,0,0,0,0,0
2022-12-20 13:30:00,810,810,810,810,400
2022-12-20 13:31:00,0,0,0,0,0
2022-12-20 13:32:00,0,0,0,0,0
2022-12-20 13:33:00,0,0,0,0,0
2022-12-20 13:34:00,0,0,0,0,0
2022-12-20 13:35:00,810,810,810,810,800
2022-12-20 13:36:00,0,0,0,0,0
2022-12-20 13:37:00,810,810,810,810,1300
2022-12-20 13:38:00,0,0,0,0,0
2022-12-20 13:39:00,0,0,0,0,0
2022-12-20 13:40:00,0,0,0,0,0
2022-12-20 13:41:00,0,0,0,0,0
2022-12-20 13:42:00,0,0,0,0,0
2022-12-20 13:43:00,0,0,0,0,0
2022-12-20 13:44:00,0,0,0,0,0
2022-12-20 13:45:00,0,0,0,0,0
2022-12-20 13:46:00,0,0,0,0,0
2022-12-20 13:47:00,0,0,0,0,0
2022-12-20 13:48:00,0,0,0,0,0
2022-12-20 13:49:00,0,0,0,0,0
2022-12-20 13:50:00,0,0,0,0,0
2022-12-20 13:51:00,0,0,0,0,0
2022-12-20 13:52:00,0,0,0,0,0
2022-12-20 13:53:00,0,0,0,0,0
2022-12-20 13:54:00,0,0,0,0,0
2022-12-20 13:55:00,0,0,0,0,0
2022-12-20 13:56:00,0,0,0,0,0
2022-12-20 13:57:00,0,0,0,0,0
2022-12-20 13:58:00,0,0,0,0,0
2022-12-20 13:59:00,0,0,0,0,0
2022-12-20 14:00:00,0,0,0,0,0
2022-12-20 14:01:00,0,0,0,0,0
2022-12-20 14:02:00,810,810,810,810,100
2022-12-20 14:03:00,0,0,0,0,0
2022-12-20 14:04:00,0,0,0,0,0
2022-12-20 14:05:00,0,0,0,0,0
2022-12-20 14:06:00,0,0,0,0,0
2022-12-20 14:07:00,0,0,0,0,0
2022-12-20 14:08:00,0,0,0,0,0
2022-12-20 14:09:00,0,0,0,0,0
2022-12-20 14:10:00,0,0,0,0,0
2022-12-20 14:11:00,810,810,810,810,600
2022-12-20 14:12:00,0,0,0,0,0
2022-12-20 14:13:00,0,0,0,0,0
2022-12-20 14:14:00,0,0,0,0,0
2022-12-20 14:15:00,0,0,0,0,0
2022-12-20 14:16:00,0,0,0,0,0
2022-12-20 14:17:00,0,0,0,0,0
2022-12-20 14:18:00,0,0,0,0,0
2022-12-20 14:19:00,0,0,0,0,0
2022-12-20 14:20:00,0,0,0,0,0
2022-12-20 14:21:00,810,810,810,810,300
2022-12-20 14:22:00,0,0,0,0,0
2022-12-20 14:23:00,0,0,0,0,0
2022-12-20 14:24:00,0,0,0,0,0
2022-12-20 14:25:00,0,0,0,0,0
2022-12-20 14:26:00,0,0,0,0,0
2022-12-20 14:27:00,0,0,0,0,0
2022-12-20 14:28:00,0,0,0,0,0
2022-12-20 14:29:00,0,0,0,0,0
2022-12-20 14:30:00,0,0,0,0,0
2022-12-20 14:31:00,0,0,0,0,0
2022-12-20 14:32:00,0,0,0,0,0
2022-12-20 14:33:00,0,0,0,0,0
2022-12-20 14:34:00,0,0,0,0,0
2022-12-20 14:35:00,0,0,0,0,0
2022-12-20 14:36:00,0,0,0,0,0
2022-12-20 14:37:00,0,0,0,0,0
2022-12-20 14:38:00,0,0,0,0,0
2022-12-20 14:39:00,0,0,0,0,0
2022-12-20 14:40:00,0,0,0,0,0
2022-12-20 14:41:00,0,0,0,0,0
2022-12-20 14:42:00,0,0,0,0,0
2022-12-20 14:43:00,0,0,0,0,0
2022-12-20 14:44:00,0,0,0,0,0
2022-12-20 14:45:00,0,0,0,0,0
2022-12-20 14:46:00,0,0,0,0,0
2022-12-20 14:47:00,0,0,0,0,0
2022-12-20 14:48:00,0,0,0,0,0
2022-12-20 14:49:00,815,815,820,820,5100
2022-12-20 14:50:00,0,0,0,0,0
2022-12-20 14:51:00,0,0,0,0,0
2022-12-20 14:52:00,0,0,0,0,0
2022-12-20 14:53:00,0,0,0,0,0
2022-12-20 14:54:00,0,0,0,0,0
2022-12-20 14:55:00,0,0,0,0,0
2022-12-20 14:56:00,0,0,0,0,0
2022-12-20 14:57:00,0,0,0,0,0
2022-12-20 14:58:00,0,0,0,0,0
2022-12-20 14:59:00,0,0,0,0,0
2022-12-20 15:00:00,0,0,0,0,0
2022-12-20 15:01:00,0,0,0,0,0
2022-12-20 15:02:00,0,0,0,0,0
2022-12-20 15:03:00,0,0,0,0,0
2022-12-20 15:04:00,0,0,0,0,0
2022-12-20 15:05:00,0,0,0,0,0
2022-12-20 15:06:00,0,0,0,0,0
2022-12-20 15:07:00,0,0,0,0,0
2022-12-20 15:08:00,0,0,0,0,0
2022-12-20 15:09:00,0,0,0,0,0
2022-12-20 15:10:00,0,0,0,0,0
2022-12-20 15:11:00,0,0,0,0,0
2022-12-20 15:12:00,0,0,0,0,0
2022-12-20 15:13:00,0,0,0,0,0
2022-12-20 15:14:00,0,0,0,0,0
2022-12-20 15:15:00,0,0,0,0,0
2022-12-20 15:16:00,0,0,0,0,0
2022-12-20 15:17:00,0,0,0,0,0
2022-12-20 15:18:00,0,0,0,0,0
2022-12-20 15:19:00,0,0,0,0,0
2022-12-20 15:20:00,0,0,0,0,0
2022-12-20 15:21:00,0,0,0,0,0
2022-12-20 15:22:00,0,0,0,0,0
2022-12-20 15:23:00,0,0,0,0,0
2022-12-20 15:24:00,0,0,0,0,0
2022-12-20 15:25:00,0,0,0,0,0
2022-12-20 15:26:00,0,0,0,0,0
2022-12-20 15:27:00,0,0,0,0,0
2022-12-20 15:28:00,0,0,0,0,0
2022-12-20 15:29:00,0,0,0,0,0
2022-12-20 15:30:00,0,0,0,0,0
2022-12-20 15:31:00,0,0,0,0,0
2022-12-20 15:32:00,0,0,0,0,0
2022-12-20 15:33:00,0,0,0,0,0
2022-12-20 15:34:00,0,0,0,0,0
2022-12-20 15:35:00,0,0,0,0,0
2022-12-20 15:36:00,0,0,0,0,0
2022-12-20 15:37:00,0,0,0,0,0
2022-12-20 15:38:00,0,0,0,0,0
2022-12-20 15:39:00,0,0,0,0,0
2022-12-20 15:40:00,0,0,0,0,0
2022-12-20 15:41:00,0,0,0,0,0
2022-12-20 15:42:00,0,0,0,0,0
2022-12-20 15:43:00,0,0,0,0,0
2022-12-20 15:44:00,0,0,0,0,0
2022-12-20 15:45:00,0,0,0,0,0
2022-12-20 15:46:00,0,0,0,0,0
2022-12-20 15:47:00,0,0,0,0,0
2022-12-20 15:48:00,0,0,0,0,0
2022-12-20 15:49:00,0,0,0,0,0
2022-12-20 15:50:00,0,0,0,0,0
2022-12-20 15:51:00,0,0,0,0,0
2022-12-20 15:52:00,0,0,0,0,0
2022-12-20 15:53:00,0,0,0,0,0
2022-12-20 15:54:00,0,0,0,0,0
2022-12-20 15:55:00,0,0,0,0,0
2022-12-20 15:56:00,0,0,0,0,0
2022-12-20 15:57:00,0,0,0,0,0
2022-12-20 15:58:00,0,0,0,0,0
2022-12-20 15:59:00,0,0,0,0,0
2022-12-21 09:00:00,820,820,820,820,0
2022-12-21 09:01:00,0,0,0,0,0
2022-12-21 09:02:00,0,0,0,0,0
2022-12-21 09:03:00,0,0,0,0,0
2022-12-21 09:04:00,0,0,0,0,0
2022-12-21 09:05:00,0,0,0,0,0
2022-12-21 09:06:00,0,0,0,0,0
2022-12-21 09:07:00,0,0,0,0,0
2022-12-21 09:08:00,0,0,0,0,0
2022-12-21 09:09:00,0,0,0,0,0
2022-12-21 09:10:00,0,0,0,0,0
2022-12-21 09:11:00,0,0,0,0,0
2022-12-21 09:12:00,0,0,0,0,0
2022-12-21 09:13:00,0,0,0,0,0
2022-12-21 09:14:00,0,0,0,0,0
2022-12-21 09:15:00,0,0,0,0,0
2022-12-21 09:16:00,0,0,0,0,0
2022-12-21 09:17:00,0,0,0,0,0
2022-12-21 09:18:00,0,0,0,0,0
2022-12-21 09:19:00,0,0,0,0,0
2022-12-21 09:20:00,0,0,0,0,0
2022-12-21 09:21:00,0,0,0,0,0
2022-12-21 09:22:00,0,0,0,0,0
2022-12-21 09:23:00,0,0,0,0,0
2022-12-21 09:24:00,0,0,0,0,0
2022-12-21 09:25:00,810,810,810,810,1000
2022-12-21 09:26:00,0,0,0,0,0
2022-12-21 09:27:00,805,795,805,795,3100
2022-12-21 09:28:00,0,0,0,0,0
2022-12-21 09:29:00,0,0,0,0,0
2022-12-21 09:30:00,0,0,0,0,0
2022-12-21 09:31:00,0,0,0,0,0
2022-12-21 09:32:00,0,0,0,0,0
2022-12-21 09:33:00,0,0,0,0,0
2022-12-21 09:34:00,0,0,0,0,0
2022-12-21 09:35:00,0,0,0,0,0
2022-12-21 09:36:00,0,0,0,0,0
2022-12-21 09:37:00,0,0,0,0,0
2022-12-21 09:38:00,0,0,0,0,0
2022-12-21 09:39:00,0,0,0,0,0
2022-12-21 09:40:00,0,0,0,0,0
2022-12-21 09:41:00,0,0,0,0,0
2022-12-21 09:42:00,0,0,0,0,0
2022-12-21 09:43:00,0,0,0,0,0
2022-12-21 09:44:00,805,800,805,800,35000
2022-12-21 09:45:00,0,0,0,0,0
2022-12-21 09:46:00,0,0,0,0,0
2022-12-21 09:47:00,0,0,0,0,0
2022-12-21 09:48:00,0,0,0,0,0
2022-12-21 09:49:00,0,0,0,0,0
2022-12-21 09:50:00,0,0,0,0,0
2022-12-21 09:51:00,0,0,0,0,0
2022-12-21 09:52:00,0,0,0,0,0
2022-12-21 09:53:00,0,0,0,0,0
2022-12-21 09:54:00,0,0,0,0,0
2022-12-21 09:55:00,0,0,0,0,0
2022-12-21 09:56:00,0,0,0,0,0
2022-12-21 09:57:00,0,0,0,0,0
2022-12-21 09:58:00,0,0,0,0,0
2022-12-21 09:59:00,0,0,0,0,0
2022-12-21 10:00:00,0,0,0,0,0
2022-12-21 10:01:00,0,0,0,0,0
2022-12-21 10:02:00,0,0,0,0,0
2022-12-21 10:03:00,800,800,800,800,17600
2022-12-21 10:04:00,0,0,0,0,0
2022-12-21 10:05:00,0,0,0,0,0
2022-12-21 10:06:00,0,0,0,0,0
2022-12-21 10:07:00,0,0,0,0,0
2022-12-21 10:08:00,0,0,0,0,0
2022-12-21 10:09:00,0,0,0,0,0
2022-12-21 10:10:00,820,820,820,820,0
2022-12-21 10:11:00,0,0,0,0,0
2022-12-21 10:12:00,0,0,0,0,0
2022-12-21 10:13:00,0,0,0,0,0
2022-12-21 10:14:00,0,0,0,0,0
2022-12-21 10:15:00,0,0,0,0,0
2022-12-21 10:16:00,0,0,0,0,0
2022-12-21 10:17:00,0,0,0,0,0
2022-12-21 10:18:00,0,0,0,0,0
2022-12-21 10:19:00,0,0,0,0,0
2022-12-21 10:20:00,0,0,0,0,0
2022-12-21 10:21:00,0,0,0,0,0
2022-12-21 10:22:00,0,0,0,0,0
2022-12-21 10:23:00,820,820,820,820,3100
2022-12-21 10:24:00,815,815,815,815,0
2022-12-21 10:25:00,0,0,0,0,0
2022-12-21 10:26:00,0,0,0,0,0
2022-12-21 10:27:00,815,815,815,815,100
2022-12-21 10:28:00,0,0,0,0,0
2022-12-21 10:29:00,0,0,0,0,0
2022-12-21 10:30:00,0,0,0,0,0
2022-12-21 10:31:00,0,0,0,0,0
2022-12-21 10:32:00,0,0,0,0,0
2022-12-21 10:33:00,0,0,0,0,0
2022-12-21 10:34:00,0,0,0,0,0
2022-12-21 10:35:00,0,0,0,0,0
2022-12-21 10:36:00,0,0,0,0,0
2022-12-21 10:37:00,0,0,0,0,0
2022-12-21 10:38:00,0,0,0,0,0
2022-12-21 10:39:00,0,0,0,0,0
2022-12-21 10:40:00,0,0,0,0,0
2022-12-21 10:41:00,0,0,0,0,0
2022-12-21 10:42:00,0,0,0,0,0
2022-12-21 10:43:00,0,0,0,0,0
2022-12-21 10:44:00,0,0,0,0,0
2022-12-21 10:45:00,0,0,0,0,0
2022-12-21 10:46:00,0,0,0,0,0
2022-12-21 10:47:00,815,815,815,815,400
2022-12-21 10:48:00,0,0,0,0,0
2022-12-21 10:49:00,0,0,0,0,0
2022-12-21 10:50:00,0,0,0,0,0
2022-12-21 10:51:00,0,0,0,0,0
2022-12-21 10:52:00,0,0,0,0,0
2022-12-21 10:53:00,0,0,0,0,0
2022-12-21 10:54:00,0,0,0,0,0
2022-12-21 10:55:00,0,0,0,0,0
2022-12-21 10:56:00,0,0,0,0,0
2022-12-21 10:57:00,0,0,0,0,0
2022-12-21 10:58:00,0,0,0,0,0
2022-12-21 10:59:00,0,0,0,0,0
2022-12-21 11:00:00,0,0,0,0,0
2022-12-21 11:01:00,0,0,0,0,0
2022-12-21 11:02:00,0,0,0,0,0
2022-12-21 11:03:00,815,815,815,815,1000
2022-12-21 11:04:00,0,0,0,0,0
2022-12-21 11:05:00,0,0,0,0,0
2022-12-21 11:06:00,0,0,0,0,0
2022-12-21 11:07:00,0,0,0,0,0
2022-12-21 11:08:00,0,0,0,0,0
2022-12-21 11:09:00,0,0,0,0,0
2022-12-21 11:10:00,0,0,0,0,0
2022-12-21 11:11:00,0,0,0,0,0
2022-12-21 11:12:00,0,0,0,0,0
2022-12-21 11:13:00,0,0,0,0,0
2022-12-21 11:14:00,0,0,0,0,0
2022-12-21 11:15:00,0,0,0,0,0
2022-12-21 11:16:00,0,0,0,0,0
2022-12-21 11:17:00,0,0,0,0,0
2022-12-21 11:18:00,0,0,0,0,0
2022-12-21 11:19:00,0,0,0,0,0
2022-12-21 11:20:00,0,0,0,0,0
2022-12-21 11:21:00,0,0,0,0,0
2022-12-21 11:22:00,0,0,0,0,0
2022-12-21 11:23:00,0,0,0,0,0
2022-12-21 11:24:00,0,0,0,0,0
2022-12-21 11:25:00,0,0,0,0,0
2022-12-21 11:26:00,0,0,0,0,0
2022-12-21 11:27:00,0,0,0,0,0
2022-12-21 11:28:00,0,0,0,0,0
2022-12-21 11:29:00,0,0,0,0,0
2022-12-21 11:30:00,0,0,0,0,0
2022-12-21 11:31:00,0,0,0,0,0
2022-12-21 11:32:00,0,0,0,0,0
2022-12-21 11:33:00,0,0,0,0,0
2022-12-21 11:34:00,0,0,0,0,0
2022-12-21 11:35:00,0,0,0,0,0
2022-12-21 11:36:00,0,0,0,0,0
2022-12-21 11:37:00,0,0,0,0,0
2022-12-21 11:38:00,0,0,0,0,0
2022-12-21 11:39:00,0,0,0,0,0
2022-12-21 11:40:00,0,0,0,0,0
2022-12-21 11:41:00,0,0,0,0,0
2022-12-21 11:42:00,0,0,0,0,0
2022-12-21 11:43:00,0,0,0,0,0
2022-12-21 11:44:00,0,0,0,0,0
2022-12-21 11:45:00,0,0,0,0,0
2022-12-21 11:46:00,0,0,0,0,0
2022-12-21 11:47:00,0,0,0,0,0
2022-12-21 11:48:00,0,0,0,0,0
2022-12-21 11:49:00,0,0,0,0,0
2022-12-21 11:50:00,0,0,0,0,0
2022-12-21 11:51:00,0,0,0,0,0
2022-12-21 11:52:00,0,0,0,0,0
2022-12-21 11:53:00,0,0,0,0,0
2022-12-21 11:54:00,0,0,0,0,0
2022-12-21 11:55:00,0,0,0,0,0
2022-12-21 11:56:00,0,0,0,0,0
2022-12-21 11:57:00,0,0,0,0,0
2022-12-21 11:58:00,0,0,0,0,0
2022-12-21 11:59:00,0,0,0,0,0
2022-12-21 12:00:00,0,0,0,0,0
2022-12-21 12:01:00,0,0,0,0,0
2022-12-21 12:02:00,0,0,0,0,0
2022-12-21 12:03:00,0,0,0,0,0
2022-12-21 12:04:00,0,0,0,0,0
2022-12-21 12:05:00,0,0,0,0,0
2022-12-21 12:06:00,0,0,0,0,0
2022-12-21 12:07:00,0,0,0,0,0
2022-12-21 12:08:00,0,0,0,0,0
2022-12-21 12:09:00,0,0,0,0,0
2022-12-21 12:10:00,0,0,0,0,0
2022-12-21 12:11:00,0,0,0,0,0
2022-12-21 12:12:00,0,0,0,0,0
2022-12-21 12:13:00,0,0,0,0,0
2022-12-21 12:14:00,0,0,0,0,0
2022-12-21 12:15:00,0,0,0,0,0
2022-12-21 12:16:00,0,0,0,0,0
2022-12-21 12:17:00,0,0,0,0,0
2022-12-21 12:18:00,0,0,0,0,0
2022-12-21 12:19:00,0,0,0,0,0
2022-12-21 12:20:00,0,0,0,0,0
2022-12-21 12:21:00,0,0,0,0,0
2022-12-21 12:22:00,0,0,0,0,0
2022-12-21 12:23:00,0,0,0,0,0
2022-12-21 12:24:00,0,0,0,0,0
2022-12-21 12:25:00,0,0,0,0,0
2022-12-21 12:26:00,0,0,0,0,0
2022-12-21 12:27:00,0,0,0,0,0
2022-12-21 12:28:00,0,0,0,0,0
2022-12-21 12:29:00,0,0,0,0,0
2022-12-21 12:30:00,0,0,0,0,0
2022-12-21 12:31:00,0,0,0,0,0
2022-12-21 12:32:00,0,0,0,0,0
2022-12-21 12:33:00,0,0,0,0,0
2022-12-21 12:34:00,0,0,0,0,0
2022-12-21 12:35:00,0,0,0,0,0
2022-12-21 12:36:00,0,0,0,0,0
2022-12-21 12:37:00,0,0,0,0,0
2022-12-21 12:38:00,0,0,0,0,0
2022-12-21 12:39:00,0,0,0,0,0
2022-12-21 12:40:00,0,0,0,0,0
2022-12-21 12:41:00,0,0,0,0,0
2022-12-21 12:42:00,0,0,0,0,0
2022-12-21 12:43:00,0,0,0,0,0
2022-12-21 12:44:00,0,0,0,0,0
2022-12-21 12:45:00,0,0,0,0,0
2022-12-21 12:46:00,0,0,0,0,0
2022-12-21 12:47:00,0,0,0,0,0
2022-12-21 12:48:00,0,0,0,0,0
2022-12-21 12:49:00,0,0,0,0,0
2022-12-21 12:50:00,0,0,0,0,0
2022-12-21 12:51:00,0,0,0,0,0
2022-12-21 12:52:00,0,0,0,0,0
2022-12-21 12:53:00,0,0,0,0,0
2022-12-21 12:54:00,0,0,0,0,0
2022-12-21 12:55:00,0,0,0,0,0
2022-12-21 12:56:00,0,0,0,0,0
2022-12-21 12:57:00,0,0,0,0,0
2022-12-21 12:58:00,0,0,0,0,0
2022-12-21 12:59:00,0,0,0,0,0
2022-12-21 13:00:00,0,0,0,0,0
2022-12-21 13:01:00,0,0,0,0,0
2022-12-21 13:02:00,0,0,0,0,0
2022-12-21 13:03:00,0,0,0,0,0
2022-12-21 13:04:00,0,0,0,0,0
2022-12-21 13:05:00,0,0,0,0,0
2022-12-21 13:06:00,0,0,0,0,0
2022-12-21 13:07:00,0,0,0,0,0
2022-12-21 13:08:00,0,0,0,0,0
2022-12-21 13:09:00,0,0,0,0,0
2022-12-21 13:10:00,0,0,0,0,0
2022-12-21 13:11:00,0,0,0,0,0
2022-12-21 13:12:00,0,0,0,0,0
2022-12-21 13:13:00,0,0,0,0,0
2022-12-21 13:14:00,0,0,0,0,0
2022-12-21 13:15:00,0,0,0,0,0
2022-12-21 13:16:00,0,0,0,0,0
2022-12-21 13:17:00,0,0,0,0,0
2022-12-21 13:18:00,0,0,0,0,0
2022-12-21 13:19:00,0,0,0,0,0
2022-12-21 13:20:00,0,0,0,0,0
2022-12-21 13:21:00,0,0,0,0,0
2022-12-21 13:22:00,0,0,0,0,0
2022-12-21 13:23:00,0,0,0,0,0
2022-12-21 13:24:00,0,0,0,0,0
2022-12-21 13:25:00,0,0,0,0,0
2022-12-21 13:26:00,0,0,0,0,0
2022-12-21 13:27:00,0,0,0,0,0
2022-12-21 13:28:00,0,0,0,0,0
2022-12-21 13:29:00,0,0,0,0,0
2022-12-21 13:30:00,815,815,815,815,2200
2022-12-21 13:31:00,0,0,0,0,0
2022-12-21 13:32:00,0,0,0,0,0
2022-12-21 13:33:00,0,0,0,0,0
2022-12-21 13:34:00,805,800,805,800,99000
2022-12-21 13:35:00,0,0,0,0,0
2022-12-21 13:36:00,0,0,0,0,0
2022-12-21 13:37:00,0,0,0,0,0
2022-12-21 13:38:00,0,0,0,0,0
2022-12-21 13:39:00,0,0,0,0,0
2022-12-21 13:40:00,0,0,0,0,0
2022-12-21 13:41:00,805,805,805,805,600
2022-12-21 13:42:00,0,0,0,0,0
2022-12-21 13:43:00,0,0,0,0,0
2022-12-21 13:44:00,0,0,0,0,0
2022-12-21 13:45:00,810,810,810,810,400
2022-12-21 13:46:00,0,0,0,0,0
2022-12-21 13:47:00,0,0,0,0,0
2022-12-21 13:48:00,0,0,0,0,0
2022-12-21 13:49:00,0,0,0,0,0
2022-12-21 13:50:00,815,815,815,815,0
2022-12-21 13:51:00,0,0,0,0,0
2022-12-21 13:52:00,0,0,0,0,0
2022-12-21 13:53:00,0,0,0,0,0
2022-12-21 13:54:00,0,0,0,0,0
2022-12-21 13:55:00,0,0,0,0,0
2022-12-21 13:56:00,0,0,0,0,0
2022-12-21 13:57:00,0,0,0,0,0
2022-12-21 13:58:00,0,0,0,0,0
2022-12-21 13:59:00,0,0,0,0,0
2022-12-21 14:00:00,0,0,0,0,0
2022-12-21 14:01:00,0,0,0,0,0
2022-12-21 14:02:00,0,0,0,0,0
2022-12-21 14:03:00,0,0,0,0,0
2022-12-21 14:04:00,0,0,0,0,0
2022-12-21 14:05:00,0,0,0,0,0
2022-12-21 14:06:00,0,0,0,0,0
2022-12-21 14:07:00,0,0,0,0,0
2022-12-21 14:08:00,0,0,0,0,0
2022-12-21 14:09:00,0,0,0,0,0
2022-12-21 14:10:00,0,0,0,0,0
2022-12-21 14:11:00,0,0,0,0,0
2022-12-21 14:12:00,0,0,0,0,0
2022-12-21 14:13:00,0,0,0,0,0
2022-12-21 14:14:00,0,0,0,0,0
2022-12-21 14:15:00,0,0,0,0,0
2022-12-21 14:16:00,0,0,0,0,0
2022-12-21 14:17:00,0,0,0,0,0
2022-12-21 14:18:00,0,0,0,0,0
2022-12-21 14:19:00,0,0,0,0,0
2022-12-21 14:20:00,815,815,815,815,100
2022-12-21 14:21:00,0,0,0,0,0
2022-12-21 14:22:00,0,0,0,0,0
2022-12-21 14:23:00,0,0,0,0,0
2022-12-21 14:24:00,0,0,0,0,0
2022-12-21 14:25:00,0,0,0,0,0
2022-12-21 14:26:00,0,0,0,0,0
2022-12-21 14:27:00,0,0,0,0,0
2022-12-21 14:28:00,0,0,0,0,0
2022-12-21 14:29:00,0,0,0,0,0
2022-12-21 14:30:00,0,0,0,0,0
2022-12-21 14:31:00,0,0,0,0,0
2022-12-21 14:32:00,0,0,0,0,0
2022-12-21 14:33:00,0,0,0,0,0
2022-12-21 14:34:00,0,0,0,0,0
2022-12-21 14:35:00,0,0,0,0,0
2022-12-21 14:36:00,815,815,815,815,2600
2022-12-21 14:37:00,0,0,0,0,0
2022-12-21 14:38:00,0,0,0,0,0
2022-12-21 14:39:00,0,0,0,0,0
2022-12-21 14:40:00,0,0,0,0,0
2022-12-21 14:41:00,0,0,0,0,0
2022-12-21 14:42:00,0,0,0,0,0
2022-12-21 14:43:00,0,0,0,0,0
2022-12-21 14:44:00,0,0,0,0,0
2022-12-21 14:45:00,0,0,0,0,0
2022-12-21 14:46:00,0,0,0,0,0
2022-12-21 14:47:00,0,0,0,0,0
2022-12-21 14:48:00,0,0,0,0,0
2022-12-21 14:49:00,0,0,0,0,0
2022-12-21 14:50:00,0,0,0,0,0
2022-12-21 14:51:00,0,0,0,0,0
2022-12-21 14:52:00,0,0,0,0,0
2022-12-21 14:53:00,0,0,0,0,0
2022-12-21 14:54:00,0,0,0,0,0
2022-12-21 14:55:00,0,0,0,0,0
2022-12-21 14:56:00,0,0,0,0,0
2022-12-21 14:57:00,0,0,0,0,0
2022-12-21 14:58:00,0,0,0,0,0
2022-12-21 14:59:00,0,0,0,0,0
2022-12-21 15:00:00,805,805,805,805,0
2022-12-21 15:01:00,0,0,0,0,0
2022-12-21 15:02:00,0,0,0,0,0
2022-12-21 15:03:00,0,0,0,0,0
2022-12-21 15:04:00,0,0,0,0,0
2022-12-21 15:05:00,0,0,0,0,0
2022-12-21 15:06:00,0,0,0,0,0
2022-12-21 15:07:00,0,0,0,0,0
2022-12-21 15:08:00,0,0,0,0,0
2022-12-21 15:09:00,0,0,0,0,0
2022-12-21 15:10:00,0,0,0,0,0
2022-12-21 15:11:00,0,0,0,0,0
2022-12-21 15:12:00,0,0,0,0,0
2022-12-21 15:13:00,805,805,805,805,156100
2022-12-21 15:14:00,0,0,0,0,0
2022-12-21 15:15:00,0,0,0,0,0
2022-12-21 15:16:00,0,0,0,0,0
2022-12-21 15:17:00,0,0,0,0,0
2022-12-21 15:18:00,0,0,0,0,0
2022-12-21 15:19:00,0,0,0,0,0
2022-12-21 15:20:00,0,0,0,0,0
2022-12-21 15:21:00,0,0,0,0,0
2022-12-21 15:22:00,0,0,0,0,0
2022-12-21 15:23:00,0,0,0,0,0
2022-12-21 15:24:00,0,0,0,0,0
2022-12-21 15:25:00,0,0,0,0,0
2022-12-21 15:26:00,0,0,0,0,0
2022-12-21 15:27:00,0,0,0,0,0
2022-12-21 15:28:00,0,0,0,0,0
2022-12-21 15:29:00,0,0,0,0,0
2022-12-21 15:30:00,0,0,0,0,0
2022-12-21 15:31:00,0,0,0,0,0
2022-12-21 15:32:00,0,0,0,0,0
2022-12-21 15:33:00,0,0,0,0,0
2022-12-21 15:34:00,0,0,0,0,0
2022-12-21 15:35:00,0,0,0,0,0
2022-12-21 15:36:00,0,0,0,0,0
2022-12-21 15:37:00,0,0,0,0,0
2022-12-21 15:38:00,0,0,0,0,0
2022-12-21 15:39:00,0,0,0,0,0
2022-12-21 15:40:00,0,0,0,0,0
2022-12-21 15:41:00,0,0,0,0,0
2022-12-21 15:42:00,0,0,0,0,0
2022-12-21 15:43:00,0,0,0,0,0
2022-12-21 15:44:00,0,0,0,0,0
2022-12-21 15:45:00,0,0,0,0,0
2022-12-21 15:46:00,0,0,0,0,0
2022-12-21 15:47:00,0,0,0,0,0
2022-12-21 15:48:00,0,0,0,0,0
2022-12-21 15:49:00,0,0,0,0,0
2022-12-21 15:50:00,0,0,0,0,0
2022-12-21 15:51:00,0,0,0,0,0
2022-12-21 15:52:00,0,0,0,0,0
2022-12-21 15:53:00,0,0,0,0,0
2022-12-21 15:54:00,0,0,0,0,0
2022-12-21 15:55:00,0,0,0,0,0
2022-12-21 15:56:00,0,0,0,0,0
2022-12-21 15:57:00,0,0,0,0,0
2022-12-21 15:58:00,0,0,0,0,0
2022-12-21 15:59:00,0,0,0,0,0
2022-12-22 09:00:00,805,805,805,805,0
2022-12-22 09:01:00,0,0,0,0,0
2022-12-22 09:02:00,0,0,0,0,0
2022-12-22 09:03:00,0,0,0,0,0
2022-12-22 09:04:00,0,0,0,0,0
2022-12-22 09:05:00,0,0,0,0,0
2022-12-22 09:06:00,0,0,0,0,0
2022-12-22 09:07:00,805,805,805,805,0
2022-12-22 09:08:00,0,0,0,0,0
2022-12-22 09:09:00,0,0,0,0,0
2022-12-22 09:10:00,0,0,0,0,0
2022-12-22 09:11:00,0,0,0,0,0
2022-12-22 09:12:00,0,0,0,0,0
2022-12-22 09:13:00,0,0,0,0,0
2022-12-22 09:14:00,0,0,0,0,0
2022-12-22 09:15:00,0,0,0,0,0
2022-12-22 09:16:00,0,0,0,0,0
2022-12-22 09:17:00,0,0,0,0,0
2022-12-22 09:18:00,0,0,0,0,0
2022-12-22 09:19:00,0,0,0,0,0
2022-12-22 09:20:00,0,0,0,0,0
2022-12-22 09:21:00,0,0,0,0,0
2022-12-22 09:22:00,0,0,0,0,0
2022-12-22 09:23:00,0,0,0,0,0
2022-12-22 09:24:00,0,0,0,0,0
2022-12-22 09:25:00,0,0,0,0,0
2022-12-22 09:26:00,810,810,810,810,1000
2022-12-22 09:27:00,0,0,0,0,0
2022-12-22 09:28:00,0,0,0,0,0
2022-12-22 09:29:00,0,0,0,0,0
2022-12-22 09:30:00,0,0,0,0,0
2022-12-22 09:31:00,0,0,0,0,0
2022-12-22 09:32:00,0,0,0,0,0
2022-12-22 09:33:00,0,0,0,0,0
2022-12-22 09:34:00,0,0,0,0,0
2022-12-22 09:35:00,0,0,0,0,0
2022-12-22 09:36:00,810,810,810,810,2500
2022-12-22 09:37:00,0,0,0,0,0
2022-12-22 09:38:00,0,0,0,0,0
2022-12-22 09:39:00,0,0,0,0,0
2022-12-22 09:40:00,0,0,0,0,0
2022-12-22 09:41:00,0,0,0,0,0
2022-12-22 09:42:00,0,0,0,0,0
2022-12-22 09:43:00,0,0,0,0,0
2022-12-22 09:44:00,0,0,0,0,0
2022-12-22 09:45:00,0,0,0,0,0
2022-12-22 09:46:00,0,0,0,0,0
2022-12-22 09:47:00,0,0,0,0,0
2022-12-22 09:48:00,0,0,0,0,0
2022-12-22 09:49:00,0,0,0,0,0
2022-12-22 09:50:00,0,0,0,0,0
2022-12-22 09:51:00,0,0,0,0,0
2022-12-22 09:52:00,0,0,0,0,0
2022-12-22 09:53:00,0,0,0,0,0
2022-12-22 09:54:00,0,0,0,0,0
2022-12-22 09:55:00,0,0,0,0,0
2022-12-22 09:56:00,0,0,0,0,0
2022-12-22 09:57:00,0,0,0,0,0
2022-12-22 09:58:00,0,0,0,0,0
2022-12-22 09:59:00,0,0,0,0,0
2022-12-22 10:00:00,0,0,0,0,0
2022-12-22 10:01:00,0,0,0,0,0
2022-12-22 10:02:00,0,0,0,0,0
2022-12-22 10:03:00,0,0,0,0,0
2022-12-22 10:04:00,810,810,810,810,500
2022-12-22 10:05:00,0,0,0,0,0
2022-12-22 10:06:00,0,0,0,0,0
2022-12-22 10:07:00,0,0,0,0,0
2022-12-22 10:08:00,0,0,0,0,0
2022-12-22 10:09:00,0,0,0,0,0
2022-12-22 10:10:00,0,0,0,0,0
2022-12-22 10:11:00,0,0,0,0,0
2022-12-22 10:12:00,0,0,0,0,0
2022-12-22 10:13:00,0,0,0,0,0
2022-12-22 10:14:00,0,0,0,0,0
2022-12-22 10:15:00,0,0,0,0,0
2022-12-22 10:16:00,0,0,0,0,0
2022-12-22 10:17:00,810,810,810,810,200
2022-12-22 10:18:00,0,0,0,0,0
2022-12-22 10:19:00,0,0,0,0,0
2022-12-22 10:20:00,0,0,0,0,0
2022-12-22 10:21:00,0,0,0,0,0
2022-12-22 10:22:00,0,0,0,0,0
2022-12-22 10:23:00,0,0,0,0,0
2022-12-22 10:24:00,0,0,0,0,0
2022-12-22 10:25:00,0,0,0,0,0
2022-12-22 10:26:00,0,0,0,0,0
2022-12-22 10:27:00,0,0,0,0,0
2022-12-22 10:28:00,0,0,0,0,0
2022-12-22 10:29:00,0,0,0,0,0
2022-12-22 10:30:00,0,0,0,0,0
2022-12-22 10:31:00,0,0,0,0,0
2022-12-22 10:32:00,0,0,0,0,0
2022-12-22 10:33:00,0,0,0,0,0
2022-12-22 10:34:00,0,0,0,0,0
2022-12-22 10:35:00,0,0,0,0,0
2022-12-22 10:36:00,0,0,0,0,0
2022-12-22 10:37:00,0,0,0,0,0
2022-12-22 10:38:00,0,0,0,0,0
2022-12-22 10:39:00,0,0,0,0,0
2022-12-22 10:40:00,0,0,0,0,0
2022-12-22 10:41:00,0,0,0,0,0
2022-12-22 10:42:00,0,0,0,0,0
2022-12-22 10:43:00,0,0,0,0,0
2022-12-22 10:44:00,0,0,0,0,0
2022-12-22 10:45:00,0,0,0,0,0
2022-12-22 10:46:00,0,0,0,0,0
2022-12-22 10:47:00,0,0,0,0,0
2022-12-22 10:48:00,0,0,0,0,0
2022-12-22 10:49:00,0,0,0,0,0
2022-12-22 10:50:00,0,0,0,0,0
2022-12-22 10:51:00,0,0,0,0,0
2022-12-22 10:52:00,0,0,0,0,0
2022-12-22 10:53:00,0,0,0,0,0
2022-12-22 10:54:00,0,0,0,0,0
2022-12-22 10:55:00,0,0,0,0,0
2022-12-22 10:56:00,0,0,0,0,0
2022-12-22 10:57:00,0,0,0,0,0
2022-12-22 10:58:00,0,0,0,0,0
2022-12-22 10:59:00,0,0,0,0,0
2022-12-22 11:00:00,0,0,0,0,0
2022-12-22 11:01:00,0,0,0,0,0
2022-12-22 11:02:00,0,0,0,0,0
2022-12-22 11:03:00,0,0,0,0,0
2022-12-22 11:04:00,0,0,0,0,0
2022-12-22 11:05:00,0,0,0,0,0
2022-12-22 11:06:00,0,0,0,0,0
2022-12-22 11:07:00,0,0,0,0,0
2022-12-22 11:08:00,0,0,0,0,0
2022-12-22 11:09:00,0,0,0,0,0
2022-12-22 11:10:00,0,0,0,0,0
2022-12-22 11:11:00,0,0,0,0,0
2022-12-22 11:12:00,0,0,0,0,0
2022-12-22 11:13:00,0,0,0,0,0
2022-12-22 11:14:00,0,0,0,0,0
2022-12-22 11:15:00,0,0,0,0,0
2022-12-22 11:16:00,0,0,0,0,0
2022-12-22 11:17:00,0,0,0,0,0
2022-12-22 11:18:00,810,810,810,810,3700
2022-12-22 11:19:00,0,0,0,0,0
2022-12-22 11:20:00,0,0,0,0,0
2022-12-22 11:21:00,0,0,0,0,0
2022-12-22 11:22:00,0,0,0,0,0
2022-12-22 11:23:00,0,0,0,0,0
2022-12-22 11:24:00,0,0,0,0,0
2022-12-22 11:25:00,0,0,0,0,0
2022-12-22 11:26:00,0,0,0,0,0
2022-12-22 11:27:00,0,0,0,0,0
2022-12-22 11:28:00,0,0,0,0,0
2022-12-22 11:29:00,0,0,0,0,0
2022-12-22 11:30:00,0,0,0,0,0
2022-12-22 11:31:00,0,0,0,0,0
2022-12-22 11:32:00,0,0,0,0,0
2022-12-22 11:33:00,0,0,0,0,0
2022-12-22 11:34:00,0,0,0,0,0
2022-12-22 11:35:00,0,0,0,0,0
2022-12-22 11:36:00,0,0,0,0,0
2022-12-22 11:37:00,0,0,0,0,0
2022-12-22 11:38:00,0,0,0,0,0
2022-12-22 11:39:00,0,0,0,0,0
2022-12-22 11:40:00,0,0,0,0,0
2022-12-22 11:41:00,0,0,0,0,0
2022-12-22 11:42:00,0,0,0,0,0
2022-12-22 11:43:00,0,0,0,0,0
2022-12-22 11:44:00,0,0,0,0,0
2022-12-22 11:45:00,0,0,0,0,0
2022-12-22 11:46:00,0,0,0,0,0
2022-12-22 11:47:00,0,0,0,0,0
2022-12-22 11:48:00,0,0,0,0,0
2022-12-22 11:49:00,0,0,0,0,0
2022-12-22 11:50:00,0,0,0,0,0
2022-12-22 11:51:00,0,0,0,0,0
2022-12-22 11:52:00,0,0,0,0,0
2022-12-22 11:53:00,0,0,0,0,0
2022-12-22 11:54:00,0,0,0,0,0
2022-12-22 11:55:00,0,0,0,0,0
2022-12-22 11:56:00,0,0,0,0,0
2022-12-22 11:57:00,0,0,0,0,0
2022-12-22 11:58:00,0,0,0,0,0
2022-12-22 11:59:00,0,0,0,0,0
2022-12-22 12:00:00,0,0,0,0,0
2022-12-22 12:01:00,0,0,0,0,0
2022-12-22 12:02:00,0,0,0,0,0
2022-12-22 12:03:00,0,0,0,0,0
2022-12-22 12:04:00,0,0,0,0,0
2022-12-22 12:05:00,0,0,0,0,0
2022-12-22 12:06:00,0,0,0,0,0
2022-12-22 12:07:00,0,0,0,0,0
2022-12-22 12:08:00,0,0,0,0,0
2022-12-22 12:09:00,0,0,0,0,0
2022-12-22 12:10:00,0,0,0,0,0
2022-12-22 12:11:00,0,0,0,0,0
2022-12-22 12:12:00,0,0,0,0,0
2022-12-22 12:13:00,0,0,0,0,0
2022-12-22 12:14:00,0,0,0,0,0
2022-12-22 12:15:00,0,0,0,0,0
2022-12-22 12:16:00,0,0,0,0,0
2022-12-22 12:17:00,0,0,0,0,0
2022-12-22 12:18:00,0,0,0,0,0
2022-12-22 12:19:00,0,0,0,0,0
2022-12-22 12:20:00,0,0,0,0,0
2022-12-22 12:21:00,0,0,0,0,0
2022-12-22 12:22:00,0,0,0,0,0
2022-12-22 12:23:00,0,0,0,0,0
2022-12-22 12:24:00,0,0,0,0,0
2022-12-22 12:25:00,0,0,0,0,0
2022-12-22 12:26:00,0,0,0,0,0
2022-12-22 12:27:00,0,0,0,0,0
2022-12-22 12:28:00,0,0,0,0,0
2022-12-22 12:29:00,0,0,0,0,0
2022-12-22 12:30:00,0,0,0,0,0
2022-12-22 12:31:00,0,0,0,0,0
2022-12-22 12:32:00,0,0,0,0,0
2022-12-22 12:33:00,0,0,0,0,0
2022-12-22 12:34:00,0,0,0,0,0
2022-12-22 12:35:00,0,0,0,0,0
2022-12-22 12:36:00,0,0,0,0,0
2022-12-22 12:37:00,0,0,0,0,0
2022-12-22 12:38:00,0,0,0,0,0
2022-12-22 12:39:00,0,0,0,0,0
2022-12-22 12:40:00,0,0,0,0,0
2022-12-22 12:41:00,0,0,0,0,0
2022-12-22 12:42:00,0,0,0,0,0
2022-12-22 12:43:00,0,0,0,0,0
2022-12-22 12:44:00,0,0,0,0,0
2022-12-22 12:45:00,0,0,0,0,0
2022-12-22 12:46:00,0,0,0,0,0
2022-12-22 12:47:00,0,0,0,0,0
2022-12-22 12:48:00,0,0,0,0,0
2022-12-22 12:49:00,0,0,0,0,0
2022-12-22 12:50:00,0,0,0,0,0
2022-12-22 12:51:00,0,0,0,0,0
2022-12-22 12:52:00,0,0,0,0,0
2022-12-22 12:53:00,0,0,0,0,0
2022-12-22 12:54:00,0,0,0,0,0
2022-12-22 12:55:00,0,0,0,0,0
2022-12-22 12:56:00,0,0,0,0,0
2022-12-22 12:57:00,0,0,0,0,0
2022-12-22 12:58:00,0,0,0,0,0
2022-12-22 12:59:00,0,0,0,0,0
2022-12-22 13:00:00,0,0,0,0,0
2022-12-22 13:01:00,0,0,0,0,0
2022-12-22 13:02:00,0,0,0,0,0
2022-12-22 13:03:00,0,0,0,0,0
2022-12-22 13:04:00,0,0,0,0,0
2022-12-22 13:05:00,0,0,0,0,0
2022-12-22 13:06:00,0,0,0,0,0
2022-12-22 13:07:00,0,0,0,0,0
2022-12-22 13:08:00,0,0,0,0,0
2022-12-22 13:09:00,0,0,0,0,0
2022-12-22 13:10:00,0,0,0,0,0
2022-12-22 13:11:00,0,0,0,0,0
2022-12-22 13:12:00,0,0,0,0,0
2022-12-22 13:13:00,0,0,0,0,0
2022-12-22 13:14:00,0,0,0,0,0
2022-12-22 13:15:00,0,0,0,0,0
2022-12-22 13:16:00,0,0,0,0,0
2022-12-22 13:17:00,0,0,0,0,0
2022-12-22 13:18:00,0,0,0,0,0
2022-12-22 13:19:00,0,0,0,0,0
2022-12-22 13:20:00,0,0,0,0,0
2022-12-22 13:21:00,0,0,0,0,0
2022-12-22 13:22:00,0,0,0,0,0
2022-12-22 13:23:00,0,0,0,0,0
2022-12-22 13:24:00,0,0,0,0,0
2022-12-22 13:25:00,0,0,0,0,0
2022-12-22 13:26:00,0,0,0,0,0
2022-12-22 13:27:00,0,0,0,0,0
2022-12-22 13:28:00,0,0,0,0,0
2022-12-22 13:29:00,0,0,0,0,0
2022-12-22 13:30:00,810,810,810,810,800
2022-12-22 13:31:00,0,0,0,0,0
2022-12-22 13:32:00,0,0,0,0,0
2022-12-22 13:33:00,0,0,0,0,0
2022-12-22 13:34:00,810,810,810,810,600
2022-12-22 13:35:00,0,0,0,0,0
2022-12-22 13:36:00,0,0,0,0,0
2022-12-22 13:37:00,0,0,0,0,0
2022-12-22 13:38:00,0,0,0,0,0
2022-12-22 13:39:00,0,0,0,0,0
2022-12-22 13:40:00,0,0,0,0,0
2022-12-22 13:41:00,0,0,0,0,0
2022-12-22 13:42:00,0,0,0,0,0
2022-12-22 13:43:00,810,810,810,810,400
2022-12-22 13:44:00,0,0,0,0,0
2022-12-22 13:45:00,0,0,0,0,0
2022-12-22 13:46:00,0,0,0,0,0
2022-12-22 13:47:00,0,0,0,0,0
2022-12-22 13:48:00,810,810,810,810,200
2022-12-22 13:49:00,0,0,0,0,0
2022-12-22 13:50:00,0,0,0,0,0
2022-12-22 13:51:00,0,0,0,0,0
2022-12-22 13:52:00,0,0,0,0,0
2022-12-22 13:53:00,0,0,0,0,0
2022-12-22 13:54:00,0,0,0,0,0
2022-12-22 13:55:00,0,0,0,0,0
2022-12-22 13:56:00,0,0,0,0,0
2022-12-22 13:57:00,0,0,0,0,0
2022-12-22 13:58:00,0,0,0,0,0
2022-12-22 13:59:00,0,0,0,0,0
2022-12-22 14:00:00,0,0,0,0,0
2022-12-22 14:01:00,0,0,0,0,0
2022-12-22 14:02:00,810,810,810,810,1000
2022-12-22 14:03:00,805,805,805,805,300
2022-12-22 14:04:00,0,0,0,0,0
2022-12-22 14:05:00,0,0,0,0,0
2022-12-22 14:06:00,0,0,0,0,0
2022-12-22 14:07:00,0,0,0,0,0
2022-12-22 14:08:00,0,0,0,0,0
2022-12-22 14:09:00,0,0,0,0,0
2022-12-22 14:10:00,0,0,0,0,0
2022-12-22 14:11:00,0,0,0,0,0
2022-12-22 14:12:00,0,0,0,0,0
2022-12-22 14:13:00,0,0,0,0,0
2022-12-22 14:14:00,0,0,0,0,0
2022-12-22 14:15:00,0,0,0,0,0
2022-12-22 14:16:00,0,0,0,0,0
2022-12-22 14:17:00,0,0,0,0,0
2022-12-22 14:18:00,0,0,0,0,0
2022-12-22 14:19:00,0,0,0,0,0
2022-12-22 14:20:00,0,0,0,0,0
2022-12-22 14:21:00,0,0,0,0,0
2022-12-22 14:22:00,0,0,0,0,0
2022-12-22 14:23:00,0,0,0,0,0
2022-12-22 14:24:00,0,0,0,0,0
2022-12-22 14:25:00,0,0,0,0,0
2022-12-22 14:26:00,0,0,0,0,0
2022-12-22 14:27:00,0,0,0,0,0
2022-12-22 14:28:00,0,0,0,0,0
2022-12-22 14:29:00,0,0,0,0,0
2022-12-22 14:30:00,0,0,0,0,0
2022-12-22 14:31:00,0,0,0,0,0
2022-12-22 14:32:00,0,0,0,0,0
2022-12-22 14:33:00,0,0,0,0,0
2022-12-22 14:34:00,0,0,0,0,0
2022-12-22 14:35:00,0,0,0,0,0
2022-12-22 14:36:00,0,0,0,0,0
2022-12-22 14:37:00,0,0,0,0,0
2022-12-22 14:38:00,0,0,0,0,0
2022-12-22 14:39:00,0,0,0,0,0
2022-12-22 14:40:00,0,0,0,0,0
2022-12-22 14:41:00,0,0,0,0,0
2022-12-22 14:42:00,810,810,810,810,18300
2022-12-22 14:43:00,0,0,0,0,0
2022-12-22 14:44:00,0,0,0,0,0
2022-12-22 14:45:00,0,0,0,0,0
2022-12-22 14:46:00,0,0,0,0,0
2022-12-22 14:47:00,0,0,0,0,0
2022-12-22 14:48:00,0,0,0,0,0
2022-12-22 14:49:00,0,0,0,0,0
2022-12-22 14:50:00,0,0,0,0,0
2022-12-22 14:51:00,0,0,0,0,0
2022-12-22 14:52:00,0,0,0,0,0
2022-12-22 14:53:00,0,0,0,0,0
2022-12-22 14:54:00,0,0,0,0,0
2022-12-22 14:55:00,0,0,0,0,0
2022-12-22 14:56:00,0,0,0,0,0
2022-12-22 14:57:00,0,0,0,0,0
2022-12-22 14:58:00,0,0,0,0,0
2022-12-22 14:59:00,0,0,0,0,0
2022-12-22 15:00:00,0,0,0,0,0
2022-12-22 15:01:00,0,0,0,0,0
2022-12-22 15:02:00,0,0,0,0,0
2022-12-22 15:03:00,0,0,0,0,0
2022-12-22 15:04:00,0,0,0,0,0
2022-12-22 15:05:00,0,0,0,0,0
2022-12-22 15:06:00,0,0,0,0,0
2022-12-22 15:07:00,0,0,0,0,0
2022-12-22 15:08:00,0,0,0,0,0
2022-12-22 15:09:00,0,0,0,0,0
2022-12-22 15:10:00,0,0,0,0,0
2022-12-22 15:11:00,0,0,0,0,0
2022-12-22 15:12:00,0,0,0,0,0
2022-12-22 15:13:00,0,0,0,0,0
2022-12-22 15:14:00,0,0,0,0,0
2022-12-22 15:15:00,0,0,0,0,0
2022-12-22 15:16:00,0,0,0,0,0
2022-12-22 15:17:00,0,0,0,0,0
2022-12-22 15:18:00,0,0,0,0,0
2022-12-22 15:19:00,0,0,0,0,0
2022-12-22 15:20:00,0,0,0,0,0
2022-12-22 15:21:00,0,0,0,0,0
2022-12-22 15:22:00,0,0,0,0,0
2022-12-22 15:23:00,0,0,0,0,0
2022-12-22 15:24:00,0,0,0,0,0
2022-12-22 15:25:00,0,0,0,0,0
2022-12-22 15:26:00,0,0,0,0,0
2022-12-22 15:27:00,0,0,0,0,0
2022-12-22 15:28:00,0,0,0,0,0
2022-12-22 15:29:00,0,0,0,0,0
2022-12-22 15:30:00,0,0,0,0,0
2022-12-22 15:31:00,0,0,0,0,0
2022-12-22 15:32:00,0,0,0,0,0
2022-12-22 15:33:00,0,0,0,0,0
2022-12-22 15:34:00,0,0,0,0,0
2022-12-22 15:35:00,0,0,0,0,0
2022-12-22 15:36:00,0,0,0,0,0
2022-12-22 15:37:00,0,0,0,0,0
2022-12-22 15:38:00,0,0,0,0,0
2022-12-22 15:39:00,0,0,0,0,0
2022-12-22 15:40:00,0,0,0,0,0
2022-12-22 15:41:00,0,0,0,0,0
2022-12-22 15:42:00,0,0,0,0,0
2022-12-22 15:43:00,0,0,0,0,0
2022-12-22 15:44:00,0,0,0,0,0
2022-12-22 15:45:00,0,0,0,0,0
2022-12-22 15:46:00,0,0,0,0,0
2022-12-22 15:47:00,0,0,0,0,0
2022-12-22 15:48:00,0,0,0,0,0
2022-12-22 15:49:00,0,0,0,0,0
2022-12-22 15:50:00,0,0,0,0,0
2022-12-22 15:51:00,0,0,0,0,0
2022-12-22 15:52:00,0,0,0,0,0
2022-12-22 15:53:00,0,0,0,0,0
2022-12-22 15:54:00,0,0,0,0,0
2022-12-22 15:55:00,0,0,0,0,0
2022-12-22 15:56:00,0,0,0,0,0
2022-12-22 15:57:00,0,0,0,0,0
2022-12-22 15:58:00,0,0,0,0,0
2022-12-22 15:59:00,0,0,0,0,0
2022-12-23 09:00:00,0,0,0,0,0
2022-12-23 09:01:00,0,0,0,0,0
2022-12-23 09:02:00,0,0,0,0,0
2022-12-23 09:03:00,0,0,0,0,0
2022-12-23 09:04:00,805,805,810,810,0
2022-12-23 09:05:00,0,0,0,0,0
2022-12-23 09:06:00,0,0,0,0,0
2022-12-23 09:07:00,0,0,0,0,0
2022-12-23 09:08:00,0,0,0,0,0
2022-12-23 09:09:00,0,0,0,0,0
2022-12-23 09:10:00,0,0,0,0,0
2022-12-23 09:11:00,0,0,0,0,0
2022-12-23 09:12:00,0,0,0,0,0
2022-12-23 09:13:00,0,0,0,0,0
2022-12-23 09:14:00,0,0,0,0,0
2022-12-23 09:15:00,0,0,0,0,0
2022-12-23 09:16:00,0,0,0,0,0
2022-12-23 09:17:00,0,0,0,0,0
2022-12-23 09:18:00,0,0,0,0,0
2022-12-23 09:19:00,0,0,0,0,0
2022-12-23 09:20:00,0,0,0,0,0
2022-12-23 09:21:00,0,0,0,0,0
2022-12-23 09:22:00,0,0,0,0,0
2022-12-23 09:23:00,0,0,0,0,0
2022-12-23 09:24:00,0,0,0,0,0
2022-12-23 09:25:00,0,0,0,0,0
2022-12-23 09:26:00,0,0,0,0,0
2022-12-23 09:27:00,0,0,0,0,0
2022-12-23 09:28:00,0,0,0,0,0
2022-12-23 09:29:00,0,0,0,0,0
2022-12-23 09:30:00,0,0,0,0,0
2022-12-23 09:31:00,0,0,0,0,0
2022-12-23 09:32:00,0,0,0,0,0
2022-12-23 09:33:00,0,0,0,0,0
2022-12-23 09:34:00,0,0,0,0,0
2022-12-23 09:35:00,0,0,0,0,0
2022-12-23 09:36:00,0,0,0,0,0
2022-12-23 09:37:00,0,0,0,0,0
2022-12-23 09:38:00,0,0,0,0,0
2022-12-23 09:39:00,810,810,810,810,1000
2022-12-23 09:40:00,0,0,0,0,0
2022-12-23 09:41:00,0,0,0,0,0
2022-12-23 09:42:00,0,0,0,0,0
2022-12-23 09:43:00,0,0,0,0,0
2022-12-23 09:44:00,0,0,0,0,0
2022-12-23 09:45:00,0,0,0,0,0
2022-12-23 09:46:00,0,0,0,0,0
2022-12-23 09:47:00,0,0,0,0,0
2022-12-23 09:48:00,0,0,0,0,0
2022-12-23 09:49:00,0,0,0,0,0
2022-12-23 09:50:00,0,0,0,0,0
2022-12-23 09:51:00,0,0,0,0,0
2022-12-23 09:52:00,0,0,0,0,0
2022-12-23 09:53:00,0,0,0,0,0
2022-12-23 09:54:00,0,0,0,0,0
2022-12-23 09:55:00,0,0,0,0,0
2022-12-23 09:56:00,0,0,0,0,0
2022-12-23 09:57:00,0,0,0,0,0
2022-12-23 09:58:00,0,0,0,0,0
2022-12-23 09:59:00,0,0,0,0,0
2022-12-23 10:00:00,0,0,0,0,0
2022-12-23 10:01:00,0,0,0,0,0
2022-12-23 10:02:00,0,0,0,0,0
2022-12-23 10:03:00,805,805,805,805,19500
2022-12-23 10:04:00,805,805,805,805,0
2022-12-23 10:05:00,0,0,0,0,0
2022-12-23 10:06:00,0,0,0,0,0
2022-12-23 10:07:00,0,0,0,0,0
2022-12-23 10:08:00,0,0,0,0,0
2022-12-23 10:09:00,0,0,0,0,0
2022-12-23 10:10:00,0,0,0,0,0
2022-12-23 10:11:00,0,0,0,0,0
2022-12-23 10:12:00,0,0,0,0,0
2022-12-23 10:13:00,0,0,0,0,0
2022-12-23 10:14:00,0,0,0,0,0
2022-12-23 10:15:00,0,0,0,0,0
2022-12-23 10:16:00,0,0,0,0,0
2022-12-23 10:17:00,0,0,0,0,0
2022-12-23 10:18:00,0,0,0,0,0
2022-12-23 10:19:00,0,0,0,0,0
2022-12-23 10:20:00,805,805,815,815,1100
2022-12-23 10:21:00,0,0,0,0,0
2022-12-23 10:22:00,0,0,0,0,0
2022-12-23 10:23:00,0,0,0,0,0
2022-12-23 10:24:00,0,0,0,0,0
2022-12-23 10:25:00,0,0,0,0,0
2022-12-23 10:26:00,0,0,0,0,0
2022-12-23 10:27:00,0,0,0,0,0
2022-12-23 10:28:00,0,0,0,0,0
2022-12-23 10:29:00,0,0,0,0,0
2022-12-23 10:30:00,0,0,0,0,0
2022-12-23 10:31:00,0,0,0,0,0
2022-12-23 10:32:00,0,0,0,0,0
2022-12-23 10:33:00,0,0,0,0,0
2022-12-23 10:34:00,0,0,0,0,0
2022-12-23 10:35:00,0,0,0,0,0
2022-12-23 10:36:00,0,0,0,0,0
2022-12-23 10:37:00,0,0,0,0,0
2022-12-23 10:38:00,0,0,0,0,0
2022-12-23 10:39:00,0,0,0,0,0
2022-12-23 10:40:00,0,0,0,0,0
2022-12-23 10:41:00,0,0,0,0,0
2022-12-23 10:42:00,0,0,0,0,0
2022-12-23 10:43:00,0,0,0,0,0
2022-12-23 10:44:00,0,0,0,0,0
2022-12-23 10:45:00,0,0,0,0,0
2022-12-23 10:46:00,0,0,0,0,0
2022-12-23 10:47:00,0,0,0,0,0
2022-12-23 10:48:00,0,0,0,0,0
2022-12-23 10:49:00,0,0,0,0,0
2022-12-23 10:50:00,0,0,0,0,0
2022-12-23 10:51:00,0,0,0,0,0
2022-12-23 10:52:00,0,0,0,0,0
2022-12-23 10:53:00,0,0,0,0,0
2022-12-23 10:54:00,0,0,0,0,0
2022-12-23 10:55:00,0,0,0,0,0
2022-12-23 10:56:00,0,0,0,0,0
2022-12-23 10:57:00,0,0,0,0,0
2022-12-23 10:58:00,0,0,0,0,0
2022-12-23 10:59:00,0,0,0,0,0
2022-12-23 11:00:00,0,0,0,0,0
2022-12-23 11:01:00,0,0,0,0,0
2022-12-23 11:02:00,0,0,0,0,0
2022-12-23 11:03:00,0,0,0,0,0
2022-12-23 11:04:00,0,0,0,0,0
2022-12-23 11:05:00,0,0,0,0,0
2022-12-23 11:06:00,0,0,0,0,0
2022-12-23 11:07:00,0,0,0,0,0
2022-12-23 11:08:00,0,0,0,0,0
2022-12-23 11:09:00,0,0,0,0,0
2022-12-23 11:10:00,0,0,0,0,0
2022-12-23 11:11:00,0,0,0,0,0
2022-12-23 11:12:00,0,0,0,0,0
2022-12-23 11:13:00,0,0,0,0,0
2022-12-23 11:14:00,0,0,0,0,0
2022-12-23 11:15:00,0,0,0,0,0
2022-12-23 11:16:00,0,0,0,0,0
2022-12-23 11:17:00,0,0,0,0,0
2022-12-23 11:18:00,0,0,0,0,0
2022-12-23 11:19:00,0,0,0,0,0
2022-12-23 11:20:00,0,0,0,0,0
2022-12-23 11:21:00,0,0,0,0,0
2022-12-23 11:22:00,0,0,0,0,0
2022-12-23 11:23:00,0,0,0,0,0
2022-12-23 11:24:00,0,0,0,0,0
2022-12-23 11:25:00,0,0,0,0,0
2022-12-23 11:26:00,0,0,0,0,0
2022-12-23 11:27:00,0,0,0,0,0
2022-12-23 11:28:00,0,0,0,0,0
2022-12-23 11:29:00,0,0,0,0,0
2022-12-23 11:30:00,0,0,0,0,0
2022-12-23 11:31:00,0,0,0,0,0
2022-12-23 11:32:00,0,0,0,0,0
2022-12-23 11:33:00,0,0,0,0,0
2022-12-23 11:34:00,0,0,0,0,0
2022-12-23 11:35:00,0,0,0,0,0
2022-12-23 11:36:00,0,0,0,0,0
2022-12-23 11:37:00,0,0,0,0,0
2022-12-23 11:38:00,0,0,0,0,0
2022-12-23 11:39:00,0,0,0,0,0
2022-12-23 11:40:00,0,0,0,0,0
2022-12-23 11:41:00,0,0,0,0,0
2022-12-23 11:42:00,0,0,0,0,0
2022-12-23 11:43:00,0,0,0,0,0
2022-12-23 11:44:00,0,0,0,0,0
2022-12-23 11:45:00,0,0,0,0,0
2022-12-23 11:46:00,0,0,0,0,0
2022-12-23 11:47:00,0,0,0,0,0
2022-12-23 11:48:00,0,0,0,0,0
2022-12-23 11:49:00,0,0,0,0,0
2022-12-23 11:50:00,0,0,0,0,0
2022-12-23 11:51:00,0,0,0,0,0
2022-12-23 11:52:00,0,0,0,0,0
2022-12-23 11:53:00,0,0,0,0,0
2022-12-23 11:54:00,0,0,0,0,0
2022-12-23 11:55:00,0,0,0,0,0
2022-12-23 11:56:00,0,0,0,0,0
2022-12-23 11:57:00,0,0,0,0,0
2022-12-23 11:58:00,0,0,0,0,0
2022-12-23 11:59:00,0,0,0,0,0
2022-12-23 12:00:00,0,0,0,0,0
2022-12-23 12:01:00,0,0,0,0,0
2022-12-23 12:02:00,0,0,0,0,0
2022-12-23 12:03:00,0,0,0,0,0
2022-12-23 12:04:00,0,0,0,0,0
2022-12-23 12:05:00,0,0,0,0,0
2022-12-23 12:06:00,0,0,0,0,0
2022-12-23 12:07:00,0,0,0,0,0
2022-12-23 12:08:00,0,0,0,0,0
2022-12-23 12:09:00,0,0,0,0,0
2022-12-23 12:10:00,0,0,0,0,0
2022-12-23 12:11:00,0,0,0,0,0
2022-12-23 12:12:00,0,0,0,0,0
2022-12-23 12:13:00,0,0,0,0,0
2022-12-23 12:14:00,0,0,0,0,0
2022-12-23 12:15:00,0,0,0,0,0
2022-12-23 12:16:00,0,0,0,0,0
2022-12-23 12:17:00,0,0,0,0,0
2022-12-23 12:18:00,0,0,0,0,0
2022-12-23 12:19:00,0,0,0,0,0
2022-12-23 12:20:00,0,0,0,0,0
2022-12-23 12:21:00,0,0,0,0,0
2022-12-23 12:22:00,0,0,0,0,0
2022-12-23 12:23:00,0,0,0,0,0
2022-12-23 12:24:00,0,0,0,0,0
2022-12-23 12:25:00,0,0,0,0,0
2022-12-23 12:26:00,0,0,0,0,0
2022-12-23 12:27:00,0,0,0,0,0
2022-12-23 12:28:00,0,0,0,0,0
2022-12-23 12:29:00,0,0,0,0,0
2022-12-23 12:30:00,0,0,0,0,0
2022-12-23 12:31:00,0,0,0,0,0
2022-12-23 12:32:00,0,0,0,0,0
2022-12-23 12:33:00,0,0,0,0,0
2022-12-23 12:34:00,0,0,0,0,0
2022-12-23 12:35:00,0,0,0,0,0
2022-12-23 12:36:00,0,0,0,0,0
2022-12-23 12:37:00,0,0,0,0,0
2022-12-23 12:38:00,0,0,0,0,0
2022-12-23 12:39:00,0,0,0,0,0
2022-12-23 12:40:00,0,0,0,0,0
2022-12-23 12:41:00,0,0,0,0,0
2022-12-23 12:42:00,0,0,0,0,0
2022-12-23 12:43:00,0,0,0,0,0
2022-12-23 12:44:00,0,0,0,0,0
2022-12-23 12:45:00,0,0,0,0,0
2022-12-23 12:46:00,0,0,0,0,0
2022-12-23 12:47:00,0,0,0,0,0
2022-12-23 12:48:00,0,0,0,0,0
2022-12-23 12:49:00,0,0,0,0,0
2022-12-23 12:50:00,0,0,0,0,0
2022-12-23 12:51:00,0,0,0,0,0
2022-12-23 12:52:00,0,0,0,0,0
2022-12-23 12:53:00,0,0,0,0,0
2022-12-23 12:54:00,0,0,0,0,0
2022-12-23 12:55:00,0,0,0,0,0
2022-12-23 12:56:00,0,0,0,0,0
2022-12-23 12:57:00,0,0,0,0,0
2022-12-23 12:58:00,0,0,0,0,0
2022-12-23 12:59:00,0,0,0,0,0
2022-12-23 13:00:00,0,0,0,0,0
2022-12-23 13:01:00,0,0,0,0,0
2022-12-23 13:02:00,0,0,0,0,0
2022-12-23 13:03:00,0,0,0,0,0
2022-12-23 13:04:00,0,0,0,0,0
2022-12-23 13:05:00,0,0,0,0,0
2022-12-23 13:06:00,0,0,0,0,0
2022-12-23 13:07:00,0,0,0,0,0
2022-12-23 13:08:00,0,0,0,0,0
2022-12-23 13:09:00,0,0,0,0,0
2022-12-23 13:10:00,0,0,0,0,0
2022-12-23 13:11:00,0,0,0,0,0
2022-12-23 13:12:00,0,0,0,0,0
2022-12-23 13:13:00,0,0,0,0,0
2022-12-23 13:14:00,0,0,0,0,0
2022-12-23 13:15:00,0,0,0,0,0
2022-12-23 13:16:00,0,0,0,0,0
2022-12-23 13:17:00,0,0,0,0,0
2022-12-23 13:18:00,0,0,0,0,0
2022-12-23 13:19:00,0,0,0,0,0
2022-12-23 13:20:00,0,0,0,0,0
2022-12-23 13:21:00,0,0,0,0,0
2022-12-23 13:22:00,0,0,0,0,0
2022-12-23 13:23:00,0,0,0,0,0
2022-12-23 13:24:00,0,0,0,0,0
2022-12-23 13:25:00,0,0,0,0,0
2022-12-23 13:26:00,0,0,0,0,0
2022-12-23 13:27:00,0,0,0,0,0
2022-12-23 13:28:00,0,0,0,0,0
2022-12-23 13:29:00,0,0,0,0,0
2022-12-23 13:30:00,0,0,0,0,0
2022-12-23 13:31:00,0,0,0,0,0
2022-12-23 13:32:00,0,0,0,0,0
2022-12-23 13:33:00,0,0,0,0,0
2022-12-23 13:34:00,0,0,0,0,0
2022-12-23 13:35:00,0,0,0,0,0
2022-12-23 13:36:00,0,0,0,0,0
2022-12-23 13:37:00,805,805,805,805,13000
2022-12-23 13:38:00,0,0,0,0,0
2022-12-23 13:39:00,0,0,0,0,0
2022-12-23 13:40:00,0,0,0,0,0
2022-12-23 13:41:00,0,0,0,0,0
2022-12-23 13:42:00,805,805,805,805,200
2022-12-23 13:43:00,0,0,0,0,0
2022-12-23 13:44:00,0,0,0,0,0
2022-12-23 13:45:00,805,805,805,805,1700
2022-12-23 13:46:00,0,0,0,0,0
2022-12-23 13:47:00,805,805,805,805,0
2022-12-23 13:48:00,0,0,0,0,0
2022-12-23 13:49:00,0,0,0,0,0
2022-12-23 13:50:00,0,0,0,0,0
2022-12-23 13:51:00,805,805,805,805,30000
2022-12-23 13:52:00,0,0,0,0,0
2022-12-23 13:53:00,0,0,0,0,0
2022-12-23 13:54:00,0,0,0,0,0
2022-12-23 13:55:00,0,0,0,0,0
2022-12-23 13:56:00,0,0,0,0,0
2022-12-23 13:57:00,0,0,0,0,0
2022-12-23 13:58:00,0,0,0,0,0
2022-12-23 13:59:00,0,0,0,0,0
2022-12-23 14:00:00,0,0,0,0,0
2022-12-23 14:01:00,0,0,0,0,0
2022-12-23 14:02:00,0,0,0,0,0
2022-12-23 14:03:00,0,0,0,0,0
2022-12-23 14:04:00,0,0,0,0,0
2022-12-23 14:05:00,805,805,805,805,7200
2022-12-23 14:06:00,805,805,805,805,15700
2022-12-23 14:07:00,0,0,0,0,0
2022-12-23 14:08:00,810,810,810,810,0
2022-12-23 14:09:00,0,0,0,0,0
2022-12-23 14:10:00,0,0,0,0,0
2022-12-23 14:11:00,0,0,0,0,0
2022-12-23 14:12:00,0,0,0,0,0
2022-12-23 14:13:00,0,0,0,0,0
2022-12-23 14:14:00,0,0,0,0,0
2022-12-23 14:15:00,0,0,0,0,0
2022-12-23 14:16:00,0,0,0,0,0
2022-12-23 14:17:00,0,0,0,0,0
2022-12-23 14:18:00,0,0,0,0,0
2022-12-23 14:19:00,0,0,0,0,0
2022-12-23 14:20:00,0,0,0,0,0
2022-12-23 14:21:00,0,0,0,0,0
2022-12-23 14:22:00,0,0,0,0,0
2022-12-23 14:23:00,0,0,0,0,0
2022-12-23 14:24:00,0,0,0,0,0
2022-12-23 14:25:00,0,0,0,0,0
2022-12-23 14:26:00,0,0,0,0,0
2022-12-23 14:27:00,0,0,0,0,0
2022-12-23 14:28:00,0,0,0,0,0
2022-12-23 14:29:00,0,0,0,0,0
2022-12-23 14:30:00,0,0,0,0,0
2022-12-23 14:31:00,0,0,0,0,0
2022-12-23 14:32:00,805,805,805,805,9900
2022-12-23 14:33:00,0,0,0,0,0
2022-12-23 14:34:00,805,805,805,805,100
2022-12-23 14:35:00,0,0,0,0,0
2022-12-23 14:36:00,0,0,0,0,0
2022-12-23 14:37:00,0,0,0,0,0
2022-12-23 14:38:00,805,805,805,805,3000
2022-12-23 14:39:00,0,0,0,0,0
2022-12-23 14:40:00,0,0,0,0,0
2022-12-23 14:41:00,0,0,0,0,0
2022-12-23 14:42:00,0,0,0,0,0
2022-12-23 14:43:00,0,0,0,0,0
2022-12-23 14:44:00,0,0,0,0,0
2022-12-23 14:45:00,0,0,0,0,0
2022-12-23 14:46:00,805,805,805,805,400
2022-12-23 14:47:00,810,810,810,810,0
2022-12-23 14:48:00,0,0,0,0,0
2022-12-23 14:49:00,810,810,810,810,13800
2022-12-23 14:50:00,0,0,0,0,0
2022-12-23 14:51:00,0,0,0,0,0
2022-12-23 14:52:00,0,0,0,0,0
2022-12-23 14:53:00,0,0,0,0,0
2022-12-23 14:54:00,0,0,0,0,0
2022-12-23 14:55:00,0,0,0,0,0
2022-12-23 14:56:00,0,0,0,0,0
2022-12-23 14:57:00,0,0,0,0,0
2022-12-23 14:58:00,0,0,0,0,0
2022-12-23 14:59:00,0,0,0,0,0
2022-12-23 15:00:00,0,0,0,0,0
2022-12-23 15:01:00,0,0,0,0,0
2022-12-23 15:02:00,0,0,0,0,0
2022-12-23 15:03:00,0,0,0,0,0
2022-12-23 15:04:00,0,0,0,0,0
2022-12-23 15:05:00,0,0,0,0,0
2022-12-23 15:06:00,0,0,0,0,0
2022-12-23 15:07:00,0,0,0,0,0
2022-12-23 15:08:00,0,0,0,0,0
2022-12-23 15:09:00,0,0,0,0,0
2022-12-23 15:10:00,0,0,0,0,0
2022-12-23 15:11:00,0,0,0,0,0
2022-12-23 15:12:00,0,0,0,0,0
2022-12-23 15:13:00,0,0,0,0,0
2022-12-23 15:14:00,0,0,0,0,0
2022-12-23 15:15:00,0,0,0,0,0
2022-12-23 15:16:00,0,0,0,0,0
2022-12-23 15:17:00,0,0,0,0,0
2022-12-23 15:18:00,0,0,0,0,0
2022-12-23 15:19:00,0,0,0,0,0
2022-12-23 15:20:00,0,0,0,0,0
2022-12-23 15:21:00,0,0,0,0,0
2022-12-23 15:22:00,0,0,0,0,0
2022-12-23 15:23:00,0,0,0,0,0
2022-12-23 15:24:00,0,0,0,0,0
2022-12-23 15:25:00,0,0,0,0,0
2022-12-23 15:26:00,0,0,0,0,0
2022-12-23 15:27:00,0,0,0,0,0
2022-12-23 15:28:00,0,0,0,0,0
2022-12-23 15:29:00,0,0,0,0,0
2022-12-23 15:30:00,0,0,0,0,0
2022-12-23 15:31:00,0,0,0,0,0
2022-12-23 15:32:00,0,0,0,0,0
2022-12-23 15:33:00,0,0,0,0,0
2022-12-23 15:34:00,0,0,0,0,0
2022-12-23 15:35:00,0,0,0,0,0
2022-12-23 15:36:00,0,0,0,0,0
2022-12-23 15:37:00,0,0,0,0,0
2022-12-23 15:38:00,0,0,0,0,0
2022-12-23 15:39:00,0,0,0,0,0
2022-12-23 15:40:00,0,0,0,0,0
2022-12-23 15:41:00,0,0,0,0,0
2022-12-23 15:42:00,0,0,0,0,0
2022-12-23 15:43:00,0,0,0,0,0
2022-12-23 15:44:00,0,0,0,0,0
2022-12-23 15:45:00,0,0,0,0,0
2022-12-23 15:46:00,0,0,0,0,0
2022-12-23 15:47:00,0,0,0,0,0
2022-12-23 15:48:00,0,0,0,0,0
2022-12-23 15:49:00,0,0,0,0,0
2022-12-23 15:50:00,0,0,0,0,0
2022-12-23 15:51:00,0,0,0,0,0
2022-12-23 15:52:00,0,0,0,0,0
2022-12-23 15:53:00,0,0,0,0,0
2022-12-23 15:54:00,0,0,0,0,0
2022-12-23 15:55:00,0,0,0,0,0
2022-12-23 15:56:00,0,0,0,0,0
2022-12-23 15:57:00,0,0,0,0,0
2022-12-23 15:58:00,0,0,0,0,0
2022-12-23 15:59:00,0,0,0,0,0
2022-12-26 09:30:00,805,805,805,805,0
2022-12-26 09:31:00,0,0,0,0,0
2022-12-26 09:32:00,0,0,0,0,0
2022-12-26 09:33:00,0,0,0,0,0
2022-12-26 09:34:00,0,0,0,0,0
2022-12-26 09:35:00,0,0,0,0,0
2022-12-26 09:36:00,0,0,0,0,0
2022-12-26 09:37:00,0,0,0,0,0
2022-12-26 09:38:00,0,0,0,0,0
2022-12-26 09:39:00,0,0,0,0,0
2022-12-26 09:40:00,0,0,0,0,0
2022-12-26 09:41:00,0,0,0,0,0
2022-12-26 09:42:00,0,0,0,0,0
2022-12-26 09:43:00,0,0,0,0,0
2022-12-26 09:44:00,0,0,0,0,0
2022-12-26 09:45:00,0,0,0,0,0
2022-12-26 09:46:00,0,0,0,0,0
2022-12-26 09:47:00,0,0,0,0,0
2022-12-26 09:48:00,805,805,805,805,8000
2022-12-26 09:49:00,0,0,0,0,0
2022-12-26 09:50:00,0,0,0,0,0
2022-12-26 09:51:00,0,0,0,0,0
2022-12-26 09:52:00,0,0,0,0,0
2022-12-26 09:53:00,0,0,0,0,0
2022-12-26 09:54:00,0,0,0,0,0
2022-12-26 09:55:00,0,0,0,0,0
2022-12-26 09:56:00,0,0,0,0,0
2022-12-26 09:57:00,0,0,0,0,0
2022-12-26 09:58:00,0,0,0,0,0
2022-12-26 09:59:00,0,0,0,0,0
2022-12-26 10:00:00,0,0,0,0,0
2022-12-26 10:01:00,0,0,0,0,0
2022-12-26 10:02:00,0,0,0,0,0
2022-12-26 10:03:00,0,0,0,0,0
2022-12-26 10:04:00,0,0,0,0,0
2022-12-26 10:05:00,0,0,0,0,0
2022-12-26 10:06:00,0,0,0,0,0
2022-12-26 10:07:00,0,0,0,0,0
2022-12-26 10:08:00,0,0,0,0,0
2022-12-26 10:09:00,0,0,0,0,0
2022-12-26 10:10:00,0,0,0,0,0
2022-12-26 10:11:00,810,810,810,810,100
2022-12-26 10:12:00,805,805,805,805,4000
2022-12-26 10:13:00,0,0,0,0,0
2022-12-26 10:14:00,0,0,0,0,0
2022-12-26 10:15:00,0,0,0,0,0
2022-12-26 10:16:00,0,0,0,0,0
2022-12-26 10:17:00,0,0,0,0,0
2022-12-26 10:18:00,0,0,0,0,0
2022-12-26 10:19:00,0,0,0,0,0
2022-12-26 10:20:00,0,0,0,0,0
2022-12-26 10:21:00,0,0,0,0,0
2022-12-26 10:22:00,0,0,0,0,0
2022-12-26 10:23:00,0,0,0,0,0
2022-12-26 10:24:00,0,0,0,0,0
2022-12-26 10:25:00,0,0,0,0,0
2022-12-26 10:26:00,0,0,0,0,0
2022-12-26 10:27:00,0,0,0,0,0
2022-12-26 10:28:00,810,810,810,810,13800
2022-12-26 10:29:00,0,0,0,0,0
2022-12-26 10:30:00,0,0,0,0,0
2022-12-26 10:31:00,0,0,0,0,0
2022-12-26 10:32:00,0,0,0,0,0
2022-12-26 10:33:00,0,0,0,0,0
2022-12-26 10:34:00,0,0,0,0,0
2022-12-26 10:35:00,0,0,0,0,0
2022-12-26 10:36:00,0,0,0,0,0
2022-12-26 10:37:00,0,0,0,0,0
2022-12-26 10:38:00,0,0,0,0,0
2022-12-26 10:39:00,0,0,0,0,0
2022-12-26 10:40:00,0,0,0,0,0
2022-12-26 10:41:00,0,0,0,0,0
2022-12-26 10:42:00,0,0,0,0,0
2022-12-26 10:43:00,0,0,0,0,0
2022-12-26 10:44:00,0,0,0,0,0
2022-12-26 10:45:00,0,0,0,0,0
2022-12-26 10:46:00,0,0,0,0,0
2022-12-26 10:47:00,0,0,0,0,0
2022-12-26 10:48:00,0,0,0,0,0
2022-12-26 10:49:00,0,0,0,0,0
2022-12-26 10:50:00,0,0,0,0,0
2022-12-26 10:51:00,0,0,0,0,0
2022-12-26 10:52:00,0,0,0,0,0
2022-12-26 10:53:00,0,0,0,0,0
2022-12-26 10:54:00,810,810,810,810,18000
2022-12-26 10:55:00,0,0,0,0,0
2022-12-26 10:56:00,0,0,0,0,0
2022-12-26 10:57:00,0,0,0,0,0
2022-12-26 10:58:00,0,0,0,0,0
2022-12-26 10:59:00,0,0,0,0,0
2022-12-26 11:00:00,0,0,0,0,0
2022-12-26 11:01:00,0,0,0,0,0
2022-12-26 11:02:00,0,0,0,0,0
2022-12-26 11:03:00,0,0,0,0,0
2022-12-26 11:04:00,0,0,0,0,0
2022-12-26 11:05:00,0,0,0,0,0
2022-12-26 11:06:00,0,0,0,0,0
2022-12-26 11:07:00,0,0,0,0,0
2022-12-26 11:08:00,0,0,0,0,0
2022-12-26 11:09:00,0,0,0,0,0
2022-12-26 11:10:00,0,0,0,0,0
2022-12-26 11:11:00,0,0,0,0,0
2022-12-26 11:12:00,0,0,0,0,0
2022-12-26 11:13:00,0,0,0,0,0
2022-12-26 11:14:00,0,0,0,0,0
2022-12-26 11:15:00,0,0,0,0,0
2022-12-26 11:16:00,0,0,0,0,0
2022-12-26 11:17:00,0,0,0,0,0
2022-12-26 11:18:00,0,0,0,0,0
2022-12-26 11:19:00,0,0,0,0,0
2022-12-26 11:20:00,0,0,0,0,0
2022-12-26 11:21:00,0,0,0,0,0
2022-12-26 11:22:00,0,0,0,0,0
2022-12-26 11:23:00,0,0,0,0,0
2022-12-26 11:24:00,0,0,0,0,0
2022-12-26 11:25:00,0,0,0,0,0
2022-12-26 11:26:00,810,810,810,810,4000
2022-12-26 11:27:00,0,0,0,0,0
2022-12-26 11:28:00,0,0,0,0,0
2022-12-26 11:29:00,0,0,0,0,0
2022-12-26 11:30:00,0,0,0,0,0
2022-12-26 11:31:00,0,0,0,0,0
2022-12-26 11:32:00,0,0,0,0,0
2022-12-26 11:33:00,0,0,0,0,0
2022-12-26 11:34:00,0,0,0,0,0
2022-12-26 11:35:00,0,0,0,0,0
2022-12-26 11:36:00,0,0,0,0,0
2022-12-26 11:37:00,0,0,0,0,0
2022-12-26 11:38:00,0,0,0,0,0
2022-12-26 11:39:00,0,0,0,0,0
2022-12-26 11:40:00,0,0,0,0,0
2022-12-26 11:41:00,0,0,0,0,0
2022-12-26 11:42:00,0,0,0,0,0
2022-12-26 11:43:00,0,0,0,0,0
2022-12-26 11:44:00,0,0,0,0,0
2022-12-26 11:45:00,0,0,0,0,0
2022-12-26 11:46:00,0,0,0,0,0
2022-12-26 11:47:00,0,0,0,0,0
2022-12-26 11:48:00,0,0,0,0,0
2022-12-26 11:49:00,0,0,0,0,0
2022-12-26 11:50:00,0,0,0,0,0
2022-12-26 11:51:00,0,0,0,0,0
2022-12-26 11:52:00,0,0,0,0,0
2022-12-26 11:53:00,0,0,0,0,0
2022-12-26 11:54:00,0,0,0,0,0
2022-12-26 11:55:00,0,0,0,0,0
2022-12-26 11:56:00,0,0,0,0,0
2022-12-26 11:57:00,0,0,0,0,0
2022-12-26 11:58:00,0,0,0,0,0
2022-12-26 11:59:00,0,0,0,0,0
2022-12-26 12:00:00,0,0,0,0,0
2022-12-26 12:01:00,0,0,0,0,0
2022-12-26 12:02:00,0,0,0,0,0
2022-12-26 12:03:00,0,0,0,0,0
2022-12-26 12:04:00,0,0,0,0,0
2022-12-26 12:05:00,0,0,0,0,0
2022-12-26 12:06:00,0,0,0,0,0
2022-12-26 12:07:00,0,0,0,0,0
2022-12-26 12:08:00,0,0,0,0,0
2022-12-26 12:09:00,0,0,0,0,0
2022-12-26 12:10:00,0,0,0,0,0
2022-12-26 12:11:00,0,0,0,0,0
2022-12-26 12:12:00,0,0,0,0,0
2022-12-26 12:13:00,0,0,0,0,0
2022-12-26 12:14:00,0,0,0,0,0
2022-12-26 12:15:00,0,0,0,0,0
2022-12-26 12:16:00,0,0,0,0,0
2022-12-26 12:17:00,0,0,0,0,0
2022-12-26 12:18:00,0,0,0,0,0
2022-12-26 12:19:00,0,0,0,0,0
2022-12-26 12:20:00,0,0,0,0,0
2022-12-26 12:21:00,0,0,0,0,0
2022-12-26 12:22:00,0,0,0,0,0
2022-12-26 12:23:00,0,0,0,0,0
2022-12-26 12:24:00,0,0,0,0,0
2022-12-26 12:25:00,0,0,0,0,0
2022-12-26 12:26:00,0,0,0,0,0
2022-12-26 12:27:00,0,0,0,0,0
2022-12-26 12:28:00,0,0,0,0,0
2022-12-26 12:29:00,0,0,0,0,0
2022-12-26 12:30:00,0,0,0,0,0
2022-12-26 12:31:00,0,0,0,0,0
2022-12-26 12:32:00,0,0,0,0,0
2022-12-26 12:33:00,0,0,0,0,0
2022-12-26 12:34:00,0,0,0,0,0
2022-12-26 12:35:00,0,0,0,0,0
2022-12-26 12:36:00,0,0,0,0,0
2022-12-26 12:37:00,0,0,0,0,0
2022-12-26 12:38:00,0,0,0,0,0
2022-12-26 12:39:00,0,0,0,0,0
2022-12-26 12:40:00,0,0,0,0,0
2022-12-26 12:41:00,0,0,0,0,0
2022-12-26 12:42:00,0,0,0,0,0
2022-12-26 12:43:00,0,0,0,0,0
2022-12-26 12:44:00,0,0,0,0,0
2022-12-26 12:45:00,0,0,0,0,0
2022-12-26 12:46:00,0,0,0,0,0
2022-12-26 12:47:00,0,0,0,0,0
2022-12-26 12:48:00,0,0,0,0,0
2022-12-26 12:49:00,0,0,0,0,0
2022-12-26 12:50:00,0,0,0,0,0
2022-12-26 12:51:00,0,0,0,0,0
2022-12-26 12:52:00,0,0,0,0,0
2022-12-26 12:53:00,0,0,0,0,0
2022-12-26 12:54:00,0,0,0,0,0
2022-12-26 12:55:00,0,0,0,0,0
2022-12-26 12:56:00,0,0,0,0,0
2022-12-26 12:57:00,0,0,0,0,0
2022-12-26 12:58:00,0,0,0,0,0
2022-12-26 12:59:00,0,0,0,0,0
2022-12-26 13:00:00,0,0,0,0,0
2022-12-26 13:01:00,0,0,0,0,0
2022-12-26 13:02:00,0,0,0,0,0
2022-12-26 13:03:00,0,0,0,0,0
2022-12-26 13:04:00,0,0,0,0,0
2022-12-26 13:05:00,0,0,0,0,0
2022-12-26 13:06:00,0,0,0,0,0
2022-12-26 13:07:00,0,0,0,0,0
2022-12-26 13:08:00,0,0,0,0,0
2022-12-26 13:09:00,0,0,0,0,0
2022-12-26 13:10:00,0,0,0,0,0
2022-12-26 13:11:00,0,0,0,0,0
2022-12-26 13:12:00,0,0,0,0,0
2022-12-26 13:13:00,0,0,0,0,0
2022-12-26 13:14:00,0,0,0,0,0
2022-12-26 13:15:00,0,0,0,0,0
2022-12-26 13:16:00,0,0,0,0,0
2022-12-26 13:17:00,0,0,0,0,0
2022-12-26 13:18:00,0,0,0,0,0
2022-12-26 13:19:00,0,0,0,0,0
2022-12-26 13:20:00,0,0,0,0,0
2022-12-26 13:21:00,0,0,0,0,0
2022-12-26 13:22:00,0,0,0,0,0
2022-12-26 13:23:00,0,0,0,0,0
2022-12-26 13:24:00,0,0,0,0,0
2022-12-26 13:25:00,0,0,0,0,0
2022-12-26 13:26:00,0,0,0,0,0
2022-12-26 13:27:00,0,0,0,0,0
2022-12-26 13:28:00,0,0,0,0,0
2022-12-26 13:29:00,0,0,0,0,0
2022-12-26 13:30:00,0,0,0,0,0
2022-12-26 13:31:00,0,0,0,0,0
2022-12-26 13:32:00,0,0,0,0,0
2022-12-26 13:33:00,0,0,0,0,0
2022-12-26 13:34:00,0,0,0,0,0
2022-12-26 13:35:00,0,0,0,0,0
2022-12-26 13:36:00,0,0,0,0,0
2022-12-26 13:37:00,0,0,0,0,0
2022-12-26 13:38:00,0,0,0,0,0
2022-12-26 13:39:00,0,0,0,0,0
2022-12-26 13:40:00,0,0,0,0,0
2022-12-26 13:41:00,0,0,0,0,0
2022-12-26 13:42:00,0,0,0,0,0
2022-12-26 13:43:00,0,0,0,0,0
2022-12-26 13:44:00,0,0,0,0,0
2022-12-26 13:45:00,0,0,0,0,0
2022-12-26 13:46:00,810,810,810,810,500
2022-12-26 13:47:00,0,0,0,0,0
2022-12-26 13:48:00,0,0,0,0,0
2022-12-26 13:49:00,0,0,0,0,0
2022-12-26 13:50:00,0,0,0,0,0
2022-12-26 13:51:00,0,0,0,0,0
2022-12-26 13:52:00,0,0,0,0,0
2022-12-26 13:53:00,0,0,0,0,0
2022-12-26 13:54:00,0,0,0,0,0
2022-12-26 13:55:00,0,0,0,0,0
2022-12-26 13:56:00,0,0,0,0,0
2022-12-26 13:57:00,0,0,0,0,0
2022-12-26 13:58:00,0,0,0,0,0
2022-12-26 13:59:00,0,0,0,0,0
2022-12-26 14:00:00,0,0,0,0,0
2022-12-26 14:01:00,0,0,0,0,0
2022-12-26 14:02:00,0,0,0,0,0
2022-12-26 14:03:00,0,0,0,0,0
2022-12-26 14:04:00,0,0,0,0,0
2022-12-26 14:05:00,0,0,0,0,0
2022-12-26 14:06:00,0,0,0,0,0
2022-12-26 14:07:00,0,0,0,0,0
2022-12-26 14:08:00,0,0,0,0,0
2022-12-26 14:09:00,0,0,0,0,0
2022-12-26 14:10:00,0,0,0,0,0
2022-12-26 14:11:00,0,0,0,0,0
2022-12-26 14:12:00,0,0,0,0,0
2022-12-26 14:13:00,0,0,0,0,0
2022-12-26 14:14:00,810,810,810,810,4000
2022-12-26 14:15:00,0,0,0,0,0
2022-12-26 14:16:00,0,0,0,0,0
2022-12-26 14:17:00,0,0,0,0,0
2022-12-26 14:18:00,0,0,0,0,0
2022-12-26 14:19:00,0,0,0,0,0
2022-12-26 14:20:00,0,0,0,0,0
2022-12-26 14:21:00,0,0,0,0,0
2022-12-26 14:22:00,0,0,0,0,0
2022-12-26 14:23:00,0,0,0,0,0
2022-12-26 14:24:00,0,0,0,0,0
2022-12-26 14:25:00,0,0,0,0,0
2022-12-26 14:26:00,0,0,0,0,0
2022-12-26 14:27:00,0,0,0,0,0
2022-12-26 14:28:00,0,0,0,0,0
2022-12-26 14:29:00,0,0,0,0,0
2022-12-26 14:30:00,0,0,0,0,0
2022-12-26 14:31:00,0,0,0,0,0
2022-12-26 14:32:00,0,0,0,0,0
2022-12-26 14:33:00,0,0,0,0,0
2022-12-26 14:34:00,0,0,0,0,0
2022-12-26 14:35:00,0,0,0,0,0
2022-12-26 14:36:00,0,0,0,0,0
2022-12-26 14:37:00,0,0,0,0,0
2022-12-26 14:38:00,0,0,0,0,0
2022-12-26 14:39:00,0,0,0,0,0
2022-12-26 14:40:00,815,815,815,815,52600
2022-12-26 14:41:00,0,0,0,0,0
2022-12-26 14:42:00,0,0,0,0,0
2022-12-26 14:43:00,0,0,0,0,0
2022-12-26 14:44:00,0,0,0,0,0
2022-12-26 14:45:00,0,0,0,0,0
2022-12-26 14:46:00,0,0,0,0,0
2022-12-26 14:47:00,0,0,0,0,0
2022-12-26 14:48:00,0,0,0,0,0
2022-12-26 14:49:00,0,0,0,0,0
2022-12-26 14:50:00,0,0,0,0,0
2022-12-26 14:51:00,0,0,0,0,0
2022-12-26 14:52:00,0,0,0,0,0
2022-12-26 14:53:00,0,0,0,0,0
2022-12-26 14:54:00,0,0,0,0,0
2022-12-26 14:55:00,0,0,0,0,0
2022-12-26 14:56:00,0,0,0,0,0
2022-12-26 14:57:00,0,0,0,0,0
2022-12-26 14:58:00,0,0,0,0,0
2022-12-26 14:59:00,0,0,0,0,0
2022-12-26 15:00:00,0,0,0,0,0
2022-12-26 15:01:00,0,0,0,0,0
2022-12-26 15:02:00,0,0,0,0,0
2022-12-26 15:03:00,0,0,0,0,0
2022-12-26 15:04:00,0,0,0,0,0
2022-12-26 15:05:00,0,0,0,0,0
2022-12-26 15:06:00,0,0,0,0,0
2022-12-26 15:07:00,0,0,0,0,0
2022-12-26 15:08:00,0,0,0,0,0
2022-12-26 15:09:00,0,0,0,0,0
2022-12-26 15:10:00,0,0,0,0,0
2022-12-26 15:11:00,0,0,0,0,0
2022-12-26 15:12:00,0,0,0,0,0
2022-12-26 15:13:00,0,0,0,0,0
2022-12-26 15:14:00,0,0,0,0,0
2022-12-26 15:15:00,0,0,0,0,0
2022-12-26 15:16:00,0,0,0,0,0
2022-12-26 15:17:00,0,0,0,0,0
2022-12-26 15:18:00,0,0,0,0,0
2022-12-26 15:19:00,0,0,0,0,0
2022-12-26 15:20:00,0,0,0,0,0
2022-12-26 15:21:00,0,0,0,0,0
2022-12-26 15:22:00,0,0,0,0,0
2022-12-26 15:23:00,0,0,0,0,0
2022-12-26 15:24:00,0,0,0,0,0
2022-12-26 15:25:00,0,0,0,0,0
2022-12-26 15:26:00,0,0,0,0,0
2022-12-26 15:27:00,0,0,0,0,0
2022-12-26 15:28:00,0,0,0,0,0
2022-12-26 15:29:00,0,0,0,0,0
2022-12-26 15:30:00,0,0,0,0,0
2022-12-26 15:31:00,0,0,0,0,0
2022-12-26 15:32:00,0,0,0,0,0
2022-12-26 15:33:00,0,0,0,0,0
2022-12-26 15:34:00,0,0,0,0,0
2022-12-26 15:35:00,0,0,0,0,0
2022-12-26 15:36:00,0,0,0,0,0
2022-12-26 15:37:00,0,0,0,0,0
2022-12-26 15:38:00,0,0,0,0,0
2022-12-26 15:39:00,0,0,0,0,0
2022-12-26 15:40:00,0,0,0,0,0
2022-12-26 15:41:00,0,0,0,0,0
2022-12-26 15:42:00,0,0,0,0,0
2022-12-26 15:43:00,0,0,0,0,0
2022-12-26 15:44:00,0,0,0,0,0
2022-12-26 15:45:00,0,0,0,0,0
2022-12-26 15:46:00,0,0,0,0,0
2022-12-26 15:47:00,0,0,0,0,0
2022-12-26 15:48:00,0,0,0,0,0
2022-12-26 15:49:00,0,0,0,0,0
2022-12-26 15:50:00,0,0,0,0,0
2022-12-26 15:51:00,0,0,0,0,0
2022-12-26 15:52:00,0,0,0,0,0
2022-12-26 15:53:00,0,0,0,0,0
2022-12-26 15:54:00,0,0,0,0,0
2022-12-26 15:55:00,0,0,0,0,0
2022-12-26 15:56:00,0,0,0,0,0
2022-12-26 15:57:00,0,0,0,0,0
2022-12-26 15:58:00,0,0,0,0,0
2022-12-26 15:59:00,0,0,0,0,0
2022-12-27 09:00:00,0,0,0,0,0
2022-12-27 09:01:00,0,0,0,0,0
2022-12-27 09:02:00,0,0,0,0,0
2022-12-27 09:03:00,0,0,0,0,0
2022-12-27 09:04:00,0,0,0,0,0
2022-12-27 09:05:00,0,0,0,0,0
2022-12-27 09:06:00,0,0,0,0,0
2022-12-27 09:07:00,0,0,0,0,0
2022-12-27 09:08:00,0,0,0,0,0
2022-12-27 09:09:00,0,0,0,0,0
2022-12-27 09:10:00,0,0,0,0,0
2022-12-27 09:11:00,0,0,0,0,0
2022-12-27 09:12:00,0,0,0,0,0
2022-12-27 09:13:00,0,0,0,0,0
2022-12-27 09:14:00,0,0,0,0,0
2022-12-27 09:15:00,0,0,0,0,0
2022-12-27 09:16:00,0,0,0,0,0
2022-12-27 09:17:00,0,0,0,0,0
2022-12-27 09:18:00,805,805,805,805,0
2022-12-27 09:19:00,0,0,0,0,0
2022-12-27 09:20:00,0,0,0,0,0
2022-12-27 09:21:00,0,0,0,0,0
2022-12-27 09:22:00,0,0,0,0,0
2022-12-27 09:23:00,0,0,0,0,0
2022-12-27 09:24:00,805,805,805,805,0
2022-12-27 09:25:00,0,0,0,0,0
2022-12-27 09:26:00,0,0,0,0,0
2022-12-27 09:27:00,0,0,0,0,0
2022-12-27 09:28:00,805,805,805,805,82800
2022-12-27 09:29:00,0,0,0,0,0
2022-12-27 09:30:00,805,805,805,805,100
2022-12-27 09:31:00,0,0,0,0,0
2022-12-27 09:32:00,0,0,0,0,0
2022-12-27 09:33:00,0,0,0,0,0
2022-12-27 09:34:00,0,0,0,0,0
2022-12-27 09:35:00,0,0,0,0,0
2022-12-27 09:36:00,0,0,0,0,0
2022-12-27 09:37:00,0,0,0,0,0
2022-12-27 09:38:00,0,0,0,0,0
2022-12-27 09:39:00,800,800,800,800,98100
2022-12-27 09:40:00,805,805,805,805,0
2022-12-27 09:41:00,805,805,805,805,3500
2022-12-27 09:42:00,805,805,805,805,8800
2022-12-27 09:43:00,0,0,0,0,0
2022-12-27 09:44:00,0,0,0,0,0
2022-12-27 09:45:00,805,805,805,805,4600
2022-12-27 09:46:00,0,0,0,0,0
2022-12-27 09:47:00,0,0,0,0,0
2022-12-27 09:48:00,0,0,0,0,0
2022-12-27 09:49:00,0,0,0,0,0
2022-12-27 09:50:00,0,0,0,0,0
2022-12-27 09:51:00,0,0,0,0,0
2022-12-27 09:52:00,0,0,0,0,0
2022-12-27 09:53:00,0,0,0,0,0
2022-12-27 09:54:00,815,815,815,815,0
2022-12-27 09:55:00,0,0,0,0,0
2022-12-27 09:56:00,0,0,0,0,0
2022-12-27 09:57:00,0,0,0,0,0
2022-12-27 09:58:00,0,0,0,0,0
2022-12-27 09:59:00,0,0,0,0,0
2022-12-27 10:00:00,0,0,0,0,0
2022-12-27 10:01:00,0,0,0,0,0
2022-12-27 10:02:00,0,0,0,0,0
2022-12-27 10:03:00,0,0,0,0,0
2022-12-27 10:04:00,0,0,0,0,0
2022-12-27 10:05:00,0,0,0,0,0
2022-12-27 10:06:00,0,0,0,0,0
2022-12-27 10:07:00,0,0,0,0,0
2022-12-27 10:08:00,0,0,0,0,0
2022-12-27 10:09:00,0,0,0,0,0
2022-12-27 10:10:00,0,0,0,0,0
2022-12-27 10:11:00,0,0,0,0,0
2022-12-27 10:12:00,0,0,0,0,0
2022-12-27 10:13:00,0,0,0,0,0
2022-12-27 10:14:00,805,800,805,800,3800
2022-12-27 10:15:00,0,0,0,0,0
2022-12-27 10:16:00,0,0,0,0,0
2022-12-27 10:17:00,0,0,0,0,0
2022-12-27 10:18:00,0,0,0,0,0
2022-12-27 10:19:00,0,0,0,0,0
2022-12-27 10:20:00,0,0,0,0,0
2022-12-27 10:21:00,0,0,0,0,0
2022-12-27 10:22:00,0,0,0,0,0
2022-12-27 10:23:00,0,0,0,0,0
2022-12-27 10:24:00,0,0,0,0,0
2022-12-27 10:25:00,0,0,0,0,0
2022-12-27 10:26:00,0,0,0,0,0
2022-12-27 10:27:00,0,0,0,0,0
2022-12-27 10:28:00,0,0,0,0,0
2022-12-27 10:29:00,0,0,0,0,0
2022-12-27 10:30:00,0,0,0,0,0
2022-12-27 10:31:00,0,0,0,0,0
2022-12-27 10:32:00,0,0,0,0,0
2022-12-27 10:33:00,0,0,0,0,0
2022-12-27 10:34:00,0,0,0,0,0
2022-12-27 10:35:00,0,0,0,0,0
2022-12-27 10:36:00,0,0,0,0,0
2022-12-27 10:37:00,0,0,0,0,0
2022-12-27 10:38:00,0,0,0,0,0
2022-12-27 10:39:00,815,815,815,815,100
2022-12-27 10:40:00,0,0,0,0,0
2022-12-27 10:41:00,0,0,0,0,0
2022-12-27 10:42:00,0,0,0,0,0
2022-12-27 10:43:00,0,0,0,0,0
2022-12-27 10:44:00,0,0,0,0,0
2022-12-27 10:45:00,0,0,0,0,0
2022-12-27 10:46:00,0,0,0,0,0
2022-12-27 10:47:00,0,0,0,0,0
2022-12-27 10:48:00,0,0,0,0,0
2022-12-27 10:49:00,0,0,0,0,0
2022-12-27 10:50:00,0,0,0,0,0
2022-12-27 10:51:00,0,0,0,0,0
2022-12-27 10:52:00,0,0,0,0,0
2022-12-27 10:53:00,0,0,0,0,0
2022-12-27 10:54:00,0,0,0,0,0
2022-12-27 10:55:00,0,0,0,0,0
2022-12-27 10:56:00,0,0,0,0,0
2022-12-27 10:57:00,0,0,0,0,0
2022-12-27 10:58:00,0,0,0,0,0
2022-12-27 10:59:00,0,0,0,0,0
2022-12-27 11:00:00,0,0,0,0,0
2022-12-27 11:01:00,0,0,0,0,0
2022-12-27 11:02:00,0,0,0,0,0
2022-12-27 11:03:00,0,0,0,0,0
2022-12-27 11:04:00,0,0,0,0,0
2022-12-27 11:05:00,0,0,0,0,0
2022-12-27 11:06:00,0,0,0,0,0
2022-12-27 11:07:00,0,0,0,0,0
2022-12-27 11:08:00,0,0,0,0,0
2022-12-27 11:09:00,0,0,0,0,0
2022-12-27 11:10:00,0,0,0,0,0
2022-12-27 11:11:00,0,0,0,0,0
2022-12-27 11:12:00,0,0,0,0,0
2022-12-27 11:13:00,0,0,0,0,0
2022-12-27 11:14:00,0,0,0,0,0
2022-12-27 11:15:00,0,0,0,0,0
2022-12-27 11:16:00,0,0,0,0,0
2022-12-27 11:17:00,0,0,0,0,0
2022-12-27 11:18:00,0,0,0,0,0
2022-12-27 11:19:00,0,0,0,0,0
2022-12-27 11:20:00,0,0,0,0,0
2022-12-27 11:21:00,0,0,0,0,0
2022-12-27 11:22:00,0,0,0,0,0
2022-12-27 11:23:00,0,0,0,0,0
2022-12-27 11:24:00,0,0,0,0,0
2022-12-27 11:25:00,0,0,0,0,0
2022-12-27 11:26:00,0,0,0,0,0
2022-12-27 11:27:00,0,0,0,0,0
2022-12-27 11:28:00,0,0,0,0,0
2022-12-27 11:29:00,0,0,0,0,0
2022-12-27 11:30:00,0,0,0,0,0
2022-12-27 11:31:00,0,0,0,0,0
2022-12-27 11:32:00,0,0,0,0,0
2022-12-27 11:33:00,0,0,0,0,0
2022-12-27 11:34:00,0,0,0,0,0
2022-12-27 11:35:00,0,0,0,0,0
2022-12-27 11:36:00,0,0,0,0,0
2022-12-27 11:37:00,0,0,0,0,0
2022-12-27 11:38:00,0,0,0,0,0
2022-12-27 11:39:00,0,0,0,0,0
2022-12-27 11:40:00,0,0,0,0,0
2022-12-27 11:41:00,0,0,0,0,0
2022-12-27 11:42:00,0,0,0,0,0
2022-12-27 11:43:00,0,0,0,0,0
2022-12-27 11:44:00,0,0,0,0,0
2022-12-27 11:45:00,0,0,0,0,0
2022-12-27 11:46:00,0,0,0,0,0
2022-12-27 11:47:00,0,0,0,0,0
2022-12-27 11:48:00,0,0,0,0,0
2022-12-27 11:49:00,0,0,0,0,0
2022-12-27 11:50:00,0,0,0,0,0
2022-12-27 11:51:00,0,0,0,0,0
2022-12-27 11:52:00,0,0,0,0,0
2022-12-27 11:53:00,0,0,0,0,0
2022-12-27 11:54:00,0,0,0,0,0
2022-12-27 11:55:00,0,0,0,0,0
2022-12-27 11:56:00,0,0,0,0,0
2022-12-27 11:57:00,0,0,0,0,0
2022-12-27 11:58:00,0,0,0,0,0
2022-12-27 11:59:00,0,0,0,0,0
2022-12-27 12:00:00,0,0,0,0,0
2022-12-27 12:01:00,0,0,0,0,0
2022-12-27 12:02:00,0,0,0,0,0
2022-12-27 12:03:00,0,0,0,0,0
2022-12-27 12:04:00,0,0,0,0,0
2022-12-27 12:05:00,0,0,0,0,0
2022-12-27 12:06:00,0,0,0,0,0
2022-12-27 12:07:00,0,0,0,0,0
2022-12-27 12:08:00,0,0,0,0,0
2022-12-27 12:09:00,0,0,0,0,0
2022-12-27 12:10:00,0,0,0,0,0
2022-12-27 12:11:00,0,0,0,0,0
2022-12-27 12:12:00,0,0,0,0,0
2022-12-27 12:13:00,0,0,0,0,0
2022-12-27 12:14:00,0,0,0,0,0
2022-12-27 12:15:00,0,0,0,0,0
2022-12-27 12:16:00,0,0,0,0,0
2022-12-27 12:17:00,0,0,0,0,0
2022-12-27 12:18:00,0,0,0,0,0
2022-12-27 12:19:00,0,0,0,0,0
2022-12-27 12:20:00,0,0,0,0,0
2022-12-27 12:21:00,0,0,0,0,0
2022-12-27 12:22:00,0,0,0,0,0
2022-12-27 12:23:00,0,0,0,0,0
2022-12-27 12:24:00,0,0,0,0,0
2022-12-27 12:25:00,0,0,0,0,0
2022-12-27 12:26:00,0,0,0,0,0
2022-12-27 12:27:00,0,0,0,0,0
2022-12-27 12:28:00,0,0,0,0,0
2022-12-27 12:29:00,0,0,0,0,0
2022-12-27 12:30:00,0,0,0,0,0
2022-12-27 12:31:00,0,0,0,0,0
2022-12-27 12:32:00,0,0,0,0,0
2022-12-27 12:33:00,0,0,0,0,0
2022-12-27 12:34:00,0,0,0,0,0
2022-12-27 12:35:00,0,0,0,0,0
2022-12-27 12:36:00,0,0,0,0,0
2022-12-27 12:37:00,0,0,0,0,0
2022-12-27 12:38:00,0,0,0,0,0
2022-12-27 12:39:00,0,0,0,0,0
2022-12-27 12:40:00,0,0,0,0,0
2022-12-27 12:41:00,0,0,0,0,0
2022-12-27 12:42:00,0,0,0,0,0
2022-12-27 12:43:00,0,0,0,0,0
2022-12-27 12:44:00,0,0,0,0,0
2022-12-27 12:45:00,0,0,0,0,0
2022-12-27 12:46:00,0,0,0,0,0
2022-12-27 12:47:00,0,0,0,0,0
2022-12-27 12:48:00,0,0,0,0,0
2022-12-27 12:49:00,0,0,0,0,0
2022-12-27 12:50:00,0,0,0,0,0
2022-12-27 12:51:00,0,0,0,0,0
2022-12-27 12:52:00,0,0,0,0,0
2022-12-27 12:53:00,0,0,0,0,0
2022-12-27 12:54:00,0,0,0,0,0
2022-12-27 12:55:00,0,0,0,0,0
2022-12-27 12:56:00,0,0,0,0,0
2022-12-27 12:57:00,0,0,0,0,0
2022-12-27 12:58:00,0,0,0,0,0
2022-12-27 12:59:00,0,0,0,0,0
2022-12-27 13:00:00,0,0,0,0,0
2022-12-27 13:01:00,0,0,0,0,0
2022-12-27 13:02:00,0,0,0,0,0
2022-12-27 13:03:00,0,0,0,0,0
2022-12-27 13:04:00,0,0,0,0,0
2022-12-27 13:05:00,0,0,0,0,0
2022-12-27 13:06:00,0,0,0,0,0
2022-12-27 13:07:00,0,0,0,0,0
2022-12-27 13:08:00,0,0,0,0,0
2022-12-27 13:09:00,0,0,0,0,0
2022-12-27 13:10:00,0,0,0,0,0
2022-12-27 13:11:00,0,0,0,0,0
2022-12-27 13:12:00,0,0,0,0,0
2022-12-27 13:13:00,0,0,0,0,0
2022-12-27 13:14:00,0,0,0,0,0
2022-12-27 13:15:00,0,0,0,0,0
2022-12-27 13:16:00,0,0,0,0,0
2022-12-27 13:17:00,0,0,0,0,0
2022-12-27 13:18:00,0,0,0,0,0
2022-12-27 13:19:00,0,0,0,0,0
2022-12-27 13:20:00,0,0,0,0,0
2022-12-27 13:21:00,0,0,0,0,0
2022-12-27 13:22:00,0,0,0,0,0
2022-12-27 13:23:00,0,0,0,0,0
2022-12-27 13:24:00,0,0,0,0,0
2022-12-27 13:25:00,0,0,0,0,0
2022-12-27 13:26:00,0,0,0,0,0
2022-12-27 13:27:00,0,0,0,0,0
2022-12-27 13:28:00,0,0,0,0,0
2022-12-27 13:29:00,0,0,0,0,0
2022-12-27 13:30:00,0,0,0,0,0
2022-12-27 13:31:00,0,0,0,0,0
2022-12-27 13:32:00,0,0,0,0,0
2022-12-27 13:33:00,0,0,0,0,0
2022-12-27 13:34:00,0,0,0,0,0
2022-12-27 13:35:00,0,0,0,0,0
2022-12-27 13:36:00,0,0,0,0,0
2022-12-27 13:37:00,0,0,0,0,0
2022-12-27 13:38:00,0,0,0,0,0
2022-12-27 13:39:00,0,0,0,0,0
2022-12-27 13:40:00,0,0,0,0,0
2022-12-27 13:41:00,810,810,815,815,14000
2022-12-27 13:42:00,0,0,0,0,0
2022-12-27 13:43:00,0,0,0,0,0
2022-12-27 13:44:00,0,0,0,0,0
2022-12-27 13:45:00,0,0,0,0,0
2022-12-27 13:46:00,0,0,0,0,0
2022-12-27 13:47:00,0,0,0,0,0
2022-12-27 13:48:00,0,0,0,0,0
2022-12-27 13:49:00,0,0,0,0,0
2022-12-27 13:50:00,0,0,0,0,0
2022-12-27 13:51:00,0,0,0,0,0
2022-12-27 13:52:00,0,0,0,0,0
2022-12-27 13:53:00,0,0,0,0,0
2022-12-27 13:54:00,0,0,0,0,0
2022-12-27 13:55:00,0,0,0,0,0
2022-12-27 13:56:00,0,0,0,0,0
2022-12-27 13:57:00,815,815,815,815,206100
2022-12-27 13:58:00,0,0,0,0,0
2022-12-27 13:59:00,0,0,0,0,0
2022-12-27 14:00:00,0,0,0,0,0
2022-12-27 14:01:00,0,0,0,0,0
2022-12-27 14:02:00,0,0,0,0,0
2022-12-27 14:03:00,0,0,0,0,0
2022-12-27 14:04:00,0,0,0,0,0
2022-12-27 14:05:00,0,0,0,0,0
2022-12-27 14:06:00,0,0,0,0,0
2022-12-27 14:07:00,0,0,0,0,0
2022-12-27 14:08:00,0,0,0,0,0
2022-12-27 14:09:00,0,0,0,0,0
2022-12-27 14:10:00,0,0,0,0,0
2022-12-27 14:11:00,0,0,0,0,0
2022-12-27 14:12:00,0,0,0,0,0
2022-12-27 14:13:00,0,0,0,0,0
2022-12-27 14:14:00,0,0,0,0,0
2022-12-27 14:15:00,0,0,0,0,0
2022-12-27 14:16:00,0,0,0,0,0
2022-12-27 14:17:00,0,0,0,0,0
2022-12-27 14:18:00,0,0,0,0,0
2022-12-27 14:19:00,0,0,0,0,0
2022-12-27 14:20:00,0,0,0,0,0
2022-12-27 14:21:00,0,0,0,0,0
2022-12-27 14:22:00,0,0,0,0,0
2022-12-27 14:23:00,0,0,0,0,0
2022-12-27 14:24:00,0,0,0,0,0
2022-12-27 14:25:00,0,0,0,0,0
2022-12-27 14:26:00,0,0,0,0,0
2022-12-27 14:27:00,0,0,0,0,0
2022-12-27 14:28:00,0,0,0,0,0
2022-12-27 14:29:00,0,0,0,0,0
2022-12-27 14:30:00,0,0,0,0,0
2022-12-27 14:31:00,0,0,0,0,0
2022-12-27 14:32:00,0,0,0,0,0
2022-12-27 14:33:00,0,0,0,0,0
2022-12-27 14:34:00,0,0,0,0,0
2022-12-27 14:35:00,0,0,0,0,0
2022-12-27 14:36:00,0,0,0,0,0
2022-12-27 14:37:00,0,0,0,0,0
2022-12-27 14:38:00,0,0,0,0,0
2022-12-27 14:39:00,0,0,0,0,0
2022-12-27 14:40:00,0,0,0,0,0
2022-12-27 14:41:00,0,0,0,0,0
2022-12-27 14:42:00,0,0,0,0,0
2022-12-27 14:43:00,0,0,0,0,0
2022-12-27 14:44:00,0,0,0,0,0
2022-12-27 14:45:00,0,0,0,0,0
2022-12-27 14:46:00,0,0,0,0,0
2022-12-27 14:47:00,0,0,0,0,0
2022-12-27 14:48:00,0,0,0,0,0
2022-12-27 14:49:00,0,0,0,0,0
2022-12-27 14:50:00,0,0,0,0,0
2022-12-27 14:51:00,0,0,0,0,0
2022-12-27 14:52:00,0,0,0,0,0
2022-12-27 14:53:00,0,0,0,0,0
2022-12-27 14:54:00,0,0,0,0,0
2022-12-27 14:55:00,0,0,0,0,0
2022-12-27 14:56:00,0,0,0,0,0
2022-12-27 14:57:00,0,0,0,0,0
2022-12-27 14:58:00,0,0,0,0,0
2022-12-27 14:59:00,0,0,0,0,0
2022-12-27 15:00:00,0,0,0,0,0
2022-12-27 15:01:00,0,0,0,0,0
2022-12-27 15:02:00,0,0,0,0,0
2022-12-27 15:03:00,0,0,0,0,0
2022-12-27 15:04:00,0,0,0,0,0
2022-12-27 15:05:00,0,0,0,0,0
2022-12-27 15:06:00,0,0,0,0,0
2022-12-27 15:07:00,0,0,0,0,0
2022-12-27 15:08:00,0,0,0,0,0
2022-12-27 15:09:00,0,0,0,0,0
2022-12-27 15:10:00,0,0,0,0,0
2022-12-27 15:11:00,0,0,0,0,0
2022-12-27 15:12:00,0,0,0,0,0
2022-12-27 15:13:00,0,0,0,0,0
2022-12-27 15:14:00,0,0,0,0,0
2022-12-27 15:15:00,0,0,0,0,0
2022-12-27 15:16:00,0,0,0,0,0
2022-12-27 15:17:00,0,0,0,0,0
2022-12-27 15:18:00,0,0,0,0,0
2022-12-27 15:19:00,0,0,0,0,0
2022-12-27 15:20:00,0,0,0,0,0
2022-12-27 15:21:00,0,0,0,0,0
2022-12-27 15:22:00,0,0,0,0,0
2022-12-27 15:23:00,0,0,0,0,0
2022-12-27 15:24:00,0,0,0,0,0
2022-12-27 15:25:00,0,0,0,0,0
2022-12-27 15:26:00,0,0,0,0,0
2022-12-27 15:27:00,0,0,0,0,0
2022-12-27 15:28:00,0,0,0,0,0
2022-12-27 15:29:00,0,0,0,0,0
2022-12-27 15:30:00,0,0,0,0,0
2022-12-27 15:31:00,0,0,0,0,0
2022-12-27 15:32:00,0,0,0,0,0
2022-12-27 15:33:00,0,0,0,0,0
2022-12-27 15:34:00,0,0,0,0,0
2022-12-27 15:35:00,0,0,0,0,0
2022-12-27 15:36:00,0,0,0,0,0
2022-12-27 15:37:00,0,0,0,0,0
2022-12-27 15:38:00,0,0,0,0,0
2022-12-27 15:39:00,0,0,0,0,0
2022-12-27 15:40:00,0,0,0,0,0
2022-12-27 15:41:00,0,0,0,0,0
2022-12-27 15:42:00,0,0,0,0,0
2022-12-27 15:43:00,0,0,0,0,0
2022-12-27 15:44:00,0,0,0,0,0
2022-12-27 15:45:00,0,0,0,0,0
2022-12-27 15:46:00,0,0,0,0,0
2022-12-27 15:47:00,0,0,0,0,0
2022-12-27 15:48:00,0,0,0,0,0
2022-12-27 15:49:00,0,0,0,0,0
2022-12-27 15:50:00,0,0,0,0,0
2022-12-27 15:51:00,0,0,0,0,0
2022-12-27 15:52:00,0,0,0,0,0
2022-12-27 15:53:00,0,0,0,0,0
2022-12-27 15:54:00,0,0,0,0,0
2022-12-27 15:55:00,0,0,0,0,0
2022-12-27 15:56:00,0,0,0,0,0
2022-12-27 15:57:00,0,0,0,0,0
2022-12-27 15:58:00,0,0,0,0,0
2022-12-27 15:59:00,0,0,0,0,0
2022-12-28 09:00:00,0,0,0,0,0
2022-12-28 09:01:00,0,0,0,0,0
2022-12-28 09:02:00,0,0,0,0,0
2022-12-28 09:03:00,820,820,820,820,0
2022-12-28 09:04:00,0,0,0,0,0
2022-12-28 09:05:00,0,0,0,0,0
2022-12-28 09:06:00,0,0,0,0,0
2022-12-28 09:07:00,0,0,0,0,0
2022-12-28 09:08:00,0,0,0,0,0
2022-12-28 09:09:00,805,805,805,805,0
2022-12-28 09:10:00,0,0,0,0,0
2022-12-28 09:11:00,0,0,0,0,0
2022-12-28 09:12:00,0,0,0,0,0
2022-12-28 09:13:00,0,0,0,0,0
2022-12-28 09:14:00,0,0,0,0,0
2022-12-28 09:15:00,0,0,0,0,0
2022-12-28 09:16:00,0,0,0,0,0
2022-12-28 09:17:00,805,805,805,805,3600
2022-12-28 09:18:00,0,0,0,0,0
2022-12-28 09:19:00,0,0,0,0,0
2022-12-28 09:20:00,0,0,0,0,0
2022-12-28 09:21:00,0,0,0,0,0
2022-12-28 09:22:00,0,0,0,0,0
2022-12-28 09:23:00,0,0,0,0,0
2022-12-28 09:24:00,0,0,0,0,0
2022-12-28 09:25:00,0,0,0,0,0
2022-12-28 09:26:00,820,820,820,820,0
2022-12-28 09:27:00,0,0,0,0,0
2022-12-28 09:28:00,0,0,0,0,0
2022-12-28 09:29:00,0,0,0,0,0
2022-12-28 09:30:00,0,0,0,0,0
2022-12-28 09:31:00,0,0,0,0,0
2022-12-28 09:32:00,0,0,0,0,0
2022-12-28 09:33:00,0,0,0,0,0
2022-12-28 09:34:00,0,0,0,0,0
2022-12-28 09:35:00,0,0,0,0,0
2022-12-28 09:36:00,0,0,0,0,0
2022-12-28 09:37:00,0,0,0,0,0
2022-12-28 09:38:00,0,0,0,0,0
2022-12-28 09:39:00,0,0,0,0,0
2022-12-28 09:40:00,0,0,0,0,0
2022-12-28 09:41:00,0,0,0,0,0
2022-12-28 09:42:00,0,0,0,0,0
2022-12-28 09:43:00,0,0,0,0,0
2022-12-28 09:44:00,0,0,0,0,0
2022-12-28 09:45:00,0,0,0,0,0
2022-12-28 09:46:00,0,0,0,0,0
2022-12-28 09:47:00,0,0,0,0,0
2022-12-28 09:48:00,0,0,0,0,0
2022-12-28 09:49:00,0,0,0,0,0
2022-12-28 09:50:00,0,0,0,0,0
2022-12-28 09:51:00,820,805,820,805,20200
2022-12-28 09:52:00,0,0,0,0,0
2022-12-28 09:53:00,0,0,0,0,0
2022-12-28 09:54:00,0,0,0,0,0
2022-12-28 09:55:00,805,805,805,805,0
2022-12-28 09:56:00,0,0,0,0,0
2022-12-28 09:57:00,0,0,0,0,0
2022-12-28 09:58:00,0,0,0,0,0
2022-12-28 09:59:00,0,0,0,0,0
2022-12-28 10:00:00,0,0,0,0,0
2022-12-28 10:01:00,0,0,0,0,0
2022-12-28 10:02:00,0,0,0,0,0
2022-12-28 10:03:00,0,0,0,0,0
2022-12-28 10:04:00,0,0,0,0,0
2022-12-28 10:05:00,0,0,0,0,0
2022-12-28 10:06:00,0,0,0,0,0
2022-12-28 10:07:00,805,805,805,805,10000
2022-12-28 10:08:00,0,0,0,0,0
2022-12-28 10:09:00,0,0,0,0,0
2022-12-28 10:10:00,0,0,0,0,0
2022-12-28 10:11:00,0,0,0,0,0
2022-12-28 10:12:00,0,0,0,0,0
2022-12-28 10:13:00,0,0,0,0,0
2022-12-28 10:14:00,0,0,0,0,0
2022-12-28 10:15:00,0,0,0,0,0
2022-12-28 10:16:00,805,805,805,805,1000
2022-12-28 10:17:00,0,0,0,0,0
2022-12-28 10:18:00,0,0,0,0,0
2022-12-28 10:19:00,0,0,0,0,0
2022-12-28 10:20:00,0,0,0,0,0
2022-12-28 10:21:00,0,0,0,0,0
2022-12-28 10:22:00,0,0,0,0,0
2022-12-28 10:23:00,0,0,0,0,0
2022-12-28 10:24:00,0,0,0,0,0
2022-12-28 10:25:00,0,0,0,0,0
2022-12-28 10:26:00,0,0,0,0,0
2022-12-28 10:27:00,0,0,0,0,0
2022-12-28 10:28:00,0,0,0,0,0
2022-12-28 10:29:00,0,0,0,0,0
2022-12-28 10:30:00,0,0,0,0,0
2022-12-28 10:31:00,0,0,0,0,0
2022-12-28 10:32:00,0,0,0,0,0
2022-12-28 10:33:00,0,0,0,0,0
2022-12-28 10:34:00,0,0,0,0,0
2022-12-28 10:35:00,0,0,0,0,0
2022-12-28 10:36:00,0,0,0,0,0
2022-12-28 10:37:00,0,0,0,0,0
2022-12-28 10:38:00,0,0,0,0,0
2022-12-28 10:39:00,0,0,0,0,0
2022-12-28 10:40:00,0,0,0,0,0
2022-12-28 10:41:00,0,0,0,0,0
2022-12-28 10:42:00,0,0,0,0,0
2022-12-28 10:43:00,0,0,0,0,0
2022-12-28 10:44:00,0,0,0,0,0
2022-12-28 10:45:00,0,0,0,0,0
2022-12-28 10:46:00,0,0,0,0,0
2022-12-28 10:47:00,0,0,0,0,0
2022-12-28 10:48:00,0,0,0,0,0
2022-12-28 10:49:00,0,0,0,0,0
2022-12-28 10:50:00,0,0,0,0,0
2022-12-28 10:51:00,0,0,0,0,0
2022-12-28 10:52:00,0,0,0,0,0
2022-12-28 10:53:00,0,0,0,0,0
2022-12-28 10:54:00,0,0,0,0,0
2022-12-28 10:55:00,0,0,0,0,0
2022-12-28 10:56:00,0,0,0,0,0
2022-12-28 10:57:00,0,0,0,0,0
2022-12-28 10:58:00,0,0,0,0,0
2022-12-28 10:59:00,0,0,0,0,0
2022-12-28 11:00:00,0,0,0,0,0
2022-12-28 11:01:00,0,0,0,0,0
2022-12-28 11:02:00,0,0,0,0,0
2022-12-28 11:03:00,0,0,0,0,0
2022-12-28 11:04:00,0,0,0,0,0
2022-12-28 11:05:00,0,0,0,0,0
2022-12-28 11:06:00,0,0,0,0,0
2022-12-28 11:07:00,0,0,0,0,0
2022-12-28 11:08:00,0,0,0,0,0
2022-12-28 11:09:00,0,0,0,0,0
2022-12-28 11:10:00,0,0,0,0,0
2022-12-28 11:11:00,0,0,0,0,0
2022-12-28 11:12:00,0,0,0,0,0
2022-12-28 11:13:00,0,0,0,0,0
2022-12-28 11:14:00,0,0,0,0,0
2022-12-28 11:15:00,0,0,0,0,0
2022-12-28 11:16:00,0,0,0,0,0
2022-12-28 11:17:00,0,0,0,0,0
2022-12-28 11:18:00,0,0,0,0,0
2022-12-28 11:19:00,0,0,0,0,0
2022-12-28 11:20:00,810,810,810,810,100
2022-12-28 11:21:00,0,0,0,0,0
2022-12-28 11:22:00,0,0,0,0,0
2022-12-28 11:23:00,0,0,0,0,0
2022-12-28 11:24:00,0,0,0,0,0
2022-12-28 11:25:00,0,0,0,0,0
2022-12-28 11:26:00,0,0,0,0,0
2022-12-28 11:27:00,0,0,0,0,0
2022-12-28 11:28:00,0,0,0,0,0
2022-12-28 11:29:00,0,0,0,0,0
2022-12-28 11:30:00,0,0,0,0,0
2022-12-28 11:31:00,0,0,0,0,0
2022-12-28 11:32:00,0,0,0,0,0
2022-12-28 11:33:00,0,0,0,0,0
2022-12-28 11:34:00,0,0,0,0,0
2022-12-28 11:35:00,0,0,0,0,0
2022-12-28 11:36:00,0,0,0,0,0
2022-12-28 11:37:00,0,0,0,0,0
2022-12-28 11:38:00,0,0,0,0,0
2022-12-28 11:39:00,0,0,0,0,0
2022-12-28 11:40:00,0,0,0,0,0
2022-12-28 11:41:00,0,0,0,0,0
2022-12-28 11:42:00,0,0,0,0,0
2022-12-28 11:43:00,0,0,0,0,0
2022-12-28 11:44:00,0,0,0,0,0
2022-12-28 11:45:00,0,0,0,0,0
2022-12-28 11:46:00,0,0,0,0,0
2022-12-28 11:47:00,0,0,0,0,0
2022-12-28 11:48:00,0,0,0,0,0
2022-12-28 11:49:00,0,0,0,0,0
2022-12-28 11:50:00,0,0,0,0,0
2022-12-28 11:51:00,0,0,0,0,0
2022-12-28 11:52:00,0,0,0,0,0
2022-12-28 11:53:00,0,0,0,0,0
2022-12-28 11:54:00,0,0,0,0,0
2022-12-28 11:55:00,0,0,0,0,0
2022-12-28 11:56:00,0,0,0,0,0
2022-12-28 11:57:00,0,0,0,0,0
2022-12-28 11:58:00,0,0,0,0,0
2022-12-28 11:59:00,0,0,0,0,0
2022-12-28 12:00:00,0,0,0,0,0
2022-12-28 12:01:00,0,0,0,0,0
2022-12-28 12:02:00,0,0,0,0,0
2022-12-28 12:03:00,0,0,0,0,0
2022-12-28 12:04:00,0,0,0,0,0
2022-12-28 12:05:00,0,0,0,0,0
2022-12-28 12:06:00,0,0,0,0,0
2022-12-28 12:07:00,0,0,0,0,0
2022-12-28 12:08:00,0,0,0,0,0
2022-12-28 12:09:00,0,0,0,0,0
2022-12-28 12:10:00,0,0,0,0,0
2022-12-28 12:11:00,0,0,0,0,0
2022-12-28 12:12:00,0,0,0,0,0
2022-12-28 12:13:00,0,0,0,0,0
2022-12-28 12:14:00,0,0,0,0,0
2022-12-28 12:15:00,0,0,0,0,0
2022-12-28 12:16:00,0,0,0,0,0
2022-12-28 12:17:00,0,0,0,0,0
2022-12-28 12:18:00,0,0,0,0,0
2022-12-28 12:19:00,0,0,0,0,0
2022-12-28 12:20:00,0,0,0,0,0
2022-12-28 12:21:00,0,0,0,0,0
2022-12-28 12:22:00,0,0,0,0,0
2022-12-28 12:23:00,0,0,0,0,0
2022-12-28 12:24:00,0,0,0,0,0
2022-12-28 12:25:00,0,0,0,0,0
2022-12-28 12:26:00,0,0,0,0,0
2022-12-28 12:27:00,0,0,0,0,0
2022-12-28 12:28:00,0,0,0,0,0
2022-12-28 12:29:00,0,0,0,0,0
2022-12-28 12:30:00,0,0,0,0,0
2022-12-28 12:31:00,0,0,0,0,0
2022-12-28 12:32:00,0,0,0,0,0
2022-12-28 12:33:00,0,0,0,0,0
2022-12-28 12:34:00,0,0,0,0,0
2022-12-28 12:35:00,0,0,0,0,0
2022-12-28 12:36:00,0,0,0,0,0
2022-12-28 12:37:00,0,0,0,0,0
2022-12-28 12:38:00,0,0,0,0,0
2022-12-28 12:39:00,0,0,0,0,0
2022-12-28 12:40:00,0,0,0,0,0
2022-12-28 12:41:00,0,0,0,0,0
2022-12-28 12:42:00,0,0,0,0,0
2022-12-28 12:43:00,0,0,0,0,0
2022-12-28 12:44:00,0,0,0,0,0
2022-12-28 12:45:00,0,0,0,0,0
2022-12-28 12:46:00,0,0,0,0,0
2022-12-28 12:47:00,0,0,0,0,0
2022-12-28 12:48:00,0,0,0,0,0
2022-12-28 12:49:00,0,0,0,0,0
2022-12-28 12:50:00,0,0,0,0,0
2022-12-28 12:51:00,0,0,0,0,0
2022-12-28 12:52:00,0,0,0,0,0
2022-12-28 12:53:00,0,0,0,0,0
2022-12-28 12:54:00,0,0,0,0,0
2022-12-28 12:55:00,0,0,0,0,0
2022-12-28 12:56:00,0,0,0,0,0
2022-12-28 12:57:00,0,0,0,0,0
2022-12-28 12:58:00,0,0,0,0,0
2022-12-28 12:59:00,0,0,0,0,0
2022-12-28 13:00:00,0,0,0,0,0
2022-12-28 13:01:00,0,0,0,0,0
2022-12-28 13:02:00,0,0,0,0,0
2022-12-28 13:03:00,0,0,0,0,0
2022-12-28 13:04:00,0,0,0,0,0
2022-12-28 13:05:00,0,0,0,0,0
2022-12-28 13:06:00,0,0,0,0,0
2022-12-28 13:07:00,0,0,0,0,0
2022-12-28 13:08:00,0,0,0,0,0
2022-12-28 13:09:00,0,0,0,0,0
2022-12-28 13:10:00,0,0,0,0,0
2022-12-28 13:11:00,0,0,0,0,0
2022-12-28 13:12:00,0,0,0,0,0
2022-12-28 13:13:00,0,0,0,0,0
2022-12-28 13:14:00,0,0,0,0,0
2022-12-28 13:15:00,0,0,0,0,0
2022-12-28 13:16:00,0,0,0,0,0
2022-12-28 13:17:00,0,0,0,0,0
2022-12-28 13:18:00,0,0,0,0,0
2022-12-28 13:19:00,0,0,0,0,0
2022-12-28 13:20:00,0,0,0,0,0
2022-12-28 13:21:00,0,0,0,0,0
2022-12-28 13:22:00,0,0,0,0,0
2022-12-28 13:23:00,0,0,0,0,0
2022-12-28 13:24:00,0,0,0,0,0
2022-12-28 13:25:00,0,0,0,0,0
2022-12-28 13:26:00,0,0,0,0,0
2022-12-28 13:27:00,0,0,0,0,0
2022-12-28 13:28:00,0,0,0,0,0
2022-12-28 13:29:00,0,0,0,0,0
2022-12-28 13:30:00,0,0,0,0,0
2022-12-28 13:31:00,0,0,0,0,0
2022-12-28 13:32:00,0,0,0,0,0
2022-12-28 13:33:00,0,0,0,0,0
2022-12-28 13:34:00,0,0,0,0,0
2022-12-28 13:35:00,0,0,0,0,0
2022-12-28 13:36:00,0,0,0,0,0
2022-12-28 13:37:00,0,0,0,0,0
2022-12-28 13:38:00,0,0,0,0,0
2022-12-28 13:39:00,0,0,0,0,0
2022-12-28 13:40:00,0,0,0,0,0
2022-12-28 13:41:00,0,0,0,0,0
2022-12-28 13:42:00,0,0,0,0,0
2022-12-28 13:43:00,0,0,0,0,0
2022-12-28 13:44:00,0,0,0,0,0
2022-12-28 13:45:00,0,0,0,0,0
2022-12-28 13:46:00,0,0,0,0,0
2022-12-28 13:47:00,0,0,0,0,0
2022-12-28 13:48:00,0,0,0,0,0
2022-12-28 13:49:00,0,0,0,0,0
2022-12-28 13:50:00,0,0,0,0,0
2022-12-28 13:51:00,0,0,0,0,0
2022-12-28 13:52:00,0,0,0,0,0
2022-12-28 13:53:00,0,0,0,0,0
2022-12-28 13:54:00,0,0,0,0,0
2022-12-28 13:55:00,0,0,0,0,0
2022-12-28 13:56:00,0,0,0,0,0
2022-12-28 13:57:00,0,0,0,0,0
2022-12-28 13:58:00,0,0,0,0,0
2022-12-28 13:59:00,0,0,0,0,0
2022-12-28 14:00:00,0,0,0,0,0
2022-12-28 14:01:00,0,0,0,0,0
2022-12-28 14:02:00,0,0,0,0,0
2022-12-28 14:03:00,0,0,0,0,0
2022-12-28 14:04:00,0,0,0,0,0
2022-12-28 14:05:00,0,0,0,0,0
2022-12-28 14:06:00,0,0,0,0,0
2022-12-28 14:07:00,0,0,0,0,0
2022-12-28 14:08:00,0,0,0,0,0
2022-12-28 14:09:00,0,0,0,0,0
2022-12-28 14:10:00,0,0,0,0,0
2022-12-28 14:11:00,0,0,0,0,0
2022-12-28 14:12:00,0,0,0,0,0
2022-12-28 14:13:00,0,0,0,0,0
2022-12-28 14:14:00,0,0,0,0,0
2022-12-28 14:15:00,0,0,0,0,0
2022-12-28 14:16:00,0,0,0,0,0
2022-12-28 14:17:00,0,0,0,0,0
2022-12-28 14:18:00,810,810,810,810,100
2022-12-28 14:19:00,0,0,0,0,0
2022-12-28 14:20:00,0,0,0,0,0
2022-12-28 14:21:00,0,0,0,0,0
2022-12-28 14:22:00,0,0,0,0,0
2022-12-28 14:23:00,0,0,0,0,0
2022-12-28 14:24:00,0,0,0,0,0
2022-12-28 14:25:00,0,0,0,0,0
2022-12-28 14:26:00,0,0,0,0,0
2022-12-28 14:27:00,0,0,0,0,0
2022-12-28 14:28:00,0,0,0,0,0
2022-12-28 14:29:00,0,0,0,0,0
2022-12-28 14:30:00,0,0,0,0,0
2022-12-28 14:31:00,810,810,810,810,1000
2022-12-28 14:32:00,0,0,0,0,0
2022-12-28 14:33:00,0,0,0,0,0
2022-12-28 14:34:00,0,0,0,0,0
2022-12-28 14:35:00,0,0,0,0,0
2022-12-28 14:36:00,0,0,0,0,0
2022-12-28 14:37:00,0,0,0,0,0
2022-12-28 14:38:00,0,0,0,0,0
2022-12-28 14:39:00,0,0,0,0,0
2022-12-28 14:40:00,0,0,0,0,0
2022-12-28 14:41:00,0,0,0,0,0
2022-12-28 14:42:00,805,805,805,805,12800
2022-12-28 14:43:00,0,0,0,0,0
2022-12-28 14:44:00,0,0,0,0,0
2022-12-28 14:45:00,0,0,0,0,0
2022-12-28 14:46:00,805,805,805,805,3500
2022-12-28 14:47:00,0,0,0,0,0
2022-12-28 14:48:00,0,0,0,0,0
2022-12-28 14:49:00,0,0,0,0,0
2022-12-28 14:50:00,0,0,0,0,0
2022-12-28 14:51:00,0,0,0,0,0
2022-12-28 14:52:00,0,0,0,0,0
2022-12-28 14:53:00,0,0,0,0,0
2022-12-28 14:54:00,0,0,0,0,0
2022-12-28 14:55:00,0,0,0,0,0
2022-12-28 14:56:00,0,0,0,0,0
2022-12-28 14:57:00,0,0,0,0,0
2022-12-28 14:58:00,0,0,0,0,0
2022-12-28 14:59:00,0,0,0,0,0
2022-12-28 15:00:00,805,805,805,805,182900
2022-12-28 15:01:00,0,0,0,0,0
2022-12-28 15:02:00,0,0,0,0,0
2022-12-28 15:03:00,0,0,0,0,0
2022-12-28 15:04:00,0,0,0,0,0
2022-12-28 15:05:00,0,0,0,0,0
2022-12-28 15:06:00,0,0,0,0,0
2022-12-28 15:07:00,0,0,0,0,0
2022-12-28 15:08:00,0,0,0,0,0
2022-12-28 15:09:00,0,0,0,0,0
2022-12-28 15:10:00,0,0,0,0,0
2022-12-28 15:11:00,0,0,0,0,0
2022-12-28 15:12:00,0,0,0,0,0
2022-12-28 15:13:00,0,0,0,0,0
2022-12-28 15:14:00,0,0,0,0,0
2022-12-28 15:15:00,0,0,0,0,0
2022-12-28 15:16:00,0,0,0,0,0
2022-12-28 15:17:00,0,0,0,0,0
2022-12-28 15:18:00,0,0,0,0,0
2022-12-28 15:19:00,0,0,0,0,0
2022-12-28 15:20:00,0,0,0,0,0
2022-12-28 15:21:00,0,0,0,0,0
2022-12-28 15:22:00,0,0,0,0,0
2022-12-28 15:23:00,0,0,0,0,0
2022-12-28 15:24:00,0,0,0,0,0
2022-12-28 15:25:00,0,0,0,0,0
2022-12-28 15:26:00,0,0,0,0,0
2022-12-28 15:27:00,0,0,0,0,0
2022-12-28 15:28:00,0,0,0,0,0
2022-12-28 15:29:00,0,0,0,0,0
2022-12-28 15:30:00,0,0,0,0,0
2022-12-28 15:31:00,0,0,0,0,0
2022-12-28 15:32:00,0,0,0,0,0
2022-12-28 15:33:00,0,0,0,0,0
2022-12-28 15:34:00,0,0,0,0,0
2022-12-28 15:35:00,0,0,0,0,0
2022-12-28 15:36:00,0,0,0,0,0
2022-12-28 15:37:00,0,0,0,0,0
2022-12-28 15:38:00,0,0,0,0,0
2022-12-28 15:39:00,0,0,0,0,0
2022-12-28 15:40:00,0,0,0,0,0
2022-12-28 15:41:00,0,0,0,0,0
2022-12-28 15:42:00,0,0,0,0,0
2022-12-28 15:43:00,0,0,0,0,0
2022-12-28 15:44:00,0,0,0,0,0
2022-12-28 15:45:00,0,0,0,0,0
2022-12-28 15:46:00,0,0,0,0,0
2022-12-28 15:47:00,0,0,0,0,0
2022-12-28 15:48:00,0,0,0,0,0
2022-12-28 15:49:00,0,0,0,0,0
2022-12-28 15:50:00,0,0,0,0,0
2022-12-28 15:51:00,0,0,0,0,0
2022-12-28 15:52:00,0,0,0,0,0
2022-12-28 15:53:00,0,0,0,0,0
2022-12-28 15:54:00,0,0,0,0,0
2022-12-28 15:55:00,0,0,0,0,0
2022-12-28 15:56:00,0,0,0,0,0
2022-12-28 15:57:00,0,0,0,0,0
2022-12-28 15:58:00,0,0,0,0,0
2022-12-28 15:59:00,0,0,0,0,0
2022-12-29 09:00:00,0,0,0,0,0
2022-12-29 09:01:00,0,0,0,0,0
2022-12-29 09:02:00,805,805,805,805,0
2022-12-29 09:03:00,0,0,0,0,0
2022-12-29 09:04:00,0,0,0,0,0
2022-12-29 09:05:00,0,0,0,0,0
2022-12-29 09:06:00,0,0,0,0,0
2022-12-29 09:07:00,0,0,0,0,0
2022-12-29 09:08:00,0,0,0,0,0
2022-12-29 09:09:00,0,0,0,0,0
2022-12-29 09:10:00,0,0,0,0,0
2022-12-29 09:11:00,0,0,0,0,0
2022-12-29 09:12:00,0,0,0,0,0
2022-12-29 09:13:00,0,0,0,0,0
2022-12-29 09:14:00,0,0,0,0,0
2022-12-29 09:15:00,0,0,0,0,0
2022-12-29 09:16:00,0,0,0,0,0
2022-12-29 09:17:00,0,0,0,0,0
2022-12-29 09:18:00,0,0,0,0,0
2022-12-29 09:19:00,800,800,800,800,80500
2022-12-29 09:20:00,805,800,805,800,0
2022-12-29 09:21:00,0,0,0,0,0
2022-12-29 09:22:00,805,805,805,805,0
2022-12-29 09:23:00,0,0,0,0,0
2022-12-29 09:24:00,0,0,0,0,0
2022-12-29 09:25:00,0,0,0,0,0
2022-12-29 09:26:00,0,0,0,0,0
2022-12-29 09:27:00,0,0,0,0,0
2022-12-29 09:28:00,0,0,0,0,0
2022-12-29 09:29:00,0,0,0,0,0
2022-12-29 09:30:00,0,0,0,0,0
2022-12-29 09:31:00,0,0,0,0,0
2022-12-29 09:32:00,0,0,0,0,0
2022-12-29 09:33:00,805,805,805,805,162000
2022-12-29 09:34:00,0,0,0,0,0
2022-12-29 09:35:00,805,800,805,800,0
2022-12-29 09:36:00,0,0,0,0,0
2022-12-29 09:37:00,0,0,0,0,0
2022-12-29 09:38:00,0,0,0,0,0
2022-12-29 09:39:00,805,805,805,805,11500
2022-12-29 09:40:00,0,0,0,0,0
2022-12-29 09:41:00,805,805,805,805,0
2022-12-29 09:42:00,0,0,0,0,0
2022-12-29 09:43:00,0,0,0,0,0
2022-12-29 09:44:00,0,0,0,0,0
2022-12-29 09:45:00,805,805,805,805,12400
2022-12-29 09:46:00,0,0,0,0,0
2022-12-29 09:47:00,0,0,0,0,0
2022-12-29 09:48:00,0,0,0,0,0
2022-12-29 09:49:00,805,805,805,805,0
2022-12-29 09:50:00,0,0,0,0,0
2022-12-29 09:51:00,0,0,0,0,0
2022-12-29 09:52:00,805,805,805,805,300
2022-12-29 09:53:00,0,0,0,0,0
2022-12-29 09:54:00,0,0,0,0,0
2022-12-29 09:55:00,805,805,805,805,24800
2022-12-29 09:56:00,0,0,0,0,0
2022-12-29 09:57:00,0,0,0,0,0
2022-12-29 09:58:00,0,0,0,0,0
2022-12-29 09:59:00,0,0,0,0,0
2022-12-29 10:00:00,0,0,0,0,0
2022-12-29 10:01:00,0,0,0,0,0
2022-12-29 10:02:00,0,0,0,0,0
2022-12-29 10:03:00,0,0,0,0,0
2022-12-29 10:04:00,0,0,0,0,0
2022-12-29 10:05:00,0,0,0,0,0
2022-12-29 10:06:00,0,0,0,0,0
2022-12-29 10:07:00,0,0,0,0,0
2022-12-29 10:08:00,0,0,0,0,0
2022-12-29 10:09:00,0,0,0,0,0
2022-12-29 10:10:00,0,0,0,0,0
2022-12-29 10:11:00,0,0,0,0,0
2022-12-29 10:12:00,0,0,0,0,0
2022-12-29 10:13:00,0,0,0,0,0
2022-12-29 10:14:00,0,0,0,0,0
2022-12-29 10:15:00,0,0,0,0,0
2022-12-29 10:16:00,0,0,0,0,0
2022-12-29 10:17:00,0,0,0,0,0
2022-12-29 10:18:00,0,0,0,0,0
2022-12-29 10:19:00,0,0,0,0,0
2022-12-29 10:20:00,0,0,0,0,0
2022-12-29 10:21:00,0,0,0,0,0
2022-12-29 10:22:00,0,0,0,0,0
2022-12-29 10:23:00,0,0,0,0,0
2022-12-29 10:24:00,0,0,0,0,0
2022-12-29 10:25:00,0,0,0,0,0
2022-12-29 10:26:00,800,800,800,800,179000
2022-12-29 10:27:00,0,0,0,0,0
2022-12-29 10:28:00,800,800,800,800,1700
2022-12-29 10:29:00,0,0,0,0,0
2022-12-29 10:30:00,0,0,0,0,0
2022-12-29 10:31:00,800,800,800,800,125000
2022-12-29 10:32:00,0,0,0,0,0
2022-12-29 10:33:00,0,0,0,0,0
2022-12-29 10:34:00,795,795,795,795,0
2022-12-29 10:35:00,0,0,0,0,0
2022-12-29 10:36:00,0,0,0,0,0
2022-12-29 10:37:00,0,0,0,0,0
2022-12-29 10:38:00,805,805,805,805,0
2022-12-29 10:39:00,0,0,0,0,0
2022-12-29 10:40:00,0,0,0,0,0
2022-12-29 10:41:00,0,0,0,0,0
2022-12-29 10:42:00,0,0,0,0,0
2022-12-29 10:43:00,0,0,0,0,0
2022-12-29 10:44:00,0,0,0,0,0
2022-12-29 10:45:00,0,0,0,0,0
2022-12-29 10:46:00,0,0,0,0,0
2022-12-29 10:47:00,0,0,0,0,0
2022-12-29 10:48:00,0,0,0,0,0
2022-12-29 10:49:00,0,0,0,0,0
2022-12-29 10:50:00,0,0,0,0,0
2022-12-29 10:51:00,0,0,0,0,0
2022-12-29 10:52:00,805,805,805,805,2500
2022-12-29 10:53:00,0,0,0,0,0
2022-12-29 10:54:00,0,0,0,0,0
2022-12-29 10:55:00,0,0,0,0,0
2022-12-29 10:56:00,0,0,0,0,0
2022-12-29 10:57:00,0,0,0,0,0
2022-12-29 10:58:00,0,0,0,0,0
2022-12-29 10:59:00,0,0,0,0,0
2022-12-29 11:00:00,805,805,805,805,1000
2022-12-29 11:01:00,0,0,0,0,0
2022-12-29 11:02:00,0,0,0,0,0
2022-12-29 11:03:00,0,0,0,0,0
2022-12-29 11:04:00,0,0,0,0,0
2022-12-29 11:05:00,0,0,0,0,0
2022-12-29 11:06:00,0,0,0,0,0
2022-12-29 11:07:00,0,0,0,0,0
2022-12-29 11:08:00,0,0,0,0,0
2022-12-29 11:09:00,0,0,0,0,0
2022-12-29 11:10:00,0,0,0,0,0
2022-12-29 11:11:00,0,0,0,0,0
2022-12-29 11:12:00,0,0,0,0,0
2022-12-29 11:13:00,0,0,0,0,0
2022-12-29 11:14:00,0,0,0,0,0
2022-12-29 11:15:00,0,0,0,0,0
2022-12-29 11:16:00,0,0,0,0,0
2022-12-29 11:17:00,0,0,0,0,0
2022-12-29 11:18:00,0,0,0,0,0
2022-12-29 11:19:00,0,0,0,0,0
2022-12-29 11:20:00,0,0,0,0,0
2022-12-29 11:21:00,0,0,0,0,0
2022-12-29 11:22:00,0,0,0,0,0
2022-12-29 11:23:00,0,0,0,0,0
2022-12-29 11:24:00,0,0,0,0,0
2022-12-29 11:25:00,0,0,0,0,0
2022-12-29 11:26:00,0,0,0,0,0
2022-12-29 11:27:00,0,0,0,0,0
2022-12-29 11:28:00,0,0,0,0,0
2022-12-29 11:29:00,0,0,0,0,0
2022-12-29 11:30:00,0,0,0,0,0
2022-12-29 11:31:00,0,0,0,0,0
2022-12-29 11:32:00,0,0,0,0,0
2022-12-29 11:33:00,0,0,0,0,0
2022-12-29 11:34:00,0,0,0,0,0
2022-12-29 11:35:00,0,0,0,0,0
2022-12-29 11:36:00,0,0,0,0,0
2022-12-29 11:37:00,0,0,0,0,0
2022-12-29 11:38:00,0,0,0,0,0
2022-12-29 11:39:00,0,0,0,0,0
2022-12-29 11:40:00,0,0,0,0,0
2022-12-29 11:41:00,0,0,0,0,0
2022-12-29 11:42:00,0,0,0,0,0
2022-12-29 11:43:00,0,0,0,0,0
2022-12-29 11:44:00,0,0,0,0,0
2022-12-29 11:45:00,0,0,0,0,0
2022-12-29 11:46:00,0,0,0,0,0
2022-12-29 11:47:00,0,0,0,0,0
2022-12-29 11:48:00,0,0,0,0,0
2022-12-29 11:49:00,0,0,0,0,0
2022-12-29 11:50:00,0,0,0,0,0
2022-12-29 11:51:00,0,0,0,0,0
2022-12-29 11:52:00,0,0,0,0,0
2022-12-29 11:53:00,0,0,0,0,0
2022-12-29 11:54:00,0,0,0,0,0
2022-12-29 11:55:00,0,0,0,0,0
2022-12-29 11:56:00,0,0,0,0,0
2022-12-29 11:57:00,0,0,0,0,0
2022-12-29 11:58:00,0,0,0,0,0
2022-12-29 11:59:00,0,0,0,0,0
2022-12-29 12:00:00,0,0,0,0,0
2022-12-29 12:01:00,0,0,0,0,0
2022-12-29 12:02:00,0,0,0,0,0
2022-12-29 12:03:00,0,0,0,0,0
2022-12-29 12:04:00,0,0,0,0,0
2022-12-29 12:05:00,0,0,0,0,0
2022-12-29 12:06:00,0,0,0,0,0
2022-12-29 12:07:00,0,0,0,0,0
2022-12-29 12:08:00,0,0,0,0,0
2022-12-29 12:09:00,0,0,0,0,0
2022-12-29 12:10:00,0,0,0,0,0
2022-12-29 12:11:00,0,0,0,0,0
2022-12-29 12:12:00,0,0,0,0,0
2022-12-29 12:13:00,0,0,0,0,0
2022-12-29 12:14:00,0,0,0,0,0
2022-12-29 12:15:00,0,0,0,0,0
2022-12-29 12:16:00,0,0,0,0,0
2022-12-29 12:17:00,0,0,0,0,0
2022-12-29 12:18:00,0,0,0,0,0
2022-12-29 12:19:00,0,0,0,0,0
2022-12-29 12:20:00,0,0,0,0,0
2022-12-29 12:21:00,0,0,0,0,0
2022-12-29 12:22:00,0,0,0,0,0
2022-12-29 12:23:00,0,0,0,0,0
2022-12-29 12:24:00,0,0,0,0,0
2022-12-29 12:25:00,0,0,0,0,0
2022-12-29 12:26:00,0,0,0,0,0
2022-12-29 12:27:00,0,0,0,0,0
2022-12-29 12:28:00,0,0,0,0,0
2022-12-29 12:29:00,0,0,0,0,0
2022-12-29 12:30:00,0,0,0,0,0
2022-12-29 12:31:00,0,0,0,0,0
2022-12-29 12:32:00,0,0,0,0,0
2022-12-29 12:33:00,0,0,0,0,0
2022-12-29 12:34:00,0,0,0,0,0
2022-12-29 12:35:00,0,0,0,0,0
2022-12-29 12:36:00,0,0,0,0,0
2022-12-29 12:37:00,0,0,0,0,0
2022-12-29 12:38:00,0,0,0,0,0
2022-12-29 12:39:00,0,0,0,0,0
2022-12-29 12:40:00,0,0,0,0,0
2022-12-29 12:41:00,0,0,0,0,0
2022-12-29 12:42:00,0,0,0,0,0
2022-12-29 12:43:00,0,0,0,0,0
2022-12-29 12:44:00,0,0,0,0,0
2022-12-29 12:45:00,0,0,0,0,0
2022-12-29 12:46:00,0,0,0,0,0
2022-12-29 12:47:00,0,0,0,0,0
2022-12-29 12:48:00,0,0,0,0,0
2022-12-29 12:49:00,0,0,0,0,0
2022-12-29 12:50:00,0,0,0,0,0
2022-12-29 12:51:00,0,0,0,0,0
2022-12-29 12:52:00,0,0,0,0,0
2022-12-29 12:53:00,0,0,0,0,0
2022-12-29 12:54:00,0,0,0,0,0
2022-12-29 12:55:00,0,0,0,0,0
2022-12-29 12:56:00,0,0,0,0,0
2022-12-29 12:57:00,0,0,0,0,0
2022-12-29 12:58:00,0,0,0,0,0
2022-12-29 12:59:00,0,0,0,0,0
2022-12-29 13:00:00,0,0,0,0,0
2022-12-29 13:01:00,0,0,0,0,0
2022-12-29 13:02:00,0,0,0,0,0
2022-12-29 13:03:00,0,0,0,0,0
2022-12-29 13:04:00,0,0,0,0,0
2022-12-29 13:05:00,0,0,0,0,0
2022-12-29 13:06:00,0,0,0,0,0
2022-12-29 13:07:00,0,0,0,0,0
2022-12-29 13:08:00,0,0,0,0,0
2022-12-29 13:09:00,0,0,0,0,0
2022-12-29 13:10:00,0,0,0,0,0
2022-12-29 13:11:00,0,0,0,0,0
2022-12-29 13:12:00,0,0,0,0,0
2022-12-29 13:13:00,0,0,0,0,0
2022-12-29 13:14:00,0,0,0,0,0
2022-12-29 13:15:00,0,0,0,0,0
2022-12-29 13:16:00,0,0,0,0,0
2022-12-29 13:17:00,0,0,0,0,0
2022-12-29 13:18:00,0,0,0,0,0
2022-12-29 13:19:00,0,0,0,0,0
2022-12-29 13:20:00,0,0,0,0,0
2022-12-29 13:21:00,0,0,0,0,0
2022-12-29 13:22:00,0,0,0,0,0
2022-12-29 13:23:00,0,0,0,0,0
2022-12-29 13:24:00,0,0,0,0,0
2022-12-29 13:25:00,0,0,0,0,0
2022-12-29 13:26:00,0,0,0,0,0
2022-12-29 13:27:00,0,0,0,0,0
2022-12-29 13:28:00,0,0,0,0,0
2022-12-29 13:29:00,0,0,0,0,0
2022-12-29 13:30:00,805,805,805,805,2000
2022-12-29 13:31:00,0,0,0,0,0
2022-12-29 13:32:00,0,0,0,0,0
2022-12-29 13:33:00,0,0,0,0,0
2022-12-29 13:34:00,0,0,0,0,0
2022-12-29 13:35:00,0,0,0,0,0
2022-12-29 13:36:00,0,0,0,0,0
2022-12-29 13:37:00,0,0,0,0,0
2022-12-29 13:38:00,805,805,805,805,0
2022-12-29 13:39:00,0,0,0,0,0
2022-12-29 13:40:00,0,0,0,0,0
2022-12-29 13:41:00,0,0,0,0,0
2022-12-29 13:42:00,0,0,0,0,0
2022-12-29 13:43:00,0,0,0,0,0
2022-12-29 13:44:00,0,0,0,0,0
2022-12-29 13:45:00,0,0,0,0,0
2022-12-29 13:46:00,0,0,0,0,0
2022-12-29 13:47:00,800,800,800,800,19900
2022-12-29 13:48:00,0,0,0,0,0
2022-12-29 13:49:00,0,0,0,0,0
2022-12-29 13:50:00,0,0,0,0,0
2022-12-29 13:51:00,0,0,0,0,0
2022-12-29 13:52:00,0,0,0,0,0
2022-12-29 13:53:00,0,0,0,0,0
2022-12-29 13:54:00,0,0,0,0,0
2022-12-29 13:55:00,0,0,0,0,0
2022-12-29 13:56:00,0,0,0,0,0
2022-12-29 13:57:00,0,0,0,0,0
2022-12-29 13:58:00,0,0,0,0,0
2022-12-29 13:59:00,0,0,0,0,0
2022-12-29 14:00:00,0,0,0,0,0
2022-12-29 14:01:00,0,0,0,0,0
2022-12-29 14:02:00,0,0,0,0,0
2022-12-29 14:03:00,0,0,0,0,0
2022-12-29 14:04:00,0,0,0,0,0
2022-12-29 14:05:00,0,0,0,0,0
2022-12-29 14:06:00,0,0,0,0,0
2022-12-29 14:07:00,0,0,0,0,0
2022-12-29 14:08:00,0,0,0,0,0
2022-12-29 14:09:00,800,800,800,800,1300
2022-12-29 14:10:00,800,800,800,800,100
2022-12-29 14:11:00,0,0,0,0,0
2022-12-29 14:12:00,0,0,0,0,0
2022-12-29 14:13:00,0,0,0,0,0
2022-12-29 14:14:00,800,800,800,800,3200
2022-12-29 14:15:00,0,0,0,0,0
2022-12-29 14:16:00,0,0,0,0,0
2022-12-29 14:17:00,0,0,0,0,0
2022-12-29 14:18:00,0,0,0,0,0
2022-12-29 14:19:00,0,0,0,0,0
2022-12-29 14:20:00,800,800,800,800,0
2022-12-29 14:21:00,0,0,0,0,0
2022-12-29 14:22:00,795,795,795,795,100
2022-12-29 14:23:00,0,0,0,0,0
2022-12-29 14:24:00,0,0,0,0,0
2022-12-29 14:25:00,805,805,805,805,100
2022-12-29 14:26:00,0,0,0,0,0
2022-12-29 14:27:00,0,0,0,0,0
2022-12-29 14:28:00,0,0,0,0,0
2022-12-29 14:29:00,0,0,0,0,0
2022-12-29 14:30:00,0,0,0,0,0
2022-12-29 14:31:00,0,0,0,0,0
2022-12-29 14:32:00,0,0,0,0,0
2022-12-29 14:33:00,0,0,0,0,0
2022-12-29 14:34:00,0,0,0,0,0
2022-12-29 14:35:00,0,0,0,0,0
2022-12-29 14:36:00,0,0,0,0,0
2022-12-29 14:37:00,0,0,0,0,0
2022-12-29 14:38:00,0,0,0,0,0
2022-12-29 14:39:00,0,0,0,0,0
2022-12-29 14:40:00,0,0,0,0,0
2022-12-29 14:41:00,0,0,0,0,0
2022-12-29 14:42:00,0,0,0,0,0
2022-12-29 14:43:00,0,0,0,0,0
2022-12-29 14:44:00,800,800,805,805,343800
2022-12-29 14:45:00,0,0,0,0,0
2022-12-29 14:46:00,0,0,0,0,0
2022-12-29 14:47:00,0,0,0,0,0
2022-12-29 14:48:00,0,0,0,0,0
2022-12-29 14:49:00,0,0,0,0,0
2022-12-29 14:50:00,0,0,0,0,0
2022-12-29 14:51:00,0,0,0,0,0
2022-12-29 14:52:00,0,0,0,0,0
2022-12-29 14:53:00,0,0,0,0,0
2022-12-29 14:54:00,0,0,0,0,0
2022-12-29 14:55:00,0,0,0,0,0
2022-12-29 14:56:00,0,0,0,0,0
2022-12-29 14:57:00,0,0,0,0,0
2022-12-29 14:58:00,0,0,0,0,0
2022-12-29 14:59:00,0,0,0,0,0
2022-12-29 15:00:00,820,820,820,820,200
2022-12-29 15:01:00,820,820,820,820,809000
2022-12-29 15:02:00,0,0,0,0,0
2022-12-29 15:03:00,0,0,0,0,0
2022-12-29 15:04:00,0,0,0,0,0
2022-12-29 15:05:00,0,0,0,0,0
2022-12-29 15:06:00,0,0,0,0,0
2022-12-29 15:07:00,0,0,0,0,0
2022-12-29 15:08:00,0,0,0,0,0
2022-12-29 15:09:00,0,0,0,0,0
2022-12-29 15:10:00,0,0,0,0,0
2022-12-29 15:11:00,0,0,0,0,0
2022-12-29 15:12:00,0,0,0,0,0
2022-12-29 15:13:00,0,0,0,0,0
2022-12-29 15:14:00,0,0,0,0,0
2022-12-29 15:15:00,0,0,0,0,0
2022-12-29 15:16:00,0,0,0,0,0
2022-12-29 15:17:00,0,0,0,0,0
2022-12-29 15:18:00,0,0,0,0,0
2022-12-29 15:19:00,0,0,0,0,0
2022-12-29 15:20:00,0,0,0,0,0
2022-12-29 15:21:00,0,0,0,0,0
2022-12-29 15:22:00,0,0,0,0,0
2022-12-29 15:23:00,0,0,0,0,0
2022-12-29 15:24:00,0,0,0,0,0
2022-12-29 15:25:00,0,0,0,0,0
2022-12-29 15:26:00,0,0,0,0,0
2022-12-29 15:27:00,0,0,0,0,0
2022-12-29 15:28:00,0,0,0,0,0
2022-12-29 15:29:00,0,0,0,0,0
2022-12-29 15:30:00,0,0,0,0,0
2022-12-29 15:31:00,0,0,0,0,0
2022-12-29 15:32:00,0,0,0,0,0
2022-12-29 15:33:00,0,0,0,0,0
2022-12-29 15:34:00,0,0,0,0,0
2022-12-29 15:35:00,0,0,0,0,0
2022-12-29 15:36:00,0,0,0,0,0
2022-12-29 15:37:00,0,0,0,0,0
2022-12-29 15:38:00,0,0,0,0,0
2022-12-29 15:39:00,0,0,0,0,0
2022-12-29 15:40:00,0,0,0,0,0
2022-12-29 15:41:00,0,0,0,0,0
2022-12-29 15:42:00,0,0,0,0,0
2022-12-29 15:43:00,0,0,0,0,0
2022-12-29 15:44:00,0,0,0,0,0
2022-12-29 15:45:00,0,0,0,0,0
2022-12-29 15:46:00,0,0,0,0,0
2022-12-29 15:47:00,0,0,0,0,0
2022-12-29 15:48:00,0,0,0,0,0
2022-12-29 15:49:00,0,0,0,0,0
2022-12-29 15:50:00,0,0,0,0,0
2022-12-29 15:51:00,0,0,0,0,0
2022-12-29 15:52:00,0,0,0,0,0
2022-12-29 15:53:00,0,0,0,0,0
2022-12-29 15:54:00,0,0,0,0,0
2022-12-29 15:55:00,0,0,0,0,0
2022-12-29 15:56:00,0,0,0,0,0
2022-12-29 15:57:00,0,0,0,0,0
2022-12-29 15:58:00,0,0,0,0,0
2022-12-29 15:59:00,0,0,0,0,0
2022-12-30 09:00:00,805,805,805,805,0
2022-12-30 09:01:00,0,0,0,0,0
2022-12-30 09:02:00,0,0,0,0,0
2022-12-30 09:03:00,0,0,0,0,0
2022-12-30 09:04:00,0,0,0,0,0
2022-12-30 09:05:00,0,0,0,0,0
2022-12-30 09:06:00,0,0,0,0,0
2022-12-30 09:07:00,805,805,805,805,0
2022-12-30 09:08:00,0,0,0,0,0
2022-12-30 09:09:00,805,805,805,805,900
2022-12-30 09:10:00,0,0,0,0,0
2022-12-30 09:11:00,0,0,0,0,0
2022-12-30 09:12:00,0,0,0,0,0
2022-12-30 09:13:00,0,0,0,0,0
2022-12-30 09:14:00,0,0,0,0,0
2022-12-30 09:15:00,0,0,0,0,0
2022-12-30 09:16:00,0,0,0,0,0
2022-12-30 09:17:00,0,0,0,0,0
2022-12-30 09:18:00,0,0,0,0,0
2022-12-30 09:19:00,0,0,0,0,0
2022-12-30 09:20:00,0,0,0,0,0
2022-12-30 09:21:00,0,0,0,0,0
2022-12-30 09:22:00,0,0,0,0,0
2022-12-30 09:23:00,0,0,0,0,0
2022-12-30 09:24:00,0,0,0,0,0
2022-12-30 09:25:00,0,0,0,0,0
2022-12-30 09:26:00,0,0,0,0,0
2022-12-30 09:27:00,0,0,0,0,0
2022-12-30 09:28:00,0,0,0,0,0
2022-12-30 09:29:00,0,0,0,0,0
2022-12-30 09:30:00,0,0,0,0,0
2022-12-30 09:31:00,0,0,0,0,0
2022-12-30 09:32:00,0,0,0,0,0
2022-12-30 09:33:00,800,800,800,800,100
2022-12-30 09:34:00,0,0,0,0,0
2022-12-30 09:35:00,0,0,0,0,0
2022-12-30 09:36:00,0,0,0,0,0
2022-12-30 09:37:00,0,0,0,0,0
2022-12-30 09:38:00,0,0,0,0,0
2022-12-30 09:39:00,0,0,0,0,0
2022-12-30 09:40:00,0,0,0,0,0
2022-12-30 09:41:00,0,0,0,0,0
2022-12-30 09:42:00,0,0,0,0,0
2022-12-30 09:43:00,0,0,0,0,0
2022-12-30 09:44:00,0,0,0,0,0
2022-12-30 09:45:00,0,0,0,0,0
2022-12-30 09:46:00,0,0,0,0,0
2022-12-30 09:47:00,0,0,0,0,0
2022-12-30 09:48:00,0,0,0,0,0
2022-12-30 09:49:00,0,0,0,0,0
2022-12-30 09:50:00,0,0,0,0,0
2022-12-30 09:51:00,0,0,0,0,0
2022-12-30 09:52:00,0,0,0,0,0
2022-12-30 09:53:00,0,0,0,0,0
2022-12-30 09:54:00,0,0,0,0,0
2022-12-30 09:55:00,0,0,0,0,0
2022-12-30 09:56:00,0,0,0,0,0
2022-12-30 09:57:00,0,0,0,0,0
2022-12-30 09:58:00,800,800,800,800,1000
2022-12-30 09:59:00,0,0,0,0,0
2022-12-30 10:00:00,0,0,0,0,0
2022-12-30 10:01:00,0,0,0,0,0
2022-12-30 10:02:00,0,0,0,0,0
2022-12-30 10:03:00,0,0,0,0,0
2022-12-30 10:04:00,0,0,0,0,0
2022-12-30 10:05:00,0,0,0,0,0
2022-12-30 10:06:00,0,0,0,0,0
2022-12-30 10:07:00,0,0,0,0,0
2022-12-30 10:08:00,0,0,0,0,0
2022-12-30 10:09:00,800,800,800,800,3800
2022-12-30 10:10:00,0,0,0,0,0
2022-12-30 10:11:00,0,0,0,0,0
2022-12-30 10:12:00,0,0,0,0,0
2022-12-30 10:13:00,805,805,805,805,59400
2022-12-30 10:14:00,800,800,800,800,0
2022-12-30 10:15:00,0,0,0,0,0
2022-12-30 10:16:00,0,0,0,0,0
2022-12-30 10:17:00,0,0,0,0,0
2022-12-30 10:18:00,0,0,0,0,0
2022-12-30 10:19:00,0,0,0,0,0
2022-12-30 10:20:00,0,0,0,0,0
2022-12-30 10:21:00,0,0,0,0,0
2022-12-30 10:22:00,0,0,0,0,0
2022-12-30 10:23:00,0,0,0,0,0
2022-12-30 10:24:00,0,0,0,0,0
2022-12-30 10:25:00,0,0,0,0,0
2022-12-30 10:26:00,0,0,0,0,0
2022-12-30 10:27:00,0,0,0,0,0
2022-12-30 10:28:00,0,0,0,0,0
2022-12-30 10:29:00,0,0,0,0,0
2022-12-30 10:30:00,0,0,0,0,0
2022-12-30 10:31:00,0,0,0,0,0
2022-12-30 10:32:00,0,0,0,0,0
2022-12-30 10:33:00,0,0,0,0,0
2022-12-30 10:34:00,0,0,0,0,0
2022-12-30 10:35:00,0,0,0,0,0
2022-12-30 10:36:00,0,0,0,0,0
2022-12-30 10:37:00,0,0,0,0,0
2022-12-30 10:38:00,0,0,0,0,0
2022-12-30 10:39:00,0,0,0,0,0
2022-12-30 10:40:00,0,0,0,0,0
2022-12-30 10:41:00,0,0,0,0,0
2022-12-30 10:42:00,0,0,0,0,0
2022-12-30 10:43:00,0,0,0,0,0
2022-12-30 10:44:00,0,0,0,0,0
2022-12-30 10:45:00,0,0,0,0,0
2022-12-30 10:46:00,0,0,0,0,0
2022-12-30 10:47:00,0,0,0,0,0
2022-12-30 10:48:00,0,0,0,0,0
2022-12-30 10:49:00,0,0,0,0,0
2022-12-30 10:50:00,0,0,0,0,0
2022-12-30 10:51:00,0,0,0,0,0
2022-12-30 10:52:00,0,0,0,0,0
2022-12-30 10:53:00,0,0,0,0,0
2022-12-30 10:54:00,0,0,0,0,0
2022-12-30 10:55:00,0,0,0,0,0
2022-12-30 10:56:00,0,0,0,0,0
2022-12-30 10:57:00,0,0,0,0,0
2022-12-30 10:58:00,0,0,0,0,0
2022-12-30 10:59:00,0,0,0,0,0
2022-12-30 11:00:00,0,0,0,0,0
2022-12-30 11:01:00,0,0,0,0,0
2022-12-30 11:02:00,0,0,0,0,0
2022-12-30 11:03:00,0,0,0,0,0
2022-12-30 11:04:00,0,0,0,0,0
2022-12-30 11:05:00,0,0,0,0,0
2022-12-30 11:06:00,0,0,0,0,0
2022-12-30 11:07:00,0,0,0,0,0
2022-12-30 11:08:00,0,0,0,0,0
2022-12-30 11:09:00,0,0,0,0,0
2022-12-30 11:10:00,0,0,0,0,0
2022-12-30 11:11:00,0,0,0,0,0
2022-12-30 11:12:00,0,0,0,0,0
2022-12-30 11:13:00,0,0,0,0,0
2022-12-30 11:14:00,0,0,0,0,0
2022-12-30 11:15:00,0,0,0,0,0
2022-12-30 11:16:00,0,0,0,0,0
2022-12-30 11:17:00,0,0,0,0,0
2022-12-30 11:18:00,0,0,0,0,0
2022-12-30 11:19:00,0,0,0,0,0
2022-12-30 11:20:00,0,0,0,0,0
2022-12-30 11:21:00,0,0,0,0,0
2022-12-30 11:22:00,0,0,0,0,0
2022-12-30 11:23:00,0,0,0,0,0
2022-12-30 11:24:00,0,0,0,0,0
2022-12-30 11:25:00,0,0,0,0,0
2022-12-30 11:26:00,0,0,0,0,0
2022-12-30 11:27:00,0,0,0,0,0
2022-12-30 11:28:00,0,0,0,0,0
2022-12-30 11:29:00,0,0,0,0,0
2022-12-30 11:30:00,0,0,0,0,0
2022-12-30 11:31:00,0,0,0,0,0
2022-12-30 11:32:00,0,0,0,0,0
2022-12-30 11:33:00,0,0,0,0,0
2022-12-30 11:34:00,0,0,0,0,0
2022-12-30 11:35:00,0,0,0,0,0
2022-12-30 11:36:00,0,0,0,0,0
2022-12-30 11:37:00,0,0,0,0,0
2022-12-30 11:38:00,0,0,0,0,0
2022-12-30 11:39:00,0,0,0,0,0
2022-12-30 11:40:00,0,0,0,0,0
2022-12-30 11:41:00,0,0,0,0,0
2022-12-30 11:42:00,0,0,0,0,0
2022-12-30 11:43:00,0,0,0,0,0
2022-12-30 11:44:00,0,0,0,0,0
2022-12-30 11:45:00,0,0,0,0,0
2022-12-30 11:46:00,0,0,0,0,0
2022-12-30 11:47:00,0,0,0,0,0
2022-12-30 11:48:00,0,0,0,0,0
2022-12-30 11:49:00,0,0,0,0,0
2022-12-30 11:50:00,0,0,0,0,0
2022-12-30 11:51:00,0,0,0,0,0
2022-12-30 11:52:00,0,0,0,0,0
2022-12-30 11:53:00,0,0,0,0,0
2022-12-30 11:54:00,0,0,0,0,0
2022-12-30 11:55:00,0,0,0,0,0
2022-12-30 11:56:00,0,0,0,0,0
2022-12-30 11:57:00,0,0,0,0,0
2022-12-30 11:58:00,0,0,0,0,0
2022-12-30 11:59:00,0,0,0,0,0
2022-12-30 12:00:00,0,0,0,0,0
2022-12-30 12:01:00,0,0,0,0,0
2022-12-30 12:02:00,0,0,0,0,0
2022-12-30 12:03:00,0,0,0,0,0
2022-12-30 12:04:00,0,0,0,0,0
2022-12-30 12:05:00,0,0,0,0,0
2022-12-30 12:06:00,0,0,0,0,0
2022-12-30 12:07:00,0,0,0,0,0
2022-12-30 12:08:00,0,0,0,0,0
2022-12-30 12:09:00,0,0,0,0,0
2022-12-30 12:10:00,0,0,0,0,0
2022-12-30 12:11:00,0,0,0,0,0
2022-12-30 12:12:00,0,0,0,0,0
2022-12-30 12:13:00,0,0,0,0,0
2022-12-30 12:14:00,0,0,0,0,0
2022-12-30 12:15:00,0,0,0,0,0
2022-12-30 12:16:00,0,0,0,0,0
2022-12-30 12:17:00,0,0,0,0,0
2022-12-30 12:18:00,0,0,0,0,0
2022-12-30 12:19:00,0,0,0,0,0
2022-12-30 12:20:00,0,0,0,0,0
2022-12-30 12:21:00,0,0,0,0,0
2022-12-30 12:22:00,0,0,0,0,0
2022-12-30 12:23:00,0,0,0,0,0
2022-12-30 12:24:00,0,0,0,0,0
2022-12-30 12:25:00,0,0,0,0,0
2022-12-30 12:26:00,0,0,0,0,0
2022-12-30 12:27:00,0,0,0,0,0
2022-12-30 12:28:00,0,0,0,0,0
2022-12-30 12:29:00,0,0,0,0,0
2022-12-30 12:30:00,0,0,0,0,0
2022-12-30 12:31:00,0,0,0,0,0
2022-12-30 12:32:00,0,0,0,0,0
2022-12-30 12:33:00,0,0,0,0,0
2022-12-30 12:34:00,0,0,0,0,0
2022-12-30 12:35:00,0,0,0,0,0
2022-12-30 12:36:00,0,0,0,0,0
2022-12-30 12:37:00,0,0,0,0,0
2022-12-30 12:38:00,0,0,0,0,0
2022-12-30 12:39:00,0,0,0,0,0
2022-12-30 12:40:00,0,0,0,0,0
2022-12-30 12:41:00,0,0,0,0,0
2022-12-30 12:42:00,0,0,0,0,0
2022-12-30 12:43:00,0,0,0,0,0
2022-12-30 12:44:00,0,0,0,0,0
2022-12-30 12:45:00,0,0,0,0,0
2022-12-30 12:46:00,0,0,0,0,0
2022-12-30 12:47:00,0,0,0,0,0
2022-12-30 12:48:00,0,0,0,0,0
2022-12-30 12:49:00,0,0,0,0,0
2022-12-30 12:50:00,0,0,0,0,0
2022-12-30 12:51:00,0,0,0,0,0
2022-12-30 12:52:00,0,0,0,0,0
2022-12-30 12:53:00,0,0,0,0,0
2022-12-30 12:54:00,0,0,0,0,0
2022-12-30 12:55:00,0,0,0,0,0
2022-12-30 12:56:00,0,0,0,0,0
2022-12-30 12:57:00,0,0,0,0,0
2022-12-30 12:58:00,0,0,0,0,0
2022-12-30 12:59:00,0,0,0,0,0
2022-12-30 13:00:00,0,0,0,0,0
2022-12-30 13:01:00,0,0,0,0,0
2022-12-30 13:02:00,0,0,0,0,0
2022-12-30 13:03:00,0,0,0,0,0
2022-12-30 13:04:00,0,0,0,0,0
2022-12-30 13:05:00,0,0,0,0,0
2022-12-30 13:06:00,0,0,0,0,0
2022-12-30 13:07:00,0,0,0,0,0
2022-12-30 13:08:00,0,0,0,0,0
2022-12-30 13:09:00,0,0,0,0,0
2022-12-30 13:10:00,0,0,0,0,0
2022-12-30 13:11:00,0,0,0,0,0
2022-12-30 13:12:00,0,0,0,0,0
2022-12-30 13:13:00,0,0,0,0,0
2022-12-30 13:14:00,0,0,0,0,0
2022-12-30 13:15:00,0,0,0,0,0
2022-12-30 13:16:00,0,0,0,0,0
2022-12-30 13:17:00,0,0,0,0,0
2022-12-30 13:18:00,0,0,0,0,0
2022-12-30 13:19:00,0,0,0,0,0
2022-12-30 13:20:00,0,0,0,0,0
2022-12-30 13:21:00,0,0,0,0,0
2022-12-30 13:22:00,0,0,0,0,0
2022-12-30 13:23:00,0,0,0,0,0
2022-12-30 13:24:00,0,0,0,0,0
2022-12-30 13:25:00,0,0,0,0,0
2022-12-30 13:26:00,0,0,0,0,0
2022-12-30 13:27:00,0,0,0,0,0
2022-12-30 13:28:00,0,0,0,0,0
2022-12-30 13:29:00,0,0,0,0,0
2022-12-30 13:30:00,800,800,800,800,6600
2022-12-30 13:31:00,0,0,0,0,0
2022-12-30 13:32:00,800,800,800,800,15100
2022-12-30 13:33:00,0,0,0,0,0
2022-12-30 13:34:00,0,0,0,0,0
2022-12-30 13:35:00,0,0,0,0,0
2022-12-30 13:36:00,0,0,0,0,0
2022-12-30 13:37:00,0,0,0,0,0
2022-12-30 13:38:00,0,0,0,0,0
2022-12-30 13:39:00,0,0,0,0,0
2022-12-30 13:40:00,0,0,0,0,0
2022-12-30 13:41:00,0,0,0,0,0
2022-12-30 13:42:00,0,0,0,0,0
2022-12-30 13:43:00,0,0,0,0,0
2022-12-30 13:44:00,0,0,0,0,0
2022-12-30 13:45:00,0,0,0,0,0
2022-12-30 13:46:00,0,0,0,0,0
2022-12-30 13:47:00,0,0,0,0,0
2022-12-30 13:48:00,0,0,0,0,0
2022-12-30 13:49:00,0,0,0,0,0
2022-12-30 13:50:00,0,0,0,0,0
2022-12-30 13:51:00,0,0,0,0,0
2022-12-30 13:52:00,0,0,0,0,0
2022-12-30 13:53:00,0,0,0,0,0
2022-12-30 13:54:00,0,0,0,0,0
2022-12-30 13:55:00,0,0,0,0,0
2022-12-30 13:56:00,0,0,0,0,0
2022-12-30 13:57:00,0,0,0,0,0
2022-12-30 13:58:00,0,0,0,0,0
2022-12-30 13:59:00,0,0,0,0,0
2022-12-30 14:00:00,0,0,0,0,0
2022-12-30 14:01:00,0,0,0,0,0
2022-12-30 14:02:00,0,0,0,0,0
2022-12-30 14:03:00,0,0,0,0,0
2022-12-30 14:04:00,0,0,0,0,0
2022-12-30 14:05:00,0,0,0,0,0
2022-12-30 14:06:00,0,0,0,0,0
2022-12-30 14:07:00,0,0,0,0,0
2022-12-30 14:08:00,0,0,0,0,0
2022-12-30 14:09:00,0,0,0,0,0
2022-12-30 14:10:00,0,0,0,0,0
2022-12-30 14:11:00,0,0,0,0,0
2022-12-30 14:12:00,0,0,0,0,0
2022-12-30 14:13:00,0,0,0,0,0
2022-12-30 14:14:00,0,0,0,0,0
2022-12-30 14:15:00,0,0,0,0,0
2022-12-30 14:16:00,0,0,0,0,0
2022-12-30 14:17:00,0,0,0,0,0
2022-12-30 14:18:00,0,0,0,0,0
2022-12-30 14:19:00,0,0,0,0,0
2022-12-30 14:20:00,0,0,0,0,0
2022-12-30 14:21:00,0,0,0,0,0
2022-12-30 14:22:00,0,0,0,0,0
2022-12-30 14:23:00,0,0,0,0,0
2022-12-30 14:24:00,0,0,0,0,0
2022-12-30 14:25:00,0,0,0,0,0
2022-12-30 14:26:00,0,0,0,0,0
2022-12-30 14:27:00,0,0,0,0,0
2022-12-30 14:28:00,0,0,0,0,0
2022-12-30 14:29:00,0,0,0,0,0
2022-12-30 14:30:00,800,800,800,800,12000
2022-12-30 14:31:00,0,0,0,0,0
2022-12-30 14:32:00,0,0,0,0,0
2022-12-30 14:33:00,0,0,0,0,0
2022-12-30 14:34:00,0,0,0,0,0
2022-12-30 14:35:00,0,0,0,0,0
2022-12-30 14:36:00,800,800,800,800,0
2022-12-30 14:37:00,0,0,0,0,0
2022-12-30 14:38:00,0,0,0,0,0
2022-12-30 14:39:00,0,0,0,0,0
2022-12-30 14:40:00,0,0,0,0,0
2022-12-30 14:41:00,0,0,0,0,0
2022-12-30 14:42:00,0,0,0,0,0
2022-12-30 14:43:00,0,0,0,0,0
2022-12-30 14:44:00,0,0,0,0,0
2022-12-30 14:45:00,0,0,0,0,0
2022-12-30 14:46:00,805,805,805,805,1300
2022-12-30 14:47:00,0,0,0,0,0
2022-12-30 14:48:00,0,0,0,0,0
2022-12-30 14:49:00,0,0,0,0,0
2022-12-30 14:50:00,0,0,0,0,0
2022-12-30 14:51:00,0,0,0,0,0
2022-12-30 14:52:00,0,0,0,0,0
2022-12-30 14:53:00,0,0,0,0,0
2022-12-30 14:54:00,0,0,0,0,0
2022-12-30 14:55:00,0,0,0,0,0
2022-12-30 14:56:00,0,0,0,0,0
2022-12-30 14:57:00,0,0,0,0,0
2022-12-30 14:58:00,0,0,0,0,0
2022-12-30 14:59:00,0,0,0,0,0
2022-12-30 15:00:00,0,0,0,0,0
2022-12-30 15:01:00,0,0,0,0,0
2022-12-30 15:02:00,0,0,0,0,0
2022-12-30 15:03:00,0,0,0,0,0
2022-12-30 15:04:00,0,0,0,0,0
2022-12-30 15:05:00,0,0,0,0,0
2022-12-30 15:06:00,0,0,0,0,0
2022-12-30 15:07:00,0,0,0,0,0
2022-12-30 15:08:00,0,0,0,0,0
2022-12-30 15:09:00,0,0,0,0,0
2022-12-30 15:10:00,0,0,0,0,0
2022-12-30 15:11:00,0,0,0,0,0
2022-12-30 15:12:00,0,0,0,0,0
2022-12-30 15:13:00,0,0,0,0,0
2022-12-30 15:14:00,0,0,0,0,0
2022-12-30 15:15:00,0,0,0,0,0
2022-12-30 15:16:00,0,0,0,0,0
2022-12-30 15:17:00,0,0,0,0,0
2022-12-30 15:18:00,0,0,0,0,0
2022-12-30 15:19:00,0,0,0,0,0
2022-12-30 15:20:00,0,0,0,0,0
2022-12-30 15:21:00,0,0,0,0,0
2022-12-30 15:22:00,0,0,0,0,0
2022-12-30 15:23:00,0,0,0,0,0
2022-12-30 15:24:00,0,0,0,0,0
2022-12-30 15:25:00,0,0,0,0,0
2022-12-30 15:26:00,0,0,0,0,0
2022-12-30 15:27:00,0,0,0,0,0
2022-12-30 15:28:00,0,0,0,0,0
2022-12-30 15:29:00,0,0,0,0,0
2022-12-30 15:30:00,0,0,0,0,0
2022-12-30 15:31:00,0,0,0,0,0
2022-12-30 15:32:00,0,0,0,0,0
2022-12-30 15:33:00,0,0,0,0,0
2022-12-30 15:34:00,0,0,0,0,0
2022-12-30 15:35:00,0,0,0,0,0
2022-12-30 15:36:00,0,0,0,0,0
2022-12-30 15:37:00,0,0,0,0,0
2022-12-30 15:38:00,0,0,0,0,0
2022-12-30 15:39:00,0,0,0,0,0
2022-12-30 15:40:00,0,0,0,0,0
2022-12-30 15:41:00,0,0,0,0,0
2022-12-30 15:42:00,0,0,0,0,0
2022-12-30 15:43:00,0,0,0,0,0
2022-12-30 15:44:00,0,0,0,0,0
2022-12-30 15:45:00,0,0,0,0,0
2022-12-30 15:46:00,0,0,0,0,0
2022-12-30 15:47:00,0,0,0,0,0
2022-12-30 15:48:00,0,0,0,0,0
2022-12-30 15:49:00,0,0,0,0,0
2022-12-30 15:50:00,0,0,0,0,0
2022-12-30 15:51:00,0,0,0,0,0
2022-12-30 15:52:00,0,0,0,0,0
2022-12-30 15:53:00,0,0,0,0,0
2022-12-30 15:54:00,0,0,0,0,0
2022-12-30 15:55:00,0,0,0,0,0
2022-12-30 15:56:00,0,0,0,0,0
2022-12-30 15:57:00,0,0,0,0,0
2022-12-30 15:58:00,0,0,0,0,0
2022-12-30 15:59:00,0,0,0,0,0
2023-01-02 09:00:00,805,805,805,805,0
2023-01-02 09:01:00,0,0,0,0,0
2023-01-02 09:02:00,0,0,0,0,0
2023-01-02 09:03:00,0,0,0,0,0
2023-01-02 09:04:00,0,0,0,0,0
2023-01-02 09:05:00,0,0,0,0,0
2023-01-02 09:06:00,0,0,0,0,0
2023-01-02 09:07:00,0,0,0,0,0
2023-01-02 09:08:00,0,0,0,0,0
2023-01-02 09:09:00,0,0,0,0,0
2023-01-02 09:10:00,0,0,0,0,0
2023-01-02 09:11:00,0,0,0,0,0
2023-01-02 09:12:00,0,0,0,0,0
2023-01-02 09:13:00,0,0,0,0,0
2023-01-02 09:14:00,0,0,0,0,0
2023-01-02 09:15:00,0,0,0,0,0
2023-01-02 09:16:00,0,0,0,0,0
2023-01-02 09:17:00,0,0,0,0,0
2023-01-02 09:18:00,0,0,0,0,0
2023-01-02 09:19:00,0,0,0,0,0
2023-01-02 09:20:00,0,0,0,0,0
2023-01-02 09:21:00,0,0,0,0,0
2023-01-02 09:22:00,0,0,0,0,0
2023-01-02 09:23:00,0,0,0,0,0
2023-01-02 09:24:00,0,0,0,0,0
2023-01-02 09:25:00,0,0,0,0,0
2023-01-02 09:26:00,0,0,0,0,0
2023-01-02 09:27:00,0,0,0,0,0
2023-01-02 09:28:00,0,0,0,0,0
2023-01-02 09:29:00,0,0,0,0,0
2023-01-02 09:30:00,805,805,805,805,5000
2023-01-02 09:31:00,0,0,0,0,0
2023-01-02 09:32:00,0,0,0,0,0
2023-01-02 09:33:00,0,0,0,0,0
2023-01-02 09:34:00,0,0,0,0,0
2023-01-02 09:35:00,0,0,0,0,0
2023-01-02 09:36:00,0,0,0,0,0
2023-01-02 09:37:00,805,805,805,805,0
2023-01-02 09:38:00,0,0,0,0,0
2023-01-02 09:39:00,0,0,0,0,0
2023-01-02 09:40:00,0,0,0,0,0
2023-01-02 09:41:00,0,0,0,0,0
2023-01-02 09:42:00,0,0,0,0,0
2023-01-02 09:43:00,0,0,0,0,0
2023-01-02 09:44:00,0,0,0,0,0
2023-01-02 09:45:00,0,0,0,0,0
2023-01-02 09:46:00,0,0,0,0,0
2023-01-02 09:47:00,0,0,0,0,0
2023-01-02 09:48:00,0,0,0,0,0
2023-01-02 09:49:00,0,0,0,0,0
2023-01-02 09:50:00,0,0,0,0,0
2023-01-02 09:51:00,0,0,0,0,0
2023-01-02 09:52:00,0,0,0,0,0
2023-01-02 09:53:00,0,0,0,0,0
2023-01-02 09:54:00,0,0,0,0,0
2023-01-02 09:55:00,0,0,0,0,0
2023-01-02 09:56:00,0,0,0,0,0
2023-01-02 09:57:00,0,0,0,0,0
2023-01-02 09:58:00,0,0,0,0,0
2023-01-02 09:59:00,0,0,0,0,0
2023-01-02 10:00:00,0,0,0,0,0
2023-01-02 10:01:00,0,0,0,0,0
2023-01-02 10:02:00,0,0,0,0,0
2023-01-02 10:03:00,0,0,0,0,0
2023-01-02 10:04:00,0,0,0,0,0
2023-01-02 10:05:00,0,0,0,0,0
2023-01-02 10:06:00,805,805,805,805,200
2023-01-02 10:07:00,800,800,800,800,64900
2023-01-02 10:08:00,0,0,0,0,0
2023-01-02 10:09:00,0,0,0,0,0
2023-01-02 10:10:00,0,0,0,0,0
2023-01-02 10:11:00,0,0,0,0,0
2023-01-02 10:12:00,0,0,0,0,0
2023-01-02 10:13:00,800,800,800,800,2000
2023-01-02 10:14:00,0,0,0,0,0
2023-01-02 10:15:00,0,0,0,0,0
2023-01-02 10:16:00,0,0,0,0,0
2023-01-02 10:17:00,0,0,0,0,0
2023-01-02 10:18:00,805,805,805,805,3300
2023-01-02 10:19:00,0,0,0,0,0
2023-01-02 10:20:00,0,0,0,0,0
2023-01-02 10:21:00,0,0,0,0,0
2023-01-02 10:22:00,0,0,0,0,0
2023-01-02 10:23:00,0,0,0,0,0
2023-01-02 10:24:00,0,0,0,0,0
2023-01-02 10:25:00,0,0,0,0,0
2023-01-02 10:26:00,0,0,0,0,0
2023-01-02 10:27:00,0,0,0,0,0
2023-01-02 10:28:00,0,0,0,0,0
2023-01-02 10:29:00,0,0,0,0,0
2023-01-02 10:30:00,0,0,0,0,0
2023-01-02 10:31:00,0,0,0,0,0
2023-01-02 10:32:00,0,0,0,0,0
2023-01-02 10:33:00,0,0,0,0,0
2023-01-02 10:34:00,0,0,0,0,0
2023-01-02 10:35:00,0,0,0,0,0
2023-01-02 10:36:00,0,0,0,0,0
2023-01-02 10:37:00,0,0,0,0,0
2023-01-02 10:38:00,0,0,0,0,0
2023-01-02 10:39:00,0,0,0,0,0
2023-01-02 10:40:00,0,0,0,0,0
2023-01-02 10:41:00,0,0,0,0,0
2023-01-02 10:42:00,0,0,0,0,0
2023-01-02 10:43:00,0,0,0,0,0
2023-01-02 10:44:00,0,0,0,0,0
2023-01-02 10:45:00,0,0,0,0,0
2023-01-02 10:46:00,0,0,0,0,0
2023-01-02 10:47:00,0,0,0,0,0
2023-01-02 10:48:00,0,0,0,0,0
2023-01-02 10:49:00,0,0,0,0,0
2023-01-02 10:50:00,0,0,0,0,0
2023-01-02 10:51:00,0,0,0,0,0
2023-01-02 10:52:00,0,0,0,0,0
2023-01-02 10:53:00,0,0,0,0,0
2023-01-02 10:54:00,0,0,0,0,0
2023-01-02 10:55:00,0,0,0,0,0
2023-01-02 10:56:00,0,0,0,0,0
2023-01-02 10:57:00,0,0,0,0,0
2023-01-02 10:58:00,0,0,0,0,0
2023-01-02 10:59:00,0,0,0,0,0
2023-01-02 11:00:00,0,0,0,0,0
2023-01-02 11:01:00,0,0,0,0,0
2023-01-02 11:02:00,0,0,0,0,0
2023-01-02 11:03:00,0,0,0,0,0
2023-01-02 11:04:00,805,805,805,805,1400
2023-01-02 11:05:00,0,0,0,0,0
2023-01-02 11:06:00,0,0,0,0,0
2023-01-02 11:07:00,0,0,0,0,0
2023-01-02 11:08:00,0,0,0,0,0
2023-01-02 11:09:00,0,0,0,0,0
2023-01-02 11:10:00,0,0,0,0,0
2023-01-02 11:11:00,0,0,0,0,0
2023-01-02 11:12:00,0,0,0,0,0
2023-01-02 11:13:00,0,0,0,0,0
2023-01-02 11:14:00,0,0,0,0,0
2023-01-02 11:15:00,0,0,0,0,0
2023-01-02 11:16:00,0,0,0,0,0
2023-01-02 11:17:00,0,0,0,0,0
2023-01-02 11:18:00,0,0,0,0,0
2023-01-02 11:19:00,0,0,0,0,0
2023-01-02 11:20:00,0,0,0,0,0
2023-01-02 11:21:00,0,0,0,0,0
2023-01-02 11:22:00,805,805,805,805,200
2023-01-02 11:23:00,0,0,0,0,0
2023-01-02 11:24:00,0,0,0,0,0
2023-01-02 11:25:00,0,0,0,0,0
2023-01-02 11:26:00,0,0,0,0,0
2023-01-02 11:27:00,0,0,0,0,0
2023-01-02 11:28:00,0,0,0,0,0
2023-01-02 11:29:00,0,0,0,0,0
2023-01-02 11:30:00,0,0,0,0,0
2023-01-02 11:31:00,0,0,0,0,0
2023-01-02 11:32:00,0,0,0,0,0
2023-01-02 11:33:00,0,0,0,0,0
2023-01-02 11:34:00,0,0,0,0,0
2023-01-02 11:35:00,0,0,0,0,0
2023-01-02 11:36:00,0,0,0,0,0
2023-01-02 11:37:00,0,0,0,0,0
2023-01-02 11:38:00,0,0,0,0,0
2023-01-02 11:39:00,0,0,0,0,0
2023-01-02 11:40:00,0,0,0,0,0
2023-01-02 11:41:00,0,0,0,0,0
2023-01-02 11:42:00,0,0,0,0,0
2023-01-02 11:43:00,0,0,0,0,0
2023-01-02 11:44:00,0,0,0,0,0
2023-01-02 11:45:00,0,0,0,0,0
2023-01-02 11:46:00,0,0,0,0,0
2023-01-02 11:47:00,0,0,0,0,0
2023-01-02 11:48:00,0,0,0,0,0
2023-01-02 11:49:00,0,0,0,0,0
2023-01-02 11:50:00,0,0,0,0,0
2023-01-02 11:51:00,0,0,0,0,0
2023-01-02 11:52:00,0,0,0,0,0
2023-01-02 11:53:00,0,0,0,0,0
2023-01-02 11:54:00,0,0,0,0,0
2023-01-02 11:55:00,0,0,0,0,0
2023-01-02 11:56:00,0,0,0,0,0
2023-01-02 11:57:00,0,0,0,0,0
2023-01-02 11:58:00,0,0,0,0,0
2023-01-02 11:59:00,0,0,0,0,0
2023-01-02 12:00:00,0,0,0,0,0
2023-01-02 12:01:00,0,0,0,0,0
2023-01-02 12:02:00,0,0,0,0,0
2023-01-02 12:03:00,0,0,0,0,0
2023-01-02 12:04:00,0,0,0,0,0
2023-01-02 12:05:00,0,0,0,0,0
2023-01-02 12:06:00,0,0,0,0,0
2023-01-02 12:07:00,0,0,0,0,0
2023-01-02 12:08:00,0,0,0,0,0
2023-01-02 12:09:00,0,0,0,0,0
2023-01-02 12:10:00,0,0,0,0,0
2023-01-02 12:11:00,0,0,0,0,0
2023-01-02 12:12:00,0,0,0,0,0
2023-01-02 12:13:00,0,0,0,0,0
2023-01-02 12:14:00,0,0,0,0,0
2023-01-02 12:15:00,0,0,0,0,0
2023-01-02 12:16:00,0,0,0,0,0
2023-01-02 12:17:00,0,0,0,0,0
2023-01-02 12:18:00,0,0,0,0,0
2023-01-02 12:19:00,0,0,0,0,0
2023-01-02 12:20:00,0,0,0,0,0
2023-01-02 12:21:00,0,0,0,0,0
2023-01-02 12:22:00,0,0,0,0,0
2023-01-02 12:23:00,0,0,0,0,0
2023-01-02 12:24:00,0,0,0,0,0
2023-01-02 12:25:00,0,0,0,0,0
2023-01-02 12:26:00,0,0,0,0,0
2023-01-02 12:27:00,0,0,0,0,0
2023-01-02 12:28:00,0,0,0,0,0
2023-01-02 12:29:00,0,0,0,0,0
2023-01-02 12:30:00,0,0,0,0,0
2023-01-02 12:31:00,0,0,0,0,0
2023-01-02 12:32:00,0,0,0,0,0
2023-01-02 12:33:00,0,0,0,0,0
2023-01-02 12:34:00,0,0,0,0,0
2023-01-02 12:35:00,0,0,0,0,0
2023-01-02 12:36:00,0,0,0,0,0
2023-01-02 12:37:00,0,0,0,0,0
2023-01-02 12:38:00,0,0,0,0,0
2023-01-02 12:39:00,0,0,0,0,0
2023-01-02 12:40:00,0,0,0,0,0
2023-01-02 12:41:00,0,0,0,0,0
2023-01-02 12:42:00,0,0,0,0,0
2023-01-02 12:43:00,0,0,0,0,0
2023-01-02 12:44:00,0,0,0,0,0
2023-01-02 12:45:00,0,0,0,0,0
2023-01-02 12:46:00,0,0,0,0,0
2023-01-02 12:47:00,0,0,0,0,0
2023-01-02 12:48:00,0,0,0,0,0
2023-01-02 12:49:00,0,0,0,0,0
2023-01-02 12:50:00,0,0,0,0,0
2023-01-02 12:51:00,0,0,0,0,0
2023-01-02 12:52:00,0,0,0,0,0
2023-01-02 12:53:00,0,0,0,0,0
2023-01-02 12:54:00,0,0,0,0,0
2023-01-02 12:55:00,0,0,0,0,0
2023-01-02 12:56:00,0,0,0,0,0
2023-01-02 12:57:00,0,0,0,0,0
2023-01-02 12:58:00,0,0,0,0,0
2023-01-02 12:59:00,0,0,0,0,0
2023-01-02 13:00:00,0,0,0,0,0
2023-01-02 13:01:00,0,0,0,0,0
2023-01-02 13:02:00,0,0,0,0,0
2023-01-02 13:03:00,0,0,0,0,0
2023-01-02 13:04:00,0,0,0,0,0
2023-01-02 13:05:00,0,0,0,0,0
2023-01-02 13:06:00,0,0,0,0,0
2023-01-02 13:07:00,0,0,0,0,0
2023-01-02 13:08:00,0,0,0,0,0
2023-01-02 13:09:00,0,0,0,0,0
2023-01-02 13:10:00,0,0,0,0,0
2023-01-02 13:11:00,0,0,0,0,0
2023-01-02 13:12:00,0,0,0,0,0
2023-01-02 13:13:00,0,0,0,0,0
2023-01-02 13:14:00,0,0,0,0,0
2023-01-02 13:15:00,0,0,0,0,0
2023-01-02 13:16:00,0,0,0,0,0
2023-01-02 13:17:00,0,0,0,0,0
2023-01-02 13:18:00,0,0,0,0,0
2023-01-02 13:19:00,0,0,0,0,0
2023-01-02 13:20:00,0,0,0,0,0
2023-01-02 13:21:00,0,0,0,0,0
2023-01-02 13:22:00,0,0,0,0,0
2023-01-02 13:23:00,0,0,0,0,0
2023-01-02 13:24:00,0,0,0,0,0
2023-01-02 13:25:00,0,0,0,0,0
2023-01-02 13:26:00,0,0,0,0,0
2023-01-02 13:27:00,0,0,0,0,0
2023-01-02 13:28:00,0,0,0,0,0
2023-01-02 13:29:00,0,0,0,0,0
2023-01-02 13:30:00,805,805,805,805,200
2023-01-02 13:31:00,0,0,0,0,0
2023-01-02 13:32:00,0,0,0,0,0
2023-01-02 13:33:00,0,0,0,0,0
2023-01-02 13:34:00,0,0,0,0,0
2023-01-02 13:35:00,0,0,0,0,0
2023-01-02 13:36:00,0,0,0,0,0
2023-01-02 13:37:00,0,0,0,0,0
2023-01-02 13:38:00,0,0,0,0,0
2023-01-02 13:39:00,0,0,0,0,0
2023-01-02 13:40:00,0,0,0,0,0
2023-01-02 13:41:00,0,0,0,0,0
2023-01-02 13:42:00,0,0,0,0,0
2023-01-02 13:43:00,805,805,805,805,100
2023-01-02 13:44:00,0,0,0,0,0
2023-01-02 13:45:00,0,0,0,0,0
2023-01-02 13:46:00,0,0,0,0,0
2023-01-02 13:47:00,0,0,0,0,0
2023-01-02 13:48:00,0,0,0,0,0
2023-01-02 13:49:00,0,0,0,0,0
2023-01-02 13:50:00,0,0,0,0,0
2023-01-02 13:51:00,0,0,0,0,0
2023-01-02 13:52:00,0,0,0,0,0
2023-01-02 13:53:00,0,0,0,0,0
2023-01-02 13:54:00,0,0,0,0,0
2023-01-02 13:55:00,0,0,0,0,0
2023-01-02 13:56:00,0,0,0,0,0
2023-01-02 13:57:00,0,0,0,0,0
2023-01-02 13:58:00,0,0,0,0,0
2023-01-02 13:59:00,0,0,0,0,0
2023-01-02 14:00:00,0,0,0,0,0
2023-01-02 14:01:00,0,0,0,0,0
2023-01-02 14:02:00,0,0,0,0,0
2023-01-02 14:03:00,800,800,800,800,6000
2023-01-02 14:04:00,0,0,0,0,0
2023-01-02 14:05:00,0,0,0,0,0
2023-01-02 14:06:00,0,0,0,0,0
2023-01-02 14:07:00,0,0,0,0,0
2023-01-02 14:08:00,0,0,0,0,0
2023-01-02 14:09:00,0,0,0,0,0
2023-01-02 14:10:00,0,0,0,0,0
2023-01-02 14:11:00,0,0,0,0,0
2023-01-02 14:12:00,0,0,0,0,0
2023-01-02 14:13:00,0,0,0,0,0
2023-01-02 14:14:00,0,0,0,0,0
2023-01-02 14:15:00,0,0,0,0,0
2023-01-02 14:16:00,0,0,0,0,0
2023-01-02 14:17:00,0,0,0,0,0
2023-01-02 14:18:00,0,0,0,0,0
2023-01-02 14:19:00,0,0,0,0,0
2023-01-02 14:20:00,0,0,0,0,0
2023-01-02 14:21:00,0,0,0,0,0
2023-01-02 14:22:00,0,0,0,0,0
2023-01-02 14:23:00,0,0,0,0,0
2023-01-02 14:24:00,800,800,800,800,1000
2023-01-02 14:25:00,0,0,0,0,0
2023-01-02 14:26:00,0,0,0,0,0
2023-01-02 14:27:00,0,0,0,0,0
2023-01-02 14:28:00,0,0,0,0,0
2023-01-02 14:29:00,0,0,0,0,0
2023-01-02 14:30:00,0,0,0,0,0
2023-01-02 14:31:00,0,0,0,0,0
2023-01-02 14:32:00,0,0,0,0,0
2023-01-02 14:33:00,0,0,0,0,0
2023-01-02 14:34:00,0,0,0,0,0
2023-01-02 14:35:00,0,0,0,0,0
2023-01-02 14:36:00,0,0,0,0,0
2023-01-02 14:37:00,0,0,0,0,0
2023-01-02 14:38:00,0,0,0,0,0
2023-01-02 14:39:00,0,0,0,0,0
2023-01-02 14:40:00,0,0,0,0,0
2023-01-02 14:41:00,0,0,0,0,0
2023-01-02 14:42:00,0,0,0,0,0
2023-01-02 14:43:00,0,0,0,0,0
2023-01-02 14:44:00,0,0,0,0,0
2023-01-02 14:45:00,0,0,0,0,0
2023-01-02 14:46:00,0,0,0,0,0
2023-01-02 14:47:00,0,0,0,0,0
2023-01-02 14:48:00,0,0,0,0,0
2023-01-02 14:49:00,0,0,0,0,0
2023-01-02 14:50:00,0,0,0,0,0
2023-01-02 14:51:00,0,0,0,0,0
2023-01-02 14:52:00,0,0,0,0,0
2023-01-02 14:53:00,0,0,0,0,0
2023-01-02 14:54:00,0,0,0,0,0
2023-01-02 14:55:00,0,0,0,0,0
2023-01-02 14:56:00,0,0,0,0,0
2023-01-02 14:57:00,0,0,0,0,0
2023-01-02 14:58:00,0,0,0,0,0
2023-01-02 14:59:00,0,0,0,0,0
2023-01-02 15:00:00,800,800,800,800,181300
2023-01-02 15:01:00,0,0,0,0,0
2023-01-02 15:02:00,0,0,0,0,0
2023-01-02 15:03:00,0,0,0,0,0
2023-01-02 15:04:00,0,0,0,0,0
2023-01-02 15:05:00,0,0,0,0,0
2023-01-02 15:06:00,0,0,0,0,0
2023-01-02 15:07:00,0,0,0,0,0
2023-01-02 15:08:00,0,0,0,0,0
2023-01-02 15:09:00,0,0,0,0,0
2023-01-02 15:10:00,0,0,0,0,0
2023-01-02 15:11:00,0,0,0,0,0
2023-01-02 15:12:00,0,0,0,0,0
2023-01-02 15:13:00,0,0,0,0,0
2023-01-02 15:14:00,0,0,0,0,0
2023-01-02 15:15:00,0,0,0,0,0
2023-01-02 15:16:00,0,0,0,0,0
2023-01-02 15:17:00,0,0,0,0,0
2023-01-02 15:18:00,0,0,0,0,0
2023-01-02 15:19:00,0,0,0,0,0
2023-01-02 15:20:00,0,0,0,0,0
2023-01-02 15:21:00,0,0,0,0,0
2023-01-02 15:22:00,0,0,0,0,0
2023-01-02 15:23:00,0,0,0,0,0
2023-01-02 15:24:00,0,0,0,0,0
2023-01-02 15:25:00,0,0,0,0,0
2023-01-02 15:26:00,0,0,0,0,0
2023-01-02 15:27:00,0,0,0,0,0
2023-01-02 15:28:00,0,0,0,0,0
2023-01-02 15:29:00,0,0,0,0,0
2023-01-02 15:30:00,0,0,0,0,0
2023-01-02 15:31:00,0,0,0,0,0
2023-01-02 15:32:00,0,0,0,0,0
2023-01-02 15:33:00,0,0,0,0,0
2023-01-02 15:34:00,0,0,0,0,0
2023-01-02 15:35:00,0,0,0,0,0
2023-01-02 15:36:00,0,0,0,0,0
2023-01-02 15:37:00,0,0,0,0,0
2023-01-02 15:38:00,0,0,0,0,0
2023-01-02 15:39:00,0,0,0,0,0
2023-01-02 15:40:00,0,0,0,0,0
2023-01-02 15:41:00,0,0,0,0,0
2023-01-02 15:42:00,0,0,0,0,0
2023-01-02 15:43:00,0,0,0,0,0
2023-01-02 15:44:00,0,0,0,0,0
2023-01-02 15:45:00,0,0,0,0,0
2023-01-02 15:46:00,0,0,0,0,0
2023-01-02 15:47:00,0,0,0,0,0
2023-01-02 15:48:00,0,0,0,0,0
2023-01-02 15:49:00,0,0,0,0,0
2023-01-02 15:50:00,0,0,0,0,0
2023-01-02 15:51:00,0,0,0,0,0
2023-01-02 15:52:00,0,0,0,0,0
2023-01-02 15:53:00,0,0,0,0,0
2023-01-02 15:54:00,0,0,0,0,0
2023-01-02 15:55:00,0,0,0,0,0
2023-01-02 15:56:00,0,0,0,0,0
2023-01-02 15:57:00,0,0,0,0,0
2023-01-02 15:58:00,0,0,0,0,0
2023-01-02 15:59:00,0,0,0,0,0
2023-01-03 09:00:00,0,0,0,0,0
2023-01-03 09:01:00,0,0,0,0,0
2023-01-03 09:02:00,0,0,0,0,0
2023-01-03 09:03:00,0,0,0,0,0
2023-01-03 09:04:00,0,0,0,0,0
2023-01-03 09:05:00,0,0,0,0,0
2023-01-03 09:06:00,0,0,0,0,0
2023-01-03 09:07:00,0,0,0,0,0
2023-01-03 09:08:00,0,0,0,0,0
2023-01-03 09:09:00,0,0,0,0,0
2023-01-03 09:10:00,0,0,0,0,0
2023-01-03 09:11:00,800,800,800,800,0
2023-01-03 09:12:00,0,0,0,0,0
2023-01-03 09:13:00,0,0,0,0,0
2023-01-03 09:14:00,0,0,0,0,0
2023-01-03 09:15:00,0,0,0,0,0
2023-01-03 09:16:00,0,0,0,0,0
2023-01-03 09:17:00,0,0,0,0,0
2023-01-03 09:18:00,0,0,0,0,0
2023-01-03 09:19:00,0,0,0,0,0
2023-01-03 09:20:00,0,0,0,0,0
2023-01-03 09:21:00,0,0,0,0,0
2023-01-03 09:22:00,0,0,0,0,0
2023-01-03 09:23:00,0,0,0,0,0
2023-01-03 09:24:00,0,0,0,0,0
2023-01-03 09:25:00,0,0,0,0,0
2023-01-03 09:26:00,0,0,0,0,0
2023-01-03 09:27:00,0,0,0,0,0
2023-01-03 09:28:00,0,0,0,0,0
2023-01-03 09:29:00,800,800,800,800,11800
2023-01-03 09:30:00,0,0,0,0,0
2023-01-03 09:31:00,0,0,0,0,0
2023-01-03 09:32:00,0,0,0,0,0
2023-01-03 09:33:00,0,0,0,0,0
2023-01-03 09:34:00,0,0,0,0,0
2023-01-03 09:35:00,0,0,0,0,0
2023-01-03 09:36:00,0,0,0,0,0
2023-01-03 09:37:00,0,0,0,0,0
2023-01-03 09:38:00,0,0,0,0,0
2023-01-03 09:39:00,0,0,0,0,0
2023-01-03 09:40:00,0,0,0,0,0
2023-01-03 09:41:00,0,0,0,0,0
2023-01-03 09:42:00,0,0,0,0,0
2023-01-03 09:43:00,0,0,0,0,0
2023-01-03 09:44:00,0,0,0,0,0
2023-01-03 09:45:00,0,0,0,0,0
2023-01-03 09:46:00,0,0,0,0,0
2023-01-03 09:47:00,0,0,0,0,0
2023-01-03 09:48:00,0,0,0,0,0
2023-01-03 09:49:00,0,0,0,0,0
2023-01-03 09:50:00,0,0,0,0,0
2023-01-03 09:51:00,0,0,0,0,0
2023-01-03 09:52:00,0,0,0,0,0
2023-01-03 09:53:00,0,0,0,0,0
2023-01-03 09:54:00,0,0,0,0,0
2023-01-03 09:55:00,0,0,0,0,0
2023-01-03 09:56:00,0,0,0,0,0
2023-01-03 09:57:00,0,0,0,0,0
2023-01-03 09:58:00,0,0,0,0,0
2023-01-03 09:59:00,0,0,0,0,0
2023-01-03 10:00:00,0,0,0,0,0
2023-01-03 10:01:00,0,0,0,0,0
2023-01-03 10:02:00,0,0,0,0,0
2023-01-03 10:03:00,0,0,0,0,0
2023-01-03 10:04:00,0,0,0,0,0
2023-01-03 10:05:00,0,0,0,0,0
2023-01-03 10:06:00,0,0,0,0,0
2023-01-03 10:07:00,0,0,0,0,0
2023-01-03 10:08:00,0,0,0,0,0
2023-01-03 10:09:00,0,0,0,0,0
2023-01-03 10:10:00,0,0,0,0,0
2023-01-03 10:11:00,0,0,0,0,0
2023-01-03 10:12:00,0,0,0,0,0
2023-01-03 10:13:00,0,0,0,0,0
2023-01-03 10:14:00,0,0,0,0,0
2023-01-03 10:15:00,0,0,0,0,0
2023-01-03 10:16:00,0,0,0,0,0
2023-01-03 10:17:00,0,0,0,0,0
2023-01-03 10:18:00,0,0,0,0,0
2023-01-03 10:19:00,0,0,0,0,0
2023-01-03 10:20:00,0,0,0,0,0
2023-01-03 10:21:00,0,0,0,0,0
2023-01-03 10:22:00,0,0,0,0,0
2023-01-03 10:23:00,0,0,0,0,0
2023-01-03 10:24:00,0,0,0,0,0
2023-01-03 10:25:00,0,0,0,0,0
2023-01-03 10:26:00,0,0,0,0,0
2023-01-03 10:27:00,0,0,0,0,0
2023-01-03 10:28:00,0,0,0,0,0
2023-01-03 10:29:00,0,0,0,0,0
2023-01-03 10:30:00,0,0,0,0,0
2023-01-03 10:31:00,0,0,0,0,0
2023-01-03 10:32:00,0,0,0,0,0
2023-01-03 10:33:00,0,0,0,0,0
2023-01-03 10:34:00,0,0,0,0,0
2023-01-03 10:35:00,0,0,0,0,0
2023-01-03 10:36:00,0,0,0,0,0
2023-01-03 10:37:00,0,0,0,0,0
2023-01-03 10:38:00,0,0,0,0,0
2023-01-03 10:39:00,0,0,0,0,0
2023-01-03 10:40:00,0,0,0,0,0
2023-01-03 10:41:00,0,0,0,0,0
2023-01-03 10:42:00,0,0,0,0,0
2023-01-03 10:43:00,0,0,0,0,0
2023-01-03 10:44:00,0,0,0,0,0
2023-01-03 10:45:00,0,0,0,0,0
2023-01-03 10:46:00,0,0,0,0,0
2023-01-03 10:47:00,0,0,0,0,0
2023-01-03 10:48:00,0,0,0,0,0
2023-01-03 10:49:00,0,0,0,0,0
2023-01-03 10:50:00,0,0,0,0,0
2023-01-03 10:51:00,0,0,0,0,0
2023-01-03 10:52:00,0,0,0,0,0
2023-01-03 10:53:00,0,0,0,0,0
2023-01-03 10:54:00,0,0,0,0,0
2023-01-03 10:55:00,0,0,0,0,0
2023-01-03 10:56:00,0,0,0,0,0
2023-01-03 10:57:00,0,0,0,0,0
2023-01-03 10:58:00,0,0,0,0,0
2023-01-03 10:59:00,0,0,0,0,0
2023-01-03 11:00:00,0,0,0,0,0
2023-01-03 11:01:00,0,0,0,0,0
2023-01-03 11:02:00,0,0,0,0,0
2023-01-03 11:03:00,0,0,0,0,0
2023-01-03 11:04:00,0,0,0,0,0
2023-01-03 11:05:00,0,0,0,0,0
2023-01-03 11:06:00,0,0,0,0,0
2023-01-03 11:07:00,0,0,0,0,0
2023-01-03 11:08:00,0,0,0,0,0
2023-01-03 11:09:00,0,0,0,0,0
2023-01-03 11:10:00,0,0,0,0,0
2023-01-03 11:11:00,0,0,0,0,0
2023-01-03 11:12:00,0,0,0,0,0
2023-01-03 11:13:00,0,0,0,0,0
2023-01-03 11:14:00,0,0,0,0,0
2023-01-03 11:15:00,0,0,0,0,0
2023-01-03 11:16:00,0,0,0,0,0
2023-01-03 11:17:00,0,0,0,0,0
2023-01-03 11:18:00,0,0,0,0,0
2023-01-03 11:19:00,800,800,800,800,0
2023-01-03 11:20:00,0,0,0,0,0
2023-01-03 11:21:00,0,0,0,0,0
2023-01-03 11:22:00,0,0,0,0,0
2023-01-03 11:23:00,0,0,0,0,0
2023-01-03 11:24:00,0,0,0,0,0
2023-01-03 11:25:00,0,0,0,0,0
2023-01-03 11:26:00,800,800,800,800,10000
2023-01-03 11:27:00,0,0,0,0,0
2023-01-03 11:28:00,0,0,0,0,0
2023-01-03 11:29:00,0,0,0,0,0
2023-01-03 11:30:00,0,0,0,0,0
2023-01-03 11:31:00,0,0,0,0,0
2023-01-03 11:32:00,0,0,0,0,0
2023-01-03 11:33:00,0,0,0,0,0
2023-01-03 11:34:00,0,0,0,0,0
2023-01-03 11:35:00,0,0,0,0,0
2023-01-03 11:36:00,0,0,0,0,0
2023-01-03 11:37:00,0,0,0,0,0
2023-01-03 11:38:00,0,0,0,0,0
2023-01-03 11:39:00,0,0,0,0,0
2023-01-03 11:40:00,0,0,0,0,0
2023-01-03 11:41:00,0,0,0,0,0
2023-01-03 11:42:00,0,0,0,0,0
2023-01-03 11:43:00,0,0,0,0,0
2023-01-03 11:44:00,0,0,0,0,0
2023-01-03 11:45:00,0,0,0,0,0
2023-01-03 11:46:00,0,0,0,0,0
2023-01-03 11:47:00,0,0,0,0,0
2023-01-03 11:48:00,0,0,0,0,0
2023-01-03 11:49:00,0,0,0,0,0
2023-01-03 11:50:00,0,0,0,0,0
2023-01-03 11:51:00,0,0,0,0,0
2023-01-03 11:52:00,0,0,0,0,0
2023-01-03 11:53:00,0,0,0,0,0
2023-01-03 11:54:00,0,0,0,0,0
2023-01-03 11:55:00,0,0,0,0,0
2023-01-03 11:56:00,0,0,0,0,0
2023-01-03 11:57:00,0,0,0,0,0
2023-01-03 11:58:00,0,0,0,0,0
2023-01-03 11:59:00,0,0,0,0,0
2023-01-03 12:00:00,0,0,0,0,0
2023-01-03 12:01:00,0,0,0,0,0
2023-01-03 12:02:00,0,0,0,0,0
2023-01-03 12:03:00,0,0,0,0,0
2023-01-03 12:04:00,0,0,0,0,0
2023-01-03 12:05:00,0,0,0,0,0
2023-01-03 12:06:00,0,0,0,0,0
2023-01-03 12:07:00,0,0,0,0,0
2023-01-03 12:08:00,0,0,0,0,0
2023-01-03 12:09:00,0,0,0,0,0
2023-01-03 12:10:00,0,0,0,0,0
2023-01-03 12:11:00,0,0,0,0,0
2023-01-03 12:12:00,0,0,0,0,0
2023-01-03 12:13:00,0,0,0,0,0
2023-01-03 12:14:00,0,0,0,0,0
2023-01-03 12:15:00,0,0,0,0,0
2023-01-03 12:16:00,0,0,0,0,0
2023-01-03 12:17:00,0,0,0,0,0
2023-01-03 12:18:00,0,0,0,0,0
2023-01-03 12:19:00,0,0,0,0,0
2023-01-03 12:20:00,0,0,0,0,0
2023-01-03 12:21:00,0,0,0,0,0
2023-01-03 12:22:00,0,0,0,0,0
2023-01-03 12:23:00,0,0,0,0,0
2023-01-03 12:24:00,0,0,0,0,0
2023-01-03 12:25:00,0,0,0,0,0
2023-01-03 12:26:00,0,0,0,0,0
2023-01-03 12:27:00,0,0,0,0,0
2023-01-03 12:28:00,0,0,0,0,0
2023-01-03 12:29:00,0,0,0,0,0
2023-01-03 12:30:00,0,0,0,0,0
2023-01-03 12:31:00,0,0,0,0,0
2023-01-03 12:32:00,0,0,0,0,0
2023-01-03 12:33:00,0,0,0,0,0
2023-01-03 12:34:00,0,0,0,0,0
2023-01-03 12:35:00,0,0,0,0,0
2023-01-03 12:36:00,0,0,0,0,0
2023-01-03 12:37:00,0,0,0,0,0
2023-01-03 12:38:00,0,0,0,0,0
2023-01-03 12:39:00,0,0,0,0,0
2023-01-03 12:40:00,0,0,0,0,0
2023-01-03 12:41:00,0,0,0,0,0
2023-01-03 12:42:00,0,0,0,0,0
2023-01-03 12:43:00,0,0,0,0,0
2023-01-03 12:44:00,0,0,0,0,0
2023-01-03 12:45:00,0,0,0,0,0
2023-01-03 12:46:00,0,0,0,0,0
2023-01-03 12:47:00,0,0,0,0,0
2023-01-03 12:48:00,0,0,0,0,0
2023-01-03 12:49:00,0,0,0,0,0
2023-01-03 12:50:00,0,0,0,0,0
2023-01-03 12:51:00,0,0,0,0,0
2023-01-03 12:52:00,0,0,0,0,0
2023-01-03 12:53:00,0,0,0,0,0
2023-01-03 12:54:00,0,0,0,0,0
2023-01-03 12:55:00,0,0,0,0,0
2023-01-03 12:56:00,0,0,0,0,0
2023-01-03 12:57:00,0,0,0,0,0
2023-01-03 12:58:00,0,0,0,0,0
2023-01-03 12:59:00,0,0,0,0,0
2023-01-03 13:00:00,0,0,0,0,0
2023-01-03 13:01:00,0,0,0,0,0
2023-01-03 13:02:00,0,0,0,0,0
2023-01-03 13:03:00,0,0,0,0,0
2023-01-03 13:04:00,0,0,0,0,0
2023-01-03 13:05:00,0,0,0,0,0
2023-01-03 13:06:00,0,0,0,0,0
2023-01-03 13:07:00,0,0,0,0,0
2023-01-03 13:08:00,0,0,0,0,0
2023-01-03 13:09:00,0,0,0,0,0
2023-01-03 13:10:00,0,0,0,0,0
2023-01-03 13:11:00,0,0,0,0,0
2023-01-03 13:12:00,0,0,0,0,0
2023-01-03 13:13:00,0,0,0,0,0
2023-01-03 13:14:00,0,0,0,0,0
2023-01-03 13:15:00,0,0,0,0,0
2023-01-03 13:16:00,0,0,0,0,0
2023-01-03 13:17:00,0,0,0,0,0
2023-01-03 13:18:00,0,0,0,0,0
2023-01-03 13:19:00,0,0,0,0,0
2023-01-03 13:20:00,0,0,0,0,0
2023-01-03 13:21:00,0,0,0,0,0
2023-01-03 13:22:00,0,0,0,0,0
2023-01-03 13:23:00,0,0,0,0,0
2023-01-03 13:24:00,0,0,0,0,0
2023-01-03 13:25:00,0,0,0,0,0
2023-01-03 13:26:00,0,0,0,0,0
2023-01-03 13:27:00,0,0,0,0,0
2023-01-03 13:28:00,0,0,0,0,0
2023-01-03 13:29:00,0,0,0,0,0
2023-01-03 13:30:00,0,0,0,0,0
2023-01-03 13:31:00,0,0,0,0,0
2023-01-03 13:32:00,0,0,0,0,0
2023-01-03 13:33:00,0,0,0,0,0
2023-01-03 13:34:00,0,0,0,0,0
2023-01-03 13:35:00,0,0,0,0,0
2023-01-03 13:36:00,0,0,0,0,0
2023-01-03 13:37:00,0,0,0,0,0
2023-01-03 13:38:00,800,800,800,800,2500
2023-01-03 13:39:00,0,0,0,0,0
2023-01-03 13:40:00,0,0,0,0,0
2023-01-03 13:41:00,0,0,0,0,0
2023-01-03 13:42:00,0,0,0,0,0
2023-01-03 13:43:00,0,0,0,0,0
2023-01-03 13:44:00,0,0,0,0,0
2023-01-03 13:45:00,0,0,0,0,0
2023-01-03 13:46:00,0,0,0,0,0
2023-01-03 13:47:00,0,0,0,0,0
2023-01-03 13:48:00,0,0,0,0,0
2023-01-03 13:49:00,0,0,0,0,0
2023-01-03 13:50:00,0,0,0,0,0
2023-01-03 13:51:00,0,0,0,0,0
2023-01-03 13:52:00,0,0,0,0,0
2023-01-03 13:53:00,800,800,800,800,71800
2023-01-03 13:54:00,800,800,800,800,100
2023-01-03 13:55:00,0,0,0,0,0
2023-01-03 13:56:00,0,0,0,0,0
2023-01-03 13:57:00,0,0,0,0,0
2023-01-03 13:58:00,0,0,0,0,0
2023-01-03 13:59:00,0,0,0,0,0
2023-01-03 14:00:00,800,800,800,800,1400
2023-01-03 14:01:00,0,0,0,0,0
2023-01-03 14:02:00,0,0,0,0,0
2023-01-03 14:03:00,0,0,0,0,0
2023-01-03 14:04:00,800,800,800,800,0
2023-01-03 14:05:00,800,800,800,800,0
2023-01-03 14:06:00,0,0,0,0,0
2023-01-03 14:07:00,0,0,0,0,0
2023-01-03 14:08:00,0,0,0,0,0
2023-01-03 14:09:00,0,0,0,0,0
2023-01-03 14:10:00,800,800,800,800,200
2023-01-03 14:11:00,0,0,0,0,0
2023-01-03 14:12:00,0,0,0,0,0
2023-01-03 14:13:00,0,0,0,0,0
2023-01-03 14:14:00,0,0,0,0,0
2023-01-03 14:15:00,0,0,0,0,0
2023-01-03 14:16:00,795,795,795,795,100
2023-01-03 14:17:00,800,800,800,800,900
2023-01-03 14:18:00,800,800,800,800,500
2023-01-03 14:19:00,0,0,0,0,0
2023-01-03 14:20:00,800,800,800,800,4500
2023-01-03 14:21:00,0,0,0,0,0
2023-01-03 14:22:00,0,0,0,0,0
2023-01-03 14:23:00,800,800,800,800,0
2023-01-03 14:24:00,0,0,0,0,0
2023-01-03 14:25:00,0,0,0,0,0
2023-01-03 14:26:00,0,0,0,0,0
2023-01-03 14:27:00,0,0,0,0,0
2023-01-03 14:28:00,0,0,0,0,0
2023-01-03 14:29:00,0,0,0,0,0
2023-01-03 14:30:00,0,0,0,0,0
2023-01-03 14:31:00,0,0,0,0,0
2023-01-03 14:32:00,0,0,0,0,0
2023-01-03 14:33:00,0,0,0,0,0
2023-01-03 14:34:00,0,0,0,0,0
2023-01-03 14:35:00,800,800,800,800,200
2023-01-03 14:36:00,0,0,0,0,0
2023-01-03 14:37:00,0,0,0,0,0
2023-01-03 14:38:00,800,800,800,800,97600
2023-01-03 14:39:00,0,0,0,0,0
2023-01-03 14:40:00,0,0,0,0,0
2023-01-03 14:41:00,0,0,0,0,0
2023-01-03 14:42:00,0,0,0,0,0
2023-01-03 14:43:00,0,0,0,0,0
2023-01-03 14:44:00,0,0,0,0,0
2023-01-03 14:45:00,0,0,0,0,0
2023-01-03 14:46:00,0,0,0,0,0
2023-01-03 14:47:00,0,0,0,0,0
2023-01-03 14:48:00,0,0,0,0,0
2023-01-03 14:49:00,0,0,0,0,0
2023-01-03 14:50:00,0,0,0,0,0
2023-01-03 14:51:00,0,0,0,0,0
2023-01-03 14:52:00,0,0,0,0,0
2023-01-03 14:53:00,0,0,0,0,0
2023-01-03 14:54:00,0,0,0,0,0
2023-01-03 14:55:00,0,0,0,0,0
2023-01-03 14:56:00,0,0,0,0,0
2023-01-03 14:57:00,0,0,0,0,0
2023-01-03 14:58:00,0,0,0,0,0
2023-01-03 14:59:00,0,0,0,0,0
2023-01-03 15:00:00,0,0,0,0,0
2023-01-03 15:01:00,0,0,0,0,0
2023-01-03 15:02:00,0,0,0,0,0
2023-01-03 15:03:00,0,0,0,0,0
2023-01-03 15:04:00,0,0,0,0,0
2023-01-03 15:05:00,0,0,0,0,0
2023-01-03 15:06:00,0,0,0,0,0
2023-01-03 15:07:00,0,0,0,0,0
2023-01-03 15:08:00,0,0,0,0,0
2023-01-03 15:09:00,0,0,0,0,0
2023-01-03 15:10:00,0,0,0,0,0
2023-01-03 15:11:00,0,0,0,0,0
2023-01-03 15:12:00,0,0,0,0,0
2023-01-03 15:13:00,0,0,0,0,0
2023-01-03 15:14:00,0,0,0,0,0
2023-01-03 15:15:00,0,0,0,0,0
2023-01-03 15:16:00,0,0,0,0,0
2023-01-03 15:17:00,0,0,0,0,0
2023-01-03 15:18:00,0,0,0,0,0
2023-01-03 15:19:00,0,0,0,0,0
2023-01-03 15:20:00,0,0,0,0,0
2023-01-03 15:21:00,0,0,0,0,0
2023-01-03 15:22:00,0,0,0,0,0
2023-01-03 15:23:00,0,0,0,0,0
2023-01-03 15:24:00,0,0,0,0,0
2023-01-03 15:25:00,0,0,0,0,0
2023-01-03 15:26:00,0,0,0,0,0
2023-01-03 15:27:00,0,0,0,0,0
2023-01-03 15:28:00,0,0,0,0,0
2023-01-03 15:29:00,0,0,0,0,0
2023-01-03 15:30:00,0,0,0,0,0
2023-01-03 15:31:00,0,0,0,0,0
2023-01-03 15:32:00,0,0,0,0,0
2023-01-03 15:33:00,0,0,0,0,0
2023-01-03 15:34:00,0,0,0,0,0
2023-01-03 15:35:00,0,0,0,0,0
2023-01-03 15:36:00,0,0,0,0,0
2023-01-03 15:37:00,0,0,0,0,0
2023-01-03 15:38:00,0,0,0,0,0
2023-01-03 15:39:00,0,0,0,0,0
2023-01-03 15:40:00,0,0,0,0,0
2023-01-03 15:41:00,0,0,0,0,0
2023-01-03 15:42:00,0,0,0,0,0
2023-01-03 15:43:00,0,0,0,0,0
2023-01-03 15:44:00,0,0,0,0,0
2023-01-03 15:45:00,0,0,0,0,0
2023-01-03 15:46:00,0,0,0,0,0
2023-01-03 15:47:00,0,0,0,0,0
2023-01-03 15:48:00,0,0,0,0,0
2023-01-03 15:49:00,0,0,0,0,0
2023-01-03 15:50:00,0,0,0,0,0
2023-01-03 15:51:00,0,0,0,0,0
2023-01-03 15:52:00,0,0,0,0,0
2023-01-03 15:53:00,0,0,0,0,0
2023-01-03 15:54:00,0,0,0,0,0
2023-01-03 15:55:00,0,0,0,0,0
2023-01-03 15:56:00,0,0,0,0,0
2023-01-03 15:57:00,0,0,0,0,0
2023-01-03 15:58:00,0,0,0,0,0
2023-01-03 15:59:00,0,0,0,0,0
2023-01-04 09:00:00,0,0,0,0,0
2023-01-04 09:01:00,0,0,0,0,0
2023-01-04 09:02:00,0,0,0,0,0
2023-01-04 09:03:00,0,0,0,0,0
2023-01-04 09:04:00,0,0,0,0,0
2023-01-04 09:05:00,0,0,0,0,0
2023-01-04 09:06:00,0,0,0,0,0
2023-01-04 09:07:00,0,0,0,0,0
2023-01-04 09:08:00,0,0,0,0,0
2023-01-04 09:09:00,0,0,0,0,0
2023-01-04 09:10:00,0,0,0,0,0
2023-01-04 09:11:00,0,0,0,0,0
2023-01-04 09:12:00,0,0,0,0,0
2023-01-04 09:13:00,0,0,0,0,0
2023-01-04 09:14:00,0,0,0,0,0
2023-01-04 09:15:00,0,0,0,0,0
2023-01-04 09:16:00,0,0,0,0,0
2023-01-04 09:17:00,0,0,0,0,0
2023-01-04 09:18:00,0,0,0,0,0
2023-01-04 09:19:00,0,0,0,0,0
2023-01-04 09:20:00,0,0,0,0,0
2023-01-04 09:21:00,0,0,0,0,0
2023-01-04 09:22:00,0,0,0,0,0
2023-01-04 09:23:00,0,0,0,0,0
2023-01-04 09:24:00,0,0,0,0,0
2023-01-04 09:25:00,0,0,0,0,0
2023-01-04 09:26:00,800,800,800,800,0
2023-01-04 09:27:00,0,0,0,0,0
2023-01-04 09:28:00,0,0,0,0,0
2023-01-04 09:29:00,800,800,800,800,1800
2023-01-04 09:30:00,0,0,0,0,0
2023-01-04 09:31:00,0,0,0,0,0
2023-01-04 09:32:00,0,0,0,0,0
2023-01-04 09:33:00,0,0,0,0,0
2023-01-04 09:34:00,0,0,0,0,0
2023-01-04 09:35:00,800,800,800,800,0
2023-01-04 09:36:00,0,0,0,0,0
2023-01-04 09:37:00,0,0,0,0,0
2023-01-04 09:38:00,0,0,0,0,0
2023-01-04 09:39:00,0,0,0,0,0
2023-01-04 09:40:00,0,0,0,0,0
2023-01-04 09:41:00,0,0,0,0,0
2023-01-04 09:42:00,0,0,0,0,0
2023-01-04 09:43:00,0,0,0,0,0
2023-01-04 09:44:00,810,810,810,810,200
2023-01-04 09:45:00,0,0,0,0,0
2023-01-04 09:46:00,0,0,0,0,0
2023-01-04 09:47:00,0,0,0,0,0
2023-01-04 09:48:00,0,0,0,0,0
2023-01-04 09:49:00,0,0,0,0,0
2023-01-04 09:50:00,810,810,810,810,600
2023-01-04 09:51:00,0,0,0,0,0
2023-01-04 09:52:00,0,0,0,0,0
2023-01-04 09:53:00,0,0,0,0,0
2023-01-04 09:54:00,0,0,0,0,0
2023-01-04 09:55:00,0,0,0,0,0
2023-01-04 09:56:00,0,0,0,0,0
2023-01-04 09:57:00,0,0,0,0,0
2023-01-04 09:58:00,0,0,0,0,0
2023-01-04 09:59:00,0,0,0,0,0
2023-01-04 10:00:00,0,0,0,0,0
2023-01-04 10:01:00,0,0,0,0,0
2023-01-04 10:02:00,0,0,0,0,0
2023-01-04 10:03:00,0,0,0,0,0
2023-01-04 10:04:00,0,0,0,0,0
2023-01-04 10:05:00,0,0,0,0,0
2023-01-04 10:06:00,0,0,0,0,0
2023-01-04 10:07:00,0,0,0,0,0
2023-01-04 10:08:00,0,0,0,0,0
2023-01-04 10:09:00,0,0,0,0,0
2023-01-04 10:10:00,0,0,0,0,0
2023-01-04 10:11:00,0,0,0,0,0
2023-01-04 10:12:00,0,0,0,0,0
2023-01-04 10:13:00,0,0,0,0,0
2023-01-04 10:14:00,0,0,0,0,0
2023-01-04 10:15:00,0,0,0,0,0
2023-01-04 10:16:00,0,0,0,0,0
2023-01-04 10:17:00,0,0,0,0,0
2023-01-04 10:18:00,0,0,0,0,0
2023-01-04 10:19:00,0,0,0,0,0
2023-01-04 10:20:00,0,0,0,0,0
2023-01-04 10:21:00,0,0,0,0,0
2023-01-04 10:22:00,0,0,0,0,0
2023-01-04 10:23:00,0,0,0,0,0
2023-01-04 10:24:00,0,0,0,0,0
2023-01-04 10:25:00,0,0,0,0,0
2023-01-04 10:26:00,0,0,0,0,0
2023-01-04 10:27:00,810,810,810,810,700
2023-01-04 10:28:00,0,0,0,0,0
2023-01-04 10:29:00,0,0,0,0,0
2023-01-04 10:30:00,0,0,0,0,0
2023-01-04 10:31:00,0,0,0,0,0
2023-01-04 10:32:00,0,0,0,0,0
2023-01-04 10:33:00,0,0,0,0,0
2023-01-04 10:34:00,0,0,0,0,0
2023-01-04 10:35:00,0,0,0,0,0
2023-01-04 10:36:00,0,0,0,0,0
2023-01-04 10:37:00,0,0,0,0,0
2023-01-04 10:38:00,0,0,0,0,0
2023-01-04 10:39:00,0,0,0,0,0
2023-01-04 10:40:00,0,0,0,0,0
2023-01-04 10:41:00,0,0,0,0,0
2023-01-04 10:42:00,810,810,810,810,200
2023-01-04 10:43:00,810,810,810,810,400
2023-01-04 10:44:00,0,0,0,0,0
2023-01-04 10:45:00,0,0,0,0,0
2023-01-04 10:46:00,0,0,0,0,0
2023-01-04 10:47:00,0,0,0,0,0
2023-01-04 10:48:00,0,0,0,0,0
2023-01-04 10:49:00,0,0,0,0,0
2023-01-04 10:50:00,0,0,0,0,0
2023-01-04 10:51:00,0,0,0,0,0
2023-01-04 10:52:00,0,0,0,0,0
2023-01-04 10:53:00,0,0,0,0,0
2023-01-04 10:54:00,0,0,0,0,0
2023-01-04 10:55:00,0,0,0,0,0
2023-01-04 10:56:00,0,0,0,0,0
2023-01-04 10:57:00,0,0,0,0,0
2023-01-04 10:58:00,0,0,0,0,0
2023-01-04 10:59:00,0,0,0,0,0
2023-01-04 11:00:00,0,0,0,0,0
2023-01-04 11:01:00,0,0,0,0,0
2023-01-04 11:02:00,0,0,0,0,0
2023-01-04 11:03:00,0,0,0,0,0
2023-01-04 11:04:00,0,0,0,0,0
2023-01-04 11:05:00,0,0,0,0,0
2023-01-04 11:06:00,0,0,0,0,0
2023-01-04 11:07:00,0,0,0,0,0
2023-01-04 11:08:00,0,0,0,0,0
2023-01-04 11:09:00,0,0,0,0,0
2023-01-04 11:10:00,800,800,800,800,4700
2023-01-04 11:11:00,0,0,0,0,0
2023-01-04 11:12:00,0,0,0,0,0
2023-01-04 11:13:00,0,0,0,0,0
2023-01-04 11:14:00,0,0,0,0,0
2023-01-04 11:15:00,0,0,0,0,0
2023-01-04 11:16:00,0,0,0,0,0
2023-01-04 11:17:00,0,0,0,0,0
2023-01-04 11:18:00,800,800,800,800,100
2023-01-04 11:19:00,0,0,0,0,0
2023-01-04 11:20:00,0,0,0,0,0
2023-01-04 11:21:00,0,0,0,0,0
2023-01-04 11:22:00,0,0,0,0,0
2023-01-04 11:23:00,0,0,0,0,0
2023-01-04 11:24:00,0,0,0,0,0
2023-01-04 11:25:00,0,0,0,0,0
2023-01-04 11:26:00,0,0,0,0,0
2023-01-04 11:27:00,0,0,0,0,0
2023-01-04 11:28:00,0,0,0,0,0
2023-01-04 11:29:00,0,0,0,0,0
2023-01-04 11:30:00,0,0,0,0,0
2023-01-04 11:31:00,0,0,0,0,0
2023-01-04 11:32:00,0,0,0,0,0
2023-01-04 11:33:00,0,0,0,0,0
2023-01-04 11:34:00,0,0,0,0,0
2023-01-04 11:35:00,0,0,0,0,0
2023-01-04 11:36:00,0,0,0,0,0
2023-01-04 11:37:00,0,0,0,0,0
2023-01-04 11:38:00,0,0,0,0,0
2023-01-04 11:39:00,0,0,0,0,0
2023-01-04 11:40:00,0,0,0,0,0
2023-01-04 11:41:00,0,0,0,0,0
2023-01-04 11:42:00,0,0,0,0,0
2023-01-04 11:43:00,0,0,0,0,0
2023-01-04 11:44:00,0,0,0,0,0
2023-01-04 11:45:00,0,0,0,0,0
2023-01-04 11:46:00,0,0,0,0,0
2023-01-04 11:47:00,0,0,0,0,0
2023-01-04 11:48:00,0,0,0,0,0
2023-01-04 11:49:00,0,0,0,0,0
2023-01-04 11:50:00,0,0,0,0,0
2023-01-04 11:51:00,0,0,0,0,0
2023-01-04 11:52:00,0,0,0,0,0
2023-01-04 11:53:00,0,0,0,0,0
2023-01-04 11:54:00,0,0,0,0,0
2023-01-04 11:55:00,0,0,0,0,0
2023-01-04 11:56:00,0,0,0,0,0
2023-01-04 11:57:00,0,0,0,0,0
2023-01-04 11:58:00,0,0,0,0,0
2023-01-04 11:59:00,0,0,0,0,0
2023-01-04 12:00:00,0,0,0,0,0
2023-01-04 12:01:00,0,0,0,0,0
2023-01-04 12:02:00,0,0,0,0,0
2023-01-04 12:03:00,0,0,0,0,0
2023-01-04 12:04:00,0,0,0,0,0
2023-01-04 12:05:00,0,0,0,0,0
2023-01-04 12:06:00,0,0,0,0,0
2023-01-04 12:07:00,0,0,0,0,0
2023-01-04 12:08:00,0,0,0,0,0
2023-01-04 12:09:00,0,0,0,0,0
2023-01-04 12:10:00,0,0,0,0,0
2023-01-04 12:11:00,0,0,0,0,0
2023-01-04 12:12:00,0,0,0,0,0
2023-01-04 12:13:00,0,0,0,0,0
2023-01-04 12:14:00,0,0,0,0,0
2023-01-04 12:15:00,0,0,0,0,0
2023-01-04 12:16:00,0,0,0,0,0
2023-01-04 12:17:00,0,0,0,0,0
2023-01-04 12:18:00,0,0,0,0,0
2023-01-04 12:19:00,0,0,0,0,0
2023-01-04 12:20:00,0,0,0,0,0
2023-01-04 12:21:00,0,0,0,0,0
2023-01-04 12:22:00,0,0,0,0,0
2023-01-04 12:23:00,0,0,0,0,0
2023-01-04 12:24:00,0,0,0,0,0
2023-01-04 12:25:00,0,0,0,0,0
2023-01-04 12:26:00,0,0,0,0,0
2023-01-04 12:27:00,0,0,0,0,0
2023-01-04 12:28:00,0,0,0,0,0
2023-01-04 12:29:00,0,0,0,0,0
2023-01-04 12:30:00,0,0,0,0,0
2023-01-04 12:31:00,0,0,0,0,0
2023-01-04 12:32:00,0,0,0,0,0
2023-01-04 12:33:00,0,0,0,0,0
2023-01-04 12:34:00,0,0,0,0,0
2023-01-04 12:35:00,0,0,0,0,0
2023-01-04 12:36:00,0,0,0,0,0
2023-01-04 12:37:00,0,0,0,0,0
2023-01-04 12:38:00,0,0,0,0,0
2023-01-04 12:39:00,0,0,0,0,0
2023-01-04 12:40:00,0,0,0,0,0
2023-01-04 12:41:00,0,0,0,0,0
2023-01-04 12:42:00,0,0,0,0,0
2023-01-04 12:43:00,0,0,0,0,0
2023-01-04 12:44:00,0,0,0,0,0
2023-01-04 12:45:00,0,0,0,0,0
2023-01-04 12:46:00,0,0,0,0,0
2023-01-04 12:47:00,0,0,0,0,0
2023-01-04 12:48:00,0,0,0,0,0
2023-01-04 12:49:00,0,0,0,0,0
2023-01-04 12:50:00,0,0,0,0,0
2023-01-04 12:51:00,0,0,0,0,0
2023-01-04 12:52:00,0,0,0,0,0
2023-01-04 12:53:00,0,0,0,0,0
2023-01-04 12:54:00,0,0,0,0,0
2023-01-04 12:55:00,0,0,0,0,0
2023-01-04 12:56:00,0,0,0,0,0
2023-01-04 12:57:00,0,0,0,0,0
2023-01-04 12:58:00,0,0,0,0,0
2023-01-04 12:59:00,0,0,0,0,0
2023-01-04 13:00:00,0,0,0,0,0
2023-01-04 13:01:00,0,0,0,0,0
2023-01-04 13:02:00,0,0,0,0,0
2023-01-04 13:03:00,0,0,0,0,0
2023-01-04 13:04:00,0,0,0,0,0
2023-01-04 13:05:00,0,0,0,0,0
2023-01-04 13:06:00,0,0,0,0,0
2023-01-04 13:07:00,0,0,0,0,0
2023-01-04 13:08:00,0,0,0,0,0
2023-01-04 13:09:00,0,0,0,0,0
2023-01-04 13:10:00,0,0,0,0,0
2023-01-04 13:11:00,0,0,0,0,0
2023-01-04 13:12:00,0,0,0,0,0
2023-01-04 13:13:00,0,0,0,0,0
2023-01-04 13:14:00,0,0,0,0,0
2023-01-04 13:15:00,0,0,0,0,0
2023-01-04 13:16:00,0,0,0,0,0
2023-01-04 13:17:00,0,0,0,0,0
2023-01-04 13:18:00,0,0,0,0,0
2023-01-04 13:19:00,0,0,0,0,0
2023-01-04 13:20:00,0,0,0,0,0
2023-01-04 13:21:00,0,0,0,0,0
2023-01-04 13:22:00,0,0,0,0,0
2023-01-04 13:23:00,0,0,0,0,0
2023-01-04 13:24:00,0,0,0,0,0
2023-01-04 13:25:00,0,0,0,0,0
2023-01-04 13:26:00,0,0,0,0,0
2023-01-04 13:27:00,0,0,0,0,0
2023-01-04 13:28:00,0,0,0,0,0
2023-01-04 13:29:00,0,0,0,0,0
2023-01-04 13:30:00,0,0,0,0,0
2023-01-04 13:31:00,0,0,0,0,0
2023-01-04 13:32:00,0,0,0,0,0
2023-01-04 13:33:00,0,0,0,0,0
2023-01-04 13:34:00,0,0,0,0,0
2023-01-04 13:35:00,0,0,0,0,0
2023-01-04 13:36:00,0,0,0,0,0
2023-01-04 13:37:00,0,0,0,0,0
2023-01-04 13:38:00,0,0,0,0,0
2023-01-04 13:39:00,0,0,0,0,0
2023-01-04 13:40:00,0,0,0,0,0
2023-01-04 13:41:00,800,800,800,800,12000
2023-01-04 13:42:00,0,0,0,0,0
2023-01-04 13:43:00,0,0,0,0,0
2023-01-04 13:44:00,0,0,0,0,0
2023-01-04 13:45:00,0,0,0,0,0
2023-01-04 13:46:00,0,0,0,0,0
2023-01-04 13:47:00,0,0,0,0,0
2023-01-04 13:48:00,0,0,0,0,0
2023-01-04 13:49:00,0,0,0,0,0
2023-01-04 13:50:00,0,0,0,0,0
2023-01-04 13:51:00,0,0,0,0,0
2023-01-04 13:52:00,0,0,0,0,0
2023-01-04 13:53:00,0,0,0,0,0
2023-01-04 13:54:00,0,0,0,0,0
2023-01-04 13:55:00,0,0,0,0,0
2023-01-04 13:56:00,0,0,0,0,0
2023-01-04 13:57:00,0,0,0,0,0
2023-01-04 13:58:00,0,0,0,0,0
2023-01-04 13:59:00,0,0,0,0,0
2023-01-04 14:00:00,0,0,0,0,0
2023-01-04 14:01:00,0,0,0,0,0
2023-01-04 14:02:00,800,800,800,800,30000
2023-01-04 14:03:00,0,0,0,0,0
2023-01-04 14:04:00,0,0,0,0,0
2023-01-04 14:05:00,0,0,0,0,0
2023-01-04 14:06:00,0,0,0,0,0
2023-01-04 14:07:00,0,0,0,0,0
2023-01-04 14:08:00,0,0,0,0,0
2023-01-04 14:09:00,0,0,0,0,0
2023-01-04 14:10:00,0,0,0,0,0
2023-01-04 14:11:00,0,0,0,0,0
2023-01-04 14:12:00,0,0,0,0,0
2023-01-04 14:13:00,0,0,0,0,0
2023-01-04 14:14:00,0,0,0,0,0
2023-01-04 14:15:00,0,0,0,0,0
2023-01-04 14:16:00,0,0,0,0,0
2023-01-04 14:17:00,0,0,0,0,0
2023-01-04 14:18:00,0,0,0,0,0
2023-01-04 14:19:00,0,0,0,0,0
2023-01-04 14:20:00,0,0,0,0,0
2023-01-04 14:21:00,0,0,0,0,0
2023-01-04 14:22:00,0,0,0,0,0
2023-01-04 14:23:00,0,0,0,0,0
2023-01-04 14:24:00,0,0,0,0,0
2023-01-04 14:25:00,0,0,0,0,0
2023-01-04 14:26:00,800,800,800,800,64300
2023-01-04 14:27:00,0,0,0,0,0
2023-01-04 14:28:00,0,0,0,0,0
2023-01-04 14:29:00,800,800,800,800,9600
2023-01-04 14:30:00,0,0,0,0,0
2023-01-04 14:31:00,0,0,0,0,0
2023-01-04 14:32:00,0,0,0,0,0
2023-01-04 14:33:00,0,0,0,0,0
2023-01-04 14:34:00,0,0,0,0,0
2023-01-04 14:35:00,0,0,0,0,0
2023-01-04 14:36:00,0,0,0,0,0
2023-01-04 14:37:00,0,0,0,0,0
2023-01-04 14:38:00,0,0,0,0,0
2023-01-04 14:39:00,0,0,0,0,0
2023-01-04 14:40:00,0,0,0,0,0
2023-01-04 14:41:00,0,0,0,0,0
2023-01-04 14:42:00,0,0,0,0,0
2023-01-04 14:43:00,0,0,0,0,0
2023-01-04 14:44:00,795,795,795,795,170500
2023-01-04 14:45:00,0,0,0,0,0
2023-01-04 14:46:00,0,0,0,0,0
2023-01-04 14:47:00,795,795,795,795,21100
2023-01-04 14:48:00,0,0,0,0,0
2023-01-04 14:49:00,0,0,0,0,0
2023-01-04 14:50:00,0,0,0,0,0
2023-01-04 14:51:00,0,0,0,0,0
2023-01-04 14:52:00,0,0,0,0,0
2023-01-04 14:53:00,0,0,0,0,0
2023-01-04 14:54:00,0,0,0,0,0
2023-01-04 14:55:00,0,0,0,0,0
2023-01-04 14:56:00,0,0,0,0,0
2023-01-04 14:57:00,0,0,0,0,0
2023-01-04 14:58:00,0,0,0,0,0
2023-01-04 14:59:00,0,0,0,0,0
2023-01-04 15:00:00,0,0,0,0,0
2023-01-04 15:01:00,795,795,795,795,326400
2023-01-04 15:02:00,0,0,0,0,0
2023-01-04 15:03:00,0,0,0,0,0
2023-01-04 15:04:00,0,0,0,0,0
2023-01-04 15:05:00,0,0,0,0,0
2023-01-04 15:06:00,0,0,0,0,0
2023-01-04 15:07:00,0,0,0,0,0
2023-01-04 15:08:00,0,0,0,0,0
2023-01-04 15:09:00,0,0,0,0,0
2023-01-04 15:10:00,0,0,0,0,0
2023-01-04 15:11:00,0,0,0,0,0
2023-01-04 15:12:00,0,0,0,0,0
2023-01-04 15:13:00,0,0,0,0,0
2023-01-04 15:14:00,0,0,0,0,0
2023-01-04 15:15:00,0,0,0,0,0
2023-01-04 15:16:00,0,0,0,0,0
2023-01-04 15:17:00,0,0,0,0,0
2023-01-04 15:18:00,0,0,0,0,0
2023-01-04 15:19:00,0,0,0,0,0
2023-01-04 15:20:00,0,0,0,0,0
2023-01-04 15:21:00,0,0,0,0,0
2023-01-04 15:22:00,0,0,0,0,0
2023-01-04 15:23:00,0,0,0,0,0
2023-01-04 15:24:00,0,0,0,0,0
2023-01-04 15:25:00,0,0,0,0,0
2023-01-04 15:26:00,0,0,0,0,0
2023-01-04 15:27:00,0,0,0,0,0
2023-01-04 15:28:00,0,0,0,0,0
2023-01-04 15:29:00,0,0,0,0,0
2023-01-04 15:30:00,0,0,0,0,0
2023-01-04 15:31:00,0,0,0,0,0
2023-01-04 15:32:00,0,0,0,0,0
2023-01-04 15:33:00,0,0,0,0,0
2023-01-04 15:34:00,0,0,0,0,0
2023-01-04 15:35:00,0,0,0,0,0
2023-01-04 15:36:00,0,0,0,0,0
2023-01-04 15:37:00,0,0,0,0,0
2023-01-04 15:38:00,0,0,0,0,0
2023-01-04 15:39:00,0,0,0,0,0
2023-01-04 15:40:00,0,0,0,0,0
2023-01-04 15:41:00,0,0,0,0,0
2023-01-04 15:42:00,0,0,0,0,0
2023-01-04 15:43:00,0,0,0,0,0
2023-01-04 15:44:00,0,0,0,0,0
2023-01-04 15:45:00,0,0,0,0,0
2023-01-04 15:46:00,0,0,0,0,0
2023-01-04 15:47:00,0,0,0,0,0
2023-01-04 15:48:00,0,0,0,0,0
2023-01-04 15:49:00,0,0,0,0,0
2023-01-04 15:50:00,0,0,0,0,0
2023-01-04 15:51:00,0,0,0,0,0
2023-01-04 15:52:00,0,0,0,0,0
2023-01-04 15:53:00,0,0,0,0,0
2023-01-04 15:54:00,0,0,0,0,0
2023-01-04 15:55:00,0,0,0,0,0
2023-01-04 15:56:00,0,0,0,0,0
2023-01-04 15:57:00,0,0,0,0,0
2023-01-04 15:58:00,0,0,0,0,0
2023-01-04 15:59:00,0,0,0,0,0
2023-01-05 09:00:00,795,795,795,795,0
2023-01-05 09:01:00,0,0,0,0,0
2023-01-05 09:02:00,795,795,795,795,42200
2023-01-05 09:03:00,790,790,790,790,83200
2023-01-05 09:04:00,785,785,785,785,20000
2023-01-05 09:05:00,790,790,790,790,0
2023-01-05 09:06:00,0,0,0,0,0
2023-01-05 09:07:00,0,0,0,0,0
2023-01-05 09:08:00,790,790,790,790,1900
2023-01-05 09:09:00,0,0,0,0,0
2023-01-05 09:10:00,790,790,790,790,0
2023-01-05 09:11:00,0,0,0,0,0
2023-01-05 09:12:00,790,790,790,790,1500
2023-01-05 09:13:00,0,0,0,0,0
2023-01-05 09:14:00,0,0,0,0,0
2023-01-05 09:15:00,785,785,785,785,8000
2023-01-05 09:16:00,785,785,785,785,1000
2023-01-05 09:17:00,785,785,785,785,5300
2023-01-05 09:18:00,0,0,0,0,0
2023-01-05 09:19:00,0,0,0,0,0
2023-01-05 09:20:00,785,785,785,785,0
2023-01-05 09:21:00,0,0,0,0,0
2023-01-05 09:22:00,790,790,790,790,5100
2023-01-05 09:23:00,790,790,790,790,0
2023-01-05 09:24:00,0,0,0,0,0
2023-01-05 09:25:00,0,0,0,0,0
2023-01-05 09:26:00,0,0,0,0,0
2023-01-05 09:27:00,0,0,0,0,0
2023-01-05 09:28:00,0,0,0,0,0
2023-01-05 09:29:00,0,0,0,0,0
2023-01-05 09:30:00,0,0,0,0,0
2023-01-05 09:31:00,0,0,0,0,0
2023-01-05 09:32:00,0,0,0,0,0
2023-01-05 09:33:00,790,790,790,790,1200
2023-01-05 09:34:00,0,0,0,0,0
2023-01-05 09:35:00,0,0,0,0,0
2023-01-05 09:36:00,0,0,0,0,0
2023-01-05 09:37:00,0,0,0,0,0
2023-01-05 09:38:00,790,790,790,790,0
2023-01-05 09:39:00,785,785,790,790,900
2023-01-05 09:40:00,0,0,0,0,0
2023-01-05 09:41:00,790,790,790,790,21000
2023-01-05 09:42:00,0,0,0,0,0
2023-01-05 09:43:00,0,0,0,0,0
2023-01-05 09:44:00,0,0,0,0,0
2023-01-05 09:45:00,0,0,0,0,0
2023-01-05 09:46:00,0,0,0,0,0
2023-01-05 09:47:00,0,0,0,0,0
2023-01-05 09:48:00,0,0,0,0,0
2023-01-05 09:49:00,0,0,0,0,0
2023-01-05 09:50:00,0,0,0,0,0
2023-01-05 09:51:00,0,0,0,0,0
2023-01-05 09:52:00,0,0,0,0,0
2023-01-05 09:53:00,0,0,0,0,0
2023-01-05 09:54:00,0,0,0,0,0
2023-01-05 09:55:00,0,0,0,0,0
2023-01-05 09:56:00,0,0,0,0,0
2023-01-05 09:57:00,0,0,0,0,0
2023-01-05 09:58:00,0,0,0,0,0
2023-01-05 09:59:00,795,795,795,795,200
2023-01-05 10:00:00,0,0,0,0,0
2023-01-05 10:01:00,0,0,0,0,0
2023-01-05 10:02:00,0,0,0,0,0
2023-01-05 10:03:00,0,0,0,0,0
2023-01-05 10:04:00,795,795,795,795,1300
2023-01-05 10:05:00,0,0,0,0,0
2023-01-05 10:06:00,795,795,795,795,0
2023-01-05 10:07:00,0,0,0,0,0
2023-01-05 10:08:00,0,0,0,0,0
2023-01-05 10:09:00,0,0,0,0,0
2023-01-05 10:10:00,0,0,0,0,0
2023-01-05 10:11:00,0,0,0,0,0
2023-01-05 10:12:00,0,0,0,0,0
2023-01-05 10:13:00,0,0,0,0,0
2023-01-05 10:14:00,0,0,0,0,0
2023-01-05 10:15:00,795,795,795,795,200
2023-01-05 10:16:00,0,0,0,0,0
2023-01-05 10:17:00,795,795,795,795,6300
2023-01-05 10:18:00,0,0,0,0,0
2023-01-05 10:19:00,0,0,0,0,0
2023-01-05 10:20:00,0,0,0,0,0
2023-01-05 10:21:00,0,0,0,0,0
2023-01-05 10:22:00,0,0,0,0,0
2023-01-05 10:23:00,0,0,0,0,0
2023-01-05 10:24:00,0,0,0,0,0
2023-01-05 10:25:00,0,0,0,0,0
2023-01-05 10:26:00,0,0,0,0,0
2023-01-05 10:27:00,0,0,0,0,0
2023-01-05 10:28:00,0,0,0,0,0
2023-01-05 10:29:00,0,0,0,0,0
2023-01-05 10:30:00,0,0,0,0,0
2023-01-05 10:31:00,0,0,0,0,0
2023-01-05 10:32:00,0,0,0,0,0
2023-01-05 10:33:00,0,0,0,0,0
2023-01-05 10:34:00,0,0,0,0,0
2023-01-05 10:35:00,0,0,0,0,0
2023-01-05 10:36:00,0,0,0,0,0
2023-01-05 10:37:00,0,0,0,0,0
2023-01-05 10:38:00,0,0,0,0,0
2023-01-05 10:39:00,0,0,0,0,0
2023-01-05 10:40:00,0,0,0,0,0
2023-01-05 10:41:00,0,0,0,0,0
2023-01-05 10:42:00,0,0,0,0,0
2023-01-05 10:43:00,0,0,0,0,0
2023-01-05 10:44:00,0,0,0,0,0
2023-01-05 10:45:00,0,0,0,0,0
2023-01-05 10:46:00,0,0,0,0,0
2023-01-05 10:47:00,0,0,0,0,0
2023-01-05 10:48:00,0,0,0,0,0
2023-01-05 10:49:00,0,0,0,0,0
2023-01-05 10:50:00,0,0,0,0,0
2023-01-05 10:51:00,0,0,0,0,0
2023-01-05 10:52:00,0,0,0,0,0
2023-01-05 10:53:00,800,800,800,800,0
2023-01-05 10:54:00,0,0,0,0,0
2023-01-05 10:55:00,0,0,0,0,0
2023-01-05 10:56:00,0,0,0,0,0
2023-01-05 10:57:00,0,0,0,0,0
2023-01-05 10:58:00,0,0,0,0,0
2023-01-05 10:59:00,0,0,0,0,0
2023-01-05 11:00:00,0,0,0,0,0
2023-01-05 11:01:00,0,0,0,0,0
2023-01-05 11:02:00,0,0,0,0,0
2023-01-05 11:03:00,0,0,0,0,0
2023-01-05 11:04:00,0,0,0,0,0
2023-01-05 11:05:00,0,0,0,0,0
2023-01-05 11:06:00,0,0,0,0,0
2023-01-05 11:07:00,0,0,0,0,0
2023-01-05 11:08:00,0,0,0,0,0
2023-01-05 11:09:00,0,0,0,0,0
2023-01-05 11:10:00,0,0,0,0,0
2023-01-05 11:11:00,0,0,0,0,0
2023-01-05 11:12:00,0,0,0,0,0
2023-01-05 11:13:00,0,0,0,0,0
2023-01-05 11:14:00,0,0,0,0,0
2023-01-05 11:15:00,0,0,0,0,0
2023-01-05 11:16:00,0,0,0,0,0
2023-01-05 11:17:00,0,0,0,0,0
2023-01-05 11:18:00,0,0,0,0,0
2023-01-05 11:19:00,800,800,800,800,49700
2023-01-05 11:20:00,0,0,0,0,0
2023-01-05 11:21:00,0,0,0,0,0
2023-01-05 11:22:00,800,800,800,800,700
2023-01-05 11:23:00,0,0,0,0,0
2023-01-05 11:24:00,800,800,800,800,74600
2023-01-05 11:25:00,0,0,0,0,0
2023-01-05 11:26:00,0,0,0,0,0
2023-01-05 11:27:00,0,0,0,0,0
2023-01-05 11:28:00,0,0,0,0,0
2023-01-05 11:29:00,0,0,0,0,0
2023-01-05 11:30:00,0,0,0,0,0
2023-01-05 11:31:00,0,0,0,0,0
2023-01-05 11:32:00,0,0,0,0,0
2023-01-05 11:33:00,0,0,0,0,0
2023-01-05 11:34:00,0,0,0,0,0
2023-01-05 11:35:00,0,0,0,0,0
2023-01-05 11:36:00,0,0,0,0,0
2023-01-05 11:37:00,0,0,0,0,0
2023-01-05 11:38:00,0,0,0,0,0
2023-01-05 11:39:00,0,0,0,0,0
2023-01-05 11:40:00,0,0,0,0,0
2023-01-05 11:41:00,0,0,0,0,0
2023-01-05 11:42:00,0,0,0,0,0
2023-01-05 11:43:00,0,0,0,0,0
2023-01-05 11:44:00,0,0,0,0,0
2023-01-05 11:45:00,0,0,0,0,0
2023-01-05 11:46:00,0,0,0,0,0
2023-01-05 11:47:00,0,0,0,0,0
2023-01-05 11:48:00,0,0,0,0,0
2023-01-05 11:49:00,0,0,0,0,0
2023-01-05 11:50:00,0,0,0,0,0
2023-01-05 11:51:00,0,0,0,0,0
2023-01-05 11:52:00,0,0,0,0,0
2023-01-05 11:53:00,0,0,0,0,0
2023-01-05 11:54:00,0,0,0,0,0
2023-01-05 11:55:00,0,0,0,0,0
2023-01-05 11:56:00,0,0,0,0,0
2023-01-05 11:57:00,0,0,0,0,0
2023-01-05 11:58:00,0,0,0,0,0
2023-01-05 11:59:00,0,0,0,0,0
2023-01-05 12:00:00,0,0,0,0,0
2023-01-05 12:01:00,0,0,0,0,0
2023-01-05 12:02:00,0,0,0,0,0
2023-01-05 12:03:00,0,0,0,0,0
2023-01-05 12:04:00,0,0,0,0,0
2023-01-05 12:05:00,0,0,0,0,0
2023-01-05 12:06:00,0,0,0,0,0
2023-01-05 12:07:00,0,0,0,0,0
2023-01-05 12:08:00,0,0,0,0,0
2023-01-05 12:09:00,0,0,0,0,0
2023-01-05 12:10:00,0,0,0,0,0
2023-01-05 12:11:00,0,0,0,0,0
2023-01-05 12:12:00,0,0,0,0,0
2023-01-05 12:13:00,0,0,0,0,0
2023-01-05 12:14:00,0,0,0,0,0
2023-01-05 12:15:00,0,0,0,0,0
2023-01-05 12:16:00,0,0,0,0,0
2023-01-05 12:17:00,0,0,0,0,0
2023-01-05 12:18:00,0,0,0,0,0
2023-01-05 12:19:00,0,0,0,0,0
2023-01-05 12:20:00,0,0,0,0,0
2023-01-05 12:21:00,0,0,0,0,0
2023-01-05 12:22:00,0,0,0,0,0
2023-01-05 12:23:00,0,0,0,0,0
2023-01-05 12:24:00,0,0,0,0,0
2023-01-05 12:25:00,0,0,0,0,0
2023-01-05 12:26:00,0,0,0,0,0
2023-01-05 12:27:00,0,0,0,0,0
2023-01-05 12:28:00,0,0,0,0,0
2023-01-05 12:29:00,0,0,0,0,0
2023-01-05 12:30:00,0,0,0,0,0
2023-01-05 12:31:00,0,0,0,0,0
2023-01-05 12:32:00,0,0,0,0,0
2023-01-05 12:33:00,0,0,0,0,0
2023-01-05 12:34:00,0,0,0,0,0
2023-01-05 12:35:00,0,0,0,0,0
2023-01-05 12:36:00,0,0,0,0,0
2023-01-05 12:37:00,0,0,0,0,0
2023-01-05 12:38:00,0,0,0,0,0
2023-01-05 12:39:00,0,0,0,0,0
2023-01-05 12:40:00,0,0,0,0,0
2023-01-05 12:41:00,0,0,0,0,0
2023-01-05 12:42:00,0,0,0,0,0
2023-01-05 12:43:00,0,0,0,0,0
2023-01-05 12:44:00,0,0,0,0,0
2023-01-05 12:45:00,0,0,0,0,0
2023-01-05 12:46:00,0,0,0,0,0
2023-01-05 12:47:00,0,0,0,0,0
2023-01-05 12:48:00,0,0,0,0,0
2023-01-05 12:49:00,0,0,0,0,0
2023-01-05 12:50:00,0,0,0,0,0
2023-01-05 12:51:00,0,0,0,0,0
2023-01-05 12:52:00,0,0,0,0,0
2023-01-05 12:53:00,0,0,0,0,0
2023-01-05 12:54:00,0,0,0,0,0
2023-01-05 12:55:00,0,0,0,0,0
2023-01-05 12:56:00,0,0,0,0,0
2023-01-05 12:57:00,0,0,0,0,0
2023-01-05 12:58:00,0,0,0,0,0
2023-01-05 12:59:00,0,0,0,0,0
2023-01-05 13:00:00,0,0,0,0,0
2023-01-05 13:01:00,0,0,0,0,0
2023-01-05 13:02:00,0,0,0,0,0
2023-01-05 13:03:00,0,0,0,0,0
2023-01-05 13:04:00,0,0,0,0,0
2023-01-05 13:05:00,0,0,0,0,0
2023-01-05 13:06:00,0,0,0,0,0
2023-01-05 13:07:00,0,0,0,0,0
2023-01-05 13:08:00,0,0,0,0,0
2023-01-05 13:09:00,0,0,0,0,0
2023-01-05 13:10:00,0,0,0,0,0
2023-01-05 13:11:00,0,0,0,0,0
2023-01-05 13:12:00,0,0,0,0,0
2023-01-05 13:13:00,0,0,0,0,0
2023-01-05 13:14:00,0,0,0,0,0
2023-01-05 13:15:00,0,0,0,0,0
2023-01-05 13:16:00,0,0,0,0,0
2023-01-05 13:17:00,0,0,0,0,0
2023-01-05 13:18:00,0,0,0,0,0
2023-01-05 13:19:00,0,0,0,0,0
2023-01-05 13:20:00,0,0,0,0,0
2023-01-05 13:21:00,0,0,0,0,0
2023-01-05 13:22:00,0,0,0,0,0
2023-01-05 13:23:00,0,0,0,0,0
2023-01-05 13:24:00,0,0,0,0,0
2023-01-05 13:25:00,0,0,0,0,0
2023-01-05 13:26:00,0,0,0,0,0
2023-01-05 13:27:00,0,0,0,0,0
2023-01-05 13:28:00,0,0,0,0,0
2023-01-05 13:29:00,0,0,0,0,0
2023-01-05 13:30:00,0,0,0,0,0
2023-01-05 13:31:00,0,0,0,0,0
2023-01-05 13:32:00,0,0,0,0,0
2023-01-05 13:33:00,0,0,0,0,0
2023-01-05 13:34:00,0,0,0,0,0
2023-01-05 13:35:00,0,0,0,0,0
2023-01-05 13:36:00,0,0,0,0,0
2023-01-05 13:37:00,0,0,0,0,0
2023-01-05 13:38:00,0,0,0,0,0
2023-01-05 13:39:00,0,0,0,0,0
2023-01-05 13:40:00,0,0,0,0,0
2023-01-05 13:41:00,0,0,0,0,0
2023-01-05 13:42:00,0,0,0,0,0
2023-01-05 13:43:00,0,0,0,0,0
2023-01-05 13:44:00,0,0,0,0,0
2023-01-05 13:45:00,0,0,0,0,0
2023-01-05 13:46:00,0,0,0,0,0
2023-01-05 13:47:00,0,0,0,0,0
2023-01-05 13:48:00,0,0,0,0,0
2023-01-05 13:49:00,0,0,0,0,0
2023-01-05 13:50:00,800,800,800,800,200
2023-01-05 13:51:00,0,0,0,0,0
2023-01-05 13:52:00,800,800,800,800,43300
2023-01-05 13:53:00,0,0,0,0,0
2023-01-05 13:54:00,0,0,0,0,0
2023-01-05 13:55:00,0,0,0,0,0
2023-01-05 13:56:00,0,0,0,0,0
2023-01-05 13:57:00,0,0,0,0,0
2023-01-05 13:58:00,0,0,0,0,0
2023-01-05 13:59:00,0,0,0,0,0
2023-01-05 14:00:00,0,0,0,0,0
2023-01-05 14:01:00,0,0,0,0,0
2023-01-05 14:02:00,0,0,0,0,0
2023-01-05 14:03:00,0,0,0,0,0
2023-01-05 14:04:00,800,800,800,800,1500
2023-01-05 14:05:00,800,800,800,800,0
2023-01-05 14:06:00,0,0,0,0,0
2023-01-05 14:07:00,800,800,800,800,0
2023-01-05 14:08:00,0,0,0,0,0
2023-01-05 14:09:00,0,0,0,0,0
2023-01-05 14:10:00,0,0,0,0,0
2023-01-05 14:11:00,0,0,0,0,0
2023-01-05 14:12:00,0,0,0,0,0
2023-01-05 14:13:00,0,0,0,0,0
2023-01-05 14:14:00,800,800,800,800,5500
2023-01-05 14:15:00,0,0,0,0,0
2023-01-05 14:16:00,0,0,0,0,0
2023-01-05 14:17:00,0,0,0,0,0
2023-01-05 14:18:00,0,0,0,0,0
2023-01-05 14:19:00,0,0,0,0,0
2023-01-05 14:20:00,0,0,0,0,0
2023-01-05 14:21:00,795,790,795,790,34900
2023-01-05 14:22:00,0,0,0,0,0
2023-01-05 14:23:00,0,0,0,0,0
2023-01-05 14:24:00,0,0,0,0,0
2023-01-05 14:25:00,790,790,790,790,45600
2023-01-05 14:26:00,790,790,790,790,8800
2023-01-05 14:27:00,0,0,0,0,0
2023-01-05 14:28:00,790,790,790,790,0
2023-01-05 14:29:00,0,0,0,0,0
2023-01-05 14:30:00,800,800,800,800,100
2023-01-05 14:31:00,0,0,0,0,0
2023-01-05 14:32:00,0,0,0,0,0
2023-01-05 14:33:00,0,0,0,0,0
2023-01-05 14:34:00,800,800,800,800,5900
2023-01-05 14:35:00,0,0,0,0,0
2023-01-05 14:36:00,0,0,0,0,0
2023-01-05 14:37:00,800,800,800,800,0
2023-01-05 14:38:00,0,0,0,0,0
2023-01-05 14:39:00,0,0,0,0,0
2023-01-05 14:40:00,795,795,795,795,0
2023-01-05 14:41:00,0,0,0,0,0
2023-01-05 14:42:00,0,0,0,0,0
2023-01-05 14:43:00,0,0,0,0,0
2023-01-05 14:44:00,0,0,0,0,0
2023-01-05 14:45:00,0,0,0,0,0
2023-01-05 14:46:00,0,0,0,0,0
2023-01-05 14:47:00,0,0,0,0,0
2023-01-05 14:48:00,0,0,0,0,0
2023-01-05 14:49:00,800,800,800,800,400
2023-01-05 14:50:00,0,0,0,0,0
2023-01-05 14:51:00,0,0,0,0,0
2023-01-05 14:52:00,0,0,0,0,0
2023-01-05 14:53:00,0,0,0,0,0
2023-01-05 14:54:00,0,0,0,0,0
2023-01-05 14:55:00,0,0,0,0,0
2023-01-05 14:56:00,0,0,0,0,0
2023-01-05 14:57:00,0,0,0,0,0
2023-01-05 14:58:00,0,0,0,0,0
2023-01-05 14:59:00,0,0,0,0,0
2023-01-05 15:00:00,800,800,800,800,6200
2023-01-05 15:01:00,0,0,0,0,0
2023-01-05 15:02:00,0,0,0,0,0
2023-01-05 15:03:00,0,0,0,0,0
2023-01-05 15:04:00,0,0,0,0,0
2023-01-05 15:05:00,0,0,0,0,0
2023-01-05 15:06:00,800,800,800,800,100
2023-01-05 15:07:00,0,0,0,0,0
2023-01-05 15:08:00,800,800,800,800,483800
2023-01-05 15:09:00,0,0,0,0,0
2023-01-05 15:10:00,0,0,0,0,0
2023-01-05 15:11:00,0,0,0,0,0
2023-01-05 15:12:00,0,0,0,0,0
2023-01-05 15:13:00,0,0,0,0,0
2023-01-05 15:14:00,0,0,0,0,0
2023-01-05 15:15:00,0,0,0,0,0
2023-01-05 15:16:00,0,0,0,0,0
2023-01-05 15:17:00,0,0,0,0,0
2023-01-05 15:18:00,0,0,0,0,0
2023-01-05 15:19:00,0,0,0,0,0
2023-01-05 15:20:00,0,0,0,0,0
2023-01-05 15:21:00,0,0,0,0,0
2023-01-05 15:22:00,0,0,0,0,0
2023-01-05 15:23:00,0,0,0,0,0
2023-01-05 15:24:00,0,0,0,0,0
2023-01-05 15:25:00,0,0,0,0,0
2023-01-05 15:26:00,0,0,0,0,0
2023-01-05 15:27:00,0,0,0,0,0
2023-01-05 15:28:00,0,0,0,0,0
2023-01-05 15:29:00,0,0,0,0,0
2023-01-05 15:30:00,0,0,0,0,0
2023-01-05 15:31:00,0,0,0,0,0
2023-01-05 15:32:00,0,0,0,0,0
2023-01-05 15:33:00,0,0,0,0,0
2023-01-05 15:34:00,0,0,0,0,0
2023-01-05 15:35:00,0,0,0,0,0
2023-01-05 15:36:00,0,0,0,0,0
2023-01-05 15:37:00,0,0,0,0,0
2023-01-05 15:38:00,0,0,0,0,0
2023-01-05 15:39:00,0,0,0,0,0
2023-01-05 15:40:00,0,0,0,0,0
2023-01-05 15:41:00,0,0,0,0,0
2023-01-05 15:42:00,0,0,0,0,0
2023-01-05 15:43:00,0,0,0,0,0
2023-01-05 15:44:00,0,0,0,0,0
2023-01-05 15:45:00,0,0,0,0,0
2023-01-05 15:46:00,0,0,0,0,0
2023-01-05 15:47:00,0,0,0,0,0
2023-01-05 15:48:00,0,0,0,0,0
2023-01-05 15:49:00,0,0,0,0,0
2023-01-05 15:50:00,0,0,0,0,0
2023-01-05 15:51:00,0,0,0,0,0
2023-01-05 15:52:00,0,0,0,0,0
2023-01-05 15:53:00,0,0,0,0,0
2023-01-05 15:54:00,0,0,0,0,0
2023-01-05 15:55:00,0,0,0,0,0
2023-01-05 15:56:00,0,0,0,0,0
2023-01-05 15:57:00,0,0,0,0,0
2023-01-05 15:58:00,0,0,0,0,0
2023-01-05 15:59:00,0,0,0,0,0
2023-01-06 09:00:00,0,0,0,0,0
2023-01-06 09:01:00,0,0,0,0,0
2023-01-06 09:02:00,0,0,0,0,0
2023-01-06 09:03:00,0,0,0,0,0
2023-01-06 09:04:00,800,800,800,800,0
2023-01-06 09:05:00,0,0,0,0,0
2023-01-06 09:06:00,0,0,0,0,0
2023-01-06 09:07:00,0,0,0,0,0
2023-01-06 09:08:00,0,0,0,0,0
2023-01-06 09:09:00,0,0,0,0,0
2023-01-06 09:10:00,0,0,0,0,0
2023-01-06 09:11:00,0,0,0,0,0
2023-01-06 09:12:00,0,0,0,0,0
2023-01-06 09:13:00,0,0,0,0,0
2023-01-06 09:14:00,800,800,800,800,600
2023-01-06 09:15:00,795,795,795,795,1800
2023-01-06 09:16:00,0,0,0,0,0
2023-01-06 09:17:00,0,0,0,0,0
2023-01-06 09:18:00,0,0,0,0,0
2023-01-06 09:19:00,0,0,0,0,0
2023-01-06 09:20:00,0,0,0,0,0
2023-01-06 09:21:00,0,0,0,0,0
2023-01-06 09:22:00,0,0,0,0,0
2023-01-06 09:23:00,795,795,795,795,3700
2023-01-06 09:24:00,0,0,0,0,0
2023-01-06 09:25:00,0,0,0,0,0
2023-01-06 09:26:00,0,0,0,0,0
2023-01-06 09:27:00,0,0,0,0,0
2023-01-06 09:28:00,790,785,790,785,93500
2023-01-06 09:29:00,795,795,795,795,0
2023-01-06 09:30:00,0,0,0,0,0
2023-01-06 09:31:00,0,0,0,0,0
2023-01-06 09:32:00,0,0,0,0,0
2023-01-06 09:33:00,0,0,0,0,0
2023-01-06 09:34:00,0,0,0,0,0
2023-01-06 09:35:00,0,0,0,0,0
2023-01-06 09:36:00,0,0,0,0,0
2023-01-06 09:37:00,0,0,0,0,0
2023-01-06 09:38:00,0,0,0,0,0
2023-01-06 09:39:00,0,0,0,0,0
2023-01-06 09:40:00,795,795,795,795,1600
2023-01-06 09:41:00,795,795,795,795,0
2023-01-06 09:42:00,0,0,0,0,0
2023-01-06 09:43:00,0,0,0,0,0
2023-01-06 09:44:00,0,0,0,0,0
2023-01-06 09:45:00,0,0,0,0,0
2023-01-06 09:46:00,0,0,0,0,0
2023-01-06 09:47:00,0,0,0,0,0
2023-01-06 09:48:00,0,0,0,0,0
2023-01-06 09:49:00,0,0,0,0,0
2023-01-06 09:50:00,0,0,0,0,0
2023-01-06 09:51:00,0,0,0,0,0
2023-01-06 09:52:00,0,0,0,0,0
2023-01-06 09:53:00,0,0,0,0,0
2023-01-06 09:54:00,0,0,0,0,0
2023-01-06 09:55:00,0,0,0,0,0
2023-01-06 09:56:00,0,0,0,0,0
2023-01-06 09:57:00,795,795,795,795,11200
2023-01-06 09:58:00,0,0,0,0,0
2023-01-06 09:59:00,0,0,0,0,0
2023-01-06 10:00:00,0,0,0,0,0
2023-01-06 10:01:00,0,0,0,0,0
2023-01-06 10:02:00,0,0,0,0,0
2023-01-06 10:03:00,0,0,0,0,0
2023-01-06 10:04:00,0,0,0,0,0
2023-01-06 10:05:00,795,795,795,795,800
2023-01-06 10:06:00,0,0,0,0,0
2023-01-06 10:07:00,0,0,0,0,0
2023-01-06 10:08:00,0,0,0,0,0
2023-01-06 10:09:00,0,0,0,0,0
2023-01-06 10:10:00,0,0,0,0,0
2023-01-06 10:11:00,0,0,0,0,0
2023-01-06 10:12:00,0,0,0,0,0
2023-01-06 10:13:00,0,0,0,0,0
2023-01-06 10:14:00,0,0,0,0,0
2023-01-06 10:15:00,0,0,0,0,0
2023-01-06 10:16:00,0,0,0,0,0
2023-01-06 10:17:00,0,0,0,0,0
2023-01-06 10:18:00,795,795,795,795,3000
2023-01-06 10:19:00,0,0,0,0,0
2023-01-06 10:20:00,0,0,0,0,0
2023-01-06 10:21:00,0,0,0,0,0
2023-01-06 10:22:00,0,0,0,0,0
2023-01-06 10:23:00,0,0,0,0,0
2023-01-06 10:24:00,0,0,0,0,0
2023-01-06 10:25:00,0,0,0,0,0
2023-01-06 10:26:00,0,0,0,0,0
2023-01-06 10:27:00,0,0,0,0,0
2023-01-06 10:28:00,0,0,0,0,0
2023-01-06 10:29:00,0,0,0,0,0
2023-01-06 10:30:00,795,795,795,795,100
2023-01-06 10:31:00,0,0,0,0,0
2023-01-06 10:32:00,0,0,0,0,0
2023-01-06 10:33:00,0,0,0,0,0
2023-01-06 10:34:00,0,0,0,0,0
2023-01-06 10:35:00,0,0,0,0,0
2023-01-06 10:36:00,0,0,0,0,0
2023-01-06 10:37:00,0,0,0,0,0
2023-01-06 10:38:00,0,0,0,0,0
2023-01-06 10:39:00,0,0,0,0,0
2023-01-06 10:40:00,0,0,0,0,0
2023-01-06 10:41:00,0,0,0,0,0
2023-01-06 10:42:00,790,790,790,790,200
2023-01-06 10:43:00,790,790,790,790,0
2023-01-06 10:44:00,0,0,0,0,0
2023-01-06 10:45:00,0,0,0,0,0
2023-01-06 10:46:00,0,0,0,0,0
2023-01-06 10:47:00,0,0,0,0,0
2023-01-06 10:48:00,0,0,0,0,0
2023-01-06 10:49:00,0,0,0,0,0
2023-01-06 10:50:00,0,0,0,0,0
2023-01-06 10:51:00,0,0,0,0,0
2023-01-06 10:52:00,0,0,0,0,0
2023-01-06 10:53:00,0,0,0,0,0
2023-01-06 10:54:00,0,0,0,0,0
2023-01-06 10:55:00,0,0,0,0,0
2023-01-06 10:56:00,0,0,0,0,0
2023-01-06 10:57:00,795,795,795,795,1000
2023-01-06 10:58:00,0,0,0,0,0
2023-01-06 10:59:00,0,0,0,0,0
2023-01-06 11:00:00,0,0,0,0,0
2023-01-06 11:01:00,0,0,0,0,0
2023-01-06 11:02:00,0,0,0,0,0
2023-01-06 11:03:00,0,0,0,0,0
2023-01-06 11:04:00,0,0,0,0,0
2023-01-06 11:05:00,0,0,0,0,0
2023-01-06 11:06:00,0,0,0,0,0
2023-01-06 11:07:00,0,0,0,0,0
2023-01-06 11:08:00,0,0,0,0,0
2023-01-06 11:09:00,0,0,0,0,0
2023-01-06 11:10:00,0,0,0,0,0
2023-01-06 11:11:00,0,0,0,0,0
2023-01-06 11:12:00,0,0,0,0,0
2023-01-06 11:13:00,790,790,790,790,800
2023-01-06 11:14:00,0,0,0,0,0
2023-01-06 11:15:00,0,0,0,0,0
2023-01-06 11:16:00,0,0,0,0,0
2023-01-06 11:17:00,0,0,0,0,0
2023-01-06 11:18:00,0,0,0,0,0
2023-01-06 11:19:00,0,0,0,0,0
2023-01-06 11:20:00,0,0,0,0,0
2023-01-06 11:21:00,0,0,0,0,0
2023-01-06 11:22:00,0,0,0,0,0
2023-01-06 11:23:00,0,0,0,0,0
2023-01-06 11:24:00,0,0,0,0,0
2023-01-06 11:25:00,0,0,0,0,0
2023-01-06 11:26:00,0,0,0,0,0
2023-01-06 11:27:00,0,0,0,0,0
2023-01-06 11:28:00,0,0,0,0,0
2023-01-06 11:29:00,795,795,795,795,500
2023-01-06 11:30:00,0,0,0,0,0
2023-01-06 11:31:00,0,0,0,0,0
2023-01-06 11:32:00,0,0,0,0,0
2023-01-06 11:33:00,0,0,0,0,0
2023-01-06 11:34:00,0,0,0,0,0
2023-01-06 11:35:00,0,0,0,0,0
2023-01-06 11:36:00,0,0,0,0,0
2023-01-06 11:37:00,0,0,0,0,0
2023-01-06 11:38:00,0,0,0,0,0
2023-01-06 11:39:00,0,0,0,0,0
2023-01-06 11:40:00,0,0,0,0,0
2023-01-06 11:41:00,0,0,0,0,0
2023-01-06 11:42:00,0,0,0,0,0
2023-01-06 11:43:00,0,0,0,0,0
2023-01-06 11:44:00,0,0,0,0,0
2023-01-06 11:45:00,0,0,0,0,0
2023-01-06 11:46:00,0,0,0,0,0
2023-01-06 11:47:00,0,0,0,0,0
2023-01-06 11:48:00,0,0,0,0,0
2023-01-06 11:49:00,0,0,0,0,0
2023-01-06 11:50:00,0,0,0,0,0
2023-01-06 11:51:00,0,0,0,0,0
2023-01-06 11:52:00,0,0,0,0,0
2023-01-06 11:53:00,0,0,0,0,0
2023-01-06 11:54:00,0,0,0,0,0
2023-01-06 11:55:00,0,0,0,0,0
2023-01-06 11:56:00,0,0,0,0,0
2023-01-06 11:57:00,0,0,0,0,0
2023-01-06 11:58:00,0,0,0,0,0
2023-01-06 11:59:00,0,0,0,0,0
2023-01-06 12:00:00,0,0,0,0,0
2023-01-06 12:01:00,0,0,0,0,0
2023-01-06 12:02:00,0,0,0,0,0
2023-01-06 12:03:00,0,0,0,0,0
2023-01-06 12:04:00,0,0,0,0,0
2023-01-06 12:05:00,0,0,0,0,0
2023-01-06 12:06:00,0,0,0,0,0
2023-01-06 12:07:00,0,0,0,0,0
2023-01-06 12:08:00,0,0,0,0,0
2023-01-06 12:09:00,0,0,0,0,0
2023-01-06 12:10:00,0,0,0,0,0
2023-01-06 12:11:00,0,0,0,0,0
2023-01-06 12:12:00,0,0,0,0,0
2023-01-06 12:13:00,0,0,0,0,0
2023-01-06 12:14:00,0,0,0,0,0
2023-01-06 12:15:00,0,0,0,0,0
2023-01-06 12:16:00,0,0,0,0,0
2023-01-06 12:17:00,0,0,0,0,0
2023-01-06 12:18:00,0,0,0,0,0
2023-01-06 12:19:00,0,0,0,0,0
2023-01-06 12:20:00,0,0,0,0,0
2023-01-06 12:21:00,0,0,0,0,0
2023-01-06 12:22:00,0,0,0,0,0
2023-01-06 12:23:00,0,0,0,0,0
2023-01-06 12:24:00,0,0,0,0,0
2023-01-06 12:25:00,0,0,0,0,0
2023-01-06 12:26:00,0,0,0,0,0
2023-01-06 12:27:00,0,0,0,0,0
2023-01-06 12:28:00,0,0,0,0,0
2023-01-06 12:29:00,0,0,0,0,0
2023-01-06 12:30:00,0,0,0,0,0
2023-01-06 12:31:00,0,0,0,0,0
2023-01-06 12:32:00,0,0,0,0,0
2023-01-06 12:33:00,0,0,0,0,0
2023-01-06 12:34:00,0,0,0,0,0
2023-01-06 12:35:00,0,0,0,0,0
2023-01-06 12:36:00,0,0,0,0,0
2023-01-06 12:37:00,0,0,0,0,0
2023-01-06 12:38:00,0,0,0,0,0
2023-01-06 12:39:00,0,0,0,0,0
2023-01-06 12:40:00,0,0,0,0,0
2023-01-06 12:41:00,0,0,0,0,0
2023-01-06 12:42:00,0,0,0,0,0
2023-01-06 12:43:00,0,0,0,0,0
2023-01-06 12:44:00,0,0,0,0,0
2023-01-06 12:45:00,0,0,0,0,0
2023-01-06 12:46:00,0,0,0,0,0
2023-01-06 12:47:00,0,0,0,0,0
2023-01-06 12:48:00,0,0,0,0,0
2023-01-06 12:49:00,0,0,0,0,0
2023-01-06 12:50:00,0,0,0,0,0
2023-01-06 12:51:00,0,0,0,0,0
2023-01-06 12:52:00,0,0,0,0,0
2023-01-06 12:53:00,0,0,0,0,0
2023-01-06 12:54:00,0,0,0,0,0
2023-01-06 12:55:00,0,0,0,0,0
2023-01-06 12:56:00,0,0,0,0,0
2023-01-06 12:57:00,0,0,0,0,0
2023-01-06 12:58:00,0,0,0,0,0
2023-01-06 12:59:00,0,0,0,0,0
2023-01-06 13:00:00,0,0,0,0,0
2023-01-06 13:01:00,0,0,0,0,0
2023-01-06 13:02:00,0,0,0,0,0
2023-01-06 13:03:00,0,0,0,0,0
2023-01-06 13:04:00,0,0,0,0,0
2023-01-06 13:05:00,0,0,0,0,0
2023-01-06 13:06:00,0,0,0,0,0
2023-01-06 13:07:00,0,0,0,0,0
2023-01-06 13:08:00,0,0,0,0,0
2023-01-06 13:09:00,0,0,0,0,0
2023-01-06 13:10:00,0,0,0,0,0
2023-01-06 13:11:00,0,0,0,0,0
2023-01-06 13:12:00,0,0,0,0,0
2023-01-06 13:13:00,0,0,0,0,0
2023-01-06 13:14:00,0,0,0,0,0
2023-01-06 13:15:00,0,0,0,0,0
2023-01-06 13:16:00,0,0,0,0,0
2023-01-06 13:17:00,0,0,0,0,0
2023-01-06 13:18:00,0,0,0,0,0
2023-01-06 13:19:00,0,0,0,0,0
2023-01-06 13:20:00,0,0,0,0,0
2023-01-06 13:21:00,0,0,0,0,0
2023-01-06 13:22:00,0,0,0,0,0
2023-01-06 13:23:00,0,0,0,0,0
2023-01-06 13:24:00,0,0,0,0,0
2023-01-06 13:25:00,0,0,0,0,0
2023-01-06 13:26:00,0,0,0,0,0
2023-01-06 13:27:00,0,0,0,0,0
2023-01-06 13:28:00,0,0,0,0,0
2023-01-06 13:29:00,0,0,0,0,0
2023-01-06 13:30:00,0,0,0,0,0
2023-01-06 13:31:00,0,0,0,0,0
2023-01-06 13:32:00,0,0,0,0,0
2023-01-06 13:33:00,0,0,0,0,0
2023-01-06 13:34:00,0,0,0,0,0
2023-01-06 13:35:00,0,0,0,0,0
2023-01-06 13:36:00,0,0,0,0,0
2023-01-06 13:37:00,0,0,0,0,0
2023-01-06 13:38:00,0,0,0,0,0
2023-01-06 13:39:00,0,0,0,0,0
2023-01-06 13:40:00,0,0,0,0,0
2023-01-06 13:41:00,790,790,790,790,5300
2023-01-06 13:42:00,0,0,0,0,0
2023-01-06 13:43:00,0,0,0,0,0
2023-01-06 13:44:00,795,795,800,800,3100
2023-01-06 13:45:00,0,0,0,0,0
2023-01-06 13:46:00,800,785,800,785,17500
2023-01-06 13:47:00,0,0,0,0,0
2023-01-06 13:48:00,0,0,0,0,0
2023-01-06 13:49:00,800,800,800,800,0
2023-01-06 13:50:00,0,0,0,0,0
2023-01-06 13:51:00,0,0,0,0,0
2023-01-06 13:52:00,0,0,0,0,0
2023-01-06 13:53:00,0,0,0,0,0
2023-01-06 13:54:00,0,0,0,0,0
2023-01-06 13:55:00,0,0,0,0,0
2023-01-06 13:56:00,0,0,0,0,0
2023-01-06 13:57:00,0,0,0,0,0
2023-01-06 13:58:00,0,0,0,0,0
2023-01-06 13:59:00,0,0,0,0,0
2023-01-06 14:00:00,0,0,0,0,0
2023-01-06 14:01:00,0,0,0,0,0
2023-01-06 14:02:00,0,0,0,0,0
2023-01-06 14:03:00,0,0,0,0,0
2023-01-06 14:04:00,0,0,0,0,0
2023-01-06 14:05:00,800,800,800,800,100
2023-01-06 14:06:00,0,0,0,0,0
2023-01-06 14:07:00,0,0,0,0,0
2023-01-06 14:08:00,0,0,0,0,0
2023-01-06 14:09:00,0,0,0,0,0
2023-01-06 14:10:00,0,0,0,0,0
2023-01-06 14:11:00,0,0,0,0,0
2023-01-06 14:12:00,0,0,0,0,0
2023-01-06 14:13:00,0,0,0,0,0
2023-01-06 14:14:00,0,0,0,0,0
2023-01-06 14:15:00,0,0,0,0,0
2023-01-06 14:16:00,0,0,0,0,0
2023-01-06 14:17:00,0,0,0,0,0
2023-01-06 14:18:00,0,0,0,0,0
2023-01-06 14:19:00,0,0,0,0,0
2023-01-06 14:20:00,0,0,0,0,0
2023-01-06 14:21:00,0,0,0,0,0
2023-01-06 14:22:00,0,0,0,0,0
2023-01-06 14:23:00,0,0,0,0,0
2023-01-06 14:24:00,0,0,0,0,0
2023-01-06 14:25:00,0,0,0,0,0
2023-01-06 14:26:00,0,0,0,0,0
2023-01-06 14:27:00,785,785,785,785,200
2023-01-06 14:28:00,0,0,0,0,0
2023-01-06 14:29:00,0,0,0,0,0
2023-01-06 14:30:00,0,0,0,0,0
2023-01-06 14:31:00,795,795,795,795,100
2023-01-06 14:32:00,795,795,795,795,100
2023-01-06 14:33:00,0,0,0,0,0
2023-01-06 14:34:00,795,795,795,795,0
2023-01-06 14:35:00,0,0,0,0,0
2023-01-06 14:36:00,0,0,0,0,0
2023-01-06 14:37:00,0,0,0,0,0
2023-01-06 14:38:00,0,0,0,0,0
2023-01-06 14:39:00,795,795,795,795,7200
2023-01-06 14:40:00,0,0,0,0,0
2023-01-06 14:41:00,0,0,0,0,0
2023-01-06 14:42:00,0,0,0,0,0
2023-01-06 14:43:00,0,0,0,0,0
2023-01-06 14:44:00,0,0,0,0,0
2023-01-06 14:45:00,800,800,800,800,73300
2023-01-06 14:46:00,0,0,0,0,0
2023-01-06 14:47:00,0,0,0,0,0
2023-01-06 14:48:00,0,0,0,0,0
2023-01-06 14:49:00,800,800,800,800,0
2023-01-06 14:50:00,0,0,0,0,0
2023-01-06 14:51:00,0,0,0,0,0
2023-01-06 14:52:00,0,0,0,0,0
2023-01-06 14:53:00,0,0,0,0,0
2023-01-06 14:54:00,0,0,0,0,0
2023-01-06 14:55:00,0,0,0,0,0
2023-01-06 14:56:00,0,0,0,0,0
2023-01-06 14:57:00,0,0,0,0,0
2023-01-06 14:58:00,0,0,0,0,0
2023-01-06 14:59:00,0,0,0,0,0
2023-01-06 15:00:00,0,0,0,0,0
2023-01-06 15:01:00,0,0,0,0,0
2023-01-06 15:02:00,0,0,0,0,0
2023-01-06 15:03:00,0,0,0,0,0
2023-01-06 15:04:00,0,0,0,0,0
2023-01-06 15:05:00,0,0,0,0,0
2023-01-06 15:06:00,0,0,0,0,0
2023-01-06 15:07:00,0,0,0,0,0
2023-01-06 15:08:00,0,0,0,0,0
2023-01-06 15:09:00,0,0,0,0,0
2023-01-06 15:10:00,0,0,0,0,0
2023-01-06 15:11:00,0,0,0,0,0
2023-01-06 15:12:00,0,0,0,0,0
2023-01-06 15:13:00,0,0,0,0,0
2023-01-06 15:14:00,0,0,0,0,0
2023-01-06 15:15:00,0,0,0,0,0
2023-01-06 15:16:00,0,0,0,0,0
2023-01-06 15:17:00,0,0,0,0,0
2023-01-06 15:18:00,0,0,0,0,0
2023-01-06 15:19:00,0,0,0,0,0
2023-01-06 15:20:00,0,0,0,0,0
2023-01-06 15:21:00,0,0,0,0,0
2023-01-06 15:22:00,0,0,0,0,0
2023-01-06 15:23:00,0,0,0,0,0
2023-01-06 15:24:00,0,0,0,0,0
2023-01-06 15:25:00,0,0,0,0,0
2023-01-06 15:26:00,0,0,0,0,0
2023-01-06 15:27:00,0,0,0,0,0
2023-01-06 15:28:00,0,0,0,0,0
2023-01-06 15:29:00,0,0,0,0,0
2023-01-06 15:30:00,0,0,0,0,0
2023-01-06 15:31:00,0,0,0,0,0
2023-01-06 15:32:00,0,0,0,0,0
2023-01-06 15:33:00,0,0,0,0,0
2023-01-06 15:34:00,0,0,0,0,0
2023-01-06 15:35:00,0,0,0,0,0
2023-01-06 15:36:00,0,0,0,0,0
2023-01-06 15:37:00,0,0,0,0,0
2023-01-06 15:38:00,0,0,0,0,0
2023-01-06 15:39:00,0,0,0,0,0
2023-01-06 15:40:00,0,0,0,0,0
2023-01-06 15:41:00,0,0,0,0,0
2023-01-06 15:42:00,0,0,0,0,0
2023-01-06 15:43:00,0,0,0,0,0
2023-01-06 15:44:00,0,0,0,0,0
2023-01-06 15:45:00,0,0,0,0,0
2023-01-06 15:46:00,0,0,0,0,0
2023-01-06 15:47:00,0,0,0,0,0
2023-01-06 15:48:00,0,0,0,0,0
2023-01-06 15:49:00,0,0,0,0,0
2023-01-06 15:50:00,0,0,0,0,0
2023-01-06 15:51:00,0,0,0,0,0
2023-01-06 15:52:00,0,0,0,0,0
2023-01-06 15:53:00,0,0,0,0,0
2023-01-06 15:54:00,0,0,0,0,0
2023-01-06 15:55:00,0,0,0,0,0
2023-01-06 15:56:00,0,0,0,0,0
2023-01-06 15:57:00,0,0,0,0,0
2023-01-06 15:58:00,0,0,0,0,0
2023-01-06 15:59:00,0,0,0,0,0
